0x401a83,0x28e837c85a83
0x401ea1,0xfdfd3a8c7230
0x401e73,0xfdfd3a8cb3a0
0x401eb9,0xfdfd3a8c6598
0x401da0,0xfdfd3a8c7280
0x401e47,0xfdfd3a8cc1d0
0x401da0,0xfdfd3a8c7a00
0x401ea1,0xfdfd3a8c7cd0
0x401e1b,0xfdfd3a8cd780
0x401ed1,0xfdfd3a8c7c40
0x401804,0xfdfd3a8ce828
0x401e5d,0xfdfd3a8d1378
0x401e47,0xfdfd3a8ccdb0
0x401ea1,0xfdfd3a8d5130
0x401e89,0xfdfd3a8d25c8
0x401ea1,0xfdfd3a8d5270
0x401e31,0xfdfd3a8d3568
0x401705,0x28e837c85705
0x40177c,0xfdfd3a8d4700
0x401d54,0xfdfd3a8d9108
0x401dc9,0xfdfd3a8d0fa8
0x401e5d,0xfdfd3a8d1e18
0x401e89,0xfdfd3a8d2e88
0x401d8b,0xfdfd3a8d2ed8
0x401e47,0xfdfd3a8d6c10
0x401804,0xfdfd3a8d89a8
0x401d8b,0xfdfd3a8dc518
0x401e47,0xfdfd3a8e01b0
0x401804,0xfdfd3a8d8fe8
0x401d35,0xfdfd3a8e10e0
0x401e06,0xfdfd3a8e11b8
0x401e5d,0xfdfd3a8dbdb8
0x401dc9,0x98f5690d5128
0x401dc9,0x98f5690d5268
0x401d54,0xa21321898c8
0x401e06,0xfdfd3a8e1c58
0x401d35,0xfdfd3a8c3120
0x401e5d,0x98f5690d6c18
0x401e31,0x98f5690d89a8
0x401da0,0xfdfd3a8c98e0
0x401dc9,0x98f5690dc528
0x401e31,0x98f5690d8fe8
0x401d54,0xfdfd3a8c47c8
0x401e5d,0xfdfd3a8c6398
0x401e73,0x98f5690d9fa0
0x40185c,0x98f5690dbd80
0x40182a,0x98f5690dbf40
0x401ea1,0xfdfd3a8cc650
0x401e89,0xfdfd3a8c8b88
0x401dc9,0x98f5690e01a8
0x401e31,0x98f5690ddc68
0x401e89,0xfdfd3a8d31c8
0x401e31,0x98f5690e10c8
0x401e47,0x98f5690ded70
0x401cfb,0x98f5690e08f8
0x401cfb,0x98f5690e0998
0x4017d0,0xfdfd3a8d6410
0x401cfb,0x98f5690e0d58
0x40187e,0x98f5690e3100
0x401ed1,0xfdfd3a8d6740
0x401e89,0xfdfd3a8d3d08
0x401e47,0x98f5690e2770
0x401e31,0x98f5690e5108
0x401cfb,0x98f5690e47f8
0x401e06,0xfdfd3a8d9f98
0x401804,0x98f5690e7228
0x40187e,0x98f5690e7280
0x401d8b,0xfdfd3a8ddc58
0x401ed1,0xfdfd3a8e08c0
0x401da0,0xfdfd3a8e09a0
0x401da0,0xfdfd3a8e0d60
0x40187e,0x98f5690e7a00
0x401804,0x98f5690e7cc8
0x40182a,0x98f5690e7c40
0x401dc9,0x98f5690e8b88
0x401da0,0x98f5690da4e0
0x401e31,0x98f5690e98c8
0x401dc9,0x98f5690ec1c8
0x401804,0x98f5690eb3a8
0x40187e,0x98f5690eb540
0x40182a,0x98f5690ebc80
0x401dc9,0x98f5690ecda8
0x401da0,0x98f5690de520
0x401e47,0x98f5690ee830
0x401ed1,0x98f5690debc0
0x401e89,0x98f5690e1188
0x401e31,0x98f5690edfe8
0x401e1b,0xfdfd3a8d0980
0x401dc9,0x98f5690f0988
0x401e31,0x98f5690f13a8
0x401ea1,0x98f5690e23d0
0x40182a,0x98f5690f31c0
0x401cfb,0x98f5690f0f98
0x401e47,0x98f5690f25f0
0x401d8b,0x98f5690e1c78
0x401e31,0x98f5690f1c68
0x401e1b,0xfdfd3a8da4c0
0x401804,0x98f5690f3568
0x401e89,0x98f5690e5308
0x401cfb,0x98f5690f4718
0x401e47,0x98f5690f2eb0
0x40182a,0x98f5690f3d00
0x401d8b,0x98f5690e5718
0x401ed1,0x98f5690e6380
0x401e89,0x98f5690e5a88
0x401da0,0x98f5690e65a0
0x401e47,0x98f5690f6770
0x401e31,0x98f5690f9108
0x401cfb,0x98f5690fc518
0x40182a,0x98f5690fbd80
0x401d8b,0x98f5690ed798
0x401804,0x98f5690fbf48
0x401cfb,0x98f569100198
0x401e31,0x98f5691010e8
0x401e31,0x98f569101188
0x401d8b,0x98f5690f1378
0x401cfb,0x98f5691009b8
0x401cfb,0x98f569100d78
0x401e47,0x98f5691023d0
0x40185c,0x98f569103100
0x401d8b,0x98f5690f1e18
0x401d8b,0x98f5690f5138
0x401ea1,0x98f5690f2ed0
0x401e31,0x98f569105128
0x401d8b,0x98f5690f5278
0x401e31,0x98f569105308
0x401da0,0x98f5690f6420
0x40187e,0x98f569107200
0x40185c,0x98f569107280
0x401e31,0x98f569105a88
0x401ed1,0x98f5690f6c00
0x40185c,0x98f569107a00
0x401804,0x98f569107c48
0x401804,0x98f569107ce8
0x401dc9,0x98f569108ba8
0x401ed1,0x98f5690fa4c0
0x401e31,0x98f5691098e8
0x40187e,0x98f56910b380
0x401dc9,0x98f56910c1e8
0x40185c,0x98f56910b540
0x401e89,0x98f5690f9f88
0x401e1b,0x98f5690ec640
0x401dc9,0x98f56910c648
0x401804,0x98f56910bc88
0x401cfb,0x98f56910cd98
0x401ed1,0x98f5690fe500
0x401d8b,0x98f5690fdc58
0x401ea1,0x98f5690febd0
0x401da0,0x98f5690fed60
0x401dc9,0x98f5691109a8
0x401804,0x98f5691131c8
0x401cfb,0x98f569110fb8
0x401e89,0x98f569101c48
0x401da0,0x98f569102760
0x40187e,0x98f569113540
0x401cfb,0x98f569114738
0x401e47,0x98f569112ed0
0x401804,0x98f569113d08
0x401ea1,0x98f569106390
0x401d8b,0x98f569105738
0x401e1b,0x98f5690f4f80
0x401ed1,0x98f569106580
0x401dc9,0x98f569114f88
0x401e31,0x98f569119128
0x401e1b,0x98f5690f8980
0x401dc9,0x98f569118988
0x401e1b,0x98f5690f8fc0
0x401dc9,0x98f569118fc8
0x401cfb,0x98f56911c538
0x401e31,0x98f569119f88
0x401804,0x98f56911bd88
0x401d8b,0x98f56910d7b8
0x401804,0x98f56911bf68
0x401da0,0x98f56910e820
0x401cfb,0x98f5691201b8
0x401d8b,0x98f56910dfd8
0x401796,0x98f56911ebd0
0x401748,0x98f5691008c0
0x401e89,0x98f569111348
0x401e31,0x98f5691211a8
0x401dc9,0x98f5691208c8
0x401d8b,0x98f569111398
0x401e47,0x98f5691223f0
0x401da0,0x98f5691125e0
0x40182a,0x98f569123100
0x401d8b,0x98f569111c58
0x401e31,0x98f569121c48
0x401d8b,0x98f569111e38
0x401e89,0x98f569115108
0x401e1b,0x98f5691047c0
0x401e89,0x98f569115248
0x401dc9,0x98f5691247c8
0x401da0,0x98f569112ea0
0x401e31,0x98f569125328
0x401ed1,0x98f569116400
0x401e47,0x98f569126390
0x401da0,0x98f569116760
0x40185c,0x98f569127200
0x401e31,0x98f569125aa8
0x40182a,0x98f569127280
0x401ea1,0x98f569116c10
0x40182a,0x98f569127a00
0x401804,0x98f569127c68
0x40187e,0x98f569127cc0
0x401cfb,0x98f569128b98
0x401ea1,0x98f56911a4d0
0x40185c,0x98f56912b380
0x401cfb,0x98f56912c1d8
0x40182a,0x98f56912b540
0x401dc9,0x98f56912c668
0x401804,0x98f56912bca8
0x401ea1,0x98f56911e510
0x401cfb,0x98f56912cdb8
0x401d8b,0x98f56911dc78
0x401d8b,0x98f5691210d8
0x401ed1,0x98f56911ed40
0x401e31,0x98f569131348
0x401cfb,0x98f569130998
0x401804,0x98f5691331e8
0x401ed1,0x98f569122740
0x40185c,0x98f569133540
0x401d8b,0x98f569125118
0x401e31,0x98f569135108
0x401e31,0x98f569135248
0x401e47,0x98f569132ef0
0x401804,0x98f569133d28
0x401e89,0x98f569125708
0x401ea1,0x98f569126590
0x401dc9,0x98f569134fa8
0x401e47,0x98f569136c10
0x401dc9,0x98f5691389a8
0x401d8b,0x98f5691298d8
0x401e47,0x98f56913a4d0
0x401dc9,0x98f569138fe8
0x401e31,0x98f569139fa8
0x401804,0x98f56913bda8
0x401e89,0x98f56912d788
0x40187e,0x98f56913bf40
0x401e47,0x98f56913e510
0x401ed1,0x98f56912e800
0x401d8b,0x98f56912dff8
0x401e47,0x98f56913ebf0
0x401e1b,0x98f569120980
0x401d8b,0x98f5691313b8
0x401dc9,0x98f5691408e8
0x401dc9,0x98f569140988
0x401e1b,0x98f569120d40
0x401dc9,0x98f569140d48
0x401804,0x98f569143108
0x401ed1,0x98f5691325c0
0x401d8b,0x98f569131c78
0x401e89,0x98f569131e08
0x401e31,0x98f569141c68
0x401dc9,0x98f5691447e8
0x401ed1,0x98f569132e80
0x401ea1,0x98f569136410
0x401e31,0x98f569145708
0x401e47,0x98f5691463b0
0x401e47,0x98f569146590
0x401804,0x98f569147288
0x40182a,0x98f569147200
0x401ed1,0x98f569136740
0x401d8b,0x98f569139118
0x401804,0x98f569147a08
0x40187e,0x98f569147c40
0x40185c,0x98f569147cc0
0x401cfb,0x98f569148bb8
0x40182a,0x98f56914b380
0x401cfb,0x98f56914c1f8
0x401804,0x98f56914b548
0x401cfb,0x98f56914c658
0x40187e,0x98f56914bc80
0x401e31,0x98f56914d788
0x401e89,0x98f56913dc48
0x401ea1,0x98f56913ed50
0x401d8b,0x98f5691410f8
0x401d8b,0x98f569141198
0x401e31,0x98f569151368
0x401cfb,0x98f5691509b8
0x401da0,0x98f5691423e0
0x401e1b,0x98f569130f80
0x401dc9,0x98f569150f88
0x401ea1,0x98f569142750
0x40187e,0x98f5691531c0
0x40182a,0x98f569153540
0x401e31,0x98f569151e08
0x401e1b,0x98f569134700
0x401d8b,0x98f569145138
0x401dc9,0x98f569154708
0x401e31,0x98f569155128
0x401d8b,0x98f569145318
0x401e31,0x98f569155268
0x40187e,0x98f569153d00
0x401e47,0x98f569156410
0x401d8b,0x98f569145a98
0x401cfb,0x98f569154f98
0x401e47,0x98f569156c30
0x401cfb,0x98f569158998
0x401d8b,0x98f5691498f8
0x401e47,0x98f56915a4f0
0x401cfb,0x98f569158fd8
0x401e1b,0x98f56913c500
0x401dc9,0x98f56915c508
0x40187e,0x98f56915bd80
0x40185c,0x98f56915bf40
0x401e47,0x98f56915e530
0x401e1b,0x98f569140180
0x4017d0,0x98f56914e810
0x401dc9,0x98f569160188
0x401e31,0x98f56915dc48
0x401e89,0x98f56914dfc8
0x401e89,0x98f569151388
0x401e47,0x98f56915ed50
0x401dc9,0x98f5691609a8
0x401cfb,0x98f5691608d8
0x401dc9,0x98f569160d68
0x401ea1,0x98f5691525d0
0x401804,0x98f569163128
0x401e89,0x98f569151c48
0x401e47,0x98f569162750
0x401ea1,0x98f569152e90
0x401da0,0x98f569152ee0
0x401cfb,0x98f5691647d8
0x401e31,0x98f569165728
0x401ea1,0x98f569156750
0x401804,0x98f569167208
0x401e47,0x98f5691665b0
0x401804,0x98f5691672a8
0x401d8b,0x98f569159138
0x401804,0x98f569167a28
0x401861,0x98f569167c48
0x40182a,0x98f569167cc0
0x401804,0x98f56916b388
0x401804,0x98f56916b568
0x401d8b,0x98f569159f98
0x401cfb,0x98f56916c678
0x40185c,0x98f56916bc80
0x401e1b,0x98f56914cd80
0x401dc9,0x98f56916cd88
0x401e31,0x98f56916d7a8
0x401e47,0x98f56916e810
0x401e89,0x98f5691610c8
0x401da0,0x98f56915ebe0
0x401e31,0x98f56916dfc8
0x401d8b,0x98f5691611b8
0x401e31,0x98f569171388
0x401ed1,0x98f5691623c0
0x401dc9,0x98f569170fa8
0x40185c,0x98f5691731c0
0x401e47,0x98f5691725d0
0x401d8b,0x98f569161c58
0x401e31,0x98f569171c48
0x401804,0x98f569173548
0x401e31,0x98f569171e28
0x401e89,0x98f569165108
0x401dc9,0x98f569174728
0x401d8b,0x98f569165338
0x401e47,0x98f569172e90
0x40185c,0x98f569173d00
0x401da0,0x98f5691663a0
0x401e47,0x98f569176430
0x401d8b,0x98f569165ab8
0x401cfb,0x98f569174fb8
0x401e47,0x98f569176750
0x401cfb,0x98f5691789b8
0x401e89,0x98f5691698c8
0x401cfb,0x98f569178ff8
0x401dc9,0x98f56917c528
0x40185c,0x98f56917bd80
0x40182a,0x98f56917bf40
0x401dc9,0x98f5691801a8
0x401e31,0x98f56917dc68
0x401e31,0x98f5691810c8
0x401e47,0x98f56917ed70
0x401d8b,0x98f569171358
0x401cfb,0x98f5691808f8
0x401cfb,0x98f569180998
0x401cfb,0x98f569180d58
0x40187e,0x98f569183100
0x401e47,0x98f569182770
0x401d8b,0x98f569175118
0x401d8b,0x98f569175258
0x401e31,0x98f569185108
0x401ed1,0x98f569172ec0
0x401cfb,0x98f5691847f8
0x401804,0x98f569187228
0x40187e,0x98f569187280
0x401da0,0x98f569176c20
0x401e89,0x98f569179108
0x40187e,0x98f569187a00
0x401e1b,0x98f569168b80
0x40182a,0x98f569187c40
0x401804,0x98f569187cc8
0x401dc9,0x98f569188b88
0x401da0,0x98f56917a4e0
0x401e31,0x98f5691898c8
0x401e1b,0x98f56916c1c0
0x401dc9,0x98f56918c1c8
0x401804,0x98f56918b3a8
0x40187e,0x98f56918b540
0x401d8b,0x98f569179fb8
0x401705,0x98f56918bc80
0x401dc9,0x98f56918cda8
0x401da0,0x98f56917e520
0x401e47,0x98f56918e830
0x401ed1,0x98f56917ebc0
0x401e89,0x98f569181188
0x401e31,0x98f56918dfe8
0x401e1b,0x98f569170980
0x401dc9,0x98f569190988
0x401e31,0x98f5691913a8
0x401ea1,0x98f5691823d0
0x401cfb,0x98f569190f98
0x401e47,0x98f5691925f0
0x40182a,0x98f5691931c0
0x401d8b,0x98f569181c78
0x401e31,0x98f569191c68
0x401804,0x98f569193568
0x401e89,0x98f569185308
0x401cfb,0x98f569194718
0x401e47,0x98f569192eb0
0x40182a,0x98f569193d00
0x401d8b,0x98f569185718
0x401ed1,0x98f569186380
0x401e89,0x98f569185a88
0x401da0,0x98f5691865a0
0x401e47,0x98f569196770
0x401e31,0x98f569199108
0x401cfb,0x98f56919c518
0x40182a,0x98f56919bd80
0x401d8b,0x98f56918d798
0x401804,0x98f56919bf48
0x401cfb,0x98f5691a0198
0x401e31,0x98f5691a10e8
0x401e31,0x98f5691a1188
0x401d8b,0x98f569191378
0x401cfb,0x98f5691a09b8
0x401cfb,0x98f5691a0d78
0x401e47,0x98f5691a23d0
0x40185c,0x98f5691a3100
0x401d8b,0x98f569191e18
0x401d8b,0x98f569195138
0x401ea1,0x98f569192ed0
0x401e31,0x98f5691a5128
0x401d8b,0x98f569195278
0x401e31,0x98f5691a5308
0x401da0,0x98f569196420
0x40187e,0x98f5691a7200
0x40185c,0x98f5691a7280
0x401e31,0x98f5691a5a88
0x401ed1,0x98f569196c00
0x40185c,0x98f5691a7a00
0x401804,0x98f5691a7c48
0x401804,0x98f5691a7ce8
0x401dc9,0x98f5691a8ba8
0x401ed1,0x98f56919a4c0
0x401e31,0x98f5691a98e8
0x40187e,0x98f5691ab380
0x401dc9,0x98f5691ac1e8
0x40185c,0x98f5691ab540
0x401e89,0x98f569199f88
0x401e1b,0x98f56918c640
0x401dc9,0x98f5691ac648
0x401804,0x98f5691abc88
0x401cfb,0x98f5691acd98
0x401ed1,0x98f56919e500
0x401d8b,0x98f56919dc58
0x401ea1,0x98f56919ebd0
0x401da0,0x98f56919ed60
0x401dc9,0x98f5691b09a8
0x401804,0x98f5691b31c8
0x401cfb,0x98f5691b0fb8
0x401e89,0x98f5691a1c48
0x401da0,0x98f5691a2760
0x40187e,0x98f5691b3540
0x401cfb,0x98f5691b4738
0x401e47,0x98f5691b2ed0
0x401804,0x98f5691b3d08
0x401ea1,0x98f5691a6390
0x401d8b,0x98f5691a5738
0x401e1b,0x98f569194f80
0x401ed1,0x98f5691a6580
0x401dc9,0x98f5691b4f88
0x401e31,0x98f5691b9128
0x401e1b,0x98f569198980
0x401dc9,0x98f5691b8988
0x401e1b,0x98f569198fc0
0x401dc9,0x98f5691b8fc8
0x401cfb,0x98f5691bc538
0x401e31,0x98f5691b9f88
0x401804,0x98f5691bbd88
0x401d8b,0x98f5691ad7b8
0x401804,0x98f5691bbf68
0x401da0,0x98f5691ae820
0x401cfb,0x98f5691c01b8
0x401d8b,0x98f5691adfd8
0x401e47,0x98f5691bebd0
0x401e1b,0x98f5691a08c0
0x401e89,0x98f5691b1348
0x401e31,0x98f5691c11a8
0x401dc9,0x98f5691c08c8
0x401d8b,0x98f5691b1398
0x401e47,0x98f5691c23f0
0x401da0,0x98f5691b25e0
0x40182a,0x98f5691c3100
0x401d8b,0x98f5691b1c58
0x401e31,0x98f5691c1c48
0x401d8b,0x98f5691b1e38
0x401e89,0x98f5691b5108
0x401e1b,0x98f5691a47c0
0x401e89,0x98f5691b5248
0x401dc9,0x98f5691c47c8
0x401da0,0x98f5691b2ea0
0x401e31,0x98f5691c5328
0x401ed1,0x98f5691b6400
0x401e47,0x98f5691c6390
0x401da0,0x98f5691b6760
0x40185c,0x98f5691c7200
0x40182a,0x98f5691c7280
0x401e31,0x98f5691c5aa8
0x401ea1,0x98f5691b6c10
0x40182a,0x98f5691c7a00
0x401804,0x98f5691c7c68
0x40187e,0x98f5691c7cc0
0x401cfb,0x98f5691c8b98
0x401ea1,0x98f5691ba4d0
0x40185c,0x98f5691cb380
0x401cfb,0x98f5691cc1d8
0x40182a,0x98f5691cb540
0x40176f,0x98f5691cc668
0x401804,0x98f5691cbca8
0x401ea1,0x98f5691be510
0x401cfb,0x98f5691ccdb8
0x401d8b,0x98f5691bdc78
0x401d8b,0x98f5691c10d8
0x401ed1,0x98f5691bed40
0x401e31,0x98f5691d1348
0x401cfb,0x98f5691d0998
0x401804,0x98f5691d31e8
0x401ed1,0x98f5691c2740
0x401861,0x98f5691d3548
0x401d8b,0x98f5691c5118
0x401e31,0x98f5691d5108
0x401e31,0x98f5691d5248
0x401e47,0x98f5691d2ef0
0x401804,0x98f5691d3d28
0x401e89,0x98f5691c5708
0x401ea1,0x98f5691c6590
0x401dc9,0x98f5691d4fa8
0x401e47,0x98f5691d6c10
0x401dc9,0x98f5691d89a8
0x401d8b,0x98f5691c98d8
0x401e47,0x98f5691da4d0
0x401dc9,0x98f5691d8fe8
0x401e31,0x98f5691d9fa8
0x401804,0x98f5691dbda8
0x401e89,0x98f5691cd788
0x40187e,0x98f5691dbf40
0x401e47,0x98f5691de510
0x401ed1,0x98f5691ce800
0x401d8b,0x98f5691cdff8
0x401e47,0x98f5691debf0
0x401e1b,0x98f5691c0980
0x401d8b,0x98f5691d13b8
0x401dc9,0x98f5691e08e8
0x401dc9,0x98f5691e0988
0x401e1b,0x98f5691c0d40
0x401dc9,0x98f5691e0d48
0x401804,0x98f5691e3108
0x401ed1,0x98f5691d25c0
0x401d8b,0x98f5691d1c78
0x401e89,0x98f5691d1e08
0x401e31,0x98f5691e1c68
0x401dc9,0x98f5691e47e8
0x401ed1,0x98f5691d2e80
0x401ea1,0x98f5691d6410
0x401e31,0x98f5691e5708
0x401e47,0x98f5691e63b0
0x401e47,0x98f5691e6590
0x401804,0x98f5691e7288
0x40182a,0x98f5691e7200
0x401ed1,0x98f5691d6740
0x401d8b,0x98f5691d9118
0x401804,0x98f5691e7a08
0x40187e,0x98f5691e7c40
0x40185c,0x98f5691e7cc0
0x401cfb,0x98f5691e8bb8
0x401705,0x98f5691eb380
0x401804,0x98f5691eb548
0x40170a,0x98f5691ec1f8
0x401cfb,0x98f5691ec658
0x40187e,0x98f5691ebc80
0x401e31,0x98f5691ed788
0x401e89,0x98f5691ddc48
0x401ea1,0x98f5691ded50
0x401d8b,0x98f5691e10f8
0x401d8b,0x98f5691e1198
0x401e31,0x98f5691f1368
0x401cfb,0x98f5691f09b8
0x401da0,0x98f5691e23e0
0x401e1b,0x98f5691d0f80
0x401dc9,0x98f5691f0f88
0x401ea1,0x98f5691e2750
0x40187e,0x98f5691f31c0
0x40182a,0x98f5691f3540
0x401e31,0x98f5691f1e08
0x401e1b,0x98f5691d4700
0x401d8b,0x98f5691e5138
0x401dc9,0x98f5691f4708
0x401e31,0x98f5691f5128
0x401d8b,0x98f5691e5318
0x401e31,0x98f5691f5268
0x40187e,0x98f5691f3d00
0x401e47,0x98f5691f6410
0x401d8b,0x98f5691e5a98
0x401cfb,0x98f5691f4f98
0x401e47,0x98f5691f6c30
0x401cfb,0x98f5691f8998
0x401d8b,0x98f5691e98f8
0x401e47,0x98f5691fa4f0
0x401cfb,0x98f5691f8fd8
0x401e1b,0x98f5691dc500
0x401dc9,0x98f5691fc508
0x40187e,0x98f5691fbd80
0x40185c,0x98f5691fbf40
0x401e47,0x98f5691fe530
0x401e1b,0x98f5691e0180
0x401ea1,0x98f5691ee810
0x401dc9,0x98f569200188
0x401e31,0x98f5691fdc48
0x401e89,0x98f5691edfc8
0x401e89,0x98f5691f1388
0x401e47,0x98f5691fed50
0x401cfb,0x98f5692008d8
0x401dc9,0x98f5692009a8
0x401dc9,0x98f569200d68
0x401ea1,0x98f5691f25d0
0x401804,0x98f569203128
0x401e89,0x98f5691f1c48
0x401e47,0x98f569202750
0x401ea1,0x98f5691f2e90
0x401da0,0x98f5691f2ee0
0x401cfb,0x98f5692047d8
0x401e31,0x98f569205728
0x401ea1,0x98f5691f6750
0x401804,0x98f569207208
0x401e47,0x98f5692065b0
0x401804,0x98f5692072a8
0x401d8b,0x98f5691f9138
0x401804,0x98f569207a28
0x40185c,0x98f569207c40
0x40182a,0x98f569207cc0
0x401804,0x98f56920b388
0x401804,0x98f56920b568
0x401d8b,0x98f5691f9f98
0x401cfb,0x98f56920c678
0x401861,0x98f56920bc88
0x401e1b,0x98f5691ecd80
0x401dc9,0x98f56920cd88
0x401e31,0x98f56920d7a8
0x401e47,0x98f56920e810
0x401e89,0x98f5692010c8
0x401da0,0x98f5691febe0
0x401e31,0x98f56920dfc8
0x401d8b,0x98f5692011b8
0x401e31,0x98f569211388
0x401ed1,0x98f5692023c0
0x401dc9,0x98f569210fa8
0x40185c,0x98f5692131c0
0x401e47,0x98f5692125d0
0x401d8b,0x98f569201c58
0x401e31,0x98f569211c48
0x401804,0x98f569213548
0x401e31,0x98f569211e28
0x401e89,0x98f569205108
0x401dc9,0x98f569214728
0x401d8b,0x98f569205338
0x401e47,0x98f569212e90
0x40185c,0x98f569213d00
0x401da0,0x98f5692063a0
0x401e47,0x98f569216430
0x401d8b,0x98f569205ab8
0x401cfb,0x98f569214fb8
0x401e47,0x98f569216750
0x401cfb,0x98f5692189b8
0x401e89,0x98f5692098c8
0x401cfb,0x98f569218ff8
0x401dc9,0x98f56921c528
0x40185c,0x98f56921bd80
0x40182a,0x98f56921bf40
0x401dc9,0x98f5692201a8
0x401e31,0x98f56921dc68
0x401e31,0x98f5692210c8
0x401e47,0x98f56921ed70
0x401d8b,0x98f569211358
0x401cfb,0x98f5692208f8
0x401cfb,0x98f569220998
0x401cfb,0x98f569220d58
0x40187e,0x98f569223100
0x401e47,0x98f569222770
0x401d8b,0x98f569215118
0x401d8b,0x98f569215258
0x401e31,0x98f569225108
0x401ed1,0x98f569212ec0
0x401cfb,0x98f5692247f8
0x401804,0x98f569227228
0x40187e,0x98f569227280
0x401da0,0x98f569216c20
0x401e89,0x98f569219108
0x40187e,0x98f569227a00
0x401e1b,0x98f569208b80
0x401804,0x98f569227cc8
0x40182a,0x98f569227c40
0x401dc9,0x98f569228b88
0x401da0,0x98f56921a4e0
0x401e31,0x98f5692298c8
0x401e1b,0x98f56920c1c0
0x401804,0x98f56922b3a8
0x401dc9,0x98f56922c1c8
0x40187e,0x98f56922b540
0x401d8b,0x98f569219fb8
0x40182a,0x98f56922bc80
0x401dc9,0x98f56922cda8
0x401da0,0x98f56921e520
0x401e47,0x98f56922e830
0x401ed1,0x98f56921ebc0
0x401e89,0x98f569221188
0x401e31,0x98f56922dfe8
0x401e1b,0x98f569210980
0x401dc9,0x98f569230988
0x401e31,0x98f5692313a8
0x401ea1,0x98f5692223d0
0x40182a,0x98f5692331c0
0x401cfb,0x98f569230f98
0x401e47,0x98f5692325f0
0x401d8b,0x98f569221c78
0x401e31,0x98f569231c68
0x401804,0x98f569233568
0x401e89,0x98f569225308
0x401cfb,0x98f569234718
0x401e47,0x98f569232eb0
0x40182a,0x98f569233d00
0x401d8b,0x98f569225718
0x401ed1,0x98f569226380
0x401da0,0x98f5692265a0
0x401e89,0x98f569225a88
0x401e47,0x98f569236770
0x401e31,0x98f569239108
0x401cfb,0x98f56923c518
0x40182a,0x98f56923bd80
0x401d8b,0x98f56922d798
0x401804,0x98f56923bf48
0x401cfb,0x98f569240198
0x401e31,0x98f5692410e8
0x401e31,0x98f569241188
0x401d8b,0x98f569231378
0x401cfb,0x98f5692409b8
0x401cfb,0x98f569240d78
0x401e47,0x98f5692423d0
0x40185c,0x98f569243100
0x401d8b,0x98f569231e18
0x401d8b,0x98f569235138
0x401ea1,0x98f569232ed0
0x401e31,0x98f569245128
0x401d8b,0x98f569235278
0x401e31,0x98f569245308
0x401da0,0x98f569236420
0x40187e,0x98f569247200
0x40185c,0x98f569247280
0x401e31,0x98f569245a88
0x401ed1,0x98f569236c00
0x40185c,0x98f569247a00
0x401804,0x98f569247c48
0x401804,0x98f569247ce8
0x401dc9,0x98f569248ba8
0x401ed1,0x98f56923a4c0
0x401e31,0x98f5692498e8
0x40187e,0x98f56924b380
0x401dc9,0x98f56924c1e8
0x40185c,0x98f56924b540
0x401e89,0x98f569239f88
0x401e1b,0x98f56922c640
0x401dc9,0x98f56924c648
0x401804,0x98f56924bc88
0x401cfb,0x98f56924cd98
0x401ed1,0x98f56923e500
0x401d8b,0x98f56923dc58
0x401ea1,0x98f56923ebd0
0x401da0,0x98f56923ed60
0x401dc9,0x98f5692509a8
0x401804,0x98f5692531c8
0x401cfb,0x98f569250fb8
0x401e89,0x98f569241c48
0x401da0,0x98f569242760
0x40187e,0x98f569253540
0x401cfb,0x98f569254738
0x401e47,0x98f569252ed0
0x401804,0x98f569253d08
0x401ea1,0x98f569246390
0x401d8b,0x98f569245738
0x401e1b,0x98f569234f80
0x401ed1,0x98f569246580
0x401dc9,0x98f569254f88
0x401e31,0x98f569259128
0x401e1b,0x98f569238980
0x401dc9,0x98f569258988
0x401e1b,0x98f569238fc0
0x401dc9,0x98f569258fc8
0x401cfb,0x98f56925c538
0x401e31,0x98f569259f88
0x401804,0x98f56925bd88
0x401d8b,0x98f56924d7b8
0x401804,0x98f56925bf68
0x401da0,0x98f56924e820
0x401cfb,0x98f5692601b8
0x401d8b,0x98f56924dfd8
0x401e47,0x98f56925ebd0
0x401e1b,0x98f5692408c0
0x401e89,0x98f569251348
0x401e31,0x98f5692611a8
0x401d8b,0x98f569251398
0x401dc9,0x98f5692608c8
0x401e47,0x98f5692623f0
0x401da0,0x98f5692525e0
0x40182a,0x98f569263100
0x401d8b,0x98f569251c58
0x401e31,0x98f569261c48
0x401d8b,0x98f569251e38
0x401e89,0x98f569255108
0x401e1b,0x98f5692447c0
0x401e89,0x98f569255248
0x401dc9,0x98f5692647c8
0x401da0,0x98f569252ea0
0x401e31,0x98f569265328
0x401ed1,0x98f569256400
0x401e47,0x98f569266390
0x40185c,0x98f569267200
0x401da0,0x98f569256760
0x40182a,0x98f569267280
0x401e31,0x98f569265aa8
0x401ea1,0x98f569256c10
0x40182a,0x98f569267a00
0x401804,0x98f569267c68
0x40187e,0x98f569267cc0
0x401cfb,0x98f569268b98
0x401ea1,0x98f56925a4d0
0x40185c,0x98f56926b380
0x401cfb,0x98f56926c1d8
0x40182a,0x98f56926b540
0x401dc9,0x98f56926c668
0x401804,0x98f56926bca8
0x401ea1,0x98f56925e510
0x401cfb,0x98f56926cdb8
0x401d8b,0x98f56925dc78
0x401d8b,0x98f5692610d8
0x401ed1,0x98f56925ed40
0x401e31,0x98f569271348
0x401cfb,0x98f569270998
0x401804,0x98f5692731e8
0x401ed1,0x98f569262740
0x40185c,0x98f569273540
0x401d8b,0x98f569265118
0x401e31,0x98f569275108
0x401e31,0x98f569275248
0x401e47,0x98f569272ef0
0x401804,0x98f569273d28
0x401e89,0x98f569265708
0x401ea1,0x98f569266590
0x401dc9,0x98f569274fa8
0x401e47,0x98f569276c10
0x401dc9,0x98f5692789a8
0x401d8b,0x98f5692698d8
0x401e47,0x98f56927a4d0
0x401dc9,0x98f569278fe8
0x401e31,0x98f569279fa8
0x401804,0x98f56927bda8
0x401e89,0x98f56926d788
0x40187e,0x98f56927bf40
0x401e47,0x98f56927e510
0x401ed1,0x98f56926e800
0x401d8b,0x98f56926dff8
0x401e47,0x98f56927ebf0
0x401e1b,0x98f569260980
0x401d8b,0x98f5692713b8
0x401dc9,0x98f5692808e8
0x401dc9,0x98f569280988
0x401e1b,0x98f569260d40
0x401dc9,0x98f569280d48
0x401804,0x98f569283108
0x401ed1,0x98f5692725c0
0x401d8b,0x98f569271c78
0x401e89,0x98f569271e08
0x401e31,0x98f569281c68
0x401dc9,0x98f5692847e8
0x401ed1,0x98f569272e80
0x401ea1,0x98f569276410
0x401e31,0x98f569285708
0x401e47,0x98f5692863b0
0x401e47,0x98f569286590
0x401804,0x98f569287288
0x40182a,0x98f569287200
0x401ed1,0x98f569276740
0x401d8b,0x98f569279118
0x401804,0x98f569287a08
0x40187e,0x98f569287c40
0x40185c,0x98f569287cc0
0x401cfb,0x98f569288bb8
0x40182a,0x98f56928b380
0x401cfb,0x98f56928c1f8
0x401804,0x98f56928b548
0x401cfb,0x98f56928c658
0x40187e,0x98f56928bc80
0x401e31,0x98f56928d788
0x401e89,0x98f56927dc48
0x401ea1,0x98f56927ed50
0x401d8b,0x98f5692810f8
0x401d8b,0x98f569281198
0x401e31,0x98f569291368
0x401cfb,0x98f5692909b8
0x401da0,0x98f5692823e0
0x401e1b,0x98f569270f80
0x401dc9,0x98f569290f88
0x401ea1,0x98f569282750
0x40187e,0x98f5692931c0
0x40182a,0x98f569293540
0x401e31,0x98f569291e08
0x401e1b,0x98f569274700
0x401d8b,0x98f569285138
0x401dc9,0x98f569294708
0x401e31,0x98f569295128
0x401d8b,0x98f569285318
0x401e31,0x98f569295268
0x40187e,0x98f569293d00
0x401e47,0x98f569296410
0x401d8b,0x98f569285a98
0x401cfb,0x98f569294f98
0x401e47,0x98f569296c30
0x401cfb,0x98f569298998
0x401d8b,0x98f5692898f8
0x401e47,0x98f56929a4f0
0x401cfb,0x98f569298fd8
0x401e1b,0x98f56927c500
0x401dc9,0x98f56929c508
0x40187e,0x98f56929bd80
0x40185c,0x98f56929bf40
0x401e47,0x98f56929e530
0x401e1b,0x98f569280180
0x401ea1,0x98f56928e810
0x401dc9,0x98f5692a0188
0x401e31,0x98f56929dc48
0x401e89,0x98f56928dfc8
0x401e89,0x98f569291388
0x401e47,0x98f56929ed50
0x401cfb,0x98f5692a08d8
0x401dc9,0x98f5692a09a8
0x401dc9,0x98f5692a0d68
0x401ea1,0x98f5692925d0
0x401804,0x98f5692a3128
0x401e89,0x98f569291c48
0x401e47,0x98f5692a2750
0x401ea1,0x98f569292e90
0x401da0,0x98f569292ee0
0x401cfb,0x98f5692a47d8
0x401e31,0x98f5692a5728
0x401ea1,0x98f569296750
0x401804,0x98f5692a7208
0x401804,0x98f5692a72a8
0x401e47,0x98f5692a65b0
0x401d8b,0x98f569299138
0x401804,0x98f5692a7a28
0x40185c,0x98f5692a7c40
0x40182a,0x98f5692a7cc0
0x401804,0x98f5692ab388
0x401804,0x98f5692ab568
0x401d8b,0x98f569299f98
0x401cfb,0x98f5692ac678
0x40185c,0x98f5692abc80
0x401e1b,0x98f56928cd80
0x401dc9,0x98f5692acd88
0x401e31,0x98f5692ad7a8
0x401e47,0x98f5692ae810
0x401e89,0x98f5692a10c8
0x401da0,0x98f56929ebe0
0x401e31,0x98f5692adfc8
0x401d8b,0x98f5692a11b8
0x401e31,0x98f5692b1388
0x401ed1,0x98f5692a23c0
0x401dc9,0x98f5692b0fa8
0x40185c,0x98f5692b31c0
0x401e47,0x98f5692b25d0
0x401d8b,0x98f5692a1c58
0x401e31,0x98f5692b1c48
0x401804,0x98f5692b3548
0x401e31,0x98f5692b1e28
0x401e89,0x98f5692a5108
0x401dc9,0x98f5692b4728
0x401d8b,0x98f5692a5338
0x401e47,0x98f5692b2e90
0x40185c,0x98f5692b3d00
0x401da0,0x98f5692a63a0
0x401e47,0x98f5692b6430
0x40173b,0x98f5692a5ab8
0x401cfb,0x98f5692b4fb8
0x401e47,0x98f5692b6750
0x401cfb,0x98f5692b89b8
0x401e89,0x98f5692a98c8
0x401cfb,0x98f5692b8ff8
0x401dc9,0x98f5692bc528
0x40185c,0x98f5692bbd80
0x40182a,0x98f5692bbf40
0x401dc9,0x98f5692c01a8
0x401e31,0x98f5692bdc68
0x401e31,0x98f5692c10c8
0x401e47,0x98f5692bed70
0x401d8b,0x98f5692b1358
0x401cfb,0x98f5692c08f8
0x401cfb,0x98f5692c0998
0x401cfb,0x98f5692c0d58
0x40187e,0x98f5692c3100
0x401e47,0x98f5692c2770
0x401d8b,0x98f5692b5118
0x401d8b,0x98f5692b5258
0x401e31,0x98f5692c5108
0x401ed1,0x98f5692b2ec0
0x401cfb,0x98f5692c47f8
0x401804,0x98f5692c7228
0x40187e,0x98f5692c7280
0x401e89,0x98f5692b9108
0x401da0,0x98f5692b6c20
0x40187e,0x98f5692c7a00
0x401e1b,0x98f5692a8b80
0x401804,0x98f5692c7cc8
0x40182a,0x98f5692c7c40
0x401dc9,0x98f5692c8b88
0x401da0,0x98f5692ba4e0
0x401e31,0x98f5692c98c8
0x401e1b,0x98f5692ac1c0
0x401dc9,0x98f5692cc1c8
0x401804,0x98f5692cb3a8
0x40187e,0x98f5692cb540
0x401d8b,0x98f5692b9fb8
0x40182a,0x98f5692cbc80
0x401dc9,0x98f5692ccda8
0x401da0,0x98f5692be520
0x401e47,0x98f5692ce830
0x401ed1,0x98f5692bebc0
0x401e89,0x98f5692c1188
0x401e31,0x98f5692cdfe8
0x401e1b,0x98f5692b0980
0x401dc9,0x98f5692d0988
0x401e31,0x98f5692d13a8
0x401ea1,0x98f5692c23d0
0x401cfb,0x98f5692d0f98
0x40182a,0x98f5692d31c0
0x401e47,0x98f5692d25f0
0x401d8b,0x98f5692c1c78
0x401e31,0x98f5692d1c68
0x401804,0x98f5692d3568
0x401e89,0x98f5692c5308
0x401cfb,0x98f5692d4718
0x401e47,0x98f5692d2eb0
0x401705,0x98f5692d3d00
0x40173b,0x98f5692c5718
0x4017b0,0x98f5692c6380
0x401e89,0x98f5692c5a88
0x401da0,0x98f5692c65a0
0x401cfb,0x8ad3301c01b8
0x401e47,0x8ad3301bebd0
0x401e31,0x8ad3301c11a8
0x401dc9,0x8ad3301c08c8
0x401e47,0x8ad3301c23f0
0x40182a,0x8ad3301c3100
0x401e31,0x8ad3301c1c48
0x401dc9,0x8ad3301c47c8
0x401e31,0x8ad3301c5328
0x401d8b,0x98f5692cd798
0x401e47,0x8ad3301c6390
0x40185c,0x8ad3301c7200
0x40182a,0x8ad3301c7280
0x401e31,0x8ad3301c5aa8
0x40182a,0x8ad3301c7a00
0x401d8b,0x98f5692d1378
0x401804,0x8ad3301c7c68
0x40187e,0x8ad3301c7cc0
0x401cfb,0x8ad3301c8b98
0x40185c,0x8ad3301cb380
0x401cfb,0x8ad3301cc1d8
0x401d8b,0x98f5692d1e18
0x40182a,0x8ad3301cb540
0x401d8b,0x98f5692d5138
0x401dc9,0x8ad3301cc668
0x401ea1,0x98f5692d2ed0
0x401d8b,0x98f5692d5278
0x401804,0x8ad3301cbca8
0x401ea1,0x8ad3301be510
0x401cfb,0x8ad3301ccdb8
0x401d8b,0x8ad3301c10d8
0x401ed1,0x8ad3301bed40
0x401e31,0x8ad3301d1348
0x401cfb,0x8ad3301d0998
0x401804,0x8ad3301d31e8
0x401ed1,0x8ad3301c2740
0x40185c,0x8ad3301d3540
0x401e1b,0x98f5692cc640
0x401d8b,0x8ad3301c5118
0x401e31,0x8ad3301d5108
0x401e31,0x8ad3301d5248
0x401e47,0x8ad3301d2ef0
0x401804,0x8ad3301d3d28
0x401e89,0x8ad3301c5708
0x401ea1,0x8ad3301c6590
0x401dc9,0x8ad3301d4fa8
0x401e47,0x8ad3301d6c10
0x401dc9,0x8ad3301d89a8
0x401d8b,0x8ad3301c98d8
0x401e47,0x8ad3301da4d0
0x401dc9,0x8ad3301d8fe8
0x401e31,0x8ad3301d9fa8
0x401e89,0x8ad3301cd788
0x401804,0x8ad3301dbda8
0x40187e,0x8ad3301dbf40
0x401e1b,0x98f5692d4f80
0x401e47,0x8ad3301de510
0x401ed1,0x8ad3301ce800
0x401d8b,0x8ad3301cdff8
0x401e47,0x8ad3301debf0
0x401e1b,0x8ad3301c0980
0x401d8b,0x8ad3301d13b8
0x401dc9,0x8ad3301e08e8
0x401dc9,0x8ad3301e0988
0x401e1b,0x8ad3301c0d40
0x401dc9,0x8ad3301e0d48
0x401804,0x8ad3301e3108
0x401ed1,0x8ad3301d25c0
0x401d8b,0x8ad3301d1c78
0x401e89,0x8ad3301d1e08
0x401e31,0x8ad3301e1c68
0x401dc9,0x8ad3301e47e8
0x401ed1,0x8ad3301d2e80
0x401ea1,0x8ad3301d6410
0x401e31,0x8ad3301e5708
0x401e47,0x8ad3301e63b0
0x401e47,0x8ad3301e6590
0x401ed1,0x8ad3301d6740
0x401804,0x8ad3301e7288
0x40182a,0x8ad3301e7200
0x401d8b,0x8ad3301d9118
0x401804,0x8ad3301e7a08
0x40187e,0x8ad3301e7c40
0x40185c,0x8ad3301e7cc0
0x401cfb,0x8ad3301e8bb8
0x40182a,0x8ad3301eb380
0x401cfb,0x8ad3301ec1f8
0x401804,0x8ad3301eb548
0x401cfb,0x8ad3301ec658
0x40187e,0x8ad3301ebc80
0x401e31,0x8ad3301ed788
0x401e89,0x8ad3301ddc48
0x401ea1,0x8ad3301ded50
0x401d8b,0x8ad3301e10f8
0x401d8b,0x8ad3301e1198
0x401e31,0x8ad3301f1368
0x401cfb,0x8ad3301f09b8
0x401da0,0x8ad3301e23e0
0x401e1b,0x8ad3301d0f80
0x401dc9,0x8ad3301f0f88
0x401ea1,0x8ad3301e2750
0x40187e,0x8ad3301f31c0
0x40182a,0x8ad3301f3540
0x401e31,0x8ad3301f1e08
0x401e1b,0x8ad3301d4700
0x401d8b,0x8ad3301e5138
0x401dc9,0x8ad3301f4708
0x401e31,0x8ad3301f5128
0x401d8b,0x8ad3301e5318
0x401e31,0x8ad3301f5268
0x40187e,0x8ad3301f3d00
0x401e47,0x8ad3301f6410
0x401d8b,0x8ad3301e5a98
0x401cfb,0x8ad3301f4f98
0x401e47,0x8ad3301f6c30
0x401cfb,0x8ad3301f8998
0x401d8b,0x8ad3301e98f8
0x401e47,0x8ad3301fa4f0
0x401cfb,0x8ad3301f8fd8
0x401e1b,0x8ad3301dc500
0x401dc9,0x8ad3301fc508
0x40187e,0x8ad3301fbd80
0x401861,0x8ad3301fbf48
0x401e47,0x8ad3301fe530
0x401e1b,0x8ad3301e0180
0x401ea1,0x8ad3301ee810
0x401dc9,0x8ad330200188
0x401e31,0x8ad3301fdc48
0x401e89,0x8ad3301edfc8
0x401e89,0x8ad3301f1388
0x401e47,0x8ad3301fed50
0x401cfb,0x8ad3302008d8
0x401dc9,0x8ad3302009a8
0x401dc9,0x8ad330200d68
0x401ea1,0x8ad3301f25d0
0x401804,0x8ad330203128
0x401e89,0x8ad3301f1c48
0x401e47,0x8ad330202750
0x401ea1,0x8ad3301f2e90
0x401da0,0x8ad3301f2ee0
0x401cfb,0x8ad3302047d8
0x401e31,0x8ad330205728
0x401ea1,0x8ad3301f6750
0x401804,0x8ad330207208
0x401e47,0x8ad3302065b0
0x401804,0x8ad3302072a8
0x401d8b,0x8ad3301f9138
0x401804,0x8ad330207a28
0x40185c,0x8ad330207c40
0x40182a,0x8ad330207cc0
0x401804,0x8ad33020b388
0x401804,0x8ad33020b568
0x40173b,0x8ad3301f9f98
0x401cfb,0x8ad33020c678
0x40185c,0x8ad33020bc80
0x401e1b,0x8ad3301ecd80
0x401dc9,0x8ad33020cd88
0x401e31,0x8ad33020d7a8
0x401e47,0x8ad33020e810
0x401da0,0x8ad3301febe0
0x401e89,0x8ad3302010c8
0x401e31,0x8ad33020dfc8
0x401d8b,0x8ad3302011b8
0x401e31,0x8ad330211388
0x401ed1,0x8ad3302023c0
0x401dc9,0x8ad330210fa8
0x40185c,0x8ad3302131c0
0x401e47,0x8ad3302125d0
0x401d8b,0x8ad330201c58
0x401804,0x8ad330213548
0x401e31,0x8ad330211c48
0x401e31,0x8ad330211e28
0x401e89,0x8ad330205108
0x401dc9,0x8ad330214728
0x401d8b,0x8ad330205338
0x401e47,0x8ad330212e90
0x40185c,0x8ad330213d00
0x401da0,0x8ad3302063a0
0x401e47,0x8ad330216430
0x401d8b,0x8ad330205ab8
0x401cfb,0x8ad330214fb8
0x401e47,0x8ad330216750
0x401cfb,0x8ad3302189b8
0x401e89,0x8ad3302098c8
0x401cfb,0x8ad330218ff8
0x401dc9,0x8ad33021c528
0x40185c,0x8ad33021bd80
0x40182a,0x8ad33021bf40
0x401dc9,0x8ad3302201a8
0x401e31,0x8ad33021dc68
0x401e31,0x8ad3302210c8
0x401e47,0x8ad33021ed70
0x401d8b,0x8ad330211358
0x401cfb,0x8ad3302208f8
0x401cfb,0x8ad330220998
0x401cfb,0x8ad330220d58
0x40187e,0x8ad330223100
0x401e47,0x8ad330222770
0x401d8b,0x8ad330215118
0x401d8b,0x8ad330215258
0x401e31,0x8ad330225108
0x401ed1,0x8ad330212ec0
0x401cfb,0x8ad3302247f8
0x401804,0x8ad330227228
0x40187e,0x8ad330227280
0x401da0,0x8ad330216c20
0x401e89,0x8ad330219108
0x40187e,0x8ad330227a00
0x401e1b,0x8ad330208b80
0x401804,0x8ad330227cc8
0x40182a,0x8ad330227c40
0x401dc9,0x8ad330228b88
0x401da0,0x8ad33021a4e0
0x401e31,0x8ad3302298c8
0x401e1b,0x8ad33020c1c0
0x401804,0x8ad33022b3a8
0x40176f,0x8ad33022c1c8
0x40187e,0x8ad33022b540
0x401d8b,0x8ad330219fb8
0x40182a,0x8ad33022bc80
0x401dc9,0x8ad33022cda8
0x401da0,0x8ad33021e520
0x401e47,0x8ad33022e830
0x401ed1,0x8ad33021ebc0
0x401e89,0x8ad330221188
0x401e31,0x8ad33022dfe8
0x401e1b,0x8ad330210980
0x401dc9,0x8ad330230988
0x401e31,0x8ad3302313a8
0x401ea1,0x8ad3302223d0
0x401cfb,0x8ad330230f98
0x40182a,0x8ad3302331c0
0x401e47,0x8ad3302325f0
0x401d8b,0x8ad330221c78
0x401e31,0x8ad330231c68
0x401804,0x8ad330233568
0x401e89,0x8ad330225308
0x401cfb,0x8ad330234718
0x401e47,0x8ad330232eb0
0x40182a,0x8ad330233d00
0x401d8b,0x8ad330225718
0x401ed1,0x8ad330226380
0x401da0,0x8ad3302265a0
0x401e89,0x8ad330225a88
0x401e47,0x8ad330236770
0x401e31,0x8ad330239108
0x401cfb,0x8ad33023c518
0x40182a,0x8ad33023bd80
0x401d8b,0x8ad33022d798
0x401804,0x8ad33023bf48
0x401cfb,0x8ad330240198
0x401e31,0x8ad3302410e8
0x401e31,0x8ad330241188
0x401d8b,0x8ad330231378
0x401cfb,0x8ad3302409b8
0x401cfb,0x8ad330240d78
0x401e47,0x8ad3302423d0
0x40185c,0x8ad330243100
0x401d8b,0x8ad330231e18
0x401d8b,0x8ad330235138
0x401ea1,0x8ad330232ed0
0x401e31,0x8ad330245128
0x401d8b,0x8ad330235278
0x401e31,0x8ad330245308
0x401da0,0x8ad330236420
0x40187e,0x8ad330247200
0x401e31,0x8ad330245a88
0x40185c,0x8ad330247280
0x401ed1,0x8ad330236c00
0x40185c,0x8ad330247a00
0x401804,0x8ad330247c48
0x401804,0x8ad330247ce8
0x401dc9,0x8ad330248ba8
0x401ed1,0x8ad33023a4c0
0x4017a3,0x8ad3302498e8
0x401dc9,0x8ad33024c1e8
0x40187e,0x8ad33024b380
0x40185c,0x8ad33024b540
0x401e89,0x8ad330239f88
0x401e1b,0x8ad33022c640
0x401dc9,0x8ad33024c648
0x401804,0x8ad33024bc88
0x401cfb,0x8ad33024cd98
0x401ed1,0x8ad33023e500
0x401d8b,0x8ad33023dc58
0x401ea1,0x8ad33023ebd0
0x401da0,0x8ad33023ed60
0x401dc9,0x8ad3302509a8
0x401804,0x8ad3302531c8
0x401cfb,0x8ad330250fb8
0x401da0,0x8ad330242760
0x401e89,0x8ad330241c48
0x40187e,0x8ad330253540
0x401cfb,0x8ad330254738
0x401e47,0x8ad330252ed0
0x401804,0x8ad330253d08
0x401ea1,0x8ad330246390
0x401d8b,0x8ad330245738
0x401e1b,0x8ad330234f80
0x401ed1,0x8ad330246580
0x401dc9,0x8ad330254f88
0x401e31,0x8ad330259128
0x401e1b,0x8ad330238980
0x401dc9,0x8ad330258988
0x401748,0x8ad330238fc0
0x401dc9,0x8ad330258fc8
0x401cfb,0x8ad33025c538
0x401e31,0x8ad330259f88
0x401804,0x8ad33025bd88
0x401d8b,0x8ad33024d7b8
0x401804,0x8ad33025bf68
0x401da0,0x8ad33024e820
0x401cfb,0x8ad3302601b8
0x401d8b,0x8ad33024dfd8
0x401e47,0x8ad33025ebd0
0x401e1b,0x8ad3302408c0
0x401e89,0x8ad330251348
0x401e31,0x8ad3302611a8
0x401dc9,0x8ad3302608c8
0x401d8b,0x8ad330251398
0x401e47,0x8ad3302623f0
0x401da0,0x8ad3302525e0
0x40182a,0x8ad330263100
0x401d8b,0x8ad330251c58
0x401d8b,0x8ad330251e38
0x401e31,0x8ad330261c48
0x401e89,0x8ad330255108
0x401e1b,0x8ad3302447c0
0x401e89,0x8ad330255248
0x401dc9,0x8ad3302647c8
0x401da0,0x8ad330252ea0
0x401e31,0x8ad330265328
0x401ed1,0x8ad330256400
0x401e47,0x8ad330266390
0x401861,0x8ad330267208
0x401da0,0x8ad330256760
0x40182a,0x8ad330267280
0x401e31,0x8ad330265aa8
0x401ea1,0x8ad330256c10
0x40182a,0x8ad330267a00
0x401804,0x8ad330267c68
0x40176a,0x8ad330267cc0
0x40170a,0x8ad330268b98
0x401ea1,0x8ad33025a4d0
0x40185c,0x8ad33026b380
0x401cfb,0x8ad33026c1d8
0x40182a,0x8ad33026b540
0x401dc9,0x8ad33026c668
0x401804,0x8ad33026bca8
0x401ea1,0x8ad33025e510
0x401cfb,0x8ad33026cdb8
0x401d8b,0x8ad33025dc78
0x401d8b,0x8ad3302610d8
0x401ed1,0x8ad33025ed40
0x401e31,0x8ad330271348
0x401cfb,0x8ad330270998
0x401804,0x8ad3302731e8
0x401ed1,0x8ad330262740
0x40185c,0x8ad330273540
0x401d8b,0x8ad330265118
0x401e31,0x8ad330275108
0x401e31,0x8ad330275248
0x401e47,0x8ad330272ef0
0x401804,0x8ad330273d28
0x401e89,0x8ad330265708
0x401ea1,0x8ad330266590
0x401dc9,0x8ad330274fa8
0x401e47,0x8ad330276c10
0x401dc9,0x8ad3302789a8
0x401d8b,0x8ad3302698d8
0x401e47,0x8ad33027a4d0
0x401dc9,0x8ad330278fe8
0x401e31,0x8ad330279fa8
0x401804,0x8ad33027bda8
0x401e89,0x8ad33026d788
0x40187e,0x8ad33027bf40
0x401e47,0x8ad33027e510
0x401ed1,0x8ad33026e800
0x401d8b,0x8ad33026dff8
0x401e47,0x8ad33027ebf0
0x401e1b,0x8ad330260980
0x401d8b,0x8ad3302713b8
0x401dc9,0x8ad3302808e8
0x401dc9,0x8ad330280988
0x401e1b,0x8ad330260d40
0x401dc9,0x8ad330280d48
0x401804,0x8ad330283108
0x401ed1,0x8ad3302725c0
0x401d8b,0x8ad330271c78
0x401e89,0x8ad330271e08
0x401e31,0x8ad330281c68
0x401dc9,0x8ad3302847e8
0x401ed1,0x8ad330272e80
0x401ea1,0x8ad330276410
0x401e31,0x8ad330285708
0x401e47,0x8ad3302863b0
0x401e47,0x8ad330286590
0x401804,0x8ad330287288
0x401ed1,0x8ad330276740
0x40182a,0x8ad330287200
0x401d8b,0x8ad330279118
0x401804,0x8ad330287a08
0x40187e,0x8ad330287c40
0x40185c,0x8ad330287cc0
0x401cfb,0x8ad330288bb8
0x40182a,0x8ad33028b380
0x401cfb,0x8ad33028c1f8
0x401804,0x8ad33028b548
0x401cfb,0x8ad33028c658
0x40187e,0x8ad33028bc80
0x401e31,0x8ad33028d788
0x401e89,0x8ad33027dc48
0x401ea1,0x8ad33027ed50
0x401d8b,0x8ad3302810f8
0x401d8b,0x8ad330281198
0x401e31,0x8ad330291368
0x401cfb,0x8ad3302909b8
0x401da0,0x8ad3302823e0
0x401e1b,0x8ad330270f80
0x401dc9,0x8ad330290f88
0x401ea1,0x8ad330282750
0x40187e,0x8ad3302931c0
0x40182a,0x8ad330293540
0x401e31,0x8ad330291e08
0x401e1b,0x8ad330274700
0x401d8b,0x8ad330285138
0x401dc9,0x8ad330294708
0x401e31,0x8ad330295128
0x401d8b,0x8ad330285318
0x401e31,0x8ad330295268
0x40187e,0x8ad330293d00
0x401e47,0x8ad330296410
0x401d8b,0x8ad330285a98
0x401cfb,0x8ad330294f98
0x401e47,0x8ad330296c30
0x401cfb,0x8ad330298998
0x401d8b,0x8ad3302898f8
0x401e47,0x8ad33029a4f0
0x401cfb,0x8ad330298fd8
0x401e1b,0x8ad33027c500
0x401dc9,0x8ad33029c508
0x40187e,0x8ad33029bd80
0x40185c,0x8ad33029bf40
0x401e47,0x8ad33029e530
0x401e1b,0x8ad330280180
0x401ea1,0x8ad33028e810
0x401dc9,0x8ad3302a0188
0x401e31,0x8ad33029dc48
0x401e89,0x8ad33028dfc8
0x401e89,0x8ad330291388
0x401e47,0x8ad33029ed50
0x401dc9,0x8ad3302a09a8
0x401cfb,0x8ad3302a08d8
0x401dc9,0x8ad3302a0d68
0x401ea1,0x8ad3302925d0
0x401804,0x8ad3302a3128
0x401e89,0x8ad330291c48
0x401e47,0x8ad3302a2750
0x401ea1,0x8ad330292e90
0x401da0,0x8ad330292ee0
0x401cfb,0x8ad3302a47d8
0x401e31,0x8ad3302a5728
0x401ea1,0x8ad330296750
0x401804,0x8ad3302a7208
0x401e47,0x8ad3302a65b0
0x401804,0x8ad3302a72a8
0x40173b,0x8ad330299138
0x401804,0x8ad3302a7a28
0x40185c,0x8ad3302a7c40
0x40182a,0x8ad3302a7cc0
0x401804,0x8ad3302ab388
0x401804,0x8ad3302ab568
0x401d8b,0x8ad330299f98
0x401cfb,0x8ad3302ac678
0x40185c,0x8ad3302abc80
0x401e1b,0x8ad33028cd80
0x401dc9,0x8ad3302acd88
0x401e31,0x8ad3302ad7a8
0x401e47,0x8ad3302ae810
0x401da0,0x8ad33029ebe0
0x401e89,0x8ad3302a10c8
0x401e31,0x8ad3302adfc8
0x401d8b,0x8ad3302a11b8
0x401e31,0x8ad3302b1388
0x401ed1,0x8ad3302a23c0
0x401dc9,0x8ad3302b0fa8
0x40185c,0x8ad3302b31c0
0x401e47,0x8ad3302b25d0
0x401d8b,0x8ad3302a1c58
0x401e31,0x8ad3302b1c48
0x401804,0x8ad3302b3548
0x401e31,0x8ad3302b1e28
0x401e89,0x8ad3302a5108
0x401dc9,0x8ad3302b4728
0x401d8b,0x8ad3302a5338
0x401e47,0x8ad3302b2e90
0x40185c,0x8ad3302b3d00
0x401da0,0x8ad3302a63a0
0x401e47,0x8ad3302b6430
0x401d8b,0x8ad3302a5ab8
0x401cfb,0x8ad3302b4fb8
0x401e47,0x8ad3302b6750
0x401cfb,0x8ad3302b89b8
0x401e89,0x8ad3302a98c8
0x401cfb,0x8ad3302b8ff8
0x401dc9,0x8ad3302bc528
0x40185c,0x8ad3302bbd80
0x40182a,0x8ad3302bbf40
0x401e31,0x8ad3302bdc68
0x40185c,0xea2062be500
0x401e47,0x8ad3302bed70
0x401d8b,0x8ad3302b1358
0x401e31,0xa1abd7fd1348
0x40182a,0xea2062bebc0
0x40187e,0xea2062bed40
0x401804,0xa1abd7fd31e8
0x40185c,0xa1abd7fd3540
0x401d8b,0x8ad3302b5118
0x401d8b,0x8ad3302b5258
0x401e31,0xa1abd7fd5108
0x401ed1,0x8ad3302b2ec0
0x401e31,0xa1abd7fd5248
0x401e47,0xa1abd7fd2ef0
0x401804,0xa1abd7fd3d28
0x401804,0x6c6f1e4c10e8
0x401804,0x6c6f1e4c1188
0x401dc9,0xa1abd7fd4fa8
0x401796,0x6c6f1e4c08f0
0x401e47,0x6c6f1e4c0990
0x401da0,0x8ad3302b6c20
0x401e89,0x8ad3302b9108
0x401e47,0x6c6f1e4c0d50
0x401cfb,0xd79e62a4e838
0x401e1b,0x8ad3302a8b80
0x40182a,0x6c6f1e4c1c40
0x401da0,0x8ad3302ba4e0
0x401e1b,0x8ad3302ac1c0
0x401804,0xd79e62a513a8
0x40185c,0xd79e62a51340
0x401d8b,0x8ad3302b9fb8
0x401cfb,0xd79e62a525f8
0x401804,0xd79e62a51c68
0x401e31,0xd79e62a53548
0x40187e,0xd79e62a51e00
0x401da0,0x8ad3302be520
0x401dc9,0xd79e62a52ee8
0x401cfb,0xd79e62a52eb8
0x40185c,0xd79e62a55100
0x401861,0xd79e62a55248
0x401ed1,0x8ad3302bebc0
0x401e1b,0x8ad3302b0980
0x401cfb,0xd79e62a56778
0x401d8b,0xa1abd7fd13b8
0x401e47,0xd79e62a54fb0
0x401dc9,0xd79e62a56c08
0x401804,0xd79e62a59108
0x401ed1,0xa1abd7fd25c0
0x401d8b,0xa1abd7fd1c78
0x401e89,0xa1abd7fd1e08
0x401e47,0xd79e62a589b0
0x401dc9,0xd79e62a5a4c8
0x401ed1,0xa1abd7fd2e80
0x401e47,0xd79e62a58ff0
0x401ea1,0x6c6f1e4c0190
0x40182a,0xd79e62a59f80
0x401dc9,0xd79e62a5e508
0x40187e,0xd79e62a5dc40
0x401dc9,0xd79e62a5ebe8
0x401804,0xd79e62a610e8
0x401804,0xd79e62a61188
0x401da0,0xd79e62a509a0
0x401e47,0xd79e62a608f0
0x401e47,0xd79e62a60990
0x401cfb,0xd79e62a623d8
0x401d8b,0xd79e62a531f8
0x401e47,0xd79e62a60d50
0x401ea1,0xd79e62a50f90
0x40182a,0xd79e62a61c40
0x401804,0xd79e62a65128
0x401ea1,0xd79e62a54710
0x401804,0xd79e62a65308
0x401e47,0xd79e62a647f0
0x401d8b,0xd79e62a53d38
0x401dc9,0xd79e62a663a8
0x40185c,0xd79e62a65700
0x401dc9,0xd79e62a66588
0x401e31,0xd79e62a67228
0x401804,0xd79e62a65a88
0x401e31,0xd79e62a67cc8
0x401e1b,0xa1abd7fd4700
0x401804,0xd79e62a698e8
0x401e31,0xd79e62a6b3a8
0x401ea1,0xd79e62a5c510
0x401d8b,0xd79e62a5bdb8
0x401e89,0xd79e62a5bf48
0x40185c,0xd79e62a6d780
0x401ea1,0xd79e62a60190
0x40187e,0xd79e62a6dfc0
0x40182a,0xd79e62a71340
0x40187e,0xd79e62a71380
0x401d8b,0xd79e62a63118
0x401e47,0xd79e62a70f90
0x40187e,0xd79e62a71c40
0x401e31,0xd79e62a73568
0x40185c,0xd79e62a71e00
0x40182a,0xd79e62a75100
0x401cfb,0xd79e62a72ed8
0x40182a,0xd79e62a75240
0x401e47,0xd79e62a74710
0x401e1b,0xd79e62a56400
0x401dc9,0xd79e62a76408
0x401d8b,0xd79e62a67298
0x401dc9,0xd79e62a76c28
0x401804,0xd79e62a79128
0x401d8b,0xd79e62a67a18
0x401e89,0xd79e62a67c48
0x401ed1,0xd79e62a68b80
0x401dc9,0xd79e62a7a4e8
0x401d8b,0xd79e62a6b558
0x401ed1,0xd79e62a6c1c0
0x401804,0xd79e62a79f88
0x401da0,0xd79e62a6c660
0x401e47,0xd79e62a7c510
0x401e89,0xd79e62a6bc88
0x401dc9,0xd79e62a7e528
0x401e31,0xd79e62a7bf48
0x401ea1,0xd79e62a6cd90
0x40185c,0xd79e62a7dc40
0x401e1b,0xd79e62a5ed40
0x401e47,0xd79e62a80190
0x401cfb,0xd79e62a7ebd8
0x401dc9,0xd79e62a7ed48
0x40187e,0xd79e62a810c0
0x401804,0xd79e62a811a8
0x401ed1,0xd79e62a70980
0x401e47,0xd79e62a809b0
0x401cfb,0xd79e62a823f8
0x401e1b,0xd79e62a62740
0x401e89,0xd79e62a731c8
0x401dc9,0xd79e62a82748
0x401e47,0xd79e62a80d70
0x401804,0xd79e62a81c48
0x40187e,0xd79e62a85100
0x401804,0xd79e62a85328
0x401e89,0xd79e62a73d08
0x401cfb,0xd79e62a86398
0x40182a,0xd79e62a85700
0x401dc9,0xd79e62a865a8
0x401804,0xd79e62a85aa8
0x401da0,0xd79e62a74fa0
0x401da0,0xd79e62a789a0
0x401e31,0xd79e62a87c48
0x401e31,0xd79e62a87ce8
0x40187e,0xd79e62a898c0
0x401da0,0xd79e62a78fe0
0x401e89,0xd79e62a7bd88
0x401e31,0xd79e62a8bc88
0x40182a,0xd79e62a8d780
0x401e1b,0xd79e62a6e800
0x401dc9,0xd79e62a8e808
0x401e47,0xd79e62a8cd90
0x40185c,0xd79e62a8dfc0
0x401804,0xd79e62a91348
0x401da0,0xd79e62a808e0
0x40185c,0xd79e62a91380
0x401e1b,0xd79e62a725c0
0x401dc9,0xd79e62a925c8
0x401d8b,0xd79e62a83138
0x401e31,0xd79e62a931c8
0x401e47,0xd79e62a90fb0
0x40185c,0xd79e62a91c40
0x40182a,0xd79e62a91e00
0x401e1b,0xd79e62a72e80
0x401dc9,0xd79e62a92e88
0x401804,0xd79e62a95108
0x401cfb,0xd79e62a92ef8
0x401804,0xd79e62a95248
0x401da0,0xd79e62a847e0
0x401e47,0xd79e62a94730
0x401e31,0xd79e62a93d08
0x401dc9,0xd79e62a96428
0x401e1b,0xd79e62a76740
0x401d8b,0xd79e62a87218
0x401dc9,0xd79e62a96748
0x401d8b,0xd79e62a872b8
0x401cfb,0xd79e62a96c18
0x40187e,0xd79e62a99100
0x401d8b,0xd79e62a87a38
0x401ea1,0xd79e62a88b90
0x401cfb,0xd79e62a9a4d8
0x401d8b,0xd79e62a8b398
0x401ea1,0xd79e62a8c1d0
0x401d8b,0xd79e62a8b578
0x401804,0xd79e62a99fa8
0x401e47,0xd79e62a9c530
0x401ed1,0xd79e62a8c640
0x401e31,0xd79e62a9bd88
0x401e31,0xd79e62a9bf68
0x401cfb,0xd79e62a9e518
0x40182a,0xd79e62a9dc40
0x401e47,0xd79e62aa01b0
0x401cfb,0xd79e62a9ebf8
0x401dc9,0xd79e62a9ed68
0x40185c,0xd79e62aa10c0
0x40187e,0xd79e62aa1180
0x401ea1,0xd79e62a90990
0x401dc9,0xd79e62aa2768
0x401804,0xd79e62aa1c68
0x401d8b,0xd79e62a93558
0x40185c,0xd79e62aa5100
0x40187e,0xd79e62aa5300
0x401cfb,0xd79e62aa63b8
0x401804,0xd79e62aa5708
0x401cfb,0xd79e62aa6598
0x40187e,0xd79e62aa5a80
0x401ed1,0xd79e62a94f80
0x401e31,0xd79e62aa7c68
0x401ed1,0xd79e62a98980
0x401e47,0xd79e62aa8b90
0x40185c,0xd79e62aa98c0
0x401ed1,0xd79e62a98fc0
0x401e47,0xd79e62aac1d0
0x401e31,0xd79e62aabca8
0x401804,0xd79e62aad788
0x401dc9,0xd79e62aae828
0x401e47,0xd79e62aacdb0
0x40182a,0xd79e62aadfc0
0x401804,0xd79e62ab1368
0x401ed1,0xd79e62aa08c0
0x40182a,0xd79e62ab1380
0x401da0,0xd79e62aa09a0
0x401e47,0xd79e62ab0990
0x401e89,0xd79e62aa3108
0x401dc9,0xd79e62ab25e8
0x401da0,0xd79e62aa0d60
0x401e31,0xd79e62ab31e8
0x40182a,0xd79e62ab1c40
0x401804,0xd79e62ab1e08
0x401dc9,0xd79e62ab2ea8
0x401804,0xd79e62ab5128
0x401804,0xd79e62ab5268
0x401ed1,0xd79e62aa47c0
0x401e31,0xd79e62ab3d28
0x401cfb,0xd79e62ab6418
0x401e89,0xd79e62aa7288
0x401d8b,0xd79e62aa7238
0x401dc9,0xd79e62ab6768
0x401cfb,0xd79e62ab6c38
0x401e89,0xd79e62aa7a08
0x40185c,0xd79e62ab9100
0x401d8b,0xd79e62aa7cd8
0x401cfb,0xd79e62aba4f8
0x40173b,0xd79e62aab3b8
0x401e89,0xd79e62aab548
0x40187e,0xd79e62ab9f80
0x401ea1,0xd79e62aac650
0x401e31,0xd79e62abbda8
0x401cfb,0xd79e62abe538
0x401804,0xd79e62abdc48
0x401cfb,0xd79e62abed58
0x40182a,0xd79e62ac10c0
0x40185c,0xd79e62ac1180
0x401e1b,0xd79e62aa23c0
0x401dc9,0xd79e62ac23c8
0x401e31,0xd79e62ac3108
0x401cfb,0xd79e62ac2758
0x401da0,0xd79e62ab0fa0
0x401d8b,0xd79e62ab3578
0x40187e,0xd79e62ac1c40
0x40182a,0xd79e62ac5100
0x401da0,0xd79e62ab4720
0x40185c,0xd79e62ac5300
0x401804,0xd79e62ac5728
0x401cfb,0xd79e62ac65b8
0x401ea1,0xd79e62ab4f90
0x40185c,0xd79e62ac5a80
0x401e31,0xd79e62ac7288
0x401e31,0xd79e62ac7a08
0x401ea1,0xd79e62ab8990
0x401e47,0xd79e62ac8bb0
0x40182a,0xd79e62ac98c0
0x401ea1,0xd79e62ab8fd0
0x401e31,0xd79e62acb548
0x401e47,0xd79e62acc1f0
0x401da0,0xd79e62abc520
0x401e47,0xd79e62acc650
0x401d8b,0xd79e62abbf58
0x401804,0xd79e62acd7a8
0x401cfb,0xd79e62ace818
0x401da0,0xd79e62ac01a0
0x401804,0xd79e62acdfc8
0x40187e,0xd79e62ad1340
0x401804,0xd79e62ad1388
0x401ea1,0xd79e62ac08d0
0x401ed1,0xd79e62ac0980
0x401e47,0xd79e62ad09b0
0x401ed1,0xd79e62ac0d40
0x401cfb,0xd79e62ad25d8
0x401804,0xd79e62ad1c48
0x401804,0xd79e62ad1e28
0x401e1b,0xd79e62ab2ec0
0x401dc9,0xd79e62ad2ec8
0x401cfb,0xd79e62ad2e98
0x40187e,0xd79e62ad5100
0x401ea1,0xd79e62ac47d0
0x40187e,0xd79e62ad5240
0x401cfb,0xd79e62ad6438
0x401e89,0xd79e62ac7208
0x401cfb,0xd79e62ad6758
0x401e47,0xd79e62ad4f90
0x40182a,0xd79e62ad9100
0x401d8b,0xd79e62ac7c58
0x401d8b,0xd79e62ac7cf8
0x401e47,0xd79e62ad8990
0x401e89,0xd79e62acb388
0x401e47,0xd79e62ad8fd0
0x40185c,0xd79e62ad9f80
0x401d8b,0xd79e62acbc98
0x401da0,0xd79e62accda0
0x401e1b,0xd79e62abebc0
0x401804,0xd79e62addc68
0x401dc9,0xd79e62adebc8
0x401cfb,0xd79e62aded78
0x401804,0xd79e62ae10c8
0x40182a,0xd79e62ae1180
0x401e47,0xd79e62ae08d0
0x401dc9,0xd79e62ae23e8
0x401d8b,0xd79e62ad31d8
0x401e31,0xd79e62ae3128
0x401cfb,0xd79e62ae2778
0x401ed1,0xd79e62ad0f80
0x401e89,0xd79e62ad3548
0x40185c,0xd79e62ae1c40
0x401804,0xd79e62ae5108
0x401ed1,0xd79e62ad4700
0x40182a,0xd79e62ae5300
0x401e1b,0xd79e62ac6380
0x401d8b,0xd79e62ad3d18
0x401e47,0xd79e62ae47d0
0x401dc9,0xd79e62ae6388
0x40187e,0xd79e62ae5700
0x40182a,0xd79e62ae5a80
0x401e31,0xd79e62ae7208
0x401e31,0xd79e62ae72a8
0x401e31,0xd79e62ae7a28
0x401804,0xd79e62ae98c8
0x401e31,0xd79e62aeb388
0x401e31,0xd79e62aeb568
0x401ed1,0xd79e62adc500
0x401e47,0xd79e62aec670
0x401d8b,0xd79e62adbd98
0x401d8b,0xd79e62adbf78
0x40187e,0xd79e62aed780
0x401cfb,0xd79e62aee838
0x401ed1,0xd79e62ae0180
0x401804,0xd79e62aedfe8
0x401ea1,0xd79e62ae0990
0x401861,0xd79e62af1348
0x401804,0xd79e62af13a8
0x401ea1,0xd79e62ae0d50
0x401cfb,0xd79e62af25f8
0x401804,0xd79e62af1c68
0x401e31,0xd79e62af3548
0x40187e,0xd79e62af1e00
0x401dc9,0xd79e62af2ee8
0x401cfb,0xd79e62af2eb8
0x40185c,0xd79e62af5100
0x40185c,0xd79e62af5240
0x401cfb,0xd79e62af6778
0x401e47,0xd79e62af4fb0
0x401e1b,0xd79e62ad6c00
0x401dc9,0xd79e62af6c08
0x401804,0xd79e62af9108
0x401e89,0xd79e62ae7cc8
0x401d8b,0xd79e62ae7c78
0x401748,0xd79e62ada4c0
0x401e47,0xd79e62af89b0
0x401dc9,0xd79e62afa4c8
0x401da0,0xd79e62ae8ba0
0x401e47,0xd79e62af8ff0
0x401da0,0xd79e62aec1e0
0x40182a,0xd79e62af9f80
0x401d8b,0xd79e62aebcb8
0x401e1b,0xd79e62ade500
0x401dc9,0xd79e62afe508
0x401ed1,0xd79e62aecd80
0x40187e,0xd79e62afdc40
0x401dc9,0xd79e62afebe8
0x401804,0xd79e62b010e8
0x401804,0xd79e62b01188
0x401da0,0xd79e62af09a0
0x401e47,0xd79e62b008f0
0x401e47,0xd79e62b00990
0x401cfb,0xd79e62b023d8
0x401d8b,0xd79e62af31f8
0x401e47,0xd79e62b00d50
0x401ea1,0xd79e62af0f90
0x40182a,0xd79e62b01c40
0x401ea1,0xd79e62af4710
0x401804,0xd79e62b05128
0x401804,0xd79e62b05308
0x401d8b,0xd79e62af3d38
0x401e47,0xd79e62b047f0
0x401e1b,0xd79e62ae6580
0x401dc9,0xd79e62b063a8
0x40185c,0xd79e62b05700
0x401dc9,0xd79e62b06588
0x401804,0xd79e62b05a88
0x401e31,0xd79e62b07228
0x401e31,0xd79e62b07cc8
0x401804,0xd79e62b098e8
0x401e31,0xd79e62b0b3a8
0x401ea1,0xd79e62afc510
0x401d8b,0xd79e62afbdb8
0x401e89,0xd79e62afbf48
0x40185c,0xd79e62b0d780
0x401ea1,0xd79e62b00190
0x40187e,0xd79e62b0dfc0
0x40182a,0xd79e62b11340
0x40187e,0xd79e62b11380
0x401d8b,0xd79e62b03118
0x401e47,0xd79e62b10f90
0x40187e,0xd79e62b11c40
0x401e31,0xd79e62b13568
0x40185c,0xd79e62b11e00
0x401cfb,0xd79e62b12ed8
0x40182a,0xd79e62b15100
0x40182a,0xd79e62b15240
0x401e47,0xd79e62b14710
0x401e1b,0xd79e62af6400
0x401dc9,0xd79e62b16408
0x401d8b,0xd79e62b07298
0x401dc9,0xd79e62b16c28
0x40173b,0xd79e62b07a18
0x401804,0xd79e62b19128
0x401e89,0xd79e62b07c48
0x401dc9,0xd79e62b1a4e8
0x401ed1,0xd79e62b08b80
0x401d8b,0xd79e62b0b558
0x401ed1,0xd79e62b0c1c0
0x401804,0xd79e62b19f88
0x401da0,0xd79e62b0c660
0x401e47,0xd79e62b1c510
0x401e89,0xd79e62b0bc88
0x401dc9,0xd79e62b1e528
0x401e31,0xd79e62b1bf48
0x401ea1,0xd79e62b0cd90
0x40185c,0xd79e62b1dc40
0x401e1b,0xd79e62afed40
0x401e47,0xd79e62b20190
0x401cfb,0xd79e62b1ebd8
0x401dc9,0xd79e62b1ed48
0x40187e,0xd79e62b210c0
0x401804,0xd79e62b211a8
0x401ed1,0xd79e62b10980
0x401e47,0xd79e62b209b0
0x401cfb,0xd79e62b223f8
0x401e1b,0xd79e62b02740
0x401e89,0xd79e62b131c8
0x401dc9,0xd79e62b22748
0x401e47,0xd79e62b20d70
0x401804,0xd79e62b21c48
0x40187e,0xd79e62b25100
0x401804,0xd79e62b25328
0x401e89,0xd79e62b13d08
0x401cfb,0xd79e62b26398
0x40182a,0xd79e62b25700
0x401dc9,0xd79e62b265a8
0x401da0,0xd79e62b14fa0
0x401804,0xd79e62b25aa8
0x401da0,0xd79e62b189a0
0x401e31,0xd79e62b27c48
0x401e31,0xd79e62b27ce8
0x40187e,0xd79e62b298c0
0x401da0,0xd79e62b18fe0
0x401e89,0xd79e62b1bd88
0x401e31,0xd79e62b2bc88
0x40182a,0xd79e62b2d780
0x401e1b,0xd79e62b0e800
0x401dc9,0xd79e62b2e808
0x401e47,0xd79e62b2cd90
0x40185c,0xd79e62b2dfc0
0x401804,0xd79e62b31348
0x401da0,0xd79e62b208e0
0x40185c,0xd79e62b31380
0x401e1b,0xd79e62b125c0
0x401dc9,0xd79e62b325c8
0x401d8b,0xd79e62b23138
0x401e31,0xd79e62b331c8
0x401e47,0xd79e62b30fb0
0x40185c,0xd79e62b31c40
0x40182a,0xd79e62b31e00
0x401e1b,0xd79e62b12e80
0x401dc9,0xd79e62b32e88
0x401804,0xd79e62b35108
0x401cfb,0xd79e62b32ef8
0x401804,0xd79e62b35248
0x401da0,0xd79e62b247e0
0x401e47,0xd79e62b34730
0x401e31,0xd79e62b33d08
0x401dc9,0xd79e62b36428
0x401e1b,0xd79e62b16740
0x401d8b,0xd79e62b27218
0x401dc9,0xd79e62b36748
0x401d8b,0xd79e62b272b8
0x40170a,0xd79e62b36c18
0x40187e,0xd79e62b39100
0x401d8b,0xd79e62b27a38
0x401ea1,0xd79e62b28b90
0x401cfb,0xd79e62b3a4d8
0x401d8b,0xd79e62b2b398
0x401ea1,0xd79e62b2c1d0
0x401d8b,0xd79e62b2b578
0x401804,0xd79e62b39fa8
0x401ed1,0xd79e62b2c640
0x401e47,0xd79e62b3c530
0x401e31,0xd79e62b3bd88
0x401e31,0xd79e62b3bf68
0x401cfb,0xd79e62b3e518
0x40182a,0xd79e62b3dc40
0x401e47,0xd79e62b401b0
0x401cfb,0xd79e62b3ebf8
0x401dc9,0xd79e62b3ed68
0x40185c,0xd79e62b410c0
0x40187e,0xd79e62b41180
0x401ea1,0xd79e62b30990
0x401dc9,0xd79e62b42768
0x401804,0xd79e62b41c68
0x401d8b,0xd79e62b33558
0x40185c,0xd79e62b45100
0x40187e,0xd79e62b45300
0x401cfb,0xd79e62b463b8
0x401804,0xd79e62b45708
0x401cfb,0xd79e62b46598
0x40187e,0xd79e62b45a80
0x401ed1,0xd79e62b34f80
0x401e31,0xd79e62b47c68
0x401ed1,0xd79e62b38980
0x401e47,0xd79e62b48b90
0x40185c,0xd79e62b498c0
0x401ed1,0xd79e62b38fc0
0x401e47,0xd79e62b4c1d0
0x401e31,0xd79e62b4bca8
0x401804,0xd79e62b4d788
0x401dc9,0xd79e62b4e828
0x401e47,0xd79e62b4cdb0
0x401e31,0xe8035e45a4c8
0x40182a,0xd79e62b4dfc0
0x40185c,0x6c537032c1c0
0x401ed1,0xd79e62b408c0
0x401da0,0xd79e62b409a0
0x40187e,0x6c537032c640
0x401e89,0xd79e62b43108
0x401da0,0xd79e62b40d60
0x401cfb,0x6c537032d798
0x40182a,0x6c537032cd80
0x401e31,0x6c537032e828
0x401dc9,0x6c537032dfe8
0x401ed1,0xd79e62b447c0
0x401dc9,0x6c53703313a8
0x401cfb,0x6c5370331378
0x401e89,0xd79e62b47288
0x401d8b,0xd79e62b47238
0x40185c,0x6c5370330980
0x401dc9,0x6c5370331c68
0x401e31,0x6c53703325e8
0x401e47,0x6c53703331f0
0x401804,0x6c5370330f88
0x401e89,0xd79e62b47a08
0x401cfb,0x6c5370331e18
0x401cfb,0x6c5370335138
0x401d8b,0xd79e62b47cd8
0x401cfb,0x6c5370335278
0x401804,0x6c5370334708
0x401e31,0x6c5370332ea8
0x401e47,0x6c5370333d30
0x401d8b,0xd79e62b4b3b8
0x401e89,0xd79e62b4b548
0x401e31,0x6c5370336768
0x40187e,0x6c5370334f80
0x401ea1,0xd79e62b4c650
0x401dc9,0x6c5370339108
0x40187e,0x6c5370338980
0x40187e,0x6c5370338fc0
0x401e1b,0xd79e62b423c0
0x401804,0x6c537033c508
0x401ed1,0xe8035e45bd80
0x401e47,0x6c537033bdb0
0x401ea1,0xe8035e45bf50
0x401cfb,0x6c537033dc58
0x401804,0x6c5370340188
0x401dc9,0x6c53703410e8
0x401dc9,0x6c5370341188
0x40176a,0x6c53703408c0
0x401804,0x6c53703409a8
0x401e31,0x6c53703423c8
0x401804,0x6c5370340d68
0x401e47,0x6c5370343110
0x401ed1,0x6c5370333540
0x401dc9,0x6c5370345128
0x401e89,0x6c5370332ec8
0x401dc9,0x6c5370345308
0x40187e,0x6c53703447c0
0x401cfb,0x6c5370345738
0x401d8b,0x6c5370336418
0x401dc9,0x6c5370345a88
0x401e47,0x6c5370347290
0x401d8b,0x6c5370336c38
0x401e47,0x6c5370347a10
0x401dc9,0x6c53703498e8
0x40182a,0x6c5370348b80
0x401d8b,0x6c537033a4f8
0x401e47,0x6c537034b550
0x40182a,0x6c537034c1c0
0x40185c,0x6c537034c640
0x401da0,0x6c537033bf60
0x401cfb,0x6c537034d7b8
0x401d8b,0x6c537033e538
0x401804,0x6c537034cd88
0x401e89,0x6c537033ebc8
0x401cfb,0x6c537034dfd8
0x401d8b,0x6c537033ed58
0x401cfb,0x6c5370351398
0x40182a,0x6c5370350980
0x401d8b,0x6c5370342758
0x401cfb,0x6c5370351c58
0x401804,0x6c5370350fa8
0x401cfb,0x6c5370351e38
0x401804,0x6c5370354728
0x401e31,0x6c5370352ec8
0x401e89,0x6c5370346388
0x401ea1,0x6c5370347210
0x401d8b,0x6c53703465b8
0x40185c,0x6c5370354f80
0x401dc9,0x6c5370359128
0x401da0,0x6c5370347c60
0x401ed1,0x6c5370347cc0
0x40185c,0x6c5370358980
0x401ea1,0x6c537034b390
0x401e1b,0x6c5370339f80
0x40185c,0x6c5370358fc0
0x401dc9,0x6c5370359f88
0x401804,0x6c537035c528
0x401da0,0x6c537034bca0
0x401cfb,0x6c537035dc78
0x401d8b,0x6c537034e818
0x401804,0x6c53703601a8
0x401cfb,0x6c53703610d8
0x401dc9,0x6c53703611a8
0x401e31,0x6c537035ebc8
0x40185c,0x6c53703608c0
0x40187e,0x6c5370360980
0x401e31,0x6c53703623e8
0x401e1b,0x6c5370341c40
0x401d8b,0x6c53703525d8
0x401da0,0x6c53703531e0
0x40187e,0x6c5370360d40
0x401e47,0x6c5370363130
0x401dc9,0x6c5370361c48
0x401ea1,0x6c5370353550
0x401cfb,0x6c5370365118
0x401dc9,0x6c5370365328
0x401d8b,0x6c5370352e98
0x40185c,0x6c53703647c0
0x401da0,0x6c5370353d20
0x401d8b,0x6c5370356438
0x401e31,0x6c5370366388
0x401dc9,0x6c5370365aa8
0x401d8b,0x6c5370356758
0x401e47,0x6c5370367210
0x401e47,0x6c53703672b0
0x401e89,0x6c5370356c08
0x401e47,0x6c5370367a30
0x401e89,0x6c537035a4c8
0x401cfb,0x6c53703698d8
0x401804,0x6c5370368b88
0x401e47,0x6c537036b390
0x401804,0x6c537036c1c8
0x401e47,0x6c537036b570
0x40182a,0x6c537036c640
0x401da0,0x6c537035bda0
0x401ed1,0x6c537035bf40
0x401e89,0x6c537035e508
0x401804,0x6c537036cda8
0x401cfb,0x6c537036dff8
0x401e1b,0x6c5370351340
0x401d8b,0x6c537035ed78
0x40176f,0x6c5370371348
0x401cfb,0x6c53703713b8
0x401804,0x6c5370370988
0x401d8b,0x6c5370362778
0x401cfb,0x6c5370371c78
0x40187e,0x6c5370370f80
0x401e1b,0x6c5370355100
0x401e47,0x6c5370373550
0x401e1b,0x6c5370355240
0x401dc9,0x6c5370375108
0x401dc9,0x6c5370375248
0x40187e,0x6c5370374700
0x401e31,0x6c5370372ee8
0x401e89,0x6c5370366588
0x40182a,0x6c5370374f80
0x401cfb,0x6c5370379118
0x401e31,0x6c5370376c08
0x401ea1,0x6c5370367cd0
0x401ed1,0x6c5370367c40
0x40182a,0x6c5370378980
0x401e31,0x6c537037a4c8
0x40182a,0x6c5370378fc0
0x401dc9,0x6c5370379fa8
0x40187e,0x6c537037c500
0x401ed1,0x6c537036bc80
0x401e31,0x6c537037e508
0x401d8b,0x6c537036e838
0x40187e,0x6c5370380180
0x40170a,0x6c53703810f8
0x4017a3,0x6c537037ebe8
0x40170a,0x6c5370381198
0x40182a,0x6c53703808c0
0x40185c,0x6c5370380980
0x401d8b,0x6c53703725f8
0x401ed1,0x6c53703731c0
0x40185c,0x6c5370380d40
0x401dc9,0x6c5370381c68
0x401cfb,0x6c5370385138
0x401cfb,0x6c5370385318
0x401d8b,0x6c5370372eb8
0x401e1b,0x6c5370365700
0x40182a,0x6c53703847c0
0x401ed1,0x6c5370373d00
0x401dc9,0x6c5370385708
0x401e89,0x6c5370376408
0x401e31,0x6c53703863a8
0x401cfb,0x6c5370385a98
0x401e31,0x6c5370386588
0x401e47,0x6c5370387230
0x401d8b,0x6c5370376778
0x401e47,0x6c5370387cd0
0x401cfb,0x6c53703898f8
0x401804,0x6c5370388ba8
0x401e47,0x6c537038b3b0
0x401804,0x6c537038c1e8
0x401804,0x6c537038c648
0x401e1b,0x6c537036d780
0x401ed1,0x6c537037bd80
0x401dc9,0x6c537038d788
0x401ea1,0x6c537037bf50
0x40187e,0x6c537038cd80
0x401e89,0x6c537037ed48
0x401dc9,0x6c5370391368
0x401804,0x6c53703909a8
0x401d8b,0x6c53703823d8
0x401da0,0x6c5370383120
0x401e89,0x6c5370382748
0x401e1b,0x6c5370371e00
0x401dc9,0x6c5370391e08
0x40185c,0x6c5370390f80
0x401e47,0x6c5370393570
0x401dc9,0x6c5370395128
0x401dc9,0x6c5370395268
0x40185c,0x6c5370394700
0x401e31,0x6c5370396408
0x401da0,0x6c53703872a0
0x401804,0x6c5370394f88
0x401cfb,0x6c5370399138
0x401e31,0x6c5370396c28
0x401da0,0x6c5370387a20
0x401ea1,0x6c5370387c50
0x401804,0x6c5370398988
0x401e31,0x6c537039a4e8
0x401804,0x6c5370398fc8
0x401da0,0x6c537038b560
0x401cfb,0x6c5370399f98
0x40185c,0x6c537039c500
0x401ea1,0x6c537038bc90
0x401e47,0x6c537039bf50
0x401e1b,0x6c537037dc40
0x401e31,0x6c537039e528
0x401dc9,0x6c537039dc48
0x401e89,0x6c537038e808
0x40185c,0x6c53703a0180
0x401cfb,0x6c53703a11b8
0x401e31,0x6c537039ed48
0x401804,0x6c53703a08c8
0x40182a,0x6c53703a0980
0x401e89,0x6c53703925c8
0x401ea1,0x6c53703931d0
0x40182a,0x6c53703a0d40
0x401cfb,0x6c53703a1c58
0x401e31,0x6c53703a2748
0x401e89,0x6c5370392e88
0x401cfb,0x6c53703a5338
0x401d8b,0x6c5370392ed8
0x401ea1,0x6c5370393d10
0x401804,0x6c53703a47c8
0x401dc9,0x6c53703a5728
0x401cfb,0x6c53703a5ab8
0x401e89,0x6c5370396748
0x401e31,0x6c53703a65a8
0x401e47,0x6c53703a7c50
0x401e47,0x6c53703a7cf0
0x40187e,0x6c53703a8b80
0x40187e,0x6c53703ac1c0
0x401804,0x6c53703ac668
0x401ea1,0x6c537039bd90
0x401e47,0x6c53703abc90
0x401dc9,0x6c53703ad7a8
0x40185c,0x6c53703acd80
0x401748,0x6c537038dfc0
0x401e31,0x6c53703ae808
0x401dc9,0x6c53703adfc8
0x401d8b,0x6c537039ebd8
0x401e1b,0x6c5370391380
0x401dc9,0x6c53703b1388
0x401cfb,0x6c53703b1358
0x40187e,0x6c53703b0980
0x401d8b,0x6c53703a23f8
0x401ed1,0x6c53703a3100
0x401e1b,0x6c5370391c40
0x401dc9,0x6c53703b1c48
0x401e31,0x6c53703b25c8
0x401e47,0x6c53703b31d0
0x40182a,0x6c53703b0f80
0x401dc9,0x6c53703b1e28
0x401cfb,0x6c53703b5118
0x401cfb,0x6c53703b5258
0x401e31,0x6c53703b2e88
0x40182a,0x6c53703b4700
0x401e47,0x6c53703b3d10
0x401d8b,0x6c53703a6398
0x401e31,0x6c53703b6428
0x401da0,0x6c53703a7220
0x401ed1,0x6c53703a7280
0x401804,0x6c53703b4fa8
0x401e31,0x6c53703b6748
0x401ed1,0x6c53703a7a00
0x401804,0x6c53703b89a8
0x401da0,0x6c53703ab3a0
0x401804,0x6c53703b8fe8
0x401ed1,0x6c53703ab540
0x401cfb,0x6c53703b9fb8
0x40182a,0x6c53703bc500
0x401e47,0x6c53703bbd90
0x401e47,0x6c53703bbf70
0x40176f,0x6c53703bdc68
0x401e1b,0x6c53703a10c0
0x40182a,0x6c53703c0180
0x401dc9,0x6c53703c10c8
0x401e31,0x6c53703bed68
0x401804,0x6c53703c08e8
0x401804,0x6c53703c0988
0x401804,0x6c53703c0d48
0x401cfb,0x6c53703c1c78
0x401e31,0x6c53703c2768
0x401da0,0x6c53703b3560
0x401e1b,0x6c53703a5100
0x401dc9,0x6c53703c5108
0x401d8b,0x6c53703b2ef8
0x401804,0x6c53703c47e8
0x401cfb,0x6c53703c5718
0x401d8b,0x6c53703b6c18
0x401e47,0x6c53703c7c70
0x401e1b,0x6c53703a98c0
0x401dc9,0x6c53703c98c8
0x401d8b,0x6c53703ba4d8
0x40185c,0x6c53703c8b80
0x40185c,0x6c53703cc1c0
0x40187e,0x6c53703cc640
0x401e47,0x6c53703cbcb0
0x401cfb,0x6c53703cd798
0x40173b,0x6c53703be518
0x40182a,0x6c53703ccd80
0x401e31,0x6c53703ce828
0x401dc9,0x6c53703cdfe8
0x401d8b,0x6c53703bebf8
0x401dc9,0x6c53703d13a8
0x401cfb,0x6c53703d1378
0x40185c,0x6c53703d0980
0x401e89,0x6c53703c23c8
0x401ea1,0x6c53703c3110
0x401e31,0x6c53703d25e8
0x401dc9,0x6c53703d1c68
0x401e47,0x6c53703d31f0
0x401804,0x6c53703d0f88
0x401cfb,0x6c53703d1e18
0x401cfb,0x6c53703d5138
0x401cfb,0x6c53703d5278
0x401804,0x6c53703d4708
0x401e31,0x6c53703d2ea8
0x401e47,0x6c53703d3d30
0x401d8b,0x6c53703c63b8
0x401d8b,0x6c53703c6598
0x401ea1,0x6c53703c7290
0x401ed1,0x6c53703c7200
0x40187e,0x6c53703d4f80
0x401e31,0x6c53703d6768
0x401e1b,0x6c53703b9100
0x401dc9,0x6c53703d9108
0x401ea1,0x6c53703c7a10
0x401da0,0x6c53703c7ce0
0x40187e,0x6c53703d8980
0x401ed1,0x6c53703cb380
0x401ea1,0x6c53703cb550
0x40187e,0x6c53703d8fc0
0x401804,0x6c53703dc508
0x401e47,0x6c53703dbdb0
0x401cfb,0x6c53703ddc58
0x401804,0x6c53703e0188
0x401e1b,0x6c53703c1180
0x401dc9,0x6c53703e10e8
0x401dc9,0x6c53703e1188
0x40187e,0x6c53703e08c0
0x401804,0x6c53703e09a8
0x401e31,0x6c53703e23c8
0x401804,0x6c53703e0d68
0x401e47,0x6c53703e3110
0x401ed1,0x6c53703d3540
0x401dc9,0x6c53703e5128
0x401e1b,0x6c53703c5300
0x401dc9,0x6c53703e5308
0x401e89,0x6c53703d2ec8
0x40187e,0x6c53703e47c0
0x401cfb,0x6c53703e5738
0x401e1b,0x6c53703c5a80
0x401d8b,0x6c53703d6418
0x401dc9,0x6c53703e5a88
0x401e47,0x6c53703e7290
0x401d8b,0x6c53703d6c38
0x401e47,0x6c53703e7a10
0x401dc9,0x6c53703e98e8
0x40182a,0x6c53703e8b80
0x401d8b,0x6c53703da4f8
0x401e47,0x6c53703eb550
0x40182a,0x6c53703ec1c0
0x40185c,0x6c53703ec640
0x401cfb,0x6c53703ed7b8
0x401da0,0x6c53703dbf60
0x401d8b,0x6c53703de538
0x401804,0x6c53703ecd88
0x401e89,0x6c53703debc8
0x401cfb,0x6c53703edfd8
0x401d8b,0x6c53703ded58
0x401cfb,0x6c53703f1398
0x40182a,0x6c53703f0980
0x401d8b,0x6c53703e2758
0x401cfb,0x6c53703f1c58
0x401804,0x6c53703f0fa8
0x401cfb,0x6c53703f1e38
0x401e31,0x6c53703f2ec8
0x401804,0x6c53703f4728
0x401e89,0x6c53703e6388
0x401ea1,0x6c53703e7210
0x401d8b,0x6c53703e65b8
0x40185c,0x6c53703f4f80
0x401dc9,0x6c53703f9128
0x401da0,0x6c53703e7c60
0x401ed1,0x6c53703e7cc0
0x40185c,0x6c53703f8980
0x401ea1,0x6c53703eb390
0x401e1b,0x6c53703d9f80
0x40185c,0x6c53703f8fc0
0x401dc9,0x6c53703f9f88
0x401804,0x6c53703fc528
0x40172e,0x6c53703ebca0
0x401cfb,0x6c53703fdc78
0x401d8b,0x6c53703ee818
0x401804,0x6c53704001a8
0x401cfb,0x6c53704010d8
0x401dc9,0x6c53704011a8
0x401e31,0x6c53703febc8
0x40185c,0x6c53704008c0
0x40187e,0x6c5370400980
0x401e31,0x6c53704023e8
0x401e1b,0x6c53703e1c40
0x401d8b,0x6c53703f25d8
0x401da0,0x6c53703f31e0
0x401e47,0x6c5370403130
0x40187e,0x6c5370400d40
0x401dc9,0x6c5370401c48
0x401ea1,0x6c53703f3550
0x401cfb,0x6c5370405118
0x401dc9,0x6c5370405328
0x401d8b,0x6c53703f2e98
0x40185c,0x6c53704047c0
0x401da0,0x6c53703f3d20
0x401d8b,0x6c53703f6438
0x401e31,0x6c5370406388
0x401dc9,0x6c5370405aa8
0x401d8b,0x6c53703f6758
0x401e47,0x6c5370407210
0x401e47,0x6c53704072b0
0x401e89,0x6c53703f6c08
0x401e47,0x6c5370407a30
0x401e89,0x6c53703fa4c8
0x401cfb,0x6c53704098d8
0x401804,0x6c5370408b88
0x401e47,0x6c537040b390
0x401804,0x6c537040c1c8
0x401e47,0x6c537040b570
0x40182a,0x6c537040c640
0x401da0,0x6c53703fbda0
0x401ed1,0x6c53703fbf40
0x401e89,0x6c53703fe508
0x401804,0x6c537040cda8
0x401cfb,0x6c537040dff8
0x401e1b,0x6c53703f1340
0x401d8b,0x6c53703fed78
0x401dc9,0x6c5370411348
0x401cfb,0x6c53704113b8
0x401804,0x6c5370410988
0x401d8b,0x6c5370402778
0x401cfb,0x6c5370411c78
0x40187e,0x6c5370410f80
0x401e1b,0x6c53703f5100
0x401e47,0x6c5370413550
0x401e1b,0x6c53703f5240
0x401dc9,0x6c5370415108
0x401dc9,0x6c5370415248
0x40187e,0x6c5370414700
0x401e31,0x6c5370412ee8
0x401e89,0x6c5370406588
0x40182a,0x6c5370414f80
0x401cfb,0x6c5370419118
0x401e31,0x6c5370416c08
0x401ea1,0x6c5370407cd0
0x401ed1,0x6c5370407c40
0x40182a,0x6c5370418980
0x401e31,0x6c537041a4c8
0x40182a,0x6c5370418fc0
0x401dc9,0x6c5370419fa8
0x40187e,0x6c537041c500
0x401ed1,0x6c537040bc80
0x401e31,0x6c537041e508
0x401d8b,0x6c537040e838
0x40187e,0x6c5370420180
0x401cfb,0x6c53704210f8
0x401cfb,0x6c5370421198
0x401e31,0x6c537041ebe8
0x40182a,0x6c53704208c0
0x40185c,0x6c5370420980
0x401d8b,0x6c53704125f8
0x401ed1,0x6c53704131c0
0x40185c,0x6c5370420d40
0x401dc9,0x6c5370421c68
0x401cfb,0x6c5370425138
0x401d8b,0x6c5370412eb8
0x401cfb,0x6c5370425318
0x401e1b,0x6c5370405700
0x40182a,0x6c53704247c0
0x401ed1,0x6c5370413d00
0x401dc9,0x6c5370425708
0x401e89,0x6c5370416408
0x401e31,0x6c53704263a8
0x401cfb,0x6c5370425a98
0x401d8b,0x6c5370416778
0x401e31,0x6c5370426588
0x401e47,0x6c5370427230
0x401e47,0x6c5370427cd0
0x401cfb,0x6c53704298f8
0x401804,0x6c5370428ba8
0x401e47,0x6c537042b3b0
0x401804,0x6c537042c1e8
0x401cfb,0xa7d08ad001b8
0x401804,0x6c537042c648
0x401e1b,0x6c537040d780
0x401ed1,0x6c537041bd80
0x401ea1,0x6c537041bf50
0x401e31,0xa7d08ad011a8
0x401dc9,0xa7d08ad008c8
0x40187e,0x6c537042cd80
0x401e47,0xa7d08ad023f0
0x40182a,0xa7d08ad03100
0x401e89,0x6c537041ed48
0x401e31,0xa7d08ad01c48
0x401dc9,0xa7d08ad047c8
0x401d8b,0x6c53704223d8
0x401e31,0xa7d08ad05328
0x401da0,0x6c5370423120
0x401e89,0x6c5370422748
0x401e1b,0x6c5370411e00
0x401e47,0xa7d08ad06390
0x40185c,0xa7d08ad07200
0x40182a,0xa7d08ad07280
0x401e31,0xa7d08ad05aa8
0x40182a,0xa7d08ad07a00
0x401804,0xa7d08ad07c68
0x40187e,0xa7d08ad07cc0
0x401da0,0x6c53704272a0
0x401cfb,0xa7d08ad08b98
0x40185c,0xa7d08ad0b380
0x401cfb,0xa7d08ad0c1d8
0x401da0,0x6c5370427a20
0x40182a,0xa7d08ad0b540
0x401ea1,0x6c5370427c50
0x401dc9,0xa7d08ad0c668
0x401804,0xa7d08ad0bca8
0x401cfb,0xa7d08ad0cdb8
0x401da0,0x6c537042b560
0x401ea1,0x6c537042bc90
0x401d8b,0xa7d08ad010d8
0x401e31,0xa7d08ad11348
0x401cfb,0xa7d08ad10998
0x401e1b,0x6c537041dc40
0x401804,0xa7d08ad131e8
0x401ed1,0xa7d08ad02740
0x401861,0xa7d08ad13548
0x401d8b,0xa7d08ad05118
0x401e31,0xa7d08ad15108
0x401e31,0xa7d08ad15248
0x401e47,0xa7d08ad12ef0
0x401804,0xa7d08ad13d28
0x401e89,0xa7d08ad05708
0x401ea1,0xa7d08ad06590
0x401dc9,0xa7d08ad14fa8
0x401e47,0xa7d08ad16c10
0x401dc9,0xa7d08ad189a8
0x401d8b,0xa7d08ad098d8
0x401e47,0xa7d08ad1a4d0
0x401dc9,0xa7d08ad18fe8
0x401e31,0xa7d08ad19fa8
0x401804,0xa7d08ad1bda8
0x401e89,0xa7d08ad0d788
0x40176a,0xa7d08ad1bf40
0x401e47,0xa7d08ad1e510
0x401ed1,0xa7d08ad0e800
0x401d8b,0xa7d08ad0dff8
0x401e47,0xa7d08ad1ebf0
0x401e1b,0xa7d08ad00980
0x401d8b,0xa7d08ad113b8
0x401dc9,0xa7d08ad208e8
0x401dc9,0xa7d08ad20988
0x401e1b,0xa7d08ad00d40
0x401dc9,0xa7d08ad20d48
0x401804,0xa7d08ad23108
0x401ed1,0xa7d08ad125c0
0x401d8b,0xa7d08ad11c78
0x401e89,0xa7d08ad11e08
0x401e31,0xa7d08ad21c68
0x401dc9,0xa7d08ad247e8
0x401ed1,0xa7d08ad12e80
0x401ea1,0xa7d08ad16410
0x401e31,0xa7d08ad25708
0x401e47,0xa7d08ad263b0
0x401e47,0xa7d08ad26590
0x401804,0xa7d08ad27288
0x40182a,0xa7d08ad27200
0x401ed1,0xa7d08ad16740
0x401d8b,0xa7d08ad19118
0x401804,0xa7d08ad27a08
0x40187e,0xa7d08ad27c40
0x40185c,0xa7d08ad27cc0
0x401cfb,0xa7d08ad28bb8
0x40182a,0xa7d08ad2b380
0x401cfb,0xa7d08ad2c1f8
0x401804,0xa7d08ad2b548
0x401cfb,0xa7d08ad2c658
0x40187e,0xa7d08ad2bc80
0x401e31,0xa7d08ad2d788
0x401e89,0xa7d08ad1dc48
0x401ea1,0xa7d08ad1ed50
0x401d8b,0xa7d08ad210f8
0x401d8b,0xa7d08ad21198
0x401e31,0xa7d08ad31368
0x401cfb,0xa7d08ad309b8
0x401da0,0xa7d08ad223e0
0x401e1b,0xa7d08ad10f80
0x401dc9,0xa7d08ad30f88
0x401ea1,0xa7d08ad22750
0x40187e,0xa7d08ad331c0
0x40182a,0xa7d08ad33540
0x401e31,0xa7d08ad31e08
0x401e1b,0xa7d08ad14700
0x401d8b,0xa7d08ad25138
0x401dc9,0xa7d08ad34708
0x401e31,0xa7d08ad35128
0x401d8b,0xa7d08ad25318
0x401e31,0xa7d08ad35268
0x40187e,0xa7d08ad33d00
0x401e47,0xa7d08ad36410
0x401d8b,0xa7d08ad25a98
0x401cfb,0xa7d08ad34f98
0x401e47,0xa7d08ad36c30
0x401cfb,0xa7d08ad38998
0x401d8b,0xa7d08ad298f8
0x401e47,0xa7d08ad3a4f0
0x401cfb,0xa7d08ad38fd8
0x401e1b,0xa7d08ad1c500
0x401dc9,0xa7d08ad3c508
0x40187e,0xa7d08ad3bd80
0x40185c,0xa7d08ad3bf40
0x401e47,0xa7d08ad3e530
0x401e1b,0xa7d08ad20180
0x401ea1,0xa7d08ad2e810
0x401dc9,0xa7d08ad40188
0x401e31,0xa7d08ad3dc48
0x401e89,0xa7d08ad2dfc8
0x401e89,0xa7d08ad31388
0x401e47,0xa7d08ad3ed50
0x401cfb,0xa7d08ad408d8
0x401dc9,0xa7d08ad409a8
0x401dc9,0xa7d08ad40d68
0x401ea1,0xa7d08ad325d0
0x401804,0xa7d08ad43128
0x401e89,0xa7d08ad31c48
0x401e47,0xa7d08ad42750
0x401ea1,0xa7d08ad32e90
0x401da0,0xa7d08ad32ee0
0x401cfb,0xa7d08ad447d8
0x401e31,0xa7d08ad45728
0x401ea1,0xa7d08ad36750
0x401804,0xa7d08ad47208
0x401e47,0xa7d08ad465b0
0x401804,0xa7d08ad472a8
0x401d8b,0xa7d08ad39138
0x401804,0xa7d08ad47a28
0x40185c,0xa7d08ad47c40
0x40182a,0xa7d08ad47cc0
0x401804,0xa7d08ad4b388
0x401804,0xa7d08ad4b568
0x401d8b,0xa7d08ad39f98
0x401cfb,0xa7d08ad4c678
0x401861,0xa7d08ad4bc88
0x401e1b,0xa7d08ad2cd80
0x401dc9,0xa7d08ad4cd88
0x401e31,0xa7d08ad4d7a8
0x401e47,0xa7d08ad4e810
0x401da0,0xa7d08ad3ebe0
0x401e89,0xa7d08ad410c8
0x401d8b,0xa7d08ad411b8
0x401e31,0xa7d08ad4dfc8
0x401e31,0xa7d08ad51388
0x401ed1,0xa7d08ad423c0
0x401dc9,0xa7d08ad50fa8
0x40185c,0xa7d08ad531c0
0x401e47,0xa7d08ad525d0
0x401d8b,0xa7d08ad41c58
0x401e31,0xa7d08ad51c48
0x401804,0xa7d08ad53548
0x401e31,0xa7d08ad51e28
0x401e89,0xa7d08ad45108
0x401dc9,0xa7d08ad54728
0x401d8b,0xa7d08ad45338
0x401e47,0xa7d08ad52e90
0x40185c,0xa7d08ad53d00
0x401da0,0xa7d08ad463a0
0x401e47,0xa7d08ad56430
0x401d8b,0xa7d08ad45ab8
0x401cfb,0xa7d08ad54fb8
0x401e47,0xa7d08ad56750
0x401cfb,0xa7d08ad589b8
0x401e89,0xa7d08ad498c8
0x401cfb,0xa7d08ad58ff8
0x401dc9,0xa7d08ad5c528
0x40185c,0xa7d08ad5bd80
0x40182a,0xa7d08ad5bf40
0x401dc9,0xa7d08ad601a8
0x401e31,0xa7d08ad5dc68
0x401e31,0xa7d08ad610c8
0x401e47,0xa7d08ad5ed70
0x401d8b,0xa7d08ad51358
0x401cfb,0xa7d08ad608f8
0x401cfb,0xa7d08ad60998
0x401cfb,0xa7d08ad60d58
0x40187e,0xa7d08ad63100
0x401e47,0xa7d08ad62770
0x401d8b,0xa7d08ad55118
0x401d8b,0xa7d08ad55258
0x401e31,0xa7d08ad65108
0x401ed1,0xa7d08ad52ec0
0x401cfb,0xa7d08ad647f8
0x401804,0xa7d08ad67228
0x40187e,0xa7d08ad67280
0x401da0,0xa7d08ad56c20
0x401e89,0xa7d08ad59108
0x40187e,0xa7d08ad67a00
0x401e1b,0xa7d08ad48b80
0x401804,0xa7d08ad67cc8
0x40182a,0xa7d08ad67c40
0x401dc9,0xa7d08ad68b88
0x401da0,0xa7d08ad5a4e0
0x401e31,0xa7d08ad698c8
0x401e1b,0xa7d08ad4c1c0
0x401804,0xa7d08ad6b3a8
0x401dc9,0xa7d08ad6c1c8
0x40187e,0xa7d08ad6b540
0x401d8b,0xa7d08ad59fb8
0x40182a,0xa7d08ad6bc80
0x401dc9,0xa7d08ad6cda8
0x401da0,0xa7d08ad5e520
0x401e47,0xa7d08ad6e830
0x401ed1,0xa7d08ad5ebc0
0x401e89,0xa7d08ad61188
0x401e31,0xa7d08ad6dfe8
0x401e1b,0xa7d08ad50980
0x401dc9,0xa7d08ad70988
0x401e31,0xa7d08ad713a8
0x401ea1,0xa7d08ad623d0
0x401cfb,0xa7d08ad70f98
0x40182a,0xa7d08ad731c0
0x401e47,0xa7d08ad725f0
0x401d8b,0xa7d08ad61c78
0x401e31,0xa7d08ad71c68
0x401804,0xa7d08ad73568
0x401e89,0xa7d08ad65308
0x401cfb,0xa7d08ad74718
0x401e47,0xa7d08ad72eb0
0x40182a,0xa7d08ad73d00
0x401d8b,0xa7d08ad65718
0x401ed1,0xa7d08ad66380
0x401da0,0xa7d08ad665a0
0x401e89,0xa7d08ad65a88
0x401e47,0xa7d08ad76770
0x401e31,0xa7d08ad79108
0x40170a,0xa7d08ad7c518
0x40182a,0xa7d08ad7bd80
0x401d8b,0xa7d08ad6d798
0x401804,0xa7d08ad7bf48
0x401cfb,0xa7d08ad80198
0x401e31,0xee30bb940188
0x401d8b,0xa7d08ad71378
0x401cfb,0xa7d08ad809b8
0x401cfb,0xa7d08ad80d78
0x401e31,0xee30bb9409a8
0x401cfb,0xee30bb943138
0x401804,0xee30bb9423e8
0x401d8b,0xa7d08ad71e18
0x401e31,0xee30bb940d68
0x40185c,0xee30bb942740
0x401d8b,0xa7d08ad75138
0x401ea1,0xa7d08ad72ed0
0x401d8b,0xa7d08ad75278
0x401da0,0xa7d08ad76420
0x401804,0xee30bb946388
0x401e47,0xee30bb945730
0x401cfb,0xee30bb947218
0x401cfb,0xee30bb9472b8
0x40182a,0xee30bb946580
0x401ed1,0xa7d08ad76c00
0x401cfb,0xee30bb947a38
0x401dc9,0xee30bb947c48
0x401dc9,0xee30bb947ce8
0x401ed1,0xa7d08ad7a4c0
0x401748,0xa7d08ad6c640
0x4017e0,0xa7d08ad79f88
0x40170a,0xee30bb94b398
0x401cfb,0xee30bb94b578
0x401dc9,0xee30bb94bc88
0x401ed1,0xa7d08ad7e500
0x401d8b,0xa7d08ad7dc58
0x401e47,0xee30bb94d7b0
0x401e31,0xee30bb94cd88
0x401ea1,0xa7d08ad7ebd0
0x40185c,0xee30bb94e800
0x401da0,0xa7d08ad7ed60
0x401ea1,0xee30bb9410d0
0x401e47,0xee30bb94dfd0
0x401ed1,0xee30bb941180
0x401d8b,0xee30bb9408d8
0x401e47,0xee30bb951390
0x401dc9,0xee30bb9531c8
0x40185c,0xee30bb9525c0
0x401da0,0xee30bb941c60
0x401cfb,0xee30bb953558
0x401e31,0xee30bb950fa8
0x401e47,0xee30bb951c50
0x401e47,0xee30bb951e30
0x401ea1,0xee30bb945110
0x401ed1,0xee30bb945300
0x401804,0xee30bb952ee8
0x401dc9,0xee30bb953d08
0x401d8b,0xee30bb9447d8
0x40185c,0xee30bb952e80
0x401e31,0xee30bb954728
0x401e1b,0xa7d08ad74f80
0x40182a,0xee30bb956400
0x401ed1,0xee30bb945a80
0x40185c,0xee30bb956740
0x401e1b,0xa7d08ad78980
0x401804,0xee30bb956c08
0x401e1b,0xa7d08ad78fc0
0x401e89,0xee30bb948b88
0x401ea1,0xee30bb9498d0
0x401804,0xee30bb95a4c8
0x401e89,0xee30bb94c1c8
0x401e31,0xee30bb95c528
0x401d8b,0xee30bb94c678
0x401dc9,0xee30bb95bd88
0x401dc9,0xee30bb95bf68
0x401804,0xee30bb95e508
0x401e47,0xee30bb95dc70
0x401e1b,0xa7d08ad808c0
0x401e31,0xee30bb9601a8
0x401804,0xee30bb95ebe8
0x401e47,0xee30bb9610d0
0x40182a,0xee30bb95ed40
0x401da0,0xee30bb951360
0x401e89,0xee30bb950988
0x40187e,0xee30bb9623c0
0x40182a,0xee30bb962740
0x401da0,0xee30bb955120
0x401da0,0xee30bb955260
0x401e47,0xee30bb965110
0x401804,0xee30bb9663a8
0x401cfb,0xee30bb967238
0x401804,0xee30bb966588
0x401d8b,0xee30bb954fb8
0x401ea1,0xee30bb959110
0x401dc9,0xee30bb967c68
0x401cfb,0xee30bb967cd8
0x401d8b,0xee30bb9589b8
0x401e31,0xee30bb968b88
0x401e47,0xee30bb9698d0
0x401cfb,0xee30bb96b3b8
0x401d8b,0xee30bb958ff8
0x401e31,0xee30bb96c1c8
0x401ed1,0xee30bb959f80
0x401dc9,0xee30bb96bca8
0x401e31,0xee30bb96cda8
0x40182a,0xee30bb96e800
0x401ea1,0xee30bb961190
0x401e47,0xee30bb96dff0
0x401d8b,0xee30bb9608f8
0x401e47,0xee30bb9713b0
0x401d8b,0xee30bb960998
0x401e31,0xee30bb970988
0x401dc9,0xee30bb9731e8
0x401d8b,0xee30bb960d58
0x40182a,0xee30bb9725c0
0x401ed1,0xee30bb961c40
0x401cfb,0xee30bb973578
0x401e47,0xee30bb971c70
0x401ea1,0xee30bb965310
0x40182a,0xee30bb972e80
0x401d8b,0xee30bb9647f8
0x40187e,0xee30bb972ec0
0x401dc9,0xee30bb973d28
0x401da0,0xee30bb965720
0x401804,0xee30bb976408
0x401ea1,0xee30bb965a90
0x40182a,0xee30bb976740
0x401804,0xee30bb976c28
0x401e47,0xee30bb979110
0x401804,0xee30bb97a4e8
0x401e89,0xee30bb96c648
0x401dc9,0xee30bb97bda8
0x401cfb,0xee30bb97bf58
0x401da0,0xee30bb96d7a0
0x401804,0xee30bb97e528
0x40187e,0xee30bb97ebc0
0x401804,0xee30bb97ed48
0x401e47,0xee30bb9810f0
0x401e47,0xee30bb981190
0x401ed1,0xee30bb971340
0x401e1b,0xee30bb963100
0x401dc9,0xee30bb983108
0x40185c,0xee30bb9823c0
0x401d8b,0xee30bb970f98
0x401804,0xee30bb982748
0x401da0,0xee30bb971e20
0x401ed1,0xee30bb975100
0x401ed1,0xee30bb975240
0x401e47,0xee30bb985130
0x401d8b,0xee30bb974718
0x401e47,0xee30bb985310
0x401e1b,0xee30bb967280
0x40187e,0xee30bb986380
0x401dc9,0xee30bb987288
0x401804,0xee30bb9865a8
0x401e89,0xee30bb974f88
0x401e47,0xee30bb985a90
0x401e1b,0xee30bb967a00
0x401dc9,0xee30bb987a08
0x401cfb,0xee30bb987c58
0x40170a,0xee30bb987cf8
0x4017e0,0xee30bb978988
0x401e31,0xee30bb988ba8
0x401e47,0xee30bb9898f0
0x401e1b,0xee30bb96b540
0x401e89,0xee30bb978fc8
0x401dc9,0xee30bb98b548
0x401ea1,0xee30bb979f90
0x401e31,0xee30bb98c1e8
0x401d8b,0xee30bb97c518
0x401e31,0xee30bb98c648
0x401cfb,0xee30bb98bc98
0x401da0,0xee30bb97dc60
0x401804,0xee30bb98e808
0x401d8b,0xee30bb980198
0x401e89,0xee30bb9808c8
0x401d8b,0xee30bb9809b8
0x401e31,0xee30bb9909a8
0x401cfb,0xee30bb9931d8
0x401d8b,0xee30bb980d78
0x401804,0xee30bb9925c8
0x401ea1,0xee30bb981c50
0x401e89,0xee30bb9847c8
0x401804,0xee30bb992e88
0x40185c,0xee30bb992ec0
0x401cfb,0xee30bb993d18
0x401ed1,0xee30bb985700
0x401804,0xee30bb996428
0x401804,0xee30bb996748
0x401e31,0xee30bb994f88
0x40187e,0xee30bb996c00
0x401e47,0xee30bb999130
0x4017a3,0xee30bb998988
0x40176a,0xee30bb99a4c0
0x4017a3,0xee30bb998fc8
0x401796,0xee30bb999f90
0x40170a,0xee30bb99bd98
0x40170a,0xee30bb99bf78
0x4017b0,0xee30bb98d780
0x40176a,0xee30bb99e500
0x40173b,0xee30bb98cd98
0x40172e,0xee30bb98dfe0
0x401804,0xee30bb99ed68
0x401736,0xee30bb99ebc0
0x4017d0,0xee30bb991350
0x401796,0xfdfd3a8c5110
0x40172e,0xee30bb9913a0
0x401736,0xee30bb9a10c0
0x40176a,0xee30bb9a1180
0x4017a3,0xee30bb9a08c8
0x40173b,0xee30bb990fb8
0x40172e,0xee30bb991c60
0x4017b0,0xee30bb991e00
0x4017d0,0xee30bb995110
0x401804,0xee30bb9a1c68
0x4017d0,0xee30bb995250
0x40173b,0xee30bb994738
0x401736,0xee30bb9a3100
0x401748,0xee30bb987200
0x401796,0xfdfd3a8cd790
0x40176f,0xfdfd3a8d1348
0x40170a,0xfdfd3a8d13b8
0x40170a,0xfdfd3a8d1c78
0x401804,0xee30bb9a5108
0x401705,0xee30bb9a5300
0x401748,0xee30bb98b380
0x40176a,0xee30bb9a5700
0x401705,0xee30bb9a5a80
0x40173b,0xee30bb99c538
0x40176f,0xfdfd3a8dbd88
0x40176f,0xfdfd3a8dbf68
0x401804,0xee30bb9a7288
0x401705,0xee30bb9a7200
0x40170a,0x98f5690d6438
0x4017b0,0xee30bb99dc40
0x401796,0xfdfd3a8e1c70
0x40173b,0xee30bb9a01b8
0x401804,0xee30bb9a7a08
0x40170a,0x98f5690d6758
0x40176a,0xee30bb9a7c40
0x4017d0,0xfdfd3a8c5310
0x401736,0xee30bb9a7cc0
0x4017e0,0xee30bb9a0988
0x40172e,0xfdfd3a8c5720
0x4017e0,0xee30bb9a0d48
0x4017a3,0xee30bb9a8ba8
0x4017d0,0xfdfd3a8c5a90
0x401748,0xee30bb993540
0x40176a,0xee30bb9a98c0
0x40170a,0xfdfd3a8c65b8
0x40173b,0xee30bb9a23d8
0x4017e0,0xee30bb9a2748
0x401804,0xee30bb9ab3a8
0x40176a,0xee30bb9ab540
0x40170a,0xfdfd3a8d25f8
0x4017d0,0xfdfd3a8cdfd0
0x40182a,0xee30bb9abc80
0x401d8b,0xee30bb9a47d8
0x401dc9,0xfdfd3a8d2ee8
0x401cfb,0xfdfd3a8d2eb8
0x401dc9,0xfdfd3a8dc528
0x401804,0xee30bb9ad7a8
0x401d8b,0xee30bb9a63b8
0x401ed1,0xfdfd3a8e10c0
0x401e47,0xfdfd3a8d9fb0
0x401da0,0xfdfd3a8e11a0
0x401d8b,0xee30bb9a6598
0x401804,0xee30bb9adfc8
0x401e31,0xee30bb9ae808
0x401ed1,0xfdfd3a8c3100
0x401e31,0xee30bb9b0988
0x40182a,0xee30bb9b1340
0x40187e,0xee30bb9b1380
0x40187e,0xee30bb9b1c40
0x401cfb,0xfdfd3a8c8bb8
0x40185c,0xee30bb9b1e00
0x401861,0xee30bb9b31c8
0x401cfb,0xfdfd3a8d31f8
0x401804,0xee30bb9b3548
0x401e47,0xfdfd3a8d0990
0x401dc9,0xfdfd3a8d3548
0x401e31,0xee30bb9b2ec8
0x401d8b,0xee30bb9ac1f8
0x401da0,0xfdfd3a8d9120
0x40185c,0xee30bb9b3d00
0x401d8b,0xee30bb9ac658
0x401e1b,0xfdfd3a8d1e00
0x401cfb,0xfdfd3a8d3d38
0x401804,0xee30bb9b5128
0x401e47,0xfdfd3a8da4d0
0x401804,0xee30bb9b5268
0x401e89,0xee30bb9acd88
0x401e31,0xee30bb9b4fa8
0x401e31,0xee30bb9b6408
0x401dc9,0xfdfd3a8ddc68
0x401da0,0xa21321898e0
0x401e31,0xee30bb9b6c28
0x401dc9,0x98f5690d8988
0x401e1b,0x98f5690d6c00
0x401804,0xee30bb9b9108
0x401dc9,0x98f5690d8fc8
0x401da0,0xfdfd3a8c47e0
0x401e1b,0xfdfd3a8c6380
0x401d8b,0xee30bb9b0f98
0x401d8b,0xee30bb9b25d8
0x401dc9,0x98f5690ddc48
0x40182a,0xee30bb9b9f80
0x401cfb,0x98f5690e11b8
0x401d8b,0xee30bb9b2e98
0x401da0,0xfdfd3a8d0fa0
0x401e89,0xee30bb9b4708
0x40187e,0xee30bb9bbd80
0x401cfb,0x98f5690e1c58
0x40185c,0xee30bb9bbf40
0x401cfb,0x98f5690e5338
0x401dc9,0x98f5690e5728
0x401da0,0x98f5690d5120
0x40182a,0xee30bb9bdc40
0x401cfb,0x98f5690e5ab8
0x401da0,0x98f5690d5260
0x401e31,0xee30bb9be508
0x401e89,0xee30bb9b6748
0x401e31,0xee30bb9bebe8
0x401e47,0x98f5690e8bb0
0x401e31,0xee30bb9c0188
0x401e47,0x98f5690ec1f0
0x401da0,0x98f5690dc520
0x401d8b,0xee30bb9b89b8
0x40185c,0x5829a6eb9100
0x401e31,0xee30bb9c09a8
0x401e47,0x98f5690ec650
0x401e31,0xee30bb9c0d68
0x401d8b,0xee30bb9b8ff8
0x401dc9,0x98f5690ed7a8
0x401d8b,0xee30bb9ba4f8
0x401da0,0x98f5690e01a0
0x401e31,0x5829a6eba4e8
0x40187e,0x5829a6eb9f80
0x401dc9,0x98f5690edfc8
0x401ea1,0x98f5690e08d0
0x401ed1,0x98f5690e0980
0x401dc9,0x98f5690f1388
0x401e47,0x98f5690f09b0
0x401cfb,0x98f5690f1358
0x401ed1,0x98f5690e0d40
0x401d8b,0xee30bb9bc538
0x401804,0x5829a6ebbd88
0x401dc9,0x98f5690f1c48
0x401804,0x5829a6ebbf68
0x401dc9,0x98f5690f1e28
0x401ea1,0x98f5690e47d0
0x401cfb,0x98f5690f5118
0x401cfb,0x98f5690f5258
0x401e47,0x98f5690f4f90
0x401e89,0xee30bb9bed48
0x401e47,0x98f5690f8990
0x401e47,0x98f5690f8fd0
0x401d8b,0xee30bb9c08d8
0x401e31,0x71d5f3e008c8
0x40185c,0x71d5f3e010c0
0x40187e,0x71d5f3e01180
0x401cfb,0x98f5690f9fb8
0x401da0,0x98f5690ecda0
0x401804,0x71d5f3e01c68
0x401dc9,0x98f5690fdc68
0x401e1b,0x98f5690e10c0
0x40185c,0x71d5f3e03100
0x401dc9,0x98f5691010c8
0x401796,0x98f5691008d0
0x401ed1,0x98f5690f0f80
0x401cfb,0x98f569101c78
0x401d8b,0x412e73cae818
0x401804,0x71d5f3e05108
0x401e1b,0x98f5690e5100
0x401ed1,0x98f5690f4700
0x401dc9,0x98f569105108
0x40182a,0x71d5f3e05300
0x401e47,0x98f5691047d0
0x40187e,0x71d5f3e05700
0x401cfb,0x98f569105718
0x40182a,0x71d5f3e05a80
0x401d8b,0x412e73cb0998
0x401804,0x71d5f3e07288
0x40182a,0x71d5f3e07200
0x401e89,0x412e73cb0f88
0x401d8b,0x71d5f3e001b8
0x401e1b,0x98f5690e98c0
0x401804,0x71d5f3e07a08
0x401dc9,0x98f5691098c8
0x40187e,0x71d5f3e07c40
0x40185c,0x71d5f3e07cc0
0x401e89,0x71d5f3e00988
0x401ed1,0x98f5690fc500
0x401e47,0x98f56910c670
0x401e31,0x71d5f3e08ba8
0x401e89,0x71d5f3e00d48
0x40187e,0x71d5f3e098c0
0x401cfb,0x98f56910d798
0x401d8b,0x71d5f3e023d8
0x401ed1,0x98f569100180
0x401e89,0x71d5f3e02748
0x401dc9,0x98f56910dfe8
0x401804,0x71d5f3e0b3a8
0x4017d0,0x98f569100990
0x40187e,0x71d5f3e0b540
0x401dc9,0x98f5691113a8
0x401cfb,0x98f569111378
0x401ea1,0x98f569100d50
0x40182a,0x71d5f3e0bc80
0x401dc9,0x98f569111c68
0x401d8b,0x71d5f3e047d8
0x401cfb,0x98f569111e18
0x401cfb,0x98f569115138
0x401cfb,0x98f569115278
0x401804,0x71d5f3e0d7a8
0x401d8b,0x71d5f3e063b8
0x401e47,0x98f569114fb0
0x401d8b,0x71d5f3e06598
0x401804,0x71d5f3e0dfc8
0x401e31,0x71d5f3e0e808
0x401e1b,0x98f5690f9100
0x401dc9,0x98f569119108
0x401e47,0x98f5691189b0
0x401da0,0x98f569108ba0
0x401e47,0x98f569118ff0
0x401da0,0x98f56910c1e0
0x401e31,0x71d5f3e10988
0x40182a,0x71d5f3e11340
0x40187e,0x71d5f3e11380
0x401ed1,0x98f56910cd80
0x40187e,0x71d5f3e11c40
0x40185c,0x71d5f3e11e00
0x401cfb,0x98f56911dc58
0x401e1b,0x98f569101180
0x401736,0x71d5f3e131c0
0x40176f,0x98f5691210e8
0x401dc9,0x98f569121188
0x401da0,0x98f5691109a0
0x401804,0x71d5f3e13548
0x401e47,0x98f5691208f0
0x401e47,0x98f569120990
0x401e31,0x71d5f3e12ec8
0x401d8b,0x71d5f3e0c1f8
0x401e47,0x98f569120d50
0x401ea1,0x98f569110f90
0x40185c,0x71d5f3e13d00
0x401d8b,0x71d5f3e0c658
0x401804,0x71d5f3e15128
0x401ea1,0x98f569114710
0x401804,0x71d5f3e15268
0x401e1b,0x98f569105300
0x401dc9,0x98f569125128
0x401e89,0x71d5f3e0cd88
0x401e47,0x98f5691247f0
0x401dc9,0x98f569125308
0x401e31,0x71d5f3e14fa8
0x401cfb,0x98f569125738
0x401e1b,0x98f569105a80
0x401e31,0x71d5f3e16408
0x401dc9,0x98f569125a88
0x401e31,0x71d5f3e16c28
0x401dc9,0x98f5691298e8
0x401ea1,0x98f56911c510
0x401804,0x71d5f3e19108
0x401d8b,0x71d5f3e10f98
0x401cfb,0x98f56912d7b8
0x401ea1,0x98f569120190
0x401d8b,0x71d5f3e125d8
0x401705,0x71d5f3e19f80
0x401cfb,0x98f56912dfd8
0x401d8b,0x71d5f3e12e98
0x401cfb,0x98f569131398
0x401e47,0x98f569130f90
0x401e89,0x71d5f3e14708
0x40187e,0x71d5f3e1bd80
0x401cfb,0x98f569131c58
0x40185c,0x71d5f3e1bf40
0x401cfb,0x98f569131e38
0x401e47,0x98f569134710
0x40182a,0x71d5f3e1dc40
0x401e89,0x71d5f3e16748
0x401e31,0x71d5f3e1e508
0x401dc9,0x98f569139128
0x401e31,0x71d5f3e1ebe8
0x401ed1,0x98f569128b80
0x401e31,0x71d5f3e20188
0x401ed1,0x98f56912c1c0
0x401e1b,0x98f569119f80
0x401804,0x71d5f3e210c8
0x401d8b,0x71d5f3e189b8
0x401dc9,0x98f569139f88
0x401e47,0x98f56913c510
0x40182a,0x71d5f3e21180
0x401da0,0x98f56912c660
0x401e31,0x71d5f3e209a8
0x401e31,0x71d5f3e20d68
0x401d8b,0x71d5f3e18ff8
0x401ea1,0x98f56912cd90
0x401d8b,0x71d5f3e1a4f8
0x40185c,0x71d5f3e21c40
0x401e47,0x98f569140190
0x40170a,0x98f56913dc78
0x4017a3,0x71d5f3e22768
0x401804,0x71d5f3e23108
0x401cfb,0x98f5691410d8
0x401dc9,0x98f5691411a8
0x401ed1,0x98f569130980
0x401e47,0x98f5691409b0
0x401e47,0x98f569140d70
0x401d8b,0x71d5f3e1c538
0x401e1b,0x98f569121c40
0x401dc9,0x98f569141c48
0x40187e,0x71d5f3e25100
0x401804,0x71d5f3e25328
0x401cfb,0x98f569145118
0x401dc9,0x98f569145328
0x40182a,0x71d5f3e25700
0x401804,0x71d5f3e25aa8
0x401da0,0x98f569134fa0
0x401e31,0x71d5f3e26388
0x401dc9,0x98f569145aa8
0x401804,0x71d5f3e27228
0x40187e,0x71d5f3e27280
0x401e89,0x71d5f3e1ed48
0x401da0,0x98f5691389a0
0x40187e,0x71d5f3e27a00
0x401da0,0x98f569138fe0
0x401cfb,0x98f5691498d8
0x401804,0x71d5f3e27cc8
0x40182a,0x71d5f3e27c40
0x401d8b,0x71d5f3e208d8
0x40182a,0x71d5f3e298c0
0x401e47,0x98f56914cd90
0x401e89,0x71d5f3e223c8
0x401cfb,0x98f56914dff8
0x401e1b,0x98f569131340
0x40185c,0x71d5f3e2b380
0x401da0,0x98f5691408e0
0x401dc9,0x98f569151348
0x40182a,0x71d5f3e2b540
0x401cfb,0x98f5691513b8
0x401e31,0x71d5f3e2c1c8
0x401e47,0x98f569150fb0
0x401804,0x71d5f3e2bca8
0x401e89,0x71d5f3e247c8
0x401cfb,0x98f569151c78
0x401e1b,0x98f569135100
0x401e1b,0x98f569135240
0x401dc9,0x98f569155108
0x401da0,0x98f5691447e0
0x401e47,0x98f569154730
0x401dc9,0x98f569155248
0x401e31,0x71d5f3e2cda8
0x40185c,0x71d5f3e2d780
0x401e89,0x71d5f3e26588
0x40187e,0x71d5f3e2dfc0
0x401cfb,0x98f569159118
0x401ea1,0x98f569148b90
0x401ea1,0x98f56914c1d0
0x401dc9,0x98f569159fa8
0x401ed1,0x98f56914c640
0x401e47,0x98f56915c530
0x401d8b,0x71d5f3e28bb8
0x401804,0x71d5f3e31368
0x40182a,0x71d5f3e31380
0x40182a,0x71d5f3e31c40
0x401804,0x71d5f3e31e08
0x401e47,0x98f5691601b0
0x401804,0x71d5f3e331c8
0x401cfb,0x98f5691610f8
0x401ea1,0x98f569150990
0x401cfb,0x98f569161198
0x40187e,0x71d5f3e33540
0x401e89,0x71d5f3e2c648
0x401804,0x71d5f3e33d08
0x401dc9,0x98f569161c68
0x401e31,0x71d5f3e34728
0x40185c,0x71d5f3e35100
0x40185c,0x71d5f3e35240
0x401cfb,0x98f569165138
0x401cfb,0x98f569165318
0x401e1b,0x98f569145700
0x401dc9,0x98f569165708
0x401ed1,0x98f569154f80
0x401cfb,0x98f569165a98
0x401d8b,0x71d5f3e2e818
0x401e31,0x71d5f3e36768
0x401ed1,0x98f569158980
0x401e47,0x98f569168b90
0x401ed1,0x98f569158fc0
0x401cfb,0x98f5691698f8
0x401e47,0x98f56916c1d0
0x401d8b,0x71d5f3e30998
0x40187e,0x71d5f3e39100
0x401e31,0x71d5f3e38988
0x401e89,0x71d5f3e30f88
0x401e1b,0x98f56914d780
0x401e31,0x71d5f3e38fc8
0x401dc9,0x98f56916d788
0x401e47,0x98f56916cdb0
0x401e89,0x71d5f3e325c8
0x401e31,0x71d5f3e3a4c8
0x401804,0x71d5f3e39fa8
0x401ed1,0x98f5691608c0
0x401e89,0x71d5f3e32e88
0x401da0,0x98f5691609a0
0x401dc9,0x98f569171368
0x401e47,0x98f569170990
0x401d8b,0x71d5f3e32ed8
0x401da0,0x98f569160d60
0x40182a,0x71d5f3e3bd80
0x401e31,0x71d5f3e3c508
0x401e1b,0x98f569151e00
0x401804,0x71d5f3e3bf48
0x401dc9,0x98f569171e08
0x401dc9,0x98f569175128
0x401ed1,0x98f5691647c0
0x401dc9,0x98f569175268
0x401d8b,0x71d5f3e34fb8
0x401d8b,0x71d5f3e36418
0x401804,0x71d5f3e3dc68
0x401d8b,0x71d5f3e36c38
0x401cfb,0x98f569179138
0x401e31,0x71d5f3e3ed68
0x401ea1,0x98f56916c650
0x40187e,0x71d5f3e410c0
0x401804,0x71d5f3e411a8
0x401cfb,0x98f569179f98
0x401804,0x71d5f3e41c48
0x401e1b,0x98f56915dc40
0x401e31,0x71d5f3e423e8
0x401dc9,0x98f56917dc48
0x40187e,0x71d5f3e43100
0x401cfb,0x98f5691811b8
0x401da0,0x98f569170fa0
0x401cfb,0x98f569181c58
0x401e31,0x71d5f3e447e8
0x40182a,0x71d5f3e45100
0x401da0,0x98f569174720
0x40185c,0x71d5f3e45300
0x401cfb,0x98f569185338
0x401804,0x71d5f3e45728
0x401dc9,0x98f569185728
0x401ea1,0x98f569174f90
0x40185c,0x71d5f3e45a80
0x401d8b,0x71d5f3e3e518
0x401cfb,0x98f569185ab8
0x401e31,0x71d5f3e465a8
0x40185c,0x71d5f3e47200
0x40182a,0x71d5f3e47280
0x401d8b,0x71d5f3e3ebf8
0x401ea1,0x98f569178990
0x401e47,0x98f569188bb0
0x401d8b,0x71d5f3e40198
0x401ea1,0x98f569178fd0
0x40182a,0x71d5f3e47a00
0x401804,0x71d5f3e47c68
0x40187e,0x71d5f3e47cc0
0x401e47,0x98f56918c1f0
0x401e89,0x71d5f3e408c8
0x401da0,0x98f56917c520
0x401d8b,0x71d5f3e409b8
0x401e47,0x98f56918c650
0x401e31,0x71d5f3e48b88
0x401d8b,0x71d5f3e40d78
0x401804,0x71d5f3e498e8
0x401dc9,0x98f56918d7a8
0x401da0,0x98f5691801a0
0x401d8b,0x71d5f3e42778
0x401e1b,0x98f56916dfc0
0x401dc9,0x98f56918dfc8
0x401ea1,0x98f5691808d0
0x401804,0x71d5f3e4b388
0x401e1b,0x98f569171380
0x401ed1,0x98f569180980
0x401804,0x71d5f3e4b568
0x401dc9,0x98f569191388
0x401cfb,0x98f569191358
0x401e47,0x98f5691909b0
0x401ed1,0x98f569180d40
0x401e1b,0x98f569171c40
0x40185c,0x71d5f3e4bc80
0x401dc9,0x98f569191c48
0x401e31,0x71d5f3e4c668
0x401dc9,0x98f569191e28
0x401ea1,0x98f5691847d0
0x401cfb,0x98f569195118
0x401cfb,0x98f569195258
0x401804,0x71d5f3e4d788
0x401d8b,0x71d5f3e46398
0x401e47,0x98f569194f90
0x40182a,0x71d5f3e4dfc0
0x401e47,0x98f569198990
0x401e47,0x98f569198fd0
0x401cfb,0x98f569199fb8
0x401804,0x71d5f3e513a8
0x40185c,0x71d5f3e51340
0x401e31,0x71d5f3e50fa8
0x401da0,0x98f56918cda0
0x401804,0x71d5f3e51c68
0x401dc9,0x98f56919dc68
0x401e31,0x71d5f3e525e8
0x40187e,0x71d5f3e51e00
0x401e1b,0x98f5691810c0
0x40187e,0x71d5f3e531c0
0x401dc9,0x98f5691a10c8
0x401e47,0x98f5691a08d0
0x40182a,0x71d5f3e53540
0x401e31,0x71d5f3e52ea8
0x401d8b,0x71d5f3e4c1d8
0x401ed1,0x98f569190f80
0x40187e,0x71d5f3e53d00
0x401cfb,0x98f5691a1c78
0x401804,0x71d5f3e55108
0x401e1b,0x98f569185100
0x401804,0x71d5f3e55248
0x401ed1,0x98f569194700
0x401dc9,0x98f5691a5108
0x401e47,0x98f5691a47d0
0x401d8b,0x71d5f3e4cdb8
0x401e31,0x71d5f3e54f88
0x401cfb,0x98f5691a5718
0x401e89,0x71d5f3e4e808
0x401e31,0x71d5f3e56c08
0x401e1b,0x98f5691898c0
0x401dc9,0x98f5691a98c8
0x401e89,0x71d5f3e50988
0x401ed1,0x98f56919c500
0x40182a,0x71d5f3e59100
0x401e47,0x98f5691ac670
0x401cfb,0x98f5691ad798
0x401ed1,0x98f5691a0180
0x40185c,0x71d5f3e59f80
0x401dc9,0x98f5691adfe8
0x401ea1,0x98f5691a0990
0x401e89,0x71d5f3e52ec8
0x401dc9,0x98f5691b13a8
0x401cfb,0x98f5691b1378
0x401ea1,0x98f5691a0d50
0x401804,0x71d5f3e5bda8
0x401d8b,0x71d5f3e54738
0x401dc9,0x98f5691b1c68
0x40187e,0x71d5f3e5bf40
0x401cfb,0x98f5691b1e18
0x401cfb,0x98f5691b5138
0x401cfb,0x98f5691b5278
0x401e89,0x71d5f3e56408
0x401e47,0x98f5691b4fb0
0x40185c,0x71d5f3e5dc40
0x401d8b,0x71d5f3e56778
0x401e1b,0x98f569199100
0x401dc9,0x98f5691b9108
0x401e31,0x71d5f3e5ebc8
0x401e47,0x98f5691b89b0
0x401da0,0x98f5691a8ba0
0x401e47,0x98f5691b8ff0
0x401da0,0x98f5691ac1e0
0x401d8b,0x71d5f3e58998
0x40182a,0x71d5f3e610c0
0x401e31,0x71d5f3e608e8
0x40185c,0x71d5f3e61180
0x401e31,0x71d5f3e60988
0x401e31,0x71d5f3e60d48
0x401d8b,0x71d5f3e58fd8
0x401ed1,0x98f5691acd80
0x401d8b,0x71d5f3e5a4d8
0x40187e,0x71d5f3e61c40
0x401cfb,0x98f5691bdc58
0x401e31,0x71d5f3e62748
0x40182a,0x71d5f3e63100
0x401e1b,0x98f5691a1180
0x401dc9,0x98f5691c10e8
0x401dc9,0x98f5691c1188
0x401da0,0x98f5691b09a0
0x401e47,0x98f5691c08f0
0x401e47,0x98f5691c0990
0x401e47,0x98f5691c0d50
0x401ea1,0x98f5691b0f90
0x401d8b,0x71d5f3e5c518
0x401804,0x71d5f3e65128
0x401ea1,0x98f5691b4710
0x401dc9,0x98f5691c5128
0x401e1b,0x98f5691a5300
0x401804,0x71d5f3e65308
0x401e47,0x98f5691c47f0
0x401dc9,0x98f5691c5308
0x40185c,0x71d5f3e65700
0x401cfb,0x98f5691c5738
0x401804,0x71d5f3e65a88
0x401e1b,0x98f5691a5a80
0x401e89,0x71d5f3e5e508
0x401dc9,0x98f5691c5a88
0x401804,0x71d5f3e67208
0x401804,0x71d5f3e672a8
0x401d8b,0x71d5f3e5ed78
0x401e89,0x71d5f3e60188
0x401804,0x71d5f3e67a28
0x401dc9,0x98f5691c98e8
0x40185c,0x71d5f3e67c40
0x40182a,0x71d5f3e67cc0
0x401ea1,0x98f5691bc510
0x40185c,0x71d5f3e698c0
0x401cfb,0x98f5691cd7b8
0x401d8b,0x71d5f3e623f8
0x401ea1,0x98f5691c0190
0x401cfb,0x98f5691cdfd8
0x40187e,0x71d5f3e6b380
0x40185c,0x71d5f3e6b540
0x401cfb,0x98f5691d1398
0x401e47,0x98f5691d0f90
0x401804,0x71d5f3e6bc88
0x401cfb,0x98f5691d1c58
0x401d8b,0x71d5f3e647f8
0x401cfb,0x98f5691d1e38
0x401e47,0x98f5691d4710
0x401e31,0x71d5f3e6cd88
0x40187e,0x71d5f3e6d780
0x401e89,0x71d5f3e66388
0x401d8b,0x71d5f3e665b8
0x401804,0x71d5f3e6dfe8
0x401e31,0x71d5f3e6e828
0x401dc9,0x98f5691d9128
0x401ed1,0x98f5691c8b80
0x401ed1,0x98f5691cc1c0
0x401e1b,0x98f5691b9f80
0x401da0,0x98f5691cc660
0x401e47,0x98f5691dc510
0x401dc9,0x98f5691d9f88
0x401e31,0x71d5f3e709a8
0x401d8b,0x71d5f3e68b98
0x401804,0x71d5f3e71348
0x40185c,0x71d5f3e71380
0x401ea1,0x98f5691ccd90
0x40185c,0x71d5f3e71c40
0x401e47,0x98f5691e0190
0x40182a,0x71d5f3e71e00
0x401cfb,0x98f5691ddc78
0x40182a,0x71d5f3e731c0
0x401cfb,0x98f5691e10d8
0x401dc9,0x98f5691e11a8
0x401ed1,0x98f5691d0980
0x401804,0x71d5f3e73568
0x401e47,0x98f5691e09b0
0x401e31,0x71d5f3e72ee8
0x401e89,0x71d5f3e6c1c8
0x401e47,0x98f5691e0d70
0x401e1b,0x98f5691c1c40
0x40182a,0x71d5f3e73d00
0x401d8b,0x71d5f3e6c678
0x401dc9,0x98f5691e1c48
0x401e31,0x71d5f3e74708
0x40187e,0x71d5f3e75100
0x40187e,0x71d5f3e75240
0x401cfb,0x98f5691e5118
0x401dc9,0x98f5691e5328
0x401da0,0x98f5691d4fa0
0x401e31,0x71d5f3e76428
0x401dc9,0x98f5691e5aa8
0x401e31,0x71d5f3e76748
0x401da0,0x98f5691d89a0
0x401da0,0x98f5691d8fe0
0x401cfb,0x98f5691e98d8
0x401804,0x71d5f3e79128
0x401d8b,0x71d5f3e70fb8
0x401e47,0x98f5691ecd90
0x401d8b,0x71d5f3e725f8
0x401804,0x71d5f3e79f88
0x401cfb,0x98f5691edff8
0x401e1b,0x98f5691d1340
0x401da0,0x98f5691e08e0
0x401dc9,0x98f5691f1348
0x401d8b,0x71d5f3e72eb8
0x401cfb,0x98f5691f13b8
0x401e47,0x98f5691f0fb0
0x40185c,0x71d5f3e7bd80
0x401cfb,0x98f5691f1c78
0x40182a,0x71d5f3e7bf40
0x401e1b,0x98f5691d5100
0x401e1b,0x98f5691d5240
0x401dc9,0x98f5691f5108
0x401da0,0x98f5691e47e0
0x401e47,0x98f5691f4730
0x401dc9,0x98f5691f5248
0x401d8b,0x71d5f3e74f98
0x401804,0x71d5f3e7dc48
0x401e31,0x71d5f3e7e528
0x401d8b,0x71d5f3e76c18
0x401cfb,0x98f5691f9118
0x401e31,0x71d5f3e7ed48
0x401ea1,0x98f5691e8b90
0x401e31,0x71d5f3e801a8
0x401ea1,0x98f5691ec1d0
0x401e89,0x71d5f3e78988
0x401804,0x71d5f3e810e8
0x401804,0x71d5f3e81188
0x401e47,0x98f5691fc530
0x401ed1,0x98f5691ec640
0x401dc9,0x98f5691f9fa8
0x401e89,0x71d5f3e78fc8
0x401e89,0x71d5f3e7a4c8
0x401e31,0x71d5f3e823c8
0x40182a,0x71d5f3e81c40
0x401e47,0x98f5692001b0
0x401804,0x71d5f3e83128
0x401cfb,0x98f5692010f8
0x401ea1,0x98f5691f0990
0x401cfb,0x98f569201198
0x401e89,0x71d5f3e7c508
0x401dc9,0x98f569201c68
0x401e31,0x71d5f3e847c8
0x40185c,0x71d5f3e85100
0x40187e,0x71d5f3e85300
0x401cfb,0x98f569205138
0x401cfb,0x98f569205318
0x401804,0x71d5f3e85708
0x401e1b,0x98f5691e5700
0x401dc9,0x98f569205708
0x401ed1,0x98f5691f4f80
0x40187e,0x71d5f3e85a80
0x401e31,0x71d5f3e863a8
0x401cfb,0x98f569205a98
0x401e31,0x71d5f3e86588
0x40187e,0x71d5f3e87200
0x40185c,0x71d5f3e87280
0x401d8b,0x71d5f3e7ebd8
0x401ed1,0x98f5691f8980
0x401e47,0x98f569208b90
0x40185c,0x71d5f3e87a00
0x401ed1,0x98f5691f8fc0
0x40170a,0x98f5692098f8
0x401804,0x71d5f3e87c48
0x401804,0x71d5f3e87ce8
0x401e47,0x98f56920c1d0
0x401d8b,0x71d5f3e808f8
0x401d8b,0x71d5f3e80998
0x401d8b,0x71d5f3e80d58
0x401e1b,0x98f5691ed780
0x401804,0x71d5f3e898c8
0x401dc9,0x98f56920d788
0x401e47,0x98f56920cdb0
0x401d8b,0x71d5f3e82758
0x40182a,0x71d5f3e8b380
0x401ed1,0x98f5692008c0
0x401da0,0x98f5692009a0
0x401804,0x71d5f3e8b548
0x401dc9,0x98f569211368
0x401e47,0x98f569210990
0x401da0,0x98f569200d60
0x401e31,0x71d5f3e8c1e8
0x40187e,0x71d5f3e8bc80
0x401e1b,0x98f5691f1e00
0x401e31,0x71d5f3e8c648
0x401dc9,0x98f569211e08
0x401dc9,0x98f569215128
0x401ed1,0x98f5692047c0
0x401dc9,0x98f569215268
0x40182a,0x71d5f3e8d780
0x40185c,0x71d5f3e8dfc0
0x401cfb,0x98f569219138
0x401ea1,0x98f56920c650
0x401e89,0x71d5f3e88b88
0x401cfb,0x98f569219f98
0x401804,0x71d5f3e91388
0x40187e,0x71d5f3e91340
0x401e31,0x71d5f3e90f88
0x401804,0x71d5f3e91c48
0x401e1b,0x98f5691fdc40
0x401804,0x71d5f3e91e28
0x401e31,0x71d5f3e925c8
0x401dc9,0x98f56921dc48
0x401804,0x71d5f3e931e8
0x401cfb,0x98f5692211b8
0x40185c,0x71d5f3e93540
0x401e31,0x71d5f3e92e88
0x401da0,0x98f569210fa0
0x401804,0x71d5f3e93d28
0x401cfb,0x98f569221c58
0x40182a,0x71d5f3e95100
0x401da0,0x98f569214720
0x40182a,0x71d5f3e95240
0x401d8b,0x71d5f3e8cd98
0x401cfb,0x98f569225338
0x401dc9,0x98f569225728
0x401ea1,0x98f569214f90
0x401cfb,0x98f569225ab8
0x401d8b,0x71d5f3e8e838
0x401ea1,0x98f569218990
0x401e47,0x98f569228bb0
0x401ea1,0x98f569218fd0
0x401e47,0x98f56922c1f0
0x401da0,0x98f56921c520
0x401d8b,0x71d5f3e909b8
0x40185c,0x71d5f3e99100
0x401e31,0x71d5f3e989a8
0x401e47,0x98f56922c650
0x401e31,0x71d5f3e98fe8
0x401dc9,0x98f56922d7a8
0x401da0,0x98f5692201a0
0x401e31,0x71d5f3e9a4e8
0x40187e,0x71d5f3e99f80
0x401e1b,0x98f56920dfc0
0x401dc9,0x98f56922dfc8
0x401ea1,0x98f5692208d0
0x401e1b,0x98f569211380
0x401ed1,0x98f569220980
0x401dc9,0x98f569231388
0x401cfb,0x98f569231358
0x401d8b,0x71d5f3e92ef8
0x401e47,0x98f5692309b0
0x401ed1,0x98f569220d40
0x401e1b,0x98f569211c40
0x401e31,0x71d5f3e9c528
0x401804,0x71d5f3e9bd88
0x401d8b,0x71d5f3e94718
0x401dc9,0x98f569231c48
0x401804,0x71d5f3e9bf68
0x401dc9,0x98f569231e28
0x401ea1,0x98f5692247d0
0x401cfb,0x98f569235118
0x401cfb,0x98f569235258
0x401e89,0x71d5f3e94f88
0x401d8b,0x71d5f3e96438
0x401e47,0x98f569234f90
0x40187e,0x71d5f3e9dc40
0x401d8b,0x71d5f3e96758
0x401e89,0x71d5f3e96c08
0x401e47,0x98f569238990
0x401e47,0x98f569238fd0
0x401e31,0x71d5f3ea08c8
0x40185c,0x71d5f3ea10c0
0x40187e,0x71d5f3ea1180
0x401cfb,0x98f569239fb8
0x401da0,0x98f56922cda0
0x401804,0x71d5f3ea1c68
0x401dc9,0x98f56923dc68
0x401e1b,0x98f5692210c0
0x40185c,0x71d5f3ea3100
0x401dc9,0x98f5692410c8
0x401e47,0x98f5692408d0
0x401ed1,0x98f569230f80
0x401cfb,0x98f569241c78
0x401804,0x71d5f3ea5108
0x401e1b,0x98f569225100
0x401ed1,0x98f569234700
0x401dc9,0x98f569245108
0x40182a,0x71d5f3ea5300
0x401e47,0x98f5692447d0
0x40187e,0x71d5f3ea5700
0x401cfb,0x98f569245718
0x40182a,0x71d5f3ea5a80
0x401d8b,0x71d5f3e9e538
0x401e89,0x71d5f3e9ebc8
0x401804,0x71d5f3ea7288
0x40182a,0x71d5f3ea7200
0x401d8b,0x71d5f3e9ed58
0x401d8b,0x71d5f3ea01b8
0x401e1b,0x98f5692298c0
0x401804,0x71d5f3ea7a08
0x401dc9,0x98f5692498c8
0x40187e,0x71d5f3ea7c40
0x40185c,0x71d5f3ea7cc0
0x401e89,0x71d5f3ea0988
0x401ed1,0x98f56923c500
0x401e47,0x98f56924c670
0x401e89,0x71d5f3ea0d48
0x401e31,0x71d5f3ea8ba8
0x40187e,0x71d5f3ea98c0
0x401cfb,0x98f56924d798
0x401d8b,0x71d5f3ea23d8
0x401ed1,0x98f569240180
0x401e89,0x71d5f3ea2748
0x401dc9,0x98f56924dfe8
0x401804,0x71d5f3eab3a8
0x401ea1,0x98f569240990
0x40187e,0x71d5f3eab540
0x401dc9,0x98f5692513a8
0x401cfb,0x98f569251378
0x401ea1,0x98f569240d50
0x40182a,0x71d5f3eabc80
0x401dc9,0x98f569251c68
0x401d8b,0x71d5f3ea47d8
0x401cfb,0x98f569251e18
0x401cfb,0x98f569255138
0x401cfb,0x98f569255278
0x401804,0x71d5f3ead7a8
0x401d8b,0x71d5f3ea63b8
0x401e47,0x98f569254fb0
0x401d8b,0x71d5f3ea6598
0x401804,0x71d5f3eadfc8
0x401e31,0x71d5f3eae808
0x401e1b,0x98f569239100
0x401dc9,0x98f569259108
0x401e47,0x98f5692589b0
0x401da0,0x98f569248ba0
0x401e47,0x98f569258ff0
0x401da0,0x98f56924c1e0
0x401e31,0x71d5f3eb0988
0x40182a,0x71d5f3eb1340
0x40187e,0x71d5f3eb1380
0x401ed1,0x98f56924cd80
0x40187e,0x71d5f3eb1c40
0x40185c,0x71d5f3eb1e00
0x401cfb,0x98f56925dc58
0x401e1b,0x98f569241180
0x40185c,0x71d5f3eb31c0
0x401dc9,0x98f5692610e8
0x401dc9,0x98f569261188
0x401da0,0x98f5692509a0
0x401804,0x71d5f3eb3548
0x401e47,0x98f5692608f0
0x401e47,0x98f569260990
0x401e31,0x71d5f3eb2ec8
0x401d8b,0x71d5f3eac1f8
0x401ea1,0x98f569250f90
0x401e47,0x98f569260d50
0x40185c,0x71d5f3eb3d00
0x401d8b,0x71d5f3eac658
0x401804,0x71d5f3eb5128
0x401ea1,0x98f569254710
0x401804,0x71d5f3eb5268
0x401e1b,0x98f569245300
0x401dc9,0x98f569265128
0x401e89,0x71d5f3eacd88
0x401e47,0x98f5692647f0
0x401dc9,0x98f569265308
0x401e31,0x71d5f3eb4fa8
0x401cfb,0x98f569265738
0x401e1b,0x98f569245a80
0x401dc9,0x98f569265a88
0x401e31,0x71d5f3eb6408
0x401e31,0x71d5f3eb6c28
0x401dc9,0x98f5692698e8
0x401ea1,0x98f56925c510
0x401804,0x71d5f3eb9108
0x401d8b,0x71d5f3eb0f98
0x401cfb,0x98f56926d7b8
0x401ea1,0x98f569260190
0x401d8b,0x71d5f3eb25d8
0x40182a,0x71d5f3eb9f80
0x401cfb,0x98f56926dfd8
0x401d8b,0x71d5f3eb2e98
0x401cfb,0x98f569271398
0x401e47,0x98f569270f90
0x40187e,0x71d5f3ebbd80
0x401e89,0x71d5f3eb4708
0x401cfb,0x98f569271c58
0x40185c,0x71d5f3ebbf40
0x401cfb,0x98f569271e38
0x401e47,0x98f569274710
0x40182a,0x71d5f3ebdc40
0x401e31,0x71d5f3ebe508
0x401e89,0x71d5f3eb6748
0x401dc9,0x98f569279128
0x401e31,0x71d5f3ebebe8
0x401ed1,0x98f569268b80
0x401e31,0x71d5f3ec0188
0x401ed1,0x98f56926c1c0
0x401e1b,0x98f569259f80
0x401804,0x71d5f3ec10c8
0x401d8b,0x71d5f3eb89b8
0x401dc9,0x98f569279f88
0x401e47,0x98f56927c510
0x401da0,0x98f56926c660
0x40182a,0x71d5f3ec1180
0x401e31,0x71d5f3ec09a8
0x401e31,0x71d5f3ec0d68
0x401d8b,0x71d5f3eb8ff8
0x401ea1,0x98f56926cd90
0x401d8b,0x71d5f3eba4f8
0x401861,0x71d5f3ec1c48
0x401e47,0x98f569280190
0x401cfb,0x98f56927dc78
0x401e31,0x71d5f3ec2768
0x401804,0x71d5f3ec3108
0x401cfb,0x98f5692810d8
0x401dc9,0x98f5692811a8
0x401ed1,0x98f569270980
0x401e47,0x98f5692809b0
0x401e47,0x98f569280d70
0x401e1b,0x98f569261c40
0x401d8b,0x71d5f3ebc538
0x401dc9,0x98f569281c48
0x40187e,0x71d5f3ec5100
0x401804,0x71d5f3ec5328
0x401cfb,0x98f569285118
0x401dc9,0x98f569285328
0x40182a,0x71d5f3ec5700
0x401804,0x71d5f3ec5aa8
0x401da0,0x98f569274fa0
0x401e31,0x71d5f3ec6388
0x401dc9,0x98f569285aa8
0x401804,0x71d5f3ec7228
0x40187e,0x71d5f3ec7280
0x401e89,0x71d5f3ebed48
0x401da0,0x98f5692789a0
0x40187e,0x71d5f3ec7a00
0x401da0,0x98f569278fe0
0x401cfb,0x98f5692898d8
0x401804,0x71d5f3ec7cc8
0x40182a,0x71d5f3ec7c40
0x401d8b,0x71d5f3ec08d8
0x40182a,0x71d5f3ec98c0
0x401e89,0x71d5f3ec23c8
0x401e47,0x98f56928cd90
0x401cfb,0x98f56928dff8
0x401e1b,0x98f569271340
0x40185c,0x71d5f3ecb380
0x401da0,0x98f5692808e0
0x401dc9,0x98f569291348
0x40182a,0x71d5f3ecb540
0x401cfb,0x98f5692913b8
0x401e31,0x71d5f3ecc1c8
0x401e47,0x98f569290fb0
0x401804,0x71d5f3ecbca8
0x401e89,0x71d5f3ec47c8
0x401cfb,0x98f569291c78
0x401e1b,0x98f569275100
0x401e1b,0x98f569275240
0x401dc9,0x98f569295108
0x401da0,0x98f5692847e0
0x401e47,0x98f569294730
0x401dc9,0x98f569295248
0x401e31,0x71d5f3eccda8
0x40185c,0x71d5f3ecd780
0x401e89,0x71d5f3ec6588
0x40187e,0x71d5f3ecdfc0
0x401cfb,0x98f569299118
0x401ea1,0x98f569288b90
0x401ea1,0x98f56928c1d0
0x401e47,0x98f56929c530
0x401ed1,0x98f56928c640
0x401dc9,0x98f569299fa8
0x401d8b,0x71d5f3ec8bb8
0x401804,0x71d5f3ed1368
0x40182a,0x71d5f3ed1380
0x40182a,0x71d5f3ed1c40
0x401804,0x71d5f3ed1e08
0x401e47,0x98f5692a01b0
0x401804,0x71d5f3ed31c8
0x401cfb,0x98f5692a10f8
0x401ea1,0x98f569290990
0x401cfb,0x98f5692a1198
0x40187e,0x71d5f3ed3540
0x401e89,0x71d5f3ecc648
0x401804,0x71d5f3ed3d08
0x401dc9,0x98f5692a1c68
0x401e31,0x71d5f3ed4728
0x40185c,0x71d5f3ed5100
0x40185c,0x71d5f3ed5240
0x401cfb,0x98f5692a5138
0x401cfb,0x98f5692a5318
0x401e1b,0x98f569285700
0x401dc9,0x98f5692a5708
0x401ed1,0x98f569294f80
0x40170a,0x98f5692a5a98
0x401d8b,0x71d5f3ece818
0x401e31,0x71d5f3ed6768
0x401ed1,0x98f569298980
0x401e47,0x98f5692a8b90
0x401ed1,0x98f569298fc0
0x401cfb,0x98f5692a98f8
0x401e47,0x98f5692ac1d0
0x401d8b,0x71d5f3ed0998
0x40187e,0x71d5f3ed9100
0x401e31,0x71d5f3ed8988
0x401e89,0x71d5f3ed0f88
0x401e1b,0x98f56928d780
0x401e31,0x71d5f3ed8fc8
0x401dc9,0x98f5692ad788
0x401e47,0x98f5692acdb0
0x401e89,0x71d5f3ed25c8
0x401e31,0x71d5f3eda4c8
0x401804,0x71d5f3ed9fa8
0x401ed1,0x98f5692a08c0
0x401e89,0x71d5f3ed2e88
0x401da0,0x98f5692a09a0
0x401dc9,0x98f5692b1368
0x401d8b,0x71d5f3ed2ed8
0x401e47,0x98f5692b0990
0x401da0,0x98f5692a0d60
0x401e31,0x71d5f3edc508
0x40182a,0x71d5f3edbd80
0x401e1b,0x98f569291e00
0x401804,0x71d5f3edbf48
0x401dc9,0x98f5692b1e08
0x401dc9,0x98f5692b5128
0x401ed1,0x98f5692a47c0
0x401dc9,0x98f5692b5268
0x401d8b,0x71d5f3ed4fb8
0x40173b,0x71d5f3ed6418
0x401804,0x71d5f3eddc68
0x401d8b,0x71d5f3ed6c38
0x401cfb,0x98f5692b9138
0x401e31,0x71d5f3eded68
0x401ea1,0x98f5692ac650
0x40187e,0x71d5f3ee10c0
0x401804,0x71d5f3ee11a8
0x401cfb,0x98f5692b9f98
0x401804,0x71d5f3ee1c48
0x401e1b,0x98f56929dc40
0x401e31,0x71d5f3ee23e8
0x401dc9,0x98f5692bdc48
0x40187e,0x71d5f3ee3100
0x401cfb,0x98f5692c11b8
0x401da0,0x98f5692b0fa0
0x401cfb,0x98f5692c1c58
0x401e31,0x71d5f3ee47e8
0x40182a,0x71d5f3ee5100
0x401da0,0x98f5692b4720
0x40185c,0x71d5f3ee5300
0x401cfb,0x98f5692c5338
0x401804,0x71d5f3ee5728
0x401dc9,0x98f5692c5728
0x4017d0,0x98f5692b4f90
0x40185c,0x71d5f3ee5a80
0x401d8b,0x71d5f3ede518
0x401cfb,0x98f5692c5ab8
0x401e31,0x71d5f3ee65a8
0x40185c,0x71d5f3ee7200
0x40182a,0x71d5f3ee7280
0x401d8b,0x71d5f3edebf8
0x401ea1,0x98f5692b8990
0x401e47,0x98f5692c8bb0
0x401d8b,0x71d5f3ee0198
0x401ea1,0x98f5692b8fd0
0x40182a,0x71d5f3ee7a00
0x401804,0x71d5f3ee7c68
0x40187e,0x71d5f3ee7cc0
0x401e47,0x98f5692cc1f0
0x401e89,0x71d5f3ee08c8
0x401da0,0x98f5692bc520
0x401d8b,0x71d5f3ee09b8
0x401e47,0x98f5692cc650
0x401e31,0x71d5f3ee8b88
0x401d8b,0x71d5f3ee0d78
0x401804,0x71d5f3ee98e8
0x401dc9,0x98f5692cd7a8
0x401da0,0x98f5692c01a0
0x401d8b,0x71d5f3ee2778
0x401e1b,0x98f5692adfc0
0x401dc9,0x98f5692cdfc8
0x401ea1,0x98f5692c08d0
0x401e1b,0x98f5692b1380
0x401804,0x71d5f3eeb388
0x401ed1,0x98f5692c0980
0x401dc9,0x98f5692d1388
0x401804,0x71d5f3eeb568
0x401cfb,0x98f5692d1358
0x401e47,0x98f5692d09b0
0x401ed1,0x98f5692c0d40
0x401e1b,0x98f5692b1c40
0x40185c,0x71d5f3eebc80
0x401dc9,0x98f5692d1c48
0x401e31,0x71d5f3eec668
0x401dc9,0x98f5692d1e28
0x401ea1,0x98f5692c47d0
0x401cfb,0x98f5692d5118
0x401cfb,0x98f5692d5258
0x401804,0x71d5f3eed788
0x401d8b,0x71d5f3ee6398
0x401e47,0x98f5692d4f90
0x40182a,0x71d5f3eedfc0
0x401dc9,0x8ad3301c10e8
0x401dc9,0x8ad3301c1188
0x401e47,0x8ad3301c08f0
0x401e47,0x8ad3301c0990
0x401e47,0x8ad3301c0d50
0x401dc9,0x8ad3301c5128
0x401804,0x71d5f3ef13a8
0x40185c,0x71d5f3ef1340
0x401e47,0x8ad3301c47f0
0x401dc9,0x8ad3301c5308
0x401e31,0x71d5f3ef0fa8
0x401da0,0x98f5692ccda0
0x401cfb,0x8ad3301c5738
0x401804,0x71d5f3ef1c68
0x401dc9,0x8ad3301c5a88
0x40187e,0x71d5f3ef1e00
0x401e31,0x71d5f3ef25e8
0x401e1b,0x98f5692c10c0
0x40187e,0x71d5f3ef31c0
0x40182a,0x71d5f3ef3540
0x401e31,0x71d5f3ef2ea8
0x401d8b,0x71d5f3eec1d8
0x401ed1,0x98f5692d0f80
0x401dc9,0x8ad3301c98e8
0x40187e,0x71d5f3ef3d00
0x401e1b,0x98f5692c5100
0x401804,0x71d5f3ef5108
0x401804,0x71d5f3ef5248
0x401ed1,0x98f5692d4700
0x401d8b,0x71d5f3eecdb8
0x401e31,0x71d5f3ef4f88
0x401cfb,0x8ad3301cd7b8
0x401ea1,0x8ad3301c0190
0x401e89,0x71d5f3eee808
0x401cfb,0x8ad3301cdfd8
0x401e31,0x71d5f3ef6c08
0x401cfb,0x8ad3301d1398
0x401e1b,0x98f5692c98c0
0x401e47,0x8ad3301d0f90
0x401cfb,0x8ad3301d1c58
0x401e89,0x71d5f3ef0988
0x401cfb,0x8ad3301d1e38
0x40182a,0x71d5f3ef9100
0x401e47,0x8ad3301d4710
0x40185c,0x71d5f3ef9f80
0x401dc9,0x8ad3301d9128
0x401e89,0x71d5f3ef2ec8
0x401ed1,0x8ad3301c8b80
0x401ed1,0x8ad3301cc1c0
0x401804,0x71d5f3efbda8
0x401d8b,0x71d5f3ef4738
0x40187e,0x71d5f3efbf40
0x401dc9,0x8ad3301d9f88
0x401da0,0x8ad3301cc660
0x401e47,0x8ad3301dc510
0x401ea1,0x8ad3301ccd90
0x401e89,0x71d5f3ef6408
0x40185c,0x71d5f3efdc40
0x401e47,0x8ad3301e0190
0x401d8b,0x71d5f3ef6778
0x401cfb,0x8ad3301ddc78
0x401cfb,0x8ad3301e10d8
0x401dc9,0x8ad3301e11a8
0x401e31,0x71d5f3efebc8
0x401ed1,0x8ad3301d0980
0x401e47,0x8ad3301e09b0
0x401e47,0x8ad3301e0d70
0x401e1b,0x8ad3301c1c40
0x401dc9,0x8ad3301e1c48
0x40182a,0x71d5f3f010c0
0x401e31,0x71d5f3f008e8
0x401d8b,0x71d5f3ef8998
0x40185c,0x71d5f3f01180
0x401e31,0x71d5f3f00988
0x401cfb,0x8ad3301e5118
0x401e31,0x71d5f3f00d48
0x401dc9,0x8ad3301e5328
0x401d8b,0x71d5f3ef8fd8
0x401da0,0x8ad3301d4fa0
0x401d8b,0x71d5f3efa4d8
0x40187e,0x71d5f3f01c40
0x401dc9,0x8ad3301e5aa8
0x401e31,0x71d5f3f02748
0x40182a,0x71d5f3f03100
0x401da0,0x8ad3301d89a0
0x401da0,0x8ad3301d8fe0
0x401cfb,0x8ad3301e98d8
0x401d8b,0x71d5f3efc518
0x401804,0x71d5f3f05128
0x401804,0x71d5f3f05308
0x40185c,0x71d5f3f05700
0x401e47,0x8ad3301ecd90
0x401804,0x71d5f3f05a88
0x401e89,0x71d5f3efe508
0x401804,0x71d5f3f07208
0x401cfb,0x8ad3301edff8
0x401804,0x71d5f3f072a8
0x401e1b,0x8ad3301d1340
0x401da0,0x8ad3301e08e0
0x401d8b,0x71d5f3efed78
0x401dc9,0x8ad3301f1348
0x401cfb,0x8ad3301f13b8
0x401e89,0x71d5f3f00188
0x401804,0x71d5f3f07a28
0x401e47,0x8ad3301f0fb0
0x40185c,0x71d5f3f07c40
0x40182a,0x71d5f3f07cc0
0x401cfb,0x8ad3301f1c78
0x401e1b,0x8ad3301d5100
0x401e1b,0x8ad3301d5240
0x401dc9,0x8ad3301f5108
0x401da0,0x8ad3301e47e0
0x401e47,0x8ad3301f4730
0x401dc9,0x8ad3301f5248
0x40185c,0x71d5f3f098c0
0x401d8b,0x71d5f3f023f8
0x40187e,0x71d5f3f0b380
0x401cfb,0x8ad3301f9118
0x40185c,0x71d5f3f0b540
0x401ea1,0x8ad3301e8b90
0x401ea1,0x8ad3301ec1d0
0x401804,0x71d5f3f0bc88
0x401d8b,0x71d5f3f047f8
0x401e47,0x8ad3301fc530
0x401ed1,0x8ad3301ec640
0x401dc9,0x8ad3301f9fa8
0x401e31,0x71d5f3f0cd88
0x40187e,0x71d5f3f0d780
0x401e89,0x71d5f3f06388
0x401d8b,0x71d5f3f065b8
0x401e47,0x8ad3302001b0
0x401804,0x71d5f3f0dfe8
0x401e31,0x71d5f3f0e828
0x401cfb,0x8ad3302010f8
0x401ea1,0x8ad3301f0990
0x401cfb,0x8ad330201198
0x401dc9,0x8ad330201c68
0x401e31,0x71d5f3f109a8
0x401d8b,0x71d5f3f08b98
0x401804,0x71d5f3f11348
0x401cfb,0x8ad330205138
0x40185c,0x71d5f3f11380
0x401cfb,0x8ad330205318
0x401e1b,0x8ad3301e5700
0x401dc9,0x8ad330205708
0x401ed1,0x8ad3301f4f80
0x40185c,0x71d5f3f11c40
0x401cfb,0x8ad330205a98
0x40182a,0x71d5f3f11e00
0x40182a,0x71d5f3f131c0
0x401ed1,0x8ad3301f8980
0x401804,0x71d5f3f13568
0x401e31,0x71d5f3f12ee8
0x401e89,0x71d5f3f0c1c8
0x401e47,0x8ad330208b90
0x401ed1,0x8ad3301f8fc0
0x401cfb,0x8ad3302098f8
0x40182a,0x71d5f3f13d00
0x401d8b,0x71d5f3f0c678
0x401e47,0x8ad33020c1d0
0x401e31,0x71d5f3f14708
0x40187e,0x71d5f3f15100
0x40187e,0x71d5f3f15240
0x401e1b,0x8ad3301ed780
0x401dc9,0x8ad33020d788
0x401e47,0x8ad33020cdb0
0x401e31,0x71d5f3f16428
0x401e31,0x71d5f3f16748
0x401ed1,0x8ad3302008c0
0x401da0,0x8ad3302009a0
0x401dc9,0x8ad330211368
0x401e47,0x8ad330210990
0x401da0,0x8ad330200d60
0x401e1b,0x8ad3301f1e00
0x401dc9,0x8ad330211e08
0x401804,0x71d5f3f19128
0x401dc9,0x8ad330215128
0x401ed1,0x8ad3302047c0
0x401dc9,0x8ad330215268
0x401d8b,0x71d5f3f10fb8
0x401d8b,0x71d5f3f125f8
0x401804,0x71d5f3f19f88
0x401cfb,0x8ad330219138
0x401d8b,0x71d5f3f12eb8
0x40185c,0x71d5f3f1bd80
0x40182a,0x71d5f3f1bf40
0x401ea1,0x8ad33020c650
0x401cfb,0x8ad330219f98
0x401d8b,0x71d5f3f14f98
0x401e1b,0x8ad3301fdc40
0x401804,0x71d5f3f1dc48
0x401e31,0x71d5f3f1e528
0x401dc9,0x8ad33021dc48
0x401d8b,0x71d5f3f16c18
0x401cfb,0x8ad3302211b8
0x401e31,0x71d5f3f1ed48
0x401e31,0x71d5f3f201a8
0x401da0,0x8ad330210fa0
0x401cfb,0x8ad330221c58
0x401e89,0x71d5f3f18988
0x401804,0x71d5f3f210e8
0x401804,0x71d5f3f21188
0x401da0,0x8ad330214720
0x401cfb,0x8ad330225338
0x401e89,0x71d5f3f18fc8
0x401dc9,0x8ad330225728
0x401ea1,0x8ad330214f90
0x401e89,0x71d5f3f1a4c8
0x401e31,0x71d5f3f223c8
0x40182a,0x71d5f3f21c40
0x401cfb,0x8ad330225ab8
0x401804,0x71d5f3f23128
0x401ea1,0x8ad330218990
0x401e47,0x8ad330228bb0
0x401ea1,0x8ad330218fd0
0x401e89,0x71d5f3f1c508
0x401796,0x8ad33022c1f0
0x401da0,0x8ad33021c520
0x401e31,0x71d5f3f247c8
0x40185c,0x71d5f3f25100
0x401e47,0x8ad33022c650
0x40187e,0x71d5f3f25300
0x401804,0x71d5f3f25708
0x401dc9,0x8ad33022d7a8
0x40187e,0x71d5f3f25a80
0x401e31,0x71d5f3f263a8
0x401da0,0x8ad3302201a0
0x401e31,0x71d5f3f26588
0x401e1b,0x8ad33020dfc0
0x401dc9,0x8ad33022dfc8
0x40187e,0x71d5f3f27200
0x401d8b,0x71d5f3f1ebd8
0x401ea1,0x8ad3302208d0
0x40185c,0x71d5f3f27280
0x401e1b,0x8ad330211380
0x401ed1,0x8ad330220980
0x401dc9,0x8ad330231388
0x401e47,0x8ad3302309b0
0x401cfb,0x8ad330231358
0x401ed1,0x8ad330220d40
0x40185c,0x71d5f3f27a00
0x401804,0x71d5f3f27c48
0x401e1b,0x8ad330211c40
0x401804,0x71d5f3f27ce8
0x401dc9,0x8ad330231c48
0x401d8b,0x71d5f3f208f8
0x401dc9,0x8ad330231e28
0x401d8b,0x71d5f3f20998
0x401ea1,0x8ad3302247d0
0x401cfb,0x8ad330235118
0x401d8b,0x71d5f3f20d58
0x401cfb,0x8ad330235258
0x401804,0x71d5f3f298c8
0x401e47,0x8ad330234f90
0x401d8b,0x71d5f3f22758
0x40182a,0x71d5f3f2b380
0x401804,0x71d5f3f2b548
0x401e47,0x8ad330238990
0x401e31,0x71d5f3f2c1e8
0x40187e,0x71d5f3f2bc80
0x401796,0x8ad330238fd0
0x401e31,0x71d5f3f2c648
0x401cfb,0x8ad330239fb8
0x40182a,0x71d5f3f2d780
0x401da0,0x8ad33022cda0
0x401dc9,0x8ad33023dc68
0x40185c,0x71d5f3f2dfc0
0x401e1b,0x8ad3302210c0
0x401dc9,0x8ad3302410c8
0x401e47,0x8ad3302408d0
0x401ed1,0x8ad330230f80
0x401cfb,0x8ad330241c78
0x401e1b,0x8ad330225100
0x401e89,0x71d5f3f28b88
0x401ed1,0x8ad330234700
0x401dc9,0x8ad330245108
0x401804,0x71d5f3f31388
0x40187e,0x71d5f3f31340
0x401e47,0x8ad3302447d0
0x401e31,0x71d5f3f30f88
0x401cfb,0x8ad330245718
0x401804,0x71d5f3f31c48
0x401804,0x71d5f3f31e28
0x401e31,0x71d5f3f325c8
0x401804,0x71d5f3f331e8
0x40185c,0x71d5f3f33540
0x401e31,0x71d5f3f32e88
0x401e1b,0x8ad3302298c0
0x40176f,0x8ad3302498c8
0x401804,0x71d5f3f33d28
0x401ed1,0x8ad33023c500
0x40182a,0x71d5f3f35100
0x401e47,0x8ad33024c670
0x40182a,0x71d5f3f35240
0x401d8b,0x71d5f3f2cd98
0x401cfb,0x8ad33024d798
0x401ed1,0x8ad330240180
0x401d8b,0x71d5f3f2e838
0x401dc9,0x8ad33024dfe8
0x401ea1,0x8ad330240990
0x401dc9,0x8ad3302513a8
0x401cfb,0x8ad330251378
0x401ea1,0x8ad330240d50
0x401dc9,0x8ad330251c68
0x401cfb,0x8ad330251e18
0x401d8b,0x71d5f3f309b8
0x40185c,0x71d5f3f39100
0x401e31,0x71d5f3f389a8
0x401cfb,0x8ad330255138
0x401cfb,0x8ad330255278
0x401e31,0x71d5f3f38fe8
0x401e47,0x8ad330254fb0
0x401e31,0x71d5f3f3a4e8
0x40187e,0x71d5f3f39f80
0x401e1b,0x8ad330239100
0x401dc9,0x8ad330259108
0x401d8b,0x71d5f3f32ef8
0x401e47,0x8ad3302589b0
0x401da0,0x8ad330248ba0
0x401e47,0x8ad330258ff0
0x401804,0x71d5f3f3bd88
0x401da0,0x8ad33024c1e0
0x401e31,0x71d5f3f3c528
0x401d8b,0x71d5f3f34718
0x401804,0x71d5f3f3bf68
0x401e89,0x71d5f3f34f88
0x401ed1,0x8ad33024cd80
0x401d8b,0x71d5f3f36438
0x40187e,0x71d5f3f3dc40
0x401d8b,0x71d5f3f36758
0x401cfb,0x8ad33025dc58
0x401e1b,0x8ad330241180
0x401e89,0x71d5f3f36c08
0x401dc9,0x8ad3302610e8
0x401dc9,0x8ad330261188
0x401da0,0x8ad3302509a0
0x401e47,0x8ad3302608f0
0x401e47,0x8ad330260990
0x401e47,0x8ad330260d50
0x401ea1,0x8ad330250f90
0x40185c,0x71d5f3f410c0
0x401e31,0x71d5f3f408c8
0x40187e,0x71d5f3f41180
0x401ea1,0x8ad330254710
0x401dc9,0x8ad330265128
0x401e1b,0x8ad330245300
0x401e47,0x8ad3302647f0
0x401dc9,0x8ad330265308
0x401cfb,0x8ad330265738
0x401e1b,0x8ad330245a80
0x401804,0x71d5f3f41c68
0x401dc9,0x8ad330265a88
0x40185c,0x71d5f3f43100
0x401dc9,0x8ad3302698e8
0x401ea1,0x8ad33025c510
0x401804,0x71d5f3f45108
0x40182a,0x71d5f3f45300
0x40187e,0x71d5f3f45700
0x401cfb,0x8ad33026d7b8
0x40182a,0x71d5f3f45a80
0x401ea1,0x8ad330260190
0x401d8b,0x71d5f3f3e538
0x401e89,0x71d5f3f3ebc8
0x401cfb,0x8ad33026dfd8
0x401804,0x71d5f3f47288
0x40182a,0x71d5f3f47200
0x401d8b,0x71d5f3f3ed58
0x401cfb,0x8ad330271398
0x401d8b,0x71d5f3f401b8
0x401804,0x71d5f3f47a08
0x401e47,0x8ad330270f90
0x40187e,0x71d5f3f47c40
0x401861,0x71d5f3f47cc8
0x401cfb,0x8ad330271c58
0x401e89,0x71d5f3f40988
0x401cfb,0x8ad330271e38
0x401e89,0x71d5f3f40d48
0x401e47,0x8ad330274710
0x401e31,0x71d5f3f48ba8
0x40187e,0x71d5f3f498c0
0x401d8b,0x71d5f3f423d8
0x401e89,0x71d5f3f42748
0x401dc9,0x8ad330279128
0x401804,0x71d5f3f4b3a8
0x40176a,0x71d5f3f4b540
0x4017b0,0x8ad330268b80
0x40182a,0x71d5f3f4bc80
0x401ed1,0x8ad33026c1c0
0x401d8b,0x71d5f3f447d8
0x401e1b,0x8ad330259f80
0x401dc9,0x8ad330279f88
0x401da0,0x8ad33026c660
0x401e47,0x8ad33027c510
0x401804,0x71d5f3f4d7a8
0x401ea1,0x8ad33026cd90
0x401d8b,0x71d5f3f463b8
0x401d8b,0x71d5f3f46598
0x401e47,0x8ad330280190
0x401cfb,0x8ad33027dc78
0x401804,0x71d5f3f4dfc8
0x401e31,0x71d5f3f4e808
0x401cfb,0x8ad3302810d8
0x401dc9,0x8ad3302811a8
0x401ed1,0x8ad330270980
0x401e47,0x8ad3302809b0
0x401e47,0x8ad330280d70
0x401e1b,0x8ad330261c40
0x401dc9,0x8ad330281c48
0x401e31,0x71d5f3f50988
0x401cfb,0x8ad330285118
0x40187e,0x71d5f3f51380
0x40182a,0x71d5f3f51340
0x401dc9,0x8ad330285328
0x401da0,0x8ad330274fa0
0x40187e,0x71d5f3f51c40
0x401dc9,0x8ad330285aa8
0x40185c,0x71d5f3f51e00
0x40185c,0x71d5f3f531c0
0x401804,0x71d5f3f53548
0x40172e,0x8ad3302789a0
0x401e31,0x71d5f3f52ec8
0x401d8b,0x71d5f3f4c1f8
0x401da0,0x8ad330278fe0
0x401cfb,0x8ad3302898d8
0x401d8b,0x71d5f3f4c658
0x40185c,0x71d5f3f53d00
0x401804,0x71d5f3f55128
0x401804,0x71d5f3f55268
0x401e89,0x71d5f3f4cd88
0x401e31,0x71d5f3f54fa8
0x401e47,0x8ad33028cd90
0x401e31,0x71d5f3f56408
0x401cfb,0x8ad33028dff8
0x401e1b,0x8ad330271340
0x401da0,0x8ad3302808e0
0x401e31,0x71d5f3f56c28
0x401dc9,0x8ad330291348
0x401cfb,0x8ad3302913b8
0x401e47,0x8ad330290fb0
0x401cfb,0x8ad330291c78
0x401804,0x71d5f3f59108
0x401e1b,0x8ad330275100
0x401e1b,0x8ad330275240
0x401dc9,0x8ad330295108
0x401da0,0x8ad3302847e0
0x401e47,0x8ad330294730
0x401dc9,0x8ad330295248
0x401d8b,0x71d5f3f50f98
0x401d8b,0x71d5f3f525d8
0x40182a,0x71d5f3f59f80
0x40170a,0x8ad330299118
0x401d8b,0x71d5f3f52e98
0x401ea1,0x8ad330288b90
0x401ea1,0x8ad33028c1d0
0x401e89,0x71d5f3f54708
0x40187e,0x71d5f3f5bd80
0x40185c,0x71d5f3f5bf40
0x401dc9,0x8ad330299fa8
0x401ed1,0x8ad33028c640
0x401e47,0x8ad33029c530
0x40182a,0x71d5f3f5dc40
0x401e31,0x71d5f3f5e508
0x401e89,0x71d5f3f56748
0x401e47,0x8ad3302a01b0
0x401cfb,0x8ad3302a10f8
0x401ea1,0x8ad330290990
0x401e31,0x71d5f3f5ebe8
0x401cfb,0x8ad3302a1198
0x401e31,0x71d5f3f60188
0x401dc9,0x8ad3302a1c68
0x401804,0x71d5f3f610c8
0x401d8b,0x71d5f3f589b8
0x401e31,0x71d5f3f609a8
0x40182a,0x71d5f3f61180
0x401cfb,0x8ad3302a5138
0x401cfb,0x8ad3302a5318
0x401e31,0x71d5f3f60d68
0x401e1b,0x8ad330285700
0x401d8b,0x71d5f3f58ff8
0x401dc9,0x8ad3302a5708
0x401ed1,0x8ad330294f80
0x401d8b,0x71d5f3f5a4f8
0x40185c,0x71d5f3f61c40
0x401cfb,0x8ad3302a5a98
0x401e31,0x71d5f3f62768
0x401804,0x71d5f3f63108
0x401ed1,0x8ad330298980
0x401e47,0x8ad3302a8b90
0x401ed1,0x8ad330298fc0
0x401cfb,0x8ad3302a98f8
0x401d8b,0x71d5f3f5c538
0x401e47,0x8ad3302ac1d0
0x40187e,0x71d5f3f65100
0x401804,0x71d5f3f65328
0x40182a,0x71d5f3f65700
0x401e1b,0x8ad33028d780
0x401dc9,0x8ad3302ad788
0x401e47,0x8ad3302acdb0
0x401804,0x71d5f3f65aa8
0x401e31,0x71d5f3f66388
0x401804,0x71d5f3f67228
0x40187e,0x71d5f3f67280
0x401e89,0x71d5f3f5ed48
0x401ed1,0x8ad3302a08c0
0x401da0,0x8ad3302a09a0
0x401dc9,0x8ad3302b1368
0x401e47,0x8ad3302b0990
0x401da0,0x8ad3302a0d60
0x40187e,0x71d5f3f67a00
0x401804,0x71d5f3f67cc8
0x40182a,0x71d5f3f67c40
0x401e1b,0x8ad330291e00
0x401dc9,0x8ad3302b1e08
0x401d8b,0x71d5f3f608d8
0x401dc9,0x8ad3302b5128
0x401ed1,0x8ad3302a47c0
0x401dc9,0x8ad3302b5268
0x40182a,0x71d5f3f698c0
0x401e89,0x71d5f3f623c8
0x40185c,0x71d5f3f6b380
0x401cfb,0x8ad3302b9138
0x40182a,0x71d5f3f6b540
0x401e31,0x71d5f3f6c1c8
0x401804,0x71d5f3f6bca8
0x401e89,0x71d5f3f647c8
0x401ea1,0x8ad3302ac650
0x401cfb,0x8ad3302b9f98
0x401e31,0x71d5f3f6cda8
0x40185c,0x71d5f3f6d780
0x401e89,0x71d5f3f66588
0x401e1b,0x8ad33029dc40
0x401dc9,0x8ad3302bdc48
0x40187e,0x71d5f3f6dfc0
0x401cfb,0xa1abd7fd1398
0x401da0,0x8ad3302b0fa0
0x401cfb,0xa1abd7fd1c58
0x401cfb,0xa1abd7fd1e38
0x401da0,0x8ad3302b4720
0x401d8b,0x71d5f3f68bb8
0x401e47,0xa1abd7fd4710
0x401804,0x71d5f3f71368
0x40182a,0x71d5f3f71380
0x401ea1,0x8ad3302b4f90
0x40182a,0x71d5f3f71c40
0x401804,0x71d5f3f71e08
0x401804,0x71d5f3f731c8
0x401ea1,0x8ad3302b8990
0x40187e,0x71d5f3f73540
0x401ea1,0x8ad3302b8fd0
0x401e89,0x71d5f3f6c648
0x401804,0x71d5f3f73d08
0x401e31,0x71d5f3f74728
0x401da0,0x8ad3302bc520
0x40185c,0x71d5f3f75100
0x40185c,0x71d5f3f75240
0x401cfb,0xd79e62a531d8
0x401d8b,0x71d5f3f6e818
0x401e31,0x71d5f3f76768
0x401cfb,0xd79e62a53d18
0x401e1b,0x8ad3302adfc0
0x401e47,0xd79e62a56410
0x401e1b,0x8ad3302b1380
0x401e47,0xd79e62a56c30
0x401e1b,0x8ad3302b1c40
0x401d8b,0x71d5f3f70998
0x401e47,0xd79e62a5a4f0
0x40187e,0x71d5f3f79100
0x401e31,0x71d5f3f78988
0x401e89,0x71d5f3f70f88
0x401e31,0x71d5f3f78fc8
0x401da0,0xa1abd7fd4fa0
0x401e89,0x71d5f3f725c8
0x4017a3,0x71d5f3f7a4c8
0x401804,0x71d5f3f79fa8
0x401cfb,0xd79e62a5bd98
0x401e47,0xd79e62a5e530
0x401cfb,0xd79e62a5bf78
0x401ea1,0xd79e62a4e810
0x401e89,0x71d5f3f72e88
0x401d8b,0x71d5f3f72ed8
0x401e47,0xd79e62a5ed50
0x401e31,0x71d5f3f7c508
0x40182a,0x71d5f3f7bd80
0x401804,0x71d5f3f7bf48
0x401ea1,0xd79e62a525d0
0x401dc9,0xd79e62a63128
0x401e47,0xd79e62a62750
0x401d8b,0x71d5f3f74fb8
0x401ea1,0xd79e62a52e90
0x401da0,0xd79e62a52ee0
0x401d8b,0x71d5f3f76418
0x401804,0x71d5f3f7dc68
0x401ea1,0xd79e62a56750
0x401e47,0xd79e62a665b0
0x401d8b,0x71d5f3f76c38
0x401e1b,0xa1abd7fd1340
0x401dc9,0xd79e62a67208
0x401dc9,0xd79e62a672a8
0x401e31,0x71d5f3f7ed68
0x401dc9,0xd79e62a67a28
0x401cfb,0xd79e62a67c78
0x40187e,0x71d5f3f810c0
0x401e1b,0xa1abd7fd5100
0x401804,0x71d5f3f811a8
0x401e1b,0xa1abd7fd5240
0x401dc9,0xd79e62a6b388
0x401dc9,0xd79e62a6b568
0x401804,0x71d5f3f81c48
0x4017a3,0x71d5f3f823e8
0x401cfb,0xd79e62a6bcb8
0x40187e,0x71d5f3f83100
0x401e47,0xd79e62a6e810
0x401da0,0xd79e62a5ebe0
0x401ed1,0xd79e62a623c0
0x401e31,0x71d5f3f847e8
0x40182a,0x71d5f3f85100
0x401e47,0xd79e62a725d0
0x40185c,0x71d5f3f85300
0x401cfb,0xd79e62a731f8
0x401e1b,0xd79e62a53540
0x401804,0x71d5f3f85728
0x401dc9,0xd79e62a73548
0x40185c,0x71d5f3f85a80
0x401e47,0xd79e62a72e90
0x401d8b,0x71d5f3f7e518
0x401e31,0x71d5f3f865a8
0x401da0,0xd79e62a663a0
0x401cfb,0xd79e62a73d38
0x401e47,0xd79e62a76430
0x40185c,0x71d5f3f87200
0x401d8b,0x71d5f3f7ebf8
0x40182a,0x71d5f3f87280
0x401e47,0xd79e62a76750
0x401d8b,0x71d5f3f80198
0x40182a,0x71d5f3f87a00
0x401804,0x71d5f3f87c68
0x40187e,0x71d5f3f87cc0
0x401e89,0x71d5f3f808c8
0x401d8b,0x71d5f3f809b8
0x401e31,0x71d5f3f88b88
0x401d8b,0x71d5f3f80d78
0x401804,0x71d5f3f898e8
0x401d8b,0x71d5f3f82778
0x401cfb,0xd79e62a7bdb8
0x401804,0x71d5f3f8b388
0x401804,0x71d5f3f8b568
0x401e47,0xd79e62a7ed70
0x40185c,0x71d5f3f8bc80
0x401e31,0x71d5f3f8c668
0x401cfb,0xd79e62a83118
0x401e47,0xd79e62a82770
0x401804,0x71d5f3f8d788
0x401ed1,0xd79e62a72ec0
0x401d8b,0x71d5f3f86398
0x40182a,0x71d5f3f8dfc0
0x401dc9,0xd79e62a87228
0x401cfb,0xd79e62a87298
0x401da0,0xd79e62a76c20
0x401cfb,0xd79e62a87a18
0x401e1b,0xd79e62a67cc0
0x401dc9,0xd79e62a87cc8
0x401da0,0xd79e62a7a4e0
0x401804,0x71d5f3f913a8
0x401861,0x71d5f3f91348
0x401dc9,0xd79e62a8b3a8
0x401cfb,0xd79e62a8b558
0x401e31,0x71d5f3f90fa8
0x401804,0x71d5f3f91c68
0x401e31,0x71d5f3f925e8
0x40187e,0x71d5f3f91e00
0x401da0,0xd79e62a7e520
0x40187e,0x71d5f3f931c0
0x401e47,0xd79e62a8e830
0x40182a,0x71d5f3f93540
0x401e31,0x71d5f3f92ea8
0x401ed1,0xd79e62a7ebc0
0x401d8b,0x71d5f3f8c1d8
0x40187e,0x71d5f3f93d00
0x401ea1,0xd79e62a823d0
0x401804,0x71d5f3f95108
0x401804,0x71d5f3f95248
0x401e47,0xd79e62a925f0
0x401d8b,0x71d5f3f8cdb8
0x401dc9,0xd79e62a93568
0x401e31,0x71d5f3f94f88
0x401e47,0xd79e62a92eb0
0x401e89,0x71d5f3f8e808
0x401ed1,0xd79e62a86380
0x401da0,0xd79e62a865a0
0x401e47,0xd79e62a96770
0x401e31,0x71d5f3f96c08
0x401e89,0x71d5f3f90988
0x40182a,0x71d5f3f99100
0x401e1b,0xd79e62a7bf40
0x40185c,0x71d5f3f99f80
0x401dc9,0xd79e62a9bf48
0x401e89,0x71d5f3f92ec8
0x401804,0x71d5f3f9bda8
0x401d8b,0x71d5f3f94738
0x40187e,0x71d5f3f9bf40
0x401e47,0xd79e62aa23d0
0x401cfb,0xd79e62aa3138
0x401ea1,0xd79e62a92ed0
0x401e89,0x71d5f3f96408
0x40185c,0x71d5f3f9dc40
0x401d8b,0x71d5f3f96778
0x401da0,0xd79e62a96420
0x401e31,0x71d5f3f9ebc8
0x401cfb,0xd79e62aa7218
0x401cfb,0xd79e62aa72b8
0x401ed1,0xd79e62a96c00
0x401cfb,0xd79e62aa7a38
0x401e1b,0xd79e62a87c40
0x401dc9,0xd79e62aa7c48
0x401dc9,0xd79e62aa7ce8
0x401ed1,0xd79e62a9a4c0
0x401d8b,0x71d5f3f98998
0x401e31,0x71d5f3fa08e8
0x40182a,0x71d5f3fa10c0
0x40185c,0x71d5f3fa1180
0x401e31,0x71d5f3fa0988
0x4017a3,0x71d5f3fa0d48
0x401d8b,0x71d5f3f98fd8
0x40170a,0xd79e62aab398
0x401cfb,0xd79e62aab578
0x401d8b,0x71d5f3f9a4d8
0x401e1b,0xd79e62a8bc80
0x40187e,0x71d5f3fa1c40
0x401dc9,0xd79e62aabc88
0x401e31,0x71d5f3fa2748
0x401ed1,0xd79e62a9e500
0x40182a,0x71d5f3fa3100
0x401ea1,0xd79e62a9ebd0
0x401da0,0xd79e62a9ed60
0x401d8b,0x71d5f3f9c518
0x401804,0x71d5f3fa5128
0x401e1b,0xd79e62a931c0
0x401804,0x71d5f3fa5308
0x401da0,0xd79e62aa2760
0x401dc9,0xd79e62ab31c8
0x40185c,0x71d5f3fa5700
0x401cfb,0xd79e62ab3558
0x401804,0x71d5f3fa5a88
0x401e89,0x71d5f3f9e508
0x401e47,0xd79e62ab2ed0
0x401e1b,0xd79e62a93d00
0x401ea1,0xd79e62aa6390
0x401dc9,0xd79e62ab3d08
0x401ed1,0xd79e62aa6580
0x401804,0x71d5f3fa7208
0x401804,0x71d5f3fa72a8
0x401d8b,0x71d5f3f9ed78
0x401e89,0x71d5f3fa0188
0x401804,0x71d5f3fa7a28
0x40185c,0x71d5f3fa7c40
0x40182a,0x71d5f3fa7cc0
0x40185c,0x71d5f3fa98c0
0x401d8b,0x71d5f3fa23f8
0x401e1b,0xd79e62a9bd80
0x401dc9,0xd79e62abbd88
0x401dc9,0xd79e62abbf68
0x401da0,0xd79e62aae820
0x40187e,0x71d5f3fab380
0x40185c,0x71d5f3fab540
0x401e47,0xd79e62abebd0
0x401804,0x71d5f3fabc88
0x401d8b,0x71d5f3fa47f8
0x401e47,0xd79e62ac23f0
0x401da0,0xd79e62ab25e0
0x401e31,0x71d5f3facd88
0x40187e,0x71d5f3fad780
0x401e89,0x71d5f3fa6388
0x401da0,0xd79e62ab2ea0
0x401d8b,0x71d5f3fa65b8
0x401ed1,0xd79e62ab6400
0x401804,0x71d5f3fadfe8
0x401e47,0xd79e62ac6390
0x401e31,0x71d5f3fae828
0x401da0,0xd79e62ab6760
0x401cfb,0xd79e62ac7238
0x401ea1,0xd79e62ab6c10
0x401dc9,0xd79e62ac7c68
0x401ea1,0xd79e62aba4d0
0x401cfb,0xd79e62ac7cd8
0x401e31,0x71d5f3fb09a8
0x401804,0x71d5f3fb1348
0x40173b,0x71d5f3fa8b98
0x40185c,0x71d5f3fb1380
0x401cfb,0xd79e62acb3b8
0x401861,0x71d5f3fb1c48
0x401dc9,0xd79e62acbca8
0x40182a,0x71d5f3fb1e00
0x401ea1,0xd79e62abe510
0x40182a,0x71d5f3fb31c0
0x401804,0x71d5f3fb3568
0x401e31,0x71d5f3fb2ee8
0x401e89,0x71d5f3fac1c8
0x401ed1,0xd79e62abed40
0x40182a,0x71d5f3fb3d00
0x401d8b,0x71d5f3fac678
0x401e31,0x71d5f3fb4708
0x40187e,0x71d5f3fb5100
0x401ed1,0xd79e62ac2740
0x40187e,0x71d5f3fb5240
0x401dc9,0xd79e62ad31e8
0x401cfb,0xd79e62ad3578
0x401e47,0xd79e62ad2ef0
0x401e31,0x71d5f3fb6428
0x401dc9,0xd79e62ad3d28
0x401e31,0x71d5f3fb6748
0x401ea1,0xd79e62ac6590
0x401e47,0xd79e62ad6c10
0x401804,0x71d5f3fb9128
0x401796,0xd79e62ada4d0
0x401d8b,0x71d5f3fb0fb8
0x401d8b,0x71d5f3fb25f8
0x401804,0x71d5f3fb9f88
0x401dc9,0xd79e62adbda8
0x401e47,0xd79e62ade510
0x401cfb,0xd79e62adbf58
0x401ed1,0xd79e62ace800
0x401d8b,0x71d5f3fb2eb8
0x401e47,0xd79e62adebf0
0x40185c,0x71d5f3fbbd80
0x40182a,0x71d5f3fbbf40
0x401e1b,0xd79e62ac3100
0x401ed1,0xd79e62ad25c0
0x401dc9,0xd79e62ae3108
0x401d8b,0x71d5f3fb4f98
0x401ed1,0xd79e62ad2e80
0x401804,0x71d5f3fbdc48
0x401e31,0x71d5f3fbe528
0x401ea1,0xd79e62ad6410
0x401e47,0xd79e62ae63b0
0x401e47,0xd79e62ae6590
0x401ed1,0xd79e62ad6740
0x401e1b,0xd79e62ac7280
0x401d8b,0x71d5f3fb6c18
0x401dc9,0xd79e62ae7288
0x401e31,0x71d5f3fbed48
0x401e31,0x71d5f3fc01a8
0x401e1b,0xd79e62ac7a00
0x401dc9,0xd79e62ae7a08
0x401cfb,0xd79e62ae7c58
0x40170a,0xd79e62ae7cf8
0x401804,0x71d5f3fc10e8
0x4017e0,0x71d5f3fb8988
0x401804,0x71d5f3fc1188
0x401e1b,0xd79e62acb540
0x401e89,0x71d5f3fb8fc8
0x401dc9,0xd79e62aeb548
0x401e89,0x71d5f3fba4c8
0x401e31,0x71d5f3fc23c8
0x40182a,0x71d5f3fc1c40
0x401cfb,0xd79e62aebc98
0x401804,0x71d5f3fc3128
0x401ea1,0xd79e62aded50
0x401e89,0x71d5f3fbc508
0x401da0,0xd79e62ae23e0
0x401e31,0x71d5f3fc47c8
0x40185c,0x71d5f3fc5100
0x401ea1,0xd79e62ae2750
0x40187e,0x71d5f3fc5300
0x401cfb,0xd79e62af31d8
0x401804,0x71d5f3fc5708
0x40187e,0x71d5f3fc5a80
0x401e31,0x71d5f3fc63a8
0x401e31,0x71d5f3fc6588
0x401cfb,0xd79e62af3d18
0x401e47,0xd79e62af6410
0x40187e,0x71d5f3fc7200
0x401861,0x71d5f3fc7288
0x401d8b,0x71d5f3fbebd8
0x401e47,0xd79e62af6c30
0x40185c,0x71d5f3fc7a00
0x401804,0x71d5f3fc7c48
0x401804,0x71d5f3fc7ce8
0x401d8b,0x71d5f3fc08f8
0x401d8b,0x71d5f3fc0998
0x401e47,0xd79e62afa4f0
0x401d8b,0x71d5f3fc0d58
0x401804,0x71d5f3fc98c8
0x401d8b,0x71d5f3fc2758
0x401cfb,0xd79e62afbd98
0x401e47,0xd79e62afe530
0x401cfb,0xd79e62afbf78
0x401ea1,0xd79e62aee810
0x40182a,0x71d5f3fcb380
0x401804,0x71d5f3fcb548
0x401e47,0xd79e62afed50
0x401e31,0x71d5f3fcc1e8
0x40187e,0x71d5f3fcbc80
0x401e31,0x71d5f3fcc648
0x401ea1,0xd79e62af25d0
0x401dc9,0xd79e62b03128
0x401e47,0xd79e62b02750
0x40182a,0x71d5f3fcd780
0x401ea1,0xd79e62af2e90
0x401da0,0xd79e62af2ee0
0x40185c,0x71d5f3fcdfc0
0x401ea1,0xd79e62af6750
0x401e47,0xd79e62b065b0
0x401e1b,0xd79e62ae7200
0x401dc9,0xd79e62b07208
0x401dc9,0xd79e62b072a8
0x401dc9,0xd79e62b07a28
0x401cfb,0xd79e62b07c78
0x401e89,0x71d5f3fc8b88
0x401804,0x71d5f3fd1388
0x40187e,0x71d5f3fd1340
0x401e1b,0xd79e62aeb380
0x401dc9,0xd79e62b0b388
0x401e31,0x71d5f3fd0f88
0x401dc9,0xd79e62b0b568
0x401804,0x71d5f3fd1c48
0x401804,0x71d5f3fd1e28
0x401e31,0x71d5f3fd25c8
0x401cfb,0xd79e62b0bcb8
0x401804,0x71d5f3fd31e8
0x401e47,0xd79e62b0e810
0x40185c,0x71d5f3fd3540
0x401e31,0x71d5f3fd2e88
0x401da0,0xd79e62afebe0
0x401804,0x71d5f3fd3d28
0x401ed1,0xd79e62b023c0
0x40182a,0x71d5f3fd5100
0x401e47,0xd79e62b125d0
0x40182a,0x71d5f3fd5240
0x401cfb,0xd79e62b131f8
0x401d8b,0x71d5f3fccd98
0x401e1b,0xd79e62af3540
0x401dc9,0xd79e62b13548
0x401e47,0xd79e62b12e90
0x401da0,0xd79e62b063a0
0x401d8b,0x71d5f3fce838
0x401cfb,0xd79e62b13d38
0x401e47,0xd79e62b16430
0x401e47,0xd79e62b16750
0x401d8b,0x71d5f3fd09b8
0x40185c,0x71d5f3fd9100
0x401e31,0x71d5f3fd89a8
0x401e31,0x71d5f3fd8fe8
0x401e31,0x71d5f3fda4e8
0x40187e,0x71d5f3fd9f80
0x401cfb,0xd79e62b1bdb8
0x401d8b,0x71d5f3fd2ef8
0x401e47,0xd79e62b1ed70
0x401e31,0x71d5f3fdc528
0x401804,0x71d5f3fdbd88
0x401d8b,0x71d5f3fd4718
0x401804,0x71d5f3fdbf68
0x401cfb,0xd79e62b23118
0x401e47,0xd79e62b22770
0x401e89,0x71d5f3fd4f88
0x401ed1,0xd79e62b12ec0
0x401d8b,0x71d5f3fd6438
0x40187e,0x71d5f3fddc40
0x401d8b,0x71d5f3fd6758
0x401e89,0x71d5f3fd6c08
0x401dc9,0xd79e62b27228
0x401cfb,0xd79e62b27298
0x401da0,0xd79e62b16c20
0x401cfb,0xd79e62b27a18
0x401e1b,0xd79e62b07cc0
0x401dc9,0xd79e62b27cc8
0x401da0,0xd79e62b1a4e0
0x401e31,0x71d5f3fe08c8
0x40185c,0x71d5f3fe10c0
0x40187e,0x71d5f3fe1180
0x401dc9,0xd79e62b2b3a8
0x401cfb,0xd79e62b2b558
0x401804,0x71d5f3fe1c68
0x401da0,0xd79e62b1e520
0x40185c,0x71d5f3fe3100
0x401e47,0xd79e62b2e830
0x401ed1,0xd79e62b1ebc0
0x401ea1,0xd79e62b223d0
0x401804,0x71d5f3fe5108
0x401e47,0xd79e62b325f0
0x40182a,0x71d5f3fe5300
0x40187e,0x71d5f3fe5700
0x401dc9,0xd79e62b33568
0x40182a,0x71d5f3fe5a80
0x401e47,0xd79e62b32eb0
0x401d8b,0x71d5f3fde538
0x401ed1,0xd79e62b26380
0x401da0,0xd79e62b265a0
0x401e89,0x71d5f3fdebc8
0x401804,0x71d5f3fe7288
0x40182a,0x71d5f3fe7200
0x401e47,0xd79e62b36770
0x401d8b,0x71d5f3fded58
0x40173b,0x71d5f3fe01b8
0x401804,0x71d5f3fe7a08
0x40187e,0x71d5f3fe7c40
0x40185c,0x71d5f3fe7cc0
0x401e89,0x71d5f3fe0988
0x401e89,0x71d5f3fe0d48
0x401e31,0x71d5f3fe8ba8
0x40187e,0x71d5f3fe98c0
0x401d8b,0x71d5f3fe23d8
0x401e89,0x71d5f3fe2748
0x401e1b,0xd79e62b1bf40
0x401dc9,0xd79e62b3bf48
0x401804,0x71d5f3feb3a8
0x40187e,0x71d5f3feb540
0x40182a,0x71d5f3febc80
0x401d8b,0x71d5f3fe47d8
0x401e47,0xd79e62b423d0
0x401cfb,0xd79e62b43138
0x401804,0x71d5f3fed7a8
0x401ea1,0xd79e62b32ed0
0x401d8b,0x71d5f3fe63b8
0x401d8b,0x71d5f3fe6598
0x401da0,0xd79e62b36420
0x401804,0x71d5f3fedfc8
0x401e31,0x71d5f3fee808
0x401cfb,0xd79e62b47218
0x401cfb,0xd79e62b472b8
0x4017b0,0xd79e62b36c00
0x401e1b,0xd79e62b27c40
0x401cfb,0xd79e62b47a38
0x401dc9,0xd79e62b47c48
0x401dc9,0xd79e62b47ce8
0x401ed1,0xd79e62b3a4c0
0x401e31,0x71d5f3ff0988
0x40182a,0x71d5f3ff1340
0x40187e,0x71d5f3ff1380
0x401cfb,0xd79e62b4b398
0x401cfb,0xd79e62b4b578
0x401e1b,0xd79e62b2bc80
0x40187e,0x71d5f3ff1c40
0x40185c,0x71d5f3ff1e00
0x401dc9,0xd79e62b4bc88
0x401ed1,0xd79e62b3e500
0x40185c,0x71d5f3ff31c0
0x401804,0x71d5f3ff3548
0x401ea1,0xd79e62b3ebd0
0x401e31,0x71d5f3ff2ec8
0x401da0,0xd79e62b3ed60
0x401d8b,0x71d5f3fec1f8
0x401d8b,0x71d5f3fec658
0x40185c,0x71d5f3ff3d00
0x401804,0x71d5f3ff5128
0x401e1b,0xd79e62b331c0
0x401804,0x71d5f3ff5268
0x401da0,0xd79e62b42760
0x401e89,0x71d5f3fecd88
0x401e31,0x71d5f3ff4fa8
0x401dc9,0x6c537032e808
0x401e31,0x71d5f3ff6408
0x401e1b,0xd79e62b33d00
0x401ea1,0xd79e62b46390
0x401ed1,0xd79e62b46580
0x401e31,0x71d5f3ff6c28
0x401dc9,0x6c53703325c8
0x401dc9,0x6c5370332e88
0x401804,0x71d5f3ff9108
0x401cfb,0x6c5370332ef8
0x401dc9,0x6c5370336428
0x401d8b,0x71d5f3ff0f98
0x401dc9,0x6c5370336748
0x401d8b,0x71d5f3ff25d8
0x401e47,0x6c5370339130
0x401e1b,0xd79e62b3bd80
0x401cfb,0x6c5370336c18
0x40182a,0x71d5f3ff9f80
0x401da0,0xd79e62b4e820
0x401d8b,0x71d5f3ff2e98
0x401cfb,0x6c537033a4d8
0x401e47,0x6c5370339f90
0x401e89,0x71d5f3ff4708
0x40187e,0x71d5f3ffbd80
0x401861,0x71d5f3ffbf48
0x401ed1,0x6c537032d780
0x401cfb,0x6c537033e518
0x401da0,0x6c537032dfe0
0x40182a,0x71d5f3ffdc40
0x401ea1,0x6c5370331350
0x401e31,0x71d5f3ffe508
0x401e89,0x71d5f3ff6748
0x401e47,0x6c53703411b0
0x401cfb,0x6c537033ebf8
0x401da0,0x6c53703313a0
0x401dc9,0x6c537033ed68
0x4017a3,0x71d5f3ffebe8
0x401da0,0x6c5370331c60
0x401e47,0x6c5370341c50
0x401dc9,0x6c5370342768
0x401ed1,0x6c5370331e00
0x401ea1,0x6c5370335110
0x401ea1,0x6c5370335250
0x401e47,0x6c5370345330
0x401d8b,0x71d5f3ff89b8
0x401cfb,0x6c53703463b8
0x401d8b,0x71d5f3ff8ff8
0x401e47,0x6c5370345ab0
0x401cfb,0x6c5370346598
0x401e31,0xca49da319128
0x401804,0xca49da318988
0x401d8b,0x71d5f3ffa4f8
0x401804,0xca49da318fc8
0x401804,0xca49da31a4c8
0x401e1b,0xe8035e45a4c0
0x401e31,0xca49da319f88
0x401d8b,0x71d5f3ffc538
0x401804,0xca49da31c508
0x401ed1,0x6c537033dc40
0x401dc9,0x6c537034e828
0x401da0,0x6c53703410e0
0x401e47,0x6c5370351350
0x401e89,0x71d5f3ffed48
0x401e31,0xca49da31dc48
0x40187e,0xca49da31e500
0x401dc9,0x6c53703525e8
0x40185c,0xca49da31ebc0
0x401da0,0x6c5370345120
0x401804,0xca49da31ed68
0x401e47,0x6c5370355110
0x401e47,0x6c5370355250
0x401dc9,0x6c5370352ea8
0x401ea1,0x6c5370345710
0x40187e,0xca49da320180
0x401cfb,0x6c5370356418
0x40182a,0xca49da3208c0
0x40185c,0xca49da320980
0x401e31,0xca49da321188
0x401dc9,0x6c5370356768
0x401e31,0xca49da3210e8
0x40185c,0xca49da320d40
0x401cfb,0x6c5370356c38
0x401804,0xca49da3223e8
0x401da0,0x6c53703498e0
0x401cfb,0x6c537035a4f8
0x40185c,0xca49da322740
0x401e31,0xca49da323128
0x401e47,0x6c5370359fb0
0x401ea1,0x6c537034d790
0x401d8b,0xca49da31bdb8
0x401e89,0xca49da31bf48
0x401cfb,0x6c537035e538
0x401804,0xca49da3247e8
0x401ed1,0x6c537034dfc0
0x401ed1,0x6c5370351380
0x401e31,0xca49da325708
0x401cfb,0x6c537035ed58
0x40187e,0xca49da326380
0x401e1b,0x6c53703423c0
0x401dc9,0x6c53703623c8
0x401804,0xca49da3265a8
0x401ed1,0x6c5370351c40
0x401ea1,0x6c5370351e10
0x401e47,0x6c5370361c70
0x401cfb,0x6c5370362758
0x401e47,0x6c5370365710
0x401e31,0xca49da327c48
0x401e31,0xca49da327ce8
0x401cfb,0x6c53703665b8
0x401804,0xb207126a8b88
0x401da0,0x6c5370359120
0x401e31,0xb207126a98c8
0x401e89,0xca49da321c48
0x401e31,0xb207126ab548
0x40187e,0xb207126ac1c0
0x401e47,0x6c537036d790
0x401804,0xb207126ac668
0x401ea1,0x6c537035dc50
0x401d8b,0xca49da325138
0x401d8b,0xca49da325318
0x401cfb,0x6c537036e818
0x401ed1,0x6c53703610c0
0x401da0,0x6c53703611a0
0x40185c,0xb207126acd80
0x401796,0x6c5370371370
0x401d8b,0xca49da325a98
0x40182a,0xb207126ae800
0x401cfb,0x6c53703725d8
0x401d8b,0xca49da3272b8
0x401d8b,0xca49da327218
0x401e47,0x6c5370371e10
0x401ed1,0x6c5370365100
0x401e47,0x6c5370375130
0x401da0,0x6c5370365320
0x401e1b,0x6c5370352ec0
0x401e47,0x6c5370375270
0x401dc9,0x6c5370372ec8
0x401d8b,0xca49da327a38
0x401cfb,0x6c5370372e98
0x401da0,0x6c5370365aa0
0x401cfb,0x6c5370376438
0x40182a,0xb207126b0980
0x401cfb,0x6c5370376758
0x401e31,0xb207126b1388
0x401804,0xb207126b0fa8
0x401ed1,0x6c53703698c0
0x401e31,0xb207126b1c48
0x401804,0xb207126b25e8
0x401e31,0xb207126b1e28
0x401e89,0xb207126ab388
0x401e31,0xb207126b31e8
0x401804,0xb207126b2ea8
0x40182a,0xb207126b2ec0
0x401d8b,0xb207126abc98
0x401e31,0xb207126b3d28
0x40185c,0xb207126b4700
0x401e47,0x6c537037dc50
0x401ea1,0x6c537036dfd0
0x401e1b,0x6c537035ebc0
0x40176f,0x6c537037ebc8
0x4017e0,0xb207126ad788
0x4017d0,0x6c5370371390
0x401804,0xb207126b4f88
0x401cfb,0x6c537037ed78
0x40182a,0xb207126b6400
0x401dc9,0x6c53703823e8
0x401ea1,0x6c5370371c50
0x401d8b,0xb207126adff8
0x40185c,0xb207126b6740
0x401cfb,0x6c5370382778
0x401804,0xb207126b6c08
0x401e1b,0x6c5370366380
0x401e47,0x6c5370385730
0x401dc9,0x6c5370386388
0x40187e,0xb207126b8980
0x401d8b,0xb207126b1358
0x401ed1,0x6c5370379100
0x40187e,0xb207126b8fc0
0x40187e,0xb207126ba4c0
0x401da0,0x6c5370379fa0
0x401d8b,0xb207126b3578
0x401e47,0x6c537038d7b0
0x40187e,0xb207126bc500
0x401e31,0xb207126bbd88
0x401e89,0xb207126b5108
0x401e31,0xb207126bbf68
0x401e89,0xb207126b5248
0x401cfb,0x6c537038e838
0x401ea1,0x6c53703810d0
0x401796,0x6c537038dfd0
0x4017b0,0x6c5370381180
0x401e47,0x6c5370391390
0x40182a,0xb207126be500
0x401da0,0x6c5370381c60
0x401cfb,0x6c53703925f8
0x401e47,0x6c5370391c50
0x401e47,0x6c5370391e30
0x401ea1,0x6c5370385110
0x401804,0xb207126bebc8
0x40185c,0xb207126bed40
0x401ed1,0x6c5370385300
0x401cfb,0x6c5370392eb8
0x401dc9,0x6c5370392ee8
0x40182a,0xb207126c0180
0x401ed1,0x6c5370385a80
0x401d8b,0xb207126b9138
0x401804,0xb207126c08e8
0x401804,0xb207126c0988
0x401cfb,0x6c5370396778
0x401e1b,0x6c5370376c00
0x401804,0xb207126c0d48
0x401dc9,0x6c5370396c08
0x401ea1,0x6c53703898d0
0x40185c,0xb207126c23c0
0x401e31,0xb207126c1c68
0x401e1b,0x6c537037a4c0
0x401d8b,0xb207126b9f98
0x401dc9,0x6c537039a4c8
0x401804,0xb207126c2748
0x401e1b,0x6c537037e500
0x401dc9,0x6c537039e508
0x40185c,0xb207126c47c0
0x401e47,0x6c537039dc70
0x401e31,0xb207126c5108
0x401e47,0x6c53703a10d0
0x401dc9,0x6c537039ebe8
0x401da0,0x6c5370391360
0x401d8b,0xb207126bdc58
0x40182a,0xb207126c6380
0x40185c,0xb207126c6580
0x401cfb,0x6c53703a23d8
0x401e31,0xb207126c7288
0x401da0,0x6c5370395120
0x401da0,0x6c5370395260
0x401e47,0x6c53703a5110
0x401e31,0xb207126c7a08
0x401e1b,0x6c5370386580
0x401dc9,0x6c53703a63a8
0x401dc9,0x6c53703a6588
0x401d8b,0xb207126c10f8
0x401d8b,0xb207126c1198
0x401ea1,0x6c5370399110
0x40187e,0xb207126c8b80
0x401e47,0x6c53703a98d0
0x401d8b,0xb207126c3138
0x401ed1,0x6c5370399f80
0x401e31,0xb207126cb3a8
0x40182a,0xb207126cc1c0
0x40185c,0xb207126cc640
0x4017e0,0xb207126c5308
0x401ea1,0x6c53703a1190
0x401e47,0x6c53703adff0
0x401804,0xb207126ccd88
0x401d8b,0xb207126c5718
0x401e31,0xb207126cd7a8
0x401e47,0x6c53703b13b0
0x401e89,0xb207126c5a88
0x401ed1,0x6c53703a1c40
0x401804,0xb207126ce828
0x401e89,0xb207126c7208
0x401e31,0xb207126cdfc8
0x401e47,0x6c53703b1c70
0x401ea1,0x6c53703a5310
0x401cfb,0x6c53703b2ed8
0x401da0,0x6c53703a5720
0x401d8b,0xb207126c7c58
0x401d8b,0xb207126c7cf8
0x401e1b,0x6c5370396400
0x401ea1,0x6c53703a5a90
0x401dc9,0x6c53703b6408
0x401804,0xb207126d09a8
0x401e47,0x6c53703b9110
0x401dc9,0x6c53703b6c28
0x40185c,0xb207126d0f80
0x401d8b,0xb207126c98d8
0x40185c,0xb207126d25c0
0x401dc9,0x6c53703ba4e8
0x401d8b,0xb207126cb558
0x401e31,0xb207126d3548
0x401804,0xb207126d2ee8
0x40185c,0xb207126d2e80
0x401e89,0xb207126cbc88
0x401da0,0x6c53703ad7a0
0x401804,0xb207126d4708
0x401dc9,0x6c53703be528
0x401e31,0xb207126d5128
0x401e31,0xb207126d5268
0x401e1b,0x6c537039ed40
0x401e47,0x6c53703c10f0
0x401e47,0x6c53703c1190
0x401cfb,0x6c53703bebd8
0x401ed1,0x6c53703b1340
0x401dc9,0x6c53703bed48
0x40187e,0xb207126d4f80
0x401804,0xb207126d6428
0x401cfb,0x6c53703c23f8
0x401804,0xb207126d6748
0x401e1b,0x6c53703a2740
0x401dc9,0x6c53703c2748
0x401da0,0x6c53703b1e20
0x40187e,0xb207126d6c00
0x401ed1,0x6c53703b5100
0x401ed1,0x6c53703b5240
0x401e47,0x6c53703c5130
0x401e47,0x6c53703c5310
0x401cfb,0x6c53703c6398
0x401e47,0x6c53703c5a90
0x401dc9,0x6c53703c65a8
0x401e89,0xb207126d1348
0x401e31,0xb207126d9108
0x40182a,0xb207126d8980
0x401d8b,0xb207126d1398
0x40182a,0xb207126d8fc0
0x401d8b,0xb207126d1c58
0x401e47,0x6c53703c98f0
0x401d8b,0xb207126d1e38
0x40182a,0xb207126da4c0
0x401d8b,0xb207126d31f8
0x401ea1,0x6c53703b9f90
0x401d8b,0xb207126d3d38
0x401705,0xb207126dc500
0x401da0,0x6c53703bdc60
0x401e1b,0x6c53703ae800
0x401dc9,0x6c53703ce808
0x401804,0xb207126de528
0x401e1b,0x6c53703b25c0
0x401ea1,0x6c53703c1c50
0x401dc9,0x6c53703d25c8
0x40187e,0xb207126debc0
0x401804,0xb207126ded48
0x401e1b,0x6c53703b2e80
0x401dc9,0x6c53703d2e88
0x401804,0xb207126e01a8
0x401cfb,0x6c53703d2ef8
0x401ed1,0x6c53703c5700
0x401dc9,0x6c53703d6428
0x401e1b,0x6c53703b6740
0x40185c,0xb207126e08c0
0x401dc9,0x6c53703d6748
0x401e31,0xb207126e10c8
0x40187e,0xb207126e0980
0x40187e,0xb207126e0d40
0x401e47,0x6c53703d9130
0x401cfb,0x6c53703d6c18
0x401804,0xb207126e23c8
0x401e89,0xb207126d9f88
0x40187e,0xb207126e2740
0x401cfb,0x6c53703da4d8
0x401e31,0xb207126e3108
0x401e47,0x6c53703d9f90
0x401ed1,0x6c53703cd780
0x40173b,0xb207126dbd98
0x401d8b,0xb207126dbf78
0x401804,0xb207126e47c8
0x401cfb,0x6c53703de518
0x401da0,0x6c53703cdfe0
0x401e31,0xb207126e5328
0x401ea1,0x6c53703d1350
0x401e47,0x6c53703e11b0
0x401da0,0x6c53703d13a0
0x401cfb,0x6c53703debf8
0x401dc9,0x6c53703ded68
0x401e89,0xb207126ddc48
0x401804,0xb207126e63a8
0x401e31,0xb207126e5aa8
0x401804,0xb207126e6588
0x401da0,0x6c53703d1c60
0x401e47,0x6c53703e1c50
0x401dc9,0x6c53703e2768
0x401ed1,0x6c53703d1e00
0x401e31,0xb207126e7228
0x401ea1,0x6c53703d5110
0x401ea1,0x6c53703d5250
0x401e47,0x6c53703e5330
0x401e31,0xb207126e7cc8
0x401cfb,0x6c53703e63b8
0x401e47,0x6c53703e5ab0
0x401e89,0xb207126e1188
0x401cfb,0x6c53703e6598
0x40182a,0xb207126e8b80
0x401d8b,0xb207126e1c78
0x401ed1,0x6c53703ddc40
0x401d8b,0xb207126e5118
0x401dc9,0x6c53703ee828
0x40182a,0x49950aa50980
0x401e31,0x49950aa51388
0x401da0,0x6c53703e10e0
0x401e89,0xb207126e5708
0x401804,0x49950aa50fa8
0x401e47,0x6c53703f1350
0x401e31,0x49950aa51c48
0x401804,0x49950aa525e8
0x401e31,0x49950aa51e28
0x401dc9,0x6c53703f25e8
0x401d8b,0xb207126e7298
0x401e31,0x49950aa531e8
0x401da0,0x6c53703e5120
0x401e47,0x6c53703f5110
0x401804,0x49950aa52ea8
0x401e47,0x6c53703f5250
0x40182a,0x49950aa52ec0
0x401dc9,0x6c53703f2ea8
0x401d8b,0xb207126e7a18
0x401ea1,0x6c53703e5710
0x401e89,0xb207126e7c48
0x401e31,0x49950aa53d28
0x401cfb,0x6c53703f6418
0x40185c,0x49950aa54700
0x401dc9,0x6c53703f6768
0x401cfb,0x6c53703f6c38
0x401e89,0x8ec426c698c8
0x401804,0x49950aa54f88
0x401da0,0x6c53703e98e0
0x40182a,0x49950aa56400
0x401cfb,0x6c53703fa4f8
0x40185c,0x49950aa56740
0x401804,0x49950aa56c08
0x401e47,0x6c53703f9fb0
0x4017d0,0x6c53703ed790
0x401cfb,0x6c53703fe538
0x40187e,0x49950aa58980
0x401d8b,0x49950aa51358
0x401ed1,0x6c53703edfc0
0x401ed1,0x6c53703f1380
0x40187e,0x49950aa58fc0
0x401cfb,0x6c53703fed58
0x401e1b,0x6c53703e23c0
0x40187e,0x49950aa5a4c0
0x401dc9,0x6c53704023c8
0x401ed1,0x6c53703f1c40
0x401ea1,0x6c53703f1e10
0x401e47,0x6c5370401c70
0x401cfb,0x6c5370402758
0x401d8b,0x49950aa53578
0x401e47,0x6c5370405710
0x40187e,0x49950aa5c500
0x401e31,0x49950aa5bd88
0x401e89,0x49950aa55108
0x401e31,0x49950aa5bf68
0x401cfb,0x6c53704065b8
0x401e89,0x49950aa55248
0x401da0,0x6c53703f9120
0x40182a,0x49950aa5e500
0x401804,0x49950aa5ebc8
0x401861,0x49950aa5ed48
0x40182a,0x49950aa60180
0x401e47,0x6c537040d790
0x401ea1,0x6c53703fdc50
0x401d8b,0x49950aa59138
0x401804,0x49950aa608e8
0x401804,0x49950aa60988
0x401cfb,0x6c537040e818
0x401ed1,0x6c53704010c0
0x401da0,0x6c53704011a0
0x401804,0x49950aa60d48
0x401e47,0x6c5370411370
0x40185c,0x49950aa623c0
0x401e31,0x49950aa61c68
0x401804,0x49950aa62748
0x401d8b,0x49950aa59f98
0x401cfb,0x6c53704125d8
0x401e47,0x6c5370411e10
0x401ed1,0x6c5370405100
0x401e47,0x6c5370415130
0x401da0,0x6c5370405320
0x401e1b,0x6c53703f2ec0
0x401e47,0x6c5370415270
0x401dc9,0x6c5370412ec8
0x401cfb,0x6c5370412e98
0x401da0,0x6c5370405aa0
0x401cfb,0x6c5370416438
0x40185c,0x49950aa647c0
0x401e31,0x49950aa65108
0x401cfb,0x6c5370416758
0x40182a,0x49950aa66380
0x401d8b,0x49950aa5dc58
0x401ed1,0x6c53704098c0
0x40185c,0x49950aa66580
0x401e31,0x49950aa67288
0x401e31,0x49950aa67a08
0x401d8b,0x49950aa610f8
0x401d8b,0x49950aa61198
0x401e47,0x6c537041dc50
0x401ea1,0x6c537040dfd0
0x401e1b,0x6c53703febc0
0x40187e,0x49950aa68b80
0x401dc9,0x6c537041ebc8
0x401ea1,0x6c5370411390
0x401cfb,0x6c537041ed78
0x401dc9,0x6c53704223e8
0x401ea1,0x6c5370411c50
0x401d8b,0x49950aa63138
0x401cfb,0x6c5370422778
0x401e31,0x49950aa6b3a8
0x40182a,0x49950aa6c1c0
0x401e1b,0x6c5370406380
0x401e47,0x6c5370425730
0x401dc9,0x6c5370426388
0x40185c,0x49950aa6c640
0x401e89,0x49950aa65308
0x401ed1,0x6c5370419100
0x401804,0x49950aa6cd88
0x401d8b,0x49950aa65718
0x401e31,0x49950aa6d7a8
0x401e89,0x49950aa65a88
0x401804,0x49950aa6e828
0x401e89,0x49950aa67208
0x401e31,0x49950aa6dfc8
0x401da0,0x6c5370419fa0
0x401dc9,0xa7d08ad010e8
0x401dc9,0xa7d08ad01188
0x401d8b,0x49950aa67c58
0x401d8b,0x49950aa67cf8
0x401e47,0xa7d08ad008f0
0x401e47,0xa7d08ad00990
0x401804,0x49950aa709a8
0x401e47,0xa7d08ad00d50
0x401ea1,0x6c53704210d0
0x401ed1,0x6c5370421180
0x40185c,0x49950aa70f80
0x401d8b,0x49950aa698d8
0x401dc9,0xa7d08ad05128
0x401e47,0xa7d08ad047f0
0x401dc9,0xa7d08ad05308
0x40185c,0x49950aa725c0
0x401da0,0x6c5370421c60
0x401cfb,0xa7d08ad05738
0x401ea1,0x6c5370425110
0x401d8b,0x49950aa6b558
0x401dc9,0xa7d08ad05a88
0x401e31,0x49950aa73548
0x401ed1,0x6c5370425300
0x401804,0x49950aa72ee8
0x40185c,0x49950aa72e80
0x401e89,0x49950aa6bc88
0x401ed1,0x6c5370425a80
0x401804,0x49950aa74708
0x401e31,0x49950aa75128
0x401dc9,0xa7d08ad098e8
0x401e31,0x49950aa75268
0x401e1b,0x6c5370416c00
0x40187e,0x49950aa74f80
0x401ea1,0x6c53704298d0
0x401804,0x49950aa76428
0x401e1b,0x6c537041a4c0
0x401804,0x49950aa76748
0x401cfb,0xa7d08ad0d7b8
0x40187e,0x49950aa76c00
0x4017d0,0xa7d08ad00190
0x401cfb,0xa7d08ad0dfd8
0x401e1b,0x6c537041e500
0x401cfb,0xa7d08ad11398
0x401e31,0x49950aa79108
0x401e89,0x49950aa71348
0x40182a,0x49950aa78980
0x401d8b,0x49950aa71398
0x401e47,0xa7d08ad10f90
0x401cfb,0xa7d08ad11c58
0x40182a,0x49950aa78fc0
0x401cfb,0xa7d08ad11e38
0x401d8b,0x49950aa71c58
0x401e47,0xa7d08ad14710
0x40182a,0x49950aa7a4c0
0x401d8b,0x49950aa71e38
0x401d8b,0x49950aa731f8
0x401dc9,0xa7d08ad19128
0x401d8b,0x49950aa73d38
0x40182a,0x49950aa7c500
0x401e1b,0x6c5370426580
0x401ed1,0xa7d08ad08b80
0x401ed1,0xa7d08ad0c1c0
0x401dc9,0xa7d08ad19f88
0x401e47,0xa7d08ad1c510
0x401da0,0xa7d08ad0c660
0x401804,0x49950aa7e528
0x401ea1,0xa7d08ad0cd90
0x40187e,0x49950aa7ebc0
0x401804,0x49950aa7ed48
0x401e47,0xa7d08ad20190
0x401cfb,0xa7d08ad1dc78
0x401804,0x49950aa801a8
0x401cfb,0xa7d08ad210d8
0x401dc9,0xa7d08ad211a8
0x401ed1,0xa7d08ad10980
0x401e47,0xa7d08ad209b0
0x40185c,0x49950aa808c0
0x401e31,0x49950aa810c8
0x40187e,0x49950aa80980
0x401e47,0xa7d08ad20d70
0x401e1b,0xa7d08ad01c40
0x40187e,0x49950aa80d40
0x401dc9,0xa7d08ad21c48
0x401804,0x49950aa823c8
0x401cfb,0xa7d08ad25118
0x401dc9,0xa7d08ad25328
0x401e89,0x49950aa79f88
0x40187e,0x49950aa82740
0x401e31,0x49950aa83108
0x401da0,0xa7d08ad14fa0
0x401dc9,0xa7d08ad25aa8
0x401d8b,0x49950aa7bd98
0x401da0,0xa7d08ad189a0
0x401d8b,0x49950aa7bf78
0x401804,0x49950aa847c8
0x401cfb,0xa7d08ad298d8
0x401da0,0xa7d08ad18fe0
0x401e31,0x49950aa85328
0x401e89,0x49950aa7dc48
0x401e31,0x49950aa85aa8
0x401804,0x49950aa863a8
0x401804,0x49950aa86588
0x401e47,0xa7d08ad2cd90
0x401e31,0x49950aa87228
0x401cfb,0xa7d08ad2dff8
0x401e1b,0xa7d08ad11340
0x401da0,0xa7d08ad208e0
0x401dc9,0xa7d08ad31348
0x401e31,0x49950aa87cc8
0x401cfb,0xa7d08ad313b8
0x401e89,0x49950aa81188
0x40182a,0x49950aa88b80
0x401e47,0xa7d08ad30fb0
0x401cfb,0xa7d08ad31c78
0x401e1b,0xa7d08ad15100
0x401e1b,0xa7d08ad15240
0x401dc9,0xa7d08ad35108
0x401da0,0xa7d08ad247e0
0x401d8b,0x49950aa81c78
0x401e47,0xa7d08ad34730
0x401dc9,0xa7d08ad35248
0x401804,0x49950aa8c1e8
0x401cfb,0xa7d08ad39118
0x401e31,0x49950aa8bca8
0x401ea1,0xa7d08ad28b90
0x401804,0x49950aa8c648
0x401d8b,0x49950aa85118
0x401ea1,0xa7d08ad2c1d0
0x401e89,0x49950aa85708
0x40187e,0x49950aa8cd80
0x401dc9,0xa7d08ad39fa8
0x401ed1,0xa7d08ad2c640
0x401e47,0xa7d08ad3c530
0x40185c,0x49950aa8e800
0x401d8b,0x49950aa87298
0x401e47,0xa7d08ad401b0
0x401d8b,0x49950aa87a18
0x401e89,0x49950aa87c48
0x401cfb,0xa7d08ad410f8
0x401ea1,0xa7d08ad30990
0x401cfb,0xa7d08ad41198
0x40185c,0x49950aa90980
0x401e31,0x49950aa91368
0x401dc9,0xa7d08ad41c68
0x401e89,0x49950aa898c8
0x401804,0x49950aa90f88
0x401cfb,0xa7d08ad45138
0x401804,0x49950aa925c8
0x401cfb,0xa7d08ad45318
0x401e31,0x49950aa91e08
0x401e1b,0xa7d08ad25700
0x401dc9,0xa7d08ad45708
0x401e31,0x49950aa931c8
0x401d8b,0x49950aa8b3b8
0x401ed1,0xa7d08ad34f80
0x401e89,0x49950aa8b548
0x401cfb,0xa7d08ad45a98
0x401804,0x49950aa92e88
0x40185c,0x49950aa92ec0
0x401ed1,0xa7d08ad38980
0x401e31,0x49950aa93d08
0x40187e,0x49950aa94700
0x401e47,0xa7d08ad48b90
0x401ed1,0xa7d08ad38fc0
0x401cfb,0xa7d08ad498f8
0x401e47,0xa7d08ad4c1d0
0x401d8b,0x49950aa8d7b8
0x40182a,0x49950aa94f80
0x40185c,0x49950aa96400
0x401d8b,0x49950aa8dfd8
0x40187e,0x49950aa96740
0x401e1b,0xa7d08ad2d780
0x401dc9,0xa7d08ad4d788
0x401e47,0xa7d08ad4cdb0
0x40182a,0x49950aa96c00
0x401ed1,0xa7d08ad408c0
0x401da0,0xa7d08ad409a0
0x401dc9,0xa7d08ad51368
0x401e47,0xa7d08ad50990
0x401da0,0xa7d08ad40d60
0x401804,0x49950aa989a8
0x401e89,0x49950aa91388
0x401e1b,0xa7d08ad31e00
0x401804,0x49950aa98fe8
0x401dc9,0xa7d08ad51e08
0x401e89,0x49950aa91c48
0x401ed1,0xa7d08ad447c0
0x401dc9,0xa7d08ad55128
0x401804,0x49950aa9a4e8
0x401dc9,0xa7d08ad55268
0x401e31,0x49950aa99fa8
0x401d8b,0x49950aa93558
0x401cfb,0xa7d08ad59138
0x401804,0x49950aa9c528
0x401e31,0x49950aa9bf48
0x401d8b,0x49950aa95138
0x401d8b,0x49950aa95278
0x401ea1,0xa7d08ad4c650
0x401cfb,0xa7d08ad59f98
0x4017a3,0x49950aa9dc68
0x40185c,0x49950aa9e500
0x40182a,0x49950aa9ebc0
0x401e1b,0xa7d08ad3dc40
0x40187e,0x49950aa9ed40
0x401dc9,0xa7d08ad5dc48
0x40185c,0x49950aaa0180
0x401cfb,0xa7d08ad611b8
0x401d8b,0x49950aa99118
0x401804,0x49950aaa08c8
0x401e31,0x49950aaa11a8
0x40182a,0x49950aaa0980
0x401da0,0xa7d08ad50fa0
0x40182a,0x49950aaa0d40
0x401cfb,0xa7d08ad61c58
0x401da0,0xa7d08ad54720
0x40187e,0x49950aaa23c0
0x401e31,0x49950aaa1c48
0x401cfb,0xa7d08ad65338
0x40182a,0x49950aaa2740
0x401dc9,0xa7d08ad65728
0x401ea1,0xa7d08ad54f90
0x401cfb,0xa7d08ad65ab8
0x401e89,0x49950aa9bd88
0x401ea1,0xa7d08ad58990
0x40187e,0x49950aaa47c0
0x401e47,0xa7d08ad68bb0
0x401ea1,0xa7d08ad58fd0
0x401e47,0xa7d08ad6c1f0
0x401e31,0x49950aaa5728
0x401da0,0xa7d08ad5c520
0x401796,0xa7d08ad6c650
0x40185c,0x49950aaa6380
0x40187e,0x49950aaa6580
0x401dc9,0xa7d08ad6d7a8
0x401da0,0xa7d08ad601a0
0x401e1b,0xa7d08ad4dfc0
0x401dc9,0xa7d08ad6dfc8
0x401ea1,0xa7d08ad608d0
0x401e1b,0xa7d08ad51380
0x401ed1,0xa7d08ad60980
0x401e31,0x49950aaa7c68
0x401dc9,0xa7d08ad71388
0x401cfb,0xa7d08ad71358
0x401e47,0xa7d08ad709b0
0x401d8b,0x49950aaa10d8
0x401ed1,0xa7d08ad60d40
0x401804,0x49950aaa8ba8
0x401e1b,0xa7d08ad51c40
0x401dc9,0xa7d08ad71c48
0x401dc9,0xa7d08ad71e28
0x401e31,0x49950aaa98e8
0x401ea1,0xa7d08ad647d0
0x401cfb,0xa7d08ad75118
0x401cfb,0xa7d08ad75258
0x401d8b,0x49950aaa3118
0x401e31,0x49950aaab388
0x401e47,0xa7d08ad74f90
0x401e31,0x49950aaab568
0x40185c,0x49950aaac1c0
0x401e47,0xa7d08ad78990
0x40187e,0x49950aaac640
0x401e89,0x49950aaa5108
0x401d8b,0x49950aaa5338
0x401e47,0xa7d08ad78fd0
0x40182a,0x49950aaacd80
0x401e31,0x49950aaad788
0x40173b,0x49950aaa5ab8
0x401cfb,0xa7d08ad79fb8
0x401804,0x49950aaae808
0x401e89,0x49950aaa7288
0x401da0,0xa7d08ad6cda0
0x401d8b,0x49950aaa7238
0x401dc9,0xa7d08ad7dc68
0x401e89,0x49950aaa7a08
0x401e1b,0xa7d08ad610c0
0x401d8b,0x49950aaa7cd8
0x401e47,0xa7d08ad808d0
0x401804,0x49950aab0988
0x401ed1,0xa7d08ad70f80
0x401dc9,0xee30bb9408e8
0x401dc9,0xee30bb940988
0x401e31,0x49950aab13a8
0x401dc9,0xee30bb940d48
0x40187e,0x49950aab0f80
0x401e1b,0xa7d08ad65100
0x401ed1,0xa7d08ad74700
0x401e31,0x49950aab1c68
0x40187e,0x49950aab25c0
0x401dc9,0xee30bb9447e8
0x401804,0x49950aab2ec8
0x40187e,0x49950aab2e80
0x401d8b,0x49950aaabcb8
0x40182a,0x49950aab4700
0x401e47,0xee30bb947c70
0x401e31,0x49950aab5108
0x401e1b,0xa7d08ad698c0
0x401e31,0x49950aab5248
0x401cfb,0xee30bb948bb8
0x401804,0x49950aab4fa8
0x4017b0,0xa7d08ad7c500
0x401804,0x49950aab6408
0x401cfb,0xee30bb94c1f8
0x401e89,0x49950aaadfc8
0x40182a,0x49950aab6740
0x401cfb,0xee30bb94c658
0x401e47,0xee30bb94bcb0
0x401804,0x49950aab6c28
0x401ed1,0xa7d08ad80180
0x401ea1,0xa7d08ad80990
0x401ea1,0xa7d08ad80d50
0x40185c,0x49950aab8980
0x401d8b,0x49950aab1378
0x401ea1,0xee30bb943110
0x401cfb,0xee30bb9509b8
0x401e47,0xee30bb9531f0
0x40185c,0x49950aab8fc0
0x401dc9,0xee30bb950f88
0x40185c,0x49950aaba4c0
0x401d8b,0x49950aab1e18
0x401dc9,0xee30bb954708
0x401d8b,0x49950aab31d8
0x401e47,0xee30bb953d30
0x401e89,0x49950aab3548
0x401ea1,0xee30bb947290
0x401ed1,0xee30bb947200
0x401e1b,0xa7d08ad79100
0x401cfb,0xee30bb954f98
0x401ea1,0xee30bb947a10
0x401d8b,0x49950aab3d18
0x40185c,0x49950aabc500
0x401e31,0x49950aabbda8
0x401da0,0xee30bb947ce0
0x401cfb,0xee30bb958998
0x4017b0,0xee30bb94b380
0x401ea1,0xee30bb94b550
0x401cfb,0xee30bb958fd8
0x401804,0x49950aabe508
0x401dc9,0xee30bb95c508
0x401e47,0xee30bb95bdb0
0x401804,0x49950aabebe8
0x40182a,0x49950aabed40
0x401804,0x49950aac0188
0x401e1b,0xee30bb940180
0x401dc9,0xee30bb960188
0x401e89,0x49950aab9108
0x40187e,0x49950aac08c0
0x401804,0x49950aac09a8
0x401cfb,0xee30bb9608d8
0x401dc9,0xee30bb9609a8
0x401e47,0xee30bb963110
0x401804,0x49950aac0d68
0x401dc9,0xee30bb960d68
0x401ed1,0xee30bb953540
0x40182a,0x49950aac23c0
0x401d8b,0x49950aab9fb8
0x401804,0x49950aac2768
0x401cfb,0xee30bb9647d8
0x401e47,0xee30bb967290
0x401d8b,0x49950aabbf58
0x401e47,0xee30bb967a10
0x40182a,0x49950aac47c0
0x401e31,0x49950aac5128
0x401e31,0x49950aac5308
0x401e47,0xee30bb96b550
0x401e31,0x49950aac5a88
0x401d8b,0x49950aabdc78
0x401804,0x49950aac6388
0x40182a,0x49950aac6580
0x401cfb,0xee30bb96c678
0x401e31,0x49950aac7208
0x401da0,0xee30bb95bf60
0x401e31,0x49950aac72a8
0x401e1b,0xee30bb94cd80
0x401dc9,0xee30bb96cd88
0x401e31,0x49950aac7a28
0x401e89,0x49950aac10c8
0x401d8b,0x49950aac11b8
0x40185c,0x49950aac8b80
0x401dc9,0xee30bb970fa8
0x401d8b,0x49950aac1c58
0x401e89,0x49950aac3108
0x401dc9,0xee30bb974728
0x401ea1,0xee30bb967210
0x401804,0x49950aacc1c8
0x401cfb,0xee30bb974fb8
0x401e31,0x49950aacbc88
0x40182a,0x49950aacc640
0x401da0,0xee30bb967c60
0x401ed1,0xee30bb967cc0
0x401cfb,0xee30bb9789b8
0x401804,0x49950aaccda8
0x401ea1,0xee30bb96b390
0x401d8b,0x49950aac5738
0x401cfb,0xee30bb978ff8
0x401dc9,0xee30bb97c528
0x401da0,0xee30bb96bca0
0x40187e,0x49950aace800
0x401e31,0x49950aacdfe8
0x401804,0x255430225108
0x401e89,0x49950aac7cc8
0x40182a,0x255430225300
0x401dc9,0xee30bb9801a8
0x401d8b,0x49950aac7c78
0x40187e,0x255430225700
0x40182a,0x255430225a80
0x401cfb,0xee30bb9808f8
0x401cfb,0xee30bb980998
0x401da0,0xee30bb9731e0
0x401e47,0xee30bb983130
0x401ea1,0xee30bb973550
0x401d8b,0x49950aac98f8
0x401cfb,0xee30bb980d58
0x40187e,0x944aa635a4c0
0x401da0,0xee30bb973d20
0x401cfb,0xee30bb9847f8
0x401d8b,0x49950aacb398
0x401d8b,0x49950aacb578
0x401e47,0xee30bb987210
0x401e47,0xee30bb9872b0
0x40187e,0x944aa635c500
0x401e31,0x944aa635bd88
0x401e47,0xee30bb987a30
0x401e31,0x944aa635bf68
0x401e1b,0xee30bb968b80
0x401dc9,0xee30bb988b88
0x401d8b,0x49950aacd798
0x401e47,0xee30bb98b390
0x401e1b,0xee30bb96c1c0
0x401e47,0xee30bb98b570
0x401dc9,0xee30bb98c1c8
0x40182a,0x944aa635e500
0x401da0,0xee30bb97bda0
0x401ed1,0xee30bb97bf40
0x401804,0x944aa635ebc8
0x40185c,0x944aa635ed40
0x401dc9,0xee30bb98cda8
0x40182a,0x944aa6360180
0x401804,0x944aa63608e8
0x401804,0x944aa6360988
0x401e1b,0xee30bb970980
0x401d8b,0x2554302263b8
0x401dc9,0xee30bb990988
0x401d8b,0x255430226598
0x401804,0x944aa6360d48
0x401e47,0xee30bb993550
0x401cfb,0xee30bb990f98
0x40185c,0x944aa63623c0
0x401e31,0x944aa6361c68
0x401804,0x944aa6362748
0x401cfb,0xee30bb994718
0x401ea1,0xee30bb987cd0
0x401736,0x944aa63647c0
0x401ed1,0xee30bb987c40
0x4017a3,0x944aa6365108
0x401705,0x944aa6366380
0x40173b,0x944aa635dc58
0x401736,0x944aa6366580
0x40170a,0xee30bb99c518
0x4017b0,0xee30bb98bc80
0x4017a3,0x944aa6367288
0x4017a3,0x944aa6367a08
0x40170a,0xee30bb9a0198
0x40173b,0x944aa63610f8
0x40173b,0x944aa6361198
0x40176a,0x944aa6368b80
0x40170a,0xee30bb9a09b8
0x4017b0,0xee30bb9931c0
0x40170a,0xee30bb9a0d78
0x40176f,0xee30bb9a23e8
0x40173b,0x944aa6363138
0x4017b0,0xee30bb993d00
0x40170a,0xee30bb9a2778
0x4017a3,0x944aa636b3a8
0x401796,0xfdfd3a8d1370
0x401705,0x944aa636c1c0
0x401736,0x944aa636c640
0x40176f,0xee30bb9a47e8
0x4017e0,0x944aa6365308
0x401796,0xfdfd3a8d1e10
0x401804,0x944aa636cd88
0x40173b,0x944aa6365718
0x4017e0,0x944aa6365a88
0x4017a3,0x944aa636d7a8
0x40170a,0xee30bb9a6398
0x401748,0xee30bb98c640
0x401804,0x944aa636e828
0x40176f,0xee30bb9a65a8
0x4017a3,0x944aa636dfc8
0x4017b0,0xee30bb99bd80
0x4017e0,0x944aa6367208
0x4017d0,0xee30bb99bf50
0x401796,0xfdfd3a8dbdb0
0x40173b,0x944aa6367c58
0x40173b,0x944aa6367cf8
0x401796,0x98f5690d6c10
0x401804,0x944aa63709a8
0x40176f,0xee30bb9a8b88
0x401736,0x944aa6370f80
0x40173b,0x944aa63698d8
0x401796,0xfdfd3a8c6390
0x401736,0x944aa63725c0
0x40173b,0x944aa636b558
0x401804,0x944aa6372ee8
0x4017a3,0x944aa6373548
0x4017d0,0xfdfd3a8d1390
0x401736,0x944aa6372e80
0x401748,0xee30bb994f80
0x4017e0,0x944aa636bc88
0x40170a,0xee30bb9ac1d8
0x401ea1,0xfdfd3a8d1c50
0x401804,0x944aa6374708
0x401dc9,0xee30bb9ac668
0x401e31,0x944aa6375128
0x401e1b,0xee30bb998980
0x401e31,0x944aa6375268
0x40187e,0x944aa6374f80
0x401e1b,0xee30bb998fc0
0x401cfb,0xee30bb9acdb8
0x401804,0x944aa6376428
0x401804,0x944aa6376748
0x401da0,0xfdfd3a8dbf60
0x40187e,0x944aa6376c00
0x401ea1,0x98f5690d6410
0x401ed1,0x98f5690d6740
0x401e1b,0xee30bb9a08c0
0x401e89,0x944aa6371348
0x401e31,0x944aa6379108
0x40182a,0x944aa6378980
0x401d8b,0x944aa6371398
0x401ea1,0xfdfd3a8c6590
0x40182a,0x944aa6378fc0
0x401dc9,0xee30bb9b0fa8
0x401d8b,0x944aa6371c58
0x401d8b,0x944aa6371e38
0x40182a,0x944aa637a4c0
0x401dc9,0xee30bb9b25e8
0x401d8b,0x944aa63731f8
0x401ea1,0xfdfd3a8d25d0
0x401dc9,0xee30bb9b2ea8
0x401e47,0xfdfd3a8d3570
0x40173b,0x944aa6373d38
0x40182a,0x944aa637c500
0x401ea1,0xfdfd3a8d2e90
0x401cfb,0xee30bb9b4738
0x401da0,0xfdfd3a8d2ee0
0x401da0,0xfdfd3a8dc520
0x401dc9,0xee30bb9b4f88
0x401804,0x944aa637e528
0x401cfb,0xee30bb9b6778
0x40187e,0x944aa637ebc0
0x401804,0x944aa637ed48
0x401dc9,0xee30bb9b6c08
0x401804,0x944aa63801a8
0x401e47,0x98f5690d89b0
0x40185c,0x944aa63808c0
0x401e31,0x944aa63810c8
0x40187e,0x944aa6380980
0x401e47,0x98f5690d8ff0
0x401cfb,0xee30bb9b8998
0x40187e,0x944aa6380d40
0x401cfb,0xee30bb9b8fd8
0x401804,0x944aa63823c8
0x401e89,0x944aa6379f88
0x401ea1,0xfdfd3a8c8b90
0x401cfb,0xee30bb9ba4d8
0x40187e,0x944aa6382740
0x401e47,0x98f5690ddc70
0x401e31,0x944aa6383108
0x401ea1,0xfdfd3a8d31d0
0x401e47,0x98f5690e10d0
0x401d8b,0x944aa637bd98
0x401d8b,0x944aa637bf78
0x401cfb,0xee30bb9bc518
0x401ea1,0xfdfd3a8d3d10
0x401804,0x944aa63847c8
0x401e31,0x944aa6385328
0x401e47,0x98f5690e5110
0x401e89,0x944aa637dc48
0x401e31,0x944aa6385aa8
0x401804,0x944aa63863a8
0x401804,0x944aa6386588
0x401da0,0xfdfd3a8ddc60
0x401e1b,0xee30bb9ae800
0x401e31,0x944aa6387228
0x401dc9,0xee30bb9bebc8
0x401cfb,0xee30bb9bed78
0x401e31,0x944aa6387cc8
0x401e47,0x98f5690e98d0
0x401e89,0x944aa6381188
0x401e1b,0xee30bb9b0980
0x401dc9,0xee30bb9c08e8
0x401dc9,0xee30bb9c0988
0x40182a,0x944aa6388b80
0x401dc9,0xee30bb9c0d48
0x401d8b,0x944aa6381c78
0x401dc9,0x5829a6eba4c8
0x401ea1,0x98f5690e1190
0x401e47,0x98f5690edff0
0x401e1b,0xee30bb9b2ec0
0x401e47,0x98f5690f13b0
0x401804,0x944aa638c1e8
0x401e31,0x944aa638bca8
0x401804,0x944aa638c648
0x401ed1,0x98f5690e1c40
0x401d8b,0x944aa6385118
0x401e47,0x98f5690f1c70
0x401dc9,0x412e73cae828
0x401e89,0x944aa6385708
0x401ea1,0x98f5690e5310
0x40187e,0x944aa638cd80
0x401da0,0x98f5690e5720
0x401e1b,0xee30bb9b6400
0x401ea1,0x98f5690e5a90
0x40185c,0x944aa638e800
0x401d8b,0x944aa6387298
0x401dc9,0x412e73cb09a8
0x401e47,0x98f5690f9110
0x401d8b,0x944aa6387a18
0x401cfb,0x412e73cb0fb8
0x401e89,0x944aa6387c48
0x401cfb,0x71d5f3e00198
0x40185c,0x944aa6390980
0x401e31,0x944aa6391368
0x401cfb,0x71d5f3e009b8
0x401e89,0x944aa63898c8
0x401804,0x944aa6390f88
0x401cfb,0x71d5f3e00d78
0x401da0,0x98f5690ed7a0
0x401804,0x944aa63925c8
0x401dc9,0x71d5f3e023e8
0x401e31,0x944aa6391e08
0x401cfb,0x71d5f3e02778
0x401e31,0x944aa63931c8
0x401d8b,0x944aa638b3b8
0x401e89,0x944aa638b548
0x401e47,0x98f5691010f0
0x401e47,0x98f569101190
0x401804,0x944aa6392e88
0x401ed1,0x98f5690f1340
0x401736,0x944aa6392ec0
0x401e31,0x944aa6393d08
0x40187e,0x944aa6394700
0x401da0,0x98f5690f1e20
0x401dc9,0x71d5f3e047e8
0x401ed1,0x98f5690f5100
0x401ed1,0x98f5690f5240
0x401e47,0x98f569105130
0x401d8b,0x944aa638d7b8
0x401e47,0x98f569105310
0x40182a,0x944aa6394f80
0x40185c,0x944aa6396400
0x401e1b,0xee30bb9be500
0x401cfb,0x71d5f3e06398
0x401d8b,0x944aa638dfd8
0x401e47,0x98f569105a90
0x401dc9,0x71d5f3e065a8
0x40187e,0x944aa6396740
0x40182a,0x944aa6396c00
0x401e1b,0xee30bb9c0180
0x401e47,0x98f5691098f0
0x401804,0x944aa63989a8
0x401e89,0x944aa6391388
0x401ea1,0x98f5690f9f90
0x401dc9,0x71d5f3e08b88
0x401804,0x944aa6398fe8
0x401e89,0x944aa6391c48
0x401804,0x944aa639a4e8
0x401da0,0x98f5690fdc60
0x401e31,0x944aa6399fa8
0x401d8b,0x944aa6393558
0x401cfb,0x71d5f3e0c1d8
0x401804,0x944aa639c528
0x401ea1,0x98f569101c50
0x401e31,0x944aa639bf48
0x401d8b,0x944aa6395138
0x401dc9,0x71d5f3e0c668
0x401d8b,0x944aa6395278
0x401cfb,0x71d5f3e0cdb8
0x401ed1,0x98f569105700
0x401e31,0x944aa639dc68
0x40185c,0x944aa639e500
0x40182a,0x944aa639ebc0
0x401e47,0x98f569119130
0x40187e,0x944aa639ed40
0x40185c,0x944aa63a0180
0x401d8b,0x944aa6399118
0x401804,0x944aa63a08c8
0x401e1b,0x71d5f3e008c0
0x40182a,0x944aa63a0980
0x401e31,0x944aa63a11a8
0x401e47,0x98f569119f90
0x40182a,0x944aa63a0d40
0x401dc9,0x71d5f3e10fa8
0x401ed1,0x98f56910d780
0x40187e,0x944aa63a23c0
0x401e31,0x944aa63a1c48
0x401dc9,0x71d5f3e125e8
0x40182a,0x944aa63a2740
0x401da0,0x98f56910dfe0
0x401ea1,0x98f569111350
0x401e47,0x98f5691211b0
0x401da0,0x98f5691113a0
0x401dc9,0x71d5f3e12ea8
0x401e89,0x944aa639bd88
0x401da0,0x98f569111c60
0x40187e,0x944aa63a47c0
0x401e47,0x98f569121c50
0x401ed1,0x98f569111e00
0x401cfb,0x71d5f3e14738
0x401ea1,0x98f569115110
0x401ea1,0x98f569115250
0x401e31,0x944aa63a5728
0x401e47,0x98f569125330
0x401dc9,0x71d5f3e14f88
0x40185c,0x944aa63a6380
0x40187e,0x944aa63a6580
0x401e47,0x98f569125ab0
0x401cfb,0x71d5f3e16778
0x401dc9,0x71d5f3e16c08
0x401e31,0x944aa63a7c68
0x401d8b,0x944aa63a10d8
0x401804,0x944aa63a8ba8
0x401cfb,0x71d5f3e18998
0x401e31,0x944aa63a98e8
0x401cfb,0x71d5f3e18fd8
0x401cfb,0x71d5f3e1a4d8
0x401ed1,0x98f56911dc40
0x401d8b,0x944aa63a3118
0x401e31,0x944aa63ab388
0x401da0,0x98f5691210e0
0x401e31,0x944aa63ab568
0x401e47,0x98f569131350
0x40185c,0x944aa63ac1c0
0x40187e,0x944aa63ac640
0x401e89,0x944aa63a5108
0x401cfb,0x71d5f3e1c518
0x401d8b,0x944aa63a5338
0x401da0,0x98f569125120
0x401e47,0x98f569135110
0x40182a,0x944aa63acd80
0x401e47,0x98f569135250
0x401e31,0x944aa63ad788
0x401ea1,0x98f569125710
0x401d8b,0x944aa63a5ab8
0x401804,0x944aa63ae808
0x401e1b,0x71d5f3e0e800
0x401e89,0x944aa63a7288
0x401d8b,0x944aa63a7238
0x401dc9,0x71d5f3e1ebc8
0x401cfb,0x71d5f3e1ed78
0x401e89,0x944aa63a7a08
0x401d8b,0x944aa63a7cd8
0x401da0,0x98f5691298e0
0x401804,0x944aa63b0988
0x401e1b,0x71d5f3e10980
0x401dc9,0x71d5f3e208e8
0x401dc9,0x71d5f3e20988
0x401e31,0x944aa63b13a8
0x401e47,0x98f569139fb0
0x401dc9,0x71d5f3e20d48
0x40187e,0x944aa63b0f80
0x401ea1,0x98f56912d790
0x401e31,0x944aa63b1c68
0x40187e,0x944aa63b25c0
0x401cfb,0x71d5f3e223f8
0x40176f,0x71d5f3e22748
0x401ed1,0x98f56912dfc0
0x40187e,0x944aa63b2e80
0x401ed1,0x98f569131380
0x401e1b,0x71d5f3e12ec0
0x401804,0x944aa63b2ec8
0x401d8b,0x944aa63abcb8
0x40182a,0x944aa63b4700
0x401ed1,0x98f569131c40
0x401ea1,0x98f569131e10
0x401e47,0x98f569141c70
0x401e31,0x944aa63b5108
0x401e31,0x944aa63b5248
0x401cfb,0x71d5f3e247f8
0x401804,0x944aa63b4fa8
0x401e47,0x98f569145710
0x401e1b,0x71d5f3e16400
0x401804,0x944aa63b6408
0x401e89,0x944aa63adfc8
0x40182a,0x944aa63b6740
0x401cfb,0x71d5f3e265b8
0x401804,0x944aa63b6c28
0x401da0,0x98f569139120
0x40185c,0x944aa63b8980
0x401d8b,0x944aa63b1378
0x401cfb,0x71d5f3e28b98
0x40185c,0x944aa63b8fc0
0x401e47,0x98f56914d790
0x40185c,0x944aa63ba4c0
0x401d8b,0x944aa63b1e18
0x401ea1,0x98f56913dc50
0x401d8b,0x944aa63b31d8
0x401e89,0x944aa63b3548
0x401ed1,0x98f5691410c0
0x401da0,0x98f5691411a0
0x401e47,0x98f569151370
0x401d8b,0x944aa63b3d18
0x40185c,0x944aa63bc500
0x401e31,0x944aa63bbda8
0x401cfb,0x71d5f3e2c678
0x401e47,0x98f569151e10
0x401ed1,0x98f569145100
0x401e47,0x98f569155130
0x401da0,0x98f569145320
0x401e47,0x98f569155270
0x401dc9,0x71d5f3e2cd88
0x401804,0x944aa63be508
0x401e1b,0x71d5f3e1e500
0x401da0,0x98f569145aa0
0x401dc9,0x71d5f3e2e828
0x401804,0x944aa63bebe8
0x40182a,0x944aa63bed40
0x401804,0x944aa63c0188
0x401e1b,0x71d5f3e20180
0x401ed1,0x98f5691498c0
0x401e89,0x944aa63b9108
0x40187e,0x944aa63c08c0
0x401804,0x944aa63c09a8
0x401dc9,0x71d5f3e309a8
0x401804,0x944aa63c0d68
0x401cfb,0x71d5f3e30fb8
0x40182a,0x944aa63c23c0
0x40173b,0x944aa63b9fb8
0x401804,0x944aa63c2768
0x401cfb,0x71d5f3e325f8
0x401e47,0x98f56915dc50
0x401ea1,0x98f56914dfd0
0x401ea1,0x98f569151390
0x401dc9,0x71d5f3e32ee8
0x401cfb,0x71d5f3e32eb8
0x401d8b,0x944aa63bbf58
0x401ea1,0x98f569151c50
0x40182a,0x944aa63c47c0
0x401dc9,0x71d5f3e34708
0x401e31,0x944aa63c5128
0x401e31,0x944aa63c5308
0x401cfb,0x71d5f3e34f98
0x401804,0x944aa63c6388
0x401d8b,0x944aa63bdc78
0x401e31,0x944aa63c5a88
0x401e1b,0x71d5f3e26380
0x401e47,0x98f569165730
0x401dc9,0x71d5f3e36428
0x40182a,0x944aa63c6580
0x401dc9,0x71d5f3e36748
0x401e31,0x944aa63c7208
0x401e31,0x944aa63c72a8
0x401ed1,0x98f569159100
0x401cfb,0x71d5f3e36c18
0x401e31,0x944aa63c7a28
0x401e89,0x944aa63c10c8
0x401d8b,0x944aa63c11b8
0x401da0,0x98f569159fa0
0x40185c,0x944aa63c8b80
0x401d8b,0x944aa63c1c58
0x401e47,0x98f56916d7b0
0x401e89,0x944aa63c3108
0x401ea1,0x98f5691610d0
0x401e47,0x98f56916dfd0
0x401ed1,0x98f569161180
0x401e47,0x98f569171390
0x401e1b,0x71d5f3e2c1c0
0x401804,0x944aa63cc1c8
0x401e31,0x944aa63cbc88
0x40182a,0x944aa63cc640
0x401da0,0x98f569161c60
0x401e47,0x98f569171c50
0x401e47,0x98f569171e30
0x401ea1,0x98f569165110
0x401804,0x944aa63ccda8
0x401d8b,0x944aa63c5738
0x401ed1,0x98f569165300
0x401ed1,0x98f569165a80
0x401dc9,0x71d5f3e3e528
0x40187e,0x944aa63ce800
0x401e31,0x944aa63cdfe8
0x401cfb,0x71d5f3e3ebd8
0x401dc9,0x71d5f3e3ed48
0x401e89,0x944aa63c7cc8
0x401ea1,0x98f5691698d0
0x401dc9,0x71d5f3e401a8
0x401d8b,0x944aa63c7c78
0x40187e,0x944aa63d0980
0x401cfb,0x71d5f3e408f8
0x401e31,0x944aa63d1348
0x401cfb,0x71d5f3e40998
0x401d8b,0x944aa63c98f8
0x40182a,0x944aa63d0f80
0x401cfb,0x71d5f3e40d58
0x401dc9,0x71d5f3e423c8
0x40182a,0x944aa63d25c0
0x401e47,0x98f56917dc70
0x401cfb,0x71d5f3e42758
0x401d8b,0x944aa63cb398
0x401d8b,0x944aa63cb578
0x401e47,0x98f5691810d0
0x401e31,0x944aa63d3568
0x40182a,0x944aa63d2e80
0x401da0,0x98f569171360
0x40187e,0x944aa63d2ec0
0x401804,0x944aa63d4728
0x401dc9,0x71d5f3e447c8
0x401da0,0x98f569175120
0x401da0,0x98f569175260
0x401e47,0x98f569185110
0x401d8b,0x944aa63cd798
0x40185c,0x944aa63d4f80
0x40187e,0x944aa63d6400
0x401dc9,0x71d5f3e463a8
0x401804,0x944aa63d6768
0x401dc9,0x71d5f3e46588
0x401ea1,0x98f569179110
0x40185c,0x944aa63d6c00
0x401e47,0x98f5691898d0
0x401e31,0x944aa63d9128
0x401e1b,0x71d5f3e38980
0x401804,0x944aa63d8988
0x401d8b,0x944aa63d13b8
0x401ed1,0x98f569179f80
0x401e1b,0x71d5f3e38fc0
0x401804,0x944aa63d8fc8
0x401d8b,0x944aa63d1c78
0x401e89,0x944aa63d1e08
0x401804,0x944aa63da4c8
0x401e1b,0x71d5f3e3a4c0
0x401e89,0x944aa63d31c8
0x401e31,0x944aa63d9f88
0x401ea1,0x98f569181190
0x401e47,0x98f56918dff0
0x401e47,0x98f5691913b0
0x401e89,0x944aa63d3d08
0x401e31,0x908653176c08
0x401dc9,0x71d5f3e4c1e8
0x401e1b,0x71d5f3e3c500
0x401ed1,0x98f569181c40
0x401d8b,0x944aa63d5118
0x401dc9,0x71d5f3e4c648
0x401e47,0x98f569191c70
0x401d8b,0x944aa63d5258
0x401ea1,0x98f569185310
0x401cfb,0x71d5f3e4cd98
0x40182a,0x908653179100
0x401da0,0x98f569185720
0x401ea1,0x98f569185a90
0x401cfb,0x71d5f3e4e838
0x401e47,0x98f569199110
0x40185c,0x908653179f80
0x401cfb,0x71d5f3e509b8
0x401804,0x90865317bda8
0x40176a,0x90865317bf40
0x401dc9,0x71d5f3e50f88
0x401da0,0x98f56918d7a0
0x401dc9,0x71d5f3e525c8
0x401e89,0x908653176408
0x40185c,0x90865317dc40
0x401e47,0x98f5691a10f0
0x401e47,0x98f5691a1190
0x401d8b,0x908653176778
0x401ed1,0x98f569191340
0x401dc9,0x71d5f3e52e88
0x401cfb,0x71d5f3e52ef8
0x401e31,0x90865317ebc8
0x401da0,0x98f569191e20
0x401cfb,0x71d5f3e54718
0x401ed1,0x98f569195100
0x401ed1,0x98f569195240
0x401e47,0x98f5691a5130
0x401e47,0x98f5691a5310
0x401d8b,0x908653178998
0x401e31,0x9086531808e8
0x40182a,0x9086531810c0
0x401e31,0x908653180988
0x40185c,0x908653181180
0x401e31,0x908653180d48
0x401cfb,0x71d5f3e56438
0x401d8b,0x908653178fd8
0x401e47,0x98f5691a5a90
0x401cfb,0x71d5f3e56758
0x401d8b,0x90865317a4d8
0x40187e,0x908653181c40
0x401e31,0x908653182748
0x40182a,0x908653183100
0x401e47,0x98f5691a98f0
0x401ea1,0x98f569199f90
0x401e1b,0x71d5f3e48b80
0x401dc9,0x71d5f3e589a8
0x401d8b,0x90865317c518
0x401804,0x908653185128
0x401dc9,0x71d5f3e58fe8
0x401804,0x908653185308
0x401dc9,0x71d5f3e5a4e8
0x40185c,0x908653185700
0x401da0,0x98f56919dc60
0x401804,0x908653185a88
0x401e89,0x90865317e508
0x401804,0x908653187208
0x401804,0x9086531872a8
0x401d8b,0x90865317ed78
0x401ea1,0x98f5691a1c50
0x401dc9,0x71d5f3e5c528
0x401e89,0x908653180188
0x401804,0x908653187a28
0x401861,0x908653187c48
0x40182a,0x908653187cc0
0x401ed1,0x98f5691a5700
0x401cfb,0x71d5f3e5e538
0x401861,0x9086531898c8
0x401d8b,0x9086531823f8
0x401e47,0x98f5691b9130
0x401cfb,0x71d5f3e5ed58
0x40187e,0x90865318b380
0x401cfb,0x71d5f3e601b8
0x40185c,0x90865318b540
0x401dc9,0x71d5f3e608c8
0x401e47,0x98f5691b9f90
0x401804,0x90865318bc88
0x401d8b,0x9086531847f8
0x401ed1,0x98f5691ad780
0x401e31,0x90865318cd88
0x401cfb,0x71d5f3e623d8
0x40187e,0x90865318d780
0x401e89,0x908653186388
0x401da0,0x98f5691adfe0
0x401d8b,0x9086531865b8
0x401ea1,0x98f5691b1350
0x401e47,0x98f5691c11b0
0x401da0,0x98f5691b13a0
0x401804,0x90865318dfe8
0x401e31,0x90865318e828
0x401da0,0x98f5691b1c60
0x401e47,0x98f5691c1c50
0x401ed1,0x98f5691b1e00
0x401cfb,0x71d5f3e647d8
0x401ea1,0x98f5691b5110
0x401ea1,0x98f5691b5250
0x401e1b,0x71d5f3e54f80
0x401e47,0x98f5691c5330
0x401e31,0x9086531909a8
0x401d8b,0x908653188b98
0x401804,0x908653191348
0x40185c,0x908653191380
0x401cfb,0x71d5f3e663b8
0x401e47,0x98f5691c5ab0
0x401cfb,0x71d5f3e66598
0x401e1b,0x71d5f3e56c00
0x40185c,0x908653191c40
0x40182a,0x908653191e00
0x40182a,0x9086531931c0
0x401804,0x908653193568
0x401e31,0x908653192ee8
0x401e89,0x90865318c1c8
0x40182a,0x908653193d00
0x401d8b,0x90865318c678
0x401dc9,0x71d5f3e68ba8
0x401e31,0x908653194708
0x40187e,0x908653195100
0x40187e,0x908653195240
0x401ed1,0x98f5691bdc40
0x401da0,0x98f5691c10e0
0x401e31,0x908653196428
0x401e31,0x908653196748
0x401e47,0x98f5691d1350
0x401cfb,0x71d5f3e6c1f8
0x401cfb,0x71d5f3e6c658
0x401da0,0x98f5691c5120
0x401e47,0x98f5691d5110
0x401e47,0x98f5691d5250
0x401804,0x908653199128
0x401ea1,0x98f5691c5710
0x401d8b,0x908653190fb8
0x401dc9,0x71d5f3e6e808
0x401e1b,0x71d5f3e5ebc0
0x401d8b,0x9086531925f8
0x401804,0x908653199f88
0x401da0,0x98f5691c98e0
0x401d8b,0x908653192eb8
0x401e1b,0x71d5f3e60980
0x401dc9,0x71d5f3e70988
0x401e47,0x98f5691d9fb0
0x401e1b,0x71d5f3e60d40
0x40185c,0x90865319bd80
0x40182a,0x90865319bf40
0x401ea1,0x98f5691cd790
0x401cfb,0x71d5f3e70f98
0x401d8b,0x908653194f98
0x401e1b,0x71d5f3e62740
0x401cfb,0x71d5f3e725d8
0x401ed1,0x98f5691cdfc0
0x401804,0x90865319dc48
0x401e31,0x90865319e528
0x401ed1,0x98f5691d1380
0x401dc9,0x71d5f3e72ec8
0x401cfb,0x71d5f3e72e98
0x401d8b,0x908653196c18
0x401e31,0x90865319ed48
0x401ed1,0x98f5691d1c40
0x401ea1,0x98f5691d1e10
0x401e47,0x98f5691e1c70
0x401e31,0x9086531a01a8
0x401e89,0x908653198988
0x401804,0x9086531a10e8
0x401804,0x9086531a1188
0x401dc9,0x71d5f3e74fa8
0x401e47,0x98f5691e5710
0x401dc9,0x71d5f3e76408
0x401e89,0x908653198fc8
0x401e89,0x90865319a4c8
0x401e31,0x9086531a23c8
0x401da0,0x98f5691d9120
0x40182a,0x9086531a1c40
0x401dc9,0x71d5f3e76c28
0x401804,0x9086531a3128
0x401e89,0x90865319c508
0x401cfb,0x71d5f3e789b8
0x401e31,0x9086531a47c8
0x40185c,0x9086531a5100
0x401cfb,0x71d5f3e78ff8
0x40187e,0x9086531a5300
0x401e47,0x98f5691ed790
0x401804,0x9086531a5708
0x401ea1,0x98f5691ddc50
0x401cfb,0x71d5f3e7a4f8
0x40187e,0x9086531a5a80
0x401ed1,0x98f5691e10c0
0x401da0,0x98f5691e11a0
0x401e31,0x9086531a63a8
0x401e31,0x9086531a6588
0x401e47,0x98f5691f1370
0x40187e,0x9086531a7200
0x40185c,0x9086531a7280
0x401d8b,0x90865319ebd8
0x401cfb,0x71d5f3e7c538
0x40185c,0x9086531a7a00
0x401e47,0x98f5691f1e10
0x401804,0x9086531a7c48
0x401ed1,0x98f5691e5100
0x401804,0x9086531a7ce8
0x401e1b,0x71d5f3e6cd80
0x401e47,0x98f5691f5130
0x401da0,0x98f5691e5320
0x401e47,0x98f5691f5270
0x401d8b,0x9086531a08f8
0x401d8b,0x9086531a0998
0x401d8b,0x9086531a0d58
0x401da0,0x98f5691e5aa0
0x401dc9,0x71d5f3e7e508
0x401804,0x9086531a98c8
0x401dc9,0x71d5f3e7ebe8
0x401d8b,0x9086531a2758
0x401dc9,0x71d5f3e80188
0x40182a,0x9086531ab380
0x401ed1,0x98f5691e98c0
0x401804,0x9086531ab548
0x401e31,0x9086531ac1e8
0x401cfb,0x71d5f3e808d8
0x401dc9,0x71d5f3e809a8
0x40187e,0x9086531abc80
0x401e31,0x9086531ac648
0x401dc9,0x71d5f3e80d68
0x40182a,0x9086531ad780
0x401e47,0x98f5691fdc50
0x401dc9,0x71d5f3e82768
0x401ea1,0x98f5691edfd0
0x401ea1,0x98f5691f1390
0x40185c,0x9086531adfc0
0x401ea1,0x98f5691f1c50
0x401e1b,0x71d5f3e74700
0x401e89,0x9086531a8b88
0x40187e,0x9086531b1340
0x401e47,0x98f569205730
0x401804,0x9086531b1388
0x401dc9,0x71d5f3e86388
0x401e1b,0x71d5f3e76740
0x401e31,0x9086531b0f88
0x401804,0x9086531b1c48
0x401ed1,0x98f5691f9100
0x401e31,0x9086531b25c8
0x401804,0x9086531b1e28
0x401804,0x9086531b31e8
0x401736,0x9086531b3540
0x401e31,0x9086531b2e88
0x401da0,0x98f5691f9fa0
0x401804,0x9086531b3d28
0x401cfb,0x71d5f3e88bb8
0x40182a,0x9086531b5100
0x40182a,0x9086531b5240
0x401e47,0x98f56920d7b0
0x401d8b,0x9086531acd98
0x401ea1,0x98f5692010d0
0x401e47,0x98f56920dfd0
0x401ed1,0x98f569201180
0x401d8b,0x9086531ae838
0x401e47,0x98f569211390
0x401dc9,0x71d5f3e8c1c8
0x401da0,0x98f569201c60
0x401e47,0x98f569211c50
0x401e47,0x98f569211e30
0x401ea1,0x98f569205110
0x401ed1,0x98f569205300
0x401dc9,0x71d5f3e8cda8
0x401d8b,0x9086531b09b8
0x40185c,0x9086531b9100
0x401e31,0x9086531b89a8
0x401ed1,0x98f569205a80
0x401e31,0x9086531b8fe8
0x401cfb,0x71d5f3e8e818
0x401e31,0x9086531ba4e8
0x401e1b,0x71d5f3e7ed40
0x40187e,0x9086531b9f80
0x401ea1,0x98f5692098d0
0x401d8b,0x9086531b2ef8
0x401cfb,0x71d5f3e90998
0x401e31,0x9086531bc528
0x401804,0x9086531bbd88
0x401d8b,0x9086531b4718
0x401804,0x9086531bbf68
0x401e1b,0x71d5f3e823c0
0x401e89,0x9086531b4f88
0x401e47,0x98f56921dc70
0x401d8b,0x9086531b6438
0x40187e,0x9086531bdc40
0x401e47,0x98f5692210d0
0x401d8b,0x9086531b6758
0x401da0,0x98f569211360
0x401cfb,0x71d5f3e92ed8
0x401e89,0x9086531b6c08
0x401e1b,0x71d5f3e847c0
0x401dc9,0x71d5f3e94728
0x401da0,0x98f569215120
0x401da0,0x98f569215260
0x401e47,0x98f569225110
0x40185c,0x9086531c10c0
0x401e31,0x9086531c08c8
0x40187e,0x9086531c1180
0x401cfb,0x71d5f3e94fb8
0x401e1b,0x71d5f3e86580
0x401cfb,0x71d5f3e96418
0x401dc9,0x71d5f3e96768
0x401ea1,0x98f569219110
0x401804,0x9086531c1c68
0x401cfb,0x71d5f3e96c38
0x40185c,0x9086531c3100
0x401e47,0x98f5692298d0
0x401ed1,0x98f569219f80
0x401dc9,0x71d5f3e98988
0x401804,0x9086531c5108
0x401dc9,0x71d5f3e98fc8
0x40182a,0x9086531c5300
0x401dc9,0x71d5f3e9a4c8
0x40187e,0x9086531c5700
0x40182a,0x9086531c5a80
0x401ea1,0x98f569221190
0x401d8b,0x9086531be538
0x401e47,0x98f56922dff0
0x401e47,0x98f5692313b0
0x401e89,0x9086531bebc8
0x401804,0x9086531c7288
0x40182a,0x9086531c7200
0x401d8b,0x9086531bed58
0x401e1b,0x71d5f3e8c640
0x401ed1,0x98f569221c40
0x401dc9,0x71d5f3e9c508
0x401d8b,0x9086531c01b8
0x401e47,0x98f569231c70
0x401804,0x9086531c7a08
0x40187e,0x9086531c7c40
0x40185c,0x9086531c7cc0
0x401ea1,0x98f569225310
0x401e89,0x9086531c0988
0x401da0,0x98f569225720
0x401e89,0x9086531c0d48
0x401e31,0x9086531c8ba8
0x401ea1,0x98f569225a90
0x401cfb,0x71d5f3e9e518
0x40187e,0x9086531c98c0
0x401d8b,0x9086531c23d8
0x401e89,0x9086531c2748
0x401e47,0x98f569239110
0x401cfb,0x71d5f3e9ebf8
0x401dc9,0x71d5f3e9ed68
0x401804,0x9086531cb3a8
0x401cfb,0x71d5f3ea0198
0x40187e,0x9086531cb540
0x401cfb,0x71d5f3ea09b8
0x40182a,0x9086531cbc80
0x401d8b,0x9086531c47d8
0x401e1b,0x71d5f3e90f80
0x401cfb,0x71d5f3ea0d78
0x401da0,0x98f56922d7a0
0x401dc9,0x71d5f3ea23e8
0x401e1b,0x71d5f3e925c0
0x401804,0x9086531cd7a8
0x401cfb,0x71d5f3ea2778
0x401d8b,0x9086531c63b8
0x401d8b,0x9086531c6598
0x401e47,0x98f5692410f0
0x401e47,0x98f569241190
0x401ed1,0x98f569231340
0x401e1b,0x71d5f3e92e80
0x401804,0x9086531cdfc8
0x401e31,0x9086531ce808
0x401da0,0x98f569231e20
0x401dc9,0x71d5f3ea47e8
0x401ed1,0x98f569235100
0x401ed1,0x98f569235240
0x401e47,0x98f569245130
0x401e47,0x98f569245310
0x401e31,0x9086531d0988
0x40182a,0x9086531d1340
0x40187e,0x9086531d1380
0x401cfb,0x71d5f3ea6398
0x401e47,0x98f569245a90
0x401dc9,0x71d5f3ea65a8
0x40187e,0x9086531d1c40
0x40185c,0x9086531d1e00
0x40185c,0x9086531d31c0
0x401e47,0x98f5692498f0
0x401804,0x9086531d3548
0x401e31,0x9086531d2ec8
0x401d8b,0x9086531cc1f8
0x401ea1,0x98f569239f90
0x40185c,0x9086531d3d00
0x401d8b,0x9086531cc658
0x401dc9,0x71d5f3ea8b88
0x401804,0x9086531d5128
0x401804,0x9086531d5268
0x401e89,0x9086531ccd88
0x401da0,0x98f56923dc60
0x401e31,0x9086531d4fa8
0x401e31,0x9086531d6408
0x401cfb,0x71d5f3eac1d8
0x401e31,0x9086531d6c28
0x401ea1,0x98f569241c50
0x401dc9,0x71d5f3eac668
0x401cfb,0x71d5f3eacdb8
0x401804,0x9086531d9108
0x401ed1,0x98f569245700
0x401d8b,0x9086531d0f98
0x401d8b,0x9086531d25d8
0x401e47,0x98f569259130
0x40182a,0x9086531d9f80
0x401d8b,0x9086531d2e98
0x401e1b,0x71d5f3ea08c0
0x401e47,0x98f569259f90
0x40187e,0x9086531dbd80
0x401e89,0x9086531d4708
0x40185c,0x9086531dbf40
0x401dc9,0x71d5f3eb0fa8
0x401ed1,0x98f56924d780
0x401dc9,0x71d5f3eb25e8
0x401da0,0x98f56924dfe0
0x40182a,0x9086531ddc40
0x401e89,0x9086531d6748
0x401e31,0x9086531de508
0x401ea1,0x98f569251350
0x401e47,0x98f5692611b0
0x401da0,0x98f5692513a0
0x401dc9,0x71d5f3eb2ea8
0x401e31,0x9086531debe8
0x401da0,0x98f569251c60
0x401ed1,0x98f569251e00
0x401e47,0x98f569261c50
0x401cfb,0x71d5f3eb4738
0x401e31,0x9086531e0188
0x401ea1,0x98f569255110
0x401ea1,0x98f569255250
0x401e47,0x98f569265330
0x401d8b,0x9086531d89b8
0x401804,0x9086531e10c8
0x401dc9,0x71d5f3eb4f88
0x40182a,0x9086531e1180
0x401e31,0x9086531e09a8
0x401e31,0x9086531e0d68
0x401d8b,0x9086531d8ff8
0x401e47,0x98f569265ab0
0x401cfb,0x71d5f3eb6778
0x401d8b,0x9086531da4f8
0x401736,0x9086531e1c40
0x401dc9,0x71d5f3eb6c08
0x401e31,0x9086531e2768
0x401804,0x9086531e3108
0x401d8b,0x9086531dc538
0x401cfb,0x71d5f3eb8998
0x40187e,0x9086531e5100
0x401cfb,0x71d5f3eb8fd8
0x401804,0x9086531e5328
0x40182a,0x9086531e5700
0x401cfb,0x71d5f3eba4d8
0x401ed1,0x98f56925dc40
0x401804,0x9086531e5aa8
0x401da0,0x98f5692610e0
0x401e31,0x9086531e6388
0x401e47,0x98f569271350
0x401804,0x9086531e7228
0x40187e,0x9086531e7280
0x401e89,0x9086531ded48
0x401cfb,0x71d5f3ebc518
0x40187e,0x9086531e7a00
0x401da0,0x98f569265120
0x40182a,0x9086531e7c40
0x401804,0x9086531e7cc8
0x401e47,0x98f569275110
0x401e47,0x98f569275250
0x401d8b,0x9086531e08d8
0x401ea1,0x98f569265710
0x401e1b,0x71d5f3eae800
0x40182a,0x9086531e98c0
0x401e89,0x9086531e23c8
0x401dc9,0x71d5f3ebebc8
0x401cfb,0x71d5f3ebed78
0x40185c,0x9086531eb380
0x401da0,0x98f5692698e0
0x40182a,0x9086531eb540
0x401e1b,0x71d5f3eb0980
0x401e31,0x9086531ec1c8
0x401dc9,0x71d5f3ec08e8
0x401dc9,0x71d5f3ec0988
0x401e47,0x98f569279fb0
0x401804,0x9086531ebca8
0x401e89,0x9086531e47c8
0x401dc9,0x71d5f3ec0d48
0x401ea1,0x98f56926d790
0x401cfb,0x71d5f3ec23f8
0x401e31,0x9086531ecda8
0x40185c,0x9086531ed780
0x401dc9,0x71d5f3ec2748
0x401ed1,0x98f56926dfc0
0x401e89,0x9086531e6588
0x401e1b,0x71d5f3eb2ec0
0x401ed1,0x98f569271380
0x40187e,0x9086531edfc0
0x401ed1,0x98f569271c40
0x401ea1,0x98f569271e10
0x401e47,0x98f569281c70
0x401cfb,0x71d5f3ec47f8
0x401d8b,0x9086531e8bb8
0x401804,0x9086531f1368
0x401e47,0x98f569285710
0x40182a,0x9086531f1380
0x401e1b,0x71d5f3eb6400
0x401cfb,0x71d5f3ec65b8
0x401da0,0x98f569279120
0x40182a,0x9086531f1c40
0x401804,0x9086531f1e08
0x401804,0x9086531f31c8
0x40187e,0x9086531f3540
0x401e89,0x9086531ec648
0x401804,0x9086531f3d08
0x401cfb,0x71d5f3ec8b98
0x401e31,0x9086531f4728
0x40185c,0x9086531f5100
0x40185c,0x9086531f5240
0x401e47,0x98f56928d790
0x401ea1,0x98f56927dc50
0x401ed1,0x98f5692810c0
0x401da0,0x98f5692811a0
0x401d8b,0x9086531ee818
0x401e47,0x98f569291370
0x401e31,0x9086531f6768
0x401cfb,0x71d5f3ecc678
0x401e47,0x98f569291e10
0x401ed1,0x98f569285100
0x401e47,0x98f569295130
0x401da0,0x98f569285320
0x401e47,0x98f569295270
0x401dc9,0x71d5f3eccd88
0x40187e,0x9086531f9100
0x401d8b,0x9086531f0998
0x401e31,0x9086531f8988
0x401e1b,0x71d5f3ebe500
0x401e89,0x9086531f0f88
0x401da0,0x98f569285aa0
0x4017a3,0x9086531f8fc8
0x401dc9,0x71d5f3ece828
0x401e89,0x9086531f25c8
0x401e31,0x9086531fa4c8
0x401804,0x9086531f9fa8
0x401e1b,0x71d5f3ec0180
0x401ed1,0x98f5692898c0
0x401e89,0x9086531f2e88
0x401d8b,0x9086531f2ed8
0x401dc9,0x71d5f3ed09a8
0x401e31,0x9086531fc508
0x40182a,0x9086531fbd80
0x401804,0x9086531fbf48
0x401cfb,0x71d5f3ed0fb8
0x401d8b,0x9086531f4fb8
0x401cfb,0x71d5f3ed25f8
0x401e47,0x98f56929dc50
0x401ea1,0x98f56928dfd0
0x401d8b,0x9086531f6418
0x401804,0x9086531fdc68
0x401ea1,0x98f569291390
0x401cfb,0x71d5f3ed2eb8
0x401dc9,0x71d5f3ed2ee8
0x401d8b,0x9086531f6c38
0x401e31,0x9086531fed68
0x401ea1,0x98f569291c50
0x401dc9,0x71d5f3ed4708
0x40187e,0x9086532010c0
0x401804,0x9086532011a8
0x401cfb,0x71d5f3ed4f98
0x401e1b,0x71d5f3ec6380
0x401e47,0x98f5692a5730
0x401dc9,0x71d5f3ed6428
0x401dc9,0x71d5f3ed6748
0x401804,0x908653201c48
0x401e31,0x9086532023e8
0x401ed1,0x98f569299100
0x401cfb,0x71d5f3ed6c18
0x40187e,0x908653203100
0x401da0,0x98f569299fa0
0x401e31,0x9086532047e8
0x40182a,0x908653205100
0x40185c,0x908653205300
0x401e47,0x98f5692ad7b0
0x401804,0x908653205728
0x401ea1,0x98f5692a10d0
0x40185c,0x908653205a80
0x401d8b,0x9086531fe518
0x401e47,0x98f5692adfd0
0x401ed1,0x98f5692a1180
0x401e31,0x9086532065a8
0x401e47,0x98f5692b1390
0x401e1b,0x71d5f3ecc1c0
0x40185c,0x908653207200
0x40182a,0x908653207280
0x401d8b,0x9086531febf8
0x401da0,0x98f5692a1c60
0x401d8b,0x908653200198
0x401e47,0x98f5692b1c50
0x40182a,0x908653207a00
0x401e47,0x98f5692b1e30
0x401ea1,0x98f5692a5110
0x401804,0x908653207c68
0x40187e,0x908653207cc0
0x401ed1,0x98f5692a5300
0x401e89,0x9086532008c8
0x401d8b,0x9086532009b8
0x401e31,0x908653208b88
0x401d8b,0x908653200d78
0x4017b0,0x98f5692a5a80
0x401dc9,0x71d5f3ede528
0x401804,0x9086532098e8
0x401cfb,0x71d5f3edebd8
0x401d8b,0x908653202778
0x401dc9,0x71d5f3eded48
0x401dc9,0x71d5f3ee01a8
0x401ea1,0x98f5692a98d0
0x401804,0x90865320b388
0x401804,0x90865320b568
0x401cfb,0x71d5f3ee08f8
0x401cfb,0x71d5f3ee0998
0x401861,0x90865320bc88
0x401e31,0x90865320c668
0x401cfb,0x71d5f3ee0d58
0x401dc9,0x71d5f3ee23c8
0x401804,0x90865320d788
0x401e47,0x98f5692bdc70
0x401cfb,0x71d5f3ee2758
0x401d8b,0x908653206398
0x401e47,0x98f5692c10d0
0x401da0,0x98f5692b1360
0x40182a,0x90865320dfc0
0x401dc9,0x71d5f3ee47c8
0x401da0,0x98f5692b5120
0x401da0,0x98f5692b5260
0x401e47,0x98f5692c5110
0x401804,0x9086532113a8
0x401736,0x908653211340
0x401dc9,0x71d5f3ee63a8
0x401dc9,0x71d5f3ee6588
0x401e31,0x908653210fa8
0x401ea1,0x98f5692b9110
0x401804,0x908653211c68
0x40187e,0x908653211e00
0x401e31,0x9086532125e8
0x40187e,0x9086532131c0
0x401e47,0x98f5692c98d0
0x40182a,0x908653213540
0x401e31,0x908653212ea8
0x401d8b,0x90865320c1d8
0x401e1b,0x71d5f3ed8980
0x401ed1,0x98f5692b9f80
0x40187e,0x908653213d00
0x401e1b,0x71d5f3ed8fc0
0x401804,0x908653215108
0x401804,0x908653215248
0x401d8b,0x90865320cdb8
0x401e1b,0x71d5f3eda4c0
0x401e31,0x908653214f88
0x401ea1,0x98f5692c1190
0x401e47,0x98f5692cdff0
0x401e89,0x90865320e808
0x401e47,0x98f5692d13b0
0x401e31,0x908653216c08
0x401dc9,0x71d5f3eec1e8
0x401e1b,0x71d5f3edc500
0x401ed1,0x98f5692c1c40
0x401dc9,0x71d5f3eec648
0x401e47,0x98f5692d1c70
0x401ea1,0x98f5692c5310
0x401e89,0x908653210988
0x401cfb,0x71d5f3eecd98
0x401705,0x908653219100
0x40172e,0x98f5692c5720
0x401ea1,0x98f5692c5a90
0x401cfb,0x71d5f3eee838
0x401e47,0x8ad3301c11b0
0x40185c,0x908653219f80
0x401e89,0x908653212ec8
0x401e47,0x8ad3301c1c50
0x401cfb,0x71d5f3ef09b8
0x401804,0x90865321bda8
0x401d8b,0x908653214738
0x40187e,0x90865321bf40
0x401e47,0x8ad3301c5330
0x401dc9,0x71d5f3ef0f88
0x401da0,0x98f5692cd7a0
0x401e47,0x8ad3301c5ab0
0x401dc9,0x71d5f3ef25c8
0x401e89,0x908653216408
0x40185c,0x90865321dc40
0x401d8b,0x908653216778
0x401ed1,0x98f5692d1340
0x401dc9,0x71d5f3ef2e88
0x401cfb,0x71d5f3ef2ef8
0x401e31,0x90865321ebc8
0x401da0,0x98f5692d1e20
0x401cfb,0x71d5f3ef4718
0x401ed1,0x98f5692d5100
0x401ed1,0x98f5692d5240
0x40173b,0x908653218998
0x40182a,0x9086532210c0
0x4017a3,0x9086532208e8
0x401e31,0x908653220988
0x40185c,0x908653221180
0x401e31,0x908653220d48
0x401cfb,0x71d5f3ef6438
0x401d8b,0x908653218fd8
0x401cfb,0x71d5f3ef6758
0x401d8b,0x90865321a4d8
0x401da0,0x8ad3301c10e0
0x40187e,0x908653221c40
0x401e31,0x908653222748
0x401e47,0x8ad3301d1350
0x40182a,0x908653223100
0x401e1b,0x71d5f3ee8b80
0x401dc9,0x71d5f3ef89a8
0x401d8b,0x90865321c518
0x401da0,0x8ad3301c5120
0x401e47,0x8ad3301d5110
0x401e47,0x8ad3301d5250
0x401804,0x908653225128
0x401ea1,0x8ad3301c5710
0x401dc9,0x71d5f3ef8fe8
0x401804,0x908653225308
0x401dc9,0x71d5f3efa4e8
0x40185c,0x908653225700
0x401804,0x908653225a88
0x401e89,0x90865321e508
0x401804,0x908653227208
0x401804,0x9086532272a8
0x401da0,0x8ad3301c98e0
0x401d8b,0x90865321ed78
0x401dc9,0x71d5f3efc528
0x401e89,0x908653220188
0x401804,0x908653227a28
0x401e47,0x8ad3301d9fb0
0x40185c,0x908653227c40
0x40182a,0x908653227cc0
0x401ea1,0x8ad3301cd790
0x401cfb,0x71d5f3efe538
0x40185c,0x9086532298c0
0x401d8b,0x9086532223f8
0x401ed1,0x8ad3301cdfc0
0x401ed1,0x8ad3301d1380
0x401cfb,0x71d5f3efed58
0x40187e,0x90865322b380
0x401cfb,0x71d5f3f001b8
0x40185c,0x90865322b540
0x401ed1,0x8ad3301d1c40
0x401ea1,0x8ad3301d1e10
0x401e47,0x8ad3301e1c70
0x401dc9,0x71d5f3f008c8
0x401804,0x90865322bc88
0x401d8b,0x9086532247f8
0x401e47,0x8ad3301e5710
0x401e31,0x90865322cd88
0x401cfb,0x71d5f3f023d8
0x40187e,0x90865322d780
0x401e89,0x908653226388
0x401da0,0x8ad3301d9120
0x401d8b,0x9086532265b8
0x401804,0x90865322dfe8
0x401e31,0x90865322e828
0x401cfb,0x71d5f3f047d8
0x401e1b,0x71d5f3ef4f80
0x401e31,0x9086532309a8
0x401d8b,0x908653228b98
0x401804,0x908653231348
0x40185c,0x908653231380
0x401e47,0x8ad3301ed790
0x401cfb,0x71d5f3f063b8
0x401ea1,0x8ad3301ddc50
0x401cfb,0x71d5f3f06598
0x401e1b,0x71d5f3ef6c00
0x401ed1,0x8ad3301e10c0
0x40185c,0x908653231c40
0x401da0,0x8ad3301e11a0
0x40182a,0x908653231e00
0x401e47,0x8ad3301f1370
0x40182a,0x9086532331c0
0x401804,0x908653233568
0x401e31,0x908653232ee8
0x401e89,0x90865322c1c8
0x401e47,0x8ad3301f1e10
0x401ed1,0x8ad3301e5100
0x40182a,0x908653233d00
0x401d8b,0x90865322c678
0x401e47,0x8ad3301f5130
0x401dc9,0x71d5f3f08ba8
0x401da0,0x8ad3301e5320
0x401e47,0x8ad3301f5270
0x401e31,0x908653234708
0x40187e,0x908653235100
0x40187e,0x908653235240
0x401da0,0x8ad3301e5aa0
0x401e31,0x908653236428
0x401e31,0x908653236748
0x401ed1,0x8ad3301e98c0
0x401cfb,0x71d5f3f0c1f8
0x401cfb,0x71d5f3f0c658
0x401804,0x908653239128
0x401d8b,0x908653230fb8
0x401e47,0x8ad3301fdc50
0x401dc9,0x71d5f3f0e808
0x401ea1,0x8ad3301edfd0
0x401e1b,0x71d5f3efebc0
0x401d8b,0x9086532325f8
0x401ea1,0x8ad3301f1390
0x401804,0x908653239f88
0x401d8b,0x908653232eb8
0x401ea1,0x8ad3301f1c50
0x401e1b,0x71d5f3f00980
0x401dc9,0x71d5f3f10988
0x401e1b,0x71d5f3f00d40
0x40185c,0x90865323bd80
0x40182a,0x90865323bf40
0x401cfb,0x71d5f3f10f98
0x401e47,0x8ad330205730
0x401d8b,0x908653234f98
0x401e1b,0x71d5f3f02740
0x401cfb,0x71d5f3f125d8
0x401ed1,0x8ad3301f9100
0x401804,0x90865323dc48
0x401e31,0x90865323e528
0x401dc9,0x71d5f3f12ec8
0x401cfb,0x71d5f3f12e98
0x401d8b,0x908653236c18
0x401e31,0x90865323ed48
0x401e31,0x9086532401a8
0x40172e,0x8ad3301f9fa0
0x401e89,0x908653238988
0x401804,0x9086532410e8
0x401dc9,0x71d5f3f14fa8
0x401804,0x908653241188
0x401e47,0x8ad33020d7b0
0x401dc9,0x71d5f3f16408
0x401e89,0x908653238fc8
0x401e89,0x90865323a4c8
0x401ea1,0x8ad3302010d0
0x401e31,0x9086532423c8
0x401e47,0x8ad33020dfd0
0x401ed1,0x8ad330201180
0x40182a,0x908653241c40
0x401dc9,0x71d5f3f16c28
0x401e47,0x8ad330211390
0x401804,0x908653243128
0x401da0,0x8ad330201c60
0x401e47,0x8ad330211c50
0x401e47,0x8ad330211e30
0x401e89,0x90865323c508
0x401ea1,0x8ad330205110
0x401cfb,0x71d5f3f189b8
0x401ed1,0x8ad330205300
0x401e31,0x9086532447c8
0x40185c,0x908653245100
0x401cfb,0x71d5f3f18ff8
0x40187e,0x908653245300
0x401ed1,0x8ad330205a80
0x401804,0x908653245708
0x401cfb,0x71d5f3f1a4f8
0x40187e,0x908653245a80
0x401e31,0x9086532463a8
0x401e31,0x908653246588
0x40187e,0x908653247200
0x40185c,0x908653247280
0x401d8b,0x90865323ebd8
0x401ea1,0x8ad3302098d0
0x401cfb,0x71d5f3f1c538
0x40185c,0x908653247a00
0x401804,0x908653247c48
0x401804,0x908653247ce8
0x401e1b,0x71d5f3f0cd80
0x401d8b,0x9086532408f8
0x401d8b,0x908653240998
0x401d8b,0x908653240d58
0x401dc9,0x71d5f3f1e508
0x401804,0x9086532498c8
0x401e47,0x8ad33021dc70
0x401e47,0x8ad3302210d0
0x401dc9,0x71d5f3f1ebe8
0x401d8b,0x908653242758
0x401da0,0x8ad330211360
0x401dc9,0x71d5f3f20188
0x40182a,0x90865324b380
0x401804,0x90865324b548
0x401e31,0x90865324c1e8
0x401cfb,0x71d5f3f208d8
0x401dc9,0x71d5f3f209a8
0x401da0,0x8ad330215120
0x40187e,0x90865324bc80
0x401da0,0x8ad330215260
0x401e47,0x8ad330225110
0x401e31,0x90865324c648
0x401dc9,0x71d5f3f20d68
0x40182a,0x90865324d780
0x401dc9,0x71d5f3f22768
0x401ea1,0x8ad330219110
0x40185c,0x90865324dfc0
0x401e47,0x8ad3302298d0
0x401e1b,0x71d5f3f14700
0x401ed1,0x8ad330219f80
0x401e89,0x908653248b88
0x401804,0x908653251388
0x40187e,0x908653251340
0x401dc9,0x71d5f3f26388
0x401e1b,0x71d5f3f16740
0x401e31,0x908653250f88
0x401ea1,0x8ad330221190
0x401804,0x908653251c48
0x401e47,0x8ad33022dff0
0x401804,0x908653251e28
0x401e31,0x9086532525c8
0x401e47,0x8ad3302313b0
0x401804,0x9086532531e8
0x40185c,0x908653253540
0x401e31,0x908653252e88
0x401ed1,0x8ad330221c40
0x401e47,0x8ad330231c70
0x401804,0x908653253d28
0x401ea1,0x8ad330225310
0x401cfb,0x71d5f3f28bb8
0x40182a,0x908653255100
0x401da0,0x8ad330225720
0x40182a,0x908653255240
0x401d8b,0x90865324cd98
0x401ea1,0x8ad330225a90
0x401e47,0x8ad330239110
0x401d8b,0x90865324e838
0x401dc9,0x71d5f3f2c1c8
0x401dc9,0x71d5f3f2cda8
0x401d8b,0x9086532509b8
0x40185c,0x908653259100
0x401e31,0x9086532589a8
0x401da0,0x8ad33022d7a0
0x401e31,0x908653258fe8
0x401cfb,0x71d5f3f2e818
0x401e31,0x90865325a4e8
0x401e1b,0x71d5f3f1ed40
0x401e47,0x8ad3302410f0
0x401e47,0x8ad330241190
0x401ed1,0x8ad330231340
0x40187e,0x908653259f80
0x401d8b,0x908653252ef8
0x401da0,0x8ad330231e20
0x401cfb,0x71d5f3f30998
0x401ed1,0x8ad330235100
0x401804,0x90865325bd88
0x401e47,0x8ad330245130
0x401ed1,0x8ad330235240
0x401e31,0x90865325c528
0x401d8b,0x908653254718
0x401804,0x90865325bf68
0x401e47,0x8ad330245310
0x401e1b,0x71d5f3f223c0
0x401e89,0x908653254f88
0x401e47,0x8ad330245a90
0x401d8b,0x908653256438
0x40187e,0x90865325dc40
0x401d8b,0x908653256758
0x401cfb,0x71d5f3f32ed8
0x401e89,0x908653256c08
0x401796,0x8ad3302498f0
0x401e1b,0x71d5f3f247c0
0x401dc9,0x71d5f3f34728
0x401ea1,0x8ad330239f90
0x40185c,0x9086532610c0
0x401e31,0x9086532608c8
0x40187e,0x908653261180
0x401cfb,0x71d5f3f34fb8
0x401e1b,0x71d5f3f26580
0x401cfb,0x71d5f3f36418
0x401da0,0x8ad33023dc60
0x401dc9,0x71d5f3f36768
0x401804,0x908653261c68
0x401cfb,0x71d5f3f36c38
0x40185c,0x908653263100
0x401ea1,0x8ad330241c50
0x401dc9,0x71d5f3f38988
0x401804,0x908653265108
0x401dc9,0x71d5f3f38fc8
0x401ed1,0x8ad330245700
0x40182a,0x908653265300
0x401dc9,0x71d5f3f3a4c8
0x40187e,0x908653265700
0x40182a,0x908653265a80
0x401d8b,0x90865325e538
0x401e47,0x8ad330259130
0x401e89,0x90865325ebc8
0x401804,0x908653267288
0x401705,0x908653267200
0x401d8b,0x90865325ed58
0x401e1b,0x71d5f3f2c640
0x401dc9,0x71d5f3f3c508
0x401d8b,0x9086532601b8
0x401804,0x908653267a08
0x401e47,0x8ad330259f90
0x40187e,0x908653267c40
0x40185c,0x908653267cc0
0x401e89,0x908653260988
0x401ed1,0x8ad33024d780
0x401e89,0x908653260d48
0x401e31,0x908653268ba8
0x401cfb,0x71d5f3f3e518
0x40187e,0x9086532698c0
0x401d8b,0x9086532623d8
0x401da0,0x8ad33024dfe0
0x401e89,0x908653262748
0x401ea1,0x8ad330251350
0x401e47,0x8ad3302611b0
0x401cfb,0x71d5f3f3ebf8
0x401dc9,0x71d5f3f3ed68
0x401da0,0x8ad3302513a0
0x401804,0x90865326b3a8
0x401cfb,0x71d5f3f40198
0x40187e,0x90865326b540
0x401da0,0x8ad330251c60
0x401e47,0x8ad330261c50
0x401ed1,0x8ad330251e00
0x401ea1,0x8ad330255110
0x401cfb,0x71d5f3f409b8
0x401ea1,0x8ad330255250
0x40182a,0x90865326bc80
0x401d8b,0x9086532647d8
0x401e47,0x8ad330265330
0x401e1b,0x71d5f3f30f80
0x401cfb,0x71d5f3f40d78
0x401dc9,0x71d5f3f423e8
0x401e1b,0x71d5f3f325c0
0x401e47,0x8ad330265ab0
0x401804,0x90865326d7a8
0x401cfb,0x71d5f3f42778
0x401d8b,0x9086532663b8
0x401d8b,0x908653266598
0x401e1b,0x71d5f3f32e80
0x401804,0x90865326dfc8
0x401e31,0x90865326e808
0x401dc9,0x71d5f3f447e8
0x401e31,0x908653270988
0x40187e,0x908653271380
0x40182a,0x908653271340
0x401cfb,0x71d5f3f46398
0x401dc9,0x71d5f3f465a8
0x401ed1,0x8ad33025dc40
0x401da0,0x8ad3302610e0
0x40187e,0x908653271c40
0x40185c,0x908653271e00
0x401e47,0x8ad330271350
0x40185c,0x9086532731c0
0x401804,0x908653273548
0x401e31,0x908653272ec8
0x401d8b,0x90865326c1f8
0x401da0,0x8ad330265120
0x40185c,0x908653273d00
0x401dc9,0x71d5f3f48b88
0x401e47,0x8ad330275110
0x401d8b,0x90865326c658
0x401e47,0x8ad330275250
0x401804,0x908653275128
0x401ea1,0x8ad330265710
0x401804,0x908653275268
0x401e89,0x90865326cd88
0x401e31,0x908653274fa8
0x401e31,0x908653276408
0x401da0,0x8ad3302698e0
0x401cfb,0x71d5f3f4c1d8
0x401e31,0x908653276c28
0x401dc9,0x71d5f3f4c668
0x401e47,0x8ad330279fb0
0x401cfb,0x71d5f3f4cdb8
0x401804,0x908653279108
0x401ea1,0x8ad33026d790
0x401d8b,0x908653270f98
0x401ed1,0x8ad33026dfc0
0x401d8b,0x9086532725d8
0x401ed1,0x8ad330271380
0x40182a,0x908653279f80
0x401d8b,0x908653272e98
0x401ed1,0x8ad330271c40
0x401ea1,0x8ad330271e10
0x401e47,0x8ad330281c70
0x401e1b,0x71d5f3f408c0
0x401e89,0x908653274708
0x40187e,0x90865327bd80
0x40185c,0x90865327bf40
0x401dc9,0x71d5f3f50fa8
0x401e47,0x8ad330285710
0x401dc9,0x71d5f3f525e8
0x401da0,0x8ad330279120
0x40182a,0x90865327dc40
0x401e89,0x908653276748
0x401e31,0x90865327e508
0x401dc9,0x71d5f3f52ea8
0x401e31,0x90865327ebe8
0x401cfb,0x71d5f3f54738
0x401e31,0x908653280188
0x401804,0x9086532810c8
0x401d8b,0x9086532789b8
0x401dc9,0x71d5f3f54f88
0x40182a,0x908653281180
0x401e31,0x9086532809a8
0x401e47,0x8ad33028d790
0x401e31,0x908653280d68
0x401ea1,0x8ad33027dc50
0x401d8b,0x908653278ff8
0x401cfb,0x71d5f3f56778
0x401d8b,0x90865327a4f8
0x401ed1,0x8ad3302810c0
0x40185c,0x908653281c40
0x401da0,0x8ad3302811a0
0x401dc9,0x71d5f3f56c08
0x401e31,0x908653282768
0x401e47,0x8ad330291370
0x401804,0x908653283108
0x401e47,0x8ad330291e10
0x401cfb,0x71d5f3f58998
0x401d8b,0x90865327c538
0x401ed1,0x8ad330285100
0x401e47,0x8ad330295130
0x401da0,0x8ad330285320
0x401e47,0x8ad330295270
0x40187e,0x908653285100
0x401cfb,0x71d5f3f58fd8
0x401804,0x908653285328
0x401da0,0x8ad330285aa0
0x401cfb,0x71d5f3f5a4d8
0x40182a,0x908653285700
0x401804,0x908653285aa8
0x401e31,0x908653286388
0x401804,0x908653287228
0x40187e,0x908653287280
0x401e89,0x90865327ed48
0x401ed1,0x8ad3302898c0
0x401cfb,0x71d5f3f5c518
0x40187e,0x908653287a00
0x40182a,0x908653287c40
0x401804,0x908653287cc8
0x401d8b,0x9086532808d8
0x401e1b,0x71d5f3f4e800
0x401e47,0x8ad33029dc50
0x40182a,0x9086532898c0
0x401e89,0x9086532823c8
0x401ea1,0x8ad33028dfd0
0x401dc9,0x71d5f3f5ebc8
0x401ea1,0x8ad330291390
0x401cfb,0x71d5f3f5ed78
0x40185c,0x90865328b380
0x40182a,0x90865328b540
0x401ea1,0x8ad330291c50
0x401e1b,0x71d5f3f50980
0x401e31,0x90865328c1c8
0x401dc9,0x71d5f3f608e8
0x401dc9,0x71d5f3f60988
0x401804,0x90865328bca8
0x401e89,0x9086532847c8
0x401dc9,0x71d5f3f60d48
0x401e47,0x8ad3302a5730
0x401e31,0x90865328cda8
0x401cfb,0x71d5f3f623f8
0x40185c,0x90865328d780
0x401dc9,0x71d5f3f62748
0x4017e0,0x908653286588
0x4017b0,0x8ad330299100
0x401e1b,0x71d5f3f52ec0
0x40187e,0x90865328dfc0
0x401da0,0x8ad330299fa0
0x401cfb,0x71d5f3f647f8
0x401d8b,0x908653288bb8
0x401804,0x908653291368
0x40182a,0x908653291380
0x401e1b,0x71d5f3f56400
0x401e47,0x8ad3302ad7b0
0x401cfb,0x71d5f3f665b8
0x401ea1,0x8ad3302a10d0
0x401e47,0x8ad3302adfd0
0x40182a,0x908653291c40
0x401ed1,0x8ad3302a1180
0x401804,0x908653291e08
0x401e47,0x8ad3302b1390
0x401804,0x9086532931c8
0x40187e,0x908653293540
0x401da0,0x8ad3302a1c60
0x401e47,0x8ad3302b1c50
0x401e47,0x8ad3302b1e30
0x401ea1,0x8ad3302a5110
0x401e89,0x90865328c648
0x401804,0x908653293d08
0x401cfb,0x71d5f3f68b98
0x401ed1,0x8ad3302a5300
0x401e31,0x908653294728
0x40185c,0x908653295100
0x40185c,0x908653295240
0x401ed1,0x8ad3302a5a80
0x401e31,0x908653296768
0x401d8b,0x90865328e818
0x401ea1,0x8ad3302a98d0
0x401cfb,0x71d5f3f6c678
0x401dc9,0x71d5f3f6cd88
0x401d8b,0x908653290998
0x40187e,0x908653299100
0x401e31,0x908653298988
0x401e1b,0x71d5f3f5e500
0x401e89,0x908653290f88
0x401e31,0x908653298fc8
0x401e47,0x8ad3302bdc70
0x401dc9,0x71d5f3f6e828
0x401e89,0x9086532925c8
0x401e31,0x90865329a4c8
0x401da0,0x8ad3302b1360
0x401804,0x908653299fa8
0x401e47,0xa1abd7fd1350
0x401e1b,0x71d5f3f60180
0x401e89,0x908653292e88
0x401d8b,0x908653292ed8
0x401dc9,0x71d5f3f709a8
0x401da0,0x8ad3302b5120
0x401e31,0x90865329c508
0x401da0,0x8ad3302b5260
0x401e47,0xa1abd7fd5110
0x40182a,0x90865329bd80
0x401e47,0xa1abd7fd5250
0x401804,0x90865329bf48
0x401cfb,0x71d5f3f70fb8
0x401d8b,0x908653294fb8
0x40170a,0x71d5f3f725f8
0x401ea1,0x8ad3302b9110
0x401d8b,0x908653296418
0x401804,0x90865329dc68
0x401cfb,0x71d5f3f72eb8
0x401dc9,0x71d5f3f72ee8
0x401d8b,0x908653296c38
0x401e31,0x90865329ed68
0x401dc9,0x71d5f3f74708
0x401ed1,0x8ad3302b9f80
0x40187e,0x9086532a10c0
0x401804,0x9086532a11a8
0x401e47,0xd79e62a53550
0x401cfb,0x71d5f3f74f98
0x401e1b,0x71d5f3f66380
0x401dc9,0x71d5f3f76428
0x401dc9,0x71d5f3f76748
0x401e31,0x9086532a23e8
0x401804,0x9086532a1c48
0x401cfb,0x71d5f3f76c18
0x401ed1,0xa1abd7fd1380
0x40187e,0x9086532a3100
0x401ed1,0xa1abd7fd1c40
0x401ea1,0xa1abd7fd1e10
0x401e31,0x9086532a47e8
0x40182a,0x9086532a5100
0x40185c,0x9086532a5300
0x401804,0x9086532a5728
0x40185c,0x9086532a5a80
0x401d8b,0x90865329e518
0x401e31,0x9086532a65a8
0x401e1b,0x71d5f3f6c1c0
0x40185c,0x9086532a7200
0x40182a,0x9086532a7280
0x401d8b,0x90865329ebf8
0x401d8b,0x9086532a0198
0x40182a,0x9086532a7a00
0x401804,0x9086532a7c68
0x40187e,0x9086532a7cc0
0x401ed1,0xd79e62a531c0
0x401e89,0x9086532a08c8
0x401d8b,0x9086532a09b8
0x401e31,0x9086532a8b88
0x401d8b,0x9086532a0d78
0x401dc9,0x71d5f3f7e528
0x401ed1,0xd79e62a53d00
0x401804,0x9086532a98e8
0x401cfb,0x71d5f3f7ebd8
0x401d8b,0x9086532a2778
0x401e47,0xd79e62a67230
0x401dc9,0x71d5f3f7ed48
0x401804,0x9086532ab388
0x401dc9,0x71d5f3f801a8
0x401804,0x9086532ab568
0x401e47,0xd79e62a67cd0
0x401cfb,0x71d5f3f808f8
0x401cfb,0x71d5f3f80998
0x40185c,0x9086532abc80
0x401e31,0x9086532ac668
0x401cfb,0x71d5f3f80d58
0x401e47,0xd79e62a6b3b0
0x40176f,0x71d5f3f823c8
0x401804,0x9086532ad788
0x401ed1,0xd79e62a5bd80
0x401ea1,0xd79e62a5bf50
0x401cfb,0x71d5f3f82758
0x401d8b,0x9086532a6398
0x40182a,0x9086532adfc0
0x401dc9,0x71d5f3f847c8
0x401da0,0xd79e62a63120
0x401e47,0xd79e62a73570
0x401804,0x9086532b13a8
0x40185c,0x9086532b1340
0x401dc9,0x71d5f3f863a8
0x401dc9,0x71d5f3f86588
0x401e31,0x9086532b0fa8
0x401804,0x9086532b1c68
0x401da0,0xd79e62a672a0
0x40187e,0x9086532b1e00
0x401e31,0x9086532b25e8
0x40187e,0x9086532b31c0
0x401da0,0xd79e62a67a20
0x40182a,0x9086532b3540
0x401ea1,0xd79e62a67c50
0x401e31,0x9086532b2ea8
0x401d8b,0x9086532ac1d8
0x401e1b,0x71d5f3f78980
0x40187e,0x9086532b3d00
0x401e1b,0x71d5f3f78fc0
0x401da0,0xd79e62a6b560
0x401804,0x9086532b5108
0x401804,0x9086532b5248
0x40173b,0x9086532acdb8
0x401748,0x71d5f3f7a4c0
0x401ea1,0xd79e62a6bc90
0x401e31,0x9086532b4f88
0x401e47,0xd79e62a7bf50
0x401e89,0x9086532ae808
0x401dc9,0x71d5f3f8c1e8
0x401e31,0x9086532b6c08
0x401e1b,0x71d5f3f7c500
0x401dc9,0x71d5f3f8c648
0x401ea1,0xd79e62a731d0
0x401e89,0x9086532b0988
0x401cfb,0x71d5f3f8cd98
0x40182a,0x9086532b9100
0x401ea1,0xd79e62a73d10
0x401cfb,0x71d5f3f8e838
0x40185c,0x9086532b9f80
0x401e89,0x9086532b2ec8
0x401e47,0xd79e62a87c50
0x401e47,0xd79e62a87cf0
0x401cfb,0x71d5f3f909b8
0x401804,0x9086532bbda8
0x401d8b,0x9086532b4738
0x40187e,0x9086532bbf40
0x401dc9,0x71d5f3f90f88
0x401dc9,0x71d5f3f925c8
0x401ea1,0xd79e62a7bd90
0x401e47,0xd79e62a8bc90
0x401e89,0x9086532b6408
0x40185c,0x9086532bdc40
0x401d8b,0x9086532b6778
0x401dc9,0x71d5f3f92e88
0x401cfb,0x71d5f3f92ef8
0x401e31,0x9086532bebc8
0x401cfb,0x71d5f3f94718
0x401ed1,0xd79e62a83100
0x401e47,0xd79e62a931d0
0x401d8b,0x9086532b8998
0x401e31,0x9086532c08e8
0x40182a,0x9086532c10c0
0x40185c,0x9086532c1180
0x401e31,0x9086532c0988
0x401e31,0x9086532c0d48
0x401cfb,0x71d5f3f96438
0x401d8b,0x9086532b8fd8
0x401e47,0xd79e62a93d10
0x401cfb,0x71d5f3f96758
0x401d8b,0x9086532ba4d8
0x40187e,0x9086532c1c40
0x401da0,0xd79e62a87220
0x401ed1,0xd79e62a87280
0x401e31,0x9086532c2748
0x40182a,0x9086532c3100
0x401ed1,0xd79e62a87a00
0x401e1b,0x71d5f3f88b80
0x401dc9,0x71d5f3f989a8
0x401d8b,0x9086532bc518
0x401da0,0xd79e62a8b3a0
0x401ed1,0xd79e62a8b540
0x401804,0x9086532c5128
0x40176f,0x71d5f3f98fe8
0x401804,0x9086532c5308
0x401dc9,0x71d5f3f9a4e8
0x40185c,0x9086532c5700
0x401e47,0xd79e62a9bd90
0x401804,0x9086532c5a88
0x401e89,0x9086532be508
0x401e47,0xd79e62a9bf70
0x401804,0x9086532c7208
0x401804,0x9086532c72a8
0x401d8b,0x9086532bed78
0x401e89,0x9086532c0188
0x401dc9,0x71d5f3f9c528
0x401804,0x9086532c7a28
0x40185c,0x9086532c7c40
0x40182a,0x9086532c7cc0
0x401da0,0xd79e62a93560
0x401cfb,0x71d5f3f9e538
0x40185c,0x9086532c98c0
0x401d8b,0x9086532c23f8
0x401cfb,0x71d5f3f9ed58
0x40187e,0x9086532cb380
0x401cfb,0x71d5f3fa01b8
0x40185c,0x9086532cb540
0x401e47,0xd79e62aa7c70
0x401dc9,0x71d5f3fa08c8
0x401804,0x9086532cbc88
0x401d8b,0x9086532c47f8
0x401e31,0x9086532ccd88
0x401cfb,0x71d5f3fa23d8
0x40187e,0x9086532cd780
0x401e47,0xd79e62aabcb0
0x401e89,0x9086532c6388
0x401d8b,0x9086532c65b8
0x401804,0x9086532cdfe8
0x401e31,0x9086532ce828
0x401cfb,0x71d5f3fa47d8
0x401ea1,0xd79e62aa3110
0x401e47,0xd79e62ab31f0
0x401e1b,0x71d5f3f94f80
0x401e31,0x9086532d09a8
0x401d8b,0x9086532c8b98
0x401804,0x9086532d1348
0x40185c,0x9086532d1380
0x401cfb,0x71d5f3fa63b8
0x401cfb,0x71d5f3fa6598
0x401e47,0xd79e62ab3d30
0x401e1b,0x71d5f3f96c00
0x40185c,0x9086532d1c40
0x401ed1,0xd79e62aa7200
0x401ea1,0xd79e62aa7290
0x40182a,0x9086532d1e00
0x40182a,0x9086532d31c0
0x401ea1,0xd79e62aa7a10
0x401804,0x9086532d3568
0x401e31,0x9086532d2ee8
0x401da0,0xd79e62aa7ce0
0x401e89,0x9086532cc1c8
0x401d8b,0x9086532cc678
0x401dc9,0x71d5f3fa8ba8
0x401705,0x9086532d3d00
0x401ea1,0xd79e62aab550
0x4017b0,0xd79e62aab380
0x401e31,0x9086532d4708
0x40187e,0x9086532d5100
0x40187e,0x9086532d5240
0x401e47,0xd79e62abbdb0
0x401e31,0x9086532d6428
0x401e31,0x9086532d6748
0x401cfb,0x71d5f3fac1f8
0x401cfb,0x71d5f3fac658
0x401e47,0xd79e62ac3110
0x401ed1,0xd79e62ab3540
0x401804,0x9086532d9128
0x401d8b,0x9086532d0fb8
0x401dc9,0x71d5f3fae808
0x401e1b,0x71d5f3f9ebc0
0x401d8b,0x9086532d25f8
0x401e47,0xd79e62ac7290
0x401804,0x9086532d9f88
0x401d8b,0x9086532d2eb8
0x401e47,0xd79e62ac7a10
0x401e1b,0x71d5f3fa0980
0x401dc9,0x71d5f3fb0988
0x401748,0x71d5f3fa0d40
0x40185c,0x9086532dbd80
0x40182a,0x9086532dbf40
0x401e47,0xd79e62acb550
0x401cfb,0x71d5f3fb0f98
0x401d8b,0x9086532d4f98
0x401e1b,0x71d5f3fa2740
0x401cfb,0x71d5f3fb25d8
0x401da0,0xd79e62abbf60
0x401804,0x9086532ddc48
0x401e31,0x9086532de528
0x401dc9,0x71d5f3fb2ec8
0x401cfb,0x71d5f3fb2e98
0x401d8b,0x9086532d6c18
0x401e31,0x9086532ded48
0x401e31,0x9086532e01a8
0x401e89,0x9086532d8988
0x401804,0x9086532e10e8
0x401804,0x9086532e1188
0x401dc9,0x71d5f3fb4fa8
0x401dc9,0x71d5f3fb6408
0x401e89,0x9086532d8fc8
0x401e89,0x9086532da4c8
0x401e31,0x9086532e23c8
0x401ea1,0xd79e62ac7210
0x40182a,0x9086532e1c40
0x401dc9,0x71d5f3fb6c28
0x401804,0x9086532e3128
0x401da0,0xd79e62ac7c60
0x401ed1,0xd79e62ac7cc0
0x401cfb,0x71d5f3fb89b8
0x4017e0,0x9086532dc508
0x401ea1,0xd79e62acb390
0x401e31,0x9086532e47c8
0x40185c,0x9086532e5100
0x401cfb,0x71d5f3fb8ff8
0x40187e,0x9086532e5300
0x401804,0x9086532e5708
0x401da0,0xd79e62acbca0
0x401cfb,0x71d5f3fba4f8
0x40187e,0x9086532e5a80
0x401e31,0x9086532e63a8
0x401e31,0x9086532e6588
0x40187e,0x9086532e7200
0x40185c,0x9086532e7280
0x401d8b,0x9086532debd8
0x401cfb,0x71d5f3fbc538
0x40185c,0x9086532e7a00
0x401804,0x9086532e7c48
0x401da0,0xd79e62ad31e0
0x401804,0x9086532e7ce8
0x401e1b,0x71d5f3facd80
0x401e47,0xd79e62ae3130
0x401ea1,0xd79e62ad3550
0x401d8b,0x9086532e08f8
0x401d8b,0x9086532e0998
0x401d8b,0x9086532e0d58
0x401dc9,0x71d5f3fbe508
0x401da0,0xd79e62ad3d20
0x401804,0x9086532e98c8
0x401dc9,0x71d5f3fbebe8
0x401e47,0xd79e62ae7210
0x401d8b,0x9086532e2758
0x401e47,0xd79e62ae72b0
0x401dc9,0x71d5f3fc0188
0x40182a,0x9086532eb380
0x401804,0x9086532eb548
0x401e47,0xd79e62ae7a30
0x4017a3,0x9086532ec1e8
0x401dc9,0x71d5f3fc09a8
0x401cfb,0x71d5f3fc08d8
0x40187e,0x9086532ebc80
0x401e31,0x9086532ec648
0x401dc9,0x71d5f3fc0d68
0x401e47,0xd79e62aeb390
0x401e47,0xd79e62aeb570
0x40182a,0x9086532ed780
0x401da0,0xd79e62adbda0
0x401dc9,0x71d5f3fc2768
0x401ed1,0xd79e62adbf40
0x40185c,0x9086532edfc0
0x401e1b,0x71d5f3fb4700
0x401e89,0x9086532e8b88
0x401e47,0xd79e62af3550
0x40187e,0x9086532f1340
0x401804,0x9086532f1388
0x401dc9,0x71d5f3fc6388
0x401e1b,0x71d5f3fb6740
0x401e31,0x9086532f0f88
0x401804,0x9086532f1c48
0x401804,0x9086532f1e28
0x401e31,0x9086532f25c8
0x401804,0x9086532f31e8
0x40185c,0x9086532f3540
0x401e31,0x9086532f2e88
0x401ed1,0xd79e62ae7c40
0x401ea1,0xd79e62ae7cd0
0x401804,0x9086532f3d28
0x401cfb,0x71d5f3fc8bb8
0x40182a,0x9086532f5100
0x40182a,0x9086532f5240
0x401d8b,0x9086532ecd98
0x401ed1,0xd79e62aebc80
0x401d8b,0x9086532ee838
0x401dc9,0x71d5f3fcc1c8
0x401ed1,0xd79e62af31c0
0x401dc9,0x71d5f3fccda8
0x401d8b,0x9086532f09b8
0x40185c,0x9086532f9100
0x401e31,0x9086532f89a8
0x401ed1,0xd79e62af3d00
0x401e31,0x9086532f8fe8
0x401cfb,0x71d5f3fce818
0x401e1b,0x71d5f3fbed40
0x401e31,0x9086532fa4e8
0x401e47,0xd79e62b07230
0x40187e,0x9086532f9f80
0x401d8b,0x9086532f2ef8
0x401e47,0xd79e62b07cd0
0x401cfb,0x71d5f3fd0998
0x401804,0x9086532fbd88
0x401e31,0x9086532fc528
0x401d8b,0x9086532f4718
0x401804,0x9086532fbf68
0x401e47,0xd79e62b0b3b0
0x401e1b,0x71d5f3fc23c0
0x401e89,0x9086532f4f88
0x401ed1,0xd79e62afbd80
0x401ea1,0xd79e62afbf50
0x401d8b,0x9086532f6438
0x40187e,0x9086532fdc40
0x401d8b,0x9086532f6758
0x401cfb,0x71d5f3fd2ed8
0x401e89,0x9086532f6c08
0x401e1b,0x71d5f3fc47c0
0x401dc9,0x71d5f3fd4728
0x401da0,0xd79e62b03120
0x40185c,0x9086533010c0
0x401e31,0x9086533008c8
0x40187e,0x908653301180
0x401e47,0xd79e62b13570
0x401cfb,0x71d5f3fd4fb8
0x401e1b,0x71d5f3fc6580
0x401cfb,0x71d5f3fd6418
0x401dc9,0x71d5f3fd6768
0x401804,0x908653301c68
0x401da0,0xd79e62b072a0
0x401cfb,0x71d5f3fd6c38
0x40185c,0x908653303100
0x40172e,0xd79e62b07a20
0x401ea1,0xd79e62b07c50
0x401dc9,0x71d5f3fd8988
0x401da0,0xd79e62b0b560
0x401804,0x908653305108
0x401dc9,0x71d5f3fd8fc8
0x40182a,0x908653305300
0x401ea1,0xd79e62b0bc90
0x401dc9,0x71d5f3fda4c8
0x40187e,0x908653305700
0x40182a,0x908653305a80
0x401e47,0xd79e62b1bf50
0x401d8b,0x9086532fe538
0x401e89,0x9086532febc8
0x401804,0x908653307288
0x40182a,0x908653307200
0x401d8b,0x9086532fed58
0x401e1b,0x71d5f3fcc640
0x401dc9,0x71d5f3fdc508
0x401d8b,0x9086533001b8
0x401804,0x908653307a08
0x401ea1,0xd79e62b131d0
0x40187e,0x908653307c40
0x40185c,0x908653307cc0
0x401e89,0x908653300988
0x401e89,0x908653300d48
0x401e31,0x908653308ba8
0x401ea1,0xd79e62b13d10
0x401cfb,0x71d5f3fde518
0x40187e,0x9086533098c0
0x401d8b,0x9086533023d8
0x401e89,0x908653302748
0x401cfb,0x71d5f3fdebf8
0x401dc9,0x71d5f3fded68
0x401804,0x90865330b3a8
0x40170a,0x71d5f3fe0198
0x40187e,0x90865330b540
0x401e47,0xd79e62b27c50
0x401e47,0xd79e62b27cf0
0x401cfb,0x71d5f3fe09b8
0x40182a,0x90865330bc80
0x401d8b,0x9086533047d8
0x401e1b,0x71d5f3fd0f80
0x401cfb,0x71d5f3fe0d78
0x401dc9,0x71d5f3fe23e8
0x401e1b,0x71d5f3fd25c0
0x401804,0x90865330d7a8
0x401ea1,0xd79e62b1bd90
0x401e47,0xd79e62b2bc90
0x401cfb,0x71d5f3fe2778
0x401d8b,0x9086533063b8
0x401d8b,0x908653306598
0x401e1b,0x71d5f3fd2e80
0x401804,0x90865330dfc8
0x401e31,0x90865330e808
0x401dc9,0x71d5f3fe47e8
0x401ed1,0xd79e62b23100
0x401e47,0xd79e62b331d0
0x401e31,0x908653310988
0x40187e,0x908653311380
0x40182a,0x908653311340
0x401cfb,0x71d5f3fe6398
0x401dc9,0x71d5f3fe65a8
0x401e47,0xd79e62b33d10
0x40187e,0x908653311c40
0x401da0,0xd79e62b27220
0x401ed1,0xd79e62b27280
0x40185c,0x908653311e00
0x401736,0x9086533131c0
0x401804,0x908653313548
0x401ed1,0xd79e62b27a00
0x401e31,0x908653312ec8
0x401d8b,0x90865330c1f8
0x40185c,0x908653313d00
0x401dc9,0x71d5f3fe8b88
0x401d8b,0x90865330c658
0x401da0,0xd79e62b2b3a0
0x401ed1,0xd79e62b2b540
0x401804,0x908653315128
0x401804,0x908653315268
0x401e89,0x90865330cd88
0x401e31,0x908653314fa8
0x401e47,0xd79e62b3bd90
0x401e47,0xd79e62b3bf70
0x401e31,0x908653316408
0x401e31,0x908653316c28
0x401cfb,0x71d5f3fec1d8
0x401dc9,0x71d5f3fec668
0x401cfb,0x71d5f3fecdb8
0x401804,0x908653319108
0x401da0,0xd79e62b33560
0x401d8b,0x908653310f98
0x401d8b,0x9086533125d8
0x401705,0x908653319f80
0x401d8b,0x908653312e98
0x401e47,0xd79e62b47c70
0x401e1b,0x71d5f3fe08c0
0x401e89,0x908653314708
0x40187e,0x90865331bd80
0x40185c,0x90865331bf40
0x401dc9,0x71d5f3ff0fa8
0x401dc9,0x71d5f3ff25e8
0x401e47,0xd79e62b4bcb0
0x40182a,0x90865331dc40
0x401e89,0x908653316748
0x401e31,0x90865331e508
0x401dc9,0x71d5f3ff2ea8
0x401e47,0xe8035e45a4d0
0x401e31,0x90865331ebe8
0x401cfb,0x71d5f3ff4738
0x401e31,0x908653320188
0x401ea1,0xd79e62b43110
0x401804,0x9086533210c8
0x401d8b,0x9086533189b8
0x401dc9,0x71d5f3ff4f88
0x40182a,0x908653321180
0x401e31,0x9086533209a8
0x401e47,0x6c537032e830
0x401e31,0x908653320d68
0x401d8b,0x908653318ff8
0x401cfb,0x71d5f3ff6778
0x401d8b,0x90865331a4f8
0x40185c,0x908653321c40
0x401ea1,0xd79e62b47290
0x401ed1,0xd79e62b47200
0x401dc9,0x71d5f3ff6c08
0x4017a3,0x908653322768
0x401804,0x908653323108
0x401e47,0x6c53703325f0
0x401ea1,0xd79e62b47a10
0x401da0,0xd79e62b47ce0
0x401e47,0x6c5370332eb0
0x401cfb,0x71d5f3ff8998
0x401d8b,0x90865331c538
0x401ed1,0xd79e62b4b380
0x401ea1,0xd79e62b4b550
0x40187e,0x908653325100
0x401cfb,0x71d5f3ff8fd8
0x401804,0x908653325328
0x401e47,0x6c5370336770
0x401cfb,0x71d5f3ffa4d8
0x40182a,0x908653325700
0x401804,0x908653325aa8
0x401e31,0x908653326388
0x401804,0x908653327228
0x40187e,0x908653327280
0x401e89,0x90865331ed48
0x401cfb,0x71d5f3ffc518
0x40187e,0x908653327a00
0x401804,0x908653327cc8
0x40182a,0x908653327c40
0x401d8b,0x9086533208d8
0x401e1b,0x71d5f3fee800
0x40182a,0x9086533298c0
0x401e89,0x9086533223c8
0x40176f,0x71d5f3ffebc8
0x401cfb,0x71d5f3ffed78
0x401e47,0x6c53703423d0
0x40185c,0x90865332b380
0x40182a,0x90865332b540
0x401ea1,0x6c5370332ed0
0x401e1b,0x71d5f3ff0980
0x401e31,0x90865332c1c8
0x401804,0x90865332bca8
0x401e89,0x9086533247c8
0x401da0,0x6c5370336420
0x401dc9,0xca49da319108
0x401e31,0x90865332cda8
0x401ed1,0x6c5370336c00
0x40185c,0x90865332d780
0x401e89,0x908653326588
0x401e1b,0x71d5f3ff2ec0
0x40187e,0x90865332dfc0
0x401ed1,0x6c537033a4c0
0x401cfb,0xca49da31bd98
0x401ed1,0x6c537033e500
0x401cfb,0xca49da31bf78
0x401d8b,0x908653328bb8
0x401804,0x908653331368
0x40182a,0x908653331380
0x401e1b,0x71d5f3ff6400
0x401ea1,0x6c537033ebd0
0x401da0,0x6c537033ed60
0x40182a,0x908653331c40
0x401804,0x908653331e08
0x401804,0x9086533331c8
0x401da0,0x6c5370342760
0x40187e,0x908653333540
0x401e47,0x6c5370352ed0
0x401e89,0x90865332c648
0x401804,0x908653333d08
0x401ea1,0x6c5370346390
0x401e31,0x908653334728
0x401ed1,0x6c5370346580
0x40185c,0x908653335100
0x40185c,0x908653335240
0x401dc9,0xca49da3210c8
0x401cfb,0xca49da321c78
0x401d8b,0x90865332e818
0x401e31,0x908653336768
0x401dc9,0xca49da323108
0x401d8b,0x908653330998
0x40187e,0x908653339100
0x401e31,0x908653338988
0x401da0,0x6c537034e820
0x401cfb,0xca49da325118
0x401dc9,0xca49da325328
0x401e1b,0x71d5f3ffe500
0x401e89,0x908653330f88
0x401e31,0x908653338fc8
0x401e47,0x6c537035ebd0
0x401e89,0x9086533325c8
0x401dc9,0xca49da325aa8
0x401e31,0x90865333a4c8
0x401804,0x908653339fa8
0x401e47,0x6c53703623f0
0x401da0,0x6c53703525e0
0x401dc9,0xca49da327228
0x401e89,0x908653332e88
0x401cfb,0xca49da327298
0x401d8b,0x908653332ed8
0x401da0,0x6c5370352ea0
0x401cfb,0xca49da327a18
0x401e31,0x90865333c508
0x40182a,0x90865333bd80
0x401dc9,0xca49da327cc8
0x401804,0x90865333bf48
0x401ed1,0x6c5370356400
0x401e47,0x6c5370366390
0x401da0,0x6c5370356760
0x401ea1,0x6c5370356c10
0x401d8b,0x908653334fb8
0x401d8b,0x908653336418
0x401804,0x90865333dc68
0x401ea1,0x6c537035a4d0
0x401e1b,0xca49da319f80
0x401d8b,0x908653336c38
0x401e31,0x90865333ed68
0x401cfb,0xb207126ab3b8
0x401dc9,0xb207126abca8
0x401ea1,0x6c537035e510
0x40187e,0x9086533410c0
0x401804,0x9086533411a8
0x401ed1,0x6c537035ed40
0x401cfb,0xb207126ad7b8
0x401e1b,0xca49da31dc40
0x401804,0x908653341c48
0x401e31,0x9086533423e8
0x40187e,0x908653343100
0x401cfb,0xb207126adfd8
0x401ed1,0x6c5370362740
0x401e47,0x6c5370372ef0
0x401ea1,0x6c5370366590
0x401e31,0x9086533447e8
0x40182a,0x908653345100
0x401e1b,0xca49da321180
0x40185c,0x908653345300
0x401dc9,0xb207126b1368
0x401804,0x908653345728
0x401e47,0x6c5370376c10
0x40185c,0x908653345a80
0x401d8b,0x90865333e518
0x401e31,0x9086533465a8
0x401dc9,0xb207126b1e08
0x401e47,0x6c537037a4d0
0x40185c,0x908653347200
0x40182a,0x908653347280
0x401d8b,0x90865333ebf8
0x401dc9,0xb207126b31c8
0x401cfb,0xb207126b3558
0x401d8b,0x908653340198
0x40182a,0x908653347a00
0x401804,0x908653347c68
0x40187e,0x908653347cc0
0x401e89,0x9086533408c8
0x401dc9,0xb207126b3d08
0x401d8b,0x9086533409b8
0x401e47,0x6c537037e510
0x401ed1,0x6c537036e800
0x401cfb,0xb207126b5138
0x401e31,0x908653348b88
0x401d8b,0x908653340d78
0x401cfb,0xb207126b5278
0x401e1b,0xca49da325700
0x401796,0x6c537037ebf0
0x401804,0x9086533498e8
0x401d8b,0x908653342778
0x401ed1,0x6c53703725c0
0x401804,0x90865334b388
0x401804,0x90865334b568
0x401ed1,0x6c5370372e80
0x401e1b,0xca49da327c40
0x40185c,0x90865334bc80
0x401ea1,0x6c5370376410
0x401e31,0x90865334c668
0x401e47,0x6c53703863b0
0x401e47,0x6c5370386590
0x401ed1,0x6c5370376740
0x401cfb,0xb207126b9118
0x401804,0x90865334d788
0x401e1b,0xb207126a98c0
0x401d8b,0x908653346398
0x40182a,0x90865334dfc0
0x401dc9,0xb207126b9fa8
0x401e1b,0xb207126ab540
0x401dc9,0xb207126bbf48
0x401804,0x9086533513a8
0x40185c,0x908653351340
0x401ea1,0x6c537037ed50
0x401e31,0x908653350fa8
0x401804,0x908653351c68
0x401dc9,0xb207126bdc68
0x40187e,0x908653351e00
0x401e31,0x9086533525e8
0x401da0,0x6c53703823e0
0x401ea1,0x6c5370382750
0x40187e,0x9086533531c0
0x40182a,0x908653353540
0x401e31,0x908653352ea8
0x401d8b,0x90865334c1d8
0x40187e,0x908653353d00
0x401e47,0x6c5370396410
0x401804,0x908653355108
0x401804,0x908653355248
0x401dc9,0xb207126c11a8
0x401cfb,0xb207126c10d8
0x401e1b,0xb207126b1380
0x401d8b,0x90865334cdb8
0x401e31,0x908653354f88
0x401e47,0x6c5370396c30
0x401e1b,0xb207126b1c40
0x401dc9,0xb207126c1c48
0x401e89,0x90865334e808
0x401e47,0x6c537039a4f0
0x401cfb,0xb207126c3118
0x401e31,0x908653356c08
0x401e89,0x908653350988
0x401e47,0x6c537039e530
0x40182a,0x908653359100
0x401ea1,0x6c537038e810
0x401cfb,0xb207126c5338
0x401dc9,0xb207126c5728
0x401e47,0x6c537039ed50
0x401cfb,0xb207126c5ab8
0x40185c,0x908653359f80
0x401ea1,0x6c53703925d0
0x401e47,0x6c53703a2750
0x401cfb,0xb207126c7238
0x401e89,0x908653352ec8
0x401ea1,0x6c5370392e90
0x401da0,0x6c5370392ee0
0x401804,0x90865335bda8
0x401d8b,0x908653354738
0x401dc9,0xb207126c7c68
0x401cfb,0xb207126c7cd8
0x40187e,0x90865335bf40
0x401ea1,0x6c5370396750
0x401e47,0x6c53703a65b0
0x401e89,0x908653356408
0x401dc9,0xb207126c98e8
0x40185c,0x90865335dc40
0x401d8b,0x908653356778
0x401e31,0x90865335ebc8
0x401dc9,0xb207126cb388
0x401dc9,0xb207126cb568
0x401e1b,0xb207126bbd80
0x401cfb,0xb207126cbcb8
0x401d8b,0x908653358998
0x40182a,0x9086533610c0
0x401e31,0x9086533608e8
0x40185c,0x908653361180
0x401e31,0x908653360988
0x401e47,0x6c53703ae810
0x401e31,0x908653360d48
0x401d8b,0x908653358fd8
0x401da0,0x6c537039ebe0
0x401dc9,0xb207126cd788
0x401d8b,0x90865335a4d8
0x40187e,0x908653361c40
0x401ed1,0x6c53703a23c0
0x401e31,0x908653362748
0x40182a,0x908653363100
0x401e47,0x6c53703b25d0
0x401e47,0x6c53703b2e90
0x401d8b,0x90865335c518
0x401da0,0x6c53703a63a0
0x401e47,0x6c53703b6430
0x401804,0x908653365128
0x401804,0x908653365308
0x401e47,0x6c53703b6750
0x401cfb,0xb207126d1378
0x401dc9,0xb207126d13a8
0x40185c,0x908653365700
0x401804,0x908653365a88
0x401e89,0x90865335e508
0x401dc9,0xb207126d1c68
0x401cfb,0xb207126d1e18
0x401804,0x908653367208
0x401804,0x9086533672a8
0x401d8b,0x90865335ed78
0x401cfb,0xb207126d31d8
0x401e89,0x908653360188
0x401804,0x908653367a28
0x40185c,0x908653367c40
0x40182a,0x908653367cc0
0x401cfb,0xb207126d3d18
0x401e1b,0xb207126c5100
0x401dc9,0xb207126d5108
0x401dc9,0xb207126d5248
0x401861,0x9086533698c8
0x401e47,0x6c53703bed70
0x401d8b,0x9086533623f8
0x401e1b,0xb207126c7280
0x40187e,0x90865336b380
0x401e47,0x6c53703c2770
0x40185c,0x90865336b540
0x401ed1,0x6c53703b2ec0
0x401e1b,0xb207126c7a00
0x401804,0x90865336bc88
0x401d8b,0x9086533647f8
0x401e31,0x90865336cd88
0x40187e,0x90865336d780
0x401da0,0x6c53703b6c20
0x401e89,0x908653366388
0x401d8b,0x9086533665b8
0x401da0,0x6c53703ba4e0
0x401804,0x90865336dfe8
0x401e31,0x90865336e828
0x401cfb,0xb207126d9fb8
0x401dc9,0xb207126dbda8
0x40172e,0x6c53703be520
0x401e31,0x9086533709a8
0x401cfb,0xb207126dbf58
0x401d8b,0x908653368b98
0x401804,0x908653371348
0x40185c,0x908653371380
0x401e47,0x6c53703ce830
0x401ed1,0x6c53703bebc0
0x40185c,0x908653371c40
0x40182a,0x908653371e00
0x401ea1,0x6c53703c23d0
0x401cfb,0xb207126ddc78
0x401e1b,0xb207126cdfc0
0x40182a,0x9086533731c0
0x401e47,0x6c53703d25f0
0x401804,0x908653373568
0x401e31,0x908653372ee8
0x401e89,0x90865336c1c8
0x401e47,0x6c53703d2eb0
0x401d8b,0x90865336c678
0x40182a,0x908653373d00
0x401ed1,0x6c53703c6380
0x401e31,0x908653374708
0x401da0,0x6c53703c65a0
0x40187e,0x908653375100
0x40187e,0x908653375240
0x401e47,0x6c53703d6770
0x401cfb,0xb207126e11b8
0x401e31,0x908653376428
0x401cfb,0xb207126e1c58
0x401e31,0x908653376748
0x401804,0x257ba86e10e8
0x401804,0x257ba86e1188
0x401e1b,0xb207126d3540
0x401e31,0x257ba86e23c8
0x40182a,0x257ba86e1c40
0x401dc9,0xb207126e5128
0x401dc9,0xb207126e5308
0x401d8b,0x908653370fb8
0x401cfb,0xb207126e5738
0x401e31,0x26713c3c0188
0x401dc9,0xb207126e5a88
0x401d8b,0x9086533725f8
0x401e47,0x6c53703e23d0
0x401804,0x26713c3c10c8
0x40182a,0x26713c3c1180
0x401e31,0x26713c3c09a8
0x401dc9,0xb207126e7208
0x401dc9,0xb207126e72a8
0x401d8b,0x908653372eb8
0x401e31,0x26713c3c0d68
0x401ea1,0x6c53703d2ed0
0x401dc9,0xb207126e7a28
0x40185c,0x26713c3c1c40
0x401cfb,0xb207126e7c78
0x401da0,0x6c53703d6420
0x401e31,0x51a63c4e808
0x401e1b,0xb207126d9100
0x401d8b,0x908653374f98
0x401ed1,0x6c53703d6c00
0x401cfb,0x8ec426c698f8
0x401ed1,0x6c53703da4c0
0x40187e,0x8deda85c5100
0x401e31,0x51a63c50988
0x401804,0x8deda85c5328
0x401d8b,0x908653376c18
0x40182a,0x8deda85c5700
0x401804,0x8deda85c5aa8
0x401e31,0x8deda85c6388
0x401d8b,0x257ba86e2758
0x401ed1,0x6c53703de500
0x401dc9,0x49950aa51368
0x401ea1,0x6c53703debd0
0x401da0,0x6c53703ded60
0x401d8b,0x26713c3c08d8
0x401dc9,0x49950aa51e08
0x40185c,0xaff5007810c0
0x401e31,0xaff5007808c8
0x40187e,0xaff500781180
0x401da0,0x6c53703e2760
0x401dc9,0x49950aa531c8
0x401cfb,0x49950aa53558
0x401e47,0x6c53703f2ed0
0x401804,0xaff500781c68
0x401ea1,0x6c53703e6390
0x401dc9,0x49950aa53d08
0x401ed1,0x6c53703e6580
0x401e1b,0xb207126e10c0
0x40185c,0xaff500783100
0x401cfb,0x49950aa55138
0x401cfb,0x49950aa55278
0x401e31,0x635dff9ac1c8
0x401e1b,0xb207126e3100
0x401e31,0x635dff9acda8
0x401d8b,0x51a63c50f98
0x40185c,0x635dff9ad780
0x4017e0,0x8deda85c6588
0x40187e,0x635dff9adfc0
0x401da0,0x6c53703ee820
0x401cfb,0x49950aa59118
0x401e47,0x6c53703febd0
0x401d8b,0xaff5007801b8
0x401e89,0xaff500780988
0x401e47,0x6c53704023f0
0x401da0,0x6c53703f25e0
0x401dc9,0x49950aa59fa8
0x401804,0x635dff9b1368
0x401e89,0xaff500780d48
0x40182a,0x635dff9b1380
0x401da0,0x6c53703f2ea0
0x401d8b,0xaff5007823d8
0x40182a,0x635dff9b1c40
0x401e1b,0xb207126e7cc0
0x401e89,0xaff500782748
0x401804,0x635dff9b1e08
0x401ed1,0x6c53703f6400
0x401e47,0x6c5370406390
0x401dc9,0x49950aa5bf48
0x401804,0x635dff9b31c8
0x401da0,0x6c53703f6760
0x40187e,0x635dff9b3540
0x401ea1,0x6c53703f6c10
0x401e89,0x635dff9ac648
0x401804,0x635dff9b3d08
0x401dc9,0x49950aa5dc68
0x401ea1,0x6c53703fa4d0
0x401e31,0x635dff9b4728
0x40185c,0x635dff9b5100
0x40185c,0x635dff9b5240
0x401d8b,0x635dff9ae818
0x401ea1,0x6c53703fe510
0x401e31,0x635dff9b6768
0x401cfb,0x49950aa610d8
0x401dc9,0x49950aa611a8
0x401e1b,0x49950aa51380
0x401ed1,0x6c53703fed40
0x401e1b,0x49950aa51c40
0x401dc9,0x49950aa61c48
0x401d8b,0x635dff9b0998
0x40187e,0x635dff9b9100
0x401e31,0x635dff9b8988
0x401ed1,0x6c5370402740
0x401cfb,0x49950aa63118
0x401e89,0x635dff9b0f88
0x401e31,0x635dff9b8fc8
0x401e47,0x6c5370412ef0
0x401e89,0x635dff9b25c8
0x401e31,0x635dff9ba4c8
0x401804,0x635dff9b9fa8
0x401ea1,0x6c5370406590
0x401e89,0x635dff9b2e88
0x401cfb,0x49950aa65338
0x401d8b,0x635dff9b2ed8
0x401e47,0x6c5370416c10
0x401dc9,0x49950aa65728
0x401cfb,0x49950aa65ab8
0x40182a,0x635dff9bbd80
0x401e31,0x635dff9bc508
0x401804,0x635dff9bbf48
0x401e47,0x6c537041a4d0
0x401cfb,0x49950aa67238
0x401d8b,0x635dff9b4fb8
0x401d8b,0x635dff9b6418
0x401804,0x635dff9bdc68
0x401dc9,0x49950aa67c68
0x401cfb,0x49950aa67cd8
0x401e47,0x6c537041e510
0x401d8b,0x635dff9b6c38
0x401ed1,0x6c537040e800
0x401e31,0x635dff9bed68
0x401e47,0x6c537041ebf0
0x401dc9,0x49950aa698e8
0x40187e,0x635dff9c10c0
0x401ed1,0x6c53704125c0
0x401804,0x635dff9c11a8
0x401dc9,0x49950aa6b388
0x401dc9,0x49950aa6b568
0x401ed1,0x6c5370412e80
0x401804,0x635dff9c1c48
0x401e31,0x635dff9c23e8
0x401e1b,0x49950aa5bd80
0x401ea1,0x6c5370416410
0x401cfb,0x49950aa6bcb8
0x401e47,0x6c53704263b0
0x40187e,0x635dff9c3100
0x401e47,0x6c5370426590
0x401ed1,0x6c5370416740
0x401dc9,0x49950aa6d788
0x401e31,0x635dff9c47e8
0x40182a,0x635dff9c5100
0x40185c,0x635dff9c5300
0x401804,0x635dff9c5728
0x40185c,0x635dff9c5a80
0x401d8b,0x635dff9be518
0x401e47,0xa7d08ad011b0
0x401e31,0x635dff9c65a8
0x40185c,0x635dff9c7200
0x40182a,0x635dff9c7280
0x401d8b,0x635dff9bebf8
0x401cfb,0x49950aa71378
0x401dc9,0x49950aa713a8
0x401ea1,0x6c537041ed50
0x401d8b,0x635dff9c0198
0x401e47,0xa7d08ad01c50
0x40182a,0x635dff9c7a00
0x401804,0x635dff9c7c68
0x40187e,0x635dff9c7cc0
0x401dc9,0x49950aa71c68
0x401e89,0x635dff9c08c8
0x401da0,0x6c53704223e0
0x401e47,0xa7d08ad05330
0x401cfb,0x49950aa71e18
0x401d8b,0x635dff9c09b8
0x401ea1,0x6c5370422750
0x401e31,0x635dff9c8b88
0x401cfb,0x49950aa731d8
0x401d8b,0x635dff9c0d78
0x401e47,0xa7d08ad05ab0
0x401804,0x635dff9c98e8
0x401d8b,0x635dff9c2778
0x401cfb,0x49950aa73d18
0x401e1b,0x49950aa65100
0x401dc9,0x49950aa75108
0x401804,0x635dff9cb388
0x401dc9,0x49950aa75248
0x401804,0x635dff9cb568
0x40185c,0x635dff9cbc80
0x401e31,0x635dff9cc668
0x401e1b,0x49950aa67280
0x401804,0x635dff9cd788
0x401e1b,0x49950aa67a00
0x401d8b,0x635dff9c6398
0x401da0,0xa7d08ad010e0
0x401e47,0xa7d08ad11350
0x40182a,0x635dff9cdfc0
0x401da0,0xa7d08ad05120
0x401e47,0xa7d08ad15110
0x401e47,0xa7d08ad15250
0x401ea1,0xa7d08ad05710
0x401cfb,0x49950aa79fb8
0x40185c,0x635dff9d1340
0x401804,0x635dff9d13a8
0x401e31,0x635dff9d0fa8
0x401804,0x635dff9d1c68
0x401e31,0x635dff9d25e8
0x40187e,0x635dff9d1e00
0x401dc9,0x49950aa7bda8
0x40187e,0x635dff9d31c0
0x401cfb,0x49950aa7bf58
0x401da0,0xa7d08ad098e0
0x40182a,0x635dff9d3540
0x401e31,0x635dff9d2ea8
0x401d8b,0x635dff9cc1d8
0x401e47,0xa7d08ad19fb0
0x40187e,0x635dff9d3d00
0x401cfb,0x49950aa7dc78
0x401e1b,0x49950aa6dfc0
0x401804,0x635dff9d5108
0x401ea1,0xa7d08ad0d790
0x401804,0x635dff9d5248
0x40173b,0x635dff9ccdb8
0x401e31,0x635dff9d4f88
0x401ed1,0xa7d08ad0dfc0
0x401e89,0x635dff9ce808
0x401ed1,0xa7d08ad11380
0x401cfb,0x49950aa811b8
0x401e31,0x635dff9d6c08
0x401ed1,0xa7d08ad11c40
0x401ea1,0xa7d08ad11e10
0x401e47,0xa7d08ad21c70
0x401cfb,0x49950aa81c58
0x401e89,0x635dff9d0988
0x40182a,0x635dff9d9100
0x401e47,0xa7d08ad25710
0x401e1b,0x49950aa73540
0x401da0,0xa7d08ad19120
0x40185c,0x635dff9d9f80
0x401dc9,0x49950aa85128
0x401dc9,0x49950aa85308
0x401e89,0x635dff9d2ec8
0x401cfb,0x49950aa85738
0x401dc9,0x49950aa85a88
0x401804,0x635dff9dbda8
0x401d8b,0x635dff9d4738
0x40187e,0x635dff9dbf40
0x401e47,0xa7d08ad2d790
0x401dc9,0x49950aa87208
0x401dc9,0x49950aa872a8
0x401ea1,0xa7d08ad1dc50
0x401e89,0x635dff9d6408
0x401ed1,0xa7d08ad210c0
0x401dc9,0x49950aa87a28
0x40185c,0x635dff9ddc40
0x401da0,0xa7d08ad211a0
0x401d8b,0x635dff9d6778
0x401cfb,0x49950aa87c78
0x401e47,0xa7d08ad31370
0x401e1b,0x49950aa79100
0x401e31,0x635dff9debc8
0x401e47,0xa7d08ad31e10
0x401cfb,0x49950aa898f8
0x401ed1,0xa7d08ad25100
0x401e47,0xa7d08ad35130
0x401da0,0xa7d08ad25320
0x401e47,0xa7d08ad35270
0x401d8b,0x635dff9d8998
0x40182a,0x635dff9e10c0
0x401e31,0x635dff9e08e8
0x40185c,0x635dff9e1180
0x401e31,0x635dff9e0988
0x401e31,0x635dff9e0d48
0x401da0,0xa7d08ad25aa0
0x401cfb,0x49950aa8b398
0x401d8b,0x635dff9d8fd8
0x401cfb,0x49950aa8b578
0x401d8b,0x635dff9da4d8
0x40187e,0x635dff9e1c40
0x401dc9,0x49950aa8bc88
0x401e31,0x635dff9e2748
0x40182a,0x635dff9e3100
0x401ed1,0xa7d08ad298c0
0x401cfb,0x49950aa8d798
0x401d8b,0x635dff9dc518
0x401804,0x635dff9e5128
0x40176f,0x49950aa8dfe8
0x401804,0x635dff9e5308
0x40185c,0x635dff9e5700
0x401e47,0xa7d08ad3dc50
0x401ea1,0xa7d08ad2dfd0
0x401804,0x635dff9e5a88
0x401e89,0x635dff9de508
0x401ea1,0xa7d08ad31390
0x401e1b,0x49950aa810c0
0x401804,0x635dff9e7208
0x401804,0x635dff9e72a8
0x401d8b,0x635dff9ded78
0x401dc9,0x49950aa91348
0x401cfb,0x49950aa913b8
0x401ea1,0xa7d08ad31c50
0x401e89,0x635dff9e0188
0x401804,0x635dff9e7a28
0x40185c,0x635dff9e7c40
0x40182a,0x635dff9e7cc0
0x401cfb,0x49950aa91c78
0x401e1b,0x49950aa83100
0x401e47,0xa7d08ad45730
0x401dc9,0x49950aa93568
0x40185c,0x635dff9e98c0
0x401d8b,0x635dff9e23f8
0x401ed1,0xa7d08ad39100
0x401cfb,0x49950aa95118
0x40187e,0x635dff9eb380
0x401cfb,0x49950aa95258
0x40185c,0x635dff9eb540
0x401da0,0xa7d08ad39fa0
0x401804,0x635dff9ebc88
0x401d8b,0x635dff9e47f8
0x401e47,0xa7d08ad4d7b0
0x401e31,0x635dff9ecd88
0x40187e,0x635dff9ed780
0x401e89,0x635dff9e6388
0x401ea1,0xa7d08ad410d0
0x401e47,0xa7d08ad4dfd0
0x401d8b,0x635dff9e65b8
0x401ed1,0xa7d08ad41180
0x401e1b,0x49950aa87cc0
0x401804,0x635dff9edfe8
0x401e47,0xa7d08ad51390
0x401e31,0x635dff9ee828
0x401dc9,0x49950aa99128
0x401da0,0xa7d08ad41c60
0x401e47,0xa7d08ad51c50
0x401e47,0xa7d08ad51e30
0x401ea1,0xa7d08ad45110
0x401ed1,0xa7d08ad45300
0x401dc9,0x49950aa99f88
0x401e31,0x635dff9f09a8
0x401d8b,0x635dff9e8b98
0x401804,0x635dff9f1348
0x40185c,0x635dff9f1380
0x401ed1,0xa7d08ad45a80
0x401861,0x635dff9f1c48
0x40182a,0x635dff9f1e00
0x401cfb,0x49950aa9bdb8
0x40182a,0x635dff9f31c0
0x401ea1,0xa7d08ad498d0
0x401804,0x635dff9f3568
0x401e31,0x635dff9f2ee8
0x401e89,0x635dff9ec1c8
0x401d8b,0x635dff9ec678
0x401705,0x635dff9f3d00
0x40176f,0x49950aa9dc48
0x401e31,0x635dff9f4708
0x40187e,0x635dff9f5100
0x40187e,0x635dff9f5240
0x401e47,0xa7d08ad5dc70
0x401e31,0x635dff9f6428
0x401e47,0xa7d08ad610d0
0x401da0,0xa7d08ad51360
0x401e31,0x635dff9f6748
0x401dc9,0x49950aaa10e8
0x401dc9,0x49950aaa1188
0x401da0,0xa7d08ad55120
0x401e47,0xa7d08ad65110
0x401da0,0xa7d08ad55260
0x401e1b,0x49950aa91e00
0x401804,0x635dff9f9128
0x401e1b,0x49950aa931c0
0x401dc9,0x49950aaa3128
0x401d8b,0x635dff9f0fb8
0x401ea1,0xa7d08ad59110
0x401d8b,0x635dff9f25f8
0x401e1b,0x49950aa93d00
0x401804,0x635dff9f9f88
0x401cfb,0x49950aaa5138
0x401e47,0xa7d08ad698d0
0x401cfb,0x49950aaa5318
0x401d8b,0x635dff9f2eb8
0x401dc9,0x49950aaa5708
0x401ed1,0xa7d08ad59f80
0x40170a,0x49950aaa5a98
0x40185c,0x635dff9fbd80
0x40182a,0x635dff9fbf40
0x401cfb,0x49950aaa7218
0x401cfb,0x49950aaa72b8
0x401d8b,0x635dff9f4f98
0x401ea1,0xa7d08ad61190
0x401804,0x635dff9fdc48
0x401e47,0xa7d08ad6dff0
0x401cfb,0x49950aaa7a38
0x401e31,0x635dff9fe528
0x401dc9,0x49950aaa7c48
0x401dc9,0x49950aaa7ce8
0x401e47,0xa7d08ad713b0
0x401d8b,0x635dff9f6c18
0x401e31,0x635dff9fed48
0x401ed1,0xa7d08ad61c40
0x401e47,0xa7d08ad71c70
0x401e31,0x635dffa001a8
0x401dc9,0x49950aaa98c8
0x401ea1,0xa7d08ad65310
0x401e89,0x635dff9f8988
0x401804,0x635dffa010e8
0x401804,0x635dffa01188
0x401da0,0xa7d08ad65720
0x401ea1,0xa7d08ad65a90
0x401e89,0x635dff9f8fc8
0x401dc9,0x49950aaab548
0x401e89,0x635dff9fa4c8
0x401e31,0x635dffa023c8
0x40182a,0x635dffa01c40
0x401e47,0xa7d08ad79110
0x401cfb,0x49950aaabc98
0x401e1b,0x49950aa9bf40
0x401804,0x635dffa03128
0x4017e0,0x635dff9fc508
0x401e31,0x635dffa047c8
0x40185c,0x635dffa05100
0x401cfb,0x49950aaadff8
0x401da0,0xa7d08ad6d7a0
0x40187e,0x635dffa05300
0x401804,0x635dffa05708
0x40187e,0x635dffa05a80
0x401e31,0x635dffa063a8
0x401e31,0x635dffa06588
0x401e47,0xee30bb940190
0x401ed1,0xa7d08ad71340
0x40187e,0x635dffa07200
0x401d8b,0x635dff9febd8
0x40185c,0x635dffa07280
0x401dc9,0x49950aab1388
0x401cfb,0x49950aab1358
0x401e47,0xee30bb9409b0
0x401da0,0xa7d08ad71e20
0x401e47,0xee30bb940d70
0x40185c,0x635dffa07a00
0x401804,0x635dffa07c48
0x401ed1,0xa7d08ad75100
0x401e1b,0x49950aaa1c40
0x401804,0x635dffa07ce8
0x401ed1,0xa7d08ad75240
0x401dc9,0x49950aab1c48
0x401d8b,0x635dffa008f8
0x401dc9,0x49950aab1e28
0x401d8b,0x635dffa00998
0x401dc9,0x49950aab31e8
0x401d8b,0x635dffa00d58
0x401cfb,0x49950aab3578
0x401804,0x635dffa098c8
0x401d8b,0x635dffa02758
0x401dc9,0x49950aab3d28
0x40182a,0x635dffa0b380
0x401804,0x635dffa0b548
0x4017d0,0xa7d08ad79f90
0x4017a3,0x635dffa0c1e8
0x40187e,0x635dffa0bc80
0x401e31,0x635dffa0c648
0x401da0,0xa7d08ad7dc60
0x40182a,0x635dffa0d780
0x401e47,0xee30bb94cd90
0x40185c,0x635dffa0dfc0
0x401cfb,0x49950aab9138
0x401da0,0xee30bb9408e0
0x401e47,0xee30bb950fb0
0x401e89,0x635dffa08b88
0x401cfb,0x49950aab9f98
0x401da0,0xee30bb9447e0
0x401804,0x635dffa11388
0x401e1b,0x49950aaab380
0x40187e,0x635dffa11340
0x401e47,0xee30bb954730
0x401e31,0x635dffa10f88
0x401804,0x635dffa11c48
0x401804,0x635dffa11e28
0x401e31,0x635dffa125c8
0x401dc9,0x49950aabbd88
0x401dc9,0x49950aabbf68
0x401804,0x635dffa131e8
0x40185c,0x635dffa13540
0x401ea1,0xee30bb948b90
0x401e31,0x635dffa12e88
0x401e1b,0x49950aaad780
0x401ea1,0xee30bb94c1d0
0x401804,0x635dffa13d28
0x401cfb,0x49950aabdc58
0x401ed1,0xee30bb94c640
0x40182a,0x635dffa15100
0x401e47,0xee30bb95c530
0x40182a,0x635dffa15240
0x401d8b,0x635dffa0cd98
0x401e47,0xee30bb9601b0
0x401d8b,0x635dffa0e838
0x401cfb,0x49950aac10f8
0x401ea1,0xee30bb950990
0x401cfb,0x49950aac1198
0x401dc9,0x49950aac1c68
0x401d8b,0x635dffa109b8
0x40185c,0x635dffa19100
0x401e31,0x635dffa189a8
0x401cfb,0x49950aac3138
0x401e31,0x635dffa18fe8
0x401ed1,0xee30bb954f80
0x401e31,0x635dffa1a4e8
0x40187e,0x635dffa19f80
0x401e1b,0x49950aab5100
0x401e1b,0x49950aab5240
0x401dc9,0x49950aac5108
0x401ed1,0xee30bb958980
0x401d8b,0x635dffa12ef8
0x401e47,0xee30bb968b90
0x401cfb,0x49950aac5718
0x401ed1,0xee30bb958fc0
0x401e31,0x635dffa1c528
0x401804,0x635dffa1bd88
0x401d8b,0x635dffa14718
0x401e47,0xee30bb96c1d0
0x401804,0x635dffa1bf68
0x401dc9,0x49950aac7288
0x401e89,0x635dffa14f88
0x401e47,0xee30bb96cdb0
0x401d8b,0x635dffa16438
0x401dc9,0x49950aac7a08
0x40187e,0x635dffa1dc40
0x401d8b,0x635dffa16758
0x401cfb,0x49950aac7c58
0x401cfb,0x49950aac7cf8
0x401e89,0x635dffa16c08
0x401ed1,0xee30bb9608c0
0x401da0,0xee30bb9609a0
0x401e47,0xee30bb970990
0x401da0,0xee30bb960d60
0x401cfb,0x49950aac98d8
0x401e31,0x635dffa208c8
0x40185c,0x635dffa210c0
0x40187e,0x635dffa21180
0x401ed1,0xee30bb9647c0
0x401dc9,0x49950aacb3a8
0x401cfb,0x49950aacb558
0x401804,0x635dffa21c68
0x40185c,0x635dffa23100
0x401dc9,0x49950aacd7a8
0x401ea1,0xee30bb96c650
0x401804,0x635dffa25108
0x401dc9,0x49950aacdfc8
0x40182a,0x635dffa25300
0x40187e,0x635dffa25700
0x40182a,0x635dffa25a80
0x401d8b,0x635dffa1e538
0x401e89,0x635dffa1ebc8
0x40182a,0x635dffa27200
0x401804,0x635dffa27288
0x401d8b,0x635dffa1ed58
0x401cfb,0x255430226398
0x401dc9,0x2554302265a8
0x401d8b,0x635dffa201b8
0x401804,0x635dffa27a08
0x401da0,0xee30bb970fa0
0x40187e,0x635dffa27c40
0x40185c,0x635dffa27cc0
0x401e89,0x635dffa20988
0x401da0,0xee30bb974720
0x401e89,0x635dffa20d48
0x401e31,0x635dffa28ba8
0x40187e,0x635dffa298c0
0x401ea1,0xee30bb974f90
0x401d8b,0x635dffa223d8
0x401e89,0x635dffa22748
0x401dc9,0x944aa635bf48
0x401804,0x635dffa2b3a8
0x401e1b,0x49950aac5300
0x4017d0,0xee30bb978990
0x40187e,0x635dffa2b540
0x401e47,0xee30bb988bb0
0x401ea1,0xee30bb978fd0
0x401e1b,0x49950aac5a80
0x40182a,0x635dffa2bc80
0x401dc9,0x944aa635dc68
0x401e47,0xee30bb98c1f0
0x401d8b,0x635dffa247d8
0x401da0,0xee30bb97c520
0x401e1b,0x49950aac7200
0x401e47,0xee30bb98c650
0x401804,0x635dffa2d7a8
0x401d8b,0x635dffa263b8
0x401d8b,0x635dffa26598
0x401da0,0xee30bb9801a0
0x401804,0x635dffa2dfc8
0x401e31,0x635dffa2e808
0x401ea1,0xee30bb9808d0
0x401dc9,0x944aa63611a8
0x401cfb,0x944aa63610d8
0x401ed1,0xee30bb980980
0x401e47,0xee30bb9909b0
0x401ed1,0xee30bb980d40
0x401dc9,0x944aa6361c48
0x401e31,0x635dffa30988
0x401ea1,0xee30bb9847d0
0x401cfb,0x944aa6363118
0x40187e,0x635dffa31380
0x40182a,0x635dffa31340
0x401e47,0xee30bb994f90
0x40187e,0x635dffa31c40
0x401e1b,0x49950aacbc80
0x40185c,0x635dffa31e00
0x401736,0x635dffa331c0
0x401804,0x635dffa33548
0x40170a,0x944aa6365338
0x401796,0xee30bb998990
0x4017a3,0x635dffa32ec8
0x40176f,0x944aa6365728
0x40173b,0x635dffa2c1f8
0x401796,0xee30bb998fd0
0x401736,0x635dffa33d00
0x40170a,0x944aa6365ab8
0x40173b,0x635dffa2c658
0x401804,0x635dffa35128
0x401804,0x635dffa35268
0x4017e0,0x635dffa2cd88
0x40170a,0x944aa6367238
0x4017a3,0x635dffa34fa8
0x40172e,0xee30bb98cda0
0x4017a3,0x635dffa36408
0x40176f,0x944aa6367c68
0x40170a,0x944aa6367cd8
0x4017a3,0x635dffa36c28
0x401796,0xee30bb9a08d0
0x40176f,0x944aa63698e8
0x4017b0,0xee30bb990f80
0x401804,0x635dffa39108
0x4017b0,0xee30bb994700
0x40176f,0x944aa636b388
0x40173b,0x635dffa30f98
0x40176f,0x944aa636b568
0x40173b,0x635dffa325d8
0x401748,0x944aa635bd80
0x401705,0x635dffa39f80
0x40170a,0x944aa636bcb8
0x40173b,0x635dffa32e98
0x40176f,0x944aa636d788
0x4017e0,0x635dffa34708
0x40176a,0x635dffa3bd80
0x401736,0x635dffa3bf40
0x4017b0,0xee30bb99c500
0x401705,0x635dffa3dc40
0x4017b0,0xee30bb9a0180
0x4017a3,0x635dffa3e508
0x4017e0,0x635dffa36748
0x4017a3,0x635dffa3ebe8
0x4017d0,0xee30bb9a0990
0x40176f,0x944aa63713a8
0x40170a,0x944aa6371378
0x4017d0,0xee30bb9a0d50
0x401796,0xee30bb9a8bb0
0x4017a3,0x635dffa40188
0x40176f,0x944aa6371c68
0x40172e,0xee30bb9a23e0
0x401804,0x635dffa410c8
0x40173b,0x635dffa389b8
0x40170a,0x944aa6371e18
0x401705,0x635dffa41180
0x4017d0,0xee30bb9a2750
0x4017a3,0x635dffa409a8
0x40170a,0x944aa63731d8
0x4017a3,0x635dffa40d68
0x40173b,0x635dffa38ff8
0x40173b,0x635dffa3a4f8
0x401736,0x635dffa41c40
0x40170a,0x944aa6373d18
0x4017a3,0x635dffa42768
0x401804,0x635dffa43108
0x401e1b,0x944aa6365100
0x401da0,0xee30bb9a47e0
0x401dc9,0x944aa6375108
0x401dc9,0x944aa6375248
0x401d8b,0x635dffa3c538
0x401ed1,0xee30bb9a6380
0x401da0,0xee30bb9a65a0
0x40187e,0x635dffa45100
0x401e1b,0x944aa6367280
0x401804,0x635dffa45328
0x401e47,0xee30bb9ae810
0x40182a,0x635dffa45700
0x401e1b,0x944aa6367a00
0x401804,0x635dffa45aa8
0x401e31,0x635dffa46388
0x401804,0x635dffa47228
0x40187e,0x635dffa47280
0x401e89,0x635dffa3ed48
0x401e47,0xee30bb9b0990
0x40187e,0x635dffa47a00
0x401804,0x635dffa47cc8
0x40182a,0x635dffa47c40
0x401d8b,0x635dffa408d8
0x401cfb,0x944aa6379fb8
0x40182a,0x635dffa498c0
0x401e89,0x635dffa423c8
0x401e47,0xee30bb9b2ed0
0x401ed1,0xee30bb9ac1c0
0x401dc9,0x944aa637bda8
0x401da0,0xee30bb9ac660
0x401cfb,0x944aa637bf58
0x40185c,0x635dffa4b380
0x40182a,0x635dffa4b540
0x401ea1,0xee30bb9acd90
0x401e31,0x635dffa4c1c8
0x401e47,0xee30bb9b4fb0
0x401804,0x635dffa4bca8
0x401e89,0x635dffa447c8
0x401cfb,0x944aa637dc78
0x401e1b,0x944aa636dfc0
0x401e47,0xee30bb9b6410
0x401e31,0x635dffa4cda8
0x40185c,0x635dffa4d780
0x401e47,0xee30bb9b6c30
0x401e89,0x635dffa46588
0x40187e,0x635dffa4dfc0
0x401cfb,0x944aa63811b8
0x401da0,0xee30bb9b0fa0
0x401cfb,0x944aa6381c58
0x401da0,0xee30bb9b25e0
0x401d8b,0x635dffa48bb8
0x401804,0x635dffa51368
0x40182a,0x635dffa51380
0x401e1b,0x944aa6373540
0x401da0,0xee30bb9b2ea0
0x40182a,0x635dffa51c40
0x401804,0x635dffa51e08
0x401ea1,0xee30bb9b4710
0x401804,0x635dffa531c8
0x401dc9,0x944aa6385128
0x401dc9,0x944aa6385308
0x40187e,0x635dffa53540
0x401cfb,0x944aa6385738
0x401dc9,0x944aa6385a88
0x401e89,0x635dffa4c648
0x401804,0x635dffa53d08
0x401e31,0x635dffa54728
0x40185c,0x635dffa55100
0x401e47,0xee30bb9be510
0x401ea1,0xee30bb9b6750
0x40185c,0x635dffa55240
0x401dc9,0x944aa6387208
0x401dc9,0x944aa63872a8
0x401e47,0xee30bb9bebf0
0x401dc9,0x944aa6387a28
0x401e47,0xee30bb9c0190
0x401cfb,0x944aa6387c78
0x401d8b,0x635dffa4e818
0x401e31,0x635dffa56768
0x401e1b,0x944aa6379100
0x401ed1,0xee30bb9b8980
0x401e47,0xee30bb9c09b0
0x401e47,0xee30bb9c0d70
0x401ed1,0xee30bb9b8fc0
0x401cfb,0x944aa63898f8
0x401ed1,0xee30bb9ba4c0
0x401d8b,0x635dffa50998
0x40187e,0x635dffa59100
0x401e47,0x5829a6eba4f0
0x401e31,0x635dffa58988
0x401e89,0x635dffa50f88
0x401cfb,0x944aa638b398
0x401cfb,0x944aa638b578
0x401e31,0x635dffa58fc8
0x401e89,0x635dffa525c8
0x401e31,0x635dffa5a4c8
0x401dc9,0x944aa638bc88
0x401804,0x635dffa59fa8
0x401ed1,0xee30bb9bc500
0x401e89,0x635dffa52e88
0x401d8b,0x635dffa52ed8
0x401cfb,0x944aa638d798
0x40182a,0x635dffa5bd80
0x401e31,0x635dffa5c508
0x401804,0x635dffa5bf48
0x401dc9,0x944aa638dfe8
0x401d8b,0x635dffa54fb8
0x401ea1,0xee30bb9bed50
0x401d8b,0x635dffa56418
0x401804,0x635dffa5dc68
0x401e1b,0x944aa63810c0
0x401d8b,0x635dffa56c38
0x401da0,0xee30bb9c08e0
0x401dc9,0x944aa6391348
0x401e47,0x71d5f3e008d0
0x401e31,0x635dffa5ed68
0x401cfb,0x944aa63913b8
0x401cfb,0x944aa6391c78
0x40187e,0x635dffa610c0
0x401e1b,0x944aa6383100
0x401804,0x635dffa611a8
0x401dc9,0x944aa6393568
0x401804,0x635dffa61c48
0x401e31,0x635dffa623e8
0x40187e,0x635dffa63100
0x401da0,0x412e73cae820
0x401cfb,0x944aa6395118
0x401cfb,0x944aa6395258
0x401e31,0x635dffa647e8
0x40182a,0x635dffa65100
0x40185c,0x635dffa65300
0x401da0,0x412e73cb09a0
0x401804,0x635dffa65728
0x401ea1,0x412e73cb0f90
0x40185c,0x635dffa65a80
0x401d8b,0x635dffa5e518
0x401ed1,0x71d5f3e00180
0x401e1b,0x944aa6387cc0
0x401e31,0x635dffa665a8
0x40185c,0x635dffa67200
0x401d8b,0x635dffa5ebf8
0x401dc9,0x944aa6399128
0x40182a,0x635dffa67280
0x401ea1,0x71d5f3e00990
0x401ea1,0x71d5f3e00d50
0x401e47,0x71d5f3e08bb0
0x401d8b,0x635dffa60198
0x40182a,0x635dffa67a00
0x401804,0x635dffa67c68
0x40187e,0x635dffa67cc0
0x401e89,0x635dffa608c8
0x401da0,0x71d5f3e023e0
0x401d8b,0x635dffa609b8
0x401dc9,0x944aa6399f88
0x401ea1,0x71d5f3e02750
0x401e31,0x635dffa68b88
0x401d8b,0x635dffa60d78
0x401804,0x635dffa698e8
0x401d8b,0x635dffa62778
0x401cfb,0x944aa639bdb8
0x401da0,0x71d5f3e047e0
0x401804,0x635dffa6b388
0x401804,0x635dffa6b568
0x40185c,0x635dffa6bc80
0x401dc9,0x944aa639dc48
0x401ed1,0x71d5f3e06380
0x401e31,0x635dffa6c668
0x401da0,0x71d5f3e065a0
0x401e47,0x71d5f3e0e810
0x401804,0x635dffa6d788
0x401d8b,0x635dffa66398
0x40182a,0x635dffa6dfc0
0x401dc9,0x944aa63a10e8
0x401dc9,0x944aa63a1188
0x401e47,0x71d5f3e10990
0x401e1b,0x944aa6391e00
0x401e1b,0x944aa63931c0
0x401dc9,0x944aa63a3128
0x401804,0x635dffa713a8
0x40185c,0x635dffa71340
0x401e31,0x635dffa70fa8
0x401e47,0x71d5f3e12ed0
0x401804,0x635dffa71c68
0x401e1b,0x944aa6393d00
0x401ed1,0x71d5f3e0c1c0
0x40187e,0x635dffa71e00
0x401e31,0x635dffa725e8
0x401da0,0x71d5f3e0c660
0x40187e,0x635dffa731c0
0x401cfb,0x944aa63a5138
0x40182a,0x635dffa73540
0x401cfb,0x944aa63a5318
0x401e31,0x635dffa72ea8
0x401ea1,0x71d5f3e0cd90
0x401d8b,0x635dffa6c1d8
0x401dc9,0x944aa63a5708
0x401e47,0x71d5f3e14fb0
0x401cfb,0x944aa63a5a98
0x40187e,0x635dffa73d00
0x401e47,0x71d5f3e16410
0x401804,0x635dffa75108
0x401804,0x635dffa75248
0x401d8b,0x635dffa6cdb8
0x401cfb,0x944aa63a7218
0x401cfb,0x944aa63a72b8
0x401e31,0x635dffa74f88
0x401e47,0x71d5f3e16c30
0x401cfb,0x944aa63a7a38
0x401e89,0x635dffa6e808
0x401dc9,0x944aa63a7ce8
0x401dc9,0x944aa63a7c48
0x401e31,0x635dffa76c08
0x401dc9,0x944aa63a98c8
0x401da0,0x71d5f3e10fa0
0x401e89,0x635dffa70988
0x401da0,0x71d5f3e125e0
0x40182a,0x635dffa79100
0x401dc9,0x944aa63ab548
0x401da0,0x71d5f3e12ea0
0x401e1b,0x944aa639bf40
0x401cfb,0x944aa63abc98
0x40185c,0x635dffa79f80
0x401ea1,0x71d5f3e14710
0x401e89,0x635dffa72ec8
0x401804,0x635dffa7bda8
0x401d8b,0x635dffa74738
0x40187e,0x635dffa7bf40
0x401ea1,0x71d5f3e16750
0x401e47,0x71d5f3e1e510
0x401cfb,0x944aa63adff8
0x401e47,0x71d5f3e1ebf0
0x401e89,0x635dffa76408
0x40185c,0x635dffa7dc40
0x401e47,0x71d5f3e20190
0x401d8b,0x635dffa76778
0x401e31,0x635dffa7ebc8
0x401ed1,0x71d5f3e18980
0x401dc9,0x944aa63b1388
0x401cfb,0x944aa63b1358
0x401e47,0x71d5f3e209b0
0x401e47,0x71d5f3e20d70
0x401ed1,0x71d5f3e18fc0
0x401e1b,0x944aa63a1c40
0x401dc9,0x944aa63b1c48
0x401dc9,0x944aa63b1e28
0x401ed1,0x71d5f3e1a4c0
0x401d8b,0x635dffa78998
0x401e31,0x635dffa808e8
0x40182a,0x635dffa810c0
0x401e31,0x635dffa80988
0x40185c,0x635dffa81180
0x401796,0x71d5f3e22770
0x40176f,0x944aa63b31e8
0x401e31,0x635dffa80d48
0x401d8b,0x635dffa78fd8
0x401cfb,0x944aa63b3578
0x401d8b,0x635dffa7a4d8
0x40187e,0x635dffa81c40
0x401dc9,0x944aa63b3d28
0x401e31,0x635dffa82748
0x401ed1,0x71d5f3e1c500
0x40182a,0x635dffa83100
0x401d8b,0x635dffa7c518
0x401e47,0x71d5f3e26390
0x401804,0x635dffa85128
0x401804,0x635dffa85308
0x40185c,0x635dffa85700
0x401ea1,0x71d5f3e1ed50
0x401804,0x635dffa85a88
0x401e89,0x635dffa7e508
0x401804,0x635dffa87208
0x401804,0x635dffa872a8
0x401cfb,0x944aa63b9138
0x401da0,0x71d5f3e208e0
0x401d8b,0x635dffa7ed78
0x401e89,0x635dffa80188
0x401804,0x635dffa87a28
0x401861,0x635dffa87c48
0x40182a,0x635dffa87cc0
0x401ea1,0x71d5f3e223d0
0x40170a,0x944aa63b9f98
0x401e1b,0x944aa63ab380
0x40185c,0x635dffa898c0
0x401d8b,0x635dffa823f8
0x401e47,0x71d5f3e2c1d0
0x401dc9,0x944aa63bbd88
0x401dc9,0x944aa63bbf68
0x401ea1,0x71d5f3e247d0
0x40187e,0x635dffa8b380
0x401861,0x635dffa8b548
0x401e1b,0x944aa63ad780
0x401e47,0x71d5f3e2cdb0
0x401804,0x635dffa8bc88
0x401d8b,0x635dffa847f8
0x401cfb,0x944aa63bdc58
0x401ea1,0x71d5f3e26590
0x401e31,0x635dffa8cd88
0x40187e,0x635dffa8d780
0x401e89,0x635dffa86388
0x401d8b,0x635dffa865b8
0x401804,0x635dffa8dfe8
0x401e31,0x635dffa8e828
0x401cfb,0x944aa63c10f8
0x401cfb,0x944aa63c1198
0x401ed1,0x71d5f3e28b80
0x401dc9,0x944aa63c1c68
0x401e31,0x635dffa909a8
0x401d8b,0x635dffa88b98
0x401804,0x635dffa91348
0x401cfb,0x944aa63c3138
0x40185c,0x635dffa91380
0x40185c,0x635dffa91c40
0x40182a,0x635dffa91e00
0x401ea1,0x71d5f3e2c650
0x401e1b,0x944aa63b5100
0x40182a,0x635dffa931c0
0x401e1b,0x944aa63b5240
0x401dc9,0x944aa63c5108
0x401e47,0x71d5f3e34730
0x401804,0x635dffa93568
0x401e31,0x635dffa92ee8
0x401e89,0x635dffa8c1c8
0x401cfb,0x944aa63c5718
0x40182a,0x635dffa93d00
0x401d8b,0x635dffa8c678
0x401e31,0x635dffa94708
0x40187e,0x635dffa95100
0x40187e,0x635dffa95240
0x401da0,0x71d5f3e2e820
0x401e47,0x71d5f3e36770
0x401dc9,0x944aa63c7288
0x401dc9,0x944aa63c7a08
0x401e31,0x635dffa96428
0x401cfb,0x944aa63c7c58
0x401cfb,0x944aa63c7cf8
0x401e31,0x635dffa96748
0x401da0,0x71d5f3e309a0
0x401e47,0x71d5f3e38990
0x401ea1,0x71d5f3e30f90
0x401cfb,0x944aa63c98d8
0x401e47,0x71d5f3e38fd0
0x401ea1,0x71d5f3e325d0
0x401804,0x635dffa99128
0x401e47,0x71d5f3e3a4d0
0x401dc9,0x944aa63cb3a8
0x401d8b,0x635dffa90fb8
0x401cfb,0x944aa63cb558
0x401ea1,0x71d5f3e32e90
0x401da0,0x71d5f3e32ee0
0x401d8b,0x635dffa925f8
0x401804,0x635dffa99f88
0x401e47,0x71d5f3e3c510
0x401d8b,0x635dffa92eb8
0x401dc9,0x944aa63cd7a8
0x401ed1,0x71d5f3e34f80
0x40185c,0x635dffa9bd80
0x401da0,0x71d5f3e36420
0x40182a,0x635dffa9bf40
0x401dc9,0x944aa63cdfc8
0x401d8b,0x635dffa94f98
0x401ed1,0x71d5f3e36c00
0x401e47,0x71d5f3e3ed70
0x401804,0x635dffa9dc48
0x401e31,0x635dffa9e528
0x401d8b,0x635dffa96c18
0x401e31,0x635dffa9ed48
0x401cfb,0x944aa63d1398
0x401e31,0x635dffaa01a8
0x401cfb,0x944aa63d1c58
0x401e89,0x635dffa98988
0x401e47,0x71d5f3e423f0
0x401cfb,0x944aa63d1e38
0x401804,0x635dffaa10e8
0x401804,0x635dffaa1188
0x401cfb,0x944aa63d31f8
0x401e89,0x635dffa98fc8
0x401dc9,0x944aa63d3548
0x401e89,0x635dffa9a4c8
0x401e31,0x635dffaa23c8
0x40182a,0x635dffaa1c40
0x401cfb,0x944aa63d3d38
0x401804,0x635dffaa3128
0x401dc9,0x944aa63d5128
0x401e1b,0x944aa63c5300
0x401dc9,0x944aa63d5268
0x401e47,0x71d5f3e447f0
0x401e1b,0x944aa63c5a80
0x401e89,0x635dffa9c508
0x401e31,0x635dffaa47c8
0x401da0,0x71d5f3e3e520
0x40185c,0x635dffaa5100
0x401e1b,0x944aa63c7200
0x401e47,0x71d5f3e465b0
0x40187e,0x635dffaa5300
0x401804,0x635dffaa5708
0x401ed1,0x71d5f3e3ebc0
0x40187e,0x635dffaa5a80
0x401e31,0x635dffaa63a8
0x401da0,0x71d5f3e401a0
0x401e31,0x635dffaa6588
0x40187e,0x635dffaa7200
0x40185c,0x635dffaa7280
0x401ea1,0x71d5f3e408d0
0x401d8b,0x635dffa9ebd8
0x401dc9,0x944aa63d9108
0x401ed1,0x71d5f3e40980
0x401e47,0x71d5f3e48b90
0x401ed1,0x71d5f3e40d40
0x40185c,0x635dffaa7a00
0x401804,0x635dffaa7c48
0x401804,0x635dffaa7ce8
0x401d8b,0x635dffaa08f8
0x401d8b,0x635dffaa0998
0x401ed1,0x71d5f3e42740
0x401d8b,0x635dffaa0d58
0x401cfb,0x908653176438
0x401804,0x635dffaa98c8
0x401cfb,0x908653176758
0x401e1b,0x944aa63cbc80
0x401d8b,0x635dffaa2758
0x401e47,0x71d5f3e4c670
0x40182a,0x635dffaab380
0x401804,0x635dffaab548
0x401e31,0x635dffaac1e8
0x401dc9,0x9086531789a8
0x40187e,0x635dffaabc80
0x401e31,0x635dffaac648
0x401da0,0x71d5f3e463a0
0x401dc9,0x908653178fe8
0x401dc9,0x90865317a4e8
0x40182a,0x635dffaad780
0x40185c,0x635dffaadfc0
0x401e1b,0x944aa63d1340
0x401dc9,0x90865317c528
0x401e47,0x71d5f3e50fb0
0x401e89,0x635dffaa8b88
0x401e47,0x71d5f3e525f0
0x401804,0x635dffab1388
0x40187e,0x635dffab1340
0x401cfb,0x90865317e538
0x401e31,0x635dffab0f88
0x401e47,0x71d5f3e52eb0
0x401804,0x635dffab1c48
0x401da0,0x71d5f3e4c1e0
0x401804,0x635dffab1e28
0x401e31,0x635dffab25c8
0x401cfb,0x90865317ed58
0x401804,0x635dffab31e8
0x401cfb,0x9086531801b8
0x40185c,0x635dffab3540
0x401e31,0x635dffab2e88
0x401ed1,0x71d5f3e4cd80
0x401dc9,0x9086531808c8
0x401e47,0x71d5f3e54f90
0x401804,0x635dffab3d28
0x40182a,0x635dffab5100
0x40182a,0x635dffab5240
0x401ea1,0x71d5f3e4e810
0x401d8b,0x635dffaacd98
0x401cfb,0x9086531823d8
0x401e47,0x71d5f3e56c10
0x401d8b,0x635dffaae838
0x401ea1,0x71d5f3e50990
0x401cfb,0x9086531847d8
0x401e1b,0x944aa63d9f80
0x401d8b,0x635dffab09b8
0x40185c,0x635dffab9100
0x401e31,0x635dffab89a8
0x401cfb,0x9086531863b8
0x401cfb,0x908653186598
0x401e31,0x635dffab8fe8
0x401ea1,0x71d5f3e52ed0
0x401e1b,0x908653176c00
0x401e31,0x635dffaba4e8
0x40187e,0x635dffab9f80
0x401ed1,0x71d5f3e54700
0x401d8b,0x635dffab2ef8
0x401804,0x635dffabbd88
0x401e31,0x635dffabc528
0x401dc9,0x908653188ba8
0x401d8b,0x635dffab4718
0x401ea1,0x71d5f3e56410
0x401804,0x635dffabbf68
0x401ed1,0x71d5f3e56740
0x401e89,0x635dffab4f88
0x401e47,0x71d5f3e5ebd0
0x401d8b,0x635dffab6438
0x40187e,0x635dffabdc40
0x401d8b,0x635dffab6758
0x401e89,0x635dffab6c08
0x401cfb,0x90865318c1f8
0x401da0,0x71d5f3e589a0
0x401e47,0x71d5f3e608f0
0x401e47,0x71d5f3e60990
0x401cfb,0x90865318c658
0x401e47,0x71d5f3e60d50
0x401da0,0x71d5f3e58fe0
0x401da0,0x71d5f3e5a4e0
0x40185c,0x635dffac10c0
0x401e31,0x635dffac08c8
0x40187e,0x635dffac1180
0x401e47,0x71d5f3e62750
0x401dc9,0x90865318e808
0x401e1b,0x90865317ebc0
0x401804,0x635dffac1c68
0x401da0,0x71d5f3e5c520
0x40185c,0x635dffac3100
0x401e1b,0x908653180980
0x401dc9,0x908653190988
0x401e1b,0x908653180d40
0x401ea1,0x71d5f3e5e510
0x401804,0x635dffac5108
0x401cfb,0x908653190f98
0x40182a,0x635dffac5300
0x40187e,0x635dffac5700
0x401e1b,0x908653182740
0x401cfb,0x9086531925d8
0x401ed1,0x71d5f3e5ed40
0x40182a,0x635dffac5a80
0x401ea1,0x71d5f3e60190
0x401d8b,0x635dffabe538
0x401dc9,0x908653192ec8
0x401cfb,0x908653192e98
0x401e89,0x635dffabebc8
0x401804,0x635dffac7288
0x40182a,0x635dffac7200
0x401d8b,0x635dffabed58
0x401d8b,0x635dffac01b8
0x401804,0x635dffac7a08
0x40187e,0x635dffac7c40
0x40185c,0x635dffac7cc0
0x401ed1,0x71d5f3e623c0
0x401e89,0x635dffac0988
0x401dc9,0x908653194fa8
0x401e89,0x635dffac0d48
0x401e31,0x635dffac8ba8
0x401dc9,0x908653196408
0x40187e,0x635dffac98c0
0x401d8b,0x635dffac23d8
0x401e89,0x635dffac2748
0x401dc9,0x908653196c28
0x401ed1,0x71d5f3e647c0
0x401804,0x635dffacb3a8
0x40187e,0x635dffacb540
0x401e47,0x71d5f3e6cd90
0x401cfb,0x9086531989b8
0x40182a,0x635dffacbc80
0x401ea1,0x71d5f3e66390
0x401d8b,0x635dffac47d8
0x401ed1,0x71d5f3e66580
0x401cfb,0x908653198ff8
0x401e47,0x71d5f3e6e830
0x401cfb,0x90865319a4f8
0x401804,0x635dffacd7a8
0x401d8b,0x635dffac63b8
0x401d8b,0x635dffac6598
0x401804,0x635dffacdfc8
0x401e31,0x635dfface808
0x401e47,0x71d5f3e709b0
0x401da0,0x71d5f3e68ba0
0x401cfb,0x90865319c538
0x401e1b,0x90865318cd80
0x401e31,0x635dffad0988
0x40182a,0x635dffad1340
0x40187e,0x635dffad1380
0x401dc9,0x90865319e508
0x401e47,0x71d5f3e72ef0
0x401ea1,0x71d5f3e6c1d0
0x40187e,0x635dffad1c40
0x401dc9,0x90865319ebe8
0x40185c,0x635dffad1e00
0x401ed1,0x71d5f3e6c640
0x40185c,0x635dffad31c0
0x401dc9,0x9086531a0188
0x401e47,0x71d5f3e74710
0x401804,0x635dffad3548
0x401e31,0x635dffad2ec8
0x401d8b,0x635dffacc1f8
0x401cfb,0x9086531a08d8
0x401dc9,0x9086531a09a8
0x40185c,0x635dffad3d00
0x401d8b,0x635dffacc658
0x401dc9,0x9086531a0d68
0x401e47,0x71d5f3e76430
0x401804,0x635dffad5128
0x401804,0x635dffad5268
0x401e47,0x71d5f3e76750
0x401e89,0x635dffaccd88
0x401e31,0x635dffad4fa8
0x401dc9,0x9086531a2768
0x401e31,0x635dffad6408
0x401e31,0x635dffad6c28
0x401e1b,0x908653194700
0x401ed1,0x71d5f3e70f80
0x401804,0x635dffad9108
0x401ed1,0x71d5f3e725c0
0x401dc9,0x9086531a6388
0x401d8b,0x635dffad0f98
0x401e1b,0x908653196740
0x401ed1,0x71d5f3e72e80
0x401d8b,0x635dffad25d8
0x40182a,0x635dffad9f80
0x401d8b,0x635dffad2e98
0x401da0,0x71d5f3e74fa0
0x401e89,0x635dffad4708
0x40187e,0x635dffadbd80
0x401cfb,0x9086531a8bb8
0x40185c,0x635dffadbf40
0x401e47,0x71d5f3e7e530
0x401da0,0x71d5f3e76c20
0x401e47,0x71d5f3e7ed50
0x40182a,0x635dffaddc40
0x401e89,0x635dffad6748
0x401e31,0x635dffade508
0x401e47,0x71d5f3e801b0
0x401dc9,0x9086531ac1c8
0x401ea1,0x71d5f3e78990
0x401e31,0x635dffadebe8
0x401e31,0x635dffae0188
0x401ea1,0x71d5f3e78fd0
0x401ea1,0x71d5f3e7a4d0
0x401dc9,0x9086531acda8
0x401d8b,0x635dffad89b8
0x401e47,0x71d5f3e823d0
0x401804,0x635dffae10c8
0x401e31,0x635dffae09a8
0x40182a,0x635dffae1180
0x401e31,0x635dffae0d68
0x401d8b,0x635dffad8ff8
0x401cfb,0x9086531ae818
0x401d8b,0x635dffada4f8
0x40185c,0x635dffae1c40
0x401e1b,0x90865319ed40
0x401ea1,0x71d5f3e7c510
0x401e31,0x635dffae2768
0x401804,0x635dffae3108
0x401e47,0x71d5f3e847d0
0x401d8b,0x635dffadc538
0x401cfb,0x9086531b0998
0x401e47,0x71d5f3e863b0
0x40187e,0x635dffae5100
0x401e47,0x71d5f3e86590
0x401804,0x635dffae5328
0x401e1b,0x9086531a23c0
0x401da0,0x71d5f3e7ebe0
0x40182a,0x635dffae5700
0x401804,0x635dffae5aa8
0x401e31,0x635dffae6388
0x401cfb,0x9086531b2ed8
0x401804,0x635dffae7228
0x40187e,0x635dffae7280
0x401e89,0x635dffaded48
0x401ed1,0x71d5f3e808c0
0x401da0,0x71d5f3e809a0
0x401e1b,0x9086531a47c0
0x401da0,0x71d5f3e80d60
0x401dc9,0x9086531b4728
0x40187e,0x635dffae7a00
0x401804,0x635dffae7cc8
0x40182a,0x635dffae7c40
0x401d8b,0x635dffae08d8
0x401cfb,0x9086531b4fb8
0x401da0,0x71d5f3e82760
0x401e1b,0x9086531a6580
0x401cfb,0x9086531b6418
0x401dc9,0x9086531b6768
0x40182a,0x635dffae98c0
0x401e89,0x635dffae23c8
0x401e47,0x71d5f3e8c1f0
0x401cfb,0x9086531b6c38
0x401e47,0x71d5f3e8c650
0x40185c,0x635dffaeb380
0x40182a,0x635dffaeb540
0x401e31,0x635dffaec1c8
0x401dc9,0x9086531b8988
0x401804,0x635dffaebca8
0x401e89,0x635dffae47c8
0x401dc9,0x9086531b8fc8
0x401e31,0x635dffaecda8
0x401dc9,0x9086531ba4c8
0x40185c,0x635dffaed780
0x401e89,0x635dffae6588
0x40187e,0x635dffaedfc0
0x401ea1,0x71d5f3e88b90
0x401e1b,0x9086531ac640
0x401dc9,0x9086531bc508
0x401e47,0x71d5f3e90f90
0x401e47,0x71d5f3e925d0
0x401d8b,0x635dffae8bb8
0x401804,0x635dffaf1368
0x40182a,0x635dffaf1380
0x401cfb,0x9086531be518
0x401e47,0x71d5f3e92e90
0x40182a,0x635dffaf1c40
0x401804,0x635dffaf1e08
0x401cfb,0x9086531bebf8
0x401dc9,0x9086531bed68
0x401804,0x635dffaf31c8
0x401cfb,0x9086531c0198
0x40187e,0x635dffaf3540
0x401da0,0x71d5f3e8cda0
0x401cfb,0x9086531c09b8
0x401804,0x635dffaf3d08
0x401e89,0x635dffaec648
0x401e1b,0x9086531b0f80
0x401cfb,0x9086531c0d78
0x401e31,0x635dffaf4728
0x40185c,0x635dffaf5100
0x40185c,0x635dffaf5240
0x401ed1,0x71d5f3e8e800
0x401dc9,0x9086531c23e8
0x401e1b,0x9086531b25c0
0x401cfb,0x9086531c2778
0x401d8b,0x635dffaee818
0x401e1b,0x9086531b2e80
0x401e31,0x635dffaf6768
0x401ed1,0x71d5f3e90980
0x401e47,0x71d5f3e989b0
0x401dc9,0x9086531c47e8
0x401e47,0x71d5f3e98ff0
0x401d8b,0x635dffaf0998
0x40187e,0x635dffaf9100
0x401e47,0x71d5f3e9a4f0
0x401e31,0x635dffaf8988
0x401e89,0x635dffaf0f88
0x401cfb,0x9086531c6398
0x401dc9,0x9086531c65a8
0x401e31,0x635dffaf8fc8
0x401ed1,0x71d5f3e92ec0
0x401e89,0x635dffaf25c8
0x401e31,0x635dffafa4c8
0x401804,0x635dffaf9fa8
0x401e47,0x71d5f3e9c530
0x401da0,0x71d5f3e94720
0x401e89,0x635dffaf2e88
0x401d8b,0x635dffaf2ed8
0x401ea1,0x71d5f3e94f90
0x401dc9,0x9086531c8b88
0x401e31,0x635dffafc508
0x40182a,0x635dffafbd80
0x401804,0x635dffafbf48
0x401ed1,0x71d5f3e96400
0x401da0,0x71d5f3e96760
0x401ea1,0x71d5f3e96c10
0x401d8b,0x635dffaf4fb8
0x401804,0x635dffafdc68
0x40173b,0x635dffaf6418
0x401d8b,0x635dffaf6c38
0x401cfb,0x9086531cc1d8
0x401e47,0x71d5f3ea08d0
0x401e31,0x635dffafed68
0x401dc9,0x9086531cc668
0x401cfb,0x9086531ccdb8
0x40187e,0x635dffb010c0
0x401804,0x635dffb011a8
0x401804,0x635dffb01c48
0x401e31,0x635dffb023e8
0x40187e,0x635dffb03100
0x401e1b,0x9086531c08c0
0x401e31,0x635dffb047e8
0x401ed1,0x71d5f3e9e500
0x401dc9,0x9086531d0fa8
0x40182a,0x635dffb05100
0x40185c,0x635dffb05300
0x401ea1,0x71d5f3e9ebd0
0x401804,0x635dffb05728
0x401dc9,0x9086531d25e8
0x401da0,0x71d5f3e9ed60
0x40185c,0x635dffb05a80
0x401d8b,0x635dffafe518
0x401ed1,0x71d5f3ea0180
0x401e31,0x635dffb065a8
0x401dc9,0x9086531d2ea8
0x40185c,0x635dffb07200
0x40182a,0x635dffb07280
0x401d8b,0x635dffafebf8
0x401ea1,0x71d5f3ea0990
0x401ea1,0x71d5f3ea0d50
0x401e47,0x71d5f3ea8bb0
0x401d8b,0x635dffb00198
0x401cfb,0x9086531d4738
0x40182a,0x635dffb07a00
0x401804,0x635dffb07c68
0x40187e,0x635dffb07cc0
0x401e89,0x635dffb008c8
0x401da0,0x71d5f3ea23e0
0x401d8b,0x635dffb009b8
0x401dc9,0x9086531d4f88
0x401ea1,0x71d5f3ea2750
0x401e31,0x635dffb08b88
0x401d8b,0x635dffb00d78
0x401804,0x635dffb098e8
0x401cfb,0x9086531d6778
0x401dc9,0x9086531d6c08
0x401d8b,0x635dffb02778
0x401da0,0x71d5f3ea47e0
0x401804,0x635dffb0b388
0x401804,0x635dffb0b568
0x401cfb,0x9086531d8998
0x401861,0x635dffb0bc88
0x401e31,0x635dffb0c668
0x401ed1,0x71d5f3ea6380
0x401da0,0x71d5f3ea65a0
0x401cfb,0x9086531d8fd8
0x401e47,0x71d5f3eae810
0x401804,0x635dffb0d788
0x401cfb,0x9086531da4d8
0x401d8b,0x635dffb06398
0x40182a,0x635dffb0dfc0
0x401e47,0x71d5f3eb0990
0x401cfb,0x9086531dc518
0x401804,0x635dffb113a8
0x40185c,0x635dffb11340
0x401e31,0x635dffb10fa8
0x401e1b,0x9086531ce800
0x401e47,0x71d5f3eb2ed0
0x401804,0x635dffb11c68
0x401ed1,0x71d5f3eac1c0
0x401dc9,0x9086531debc8
0x401e31,0x635dffb125e8
0x40187e,0x635dffb11e00
0x401cfb,0x9086531ded78
0x401da0,0x71d5f3eac660
0x40187e,0x635dffb131c0
0x40182a,0x635dffb13540
0x401e31,0x635dffb12ea8
0x401ea1,0x71d5f3eacd90
0x401d8b,0x635dffb0c1d8
0x401e1b,0x9086531d0980
0x401dc9,0x9086531e08e8
0x401dc9,0x9086531e0988
0x401e47,0x71d5f3eb4fb0
0x40187e,0x635dffb13d00
0x401dc9,0x9086531e0d48
0x401e47,0x71d5f3eb6410
0x401804,0x635dffb15108
0x401804,0x635dffb15248
0x401d8b,0x635dffb0cdb8
0x40170a,0x9086531e23f8
0x401e31,0x635dffb14f88
0x401e47,0x71d5f3eb6c30
0x401dc9,0x9086531e2748
0x401e89,0x635dffb0e808
0x401e1b,0x9086531d2ec0
0x401e31,0x635dffb16c08
0x401da0,0x71d5f3eb0fa0
0x401cfb,0x9086531e47f8
0x401e89,0x635dffb10988
0x401da0,0x71d5f3eb25e0
0x40182a,0x635dffb19100
0x401e1b,0x9086531d6400
0x401cfb,0x9086531e65b8
0x401da0,0x71d5f3eb2ea0
0x40185c,0x635dffb19f80
0x401ea1,0x71d5f3eb4710
0x401e89,0x635dffb12ec8
0x401804,0x635dffb1bda8
0x401d8b,0x635dffb14738
0x401cfb,0x9086531e8b98
0x40187e,0x635dffb1bf40
0x401ea1,0x71d5f3eb6750
0x401e47,0x71d5f3ebe510
0x401e47,0x71d5f3ebebf0
0x401e89,0x635dffb16408
0x40185c,0x635dffb1dc40
0x401e47,0x71d5f3ec0190
0x401d8b,0x635dffb16778
0x401e31,0x635dffb1ebc8
0x401ed1,0x71d5f3eb8980
0x401e47,0x71d5f3ec09b0
0x401cfb,0x9086531ec678
0x401e47,0x71d5f3ec0d70
0x401ed1,0x71d5f3eb8fc0
0x401dc9,0x9086531ecd88
0x401ed1,0x71d5f3eba4c0
0x401d8b,0x635dffb18998
0x401e31,0x635dffb208e8
0x40182a,0x635dffb210c0
0x401e31,0x635dffb20988
0x40185c,0x635dffb21180
0x401e47,0x71d5f3ec2770
0x401e1b,0x9086531de500
0x401e31,0x635dffb20d48
0x401d8b,0x635dffb18fd8
0x401dc9,0x9086531ee828
0x401d8b,0x635dffb1a4d8
0x40187e,0x635dffb21c40
0x401e31,0x635dffb22748
0x401ed1,0x71d5f3ebc500
0x40182a,0x635dffb23100
0x401e1b,0x9086531e0180
0x401dc9,0x9086531f09a8
0x401d8b,0x635dffb1c518
0x401e47,0x71d5f3ec6390
0x401804,0x635dffb25128
0x401cfb,0x9086531f0fb8
0x401804,0x635dffb25308
0x40185c,0x635dffb25700
0x401ea1,0x71d5f3ebed50
0x401cfb,0x9086531f25f8
0x401804,0x635dffb25a88
0x401e89,0x635dffb1e508
0x401dc9,0x9086531f2ee8
0x401cfb,0x9086531f2eb8
0x401804,0x635dffb27208
0x401804,0x635dffb272a8
0x401da0,0x71d5f3ec08e0
0x401d8b,0x635dffb1ed78
0x401e89,0x635dffb20188
0x401dc9,0x9086531f4708
0x401804,0x635dffb27a28
0x40185c,0x635dffb27c40
0x40182a,0x635dffb27cc0
0x401ea1,0x71d5f3ec23d0
0x401cfb,0x9086531f4f98
0x401e1b,0x9086531e6380
0x401dc9,0x9086531f6428
0x40185c,0x635dffb298c0
0x401dc9,0x9086531f6748
0x401d8b,0x635dffb223f8
0x401e47,0x71d5f3ecc1d0
0x401cfb,0x9086531f6c18
0x401ea1,0x71d5f3ec47d0
0x40187e,0x635dffb2b380
0x40185c,0x635dffb2b540
0x401e47,0x71d5f3eccdb0
0x401804,0x635dffb2bc88
0x401d8b,0x635dffb247f8
0x401ea1,0x71d5f3ec6590
0x401e31,0x635dffb2cd88
0x40187e,0x635dffb2d780
0x401e89,0x635dffb26388
0x401d8b,0x635dffb265b8
0x401804,0x635dffb2dfe8
0x401e31,0x635dffb2e828
0x401e1b,0x9086531ec1c0
0x401ed1,0x71d5f3ec8b80
0x401e31,0x635dffb309a8
0x401d8b,0x635dffb28b98
0x401804,0x635dffb31348
0x40185c,0x635dffb31380
0x401dc9,0x9086531fe528
0x40185c,0x635dffb31c40
0x40182a,0x635dffb31e00
0x401cfb,0x9086531febd8
0x401dc9,0x9086531fed48
0x401ea1,0x71d5f3ecc650
0x40182a,0x635dffb331c0
0x401dc9,0x9086532001a8
0x401e47,0x71d5f3ed4730
0x401804,0x635dffb33568
0x401e31,0x635dffb32ee8
0x401e89,0x635dffb2c1c8
0x401cfb,0x9086532008f8
0x401cfb,0x908653200998
0x40182a,0x635dffb33d00
0x401d8b,0x635dffb2c678
0x401e31,0x635dffb34708
0x401cfb,0x908653200d58
0x40187e,0x635dffb35100
0x40187e,0x635dffb35240
0x401da0,0x71d5f3ece820
0x401e47,0x71d5f3ed6770
0x401dc9,0x9086532023c8
0x401cfb,0x908653202758
0x401e31,0x635dffb36428
0x401e31,0x635dffb36748
0x401da0,0x71d5f3ed09a0
0x401e47,0x71d5f3ed8990
0x401dc9,0x9086532047c8
0x401ea1,0x71d5f3ed0f90
0x401e47,0x71d5f3ed8fd0
0x401ea1,0x71d5f3ed25d0
0x401804,0x635dffb39128
0x401e47,0x71d5f3eda4d0
0x401dc9,0x9086532063a8
0x401d8b,0x635dffb30fb8
0x401dc9,0x908653206588
0x401ea1,0x71d5f3ed2e90
0x401da0,0x71d5f3ed2ee0
0x401d8b,0x635dffb325f8
0x401804,0x635dffb39f88
0x401e47,0x71d5f3edc510
0x401d8b,0x635dffb32eb8
0x401e1b,0x9086531f8980
0x401ed1,0x71d5f3ed4f80
0x40185c,0x635dffb3bd80
0x40172e,0x71d5f3ed6420
0x40182a,0x635dffb3bf40
0x401748,0x9086531f8fc0
0x401e1b,0x9086531fa4c0
0x401d8b,0x635dffb34f98
0x401ed1,0x71d5f3ed6c00
0x401e47,0x71d5f3eded70
0x401804,0x635dffb3dc48
0x401e31,0x635dffb3e528
0x401d8b,0x635dffb36c18
0x401dc9,0x90865320c1e8
0x401e1b,0x9086531fc500
0x401e31,0x635dffb3ed48
0x401dc9,0x90865320c648
0x401e31,0x635dffb401a8
0x401e89,0x635dffb38988
0x401cfb,0x90865320cd98
0x401e47,0x71d5f3ee23f0
0x401804,0x635dffb410e8
0x401804,0x635dffb41188
0x401e89,0x635dffb38fc8
0x401cfb,0x90865320e838
0x401e89,0x635dffb3a4c8
0x401e31,0x635dffb423c8
0x40182a,0x635dffb41c40
0x401804,0x635dffb43128
0x401e47,0x71d5f3ee47f0
0x401e89,0x635dffb3c508
0x401cfb,0x9086532109b8
0x401e31,0x635dffb447c8
0x401da0,0x71d5f3ede520
0x40185c,0x635dffb45100
0x401dc9,0x908653210f88
0x401e47,0x71d5f3ee65b0
0x40187e,0x635dffb45300
0x401804,0x635dffb45708
0x401ed1,0x71d5f3edebc0
0x401dc9,0x9086532125c8
0x40187e,0x635dffb45a80
0x401e31,0x635dffb463a8
0x401da0,0x71d5f3ee01a0
0x401e31,0x635dffb46588
0x401dc9,0x908653212e88
0x401cfb,0x908653212ef8
0x40187e,0x635dffb47200
0x40185c,0x635dffb47280
0x401d8b,0x635dffb3ebd8
0x401ea1,0x71d5f3ee08d0
0x401ed1,0x71d5f3ee0980
0x401e47,0x71d5f3ee8b90
0x401ed1,0x71d5f3ee0d40
0x401cfb,0x908653214718
0x40185c,0x635dffb47a00
0x401804,0x635dffb47c48
0x401804,0x635dffb47ce8
0x401d8b,0x635dffb408f8
0x401d8b,0x635dffb40998
0x401ed1,0x71d5f3ee2740
0x401d8b,0x635dffb40d58
0x401cfb,0x908653216438
0x401804,0x635dffb498c8
0x401cfb,0x908653216758
0x401d8b,0x635dffb42758
0x401e47,0x71d5f3eec670
0x40182a,0x635dffb4b380
0x401804,0x635dffb4b548
0x401e31,0x635dffb4c1e8
0x401e1b,0x908653208b80
0x40187e,0x635dffb4bc80
0x401dc9,0x9086532189a8
0x401da0,0x71d5f3ee63a0
0x401e31,0x635dffb4c648
0x401dc9,0x908653218fe8
0x401dc9,0x90865321a4e8
0x40182a,0x635dffb4d780
0x40185c,0x635dffb4dfc0
0x401dc9,0x90865321c528
0x401e47,0x71d5f3ef0fb0
0x401e89,0x635dffb48b88
0x401e47,0x71d5f3ef25f0
0x401804,0x635dffb51388
0x40187e,0x635dffb51340
0x401cfb,0x90865321e538
0x401e31,0x635dffb50f88
0x401e47,0x71d5f3ef2eb0
0x401804,0x635dffb51c48
0x401da0,0x71d5f3eec1e0
0x401804,0x635dffb51e28
0x401e31,0x635dffb525c8
0x401cfb,0x90865321ed58
0x401804,0x635dffb531e8
0x401cfb,0x9086532201b8
0x40185c,0x635dffb53540
0x401e31,0x635dffb52e88
0x401ed1,0x71d5f3eecd80
0x40176f,0x9086532208c8
0x401e47,0x71d5f3ef4f90
0x401804,0x635dffb53d28
0x40182a,0x635dffb55100
0x401ea1,0x71d5f3eee810
0x40182a,0x635dffb55240
0x401d8b,0x635dffb4cd98
0x401cfb,0x9086532223d8
0x401e47,0x71d5f3ef6c10
0x401d8b,0x635dffb4e838
0x401ea1,0x71d5f3ef0990
0x401cfb,0x9086532247d8
0x401e1b,0x908653214f80
0x401d8b,0x635dffb509b8
0x40185c,0x635dffb59100
0x401e31,0x635dffb589a8
0x401cfb,0x9086532263b8
0x401cfb,0x908653226598
0x401ea1,0x71d5f3ef2ed0
0x401e31,0x635dffb58fe8
0x401e1b,0x908653216c00
0x401e31,0x635dffb5a4e8
0x40187e,0x635dffb59f80
0x401ed1,0x71d5f3ef4700
0x401d8b,0x635dffb52ef8
0x401804,0x635dffb5bd88
0x401e31,0x635dffb5c528
0x401dc9,0x908653228ba8
0x401d8b,0x635dffb54718
0x401ea1,0x71d5f3ef6410
0x401804,0x635dffb5bf68
0x401ed1,0x71d5f3ef6740
0x401e89,0x635dffb54f88
0x401e47,0x71d5f3efebd0
0x401d8b,0x635dffb56438
0x40187e,0x635dffb5dc40
0x401d8b,0x635dffb56758
0x401e89,0x635dffb56c08
0x401da0,0x71d5f3ef89a0
0x401cfb,0x90865322c1f8
0x401e47,0x71d5f3f008f0
0x401e47,0x71d5f3f00990
0x401cfb,0x90865322c658
0x401e47,0x71d5f3f00d50
0x401da0,0x71d5f3ef8fe0
0x401da0,0x71d5f3efa4e0
0x40185c,0x635dffb610c0
0x401e31,0x635dffb608c8
0x40187e,0x635dffb61180
0x401e47,0x71d5f3f02750
0x401dc9,0x90865322e808
0x401804,0x635dffb61c68
0x401e1b,0x90865321ebc0
0x401da0,0x71d5f3efc520
0x40185c,0x635dffb63100
0x401e1b,0x908653220980
0x401dc9,0x908653230988
0x401e1b,0x908653220d40
0x401ea1,0x71d5f3efe510
0x401804,0x635dffb65108
0x401cfb,0x908653230f98
0x40182a,0x635dffb65300
0x40187e,0x635dffb65700
0x401e1b,0x908653222740
0x401ed1,0x71d5f3efed40
0x401cfb,0x9086532325d8
0x40182a,0x635dffb65a80
0x401ea1,0x71d5f3f00190
0x401d8b,0x635dffb5e538
0x401dc9,0x908653232ec8
0x401cfb,0x908653232e98
0x401e89,0x635dffb5ebc8
0x40182a,0x635dffb67200
0x401804,0x635dffb67288
0x401d8b,0x635dffb5ed58
0x401d8b,0x635dffb601b8
0x401804,0x635dffb67a08
0x40187e,0x635dffb67c40
0x40185c,0x635dffb67cc0
0x401ed1,0x71d5f3f023c0
0x401e89,0x635dffb60988
0x401dc9,0x908653234fa8
0x401e89,0x635dffb60d48
0x401e31,0x635dffb68ba8
0x401dc9,0x908653236408
0x40187e,0x635dffb698c0
0x401d8b,0x635dffb623d8
0x401e89,0x635dffb62748
0x401dc9,0x908653236c28
0x401ed1,0x71d5f3f047c0
0x401804,0x635dffb6b3a8
0x40176a,0x635dffb6b540
0x401e47,0x71d5f3f0cd90
0x401cfb,0x9086532389b8
0x40182a,0x635dffb6bc80
0x401ea1,0x71d5f3f06390
0x401d8b,0x635dffb647d8
0x401ed1,0x71d5f3f06580
0x401cfb,0x908653238ff8
0x401e47,0x71d5f3f0e830
0x401cfb,0x90865323a4f8
0x401804,0x635dffb6d7a8
0x401d8b,0x635dffb663b8
0x401d8b,0x635dffb66598
0x401804,0x635dffb6dfc8
0x401e31,0x635dffb6e808
0x401e47,0x71d5f3f109b0
0x401da0,0x71d5f3f08ba0
0x401cfb,0x90865323c538
0x401e1b,0x90865322cd80
0x401e31,0x635dffb70988
0x40187e,0x635dffb71380
0x40182a,0x635dffb71340
0x401dc9,0x90865323e508
0x401e47,0x71d5f3f12ef0
0x401ea1,0x71d5f3f0c1d0
0x40187e,0x635dffb71c40
0x401dc9,0x90865323ebe8
0x40185c,0x635dffb71e00
0x401ed1,0x71d5f3f0c640
0x40185c,0x635dffb731c0
0x401dc9,0x908653240188
0x401e47,0x71d5f3f14710
0x401804,0x635dffb73548
0x401e31,0x635dffb72ec8
0x401d8b,0x635dffb6c1f8
0x401cfb,0x9086532408d8
0x401dc9,0x9086532409a8
0x401d8b,0x635dffb6c658
0x40185c,0x635dffb73d00
0x401dc9,0x908653240d68
0x401e47,0x71d5f3f16430
0x401804,0x635dffb75128
0x401804,0x635dffb75268
0x401e89,0x635dffb6cd88
0x401e47,0x71d5f3f16750
0x401e31,0x635dffb74fa8
0x401dc9,0x908653242768
0x401e31,0x635dffb76408
0x401e31,0x635dffb76c28
0x401e1b,0x908653234700
0x401ed1,0x71d5f3f10f80
0x401804,0x635dffb79108
0x401ed1,0x71d5f3f125c0
0x401dc9,0x908653246388
0x401d8b,0x635dffb70f98
0x401e1b,0x908653236740
0x401ed1,0x71d5f3f12e80
0x401d8b,0x635dffb725d8
0x40182a,0x635dffb79f80
0x401d8b,0x635dffb72e98
0x401da0,0x71d5f3f14fa0
0x401e89,0x635dffb74708
0x40187e,0x635dffb7bd80
0x401cfb,0x908653248bb8
0x40185c,0x635dffb7bf40
0x401e47,0x71d5f3f1e530
0x401da0,0x71d5f3f16c20
0x401e47,0x71d5f3f1ed50
0x40182a,0x635dffb7dc40
0x401e89,0x635dffb76748
0x401e31,0x635dffb7e508
0x401e47,0x71d5f3f201b0
0x401dc9,0x90865324c1c8
0x401ea1,0x71d5f3f18990
0x401e31,0x635dffb7ebe8
0x401e31,0x635dffb80188
0x401ea1,0x71d5f3f18fd0
0x401ea1,0x71d5f3f1a4d0
0x401dc9,0x90865324cda8
0x401804,0x635dffb810c8
0x401e47,0x71d5f3f223d0
0x401d8b,0x635dffb789b8
0x40182a,0x635dffb81180
0x401e31,0x635dffb809a8
0x401e31,0x635dffb80d68
0x401d8b,0x635dffb78ff8
0x401cfb,0x90865324e818
0x401d8b,0x635dffb7a4f8
0x40185c,0x635dffb81c40
0x401e1b,0x90865323ed40
0x401ea1,0x71d5f3f1c510
0x401e31,0x635dffb82768
0x401804,0x635dffb83108
0x401e47,0x71d5f3f247d0
0x401d8b,0x635dffb7c538
0x401cfb,0x908653250998
0x401e47,0x71d5f3f263b0
0x40187e,0x635dffb85100
0x401e47,0x71d5f3f26590
0x401804,0x635dffb85328
0x401e1b,0x9086532423c0
0x401da0,0x71d5f3f1ebe0
0x40182a,0x635dffb85700
0x401804,0x635dffb85aa8
0x401e31,0x635dffb86388
0x401cfb,0x908653252ed8
0x401804,0x635dffb87228
0x40187e,0x635dffb87280
0x401e89,0x635dffb7ed48
0x401ed1,0x71d5f3f208c0
0x401da0,0x71d5f3f209a0
0x401e1b,0x9086532447c0
0x401da0,0x71d5f3f20d60
0x401dc9,0x908653254728
0x40187e,0x635dffb87a00
0x40182a,0x635dffb87c40
0x401804,0x635dffb87cc8
0x401d8b,0x635dffb808d8
0x401cfb,0x908653254fb8
0x401da0,0x71d5f3f22760
0x401e1b,0x908653246580
0x401cfb,0x908653256418
0x401dc9,0x908653256768
0x40182a,0x635dffb898c0
0x401e89,0x635dffb823c8
0x401e47,0x71d5f3f2c1f0
0x401cfb,0x908653256c38
0x401e47,0x71d5f3f2c650
0x40185c,0x635dffb8b380
0x40182a,0x635dffb8b540
0x401e31,0x635dffb8c1c8
0x401dc9,0x908653258988
0x401804,0x635dffb8bca8
0x401e89,0x635dffb847c8
0x401dc9,0x908653258fc8
0x401e31,0x635dffb8cda8
0x401dc9,0x90865325a4c8
0x40185c,0x635dffb8d780
0x401e89,0x635dffb86588
0x40187e,0x635dffb8dfc0
0x401ea1,0x71d5f3f28b90
0x401e1b,0x90865324c640
0x401dc9,0x90865325c508
0x401e47,0x71d5f3f30f90
0x401e47,0x71d5f3f325d0
0x401d8b,0x635dffb88bb8
0x401804,0x635dffb91368
0x40182a,0x635dffb91380
0x401cfb,0x90865325e518
0x401e47,0x71d5f3f32e90
0x40182a,0x635dffb91c40
0x401804,0x635dffb91e08
0x40170a,0x90865325ebf8
0x40176f,0x90865325ed68
0x401804,0x635dffb931c8
0x401cfb,0x908653260198
0x40187e,0x635dffb93540
0x401da0,0x71d5f3f2cda0
0x401cfb,0x9086532609b8
0x401e89,0x635dffb8c648
0x401804,0x635dffb93d08
0x401e31,0x635dffb94728
0x401e1b,0x908653250f80
0x401cfb,0x908653260d78
0x40185c,0x635dffb95100
0x401861,0x635dffb95248
0x401ed1,0x71d5f3f2e800
0x401dc9,0x9086532623e8
0x401e1b,0x9086532525c0
0x401cfb,0x908653262778
0x401e1b,0x908653252e80
0x401d8b,0x635dffb8e818
0x401e31,0x635dffb96768
0x401ed1,0x71d5f3f30980
0x401e47,0x71d5f3f389b0
0x401dc9,0x9086532647e8
0x401e47,0x71d5f3f38ff0
0x401d8b,0x635dffb90998
0x40187e,0x635dffb99100
0x401e47,0x71d5f3f3a4f0
0x401e31,0x635dffb98988
0x401e89,0x635dffb90f88
0x401cfb,0x908653266398
0x401dc9,0x9086532665a8
0x401e31,0x635dffb98fc8
0x401ed1,0x71d5f3f32ec0
0x401e89,0x635dffb925c8
0x4017a3,0x635dffb9a4c8
0x401804,0x635dffb99fa8
0x401e47,0x71d5f3f3c530
0x401da0,0x71d5f3f34720
0x401e89,0x635dffb92e88
0x401d8b,0x635dffb92ed8
0x401ea1,0x71d5f3f34f90
0x401dc9,0x908653268b88
0x40182a,0x635dffb9bd80
0x401e31,0x635dffb9c508
0x401804,0x635dffb9bf48
0x401ed1,0x71d5f3f36400
0x401da0,0x71d5f3f36760
0x401ea1,0x71d5f3f36c10
0x401d8b,0x635dffb94fb8
0x401d8b,0x635dffb96418
0x401804,0x635dffb9dc68
0x401d8b,0x635dffb96c38
0x401cfb,0x90865326c1d8
0x401e47,0x71d5f3f408d0
0x401e31,0x635dffb9ed68
0x401dc9,0x90865326c668
0x401cfb,0x90865326cdb8
0x40187e,0x635dffba10c0
0x401804,0x635dffba11a8
0x401804,0x635dffba1c48
0x4017a3,0x635dffba23e8
0x40187e,0x635dffba3100
0x401e1b,0x9086532608c0
0x401e31,0x635dffba47e8
0x401ed1,0x71d5f3f3e500
0x40182a,0x635dffba5100
0x401dc9,0x908653270fa8
0x40185c,0x635dffba5300
0x401ea1,0x71d5f3f3ebd0
0x401804,0x635dffba5728
0x401dc9,0x9086532725e8
0x401da0,0x71d5f3f3ed60
0x40185c,0x635dffba5a80
0x401d8b,0x635dffb9e518
0x401ed1,0x71d5f3f40180
0x401e31,0x635dffba65a8
0x401dc9,0x908653272ea8
0x40185c,0x635dffba7200
0x40182a,0x635dffba7280
0x401d8b,0x635dffb9ebf8
0x401ea1,0x71d5f3f40990
0x401ea1,0x71d5f3f40d50
0x401e47,0x71d5f3f48bb0
0x401d8b,0x635dffba0198
0x401cfb,0x908653274738
0x40182a,0x635dffba7a00
0x401804,0x635dffba7c68
0x40187e,0x635dffba7cc0
0x401da0,0x71d5f3f423e0
0x401e89,0x635dffba08c8
0x401d8b,0x635dffba09b8
0x401dc9,0x908653274f88
0x401ea1,0x71d5f3f42750
0x401e31,0x635dffba8b88
0x401d8b,0x635dffba0d78
0x401804,0x635dffba98e8
0x40170a,0x908653276778
0x401dc9,0x908653276c08
0x401d8b,0x635dffba2778
0x401da0,0x71d5f3f447e0
0x401804,0x635dffbab388
0x401804,0x635dffbab568
0x401cfb,0x908653278998
0x40185c,0x635dffbabc80
0x401e31,0x635dffbac668
0x401ed1,0x71d5f3f46380
0x401da0,0x71d5f3f465a0
0x401cfb,0x908653278fd8
0x401e47,0x71d5f3f4e810
0x401cfb,0x90865327a4d8
0x401e31,0xedc51a8e01a8
0x401d8b,0x635dffba6398
0x401804,0xedc51a8e10e8
0x401804,0xedc51a8e1188
0x401e47,0x71d5f3f50990
0x401cfb,0x90865327c518
0x40182a,0xedc51a8e1c40
0x401e1b,0x90865326e800
0x40185c,0x2e06f8c38980
0x401e47,0x71d5f3f52ed0
0x401ed1,0x71d5f3f4c1c0
0x401dc9,0x90865327ebc8
0x401cfb,0x90865327ed78
0x40185c,0x2e06f8c38fc0
0x401da0,0x71d5f3f4c660
0x401861,0x2e06f8c3a4c8
0x401ea1,0x71d5f3f4cd90
0x401d8b,0x635dffbac1d8
0x401e1b,0x908653270980
0x401dc9,0x9086532808e8
0x401dc9,0x908653280988
0x401e47,0x71d5f3f54fb0
0x401dc9,0x908653280d48
0x401e47,0x71d5f3f56410
0x401d8b,0x635dffbacdb8
0x40185c,0x2e06f8c3c500
0x401cfb,0x9086532823f8
0x401e31,0x2e06f8c3bda8
0x401e47,0x71d5f3f56c30
0x401dc9,0x908653282748
0x401e1b,0x908653272ec0
0x401d8b,0xedc51a8e08f8
0x401d8b,0xedc51a8e0998
0x401d8b,0xedc51a8e0d58
0x401804,0x2e06f8c3e508
0x401da0,0x71d5f3f50fa0
0x401cfb,0x9086532847f8
0x401804,0x2e06f8c3ebe8
0x40182a,0x2e06f8c3ed40
0x401da0,0x71d5f3f525e0
0x401804,0x2e06f8c40188
0x401e1b,0x908653276400
0x4017e0,0x2e06f8c39108
0x401cfb,0x9086532865b8
0x40187e,0x2e06f8c408c0
0x401da0,0x71d5f3f52ea0
0x401804,0x2e06f8c409a8
0x401804,0x2e06f8c40d68
0x401ea1,0x71d5f3f54710
0x40182a,0x2e06f8c423c0
0x401d8b,0x2e06f8c39fb8
0x401804,0x2e06f8c42768
0x401cfb,0x908653288b98
0x401ea1,0x71d5f3f56750
0x401e47,0x71d5f3f5e510
0x401d8b,0x2e06f8c3bf58
0x40182a,0x2e06f8c447c0
0x401e47,0x71d5f3f5ebf0
0x401e31,0x2e06f8c45128
0x401e31,0x2e06f8c45308
0x401e47,0x71d5f3f60190
0x401e31,0x2e06f8c45a88
0x401d8b,0x2e06f8c3dc78
0x401804,0x2e06f8c46388
0x401ed1,0x71d5f3f58980
0x40182a,0x2e06f8c46580
0x401e47,0x71d5f3f609b0
0x401cfb,0x90865328c678
0x401e47,0x71d5f3f60d70
0x401e31,0x2e06f8c47208
0x401e31,0x2e06f8c472a8
0x401ed1,0x71d5f3f58fc0
0x401dc9,0x90865328cd88
0x401ed1,0x71d5f3f5a4c0
0x401e31,0x2e06f8c47a28
0x401e47,0x71d5f3f62770
0x401e1b,0x90865327e500
0x401e89,0x2e06f8c410c8
0x401d8b,0x2e06f8c411b8
0x401804,0x309dcdc498c8
0x401dc9,0x90865328e828
0x401ed1,0x71d5f3f5c500
0x401e1b,0x908653280180
0x401d8b,0x2e06f8c41c58
0x40182a,0x309dcdc4b380
0x401804,0x309dcdc4b548
0x401e89,0x2e06f8c43108
0x401e31,0x309dcdc4c1e8
0x401dc9,0x9086532909a8
0x40187e,0x309dcdc4bc80
0x401e31,0x309dcdc4c648
0x401e47,0x71d5f3f66390
0x401cfb,0x908653290fb8
0x401ea1,0x71d5f3f5ed50
0x40182a,0x309dcdc4d780
0x401cfb,0x9086532925f8
0x401d8b,0x2e06f8c45738
0x40185c,0x309dcdc4dfc0
0x401dc9,0x908653292ee8
0x401cfb,0x908653292eb8
0x401da0,0x71d5f3f608e0
0x401dc9,0x908653294708
0x401ea1,0x71d5f3f623d0
0x401e89,0x2e06f8c47cc8
0x401cfb,0x908653294f98
0x401804,0x309dcdc51388
0x401d8b,0x2e06f8c47c78
0x40176a,0x309dcdc51340
0x401e1b,0x908653286380
0x401dc9,0x908653296428
0x401e31,0x309dcdc50f88
0x401dc9,0x908653296748
0x401804,0x309dcdc51c48
0x401804,0x309dcdc51e28
0x401e31,0x309dcdc525c8
0x401cfb,0x908653296c18
0x401e47,0x71d5f3f6c1d0
0x401804,0x309dcdc531e8
0x401ea1,0x71d5f3f647d0
0x40185c,0x309dcdc53540
0x401e31,0x309dcdc52e88
0x401e47,0x71d5f3f6cdb0
0x401804,0x309dcdc53d28
0x401ea1,0x71d5f3f66590
0x40182a,0x309dcdc55100
0x40182a,0x309dcdc55240
0x401d8b,0x309dcdc4cd98
0x401d8b,0x309dcdc4e838
0x401e1b,0x90865328c1c0
0x401ed1,0x71d5f3f68b80
0x401d8b,0x309dcdc509b8
0x40185c,0x309dcdc59100
0x401e31,0x309dcdc589a8
0x401dc9,0x90865329e528
0x401e31,0x309dcdc58fe8
0x401e31,0x309dcdc5a4e8
0x401cfb,0x90865329ebd8
0x401dc9,0x90865329ed48
0x40187e,0x309dcdc59f80
0x401ea1,0x71d5f3f6c650
0x401e47,0x71d5f3f74730
0x401dc9,0x9086532a01a8
0x401d8b,0x309dcdc52ef8
0x401cfb,0x9086532a08f8
0x401cfb,0x9086532a0998
0x401e31,0x309dcdc5c528
0x401804,0x309dcdc5bd88
0x401d8b,0x309dcdc54718
0x401804,0x309dcdc5bf68
0x401cfb,0x9086532a0d58
0x401da0,0x71d5f3f6e820
0x401e47,0x71d5f3f76770
0x401dc9,0x9086532a23c8
0x401e89,0x309dcdc54f88
0x401cfb,0x9086532a2758
0x401d8b,0x309dcdc56438
0x40187e,0x309dcdc5dc40
0x401d8b,0x309dcdc56758
0x401e89,0x309dcdc56c08
0x401da0,0x71d5f3f709a0
0x401e47,0x71d5f3f78990
0x401dc9,0x9086532a47c8
0x401ea1,0x71d5f3f70f90
0x401e47,0x71d5f3f78fd0
0x401ea1,0x71d5f3f725d0
0x401736,0x309dcdc610c0
0x40187e,0x309dcdc61180
0x401796,0x71d5f3f7a4d0
0x4017a3,0x309dcdc608c8
0x401dc9,0x9086532a63a8
0x401dc9,0x9086532a6588
0x401ea1,0x71d5f3f72e90
0x401da0,0x71d5f3f72ee0
0x401804,0x309dcdc61c68
0x40185c,0x309dcdc63100
0x401e47,0x71d5f3f7c510
0x401e1b,0x908653298980
0x401ed1,0x71d5f3f74f80
0x401da0,0x71d5f3f76420
0x401e1b,0x908653298fc0
0x401804,0x309dcdc65108
0x40182a,0x309dcdc65300
0x401e1b,0x90865329a4c0
0x40187e,0x309dcdc65700
0x401ed1,0x71d5f3f76c00
0x401e47,0x71d5f3f7ed70
0x40182a,0x309dcdc65a80
0x401d8b,0x309dcdc5e538
0x401e89,0x309dcdc5ebc8
0x40182a,0x309dcdc67200
0x401804,0x309dcdc67288
0x401dc9,0x9086532ac1e8
0x401d8b,0x309dcdc5ed58
0x401e1b,0x90865329c500
0x401dc9,0x9086532ac648
0x401d8b,0x309dcdc601b8
0x401804,0x309dcdc67a08
0x40187e,0x309dcdc67c40
0x40185c,0x309dcdc67cc0
0x4017e0,0x309dcdc60988
0x401796,0x71d5f3f823f0
0x40170a,0x9086532acd98
0x401e89,0x309dcdc60d48
0x401e31,0x309dcdc68ba8
0x40187e,0x309dcdc698c0
0x401cfb,0x9086532ae838
0x401d8b,0x309dcdc623d8
0x401e89,0x309dcdc62748
0x401804,0x309dcdc6b3a8
0x401e47,0x71d5f3f847f0
0x40187e,0x309dcdc6b540
0x401cfb,0x9086532b09b8
0x40182a,0x309dcdc6bc80
0x401d8b,0x309dcdc647d8
0x401da0,0x71d5f3f7e520
0x401dc9,0x9086532b0f88
0x401e47,0x71d5f3f865b0
0x401ed1,0x71d5f3f7ebc0
0x401804,0x309dcdc6d7a8
0x401dc9,0x9086532b25c8
0x401d8b,0x309dcdc663b8
0x401da0,0x71d5f3f801a0
0x401d8b,0x309dcdc66598
0x401804,0x309dcdc6dfc8
0x401e31,0x309dcdc6e808
0x401dc9,0x9086532b2e88
0x401cfb,0x9086532b2ef8
0x401ea1,0x71d5f3f808d0
0x401ed1,0x71d5f3f80980
0x401e47,0x71d5f3f88b90
0x401ed1,0x71d5f3f80d40
0x401cfb,0x9086532b4718
0x401e31,0x309dcdc70988
0x401ed1,0x71d5f3f82740
0x40182a,0x309dcdc71340
0x40187e,0x309dcdc71380
0x401cfb,0x9086532b6438
0x401cfb,0x9086532b6758
0x40187e,0x309dcdc71c40
0x40185c,0x309dcdc71e00
0x40185c,0x309dcdc731c0
0x401e47,0x71d5f3f8c670
0x401804,0x309dcdc73548
0x401e31,0x309dcdc72ec8
0x401d8b,0x309dcdc6c1f8
0x401e1b,0x9086532a8b80
0x401dc9,0x9086532b89a8
0x40185c,0x309dcdc73d00
0x401d8b,0x309dcdc6c658
0x401da0,0x71d5f3f863a0
0x401804,0x309dcdc75128
0x401804,0x309dcdc75268
0x401dc9,0x9086532b8fe8
0x401e89,0x309dcdc6cd88
0x401dc9,0x9086532ba4e8
0x401e31,0x309dcdc74fa8
0x401e31,0x309dcdc76408
0x401e31,0x309dcdc76c28
0x401dc9,0x9086532bc528
0x401e47,0x71d5f3f90fb0
0x401804,0x309dcdc79108
0x401e47,0x71d5f3f925f0
0x401d8b,0x309dcdc70f98
0x401cfb,0x9086532be538
0x401e47,0x71d5f3f92eb0
0x401d8b,0x309dcdc725d8
0x401da0,0x71d5f3f8c1e0
0x401cfb,0x9086532bed58
0x40182a,0x309dcdc79f80
0x401cfb,0x9086532c01b8
0x401d8b,0x309dcdc72e98
0x401ed1,0x71d5f3f8cd80
0x401dc9,0x9086532c08c8
0x401e47,0x71d5f3f94f90
0x401e89,0x309dcdc74708
0x40187e,0x309dcdc7bd80
0x40185c,0x309dcdc7bf40
0x401ea1,0x71d5f3f8e810
0x401cfb,0x9086532c23d8
0x401e47,0x71d5f3f96c10
0x40182a,0x309dcdc7dc40
0x401e89,0x309dcdc76748
0x401e31,0x309dcdc7e508
0x401ea1,0x71d5f3f90990
0x401e31,0x309dcdc7ebe8
0x401e31,0x309dcdc80188
0x401cfb,0x9086532c47d8
0x401e1b,0x9086532b4f80
0x401d8b,0x309dcdc789b8
0x401804,0x309dcdc810c8
0x401e31,0x309dcdc809a8
0x40182a,0x309dcdc81180
0x401e31,0x309dcdc80d68
0x401cfb,0x9086532c63b8
0x401d8b,0x309dcdc78ff8
0x401cfb,0x9086532c6598
0x401ea1,0x71d5f3f92ed0
0x401d8b,0x309dcdc7a4f8
0x401e1b,0x9086532b6c00
0x40185c,0x309dcdc81c40
0x401804,0x309dcdc83108
0x401e31,0x309dcdc82768
0x401ed1,0x71d5f3f94700
0x401d8b,0x309dcdc7c538
0x401ea1,0x71d5f3f96410
0x401dc9,0x9086532c8ba8
0x40187e,0x309dcdc85100
0x401ed1,0x71d5f3f96740
0x401804,0x309dcdc85328
0x40182a,0x309dcdc85700
0x401e47,0x71d5f3f9ebd0
0x401804,0x309dcdc85aa8
0x401e31,0x309dcdc86388
0x401804,0x309dcdc87228
0x40187e,0x309dcdc87280
0x401e89,0x309dcdc7ed48
0x401cfb,0x9086532cc1f8
0x401da0,0x71d5f3f989a0
0x401e47,0x71d5f3fa08f0
0x401e47,0x71d5f3fa0990
0x401cfb,0x9086532cc658
0x40187e,0x309dcdc87a00
0x401796,0x71d5f3fa0d50
0x401da0,0x71d5f3f98fe0
0x401804,0x309dcdc87cc8
0x40182a,0x309dcdc87c40
0x401d8b,0x309dcdc808d8
0x401da0,0x71d5f3f9a4e0
0x401e47,0x71d5f3fa2750
0x40182a,0x309dcdc898c0
0x401e89,0x309dcdc823c8
0x401dc9,0x9086532ce808
0x401e1b,0x9086532bebc0
0x401da0,0x71d5f3f9c520
0x40185c,0x309dcdc8b380
0x40182a,0x309dcdc8b540
0x401e1b,0x9086532c0980
0x401e31,0x309dcdc8c1c8
0x401dc9,0x9086532d0988
0x401804,0x309dcdc8bca8
0x401e1b,0x9086532c0d40
0x401e89,0x309dcdc847c8
0x401ea1,0x71d5f3f9e510
0x401cfb,0x9086532d0f98
0x401e31,0x309dcdc8cda8
0x401e1b,0x9086532c2740
0x40185c,0x309dcdc8d780
0x401cfb,0x9086532d25d8
0x401ed1,0x71d5f3f9ed40
0x401e89,0x309dcdc86588
0x401ea1,0x71d5f3fa0190
0x40187e,0x309dcdc8dfc0
0x401dc9,0x9086532d2ec8
0x401cfb,0x9086532d2e98
0x401ed1,0x71d5f3fa23c0
0x401dc9,0x9086532d4fa8
0x401d8b,0x309dcdc88bb8
0x401804,0x309dcdc91368
0x40182a,0x309dcdc91380
0x401dc9,0x9086532d6408
0x40182a,0x309dcdc91c40
0x401804,0x309dcdc91e08
0x401dc9,0x9086532d6c28
0x401804,0x309dcdc931c8
0x401ed1,0x71d5f3fa47c0
0x40187e,0x309dcdc93540
0x401e47,0x71d5f3facd90
0x401cfb,0x9086532d89b8
0x401e89,0x309dcdc8c648
0x401804,0x309dcdc93d08
0x401ea1,0x71d5f3fa6390
0x401e31,0x309dcdc94728
0x401ed1,0x71d5f3fa6580
0x40185c,0x309dcdc95100
0x401cfb,0x9086532d8ff8
0x40185c,0x309dcdc95240
0x401e47,0x71d5f3fae830
0x401cfb,0x9086532da4f8
0x401d8b,0x309dcdc8e818
0x401e31,0x309dcdc96768
0x401e47,0x71d5f3fb09b0
0x40172e,0x71d5f3fa8ba0
0x401cfb,0x9086532dc538
0x401e1b,0x9086532ccd80
0x401d8b,0x309dcdc90998
0x40187e,0x309dcdc99100
0x401e31,0x309dcdc98988
0x401e89,0x309dcdc90f88
0x401dc9,0x9086532de508
0x401e31,0x309dcdc98fc8
0x401e47,0x71d5f3fb2ef0
0x401e89,0x309dcdc925c8
0x401ea1,0x71d5f3fac1d0
0x401e31,0x309dcdc9a4c8
0x401dc9,0x9086532debe8
0x401804,0x309dcdc99fa8
0x401ed1,0x71d5f3fac640
0x401dc9,0x9086532e0188
0x401e47,0x71d5f3fb4710
0x401e89,0x309dcdc92e88
0x401d8b,0x309dcdc92ed8
0x401cfb,0x9086532e08d8
0x401dc9,0x9086532e09a8
0x401e31,0x309dcdc9c508
0x40182a,0x309dcdc9bd80
0x401804,0x309dcdc9bf48
0x401dc9,0x9086532e0d68
0x401e47,0x71d5f3fb6430
0x401e47,0x71d5f3fb6750
0x401d8b,0x309dcdc94fb8
0x401dc9,0x9086532e2768
0x401d8b,0x309dcdc96418
0x401804,0x309dcdc9dc68
0x401d8b,0x309dcdc96c38
0x4017a3,0x309dcdc9ed68
0x401e1b,0x9086532d4700
0x401ed1,0x71d5f3fb0f80
0x40187e,0x309dcdca10c0
0x401ed1,0x71d5f3fb25c0
0x401804,0x309dcdca11a8
0x401dc9,0x9086532e6388
0x401e1b,0x9086532d6740
0x401ed1,0x71d5f3fb2e80
0x401804,0x309dcdca1c48
0x401e31,0x309dcdca23e8
0x40187e,0x309dcdca3100
0x401da0,0x71d5f3fb4fa0
0x401cfb,0x9086532e8bb8
0x401e31,0x309dcdca47e8
0x40182a,0x309dcdca5100
0x401e47,0x71d5f3fbe530
0x40185c,0x309dcdca5300
0x401804,0x309dcdca5728
0x401da0,0x71d5f3fb6c20
0x401e47,0x71d5f3fbed50
0x40185c,0x309dcdca5a80
0x401d8b,0x309dcdc9e518
0x401e31,0x309dcdca65a8
0x401e47,0x71d5f3fc01b0
0x40185c,0x309dcdca7200
0x401d8b,0x309dcdc9ebf8
0x401705,0x309dcdca7280
0x40176f,0x9086532ec1c8
0x4017d0,0x71d5f3fb8990
0x401d8b,0x309dcdca0198
0x401ea1,0x71d5f3fb8fd0
0x40182a,0x309dcdca7a00
0x401804,0x309dcdca7c68
0x40187e,0x309dcdca7cc0
0x401e89,0x309dcdca08c8
0x401ea1,0x71d5f3fba4d0
0x401dc9,0x9086532ecda8
0x401e47,0x71d5f3fc23d0
0x401d8b,0x309dcdca09b8
0x401e31,0x309dcdca8b88
0x401d8b,0x309dcdca0d78
0x401804,0x309dcdca98e8
0x401cfb,0x9086532ee818
0x401e1b,0x9086532ded40
0x401d8b,0x309dcdca2778
0x401ea1,0x71d5f3fbc510
0x401804,0x309dcdcab388
0x401e47,0x71d5f3fc47d0
0x401804,0x309dcdcab568
0x401cfb,0x9086532f0998
0x40185c,0x309dcdcabc80
0x401e31,0x309dcdcac668
0x401e47,0x71d5f3fc63b0
0x401e47,0x71d5f3fc6590
0x401e1b,0x9086532e23c0
0x401da0,0x71d5f3fbebe0
0x401804,0x309dcdcad788
0x401d8b,0x309dcdca6398
0x40182a,0x309dcdcadfc0
0x401cfb,0x9086532f2ed8
0x401ed1,0x71d5f3fc08c0
0x401da0,0x71d5f3fc09a0
0x401e1b,0x9086532e47c0
0x401da0,0x71d5f3fc0d60
0x401dc9,0x9086532f4728
0x401cfb,0x9086532f4fb8
0x401da0,0x71d5f3fc2760
0x401804,0x309dcdcb13a8
0x40185c,0x309dcdcb1340
0x401e1b,0x9086532e6580
0x401cfb,0x9086532f6418
0x401e31,0x309dcdcb0fa8
0x401dc9,0x9086532f6768
0x401804,0x309dcdcb1c68
0x401e31,0x309dcdcb25e8
0x40187e,0x309dcdcb1e00
0x401e47,0x71d5f3fcc1f0
0x401cfb,0x9086532f6c38
0x40187e,0x309dcdcb31c0
0x401e47,0x71d5f3fcc650
0x40182a,0x309dcdcb3540
0x401e31,0x309dcdcb2ea8
0x401d8b,0x309dcdcac1d8
0x401dc9,0x9086532f8988
0x40187e,0x309dcdcb3d00
0x401804,0x309dcdcb5108
0x401dc9,0x9086532f8fc8
0x401804,0x309dcdcb5248
0x401d8b,0x309dcdcacdb8
0x401dc9,0x9086532fa4c8
0x401e31,0x309dcdcb4f88
0x401e89,0x309dcdcae808
0x401e31,0x309dcdcb6c08
0x401ea1,0x71d5f3fc8b90
0x401e1b,0x9086532ec640
0x401dc9,0x9086532fc508
0x401e47,0x71d5f3fd0f90
0x401e89,0x309dcdcb0988
0x40182a,0x309dcdcb9100
0x401e47,0x71d5f3fd25d0
0x401cfb,0x9086532fe518
0x401e47,0x71d5f3fd2e90
0x401cfb,0x9086532febf8
0x40185c,0x309dcdcb9f80
0x401dc9,0x9086532fed68
0x401cfb,0x908653300198
0x401e89,0x309dcdcb2ec8
0x401da0,0x71d5f3fccda0
0x401cfb,0x9086533009b8
0x401804,0x309dcdcbbda8
0x401d8b,0x309dcdcb4738
0x40187e,0x309dcdcbbf40
0x401e1b,0x9086532f0f80
0x401cfb,0x908653300d78
0x401ed1,0x71d5f3fce800
0x401dc9,0x9086533023e8
0x401e1b,0x9086532f25c0
0x401cfb,0x908653302778
0x401e89,0x309dcdcb6408
0x40185c,0x309dcdcbdc40
0x401e1b,0x9086532f2e80
0x401d8b,0x309dcdcb6778
0x401e31,0x309dcdcbebc8
0x401ed1,0x71d5f3fd0980
0x401e47,0x71d5f3fd89b0
0x401dc9,0x9086533047e8
0x401e47,0x71d5f3fd8ff0
0x401d8b,0x309dcdcb8998
0x40182a,0x309dcdcc10c0
0x401e31,0x309dcdcc08e8
0x401e47,0x71d5f3fda4f0
0x40185c,0x309dcdcc1180
0x401e31,0x309dcdcc0988
0x401e31,0x309dcdcc0d48
0x401d8b,0x309dcdcb8fd8
0x401cfb,0x908653306398
0x401dc9,0x9086533065a8
0x401ed1,0x71d5f3fd2ec0
0x401d8b,0x309dcdcba4d8
0x40187e,0x309dcdcc1c40
0x401e31,0x309dcdcc2748
0x40182a,0x309dcdcc3100
0x401e47,0x71d5f3fdc530
0x401da0,0x71d5f3fd4720
0x401ea1,0x71d5f3fd4f90
0x401d8b,0x309dcdcbc518
0x401dc9,0x908653308b88
0x401ed1,0x71d5f3fd6400
0x401804,0x309dcdcc5128
0x401da0,0x71d5f3fd6760
0x401804,0x309dcdcc5308
0x401ea1,0x71d5f3fd6c10
0x40185c,0x309dcdcc5700
0x401804,0x309dcdcc5a88
0x401e89,0x309dcdcbe508
0x401804,0x309dcdcc7208
0x401804,0x309dcdcc72a8
0x401d8b,0x309dcdcbed78
0x401cfb,0x90865330c1d8
0x401e47,0x71d5f3fe08d0
0x401e89,0x309dcdcc0188
0x401dc9,0x90865330c668
0x401804,0x309dcdcc7a28
0x40185c,0x309dcdcc7c40
0x40182a,0x309dcdcc7cc0
0x401cfb,0x90865330cdb8
0x40185c,0x309dcdcc98c0
0x401d8b,0x309dcdcc23f8
0x40187e,0x309dcdccb380
0x40185c,0x309dcdccb540
0x401e1b,0x9086533008c0
0x401804,0x309dcdccbc88
0x401d8b,0x309dcdcc47f8
0x401ed1,0x71d5f3fde500
0x401dc9,0x908653310fa8
0x401e31,0x309dcdcccd88
0x401ea1,0x71d5f3fdebd0
0x40187e,0x309dcdccd780
0x401dc9,0x9086533125e8
0x401da0,0x71d5f3fded60
0x401e89,0x309dcdcc6388
0x40173b,0x309dcdcc65b8
0x4017b0,0x71d5f3fe0180
0x401804,0x309dcdccdfe8
0x401dc9,0x908653312ea8
0x401e31,0x309dcdcce828
0x401ea1,0x71d5f3fe0990
0x401ea1,0x71d5f3fe0d50
0x401e47,0x71d5f3fe8bb0
0x401cfb,0x908653314738
0x401da0,0x71d5f3fe23e0
0x401dc9,0x908653314f88
0x401ea1,0x71d5f3fe2750
0x401d8b,0x309dcdcc8b98
0x401804,0x309dcdcd1348
0x401e31,0x309dcdcd09a8
0x40185c,0x309dcdcd1380
0x401cfb,0x908653316778
0x40185c,0x309dcdcd1c40
0x401dc9,0x908653316c08
0x40182a,0x309dcdcd1e00
0x40182a,0x309dcdcd31c0
0x401da0,0x71d5f3fe47e0
0x401804,0x309dcdcd3568
0x401e31,0x309dcdcd2ee8
0x401e89,0x309dcdccc1c8
0x401cfb,0x908653318998
0x40182a,0x309dcdcd3d00
0x401d8b,0x309dcdccc678
0x401ed1,0x71d5f3fe6380
0x401e31,0x309dcdcd4708
0x401da0,0x71d5f3fe65a0
0x40187e,0x309dcdcd5100
0x401cfb,0x908653318fd8
0x40187e,0x309dcdcd5240
0x401e47,0x71d5f3fee810
0x401cfb,0x90865331a4d8
0x401e31,0x309dcdcd6428
0x401e31,0x309dcdcd6748
0x401e47,0x71d5f3ff0990
0x401cfb,0x90865331c518
0x401804,0x309dcdcd9128
0x401d8b,0x309dcdcd0fb8
0x401e1b,0x90865330e800
0x401e47,0x71d5f3ff2ed0
0x401d8b,0x309dcdcd25f8
0x401ed1,0x71d5f3fec1c0
0x401dc9,0x90865331ebc8
0x401804,0x309dcdcd9f88
0x401cfb,0x90865331ed78
0x401da0,0x71d5f3fec660
0x401d8b,0x309dcdcd2eb8
0x401ea1,0x71d5f3fecd90
0x401e1b,0x908653310980
0x401dc9,0x9086533208e8
0x401dc9,0x908653320988
0x401e47,0x71d5f3ff4fb0
0x40185c,0x309dcdcdbd80
0x401dc9,0x908653320d48
0x40182a,0x309dcdcdbf40
0x401e47,0x71d5f3ff6410
0x401cfb,0x9086533223f8
0x401d8b,0x309dcdcd4f98
0x40176f,0x908653322748
0x401e47,0x71d5f3ff6c30
0x401804,0x309dcdcddc48
0x401e31,0x309dcdcde528
0x401e1b,0x908653312ec0
0x401d8b,0x309dcdcd6c18
0x401e31,0x309dcdcded48
0x401e31,0x309dcdce01a8
0x401cfb,0x9086533247f8
0x401da0,0x71d5f3ff0fa0
0x401e89,0x309dcdcd8988
0x401804,0x309dcdce10e8
0x401da0,0x71d5f3ff25e0
0x401804,0x309dcdce1188
0x401e1b,0x908653316400
0x401e89,0x309dcdcd8fc8
0x401cfb,0x9086533265b8
0x401da0,0x71d5f3ff2ea0
0x401e89,0x309dcdcda4c8
0x401e31,0x309dcdce23c8
0x40182a,0x309dcdce1c40
0x401804,0x309dcdce3128
0x401ea1,0x71d5f3ff4710
0x401e89,0x309dcdcdc508
0x401cfb,0x908653328b98
0x401e31,0x309dcdce47c8
0x40185c,0x309dcdce5100
0x401ea1,0x71d5f3ff6750
0x401e47,0x71d5f3ffe510
0x40187e,0x309dcdce5300
0x401804,0x309dcdce5708
0x401796,0x71d5f3ffebf0
0x40187e,0x309dcdce5a80
0x401e31,0x309dcdce63a8
0x401e31,0x309dcdce6588
0x40187e,0x309dcdce7200
0x401d8b,0x309dcdcdebd8
0x40185c,0x309dcdce7280
0x401ed1,0x71d5f3ff8980
0x401cfb,0x90865332c678
0x40185c,0x309dcdce7a00
0x401ed1,0x71d5f3ff8fc0
0x401804,0x309dcdce7c48
0x401804,0x309dcdce7ce8
0x401e47,0xca49da319130
0x401dc9,0x90865332cd88
0x401d8b,0x309dcdce08f8
0x401ed1,0x71d5f3ffa4c0
0x401d8b,0x309dcdce0998
0x401d8b,0x309dcdce0d58
0x401e1b,0x90865331e500
0x401804,0x309dcdce98c8
0x401dc9,0x90865332e828
0x401e47,0xca49da319f90
0x401d8b,0x309dcdce2758
0x401ed1,0x71d5f3ffc500
0x401e1b,0x908653320180
0x40182a,0x309dcdceb380
0x401804,0x309dcdceb548
0x401e31,0x309dcdcec1e8
0x401dc9,0x9086533309a8
0x40187e,0x309dcdcebc80
0x401e31,0x309dcdcec648
0x401cfb,0x908653330fb8
0x401ea1,0x71d5f3ffed50
0x40182a,0x309dcdced780
0x401cfb,0x9086533325f8
0x401e47,0xca49da31dc50
0x40185c,0x309dcdcedfc0
0x401cfb,0x908653332eb8
0x401dc9,0x908653332ee8
0x401dc9,0x908653334708
0x401e47,0xca49da3210f0
0x401e47,0xca49da321190
0x401e89,0x309dcdce8b88
0x401cfb,0x908653334f98
0x401804,0x309dcdcf1388
0x401e1b,0x908653326380
0x40187e,0x309dcdcf1340
0x401dc9,0x908653336428
0x401e31,0x309dcdcf0f88
0x401dc9,0x908653336748
0x401804,0x309dcdcf1c48
0x401e47,0xca49da323130
0x401804,0x309dcdcf1e28
0x401e31,0x309dcdcf25c8
0x401cfb,0x908653336c18
0x401804,0x309dcdcf31e8
0x40185c,0x309dcdcf3540
0x401e31,0x309dcdcf2e88
0x401ed1,0xca49da31bd80
0x401ea1,0xca49da31bf50
0x401804,0x309dcdcf3d28
0x40182a,0x309dcdcf5100
0x40182a,0x309dcdcf5240
0x401e47,0xca49da325710
0x40173b,0x309dcdcecd98
0x401d8b,0x309dcdcee838
0x401e1b,0x90865332c1c0
0x401e47,0xca49da327c50
0x401e47,0xca49da327cf0
0x401d8b,0x309dcdcf09b8
0x40185c,0x309dcdcf9100
0x401e31,0x309dcdcf89a8
0x401e47,0xb207126a98d0
0x401ea1,0xca49da321c50
0x401dc9,0x90865333e528
0x401e31,0x309dcdcf8fe8
0x401e31,0x309dcdcfa4e8
0x401cfb,0x90865333ebd8
0x401dc9,0x90865333ed48
0x40187e,0x309dcdcf9f80
0x401e47,0xb207126ab550
0x401dc9,0x9086533401a8
0x401d8b,0x309dcdcf2ef8
0x401cfb,0x9086533408f8
0x401cfb,0x908653340998
0x401ed1,0xca49da325100
0x401e31,0x309dcdcfc528
0x401804,0x309dcdcfbd88
0x401d8b,0x309dcdcf4718
0x401da0,0xca49da325320
0x401804,0x309dcdcfbf68
0x401cfb,0x908653340d58
0x401e89,0x309dcdcf4f88
0x401dc9,0x9086533423c8
0x401da0,0xca49da325aa0
0x401cfb,0x908653342758
0x401d8b,0x309dcdcf6438
0x40187e,0x309dcdcfdc40
0x401da0,0xca49da327220
0x401ed1,0xca49da327280
0x401d8b,0x309dcdcf6758
0x401e89,0x309dcdcf6c08
0x401ed1,0xca49da327a00
0x401dc9,0x9086533447c8
0x401e47,0xb207126b1390
0x401e31,0x309dcdd008c8
0x40185c,0x309dcdd010c0
0x40187e,0x309dcdd01180
0x401dc9,0x9086533463a8
0x401dc9,0x908653346588
0x401e47,0xb207126b1c50
0x401e47,0xb207126b1e30
0x401804,0x309dcdd01c68
0x401ea1,0xb207126ab390
0x401e47,0xb207126b31f0
0x40185c,0x309dcdd03100
0x401da0,0xb207126abca0
0x401e1b,0x908653338980
0x401e47,0xb207126b3d30
0x401e1b,0x908653338fc0
0x401804,0x309dcdd05108
0x4017d0,0xb207126ad790
0x40182a,0x309dcdd05300
0x401e1b,0x90865333a4c0
0x40187e,0x309dcdd05700
0x40182a,0x309dcdd05a80
0x401ed1,0xb207126adfc0
0x401d8b,0x309dcdcfe538
0x401e89,0x309dcdcfebc8
0x401804,0x309dcdd07288
0x40182a,0x309dcdd07200
0x401dc9,0x90865334c1e8
0x401d8b,0x309dcdcfed58
0x401e1b,0x90865333c500
0x401dc9,0x90865334c648
0x401d8b,0x309dcdd001b8
0x401804,0x309dcdd07a08
0x40187e,0x309dcdd07c40
0x40185c,0x309dcdd07cc0
0x401da0,0xb207126b1360
0x401e89,0x309dcdd00988
0x401cfb,0x90865334cd98
0x401e31,0x309dcdd08ba8
0x401e89,0x309dcdd00d48
0x40187e,0x309dcdd098c0
0x401cfb,0x90865334e838
0x401d8b,0x309dcdd023d8
0x401e89,0x309dcdd02748
0x401ed1,0xb207126b3540
0x401804,0x309dcdd0b3a8
0x40187e,0x309dcdd0b540
0x401e47,0xb207126bbd90
0x401ea1,0xb207126b5110
0x401e47,0xb207126bbf70
0x401cfb,0x9086533509b8
0x401ea1,0xb207126b5250
0x40182a,0x309dcdd0bc80
0x401d8b,0x309dcdd047d8
0x401dc9,0x908653350f88
0x401804,0x309dcdd0d7a8
0x401dc9,0x9086533525c8
0x401d8b,0x309dcdd063b8
0x401d8b,0x309dcdd06598
0x401804,0x309dcdd0dfc8
0x401dc9,0x908653352e88
0x401e31,0x309dcdd0e808
0x401cfb,0x908653352ef8
0x401cfb,0x908653354718
0x401ed1,0xb207126b9100
0x401e31,0x309dcdd10988
0x40187e,0x309dcdd11380
0x40182a,0x309dcdd11340
0x401cfb,0x908653356438
0x401e47,0xb207126c1c70
0x401cfb,0x908653356758
0x401da0,0xb207126b9fa0
0x40187e,0x309dcdd11c40
0x40185c,0x309dcdd11e00
0x40185c,0x309dcdd131c0
0x401804,0x309dcdd13548
0x401e31,0x309dcdd12ec8
0x401d8b,0x309dcdd0c1f8
0x401dc9,0x9086533589a8
0x401e1b,0x908653348b80
0x40185c,0x309dcdd13d00
0x401d8b,0x309dcdd0c658
0x401e47,0xb207126c5110
0x401804,0x309dcdd15128
0x401dc9,0x908653358fe8
0x401804,0x309dcdd15268
0x401e89,0x309dcdd0cd88
0x401dc9,0x90865335a4e8
0x401da0,0xb207126bdc60
0x401e31,0x309dcdd14fa8
0x401e31,0x309dcdd16408
0x401e47,0xb207126c7290
0x401e31,0x309dcdd16c28
0x401e47,0xb207126c7a10
0x401dc9,0x90865335c528
0x401ed1,0xb207126c10c0
0x401da0,0xb207126c11a0
0x401804,0x309dcdd19108
0x401d8b,0x309dcdd10f98
0x401cfb,0x90865335e538
0x401ed1,0xb207126c3100
0x401d8b,0x309dcdd125d8
0x401cfb,0x90865335ed58
0x401e47,0xb207126cb3b0
0x40182a,0x309dcdd19f80
0x401cfb,0x9086533601b8
0x401d8b,0x309dcdd12e98
0x401dc9,0x9086533608c8
0x4017e0,0x309dcdd14708
0x40187e,0x309dcdd1bd80
0x4017d0,0xb207126c5310
0x40185c,0x309dcdd1bf40
0x401da0,0xb207126c5720
0x401e47,0xb207126cd7b0
0x401ea1,0xb207126c5a90
0x401cfb,0x9086533623d8
0x401e47,0xb207126cdfd0
0x401ea1,0xb207126c7210
0x40182a,0x309dcdd1dc40
0x401e31,0x309dcdd1e508
0x401e89,0x309dcdd16748
0x401e31,0x309dcdd1ebe8
0x401da0,0xb207126c7c60
0x401ed1,0xb207126c7cc0
0x401e31,0x309dcdd20188
0x401cfb,0x9086533647d8
0x401e1b,0x908653354f80
0x401804,0x309dcdd210c8
0x401d8b,0x309dcdd189b8
0x40182a,0x309dcdd21180
0x401e31,0x309dcdd209a8
0x401da0,0xb207126c98e0
0x401e31,0x309dcdd20d68
0x401cfb,0x9086533663b8
0x401d8b,0x309dcdd18ff8
0x401cfb,0x908653366598
0x401d8b,0x309dcdd1a4f8
0x401e1b,0x908653356c00
0x401861,0x309dcdd21c48
0x401e31,0x309dcdd22768
0x401da0,0xb207126cb560
0x401804,0x309dcdd23108
0x401e47,0xb207126d3550
0x401ea1,0xb207126cbc90
0x40173b,0x309dcdd1c538
0x401dc9,0x908653368ba8
0x401e47,0xb207126d5130
0x401e47,0xb207126d5270
0x40187e,0x309dcdd25100
0x401804,0x309dcdd25328
0x40182a,0x309dcdd25700
0x401804,0x309dcdd25aa8
0x401e31,0x309dcdd26388
0x401804,0x309dcdd27228
0x40187e,0x309dcdd27280
0x401e89,0x309dcdd1ed48
0x401cfb,0x90865336c1f8
0x401cfb,0x90865336c658
0x40187e,0x309dcdd27a00
0x401804,0x309dcdd27cc8
0x40182a,0x309dcdd27c40
0x401e47,0xb207126d9110
0x401ea1,0xb207126d1350
0x401da0,0xb207126d13a0
0x401d8b,0x309dcdd208d8
0x401da0,0xb207126d1c60
0x40182a,0x309dcdd298c0
0x401ed1,0xb207126d1e00
0x401e89,0x309dcdd223c8
0x401dc9,0x90865336e808
0x401e1b,0x90865335ebc0
0x401ed1,0xb207126d31c0
0x40185c,0x309dcdd2b380
0x40182a,0x309dcdd2b540
0x401ed1,0xb207126d3d00
0x4017a3,0x309dcdd2c1c8
0x401e1b,0x908653360980
0x401dc9,0x908653370988
0x401804,0x309dcdd2bca8
0x401e1b,0x908653360d40
0x401e89,0x309dcdd247c8
0x401cfb,0x908653370f98
0x401e31,0x309dcdd2cda8
0x40185c,0x309dcdd2d780
0x401e1b,0x908653362740
0x401cfb,0x9086533725d8
0x401e89,0x309dcdd26588
0x40187e,0x309dcdd2dfc0
0x401dc9,0x908653372ec8
0x401cfb,0x908653372e98
0x401e47,0xb207126e10d0
0x401dc9,0x908653374fa8
0x401d8b,0x309dcdd28bb8
0x401804,0x309dcdd31368
0x40182a,0x309dcdd31380
0x401dc9,0x908653376408
0x401ea1,0xb207126d9f90
0x40182a,0x309dcdd31c40
0x401e47,0xb207126e3110
0x401dc9,0x908653376c28
0x401804,0x309dcdd31e08
0x401804,0x309dcdd331c8
0x40187e,0x309dcdd33540
0x40172e,0xb207126dbda0
0x40176f,0x257ba86e2768
0x401ed1,0xb207126dbf40
0x401804,0x309dcdd33d08
0x401e89,0x309dcdd2c648
0x401e31,0x309dcdd34728
0x401e47,0xb207126e5330
0x40185c,0x309dcdd35100
0x40185c,0x309dcdd35240
0x401ea1,0xb207126ddc50
0x401e47,0xb207126e5ab0
0x401dc9,0x26713c3c08e8
0x401dc9,0x26713c3c0988
0x401e47,0xb207126e7230
0x401d8b,0x309dcdd2e818
0x401dc9,0x26713c3c0d48
0x401e31,0x309dcdd36768
0x401e47,0xb207126e7cd0
0x401ea1,0xb207126e1190
0x401e1b,0x90865336cd80
0x401d8b,0x309dcdd30998
0x40187e,0x309dcdd39100
0x401e31,0x309dcdd38988
0x401e89,0x309dcdd30f88
0x401ed1,0xb207126e1c40
0x401e31,0x309dcdd38fc8
0x401e89,0x309dcdd325c8
0x401e31,0x309dcdd3a4c8
0x401804,0x309dcdd39fa8
0x401dc9,0x51a63c50fa8
0x401e89,0x309dcdd32e88
0x401d8b,0x309dcdd32ed8
0x401cfb,0x8deda85c65b8
0x401da0,0xb207126e5120
0x401e31,0x309dcdd3c508
0x40182a,0x309dcdd3bd80
0x401804,0x309dcdd3bf48
0x401e47,0x49950aa51390
0x401ea1,0xb207126e5710
0x401cfb,0xaff500780198
0x401d8b,0x309dcdd34fb8
0x401e47,0x49950aa51c50
0x401e47,0x49950aa51e30
0x401d8b,0x309dcdd36418
0x401cfb,0xaff5007809b8
0x401804,0x309dcdd3dc68
0x401da0,0xb207126e72a0
0x401e47,0x49950aa531f0
0x401cfb,0xaff500780d78
0x401d8b,0x309dcdd36c38
0x401da0,0xb207126e7a20
0x401e31,0x309dcdd3ed68
0x401dc9,0xaff5007823e8
0x401ea1,0xb207126e7c50
0x401e1b,0x908653374700
0x401e47,0x49950aa53d30
0x401cfb,0xaff500782778
0x40187e,0x309dcdd410c0
0x401804,0x309dcdd411a8
0x401ea1,0x8ec426c698d0
0x401e1b,0x908653376740
0x401cfb,0x635dff9ac678
0x401e31,0x309dcdd423e8
0x401804,0x309dcdd41c48
0x401dc9,0x635dff9acd88
0x40187e,0x309dcdd43100
0x401e1b,0x257ba86e23c0
0x401dc9,0x635dff9ae828
0x401da0,0x49950aa51360
0x401e31,0x309dcdd447e8
0x40182a,0x309dcdd45100
0x401e1b,0x26713c3c0180
0x40185c,0x309dcdd45300
0x401804,0x309dcdd45728
0x40185c,0x309dcdd45a80
0x401dc9,0x635dff9b09a8
0x401d8b,0x309dcdd3e518
0x401e31,0x309dcdd465a8
0x401ed1,0x49950aa53540
0x40185c,0x309dcdd47200
0x401cfb,0x635dff9b0fb8
0x40182a,0x309dcdd47280
0x401d8b,0x309dcdd3ebf8
0x401e1b,0x51a63c4e800
0x401cfb,0x635dff9b25f8
0x401d8b,0x309dcdd40198
0x401e47,0x49950aa5bd90
0x40182a,0x309dcdd47a00
0x401ea1,0x49950aa55110
0x401e47,0x49950aa5bf70
0x401804,0x309dcdd47c68
0x401ea1,0x49950aa55250
0x40187e,0x309dcdd47cc0
0x401e89,0x309dcdd408c8
0x401d8b,0x309dcdd409b8
0x401dc9,0x635dff9b2ee8
0x401cfb,0x635dff9b2eb8
0x401e31,0x309dcdd48b88
0x401d8b,0x309dcdd40d78
0x401804,0x309dcdd498e8
0x401dc9,0x635dff9b4708
0x401e1b,0x51a63c50980
0x401d8b,0x309dcdd42778
0x401cfb,0x635dff9b4f98
0x401804,0x309dcdd4b388
0x401e1b,0x8deda85c6380
0x401804,0x309dcdd4b568
0x401dc9,0x635dff9b6428
0x401dc9,0x635dff9b6748
0x401ed1,0x49950aa59100
0x40185c,0x309dcdd4bc80
0x401e31,0x309dcdd4c668
0x401cfb,0x635dff9b6c18
0x401804,0x309dcdd4d788
0x401e47,0x49950aa61c70
0x401e1b,0xaff5007808c0
0x401d8b,0x309dcdd46398
0x401da0,0x49950aa59fa0
0x40182a,0x309dcdd4dfc0
0x401e47,0x49950aa65110
0x401e1b,0x635dff9ac1c0
0x401804,0x309dcdd513a8
0x40185c,0x309dcdd51340
0x401da0,0x49950aa5dc60
0x401e31,0x309dcdd50fa8
0x401804,0x309dcdd51c68
0x40187e,0x309dcdd51e00
0x401e31,0x309dcdd525e8
0x401e47,0x49950aa67290
0x40176a,0x309dcdd531c0
0x40182a,0x309dcdd53540
0x401e47,0x49950aa67a10
0x401dc9,0x635dff9be528
0x401e31,0x309dcdd52ea8
0x401d8b,0x309dcdd4c1d8
0x401ed1,0x49950aa610c0
0x401da0,0x49950aa611a0
0x40187e,0x309dcdd53d00
0x401cfb,0x635dff9bebd8
0x401dc9,0x635dff9bed48
0x401804,0x309dcdd55108
0x401804,0x309dcdd55248
0x401dc9,0x635dff9c01a8
0x401d8b,0x309dcdd4cdb8
0x401e31,0x309dcdd54f88
0x401cfb,0x635dff9c08f8
0x401cfb,0x635dff9c0998
0x401ed1,0x49950aa63100
0x401e89,0x309dcdd4e808
0x401cfb,0x635dff9c0d58
0x401e47,0x49950aa6b3b0
0x401e31,0x309dcdd56c08
0x401dc9,0x635dff9c23c8
0x401cfb,0x635dff9c2758
0x401ea1,0x49950aa65310
0x401e89,0x309dcdd50988
0x40182a,0x309dcdd59100
0x401da0,0x49950aa65720
0x401e47,0x49950aa6d7b0
0x401ea1,0x49950aa65a90
0x401dc9,0x635dff9c47c8
0x401ea1,0x49950aa67210
0x401e47,0x49950aa6dfd0
0x40185c,0x309dcdd59f80
0x401e89,0x309dcdd52ec8
0x401dc9,0x635dff9c63a8
0x401da0,0x49950aa67c60
0x401dc9,0x635dff9c6588
0x401ed1,0x49950aa67cc0
0x401804,0x309dcdd5bda8
0x401d8b,0x309dcdd54738
0x40187e,0x309dcdd5bf40
0x401da0,0x49950aa698e0
0x401e1b,0x635dff9b8980
0x401e89,0x309dcdd56408
0x40185c,0x309dcdd5dc40
0x401d8b,0x309dcdd56778
0x401e1b,0x635dff9b8fc0
0x401da0,0x49950aa6b560
0x401e47,0x49950aa73550
0x401e31,0x309dcdd5ebc8
0x401e1b,0x635dff9ba4c0
0x401ea1,0x49950aa6bc90
0x401e47,0x49950aa75130
0x401e47,0x49950aa75270
0x40182a,0x309dcdd610c0
0x401e31,0x309dcdd608e8
0x401d8b,0x309dcdd58998
0x40185c,0x309dcdd61180
0x401e31,0x309dcdd60988
0x401dc9,0x635dff9cc1e8
0x401e1b,0x635dff9bc500
0x401e31,0x309dcdd60d48
0x401d8b,0x309dcdd58fd8
0x401dc9,0x635dff9cc648
0x401d8b,0x309dcdd5a4d8
0x40187e,0x309dcdd61c40
0x4017a3,0x309dcdd62748
0x40170a,0x635dff9ccd98
0x40182a,0x309dcdd63100
0x401cfb,0x635dff9ce838
0x401d8b,0x309dcdd5c518
0x401e47,0x49950aa79110
0x401ea1,0x49950aa71350
0x401da0,0x49950aa713a0
0x401804,0x309dcdd65128
0x401804,0x309dcdd65308
0x40185c,0x309dcdd65700
0x401da0,0x49950aa71c60
0x401ed1,0x49950aa71e00
0x401804,0x309dcdd65a88
0x401e89,0x309dcdd5e508
0x401cfb,0x635dff9d09b8
0x401ed1,0x49950aa731c0
0x401dc9,0x635dff9d0f88
0x401804,0x309dcdd67208
0x401804,0x309dcdd672a8
0x401d8b,0x309dcdd5ed78
0x401dc9,0x635dff9d25c8
0x401e89,0x309dcdd60188
0x401ed1,0x49950aa73d00
0x401804,0x309dcdd67a28
0x40185c,0x309dcdd67c40
0x40182a,0x309dcdd67cc0
0x401dc9,0x635dff9d2e88
0x401cfb,0x635dff9d2ef8
0x40185c,0x309dcdd698c0
0x401cfb,0x635dff9d4718
0x401d8b,0x309dcdd623f8
0x40187e,0x309dcdd6b380
0x40185c,0x309dcdd6b540
0x401cfb,0x635dff9d6438
0x401cfb,0x635dff9d6758
0x401804,0x309dcdd6bc88
0x401e47,0x49950aa810d0
0x401d8b,0x309dcdd647f8
0x401e31,0x309dcdd6cd88
0x40187e,0x309dcdd6d780
0x401e89,0x309dcdd66388
0x401ea1,0x49950aa79f90
0x401dc9,0x635dff9d89a8
0x401e1b,0x635dff9c8b80
0x401d8b,0x309dcdd665b8
0x401e47,0x49950aa83110
0x401804,0x309dcdd6dfe8
0x401e31,0x309dcdd6e828
0x401dc9,0x635dff9d8fe8
0x401dc9,0x635dff9da4e8
0x401da0,0x49950aa7bda0
0x401ed1,0x49950aa7bf40
0x401e47,0x49950aa85330
0x401e31,0x309dcdd709a8
0x401d8b,0x309dcdd68b98
0x401804,0x309dcdd71348
0x40185c,0x309dcdd71380
0x401ea1,0x49950aa7dc50
0x401dc9,0x635dff9dc528
0x401e47,0x49950aa85ab0
0x401736,0x309dcdd71c40
0x40182a,0x309dcdd71e00
0x401e47,0x49950aa87230
0x40182a,0x309dcdd731c0
0x401804,0x309dcdd73568
0x401e31,0x309dcdd72ee8
0x401cfb,0x635dff9de538
0x401e89,0x309dcdd6c1c8
0x401e47,0x49950aa87cd0
0x401ea1,0x49950aa81190
0x401d8b,0x309dcdd6c678
0x40182a,0x309dcdd73d00
0x401e31,0x309dcdd74708
0x401cfb,0x635dff9ded58
0x40187e,0x309dcdd75100
0x40187e,0x309dcdd75240
0x401cfb,0x635dff9e01b8
0x401ed1,0x49950aa81c40
0x401dc9,0x635dff9e08c8
0x401e31,0x309dcdd76428
0x401e31,0x309dcdd76748
0x401cfb,0x635dff9e23d8
0x401e47,0x49950aa8bcb0
0x401da0,0x49950aa85120
0x401804,0x309dcdd79128
0x401ea1,0x49950aa85710
0x401d8b,0x309dcdd70fb8
0x401cfb,0x635dff9e47d8
0x401d8b,0x309dcdd725f8
0x401da0,0x49950aa872a0
0x401804,0x309dcdd79f88
0x401e1b,0x635dff9d4f80
0x401da0,0x49950aa87a20
0x401d8b,0x309dcdd72eb8
0x401cfb,0x635dff9e63b8
0x401ea1,0x49950aa87c50
0x401cfb,0x635dff9e6598
0x401e1b,0x635dff9d6c00
0x40185c,0x309dcdd7bd80
0x40182a,0x309dcdd7bf40
0x401e47,0x49950aa91370
0x401ea1,0x49950aa898d0
0x401d8b,0x309dcdd74f98
0x401e47,0x49950aa91e10
0x401804,0x309dcdd7dc48
0x401e31,0x309dcdd7e528
0x401dc9,0x635dff9e8ba8
0x401e47,0x49950aa931d0
0x401ed1,0x49950aa8b380
0x401ea1,0x49950aa8b550
0x401d8b,0x309dcdd76c18
0x401e31,0x309dcdd7ed48
0x401e47,0x49950aa93d10
0x401e31,0x309dcdd801a8
0x401e89,0x309dcdd78988
0x401804,0x309dcdd810e8
0x401804,0x309dcdd81188
0x401ed1,0x49950aa8d780
0x401cfb,0x635dff9ec1f8
0x401e89,0x309dcdd78fc8
0x401cfb,0x635dff9ec658
0x401da0,0x49950aa8dfe0
0x401e89,0x309dcdd7a4c8
0x401e31,0x309dcdd823c8
0x40182a,0x309dcdd81c40
0x401804,0x309dcdd83128
0x401dc9,0x635dff9ee808
0x401e89,0x309dcdd7c508
0x401e1b,0x635dff9debc0
0x401ea1,0x49950aa91390
0x401e31,0x309dcdd847c8
0x40185c,0x309dcdd85100
0x40187e,0x309dcdd85300
0x401ea1,0x49950aa91c50
0x401804,0x309dcdd85708
0x401e1b,0x635dff9e0980
0x40187e,0x309dcdd85a80
0x401dc9,0x635dff9f0988
0x401e31,0x309dcdd863a8
0x401e47,0x49950aa99fb0
0x401e1b,0x635dff9e0d40
0x401e31,0x309dcdd86588
0x401da0,0x49950aa93560
0x401cfb,0x635dff9f0f98
0x40187e,0x309dcdd87200
0x401d8b,0x309dcdd7ebd8
0x40185c,0x309dcdd87280
0x401e1b,0x635dff9e2740
0x401cfb,0x635dff9f25d8
0x40185c,0x309dcdd87a00
0x401e47,0x49950aa9bf50
0x401804,0x309dcdd87c48
0x401ed1,0x49950aa95100
0x401804,0x309dcdd87ce8
0x401ed1,0x49950aa95240
0x401d8b,0x309dcdd808f8
0x401d8b,0x309dcdd80998
0x401dc9,0x635dff9f2ec8
0x401cfb,0x635dff9f2e98
0x401d8b,0x309dcdd80d58
0x401804,0x309dcdd898c8
0x401796,0x49950aa9dc70
0x401d8b,0x309dcdd82758
0x401dc9,0x635dff9f4fa8
0x40182a,0x309dcdd8b380
0x401804,0x309dcdd8b548
0x401dc9,0x635dff9f6408
0x401e31,0x309dcdd8c1e8
0x401da0,0x49950aa99120
0x40187e,0x309dcdd8bc80
0x401dc9,0x635dff9f6c28
0x401e47,0x49950aaa11b0
0x401e31,0x309dcdd8c648
0x40182a,0x309dcdd8d780
0x401e47,0x49950aaa1c50
0x401cfb,0x635dff9f89b8
0x40185c,0x309dcdd8dfc0
0x401cfb,0x635dff9f8ff8
0x401cfb,0x635dff9fa4f8
0x401ea1,0x49950aa9bd90
0x401e89,0x309dcdd88b88
0x401804,0x309dcdd91388
0x40187e,0x309dcdd91340
0x401e47,0x49950aaa5730
0x401cfb,0x635dff9fc538
0x401e31,0x309dcdd90f88
0x401804,0x309dcdd91c48
0x401e1b,0x635dff9ecd80
0x401804,0x309dcdd91e28
0x401e31,0x309dcdd925c8
0x401804,0x309dcdd931e8
0x40185c,0x309dcdd93540
0x401e31,0x309dcdd92e88
0x401dc9,0x635dff9fe508
0x401e47,0x49950aaa7c70
0x401da0,0x49950aaa10e0
0x401804,0x309dcdd93d28
0x401dc9,0x635dff9febe8
0x40182a,0x309dcdd95100
0x40182a,0x309dcdd95240
0x401dc9,0x635dffa00188
0x401d8b,0x309dcdd8cd98
0x401e47,0x49950aaa98f0
0x401dc9,0x635dffa009a8
0x401cfb,0x635dffa008d8
0x401da0,0x49950aaa3120
0x401d8b,0x309dcdd8e838
0x401dc9,0x635dffa00d68
0x401e47,0x49950aaab390
0x401e47,0x49950aaab570
0x401dc9,0x635dffa02768
0x401ea1,0x49950aaa5110
0x401ed1,0x49950aaa5300
0x401d8b,0x309dcdd909b8
0x40185c,0x309dcdd99100
0x401e31,0x309dcdd989a8
0x401e47,0x49950aaad790
0x4017b0,0x49950aaa5a80
0x401e1b,0x635dff9f4700
0x401e31,0x309dcdd98fe8
0x401ea1,0x49950aaa7290
0x401e31,0x309dcdd9a4e8
0x401ed1,0x49950aaa7200
0x40187e,0x309dcdd99f80
0x401ea1,0x49950aaa7a10
0x401dc9,0x635dffa06388
0x401d8b,0x309dcdd92ef8
0x401e1b,0x635dff9f6740
0x401da0,0x49950aaa7ce0
0x401804,0x309dcdd9bd88
0x401e31,0x309dcdd9c528
0x401d8b,0x309dcdd94718
0x401804,0x309dcdd9bf68
0x401e47,0x49950aab13b0
0x401e89,0x309dcdd94f88
0x401e47,0x49950aab1c70
0x401d8b,0x309dcdd96438
0x40187e,0x309dcdd9dc40
0x401cfb,0x635dffa08bb8
0x401d8b,0x309dcdd96758
0x401e89,0x309dcdd96c08
0x401ed1,0x49950aaabc80
0x401e47,0x49950aab5110
0x401e47,0x49950aab5250
0x40185c,0x309dcdda10c0
0x40187e,0x309dcdda1180
0x401e31,0x309dcdda08c8
0x40176f,0x635dffa0c1c8
0x401ea1,0x49950aaadfd0
0x401804,0x309dcdda1c68
0x401dc9,0x635dffa0cda8
0x40185c,0x309dcdda3100
0x401cfb,0x635dffa0e818
0x401e1b,0x635dff9fed40
0x401ed1,0x49950aab1340
0x401804,0x309dcdda5108
0x40182a,0x309dcdda5300
0x40187e,0x309dcdda5700
0x401da0,0x49950aab1e20
0x40182a,0x309dcdda5a80
0x401d8b,0x309dcdd9e538
0x401cfb,0x635dffa10998
0x401da0,0x49950aab31e0
0x401ea1,0x49950aab3550
0x401e89,0x309dcdd9ebc8
0x401804,0x309dcdda7288
0x40182a,0x309dcdda7200
0x401e1b,0x635dffa023c0
0x401d8b,0x309dcdd9ed58
0x401da0,0x49950aab3d20
0x401d8b,0x309dcdda01b8
0x401804,0x309dcdda7a08
0x401e47,0x49950aabbdb0
0x40187e,0x309dcdda7c40
0x401861,0x309dcdda7cc8
0x401e89,0x309dcdda0988
0x401cfb,0x635dffa12ed8
0x401e89,0x309dcdda0d48
0x401e31,0x309dcdda8ba8
0x401e1b,0x635dffa047c0
0x40187e,0x309dcdda98c0
0x401dc9,0x635dffa14728
0x401d8b,0x309dcdda23d8
0x401e89,0x309dcdda2748
0x401cfb,0x635dffa14fb8
0x401804,0x309dcddab3a8
0x40187e,0x309dcddab540
0x401e1b,0x635dffa06580
0x401cfb,0x635dffa16418
0x401dc9,0x635dffa16768
0x401ea1,0x49950aab9110
0x40182a,0x309dcddabc80
0x401cfb,0x635dffa16c38
0x401d8b,0x309dcdda47d8
0x401804,0x309dcddad7a8
0x401d8b,0x309dcdda63b8
0x401ed1,0x49950aab9f80
0x401dc9,0x635dffa18988
0x401d8b,0x309dcdda6598
0x401804,0x309dcddadfc8
0x401e31,0x309dcddae808
0x401dc9,0x635dffa18fc8
0x401dc9,0x635dffa1a4c8
0x401da0,0x49950aabbf60
0x401e47,0x49950aac5130
0x401e47,0x49950aac5310
0x401e31,0x309dcddb0988
0x40182a,0x309dcddb1340
0x40187e,0x309dcddb1380
0x401e1b,0x635dffa0c640
0x401dc9,0x635dffa1c508
0x401e47,0x49950aac5a90
0x401ed1,0x49950aabdc40
0x40187e,0x309dcddb1c40
0x40185c,0x309dcddb1e00
0x401e47,0x49950aac7210
0x401e47,0x49950aac72b0
0x40185c,0x309dcddb31c0
0x401804,0x309dcddb3548
0x401e47,0x49950aac7a30
0x401e31,0x309dcddb2ec8
0x401cfb,0x635dffa1e518
0x401d8b,0x309dcddac1f8
0x401ea1,0x49950aac10d0
0x401ed1,0x49950aac1180
0x40185c,0x309dcddb3d00
0x401d8b,0x309dcddac658
0x401cfb,0x635dffa1ebf8
0x401dc9,0x635dffa1ed68
0x401804,0x309dcddb5128
0x401804,0x309dcddb5268
0x401e89,0x309dcddacd88
0x401cfb,0x635dffa20198
0x401da0,0x49950aac1c60
0x401e31,0x309dcddb4fa8
0x401ea1,0x49950aac3110
0x401cfb,0x635dffa209b8
0x401e31,0x309dcddb6408
0x401e1b,0x635dffa10f80
0x401cfb,0x635dffa20d78
0x401e31,0x309dcddb6c28
0x401dc9,0x635dffa223e8
0x401e1b,0x635dffa125c0
0x401e47,0x49950aacbc90
0x401cfb,0x635dffa22778
0x401e1b,0x635dffa12e80
0x401804,0x309dcddb9108
0x401ed1,0x49950aac5700
0x401d8b,0x309dcddb0f98
0x401dc9,0x635dffa247e8
0x401e47,0x49950aacdff0
0x401d8b,0x309dcddb25d8
0x40182a,0x309dcddb9f80
0x401d8b,0x309dcddb2e98
0x401cfb,0x635dffa26398
0x401ea1,0x49950aac7cd0
0x401dc9,0x635dffa265a8
0x401ed1,0x49950aac7c40
0x401e89,0x309dcddb4708
0x40187e,0x309dcddbbd80
0x40185c,0x309dcddbbf40
0x401ed1,0x49950aac98c0
0x40182a,0x309dcddbdc40
0x401dc9,0x635dffa28b88
0x401e89,0x309dcddb6748
0x401e31,0x309dcddbe508
0x401da0,0x49950aacb3a0
0x401ed1,0x49950aacb540
0x401e31,0x309dcddbebe8
0x401e47,0x944aa635bd90
0x401e31,0x309dcddc0188
0x401e47,0x944aa635bf70
0x401804,0x309dcddc10c8
0x401d8b,0x309dcddb89b8
0x40182a,0x309dcddc1180
0x401e31,0x309dcddc09a8
0x401da0,0x49950aacd7a0
0x401cfb,0x635dffa2c1d8
0x401e31,0x309dcddc0d68
0x401d8b,0x309dcddb8ff8
0x401dc9,0x635dffa2c668
0x401d8b,0x309dcddba4f8
0x40185c,0x309dcddc1c40
0x401e31,0x309dcddc2768
0x401cfb,0x635dffa2cdb8
0x401804,0x309dcddc3108
0x401d8b,0x309dcddbc538
0x401ed1,0x255430226380
0x401da0,0x2554302265a0
0x40187e,0x309dcddc5100
0x401804,0x309dcddc5328
0x40182a,0x309dcddc5700
0x401e47,0x944aa6361c70
0x401e1b,0x635dffa208c0
0x401804,0x309dcddc5aa8
0x401e31,0x309dcddc6388
0x401dc9,0x635dffa30fa8
0x401804,0x309dcddc7228
0x40187e,0x309dcddc7280
0x401e89,0x309dcddbed48
0x401dc9,0x635dffa325e8
0x40187e,0x309dcddc7a00
0x401804,0x309dcddc7cc8
0x401705,0x309dcddc7c40
0x401796,0x944aa6365110
0x40176f,0x635dffa32ea8
0x40173b,0x309dcddc08d8
0x40172e,0x944aa635dc60
0x401705,0x309dcddc98c0
0x40170a,0x635dffa34738
0x4017e0,0x309dcddc23c8
0x401796,0x944aa6367290
0x40176f,0x635dffa34f88
0x401736,0x309dcddcb380
0x401705,0x309dcddcb540
0x401796,0x944aa6367a10
0x40170a,0x635dffa36778
0x4017a3,0x309dcddcc1c8
0x401804,0x309dcddcbca8
0x4017b0,0x944aa63610c0
0x40172e,0x944aa63611a0
0x40176f,0x635dffa36c08
0x4017e0,0x309dcddc47c8
0x4017a3,0x309dcddccda8
0x401736,0x309dcddcd780
0x4017e0,0x309dcddc6588
0x40170a,0x635dffa38998
0x4017b0,0x944aa6363100
0x40176a,0x309dcddcdfc0
0x401796,0x944aa636b3b0
0x40170a,0x635dffa38fd8
0x40170a,0x635dffa3a4d8
0x4017d0,0x944aa6365310
0x40172e,0x944aa6365720
0x401804,0x309dcddd1368
0x40173b,0x309dcddc8bb8
0x401796,0x944aa636d7b0
0x401705,0x309dcddd1380
0x4017d0,0x944aa6365a90
0x40170a,0x635dffa3c518
0x401796,0x944aa636dfd0
0x4017d0,0x944aa6367210
0x401705,0x309dcddd1c40
0x401804,0x309dcddd1e08
0x401804,0x309dcddd31c8
0x40176a,0x309dcddd3540
0x40172e,0x944aa6367c60
0x401748,0x635dffa2e800
0x4017b0,0x944aa6367cc0
0x401804,0x309dcddd3d08
0x4017e0,0x309dcddcc648
0x40176f,0x635dffa3ebc8
0x40170a,0x635dffa3ed78
0x4017a3,0x309dcddd4728
0x401736,0x309dcddd5100
0x401736,0x309dcddd5240
0x40172e,0x944aa63698e0
0x401748,0x635dffa30980
0x40176f,0x635dffa408e8
0x40176f,0x635dffa40988
0x40176f,0x635dffa40d48
0x40173b,0x309dcddce818
0x4017a3,0x309dcddd6768
0x40172e,0x944aa636b560
0x401796,0x944aa6373550
0x40170a,0x635dffa423f8
0x4017d0,0x944aa636bc90
0x40176f,0x635dffa42748
0x401e47,0x944aa6375130
0x401e1b,0x635dffa32ec0
0x401e47,0x944aa6375270
0x401d8b,0x309dcddd0998
0x40187e,0x309dcddd9100
0x401e31,0x309dcddd8988
0x401e89,0x309dcddd0f88
0x401e31,0x309dcddd8fc8
0x401cfb,0x635dffa447f8
0x401e89,0x309dcddd25c8
0x401e31,0x309dcddda4c8
0x401804,0x309dcddd9fa8
0x401e1b,0x635dffa36400
0x401e89,0x309dcddd2e88
0x401d8b,0x309dcddd2ed8
0x401cfb,0x635dffa465b8
0x401e31,0x309dcdddc508
0x401ea1,0x944aa6371350
0x401e47,0x944aa6379110
0x40182a,0x309dcdddbd80
0x401da0,0x944aa63713a0
0x401804,0x309dcdddbf48
0x401d8b,0x309dcddd4fb8
0x401da0,0x944aa6371c60
0x401ed1,0x944aa6371e00
0x401d8b,0x309dcddd6418
0x401804,0x309dcddddc68
0x401ed1,0x944aa63731c0
0x401cfb,0x635dffa48b98
0x401d8b,0x309dcddd6c38
0x401e31,0x309dcddded68
0x4017b0,0x944aa6373d00
0x40187e,0x309dcdde10c0
0x401804,0x309dcdde11a8
0x401cfb,0x635dffa4c678
0x401804,0x309dcdde1c48
0x401e31,0x309dcdde23e8
0x401dc9,0x635dffa4cd88
0x40187e,0x309dcdde3100
0x401e1b,0x635dffa3e500
0x401dc9,0x635dffa4e828
0x401e47,0x944aa63810d0
0x401e31,0x309dcdde47e8
0x40182a,0x309dcdde5100
0x401e1b,0x635dffa40180
0x40185c,0x309dcdde5300
0x401804,0x309dcdde5728
0x401ea1,0x944aa6379f90
0x40185c,0x309dcdde5a80
0x401dc9,0x635dffa509a8
0x401d8b,0x309dcddde518
0x401e47,0x944aa6383110
0x401e31,0x309dcdde65a8
0x401cfb,0x635dffa50fb8
0x40185c,0x309dcdde7200
0x40182a,0x309dcdde7280
0x401d8b,0x309dcdddebf8
0x401cfb,0x635dffa525f8
0x401d8b,0x309dcdde0198
0x401da0,0x944aa637bda0
0x401ed1,0x944aa637bf40
0x40182a,0x309dcdde7a00
0x401804,0x309dcdde7c68
0x40187e,0x309dcdde7cc0
0x401e89,0x309dcdde08c8
0x401e47,0x944aa6385330
0x401d8b,0x309dcdde09b8
0x401dc9,0x635dffa52ee8
0x401cfb,0x635dffa52eb8
0x401e31,0x309dcdde8b88
0x401d8b,0x309dcdde0d78
0x401ea1,0x944aa637dc50
0x401e47,0x944aa6385ab0
0x401dc9,0x635dffa54708
0x401804,0x309dcdde98e8
0x401d8b,0x309dcdde2778
0x401e47,0x944aa6387230
0x401cfb,0x635dffa54f98
0x401804,0x309dcddeb388
0x401e1b,0x635dffa46380
0x401804,0x309dcddeb568
0x401dc9,0x635dffa56428
0x401e47,0x944aa6387cd0
0x401dc9,0x635dffa56748
0x401ea1,0x944aa6381190
0x40185c,0x309dcddebc80
0x401cfb,0x635dffa56c18
0x401e31,0x309dcddec668
0x401804,0x309dcdded788
0x401ed1,0x944aa6381c40
0x401d8b,0x309dcdde6398
0x40182a,0x309dcddedfc0
0x401e47,0x944aa638bcb0
0x401da0,0x944aa6385120
0x401ea1,0x944aa6385710
0x401e1b,0x635dffa4c1c0
0x401804,0x309dcddf13a8
0x401861,0x309dcddf1348
0x401e31,0x309dcddf0fa8
0x401804,0x309dcddf1c68
0x401da0,0x944aa63872a0
0x40187e,0x309dcddf1e00
0x401e31,0x309dcddf25e8
0x40187e,0x309dcddf31c0
0x401da0,0x944aa6387a20
0x40182a,0x309dcddf3540
0x401ea1,0x944aa6387c50
0x401e31,0x309dcddf2ea8
0x401dc9,0x635dffa5e528
0x401d8b,0x309dcddec1d8
0x40187e,0x309dcddf3d00
0x401cfb,0x635dffa5ebd8
0x401dc9,0x635dffa5ed48
0x401e47,0x944aa6391370
0x401804,0x309dcddf5108
0x401804,0x309dcddf5248
0x401ea1,0x944aa63898d0
0x401dc9,0x635dffa601a8
0x401d8b,0x309dcddecdb8
0x401e31,0x309dcddf4f88
0x401e47,0x944aa6391e10
0x401cfb,0x635dffa608f8
0x401cfb,0x635dffa60998
0x401e47,0x944aa63931d0
0x401e89,0x309dcddee808
0x401ed1,0x944aa638b380
0x401ea1,0x944aa638b550
0x401cfb,0x635dffa60d58
0x401e31,0x309dcddf6c08
0x401dc9,0x635dffa623c8
0x401e47,0x944aa6393d10
0x401cfb,0x635dffa62758
0x401e89,0x309dcddf0988
0x40182a,0x309dcddf9100
0x401ed1,0x944aa638d780
0x401dc9,0x635dffa647c8
0x401da0,0x944aa638dfe0
0x40185c,0x309dcddf9f80
0x401e89,0x309dcddf2ec8
0x401dc9,0x635dffa663a8
0x401dc9,0x635dffa66588
0x401804,0x309dcddfbda8
0x401ea1,0x944aa6391390
0x401d8b,0x309dcddf4738
0x40187e,0x309dcddfbf40
0x401ea1,0x944aa6391c50
0x401e1b,0x635dffa58980
0x401e89,0x309dcddf6408
0x401e47,0x944aa6399fb0
0x40185c,0x309dcddfdc40
0x401d8b,0x309dcddf6778
0x401e1b,0x635dffa58fc0
0x401da0,0x944aa6393560
0x401e31,0x309dcddfebc8
0x401e1b,0x635dffa5a4c0
0x401e47,0x944aa639bf50
0x401ed1,0x944aa6395100
0x401ed1,0x944aa6395240
0x401d8b,0x309dcddf8998
0x40182a,0x309dcde010c0
0x401e31,0x309dcde008e8
0x40185c,0x309dcde01180
0x401e31,0x309dcde00988
0x401dc9,0x635dffa6c1e8
0x401e1b,0x635dffa5c500
0x401e31,0x309dcde00d48
0x401d8b,0x309dcddf8fd8
0x401dc9,0x635dffa6c648
0x401e47,0x944aa639dc70
0x401d8b,0x309dcddfa4d8
0x40187e,0x309dcde01c40
0x401e31,0x309dcde02748
0x401cfb,0x635dffa6cd98
0x40182a,0x309dcde03100
0x401cfb,0x635dffa6e838
0x401d8b,0x309dcddfc518
0x401da0,0x944aa6399120
0x401e47,0x944aa63a11b0
0x401804,0x309dcde05128
0x401804,0x309dcde05308
0x40185c,0x309dcde05700
0x401e47,0x944aa63a1c50
0x401804,0x309dcde05a88
0x401e89,0x309dcddfe508
0x401cfb,0x635dffa709b8
0x401dc9,0x635dffa70f88
0x401804,0x309dcde07208
0x401804,0x309dcde072a8
0x401d8b,0x309dcddfed78
0x401dc9,0x635dffa725c8
0x401e89,0x309dcde00188
0x401ea1,0x944aa639bd90
0x401804,0x309dcde07a28
0x40185c,0x309dcde07c40
0x40182a,0x309dcde07cc0
0x401dc9,0x635dffa72e88
0x401cfb,0x635dffa72ef8
0x401e47,0x944aa63a5730
0x40185c,0x309dcde098c0
0x401cfb,0x635dffa74718
0x401d8b,0x309dcde023f8
0x40187e,0x309dcde0b380
0x40185c,0x309dcde0b540
0x401cfb,0x635dffa76438
0x401e47,0x944aa63a7c70
0x401cfb,0x635dffa76758
0x401da0,0x944aa63a10e0
0x401804,0x309dcde0bc88
0x401d8b,0x309dcde047f8
0x401e47,0x944aa63a98f0
0x401e31,0x309dcde0cd88
0x40187e,0x309dcde0d780
0x401e89,0x309dcde06388
0x401e1b,0x635dffa68b80
0x401da0,0x944aa63a3120
0x401dc9,0x635dffa789a8
0x401d8b,0x309dcde065b8
0x401e47,0x944aa63ab390
0x401804,0x309dcde0dfe8
0x401e31,0x309dcde0e828
0x401e47,0x944aa63ab570
0x401dc9,0x635dffa78fe8
0x401dc9,0x635dffa7a4e8
0x401ea1,0x944aa63a5110
0x401ed1,0x944aa63a5300
0x401e31,0x309dcde109a8
0x401d8b,0x309dcde08b98
0x401804,0x309dcde11348
0x40185c,0x309dcde11380
0x401e47,0x944aa63ad790
0x401ed1,0x944aa63a5a80
0x401dc9,0x635dffa7c528
0x40185c,0x309dcde11c40
0x401ea1,0x944aa63a7290
0x401ed1,0x944aa63a7200
0x40182a,0x309dcde11e00
0x40182a,0x309dcde131c0
0x401ea1,0x944aa63a7a10
0x401804,0x309dcde13568
0x401cfb,0x635dffa7e538
0x401da0,0x944aa63a7ce0
0x401e31,0x309dcde12ee8
0x401e89,0x309dcde0c1c8
0x401d8b,0x309dcde0c678
0x40182a,0x309dcde13d00
0x401e31,0x309dcde14708
0x401cfb,0x635dffa7ed58
0x401e47,0x944aa63b13b0
0x40187e,0x309dcde15100
0x40187e,0x309dcde15240
0x401cfb,0x635dffa801b8
0x401e47,0x944aa63b1c70
0x401dc9,0x635dffa808c8
0x401e31,0x309dcde16428
0x401e31,0x309dcde16748
0x401cfb,0x635dffa823d8
0x401ed1,0x944aa63abc80
0x401e47,0x944aa63b5110
0x401e47,0x944aa63b5250
0x401804,0x309dcde19128
0x401d8b,0x309dcde10fb8
0x401ea1,0x944aa63adfd0
0x401cfb,0x635dffa847d8
0x401d8b,0x309dcde125f8
0x401804,0x309dcde19f88
0x401e1b,0x635dffa74f80
0x401d8b,0x309dcde12eb8
0x401cfb,0x635dffa863b8
0x401cfb,0x635dffa86598
0x401e1b,0x635dffa76c00
0x40185c,0x309dcde1bd80
0x401ed1,0x944aa63b1340
0x40182a,0x309dcde1bf40
0x401d8b,0x309dcde14f98
0x401da0,0x944aa63b1e20
0x401804,0x309dcde1dc48
0x401da0,0x944aa63b31e0
0x401dc9,0x635dffa88ba8
0x401e31,0x309dcde1e528
0x401ea1,0x944aa63b3550
0x401d8b,0x309dcde16c18
0x401e31,0x309dcde1ed48
0x401da0,0x944aa63b3d20
0x401e31,0x309dcde201a8
0x401e47,0x944aa63bbdb0
0x401e89,0x309dcde18988
0x401804,0x309dcde210e8
0x401804,0x309dcde21188
0x401cfb,0x635dffa8c1f8
0x401e89,0x309dcde18fc8
0x401cfb,0x635dffa8c658
0x401e89,0x309dcde1a4c8
0x401e31,0x309dcde223c8
0x40182a,0x309dcde21c40
0x401804,0x309dcde23128
0x401dc9,0x635dffa8e808
0x401e89,0x309dcde1c508
0x401ea1,0x944aa63b9110
0x401e1b,0x635dffa7ebc0
0x401e31,0x309dcde247c8
0x40185c,0x309dcde25100
0x40187e,0x309dcde25300
0x401804,0x309dcde25708
0x40187e,0x309dcde25a80
0x401e1b,0x635dffa80980
0x4017b0,0x944aa63b9f80
0x401dc9,0x635dffa90988
0x401e31,0x309dcde263a8
0x401e1b,0x635dffa80d40
0x401e31,0x309dcde26588
0x401cfb,0x635dffa90f98
0x40187e,0x309dcde27200
0x401d8b,0x309dcde1ebd8
0x401861,0x309dcde27288
0x401e1b,0x635dffa82740
0x401cfb,0x635dffa925d8
0x40185c,0x309dcde27a00
0x401da0,0x944aa63bbf60
0x401804,0x309dcde27c48
0x401804,0x309dcde27ce8
0x401e47,0x944aa63c5130
0x401e47,0x944aa63c5310
0x401d8b,0x309dcde208f8
0x401d8b,0x309dcde20998
0x401dc9,0x635dffa92ec8
0x401cfb,0x635dffa92e98
0x401d8b,0x309dcde20d58
0x401e47,0x944aa63c5a90
0x401ed1,0x944aa63bdc40
0x401804,0x309dcde298c8
0x401d8b,0x309dcde22758
0x401e47,0x944aa63c7210
0x401e47,0x944aa63c72b0
0x401dc9,0x635dffa94fa8
0x40182a,0x309dcde2b380
0x401804,0x309dcde2b548
0x401dc9,0x635dffa96408
0x401e47,0x944aa63c7a30
0x401e31,0x309dcde2c1e8
0x401ea1,0x944aa63c10d0
0x40187e,0x309dcde2bc80
0x401ed1,0x944aa63c1180
0x401e31,0x309dcde2c648
0x401dc9,0x635dffa96c28
0x401da0,0x944aa63c1c60
0x401705,0x309dcde2d780
0x401ea1,0x944aa63c3110
0x401cfb,0x635dffa989b8
0x40185c,0x309dcde2dfc0
0x401cfb,0x635dffa98ff8
0x401cfb,0x635dffa9a4f8
0x401e47,0x944aa63cbc90
0x401e89,0x309dcde28b88
0x401ed1,0x944aa63c5700
0x40187e,0x309dcde31340
0x401804,0x309dcde31388
0x401cfb,0x635dffa9c538
0x401e31,0x309dcde30f88
0x401e47,0x944aa63cdff0
0x401804,0x309dcde31c48
0x401e1b,0x635dffa8cd80
0x401804,0x309dcde31e28
0x401e31,0x309dcde325c8
0x401804,0x309dcde331e8
0x40185c,0x309dcde33540
0x401dc9,0x635dffa9e508
0x401e31,0x309dcde32e88
0x401ed1,0x944aa63c7c40
0x401ea1,0x944aa63c7cd0
0x401804,0x309dcde33d28
0x401dc9,0x635dffa9ebe8
0x401e47,0x944aa63d1350
0x40182a,0x309dcde35100
0x40182a,0x309dcde35240
0x401dc9,0x635dffaa0188
0x401ed1,0x944aa63c98c0
0x401d8b,0x309dcde2cd98
0x401cfb,0x635dffaa08d8
0x401dc9,0x635dffaa09a8
0x401da0,0x944aa63cb3a0
0x401d8b,0x309dcde2e838
0x401dc9,0x635dffaa0d68
0x401ed1,0x944aa63cb540
0x401e47,0x944aa63d3570
0x401dc9,0x635dffaa2768
0x401d8b,0x309dcde309b8
0x40185c,0x309dcde39100
0x401e31,0x309dcde389a8
0x401da0,0x944aa63cd7a0
0x401e1b,0x635dffa94700
0x401e31,0x309dcde38fe8
0x401e31,0x309dcde3a4e8
0x40187e,0x309dcde39f80
0x401dc9,0x635dffaa6388
0x401d8b,0x309dcde32ef8
0x401e1b,0x635dffa96740
0x401804,0x309dcde3bd88
0x401e31,0x309dcde3c528
0x401e47,0x944aa63d9130
0x401d8b,0x309dcde34718
0x401ed1,0x944aa63d1380
0x401804,0x309dcde3bf68
0x4017e0,0x309dcde34f88
0x401ed1,0x944aa63d1c40
0x401ea1,0x944aa63d1e10
0x401d8b,0x309dcde36438
0x401ea1,0x944aa63d31d0
0x401e47,0x944aa63d9f90
0x40187e,0x309dcde3dc40
0x401cfb,0x635dffaa8bb8
0x401d8b,0x309dcde36758
0x401e89,0x309dcde36c08
0x401ea1,0x944aa63d3d10
0x401e47,0x908653176c10
0x401da0,0x944aa63d5120
0x401da0,0x944aa63d5260
0x40185c,0x309dcde410c0
0x401e31,0x309dcde408c8
0x40187e,0x309dcde41180
0x401dc9,0x635dffaac1c8
0x401804,0x309dcde41c68
0x401dc9,0x635dffaacda8
0x40185c,0x309dcde43100
0x401cfb,0x635dffaae818
0x401e1b,0x635dffa9ed40
0x401804,0x309dcde45108
0x401705,0x309dcde45300
0x40187e,0x309dcde45700
0x40182a,0x309dcde45a80
0x401d8b,0x309dcde3e538
0x401cfb,0x635dffab0998
0x401ea1,0x908653176410
0x401e89,0x309dcde3ebc8
0x401804,0x309dcde47288
0x40182a,0x309dcde47200
0x401ed1,0x908653176740
0x401e1b,0x635dffaa23c0
0x401d8b,0x309dcde3ed58
0x401e47,0x90865317ebd0
0x401d8b,0x309dcde401b8
0x401804,0x309dcde47a08
0x40187e,0x309dcde47c40
0x40185c,0x309dcde47cc0
0x401e89,0x309dcde40988
0x401cfb,0x635dffab2ed8
0x401e89,0x309dcde40d48
0x401e31,0x309dcde48ba8
0x401da0,0x9086531789a0
0x401e47,0x9086531808f0
0x401e47,0x908653180990
0x401e1b,0x635dffaa47c0
0x40187e,0x309dcde498c0
0x401dc9,0x635dffab4728
0x401e47,0x908653180d50
0x401d8b,0x309dcde423d8
0x401da0,0x908653178fe0
0x401e89,0x309dcde42748
0x401da0,0x90865317a4e0
0x401cfb,0x635dffab4fb8
0x401e47,0x908653182750
0x401e1b,0x635dffaa6580
0x401cfb,0x635dffab6418
0x40187e,0x79e62eca47c0
0x401dc9,0x635dffab6768
0x401cfb,0x635dffab6c38
0x401d8b,0x309dcde447d8
0x401e31,0x79e62eca5728
0x401da0,0x90865317c520
0x40185c,0x79e62eca6380
0x40187e,0x79e62eca6580
0x401d8b,0x309dcde463b8
0x401dc9,0x635dffab8988
0x401d8b,0x309dcde46598
0x401ea1,0x90865317e510
0x401dc9,0x635dffab8fc8
0x401e31,0x79e62eca7c68
0x401dc9,0x635dffaba4c8
0x401ed1,0x90865317ed40
0x401804,0x79e62eca8ba8
0x401ea1,0x908653180190
0x401e31,0x79e62eca98e8
0x401e1b,0x635dffaac640
0x401dc9,0x635dffabc508
0x401d8b,0x79e62eca3118
0x401e31,0x79e62ecab388
0x401e31,0x79e62ecab568
0x401ed1,0x9086531823c0
0x40185c,0x79e62ecac1c0
0x40187e,0x79e62ecac640
0x401e89,0x79e62eca5108
0x401cfb,0x635dffabe518
0x401d8b,0x79e62eca5338
0x40182a,0x79e62ecacd80
0x401cfb,0x635dffabebf8
0x401dc9,0x635dffabed68
0x401e31,0x79e62ecad788
0x40173b,0x79e62eca5ab8
0x401ed1,0x9086531847c0
0x401cfb,0x635dffac0198
0x401804,0x79e62ecae808
0x401e89,0x79e62eca7288
0x401d8b,0x79e62eca7238
0x401e47,0x90865318cd90
0x401cfb,0x635dffac09b8
0x401ea1,0x908653186390
0x401e1b,0x635dffab0f80
0x401cfb,0x635dffac0d78
0x401e89,0x79e62eca7a08
0x401ed1,0x908653186580
0x401d8b,0x79e62eca7cd8
0x401e47,0x90865318e830
0x401dc9,0x635dffac23e8
0x401e1b,0x635dffab25c0
0x401804,0x79e62ecb0988
0x401cfb,0x635dffac2778
0x401e31,0x79e62ecb13a8
0x401e1b,0x635dffab2e80
0x40187e,0x79e62ecb0f80
0x401e31,0x79e62ecb1c68
0x40187e,0x79e62ecb25c0
0x401e47,0x9086531909b0
0x401da0,0x908653188ba0
0x401dc9,0x635dffac47e8
0x401804,0x79e62ecb2ec8
0x40187e,0x79e62ecb2e80
0x401d8b,0x79e62ecabcb8
0x401cfb,0x635dffac6398
0x40182a,0x79e62ecb4700
0x401dc9,0x635dffac65a8
0x401e31,0x79e62ecb5108
0x401e31,0x79e62ecb5248
0x401e47,0x908653192ef0
0x401ea1,0x90865318c1d0
0x401804,0x79e62ecb4fa8
0x401ed1,0x90865318c640
0x401e47,0x908653194710
0x401804,0x79e62ecb6408
0x401e89,0x79e62ecadfc8
0x40182a,0x79e62ecb6740
0x401804,0x79e62ecb6c28
0x401dc9,0x635dffac8b88
0x401e47,0x908653196430
0x401e47,0x908653196750
0x40185c,0x79e62ecb8980
0x401d8b,0x79e62ecb1378
0x40185c,0x79e62ecb8fc0
0x401cfb,0x635dffacc1d8
0x40185c,0x79e62ecba4c0
0x401d8b,0x79e62ecb1e18
0x401d8b,0x79e62ecb31d8
0x401dc9,0x635dffacc668
0x401ed1,0x908653190f80
0x401e89,0x79e62ecb3548
0x401cfb,0x635dffaccdb8
0x401ed1,0x9086531925c0
0x401d8b,0x79e62ecb3d18
0x40185c,0x79e62ecbc500
0x401e31,0x79e62ecbbda8
0x401ed1,0x908653192e80
0x401804,0x79e62ecbe508
0x401e1b,0x635dffac08c0
0x401da0,0x908653194fa0
0x401804,0x79e62ecbebe8
0x40182a,0x79e62ecbed40
0x401804,0x79e62ecc0188
0x401e47,0x90865319e530
0x401dc9,0x635dffad0fa8
0x401da0,0x908653196c20
0x401e89,0x79e62ecb9108
0x401dc9,0x635dffad25e8
0x40187e,0x79e62ecc08c0
0x401804,0x79e62ecc09a8
0x401e47,0x90865319ed50
0x401804,0x79e62ecc0d68
0x401e47,0x9086531a01b0
0x401dc9,0x635dffad2ea8
0x40182a,0x79e62ecc23c0
0x401ea1,0x908653198990
0x401d8b,0x79e62ecb9fb8
0x401804,0x79e62ecc2768
0x401cfb,0x635dffad4738
0x401ea1,0x908653198fd0
0x401ea1,0x90865319a4d0
0x401e47,0x9086531a23d0
0x401dc9,0x635dffad4f88
0x401d8b,0x79e62ecbbf58
0x40182a,0x79e62ecc47c0
0x401e31,0x79e62ecc5128
0x401cfb,0x635dffad6778
0x401e31,0x79e62ecc5308
0x401dc9,0x635dffad6c08
0x401ea1,0x90865319c510
0x401e31,0x79e62ecc5a88
0x401d8b,0x79e62ecbdc78
0x401804,0x79e62ecc6388
0x401e47,0x9086531a47d0
0x40182a,0x79e62ecc6580
0x401e31,0x79e62ecc7208
0x401e31,0x79e62ecc72a8
0x401cfb,0x635dffad8998
0x401e47,0x9086531a63b0
0x401e47,0x9086531a6590
0x401cfb,0x635dffad8fd8
0x401e31,0x79e62ecc7a28
0x401e89,0x79e62ecc10c8
0x401da0,0x90865319ebe0
0x401cfb,0x635dffada4d8
0x401d8b,0x79e62ecc11b8
0x40185c,0x79e62ecc8b80
0x401d8b,0x79e62ecc1c58
0x401ed1,0x9086531a08c0
0x401da0,0x9086531a09a0
0x401e89,0x79e62ecc3108
0x401cfb,0x635dffadc518
0x401da0,0x9086531a0d60
0x401804,0x79e62eccc1c8
0x401da0,0x9086531a2760
0x401e31,0x79e62eccbc88
0x40182a,0x79e62eccc640
0x401e1b,0x635dfface800
0x401804,0x79e62ecccda8
0x401dc9,0x635dffadebc8
0x401d8b,0x79e62ecc5738
0x401e47,0x9086531ac1f0
0x401cfb,0x635dffaded78
0x401e47,0x9086531ac650
0x401e31,0x79e62eccdfe8
0x40187e,0x79e62ecce800
0x401e1b,0x635dffad0980
0x401dc9,0x635dffae08e8
0x401dc9,0x635dffae0988
0x401dc9,0x635dffae0d48
0x401e89,0x79e62ecc7cc8
0x401d8b,0x79e62ecc7c78
0x401cfb,0x635dffae23f8
0x401dc9,0x635dffae2748
0x40187e,0x79e62ecd0980
0x401e31,0x79e62ecd1348
0x401e1b,0x635dffad2ec0
0x401d8b,0x79e62ecc98f8
0x40182a,0x79e62ecd0f80
0x401ea1,0x9086531a8b90
0x40182a,0x79e62ecd25c0
0x401cfb,0x635dffae47f8
0x401d8b,0x79e62eccb398
0x401e47,0x9086531b0f90
0x401d8b,0x79e62eccb578
0x401e31,0x79e62ecd3568
0x40182a,0x79e62ecd2e80
0x40187e,0x79e62ecd2ec0
0x401e47,0x9086531b25d0
0x401e1b,0x635dffad6400
0x401804,0x79e62ecd4728
0x401cfb,0x635dffae65b8
0x401e47,0x9086531b2e90
0x401d8b,0x79e62eccd798
0x40185c,0x79e62ecd4f80
0x40187e,0x79e62ecd6400
0x401804,0x79e62ecd6768
0x401da0,0x9086531acda0
0x40185c,0x79e62ecd6c00
0x401cfb,0x635dffae8b98
0x401ed1,0x9086531ae800
0x401804,0x79e62ecd8988
0x401e31,0x79e62ecd9128
0x401d8b,0x79e62ecd13b8
0x401804,0x79e62ecd8fc8
0x401d8b,0x79e62ecd1c78
0x401e89,0x79e62ecd1e08
0x401804,0x79e62ecda4c8
0x401ed1,0x9086531b0980
0x401e47,0x9086531b89b0
0x401e89,0x79e62ecd31c8
0x401e31,0x79e62ecd9f88
0x401cfb,0x635dffaec678
0x401e47,0x9086531b8ff0
0x401dc9,0x635dffaecd88
0x401e47,0x9086531ba4f0
0x401e89,0x79e62ecd3d08
0x401804,0x79e62ecdc508
0x401e1b,0x635dffade500
0x40173b,0x79e62ecd5118
0x401d8b,0x79e62ecd5258
0x401ed1,0x9086531b2ec0
0x401dc9,0x635dffaee828
0x401e1b,0x635dffae0180
0x401e47,0x9086531bc530
0x401da0,0x9086531b4720
0x40187e,0x79e62ecde500
0x401e31,0x79e62ecddc48
0x401ea1,0x9086531b4f90
0x401dc9,0x635dffaf09a8
0x40185c,0x79e62ecdebc0
0x401804,0x79e62ecded68
0x401ed1,0x9086531b6400
0x40187e,0x79e62ece0180
0x401cfb,0x635dffaf0fb8
0x401da0,0x9086531b6760
0x401ea1,0x9086531b6c10
0x401cfb,0x635dffaf25f8
0x401e31,0x79e62ece10e8
0x40182a,0x79e62ece08c0
0x401e31,0x79e62ece1188
0x40185c,0x79e62ece0980
0x40185c,0x79e62ece0d40
0x401dc9,0x635dffaf2ee8
0x401cfb,0x635dffaf2eb8
0x401804,0x79e62ece23e8
0x401e47,0x9086531c08d0
0x40185c,0x79e62ece2740
0x401dc9,0x635dffaf4708
0x401e31,0x79e62ece3128
0x401cfb,0x635dffaf4f98
0x401e1b,0x635dffae6380
0x401d8b,0x79e62ecdbdb8
0x401e89,0x79e62ecdbf48
0x401dc9,0x635dffaf6428
0x401804,0x79e62ece47e8
0x401dc9,0x635dffaf6748
0x401cfb,0x635dffaf6c18
0x401e31,0x79e62ece5708
0x40187e,0x79e62ece6380
0x401804,0x79e62ece65a8
0x401ed1,0x9086531be500
0x401e31,0x79e62ece7c48
0x401e31,0x79e62ece7ce8
0x401ea1,0x9086531bebd0
0x401da0,0x9086531bed60
0x401804,0x79e62ece8b88
0x401ed1,0x9086531c0180
0x401e31,0x79e62ece98c8
0x401e1b,0x635dffaec1c0
0x401e89,0x79e62ece1c48
0x401ea1,0x9086531c0990
0x401ea1,0x9086531c0d50
0x401e47,0x9086531c8bb0
0x401e31,0x79e62eceb548
0x401da0,0x9086531c23e0
0x401ea1,0x9086531c2750
0x40187e,0x79e62ecec1c0
0x401804,0x79e62ecec668
0x401dc9,0x635dffafe528
0x401d8b,0x79e62ece5138
0x401d8b,0x79e62ece5318
0x40185c,0x79e62ececd80
0x401cfb,0x635dffafebd8
0x401dc9,0x635dffafed48
0x401d8b,0x79e62ece5a98
0x401da0,0x9086531c47e0
0x401dc9,0x635dffb001a8
0x40182a,0x79e62ecee800
0x401d8b,0x79e62ece7218
0x401d8b,0x79e62ece72b8
0x401cfb,0x635dffb008f8
0x401cfb,0x635dffb00998
0x401ed1,0x9086531c6380
0x401cfb,0x635dffb00d58
0x401da0,0x9086531c65a0
0x401d8b,0x79e62ece7a38
0x401e47,0x9086531ce810
0x401dc9,0x635dffb023c8
0x401cfb,0x635dffb02758
0x40182a,0x79e62ecf0980
0x401e31,0x79e62ecf1388
0x401804,0x79e62ecf0fa8
0x401e31,0x79e62ecf1c48
0x401804,0x79e62ecf25e8
0x401e47,0x9086531d0990
0x401e31,0x79e62ecf1e28
0x401dc9,0x635dffb047c8
0x401e89,0x79e62eceb388
0x401e31,0x79e62ecf31e8
0x401804,0x79e62ecf2ea8
0x40182a,0x79e62ecf2ec0
0x40173b,0x79e62ecebc98
0x401e31,0x79e62ecf3d28
0x401dc9,0x635dffb063a8
0x40185c,0x79e62ecf4700
0x401dc9,0x635dffb06588
0x401e47,0x9086531d2ed0
0x401ed1,0x9086531cc1c0
0x401e89,0x79e62eced788
0x401804,0x79e62ecf4f88
0x401da0,0x9086531cc660
0x40182a,0x79e62ecf6400
0x401d8b,0x79e62ecedff8
0x40185c,0x79e62ecf6740
0x401ea1,0x9086531ccd90
0x401e1b,0x635dffaf8980
0x401804,0x79e62ecf6c08
0x401e47,0x9086531d4fb0
0x401e1b,0x635dffaf8fc0
0x401e47,0x9086531d6410
0x401e1b,0x635dffafa4c0
0x401e47,0x9086531d6c30
0x40187e,0x79e62ecf8980
0x401d8b,0x79e62ecf1358
0x40187e,0x79e62ecf8fc0
0x401dc9,0x635dffb0c1e8
0x40187e,0x79e62ecfa4c0
0x401e1b,0x635dffafc500
0x401dc9,0x635dffb0c648
0x401da0,0x9086531d0fa0
0x401d8b,0x79e62ecf3578
0x401cfb,0x635dffb0cd98
0x401da0,0x9086531d25e0
0x40187e,0x79e62ecfc500
0x401e31,0x79e62ecfbd88
0x401e89,0x79e62ecf5108
0x401e31,0x79e62ecfbf68
0x401e89,0x79e62ecf5248
0x401da0,0x9086531d2ea0
0x401cfb,0x635dffb0e838
0x401ea1,0x9086531d4710
0x40182a,0x79e62ecfe500
0x401804,0x79e62ecfebc8
0x401cfb,0x635dffb109b8
0x40185c,0x79e62ecfed40
0x401dc9,0x635dffb10f88
0x401e47,0x9086531de510
0x401ea1,0x9086531d6750
0x40182a,0x79e62ed00180
0x401dc9,0x635dffb125c8
0x401d8b,0x79e62ecf9138
0x401e47,0x9086531debf0
0x401804,0x79e62ed008e8
0x401804,0x79e62ed00988
0x401804,0x79e62ed00d48
0x401e47,0x9086531e0190
0x401dc9,0x635dffb12e88
0x401cfb,0x635dffb12ef8
0x40185c,0x79e62ed023c0
0x401ed1,0x9086531d8980
0x401e31,0x79e62ed01c68
0x401e47,0x9086531e09b0
0x401804,0x79e62ed02748
0x401d8b,0x79e62ecf9f98
0x401cfb,0x635dffb14718
0x401e47,0x9086531e0d70
0x401ed1,0x9086531d8fc0
0x401ed1,0x9086531da4c0
0x401e47,0x9086531e2770
0x401cfb,0x635dffb16438
0x401861,0x79e62ed047c8
0x401e31,0x79e62ed05108
0x401cfb,0x635dffb16758
0x401ed1,0x9086531dc500
0x401d8b,0x79e62ecfdc58
0x40182a,0x79e62ed06380
0x40185c,0x79e62ed06580
0x401e31,0x79e62ed07288
0x401dc9,0x635dffb189a8
0x401e1b,0x635dffb08b80
0x401e47,0x9086531e6390
0x401dc9,0x635dffb18fe8
0x401e31,0x79e62ed07a08
0x401dc9,0x635dffb1a4e8
0x401ea1,0x9086531ded50
0x401d8b,0x79e62ed010f8
0x401d8b,0x79e62ed01198
0x40187e,0x79e62ed08b80
0x401da0,0x9086531e08e0
0x401dc9,0x635dffb1c528
0x401d8b,0x79e62ed03138
0x401e31,0x79e62ed0b3a8
0x401ea1,0x9086531e23d0
0x40182a,0x79e62ed0c1c0
0x40185c,0x79e62ed0c640
0x401cfb,0x635dffb1e538
0x401e89,0x79e62ed05308
0x401804,0x79e62ed0cd88
0x401d8b,0x79e62ed05718
0x401e47,0x9086531ec1d0
0x401cfb,0x635dffb1ed58
0x401e31,0x79e62ed0d7a8
0x401e89,0x79e62ed05a88
0x401ea1,0x9086531e47d0
0x401cfb,0x635dffb201b8
0x401804,0x79e62ed0e828
0x401e89,0x79e62ed07208
0x401e31,0x79e62ed0dfc8
0x401e47,0x9086531ecdb0
0x401dc9,0x635dffb208c8
0x401ea1,0x9086531e6590
0x401d8b,0x79e62ed07c58
0x401d8b,0x79e62ed07cf8
0x401cfb,0x635dffb223d8
0x401804,0x79e62ed109a8
0x401d8b,0x79e62ed098d8
0x40185c,0x79e62ed10f80
0x40185c,0x79e62ed125c0
0x401ed1,0x9086531e8b80
0x401cfb,0x635dffb247d8
0x401d8b,0x79e62ed0b558
0x4017a3,0x79e62ed13548
0x401804,0x79e62ed12ee8
0x40185c,0x79e62ed12e80
0x401e1b,0x635dffb14f80
0x401e89,0x79e62ed0bc88
0x401cfb,0x635dffb263b8
0x401804,0x79e62ed14708
0x401cfb,0x635dffb26598
0x401e31,0x79e62ed15128
0x401e31,0x79e62ed15268
0x401e1b,0x635dffb16c00
0x40187e,0x79e62ed14f80
0x401ea1,0x9086531ec650
0x401e47,0x9086531f4730
0x401804,0x79e62ed16428
0x401804,0x79e62ed16748
0x40187e,0x79e62ed16c00
0x401dc9,0x635dffb28ba8
0x401da0,0x9086531ee820
0x401e47,0x9086531f6770
0x401e31,0x79e62ed19108
0x401e89,0x79e62ed11348
0x40182a,0x79e62ed18980
0x401d8b,0x79e62ed11398
0x40182a,0x79e62ed18fc0
0x401d8b,0x79e62ed11c58
0x401da0,0x9086531f09a0
0x401cfb,0x635dffb2c1f8
0x40182a,0x79e62ed1a4c0
0x401d8b,0x79e62ed11e38
0x401e47,0x9086531f8990
0x401d8b,0x79e62ed131f8
0x401cfb,0x635dffb2c658
0x401ea1,0x9086531f0f90
0x401796,0x9086531f8fd0
0x401ea1,0x9086531f25d0
0x401e47,0x9086531fa4d0
0x401d8b,0x79e62ed13d38
0x40182a,0x79e62ed1c500
0x401ea1,0x9086531f2e90
0x401da0,0x9086531f2ee0
0x401dc9,0x635dffb2e808
0x401e1b,0x635dffb1ebc0
0x401e47,0x9086531fc510
0x401804,0x79e62ed1e528
0x401e1b,0x635dffb20980
0x401ed1,0x9086531f4f80
0x401dc9,0x635dffb30988
0x40187e,0x79e62ed1ebc0
0x401e1b,0x635dffb20d40
0x401804,0x79e62ed1ed48
0x401da0,0x9086531f6420
0x401804,0x79e62ed201a8
0x401cfb,0x635dffb30f98
0x401ed1,0x9086531f6c00
0x401e1b,0x635dffb22740
0x401cfb,0x635dffb325d8
0x40185c,0x79e62ed208c0
0x401e31,0x79e62ed210c8
0x40187e,0x79e62ed20980
0x401e47,0x9086531fed70
0x40187e,0x79e62ed20d40
0x401dc9,0x635dffb32ec8
0x401cfb,0x635dffb32e98
0x401804,0x79e62ed223c8
0x401e89,0x79e62ed19f88
0x40187e,0x79e62ed22740
0x401e31,0x79e62ed23108
0x401dc9,0x635dffb34fa8
0x401e47,0x9086532023f0
0x401d8b,0x79e62ed1bd98
0x401dc9,0x635dffb36408
0x401d8b,0x79e62ed1bf78
0x401804,0x79e62ed247c8
0x401e31,0x79e62ed25328
0x401dc9,0x635dffb36c28
0x401e89,0x79e62ed1dc48
0x401e31,0x79e62ed25aa8
0x401804,0x79e62ed263a8
0x401e47,0x9086532047f0
0x401804,0x79e62ed26588
0x401e31,0x79e62ed27228
0x401cfb,0x635dffb389b8
0x401da0,0x9086531fe520
0x401cfb,0x635dffb38ff8
0x401e47,0x9086532065b0
0x401e31,0x79e62ed27cc8
0x401ed1,0x9086531febc0
0x401cfb,0x635dffb3a4f8
0x401e89,0x79e62ed21188
0x40182a,0x79e62ed28b80
0x401da0,0x9086532001a0
0x401ea1,0x9086532008d0
0x401d8b,0x79e62ed21c78
0x401ed1,0x908653200980
0x401cfb,0x635dffb3c538
0x401e47,0x908653208b90
0x401ed1,0x908653200d40
0x401e1b,0x635dffb2cd80
0x401804,0x79e62ed2c1e8
0x401ed1,0x908653202740
0x401e31,0x79e62ed2bca8
0x401804,0x79e62ed2c648
0x401dc9,0x635dffb3e508
0x401d8b,0x79e62ed25118
0x401e89,0x79e62ed25708
0x40187e,0x79e62ed2cd80
0x401dc9,0x635dffb3ebe8
0x401e47,0x90865320c670
0x401dc9,0x635dffb40188
0x40185c,0x79e62ed2e800
0x401d8b,0x79e62ed27298
0x401cfb,0x635dffb408d8
0x401dc9,0x635dffb409a8
0x401da0,0x9086532063a0
0x401dc9,0x635dffb40d68
0x401d8b,0x79e62ed27a18
0x401e89,0x79e62ed27c48
0x401dc9,0x635dffb42768
0x40185c,0x79e62ed30980
0x401e31,0x79e62ed31368
0x401e89,0x79e62ed298c8
0x401804,0x79e62ed30f88
0x401804,0x79e62ed325c8
0x401e31,0x79e62ed31e08
0x401e1b,0x635dffb34700
0x401e31,0x79e62ed331c8
0x401d8b,0x79e62ed2b3b8
0x401e89,0x79e62ed2b548
0x401e47,0x908653210fb0
0x401804,0x79e62ed32e88
0x40185c,0x79e62ed32ec0
0x401e47,0x9086532125f0
0x401dc9,0x635dffb46388
0x401e31,0x79e62ed33d08
0x401e1b,0x635dffb36740
0x40187e,0x79e62ed34700
0x401e47,0x908653212eb0
0x401da0,0x90865320c1e0
0x401d8b,0x79e62ed2d7b8
0x40182a,0x79e62ed34f80
0x40185c,0x79e62ed36400
0x401d8b,0x79e62ed2dfd8
0x40187e,0x79e62ed36740
0x401ed1,0x90865320cd80
0x401e47,0x908653214f90
0x40182a,0x79e62ed36c00
0x401cfb,0x635dffb48bb8
0x401ea1,0x90865320e810
0x401e47,0x908653216c10
0x401804,0x79e62ed389a8
0x401e89,0x79e62ed31388
0x401804,0x79e62ed38fe8
0x401e89,0x79e62ed31c48
0x401dc9,0x635dffb4c1c8
0x401ea1,0x908653210990
0x401804,0x79e62ed3a4e8
0x401e31,0x79e62ed39fa8
0x401d8b,0x79e62ed33558
0x401dc9,0x635dffb4cda8
0x401804,0x79e62ed3c528
0x401e31,0x79e62ed3bf48
0x401d8b,0x79e62ed35138
0x401ea1,0x908653212ed0
0x401d8b,0x79e62ed35278
0x401cfb,0x635dffb4e818
0x401e1b,0x635dffb3ed40
0x401ed1,0x908653214700
0x40185c,0x79e62ed3e500
0x401e31,0x79e62ed3dc68
0x40182a,0x79e62ed3ebc0
0x401cfb,0x635dffb50998
0x40187e,0x79e62ed3ed40
0x401ea1,0x908653216410
0x40185c,0x79e62ed40180
0x401ed1,0x908653216740
0x401e1b,0x635dffb423c0
0x401d8b,0x79e62ed39118
0x401e47,0x90865321ebd0
0x401804,0x79e62ed408c8
0x40182a,0x79e62ed40980
0x401e31,0x79e62ed411a8
0x40182a,0x79e62ed40d40
0x401cfb,0x635dffb52ed8
0x40176a,0x79e62ed423c0
0x40172e,0x9086532189a0
0x401796,0x9086532208f0
0x4017a3,0x79e62ed41c48
0x401e47,0x908653220990
0x40182a,0x79e62ed42740
0x401e1b,0x635dffb447c0
0x401dc9,0x635dffb54728
0x401e47,0x908653220d50
0x401da0,0x908653218fe0
0x401da0,0x90865321a4e0
0x401cfb,0x635dffb54fb8
0x401e89,0x79e62ed3bd88
0x401e47,0x908653222750
0x401e1b,0x635dffb46580
0x401cfb,0x635dffb56418
0x40187e,0x79e62ed447c0
0x401dc9,0x635dffb56768
0x401cfb,0x635dffb56c38
0x401e31,0x79e62ed45728
0x401da0,0x90865321c520
0x40185c,0x79e62ed46380
0x40187e,0x79e62ed46580
0x401dc9,0x635dffb58988
0x401ea1,0x90865321e510
0x401dc9,0x635dffb58fc8
0x401e31,0x79e62ed47c68
0x401dc9,0x635dffb5a4c8
0x401d8b,0x79e62ed410d8
0x401ed1,0x90865321ed40
0x401804,0x79e62ed48ba8
0x401ea1,0x908653220190
0x401e31,0x79e62ed498e8
0x401e1b,0x635dffb4c640
0x401dc9,0x635dffb5c508
0x401d8b,0x79e62ed43118
0x401e31,0x79e62ed4b388
0x401e31,0x79e62ed4b568
0x401ed1,0x9086532223c0
0x40185c,0x79e62ed4c1c0
0x40187e,0x79e62ed4c640
0x401e89,0x79e62ed45108
0x401cfb,0x635dffb5e518
0x401d8b,0x79e62ed45338
0x40182a,0x79e62ed4cd80
0x401cfb,0x635dffb5ebf8
0x401dc9,0x635dffb5ed68
0x401e31,0x79e62ed4d788
0x401d8b,0x79e62ed45ab8
0x401ed1,0x9086532247c0
0x401cfb,0x635dffb60198
0x401804,0x79e62ed4e808
0x401e89,0x79e62ed47288
0x401d8b,0x79e62ed47238
0x401e47,0x90865322cd90
0x401cfb,0x635dffb609b8
0x401ea1,0x908653226390
0x401e1b,0x635dffb50f80
0x401cfb,0x635dffb60d78
0x401e89,0x79e62ed47a08
0x401ed1,0x908653226580
0x401d8b,0x79e62ed47cd8
0x401e47,0x90865322e830
0x401dc9,0x635dffb623e8
0x401e1b,0x635dffb525c0
0x401804,0x79e62ed50988
0x401cfb,0x635dffb62778
0x401e31,0x79e62ed513a8
0x401e1b,0x635dffb52e80
0x40187e,0x79e62ed50f80
0x401e31,0x79e62ed51c68
0x40187e,0x79e62ed525c0
0x401da0,0x908653228ba0
0x401e47,0x9086532309b0
0x401dc9,0x635dffb647e8
0x40187e,0x79e62ed52e80
0x401804,0x79e62ed52ec8
0x401d8b,0x79e62ed4bcb8
0x401cfb,0x635dffb66398
0x40182a,0x79e62ed54700
0x401dc9,0x635dffb665a8
0x401e31,0x79e62ed55108
0x401e31,0x79e62ed55248
0x401e47,0x908653232ef0
0x401ea1,0x90865322c1d0
0x401804,0x79e62ed54fa8
0x401ed1,0x90865322c640
0x401e47,0x908653234710
0x401804,0x79e62ed56408
0x401e89,0x79e62ed4dfc8
0x40182a,0x79e62ed56740
0x401804,0x79e62ed56c28
0x401dc9,0x635dffb68b88
0x401e47,0x908653236430
0x401e47,0x908653236750
0x40185c,0x79e62ed58980
0x401d8b,0x79e62ed51378
0x401736,0x79e62ed58fc0
0x401cfb,0x635dffb6c1d8
0x40185c,0x79e62ed5a4c0
0x401d8b,0x79e62ed51e18
0x401dc9,0x635dffb6c668
0x401d8b,0x79e62ed531d8
0x401ed1,0x908653230f80
0x401e89,0x79e62ed53548
0x401cfb,0x635dffb6cdb8
0x401ed1,0x9086532325c0
0x401d8b,0x79e62ed53d18
0x40185c,0x79e62ed5c500
0x401e31,0x79e62ed5bda8
0x401ed1,0x908653232e80
0x401804,0x79e62ed5e508
0x401e1b,0x635dffb608c0
0x401da0,0x908653234fa0
0x401804,0x79e62ed5ebe8
0x40182a,0x79e62ed5ed40
0x401dc9,0x635dffb70fa8
0x401804,0x79e62ed60188
0x401e47,0x90865323e530
0x401da0,0x908653236c20
0x401e89,0x79e62ed59108
0x401dc9,0x635dffb725e8
0x40187e,0x79e62ed608c0
0x401804,0x79e62ed609a8
0x401e47,0x90865323ed50
0x401804,0x79e62ed60d68
0x401e47,0x9086532401b0
0x401dc9,0x635dffb72ea8
0x401ea1,0x908653238990
0x40182a,0x79e62ed623c0
0x401d8b,0x79e62ed59fb8
0x401804,0x79e62ed62768
0x401cfb,0x635dffb74738
0x401ea1,0x908653238fd0
0x401ea1,0x90865323a4d0
0x401e47,0x9086532423d0
0x401dc9,0x635dffb74f88
0x401d8b,0x79e62ed5bf58
0x40182a,0x79e62ed647c0
0x401e31,0x79e62ed65128
0x401cfb,0x635dffb76778
0x401e31,0x79e62ed65308
0x401dc9,0x635dffb76c08
0x401ea1,0x90865323c510
0x401e31,0x79e62ed65a88
0x401804,0x79e62ed66388
0x401d8b,0x79e62ed5dc78
0x401e47,0x9086532447d0
0x40182a,0x79e62ed66580
0x401e31,0x79e62ed67208
0x401e31,0x79e62ed672a8
0x401cfb,0x635dffb78998
0x401e47,0x9086532463b0
0x401e47,0x908653246590
0x401cfb,0x635dffb78fd8
0x401e31,0x79e62ed67a28
0x401e89,0x79e62ed610c8
0x401da0,0x90865323ebe0
0x401cfb,0x635dffb7a4d8
0x401d8b,0x79e62ed611b8
0x40185c,0x79e62ed68b80
0x401d8b,0x79e62ed61c58
0x401ed1,0x9086532408c0
0x401da0,0x9086532409a0
0x401e89,0x79e62ed63108
0x401cfb,0x635dffb7c518
0x401da0,0x908653240d60
0x401804,0x79e62ed6c1c8
0x401da0,0x908653242760
0x401e31,0x79e62ed6bc88
0x40182a,0x79e62ed6c640
0x401e1b,0x635dffb6e800
0x401804,0x79e62ed6cda8
0x401dc9,0x635dffb7ebc8
0x401d8b,0x79e62ed65738
0x401e47,0x90865324c1f0
0x401cfb,0x635dffb7ed78
0x401e47,0x90865324c650
0x40187e,0x79e62ed6e800
0x401e31,0x79e62ed6dfe8
0x401e1b,0x635dffb70980
0x401dc9,0x635dffb808e8
0x401dc9,0x635dffb80988
0x401dc9,0x635dffb80d48
0x401e89,0x79e62ed67cc8
0x401d8b,0x79e62ed67c78
0x401cfb,0x635dffb823f8
0x401dc9,0x635dffb82748
0x40187e,0x79e62ed70980
0x4017a3,0x79e62ed71348
0x401e1b,0x635dffb72ec0
0x401d8b,0x79e62ed698f8
0x40182a,0x79e62ed70f80
0x40182a,0x79e62ed725c0
0x401ea1,0x908653248b90
0x401d8b,0x79e62ed6b398
0x401cfb,0x635dffb847f8
0x401e47,0x908653250f90
0x401d8b,0x79e62ed6b578
0x401e31,0x79e62ed73568
0x40182a,0x79e62ed72e80
0x40187e,0x79e62ed72ec0
0x401e47,0x9086532525d0
0x401e1b,0x635dffb76400
0x401804,0x79e62ed74728
0x401cfb,0x635dffb865b8
0x401e47,0x908653252e90
0x401d8b,0x79e62ed6d798
0x40185c,0x79e62ed74f80
0x40187e,0x79e62ed76400
0x401804,0x79e62ed76768
0x401da0,0x90865324cda0
0x40185c,0x79e62ed76c00
0x401cfb,0x635dffb88b98
0x401ed1,0x90865324e800
0x401e31,0x79e62ed79128
0x401804,0x79e62ed78988
0x40173b,0x79e62ed713b8
0x401804,0x79e62ed78fc8
0x401d8b,0x79e62ed71c78
0x401e89,0x79e62ed71e08
0x401804,0x79e62ed7a4c8
0x401ed1,0x908653250980
0x401e47,0x9086532589b0
0x401e89,0x79e62ed731c8
0x401e31,0x79e62ed79f88
0x401cfb,0x635dffb8c678
0x401e47,0x908653258ff0
0x401dc9,0x635dffb8cd88
0x401e47,0x90865325a4f0
0x401e89,0x79e62ed73d08
0x401e1b,0x635dffb7e500
0x401804,0x79e62ed7c508
0x401d8b,0x79e62ed75118
0x401d8b,0x79e62ed75258
0x401dc9,0x635dffb8e828
0x401ed1,0x908653252ec0
0x401e1b,0x635dffb80180
0x401e47,0x90865325c530
0x401da0,0x908653254720
0x401e31,0x79e62ed7dc48
0x40187e,0x79e62ed7e500
0x401ea1,0x908653254f90
0x401dc9,0x635dffb909a8
0x40185c,0x79e62ed7ebc0
0x401804,0x79e62ed7ed68
0x401ed1,0x908653256400
0x40187e,0x79e62ed80180
0x401cfb,0x635dffb90fb8
0x401da0,0x908653256760
0x401ea1,0x908653256c10
0x40170a,0x635dffb925f8
0x40182a,0x79e62ed808c0
0x401e31,0x79e62ed81188
0x40185c,0x79e62ed80980
0x4017a3,0x79e62ed810e8
0x40185c,0x79e62ed80d40
0x401dc9,0x635dffb92ee8
0x401cfb,0x635dffb92eb8
0x401804,0x79e62ed823e8
0x401e47,0x9086532608d0
0x40185c,0x79e62ed82740
0x401dc9,0x635dffb94708
0x401e31,0x79e62ed83128
0x401cfb,0x635dffb94f98
0x401e1b,0x635dffb86380
0x401d8b,0x79e62ed7bdb8
0x401e89,0x79e62ed7bf48
0x401dc9,0x635dffb96428
0x401804,0x79e62ed847e8
0x401dc9,0x635dffb96748
0x401cfb,0x635dffb96c18
0x401e31,0x79e62ed85708
0x40187e,0x79e62ed86380
0x401804,0x79e62ed865a8
0x401ed1,0x90865325e500
0x401e31,0x79e62ed87c48
0x401e31,0x79e62ed87ce8
0x401ea1,0x90865325ebd0
0x401da0,0x90865325ed60
0x401804,0x79e62ed88b88
0x401ed1,0x908653260180
0x401e31,0x79e62ed898c8
0x401e1b,0x635dffb8c1c0
0x401e89,0x79e62ed81c48
0x401ea1,0x908653260990
0x401ea1,0x908653260d50
0x401e47,0x908653268bb0
0x401e31,0x79e62ed8b548
0x401da0,0x9086532623e0
0x401ea1,0x908653262750
0x40187e,0x79e62ed8c1c0
0x401804,0x79e62ed8c668
0x401dc9,0x635dffb9e528
0x401d8b,0x79e62ed85138
0x401d8b,0x79e62ed85318
0x40185c,0x79e62ed8cd80
0x401cfb,0x635dffb9ebd8
0x401dc9,0x635dffb9ed48
0x401d8b,0x79e62ed85a98
0x401da0,0x9086532647e0
0x401dc9,0x635dffba01a8
0x40182a,0x79e62ed8e800
0x401d8b,0x79e62ed87218
0x401d8b,0x79e62ed872b8
0x401cfb,0x635dffba08f8
0x401cfb,0x635dffba0998
0x401ed1,0x908653266380
0x401cfb,0x635dffba0d58
0x401da0,0x9086532665a0
0x401d8b,0x79e62ed87a38
0x401e47,0x90865326e810
0x40176f,0x635dffba23c8
0x40182a,0x79e62ed90980
0x401cfb,0x635dffba2758
0x401e31,0x79e62ed91388
0x401804,0x79e62ed90fa8
0x401e31,0x79e62ed91c48
0x401804,0x79e62ed925e8
0x401e47,0x908653270990
0x401e31,0x79e62ed91e28
0x401dc9,0x635dffba47c8
0x401e89,0x79e62ed8b388
0x401e31,0x79e62ed931e8
0x401804,0x79e62ed92ea8
0x40182a,0x79e62ed92ec0
0x401d8b,0x79e62ed8bc98
0x401dc9,0x635dffba63a8
0x401e31,0x79e62ed93d28
0x40185c,0x79e62ed94700
0x401dc9,0x635dffba6588
0x401e47,0x908653272ed0
0x401ed1,0x90865326c1c0
0x401e89,0x79e62ed8d788
0x401804,0x79e62ed94f88
0x401da0,0x90865326c660
0x40182a,0x79e62ed96400
0x401d8b,0x79e62ed8dff8
0x40185c,0x79e62ed96740
0x401ea1,0x90865326cd90
0x401e1b,0x635dffb98980
0x401e47,0x908653274fb0
0x401804,0x79e62ed96c08
0x401e1b,0x635dffb98fc0
0x401e47,0x908653276410
0x401748,0x635dffb9a4c0
0x401e47,0x908653276c30
0x40187e,0x79e62ed98980
0x401d8b,0x79e62ed91358
0x40187e,0x79e62ed98fc0
0x401dc9,0x635dffbac1e8
0x40187e,0x79e62ed9a4c0
0x401e1b,0x635dffb9c500
0x401dc9,0x635dffbac648
0x401da0,0x908653270fa0
0x401d8b,0x79e62ed93578
0x401cfb,0x635dffbacd98
0x401da0,0x9086532725e0
0x401dc9,0xedc51a8e0188
0x40187e,0x79e62ed9c500
0x401e31,0x79e62ed9bd88
0x401e31,0x79e62ed9bf68
0x401e89,0x79e62ed95108
0x401e89,0x79e62ed95248
0x401da0,0x908653272ea0
0x401dc9,0xedc51a8e09a8
0x401cfb,0xedc51a8e08d8
0x401dc9,0xedc51a8e0d68
0x401ea1,0x908653274710
0x40182a,0x79e62ed9e500
0x401804,0x79e62ed9ebc8
0x40185c,0x79e62ed9ed40
0x401ea1,0x908653276750
0x401e47,0x90865327e510
0x401705,0x79e62eda0180
0x401cfb,0x2e06f8c39138
0x401d8b,0x79e62ed99138
0x401e47,0x90865327ebf0
0x401804,0x79e62eda08e8
0x401804,0x79e62eda0988
0x401804,0x79e62eda0d48
0x401e47,0x908653280190
0x401cfb,0x2e06f8c39f98
0x401861,0x79e62eda23c8
0x401ed1,0x908653278980
0x401e31,0x79e62eda1c68
0x401e47,0x9086532809b0
0x401d8b,0x79e62ed99f98
0x401804,0x79e62eda2748
0x401e47,0x908653280d70
0x401ed1,0x908653278fc0
0x401dc9,0x2e06f8c3bd88
0x401ed1,0x90865327a4c0
0x401dc9,0x2e06f8c3bf68
0x401e47,0x908653282770
0x40185c,0x79e62eda47c0
0x401e31,0x79e62eda5108
0x401cfb,0x2e06f8c3dc58
0x401ed1,0x90865327c500
0x401d8b,0x79e62ed9dc58
0x40182a,0x79e62eda6380
0x40185c,0x79e62eda6580
0x401e31,0x79e62eda7288
0x401e1b,0x635dffba8b80
0x401e47,0x908653286390
0x401e31,0x79e62eda7a08
0x401cfb,0x2e06f8c410f8
0x401cfb,0x2e06f8c41198
0x401ea1,0x90865327ed50
0x401d8b,0x79e62eda10f8
0x401d8b,0x79e62eda1198
0x40187e,0x79e62eda8b80
0x401dc9,0x2e06f8c41c68
0x401cfb,0x2e06f8c43138
0x401da0,0x9086532808e0
0x401d8b,0x79e62eda3138
0x401e31,0x79e62edab3a8
0x401ea1,0x9086532823d0
0x40182a,0x79e62edac1c0
0x401dc9,0x2e06f8c45108
0x40185c,0x79e62edac640
0x401e89,0x79e62eda5308
0x401cfb,0x2e06f8c45718
0x401804,0x79e62edacd88
0x401e47,0x90865328c1d0
0x401d8b,0x79e62eda5718
0x401e89,0x79e62eda5a88
0x401e31,0x79e62edad7a8
0x401ea1,0x9086532847d0
0x401dc9,0x2e06f8c47288
0x401804,0x79e62edae828
0x401e89,0x79e62eda7208
0x401e31,0x79e62edadfc8
0x401e47,0x90865328cdb0
0x401dc9,0x2e06f8c47a08
0x401cfb,0x2e06f8c47c58
0x40170a,0x2e06f8c47cf8
0x4017d0,0x908653286590
0x401d8b,0x79e62eda7c58
0x401d8b,0x79e62eda7cf8
0x401804,0x79e62edb09a8
0x40185c,0x79e62edb0f80
0x401d8b,0x79e62eda98d8
0x401dc9,0x309dcdc4c1c8
0x40185c,0x79e62edb25c0
0x401ed1,0x908653288b80
0x401d8b,0x79e62edab558
0x401e31,0x79e62edb3548
0x40185c,0x79e62edb2e80
0x401804,0x79e62edb2ee8
0x401dc9,0x309dcdc4cda8
0x401e89,0x79e62edabc88
0x401804,0x79e62edb4708
0x401e31,0x79e62edb5128
0x401e31,0x79e62edb5268
0x401cfb,0x309dcdc4e818
0x40187e,0x79e62edb4f80
0x401ea1,0x90865328c650
0x401e47,0x908653294730
0x401804,0x79e62edb6428
0x401804,0x79e62edb6748
0x40187e,0x79e62edb6c00
0x401cfb,0x309dcdc50998
0x401da0,0x90865328e820
0x401e47,0x908653296770
0x401e89,0x79e62edb1348
0x401e31,0x79e62edb9108
0x40182a,0x79e62edb8980
0x401d8b,0x79e62edb1398
0x40182a,0x79e62edb8fc0
0x401cfb,0x309dcdc52ed8
0x401d8b,0x79e62edb1c58
0x401da0,0x9086532909a0
0x40182a,0x79e62edba4c0
0x401d8b,0x79e62edb1e38
0x401e47,0x908653298990
0x401d8b,0x79e62edb31f8
0x401dc9,0x309dcdc54728
0x401ea1,0x908653290f90
0x401e47,0x908653298fd0
0x401ea1,0x9086532925d0
0x401e47,0x90865329a4d0
0x401cfb,0x309dcdc54fb8
0x401e1b,0x2e06f8c45300
0x401d8b,0x79e62edb3d38
0x40182a,0x79e62edbc500
0x401cfb,0x309dcdc56418
0x401ea1,0x908653292e90
0x401da0,0x908653292ee0
0x401dc9,0x309dcdc56768
0x401e1b,0x2e06f8c45a80
0x401cfb,0x309dcdc56c38
0x401e47,0x90865329c510
0x401e1b,0x2e06f8c47200
0x401804,0x79e62edbe528
0x401ed1,0x908653294f80
0x401dc9,0x309dcdc58988
0x40176a,0x79e62edbebc0
0x401804,0x79e62edbed48
0x401da0,0x908653296420
0x401804,0x79e62edc01a8
0x401dc9,0x309dcdc58fc8
0x401dc9,0x309dcdc5a4c8
0x401ed1,0x908653296c00
0x401861,0x79e62edc08c8
0x401e31,0x79e62edc10c8
0x40187e,0x79e62edc0980
0x401e47,0x90865329ed70
0x40187e,0x79e62edc0d40
0x401804,0x79e62edc23c8
0x401e89,0x79e62edb9f88
0x401e1b,0x309dcdc4c640
0x401dc9,0x309dcdc5c508
0x40187e,0x79e62edc2740
0x401e31,0x79e62edc3108
0x401e47,0x9086532a23f0
0x401d8b,0x79e62edbbd98
0x401d8b,0x79e62edbbf78
0x401804,0x79e62edc47c8
0x401cfb,0x309dcdc5e518
0x401e31,0x79e62edc5328
0x401cfb,0x309dcdc5ebf8
0x401dc9,0x309dcdc5ed68
0x401e89,0x79e62edbdc48
0x401804,0x79e62edc63a8
0x401e31,0x79e62edc5aa8
0x401cfb,0x309dcdc60198
0x401e47,0x9086532a47f0
0x401804,0x79e62edc6588
0x401e31,0x79e62edc7228
0x401cfb,0x309dcdc609b8
0x401e1b,0x309dcdc50f80
0x401cfb,0x309dcdc60d78
0x401da0,0x90865329e520
0x401e47,0x9086532a65b0
0x401e31,0x79e62edc7cc8
0x401e1b,0x309dcdc525c0
0x401dc9,0x309dcdc623e8
0x401ed1,0x90865329ebc0
0x401e89,0x79e62edc1188
0x401cfb,0x309dcdc62778
0x40182a,0x79e62edc8b80
0x401da0,0x9086532a01a0
0x401e1b,0x309dcdc52e80
0x401ea1,0x9086532a08d0
0x401d8b,0x79e62edc1c78
0x401ed1,0x9086532a0980
0x401e47,0x9086532a8b90
0x401ed1,0x9086532a0d40
0x401dc9,0x309dcdc647e8
0x401804,0x79e62edcc1e8
0x401ed1,0x9086532a2740
0x401e31,0x79e62edcbca8
0x401cfb,0x309dcdc66398
0x401804,0x79e62edcc648
0x401dc9,0x309dcdc665a8
0x401d8b,0x79e62edc5118
0x401e89,0x79e62edc5708
0x40187e,0x79e62edccd80
0x401e47,0x9086532ac670
0x40185c,0x79e62edce800
0x40173b,0x79e62edc7298
0x401dc9,0x309dcdc68b88
0x401da0,0x9086532a63a0
0x401d8b,0x79e62edc7a18
0x401e89,0x79e62edc7c48
0x40185c,0x79e62edd0980
0x401e31,0x79e62edd1368
0x401e89,0x79e62edc98c8
0x401804,0x79e62edd0f88
0x401cfb,0x309dcdc6c1d8
0x401804,0x79e62edd25c8
0x401e31,0x79e62edd1e08
0x401dc9,0x309dcdc6c668
0x401e31,0x79e62edd31c8
0x401d8b,0x79e62edcb3b8
0x401e89,0x79e62edcb548
0x401e47,0x9086532b0fb0
0x401804,0x79e62edd2e88
0x40185c,0x79e62edd2ec0
0x401cfb,0x309dcdc6cdb8
0x401e47,0x9086532b25f0
0x401e31,0x79e62edd3d08
0x40187e,0x79e62edd4700
0x401e47,0x9086532b2eb0
0x401da0,0x9086532ac1e0
0x401d8b,0x79e62edcd7b8
0x40182a,0x79e62edd4f80
0x40185c,0x79e62edd6400
0x401d8b,0x79e62edcdfd8
0x40176a,0x79e62edd6740
0x401748,0x309dcdc608c0
0x4017b0,0x9086532acd80
0x401e47,0x9086532b4f90
0x40182a,0x79e62edd6c00
0x401dc9,0x309dcdc70fa8
0x401ea1,0x9086532ae810
0x401dc9,0x309dcdc725e8
0x401e47,0x9086532b6c10
0x401804,0x79e62edd89a8
0x401e89,0x79e62edd1388
0x401804,0x79e62edd8fe8
0x401dc9,0x309dcdc72ea8
0x401e89,0x79e62edd1c48
0x401ea1,0x9086532b0990
0x401804,0x79e62edda4e8
0x401e31,0x79e62edd9fa8
0x401cfb,0x309dcdc74738
0x401d8b,0x79e62edd3558
0x401dc9,0x309dcdc74f88
0x401804,0x79e62eddc528
0x401e31,0x79e62eddbf48
0x401d8b,0x79e62edd5138
0x401ea1,0x9086532b2ed0
0x401d8b,0x79e62edd5278
0x401cfb,0x309dcdc76778
0x401dc9,0x309dcdc76c08
0x401ed1,0x9086532b4700
0x401e31,0x79e62edddc68
0x40185c,0x79e62edde500
0x40182a,0x79e62eddebc0
0x401cfb,0x309dcdc78998
0x40187e,0x79e62edded40
0x401ea1,0x9086532b6410
0x40185c,0x79e62ede0180
0x401ed1,0x9086532b6740
0x401cfb,0x309dcdc78fd8
0x401cfb,0x309dcdc7a4d8
0x401d8b,0x79e62edd9118
0x401e47,0x9086532bebd0
0x401804,0x79e62ede08c8
0x40182a,0x79e62ede0980
0x401e31,0x79e62ede11a8
0x40182a,0x79e62ede0d40
0x40187e,0x79e62ede23c0
0x401e31,0x79e62ede1c48
0x401e47,0x9086532c08f0
0x401da0,0x9086532b89a0
0x401e47,0x9086532c0990
0x401cfb,0x309dcdc7c518
0x40182a,0x79e62ede2740
0x401e47,0x9086532c0d50
0x401da0,0x9086532b8fe0
0x401da0,0x9086532ba4e0
0x401e89,0x79e62eddbd88
0x401e47,0x9086532c2750
0x40187e,0x79e62ede47c0
0x401e1b,0x309dcdc6e800
0x401dc9,0x309dcdc7ebc8
0x401e31,0x79e62ede5728
0x401cfb,0x309dcdc7ed78
0x401da0,0x9086532bc520
0x40185c,0x79e62ede6380
0x40187e,0x79e62ede6580
0x401e1b,0x309dcdc70980
0x401dc9,0x309dcdc808e8
0x401dc9,0x309dcdc80988
0x401dc9,0x309dcdc80d48
0x401ea1,0x9086532be510
0x401e31,0x79e62ede7c68
0x401cfb,0x309dcdc823f8
0x401d8b,0x79e62ede10d8
0x401ed1,0x9086532bed40
0x401dc9,0x309dcdc82748
0x401804,0x79e62ede8ba8
0x401ea1,0x9086532c0190
0x401e1b,0x309dcdc72ec0
0x401e31,0x79e62ede98e8
0x401d8b,0x79e62ede3118
0x401cfb,0x309dcdc847f8
0x401e31,0x79e62edeb388
0x401e31,0x79e62edeb568
0x401ed1,0x9086532c23c0
0x40185c,0x79e62edec1c0
0x401e1b,0x309dcdc76400
0x40187e,0x79e62edec640
0x401e89,0x79e62ede5108
0x401cfb,0x309dcdc865b8
0x401d8b,0x79e62ede5338
0x40182a,0x79e62edecd80
0x401e31,0x79e62eded788
0x401d8b,0x79e62ede5ab8
0x401ed1,0x9086532c47c0
0x401804,0x79e62edee808
0x401d8b,0x79e62ede7238
0x401e89,0x79e62ede7288
0x401e47,0x9086532ccd90
0x401ea1,0x9086532c6390
0x401cfb,0x309dcdc88b98
0x401e89,0x79e62ede7a08
0x401ed1,0x9086532c6580
0x401d8b,0x79e62ede7cd8
0x401e47,0x9086532ce830
0x401804,0x79e62edf0988
0x401e31,0x79e62edf13a8
0x40187e,0x79e62edf0f80
0x401e31,0x79e62edf1c68
0x40187e,0x79e62edf25c0
0x401e47,0x9086532d09b0
0x401da0,0x9086532c8ba0
0x401cfb,0x309dcdc8c678
0x40187e,0x79e62edf2e80
0x401804,0x79e62edf2ec8
0x401dc9,0x309dcdc8cd88
0x401d8b,0x79e62edebcb8
0x401e1b,0x309dcdc7e500
0x40182a,0x79e62edf4700
0x401e31,0x79e62edf5108
0x401e31,0x79e62edf5248
0x401dc9,0x309dcdc8e828
0x401e47,0x9086532d2ef0
0x401ea1,0x9086532cc1d0
0x401804,0x79e62edf4fa8
0x401e1b,0x309dcdc80180
0x401ed1,0x9086532cc640
0x401e47,0x9086532d4710
0x401804,0x79e62edf6408
0x401e89,0x79e62ededfc8
0x40182a,0x79e62edf6740
0x401dc9,0x309dcdc909a8
0x401804,0x79e62edf6c28
0x401e47,0x9086532d6430
0x401cfb,0x309dcdc90fb8
0x401e47,0x9086532d6750
0x401cfb,0x309dcdc925f8
0x40185c,0x79e62edf8980
0x401d8b,0x79e62edf1378
0x40185c,0x79e62edf8fc0
0x401cfb,0x309dcdc92eb8
0x401dc9,0x309dcdc92ee8
0x40185c,0x79e62edfa4c0
0x401d8b,0x79e62edf1e18
0x401dc9,0x309dcdc94708
0x401d8b,0x79e62edf31d8
0x401ed1,0x9086532d0f80
0x401e89,0x79e62edf3548
0x401ed1,0x9086532d25c0
0x401cfb,0x309dcdc94f98
0x401e1b,0x309dcdc86380
0x401d8b,0x79e62edf3d18
0x40185c,0x79e62edfc500
0x401dc9,0x309dcdc96428
0x401e31,0x79e62edfbda8
0x401dc9,0x309dcdc96748
0x401ed1,0x9086532d2e80
0x401cfb,0x309dcdc96c18
0x401804,0x79e62edfe508
0x401da0,0x9086532d4fa0
0x401804,0x79e62edfebe8
0x40182a,0x79e62edfed40
0x401804,0x79e62ee00188
0x401e47,0x9086532de530
0x401da0,0x9086532d6c20
0x401e89,0x79e62edf9108
0x40187e,0x79e62ee008c0
0x401804,0x79e62ee009a8
0x401e47,0x9086532ded50
0x401804,0x79e62ee00d68
0x401e47,0x9086532e01b0
0x401e1b,0x309dcdc8c1c0
0x401ea1,0x9086532d8990
0x40182a,0x79e62ee023c0
0x401d8b,0x79e62edf9fb8
0x401804,0x79e62ee02768
0x401ea1,0x9086532d8fd0
0x401ea1,0x9086532da4d0
0x401e47,0x9086532e23d0
0x401d8b,0x79e62edfbf58
0x401dc9,0x309dcdc9e528
0x40182a,0x79e62ee047c0
0x401e31,0x79e62ee05128
0x401e31,0x79e62ee05308
0x401cfb,0x309dcdc9ebd8
0x4017d0,0x9086532dc510
0x40176f,0x309dcdc9ed48
0x401e31,0x79e62ee05a88
0x401d8b,0x79e62edfdc78
0x401dc9,0x309dcdca01a8
0x401804,0x79e62ee06388
0x401e47,0x9086532e47d0
0x40182a,0x79e62ee06580
0x401e31,0x79e62ee07208
0x401e31,0x79e62ee072a8
0x401cfb,0x309dcdca08f8
0x401cfb,0x309dcdca0998
0x401cfb,0x309dcdca0d58
0x401e47,0x9086532e63b0
0x401e47,0x9086532e6590
0x401e31,0x79e62ee07a28
0x401dc9,0x309dcdca23c8
0x401e89,0x79e62ee010c8
0x401da0,0x9086532debe0
0x401d8b,0x79e62ee011b8
0x401cfb,0x309dcdca2758
0x40185c,0x79e62ee08b80
0x401d8b,0x79e62ee01c58
0x401ed1,0x9086532e08c0
0x401da0,0x9086532e09a0
0x401e89,0x79e62ee03108
0x401da0,0x9086532e0d60
0x401dc9,0x309dcdca47c8
0x401804,0x79e62ee0c1c8
0x401da0,0x9086532e2760
0x401e31,0x79e62ee0bc88
0x401dc9,0x309dcdca63a8
0x40182a,0x79e62ee0c640
0x401dc9,0x309dcdca6588
0x401804,0x79e62ee0cda8
0x40173b,0x79e62ee05738
0x401796,0x9086532ec1f0
0x401e47,0x9086532ec650
0x40187e,0x79e62ee0e800
0x401e31,0x79e62ee0dfe8
0x401e1b,0x309dcdc98980
0x401e1b,0x309dcdc98fc0
0x401e89,0x79e62ee07cc8
0x401d8b,0x79e62ee07c78
0x401e1b,0x309dcdc9a4c0
0x40187e,0x79e62ee10980
0x401e31,0x79e62ee11348
0x40182a,0x79e62ee10f80
0x401d8b,0x79e62ee098f8
0x401dc9,0x309dcdcac1e8
0x401e1b,0x309dcdc9c500
0x401ea1,0x9086532e8b90
0x40182a,0x79e62ee125c0
0x401dc9,0x309dcdcac648
0x401d8b,0x79e62ee0b398
0x401e47,0x9086532f0f90
0x401d8b,0x79e62ee0b578
0x401e31,0x79e62ee13568
0x40182a,0x79e62ee12e80
0x40187e,0x79e62ee12ec0
0x401cfb,0x309dcdcacd98
0x401e47,0x9086532f25d0
0x401804,0x79e62ee14728
0x401cfb,0x309dcdcae838
0x401e47,0x9086532f2e90
0x401d8b,0x79e62ee0d798
0x40185c,0x79e62ee14f80
0x40187e,0x79e62ee16400
0x401804,0x79e62ee16768
0x401da0,0x9086532ecda0
0x40185c,0x79e62ee16c00
0x401cfb,0x309dcdcb09b8
0x401dc9,0x309dcdcb0f88
0x401ed1,0x9086532ee800
0x401dc9,0x309dcdcb25c8
0x401804,0x79e62ee18988
0x401e31,0x79e62ee19128
0x401d8b,0x79e62ee113b8
0x401804,0x79e62ee18fc8
0x401dc9,0x309dcdcb2e88
0x401cfb,0x309dcdcb2ef8
0x401d8b,0x79e62ee11c78
0x401e89,0x79e62ee11e08
0x401804,0x79e62ee1a4c8
0x401ed1,0x9086532f0980
0x401e47,0x9086532f89b0
0x401e31,0x79e62ee19f88
0x401e89,0x79e62ee131c8
0x401cfb,0x309dcdcb4718
0x401e47,0x9086532f8ff0
0x401e47,0x9086532fa4f0
0x401e89,0x79e62ee13d08
0x401804,0x79e62ee1c508
0x401cfb,0x309dcdcb6438
0x401d8b,0x79e62ee15118
0x401d8b,0x79e62ee15258
0x401cfb,0x309dcdcb6758
0x401ed1,0x9086532f2ec0
0x401e47,0x9086532fc530
0x401da0,0x9086532f4720
0x401e31,0x79e62ee1dc48
0x40187e,0x79e62ee1e500
0x401ea1,0x9086532f4f90
0x401dc9,0x309dcdcb89a8
0x401e1b,0x309dcdca8b80
0x40185c,0x79e62ee1ebc0
0x401804,0x79e62ee1ed68
0x401ed1,0x9086532f6400
0x401dc9,0x309dcdcb8fe8
0x40187e,0x79e62ee20180
0x401da0,0x9086532f6760
0x401ea1,0x9086532f6c10
0x401dc9,0x309dcdcba4e8
0x40182a,0x79e62ee208c0
0x401e31,0x79e62ee210e8
0x40185c,0x79e62ee20980
0x401e31,0x79e62ee21188
0x40185c,0x79e62ee20d40
0x401804,0x79e62ee223e8
0x401e47,0x9086533008d0
0x401dc9,0x309dcdcbc528
0x401861,0x79e62ee22748
0x401e31,0x79e62ee23128
0x401d8b,0x79e62ee1bdb8
0x401e89,0x79e62ee1bf48
0x401cfb,0x309dcdcbe538
0x401804,0x79e62ee247e8
0x401e31,0x79e62ee25708
0x401cfb,0x309dcdcbed58
0x40187e,0x79e62ee26380
0x401cfb,0x309dcdcc01b8
0x401804,0x79e62ee265a8
0x401dc9,0x309dcdcc08c8
0x401ed1,0x9086532fe500
0x401e31,0x79e62ee27c48
0x401e31,0x79e62ee27ce8
0x401ea1,0x9086532febd0
0x401cfb,0x309dcdcc23d8
0x401da0,0x9086532fed60
0x401804,0x79e62ee28b88
0x401ed1,0x908653300180
0x401e31,0x79e62ee298c8
0x401e89,0x79e62ee21c48
0x401ea1,0x908653300990
0x401ea1,0x908653300d50
0x401e47,0x908653308bb0
0x401cfb,0x309dcdcc47d8
0x401e31,0x79e62ee2b548
0x401da0,0x9086533023e0
0x401e1b,0x309dcdcb4f80
0x401ea1,0x908653302750
0x40187e,0x79e62ee2c1c0
0x401804,0x79e62ee2c668
0x401cfb,0x309dcdcc63b8
0x40170a,0x309dcdcc6598
0x40173b,0x79e62ee25138
0x401d8b,0x79e62ee25318
0x401e1b,0x309dcdcb6c00
0x40185c,0x79e62ee2cd80
0x401d8b,0x79e62ee25a98
0x401da0,0x9086533047e0
0x40182a,0x79e62ee2e800
0x401d8b,0x79e62ee27218
0x401d8b,0x79e62ee272b8
0x401dc9,0x309dcdcc8ba8
0x401ed1,0x908653306380
0x401da0,0x9086533065a0
0x401d8b,0x79e62ee27a38
0x401e47,0x90865330e810
0x40182a,0x79e62ee30980
0x401e31,0x79e62ee31388
0x401804,0x79e62ee30fa8
0x401cfb,0x309dcdccc1f8
0x401e31,0x79e62ee31c48
0x401804,0x79e62ee325e8
0x401e47,0x908653310990
0x401e31,0x79e62ee31e28
0x401cfb,0x309dcdccc658
0x401e89,0x79e62ee2b388
0x401e31,0x79e62ee331e8
0x401804,0x79e62ee32ea8
0x40182a,0x79e62ee32ec0
0x401d8b,0x79e62ee2bc98
0x401e31,0x79e62ee33d28
0x40185c,0x79e62ee34700
0x401dc9,0x309dcdcce808
0x401e47,0x908653312ed0
0x401e1b,0x309dcdcbebc0
0x401ed1,0x90865330c1c0
0x401e89,0x79e62ee2d788
0x401804,0x79e62ee34f88
0x401da0,0x90865330c660
0x40182a,0x79e62ee36400
0x401d8b,0x79e62ee2dff8
0x40185c,0x79e62ee36740
0x401ea1,0x90865330cd90
0x401e1b,0x309dcdcc0980
0x401dc9,0x309dcdcd0988
0x401e47,0x908653314fb0
0x401804,0x79e62ee36c08
0x401e1b,0x309dcdcc0d40
0x401e47,0x908653316410
0x401cfb,0x309dcdcd0f98
0x401e1b,0x309dcdcc2740
0x401cfb,0x309dcdcd25d8
0x401e47,0x908653316c30
0x40187e,0x79e62ee38980
0x401d8b,0x79e62ee31358
0x40187e,0x79e62ee38fc0
0x401dc9,0x309dcdcd2ec8
0x401cfb,0x309dcdcd2e98
0x40187e,0x79e62ee3a4c0
0x401da0,0x908653310fa0
0x401d8b,0x79e62ee33578
0x401da0,0x9086533125e0
0x401dc9,0x309dcdcd4fa8
0x40187e,0x79e62ee3c500
0x401dc9,0x309dcdcd6408
0x401e31,0x79e62ee3bd88
0x401e89,0x79e62ee35108
0x401e31,0x79e62ee3bf68
0x401e89,0x79e62ee35248
0x401da0,0x908653312ea0
0x401dc9,0x309dcdcd6c28
0x401ea1,0x908653314710
0x40182a,0x79e62ee3e500
0x401804,0x79e62ee3ebc8
0x401cfb,0x309dcdcd89b8
0x401861,0x79e62ee3ed48
0x401e47,0x90865331e510
0x401ea1,0x908653316750
0x40182a,0x79e62ee40180
0x401cfb,0x309dcdcd8ff8
0x401cfb,0x309dcdcda4f8
0x401d8b,0x79e62ee39138
0x401e47,0x90865331ebf0
0x401804,0x79e62ee408e8
0x401804,0x79e62ee40988
0x401804,0x79e62ee40d48
0x401e47,0x908653320190
0x40185c,0x79e62ee423c0
0x401ed1,0x908653318980
0x401e31,0x79e62ee41c68
0x401e47,0x9086533209b0
0x401d8b,0x79e62ee39f98
0x401804,0x79e62ee42748
0x401cfb,0x309dcdcdc538
0x401e47,0x908653320d70
0x401ed1,0x908653318fc0
0x401e1b,0x309dcdcccd80
0x401ed1,0x90865331a4c0
0x401796,0x908653322770
0x401dc9,0x309dcdcde508
0x40185c,0x79e62ee447c0
0x401e31,0x79e62ee45108
0x401dc9,0x309dcdcdebe8
0x401ed1,0x90865331c500
0x401d8b,0x79e62ee3dc58
0x401dc9,0x309dcdce0188
0x40182a,0x79e62ee46380
0x40185c,0x79e62ee46580
0x401e31,0x79e62ee47288
0x401cfb,0x309dcdce08d8
0x401dc9,0x309dcdce09a8
0x401dc9,0x309dcdce0d68
0x401e47,0x908653326390
0x401e31,0x79e62ee47a08
0x401ea1,0x90865331ed50
0x401d8b,0x79e62ee410f8
0x401d8b,0x79e62ee41198
0x401dc9,0x309dcdce2768
0x40187e,0x79e62ee48b80
0x401da0,0x9086533208e0
0x401e1b,0x309dcdcd4700
0x401d8b,0x79e62ee43138
0x401e31,0x79e62ee4b3a8
0x401ea1,0x9086533223d0
0x40182a,0x79e62ee4c1c0
0x401dc9,0x309dcdce6388
0x40185c,0x79e62ee4c640
0x401e1b,0x309dcdcd6740
0x401e89,0x79e62ee45308
0x401804,0x79e62ee4cd88
0x401d8b,0x79e62ee45718
0x401e47,0x90865332c1d0
0x401e31,0x79e62ee4d7a8
0x401e89,0x79e62ee45a88
0x401ea1,0x9086533247d0
0x401804,0x79e62ee4e828
0x401e89,0x79e62ee47208
0x401e31,0x79e62ee4dfc8
0x401e47,0x90865332cdb0
0x401cfb,0x309dcdce8bb8
0x401ea1,0x908653326590
0x401d8b,0x79e62ee47c58
0x401d8b,0x79e62ee47cf8
0x401804,0x79e62ee509a8
0x401d8b,0x79e62ee498d8
0x40185c,0x79e62ee50f80
0x401dc9,0x309dcdcec1c8
0x40185c,0x79e62ee525c0
0x401ed1,0x908653328b80
0x401d8b,0x79e62ee4b558
0x401e31,0x79e62ee53548
0x401804,0x79e62ee52ee8
0x40185c,0x79e62ee52e80
0x401dc9,0x309dcdcecda8
0x401e89,0x79e62ee4bc88
0x401804,0x79e62ee54708
0x401e31,0x79e62ee55128
0x401cfb,0x309dcdcee818
0x401e31,0x79e62ee55268
0x401e1b,0x309dcdcded40
0x40187e,0x79e62ee54f80
0x401ea1,0x90865332c650
0x401e47,0x908653334730
0x401804,0x79e62ee56428
0x401804,0x79e62ee56748
0x40187e,0x79e62ee56c00
0x401cfb,0x309dcdcf0998
0x401da0,0x90865332e820
0x401e1b,0x309dcdce23c0
0x401e47,0x908653336770
0x401e89,0x79e62ee51348
0x401e31,0x79e62ee59108
0x40182a,0x79e62ee58980
0x401d8b,0x79e62ee51398
0x40182a,0x79e62ee58fc0
0x401cfb,0x309dcdcf2ed8
0x401d8b,0x79e62ee51c58
0x401da0,0x9086533309a0
0x401d8b,0x79e62ee51e38
0x40182a,0x79e62ee5a4c0
0x401e47,0x908653338990
0x401e1b,0x309dcdce47c0
0x401d8b,0x79e62ee531f8
0x401dc9,0x309dcdcf4728
0x401ea1,0x908653330f90
0x401e47,0x908653338fd0
0x401ea1,0x9086533325d0
0x401e47,0x90865333a4d0
0x401cfb,0x309dcdcf4fb8
0x401d8b,0x79e62ee53d38
0x40182a,0x79e62ee5c500
0x401e1b,0x309dcdce6580
0x401cfb,0x309dcdcf6418
0x401dc9,0x309dcdcf6768
0x401ea1,0x908653332e90
0x401da0,0x908653332ee0
0x401cfb,0x309dcdcf6c38
0x401e47,0x90865333c510
0x401804,0x79e62ee5e528
0x401ed1,0x908653334f80
0x401dc9,0x309dcdcf8988
0x40187e,0x79e62ee5ebc0
0x401804,0x79e62ee5ed48
0x401da0,0x908653336420
0x401804,0x79e62ee601a8
0x401dc9,0x309dcdcf8fc8
0x401dc9,0x309dcdcfa4c8
0x401ed1,0x908653336c00
0x40185c,0x79e62ee608c0
0x401e31,0x79e62ee610c8
0x40187e,0x79e62ee60980
0x401e47,0x90865333ed70
0x40187e,0x79e62ee60d40
0x401804,0x79e62ee623c8
0x401e89,0x79e62ee59f88
0x401e1b,0x309dcdcec640
0x401dc9,0x309dcdcfc508
0x40187e,0x79e62ee62740
0x401e31,0x79e62ee63108
0x401e47,0x9086533423f0
0x401d8b,0x79e62ee5bd98
0x401d8b,0x79e62ee5bf78
0x401804,0x79e62ee647c8
0x401cfb,0x309dcdcfe518
0x401e31,0x79e62ee65328
0x401cfb,0x309dcdcfebf8
0x401dc9,0x309dcdcfed68
0x401e89,0x79e62ee5dc48
0x401e31,0x79e62ee65aa8
0x401804,0x79e62ee663a8
0x401e47,0x9086533447f0
0x401cfb,0x309dcdd00198
0x401804,0x79e62ee66588
0x401e31,0x79e62ee67228
0x401cfb,0x309dcdd009b8
0x401e1b,0x309dcdcf0f80
0x401cfb,0x309dcdd00d78
0x401da0,0x90865333e520
0x401e47,0x9086533465b0
0x401e31,0x79e62ee67cc8
0x401dc9,0x309dcdd023e8
0x401e1b,0x309dcdcf25c0
0x401ed1,0x90865333ebc0
0x401e89,0x79e62ee61188
0x401cfb,0x309dcdd02778
0x40182a,0x79e62ee68b80
0x401da0,0x9086533401a0
0x401e1b,0x309dcdcf2e80
0x401ea1,0x9086533408d0
0x401d8b,0x79e62ee61c78
0x401ed1,0x908653340980
0x401e47,0x908653348b90
0x401ed1,0x908653340d40
0x401dc9,0x309dcdd047e8
0x401804,0x79e62ee6c1e8
0x401ed1,0x908653342740
0x401e31,0x79e62ee6bca8
0x401cfb,0x309dcdd06398
0x401804,0x79e62ee6c648
0x401dc9,0x309dcdd065a8
0x401d8b,0x79e62ee65118
0x401e89,0x79e62ee65708
0x40187e,0x79e62ee6cd80
0x401e47,0x90865334c670
0x40185c,0x79e62ee6e800
0x401d8b,0x79e62ee67298
0x401dc9,0x309dcdd08b88
0x401da0,0x9086533463a0
0x401d8b,0x79e62ee67a18
0x401e89,0x79e62ee67c48
0x40185c,0x79e62ee70980
0x401e31,0x79e62ee71368
0x401804,0x79e62ee70f88
0x401e89,0x79e62ee698c8
0x401cfb,0x309dcdd0c1d8
0x401804,0x79e62ee725c8
0x401e31,0x79e62ee71e08
0x401dc9,0x309dcdd0c668
0x4017a3,0x79e62ee731c8
0x40173b,0x79e62ee6b3b8
0x401e89,0x79e62ee6b548
0x401e47,0x908653350fb0
0x401804,0x79e62ee72e88
0x40185c,0x79e62ee72ec0
0x401cfb,0x309dcdd0cdb8
0x401e47,0x9086533525f0
0x401e31,0x79e62ee73d08
0x40187e,0x79e62ee74700
0x401e47,0x908653352eb0
0x401da0,0x90865334c1e0
0x401d8b,0x79e62ee6d7b8
0x40182a,0x79e62ee74f80
0x40185c,0x79e62ee76400
0x401d8b,0x79e62ee6dfd8
0x40187e,0x79e62ee76740
0x401e1b,0x309dcdd008c0
0x401ed1,0x90865334cd80
0x401e47,0x908653354f90
0x40182a,0x79e62ee76c00
0x401dc9,0x309dcdd10fa8
0x401ea1,0x90865334e810
0x401dc9,0x309dcdd125e8
0x401e47,0x908653356c10
0x401804,0x79e62ee789a8
0x401e89,0x79e62ee71388
0x401804,0x79e62ee78fe8
0x401dc9,0x309dcdd12ea8
0x401e89,0x79e62ee71c48
0x401ea1,0x908653350990
0x401804,0x79e62ee7a4e8
0x401cfb,0x309dcdd14738
0x401e31,0x79e62ee79fa8
0x401d8b,0x79e62ee73558
0x401dc9,0x309dcdd14f88
0x401804,0x79e62ee7c528
0x401e31,0x79e62ee7bf48
0x401d8b,0x79e62ee75138
0x401ea1,0x908653352ed0
0x401d8b,0x79e62ee75278
0x401cfb,0x309dcdd16778
0x401dc9,0x309dcdd16c08
0x401ed1,0x908653354700
0x401e31,0x79e62ee7dc68
0x40185c,0x79e62ee7e500
0x401cfb,0x309dcdd18998
0x40182a,0x79e62ee7ebc0
0x40187e,0x79e62ee7ed40
0x401ea1,0x908653356410
0x40185c,0x79e62ee80180
0x401cfb,0x309dcdd18fd8
0x401ed1,0x908653356740
0x401cfb,0x309dcdd1a4d8
0x401e47,0x90865335ebd0
0x401d8b,0x79e62ee79118
0x401804,0x79e62ee808c8
0x40182a,0x79e62ee80980
0x401e31,0x79e62ee811a8
0x40182a,0x79e62ee80d40
0x40187e,0x79e62ee823c0
0x401e31,0x79e62ee81c48
0x401da0,0x9086533589a0
0x401e47,0x9086533608f0
0x401e47,0x908653360990
0x40182a,0x79e62ee82740
0x40170a,0x309dcdd1c518
0x401e47,0x908653360d50
0x401da0,0x908653358fe0
0x401da0,0x90865335a4e0
0x401e89,0x79e62ee7bd88
0x401e47,0x908653362750
0x40187e,0x79e62ee847c0
0x401e1b,0x309dcdd0e800
0x401dc9,0x309dcdd1ebc8
0x401e31,0x79e62ee85728
0x401cfb,0x309dcdd1ed78
0x401da0,0x90865335c520
0x40185c,0x79e62ee86380
0x40187e,0x79e62ee86580
0x401e1b,0x309dcdd10980
0x401dc9,0x309dcdd208e8
0x401dc9,0x309dcdd20988
0x401dc9,0x309dcdd20d48
0x401ea1,0x90865335e510
0x401e31,0x79e62ee87c68
0x401cfb,0x309dcdd223f8
0x401d8b,0x79e62ee810d8
0x401ed1,0x90865335ed40
0x401dc9,0x309dcdd22748
0x401804,0x79e62ee88ba8
0x401ea1,0x908653360190
0x401e1b,0x309dcdd12ec0
0x401e31,0x79e62ee898e8
0x401d8b,0x79e62ee83118
0x401cfb,0x309dcdd247f8
0x401e31,0x79e62ee8b388
0x401e31,0x79e62ee8b568
0x401ed1,0x9086533623c0
0x40185c,0x79e62ee8c1c0
0x401e1b,0x309dcdd16400
0x40187e,0x79e62ee8c640
0x401e89,0x79e62ee85108
0x401cfb,0x309dcdd265b8
0x401d8b,0x79e62ee85338
0x40182a,0x79e62ee8cd80
0x401e31,0x79e62ee8d788
0x401d8b,0x79e62ee85ab8
0x401ed1,0x9086533647c0
0x401804,0x79e62ee8e808
0x401e89,0x79e62ee87288
0x401d8b,0x79e62ee87238
0x401e47,0x90865336cd90
0x401ea1,0x908653366390
0x401cfb,0x309dcdd28b98
0x401e89,0x79e62ee87a08
0x401ed1,0x908653366580
0x401d8b,0x79e62ee87cd8
0x401e47,0x90865336e830
0x401804,0x79e62ee90988
0x401e31,0x79e62ee913a8
0x40187e,0x79e62ee90f80
0x4017a3,0x79e62ee91c68
0x40187e,0x79e62ee925c0
0x401e47,0x9086533709b0
0x401da0,0x908653368ba0
0x401cfb,0x309dcdd2c678
0x40187e,0x79e62ee92e80
0x401804,0x79e62ee92ec8
0x401dc9,0x309dcdd2cd88
0x401d8b,0x79e62ee8bcb8
0x401e1b,0x309dcdd1e500
0x40182a,0x79e62ee94700
0x401e31,0x79e62ee95108
0x401dc9,0x309dcdd2e828
0x401e31,0x79e62ee95248
0x401e47,0x908653372ef0
0x401ea1,0x90865336c1d0
0x401804,0x79e62ee94fa8
0x401e1b,0x309dcdd20180
0x401ed1,0x90865336c640
0x401e47,0x908653374710
0x401804,0x79e62ee96408
0x401e89,0x79e62ee8dfc8
0x40182a,0x79e62ee96740
0x401804,0x79e62ee96c28
0x401dc9,0x309dcdd309a8
0x401e47,0x908653376430
0x401cfb,0x309dcdd30fb8
0x401e47,0x908653376750
0x401cfb,0x309dcdd325f8
0x40185c,0x79e62ee98980
0x401d8b,0x79e62ee91378
0x40185c,0x79e62ee98fc0
0x401e47,0x257ba86e23d0
0x401cfb,0x309dcdd32eb8
0x401dc9,0x309dcdd32ee8
0x40185c,0x79e62ee9a4c0
0x401d8b,0x79e62ee91e18
0x401d8b,0x79e62ee931d8
0x401dc9,0x309dcdd34708
0x401ed1,0x908653370f80
0x401e89,0x79e62ee93548
0x401e47,0x26713c3c0190
0x401ed1,0x9086533725c0
0x401cfb,0x309dcdd34f98
0x401e1b,0x309dcdd26380
0x401d8b,0x79e62ee93d18
0x40185c,0x79e62ee9c500
0x401dc9,0x309dcdd36428
0x401e31,0x79e62ee9bda8
0x401e47,0x26713c3c09b0
0x401dc9,0x309dcdd36748
0x401ed1,0x908653372e80
0x401e47,0x26713c3c0d70
0x401cfb,0x309dcdd36c18
0x401e47,0x51a63c4e810
0x401804,0x79e62ee9e508
0x401da0,0x908653374fa0
0x401804,0x79e62ee9ebe8
0x40182a,0x79e62ee9ed40
0x401804,0x79e62eea0188
0x401e47,0x51a63c50990
0x401e89,0x79e62ee99108
0x401da0,0x908653376c20
0x40187e,0x79e62eea08c0
0x401804,0x79e62eea09a8
0x401804,0x79e62eea0d68
0x401e47,0x8deda85c6390
0x401748,0x309dcdd2c1c0
0x401da0,0x257ba86e2760
0x40182a,0x79e62eea23c0
0x401d8b,0x79e62ee99fb8
0x401804,0x79e62eea2768
0x401da0,0x26713c3c08e0
0x401e47,0xaff5007808d0
0x401d8b,0x79e62ee9bf58
0x401dc9,0x309dcdd3e528
0x40182a,0x41d09e9a47c0
0x401e31,0x41d09e9a5128
0x401e31,0x41d09e9a5308
0x401cfb,0x309dcdd3ebd8
0x401dc9,0x309dcdd3ed48
0x401e31,0x41d09e9a5a88
0x401804,0x41d09e9a6388
0x401d8b,0x79e62ee9dc78
0x401dc9,0x309dcdd401a8
0x40182a,0x41d09e9a6580
0x401e31,0x41d09e9a7208
0x401cfb,0x309dcdd408f8
0x401e31,0x41d09e9a72a8
0x401cfb,0x309dcdd40998
0x401e47,0x635dff9ac1d0
0x401cfb,0x309dcdd40d58
0x401e31,0x41d09e9a7a28
0x401dc9,0x309dcdd423c8
0x401e89,0x79e62eea10c8
0x401d8b,0x79e62eea11b8
0x401e47,0x635dff9acdb0
0x401cfb,0x309dcdd42758
0x401da0,0x51a63c50fa0
0x40185c,0x41d09e9a8b80
0x4017d0,0x8deda85c6590
0x401d8b,0x79e62eea1c58
0x401e89,0x79e62eea3108
0x401dc9,0x309dcdd447c8
0x401ed1,0xaff500780180
0x401804,0x41d09e9ac1c8
0x401ea1,0xaff500780990
0x401e31,0x41d09e9abc88
0x401dc9,0x309dcdd463a8
0x40182a,0x41d09e9ac640
0x401dc9,0x309dcdd46588
0x401ea1,0xaff500780d50
0x401804,0x41d09e9acda8
0x401d8b,0x41d09e9a5738
0x401da0,0xaff5007823e0
0x401ea1,0xaff500782750
0x401e31,0x41d09e9adfe8
0x40187e,0x41d09e9ae800
0x401e1b,0x309dcdd38980
0x401e1b,0x309dcdd38fc0
0x401ea1,0x635dff9ac650
0x401d8b,0x41d09e9a7c78
0x401e89,0x41d09e9a7cc8
0x401e47,0x635dff9b4730
0x401e1b,0x309dcdd3a4c0
0x40187e,0x41d09e9b0980
0x401e31,0x41d09e9b1348
0x40182a,0x41d09e9b0f80
0x401d8b,0x41d09e9a98f8
0x401da0,0x635dff9ae820
0x401dc9,0x309dcdd4c1e8
0x401e47,0x635dff9b6770
0x401e1b,0x309dcdd3c500
0x40182a,0x41d09e9b25c0
0x401dc9,0x309dcdd4c648
0x401d8b,0x41d09e9ab398
0x401d8b,0x41d09e9ab578
0x401e31,0x41d09e9b3568
0x40187e,0x41d09e9b2ec0
0x40182a,0x41d09e9b2e80
0x401cfb,0x309dcdd4cd98
0x401da0,0x635dff9b09a0
0x401e47,0x635dff9b8990
0x401804,0x41d09e9b4728
0x401ea1,0x635dff9b0f90
0x401cfb,0x309dcdd4e838
0x401e47,0x635dff9b8fd0
0x401d8b,0x41d09e9ad798
0x40185c,0x41d09e9b4f80
0x401ea1,0x635dff9b25d0
0x401e47,0x635dff9ba4d0
0x401ea1,0x635dff9b2e90
0x40185c,0xfafbfaad0980
0x401da0,0x635dff9b2ee0
0x401e31,0xfafbfaad1368
0x401cfb,0x309dcdd509b8
0x401804,0xfafbfaad0f88
0x401dc9,0x309dcdd50f88
0x401e47,0x635dff9bc510
0x40187e,0xfc47cbc2c1c0
0x401e31,0xfafbfaad1e08
0x401804,0xfc47cbc2c668
0x401dc9,0x309dcdd525c8
0x401d8b,0x41d09e9b13b8
0x401ed1,0x635dff9b4f80
0x40185c,0xfc47cbc2cd80
0x401da0,0x635dff9b6420
0x401dc9,0x309dcdd52e88
0x401cfb,0x309dcdd52ef8
0x401d8b,0x41d09e9b1c78
0x401e89,0x41d09e9b1e08
0x401ed1,0x635dff9b6c00
0x401e89,0x41d09e9b31c8
0x40182a,0xfc47cbc2e800
0x401cfb,0x309dcdd54718
0x401e47,0x635dff9bed70
0x401e89,0x41d09e9b3d08
0x401cfb,0x309dcdd56438
0x401cfb,0x309dcdd56758
0x40182a,0xfc47cbc30980
0x401e31,0xfc47cbc31388
0x401804,0xfc47cbc30fa8
0x401e47,0x635dff9c23f0
0x401e31,0xfc47cbc31c48
0x401804,0xfc47cbc325e8
0x401e31,0xfc47cbc31e28
0x401e89,0xfafbfaad1388
0x401e31,0xfc47cbc331e8
0x401dc9,0x309dcdd589a8
0x401e1b,0x309dcdd48b80
0x401804,0xfc47cbc32ea8
0x40182a,0xfc47cbc32ec0
0x401dc9,0x309dcdd58fe8
0x401e89,0xfafbfaad1c48
0x401e47,0x635dff9c47f0
0x401e31,0xfc47cbc33d28
0x40185c,0xfc47cbc34700
0x401dc9,0x309dcdd5a4e8
0x401e89,0xfc47cbc2d788
0x401804,0xfc47cbc34f88
0x401da0,0x635dff9be520
0x401e47,0x635dff9c65b0
0x40182a,0xfc47cbc36400
0x401d8b,0xfc47cbc2dff8
0x401dc9,0x309dcdd5c528
0x401ed1,0x635dff9bebc0
0x40185c,0xfc47cbc36740
0x401804,0xfc47cbc36c08
0x401da0,0x635dff9c01a0
0x401ea1,0x635dff9c08d0
0x401ed1,0x635dff9c0980
0x401cfb,0x309dcdd5e538
0x401e47,0x635dff9c8b90
0x401ed1,0x635dff9c0d40
0x40187e,0xfc47cbc38980
0x401d8b,0xfc47cbc31358
0x401cfb,0x309dcdd5ed58
0x40187e,0xfc47cbc38fc0
0x401ed1,0x635dff9c2740
0x401cfb,0x309dcdd601b8
0x40187e,0xfc47cbc3a4c0
0x401dc9,0x309dcdd608c8
0x401d8b,0xfc47cbc33578
0x401e47,0x635dff9cc670
0x40187e,0xfc47cbc3c500
0x401e31,0xfc47cbc3bd88
0x401cfb,0x309dcdd623d8
0x401e89,0xfc47cbc35108
0x401e31,0xfc47cbc3bf68
0x401e89,0xfc47cbc35248
0x401da0,0x635dff9c63a0
0x40182a,0xfc47cbc3e500
0x401cfb,0x309dcdd647d8
0x401804,0xfc47cbc3ebc8
0x40185c,0xfc47cbc3ed40
0x401e1b,0x309dcdd54f80
0x40182a,0xfc47cbc40180
0x401cfb,0x309dcdd663b8
0x401cfb,0x309dcdd66598
0x401d8b,0xfc47cbc39138
0x401804,0xfc47cbc408e8
0x401804,0xfc47cbc40988
0x401e1b,0x309dcdd56c00
0x401e47,0x635dff9d0fb0
0x401804,0xfc47cbc40d48
0x401e47,0x635dff9d25f0
0x40185c,0xfc47cbc423c0
0x401e31,0xfc47cbc41c68
0x401d8b,0xfc47cbc39f98
0x401804,0xfc47cbc42748
0x401e47,0x635dff9d2eb0
0x401da0,0x635dff9cc1e0
0x401dc9,0x309dcdd68ba8
0x401736,0xfc47cbc447c0
0x4017b0,0x635dff9ccd80
0x401e31,0xfc47cbc45108
0x401e47,0x635dff9d4f90
0x401ea1,0x635dff9ce810
0x401d8b,0xfc47cbc3dc58
0x40182a,0xfc47cbc46380
0x401cfb,0x309dcdd6c1f8
0x40185c,0xfc47cbc46580
0x401e47,0x635dff9d6c10
0x401cfb,0x309dcdd6c658
0x401e31,0xfc47cbc47288
0x401e31,0xfc47cbc47a08
0x401ea1,0x635dff9d0990
0x401d8b,0xfc47cbc410f8
0x401d8b,0xfc47cbc41198
0x401dc9,0x309dcdd6e808
0x40187e,0xfc47cbc48b80
0x401e1b,0x309dcdd5ebc0
0x401d8b,0xfc47cbc43138
0x401ea1,0x635dff9d2ed0
0x401e1b,0x309dcdd60980
0x401dc9,0x309dcdd70988
0x401e31,0xfc47cbc4b3a8
0x401e1b,0x309dcdd60d40
0x40182a,0xfc47cbc4c1c0
0x401cfb,0x309dcdd70f98
0x401ed1,0x635dff9d4700
0x401736,0xfc47cbc4c640
0x401748,0x309dcdd62740
0x401cfb,0x309dcdd725d8
0x401e89,0xfc47cbc45308
0x401804,0xfc47cbc4cd88
0x401d8b,0xfc47cbc45718
0x401ea1,0x635dff9d6410
0x401e31,0xfc47cbc4d7a8
0x401dc9,0x309dcdd72ec8
0x401e89,0xfc47cbc45a88
0x401cfb,0x309dcdd72e98
0x401ed1,0x635dff9d6740
0x401804,0xfc47cbc4e828
0x401e89,0xfc47cbc47208
0x401e31,0xfc47cbc4dfc8
0x401e47,0x635dff9debd0
0x401dc9,0x309dcdd74fa8
0x401d8b,0xfc47cbc47c58
0x401d8b,0xfc47cbc47cf8
0x401da0,0x635dff9d89a0
0x401dc9,0x309dcdd76408
0x401e47,0x635dff9e08f0
0x401e47,0x635dff9e0990
0x401804,0xfc47cbc509a8
0x401e47,0x635dff9e0d50
0x401da0,0x635dff9d8fe0
0x401dc9,0x309dcdd76c28
0x401d8b,0xfc47cbc498d8
0x40185c,0xfc47cbc50f80
0x401da0,0x635dff9da4e0
0x401e47,0x635dff9e2750
0x40185c,0xfc47cbc525c0
0x401cfb,0x309dcdd789b8
0x401d8b,0xfc47cbc4b558
0x401e31,0xfc47cbc53548
0x401804,0xfc47cbc52ee8
0x40185c,0xfc47cbc52e80
0x401da0,0x635dff9dc520
0x401cfb,0x309dcdd78ff8
0x401e89,0xfc47cbc4bc88
0x401804,0xfc47cbc54708
0x401cfb,0x309dcdd7a4f8
0x401e31,0xfc47cbc55128
0x401e31,0xfc47cbc55268
0x401ea1,0x635dff9de510
0x40187e,0xfc47cbc54f80
0x401804,0xfc47cbc56428
0x401804,0xfc47cbc56748
0x401cfb,0x309dcdd7c538
0x401ed1,0x635dff9ded40
0x40187e,0xfc47cbc56c00
0x401ea1,0x635dff9e0190
0x401e1b,0x309dcdd6cd80
0x401dc9,0x309dcdd7e508
0x401e89,0xfc47cbc51348
0x401e31,0xfc47cbc59108
0x40182a,0xfc47cbc58980
0x401d8b,0xfc47cbc51398
0x401dc9,0x309dcdd7ebe8
0x401ed1,0x635dff9e23c0
0x40182a,0xfc47cbc58fc0
0x401dc9,0x309dcdd80188
0x401d8b,0xfc47cbc51c58
0x40182a,0xfc47cbc5a4c0
0x401d8b,0xfc47cbc51e38
0x401d8b,0xfc47cbc531f8
0x401dc9,0x309dcdd809a8
0x401cfb,0x309dcdd808d8
0x401dc9,0x309dcdd80d68
0x401ed1,0x635dff9e47c0
0x40173b,0xfc47cbc53d38
0x40182a,0xfc47cbc5c500
0x401dc9,0x309dcdd82768
0x401e47,0x635dff9ecd90
0x401ea1,0x635dff9e6390
0x401ed1,0x635dff9e6580
0x401e47,0x635dff9ee830
0x401804,0xfc47cbc5e528
0x401e1b,0x309dcdd74700
0x40187e,0xfc47cbc5ebc0
0x401804,0xfc47cbc5ed48
0x401804,0xfc47cbc601a8
0x401dc9,0x309dcdd86388
0x401e47,0x635dff9f09b0
0x401da0,0x635dff9e8ba0
0x401e1b,0x309dcdd76740
0x40185c,0xfc47cbc608c0
0x401e31,0xfc47cbc610c8
0x40187e,0xfc47cbc60980
0x40187e,0xfc47cbc60d40
0x401804,0xfc47cbc623c8
0x401e89,0xfc47cbc59f88
0x40187e,0xfc47cbc62740
0x401e31,0xfc47cbc63108
0x401e47,0x635dff9f2ef0
0x401ea1,0x635dff9ec1d0
0x401cfb,0x309dcdd88bb8
0x401ed1,0x635dff9ec640
0x401e47,0x635dff9f4710
0x401d8b,0xfc47cbc5bd98
0x401d8b,0xfc47cbc5bf78
0x401804,0xfc47cbc647c8
0x401e31,0xfc47cbc65328
0x401e47,0x635dff9f6430
0x401e89,0xfc47cbc5dc48
0x401e31,0xfc47cbc65aa8
0x401dc9,0x309dcdd8c1c8
0x401804,0xfc47cbc663a8
0x401e47,0x635dff9f6750
0x401804,0xfc47cbc66588
0x401e31,0xfc47cbc67228
0x401dc9,0x309dcdd8cda8
0x401e31,0xfc47cbc67cc8
0x401e89,0xfc47cbc61188
0x401cfb,0x309dcdd8e818
0x401ed1,0x635dff9f0f80
0x40182a,0xfc47cbc68b80
0x401e1b,0x309dcdd7ed40
0x401ed1,0x635dff9f25c0
0x401d8b,0xfc47cbc61c78
0x401ed1,0x635dff9f2e80
0x401cfb,0x309dcdd90998
0x401804,0xfc47cbc6c1e8
0x401e1b,0x309dcdd823c0
0x401e31,0xfc47cbc6bca8
0x401804,0xfc47cbc6c648
0x401d8b,0xfc47cbc65118
0x401da0,0x635dff9f4fa0
0x401e89,0xfc47cbc65708
0x40187e,0xfc47cbc6cd80
0x401cfb,0x309dcdd92ed8
0x401e47,0x635dff9fe530
0x401da0,0x635dff9f6c20
0x401e1b,0x309dcdd847c0
0x40185c,0xfc47cbc6e800
0x401dc9,0x309dcdd94728
0x401d8b,0xfc47cbc67298
0x401e47,0x635dff9fed50
0x401e47,0x635dffa001b0
0x401d8b,0xfc47cbc67a18
0x401cfb,0x309dcdd94fb8
0x401e89,0xfc47cbc67c48
0x401ea1,0x635dff9f8990
0x401e1b,0x309dcdd86580
0x401cfb,0x309dcdd96418
0x401dc9,0x309dcdd96768
0x40185c,0xfc47cbc70980
0x401ea1,0x635dff9f8fd0
0x401e31,0xfc47cbc71368
0x401cfb,0x309dcdd96c38
0x401e89,0xfc47cbc698c8
0x401ea1,0x635dff9fa4d0
0x401804,0xfc47cbc70f88
0x401e47,0x635dffa023d0
0x401804,0xfc47cbc725c8
0x401e31,0xfc47cbc71e08
0x401e31,0xfc47cbc731c8
0x401d8b,0xfc47cbc6b3b8
0x401dc9,0x309dcdd98988
0x401e89,0xfc47cbc6b548
0x401804,0xfc47cbc72e88
0x401736,0xfc47cbc72ec0
0x4017d0,0x635dff9fc510
0x401dc9,0x309dcdd98fc8
0x401e47,0x635dffa047d0
0x401e31,0xfc47cbc73d08
0x401dc9,0x309dcdd9a4c8
0x40187e,0xfc47cbc74700
0x401d8b,0xfc47cbc6d7b8
0x40182a,0xfc47cbc74f80
0x401e47,0x635dffa063b0
0x401e47,0x635dffa06590
0x40185c,0xfc47cbc76400
0x401e1b,0x309dcdd8c640
0x401d8b,0xfc47cbc6dfd8
0x401dc9,0x309dcdd9c508
0x401da0,0x635dff9febe0
0x40187e,0xfc47cbc76740
0x40182a,0xfc47cbc76c00
0x401ed1,0x635dffa008c0
0x401da0,0x635dffa009a0
0x401cfb,0x309dcdd9e518
0x401da0,0x635dffa00d60
0x401804,0xfc47cbc789a8
0x401e89,0xfc47cbc71388
0x401cfb,0x309dcdd9ebf8
0x401dc9,0x309dcdd9ed68
0x401804,0xfc47cbc78fe8
0x401da0,0x635dffa02760
0x401e89,0xfc47cbc71c48
0x401cfb,0x309dcdda0198
0x401804,0xfc47cbc7a4e8
0x401e31,0xfc47cbc79fa8
0x401cfb,0x309dcdda09b8
0x401d8b,0xfc47cbc73558
0x401796,0x635dffa0c1f0
0x401e1b,0x309dcdd90f80
0x401cfb,0x309dcdda0d78
0x401e47,0x635dffa0c650
0x401804,0xfc47cbc7c528
0x401e1b,0x309dcdd925c0
0x401dc9,0x309dcdda23e8
0x401e31,0xfc47cbc7bf48
0x401d8b,0xfc47cbc75138
0x401d8b,0xfc47cbc75278
0x401cfb,0x309dcdda2778
0x401e1b,0x309dcdd92e80
0x401e31,0xfc47cbc7dc68
0x40185c,0xfc47cbc7e500
0x401dc9,0x309dcdda47e8
0x40182a,0xfc47cbc7ebc0
0x40187e,0xfc47cbc7ed40
0x40185c,0xfc47cbc80180
0x401ea1,0x635dffa08b90
0x401cfb,0x309dcdda6398
0x401dc9,0x309dcdda65a8
0x401d8b,0xfc47cbc79118
0x401804,0xfc47cbc808c8
0x40182a,0xfc47cbc80980
0x401e31,0xfc47cbc811a8
0x401e47,0x635dffa10f90
0x40182a,0xfc47cbc80d40
0x401e47,0x635dffa125d0
0x40187e,0xfc47cbc823c0
0x401e31,0xfc47cbc81c48
0x40182a,0xfc47cbc82740
0x401e47,0x635dffa12e90
0x401dc9,0x309dcdda8b88
0x401e89,0xfc47cbc7bd88
0x40187e,0xfc47cbc847c0
0x401da0,0x635dffa0cda0
0x401e31,0xfc47cbc85728
0x401ed1,0x635dffa0e800
0x40185c,0xfc47cbc86380
0x401cfb,0x309dcddac1d8
0x40187e,0xfc47cbc86580
0x401dc9,0x309dcddac668
0x401cfb,0x309dcddacdb8
0x401ed1,0x635dffa10980
0x401e31,0xfc47cbc87c68
0x401e47,0x635dffa189b0
0x401d8b,0xfc47cbc810d8
0x401804,0xfc47cbc88ba8
0x401e47,0x635dffa18ff0
0x401e47,0x635dffa1a4f0
0x401e31,0xfc47cbc898e8
0x401d8b,0xfc47cbc83118
0x401e1b,0x309dcdda08c0
0x401ed1,0x635dffa12ec0
0x401e31,0xfc47cbc8b388
0x401e31,0xfc47cbc8b568
0x401dc9,0x309dcddb0fa8
0x401e47,0x635dffa1c530
0x40185c,0xfc47cbc8c1c0
0x401da0,0x635dffa14720
0x40187e,0xfc47cbc8c640
0x401e89,0xfc47cbc85108
0x401dc9,0x309dcddb25e8
0x401ea1,0x635dffa14f90
0x401d8b,0xfc47cbc85338
0x40182a,0xfc47cbc8cd80
0x401ed1,0x635dffa16400
0x401e31,0xfc47cbc8d788
0x401dc9,0x309dcddb2ea8
0x401d8b,0xfc47cbc85ab8
0x401da0,0x635dffa16760
0x401ea1,0x635dffa16c10
0x401804,0xfc47cbc8e808
0x401e89,0xfc47cbc87288
0x401d8b,0xfc47cbc87238
0x401cfb,0x309dcddb4738
0x401e89,0xfc47cbc87a08
0x401dc9,0x309dcddb4f88
0x401d8b,0xfc47cbc87cd8
0x401e47,0x635dffa208d0
0x401804,0xfc47cbc90988
0x401cfb,0x309dcddb6778
0x401e31,0xfc47cbc913a8
0x401dc9,0x309dcddb6c08
0x40187e,0xfc47cbc90f80
0x401e31,0xfc47cbc91c68
0x40187e,0xfc47cbc925c0
0x401cfb,0x309dcddb8998
0x401804,0xfc47cbc92ec8
0x40187e,0xfc47cbc92e80
0x401cfb,0x309dcddb8fd8
0x401d8b,0xfc47cbc8bcb8
0x40182a,0xfc47cbc94700
0x401cfb,0x309dcddba4d8
0x401e31,0xfc47cbc95108
0x401e31,0xfc47cbc95248
0x401804,0xfc47cbc94fa8
0x401ed1,0x635dffa1e500
0x401804,0xfc47cbc96408
0x401e89,0xfc47cbc8dfc8
0x401ea1,0x635dffa1ebd0
0x40182a,0xfc47cbc96740
0x401cfb,0x309dcddbc518
0x401da0,0x635dffa1ed60
0x401804,0xfc47cbc96c28
0x401ed1,0x635dffa20180
0x401ea1,0x635dffa20990
0x401ea1,0x635dffa20d50
0x401e47,0x635dffa28bb0
0x401e1b,0x309dcddae800
0x40185c,0xfc47cbc98980
0x401d8b,0xfc47cbc91378
0x401dc9,0x309dcddbebc8
0x401da0,0x635dffa223e0
0x401cfb,0x309dcddbed78
0x40185c,0xfc47cbc98fc0
0x401ea1,0x635dffa22750
0x40185c,0xfc47cbc9a4c0
0x401d8b,0xfc47cbc91e18
0x401d8b,0xfc47cbc931d8
0x401e1b,0x309dcddb0980
0x401dc9,0x309dcddc08e8
0x401dc9,0x309dcddc0988
0x401e89,0xfc47cbc93548
0x401dc9,0x309dcddc0d48
0x401da0,0x635dffa247e0
0x401d8b,0xfc47cbc93d18
0x40185c,0xfc47cbc9c500
0x401e31,0xfc47cbc9bda8
0x401cfb,0x309dcddc23f8
0x401dc9,0x309dcddc2748
0x401e1b,0x309dcddb2ec0
0x401ed1,0x635dffa26380
0x401da0,0x635dffa265a0
0x401e47,0x635dffa2e810
0x401804,0xfc47cbc9e508
0x401cfb,0x309dcddc47f8
0x401804,0xfc47cbc9ebe8
0x40182a,0xfc47cbc9ed40
0x401804,0xfc47cbca0188
0x401e1b,0x309dcddb6400
0x401e47,0x635dffa30990
0x401e89,0xfc47cbc99108
0x401cfb,0x309dcddc65b8
0x40187e,0xfc47cbca08c0
0x401804,0xfc47cbca09a8
0x401804,0xfc47cbca0d68
0x40182a,0xfc47cbca23c0
0x401804,0xfc47cbca2768
0x40173b,0xfc47cbc99fb8
0x401796,0x635dffa32ed0
0x4017b0,0x635dffa2c1c0
0x40170a,0x309dcddc8b98
0x40172e,0x635dffa2c660
0x40173b,0xfc47cbc9bf58
0x401705,0xfc47cbca47c0
0x4017d0,0x635dffa2cd90
0x4017a3,0xfc47cbca5128
0x401796,0x635dffa34fb0
0x4017a3,0xfc47cbca5308
0x401796,0x635dffa36410
0x401804,0xfc47cbca6388
0x40173b,0xfc47cbc9dc78
0x4017a3,0xfc47cbca5a88
0x401705,0xfc47cbca6580
0x401796,0x635dffa36c30
0x40170a,0x309dcddcc678
0x4017a3,0xfc47cbca7208
0x4017a3,0xfc47cbca72a8
0x40176f,0x309dcddccd88
0x4017a3,0xfc47cbca7a28
0x401748,0x309dcddbe500
0x4017e0,0xfc47cbca10c8
0x40173b,0xfc47cbca11b8
0x40176f,0x309dcddce828
0x40172e,0x635dffa30fa0
0x401736,0xfc47cbca8b80
0x40172e,0x635dffa325e0
0x401748,0x309dcddc0180
0x40173b,0xfc47cbca1c58
0x4017e0,0xfc47cbca3108
0x40172e,0x635dffa32ea0
0x40176f,0x309dcddd09a8
0x4017d0,0x635dffa34710
0x401804,0xfc47cbcac1c8
0x40170a,0x309dcddd0fb8
0x4017a3,0xfc47cbcabc88
0x401705,0xfc47cbcac640
0x40170a,0x309dcddd25f8
0x401804,0xfc47cbcacda8
0x40173b,0xfc47cbca5738
0x40176f,0x309dcddd2ee8
0x40170a,0x309dcddd2eb8
0x401796,0x635dffa3e510
0x4017d0,0x635dffa36750
0x401796,0x635dffa3ebf0
0x401804,0x28d7cf3f0988
0x40176f,0x309dcddd4708
0x4017a3,0x28d7cf3f13a8
0x401796,0x635dffa40190
0x40176a,0x28d7cf3f0f80
0x40170a,0x309dcddd4f98
0x401748,0x309dcddc6380
0x40173b,0xfc47cbca7c78
0x4017e0,0xfc47cbca7cc8
0x4017b0,0x635dffa38980
0x4017a3,0x28d7cf3f1c68
0x40176a,0x28d7cf3f25c0
0x40176f,0x309dcddd6428
0x401796,0x635dffa409b0
0x401796,0x635dffa40d70
0x40176f,0x309dcddd6748
0x4017b0,0x635dffa38fc0
0x401804,0x28d7cf3f2ec8
0x40170a,0x309dcddd6c18
0x40176a,0x28d7cf3f2e80
0x40173b,0xfc47cbca98f8
0x4017b0,0x635dffa3a4c0
0x401796,0x635dffa42770
0x40182a,0x28d7cf3f4700
0x401e31,0x28d7cf3f5108
0x401e31,0x28d7cf3f5248
0x401d8b,0xfc47cbcab398
0x401d8b,0xfc47cbcab578
0x401804,0x28d7cf3f4fa8
0x401ed1,0x635dffa3c500
0x401804,0x28d7cf3f6408
0x40182a,0x28d7cf3f6740
0x401804,0x28d7cf3f6c28
0x401e47,0x635dffa46390
0x401e1b,0x309dcddcc1c0
0x401ea1,0x635dffa3ed50
0x40185c,0x28d7cf3f8980
0x401d8b,0x28d7cf3f1378
0x40185c,0x28d7cf3f8fc0
0x401da0,0x635dffa408e0
0x40185c,0x28d7cf3fa4c0
0x401d8b,0x28d7cf3f1e18
0x401dc9,0x309dcddde528
0x401d8b,0x28d7cf3f31d8
0x401e89,0x28d7cf3f3548
0x401ea1,0x635dffa423d0
0x401cfb,0x309dcdddebd8
0x401dc9,0x309dcddded48
0x401dc9,0x309dcdde01a8
0x401d8b,0x28d7cf3f3d18
0x40185c,0x28d7cf3fc500
0x401e31,0x28d7cf3fbda8
0x401cfb,0x309dcdde08f8
0x401cfb,0x309dcdde0998
0x401e47,0x635dffa4c1d0
0x401cfb,0x309dcdde0d58
0x401ea1,0x635dffa447d0
0x401804,0x28d7cf3fe508
0x401dc9,0x309dcdde23c8
0x401cfb,0x309dcdde2758
0x401e47,0x635dffa4cdb0
0x401804,0x28d7cf3febe8
0x40182a,0x28d7cf3fed40
0x401ea1,0x635dffa46590
0x401804,0x28d7cf400188
0x401e89,0x28d7cf3f9108
0x40187e,0x28d7cf4008c0
0x401804,0x28d7cf4009a8
0x401dc9,0x309dcdde47c8
0x401804,0x28d7cf400d68
0x40182a,0x28d7cf4023c0
0x401dc9,0x309dcdde63a8
0x401d8b,0x28d7cf3f9fb8
0x401ed1,0x635dffa48b80
0x401dc9,0x309dcdde6588
0x401804,0x28d7cf402768
0x401d8b,0x28d7cf3fbf58
0x40182a,0x28d7cf4047c0
0x401e31,0x28d7cf405128
0x401e1b,0x309dcddd8980
0x401e31,0x28d7cf405308
0x401e1b,0x309dcddd8fc0
0x401ea1,0x635dffa4c650
0x401804,0x28d7cf406388
0x401d8b,0x28d7cf3fdc78
0x401e31,0x28d7cf405a88
0x401e47,0x635dffa54730
0x401e1b,0x309dcddda4c0
0x40182a,0x28d7cf406580
0x401e31,0x28d7cf407208
0x401e31,0x28d7cf4072a8
0x401e31,0x28d7cf407a28
0x401da0,0x635dffa4e820
0x401e47,0x635dffa56770
0x401dc9,0x309dcddec1e8
0x401e1b,0x309dcdddc500
0x401e89,0x28d7cf4010c8
0x401dc9,0x309dcddec648
0x401d8b,0x28d7cf4011b8
0x40185c,0x28d7cf408b80
0x401cfb,0x309dcddecd98
0x401d8b,0x28d7cf401c58
0x401da0,0x635dffa509a0
0x401e47,0x635dffa58990
0x401e89,0x28d7cf403108
0x401ea1,0x635dffa50f90
0x401cfb,0x309dcddee838
0x401e47,0x635dffa58fd0
0x401ea1,0x635dffa525d0
0x401e47,0x635dffa5a4d0
0x401804,0x28d7cf40c1c8
0x401e31,0x28d7cf40bc88
0x40182a,0x28d7cf40c640
0x401ea1,0x635dffa52e90
0x401da0,0x635dffa52ee0
0x401cfb,0x309dcddf09b8
0x401804,0x28d7cf40cda8
0x401d8b,0x28d7cf405738
0x401dc9,0x309dcddf0f88
0x401e47,0x635dffa5c510
0x401dc9,0x309dcddf25c8
0x40187e,0x28d7cf40e800
0x401e31,0x28d7cf40dfe8
0x401ed1,0x635dffa54f80
0x401da0,0x635dffa56420
0x401dc9,0x309dcddf2e88
0x401cfb,0x309dcddf2ef8
0x401e89,0x28d7cf407cc8
0x401d8b,0x28d7cf407c78
0x401804,0xab8966ef6428
0x401ed1,0x635dffa56c00
0x401804,0xab8966ef6748
0x401cfb,0x309dcddf4718
0x401e47,0x635dffa5ed70
0x40187e,0xab8966ef6c00
0x401d8b,0x28d7cf4098f8
0x401cfb,0x309dcddf6438
0x401e31,0xab8966ef9108
0x40182a,0xab8966ef8980
0x401cfb,0x309dcddf6758
0x401d8b,0x28d7cf40b398
0x401d8b,0x28d7cf40b578
0x40182a,0xab8966ef8fc0
0x401e47,0x635dffa623f0
0x40182a,0xab8966efa4c0
0x401e1b,0x309dcdde8b80
0x401dc9,0x309dcddf89a8
0x401d8b,0x28d7cf40d798
0x401dc9,0x309dcddf8fe8
0x401e47,0x635dffa647f0
0x40182a,0xab8966efc500
0x401dc9,0x309dcddfa4e8
0x401da0,0x635dffa5e520
0x401e47,0x635dffa665b0
0x401804,0xab8966efe528
0x401dc9,0x309dcddfc528
0x401ed1,0x635dffa5ebc0
0x40187e,0xab8966efebc0
0x401da0,0x635dffa601a0
0x401804,0xab8966efed48
0x401ea1,0x635dffa608d0
0x401ed1,0x635dffa60980
0x401cfb,0x309dcddfe538
0x401e47,0x635dffa68b90
0x401ed1,0x635dffa60d40
0x401804,0xc48ca8ffdc48
0x401e31,0xc48ca8ffe528
0x401cfb,0x309dcddfed58
0x401ed1,0x635dffa62740
0x401cfb,0x309dcde001b8
0x401e31,0xc48ca8ffed48
0x401e89,0xab8966ef9f88
0x401e31,0xc48ca90001a8
0x401dc9,0x309dcde008c8
0x401804,0xc48ca90010e8
0x401804,0xc48ca9001188
0x401e47,0x635dffa6c670
0x401d8b,0xab8966efbd98
0x401cfb,0x309dcde023d8
0x401d8b,0xab8966efbf78
0x401e31,0xc48ca90023c8
0x40182a,0xc48ca9001c40
0x401da0,0x635dffa663a0
0x401804,0xc48ca9003128
0x401e89,0xab8966efdc48
0x401cfb,0x309dcde047d8
0x401e89,0xc48ca8ffc508
0x401e1b,0x309dcddf4f80
0x401e31,0xc48ca90047c8
0x40185c,0xc48ca9005100
0x40187e,0xc48ca9005300
0x401cfb,0x309dcde063b8
0x401804,0xc48ca9005708
0x401cfb,0x309dcde06598
0x40187e,0xc48ca9005a80
0x401e31,0xc48ca90063a8
0x401e1b,0x309dcddf6c00
0x401e47,0x635dffa70fb0
0x401e31,0xc48ca9006588
0x40187e,0xc48ca9007200
0x401e47,0x635dffa725f0
0x401d8b,0xc48ca8ffebd8
0x40185c,0xc48ca9007280
0x40185c,0xc48ca9007a00
0x401e47,0x635dffa72eb0
0x401804,0xc48ca9007c48
0x401804,0xc48ca9007ce8
0x401da0,0x635dffa6c1e0
0x401dc9,0x309dcde08ba8
0x401d8b,0xc48ca90008f8
0x401d8b,0xc48ca9000998
0x401d8b,0xc48ca9000d58
0x401804,0xc48ca90098c8
0x401ed1,0x635dffa6cd80
0x401e47,0x635dffa74f90
0x401d8b,0xc48ca9002758
0x401ea1,0x635dffa6e810
0x40182a,0xc48ca900b380
0x401cfb,0x309dcde0c1f8
0x401804,0xc48ca900b548
0x401e47,0x635dffa76c10
0x401cfb,0x309dcde0c658
0x401e31,0xc48ca900c1e8
0x40187e,0xc48ca900bc80
0x401e31,0xc48ca900c648
0x401ea1,0x635dffa70990
0x401705,0xc48ca900d780
0x401dc9,0x309dcde0e808
0x401e1b,0x309dcddfebc0
0x40185c,0xc48ca900dfc0
0x401ea1,0x635dffa72ed0
0x401e1b,0x309dcde00980
0x401dc9,0x309dcde10988
0x401e1b,0x309dcde00d40
0x401e89,0xc48ca9008b88
0x401cfb,0x309dcde10f98
0x401ed1,0x635dffa74700
0x401804,0xc48ca9011388
0x40187e,0xc48ca9011340
0x401e1b,0x309dcde02740
0x401e31,0xc48ca9010f88
0x401cfb,0x309dcde125d8
0x401804,0xc48ca9011c48
0x401e31,0xc48ca90125c8
0x401ea1,0x635dffa76410
0x401804,0xc48ca9011e28
0x401dc9,0x309dcde12ec8
0x401cfb,0x309dcde12e98
0x401804,0xc48ca90131e8
0x401ed1,0x635dffa76740
0x40185c,0xc48ca9013540
0x401e31,0xc48ca9012e88
0x401e47,0x635dffa7ebd0
0x401804,0xc48ca9013d28
0x40182a,0xc48ca9015100
0x401dc9,0x309dcde14fa8
0x40182a,0xc48ca9015240
0x401d8b,0xc48ca900cd98
0x401da0,0x635dffa789a0
0x401e47,0x635dffa808f0
0x401dc9,0x309dcde16408
0x401e47,0x635dffa80990
0x401e47,0x635dffa80d50
0x401da0,0x635dffa78fe0
0x401dc9,0x309dcde16c28
0x401d8b,0xc48ca900e838
0x401da0,0x635dffa7a4e0
0x401e47,0x635dffa82750
0x401cfb,0x309dcde189b8
0x401da0,0x635dffa7c520
0x401d8b,0xc48ca90109b8
0x40185c,0xc48ca9019100
0x401cfb,0x309dcde18ff8
0x401e31,0xc48ca90189a8
0x401cfb,0x309dcde1a4f8
0x401e31,0xc48ca9018fe8
0x401e31,0xc48ca901a4e8
0x401ea1,0x635dffa7e510
0x40187e,0xc48ca9019f80
0x401d8b,0xc48ca9012ef8
0x401cfb,0x309dcde1c538
0x401ed1,0x635dffa7ed40
0x401ea1,0x635dffa80190
0x401e31,0xc48ca901c528
0x401804,0xc48ca901bd88
0x401e1b,0x309dcde0cd80
0x401d8b,0xc48ca9014718
0x401804,0xc48ca901bf68
0x4017e0,0xc48ca9014f88
0x401dc9,0x309dcde1e508
0x401d8b,0xc48ca9016438
0x40187e,0xc48ca901dc40
0x401dc9,0x309dcde1ebe8
0x401d8b,0xc48ca9016758
0x401ed1,0x635dffa823c0
0x401e89,0xc48ca9016c08
0x401dc9,0x309dcde20188
0x401dc9,0x309dcde209a8
0x401cfb,0x309dcde208d8
0x401dc9,0x309dcde20d68
0x401e31,0xc48ca90208c8
0x40185c,0xc48ca90210c0
0x40187e,0xc48ca9021180
0x401ed1,0x635dffa847c0
0x401dc9,0x309dcde22768
0x401e47,0x635dffa8cd90
0x401804,0xc48ca9021c68
0x401ea1,0x635dffa86390
0x401ed1,0x635dffa86580
0x40185c,0xc48ca9023100
0x401e47,0x635dffa8e830
0x401e1b,0x309dcde14700
0x401804,0xc48ca9025108
0x401705,0xc48ca9025300
0x401dc9,0x309dcde26388
0x401e47,0x635dffa909b0
0x401da0,0x635dffa88ba0
0x40187e,0xc48ca9025700
0x401e1b,0x309dcde16740
0x40182a,0xc48ca9025a80
0x401d8b,0xc48ca901e538
0x401e89,0xc48ca901ebc8
0x401804,0xc48ca9027288
0x40182a,0xc48ca9027200
0x401d8b,0xc48ca901ed58
0x401d8b,0xc48ca90201b8
0x401804,0xc48ca9027a08
0x401e47,0x635dffa92ef0
0x401ea1,0x635dffa8c1d0
0x40187e,0xc48ca9027c40
0x40185c,0xc48ca9027cc0
0x401cfb,0x309dcde28bb8
0x401e89,0xc48ca9020988
0x401ed1,0x635dffa8c640
0x401e47,0x635dffa94710
0x401e89,0xc48ca9020d48
0x401e31,0xc48ca9028ba8
0x40187e,0xc48ca90298c0
0x401d8b,0xc48ca90223d8
0x401e89,0xc48ca9022748
0x401e47,0x635dffa96430
0x401804,0xc48ca902b3a8
0x401dc9,0x309dcde2c1c8
0x401e47,0x635dffa96750
0x40187e,0xc48ca902b540
0x40182a,0xc48ca902bc80
0x401d8b,0xc48ca90247d8
0x401dc9,0x309dcde2cda8
0x401804,0xc48ca902d7a8
0x401d8b,0xc48ca90263b8
0x401cfb,0x309dcde2e818
0x401ed1,0x635dffa90f80
0x401d8b,0xc48ca9026598
0x401e1b,0x309dcde1ed40
0x401804,0xc48ca902dfc8
0x401e31,0xc48ca902e808
0x401ed1,0x635dffa925c0
0x401ed1,0x635dffa92e80
0x401cfb,0x309dcde30998
0x401e31,0xc48ca9030988
0x40182a,0xc48ca9031340
0x401e1b,0x309dcde223c0
0x40187e,0xc48ca9031380
0x401da0,0x635dffa94fa0
0x40187e,0xc48ca9031c40
0x40185c,0xc48ca9031e00
0x401e47,0x635dffa9e530
0x401cfb,0x309dcde32ed8
0x40185c,0xc48ca90331c0
0x401804,0xc48ca9033548
0x401da0,0x635dffa96c20
0x401e31,0xc48ca9032ec8
0x401e1b,0x309dcde247c0
0x401d8b,0xc48ca902c1f8
0x401dc9,0x309dcde34728
0x401e47,0x635dffa9ed50
0x40185c,0xc48ca9033d00
0x401d8b,0xc48ca902c658
0x401e47,0x635dffaa01b0
0x401804,0xc48ca9035128
0x401804,0xc48ca9035268
0x401cfb,0x309dcde34fb8
0x401ea1,0x635dffa98990
0x401e89,0xc48ca902cd88
0x401e1b,0x309dcde26580
0x401cfb,0x309dcde36418
0x401e31,0xc48ca9034fa8
0x401dc9,0x309dcde36768
0x401ea1,0x635dffa98fd0
0x401e31,0xc48ca9036408
0x401cfb,0x309dcde36c38
0x401ea1,0x635dffa9a4d0
0x401e47,0x635dffaa23d0
0x401e31,0xc48ca9036c28
0x401dc9,0x309dcde38988
0x401ea1,0x635dffa9c510
0x401804,0xc48ca9039108
0x401dc9,0x309dcde38fc8
0x401e47,0x635dffaa47d0
0x401d8b,0xc48ca9030f98
0x401dc9,0x309dcde3a4c8
0x401d8b,0xc48ca90325d8
0x401e47,0x635dffaa63b0
0x40182a,0xc48ca9039f80
0x401e47,0x635dffaa6590
0x401d8b,0xc48ca9032e98
0x401e1b,0x309dcde2c640
0x401dc9,0x309dcde3c508
0x401da0,0x635dffa9ebe0
0x40187e,0xc48ca903bd80
0x401e89,0xc48ca9034708
0x401736,0xc48ca903bf40
0x401ed1,0x635dffaa08c0
0x401da0,0x635dffaa09a0
0x401cfb,0x309dcde3e518
0x401da0,0x635dffaa0d60
0x40182a,0xc48ca903dc40
0x401e31,0xc48ca903e508
0x401e89,0xc48ca9036748
0x401cfb,0x309dcde3ebf8
0x401dc9,0x309dcde3ed68
0x401da0,0x635dffaa2760
0x401cfb,0x309dcde40198
0x401e31,0xc48ca903ebe8
0x401e31,0xc48ca9040188
0x401cfb,0x309dcde409b8
0x401e47,0x635dffaac1f0
0x401e1b,0x309dcde30f80
0x401cfb,0x309dcde40d78
0x401804,0xc48ca90410c8
0x401d8b,0xc48ca90389b8
0x40182a,0xc48ca9041180
0x401e31,0xc48ca90409a8
0x401e47,0x635dffaac650
0x401e1b,0x309dcde325c0
0x401dc9,0x309dcde423e8
0x401e31,0xc48ca9040d68
0x401d8b,0xc48ca9038ff8
0x401cfb,0x309dcde42778
0x401d8b,0xc48ca903a4f8
0x401861,0xc48ca9041c48
0x401e1b,0x309dcde32e80
0x401e31,0xc48ca9042768
0x401804,0xc48ca9043108
0x401dc9,0x309dcde447e8
0x401d8b,0xc48ca903c538
0x40187e,0xc48ca9045100
0x401804,0xc48ca9045328
0x401ea1,0x635dffaa8b90
0x401cfb,0x309dcde46398
0x40182a,0xc48ca9045700
0x401dc9,0x309dcde465a8
0x401804,0xc48ca9045aa8
0x401e31,0xc48ca9046388
0x401e47,0x635dffab0f90
0x401804,0xc48ca9047228
0x401e47,0x635dffab25d0
0x40187e,0xc48ca9047280
0x401e89,0xc48ca903ed48
0x40187e,0xc48ca9047a00
0x401e47,0x635dffab2e90
0x401804,0xc48ca9047cc8
0x40182a,0xc48ca9047c40
0x401dc9,0x309dcde48b88
0x401d8b,0xc48ca90408d8
0x401dc9,0x79e62eca3128
0x401da0,0x635dffaacda0
0x40182a,0xc48ca90498c0
0x401e89,0xc48ca90423c8
0x401ed1,0x635dffaae800
0x40185c,0xc48ca904b380
0x401cfb,0x79e62eca5138
0x40182a,0xc48ca904b540
0x401cfb,0x79e62eca5318
0x401dc9,0x79e62eca5708
0x401e31,0xc48ca904c1c8
0x401804,0xc48ca904bca8
0x40170a,0x79e62eca5a98
0x401e89,0xc48ca90447c8
0x401cfb,0x79e62eca7218
0x401ed1,0x635dffab0980
0x401cfb,0x79e62eca72b8
0x401e31,0xc48ca904cda8
0x401e47,0x635dffab89b0
0x40185c,0xc48ca904d780
0x401e89,0xc48ca9046588
0x401e47,0x635dffab8ff0
0x401cfb,0x79e62eca7a38
0x401dc9,0x79e62eca7c48
0x401dc9,0x79e62eca7ce8
0x40187e,0xc48ca904dfc0
0x401e47,0x635dffaba4f0
0x401e1b,0x309dcde408c0
0x401ed1,0x635dffab2ec0
0x401dc9,0x79e62eca98c8
0x401e47,0x635dffabc530
0x401da0,0x635dffab4720
0x401d8b,0xc48ca9048bb8
0x401804,0xc48ca9051368
0x40182a,0xc48ca9051380
0x401dc9,0x79e62ecab548
0x401ea1,0x635dffab4f90
0x40182a,0xc48ca9051c40
0x401804,0xc48ca9051e08
0x401cfb,0x79e62ecabc98
0x401ed1,0x635dffab6400
0x401804,0xc48ca90531c8
0x401da0,0x635dffab6760
0x40187e,0xc48ca9053540
0x401ea1,0x635dffab6c10
0x401e89,0xc48ca904c648
0x401804,0xc48ca9053d08
0x401e31,0xc48ca9054728
0x40185c,0xc48ca9055100
0x401cfb,0x79e62ecadff8
0x40185c,0xc48ca9055240
0x401e47,0x635dffac08d0
0x401d8b,0xc48ca904e818
0x401e31,0xc48ca9056768
0x401dc9,0x79e62ecb1388
0x401cfb,0x79e62ecb1358
0x401dc9,0x79e62ecb1c48
0x401dc9,0x79e62ecb1e28
0x40187e,0xc48ca9059100
0x401d8b,0xc48ca9050998
0x401e31,0xc48ca9058988
0x401dc9,0x79e62ecb31e8
0x401e89,0xc48ca9050f88
0x401cfb,0x79e62ecb3578
0x401e31,0xc48ca9058fc8
0x401e89,0xc48ca90525c8
0x401e31,0xc48ca905a4c8
0x401dc9,0x79e62ecb3d28
0x401804,0xc48ca9059fa8
0x401ed1,0x635dffabe500
0x401e89,0xc48ca9052e88
0x401d8b,0xc48ca9052ed8
0x401ea1,0x635dffabebd0
0x401da0,0x635dffabed60
0x401ed1,0x635dffac0180
0x401e31,0xc48ca905c508
0x40182a,0xc48ca905bd80
0x401804,0xc48ca905bf48
0x401ea1,0x635dffac0990
0x401d8b,0xc48ca9054fb8
0x401ea1,0x635dffac0d50
0x401e47,0x635dffac8bb0
0x401d8b,0xc48ca9056418
0x401804,0xc48ca905dc68
0x401da0,0x635dffac23e0
0x401ea1,0x635dffac2750
0x401d8b,0xc48ca9056c38
0x401cfb,0x79e62ecb9138
0x401e31,0xc48ca905ed68
0x40187e,0xc48ca90610c0
0x401804,0xc48ca90611a8
0x401cfb,0x79e62ecb9f98
0x401da0,0x635dffac47e0
0x401e1b,0x79e62ecab380
0x401804,0xc48ca9061c48
0x401e31,0xc48ca90623e8
0x401ed1,0x635dffac6380
0x401dc9,0x79e62ecbbd88
0x401da0,0x635dffac65a0
0x40187e,0xc48ca9063100
0x401dc9,0x79e62ecbbf68
0x401e47,0x635dfface810
0x401e1b,0x79e62ecad780
0x401cfb,0x79e62ecbdc58
0x401e31,0xc48ca90647e8
0x40182a,0xc48ca9065100
0x40185c,0xc48ca9065300
0x401e47,0x635dffad0990
0x401804,0xc48ca9065728
0x40185c,0xc48ca9065a80
0x401d8b,0xc48ca905e518
0x401e31,0xc48ca90665a8
0x40185c,0xc48ca9067200
0x401d8b,0xc48ca905ebf8
0x40182a,0xc48ca9067280
0x401cfb,0x79e62ecc10f8
0x401cfb,0x79e62ecc1198
0x401d8b,0xc48ca9060198
0x40182a,0xc48ca9067a00
0x401e47,0x635dffad2ed0
0x401804,0xc48ca9067c68
0x40187e,0xc48ca9067cc0
0x401ed1,0x635dffacc1c0
0x401dc9,0x79e62ecc1c68
0x401e89,0xc48ca90608c8
0x401d8b,0xc48ca90609b8
0x401da0,0x635dffacc660
0x401cfb,0x79e62ecc3138
0x401e31,0xc48ca9068b88
0x401d8b,0xc48ca9060d78
0x401ea1,0x635dffaccd90
0x401804,0xc48ca90698e8
0x401e47,0x635dffad4fb0
0x401d8b,0xc48ca9062778
0x401e47,0x635dffad6410
0x401e1b,0x79e62ecb5100
0x401e1b,0x79e62ecb5240
0x401dc9,0x79e62ecc5108
0x401804,0xc48ca906b388
0x401804,0xc48ca906b568
0x401e47,0x635dffad6c30
0x401cfb,0x79e62ecc5718
0x40185c,0xc48ca906bc80
0x401e31,0xc48ca906c668
0x401dc9,0x79e62ecc7288
0x401804,0xc48ca906d788
0x401d8b,0xc48ca9066398
0x401da0,0x635dffad0fa0
0x401dc9,0x79e62ecc7a08
0x401cfb,0x79e62ecc7c58
0x401cfb,0x79e62ecc7cf8
0x40182a,0xc48ca906dfc0
0x401da0,0x635dffad25e0
0x401da0,0x635dffad2ea0
0x401cfb,0x79e62ecc98d8
0x401ea1,0x635dffad4710
0x401804,0xc48ca90713a8
0x40185c,0xc48ca9071340
0x401dc9,0x79e62eccb3a8
0x401e31,0xc48ca9070fa8
0x401cfb,0x79e62eccb558
0x401804,0xc48ca9071c68
0x40187e,0xc48ca9071e00
0x401e31,0xc48ca90725e8
0x401e47,0x635dffade510
0x401ea1,0x635dffad6750
0x40187e,0xc48ca90731c0
0x40182a,0xc48ca9073540
0x401e31,0xc48ca9072ea8
0x401e47,0x635dffadebf0
0x401d8b,0xc48ca906c1d8
0x401dc9,0x79e62eccd7a8
0x40187e,0xc48ca9073d00
0x401e47,0x635dffae0190
0x401804,0xc48ca9075108
0x401dc9,0x79e62eccdfc8
0x401804,0xc48ca9075248
0x401d8b,0xc48ca906cdb8
0x401ed1,0x635dffad8980
0x401e47,0x635dffae09b0
0x401e31,0xc48ca9074f88
0x401e47,0x635dffae0d70
0x401ed1,0x635dffad8fc0
0x401e89,0xc48ca906e808
0x401ed1,0x635dffada4c0
0x401e47,0x635dffae2770
0x401e31,0xc48ca9076c08
0x401cfb,0x79e62ecd1398
0x401cfb,0x79e62ecd1c58
0x401e89,0xc48ca9070988
0x401ed1,0x635dffadc500
0x401cfb,0x79e62ecd1e38
0x40182a,0xc48ca9079100
0x401cfb,0x79e62ecd31f8
0x401dc9,0x79e62ecd3548
0x40185c,0xc48ca9079f80
0x401cfb,0x79e62ecd3d38
0x401e47,0x635dffae6390
0x401e1b,0x79e62ecc5300
0x401dc9,0x79e62ecd5128
0x40176f,0x79e62ecd5268
0x401e89,0xc48ca9072ec8
0x401ea1,0x635dffaded50
0x401e1b,0x79e62ecc5a80
0x401804,0xc48ca907bda8
0x401d8b,0xc48ca9074738
0x40187e,0xc48ca907bf40
0x401e1b,0x79e62ecc7200
0x401da0,0x635dffae08e0
0x401e89,0xc48ca9076408
0x40185c,0xc48ca907dc40
0x401ea1,0x635dffae23d0
0x401d8b,0xc48ca9076778
0x401dc9,0x79e62ecd9108
0x401e31,0xc48ca907ebc8
0x401e47,0x635dffaec1d0
0x401d8b,0xc48ca9078998
0x40182a,0xc48ca90810c0
0x401e31,0xc48ca90808e8
0x40185c,0xc48ca9081180
0x401e31,0xc48ca9080988
0x401ea1,0x635dffae47d0
0x401e31,0xc48ca9080d48
0x401d8b,0xc48ca9078fd8
0x401e47,0x635dffaecdb0
0x401d8b,0xc48ca907a4d8
0x40187e,0xc48ca9081c40
0x401e1b,0x79e62eccbc80
0x401e31,0xc48ca9082748
0x401ea1,0x635dffae6590
0x401cfb,0x79e62ecdbd98
0x401705,0xc48ca9083100
0x40170a,0x79e62ecdbf78
0x401d8b,0xc48ca907c518
0x401804,0xc48ca9085128
0x401804,0xc48ca9085308
0x401ed1,0x635dffae8b80
0x40185c,0xc48ca9085700
0x401804,0xc48ca9085a88
0x401e89,0xc48ca907e508
0x401804,0xc48ca9087208
0x401804,0xc48ca90872a8
0x401dc9,0x79e62ece10c8
0x401e1b,0x79e62ecd1340
0x401d8b,0xc48ca907ed78
0x401e89,0xc48ca9080188
0x401804,0xc48ca9087a28
0x40185c,0xc48ca9087c40
0x40182a,0xc48ca9087cc0
0x401cfb,0x79e62ece1c78
0x401ea1,0x635dffaec650
0x401dc9,0x79e62ece3108
0x401e47,0x635dffaf4730
0x40185c,0xc48ca90898c0
0x401d8b,0xc48ca90823f8
0x401da0,0x635dffaee820
0x40187e,0xc48ca908b380
0x401cfb,0x79e62ece5118
0x401e47,0x635dffaf6770
0x401dc9,0x79e62ece5328
0x40185c,0xc48ca908b540
0x401dc9,0x79e62ece5aa8
0x401804,0xc48ca908bc88
0x401d8b,0xc48ca90847f8
0x401dc9,0x79e62ece7228
0x401da0,0x635dffaf09a0
0x401cfb,0x79e62ece7298
0x401e31,0xc48ca908cd88
0x401e47,0x635dffaf8990
0x40187e,0xc48ca908d780
0x401e89,0xc48ca9086388
0x401ea1,0x635dffaf0f90
0x401e47,0x635dffaf8fd0
0x401cfb,0x79e62ece7a18
0x401d8b,0xc48ca90865b8
0x401dc9,0x79e62ece7cc8
0x401804,0xc48ca908dfe8
0x401ea1,0x635dffaf25d0
0x401e31,0xc48ca908e828
0x401e47,0x635dffafa4d0
0x401ea1,0x635dffaf2e90
0x401da0,0x635dffaf2ee0
0x401e1b,0x79e62ecd9f80
0x401e47,0x635dffafc510
0x401e31,0xc48ca90909a8
0x401d8b,0xc48ca9088b98
0x401804,0xc48ca9091348
0x40185c,0xc48ca9091380
0x401cfb,0x79e62eceb3b8
0x401ed1,0x635dffaf4f80
0x40185c,0xc48ca9091c40
0x401705,0xc48ca9091e00
0x40172e,0x635dffaf6420
0x401dc9,0x79e62ecebca8
0x40182a,0xc48ca90931c0
0x401804,0xc48ca9093568
0x401ed1,0x635dffaf6c00
0x401e31,0xc48ca9092ee8
0x401e89,0xc48ca908c1c8
0x401e47,0x635dffafed70
0x401cfb,0x79e62eced7b8
0x401e1b,0x79e62ecddc40
0x40182a,0xc48ca9093d00
0x401d8b,0xc48ca908c678
0x401e31,0xc48ca9094708
0x40187e,0xc48ca9095100
0x40187e,0xc48ca9095240
0x401cfb,0x79e62ecedfd8
0x401e31,0xc48ca9096428
0x401e31,0xc48ca9096748
0x401e47,0x635dffb023f0
0x401e1b,0x79e62ece1180
0x401dc9,0x79e62ecf1368
0x401dc9,0x79e62ecf1e08
0x401804,0xc48ca9099128
0x401dc9,0x79e62ecf31c8
0x401e47,0x635dffb047f0
0x401d8b,0xc48ca9090fb8
0x401cfb,0x79e62ecf3558
0x401d8b,0xc48ca90925f8
0x401dc9,0x79e62ecf3d08
0x401804,0xc48ca9099f88
0x401da0,0x635dffafe520
0x401e47,0x635dffb065b0
0x401cfb,0x79e62ecf5138
0x401cfb,0x79e62ecf5278
0x401d8b,0xc48ca9092eb8
0x401e1b,0x79e62ece5700
0x401ed1,0x635dffafebc0
0x401da0,0x635dffb001a0
0x40185c,0xc48ca909bd80
0x40182a,0xc48ca909bf40
0x401ea1,0x635dffb008d0
0x401ed1,0x635dffb00980
0x401d8b,0xc48ca9094f98
0x401e47,0x635dffb08b90
0x401ed1,0x635dffb00d40
0x401804,0xc48ca909dc48
0x401e1b,0x79e62ece7c40
0x401e31,0xc48ca909e528
0x401ed1,0x635dffb02740
0x401d8b,0xc48ca9096c18
0x401cfb,0x79e62ecf9118
0x401e31,0xc48ca909ed48
0x401e1b,0x79e62ece98c0
0x401e31,0xc48ca90a01a8
0x401e89,0xc48ca9098988
0x401804,0xc48ca90a10e8
0x401dc9,0x79e62ecf9fa8
0x401804,0xc48ca90a1188
0x401e47,0x635dffb0c670
0x401e1b,0x79e62eceb540
0x401e89,0xc48ca9098fc8
0x401e89,0xc48ca909a4c8
0x40182a,0xc48ca90a1c40
0x4017a3,0xc48ca90a23c8
0x401da0,0x635dffb063a0
0x401804,0xc48ca90a3128
0x401dc9,0x79e62ecfbf48
0x401e89,0xc48ca909c508
0x401dc9,0x79e62ecfdc68
0x401e31,0xc48ca90a47c8
0x40185c,0xc48ca90a5100
0x40187e,0xc48ca90a5300
0x401804,0xc48ca90a5708
0x40187e,0xc48ca90a5a80
0x401e31,0xc48ca90a63a8
0x401e47,0x635dffb10fb0
0x401e31,0xc48ca90a6588
0x401e47,0x635dffb125f0
0x40187e,0xc48ca90a7200
0x401d8b,0xc48ca909ebd8
0x40185c,0xc48ca90a7280
0x401cfb,0x79e62ed010d8
0x401dc9,0x79e62ed011a8
0x401e1b,0x79e62ecf1380
0x40185c,0xc48ca90a7a00
0x401e47,0x635dffb12eb0
0x401804,0xc48ca90a7c48
0x401e1b,0x79e62ecf1c40
0x401da0,0x635dffb0c1e0
0x401804,0xc48ca90a7ce8
0x401dc9,0x79e62ed01c48
0x401d8b,0xc48ca90a08f8
0x401d8b,0xc48ca90a0998
0x401cfb,0x79e62ed03118
0x401d8b,0xc48ca90a0d58
0x401804,0xc48ca90a98c8
0x401ed1,0x635dffb0cd80
0x401e47,0x635dffb14f90
0x401d8b,0xc48ca90a2758
0x401ea1,0x635dffb0e810
0x40182a,0xc48ca90ab380
0x401804,0xc48ca90ab548
0x401cfb,0x79e62ed05338
0x401e47,0x635dffb16c10
0x401dc9,0x79e62ed05728
0x401e31,0xc48ca90ac1e8
0x40187e,0xc48ca90abc80
0x401cfb,0x79e62ed05ab8
0x401e31,0xc48ca90ac648
0x401ea1,0x635dffb10990
0x401cfb,0x79e62ed07238
0x40182a,0xc48ca90ad780
0x401dc9,0x79e62ed07c68
0x401cfb,0x79e62ed07cd8
0x40185c,0xc48ca90adfc0
0x401ea1,0x635dffb12ed0
0x401dc9,0x79e62ed098e8
0x401e89,0xc48ca90a8b88
0x401ed1,0x635dffb14700
0x40187e,0xc48ca90b1340
0x401804,0xc48ca90b1388
0x401dc9,0x79e62ed0b388
0x401dc9,0x79e62ed0b568
0x401e31,0xc48ca90b0f88
0x401804,0xc48ca90b1c48
0x401e1b,0x79e62ecfbd80
0x401804,0xc48ca90b1e28
0x401e31,0xc48ca90b25c8
0x401ea1,0x635dffb16410
0x401cfb,0x79e62ed0bcb8
0x401804,0xc48ca90b31e8
0x401ed1,0x635dffb16740
0x40185c,0xc48ca90b3540
0x401e31,0xc48ca90b2e88
0x401e47,0x635dffb1ebd0
0x401dc9,0x79e62ed0d788
0x401804,0xc48ca90b3d28
0x40182a,0xc48ca90b5100
0x40182a,0xc48ca90b5240
0x401da0,0x635dffb189a0
0x401d8b,0xc48ca90acd98
0x401e47,0x635dffb208f0
0x401e47,0x635dffb20990
0x401e47,0x635dffb20d50
0x401da0,0x635dffb18fe0
0x401d8b,0xc48ca90ae838
0x401da0,0x635dffb1a4e0
0x401e47,0x635dffb22750
0x401dc9,0x79e62ed113a8
0x401cfb,0x79e62ed11378
0x401dc9,0x79e62ed11c68
0x401da0,0x635dffb1c520
0x401d8b,0xc48ca90b09b8
0x401cfb,0x79e62ed11e18
0x40185c,0xc48ca90b9100
0x401e31,0xc48ca90b89a8
0x401cfb,0x79e62ed131d8
0x4017a3,0xc48ca90b8fe8
0x401e31,0xc48ca90ba4e8
0x401ea1,0x635dffb1e510
0x401cfb,0x79e62ed13d18
0x40187e,0xc48ca90b9f80
0x401e1b,0x79e62ed05100
0x401dc9,0x79e62ed15108
0x401dc9,0x79e62ed15248
0x401d8b,0xc48ca90b2ef8
0x401ed1,0x635dffb1ed40
0x401ea1,0x635dffb20190
0x401804,0xc48ca90bbd88
0x401e31,0xc48ca90bc528
0x401d8b,0xc48ca90b4718
0x401804,0xc48ca90bbf68
0x401e1b,0x79e62ed07280
0x401e89,0xc48ca90b4f88
0x401e1b,0x79e62ed07a00
0x401d8b,0xc48ca90b6438
0x40187e,0xc48ca90bdc40
0x401d8b,0xc48ca90b6758
0x401ed1,0x635dffb223c0
0x401e89,0xc48ca90b6c08
0x40185c,0xc48ca90c10c0
0x401e31,0xc48ca90c08c8
0x40187e,0xc48ca90c1180
0x401cfb,0x79e62ed19fb8
0x401ed1,0x635dffb247c0
0x401e47,0x635dffb2cd90
0x401804,0xc48ca90c1c68
0x401ea1,0x635dffb26390
0x401dc9,0x79e62ed1bda8
0x401ed1,0x635dffb26580
0x40185c,0xc48ca90c3100
0x401cfb,0x79e62ed1bf58
0x401e47,0x635dffb2e830
0x401cfb,0x79e62ed1dc78
0x401e1b,0x79e62ed0dfc0
0x401804,0xc48ca90c5108
0x40182a,0xc48ca90c5300
0x401e47,0x635dffb309b0
0x401da0,0x635dffb28ba0
0x40187e,0xc48ca90c5700
0x40182a,0xc48ca90c5a80
0x401d8b,0xc48ca90be538
0x401804,0xc48ca90c7288
0x401e89,0xc48ca90bebc8
0x40182a,0xc48ca90c7200
0x401cfb,0x79e62ed211b8
0x401d8b,0xc48ca90bed58
0x401d8b,0xc48ca90c01b8
0x401804,0xc48ca90c7a08
0x401e47,0x635dffb32ef0
0x401ea1,0x635dffb2c1d0
0x40187e,0xc48ca90c7c40
0x401861,0xc48ca90c7cc8
0x401cfb,0x79e62ed21c58
0x401e89,0xc48ca90c0988
0x401ed1,0x635dffb2c640
0x401e89,0xc48ca90c0d48
0x401e47,0x635dffb34710
0x401e31,0xc48ca90c8ba8
0x401748,0x79e62ed13540
0x40187e,0xc48ca90c98c0
0x401d8b,0xc48ca90c23d8
0x401e89,0xc48ca90c2748
0x401e47,0x635dffb36430
0x401dc9,0x79e62ed25128
0x401804,0xc48ca90cb3a8
0x401e47,0x635dffb36750
0x401dc9,0x79e62ed25308
0x40187e,0xc48ca90cb540
0x401cfb,0x79e62ed25738
0x401dc9,0x79e62ed25a88
0x40182a,0xc48ca90cbc80
0x401d8b,0xc48ca90c47d8
0x401dc9,0x79e62ed27208
0x401dc9,0x79e62ed272a8
0x401804,0xc48ca90cd7a8
0x401ed1,0x635dffb30f80
0x401d8b,0xc48ca90c63b8
0x401dc9,0x79e62ed27a28
0x401d8b,0xc48ca90c6598
0x401cfb,0x79e62ed27c78
0x401804,0xc48ca90cdfc8
0x401e31,0xc48ca90ce808
0x401e1b,0x79e62ed19100
0x401ed1,0x635dffb325c0
0x401ed1,0x635dffb32e80
0x401cfb,0x79e62ed298f8
0x401e31,0xc48ca90d0988
0x40182a,0xc48ca90d1340
0x40187e,0xc48ca90d1380
0x401cfb,0x79e62ed2b398
0x401cfb,0x79e62ed2b578
0x401da0,0x635dffb34fa0
0x40187e,0xc48ca90d1c40
0x40185c,0xc48ca90d1e00
0x401dc9,0x79e62ed2bc88
0x401e47,0x635dffb3e530
0x40185c,0xc48ca90d31c0
0x401804,0xc48ca90d3548
0x401da0,0x635dffb36c20
0x401e31,0xc48ca90d2ec8
0x401d8b,0xc48ca90cc1f8
0x401e47,0x635dffb3ed50
0x401cfb,0x79e62ed2d798
0x40185c,0xc48ca90d3d00
0x401d8b,0xc48ca90cc658
0x401e47,0x635dffb401b0
0x401804,0xc48ca90d5128
0x401dc9,0x79e62ed2dfe8
0x401804,0xc48ca90d5268
0x401e89,0xc48ca90ccd88
0x401ea1,0x635dffb38990
0x401e31,0xc48ca90d4fa8
0x401ea1,0x635dffb38fd0
0x401e31,0xc48ca90d6408
0x401ea1,0x635dffb3a4d0
0x401e47,0x635dffb423d0
0x401e1b,0x79e62ed210c0
0x401e31,0xc48ca90d6c28
0x401dc9,0x79e62ed31348
0x401cfb,0x79e62ed313b8
0x401cfb,0x79e62ed31c78
0x401ea1,0x635dffb3c510
0x401804,0xc48ca90d9108
0x401e1b,0x79e62ed23100
0x401e47,0x635dffb447d0
0x401d8b,0xc48ca90d0f98
0x401dc9,0x79e62ed33568
0x401d8b,0xc48ca90d25d8
0x40182a,0xc48ca90d9f80
0x401e47,0x635dffb463b0
0x401e47,0x635dffb46590
0x401cfb,0x79e62ed35118
0x401cfb,0x79e62ed35258
0x401d8b,0xc48ca90d2e98
0x401da0,0x635dffb3ebe0
0x401e89,0xc48ca90d4708
0x40187e,0xc48ca90dbd80
0x40185c,0xc48ca90dbf40
0x401ed1,0x635dffb408c0
0x401da0,0x635dffb409a0
0x401da0,0x635dffb40d60
0x40182a,0xc48ca90ddc40
0x401e1b,0x79e62ed27cc0
0x401e89,0xc48ca90d6748
0x401e31,0xc48ca90de508
0x401da0,0x635dffb42760
0x401dc9,0x79e62ed39128
0x401e31,0xc48ca90debe8
0x401e31,0xc48ca90e0188
0x401e47,0x635dffb4c1f0
0x401804,0xc48ca90e10c8
0x40173b,0xc48ca90d89b8
0x401dc9,0x79e62ed39f88
0x40182a,0xc48ca90e1180
0x401e31,0xc48ca90e09a8
0x401e47,0x635dffb4c650
0x401e31,0xc48ca90e0d68
0x401d8b,0xc48ca90d8ff8
0x401d8b,0xc48ca90da4f8
0x40185c,0xc48ca90e1c40
0x401cfb,0x79e62ed3bdb8
0x401804,0xc48ca90e3108
0x401e31,0xc48ca90e2768
0x401d8b,0xc48ca90dc538
0x401dc9,0x79e62ed3dc48
0x40187e,0xc48ca90e5100
0x401804,0xc48ca90e5328
0x401ea1,0x635dffb48b90
0x40182a,0xc48ca90e5700
0x401804,0xc48ca90e5aa8
0x401e31,0xc48ca90e6388
0x401e47,0x635dffb50f90
0x401804,0xc48ca90e7228
0x401e47,0x635dffb525d0
0x40187e,0xc48ca90e7280
0x401dc9,0x79e62ed410e8
0x401dc9,0x79e62ed41188
0x401e89,0xc48ca90ded48
0x40187e,0xc48ca90e7a00
0x401e47,0x635dffb52e90
0x401804,0xc48ca90e7cc8
0x40182a,0xc48ca90e7c40
0x401e1b,0x79e62ed31e00
0x401d8b,0xc48ca90e08d8
0x401e1b,0x79e62ed331c0
0x401dc9,0x79e62ed43128
0x401da0,0x635dffb4cda0
0x40182a,0xc48ca90e98c0
0x401e89,0xc48ca90e23c8
0x401e1b,0x79e62ed33d00
0x401ed1,0x635dffb4e800
0x40185c,0xc48ca90eb380
0x401cfb,0x79e62ed45138
0x40182a,0xc48ca90eb540
0x401cfb,0x79e62ed45318
0x401dc9,0x79e62ed45708
0x401e31,0xc48ca90ec1c8
0x401804,0xc48ca90ebca8
0x401cfb,0x79e62ed45a98
0x401e89,0xc48ca90e47c8
0x401cfb,0x79e62ed47218
0x401ed1,0x635dffb50980
0x401cfb,0x79e62ed472b8
0x401e47,0x635dffb589b0
0x401e31,0xc48ca90ecda8
0x40185c,0xc48ca90ed780
0x401e89,0xc48ca90e6588
0x401e47,0x635dffb58ff0
0x401cfb,0x79e62ed47a38
0x401dc9,0x79e62ed47c48
0x401dc9,0x79e62ed47ce8
0x40187e,0xc48ca90edfc0
0x401e47,0x635dffb5a4f0
0x401ed1,0x635dffb52ec0
0x401dc9,0x79e62ed498c8
0x401e47,0x635dffb5c530
0x401da0,0x635dffb54720
0x401d8b,0xc48ca90e8bb8
0x401804,0xc48ca90f1368
0x40182a,0xc48ca90f1380
0x401dc9,0x79e62ed4b548
0x401ea1,0x635dffb54f90
0x40182a,0xc48ca90f1c40
0x401804,0xc48ca90f1e08
0x401e1b,0x79e62ed3bf40
0x401cfb,0x79e62ed4bc98
0x401ed1,0x635dffb56400
0x401804,0xc48ca90f31c8
0x401da0,0x635dffb56760
0x40187e,0xc48ca90f3540
0x401ea1,0x635dffb56c10
0x401e89,0xc48ca90ec648
0x401804,0xc48ca90f3d08
0x401e31,0xc48ca90f4728
0x40185c,0xc48ca90f5100
0x401cfb,0x79e62ed4dff8
0x40185c,0xc48ca90f5240
0x401e47,0x635dffb608d0
0x401d8b,0xc48ca90ee818
0x401e31,0xc48ca90f6768
0x401dc9,0x79e62ed51388
0x401cfb,0x79e62ed51358
0x401748,0x79e62ed41c40
0x401dc9,0x79e62ed51c48
0x401dc9,0x79e62ed51e28
0x401d8b,0xc48ca90f0998
0x40187e,0xc48ca90f9100
0x401e31,0xc48ca90f8988
0x401dc9,0x79e62ed531e8
0x401e89,0xc48ca90f0f88
0x401cfb,0x79e62ed53578
0x401e31,0xc48ca90f8fc8
0x401e89,0xc48ca90f25c8
0x401e31,0xc48ca90fa4c8
0x401dc9,0x79e62ed53d28
0x401804,0xc48ca90f9fa8
0x401ed1,0x635dffb5e500
0x401e89,0xc48ca90f2e88
0x401d8b,0xc48ca90f2ed8
0x401ea1,0x635dffb5ebd0
0x401da0,0x635dffb5ed60
0x401ed1,0x635dffb60180
0x401e31,0xc48ca90fc508
0x40182a,0xc48ca90fbd80
0x401804,0xc48ca90fbf48
0x401ea1,0x635dffb60990
0x401d8b,0xc48ca90f4fb8
0x401ea1,0x635dffb60d50
0x401e47,0x635dffb68bb0
0x401d8b,0xc48ca90f6418
0x401804,0xc48ca90fdc68
0x401da0,0x635dffb623e0
0x401ea1,0x635dffb62750
0x401d8b,0xc48ca90f6c38
0x401cfb,0x79e62ed59138
0x401e31,0xc48ca90fed68
0x40187e,0xc48ca91010c0
0x401804,0xc48ca91011a8
0x401cfb,0x79e62ed59f98
0x401da0,0x635dffb647e0
0x401e1b,0x79e62ed4b380
0x401804,0xc48ca9101c48
0x401e31,0xc48ca91023e8
0x401ed1,0x635dffb66380
0x401dc9,0x79e62ed5bd88
0x401da0,0x635dffb665a0
0x40187e,0xc48ca9103100
0x401dc9,0x79e62ed5bf68
0x401e47,0x635dffb6e810
0x401e1b,0x79e62ed4d780
0x401cfb,0x79e62ed5dc58
0x401e31,0xc48ca91047e8
0x40182a,0xc48ca9105100
0x40185c,0xc48ca9105300
0x401e47,0x635dffb70990
0x401804,0xc48ca9105728
0x40185c,0xc48ca9105a80
0x401d8b,0xc48ca90fe518
0x401e31,0xc48ca91065a8
0x40185c,0xc48ca9107200
0x401d8b,0xc48ca90febf8
0x40182a,0xc48ca9107280
0x401cfb,0x79e62ed610f8
0x401cfb,0x79e62ed61198
0x40173b,0xc48ca9100198
0x40182a,0xc48ca9107a00
0x401e47,0x635dffb72ed0
0x401804,0xc48ca9107c68
0x40187e,0xc48ca9107cc0
0x401ed1,0x635dffb6c1c0
0x401dc9,0x79e62ed61c68
0x401e89,0xc48ca91008c8
0x401d8b,0xc48ca91009b8
0x401da0,0x635dffb6c660
0x401cfb,0x79e62ed63138
0x401e31,0xc48ca9108b88
0x401d8b,0xc48ca9100d78
0x401ea1,0x635dffb6cd90
0x401804,0xc48ca91098e8
0x401e47,0x635dffb74fb0
0x401d8b,0xc48ca9102778
0x401e47,0x635dffb76410
0x401e1b,0x79e62ed55100
0x401e1b,0x79e62ed55240
0x401dc9,0x79e62ed65108
0x401804,0xc48ca910b388
0x401804,0xc48ca910b568
0x401e47,0x635dffb76c30
0x401cfb,0x79e62ed65718
0x40185c,0xc48ca910bc80
0x401e31,0xc48ca910c668
0x401dc9,0x79e62ed67288
0x401804,0xc48ca910d788
0x401d8b,0xc48ca9106398
0x401da0,0x635dffb70fa0
0x401dc9,0x79e62ed67a08
0x401cfb,0x79e62ed67c58
0x401cfb,0x79e62ed67cf8
0x40182a,0xc48ca910dfc0
0x401da0,0x635dffb725e0
0x401da0,0x635dffb72ea0
0x401cfb,0x79e62ed698d8
0x401ea1,0x635dffb74710
0x40185c,0xc48ca9111340
0x401804,0xc48ca91113a8
0x401dc9,0x79e62ed6b3a8
0x401cfb,0x79e62ed6b558
0x401e31,0xc48ca9110fa8
0x401804,0xc48ca9111c68
0x401e31,0xc48ca91125e8
0x40187e,0xc48ca9111e00
0x401e47,0x635dffb7e510
0x401ea1,0x635dffb76750
0x40187e,0xc48ca91131c0
0x40182a,0xc48ca9113540
0x401e31,0xc48ca9112ea8
0x401e47,0x635dffb7ebf0
0x401d8b,0xc48ca910c1d8
0x401dc9,0x79e62ed6d7a8
0x40187e,0xc48ca9113d00
0x401e47,0x635dffb80190
0x401804,0xc48ca9115108
0x401dc9,0x79e62ed6dfc8
0x401804,0xc48ca9115248
0x401d8b,0xc48ca910cdb8
0x401ed1,0x635dffb78980
0x401e47,0x635dffb809b0
0x401e31,0xc48ca9114f88
0x401e47,0x635dffb80d70
0x401ed1,0x635dffb78fc0
0x401e89,0xc48ca910e808
0x401ed1,0x635dffb7a4c0
0x401e47,0x635dffb82770
0x401e31,0xc48ca9116c08
0x40170a,0x79e62ed71398
0x401cfb,0x79e62ed71c58
0x401e89,0xc48ca9110988
0x401ed1,0x635dffb7c500
0x401cfb,0x79e62ed71e38
0x40182a,0xc48ca9119100
0x401cfb,0x79e62ed731f8
0x401dc9,0x79e62ed73548
0x401cfb,0x79e62ed73d38
0x40185c,0xc48ca9119f80
0x401e47,0x635dffb86390
0x401dc9,0x79e62ed75128
0x401e1b,0x79e62ed65300
0x401dc9,0x79e62ed75268
0x401e89,0xc48ca9112ec8
0x401ea1,0x635dffb7ed50
0x401e1b,0x79e62ed65a80
0x401804,0xc48ca911bda8
0x401d8b,0xc48ca9114738
0x40187e,0xc48ca911bf40
0x401e1b,0x79e62ed67200
0x401da0,0x635dffb808e0
0x401e89,0xc48ca9116408
0x40185c,0xc48ca911dc40
0x401ea1,0x635dffb823d0
0x401d8b,0xc48ca9116778
0x401dc9,0x79e62ed79108
0x4017a3,0xc48ca911ebc8
0x401e47,0x635dffb8c1d0
0x401d8b,0xc48ca9118998
0x40182a,0xc48ca91210c0
0x40185c,0xc48ca9121180
0x401e31,0xc48ca9120988
0x401ea1,0x635dffb847d0
0x401e31,0xc48ca91208e8
0x401e31,0xc48ca9120d48
0x401d8b,0xc48ca9118fd8
0x401e47,0x635dffb8cdb0
0x401d8b,0xc48ca911a4d8
0x40187e,0xc48ca9121c40
0x401e1b,0x79e62ed6bc80
0x401e31,0xc48ca9122748
0x401ea1,0x635dffb86590
0x401cfb,0x79e62ed7bd98
0x40182a,0xc48ca9123100
0x401cfb,0x79e62ed7bf78
0x401d8b,0xc48ca911c518
0x401804,0xc48ca9125128
0x401804,0xc48ca9125308
0x401ed1,0x635dffb88b80
0x40185c,0xc48ca9125700
0x401804,0xc48ca9125a88
0x401e89,0xc48ca911e508
0x401804,0xc48ca91272a8
0x401804,0xc48ca9127208
0x40176f,0x79e62ed810c8
0x401748,0x79e62ed71340
0x401d8b,0xc48ca911ed78
0x401e89,0xc48ca9120188
0x401804,0xc48ca9127a28
0x40185c,0xc48ca9127c40
0x40182a,0xc48ca9127cc0
0x401cfb,0x79e62ed81c78
0x401ea1,0x635dffb8c650
0x401dc9,0x79e62ed83108
0x401e47,0x635dffb94730
0x40185c,0xc48ca91298c0
0x401d8b,0xc48ca91223f8
0x401da0,0x635dffb8e820
0x401cfb,0x79e62ed85118
0x401e47,0x635dffb96770
0x40187e,0xc48ca912b380
0x401dc9,0x79e62ed85328
0x40185c,0xc48ca912b540
0x401804,0xc48ca912bc88
0x401dc9,0x79e62ed85aa8
0x401d8b,0xc48ca91247f8
0x401dc9,0x79e62ed87228
0x401da0,0x635dffb909a0
0x401cfb,0x79e62ed87298
0x401e31,0xc48ca912cd88
0x401e47,0x635dffb98990
0x40187e,0xc48ca912d780
0x401e89,0xc48ca9126388
0x401ea1,0x635dffb90f90
0x401e47,0x635dffb98fd0
0x401cfb,0x79e62ed87a18
0x401d8b,0xc48ca91265b8
0x401dc9,0x79e62ed87cc8
0x401804,0xc48ca912dfe8
0x401ea1,0x635dffb925d0
0x401e31,0xc48ca912e828
0x401796,0x635dffb9a4d0
0x401ea1,0x635dffb92e90
0x401da0,0x635dffb92ee0
0x401e1b,0x79e62ed79f80
0x401e47,0x635dffb9c510
0x401e31,0xc48ca91309a8
0x401d8b,0xc48ca9128b98
0x401804,0xc48ca9131348
0x40185c,0xc48ca9131380
0x401cfb,0x79e62ed8b3b8
0x401ed1,0x635dffb94f80
0x401861,0xc48ca9131c48
0x40182a,0xc48ca9131e00
0x401dc9,0x79e62ed8bca8
0x401da0,0x635dffb96420
0x40182a,0xc48ca91331c0
0x401804,0xc48ca9133568
0x401ed1,0x635dffb96c00
0x401e89,0xc48ca912c1c8
0x401e31,0xc48ca9132ee8
0x401cfb,0x79e62ed8d7b8
0x401e47,0x635dffb9ed70
0x401e1b,0x79e62ed7dc40
0x40182a,0xc48ca9133d00
0x401d8b,0xc48ca912c678
0x401e31,0xc48ca9134708
0x40187e,0xc48ca9135100
0x40187e,0xc48ca9135240
0x401cfb,0x79e62ed8dfd8
0x401e31,0xc48ca9136428
0x4017a3,0xc48ca9136748
0x401796,0x635dffba23f0
0x401e1b,0x79e62ed81180
0x401dc9,0x79e62ed91368
0x401dc9,0x79e62ed91e08
0x401804,0xc48ca9139128
0x401dc9,0x79e62ed931c8
0x401e47,0x635dffba47f0
0x401d8b,0xc48ca9130fb8
0x401cfb,0x79e62ed93558
0x401d8b,0xc48ca91325f8
0x401dc9,0x79e62ed93d08
0x401804,0xc48ca9139f88
0x401da0,0x635dffb9e520
0x401e47,0x635dffba65b0
0x401cfb,0x79e62ed95138
0x401cfb,0x79e62ed95278
0x401d8b,0xc48ca9132eb8
0x401e1b,0x79e62ed85700
0x401ed1,0x635dffb9ebc0
0x401da0,0x635dffba01a0
0x40185c,0xc48ca913bd80
0x40182a,0xc48ca913bf40
0x401ea1,0x635dffba08d0
0x401ed1,0x635dffba0980
0x401d8b,0xc48ca9134f98
0x401e47,0x635dffba8b90
0x401ed1,0x635dffba0d40
0x401e1b,0x79e62ed87c40
0x401804,0xc48ca913dc48
0x401e31,0xc48ca913e528
0x401ed1,0x635dffba2740
0x401d8b,0xc48ca9136c18
0x401cfb,0x79e62ed99118
0x401e31,0xc48ca913ed48
0x401e1b,0x79e62ed898c0
0x401e31,0xc48ca91401a8
0x401e89,0xc48ca9138988
0x401804,0xc48ca91410e8
0x401804,0xc48ca9141188
0x401dc9,0x79e62ed99fa8
0x401e47,0x635dffbac670
0x401e1b,0x79e62ed8b540
0x401e89,0xc48ca9138fc8
0x401e89,0xc48ca913a4c8
0x401e31,0xc48ca91423c8
0x40182a,0xc48ca9141c40
0x401e47,0xedc51a8e01b0
0x401da0,0x635dffba63a0
0x401dc9,0x79e62ed9bf48
0x401804,0xc48ca9143128
0x401e89,0xc48ca913c508
0x401dc9,0x79e62ed9dc68
0x401e31,0xc48ca91447c8
0x40185c,0xc48ca9145100
0x40187e,0xc48ca9145300
0x401804,0xc48ca9145708
0x40187e,0xc48ca9145a80
0x401e31,0xc48ca91463a8
0x401e31,0xc48ca9146588
0x40187e,0xc48ca9147200
0x401d8b,0xc48ca913ebd8
0x40185c,0xc48ca9147280
0x401cfb,0x79e62eda10d8
0x401dc9,0x79e62eda11a8
0x401e1b,0x79e62ed91380
0x40185c,0xc48ca9147a00
0x401804,0xc48ca9147c48
0x401e1b,0x79e62ed91c40
0x401804,0xc48ca9147ce8
0x401da0,0x635dffbac1e0
0x401dc9,0x79e62eda1c48
0x401d8b,0xc48ca91408f8
0x401d8b,0xc48ca9140998
0x401cfb,0x79e62eda3118
0x401d8b,0xc48ca9140d58
0x401804,0xc48ca91498c8
0x401ed1,0x635dffbacd80
0x401e47,0x2e06f8c3bdb0
0x401d8b,0xc48ca9142758
0x40182a,0xc48ca914b380
0x401ed1,0xedc51a8e08c0
0x401da0,0xedc51a8e09a0
0x401804,0xc48ca914b548
0x401cfb,0x79e62eda5338
0x401da0,0xedc51a8e0d60
0x401dc9,0x79e62eda5728
0x401e31,0xc48ca914c1e8
0x40187e,0xc48ca914bc80
0x401cfb,0x79e62eda5ab8
0x401e31,0xc48ca914c648
0x401cfb,0x79e62eda7238
0x40182a,0xc48ca914d780
0x4017d0,0x2e06f8c39110
0x401dc9,0x79e62eda7c68
0x401cfb,0x79e62eda7cd8
0x40185c,0xc48ca914dfc0
0x401dc9,0x79e62eda98e8
0x401ed1,0x2e06f8c39f80
0x401e89,0xc48ca9148b88
0x401804,0xc48ca9151388
0x40187e,0xc48ca9151340
0x401dc9,0x79e62edab388
0x401dc9,0x79e62edab568
0x401e31,0xc48ca9150f88
0x401da0,0x2e06f8c3bf60
0x401804,0xc48ca9151c48
0x401e47,0x2e06f8c45130
0x401e1b,0x79e62ed9bd80
0x401804,0xc48ca9151e28
0x401e31,0xc48ca91525c8
0x401cfb,0x79e62edabcb8
0x401e47,0x2e06f8c45310
0x401804,0xc48ca91531e8
0x40185c,0xc48ca9153540
0x401e47,0x2e06f8c45a90
0x401e31,0xc48ca9152e88
0x401ed1,0x2e06f8c3dc40
0x401dc9,0x79e62edad788
0x401804,0xc48ca9153d28
0x401e47,0x2e06f8c47210
0x401e47,0x2e06f8c472b0
0x40182a,0xc48ca9155100
0x40182a,0xc48ca9155240
0x401d8b,0xc48ca914cd98
0x401e47,0x2e06f8c47a30
0x401ea1,0x2e06f8c410d0
0x401ed1,0x2e06f8c41180
0x401d8b,0xc48ca914e838
0x401dc9,0x79e62edb13a8
0x401cfb,0x79e62edb1378
0x401da0,0x2e06f8c41c60
0x401ea1,0x2e06f8c43110
0x401e47,0x309dcdc4c1f0
0x401dc9,0x79e62edb1c68
0x401cfb,0x79e62edb1e18
0x401d8b,0xc48ca91509b8
0x40185c,0xc48ca9159100
0x401e31,0xc48ca91589a8
0x401e47,0x309dcdc4c650
0x401cfb,0x79e62edb31d8
0x401e31,0xc48ca9158fe8
0x401e31,0xc48ca915a4e8
0x40187e,0xc48ca9159f80
0x401cfb,0x79e62edb3d18
0x401e1b,0x79e62eda5100
0x401ed1,0x2e06f8c45700
0x401dc9,0x79e62edb5108
0x401dc9,0x79e62edb5248
0x401d8b,0xc48ca9152ef8
0x401e31,0xc48ca915c528
0x401804,0xc48ca915bd88
0x401d8b,0xc48ca9154718
0x401804,0xc48ca915bf68
0x401e1b,0x79e62eda7280
0x401e89,0xc48ca9154f88
0x401ea1,0x2e06f8c47cd0
0x401ed1,0x2e06f8c47c40
0x401e1b,0x79e62eda7a00
0x401d8b,0xc48ca9156438
0x401e47,0x309dcdc50f90
0x40187e,0xc48ca915dc40
0x401d8b,0xc48ca9156758
0x401e89,0xc48ca9156c08
0x401e47,0x309dcdc525d0
0x401e47,0x309dcdc52e90
0x401e31,0xc48ca91608c8
0x40185c,0xc48ca91610c0
0x40187e,0xc48ca9161180
0x401cfb,0x79e62edb9fb8
0x401da0,0x309dcdc4cda0
0x401804,0xc48ca9161c68
0x401dc9,0x79e62edbbda8
0x40185c,0xc48ca9163100
0x401cfb,0x79e62edbbf58
0x401ed1,0x309dcdc4e800
0x401cfb,0x79e62edbdc78
0x401e1b,0x79e62edadfc0
0x401804,0xc48ca9165108
0x40182a,0xc48ca9165300
0x401ed1,0x309dcdc50980
0x401e47,0x309dcdc589b0
0x40187e,0xc48ca9165700
0x40182a,0xc48ca9165a80
0x401d8b,0xc48ca915e538
0x401e47,0x309dcdc58ff0
0x401e47,0x309dcdc5a4f0
0x401e89,0xc48ca915ebc8
0x401804,0xc48ca9167288
0x40182a,0xc48ca9167200
0x401cfb,0x79e62edc11b8
0x401d8b,0xc48ca915ed58
0x401d8b,0xc48ca91601b8
0x401804,0xc48ca9167a08
0x401ed1,0x309dcdc52ec0
0x40187e,0xc48ca9167c40
0x40185c,0xc48ca9167cc0
0x401cfb,0x79e62edc1c58
0x401e89,0xc48ca9160988
0x401e47,0x309dcdc5c530
0x401da0,0x309dcdc54720
0x401e89,0xc48ca9160d48
0x401e31,0xc48ca9168ba8
0x401e1b,0x79e62edb3540
0x40187e,0xc48ca91698c0
0x401ea1,0x309dcdc54f90
0x401d8b,0xc48ca91623d8
0x401e89,0xc48ca9162748
0x401ed1,0x309dcdc56400
0x401da0,0x309dcdc56760
0x401dc9,0x79e62edc5128
0x401804,0xc48ca916b3a8
0x401dc9,0x79e62edc5308
0x40187e,0xc48ca916b540
0x401ea1,0x309dcdc56c10
0x401cfb,0x79e62edc5738
0x401dc9,0x79e62edc5a88
0x40182a,0xc48ca916bc80
0x401d8b,0xc48ca91647d8
0x401dc9,0x79e62edc7208
0x401dc9,0x79e62edc72a8
0x401796,0x309dcdc608d0
0x401804,0xc48ca916d7a8
0x401d8b,0xc48ca91663b8
0x401dc9,0x79e62edc7a28
0x401d8b,0xc48ca9166598
0x401cfb,0x79e62edc7c78
0x401804,0xc48ca916dfc8
0x401e31,0xc48ca916e808
0x401e1b,0x79e62edb9100
0x401cfb,0x79e62edc98f8
0x401e31,0xc48ca9170988
0x40182a,0xc48ca9171340
0x40187e,0xc48ca9171380
0x401cfb,0x79e62edcb398
0x401cfb,0x79e62edcb578
0x40187e,0xc48ca9171c40
0x40185c,0xc48ca9171e00
0x401dc9,0x79e62edcbc88
0x401ed1,0x309dcdc5e500
0x40185c,0xc48ca91731c0
0x401804,0xc48ca9173548
0x401ea1,0x309dcdc5ebd0
0x401e31,0xc48ca9172ec8
0x401da0,0x309dcdc5ed60
0x401d8b,0xc48ca916c1f8
0x401cfb,0x79e62edcd798
0x401ed1,0x309dcdc60180
0x401d8b,0xc48ca916c658
0x40185c,0xc48ca9173d00
0x401804,0xc48ca9175128
0x401dc9,0x79e62edcdfe8
0x401804,0xc48ca9175268
0x4017d0,0x309dcdc60990
0x4017e0,0xc48ca916cd88
0x401e31,0xc48ca9174fa8
0x401ea1,0x309dcdc60d50
0x401e47,0x309dcdc68bb0
0x401e31,0xc48ca9176408
0x401da0,0x309dcdc623e0
0x401e1b,0x79e62edc10c0
0x401ea1,0x309dcdc62750
0x401dc9,0x79e62edd1348
0x401e31,0xc48ca9176c28
0x401cfb,0x79e62edd13b8
0x401cfb,0x79e62edd1c78
0x401e1b,0x79e62edc3100
0x401804,0xc48ca9179108
0x401da0,0x309dcdc647e0
0x401d8b,0xc48ca9170f98
0x401dc9,0x79e62edd3568
0x401d8b,0xc48ca91725d8
0x401ed1,0x309dcdc66380
0x40182a,0xc48ca9179f80
0x401da0,0x309dcdc665a0
0x401cfb,0x79e62edd5118
0x401e47,0x309dcdc6e810
0x401cfb,0x79e62edd5258
0x401d8b,0xc48ca9172e98
0x401e89,0xc48ca9174708
0x40187e,0xc48ca917bd80
0x401861,0xc48ca917bf48
0x401e47,0x309dcdc70990
0x40182a,0xc48ca917dc40
0x401e1b,0x79e62edc7cc0
0x401e89,0xc48ca9176748
0x401e31,0xc48ca917e508
0x401dc9,0x79e62edd9128
0x401e31,0xc48ca917ebe8
0x401e31,0xc48ca9180188
0x401e47,0x309dcdc72ed0
0x401ed1,0x309dcdc6c1c0
0x401804,0xc48ca91810c8
0x401d8b,0xc48ca91789b8
0x401dc9,0x79e62edd9f88
0x401da0,0x309dcdc6c660
0x40182a,0xc48ca9181180
0x401e31,0xc48ca91809a8
0x401e31,0xc48ca9180d68
0x401d8b,0xc48ca9178ff8
0x401ea1,0x309dcdc6cd90
0x401d8b,0xc48ca917a4f8
0x401e47,0x309dcdc74fb0
0x40185c,0xc48ca9181c40
0x401e31,0xc48ca9182768
0x401cfb,0x79e62eddbdb8
0x401e47,0x309dcdc76410
0x401804,0xc48ca9183108
0x401e47,0x309dcdc76c30
0x401d8b,0xc48ca917c538
0x401dc9,0x79e62edddc48
0x40187e,0xc48ca9185100
0x401804,0xc48ca9185328
0x40182a,0xc48ca9185700
0x401da0,0x309dcdc70fa0
0x401804,0xc48ca9185aa8
0x401e31,0xc48ca9186388
0x401da0,0x309dcdc725e0
0x401804,0xc48ca9187228
0x40187e,0xc48ca9187280
0x401dc9,0x79e62ede10e8
0x401dc9,0x79e62ede1188
0x401e89,0xc48ca917ed48
0x401da0,0x309dcdc72ea0
0x40187e,0xc48ca9187a00
0x401804,0xc48ca9187cc8
0x40182a,0xc48ca9187c40
0x401e1b,0x79e62edd1e00
0x401d8b,0xc48ca91808d8
0x401ea1,0x309dcdc74710
0x401e1b,0x79e62edd31c0
0x401dc9,0x79e62ede3128
0x40182a,0xc48ca91898c0
0x401e89,0xc48ca91823c8
0x401e1b,0x79e62edd3d00
0x401e47,0x309dcdc7e510
0x401ea1,0x309dcdc76750
0x401cfb,0x79e62ede5138
0x40185c,0xc48ca918b380
0x40182a,0xc48ca918b540
0x401cfb,0x79e62ede5318
0x401e47,0x309dcdc7ebf0
0x401dc9,0x79e62ede5708
0x401e31,0xc48ca918c1c8
0x401804,0xc48ca918bca8
0x401cfb,0x79e62ede5a98
0x401e89,0xc48ca91847c8
0x401e47,0x309dcdc80190
0x401cfb,0x79e62ede7218
0x401ed1,0x309dcdc78980
0x401cfb,0x79e62ede72b8
0x401e31,0xc48ca918cda8
0x401e47,0x309dcdc809b0
0x40185c,0xc48ca918d780
0x401e47,0x309dcdc80d70
0x401ed1,0x309dcdc78fc0
0x401e89,0xc48ca9186588
0x401cfb,0x79e62ede7a38
0x401dc9,0x79e62ede7c48
0x401dc9,0x79e62ede7ce8
0x40187e,0xc48ca918dfc0
0x401ed1,0x309dcdc7a4c0
0x401e47,0x309dcdc82770
0x401dc9,0x79e62ede98c8
0x401ed1,0x309dcdc7c500
0x401d8b,0xc48ca9188bb8
0x401804,0xc48ca9191368
0x40182a,0xc48ca9191380
0x401dc9,0x79e62edeb548
0x40182a,0xc48ca9191c40
0x401804,0xc48ca9191e08
0x401cfb,0x79e62edebc98
0x401e1b,0x79e62eddbf40
0x401e47,0x309dcdc86390
0x401804,0xc48ca91931c8
0x40187e,0xc48ca9193540
0x401ea1,0x309dcdc7ed50
0x401e89,0xc48ca918c648
0x401804,0xc48ca9193d08
0x401e31,0xc48ca9194728
0x40185c,0xc48ca9195100
0x401cfb,0x79e62ededff8
0x40185c,0xc48ca9195240
0x401da0,0x309dcdc808e0
0x401ea1,0x309dcdc823d0
0x401d8b,0xc48ca918e818
0x401e31,0xc48ca9196768
0x401dc9,0x79e62edf1388
0x401cfb,0x79e62edf1358
0x401e1b,0x79e62ede1c40
0x401dc9,0x79e62edf1c48
0x401e47,0x309dcdc8c1d0
0x401dc9,0x79e62edf1e28
0x401d8b,0xc48ca9190998
0x40187e,0xc48ca9199100
0x401e31,0xc48ca9198988
0x401ea1,0x309dcdc847d0
0x401dc9,0x79e62edf31e8
0x401e89,0xc48ca9190f88
0x401cfb,0x79e62edf3578
0x401e31,0xc48ca9198fc8
0x401e47,0x309dcdc8cdb0
0x401e89,0xc48ca91925c8
0x401e31,0xc48ca919a4c8
0x401dc9,0x79e62edf3d28
0x401804,0xc48ca9199fa8
0x401ea1,0x309dcdc86590
0x401e89,0xc48ca9192e88
0x401d8b,0xc48ca9192ed8
0x401e31,0xc48ca919c508
0x40182a,0xc48ca919bd80
0x401804,0xc48ca919bf48
0x401d8b,0xc48ca9194fb8
0x401ed1,0x309dcdc88b80
0x401d8b,0xc48ca9196418
0x401804,0xc48ca919dc68
0x401d8b,0xc48ca9196c38
0x401cfb,0x79e62edf9138
0x401e31,0xc48ca919ed68
0x401ea1,0x309dcdc8c650
0x40187e,0xc48ca91a10c0
0x401804,0xc48ca91a11a8
0x401cfb,0x79e62edf9f98
0x401e47,0x309dcdc94730
0x401e1b,0x79e62edeb380
0x401804,0xc48ca91a1c48
0x401e31,0xc48ca91a23e8
0x401dc9,0x79e62edfbd88
0x40187e,0xc48ca91a3100
0x401dc9,0x79e62edfbf68
0x401da0,0x309dcdc8e820
0x401e47,0x309dcdc96770
0x401e1b,0x79e62eded780
0x401cfb,0x79e62edfdc58
0x401e31,0xc48ca91a47e8
0x40182a,0xc48ca91a5100
0x40185c,0xc48ca91a5300
0x401da0,0x309dcdc909a0
0x401e47,0x309dcdc98990
0x401804,0xc48ca91a5728
0x401ea1,0x309dcdc90f90
0x40185c,0xc48ca91a5a80
0x401d8b,0xc48ca919e518
0x401e47,0x309dcdc98fd0
0x401e31,0xc48ca91a65a8
0x401ea1,0x309dcdc925d0
0x401e47,0x309dcdc9a4d0
0x40185c,0xc48ca91a7200
0x40182a,0xc48ca91a7280
0x401d8b,0xc48ca919ebf8
0x401cfb,0x79e62ee010f8
0x401cfb,0x79e62ee01198
0x401d8b,0xc48ca91a0198
0x401ea1,0x309dcdc92e90
0x401da0,0x309dcdc92ee0
0x40182a,0xc48ca91a7a00
0x401804,0xc48ca91a7c68
0x40187e,0xc48ca91a7cc0
0x401dc9,0x79e62ee01c68
0x401e89,0xc48ca91a08c8
0x401d8b,0xc48ca91a09b8
0x401e47,0x309dcdc9c510
0x401cfb,0x79e62ee03138
0x401e31,0xc48ca91a8b88
0x401d8b,0xc48ca91a0d78
0x401804,0xc48ca91a98e8
0x401ed1,0x309dcdc94f80
0x401d8b,0xc48ca91a2778
0x401da0,0x309dcdc96420
0x401e1b,0x79e62edf5100
0x401e1b,0x79e62edf5240
0x401dc9,0x79e62ee05108
0x401804,0xc48ca91ab388
0x401804,0xc48ca91ab568
0x401ed1,0x309dcdc96c00
0x401796,0x309dcdc9ed70
0x40170a,0x79e62ee05718
0x40185c,0xc48ca91abc80
0x401e31,0xc48ca91ac668
0x401dc9,0x79e62ee07288
0x401804,0xc48ca91ad788
0x401d8b,0xc48ca91a6398
0x401dc9,0x79e62ee07a08
0x401cfb,0x79e62ee07c58
0x401cfb,0x79e62ee07cf8
0x40182a,0xc48ca91adfc0
0x401e47,0x309dcdca23f0
0x401cfb,0x79e62ee098d8
0x401804,0xc48ca91b13a8
0x40185c,0xc48ca91b1340
0x401e47,0x309dcdca47f0
0x401dc9,0x79e62ee0b3a8
0x401e31,0xc48ca91b0fa8
0x401cfb,0x79e62ee0b558
0x401804,0xc48ca91b1c68
0x40187e,0xc48ca91b1e00
0x401e31,0xc48ca91b25e8
0x401da0,0x309dcdc9e520
0x40187e,0xc48ca91b31c0
0x401e47,0x309dcdca65b0
0x40182a,0xc48ca91b3540
0x401e31,0xc48ca91b2ea8
0x401ed1,0x309dcdc9ebc0
0x401d8b,0xc48ca91ac1d8
0x401dc9,0x79e62ee0d7a8
0x401da0,0x309dcdca01a0
0x40187e,0xc48ca91b3d00
0x401804,0xc48ca91b5108
0x401dc9,0x79e62ee0dfc8
0x401804,0xc48ca91b5248
0x401ea1,0x309dcdca08d0
0x401d8b,0xc48ca91acdb8
0x401ed1,0x309dcdca0980
0x401e31,0xc48ca91b4f88
0x401e47,0x309dcdca8b90
0x401ed1,0x309dcdca0d40
0x401e89,0xc48ca91ae808
0x401ed1,0x309dcdca2740
0x401e31,0xc48ca91b6c08
0x401cfb,0x79e62ee11398
0x401cfb,0x79e62ee11c58
0x401e89,0xc48ca91b0988
0x401cfb,0x79e62ee11e38
0x40182a,0xc48ca91b9100
0x401e47,0x309dcdcac670
0x401cfb,0x79e62ee131f8
0x401dc9,0x79e62ee13548
0x401da0,0x309dcdca63a0
0x40185c,0xc48ca91b9f80
0x401cfb,0x79e62ee13d38
0x401e1b,0x79e62ee05300
0x401dc9,0x79e62ee15128
0x401e89,0xc48ca91b2ec8
0x401dc9,0x79e62ee15268
0x401e1b,0x79e62ee05a80
0x401804,0xc48ca91bbda8
0x401d8b,0xc48ca91b4738
0x40187e,0xc48ca91bbf40
0x401e1b,0x79e62ee07200
0x401e89,0xc48ca91b6408
0x401e47,0x309dcdcb0fb0
0x40185c,0xc48ca91bdc40
0x401d8b,0xc48ca91b6778
0x401e47,0x309dcdcb25f0
0x401dc9,0x79e62ee19108
0x401e31,0xc48ca91bebc8
0x401e47,0x309dcdcb2eb0
0x401da0,0x309dcdcac1e0
0x401d8b,0xc48ca91b8998
0x40182a,0xc48ca91c10c0
0x401e31,0xc48ca91c08e8
0x40185c,0xc48ca91c1180
0x401e31,0xc48ca91c0988
0x401e31,0xc48ca91c0d48
0x401d8b,0xc48ca91b8fd8
0x401ed1,0x309dcdcacd80
0x401d8b,0xc48ca91ba4d8
0x401e47,0x309dcdcb4f90
0x40187e,0xc48ca91c1c40
0x401e1b,0x79e62ee0bc80
0x401e31,0xc48ca91c2748
0x401cfb,0x79e62ee1bd98
0x40182a,0xc48ca91c3100
0x401cfb,0x79e62ee1bf78
0x401ea1,0x309dcdcae810
0x401e47,0x309dcdcb6c10
0x401d8b,0xc48ca91bc518
0x401804,0xc48ca91c5128
0x401804,0xc48ca91c5308
0x401ea1,0x309dcdcb0990
0x40185c,0xc48ca91c5700
0x401804,0xc48ca91c5a88
0x401e89,0xc48ca91be508
0x401804,0xc48ca91c7208
0x401dc9,0x79e62ee210c8
0x401804,0xc48ca91c72a8
0x401e1b,0x79e62ee11340
0x401d8b,0xc48ca91bed78
0x401e89,0xc48ca91c0188
0x401ea1,0x309dcdcb2ed0
0x401804,0xc48ca91c7a28
0x40185c,0xc48ca91c7c40
0x40182a,0xc48ca91c7cc0
0x401cfb,0x79e62ee21c78
0x401ed1,0x309dcdcb4700
0x401dc9,0x79e62ee23108
0x40185c,0xc48ca91c98c0
0x401d8b,0xc48ca91c23f8
0x401ea1,0x309dcdcb6410
0x401ed1,0x309dcdcb6740
0x40170a,0x79e62ee25118
0x40187e,0xc48ca91cb380
0x401dc9,0x79e62ee25328
0x40185c,0xc48ca91cb540
0x401e47,0x309dcdcbebd0
0x401804,0xc48ca91cbc88
0x401dc9,0x79e62ee25aa8
0x401d8b,0xc48ca91c47f8
0x401dc9,0x79e62ee27228
0x401da0,0x309dcdcb89a0
0x401cfb,0x79e62ee27298
0x401e47,0x309dcdcc08f0
0x401e31,0xc48ca91ccd88
0x401e47,0x309dcdcc0990
0x40187e,0xc48ca91cd780
0x401e89,0xc48ca91c6388
0x401e47,0x309dcdcc0d50
0x401da0,0x309dcdcb8fe0
0x401cfb,0x79e62ee27a18
0x401d8b,0xc48ca91c65b8
0x401dc9,0x79e62ee27cc8
0x401804,0xc48ca91cdfe8
0x401da0,0x309dcdcba4e0
0x401e31,0xc48ca91ce828
0x401e47,0x309dcdcc2750
0x401e1b,0x79e62ee19f80
0x401da0,0x309dcdcbc520
0x401e31,0xc48ca91d09a8
0x401d8b,0xc48ca91c8b98
0x401804,0xc48ca91d1348
0x40185c,0xc48ca91d1380
0x401cfb,0x79e62ee2b3b8
0x40185c,0xc48ca91d1c40
0x40182a,0xc48ca91d1e00
0x401dc9,0x79e62ee2bca8
0x401ea1,0x309dcdcbe510
0x40182a,0xc48ca91d31c0
0x401804,0xc48ca91d3568
0x401e31,0xc48ca91d2ee8
0x401e89,0xc48ca91cc1c8
0x401ed1,0x309dcdcbed40
0x401cfb,0x79e62ee2d7b8
0x401ea1,0x309dcdcc0190
0x401e1b,0x79e62ee1dc40
0x40182a,0xc48ca91d3d00
0x401d8b,0xc48ca91cc678
0x401e31,0xc48ca91d4708
0x40187e,0xc48ca91d5100
0x401cfb,0x79e62ee2dfd8
0x40187e,0xc48ca91d5240
0x401e31,0xc48ca91d6428
0x401ed1,0x309dcdcc23c0
0x401e31,0xc48ca91d6748
0x401e1b,0x79e62ee21180
0x401dc9,0x79e62ee31368
0x401dc9,0x79e62ee31e08
0x401804,0xc48ca91d9128
0x401ed1,0x309dcdcc47c0
0x401dc9,0x79e62ee331c8
0x401d8b,0xc48ca91d0fb8
0x401cfb,0x79e62ee33558
0x401e47,0x309dcdcccd90
0x401d8b,0xc48ca91d25f8
0x401ea1,0x309dcdcc6390
0x401dc9,0x79e62ee33d08
0x401804,0xc48ca91d9f88
0x4017b0,0x309dcdcc6580
0x401cfb,0x79e62ee35138
0x401e47,0x309dcdcce830
0x401cfb,0x79e62ee35278
0x401d8b,0xc48ca91d2eb8
0x401e1b,0x79e62ee25700
0x40185c,0xc48ca91dbd80
0x40182a,0xc48ca91dbf40
0x401e47,0x309dcdcd09b0
0x401d8b,0xc48ca91d4f98
0x401da0,0x309dcdcc8ba0
0x401804,0xc48ca91ddc48
0x401e1b,0x79e62ee27c40
0x401e31,0xc48ca91de528
0x401d8b,0xc48ca91d6c18
0x401cfb,0x79e62ee39118
0x401e31,0xc48ca91ded48
0x401e1b,0x79e62ee298c0
0x401e31,0xc48ca91e01a8
0x401e47,0x309dcdcd2ef0
0x401ea1,0x309dcdccc1d0
0x401e89,0xc48ca91d8988
0x401804,0xc48ca91e10e8
0x401dc9,0x79e62ee39fa8
0x401ed1,0x309dcdccc640
0x401804,0xc48ca91e1188
0x401e47,0x309dcdcd4710
0x401e1b,0x79e62ee2b540
0x401e89,0xc48ca91d8fc8
0x401e89,0xc48ca91da4c8
0x401e31,0xc48ca91e23c8
0x40182a,0xc48ca91e1c40
0x401e47,0x309dcdcd6430
0x401dc9,0x79e62ee3bf48
0x401804,0xc48ca91e3128
0x401e47,0x309dcdcd6750
0x401e89,0xc48ca91dc508
0x401dc9,0x79e62ee3dc68
0x401e31,0xc48ca91e47c8
0x40185c,0xc48ca91e5100
0x40187e,0xc48ca91e5300
0x401804,0xc48ca91e5708
0x401ed1,0x309dcdcd0f80
0x40187e,0xc48ca91e5a80
0x401e31,0xc48ca91e63a8
0x401e31,0xc48ca91e6588
0x401ed1,0x309dcdcd25c0
0x40187e,0xc48ca91e7200
0x401d8b,0xc48ca91debd8
0x40185c,0xc48ca91e7280
0x401e1b,0x79e62ee31380
0x401cfb,0x79e62ee410d8
0x401dc9,0x79e62ee411a8
0x401ed1,0x309dcdcd2e80
0x40185c,0xc48ca91e7a00
0x401804,0xc48ca91e7c48
0x401e1b,0x79e62ee31c40
0x401804,0xc48ca91e7ce8
0x401dc9,0x79e62ee41c48
0x401d8b,0xc48ca91e08f8
0x401d8b,0xc48ca91e0998
0x401cfb,0x79e62ee43118
0x401d8b,0xc48ca91e0d58
0x401804,0xc48ca91e98c8
0x401da0,0x309dcdcd4fa0
0x401d8b,0xc48ca91e2758
0x401e47,0x309dcdcde530
0x40182a,0xc48ca91eb380
0x401804,0xc48ca91eb548
0x401cfb,0x79e62ee45338
0x401da0,0x309dcdcd6c20
0x401dc9,0x79e62ee45728
0x401e47,0x309dcdcded50
0x401e31,0xc48ca91ec1e8
0x40187e,0xc48ca91ebc80
0x401cfb,0x79e62ee45ab8
0x401e47,0x309dcdce01b0
0x401e31,0xc48ca91ec648
0x401ea1,0x309dcdcd8990
0x401cfb,0x79e62ee47238
0x40182a,0xc48ca91ed780
0x401ea1,0x309dcdcd8fd0
0x401dc9,0x79e62ee47c68
0x401ea1,0x309dcdcda4d0
0x401cfb,0x79e62ee47cd8
0x40185c,0xc48ca91edfc0
0x401e47,0x309dcdce23d0
0x401dc9,0x79e62ee498e8
0x401ea1,0x309dcdcdc510
0x401e89,0xc48ca91e8b88
0x401804,0xc48ca91f1388
0x40187e,0xc48ca91f1340
0x401e47,0x309dcdce47d0
0x401dc9,0x79e62ee4b388
0x401dc9,0x79e62ee4b568
0x401e31,0xc48ca91f0f88
0x401804,0xc48ca91f1c48
0x401804,0xc48ca91f1e28
0x401e1b,0x79e62ee3bd80
0x401e31,0xc48ca91f25c8
0x401cfb,0x79e62ee4bcb8
0x401e47,0x309dcdce63b0
0x401804,0xc48ca91f31e8
0x401e47,0x309dcdce6590
0x40185c,0xc48ca91f3540
0x401e31,0xc48ca91f2e88
0x401da0,0x309dcdcdebe0
0x401dc9,0x79e62ee4d788
0x401804,0xc48ca91f3d28
0x40182a,0xc48ca91f5100
0x40182a,0xc48ca91f5240
0x401ed1,0x309dcdce08c0
0x401d8b,0xc48ca91ecd98
0x401da0,0x309dcdce09a0
0x401da0,0x309dcdce0d60
0x401d8b,0xc48ca91ee838
0x401da0,0x309dcdce2760
0x401cfb,0x79e62ee51378
0x401dc9,0x79e62ee513a8
0x401e47,0x309dcdcec1f0
0x401dc9,0x79e62ee51c68
0x401cfb,0x79e62ee51e18
0x401d8b,0xc48ca91f09b8
0x40185c,0xc48ca91f9100
0x401e31,0xc48ca91f89a8
0x401e47,0x309dcdcec650
0x401cfb,0x79e62ee531d8
0x401e31,0xc48ca91f8fe8
0x401e31,0xc48ca91fa4e8
0x401cfb,0x79e62ee53d18
0x40187e,0xc48ca91f9f80
0x401e1b,0x79e62ee45100
0x401dc9,0x79e62ee55108
0x401dc9,0x79e62ee55248
0x401d8b,0xc48ca91f2ef8
0x401804,0xc48ca91fbd88
0x401e31,0xc48ca91fc528
0x401d8b,0xc48ca91f4718
0x401804,0xc48ca91fbf68
0x401e1b,0x79e62ee47280
0x401e89,0xc48ca91f4f88
0x401ea1,0x309dcdce8b90
0x401e1b,0x79e62ee47a00
0x401d8b,0xc48ca91f6438
0x401e47,0x309dcdcf0f90
0x40187e,0xd6932869dc40
0x401d8b,0xc48ca91f6758
0x401e89,0xc48ca91f6c08
0x401e47,0x309dcdcf25d0
0x401e47,0x309dcdcf2e90
0x40185c,0xd693286a10c0
0x401e31,0xd693286a08c8
0x40187e,0xd693286a1180
0x401cfb,0x79e62ee59fb8
0x40172e,0x309dcdcecda0
0x401804,0xd693286a1c68
0x401dc9,0x79e62ee5bda8
0x40185c,0xd693286a3100
0x401cfb,0x79e62ee5bf58
0x401ed1,0x309dcdcee800
0x401cfb,0x79e62ee5dc78
0x401e1b,0x79e62ee4dfc0
0x401804,0xd693286a5108
0x40182a,0xd693286a5300
0x401ed1,0x309dcdcf0980
0x401e47,0x309dcdcf89b0
0x40187e,0xd693286a5700
0x40182a,0xd693286a5a80
0x401d8b,0xd6932869e538
0x401e47,0x309dcdcf8ff0
0x401e47,0x309dcdcfa4f0
0x401e89,0xd6932869ebc8
0x401804,0xd693286a7288
0x40182a,0xd693286a7200
0x401cfb,0x79e62ee611b8
0x401d8b,0xd6932869ed58
0x401d8b,0xd693286a01b8
0x401804,0xd693286a7a08
0x401ed1,0x309dcdcf2ec0
0x40187e,0xd693286a7c40
0x40185c,0xd693286a7cc0
0x401cfb,0x79e62ee61c58
0x401e89,0xd693286a0988
0x401e47,0x309dcdcfc530
0x401da0,0x309dcdcf4720
0x401e89,0xd693286a0d48
0x401e31,0xd693286a8ba8
0x401e1b,0x79e62ee53540
0x40187e,0xd693286a98c0
0x401ea1,0x309dcdcf4f90
0x401d8b,0xd693286a23d8
0x401e89,0xd693286a2748
0x401ed1,0x309dcdcf6400
0x401da0,0x309dcdcf6760
0x401dc9,0x79e62ee65128
0x401804,0xd693286ab3a8
0x401dc9,0x79e62ee65308
0x40187e,0xd693286ab540
0x401ea1,0x309dcdcf6c10
0x401cfb,0x79e62ee65738
0x401dc9,0x79e62ee65a88
0x40182a,0xd693286abc80
0x401d8b,0xd693286a47d8
0x401dc9,0x79e62ee67208
0x401dc9,0x79e62ee672a8
0x401e47,0x309dcdd008d0
0x401804,0xd693286ad7a8
0x401d8b,0xd693286a63b8
0x401dc9,0x79e62ee67a28
0x401d8b,0xd693286a6598
0x401cfb,0x79e62ee67c78
0x401804,0xd693286adfc8
0x401e31,0xd693286ae808
0x401e1b,0x79e62ee59100
0x401cfb,0x79e62ee698f8
0x401e31,0xd693286b0988
0x40187e,0xd693286b1380
0x40182a,0xd693286b1340
0x40170a,0x79e62ee6b398
0x401cfb,0x79e62ee6b578
0x40187e,0xd693286b1c40
0x40185c,0xd693286b1e00
0x401dc9,0x79e62ee6bc88
0x401ed1,0x309dcdcfe500
0x40185c,0xd693286b31c0
0x401804,0xd693286b3548
0x401ea1,0x309dcdcfebd0
0x401e31,0xd693286b2ec8
0x401da0,0x309dcdcfed60
0x401d8b,0xd693286ac1f8
0x401cfb,0x79e62ee6d798
0x401ed1,0x309dcdd00180
0x40185c,0xd693286b3d00
0x401d8b,0xd693286ac658
0x401804,0xd693286b5128
0x401dc9,0x79e62ee6dfe8
0x401804,0xd693286b5268
0x401e89,0xd693286acd88
0x401ea1,0x309dcdd00990
0x401ea1,0x309dcdd00d50
0x401e31,0xd693286b4fa8
0x401e47,0x309dcdd08bb0
0x401e31,0xd693286b6408
0x401da0,0x309dcdd023e0
0x401e1b,0x79e62ee610c0
0x401ea1,0x309dcdd02750
0x401e31,0xd693286b6c28
0x401dc9,0x79e62ee71348
0x401cfb,0x79e62ee713b8
0x401cfb,0x79e62ee71c78
0x401804,0xd693286b9108
0x401e1b,0x79e62ee63100
0x401da0,0x309dcdd047e0
0x401d8b,0xd693286b0f98
0x401dc9,0x79e62ee73568
0x401d8b,0xd693286b25d8
0x401ed1,0x309dcdd06380
0x40182a,0xd693286b9f80
0x401da0,0x309dcdd065a0
0x401cfb,0x79e62ee75118
0x401e47,0x309dcdd0e810
0x401cfb,0x79e62ee75258
0x401d8b,0xd693286b2e98
0x401e89,0xd693286b4708
0x40187e,0xd693286bbd80
0x40185c,0xd693286bbf40
0x401e47,0x309dcdd10990
0x40182a,0xd693286bdc40
0x401e1b,0x79e62ee67cc0
0x401e89,0xd693286b6748
0x401e31,0x2c2cbb4265a8
0x40185c,0x2c2cbb427200
0x401dc9,0x79e62ee79128
0x40182a,0x2c2cbb427280
0x40182a,0x2c2cbb427a00
0x401e47,0x309dcdd12ed0
0x401804,0x2c2cbb427c68
0x40187e,0x2c2cbb427cc0
0x401ed1,0x309dcdd0c1c0
0x401d8b,0xd693286b89b8
0x401dc9,0x79e62ee79f88
0x401da0,0x309dcdd0c660
0x401e31,0x2c2cbb428b88
0x401d8b,0xd693286b8ff8
0x401ea1,0x309dcdd0cd90
0x401804,0x2c2cbb4298e8
0x401d8b,0xd693286ba4f8
0x401e47,0x309dcdd14fb0
0x401cfb,0x79e62ee7bdb8
0x401e47,0x309dcdd16410
0x401804,0x2c2cbb42b388
0x401804,0x2c2cbb42b568
0x401e47,0x309dcdd16c30
0x401d8b,0xd693286bc538
0x40185c,0x2c2cbb42bc80
0x401dc9,0x79e62ee7dc48
0x401e31,0x2c2cbb42c668
0x401804,0x2c2cbb42d788
0x401da0,0x309dcdd10fa0
0x401d8b,0x2c2cbb426398
0x40182a,0x2c2cbb42dfc0
0x401da0,0x309dcdd125e0
0x401dc9,0x79e62ee810e8
0x401dc9,0x79e62ee81188
0x401da0,0x309dcdd12ea0
0x401e1b,0x79e62ee71e00
0x4017d0,0x309dcdd14710
0x401748,0x79e62ee731c0
0x401dc9,0x79e62ee83128
0x401804,0x2c2cbb4313a8
0x40185c,0x2c2cbb431340
0x401e31,0x2c2cbb430fa8
0x401804,0x2c2cbb431c68
0x401e1b,0x79e62ee73d00
0x40187e,0x2c2cbb431e00
0x401e31,0x2c2cbb4325e8
0x401e47,0x309dcdd1e510
0x401ea1,0x309dcdd16750
0x40187e,0x2c2cbb4331c0
0x401cfb,0x79e62ee85138
0x40182a,0x2c2cbb433540
0x401cfb,0x79e62ee85318
0x401e31,0x2c2cbb432ea8
0x401e47,0x309dcdd1ebf0
0x401dc9,0x79e62ee85708
0x401d8b,0x2c2cbb42c1d8
0x40187e,0x2c2cbb433d00
0x401cfb,0x79e62ee85a98
0x401e47,0x309dcdd20190
0x401804,0x2c2cbb435108
0x401804,0x2c2cbb435248
0x401cfb,0x79e62ee87218
0x401ed1,0x309dcdd18980
0x401d8b,0x2c2cbb42cdb8
0x401cfb,0x79e62ee872b8
0x401e47,0x309dcdd209b0
0x401e31,0x2c2cbb434f88
0x401e47,0x309dcdd20d70
0x401ed1,0x309dcdd18fc0
0x401cfb,0x79e62ee87a38
0x401dc9,0x79e62ee87c48
0x401e89,0x2c2cbb42e808
0x401dc9,0x79e62ee87ce8
0x401ed1,0x309dcdd1a4c0
0x401e47,0x309dcdd22770
0x401e31,0x2c2cbb436c08
0x401dc9,0x79e62ee898c8
0x4017e0,0x2c2cbb430988
0x4017b0,0x309dcdd1c500
0x40182a,0x2c2cbb439100
0x401dc9,0x79e62ee8b548
0x401e1b,0x79e62ee7bf40
0x401cfb,0x79e62ee8bc98
0x40185c,0x2c2cbb439f80
0x401e47,0x309dcdd26390
0x401e89,0x2c2cbb432ec8
0x401ea1,0x309dcdd1ed50
0x401804,0x2c2cbb43bda8
0x401d8b,0x2c2cbb434738
0x40187e,0x2c2cbb43bf40
0x401cfb,0x79e62ee8dff8
0x401da0,0x309dcdd208e0
0x401e89,0x2c2cbb436408
0x40185c,0x2c2cbb43dc40
0x401ea1,0x309dcdd223d0
0x401d8b,0x2c2cbb436778
0x401e31,0x2c2cbb43ebc8
0x401dc9,0x79e62ee91388
0x401cfb,0x79e62ee91358
0x401e1b,0x79e62ee81c40
0x401796,0x309dcdd2c1d0
0x40176f,0x79e62ee91c48
0x401dc9,0x79e62ee91e28
0x401d8b,0x2c2cbb438998
0x40182a,0x2c2cbb4410c0
0x401e31,0x2c2cbb4408e8
0x40185c,0x2c2cbb441180
0x401e31,0x2c2cbb440988
0x401ea1,0x309dcdd247d0
0x401dc9,0x79e62ee931e8
0x401e31,0x2c2cbb440d48
0x401d8b,0x2c2cbb438fd8
0x401cfb,0x79e62ee93578
0x401e47,0x309dcdd2cdb0
0x401d8b,0x2c2cbb43a4d8
0x40187e,0x2c2cbb441c40
0x401e31,0x2c2cbb442748
0x401dc9,0x79e62ee93d28
0x401ea1,0x309dcdd26590
0x40182a,0x2c2cbb443100
0x401d8b,0x2c2cbb43c518
0x401804,0x2c2cbb445128
0x401804,0x2c2cbb445308
0x401ed1,0x309dcdd28b80
0x40185c,0x2c2cbb445700
0x401804,0x2c2cbb445a88
0x401e89,0x2c2cbb43e508
0x401cfb,0x79e62ee99138
0x401d8b,0x2c2cbb43ed78
0x401e89,0x2c2cbb440188
0x401705,0x2149a6ca8b80
0x401ea1,0x309dcdd2c650
0x401cfb,0x79e62ee99f98
0x401e1b,0x79e62ee8b380
0x401e47,0x309dcdd34730
0x401d8b,0x2c2cbb4423f8
0x401dc9,0x79e62ee9bd88
0x401dc9,0x79e62ee9bf68
0x401804,0x2149a6cac1e8
0x401da0,0x309dcdd2e820
0x401e47,0x309dcdd36770
0x401e31,0x2149a6cabca8
0x401804,0x2149a6cac648
0x401e1b,0x79e62ee8d780
0x40187e,0x2149a6cacd80
0x401d8b,0x2c2cbb4447f8
0x401cfb,0x79e62ee9dc58
0x401da0,0x309dcdd309a0
0x401e47,0x309dcdd38990
0x40185c,0x2149a6cae800
0x401e89,0x2c2cbb446388
0x401ea1,0x309dcdd30f90
0x401e47,0x309dcdd38fd0
0x401d8b,0x2c2cbb4465b8
0x401ea1,0x309dcdd325d0
0x401e47,0x309dcdd3a4d0
0x401cfb,0x79e62eea10f8
0x401cfb,0x79e62eea1198
0x401ea1,0x309dcdd32e90
0x40185c,0x2149a6cb0980
0x401da0,0x309dcdd32ee0
0x4017a3,0x2149a6cb1368
0x401dc9,0x79e62eea1c68
0x401804,0x2149a6cb0f88
0x401e89,0x2149a6ca98c8
0x401e47,0x309dcdd3c510
0x401cfb,0x79e62eea3138
0x401804,0x2149a6cb25c8
0x401e31,0x2149a6cb1e08
0x401e31,0x2149a6cb31c8
0x401d8b,0x2149a6cab3b8
0x401ed1,0x309dcdd34f80
0x401e89,0x2149a6cab548
0x401804,0x2149a6cb2e88
0x40185c,0x2149a6cb2ec0
0x401da0,0x309dcdd36420
0x401e1b,0x79e62ee95100
0x401e1b,0x79e62ee95240
0x401dc9,0x41d09e9a5108
0x401e31,0x2149a6cb3d08
0x40187e,0x2149a6cb4700
0x401ed1,0x309dcdd36c00
0x401e47,0x309dcdd3ed70
0x401cfb,0x41d09e9a5718
0x401d8b,0x2149a6cad7b8
0x40182a,0x2149a6cb4f80
0x401dc9,0x41d09e9a7288
0x40185c,0x2149a6cb6400
0x401d8b,0x2149a6cadfd8
0x40187e,0x2149a6cb6740
0x401dc9,0x41d09e9a7a08
0x40182a,0x2149a6cb6c00
0x401cfb,0x41d09e9a7c58
0x401cfb,0x41d09e9a7cf8
0x401e47,0x309dcdd423f0
0x401804,0x2149a6cb89a8
0x4017e0,0x2149a6cb1388
0x401cfb,0x41d09e9a98d8
0x401804,0x2149a6cb8fe8
0x401e89,0x2149a6cb1c48
0x401e47,0x309dcdd447f0
0x401804,0x2149a6cba4e8
0x401dc9,0x41d09e9ab3a8
0x401cfb,0x41d09e9ab558
0x401e31,0x2149a6cb9fa8
0x401d8b,0x2149a6cb3558
0x401da0,0x309dcdd3e520
0x401e47,0x309dcdd465b0
0x401804,0x2149a6cbc528
0x401ed1,0x309dcdd3ebc0
0x401e31,0x2149a6cbbf48
0x401d8b,0x2149a6cb5138
0x401dc9,0x41d09e9ad7a8
0x401d8b,0x2149a6cb5278
0x401da0,0x309dcdd401a0
0x401dc9,0x41d09e9adfc8
0x401ea1,0x309dcdd408d0
0x401e31,0x2149a6cbdc68
0x401ed1,0x309dcdd40980
0x40185c,0x2149a6cbe500
0x401e47,0x309dcdd48b90
0x401ed1,0x309dcdd40d40
0x40182a,0x2149a6cbebc0
0x40187e,0x2149a6cbed40
0x40185c,0x2149a6cc0180
0x401ed1,0x309dcdd42740
0x401cfb,0x41d09e9b1398
0x401804,0x2149a6cc08c8
0x40173b,0x2149a6cb9118
0x40182a,0x2149a6cc0980
0x401e31,0x2149a6cc11a8
0x40182a,0x2149a6cc0d40
0x401cfb,0x41d09e9b1c58
0x401cfb,0x41d09e9b1e38
0x401e47,0x309dcdd4c670
0x40187e,0x2149a6cc23c0
0x401cfb,0x41d09e9b31f8
0x401e31,0x2149a6cc1c48
0x401dc9,0x41d09e9b3548
0x40182a,0x2149a6cc2740
0x401da0,0x309dcdd463a0
0x401cfb,0x41d09e9b3d38
0x401e89,0x2149a6cbbd88
0x401e1b,0x41d09e9a5300
0x40187e,0x2149a6cc47c0
0x401e1b,0x41d09e9a5a80
0x401e31,0x2149a6cc5728
0x401e1b,0x41d09e9a7200
0x40185c,0x2149a6cc6380
0x401dc9,0xfafbfaad1348
0x40187e,0x2149a6cc6580
0x401cfb,0xfafbfaad13b8
0x401e47,0x309dcdd50fb0
0x401cfb,0xfafbfaad1c78
0x401e47,0x309dcdd525f0
0x401e31,0x2149a6cc7c68
0x401d8b,0x2149a6cc10d8
0x401cfb,0xfc47cbc2d7b8
0x401e47,0x309dcdd52eb0
0x401804,0x2149a6cc8ba8
0x401da0,0x309dcdd4c1e0
0x401e31,0x2149a6cc98e8
0x401cfb,0xfc47cbc2dfd8
0x401d8b,0x2149a6cc3118
0x401ed1,0x309dcdd4cd80
0x401e31,0x2149a6ccb388
0x401e47,0x309dcdd54f90
0x401e1b,0x41d09e9abc80
0x401e31,0x2149a6ccb568
0x40185c,0x2149a6ccc1c0
0x401ea1,0x309dcdd4e810
0x401dc9,0xfc47cbc31368
0x40187e,0x2149a6ccc640
0x401e89,0x2149a6cc5108
0x401e47,0x309dcdd56c10
0x401d8b,0x2149a6cc5338
0x40182a,0x2149a6cccd80
0x401dc9,0xfc47cbc31e08
0x401e31,0x2149a6ccd788
0x401d8b,0x2149a6cc5ab8
0x401dc9,0xfc47cbc331c8
0x401ea1,0x309dcdd50990
0x401cfb,0xfc47cbc33558
0x401804,0x2149a6cce808
0x401e89,0x2149a6cc7288
0x401d8b,0x2149a6cc7238
0x401dc9,0xfc47cbc33d08
0x401e89,0x2149a6cc7a08
0x401e1b,0x41d09e9b1340
0x401cfb,0xfc47cbc35138
0x401d8b,0x2149a6cc7cd8
0x40170a,0xfc47cbc35278
0x401ea1,0x309dcdd52ed0
0x401804,0x2149a6cd0988
0x401e31,0x2149a6cd13a8
0x40187e,0x2149a6cd0f80
0x401ed1,0x309dcdd54700
0x401e31,0x2149a6cd1c68
0x40187e,0x2149a6cd25c0
0x401ea1,0x309dcdd56410
0x401804,0x2149a6cd2ec8
0x40187e,0x2149a6cd2e80
0x401ed1,0x309dcdd56740
0x401cfb,0xfc47cbc39118
0x401d8b,0x2149a6ccbcb8
0x40182a,0x2149a6cd4700
0x401e47,0x309dcdd5ebd0
0x401e31,0x2149a6cd5108
0x401e31,0x2149a6cd5248
0x401804,0x2149a6cd4fa8
0x401dc9,0xfc47cbc39fa8
0x401804,0x2149a6cd6408
0x401da0,0x309dcdd589a0
0x401e47,0x309dcdd608f0
0x401e47,0x309dcdd60990
0x401e89,0x2149a6ccdfc8
0x40182a,0x2149a6cd6740
0x401e47,0x309dcdd60d50
0x401da0,0x309dcdd58fe0
0x401804,0x2149a6cd6c28
0x401e1b,0xfafbfaad1e00
0x401da0,0x309dcdd5a4e0
0x401dc9,0xfc47cbc3bf48
0x401796,0x309dcdd62750
0x40185c,0x2149a6cd8980
0x401d8b,0x2149a6cd1378
0x401dc9,0xfc47cbc3dc68
0x40185c,0x2149a6cd8fc0
0x401da0,0x309dcdd5c520
0x401d8b,0x2149a6cd1e18
0x40185c,0x2149a6cda4c0
0x401d8b,0x2149a6cd31d8
0x401e89,0x2149a6cd3548
0x401ea1,0x309dcdd5e510
0x401e1b,0xfc47cbc31380
0x401cfb,0xfc47cbc410d8
0x401dc9,0xfc47cbc411a8
0x401d8b,0x2149a6cd3d18
0x40185c,0x2149a6cdc500
0x401e31,0x2149a6cdbda8
0x401ed1,0x309dcdd5ed40
0x401ea1,0x309dcdd60190
0x401e1b,0xfc47cbc31c40
0x401dc9,0xfc47cbc41c48
0x401cfb,0xfc47cbc43118
0x401804,0x2149a6cde508
0x401804,0x2149a6cdebe8
0x40182a,0x2149a6cded40
0x401ed1,0x309dcdd623c0
0x401804,0x2149a6ce0188
0x401cfb,0xfc47cbc45338
0x401e89,0x2149a6cd9108
0x40187e,0x2149a6ce08c0
0x401dc9,0xfc47cbc45728
0x401804,0x2149a6ce09a8
0x401804,0x2149a6ce0d68
0x401cfb,0xfc47cbc45ab8
0x401ed1,0x309dcdd647c0
0x40182a,0x2149a6ce23c0
0x401cfb,0xfc47cbc47238
0x401804,0x2149a6ce2768
0x401d8b,0x2149a6cd9fb8
0x401e47,0x309dcdd6cd90
0x401ea1,0x309dcdd66390
0x401dc9,0xfc47cbc47c68
0x401cfb,0xfc47cbc47cd8
0x401ed1,0x309dcdd66580
0x401e47,0x309dcdd6e830
0x401d8b,0x2149a6cdbf58
0x40182a,0x2149a6ce47c0
0x401e31,0x2149a6ce5128
0x401e31,0x2149a6ce5308
0x401dc9,0xfc47cbc498e8
0x401e31,0x2149a6ce5a88
0x401d8b,0x2149a6cddc78
0x401804,0x2149a6ce6388
0x401dc9,0xfc47cbc4b388
0x40182a,0x2149a6ce6580
0x401e47,0x309dcdd709b0
0x401da0,0x309dcdd68ba0
0x401dc9,0xfc47cbc4b568
0x401e31,0x2149a6ce7208
0x401e31,0x2149a6ce72a8
0x401e1b,0xfc47cbc3bd80
0x401cfb,0xfc47cbc4bcb8
0x401e31,0x2149a6ce7a28
0x401e89,0x2149a6ce10c8
0x401d8b,0x2149a6ce11b8
0x401dc9,0xfc47cbc4d788
0x401e47,0x309dcdd72ef0
0x40185c,0x2149a6ce8b80
0x401ea1,0x309dcdd6c1d0
0x401ed1,0x309dcdd6c640
0x401d8b,0x2149a6ce1c58
0x401e47,0x309dcdd74710
0x401e89,0x2149a6ce3108
0x401e47,0x309dcdd76430
0x401804,0x2149a6cec1c8
0x401e47,0x309dcdd76750
0x401e31,0x2149a6cebc88
0x401dc9,0xfc47cbc513a8
0x401cfb,0xfc47cbc51378
0x40182a,0x2149a6cec640
0x401804,0x2149a6cecda8
0x401d8b,0x2149a6ce5738
0x401dc9,0xfc47cbc51c68
0x401cfb,0xfc47cbc51e18
0x401cfb,0xfc47cbc531d8
0x40187e,0x2149a6cee800
0x401e31,0x2149a6cedfe8
0x401ed1,0x309dcdd70f80
0x40170a,0xfc47cbc53d18
0x401ed1,0x309dcdd725c0
0x401e1b,0xfc47cbc45100
0x401dc9,0xfc47cbc55108
0x401e89,0x2149a6ce7cc8
0x401d8b,0x2149a6ce7c78
0x401dc9,0xfc47cbc55248
0x40187e,0x2149a6cf0980
0x401ed1,0x309dcdd72e80
0x401e31,0x2149a6cf1348
0x401d8b,0x2149a6ce98f8
0x40182a,0x2149a6cf0f80
0x401e1b,0xfc47cbc47280
0x40182a,0x2149a6cf25c0
0x401e1b,0xfc47cbc47a00
0x401d8b,0x2149a6ceb398
0x401da0,0x309dcdd74fa0
0x401d8b,0x2149a6ceb578
0x401e31,0x2149a6cf3568
0x40182a,0x2149a6cf2e80
0x40187e,0x2149a6cf2ec0
0x401e47,0x309dcdd7e530
0x401804,0x2149a6cf4728
0x401da0,0x309dcdd76c20
0x401e47,0x309dcdd7ed50
0x401e47,0x309dcdd801b0
0x401d8b,0x2149a6ced798
0x40185c,0x2149a6cf4f80
0x401cfb,0xfc47cbc59fb8
0x401ea1,0x309dcdd78990
0x40187e,0x2149a6cf6400
0x401804,0x2149a6cf6768
0x401ea1,0x309dcdd78fd0
0x40185c,0x2149a6cf6c00
0x401ea1,0x309dcdd7a4d0
0x401dc9,0xfc47cbc5bda8
0x401e47,0x309dcdd823d0
0x401cfb,0xfc47cbc5bf58
0x401804,0x2149a6cf8988
0x401e31,0x2149a6cf9128
0x401d8b,0x2149a6cf13b8
0x401cfb,0xfc47cbc5dc78
0x401ea1,0x309dcdd7c510
0x401804,0x2149a6cf8fc8
0x401e1b,0xfc47cbc4dfc0
0x401d8b,0x2149a6cf1c78
0x401e89,0x2149a6cf1e08
0x401e47,0x309dcdd847d0
0x401804,0x2149a6cfa4c8
0x401e89,0x2149a6cf31c8
0x401e31,0x2149a6cf9f88
0x401e47,0x309dcdd863b0
0x401e47,0x309dcdd86590
0x401e89,0x2149a6cf3d08
0x401cfb,0xfc47cbc611b8
0x401804,0x2149a6cfc508
0x401da0,0x309dcdd7ebe0
0x401d8b,0x2149a6cf5118
0x401d8b,0x2149a6cf5258
0x401cfb,0xfc47cbc61c58
0x401ed1,0x309dcdd808c0
0x401da0,0x309dcdd809a0
0x401e31,0x2149a6cfdc48
0x40187e,0x2149a6cfe500
0x401e1b,0xfc47cbc53540
0x401da0,0x309dcdd80d60
0x401736,0x2149a6cfebc0
0x401804,0x2149a6cfed68
0x40187e,0x2149a6d00180
0x401da0,0x309dcdd82760
0x401dc9,0xfc47cbc65128
0x401dc9,0xfc47cbc65308
0x40182a,0x2149a6d008c0
0x401e31,0x2149a6d010e8
0x401cfb,0xfc47cbc65738
0x40185c,0x2149a6d00980
0x401e31,0x2149a6d01188
0x401dc9,0xfc47cbc65a88
0x40185c,0x2149a6d00d40
0x401e47,0x309dcdd8c1f0
0x401e47,0x309dcdd8c650
0x401804,0x2149a6d023e8
0x401dc9,0xfc47cbc67208
0x401dc9,0xfc47cbc672a8
0x40185c,0x2149a6d02740
0x401e31,0x2149a6d03128
0x401dc9,0xfc47cbc67a28
0x401cfb,0xfc47cbc67c78
0x401e1b,0xfc47cbc59100
0x401d8b,0x2149a6cfbdb8
0x401e89,0x2149a6cfbf48
0x401804,0x2149a6d047e8
0x401cfb,0xfc47cbc698f8
0x401e31,0x2149a6d05708
0x40187e,0x2149a6d06380
0x401804,0x2149a6d065a8
0x401ea1,0x309dcdd88b90
0x401cfb,0xfc47cbc6b398
0x401cfb,0xfc47cbc6b578
0x401e47,0x309dcdd90f90
0x401dc9,0xfc47cbc6bc88
0x401e47,0x309dcdd925d0
0x401e31,0x2149a6d07c48
0x401e31,0x2149a6d07ce8
0x401cfb,0xfc47cbc6d798
0x401e47,0x309dcdd92e90
0x401804,0x2149a6d08b88
0x401e31,0x2149a6d098c8
0x401e89,0x2149a6d01c48
0x401dc9,0xfc47cbc6dfe8
0x401da0,0x309dcdd8cda0
0x401e31,0x2149a6d0b548
0x401e1b,0xfc47cbc610c0
0x40187e,0x2149a6d0c1c0
0x401ed1,0x309dcdd8e800
0x401dc9,0xfc47cbc71348
0x401cfb,0xfc47cbc713b8
0x401804,0x2149a6d0c668
0x401d8b,0x2149a6d05138
0x401d8b,0x2149a6d05318
0x40185c,0x2149a6d0cd80
0x401cfb,0xfc47cbc71c78
0x401e1b,0xfc47cbc63100
0x401d8b,0x2149a6d05a98
0x401ed1,0x309dcdd90980
0x401e47,0x309dcdd989b0
0x401dc9,0xfc47cbc73568
0x401705,0x2149a6d0e800
0x40173b,0x2149a6d072b8
0x40173b,0x2149a6d07218
0x401e47,0x309dcdd98ff0
0x401d8b,0x2149a6d07a38
0x401e47,0x309dcdd9a4f0
0x401cfb,0xfc47cbc75118
0x401cfb,0xfc47cbc75258
0x40182a,0x2149a6d10980
0x401ed1,0x309dcdd92ec0
0x401e31,0x2149a6d11388
0x401804,0x2149a6d10fa8
0x401e47,0x309dcdd9c530
0x401da0,0x309dcdd94720
0x401e31,0x2149a6d11c48
0x401804,0x2149a6d125e8
0x401e31,0x2149a6d11e28
0x401e89,0x2149a6d0b388
0x401ea1,0x309dcdd94f90
0x401e31,0x2149a6d131e8
0x401e1b,0xfc47cbc67cc0
0x401804,0x2149a6d12ea8
0x40182a,0x2149a6d12ec0
0x401ed1,0x309dcdd96400
0x401da0,0x309dcdd96760
0x401dc9,0xfc47cbc79128
0x401d8b,0x2149a6d0bc98
0x401ea1,0x309dcdd96c10
0x401e31,0x2149a6d13d28
0x40185c,0x2149a6d14700
0x401e89,0x2149a6d0d788
0x401804,0x2149a6d14f88
0x401dc9,0xfc47cbc79f88
0x40182a,0x2149a6d16400
0x401e47,0x309dcdda08d0
0x401d8b,0x2149a6d0dff8
0x401736,0x2149a6d16740
0x401804,0x2149a6d16c08
0x401cfb,0xfc47cbc7bdb8
0x40187e,0x2149a6d18980
0x401d8b,0x2149a6d11358
0x401dc9,0xfc47cbc7dc48
0x40187e,0x2149a6d18fc0
0x40187e,0x2149a6d1a4c0
0x401d8b,0x2149a6d13578
0x401ed1,0x309dcdd9e500
0x401dc9,0xfc47cbc810e8
0x401dc9,0xfc47cbc81188
0x40187e,0x2149a6d1c500
0x401e31,0x2149a6d1bd88
0x401ea1,0x309dcdd9ebd0
0x401e89,0x2149a6d15108
0x401e31,0x2149a6d1bf68
0x401e89,0x2149a6d15248
0x401da0,0x309dcdd9ed60
0x401ed1,0x309dcdda0180
0x401e1b,0xfc47cbc71e00
0x401e1b,0xfc47cbc731c0
0x401dc9,0xfc47cbc83128
0x401ea1,0x309dcdda0990
0x401705,0x2149a6d1e500
0x401ea1,0x309dcdda0d50
0x401e47,0x309dcdda8bb0
0x401804,0x2149a6d1ebc8
0x401e1b,0xfc47cbc73d00
0x40185c,0x2149a6d1ed40
0x401da0,0x309dcdda23e0
0x401ea1,0x309dcdda2750
0x40182a,0x2149a6d20180
0x401cfb,0xfc47cbc85138
0x401cfb,0xfc47cbc85318
0x401d8b,0x2149a6d19138
0x401dc9,0xfc47cbc85708
0x401804,0x2149a6d208e8
0x401804,0x2149a6d20988
0x401cfb,0xfc47cbc85a98
0x401804,0x2149a6d20d48
0x401da0,0x309dcdda47e0
0x40185c,0x2149a6d223c0
0x401e31,0x2149a6d21c68
0x401cfb,0xfc47cbc87218
0x401cfb,0xfc47cbc872b8
0x401d8b,0x2149a6d19f98
0x401804,0x2149a6d22748
0x401cfb,0xfc47cbc87a38
0x401dc9,0xfc47cbc87c48
0x401dc9,0xfc47cbc87ce8
0x401ed1,0x309dcdda6380
0x401da0,0x309dcdda65a0
0x401e47,0x309dcddae810
0x401861,0x2149a6d247c8
0x401e31,0x2149a6d25108
0x401dc9,0xfc47cbc898c8
0x401d8b,0x2149a6d1dc58
0x401705,0x2149a6d26380
0x401e47,0x309dcddb0990
0x40185c,0x2149a6d26580
0x401dc9,0xfc47cbc8b548
0x401e31,0x2149a6d27288
0x401cfb,0xfc47cbc8bc98
0x401e1b,0xfc47cbc7bf40
0x401e31,0x2149a6d27a08
0x401d8b,0x2149a6d210f8
0x401d8b,0x2149a6d21198
0x401e47,0x309dcddb2ed0
0x40187e,0x2149a6d28b80
0x401ed1,0x309dcddac1c0
0x401da0,0x309dcddac660
0x401cfb,0xfc47cbc8dff8
0x401ea1,0x309dcddacd90
0x401d8b,0x2149a6d23138
0x401e31,0x2149a6d2b3a8
0x401e47,0x309dcddb4fb0
0x401e47,0x309dcddb6410
0x40182a,0x2149a6d2c1c0
0x401dc9,0xfc47cbc91388
0x401cfb,0xfc47cbc91358
0x40185c,0x2149a6d2c640
0x401e47,0x309dcddb6c30
0x401e89,0x2149a6d25308
0x401e1b,0xfc47cbc81c40
0x401804,0x2149a6d2cd88
0x401d8b,0x2149a6d25718
0x401dc9,0xfc47cbc91c48
0x401dc9,0xfc47cbc91e28
0x401e89,0x2149a6d25a88
0x401e31,0x2149a6d2d7a8
0x40176f,0xfc47cbc931e8
0x401cfb,0xfc47cbc93578
0x401804,0x2149a6d2e828
0x401e89,0x2149a6d27208
0x401e31,0x2149a6d2dfc8
0x401da0,0x309dcddb0fa0
0x401dc9,0xfc47cbc93d28
0x401da0,0x309dcddb25e0
0x401d8b,0x2149a6d27c58
0x401d8b,0x2149a6d27cf8
0x401804,0x2149a6d309a8
0x401da0,0x309dcddb2ea0
0x40185c,0x2149a6d30f80
0x401d8b,0x2149a6d298d8
0x401ea1,0x309dcddb4710
0x40185c,0x2149a6d325c0
0x401d8b,0x2149a6d2b558
0x401e31,0x2149a6d33548
0x401804,0x2149a6d32ee8
0x40185c,0x2149a6d32e80
0x401ea1,0x309dcddb6750
0x401e47,0x309dcddbe510
0x401e89,0x2149a6d2bc88
0x401cfb,0xfc47cbc99138
0x401804,0x2149a6d34708
0x401e47,0x309dcddbebf0
0x401e31,0x2149a6d35128
0x401e31,0x2149a6d35268
0x401e47,0x309dcddc0190
0x40187e,0x2149a6d34f80
0x40170a,0xfc47cbc99f98
0x401e1b,0xfc47cbc8b380
0x401804,0x2149a6d36428
0x401ed1,0x309dcddb8980
0x401e47,0x309dcddc09b0
0x401804,0x2149a6d36748
0x401e47,0x309dcddc0d70
0x401ed1,0x309dcddb8fc0
0x40187e,0x2149a6d36c00
0x401dc9,0xfc47cbc9bd88
0x401ed1,0x309dcddba4c0
0x401dc9,0xfc47cbc9bf68
0x401e47,0x309dcddc2770
0x401e1b,0xfc47cbc8d780
0x401e31,0x2149a6d39108
0x401e89,0x2149a6d31348
0x40182a,0x2149a6d38980
0x401d8b,0x2149a6d31398
0x401cfb,0xfc47cbc9dc58
0x40182a,0x2149a6d38fc0
0x401ed1,0x309dcddbc500
0x401d8b,0x2149a6d31c58
0x401d8b,0x2149a6d31e38
0x40182a,0x2149a6d3a4c0
0x401d8b,0x2149a6d331f8
0x401e47,0x309dcddc6390
0x401cfb,0xfc47cbca10f8
0x401d8b,0x2149a6d33d38
0x401cfb,0xfc47cbca1198
0x40182a,0x2149a6d3c500
0x401ea1,0x309dcddbed50
0x401dc9,0xfc47cbca1c68
0x40170a,0xfc47cbca3138
0x40172e,0x309dcddc08e0
0x401804,0x2149a6d3e528
0x40176a,0x2149a6d3ebc0
0x401804,0x2149a6d3ed48
0x4017d0,0x309dcddc23d0
0x401804,0x2149a6d401a8
0x401748,0xfc47cbc95100
0x401748,0xfc47cbc95240
0x40176f,0xfc47cbca5108
0x401736,0x2149a6d408c0
0x40176a,0x2149a6d40980
0x4017a3,0x2149a6d410c8
0x40170a,0xfc47cbca5718
0x40176a,0x2149a6d40d40
0x401796,0x309dcddcc1d0
0x401804,0x2149a6d423c8
0x4017d0,0x309dcddc47d0
0x4017e0,0x2149a6d39f88
0x40176f,0xfc47cbca7288
0x40176a,0x2149a6d42740
0x4017a3,0x2149a6d43108
0x401796,0x309dcddccdb0
0x40176f,0xfc47cbca7a08
0x40170a,0xfc47cbca7cf8
0x40170a,0xfc47cbca7c58
0x4017d0,0x309dcddc6590
0x40173b,0x2149a6d3bd98
0x40173b,0x2149a6d3bf78
0x401804,0x2149a6d447c8
0x4017a3,0x2149a6d45328
0x40170a,0xfc47cbca98d8
0x4017e0,0x2149a6d3dc48
0x401804,0x2149a6d463a8
0x4017a3,0x2149a6d45aa8
0x401804,0x2149a6d46588
0x40176f,0xfc47cbcab3a8
0x4017b0,0x309dcddc8b80
0x40170a,0xfc47cbcab558
0x4017a3,0x2149a6d47228
0x4017a3,0x2149a6d47cc8
0x4017e0,0x2149a6d41188
0x401705,0x2149a6d48b80
0x4017d0,0x309dcddcc650
0x40173b,0x2149a6d41c78
0x401796,0x309dcddd4730
0x40176f,0x28d7cf3f1388
0x40170a,0x28d7cf3f1358
0x40176f,0x28d7cf3f1c48
0x40176f,0x28d7cf3f1e28
0x401804,0x2149a6d4c1e8
0x40176f,0x28d7cf3f31e8
0x401796,0x309dcddd6770
0x40172e,0x309dcddce820
0x401804,0x2149a6d4c648
0x4017a3,0x2149a6d4bca8
0x40173b,0x2149a6d45118
0x40170a,0x28d7cf3f3578
0x40187e,0x2149a6d4cd80
0x4017e0,0x2149a6d45708
0x401dc9,0x28d7cf3f3d28
0x401da0,0x309dcddd09a0
0x401e47,0x309dcddd8990
0x40185c,0x2149a6d4e800
0x401d8b,0x2149a6d47298
0x401ea1,0x309dcddd0f90
0x401e47,0x309dcddd8fd0
0x401ea1,0x309dcddd25d0
0x401d8b,0x2149a6d47a18
0x401e47,0x309dcddda4d0
0x401e89,0x2149a6d47c48
0x401e1b,0xfc47cbca5300
0x401ea1,0x309dcddd2e90
0x40185c,0x2149a6d50980
0x401da0,0x309dcddd2ee0
0x401e1b,0xfc47cbca5a80
0x401e31,0x2149a6d51368
0x401e89,0x2149a6d498c8
0x401804,0x2149a6d50f88
0x401e47,0x309dcdddc510
0x401e1b,0xfc47cbca7200
0x401cfb,0x28d7cf3f9138
0x401804,0x2149a6d525c8
0x401e31,0x2149a6d51e08
0x401e31,0x2149a6d531c8
0x401d8b,0x2149a6d4b3b8
0x401ed1,0x309dcddd4f80
0x401e89,0x2149a6d4b548
0x401804,0x2149a6d52e88
0x40185c,0x2149a6d52ec0
0x401da0,0x309dcddd6420
0x401cfb,0x28d7cf3f9f98
0x401e31,0x2149a6d53d08
0x40187e,0x2149a6d54700
0x401ed1,0x309dcddd6c00
0x401e47,0x309dcddded70
0x401d8b,0x2149a6d4d7b8
0x401dc9,0x28d7cf3fbd88
0x40182a,0x2149a6d54f80
0x401dc9,0x28d7cf3fbf68
0x40185c,0x2149a6d56400
0x40187e,0x2149a6d56740
0x401d8b,0x2149a6d4dfd8
0x40182a,0x2149a6d56c00
0x401e1b,0xfc47cbcabc80
0x401cfb,0x28d7cf3fdc58
0x401e47,0x309dcdde23f0
0x401804,0x2149a6d589a8
0x401e89,0x2149a6d51388
0x401804,0x2149a6d58fe8
0x401e89,0x2149a6d51c48
0x401cfb,0x28d7cf4010f8
0x401e47,0x309dcdde47f0
0x401cfb,0x28d7cf401198
0x401804,0x2149a6d5a4e8
0x401e31,0x2149a6d59fa8
0x401d8b,0x2149a6d53558
0x401dc9,0x28d7cf401c68
0x401da0,0x309dcddde520
0x401e47,0x309dcdde65b0
0x401cfb,0x28d7cf403138
0x401804,0x2149a6d5c528
0x401ed1,0x309dcdddebc0
0x401e31,0x2149a6d5bf48
0x401d8b,0x2149a6d55138
0x401d8b,0x2149a6d55278
0x401da0,0x309dcdde01a0
0x401e1b,0x28d7cf3f5100
0x401e1b,0x28d7cf3f5240
0x401dc9,0x28d7cf405108
0x401ea1,0x309dcdde08d0
0x401e31,0x2149a6d5dc68
0x401ed1,0x309dcdde0980
0x40185c,0x2149a6d5e500
0x401e47,0x309dcdde8b90
0x401ed1,0x309dcdde0d40
0x401cfb,0x28d7cf405718
0x40182a,0x2149a6d5ebc0
0x40187e,0x2149a6d5ed40
0x40185c,0x2149a6d60180
0x401ed1,0x309dcdde2740
0x401dc9,0x28d7cf407288
0x401d8b,0x2149a6d59118
0x401804,0x2149a6d608c8
0x401e31,0x2149a6d611a8
0x40182a,0x2149a6d60980
0x401dc9,0x28d7cf407a08
0x40182a,0x2149a6d60d40
0x401cfb,0x28d7cf407c58
0x401cfb,0x28d7cf407cf8
0x401e47,0x309dcddec670
0x40187e,0x2149a6d623c0
0x401e31,0x2149a6d61c48
0x40182a,0x2149a6d62740
0x401cfb,0x28d7cf4098d8
0x401da0,0x309dcdde63a0
0x401e89,0x2149a6d5bd88
0x401dc9,0x28d7cf40b3a8
0x401cfb,0x28d7cf40b558
0x40176a,0x2149a6d647c0
0x401e31,0x2149a6d65728
0x40185c,0x2149a6d66380
0x40187e,0x2149a6d66580
0x401dc9,0x28d7cf40d7a8
0x401e47,0x309dcddf0fb0
0x401dc9,0x28d7cf40dfc8
0x401e47,0x309dcddf25f0
0x401e31,0x2149a6d67c68
0x401d8b,0x2149a6d610d8
0x401e47,0x309dcddf2eb0
0x401804,0x2149a6d68ba8
0x401da0,0x309dcddec1e0
0x401e31,0x2149a6d698e8
0x401d8b,0x2149a6d63118
0x401ed1,0x309dcddecd80
0x401e31,0x2149a6d6b388
0x401e47,0x309dcddf4f90
0x401e31,0x2149a6d6b568
0x401ea1,0x309dcddee810
0x401861,0x2149a6d6c1c8
0x40176a,0x2149a6d6c640
0x4017e0,0x2149a6d65108
0x401e47,0x309dcddf6c10
0x401d8b,0x2149a6d65338
0x40182a,0x2149a6d6cd80
0x401e31,0x2149a6d6d788
0x401d8b,0x2149a6d65ab8
0x401cfb,0xab8966ef9fb8
0x401e1b,0x28d7cf405300
0x401ea1,0x309dcddf0990
0x401804,0x2149a6d6e808
0x401e89,0x2149a6d67288
0x401d8b,0x2149a6d67238
0x401e1b,0x28d7cf405a80
0x401dc9,0xab8966efbda8
0x401e89,0x2149a6d67a08
0x401cfb,0xab8966efbf58
0x401e1b,0x28d7cf407200
0x401d8b,0x2149a6d67cd8
0x401ea1,0x309dcddf2ed0
0x401804,0x2149a6d70988
0x401e31,0x2149a6d713a8
0x401cfb,0xab8966efdc78
0x40187e,0x2149a6d70f80
0x401ed1,0x309dcddf4700
0x401e31,0x2149a6d71c68
0x40187e,0x2149a6d725c0
0x401cfb,0xc48ca8ffc538
0x401ea1,0x309dcddf6410
0x401804,0x2149a6d72ec8
0x40187e,0x2149a6d72e80
0x401ed1,0x309dcddf6740
0x401d8b,0x2149a6d6bcb8
0x401dc9,0xc48ca8ffe508
0x40182a,0x2149a6d74700
0x401e47,0x309dcddfebd0
0x401e31,0x2149a6d75108
0x401e31,0x2149a6d75248
0x401e1b,0x28d7cf40bc80
0x401dc9,0xc48ca8ffebe8
0x401804,0x2149a6d74fa8
0x401dc9,0xc48ca9000188
0x401804,0x2149a6d76408
0x401da0,0x309dcddf89a0
0x401e47,0x309dcde008f0
0x401e89,0x2149a6d6dfc8
0x401e47,0x309dcde00990
0x40182a,0x2149a6d76740
0x401e47,0x309dcde00d50
0x401da0,0x309dcddf8fe0
0x401cfb,0xc48ca90008d8
0x401dc9,0xc48ca90009a8
0x401804,0x2149a6d76c28
0x401dc9,0xc48ca9000d68
0x401da0,0x309dcddfa4e0
0x401e47,0x309dcde02750
0x401dc9,0xc48ca9002768
0x40185c,0x2149a6d78980
0x401d8b,0x2149a6d71378
0x40185c,0x2149a6d78fc0
0x401da0,0x309dcddfc520
0x401d8b,0x2149a6d71e18
0x40185c,0x2149a6d7a4c0
0x401d8b,0x2149a6d731d8
0x401e89,0x2149a6d73548
0x401ea1,0x309dcddfe510
0x401e1b,0xab8966ef9100
0x40173b,0x2149a6d73d18
0x40185c,0x2149a6d7c500
0x401dc9,0xc48ca9006388
0x401e31,0x2149a6d7bda8
0x401ed1,0x309dcddfed40
0x401ea1,0x309dcde00190
0x401804,0x2149a6d7e508
0x401804,0x2149a6d7ebe8
0x40182a,0x2149a6d7ed40
0x401cfb,0xc48ca9008bb8
0x401ed1,0x309dcde023c0
0x401804,0x2149a6d80188
0x401e89,0x2149a6d79108
0x40187e,0x2149a6d808c0
0x401804,0x2149a6d809a8
0x401804,0x2149a6d80d68
0x401ed1,0x309dcde047c0
0x401dc9,0xc48ca900c1c8
0x40182a,0x2149a6d823c0
0x401d8b,0x2149a6d79fb8
0x401804,0x2149a6d82768
0x401e47,0x309dcde0cd90
0x401ea1,0x309dcde06390
0x401dc9,0xc48ca900cda8
0x401ed1,0x309dcde06580
0x401e47,0x309dcde0e830
0x401d8b,0x2149a6d7bf58
0x40182a,0x2149a6d847c0
0x401e31,0x2149a6d85128
0x401cfb,0xc48ca900e818
0x401e31,0x2149a6d85308
0x401e1b,0xc48ca8ffed40
0x401e31,0x2149a6d85a88
0x401804,0x2149a6d86388
0x401d8b,0x2149a6d7dc78
0x40182a,0x2149a6d86580
0x401e47,0x309dcde109b0
0x401da0,0x309dcde08ba0
0x401e31,0x2149a6d87208
0x401e31,0x2149a6d872a8
0x401cfb,0xc48ca9010998
0x401e31,0x2149a6d87a28
0x401e1b,0xc48ca90023c0
0x401e89,0x2149a6d810c8
0x401d8b,0x2149a6d811b8
0x401e47,0x309dcde12ef0
0x40185c,0x2149a6d88b80
0x401ea1,0x309dcde0c1d0
0x401ed1,0x309dcde0c640
0x401cfb,0xc48ca9012ed8
0x401e47,0x309dcde14710
0x401d8b,0x2149a6d81c58
0x401e89,0x2149a6d83108
0x401e1b,0xc48ca90047c0
0x401dc9,0xc48ca9014728
0x401804,0x2149a6d8c1c8
0x401e47,0x309dcde16430
0x401cfb,0xc48ca9014fb8
0x401e47,0x309dcde16750
0x401e31,0x2149a6d8bc88
0x401e1b,0xc48ca9006580
0x40182a,0x2149a6d8c640
0x401cfb,0xc48ca9016418
0x401dc9,0xc48ca9016768
0x401804,0x2149a6d8cda8
0x401d8b,0x2149a6d85738
0x401cfb,0xc48ca9016c38
0x40187e,0x2149a6d8e800
0x401e31,0x2149a6d8dfe8
0x401ed1,0x309dcde10f80
0x401dc9,0xc48ca9018988
0x401ed1,0x309dcde125c0
0x401dc9,0xc48ca9018fc8
0x401e89,0x2149a6d87cc8
0x401d8b,0x2149a6d87c78
0x401dc9,0xc48ca901a4c8
0x401ed1,0x309dcde12e80
0x40187e,0x2149a6d90980
0x401e31,0x2149a6d91348
0x40182a,0x2149a6d90f80
0x401d8b,0x2149a6d898f8
0x40182a,0x2149a6d925c0
0x401e1b,0xc48ca900c640
0x401dc9,0xc48ca901c508
0x401da0,0x309dcde14fa0
0x401d8b,0x2149a6d8b398
0x401d8b,0x2149a6d8b578
0x40176a,0x2149a6d92ec0
0x401e31,0x2149a6d93568
0x401705,0x2149a6d92e80
0x401e47,0x309dcde1e530
0x401804,0x2149a6d94728
0x401da0,0x309dcde16c20
0x401cfb,0xc48ca901e518
0x401e47,0x309dcde1ed50
0x401e47,0x309dcde201b0
0x401cfb,0xc48ca901ebf8
0x401d8b,0x2149a6d8d798
0x401dc9,0xc48ca901ed68
0x40185c,0x2149a6d94f80
0x401ea1,0x309dcde18990
0x40187e,0x2149a6d96400
0x401cfb,0xc48ca9020198
0x401804,0x2149a6d96768
0x401ea1,0x309dcde18fd0
0x401cfb,0xc48ca90209b8
0x40185c,0x2149a6d96c00
0x401ea1,0x309dcde1a4d0
0x401e1b,0xc48ca9010f80
0x401cfb,0xc48ca9020d78
0x401e47,0x309dcde223d0
0x401dc9,0xc48ca90223e8
0x401e1b,0xc48ca90125c0
0x401804,0x2149a6d98988
0x401e31,0x2149a6d99128
0x401cfb,0xc48ca9022778
0x401d8b,0x2149a6d913b8
0x401e1b,0xc48ca9012e80
0x401ea1,0x309dcde1c510
0x401804,0x2149a6d98fc8
0x401d8b,0x2149a6d91c78
0x401e89,0x2149a6d91e08
0x401e47,0x309dcde247d0
0x401804,0x2149a6d9a4c8
0x401e31,0x2149a6d99f88
0x401e89,0x2149a6d931c8
0x401dc9,0xc48ca90247e8
0x401e47,0x309dcde263b0
0x401e47,0x309dcde26590
0x401e89,0x2149a6d93d08
0x401804,0x2149a6d9c508
0x401cfb,0xc48ca9026398
0x401da0,0x309dcde1ebe0
0x401dc9,0xc48ca90265a8
0x401d8b,0x2149a6d95118
0x401d8b,0x2149a6d95258
0x401ed1,0x309dcde208c0
0x401e31,0x2149a6d9dc48
0x401da0,0x309dcde209a0
0x40187e,0x2149a6d9e500
0x401da0,0x309dcde20d60
0x40185c,0x2149a6d9ebc0
0x401804,0x2149a6d9ed68
0x401dc9,0xc48ca9028b88
0x40187e,0x2149a6da0180
0x401da0,0x309dcde22760
0x40182a,0x2149a6da08c0
0x401e31,0x2149a6da10e8
0x401e31,0x2149a6da1188
0x40185c,0x2149a6da0980
0x401861,0x2149a6da0d48
0x401e47,0x309dcde2c1f0
0x401e47,0x309dcde2c650
0x401804,0x2149a6da23e8
0x401cfb,0xc48ca902c1d8
0x40185c,0x2149a6da2740
0x401dc9,0xc48ca902c668
0x401e31,0x2149a6da3128
0x401cfb,0xc48ca902cdb8
0x401d8b,0x2149a6d9bdb8
0x401e89,0x2149a6d9bf48
0x401804,0x2149a6da47e8
0x401e31,0x2149a6da5708
0x40187e,0x2149a6da6380
0x401804,0x2149a6da65a8
0x401ea1,0x309dcde28b90
0x401e1b,0xc48ca90208c0
0x401e47,0x309dcde30f90
0x401dc9,0xc48ca9030fa8
0x401e47,0x309dcde325d0
0x401e31,0x2149a6da7c48
0x401e31,0x2149a6da7ce8
0x401dc9,0xc48ca90325e8
0x401e47,0x309dcde32e90
0x401804,0x2149a6da8b88
0x401dc9,0xc48ca9032ea8
0x401e89,0x2149a6da1c48
0x40182a,0x5115330c23c0
0x401804,0x5115330c2768
0x401da0,0x309dcde2cda0
0x401cfb,0xc48ca9034738
0x401dc9,0xc48ca9034f88
0x401ed1,0x309dcde2e800
0x40182a,0x5115330c47c0
0x401d8b,0x2149a6da5138
0x401e31,0x5115330c5128
0x401cfb,0xc48ca9036778
0x401d8b,0x2149a6da5318
0x401e31,0x5115330c5308
0x401dc9,0xc48ca9036c08
0x401d8b,0x2149a6da5a98
0x401e31,0x5115330c5a88
0x401804,0x5115330c6388
0x401ed1,0x309dcde30980
0x40182a,0x5115330c6580
0x401e47,0x309dcde389b0
0x401d8b,0x2149a6da7218
0x401d8b,0x2149a6da72b8
0x401e31,0x5115330c7208
0x401e31,0x5115330c72a8
0x401cfb,0xc48ca9038998
0x401e47,0x309dcde38ff0
0x401d8b,0x2149a6da7a38
0x401e47,0x309dcde3a4f0
0x401cfb,0xc48ca9038fd8
0x401e31,0x5115330c7a28
0x401e89,0x5115330c10c8
0x401cfb,0xc48ca903a4d8
0x401d8b,0x5115330c11b8
0x401ed1,0x309dcde32ec0
0x40185c,0x5115330c8b80
0x401e47,0x309dcde3c530
0x401da0,0x309dcde34720
0x401d8b,0x5115330c1c58
0x401e89,0x5115330c3108
0x401cfb,0xc48ca903c518
0x4017d0,0x309dcde34f90
0x401ed1,0x309dcde36400
0x401804,0x5115330cc1c8
0x401da0,0x309dcde36760
0x401e31,0x5115330cbc88
0x401ea1,0x309dcde36c10
0x40182a,0x5115330cc640
0x401e1b,0xc48ca902e800
0x401dc9,0xc48ca903ebc8
0x401804,0x5115330ccda8
0x401d8b,0x5115330c5738
0x401cfb,0xc48ca903ed78
0x401e47,0x309dcde408d0
0x401e31,0x5115330cdfe8
0x40187e,0x5115330ce800
0x401e1b,0xc48ca9030980
0x401dc9,0xc48ca90408e8
0x401dc9,0xc48ca9040988
0x401dc9,0xc48ca9040d48
0x401e89,0x5115330c7cc8
0x401d8b,0x5115330c7c78
0x401cfb,0xc48ca90423f8
0x401dc9,0xc48ca9042748
0x40187e,0x5115330d0980
0x401e31,0x5115330d1348
0x401e1b,0xc48ca9032ec0
0x40182a,0x5115330d0f80
0x401d8b,0x5115330c98f8
0x40187e,0xe2032d899100
0x401cfb,0xc48ca90447f8
0x401d8b,0x5115330cb398
0x401d8b,0x5115330cb578
0x401e31,0xe2032d89a4c8
0x401804,0xe2032d899fa8
0x401ed1,0x309dcde3e500
0x401e1b,0xc48ca9036400
0x401ea1,0x309dcde3ebd0
0x401cfb,0xc48ca90465b8
0x401da0,0x309dcde3ed60
0x401ed1,0x309dcde40180
0x401e31,0xe2032d89c508
0x40182a,0xe2032d89bd80
0x401d8b,0x5115330cd798
0x401804,0xe2032d89bf48
0x401ea1,0x309dcde40990
0x401ea1,0x309dcde40d50
0x401e47,0x309dcde48bb0
0x401804,0xe2032d89dc68
0x401cfb,0xc48ca9048b98
0x401da0,0x309dcde423e0
0x401e31,0x66598a7509a8
0x401ea1,0x309dcde42750
0x401804,0x66598a751348
0x40185c,0x66598a751380
0x401d8b,0x5115330d13b8
0x40185c,0x66598a751c40
0x40182a,0x66598a751e00
0x40182a,0x66598a7531c0
0x401da0,0x309dcde447e0
0x401d8b,0x5115330d1c78
0x401e47,0x79e62eca5730
0x401e89,0x5115330d1e08
0x401804,0x66598a753568
0x4017a3,0x66598a752ee8
0x401cfb,0xc48ca904c678
0x40182a,0x66598a753d00
0x401ed1,0x309dcde46380
0x401dc9,0xc48ca904cd88
0x401e31,0x66598a754708
0x401da0,0x309dcde465a0
0x40187e,0x66598a755100
0x40187e,0x66598a755240
0x401e1b,0xc48ca903e500
0x401e47,0x79e62eca7c70
0x401dc9,0xc48ca904e828
0x401e31,0x66598a756428
0x401e31,0x66598a756748
0x401e1b,0xc48ca9040180
0x401e47,0x79e62eca98f0
0x401dc9,0xc48ca90509a8
0x401da0,0x79e62eca3120
0x401e47,0x79e62ecab390
0x401804,0x66598a759128
0x401e47,0x79e62ecab570
0x401cfb,0xc48ca9050fb8
0x401d8b,0x66598a750fb8
0x401cfb,0xc48ca90525f8
0x401ea1,0x79e62eca5110
0x401d8b,0x66598a7525f8
0x401ed1,0x79e62eca5300
0x401804,0x66598a759f88
0x401dc9,0xc48ca9052ee8
0x401cfb,0xc48ca9052eb8
0x401e47,0x79e62ecad790
0x40173b,0x66598a752eb8
0x4017b0,0x79e62eca5a80
0x401dc9,0xc48ca9054708
0x401ea1,0x79e62eca7290
0x401ed1,0x79e62eca7200
0x40185c,0x66598a75bd80
0x40182a,0x66598a75bf40
0x401cfb,0xc48ca9054f98
0x401e1b,0xc48ca9046380
0x401ea1,0x79e62eca7a10
0x401dc9,0xc48ca9056428
0x401d8b,0x66598a754f98
0x401da0,0x79e62eca7ce0
0x401dc9,0xc48ca9056748
0x401804,0x66598a75dc48
0x401e31,0x66598a75e528
0x401cfb,0xc48ca9056c18
0x401e47,0x79e62ecb13b0
0x401d8b,0x66598a756c18
0x401e31,0x66598a75ed48
0x401e47,0x79e62ecb1c70
0x401e31,0x66598a7601a8
0x401e89,0x66598a758988
0x401804,0x66598a7610e8
0x401804,0x66598a761188
0x401e89,0x66598a758fc8
0x401ed1,0x79e62ecabc80
0x401e89,0x66598a75a4c8
0x401e31,0x66598a7623c8
0x40182a,0x66598a761c40
0x401e47,0x79e62ecb5110
0x401e47,0x79e62ecb5250
0x401804,0x66598a763128
0x401e1b,0xc48ca904c1c0
0x401ea1,0x79e62ecadfd0
0x401e89,0x66598a75c508
0x401e31,0x66598a7647c8
0x40185c,0x66598a765100
0x40187e,0x66598a765300
0x401804,0x66598a765708
0x401dc9,0xc48ca905e528
0x40187e,0x66598a765a80
0x401e31,0x66598a7663a8
0x401e31,0x66598a766588
0x401cfb,0xc48ca905ebd8
0x401ed1,0x79e62ecb1340
0x401dc9,0xc48ca905ed48
0x40187e,0x66598a767200
0x40185c,0x66598a767280
0x401dc9,0xc48ca90601a8
0x401d8b,0x66598a75ebd8
0x401da0,0x79e62ecb1e20
0x40185c,0x66598a767a00
0x401cfb,0xc48ca90608f8
0x401804,0x66598a767c48
0x401cfb,0xc48ca9060998
0x401da0,0x79e62ecb31e0
0x401804,0x66598a767ce8
0x401ea1,0x79e62ecb3550
0x401cfb,0xc48ca9060d58
0x401d8b,0x66598a7608f8
0x401d8b,0x66598a760998
0x401d8b,0x66598a760d58
0x401dc9,0xc48ca90623c8
0x401da0,0x79e62ecb3d20
0x401804,0x66598a7698c8
0x401cfb,0xc48ca9062758
0x401e47,0x79e62ecbbdb0
0x401d8b,0x66598a762758
0x40182a,0x66598a76b380
0x401804,0x66598a76b548
0x401dc9,0xc48ca90647c8
0x401e31,0x66598a76c1e8
0x40187e,0x66598a76bc80
0x401e31,0x66598a76c648
0x401dc9,0xc48ca90663a8
0x401dc9,0xc48ca9066588
0x40182a,0x66598a76d780
0x401ea1,0x79e62ecb9110
0x40185c,0x66598a76dfc0
0x401e1b,0xc48ca9058980
0x401ed1,0x79e62ecb9f80
0x401e1b,0xc48ca9058fc0
0x401e89,0x66598a768b88
0x401804,0x66598a771388
0x40187e,0x66598a771340
0x401e1b,0xc48ca905a4c0
0x401e31,0x66598a770f88
0x401da0,0x79e62ecbbf60
0x401804,0x66598a771c48
0x401e47,0x79e62ecc5130
0x401804,0x66598a771e28
0x401e31,0x66598a7725c8
0x401e47,0x79e62ecc5310
0x401804,0x66598a7731e8
0x401dc9,0xc48ca906c1e8
0x401e1b,0xc48ca905c500
0x40185c,0x66598a773540
0x401e31,0x66598a772e88
0x401e47,0x79e62ecc5a90
0x401ed1,0x79e62ecbdc40
0x401dc9,0xc48ca906c648
0x401804,0x66598a773d28
0x401e47,0x79e62ecc7210
0x401e47,0x79e62ecc72b0
0x401cfb,0xc48ca906cd98
0x40182a,0x66598a775100
0x40182a,0x66598a775240
0x401d8b,0x66598a76cd98
0x401e47,0x79e62ecc7a30
0x401cfb,0xc48ca906e838
0x401ea1,0x79e62ecc10d0
0x401ed1,0x79e62ecc1180
0x401d8b,0x66598a76e838
0x401da0,0x79e62ecc1c60
0x401ea1,0x79e62ecc3110
0x401cfb,0xc48ca90709b8
0x401d8b,0x66598a7709b8
0x401dc9,0xc48ca9070f88
0x40185c,0x66598a779100
0x401e31,0x66598a7789a8
0x401dc9,0xc48ca90725c8
0x401e31,0x66598a778fe8
0x401e47,0x79e62eccbc90
0x401e31,0x66598a77a4e8
0x40187e,0x66598a779f80
0x401dc9,0xc48ca9072e88
0x401cfb,0xc48ca9072ef8
0x401ed1,0x79e62ecc5700
0x401d8b,0x66598a772ef8
0x401cfb,0xc48ca9074718
0x401e47,0x79e62eccdff0
0x401804,0x66598a77bd88
0x401e31,0x66598a77c528
0x401d8b,0x66598a774718
0x401804,0x66598a77bf68
0x401e89,0x66598a774f88
0x401cfb,0xc48ca9076438
0x401ea1,0x79e62ecc7cd0
0x401ed1,0x79e62ecc7c40
0x401cfb,0xc48ca9076758
0x401d8b,0x66598a776438
0x40187e,0x66598a77dc40
0x401d8b,0x66598a776758
0x401e47,0x79e62ecd1350
0x401e89,0x66598a776c08
0x401ed1,0x79e62ecc98c0
0x401e1b,0xc48ca9068b80
0x401dc9,0xc48ca90789a8
0x401da0,0x79e62eccb3a0
0x401ed1,0x79e62eccb540
0x40185c,0x66598a7810c0
0x401e31,0x66598a7808c8
0x401e47,0x79e62ecd3570
0x40187e,0x66598a781180
0x401dc9,0xc48ca9078fe8
0x401dc9,0xc48ca907a4e8
0x401804,0x66598a781c68
0x40185c,0x66598a783100
0x401da0,0x79e62eccd7a0
0x401dc9,0xc48ca907c528
0x401804,0x66598a785108
0x40182a,0x66598a785300
0x40187e,0x66598a785700
0x401cfb,0xc48ca907e538
0x40182a,0x66598a785a80
0x401d8b,0x66598a77e538
0x401e47,0x79e62ecd9130
0x401ed1,0x79e62ecd1380
0x401cfb,0xc48ca907ed58
0x401e89,0x66598a77ebc8
0x40182a,0x66598a787200
0x401804,0x66598a787288
0x401cfb,0xc48ca90801b8
0x401d8b,0x66598a77ed58
0x401ed1,0x79e62ecd1c40
0x401ea1,0x79e62ecd1e10
0x401d8b,0x66598a7801b8
0x401804,0x66598a787a08
0x401dc9,0xc48ca90808c8
0x401ea1,0x79e62ecd31d0
0x401e47,0x79e62ecd9f90
0x40187e,0x66598a787c40
0x40185c,0x66598a787cc0
0x401e89,0x66598a780988
0x401e89,0x66598a780d48
0x401e31,0x66598a788ba8
0x401cfb,0xc48ca90823d8
0x401ea1,0x79e62ecd3d10
0x40187e,0x66598a7898c0
0x401d8b,0x66598a7823d8
0x40172e,0x79e62ecd5120
0x401da0,0x79e62ecd5260
0x401e89,0x66598a782748
0x401804,0x66598a78b3a8
0x40187e,0x66598a78b540
0x401e47,0x79e62ecddc50
0x401cfb,0xc48ca90847d8
0x40182a,0x66598a78bc80
0x401d8b,0x66598a7847d8
0x401e1b,0xc48ca9074f80
0x401cfb,0xc48ca90863b8
0x401804,0x66598a78d7a8
0x401cfb,0xc48ca9086598
0x401d8b,0x66598a7863b8
0x401e1b,0xc48ca9076c00
0x401d8b,0x66598a786598
0x401e47,0x79e62ece10f0
0x401e47,0x79e62ece1190
0x401804,0x66598a78dfc8
0x401e31,0x66598a78e808
0x401e47,0x79e62ece3130
0x401dc9,0xc48ca9088ba8
0x401e31,0x66598a790988
0x40187e,0x66598a791380
0x40182a,0x66598a791340
0x401ed1,0x79e62ecdbd80
0x401ea1,0x79e62ecdbf50
0x40187e,0x66598a791c40
0x40185c,0x66598a791e00
0x40185c,0x66598a7931c0
0x401e47,0x79e62ece5710
0x401cfb,0xc48ca908c1f8
0x401804,0x66598a793548
0x401e31,0x66598a792ec8
0x401cfb,0xc48ca908c658
0x401d8b,0x66598a78c1f8
0x40185c,0x66598a793d00
0x401d8b,0x66598a78c658
0x401804,0x66598a795128
0x401804,0x66598a795268
0x401e89,0x66598a78cd88
0x401e31,0x66598a794fa8
0x401e47,0x79e62ece7c50
0x401e47,0x79e62ece7cf0
0x401dc9,0xc48ca908e808
0x401e1b,0xc48ca907ebc0
0x401e31,0x66598a796408
0x401e31,0x66598a796c28
0x401e47,0x79e62ece98d0
0x401ea1,0x79e62ece1c50
0x401e1b,0xc48ca9080980
0x401dc9,0xc48ca9090988
0x401e1b,0xc48ca9080d40
0x401804,0x66598a799108
0x401e47,0x79e62eceb550
0x401cfb,0xc48ca9090f98
0x401d8b,0x66598a790f98
0x401e1b,0xc48ca9082740
0x401cfb,0xc48ca90925d8
0x401ed1,0x79e62ece5100
0x401d8b,0x66598a7925d8
0x401da0,0x79e62ece5320
0x40182a,0x66598a799f80
0x401dc9,0xc48ca9092ec8
0x401cfb,0xc48ca9092e98
0x401d8b,0x66598a792e98
0x401da0,0x79e62ece5aa0
0x401da0,0x79e62ece7220
0x401e89,0x66598a794708
0x40187e,0x66598a79bd80
0x401ed1,0x79e62ece7280
0x40185c,0x66598a79bf40
0x401dc9,0xc48ca9094fa8
0x401ed1,0x79e62ece7a00
0x401dc9,0xc48ca9096408
0x40182a,0x66598a79dc40
0x401e31,0x66598a79e508
0x401e89,0x66598a796748
0x401dc9,0xc48ca9096c28
0x401e47,0x79e62ecf1390
0x401e31,0x66598a79ebe8
0x401e47,0x79e62ecf1c50
0x401e31,0x66598a7a0188
0x401e47,0x79e62ecf1e30
0x401cfb,0xc48ca90989b8
0x401ea1,0x79e62eceb390
0x401e47,0x79e62ecf31f0
0x401804,0x66598a7a10c8
0x401d8b,0x66598a7989b8
0x40182a,0x66598a7a1180
0x401e31,0x66598a7a09a8
0x401cfb,0xc48ca9098ff8
0x401e31,0x66598a7a0d68
0x401d8b,0x66598a798ff8
0x40170a,0xc48ca909a4f8
0x40172e,0x79e62ecebca0
0x401e47,0x79e62ecf3d30
0x401d8b,0x66598a79a4f8
0x401861,0x66598a7a1c48
0x401e31,0x66598a7a2768
0x401804,0x66598a7a3108
0x401ea1,0x79e62eced790
0x401cfb,0xc48ca909c538
0x401ed1,0x79e62ecedfc0
0x401d8b,0x66598a79c538
0x401e1b,0xc48ca908cd80
0x40187e,0x66598a7a5100
0x401804,0x66598a7a5328
0x401dc9,0xc48ca909e508
0x40182a,0x66598a7a5700
0x401804,0x66598a7a5aa8
0x401e31,0x66598a7a6388
0x401da0,0x79e62ecf1360
0x401dc9,0xc48ca909ebe8
0x401804,0x66598a7a7228
0x40187e,0x66598a7a7280
0x401dc9,0xc48ca90a0188
0x401e89,0x66598a79ed48
0x40187e,0x66598a7a7a00
0x401dc9,0xc48ca90a09a8
0x401cfb,0xc48ca90a08d8
0x401804,0x66598a7a7cc8
0x40182a,0x66598a7a7c40
0x401dc9,0xc48ca90a0d68
0x401d8b,0x66598a7a08d8
0x401ed1,0x79e62ecf3540
0x40182a,0x66598a7a98c0
0x401dc9,0xc48ca90a2768
0x401e47,0x79e62ecfbd90
0x401e89,0x66598a7a23c8
0x401ea1,0x79e62ecf5110
0x401e47,0x79e62ecfbf70
0x401ea1,0x79e62ecf5250
0x40185c,0x66598a7ab380
0x40182a,0x66598a7ab540
0x401e1b,0xc48ca9094700
0x401e31,0x66598a7ac1c8
0x401804,0x66598a7abca8
0x401e89,0x66598a7a47c8
0x401e31,0x66598a7acda8
0x401dc9,0xc48ca90a6388
0x401e1b,0xc48ca9096740
0x40185c,0x66598a7ad780
0x401e89,0x66598a7a6588
0x401ed1,0x79e62ecf9100
0x40187e,0x66598a7adfc0
0x401e47,0x79e62ed01c70
0x401da0,0x79e62ecf9fa0
0x401cfb,0xc48ca90a8bb8
0x401d8b,0x66598a7a8bb8
0x401804,0x66598a7b1368
0x401705,0x66598a7b1380
0x40182a,0x66598a7b1c40
0x401e47,0x79e62ed05110
0x401804,0x66598a7b1e08
0x401804,0x66598a7b31c8
0x401dc9,0xc48ca90ac1c8
0x40187e,0x66598a7b3540
0x401da0,0x79e62ecfdc60
0x401e89,0x66598a7ac648
0x401804,0x66598a7b3d08
0x401e47,0x79e62ed07290
0x401e31,0x66598a7b4728
0x401dc9,0xc48ca90acda8
0x40185c,0x66598a7b5100
0x40185c,0x66598a7b5240
0x401e47,0x79e62ed07a10
0x401cfb,0xc48ca90ae818
0x401ed1,0x79e62ed010c0
0x401da0,0x79e62ed011a0
0x401e1b,0xc48ca909ed40
0x401d8b,0x66598a7ae818
0x401e31,0x66598a7b6768
0x401ed1,0x79e62ed03100
0x401cfb,0xc48ca90b0998
0x401e47,0x79e62ed0b3b0
0x401d8b,0x66598a7b0998
0x40187e,0x66598a7b9100
0x401e31,0x66598a7b8988
0x401748,0xc48ca90a23c0
0x401e89,0x66598a7b0f88
0x401e31,0x66598a7b8fc8
0x401e89,0x66598a7b25c8
0x401e31,0x66598a7ba4c8
0x401ea1,0x79e62ed05310
0x401804,0x66598a7b9fa8
0x401cfb,0xc48ca90b2ed8
0x401da0,0x79e62ed05720
0x401e47,0x79e62ed0d7b0
0x401e89,0x66598a7b2e88
0x401ea1,0x79e62ed05a90
0x401d8b,0x66598a7b2ed8
0x401e1b,0xc48ca90a47c0
0x401dc9,0xc48ca90b4728
0x401ea1,0x79e62ed07210
0x401e47,0x79e62ed0dfd0
0x401e31,0x66598a7bc508
0x40182a,0x66598a7bbd80
0x401804,0x66598a7bbf48
0x401cfb,0xc48ca90b4fb8
0x401e1b,0xc48ca90a6580
0x401d8b,0x66598a7b4fb8
0x401cfb,0xc48ca90b6418
0x401da0,0x79e62ed07c60
0x401ed1,0x79e62ed07cc0
0x401dc9,0xc48ca90b6768
0x401d8b,0x66598a7b6418
0x401804,0x66598a7bdc68
0x401cfb,0xc48ca90b6c38
0x401d8b,0x66598a7b6c38
0x401da0,0x79e62ed098e0
0x401e31,0x66598a7bed68
0x401dc9,0xc48ca90b8988
0x401da0,0x79e62ed0b560
0x40176a,0x66598a7c10c0
0x401804,0x66598a7c11a8
0x40176f,0xc48ca90b8fc8
0x401796,0x79e62ed13550
0x401dc9,0xc48ca90ba4c8
0x401ea1,0x79e62ed0bc90
0x401e31,0x66598a7c23e8
0x401804,0x66598a7c1c48
0x401e47,0x79e62ed15130
0x401e47,0x79e62ed15270
0x40187e,0x66598a7c3100
0x401e1b,0xc48ca90ac640
0x401dc9,0xc48ca90bc508
0x401e31,0x66598a7c47e8
0x40182a,0x66598a7c5100
0x40185c,0x66598a7c5300
0x401804,0x66598a7c5728
0x401cfb,0xc48ca90be518
0x40185c,0x66598a7c5a80
0x401d8b,0x66598a7be518
0x401ea1,0x79e62ed11350
0x401e47,0x79e62ed19110
0x401e31,0x66598a7c65a8
0x401da0,0x79e62ed113a0
0x401cfb,0xc48ca90bebf8
0x401dc9,0xc48ca90bed68
0x40185c,0x66598a7c7200
0x401d8b,0x66598a7bebf8
0x40182a,0x66598a7c7280
0x401cfb,0xc48ca90c0198
0x401da0,0x79e62ed11c60
0x401d8b,0x66598a7c0198
0x401ed1,0x79e62ed11e00
0x40182a,0x66598a7c7a00
0x401cfb,0xc48ca90c09b8
0x401804,0x66598a7c7c68
0x40187e,0x66598a7c7cc0
0x401ed1,0x79e62ed131c0
0x401e89,0x66598a7c08c8
0x40170a,0xc48ca90c0d78
0x401e1b,0xc48ca90b0f80
0x40173b,0x66598a7c09b8
0x401e31,0x66598a7c8b88
0x401d8b,0x66598a7c0d78
0x401dc9,0xc48ca90c23e8
0x401e1b,0xc48ca90b25c0
0x401ed1,0x79e62ed13d00
0x401804,0x66598a7c98e8
0x401cfb,0xc48ca90c2778
0x401d8b,0x66598a7c2778
0x401e1b,0xc48ca90b2e80
0x401804,0x66598a7cb388
0x401804,0x66598a7cb568
0x401dc9,0xc48ca90c47e8
0x40185c,0x66598a7cbc80
0x401e31,0x66598a7cc668
0x401cfb,0xc48ca90c6398
0x401804,0x66598a7cd788
0x401dc9,0xc48ca90c65a8
0x401d8b,0x66598a7c6398
0x401e47,0x79e62ed210d0
0x40182a,0x66598a7cdfc0
0x401ea1,0x79e62ed19f90
0x401dc9,0xc48ca90c8b88
0x401e47,0x79e62ed23110
0x401804,0x66598a7d13a8
0x40185c,0x66598a7d1340
0x401e31,0x66598a7d0fa8
0x401da0,0x79e62ed1bda0
0x401ed1,0x79e62ed1bf40
0x401804,0x66598a7d1c68
0x40187e,0x66598a7d1e00
0x401e31,0x66598a7d25e8
0x401e47,0x79e62ed25330
0x40187e,0x66598a7d31c0
0x401cfb,0xc48ca90cc1d8
0x40182a,0x66598a7d3540
0x401ea1,0x79e62ed1dc50
0x401e31,0x66598a7d2ea8
0x401e47,0x79e62ed25ab0
0x401dc9,0xc48ca90cc668
0x401d8b,0x66598a7cc1d8
0x40187e,0x66598a7d3d00
0x401e47,0x79e62ed27230
0x401cfb,0xc48ca90ccdb8
0x401804,0x66598a7d5108
0x401804,0x66598a7d5248
0x401d8b,0x66598a7ccdb8
0x401e31,0x66598a7d4f88
0x401e47,0x79e62ed27cd0
0x401ea1,0x79e62ed21190
0x401e89,0x66598a7ce808
0x401e31,0x66598a7d6c08
0x401ed1,0x79e62ed21c40
0x401e1b,0xc48ca90c08c0
0x401e89,0x66598a7d0988
0x40182a,0x66598a7d9100
0x401dc9,0xc48ca90d0fa8
0x401dc9,0xc48ca90d25e8
0x401e47,0x79e62ed2bcb0
0x401da0,0x79e62ed25120
0x40185c,0x66598a7d9f80
0x401dc9,0xc48ca90d2ea8
0x401ea1,0x79e62ed25710
0x401e89,0x66598a7d2ec8
0x401cfb,0xc48ca90d4738
0x401da0,0x79e62ed272a0
0x401804,0x66598a7dbda8
0x401d8b,0x66598a7d4738
0x40187e,0x66598a7dbf40
0x401dc9,0xc48ca90d4f88
0x401da0,0x79e62ed27a20
0x401ea1,0x79e62ed27c50
0x401cfb,0xc48ca90d6778
0x401e89,0x66598a7d6408
0x40185c,0x66598a7ddc40
0x401dc9,0xc48ca90d6c08
0x401d8b,0x66598a7d6778
0x401e47,0x79e62ed31370
0x401ea1,0x79e62ed298d0
0x401e31,0x66598a7debc8
0x401e47,0x79e62ed31e10
0x40170a,0xc48ca90d8998
0x401e47,0x79e62ed331d0
0x401ed1,0x79e62ed2b380
0x401ea1,0x79e62ed2b550
0x401d8b,0x66598a7d8998
0x40182a,0x66598a7e10c0
0x401e31,0x66598a7e08e8
0x40185c,0x66598a7e1180
0x401e31,0x66598a7e0988
0x401cfb,0xc48ca90d8fd8
0x401e31,0x66598a7e0d48
0x401d8b,0x66598a7d8fd8
0x401cfb,0xc48ca90da4d8
0x401e47,0x79e62ed33d10
0x401d8b,0x66598a7da4d8
0x40187e,0x66598a7e1c40
0x401e31,0x66598a7e2748
0x40182a,0x66598a7e3100
0x401ed1,0x79e62ed2d780
0x401cfb,0xc48ca90dc518
0x401da0,0x79e62ed2dfe0
0x401d8b,0x66598a7dc518
0x401804,0x66598a7e5128
0x401804,0x66598a7e5308
0x40185c,0x66598a7e5700
0x401e1b,0xc48ca90ce800
0x401804,0x66598a7e5a88
0x401e89,0x66598a7de508
0x401dc9,0xc48ca90debc8
0x401ea1,0x79e62ed31390
0x401cfb,0xc48ca90ded78
0x401804,0x66598a7e7208
0x401804,0x66598a7e72a8
0x401d8b,0x66598a7ded78
0x401ea1,0x79e62ed31c50
0x401e89,0x66598a7e0188
0x401804,0x66598a7e7a28
0x401e1b,0xc48ca90d0980
0x40176f,0xc48ca90e08e8
0x401dc9,0xc48ca90e0988
0x401e47,0x79e62ed39fb0
0x40185c,0x66598a7e7c40
0x40182a,0x66598a7e7cc0
0x401dc9,0xc48ca90e0d48
0x401da0,0x79e62ed33560
0x401cfb,0xc48ca90e23f8
0x401dc9,0xc48ca90e2748
0x40185c,0x66598a7e98c0
0x401d8b,0x66598a7e23f8
0x401e47,0x79e62ed3bf50
0x401ed1,0x79e62ed35100
0x401ed1,0x79e62ed35240
0x401e1b,0xc48ca90d2ec0
0x40187e,0x66598a7eb380
0x40185c,0x66598a7eb540
0x401e47,0x79e62ed3dc70
0x401cfb,0xc48ca90e47f8
0x401804,0x66598a7ebc88
0x401d8b,0x66598a7e47f8
0x401e1b,0xc48ca90d6400
0x401e31,0x66598a7ecd88
0x40187e,0x66598a7ed780
0x401cfb,0xc48ca90e65b8
0x401e89,0x66598a7e6388
0x401da0,0x79e62ed39120
0x401d8b,0x66598a7e65b8
0x401e47,0x79e62ed411b0
0x401804,0x66598a7edfe8
0x401e31,0x66598a7ee828
0x401796,0x79e62ed41c50
0x401cfb,0xc48ca90e8b98
0x401e31,0x66598a7f09a8
0x401d8b,0x66598a7e8b98
0x401804,0x66598a7f1348
0x40185c,0x66598a7f1380
0x401ea1,0x79e62ed3bd90
0x40185c,0x66598a7f1c40
0x40182a,0x66598a7f1e00
0x40182a,0x66598a7f31c0
0x401e47,0x79e62ed45730
0x401804,0x66598a7f3568
0x401e31,0x66598a7f2ee8
0x401e89,0x66598a7ec1c8
0x401cfb,0xc48ca90ec678
0x40182a,0x66598a7f3d00
0x401d8b,0x66598a7ec678
0x401dc9,0xc48ca90ecd88
0x401e31,0x66598a7f4708
0x40187e,0x66598a7f5100
0x40187e,0x66598a7f5240
0x401e1b,0xc48ca90de500
0x401e47,0x79e62ed47c70
0x401dc9,0xc48ca90ee828
0x401da0,0x79e62ed410e0
0x401e31,0x66598a7f6428
0x401e31,0x66598a7f6748
0x401e1b,0xc48ca90e0180
0x401e47,0x79e62ed498f0
0x401dc9,0xc48ca90f09a8
0x401da0,0x79e62ed43120
0x401e47,0x79e62ed4b390
0x401804,0x66598a7f9128
0x401e47,0x79e62ed4b570
0x401cfb,0xc48ca90f0fb8
0x401d8b,0x66598a7f0fb8
0x401cfb,0xc48ca90f25f8
0x401ea1,0x79e62ed45110
0x401d8b,0x66598a7f25f8
0x401ed1,0x79e62ed45300
0x401804,0x66598a7f9f88
0x401dc9,0xc48ca90f2ee8
0x401cfb,0xc48ca90f2eb8
0x401e47,0x79e62ed4d790
0x401ed1,0x79e62ed45a80
0x401d8b,0x66598a7f2eb8
0x401dc9,0xc48ca90f4708
0x401ea1,0x79e62ed47290
0x401ed1,0x79e62ed47200
0x40185c,0x66598a7fbd80
0x40182a,0x66598a7fbf40
0x401cfb,0xc48ca90f4f98
0x401e1b,0xc48ca90e6380
0x401ea1,0x79e62ed47a10
0x401dc9,0xc48ca90f6428
0x401d8b,0x66598a7f4f98
0x401da0,0x79e62ed47ce0
0x401dc9,0xc48ca90f6748
0x401804,0x66598a7fdc48
0x401e31,0x66598a7fe528
0x401cfb,0xc48ca90f6c18
0x401e47,0x79e62ed513b0
0x401d8b,0x66598a7f6c18
0x4017a3,0x66598a7fed48
0x401e47,0x79e62ed51c70
0x401e31,0x66598a8001a8
0x401e89,0x66598a7f8988
0x401804,0x66598a8010e8
0x401804,0x66598a801188
0x401e89,0x66598a7f8fc8
0x401ed1,0x79e62ed4bc80
0x401e89,0x66598a7fa4c8
0x401e31,0x66598a8023c8
0x40182a,0x66598a801c40
0x401e47,0x79e62ed55110
0x401e47,0x79e62ed55250
0x401804,0x66598a803128
0x401e1b,0xc48ca90ec1c0
0x401ea1,0x79e62ed4dfd0
0x401e89,0x66598a7fc508
0x401e31,0x66598a8047c8
0x40185c,0x66598a805100
0x40187e,0x66598a805300
0x401804,0x66598a805708
0x401dc9,0xc48ca90fe528
0x40187e,0x66598a805a80
0x401e31,0x66598a8063a8
0x401e31,0x66598a806588
0x401cfb,0xc48ca90febd8
0x401ed1,0x79e62ed51340
0x401dc9,0xc48ca90fed48
0x40187e,0x66598a807200
0x401d8b,0x66598a7febd8
0x40185c,0x66598a807280
0x401dc9,0xc48ca91001a8
0x401da0,0x79e62ed51e20
0x40185c,0x66598a807a00
0x401cfb,0xc48ca91008f8
0x401cfb,0xc48ca9100998
0x401804,0x66598a807c48
0x401da0,0x79e62ed531e0
0x401804,0x66598a807ce8
0x401ea1,0x79e62ed53550
0x401cfb,0xc48ca9100d58
0x401d8b,0x66598a8008f8
0x401d8b,0x66598a800998
0x401d8b,0x66598a800d58
0x401dc9,0xc48ca91023c8
0x401da0,0x79e62ed53d20
0x401804,0x66598a8098c8
0x401cfb,0xc48ca9102758
0x401e47,0x79e62ed5bdb0
0x401d8b,0x66598a802758
0x40182a,0x66598a80b380
0x401804,0x66598a80b548
0x401dc9,0xc48ca91047c8
0x401e31,0x66598a80c1e8
0x40187e,0x66598a80bc80
0x401e31,0x66598a80c648
0x401dc9,0xc48ca91063a8
0x401dc9,0xc48ca9106588
0x40182a,0x66598a80d780
0x401ea1,0x79e62ed59110
0x40185c,0x66598a80dfc0
0x401e1b,0xc48ca90f8980
0x401ed1,0x79e62ed59f80
0x401e1b,0xc48ca90f8fc0
0x401e89,0x66598a808b88
0x401804,0x66598a811388
0x40187e,0x66598a811340
0x401e1b,0xc48ca90fa4c0
0x401e31,0x66598a810f88
0x401da0,0x79e62ed5bf60
0x401804,0x66598a811c48
0x401e47,0x79e62ed65130
0x401804,0x66598a811e28
0x401e31,0x66598a8125c8
0x401e47,0x79e62ed65310
0x401804,0x66598a8131e8
0x401dc9,0xc48ca910c1e8
0x401e1b,0xc48ca90fc500
0x40185c,0x66598a813540
0x401e31,0x66598a812e88
0x401e47,0x79e62ed65a90
0x401ed1,0x79e62ed5dc40
0x401dc9,0xc48ca910c648
0x401804,0x66598a813d28
0x401e47,0x79e62ed67210
0x401e47,0x79e62ed672b0
0x401cfb,0xc48ca910cd98
0x40182a,0x66598a815100
0x40182a,0x66598a815240
0x401d8b,0x66598a80cd98
0x401e47,0x79e62ed67a30
0x401cfb,0xc48ca910e838
0x401ea1,0x79e62ed610d0
0x401ed1,0x79e62ed61180
0x401d8b,0x66598a80e838
0x401da0,0x79e62ed61c60
0x401ea1,0x79e62ed63110
0x401cfb,0xc48ca91109b8
0x401d8b,0x66598a8109b8
0x40185c,0x66598a819100
0x401dc9,0xc48ca9110f88
0x401e31,0x66598a8189a8
0x401dc9,0xc48ca91125c8
0x401e31,0x66598a818fe8
0x401e47,0x79e62ed6bc90
0x401e31,0x66598a81a4e8
0x40187e,0x66598a819f80
0x401dc9,0xc48ca9112e88
0x401cfb,0xc48ca9112ef8
0x401ed1,0x79e62ed65700
0x401d8b,0x66598a812ef8
0x401cfb,0xc48ca9114718
0x401e47,0x79e62ed6dff0
0x401804,0x66598a81bd88
0x401e31,0x66598a81c528
0x401d8b,0x66598a814718
0x401804,0x66598a81bf68
0x401e89,0x66598a814f88
0x401cfb,0xc48ca9116438
0x401ea1,0x79e62ed67cd0
0x401ed1,0x79e62ed67c40
0x401cfb,0xc48ca9116758
0x401d8b,0x66598a816438
0x40187e,0x66598a81dc40
0x401d8b,0x66598a816758
0x401796,0x79e62ed71350
0x401e89,0x66598a816c08
0x401ed1,0x79e62ed698c0
0x401dc9,0xc48ca91189a8
0x401e1b,0xc48ca9108b80
0x401da0,0x79e62ed6b3a0
0x401ed1,0x79e62ed6b540
0x40185c,0x66598a8210c0
0x401e31,0x66598a8208c8
0x401e47,0x79e62ed73570
0x40187e,0x66598a821180
0x401dc9,0xc48ca9118fe8
0x401dc9,0xc48ca911a4e8
0x401804,0x66598a821c68
0x40185c,0x66598a823100
0x401da0,0x79e62ed6d7a0
0x401dc9,0xc48ca911c528
0x401804,0x66598a825108
0x40182a,0x66598a825300
0x40187e,0x66598a825700
0x401cfb,0xc48ca911e538
0x40182a,0x66598a825a80
0x401d8b,0x66598a81e538
0x401e47,0x79e62ed79130
0x4017b0,0x79e62ed71380
0x401cfb,0xc48ca911ed58
0x401e89,0x66598a81ebc8
0x401804,0x66598a827288
0x40182a,0x66598a827200
0x401cfb,0xc48ca91201b8
0x401d8b,0x66598a81ed58
0x401ed1,0x79e62ed71c40
0x401ea1,0x79e62ed71e10
0x401d8b,0x66598a8201b8
0x401804,0x66598a827a08
0x401dc9,0xc48ca91208c8
0x401e47,0x79e62ed79f90
0x401ea1,0x79e62ed731d0
0x40187e,0x66598a827c40
0x401861,0x66598a827cc8
0x401e89,0x66598a820988
0x401e89,0x66598a820d48
0x401e31,0x66598a828ba8
0x401cfb,0xc48ca91223d8
0x401ea1,0x79e62ed73d10
0x40187e,0x66598a8298c0
0x401d8b,0x66598a8223d8
0x401da0,0x79e62ed75120
0x401e89,0x66598a822748
0x401da0,0x79e62ed75260
0x401804,0x66598a82b3a8
0x40187e,0x66598a82b540
0x401e47,0x79e62ed7dc50
0x401cfb,0xc48ca91247d8
0x40182a,0x66598a82bc80
0x401d8b,0x66598a8247d8
0x401e1b,0xc48ca9114f80
0x401cfb,0xc48ca91263b8
0x401804,0x66598a82d7a8
0x401cfb,0xc48ca9126598
0x401d8b,0x66598a8263b8
0x401e1b,0xc48ca9116c00
0x40173b,0x66598a826598
0x401796,0x79e62ed810f0
0x401e47,0x79e62ed81190
0x401804,0x66598a82dfc8
0x401e31,0x66598a82e808
0x401dc9,0xc48ca9128ba8
0x401e47,0x79e62ed83130
0x401e31,0x66598a830988
0x40182a,0x66598a831340
0x40187e,0x66598a831380
0x401ed1,0x79e62ed7bd80
0x401ea1,0x79e62ed7bf50
0x40187e,0x66598a831c40
0x40185c,0x66598a831e00
0x40185c,0x66598a8331c0
0x401e47,0x79e62ed85710
0x401cfb,0xc48ca912c1f8
0x401804,0x66598a833548
0x401e31,0x66598a832ec8
0x401d8b,0x66598a82c1f8
0x401cfb,0xc48ca912c658
0x401d8b,0x66598a82c658
0x40185c,0x66598a833d00
0x401804,0x66598a835128
0x401804,0x66598a835268
0x401e89,0x66598a82cd88
0x401e31,0x66598a834fa8
0x401e47,0x79e62ed87c50
0x401e47,0x79e62ed87cf0
0x401dc9,0xc48ca912e808
0x401748,0xc48ca911ebc0
0x401e31,0x66598a836408
0x401e31,0x66598a836c28
0x401e47,0x79e62ed898d0
0x401ea1,0x79e62ed81c50
0x401e1b,0xc48ca9120980
0x401dc9,0xc48ca9130988
0x401e1b,0xc48ca9120d40
0x401804,0x66598a839108
0x401e47,0x79e62ed8b550
0x401cfb,0xc48ca9130f98
0x401d8b,0x66598a830f98
0x401e1b,0xc48ca9122740
0x401cfb,0xc48ca91325d8
0x401ed1,0x79e62ed85100
0x401d8b,0x66598a8325d8
0x401da0,0x79e62ed85320
0x40182a,0x66598a839f80
0x401dc9,0xc48ca9132ec8
0x401cfb,0xc48ca9132e98
0x401da0,0x79e62ed85aa0
0x401d8b,0x66598a832e98
0x401da0,0x79e62ed87220
0x401e89,0x66598a834708
0x40187e,0x66598a83bd80
0x401ed1,0x79e62ed87280
0x40185c,0x66598a83bf40
0x401dc9,0xc48ca9134fa8
0x401ed1,0x79e62ed87a00
0x401dc9,0xc48ca9136408
0x40182a,0x66598a83dc40
0x401e89,0x66598a836748
0x401e31,0x66598a83e508
0x401dc9,0xc48ca9136c28
0x401e47,0x79e62ed91390
0x401e31,0x66598a83ebe8
0x401e47,0x79e62ed91c50
0x401e31,0x66598a840188
0x401e47,0x79e62ed91e30
0x401cfb,0xc48ca91389b8
0x401ea1,0x79e62ed8b390
0x401e47,0x79e62ed931f0
0x401804,0x66598a8410c8
0x401d8b,0x66598a8389b8
0x40182a,0x66598a841180
0x401e31,0x66598a8409a8
0x401cfb,0xc48ca9138ff8
0x401e31,0x66598a840d68
0x401d8b,0x66598a838ff8
0x401cfb,0xc48ca913a4f8
0x401da0,0x79e62ed8bca0
0x401e47,0x79e62ed93d30
0x401d8b,0x66598a83a4f8
0x40185c,0x66598a841c40
0x401e31,0x66598a842768
0x401804,0x66598a843108
0x401ea1,0x79e62ed8d790
0x401cfb,0xc48ca913c538
0x401ed1,0x79e62ed8dfc0
0x401d8b,0x66598a83c538
0x401e1b,0xc48ca912cd80
0x40187e,0x66598a845100
0x401804,0x66598a845328
0x401dc9,0xc48ca913e508
0x401705,0x66598a845700
0x401804,0x66598a845aa8
0x401e31,0x66598a846388
0x401dc9,0xc48ca913ebe8
0x401da0,0x79e62ed91360
0x401804,0x66598a847228
0x40187e,0x66598a847280
0x401dc9,0xc48ca9140188
0x401e89,0x66598a83ed48
0x40187e,0x66598a847a00
0x401dc9,0xc48ca91409a8
0x401cfb,0xc48ca91408d8
0x401804,0x66598a847cc8
0x40182a,0x66598a847c40
0x401dc9,0xc48ca9140d68
0x401d8b,0x66598a8408d8
0x401ed1,0x79e62ed93540
0x40182a,0x66598a8498c0
0x401dc9,0xc48ca9142768
0x401e89,0x66598a8423c8
0x401e47,0x79e62ed9bd90
0x401ea1,0x79e62ed95110
0x401e47,0x79e62ed9bf70
0x401ea1,0x79e62ed95250
0x40185c,0x66598a84b380
0x40182a,0x66598a84b540
0x401e1b,0xc48ca9134700
0x401e31,0x66598a84c1c8
0x401804,0x66598a84bca8
0x401e89,0x66598a8447c8
0x401dc9,0xc48ca9146388
0x401e31,0x66598a84cda8
0x401748,0xc48ca9136740
0x40185c,0x66598a84d780
0x401e89,0x66598a846588
0x401ed1,0x79e62ed99100
0x40187e,0x66598a84dfc0
0x401e47,0x79e62eda1c70
0x401da0,0x79e62ed99fa0
0x401cfb,0xc48ca9148bb8
0x401d8b,0x66598a848bb8
0x401804,0x66598a851368
0x40182a,0x66598a851380
0x40182a,0x66598a851c40
0x401e47,0x79e62eda5110
0x401804,0x66598a851e08
0x401804,0x66598a8531c8
0x401dc9,0xc48ca914c1c8
0x40187e,0x66598a853540
0x401da0,0x79e62ed9dc60
0x401e89,0x66598a84c648
0x401804,0x66598a853d08
0x401e47,0x79e62eda7290
0x401e31,0x66598a854728
0x401dc9,0xc48ca914cda8
0x40185c,0x66598a855100
0x401861,0x66598a855248
0x401e47,0x79e62eda7a10
0x401cfb,0xc48ca914e818
0x401ed1,0x79e62eda10c0
0x401da0,0x79e62eda11a0
0x401e1b,0xc48ca913ed40
0x401d8b,0x66598a84e818
0x401e31,0x66598a856768
0x401cfb,0xc48ca9150998
0x401ed1,0x79e62eda3100
0x401e47,0x79e62edab3b0
0x401d8b,0x66598a850998
0x40187e,0x66598a859100
0x401e31,0x66598a858988
0x401e1b,0xc48ca91423c0
0x401e89,0x66598a850f88
0x401e31,0x66598a858fc8
0x401e89,0x66598a8525c8
0x401ea1,0x79e62eda5310
0x401e31,0x66598a85a4c8
0x401804,0x66598a859fa8
0x401cfb,0xc48ca9152ed8
0x401da0,0x79e62eda5720
0x401e47,0x79e62edad7b0
0x401ea1,0x79e62eda5a90
0x401e89,0x66598a852e88
0x401d8b,0x66598a852ed8
0x401e1b,0xc48ca91447c0
0x401dc9,0xc48ca9154728
0x401e47,0x79e62edadfd0
0x401ea1,0x79e62eda7210
0x401e31,0x66598a85c508
0x40182a,0x66598a85bd80
0x401804,0x66598a85bf48
0x401cfb,0xc48ca9154fb8
0x401e1b,0xc48ca9146580
0x401d8b,0x66598a854fb8
0x401cfb,0xc48ca9156418
0x401da0,0x79e62eda7c60
0x401ed1,0x79e62eda7cc0
0x401dc9,0xc48ca9156768
0x401d8b,0x66598a856418
0x401804,0x66598a85dc68
0x401cfb,0xc48ca9156c38
0x401d8b,0x66598a856c38
0x401da0,0x79e62eda98e0
0x401e31,0x66598a85ed68
0x401dc9,0xc48ca9158988
0x401da0,0x79e62edab560
0x40187e,0x66598a8610c0
0x401804,0x66598a8611a8
0x401dc9,0xc48ca9158fc8
0x401e47,0x79e62edb3550
0x401dc9,0xc48ca915a4c8
0x401ea1,0x79e62edabc90
0x401804,0x66598a861c48
0x401e31,0x66598a8623e8
0x401e47,0x79e62edb5130
0x401e47,0x79e62edb5270
0x40187e,0x66598a863100
0x401e1b,0xc48ca914c640
0x401dc9,0xc48ca915c508
0x401e31,0x66598a8647e8
0x401705,0x66598a865100
0x40185c,0x66598a865300
0x401804,0x66598a865728
0x401cfb,0xc48ca915e518
0x40185c,0x66598a865a80
0x401d8b,0x66598a85e518
0x401ea1,0x79e62edb1350
0x401e47,0x79e62edb9110
0x401e31,0x66598a8665a8
0x401da0,0x79e62edb13a0
0x401cfb,0xc48ca915ebf8
0x401dc9,0xc48ca915ed68
0x40185c,0x66598a867200
0x401d8b,0x66598a85ebf8
0x40182a,0x66598a867280
0x401cfb,0xc48ca9160198
0x401da0,0x79e62edb1c60
0x401d8b,0x66598a860198
0x401ed1,0x79e62edb1e00
0x40182a,0x66598a867a00
0x401cfb,0xc48ca91609b8
0x401804,0x66598a867c68
0x40187e,0x66598a867cc0
0x401ed1,0x79e62edb31c0
0x401e89,0x66598a8608c8
0x401e1b,0xc48ca9150f80
0x401cfb,0xc48ca9160d78
0x401d8b,0x66598a8609b8
0x401e31,0x66598a868b88
0x401d8b,0x66598a860d78
0x401dc9,0xc48ca91623e8
0x401e1b,0xc48ca91525c0
0x401ed1,0x79e62edb3d00
0x401804,0x66598a8698e8
0x401cfb,0xc48ca9162778
0x401d8b,0x66598a862778
0x401e1b,0xc48ca9152e80
0x401804,0x66598a86b388
0x401804,0x66598a86b568
0x401dc9,0xc48ca91647e8
0x40185c,0x66598a86bc80
0x401e31,0x66598a86c668
0x401cfb,0xc48ca9166398
0x401dc9,0xc48ca91665a8
0x401804,0x66598a86d788
0x401d8b,0x66598a866398
0x401e47,0x79e62edc10d0
0x40182a,0x66598a86dfc0
0x401ea1,0x79e62edb9f90
0x401dc9,0xc48ca9168b88
0x401e47,0x79e62edc3110
0x401804,0x66598a8713a8
0x401861,0x66598a871348
0x401e31,0x66598a870fa8
0x401da0,0x79e62edbbda0
0x401ed1,0x79e62edbbf40
0x401804,0x66598a871c68
0x40187e,0x66598a871e00
0x401e31,0x66598a8725e8
0x401e47,0x79e62edc5330
0x40187e,0x66598a8731c0
0x401cfb,0xc48ca916c1d8
0x40182a,0x66598a873540
0x401ea1,0x79e62edbdc50
0x401e31,0x66598a872ea8
0x401e47,0x79e62edc5ab0
0x401dc9,0xc48ca916c668
0x401d8b,0x66598a86c1d8
0x40187e,0x66598a873d00
0x401e47,0x79e62edc7230
0x401cfb,0xc48ca916cdb8
0x401804,0x66598a875108
0x401804,0x66598a875248
0x401d8b,0x66598a86cdb8
0x401e31,0x66598a874f88
0x401e47,0x79e62edc7cd0
0x401ea1,0x79e62edc1190
0x401e89,0x66598a86e808
0x401e31,0x66598a876c08
0x401ed1,0x79e62edc1c40
0x401e1b,0xc48ca91608c0
0x401e89,0x66598a870988
0x40182a,0x66598a879100
0x401dc9,0xc48ca9170fa8
0x401dc9,0xc48ca91725e8
0x401e47,0x79e62edcbcb0
0x401da0,0x79e62edc5120
0x40185c,0x66598a879f80
0x401dc9,0xc48ca9172ea8
0x401ea1,0x79e62edc5710
0x401e89,0x66598a872ec8
0x401cfb,0xc48ca9174738
0x401804,0x66598a87bda8
0x40172e,0x79e62edc72a0
0x40187e,0x66598a87bf40
0x40173b,0x66598a874738
0x401dc9,0xc48ca9174f88
0x401da0,0x79e62edc7a20
0x401ea1,0x79e62edc7c50
0x401cfb,0xc48ca9176778
0x401e89,0x66598a876408
0x40185c,0x66598a87dc40
0x401dc9,0xc48ca9176c08
0x401d8b,0x66598a876778
0x401e47,0x79e62edd1370
0x401ea1,0x79e62edc98d0
0x401e31,0x66598a87ebc8
0x401e47,0x79e62edd1e10
0x401cfb,0xc48ca9178998
0x401e47,0x79e62edd31d0
0x401ed1,0x79e62edcb380
0x401ea1,0x79e62edcb550
0x401d8b,0x66598a878998
0x401e31,0x66598a8808e8
0x40182a,0x66598a8810c0
0x40185c,0x66598a881180
0x401e31,0x66598a880988
0x401cfb,0xc48ca9178fd8
0x401e31,0x66598a880d48
0x401d8b,0x66598a878fd8
0x401cfb,0xc48ca917a4d8
0x401e47,0x79e62edd3d10
0x401d8b,0x66598a87a4d8
0x40187e,0x66598a881c40
0x401e31,0x66598a882748
0x40182a,0x66598a883100
0x401ed1,0x79e62edcd780
0x401cfb,0xc48ca917c518
0x401da0,0x79e62edcdfe0
0x40173b,0x66598a87c518
0x401804,0x66598a885128
0x401804,0x66598a885308
0x40185c,0x66598a885700
0x401e1b,0xc48ca916e800
0x401804,0x66598a885a88
0x401e89,0x66598a87e508
0x401dc9,0xc48ca917ebc8
0x401ea1,0x79e62edd1390
0x401cfb,0xc48ca917ed78
0x401804,0x66598a887208
0x401804,0x66598a8872a8
0x401d8b,0x66598a87ed78
0x401ea1,0x79e62edd1c50
0x401e89,0x66598a880188
0x401e1b,0xc48ca9170980
0x401804,0x66598a887a28
0x401dc9,0xc48ca91808e8
0x401dc9,0xc48ca9180988
0x401e47,0x79e62edd9fb0
0x40185c,0x66598a887c40
0x40182a,0x66598a887cc0
0x401dc9,0xc48ca9180d48
0x401da0,0x79e62edd3560
0x401cfb,0xc48ca91823f8
0x401dc9,0xc48ca9182748
0x40185c,0x66598a8898c0
0x401d8b,0x66598a8823f8
0x401e47,0x79e62eddbf50
0x401ed1,0x79e62edd5100
0x401ed1,0x79e62edd5240
0x401e1b,0xc48ca9172ec0
0x40187e,0x66598a88b380
0x40185c,0x66598a88b540
0x401e47,0x79e62edddc70
0x40170a,0xc48ca91847f8
0x401804,0x66598a88bc88
0x401d8b,0x66598a8847f8
0x401e1b,0xc48ca9176400
0x401e31,0x66598a88cd88
0x40187e,0x66598a88d780
0x401cfb,0xc48ca91865b8
0x401e89,0x66598a886388
0x401da0,0x79e62edd9120
0x401d8b,0x66598a8865b8
0x401e47,0x79e62ede11b0
0x401804,0x66598a88dfe8
0x401e31,0x66598a88e828
0x401e47,0x79e62ede1c50
0x401cfb,0xc48ca9188b98
0x401e31,0x66598a8909a8
0x401d8b,0x66598a888b98
0x401804,0x66598a891348
0x40185c,0x66598a891380
0x401ea1,0x79e62eddbd90
0x40185c,0x66598a891c40
0x40182a,0x66598a891e00
0x40182a,0x66598a8931c0
0x401e47,0x79e62ede5730
0x401804,0x66598a893568
0x401e31,0x66598a892ee8
0x401e89,0x66598a88c1c8
0x40170a,0xc48ca918c678
0x40182a,0x66598a893d00
0x401d8b,0x66598a88c678
0x401e31,0x66598a894708
0x401dc9,0xc48ca918cd88
0x40187e,0x66598a895100
0x40187e,0x66598a895240
0x401e1b,0xc48ca917e500
0x401e47,0x79e62ede7c70
0x401dc9,0xc48ca918e828
0x401da0,0x79e62ede10e0
0x401e31,0x66598a896428
0x401e31,0x66598a896748
0x401e1b,0xc48ca9180180
0x401e47,0x79e62ede98f0
0x401da0,0x79e62ede3120
0x401dc9,0xc48ca91909a8
0x401e47,0x79e62edeb390
0x401804,0x66598a899128
0x401e47,0x79e62edeb570
0x401cfb,0xc48ca9190fb8
0x401d8b,0x66598a890fb8
0x401cfb,0xc48ca91925f8
0x401ea1,0x79e62ede5110
0x401d8b,0x66598a8925f8
0x401ed1,0x79e62ede5300
0x401804,0x66598a899f88
0x401dc9,0xc48ca9192ee8
0x401cfb,0xc48ca9192eb8
0x401e47,0x79e62eded790
0x401d8b,0x66598a892eb8
0x401ed1,0x79e62ede5a80
0x401dc9,0xc48ca9194708
0x401ea1,0x79e62ede7290
0x401ed1,0x79e62ede7200
0x40185c,0x66598a89bd80
0x40182a,0x66598a89bf40
0x401cfb,0xc48ca9194f98
0x401e1b,0xc48ca9186380
0x401ea1,0x79e62ede7a10
0x401dc9,0xc48ca9196428
0x401d8b,0x66598a894f98
0x401da0,0x79e62ede7ce0
0x401dc9,0xc48ca9196748
0x401804,0x66598a89dc48
0x401e31,0x66598a89e528
0x401cfb,0xc48ca9196c18
0x401e47,0x79e62edf13b0
0x401d8b,0x66598a896c18
0x401e31,0x66598a89ed48
0x401e47,0x79e62edf1c70
0x401e31,0x66598a8a01a8
0x401e89,0x66598a898988
0x401804,0x66598a8a10e8
0x401804,0x66598a8a1188
0x401e89,0x66598a898fc8
0x401ed1,0x79e62edebc80
0x401e89,0x66598a89a4c8
0x401e31,0x66598a8a23c8
0x40182a,0x66598a8a1c40
0x401e47,0x79e62edf5110
0x401e47,0x79e62edf5250
0x401804,0x66598a8a3128
0x401e1b,0xc48ca918c1c0
0x401ea1,0x79e62ededfd0
0x401e89,0x66598a89c508
0x401e31,0x66598a8a47c8
0x40185c,0x66598a8a5100
0x40187e,0x66598a8a5300
0x401804,0x66598a8a5708
0x401dc9,0xc48ca919e528
0x40187e,0x66598a8a5a80
0x401e31,0x66598a8a63a8
0x401e31,0x66598a8a6588
0x401cfb,0xc48ca919ebd8
0x401ed1,0x79e62edf1340
0x401dc9,0xc48ca919ed48
0x40187e,0x66598a8a7200
0x401861,0x66598a8a7288
0x401d8b,0x66598a89ebd8
0x401dc9,0xc48ca91a01a8
0x401da0,0x79e62edf1e20
0x40185c,0x66598a8a7a00
0x401cfb,0xc48ca91a08f8
0x401804,0x66598a8a7c48
0x401cfb,0xc48ca91a0998
0x401804,0x66598a8a7ce8
0x401da0,0x79e62edf31e0
0x401ea1,0x79e62edf3550
0x401cfb,0xc48ca91a0d58
0x401d8b,0x66598a8a08f8
0x401d8b,0x66598a8a0998
0x401d8b,0x66598a8a0d58
0x401dc9,0xc48ca91a23c8
0x401da0,0x79e62edf3d20
0x401804,0x66598a8a98c8
0x401e47,0x79e62edfbdb0
0x401cfb,0xc48ca91a2758
0x401d8b,0x66598a8a2758
0x401705,0x66598a8ab380
0x401804,0x66598a8ab548
0x401dc9,0xc48ca91a47c8
0x401e31,0x66598a8ac1e8
0x40187e,0x66598a8abc80
0x401e31,0x66598a8ac648
0x401dc9,0xc48ca91a63a8
0x401dc9,0xc48ca91a6588
0x40182a,0x66598a8ad780
0x401ea1,0x79e62edf9110
0x40185c,0x66598a8adfc0
0x401e1b,0xc48ca9198980
0x401ed1,0x79e62edf9f80
0x401e1b,0xc48ca9198fc0
0x401e89,0x66598a8a8b88
0x401804,0x66598a8b1388
0x40187e,0x66598a8b1340
0x401e1b,0xc48ca919a4c0
0x401e31,0x66598a8b0f88
0x401da0,0x79e62edfbf60
0x401804,0x66598a8b1c48
0x401e47,0x79e62ee05130
0x401804,0x66598a8b1e28
0x401e31,0x66598a8b25c8
0x401e47,0x79e62ee05310
0x401804,0x66598a8b31e8
0x40176f,0xc48ca91ac1e8
0x401e1b,0xc48ca919c500
0x40185c,0x66598a8b3540
0x401e31,0x66598a8b2e88
0x401e47,0x79e62ee05a90
0x401ed1,0x79e62edfdc40
0x401dc9,0xc48ca91ac648
0x401804,0x66598a8b3d28
0x401e47,0x79e62ee07210
0x401e47,0x79e62ee072b0
0x401cfb,0xc48ca91acd98
0x40182a,0x66598a8b5100
0x40182a,0x66598a8b5240
0x401d8b,0x66598a8acd98
0x401e47,0x79e62ee07a30
0x401cfb,0xc48ca91ae838
0x401ea1,0x79e62ee010d0
0x401ed1,0x79e62ee01180
0x401d8b,0x66598a8ae838
0x401da0,0x79e62ee01c60
0x401ea1,0x79e62ee03110
0x401cfb,0xc48ca91b09b8
0x401d8b,0x66598a8b09b8
0x401dc9,0xc48ca91b0f88
0x40185c,0x66598a8b9100
0x401e31,0x66598a8b89a8
0x401dc9,0xc48ca91b25c8
0x401e31,0x66598a8b8fe8
0x401e47,0x79e62ee0bc90
0x401e31,0x66598a8ba4e8
0x40187e,0x66598a8b9f80
0x401dc9,0xc48ca91b2e88
0x40170a,0xc48ca91b2ef8
0x4017b0,0x79e62ee05700
0x401d8b,0x66598a8b2ef8
0x401cfb,0xc48ca91b4718
0x401e47,0x79e62ee0dff0
0x401e31,0x66598a8bc528
0x401804,0x66598a8bbd88
0x401d8b,0x66598a8b4718
0x401804,0x66598a8bbf68
0x401e89,0x66598a8b4f88
0x401cfb,0xc48ca91b6438
0x401ea1,0x79e62ee07cd0
0x401ed1,0x79e62ee07c40
0x401cfb,0xc48ca91b6758
0x401d8b,0x66598a8b6438
0x40187e,0x66598a8bdc40
0x401d8b,0x66598a8b6758
0x401e47,0x79e62ee11350
0x401e89,0x66598a8b6c08
0x401ed1,0x79e62ee098c0
0x401dc9,0xc48ca91b89a8
0x401e1b,0xc48ca91a8b80
0x401da0,0x79e62ee0b3a0
0x401ed1,0x79e62ee0b540
0x401e31,0x66598a8c08c8
0x40185c,0x66598a8c10c0
0x40187e,0x66598a8c1180
0x401e47,0x79e62ee13570
0x401dc9,0xc48ca91b8fe8
0x401dc9,0xc48ca91ba4e8
0x401804,0x66598a8c1c68
0x40185c,0x66598a8c3100
0x401da0,0x79e62ee0d7a0
0x401dc9,0xc48ca91bc528
0x401804,0x66598a8c5108
0x40182a,0x66598a8c5300
0x40187e,0x66598a8c5700
0x401cfb,0xc48ca91be538
0x40182a,0x66598a8c5a80
0x401d8b,0x66598a8be538
0x401e47,0x79e62ee19130
0x401ed1,0x79e62ee11380
0x401cfb,0xc48ca91bed58
0x401e89,0x66598a8bebc8
0x401804,0x66598a8c7288
0x40182a,0x66598a8c7200
0x401cfb,0xc48ca91c01b8
0x401d8b,0x66598a8bed58
0x401ed1,0x79e62ee11c40
0x401ea1,0x79e62ee11e10
0x401d8b,0x66598a8c01b8
0x401804,0x66598a8c7a08
0x401dc9,0xc48ca91c08c8
0x401e47,0x79e62ee19f90
0x401ea1,0x79e62ee131d0
0x40187e,0x66598a8c7c40
0x40185c,0x66598a8c7cc0
0x401e89,0x66598a8c0988
0x401e89,0x66598a8c0d48
0x401e31,0x66598a8c8ba8
0x401cfb,0xc48ca91c23d8
0x401ea1,0x79e62ee13d10
0x40187e,0x66598a8c98c0
0x401d8b,0x66598a8c23d8
0x401da0,0x79e62ee15120
0x401da0,0x79e62ee15260
0x401e89,0x66598a8c2748
0x401804,0x66598a8cb3a8
0x40187e,0x66598a8cb540
0x401e47,0x79e62ee1dc50
0x401cfb,0xc48ca91c47d8
0x40182a,0x66598a8cbc80
0x401d8b,0x66598a8c47d8
0x401e1b,0xc48ca91b4f80
0x401cfb,0xc48ca91c63b8
0x401804,0x66598a8cd7a8
0x401cfb,0xc48ca91c6598
0x401d8b,0x66598a8c63b8
0x401e1b,0xc48ca91b6c00
0x401d8b,0x66598a8c6598
0x401e47,0x79e62ee210f0
0x401e47,0x79e62ee21190
0x401804,0x66598a8cdfc8
0x401e31,0x66598a8ce808
0x401dc9,0xc48ca91c8ba8
0x401e47,0x79e62ee23130
0x401e31,0x66598a8d0988
0x40187e,0x66598a8d1380
0x40182a,0x66598a8d1340
0x401ed1,0x79e62ee1bd80
0x401ea1,0x79e62ee1bf50
0x40176a,0x66598a8d1c40
0x40185c,0x66598a8d1e00
0x40185c,0x66598a8d31c0
0x401e47,0x79e62ee25710
0x401cfb,0xc48ca91cc1f8
0x401804,0x66598a8d3548
0x401e31,0x66598a8d2ec8
0x401d8b,0x66598a8cc1f8
0x401cfb,0xc48ca91cc658
0x401d8b,0x66598a8cc658
0x40185c,0x66598a8d3d00
0x401804,0x66598a8d5128
0x401804,0x66598a8d5268
0x401e89,0x66598a8ccd88
0x401e31,0x66598a8d4fa8
0x401e47,0x79e62ee27c50
0x401e47,0x79e62ee27cf0
0x401dc9,0xc48ca91ce808
0x401e1b,0xc48ca91bebc0
0x401e31,0x66598a8d6408
0x401e31,0x66598a8d6c28
0x401e47,0x79e62ee298d0
0x401ea1,0x79e62ee21c50
0x401e1b,0xc48ca91c0980
0x401dc9,0xc48ca91d0988
0x401e1b,0xc48ca91c0d40
0x401804,0x66598a8d9108
0x401e47,0x79e62ee2b550
0x401cfb,0xc48ca91d0f98
0x401d8b,0x66598a8d0f98
0x401e1b,0xc48ca91c2740
0x401cfb,0xc48ca91d25d8
0x4017b0,0x79e62ee25100
0x401d8b,0x66598a8d25d8
0x401da0,0x79e62ee25320
0x40182a,0x66598a8d9f80
0x401dc9,0xc48ca91d2ec8
0x401cfb,0xc48ca91d2e98
0x401da0,0x79e62ee25aa0
0x401d8b,0x66598a8d2e98
0x401e89,0x66598a8d4708
0x401da0,0x79e62ee27220
0x401ed1,0x79e62ee27280
0x40187e,0x66598a8dbd80
0x401861,0x66598a8dbf48
0x401dc9,0xc48ca91d4fa8
0x401ed1,0x79e62ee27a00
0x401dc9,0xc48ca91d6408
0x40182a,0x66598a8ddc40
0x401e31,0x66598a8de508
0x401e89,0x66598a8d6748
0x401dc9,0xc48ca91d6c28
0x401e47,0x79e62ee31390
0x401e31,0x66598a8debe8
0x401e47,0x79e62ee31c50
0x401e31,0x66598a8e0188
0x401e47,0x79e62ee31e30
0x401cfb,0xc48ca91d89b8
0x401ea1,0x79e62ee2b390
0x401e47,0x79e62ee331f0
0x401804,0x66598a8e10c8
0x401d8b,0x66598a8d89b8
0x40182a,0x66598a8e1180
0x401cfb,0xc48ca91d8ff8
0x401e31,0x66598a8e09a8
0x401e31,0x66598a8e0d68
0x401d8b,0x66598a8d8ff8
0x401cfb,0xc48ca91da4f8
0x401da0,0x79e62ee2bca0
0x401e47,0x79e62ee33d30
0x401d8b,0x66598a8da4f8
0x40185c,0x66598a8e1c40
0x401e31,0x66598a8e2768
0x401804,0x66598a8e3108
0x401ea1,0x79e62ee2d790
0x401cfb,0xc48ca91dc538
0x401ed1,0x79e62ee2dfc0
0x401d8b,0x66598a8dc538
0x401e1b,0xc48ca91ccd80
0x40187e,0x66598a8e5100
0x401804,0x66598a8e5328
0x401dc9,0xc48ca91de508
0x40182a,0x66598a8e5700
0x401804,0x66598a8e5aa8
0x401e31,0x66598a8e6388
0x401dc9,0xc48ca91debe8
0x401da0,0x79e62ee31360
0x401804,0x66598a8e7228
0x40187e,0x66598a8e7280
0x401dc9,0xc48ca91e0188
0x401e89,0x66598a8ded48
0x40187e,0x66598a8e7a00
0x401dc9,0xc48ca91e09a8
0x401cfb,0xc48ca91e08d8
0x40182a,0x66598a8e7c40
0x401804,0x66598a8e7cc8
0x401dc9,0xc48ca91e0d68
0x401d8b,0x66598a8e08d8
0x401ed1,0x79e62ee33540
0x40182a,0x66598a8e98c0
0x40176f,0xc48ca91e2768
0x401e89,0x66598a8e23c8
0x401e47,0x79e62ee3bd90
0x401ea1,0x79e62ee35110
0x401e47,0x79e62ee3bf70
0x401ea1,0x79e62ee35250
0x40185c,0x66598a8eb380
0x40182a,0x66598a8eb540
0x401e1b,0xc48ca91d4700
0x401e31,0x66598a8ec1c8
0x401804,0x66598a8ebca8
0x401e89,0x66598a8e47c8
0x401dc9,0xc48ca91e6388
0x401e31,0x66598a8ecda8
0x401e1b,0xc48ca91d6740
0x40185c,0x66598a8ed780
0x401e89,0x66598a8e6588
0x401ed1,0x79e62ee39100
0x40187e,0x66598a8edfc0
0x401e47,0x79e62ee41c70
0x401da0,0x79e62ee39fa0
0x401cfb,0xc48ca91e8bb8
0x401d8b,0x66598a8e8bb8
0x401804,0x66598a8f1368
0x40182a,0x66598a8f1380
0x40182a,0x66598a8f1c40
0x401e47,0x79e62ee45110
0x401804,0x66598a8f1e08
0x401804,0x66598a8f31c8
0x401dc9,0xc48ca91ec1c8
0x40187e,0x66598a8f3540
0x401da0,0x79e62ee3dc60
0x401e89,0x66598a8ec648
0x401804,0x66598a8f3d08
0x401e47,0x79e62ee47290
0x401dc9,0xc48ca91ecda8
0x401e31,0x66598a8f4728
0x40185c,0x66598a8f5100
0x40185c,0x66598a8f5240
0x401e47,0x79e62ee47a10
0x401cfb,0xc48ca91ee818
0x401ed1,0x79e62ee410c0
0x401da0,0x79e62ee411a0
0x401e1b,0xc48ca91ded40
0x401d8b,0x66598a8ee818
0x401e31,0x66598a8f6768
0x401cfb,0xc48ca91f0998
0x401ed1,0x79e62ee43100
0x401e47,0x79e62ee4b3b0
0x401d8b,0x66598a8f0998
0x40187e,0x66598a8f9100
0x401e31,0x66598a8f8988
0x401e1b,0xc48ca91e23c0
0x4017e0,0x66598a8f0f88
0x401e31,0x66598a8f8fc8
0x401e89,0x66598a8f25c8
0x401ea1,0x79e62ee45310
0x401e31,0x66598a8fa4c8
0x401804,0x66598a8f9fa8
0x401cfb,0xc48ca91f2ed8
0x401da0,0x79e62ee45720
0x401e47,0x79e62ee4d7b0
0x401e89,0x66598a8f2e88
0x401ea1,0x79e62ee45a90
0x401d8b,0x66598a8f2ed8
0x401e1b,0xc48ca91e47c0
0x401dc9,0xc48ca91f4728
0x401e47,0x79e62ee4dfd0
0x401ea1,0x79e62ee47210
0x401e31,0x66598a8fc508
0x40182a,0x66598a8fbd80
0x401804,0x66598a8fbf48
0x401cfb,0xc48ca91f4fb8
0x401e1b,0xc48ca91e6580
0x401cfb,0xc48ca91f6418
0x401d8b,0x66598a8f4fb8
0x401da0,0x79e62ee47c60
0x401ed1,0x79e62ee47cc0
0x401dc9,0xc48ca91f6768
0x401d8b,0x66598a8f6418
0x401804,0x66598a8fdc68
0x401cfb,0xc48ca91f6c38
0x401d8b,0x66598a8f6c38
0x401da0,0x79e62ee498e0
0x401e31,0x66598a8fed68
0x401dc9,0xc48ca91f8988
0x401da0,0x79e62ee4b560
0x40187e,0x66598a9010c0
0x401804,0x66598a9011a8
0x401dc9,0xc48ca91f8fc8
0x401e47,0x79e62ee53550
0x401dc9,0xc48ca91fa4c8
0x401ea1,0x79e62ee4bc90
0x401804,0x66598a901c48
0x401e31,0x66598a9023e8
0x401e47,0x79e62ee55130
0x401e47,0x79e62ee55270
0x40187e,0x66598a903100
0x401e1b,0xc48ca91ec640
0x401dc9,0xc48ca91fc508
0x401e31,0x66598a9047e8
0x40182a,0x66598a905100
0x40185c,0x66598a905300
0x401804,0x66598a905728
0x401cfb,0xd6932869e518
0x40185c,0x66598a905a80
0x401d8b,0x66598a8fe518
0x401e47,0x79e62ee59110
0x401ea1,0x79e62ee51350
0x401e31,0x66598a9065a8
0x401cfb,0xd6932869ebf8
0x401da0,0x79e62ee513a0
0x401dc9,0xd6932869ed68
0x40185c,0x66598a907200
0x401d8b,0x66598a8febf8
0x40182a,0x66598a907280
0x401cfb,0xd693286a0198
0x401da0,0x79e62ee51c60
0x401d8b,0x66598a900198
0x401ed1,0x79e62ee51e00
0x40182a,0x66598a907a00
0x401804,0x66598a907c68
0x401cfb,0xd693286a09b8
0x401ed1,0x79e62ee531c0
0x40187e,0x66598a907cc0
0x401e89,0x66598a9008c8
0x401e1b,0xc48ca91f0f80
0x401cfb,0xd693286a0d78
0x401d8b,0x66598a9009b8
0x401e31,0x66598a908b88
0x401d8b,0x66598a900d78
0x401dc9,0xd693286a23e8
0x401e1b,0xc48ca91f25c0
0x401ed1,0x79e62ee53d00
0x401804,0x66598a9098e8
0x401cfb,0xd693286a2778
0x401d8b,0x66598a902778
0x401e1b,0xc48ca91f2e80
0x401804,0x66598a90b388
0x401804,0x66598a90b568
0x401dc9,0xd693286a47e8
0x40185c,0x66598a90bc80
0x401e31,0x66598a90c668
0x401cfb,0xd693286a6398
0x401804,0x66598a90d788
0x401dc9,0xd693286a65a8
0x401d8b,0x66598a906398
0x401e47,0x79e62ee610d0
0x40182a,0x66598a90dfc0
0x401ea1,0x79e62ee59f90
0x401dc9,0xd693286a8b88
0x401e47,0x79e62ee63110
0x401804,0x66598a9113a8
0x40185c,0x66598a911340
0x401e31,0x66598a910fa8
0x401da0,0x79e62ee5bda0
0x401ed1,0x79e62ee5bf40
0x401804,0x66598a911c68
0x40187e,0x66598a911e00
0x401e31,0x66598a9125e8
0x401e47,0x79e62ee65330
0x40187e,0x66598a9131c0
0x401cfb,0xd693286ac1d8
0x40182a,0x66598a913540
0x401e31,0x66598a912ea8
0x401ea1,0x79e62ee5dc50
0x401e47,0x79e62ee65ab0
0x401dc9,0xd693286ac668
0x401d8b,0x66598a90c1d8
0x40187e,0x66598a913d00
0x401e47,0x79e62ee67230
0x401cfb,0xd693286acdb8
0x401804,0x66598a915108
0x401804,0x66598a915248
0x401d8b,0x66598a90cdb8
0x401e31,0x66598a914f88
0x401e47,0x79e62ee67cd0
0x401ea1,0x79e62ee61190
0x401e89,0x66598a90e808
0x401e31,0x66598a916c08
0x401ed1,0x79e62ee61c40
0x401e1b,0xd693286a08c0
0x4017e0,0x66598a910988
0x401dc9,0xd693286b0fa8
0x40182a,0x66598a919100
0x401dc9,0xd693286b25e8
0x401e47,0x79e62ee6bcb0
0x401da0,0x79e62ee65120
0x40185c,0x66598a919f80
0x401dc9,0xd693286b2ea8
0x401ea1,0x79e62ee65710
0x401e89,0x66598a912ec8
0x401cfb,0xd693286b4738
0x401804,0x66598a91bda8
0x401da0,0x79e62ee672a0
0x401d8b,0x66598a914738
0x40187e,0x66598a91bf40
0x401dc9,0xd693286b4f88
0x401da0,0x79e62ee67a20
0x401ea1,0x79e62ee67c50
0x401cfb,0xd693286b6778
0x401e89,0x66598a916408
0x40185c,0x66598a91dc40
0x401dc9,0xd693286b6c08
0x401d8b,0x66598a916778
0x401e47,0x79e62ee71370
0x401ea1,0x79e62ee698d0
0x401e31,0x66598a91ebc8
0x401e47,0x79e62ee71e10
0x401cfb,0xd693286b8998
0x401796,0x79e62ee731d0
0x401ea1,0x79e62ee6b550
0x4017b0,0x79e62ee6b380
0x401d8b,0x66598a918998
0x40182a,0x66598a9210c0
0x401e31,0x66598a9208e8
0x40185c,0x66598a921180
0x401e31,0x66598a920988
0x401cfb,0xd693286b8fd8
0x401e31,0x66598a920d48
0x401d8b,0x66598a918fd8
0x401cfb,0xd693286ba4d8
0x401e47,0x79e62ee73d10
0x401d8b,0x66598a91a4d8
0x40187e,0x66598a921c40
0x401e31,0x66598a922748
0x40182a,0x66598a923100
0x401ed1,0x79e62ee6d780
0x401cfb,0xd693286bc518
0x401da0,0x79e62ee6dfe0
0x401d8b,0x66598a91c518
0x401804,0x66598a925128
0x401804,0x66598a925308
0x401dc9,0x2c2cbb4263a8
0x40185c,0x66598a925700
0x401dc9,0x2c2cbb426588
0x401e1b,0xd693286ae800
0x401804,0x66598a925a88
0x401e89,0x66598a91e508
0x401ea1,0x79e62ee71390
0x401804,0x66598a927208
0x401804,0x66598a9272a8
0x401d8b,0x66598a91ed78
0x401ea1,0x79e62ee71c50
0x401e89,0x66598a920188
0x401e1b,0xd693286b0980
0x401804,0x66598a927a28
0x401736,0x66598a927c40
0x401e47,0x79e62ee79fb0
0x40182a,0x66598a927cc0
0x401da0,0x79e62ee73560
0x40185c,0x66598a9298c0
0x401d8b,0x66598a9223f8
0x401e47,0x79e62ee7bf50
0x401ed1,0x79e62ee75100
0x401ed1,0x79e62ee75240
0x401e1b,0xd693286b2ec0
0x401dc9,0x2c2cbb42c1e8
0x40187e,0x66598a92b380
0x401861,0x66598a92b548
0x401dc9,0x2c2cbb42c648
0x401e47,0x79e62ee7dc70
0x401804,0x66598a92bc88
0x401d8b,0x66598a9247f8
0x401cfb,0x2c2cbb42cd98
0x401e1b,0xd693286b6400
0x401e31,0x66598a92cd88
0x40187e,0x66598a92d780
0x401e89,0x66598a926388
0x401cfb,0x2c2cbb42e838
0x401da0,0x79e62ee79120
0x401d8b,0x66598a9265b8
0x401e47,0x79e62ee811b0
0x401804,0x66598a92dfe8
0x401e31,0x66598a92e828
0x401e47,0x79e62ee81c50
0x401cfb,0x2c2cbb4309b8
0x401dc9,0x2c2cbb430f88
0x401e31,0x66598a9309a8
0x401d8b,0x66598a928b98
0x401804,0x66598a931348
0x40185c,0x66598a931380
0x401dc9,0x2c2cbb4325c8
0x401ea1,0x79e62ee7bd90
0x40185c,0x66598a931c40
0x40182a,0x66598a931e00
0x401dc9,0x2c2cbb432e88
0x401cfb,0x2c2cbb432ef8
0x40182a,0x66598a9331c0
0x401e47,0x79e62ee85730
0x401804,0x66598a933568
0x401e31,0x66598a932ee8
0x401e89,0x66598a92c1c8
0x401cfb,0x2c2cbb434718
0x40182a,0x66598a933d00
0x401d8b,0x66598a92c678
0x401e31,0x66598a934708
0x40187e,0x66598a935100
0x40187e,0x66598a935240
0x401cfb,0x2c2cbb436438
0x401e47,0x79e62ee87c70
0x401cfb,0x2c2cbb436758
0x401da0,0x79e62ee810e0
0x401e31,0x66598a936428
0x401e31,0x66598a936748
0x401e47,0x79e62ee898f0
0x401dc9,0x2c2cbb4389a8
0x401da0,0x79e62ee83120
0x401e1b,0x2c2cbb428b80
0x401e47,0x79e62ee8b390
0x401804,0x66598a939128
0x401dc9,0x2c2cbb438fe8
0x401e47,0x79e62ee8b570
0x401dc9,0x2c2cbb43a4e8
0x401d8b,0x66598a930fb8
0x401ea1,0x79e62ee85110
0x401d8b,0x66598a9325f8
0x401ed1,0x79e62ee85300
0x401804,0x66598a939f88
0x401e47,0x79e62ee8d790
0x401d8b,0x66598a932eb8
0x401ed1,0x79e62ee85a80
0x401dc9,0x2c2cbb43c528
0x401ea1,0x79e62ee87290
0x401ed1,0x79e62ee87200
0x40185c,0x66598a93bd80
0x40182a,0x66598a93bf40
0x401ea1,0x79e62ee87a10
0x401d8b,0x66598a934f98
0x401cfb,0x2c2cbb43e538
0x401da0,0x79e62ee87ce0
0x401804,0x66598a93dc48
0x401e31,0x66598a93e528
0x401cfb,0x2c2cbb43ed58
0x401e47,0x79e62ee913b0
0x401d8b,0x66598a936c18
0x401cfb,0x2c2cbb4401b8
0x401e31,0x66598a93ed48
0x401796,0x79e62ee91c70
0x401e31,0x66598a9401a8
0x401dc9,0x2c2cbb4408c8
0x401e89,0x66598a938988
0x401804,0x66598a9410e8
0x401804,0x66598a941188
0x401e89,0x66598a938fc8
0x401cfb,0x2c2cbb4423d8
0x401ed1,0x79e62ee8bc80
0x401e89,0x66598a93a4c8
0x401e31,0x66598a9423c8
0x40182a,0x66598a941c40
0x401e47,0x79e62ee95110
0x401e47,0x79e62ee95250
0x401804,0x66598a943128
0x401ea1,0x79e62ee8dfd0
0x401cfb,0x2c2cbb4447d8
0x401e89,0x66598a93c508
0x401e1b,0x2c2cbb434f80
0x401e31,0x66598a9447c8
0x40185c,0x66598a945100
0x40187e,0x66598a945300
0x401cfb,0x2c2cbb4463b8
0x401804,0x66598a945708
0x401cfb,0x2c2cbb446598
0x40187e,0x66598a945a80
0x401e1b,0x2c2cbb436c00
0x401e31,0x66598a9463a8
0x401e31,0x66598a946588
0x401ed1,0x79e62ee91340
0x40187e,0x66598a947200
0x40185c,0x66598a947280
0x401d8b,0x66598a93ebd8
0x401da0,0x79e62ee91e20
0x40185c,0x66598a947a00
0x401cfb,0x2149a6ca98f8
0x401804,0x66598a947c48
0x401804,0x66598a947ce8
0x401da0,0x79e62ee931e0
0x401ea1,0x79e62ee93550
0x401d8b,0x66598a9408f8
0x401d8b,0x66598a940998
0x401d8b,0x66598a940d58
0x401cfb,0x2149a6cab398
0x401cfb,0x2149a6cab578
0x401da0,0x79e62ee93d20
0x401804,0x66598a9498c8
0x401e47,0x79e62ee9bdb0
0x401dc9,0x2149a6cabc88
0x401d8b,0x66598a942758
0x40182a,0x66598a94b380
0x401804,0x66598a94b548
0x401cfb,0x2149a6cad798
0x401e31,0x66598a94c1e8
0x40187e,0x66598a94bc80
0x401e31,0x66598a94c648
0x401dc9,0x2149a6cadfe8
0x40182a,0x66598a94d780
0x401ea1,0x79e62ee99110
0x401e1b,0x2c2cbb43ebc0
0x40185c,0x66598a94dfc0
0x40176f,0x2149a6cb1348
0x401cfb,0x2149a6cb13b8
0x401e1b,0x2c2cbb440980
0x401ed1,0x79e62ee99f80
0x401e1b,0x2c2cbb440d40
0x401cfb,0x2149a6cb1c78
0x401e89,0x66598a948b88
0x401804,0x6af9d6d06388
0x40182a,0x6af9d6d06580
0x401e1b,0x2c2cbb442740
0x401dc9,0x2149a6cb3568
0x401e31,0x66598a950f88
0x401e31,0x6af9d6d07208
0x401da0,0x79e62ee9bf60
0x401e31,0x6af9d6d072a8
0x401e47,0x41d09e9a5130
0x401e47,0x41d09e9a5310
0x401e31,0x6af9d6d07a28
0x401cfb,0x2149a6cb5118
0x401cfb,0x2149a6cb5258
0x401e47,0x41d09e9a5a90
0x401ed1,0x79e62ee9dc40
0x40185c,0x6af9d6d08b80
0x401e47,0x41d09e9a7210
0x401e47,0x41d09e9a72b0
0x401d8b,0x66598a94cd98
0x401e47,0x41d09e9a7a30
0x401ea1,0x79e62eea10d0
0x401ed1,0x79e62eea1180
0x401d8b,0x66598a94e838
0x401804,0x6af9d6d0c1c8
0x401dc9,0x2149a6cb9128
0x401e31,0x6af9d6d0bc88
0x40182a,0x6af9d6d0c640
0x401da0,0x79e62eea1c60
0x401ea1,0x79e62eea3110
0x401804,0x6af9d6d0cda8
0x401d8b,0x66598a9509b8
0x401dc9,0x2149a6cb9f88
0x401e31,0x6af9d6d0dfe8
0x40187e,0x6af9d6d0e800
0x401e47,0x41d09e9abc90
0x401cfb,0x2149a6cbbdb8
0x401ed1,0x41d09e9a5700
0x401e89,0x6af9d6d07cc8
0x401d8b,0x6af9d6d07c78
0x40187e,0x6af9d6d10980
0x401e31,0x6af9d6d11348
0x401e47,0x41d09e9adff0
0x401dc9,0x2149a6cbdc48
0x40182a,0x6af9d6d10f80
0x401d8b,0x6af9d6d098f8
0x40182a,0x6af9d6d125c0
0x401ea1,0x41d09e9a7cd0
0x401ed1,0x41d09e9a7c40
0x401d8b,0x6af9d6d0b398
0x401d8b,0x6af9d6d0b578
0x401e31,0x6af9d6d13568
0x40182a,0x6af9d6d12e80
0x40187e,0x6af9d6d12ec0
0x401e47,0x41d09e9b1350
0x40176f,0x2149a6cc10e8
0x401dc9,0x2149a6cc1188
0x401ed1,0x41d09e9a98c0
0x401804,0x6af9d6d14728
0x401e1b,0x2149a6cb1e00
0x401d8b,0x6af9d6d0d798
0x401da0,0x41d09e9ab3a0
0x40185c,0x6af9d6d14f80
0x401ed1,0x41d09e9ab540
0x401e1b,0x2149a6cb31c0
0x401e47,0x41d09e9b3570
0x401dc9,0x2149a6cc3128
0x40187e,0x6af9d6d16400
0x401804,0x6af9d6d16768
0x40185c,0x6af9d6d16c00
0x401e1b,0x2149a6cb3d00
0x401da0,0x41d09e9ad7a0
0x401cfb,0x2149a6cc5138
0x401cfb,0x2149a6cc5318
0x401dc9,0x2149a6cc5708
0x401804,0x6af9d6d18988
0x401e31,0x6af9d6d19128
0x401d8b,0x6af9d6d113b8
0x401cfb,0x2149a6cc5a98
0x401804,0x6af9d6d18fc8
0x401e47,0xfafbfaad1370
0x401e89,0x6af9d6d11e08
0x401d8b,0x6af9d6d11c78
0x401804,0x6af9d6d1a4c8
0x401cfb,0x2149a6cc7218
0x401cfb,0x2149a6cc72b8
0x401e31,0x6af9d6d19f88
0x401e89,0x6af9d6d131c8
0x401e47,0xfafbfaad1e10
0x401cfb,0x2149a6cc7a38
0x401dc9,0x2149a6cc7c48
0x401ed1,0x41d09e9b1380
0x401dc9,0x2149a6cc7ce8
0x401e89,0x6af9d6d13d08
0x401804,0x6af9d6d1c508
0x401ed1,0x41d09e9b1c40
0x401d8b,0x6af9d6d15118
0x401ea1,0x41d09e9b1e10
0x401d8b,0x6af9d6d15258
0x401dc9,0x2149a6cc98c8
0x401ea1,0x41d09e9b31d0
0x401e31,0x6af9d6d1dc48
0x40187e,0x6af9d6d1e500
0x401dc9,0x2149a6ccb548
0x401ea1,0x41d09e9b3d10
0x40185c,0x6af9d6d1ebc0
0x401804,0x6af9d6d1ed68
0x401cfb,0x2149a6ccbc98
0x401e1b,0x2149a6cbbf40
0x401e47,0xfc47cbc31390
0x40187e,0x6af9d6d20180
0x401e47,0xfc47cbc31c50
0x40182a,0x6af9d6d208c0
0x401e31,0x6af9d6d210e8
0x40185c,0x6af9d6d20980
0x401e31,0x6af9d6d21188
0x401e47,0xfc47cbc31e30
0x40185c,0x6af9d6d20d40
0x401ea1,0xfafbfaad1390
0x401e47,0xfc47cbc331f0
0x401cfb,0x2149a6ccdff8
0x401804,0x6af9d6d223e8
0x401ea1,0xfafbfaad1c50
0x40185c,0x6af9d6d22740
0x401e31,0x6af9d6d23128
0x401e47,0xfc47cbc33d30
0x401ea1,0xfc47cbc2d790
0x401d8b,0x6af9d6d1bdb8
0x401dc9,0x2149a6cd1388
0x401e89,0x6af9d6d1bf48
0x401cfb,0x2149a6cd1358
0x401804,0x6af9d6d247e8
0x401ed1,0xfc47cbc2dfc0
0x401e1b,0x2149a6cc1c40
0x401dc9,0x2149a6cd1c48
0x401e31,0x6af9d6d25708
0x401dc9,0x2149a6cd1e28
0x401dc9,0x2149a6cd31e8
0x40187e,0x6af9d6d26380
0x401804,0x6af9d6d265a8
0x401cfb,0x2149a6cd3578
0x401da0,0xfc47cbc31360
0x401dc9,0x2149a6cd3d28
0x401e31,0x6af9d6d27c48
0x401e31,0x6af9d6d27ce8
0x401804,0x6af9d6d28b88
0x401ed1,0xfc47cbc33540
0x401e31,0x6af9d6d298c8
0x401e89,0x6af9d6d21c48
0x401e47,0xfc47cbc3bd90
0x401ea1,0xfc47cbc35110
0x401e47,0xfc47cbc3bf70
0x401ea1,0xfc47cbc35250
0x4017a3,0x6af9d6d2b548
0x40187e,0x6af9d6d2c1c0
0x401cfb,0x2149a6cd9138
0x401804,0x6af9d6d2c668
0x401d8b,0x6af9d6d25138
0x401d8b,0x6af9d6d25318
0x40185c,0x6af9d6d2cd80
0x401d8b,0x6af9d6d25a98
0x401cfb,0x2149a6cd9f98
0x401e1b,0x2149a6ccb380
0x40182a,0x6af9d6d2e800
0x401d8b,0x6af9d6d27218
0x401d8b,0x6af9d6d272b8
0x401ed1,0xfc47cbc39100
0x401dc9,0x2149a6cdbd88
0x401dc9,0x2149a6cdbf68
0x401d8b,0x6af9d6d27a38
0x401e1b,0x2149a6ccd780
0x401e47,0xfc47cbc41c70
0x40182a,0x6af9d6d30980
0x401da0,0xfc47cbc39fa0
0x401e31,0x6af9d6d31388
0x401cfb,0x2149a6cddc58
0x401804,0x6af9d6d30fa8
0x401e31,0x6af9d6d31c48
0x401804,0x6af9d6d325e8
0x401e31,0x6af9d6d31e28
0x401e89,0x6af9d6d2b388
0x401e31,0x6af9d6d331e8
0x401e47,0xfc47cbc45110
0x401804,0x6af9d6d32ea8
0x40182a,0x6af9d6d32ec0
0x401cfb,0x2149a6ce10f8
0x401d8b,0x6af9d6d2bc98
0x401cfb,0x2149a6ce1198
0x401e31,0x6af9d6d33d28
0x40185c,0x6af9d6d34700
0x401da0,0xfc47cbc3dc60
0x401e89,0x6af9d6d2d788
0x401dc9,0x2149a6ce1c68
0x401e47,0xfc47cbc47290
0x401804,0x6af9d6d34f88
0x401cfb,0x2149a6ce3138
0x40182a,0x6af9d6d36400
0x401e47,0xfc47cbc47a10
0x40185c,0x6af9d6d36740
0x401d8b,0x6af9d6d2dff8
0x401804,0x6af9d6d36c08
0x401ed1,0xfc47cbc410c0
0x401da0,0xfc47cbc411a0
0x401e1b,0x2149a6cd5100
0x401e1b,0x2149a6cd5240
0x401dc9,0x2149a6ce5108
0x401cfb,0x2149a6ce5718
0x40187e,0x6af9d6d38980
0x401d8b,0x6af9d6d31358
0x401ed1,0xfc47cbc43100
0x40187e,0x6af9d6d38fc0
0x401e47,0xfc47cbc4b3b0
0x401dc9,0x2149a6ce7288
0x40187e,0x6af9d6d3a4c0
0x401dc9,0x2149a6ce7a08
0x401d8b,0x6af9d6d33578
0x401ea1,0xfc47cbc45310
0x401cfb,0x2149a6ce7c58
0x401cfb,0x2149a6ce7cf8
0x401da0,0xfc47cbc45720
0x401e47,0xfc47cbc4d7b0
0x401ea1,0xfc47cbc45a90
0x40187e,0x6af9d6d3c500
0x401e31,0x6af9d6d3bd88
0x401e89,0x6af9d6d35108
0x401e31,0x6af9d6d3bf68
0x401e89,0x6af9d6d35248
0x401cfb,0x2149a6ce98d8
0x401ea1,0xfc47cbc47210
0x401e47,0xfc47cbc4dfd0
0x40182a,0x6af9d6d3e500
0x401dc9,0x2149a6ceb3a8
0x401da0,0xfc47cbc47c60
0x401ed1,0xfc47cbc47cc0
0x401cfb,0x2149a6ceb558
0x401804,0x6af9d6d3ebc8
0x40185c,0x6af9d6d3ed40
0x40182a,0x6af9d6d40180
0x401da0,0xfc47cbc498e0
0x401d8b,0x6af9d6d39138
0x401804,0x6af9d6d408e8
0x401dc9,0x2149a6ced7a8
0x401804,0x6af9d6d40988
0x401804,0x6af9d6d40d48
0x401da0,0xfc47cbc4b560
0x401dc9,0x2149a6cedfc8
0x401e47,0xfc47cbc53550
0x40185c,0x6af9d6d423c0
0x401e31,0x6af9d6d41c68
0x401d8b,0x6af9d6d39f98
0x401ea1,0xfc47cbc4bc90
0x401804,0x6af9d6d42748
0x401e47,0xfc47cbc55130
0x401e47,0xfc47cbc55270
0x401cfb,0x2149a6cf1398
0x40185c,0x6af9d6d447c0
0x401e31,0x6af9d6d45108
0x401cfb,0x2149a6cf1c58
0x401cfb,0x2149a6cf1e38
0x401d8b,0x6af9d6d3dc58
0x40182a,0x6af9d6d46380
0x401cfb,0x2149a6cf31f8
0x40185c,0x6af9d6d46580
0x401dc9,0x2149a6cf3548
0x401e31,0x6af9d6d47288
0x401e47,0xfc47cbc59110
0x401ea1,0xfc47cbc51350
0x401da0,0xfc47cbc513a0
0x401cfb,0x2149a6cf3d38
0x401e31,0x6af9d6d47a08
0x401dc9,0x2149a6cf5128
0x401e1b,0x2149a6ce5300
0x401dc9,0x2149a6cf5268
0x401da0,0xfc47cbc51c60
0x401d8b,0x6af9d6d410f8
0x401d8b,0x6af9d6d41198
0x401ed1,0xfc47cbc51e00
0x401e1b,0x2149a6ce5a80
0x40187e,0x6af9d6d48b80
0x401ed1,0xfc47cbc531c0
0x401e1b,0x2149a6ce7200
0x4017b0,0xfc47cbc53d00
0x40173b,0x6af9d6d43138
0x401e31,0x6af9d6d4b3a8
0x40182a,0x6af9d6d4c1c0
0x401dc9,0x2149a6cf9108
0x401861,0x6af9d6d4c648
0x401e89,0x6af9d6d45308
0x401804,0x6af9d6d4cd88
0x401d8b,0x6af9d6d45718
0x401e31,0x6af9d6d4d7a8
0x401e89,0x6af9d6d45a88
0x401804,0x6af9d6d4e828
0x401e89,0x6af9d6d47208
0x401e31,0x6af9d6d4dfc8
0x401e1b,0x2149a6cebc80
0x401e47,0xfc47cbc610d0
0x401cfb,0x2149a6cfbd98
0x401cfb,0x2149a6cfbf78
0x401d8b,0x6af9d6d47cf8
0x401d8b,0x6af9d6d47c58
0x401804,0x6af9d6d509a8
0x401ea1,0xfc47cbc59f90
0x401e47,0xfc47cbc63110
0x40185c,0x6af9d6d50f80
0x401d8b,0x6af9d6d498d8
0x401736,0x6af9d6d525c0
0x401da0,0xfc47cbc5bda0
0x401ed1,0xfc47cbc5bf40
0x401d8b,0x6af9d6d4b558
0x401e31,0x6af9d6d53548
0x401804,0x6af9d6d52ee8
0x40185c,0x6af9d6d52e80
0x401e47,0xfc47cbc65330
0x401e89,0x6af9d6d4bc88
0x401dc9,0x2149a6d010c8
0x401e1b,0x2149a6cf1340
0x401ea1,0xfc47cbc5dc50
0x401804,0x6af9d6d54708
0x401e47,0xfc47cbc65ab0
0x401e31,0x6af9d6d55128
0x401e31,0x6af9d6d55268
0x401e47,0xfc47cbc67230
0x401cfb,0x2149a6d01c78
0x40187e,0x6af9d6d54f80
0x401dc9,0x2149a6d03108
0x401804,0x6af9d6d56428
0x401804,0x6af9d6d56748
0x401e47,0xfc47cbc67cd0
0x401ea1,0xfc47cbc61190
0x40187e,0x6af9d6d56c00
0x401cfb,0x2149a6d05118
0x401dc9,0x2149a6d05328
0x401ed1,0xfc47cbc61c40
0x40182a,0x6af9d6d58980
0x401e31,0x6af9d6d59108
0x401e89,0x6af9d6d51348
0x401d8b,0x6af9d6d51398
0x401dc9,0x2149a6d05aa8
0x40182a,0x6af9d6d58fc0
0x401d8b,0x6af9d6d51c58
0x401dc9,0x2149a6d07228
0x40182a,0x6af9d6d5a4c0
0x40173b,0x6af9d6d51e38
0x40170a,0x2149a6d07298
0x401d8b,0x6af9d6d531f8
0x401e47,0xfc47cbc6bcb0
0x401da0,0xfc47cbc65120
0x401cfb,0x2149a6d07a18
0x401dc9,0x2149a6d07cc8
0x401ea1,0xfc47cbc65710
0x401d8b,0x6af9d6d53d38
0x40182a,0x6af9d6d5c500
0x401da0,0xfc47cbc672a0
0x401e1b,0x2149a6cf9f80
0x401804,0x6af9d6d5e528
0x401da0,0xfc47cbc67a20
0x401cfb,0x2149a6d0b3b8
0x401ea1,0xfc47cbc67c50
0x40187e,0x6af9d6d5ebc0
0x401804,0x6af9d6d5ed48
0x401dc9,0x2149a6d0bca8
0x401e47,0xfc47cbc71370
0x401804,0x6af9d6d601a8
0x401ea1,0xfc47cbc698d0
0x40185c,0x6af9d6d608c0
0x401e31,0x6af9d6d610c8
0x40187e,0x6af9d6d60980
0x401cfb,0x2149a6d0d7b8
0x401e47,0xfc47cbc71e10
0x401e1b,0x2149a6cfdc40
0x40187e,0x6af9d6d60d40
0x401e47,0xfc47cbc731d0
0x401ed1,0xfc47cbc6b380
0x401ea1,0xfc47cbc6b550
0x401804,0x6af9d6d623c8
0x401cfb,0x2149a6d0dfd8
0x401e89,0x6af9d6d59f88
0x40187e,0x6af9d6d62740
0x401e31,0x6af9d6d63108
0x401e47,0xfc47cbc73d10
0x401e1b,0x2149a6d01180
0x401ed1,0xfc47cbc6d780
0x401d8b,0x6af9d6d5bd98
0x401dc9,0x2149a6d11368
0x401d8b,0x6af9d6d5bf78
0x401804,0x6af9d6d647c8
0x401da0,0xfc47cbc6dfe0
0x401e31,0x6af9d6d65328
0x401dc9,0x2149a6d11e08
0x401e89,0x6af9d6d5dc48
0x401e31,0x6af9d6d65aa8
0x401804,0x6af9d6d663a8
0x401dc9,0x2149a6d131c8
0x401804,0x6af9d6d66588
0x401cfb,0x2149a6d13558
0x401e31,0x6af9d6d67228
0x401ea1,0xfc47cbc71390
0x401dc9,0x2149a6d13d08
0x401cfb,0x2149a6d15138
0x401cfb,0x2149a6d15278
0x401e31,0x6af9d6d67cc8
0x401ea1,0xfc47cbc71c50
0x401e1b,0x2149a6d05700
0x401e89,0x6af9d6d61188
0x40182a,0x6af9d6d68b80
0x401e47,0xfc47cbc79fb0
0x401da0,0xfc47cbc73560
0x401d8b,0x6af9d6d61c78
0x401e47,0xfc47cbc7bf50
0x401e1b,0x2149a6d07c40
0x401ed1,0xfc47cbc75100
0x401ed1,0xfc47cbc75240
0x401804,0x6af9d6d6c1e8
0x401cfb,0x2149a6d19118
0x401e31,0x6af9d6d6bca8
0x401804,0x6af9d6d6c648
0x401d8b,0x6af9d6d65118
0x401e47,0xfc47cbc7dc70
0x401e1b,0x2149a6d098c0
0x401e89,0x6af9d6d65708
0x40187e,0x6af9d6d6cd80
0x401dc9,0x2149a6d19fa8
0x401e1b,0x2149a6d0b540
0x40185c,0x6af9d6d6e800
0x401d8b,0x6af9d6d67298
0x401da0,0xfc47cbc79120
0x401e47,0xfc47cbc811b0
0x401dc9,0x2149a6d1bf48
0x401d8b,0x6af9d6d67a18
0x401e89,0x6af9d6d67c48
0x401e47,0xfc47cbc81c50
0x40185c,0x6af9d6d70980
0x401e31,0x6af9d6d71368
0x401dc9,0x2149a6d1dc68
0x401e89,0x6af9d6d698c8
0x401804,0x6af9d6d70f88
0x401804,0x6af9d6d725c8
0x401e31,0x6af9d6d71e08
0x401ea1,0xfc47cbc7bd90
0x401d8b,0x6af9d6d6b3b8
0x401e31,0x6af9d6d731c8
0x401e89,0x6af9d6d6b548
0x401804,0x6af9d6d72e88
0x40185c,0x6af9d6d72ec0
0x401e1b,0x2149a6d11380
0x401e47,0xfc47cbc85730
0x401cfb,0x2149a6d210d8
0x401dc9,0x2149a6d211a8
0x401e31,0x6af9d6d73d08
0x40187e,0x6af9d6d74700
0x401e1b,0x2149a6d11c40
0x401dc9,0x2149a6d21c48
0x401d8b,0x6af9d6d6d7b8
0x40182a,0x6af9d6d74f80
0x401cfb,0x2149a6d23118
0x40185c,0x6af9d6d76400
0x401d8b,0x6af9d6d6dfd8
0x40187e,0x6af9d6d76740
0x401e47,0xfc47cbc87c70
0x401da0,0xfc47cbc810e0
0x40182a,0x6af9d6d76c00
0x401e47,0xfc47cbc898f0
0x401cfb,0x2149a6d25338
0x401804,0x6af9d6d789a8
0x401e89,0x6af9d6d71388
0x401dc9,0x2149a6d25728
0x401da0,0xfc47cbc83120
0x401cfb,0x2149a6d25ab8
0x401804,0x6af9d6d78fe8
0x401e47,0xfc47cbc8b390
0x401e47,0xfc47cbc8b570
0x401e89,0x6af9d6d71c48
0x401cfb,0x2149a6d27238
0x401804,0x6af9d6d7a4e8
0x401e31,0x6af9d6d79fa8
0x401ea1,0xfc47cbc85110
0x401d8b,0x6af9d6d73558
0x401dc9,0x2149a6d27c68
0x401ed1,0xfc47cbc85300
0x401cfb,0x2149a6d27cd8
0x401e47,0xfc47cbc8d790
0x401804,0x6af9d6d7c528
0x401ed1,0xfc47cbc85a80
0x401e31,0x6af9d6d7bf48
0x401d8b,0x6af9d6d75138
0x401d8b,0x6af9d6d75278
0x401dc9,0x2149a6d298e8
0x401ea1,0xfc47cbc87290
0x401ed1,0xfc47cbc87200
0x401ea1,0xfc47cbc87a10
0x401e31,0x6af9d6d7dc68
0x401dc9,0x2149a6d2b388
0x40185c,0x6af9d6d7e500
0x401dc9,0x2149a6d2b568
0x401da0,0xfc47cbc87ce0
0x40182a,0x6af9d6d7ebc0
0x40187e,0x6af9d6d7ed40
0x401e1b,0x2149a6d1bd80
0x401cfb,0x2149a6d2bcb8
0x401e47,0xfc47cbc913b0
0x40185c,0x6af9d6d80180
0x401d8b,0x6af9d6d79118
0x401804,0x6af9d6d808c8
0x401e47,0xfc47cbc91c70
0x401dc9,0x2149a6d2d788
0x40182a,0x6af9d6d80980
0x401e31,0x6af9d6d811a8
0x40182a,0x6af9d6d80d40
0x40187e,0x6af9d6d823c0
0x401e31,0x6af9d6d81c48
0x40182a,0x6af9d6d82740
0x401ed1,0xfc47cbc8bc80
0x401e47,0xfc47cbc95110
0x401e47,0xfc47cbc95250
0x401e89,0x6af9d6d7bd88
0x401dc9,0x2149a6d313a8
0x401cfb,0x2149a6d31378
0x40187e,0x6af9d6d847c0
0x401ea1,0xfc47cbc8dfd0
0x401dc9,0x2149a6d31c68
0x401e31,0x6af9d6d85728
0x401cfb,0x2149a6d31e18
0x40185c,0x6af9d6d86380
0x401cfb,0x2149a6d331d8
0x40187e,0x6af9d6d86580
0x401ed1,0xfc47cbc91340
0x401cfb,0x2149a6d33d18
0x401e1b,0x2149a6d25100
0x401dc9,0x2149a6d35108
0x401dc9,0x2149a6d35248
0x401d8b,0x6af9d6d810d8
0x401da0,0xfc47cbc91e20
0x401804,0x8414a34ddc48
0x401da0,0xfc47cbc931e0
0x401e31,0x8414a34de528
0x401ea1,0xfc47cbc93550
0x401e1b,0x2149a6d27280
0x401e31,0x8414a34ded48
0x401da0,0xfc47cbc93d20
0x401d8b,0x6af9d6d83118
0x401e31,0x8414a34e01a8
0x401e1b,0x2149a6d27a00
0x401e47,0xfc47cbc9bdb0
0x401804,0x8414a34e10e8
0x401804,0x8414a34e1188
0x401e89,0x6af9d6d85108
0x401d8b,0x6af9d6d85338
0x401e31,0x8414a34e23c8
0x40182a,0x8414a34e1c40
0x401804,0x8414a34e3128
0x401d8b,0x6af9d6d85ab8
0x401cfb,0x2149a6d39fb8
0x401e89,0x8414a34dc508
0x401ea1,0xfc47cbc99110
0x401dc9,0x2149a6d3bda8
0x401e31,0x8414a34e47c8
0x40185c,0x8414a34e5100
0x401cfb,0x2149a6d3bf58
0x40187e,0x8414a34e5300
0x401804,0x8414a34e5708
0x40176a,0x8414a34e5a80
0x4017b0,0xfc47cbc99f80
0x4017a3,0x8414a34e63a8
0x4017a3,0x8414a34e6588
0x40170a,0x2149a6d3dc78
0x401748,0x2149a6d2dfc0
0x40176a,0x8414a34e7200
0x401736,0x8414a34e7280
0x40173b,0x8414a34debd8
0x401736,0x8414a34e7a00
0x40172e,0xfc47cbc9bf60
0x401804,0x8414a34e7c48
0x401804,0x8414a34e7ce8
0x401796,0xfc47cbca5130
0x401796,0xfc47cbca5310
0x40173b,0x8414a34e08f8
0x40173b,0x8414a34e0998
0x40170a,0x2149a6d411b8
0x40173b,0x8414a34e0d58
0x401796,0xfc47cbca5a90
0x4017b0,0xfc47cbc9dc40
0x401804,0x8414a34e98c8
0x401796,0xfc47cbca7210
0x40173b,0x8414a34e2758
0x401796,0xfc47cbca72b0
0x40170a,0x2149a6d41c58
0x401705,0x8414a34eb380
0x401804,0x8414a34eb548
0x401748,0x2149a6d33540
0x401796,0xfc47cbca7a30
0x4017d0,0xfc47cbca10d0
0x4017a3,0x8414a34ec1e8
0x40176a,0x8414a34ebc80
0x4017b0,0xfc47cbca1180
0x4017a3,0x8414a34ec648
0x40176a,0x7ebb3c7a0180
0x40176f,0x2149a6d45128
0x40176f,0x2149a6d45308
0x40172e,0xfc47cbca1c60
0x401705,0x7ebb3c7a08c0
0x4017a3,0x7ebb3c7a10e8
0x40170a,0x2149a6d45738
0x401736,0x7ebb3c7a0980
0x4017a3,0x7ebb3c7a1188
0x4017d0,0xfc47cbca3110
0x40176f,0x2149a6d45a88
0x401736,0x7ebb3c7a0d40
0x401804,0x7ebb3c7a23e8
0x40176f,0x2149a6d47208
0x40176f,0x2149a6d472a8
0x401736,0x7ebb3c7a2740
0x401796,0xfc47cbcabc90
0x4017a3,0x7ebb3c7a3128
0x40176f,0x2149a6d47a28
0x40170a,0x2149a6d47c78
0x401748,0x2149a6d39100
0x4017e0,0x8414a34e8b88
0x4017b0,0xfc47cbca5700
0x401804,0x7ebb3c7a47e8
0x40170a,0x2149a6d498f8
0x401796,0x28d7cf3f13b0
0x4017a3,0x7ebb3c7a5708
0x40176a,0x7ebb3c7a6380
0x401804,0x7ebb3c7a65a8
0x4017d0,0xfc47cbca7cd0
0x40170a,0x2149a6d4b398
0x4017b0,0xfc47cbca7c40
0x40170a,0x2149a6d4b578
0x401796,0x28d7cf3f1c70
0x40176f,0x2149a6d4bc88
0x4017a3,0x7ebb3c7a7c48
0x4017b0,0xfc47cbca98c0
0x4017a3,0x7ebb3c7a7ce8
0x40173b,0x8414a34ecd98
0x401cfb,0x2149a6d4d798
0x401804,0x7ebb3c7a8b88
0x401e47,0x28d7cf3f5110
0x401da0,0xfc47cbcab3a0
0x401e47,0x28d7cf3f5250
0x401ed1,0xfc47cbcab540
0x401e31,0x7ebb3c7a98c8
0x401dc9,0x2149a6d4dfe8
0x401e89,0x7ebb3c7a1c48
0x401e31,0x7ebb3c7ab548
0x401e1b,0x2149a6d410c0
0x40187e,0x7ebb3c7ac1c0
0x401dc9,0x2149a6d51348
0x401cfb,0x2149a6d513b8
0x401804,0x7ebb3c7ac668
0x401d8b,0x7ebb3c7a5138
0x401d8b,0x7ebb3c7a5318
0x40185c,0x7ebb3c7acd80
0x401ed1,0x28d7cf3f1340
0x401cfb,0x2149a6d51c78
0x401e1b,0x2149a6d43100
0x401d8b,0x7ebb3c7a5a98
0x401dc9,0x2149a6d53568
0x40182a,0x7ebb3c7ae800
0x401da0,0x28d7cf3f1e20
0x401d8b,0x7ebb3c7a7218
0x401d8b,0x7ebb3c7a72b8
0x401da0,0x28d7cf3f31e0
0x401ea1,0x28d7cf3f3550
0x401d8b,0x7ebb3c7a7a38
0x401cfb,0x2149a6d55118
0x401cfb,0x2149a6d55258
0x401da0,0x28d7cf3f3d20
0x40182a,0x7ebb3c7b0980
0x401e47,0x28d7cf3fbdb0
0x401e31,0x7ebb3c7b1388
0x401804,0x7ebb3c7b0fa8
0x401e31,0x7ebb3c7b1c48
0x401804,0x7ebb3c7b25e8
0x401e31,0x7ebb3c7b1e28
0x401e89,0x7ebb3c7ab388
0x401e31,0x7ebb3c7b31e8
0x401e1b,0x2149a6d47cc0
0x401804,0x7ebb3c7b2ea8
0x40182a,0x7ebb3c7b2ec0
0x401dc9,0x2149a6d59128
0x401d8b,0x7ebb3c7abc98
0x401e31,0x7ebb3c7b3d28
0x40185c,0x7ebb3c7b4700
0x401ea1,0x28d7cf3f9110
0x401e89,0x7ebb3c7ad788
0x401804,0x7ebb3c7b4f88
0x401dc9,0x2149a6d59f88
0x40182a,0x7ebb3c7b6400
0x401d8b,0x7ebb3c7adff8
0x40185c,0x7ebb3c7b6740
0x401ed1,0x28d7cf3f9f80
0x401804,0x7ebb3c7b6c08
0x401cfb,0x2149a6d5bdb8
0x40187e,0x7ebb3c7b8980
0x401d8b,0x7ebb3c7b1358
0x401da0,0x28d7cf3fbf60
0x401e47,0x28d7cf405130
0x401dc9,0x2149a6d5dc48
0x401e47,0x28d7cf405310
0x40187e,0x7ebb3c7b8fc0
0x40187e,0x7ebb3c7ba4c0
0x401e47,0x28d7cf405a90
0x401ed1,0x28d7cf3fdc40
0x401d8b,0x7ebb3c7b3578
0x401e47,0x28d7cf407210
0x401e47,0x28d7cf4072b0
0x401dc9,0x2149a6d610e8
0x401dc9,0x2149a6d61188
0x40187e,0x7ebb3c7bc500
0x401e31,0x7ebb3c7bbd88
0x401e47,0x28d7cf407a30
0x401e89,0x7ebb3c7b5108
0x401e31,0x7ebb3c7bbf68
0x401e89,0x7ebb3c7b5248
0x401ea1,0x28d7cf4010d0
0x401ed1,0x28d7cf401180
0x401e1b,0x2149a6d51e00
0x401e1b,0x2149a6d531c0
0x401dc9,0x2149a6d63128
0x40182a,0x7ebb3c7be500
0x401da0,0x28d7cf401c60
0x401ea1,0x28d7cf403110
0x401804,0x7ebb3c7bebc8
0x401e1b,0x2149a6d53d00
0x40185c,0x7ebb3c7bed40
0x401705,0x7ebb3c7c0180
0x401cfb,0x2149a6d65138
0x401cfb,0x2149a6d65318
0x401d8b,0x7ebb3c7b9138
0x401804,0x7ebb3c7c08e8
0x401dc9,0x2149a6d65708
0x401e47,0x28d7cf40bc90
0x401804,0x7ebb3c7c0988
0x401e31,0x1d8d5dac63a8
0x401cfb,0x2149a6d65a98
0x401804,0x7ebb3c7c0d48
0x401e31,0x1d8d5dac6588
0x40187e,0x1d8d5dac7200
0x401ed1,0x28d7cf405700
0x40185c,0x1d8d5dac7280
0x401cfb,0x2149a6d67218
0x401cfb,0x2149a6d672b8
0x401d8b,0x7ebb3c7b9f98
0x40185c,0x1d8d5dac7a00
0x401804,0x1d8d5dac7c48
0x401e47,0x28d7cf40dff0
0x401cfb,0x2149a6d67a38
0x401804,0x1d8d5dac7ce8
0x401dc9,0x2149a6d67c48
0x401dc9,0x2149a6d67ce8
0x401ea1,0x28d7cf407cd0
0x401ed1,0x28d7cf407c40
0x401804,0x1d8d5dac98c8
0x401dc9,0x2149a6d698c8
0x401d8b,0x7ebb3c7bdc58
0x40182a,0x1d8d5dacb380
0x401ed1,0x28d7cf4098c0
0x401804,0x1d8d5dacb548
0x401dc9,0x2149a6d6b548
0x401e31,0x1d8d5dacc1e8
0x40187e,0x1d8d5dacbc80
0x401e47,0xab8966ef9110
0x401e31,0x1d8d5dacc648
0x401da0,0x28d7cf40b3a0
0x401cfb,0x2149a6d6bc98
0x401e1b,0x2149a6d5bf40
0x401ed1,0x28d7cf40b540
0x40182a,0x1d8d5dacd780
0x40185c,0x1d8d5dacdfc0
0x401cfb,0x2149a6d6dff8
0x401da0,0x28d7cf40d7a0
0x401e89,0x1d8d5dac8b88
0x401804,0x1d8d5dad1388
0x40187e,0x1d8d5dad1340
0x401dc9,0x2149a6d71388
0x401cfb,0x2149a6d71358
0x401e31,0x1d8d5dad0f88
0x401804,0x1d8d5dad1c48
0x401e1b,0x2149a6d61c40
0x401804,0x1d8d5dad1e28
0x401e31,0x1d8d5dad25c8
0x401dc9,0x2149a6d71c48
0x401dc9,0x2149a6d71e28
0x401804,0x1d8d5dad31e8
0x401dc9,0x2149a6d731e8
0x40185c,0x1d8d5dad3540
0x401e31,0x1d8d5dad2e88
0x401cfb,0x2149a6d73578
0x401804,0x1d8d5dad3d28
0x401dc9,0x2149a6d73d28
0x40182a,0x1d8d5dad5100
0x401e47,0xc48ca8ffe530
0x40182a,0x1d8d5dad5240
0x401d8b,0x1d8d5daccd98
0x401e47,0xc48ca8ffed50
0x401ea1,0xab8966ef9f90
0x401e47,0xc48ca90001b0
0x401d8b,0x1d8d5dace838
0x401804,0xc2041aa75128
0x401804,0xc2041aa75268
0x401da0,0xab8966efbda0
0x401ed1,0xab8966efbf40
0x401e31,0xc2041aa76408
0x401e47,0xc48ca90023d0
0x401d8b,0x1d8d5dad09b8
0x401cfb,0x2149a6d79138
0x401e31,0xc2041aa76c28
0x401ea1,0xab8966efdc50
0x401ea1,0xc48ca8ffc510
0x401804,0xc2041aa79108
0x401cfb,0x2149a6d79f98
0x401e1b,0x2149a6d6b380
0x401e47,0xc48ca90047d0
0x401d8b,0x1d8d5dad2ef8
0x40173b,0x1d8d5dad4718
0x401dc9,0x2149a6d7bd88
0x40182a,0xc2041aa79f80
0x401e47,0xc48ca90063b0
0x401dc9,0x2149a6d7bf68
0x401e47,0xc48ca9006590
0x401e89,0x1d8d5dad4f88
0x401da0,0xc48ca8ffebe0
0x401e1b,0x2149a6d6d780
0x401d8b,0x1d8d5dad6438
0x40187e,0xc2041aa7bd80
0x401d8b,0x1d8d5dad6758
0x401cfb,0x2149a6d7dc58
0x40185c,0xc2041aa7bf40
0x401e89,0x1d8d5dad6c08
0x401ed1,0xc48ca90008c0
0x401da0,0xc48ca90009a0
0x401da0,0xc48ca9000d60
0x40182a,0xc2041aa7dc40
0x401e89,0xc2041aa76748
0x401e31,0xc2041aa7e508
0x401da0,0xc48ca9002760
0x401cfb,0x2149a6d810f8
0x401cfb,0x2149a6d81198
0x401e31,0xc2041aa7ebe8
0x401e31,0xc2041aa80188
0x401e47,0xc48ca900c1f0
0x401dc9,0x2149a6d81c68
0x401d8b,0xc2041aa789b8
0x401804,0xc2041aa810c8
0x401e31,0xc2041aa809a8
0x40182a,0xc2041aa81180
0x401e47,0xc48ca900c650
0x401cfb,0x2149a6d83138
0x401e31,0xc2041aa80d68
0x401d8b,0xc2041aa78ff8
0x401d8b,0xc2041aa7a4f8
0x401736,0xc2041aa81c40
0x401e31,0xc2041aa82768
0x401804,0xc2041aa83108
0x401e1b,0x2149a6d75100
0x401e1b,0x2149a6d75240
0x401dc9,0x2149a6d85108
0x401cfb,0x2149a6d85718
0x401d8b,0xc2041aa7c538
0x40187e,0xc2041aa85100
0x401804,0xc2041aa85328
0x401dc9,0x2149a6d87288
0x401ea1,0xc48ca9008b90
0x40182a,0xc2041aa85700
0x401804,0xc2041aa85aa8
0x401dc9,0x2149a6d87a08
0x401e47,0xc48ca9010f90
0x401cfb,0x2149a6d87c58
0x401cfb,0x2149a6d87cf8
0x401804,0x24d6558c0188
0x401e47,0xc48ca90125d0
0x401e89,0xc2041aa7ed48
0x40187e,0x24d6558c08c0
0x401804,0x24d6558c09a8
0x401e47,0xc48ca9012e90
0x401cfb,0x2149a6d898d8
0x401804,0x24d6558c0d68
0x401d8b,0xc2041aa808d8
0x40182a,0x24d6558c23c0
0x401dc9,0x2149a6d8b3a8
0x401804,0x24d6558c2768
0x401cfb,0x2149a6d8b558
0x401da0,0xc48ca900cda0
0x401e89,0xc2041aa823c8
0x401ed1,0xc48ca900e800
0x40182a,0x24d6558c47c0
0x401e31,0x24d6558c5128
0x401dc9,0x2149a6d8d7a8
0x401e31,0x24d6558c5308
0x401e89,0xc2041aa847c8
0x401dc9,0x2149a6d8dfc8
0x401e31,0x24d6558c5a88
0x401804,0x24d6558c6388
0x401ed1,0xc48ca9010980
0x40182a,0x24d6558c6580
0x401e47,0xc48ca90189b0
0x401e31,0x24d6558c7208
0x401e31,0x24d6558c72a8
0x401e47,0xc48ca9018ff0
0x401e47,0xc48ca901a4f0
0x401e31,0x24d6558c7a28
0x401804,0x36cd58ebe508
0x401cfb,0x2149a6d91398
0x401e89,0x24d6558c10c8
0x401d8b,0x24d6558c11b8
0x401ed1,0xc48ca9012ec0
0x401804,0x36cd58ebebe8
0x40182a,0x36cd58ebed40
0x401cfb,0x2149a6d91c58
0x401cfb,0x2149a6d91e38
0x401804,0x36cd58ec0188
0x401e47,0xc48ca901c530
0x401da0,0xc48ca9014720
0x401d8b,0x24d6558c1c58
0x401cfb,0x2149a6d931f8
0x401dc9,0x2149a6d93548
0x401e89,0x24d6558c3108
0x40176a,0x36cd58ec08c0
0x401804,0x36cd58ec09a8
0x4017d0,0xc48ca9014f90
0x401804,0x36cd58ec0d68
0x401ed1,0xc48ca9016400
0x401cfb,0x2149a6d93d38
0x401da0,0xc48ca9016760
0x401e1b,0x2149a6d85300
0x401dc9,0x2149a6d95128
0x40182a,0x36cd58ec23c0
0x401dc9,0x2149a6d95268
0x401ea1,0xc48ca9016c10
0x401804,0x36cd58ec2768
0x401e1b,0x2149a6d85a80
0x401d8b,0x24d6558c5738
0x401e1b,0x2149a6d87200
0x401e47,0xc48ca90208d0
0x40182a,0x36cd58ec47c0
0x401e31,0x36cd58ec5128
0x401e31,0x36cd58ec5308
0x401e31,0x36cd58ec5a88
0x401dc9,0x2149a6d99108
0x401804,0x36cd58ec6388
0x401d8b,0x24d6558c7c78
0x401e89,0x24d6558c7cc8
0x40182a,0x36cd58ec6580
0x401e31,0x36cd58ec7208
0x401e31,0x36cd58ec72a8
0x401e31,0x36cd58ec7a28
0x401e89,0x36cd58ec10c8
0x40173b,0x36cd58ec11b8
0x40185c,0x36cd58ec8b80
0x401e1b,0x2149a6d8bc80
0x401cfb,0x2149a6d9bd98
0x401ed1,0xc48ca901e500
0x401cfb,0x2149a6d9bf78
0x401d8b,0x36cd58ec1c58
0x401ea1,0xc48ca901ebd0
0x401e89,0x36cd58ec3108
0x401da0,0xc48ca901ed60
0x401ed1,0xc48ca9020180
0x401804,0x36cd58ecc1c8
0x401ea1,0xc48ca9020990
0x401e31,0x36cd58ecbc88
0x40182a,0x36cd58ecc640
0x401ea1,0xc48ca9020d50
0x401e47,0xc48ca9028bb0
0x401804,0x36cd58eccda8
0x401d8b,0x36cd58ec5738
0x401da0,0xc48ca90223e0
0x401ea1,0xc48ca9022750
0x401dc9,0x2149a6da10c8
0x401e1b,0x2149a6d91340
0x401e31,0x36cd58ecdfe8
0x40187e,0x36cd58ece800
0x401cfb,0x2149a6da1c78
0x401da0,0xc48ca90247e0
0x401dc9,0x2149a6da3108
0x401d8b,0x36cd58ec7c78
0x401e89,0x36cd58ec7cc8
0x40187e,0x36cd58ed0980
0x401e31,0x36cd58ed1348
0x401ed1,0xc48ca9026380
0x401d8b,0x36cd58ec98f8
0x40182a,0x36cd58ed0f80
0x401da0,0xc48ca90265a0
0x401cfb,0x2149a6da5118
0x401e47,0xc48ca902e810
0x401dc9,0x2149a6da5328
0x40182a,0x36cd58ed25c0
0x401d8b,0x36cd58ecb398
0x401d8b,0x36cd58ecb578
0x401dc9,0x2149a6da5aa8
0x401e31,0x36cd58ed3568
0x40187e,0x36cd58ed2ec0
0x40182a,0x36cd58ed2e80
0x401dc9,0x2149a6da7228
0x401cfb,0x2149a6da7298
0x401e47,0xc48ca9030990
0x401804,0x36cd58ed4728
0x401cfb,0x2149a6da7a18
0x401dc9,0x2149a6da7cc8
0x401d8b,0x36cd58ecd798
0x40185c,0x36cd58ed4f80
0x401cfb,0x5115330c10f8
0x40187e,0x36cd58ed6400
0x401cfb,0x5115330c1198
0x401804,0x36cd58ed6768
0x401e47,0xc48ca9032ed0
0x40185c,0x36cd58ed6c00
0x401ed1,0xc48ca902c1c0
0x401dc9,0x5115330c1c68
0x401e1b,0x2149a6d99f80
0x401da0,0xc48ca902c660
0x401cfb,0x5115330c3138
0x401ea1,0xc48ca902cd90
0x401804,0x36cd58ed8988
0x401e31,0x36cd58ed9128
0x401d8b,0x36cd58ed13b8
0x401e47,0xc48ca9034fb0
0x401804,0x36cd58ed8fc8
0x401e47,0xc48ca9036410
0x401dc9,0x5115330c5108
0x401d8b,0x36cd58ed1c78
0x401e89,0x36cd58ed1e08
0x401804,0x36cd58eda4c8
0x401e89,0x36cd58ed31c8
0x401e31,0x36cd58ed9f88
0x401e47,0xc48ca9036c30
0x401cfb,0x5115330c5718
0x401e1b,0x2149a6d9dc40
0x401e89,0x36cd58ed3d08
0x401dc9,0x5115330c7288
0x401804,0x36cd58edc508
0x401d8b,0x36cd58ed5118
0x401d8b,0x36cd58ed5258
0x401da0,0xc48ca9030fa0
0x401dc9,0x5115330c7a08
0x401cfb,0x5115330c7c58
0x401cfb,0x5115330c7cf8
0x401da0,0xc48ca90325e0
0x401e1b,0x2149a6da1180
0x401e31,0x36cd58eddc48
0x40187e,0x36cd58ede500
0x401da0,0xc48ca9032ea0
0x401cfb,0x5115330c98d8
0x40185c,0x36cd58edebc0
0x401804,0x36cd58eded68
0x401ea1,0xc48ca9034710
0x40187e,0x36cd58ee0180
0x401dc9,0x5115330cb3a8
0x401cfb,0x5115330cb558
0x401e31,0x36cd58ee10e8
0x40182a,0x36cd58ee08c0
0x40185c,0x36cd58ee0980
0x401e31,0x36cd58ee1188
0x40185c,0x36cd58ee0d40
0x401ea1,0xc48ca9036750
0x401e47,0xc48ca903e510
0x401804,0x36cd58ee23e8
0x401e1b,0x2149a6da5700
0x40185c,0x36cd58ee2740
0x401e47,0xc48ca903ebf0
0x401dc9,0x5115330cd7a8
0x401e31,0x36cd58ee3128
0x401e47,0xc48ca9040190
0x401dc9,0x5115330cdfc8
0x401d8b,0x36cd58edbdb8
0x401ed1,0xc48ca9038980
0x401e89,0x36cd58edbf48
0x401e47,0xc48ca90409b0
0x401804,0x36cd58ee47e8
0x401e47,0xc48ca9040d70
0x401ed1,0xc48ca9038fc0
0x401e1b,0x2149a6da7c40
0x401e31,0x36cd58ee5708
0x401ed1,0xc48ca903a4c0
0x401e47,0xc48ca9042770
0x40187e,0x36cd58ee6380
0x401804,0x36cd58ee65a8
0x401cfb,0x5115330d1398
0x401cfb,0x5115330d1c58
0x401ed1,0xc48ca903c500
0x401cfb,0x5115330d1e38
0x401e31,0x36cd58ee7c48
0x401e31,0x36cd58ee7ce8
0x401804,0x36cd58ee8b88
0x401e47,0xc48ca9046390
0x401e31,0x36cd58ee98c8
0x401e89,0x36cd58ee1c48
0x401e1b,0x5115330c5300
0x401ea1,0xc48ca903ed50
0x401e1b,0x5115330c5a80
0x401e31,0x36cd58eeb548
0x40187e,0x36cd58eec1c0
0x401e1b,0x5115330c7200
0x401da0,0xc48ca90408e0
0x401804,0x36cd58eec668
0x401d8b,0x36cd58ee5138
0x401d8b,0x36cd58ee5318
0x401dc9,0x66598a750988
0x40185c,0x36cd58eecd80
0x401ea1,0xc48ca90423d0
0x401d8b,0x36cd58ee5a98
0x401cfb,0x66598a750f98
0x40182a,0x36cd58eee800
0x401cfb,0x66598a7525d8
0x401d8b,0x36cd58ee7218
0x401d8b,0x36cd58ee72b8
0x401e47,0xc48ca904c1d0
0x40176f,0x66598a752ec8
0x40170a,0x66598a752e98
0x40173b,0x36cd58ee7a38
0x401ea1,0xc48ca90447d0
0x40182a,0x36cd58ef0980
0x401e47,0xc48ca904cdb0
0x401e31,0x36cd58ef1388
0x401e1b,0x5115330cbc80
0x401804,0x36cd58ef0fa8
0x401ea1,0xc48ca9046590
0x401dc9,0x66598a754fa8
0x401e31,0x36cd58ef1c48
0x401804,0x36cd58ef25e8
0x401dc9,0x66598a756408
0x401e31,0x36cd58ef1e28
0x401e89,0x36cd58eeb388
0x401e31,0x36cd58ef31e8
0x401804,0x36cd58ef2ea8
0x401dc9,0x66598a756c28
0x40182a,0x36cd58ef2ec0
0x401d8b,0x36cd58eebc98
0x401e31,0x36cd58ef3d28
0x401ed1,0xc48ca9048b80
0x40185c,0x36cd58ef4700
0x401cfb,0x66598a7589b8
0x401e89,0x36cd58eed788
0x401804,0x36cd58ef4f88
0x401cfb,0x66598a758ff8
0x401e1b,0x5115330d1340
0x40182a,0x36cd58ef6400
0x401d8b,0x36cd58eedff8
0x40185c,0x36cd58ef6740
0x401cfb,0x66598a75a4f8
0x401804,0x36cd58ef6c08
0x401ea1,0xc48ca904c650
0x401e47,0xc48ca9054730
0x401e1b,0xe2032d89a4c0
0x401cfb,0x66598a75c538
0x40187e,0x36cd58ef8980
0x401d8b,0x36cd58ef1358
0x40187e,0x36cd58ef8fc0
0x401da0,0xc48ca904e820
0x401e47,0xc48ca9056770
0x40187e,0x36cd58efa4c0
0x401e1b,0xe2032d89c500
0x401dc9,0x66598a75e508
0x401d8b,0x36cd58ef3578
0x401dc9,0x66598a75ebe8
0x401dc9,0x66598a760188
0x401da0,0xc48ca90509a0
0x40187e,0x36cd58efc500
0x401e31,0x36cd58efbd88
0x401e47,0xc48ca9058990
0x401e89,0x36cd58ef5108
0x401e89,0x36cd58ef5248
0x401e31,0x36cd58efbf68
0x401ea1,0xc48ca9050f90
0x401cfb,0x66598a7608d8
0x401dc9,0x66598a7609a8
0x401e47,0xc48ca9058fd0
0x401dc9,0x66598a760d68
0x401ea1,0xc48ca90525d0
0x401e47,0xc48ca905a4d0
0x40182a,0x36cd58efe500
0x401ea1,0xc48ca9052e90
0x401dc9,0x66598a762768
0x401da0,0xc48ca9052ee0
0x401804,0x36cd58efebc8
0x401736,0x36cd58efed40
0x401e31,0x31f926b54728
0x40185c,0x31f926b55100
0x401e47,0xc48ca905c510
0x40185c,0x31f926b55240
0x401e1b,0x66598a754700
0x401d8b,0x36cd58ef9138
0x401ed1,0xc48ca9054f80
0x401da0,0xc48ca9056420
0x401e31,0x31f926b56768
0x401dc9,0x66598a766388
0x401d8b,0x36cd58ef9f98
0x401ed1,0xc48ca9056c00
0x401e1b,0x66598a756740
0x401e47,0xc48ca905ed70
0x40187e,0x31f926b59100
0x401e31,0x31f926b58988
0x401e31,0x31f926b58fc8
0x401e31,0x31f926b5a4c8
0x401cfb,0x66598a768bb8
0x401804,0x31f926b59fa8
0x401e47,0xc48ca90623f0
0x401d8b,0x36cd58efdc58
0x401e31,0x31f926b5c508
0x40182a,0x31f926b5bd80
0x401804,0x31f926b5bf48
0x401804,0x988e0f48b3a8
0x401dc9,0x66598a76c1c8
0x401e47,0xc48ca90647f0
0x40187e,0x988e0f48b540
0x401d8b,0x31f926b54fb8
0x401d8b,0x31f926b56418
0x40182a,0x988e0f48bc80
0x401dc9,0x66598a76cda8
0x401da0,0xc48ca905e520
0x401e47,0xc48ca90665b0
0x401d8b,0x31f926b56c38
0x401ed1,0xc48ca905ebc0
0x401804,0x988e0f48d7a8
0x401cfb,0x66598a76e818
0x401da0,0xc48ca90601a0
0x401e1b,0x66598a75ed40
0x401804,0x988e0f48dfc8
0x401e31,0x988e0f48e808
0x401ea1,0xc48ca90608d0
0x401ed1,0xc48ca9060980
0x401e47,0xc48ca9068b90
0x401ed1,0xc48ca9060d40
0x401cfb,0x66598a770998
0x401e31,0x988e0f490988
0x401ed1,0xc48ca9062740
0x40182a,0x988e0f491340
0x40187e,0x988e0f491380
0x401e1b,0x66598a7623c0
0x40187e,0x988e0f491c40
0x40185c,0x988e0f491e00
0x401cfb,0x66598a772ed8
0x40185c,0x988e0f4931c0
0x401e47,0xc48ca906c670
0x401804,0x988e0f493548
0x401e31,0x988e0f492ec8
0x401e1b,0x66598a7647c0
0x401dc9,0x66598a774728
0x401d8b,0x988e0f48c1f8
0x401d8b,0x988e0f48c658
0x40185c,0x988e0f493d00
0x401da0,0xc48ca90663a0
0x401804,0x988e0f495128
0x401804,0x988e0f495268
0x401cfb,0x66598a774fb8
0x401e89,0x988e0f48cd88
0x401e1b,0x66598a766580
0x401cfb,0x66598a776418
0x401e31,0x988e0f494fa8
0x401dc9,0x66598a776768
0x401e31,0x988e0f496408
0x401cfb,0x66598a776c38
0x401e31,0x988e0f496c28
0x401dc9,0x66598a778988
0x401e47,0xc48ca9070fb0
0x401804,0x988e0f499108
0x401dc9,0x66598a778fc8
0x401e47,0xc48ca90725f0
0x401dc9,0x66598a77a4c8
0x401d8b,0x988e0f490f98
0x401e47,0xc48ca9072eb0
0x401d8b,0x988e0f4925d8
0x401da0,0xc48ca906c1e0
0x40182a,0x988e0f499f80
0x401d8b,0x988e0f492e98
0x401e1b,0x66598a76c640
0x401dc9,0x66598a77c508
0x401ed1,0xc48ca906cd80
0x401e31,0xd7cc94e15108
0x401e31,0xd7cc94e15248
0x401e47,0xc48ca9074f90
0x401e89,0x988e0f494708
0x40187e,0x988e0f49bd80
0x40185c,0x988e0f49bf40
0x401ea1,0xc48ca906e810
0x401804,0xd7cc94e16408
0x401cfb,0x66598a77e518
0x40182a,0xd7cc94e16740
0x401e47,0xc48ca9076c10
0x401804,0xd7cc94e16c28
0x401e89,0x988e0f496748
0x401cfb,0x66598a77ebf8
0x401dc9,0x66598a77ed68
0x401ea1,0xc48ca9070990
0x401cfb,0x66598a780198
0x40185c,0xd7cc94e18980
0x401cfb,0x66598a7809b8
0x401e1b,0x66598a770f80
0x401cfb,0x66598a780d78
0x40185c,0xd7cc94e18fc0
0x401d8b,0x988e0f4989b8
0x40185c,0xd7cc94e1a4c0
0x401dc9,0x66598a7823e8
0x401e1b,0x66598a7725c0
0x401d8b,0x988e0f498ff8
0x401ea1,0xc48ca9072ed0
0x401cfb,0x66598a782778
0x401d8b,0x988e0f49a4f8
0x401e1b,0x66598a772e80
0x401ed1,0xc48ca9074700
0x40185c,0xd7cc94e1c500
0x401e31,0xd7cc94e1bda8
0x401dc9,0x66598a7847e8
0x401ea1,0xc48ca9076410
0x401ed1,0xc48ca9076740
0x401804,0xd7cc94e1e508
0x401cfb,0x66598a786398
0x401dc9,0x66598a7865a8
0x401e47,0xc48ca907ebd0
0x401804,0xd7cc94e1ebe8
0x40182a,0xd7cc94e1ed40
0x401804,0xd7cc94e20188
0x401da0,0xc48ca90789a0
0x401e47,0xc48ca90808f0
0x401e47,0xc48ca9080990
0x401e89,0xd7cc94e19108
0x40187e,0xd7cc94e208c0
0x401804,0xd7cc94e209a8
0x401e47,0xc48ca9080d50
0x401da0,0xc48ca9078fe0
0x401dc9,0x66598a788b88
0x401804,0xd7cc94e20d68
0x401da0,0xc48ca907a4e0
0x401e47,0xc48ca9082750
0x40182a,0xd7cc94e223c0
0x40173b,0xd7cc94e19fb8
0x401804,0xd7cc94e22768
0x401da0,0xc48ca907c520
0x401cfb,0x66598a78c1d8
0x401d8b,0xd7cc94e1bf58
0x40182a,0xd7cc94e247c0
0x401dc9,0x66598a78c668
0x401e31,0xd7cc94e25128
0x401e31,0xd7cc94e25308
0x401ea1,0xc48ca907e510
0x401cfb,0x66598a78cdb8
0x401e31,0xd7cc94e25a88
0x401804,0xd7cc94e26388
0x401d8b,0xd7cc94e1dc78
0x40182a,0xd7cc94e26580
0x401ed1,0xc48ca907ed40
0x401e31,0xd7cc94e27208
0x401e31,0xd7cc94e272a8
0x401ea1,0xc48ca9080190
0x401e31,0xd7cc94e27a28
0x401e89,0xd7cc94e210c8
0x401e1b,0x66598a7808c0
0x401d8b,0xd7cc94e211b8
0x40185c,0xd7cc94e28b80
0x401ed1,0xc48ca90823c0
0x401dc9,0x66598a790fa8
0x401d8b,0xd7cc94e21c58
0x401e89,0xd7cc94e23108
0x401dc9,0x66598a7925e8
0x401dc9,0x66598a792ea8
0x401804,0xd7cc94e2c1c8
0x401ed1,0xc48ca90847c0
0x401e31,0xd7cc94e2bc88
0x40182a,0xd7cc94e2c640
0x401cfb,0x66598a794738
0x401e47,0xc48ca908cd90
0x401804,0xd7cc94e2cda8
0x401ea1,0xc48ca9086390
0x401d8b,0xd7cc94e25738
0x401ed1,0xc48ca9086580
0x401dc9,0x66598a794f88
0x401e47,0xc48ca908e830
0x40187e,0xd7cc94e2e800
0x401e31,0xd7cc94e2dfe8
0x401cfb,0x66598a796778
0x401dc9,0x66598a796c08
0x401e89,0xd7cc94e27cc8
0x401d8b,0xd7cc94e27c78
0x401e47,0xc48ca90909b0
0x401da0,0xc48ca9088ba0
0x40187e,0xd7cc94e30980
0x401e31,0xd7cc94e31348
0x401cfb,0x66598a798998
0x401d8b,0xd7cc94e298f8
0x40182a,0xd7cc94e30f80
0x401cfb,0x66598a798fd8
0x40182a,0xd7cc94e325c0
0x401cfb,0x66598a79a4d8
0x401d8b,0xd7cc94e2b398
0x401e47,0xc48ca9092ef0
0x401ea1,0xc48ca908c1d0
0x401d8b,0xd7cc94e2b578
0x401e31,0xd7cc94e33568
0x40187e,0xd7cc94e32ec0
0x40182a,0xd7cc94e32e80
0x401ed1,0xc48ca908c640
0x401e47,0xc48ca9094710
0x401804,0xd7cc94e34728
0x401cfb,0x66598a79c518
0x401d8b,0xd7cc94e2d798
0x40185c,0xd7cc94e34f80
0x401e47,0xc48ca9096430
0x401e47,0xc48ca9096750
0x40187e,0xd7cc94e36400
0x401804,0xd7cc94e36768
0x401e1b,0x66598a78e800
0x40185c,0xd7cc94e36c00
0x401dc9,0x66598a79ebc8
0x401cfb,0x66598a79ed78
0x401804,0xd7cc94e38988
0x401e31,0xd7cc94e39128
0x401e1b,0x66598a790980
0x401d8b,0xd7cc94e313b8
0x401ed1,0xc48ca9090f80
0x401dc9,0x66598a7a08e8
0x401dc9,0x66598a7a0988
0x401dc9,0x66598a7a0d48
0x401804,0xd7cc94e38fc8
0x401ed1,0xc48ca90925c0
0x401d8b,0xd7cc94e31c78
0x401e89,0xd7cc94e31e08
0x401804,0xd7cc94e3a4c8
0x401cfb,0x66598a7a23f8
0x401e89,0xd7cc94e331c8
0x401e31,0xd7cc94e39f88
0x401dc9,0x66598a7a2748
0x401ed1,0xc48ca9092e80
0x401e1b,0x66598a792ec0
0x401e89,0xd7cc94e33d08
0x401804,0xd7cc94e3c508
0x401d8b,0xd7cc94e35118
0x401d8b,0xd7cc94e35258
0x401da0,0xc48ca9094fa0
0x401cfb,0x66598a7a47f8
0x401e47,0xc48ca909e530
0x401e31,0xd7cc94e3dc48
0x401e1b,0x66598a796400
0x40187e,0xd7cc94e3e500
0x401da0,0xc48ca9096c20
0x401cfb,0x66598a7a65b8
0x401e47,0xc48ca909ed50
0x40185c,0xd7cc94e3ebc0
0x401804,0xd7cc94e3ed68
0x401e47,0xc48ca90a01b0
0x40187e,0xd7cc94e40180
0x401ea1,0xc48ca9098990
0x40182a,0xd7cc94e408c0
0x40185c,0xd7cc94e40980
0x401e31,0xd7cc94e41188
0x401e31,0xd7cc94e410e8
0x401ea1,0xc48ca9098fd0
0x40185c,0xd7cc94e40d40
0x401cfb,0x66598a7a8b98
0x401ea1,0xc48ca909a4d0
0x401796,0xc48ca90a23d0
0x401804,0xd7cc94e423e8
0x40185c,0xd7cc94e42740
0x401e31,0xd7cc94e43128
0x401ea1,0xc48ca909c510
0x401e47,0xc48ca90a47d0
0x401d8b,0xd7cc94e3bdb8
0x401e89,0xd7cc94e3bf48
0x401804,0xd7cc94e447e8
0x401cfb,0x66598a7ac678
0x401dc9,0x66598a7acd88
0x401e31,0xd7cc94e45708
0x401e47,0xc48ca90a63b0
0x401e47,0xc48ca90a6590
0x40187e,0xd7cc94e46380
0x401e1b,0x66598a79e500
0x401804,0xd7cc94e465a8
0x401da0,0xc48ca909ebe0
0x401dc9,0x66598a7ae828
0x401e1b,0x66598a7a0180
0x401ed1,0xc48ca90a08c0
0x401da0,0xc48ca90a09a0
0x401e31,0xd7cc94e47c48
0x401e31,0xd7cc94e47ce8
0x401da0,0xc48ca90a0d60
0x401dc9,0x66598a7b09a8
0x401804,0xd7cc94e48b88
0x401e31,0xd7cc94e498c8
0x401cfb,0x66598a7b0fb8
0x401e89,0xd7cc94e41c48
0x401da0,0xc48ca90a2760
0x401cfb,0x66598a7b25f8
0x401e31,0xd7cc94e4b548
0x401e47,0xc48ca90ac1f0
0x401dc9,0x66598a7b2ee8
0x401cfb,0x66598a7b2eb8
0x40187e,0xd7cc94e4c1c0
0x401e47,0xc48ca90ac650
0x401804,0xd7cc94e4c668
0x401d8b,0xd7cc94e45138
0x401dc9,0x66598a7b4708
0x401d8b,0xd7cc94e45318
0x40185c,0xd7cc94e4cd80
0x401d8b,0xd7cc94e45a98
0x401cfb,0x66598a7b4f98
0x401e1b,0x66598a7a6380
0x401dc9,0x66598a7b6428
0x40182a,0xd7cc94e4e800
0x401d8b,0xd7cc94e47218
0x401dc9,0x66598a7b6748
0x401d8b,0xd7cc94e472b8
0x401cfb,0x66598a7b6c18
0x401d8b,0xd7cc94e47a38
0x401ea1,0xc48ca90a8b90
0x40182a,0xd7cc94e50980
0x401e47,0xc48ca90b0f90
0x401e31,0xd7cc94e51388
0x401804,0xd7cc94e50fa8
0x401e47,0xc48ca90b25d0
0x401e31,0xd7cc94e51c48
0x401804,0xd7cc94e525e8
0x401e31,0xd7cc94e51e28
0x401e89,0xd7cc94e4b388
0x401e31,0xd7cc94e531e8
0x401e47,0xc48ca90b2e90
0x401804,0xd7cc94e52ea8
0x40182a,0xd7cc94e52ec0
0x401e1b,0x66598a7ac1c0
0x401d8b,0xd7cc94e4bc98
0x401e31,0xd7cc94e53d28
0x40185c,0xd7cc94e54700
0x401da0,0xc48ca90acda0
0x401e89,0xd7cc94e4d788
0x401804,0xd7cc94e54f88
0x401ed1,0xc48ca90ae800
0x401d8b,0xd7cc94e4dff8
0x401dc9,0x66598a7be528
0x40187e,0xdd2838a2e800
0x401cfb,0x66598a7bebd8
0x401dc9,0x66598a7bed48
0x401dc9,0x66598a7c01a8
0x401ed1,0xc48ca90b0980
0x401e47,0xc48ca90b89b0
0x40187e,0xdd2838a30980
0x401d8b,0xd7cc94e51358
0x40170a,0x66598a7c08f8
0x401796,0xc48ca90b8ff0
0x4017a3,0xdd2838a31348
0x40170a,0x66598a7c0998
0x401cfb,0x66598a7c0d58
0x40182a,0xdd2838a30f80
0x401e47,0xc48ca90ba4f0
0x401dc9,0x66598a7c23c8
0x40182a,0xdd2838a325c0
0x401cfb,0x66598a7c2758
0x401ed1,0xc48ca90b2ec0
0x401d8b,0xd7cc94e53578
0x401e31,0xdd2838a33568
0x40182a,0xdd2838a32e80
0x40187e,0xdd2838a32ec0
0x401e47,0xc48ca90bc530
0x401da0,0xc48ca90b4720
0x401e89,0xd7cc94e55108
0x401804,0xdd2838a34728
0x401e89,0xd7cc94e55248
0x401dc9,0x66598a7c47c8
0x401ea1,0xc48ca90b4f90
0x401ed1,0xc48ca90b6400
0x40185c,0xdd2838a34f80
0x401da0,0xc48ca90b6760
0x40187e,0xdd2838a36400
0x401dc9,0x66598a7c63a8
0x401ea1,0xc48ca90b6c10
0x401804,0xdd2838a36768
0x401dc9,0x66598a7c6588
0x40185c,0xdd2838a36c00
0x401e47,0xc48ca90c08d0
0x401e31,0xdd2838a39128
0x401e1b,0x66598a7b8980
0x401804,0xdd2838a38988
0x40173b,0xdd2838a313b8
0x401e1b,0x66598a7b8fc0
0x401804,0xdd2838a38fc8
0x401d8b,0xdd2838a31c78
0x401e89,0xdd2838a31e08
0x401804,0xdd2838a3a4c8
0x401e1b,0x66598a7ba4c0
0x401e89,0xdd2838a331c8
0x401e31,0xdd2838a39f88
0x401e89,0xdd2838a33d08
0x401dc9,0x66598a7cc1e8
0x401804,0xdd2838a3c508
0x401e1b,0x66598a7bc500
0x401d8b,0xdd2838a35118
0x401dc9,0x66598a7cc648
0x401d8b,0xdd2838a35258
0x401cfb,0x66598a7ccd98
0x401ed1,0xc48ca90be500
0x401e31,0xdd2838a3dc48
0x40187e,0xdd2838a3e500
0x401ea1,0xc48ca90bebd0
0x401da0,0xc48ca90bed60
0x401cfb,0x66598a7ce838
0x40185c,0xdd2838a3ebc0
0x401ed1,0xc48ca90c0180
0x401804,0xdd2838a3ed68
0x401ea1,0xc48ca90c0990
0x401ea1,0xc48ca90c0d50
0x401e47,0xc48ca90c8bb0
0x40185c,0x878ddf9d8980
0x401cfb,0x66598a7d09b8
0x401da0,0xc48ca90c23e0
0x40185c,0x878ddf9d8fc0
0x401dc9,0x66598a7d0f88
0x401ea1,0xc48ca90c2750
0x40185c,0x878ddf9da4c0
0x401dc9,0x66598a7d25c8
0x401dc9,0x66598a7d2e88
0x401cfb,0x66598a7d2ef8
0x401da0,0xc48ca90c47e0
0x401d8b,0xdd2838a3bdb8
0x40185c,0x878ddf9dc500
0x401e89,0xdd2838a3bf48
0x401e31,0x878ddf9dbda8
0x401cfb,0x66598a7d4718
0x401ed1,0xc48ca90c6380
0x401da0,0xc48ca90c65a0
0x401e47,0xc48ca90ce810
0x401804,0x878ddf9de508
0x401cfb,0x66598a7d6438
0x401cfb,0x66598a7d6758
0x401804,0x878ddf9debe8
0x40182a,0x878ddf9ded40
0x401804,0x878ddf9e0188
0x401e47,0xc48ca90d0990
0x4017e0,0x878ddf9d9108
0x40187e,0x878ddf9e08c0
0x401804,0x878ddf9e09a8
0x401dc9,0x66598a7d89a8
0x401e1b,0x66598a7c8b80
0x401804,0x878ddf9e0d68
0x401dc9,0x66598a7d8fe8
0x40182a,0x878ddf9e23c0
0x401d8b,0x878ddf9d9fb8
0x401dc9,0x66598a7da4e8
0x401804,0x878ddf9e2768
0x401e47,0xc48ca90d2ed0
0x401ed1,0xc48ca90cc1c0
0x401da0,0xc48ca90cc660
0x401d8b,0x878ddf9dbf58
0x401dc9,0x66598a7dc528
0x401ea1,0xc48ca90ccd90
0x40182a,0x878ddf9e47c0
0x401e31,0x878ddf9e5128
0x401e31,0x878ddf9e5308
0x401e47,0xc48ca90d4fb0
0x401e47,0xc48ca90d6410
0x401e31,0x878ddf9e5a88
0x401804,0x878ddf9e6388
0x401d8b,0x878ddf9ddc78
0x40182a,0x878ddf9e6580
0x401cfb,0x66598a7de538
0x401e47,0xc48ca90d6c30
0x401e31,0x878ddf9e7208
0x401e31,0x878ddf9e72a8
0x401cfb,0x66598a7ded58
0x401e31,0x878ddf9e7a28
0x401cfb,0x66598a7e01b8
0x401e89,0x878ddf9e10c8
0x401d8b,0x878ddf9e11b8
0x401dc9,0x66598a7e08c8
0x401da0,0xc48ca90d0fa0
0x40185c,0x878ddf9e8b80
0x401da0,0xc48ca90d25e0
0x401d8b,0x878ddf9e1c58
0x401cfb,0x66598a7e23d8
0x401e89,0x878ddf9e3108
0x401da0,0xc48ca90d2ea0
0x401ea1,0xc48ca90d4710
0x401804,0x878ddf9ec1c8
0x401e31,0x878ddf9ebc88
0x40182a,0x878ddf9ec640
0x401cfb,0x66598a7e47d8
0x401804,0x878ddf9ecda8
0x401d8b,0x878ddf9e5738
0x401e1b,0x66598a7d4f80
0x401ea1,0xc48ca90d6750
0x401e47,0xc48ca90de510
0x401cfb,0x66598a7e63b8
0x40187e,0x878ddf9ee800
0x401e31,0x878ddf9edfe8
0x401cfb,0x66598a7e6598
0x401e47,0xc48ca90debf0
0x401e1b,0x66598a7d6c00
0x401e47,0xc48ca90e0190
0x401e89,0x878ddf9e7cc8
0x401d8b,0x878ddf9e7c78
0x4017b0,0xc48ca90d8980
0x401e47,0xc48ca90e09b0
0x40187e,0x878ddf9f0980
0x401e47,0xc48ca90e0d70
0x401ed1,0xc48ca90d8fc0
0x401e31,0x878ddf9f1348
0x401dc9,0x66598a7e8ba8
0x401d8b,0x878ddf9e98f8
0x40182a,0x878ddf9f0f80
0x401ed1,0xc48ca90da4c0
0x401e47,0xc48ca90e2770
0x40182a,0x878ddf9f25c0
0x401d8b,0x878ddf9eb398
0x401d8b,0x878ddf9eb578
0x401e31,0x878ddf9f3568
0x40187e,0x878ddf9f2ec0
0x40182a,0x878ddf9f2e80
0x401ed1,0xc48ca90dc500
0x401cfb,0x66598a7ec1f8
0x401804,0x878ddf9f4728
0x401cfb,0x66598a7ec658
0x401d8b,0x878ddf9ed798
0x40185c,0x878ddf9f4f80
0x401e47,0xc48ca90e6390
0x40187e,0x878ddf9f6400
0x401804,0x878ddf9f6768
0x401ea1,0xc48ca90ded50
0x401dc9,0x66598a7ee808
0x401e1b,0x66598a7debc0
0x40185c,0x878ddf9f6c00
0x401da0,0xc48ca90e08e0
0x401804,0x8a4feef4d7a8
0x401e1b,0x66598a7e0980
0x401d8b,0x878ddf9f13b8
0x401dc9,0x66598a7f0988
0x401e1b,0x66598a7e0d40
0x401ea1,0xc48ca90e23d0
0x401804,0x8a4feef4dfc8
0x401e31,0x8a4feef4e808
0x401cfb,0x66598a7f0f98
0x401d8b,0x878ddf9f1c78
0x401e89,0x878ddf9f1e08
0x401e1b,0x66598a7e2740
0x401e89,0x878ddf9f31c8
0x401cfb,0x66598a7f25d8
0x401e47,0xc48ca90ec1d0
0x401dc9,0x66598a7f2ec8
0x401cfb,0x66598a7f2e98
0x401e31,0x8a4feef50988
0x401ea1,0xc48ca90e47d0
0x40182a,0x8a4feef51340
0x40187e,0x8a4feef51380
0x401e89,0x878ddf9f3d08
0x401d8b,0x878ddf9f5118
0x401d8b,0x878ddf9f5258
0x401e47,0xc48ca90ecdb0
0x40187e,0x8a4feef51c40
0x40185c,0x8a4feef51e00
0x401ea1,0xc48ca90e6590
0x401dc9,0x66598a7f4fa8
0x40185c,0x8a4feef531c0
0x401804,0x8a4feef53548
0x401dc9,0x66598a7f6408
0x401e31,0x8a4feef52ec8
0x40185c,0x8a4feef53d00
0x401dc9,0x66598a7f6c28
0x401804,0x8a4feef55128
0x401804,0x8a4feef55268
0x401ed1,0xc48ca90e8b80
0x401e31,0x8a4feef54fa8
0x401cfb,0x66598a7f89b8
0x401e31,0x8a4feef56408
0x401cfb,0x66598a7f8ff8
0x401e31,0x8a4feef56c28
0x401cfb,0x66598a7fa4f8
0x401ea1,0xc48ca90ec650
0x401804,0x8a4feef59108
0x401e47,0xc48ca90f4730
0x401d8b,0x8a4feef50f98
0x401cfb,0x66598a7fc538
0x401d8b,0x8a4feef525d8
0x401e1b,0x66598a7ecd80
0x40182a,0x8a4feef59f80
0x401da0,0xc48ca90ee820
0x401e47,0xc48ca90f6770
0x401d8b,0x8a4feef52e98
0x401dc9,0x66598a7fe508
0x401e89,0x8a4feef54708
0x40187e,0x8a4feef5bd80
0x401dc9,0x66598a7febe8
0x401736,0x8a4feef5bf40
0x401dc9,0x66598a800188
0x401da0,0xc48ca90f09a0
0x401e47,0xc48ca90f8990
0x401ea1,0xc48ca90f0f90
0x401dc9,0x66598a8009a8
0x401cfb,0x66598a8008d8
0x401e47,0xc48ca90f8fd0
0x40182a,0x8a4feef5dc40
0x401e89,0x8a4feef56748
0x401e31,0x8a4feef5e508
0x401dc9,0x66598a800d68
0x401ea1,0xc48ca90f25d0
0x401e47,0xc48ca90fa4d0
0x401e31,0x8a4feef5ebe8
0x401ea1,0xc48ca90f2e90
0x401da0,0xc48ca90f2ee0
0x401dc9,0x66598a802768
0x401e31,0x8a4feef60188
0x401d8b,0x8a4feef589b8
0x401804,0x8a4feef610c8
0x401e47,0xc48ca90fc510
0x40182a,0x8a4feef61180
0x401e31,0x8a4feef609a8
0x401e31,0x8a4feef60d68
0x401d8b,0x8a4feef58ff8
0x401e1b,0x66598a7f4700
0x401ed1,0xc48ca90f4f80
0x401d8b,0x8a4feef5a4f8
0x40185c,0x8a4feef61c40
0x401da0,0xc48ca90f6420
0x401e31,0x8a4feef62768
0x401804,0x8a4feef63108
0x401dc9,0x66598a806388
0x401ed1,0xc48ca90f6c00
0x401e1b,0x66598a7f6740
0x401e47,0xc48ca90fed70
0x401d8b,0x8a4feef5c538
0x40187e,0x8a4feef65100
0x401804,0x8a4feef65328
0x40182a,0x8a4feef65700
0x401804,0x8a4feef65aa8
0x401e31,0x8a4feef66388
0x401cfb,0x66598a808bb8
0x401e47,0xc48ca91023f0
0x401804,0x8a4feef67228
0x40187e,0x8a4feef67280
0x401e89,0x8a4feef5ed48
0x40187e,0x8a4feef67a00
0x401804,0x8a4feef67cc8
0x40182a,0x8a4feef67c40
0x401d8b,0x8a4feef608d8
0x401dc9,0x66598a80c1c8
0x401e47,0xc48ca91047f0
0x40182a,0x8a4feef698c0
0x401e89,0x8a4feef623c8
0x401dc9,0x66598a80cda8
0x401da0,0xc48ca90fe520
0x401e47,0xc48ca91065b0
0x40185c,0x8a4feef6b380
0x40182a,0x8a4feef6b540
0x401ed1,0xc48ca90febc0
0x401e31,0x8a4feef6c1c8
0x401cfb,0x66598a80e818
0x401804,0x8a4feef6bca8
0x401748,0x66598a7fed40
0x40172e,0xc48ca91001a0
0x401e89,0x8a4feef647c8
0x401ea1,0xc48ca91008d0
0x401ed1,0xc48ca9100980
0x401e31,0x8a4feef6cda8
0x40185c,0x8a4feef6d780
0x401e47,0xc48ca9108b90
0x401ed1,0xc48ca9100d40
0x401e89,0x8a4feef66588
0x401cfb,0x66598a810998
0x40187e,0x8a4feef6dfc0
0x401ed1,0xc48ca9102740
0x401e1b,0x66598a8023c0
0x401cfb,0x66598a812ed8
0x401d8b,0x8a4feef68bb8
0x401e47,0xc48ca910c670
0x401804,0x8a4feef71368
0x40182a,0x8a4feef71380
0x401e1b,0x66598a8047c0
0x401dc9,0x66598a814728
0x40182a,0x8a4feef71c40
0x401804,0x8a4feef71e08
0x401da0,0xc48ca91063a0
0x401804,0x8a4feef731c8
0x401cfb,0x66598a814fb8
0x40187e,0x8a4feef73540
0x401e1b,0x66598a806580
0x401cfb,0x66598a816418
0x401dc9,0x66598a816768
0x401e89,0x8a4feef6c648
0x401804,0x8a4feef73d08
0x401cfb,0x66598a816c38
0x401e31,0x8a4feef74728
0x40185c,0x8a4feef75100
0x40185c,0x8a4feef75240
0x401dc9,0x66598a818988
0x401e47,0xc48ca9110fb0
0x401d8b,0x8a4feef6e818
0x401e31,0x8a4feef76768
0x401dc9,0x66598a818fc8
0x401e47,0xc48ca91125f0
0x401dc9,0x66598a81a4c8
0x401e47,0xc48ca9112eb0
0x401da0,0xc48ca910c1e0
0x40187e,0x8a4feef79100
0x401d8b,0x8a4feef70998
0x401e31,0x8a4feef78988
0x401e89,0x8a4feef70f88
0x401e1b,0x66598a80c640
0x401dc9,0x66598a81c508
0x401e31,0x8a4feef78fc8
0x401ed1,0xc48ca910cd80
0x401e89,0x8a4feef725c8
0x401e47,0xc48ca9114f90
0x401e31,0x8a4feef7a4c8
0x401804,0x8a4feef79fa8
0x401ea1,0xc48ca910e810
0x401e89,0x8a4feef72e88
0x401d8b,0x8a4feef72ed8
0x401cfb,0x66598a81e518
0x401e47,0xc48ca9116c10
0x401e31,0x8a4feef7c508
0x40182a,0x8a4feef7bd80
0x401cfb,0x66598a81ebf8
0x401804,0x8a4feef7bf48
0x401dc9,0x66598a81ed68
0x401ea1,0xc48ca9110990
0x401cfb,0x66598a820198
0x401d8b,0x8a4feef74fb8
0x401d8b,0x8a4feef76418
0x401cfb,0x66598a8209b8
0x401804,0x8a4feef7dc68
0x401e1b,0x66598a810f80
0x401cfb,0x66598a820d78
0x401d8b,0x8a4feef76c38
0x401e31,0x8a4feef7ed68
0x401dc9,0x66598a8223e8
0x401e1b,0x66598a8125c0
0x401ea1,0xc48ca9112ed0
0x401cfb,0x66598a822778
0x401e1b,0x66598a812e80
0x40187e,0x8a4feef810c0
0x401804,0x8a4feef811a8
0x401ed1,0xc48ca9114700
0x401dc9,0x66598a8247e8
0x401804,0x8a4feef81c48
0x401e31,0x8a4feef823e8
0x401ea1,0xc48ca9116410
0x40187e,0x8a4feef83100
0x401ed1,0xc48ca9116740
0x401cfb,0x66598a826398
0x401dc9,0x66598a8265a8
0x401796,0xc48ca911ebd0
0x401e31,0x8a4feef847e8
0x40182a,0x8a4feef85100
0x40185c,0x8a4feef85300
0x401da0,0xc48ca91189a0
0x401e47,0xc48ca91208f0
0x401e47,0xc48ca9120990
0x401804,0x8a4feef85728
0x401e47,0xc48ca9120d50
0x401861,0x8a4feef85a88
0x401da0,0xc48ca9118fe0
0x401d8b,0x8a4feef7e518
0x401dc9,0x66598a828b88
0x401e31,0x8a4feef865a8
0x401da0,0xc48ca911a4e0
0x40185c,0x8a4feef87200
0x40182a,0x8a4feef87280
0x401d8b,0x8a4feef7ebf8
0x401e47,0xc48ca9122750
0x401d8b,0x8a4feef80198
0x40182a,0x8a4feef87a00
0x401804,0x8a4feef87c68
0x40187e,0x8a4feef87cc0
0x401e89,0x8a4feef808c8
0x401da0,0xc48ca911c520
0x401d8b,0x8a4feef809b8
0x401e31,0x8a4feef88b88
0x401d8b,0x8a4feef80d78
0x401cfb,0x66598a82c1d8
0x401dc9,0x66598a82c668
0x401804,0x8a4feef898e8
0x401d8b,0x8a4feef82778
0x401ea1,0xc48ca911e510
0x401cfb,0x66598a82cdb8
0x401804,0x8a4feef8b388
0x401804,0x8a4feef8b568
0x401ed1,0xc48ca911ed40
0x401ea1,0xc48ca9120190
0x40185c,0x8a4feef8bc80
0x401e31,0x8a4feef8c668
0x401804,0x8a4feef8d788
0x401e1b,0x66598a8208c0
0x401d8b,0x8a4feef86398
0x401ed1,0xc48ca91223c0
0x40182a,0x8a4feef8dfc0
0x401804,0x8876f2fc0188
0x401dc9,0x66598a830fa8
0x401dc9,0x66598a8325e8
0x40187e,0x8876f2fc08c0
0x401804,0x8876f2fc09a8
0x401804,0x8876f2fc0d68
0x401dc9,0x66598a832ea8
0x401ed1,0xc48ca91247c0
0x40182a,0x8876f2fc23c0
0x401804,0x8876f2fc2768
0x401cfb,0x66598a834738
0x401e47,0xc48ca912cd90
0x401ea1,0xc48ca9126390
0x401ed1,0xc48ca9126580
0x401dc9,0x66598a834f88
0x401e47,0xc48ca912e830
0x40182a,0x8876f2fc47c0
0x401d8b,0x8a4feef8c1d8
0x401e31,0x8876f2fc5128
0x401cfb,0x66598a836778
0x401e31,0x8876f2fc5308
0x401dc9,0x66598a836c08
0x401e31,0x8876f2fc5a88
0x401804,0x8876f2fc6388
0x401d8b,0x8a4feef8cdb8
0x40182a,0x8876f2fc6580
0x401e47,0xc48ca91309b0
0x401da0,0xc48ca9128ba0
0x401e31,0x8876f2fc7208
0x401e31,0x8876f2fc72a8
0x401cfb,0x66598a838998
0x401e31,0x8876f2fc7a28
0x401cfb,0x66598a838fd8
0x401e89,0x8876f2fc10c8
0x401cfb,0x66598a83a4d8
0x401d8b,0x8876f2fc11b8
0x401e47,0xc48ca9132ef0
0x401ea1,0xc48ca912c1d0
0x40185c,0x8876f2fc8b80
0x401ed1,0xc48ca912c640
0x401d8b,0x8876f2fc1c58
0x401e47,0xc48ca9134710
0x401e89,0x8876f2fc3108
0x401cfb,0x66598a83c518
0x401e47,0xc48ca9136430
0x401804,0x8876f2fcc1c8
0x401796,0xc48ca9136750
0x401e31,0x8876f2fcbc88
0x40182a,0x8876f2fcc640
0x401e1b,0x66598a82e800
0x401804,0x8876f2fccda8
0x401dc9,0x66598a83ebc8
0x401d8b,0x8876f2fc5738
0x401cfb,0x66598a83ed78
0x40187e,0x8876f2fce800
0x401e31,0x8876f2fcdfe8
0x401e1b,0x66598a830980
0x401ed1,0xc48ca9130f80
0x401dc9,0x66598a8408e8
0x401dc9,0x66598a840988
0x401dc9,0x66598a840d48
0x401ed1,0xc48ca91325c0
0x401e89,0x8876f2fc7cc8
0x401d8b,0x8876f2fc7c78
0x401cfb,0x66598a8423f8
0x401dc9,0x66598a842748
0x40187e,0x8876f2fd0980
0x401ed1,0xc48ca9132e80
0x401e31,0x8876f2fd1348
0x401e1b,0x66598a832ec0
0x401d8b,0x8876f2fc98f8
0x40182a,0x8876f2fd0f80
0x40182a,0x8876f2fd25c0
0x401cfb,0x66598a8447f8
0x401d8b,0x8876f2fcb398
0x401da0,0xc48ca9134fa0
0x401d8b,0x8876f2fcb578
0x401e31,0x8876f2fd3568
0x40182a,0x8876f2fd2e80
0x40187e,0x8876f2fd2ec0
0x401e47,0xc48ca913e530
0x401e1b,0x66598a836400
0x401804,0x8876f2fd4728
0x401da0,0xc48ca9136c20
0x401cfb,0x66598a8465b8
0x401e47,0xc48ca913ed50
0x401e47,0xc48ca91401b0
0x401d8b,0x8876f2fcd798
0x40185c,0x8876f2fd4f80
0x40187e,0x8876f2fd6400
0x401ea1,0xc48ca9138990
0x401804,0x8876f2fd6768
0x401ea1,0xc48ca9138fd0
0x40185c,0x8876f2fd6c00
0x401cfb,0x66598a848b98
0x401ea1,0xc48ca913a4d0
0x401e47,0xc48ca91423d0
0x401804,0x8876f2fd8988
0x401e31,0x8876f2fd9128
0x401d8b,0x8876f2fd13b8
0x401ea1,0xc48ca913c510
0x401804,0x8876f2fd8fc8
0x401d8b,0x8876f2fd1c78
0x401e89,0x8876f2fd1e08
0x401e47,0xc48ca91447d0
0x401804,0x8876f2fda4c8
0x401e89,0x8876f2fd31c8
0x401e31,0x8876f2fd9f88
0x401cfb,0x66598a84c678
0x401dc9,0x66598a84cd88
0x401e47,0xc48ca91463b0
0x401e47,0xc48ca9146590
0x401e89,0x8876f2fd3d08
0x401804,0x8876f2fdc508
0x401e1b,0x66598a83e500
0x401da0,0xc48ca913ebe0
0x401d8b,0x8876f2fd5118
0x401d8b,0x8876f2fd5258
0x401dc9,0x66598a84e828
0x401e1b,0x66598a840180
0x401ed1,0xc48ca91408c0
0x401e31,0x8876f2fddc48
0x401da0,0xc48ca91409a0
0x40187e,0x8876f2fde500
0x401da0,0xc48ca9140d60
0x401dc9,0x66598a8509a8
0x40185c,0x8876f2fdebc0
0x401804,0x8876f2fded68
0x40187e,0x8876f2fe0180
0x401cfb,0x66598a850fb8
0x401da0,0xc48ca9142760
0x401cfb,0x66598a8525f8
0x401e31,0x8876f2fe10e8
0x40182a,0x8876f2fe08c0
0x401e31,0x8876f2fe1188
0x40185c,0x8876f2fe0980
0x40185c,0x8876f2fe0d40
0x401e47,0xc48ca914c1f0
0x401dc9,0x66598a852ee8
0x401cfb,0x66598a852eb8
0x401e47,0xc48ca914c650
0x401804,0x8876f2fe23e8
0x40185c,0x8876f2fe2740
0x401dc9,0x66598a854708
0x401e31,0x8876f2fe3128
0x401cfb,0x66598a854f98
0x401e1b,0x66598a846380
0x401d8b,0x8876f2fdbdb8
0x401dc9,0x66598a856428
0x401e89,0x8876f2fdbf48
0x401804,0x8876f2fe47e8
0x401dc9,0x66598a856748
0x401cfb,0x66598a856c18
0x401e31,0x8876f2fe5708
0x40187e,0x8876f2fe6380
0x401804,0x8876f2fe65a8
0x401ea1,0xc48ca9148b90
0x401e47,0xc48ca9150f90
0x401e47,0xc48ca91525d0
0x401e31,0x8876f2fe7c48
0x401e31,0x8876f2fe7ce8
0x401e47,0xc48ca9152e90
0x401804,0x8876f2fe8b88
0x401e31,0x8876f2fe98c8
0x401e1b,0x66598a84c1c0
0x401e89,0x8876f2fe1c48
0x401da0,0xc48ca914cda0
0x4017a3,0x8876f2feb548
0x40187e,0x8876f2fec1c0
0x401ed1,0xc48ca914e800
0x401804,0x8876f2fec668
0x401dc9,0x66598a85e528
0x401d8b,0x8876f2fe5138
0x401d8b,0x8876f2fe5318
0x40185c,0x8876f2fecd80
0x401cfb,0x66598a85ebd8
0x401dc9,0x66598a85ed48
0x401d8b,0x8876f2fe5a98
0x401dc9,0x66598a8601a8
0x401ed1,0xc48ca9150980
0x401e47,0xc48ca91589b0
0x40182a,0x8876f2fee800
0x401d8b,0x8876f2fe7218
0x401d8b,0x8876f2fe72b8
0x401cfb,0x66598a8608f8
0x401cfb,0x66598a860998
0x401e47,0xc48ca9158ff0
0x401cfb,0x66598a860d58
0x401d8b,0x8876f2fe7a38
0x401e47,0xc48ca915a4f0
0x401dc9,0x66598a8623c8
0x40182a,0x8876f2ff0980
0x401cfb,0x66598a862758
0x401ed1,0xc48ca9152ec0
0x401e31,0x8876f2ff1388
