0x418700,0x28e837c85700
0x418776,0x28e837c87a00
0x418a82,0x28e837c85a82
0x418a43,0xfdfd3a8c7a00
0x418a2c,0xfdfd3a8d1340
0x418a2c,0xfdfd3a8d1380
0x4189ef,0xfdfd3a8c5a80
0x418a33,0xfdfd3a8c8b80
0x418abe,0x28e837c87c40
0x4189c3,0xfdfd3a8cbc80
0x418a43,0xfdfd3a8c7c40
0x418a43,0xfdfd3a8c7cc0
0x418abe,0x28e837c87cc0
0x418a82,0x28e837c87200
0x418dcc,0xfdfd3a8d25c0
0x418d9d,0xfdfd3a8c1c40
0x4190db,0xfdfd3a8d1c40
0x4190e8,0xfdfd3a8d6c00
0x419289,0xfdfd3a8dbd80
0x4191b9,0xfdfd3a8d2e80
0x419172,0xfdfd3a8d9f80
0x4190db,0xfdfd3a8d1e00
0x4191b9,0xfdfd3a8d2ec0
0x4192a2,0xfdfd3a8c3100
0x4179a9,0xfdfd3a8e5100
0x417b1c,0xfdfd3a8dbf40
0x417b11,0xfdfd3a8ec640
0x417b1c,0xfdfd3a8dc500
0x417a75,0xfdfd3a8ed7b8
0x417b1c,0xfdfd3a8ddc40
0x419f85,0xfdfd3a8d4f85
0x41a1c3,0xfdfd3a8f31c3
0x41a33b,0x28e837c87280
0x41a1c3,0xfdfd3a8f1e00
0x41a242,0xfdfd3a8f2e80
0x41a242,0xfdfd3a8f2ec0
0x41a1c3,0xfdfd3a8f5100
0x41a542,0xfdfd3a8f3542
0x417c43,0xfdfd3a8e1c43
0x417e28,0xfdfd3a8e01a8
0x418103,0x28e837c85103
0x418283,0xfdfd3a8c2740
0x418253,0xfdfd3a8c23c0
0x418236,0xfdfd3a8e08c0
0x41813d,0xfdfd3a8de500
0x418305,0x28e837c85305
0x4189c9,0xfdfd3a8ccda0
0x418a6b,0xfdfd3a8d0f80
0x418a00,0xfdfd3a8cdfc0
0x4189ef,0xfdfd3a8f9100
0x418a89,0xfdfd3a9010c0
0x417b1c,0xfdfd3a8e7a00
0x417b1c,0xfdfd3a8eb380
0x417b1c,0xfdfd3a8eb540
0x417b1c,0xfdfd3a903100
0x41a184,0xfdfd3a8f5240
0x417e37,0xfdfd3a8e0988
0x418144,0xfdfd3a8debc0
0x418325,0xfdfd3a8ded40
0x4183e4,0xfdfd3a8e0d40
0x4189d7,0xfdfd3a900180
0x418a89,0xfdfd3a901180
0x4189c3,0xfdfd3a8f6400
0x418a43,0xfdfd3a8fa4c0
0x4189c9,0xfdfd3a8fc500
0x418a00,0xfdfd3a8fe500
0x41916b,0xfdfd3a8d8980
0x417996,0xfdfd3a8e47c0
0x417b1c,0xfdfd3a8e7c40
0x417b1c,0xfdfd3a8e7cc0
0x417b11,0xfdfd3a8e98c0
0x417b1c,0xfdfd3a9023c0
0x417b11,0xfdfd3a8ecd80
0x417b11,0xfdfd3a8edfc0
0x417b11,0xfdfd3a905100
0x417b11,0xfdfd3a905300
0x41a242,0xfdfd3a8f4700
0x4189c3,0xfdfd3a8f6740
0x4189d7,0xfdfd3a9008c0
0x418a6b,0xfdfd3a8f8980
0x41916b,0xfdfd3a8d8fc0
0x417b11,0xfdfd3a8e8b80
0x417b1c,0xfdfd3a902740
0x417b1c,0xfdfd3a8ebc80
0x417b1c,0xfdfd3a90c1c0
0x417b11,0xfdfd3a905700
0x419b60,0xfdfd3a8f0988
0x418236,0xfdfd3a907200
0x418236,0xfdfd3a907280
0x418144,0xfdfd3a906380
0x4189d7,0xfdfd3a900980
0x4189c3,0xfdfd3a8f6c00
0x418a00,0xfdfd3a8febc0
0x418a54,0xfdfd3a8fdc40
0x418a89,0xfdfd3a901c40
0x417b11,0xfdfd3a90b380
0x417b11,0xfdfd3a90b540
0x417b11,0xfdfd3a9047c0
0x417b1c,0xfdfd3a90c640
0x417b11,0xfdfd3a905a80
0x419b68,0xfdfd3a8f0f80
0x41a242,0xfdfd3a8f4f80
0x418144,0xfdfd3a906580
0x4181c4,0xfdfd3a9098c0
0x418748,0xfdfd3a8fbd98
0x41871e,0xfdfd3a8fed58
0x4189d7,0xfdfd3a900d40
0x418a9a,0xfdfd3a8fbf40
0x4189ef,0xfdfd3a8f9f80
0x418a6b,0xfdfd3a8f8fc0
0x4189c3,0xfdfd3a915100
0x418a43,0xfdfd3a919100
0x41916b,0xfdfd3a90d780
0x417b1c,0xfdfd3a911340
0x417b1c,0xfdfd3a911380
0x41a21f,0xfdfd3a9131c0
0x418236,0xfdfd3a907a00
0x418283,0xfdfd3a908b80
0x418236,0xfdfd3a907c40
0x418236,0xfdfd3a907cc0
0x418a89,0xfdfd3a920180
0x4189c3,0xfdfd3a915240
0x418a17,0xfdfd3a916400
0x418a9a,0xfdfd3a91a4c0
0x418bc6,0xfdfd3a91c500
0x417996,0xfdfd3a90e800
0x417b11,0xfdfd3a910980
0x417b11,0xfdfd3a90bc80
0x417b1c,0xfdfd3a90cd80
0x417a87,0xfdfd3a9210c0
0x417b1c,0xfdfd3a921180
0x419b68,0xfdfd3a9125c0
0x419e43,0xfdfd3a913560
0x41a1c3,0xfdfd3a914700
0x418717,0xfdfd3a91e518
0x418a17,0xfdfd3a916740
0x418a89,0xfdfd3a9208c0
0x417b1c,0xfdfd3a9223c0
0x417b4a,0xfdfd3a910f80
0x417b1c,0xfdfd3a911c40
0x417b11,0xfdfd3a923100
0x41a557,0xfdfd3a913d00
0x417dae,0xfdfd3a925128
0x418283,0xfdfd3a927200
0x418283,0xfdfd3a927280
0x418144,0xfdfd3a925300
0x418236,0xfdfd3a926380
0x4189ef,0xfdfd3a918980
0x418a89,0xfdfd3a920980
0x418a17,0xfdfd3a916c00
0x418a33,0xfdfd3a91ebc0
0x418a54,0xfdfd3a91dc40
0x41916b,0xfdfd3a90dfc0
0x41916b,0xfdfd3a92c1c0
0x417b1c,0xfdfd3a922740
0x417b1c,0xfdfd3a911e00
0x417b1c,0xfdfd3a92b380
0x417b1c,0xfdfd3a92b540
0x417b11,0xfdfd3a9247c0
0x419b68,0xfdfd3a912e80
0x419b68,0xfdfd3a912ec0
0x41a1c3,0xfdfd3a914f80
0x418236,0xfdfd3a926580
0x418144,0xfdfd3a925700
0x418a33,0xfdfd3a91ed40
0x418a89,0xfdfd3a920d40
0x4189c9,0xfdfd3a91bd80
0x4189c9,0xfdfd3a91bf40
0x418a43,0xfdfd3a919f80
0x4189ef,0xfdfd3a918fc0
0x418a17,0xfdfd3a935100
0x418a9a,0xfdfd3a939100
0x41916b,0xfdfd3a92c640
0x417b1c,0xfdfd3a921c40
0x419b68,0xfdfd3a931340
0x419b68,0xfdfd3a931380
0x41a184,0xfdfd3a9331c0
0x418283,0xfdfd3a927a00
0x418144,0xfdfd3a925a80
0x4181c4,0xfdfd3a928b80
0x418283,0xfdfd3a927c40
0x418456,0xfdfd3a927cc0
0x418a17,0xfdfd3a935240
0x418a6b,0xfdfd3a936400
0x418b68,0xfdfd3a93a4c0
0x417996,0xfdfd3a92d780
0x417a87,0xfdfd3a9298c0
0x417b11,0xfdfd3a92e800
0x417b1c,0xfdfd3a940180
0x417b1c,0xfdfd3a92bc80
0x41a1c3,0xfdfd3a933540
0x41a242,0xfdfd3a9325c0
0x418a54,0xfdfd3a93c500
0x418a89,0xfdfd3a93e500
0x4189c3,0xfdfd3a934700
0x418a6b,0xfdfd3a936740
0x41916b,0xfdfd3a92cd80
0x417b1c,0xfdfd3a930980
0x417b11,0xfdfd3a9410c0
0x417b11,0xfdfd3a941180
0x419b68,0xfdfd3a931c40
0x4181c4,0x98f5690d5100
0x418236,0xa213218c1c0
0x4181c4,0x98f5690d5240
0x418144,0xa213218b380
0x418a43,0xfdfd3a938980
0x418a6b,0xfdfd3a936c00
0x418a89,0xfdfd3a93ebc0
0x418a33,0xfdfd3a93dc40
0x417996,0xfdfd3a92dfc0
0x417b1c,0xfdfd3a9408c0
0x417b1c,0xfdfd3a940980
0x417b1c,0x8ad3301be500
0x417b1c,0xa21321898c0
0x419b68,0xfdfd3a931e00
0x419dc9,0xfdfd3a933d00
0x41a242,0xfdfd3a932e80
0x41a242,0xfdfd3a932ec0
0x418144,0xa213218b540
0x418236,0xa213218c640
0x418283,0xa213218d780
0x418a89,0xfdfd3a93ed40
0x418a00,0xfdfd3a93bd80
0x4189c3,0xfdfd3a934f80
0x418a00,0xfdfd3a93bf40
0x418a9a,0xfdfd3a939f80
0x418a43,0xfdfd3a938fc0
0x417996,0x8ad3301c0180
0x417a75,0x8ad3301c10e8
0x417b11,0x8ad3301c1180
0x417a87,0x98f5690d6400
0x417b1c,0x98f5690d6740
0x417b11,0x8ad3301c23e0
0x417b1c,0xfdfd3a940d40
0x417a87,0xfdfd3a930f80
0x419b68,0x8ad3301c3100
0x41a184,0x8ad3301c5100
0x41a184,0x8ad3301c5300
0x41ad02,0xfdfd3a8f3d02
0x418a17,0x8ad3301c7200
0x4189c9,0x8ad3301cc1c0
0x418a17,0x8ad3301c7280
0x4189c3,0x8ad3301c6380
0x418a9a,0x8ad3301cb380
0x418a89,0x8ad3301d1340
0x418a89,0x8ad3301d1380
0x419700,0xfdfd3a8d4700
0x419760,0x8ad3301d3d00
0x419756,0xfdfd3a8e5300
0x419750,0xfdfd3a8e5700
0x419750,0xfdfd3a8e5a80
0x419760,0x8ad3301d4700
0x4196ab,0x8ad3301d5100
0x419750,0x8ad3301d5240
0x419760,0x8ad3301d4f80
0x419760,0x8ad3301d6400
0x419760,0x8ad3301d6740
0x419760,0x8ad3301d6c00
0x419760,0x8ad3301d8980
0x419750,0x8ad3301d9100
0x419760,0x8ad3301d8fc0
0x419760,0x8ad3301da4c0
0x419750,0x8ad3301d9f80
0x419760,0x8ad3301dc500
0x419750,0x8ad3301dbd80
0x419750,0x8ad3301dbf40
0x419760,0x8ad3301de500
0x419750,0x8ad3301ddc40
0x419760,0x8ad3301debc0
0x419760,0x8ad3301ded40
0x419760,0x8ad3301e0180
0x419760,0x8ad3301e08c0
0x419760,0x8ad3301e0980
0x419750,0x8ad3301e10c0
0x419760,0x8ad3301e0d40
0x419750,0x8ad3301e1180
0x419760,0x8ad3301e23c0
0x419760,0x8ad3301e2740
0x419750,0x8ad3301e1c40
0x419750,0x8ad3301e3100
0x419760,0x8ad3301e47c0
0x419750,0x8ad3301e5100
0x419750,0x8ad3301e5300
0x419760,0x8ad3301e6380
0x419750,0x8ad3301e5700
0x419760,0x8ad3301e6580
0x419750,0x8ad3301e5a80
0x419750,0x8ad3301e7200
0x419750,0x8ad3301e7280
0x419750,0x8ad3301e7a00
0x419750,0x8ad3301e7c40
0x419760,0x8ad3301e8b80
0x419750,0x8ad3301e7cc0
0x419750,0x8ad3301e98c0
0x419760,0x8ad3301ec1c0
0x419750,0x8ad3301eb380
0x419750,0x8ad3301eb540
0x419760,0x8ad3301ec640
0x4196ab,0x8ad3301ebc80
0x419760,0x8ad3301ecd80
0x419760,0x8ad3301ed780
0x419750,0x8ad3301ee800
0x419760,0x8ad3301edfc0
0x419750,0x8ad3301f0980
0x419750,0x8ad3301f0f80
0x419760,0x8ad3301f1340
0x419760,0x8ad3301f1380
0x4196ab,0x8ad3301f25c0
0x4196bb,0x8ad3301f1c48
0x419760,0x8ad3301f1e00
0x419750,0x8ad3301f2e80
0x419750,0x8ad3301f2ec0
0x419760,0x8ad3301f31c0
0x419760,0x8ad3301f3540
0x419750,0x8ad3301f4700
0x419760,0x8ad3301f3d00
0x419760,0x8ad3301f5100
0x419760,0x8ad3301f5240
0x419750,0x8ad3301f4f80
0x419750,0x8ad3301f6400
0x419750,0x8ad3301f6740
0x419750,0x8ad3301f6c00
0x419750,0x8ad3301f8980
0x419760,0x8ad3301f9100
0x419750,0x8ad3301f8fc0
0x419750,0x8ad3301fa4c0
0x419760,0x8ad3301f9f80
0x419750,0x8ad3301fc500
0x419760,0x8ad3301fbd80
0x419760,0x8ad3301fbf40
0x419750,0x8ad3301fe500
0x419760,0x8ad3301fdc40
0x419750,0x8ad3301febc0
0x419750,0x8ad3301fed40
0x419750,0x8ad330200180
0x419760,0x8ad3302010c0
0x419750,0x8ad3302008c0
0x419760,0x8ad330201180
0x419750,0x8ad330200980
0x419750,0x8ad330200d40
0x419760,0x8ad330201c40
0x419750,0x8ad3302023c0
0x419750,0x8ad330202740
0x419760,0x8ad330203100
0x419760,0x8ad330205100
0x419750,0x8ad3302047c0
0x419760,0x8ad330205300
0x419760,0x8ad330205700
0x419760,0x8ad330205a80
0x419750,0xfdfd3a8e7200
0x419750,0xfdfd3a8e7280
0x419760,0x8ad330206380
0x419750,0xfdfd3a8e7a00
0x4196bb,0x8ad330206598
0x419750,0xfdfd3a8e7c40
0x419750,0xfdfd3a8e7cc0
0x419760,0x8ad330207200
0x419760,0x8ad330207280
0x419760,0x8ad330207a00
0x419760,0x8ad330207c40
0x419760,0x8ad330207cc0
0x419760,0x8ad330208b80
0x419750,0x98f5690d6c00
0x419760,0x8ad33020b380
0x419750,0x8ad33020c1c0
0x419760,0x8ad33020b540
0x419750,0x8ad33020c640
0x419760,0x8ad33020bc80
0x419750,0x8ad33020cd80
0x419760,0x8ad33020d780
0x419750,0x8ad33020e800
0x419760,0x8ad33020dfc0
0x419750,0x8ad330210980
0x419760,0x8ad330211340
0x419760,0x8ad330211380
0x419750,0x8ad330210f80
0x419750,0x8ad3302125c0
0x419760,0x8ad330211c40
0x419760,0x8ad330211e00
0x4196bb,0x8ad3302131c8
0x419750,0x8ad330212e80
0x419750,0x8ad330212ec0
0x419760,0x8ad330213540
0x419760,0x8ad330213d00
0x419750,0x8ad330214700
0x419760,0x8ad330215100
0x419760,0x8ad330215240
0x419750,0x8ad330214f80
0x419750,0x8ad330216400
0x419750,0x8ad330216740
0x419750,0x8ad330216c00
0x4196bb,0x8ad330219108
0x419750,0x8ad330218980
0x4196ab,0x8ad330218fc0
0x419750,0x8ad33021a4c0
0x419760,0x8ad330219f80
0x419760,0x8ad33021bd80
0x419760,0x8ad33021bf40
0x419750,0x8ad33021c500
0x4196bb,0x8ad33021dc58
0x419750,0x8ad33021e500
0x419750,0x8ad33021ebc0
0x419750,0x8ad33021ed40
0x419750,0x8ad330220180
0x419760,0x8ad3302210c0
0x419760,0x8ad330221180
0x419750,0x8ad3302208c0
0x419750,0x8ad330220980
0x419750,0x8ad330220d40
0x419760,0x8ad330221c40
0x419750,0x8ad3302223c0
0x419760,0x8ad330223100
0x419750,0x8ad330222740
0x419760,0x8ad330225100
0x419760,0x8ad330225300
0x419750,0x8ad3302247c0
0x419760,0x8ad330225700
0x419760,0x8ad330225a80
0x419750,0x8ad330226380
0x419760,0x8ad330227200
0x419760,0x8ad330227280
0x419750,0x8ad330226580
0x419760,0x8ad330227a00
0x419760,0x8ad330227c40
0x419760,0x8ad330227cc0
0x419760,0x8ad3302298c0
0x4196ab,0x8ad330228b80
0x419760,0x8ad33022b380
0x419760,0x8ad33022b540
0x419760,0x8ad33022bc80
0x419760,0x8ad33022c1c0
0x4196bb,0x8ad33022c668
0x419750,0x8ad33022d780
0x419760,0x8ad33022cd80
0x419750,0x8ad33022dfc0
0x419760,0x8ad33022e800
0x419750,0x8ad330231340
0x419750,0x8ad330231380
0x419760,0x8ad330230980
0x419750,0x8ad330231c40
0x419760,0x8ad330230f80
0x419750,0x8ad330231e00
0x419750,0x8ad3302331c0
0x419760,0x8ad3302325c0
0x419750,0x8ad330233540
0x419760,0x8ad330232e80
0x419760,0x8ad330232ec0
0x419750,0x8ad330233d00
0x419750,0x8ad330235100
0x419750,0x8ad330235240
0x419760,0x8ad330234700
0x419760,0x8ad330234f80
0x419760,0x8ad330236400
0x419760,0x8ad330236740
0x419760,0x8ad330236c00
0x419750,0x8ad330239100
0x419760,0x8ad330238980
0x419760,0x8ad330238fc0
0x419760,0x8ad33023a4c0
0x419750,0x8ad330239f80
0x419750,0x8ad33023bd80
0x419760,0x8ad33023c500
0x419750,0x8ad33023bf40
0x419750,0xfdfd3a8da4c0
0x419750,0xfdfd3a9023c0
0x419760,0x8ad33023dc40
0x419750,0xfdfd3a902740
0x419760,0x8ad33023e500
0x419750,0xfdfd3a9223c0
0x4196bb,0x8ad33023ebc8
0x419760,0x8ad33023ed40
0x419750,0xfdfd3a922740
0x419760,0xea2062be500
0x419750,0xfdfd3a940180
0x419760,0xea2062bebc0
0x419760,0xea2062bed40
0x419760,0xea2062c0180
0x419750,0xea2062c1180
0x419756,0xea2062c10c0
0x419760,0xea2062c08c0
0x419760,0xea2062c0980
0x419750,0xea2062c1c40
0x419760,0xea2062c0d40
0x419750,0xea2062c3100
0x419760,0xea2062c23c0
0x419760,0xea2062c2740
0x419750,0xea2062c5100
0x4196ab,0xea2062c5300
0x419760,0xea2062c47c0
0x419750,0xea2062c5700
0x4196ab,0xea2062c5a80
0x419760,0xea2062c6380
0x4196ab,0xea2062c7200
0x419750,0xea2062c7280
0x419760,0xea2062c6580
0x419750,0xea2062c7a00
0x419750,0xea2062c7c40
0x419750,0xea2062c7cc0
0x419760,0xea2062c8b80
0x419750,0xea2062c98c0
0x419750,0xea2062cb380
0x419750,0xea2062cb540
0x419750,0xea2062cbc80
0x419760,0xea2062cc1c0
0x419760,0xea2062cc640
0x419750,0xea2062cd780
0x419760,0xea2062ccd80
0x419750,0xea2062cdfc0
0x419760,0xea2062ce800
0x419760,0xea2062d0980
0x419750,0xea2062d1340
0x419750,0xea2062d1380
0x419760,0xea2062d0f80
0x419750,0xea2062d1c40
0x419750,0xea2062d1e00
0x419760,0xea2062d25c0
0x419750,0xea2062d31c0
0x419750,0xea2062d3540
0x419760,0xea2062d2e80
0x4196bb,0xea2062d2ed8
0x419750,0xea2062d3d00
0x419760,0xea2062d4700
0x419750,0xea2062d5100
0x419750,0xea2062d5240
0x419760,0xea2062d4f80
0x419760,0xea2062d6400
0x419760,0xea2062d6740
0x419760,0xea2062d6c00
0x419760,0xea2062d8980
0x419750,0xea2062d9100
0x419760,0xea2062d8fc0
0x419760,0xea2062da4c0
0x4196ab,0xea2062d9f80
0x419760,0xea2062dc500
0x419750,0xea2062dbd80
0x419750,0xea2062dbf40
0x419760,0xea2062de500
0x419750,0xea2062ddc40
0x419760,0xea2062debc0
0x4196bb,0xea2062ded58
0x419760,0xea2062e0180
0x419760,0xea2062e08c0
0x419760,0xea2062e0980
0x419760,0xea2062e0d40
0x419750,0xea2062e10c0
0x419750,0xea2062e1180
0x419760,0xea2062e23c0
0x419760,0xea2062e2740
0x419750,0xea2062e1c40
0x419750,0xea2062e3100
0x419760,0xea2062e47c0
0x419750,0xea2062e5100
0x419750,0xea2062e5300
0x419760,0xea2062e6380
0x419760,0xea2062e6580
0x419750,0xea2062e5700
0x419750,0xea2062e5a80
0x419750,0xea2062e7200
0x419750,0xea2062e7280
0x419750,0xea2062e7a00
0x419760,0xea2062e8b80
0x4196ab,0xea2062e7c40
0x419750,0xea2062e7cc0
0x419750,0xea2062e98c0
0x419750,0xea2062ec1c0
0x4197af,0xea2062eb380
0x419760,0xea2062eb540
0x419750,0xea2062ec640
0x419760,0xea2062ebc80
0x419750,0xea2062ecd80
0x419760,0xea2062ed780
0x419750,0xea2062ee800
0x419760,0xea2062edfc0
0x419750,0xea2062f0980
0x419750,0xea2062f0f80
0x419760,0xea2062f1340
0x419760,0xea2062f1380
0x419760,0xea2062f1c40
0x419760,0xea2062f1e00
0x419750,0xfdfd3a8dbd80
0x419750,0xfdfd3a8dbf40
0x419760,0xea2062f25c0
0x419750,0xfdfd3a8eb380
0x419750,0xfdfd3a8eb540
0x4196bb,0xea2062f2e88
0x419760,0xea2062f2ec0
0x419750,0xfdfd3a8ebc80
0x419760,0xea2062f31c0
0x419760,0xea2062f3540
0x419750,0xfdfd3a911340
0x419750,0xfdfd3a911380
0x419760,0xea2062f3d00
0x419750,0xfdfd3a911c40
0x419750,0xfdfd3a911e00
0x419760,0xea2062f4700
0x419750,0xfdfd3a930980
0x419760,0xea2062f4f80
0x419760,0xea2062f5100
0x419760,0xea2062f5240
0x4196ab,0xfdfd3a930f80
0x419760,0xea2062f6400
0x419756,0x8ad3301d25c0
0x419760,0xea2062f6740
0x4196ab,0x8ad3301d2e80
0x419750,0x8ad3301d2ec0
0x419760,0xea2062f6c00
0x419760,0xea2062f8980
0x419750,0xea2062f9100
0x419760,0xea2062f8fc0
0x419760,0xea2062fa4c0
0x419750,0xea2062f9f80
0x419760,0xea2062fc500
0x419750,0xea2062fbd80
0x4196ab,0xea2062fbf40
0x419760,0xea2062fe500
0x419760,0xea2062febc0
0x419750,0xea2062fdc40
0x419760,0xea2062fed40
0x419750,0xea206300180
0x419750,0xea2063008c0
0x4196ab,0xea206300980
0x4196ab,0xea206300d40
0x419760,0xea2063010c0
0x419760,0xea206301180
0x419750,0xea2063023c0
0x419750,0xea206302740
0x419760,0xea206301c40
0x419760,0xea206303100
0x419750,0xea2063047c0
0x419760,0xea206305100
0x419760,0xea206305300
0x419750,0xea206306380
0x419760,0xea206305700
0x419750,0xea206306580
0x419760,0xea206305a80
0x419760,0xea206307200
0x419760,0xea206307280
0x419760,0xea206307a00
0x419760,0xea206307c40
0x419760,0xea206307cc0
0x419750,0xea206308b80
0x419760,0xea2063098c0
0x419760,0xea20630b380
0x419760,0xea20630b540
0x419750,0xea20630c1c0
0x419750,0xea20630c640
0x419760,0xea20630bc80
0x419750,0xea20630cd80
0x419760,0xea20630d780
0x419750,0xea20630e800
0x419760,0xea20630dfc0
0x419750,0xea206310980
0x419760,0xea206311340
0x419760,0xea206311380
0x419750,0xea206310f80
0x419760,0xea206311c40
0x419750,0xea2063125c0
0x419760,0xea206311e00
0x419760,0xea2063131c0
0x419760,0xea206313540
0x419750,0xea206312e80
0x419750,0xea206312ec0
0x419760,0xea206313d00
0x4196ab,0xea206314700
0x419760,0xea206315100
0x419760,0xea206315240
0x419750,0xea206314f80
0x419750,0xea206316400
0x419750,0xea206316740
0x419750,0xea206316c00
0x419760,0xea206319100
0x419750,0xea206318980
0x419750,0xea206318fc0
0x419760,0xea206319f80
0x419750,0xea20631a4c0
0x419760,0xea20631bd80
0x419760,0xea20631bf40
0x419750,0xea20631c500
0x419760,0xea20631dc40
0x419750,0xea20631e500
0x419750,0xea20631ebc0
0x4196ab,0xea20631ed40
0x419750,0xea206320180
0x419760,0xea2063210c0
0x419760,0xea206321180
0x419750,0xea2063208c0
0x419750,0xea206320980
0x419750,0xea206320d40
0x419760,0xea206321c40
0x419760,0xea206323100
0x4196ab,0xea2063223c0
0x419750,0xea206322740
0x419760,0xea206325100
0x419760,0xea206325300
0x419750,0xea2063247c0
0x419760,0xea206325700
0x419760,0xea206325a80
0x419760,0xea206327200
0x419760,0xea206327280
0x419750,0xea206326380
0x4196ab,0xea206326580
0x419760,0xea206327a00
0x419760,0xea206327c40
0x419760,0xea206327cc0
0x419750,0xfdfd3a8dc500
0x419760,0xea206328b80
0x419750,0xfdfd3a90c1c0
0x419750,0xfdfd3a90c640
0x4196bb,0xea2063298e8
0x419750,0xfdfd3a90cd80
0x419750,0xfdfd3a92b380
0x419750,0xfdfd3a92b540
0x419750,0xfdfd3a92bc80
0x419760,0xea20632b380
0x419760,0xea20632b540
0x419750,0x8ad3301be500
0x4196bb,0xea20632c658
0x419750,0x8ad3301bed40
0x419756,0x8ad3301bebc0
0x419760,0xea20632cd80
0x419750,0xea20632d780
0x419760,0xea20632e800
0x419750,0xea20632dfc0
0x419760,0xea206330980
0x419750,0xea206331340
0x419750,0xea206331380
0x419760,0xea206330f80
0x419760,0xea2063325c0
0x419750,0xea206331c40
0x419750,0xea206331e00
0x419750,0xea2063331c0
0x419760,0xea206332e80
0x419760,0xea206332ec0
0x419750,0xea206333540
0x419760,0xea206334700
0x419750,0xea206333d00
0x419750,0xea206335100
0x419750,0xea206335240
0x419760,0xea206334f80
0x419760,0xea206336400
0x419760,0xea206336740
0x419760,0xea206336c00
0x419760,0xea206338980
0x419750,0xea206339100
0x419760,0xea206338fc0
0x419760,0xea20633a4c0
0x419750,0xea206339f80
0x419760,0xea20633c500
0x419750,0xea20633bd80
0x419750,0xea20633bf40
0x419760,0xea20633e500
0x4197af,0xea20633ebc0
0x419750,0xea20633dc40
0x419760,0xea20633ed40
0x419750,0xea206340180
0x419750,0xea2063408c0
0x419750,0xea206340980
0x419750,0xea206340d40
0x419760,0xea2063410c0
0x419760,0xea206341180
0x419750,0xea2063423c0
0x419750,0xea206342740
0x419760,0xea206341c40
0x419760,0xea206343100
0x419750,0xea2063447c0
0x419760,0xea206345100
0x4196bb,0xea206345318
0x4196ab,0xea206346380
0x4196bb,0xea206345708
0x419750,0xea206346580
0x419760,0xea206345a80
0x419760,0xea206347200
0x419760,0xea206347280
0x419760,0xea206347a00
0x419760,0xea206347c40
0x419760,0xea206347cc0
0x419750,0xea206348b80
0x419760,0xea2063498c0
0x419760,0xea20634b380
0x419760,0xea20634b540
0x419750,0xea20634c1c0
0x419750,0xea20634c640
0x419760,0xea20634bc80
0x419750,0xea20634cd80
0x419760,0xea20634d780
0x419750,0xea20634e800
0x419760,0xea20634dfc0
0x419750,0xea206350980
0x419760,0xea206351340
0x419760,0xea206351380
0x419750,0xea206350f80
0x419760,0xea206351c40
0x419760,0xea206351e00
0x419750,0xea2063525c0
0x419760,0xea2063531c0
0x4196bb,0xea206353548
0x419750,0xea206352e80
0x419750,0xea206352ec0
0x4196bb,0xea206353d28
0x419750,0xea206354700
0x4196bb,0xea206355118
0x419760,0xea206355240
0x419750,0xea206354f80
0x419750,0xea206356400
0x419750,0xea206356740
0x419750,0xea206356c00
0x419760,0xea206359100
0x4196ab,0xea206358980
0x419750,0xea206358fc0
0x419760,0xea206359f80
0x4196ab,0xea20635a4c0
0x419760,0xea20635bd80
0x419760,0xea20635bf40
0x419750,0xea20635c500
0x419760,0xea20635dc40
0x419760,0xea20635e500
0x419750,0xfdfd3a8ddc40
0x419760,0xea20635ebc0
0x419760,0xea20635ed40
0x419750,0xfdfd3a903100
0x4196ab,0xfdfd3a9210c0
0x419750,0xfdfd3a921180
0x419760,0xea206360180
0x419760,0xea2063608c0
0x419760,0xea206360980
0x419750,0xfdfd3a921c40
0x419760,0xea206360d40
0x419760,0xea2063610c0
0x419760,0xea206361180
0x419750,0xa21321898c0
0x419760,0xea206361c40
0x4179a9,0xfdfd3a8e5100
0x417b1c,0xfdfd3a8e5300
0x417b1c,0xea2062c10c0
0x417b11,0xea206367200
0x417b11,0xea206367280
0x419b68,0xea2063698c0
0x41a33b,0x28e837c87280
0x41a2b0,0xfdfd3a8d2e80
0x41a2b0,0xfdfd3a8d2ec0
0x41ae22,0xea20636cd80
0x41ae76,0xfdfd3a8d1c40
0x41ae4f,0xea20636dfc0
0x41aec5,0xfdfd3a8c3100
0x41ae76,0xfdfd3a8d1e00
0x418776,0x28e837c87a00
0x418a2c,0xfdfd3a8d1340
0x418a2c,0xfdfd3a8d1380
0x418a9a,0xea206378980
0x418abe,0x28e837c87c40
0x418abe,0x28e837c87cc0
0x418a43,0xea206376c00
0x418a54,0xea20637ebc0
0x4189c3,0xea20637dc40
0x418a82,0x28e837c87200
0x418dcc,0xfdfd3a8d25c0
0x41916b,0xea2063810c0
0x419172,0xea206380d40
0x41916b,0xea206381180
0x417b1c,0xfdfd3a8e5700
0x417b1c,0x98f5690d6c00
0x417b1c,0xea2062c1180
0x417b11,0xea206366380
0x419e43,0xea20636bc80
0x418283,0xea206373540
0x418253,0xea2063731c0
0x418236,0xea2063725c0
0x41817d,0xea206371340
0x41817d,0xea206371380
0x418a17,0xea20637bd80
0x418a54,0xea20637ed40
0x418a17,0xea20637bf40
0x4189ef,0xea206374f80
0x418a9a,0xea206378fc0
0x418a89,0xea206379f80
0x417996,0xea2063823c0
0x417b11,0xea206383100
0x417b1c,0xfdfd3a8e5a80
0x417b1c,0x8ad33020c1c0
0x417b11,0xea206366580
0x417b11,0xea206367a00
0x417b11,0xea206368b80
0x419b68,0xea206385100
0x419b68,0xea206385300
0x41a184,0xea206387200
0x41a184,0xea206387280
0x41a21f,0xea206386380
0x418144,0xea206370980
0x418a43,0xea20638c1c0
0x418a89,0xea2063931c0
0x4189ef,0xea20638b380
0x4189d7,0xea206391340
0x4189d7,0xea206391380
0x417996,0xea206382740
0x417b11,0xea2063847c0
0x417b1c,0x8ad33020c640
0x417b1c,0xea2062c1c40
0x417a87,0x8ad3301d2e80
0x417b1c,0x8ad3301d2ec0
0x417b11,0xea206367c40
0x417b11,0xea206367cc0
0x419b68,0xea206385700
0x41a242,0xea206386580
0x4181c4,0xea206371c40
0x418283,0xea206373d00
0x4181c4,0xea206371e00
0x418236,0xea206372e80
0x418236,0xea206372ec0
0x418144,0xea206370f80
0x4189ef,0xea20638b540
0x418a89,0xea206393540
0x418a33,0xea2063925c0
0x418a43,0xea20638c640
0x418a9a,0xea20638d780
0x41916b,0xea206381c40
0x417a87,0x8ad3301d5100
0x417b1c,0x8ad3301d5240
0x417b4a,0xea206395100
0x419b68,0xea206385a80
0x41a184,0xea206387a00
0x418236,0xea206399100
0x4189c9,0xea20638e830
0x418a17,0xea2063898c0
0x418a54,0xea206390980
0x4189c3,0xea206388b80
0x417b1c,0x8ad33020cd80
0x417b1c,0xea2062c3100
0x417b11,0xea206395240
0x417b11,0xea206396400
0x417b11,0xea206396740
0x417b11,0xea206394700
0x419dc9,0xea206387c40
0x41a1c3,0xea206387cc0
0x418283,0xea20639a4c0
0x4189ef,0xea20638bc80
0x4189d7,0xea206391c40
0x418a89,0xea206393d00
0x418a43,0xea20638cd80
0x4189d7,0xea206391e00
0x418a33,0xea206392e80
0x418a33,0xea206392ec0
0x418a9a,0xea20638dfc0
0x418a54,0xea206390f80
0x417b11,0xea2063a6380
0x417b11,0xea20639c500
0x419b68,0xea2063a7200
0x419b68,0xea2063a7280
0x4181c4,0xea206398980
0x418a17,0xea2063a10c0
0x4189ef,0xea2063a3100
0x418a9a,0xea2063a5100
0x4189c3,0xea2063a0180
0x418a17,0xea2063a1180
0x418a33,0xea2063ac1c0
0x418a9a,0xea2063a5300
0x418a6b,0xea2063a23c0
0x4189d7,0xea2063ab380
0x417996,0xea20639e500
0x417b11,0xea2063a6580
0x417b11,0xea206396c00
0x417b1c,0xea2062f9100
0x417b11,0xea206394f80
0x418236,0xea206399f80
0x4189d7,0xea2063ab540
0x418a33,0xea2063ac640
0x418a9a,0xea2063a5700
0x418a6b,0xea2063a2740
0x418a43,0xea2063a47c0
0x418a89,0xea2063ad780
0x41916b,0xea20639bd80
0x4179d3,0xea20639ebc0
0x417b1c,0x8ad33020e800
0x419b68,0xea2063a7a00
0x417df6,0xea206398fe8
0x418236,0xea2063b31c0
0x418144,0xea2063b1340
0x418144,0xea2063b1380
0x4189c3,0xea2063a08c0
0x418a54,0xea2063a98c0
0x4189c3,0xea2063a0980
0x418a9a,0xea2063a5a80
0x4189c9,0xea2063a8b80
0x41916b,0xea20639bf40
0x41916b,0xea2063b5100
0x417996,0xea20639ed40
0x417b1c,0xea2062c5100
0x417b11,0xea2063ae800
0x419b68,0xea2063a7c40
0x419b68,0xea2063a7cc0
0x41a1c3,0xea20639dc40
0x418236,0xea2063b3540
0x4181c4,0xea2063b25c0
0x418283,0xea2063b4700
0x418a17,0xea2063a1c40
0x4189d7,0xea2063abc80
0x4189c3,0xea2063a0d40
0x418a33,0xea2063acd80
0x419144,0xea2063b5268
0x417b11,0xea2063b6400
0x417a87,0xea2062c5300
0x417b11,0xea2063b0980
0x419b68,0xea2063b9100
0x418a89,0xea2063adfc0
0x4189c3,0xea2063c10c0
0x418a00,0xea2063c3100
0x418a33,0xea2063c5100
0x4189c3,0xea2063c1180
0x418a6b,0xea2063c0180
0x4189d7,0xea2063c7200
0x4189d7,0xea2063c7280
0x418a33,0xea2063c5300
0x417b11,0xea2063b6740
0x417b1c,0xea2062c5700
0x417b1c,0xea2062f9f80
0x417b1c,0xea206331340
0x417b1c,0xea206331380
0x41a1c3,0xea2063ba4c0
0x418144,0xea2063b1c40
0x418236,0xea2063b3d00
0x418144,0xea2063b1e00
0x4181c4,0xea2063b2e80
0x4181c4,0xea2063b2ec0
0x4189c9,0xea2063c23c0
0x418752,0xea2063c6398
0x418a43,0xea2063bc500
0x418a9a,0xea2063be500
0x418a89,0xea2063c6580
0x418a33,0xea2063c5700
0x4189c9,0xea2063c2740
0x417b11,0xea2063b8980
0x417b1c,0x8ad3301d9100
0x417b11,0xea2063b6c00
0x417a87,0xea2062c5a80
0x417b11,0xea2063b0f80
0x417e7b,0xea2063b4fa8
0x418236,0xea2063cc1c0
0x418a54,0xea2063c47c0
0x418a6b,0xea2063c08c0
0x418a6b,0xea2063c0980
0x4189d7,0xea2063c7a00
0x418a33,0xea2063c5a80
0x417b1c,0x8ad330210980
0x417b1c,0xea206331c40
0x41a242,0xea2063bbd80
0x41a242,0xea2063bbf40
0x417dae,0xea2063cb398
0x418144,0xea2063cb540
0x418236,0xea2063cc640
0x418748,0xea2063bebd8
0x4189c3,0xea2063c1c40
0x4189ef,0xea2063bdc40
0x4189d7,0xea2063c7c40
0x418a6b,0xea2063c0d40
0x4189d7,0xea2063c7cc0
0x418a9a,0xea2063bed40
0x417996,0xea2063d1340
0x417b11,0xea2063b8fd0
0x417b1c,0x8ad330210f80
0x417a87,0xea2062c7200
0x417b1c,0xea2062c7280
0x417b1c,0xea206331e00
0x417b11,0xea2063c8b80
0x419b60,0xea2063b9fa8
0x419b68,0xea2063d31c0
0x41a184,0xea2063d5100
0x41a184,0xea2063d5240
0x417e7b,0xea2063cd788
0x4181c4,0xea2063ce800
0x4189ef,0xea2063d9100
0x418a89,0xea2063e10c0
0x418a89,0xea2063e1180
0x4189d7,0xea2063e0180
0x417907,0xea2063d1398
0x417b11,0xea2063d25c0
0x417b11,0xea2063d0980
0x417b11,0xea2063c98c0
0x417b1c,0xea2062fbd80
0x417b1c,0xea2063331c0
0x419b68,0xea2063d3540
0x41a242,0xea2063d4700
0x418144,0xea2063cbc80
0x418236,0xea2063ccd80
0x418a17,0xea2063d6400
0x418a43,0xea2063da4c0
0x4189c9,0xea2063dc500
0x418a54,0xea2063de500
0x418a17,0xea2063d6740
0x417b1c,0x8ad3301d9f80
0x417b1c,0x8ad3302125c0
0x417b1c,0xea2062c7a00
0x417b1c,0xea2062c7c40
0x417b1c,0xea2062c7cc0
0x417a87,0xea2062fbf40
0x417b1c,0xea206333540
0x417b11,0xea2063e23c0
0x418283,0xea2063cdfc0
0x418144,0xea2063e5100
0x418283,0xea2063e7200
0x418283,0xea2063e7280
0x418144,0xea2063e5300
0x4189d7,0xea2063e08c0
0x418a6b,0xea2063d8980
0x4189d7,0xea2063e0980
0x417996,0xea2063d1c40
0x417996,0xea2063d1e00
0x417b11,0xea2063d2e80
0x417b11,0xea2063d2ec0
0x417b11,0xea2063d0f80
0x417b11,0xea2063e3100
0x417b11,0xea2063e2740
0x419b68,0xea2063d3d00
0x418236,0xea2063e6380
0x418236,0xea2063e6580
0x418144,0xea2063e5700
0x418a17,0xea2063d6c00
0x418a54,0xea2063debc0
0x418a00,0xea2063ddc40
0x418a89,0xea2063e1c40
0x418a54,0xea2063ded40
0x418a9a,0xea2063dbd80
0x4189d7,0xea2063e0d40
0x418a9a,0xea2063dbf40
0x417b11,0xea2063ec1c0
0x417b1c,0x8ad330212e80
0x417b1c,0x8ad330212ec0
0x417b11,0xea2063e47c0
0x417b1c,0xea206333d00
0x41a21f,0xea2063d4f80
0x418283,0xea2063e7a00
0x418144,0xea2063e5a80
0x4186c1,0xea2063d9f88
0x418a6b,0xea2063d8fc0
0x418a9a,0xea2063f5100
0x418a33,0xea2063f9100
0x4189ef,0xea2063f31c0
0x418a9a,0xea2063f5240
0x418a17,0xea2063f1340
0x41916b,0xea2063e98c0
0x417996,0xea2063eb380
0x417996,0xea2063eb540
0x417b11,0xea2063ec640
0x417b1c,0xea2062fdc40
0x417b1c,0xea206335100
0x417b1c,0xea206335240
0x4181c4,0xea2063e8b80
0x418283,0xea2063e7c40
0x418283,0xea2063e7cc0
0x418724,0xea2063f1398
0x4189c9,0xea2063f6400
0x418a89,0xea2063fa4c0
0x4189ef,0xea2063f3540
0x418a6b,0xea2063f25c0
0x418a43,0xea2063f4700
0x417b1c,0x8ad3301dbd80
0x417b1c,0x8ad3301dbf40
0x417b1c,0xea2062c98c0
0x417b1c,0xea206300180
0x417b4a,0xea2063fc500
0x419b68,0xea2063ed780
0x41a21f,0xea2063ee800
0x418283,0xea2064010c0
0x418236,0xea206400180
0x418283,0xea206401180
0x4189c9,0xea2063f6740
0x4189c3,0xea2063f0980
0x418a54,0xea2063f8980
0x41916b,0xea206403100
0x417996,0xea2063ebc80
0x417b11,0xea2063ecd80
0x417b1c,0x8ad330214700
0x417b11,0xea2063fe500
0x4181c4,0xea2064023c0
0x418a17,0xea2063f1c40
0x4189c9,0xea2063f6c00
0x4189ef,0xea2063f3d00
0x418a17,0xea2063f1e00
0x4189d7,0xea2063fbd80
0x418a6b,0xea2063f2e80
0x418a6b,0xea2063f2ec0
0x417996,0xea206405100
0x417b1c,0xea2062cb380
0x417b1c,0xea2063008c0
0x419b68,0xea2063edfc0
0x419b68,0xea206407200
0x419b68,0xea206407280
0x4181c4,0xea206402740
0x418236,0xea2064008c0
0x418236,0xea206400980
0x4189c3,0xea2063f0f80
0x418a43,0xea2063f4f80
0x4189d7,0xea2063fbf40
0x418a33,0xea2063f9f80
0x418a54,0xea2063f8fc0
0x418a89,0xea206415100
0x418a6b,0xea20640c1c0
0x4189d7,0xea2064131c0
0x418a89,0xea206415240
0x417907,0xea206405318
0x417b11,0xea206406380
0x417b11,0xea206406580
0x417b1c,0x8ad330214f80
0x417b11,0xea2064047c0
0x417b1c,0xea2062cb540
0x417a87,0xea206300980
0x417b11,0xea2063febc0
0x417b11,0xea2063fed40
0x418283,0xea206401c40
0x418236,0xea206400d40
0x418a17,0xea20640b380
0x418a54,0xea206411340
0x418a54,0xea206411380
0x418a17,0xea20640b540
0x4189d7,0xea206413540
0x418a00,0xea2064125c0
0x418a6b,0xea20640c640
0x417907,0xea206405708
0x417996,0xea206405a80
0x417b1c,0x8ad3301ddc40
0x417b1c,0x8ad330216400
0x417b11,0xea2063fdc40
0x417a87,0xea206300d40
0x417b11,0xea206416400
0x419b68,0xea206407a00
0x41a184,0xea2064098c0
0x4181c4,0xea206419100
0x418a33,0xea206414700
0x4189ef,0xea20640d780
0x418a43,0xea20640e800
0x4189c9,0xea206410980
0x417b1c,0x8ad330216740
0x417b1c,0xea2062cbc80
0x417b1c,0xea2063023c0
0x417b11,0xea206416740
0x419b68,0xea206407c40
0x419b68,0xea206407cc0
0x41a242,0xea206408b80
0x418236,0xea20641a4c0
0x418a17,0xea20640bc80
0x418a54,0xea206411c40
0x4189d7,0xea206413d00
0x418a6b,0xea20640cd80
0x418a54,0xea206411e00
0x418a00,0xea206412e80
0x41916b,0xea20641c500
0x417b11,0xea206420180
0x417b1c,0x8ad330216c00
0x417b11,0xea20641e500
0x417b1c,0xea206302740
0x417b11,0xea206416c00
0x419b68,0xea2064210c0
0x419b68,0xea206421180
0x41a184,0xea206423100
0x418144,0xea206418980
0x41871e,0xea206412ec8
0x4189c9,0xea206410f80
0x4189ef,0xea20640dfc0
0x418a33,0xea206414f80
0x418a17,0xea206425100
0x4189ef,0xea206427200
0x418a54,0xea20642c1c0
0x4189ef,0xea206427280
0x417b1c,0xea206339100
0x41a242,0xea2064223c0
0x418283,0xea20641bd80
0x418a17,0xea206425320
0x418a6b,0xea206426380
0x418a00,0xea20642b380
0x418a6b,0xea206426580
0x418a00,0xea20642b540
0x418a54,0xea20642c640
0x417b11,0xea2064208c0
0x417b11,0xea206420980
0x417b11,0xea20641dc40
0x417a75,0xea20641ebc8
0x417b1c,0xea2062cd780
0x417b11,0xea20641ed40
0x41a21f,0xea206422740
0x418283,0xea20641bf40
0x4181c4,0xea206419f80
0x418144,0xea206418fc0
0x4181c4,0xea206435100
0x418236,0xea2064331c0
0x4181c4,0xea206435240
0x418a17,0xea206425710
0x4189c3,0xea2064247c0
0x418a33,0xea20642d780
0x4189d7,0xea20642e800
0x418a9a,0xea2064298c0
0x4189ef,0xea206427a00
0x418a17,0xea206425a80
0x417b1c,0x8ad3301e10c0
0x417b11,0xea206420d40
0x417b1c,0x8ad3301e1180
0x417b11,0xea206431340
0x417b11,0xea206431380
0x419b68,0xea206421c40
0x418236,0xea206433540
0x418144,0xea2064325c0
0x418a43,0xea206428b80
0x4189ef,0xea206427c40
0x4189ef,0xea206427cc0
0x418a00,0xea20642bc80
0x418a54,0xea20642cd80
0x41916b,0xea206436400
0x417996,0xea206439100
0x417b1c,0x8ad330218980
0x417b1c,0xea2062cdfc0
0x417b11,0xea206430980
0x418283,0xea206434700
0x418a33,0xea20642dfc0
0x4189ef,0xea2064410c0
0x418a9a,0xea206443100
0x418a00,0xea206445100
0x418a6b,0xea206440180
0x4189ef,0xea206441180
0x418a33,0xea206447200
0x41916b,0xea206436740
0x417b11,0xea20643a4c0
0x417b11,0xea206438980
0x417b1c,0xea2063047c0
0x417b11,0xea206431c40
0x417b11,0xea206430f80
0x417b1c,0xea206339f80
0x41a242,0xea20643c500
0x418236,0xea206433d00
0x418a33,0xea206447280
0x418a00,0xea206445300
0x418a54,0xea206446380
0x418a43,0xea2064423c0
0x4189c3,0xea20643e500
0x418a54,0xea206446580
0x41916b,0xea206436c00
0x417b1c,0x8ad3301e1c40
0x417a87,0x8ad330218fc0
0x417a75,0xea206431e08
0x418144,0xea206432e80
0x418144,0xea206432ec0
0x418283,0xea206434f80
0x418144,0xea20644c1c0
0x418a00,0xea206445700
0x418a43,0xea206442740
0x4189c9,0xea2064447c0
0x418a6b,0xea2064408c0
0x4189d7,0xea2064498c0
0x418a6b,0xea206440980
0x418b99,0xea206447a00
0x417b1c,0x8ad3301e3100
0x417b1c,0x8ad33021a4c0
0x417b11,0xea206438fc0
0x417b11,0xea20644b380
0x417b11,0xea20644b540
0x419b68,0xea20643bd80
0x41a1c3,0xea20643dc40
0x418a00,0xea206445a80
0x4189c3,0xea20643ebc0
0x418a89,0xea206448b80
0x4189ef,0xea206441c40
0x418a33,0xea206447c40
0x4189c3,0xea20643ed40
0x418a33,0xea206447cc0
0x418a6b,0xea206440d40
0x417996,0xea206439f80
0x417996,0xea2064531c0
0x417b11,0xea206451340
0x417b11,0xea206451380
0x417b11,0xea2064525c0
0x417b1c,0xea206306380
0x417b1c,0xea206306580
0x419b68,0xea20643bf40
0x419b68,0xea206455100
0x417dae,0xea20644c648
0x418236,0xea20644d780
0x418283,0xea20644e800
0x418a17,0xea206459100
0x418a33,0xea2064610c0
0x418a89,0xea206463100
0x418a54,0xea206460180
0x418a33,0xea206461180
0x417996,0xea206453540
0x417b1c,0xea2062d1340
0x417b1c,0xea2062d1380
0x417b11,0xea20644bc80
0x417b1c,0xea20633bd80
0x417b1c,0xea20633bf40
0x419b60,0xea206455258
0x41a242,0xea206456400
0x418144,0xea20644cd80
0x4189d7,0xea2064623c0
0x418a6b,0xea20645a4c0
0x418a43,0xea20645c500
0x4189c9,0xea20645e500
0x41916b,0xea206450980
0x417b11,0xea206454710
0x417b11,0xea206451c40
0x417b11,0xea206452e80
0x417b11,0xea206452ec0
0x417b11,0xea206465100
0x41a21f,0xea206456740
0x418236,0xea20644dfc0
0x4189d7,0xea206462740
0x418a54,0xea2064608c0
0x4189c3,0xea206458980
0x418a54,0xea206460980
0x41916b,0xea206450f80
0x417996,0xea206453d00
0x417b11,0xea206451e00
0x417b1c,0x8ad33021c500
0x417b11,0xea20646c1c0
0x417b11,0xea206465300
0x417b11,0xea2064647c0
0x41a242,0xea206456c00
0x417e37,0xea206467218
0x418236,0xea206467280
0x418144,0xea206466380
0x418144,0xea206466580
0x4189c9,0xea20645ebc0
0x418a9a,0xea20645dc40
0x418a33,0xea206461c40
0x4189c9,0xea20645ed40
0x4189ef,0xea20645bd80
0x418a54,0xea206460d40
0x417b11,0xea206454f80
0x417b1c,0x8ad3301e5100
0x417b1c,0x8ad3301e5300
0x417b11,0xea20646b380
0x417b1c,0xea2062d1c40
0x417b1c,0xea2062d1e00
0x417b11,0xea20646c640
0x417b11,0xea206465700
0x4181c4,0xea2064698c0
0x4189ef,0xea20645bf40
0x418a17,0xea206459f80
0x4189c3,0xea206458fc0
0x4189ef,0xea206475100
0x418a00,0xea206479100
0x418a17,0xea2064731c0
0x417b1c,0x8ad3301e5700
0x417b11,0xea20646b540
0x417b1c,0xea2062d31c0
0x417b11,0xea206465a80
0x417b1c,0xea20633dc40
0x41a1c3,0xea206471340
0x41a1c3,0xea206471380
0x418236,0xea206467a00
0x418283,0xea206468b80
0x418236,0xea206467c40
0x418236,0xea206467cc0
0x4189ef,0xea206475240
0x418a43,0xea206476400
0x418a54,0xea20647a4c0
0x418a17,0xea206473540
0x418a89,0xea20647c500
0x4189c3,0xea2064725c0
0x417996,0xea20646d780
0x417b11,0xea20646e800
0x417b1c,0x8ad3301e5a80
0x417b1c,0xea2062d3540
0x417b11,0xea20646cd80
0x417b1c,0xea206308b80
0x417b1c,0xea206340180
0x41a21f,0xea206470980
0x418236,0xea2064810c0
0x4181c4,0xea206483100
0x418144,0xea206480180
0x418236,0xea206481180
0x418a6b,0xea206474700
0x418a43,0xea206476740
0x4189c9,0xea206478980
0x417b11,0xea20646bc80
0x417b1c,0x8ad33021e500
0x417b11,0xea20647e500
0x41a1c3,0xea206471c40
0x418283,0xea2064823c0
0x418a43,0xea206476c00
0x4189d7,0xea20647dc40
0x418a17,0xea206473d00
0x417996,0xea20646dfc0
0x417b1c,0x8ad3301e7200
0x417b1c,0x8ad3301e7280
0x417b11,0xea206485100
0x417b11,0xea206485300
0x417b11,0xea206486380
0x417b11,0xea206486580
0x417b1c,0xea2062d3d00
0x417b1c,0xea2063408c0
0x417b1c,0xea206340980
0x41a184,0xea206471e00
0x41a248,0xea206470f80
0x418283,0xea206482740
0x418144,0xea2064808c0
0x418325,0xea206480980
0x418717,0xea20647bda8
0x4189c3,0xea206472e80
0x4189c3,0xea206472ec0
0x418a6b,0xea206474f80
0x418a00,0xea206479f80
0x418a33,0xea20647bf40
0x4189c9,0xea206478fc0
0x4189d7,0xea206495100
0x4189c3,0xea20648c1c0
0x41916b,0xea2064847c0
0x417996,0xea206487200
0x417996,0xea206487280
0x417b11,0xea206485700
0x417b1c,0x8ad33021ebc0
0x417b1c,0xea2062d5100
0x417b1c,0xea2062d5240
0x417b11,0xea20647ebc0
0x417b1c,0xea206340d40
0x41a1c3,0xea20648b380
0x41a1c3,0xea20648b540
0x418236,0xea206481c40
0x418144,0xea206480d40
0x418a54,0xea2064931c0
0x4189d7,0xea206495240
0x418a9a,0xea206491340
0x418a9a,0xea206491380
0x418a33,0xea206496400
0x418a54,0xea206493540
0x417b1c,0x8ad3301e7a00
0x417b1c,0x8ad33021ed40
0x417b11,0xea206485a80
0x417a75,0xea20647ed48
0x417b11,0xea206499100
0x419b68,0xea2064898c0
0x4189c9,0xea2064925c0
0x4189c3,0xea20648c640
0x418a17,0xea20648d780
0x418a00,0xea206494700
0x418a33,0xea206496740
0x418a6b,0xea20648e800
0x418a43,0xea206490980
0x417996,0xea206487a00
0x417996,0xea206487c40
0x417996,0xea206487cc0
0x417b1c,0x8ad3301e7c40
0x417b11,0xea206488b80
0x417b1c,0x8ad3301e7cc0
0x417b1c,0x8ad330220180
0x417b1c,0xea2063423c0
0x41a1c3,0xea20648bc80
0x418144,0xea20649a4c0
0x4181c4,0xea20649c500
0x418a33,0xea206496c00
0x418a9a,0xea206491c40
0x418a54,0xea206493d00
0x4189c3,0xea20648cd80
0x417b11,0xea2064a10c0
0x417b11,0xea2064a23c0
0x417b11,0xea20649e500
0x417b1c,0xea20630c1c0
0x417b1c,0xea206342740
0x419b68,0xea2064a3100
0x41a21f,0xea2064a5100
0x418a9a,0xea206491e00
0x4189c9,0xea206492e80
0x4189c9,0xea206492ec0
0x418a43,0xea206490f80
0x418a17,0xea20648dfc0
0x418a00,0xea206494f80
0x417907,0xea2064a0198
0x417a75,0xea2064a1198
0x417b1c,0x8ad3302208c0
0x417b1c,0x8ad330220980
0x417b11,0xea2064a2740
0x417b11,0xea206498980
0x417b1c,0xea20630c640
0x41a242,0xea2064a5300
0x418283,0xea20649dc40
0x4189c9,0xea2064ac1c0
0x418a17,0xea2064a7200
0x418a17,0xea2064a7280
0x4189c3,0xea2064a6380
0x418a9a,0xea2064ab380
0x418a89,0xea2064b1340
0x418a89,0xea2064b1380
0x418a9a,0xea2064ab540
0x4189c3,0xea2064a6580
0x417996,0xea2064a08c0
0x417b1c,0x8ad3301e98c0
0x417b1c,0x8ad330220d40
0x417b11,0xea20649ebc0
0x417b11,0xea20649ed40
0x417b11,0xea206498fc0
0x417a75,0xea206499f88
0x417b11,0xea2064b31c0
0x41a21f,0xea2064a5700
0x41a184,0xea2064a47c0
0x418236,0xea20649bd80
0x418236,0xea20649bf40
0x418236,0xea2064b5100
0x4189c9,0xea2064ac640
0x418a00,0xea2064ad780
0x418a54,0xea2064ae800
0x4189ef,0xea2064a98c0
0x417996,0xea2064a0980
0x417b11,0xea2064a1c40
0x417b1c,0xea20630cd80
0x417b11,0xea2064b3540
0x41a242,0xea2064a5a80
0x41aa2d,0xea2064a0d40
0x418236,0xea2064b5240
0x418283,0xea2064b6400
0x418a17,0xea2064a7a00
0x4189d7,0xea2064b0980
0x418a6b,0xea2064a8b80
0x418a17,0xea2064a7c40
0x418a9a,0xea2064abc80
0x418a17,0xea2064a7cc0
0x418a89,0xea2064b1c40
0x41916b,0xea2064b9100
0x417b1c,0x8ad3302223c0
0x417b11,0xea2064b25c0
0x417b1c,0xea2063447c0
0x418144,0xea2064b4700
0x418283,0xea2064b6740
0x4189c9,0xea2064acd80
0x418a89,0xea2064b1e00
0x418a00,0xea2064adfc0
0x4189d7,0xea2064b0f80
0x418a6b,0x6c6f1e4c10c0
0x418a43,0x6c6f1e4c3100
0x418b68,0x6c6f1e4c5100
0x417996,0xea2064ba4c0
0x417b1c,0x8ad3301eb380
0x417b1c,0x8ad330222740
0x417b11,0xea2064bc500
0x417b11,0xea2064b8980
0x417b11,0xea2064b3d00
0x41a1c3,0xa1abd7fd1340
0x41a1c3,0xa1abd7fd1380
0x41a242,0xea2064be500
0x418283,0xea2064b6c00
0x418a17,0x6c6f1e4c01a0
0x418a6b,0x6c6f1e4c11a0
0x418a54,0x6c6f1e4c7200
0x418a54,0x6c6f1e4c7280
0x4189c9,0x6c6f1e4c5300
0x418a00,0x6c6f1e4c6380
0x4189ef,0x6c6f1e4c23c0
0x417b1c,0x8ad3301eb540
0x417b1c,0xea2062d9100
0x417b11,0xea2064b2e80
0x417b11,0xea2064b2ec0
0x417b1c,0xea20630e800
0x417b11,0x6c6f1e4cc1c0
0x418144,0xea2064b4f80
0x4189c3,0xa1abd7fd25c0
0x418a00,0x6c6f1e4c6580
0x4189c9,0x6c6f1e4c5700
0x4189ef,0x6c6f1e4c2740
0x418a9a,0x6c6f1e4c47c0
0x418a17,0x6c6f1e4c08c0
0x418bf2,0x6c6f1e4c98c0
0x417b11,0xea2064b8fc0
0x417b11,0x6c6f1e4cb380
0x417b11,0x6c6f1e4cc640
0x419b68,0xea2064bdc40
0x41a242,0xea2064bebc0
0x41a1c3,0xa1abd7fd1c40
0x418a17,0x6c6f1e4c0980
0x418a54,0x6c6f1e4c7a00
0x4189c9,0x6c6f1e4c5a80
0x418a33,0x6c6f1e4c8b80
0x418a6b,0x6c6f1e4c1c40
0x418a54,0x6c6f1e4c7c40
0x418a54,0x6c6f1e4c7cc0
0x419144,0xea2064b9fa8
0x417b11,0xea2064bbd80
0x417a87,0x8ad3301ebc80
0x417b11,0xea2064bbf40
0x417b11,0x6c6f1e4d5100
0x417b11,0x6c6f1e4d5240
0x417b11,0x6c6f1e4d1340
0x417b11,0x6c6f1e4d1380
0x417b11,0x6c6f1e4cb540
0x417a87,0xea206346380
0x417b1c,0xea206346580
0x41a21f,0xea2064bed40
0x41a184,0xa1abd7fd1e00
0x418144,0x6c6f1e4cd780
0x418236,0x6c6f1e4ce800
0x418a17,0x6c6f1e4c0d70
0x4189c3,0xa1abd7fd2e80
0x4189c3,0xa1abd7fd2ec0
0x4189c3,0x6c6f1e4d9100
0x418c14,0x6c6f1e4e10c0
0x41916b,0x6c6f1e4d25c0
0x417996,0x6c6f1e4d31c0
0x417b1c,0x8ad3302247c0
0x417b11,0x6c6f1e4ccd80
0x419b68,0x6c6f1e4d6400
0x4181c4,0x6c6f1e4d0980
0x4189d7,0x6c6f1e4e3100
0x418a00,0x6c6f1e4e0180
0x418a54,0x6c6f1e4e1180
0x418a33,0x6c6f1e4e23c0
0x418a17,0x6c6f1e4da4c0
0x417996,0x6c6f1e4d3540
0x417b11,0x6c6f1e4d4700
0x417a87,0xea2062d9f80
0x417b11,0x6c6f1e4d1c40
0x417a75,0x6c6f1e4cbc88
0x419b68,0x6c6f1e4d6740
0x4181c4,0x6c6f1e4d0f80
0x418144,0x6c6f1e4cdfc0
0x4186c1,0x6c6f1e4dc528
0x418748,0x6c6f1e4de528
0x418a33,0x6c6f1e4e2740
0x418a89,0x6c6f1e4e47c0
0x41916b,0x6c6f1e4d2e80
0x41916b,0x6c6f1e4d2ec0
0x417b1c,0x8ad3301ee800
0x417b11,0x6c6f1e4d1e00
0x417b1c,0xea206310980
0x417b11,0x6c6f1e4e5100
0x417b11,0x6c6f1e4e5300
0x417b11,0x6c6f1e4e6380
0x417b11,0x6c6f1e4e6580
0x419b68,0x6c6f1e4d6c00
0x41a1c3,0x6c6f1e4d8980
0x418144,0x6c6f1e4e7200
0x418144,0x6c6f1e4e7280
0x41871e,0x6c6f1e4e08d8
0x418a00,0x6c6f1e4e0980
0x418a9a,0x6c6f1e4debc0
0x418a43,0x6c6f1e4ddc40
0x418a54,0x6c6f1e4e1c40
0x41916b,0x6c6f1e4ec1c0
0x417996,0x6c6f1e4d3d00
0x417b11,0x6c6f1e4d4f80
0x417b1c,0x8ad330226380
0x417b11,0x6c6f1e4eb380
0x417b11,0x6c6f1e4eb540
0x417b11,0x6c6f1e4e5700
0x417b1c,0xea206310f80
0x41a184,0x6c6f1e4d8fc0
0x418a9a,0x6c6f1e4ded40
0x418a6b,0x6c6f1e4dbd80
0x418a00,0x6c6f1e4e0d40
0x418a6b,0x6c6f1e4dbf40
0x4189c3,0x6c6f1e4d9f80
0x41916b,0x6c6f1e4ec640
0x417b1c,0x8ad330226580
0x417b1c,0xea2062dbd80
0x417b11,0x6c6f1e4e5a80
0x41a242,0x6c6f1e4f1340
0x41a2d2,0x6c6f1e4f1380
0x418283,0x6c6f1e4e98c0
0x418144,0x6c6f1e4e7a00
0x418236,0x6c6f1e4e8b80
0x418144,0x6c6f1e4e7c40
0x418a6b,0x6c6f1e4f5120
0x4189c9,0x6c6f1e4f9100
0x4189c3,0x6c6f1e4f31c0
0x418a6b,0x6c6f1e4f5240
0x4189ef,0x6c6f1e4f6400
0x417996,0x6c6f1e4ed780
0x417b11,0x6c6f1e4ee800
0x417b1c,0xea2062dbf40
0x417b11,0x6c6f1e4ebc80
0x417b1c,0xea2063125c0
0x417b1c,0xea206348b80
0x417b11,0x6c6f1e500180
0x41a184,0x6c6f1e4f25c0
0x418144,0x6c6f1e4e7cc0
0x418a00,0x6c6f1e4fa4c0
0x4189c3,0x6c6f1e4f3540
0x418a89,0x6c6f1e4fe500
0x4189d7,0x6c6f1e4fc500
0x418a17,0x6c6f1e4f4700
0x4189ef,0x6c6f1e4f6740
0x41916b,0x6c6f1e4ecd80
0x417b1c,0x8ad3301f0980
0x417b11,0x6c6f1e505100
0x419b68,0x6c6f1e4f0980
0x41a242,0x6c6f1e4f1c40
0x418144,0x6c6f1e5010c0
0x4181c4,0x6c6f1e503100
0x418144,0x6c6f1e501180
0x418236,0x6c6f1e5023c0
0x418a9a,0x6c6f1e4f8980
0x4189ef,0x6c6f1e4f6c00
0x418a89,0x6c6f1e4febc0
0x417996,0x6c6f1e4edfc0
0x417b11,0x6c6f1e505300
0x417b1c,0xea206312e80
0x417b1c,0xea206312ec0
0x417b11,0x6c6f1e5008c0
0x417b11,0x6c6f1e500980
0x419b68,0x6c6f1e4f0f80
0x41a21f,0x6c6f1e4f1e00
0x41a184,0x6c6f1e4f2e80
0x41a184,0x6c6f1e4f2ec0
0x418236,0x6c6f1e502740
0x418283,0x6c6f1e5047c0
0x418717,0x6c6f1e4fdc68
0x4189c3,0x6c6f1e4f3d00
0x418a89,0x6c6f1e4fed40
0x418a54,0x6c6f1e4fbd80
0x418a17,0x6c6f1e4f4f80
0x418a54,0x6c6f1e4fbf40
0x4189c9,0x6c6f1e4f9f80
0x418a9a,0x6c6f1e4f8fc0
0x41916b,0x6c6f1e506380
0x41916b,0x6c6f1e506580
0x417996,0x6c6f1e507200
0x417996,0x6c6f1e507280
0x417b1c,0x8ad3301f0f80
0x417b11,0x6c6f1e505700
0x417b1c,0xea2062ddc40
0x417b11,0x6c6f1e500d40
0x41a1c3,0x6c6f1e50c1c0
0x41a242,0x6c6f1e50b380
0x418a00,0x6c6f1e515100
0x4189c9,0x6c6f1e5131c0
0x418a00,0x6c6f1e515240
0x418a43,0x6c6f1e511340
0x418a43,0x6c6f1e511380
0x4189d7,0x6c6f1e516400
0x417b11,0x6c6f1e5098c0
0x417b11,0x6c6f1e505a80
0x417b11,0x6c6f1e519100
0x41a21f,0x6c6f1e50b540
0x41a184,0x6c6f1e50c640
0x417dae,0x6c6f1e501c68
0x4189c9,0x6c6f1e513540
0x418a9a,0x6c6f1e5125c0
0x418a54,0x6c6f1e514700
0x4189c3,0x6c6f1e50d780
0x4189d7,0x6c6f1e516740
0x418a17,0x6c6f1e50e800
0x417996,0x6c6f1e507a00
0x417a87,0x8ad3301f25c0
0x417b11,0x6c6f1e508b80
0x417a87,0x8ad330228b80
0x417a87,0xea206314700
0x41aa2d,0x6c6f1e507c40
0x4189ef,0x6c6f1e510980
0x418a89,0x6c6f1e518980
0x418a43,0x6c6f1e511c40
0x41916b,0x6c6f1e520180
0x417996,0x6c6f1e507cc0
0x417b11,0x6c6f1e523100
0x417b11,0x6c6f1e51e500
0x417b1c,0xea20634c1c0
0x41a248,0x6c6f1e50bc80
0x41a184,0x6c6f1e50cd80
0x418144,0x6c6f1e51a4c0
0x418236,0x6c6f1e51c500
0x4186d6,0x6c6f1e516c28
0x4189c9,0x6c6f1e513d00
0x418a43,0x6c6f1e511e00
0x418a9a,0x6c6f1e512e80
0x418a9a,0x6c6f1e512ec0
0x4189ef,0x6c6f1e510f80
0x4189c3,0x6c6f1e50dfc0
0x418a54,0x6c6f1e514f80
0x418a89,0x6c6f1e518fc0
0x417996,0x6c6f1e5210c0
0x417996,0x6c6f1e521180
0x417b1c,0x8ad3301f2e80
0x417b1c,0x8ad3301f2ec0
0x417b11,0x6c6f1e5223c0
0x417b1c,0xea206314f80
0x417b1c,0xea20634c640
0x41a242,0x6c6f1e525100
0x41a242,0x6c6f1e525300
0x41a1c3,0x6c6f1e526380
0x418a9a,0x6c6f1e52c1c0
0x4189c3,0x6c6f1e527200
0x4189c3,0x6c6f1e527280
0x418a43,0x6c6f1e52b380
0x418a33,0x6c6f1e531340
0x418a33,0x6c6f1e531380
0x41916b,0x6c6f1e5208c0
0x41916b,0x6c6f1e520980
0x417b11,0x6c6f1e522740
0x417b11,0x6c6f1e51ebc0
0x417b1c,0xea206316400
0x417b11,0x6c6f1e519f80
0x417b11,0x6c6f1e5331c0
0x419b68,0x6c6f1e5247c0
0x41a184,0x6c6f1e526580
0x41a21f,0x6c6f1e525700
0x418283,0x6c6f1e51dc40
0x4181c4,0x6c6f1e51bd80
0x4181c4,0x6c6f1e51bf40
0x418a43,0x6c6f1e52b540
0x418a89,0x6c6f1e5325c0
0x418a9a,0x6c6f1e52c640
0x4189c9,0x6c6f1e52d780
0x41916b,0x6c6f1e520d40
0x417b1c,0x8ad3301f4700
0x417b11,0x6c6f1e51ed40
0x417b1c,0xea2062e10c0
0x417b1c,0xea2062e1180
0x417b11,0x6c6f1e535100
0x417b1c,0xea206316740
0x417b11,0x6c6f1e535240
0x417b1c,0xea20634cd80
0x417b11,0x6c6f1e533540
0x41a242,0x6c6f1e525a80
0x418283,0x6c6f1e539100
0x41871e,0x6c6f1e52e818
0x418a6b,0x6c6f1e5298c0
0x4189c3,0x6c6f1e527a00
0x4189d7,0x6c6f1e530980
0x418a17,0x6c6f1e528b80
0x417996,0x6c6f1e521c40
0x417b1c,0xea206316c00
0x417dae,0x6c6f1e536408
0x418144,0x6c6f1e536740
0x4186e9,0x6c6f1e527c68
0x418a43,0x6c6f1e52bc80
0x4189c3,0x6c6f1e527cc0
0x418a33,0x6c6f1e531c40
0x418a9a,0x6c6f1e52cd80
0x418a33,0x6c6f1e531e00
0x418a89,0x6c6f1e532e80
0x418a89,0x6c6f1e532ec0
0x4189d7,0x6c6f1e530f80
0x418b68,0x6c6f1e52dfc0
0x41916b,0x6c6f1e53a4c0
0x417996,0x6c6f1e5423c0
0x417b11,0x6c6f1e543100
0x417b1c,0x8ad3301f4f80
0x417b11,0x6c6f1e534700
0x417b11,0x6c6f1e533d00
0x41a1c3,0x6c6f1e545100
0x41a1c3,0x6c6f1e545300
0x41a242,0x6c6f1e546380
0x418236,0x6c6f1e538980
0x418a9a,0x6c6f1e5410c0
0x418a43,0x6c6f1e540180
0x418a9a,0x6c6f1e541180
0x4189c9,0x6c6f1e547200
0x4189d7,0x6c6f1e54c1c0
0x4189c9,0x6c6f1e547280
0x418a89,0x6c6f1e54b380
0x417996,0x6c6f1e542740
0x417b1c,0x8ad33022d780
0x417b1c,0xea2062e1c40
0x417b1c,0xea20634e800
0x419b68,0x6c6f1e5447c0
0x41a21f,0x6c6f1e546580
0x41a184,0x6c6f1e545700
0x418144,0x6c6f1e536c00
0x418283,0x6c6f1e539f80
0x4189c3,0x6c6f1e53c500
0x418a6b,0x6c6f1e53e500
0x418a89,0x6c6f1e54b540
0x4189d7,0x6c6f1e54c640
0x417b1c,0x8ad3301f6400
0x417b1c,0x8ad3301f6740
0x417b11,0x6c6f1e53bd80
0x417b1c,0xea2062e3100
0x417b11,0x6c6f1e534f80
0x41a1c3,0x6c6f1e545a80
0x417e37,0x6c6f1e538fd8
0x4181c4,0x6c6f1e5531c0
0x418236,0x6c6f1e551340
0x418236,0x6c6f1e551380
0x418a43,0x6c6f1e5408c0
0x418a00,0x6c6f1e5498c0
0x418a43,0x6c6f1e540980
0x4189c9,0x6c6f1e547a00
0x418a6b,0x6c6f1e53ebc0
0x418a54,0x6c6f1e548b80
0x417b11,0x6c6f1e53bf40
0x417b11,0x6c6f1e555100
0x417b1c,0x8ad33022dfc0
0x417b1c,0xea206318980
0x417b11,0x6c6f1e54d780
0x4181c4,0x6c6f1e553540
0x418283,0x6c6f1e5525c0
0x418a17,0x6c6f1e53dc40
0x418a9a,0x6c6f1e541c40
0x4189c9,0x6c6f1e547c40
0x418a89,0x6c6f1e54bc80
0x4189c9,0x6c6f1e547cc0
0x418a6b,0x6c6f1e53ed40
0x418a43,0x6c6f1e540d40
0x4189d7,0x6c6f1e54cd80
0x417b1c,0x8ad3301f6c00
0x417a75,0x6c6f1e555258
0x417b11,0x6c6f1e54e800
0x417b1c,0xea206318fc0
0x41a1c3,0x6c6f1e559100
0x418144,0x6c6f1e550980
0x4189c9,0x6c6f1e5610c0
0x418a00,0x6c6f1e563100
0x4189d7,0x6c6f1e565100
0x418a9a,0x6c6f1e560180
0x4189c9,0x6c6f1e561180
0x4189d7,0x6c6f1e565300
0x41916b,0x6c6f1e554700
0x417996,0x6c6f1e556400
0x417996,0x6c6f1e556740
0x417b11,0x6c6f1e54dfc0
0x417b1c,0xea206350980
0x41a21f,0x6c6f1e55a4c0
0x418236,0x6c6f1e551c40
0x4181c4,0x6c6f1e553d00
0x418236,0x6c6f1e551e00
0x418283,0x6c6f1e552e80
0x418283,0x6c6f1e552ec0
0x418752,0x6c6f1e566388
0x418a54,0x6c6f1e5623c0
0x4189c3,0x6c6f1e55e500
0x418a17,0x6c6f1e55c500
0x418a89,0x6c6f1e566580
0x4189d7,0x6c6f1e565700
0x418a54,0x6c6f1e562740
0x417b1c,0xea2062e5100
0x417b1c,0xea20631a4c0
0x417b11,0x6c6f1e567200
0x417b11,0x6c6f1e567280
0x419b68,0x6c6f1e558980
0x417dae,0x6c6f1e550f98
0x4181c4,0x6c6f1e56c1c0
0x418a33,0x6c6f1e5647c0
0x418a9a,0x6c6f1e5608c0
0x418a9a,0x6c6f1e560980
0x4189d7,0x6c6f1e565a80
0x41916b,0x6c6f1e554f80
0x417996,0x6c6f1e556c00
0x417b1c,0x8ad3301f8980
0x417b1c,0xea2062e5300
0x417b1c,0xea206350f80
0x417e37,0x6c6f1e56b388
0x418236,0x6c6f1e56b540
0x4181c4,0x6c6f1e56c640
0x4186e9,0x6c6f1e55ebe8
0x418a43,0x6c6f1e55dc40
0x4189c9,0x6c6f1e561c40
0x4189c3,0x6c6f1e55ed40
0x418a9a,0x6c6f1e560d40
0x4189ef,0x6c6f1e55bd80
0x4189ef,0x6c6f1e55bf40
0x417b11,0x6c6f1e571340
0x417b1c,0x8ad330231340
0x417b1c,0x8ad330231380
0x417b1c,0xea2062e5700
0x417b11,0x6c6f1e5698c0
0x417b11,0x6c6f1e567a00
0x417b11,0x6c6f1e567c40
0x417b11,0x6c6f1e567cc0
0x419b68,0x6c6f1e558fc0
0x419dc9,0x6c6f1e559fa0
0x41a242,0x6c6f1e5731c0
0x418283,0x6c6f1e56d780
0x4189c3,0x6c6f1e575100
0x418a43,0x6c6f1e579100
0x418a89,0x6c6f1e580180
0x4189c3,0x6c6f1e575240
0x41916b,0x6c6f1e56e800
0x417a75,0x6c6f1e571388
0x417b1c,0x8ad3301f8fc0
0x417b1c,0xea2062e5a80
0x417b11,0x6c6f1e568b80
0x417b1c,0xea2063525c0
0x417b11,0x6c6f1e5810c0
0x419b68,0x6c6f1e5725c0
0x41a21f,0x6c6f1e573540
0x41a184,0x6c6f1e574700
0x418236,0x6c6f1e56bc80
0x4181c4,0x6c6f1e56cd80
0x418a17,0x6c6f1e576400
0x418a9a,0x6c6f1e57a4c0
0x418a00,0x6c6f1e57c500
0x418a33,0x6c6f1e57e500
0x418a17,0x6c6f1e576740
0x417996,0x6c6f1e570980
0x417b1c,0x8ad3301fa4c0
0x417b11,0x6c6f1e583100
0x417b1c,0xea20631c500
0x417b11,0x6c6f1e581180
0x418283,0x6c6f1e56dfc0
0x4181c4,0x6c6f1e585100
0x418283,0x6c6f1e587200
0x418283,0x6c6f1e587280
0x4181c4,0x6c6f1e585300
0x418a89,0x6c6f1e5808c0
0x4189ef,0x6c6f1e578980
0x418a89,0x6c6f1e580980
0x417b11,0x6c6f1e571c40
0x417b11,0x6c6f1e571e00
0x417b1c,0x8ad330231c40
0x417b1c,0x8ad330231e00
0x417b1c,0xea2062e7200
0x417b1c,0xea2062e7280
0x417b11,0x6c6f1e5823c0
0x417b1c,0xea206352e80
0x417b1c,0xea206352ec0
0x419b68,0x6c6f1e572e80
0x419b68,0x6c6f1e572ec0
0x41a21f,0x6c6f1e573d00
0x418236,0x6c6f1e586380
0x418236,0x6c6f1e586580
0x418387,0x6c6f1e585700
0x418a17,0x6c6f1e576c00
0x418a33,0x6c6f1e57ebc0
0x418a54,0x6c6f1e57dc40
0x418a33,0x6c6f1e57ed40
0x4189c9,0x6c6f1e57bd80
0x418a89,0x6c6f1e580d40
0x417996,0x6c6f1e570f80
0x417b1c,0x8ad3302331c0
0x417b11,0x6c6f1e582740
0x417b11,0x6c6f1e581c40
0x419b68,0x6c6f1e58c1c0
0x41a1c3,0x6c6f1e574f80
0x418144,0x6c6f1e5847c0
0x418283,0x6c6f1e587a00
0x4181c4,0x6c6f1e585a80
0x4189c9,0x6c6f1e57bf40
0x418a43,0x6c6f1e579f80
0x4189ef,0x6c6f1e578fc0
0x4189c9,0x6c6f1e595100
0x418a89,0x6c6f1e599100
0x418a43,0x6c6f1e5931c0
0x4189c9,0x6c6f1e595240
0x418a6b,0x6c6f1e591340
0x417b11,0x6c6f1e58b380
0x417b11,0x6c6f1e58b540
0x417b1c,0x8ad330233540
0x417b11,0x6c6f1e5898c0
0x417b1c,0xea2062e7a00
0x417b1c,0xea206354700
0x419b68,0x6c6f1e58c640
0x418283,0x6c6f1e587c40
0x418283,0x6c6f1e587cc0
0x41875e,0x6c6f1e591388
0x418a00,0x6c6f1e596400
0x4189d7,0x6c6f1e59a4c0
0x418a43,0x6c6f1e593540
0x4189ef,0x6c6f1e5925c0
0x418a9a,0x6c6f1e594700
0x41916b,0x6c6f1e588b80
0x417a87,0xea2062e7c40
0x417b1c,0xea2062e7cc0
0x417b1c,0xea20631e500
0x41a242,0x6c6f1e58d780
0x41a1c3,0x6c6f1e58e800
0x4181c4,0x6c6f1e5a0180
0x418a00,0x6c6f1e596740
0x418a17,0x6c6f1e590980
0x418a33,0x6c6f1e598980
0x41916b,0x6c6f1e5a10c0
0x417b1c,0x8ad3301fc500
0x417b11,0x6c6f1e58bc80
0x417b1c,0x8ad330233d00
0x417b11,0x6c6f1e5a3100
0x417b11,0x6c6f1e59c500
0x419b68,0x6c6f1e58cd80
0x418236,0x6c6f1e59e500
0x418a6b,0x6c6f1e591c40
0x418a00,0x6c6f1e596c00
0x418a43,0x6c6f1e593d00
0x418a6b,0x6c6f1e591e00
0x4189ef,0x6c6f1e592e80
0x4189ef,0x6c6f1e592ec0
0x419144,0x6c6f1e5a1198
0x417b11,0x6c6f1e5a5100
0x417b11,0x6c6f1e5a23c0
0x417b1c,0x8ad330235100
0x417b1c,0xea20631ebc0
0x417b1c,0xea206354f80
0x41a242,0x6c6f1e58dfc0
0x41a242,0x6c6f1e5a7200
0x41a242,0x6c6f1e5a7280
0x4181c4,0x6c6f1e5a08c0
0x4181c4,0x6c6f1e5a0980
0x418a17,0x6c6f1e590f80
0x418a9a,0x6c6f1e594f80
0x418a89,0x6c6f1e599f80
0x418a33,0x6c6f1e598fc0
0x4189ef,0x6c6f1e5ac1c0
0x4189d7,0x6c6f1e5b31c0
0x417a75,0x6c6f1e5a5308
0x417b1c,0x8ad330235240
0x417b11,0x6c6f1e5a2740
0x417b1c,0xea2062e98c0
0x417a87,0xea20631ed40
0x417b11,0x6c6f1e59bd80
0x417b1c,0xea206356400
0x417b11,0x6c6f1e59bf40
0x419b68,0x6c6f1e5a6380
0x419b68,0x6c6f1e5a6580
0x418236,0x6c6f1e59ebc0
0x418144,0x6c6f1e59dc40
0x418236,0x6c6f1e59ed40
0x4181c4,0x6c6f1e5a0d40
0x418a6b,0x6c6f1e5ab380
0x418a54,0x6c6f1e5b1340
0x418a54,0x6c6f1e5b1380
0x418a6b,0x6c6f1e5ab540
0x4189d7,0x6c6f1e5b3540
0x418a33,0x6c6f1e5b25c0
0x4189ef,0x6c6f1e5ac640
0x41916b,0x6c6f1e5a1c40
0x417996,0x6c6f1e5a47c0
0x417b11,0x6c6f1e5a5700
0x417b11,0x6c6f1e5a5a80
0x417b1c,0xea206320180
0x417b11,0x6c6f1e5b5100
0x417b1c,0xea206356740
0x417b11,0x6c6f1e5b5240
0x41a242,0x6c6f1e5a7a00
0x418283,0x6c6f1e5b9100
0x418a89,0x6c6f1e5b4700
0x418a43,0x6c6f1e5ad780
0x418a9a,0x6c6f1e5ae800
0x4189c3,0x6c6f1e5a98c0
0x418a00,0x6c6f1e5b0980
0x417b1c,0x8ad3301fe500
0x417b1c,0xea2062ec1c0
0x417b11,0x6c6f1e5b6400
0x417b1c,0xea206356c00
0x41a184,0x6c6f1e5a8b80
0x41a21f,0x6c6f1e5a7c40
0x41a21f,0x6c6f1e5a7cc0
0x4181c4,0x6c6f1e5ba4c0
0x418a6b,0x6c6f1e5abc80
0x418a54,0x6c6f1e5b1c40
0x4189d7,0x6c6f1e5b3d00
0x4189ef,0x6c6f1e5acd80
0x418a54,0x6c6f1e5b1e00
0x417b11,0x6c6f1e5bc500
0x417b1c,0xea2062ec640
0x417b1c,0xea2063208c0
0x417b11,0x6c6f1e5b6740
0x417b1c,0xea206320980
0x419b68,0x6c6f1e5c0180
0x41a242,0x6c6f1e5c10c0
0x41a242,0x6c6f1e5c1180
0x418236,0x6c6f1e5b8980
0x418717,0x6c6f1e5b2e98
0x418a33,0x6c6f1e5b2ec0
0x418a43,0x6c6f1e5adfc0
0x418a00,0x6c6f1e5b0f80
0x418a89,0x6c6f1e5b4f80
0x4189c3,0x6c6f1e5c3100
0x418a6b,0x6c6f1e5c5100
0x418a43,0x6c6f1e5c7200
0x418a33,0x6c6f1e5cc1c0
0x418a43,0x6c6f1e5c7280
0x417996,0x6c6f1e5be500
0x417b1c,0x8ad3301febc0
0x417b1c,0x8ad3301fed40
0x417b1c,0xea206320d40
0x417b11,0x6c6f1e5b6c00
0x41a184,0x6c6f1e5c23c0
0x418a6b,0x6c6f1e5c5310
0x4189ef,0x6c6f1e5c6380
0x418a54,0x6c6f1e5cb380
0x4189ef,0x6c6f1e5c6580
0x418a54,0x6c6f1e5cb540
0x418b99,0x6c6f1e5cc640
0x417b1c,0x8ad330200180
0x417b11,0x6c6f1e5bdc40
0x417b1c,0xea2062ecd80
0x419b68,0x6c6f1e5c08c0
0x419b68,0x6c6f1e5c0980
0x41a1c3,0x6c6f1e5c2740
0x418283,0x6c6f1e5b9f80
0x418236,0x6c6f1e5b8fc0
0x418283,0x6c6f1e5d31c0
0x418a6b,0x6c6f1e5c5700
0x418a17,0x6c6f1e5c47c0
0x418a89,0x6c6f1e5cd780
0x4189d7,0x6c6f1e5ce800
0x4189c9,0x6c6f1e5c98c0
0x418a43,0x6c6f1e5c7a00
0x418a6b,0x6c6f1e5c5a80
0x41916b,0x6c6f1e5bbd80
0x41916b,0x6c6f1e5bbf40
0x417996,0x6c6f1e5bebc0
0x417996,0x6c6f1e5bed40
0x417a87,0xea2063223c0
0x417b1c,0xea206322740
0x417a87,0xea206358980
0x419b68,0x6c6f1e5c0d40
0x41a21f,0x6c6f1e5c1c40
0x418144,0x6c6f1e5d1340
0x418144,0x6c6f1e5d1380
0x418283,0x6c6f1e5d3540
0x418236,0x6c6f1e5d25c0
0x418a9a,0x6c6f1e5c8b80
0x418a43,0x6c6f1e5c7c40
0x418a54,0x6c6f1e5cbc80
0x418a43,0x6c6f1e5c7cc0
0x418a33,0x6c6f1e5ccd80
0x419144,0x6c6f1e5d5118
0x41916b,0x6c6f1e5d5240
0x417b11,0x6c6f1e5d9100
0x417b1c,0x8ad3302008c0
0x417b1c,0x8ad330200980
0x417b11,0x6c6f1e5d6400
0x417b11,0x6c6f1e5d0980
0x417b1c,0xea206358fc0
0x4181c4,0x6c6f1e5d4700
0x418a89,0x6c6f1e5cdfc0
0x418a43,0x6c6f1e5e10c0
0x4189c9,0x6c6f1e5e3100
0x418a00,0x6c6f1e5e5100
0x4189ef,0x6c6f1e5e0180
0x418a43,0x6c6f1e5e1180
0x418a33,0x6c6f1e5e7200
0x417b1c,0x8ad330200d40
0x417b1c,0x8ad330239100
0x417b11,0x6c6f1e5d6740
0x417b1c,0xea2062ee800
0x419b68,0x6c6f1e5da4c0
0x41a184,0x6c6f1e5dc500
0x418144,0x6c6f1e5d1c40
0x418283,0x6c6f1e5d3d00
0x418144,0x6c6f1e5d1e00
0x418a33,0x6c6f1e5e7280
0x418a00,0x6c6f1e5e5300
0x4189d7,0x6c6f1e5e6380
0x418a9a,0x6c6f1e5e23c0
0x418a17,0x6c6f1e5de500
0x4189d7,0x6c6f1e5e6580
0x417996,0x6c6f1e5d8980
0x417b11,0x6c6f1e5d6c00
0x417b11,0x6c6f1e5d0f80
0x417a87,0xea20635a4c0
0x418236,0x6c6f1e5d2e80
0x418236,0x6c6f1e5d2ec0
0x4181c4,0x6c6f1e5d4f80
0x4181c4,0x6c6f1e5ec1c0
0x418a00,0x6c6f1e5e5700
0x418a9a,0x6c6f1e5e2740
0x418a54,0x6c6f1e5e47c0
0x4189ef,0x6c6f1e5e08c0
0x4189ef,0x6c6f1e5e0980
0x417b1c,0x8ad3302023c0
0x41a21f,0x6c6f1e5dbd80
0x418144,0x6c6f1e5eb380
0x418144,0x6c6f1e5eb540
0x418717,0x6c6f1e5e7a28
0x418a00,0x6c6f1e5e5a80
0x418a17,0x6c6f1e5debc0
0x418a89,0x6c6f1e5e8b80
0x4189c3,0x6c6f1e5ddc40
0x418a43,0x6c6f1e5e1c40
0x418a33,0x6c6f1e5e7c40
0x418a17,0x6c6f1e5ded40
0x418a33,0x6c6f1e5e7cc0
0x4189ef,0x6c6f1e5e0d40
0x417996,0x6c6f1e5d8fc0
0x417b11,0x6c6f1e5d9f80
0x417b1c,0x8ad330202740
0x417b11,0x6c6f1e5f31c0
0x417a75,0x6c6f1e5f1358
0x417b11,0x6c6f1e5f1380
0x417b1c,0xea2063247c0
0x417b11,0x6c6f1e5e98c0
0x41a242,0x6c6f1e5dbf40
0x41a242,0x6c6f1e5f5100
0x4181c4,0x6c6f1e5ec640
0x418236,0x6c6f1e5ed780
0x418283,0x6c6f1e5ee800
0x418a6b,0x6c6f1e5f9100
0x4189d7,0x6c6f1e6010c0
0x418a33,0x6c6f1e600180
0x4189d7,0x6c6f1e601180
0x417996,0x6c6f1e5f25c0
0x417b11,0x6c6f1e5f3540
0x417b1c,0x8ad330239f80
0x419e43,0x6c6f1e5f5250
0x41a184,0x6c6f1e5f6400
0x418144,0x6c6f1e5ebc80
0x4181c4,0x6c6f1e5ecd80
0x418a89,0x6c6f1e6023c0
0x4189ef,0x6c6f1e5fa4c0
0x418a9a,0x6c6f1e5fc500
0x418a00,0x6c6f1e5fe500
0x417b11,0x6c6f1e5f0980
0x417b11,0x6c6f1e5f1c40
0x417b1c,0xea2062f0980
0x417b11,0x6c6f1e5f1e00
0x417b11,0x6c6f1e603100
0x417b1c,0xea20635c500
0x419b68,0x6c6f1e5f4700
0x41a1c3,0x6c6f1e5f6740
0x418236,0x6c6f1e5edfc0
0x418144,0x6c6f1e605100
0x418a89,0x6c6f1e602740
0x418a33,0x6c6f1e6008c0
0x418a17,0x6c6f1e5f8980
0x418a33,0x6c6f1e600980
0x417b11,0x6c6f1e5f3d00
0x417b11,0x6c6f1e5f0f80
0x417b1c,0xea2062f0f80
0x417b1c,0xea206326380
0x41a184,0x6c6f1e5f6c00
0x417e37,0x6c6f1e607208
0x418236,0x6c6f1e607280
0x418144,0x6c6f1e605300
0x4181c4,0x6c6f1e606380
0x4181c4,0x6c6f1e606580
0x418a00,0x6c6f1e5febc0
0x4189c9,0x6c6f1e5fdc40
0x4189d7,0x6c6f1e601c40
0x418a00,0x6c6f1e5fed40
0x418a43,0x6c6f1e5fbd80
0x418a33,0x6c6f1e600d40
0x417996,0x6c6f1e5f2e80
0x417996,0x6c6f1e5f2ec0
0x417b11,0x6c6f1e60c1c0
0x417b1c,0x8ad3302047c0
0x417b1c,0x8ad33023bd80
0x417b11,0x6c6f1e60b380
0x417b11,0x6c6f1e60b540
0x417a87,0xea206326580
0x417b11,0x6c6f1e6047c0
0x419b68,0x6c6f1e5f4f80
0x41a1c3,0xfdfd3a8c5100
0x418144,0x6c6f1e605700
0x418a43,0x6c6f1e5fbf40
0x418a6b,0x6c6f1e5f9f80
0x418a17,0x6c6f1e5f8fc0
0x417907,0xfdfd3a8c7208
0x417996,0xfdfd3a8c7280
0x417b1c,0x8ad33023bf40
0x41a184,0xfdfd3a8c5300
0x418236,0x6c6f1e607a00
0x418144,0x6c6f1e605a80
0x418283,0x6c6f1e608b80
0x418236,0x6c6f1e607c40
0x418236,0x6c6f1e607cc0
0x4186d6,0xfdfd3a8cc1c8
0x4189c9,0xfdfd3a8f1340
0x4189ef,0xfdfd3a8cb380
0x4189c9,0xfdfd3a8f1380
0x418a00,0xfdfd3a8e23c0
0x4189ef,0xfdfd3a8cb540
0x41916b,0x6c6f1e6098c0
0x417b11,0x6c6f1e60c640
0x417b1c,0xfdfd3a8da4c0
0x417b11,0x6c6f1e60bc80
0x419b68,0x6c6f1e60d780
0x41a1c3,0xfdfd3a8c5700
0x41a242,0xfdfd3a8c98c0
0x418283,0x6c6f1e615100
0x418758,0xfdfd3a8f25d8
0x4189d7,0xfdfd3a8cc640
0x418a00,0xfdfd3a8e2740
0x4189c3,0x6c6f1e60e800
0x418a33,0xfdfd3a8cd780
0x418a43,0xfdfd3a8ce800
0x418a6b,0x6c6f1e610980
0x418a9a,0xfdfd3a8d0980
0x417996,0xfdfd3a8c7a00
0x417996,0xfdfd3a8c7c40
0x417996,0xfdfd3a8c7cc0
0x417b1c,0xfdfd3a8e7200
0x417b1c,0xfdfd3a8e7280
0x417b11,0x6c6f1e60cd80
0x417b11,0x6c6f1e619100
0x417b1c,0xfdfd3a8dbd80
0x417b11,0x6c6f1e611340
0x417b11,0x6c6f1e611380
0x417b11,0x6c6f1e6125c0
0x41a184,0xfdfd3a8c5a80
0x417dae,0x6c6f1e6131c8
0x418283,0x6c6f1e615240
0x4181c4,0x6c6f1e616400
0x418144,0x6c6f1e613540
0x4189c9,0xfdfd3a8f1c40
0x4189ef,0xfdfd3a8cbc80
0x417b1c,0xfdfd3a8dbf40
0x417b1c,0xfdfd3a8dc500
0x417b1c,0xfdfd3a8ddc40
0x419b68,0x6c6f1e60dfc0
0x41a1c3,0xfdfd3a8f9100
0x418236,0x6c6f1e614700
0x4181c4,0x6c6f1e616740
0x4186d6,0xfdfd3a8ccd98
0x4189c9,0xfdfd3a8f1e00
0x418a54,0xfdfd3a8f2e80
0x418a54,0xfdfd3a8f2ec0
0x418a6b,0x6c6f1e610f80
0x418a9a,0xfdfd3a8d0f80
0x418a33,0xfdfd3a8cdfc0
0x4189c9,0xfdfd3a8f5100
0x417996,0xfdfd3a8fa4c0
0x417b11,0x6c6f1e61a4c0
0x417b1c,0xfdfd3a8e7a00
0x417b1c,0xfdfd3a8eb380
0x417b1c,0xfdfd3a8eb540
0x417b11,0x6c6f1e611c40
0x417b11,0x6c6f1e612e80
0x417b11,0x6c6f1e612ec0
0x417b1c,0xfdfd3a903100
0x4181c4,0x6c6f1e616c00
0x418144,0x6c6f1e613d00
0x4189c9,0xfdfd3a8f5240
0x4189ef,0xfdfd3a8f6400
0x4189c3,0x6c6f1e61c500
0x418a6b,0x6c6f1e61e500
0x418a33,0xfdfd3a8fe500
0x4189d7,0xfdfd3a8fc500
0x417b1c,0xfdfd3a8e7c40
0x417b1c,0xfdfd3a8e7cc0
0x417b11,0x6c6f1e618980
0x417b1c,0xfdfd3a9023c0
0x417b11,0x6c6f1e611e00
0x417b11,0x6c6f1e620180
0x418236,0x6c6f1e614f80
0x418144,0x6c6f1e6210c0
0x418283,0x6c6f1e623100
0x4189ef,0xfdfd3a8f6740
0x418a54,0xfdfd3a8f4700
0x418a00,0xfdfd3a8e47c0
0x418a9a,0xfdfd3a8f8980
0x417b1c,0xfdfd3a902740
0x417b11,0x6c6f1e618fc0
0x417b11,0x6c6f1e619f80
0x417b11,0x6c6f1e625100
0x417b1c,0xfdfd3a8ebc80
0x417b1c,0xfdfd3a90c1c0
0x417dae,0x6c6f1e621188
0x418236,0x6c6f1e6223c0
0x418a6b,0x6c6f1e61ebc0
0x4189ef,0xfdfd3a8f6c00
0x418a17,0x6c6f1e61dc40
0x418a33,0xfdfd3a8febc0
0x418a89,0xfdfd3a8fdc40
0x418a6b,0x6c6f1e61ed40
0x41916b,0x6c6f1e626380
0x417996,0xfdfd3a919100
0x417b11,0x6c6f1e625300
0x417b1c,0xfdfd3a90c640
0x417b11,0x6c6f1e6208c0
0x417b11,0x6c6f1e620980
0x419b60,0x6c6f1e61bd98
0x419b68,0x6c6f1e61bf40
0x419e43,0xfdfd3a8fbda0
0x41a242,0xfdfd3a8fbf40
0x41a1c3,0xfdfd3a8f9f80
0x418236,0x6c6f1e622740
0x4181c4,0x6c6f1e6247c0
0x418717,0xfdfd3a8fed58
0x418a54,0xfdfd3a8f4f80
0x418a9a,0xfdfd3a8f8fc0
0x4189ef,0xfdfd3a915100
0x41916b,0x6c6f1e626580
0x417b11,0x6c6f1e627280
0x417b11,0x6c6f1e627200
0x417b11,0x6c6f1e625700
0x417b1c,0xfdfd3a911340
0x417b1c,0xfdfd3a911380
0x417b11,0x6c6f1e620d40
0x41a21f,0xfdfd3a91a4c0
0x418144,0x6c6f1e621c40
0x418a6b,0x6c6f1e62c1d0
0x418a54,0xfdfd3a9131c0
0x4189ef,0xfdfd3a915240
0x418a17,0x6c6f1e62b380
0x418a43,0xfdfd3a916400
0x418a17,0x6c6f1e62b540
0x418b99,0xfdfd3a91c500
0x417b11,0x6c6f1e628b80
0x417b11,0x6c6f1e625a80
0x417b1c,0xfdfd3a90cd80
0x417a87,0xfdfd3a9210c0
0x417b1c,0xfdfd3a921180
0x419b68,0x6c6f1e6298c0
0x418a54,0xfdfd3a913560
0x418a6b,0x6c6f1e62c640
0x4189c9,0xfdfd3a914700
0x418a43,0xfdfd3a916740
0x418a00,0xfdfd3a90e800
0x417b11,0x6c6f1e627a00
0x417b11,0x6c6f1e627c40
0x417b11,0x6c6f1e627cc0
0x417b1c,0xfdfd3a9223c0
0x417b11,0x6c6f1e6331c0
0x417b1c,0xfdfd3a911c40
0x41a184,0xfdfd3a918980
0x418283,0x6c6f1e631340
0x418283,0x6c6f1e631380
0x418a43,0xfdfd3a916c00
0x418a17,0x6c6f1e62bc80
0x418a89,0xfdfd3a91dc40
0x418c14,0xfdfd3a913d00
0x417996,0xfdfd3a919f80
0x417b11,0x6c6f1e635100
0x417b1c,0xfdfd3a922740
0x417b1c,0xfdfd3a911e00
0x417b11,0x6c6f1e633540
0x417b1c,0xfdfd3a92b380
0x417b11,0x6c6f1e62d780
0x417b1c,0xfdfd3a92b540
0x417b11,0x6c6f1e62e800
0x41a1c3,0xfdfd3a918fc0
0x41a242,0xfdfd3a939100
0x4181c4,0x6c6f1e6325c0
0x418a6b,0x6c6f1e62cda0
0x4189d7,0xfdfd3a91bd80
0x4189d7,0xfdfd3a91bf40
0x4189c9,0xfdfd3a914f80
0x418a17,0x6c6f1e639100
0x418a43,0xfdfd3a935100
0x41916b,0x6c6f1e634700
0x417b11,0x6c6f1e635240
0x417b11,0x6c6f1e636420
0x417b11,0x6c6f1e636740
0x417b1c,0xfdfd3a921c40
0x418236,0x6c6f1e630980
0x418283,0x6c6f1e631c40
0x4189c9,0xfdfd3a9331c0
0x418a43,0xfdfd3a935240
0x418a9a,0xfdfd3a936400
0x418a6b,0x6c6f1e63a4c0
0x418b3b,0xfdfd3a93a4c0
0x417a87,0xfdfd3a9298c0
0x417b1c,0xfdfd3a940180
0x417b11,0x6c6f1e633d00
0x417b11,0x6c6f1e62dfc0
0x417b1c,0xfdfd3a92bc80
0x418283,0x6c6f1e631e00
0x4181c4,0x6c6f1e632e80
0x4181c4,0x6c6f1e632ec0
0x418236,0x6c6f1e630f80
0x418a89,0xfdfd3a93c500
0x4189c9,0xfdfd3a933540
0x418a54,0xfdfd3a9325c0
0x4189ef,0xfdfd3a934700
0x418a9a,0xfdfd3a936740
0x418a00,0xfdfd3a92d780
0x417996,0xfdfd3a938980
0x417b11,0x6c6f1e636c20
0x417b1c,0xfdfd3a930980
0x417b11,0x6c6f1e6410c0
0x417b11,0x6c6f1e641180
0x417b11,0x6c6f1e63c500
0x418283,0x6c6f1e640180
0x4189c3,0x6c6f1e638980
0x418a9a,0xfdfd3a936c00
0x419144,0x6c6f1e634f98
0x417996,0xfdfd3a938fc0
0x417b1c,0xfdfd3a9408c0
0x417b1c,0xfdfd3a940980
0x417b1c,0x8ad3301be500
0x417b1c,0xa21321898c0
0x41a242,0xfdfd3a939f80
0x4181c4,0x6c6f1e63e500
0x4189c9,0xfdfd3a933d00
0x418a33,0xfdfd3a93bd80
0x418a54,0xfdfd3a932e80
0x418a54,0xfdfd3a932ec0
0x418a17,0x6c6f1e639f80
0x4189ef,0xfdfd3a934f80
0x4189c3,0x6c6f1e638fc0
0x418a33,0xfdfd3a93bf40
0x418a00,0xfdfd3a92dfc0
0x41916b,0x6c6f1e6423c0
0x41916b,0x6c6f1e642740
0x417a75,0x6c6f1e643108
0x417a87,0x98f5690d6400
0x417b1c,0x98f5690d6740
0x417b1c,0xfdfd3a940d40
0x417a87,0xfdfd3a930f80
0x419b60,0x6c6f1e645108
0x419b68,0x6c6f1e645300
0x41a21f,0x8ad3301cb380
0x4189c9,0x8ad3301c5100
0x418a00,0x8ad3301c0180
0x418a17,0x6c6f1e647200
0x418a43,0x8ad3301c7200
0x4189d7,0x8ad3301cc1c0
0x418a17,0x6c6f1e647280
0x418a43,0x8ad3301c7280
0x4189c9,0x8ad3301c5300
0x4189c3,0x6c6f1e646380
0x4189ef,0x8ad3301c6380
0x419756,0xfdfd3a8e5300
0x419750,0xfdfd3a8e5700
0x419750,0xfdfd3a8e5a80
0x4196ab,0x8ad3301d5100
0x419750,0x8ad3301d5240
0x419760,0x6c6f1e64b380
0x419760,0x6c6f1e64b540
0x419760,0x6c6f1e64bc80
0x419760,0x6c6f1e64c1c0
0x419760,0x6c6f1e64c640
0x419750,0x8ad3301d9100
0x419760,0x6c6f1e64cd80
0x4196bb,0x6c6f1e64d788
0x419750,0x8ad3301d9f80
0x419760,0x6c6f1e64dfc0
0x419750,0x8ad3301dbd80
0x419760,0x6c6f1e64e800
0x419750,0x8ad3301dbf40
0x419750,0x8ad3301ddc40
0x419760,0x6c6f1e650980
0x419750,0x8ad3301e10c0
0x419750,0x8ad3301e1180
0x419760,0x6c6f1e650f80
0x419760,0x6c6f1e651340
0x419760,0x6c6f1e651380
0x419750,0x8ad3301e1c40
0x419760,0x6c6f1e651c40
0x419750,0x8ad3301e3100
0x419760,0x6c6f1e651e00
0x419760,0x6c6f1e6525c0
0x419750,0x8ad3301e5100
0x419760,0x6c6f1e652e80
0x419760,0x6c6f1e652ec0
0x419750,0x8ad3301e5300
0x419760,0x6c6f1e6531c0
0x419750,0x8ad3301e5700
0x419760,0x6c6f1e653540
0x419750,0x8ad3301e5a80
0x419760,0x6c6f1e653d00
0x419750,0x8ad3301e7200
0x419750,0x8ad3301e7280
0x419760,0x6c6f1e654700
0x419750,0x8ad3301e7a00
0x419750,0x8ad3301e7c40
0x419750,0x8ad3301e7cc0
0x419760,0x6c6f1e654f80
0x419760,0x6c6f1e655100
0x419760,0x6c6f1e655240
0x419750,0x8ad3301e98c0
0x419750,0x8ad3301eb380
0x419760,0x6c6f1e656400
0x419750,0x8ad3301eb540
0x419760,0x6c6f1e656740
0x419760,0x6c6f1e656c00
0x4196ab,0x8ad3301ebc80
0x419750,0x8ad3301ee800
0x419760,0x6c6f1e658980
0x419750,0x8ad3301f0980
0x419760,0x6c6f1e658fc0
0x419760,0x6c6f1e659100
0x419750,0x8ad3301f0f80
0x4196ab,0x8ad3301f25c0
0x419760,0x6c6f1e659f80
0x419750,0x8ad3301f2e80
0x419750,0x8ad3301f2ec0
0x419760,0x6c6f1e65a4c0
0x419750,0x8ad3301f4700
0x419750,0x8ad3301f4f80
0x419750,0x8ad3301f6400
0x419750,0x8ad3301f6740
0x419760,0x6c6f1e65bd80
0x419760,0x6c6f1e65bf40
0x419750,0x8ad3301f6c00
0x419760,0x6c6f1e65c500
0x419750,0x8ad3301f8980
0x419750,0x8ad3301f8fc0
0x419750,0x8ad3301fa4c0
0x419760,0x6c6f1e65dc40
0x419760,0x6c6f1e65e500
0x419750,0x8ad3301fc500
0x419760,0x6c6f1e65ebc0
0x419760,0x6c6f1e65ed40
0x419750,0x8ad3301fe500
0x419760,0x6c6f1e660180
0x419750,0x8ad3301febc0
0x419750,0x8ad3301fed40
0x419760,0x6c6f1e6608c0
0x419750,0x8ad330200180
0x419760,0x6c6f1e660980
0x419760,0x6c6f1e660d40
0x419750,0x8ad3302008c0
0x419760,0x6c6f1e6610c0
0x419750,0x8ad330200980
0x419760,0x6c6f1e661180
0x419750,0x8ad330200d40
0x419760,0x6c6f1e661c40
0x419750,0x8ad3302023c0
0x419750,0x8ad330202740
0x419760,0x6c6f1e6623c0
0x419760,0x6c6f1e662740
0x419760,0x6c6f1e663100
0x419750,0x8ad3302047c0
0x419750,0xfdfd3a8e7200
0x419750,0xfdfd3a8e7280
0x419750,0xfdfd3a8e7a00
0x419750,0xfdfd3a8e7c40
0x419750,0xfdfd3a8e7cc0
0x419760,0x6c6f1e6647c0
0x419760,0x6c6f1e665100
0x419760,0x6c6f1e665300
0x419760,0x6c6f1e665700
0x419760,0x6c6f1e665a80
0x419760,0x6c6f1e666380
0x419760,0x6c6f1e666580
0x419760,0x6c6f1e667200
0x419760,0x6c6f1e667280
0x419750,0x98f5690d6c00
0x419750,0x8ad33020c1c0
0x419760,0x6c6f1e6698c0
0x419750,0x8ad33020c640
0x419750,0x8ad33020cd80
0x419750,0x8ad33020e800
0x419760,0x6c6f1e66b380
0x419760,0x6c6f1e66b540
0x419760,0x6c6f1e66bc80
0x419750,0x8ad330210980
0x419760,0x6c6f1e66c1c0
0x419750,0x8ad330210f80
0x419760,0x6c6f1e66c640
0x419750,0x8ad3302125c0
0x419760,0x6c6f1e66cd80
0x419750,0x8ad330212e80
0x419750,0x8ad330212ec0
0x419760,0x6c6f1e66d780
0x419750,0x8ad330214700
0x419760,0x6c6f1e66dfc0
0x419750,0x8ad330214f80
0x419760,0x6c6f1e66e800
0x419750,0x8ad330216400
0x419750,0x8ad330216740
0x419750,0x8ad330216c00
0x419750,0x8ad330218980
0x4196ab,0x8ad330218fc0
0x419760,0x6c6f1e670980
0x419750,0x8ad33021a4c0
0x419760,0x6c6f1e670f80
0x419760,0x6c6f1e671340
0x419760,0x6c6f1e671380
0x419760,0x6c6f1e671c40
0x419760,0x6c6f1e671e00
0x419750,0x8ad33021c500
0x419760,0x6c6f1e6725c0
0x0,0xfdfd3a8d25c0
0x419760,0x6c6f1e672e80
0x419760,0x6c6f1e672ec0
0x419750,0x8ad33021e500
0x419760,0x6c6f1e6731c0
0x419760,0x6c6f1e673540
0x419750,0x8ad33021ebc0
0x419750,0x8ad33021ed40
0x419760,0x6c6f1e673d00
0x419750,0x8ad330220180
0x419750,0x8ad3302208c0
0x419750,0x8ad330220980
0x419760,0x6c6f1e674700
0x419750,0x8ad330220d40
0x419760,0x6c6f1e674f80
0x419750,0x8ad3302223c0
0x419760,0x6c6f1e675100
0x419760,0x6c6f1e675240
0x419750,0x8ad330222740
0x419760,0x6c6f1e676400
0x419750,0x8ad3302247c0
0x419760,0x6c6f1e676740
0x419760,0x6c6f1e676c00
0x419750,0x8ad330226380
0x0,0x28e837c87280
0x419750,0x8ad330226580
0x419760,0x6c6f1e678980
0x4196ab,0x8ad330228b80
0x419760,0x6c6f1e678fc0
0x419760,0x6c6f1e679100
0x419760,0x6c6f1e679f80
0x419760,0x6c6f1e67a4c0
0x419750,0x8ad33022d780
0x419750,0x8ad33022dfc0
0x419760,0x6c6f1e67bd80
0x419760,0x6c6f1e67bf40
0x419750,0x8ad330231340
0x419750,0x8ad330231380
0x419760,0x6c6f1e67c500
0x419750,0x8ad330231c40
0x419750,0x8ad330231e00
0x419750,0x8ad3302331c0
0x419750,0x8ad330233540
0x419760,0x6c6f1e67dc40
0x419750,0x8ad330233d00
0x419750,0x8ad330235100
0x0,0xfdfd3a8e5100
0x419760,0x6c6f1e67e500
0x419750,0x8ad330235240
0x419760,0x6c6f1e67ebc0
0x4196bb,0x6c6f1e67ed68
0x419760,0x6c6f1e680180
0x419750,0x8ad330239100
0x4197af,0x6c6f1e6808c0
0x419760,0x6c6f1e680980
0x419760,0x6c6f1e680d40
0x4196bb,0x6c6f1e6810d8
0x419760,0x6c6f1e681180
0x419750,0x8ad330239f80
0x419760,0x6c6f1e681c40
0x419760,0x6c6f1e6823c0
0x419750,0x8ad33023bd80
0x419750,0x8ad33023bf40
0x419760,0x6c6f1e682740
0x419750,0xfdfd3a8da4c0
0x0,0xfdfd3a8d2e80
0x0,0xfdfd3a8d2ec0
0x419760,0x6c6f1e683100
0x419750,0xfdfd3a9023c0
0x419750,0xfdfd3a902740
0x4197af,0x6c6f1e6847c0
0x419750,0xfdfd3a9223c0
0x419750,0xfdfd3a922740
0x419760,0x6c6f1e685100
0x419760,0x6c6f1e685300
0x419760,0x6c6f1e685700
0x419760,0x6c6f1e685a80
0x419750,0xfdfd3a940180
0x419750,0xfdfd3a9408c0
0x419750,0xfdfd3a940980
0x4196bb,0x6c6f1e686388
0x419760,0x6c6f1e686580
0x419750,0xfdfd3a940d40
0x419750,0xea2062c1180
0x419760,0x6c6f1e687200
0x0,0x28e837c87200
0x419760,0x6c6f1e687280
0x419756,0xea2062c10c0
0x419760,0x6c6f1e687a00
0x419760,0x6c6f1e687c40
0x419760,0x6c6f1e687cc0
0x419750,0xea2062c1c40
0x419750,0xea2062c3100
0x419760,0x6c6f1e688b80
0x419750,0xea2062c5100
0x4196ab,0xea2062c5300
0x419750,0xea2062c5700
0x4196bb,0x6c6f1e6898d8
0x4196ab,0xea2062c5a80
0x4196ab,0xea2062c7200
0x419750,0xea2062c7280
0x419750,0xea2062c7a00
0x0,0x28e837c87a00
0x419750,0xea2062c7c40
0x0,0x28e837c87c40
0x419750,0xea2062c7cc0
0x0,0x28e837c87cc0
0x419760,0x6c6f1e68b380
0x419760,0x6c6f1e68b540
0x419750,0xea2062c98c0
0x419760,0x6c6f1e68bc80
0x419760,0x6c6f1e68c1c0
0x419760,0x6c6f1e68c640
0x419750,0xea2062cb380
0x419750,0xea2062cb540
0x419760,0x6c6f1e68cd80
0x419750,0xea2062cbc80
0x419760,0x6c6f1e68d780
0x419750,0xea2062cd780
0x419760,0x6c6f1e68dfc0
0x419750,0xea2062cdfc0
0x419760,0x6c6f1e68e800
0x419750,0xea2062d1340
0x0,0xfdfd3a8d1340
0x419750,0xea2062d1380
0x0,0xfdfd3a8d1380
0x419750,0xea2062d1c40
0x0,0xfdfd3a8d1c40
0x419750,0xea2062d1e00
0x0,0xfdfd3a8d1e00
0x0,0xfdfd3a8c3100
0x419750,0xea2062d31c0
0x419760,0x6c6f1e690980
0x419750,0xea2062d3540
0x419760,0x6c6f1e690f80
0x419760,0x6c6f1e691340
0x419760,0x6c6f1e691380
0x419750,0xea2062d3d00
0x419750,0xea2062d5100
0x419750,0xea2062d5240
0x419760,0x6c6f1e691c40
0x419760,0x6c6f1e691e00
0x419760,0x6c6f1e6925c0
0x419760,0x6c6f1e692e80
0x419760,0x6c6f1e692ec0
0x419760,0x6c6f1e6931c0
0x419760,0x6c6f1e693540
0x419750,0xea2062d9100
0x419760,0x6c6f1e693d00
0x419760,0x6c6f1e694700
0x4196ab,0xea2062d9f80
0x419760,0x6c6f1e694f80
0x419760,0x6c6f1e695100
0x419760,0x6c6f1e695240
0x419750,0xea2062dbd80
0x419750,0xea2062dbf40
0x419760,0x6c6f1e696400
0x419760,0x6c6f1e696740
0x419750,0xea2062ddc40
0x419760,0x6c6f1e696c00
0x419750,0xea2062e10c0
0x419750,0xea2062e1180
0x419750,0xea2062e1c40
0x419760,0x6c6f1e698980
0x419750,0xea2062e3100
0x419760,0x6c6f1e698fc0
0x419760,0x6c6f1e699100
0x419750,0xea2062e5100
0x419760,0x6c6f1e699f80
0x419750,0xea2062e5300
0x419760,0x6c6f1e69a4c0
0x419750,0xea2062e5700
0x419750,0xea2062e5a80
0x419750,0xea2062e7200
0x419750,0xea2062e7280
0x419750,0xea2062e7a00
0x4196ab,0xea2062e7c40
0x419750,0xea2062e7cc0
0x419760,0x6c6f1e69bd80
0x419760,0x6c6f1e69bf40
0x419760,0x6c6f1e69c500
0x419750,0xea2062e98c0
0x419750,0xea2062ec1c0
0x419750,0xea2062ec640
0x419760,0x6c6f1e69dc40
0x419750,0xea2062ecd80
0x419760,0x6c6f1e69e500
0x419750,0xea2062ee800
0x419760,0x6c6f1e69ebc0
0x419760,0x6c6f1e69ed40
0x419750,0xea2062f0980
0x419760,0x6c6f1e6a0180
0x419750,0xea2062f0f80
0x419760,0x6c6f1e6a08c0
0x419760,0x6c6f1e6a0980
0x419760,0x6c6f1e6a0d40
0x419750,0xfdfd3a8dbd80
0x419760,0x6c6f1e6a10c0
0x419760,0x6c6f1e6a1180
0x419750,0xfdfd3a8dbf40
0x419750,0xfdfd3a8eb380
0x419750,0xfdfd3a8eb540
0x419760,0x6c6f1e6a1c40
0x419750,0xfdfd3a8ebc80
0x419760,0x6c6f1e6a23c0
0x419760,0x6c6f1e6a2740
0x419750,0xfdfd3a911340
0x419750,0xfdfd3a911380
0x419760,0x6c6f1e6a3100
0x419750,0xfdfd3a911c40
0x419750,0xfdfd3a911e00
0x419750,0xfdfd3a930980
0x4196ab,0xfdfd3a930f80
0x419760,0x6c6f1e6a47c0
0x419756,0x8ad3301d25c0
0x419760,0x6c6f1e6a5700
0x419760,0x6c6f1e6a5a80
0x4196ab,0x8ad3301d2e80
0x419750,0x8ad3301d2ec0
0x4196bb,0x6c6f1e6a63b8
0x419760,0x6c6f1e6a6580
0x419750,0xea2062f9100
0x419760,0x6c6f1e6a7200
0x419760,0x6c6f1e6a7280
0x419760,0x6c6f1e6a7a00
0x419760,0x6c6f1e6a7c40
0x419760,0x6c6f1e6a7cc0
0x419750,0xea2062f9f80
0x419760,0x6c6f1e6a8b80
0x419750,0xea2062fbd80
0x4196ab,0xea2062fbf40
0x419760,0x6c6f1e6a98c0
0x419750,0xea2062fdc40
0x419750,0xea206300180
0x419750,0xea2063008c0
0x4196ab,0xea206300980
0x4196ab,0xea206300d40
0x419760,0x6c6f1e6ab380
0x419750,0xea2063023c0
0x419760,0x6c6f1e6ab540
0x419750,0xea206302740
0x419760,0x6c6f1e6abc80
0x419760,0x6c6f1e6ac1c0
0x419760,0x6c6f1e6ac640
0x419750,0xea2063047c0
0x419760,0x6c6f1e6acd80
0x419750,0xea206306380
0x419760,0x6c6f1e6ad780
0x419750,0xea206306580
0x419760,0x6c6f1e6adfc0
0x419760,0x6c6f1e6ae800
0x419750,0xea206308b80
0x419750,0xea20630c1c0
0x419760,0x6c6f1e6b0980
0x419750,0xea20630c640
0x419760,0x6c6f1e6b0f80
0x419750,0xea20630cd80
0x419760,0x6c6f1e6b1340
0x419760,0x6c6f1e6b1380
0x419760,0x6c6f1e6b1c40
0x419760,0x6c6f1e6b1e00
0x419750,0xea20630e800
0x419760,0x6c6f1e6b25c0
0x419760,0x6c6f1e6b2e80
0x419760,0x6c6f1e6b2ec0
0x419750,0xea206310980
0x419760,0x6c6f1e6b31c0
0x419760,0x6c6f1e6b3540
0x419750,0xea206310f80
0x419760,0x6c6f1e6b3d00
0x419750,0xea2063125c0
0x419750,0xea206312e80
0x419760,0x6c6f1e6b4700
0x419750,0xea206312ec0
0x419760,0x6c6f1e6b4f80
0x4196ab,0xea206314700
0x419760,0x6c6f1e6b5100
0x419760,0x6c6f1e6b5240
0x419750,0xea206314f80
0x419750,0xea206316400
0x419750,0xea206316740
0x419760,0x6c6f1e6b6400
0x419750,0xea206316c00
0x419760,0x6c6f1e6b6740
0x419760,0x6c6f1e6b6c00
0x419750,0xea206318980
0x419750,0xea206318fc0
0x419750,0xea20631a4c0
0x419760,0x6c6f1e6b8980
0x419760,0x6c6f1e6b8fc0
0x419750,0xea20631c500
0x419760,0x6c6f1e6b9100
0x419760,0x6c6f1e6b9f80
0x419750,0xea20631e500
0x419760,0x6c6f1e6ba4c0
0x419750,0xea20631ebc0
0x4196ab,0xea20631ed40
0x419750,0xea206320180
0x419750,0xea2063208c0
0x419750,0xea206320980
0x419750,0xea206320d40
0x419760,0x6c6f1e6bbd80
0x419760,0x6c6f1e6bbf40
0x4196ab,0xea2063223c0
0x419760,0x6c6f1e6bc500
0x419750,0xea206322740
0x419750,0xea2063247c0
0x419760,0x6c6f1e6bdc40
0x419750,0xea206326380
0x419760,0x6c6f1e6be500
0x4196ab,0xea206326580
0x419760,0x6c6f1e6bebc0
0x4197af,0x6c6f1e6bed40
0x419750,0xfdfd3a8dc500
0x419760,0x6c6f1e6c0180
0x419750,0xfdfd3a90c1c0
0x419750,0xfdfd3a90c640
0x419760,0x6c6f1e6c08c0
0x419760,0x6c6f1e6c0980
0x419760,0x6c6f1e6c0d40
0x419750,0xfdfd3a90cd80
0x419750,0xfdfd3a92b380
0x419750,0xfdfd3a92b540
0x419760,0xd79e62a4e800
0x419750,0xfdfd3a92bc80
0x419750,0x8ad3301be500
0x419750,0x8ad3301bed40
0x419756,0x8ad3301bebc0
0x419760,0xd79e62a50980
0x419760,0xd79e62a50f80
0x419750,0xea20632d780
0x419760,0xd79e62a51340
0x419760,0xd79e62a51380
0x419750,0xea20632dfc0
0x419760,0xd79e62a51c40
0x4196bb,0xd79e62a51e18
0x4197af,0xd79e62a525c0
0x419760,0xd79e62a52e80
0x419760,0xd79e62a52ec0
0x419750,0xea206331340
0x419750,0xea206331380
0x4196bb,0xd79e62a531c8
0x419760,0xd79e62a53540
0x419750,0xea206331c40
0x419750,0xea206331e00
0x419760,0xd79e62a53d00
0x419750,0xea2063331c0
0x419750,0xea206333540
0x419760,0xd79e62a54700
0x419750,0xea206333d00
0x419750,0xea206335100
0x419750,0xea206335240
0x419760,0xd79e62a54f80
0x419760,0xd79e62a55100
0x419760,0xd79e62a55240
0x419760,0xd79e62a56400
0x419760,0xd79e62a56740
0x419760,0xd79e62a56c00
0x419750,0xea206339100
0x419750,0xea206339f80
0x419760,0xd79e62a58980
0x419750,0xea20633bd80
0x419750,0xea20633bf40
0x419760,0xd79e62a58fc0
0x419760,0xd79e62a59100
0x419750,0xea20633dc40
0x419760,0xd79e62a59f80
0x419750,0xea206340180
0x419760,0xd79e62a5a4c0
0x419750,0xea2063408c0
0x419750,0xea206340980
0x419750,0xea206340d40
0x419750,0xea2063423c0
0x419750,0xea206342740
0x419760,0xd79e62a5bd80
0x419760,0xd79e62a5bf40
0x419760,0xd79e62a5c500
0x419750,0xea2063447c0
0x4196ab,0xea206346380
0x419750,0xea206346580
0x419760,0xd79e62a5dc40
0x419760,0xd79e62a5e500
0x419760,0xd79e62a5ebc0
0x419760,0xd79e62a5ed40
0x419750,0xea206348b80
0x419760,0xe8035e45a4c0
0x419750,0xea20634c1c0
0x419750,0xea20634c640
0x419760,0xe8035e45bd80
0x419760,0xe8035e45bf40
0x419750,0xea20634cd80
0x419760,0xe8035e45c500
0x419750,0xea20634e800
0x419760,0xe8035e45dc40
0x419750,0xea206350980
0x419760,0xe8035e45e500
0x419750,0xea206350f80
0x419760,0xe8035e45ebc0
0x419760,0xe8035e45ed40
0x419750,0xea2063525c0
0x419750,0xea206352e80
0x419750,0xea206352ec0
0x419750,0xea206354700
0x419760,0xe8035e460180
0x419760,0xe8035e4608c0
0x419750,0xea206354f80
0x419760,0xe8035e460980
0x419760,0xe8035e460d40
0x419750,0xea206356400
0x4197af,0xe8035e4610c0
0x419760,0xe8035e461180
0x419750,0xea206356740
0x419750,0xea206356c00
0x419760,0xe8035e461c40
0x419760,0xe8035e4623c0
0x4196ab,0xea206358980
0x419760,0xe8035e462740
0x419750,0xea206358fc0
0x4196ab,0xea20635a4c0
0x419760,0xe8035e463100
0x419750,0xea20635c500
0x419760,0xe8035e4647c0
0x419760,0xe8035e465100
0x419760,0xe8035e465300
0x419760,0xe8035e465700
0x419750,0xfdfd3a8ddc40
0x419760,0xe8035e465a80
0x419750,0xfdfd3a903100
0x4196bb,0xe8035e4663a8
0x419760,0xe8035e466580
0x4196ab,0xfdfd3a9210c0
0x419750,0xfdfd3a921180
0x419760,0xe8035e467200
0x419760,0xe8035e467280
0x419760,0xe8035e467a00
0x419750,0xfdfd3a921c40
0x419760,0xe8035e467c40
0x419760,0xe8035e467cc0
0x419750,0xa21321898c0
0x419760,0xe8035e468b80
0x4179a9,0xfdfd3a8e5100
0x417996,0xea206376c00
0x417b11,0xe8035e4698c0
0x417b1c,0xfdfd3a8e5300
0x417b1c,0xea2062c10c0
0x417b1c,0x8ad3301d25c0
0x41a33b,0x28e837c87280
0x41a21f,0xea206378980
0x41a2b0,0xfdfd3a8d2e80
0x41a2b0,0xfdfd3a8d2ec0
0x41aeaa,0xe8035e473d00
0x41ae1a,0xe8035e470980
0x41ae4f,0xe8035e471e00
0x41ae76,0xfdfd3a8d1c40
0x41ae7d,0xe8035e472e80
0x41ae7d,0xe8035e472ec0
0x41ae22,0xe8035e470f80
0x41aec5,0xfdfd3a8c3100
0x41ae76,0xfdfd3a8d1e00
0x41ae31,0xe8035e471c40
0x418776,0x28e837c87a00
0x418a2c,0xfdfd3a8d1340
0x418a2c,0xfdfd3a8d1380
0x418a17,0xe8035e478980
0x418abe,0x28e837c87c40
0x418abe,0x28e837c87cc0
0x418a89,0xea20637ebc0
0x418a82,0x28e837c87200
0x4189ef,0xea20637dc40
0x418dcc,0xfdfd3a8d25c0
0x41916b,0xe8035e47bf40
0x419172,0xe8035e47bd80
0x417b1c,0xfdfd3a8e5700
0x417b1c,0x98f5690d6c00
0x417b11,0xe8035e46c1c0
0x417b1c,0xea2062c1180
0x417b11,0xe8035e46d780
0x417b11,0xe8035e46e800
0x41a1c3,0xea206374f80
0x41a242,0xea206378fc0
0x41817d,0xe8035e475100
0x41817d,0xe8035e475240
0x418144,0xe8035e474700
0x418236,0xe8035e476740
0x4181f8,0xe8035e476400
0x418a54,0xea20636bc80
0x418a43,0xea20637bd80
0x418a89,0xea20637ed40
0x418a43,0xea20637bf40
0x4189c3,0xe8035e479f80
0x418a17,0xe8035e478fc0
0x41916b,0xe8035e47c500
0x417996,0xea20638c1c0
0x417b1c,0xfdfd3a8e5a80
0x417b11,0xe8035e47e500
0x417b1c,0x8ad33020c1c0
0x417b11,0xe8035e46c650
0x41a184,0xea20638b380
0x418236,0xe8035e476c00
0x418a17,0xe8035e4810d0
0x4189c3,0xe8035e480180
0x418a17,0xe8035e481180
0x4189c9,0xea206387200
0x4189c9,0xea206387280
0x418a54,0xea206386380
0x418a6b,0xe8035e4823c0
0x418a00,0xea2063823c0
0x417996,0xea20638c640
0x417b1c,0x8ad33020c640
0x417b1c,0xea2062c1c40
0x417a87,0x8ad3301d2e80
0x417b1c,0x8ad3301d2ec0
0x417b11,0xe8035e483100
0x41a1c3,0xea20638b540
0x41a242,0xea20638d780
0x418144,0xe8035e474f80
0x418a54,0xea206386580
0x418a6b,0xe8035e482740
0x418a00,0xea206382740
0x417a87,0x8ad3301d5100
0x417b1c,0x8ad3301d5240
0x417b11,0xe8035e47ebc0
0x417b11,0xe8035e47ed40
0x417b11,0xe8035e46cd80
0x417a75,0xe8035e46dfe8
0x4181c4,0xe8035e485100
0x418283,0xe8035e487200
0x418283,0xe8035e487280
0x4181c4,0xe8035e485300
0x418236,0xe8035e486380
0x4186d6,0xea20638e828
0x4189c3,0xe8035e4808c0
0x418a43,0xea2063898c0
0x4189c3,0xe8035e480980
0x418a89,0xea206390980
0x4189c9,0xea206387a00
0x4189ef,0xea206388b80
0x418a17,0xe8035e481c40
0x417996,0xea20638cd80
0x417a75,0xe8035e47dc58
0x417b11,0xe8035e48c1c0
0x417b1c,0x8ad33020cd80
0x417b1c,0xea2062c3100
0x41a1c3,0xea20638bc80
0x41a242,0xea20638dfc0
0x418236,0xe8035e486580
0x4181c4,0xe8035e485700
0x418144,0xe8035e4847c0
0x4189c9,0xea206387c40
0x4189c9,0xea206387cc0
0x4189c3,0xe8035e480d40
0x418a89,0xea206390f80
0x417b11,0xe8035e48b380
0x417b11,0xe8035e48c640
0x417b11,0xe8035e4898c0
0x417b1c,0xea20632dfc0
0x41a21f,0xea2063a5100
0x41a184,0xea2063a3100
0x41a248,0xea2063a5300
0x418283,0xe8035e487a00
0x4181c4,0xe8035e485a80
0x418a43,0xea2063a10c0
0x4189ef,0xea2063a0180
0x418a43,0xea2063a1180
0x418a9a,0xea2063a23c0
0x417996,0xea2063a47c0
0x417b11,0xe8035e48b540
0x417b11,0xe8035e488b80
0x417b1c,0xea2062f9100
0x419b68,0xe8035e48d780
0x41a242,0xea2063a5700
0x418283,0xe8035e487c40
0x418283,0xe8035e487cc0
0x418a00,0xea20639e500
0x418a9a,0xea2063a2740
0x4189c3,0xe8035e48e800
0x417b1c,0x8ad33020e800
0x417b11,0xe8035e48cd80
0x417b11,0xe8035e4931c0
0x417b11,0xe8035e491340
0x417b11,0xe8035e491380
0x41a21f,0xea2063a5a80
0x4181c4,0xe8035e495100
0x4181c4,0xe8035e495240
0x4189ef,0xea2063a08c0
0x418a89,0xea2063a98c0
0x418a6b,0xe8035e490980
0x4189ef,0xea2063a0980
0x4189d7,0xea2063a8b80
0x418bc6,0xea20639ebc0
0x417b11,0xe8035e48bc80
0x417b11,0xe8035e499100
0x417b1c,0xea2062c5100
0x417b11,0xe8035e493540
0x419b68,0xe8035e48dfc0
0x418236,0xe8035e496400
0x418144,0xe8035e494700
0x418236,0xe8035e496740
0x418a43,0xea2063a1c40
0x4189c9,0xea20639dc40
0x4189ef,0xea2063a0d40
0x418a00,0xea20639ed40
0x418a6b,0xe8035e490f80
0x417a87,0xea2062c5300
0x417b11,0xe8035e4925c0
0x417b11,0xe8035e491c40
0x4189ef,0xea2063c10c0
0x418a33,0xea2063c3100
0x4189ef,0xea2063c1180
0x418a9a,0xea2063c0180
0x41916b,0xe8035e498980
0x417996,0xea2063bc500
0x417b1c,0xea2062c5700
0x417b11,0xe8035e493d00
0x417b1c,0xea2062f9f80
0x417b11,0xe8035e491e00
0x417b1c,0xea206331340
0x417b1c,0xea206331380
0x419b68,0xe8035e49e500
0x41a242,0xea2063be500
0x418236,0xe8035e496c00
0x418144,0xe8035e494f80
0x4189d7,0xea2063c23c0
0x4189c3,0xe8035e49a4c0
0x418a6b,0xe8035e49c500
0x4189c9,0xea2063ba4c0
0x4189d7,0xea2063c2740
0x417b1c,0x8ad3301d9100
0x417a87,0xea2062c5a80
0x417b11,0xe8035e492e80
0x417b11,0xe8035e492ec0
0x417b11,0xe8035e4a10c0
0x417b11,0xe8035e4a1180
0x418236,0xe8035e4a3100
0x4181c4,0xe8035e4a5100
0x4181c4,0xe8035e4a5300
0x418a89,0xea2063c47c0
0x418a9a,0xea2063c08c0
0x418a9a,0xea2063c0980
0x41916b,0xe8035e498fc0
0x417b11,0xe8035e49dc40
0x417b1c,0x8ad330210980
0x417b11,0xe8035e499f80
0x417b11,0xe8035e4a7200
0x417b11,0xe8035e4a0180
0x417b1c,0xea206331c40
0x419b60,0xe8035e49ebd8
0x419b68,0xe8035e49ed40
0x419e43,0xea2063bebe0
0x41a1c3,0xea2063bdc40
0x41a242,0xea2063bed40
0x418144,0xe8035e4a23c0
0x4181c4,0xe8035e4a5700
0x418144,0xe8035e4a2740
0x4189ef,0xea2063c1c40
0x418a9a,0xea2063c0d40
0x418a17,0xe8035e49bd80
0x418a54,0xea2063bbd80
0x418a17,0xe8035e49bf40
0x418a54,0xea2063bbf40
0x41916b,0xe8035e4a6380
0x41916b,0xe8035e4a6580
0x417b11,0xe8035e4a7280
0x417b1c,0x8ad330210f80
0x417a87,0xea2062c7200
0x417b1c,0xea2062c7280
0x417b1c,0xea206331e00
0x41a184,0xea2063d9100
0x418283,0xe8035e4a47c0
0x4181c4,0xe8035e4a5a80
0x4189c9,0xea2063d5100
0x418a6b,0xe8035e4ac1c0
0x4189c9,0xea2063d5240
0x4189c3,0xe8035e4ab380
0x418a00,0xea2063d1340
0x417996,0xea2063da4c0
0x417b11,0xe8035e4a08c0
0x417b11,0xe8035e4a0980
0x417b11,0xe8035e4a1c40
0x417b1c,0xea2062fbd80
0x417b1c,0xea2063331c0
0x41871e,0xea2063d1398
0x418a43,0xea2063d6400
0x4189c3,0xe8035e4ab540
0x418a89,0xea2063de500
0x4189d7,0xea2063dc500
0x418a6b,0xe8035e4ac640
0x418a54,0xea2063d4700
0x418a43,0xea2063d6740
0x417b1c,0x8ad3301d9f80
0x417a75,0xe8035e4a7a28
0x417b11,0xe8035e4a7c40
0x417b11,0xe8035e4a7cc0
0x417b1c,0x8ad3302125c0
0x417b11,0xe8035e4a0d40
0x417b1c,0xea2062c7a00
0x417b1c,0xea2062c7c40
0x417b1c,0xea2062c7cc0
0x417a87,0xea2062fbf40
0x417b1c,0xea206333540
0x419b68,0xe8035e4a98c0
0x4181c4,0xe8035e4b31c0
0x4183e4,0xe8035e4b1340
0x418a9a,0xea2063d8980
0x417a75,0xe8035e4a8b98
0x417b11,0xe8035e4b5100
0x417b11,0xe8035e4ad780
0x41a242,0xea2063dbd80
0x41a242,0xea2063dbf40
0x418236,0xe8035e4b1380
0x4181c4,0xe8035e4b3540
0x418283,0xe8035e4b25c0
0x418a43,0xea2063d6c00
0x418a89,0xea2063debc0
0x418a00,0xea2063d1c40
0x4189c3,0xe8035e4abc80
0x418a33,0xea2063ddc40
0x418a6b,0xe8035e4acd80
0x418a89,0xea2063ded40
0x418a00,0xea2063d1e00
0x417b11,0xe8035e4b5250
0x417b1c,0x8ad330212e80
0x417b1c,0x8ad330212ec0
0x417b11,0xe8035e4ae800
0x417b1c,0xea206333d00
0x419dc9,0xea2063d9f90
0x41a21f,0xea2063f5100
0x41a184,0xea2063f31c0
0x41a21f,0xea2063f5240
0x418144,0xe8035e4b0980
0x418a54,0xea2063d4f80
0x418a9a,0xea2063d8fc0
0x418a17,0xe8035e4b9100
0x418a43,0xea2063f1340
0x41916b,0xe8035e4b4700
0x417996,0xea2063f4700
0x417b11,0xe8035e4b6400
0x417b1c,0xea2062fdc40
0x417b1c,0xea206335100
0x417b1c,0xea206335240
0x417b11,0xe8035e4adfc0
0x41a1c3,0xea2063f3540
0x418236,0xe8035e4b1c40
0x4181c4,0xe8035e4b3d00
0x418236,0xe8035e4b1e00
0x418283,0xe8035e4b2e80
0x418283,0xe8035e4b2ec0
0x41870d,0xea2063f1398
0x418a00,0xea2063eb380
0x4189d7,0xea2063f6400
0x418a6b,0xe8035e4ba4c0
0x418a00,0xea2063eb540
0x418a9a,0xea2063f25c0
0x417a75,0xe8035e4b6768
0x417b1c,0x8ad3301dbd80
0x417b1c,0x8ad3301dbf40
0x417b1c,0xea2062c98c0
0x417b1c,0xea206300180
0x418144,0xe8035e4b0f80
0x418283,0xe8035e4c10c0
0x418236,0xe8035e4c0180
0x418283,0xe8035e4c1180
0x4189d7,0xea2063f6740
0x418a54,0xea2063ee800
0x4189c3,0xe8035e4b8980
0x4189ef,0xea2063f0980
0x418a89,0xea2063f8980
0x41916b,0xe8035e4b4f80
0x417b11,0xe8035e4b6c00
0x417b1c,0x8ad330214700
0x417b11,0xe8035e4c3100
0x41a1c3,0xea2063f3d00
0x418144,0xe8035e4be500
0x418a43,0xea2063f1c40
0x4189d7,0xea2063f6c00
0x418a00,0xea2063ebc80
0x418a43,0xea2063f1e00
0x418a9a,0xea2063f2e80
0x418a9a,0xea2063f2ec0
0x41916b,0xe8035e4c23c0
0x417996,0xea2063f4f80
0x417b11,0xe8035e4bc500
0x417b1c,0xea2062cb380
0x417b1c,0xea2063008c0
0x419b68,0xe8035e4c5100
0x419b68,0xe8035e4c5300
0x418236,0xe8035e4c08c0
0x418236,0xe8035e4c0980
0x418a17,0xe8035e4b9f90
0x4189ef,0xea2063f0f80
0x4189c3,0xe8035e4b8fc0
0x418a89,0xea2063f8fc0
0x418a00,0xea206405100
0x418a9a,0xea20640c1c0
0x418a17,0xe8035e4c7200
0x418a17,0xe8035e4c7280
0x41916b,0xe8035e4c2740
0x417b1c,0x8ad330214f80
0x417b1c,0xea2062cb540
0x417a87,0xea206300980
0x417b11,0xe8035e4bdc40
0x417b11,0xe8035e4bbd80
0x417b11,0xe8035e4bbf40
0x418144,0xe8035e4bebc0
0x418283,0xe8035e4c1c40
0x418144,0xe8035e4bed40
0x418236,0xe8035e4c0d40
0x41871e,0xea206405318
0x4189c3,0xe8035e4c6380
0x418a43,0xea20640b380
0x418a89,0xea206411340
0x418a89,0xea206411380
0x418a43,0xea20640b540
0x4189c3,0xe8035e4c6580
0x418a33,0xea2064125c0
0x418a9a,0xea20640c640
0x417996,0xea20640e800
0x417b11,0xe8035e4c47c0
0x417b1c,0x8ad3301ddc40
0x417b1c,0x8ad330216400
0x417a87,0xea206300d40
0x419b60,0xe8035e4c5728
0x419b68,0xe8035e4c5a80
0x41a184,0xea20640d780
0x4181c4,0xe8035e4cc1c0
0x41871e,0xea206405708
0x4189c9,0xea2064098c0
0x418a17,0xe8035e4c7a00
0x4189d7,0xea206410980
0x418a00,0xea206405a80
0x417b1c,0x8ad330216740
0x417b1c,0xea2062cbc80
0x417b11,0xe8035e4d1340
0x417b11,0xe8035e4d1380
0x417b1c,0xea2063023c0
0x417b11,0xe8035e4c98c0
0x418144,0xe8035e4cb380
0x418144,0xe8035e4cb540
0x4181c4,0xe8035e4cc640
0x418a6b,0xe8035e4c8b80
0x418a54,0xea206408b80
0x418a17,0xe8035e4c7c40
0x418a43,0xea20640bc80
0x418a17,0xe8035e4c7cc0
0x418a89,0xea206411c40
0x418a9a,0xea20640cd80
0x418a89,0xea206411e00
0x418a33,0xea206412e80
0x417b1c,0x8ad330216c00
0x417b1c,0xea206302740
0x419b68,0xe8035e4d31c0
0x41a184,0xea20640dfc0
0x41a184,0xea206427200
0x41a184,0xea206427280
0x418236,0xe8035e4cd780
0x418283,0xe8035e4ce800
0x418717,0xea206412ec8
0x4189d7,0xea206410f80
0x418a17,0xe8035e4d5100
0x418a43,0xea206425100
0x4189c9,0xea206423100
0x418a17,0xe8035e4d5240
0x418a89,0xea20642c1c0
0x417b11,0xe8035e4d25c0
0x417b1c,0xea206339100
0x419b68,0xe8035e4d3540
0x418144,0xe8035e4cbc80
0x4181c4,0xe8035e4ccd80
0x41870d,0xea206425318
0x418a9a,0xea206426380
0x418a33,0xea20642b380
0x418a6b,0xe8035e4d6400
0x418a54,0xea2064223c0
0x418a9a,0xea206426580
0x418a33,0xea20642b540
0x418a89,0xea20642c640
0x417b11,0xe8035e4d09a0
0x417b11,0xe8035e4d1c40
0x417b1c,0xea2062cd780
0x417b11,0xe8035e4d1e00
0x41a21f,0xea2064298c0
0x41a184,0xea206427a00
0x418236,0xe8035e4cdfc0
0x418144,0xe8035e4d9100
0x41870d,0xea206425708
0x4186e9,0xe8035e4d4728
0x418a6b,0xe8035e4d6740
0x418a54,0xea206422740
0x4189ef,0xea2064247c0
0x418a43,0xea206425a80
0x417996,0xea206428b80
0x417b1c,0x8ad3301e10c0
0x417b1c,0x8ad3301e1180
0x417b11,0xe8035e4d2e80
0x417b11,0xe8035e4d0f80
0x419b68,0xe8035e4d3d00
0x41a1c3,0xea206427c40
0x41a1c3,0xea206427cc0
0x418236,0xe8035e4da4c0
0x4181c4,0xe8035e4dc500
0x418a6b,0xe8035e4d6c00
0x418a33,0xea20642bc80
0x418a89,0xea20642cd80
0x417a75,0xe8035e4d2ec8
0x417b11,0xe8035e4e0180
0x417b1c,0x8ad330218980
0x417b4a,0xe8035e4de500
0x417b1c,0xea2062cdfc0
0x417b11,0xe8035e4d8980
0x419b68,0xe8035e4e10c0
0x419b68,0xe8035e4e1180
0x41a184,0xea2064410c0
0x41a21f,0xea206443100
0x41a184,0xea206441180
0x4189c3,0xe8035e4d4f80
0x418a17,0xe8035e4e3100
0x418a00,0xea206439100
0x418a33,0xea206445100
0x418a9a,0xea206440180
0x417996,0xea2064423c0
0x417b1c,0xea2063047c0
0x417b1c,0xea206339f80
0x418283,0xe8035e4dbd80
0x418a33,0xea206445300
0x4189c3,0xe8035e4e23c0
0x418a89,0xea206446380
0x4189ef,0xea20643e500
0x418a54,0xea20643c500
0x418a89,0xea206446580
0x41916b,0xe8035e4ddc40
0x417996,0xea206442740
0x417b11,0xe8035e4e08c0
0x417b1c,0x8ad3301e1c40
0x417b11,0xe8035e4e0980
0x417a87,0x8ad330218fc0
0x417b11,0xe8035e4debc0
0x417b11,0xe8035e4d8fc0
0x417b11,0xe8035e4e5100
0x417b11,0xe8035e4e5300
0x418283,0xe8035e4dbf40
0x418144,0xe8035e4d9f80
0x418144,0xe8035e4e7200
0x4189c3,0xe8035e4e2740
0x418a33,0xea206445700
0x418a6b,0xe8035e4e47c0
0x4189d7,0xea2064447c0
0x418a9a,0xea2064408c0
0x418a9a,0xea206440980
0x417b11,0xe8035e4e0d40
0x417b1c,0x8ad3301e3100
0x417b11,0xe8035e4ded40
0x417b1c,0x8ad33021a4c0
0x417b11,0xe8035e4e6380
0x417b11,0xe8035e4e6580
0x417b11,0xe8035e4e5700
0x419b68,0xe8035e4e1c40
0x41a1c3,0xea206441c40
0x418144,0xe8035e4e7280
0x418a33,0xea206445a80
0x4189ef,0xea20643ebc0
0x4189c9,0xea20643dc40
0x4189ef,0xea20643ed40
0x418a9a,0xea206440d40
0x41916b,0xe8035e4eb380
0x417b11,0xe8035e4ec1d0
0x417b1c,0xea206306380
0x417b1c,0xea206306580
0x417b11,0xe8035e4e5a80
0x418283,0xe8035e4e98c0
0x418144,0xe8035e4e7a00
0x418a00,0xea206439f80
0x418a43,0xea206459100
0x418a89,0xea206460180
0x418a00,0xea2064531c0
0x41916b,0xe8035e4eb540
0x417996,0xea20645c500
0x417b11,0xe8035e4ec640
0x417b11,0xe8035e4ed780
0x417b1c,0xea2062d1340
0x417b1c,0xea2062d1380
0x417b1c,0xea20633bd80
0x417b1c,0xea20633bf40
0x418236,0xe8035e4e8b80
0x418144,0xe8035e4e7c40
0x418144,0xe8035e4e7cc0
0x418a17,0xe8035e4f1340
0x418a17,0xe8035e4f1380
0x418a54,0xea206456400
0x418a9a,0xea20645a4c0
0x4189d7,0xea20645e500
0x418a00,0xea206453540
0x418a6b,0xe8035e4f25c0
0x41916b,0xe8035e4ebc80
0x417b11,0xe8035e4ee800
0x417b11,0xe8035e4f31c0
0x418144,0xe8035e4f5100
0x418a54,0xea206456740
0x418a89,0xea2064608c0
0x4189c3,0xe8035e4f0980
0x4189ef,0xea206458980
0x418a89,0xea206460980
0x417b11,0xe8035e4ecd80
0x417b1c,0x8ad33021c500
0x417b11,0xe8035e4edfc0
0x417b11,0xe8035e4f3540
0x41a242,0xea20645dc40
0x41a1c3,0xea20645bd80
0x418144,0xe8035e4f5240
0x418236,0xe8035e4f6400
0x4189d7,0xea20645ebc0
0x418a17,0xe8035e4f1c40
0x418a54,0xea206456c00
0x418a00,0xea206453d00
0x4189d7,0xea20645ed40
0x418a89,0xea206460d40
0x418a17,0xe8035e4f1e00
0x41916b,0xe8035e4f9100
0x417b1c,0x8ad3301e5100
0x417b1c,0x8ad3301e5300
0x417b1c,0xea2062d1c40
0x417b1c,0xea2062d1e00
0x417b11,0xe8035e4f4700
0x41a184,0xea20645bf40
0x41a184,0xea206475100
0x418236,0xe8035e4f6740
0x4181c4,0xe8035e4f8980
0x418a6b,0xe8035e4f2e90
0x418a6b,0xe8035e4f2ec0
0x4189c3,0xe8035e4f0f80
0x418a43,0xea206459f80
0x4189ef,0xea206458fc0
0x418a33,0xea206479100
0x418a6b,0xe8035e500180
0x418a43,0xea2064731c0
0x417996,0xea206476400
0x417b11,0xe8035e4fc500
0x417b1c,0x8ad3301e5700
0x417b11,0xe8035e4fa4c0
0x417b1c,0xea2062d31c0
0x417b11,0xe8035e4f3d00
0x417b1c,0xea20633dc40
0x419dc9,0xea206475240
0x418236,0xe8035e4f6c00
0x4189c9,0xea206471340
0x4189c9,0xea206471380
0x4189c3,0xe8035e4fe500
0x418a89,0xea20647a4c0
0x418a43,0xea206473540
0x4189ef,0xea2064725c0
0x417996,0xea206476740
0x417b1c,0x8ad3301e5a80
0x417b1c,0xea2062d3540
0x417b11,0xe8035e4fbd80
0x417b11,0xe8035e4f4f80
0x417b1c,0xea206308b80
0x417b11,0xe8035e5010c0
0x417b1c,0xea206340180
0x417b11,0xe8035e5023c0
0x4181c4,0xe8035e4f8fc0
0x418144,0xe8035e503100
0x418236,0xe8035e505100
0x418a9a,0xea206474700
0x418a00,0xea20646d780
0x418a6b,0xe8035e5008c0
0x418a6b,0xe8035e500980
0x418a54,0xea206470980
0x4189d7,0xea206478980
0x41916b,0xe8035e4f9f80
0x417996,0xea206476c00
0x417b11,0xe8035e4fbf40
0x417b1c,0x8ad33021e500
0x417a75,0xe8035e501198
0x417b11,0xe8035e502740
0x419b68,0xe8035e4fdc40
0x418236,0xe8035e505300
0x418283,0xe8035e506380
0x418283,0xe8035e506580
0x4189c3,0xe8035e4febc0
0x4189c9,0xea206471c40
0x418a43,0xea206473d00
0x4189c3,0xe8035e4fed40
0x418a6b,0xe8035e500d40
0x41916b,0xe8035e507200
0x41916b,0xe8035e507280
0x417b1c,0x8ad3301e7200
0x417b1c,0x8ad3301e7280
0x417b1c,0xea2062d3d00
0x417b1c,0xea2063408c0
0x417b1c,0xea206340980
0x418236,0xe8035e505700
0x4181c4,0xe8035e5047c0
0x4189c9,0xea206471e00
0x4189ef,0xea206472e80
0x4189ef,0xea206472ec0
0x418a9a,0xea206474f80
0x418a54,0xea206470f80
0x418a33,0xea206479f80
0x418a00,0xea20646dfc0
0x4189d7,0xea206478fc0
0x4189c3,0xe8035e50c1c0
0x4189ef,0xea20648c1c0
0x417b1c,0x8ad33021ebc0
0x417b11,0xe8035e5098c0
0x417b1c,0xea2062d5100
0x417b1c,0xea2062d5240
0x417b11,0xe8035e501c40
0x417b1c,0xea206340d40
0x419b68,0xe8035e50b380
0x419b68,0xe8035e50b540
0x41a242,0xea206491340
0x41a242,0xea206491380
0x418236,0xe8035e505a80
0x418a89,0xea2064931c0
0x418a00,0xea206487200
0x418a00,0xea206487280
0x4189c9,0xea20648b380
0x4189c9,0xea20648b540
0x418a89,0xea206493540
0x41916b,0xe8035e507a00
0x417996,0xea206490980
0x417b1c,0x8ad3301e7a00
0x417b1c,0x8ad33021ed40
0x417b11,0xe8035e508b80
0x4189c3,0xe8035e50c640
0x4189d7,0xea2064925c0
0x4189ef,0xea20648c640
0x418a17,0xe8035e50d780
0x418a33,0xea206494700
0x418a43,0xea20648d780
0x418a6b,0xe8035e50e800
0x418a9a,0xea20648e800
0x419144,0xe8035e507c58
0x41916b,0xe8035e507cc0
0x417b1c,0x8ad3301e7c40
0x417b1c,0x8ad3301e7cc0
0x417b1c,0x8ad330220180
0x417b1c,0xea2063423c0
0x419b68,0xe8035e50bc80
0x41a242,0xea206491c40
0x418236,0xe8035e5131c0
0x418144,0xe8035e511340
0x418144,0xe8035e511380
0x418236,0xe8035e513540
0x418a00,0xea206487a00
0x418a00,0xea206487c40
0x4189c9,0xea20648bc80
0x418a00,0xea206487cc0
0x4189c3,0xe8035e50cd80
0x418a89,0xea206493d00
0x4189ef,0xea20648cd80
0x41916b,0xe8035e515100
0x41916b,0xe8035e515240
0x417996,0xea206490f80
0x417b4a,0xe8035e516400
0x417b1c,0xea20630c1c0
0x417b11,0xe8035e510980
0x417b1c,0xea206342740
0x419b68,0xe8035e519100
0x41a21f,0xea206491e00
0x4181c4,0xe8035e5125c0
0x418283,0xe8035e514700
0x4189d7,0xea206492e80
0x4189d7,0xea206492ec0
0x418a17,0xe8035e50dfc0
0x418a43,0xea20648dfc0
0x418a33,0xea206494f80
0x418a54,0xea2064a5100
0x417b1c,0x8ad3302208c0
0x417b1c,0x8ad330220980
0x417b11,0xe8035e516740
0x417b1c,0xea20630c640
0x41a242,0xea2064ab380
0x41a242,0xea2064ab540
0x418144,0xe8035e511c40
0x418236,0xe8035e513d00
0x41871e,0xea2064a0198
0x418a43,0xea2064a7200
0x4189d7,0xea2064ac1c0
0x418a43,0xea2064a7280
0x418a54,0xea2064a5300
0x4189ef,0xea2064a6380
0x4189c3,0xe8035e51a4c0
0x418a6b,0xe8035e51c500
0x4189ef,0xea2064a6580
0x417b1c,0x8ad3301e98c0
0x417b1c,0x8ad330220d40
0x417a75,0xe8035e510fa8
0x41a184,0xea2064a98c0
0x418144,0xe8035e511e00
0x4181c4,0xe8035e512e80
0x4181c4,0xe8035e512ec0
0x418283,0xe8035e514f80
0x418283,0xe8035e5210c0
0x4189d7,0xea2064ac640
0x418a54,0xea2064a5700
0x418a33,0xea2064ad780
0x4189c9,0xea2064a47c0
0x418a89,0xea2064ae800
0x418a00,0xea2064a08c0
0x417a75,0xe8035e518998
0x417a75,0xe8035e516c18
0x417b11,0xe8035e523100
0x417b1c,0xea20630cd80
0x417b11,0xe8035e51e500
0x41a242,0xea2064abc80
0x418236,0xe8035e520180
0x418283,0xe8035e521180
0x4181c4,0xe8035e5223c0
0x418a00,0xea2064a0980
0x418a43,0xea2064a7a00
0x418a54,0xea2064a5a80
0x418a9a,0xea2064a8b80
0x418a43,0xea2064a7c40
0x418a43,0xea2064a7cc0
0x418a17,0xe8035e51bd80
0x417996,0x6c6f1e4c3100
0x417b11,0xe8035e518fc0
0x417b11,0xe8035e525100
0x417b1c,0x8ad3302223c0
0x417b11,0xe8035e526380
0x417b1c,0xea2063447c0
0x419b68,0xe8035e519f80
0x4181c4,0xe8035e522740
0x418236,0xe8035e5208c0
0x41871e,0xea2064a0d68
0x4189d7,0xea2064acd80
0x418a17,0xe8035e51bf40
0x418a33,0xea2064adfc0
0x418a9a,0x6c6f1e4c10c0
0x418b3b,0x6c6f1e4c5100
0x417b11,0xe8035e525300
0x417b1c,0x8ad3301eb380
0x417b1c,0x8ad330222740
0x417b11,0xe8035e526580
0x417b11,0xe8035e51dc40
0x417b11,0xe8035e51ebc0
0x417b11,0xe8035e51ed40
0x419b68,0xe8035e527200
0x419b68,0xe8035e527280
0x41a1c3,0x6c6f1e4c23c0
0x418236,0xe8035e520980
0x418283,0xe8035e521c40
0x41870d,0x6c6f1e4c0198
0x418748,0x6c6f1e4c1198
0x418a89,0x6c6f1e4c7200
0x418a89,0x6c6f1e4c7280
0x4189c9,0xa1abd7fd1340
0x4189d7,0x6c6f1e4c5300
0x4189c9,0xa1abd7fd1380
0x418a33,0x6c6f1e4c6380
0x418a00,0xea2064ba4c0
0x418a54,0xea2064be500
0x419144,0xe8035e5247e8
0x417b1c,0x8ad3301eb540
0x417b11,0xe8035e525700
0x417b1c,0xea2062d9100
0x417b1c,0xea20630e800
0x417b11,0xe8035e52c1c0
0x41a184,0x6c6f1e4c2740
0x41a21f,0x6c6f1e4c47c0
0x417e37,0xe8035e520d48
0x4189ef,0xa1abd7fd25c0
0x418a33,0x6c6f1e4c6580
0x4189d7,0x6c6f1e4c5700
0x418a17,0xe8035e5298c0
0x418a43,0x6c6f1e4c08c0
0x417b11,0xe8035e525a80
0x417b11,0xe8035e52b380
0x417b11,0xe8035e52c640
0x419b68,0xe8035e527a00
0x419b68,0xe8035e527c40
0x419b68,0xe8035e527cc0
0x418a43,0x6c6f1e4c0980
0x418a89,0x6c6f1e4c7a00
0x4189d7,0x6c6f1e4c5a80
0x4189c3,0xe8035e528b80
0x418a54,0xea2064bebc0
0x418a9a,0x6c6f1e4c1c40
0x4189c9,0xa1abd7fd1c40
0x418a89,0x6c6f1e4c7c40
0x418a89,0x6c6f1e4c7cc0
0x417a87,0x8ad3301ebc80
0x417b11,0xe8035e531340
0x417b11,0xe8035e531380
0x417b11,0xe8035e52b540
0x417a87,0xea206346380
0x417b1c,0xea206346580
0x419b68,0xe8035e535100
0x418144,0xe8035e52d780
0x418236,0xe8035e52e800
0x41870d,0x6c6f1e4c0d68
0x418a54,0xea2064bed40
0x4189c9,0xa1abd7fd1e00
0x4189ef,0xa1abd7fd2e80
0x4189ef,0xa1abd7fd2ec0
0x4189ef,0x6c6f1e4d9100
0x418bf2,0x6c6f1e4e10c0
0x41916b,0xe8035e5325c0
0x417b11,0xe8035e5331c0
0x417b1c,0x8ad3302247c0
0x417b11,0xe8035e534700
0x417b11,0xe8035e52cd80
0x419b68,0xe8035e535240
0x41a9e0,0x6c6f1e4dc500
0x41aa74,0x6c6f1e4de500
0x4181c4,0xe8035e530980
0x418a33,0x6c6f1e4e0180
0x418a89,0x6c6f1e4e1180
0x418a00,0x6c6f1e4d31c0
0x4189c3,0xe8035e536400
0x418a43,0x6c6f1e4da4c0
0x417b11,0xe8035e533540
0x417a87,0xea2062d9f80
0x417b11,0xe8035e531c40
0x417a75,0xe8035e52bca8
0x4181c4,0xe8035e530f80
0x418144,0xe8035e52dfc0
0x418a00,0x6c6f1e4d3540
0x4189c3,0xe8035e536740
0x41916b,0xe8035e532e80
0x41916b,0xe8035e532ec0
0x417996,0x6c6f1e4ddc40
0x417b1c,0x8ad3301ee800
0x417a75,0xe8035e531e18
0x417b11,0xe8035e539100
0x417b1c,0xea206310980
0x417b11,0xe8035e53a4c0
0x41a242,0x6c6f1e4debc0
0x418717,0x6c6f1e4e08d8
0x418a6b,0xe8035e538980
0x4189c9,0x6c6f1e4d8980
0x418a33,0x6c6f1e4e0980
0x4189c3,0xe8035e536c00
0x418a89,0x6c6f1e4e1c40
0x41916b,0xe8035e540180
0x417a75,0xe8035e533d08
0x417a75,0xe8035e534f88
0x417b4a,0xe8035e5410c0
0x417b1c,0x8ad330226380
0x417b1c,0xea206310f80
0x41a21f,0x6c6f1e4ded40
0x4181c4,0xe8035e53e500
0x418236,0xe8035e53c500
0x418a00,0x6c6f1e4d3d00
0x418a9a,0x6c6f1e4dbd80
0x418a33,0x6c6f1e4e0d40
0x418a9a,0x6c6f1e4dbf40
0x4189ef,0x6c6f1e4d9f80
0x418a6b,0xe8035e538fc0
0x4189c9,0x6c6f1e4d8fc0
0x418ba6,0xe8035e545100
0x417b11,0xe8035e541180
0x417b11,0xe8035e5423c0
0x417b1c,0x8ad330226580
0x417b1c,0xea2062dbd80
0x419b68,0xe8035e543100
0x41a1c3,0x6c6f1e4f6400
0x4181c4,0xe8035e53ebc0
0x418283,0xe8035e53dc40
0x418748,0x6c6f1e4f5118
0x4189d7,0x6c6f1e4f9100
0x4189ef,0x6c6f1e4f31c0
0x418a9a,0x6c6f1e4f5240
0x418a17,0xe8035e545300
0x418a6b,0xe8035e546380
0x418a54,0x6c6f1e4f1340
0x418a54,0x6c6f1e4f1380
0x41916b,0xe8035e5408c0
0x41916b,0xe8035e540980
0x417a75,0xe8035e542768
0x417b1c,0xea2062dbf40
0x417b1c,0xea2063125c0
0x417b11,0xe8035e539f80
0x417b1c,0xea206348b80
0x41a184,0x6c6f1e4f6740
0x4181c4,0xe8035e53ed40
0x418144,0xe8035e53bd80
0x418144,0xe8035e53bf40
0x418a33,0x6c6f1e4fa4c0
0x4189ef,0x6c6f1e4f3540
0x418a6b,0xe8035e546580
0x4189c9,0x6c6f1e4f25c0
0x418a17,0xe8035e545700
0x418a43,0x6c6f1e4f4700
0x4189c3,0xe8035e5447c0
0x418a00,0x6c6f1e4ed780
0x41916b,0xe8035e540d40
0x417b1c,0x8ad3301f0980
0x417b11,0xe8035e541c40
0x417b11,0xe8035e547200
0x417b11,0xe8035e547280
0x41a242,0x6c6f1e4f8980
0x41a1c3,0x6c6f1e4f6c00
0x418283,0xe8035e54c1c0
0x418236,0xe8035e54b380
0x418a17,0xe8035e545a80
0x418a54,0x6c6f1e4f1c40
0x417b1c,0xea206312e80
0x417b1c,0xea206312ec0
0x41a21f,0x6c6f1e4f8fc0
0x418236,0xe8035e54b540
0x418283,0xe8035e54c640
0x4189ef,0x6c6f1e4f3d00
0x418a89,0x6c6f1e4fbd80
0x418a54,0x6c6f1e4f1e00
0x4189c9,0x6c6f1e4f2e80
0x4189c9,0x6c6f1e4f2ec0
0x418a43,0x6c6f1e4f4f80
0x418a89,0x6c6f1e4fbf40
0x4189d7,0x6c6f1e4f9f80
0x418a00,0x6c6f1e4edfc0
0x417996,0x6c6f1e511340
0x417996,0x6c6f1e511380
0x417b1c,0x8ad3301f0f80
0x417b11,0xe8035e54d780
0x417b1c,0xea2062ddc40
0x417b11,0xe8035e547a00
0x417b11,0xe8035e548b80
0x419b68,0xe8035e551340
0x419b68,0xe8035e551380
0x418144,0xe8035e5498c0
0x418a33,0x6c6f1e515100
0x418a17,0xe8035e5531c0
0x4189c9,0x6c6f1e50c1c0
0x4189d7,0x6c6f1e5131c0
0x418a00,0x6c6f1e507200
0x418a33,0x6c6f1e515240
0x418a00,0x6c6f1e507280
0x418a54,0x6c6f1e50b380
0x41916b,0xe8035e54e800
0x417b11,0xe8035e550980
0x417b11,0xe8035e547c40
0x417b11,0xe8035e547cc0
0x417b11,0xe8035e555100
0x417b11,0xe8035e555240
0x41a21f,0x6c6f1e5125c0
0x417e37,0xe8035e54bc88
0x418283,0xe8035e54cd80
0x418a17,0xe8035e553540
0x4189c3,0xe8035e5525c0
0x418a54,0x6c6f1e50b540
0x4189d7,0x6c6f1e513540
0x4189c9,0x6c6f1e50c640
0x418a6b,0xe8035e554700
0x418a89,0x6c6f1e514700
0x4189ef,0x6c6f1e50d780
0x418a43,0x6c6f1e50e800
0x417996,0x6c6f1e511c40
0x417a87,0x8ad3301f25c0
0x417a87,0x8ad330228b80
0x417b11,0xe8035e54dfc0
0x417a87,0xea206314700
0x417b11,0x6c537032c1c0
0x419b68,0xe8035e551c40
0x41a1c3,0x6c6f1e510980
0x418283,0xe8035e559100
0x418144,0xe8035e556400
0x418a00,0x6c6f1e507a00
0x417996,0x6c6f1e511e00
0x417b11,0xe8035e550f80
0x417b11,0xe8035e55a4c0
0x417b11,0x6c537032c640
0x417b1c,0xea20634c1c0
0x419b68,0xe8035e551e00
0x41a21f,0x6c6f1e512e80
0x41a21f,0x6c6f1e512ec0
0x41a184,0x6c6f1e510f80
0x418144,0xe8035e556740
0x41871e,0x6c6f1e507c68
0x418a17,0xe8035e553d00
0x418a54,0x6c6f1e50bc80
0x418a00,0x6c6f1e507cc0
0x4189d7,0x6c6f1e513d00
0x4189c9,0x6c6f1e50cd80
0x4189c3,0xe8035e552e80
0x4189c3,0xe8035e552ec0
0x418a6b,0xe8035e554f80
0x4189ef,0x6c6f1e50dfc0
0x418a89,0x6c6f1e514f80
0x417996,0x6c6f1e52b380
0x417b1c,0x8ad3301f2e80
0x417b1c,0x8ad3301f2ec0
0x417b1c,0xea206314f80
0x417b1c,0xea20634c640
0x41a242,0x6c6f1e52c1c0
0x418236,0xe8035e558980
0x418144,0xe8035e556c00
0x418a00,0x6c6f1e5210c0
0x418a54,0x6c6f1e525100
0x418a6b,0x6c53703331c0
0x418a00,0x6c6f1e521180
0x4189ef,0x6c6f1e527200
0x4189ef,0x6c6f1e527280
0x4189c3,0x6c5370331340
0x418a54,0x6c6f1e525300
0x4189c3,0x6c5370331380
0x4189c9,0x6c6f1e526380
0x41916b,0x6c537032d780
0x417996,0x6c6f1e52b540
0x417b11,0x6c537032e800
0x417b11,0x6c537032cd80
0x417b1c,0xea206316400
0x41a21f,0x6c6f1e52c640
0x418283,0xe8035e559f80
0x418236,0xe8035e558fc0
0x418a6b,0x6c5370333540
0x418a17,0x6c53703325c0
0x4189c9,0x6c6f1e526580
0x418a54,0x6c6f1e525700
0x4189d7,0x6c6f1e52d780
0x417b1c,0x8ad3301f4700
0x417b1c,0xea2062e10c0
0x417b1c,0xea2062e1180
0x417b11,0x6c5370339100
0x417b1c,0xea206316740
0x417b1c,0xea20634cd80
0x419b68,0x6c5370330980
0x418144,0x6c5370335100
0x418144,0x6c5370335240
0x418717,0x6c6f1e52e818
0x418a9a,0x6c6f1e5298c0
0x4189ef,0x6c6f1e527a00
0x418a54,0x6c6f1e525a80
0x418a43,0x6c6f1e528b80
0x4189c3,0x6c5370331c40
0x41916b,0x6c537032dfc0
0x417996,0x6c6f1e52bc80
0x417b11,0x6c537033a4c0
0x417b1c,0xea206316c00
0x417b11,0x6c5370334700
0x419b68,0x6c5370330f80
0x41a21f,0x6c6f1e52cd80
0x417df6,0x6c5370336428
0x4181c4,0x6c5370336740
0x4186c1,0x6c6f1e527c68
0x418a00,0x6c6f1e521c40
0x4189ef,0x6c6f1e527cc0
0x418a6b,0x6c5370333d00
0x4189c3,0x6c5370331e00
0x418a17,0x6c5370332e80
0x418a17,0x6c5370332ec0
0x418b3b,0x6c6f1e52dfc0
0x417996,0x6c6f1e540180
0x417b1c,0x8ad3301f4f80
0x41a242,0x6c6f1e5410c0
0x41a242,0x6c6f1e541180
0x418283,0x6c5370338980
0x418a6b,0x6c53703410c0
0x4189c9,0x6c6f1e545100
0x418a17,0x6c5370340180
0x418a6b,0x6c5370341180
0x4189d7,0x6c6f1e547200
0x4189d7,0x6c6f1e547280
0x4189c9,0x6c6f1e545300
0x418a54,0x6c6f1e546380
0x418a00,0x6c6f1e5423c0
0x417b11,0x6c537033c500
0x417b1c,0x8ad33022d780
0x417b1c,0xea2062e1c40
0x417b11,0x6c5370334f80
0x417b1c,0xea20634e800
0x419b68,0x6c537033e500
0x417df6,0x6c5370336c08
0x418456,0x6c5370338fc0
0x4189ef,0x6c6f1e53c500
0x418a9a,0x6c6f1e53e500
0x418a54,0x6c6f1e546580
0x4189c9,0x6c6f1e545700
0x418a00,0x6c6f1e542740
0x41916b,0x6c537033bd80
0x417996,0x6c6f1e5408c0
0x417996,0x6c6f1e540980
0x417b1c,0x8ad3301f6400
0x417b1c,0x8ad3301f6740
0x417b11,0x6c537033dc40
0x417b11,0x6c5370339f80
0x417b1c,0xea2062e3100
0x417b11,0x6c53703423c0
0x419b68,0x6c537033ebc0
0x418144,0x6c5370345100
0x418283,0x6c5370347200
0x418283,0x6c5370347280
0x418144,0x6c5370345300
0x418236,0x6c5370346380
0x418a17,0x6c53703408c0
0x418a33,0x6c6f1e5498c0
0x418a17,0x6c5370340980
0x4189d7,0x6c6f1e547a00
0x4189c9,0x6c6f1e545a80
0x418a9a,0x6c6f1e53ebc0
0x418a89,0x6c6f1e548b80
0x41916b,0x6c537033bf40
0x417996,0x6c6f1e540d40
0x417b1c,0x8ad33022dfc0
0x417a75,0x6c5370343108
0x417b1c,0xea206318980
0x417b11,0x6c5370342740
0x419b68,0x6c537033ed40
0x41a21f,0x6c6f1e541c40
0x418236,0x6c5370346580
0x418144,0x6c5370345700
0x41875e,0x6c5370341c48
0x418a43,0x6c6f1e53dc40
0x4189d7,0x6c6f1e547c40
0x4189d7,0x6c6f1e547cc0
0x418a17,0x6c5370340d40
0x418a9a,0x6c6f1e53ed40
0x417b11,0xa7d08ad010c0
0x417b1c,0x8ad3301f6c00
0x417b11,0xa7d08ad01180
0x417b11,0x6c53703447c0
0x417b1c,0xea206318fc0
0x41a242,0x6c6f1e560180
0x418283,0x6c5370347a00
0x418144,0x6c5370345a80
0x4181c4,0x6c5370348b80
0x4189d7,0x6c6f1e5610c0
0x4189c9,0x6c6f1e559100
0x418a33,0x6c6f1e563100
0x418a6b,0xa7d08ad00180
0x418a17,0x6c537034c1c0
0x4189d7,0x6c6f1e561180
0x4189c3,0x6c537034b380
0x41916b,0x6c53703498c0
0x417b11,0xa7d08ad03100
0x419b60,0xa7d08ad023e8
0x417b1c,0xea206350980
0x419b68,0xa7d08ad02740
0x418283,0x6c5370347c40
0x418283,0x6c5370347cc0
0x418a89,0x6c6f1e5623c0
0x418a00,0x6c6f1e556400
0x4189c3,0x6c537034b540
0x4189ef,0x6c6f1e55e500
0x418a54,0x6c6f1e55a4c0
0x418a43,0x6c6f1e55c500
0x418a17,0x6c537034c640
0x418a00,0x6c6f1e556740
0x418a89,0x6c6f1e562740
0x417b1c,0xea2062e5100
0x417b1c,0xea20631a4c0
0x417b11,0xa7d08ad05100
0x417b11,0xa7d08ad05300
0x41a242,0x6c6f1e5608c0
0x41a242,0x6c6f1e560980
0x4181c4,0xa7d08ad07200
0x4181c4,0xa7d08ad07280
0x418a6b,0xa7d08ad008c0
0x418a6b,0xa7d08ad00980
0x417996,0x6c6f1e55dc40
0x417b11,0xa7d08ad01c40
0x417b1c,0x8ad3301f8980
0x417b1c,0xea2062e5300
0x417b4a,0xa7d08ad05700
0x417b1c,0xea206350f80
0x41a21f,0x6c6f1e560d40
0x41a184,0x6c6f1e55bd80
0x41a184,0x6c6f1e55bf40
0x418144,0xa7d08ad063b0
0x418144,0xa7d08ad06580
0x4186c1,0x6c6f1e55ebe8
0x418a00,0x6c6f1e556c00
0x4189c3,0x6c537034bc80
0x4189d7,0x6c6f1e561c40
0x418a6b,0xa7d08ad00d40
0x4189ef,0x6c6f1e55ed40
0x418a17,0x6c537034cd80
0x417996,0x6c6f1e579100
0x417b11,0xa7d08ad0c1c0
0x417b11,0xa7d08ad0b380
0x417b11,0xa7d08ad0b540
0x417b1c,0x8ad330231340
0x417b1c,0x8ad330231380
0x417b1c,0xea2062e5700
0x417b11,0xa7d08ad047c0
0x417b11,0xa7d08ad05a80
0x418283,0xa7d08ad098c0
0x4181c4,0xa7d08ad07a00
0x4189c9,0x6c6f1e559fa0
0x4189ef,0x6c6f1e575100
0x418a54,0x6c6f1e5731c0
0x4189ef,0x6c6f1e575240
0x417b1c,0x8ad3301f8fc0
0x417b11,0xa7d08ad0c640
0x417b1c,0xea2062e5a80
0x417b1c,0xea2063525c0
0x41a21f,0x6c6f1e57a4c0
0x417e37,0xa7d08ad08b88
0x4181c4,0xa7d08ad07c40
0x4181c4,0xa7d08ad07cc0
0x418a43,0x6c6f1e576400
0x418a33,0x6c6f1e57c500
0x418a54,0x6c6f1e573540
0x4189c9,0x6c6f1e574700
0x418a43,0x6c6f1e576740
0x417b1c,0x8ad3301fa4c0
0x417b11,0xa7d08ad0bc80
0x417b11,0xa7d08ad131c0
0x417b1c,0xea20631c500
0x417b11,0xa7d08ad11340
0x417b11,0xa7d08ad11380
0x419b60,0xa7d08ad0d798
0x41a1c3,0x6c6f1e578980
0x4181c4,0xa7d08ad15100
0x4181c4,0xa7d08ad15240
0x418a17,0xa7d08ad0e800
0x4189c3,0xa7d08ad10980
0x418a00,0x6c6f1e570980
0x417b11,0xa7d08ad0cd80
0x417b1c,0x8ad330231c40
0x417b11,0xa7d08ad19100
0x417b1c,0x8ad330231e00
0x417b1c,0xea2062e7200
0x417b1c,0xea2062e7280
0x417b11,0xa7d08ad13540
0x417b1c,0xea206352e80
0x417b1c,0xea206352ec0
0x418236,0xa7d08ad16400
0x418144,0xa7d08ad14700
0x418a43,0x6c6f1e576c00
0x418a89,0x6c6f1e57dc40
0x418a54,0x6c6f1e573d00
0x4189d7,0x6c6f1e57bd80
0x418b48,0xa7d08ad10f80
0x417996,0x6c6f1e579f80
0x417996,0x6c6f1e5931c0
0x417b1c,0x8ad3302331c0
0x417b11,0xa7d08ad125c0
0x417b11,0xa7d08ad11c40
0x419b68,0xa7d08ad0dfc0
0x41a1c3,0x6c6f1e578fc0
0x417e37,0xa7d08ad16758
0x4189d7,0x6c6f1e57bf40
0x4189c9,0x6c6f1e574f80
0x418a00,0x6c6f1e570f80
0x4189d7,0x6c6f1e595100
0x4189d7,0x6c6f1e595240
0x418a9a,0x6c6f1e591340
0x41916b,0xa7d08ad18980
0x417996,0x6c6f1e593540
0x417b11,0xa7d08ad1a4c0
0x417b1c,0x8ad330233540
0x417b1c,0xea2062e7a00
0x417b11,0xa7d08ad13d00
0x417b11,0xa7d08ad11e00
0x417b1c,0xea206354700
0x41a184,0x6c6f1e5925c0
0x41a21f,0x6c6f1e594700
0x418236,0xa7d08ad16c00
0x418748,0x6c6f1e591388
0x418a33,0x6c6f1e596400
0x4189c3,0xa7d08ad1c500
0x418a6b,0xa7d08ad1e500
0x417a87,0xea2062e7c40
0x417b1c,0xea2062e7cc0
0x417b11,0xa7d08ad12e80
0x417b11,0xa7d08ad12ec0
0x417b11,0xa7d08ad210c0
0x417b11,0xa7d08ad21180
0x417b1c,0xea20631e500
0x418144,0xa7d08ad14f80
0x418236,0xa7d08ad23100
0x4181c4,0xa7d08ad25100
0x418a33,0x6c6f1e596740
0x418a54,0x6c6f1e58d780
0x4189c9,0x6c6f1e58e800
0x418a43,0x6c6f1e590980
0x41916b,0xa7d08ad18fc0
0x417996,0x6c6f1e593d00
0x417b1c,0x8ad3301fc500
0x417b11,0xa7d08ad19f80
0x417b1c,0x8ad330233d00
0x417b11,0xa7d08ad20180
0x419b68,0xa7d08ad1bd80
0x41a184,0x6c6f1e592e80
0x41a184,0x6c6f1e592ec0
0x417df6,0xa7d08ad25328
0x418144,0xa7d08ad223c0
0x418a6b,0xa7d08ad1ebc0
0x418a17,0xa7d08ad1dc40
0x418a33,0x6c6f1e596c00
0x418a9a,0x6c6f1e591c40
0x418a6b,0xa7d08ad1ed40
0x418a9a,0x6c6f1e591e00
0x41916b,0xa7d08ad26380
0x417b11,0xa7d08ad27200
0x417b11,0xa7d08ad27280
0x417b1c,0x8ad330235100
0x417b1c,0xea20631ebc0
0x417b1c,0xea206354f80
0x419b68,0xa7d08ad1bf40
0x41a2d2,0x6c6f1e594f80
0x41a1c3,0x6c6f1e5ac1c0
0x417df6,0xa7d08ad25718
0x418144,0xa7d08ad22740
0x418283,0xa7d08ad247c0
0x4181c4,0xa7d08ad25a80
0x418a43,0x6c6f1e590f80
0x418a54,0x6c6f1e58dfc0
0x418a6b,0xa7d08ad2c1c0
0x418a54,0x6c6f1e5a7200
0x418a54,0x6c6f1e5a7280
0x419144,0xa7d08ad265a8
0x417b1c,0x8ad330235240
0x417b11,0xa7d08ad208c0
0x417b11,0xa7d08ad20980
0x417b1c,0xea2062e98c0
0x417a87,0xea20631ed40
0x417b11,0xa7d08ad21c40
0x417b1c,0xea206356400
0x41a184,0x6c6f1e5ac640
0x418a17,0xa7d08ad2b380
0x418a9a,0x6c6f1e5ab380
0x418a89,0x6c6f1e5b1340
0x418a89,0x6c6f1e5b1380
0x418a17,0xa7d08ad2b540
0x418a9a,0x6c6f1e5ab540
0x418a6b,0xa7d08ad2c640
0x417996,0x6c6f1e5ad780
0x417b11,0xa7d08ad27a00
0x417b11,0xa7d08ad27c40
0x417b11,0xa7d08ad27cc0
0x417b11,0xa7d08ad20d40
0x417b1c,0xea206320180
0x417b1c,0xea206356740
0x419b68,0xa7d08ad298c0
0x41a242,0x6c6f1e5ae800
0x418a00,0x6c6f1e5a47c0
0x4189ef,0x6c6f1e5a98c0
0x418a33,0x6c6f1e5b0980
0x418a54,0x6c6f1e5a7a00
0x417b11,0xa7d08ad28b80
0x417b1c,0x8ad3301fe500
0x417b11,0xa7d08ad35100
0x417b11,0xa7d08ad35240
0x417b1c,0xea2062ec1c0
0x417b1c,0xea206356c00
0x417b11,0xa7d08ad2d780
0x41a184,0x6c6f1e5acd80
0x418283,0xa7d08ad31340
0x418283,0xa7d08ad31380
0x4181c4,0xa7d08ad325c0
0x4189c9,0x6c6f1e5a8b80
0x418a17,0xa7d08ad2bc80
0x418a54,0x6c6f1e5a7c40
0x418a9a,0x6c6f1e5abc80
0x418a89,0x6c6f1e5b1c40
0x418a54,0x6c6f1e5a7cc0
0x418a6b,0xa7d08ad2cd80
0x418a89,0x6c6f1e5b1e00
0x41916b,0xa7d08ad331c0
0x417996,0x6c6f1e5adfc0
0x417996,0x6c6f1e5c7200
0x417996,0x6c6f1e5c7280
0x417b1c,0xea2062ec640
0x417b1c,0xea2063208c0
0x417b1c,0xea206320980
0x417b11,0xa7d08ad2e800
0x418236,0xa7d08ad30980
0x418a33,0x6c6f1e5b0f80
0x418a17,0xa7d08ad39100
0x4189ef,0x6c6f1e5c3100
0x418a54,0x6c6f1e5c10c0
0x418a9a,0x6c6f1e5c5100
0x418a54,0x6c6f1e5c1180
0x419144,0xa7d08ad33568
0x417b11,0xa7d08ad36400
0x417b1c,0x8ad3301febc0
0x417b1c,0x8ad3301fed40
0x417b11,0xa7d08ad34700
0x417b1c,0xea206320d40
0x417b11,0xa7d08ad2dfc0
0x41a184,0x6c6f1e5c6380
0x41a184,0x6c6f1e5c6580
0x418283,0xa7d08ad31c40
0x418283,0xa7d08ad31e00
0x418387,0xa7d08ad32e80
0x418748,0x6c6f1e5c5308
0x4189c9,0x6c6f1e5c23c0
0x418a89,0x6c6f1e5cb380
0x418a6b,0xa7d08ad3a4c0
0x418a00,0x6c6f1e5be500
0x418a89,0x6c6f1e5cb540
0x41916b,0xa7d08ad33d00
0x417996,0x6c6f1e5c7a00
0x417b11,0xa7d08ad36740
0x417b1c,0x8ad330200180
0x417b1c,0xea2062ecd80
0x4181c4,0xa7d08ad32ec0
0x418236,0xa7d08ad30f80
0x418283,0xa7d08ad40180
0x418a9a,0x6c6f1e5c5700
0x4189c9,0x6c6f1e5c2740
0x418a43,0x6c6f1e5c47c0
0x4189d7,0x6c6f1e5c98c0
0x4189c3,0xa7d08ad38980
0x418a9a,0x6c6f1e5c5a80
0x41916b,0xa7d08ad410c0
0x417996,0x6c6f1e5c7cc0
0x417996,0x6c6f1e5c7c40
0x417b11,0xa7d08ad36c00
0x417b11,0xa7d08ad34f80
0x417b11,0xa7d08ad43100
0x417a87,0xea2063223c0
0x417b11,0xa7d08ad3c500
0x417b1c,0xea206322740
0x417a87,0xea206358980
0x41a21f,0x6c6f1e5c8b80
0x418236,0xa7d08ad3e500
0x418a00,0x6c6f1e5bebc0
0x418a54,0x6c6f1e5c1c40
0x418a89,0x6c6f1e5cbc80
0x418a00,0x6c6f1e5bed40
0x41916b,0xa7d08ad41180
0x417996,0x6c6f1e5e10c0
0x417996,0x6c6f1e5e1180
0x417b1c,0x8ad3302008c0
0x417b1c,0x8ad330200980
0x417b11,0xa7d08ad423c0
0x417b1c,0xea206358fc0
0x419b68,0xa7d08ad45100
0x41a1c3,0x6c6f1e5e0180
0x418283,0xa7d08ad408c0
0x418283,0xa7d08ad40980
0x418a17,0xa7d08ad39f80
0x4189c3,0xa7d08ad38fc0
0x418a33,0x6c6f1e5e5100
0x4189d7,0x6c6f1e5e3100
0x418a17,0xa7d08ad47200
0x418a17,0xa7d08ad47280
0x417b1c,0x8ad330200d40
0x417b11,0xa7d08ad42740
0x417b1c,0x8ad330239100
0x417b1c,0xea2062ee800
0x417b11,0xa7d08ad3bd80
0x417b11,0xa7d08ad3bf40
0x419b68,0xa7d08ad45300
0x41a21f,0x6c6f1e5e23c0
0x418236,0xa7d08ad3ebc0
0x418144,0xa7d08ad3dc40
0x418236,0xa7d08ad3ed40
0x418283,0xa7d08ad40d40
0x4189c3,0xa7d08ad46380
0x418a33,0x6c6f1e5e5300
0x418a43,0x6c6f1e5de500
0x4189c9,0x6c6f1e5dc500
0x4189c3,0xa7d08ad46580
0x41916b,0xa7d08ad41c40
0x417b11,0xa7d08ad447c0
0x417a87,0xea20635a4c0
0x419b68,0xa7d08ad45700
0x41a242,0x6c6f1e5e2740
0x41a1c3,0x6c6f1e5e08c0
0x41a1c3,0x6c6f1e5e0980
0x4181c4,0xa7d08ad4c1c0
0x418a33,0x6c6f1e5e5700
0x418a89,0x6c6f1e5e47c0
0x418a00,0x6c6f1e5d8980
0x418a17,0xa7d08ad47a00
0x417996,0x6c6f1e5e1c40
0x417b1c,0x8ad3302023c0
0x417b4a,0xa7d08ad51340
0x419b60,0xa7d08ad45a88
0x41a184,0x6c6f1e5e0d40
0x418144,0xa7d08ad4b380
0x418144,0xa7d08ad4b540
0x418a33,0x6c6f1e5e5a80
0x418a6b,0xa7d08ad48b80
0x418a43,0x6c6f1e5debc0
0x418a17,0xa7d08ad47c40
0x4189ef,0x6c6f1e5ddc40
0x418a17,0xa7d08ad47cc0
0x418a43,0x6c6f1e5ded40
0x418a54,0x6c6f1e5dbd80
0x417b1c,0x8ad330202740
0x417b11,0xa7d08ad51380
0x417b1c,0xea2063247c0
0x417b11,0xa7d08ad498c0
0x419b68,0xa7d08ad531c0
0x417df6,0xa7d08ad4c658
0x418236,0xa7d08ad4d780
0x418283,0xa7d08ad4e800
0x418a54,0x6c6f1e5dbf40
0x418a00,0x6c6f1e5d8fc0
0x418a17,0xa7d08ad55100
0x418a9a,0x6c6f1e5f9100
0x418a54,0x6c6f1e5f5100
0x418a17,0xa7d08ad55240
0x417b11,0xa7d08ad525c0
0x417b1c,0x8ad330239f80
0x419b68,0xa7d08ad53540
0x41a184,0x6c6f1e5fa4c0
0x41a21f,0x6c6f1e5fc500
0x418144,0xa7d08ad4bc80
0x4181c4,0xa7d08ad4cd80
0x418a54,0x6c6f1e5f5250
0x418a6b,0xa7d08ad56400
0x4189c9,0x6c6f1e5f6400
0x418a33,0x6c6f1e5fe500
0x418a00,0x6c6f1e5f25c0
0x417b11,0xa7d08ad50980
0x417b11,0xa7d08ad51c40
0x417b1c,0xea2062f0980
0x417b11,0xa7d08ad51e00
0x417b1c,0xea20635c500
0x418236,0xa7d08ad4dfc0
0x418144,0xa7d08ad59100
0x4189c3,0xa7d08ad54700
0x418a6b,0xa7d08ad56740
0x4189c9,0x6c6f1e5f6740
0x418a43,0x6c6f1e5f8980
0x417996,0x6c6f1e5fbd80
0x417b11,0xa7d08ad50f80
0x417b1c,0xea2062f0f80
0x417b1c,0xea206326380
0x419b68,0xa7d08ad53d00
0x4181c4,0xa7d08ad5a4c0
0x418283,0xa7d08ad5c500
0x418a6b,0xa7d08ad56c00
0x418a33,0x6c6f1e5febc0
0x4189c9,0x6c6f1e5f6c00
0x4189d7,0x6c6f1e5fdc40
0x418a33,0x6c6f1e5fed40
0x417996,0x6c6f1e5fbf40
0x417b11,0xa7d08ad52e80
0x417b11,0xa7d08ad52ec0
0x417b11,0xa7d08ad60180
0x417b1c,0x8ad3302047c0
0x417b1c,0x8ad33023bd80
0x417a87,0xea206326580
0x419b68,0xa7d08ad610c0
0x419b68,0xa7d08ad61180
0x418a00,0x6c6f1e5f2e80
0x418a00,0x6c6f1e5f2ec0
0x4189c3,0xa7d08ad54f80
0x418a9a,0x6c6f1e5f9f80
0x418a43,0x6c6f1e5f8fc0
0x418a17,0xa7d08ad63100
0x4189c9,0xfdfd3a8c5100
0x417b11,0xa7d08ad5e500
0x417b1c,0x8ad33023bf40
0x417a75,0xa7d08ad589a8
0x41a184,0xfdfd3a8cb380
0x41a184,0xfdfd3a8cb540
0x418236,0xa7d08ad5bd80
0x41871e,0xfdfd3a8c7208
0x418a00,0xfdfd3a8c7280
0x4189c9,0xfdfd3a8c5300
0x4189c3,0xa7d08ad623c0
0x4189d7,0xfdfd3a8f1340
0x4189d7,0xfdfd3a8f1380
0x418a33,0xfdfd3a8e23c0
0x41916b,0xa7d08ad5dc40
0x417996,0xfdfd3a8ce800
0x417b11,0xa7d08ad608c0
0x417b11,0xa7d08ad60980
0x417b11,0xa7d08ad5ebc0
0x417b1c,0xfdfd3a8da4c0
0x417b11,0xa7d08ad58fc0
0x417b11,0xa7d08ad65100
0x417b11,0xa7d08ad66380
0x41a242,0xfdfd3a8d0980
0x418236,0xa7d08ad5bf40
0x418144,0xa7d08ad59f80
0x418752,0xfdfd3a8f25d8
0x4189c3,0xa7d08ad62740
0x4189c9,0xfdfd3a8c5700
0x418a33,0xfdfd3a8e2740
0x418a6b,0xa7d08ad647c0
0x4189ef,0x6c6f1e60e800
0x418a54,0xfdfd3a8c98c0
0x418a9a,0x6c6f1e610980
0x417b11,0xa7d08ad60d40
0x417b1c,0xfdfd3a8e7200
0x417b1c,0xfdfd3a8e7280
0x417b11,0xa7d08ad5ed40
0x417b1c,0xfdfd3a8dbd80
0x417b11,0xa7d08ad65300
0x417b11,0xa7d08ad66580
0x419b68,0xa7d08ad61c40
0x41a184,0xfdfd3a8cbc80
0x418144,0xa7d08ad67200
0x418144,0xa7d08ad67280
0x418a00,0xfdfd3a8c7a00
0x4189c9,0xfdfd3a8c5a80
0x418a00,0xfdfd3a8c7c40
0x4189d7,0xfdfd3a8f1c40
0x418a00,0xfdfd3a8c7cc0
0x41916b,0xa7d08ad6b380
0x417b11,0xa7d08ad6c1c0
0x417b1c,0xfdfd3a8dbf40
0x417b1c,0xfdfd3a8dc500
0x417b11,0xa7d08ad65700
0x417b1c,0xfdfd3a8ddc40
0x41a242,0xfdfd3a8d0f80
0x418283,0xa7d08ad698c0
0x4189d7,0xfdfd3a8f1e00
0x418a89,0xfdfd3a8f2e80
0x418a89,0xfdfd3a8f2ec0
0x418a9a,0x6c6f1e610f80
0x4189c9,0xfdfd3a8f9100
0x4189d7,0xfdfd3a8f5100
0x41916b,0xa7d08ad6b540
0x417b1c,0xfdfd3a8e7a00
0x417b11,0xa7d08ad6c640
0x417b11,0xa7d08ad6d780
0x417b1c,0xfdfd3a8eb380
0x417b1c,0xfdfd3a8eb540
0x417b11,0xa7d08ad65a80
0x417b1c,0xfdfd3a903100
0x41a184,0xfdfd3a8f6400
0x418144,0xa7d08ad67a00
0x418236,0xa7d08ad68b80
0x418144,0xa7d08ad67c40
0x418144,0xa7d08ad67cc0
0x4189d7,0xfdfd3a8f5240
0x418a17,0xa7d08ad71340
0x418a17,0xa7d08ad71380
0x418a00,0xfdfd3a8fa4c0
0x4189ef,0x6c6f1e61c500
0x418a9a,0x6c6f1e61e500
0x418a6b,0xa7d08ad725c0
0x417b11,0xa7d08ad6e800
0x417b1c,0xfdfd3a8e7c40
0x417b1c,0xfdfd3a8e7cc0
0x417b1c,0xfdfd3a9023c0
0x41a1c3,0xfdfd3a8f6740
0x41a242,0xfdfd3a8f8980
0x418144,0xa7d08ad75100
0x418a89,0xfdfd3a8f4700
0x418a33,0xfdfd3a8e47c0
0x4189c3,0xa7d08ad70980
0x41916b,0xa7d08ad6bc80
0x417b11,0xa7d08ad6cd80
0x417b1c,0xfdfd3a902740
0x417b11,0xa7d08ad6dfc0
0x417b1c,0xfdfd3a8ebc80
0x417b11,0xa7d08ad731c0
0x417b1c,0xfdfd3a90c1c0
0x417b11,0xa7d08ad74700
0x41a184,0xfdfd3a8f6c00
0x418144,0xa7d08ad75240
0x418236,0xa7d08ad76400
0x418a9a,0x6c6f1e61ebc0
0x418a17,0xa7d08ad71c40
0x418a43,0x6c6f1e61dc40
0x418a9a,0x6c6f1e61ed40
0x41916b,0xa7d08ad79100
0x417b11,0xa7d08ad73540
0x417b1c,0xfdfd3a90c640
0x41a242,0xfdfd3a8f8fc0
0x41a1c3,0xfdfd3a915100
0x418236,0xa7d08ad76740
0x418a17,0xa7d08ad71e00
0x418a54,0xfdfd3a8fbda0
0x418a6b,0xa7d08ad72e80
0x418a6b,0xa7d08ad72ec0
0x4189c3,0xa7d08ad70f80
0x418a54,0xfdfd3a8fbf40
0x4189c9,0xfdfd3a8f9f80
0x418a89,0xfdfd3a8f4f80
0x418a00,0xfdfd3a919100
0x418a6b,0xa7d08ad80180
0x417996,0xfdfd3a916400
0x417b11,0xa7d08ad7c500
0x417b11,0xa7d08ad7a4c0
0x417b1c,0xfdfd3a911340
0x417b1c,0xfdfd3a911380
0x41a184,0xfdfd3a915240
0x417df6,0xa7d08ad78988
0x418236,0xa7d08ad76c00
0x418748,0x6c6f1e62c1c8
0x418a89,0xfdfd3a9131c0
0x418a43,0x6c6f1e62b380
0x4189c3,0xa7d08ad7e500
0x418a54,0xfdfd3a91a4c0
0x418a43,0x6c6f1e62b540
0x417996,0xfdfd3a916740
0x417b11,0xa7d08ad7bd80
0x417a75,0xa7d08ad73d18
0x417b1c,0xfdfd3a90cd80
0x417b11,0xa7d08ad810c0
0x417a75,0xa7d08ad74f98
0x417a87,0xfdfd3a9210c0
0x417b1c,0xfdfd3a921180
0x4181c4,0xa7d08ad78fc0
0x418144,0xa7d08ad83100
0x418236,0xa7d08ad85100
0x418752,0xfdfd3a913558
0x418a9a,0x6c6f1e62c640
0x4189d7,0xfdfd3a914700
0x418a33,0xfdfd3a90e800
0x418a6b,0xa7d08ad808c0
0x418a6b,0xa7d08ad80980
0x41916b,0xa7d08ad79f80
0x417996,0xfdfd3a916c00
0x417b1c,0xfdfd3a9223c0
0x417b11,0xa7d08ad7bf40
0x417b11,0xa7d08ad87200
0x417b1c,0xfdfd3a911c40
0x417b11,0xa7d08ad81190
0x417b11,0xa7d08ad823c0
0x417b4a,0xa7d08ad82740
0x419b68,0xa7d08ad7dc40
0x418236,0xa7d08ad85300
0x418283,0xa7d08ad86380
0x4189c9,0xfdfd3a918980
0x4189c3,0xa7d08ad7ebc0
0x418a43,0x6c6f1e62bc80
0x4189c3,0xa7d08ad7ed40
0x418a6b,0xa7d08ad80d40
0x418bf2,0xfdfd3a913d00
0x417996,0xfdfd3a935100
0x417b1c,0xfdfd3a922740
0x417b11,0xa7d08ad87280
0x417b1c,0xfdfd3a911e00
0x417b1c,0xfdfd3a92b380
0x417b1c,0xfdfd3a92b540
0x418283,0xa7d08ad86580
0x418236,0xa7d08ad85700
0x4181c4,0xa7d08ad847c0
0x418748,0x6c6f1e62cd98
0x418a00,0xfdfd3a919f80
0x4189d7,0xfdfd3a914f80
0x4189c9,0xfdfd3a918fc0
0x418a43,0x6c6f1e639100
0x418a54,0xfdfd3a939100
0x417996,0xfdfd3a935240
0x417b11,0xa7d08ad87a00
0x417b11,0xa7d08ad81c40
0x417b1c,0xfdfd3a921c40
0x419b68,0xa7d08ad8b380
0x41a21f,0xfdfd3a936400
0x418236,0xa7d08ad85a80
0x4189c3,0xa7d08ad8c1c0
0x4189d7,0xfdfd3a9331c0
0x418a9a,0x6c6f1e63a4c0
0x41916b,0xa7d08ad88b80
0x417a87,0xfdfd3a9298c0
0x417b11,0xa7d08ad898c0
0x417b1c,0xfdfd3a940180
0x417b11,0xa7d08ad87c40
0x417b11,0xa7d08ad87cc0
0x417b1c,0xfdfd3a92bc80
0x419b60,0xa7d08ad8b558
0x41a1c3,0xfdfd3a934700
0x41a242,0xfdfd3a936740
0x4189d7,0xfdfd3a933540
0x4189c3,0xa7d08ad8c640
0x418a89,0xfdfd3a9325c0
0x418a17,0xa7d08ad8d780
0x418a33,0xfdfd3a92d780
0x418a6b,0xa7d08ad8e800
0x417b1c,0xfdfd3a930980
0x417b11,0xa7d08ad95100
0x419b68,0xa7d08ad8bc80
0x41a248,0xfdfd3a936c00
0x418236,0xa7d08ad931c0
0x418144,0xa7d08ad91340
0x418144,0xa7d08ad91380
0x4189ef,0x6c6f1e638980
0x418a00,0xfdfd3a938980
0x417b1c,0xfdfd3a9408c0
0x417b1c,0xfdfd3a940980
0x417b11,0xa7d08ad95240
0x417b1c,0x8ad3301be500
0x417b1c,0xa21321898c0
0x417b11,0xa7d08ad90980
0x41a1c3,0xfdfd3a934f80
0x418236,0xa7d08ad93540
0x4181c4,0xa7d08ad925c0
0x418283,0xa7d08ad94700
0x4189c3,0xa7d08ad8cd80
0x4189d7,0xfdfd3a933d00
0x418a89,0xfdfd3a932e80
0x418a89,0xfdfd3a932ec0
0x418a43,0x6c6f1e639f80
0x418a17,0xa7d08ad8dfc0
0x4189ef,0x6c6f1e638fc0
0x418a54,0xfdfd3a939f80
0x418a00,0xfdfd3a938fc0
0x418a33,0xfdfd3a92dfc0
0x41916b,0xa7d08ad96400
0x41916b,0xa7d08ad96740
0x417996,0x8ad3301c7200
0x417996,0x8ad3301c7280
0x417a87,0x98f5690d6400
0x417b1c,0x98f5690d6740
0x417b1c,0xfdfd3a940d40
0x417a87,0xfdfd3a930f80
0x419b60,0xa7d08ad99128
0x41a184,0x8ad3301c6380
0x4189d7,0x8ad3301c5100
0x418a33,0x8ad3301c0180
0x418a43,0x6c6f1e647200
0x418a43,0x6c6f1e647280
0x4189d7,0x8ad3301c5300
0x4189ef,0x6c6f1e646380
0x418a54,0x8ad3301cb380
0x4189c3,0xa7d08ad9a4c0
0x418a6b,0xa7d08ad9c500
0x419756,0xfdfd3a8e5300
0x419750,0xfdfd3a8e5700
0x419750,0xfdfd3a8e5a80
0x419760,0xa7d08ad9e500
0x4196ab,0x8ad3301d5100
0x419750,0x8ad3301d5240
0x419760,0xa7d08ad9ebc0
0x419760,0xa7d08ad9ed40
0x419760,0xa7d08ada0180
0x419760,0xa7d08ada08c0
0x419760,0xa7d08ada0980
0x419750,0x8ad3301d9100
0x419760,0xa7d08ada0d40
0x419760,0xa7d08ada10c0
0x419760,0xa7d08ada1180
0x419750,0x8ad3301d9f80
0x419760,0xa7d08ada1c40
0x419760,0xa7d08ada23c0
0x4196bb,0xa7d08ada2768
0x419750,0x8ad3301dbd80
0x419750,0x8ad3301dbf40
0x419760,0xa7d08ada3100
0x419750,0x8ad3301ddc40
0x419760,0xa7d08ada47c0
0x419750,0x8ad3301e10c0
0x419750,0x8ad3301e1180
0x419760,0xa7d08ada5100
0x419760,0xa7d08ada5300
0x419760,0xa7d08ada5700
0x419750,0x8ad3301e1c40
0x4196bb,0xa7d08ada5a98
0x419750,0x8ad3301e3100
0x419760,0xa7d08ada6380
0x419760,0xa7d08ada6580
0x419750,0x8ad3301e5100
0x419750,0x8ad3301e5300
0x4197af,0xa7d08ada7200
0x419760,0xa7d08ada7280
0x419750,0x8ad3301e5700
0x419750,0x8ad3301e5a80
0x4196bb,0xa7d08ada7a18
0x419760,0xa7d08ada7c40
0x419760,0xa7d08ada7cc0
0x419750,0x8ad3301e7200
0x419750,0x8ad3301e7280
0x419750,0x8ad3301e7a00
0x419750,0x8ad3301e7c40
0x419760,0xa7d08ada8b80
0x419750,0x8ad3301e7cc0
0x419750,0x8ad3301e98c0
0x419760,0xa7d08ada98c0
0x419750,0x8ad3301eb380
0x419750,0x8ad3301eb540
0x4196ab,0x8ad3301ebc80
0x419760,0xa7d08adab380
0x419760,0xa7d08adab540
0x419750,0x8ad3301ee800
0x419760,0xa7d08adabc80
0x419760,0xa7d08adac1c0
0x419760,0xa7d08adac640
0x419750,0x8ad3301f0980
0x419760,0xa7d08adacd80
0x419750,0x8ad3301f0f80
0x419760,0xa7d08adad780
0x4196ab,0x8ad3301f25c0
0x419760,0xa7d08adadfc0
0x419750,0x8ad3301f2e80
0x419750,0x8ad3301f2ec0
0x419760,0xa7d08adae800
0x419750,0x8ad3301f4700
0x419750,0x8ad3301f4f80
0x419750,0x8ad3301f6400
0x419750,0x8ad3301f6740
0x419750,0x8ad3301f6c00
0x419760,0xa7d08adb0980
0x419750,0x8ad3301f8980
0x4197af,0xa7d08adb0f80
0x419760,0xa7d08adb1340
0x4196bb,0xa7d08adb13a8
0x419750,0x8ad3301f8fc0
0x419750,0x8ad3301fa4c0
0x419760,0xa7d08adb1c40
0x419760,0xa7d08adb1e00
0x419760,0xa7d08adb25c0
0x419750,0x8ad3301fc500
0x419760,0xa7d08adb2e80
0x419760,0xa7d08adb2ec0
0x419760,0xa7d08adb31c0
0x419760,0xa7d08adb3540
0x419750,0x8ad3301fe500
0x419760,0xa7d08adb3d00
0x419750,0x8ad3301febc0
0x419750,0x8ad3301fed40
0x419760,0xa7d08adb4700
0x419750,0x8ad330200180
0x419760,0xa7d08adb4f80
0x419750,0x8ad3302008c0
0x419760,0xa7d08adb5100
0x419750,0x8ad330200980
0x419760,0xa7d08adb5240
0x419750,0x8ad330200d40
0x419750,0x8ad3302023c0
0x419750,0x8ad330202740
0x419760,0xa7d08adb6400
0x419760,0xa7d08adb6740
0x419760,0xa7d08adb6c00
0x419750,0x8ad3302047c0
0x419750,0xfdfd3a8e7200
0x419750,0xfdfd3a8e7280
0x419750,0xfdfd3a8e7a00
0x419750,0xfdfd3a8e7c40
0x419750,0xfdfd3a8e7cc0
0x419760,0xa7d08adb8980
0x419760,0xa7d08adb8fc0
0x419760,0xa7d08adb9100
0x419760,0xa7d08adb9f80
0x419760,0xa7d08adba4c0
0x4196ab,0xfdfd3a9298c0
0x419750,0x98f5690d6c00
0x419750,0x8ad33020c1c0
0x419750,0x8ad33020c640
0x419760,0xa7d08adbdc40
0x419750,0x8ad33020cd80
0x419760,0xa7d08adbe500
0x419760,0xa7d08adbebc0
0x419750,0x8ad33020e800
0x419760,0xa7d08adbed40
0x419750,0x8ad330210980
0x419760,0xa7d08adc0180
0x419750,0x8ad330210f80
0x419760,0xa7d08adc08c0
0x419760,0xa7d08adc0980
0x419750,0x8ad3302125c0
0x419760,0xa7d08adc0d40
0x419760,0xa7d08adc10c0
0x419760,0xa7d08adc1180
0x419750,0x8ad330212e80
0x419750,0x8ad330212ec0
0x419760,0xa7d08adc1c40
0x419750,0x8ad330214700
0x419760,0xa7d08adc23c0
0x419750,0x8ad330214f80
0x419760,0xa7d08adc2740
0x419750,0x8ad330216400
0x419750,0x8ad330216740
0x419760,0xa7d08adc3100
0x419750,0x8ad330216c00
0x419750,0x8ad330218980
0x419760,0xa7d08adc47c0
0x4196ab,0x8ad330218fc0
0x419750,0x8ad33021a4c0
0x4196bb,0xa7d08adc5108
0x419760,0xa7d08adc5300
0x419760,0xa7d08adc5700
0x419760,0xa7d08adc5a80
0x419750,0x8ad33021c500
0x419760,0xa7d08adc6380
0x419760,0xa7d08adc6580
0x419750,0x8ad33021e500
0x419760,0xa7d08adc7200
0x419760,0xa7d08adc7280
0x419750,0x8ad33021ebc0
0x419750,0x8ad33021ed40
0x419760,0xa7d08adc7a00
0x4196bb,0xa7d08adc7c58
0x419760,0xa7d08adc7cc0
0x419750,0x8ad330220180
0x419750,0x8ad3302208c0
0x419750,0x8ad330220980
0x419750,0x8ad330220d40
0x419760,0xa7d08adc8b80
0x419750,0x8ad3302223c0
0x0,0xfdfd3a8d25c0
0x419750,0x8ad330222740
0x419760,0xa7d08adc98c0
0x419750,0x8ad3302247c0
0x419750,0x8ad330226380
0x419760,0xa7d08adcb380
0x419750,0x8ad330226580
0x419760,0xa7d08adcb540
0x419760,0xa7d08adcbc80
0x419760,0xa7d08adcc1c0
0x419760,0xa7d08adcc640
0x4196ab,0x8ad330228b80
0x419760,0xa7d08adccd80
0x419760,0xa7d08adcd780
0x419760,0xa7d08adcdfc0
0x419750,0x8ad33022d780
0x419760,0xa7d08adce800
0x419750,0x8ad33022dfc0
0x419750,0x8ad330231340
0x419750,0x8ad330231380
0x419760,0xa7d08add0980
0x419750,0x8ad330231c40
0x419760,0xa7d08add0f80
0x419750,0x8ad330231e00
0x419760,0xa7d08add1380
0x419760,0xa7d08add1340
0x419750,0x8ad3302331c0
0x419750,0x8ad330233540
0x419760,0xa7d08add1c40
0x419760,0xa7d08add1e00
0x419750,0x8ad330233d00
0x419750,0x8ad330235100
0x419750,0x8ad330235240
0x419760,0xa7d08add25c0
0x419760,0xa7d08add2e80
0x0,0xfdfd3a8d2e80
0x419760,0xa7d08add2ec0
0x0,0xfdfd3a8d2ec0
0x419760,0xa7d08add31c0
0x4196bb,0xa7d08add3568
0x0,0x28e837c87280
0x419760,0xa7d08add3d00
0x419750,0x8ad330239100
0x419760,0xa7d08add4700
0x419760,0xa7d08add4f80
0x419760,0xa7d08add5100
0x0,0xfdfd3a8e5100
0x419760,0xa7d08add5240
0x419750,0x8ad330239f80
0x419750,0x8ad33023bd80
0x419760,0xa7d08add6400
0x419750,0x8ad33023bf40
0x419760,0xa7d08add6740
0x419750,0xfdfd3a8da4c0
0x419760,0xa7d08add6c00
0x0,0x28e837c87200
0x0,0x28e837c87a00
0x419750,0xfdfd3a9023c0
0x0,0x28e837c87c40
0x0,0x28e837c87cc0
0x419750,0xfdfd3a902740
0x419760,0xa7d08add8980
0x419750,0xfdfd3a9223c0
0x4197af,0xa7d08add8fc0
0x419750,0xfdfd3a922740
0x419760,0xa7d08add9100
0x419750,0xfdfd3a940180
0x4197af,0xa7d08add9f80
0x419750,0xfdfd3a9408c0
0x419750,0xfdfd3a940980
0x419760,0xa7d08adda4c0
0x419750,0xfdfd3a940d40
0x419750,0xea2062c1180
0x0,0xfdfd3a8d1340
0x0,0xfdfd3a8d1380
0x419756,0xea2062c10c0
0x419750,0xea2062c1c40
0x419760,0xa7d08addbd80
0x419760,0xa7d08addbf40
0x419750,0xea2062c3100
0x419760,0xa7d08addc500
0x419750,0xea2062c5100
0x4196ab,0xea2062c5300
0x419750,0xea2062c5700
0x419760,0xa7d08adddc40
0x4196ab,0xea2062c5a80
0x4196ab,0xea2062c7200
0x419760,0xa7d08adde500
0x419750,0xea2062c7280
0x419760,0xa7d08addebc0
0x419750,0xea2062c7a00
0x419760,0xa7d08added40
0x419750,0xea2062c7c40
0x419750,0xea2062c7cc0
0x419750,0xea2062c98c0
0x419760,0xa7d08ade0180
0x419750,0xea2062cb380
0x419760,0xa7d08ade08c0
0x419760,0xa7d08ade0980
0x419750,0xea2062cb540
0x419760,0xa7d08ade0d40
0x419760,0xa7d08ade10c0
0x419750,0xea2062cbc80
0x419760,0xa7d08ade1180
0x419760,0xa7d08ade1c40
0x0,0xfdfd3a8d1c40
0x419750,0xea2062cd780
0x0,0xfdfd3a8d1e00
0x4196bb,0xa7d08ade23c8
0x419750,0xea2062cdfc0
0x419760,0xa7d08ade2740
0x419760,0xa7d08ade3100
0x0,0xfdfd3a8c3100
0x419750,0xea2062d1340
0x419750,0xea2062d1380
0x419750,0xea2062d1c40
0x419750,0xea2062d1e00
0x419760,0xa7d08ade47c0
0x419750,0xea2062d31c0
0x419750,0xea2062d3540
0x419760,0xa7d08ade5100
0x4196bb,0xa7d08ade5308
0x419750,0xea2062d3d00
0x419760,0xa7d08ade5700
0x419750,0xea2062d5100
0x419760,0xa7d08ade5a80
0x419750,0xea2062d5240
0x419760,0xa7d08ade6380
0x419760,0xa7d08ade6580
0x419760,0xa7d08ade7200
0x4196bb,0xa7d08ade7288
0x419760,0xa7d08ade7a00
0x419750,0xea2062d9100
0x419760,0xa7d08ade7c40
0x419760,0xa7d08ade7cc0
0x4196ab,0xea2062d9f80
0x419760,0xa7d08ade8b80
0x419750,0xea2062dbd80
0x419760,0xa7d08ade98c0
0x419750,0xea2062dbf40
0x419750,0xea2062ddc40
0x419760,0xa7d08adeb380
0x4197af,0xa7d08adeb540
0x419760,0xa7d08adebc80
0x419750,0xea2062e10c0
0x419750,0xea2062e1180
0x419760,0xa7d08adec1c0
0x419760,0xa7d08adec640
0x419750,0xea2062e1c40
0x419760,0xa7d08adecd80
0x419750,0xea2062e3100
0x419760,0xa7d08aded780
0x419750,0xea2062e5100
0x419760,0xa7d08adedfc0
0x419750,0xea2062e5300
0x419750,0xea2062e5700
0x419760,0xa7d08adee800
0x419750,0xea2062e5a80
0x419750,0xea2062e7200
0x419750,0xea2062e7280
0x419750,0xea2062e7a00
0x4196ab,0xea2062e7c40
0x419750,0xea2062e7cc0
0x419750,0xea2062e98c0
0x419760,0xa7d08adf0980
0x419760,0xa7d08adf0f80
0x419750,0xea2062ec1c0
0x419760,0xa7d08adf1340
0x419760,0xa7d08adf1380
0x419750,0xea2062ec640
0x419760,0xa7d08adf1c40
0x419760,0xa7d08adf1e00
0x419750,0xea2062ecd80
0x419760,0xa7d08adf25c0
0x419750,0xea2062ee800
0x419760,0xa7d08adf2e80
0x419760,0xa7d08adf2ec0
0x419760,0xa7d08adf31c0
0x419760,0xa7d08adf3540
0x419750,0xea2062f0980
0x419760,0xa7d08adf3d00
0x419750,0xea2062f0f80
0x4196bb,0xa7d08adf4728
0x419760,0xa7d08adf4f80
0x419750,0xfdfd3a8dbd80
0x419760,0xa7d08adf5100
0x419760,0xa7d08adf5240
0x419750,0xfdfd3a8dbf40
0x419750,0xfdfd3a8eb380
0x419750,0xfdfd3a8eb540
0x419750,0xfdfd3a8ebc80
0x419760,0xa7d08adf6400
0x419760,0xa7d08adf6740
0x419750,0xfdfd3a911340
0x419750,0xfdfd3a911380
0x419760,0xa7d08adf6c00
0x419750,0xfdfd3a911c40
0x419750,0xfdfd3a911e00
0x419750,0xfdfd3a930980
0x4196ab,0xfdfd3a930f80
0x419760,0xa7d08adf8980
0x419756,0x8ad3301d25c0
0x4196ab,0x8ad3301d2e80
0x419750,0x8ad3301d2ec0
0x419760,0xa7d08adf9f80
0x419760,0xa7d08adfa4c0
0x419750,0xea2062f9100
0x419760,0xa7d08adfbd80
0x419750,0xea2062f9f80
0x4196bb,0xa7d08adfbf68
0x419760,0xa7d08adfc500
0x419750,0xea2062fbd80
0x4196ab,0xea2062fbf40
0x419760,0xa7d08adfdc40
0x419750,0xea2062fdc40
0x419750,0xea206300180
0x419760,0xa7d08adfe500
0x419750,0xea2063008c0
0x4196ab,0xea206300980
0x419760,0xa7d08adfebc0
0x419760,0xa7d08adfed40
0x4196ab,0xea206300d40
0x419750,0xea2063023c0
0x419750,0xea206302740
0x419760,0xa7d08ae00180
0x419760,0xa7d08ae008c0
0x419760,0xa7d08ae00980
0x419750,0xea2063047c0
0x419760,0xa7d08ae00d40
0x419760,0xee30bb940180
0x419750,0xea206306380
0x419750,0xea206306580
0x419760,0xee30bb9408c0
0x419760,0xee30bb940980
0x419760,0xee30bb940d40
0x419760,0xee30bb9410c0
0x419760,0xee30bb941180
0x419760,0xee30bb941c40
0x419750,0xea206308b80
0x419760,0xee30bb9423c0
0x419760,0xee30bb942740
0x419760,0xee30bb943100
0x419750,0xea20630c1c0
0x419750,0xea20630c640
0x419750,0xea20630cd80
0x419760,0xee30bb9447c0
0x419750,0xea20630e800
0x419760,0xee30bb945100
0x419760,0xee30bb945300
0x419760,0xee30bb945700
0x419760,0xee30bb945a80
0x419750,0xea206310980
0x419760,0xee30bb946380
0x419760,0xee30bb946580
0x419750,0xea206310f80
0x419750,0xea2063125c0
0x419760,0xee30bb947200
0x419760,0xee30bb947280
0x419750,0xea206312e80
0x419750,0xea206312ec0
0x419760,0xee30bb947a00
0x419760,0xee30bb947c40
0x419760,0xee30bb947cc0
0x4196ab,0xea206314700
0x419750,0xea206314f80
0x419760,0xee30bb948b80
0x419750,0xea206316400
0x419750,0xea206316740
0x419750,0xea206316c00
0x419760,0xee30bb9498c0
0x419750,0xea206318980
0x419750,0xea206318fc0
0x419750,0xea20631a4c0
0x419760,0xee30bb94b380
0x419760,0xee30bb94b540
0x419760,0xee30bb94bc80
0x419750,0xea20631c500
0x419760,0xee30bb94c1c0
0x419760,0xee30bb94c640
0x419760,0xee30bb94cd80
0x419750,0xea20631e500
0x419760,0xee30bb94d780
0x419750,0xea20631ebc0
0x4196ab,0xea20631ed40
0x419750,0xea206320180
0x419760,0xee30bb94dfc0
0x419750,0xea2063208c0
0x419750,0xea206320980
0x419760,0xee30bb94e800
0x419750,0xea206320d40
0x4196ab,0xea2063223c0
0x419750,0xea206322740
0x419750,0xea2063247c0
0x419760,0xee30bb950980
0x419760,0xee30bb950f80
0x419760,0xee30bb951340
0x419750,0xea206326380
0x419760,0xee30bb951380
0x4196ab,0xea206326580
0x419760,0xee30bb951c40
0x419760,0xee30bb951e00
0x419750,0xfdfd3a8dc500
0x419760,0xee30bb9525c0
0x419760,0xee30bb952ec0
0x419760,0xee30bb952e80
0x419760,0xee30bb9531c0
0x419750,0xfdfd3a90c1c0
0x419760,0xee30bb953540
0x419750,0xfdfd3a90c640
0x4196bb,0xee30bb953d18
0x419750,0xfdfd3a90cd80
0x419750,0xfdfd3a92b380
0x419760,0xee30bb954700
0x419750,0xfdfd3a92b540
0x419750,0xfdfd3a92bc80
0x419760,0xee30bb954f80
0x419760,0xee30bb955100
0x419760,0xee30bb955240
0x419750,0x8ad3301be500
0x419750,0x8ad3301bed40
0x419760,0xee30bb956740
0x419756,0x8ad3301bebc0
0x419760,0xee30bb956c00
0x419750,0xea20632d780
0x419750,0xea20632dfc0
0x419760,0xee30bb958980
0x419750,0xea206331340
0x419750,0xea206331380
0x419760,0xee30bb958fc0
0x419760,0xee30bb959100
0x419750,0xea206331c40
0x419750,0xea206331e00
0x419750,0xea2063331c0
0x419760,0xee30bb959f80
0x419750,0xea206333540
0x419760,0xee30bb95a4c0
0x419750,0xea206333d00
0x419750,0xea206335100
0x419750,0xea206335240
0x419760,0xee30bb95bd80
0x419760,0xee30bb95bf40
0x4196bb,0xee30bb95c518
0x419750,0xea206339100
0x419760,0xee30bb95dc40
0x419750,0xea206339f80
0x419760,0xee30bb95e500
0x419760,0xee30bb95ebc0
0x419760,0xee30bb95ed40
0x419750,0xea20633bd80
0x419750,0xea20633bf40
0x419750,0xea20633dc40
0x419760,0xee30bb960180
0x419750,0xea206340180
0x419760,0xee30bb9608c0
0x419760,0xee30bb960980
0x419750,0xea2063408c0
0x419750,0xea206340980
0x419760,0xee30bb960d40
0x419750,0xea206340d40
0x419760,0xee30bb9610c0
0x419760,0xee30bb961180
0x419750,0xea2063423c0
0x419750,0xea206342740
0x419760,0xee30bb961c40
0x419760,0xee30bb9623c0
0x419760,0xee30bb962740
0x419750,0xea2063447c0
0x419760,0xee30bb963100
0x4196ab,0xea206346380
0x419750,0xea206346580
0x419760,0xee30bb9647c0
0x419750,0xea206348b80
0x419760,0xee30bb965100
0x419760,0xee30bb965300
0x419760,0xee30bb965700
0x4197af,0xee30bb965a80
0x419760,0xee30bb966380
0x419760,0xee30bb966580
0x419750,0xea20634c1c0
0x419750,0xea20634c640
0x419760,0xee30bb967200
0x419760,0xee30bb967280
0x419750,0xea20634cd80
0x4197af,0xee30bb967a00
0x419760,0xee30bb967c40
0x419760,0xee30bb967cc0
0x419750,0xea20634e800
0x419760,0xee30bb968b80
0x419750,0xea206350980
0x419750,0xea206350f80
0x419760,0xee30bb9698c0
0x419750,0xea2063525c0
0x419750,0xea206352e80
0x419750,0xea206352ec0
0x419750,0xea206354700
0x419760,0xee30bb96b380
0x4196bb,0xee30bb96b548
0x419750,0xea206354f80
0x419760,0xee30bb96bc80
0x419750,0xea206356400
0x419760,0xee30bb96c1c0
0x419750,0xea206356740
0x419750,0xea206356c00
0x419760,0xee30bb96c640
0x419760,0xee30bb96cd80
0x4196ab,0xea206358980
0x419760,0xee30bb96d780
0x419750,0xea206358fc0
0x419760,0xee30bb96dfc0
0x4196ab,0xea20635a4c0
0x419760,0xee30bb96e800
0x419750,0xea20635c500
0x419760,0xee30bb970980
0x419750,0xfdfd3a8ddc40
0x419750,0xfdfd3a903100
0x419760,0xee30bb970f80
0x419760,0xee30bb971340
0x419760,0xee30bb971380
0x419760,0xee30bb971c40
0x419760,0xee30bb971e00
0x4196ab,0xfdfd3a9210c0
0x419750,0xfdfd3a921180
0x419760,0xee30bb9725c0
0x419750,0xfdfd3a921c40
0x419760,0xee30bb972e80
0x419760,0xee30bb972ec0
0x419760,0xee30bb9731c0
0x419760,0xee30bb973540
0x419750,0xa21321898c0
0x419760,0xee30bb973d00
0x4179a9,0xfdfd3a8e5100
0x417b1c,0xfdfd3a8e5300
0x417b1c,0xea2062c10c0
0x417b1c,0x8ad3301d25c0
0x41a33b,0x28e837c87280
0x41a2b0,0xfdfd3a8d2e80
0x41a2b0,0xfdfd3a8d2ec0
0x41a184,0xea20637dc40
0x41aeaa,0xee30bb97ed40
0x41ae22,0xee30bb97bd80
0x41ae76,0xfdfd3a8d1c40
0x41ae22,0xee30bb97bf40
0x41ae8c,0xee30bb97ebc0
0x41aec5,0xfdfd3a8c3100
0x41ae76,0xfdfd3a8d1e00
0x41ae60,0xee30bb97dc40
0x418776,0x28e837c87a00
0x418a2c,0xfdfd3a8d1340
0x418a2c,0xfdfd3a8d1380
0x418a43,0xe8035e478980
0x418a54,0xea206378980
0x418a6b,0xee30bb985a80
0x418abe,0x28e837c87c40
0x418abe,0x28e837c87cc0
0x418a00,0xea206376c00
0x418a82,0x28e837c87200
0x418dcc,0xfdfd3a8d25c0
0x41916b,0xee30bb987200
0x41916b,0xee30bb987280
0x417996,0xea20637bd80
0x417996,0xea20637bf40
0x417b1c,0xfdfd3a8e5700
0x417b11,0xee30bb974f80
0x417b1c,0x98f5690d6c00
0x417b1c,0xea2062c1180
0x4181f8,0xee30bb9810c0
0x41817d,0xee30bb980180
0x4181f8,0xee30bb981180
0x418283,0xee30bb982740
0x418253,0xee30bb9823c0
0x418a89,0xea20636bc80
0x4189ef,0xe8035e479f80
0x4189c9,0xea206374f80
0x418a43,0xe8035e478fc0
0x418a54,0xea206378fc0
0x417b1c,0xfdfd3a8e5a80
0x417b1c,0x8ad33020c1c0
0x417b11,0xee30bb978980
0x4181c4,0xee30bb9808c0
0x4181c4,0xee30bb980980
0x4183e4,0xee30bb981c40
0x41870d,0xe8035e4810c8
0x4189ef,0xe8035e480180
0x418a43,0xe8035e481180
0x418a17,0xee30bb98c1c0
0x418a00,0xea20638c1c0
0x4189d7,0xea206387200
0x4189d7,0xea206387280
0x4189c3,0xee30bb98b380
0x4189c9,0xea20638b380
0x418a9a,0xe8035e4823c0
0x418a89,0xea206386380
0x418a33,0xea2063823c0
0x41916b,0xee30bb987a00
0x417b11,0xee30bb9898c0
0x417b1c,0x8ad33020c640
0x417b1c,0xea2062c1c40
0x417a87,0x8ad3301d2e80
0x417b1c,0x8ad3301d2ec0
0x417b11,0xee30bb978fc0
0x417b11,0xee30bb979f80
0x4181c4,0xee30bb980d40
0x4189c3,0xee30bb98b540
0x4189c9,0xea20638b540
0x418a89,0xea206386580
0x418a17,0xee30bb98c640
0x418a00,0xea20638c640
0x418a9a,0xe8035e482740
0x418a6b,0xee30bb98d780
0x418a33,0xea206382740
0x418a54,0xea20638d780
0x41916b,0xee30bb987c40
0x41916b,0xee30bb987cc0
0x417996,0xea2063898c0
0x417a87,0x8ad3301d5100
0x417b1c,0x8ad3301d5240
0x417b11,0xee30bb988b80
0x41a184,0xea206388b80
0x418236,0xee30bb991340
0x418236,0xee30bb991380
0x4189ef,0xe8035e4808c0
0x4189ef,0xe8035e480980
0x4189d7,0xea206387a00
0x418a43,0xe8035e481c40
0x418b48,0xee30bb98bc80
0x41916b,0xee30bb995100
0x41916b,0xee30bb995240
0x417b1c,0x8ad33020cd80
0x417b11,0xee30bb9931c0
0x417b1c,0xea2062c3100
0x417b11,0xee30bb994700
0x417b11,0xee30bb98e800
0x418283,0xee30bb9925c0
0x4189d7,0xea206387c40
0x4189c9,0xea20638bc80
0x4189d7,0xea206387cc0
0x4189ef,0xe8035e480d40
0x418a17,0xee30bb98cd80
0x418a00,0xea20638cd80
0x418a6b,0xee30bb98dfc0
0x418a54,0xea20638dfc0
0x417996,0xea2063a10c0
0x417996,0xea2063a1180
0x417b11,0xee30bb996400
0x417a75,0xee30bb993568
0x417b1c,0xea20632dfc0
0x41a184,0xea2063a0180
0x41a21f,0xea2063a23c0
0x4181c4,0xee30bb990980
0x4189c3,0xee30bb999100
0x4189c9,0xea2063a3100
0x418a54,0xea2063a5100
0x418a54,0xea2063a5300
0x417b11,0xee30bb996740
0x417b11,0xee30bb993d00
0x417b1c,0xea2062f9100
0x417b11,0xee30bb994f80
0x41a242,0xea2063a2740
0x418236,0xee30bb991c40
0x418236,0xee30bb991e00
0x418283,0xee30bb992e80
0x418283,0xee30bb992ec0
0x4181c4,0xee30bb990f80
0x418a17,0xee30bb99a4c0
0x418a33,0xea20639e500
0x418a54,0xea2063a5700
0x4189ef,0xe8035e48e800
0x418a00,0xea2063a47c0
0x417b4a,0xee30bb996c00
0x417b1c,0x8ad33020e800
0x417b11,0xee30bb99c500
0x419b68,0xee30bb998980
0x41a184,0xea2063a08c0
0x41a184,0xea2063a0980
0x418236,0xee30bb9a10c0
0x4181c4,0xee30bb9a0180
0x418236,0xee30bb9a1180
0x418283,0xee30bb9a23c0
0x418a9a,0xe8035e490980
0x418a54,0xea2063a5a80
0x418b99,0xea20639ebc0
0x41916b,0xee30bb9a3100
0x417996,0xea2063a1c40
0x417b1c,0xea2062c5100
0x417b11,0xee30bb99e500
0x419b68,0xee30bb998fc0
0x41a1c3,0xea2063a0d40
0x418283,0xee30bb9a2740
0x4189d7,0xea20639dc40
0x418a6b,0xee30bb99bd80
0x418a33,0xea20639ed40
0x418a6b,0xee30bb99bf40
0x4189c3,0xee30bb999f80
0x418a9a,0xe8035e490f80
0x417a87,0xea2062c5300
0x41a184,0xea2063c10c0
0x41a184,0xea2063c1180
0x41a21f,0xea2063c0180
0x4181c4,0xee30bb9a08c0
0x4181c4,0xee30bb9a0980
0x4189c3,0xee30bb9a5100
0x418a6b,0xee30bb9a7200
0x418a6b,0xee30bb9a7280
0x4189c3,0xee30bb9a5300
0x418a17,0xee30bb9a6380
0x417b11,0xee30bb9a47c0
0x417b1c,0xea2062c5700
0x417b11,0xee30bb99dc40
0x417b11,0xee30bb99ebc0
0x417b11,0xee30bb99ed40
0x417b1c,0xea2062f9f80
0x417b1c,0xea206331340
0x417b1c,0xea206331380
0x418236,0xee30bb9a1c40
0x4181c4,0xee30bb9a0d40
0x4189ef,0xe8035e49a4c0
0x418a9a,0xe8035e49c500
0x4189d7,0xea2063ba4c0
0x418a00,0xea2063bc500
0x418a54,0xea2063be500
0x418a17,0xee30bb9a6580
0x4189c3,0xee30bb9a5700
0x417b1c,0x8ad3301d9100
0x417b11,0xee30bb9a8b80
0x417a87,0xea2062c5a80
0x417b11,0xee30bb9ac1c0
0x419b68,0xee30bb9a98c0
0x41a21f,0xea2063c08c0
0x41a21f,0xea2063c0980
0x418a6b,0xee30bb9a7a00
0x4189c3,0xee30bb9a5a80
0x417b1c,0x8ad330210980
0x417b11,0xee30bb9ab380
0x417b11,0xee30bb9ac640
0x417b1c,0xea206331c40
0x41a1c3,0xea2063c1c40
0x41a242,0xea2063c0d40
0x418144,0xee30bb9ad780
0x418a54,0xea2063bebe0
0x418a6b,0xee30bb9a7c40
0x4189c9,0xea2063bdc40
0x418a6b,0xee30bb9a7cc0
0x418a54,0xea2063bed40
0x418a43,0xe8035e49bd80
0x418a89,0xea2063bbd80
0x418a43,0xe8035e49bf40
0x418a89,0xea2063bbf40
0x41916b,0xee30bb9b1340
0x41916b,0xee30bb9b1380
0x417b11,0xee30bb9b31c0
0x417b11,0xee30bb9b25c0
0x417b1c,0x8ad330210f80
0x417b11,0xee30bb9ab540
0x417a87,0xea2062c7200
0x417b1c,0xea2062c7280
0x417b1c,0xea206331e00
0x418236,0xee30bb9ae800
0x4181c4,0xee30bb9b0980
0x4189c3,0xee30bb9b5100
0x4189c9,0xea2063d9100
0x4189d7,0xea2063d5100
0x418a9a,0xe8035e4ac1c0
0x4189c3,0xee30bb9b5240
0x4189d7,0xea2063d5240
0x4189ef,0xe8035e4ab380
0x418a33,0xea2063d1340
0x417996,0xea2063d6400
0x417996,0xea2063d6740
0x417b11,0xee30bb9b3540
0x417b11,0xee30bb9abc80
0x417b1c,0xea2062fbd80
0x417b11,0xee30bb9acd80
0x417b1c,0xea2063331c0
0x419b68,0xee30bb9b4700
0x418717,0xea2063d1398
0x418724,0xee30bb9b6418
0x418a00,0xea2063da4c0
0x4189ef,0xe8035e4ab540
0x418a9a,0xe8035e4ac640
0x418a17,0xee30bb9b6740
0x418a89,0xea2063d4700
0x41916b,0xee30bb9b1c40
0x41916b,0xee30bb9b1e00
0x417b1c,0x8ad3301d9f80
0x417b1c,0x8ad3302125c0
0x417b1c,0xea2062c7a00
0x417b1c,0xea2062c7c40
0x417b1c,0xea2062c7cc0
0x417a87,0xea2062fbf40
0x417b1c,0xea206333540
0x41a21f,0xea2063d8980
0x417df6,0xee30bb9b0fa8
0x418144,0xee30bb9adfc0
0x417996,0xea2063d6c00
0x417b11,0xee30bb9b3d00
0x417b11,0xee30bb9b2e80
0x417b11,0xee30bb9b2ec0
0x417b11,0xee30bb9c0180
0x417b11,0xee30bb9b9100
0x417b11,0xee30bb9ba4c0
0x418236,0xee30bb9bc500
0x418283,0xee30bb9be500
0x418a17,0xee30bb9b6c00
0x4189ef,0xe8035e4abc80
0x418a33,0xea2063d1c40
0x418a9a,0xe8035e4acd80
0x418a54,0xea2063dbd80
0x418a33,0xea2063d1e00
0x418a54,0xea2063dbf40
0x417996,0xea2063f1340
0x417b11,0x5829a6eb9100
0x417b1c,0x8ad330212e80
0x417b1c,0x8ad330212ec0
0x417a75,0xee30bb9b89a8
0x417b1c,0xea206333d00
0x419b60,0xee30bb9b4fa8
0x41a21f,0xea2063d8fc0
0x4186db,0xea2063d9f88
0x418a89,0xea2063d4f80
0x418a43,0xe8035e4b9100
0x418a54,0xea2063f5100
0x4189c9,0xea2063f31c0
0x418a54,0xea2063f5240
0x417907,0xea2063f1398
0x417b11,0xee30bb9c08c0
0x417b11,0xee30bb9c0980
0x417b1c,0xea2062fdc40
0x417b1c,0xea206335100
0x417b1c,0xea206335240
0x417b11,0xee30bb9b8fc0
0x419b68,0x5829a6eba4c0
0x41a242,0xea2063f25c0
0x418283,0xee30bb9bebc0
0x4181c4,0xee30bb9bdc40
0x418283,0xee30bb9bed40
0x418144,0xee30bb9bbd80
0x418a33,0xea2063eb380
0x418a9a,0xe8035e4ba4c0
0x418a17,0x5829a6ebc500
0x4189c9,0xea2063f3540
0x418a33,0xea2063eb540
0x418a00,0xea2063f4700
0x417b1c,0x8ad3301dbd80
0x417b1c,0x8ad3301dbf40
0x417b11,0xee30bb9c0d40
0x417b1c,0xea2062c98c0
0x417b11,0xee30bb9b9f80
0x417b11,0x5829a6ec0180
0x417b1c,0xea206300180
0x417b11,0x5829a6ebe500
0x41a184,0xea2063f0980
0x417dae,0xee30bb9bbf68
0x418144,0x5829a6ec10c0
0x418236,0x5829a6ec3100
0x418144,0x5829a6ec1180
0x418a89,0xea2063ee800
0x4189ef,0xe8035e4b8980
0x41916b,0x5829a6ec5100
0x417996,0xea2063f1c40
0x417996,0xea2063f1e00
0x417b1c,0x8ad330214700
0x41a242,0xea2063f2e80
0x41a242,0xea2063f2ec0
0x4181c4,0x5829a6ec23c0
0x418a6b,0x5829a6ebdc40
0x418a33,0xea2063ebc80
0x4189c9,0xea2063f3d00
0x4189c3,0x5829a6ebbd80
0x4189c3,0x5829a6ebbf40
0x41916b,0x5829a6ec5300
0x417b11,0x5829a6eb9f80
0x417b11,0x5829a6ec7200
0x417b11,0x5829a6ec7280
0x417b11,0x5829a6ec6380
0x417b11,0x5829a6ec6580
0x417b1c,0xea2062cb380
0x417b11,0x5829a6ec08c0
0x417b11,0x5829a6ec0980
0x417b1c,0xea2063008c0
0x417b11,0x5829a6ebebc0
0x41a184,0xea2063f0f80
0x41a248,0xea20640c1c0
0x417df6,0x5829a6ec2748
0x418283,0x5829a6ec47c0
0x41870d,0xe8035e4b9f88
0x418a00,0xea2063f4f80
0x4189ef,0xe8035e4b8fc0
0x418a33,0xea206405100
0x418a43,0xe8035e4c7200
0x418a43,0xe8035e4c7280
0x41916b,0x5829a6ec5700
0x417996,0xea20640b380
0x417996,0xea20640b540
0x417b1c,0x8ad330214f80
0x417b1c,0xea2062cb540
0x417a87,0xea206300980
0x417b11,0x5829a6ec0d40
0x417a75,0x5829a6ebed58
0x41a242,0xea20640c640
0x418144,0x5829a6ec1c40
0x4189ef,0xe8035e4c6380
0x418717,0xea206405318
0x418a6b,0x5829a6ecb3a0
0x418a6b,0x5829a6ecb540
0x4189ef,0xe8035e4c6580
0x41916b,0x5829a6ec5a80
0x417b1c,0x8ad3301ddc40
0x417b11,0x5829a6ec7a00
0x417b1c,0x8ad330216400
0x417a87,0xea206300d40
0x417b11,0x5829a6ecc1c0
0x418717,0xea206405708
0x4189c9,0xea20640d780
0x418a00,0xea20640e800
0x4189c3,0x5829a6ec98c0
0x4189d7,0xea2064098c0
0x418a43,0xe8035e4c7a00
0x418a33,0xea206405a80
0x417996,0xea20640bc80
0x417b11,0x5829a6ec7c40
0x417b11,0x5829a6ec7cc0
0x417b1c,0x8ad330216740
0x417b1c,0xea2062cbc80
0x417b1c,0xea2063023c0
0x417b11,0x5829a6ecc640
0x419b68,0x5829a6ec8b80
0x41a242,0xea20640cd80
0x418283,0x5829a6ed1340
0x418283,0x5829a6ed1380
0x4181c4,0x5829a6ed25c0
0x418a9a,0xe8035e4c8b80
0x418a89,0xea206408b80
0x418a43,0xe8035e4c7c40
0x418a6b,0x5829a6ecbc80
0x418a43,0xe8035e4c7cc0
0x41916b,0x5829a6ed31c0
0x41916b,0x5829a6ed3540
0x417996,0xea206425100
0x417b11,0x5829a6ed5100
0x417b11,0x5829a6ed5240
0x417b1c,0x8ad330216c00
0x417b11,0x5829a6ecd780
0x417b11,0x5829a6ece800
0x417b1c,0xea206302740
0x418236,0x5829a6ed0980
0x4189c9,0xea20640dfc0
0x418a6b,0x5829a6ed9100
0x418a43,0xe8035e4d5100
0x4189d7,0xea206423100
0x4189c9,0xea206427200
0x418a43,0xe8035e4d5240
0x4189c9,0xea206427280
0x417907,0xea206425318
0x417b11,0x5829a6ed4700
0x417b11,0x5829a6eccd80
0x417b1c,0xea206339100
0x419b68,0x5829a6ed6400
0x41a242,0xea206426380
0x41a242,0xea206426580
0x418283,0x5829a6ed1c40
0x418283,0x5829a6ed1e00
0x4181c4,0x5829a6ed2e80
0x418a9a,0xe8035e4d6400
0x418a89,0xea2064223c0
0x41916b,0x5829a6ed3d00
0x417907,0xea206425708
0x417996,0xea206425a80
0x417b1c,0xea2062cd780
0x417b4a,0x5829a6ecdfc0
0x417b4a,0x5829a6eda4c0
0x419b68,0x5829a6ed6740
0x41a184,0xea2064247c0
0x417df6,0x5829a6ed2ee8
0x418236,0x5829a6ed0f80
0x4186c1,0xe8035e4d4728
0x418a9a,0xe8035e4d6740
0x418a89,0xea206422740
0x418a54,0xea2064298c0
0x418a17,0x5829a6ed8980
0x4189c9,0xea206427a00
0x417b1c,0x8ad3301e10c0
0x417b1c,0x8ad3301e1180
0x417b11,0x5829a6ed4f80
0x417b11,0x5829a6ee10c0
0x419b68,0x5829a6ed6c00
0x418144,0x5829a6edc500
0x418283,0x5829a6ede500
0x418a00,0xea206428b80
0x418a9a,0xe8035e4d6c00
0x4189c9,0xea206427c40
0x4189c9,0xea206427cc0
0x41916b,0x5829a6ee0180
0x417b11,0x5829a6ee3100
0x417b11,0x5829a6ee1190
0x417b1c,0x8ad330218980
0x417a75,0x5829a6ee23e8
0x417b1c,0xea2062cdfc0
0x417b11,0x5829a6ee2740
0x41a21f,0xea206440180
0x418a6b,0x5829a6ed9f80
0x4189ef,0xe8035e4d4f80
0x418a17,0x5829a6ed8fc0
0x4189c3,0x5829a6ee5100
0x4189c9,0xea2064410c0
0x418a43,0xe8035e4e3100
0x418a54,0xea206443100
0x418a33,0xea206439100
0x4189c9,0xea206441180
0x418a6b,0x5829a6ee7200
0x418a6b,0x5829a6ee7280
0x41916b,0x5829a6ee08c0
0x417b1c,0xea2063047c0
0x417b11,0x5829a6edbd80
0x417b1c,0xea206339f80
0x41a1c3,0xea20643e500
0x418283,0x5829a6edebc0
0x418236,0x5829a6eddc40
0x418283,0x5829a6eded40
0x4186e9,0x5829a6ee5318
0x418a17,0x5829a6ee6380
0x4189ef,0xe8035e4e23c0
0x418a00,0xea2064423c0
0x418a17,0x5829a6ee6580
0x418a89,0xea20643c500
0x41916b,0x5829a6ee0980
0x417b1c,0x8ad3301e1c40
0x417a87,0x8ad330218fc0
0x417b11,0x5829a6ee1c40
0x417b11,0x5829a6edbf40
0x419b68,0x5829a6ee47c0
0x41a21f,0xea2064408c0
0x41a21f,0xea206440980
0x418283,0x5829a6eec1c0
0x4186e9,0x5829a6ee5708
0x4189ef,0xe8035e4e2740
0x418a00,0xea206442740
0x418a9a,0xe8035e4e47c0
0x418a6b,0x5829a6ee7a00
0x4189c3,0x5829a6ee5a80
0x41916b,0x5829a6ee0d40
0x417b1c,0x8ad3301e3100
0x417b1c,0x8ad33021a4c0
0x41a1c3,0xea20643ebc0
0x41a242,0xea206440d40
0x41a1c3,0xea20643ed40
0x418236,0x5829a6eeb380
0x418236,0x5829a6eeb540
0x418283,0x5829a6eec640
0x418a6b,0x5829a6ee7c40
0x4189c9,0xea206441c40
0x418a6b,0x5829a6ee7cc0
0x4189d7,0xea20643dc40
0x417996,0xea206459100
0x417b1c,0xea206306380
0x417b11,0x5829a6ee98c0
0x417b1c,0xea206306580
0x417b11,0x5829a6ee8b80
0x4181c4,0x5829a6eed780
0x418a33,0xea206439f80
0x418a6b,0x5829a6ef5100
0x4189c3,0x5829a6ef31c0
0x418a33,0xea2064531c0
0x418a6b,0x5829a6ef5240
0x41916b,0x5829a6eee800
0x417b11,0x5829a6ef1340
0x417b11,0x5829a6ef1380
0x417b11,0x5829a6ef0980
0x417b1c,0xea2062d1340
0x417b1c,0xea2062d1380
0x417b1c,0xea20633bd80
0x417b1c,0xea20633bf40
0x419b68,0x5829a6ef25c0
0x41a242,0xea20645a4c0
0x418236,0x5829a6eebc80
0x418283,0x5829a6eecd80
0x418a43,0xe8035e4f1340
0x418a43,0xe8035e4f1380
0x418a89,0xea206456400
0x4189c3,0x5829a6ef3540
0x418a00,0xea20645c500
0x418a33,0xea206453540
0x418a9a,0xe8035e4f25c0
0x417b11,0x5829a6ef6400
0x41a184,0xea206458980
0x4181c4,0x5829a6eedfc0
0x418236,0x5829a6ef9100
0x418a17,0x5829a6ef4700
0x418a89,0xea206456740
0x4189ef,0xe8035e4f0980
0x417b11,0x5829a6ef1c40
0x417b11,0x5829a6ef1e00
0x417b1c,0x8ad33021c500
0x417b11,0x5829a6ef0f80
0x417b11,0x5829a6ef6740
0x4181c4,0x5829a6efa4c0
0x418a43,0xe8035e4f1c40
0x418a89,0xea206456c00
0x418a54,0xea20645dc40
0x4189c3,0x5829a6ef3d00
0x418a33,0xea206453d00
0x4189c9,0xea20645bd80
0x418a43,0xe8035e4f1e00
0x417996,0xea206459f80
0x417996,0xea2064731c0
0x417b1c,0x8ad3301e5100
0x417b1c,0x8ad3301e5300
0x417b1c,0xea2062d1c40
0x417b11,0x5829a6efe500
0x417b1c,0xea2062d1e00
0x417b11,0x5829a6ef6c00
0x419b68,0x5829a6ef2e80
0x419b68,0x5829a6ef2ec0
0x419b68,0x5829a6f00180
0x41a184,0xea206458fc0
0x418144,0x5829a6ef8980
0x418748,0xe8035e4f2e88
0x418a9a,0xe8035e4f2ec0
0x4189c9,0xea20645bf40
0x418a17,0x5829a6ef4f80
0x4189ef,0xe8035e4f0f80
0x4189c3,0x5829a6f010c0
0x418a6b,0x5829a6f03100
0x4189c9,0xea206475100
0x4189c3,0x5829a6f01180
0x418a9a,0xe8035e500180
0x41916b,0x5829a6efc500
0x417996,0xea206473540
0x417b1c,0x8ad3301e5700
0x417b1c,0xea2062d31c0
0x417b1c,0xea20633dc40
0x41a1c3,0xea2064725c0
0x418283,0x5829a6efbd80
0x4189c9,0xea206475240
0x418a17,0x5829a6f023c0
0x4189d7,0xea206471340
0x4189d7,0xea206471380
0x418a00,0xea206476400
0x4189ef,0xe8035e4fe500
0x417b1c,0x8ad3301e5a80
0x417b11,0x5829a6efdc40
0x417b11,0x5829a6efebc0
0x417b11,0x5829a6efed40
0x417b1c,0xea2062d3540
0x417b1c,0xea206308b80
0x417b11,0x5829a6f05100
0x417b1c,0xea206340180
0x419b68,0x5829a6f008c0
0x419b68,0x5829a6f00980
0x41a21f,0xea206474700
0x418283,0x5829a6efbf40
0x418236,0x5829a6ef9f80
0x418144,0x5829a6ef8fc0
0x418a17,0x5829a6f02740
0x418a00,0xea206476740
0x418a33,0xea20646d780
0x418a9a,0xe8035e5008c0
0x418a9a,0xe8035e500980
0x418a89,0xea206470980
0x417996,0xea206473d00
0x417b1c,0x8ad33021e500
0x417b11,0x5829a6f0c1c0
0x417b11,0x5829a6f05300
0x417b11,0x5829a6f047c0
0x419b68,0x5829a6f00d40
0x417df6,0x5829a6f07218
0x4181c4,0x5829a6f07280
0x418144,0x5829a6f06380
0x418144,0x5829a6f06580
0x4189ef,0xe8035e4febc0
0x4189c3,0x5829a6f01c40
0x418a00,0xea206476c00
0x4189d7,0xea206471c40
0x4189ef,0xe8035e4fed40
0x418a9a,0xe8035e500d40
0x417b1c,0x8ad3301e7200
0x417b1c,0x8ad3301e7280
0x417b11,0x5829a6f0b380
0x417b1c,0xea2062d3d00
0x417b11,0x5829a6f0c640
0x417b11,0x5829a6f05700
0x417b1c,0xea2063408c0
0x417b1c,0xea206340980
0x41a184,0xea206472e80
0x41a184,0xea206472ec0
0x41a21f,0xea206474f80
0x41a184,0xea20648c1c0
0x418283,0x5829a6f098c0
0x4189d7,0xea206471e00
0x418a89,0xea206470f80
0x418a33,0xea20646dfc0
0x4189ef,0xe8035e50c1c0
0x417b11,0x5829a6f0b540
0x417b1c,0x8ad33021ebc0
0x417b1c,0xea2062d5100
0x417b1c,0xea2062d5240
0x417b11,0x5829a6f05a80
0x417b1c,0xea206340d40
0x4181c4,0x5829a6f07a00
0x418236,0x5829a6f08b80
0x4181c4,0x5829a6f07c40
0x4181c4,0x5829a6f07cc0
0x418a33,0xea206487200
0x418a33,0xea206487280
0x418a6b,0x5829a6f11340
0x418a6b,0x5829a6f11380
0x418a54,0xea206491340
0x418a54,0xea206491380
0x4189d7,0xea20648b380
0x4189d7,0xea20648b540
0x417996,0xea20648d780
0x417b11,0x5829a6f0d780
0x417b1c,0x8ad3301e7a00
0x417b1c,0x8ad33021ed40
0x417b11,0x5829a6f0cd80
0x417b11,0x5829a6f131c0
0x419b68,0x5829a6f0e800
0x41a184,0xea20648c640
0x41a21f,0xea20648e800
0x418236,0x5829a6f15100
0x4189ef,0xe8035e50c640
0x418a43,0xe8035e50d780
0x418a9a,0xe8035e50e800
0x418a17,0x5829a6f10980
0x418a00,0xea206490980
0x417b1c,0x8ad3301e7c40
0x417b1c,0x8ad3301e7cc0
0x417b11,0x5829a6f0bc80
0x417b1c,0x8ad330220180
0x417b11,0x5829a6f13540
0x417b1c,0xea2063423c0
0x41a1c3,0xea20648cd80
0x418236,0x5829a6f15240
0x418283,0x5829a6f16400
0x418a33,0xea206487a00
0x418a6b,0x5829a6f11c40
0x418a54,0xea206491c40
0x418a33,0xea206487c40
0x4189d7,0xea20648bc80
0x418a33,0xea206487cc0
0x4189ef,0xe8035e50cd80
0x417996,0xea20648dfc0
0x417b11,0x5829a6f0dfc0
0x417b11,0x5829a6f19100
0x417b11,0x5829a6f1a4c0
0x417b11,0x5829a6f125c0
0x417b1c,0xea20630c1c0
0x417b1c,0xea206342740
0x418144,0x5829a6f14700
0x418283,0x5829a6f16740
0x418a6b,0x5829a6f11e30
0x418a54,0xea206491e00
0x418a17,0x5829a6f10f80
0x418a43,0xe8035e50dfc0
0x418a00,0xea206490f80
0x418a89,0xea2064a5100
0x417996,0xea2064a7200
0x417996,0xea2064a7280
0x417b1c,0x8ad3302208c0
0x417b1c,0x8ad330220980
0x417b1c,0xea20630c640
0x417b11,0x5829a6f13d00
0x419b68,0x5829a6f1c500
0x41a1c3,0xea2064a6380
0x41a1c3,0xea2064a6580
0x418283,0x5829a6f16c00
0x418717,0xea2064a0198
0x418a89,0xea2064a5300
0x418a54,0xea2064ab380
0x4189ef,0xe8035e51a4c0
0x418a17,0x5829a6f1e500
0x418a9a,0xe8035e51c500
0x418a54,0xea2064ab540
0x41916b,0x5829a6f18980
0x417b1c,0x8ad3301e98c0
0x417b1c,0x8ad330220d40
0x417b11,0x5829a6f12e80
0x417b11,0x5829a6f12ec0
0x417b11,0x5829a6f210c0
0x417b11,0x5829a6f21180
0x418144,0x5829a6f14f80
0x418236,0x5829a6f23100
0x4181c4,0x5829a6f25100
0x418a89,0xea2064a5700
0x4189d7,0xea2064a47c0
0x4189c9,0xea2064a98c0
0x418a33,0xea2064a08c0
0x41916b,0x5829a6f18fc0
0x417996,0xea2064a7a00
0x417996,0xea2064a7c40
0x417996,0xea2064a7cc0
0x417b11,0x5829a6f19f80
0x417b11,0x5829a6f20180
0x417b1c,0xea20630cd80
0x41a242,0xea2064a8b80
0x4181c4,0x5829a6f25300
0x418144,0x5829a6f223c0
0x418a33,0xea2064a0980
0x418a89,0xea2064a5a80
0x418a17,0x5829a6f1ebc0
0x4189c3,0x5829a6f1dc40
0x418a54,0xea2064abc80
0x418a17,0x5829a6f1ed40
0x418a43,0xe8035e51bd80
0x41916b,0x5829a6f27200
0x41916b,0x5829a6f27280
0x417a75,0x5829a6f1bda8
0x417b11,0x5829a6f1bf40
0x417b1c,0x8ad3302223c0
0x417b11,0x5829a6f26380
0x417b11,0x5829a6f26580
0x417b11,0x5829a6f208c0
0x417b1c,0xea2063447c0
0x41a21f,0x6c6f1e4c10c0
0x4181c4,0x5829a6f25700
0x418144,0x5829a6f22740
0x418283,0x5829a6f247c0
0x418717,0xea2064a0d68
0x418a43,0xe8035e51bf40
0x418a00,0x6c6f1e4c3100
0x417907,0x6c6f1e4c0198
0x417b1c,0x8ad3301eb380
0x417b1c,0x8ad330222740
0x417b11,0x5829a6f20980
0x417b11,0x5829a6f21c40
0x419e43,0x6c6f1e4c11a0
0x4181c4,0x5829a6f25a80
0x418a17,0x5829a6f2c1e0
0x4189c3,0x5829a6f2b380
0x4189d7,0xa1abd7fd1340
0x4189d7,0xa1abd7fd1380
0x4189c9,0x6c6f1e4c23c0
0x4189c3,0x5829a6f2b540
0x418a33,0xea2064ba4c0
0x418a89,0xea2064be500
0x41916b,0x5829a6f27a00
0x417996,0x6c6f1e4c08c0
0x417b1c,0x8ad3301eb540
0x417b11,0x5829a6f298c0
0x417b1c,0xea2062d9100
0x417b11,0x5829a6f20d40
0x417b1c,0xea20630e800
0x41a184,0xa1abd7fd25c0
0x418a17,0x5829a6f2c640
0x418a6b,0x5829a6f2d780
0x4189c9,0x6c6f1e4c2740
0x418a54,0x6c6f1e4c47c0
0x418a43,0xe8035e5298c0
0x41916b,0x5829a6f27c40
0x41916b,0x5829a6f27cc0
0x417996,0x6c6f1e4c0980
0x417b11,0x5829a6f28b80
0x41a242,0x6c6f1e4c1c40
0x41aa2d,0x6c6f1e4c0d40
0x4181c4,0x5829a6f331c0
0x418236,0x5829a6f31340
0x418236,0x5829a6f31380
0x4189ef,0xe8035e528b80
0x418a89,0xea2064bebc0
0x4189c3,0x5829a6f2bc80
0x4189d7,0xa1abd7fd1c40
0x41916b,0x5829a6f35100
0x41916b,0x5829a6f35240
0x417a87,0x8ad3301ebc80
0x417b11,0x5829a6f2e800
0x417a87,0xea206346380
0x417b1c,0xea206346580
0x41a184,0xa1abd7fd2e80
0x41a184,0xa1abd7fd2ec0
0x41a184,0x6c6f1e4d9100
0x417df6,0x5829a6f33548
0x418283,0x5829a6f325c0
0x418a17,0x5829a6f2cdb0
0x418a89,0xea2064bed40
0x4189d7,0xa1abd7fd1e00
0x418a6b,0x5829a6f2dfc0
0x4189c3,0x5829a6f39100
0x417996,0x6c6f1e4da4c0
0x417b11,0x5829a6f36400
0x417b1c,0x8ad3302247c0
0x417b11,0x5829a6f34700
0x418144,0x5829a6f30980
0x418236,0x5829a6f31c40
0x418a33,0x6c6f1e4d31c0
0x4189ef,0xe8035e536400
0x418a17,0x5829a6f3a4c0
0x417b11,0x5829a6f36740
0x417a87,0xea2062d9f80
0x417df6,0x5829a6f33d28
0x418236,0x5829a6f31e00
0x418283,0x5829a6f32e80
0x418283,0x5829a6f32ec0
0x418144,0x5829a6f30f80
0x418283,0x5829a6f410c0
0x4189c9,0x6c6f1e4dc530
0x418a54,0x6c6f1e4de530
0x418a33,0x6c6f1e4d3540
0x4189ef,0xe8035e536740
0x417b1c,0x8ad3301ee800
0x417b11,0x5829a6f36c00
0x417b11,0x5829a6f34f80
0x417b1c,0xea206310980
0x419b68,0x5829a6f38980
0x418236,0x5829a6f40180
0x418283,0x5829a6f41180
0x418a9a,0xe8035e538980
0x4189d7,0x6c6f1e4d8980
0x418a54,0x6c6f1e4debc0
0x4189ef,0xe8035e536c00
0x418a00,0x6c6f1e4ddc40
0x41916b,0x5829a6f43100
0x417b11,0x5829a6f45100
0x417b1c,0x8ad330226380
0x417b11,0x5829a6f45300
0x417b11,0x5829a6f423c0
0x417b11,0x5829a6f3c520
0x417b1c,0xea206310f80
0x419b68,0x5829a6f38fc0
0x41a21f,0x6c6f1e4dbd80
0x41a21f,0x6c6f1e4dbf40
0x41a184,0x6c6f1e4d9f80
0x417dae,0x5829a6f3e508
0x4183e4,0x5829a6f408c0
0x418a33,0x6c6f1e4d3d00
0x418a6b,0x5829a6f3bd80
0x418a54,0x6c6f1e4ded40
0x418a6b,0x5829a6f3bf40
0x4189c3,0x5829a6f39f80
0x418a9a,0xe8035e538fc0
0x4189d7,0x6c6f1e4d8fc0
0x418bb6,0xe8035e545100
0x417b1c,0x8ad330226580
0x417b11,0x5829a6f45700
0x417b11,0x5829a6f42740
0x417b1c,0xea2062dbd80
0x417b11,0x5829a6f3dc40
0x419b68,0x5829a6f46380
0x419e43,0x6c6f1e4f5120
0x41a1c3,0x6c6f1e4f31c0
0x41a242,0x6c6f1e4f5240
0x418236,0x5829a6f40980
0x418144,0x5829a6f3ebc0
0x418283,0x5829a6f41c40
0x4189c3,0x5829a6f47200
0x4189c3,0x5829a6f47280
0x418a43,0xe8035e545300
0x418a9a,0xe8035e546380
0x418a89,0x6c6f1e4f1340
0x418a89,0x6c6f1e4f1380
0x4189c9,0x6c6f1e4f6400
0x417996,0x6c6f1e4f4700
0x417b11,0x5829a6f447c0
0x417b11,0x5829a6f45a80
0x417b1c,0xea2062dbf40
0x417b1c,0xea2063125c0
0x417b1c,0xea206348b80
0x419b68,0x5829a6f46580
0x41a184,0x6c6f1e4f3540
0x418144,0x5829a6f3ed40
0x418236,0x5829a6f40d40
0x418a9a,0xe8035e546580
0x4189d7,0x6c6f1e4f25c0
0x418a43,0xe8035e545700
0x4189c9,0x6c6f1e4f6740
0x4189ef,0xe8035e5447c0
0x418a33,0x6c6f1e4ed780
0x418a6b,0x5829a6f498c0
0x417b1c,0x8ad3301f0980
0x417b11,0x5829a6f4b380
0x417b11,0x5829a6f4b540
0x418144,0x5829a6f4c1c0
0x418a54,0x6c6f1e4f8980
0x4189c3,0x5829a6f47a00
0x418a43,0xe8035e545a80
0x418a17,0x5829a6f48b80
0x4189c3,0x5829a6f47c40
0x4189c9,0x6c6f1e4f6c00
0x4189c3,0x5829a6f47cc0
0x418a89,0x6c6f1e4f1c40
0x417996,0x6c6f1e4f4f80
0x417b11,0x5829a6f531c0
0x417b1c,0xea206312e80
0x417b1c,0xea206312ec0
0x41a184,0x6c6f1e4f3d00
0x418144,0x5829a6f4c640
0x418236,0x5829a6f4d780
0x418283,0x5829a6f4e800
0x418a89,0x6c6f1e4f1e00
0x4189d7,0x6c6f1e4f2e80
0x4189d7,0x6c6f1e4f2ec0
0x418a54,0x6c6f1e4f8fc0
0x418a33,0x6c6f1e4edfc0
0x419144,0x5829a6f51358
0x41916b,0x5829a6f51380
0x417b1c,0x8ad3301f0f80
0x417b11,0x5829a6f53540
0x417b1c,0xea2062ddc40
0x417b11,0x5829a6f50980
0x417b11,0x5829a6f4bc80
0x4186e9,0x5829a6f55118
0x418a43,0xe8035e5531c0
0x4189c3,0x5829a6f55240
0x4189d7,0x6c6f1e50c1c0
0x418a33,0x6c6f1e507200
0x418a33,0x6c6f1e507280
0x418a00,0x6c6f1e511340
0x418a00,0x6c6f1e511380
0x418a89,0x6c6f1e50b380
0x418a17,0x5829a6f56400
0x417996,0x6c6f1e50e800
0x417b11,0x5829a6f525c0
0x417b11,0x5829a6f59100
0x419b68,0x5829a6f54700
0x41a184,0x6c6f1e50d780
0x418144,0x5829a6f4cd80
0x418236,0x5829a6f4dfc0
0x418a43,0xe8035e553540
0x418a89,0x6c6f1e50b540
0x4189ef,0xe8035e5525c0
0x418a54,0x6c6f1e5125c0
0x4189d7,0x6c6f1e50c640
0x418a9a,0xe8035e554700
0x418a17,0x5829a6f56740
0x41916b,0x5829a6f51c40
0x41916b,0x5829a6f51e00
0x417a87,0x8ad3301f25c0
0x417a87,0x8ad330228b80
0x417b11,0x5829a6f53d00
0x417b11,0x5829a6f50f80
0x417a87,0xea206314700
0x4189c9,0x6c6f1e510980
0x418a33,0x6c6f1e507a00
0x418a17,0x5829a6f56c00
0x418a00,0x6c6f1e511c40
0x417b11,0x5829a6f52e80
0x417b11,0x5829a6f52ec0
0x417b11,0x5829a6f610c0
0x417b11,0x5829a6f61180
0x417b11,0x5829a6f5e500
0x417b1c,0xea20634c1c0
0x419b68,0x5829a6f54f80
0x41a184,0x6c6f1e50dfc0
0x418144,0x5829a6f5a4c0
0x418283,0x5829a6f5c500
0x418717,0x6c6f1e507c68
0x418a89,0x6c6f1e50bc80
0x418a43,0xe8035e553d00
0x418a33,0x6c6f1e507cc0
0x4189d7,0x6c6f1e50cd80
0x418a00,0x6c6f1e511e00
0x4189ef,0xe8035e552e80
0x418a54,0x6c6f1e512e80
0x4189ef,0xe8035e552ec0
0x418a54,0x6c6f1e512ec0
0x418a9a,0xe8035e554f80
0x4189c9,0x6c6f1e510f80
0x417b11,0x5829a6f60180
0x417b1c,0x8ad3301f2e80
0x417b1c,0x8ad3301f2ec0
0x417b11,0x5829a6f58980
0x417b1c,0xea206314f80
0x417b1c,0xea20634c640
0x419b68,0x5829a6f623c0
0x41a1c3,0x6c6f1e527200
0x41a1c3,0x6c6f1e527280
0x4189c3,0x5829a6f63100
0x418a6b,0x5829a6f65100
0x418a33,0x6c6f1e5210c0
0x418a89,0x6c6f1e525100
0x418a9a,0x6c53703331c0
0x418a33,0x6c6f1e521180
0x418a54,0x6c6f1e52c1c0
0x418a6b,0x5829a6f65300
0x4189ef,0x6c5370331340
0x418a89,0x6c6f1e525300
0x4189ef,0x6c5370331380
0x418a00,0x6c6f1e52b380
0x4189d7,0x6c6f1e526380
0x417b11,0x5829a6f5ebc0
0x417b4a,0x5829a6f5ed40
0x417b1c,0xea206316400
0x417b4a,0x5829a6f58fc0
0x417b11,0x5829a6f59f80
0x419b68,0x5829a6f62740
0x417df6,0x5829a6f5dc68
0x418236,0x5829a6f5bd80
0x418236,0x5829a6f5bf40
0x418a9a,0x6c5370333540
0x418a00,0x6c6f1e52b540
0x418a43,0x6c53703325c0
0x4189d7,0x6c6f1e526580
0x418a54,0x6c6f1e52c640
0x418a6b,0x5829a6f65700
0x418a89,0x6c6f1e525700
0x418a17,0x5829a6f647c0
0x417996,0x6c6f1e528b80
0x417b11,0x5829a6f608c0
0x417b11,0x5829a6f60980
0x417b1c,0x8ad3301f4700
0x417b11,0x5829a6f61c40
0x417b1c,0xea2062e10c0
0x417b1c,0xea2062e1180
0x417b1c,0xea206316740
0x417b11,0x5829a6f6c1c0
0x417b11,0x5829a6f66380
0x417b1c,0xea20634cd80
0x417b11,0x5829a6f66580
0x41a242,0x6c6f1e5298c0
0x41a1c3,0x6c6f1e527a00
0x41a9e0,0x6c6f1e527c40
0x418144,0x5829a6f67200
0x418144,0x5829a6f67280
0x418a6b,0x5829a6f65a80
0x418a89,0x6c6f1e525a80
0x4189ef,0x6c5370331c40
0x417b11,0x5829a6f60d40
0x417b11,0x5829a6f6b380
0x417b11,0x5829a6f6c640
0x417b1c,0xea206316c00
0x41a184,0x6c6f1e527cc0
0x418a33,0x6c6f1e521c40
0x418a00,0x6c6f1e52bc80
0x418a9a,0x6c5370333d00
0x418a54,0x6c6f1e52cd80
0x4189ef,0x6c5370331e00
0x418a43,0x6c5370332e80
0x418a43,0x6c5370332ec0
0x417b1c,0x8ad3301f4f80
0x417a75,0x5829a6f6b558
0x418283,0x5829a6f698c0
0x418144,0x5829a6f67a00
0x418236,0x5829a6f68b80
0x418a9a,0x6c53703410c0
0x418a54,0x6c6f1e5410c0
0x4189d7,0x6c6f1e545100
0x418a6b,0x5829a6f731c0
0x418a43,0x6c5370340180
0x418a9a,0x6c5370341180
0x418a00,0x6c6f1e540180
0x418a54,0x6c6f1e541180
0x4189c3,0x5829a6f71340
0x4189c3,0x5829a6f71380
0x4189d7,0x6c6f1e545300
0x418a89,0x6c6f1e546380
0x418a33,0x6c6f1e5423c0
0x41916b,0x5829a6f6d780
0x417b4a,0x5829a6f6e800
0x417b1c,0x8ad33022d780
0x417b1c,0xea2062e1c40
0x417b11,0x5829a6f6bc80
0x417b11,0x5829a6f6cd80
0x417b1c,0xea20634e800
0x41a21f,0x6c6f1e53e500
0x41a184,0x6c6f1e53c500
0x418144,0x5829a6f67c40
0x418144,0x5829a6f67cc0
0x418a6b,0x5829a6f73540
0x418a17,0x5829a6f725c0
0x418a89,0x6c6f1e546580
0x4189d7,0x6c6f1e545700
0x418a33,0x6c6f1e542740
0x417b1c,0x8ad3301f6400
0x417b1c,0x8ad3301f6740
0x417b1c,0xea2062e3100
0x419b68,0x5829a6f70980
0x41a242,0x6c6f1e53ebc0
0x418283,0x5829a6f79100
0x418a43,0x6c53703408c0
0x418a00,0x6c6f1e5408c0
0x418a43,0x6c5370340980
0x418a00,0x6c6f1e540980
0x4189d7,0x6c6f1e545a80
0x41916b,0x5829a6f6dfc0
0x417996,0x6c6f1e53dc40
0x417a75,0x5829a6f75128
0x417b1c,0x8ad33022dfc0
0x417b11,0x5829a6f75240
0x417b11,0x5829a6f76400
0x417b1c,0xea206318980
0x417b11,0x5829a6f76740
0x417b11,0x5829a6f74700
0x419b68,0x5829a6f70f80
0x41a21f,0x6c6f1e53ed40
0x4181c4,0x5829a6f7a4c0
0x418748,0x6c5370341c48
0x4186e9,0x5829a6f71c68
0x418a54,0x6c6f1e541c40
0x418a6b,0x5829a6f73d00
0x418a43,0x6c5370340d40
0x418a00,0x6c6f1e540d40
0x4189c3,0x5829a6f71e00
0x418a17,0x5829a6f72e80
0x418a17,0x5829a6f72ec0
0x417b1c,0x8ad3301f6c00
0x417b11,0x5829a6f80180
0x417b11,0x5829a6f7c500
0x417b1c,0xea206318fc0
0x419b68,0x5829a6f810c0
0x419b68,0x5829a6f81180
0x418144,0x5829a6f78980
0x4189d7,0x6c6f1e559100
0x418a9a,0xa7d08ad00180
0x418a43,0x6c537034c1c0
0x418a54,0x6c6f1e560180
0x4189ef,0x6c537034b380
0x417996,0x6c6f1e55c500
0x417b11,0x5829a6f76c00
0x417b11,0x5829a6f74f80
0x417b1c,0xea206350980
0x41a184,0x6c6f1e55e500
0x418283,0x5829a6f79f80
0x418a33,0x6c6f1e556400
0x418a17,0x5829a6f7e500
0x418a89,0x6c6f1e55a4c0
0x4189ef,0x6c537034b540
0x418a43,0x6c537034c640
0x418a33,0x6c6f1e556740
0x41916b,0x5829a6f7bd80
0x417b11,0x5829a6f808c0
0x417b11,0x5829a6f80980
0x417b1c,0xea2062e5100
0x417b1c,0xea20631a4c0
0x417b11,0x5829a6f823c0
0x41a9e0,0x6c6f1e55ebc0
0x417dae,0x5829a6f78fd8
0x418144,0x5829a6f85100
0x418283,0x5829a6f87200
0x418283,0x5829a6f87280
0x418144,0x5829a6f85300
0x418236,0x5829a6f86380
0x418a9a,0xa7d08ad008c0
0x418a54,0x6c6f1e5608c0
0x418a9a,0xa7d08ad00980
0x418a54,0x6c6f1e560980
0x418a17,0x5829a6f7ebc0
0x41916b,0x5829a6f7bf40
0x417b11,0x5829a6f80d40
0x417b1c,0x8ad3301f8980
0x417b11,0x5829a6f83110
0x417b1c,0xea2062e5300
0x417b11,0x5829a6f82740
0x417b1c,0xea206350f80
0x419b68,0x5829a6f81c40
0x41a184,0x6c6f1e55ed40
0x418236,0x5829a6f86580
0x418144,0x5829a6f85700
0x4189c3,0x5829a6f7dc40
0x418a33,0x6c6f1e556c00
0x418a00,0x6c6f1e55dc40
0x4189ef,0x6c537034bc80
0x418a17,0x5829a6f7ed40
0x418a9a,0xa7d08ad00d40
0x418a43,0x6c537034cd80
0x418a54,0x6c6f1e560d40
0x4189c9,0x6c6f1e55bd80
0x4189c9,0x6c6f1e55bf40
0x417b11,0x5829a6f8b380
0x417b1c,0x8ad330231340
0x417b1c,0x8ad330231380
0x417b1c,0xea2062e5700
0x417b11,0x5829a6f847c0
0x419b68,0x5829a6f8c1c0
0x41a1c3,0x6c6f1e575100
0x41a1c3,0x6c6f1e575240
0x418283,0x5829a6f87a00
0x418144,0x5829a6f85a80
0x4186d6,0x6c6f1e559f98
0x418a00,0x6c6f1e579100
0x418a89,0x6c6f1e5731c0
0x41916b,0x5829a6f898c0
0x417996,0x6c6f1e576400
0x417996,0x6c6f1e576740
0x417b11,0x5829a6f8b540
0x417b1c,0x8ad3301f8fc0
0x417b1c,0xea2062e5a80
0x417b1c,0xea2063525c0
0x419b68,0x5829a6f8c640
0x417df6,0x5829a6f88ba8
0x418283,0x5829a6f87c40
0x418283,0x5829a6f87cc0
0x418a54,0x6c6f1e57a4c0
0x418a89,0x6c6f1e573540
0x418a17,0x5829a6f8d780
0x4189d7,0x6c6f1e574700
0x417b1c,0x8ad3301fa4c0
0x417b1c,0xea20631c500
0x418283,0x5829a6f95100
0x418144,0x5829a6f931c0
0x418283,0x5829a6f95240
0x4189c3,0x5829a6f8e800
0x418a43,0xa7d08ad0e800
0x4189ef,0xa7d08ad10980
0x4189c9,0x6c6f1e578980
0x418a33,0x6c6f1e570980
0x417996,0x6c6f1e576c00
0x417b11,0x5829a6f8bc80
0x417b1c,0x8ad330231c40
0x417b1c,0x8ad330231e00
0x417b1c,0xea2062e7200
0x417b1c,0xea2062e7280
0x417b11,0x5829a6f91340
0x417b11,0x5829a6f91380
0x417b11,0x5829a6f925c0
0x417b1c,0xea206352e80
0x417b1c,0xea206352ec0
0x419b68,0x5829a6f8cd80
0x4181c4,0x5829a6f96400
0x418144,0x5829a6f93540
0x418236,0x5829a6f94700
0x418387,0x5829a6f96740
0x418a89,0x6c6f1e573d00
0x418b58,0xa7d08ad10f80
0x417b11,0x5829a6f99100
0x417b1c,0x8ad3302331c0
0x417a75,0x5829a6f90998
0x41a242,0x6c6f1e591340
0x418724,0x5829a6f8dfd8
0x418a00,0x6c6f1e579f80
0x418a33,0x6c6f1e570f80
0x4189d7,0x6c6f1e574f80
0x4189c9,0x6c6f1e578fc0
0x418a00,0x6c6f1e5931c0
0x417b1c,0x8ad330233540
0x417b11,0x5829a6f98980
0x417b1c,0xea2062e7a00
0x417b4a,0x5829a6f91c40
0x417b11,0x5829a6f92e80
0x417b4a,0x5829a6f92ec0
0x417b11,0x5829a6f90f80
0x417b1c,0xea206354700
0x419b68,0x5829a6f9a4c0
0x419e43,0x6c6f1e591390
0x4181c4,0x5829a6f96c00
0x418144,0x5829a6f93d00
0x418a17,0x5829a6f9c500
0x4189ef,0xa7d08ad1c500
0x418a9a,0xa7d08ad1e500
0x418a00,0x6c6f1e593540
0x4189c9,0x6c6f1e5925c0
0x418a54,0x6c6f1e594700
0x417996,0x6c6f1e590980
0x417a87,0xea2062e7c40
0x417b1c,0xea2062e7cc0
0x417b11,0x5829a6f91e00
0x417b11,0x5829a6fa0180
0x417b1c,0xea20631e500
0x417b11,0x5829a6f9e500
0x418236,0x5829a6f94f80
0x418144,0x5829a6fa10c0
0x418283,0x5829a6fa3100
0x418144,0x5829a6fa1180
0x418a89,0x6c6f1e58d780
0x4189d7,0x6c6f1e58e800
0x41916b,0x5829a6fa5100
0x417b1c,0x8ad3301fc500
0x417b11,0x5829a6f98fc0
0x417b1c,0x8ad330233d00
0x41a21f,0x6c6f1e591c40
0x41a21f,0x6c6f1e591e00
0x418236,0x5829a6fa23c0
0x418a9a,0xa7d08ad1ebc0
0x418a6b,0x5829a6f9dc40
0x418a43,0xa7d08ad1dc40
0x418a00,0x6c6f1e593d00
0x418a9a,0xa7d08ad1ed40
0x4189c3,0x5829a6f9bd80
0x4189c9,0x6c6f1e592e80
0x4189c9,0x6c6f1e592ec0
0x4189c3,0x5829a6f9bf40
0x41916b,0x5829a6fa5300
0x417996,0x6c6f1e590f80
0x417b11,0x5829a6f99f80
0x417b11,0x5829a6fa7200
0x417b11,0x5829a6fa7280
0x417b11,0x5829a6fa6380
0x417b1c,0x8ad330235100
0x417b11,0x5829a6fa6580
0x417b11,0x5829a6fa0980
0x417b11,0x5829a6fa08c0
0x417b1c,0xea20631ebc0
0x417b1c,0xea206354f80
0x417b11,0x5829a6f9ebc0
0x418236,0x5829a6fa2740
0x4181c4,0x5829a6fa47c0
0x418a54,0x6c6f1e594f80
0x418a89,0x6c6f1e58dfc0
0x418a9a,0xa7d08ad2c1c0
0x4189c9,0x6c6f1e5ac1c0
0x418a89,0x6c6f1e5a7200
0x418a89,0x6c6f1e5a7280
0x41916b,0x5829a6fa5700
0x417b1c,0x8ad330235240
0x417b1c,0xea2062e98c0
0x417a87,0xea20631ed40
0x417b11,0x5829a6fa0d40
0x417a75,0x5829a6f9ed48
0x417b1c,0xea206356400
0x41a21f,0x6c6f1e5ab380
0x41a21f,0x6c6f1e5ab540
0x418144,0x5829a6fa1c40
0x418a6b,0x5829a6fab390
0x418a43,0xa7d08ad2b380
0x418a6b,0x5829a6fab540
0x418a43,0xa7d08ad2b540
0x418a9a,0xa7d08ad2c640
0x4189c9,0x6c6f1e5ac640
0x41916b,0x5829a6fa5a80
0x417b11,0x5829a6fa7a00
0x417b1c,0xea206320180
0x417b11,0x5829a6fac1c0
0x417b1c,0xea206356740
0x41a1c3,0x6c6f1e5a98c0
0x418a00,0x6c6f1e5ad780
0x418a33,0x6c6f1e5a47c0
0x418a54,0x6c6f1e5ae800
0x4189c3,0x5829a6fa98c0
0x418a89,0x6c6f1e5a7a00
0x417b11,0x5829a6fa7c40
0x417b11,0x5829a6fa7cc0
0x417b1c,0x8ad3301fe500
0x417b1c,0xea2062ec1c0
0x417b11,0x5829a6fac640
0x417b1c,0xea206356c00
0x419b68,0x5829a6fa8b80
0x41a21f,0x6c6f1e5abc80
0x4181c4,0x5829a6fb1340
0x4181c4,0x5829a6fb1380
0x4189d7,0x6c6f1e5a8b80
0x418a6b,0x5829a6fabc80
0x418a43,0xa7d08ad2bc80
0x418a89,0x6c6f1e5a7c40
0x418a89,0x6c6f1e5a7cc0
0x418a9a,0xa7d08ad2cd80
0x4189c9,0x6c6f1e5acd80
0x417b11,0x5829a6fb5100
0x417b11,0x5829a6fb5240
0x417b11,0x5829a6fb31c0
0x417b11,0x5829a6fb3540
0x417b11,0x5829a6fb4700
0x417b1c,0xea2062ec640
0x417b1c,0xea2063208c0
0x417b11,0x5829a6fad780
0x417b1c,0xea206320980
0x41a242,0x6c6f1e5c5100
0x41a1c3,0x6c6f1e5c3100
0x418144,0x5829a6fae800
0x418283,0x5829a6fb0980
0x418a00,0x6c6f1e5adfc0
0x418a6b,0x5829a6fb9100
0x418a43,0xa7d08ad39100
0x418a89,0x6c6f1e5c10c0
0x418a89,0x6c6f1e5c1180
0x418a00,0x6c6f1e5c7200
0x418a00,0x6c6f1e5c7280
0x41916b,0x5829a6fb25c0
