0x46d73a,0x28e837c8573a
0x45ff7e,0x28e837ca72ac
0x45ff56,0x28e837cb25d0
0x45ff62,0x28e837cb5240
0x45eebb,0x28e837ce3118
0x46d75a,0x28e837cdbf70
0x53df14,0x28e837ccd798
0x448b5a,0x28e837cdbdb8
0x451882,0x28e837ce6598
0x45eea0,0x28e837cf8fe8
0x53e65a,0x28e837cf5248
0x456171,0x28e837cf9104
0x45ff56,0xfdfd3a8c3130
0x53e62b,0x98f5690d6410
0x456171,0xfdfd3a8c23f4
0x44e194,0x98f5690e01a8
0x45eeb8,0xa1abd7fd9fb0
0x448b63,0xa1abd7fd2e88
0x4602c7,0xa1abd7fd8ff8
0x4602cb,0xa1abd7fddc60
0x4495c3,0xa1abd7fe0980
0x451882,0x98f5690e08f8
0x412cc0,0xa1abd7fe7218
0x4602e0,0xa1abd7fe7290
0x4561ac,0xa1abd7fe7a14
0x44e194,0x98f5690e0d48
0x448b7a,0x6c6f1e4c10f8
0x463a8d,0x28e837cb4738
0x456171,0x6c6f1e4c8b94
0x558f9a,0xd79e62a698f0
0x45eeb8,0xd79e62a60d60
0x45ee80,0xd79e62a713a0
0x45eeb8,0xd79e62a725c0
0x45fdd3,0x28e837c8d780
0x463aa3,0xd79e62a7527c
0x448b5a,0xd79e62a75118
0x45fdff,0x28e837cb640c
0x451882,0xd79e62a7c508
0x463a96,0x28e837ca08c0
0x412cc0,0xd79e62a61c58
0x463a8d,0x8ad3301bed78
0x4064e3,0xd79e62ab1c50
0x456198,0xd79e62ab4708
0x45eeb8,0xd79e62a7bd90
0x44e194,0xd79e62ab5118
0x463e27,0xd79e62ab4f80
0x463aa3,0xd79e62ab912c
0x45ff62,0xd79e62abdc40
0x45ff4d,0x28e837c8e828
0x53df0a,0xd79e62ac5700
0x45ee80,0xd79e62ac98d0
0x53e65a,0xd79e62ac7cc8
0x4494de,0xd79e62ac7c40
0x558f9a,0xd79e62accd80
0x448b5d,0x98f5690e5a80
0x449502,0xd79e62ad5104
0x451882,0xd79e62a53578
0x451882,0xd79e62aeb578
0x411804,0xd79e62af2ea0
0x44959a,0xd79e62af2ed8
0x456269,0xd79e62af6438
0x448b5a,0xd79e62ae98e8
0x45ee89,0xd79e62aebcb0
0x53df0a,0xd79e62b06580
0x45ee80,0xd79e62b0cd90
0x46d773,0x28e837ced7a0
0x4602cb,0xd79e62b13550
0x456198,0xd79e62b19108
0x46d736,0x28e837cb5100
0x463e27,0xd79e62b28b90
0x456269,0xd79e62b34728
0x412cc0,0xd79e62b39138
0x4495c3,0xd79e62b4b550
0x456198,0xd79e62b50fb8
0x448b7a,0xd79e62b4e838
0x451882,0xd79e62b73d18
0x412cc0,0xd79e62b6dfe8
0x411804,0xd79e62b8c1d0
0x448b5a,0xd79e62b83118
0x448b7a,0xd79e62b95268
0x45736c,0xd79e62afed58
0x46d736,0xd79e62afdc50
0x558f9a,0xd79e62bbc530
0x451950,0xd79e62bc23f8
0x448b63,0xd79e62b1e508
0x45ff7e,0xd79e62bd642c
0x4064e3,0xd79e62bded40
0x456171,0xd79e62b58fc4
0x45ee80,0xd79e62b1bd90
0x4518c8,0xd79e62bbed78
0x4537e7,0xd79e62bf6c2c
0x448b63,0xd79e62b01c48
0x456269,0xd79e62c00198
0x463e27,0xd79e62c008f0
0x456171,0xd79e62c00994
0x4602e0,0xd79e62c25300
0x46d633,0xd79e62c1bd80
0x456198,0xd79e62c25a88
0x46d773,0xd79e62b872a0
0x449609,0xd79e62c35138
0x559212,0xd79e62c31e10
0x451882,0xd79e62c3bf78
0x448b7a,0xd79e62c472a8
0x53ffd1,0xd79e62c408f8
0x44952d,0xd79e62c40998
0x53e62b,0xd79e62c4e810
0x412cc0,0xe8035e45bda8
0x411804,0x6c53703309b0
0x463aa3,0x6c5370334f8c
0x53df14,0x6c5370331388
0x44952d,0x6c5370331348
0x451950,0x6c5370345138
0x45ee80,0x6c53703463a0
0x40b657,0x6c537034b540
0x45ee80,0x6c53703525c0
0x45eeb8,0x6c5370353560
0x42ca41,0x6c537035bf40
0x4495c3,0x6c5370373d20
0x456198,0x6c5370375128
0x456269,0x6c5370375248
0x45eeb8,0x6c537037a4d0
0x45736c,0xd79e62be98d8
0x45ff7e,0x6c53703801ac
0x456198,0x6c537039a4f8
0x45ee89,0x6c537039dc70
0x449609,0x6c53703a5738
0x44962d,0x6c53703a47c0
0x558f9a,0xd79e62b298d0
0x45ee80,0x6c53703a7c40
0x44959a,0xa7d08ad07ce8
0x45eeb8,0xa7d08ad0cd80
0x42ca41,0xa7d08ad13d00
0x456171,0xa7d08ad11364
0x456198,0xa7d08ad11e18
0x451882,0xa7d08ad19108
0x449609,0xa7d08ad31c68
0x448b5d,0xa7d08ad2dff0
0x45736c,0xd79e62ae2758
0x45eeb8,0xa7d08ad34710
0x53df14,0xa7d08ad4cdb8
0x45ff4d,0x28e837c9ed78
0x53df0a,0xa7d08ad7bf60
0x45ff62,0x5829a6ec1c40
0x411804,0x5829a6ec65a0
0x447a39,0x5829a6eba4f0
0x4537e7,0x5829a6ed098c
0x4494de,0x5829a6ec8b80
0x4518c8,0x5829a6eded78
0x46d633,0x5829a6ed6c00
0x4537e7,0x5829a6eedfcc
0x4552b0,0x5829a6ef09b8
0x410f82,0x5829a6ef4f82
0x46d75a,0x412e73cb1e00
0x558f9a,0x412e73cb4710
0x448b5a,0x412e73cb1c48
0x412cc0,0x412e73cc2778
0x558f9a,0x412e73cc5130
0x45736c,0x412e73cc47f8
0x46d75a,0x412e73cda4d0
0x463a8d,0xd79e62bfa4e8
0x46d75a,0x412e73ce01b0
0x45fee6,0x412e73cd354c
0x53e65a,0x5829a6ee98d8
0x451950,0x412e73cee838
0x44e194,0x71d5f3e023e8
0x53e5fc,0x71d5f3e07c78
0x4494de,0x71d5f3e07cc0
0x451882,0x71d5f3e02758
0x463e27,0x71d5f3e25330
0x448b5d,0x71d5f3e27c40
0x45ff89,0x71d5f3e223c0
0x410f8a,0x71d5f3e3bf50
0x410f2c,0x71d5f3e408e8
0x46d736,0x71d5f3e41c40
0x463aa3,0x71d5f3e4312c
0x463aa3,0x71d5f3e47c6c
0x46d75a,0x71d5f3e47cc0
0x45ff56,0x71d5f3e51350
0x46d773,0x71d5f3e53570
0x412c87,0x71d5f3e55138
0x410f8a,0x71d5f3e55260
0x4561ac,0x71d5f3e58984
0x4537e7,0x71d5f3e6658c
0x45eeb8,0x71d5f3e6e820
0x44e194,0x71d5f3e74738
0x4537e7,0x71d5f3e7a4cc
0x4115a9,0x71d5f3e80d40
0x4115a9,0x71d5f3e86580
0x412c87,0x71d5f3e93568
0x45ff56,0x71d5f3ea2750
0x410f2c,0x71d5f3ea7a08
0x45ff89,0x71d5f3ea3100
0x448b5a,0x71d5f3eadfe8
0x456331,0x71d5f3eb31d0
0x410f4f,0x71d5f3ed0988
0x463a96,0x412e73cb0990
0x46d743,0x71d5f3ee98c8
0x558f9a,0x71d5f3eeb540
0x412c87,0x71d5f3eec678
0x447a20,0x71d5f3ef6760
0x448b5a,0x71d5f3ef1e38
0x412cc0,0x71d5f3f03108
0x412c87,0x71d5f3f05a98
0x447a20,0x71d5f3f11390
0x558f9a,0x71d5f3f11370
0x40d288,0x71d5f3f19130
0x45eebb,0x28e837ce3118
0x53df14,0x71d5f3f1a4e8
0x46d614,0x71d5f3f1c500
0x45eea7,0x71d5f3f247e0
0x45ee80,0x71d5f3f272b0
0x53df0a,0x71d5f3f2cda0
0x451882,0x71d5f3f1ebc8
0x412c87,0x71d5f3f35278
0x410f2c,0x71d5f3f39118
0x45ff56,0x71d5f3f447e0
0x4552c0,0x71d5f3f41c44
0x448b5a,0x71d5f3f411b8
0x4552b0,0x71d5f3f4d788
0x46d736,0x71d5f3f4c650
0x4115a9,0x71d5f3f5ebc0
0x4552b0,0x71d5f3f60d68
0x447a20,0x71d5f3f65ab0
0x463aa3,0x71d5f3f67a1c
0x45ff62,0x71d5f3f6bcb0
0x448b5a,0x71d5f3f73548
0x44e248,0x71d5f3f7bd88
0x463a8d,0x71d5f3f45aa8
0x463a96,0x412e73cb0fb0
0x45ff7e,0x71d5f3f9640c
0x4115a9,0x71d5f3fa6580
0x463a96,0x71d5f3fa10c8
0x45ff56,0x71d5f3fb3d20
0x45ff7a,0x71d5f3fb527c
0x410f4f,0x71d5f3fb2e88
0x410f8a,0x71d5f3fb2ec0
0x447a40,0x71d5f3fc7200
0x410f8a,0x71d5f3fc08d0
0x559212,0x71d5f3fc8bb0
0x456198,0x71d5f3fd2e98
0x456240,0x71d5f3fd2ed4
0x447a20,0x71d5f3fc7c40
0x451950,0x71d5f3fe7238
0x456269,0x71d5f3fd6748
0x46d75a,0x71d5f3fee830
0x4552b0,0x71d5f3ff5248
0x558f9a,0x71d5f3ff6c00
0x463aa3,0x71d5f3ff8ffc
0x46d736,0xca49da31a4e0
0x460050,0x71d5f3fb9f90
0x45528e,0xca49da325314
0x463e27,0xca49da327c50
0x45ff7e,0x71d5f3ff913c
0x447a14,0xca49da327cf4
0x45ff56,0xca49da32cdb0
0x45ff62,0xca49da334700
0x559212,0xca49da330fb0
0x456331,0xca49da346380
0x46d633,0xca49da356c00
0x411557,0xca49da367a0c
0x45736c,0xca49da36c1f8
0x45ff62,0xca49da371380
0x463e27,0xca49da3809b0
0x410f8a,0xca49da380d40
0x410f8a,0xca49da385720
0x46d736,0xca49da390f80
0x410f8a,0xca49da391c40
0x45fd16,0xca49da396c00
0x46d773,0xca49da39ebe0
0x447a20,0xca49da394fb8
0x53df14,0xca49da3acd88
0x45eeb8,0xca49da3b6420
0x463e27,0xca49da3c0d70
0x45ff56,0xca49da3c7c70
0x4552c0,0xca49da3ce824
0x412c87,0xca49da3d09b8
0x448b5d,0xca49da3d3560
0x448b5a,0xca49da3d9108
0x411557,0xca49da3dbd8c
0x558f9a,0xca49da3e2770
0x4552b0,0xca49da3ec648
0x410f8a,0xca49da3ed7a0
0x448b5a,0xca49da3f1e38
0x447a39,0xca49da4047f0
0x4552c0,0xca49da407214
0x4552b0,0xca49da4072b8
0x4537e7,0xca49da41513c
0x45ee80,0xca49da408b90
0x457432,0x49950aa5c530
0x4552b0,0x49950aa67228
0x448b5a,0x49950aa647f8
0x46d75a,0x49950aa6bc80
0x46d75a,0x49950aa79100
0x46d773,0x49950aa801a0
0x53df0a,0x49950aa8bc90
0x451882,0x49950aaa0d58
0x4115a9,0x49950aab4700
0x4552b0,0x49950aab4f88
0x4552c0,0x49950aac0d64
0x457432,0x49950aacb570
0x4552b0,0x49950aaccda8
0x448b63,0x49950aadbd88
0x45ff56,0x49950aae5710
0x4495c3,0x49950aaee820
0x45ee89,0x49950aaf6420
0x451882,0x49950aafc518
0x45eea0,0x49950aafdc68
0x4518c8,0x49950aaf0fb8
0x4552b0,0x49950ab0d7b8
0x412c87,0x49950ab27a38
0x45ff56,0x49950ab35270
0x45528e,0x49950ab32ed4
0x460050,0x49950ab10f90
0x4552c0,0x49950ab4d7b4
0x448b5d,0x49950ab4cdb0
0x448b7a,0x25543022c1e8
0x4552b0,0x255430240d48
0x4115a9,0x255430251340
0x46d743,0x2554302525e8
0x558f9a,0x255430251c60
0x410f2c,0x2554302513b8
0x463a8d,0x49950ab34fa8
0x448b5a,0x255430254728
0x45ff7a,0x25543025bf7c
0x463aa3,0x255430261c4c
0x558f9a,0x2554302665b0
0x457432,0x255430265130
0x4552b0,0x25543026b388
0x410f4f,0x255430268b88
0x45ff7e,0x25543025dc5c
0x46d743,0x49950ab4bca8
0x4552c0,0x25543026cda4
0x46d743,0x255430256c28
0x447a14,0x25543027a4c4
0x44e194,0x255430280d58
0x45fe42,0x255430293560
0x4494f2,0x25543028cd80
0x45ee80,0x2554302810c0
0x45eeb8,0x255430296400
0x45ee80,0x255430281180
0x451882,0x255430287c68
0x44e194,0x255430287cd8
0x463aa3,0x25543029dc6c
0x45ff62,0xd79e62abdc40
0x45ff4d,0x28e837c8e828
0x45736c,0x25543029e538
0x45ff62,0x2554302a23d0
0x45ff7e,0x2554302a312c
0x4552c0,0x26713c3c63a4
0x45ff56,0x51a63c51e30
0x4552b0,0x51a63c55248
0x46d743,0x8deda85c5308
0x558f9a,0x51a63c56c00
0x46d736,0x8deda85c6590
0x412c87,0x8deda85c7c58
0x4115a9,0x8deda85c7cc0
0x448b5a,0x8deda85c7a38
0x46d743,0xaff500787288
0x559212,0xaff500790fb0
0x4518c8,0xaff5007a2778
0x53e65a,0xaff50079dc78
0x53e65a,0xaff5007a5128
0x451882,0xaff5007a65a8
0x53df0a,0xaff5007b0f80
0x45ff56,0xaff5007c1c70
0x448b83,0xaff5007c98c0
0x448b5d,0xaff5007d25d0
0x447a14,0xaff5007d3544
0x559212,0xaff5007d8990
0x448b5d,0xaff5007ded60
0x558f9a,0xaff5007e0d50
0x463aa3,0xaff5007e533c
0x45ff56,0xaff5007e8ba0
0x448b83,0xaff5007f5240
0x53df0a,0x71d5f3ff1360
0x53e62b,0x635dff9b1e20
0x4537e7,0x635dff9b473c
0x46d633,0x71d5f3ff1390
0x45eeb8,0x635dff9b8fe0
0x45eea0,0x635dff9c8bb8
0x45eeb8,0x635dff9c98f0
0x410f8a,0x635dff9cc640
0x46d773,0xedc51a8e3100
0x4552b0,0xedc51a8e47e8
0x463a96,0xedc51a8e10d0
0x412cc0,0xedc51a908b88
0x410f8a,0xedc51a911c70
0x460050,0xaff5007f8990
0x410f8a,0xedc51a914700
0x463a96,0xedc51a8e1198
0x44e194,0x41d09e9a63a8
0x4494de,0x41d09e9a5a80
0x53df14,0x41d09e9acda8
0x559212,0x41d09e9b9fb0
0x4552b0,0x41d09e9bed78
0x410f25,0x41d09e9be500
0x558f9a,0x41d09e9cc1d0
0x410f25,0x41d09e9c98c0
0x460050,0xaff5007e7a20
0x412c87,0x41d09e9d5268
0x45ff56,0x41d09e9ddc70
0x46d743,0x41d09e9e1c68
0x4552c0,0x41d09e9e3134
0x46d773,0xfafbfaadbd90
0x4552b0,0xfafbfaad8fc8
0x449502,0x41d09e9b1c44
0x4494ea,0xfafbfaaec648
0x4518c8,0xfafbfaaf4738
0x45ff62,0xfc47cbc2c1c0
0x46d773,0x28d7cf401190
0x558f9a,0x28d7cf4023e0
0x46d743,0x28d7cf405a98
0x45ff7a,0x28d7cf40018c
0x45528e,0x28d7cf407cd4
0x558f9a,0x28d7cf4098e0
0x448b5a,0x28d7cf407c78
0x46d75a,0x28d7cf411c40
0x4552c0,0x28d7cf413574
0x559212,0x28d7cf414fb0
0x410f2c,0x28d7cf414708
0x448b5d,0x28d7cf415100
0x463aa3,0x28d7cf416c3c
0x45ff56,0x28d7cf4210c0
0x45ff90,0x28d7cf420980
0x45eea0,0x28d7cf433578
0x4494de,0x28d7cf4325c0
0x456269,0x28d7cf425708
0x448b7a,0x28d7cf43a4d8
0x412c87,0x28d7cf445308
0x46d773,0x28d7cf4472b0
0x447a39,0x28d7cf445130
0x46d75a,0x28d7cf44c660
0x558f9a,0x28d7cf4663b0
0x46d736,0x28d7cf465300
0x463aa3,0x28d7cf46728c
0x4552c0,0x28d7cf467c74
0x558f9a,0x28d7cf467cd0
0x4552c0,0x28d7cf473574
0x45736c,0x28d7cf472ef8
0x46d773,0x28d7cf476c30
0x460050,0x28d7cf4208e0
0x448b5d,0x28d7cf4789b0
0x448b5a,0x28d7cf47dc68
0x45eea0,0x28d7cf48bcb8
0x4537e7,0x28d7cf48b39c
0x45ee80,0x28d7cf4808c0
0x45ee80,0x28d7cf480980
0x45ee80,0x28d7cf499100
0x4552c0,0x28d7cf4a7294
0x448b5d,0x28d7cf4a98e0
0x45ff56,0x28d7cf4acd80
0x4552c0,0x28d7cf4b9fb4
0x448b5d,0x28d7cf4bbda0
0x45ff7e,0x28d7cf4b1e0c
0x411557,0x28d7cf4c10cc
0x410f8a,0x28d7cf4c1190
0x457432,0x28d7cf4d31f0
0x46d773,0x28d7cf4dbf40
0x46d736,0x28d7cf4dbda0
0x46d75a,0x28d7cf4e11a0
0x45eeb8,0x28d7cf4e7c70
0x451882,0x28d7cf4e7cd8
0x44952d,0x28d7cf4ec658
0x53e62b,0x28d7cf4fbf50
0x45ee80,0x28d7cf4e1c40
0x45fdd7,0x28d7cf501180
0x45528e,0x28d7cf50e834
0x558f9a,0x28d7cf511380
0x45ff62,0x28d7cf5208f0
0x45528e,0x28d7cf52d7b4
0x410f2c,0x28d7cf532ec8
0x46d75a,0x28d7cf53dc50
0x46d743,0x28d7cf546398
0x410f2c,0x28d7cf542778
0x457432,0x28d7cf547c70
0x448b5d,0x28d7cf547ce0
0x448b5a,0x28d7cf54e838
0x463aa3,0x28d7cf55139c
0x4552b0,0x28d7cf551c68
0x4552b0,0x28d7cf551e08
0x4552c0,0x28d7cf556764
0x457432,0x28d7cf555130
0x45ff7a,0x28d7cf56277c
0x46d743,0x28d7cf575118
0x412cc0,0x28d7cf57c508
0x460050,0x28d7cf513d20
0x412cc0,0x28d7cf5898c8
0x463e27,0x28d7cf58dff0
0x46d75a,0x28d7cf58c1f0
0x410f2c,0x28d7cf5a10d8
0x412cce,0x28d7cf5a3111
0x4552c0,0x28d7cf5ae814
0x4552c0,0x28d7cf5b1374
0x447a20,0x28d7cf5b2e90
0x447a39,0x28d7cf5b6c30
0x412c87,0x28d7cf5c47e8
0x558f9a,0x28d7cf5c7230
0x463a8d,0x28d7cf5931f8
0x447a39,0x28d7cf5d13b0
0x558f9a,0x28d7cf5d1e30
0x448b5a,0x28d7cf5d1368
0x412c87,0x28d7cf5dbf68
0x45528e,0x28d7cf5dbda4
0x4552c0,0x28d7cf5e7c54
0x4552b0,0x28d7cf5e7cd8
0x412c87,0xab8966efa4e8
0x45ff7a,0xc48ca8ffc52c
0x4552b0,0xab8966f05a98
0x410f25,0xab8966f05300
0x448b83,0x28d7cf4698c0
0x46d75a,0xc48ca9005aa0
0x45736c,0xc48ca900b578
0x410f2c,0xc48ca9010fa8
0x45ff7e,0xc48ca9008bac
0x463a8d,0xa7d08ad7bdb8
0x463aa3,0xd693286a5aac
0x463e27,0xd693286abca0
0x410f2c,0xd693286bbd88
0x463a96,0x28d7cf578fd8
0x46d773,0xd693286c0190
0x447a20,0xd693286c10f0
0x460050,0x6c537036d7b0
0x558f9a,0xd693286c5ab0
0x448b5d,0xd693286c7c40
0x45ff7a,0xd693286d0fac
0x45ff7e,0xd693286d473c
0x447a39,0xd693286d6c30
0x460050,0xc48ca901bdb0
0x4552b0,0xd693286e7218
0x558f9a,0xd693286e72b0
0x410f25,0xd693286e5a80
0x457432,0xd693286f25f0
0x4552b0,0xd693286f4fb8
0x45528e,0xd693286f8fc4
0x410f2c,0xd693286fdc48
0x412cc0,0xd69328706598
0x45528e,0xd69328706384
0x46d736,0xd6932870c660
0x412cc0,0xd6932870e808
0x45ff7a,0xd6932871bd9c
0x463a8d,0xd693286ec1e8
0x448b5d,0xd69328734fa0
0x463e27,0xd6932873ed60
0x460050,0xd693287072a0
0x411557,0xd69328747a0c
0x45ff7e,0xd6932874dfdc
0x45ff7e,0xd69328752edc
0x46d773,0xd69328765100
0x558f9a,0xd693287665a0
0x410f8a,0xd6932876c1e0
0x463aa3,0xd693287713bc
0x45ff62,0x28d7cf3f4700
0x558f9a,0xd69328771e00
0x45ff62,0xd6932877ebc0
0x447a20,0xd693287808c0
0x46d736,0xd69328788bb0
0x4552b0,0xd69328791e38
0x45528e,0xd6932879c504
0x463a8d,0xd69328773d28
0x46d773,0x2c2cbb436770
0x463a8d,0xd693287789a8
0x46d736,0x2c2cbb440d60
0x463a96,0x28e837ca0188
0x411557,0x2c2cbb441c4c
0x4552c0,0x2c2cbb4498d4
0x463e27,0x2c2cbb4525e0
0x412cc0,0x2c2cbb455278
0x4552c0,0x2c2cbb45c534
0x45ff4d,0x28e837c8d780
0x4552c0,0x28e837cf8fe8
0x46d736,0x2c2cbb461c40
0x46d75a,0x28e837d03100
0x45ff7e,0x28e837cb640c
0x412cc0,0xa1abd7fdbf58
0x448b63,0x2c2cbb465308
0x46d736,0x2c2cbb465100
0x457432,0x28d7cf5d4fb0
0x4552c0,0x6c6f1e4c1c44
0x448b5a,0x6c6f1e4c10f8
0x45736c,0x2c2cbb467cf8
0x45ff7e,0xd79e62ac5700
0x46d75a,0xd79e62a55120
0x410f2c,0xd79e62a55268
0x45ff7a,0xd79e62b06580
0x412cc0,0xd79e62a73568
0x4552b0,0xd79e62a73d28
0x463a96,0x28e837ca0998
0x46d75a,0xd79e62a95250
0x447a20,0xd79e62aa5700
0x46d736,0x2c2cbb473d10
0x4552c0,0xd79e62aecd94
0x463a96,0x5829a6ee1c78
0x45eebb,0x28e837ce3118
0x451882,0x2c2cbb47c508
0x45ee80,0x2c2cbb47dc70
0x46d743,0x28e837ced7a0
0x451950,0x2c2cbb494fb8
0x449502,0x28d7cf3f5244
0x45ee80,0x2c2cbb4a09a0
0x451882,0x2c2cbb4ae838
0x451950,0x2c2cbb4b31f8
0x45eeb8,0x2c2cbb4ab570
0x45ee80,0x2c2cbb4bed40
0x45eea7,0x2c2cbb4c1c40
0x45ff7a,0xd79e62afed58
0x45eea7,0x2c2cbb4d31f0
0x46d633,0x2c2cbb4d0f80
0x4494de,0x2c2cbb4d1340
0x44952d,0x2c2cbb4d1398
0x45ee80,0x2c2cbb4c7cc0
0x456269,0x2c2cbb4e10d8
0x45ee80,0x2c2cbb4e11a0
0x45fe3e,0x28e837c92e80
0x53df0a,0x2c2cbb4f8980
0x45ff62,0xd79e62b01c48
0x448b5a,0xd79e62b4e838
0x45eea0,0x2c2cbb5131e8
0x456198,0xd79e62b66588
0x53e62b,0x2c2cbb530f80
0x451950,0x2c2cbb531e38
0x45736c,0x2c2cbb543138
0x412c87,0xd79e62b823d8
0x46d736,0x2c2cbb546580
0x45ff56,0xd79e62c40998
0x45ff7e,0xd79e62c1bd80
0x448b5a,0xd79e62b95268
0x45736c,0x2c2cbb547cf8
0x4552b0,0xd79e62bb2ef8
0x45ff56,0x6c5370331348
0x46d75a,0xd79e62bc47d0
0x4552b0,0xd79e62bc3128
0x46d75a,0xd79e62bd1c70
0x410f8a,0xd79e62bd1e00
0x463aa3,0xd79e62bf6c2c
0x46d736,0x2c2cbb552ea0
0x45528e,0xd79e62c07c44
0x46d75a,0xd79e62c247c0
0x46d743,0xd79e62b872a0
0x463a96,0x2c2cbb556c18
0x4552b0,0xd79e62c47cd8
0x448b5a,0xd79e62c472a8
0x45ff62,0xd79e62abdc40
0x45ff4d,0x28e837c8e828
0x558f9a,0xe8035e460190
0x46d773,0x2c2cbb55e520
0x412c87,0x6c53703498c8
0x45ff90,0xa7d08ad4cdb8
0x46d75a,0x6c5370365ab0
0x45ff7e,0xd79e62ae2758
0x46d743,0xd79e62be98d8
0x46d773,0x2c2cbb5665b0
0x558f9a,0x6c53703abc80
0x463a96,0x2c2cbb567210
0x4115a9,0xa7d08ad10f80
0x412cc0,0xa7d08ad1c508
0x558f9a,0xa7d08ad447e0
0x4552c0,0xee30bb9423e4
0x463aa3,0x5829a6ed098c
0x460050,0xa7d08ad7bf60
0x463a8d,0x5829a6ec8b80
0x463aa3,0x5829a6eedfcc
0x410db0,0x5829a6ed6c00
0x4552c0,0x71d5f3e047e4
0x45fd16,0x635dff9c5a80
0x463aa3,0x71d5f3e6658c
0x463aa3,0x71d5f3e7a4cc
0x45736c,0x2c2cbb5865b8
0x411557,0x71d5f3f208cc
0x410f8a,0x71d5f3f20990
0x463e27,0x71d5f3f247e0
0x460050,0x71d5f3f2cda0
0x46d736,0x2c2cbb5925f0
0x448b5d,0x2c2cbb5931d0
0x45ff7e,0xca49da356c00
0x448b5d,0x2c2cbb596c30
0x463a96,0x71d5f3fa1198
0x558f9a,0x71d5f3fe0d60
0x448b5d,0x2c2cbb59a4e0
0x559212,0x71d5f3fecda0
0x447a39,0xca49da355270
0x45528e,0xca49da365314
0x412c87,0xca49da3ab558
0x45528e,0xca49da3ab394
0x463aa3,0xca49da41513c
0x412cc0,0xca49da415248
0x46d75a,0xb207126b3550
0x46d736,0x49950aa801a0
0x412cc0,0x49950aa91c78
0x558f9a,0x49950aa96c10
0x412c87,0x49950aaa1c48
0x46d773,0x2c2cbb5b6c10
0x4552b0,0x49950aaf25c8
0x45ff7e,0x2c2cbb5b31cc
0x4552c0,0x49950aafdc68
0x4552c0,0x49950ab08b94
0x448b5a,0x25543022c1e8
0x45ff56,0x255430293560
0x410f4f,0x255430231c48
0x45ff7a,0x71d5f3ff1390
0x45ff7e,0xaff5007b0f80
0x410f2c,0x25543023ed58
0x4552c0,0x2554302898c4
0x45ff56,0xaff5007c1c70
0x46d736,0x2c2cbb5cd790
0x45ff62,0x41d09e9b1c44
0x4552b0,0xaff5007b6438
0x463aa3,0x635dff9b473c
0x4552c0,0x635dff9b4f84
0x460050,0x71d5f3ff1360
0x447a20,0x635dff9b89a0
0x412cce,0x635dff9c0991
0x4552c0,0x635dff9c8bb8
0x4552b0,0x41d09e9a98d8
0x4552b0,0x41d09e9b6748
0x463a8d,0xfafbfaaec648
0x46d736,0x2c2cbb5e10c0
0x448b5d,0x2c2cbb5e23e0
0x410f8a,0x28d7cf42bca0
0x4552c0,0x28d7cf433578
0x410f4f,0x28d7cf48b548
0x410f4f,0x28d7cf498988
0x45736c,0x2c2cbb5f1c78
0x45ff7a,0xd79e62b06580
0x46d736,0x2c2cbb5f3540
0x412cce,0x2c2cbb4847d1
0x412cc0,0x2c2cbb48c1e8
0x447a14,0x2c2cbb48dfd4
0x4115a9,0x2c2cbb490f80
0x45ff7e,0x2c2cbb4d0f80
0x411557,0x2c2cbb4a018c
0x46d773,0x2c2cbb6011a0
0x412cc0,0x2c2cbb4be518
0x463e27,0x2c2cbb4c1c40
0x558f9a,0x2c2cbb4c08f0
0x4552c0,0x2c2cbb4c98c4
0x558f9a,0x2c2cbb4d3d00
0x410f4f,0x2c2cbb4d3548
0x46d773,0x2c2cbb60b3b0
0x559212,0x2c2cbb4e8b90
0x447a14,0x2c2cbb4f25e4
0x46d75a,0x2c2cbb516c20
0x558f9a,0x2c2cbb51bf50
0x45528e,0x2c2cbb5247c4
0x412cc0,0x2c2cbb534f88
0x4115a9,0x2c2cbb538980
0x447a20,0x2c2cbb52b380
0x45fdfc,0x2c2cbb61e50c
0x447a20,0x2c2cbb53ed60
0x4552b0,0x2c2cbb53ebe8
0x4115a9,0x2c2cbb540d40
0x45ff56,0x71d5f3e51350
0x45ff62,0x5115330d1390
0x45fdd7,0x5115330e08d0
0x53e62b,0x5115330e5700
0x451882,0x5115330e8b98
0x53e62b,0x5115330f2ea0
0x46d633,0x5115330f2ed0
0x53e5fc,0xfc47cbc2c678
0x400530,0x28e837cdc530
0x463fa0,0x28e837c99fa0
0x457432,0x511533111c70
0x4518c8,0x5115331011b8
0x45528e,0x511533116c34
0x53df0a,0x51153311e530
0x45ee80,0x5115331208c0
0x46d773,0x511533127ce0
0x559212,0x5115330febf0
0x46d75a,0x51153312dff0
0x448b5d,0x51153312e820
0x45eeb8,0x5115330ddc60
0x45ee80,0x511533132ef0
0x4552b0,0x511533132e88
0x46d130,0x28e837c85130
0x53c980,0x511533138980
0x463a96,0x5115330e3120
0x447a20,0x511533134700
0x45ff56,0x5115331401a0
0x412740,0x28e837c96740
0x410700,0x5829a6ef4700
0x45ff4d,0x28e837c925c8
0x46d15e,0xa7d08ad65ab0
0x45ff56,0x28d7cf4acd80
0x443d2b,0xa7d08ad65121
0x448b5a,0x66598a78bc88
0x45ff56,0x66598a795130
0x45ff62,0x66598a7a0180
0x53cacd,0x66598a7a7208
0x45ff62,0x98f5690e5a80
0x45ff7a,0x28e837ced7a0
0x46d15e,0x66598a772ea0
0x410b32,0x66598a7adfc0
0x463aa3,0x66598a7c119c
0x45ff4d,0x28e837c9ed78
0x443d2b,0x66598a7c6591
0x45ff56,0x412e73cae810
0x412cce,0x66598a7c7c51
0x42ccad,0x66598a7cb3a0
0x45ff62,0x5829a6ec1c40
0x47338d,0x66598a7d6414
0x45ff56,0x66598a7e7290
0x494c82,0x66598a7f8988
0x494c7e,0x66598a807c78
0x494c73,0x66598a825a80
0x494c00,0x66598a7f6c00
0x448b7a,0x5115330c47c8
0x45ff56,0x6af9d6d08ba0
0x460950,0x66598a847c70
0x405c50,0x66598a75dc50
0x463aa3,0x6af9d6d125cc
0x456198,0x6af9d6d12e98
0x4561ac,0x6af9d6d12ed4
0x447a40,0x6af9d6d15100
0x46d736,0x6af9d6d19120
0x45ff56,0x8414a34dc500
0x558f9a,0x7ebb3c7ab540
0x45ff62,0xaff5007e3110
0x443d2b,0x7ebb3c7ec661
0x45ff7a,0x7ebb3c7f510c
0x4518c8,0x7ebb3c807a38
0x45ee80,0x7ebb3c811390
0x45eea0,0x7ebb3c811378
0x4494de,0x66598a7b25c0
0x53df0a,0x7ebb3c819120
0x456269,0x7ebb3c7fbd98
0x456269,0x7ebb3c7fbf48
0x44952d,0x6af9d6d1c518
0x451882,0x7ebb3c81dc48
0x448b7a,0x7ebb3c8272a8
0x4494ea,0x7ebb3c825a88
0x448b7a,0x7ebb3c82b398
0x45ee80,0x7ebb3c7fa4c0
0x494c97,0x7ebb3c832ef8
0x494c73,0x7ebb3c836400
0x494c93,0x7ebb3c841c78
0x494c73,0x7ebb3c845aa0
0x494c73,0xd79e62c27200
0x494c73,0x7ebb3c855270
0x494c73,0x7ebb3c85dc50
0x46d773,0xd79e62aa1190
0x411557,0x7ebb3c811c4c
0x46d736,0x7ebb3c86e830
0x46d736,0x7ebb3c873d30
0x4552b0,0x7ebb3c8208c8
0x4552b0,0x7ebb3c8209a8
0x411d2f,0x7ebb3c8223e0
0x4552c0,0x7ebb3c827c74
0x4552b0,0x7ebb3c827cf8
0x46d75a,0x7ebb3c82b550
0x4552c0,0x7ebb3c82bc84
0x4495c3,0x7ebb3c88c1c0
0x44962d,0x71d5f3fd5100
0x451882,0x7ebb3c890fa8
0x45fe42,0x7ebb3c894720
0x410f25,0x7ebb3c885a80
0x410c00,0x7ebb3c892ea8
0x410b32,0x7ebb3c892ef0
0x443d2b,0x7ebb3c89e501
0x45eeb8,0x7ebb3c7edfd0
0x44952d,0x1d8d5dacbc98
0x451950,0x24d6558c1c78
0x45eea7,0x24d6558c6390
0x448b7a,0x24d6558c7c48
0x45ee80,0x24d6558f25f0
0x457432,0x7ebb3c875270
0x4494ea,0x5829a6ec5708
0x457432,0x7ebb3c879130
0x45fe1c,0x6c537033c500
0x451882,0xc2041aa76438
0x45eeb8,0x24d65592b560
0x46d614,0x28d7cf507cc0
0x456269,0x24d6558c2758
0x44e194,0x24d6558c10c8
0x46d75a,0x24d6558c6590
0x53e62b,0xd7cc94e21c50
0x45eeb8,0xdd2838a31c40
0x45ee80,0xdd2838a3bda0
0x44952d,0x5829a6ee6388
0x451882,0xdd2838a45108
0x46d633,0xdd2838a423c0
0x451882,0xdd2838a43108
0x45fe3e,0x28e837c92ec0
0x447a40,0x24d6558d3540
0x463a96,0xdd2838a59100
0x46d773,0xdd2838a5e530
0x46d773,0xdd2838a610f0
0x4552b0,0x24d65590cdb8
0x412c87,0x24d655913d28
0x558f9a,0x24d6559125d0
0x412cce,0x24d655935111
0x412cc0,0x24d65593c508
0x4552c0,0xd7cc94e16c04
0x410f8a,0xd7cc94e16400
0x4552b0,0xd7cc94e1a4c8
0x410f2c,0xd7cc94e1bd98
0x45736c,0x2c2cbb5298f8
0x412c87,0xdd2838a2e828
0x558f9a,0xd7cc94e25110
0x411557,0xdd2838a331cc
0x45528e,0xdd2838a34fa4
0x558f9a,0xdd2838a3bf70
0x4552b0,0xdd2838a4b388
0x46d75a,0xdd2838a53d30
0x45fdfc,0x878ddf9e658c
0x45ff4d,0x28e837c8e828
0x4494f2,0xdd2838a525c0
0x44962d,0x66598a756c00
0x559212,0x51153313bf70
0x4537e7,0x878ddf9ec67c
0x46d614,0x28e837ccdfc0
0x45ee80,0x878ddf9f3d20
0x451882,0x66598a7b0fa8
0x53df14,0x878ddf9f8fc8
0x53df0a,0x28d7cf5d31e0
0x53e5fc,0x878ddf9f9138
0x448b7a,0x66598a7c7a18
0x4518c8,0xa7d08ad0b3b8
0x45eea0,0x878ddf9fed78
0x53e62b,0x878ddfa009a0
0x456198,0x878ddf9fe538
0x559212,0x66598a75ebf0
0x45fd16,0xa7d08ad67a00
0x44952d,0x878ddfa01c48
0x45ee80,0x878ddfa05710
0x46d736,0xa7d08ad65ab0
0x411804,0x878ddfa098d0
0x456198,0x66598a78d798
0x45eeb8,0x66598a78dff0
0x46d633,0x878ddfa0e810
0x411104,0x28e837c95104
0x449e23,0x878ddfa14f98
0x411258,0x28e837c95258
0x558f9a,0x878ddfa2c1d0
0x45eeb8,0x878ddf9ebc80
0x46d614,0x878ddfa31e00
0x45ee80,0x878ddfa39f90
0x53df14,0x878ddfa3ebc8
0x53df0a,0xd79e62b07cf0
0x4552c0,0x66598a7dbf74
0x53cb5b,0x41d09e9d9128
0x47338d,0x66598a7dbdac
0x460108,0x28e837ca3108
0x494c73,0xd79e62a58fd0
0x494c73,0x66598a823100
0x494c73,0x8a4feef6b380
0x494c73,0x28e837c90fb0
0x494c7e,0x8a4feef75138
0x494c93,0x6af9d6d201b8
0x447a40,0x8a4feef51350
0x448b5d,0x8a4feef80190
0x412c01,0x28e837c96c01
0x45ff4d,0x66598a7810d8
0x45ff4d,0x66598a7a11a8
0x47338d,0xf3453b208bac
0x53cb5b,0xca49da3e98f8
0x53cb5b,0x49950ab36408
0x410887,0xcc2ca36fc510
0x45ff7e,0xcc2ca3718fec
0x45ff62,0xcc2ca371a4f0
0x47338d,0xcc2ca37201bc
0x46d18d,0xcc2ca3721c40
0x412c87,0xcc2ca3722758
0x412c87,0xcc2ca3725138
0x45ff56,0x66598a795130
0x42ccad,0xe8035e45a4d0
0x47338d,0xcc2ca37498e4
0x443d2b,0x28d7cf51e501
0x412999,0xcc2ca375a4e0
0x47338d,0xcc2ca37609b4
0x410725,0xcc2ca37608c0
0x45ff4d,0x6c537038dff8
0x443d2b,0xcc2ca376e801
0x411557,0xcc2ca3771e0c
0x46d15e,0x6c5370385730
0x45ff56,0xcc2ca3785300
0x410700,0xcc2ca377e500
0x41091b,0xcc2ca3791c48
0x463e27,0xcc2ca379c510
0x45ff62,0xcc2ca37a09a0
0x45ff7a,0xd79e62ae2758
0x46d18d,0xcc2ca37b5130
0x443d2b,0xca49da3c72a1
0x46da82,0x28e837c85a82
0x47c586,0x28e837cc3120
0x57cccf,0xcc2ca37c7ccf
0x53de87,0x49950aac2760
0x558f9a,0x8a4feef87c40
0x456331,0x8a4feef87cc0
0x46d633,0xcc2ca37ce800
0x451950,0x8a4feef85308
0x45ee80,0xcc2ca37c1180
0x45ee80,0x6af9d6d1ebe0
0x42d5ac,0xcc2ca37d5278
0x559fe0,0xcc2ca37d6418
0x558f9a,0x7ebb3c7f1360
0x494c73,0xcc2ca37e08e0
0x494c73,0xcc2ca37e98c0
0x42d5e0,0x7ebb3c899fb0
0x494c73,0xcc2ca38210f0
0x494c73,0x7ebb3c7d4fb0
0x53df0a,0xcc2ca3838990
0x409edb,0x71d5f3fd5100
0x44959d,0xcc2ca3731c40
0x4494ea,0x28d7cf5c0988
0x53df14,0xcc2ca3842748
0x53df14,0xcc2ca37e47e8
0x400530,0x28e837cdc530
0x4494de,0xcc2ca37b1e00
0x53df14,0x71d5f3ff0fa8
0x53df14,0xcc2ca38498c8
0x53e62b,0xcc2ca3850980
0x449e23,0xcc2ca3854708
0x42ca41,0x8876f2fcc640
0x456198,0x8876f2fcd7a8
0x45eeb8,0xcc2ca385c500
0x4494de,0x28d7cf418980
0x53df0a,0x2c2cbb4698c0
0x449502,0xcc2ca3860184
0x53cb5b,0xcc2ca3846598
0x53cb5b,0xcc2ca3865718
0x53e62b,0xcc2ca3872ed0
0x558f9a,0xcc2ca385ebf0
0x4518c8,0xcc2ca38789b8
0x448b7a,0xcc2ca37298f8
0x4537e7,0xcc2ca388312c
0x53e62b,0xcc2ca3885330
0x4067c7,0xcc2ca3730f90
0x53cb5b,0x71d5f3f9a4d8
0x4552b0,0xcc2ca3879108
0x447a20,0xcc2ca3896430
0x449e23,0xcc2ca3887a18
0x449e23,0xca49da3bc508
0x456240,0xcc2ca38a5114
0x45eeb8,0xcc2ca38a98f0
0x45eeb8,0xcc2ca38a8bb0
0x53df0a,0xcc2ca38b1c70
0x456269,0xcc2ca38b9128
0x45eeb8,0xcc2ca38b6410
0x45ee89,0xcc2ca38c7230
0x4552b0,0xcc2ca377ebd8
0x558f9a,0xcc2ca377ed50
0x4552b0,0xcc2ca37925e8
0x4552c0,0xcc2ca37a5a84
0x4552b0,0xcc2ca38cb398
0x4552c0,0xcc2ca37bbf54
0x45ff7e,0x255430256c3c
0x45ff7e,0xcc2ca38e09bc
0x45ff56,0xcc2ca38e2740
0x45ff56,0xcc2ca38e5300
0x46d75a,0xcc2ca38debe0
0x410b32,0xcc2ca38ded70
0x53cb5b,0x71d5f3ef8988
0x443d2b,0x4741a641bf71
0x45ff89,0x66598a7ba4c0
0x45ff56,0x4741a6420180
0x45ff4d,0xa7d08ad75278
0x463a8d,0x6c537036b578
0x45ff89,0x4741a6425700
0x46d15e,0x6c537036b380
0x46d773,0x4741a6432ec0
0x410800,0x4741a6432ea0
0x46d181,0x6c537034cd80
0x45ff62,0x6c5370370990
0x46d18d,0x4741a643a4d0
0x53cb5b,0x4741a6440d68
0x412cce,0x4741a6441c51
0x410b90,0x4741a644b548
0x45ff7a,0xd79e62ae2758
0x45ff7e,0xd79e62be98d8
0x45ff7e,0xca49da3c8b8c
0x45ff7e,0x8d986902b38c
0x412d56,0x8a4feef88b88
0x47338d,0x8a4feef863ac
0x451882,0x6af9d6d16748
0x47338d,0xcc2ca381642c
0x412999,0x4d2bb47bebe0
0x4561ac,0x4d2bb47c63b4
0x558f9a,0x4d2bb47c65b0
0x45ee80,0x4d2bb47c8ba0
0x47338d,0x4d2bb47d9fbc
0x46d193,0x71d5f3e9c530
0x53cacd,0xcc2ca38bbf58
0x463a96,0x5115330ccd80
0x463aa3,0xb381a3bf4c
0x463e27,0xb381a3bda0
0x463e27,0xb381a46380
0x46d75a,0xb381a46580
0x443d2b,0x4741a6413551
0x53cb5b,0xb381a4cd88
0x463aa3,0xb381a4e81c
0x412719,0xb381a51c48
0x53cacd,0x2c2cbb4bbda8
0x45ff56,0x11e281df9100
0x46d773,0x4741a6414f80
0x412c87,0x11e281e047d8
0x409edb,0x32bd14b925e8
0x443d2b,0x32bd14b96c31
0x46d75a,0xc1b5f0189b0
0x47338d,0x69dd93b79fac
0x46d151,0xe470055e7a08
0x53cacd,0xe470055f1c48
0x412c87,0xe470055f25d8
0x46d773,0xcc2ca38ecda0
0x53cb5b,0xc5e52af59118
0x46d773,0xb381a53560
0x443d2b,0xc5e52af68b91
0x443d2b,0xc5e52af709b1
0x463a96,0xdd2838a59100
0x46d193,0xe470055e7cf0
0x46091a,0xb1739fbcc1c8
0x47338d,0xc5e52af7642c
0x409edb,0xb1739fbd1c78
0x4602e0,0x133ad1cacd90
0x412768,0x1719cc5dc48
0x46091a,0x1719cc66388
0x45ff62,0x1719cc725e0
0x46d18d,0x28d7cf4d1c40
0x47338d,0x1719cc7dc5c
0x46d18d,0x1719cc8e830
0x53cacd,0x464939aec658
0x46d773,0x8d98690272a0
0x4608f0,0x4741a643e508
0x45ff56,0x11e281e05700
0x46d773,0x66598a767220
0x412719,0x54962a2c08c8
0x412768,0x54962a2c0988
0x46d18d,0x3a0447246380
0x412cc0,0x3a044724d798
0x411557,0x24d6558ecd8c
0x46091a,0x3a044724bcb8
0x53cacd,0xcc2ca37fbd98
0x412c87,0x3a044725dc78
0x47338d,0x3a044726513c
0x412c87,0x3a044726b548
0x53cacd,0x3a044726d7b8
0x412c87,0x3a044726e838
0x409edb,0x4d2bb47c5108
0x45ff4d,0x66598a7a10c8
0x45ff56,0x3a0447275240
0x45ff4d,0x28e837c8dfc8
0x45ff56,0x99d8269cc1c0
0x47338d,0x24d6558f4fbc
0x409edb,0x71d5f3e1ebf8
0x53cacd,0x99d8269d31e8
0x47338d,0x99d8269d4f8c
0x463e27,0x99d8269d8fe0
0x412c87,0x99d8269de538
0x443d2b,0x99d8269e7c51
0x409edb,0x99d8269ed7b8
0x46d181,0x71d5f3fcb380
0x463e27,0x99d826a00180
0x45ff7e,0x99d8269f472c
0x53cacd,0x66598a7b2e98
0x53cb5b,0x66598a7b2ed8
0x463aa3,0xbf7dd5e51c4c
0x412743,0xbf7dd5e51e38
0x45ff7e,0xbf7dd5e54f8c
0x45ff56,0xbf7dd5e5ed60
0x4608f0,0x66598a805108
0x46091a,0xbf7dd5e66398
0x412cc0,0xbf7dd5e6e838
0x46091a,0xbf7dd5e7bf68
0x53cb5b,0xd79e62a8e838
0x46d75a,0xbf7dd5e8e830
0x412755,0xbf7dd5e93d00
0x412743,0xbf7dd5e91c58
0x53cb5b,0xbf7dd5e98ff8
0x409edb,0xd79e62b531c8
0x53cacd,0xbf7dd5e9bdb8
0x46d75a,0xbf7dd5e9c500
0x4608f4,0x6c6f1e4c5100
0x443d2b,0xbf7dd5e54731
0x46d75a,0xbf7dd5ea5a80
0x46d18d,0x71d5f3fd4f80
0x46d743,0xbf7dd5e52ef8
0x46d773,0xcdaaa6e309a0
0x46d18d,0xbf7dd5eb4700
0x4608f0,0xbf7dd5ebbf68
0x53cb5b,0xbf7dd5ec1188
0x463aa3,0xdd2838a647dc
0x443d2b,0xbf7dd5ed2ef1
0x45ff56,0x8a4feef52ec0
0x443d2b,0xbf7dd5e8b551
0x4608f4,0x28e837cf2e80
0x46d18d,0xbf7dd5ee0990
0x463aa3,0xbf7dd5ee11ac
0x463a8d,0xbf7dd5e7ed68
0x45ff7e,0xbf7dd5ee7cec
0x5405e9,0xbf7dd5eee838
0x463a8d,0xbf7dd5e9e528
0x463a8d,0xbf7dd5e9dc68
0x4608f0,0xbf7dd5f05318
0x463a8d,0x66598a76b3a8
0x46d18d,0xbf7dd5f113a0
0x4608f0,0xbf7dd5f210d8
0x46d75a,0xbf7dd5f247d0
0x45ff56,0x28d7cf4210c0
0x45ff56,0x28d7cf415100
0x53cb5b,0xbf7dd5f325f8
0x45ff62,0xbf7dd5f3a4d0
0x473397,0xbf7dd5f408d8
0x47338d,0xbf7dd5f4098c
0x409edb,0x71d5f3e8c1f8
0x463aa3,0xbf7dd5f5471c
0x53cb5b,0xfafbfab0e818
0x46d18d,0xcc2ca3754730
0x412c87,0xbf7dd5f610e8
0x4602e0,0xbf7dd5f611b0
0x463aa3,0xbf7dd5f6531c
0x46d75a,0xbf7dd5f71c40
0x460950,0x71d5f3e4c670
0x45ff62,0x878ddfa41c40
0x46091a,0x71d5f3f21c68
0x443d2b,0x4741a6427291
0x46d15e,0x4741a6419100
0x4106a7,0x2c2cbb5c5108
0x53cacd,0xa1abd7fded58
0x443d2b,0xbf7dd5f925f1
0x47338d,0xbf7dd5f931dc
0x53cacd,0xbf7dd5f96c18
0x443d2b,0x2554302a10f1
0x463a8d,0x2554302a1c78
0x45ff7a,0x25543025dc5c
0x443d2b,0xbf7dd5fa5ab1
0x47338d,0xbf7dd5fabc94
0x473397,0xbf7dd5fb2e80
0x443d2b,0xbf7dd5fb4711
0x463aa3,0xbf7dd5fc0d4c
0x410800,0xbf7dd5fc10f0
0x42ccad,0xbf7dd5fc11a0
0x412c87,0xbf7dd5fc47e8
0x412cc0,0xbf7dd5fc7218
0x410c00,0xbf7dd5fc72a8
0x410c00,0xbf7dd5fcbc88
0x463e27,0xbf7dd5fd3540
0x45ff56,0x4741a6418fd0
0x46d75a,0xbf7dd5fd5120
0x410c00,0xbf7dd5fd5268
0x45ff7e,0xedc51a8e3100
0x412cc0,0xbf7dd5fe6388
0x473397,0xbf7dd5fe6590
0x443d2b,0xbf7dd5fe8b81
0x42ccad,0xbf7dd5feb380
0x410c26,0xbf7dd5ff31f8
0x46d75a,0xbf7dd5ffed40
0x53cb5b,0xbf7dd6000188
0x46d75a,0xbf7dd6005100
0x463e27,0xbf7dd60098e0
0x46d75a,0xbf7dd600b570
0x46d18d,0xbf7dd600c640
0x4115a9,0xbf7dd600dfc0
0x47338d,0xbf7dd601139c
0x463aa3,0xbf7dd6013d0c
0x45ff56,0xbf7dd6016c20
0x45ff4d,0xa7d08ad75118
0x410b32,0xbf7dd6021c40
0x46d193,0x1719cc76c30
0x45ff56,0xbf7dd6027cc0
0x45ff7a,0xbf7dd6027c6c
0x53cacd,0xbf7dd602dfd8
0x53cb5b,0x71d5f3e389a8
0x45ff56,0xbf7dd60408c0
0x460050,0xedc51a8fbda0
0x410c00,0xbf7dd6045118
0x463aa3,0xbf7dd6047a0c
0x443d2b,0xaa4eb5de23e1
0x410800,0xaa4eb5de1c70
0x443d2b,0xaa4eb5de2751
0x443d2b,0xaa4eb5de7a11
0x410b32,0xaa4eb5de98c0
0x46d181,0xaa4eb5dec640
0x42ccad,0xaa4eb5df3560
0x410c00,0xaa4eb5df6c38
0x46d75a,0xaa4eb5dfa4d0
0x46d181,0x9ae0765fbd80
0x45ff7e,0x2c2cbb5b6c10
0x4602e0,0x9ae0765fc530
0x463a8d,0x3a0447263128
0x53cacd,0x9ae076603118
0x53cb5b,0x9ae0766063b8
0x45ff7a,0x2c2cbb55e520
0x46d75a,0x9ae076607200
0x412cc0,0x9ae0766072b8
0x412cc0,0xbf7dd5e78fd8
0x463aa3,0x7c53326f1c6c
0x410c00,0x7c53326f1e08
0x42ccad,0x1719cc95240
0x412c87,0xc8d28174708
0x45ff62,0x28e837cfdc70
0x53cacd,0xc8d2817bd98
0x45ff62,0xaff5007c98c0
0x45ff56,0xaff5007d25f0
0x410b32,0xc8d2817ebf0
0x46001c,0x2c2cbb465308
0x412c87,0xc8d28185118
0x463a96,0xdd2838a59fa0
0x47338d,0xc8d2818e834
0x463a96,0xdd2838a60198
0x53cacd,0xc8d281a1c68
0x46d773,0xc8d281a3120
0x410c00,0xc8d281a7a08
0x473397,0xc8d281a7c50
0x443d2b,0xc8d281ac661
0x443d2b,0x24d65593a4f1
0x45ff4d,0x28e837c8e828
0x410b32,0xc8d281b1e10
0x463a8d,0x51a63c50fb8
0x410b90,0xc8d281b6748
0x45ff4d,0x6c537038d7b8
0x460050,0x8876f2fd89a0
0x410b32,0xc8d281c7c60
0x46001c,0x28d7cf3f4700
0x473397,0xc8d281ccd98
0x463a8d,0xbf7dd5e8c678
0x45ff7a,0x49950ab4bca8
0x45ff56,0xc8d281dbf60
0x473397,0xc8d281e0990
0x412c87,0xc8d281e5118
0x410c00,0xc8d281f0f98
0x45ff4d,0x28e837c9ed78
0x410c00,0xc8d28201198
0x412cce,0xc8d282010d1
0x409eee,0xc8d28202778
0x5405e9,0xc8d282072b8
0x473397,0xc8d282098d8
0x410b32,0xc8d28210f80
0x45feea,0xd6932876511c
0x463a96,0xdd2838a608d0
0x47338d,0xc8d282208e4
0x46d773,0x511533133560
0x47338d,0xc8d2822dff4
0x42ccad,0x878ddfa210c0
0x53cb5b,0xbf7dd5f509b8
0x46d15e,0xbf7dd5ef6c10
0x463aa3,0xc8d28239fac
0x473397,0xc8d2823a4c8
0x46d773,0x71d5f3e2b570
0x443d2b,0xc8d282423d1
0x443d2b,0xc8d28242741
0x46d15e,0x49950ab113a0
0x46d75a,0xc8d28245110
0x53cacd,0xc8d2824b548
0x410b32,0xc8d2824c660
0x45ff62,0x98f5690e5a80
0x45ff56,0x71d5f3e51350
0x47338d,0xc8d2825135c
0x463a96,0xdd2838a60d50
0x47338d,0xc8d28261c4c
0x410c00,0xc8d28267a38
0x47338d,0xc8d28267c64
0x45ff56,0xcc2ca38e2740
0x46d15e,0xc8d28270fb0
0x53cb5b,0xbf7dd6002748
0x47338d,0xc8d2827ebe4
0x443d2b,0xc8d282808d1
0x53cacd,0xc8d282847c8
0x46d15e,0xc8d282211a0
0x41091b,0x49950ab2c648
0x443d2b,0xc8d28290fa1
0x46d181,0xc8d28291340
0x45ff4d,0x66598a7810d8
0x473397,0xc8d28292e80
0x5405e9,0xc8d28299fb8
0x45feea,0xd693286c0190
0x5405e9,0xc8d282a1c78
0x45ff56,0xc8d282a5a80
0x443d2b,0xcc2ca38e10e1
0x42ccad,0xc8d282a7a30
0x410b90,0xc8d282a8b88
0x45ff4d,0x28e837c92e80
0x53cacd,0xc8d282b5138
0x473397,0xc8d282bbf40
0x410887,0xc8d282bbd80
0x46d773,0xc8d282c0990
0x47338d,0xc8d282c6394
0x47338d,0xc8d282c659c
0x46d18d,0xc8d282d0f90
0x42ccad,0x66598a799100
0x45ff56,0xfdfd3a8c3130
0x45ff4d,0x6c537038dff8
0x45ff56,0x66598a795130
0x45ff62,0xcc2ca3805320
0x47338d,0xc8d282f6404
0x53cacd,0xc8d283023f8
0x53cacd,0x6c5370387c58
0x41091b,0x878ddf9d9108
0x47338d,0xc8d28307a04
0x46d15e,0xc8d281d89a0
0x45ff90,0xca49da3f3540
0x473397,0xc8d28313540
0x46d193,0xc8d28316c30
0x47338d,0xc8d2831910c
0x47338d,0xc8d2831bd94
0x45ff7a,0x4741a643642c
0x443d2b,0xc8d28327ce1
0x53cacd,0xc8d283298d8
0x473397,0xc8d283331c0
0x46d18d,0xc8d28336c30
0x412cc0,0xc8d2833c518
0x463aa3,0xc8d283447cc
0x45ff56,0xc8d283463a0
0x45ff7e,0xc8d28347a0c
0x45ff4d,0x66598a781198
0x45ff56,0x98f5690dbf70
0x45ff7e,0xc8d2835356c
0x410b32,0xc8d28360d50
0x463e27,0xc8d28363110
0x45ff4d,0x28e837c9e518
0x53cb5b,0xc8d2836d7b8
0x410c00,0xaf4780c8c1f8
0x53cacd,0xaf4780c8e808
0x45eebb,0x28e837ce3118
0x45fd16,0x66598a794f80
0x45ff7a,0x28d7cf56277c
0x53df14,0xb66056925a98
0x53e0c1,0x4741a6432ea0
0x46d633,0x6c537034cd80
0x4494de,0xe2032d89a4c0
0x53e088,0x4741a643a4d0
0x45eeb8,0x4741a6447ce0
0x45eeb8,0xb6605691ed40
0x53e083,0x1719cc8e830
0x53e083,0xbf7dd5f113a0
0x53e083,0xbf7dd5fc10f0
0x53e083,0x1719cc76c30
0x451882,0xb6605691ebc8
0x46d75a,0xcc2ca38debe0
0x410f8a,0xcc2ca38ded70
0x4494de,0xb66056932e80
0x44952d,0xb66056932ed8
0x558f9a,0x4741a64298f0
0x448b5d,0x6c537036b578
0x46d736,0x6c537036b380
0x46d773,0xcc2ca3718fec
0x412cce,0x4741a6441c51
0x4494ea,0xcc2ca3731c40
0x410f25,0x4741a644b548
0x46d614,0xb66056938980
0x45eeb8,0xb6605691e520
0x558f9a,0xb6605693c530
0x45ff56,0x255430293560
0x45ff7a,0xd79e62ae2758
0x45ff7e,0xd79e62be98d8
0x449947,0xcc2ca3838990
0x42d5e0,0x7ebb3c899fb0
0x494c73,0xcc2ca38210f0
0x494c73,0x7ebb3c7d4fb0
0x443d2b,0x7ebb3c89e501
0x47338d,0xcc2ca381642c
0x46d773,0x6af9d6d19120
0x447a40,0x8a4feef51350
0x4537e7,0x6af9d6d125cc
0x494c73,0xd79e62a58fd0
0x494c73,0x66598a823100
0x494c73,0x8a4feef6b380
0x494c73,0x28e837c90fb0
0x494c7e,0x8a4feef75138
0x494c93,0x6af9d6d201b8
0x447a20,0x6af9d6d15100
0x4552b0,0x6af9d6d12e98
0x4552c0,0x6af9d6d12ed4
0x45ff56,0xd6932877ebc0
0x412d56,0x8a4feef88b88
0x47338d,0x8a4feef863ac
0x53cb5b,0xca49da3e98f8
0x451882,0x8a4feef85308
0x45ee80,0xcc2ca37c1180
0x45ee80,0x6af9d6d1ebe0
0x559fe0,0x2c2cbb507ce8
0x494c73,0x5115330c10e0
0x42d333,0xb66056956748
0x494c73,0x71d5f3f94f80
0x45eeb8,0x4d2bb47c7220
0x451882,0x4d2bb47c7288
0x473397,0xbcd57edf9118
0x53cb5b,0xbcd57edfbd98
0x46d75a,0x66598a841c70
0x456269,0x55c693e4d7b8
0x45ee80,0x55c693e52eb0
0x456198,0xff3c8d5b5268
0x4518c8,0x6af9d6d16c38
0x53cb5b,0x66598a82dfc8
0x412d56,0x66598a843108
0x448b5a,0x5115330c47c8
0x449502,0xff3c8d5bdc44
0x451882,0x5115330c7a28
0x463e27,0xff3c8d5c10e0
0x494c82,0x66598a7f8988
0x494c7e,0x66598a807c78
0x494c73,0x66598a825a80
0x447a14,0xff3c8d5cb574
0x448b83,0xff3c8d5cc640
0x45ff56,0x66598a83e510
0x47c586,0x28e837cc3120
0x45eea0,0xff3c8d5cb3a8
0x53df14,0x2c2cbb4bbda8
0x53de87,0x49950aac2760
0x4518c8,0x5115330c5ab8
0x4608e7,0x66598a7f1e38
0x45ff62,0xff3c8d5e7c40
0x46d729,0x71d5f3e9bf48
0x443d2b,0xcc2ca37408d1
0x46091a,0xff3c8d5f4fa8
0x443d2b,0xff3c8d5f2e91
0x53cacd,0xd79e62c33558
0x45ff4d,0x66598a7a11a8
0x460050,0xc8d282731f0
0x409edb,0x878ddfa32ea8
0x53cacd,0x878ddfa32ec8
0x460050,0xc8d282a98f0
0x463e27,0xff3c8d6125e0
0x47338d,0xff3c8d618ffc
0x46091a,0xfc47cbc2d788
0x46d614,0xff3c8d621c40
0x448b7a,0xff3c8d5edfd8
0x53df0a,0xd693287698d0
0x46d633,0xe470055e7a08
0x448b7a,0xff3c8d5f6438
0x53df14,0xe470055f1c48
0x456331,0x66598a7f2e90
0x4518c8,0xff3c8d6247f8
0x46d614,0xff3c8d627a00
0x53df14,0x2c2cbb5cc658
0x449502,0xb1739fbce804
0x45ee80,0xff3c8d615260
0x53df14,0xcc2ca37fbd98
0x456269,0x66598a7f1398
0x451882,0x5115330c5708
0x558f9a,0xff3c8d5e6580
0x558f9a,0xff3c8d5ed7b0
0x411d2f,0xff3c8d5f6750
0x447a20,0xff3c8d60bc90
0x4552b0,0xff3c8d615138
0x46d736,0x6c5370367a30
0x456198,0xff3c8d62dfd8
0x4602e0,0xff3c8d62d7b0
0x47338d,0xff3c8d634734
0x456198,0xff3c8d634f98
0x412cce,0xd6fa95373551
0x4561ac,0xd6fa95376c14
0x456198,0xd6fa9537bf48
0x558f9a,0xd6fa953847c0
0x46d773,0xd6fa9538b560
0x558f9a,0xd6fa9538c660
0x45eeb8,0xd6fa9538e800
0x4537e7,0xd6fa9539098c
0x410c00,0xd6fa95391c48
0x447a40,0xd6fa953925d0
0x448b7a,0xd6fa95396408
0x45eeb8,0xd6fa95398fc0
0x448b7a,0xd6fa9539bd88
0x45eea0,0xd6fa953a08f8
0x412cc0,0xd6fa953a2778
0x4561ac,0xd6fa953a5114
0x47338d,0xd6fa95372e84
0x47338d,0xd6fa95396764
0x46d75a,0xd6fa9539bf40
0x473397,0xd9e9d65d5100
0x46d773,0xd9e9d65d6c20
0x45ff89,0xca49da3f3540
0x46d15e,0x71d5f3eb4730
0x53cb5b,0xcc2ca3847a08
0x463a96,0x2149a6cab540
0x460050,0x71d5f3e725e0
0x411557,0xd9e9d65e0d4c
0x46d773,0xd9e9d65e1190
0x410b32,0xd9e9d65e47f0
0x473397,0xd9e9d65e8b80
0x412cc0,0xd9e9d65ec1e8
0x47338d,0xd9e9d65f6c24
0x46d18d,0xd9e9d65febd0
0x47338d,0xd9e9d66010d4
0x443d2b,0xd9e9d66023d1
0x47338d,0xd9e9d66011a4
0x443d2b,0xd9e9d6602741
0x409eee,0xd9e9d66008f8
0x53cb5b,0xd9e9d6600988
0x45ff62,0xd9e9d66098f0
0x410b32,0xd9e9d6606380
0x473397,0xd9e9d6606580
0x443d2b,0x49950aa74f91
0x410725,0xd9e9d660cd80
0x473397,0xd9e9d6616410
0x4106a7,0xb381a4dfc8
0x463aa3,0xd9e9d661ed4c
0x46001c,0x28d7cf5208f8
0x46d18d,0xcc2ca3833570
0x45eeb8,0xff3c8d5c3120
0x45eeb8,0xd9e9d6627c60
0x451882,0xd9e9d6627cc8
0x45ff7e,0xc8d2835356c
0x45ff56,0xd9e9d66423e0
0x451882,0x55c693e4dfe8
0x45ee80,0xd6fa95379110
0x45ee80,0xd9e9d6653d10
0x45ee89,0x5115330c65b0
0x4518c8,0xd6fa95394738
0x45eeb8,0x5115330c5100
0x451950,0xd9e9d666d7b8
0x45ee80,0xd9e9d6672e90
0x449502,0xff3c8d61ed44
0x451882,0xd9e9d662b548
0x447a40,0xd9e9d6636770
0x451882,0xd9e9d6690f98
0x4494de,0xd693286ed780
0x45ee80,0xd9e9d663c520
0x45ee89,0xd9e9d6693570
0x45ee80,0xd9e9d6696430
0x448b7a,0xd9e9d661ebe8
0x4552b0,0xd9e9d65d8fd8
0x4552b0,0xd9e9d6675138
0x4552c0,0xd9e9d6675254
0x447a20,0xd9e9d65e2750
0x45528e,0xd9e9d65edfd4
0x447a39,0xd9e9d65f1e30
0x558f9a,0xd9e9d6687200
0x558f9a,0xd9e9d66125d0
0x45528e,0xd9e9d6613544
0x45ff89,0xca49da3f3540
0x449609,0xcc2ca3721c40
0x473397,0x4d2bb47cdfc0
0x463a96,0x5829a6ee1180
0x494c73,0x7ebb3c7d4fb0
0x42d333,0xcc2ca382e808
0x4602e0,0x7ebb3c892ea8
0x411d2f,0x7ebb3c892ef0
0x451882,0x5115330c7228
0x45eeb8,0x7ebb3c88d780
0x4115a9,0xd9e9d66a6580
0x443d2b,0xcc2ca36f3551
0x53cb5b,0xd9e9d66ad7b8
0x45ff7e,0xc8d2835356c
0x45ff56,0xd9e9d66b1360
0x443d2b,0xd9e9d66b3d11
0x53cacd,0xd9e9d66b89a8
0x4115a9,0xd9e9d66b9f80
0x46d75a,0xd9e9d66c01a0
0x412c87,0xd9e9d66c47e8
0x4608f0,0xd9e9d66c5118
0x443d2b,0xd9e9d663e531
0x46d18d,0x66598a7d2ea0
0x46d181,0x66598a7d2ec0
0x460050,0xd9e9d663ebf0
0x46d193,0xc2041aa78ff0
0x53cacd,0x7ebb3c825728
0x53cb5b,0xa980922fdc68
0x463e27,0xa98092300190
0x45ff62,0xc911b24d89a0
0x45ff7a,0xc911b24da4cc
0x412755,0x5829a6ee6580
0x443d2b,0xc8d28296431
0x46d18d,0xce1384f73540
0x46d193,0xedc51a8ebcb0
0x412743,0xce1384f808f8
0x47338d,0xce1384f8099c
0x412c87,0xce1384f85ab8
0x463aa3,0xce1384f8dfdc
0x473397,0xce1384f91358
0x47338d,0xce1384f9355c
0x45ff56,0xfdfd3a8c3130
0x46d743,0xcc2ca37109b8
0x5405e9,0xce1384fa3138
0x45ff56,0xce1384fab560
0x412cc0,0xd6fa9536e838
0x443d2b,0xce1384fb0991
0x412cc0,0xce1384fb1348
0x4608e7,0xce1384fb13b8
0x53cb5b,0xce1384fb25d8
0x4608f0,0x71d5f3fb1398
0x47338d,0xce1384fb473c
0x46d75a,0xce1384fc7a10
0x47338d,0xce1384fc7c4c
0x463aa3,0xce1384fcbcac
0x460050,0xcc2ca386d7b0
0x53cacd,0xcc2ca36edfc8
0x45ff7e,0xce1384fded4c
0x412cc0,0xce1384fe1c68
0x412768,0xce1384feb388
0x46001c,0x28d7cf501188
0x46d743,0xd9e9d65d0fb8
0x53cacd,0xce1384ff09a8
0x46091a,0xce1384ff4708
0x53cb5b,0xd69328774708
0x463e27,0xce1384ff2e80
0x45fee6,0x28d7cf4dbf5c
0x412cc0,0xce1384ff5138
0x463e27,0xce1384ff9110
0x45ff4d,0x66598a781198
0x45ff56,0xce1385001c40
0x46d743,0xce1384fac678
0x46d773,0xce1385005120
0x47338d,0xce1384ffebfc
0x463aa3,0xce1385008b8c
0x443d2b,0xce1384fc2751
0x53cacd,0xce138500c1d8
0x473397,0xce138500e808
0x463e27,0xce13850125d0
0x47338d,0xce1385018fec
0x5405e9,0x41d09e9c01b8
0x47338d,0xd6fa9537ebfc
0x46091a,0xce1385025138
0x47338d,0xce138502c1dc
0x4608f0,0xce1385031348
0x463e27,0xce13850331f0
0x4608f0,0xce1385034728
0x45ff7e,0xce13850210cc
0x46d18d,0x2c2cbb5e08d0
0x53cacd,0x2c2cbb5e0988
0x412cc0,0xce138503ed78
0x46d18d,0xce1385048b80
0x412cc0,0xce138504c648
0x4608f0,0x4741a642b388
0x53cacd,0xce13850509a8
0x47338d,0xce1385052ecc
0x46d18d,0xce1385058990
0x463a8d,0xd6fa95385aa8
0x473397,0xce138505a4c8
0x45ff56,0x98f5690dbf70
0x412755,0xd9e9d65ebc80
0x47338d,0xce138506511c
0x46d773,0xce1385020d60
0x46091a,0xce1385067288
0x443d2b,0xce1385027231
0x412cc0,0xce138506e808
0x46d773,0xce1385027ce0
0x409eee,0xd79e62bddc78
0x46d773,0xc8d28347c60
0x463aa3,0xce1385078fcc
0x412755,0xce138507a4c0
0x53cacd,0xce1385085a88
0x412c87,0xce1385087a08
0x473397,0xce1385087cc8
0x5405e9,0xce138508b3b8
0x463e27,0xd6fa9538cdb0
0x463e27,0xce1385096770
0x46d75a,0xce138509ed50
0x47338d,0xce13850b912c
0x473397,0xce13850bc508
0x409edb,0xce13850bbdb8
0x463aa3,0xce13850be52c
0x46d18d,0xd9e9d65f25e0
0x46d743,0xd9e9d65d4738
0x412cc0,0xd6fa95392ea8
0x4115a9,0xd6fa95392ec0
0x53cb5b,0xce13850c7298
0x412c87,0xce13850d4738
0x463aa3,0xce13850ddc5c
0x443d2b,0xce13850a65b1
0x46d18d,0xce13850e7230
0x45ff62,0xce13850eb560
0x45ff56,0xce13850f1340
0x45ff62,0xce13850f25d0
0x443d2b,0xce13850e7c71
0x46d181,0xd79e62abebc0
0x463aa3,0xce138510313c
0x4608f0,0xce13851047e8
0x53cb79,0xd9e9d66b4710
0x46d773,0xce13850d6740
0x443d2b,0xce1385116c11
0x4608e7,0xce138512c678
0x46d729,0xbf7dd6015108
0x47338d,0xce138513912c
0x53cb5b,0x6c537032cda8
0x47338d,0xce138514276c
0x412cc0,0xce1385145738
0x4608f0,0xce1385150fa8
0x409edb,0xce138514e838
0x463aa3,0xce1385152e9c
0x46d75a,0xce1385152ef0
0x46091a,0xce1385051358
0x412755,0xce1385051380
0x47338d,0xce13851531fc
0x47338d,0xce138515641c
0x443d2b,0xce138511bf61
0x45fee6,0x28d7cf4011ac
0x409eee,0xce1385162778
0x45ff56,0xce13851065b0
0x463e27,0xce13851731d0
0x46d729,0xce13851725c8
0x412743,0xce1385173568
0x47338d,0x67b1c33c512c
0x443d2b,0x67b1c33c7c71
0x443d2b,0xce1385136431
0x4608f0,0x49950aae5308
0x443d2b,0xce13851463b1
0x45ff7a,0x28d7cf56277c
0x46d75a,0xcd28e571ed40
0x463e27,0xcd28e5725120
0x46d75a,0xcd28e5725320
0x46d773,0xc8d283465a0
0x46d151,0xcd28e5726388
0x409edb,0xcd28e5727a18
0x53cb79,0x2c2cbb605120
0x46001c,0x28d7cf3f4700
0x558f9a,0xff3c8d633540
0x45eebb,0x28e837ce3118
0x4518c8,0xcd28e5738ff8
0x456269,0xff3c8d631c78
0x4518c8,0xcd28e573a4f8
0x456269,0xff3c8d631e08
0x448b7a,0xa980922fbf48
0x53df14,0xcd28e57408e8
0x53cb5b,0xcd28e5736778
0x494c73,0xd9e9d664cd80
0x42f2dc,0xff3c8d6331d0
0x447a20,0xd6fa95371e00
0x44959d,0x66598a7531c0
0x4518c8,0xce1384f74fb8
0x45eea0,0xce1384f8d7a8
0x53df14,0x4d2bb47c1c78
0x45ee80,0xd6fa95371c50
0x494c73,0x99d826a02770
0x47338d,0xd6fa95372e84
0x559fe0,0xd79e62a67c58
0x42d5ac,0xcd28e5734fb8
0x42dd73,0xd6fa95379fa8
0x53df14,0xd79e62c27c68
0x4494f2,0xcd28e5767c40
0x53df14,0xd9e9d65dc528
0x449502,0xe2032d899104
0x45fdd7,0xaff5007c98c0
0x46d633,0xcd28e576dfd0
0x4518c8,0xcd28e576cdb8
0x456331,0xd6fa95378990
0x45fdd7,0xaff5007d25f0
0x46d633,0xcd28e576e810
0x53e65a,0xd6932878b568
0x449609,0xd79e62b8cda8
0x448b7a,0xd6fa95380d78
0x448b7a,0xce1384ff2ec8
0x45fdd7,0xaff5007f5240
0x53df14,0xcd28e5787208
0x53e62b,0xcd28e578dfc0
0x53e62b,0xcd28e5792eb0
0x46d614,0xcd28e5792ec0
0x494c73,0xcd28e5799100
0x494c73,0xcd28e579a4c0
0x4602e0,0xd6fa95381c78
0x451882,0xce138502bcb8
0x45eeb8,0xcd28e57ab550
0x4494f2,0xcd28e57adfc0
0x456269,0xce13850263a8
0x53e62b,0xcd28e57b6400
0x494c73,0xcd28e57b9fb0
0x494c7e,0x6af9d6d131f8
0x449947,0xd6fa9538b560
0x448b7a,0xce138505ebd8
0x53df14,0x7ebb3c845138
0x456269,0xce138505e538
0x45fdd7,0xfc47cbc2c1c0
0x53df14,0x2c2cbb596758
0x448b5a,0xd6fa95396408
0x4518c8,0xce13850b9fb8
0x45eeb8,0xce13850ab3a0
0x53df0a,0xcd28e57e3130
0x451882,0xcd28e57e7208
0x45fe42,0x28d7cf415100
0x4537e7,0xce13850be52c
0x494c73,0x71d5f3e8cd80
0x47338d,0xd6fa95396764
0x46d75a,0xd6fa9539bf40
0x559fe0,0x7ebb3c8465b8
0x4494ea,0x71d5f3e00d48
0x4495c3,0xd79e62b54720
0x53e65a,0x28d7cf419fb8
0x4518c8,0xce13850e0d78
0x53e65a,0xcd28e5802778
0x46d633,0xcd28e5806590
0x53e65a,0x2c2cbb614738
0x45fe42,0x28d7cf4acd80
0x494c73,0xcd28e5811370
0x473397,0xd9e9d65d5100
0x42f294,0xd6fa953a08f8
0x45eeb8,0xce13851125e0
0x53df14,0xcd28e58208d8
0x53df14,0xcd28e5825308
0x44952d,0xcd28e5828b98
0x494c73,0xce1384ffa4f0
0x45ff56,0x66598a795130
0x45eeb8,0xd6fa953a5730
0x456269,0xd6fa953a7a08
0x456269,0xd6fa953a7cf8
0x45ee80,0xd6fa953a7c60
0x4518c8,0xcd28e583c538
0x4494ea,0xcc2ca370cd88
0x494c7e,0xcd28e584cdb8
0x494c73,0xcd28e584e810
0x494c7e,0xb660569513b8
0x559fe0,0x7ebb3c841c48
0x42d593,0x7ebb3c8408f0
0x456269,0x67b1c33c11b8
0x449502,0xc8d28222744
0x46d633,0xce138516bc80
0x451882,0xcd28e585bdb8
0x451882,0xd6fa953ad7b8
0x53e5fc,0xcd28e58647f8
0x4537e7,0xcd28e58531cc
0x53cb5b,0xd6fa9538b398
0x4115a9,0xd9e9d66a6580
0x46d736,0xcc2ca36f0fb0
0x4552c0,0xd9e9d66b5264
0x46d773,0xc8d2835356c
0x448b5d,0xc8d28354710
0x411d2f,0xce1384f808f8
0x45528e,0xce1384f931c4
0x558f9a,0xce1384f93d10
0x4552c0,0xce1384f99fa4
0x448b63,0xd9e9d66ba4c8
0x412cc0,0xd6fa9536e838
0x447a20,0xcd28e5755260
0x4552c0,0xcd28e5755114
0x412cc0,0xce1384fb1348
0x447a20,0xce1384fc7200
0x4552c0,0xce1384fcb3a4
0x447a40,0xce1384febcb0
0x448b5d,0xce1384fec1d0
0x46d773,0xd9e9d65d0fb8
0x412cc0,0xce1384ff5138
0x45736c,0xce1385005120
0x558f9a,0xcd28e57863b0
0x4552c0,0xce138502b574
0x4552c0,0xce13850309b4
0x558f9a,0xce1385033d00
0x411d2f,0xce1385033550
0x559212,0xce1385038ff0
0x447a20,0xce1385045a90
0x411d2f,0xce1385045110
0x447a39,0xce1385060d70
0x4552c0,0xce1385065734
0x4552b0,0xce1385068b88
0x4552b0,0xce138506cdb8
0x412cc0,0xce138506e808
0x45736c,0xc8d28347c60
0x448b63,0xc8d28347cc8
0x45ff56,0x28d7cf415100
0x4552b0,0xce138507dc68
0x4552c0,0xce138508c1f4
0x558f9a,0xcd28e57d3540
0x411d2f,0xce138508cd90
0x447a40,0xce138509e530
0x45528e,0xce138509ebf4
0x45fd16,0xce13850623c0
0x4552c0,0xce13850a08f4
0x4552b0,0xce13850a0998
0x411d2f,0xce13850a01a0
0x53de87,0xce1385034728
0x53de87,0xce1385031348
0x412cc0,0xd6fa95392ea8
0x4115a9,0xd6fa95392ec0
0x46d773,0xd9e9d65d4738
0x412c87,0xce13850d4738
0x4552c0,0xce13850d4f84
0x448b5d,0xce13850808f0
0x559212,0xce13850e8ba0
0x4552c0,0xce13850f9124
0x448b5d,0xc8d28359fb0
0x448b63,0xc8d2835bf48
0x4552c0,0xcd28e5803104
0x558f9a,0xce13850fdc70
0x4552c0,0xce1385115114
0x558f9a,0xce1385115250
0x4552b0,0xce1385128bb8
0x558f9a,0xce1385140d60
0x411c2e,0xd6fa9539ebe8
0x45528e,0xce13851423d4
0x558f9a,0xce13851525f0
0x46d75a,0xce1385152ef0
0x4552c0,0xce1385165734
0x447a40,0xce1385168bb0
0x4552b0,0xce1385173d28
0x4115a9,0xd6fa953a5a80
0x45528e,0x67b1c33c1c44
0x4552b0,0x67b1c33c5708
0x53de87,0xd9e9d66c5118
0x46d736,0xcc2ca36f25d0
0x447a20,0xcd28e571e530
0x45528e,0xcd28e571ebe4
0x463e27,0xcd28e5725120
0x45ff62,0xfdfd3a8c3130
0x46d736,0xce138504bc90
0x4552b0,0xcd28e572c1c8
0x411d2f,0xcd28e572cda0
0x45ff56,0x66598a795130
0x447a20,0xcd28e5853d00
0x47338d,0xcd28e587bd94
0x53cacd,0x2c2cbb605120
0x47338d,0xcd28e5882774
0x443d2b,0xcd28e588c651
0x45ff4d,0x28e837c8e828
0x45ff56,0xcc2ca38e5300
0x47338d,0xcd28e58925e4
0x47338d,0xcd28e589c53c
0x45ff62,0x5115331401a0
0x45ff7e,0xcd28e58a23dc
0x53cb5b,0xcd28e58a7218
0x53cb79,0x7ebb3c81bdb0
0x410b32,0xcd28e58b13a0
0x410c00,0xcd28e58b1358
0x53cacd,0xcd28e58b2e98
0x53cb5b,0xcd28e58b2ee8
0x473397,0xcd28e58b4f80
0x463a96,0x2149a6cabca0
0x46d15e,0xc911b24ded70
0x46d75a,0xcd28e58c0990
0x4106a7,0x49950aae5108
0x45ff7e,0x28d7cf52728c
0x45ff56,0x28e837cf1e30
0x410b32,0xcd28e58c98d0
0x45ff4d,0x66598a781198
0x412cc0,0xcd28e58cc1d8
0x443d2b,0xcd28e58d4721
0x45ff62,0x255430293560
0x45ff4d,0x28e837c92eb8
0x463a8d,0xce1384fb5278
0x463aa3,0xcd28e58e7c7c
0x46d75a,0xcd28e58e7cd0
0x46d773,0x7ebb3c825300
0x45ff62,0xcc2ca371a4f0
0x473397,0xcd28e58f1e00
0x410887,0xcd28e58f1c40
0x410c00,0xcd28e58fbf78
0x460050,0xce1384fd5120
0x443d2b,0xcc2ca3775131
0x53cacd,0xcd28e5900198
0x53cb79,0xcd28e5905300
0x410c00,0xcd28e5906588
0x45ff7a,0x7ebb3c7f510c
0x45ff62,0xcd28e5908b80
0x53cb79,0x878ddfa15130
0x45ff4d,0x6c537038dff8
0x46d75a,0xcd28e5918fc0
0x410c00,0xcd28e5919108
0x53cacd,0xa040f2045718
0x53cb79,0xcc2ca3721190
0x46d773,0xcc2ca37210d0
0x46001c,0x28d7cf415100
0x45ff56,0xab8966ef89a0
0x45ff4d,0x28e837c9ed78
0x45ff56,0x412e73cae810
0x410b32,0xa040f205bf50
0x46d743,0xcc2ca376b578
0x410c00,0xa040f20608e8
0x410800,0x412e73ccd7a0
0x463aa3,0xa040f206312c
0x410b32,0xa040f2067cf0
0x53cacd,0xa040f20698c8
0x410b90,0xa040f2067c48
0x45feea,0x28d7cf40018c
0x443d2b,0x28d7cf427cf1
0x410700,0xa040f2071340
0x46d743,0x7ebb3c7f6c38
0x46d18d,0xa040f2079120
0x463a8d,0xc8d283509b8
0x46001c,0xfc47cbc2c1c0
0x473397,0xa040f2081180
0x45ff62,0xcc2ca37a09a0
0x443d2b,0xa040f20863b1
0x463e27,0xa040f2091370
0x46d15e,0xce13850709b0
0x46d773,0x28d7cf3f8fc0
0x463aa3,0xa040f20a018c
0x45ff56,0xcc2ca37f8fe0
0x53cacd,0xa040f20a47d8
0x45ff62,0xce13850f25d0
0x42ccad,0x9ae07660dfe0
0x463e27,0xa040f20ac670
0x46d18d,0xcd28e57f3d30
0x45ff4d,0x28e837c92ec8
0x47338d,0xa040f20b2ed4
0x53cb5b,0xa040f20b5278
0x410c26,0xa040f20b6778
0x473397,0xa040f20bed40
0x45ff62,0xff3c8d5e7c40
0x46d193,0xa040f20c23f0
0x45ff7a,0xedc51a8e3100
0x443d2b,0xa040f20c7a21
0x53cb5b,0xa040f20c8b98
0x46d773,0x7ebb3c8001a0
0x47338d,0xa040f20cdff4
0x53cb5b,0xaff5007d4f98
0x45ff62,0xa040f20d6400
0x46d75a,0xa040f20d31f0
0x47338d,0xa040f20d3564
0x410b90,0xa040f20de508
0x46d773,0x8a4feef5ed50
0x473397,0xa040f20e10c0
0x473397,0xa040f20e1190
0x4106a7,0xa040f20e47c8
0x47338d,0xa040f20e5a84
0x46d18d,0xa040f20e7230
0x46d773,0x7ebb3c7a65a0
0x46d15e,0xa040f20edfd0
0x463e27,0xa040f20f1e10
0x45ff7e,0xa040f20f3d3c
0x46d75a,0xa040f20f8990
0x46001c,0xaff5007d25f0
0x47338d,0xa040f2105134
0x47338d,0xa040f210533c
0x45ff56,0xce13851065b0
0x463a96,0x6af9d6d11350
0x46001c,0xaff5007c98c0
0x410800,0xa040f210d7a0
0x47338d,0xa040f2114fa4
0x463a96,0x6af9d6d113a0
0x463e27,0xa040f2116410
0x410c00,0xa040f2116758
0x46d75a,0xa040f2118ff0
0x47338d,0xa040f211ed44
0x463e27,0xa040f21211b0
0x443d2b,0xa040f2122741
0x4602e0,0xa040f21265b0
0x410c00,0xa040f2128b98
0x410b32,0xa040f2130fa0
0x443d2b,0xa040f213ebc1
0x46d15e,0xff3c8d5e7a30
0x460050,0xc8d282c98e0
0x410c00,0xa040f2140d48
0x443d2b,0xd79e62b9a4c1
0x473397,0xa040f2147280
0x45ff89,0xa040f2131340
0x410c00,0xa040f215c518
0x463aa3,0xa040f215ed5c
0x463e27,0xa040f2166590
0x463a96,0x6af9d6d11c50
0x4106a7,0xd6932871bf48
0x46d15e,0xce138516c640
0x460050,0xa040f211a4f0
0x46d75a,0xa040f2173540
0x443d2b,0xcd28e5887231
0x463a8d,0xa040f20f25e8
0x4106a7,0xcd28e5796748
0x443d2b,0xa040f20f31f1
0x411557,0xa040f21925cc
0x443d2b,0xa040f2193d11
0x463aa3,0xa040f21a276c
0x410b32,0xa040f21a5330
0x46d743,0xa040f2168bb8
0x463aa3,0xa040f21b3d2c
0x473397,0xa040f21b9110
0x53cacd,0xcc2ca375dc68
0x463e27,0xa040f21ba4d0
0x46001c,0x49950aadbd98
0x5405e9,0xa040f21bbf78
0x463a96,0xd6fa9537a4d0
0x47338d,0xa040f21c5a94
0x410800,0x2c2cbb5223e0
0x410887,0xa040f21ccd80
0x47338d,0xa040f21d09a4
0x46d18d,0xa040f21d6c30
0x45ff7e,0x25543025dc5c
0x473397,0xa040f21da4c0
0x47338d,0xa040f21e5ab4
0x53cb79,0x3a044725e520
0x463e27,0xa040f21e7200
0x45ff4d,0x66598a7810d8
0x45ff56,0x4741a6420180
0x410b32,0xa040f21f1370
0x410700,0xa040f21f1380
0x47338d,0xa040f21f4714
0x46d15e,0xc8d282e0190
0x46d15e,0xbf7dd5fb3d10
0x45ff62,0xce13850eb560
0x45ff7e,0x255430256c3c
0x412cc0,0xa040f220dfc8
0x53cb79,0xa040f2210990
0x47338d,0xa040f2211c64
0x45ff56,0xc8d28347cc8
0x4115a9,0xd9e9d66a6580
0x53df14,0xca49da3ac648
0x45eebb,0x28e837ce3118
0x46d736,0xcc2ca36f0fb0
0x451882,0xa040f2218ff8
0x456269,0xd9e9d66b5264
0x46d773,0xc8d2835356c
0x44962d,0xd9e9d66b89a8
0x46d75a,0xd9e9d66c01a0
0x53df14,0xca49da411e18
0x451882,0xa040f2227a08
0x412c87,0xd9e9d66c47e8
0x4602cb,0x49950aae5308
0x449609,0x66598a7d2ea0
0x44959a,0x66598a7d2ec0
0x449680,0xc2041aa78ff0
0x457432,0xd9e9d663ebf0
0x44962d,0x7ebb3c825728
0x45ee80,0xa040f2230f80
0x4518c8,0xa040f22331f8
0x448b5a,0xa980922fbf48
0x451882,0xa040f222e808
0x463e27,0xa98092300190
0x42ca41,0xcd28e57408e8
0x456331,0xa98092300d40
0x45ee80,0xd9e9d664b390
0x53e62b,0x5115330eb540
0x44952d,0xd4cb943c10d8
0x53df0a,0xd4cb943c98e0
0x448b5d,0xd9e9d66423e0
0x456331,0xce1384f85110
0x4518c8,0x998897f65738
0x412c87,0xce1384f85ab8
0x448b5d,0xd9e9d66b1360
0x46d614,0xff3c8d611340
0x4494ea,0xff3c8d611388
0x463aa3,0xce1384f8dfdc
0x53ffd1,0x998897f67238
0x4494de,0x998897f67280
0x4602cb,0xce1385150fa8
0x456171,0xce1384f931c4
0x558f9a,0xce1384f93d10
0x45ff56,0x66598a795130
0x46d773,0xcc2ca37109b8
0x44952d,0xaff5007fed58
0x451950,0x998897f75278
0x45eeb8,0xcd28e58d1c60
0x448b5d,0xc911b24d89a0
0x412cc0,0xd6fa9536e838
0x447a40,0xcd28e5755260
0x456269,0xcd28e5755114
0x412cc0,0xce1384fb1348
0x4602c7,0xce1384fb13b8
0x44959d,0x66598a7531c0
0x42ca41,0xd79e62c27c68
0x45ff62,0xce1384fec1d0
0x4495c3,0xcd28e5767c40
0x53e65a,0x998897f88b88
0x53df0a,0x998897f8dfe0
0x42ca41,0xd9e9d65dc528
0x4495c3,0xe2032d899104
0x451882,0x998897f91348
0x44e194,0x998897f913b8
0x44959a,0xcd28e576dfd0
0x45ff7e,0xce1385005120
0x456331,0xce1384fd9f80
0x44959a,0xcd28e576e810
0x457432,0xcc2ca386d7b0
0x4602cb,0xce13851047e8
0x4064e3,0xd6932878b568
0x46d614,0x998897f9e500
0x45eeb8,0x998897f810c0
0x44e194,0xd9e9d6651378
0x44e248,0xd9e9d6651388
0x46d773,0xd9e9d65d0fb8
0x53ffd1,0xcc2ca3847238
0x4494de,0xcc2ca3847280
0x448b5a,0xd6fa95380d78
0x463e27,0xce1384ff2e80
0x412cc0,0xce1384ff5138
0x448b5a,0xce1384ff2ec8
0x45eeb8,0x998897fab550
0x463e27,0xce1384ff9110
0x448b7a,0xcd28e5907c68
0x448b7a,0xcd28e590c648
0x463aa3,0xce1385008b8c
0x46d773,0xce1384fac678
0x451882,0x998897fb6758
0x40b657,0xcd28e5787208
0x451882,0x998897fb9138
0x463e27,0xce13850125d0
0x53e62b,0x49950aac98d0
0x449609,0xcd28e578dfc0
0x46d633,0xcd28e5891c40
0x449609,0xcd28e5792ec0
0x449680,0xcd28e5792eb0
0x448b5d,0xce1384fab560
0x451882,0xd9e9d6655138
0x449609,0xd79e62b8cda8
0x456269,0xce138502b574
0x4561ac,0xce13850309b4
0x463e27,0xce13850331f0
0x45ff7a,0xce1384fded4c
0x558f9a,0xce1385033d00
0x411913,0xce1385033550
0x559212,0xce1385038ff0
0x451882,0x998897fd3558
0x412cc0,0xce138503ed78
0x4495c3,0xcd28e57adfc0
0x451882,0xcd28e57abc98
0x46d633,0xd69328736750
0x447a40,0xce1385045a90
0x411913,0xce1385045110
0x448b83,0xce1385001c40
0x45ff7a,0xce13850d6740
0x412cc0,0xce138504c648
0x45eeb8,0xd6fa953863b0
0x45ee80,0xa040f206c670
0x45ff89,0xce13850623c0
0x45ff90,0xca49da3f3540
0x45eeb8,0xd9e9d6659100
0x448b5d,0xd6fa95385aa8
0x448b5a,0xce138505ebd8
0x45eeb8,0x7424745a72b0
0x449609,0xcd28e57b6400
0x447a39,0xce1385060d70
0x4561ac,0xce1385065734
0x45ff56,0xfafbfaadebd0
0x45ff7e,0x41d09e9e1c7c
0x42ca41,0x7ebb3c845138
0x4518c8,0x7424745b3578
0x45ff4d,0x66598a7a11a8
0x456198,0xce138506cdb8
0x45ee80,0xd9e9d665bda0
0x412cc0,0xce138506e808
0x53e62b,0xbdae4aaf3d30
0x44e248,0x7424745b1e08
0x45fdfc,0xc8d28347a0c
0x463aa3,0xce1385078fcc
0x46d633,0xbdae4aaf6c10
0x45eeb8,0xcd28e57c7cc0
0x45eea0,0xa040f2091e38
0x45eea7,0xa040f2091370
0x448b7a,0xa040f20913b8
0x4494ea,0xbdae4aafc508
0x451882,0xbdae4ab008c8
0x4561ac,0xce138508c1f4
0x4537e7,0xa040f20a018c
0x42ca41,0x2c2cbb596758
0x558f9a,0xcd28e57d3540
0x451882,0xd9e9d665a4c8
0x411913,0xce138508cd90
0x463e27,0xd6fa9538cdb0
0x45ee80,0xbdae4ab07a20
0x463e27,0xce1385096770
0x447a40,0xce138509e530
0x45eea7,0xa040f20ac670
0x45ff56,0x412e73cae810
0x46d75a,0xce138509ed50
0x456171,0xce138509ebf4
0x4561ac,0xce13850a08f4
0x456198,0xce13850a0998
0x45ee80,0xd9e9d6660980
0x44e194,0xbdae4ab10fb8
0x411913,0xce13850a01a0
0x45fdd7,0xd9e9d66b1360
0x45ff7a,0xfafbfaadbdac
0x411804,0xcd28e57e3130
0x44e194,0x97192ff91398
0x448b7a,0xa040f20b6438
0x4602cb,0xce1385034728
0x46d633,0xcc2ca37e7a10
0x45ee80,0xf848bcf0b3a0
0x4602cb,0xce1385031348
0x53df0a,0xd69328751e00
0x53df0a,0xca49da3ac1c0
0x463aa3,0xce13850be52c
0x53df0a,0xf848bcf15130
0x4518c8,0xf848bcf11e38
0x45ff56,0x8a4feef52ec0
0x412cc0,0xd6fa95392ea8
0x4115a9,0xd6fa95392ec0
0x44e248,0xd9e9d6662748
0x46d773,0xd9e9d65d4738
0x44959d,0x71d5f3e00d48
0x451882,0xf848bcf20988
0x412c87,0xce13850d4738
0x4561ac,0xce13850d4f84
0x45eeb8,0xf848bcf272b0
0x45ff62,0x28d7cf4acd80
0x463a8d,0xce13850808f0
0x53df14,0x8876f2fd4718
0x53e65a,0xf848bcf2e838
0x44962d,0xcd28e5802778
0x53e62b,0xd6932874bcb0
0x53e65a,0xf848bcf31388
0x44952d,0xf848bcf31358
0x559212,0xce13850e8ba0
0x53df0a,0x998897fd4710
0x44959a,0xcd28e5806590
0x4561ac,0xce13850f9124
0x44962d,0x2c2cbb614738
0x45eeb8,0xd6fa95398980
0x44e194,0xf848bcf32ea8
0x45ff56,0xce13851065b0
0x449502,0xf848bcf38984
0x45eeb8,0xf848bcf210c0
0x463aa3,0xce138510313c
0x53e62b,0xf848bcf3dc50
0x456269,0xcd28e5803104
0x4495c3,0xd79e62b54720
0x4561ac,0xce1385115114
0x558f9a,0xce1385115250
0x46d633,0xca49da334f90
0x45ee80,0xd9e9d6667a30
0x44e194,0xf848bcf4d788
0x456198,0xce1385128bb8
0x4602c7,0xce138512c678
0x45ee80,0xd9e9d6667ce0
0x46d633,0xf848bcf54f90
0x42ca41,0xcd28e58208d8
0x4602cb,0x71d5f3fb1398
0x451882,0xf848bcf3e528
0x45eea0,0xa040f2121c78
0x45eea7,0xa040f21211b0
0x448b83,0xce13850f1340
0x40b657,0xcd28e5825308
0x45ff7e,0x28d7cf56277c
0x558f9a,0xce1385140d60
0x45eeb8,0xd9e9d66665b0
0x456171,0xce13851423d4
0x412cc0,0xce1385145738
0x4494de,0xf848bcf698c0
0x45eeb8,0xf848bcf73540
0x45ee80,0xf848bcf73d00
0x45ff62,0xa1abd7fd2e90
0x558f9a,0xce13851525f0
0x451882,0xf848bcf74f88
0x463aa3,0xce1385152e9c
0x46d75a,0xce1385152ef0
0x53e62b,0xf848bcf7e530
0x46d633,0xf848bcf80990
0x456269,0xce1385165734
0x45ee80,0x1a64fc5b2eb0
0x44959d,0xcc2ca370cd88
0x447a40,0xce1385168bb0
0x463e27,0xce13851731d0
0x456198,0xce1385173d28
0x4494de,0xce1385035240
0x456171,0x67b1c33c1c44
0x456198,0x67b1c33c5708
0x45ff62,0xfc47cbc2c1c0
0x451882,0x1a64fc5c47f8
0x45eeb8,0x1a64fc5c23f0
0x45ff62,0xa040f20d6400
0x4602cb,0xd9e9d66c5118
0x4537e7,0xa040f215ed5c
0x448b7a,0xa040f215ebf8
0x46d736,0xcc2ca36f25d0
0x4495c3,0xc8d28222744
0x447a40,0xcd28e571e530
0x45ee89,0x1a64fc5cc660
0x45eea7,0xa040f2166590
0x46d75a,0xcd28e571ed40
0x44959a,0xce138516bc80
0x456171,0xcd28e571ebe4
0x45ff7a,0xc8d283465a0
0x451950,0xcd28e585bf78
0x463e27,0xcd28e5725120
0x46d75a,0xcd28e5725320
0x53df14,0x1a64fc5d13a8
0x449502,0x1a64fc5d1344
0x44e194,0x1a64fc5ce828
0x448b5d,0xc8d283463a0
0x4494f2,0x7ebb3c839f80
0x46d736,0xce138504bc90
0x456198,0xcd28e572c1c8
0x411913,0xcd28e572cda0
0x558f9a,0xa040f2216400
0x4552b0,0xa040f221e508
0x46d743,0xc8d2835356c
0x4552c0,0xa040f2227224
0x558f9a,0xa040f2227280
0x45ff7a,0xff3c8d611340
0x448b5d,0xfdfd3a8c3130
0x447a39,0xcd28e58a09b0
0x53e62b,0x1a64fc5ddc60
0x45ff62,0xaff5007fed58
0x410f2c,0xcd28e58b1358
0x410f8a,0xcd28e58b13a0
0x463a96,0x2149a6cabca0
0x460050,0xd4cb943c98e0
0x559212,0xcd28e58b8fc0
0x46d736,0xc911b24ded70
0x463a8d,0xff3c8d611388
0x46d75a,0xcd28e58c0990
0x410f8a,0xcd28e58c98d0
0x412cc0,0xcd28e58cc1d8
0x45528e,0xcd28e58cdfc4
0x46d614,0x1a64fc5e5300
0x451882,0x1a64fc5eb578
0x53df0a,0x1a64fc5ec660
0x45ee89,0x1a64fc5ebcb0
0x4537e7,0xa040f21a276c
0x45ee80,0xa040f21a5a80
0x45ff56,0xff3c8d5cc640
0x46d75a,0xcd28e58e7cd0
0x448b5d,0xce1384fb5278
0x460050,0x998897f8dfe0
0x4552c0,0x998897f96404
0x410f2c,0xcd28e58fbf78
0x45736c,0xce1384fd5120
0x45528e,0xcd28e59010e4
0x4552b0,0xcd28e5901c58
0x40d2a0,0x998897fa0980
0x449609,0x998897f9e500
0x45ee80,0x1a64fc5f25d0
0x451882,0x1a64fc5f1388
0x4518c8,0x1a64fc5f1378
0x451950,0x46a8494a3138
0x53e62b,0x46a8494a5100
0x4494f2,0x46a8494a23c0
0x448b7a,0xa040f21ae808
0x4537e7,0xa040f21b3d2c
0x4552b0,0x998897fa63b8
0x410f2c,0xcd28e5906588
0x45528e,0xcd28e5907cc4
0x447a20,0xcd28e59098f0
0x448b5a,0xcd28e590c648
0x45ff7a,0x49950ab4bca8
0x46d743,0xce1384fac678
0x46d75a,0xcd28e5918fc0
0x410f2c,0xcd28e5919108
0x4552b0,0xa040f203bd98
0x45eea7,0xa040f21ba4d0
0x45ee80,0x998897fc3110
0x44952d,0xd9e9d664c658
0x4494f2,0xc8d281f8fc0
0x410f8a,0xa040f205bf50
0x4552c0,0x998897fd9134
0x410f2c,0xa040f20608e8
0x463aa3,0xa040f206312c
0x46d773,0xcc2ca376b578
0x45528e,0xa040f2067a04
0x410f25,0xa040f2067c48
0x410f8a,0xa040f2067cf0
0x4552c0,0xa040f206c670
0x447a20,0xa040f2071c70
0x451882,0xa040f21d4fb8
0x45ee80,0xa040f21d4720
0x53e65a,0x71d0d5876438
0x45ee80,0x998897fc5100
0x456269,0x7424745a63a8
0x448b5d,0x98f5690dbf70
0x46d773,0x7ebb3c7f6c38
0x448b5d,0xc8d283509b8
0x46d773,0xcd28e58a23dc
0x559212,0xa040f2088ba0
0x45ff62,0xd9e9d66b1360
0x463e27,0xa040f2091370
0x4552c0,0xa040f2091e38
0x448b5a,0xa040f20913b8
0x46d736,0xce13850709b0
0x45ff7e,0xd69328751e00
0x46d75a,0xbdae4ab07230
0x40d29a,0xbdae4ab07298
0x45ee80,0x71d0d58810f0
0x45ee80,0xa040f21e7ce0
0x45eea7,0xa040f21e7200
0x4494f2,0xa040f222cd80
0x45ee80,0xbdae4ab07cd0
0x451882,0xbdae4ab06588
0x463e27,0xa040f20ac670
0x447a20,0xa040f20b4700
0x410f4f,0xa040f20b6778
0x558f9a,0xf848bcf0b570
0x448b5d,0x5115331401a0
0x4552b0,0xa040f20c47d8
0x53e5fc,0x71d0d5885ab8
0x45ee80,0x71d0d5887290
0x451882,0xbdae4ab098d8
0x46d743,0xd9e9d65d4738
0x4552c0,0xf848bcf201a4
0x46d75a,0xa040f20d31f0
0x4552b0,0xa040f20ded78
0x410f25,0xa040f20de508
0x559212,0xa040f20e8bb0
0x460050,0x998897fd4710
0x4552b0,0xa040f20f0f98
0x46d736,0xa040f20edfd0
0x463e27,0xa040f20f1e10
0x46d75a,0xa040f20f8990
0x46d773,0xbf7dd5fb31d0
0x4552b0,0xa040f2105708
0x463a96,0x6af9d6d11350
0x448b63,0xce13850f25d0
0x463a96,0x6af9d6d113a0
0x410f2c,0xa040f2116758
0x46d75a,0xa040f2118ff0
0x4552b0,0xf848bcf65318
0x448b5d,0xcc2ca371a4f0
0x410f2c,0xa040f2128b98
0x4552b0,0xa040f212cd88
0x410f8a,0xa040f2130fa0
0x558f9a,0xf848bcf79100
0x448b83,0xff3c8d5e7c40
0x46d736,0xff3c8d5e7a30
0x410f2c,0xa040f2140d48
0x45736c,0xc8d282c98e0
0x45ff56,0x1a64fc5d1344
0x4552b0,0x1a64fc5b5268
0x4552b0,0xa040f2158fd8
0x410f2c,0xa040f215c518
0x4552c0,0xa040f2162744
0x463a96,0x6af9d6d11c50
0x46d736,0xce138516c640
0x457432,0xa040f211a4f0
0x46d75a,0xa040f2173540
0x448b5d,0xa040f20f25e8
0x45fd16,0xa040f2131340
0x411557,0xa040f21925cc
0x46d773,0xa040f20f3d3c
0x4552c0,0xa040f2192e94
0x558f9a,0xa040f2192ef0
0x4552b0,0x1a64fc5e7228
0x4552b0,0xa040f219dc78
0x447a40,0xa040f21a08c0
0x460050,0x1a64fc5ec660
0x410f8a,0xa040f21a5330
0x45528e,0xd6fa95373d24
0x46d773,0xa040f2168bb8
0x4552b0,0xa040f21c2768
0x463a96,0xd6fa9537a4d0
0x558f9a,0x998897fa5100
0x447a40,0x998897fc5300
0x4552c0,0x71d0d58811a4
0x45528e,0xa040f21e72a4
0x4552b0,0xa040f21e7c78
0x4552b0,0x7424745ac1d8
0x558f9a,0xbdae4ab0b380
0x410f8a,0xa040f21f1370
0x45528e,0xa040f21f6c24
0x46d736,0xc8d282e0190
0x46d736,0xbf7dd5fb3d10
0x412cc0,0xa040f220dfc8
0x558f9a,0xa040f220e820
0x447a20,0xf848bcf223c0
0x45ff62,0x255430293560
0x45ff7a,0xd79e62ae277c
0x46d773,0x6af9d6d19120
0x447a40,0x8a4feef51350
0x45eebb,0x28e837ce3118
0x4537e7,0x6af9d6d125cc
0x494c73,0xd79e62a58fd0
0x494c73,0x66598a823100
0x494c73,0x8a4feef6b380
0x494c73,0x28e837c90fb0
0x494c7e,0x8a4feef75138
0x494c93,0x6af9d6d201b8
0x4552c0,0x6af9d6d12ed4
0x4552b0,0x6af9d6d12e98
0x447a20,0x6af9d6d15100
0x456171,0xff3c8d5cb574
0x4518c8,0x5115330c5ab8
0x53cb5b,0xca49da3e98f8
0x448b5a,0x66598a78bc88
0x412d56,0x8a4feef88b88
0x47338d,0x8a4feef863ac
0x46d18d,0xcc2ca3721c40
0x53cb5b,0xcc2ca37cdff8
0x44959a,0xcc2ca37ce808
0x451882,0x8a4feef85308
0x45ee80,0xcc2ca37c1180
0x45ee80,0x6af9d6d1ebe0
0x451882,0x6af9d6d16748
0x45ff62,0x98f5690e5a80
0x45ff56,0x71d5f3e51350
0x45ff7e,0x412e73cd354c
0x46d743,0x71d0d5895138
0x45627c,0x5115330cbcb8
0x4602e0,0x7ebb3c892ea8
0x412743,0x7ebb3c892ef0
0x473397,0x7ebb3c887a00
0x53de87,0x49950aac2760
0x447a40,0x7ebb3c8872b0
0x456240,0x71d0d5898fe4
0x47c586,0x28e837cc3120
0x448b5d,0x5829a6ebbdb0
0x451882,0x7ebb3c890fa8
0x53e5fc,0x71d0d5891c78
0x412743,0x71d0d589e538
0x53cb5b,0xcc2ca3751e18
0x443d2b,0x71d0d58a3101
0x409eee,0x11e281df5278
0x410c26,0x71d0d58a0d78
0x45ff4d,0x28e837c92eb8
0x410c00,0x71d0d58ac678
0x45ff62,0x5115330d1390
0x45ff4d,0x28e837c92ec8
0x47338d,0x71d0d58bbf44
0x410b90,0x71d0d58bbd88
0x463a96,0x5829a6ee1180
0x45ff4d,0x28e837c9ed78
0x45ff62,0x412e73cae810
0x494c73,0xd79e62b76400
0x494c73,0x71d0d58c7c50
0x494c73,0x71d0d58c5a80
0x42d333,0xff3c8d616c18
0x460050,0xa7d08ad27a20
0x42ccad,0x71d5f3eb0f80
0x45ff56,0xce13851065b0
0x463aa3,0x71d0d58e47dc
0x46d75a,0x66598a841c70
0x494c82,0x66598a7f8988
0x494c7e,0x66598a807c78
0x494c73,0x66598a825a80
0x411804,0x878ddfa098d0
0x456198,0x66598a78d798
0x45eeb8,0x66598a78dff0
0x400530,0x28e837cdc530
0x53df14,0x71d0d58ecda8
0x456198,0x878ddf9fe538
0x4494f2,0x71d0d58edfc0
0x45ee80,0x878ddfa05710
0x46d736,0xa7d08ad65ab0
0x45eeb8,0x878ddf9ebc80
0x559212,0x66598a75ebf0
0x45fd16,0xa7d08ad67a00
0x45ee80,0x878ddfa39f90
0x4537e7,0x878ddf9ec67c
0x45ee80,0x878ddf9f3d20
0x451882,0x66598a7b0fa8
0x4537e7,0x66598a7c119c
0x448b7a,0x66598a7c7a18
0x45ee80,0x51153313bf40
0x4552c0,0x66598a7dbf74
0x558f9a,0x878ddfa2c1d0
0x46d736,0x66598a772ea0
0x410f8a,0x66598a7adfc0
0x412cce,0x66598a7c7c51
0x448b7a,0x5115330c47c8
0x410700,0x5829a6ef4700
0x449502,0xcd28e58adfc4
0x456331,0x71d0d589ed50
0x447a20,0x71d0d58fc508
0x451882,0x71d0d59010f8
0x448b7a,0x71d0d58b4728
0x451950,0x71d0d5901c78
0x4067c7,0x71d0d58e1180
0x456269,0x71d0d590b3b8
0x4552b0,0x71d0d58a5a88
0x406878,0x71d0d58e10f0
0x4552b0,0x71d0d58acda8
0x447a20,0x71d0d59063b0
0x53e65a,0x71d0d5914738
0x45eeb8,0x71d0d58ddc60
0x412755,0x71d0d5920180
0x42d894,0x2c2cbb507ce8
0x494c73,0x5115330c10e0
0x494c73,0x71d5f3f94f80
0x410c00,0x4d2bb47bebc8
0x473397,0x4d2bb47bed40
0x4561ac,0x4d2bb47c63b4
0x558f9a,0x4d2bb47c65b0
0x45ee80,0x4d2bb47c8ba0
0x53cb5b,0x71d0d58931e8
0x443d2b,0x7ebb3c89e501
0x45ee80,0x71d0d5928ba0
0x448b5d,0x71d0d59247c0
0x4552b0,0xff3c8d5b5268
0x53df14,0xd6932873c528
0x4561ac,0x71d0d59325c4
0x42d333,0xb66056956748
0x451882,0x4d2bb47c7288
0x45eeb8,0x4d2bb47c7220
0x42d5e0,0x7ebb3c899fb0
0x494c73,0xcc2ca38210f0
0x494c73,0x7ebb3c7d4fb0
0x53ffd1,0x71d5f3f509b8
0x44959a,0xb381a408c8
0x4518c8,0xc2041aa75278
0x45eeb8,0x71d0d59331c0
0x45ff62,0x71d0d593a4f0
0x460050,0x7ebb3c7c5720
0x466180,0x71d0d5940180
0x513a6a,0x71d0d5945130
0x4f21c4,0x71d0d594c1c4
0x44e2b2,0x28e837ce72b2
0x514108,0x71d0d5943108
0x412c87,0x71d0d5932ec8
0x443d2b,0x71d0d595bf41
0x45ff62,0xd9e9d66098f0
0x559fe0,0xbf7dd5fa08e8
0x456198,0x71d0d5935108
0x494c73,0x71d0d5963110
0x494c73,0x7ebb3c801c50
0x494c73,0xce138510e830
0x494c93,0x71d0d59698f8
0x494c73,0x7ebb3c7bed60
0x494c73,0x7ebb3c7dc500
0x410700,0x5829a6ed9f80
0x447a40,0x5829a6ee2770
0x4494de,0x71d0d5971340
0x44952d,0x71d0d5971398
0x451882,0x71d0d5980198
0x451950,0x71d0d59811b8
0x47338d,0xcc2ca381642c
0x45eea0,0x71d0d59909b8
0x45eeb8,0x71d0d598e820
0x412c87,0x71d0d5996778
0x456269,0x71d0d598b568
0x412c87,0x71d0d599bd98
0x448b63,0xd79e62b9dc48
0x451882,0x71d0d5933548
0x412cce,0x71d0d59a23d1
0x45528e,0x71d0d597e524
0x45528e,0x71d0d59ae814
0x45ff7a,0xc48ca9008bac
0x45eeb8,0x71d0d59808f0
0x448b5d,0x71d0d59b6770
0x44962d,0x2c2cbb4bbda8
0x45ff7a,0xd693286c01ac
0x46d729,0xc8d282f0f88
0x45ff56,0x71d0d59c0d60
0x443d2b,0xff3c8d5b8ff1
0x463a8d,0x2c2cbb625328
0x410c00,0x71d0d59c7238
0x410b32,0x71d0d59c7280
0x443d2b,0x71d0d59cd7a1
0x53cb5b,0x71d0d59ce838
0x463a8d,0x5115330d1378
0x412cc0,0x71d0d59d5278
0x463e27,0x71d0d59d89a0
0x5405e9,0x71d0d59dbdb8
0x463aa3,0x71d0d59de52c
0x463e27,0x71d0d59e0d60
0x410b32,0x71d0d59e10f0
0x45ff62,0x71d0d59e5330
0x46d15e,0xcc2ca38d09a0
0x45ff62,0x71d5f3e27c60
0x46d773,0x66598a7da4f0
0x443d2b,0x71d0d59f1e01
0x47338d,0x71d0d59f0f9c
0x45ff90,0x71d5f3e223c0
0x53cacd,0x49950aac7a08
0x463a8d,0x412e73cb6778
0x47338d,0x71d0d5a0570c
0x5405e9,0x71d0d5a065b8
0x473397,0x71d0d5a07a18
0x53cb5b,0x71d0d5a0dfe8
0x53cb5b,0x71d0d5a0c1e8
0x46091a,0x28d7cf4263a8
0x5405e9,0xce13850c08f8
0x53cacd,0xce13850c09b8
0x47338d,0x71d0d5a18fcc
0x409edb,0x71d0d5a1e538
0x5405e9,0x71d0d5a208f8
0x53cacd,0x71d0d5a209b8
0x463aa3,0x71d0d5a210dc
0x412c87,0x71d0d5a21198
0x46d773,0xa7d08ad6dfd0
0x46091a,0xd79e62bb6408
0x53cb5b,0x71d0d5a27c48
0x412c87,0x71d0d5a35278
0x45ff7e,0x71d5f3ee98dc
0x46d18d,0x71d0d5a3bf50
0x46d18d,0x3a044725bd90
0x412719,0x71d0d5a3e508
0x53cb5b,0xcc2ca36f5108
0x411557,0x71d0d5a4658c
0x46d193,0x71d0d5a47c70
0x4608f0,0x28d7cf487238
0x473397,0x71d0d5a48b88
0x45ff7e,0x71d5f3e91c4c
0x409edb,0x71d0d5a54738
0x53cb5b,0x41d09e9c01b8
0x411557,0x71d0d5a5e50c
0x46d193,0x71d0d5a601b0
0x4608f0,0x71d0d5a623d8
0x45ff89,0x71d5f3ea3100
0x46d773,0xa7d08ad6bc90
0x53cb5b,0x41d09e9ac1e8
0x412c87,0x932ec402c648
0x46d75a,0x932ec4030980
0x45ff7a,0x28e837ced7bc
0x412c87,0x932ec4035258
0x46d773,0x71d5f3e96c30
0x473397,0x932ec4039108
0x46d75a,0x932ec4039f80
0x4608f0,0x932ec40465b8
0x412768,0x932ec4045708
0x46d18d,0x932ec4047c50
0x53cacd,0x932ec4047cf8
0x460050,0x932ec404dfe0
0x46d181,0xcc2ca388c1c0
0x45ff56,0x71d5f3f6bcb0
0x443d2b,0x932ec405bf61
0x46d75a,0x932ec40610c0
0x411557,0x932ec406118c
0x46091a,0x932ec40623c8
0x463a8d,0x71d5f3efbf78
0x45ff62,0x5829a6ec1c40
0x409edb,0xce1385034fa8
0x46d75a,0x932ec406bc80
0x46001c,0xcc2ca371a4f0
0x412c87,0x932ec406dfd8
0x53cacd,0xd79e62c4c658
0x4608f0,0x932ec4071c68
0x443d2b,0x71d5f3f13561
0x412cce,0x932ec40725d1
0x443d2b,0x932ec4073d21
0x46d773,0x71d5f3f647d0
0x412755,0x309dcdc498d0
0x412cc0,0x932ec40789b8
0x5405e9,0xce1385127a38
0x5405e9,0xb381a39fb8
0x46d151,0x932ec4087288
0x45fece,0xff3c8d5e7c40
0x443d2b,0x71d5f3f6b561
0x53cacd,0x932ec4091348
0x412c87,0x932ec4093d28
0x409eee,0xcd28e57d6c38
0x45ff7e,0x71d5f3ff913c
0x53cb5b,0xcd28e57b0f98
0x463aa3,0x932ec409e53c
0x412c87,0x932ec40a08e8
0x4602e0,0x932ec40a09b0
0x53cacd,0xff3c8d5fa4c8
0x463a96,0x412e73cb0f88
0x412cce,0xafd74f90e811
0x46091a,0x4741a64423e8
0x473397,0xafd74f91e508
0x46d18d,0x7ebb3c88bcb0
0x411557,0xafd74f927c4c
0x4608f4,0xa040f21c6380
0x46001c,0x5115331401a0
0x53cacd,0xcc2ca3876748
0x46d75a,0xafd74f931370
0x412c87,0xafd74f933578
0x46091a,0x71d0d59f4f98
0x4602e0,0xafd74f936c20
0x412768,0xafd74f939f88
0x45ff62,0xca49da371380
0x443d2b,0xca49da3898e1
0x5405e9,0xcc2ca37f6778
0x45ff89,0xca49da3f3540
0x412743,0xafd74f94c1c8
0x45ff62,0xce13850f1340
0x53cacd,0xafd74f958fe8
0x46d18d,0x6c6f1e4c5a80
0x45ff56,0x49950aa87230
0x46d773,0xafd74f9610d0
0x46d18d,0x878ddf9f8980
0x412743,0xafd74f966388
0x53cacd,0xafd74f96bc88
0x4608f0,0xafd74f96e828
0x45ff56,0xc8d283463a0
0x412743,0xafd74f971c58
0x46d773,0xca49da3fbf50
0x45fece,0x98f5690dbf70
0x46d151,0xafd74f980988
0x45feea,0xce13850210cc
0x45ff56,0xfdfd3a8c3130
0x46d18d,0xcd28e5808ba0
0x46001c,0xce13850f25d0
0x45ff7a,0x49950aa801bc
0x412cc0,0xb7ac7a921c48
0x463a96,0x71d5f3fa1c40
0x443d2b,0xb7ac7a925a81
0x53cb5b,0x71d0d58e8b88
0x412cc0,0xb7ac7a927228
0x4602e0,0xb7ac7a9272a0
0x46d75a,0xb7ac7a92d7a0
0x412755,0x71d0d59e7a10
0x409edb,0xb7ac7a932e88
0x463aa3,0xb7ac7a9331dc
0x473397,0xb7ac7a933558
0x443d2b,0xb7ac7a945a81
0x412743,0xb7ac7a947218
0x47338d,0xb7ac7a9472bc
0x463a8d,0x49950aa85138
0x45ff7a,0xc911b24da4cc
0x4602e0,0xb7ac7a94d790
0x46d18d,0x7ebb3c862770
0x443d2b,0xb7ac7a950981
0x45ff62,0x49950aadbd98
0x45ff7a,0x255430256c3c
0x45ff7e,0x49950ab4bca8
0x4608f4,0x28d7cf4e47c0
0x409edb,0x7ebb3c896c38
0x45ff7a,0x2554302525fc
0x4608f0,0x8876f2fc5338
0x473397,0xb7ac7a965708
0x409eee,0x71d5f3fce838
0x460050,0x49950ab12ee0
0x46d729,0x8d9869022748
0x473397,0xb7ac7a96dfd8
0x47338d,0xb7ac7a9731dc
0x45ff7a,0x25543025dc5c
0x412743,0xb7ac7a976408
0x46d151,0xcd28e5730f88
0x412cc0,0xb7ac7a97bf58
0x45ff56,0xa040f20fdc50
0x53cacd,0xb7ac7a988b88
0x45ff7a,0xaff50078729c
0x45ff7e,0x8deda85c531c
0x45ff56,0xaff5007989b0
0x4608f0,0xb1739fbd0fa8
0x45ff56,0x98f5690e5a80
0x45ff4d,0x28e837c8e828
0x46d75a,0xb7ac7a9a2750
0x45ff4d,0x66598a781198
0x45ff56,0xaff5007f5240
0x53cacd,0xb7ac7a9a7a18
0x45ff62,0xc911b24d89a0
0x45ff62,0xaff5007e3110
0x46d181,0xafd74f954700
0x53cacd,0x71d5f3f0c1c8
0x45ff7a,0x28d7cf40018c
0x412c87,0xb7ac7a9b1398
0x45ff62,0x28d7cf415100
0x412719,0xb7ac7a9b4708
0x47338d,0xb7ac7a9b6c1c
0x46d18d,0xce1384f95270
0x53cacd,0xff3c8d627c48
0x45ff62,0xcd28e57ce800
0x53cb5b,0x49950aa608f8
0x412c87,0xb7ac7a9bbf58
0x5405e9,0xb7ac7a9c23f8
0x47338d,0xb7ac7a9c47dc
0x45ff56,0x7ebb3c894720
0x409edb,0xb7ac7a9d0988
0x45feea,0x7ebb3c7f510c
0x4608f0,0xce1384fba4c8
0x4602e0,0xb7ac7a9d9f80
0x463e27,0xb7ac7a9dbf40
0x45feea,0xcd28e58a23dc
0x45ff62,0xaff5007d25f0
0x45ff7a,0x28d7cf4011ac
0x443d2b,0xaff500785121
0x45ff7e,0xce1384fded4c
0x46d75a,0xb7ac7a9e23f0
0x46091a,0xce1384f8bc88
0x46d193,0xff3c8d62bcb0
0x463e27,0xb7ac7a9ecdb0
0x463aa3,0xb7ac7a9f25ec
0x45ff62,0xce1384fab560
0x4608f0,0xb7ac7a9f31c8
0x46d729,0xd79e62b79f88
0x473397,0xb7ac7a9f9108
0x443d2b,0xaff5007d5121
0x412743,0xb7ac7a9fdc78
0x45ff56,0xfafbfaadebd0
0x412cc0,0xb7ac7aa03118
0x45ff56,0xfc47cbc2c1c0
0x412cce,0xedc51a907a11
0x46d75a,0xb7ac7aa07c40
0x412cc0,0xb7ac7aa07cf8
0x45ff7a,0x41d09e9e1c7c
0x463aa3,0xb7ac7aa0c1cc
0x45ff7a,0x28d7cf5463ac
0x46d193,0x7ebb3c8665b0
0x45fefd,0xca49da396c00
0x53cb5b,0x71d5f3ffc518
0x45ff62,0xb7ac7aa16420
0x463aa3,0xf5d9bcfa63bc
0x412743,0xf5d9bcfa65a8
0x45ff62,0xce1385001c40
0x4608e7,0xf5d9bcfac1f8
0x45ff7e,0x28d7cf405aac
0x463aa3,0xf5d9bcfb471c
0x409edb,0x71d5f3fd5258
0x45ff62,0xa040f20d6400
0x46091a,0x28d7cf566398
0x443d2b,0xf5d9bcfbdc61
0x463a8d,0x41d09e9ba4f8
0x412cc0,0xf5d9bcfc23e8
0x4608f0,0xf5d9bcfc5318
0x412768,0xf5d9bcfc47c8
0x5405e9,0x8876f2fcc1f8
0x53cb5b,0xf5d9bcfc65b8
0x45ff7e,0x28d7cf57512c
0x4608e7,0xf5d9bcfc7a38
0x5405e9,0xa040f2151e38
0x46d75a,0xf5d9bcfcbcb0
0x53cacd,0xf5d9bcfd1358
0x53cb5b,0xf5d9bcfd13a8
0x463aa3,0xf5d9bcfd2eec
0x409eee,0xf5d9bcfd9fb8
0x443d2b,0xcd28e58d2eb1
0x45ff62,0xab8966ef89a0
0x45ff7e,0xedc51a8e311c
0x4608f4,0xcd28e5868b80
0x46d773,0x41d09e9e08e0
0x53cb5b,0xbf7dd5f91368
0x45fece,0xca49da32cdb0
0x46d773,0xfafbfaada4c0
0x45ff7a,0xfafbfaadbdac
0x46d773,0x28d7cf40bc80
0x4608f0,0xbcd57edf4fa8
0x45ff62,0xf5d9bcff5100
0x47338d,0xf5d9bcff3d1c
0x46091a,0xc8d282a7ce8
0x4608f0,0xb7ac7a9cd7b8
0x463a8d,0x28d7cf423128
0x45ff7e,0x28d7cf52728c
0x45ff62,0x28d7cf501180
0x45ff56,0xaff5007c98c0
0x409edb,0xd9e9d6682778
0x45fece,0x71d0d59247c0
0x4608f0,0xf5d9bd007cc8
0x47338d,0xf5d9bd008bac
0x53cacd,0xcd28e577ebf8
0x412cce,0xf5d9bd00dfd1
0x412755,0xc48ca901bf50
0x53cacd,0xf5d9bd010998
0x4602e0,0xf5d9bd011370
0x4602e0,0xf5d9bd014fa0
0x46d18d,0xcc2ca3853d10
0x45ff7a,0xd79e62ae277c
0x53cb5b,0xbf7dd5fac1c8
0x45ff4d,0x66598a7810d8
0x46d75a,0xf5d9bd01ed70
0x411557,0xf5d9bd0223cc
0x5405e9,0xb7ac7aa063b8
0x443d2b,0x28d7cf462751
0x46d151,0x71d0d5a39108
0x45ff56,0xcc2ca37febe0
0x463a8d,0x28d7cf4ad7a8
0x463a96,0xedc51a8e1c40
0x463e27,0xf5d9bd025310
0x47338d,0xf5d9bd027a3c
0x45ff4d,0x66598a7a11a8
0x46d773,0x28d7cf4c08c0
0x46091a,0xf5d9bd033548
0x412cc0,0xf5d9bd036768
0x412743,0xf5d9bd047c48
0x47338d,0xf5d9bd047cec
0x53cb5b,0x49950aa589b8
0x4602e0,0xf5d9bd04c1c0
0x53cacd,0xce13851023c8
0x45ff7e,0x28d7cf56277c
0x45ff56,0xcc2ca389a4d0
0x46d18d,0x66598a7d8fc0
0x460950,0xbf7dd5f76430
0x47338d,0xf5d9bd05c51c
0x463aa3,0xf5d9bd05e51c
0x460050,0x28d7cf51a4e0
0x412768,0xf5d9bd062748
0x409edb,0xd79e62ba98d8
0x412cc0,0xf5d9bd0647c8
0x412cc0,0xf5d9bd065ab8
0x46d18d,0xaff500799f80
0x409edb,0xcc2ca36f6c38
0x463e27,0xf5d9bd06c1e0
0x5405e9,0xb7ac7a9a7c78
0x46d18d,0x71d5f3e8dfd0
0x463a8d,0x28d7cf56c1e8
0x4602e0,0xf5d9bd085700
0x45ff62,0xcc2ca37a09a0
0x45ff56,0xcc2ca37f8fe0
0x47338d,0xf5d9bd0898dc
0x53cacd,0xf5d9bd08b3a8
0x412743,0xf5d9bd08cdb8
0x45ff62,0xf5d9bd0909a0
0x47338d,0xf5d9bd09472c
0x409edb,0xcd28e57b2eb8
0x53cacd,0xcd28e57b2ed8
0x47338d,0xf5d9bd098ffc
0x463e27,0xf5d9bd09bf60
0x46d773,0x28d7cf5847d0
0x46091a,0xf5d9bd0a10e8
0x409edb,0xf5d9bd0a1188
0x5405e9,0xf5d9bd0a3138
0x46d729,0x66598a7b6748
0x47338d,0xf5d9bd0a47cc
0x4608e7,0xf5d9bd0a5738
0x412743,0xf5d9bd0a7a38
0x45ff4d,0x6c537038dff8
0x46d75a,0xf5d9bd0a8b90
0x45ff7e,0xc8d2835356c
0x45ff56,0x4741a6420180
0x4608f0,0x5115330f5128
0x45ff7a,0xc48ca9008bac
0x46d181,0xf5d9bd0b5100
0x4608f0,0xf5d9bd0b8fc8
0x45ff62,0x28d7cf4698c0
0x412768,0xf5d9bd0be508
0x412719,0xf5d9bd0c1188
0x4608e7,0xf5d9bd0c5338
0x46d773,0x28d7cf5e09b0
0x443d2b,0xf5d9bd0cdfe1
0x463aa3,0xf5d9bd0d2eac
0x46091a,0xb7ac7a96c668
0x47338d,0xf5d9bd0d642c
0x46d729,0xf5d9bd0da4c8
0x460050,0xc48ca9000d60
0x463a8d,0xc48ca9001c68
0x4115a9,0xf5d9bd0e5a80
0x53cacd,0xf5d9bd0e7218
0x45ff62,0xd693286c7c60
0x45ff7e,0xd693286d473c
0x4608f0,0xa040f2056768
0x53cacd,0xce1384f95118
0x463e27,0xf5d9bd0f1370
0x46d181,0xaff5007e6380
0x412743,0xf5d9bd0f8fd8
0x473397,0xf5d9bd0fc508
0x463a8d,0xd693286e11a8
0x4608f0,0xb7ac7a9a0d68
0x47338d,0xf5d9bd10e81c
0x45ff7a,0xd6932874dfdc
0x412cc0,0xf5d9bd110988
0x4608f0,0xf5d9bd111c78
0x4115a9,0xf5d9bd119f80
0x45ff56,0x28e837cf1e30
0x443d2b,0x7ebb3c860d61
0x45ff62,0x28d7cf3f4700
0x4608e7,0xf5d9bd1208f8
0x443d2b,0xd6932872b3b1
0x47338d,0xd6932873356c
0x53cb5b,0xce1384f847f8
0x45ff7a,0xd69328752edc
0x46d18d,0xf5d9bd12b380
0x5405e9,0xa040f209ed78
0x47338d,0xf5d9bd12c67c
0x4115a9,0xf5d9bd12e800
0x47338d,0xf5d9bd131c5c
0x409eee,0xa040f2133578
0x53cb5b,0xf5d9bd134708
0x412755,0xf5d9bd136400
0x4608f0,0xce13850063b8
0x46d729,0x7ebb3c7a6388
0x53cb5b,0xf5d9bd141188
0x409edb,0xedc51a919fa8
0x46d773,0xd6932875ebe0
0x53cacd,0x49950aa76758
0x53cacd,0xf5d9bd145318
0x53cacd,0xf5d9bd1498d8
0x460050,0xd693287647e0
0x443d2b,0xd6932874d781
0x409edb,0xb6605691a4c8
0x45ff56,0xd6932877ebc0
0x409eee,0xa040f20fbf78
0x460050,0xd69328752ea0
0x46091a,0xf5d9bd165aa8
0x463aa3,0xf5d9bd167c7c
0x46d75a,0xf5d9bd167cd0
0x473397,0xf5d9bd170f98
0x46d18d,0xf5d9bd173540
0x45ff56,0xa1abd7fd2e90
0x46d75a,0xf5d9bd172e90
0x412c87,0xf5d9bd172ef8
0x47338d,0xf5d9bd17642c
0x409eee,0xf5d9bd1789b8
0x463e27,0xf5d9bd17e500
0x443d2b,0xf5d9bd188bb1
0x45ff7a,0x28e837cb640c
0x4608f0,0xf5d9bd198988
0x473397,0xf5d9bd196418
0x45ff4d,0x28e837c8d788
0x5405e9,0xc677dabecdb8
0x46d75a,0x28e837cdbf70
0x5405e9,0x28e837cf1c78
0x45ff7a,0xd79e62afed7c
0x443d2b,0xa1abd7fd25e1
0x443d2b,0x28e837cacda1
0x4608e7,0xa1abd7fd8ff8
0x4608f0,0xa1abd7fddc68
0x443d2b,0xa1abd7feb561
0x5405e9,0xa1abd7fe08f8
0x53cb5b,0xa1abd7fdebf8
0x45ff7e,0x28e837ced7bc
0x412cc0,0xa1abd7fe7218
0x4602e0,0xa1abd7fe7290
0x443d2b,0x28e837cb3551
0x463aa3,0xd79e62a7527c
0x47338d,0xd79e62a808cc
0x47338d,0xd79e62a88bbc
0x463a96,0x28e837ca08c0
0x412cc0,0xd79e62a61c58
0x45ff62,0xd79e62b1e510
0x45ff7e,0xd79e62b872bc
0x53cacd,0xd79e62ab1c68
0x463e27,0xd79e62ab4f80
0x463aa3,0xd79e62ab912c
0x53cb5b,0xd79e62ae5308
0x46091a,0xd79e62af2eb8
0x46d729,0xd79e62af2ec8
0x45ff56,0xd79e62b01c50
0x473397,0xd79e62afbd88
0x4608f0,0xd79e62b13558
0x463e27,0xd79e62b28b90
0x412cc0,0xd79e62b39138
0x47338d,0xd79e62b465ac
0x473397,0xd79e62b50988
0x443d2b,0xd79e62adbf41
0x443d2b,0xd79e62aded61
0x412cc0,0xd79e62b6dfe8
0x443d2b,0xd79e62afe521
0x46091a,0xd79e62b8c1e8
0x53cacd,0xd79e62bded58
0x412743,0xd79e62bf8998
0x463e27,0xd79e62c008f0
0x473397,0xd79e62c00d48
0x4602e0,0xd79e62c25300
0x5405e9,0xd79e62b05ab8
0x46d18d,0xd79e62c35130
0x412cc0,0xe8035e45bda8
0x460950,0x6c53703309b0
0x473397,0xe8035e45bf48
0x463aa3,0x6c5370334f8c
0x45ff7a,0xd79e62be98fc
0x46d773,0xd79e62bd6410
0x443d2b,0xd79e62bd5121
0x53cacd,0x6c537034b548
0x53cacd,0x6c537035bf58
0x46d18d,0x6c53703a5730
0x409edb,0x6c53703a47e8
0x46d773,0x28e837ca7290
0x46091a,0xa7d08ad07cc8
0x409edb,0xa7d08ad13d08
0x463a8d,0xa7d08ad2dff8
0x45ff56,0x2c2cbb5931f0
0x46d18d,0xa7d08ad31c60
0x46d773,0x6c5370380190
0x45ff7e,0xc8d2835356c
0x53cb5b,0xa7d08ad58ff8
0x46091a,0x5829a6ec65b8
0x45ff7e,0x412e73cd354c
0x559fe0,0xb66056942768
0x45eebb,0x28e837ce3118
0x494c97,0xcc2ca3755248
0x4602e0,0xa7d08ad7ebf8
0x558f9a,0xd79e62bbc530
0x45ff62,0x71d5f3e27c60
0x45ff56,0x49950aadbd98
0x45ff62,0x6c53703a2760
0x45ff4d,0x66598a7a47d8
0x46d75a,0x412e73cb1e00
0x47338d,0x412e73cbed74
0x53cacd,0x1a70aa6f1e38
0x460050,0x412e73cc47e0
0x412cc0,0x412e73cc2778
0x46d18d,0x1a70aa6f3d30
0x46d18d,0x1a70aa6f6400
0x46d75a,0x412e73cda4d0
0x46d75a,0x412e73ce01b0
0x463e27,0x71d5f3e25330
0x410887,0x71d5f3e25700
0x45ff62,0xaff5007c98c0
0x45ff7e,0x71d5f3e91c4c
0x410b32,0x71d5f3e3bf50
0x410c00,0x71d5f3e408e8
0x46d15e,0x71d5f3e41c40
0x46d18d,0x1a70aa706590
0x463aa3,0x71d5f3e4312c
0x463aa3,0x71d5f3e47c6c
0x46d75a,0x71d5f3e47cc0
0x46d743,0x71d5f3e53578
0x412c87,0x71d5f3e55138
0x410b32,0x71d5f3e55260
0x47338d,0x71d5f3e7c534
0x4115a9,0x71d5f3e80d40
0x4115a9,0x71d5f3e86580
0x412c87,0x71d5f3e93568
0x443d2b,0x71d5f3ea63b1
0x45ff62,0xcd28e5908b80
0x410c00,0x71d5f3ea7a08
0x473397,0x71d5f3ea7c50
0x53cacd,0x2c2cbb432e98
0x53cb5b,0x2c2cbb432ee8
0x443d2b,0x1a70aa720d51
0x47338d,0x71d5f3eac64c
0x410c26,0x71d5f3ed09b8
0x46d18d,0x1a70aa7247f0
0x5405e9,0x71d5f3e8cdb8
0x463a96,0x412e73cb0990
0x46d18d,0x1a70aa7263b0
0x412c87,0x71d5f3eec678
0x42ccad,0x71d5f3ea2770
0x412cc0,0x71d5f3f03108
0x53cacd,0xcd28e587dc48
0x45ff56,0xf5d9bcff5100
0x45ff62,0x71d0d59247c0
0x412c87,0x71d5f3f05a98
0x47338d,0x71d5f3f0bc94
0x45ff56,0xcc2ca371a4f0
0x412c87,0x71d5f3f35278
0x46d181,0x1a70aa732e80
0x410c00,0x71d5f3f39118
0x443d2b,0x1a70aa734f91
0x45ff56,0xa040f20d6400
0x46d15e,0x71d5f3f4c650
0x53cb5b,0x71d5f3ef9108
0x410700,0x71d5f3f5a4c0
0x4115a9,0x71d5f3f5ebc0
0x4602e0,0x71d5f3f65130
0x463aa3,0x71d5f3f67a1c
0x45ff4d,0x28e837c92eb8
0x410887,0x71d5f3f67c40
0x443d2b,0x71d5f3f76431
0x463a96,0x412e73cb0f88
0x53cb5b,0x1a70aa7463a8
0x46001c,0x66598a7ecda8
0x409eee,0x71d5f3f447f8
0x4115a9,0x71d5f3fa6580
0x463a96,0x71d5f3fa10c8
0x410b32,0x71d5f3fb2ec0
0x410c26,0x71d5f3fb2eb8
0x410b32,0x71d5f3fc08d0
0x53cacd,0x71d5f3f6cd88
0x41091b,0x71d5f3f96408
0x46d75a,0x71d5f3fee830
0x46d181,0x1a70aa756c00
0x463aa3,0x71d5f3ff8ffc
0x46d15e,0xca49da31a4e0
0x53cb5b,0x71d5f3fb6748
0x46d773,0x71d5f3fb9fb0
0x45ff7e,0x7ebb3c7f510c
0x47338d,0xca49da325714
0x463e27,0xca49da327c50
0x443d2b,0x1a70aa760d41
0x5405e9,0x71d5f3fc1c78
0x46d773,0x71d5f3fb5260
0x473397,0xca49da33c518
0x47338d,0xca49da33ed44
0x53cacd,0x71d5f3ff1e08
0x411557,0xca49da367a0c
0x443d2b,0xd3be9a8d1361
0x473397,0xca49da367cd0
0x460050,0xca49da36c1e0
0x443d2b,0xca49da3731f1
0x443d2b,0x7cb731918981
0x409eee,0x71d5f3fb3d38
0x463e27,0xca49da3809b0
0x45ff62,0xcc2ca37a09a0
0x410b32,0xca49da380d40
0x410b32,0xca49da385720
0x42ccad,0xca49da334720
0x46d15e,0xca49da390f80
0x410b32,0xca49da391c40
0x47338d,0xca49da391e24
0x46d18d,0x7cb731920980
0x53cb5b,0xca49da376c08
0x463e27,0xca49da3c0d70
0x45ff62,0xc8d283463a0
0x463a8d,0xca49da3d3568
0x412c87,0xca49da3d09b8
0x53cacd,0x7cb731927288
0x45ff7a,0x49950aa801bc
0x411557,0xca49da3dbd8c
0x47338d,0xca49da3dbf64
0x45ff62,0xce1385001c40
0x410b32,0xca49da3ed7a0
0x45ff56,0xfdfd3a8c3130
0x45ff7a,0xc911b24da4cc
0x460050,0x49950aa5c530
0x47338d,0x49950aa56764
0x46d75a,0x49950aa6bc80
0x46d75a,0x49950aa79100
0x47338d,0x49950aaabc9c
0x4115a9,0x49950aab4700
0x53cacd,0xca49da340d78
0x473397,0x49950aabbd80
0x460050,0x49950aacb570
0x443d2b,0xcd28e5756421
0x443d2b,0x49950aad8fe1
0x5405e9,0x7cb731956438
0x46001c,0x7ebb3c7d5138
0x473397,0x49950aae1c40
0x5405e9,0x7cb7319601b8
0x46001c,0xa040f20fdc50
0x45ff7a,0x28d7cf4dbf5c
0x45ff7e,0x28d7cf52728c
0x5405e9,0x7cb7319611b8
0x412c87,0x49950ab27a38
0x47338d,0x49950ab27c74
0x47338d,0x49950ab2e814
0x46d193,0x7cb731967230
0x45ff4d,0x66598a781198
0x410725,0x49950ab3ebc0
0x47338d,0x49950ab42744
0x463a8d,0x49950ab4cdb8
0x46d773,0x49950ab10fb0
0x473397,0x255430240998
0x45fece,0x7cb73196e810
0x45ff62,0xaff5007d25f0
0x45ff56,0xaff5007f5240
0x47338d,0x255430247224
0x443d2b,0x7cb731972e91
0x53cb5b,0x7cb731973d18
0x4115a9,0x255430251340
0x410c00,0x2554302513b8
0x443d2b,0x2554302672b1
0x463aa3,0x255430261c4c
0x45ff7e,0xedc51a8e311c
0x460050,0x255430265130
0x410c26,0x255430268bb8
0x443d2b,0xaa4eb5de8ba1
0x53cb5b,0x7cb73197ebc8
0x45ff62,0x28d7cf415100
0x53cacd,0x25543024b548
0x463aa3,0x25543029dc6c
0x46002b,0x25543029e538
0x47338d,0x2554302a08f4
0x45ff56,0xce13851065b0
0x46d773,0x25543025bf60
0x410887,0x26713c3c7a00
0x47338d,0x26713c3c7cdc
0x46d15e,0x8deda85c6590
0x412c87,0x8deda85c7c58
0x4115a9,0x8deda85c7cc0
0x42ccad,0x2554302a23f0
0x46d773,0x2554302a3110
0x46d18d,0x7cb7319925e0
0x5405e9,0x2554302a5338
0x47338d,0xaff5007909a4
0x53cacd,0x71d5f3ee6598
0x473397,0xaff5007c7a00
0x463a8d,0xaff5007ded68
0x46001c,0xbf7dd5ec5338
0x47338d,0xaff5007e08ec
0x53cacd,0x7cb7319a47f8
0x463aa3,0xaff5007e533c
0x47338d,0xaff5007e5704
0x5405e9,0xaff50078c678
0x410b32,0x635dff9cc640
0x53cacd,0xaff5007bed48
0x463a96,0xedc51a8e10d0
0x409eee,0xaff5007e8bb8
0x412cc0,0xedc51a908b88
0x47338d,0xedc51a90e834
0x410b32,0xedc51a911c70
0x45ff7a,0x28d7cf4011ac
0x46d773,0xaff5007f89b0
0x410b32,0xedc51a914700
0x463a96,0xedc51a8e1198
0x443d2b,0x2e06f8c3a4d1
0x46d18d,0x7cb7319c0d40
0x410b90,0x41d09e9be508
0x410b90,0x41d09e9c98c8
0x410800,0xaff5007e7a20
0x53cacd,0xff3c8d613d38
0x412c87,0x41d09e9d5268
0x46d151,0x7cb7319d0f88
0x47338d,0xfafbfaad0fb4
0x473397,0xfafbfaad8990
0x45ff62,0xff3c8d5e7c40
0x45ff7e,0x2c2cbb61e50c
0x47338d,0x28d7cf3f135c
0x47338d,0x28d7cf3febd4
0x443d2b,0x28d7cf406391
0x47338d,0x28d7cf4047c4
0x53cb5b,0x7cb7319e10e8
0x53cb5b,0xfafbfaad1c58
0x46d75a,0x28d7cf411c40
0x410887,0x28d7cf411e10
0x45fece,0x41d09e9a5720
0x410c00,0x28d7cf414708
0x46d743,0x28d7cf4472b8
0x412c87,0x28d7cf445308
0x45ff7e,0x4741a643642c
0x46d75a,0x28d7cf44c660
0x45fece,0xcc2ca38d2ee0
0x46001c,0x7cb7319f2ef8
0x47338d,0x28d7cf461c74
0x46d15e,0x28d7cf465300
0x463aa3,0x28d7cf46728c
0x45ff4d,0x66598a7a11a8
0x45ff56,0x28d7cf5208f0
0x460050,0x28d7cf472ee0
0x46d743,0x28d7cf476c38
0x463a8d,0x28d7cf4789b8
0x45ff62,0xd9e9d66098f0
0x45ff56,0xcd28e57d1390
0x410800,0x28d7cf4208e0
0x42ccad,0x28d7cf420990
0x443d2b,0x28d7cf47e521
0x46d18d,0x7cb731a00d40
0x463a8d,0x28d7cf4a98e8
0x47338d,0x28d7cf4b4fb4
0x463a8d,0x28d7cf4bbda8
0x411557,0x28d7cf4c10cc
0x410b32,0x28d7cf4c1190
0x46d18d,0x7cb731a0b540
0x45ff4d,0x6c53703925e8
0x410700,0x28d7cf4c23c0
0x47338d,0x28d7cf4cbc84
0x460050,0x28d7cf4d31f0
0x46d181,0x7cb731a16400
0x46d15e,0x28d7cf4dbda0
0x45ff56,0xd693286c7c60
0x45ff56,0x28d7cf4698c0
0x41091b,0x28d7cf4b1e08
0x45ff4d,0x28e837c9ed78
0x45ff62,0xf5d9bd0909a0
0x45ff56,0x4741a6420180
0x47338d,0x28d7cf5247f4
0x53cb5b,0x7cb731a263b8
0x46001c,0x255430293568
0x443d2b,0x7cb731a27cc1
0x45ff7a,0xd79e62aa11ac
0x410c00,0x28d7cf532ec8
0x473397,0x28d7cf539110
0x4602e0,0x28d7cf532eb0
0x53cb5b,0xa040f21b6c38
0x46d75a,0x28d7cf53dc50
0x47338d,0x28d7cf5410fc
0x53cb5b,0x28d7cf514fa8
0x463a8d,0x28d7cf547ce8
0x45ff4d,0x28e837c92ec8
0x460050,0x28d7cf547c70
0x410c00,0x28d7cf542778
0x46d18d,0x7cb731a2e820
0x410725,0x28d7cf54c1c0
0x443d2b,0x7cb731a309b1
0x5405e9,0x7cb731a313b8
0x463aa3,0x28d7cf55139c
0x460050,0x28d7cf555130
0x410887,0x28d7cf558980
0x45ff7a,0xd693286c01ac
0x45ff4d,0x6c5370392e88
0x45ff4d,0x28e837c925e8
0x45ff4d,0x66598a782768
0x46d151,0x7cb731a40d48
0x53cb5b,0x71d5f3fc2778
0x412cc0,0x28d7cf57c508
0x46d193,0xc8d283389b0
0x45ff4d,0x6c537038d7b8
0x412cc0,0x28d7cf5898c8
0x410800,0x28d7cf513d20
0x463e27,0x28d7cf58dff0
0x46d75a,0x28d7cf58c1f0
0x53cb5b,0x7cb731a4cdb8
0x46001c,0x8414a34dc508
0x45ff4d,0x66598a781198
0x473397,0x28d7cf592e90
0x410c00,0x28d7cf5a10d8
0x412cce,0x28d7cf5a3111
0x53cacd,0x7cb731a55248
0x53cacd,0x28d7cf570f98
0x443d2b,0x7cb731a58981
0x45ff56,0xcd28e57ce800
0x45ff56,0xce13850f1340
0x53cb5b,0x28d7cf583118
0x45ff7a,0x2c2cbb55e53c
0x47338d,0x28d7cf5c3114
0x412c87,0x28d7cf5c47e8
0x53cacd,0x28d7cf594f98
0x4106a7,0x28d7cf5931c8
0x47338d,0x28d7cf5cdfec
0x412c87,0x28d7cf5dbf68
0x53cb5b,0xca49da396748
0x47338d,0x28d7cf5edff4
0x412c87,0xab8966efa4e8
0x45ff4d,0xa7d08ad75118
0x45ff56,0xbf7dd6016c20
0x46d18d,0x7cb731a73560
0x410b90,0xab8966f05308
0x460050,0xc48ca900b560
0x46d75a,0xc48ca9005aa0
0x410c00,0xc48ca9010fa8
0x47338d,0xc48ca90131d4
0x45ff7a,0xd6932876511c
0x46d18d,0xce13851208d0
0x53cacd,0xce1385120988
0x443d2b,0x7cb731a7dc41
0x53cacd,0x7cb731a801a8
0x45ff4d,0x6c5370392ec8
0x4602e0,0xd693286a2770
0x463aa3,0xd693286a5aac
0x4106a7,0xa7d08ad7bd88
0x463e27,0xd693286abca0
0x47338d,0xd693286b3d2c
0x46d773,0xc48ca8ffc510
0x410c00,0xd693286bbd88
0x463a96,0x28d7cf578fd8
0x410800,0x6c537036d7b0
0x4602e0,0xd693286c5130
0x443d2b,0xf5d9bd02c641
0x410800,0xc48ca901bdb0
0x46d18d,0x7cb731a95110
0x410b90,0xd693286e5a88
0x460050,0xd693286f25f0
0x410c00,0xd693286fdc48
0x53cb5b,0xca49da381c48
0x412cc0,0xd69328706598
0x46d773,0xd693286d0f90
0x443d2b,0x998897fa7a01
0x46d15e,0xd6932870c660
0x412cc0,0xd6932870e808
0x53cb5b,0x7cb731aab558
0x45ff4d,0x66598a7a10e8
0x410725,0xd6932872e800
0x463a8d,0xd69328734fa8
0x45ff62,0xce13850eb560
0x463e27,0xd6932873ed60
0x45ff56,0x28e837cf1e30
0x410700,0xd69328745100
0x410800,0xd693287072a0
0x411557,0xd69328747a0c
0x473397,0xd69328747cd0
0x443d2b,0xd69328755131
0x53cb5b,0x7cb731ab5128
0x45ff56,0x2c2cbb465310
0x47338d,0xd69328750fa4
0x46d773,0xd6932871bd80
0x410b32,0xd6932876c1e0
0x443d2b,0x7cb731ac0d61
0x45ff4d,0x28e837c8d788
0x463aa3,0xd693287713bc
0x473397,0xd69328780180
0x47338d,0xd69328781c7c
0x45ff7e,0x2c2cbb5b6c2c
0x410887,0xd69328786380
0x46d15e,0xd69328788bb0
0x53cb5b,0x7cb731accdb8
0x45ff56,0x66598a83e510
0x53cb5b,0xd79e62aac1c8
0x443d2b,0x7cb731ad3d01
0x46d743,0x2c2cbb436778
0x47338d,0x2c2cbb43e514
0x46d15e,0x2c2cbb440d60
0x463a96,0x28e837ca0188
0x411557,0x2c2cbb441c4c
0x443d2b,0x7cb731ae47f1
0x473397,0x2c2cbb44bc90
0x443d2b,0x2c2cbb4513b1
0x443d2b,0x2c2cbb450f81
0x473397,0x2c2cbb44e818
0x463e27,0x2c2cbb4525e0
0x412cc0,0x2c2cbb455278
0x443d2b,0x7cb731af1c71
0x46d15e,0x2c2cbb461c40
0x53cacd,0x28e837ccd798
0x46d75a,0x28e837d03100
0x53cacd,0x28e837cf5248
0x47338d,0x98f5690d9f8c
0x46d18d,0x98f5690d6420
0x412cc0,0xa1abd7fdbf58
0x46d15e,0x2c2cbb465100
0x460050,0x28d7cf5d4fb0
0x460050,0x2c2cbb467ce0
0x46d75a,0xd79e62a55120
0x410c00,0xd79e62a55268
0x45ff56,0x932ec4094730
0x412cc0,0xd79e62a73568
0x463a96,0x28e837ca0998
0x46d75a,0xd79e62a95250
0x46000d,0xa7d08ad75278
0x47338d,0xd79e62ab8984
0x46d773,0xd79e62ac5720
0x443d2b,0x7cb731b00d41
0x46d15e,0x2c2cbb473d10
0x53cacd,0xd79e62ac7cc8
0x45ff62,0xcc2ca37a09a0
0x460050,0x2c2cbb543120
0x443d2b,0x7cb731b03131
0x45eebb,0x28e837ce3118
0x412c87,0xd79e62b823d8
0x443d2b,0x7cb731b065b1
0x46d736,0x2c2cbb546580
0x45ff7a,0x7ebb3c7f510c
0x460050,0x2c2cbb547ce0
0x443d2b,0x2c2cbb548b91
0x448b5a,0xd79e62b95268
0x45eea7,0x7cb731b0e820
0x456198,0xd79e62bb2ef8
0x456269,0x2c2cbb54c1c8
0x46d75a,0xd79e62bc47d0
0x443d2b,0x7cb731b12e91
0x456198,0xd79e62bc3128
0x46d75a,0xd79e62bd1c70
0x410b32,0xd79e62bd1e00
0x463aa3,0xd79e62bf6c2c
0x46d736,0x2c2cbb552ea0
0x456171,0xd79e62c07c44
0x46d75a,0xd79e62c247c0
0x41091b,0xd79e62c1bd88
0x410774,0xd79e62c3c508
0x463a96,0x2c2cbb556c18
0x443d2b,0x464bc80a7211
0x456198,0xd79e62c47cd8
0x448b5a,0xd79e62c472a8
0x558f9a,0xe8035e460190
0x448b63,0xd79e62c40988
0x443d2b,0x464bc80ac1f1
0x412c87,0x6c53703498c8
0x448b83,0x6c5370331340
0x46d75a,0x6c5370365ab0
0x46d743,0x2c2cbb5665b8
0x451882,0x6c537039ebc8
0x410774,0x6c53703ab548
0x558f9a,0x6c53703abc80
0x463a96,0x2c2cbb567210
0x4115a9,0xa7d08ad10f80
0x412cc0,0xa7d08ad1c508
0x558f9a,0xa7d08ad447e0
0x456198,0xa7d08ad54708
0x45fd16,0xa7d08ad4cd80
0x473397,0x5829a6eb9f80
0x4561ac,0xee30bb9423e4
0x463aa3,0x5829a6ed098c
0x45627c,0xa7d08ad7bf78
0x4106a7,0x5829a6ec8b88
0x463aa3,0x5829a6eedfcc
0x41091b,0x5829a6ed6c08
0x410700,0x5829a6eec1c0
0x449824,0x464bc80dbf50
0x47338d,0x464bc809ebe4
0x45ff89,0x635dff9c5a80
0x449824,0x464bc80e7a10
0x42f4f6,0x464bc80b1350
0x47338d,0x464bc80b13b4
0x443d2b,0x7cb7319ab391
0x46d75a,0x464bc80cc650
0x45ff7a,0x2c2cbb61e50c
0x443d2b,0x464bc80f6411
0x53cacd,0x5829a6ee98d8
0x45ff56,0x2c2cbb5931f0
0x5405e9,0x71d5f3e07c78
0x463aa3,0x71d5f3e6658c
0x45ff56,0x8a4feef52ec0
0x463aa3,0x71d5f3e7a4cc
0x443d2b,0x464bc81008d1
0x53cb5b,0x71d5f3eb6778
0x460050,0x2c2cbb5865a0
0x411557,0x71d5f3f208cc
0x410b32,0x71d5f3f20990
0x53cb5b,0x71d5f3ec7228
0x463e27,0x71d5f3f247e0
0x42ccad,0x71d5f3f1a4c0
0x46d18d,0x71d5f3f1c500
0x443d2b,0x71d5f3ef25f1
0x410800,0x71d5f3f2cda0
0x473397,0x71d5f3f81198
0x46001c,0x4741a6418fd8
0x463a8d,0x2c2cbb596c38
0x45ff4d,0x66598a7a11a8
0x463a96,0x71d5f3fa1198
0x47338d,0x71d5f3fdbf4c
0x53cb5b,0x71d5f3f8bca8
0x45ff7a,0x2c2cbb5b31cc
0x47338d,0x71d5f3fe313c
0x53cb5b,0x71d5f3fddc68
0x463a8d,0x2c2cbb59a4e8
0x410725,0x71d5f3fec640
0x45ff56,0x4741a6420180
0x410887,0xca49da359f90
0x41091b,0xca49da356c08
0x47338d,0xca49da365714
0x412c87,0xca49da3ab558
0x53cb5b,0xca49da3a0d68
0x53cacd,0xca49da3acd88
0x47338d,0xca49da3b9f94
0x463aa3,0xca49da41513c
0x412cc0,0xca49da415248
0x46d75a,0xb207126b3550
0x47338d,0xb207126b6754
0x412cc0,0x49950aa91c78
0x45ff4d,0x28e837c8dff8
0x46d773,0x49950aa8bcb0
0x4602e0,0x49950aa96430
0x412c87,0x49950aaa1c48
0x443d2b,0x575b005698f1
0x45fece,0xbf7dd60408c0
0x47338d,0x25543022c644
0x53cb5b,0x49950ab01c78
0x410c26,0x255430231c78
0x410c00,0x25543023ed58
0x42ccad,0x49950aae5730
0x46d15e,0x2c2cbb5cd790
0x53cacd,0xaff50079dc78
0x53cacd,0xaff5007a5128
0x443d2b,0x2c2cbb5d1381
0x463aa3,0x635dff9b473c
0x46d773,0xaff5007b0fa0
0x443d2b,0x2c2cbb5d31d1
0x46d773,0x71d5f3ff1380
0x410800,0x71d5f3ff1360
0x46d18d,0x635dff9b1e30
0x412cce,0x635dff9c0991
0x443d2b,0xc9394d35c531
0x47338d,0x79e62eca47c4
0x443d2b,0xbf7dd5ffa4e1
0x42ccad,0x41d09e9acd80
0x47338d,0xfafbfaaebcb4
0x409eee,0x41d09e9b1c78
0x473397,0xfafbfab01c50
0x443d2b,0xfafbfab06581
0x46d15e,0x2c2cbb5e10c0
0x463a8d,0x2c2cbb5e23e8
0x410b32,0x28d7cf42bca0
0x45ff7e,0x2c2cbb6011bc
0x53cb5b,0x28d7cf431c48
0x463aa3,0x28d7cf48b39c
0x410c26,0x28d7cf48b578
0x53cb5b,0x28d7cf48cd88
0x410c26,0x28d7cf4989b8
0x460050,0x2c2cbb5f1c60
0x42ccad,0x28d7cf4ec670
0x47338d,0x28d7cf4f640c
0x46d15e,0x2c2cbb5f3540
0x473397,0x28d7cf500990
0x46d18d,0x28d7cf4fbf60
0x45ff4d,0x28e837c92eb8
0x412cce,0x2c2cbb4847d1
0x45fece,0xc8d281dbf60
0x412cc0,0x2c2cbb48c1e8
0x4115a9,0x2c2cbb490f80
0x409eee,0x28d7cf3f5278
0x411557,0x2c2cbb4a018c
0x443d2b,0xc9394d374721
0x46d773,0xd79e62b065a0
0x4602e0,0x2c2cbb4a65b0
0x53cb5b,0x2c2cbb4a23c8
0x412cc0,0x2c2cbb4be518
0x463e27,0x2c2cbb4c1c40
0x47338d,0x2c2cbb4c01b4
0x46000d,0x6c5370392e88
0x463e27,0x2c2cbb4d31f0
0x410c26,0x2c2cbb4d3578
0x41091b,0x2c2cbb4d0f88
0x410725,0x2c2cbb4d9f80
0x46d743,0x2c2cbb60b3b8
0x46001c,0x6c5370370998
0x46d773,0x2c2cbb4f89a0
0x45ff7e,0xd79e62aa11ac
0x47338d,0x2c2cbb50b55c
0x45ff62,0xc9394d385130
0x46d75a,0x2c2cbb516c20
0x45ff62,0xc9394d387230
0x443d2b,0x7cb731a80d41
0x45ff4d,0x6af9d6d0c1e8
0x45ff56,0xce13850f1340
0x412cc0,0x2c2cbb534f88
0x45ff56,0xff3c8d5e7c40
0x4115a9,0x2c2cbb538980
0x443d2b,0xc9394d391381
0x46d18d,0x2c2cbb530f90
0x47338d,0x2c2cbb53e534
0x4115a9,0x2c2cbb540d40
0x45ff62,0xcc2ca38d2ee0
0x45fd16,0xd79e62bc5a80
0x45ff56,0xa040f20d6400
0x45ff56,0xcd28e5908b80
0x558f9a,0xd79e62bbc530
0x451950,0xd79e62bc23f8
0x448b63,0xd79e62b1e510
0x46d75a,0xd79e62bc47d0
0x45ff56,0x71d0d59e5330
0x463e27,0x11faa16ec640
0x463aa3,0x11faa16f1e0c
0x463e27,0x11faa16f1c60
0x46001c,0xb7ac7a92c1c8
0x45ff62,0xa7d08ad12ee0
0x45ff56,0x66598a7e7290
0x45ff62,0x11faa170b3a0
0x412cc0,0x11faa1707298
0x53cacd,0xca49da3eb548
0x45ff62,0xca49da371380
0x45ff62,0x71d0d593a4f0
0x45ff56,0xd69328793550
0x45ff62,0x11faa1711c60
0x559fe3,0xd6932873c528
0x494c82,0x66598a7f8988
0x494c7e,0x66598a807c78
0x494c73,0x66598a825a80
0x46d75a,0x66598a841c70
0x463aa3,0x11faa1713d2c
0x45ff56,0xce13850f25d0
0x473397,0x11faa1715110
0x473397,0x11faa1715248
0x46d743,0xcc2ca37801a8
0x46d743,0xa040f21fc538
0x473397,0x11faa1718998
0x443d2b,0x464bc80f13a1
0x53cacd,0xf5d9bd187208
0x463a96,0x2c2cbb567a18
0x443d2b,0x11faa1725731
0x410800,0x2c2cbb576770
0x463aa3,0x11faa172728c
0x53cb5b,0xcc2ca37d09b8
0x53cacd,0x11faa172bc88
0x4115a9,0x11faa172cd80
0x45ff7e,0xce13850210cc
0x46d193,0xcd28e575e530
0x410c26,0x11faa17331f8
0x410725,0x11faa1736c00
0x412cc0,0x11faa17389b8
0x45ff56,0xa040f20fdc50
0x46d15e,0xcc2ca37610e0
0x46d773,0xc8d282f0f80
0x45fe42,0x11faa1747a00
0x447a20,0x11faa17447c8
0x53df0a,0xca49da345aa0
0x45eea7,0x71d0d59d89a0
0x45eeb8,0x11faa1743110
0x4537e7,0x71d0d59de52c
0x45eea7,0x71d0d59e0d60
0x53e083,0x71d0d59dbdb8
0x53e083,0x66598a7da4c8
0x53e083,0x71d0d5a065b8
0x53e083,0x28d7cf426388
0x53e083,0xce13850c08f8
0x53e083,0x71d0d5a208f8
0x53e088,0x71d0d5a3bf48
0x53e0c1,0x3a044725bd90
0x53e083,0x71d0d5a47c68
0x53e083,0x71d0d5a601b0
0x53e088,0x932ec4047c48
0x53e083,0xce1385127a38
0x53e083,0x4741a64423e8
0x53e083,0x7ebb3c88bc98
0x53e088,0x71d0d59f4f98
0x53e083,0xcd28e5808b88
0x53e083,0x7ebb3c862758
0x53e083,0xce1384f95258
0x53e083,0xff3c8d62bcb0
0x53e083,0x7ebb3c8665a8
0x53e088,0x28d7cf566398
0x53e083,0x8876f2fcc1f8
0x53e083,0xa040f2151e38
0x53e083,0xc8d282a7ce8
0x53e0c1,0xcc2ca3853d10
0x53e083,0xbf7dd5f76428
0x53e083,0xb7ac7a9a7c78
0x53e088,0x71d5f3e8dfd0
0x53e083,0xf5d9bd0a3138
0x53e083,0xf5d9bd0a10e8
0x53e083,0xb7ac7a96c668
0x53e083,0xa040f209ed78
0x53e083,0xf5d9bd165aa8
0x53e083,0xc677dabecdb8
0x53e083,0xa1abd7fe08f8
0x53e083,0xd79e62af2eb8
0x53e0c1,0xd79e62b8c1e8
0x53e083,0xd79e62b05ab8
0x53e083,0xd79e62c35130
0x53e0c1,0x6c53703309b0
0x53e083,0x6c53703a5730
0x53e083,0xa7d08ad31c60
0x53e083,0x5829a6ec6598
0x53e083,0x1a70aa6f3d30
0x53e088,0x1a70aa706588
0x53e083,0x1a70aa7247f0
0x53e083,0x71d5f3e8cdb8
0x53e083,0x1a70aa7263b0
0x53e083,0x71d5f3fb9fb0
0x53e083,0x71d5f3fc1c78
0x53e088,0x71d5f3fb5260
0x53e083,0x7cb731956438
0x53e083,0x7cb7319601b8
0x53e083,0x7cb7319611b8
0x53e083,0x7cb731967230
0x53e083,0x49950ab10fb0
0x53e088,0x25543025bf60
0x53e0c1,0x7cb7319925e0
0x53e083,0x2554302a5338
0x53e083,0xaff50078c678
0x53e083,0xaff5007f89b0
0x53e0c1,0xaff5007e7a20
0x53e083,0x28d7cf4208e0
0x53e083,0x7cb731a2e820
0x53e083,0x7cb731a313b8
0x53e0c1,0xc8d283389b0
0x53e083,0x28d7cf513d20
0x53e083,0x7cb731a73560
0x53e088,0xce13851208d0
0x53e083,0x6c537036d7b0
0x53e088,0x7cb731a95110
0x53e083,0xc48ca901bdb0
0x53e083,0xd693287072a0
0x53e083,0x98f5690d6420
0x53e088,0xd79e62ac5720
0x53e083,0x71d5f3e07c78
0x53e083,0x71d5f3f2cda0
0x53e088,0xaff5007b0fa0
0x53e083,0x635dff9b1e30
0x53e088,0x2c2cbb4f89a0
0x4494de,0xd79e62bc98c0
0x558f9a,0x71d0d59c7a00
0x410f2c,0x71d0d59c7238
0x448b5d,0x2c2cbb625320
0x410f8a,0x71d0d59c7280
0x448b5d,0x5115330d1378
0x448b63,0x5115330d1390
0x412cc0,0x71d0d59d5278
0x410f8a,0x71d0d59e10f0
0x46d773,0x6af9d6d19120
0x447a40,0x8a4feef51350
0x4537e7,0x6af9d6d125cc
0x494c73,0xd79e62a58fd0
0x494c73,0x66598a823100
0x494c73,0x8a4feef6b380
0x494c73,0x28e837c90fb0
0x494c7e,0x8a4feef75138
0x494c93,0x6af9d6d201b8
0x447a20,0x6af9d6d15100
0x4552b0,0x6af9d6d12e98
0x4552c0,0x6af9d6d12ed4
0x449502,0xce1385107204
0x4552b0,0x71d0d59ecd88
0x46d736,0xcc2ca38d09a0
0x45ee80,0x11faa1765330
0x447a14,0x71d0d59f0994
0x45ff56,0x71d5f3e9ebc0
0x53cacd,0x2c2cbb4bbda8
0x456171,0xff3c8d5cb574
0x4518c8,0x5115330c5ab8
0x412d56,0x8a4feef88b88
0x47338d,0x8a4feef863ac
0x451882,0x6af9d6d16748
0x494c82,0x66598a7f8988
0x494c7e,0x66598a807c78
0x44952d,0x11faa1766398
0x448b83,0xff3c8d5cc640
0x47c586,0x28e837cc3120
0x45eea0,0xff3c8d5cb3a8
0x53de87,0x49950aac2760
0x53df14,0xce13850c09b8
0x53ffd1,0xce13850c08f8
0x53ffd1,0xcd28e577ed78
0x53df14,0x71d0d5a209b8
0x53ffd1,0x71d0d5a208f8
0x46d633,0x11faa1773540
0x45ee80,0x11faa1771380
0x45eea0,0x11faa1771368
0x45eea7,0x11faa1774700
0x456269,0x7cb731b047e8
0x451882,0xd79e62b731d8
0x494c73,0xcd28e57a23e0
0x42d593,0xf5d9bcfccd90
0x4494ea,0xb7ac7a96c1c8
0x4494ea,0x71d0d5a47cc8
0x53df0a,0x11faa179c520
0x45eeb8,0xd79e62b81190
0x45eea7,0x11faa17a10e0
0x45eea7,0x11faa17a23d0
0x449502,0x7ebb3c7f6744
0x45eea0,0x11faa17a47f8
0x494c73,0xff3c8d5b6740
0x494c7e,0xa1abd7fee838
0x494c73,0xff3c8d5e1c70
0x559fe0,0x28d7cf513548
0x4494de,0x7cb731a53d00
0x4494de,0x7ebb3c7f9100
0x449502,0x932ec402b544
0x4537e7,0x11faa17be51c
0x53df14,0xd79e62ab1388
0x44952d,0xd79e62ab1348
0x45fe1c,0x6c5370392e88
0x448b7a,0x11faa17ba4e8
0x53df14,0x932ec4047cf8
0x494c7e,0x7ebb3c7d2ef8
0x42d593,0xc9394d3611a0
0x45ee80,0x7cb731b0d790
0x46d633,0xcc2ca388c1c0
0x451882,0x11faa17e1c58
0x53df0a,0x11faa17ebca0
0x53df14,0xd693286febd8
0x45fdd3,0x6c537038d7b8
0x494c73,0x66598a80c670
0x494c93,0xcc2ca37bebf8
0x494c73,0x2c2cbb4898e0
0x447a14,0xd79e62bb0f94
0x53df14,0xd79e62c4c658
0x46d633,0x99d826a023c0
0x449502,0x11faa17febc4
0x4518c8,0x11faa1800d78
0x4537e7,0x11faa180572c
0x46d633,0x932ec4087290
0x451882,0x11faa1801c68
0x45eeb8,0xd79e62bb1380
0x494c7e,0xce13850cb578
0x494c73,0x8a4feef731c0
0x494c93,0x71d5f3e5c538
0x494c73,0x66598a770f80
0x463a8d,0x464bc80dbf50
0x559fe0,0xce13850a8bb8
0x45ee80,0x11faa1812ed0
0x45eea0,0x11faa1812eb8
0x53df0a,0x4741a6425120
0x46d633,0xc8d281c5110
0x53df14,0xff3c8d5fa4c8
0x4537e7,0x11faa1819fac
0x45ee80,0x464bc808cd80
0x4494de,0xff3c8d6223c0
0x4537e7,0x11faa182c65c
0x448b7a,0x11faa1830988
0x45ee80,0x11faa1832e90
0x53df14,0xcc2ca3876748
0x45ee80,0x11faa182c1d0
0x45eeb8,0x11faa1839f90
0x494c73,0x998897f6dfe0
0x494c73,0xff3c8d5e08e0
0x494c73,0xcc2ca3835240
0x559fe0,0x11faa1792ec8
0x42d593,0x11faa1792eb0
0x448b7a,0x11faa184b568
0x4494de,0xf5d9bd080980
0x53df0a,0x11faa17f4710
0x53ffd1,0x11faa1851e38
0x53df14,0xafd74f958fe8
0x456269,0x464bc8092ea8
0x45ee80,0x464bc8092ed0
0x447a20,0x11faa1846580
0x46d614,0x6c6f1e4c5a80
0x45fdd7,0x66598a7ab540
0x46d614,0x878ddf9f8980
0x45ee80,0x11faa18463a0
0x53cb5b,0xd79e62bcbca8
0x494c73,0x11faa18601b0
0x4602e0,0x464bc8093568
0x42d851,0x464bc8096758
0x559fe0,0xce13850e6388
0x44952d,0x11faa185c518
0x449502,0x2c2cbb4d6c04
0x45fdd7,0x66598a83e510
0x46d633,0xafd74f980988
0x456269,0x11faa186b398
0x45eeb8,0x11faa1873d20
0x45ee80,0x11faa186b560
0x45ee80,0xd79e62bf6410
0x494c97,0x11faa18610c8
0x494c73,0x11faa1881c60
0x494c93,0xd79e62bd2ef8
0x45ee80,0x464bc8098fe0
0x53df14,0xcd28e5816438
0x46d633,0xcd28e57ee800
0x45fe1c,0xa7d08ad75118
0x45ee80,0x11faa1883120
0x4494ea,0x908653178988
0x45fdd7,0xbf7dd6016c20
0x44952d,0x2c2cbb474718
0x451882,0xd79e62c05128
0x0,0x66598a795130
0x53df14,0x11faa1891c68
0x4494de,0x11faa18925c0
0x494c73,0x7cb731a45720
0x494c73,0x7cb731996c10
0x494c73,0x11faa18a1c70
0x494c73,0x11faa18447d0
0x494c7e,0xcc2ca37ee838
0x494c73,0x11faa18823c0
0x456198,0x464bc809bdb8
0x45eea0,0x11faa18a65a8
0x4494f2,0xcd28e579dc40
0x449502,0x11faa18ad784
0x449502,0xb7ac7a95bf44
0x45ee80,0x11faa18a47c0
0x451882,0x11faa18b2ea8
0x494c93,0x66598a82dff8
0x494c73,0xa7d08ad1dc70
0x494c73,0xd79e62a9e500
0x494c93,0x11faa1882778
0x447a40,0x11faa18c5a90
0x53df0a,0xff3c8d60d790
0x451950,0x11faa18c98f8
0x4537e7,0x11faa18cc1cc
0x46d633,0xcd28e5730f90
0x456269,0x11faa18c5328
0x449502,0xbf7dd5ea47c4
0x45eea0,0x11faa18d4fb8
0x45ee80,0x11faa18c5710
0x53df14,0xb7ac7a988b88
0x4537e7,0x11faa18d910c
0x448b7a,0x11faa18c7218
0x53cb5b,0xd79e62c0b398
0x494c93,0x41d09e9b89b8
0x494c73,0xfafbfab02750
0x47338d,0x464bc809ebe4
0x449929,0xd79e62c1bd88
0x447a14,0x464bc80a11a4
0x45ee80,0x7ff68728e820
0x44952d,0xce138500dfc8
0x4537e7,0xe7c8f378fdc
0x45fe1c,0xa7d08ad75278
0x46d633,0xafd74f954700
0x448b7a,0x11faa18e2748
0x456269,0x11faa18e0188
0x451882,0xd79e62c2e828
0x4537e7,0xe7c8f37dc4c
0x53df0a,0xce1384f95258
0x448b7a,0xe7c8f37ed78
0x494c73,0xe7c8f382750
0x494c73,0xe7c8f3847c0
0x494c73,0xce1384f810f0
0x456269,0x464bc80a5738
0x45eeb8,0xe7c8f392ed0
0x448b7a,0xe7c8f395278
0x4494ea,0x24d6558de508
0x494c97,0x255430299fb8
0x494c73,0xd9e9d66c7c40
0x494c93,0xbf7dd5f589b8
0x494c7e,0xb66056945138
0x42d894,0xb7ac7a9f0998
0x53df0a,0xf5d9bd056400
0x4537e7,0xe7c8f3ac65c
0x53df14,0xe7c8f3b5258
0x53df14,0x24d6558cd7b8
0x4537e7,0xe7c8f3b911c
0x448b7a,0xe7c8f3a6598
0x494c73,0x7ebb3c7c7cf0
0x494c73,0x11faa1705aa0
0x494c73,0xcd28e5727280
0x463a8d,0x464bc80e7a10
0x42ccad,0xd79e62c40988
0x4561ac,0x464bc80e6394
0x45eea7,0xe7c8f3c5120
0x53df0a,0x7ebb3c8665a8
0x53df14,0x71d5f3ee5738
0x45fdd7,0x11faa178b550
0x45eeb8,0xe7c8f3d1340
0x451882,0xe7c8f3d13a8
0x45ee80,0x464bc80abca0
0x448b7a,0xe8035e4608d8
0x5405e9,0xd79e62c408f8
0x494c73,0xe7c8f3a47c0
0x494c73,0xd79e62a9ed70
0x494c93,0xce13850d0fb8
0x42d894,0x99d826a098d8
0x449609,0xd79e62c4e828
0x447a40,0xe7c8f3e3120
0x53df0a,0xe7c8f3e47e0
0x45fdd7,0x11faa17b6c10
0x45fdd7,0x932ec4094730
0x4494ea,0x66598a7a98c8
0x4494de,0xff3c8d614f80
0x456269,0x464bc80adfd8
0x494c73,0xe7c8f3c2740
0x559fe3,0x6c5370331340
0x40b657,0x6c5370331380
0x45ee80,0xab2ecf35bf60
0x44952d,0xe470055e7c58
0x456269,0x464bc80b09b8
0x4537e7,0xab2ecf360d4c
0x449502,0x7ebb3c7d1e04
0x45fe42,0xf5d9bd0909a0
0x53df14,0xcd28e577ebf8
0x53df14,0xf5d9bd010998
0x494c73,0x635dff9cb380
0x494c73,0xe7c8f3e2740
0x494c7e,0xafd74f9463b8
0x42f2bd,0x464bc80b1350
0x47338d,0x464bc80b13b4
0x42d894,0xa040f2151c78
0x46d614,0xb7ac7a94c1c0
0x53df0a,0xcc2ca3853d10
0x45ee80,0x464bc80b3d00
0x46d633,0x71d0d5a39108
0x4494de,0xf5d9bd00c1c0
0x4518c8,0x6c53703531f8
0x45ee80,0x6c5370355110
0x494c93,0x635dff9c3138
0x4494f2,0xb1739fbd0980
0x44952d,0x66598a7cb388
0x451882,0xab2ecf3a5738
0x53df0a,0x66598a847c70
0x4494ea,0x66598a847cc8
0x451882,0x6c5370363138
0x53df14,0xce13851023c8
0x494c73,0x7cb731971c60
0x494c93,0xab2ecf376c38
0x494c73,0x6c5370396c30
0x42d593,0x71d0d5956760
0x46d614,0x66598a7d8fc0
0x448b7a,0xab2ecf3b8988
0x44952d,0x878ddfa01c48
0x45ee80,0xab2ecf3c1180
0x46d614,0xaff500799f80
0x45eeb8,0xab2ecf3c0990
0x53df0a,0x28d7cf5d31e0
0x4537e7,0xab2ecf3c531c
0x45fe42,0xd79e62aab570
0x45ee80,0xab2ecf3b5120
0x4537e7,0xab2ecf3c65ac
0x53ffd1,0xb7ac7a9a7c78
0x53df0a,0x71d5f3e8dfd0
0x4494de,0xb7ac7a9a7cc0
0x494c73,0x2c2cbb539fb0
0x456198,0x464bc80bbf68
0x4537e7,0xab2ecf3d0f8c
0x456269,0x464bc80ba4d8
0x53df14,0x878ddfa3ebc8
0x451882,0xab2ecf3d6c28
0x45fe42,0x5829a6ec1c40
0x53df14,0xf5d9bd08b3a8
0x45fdd7,0xcc2ca37f6420
0x53df0a,0xd79e62b07cf0
0x53df14,0x878ddf9f8fc8
0x45eeb8,0x6c537039ed40
0x494c7e,0xe7c8f3c1c78
0x494c73,0x7cb731939f90
0x494c73,0xcd28e5833d10
0x45ff7a,0xd79e62aa11ac
0x45ff4d,0x28e837c92eb8
0x53ffd1,0xf5d9bd0a3138
0x45eea7,0xab2ecf3f09a0
0x4494f2,0xbf7dd5e56c00
0x4537e7,0xab2ecf3f470c
0x53df14,0xe8035e45a4f8
0x46d633,0xf5d9bd0b5100
0x494c93,0xa7d08ad131f8
0x494c73,0xcc2ca37e6380
0x494c93,0xc8d282fa4f8
0x443d2b,0x7cb7319ab391
0x42d593,0xf5d9bcfa1c50
0x4561ac,0x464bc80bed54
0x45eeb8,0xab2ecf402750
0x46d633,0xcc2ca3791c40
0x451882,0xab2ecf405ab8
0x4537e7,0xab2ecf407c6c
0x494c93,0xc9394d3847f8
0x44952d,0x71d5f3fd5108
0x53df14,0xce1384f95118
0x448b7a,0xab2ecf426398
0x4494de,0x28d7cf418980
0x46d633,0xaff5007e6380
0x45ee80,0xab2ecf4298f0
0x494c73,0x24d655914f80
0x494c73,0xab2ecf431360
0x53df14,0x71d5f3ff0fa8
0x4494ea,0x28d7cf5c0988
0x4537e7,0xab2ecf43c50c
0x53df14,0xcc2ca3842748
0x53df14,0xcc2ca37e47e8
0x45eea0,0xab2ecf4411b8
0x4537e7,0xab2ecf44275c
0x45ee80,0xa7d08ad3a4c0
0x494c73,0x71d0d58cbc80
0x494c73,0xb66056946390
0x456198,0x464bc80c7cf8
0x46d614,0xf5d9bd12b380
0x449502,0xcd28e57e5a84
0x53df0a,0x4741a6432ea0
0x46d633,0x4741a6432ed0
0x42d15d,0x464bc80c7a00
0x494c73,0xce1384fe23c0
0x494c73,0xcd28e574cda0
0x494c73,0x4e5a10fa5730
0x494c73,0xc9394d386580
0x53df14,0x11faa172bc88
0x45eea7,0xafe0999c7230
0x53df0a,0xcd28e575e530
0x451882,0xafe0999c6588
0x53df14,0xcc2ca38bbf58
0x4518c8,0xa7d08ad531f8
0x494c73,0xce1385130980
0x46d75a,0x464bc80cc650
0x559fe3,0xa7d08ad4cd80
0x42d894,0x7ebb3c7c3138
0x53e487,0x2c2cbb4bbda8
0x45fe42,0x71d0d59c0d60
0x53e5fc,0xafe0999debf8
0x44952d,0x32bd14b925c8
0x53e62b,0xc9394d38b540
0x46d614,0x71d5f3ec7a00
0x448b7a,0xa7d08ad61c58
0x494c93,0x7ebb3c7c10f8
0x494c73,0xe7c8f3bebf0
0x494c93,0x94d99151e38
0x494c73,0x8a4feef7dc60
0x494c93,0x28d7cf441c78
0x53e62b,0x71d0d5a1ed70
0x46d614,0xb1739fbcc1c0
0x44952d,0xb1739fbd1c58
0x45ee80,0x8f7ac39698c0
0x45fdd7,0xb7ac7a92c1c8
0x46d614,0x1719cc66380
0x494c73,0x7cb731a94720
0x494c73,0xcc2ca3819110
0x494c73,0x28d7cf501c70
0x494c73,0x412e73cdbf70
0x494c73,0x71d5f3e32ee0
0x494c7e,0xd79e62b53578
0x45ff7e,0x11faa1773540
0x449947,0xa7d08ad7bf78
0x42d851,0x464bc80d1c48
0x53e62b,0xdc47619f5240
0x45eea0,0xdc47619fbf68
0x4494de,0xdc4761a02740
0x46d633,0xdc4761a05310
0x451882,0xdc4761a00d68
0x45ee80,0x464bc80d0990
0x494c73,0x7ebb3c7d89a0
0x494c73,0xcc2ca36f4fa0
0x443d2b,0x464bc80f6411
0x449929,0x5829a6ec8b88
0x4561ac,0x464bc80d4fa4
0x45eea7,0x464bc80d3d30
0x53df0a,0x3a044724bca0
0x449502,0xdc4761a25a84
0x456269,0x464bc80d3578
0x53e65a,0xcc2ca37b89b8
0x53df14,0x4d2bb47c5128
0x45ee80,0x5829a6ee08d0
0x45eea7,0xdc4761a31c50
0x494c73,0x7cb731a1bda0
0x494c73,0xd79e62c19f90
0x494c73,0xcc2ca3712ea0
0x494c73,0x7ebb3c7d6c00
0x494c73,0x71d5f3f0d780
0x494c73,0x2c2cbb5a7a10
0x449929,0x5829a6ed6c08
0x44952d,0x71d5f3e1ebd8
0x53e5fc,0xdc4761a45738
0x45eea7,0xdc4761a4b3b0
0x4537e7,0xdc4761a4b55c
0x448b7a,0xdc4761a50fb8
0x44952d,0x99d8269ed798
0x4537e7,0xdc4761a5674c
0x53df14,0x66598a7b2e98
0x53df0a,0xbf7dd5e66380
0x451950,0xdc4761a65738
0x53df0a,0xbf7dd5e7bf50
0x53e62b,0xdc4761a72ea0
0x4537e7,0xdc4761a463bc
0x53e62b,0xdc4761a74700
0x46d633,0xdc4761a72ed0
0x4494de,0xbf7dd5e93d00
0x53df14,0xd79e62b531e8
0x45eea7,0xdc4761a7e500
0x451950,0xdc4761a7c538
0x4494ea,0xbf7dd5ec10c8
0x451882,0xd79e62b0c1d8
0x46d633,0xdc4761a87290
0x45eeb8,0xd79e62b0c670
0x45ee80,0xdc4761a3bf40
0x447a20,0x11faa176e830
0x4552b0,0x11faa1770988
0x457432,0xdc4761a8bcb0
0x463e27,0x11faa1774700
0x412c87,0x11faa1771c58
0x412cc0,0x11faa1779f98
0x46d773,0xa040f2045120
0x412c87,0x11faa177e528
0x4552c0,0x11faa177ed74
0x463a8d,0xb7ac7a96c1c8
0x45ff7a,0x99d826a023c0
0x45ff56,0x7ebb3c7f6744
0x411d2f,0x11faa1795100
0x460050,0x11faa179c520
0x45ff56,0xd79e62ab1348
0x463e27,0x11faa17a10e0
0x45528e,0x11faa17a1184
0x4552c0,0x11faa17a1c74
0x463e27,0x11faa17a23d0
0x447a14,0x11faa1796764
0x4552b0,0x11faa17a3138
0x45ff4d,0x6c5370392e88
0x412cc0,0x11faa1794718
0x4552b0,0x11faa1794fb8
0x463a8d,0x7cb731a53d00
0x463aa3,0x11faa17be51c
0x4552b0,0x11faa17c0d78
0x411d2f,0x11faa17bdc40
0x45ff4d,0x6c5370392ec8
0x4552b0,0x11faa17c5728
0x4552b0,0x11faa17c7a18
0x411d2f,0x11faa17c7220
0x448b5a,0x11faa17ba4e8
0x457432,0xdc4761aac670
0x46d773,0xab2ecf44b3a0
0x46d736,0xab2ecf44b540
0x4552c0,0x11faa17b8fc4
0x45ff4d,0x6c537038d7b8
0x558f9a,0x11faa17dbf60
0x4602e0,0x11faa17debc0
0x53de87,0xd79e62b13550
0x45feea,0xdc4761ab1e0c
0x45feea,0xdc4761ab25cc
0x412cc0,0x11faa17e3128
0x45ff62,0x11faa17febc4
0x42ccca,0xd693286febd8
0x460050,0x11faa17ebca0
0x4552c0,0x11faa17e10f4
0x4552b0,0x11faa17e1198
0x4552c0,0x11faa17fbf74
0x448b83,0xdc4761aba4c0
0x412cc0,0x11faa17fdc78
0x45ff7e,0xc8d281c5110
0x53de87,0xa1abd7fddc68
0x463aa3,0x11faa180572c
0x46d736,0xdc4761ac1180
0x53e49f,0x28e837cf1c78
0x46d75a,0x11faa180b390
0x558f9a,0x11faa180bca0
0x411c2e,0x11faa180b548
0x457432,0xdc4761ac5130
0x412c87,0x11faa18125f8
0x558f9a,0x11faa1815120
0x53de87,0xf5d9bd198980
0x463aa3,0x11faa1819fac
0x460050,0x4741a6425120
0x4552c0,0x11faa1820184
0x411c2e,0x11faa1820d78
0x4115a9,0x11faa1814f80
0x4552c0,0x11faa1822764
0x463a8d,0xff3c8d6223c0
0x46d773,0xdc4761ad3540
0x463aa3,0x11faa182c65c
0x4552b0,0x11faa1833558
0x448b5a,0x11faa1830988
0x447a39,0x11faa1834fb0
0x447a20,0x11faa1836c00
0x447a20,0x11faa1832ef0
0x411c2e,0x11faa18325c8
0x448b83,0xdc4761ad9f80
0x558f9a,0xd79e62bd1370
0x4552b0,0xd79e62bd1398
0x457432,0xdc4761aded70
0x4552c0,0x11faa18408f4
0x45ff62,0x66598a7ab540
0x4552c0,0x11faa1847ce4
0x45ff62,0x11faa185c518
0x448b5a,0x11faa184b568
0x463a8d,0xf5d9bd080980
0x559212,0x11faa1850980
0x46d743,0x11faa17f4710
0x53de87,0xce13850063b0
0x412c87,0x11faa18525d8
0x558f9a,0x11faa1852e80
0x4552b0,0x11faa1852ec8
0x45ff62,0x66598a83e510
0x45ff89,0xcd28e5816438
0x46d736,0xf848bcf85a80
0x447a20,0x11faa1874f90
0x448b83,0xdc4761aeb380
0x45ff7a,0xcd28e57ee800
0x447a40,0x11faa1875270
0x4552c0,0x11faa1875134
0x53de87,0xf5d9bd111c70
0x45ff4d,0xa7d08ad75118
0x4552c0,0x11faa1876424
0x45528e,0x11faa1876c24
0x412cc0,0x11faa1879128
0x457432,0xdc4761af09b0
0x4552c0,0x11faa187bf54
0x53de87,0xb7ac7a9a0d60
0x45ff62,0x2c2cbb474718
0x4552c0,0x11faa18865b4
0x412cce,0x11faa188c651
0x53de87,0xa040f2056760
0x46d736,0xdc4761af8fe0
0x45ff56,0x11faa18ad784
0x463a8d,0x908653178988
0x46d736,0x9ae076614720
0x45528e,0x11faa1885324
0x46d773,0xdc4761afc500
0x4552b0,0x11faa18931d8
0x42ccca,0x11faa1891c68
0x463a8d,0x11faa18925c0
0x46d773,0x464bc80e0d60
0x46d773,0xdc4761afe520
0x46d773,0xdc4761b01c60
0x4552c0,0x11faa18b0fb4
0x46d773,0xdc4761b072a0
0x411c2e,0x11faa18bbd98
0x53de87,0xf5d9bd0b8fc8
0x46d743,0xff3c8d60d790
0x53de87,0x5115330f5120
0x463aa3,0x11faa18cc1cc
0x411c2e,0x11faa18d09b8
0x447a40,0x11faa18d3d30
0x411c2e,0x11faa18d4708
0x45ff62,0xce138500dfc8
0x45ff4d,0xa7d08ad75278
0x463aa3,0x11faa18d910c
0x4552b0,0x11faa18c7c48
0x558f9a,0x11faa18c7ce0
0x448b5a,0x11faa18c7218
0x4552b0,0x11faa18e3118
0x412c87,0x7ff68728cda8
0x463aa3,0xe7c8f378fdc
0x4115a9,0xe7c8f379100
0x411c2e,0xe7c8f37a4d8
0x448b5a,0x11faa18e2748
0x463aa3,0xe7c8f37dc4c
0x45ff7a,0xf5d9bd056400
0x448b5a,0xe7c8f37ed78
0x45736c,0xdc4761b210c8
0x4552b0,0xe7c8f390f98
0x447a20,0xe7c8f391350
0x460a83,0xe7c8f391c59
0x448b5a,0xe7c8f395278
0x447a40,0xe7c8f38c1f0
0x448b5d,0xdc4761b2d780
0x46d75a,0xe7c8f3a7220
0x412c87,0xe7c8f3a7288
0x4552b0,0xe7c8f3a7a38
0x457432,0x464bc80e5730
0x448b83,0xdc4761b30f80
0x463aa3,0xe7c8f3ac65c
0x45ff4d,0x28e837c9ed78
0x45ff90,0x24d6558cd7b8
0x45736c,0xdc4761b32e88
0x448b5d,0xdc4761b32ee0
0x45ff89,0x71d5f3ee5738
0x45ff62,0x11faa178b550
0x411c2e,0xe7c8f3b4718
0x463a96,0x2c2cbb556c00
0x412c87,0xe7c8f3a8ba8
0x42ccca,0xe7c8f3b5258
0x448b5a,0xe7c8f3a6598
0x448b5d,0x464bc80a7c60
0x463e27,0xe7c8f3c5120
0x46d75a,0xe7c8f3c5320
0x4552b0,0xe7c8f3c5a98
0x46d736,0x464bc80e7c60
0x412cc0,0xe7c8f3cb578
0x412c87,0xe7c8f3ce818
0x4552c0,0xe7c8f3cc644
0x53e49f,0xb7ac7aa063b8
0x45ff62,0x11faa17b6c10
0x447a40,0xe7c8f3d5130
0x460a83,0xe7c8f3d6759
0x45ff62,0x932ec4094730
0x45736c,0x6780b4625aa8
0x448b5a,0xe8035e4608d8
0x45ff56,0xe470055e7c58
0x460050,0xe7c8f3e47e0
0x53de87,0xf5d9bd007cc0
0x45ff56,0x7ebb3c7d1e04
0x448b83,0xdc4761b47200
0x53de87,0xb7ac7a9cd7b0
0x447a40,0xe7c8f3e5730
0x53de87,0xbcd57edf4fa0
0x46d736,0xdc4761b4d780
0x463a8d,0x66598a7a98c8
0x4552b0,0xab2ecf35bd98
0x45736c,0x464bc80e98e8
0x45ff7a,0xb7ac7a94c1c0
0x411c2e,0xab2ecf35dc68
0x463aa3,0xab2ecf360d4c
0x460bc0,0xcd28e5868b80
0x412c87,0xab2ecf36bcb8
0x4552c0,0xab2ecf35c504
0x4552b0,0xab2ecf36d7b8
0x53de87,0xf5d9bcfc5310
0x412c87,0x6c5370348bb8
0x4552b0,0xab2ecf37e528
0x45528e,0xab2ecf37ed64
0x4552c0,0xab2ecf382774
0x4602e0,0xab2ecf3898c0
0x45736c,0xdc4761b60d48
0x4602e0,0xab2ecf388bb0
0x463a8d,0xf5d9bd00c1c0
0x45ff62,0x66598a7cb388
0x559212,0xab2ecf38cd90
0x4552b0,0xab2ecf38dfe8
0x460a83,0xab2ecf38d789
0x46d773,0xdc4761b65120
0x448b5d,0xdc4761b67c40
0x45feea,0xdc4761b68b8c
0x4552b0,0xab2ecf3a7218
0x558f9a,0xab2ecf3a72b0
0x412cc0,0xab2ecf3a7c68
0x4602e0,0xab2ecf3a7ce0
0x45ff56,0x878ddfa01c48
0x53de87,0xb7ac7a9f31c0
0x463a8d,0x66598a847cc8
0x460050,0x66598a847c70
0x46d773,0xdc4761b6d780
0x45528e,0xab2ecf3ac664
0x4552b0,0x6c5370365118
0x448b63,0xdc4761b70988
0x4552c0,0xab2ecf3ba4d4
0x448b5a,0xab2ecf3b8988
0x447a40,0xab2ecf3bebf0
0x46d736,0xdc4761b74f90
0x53de87,0xce1384fba4c0
0x412c87,0xab2ecf3c2768
0x558f9a,0xab2ecf3c10f0
0x558f9a,0xab2ecf3c1180
0x448b63,0xdc4761b78fc8
0x463aa3,0xab2ecf3c531c
0x460050,0x28d7cf5d31e0
0x53e49f,0xb7ac7a9c23f8
0x463aa3,0xab2ecf3c65ac
0x45ff62,0xcc2ca37f6420
0x411c2e,0x6c537037bd98
0x463aa3,0xab2ecf3d0f8c
0x45736c,0xdc4761b7c528
0x448b5d,0xdc4761b7e500
0x4552c0,0xab2ecf3d31e4
0x411c2e,0xab2ecf3d8fe8
0x448b5d,0xdc4761b81c40
0x447a39,0xab2ecf3d9fb0
0x45feea,0xdc4761b823cc
0x4552c0,0xab2ecf3dbda4
0x460050,0xd79e62b07cf0
0x448b5d,0xdc4761b85300
0x45528e,0xab2ecf3ec1d4
0x447a20,0xab2ecf3ecdb0
0x53de87,0xb1739fbd0fa0
0x463e27,0xab2ecf3f09a0
0x45ff90,0xe8035e45a4f8
0x45ff56,0x71d5f3fd5108
0x45ff7a,0xcc2ca3791c40
0x4602e0,0xab2ecf3edfc0
0x46d729,0xdc4761b8e808
0x4115a9,0xab2ecf3f3540
0x4552c0,0xab2ecf3f3d24
0x463aa3,0xab2ecf3f470c
0x558f9a,0x51153313bf70
0x46d75a,0xab2ecf403100
0x46d736,0xdc4761b96c00
0x45528e,0xab2ecf406584
0x4552c0,0xab2ecf407284
0x53de87,0x8876f2fc5330
0x463aa3,0xab2ecf407c6c
0x46d75a,0xab2ecf407cc0
0x460bc0,0x28d7cf4e47c0
0x558f9a,0xab2ecf4098c0
0x463a96,0x2c2cbb567210
0x558f9a,0xab2ecf40c1e0
0x46d773,0xcd28e5851c50
0x448b63,0xd79e62b27208
0x460a83,0xab2ecf41ed59
0x4552b0,0xab2ecf4247e8
0x412cc0,0xab2ecf425318
0x45528e,0xab2ecf425104
0x412c87,0xab2ecf4265b8
0x448b5a,0xab2ecf426398
0x4602e0,0xab2ecf41dc60
0x463a8d,0x28d7cf418980
0x46d773,0xdc4761babcb0
0x4552c0,0x11faa1718ff4
0x558f9a,0xab2ecf423130
0x448b5d,0x464bc80f1e00
0x42ccca,0x71d5f3ff0fa8
0x411c2e,0xab2ecf439138
0x463a8d,0x28d7cf5c0988
0x463aa3,0xab2ecf43c50c
0x45feea,0x7cb731987ccc
0x4602e0,0xab2ecf438980
0x45ff7a,0x4741a6432ed0
0x558f9a,0xab2ecf43e530
0x4602e0,0xab2ecf43dc70
0x412c87,0xab2ecf440188
0x4552b0,0xab2ecf440998
0x46d75a,0xab2ecf436410
0x42ccca,0xcc2ca37e47e8
0x463aa3,0xab2ecf44275c
0x4552c0,0xab2ecf4410e4
0x448b5d,0x8f7ac3968b80
0x558f9a,0xa7d08ad3a4c0
0x53de87,0xafd74f96e820
0x448b5d,0xdc4761bb1340
0x460a83,0xab2ecf443119
0x448b5d,0x71d5f3e07a10
0x412cc0,0xab2ecf4531d8
0x412c87,0xab2ecf456768
0x45fd16,0xdc4761bb9100
0x460050,0x4741a6432ea0
0x46d773,0xdc4761bbbd90
0x4602e0,0x7cbb54263100
0x559212,0xab2ecf450fa0
0x46d75a,0x4e5a10f9ebe0
0x411d2f,0x4e5a10f9ed40
0x53e49f,0xcc2ca37f6778
0x447a20,0x4e5a10fab3b0
0x45736c,0x464bc80f25c8
0x411557,0x4e5a10fabc8c
0x4552c0,0xafe0999c47e4
0x4552b0,0xafe0999c5a98
0x463e27,0xafe0999c7230
0x4552c0,0xafe0999c7ce4
0x46d736,0xdc4761bc6380
0x42ccca,0xcc2ca38bbf58
0x448b5d,0xdc4761bc7c60
0x447a40,0x4e5a10facdb0
0x460bc0,0xa040f21c6380
0x4602e0,0xafe0999cd7b0
0x45ff62,0x32bd14b925c8
0x45ff56,0xb1739fbd1c58
0x4552b0,0xa7d08ad55268
0x412cc0,0xa7d08ad54fa8
0x558f9a,0xafe0999ce800
0x412c87,0xafe0999d89b8
0x4552b0,0xafe0999d9108
0x46d75a,0xafe0999dbdb0
0x411c2e,0xafe0999dbf68
0x463a96,0x2c2cbb56d780
0x412cce,0xafe0999e23d1
0x448b5d,0x1a70aa743130
0x45528e,0x94d991447d4
0x558f9a,0x94d99145320
0x447a39,0x94d99145ab0
0x45ff7a,0xb1739fbcc1c0
0x45ff62,0xb7ac7a92c1c8
0x45ff7e,0x1719cc66380
0x447a20,0x8f7ac396d780
0x412c87,0x8f7ac396dff8
0x4552b0,0x8f7ac396e808
0x53e49f,0xb381a39fb8
0x4115a9,0x8f7ac396c640
0x45528e,0x8f7ac3974704
0x4552c0,0x8f7ac39731f4
0x4552c0,0x8f7ac3976404
0x411c2e,0x8f7ac3973d08
0x558f9a,0x8f7ac39698c0
0x45736c,0xdc4761bdebe8
0x4552b0,0x8f7ac39789a8
0x412cc0,0xdc47619e6588
0x46d773,0xdc4761be10c0
0x53de87,0x932ec4071c60
0x412c87,0x464bc80d0fb8
0x558f9a,0xdc47619f6c10
0x412c87,0xdc47619f9108
0x45ff7e,0xce13850210cc
0x4552c0,0xdc47619fbdb4
0x46d75a,0xdc4761a047f0
0x558f9a,0xdc4761a03100
0x447a40,0xdc4761a065b0
0x4552c0,0xdc4761a06394
0x4552c0,0xdc4761a0bcb4
0x460a83,0xdc4761a0b559
0x4602e0,0xdc4761a0e820
0x463e27,0x464bc80d3d30
0x53de87,0x932ec40465b0
0x460050,0x3a044724bca0
0x45ff56,0x99d8269ed798
0x45ff62,0x71d5f3e1ebd8
0x457432,0xf775d3148bb0
0x463e27,0xdc4761a31c50
0x42ccca,0x4d2bb47c5128
0x4115a9,0xdc4761a1e500
0x558f9a,0xdc4761a1ed40
0x4552c0,0x7ebb3c7a2754
0x53de87,0x71d0d5a623d0
0x45fd16,0x71d0d588b540
0x46d75a,0xdc4761a472a0
0x4552c0,0xdc4761a47c54
0x4552b0,0xdc4761a47cd8
0x463aa3,0xdc4761a4b55c
0x463e27,0xdc4761a4b3b0
0x4552b0,0xdc4761a4c1f8
0x53de87,0x28d7cf487230
0x448b5a,0xdc4761a50fb8
0x463aa3,0xdc4761a5674c
0x447a40,0xdc4761a55270
0x4552c0,0xdc4761a55134
0x45ff7a,0xbf7dd5e66380
0x4552b0,0xdc4761a4d798
0x558f9a,0xdc4761a5dc70
0x42ccca,0x66598a7b2e98
0x448b5d,0xce1385141190
0x558f9a,0x7ebb3c7ab540
0x412cce,0xdc4761a66391
0x412cce,0xdc4761a498d1
0x46d743,0xbf7dd5e7bf50
0x411d2f,0xdc4761a6bca0
0x457432,0xf775d3165730
0x411c2e,0xdc4761a6dfe8
0x463aa3,0xdc4761a463bc
0x412c87,0xdc4761a76768
0x4552b0,0xdc4761a75118
0x463a8d,0xbf7dd5e93d00
0x45736c,0xf775d316cd88
0x4552c0,0xdc4761a7bda4
0x42ccca,0xd79e62b531e8
0x463e27,0xdc4761a7e500
0x46d736,0xce1385041c40
0x412c87,0xdc4761a40d48
0x460a83,0xdc4761a810c9
0x411c2e,0xdc4761a81188
0x4602e0,0xdc4761a823f0
0x447a20,0xdc4761a86380
0x463a8d,0xbf7dd5ec10c8
0x45ff4d,0x28e837c92eb8
0x46d151,0xdc4761a87290
0x45ff7e,0xd79e62aa11ac
0x443d2b,0x7ebb3c7ec661
0x45eebb,0x28e837ce3118
0x47338d,0x7ebb3c80bcac
0x53cacd,0x66598a7a7208
0x411557,0x7ebb3c811c4c
0x473397,0x7ebb3c814f98
0x412743,0x7ebb3c818fe8
0x443d2b,0x7ebb3c873551
0x46091a,0x7ebb3c819138
0x460050,0x7ebb3c875270
0x460050,0x7ebb3c879130
0x45ff4d,0x28e837c92ec8
0x46d75a,0x7ebb3c82b550
0x4518c8,0x7ebb3c807a38
0x45ee80,0x7ebb3c811390
0x45eea0,0x7ebb3c811378
0x4494de,0x66598a7b25c0
0x456269,0x7ebb3c7fbd98
0x456269,0x7ebb3c7fbf48
0x451882,0x7ebb3c81dc48
0x448b7a,0x7ebb3c8272a8
0x53e62b,0xf775d3179120
0x53e65a,0x66598a774708
0x448b7a,0x7ebb3c82b398
0x45ee80,0x7ebb3c7fa4c0
0x494c97,0x7ebb3c832ef8
0x494c73,0x7ebb3c836400
0x494c93,0x7ebb3c841c78
0x494c73,0x7ebb3c845aa0
0x494c73,0xd79e62c27200
0x494c73,0x7ebb3c855270
0x494c73,0x7ebb3c85dc50
0x46d736,0x7ebb3c86e830
0x46d736,0x7ebb3c873d30
0x4552b0,0x7ebb3c8208c8
0x4552b0,0x7ebb3c8209a8
0x411d2f,0x7ebb3c8223e0
0x558f9a,0x7ebb3c827cd0
0x4552c0,0x7ebb3c827c74
0x4552c0,0x7ebb3c82bc84
0x443d2b,0xf775d317bda1
0x473397,0x24d6558d4f90
0x447a40,0x24d6558d3540
0x4518c8,0x24d6558d25f8
0x463a96,0xdd2838a59100
0x47338d,0x24d6558ddc74
0x410700,0x24d6558e5700
0x473397,0x24d6558e5a90
0x46d743,0xdd2838a5e538
0x451882,0x24d6558eb578
0x451882,0x24d6558f3568
0x46d743,0xdd2838a610f8
0x47338d,0x24d655903124
0x456198,0x24d65590cdb8
0x4602e0,0x24d65590c670
0x45ff7e,0x878ddf9e658c
0x412c87,0x24d655913d28
0x558f9a,0x24d6559125d0
0x456198,0x24d65591bd98
0x45ee80,0xf775d318d7b0
0x46d75a,0xf775d3180d70
0x46d75a,0xf775d3187a00
0x46d75a,0xf775d318bcb0
0x449824,0xbf7dd5e80d60
0x45fd16,0xbf7dd5ef25c0
0x410f25,0x7ebb3c885a80
0x412cce,0x24d655935111
0x410725,0x24d655935240
0x53cb5b,0x24d655931c78
0x412cc0,0x24d65593c508
0x443d2b,0xf775d3192e81
0x46d18d,0x28d7cf507cc0
0x443d2b,0xf775d3193d31
0x410b32,0xd7cc94e16400
0x460050,0x2c2cbb5298e0
0x410c00,0xd7cc94e1bd98
0x42ccad,0x1d8d5dacbcb0
0x412c87,0xdd2838a2e828
0x411557,0xdd2838a331cc
0x46d18d,0xd7cc94e21c60
0x47338d,0xdd2838a463a4
0x42ccad,0x5829a6ee63a0
0x46d181,0xdd2838a423c0
0x443d2b,0xf775d31989a1
0x53cb5b,0xdd2838a48ba8
0x45ff56,0xdc4761ad9f80
0x46d75a,0xdd2838a53d30
0x443d2b,0x66598a762771
0x447a40,0x11faa176e830
0x460050,0xdc4761a8bcb0
0x4495c3,0xce13850c09b8
0x456198,0x11faa1770988
0x448b7a,0xf775d31a5108
0x45eeb8,0xf775d31a7a30
0x45ee80,0xf775d31a7200
0x4495c3,0x71d0d5a209b8
0x463e27,0x11faa1774700
0x44959a,0x11faa1773540
0x412c87,0x11faa1771c58
0x45ee80,0x7cb731b05120
0x412cc0,0x11faa1779f98
0x46d773,0xa040f2045120
0x45ee80,0x7cb731b05330
0x45ee80,0xf775d31b0f90
0x412c87,0x11faa177e528
0x44952d,0x71d5f3e8c1d8
0x4561ac,0x11faa177ed74
0x45ff4d,0x6c5370392e88
0x449609,0x71d0d5a3bf58
0x53e65a,0xf775d31c08e8
0x449609,0x3a044725bd98
0x45ee80,0x7cb731b05720
0x44959d,0xb7ac7a96c1c8
0x45eeb8,0x11faa179ed70
0x46d633,0x735ce4b80190
0x45eea7,0x743fcfb4e830
0x4494f2,0xbf7dd5f6bc80
0x449680,0x71d0d5a47c70
0x44959d,0x71d0d5a47cc0
0x53df0a,0x71d5f3e4c670
0x451882,0x11faa179dc58
0x448b7a,0x743fcfb56c38
0x411804,0x11faa179c520
0x53df0a,0x71d5f3f21c50
0x45fd16,0xdc4761a98fc0
0x45eeb8,0xd79e62b810f0
0x463e27,0x11faa17a10e0
0x45ff4d,0x6c5370392ec8
0x456171,0x11faa17a1184
0x456269,0x11faa17a1c74
0x4537e7,0x743fcfb61c4c
0x463e27,0x11faa17a23d0
0x451882,0x743fcfb63138
0x4494de,0x2c2cbb5c5100
0x456171,0x11faa1796764
0x456198,0x11faa17a3138
0x53df14,0xa1abd7fded58
0x4495c3,0x7ebb3c7f6744
0x449680,0x71d0d5a601b0
0x412cc0,0x11faa1794718
0x456198,0x11faa1794fb8
0x451950,0x11faa17a72b8
0x448b7a,0x11faa17c0998
0x53df14,0xbf7dd5f96c18
0x44959d,0x7cb731a53d00
0x44959d,0x7ebb3c7f9100
0x451882,0x743fcfb71c78
0x463aa3,0x11faa17be51c
0x45ff7e,0xdc4761ab25cc
0x45ff4d,0x6c537038d7b8
0x45ff7e,0xdc4761ab1e0c
0x4495c3,0x932ec402b550
0x456198,0x11faa17c0d78
0x44962d,0xd79e62ab1348
0x40b657,0xd79e62ab1388
0x456198,0x11faa17c5728
0x45ee89,0x7cb731b0b560
0x456198,0x11faa17c7a18
0x44e194,0x743fcfb87a18
0x411913,0x11faa17c7220
0x4537e7,0x9fb38626277c
0x448b5d,0xdc4761aabcb0
0x460050,0xdc4761aac670
0x53df0a,0xbf7dd5fc10f0
0x448b5a,0x11faa17ba4e8
0x44952d,0xbf7dd5fc1188
0x449609,0x932ec4047c58
0x4495c3,0x932ec4047cc0
0x44e248,0xd79e62b925c8
0x46d773,0xab2ecf44b3a0
0x46d736,0xab2ecf44b540
0x4561ac,0x11faa17b8fc4
0x451882,0x11faa17e5128
0x44959a,0xcc2ca388c1c0
0x4602e0,0x11faa17debc0
0x4602cb,0xd79e62b13550
0x45ff62,0xdc4761aba4c0
0x53e5fc,0xf64c9f09b8
0x412cc0,0x11faa17e3128
0x53df14,0xbf7dd5feb3a8
0x45eeb8,0x11faa17e47d0
0x448b7a,0xf64ca05738
0x42ca41,0xd693286febd8
0x411804,0x11faa17ebca0
0x4561ac,0x11faa17e10f4
0x456198,0x11faa17e1198
0x4064e3,0xd79e62c4c658
0x456269,0x11faa17fbf74
0x44959a,0x99d826a023c0
0x412cc0,0x11faa17fdc78
0x4495c3,0x11faa17febc4
0x4602cb,0xa1abd7fddc68
0x4518c8,0x11faa18011b8
0x4537e7,0x73d6b45b6c2c
0x45fe42,0xce13850f1340
0x463aa3,0x11faa180572c
0x44959a,0x932ec4087290
0x53df14,0xbf7dd602dfd8
0x45ee80,0xd79e62bb09a0
0x46d736,0xdc4761ac1180
0x451882,0x73d6b45bbd98
0x46d75a,0x11faa180b390
0x558f9a,0x11faa180bca0
0x45eeb8,0x73d6b45c7a30
0x45ee80,0x73d6b45c7200
0x460050,0xdc4761ac5130
0x412c87,0x11faa18125f8
0x558f9a,0x11faa1815120
0x45ee80,0x73d6b45ce830
0x53df0a,0xaa4eb5de1c70
0x4602cb,0xf5d9bd198980
0x44959a,0xc8d281c5110
0x4064e3,0xff3c8d5fa4c8
0x44e194,0x9895a7bb6438
0x463aa3,0x11faa1819fac
0x411804,0x4741a6425120
0x45eeb8,0x9895a7bb6740
0x44e248,0x9895a7bb6c08
0x44952d,0xaa4eb5df3548
0x45eeb8,0x9895a7bc7a00
0x53e65a,0x9895a7bc5308
0x4561ac,0x11faa1820184
0x4115a9,0x11faa1814f80
0x46d633,0x99d8269e0d40
0x4561ac,0x11faa1822764
0x45fe42,0x5115331401a0
0x45fd16,0xdc4761ad1e00
0x46d773,0xdc4761ad3540
0x44959d,0xff3c8d6223c0
0x45ee80,0xd79e62bc1c50
0x463aa3,0x11faa182c65c
0x449609,0x7ebb3c88bcb8
0x45ee80,0xd79e62bce800
0x448b7a,0x9895a7be65a8
0x45ff62,0x11faa1747a00
0x45ff62,0x5115330d1390
0x448b5a,0x11faa1830988
0x45eeb8,0x11faa1835270
0x447a39,0x11faa1834fb0
0x45ff62,0x66598a7ab540
0x447a40,0x11faa1832ef0
0x4064e3,0xcc2ca3876748
0x53df14,0x1719cc95268
0x45ee80,0x9895a7bfdc70
0x53df14,0xc8d2817bd98
0x4494f2,0xd69328727a00
0x451882,0x9895a7bf8ff8
0x460050,0xdc4761aded70
0x558f9a,0xd79e62bd1370
0x456269,0x11faa18408f4
0x4561ac,0x11faa1847ce4
0x448b5a,0x11faa184b568
0x44e194,0x9895a7c131c8
0x45ff62,0x66598a83e510
0x45ff56,0xdc4761aeb380
0x53df0a,0xc8d281a3100
0x44959d,0xf5d9bd080980
0x558f9a,0x11faa1850980
0x4602cb,0xce13850063b0
0x451882,0x9895a7c210d8
0x412c87,0x11faa18525d8
0x411804,0x11faa17f4710
0x53e65a,0x9895a7c208e8
0x559212,0x11faa1852e80
0x456198,0x11faa1852ec8
0x45ff4d,0xa7d08ad75118
0x44962d,0xafd74f958fe8
0x456331,0x11faa18498c0
0x451882,0x9895a7c21c78
0x449609,0x6c6f1e4c5a80
0x45ee80,0x9895a7c2d790
0x4494de,0xc5e52af5c500
0x45eeb8,0xd79e62be23d0
0x449609,0x878ddf9f8980
0x4495c3,0x11faa185c518
0x45eeb8,0x9895a7c39120
0x4537e7,0x9895a7c4099c
0x45eeb8,0x9895a7c45310
0x46d736,0xf848bcf85a80
0x4495c3,0x2c2cbb4d6c10
0x447a40,0x11faa1874f90
0x451882,0x11faa1873568
0x45ee89,0x9895a7c45ab0
0x4602cb,0xf5d9bd111c70
0x447a40,0x11faa1875270
0x456269,0x11faa1875134
0x456269,0x11faa1876424
0x44959a,0xafd74f980988
0x456171,0x11faa1876c24
0x412cc0,0x11faa1879128
0x4537e7,0x9895a7c5912c
0x460050,0xdc4761af09b0
0x45fe42,0x71d0d59247e0
0x4602cb,0xb7ac7a9a0d60
0x4561ac,0x11faa187bf54
0x449502,0xc8d28202744
0x449609,0xcd28e5808b88
0x45fe42,0xf5d9bcff5100
0x4561ac,0x11faa18865b4
0x448b5d,0xdc4761af4f90
0x42ca41,0xcd28e5816438
0x448b5d,0xc8d28316750
0x45eeb8,0x11faa188b3a0
0x4518c8,0x9895a7c75138
0x412cce,0x11faa188c651
0x44959a,0xcd28e57ee800
0x45fd16,0x878ddfa25700
0x4602cb,0xa040f2056760
0x46d736,0xdc4761af8fe0
0x45ee80,0x9895a7c7dc60
0x53df0a,0x511533133540
0x44959d,0x908653178988
0x46d736,0x9ae076614720
0x4495c3,0x2c2cbb474718
0x456171,0x11faa1885324
0x451882,0xd79e62c05308
0x44e194,0xd79e62c03138
0x45eea7,0x9895a7c8cda0
0x46d773,0xdc4761afc500
0x42ca41,0x11faa1891c68
0x451882,0x9895a7c6d7b8
0x53df14,0x878ddfa210e8
0x44959d,0x11faa18925c0
0x46d773,0x464bc80e0d60
0x46d773,0xdc4761afe520
0x53df0a,0x71d5f3e2b550
0x4494ea,0xc8d2823ebc8
0x4494f2,0x9895a7c93540
0x45fdd7,0xcc2ca37febe0
0x449609,0x7ebb3c862778
0x4495c3,0xcd28e579dc60
0x46d773,0xdc4761b01c60
0x53df14,0xc8d2824b548
0x4495c3,0x11faa18ad790
0x4494ea,0xc9394d360188
0x4561ac,0x11faa18b0fb4
0x45ee89,0xd79e62c10fa0
0x45eeb8,0x9895a7ca7200
0x4495c3,0xb7ac7a95bf44
0x451882,0x9895a7ca7a28
0x53e5fc,0x9895a7cb6c38
0x46d773,0xdc4761b072a0
0x4602cb,0xf5d9bd0b8fc8
0x451882,0x11faa18d6c08
0x4602cb,0x5115330f5120
0x451882,0x9895a7cc7a08
0x463aa3,0x11faa18cc1cc
0x45ff62,0xdc4761b30f80
0x45ff4d,0xa7d08ad75278
0x411804,0xff3c8d60d790
0x45eeb8,0x9895a7cc8b80
0x45fdd7,0xbf7dd5ec5330
0x44959a,0xcd28e5730f90
0x53e65a,0xbf7dd5f08ba8
0x53e62b,0x9895a7cd9130
0x4495c3,0xbf7dd5ea47c4
0x447a40,0x11faa18d3d30
0x451950,0x9895a7cdebf8
0x46d633,0x49950ab2c640
0x451882,0xd79e62c223c8
0x53ffd1,0xc8d28299fb8
0x4494f2,0x9895a7ce0180
0x4064e3,0xb7ac7a988b88
0x45eea0,0x9895a7ce5738
0x53e62b,0x9895a7ce7a00
0x463aa3,0x11faa18d910c
0x53ffd1,0xc8d282a1c78
0x45fe42,0xce13850f25d0
0x44952d,0xc8d282a7a18
0x456198,0x11faa18c7c48
0x558f9a,0x11faa18c7ce0
0x448b5a,0x11faa18c7218
0x4494f2,0xc8d282abc80
0x456198,0x11faa18e3118
0x45ff7e,0xdc4761b210c8
0x4494f2,0xc8d282b3d00
0x45eeb8,0x9895a7cf6c30
0x448b7a,0x9895a7d00998
0x44962d,0xce138500dfc8
0x45eea7,0x9895a7d05330
0x412c87,0x7ff68728cda8
0x46d614,0xc8d282c0980
0x463aa3,0xe7c8f378fdc
0x4115a9,0xe7c8f379100
0x449502,0x41d09e9cb544
0x45eeb8,0x7ff687290fa0
0x451950,0x9895a7cfebf8
0x45eea7,0x9895a7d0dff0
0x44959a,0xafd74f954700
0x448b5a,0x11faa18e2748
0x44e194,0x9895a7d0e828
0x463aa3,0xe7c8f37dc4c
0x53df14,0x66598a799128
0x45ff56,0xdc4761b2d7a0
0x448b5a,0xe7c8f37ed78
0x449609,0xce1384f95258
0x45fe42,0xff3c8d5e7c40
0x447a40,0xe7c8f391350
0x411a5c,0xe7c8f391c59
0x46d633,0x878ddf9d9100
0x4494ea,0xcc2ca3865a88
0x451882,0xe7c8f392e98
0x45ee80,0x464bc80a6380
0x53e62b,0x9895a7d36400
0x45ee80,0x464bc80a6590
0x45eea7,0x9895a7d39110
0x448b5a,0xe7c8f395278
0x45ff4d,0x28e837c9ed78
0x45ff7e,0xdc4761b32e88
0x45ff62,0x11faa178b550
0x44959d,0x24d6558de508
0x447a40,0xe7c8f38c1f0
0x45fd16,0xdc4761b2cd80
0x45eea7,0x9895a7d472a0
0x451882,0xd79e62c3bd98
0x4537e7,0x9895a7d4b57c
0x45fdd3,0x6c537038dfc0
0x460050,0x464bc80e5730
0x46d75a,0xe7c8f3a7220
0x412c87,0xe7c8f3a7288
0x449680,0xff3c8d62bcb0
0x456198,0xe7c8f3a7a38
0x45eeb8,0x9895a7d531e0
0x451882,0x9895a7d56778
0x463aa3,0xe7c8f3ac65c
0x411804,0xf5d9bd056400
0x463a8d,0xdc4761b32ee0
0x44e194,0x9895a7d5dc48
0x463a96,0x2c2cbb556c00
0x412c87,0xe7c8f3a8ba8
0x42ca41,0xe7c8f3b5258
0x53df0a,0xcc2ca3838990
0x463aa3,0xe7c8f3b911c
0x45ff62,0x932ec4094730
0x42ca41,0x24d6558cd790
0x45fe3e,0x28e837c8e800
0x463a8d,0x464bc80a7c60
0x448b5a,0xe7c8f3a6598
0x4518c8,0xd79e62c463b8
0x45ee80,0xd79e62c45ab0
0x448b63,0x464bc80a7a08
0x463e27,0xe7c8f3c5120
0x46d75a,0xe7c8f3c5320
0x456198,0xe7c8f3c5a98
0x46d736,0x464bc80e7c60
0x412cc0,0xe7c8f3cb578
0x46d633,0x9895a7d7dc50
0x45ee80,0x9895a7d87cc0
0x448b7a,0x9895a7d87228
0x45ff62,0x11faa17b6c10
0x412c87,0xe7c8f3ce818
0x449680,0x7ebb3c8665a8
0x45ee80,0xe8035e45e510
0x45ee89,0x9895a7d8c670
0x42ca41,0x71d5f3ee5738
0x4561ac,0xe7c8f3cc644
0x451950,0x9895a7d8bcb8
0x45ff56,0xdc4761b47200
0x411a5c,0xe7c8f3d6759
0x447a40,0xe7c8f3d5130
0x46d743,0x6780b4625aa8
0x45eea7,0x9895a7da7c70
0x53e62b,0x9895a7dabc90
0x448b5a,0xe8035e4608d8
0x53df0a,0xff3c8d5f4f90
0x46d633,0x71d5f3e9bf50
0x45ee89,0x6c53703389a0
0x53e62b,0xfaef359b25c0
0x411804,0xe7c8f3e47e0
0x45eeb8,0xfaef359b8fc0
0x4602cb,0xf5d9bd007cc0
0x4518c8,0xe7c8f3ecdb8
0x448b7a,0xfaef359c47c8
0x53df14,0x878ddfa32ec8
0x44952d,0x878ddfa32e88
0x4602cb,0xb7ac7a9cd7b0
0x53e65a,0xfaef359c5138
0x447a40,0xe7c8f3e5730
0x45ee89,0xfaef359d13a0
0x45eeb8,0xfaef359d25e0
0x4602cb,0xbcd57edf4fa0
0x46d614,0xfc47cbc2d780
0x46d736,0xdc4761b4d780
0x46d743,0x464bc80e98e8
0x44959d,0x66598a7a98c8
0x44959d,0xff3c8d614f80
0x456198,0xab2ecf35bd98
0x451950,0xab2ecf36dff8
0x4495c3,0xe470055e7c58
0x44952d,0x1719cc5ed58
0x451882,0xfaef359e2748
0x45eeb8,0xfaef359e0990
0x463aa3,0xab2ecf360d4c
0x456331,0xab2ecf362750
0x45ee89,0x6c53703465b0
0x45eeb8,0xfaef359e0d70
0x448b5d,0xdc4761b51e10
0x46d614,0xd9e9d65e1180
0x448b5d,0xdc4761b525d0
0x4495c3,0x7ebb3c7d1e04
0x4518c8,0xab2ecf3663b8
0x451950,0xfaef359eb578
0x4518c8,0xfaef359f0fb8
0x45eea7,0xfaef359f1c50
0x45736c,0xdc4761b53d38
0x45ff7a,0xdc4761b60d48
0x412c87,0xab2ecf36bcb8
0x4494ea,0x6c5370371e08
0x4561ac,0xab2ecf35c504
0x456198,0xab2ecf36d7b8
0x4602cb,0xf5d9bcfc5310
0x4495c3,0xcd28e577ebf8
0x4518c8,0x6c53703472b8
0x412c87,0x6c5370348bb8
0x4064e3,0xf5d9bd010998
0x451950,0xfaef35a08bb8
0x45fdd7,0x28d7cf3f4700
0x45ff7e,0xdc4761b68b8c
0x44959a,0xb7ac7a94c1c0
0x53e65a,0xdc4761a8d798
0x45ff62,0xdc4761b67c40
0x456198,0xab2ecf37e528
0x449609,0xcc2ca3853d10
0x456171,0xab2ecf37ed64
0x4561ac,0xab2ecf382774
0x4518c8,0xfaef35a13578
0x448b63,0xdc4761b5ebc8
0x53e62b,0xfaef35a1ed60
0x4518c8,0xfaef35a13d38
0x4602e0,0xab2ecf3898c0
0x451882,0xfaef35a23128
0x4602e0,0xab2ecf388bb0
0x46d614,0xfaef35a223c0
0x44959a,0x71d0d5a39118
0x45ee80,0xfaef35a27220
0x4537e7,0xfaef35a2cdac
0x44959d,0xf5d9bd00c1c0
0x558f9a,0xab2ecf38cd90
0x45ee89,0x6c5370352ef0
0x4602c7,0xab2ecf38d7b8
0x53e62b,0xfaef35a33d30
0x456198,0xab2ecf38dfe8
0x46d773,0xdc4761b65120
0x4494de,0x5829a6ee6580
0x4495c3,0xb1739fbd0980
0x45eea7,0xfaef35a45110
0x46d614,0xce1384ff4700
0x45fd16,0xdc4761b67a00
0x45ff62,0xdc4761b70988
0x45ff62,0xdc4761b78fc8
0x45eeb8,0xab2ecf3a5130
0x4494de,0xd9e9d65ebc80
0x45eeb8,0xfaef35a4c1c0
0x456198,0xab2ecf3a7218
0x558f9a,0xab2ecf3a72b0
0x412cc0,0xab2ecf3a7c68
0x4602e0,0xab2ecf3a7ce0
0x44962d,0x66598a7cb388
0x45eeb8,0xfaef35a54f90
0x448b5d,0xdc4761b698d0
0x4602cb,0xb7ac7a9f31c0
0x45ee80,0xfaef35a56750
0x451882,0x6c53703611b8
0x46d773,0xdc4761b6d780
0x411804,0x66598a847c70
0x44959d,0x66598a847cc8
0x53e62b,0xfaef35a60d60
0x456171,0xab2ecf3ac664
0x456198,0x6c5370365118
0x45ee80,0xfaef35a3dc40
0x4064e3,0xce13851023c8
0x45ff56,0xdc4761b7e500
0x53df0a,0xd6fa9538b540
0x449609,0x66598a7d8fc0
0x456269,0xab2ecf3ba4d4
0x448b5a,0xab2ecf3b8988
0x44e194,0xfaef35a73d08
0x447a40,0xab2ecf3bebf0
0x451950,0xab2ecf3c01b8
0x46d736,0xdc4761b74f90
0x4602cb,0xce1384fba4c0
0x45fdd7,0xcc2ca37f8fe0
0x45ff62,0xcc2ca37f6420
0x412c87,0xab2ecf3c2768
0x44962d,0x878ddfa01c48
0x558f9a,0xab2ecf3c10f0
0x45eeb8,0xab2ecf3c08f0
0x451882,0xfaef35a78ff8
0x45ff62,0xdc4761b81c40
0x449609,0xaff500799f80
0x448b7a,0xfaef35a8cd98
0x45ff7e,0xdc4761b823cc
0x44952d,0xcd28e5828b98
0x463aa3,0xab2ecf3c531c
0x45ff62,0xdc4761b85300
0x411804,0x28d7cf5d31e0
0x45eea7,0xfaef35a925f0
0x463aa3,0xab2ecf3c65ac
0x4537e7,0xfaef35a9511c
0x46d743,0xdc4761b7c528
0x449609,0x71d5f3e8dfd0
0x45eeb8,0xfaef35a9a4c0
0x463aa3,0xab2ecf3d0f8c
0x53e62b,0xfaef35a9c520
0x4537e7,0xfaef35aa571c
0x451882,0xfaef35aa23c8
0x456269,0xab2ecf3d31e4
0x45eeb8,0xfaef35aa2740
0x451882,0xfaef35aabca8
0x45736c,0xdc4761b801b8
0x45ff56,0x5829a6ec1c40
0x40b657,0x878ddfa3ebc8
0x448b7a,0xfaef35ab3d38
0x46d633,0xff3c8d5f8990
0x44962d,0xf5d9bd08b3a8
0x447a39,0xab2ecf3d9fb0
0x45ff56,0xf5d9bd0909a0
0x456269,0xab2ecf3dbda4
0x451882,0xfaef35ab4728
0x45ff7e,0xdc4761b8e808
0x45eeb8,0x6c537039e520
0x45eeb8,0xfaef35abbda0
0x411804,0xd79e62b07cf0
0x449502,0x11e281df5244
0x40b657,0x878ddf9f8fc8
0x45eeb8,0xfaef35ac11b0
0x4602cb,0xb1739fbd0fa0
0x456171,0xab2ecf3ec1d4
0x447a40,0xab2ecf3ecdb0
0x463e27,0xab2ecf3f09a0
0x4602e0,0xab2ecf3edfc0
0x4495c3,0xbf7dd5e56c20
0x457432,0xdc4761b8cdb0
0x4115a9,0xab2ecf3f3540
0x53df14,0x71d5f3eb0fa8
0x4561ac,0xab2ecf3f3d24
0x463aa3,0xab2ecf3f470c
0x448b7a,0xfaef35addc48
0x45ff56,0xd79e62b27208
0x456331,0xab2ecf3f6740
0x42ca41,0xe8035e45a4f8
0x45eeb8,0xfaef35adbda0
0x451882,0xfaef35aeb3b8
0x4537e7,0xfaef35aec1ec
0x46d75a,0xab2ecf403100
0x46d633,0xcc2ca37ce800
0x45eeb8,0xfaef35af4710
0x4494de,0x71d0d5920180
0x4537e7,0xfaef35af9f8c
0x46d736,0xdc4761b96c00
0x44959a,0xcc2ca3791c40
0x456171,0xab2ecf406584
0x45eeb8,0xab2ecf405730
0x45ee89,0xa7d08ad0dfe0
0x44e194,0xfaef35af2eb8
0x44e248,0xfaef35af2ec8
0x4602cb,0x8876f2fc5330
0x4561ac,0xab2ecf407284
0x45eea0,0xfaef35b01c68
0x45eea7,0xfaef35b011a0
0x463aa3,0xab2ecf407c6c
0x46d75a,0xab2ecf407cc0
0x558f9a,0xab2ecf4098c0
0x4494de,0xfaef35b05300
0x45eeb8,0xfaef35afed60
0x463a96,0x2c2cbb567210
0x558f9a,0xab2ecf40c1e0
0x53df0a,0x71d0d5895110
0x45eeb8,0xab2ecf428ba0
0x448b5d,0x464bc80f0f80
0x411a5c,0xab2ecf41ed59
0x4494ea,0x49950aade508
0x44962d,0x71d5f3fd5108
0x45ff62,0x464bc80f1e00
0x45ff7e,0x7cb731987ccc
0x53e62b,0xfaef35b2b550
0x44e194,0xfaef35b2c1d8
0x45eea0,0xfaef35b2e828
0x456198,0xab2ecf4247e8
0x412cc0,0xab2ecf425318
0x456171,0xab2ecf425104
0x412c87,0xab2ecf4265b8
0x4064e3,0xce1384f95118
0x448b5a,0xab2ecf426398
0x44e248,0xfaef35b2cd88
0x45ee80,0xfaef35b39f90
0x53e62b,0xdc4761aecd90
0x4602e0,0xab2ecf41dc60
0x53e62b,0xca49da3725f0
0x451882,0x464bc80c09b8
0x451882,0xfaef35b3a4c8
0x451882,0xfaef35b3ebe8
0x45ff62,0xdc4761bb1340
0x45ff56,0x8f7ac3968b80
0x46d773,0xdc4761babcb0
0x44959d,0x28d7cf418980
0x44959a,0xaff5007e6388
0x45ee80,0xa7d08ad38fd0
0x53ffd1,0x71d0d59dbdb8
0x4518c8,0xfaef35b4b3b8
0x42ca41,0x71d5f3ff0fa8
0x45ee80,0xfaef35b51370
0x451882,0xfaef35b525f8
0x44959d,0x28d7cf5c0988
0x44e194,0xfaef35b50f88
0x451950,0xfaef35b54fb8
0x45eea0,0xfaef35b54728
0x463aa3,0xab2ecf43c50c
0x46d614,0xb7ac7aa0d780
0x451882,0xfaef35b589b8
0x45736c,0x7cb731987a38
0x45ff89,0xdc4761bb9100
0x4602e0,0xab2ecf438980
0x53df0a,0x66598a7da4c8
0x40b657,0xcc2ca3842748
0x44e194,0xfaef35b56748
0x45736c,0x7cb731ab31f8
0x4602e0,0xab2ecf43dc70
0x558f9a,0xab2ecf43e530
0x451882,0xfaef35b5ed78
0x451882,0xab2ecf43bd98
0x45eea7,0xfaef35b623e0
0x412c87,0xab2ecf440188
0x53e65a,0x28e837c8cd98
0x456198,0xab2ecf440998
0x451882,0xfaef35b65138
0x46d75a,0xab2ecf436410
0x42ca41,0xcc2ca37e47e8
0x463aa3,0xab2ecf44275c
0x456269,0xab2ecf4410e4
0x45ee80,0x464bc80c5330
0x4602cb,0xafd74f96e820
0x45ff7a,0x464bc80f25ec
0x53df0a,0x28d7cf426390
0x412cc0,0xab2ecf4531d8
0x449609,0xf5d9bd12b380
0x412c87,0xab2ecf456768
0x4495c3,0xcd28e57e5a84
0x46d614,0xcc2ca3845300
0x4537e7,0xfaef35b8531c
0x44952d,0x71d0d5a1e518
0x451950,0xfaef35b823f8
0x448b7a,0xfaef35b88b98
0x411804,0x4741a6432ea0
0x44959a,0x4741a6432ed0
0x4602e0,0x7cbb54263100
0x46d773,0xdc4761bbbd90
0x46d614,0xd79e62bb6400
0x46d614,0xfaef35b91340
0x4494ea,0xfaef35b91388
0x559212,0xab2ecf450fa0
0x45ee80,0x464bc80c7220
0x448b5d,0xdc4761bbed60
0x46d75a,0x4e5a10f9ebe0
0x457432,0xdc4761bc1c70
0x46d633,0xfaef35b99100
0x447a40,0x4e5a10fab3b0
0x411557,0x4e5a10fabc8c
0x456269,0xafe0999c47e4
0x45ee89,0xfaef35ba7220
0x45fe42,0xcc2ca371a4f0
0x4064e3,0x11faa172bc80
0x456198,0xafe0999c5a98
0x44e194,0xfaef35ba6598
0x463e27,0xafe0999c7230
0x4561ac,0xafe0999c7ce4
0x45ff56,0x66598a83e510
0x45ee80,0xfaef35badfe0
0x448b63,0xdc4761bc5a88
0x449680,0xcd28e575e530
0x45ee80,0xa7d08ad52ed0
0x45ee89,0xa7d08ad52eb0
0x46d736,0xdc4761bc6380
0x463a8d,0xdc4761bc7c60
0x42ca41,0xcc2ca38bbf58
0x448b63,0xdc4761bc7a08
0x45ff4d,0x28e837c92ec8
0x45eeb8,0x202442f19fa0
0x44952d,0x71d0d5a54718
0x447a40,0x4e5a10facdb0
0x451882,0x202442f11c68
0x4602e0,0xafe0999cd7b0
0x456331,0xafe0999cdfd0
0x456198,0xa7d08ad55268
0x412c87,0xafe0999d89b8
0x44962d,0x2c2cbb4bbd80
0x456198,0xafe0999d9108
0x45eea7,0x202442f2bcb0
0x46d75a,0xafe0999dbdb0
0x463a96,0x2c2cbb56d780
0x451882,0xafe0999e1188
0x463a8d,0x1a70aa743130
0x412cce,0xafe0999e23d1
0x45eeb8,0x202442f31e20
0x44962d,0x32bd14b925c0
0x45fe42,0x66598a7ecda0
0x45ff62,0xb7ac7a92c1c8
0x456171,0x94d991447d4
0x558f9a,0x94d99145320
0x45fdfc,0xdc4761bd1e0c
0x449609,0xc9394d38b558
0x447a39,0x94d99145ab0
0x45ee80,0x202442f2cda0
0x448b7a,0x54c453156c38
0x45ee80,0xee30bb940990
0x451882,0x54c45315ed58
0x412c87,0x8f7ac396dff8
0x456198,0x8f7ac396e808
0x45ee80,0xee30bb9408f0
0x449680,0x71d0d5a1ed70
0x4115a9,0x8f7ac396c640
0x44959a,0xb1739fbcc1c0
0x4495c3,0xb1739fbd1c58
0x456171,0x8f7ac3974704
0x456269,0x8f7ac39731f4
0x46d743,0xdc4761bdebe8
0x4561ac,0x8f7ac3976404
0x44959a,0x1719cc66380
0x456198,0x8f7ac39789a8
0x45eea7,0x54c45317a4f0
0x45ff7e,0xce13850210cc
0x412cc0,0xdc47619e6588
0x451882,0x54c453171c58
0x45736c,0xdc4761be08f8
0x45fd16,0xdc4761be0980
0x46d773,0xdc4761be10c0
0x4602cb,0x932ec4071c60
0x456331,0x5829a6eb9110
0x451882,0x54c453181c78
0x412c87,0x464bc80d0fb8
0x558f9a,0xdc47619f6c10
0x457432,0x464bc80f6770
0x412c87,0xdc47619f9108
0x46d614,0x932ec40623c0
0x449609,0xdc47619f5240
0x53e62b,0x54c453187210
0x449502,0x54c453187284
0x44e194,0x54c4531931f8
0x44952d,0xce1385034f88
0x451882,0x54c453193568
0x4561ac,0xdc47619fbdb4
0x46d75a,0xdc4761a047f0
0x558f9a,0xdc4761a03100
0x45ee80,0x464bc80d13b0
0x451882,0x54c453193d28
0x44959d,0xdc4761a02740
0x447a40,0xdc4761a065b0
0x4561ac,0xdc4761a06394
0x44e248,0x54c4531a0188
0x45ee80,0x54c4531a1180
0x4518c8,0x54c4531a23f8
0x44959a,0xdc4761a05318
0x46d633,0x309dcdc498c0
0x451882,0x54c4531a08c8
0x448b5d,0x60dc49c5bda0
0x411a5c,0xdc4761a0b548
0x4561ac,0xdc4761a0bcb4
0x4602e0,0xdc4761a0e820
0x448b83,0x60dc49c5ed40
0x463e27,0x464bc80d3d30
0x45ff90,0x71d0d588b540
0x4602cb,0x932ec40465b0
0x45eea0,0x54c4531bc528
0x45ff62,0x71d5f3e8c1d8
0x4495c3,0xdc4761a25a84
0x45eeb8,0x54c4531c3130
0x411804,0x3a044724bca0
0x53df14,0x932ec4091348
0x53e5fc,0x54c4531c2778
0x449502,0xcd28e57d6c04
0x451882,0x54c4531cb558
0x45eea7,0x54c4531cc1e0
0x53e5fc,0x54c4531c98f8
0x44962d,0xcc2ca37b89b8
0x45ee80,0x54c4531cbcb0
0x448b63,0xf775d3147208
0x460050,0xf775d3148bb0
0x53e65a,0xc9394d38c668
0x45ee80,0x464bc80d4700
0x463e27,0xdc4761a31c50
0x42ca41,0x4d2bb47c5100
0x456269,0x7ebb3c7a2754
0x4602cb,0x71d0d5a623d0
0x45eeb8,0xdc4761a80d50
0x451882,0x54c4531e5128
0x411957,0xdc4761a3ebe0
0x45ff4d,0x28e837c92eb8
0x45ff56,0x7ebb3c894720
0x44e248,0x54c4531eb388
0x45ff62,0xce1385141190
0x46d75a,0xdc4761a472a0
0x4495c3,0x71d5f3e1ebd8
0x456269,0xdc4761a47c54
0x463e27,0xdc4761a4b3b0
0x463aa3,0xdc4761a4b55c
0x53df0a,0x4741a64423d0
0x45eeb8,0x7ebb3c7abca0
0x451950,0x54c4531f25f8
0x45eea0,0x54c4531f1e38
0x45eea7,0x54c4531f13a0
0x456198,0xdc4761a4c1f8
0x451882,0x54c4531f4f88
0x4537e7,0x54c4531f2ebc
0x45ff62,0x11faa1747a00
0x45ff62,0x5115330d1390
0x4602cb,0x28d7cf487230
0x451882,0x54c4531f9108
0x448b5a,0xdc4761a50fb8
0x45ee89,0x54c4532023e0
0x45fe42,0xc8d283463a0
0x45ff56,0xbf7dd5f6bcb0
0x4495c3,0x99d8269ed780
0x463aa3,0xdc4761a5674c
0x46d633,0xca49da37ed50
0x447a40,0xdc4761a55270
0x456269,0xdc4761a55134
0x45ff4d,0x66598a7810c8
0x45ee89,0x54c453216760
0x448b5d,0xf775d3159fa0
0x45ff7e,0xf775d316cdac
0x4494f2,0x2c2cbb5adfc0
0x45eea0,0x54c453225738
0x45ff56,0x66598a7e7290
0x45ff62,0x71d0d593a4f0
0x42ca41,0x66598a7b2e98
0x558f9a,0xdc4761a5dc70
0x45ee80,0x54c45322c660
0x53df0a,0x71d0d59f4f80
0x53e65a,0x54c453227ce8
0x46d633,0x54c453227c50
0x45eeb8,0x54c453230fb0
0x558f9a,0x7ebb3c7ab540
0x45eeb8,0x7ebb3c7edfd0
0x411804,0xbf7dd5e66380
0x45fdd7,0xfdfd3a8c3130
0x412cce,0xdc4761a66391
0x412cce,0xdc4761a498d1
0x460050,0xf775d3165730
0x45ee80,0x1d8d5dac6580
0x451882,0x1b73256409b8
0x411913,0xdc4761a6bc90
0x411804,0xbf7dd5e7bf50
0x53e62b,0xd79e62ae08d0
0x53e65a,0xd79e62ae0998
0x451882,0x5438459309a8
0x463aa3,0xdc4761a463bc
0x412c87,0xdc4761a76768
0x449609,0xdc4761a72ea0
0x44959a,0xdc4761a72ed0
0x45eeb8,0xdc4761a73550
0x448b7a,0x2f2795731e08
0x449609,0xdc4761a74718
0x451950,0x2f2795733d38
0x44959d,0xbf7dd5e93d10
0x448b5d,0xf775d316b3b0
0x451882,0xdc4761a73d38
0x42ca41,0xd79e62b531e8
0x456269,0xdc4761a7bda8
0x451882,0x2f2795732ea8
0x4518c8,0xa60a0cc25ab8
0x463e27,0xdc4761a7e500
0x53e5fc,0x99d8269cc678
0x46d736,0xce1385041c40
0x45ff56,0xcc2ca37a09a0
0x412c87,0xdc4761a40d48
0x53df14,0xafd74f96bc88
0x4602c7,0xdc4761a810c9
0x4602e0,0xdc4761a823f0
0x45ee80,0xb3a8ecd7c530
0x45ff4d,0x28e837c8e800
0x45fe42,0x7ebb3c7d5130
0x53e62b,0xb3a8ecd87c70
0x44959d,0xbf7dd5ec10c8
0x4494ea,0xb3a8ecd87cc8
0x451882,0xb3a8ecd7bda8
0x45ee80,0xb3a8ecd91e00
0x45eea7,0xb3a8ecd94f90
0x412cc0,0xf775d31a0998
0x46d75a,0xf775d31a08e0
0x412c87,0xf775d31a5328
0x448b5a,0xf775d31a5108
0x4552c0,0xf775d31a72b4
0x558f9a,0xf775d31a7230
0x448b83,0xb3a8ecd95100
0x412cc0,0xf775d31ab3b8
0x4552c0,0xf775d31abc94
0x447a20,0xf775d31ad7b0
0x46d743,0xa040f2045128
0x410f2c,0xf775d31b31e8
0x558f9a,0xf775d31b6740
0x53e65a,0xd9e9d66325e8
0x45ee80,0xf775d31c6390
0x451882,0xd79e62b71c78
0x45ee80,0xf775d31c6580
0x448b5d,0xb3a8ecda7c60
0x463e27,0x743fcfb4e830
0x45ff7a,0xb7ac7a978fcc
0x447a20,0x743fcfb52ee0
0x463a96,0x2c2cbb545310
0x448b5a,0x743fcfb56c38
0x460050,0x71d5f3e4c670
0x460050,0x71d5f3f21c50
0x463aa3,0x743fcfb61c4c
0x558f9a,0x743fcfb65130
0x448b5d,0xf5d9bd0f25e0
0x463a8d,0x2c2cbb5c5138
0x4552b0,0x743fcfb698e8
0x45ff56,0xbf7dd5fc1188
0x448b5a,0x11faa17c0998
0x45eeb8,0x64c3559810e0
0x4552b0,0x743fcfb731c8
0x412c87,0x743fcfb7ebd8
0x447a39,0x743fcfb823f0
0x463aa3,0x9fb38626277c
0x558f9a,0x9fb3862610e0
0x463a96,0x2c2cbb545710
0x559212,0xd4a386a88ba0
0x460050,0xbf7dd5fc10f0
0x46d75a,0xd4a386a8bcb0
0x46d743,0xab2ecf44b3a0
0x44e194,0xd79e62b92eb8
0x44e248,0xd79e62b92ec8
0x45ee80,0xb3a8ecdc7c50
0x447a20,0xf64c9e63b0
0x410f2c,0xf64c9e7a28
0x447a20,0xf64c9ecd90
0x447a20,0xf64c9f25d0
0x447a40,0xf64c9f8fc0
0x448b83,0xb3a8ecdd3d00
0x46d75a,0xf64c9fe530
0x448b5a,0xf64ca05738
0x410f8a,0xf64ca05a80
0x463a96,0x2c2cbb545a98
0x45ff56,0xce13850f1340
0x46d633,0x71d0d59e7a00
0x45ee89,0xf64ca11e20
0x53e62b,0xb3a8ecddc500
0x53df14,0xb7ac7a932ea8
0x45ee80,0xb3a8ecdded60
0x45eea7,0xb3a8ecde1c70
0x45fe42,0xc911b24d89a0
0x4494f2,0x7cb731a74f80
0x45ee80,0xf64c9e5720
0x4552b0,0xf64ca23138
0x463aa3,0x73d6b45b6c2c
0x447a39,0x73d6b45ba4f0
0x447a20,0x73d6b45b9130
0x45ff62,0xaa4eb5df3548
0x447a20,0x73d6b45c0190
0x410f8a,0x73d6b45c5130
0x4552c0,0x73d6b45c72b4
0x558f9a,0x73d6b45c7230
0x45ff7a,0xcd28e58a23dc
0x53e65a,0xe470055f3d28
0x4537e7,0x32b6beff1e2c
0x4537e7,0x32b6beff357c
0x45fdd7,0x98f5690dbf70
0x4518c8,0xf64ca13578
0x448b7a,0xfbbd1cfc72b8
0x4552c0,0x9895a7bb31f4
0x4115a9,0x9895a7bb9100
0x460050,0xaa4eb5de1c70
0x447a40,0x9895a7bbc500
0x4552b0,0x9895a7bc1c78
0x4552c0,0x9895a7bc7284
0x558f9a,0x9895a7bc7200
0x410f4f,0x9895a7bd5248
0x46d743,0xdc4761ad3540
0x447a14,0x9895a7bd8fe4
0x448b7a,0x1829192f6408
0x448b5a,0x9895a7be65a8
0x45ff56,0x5115331401a0
0x411557,0x9895a7bf25cc
0x4552c0,0x9895a7bf2e94
0x558f9a,0x9895a7bf2ef0
0x45ff7a,0xc8d281a3100
0x410f8a,0x9895a7bfe530
0x412c87,0x9895a7c047c8
0x410f8a,0x9895a7c06380
0x451882,0x182919305a98
0x45eea7,0x11faa1854720
0x44952d,0x7ebb3c896c18
0x45ee80,0x9895a7c0cd80
0x4537e7,0x18291930bc8c
0x4537e7,0x18291930c67c
0x448b83,0x18291930dfc0
0x447a20,0x9895a7c1ebd0
0x410f25,0x9895a7c30980
0x4552b0,0x9895a7c32ef8
0x412cc0,0x9895a7c35118
0x46d75a,0x9895a7c34730
0x45eebb,0x28e837ce3118
0x463aa3,0x9895a7c4099c
0x45ff62,0x71d0d59247e0
0x45ff56,0xc8d28202744
0x448b5d,0x1829193272b0
0x410f8a,0x9895a7c46390
0x45ff62,0xf5d9bcff5100
0x45ff62,0xc8d28316750
0x447a20,0x9895a7c55110
0x448b5d,0x18291932c1d0
0x46d736,0x18291932dfe0
0x463aa3,0x9895a7c5912c
0x448b63,0xab2ecf387c48
0x45ff7e,0x511533133540
0x4494f2,0xcd28e58fdc40
0x53e65a,0x1829193223c8
0x456331,0x9895a7c608c0
0x449502,0x71d5f3fce804
0x4518c8,0x182919333d38
0x46d633,0x8d9869022750
0x45eeb8,0x9895a7c647d0
0x4537e7,0x18291933898c
0x451882,0x9895a7c3e538
0x412cc0,0x9895a7c6c1e8
0x45528e,0x9895a7c71e34
0x559212,0x9895a7c70980
0x4552b0,0x9895a7c731e8
0x45ff7a,0xdc4761afc500
0x410f8a,0x9895a7c7e520
0x45ff7a,0xdc4761afe520
0x46d75a,0x9895a7c80d70
0x463e27,0x9895a7c8cda0
0x45ff7e,0x464bc80e0d60
0x45528e,0x9895a7c92ec4
0x447a39,0x9895a7c92eb0
0x46d736,0x182919345a80
0x456240,0x9895a7c909b4
0x456269,0x9895a7c90f98
0x4494ea,0xa040f2148b88
0x0,0x71d5f3e07a30
0x463a8d,0xc8d2823ebc8
0x448b63,0x182919352e88
0x460050,0x71d5f3e2b550
0x46d75a,0x9895a7ca3110
0x46d743,0xdc4761b01c60
0x45ff7e,0xdc4761b072a0
0x45ff7e,0x49950ab2c640
0x4552c0,0x9895a7c99114
0x45fe42,0xd9e9d66423e0
0x4494f2,0x1a04b576cd80
0x4537e7,0x182919361c4c
0x45fdd7,0xd9e9d66b1360
0x410f2c,0x9895a7cc65b8
0x448b83,0x182919362740
0x4552c0,0x9895a7ccc1c4
0x45ff62,0xc8d282a7a18
0x45ff56,0xc8d282b3d00
0x45ff62,0xc8d282abcb0
0x45ff62,0xce13850f25d0
0x410f2c,0x9895a7cd1358
0x410f8a,0x9895a7cd13a0
0x412cc0,0x9895a7cd89b8
0x447a20,0x9895a7cdbdb0
0x463a96,0x2c2cbb556408
0x45ff7e,0xc8d282c0980
0x4552c0,0x9895a7ce5738
0x410f2c,0x9895a7cedff8
0x53e62b,0xff3c8d6209b0
0x559212,0x9895a7cf4fa0
0x410f4f,0x9895a7cf4708
0x46d75a,0x9895a7cf9f90
0x559212,0x9895a7cf8980
0x448b5a,0x9895a7d00998
0x45fd16,0x18291937a4c0
0x463e27,0x9895a7d05330
0x447a39,0x9895a7d08bb0
0x463e27,0x9895a7d0dff0
0x46d75a,0x9895a7d0c1f0
0x46d773,0x18291937ebd0
0x45ff62,0xff3c8d5e7c40
0x45ff7e,0x878ddf9d9100
0x559212,0x9895a7d14fa0
0x410f4f,0x9895a7d14708
0x463a96,0x2c2cbb556740
0x412cce,0x9895a7d1c511
0x46d736,0xd69328776c20
0x447a14,0x9895a7d1ebd4
0x45eeb8,0x9895a7cf09a0
0x4115a9,0x9895a7d2dfc0
0x45ff4d,0x6c537038dfc0
0x463a8d,0xcc2ca3865a88
0x463e27,0x9895a7d39110
0x45ff90,0xdc4761b2cd80
0x463e27,0x9895a7d472a0
0x463aa3,0x9895a7d4b57c
0x53df14,0xb7ac7a9a7a18
0x53e5fc,0xdc4761b88bb8
0x53e62b,0x18291939ebd0
0x448b7a,0x1829193a10c8
0x53df14,0x71d5f3f0c1c8
0x45ee80,0x1829193a7200
0x451882,0x9895a7d272a8
0x448b5d,0x1829193a98c0
0x412cc0,0x9895a7d63128
0x45ff56,0x464bc80a7a08
0x4552b0,0x9895a7d663a8
0x4552b0,0x9895a7d76c38
0x410f2c,0x9895a7d76428
0x460050,0xcc2ca3838990
0x4552b0,0x9895a7d7bf68
0x45fee6,0x1829193931cc
0x46d773,0x1829193b0f80
0x447a20,0x9895a7d72ea8
0x53e65a,0x1829193a5aa8
0x45eeb8,0xd79e62c447d0
0x53df14,0xff3c8d627c48
0x53e65a,0x1829193b3d08
0x447a20,0x9895a7d72ec0
0x45ff89,0xdc4761ad1e00
0x45528e,0x9895a7d87284
0x4552b0,0x9895a7d87c58
0x558f9a,0x9895a7d87cc0
0x448b5a,0x9895a7d87228
0x412c87,0x9895a7d8e808
0x45ff56,0x878ddfa32e88
0x559212,0x9895a7d99f90
0x463e27,0x9895a7da7c70
0x4561ac,0x9895a7dac1c4
0x45eea0,0x1829193ce838
0x410f4f,0xfaef359b1c48
0x460050,0xff3c8d5f4f90
0x45ff7e,0xfc47cbc2d780
0x447a20,0xfaef359b8980
0x410f2c,0xfaef359c10e8
0x448b5a,0xfaef359c47c8
0x46d773,0x2c2cbb4f1350
0x447a20,0xfaef359c7200
0x448b5d,0x2c2cbb4f13a0
0x45ff7e,0xd9e9d65e1180
0x45528e,0xfaef359d0994
0x45ff62,0xdc4761b525d0
0x412cce,0xfaef359d3551
0x447a20,0xfaef359b3570
0x53df14,0xb7ac7a9d09a8
0x45ee80,0xfaef359da4c0
0x45ee80,0x1829193e5310
0x4537e7,0x1829193e63bc
0x46d75a,0xfaef359debf0
0x46d773,0x1829193e7a10
0x410f4f,0xfaef359ded48
0x410f8a,0xfaef359e65b0
0x448b5d,0xf5d9bd1731f0
0x463e27,0xfaef359f1c50
0x45ff7a,0xce1384ff4700
0x463a8d,0x6c5370371e08
0x412c87,0xfaef359fdc68
0x558f9a,0xfaef35a01c60
0x447a20,0xfaef35a02770
0x412c87,0xfaef35a05128
0x45eea7,0x1829193f9f90
0x45fe42,0xce1384fab560
0x46d614,0xce1384f8bc80
0x4552b0,0xfaef35a0c668
0x4115a9,0xfaef35a11c40
0x448b5d,0x11faa17a5aa0
0x412c87,0xfaef35a19f98
0x4552b0,0xfaef35a208c8
0x4552b0,0xfaef35a20988
0x410f2c,0xfaef35a25a98
0x463aa3,0xfaef35a2cdac
0x448b63,0x182919405708
0x457432,0x1829194063b0
0x463a8d,0x5829a6ee6580
0x46d743,0xdc4761b65120
0x449680,0xfaef35a33d30
0x44e248,0x6c5370351e08
0x4552c0,0xfaef35a3a4f4
0x410f2c,0xfaef35a3bd88
0x463e27,0xfaef35a45110
0x46d75a,0xfaef35a45310
0x45528e,0xfaef35a48b94
0x45528e,0xfaef35a4b574
0x463a8d,0xd9e9d65ebcb8
0x45ff7e,0xd6fa9538b540
0x558f9a,0xfaef35a52e90
0x410f2c,0xfaef35a525e8
0x4552c0,0xfaef35a54734
0x46d773,0x18291941bf50
0x410f2c,0xfaef35a589a8
0x46d736,0x18291941bdb0
0x45736c,0xcd28e5741c78
0x46d743,0xdc4761b6d780
0x46d633,0xd79e62b79f90
0x449609,0xfaef35a60d60
0x456331,0xfaef35a65700
0x45fe42,0xce1385001c40
0x53e62b,0x182919427280
0x45ff7a,0xcc2ca37ce800
0x45ff56,0x11e281df5244
0x45ff62,0xcd28e5828b98
0x46d75a,0xfaef35a76410
0x46d75a,0xfaef35a801b0
0x46d736,0x182919433d30
0x448b5a,0xfaef35a8cd98
0x447a20,0xfaef35a8e830
0x463e27,0xfaef35a925f0
0x463aa3,0xfaef35a9511c
0x4115a9,0xfaef35a95240
0x448b83,0x182919436400
0x559212,0xfaef35a9bda0
0x463aa3,0xfaef35aa571c
0x4552b0,0xfaef35aab3a8
0x4552b0,0xfaef35aab548
0x448b5a,0xfaef35ab3d38
0x45528e,0xfaef35ab6774
0x4552c0,0xfaef35ab5264
0x411557,0xfaef35acb38c
0x558f9a,0xfaef35acbcb0
0x447a40,0xfaef35acd780
0x410f8a,0xfaef35ad31f0
0x412cc0,0xfaef35ada4d8
0x448b5a,0xfaef35addc48
0x410f25,0xfaef35ae08c0
0x558f9a,0xfaef35ae5ab0
0x463aa3,0xfaef35aec1ec
0x463a96,0x2c2cbb567290
0x463a8d,0x71d0d5920180
0x463aa3,0xfaef35af9f8c
0x463e27,0xfaef35b011a0
0x4552c0,0xfaef35b01c68
0x447a20,0xfaef35b07230
0x412cc0,0xfaef35b0c1f8
0x45528e,0xfaef35b0dfe4
0x46d736,0x182919452e90
0x447a39,0xfaef35b109b0
0x410f4f,0xfaef35b14708
0x412cc0,0xfaef35b18fe8
0x460050,0x71d0d5895110
0x4552c0,0xfaef35b2e828
0x448b5d,0x18291945bf60
0x558f9a,0xfaef35b3e520
0x46d743,0xdc4761babcb8
0x411557,0xfaef35b5354c
0x4552c0,0xfaef35b53d34
0x448b5d,0x182919460980
0x4552c0,0xfaef35b54728
0x448b5d,0x1829194623e0
0x45ff56,0x71d0d5a1e518
0x448b5d,0x182919463110
0x460050,0x66598a7da4c8
0x558f9a,0xfaef35b5e510
0x463e27,0xfaef35b623e0
0x447a40,0xfaef35b610c0
0x410f8a,0xfaef35b62770
0x463a96,0x2c2cbb567c58
0x45ff7e,0xd79e62bb6400
0x448b5d,0xcd28e5765300
0x46d736,0xcd28e5765110
0x460050,0x28d7cf426390
0x46d75a,0xfaef35b80990
0x463aa3,0xfaef35b8531c
0x45ff7a,0xdc4761bbbd90
0x448b5a,0xfaef35b88b98
0x45ff56,0xcc2ca371a4f0
0x45528e,0xfaef35b90fb4
0x46d736,0x6c6f1e4c6590
0x45ff56,0xdc4761bc5a88
0x447a20,0xfaef35b925c0
0x448b63,0xa040f20fa4c8
0x45ff56,0x71d0d5a54718
0x45ff62,0xdc4761bc7a08
0x412c87,0xfaef35b9bdb8
0x410f2c,0xfaef35ba5ab8
0x448b83,0x1829194731c0
0x46d736,0x182919474fb0
0x448b5d,0x182919476c00
0x45528e,0x202442f10f94
0x412cc0,0x202442f1bf48
0x46d773,0x18291947bda0
0x45528e,0x202442f211a4
0x45ff7a,0x7ebb3c7f510c
0x410f8a,0x202442f25720
0x463e27,0x202442f2bcb0
0x4552b0,0x202442f298c8
0x45528e,0x202442f3a4d4
0x447a20,0x202442f39100
0x45528e,0x202442f47c54
0x448b5a,0x54c453156c38
0x45ff62,0x66598a7ecda0
0x46d75a,0x54c4531611b0
0x558f9a,0x54c453161c60
0x45ff7e,0x932ec40623c0
0x45ff56,0xce1385034f88
0x412cce,0x54c45316dfd1
0x412c87,0x54c4531709a8
0x45ff7a,0xdc4761be10c0
0x448b5d,0xcc2ca38a08e0
0x463e27,0x54c45317a4f0
0x447a20,0x54c45317ebf0
0x45ff7e,0x309dcdc498c0
0x4552c0,0x54c453185704
0x45ff62,0x60dc49c5ed40
0x412c87,0x54c45318d7b8
0x4552b0,0x54c45318dfc8
0x559212,0x54c453199fa0
0x45ff90,0xdc4761be0980
0x45528e,0x54c4531a3134
0x45ff56,0xcd28e57d6c04
0x558f9a,0x54c4531a5720
0x410f2c,0x54c4531ac1c8
0x447a20,0x54c4531b4fa0
0x4115a9,0x54c4531b9f80
0x46d75a,0x54c4531bdc60
0x4552c0,0x54c4531bc528
0x4552c0,0x54c4531c72b4
0x463e27,0x54c4531cc1e0
0x410f8a,0x54c4531c8b90
0x558f9a,0x54c4531d6c30
0x45ff56,0xc8d283463a0
0x45eebb,0x28e837ce3118
0x45ee80,0x1829194a0190
0x46d633,0x1829194a2750
0x45ee80,0x54c4531e23e0
0x447a20,0x54c4531e6588
0x456198,0x54c4531e63a8
0x45ee80,0x1829194ba4e0
0x45ee80,0x1829194b09b0
0x45eeb8,0x1829194bebd0
0x40d29a,0x54c4531e5a88
0x451882,0x1829194c10f8
0x45feea,0xc8d28347a0c
0x44e194,0x1829194d6768
0x53df14,0x71d5f3fd5278
0x53df0a,0x28d7cf566380
0x463e27,0x54c4531f13a0
0x40d288,0x54c4531f1e38
0x53ffd1,0x8876f2fcc1f8
0x45eeb8,0x557be2fc5aa0
0x53ffd1,0xa040f2151e38
0x4518c8,0x54c4531f1378
0x53df14,0xf5d9bcfd1358
0x4518c8,0x557be2fc5738
0x4537e7,0x557be2fd357c
0x456331,0x557be2fc7210
0x463aa3,0x54c4531f2ebc
0x460050,0x4741a64423d0
0x449502,0xf5d9bcfd9f84
0x53e62b,0x557be2fd6760
0x456198,0x54c4531f5138
0x456240,0x54c4531f5254
0x451882,0x557be2fdebf8
0x53e62b,0x66598a848b90
0x53e65a,0x557be2fe10c8
0x451882,0x54c4531f4728
0x45ff7e,0x71d0d59f4f80
0x45ee80,0x54c4531f89b0
0x4494de,0x557be2fee800
0x45528e,0x54c4531fe524
0x45ff62,0xfdfd3a8c3130
0x4552b0,0x54c4532113a8
0x4552c0,0x54c453225738
0x412c87,0x54c45322dfd8
0x447a20,0x54c45323bdb0
0x46d736,0x557be3005ab0
0x448b5d,0x557be3007a00
0x410f2c,0x543845932ee8
0x410f25,0x543845932e80
0x46d773,0x557be300b570
0x559212,0x2f27957309b0
0x448b5a,0x2f2795731e08
0x46d75a,0x2f2795736c30
0x463a96,0xcc2ca38d8998
0x46d773,0x557be3013d10
0x4552b0,0xb3a8ecd6dfe8
0x46d75a,0xb3a8ecd73560
0x412c87,0xb3a8ecd7a4f8
0x45736c,0xdc4761a19138
0x45ff62,0x7ebb3c7d5130
0x412cce,0xb3a8ecd86391
0x4552b0,0xb3a8ecd8c648
0x463e27,0xb3a8ecd94f90
0x412c87,0xb3a8ecd931f8
0x463a96,0x2c2cbb545120
0x447a14,0xb3a8ecda01a4
0x45ff7e,0x71d0d59e7a00
0x4552b0,0xb3a8ecda5728
0x46d736,0x557be3020d40
0x410f8a,0xb3a8ecdb1c70
0x46d75a,0xb3a8ecdb6c10
0x559212,0xb3a8ecdb8fe0
0x45ff7a,0xc911b24da4cc
0x410f2c,0xb3a8ecdb9118
0x46d773,0x4e5a10fa5310
0x412c87,0xb3a8ecddbda8
0x4552b0,0xb3a8ecdda4d8
0x45ff62,0x98f5690dbf70
0x46d773,0x557be30298f0
0x463e27,0xb3a8ecde1c70
0x45ff56,0x7ebb3c896c18
0x448b5d,0x557be302b3a0
0x463aa3,0x32b6beff1e2c
0x463aa3,0x32b6beff357c
0x46d773,0xa040f2056c00
0x4552b0,0xfbbd1cfc7ce8
0x448b5a,0xfbbd1cfc72b8
0x410f4f,0x1829192ec1c8
0x45ff7a,0x8d9869022750
0x45ff56,0x71d5f3fce804
0x448b5a,0x1829192f6408
0x410f8a,0x1829192f6750
0x463e27,0x11faa1854720
0x558f9a,0x182919305310
0x4552c0,0x182919308bb4
0x463aa3,0x18291930bc8c
0x46d736,0x557be3031350
0x463aa3,0x18291930c67c
0x410f8a,0x18291931a4c0
0x410f2c,0x18291931ebc8
0x46d736,0x557be3032ed0
0x463a96,0x2c2cbb54e820
0x4552c0,0x182919331c44
0x4552c0,0x182919333564
0x45ff56,0xd9e9d66423e0
0x45fd16,0x557be3036400
0x463aa3,0x18291933898c
0x4552b0,0x18291934b558
0x410f8a,0x18291934cd90
0x463a8d,0xa040f2148b88
0x411557,0x182919351c4c
0x45ff62,0xc8d282a7a18
0x447a20,0x182919356740
0x448b5d,0x557be303c530
0x558f9a,0x18291935bf60
0x4552c0,0x9895a7c95274
0x463aa3,0x182919361c4c
0x4552c0,0x182919376764
0x457432,0x71d0d589bdb0
0x410f2c,0x18291939dc78
0x558f9a,0x1829193a1c70
0x448b5a,0x1829193a10c8
0x4552b0,0x9895a7d211a8
0x4552b0,0x1829193a8b88
0x447a20,0x1829193b1e00
0x46d75a,0x1829193b6c10
0x4552c0,0x1829193b9f84
0x4552b0,0x1829193bdc48
0x412cc0,0x1829193cc668
0x4552c0,0x1829193ce838
0x448b5d,0xf5d9bcfe7cf0
0x45528e,0x1829193d31d4
0x558f9a,0x1829193d3d20
0x45ff56,0xce1384fab560
0x412c87,0x1829193e10c8
0x410f2c,0x1829193e11a8
0x45ff7e,0xd79e62b79f90
0x46d773,0x557be3050fb0
0x463aa3,0x1829193e63bc
0x410f8a,0x1829193e65a0
0x558f9a,0xfaef359e10e0
0x463e27,0x1829193f9f90
0x45ff7e,0xce1384fded4c
0x45ff7a,0xc8d2835356c
0x4552c0,0x182919410fa4
0x412c87,0x1829194201a8
0x558f9a,0x1829194208d0
0x559212,0x1829194209b0
0x4552b0,0x182919423138
0x410f25,0x182919426380
0x448b83,0x9895a7c931c0
0x447a20,0x1829194a98c0
0x4552b0,0x1829194bbf48
0x46d773,0xa040f2062770
0x4552b0,0x1829194c98d8
0x448b83,0xd69328774f80
0x412c87,0x1829194d9f88
0x4552c0,0x1829194ddc74
0x4552b0,0x1829194de538
0x412cc0,0x557be2fb8ff8
0x558f9a,0x1829194e47d0
0x447a20,0x557be2fbed50
0x4552b0,0x557be2fbebd8
0x448b83,0x1719cc60180
0x45736c,0x557be3071e38
0x412c87,0x557be2fd1c58
0x558f9a,0x557be2fde530
0x45ff56,0xc911b24d89a0
0x410f25,0x557be2fe7a00
0x447a20,0x557be2ff2ed0
0x558f9a,0x557be2ff2eb0
0x45ff90,0xbf7dd5ef25c0
0x45ff4d,0x28e837c92eb8
0x4552b0,0x557be2ff4738
0x463a96,0x5829a6ee1c40
0x45ff7a,0xb7ac7a978fcc
0x451950,0x24d6558c1c78
0x46d773,0xd79e62aa1190
0x53df0a,0xc8d282a7cd0
0x45eea7,0x24d6558c6390
0x45ff4d,0x28e837c92ec8
0x4064e3,0x66598a7a7200
0x448b7a,0x24d6558c7c48
0x411557,0x7ebb3c811c4c
0x4494de,0xce1385053540
0x44959d,0x66598a7b25d0
0x46d736,0x7ebb3c86e830
0x45fdd7,0xca49da32cdb0
0x44952d,0xd9e9d6682758
0x45ff56,0x7ebb3c894720
0x45ee80,0x24d6558f25f0
0x46d736,0x7ebb3c873d30
0x457432,0x7ebb3c875270
0x456198,0x7ebb3c8208c8
0x456198,0x7ebb3c8209a8
0x45ff56,0xcd28e5908b80
0x46d633,0xc48ca901bf40
0x411913,0x7ebb3c8223d0
0x457432,0x7ebb3c879130
0x45ff62,0x71d0d59e5330
0x558f9a,0x7ebb3c827cd0
0x456269,0x7ebb3c827c78
0x448b5a,0x7ebb3c8272a8
0x46d75a,0x7ebb3c82b550
0x4561ac,0x7ebb3c82bc84
0x448b5a,0x7ebb3c82b398
0x451882,0xc2041aa76438
0x45eeb8,0x24d65592b560
0x456269,0x24d6558c2758
0x44e194,0x24d6558c10c8
0x46d75a,0x24d6558c6590
0x46d614,0xf5d9bd033540
0x45eeb8,0xdd2838a31c40
0x45ee80,0xdd2838a3bda0
0x451882,0xdd2838a45108
0x53e62b,0x878ddfa009a0
0x46d614,0x878ddfa31e00
0x451882,0xdd2838a43108
0x447a40,0x24d6558d3540
0x463a96,0xdd2838a59100
0x46d773,0xdd2838a5e530
0x46d773,0xdd2838a610f0
0x4552b0,0x24d65590cdb8
0x412c87,0x24d655913d28
0x558f9a,0x24d6559125d0
0x44e194,0x557be308b3b8
0x448b7a,0x11faa1701c68
0x456331,0x557be30898c0
0x400530,0x28e837cdc530
0x4518c8,0x557be30931f8
0x45ee80,0x557be3095110
0x451882,0x557be30989b8
0x45eea7,0x11faa16ec640
0x412cce,0x24d655935111
0x412cc0,0x24d65593c508
0x4552c0,0xd7cc94e16c04
0x410f8a,0xd7cc94e16400
0x4552b0,0xd7cc94e1a4c8
0x410f2c,0xd7cc94e1bd98
0x45736c,0x2c2cbb5298f8
0x412c87,0xdd2838a2e828
0x558f9a,0xd7cc94e25110
0x411557,0xdd2838a331cc
0x45528e,0xdd2838a34fa4
0x558f9a,0xdd2838a3bf70
0x4552b0,0xdd2838a4b388
0x46d75a,0xdd2838a53d30
0x45fdfc,0x878ddf9e658c
0x46d633,0x878ddfa0e810
0x45ee80,0x557be3094710
0x45eea7,0x11faa16f1c60
0x4537e7,0x11faa16f1e0c
0x4552b0,0x11faa1702778
0x412cc0,0x11faa1707298
0x447a40,0x11faa1707cc0
0x45ff62,0xce13850f1340
0x53df0a,0xbf7dd5f76430
0x4494f2,0xdd2838a525c0
0x4518c8,0x557be3088bb8
0x448b5d,0x66598a795110
0x4537e7,0x11faa1713d2c
0x448b83,0xa040f20d6400
0x45ff56,0x71d0d59c0d60
0x46d743,0xc8d282f0f88
0x411804,0xa040f21fc510
0x4494de,0x878ddfa14f80
0x4561ac,0x11faa1718ff4
0x558f9a,0xab2ecf423130
0x45ee80,0x557be30a0d40
0x53df14,0xd79e62ba98f8
0x46d614,0x28e837ccdfc0
0x451882,0x11faa1731e28
0x4518c8,0x557be30a47f8
0x44952d,0xcc2ca36f6c18
0x451882,0xa7d08ad35248
0x46d773,0xcc2ca37801a0
0x463a96,0x2c2cbb567a18
0x45ee80,0x11faa17265a0
0x53e5fc,0x878ddf9f9138
0x4537e7,0x11faa172728c
0x4552c0,0x11faa1727c74
0x558f9a,0x11faa1727cd0
0x448b83,0xcd28e57ce800
0x4115a9,0x11faa172cd80
0x410f4f,0x11faa17331c8
0x4552b0,0x557be30a63a8
0x412cc0,0x11faa17389b8
0x558f9a,0x557be30ab3b0
0x46d736,0xcc2ca37610e0
0x45ff56,0xcc2ca37a09a0
0x412719,0xab2ecf443108
0x46d181,0x557be30b1340
0x412c87,0x557be30b2eb8
0x412cce,0x557be30b2ed1
0x463a96,0x2c2cbb567cd8
0x53cb5b,0xe7c8f380d78
0x45ff7a,0xdc4761ad3540
0x45ff62,0x4741a6420180
0x45ff7a,0x4741a643642c
0x45ff4d,0x66598a7810e8
0x45ff4d,0x66598a7a11b8
0x53cacd,0x11faa1746398
0x45ff4d,0x66598a781c78
0x45ff4d,0x6af9d6d0c1c8
0x463aa3,0x203e00111e3c
0x47338d,0x203e00115134
0x42ccad,0x7cb731990fb0
0x473397,0x203e00118998
0x494c82,0x66598a7f8988
0x494c7e,0x66598a807c78
0x494c73,0x66598a825a80
0x46d75a,0x66598a841c70
0x46d773,0x6af9d6d19120
0x447a40,0x8a4feef51350
0x4537e7,0x6af9d6d125cc
0x494c73,0xd79e62a58fd0
0x494c73,0x66598a823100
0x494c73,0x8a4feef6b380
0x494c73,0x28e837c90fb0
0x494c7e,0x8a4feef75138
0x494c93,0x6af9d6d201b8
0x447a20,0x6af9d6d15100
0x4552b0,0x6af9d6d12e98
0x4552c0,0x6af9d6d12ed4
0x45ff56,0xbf7dd5e601a0
0x456171,0xff3c8d5cb574
0x4518c8,0x5115330c5ab8
0x42d5ac,0xcc2ca37d5278
0x559fe0,0xcc2ca37d6418
0x558f9a,0x7ebb3c7f1360
0x494c73,0xcc2ca37e08e0
0x494c73,0xcc2ca37e98c0
0x45ff56,0x71d0d59247e0
0x46d75a,0x203e0011ed60
0x53de87,0x49950aac2760
0x447a39,0x203e0011ebf0
0x46d773,0x3a044724e800
0x45eea7,0xb381a3bda0
0x4537e7,0xb381a3bf4c
0x448b7a,0xb381a410d8
0x45eea7,0xb381a46380
0x4537e7,0xb381a4e81c
0x53df14,0xcd28e57b2ed8
0x44952d,0xcd28e57b2e98
0x53df0a,0xf5d9bd0a10d0
0x45ee80,0x4d2bb47d1340
0x53df14,0xf5d9bd0a11a8
0x46d633,0x66598a7b6750
0x494c93,0x203e00122778
0x448b7a,0x32bd14b93568
0x456269,0xf775d317ebf8
0x456269,0xf775d317ed78
0x451882,0x203e0012dfe8
0x494c73,0xa040f2151e38
0x494c73,0xbf7dd6007210
0x494c73,0x203e00131c50
0x46d75a,0xf775d3180d70
0x456198,0x203e001331d8
0x53e62b,0xcc2ca3850980
0x53df0a,0xb7ac7a96c650
0x4494ea,0xcc2ca3854708
0x46d633,0xf5d9bd0da4d0
0x449502,0xcc2ca3860184
0x53e62b,0x2c2cbb4698c0
0x53df14,0xf5d9bd0e7218
0x45ff4d,0x28e837c9ed78
0x456331,0xf775d3181c50
0x53e65a,0xcc2ca38498c8
0x45eea0,0xe7454ce5dc68
0x451882,0x203e0013ed58
0x53e62b,0xcc2ca3872ed0
0x494c73,0xff3c8d5d25d0
0x494c73,0xcd28e5816c20
0x45ff62,0x7cf9db860d50
0x45ff56,0x7cf9db861c50
0x447a20,0x3a0447253560
0x456198,0xf775d31847e8
0x4518c8,0x3a0447254738
0x4494ea,0xca49da3bc508
0x4494de,0xcc2ca3887a00
0x53ffd1,0xa040f209ed78
0x45fe42,0x28e837cf1e30
0x45eeb8,0x24d6558f31e0
0x45eea0,0x24d6558f5138
0x46d75a,0xf775d3187a00
0x449502,0xa040f2133544
0x4494de,0xf5d9bd136400
0x46d633,0x7ebb3c7a6390
0x45eea7,0x99d8269d8fe0
0x53e62b,0xe470055e7cf0
0x44952d,0xedc51a919f88
0x53df14,0xf5d9bd145318
0x53df14,0xb6605691a4e8
0x45eea7,0x99d826a00180
0x449502,0xa040f20fbf44
0x4537e7,0xbf7dd5e51c4c
0x46d614,0x28d7cf4d1c40
0x447a14,0xf775d3188ba4
0x559fe0,0x2c2cbb491e08
0x558f9a,0x92da1fa43120
0x53df0a,0xf5d9bd165a90
0x53e62b,0x1719cc8e820
0x45eea0,0xbf7dd5e731e8
0x53e65a,0x464939aec658
0x449502,0xf5d9bd178984
0x4494ea,0x54962a2c23c8
0x45fdd3,0x28e837c8d780
0x46d614,0x3a0447246380
0x456269,0xbf7dd5e5dc48
0x494c97,0xdd2838a389b8
0x447a20,0xbf7dd5e99120
0x44959d,0x5829a6ec5700
0x53e65a,0x3a044726d7b8
0x4537e7,0xdd2838a647dc
0x494c73,0x66598a752eb0
0x494c73,0x8a4feef65720
0x494c7e,0x28d7cf42c1f8
0x463a8d,0xbf7dd5e80d78
0x46d75a,0xf775d318bcb0
0x447a20,0xbf7dd5ed1c70
0x42d894,0x92da1fa51348
0x456269,0xbf7dd5ed1358
0x45ee80,0xbf7dd5ed1380
0x53e65a,0x99d8269d31e8
0x45eea0,0xbf7dd5ee1c68
0x4537e7,0xbf7dd5ee11ac
0x46d633,0x71d5f3fcb380
0x53cb5b,0x6af9d6d208d8
0x494c97,0x11faa172e838
0x494c73,0x66598a830fa0
0x494c73,0x92da1fa55120
0x53df0a,0xd79e62af2ea0
0x45ee80,0xbf7dd5f13540
0x46d633,0xd79e62af2ed0
0x451882,0x92da1fa60998
0x45ee80,0xbf7dd5f33540
0x45ee80,0xbf7dd5f43100
0x53df0a,0xd79e62b8c1d0
0x494c73,0x6af9d6d0dfc0
0x42f294,0xf775d318d780
0x42d894,0x66598a7d1e38
0x4537e7,0xbf7dd5f5471c
0x53e65a,0xbf7dd5e9bdb8
0x45ee80,0xbf7dd5f5e520
0x448b7a,0xbf7dd5f5ebd8
0x46d614,0x71d5f3fd4f80
0x4537e7,0xbf7dd5f6531c
0x46d614,0xbf7dd5eb4700
0x451882,0x92da1fa6c668
0x45eea0,0xbf7dd5f713b8
0x53ffd1,0xd79e62b05ab8
0x45eeb8,0x92da1fa6cd80
0x494c73,0x92da1fa71c70
0x494c73,0x878ddf9e7c70
0x558f9a,0x24d6558d13a0
0x448b5d,0x4d2bb47d31d0
0x463a96,0x5115330ccd80
0x46d75a,0xb381a46580
0x447a20,0xb381a51350
0x4552c0,0x11e281df6414
0x460a83,0xb381a51c59
0x46d729,0x4741a6414f88
0x412c87,0x11e281e047d8
0x447a20,0x32bd14b8e830
0x448b63,0x4741a6450f88
0x46d75a,0xc1b5f0189b0
0x448b5d,0x8d9869025730
0x4552b0,0xe470055e98e8
0x412c87,0xe470055f25d8
0x4552b0,0xe470055f2ec8
0x558f9a,0xe470055f2e80
0x53de87,0xbf7dd5f210d0
0x45736c,0xcc2ca38ecd98
0x45736c,0xb381a53558
0x53de87,0xbf7dd5f05310
0x4602e0,0x133ad1cacd90
0x411c2e,0x1719cc5dc58
0x53e49f,0xbf7dd5eee838
0x460bc0,0x28e837cf2e80
0x45fd16,0x32bd14b87c40
0x558f9a,0x1719cc7bf70
0x4552c0,0x203e00135104
0x558f9a,0x203e00135240
0x53de87,0xbf7dd5ebbf60
0x45736c,0x8d9869027298
0x45736c,0x66598a767218
0x448b63,0x66598a767288
0x447a20,0x54962a2b8fd0
0x4552b0,0x54962a2c3138
0x411c2e,0x54962a2c0998
0x460a83,0x54962a2c08d9
0x460bc0,0x6c6f1e4c5100
0x448b5d,0x1719cc589b0
0x45528e,0x54962a2c7c64
0x4552b0,0x3a0447245718
0x4552b0,0x3a0447247a08
0x411d2f,0x3a0447247210
0x412cc0,0x3a044724d798
0x559212,0x3a044724dff0
0x411557,0x24d6558ecd8c
0x448b5d,0x3a0447259110
0x412c87,0x3a044725dc78
0x4552c0,0x3a0447268b84
0x412c87,0x3a044726b548
0x45528e,0x3a044726b384
0x412c87,0x3a044726e838
0x53de87,0x66598a805100
0x448b5d,0x1719cc90f90
0x45528e,0x3a044727bf44
0x45528e,0x99d8269cb574
0x448b5d,0x1719cc92e90
0x45fd16,0x1719cc92ec0
0x559212,0x99d8269d89a0
0x412c87,0x99d8269de538
0x4552b0,0x99d8269ded48
0x558f9a,0x99d826a00d70
0x448b5d,0x1719cc93d30
0x46d736,0x3a04472623d0
0x4552c0,0xbf7dd5e51344
0x558f9a,0xbf7dd5e513a0
0x4552b0,0x24d6558fc518
0x411d2f,0xbf7dd5e51e00
0x448b63,0x3a0447276408
0x412cc0,0xbf7dd5e6e838
0x448b5d,0xcdaaa6e31c50
0x4552c0,0xbf7dd5e76404
0x45528e,0xbf7dd5e76c04
0x558f9a,0xbf7dd5e847c0
0x46d75a,0xbf7dd5e8e830
0x411c2e,0xbf7dd5e91c78
0x46d773,0x99d8269f4710
0x46d75a,0xbf7dd5e9c500
0x4552c0,0xbf7dd5ea5124
0x46d75a,0xbf7dd5ea5a80
0x4552b0,0xbf7dd5ead788
0x45736c,0xcdaaa6e30998
0x46d773,0xbf7dd5e52ef0
0x45528e,0xbf7dd5eb31f4
0x53de87,0x4741a643e500
0x46d736,0x99d8269f0f90
0x447a20,0xbf7dd5eedfd0
0x4552c0,0xbf7dd5f02754
0x447a39,0xbf7dd5f07230
0x4552c0,0xbf7dd5f07c54
0x4552b0,0xbf7dd5f07cf8
0x46d773,0xcc2ca38e09a0
0x4552b0,0xbf7dd5f20d58
0x46d75a,0xbf7dd5f247d0
0x4552c0,0xbf7dd5f36744
0x448b5d,0x66598a7663a0
0x559212,0xbf7dd5f389b0
0x45ff56,0xd79e62b1e510
0x4552c0,0xbf7dd5f3dc44
0x4552b0,0xbf7dd5f46388
0x4552b0,0xbf7dd5f54f88
0x412c87,0xbf7dd5f610e8
0x4602e0,0xbf7dd5f611b0
0x558f9a,0xbf7dd5f71340
0x46d75a,0xbf7dd5f71c40
0x411d2f,0xbf7dd5f823d0
0x53df0a,0x6c53703309b0
0x45eebb,0x28e837ce3118
0x53df14,0x6c537034b548
0x53e62b,0xbf7dd5ee0980
0x53df14,0x6c537035bf58
0x456331,0xb381a41c40
0x44952d,0x6c53703a47c8
0x45eeb8,0x203e001247e0
0x46d614,0xa7d08ad07cc0
0x53df14,0xa7d08ad13d28
0x45ee89,0x24d6558d1e30
0x448b7a,0xbf7dd5fa7cd8
0x53e62b,0xbf7dd5f11390
0x53df0a,0x5829a6ec65a0
0x45fdd7,0x6c5370370990
0x448b5a,0x32bd14b93568
0x451882,0x92da1fa90998
0x4518c8,0x203e0012cdb8
0x4537e7,0xbf7dd5fc0d4c
0x45eea0,0xbf7dd5fc7a28
0x4518c8,0x203e0012d7b8
0x45fdff,0x8d986902b38c
0x45eea7,0xbf7dd5fd3540
0x451950,0x1719cc87cf8
0x45eeb8,0x92da1faa0180
0x45ee89,0x24d6558e47e0
0x45ee89,0xf775d31801b0
0x4494ea,0xd79e62bfa4c8
0x53e62b,0xcc2ca3754720
0x449609,0xcc2ca3850980
0x44959d,0xcc2ca3854708
0x451882,0x92da1faa7c58
0x44e194,0x92da1faa7cc8
0x559212,0x1719cc7bf70
0x45eeb8,0x92da1faae830
0x45eea7,0xbf7dd60098e0
0x448b83,0x11e281df9100
0x448b7a,0xbf7dd600b3b8
0x4537e7,0xbf7dd6013d0c
0x45fdd7,0x4741a6418fd0
0x4602cb,0xbf7dd5ebbf60
0x44e194,0x92da1fab89b8
0x451882,0x203e0013e538
0x45eeb8,0x92da1fabdc40
0x4537e7,0xbf7dd6047a0c
0x44e248,0x24d6558e98c8
0x448b5d,0x1719cc725c0
0x449609,0xcc2ca3872ed0
0x53ffd1,0x71d5f3e8cdb8
0x45ee89,0x92da1facdfe0
0x45ee89,0x92da1fad13a0
0x45eeb8,0x92da1fad25e0
0x45eeb8,0x92da1fad31c0
0x45eeb8,0x7cf9db862740
0x44952d,0x71d5f3ea2758
0x456171,0x3a044727bf44
0x45ee80,0x24d6558f2ea0
0x4495c3,0xa040f2133544
0x45ee80,0x9ae07660e800
0x448b7a,0x9ae076615128
0x4537e7,0x7c53326f1c6c
0x45ee80,0xc8d28174f80
0x46d614,0xbf7dd600c640
0x463a8d,0x1719cc93d30
0x4495c3,0xa040f20fbf44
0x53e62b,0x1719cc76c30
0x449502,0xbf7dd6020d44
0x451882,0x24d6558fa4f8
0x45ee80,0xf775d31872b0
0x44e248,0x92da1faebc88
0x449609,0x28d7cf4d1c40
0x4494ea,0x71d5f3f45a88
0x449502,0x71d5f3f447c4
0x451882,0x92da1faf6c28
0x448b83,0x3a0447275240
0x449609,0x1719cc8e820
0x45ee80,0xc8d281a47c0
0x448b83,0x99d8269cc1c0
0x44952d,0x25543026dfd8
0x558f9a,0xbf7dd5e847c0
0x45ee80,0xc8d281b3560
0x53df14,0x71d5f3f6cd88
0x46d633,0xaa4eb5dec640
0x45eeb8,0x92da1fb02770
0x46d75a,0xbf7dd5e8e830
0x46d633,0x71d5f3f96400
0x46d773,0x99d8269f4710
0x451882,0xbf7dd5ec7cf8
0x45eeb8,0x92da1fb08ba0
0x46d633,0x9ae0765fbd80
0x53df0a,0x71d5f3fb9f90
0x53e65a,0x9ae076603118
0x45ee80,0x92da1fb125c0
0x46d773,0xbf7dd5e52ef0
0x53ffd1,0x71d5f3fc1c78
0x45fee6,0xbf7dd5e54f8c
0x53df0a,0x71d5f3fb5240
0x456331,0xbf7dd5eb3d00
0x448b7a,0xc8d281e98d8
0x451882,0x92da1fb11e38
0x45fe3e,0x28e837c92eb8
0x53df14,0x71d5f3ff1e08
0x451950,0x92da1fb189b8
0x451950,0x92da1fb0b3b8
0x45ee80,0xc8d281fbf40
0x463aa3,0xdd2838a647dc
0x448b5d,0xbf7dd5e5ed40
0x4518c8,0x92da1fb201b8
0x449502,0x71d5f3fb3d04
0x4064e3,0x99d8269d31e8
0x45ee80,0x92da1fb25300
0x451882,0x92da1fb26588
0x44952d,0xca49da334708
0x45eeb8,0x92da1fb27280
0x45eeb8,0x92da1fa53540
0x45eeb8,0x92da1fb298e0
0x448b5d,0xbf7dd5e7ed60
0x448b7a,0xc8d28218ff8
0x448b5d,0xbf7dd5e9e520
0x53e65a,0xc8d281a1c68
0x44959a,0x71d5f3fcb380
0x451882,0x92da1fa53d28
0x451882,0x92da1fb2c648
0x448b5d,0xbf7dd5e9dc60
0x4561ac,0xbf7dd5f07c54
0x456198,0xbf7dd5f07cf8
0x45ee80,0xf775d318b560
0x449502,0xc8d281adfc4
0x45eeb8,0x92da1fb2cda0
0x448b7a,0xc8d28233578
0x448b5d,0x66598a76b3a0
0x45ee80,0xf775d318c1d0
0x4537e7,0xc8d28239fac
0x411804,0xd79e62af2ea0
0x44959a,0xd79e62af2ed0
0x46d75a,0xbf7dd5f247d0
0x451882,0x92da1fa608f8
0x45fdd7,0x7ebb3c894720
0x45ee80,0xc8d2824cdb0
0x4561ac,0xbf7dd5f3dc44
0x4494f2,0xca49da3c7c40
0x451882,0x71bb2b15e508
0x448b7a,0xc8d2825dc68
0x451950,0x71bb2b1608f8
0x411804,0xd79e62b8c1d0
0x463aa3,0xbf7dd5f5471c
0x456198,0xbf7dd5f54f88
0x451950,0xbf7dd5f65138
0x45ee80,0x71bb2b168ba0
0x451882,0xc8d28271e28
0x4494de,0xc8d281f9f80
0x45eeb8,0x71bb2b1698e0
0x451882,0x71bb2b16c1e8
0x45ff62,0x6c53703a47c8
0x449609,0x71d5f3fd4f80
0x463aa3,0xbf7dd5f6531c
0x53e5fc,0xc8d282072b8
0x45ee80,0x71bb2b16e830
0x449609,0xbf7dd5eb4700
0x558f9a,0xbf7dd5f71340
0x45ff7e,0xa7d08ad07cc0
0x46d75a,0xbf7dd5f71c40
0x45ee80,0x71bb2b1725d0
0x4518c8,0x71bb2b175278
0x44e248,0x24d6559208c8
0x45eeb8,0x71bb2b176c00
0x46d736,0x4741a6419100
0x448b5d,0x2554302a1c70
0x448b5a,0xbf7dd5fa7cd8
0x45fd16,0x4741a6425700
0x46d773,0xbf7dd5fb09b0
0x4494de,0xc8d28230f80
0x4552c0,0x92da1fa91374
0x4552c0,0xbf7dd5fbdc74
0x412c87,0xbf7dd5fc47e8
0x45ff7e,0x8d986902b38c
0x412cc0,0xbf7dd5fc7218
0x447a40,0xbf7dd5fc7c40
0x410f2c,0xbf7dd5fc72a8
0x410f2c,0xbf7dd5fcbc88
0x463e27,0xbf7dd5fd3540
0x46d75a,0xbf7dd5fd5120
0x410f2c,0xbf7dd5fd5268
0x45eeb8,0x24d6558d9130
0x45fe1c,0x6c537033c500
0x44e194,0x24d6558e1188
0x451950,0x24d6558e10f8
0x447a20,0x92da1faa23c0
0x412cc0,0xbf7dd5fe6388
0x447a20,0xbf7dd5fed780
0x559212,0xbf7dd5ff0fa0
0x410f4f,0xbf7dd5ff31c8
0x448b83,0x28d7cf4210c0
0x46d75a,0xbf7dd5ffed40
0x45528e,0xbf7dd5ffebe4
0x46d75a,0xbf7dd6005100
0x4552c0,0xbf7dd6005a94
0x463e27,0xbf7dd60098e0
0x46d75a,0xbf7dd600b570
0x448b5a,0xbf7dd600b3b8
0x4115a9,0xbf7dd600dfc0
0x46d75a,0x92da1fab25c0
0x45ee80,0x92da1fab2e90
0x4518c8,0x92da1faa47f8
0x45ee80,0xc8d282dbf70
0x463aa3,0xbf7dd6013d0c
0x45fd16,0x66598a7ba4c0
0x4552b0,0x92da1faba4c8
0x410f8a,0xbf7dd6021c40
0x448b83,0x878ddfa41c40
0x4552c0,0xbf7dd602e804
0x45736c,0xedc51a8fbdb8
0x447a20,0xbf7dd6045aa0
0x410f2c,0xbf7dd6045118
0x45ff56,0x1719cc725c0
0x45ee89,0x71bb2b181c70
0x449502,0xc8d28260184
0x410f8a,0xaa4eb5de98c0
0x410f2c,0xaa4eb5df6c38
0x46d75a,0xaa4eb5dfa4d0
0x45528e,0xaa4eb5dfed54
0x4552b0,0x92da1fac5108
0x4552b0,0x9ae076602748
0x448b5d,0x3a0447263120
0x46d75a,0x9ae076607200
0x412cc0,0x9ae0766072b8
0x447a20,0x9ae076607cd0
0x45eeb8,0x24d6558f1e20
0x53df0a,0x49950ab10f90
0x412cc0,0xbf7dd5e78fd8
0x45ff56,0x71d5f3f447c4
0x463aa3,0x7c53326f1c6c
0x4552c0,0x7c53326f3574
0x410f2c,0x7c53326f1e08
0x412c87,0xc8d28174708
0x559212,0xc8d28174f80
0x46d773,0xbf7dd6027c50
0x448b83,0xbf7dd6027cc0
0x410f8a,0xc8d2817ebf0
0x412c87,0xc8d28185118
0x558f9a,0xc8d28185aa0
0x463a96,0xdd2838a59fa0
0x463a8d,0x71d5f3f45a88
0x4494ea,0xdd2838a6b548
0x45fe3e,0x28e837c92ec8
0x463a96,0xdd2838a60198
0x558f9a,0xc8d281a47c0
0x410f2c,0xc8d281a7a08
0x410f8a,0xc8d281b1e10
0x410f25,0xc8d281b6740
0x448b5d,0x51a63c50fb0
0x45736c,0x8876f2fd89b8
0x410f8a,0xc8d281c7c60
0x46d743,0x99d8269f4710
0x53e65a,0xc8d282847c8
0x4494ea,0x49950ab34f88
0x46d633,0xc8d28291340
0x449502,0xc8d28291384
0x456269,0x92da1fb06598
0x4537e7,0xc8d283447cc
0x558f9a,0xc8d281d3d00
0x448b5d,0xbf7dd5e8c670
0x460050,0x71d5f3fb9f90
0x45ff56,0xca49da334708
0x412c87,0xc8d281e5118
0x558f9a,0xc8d281e5aa0
0x410f2c,0xc8d281f0f98
0x4494f2,0x49950ab35240
0x45eea7,0xc8d28363110
0x45eeb8,0xc8d28371e00
0x45eeb8,0x92da1fb0c1c0
0x412cce,0xc8d282010d1
0x410f2c,0xc8d28201198
0x448b5d,0x28e837cfdc50
0x410f8a,0xc8d28210f80
0x4552c0,0xc8d2821e524
0x463a96,0xdd2838a608d0
0x45ff56,0xca49da3c7c40
0x447a40,0x92da1fb35100
0x46d736,0xbf7dd5ef6c10
0x463aa3,0xc8d28239fac
0x4552c0,0xc8d28241c74
0x46d736,0x49950ab113a0
0x46d75a,0xc8d28245110
0x4552c0,0xc8d28245aa4
0x46d773,0xbf7dd5ee7cd0
0x410f8a,0xc8d2824c660
0x463a96,0xdd2838a60d50
0x448b63,0xbf7dd5f3a4c8
0x558f9a,0x71bb2b160190
0x410f2c,0xc8d28267a38
0x46d736,0xc8d28270fb0
0x447a19,0xc8d282811b0
0x4552b0,0xc8d28281c78
0x46d736,0xc8d282211a0
0x447a40,0x71bb2b1731c0
0x558f9a,0x71bb2b176400
0x4552c0,0xc8d282a08d4
0x45528e,0xc8d282a47c4
0x447a40,0x92da1fa76400
0x410f25,0xc8d282a8b80
0x448b83,0xcc2ca38e2740
0x4552b0,0xc8d282c47e8
0x558f9a,0x92da1fab6c00
0x45528e,0xc8d282e7c44
0x558f9a,0xc8d282ed790
0x447a20,0x92da1fab5250
0x4552c0,0x92da1fab5114
0x447a20,0xc8d282f6c30
0x4552b0,0xc8d283063b8
0x46d736,0xc8d281d89a0
0x558f9a,0xc8d28313d30
0x460050,0x49950ab10f90
0x447a20,0x71bb2b18c650
0x412cc0,0xc8d2833c518
0x558f9a,0xc8d28342750
0x45ff56,0x7ebb3c894720
0x4552b0,0xc8d283623f8
0x410f8a,0xc8d28360d50
0x45528e,0xc8d28373574
0x45ff4d,0x28e837c8e818
0x410f2c,0xaf4780c8c1f8
0x46d18d,0xf775d3179130
0x45ff56,0xcd28e5908b80
0x410b90,0x7ebb3c885a88
0x45ff62,0xd9e9d66b1360
0x45ff4d,0x6c537038dfc0
0x411a5c,0xab2ecf443108
0x45eebb,0x28e837ce3118
0x53df14,0x25543024b548
0x53e65a,0xc8d282b5138
0x451950,0xa67864934738
0x53df0a,0x25543025bf40
0x456269,0x25e3cdb0fb8
0x4518c8,0xa67864935138
0x53e62b,0xc8d282d0f80
0x45eeb8,0xa7d08ad40190
0x45ee80,0xa67864939100
0x406878,0x203e0010dfe0
0x45fd16,0xb7ac7a9b9100
0x44952d,0x2554302a23d8
0x4518c8,0x557be30b4fb8
0x45ee80,0x557be30b4730
0x412c87,0x557be30b2eb8
0x412cce,0x557be30b2ed1
0x46d614,0x2554302a3100
0x463a96,0x2c2cbb567cd8
0x53ffd1,0x2554302a5338
0x45ee80,0xfaef35b4cd80
0x4537e7,0x203e00111e3c
0x46091a,0x71d5f3f50f98
0x45ff56,0x66598a7e7290
0x45ff62,0x71d0d593a4f0
0x412cc0,0xa67864945338
0x46d773,0xa67864946390
0x47338d,0xa6786494572c
0x410b32,0xa67864947a30
0x46d15e,0x4741a6451e00
0x463a96,0x28d7cf5023d8
0x410725,0xa6786494b380
0x47338d,0xa6786494b544
0x463aa3,0xa6786494e83c
0x45ff56,0x71d0d59e5330
0x45ff4d,0x28e837c9e538
0x46d18d,0xa678649513a0
0x45ff4d,0x28e837c9ed78
0x47338d,0xa678649525e4
0x443d2b,0xa67864956771
0x45ff4d,0x6c537038d7a8
0x45ff62,0xce1385001c40
0x494c82,0x66598a7f8988
0x494c7e,0x66598a807c78
0x494c73,0x66598a825a80
0x46d75a,0x66598a841c70
0x45ff62,0x464bc80f0fa0
0x456171,0xff3c8d5cb574
0x4518c8,0x5115330c5ab8
0x5405e9,0xa678649647f8
0x473397,0xa67864967c40
0x410c26,0xa67864967a38
0x45ff62,0xd9e9d66098f0
0x443d2b,0xa67864976761
0x46d151,0x11faa185ed48
0x412cc0,0xa67864985338
0x47338d,0xa6786498572c
0x45ff56,0x4741a6420180
0x4115a9,0xa67864987200
0x410c26,0xa678649872b8
0x45ff56,0xa040f20fdc50
0x410725,0xa6786498dfc0
0x53e65a,0xc8d283023f8
0x4494f2,0x51a63c51e00
0x53e65a,0x6c5370387c58
0x456269,0xa67864993d28
0x53e62b,0xc8d28316c30
0x447a14,0xa67864945124
0x53ffd1,0xaff50078c678
0x4552b0,0xa678649498d8
0x4552b0,0xa67864959f88
0x53e65a,0xc8d283298d8
0x5405e9,0x71d0d5a065b8
0x53df14,0xaff5007bed48
0x473397,0xbcd57edf9118
0x456269,0x55c693e4d7b8
0x449609,0xa678649a1188
0x53df0a,0xc8d28336c20
0x45ee80,0x55c693e52eb0
0x447a40,0xa678649a5ab0
0x456331,0xa678649a5700
0x45eea0,0xa6786497bda8
0x449502,0xaff5007e8b84
0x448b7a,0xa678649ad798
0x53df0a,0xaff5007f8990
0x45eeb8,0xa6786496dfe0
0x45ee80,0xa6786496d7b0
0x44952d,0xaf4780c8bc98
0x44959d,0xbb3c81eb4f90
0x53df14,0xaf4780c8e808
0x44e194,0xa678649a47d8
0x447a40,0xa678649ab380
0x411104,0x28e837c95104
0x45528e,0xa67864985124
0x45ee80,0xa67864987a10
0x558f9a,0xa6786498e820
0x53df0a,0xaff5007e7a20
0x53df0a,0xd9e9d65febc0
0x45ff56,0xbf7dd5e601a0
0x46d580,0xce1384f73540
0x53df0a,0xedc51a8ebcb0
0x53cb5b,0xc8d2836d7b8
0x4112b2,0xa67864973d00
0x460108,0x28e837ca3108
0x53e5fc,0xce1384fa3138
0x53e70f,0xcc2ca36edfc0
0x53cb5b,0x71d0d5a0dfe8
0x53cb5b,0xa040f2210fb8
0x410700,0x5829a6ef4700
0x412c01,0x28e837c96c01
0x45ff7a,0xc8d2835356c
0x44e5c4,0xfe2fc1f52e88
0x466180,0x71d0d5940180
0x513a6a,0x71d0d5945130
0x45eea7,0x96b1800647d0
0x513af5,0x71d0d5947c68
0x47c586,0x28e837cc3120
0x46d773,0xa040f21e98d0
0x494c00,0x66598a7f6c00
0x456198,0x96b180067228
0x45ee80,0x96b18006b570
0x4537e7,0x96b18006cdbc
0x4494f2,0x41d09e9ddc40
0x53df14,0xce1384ff09a8
0x456269,0x96b180067a38
0x412cc0,0xf1720cb94708
0x4552b0,0xf1720cb94fa8
0x45ff56,0xce13850f1340
0x4561ac,0x4d2bb47c63b4
0x558f9a,0x4d2bb47c65b0
0x45ee80,0x4d2bb47c8ba0
0x5405e9,0xcc2ca37e63b8
0x456198,0xff3c8d5b5268
0x4518c8,0x6af9d6d16c38
0x46d736,0x6af9d6d19120
0x45ff62,0xce13850f25d0
0x449502,0xce1385007a04
0x53e65a,0xce138500c1d8
0x400530,0x28e837cdc530
0x4494f2,0xce138501ebc0
0x463aa3,0x6af9d6d125cc
0x45ff4d,0x66598a7810e8
0x412d56,0x66598a843108
0x448b5a,0x5115330c47c8
0x448b5d,0xff3c8d5bdc40
0x53df0a,0x28d7cf4208e0
0x456198,0x6af9d6d12e98
0x4561ac,0x6af9d6d12ed4
0x451882,0x5115330c7a28
0x45ff7e,0x4741a643642c
0x45ff4d,0x66598a781188
0x443d2b,0x7ebb3c89e501
0x45ff62,0xd79e62b9dc50
0x559fe0,0x2c2cbb507ce8
0x494c73,0x5115330c10e0
0x42d333,0xb66056956748
0x494c73,0x71d5f3f94f80
0x45eeb8,0x4d2bb47c7220
0x451882,0x4d2bb47c7288
0x45ff56,0xcc2ca38e5300
0x559fe0,0x8a4feef6b380
0x447a40,0x8a4feef51350
0x494c73,0xd79e62a58fd0
0x494c73,0x66598a823100
0x494c73,0x28e837c90fb0
0x494c7e,0x8a4feef75138
0x494c93,0x6af9d6d201b8
0x447a20,0x6af9d6d15100
0x4608e7,0x66598a7f1e38
0x46091a,0xff3c8d621c48
0x443d2b,0xcc2ca37408d1
0x45ff7a,0xc8d28347a0c
0x45ff62,0xc8d283463a0
0x443d2b,0xff3c8d5f2e91
0x46d151,0xe470055e7a08
0x46091a,0xd693287698e8
0x53cacd,0xe470055f1c48
0x460050,0xc8d282731f0
0x53cb5b,0xc5e52af59118
0x460050,0xc8d282a98f0
0x46091a,0xff3c8d627a08
0x463e27,0xff3c8d6125e0
0x53cacd,0x2c2cbb5cc658
0x45ff56,0xc8d282a5a80
0x47338d,0xff3c8d618ffc
0x53cacd,0xcc2ca37fbd98
0x53df14,0x28d7cf4209b8
0x449680,0x71d5f3e9c530
0x45eebb,0x28e837ce3118
0x448b7a,0xff3c8d5edfd8
0x448b7a,0xff3c8d5f6438
0x45ee80,0x66598a7f2ea0
0x4518c8,0xff3c8d6247f8
0x449502,0xb1739fbce804
0x45ee80,0xff3c8d615260
0x456269,0x66598a7f1398
0x451882,0x5115330c5708
0x46d633,0x28d7cf4b1e00
0x53e62b,0x2c2cbb5e08c0
0x53e65a,0x2c2cbb5e0988
0x558f9a,0xff3c8d5e6580
0x558f9a,0xff3c8d5ed7b0
0x411d2f,0xff3c8d5f6750
0x447a20,0xff3c8d60bc90
0x4552b0,0xff3c8d615138
0x46d736,0x6c5370367a30
0x456198,0xff3c8d62dfd8
0x4602e0,0xff3c8d62d7b0
0x47338d,0xff3c8d634734
0x456198,0xff3c8d634f98
0x412cce,0xd6fa95373551
0x4561ac,0xd6fa95376c14
0x456198,0xd6fa9537bf48
0x558f9a,0xd6fa953847c0
0x558f9a,0xd6fa9538c660
0x45eeb8,0xd6fa9538e800
0x4537e7,0xd6fa9539098c
0x410c00,0xd6fa95391c48
0x447a40,0xd6fa953925d0
0x448b7a,0xd6fa95396408
0x45eeb8,0xd6fa95398fc0
0x448b7a,0xd6fa9539bd88
0x45eea0,0xd6fa953a08f8
0x412cc0,0xd6fa953a2778
0x4561ac,0xd6fa953a5114
0x47338d,0xd6fa95372e84
0x47338d,0xd6fa95396764
0x46d75a,0xd6fa9539bf40
0x473397,0xd9e9d65d5100
0x46d773,0xd9e9d65d6c20
0x45ff62,0xc911b24d89a0
0x45ff62,0x98f5690dbf70
0x448b83,0xff3c8d5cc640
0x46d15e,0x71d5f3eb4730
0x463a96,0x2149a6cab540
0x460050,0x71d5f3e725e0
0x411557,0xd9e9d65e0d4c
0x410b32,0xd9e9d65e47f0
0x473397,0xd9e9d65e8b80
0x412cc0,0xd9e9d65ec1e8
0x53cb5b,0xcc2ca3847a08
0x53cb5b,0xd9e9d667ebe8
0x47338d,0xd9e9d65f6c24
0x47338d,0xd9e9d66010d4
0x443d2b,0xd9e9d66023d1
0x47338d,0xd9e9d66011a4
0x443d2b,0xd9e9d6602741
0x410b32,0xd9e9d6606380
0x473397,0xd9e9d6606580
0x443d2b,0x49950aa74f91
0x410725,0xd9e9d660cd80
0x473397,0xd9e9d6616410
0x46d18d,0xcc2ca3833570
0x463aa3,0xd9e9d661ed4c
0x45eeb8,0xff3c8d5c3120
0x45eeb8,0xd9e9d6627c60
0x451882,0xd9e9d6627cc8
0x45ff56,0xce13851065b0
0x449502,0xff3c8d61ed44
0x451882,0x55c693e4dfe8
0x45ee80,0xd6fa95379110
0x45ee80,0xd9e9d6653d10
0x45ee89,0x5115330c65b0
0x4518c8,0xd6fa95394738
0x45eeb8,0x5115330c5100
0x451950,0xd9e9d666d7b8
0x42d960,0x7ebb3c899fac
0x494c73,0xcc2ca38210f0
0x494c73,0x7ebb3c7d4fb0
0x42d333,0xcc2ca382e808
0x4602e0,0x7ebb3c892e90
0x411d2f,0x7ebb3c892ec0
0x4494de,0xd693286ed780
0x45ee80,0xd9e9d6672e90
0x53df0a,0x28d7cf513d20
0x46d614,0xce1385048b80
0x451882,0xd9e9d662b548
0x447a40,0xd9e9d6636770
0x53e65a,0xce13850509a8
0x53e62b,0xce1385058980
0x451882,0xd9e9d6690f98
0x456331,0xd9e9d663c510
0x45ee89,0xd9e9d6693570
0x53df14,0x28d7cf570f98
0x45ee80,0xd9e9d6696430
0x448b7a,0xd9e9d661ebe8
0x451882,0x5115330c7228
0x45eeb8,0x7ebb3c88d780
0x4552b0,0xd9e9d65d8fd8
0x4552b0,0xd9e9d6675138
0x4552c0,0xd9e9d6675254
0x447a20,0xd9e9d65e2750
0x447a14,0xd9e9d65edfd4
0x447a39,0xd9e9d65f1e30
0x558f9a,0xd9e9d6687200
0x558f9a,0xd9e9d66125d0
0x45528e,0xd9e9d6613544
0x473397,0x7ebb3c887a00
0x447a40,0x7ebb3c8872b0
0x456240,0x71d0d5898fe4
0x46da82,0x28e837c85a82
0x47c586,0x28e837cc3120
0x53e65a,0xce1385085a88
0x53df14,0x28d7cf594f98
0x4494de,0x28d7cf5931c0
0x448b5d,0x5829a6ebbdb0
0x53e49f,0xa678649647f8
0x451882,0x7ebb3c890fa8
0x4115a9,0xd9e9d66a6580
0x443d2b,0xcc2ca36f3551
0x53cb5b,0xd9e9d66ad7b8
0x443d2b,0xd9e9d66b3d11
0x45ff56,0xd9e9d66423e0
0x53cacd,0xd9e9d66b89a8
0x4115a9,0xd9e9d66b9f80
0x45ff89,0x557be3036400
0x46d75a,0xd9e9d66c01a0
0x412c87,0xd9e9d66c47e8
0x4608f0,0x49950aae5308
0x443d2b,0xd9e9d663e531
0x46d18d,0x66598a7d2ea0
0x46d181,0x66598a7d2ec0
0x460050,0xd9e9d663ebf0
0x46d193,0xc2041aa78ff0
0x53cacd,0x7ebb3c825728
0x463e27,0xa98092300190
0x443d2b,0xc8d28296431
0x409edb,0xcd28e57408c8
0x45ff7a,0xa040f2056c1c
0x53cb5b,0xd69328774708
0x45ff62,0x5115331401a0
0x53cb5b,0xd79e62a9c538
0x45ff62,0xff3c8d5e7c40
0x412743,0xce1384f808f8
0x47338d,0xce1384f8099c
0x412c87,0xce1384f85ab8
0x45ff7a,0x18291937ebec
0x463aa3,0xce1384f8dfdc
0x45ff56,0xcc2ca37a09a0
0x473397,0xce1384f91358
0x4608f0,0xce1385150fa8
0x47338d,0xce1384f9355c
0x46d743,0xcc2ca37109b8
0x53cb5b,0xcd28e5736778
0x409edb,0x4d2bb47c1c58
0x412cc0,0xd6fa9536e838
0x443d2b,0xce1384fb0991
0x412cc0,0xce1384fb1348
0x4608e7,0xce1384fb13b8
0x409edb,0xd79e62c27c48
0x47338d,0xce1384fb473c
0x53cb5b,0xcd28e5767cf8
0x45ff89,0xdc4761b2cd80
0x45ff7a,0xce1384fded4c
0x46d75a,0xce1384fc7a10
0x47338d,0xce1384fc7c4c
0x463aa3,0xce1384fcbcac
0x409edb,0xd9e9d65dc508
0x409eee,0xe2032d899138
0x45ff62,0xce1384fab560
0x46d729,0xcd28e576dfc8
0x53cb5b,0x67b1c33c98d8
0x45ff62,0xce13850f25d0
0x460050,0xcc2ca386d7b0
0x46d729,0xcd28e576e808
0x412cc0,0xce1384fe1c68
0x45ff56,0x71d0d59247e0
0x4608f0,0xce13851047e8
0x412768,0xce1384feb388
0x53cacd,0xd6932878b568
0x46d743,0xd9e9d65d0fb8
0x463e27,0xce1384ff2e80
0x412cc0,0xce1384ff5138
0x463e27,0xce1384ff9110
0x46000d,0x6c537033c500
0x46001c,0xcc2ca38e2740
0x46d743,0xce1384fac678
0x46d773,0xce1385005120
0x47338d,0xce1384ffebfc
0x463aa3,0xce1385008b8c
0x443d2b,0xce1384fc2751
0x473397,0xce138500e808
0x53cacd,0xcd28e5787208
0x463e27,0xce13850125d0
0x47338d,0xce1385018fec
0x46d18d,0xcd28e578dfd0
0x45ff56,0xfdfd3a8c3130
0x46d18d,0xcd28e5792ec0
0x46d193,0xcd28e5792eb0
0x47338d,0xd6fa9537ebfc
0x45ff56,0x9895a7c931c0
0x46d18d,0xd79e62b8cda0
0x47338d,0xce138502c1dc
0x463e27,0xce13850331f0
0x45ff56,0x18291930dfc0
0x412cc0,0xce138503ed78
0x45ff62,0xd69328774f80
0x412cc0,0xce138504c648
0x47338d,0xce1385052ecc
0x463a8d,0xd6fa95385aa8
0x473397,0xce138505a4c8
0x47338d,0xce138506511c
0x46d18d,0xcd28e57b6410
0x46d773,0xce1385020d60
0x409edb,0x7ebb3c845118
0x443d2b,0xce1385027231
0x46d773,0xce1385027ce0
0x412cc0,0xce138506e808
0x53cb5b,0x49950aa50f98
0x46d773,0xc8d28347c60
0x463aa3,0xce1385078fcc
0x45ff56,0x1719cc60180
0x412c87,0xce1385087a08
0x473397,0xce1385087cc8
0x53cacd,0x2c2cbb596758
0x463e27,0xd6fa9538cdb0
0x4608f0,0x4741a642b388
0x463e27,0xce1385096770
0x46d75a,0xce138509ed50
0x45ff7a,0x464bc80f4f8c
0x460950,0xcd28e57e3130
0x4608f0,0xce1385034728
0x45ff62,0x182919460980
0x4608f0,0xce1385031348
0x45ff7a,0xa040f20f3d3c
0x47338d,0xce13850b912c
0x53cb5b,0xcd28e57eb3b8
0x473397,0xce13850bc508
0x463aa3,0xce13850be52c
0x45ff4d,0x66598a7a11b8
0x45ff7e,0xc911b24da4cc
0x46d743,0xd9e9d65d4738
0x412cc0,0xd6fa95392ea8
0x4115a9,0xd6fa95392ec0
0x5405e9,0x41d09e9c01b8
0x53cb5b,0xcd28e57f3558
0x45ff62,0xca49da32cdb0
0x53cacd,0x28d7cf419fb8
0x412c87,0xce13850d4738
0x45fece,0x28e837cfdc50
0x53cb5b,0xcd28e5800198
0x463aa3,0xce13850ddc5c
0x443d2b,0xce13850a65b1
0x53cacd,0xcd28e5802778
0x46d729,0xcd28e5806588
0x443d2b,0xce13850e7c71
0x53cacd,0x2c2cbb614738
0x53cb5b,0x28e837cabca8
0x463aa3,0xce138510313c
0x45ff7a,0xbf7dd5ee7cd0
0x45ff56,0xcc2ca371a4f0
0x46d773,0xce13850d6740
0x443d2b,0xce1385116c11
0x4608e7,0xce138512c678
0x45ff7a,0xb3a8ecde728c
0x53cacd,0xcd28e58208d8
0x4608f0,0x71d5f3fb1398
0x45ff7a,0x7ebb3c7f510c
0x45ff62,0x1829194731c0
0x47338d,0xce138513912c
0x53cacd,0xcd28e5825308
0x46001c,0xbf7dd6027cc0
0x47338d,0xce138514276c
0x412cc0,0xce1385145738
0x45ff4d,0x28e837c8e818
0x45ff56,0xdc4761b525f0
0x463aa3,0xce1385152e9c
0x46d75a,0xce1385152ef0
0x47338d,0xce13851531fc
0x53cb5b,0x49950ab0e818
0x47338d,0xce138515641c
0x443d2b,0xce138511bf61
0x45ff56,0xd79e62b9dc50
0x45ff56,0xce13851065b0
0x53cb5b,0xd693286ddc68
0x463e27,0xce13851731d0
0x45ff56,0xcd28e5908b80
0x412743,0xce1385173568
0x47338d,0x67b1c33c512c
0x443d2b,0x67b1c33c7c71
0x443d2b,0xce1385136431
0x53cb5b,0xcd28e5855128
0x4608f0,0xd9e9d66c5118
0x443d2b,0xce13851463b1
0x409eee,0xc8d28222778
0x46d75a,0xcd28e571ed40
0x46d181,0xce138516bc80
0x463e27,0xcd28e5725120
0x45ff56,0x8414a34dc500
0x46d75a,0xcd28e5725320
0x46d773,0xc8d283465a0
0x45ff56,0xb3a8ecdd3d00
0x45ff56,0xbf7dd5e601a0
0x558f9a,0xff3c8d633540
0x45eebb,0x28e837ce3118
0x45fe42,0x1719cc725c0
0x4518c8,0xcd28e5738ff8
0x456269,0xff3c8d631c78
0x4518c8,0xcd28e573a4f8
0x456269,0xff3c8d631e08
0x448b7a,0xa980922fbf48
0x45eea7,0xa98092300190
0x494c73,0xd9e9d664cd80
0x42f2dc,0xff3c8d6331d0
0x447a20,0xd6fa95371e00
0x4494de,0xa7d08ad7bd80
0x4518c8,0xce1384f74fb8
0x46d614,0xc48ca8ffc500
0x45eea0,0xce1384f8d7a8
0x53df0a,0x6c537036d7b0
0x4494ea,0x66598a7531c8
0x53df0a,0xc48ca901bdb0
0x45ee80,0xd6fa95371c50
0x494c73,0x99d826a02770
0x47338d,0xd6fa95372e84
0x559fe0,0xd79e62a67c58
0x42d5ac,0xcd28e5734fb8
0x42dd73,0xd6fa95379fa8
0x53e083,0xcd28e57e3130
0x4494f2,0xd79e62b54700
0x4518c8,0xcd28e576cdb8
0x45ee80,0xd6fa953789a0
0x46d614,0xd693286d0f80
0x45ff4d,0x28e837c92ea8
0x448b7a,0xd6fa95380d78
0x45eea7,0xce1384ff2e80
0x448b7a,0xce1384ff2ec8
0x4494ea,0xd693286ec1c8
0x53e62b,0xd9e9d65f25d0
0x53df0a,0xd693287072a0
0x44952d,0xce13850c7218
0x53e62b,0xce13850e7220
0x46d633,0xd6932871bd90
0x4494f2,0xce13850e7280
0x45fe42,0xbf7dd5e5ed40
0x494c73,0xcd28e5799100
0x494c73,0xcd28e579a4c0
0x4602e0,0xd6fa95381c78
0x449680,0x4741a6440d70
0x46d633,0xd79e62abebc0
0x451882,0xce138502bcb8
0x45eea7,0xce13850331f0
0x45eeb8,0xcd28e57ab550
0x456269,0xce13850263a8
0x4494ea,0xd69328773d08
0x494c73,0xcd28e57b9fb0
0x494c7e,0x6af9d6d131f8
0x448b7a,0xce138505ebd8
0x4494ea,0xd69328778988
0x4494de,0xce138513ed40
0x456269,0xce138505e538
0x448b5a,0xd6fa95396408
0x4518c8,0xce13850b9fb8
0x53df14,0x28e837ccd798
0x45eeb8,0xce13850ab3a0
0x451882,0xcd28e57e7208
0x45fdd7,0xbf7dd5f3a4c8
0x46d633,0xcd28e5726390
0x494c73,0x71d5f3e8cdb8
0x47338d,0xd6fa95396764
0x46d75a,0xd6fa9539bf40
0x559fe0,0x7ebb3c8465b8
0x448b5a,0xd6fa9539bd88
0x4518c8,0xce13850e0d78
0x53df0a,0xd79e62ac5700
0x53e5fc,0xcd28e58647f8
0x45fe1c,0x6c537033c500
0x4537e7,0xce138510313c
0x494c73,0xcd28e5811370
0x473397,0xd9e9d65d5100
0x45eeb8,0xce13851125e0
0x53e65a,0xcd28e58b2e98
0x53df14,0x71d5f3f1a4e8
0x494c73,0xce1384ffa4f0
0x45eeb8,0xd6fa953a5730
0x53df0a,0x71d5f3f2cda0
0x456269,0xd6fa953a7a08
0x4537e7,0xce1385152e9c
0x4494f2,0xa7d08ad223c0
0x456269,0xd6fa953a7cf8
0x456331,0xd6fa953a7c50
0x4518c8,0xcd28e583c538
0x494c7e,0xcd28e584cdb8
0x494c73,0xcd28e584e810
0x494c7e,0xb660569513b8
0x559fe0,0x7ebb3c841c48
0x42d593,0x7ebb3c8408f0
0x456269,0x67b1c33c11b8
0x46d633,0xca49da356c00
0x53e65a,0xcd28e5900198
0x53df14,0xca49da3acd88
0x451882,0xcd28e585bdb8
0x451882,0xd6fa953ad7b8
0x4537e7,0xcd28e58531cc
0x4115a9,0xd9e9d66a6580
0x46d736,0xcc2ca36f0fb0
0x4552c0,0xd9e9d66b5264
0x46d773,0xc8d2835356c
0x46d75a,0xd9e9d66c01a0
0x448b5d,0xc8d28354710
0x45528e,0xce1384f931c4
0x558f9a,0xce1384f93d10
0x4552c0,0xce1384f99fa4
0x448b63,0xd9e9d66ba4c8
0x412cc0,0xd6fa9536e838
0x447a20,0xcd28e5755260
0x4552c0,0xcd28e5755114
0x412cc0,0xce1384fb1348
0x460a83,0xce1384fb13b8
0x447a20,0xce1384fc7200
0x4552c0,0xce1384fcb3a4
0x447a40,0xce1384febcb0
0x448b5d,0xce1384fec1d0
0x46d773,0xd9e9d65d0fb8
0x412cc0,0xce1384ff5138
0x45736c,0xce1385005120
0x558f9a,0xcd28e57863b0
0x4552c0,0xce138502b574
0x4552c0,0xce13850309b4
0x558f9a,0xce1385033d00
0x53de87,0xce1385034728
0x411d2f,0xce1385033550
0x559212,0xce1385038ff0
0x412cc0,0xce138503ed78
0x447a20,0xce1385045a90
0x411d2f,0xce1385045110
0x447a39,0xce1385060d70
0x4552c0,0xce1385065734
0x4552b0,0xce1385068b88
0x4552b0,0xce138506cdb8
0x412cc0,0xce138506e808
0x45736c,0xce1385027ce0
0x45736c,0xc8d28347c60
0x448b63,0xc8d28347cc8
0x4552b0,0xce138507dc68
0x4552c0,0xce138508c1f4
0x558f9a,0xcd28e57d3540
0x411d2f,0xce138508cd90
0x463e27,0xd6fa9538cdb0
0x447a40,0xce138509e530
0x46d75a,0xce138509ed50
0x45528e,0xce138509ebf4
0x45fd16,0xce13850623c0
0x4552c0,0xce13850a08f4
0x4552b0,0xce13850a0998
0x411d2f,0xce13850a01a0
0x412cc0,0xd6fa95392ea8
0x4115a9,0xd6fa95392ec0
0x46d773,0xd9e9d65d4738
0x412c87,0xce13850d4738
0x4552c0,0xce13850d4f84
0x448b5d,0xce13850808f0
0x559212,0xce13850e8ba0
0x4552c0,0xce13850f9124
0x448b5d,0xc8d28359fb0
0x448b63,0xc8d2835bf48
0x4552c0,0xcd28e5803104
0x558f9a,0xce13850fdc70
0x4552c0,0xce1385115114
0x558f9a,0xce1385115250
0x4552b0,0xce1385128bb8
0x558f9a,0xce1385140d60
0x411c2e,0xd6fa9539ebe8
0x45528e,0xce13851423d4
0x558f9a,0xce13851525f0
0x53de87,0xce1385150fa8
0x46d75a,0xce1385152ef0
0x4552c0,0xce1385165734
0x447a40,0xce1385168bb0
0x4552b0,0xce1385173d28
0x4115a9,0xd6fa953a5a80
0x45528e,0x67b1c33c1c44
0x4552b0,0x67b1c33c5708
0x53de87,0x49950aae5308
0x46d736,0xcc2ca36f25d0
0x447a20,0xcd28e571e530
0x46d75a,0xcd28e571ed40
0x45528e,0xcd28e571ebe4
0x46d736,0xce138504bc90
0x4552b0,0xcd28e572c1c8
0x411d2f,0xcd28e572cda0
0x45ff7e,0xc911b24da4cc
0x447a20,0xcd28e5853d00
0x53cb5b,0xd6fa9538b398
0x53cacd,0xca49da3ac648
0x45ff7a,0x557be3013d2c
0x47338d,0xcd28e587bd94
0x47338d,0xcd28e5882774
0x45ff4d,0x28e837c8e818
0x443d2b,0xcd28e588c651
0x53cacd,0xca49da411e18
0x47338d,0xcd28e58925e4
0x47338d,0xcd28e589c53c
0x53cb5b,0xa040f2234f88
0x410b32,0xcd28e58b13a0
0x410c00,0xcd28e58b1358
0x473397,0xcd28e58b4f80
0x46d18d,0x5115330eb550
0x463a96,0x2149a6cabca0
0x410800,0xd4cb943c98e0
0x46d15e,0xc911b24ded70
0x45ff4d,0x28e837c9ed78
0x46d75a,0xcd28e58c0990
0x46d773,0xff3c8d611350
0x4106a7,0x998897f67288
0x5405e9,0x998897f67238
0x410b32,0xcd28e58c98d0
0x412cc0,0xcd28e58cc1d8
0x42ccad,0xaff5007fed70
0x45ff7a,0xcd28e58a23dc
0x443d2b,0xcd28e58d4721
0x45ff7a,0x7ebb3c7f510c
0x45ff62,0xcc2ca371a4f0
0x45ff7e,0xce13850210cc
0x53cacd,0x998897f88b88
0x463a8d,0xce1384fb5278
0x463aa3,0xcd28e58e7c7c
0x45ff89,0xdc4761b67a00
0x45ff7e,0xdc4761b6513c
0x46d75a,0xcd28e58e7cd0
0x410800,0x998897f8dfe0
0x473397,0xcd28e58f1e00
0x410887,0xcd28e58f1c40
0x410c00,0xcd28e58fbf78
0x460050,0xce1384fd5120
0x443d2b,0xcc2ca3775131
0x45ff56,0xd79e62b1e510
0x4106a7,0xcc2ca3847288
0x5405e9,0xcc2ca3847238
0x410c00,0xcd28e5906588
0x45ff62,0x98f5690dbf70
0x45ff56,0xcc2ca38e2740
0x46d75a,0xcd28e5918fc0
0x410c00,0xcd28e5919108
0x53cb5b,0x998897fb3558
0x45ff7a,0x464bc80f4f8c
0x45ff62,0xf775d3147210
0x46d18d,0x49950aac98e0
0x41091b,0xcd28e5891c48
0x45ff62,0x5115331401a0
0x45ff56,0xff3c8d5e7c40
0x45ff56,0xce13850f25d0
0x45ff7a,0xb3a8ecde728c
0x410b32,0xa040f205bf50
0x46d743,0xcc2ca376b578
0x410c00,0xa040f20608e8
0x53cb5b,0x71d5f3f25a88
0x463aa3,0xa040f206312c
0x46d773,0xd69328736740
0x410b32,0xa040f2067cf0
0x410b90,0xa040f2067c48
0x45ff56,0x9895a7c931c0
0x443d2b,0x28d7cf427cf1
0x410700,0xa040f2071340
0x46d743,0x7ebb3c7f6c38
0x53cb5b,0x7424745a5338
0x463a8d,0xc8d283509b8
0x473397,0xa040f2081180
0x443d2b,0xa040f20863b1
0x53cb5b,0x7424745b4708
0x46d193,0xbdae4aaf3d30
0x463e27,0xa040f2091370
0x46d15e,0xce13850709b0
0x46d151,0xbdae4aaf6c08
0x45ff56,0xdc4761bc5a90
0x463aa3,0xa040f20a018c
0x463e27,0xa040f20ac670
0x47338d,0xa040f20b2ed4
0x410c26,0xa040f20b6778
0x45ff62,0xb3a8ecd95100
0x46d773,0xcc2ca37e7a00
0x473397,0xa040f20bed40
0x46d773,0xd69328751e20
0x46001c,0xbf7dd5e5ed40
0x443d2b,0xa040f20c7a21
0x46d773,0xca49da3ac1e0
0x45ff90,0xdc4761ad1e00
0x47338d,0xa040f20cdff4
0x410800,0xf848bcf15130
0x53cb5b,0xf848bcf15258
0x45ff62,0xcd28e5765320
0x45ff56,0xff3c8d5cc640
0x46d75a,0xa040f20d31f0
0x47338d,0xa040f20d3564
0x45ff90,0x878ddfa25700
0x45ff89,0xa040f2131340
0x53cacd,0x8876f2fd4718
0x410b90,0xa040f20de508
0x473397,0xa040f20e10c0
0x473397,0xa040f20e1190
0x53cacd,0xf848bcf2e838
0x47338d,0xa040f20e5a84
0x53cacd,0xf848bcf31388
0x46d193,0xd6932874bcb0
0x45ff56,0xab2ecf387c50
0x46d773,0x998897fd4730
0x45ff7a,0xdc4761bd1e0c
0x45ff62,0xb7ac7a92c1c0
0x46d15e,0xa040f20edfd0
0x463e27,0xa040f20f1e10
0x45ff7e,0xa040f20f3d3c
0x46d75a,0xa040f20f8990
0x45ff7e,0x18291947bdbc
0x47338d,0xa040f2105134
0x47338d,0xa040f210533c
0x46d151,0xca49da334f88
0x463a96,0x6af9d6d11350
0x45ff62,0xca49da32cdb0
0x45ff7a,0xdc4761b072bc
0x47338d,0xa040f2114fa4
0x463a96,0x6af9d6d113a0
0x463e27,0xa040f2116410
0x410c00,0xa040f2116758
0x46d75a,0xa040f2118ff0
0x46d773,0xf848bcf54f80
0x47338d,0xa040f211ed44
0x463e27,0xa040f21211b0
0x443d2b,0xa040f2122741
0x4602e0,0xa040f21265b0
0x410c00,0xa040f2128b98
0x410b32,0xa040f2130fa0
0x443d2b,0xa040f213ebc1
0x46d15e,0xff3c8d5e7a30
0x46d193,0xf848bcf7e530
0x460050,0xc8d282c98e0
0x46d773,0xf848bcf80980
0x410c00,0xa040f2140d48
0x45ff62,0x182919460980
0x443d2b,0xd79e62b9a4c1
0x473397,0xa040f2147280
0x410c00,0xa040f215c518
0x463aa3,0xa040f215ed5c
0x463e27,0xa040f2166590
0x463a96,0x6af9d6d11c50
0x46d15e,0xce138516c640
0x45ff89,0xdc4761b2cd80
0x460050,0xa040f211a4f0
0x53cb5b,0x5115331410e8
0x46d75a,0xa040f2173540
0x443d2b,0xcd28e5887231
0x42ccad,0x1a64fc5d1380
0x409eee,0x1a64fc5d1378
0x53cb5b,0x1a64fc5d2ec8
0x45ff62,0x464bc80f0fa0
0x463a8d,0xa040f20f25e8
0x46d18d,0x1a64fc5ddc70
0x443d2b,0xa040f20f31f1
0x411557,0xa040f21925cc
0x443d2b,0xa040f2193d11
0x46d18d,0x1a64fc5e5300
0x463aa3,0xa040f21a276c
0x410800,0x1a64fc5ec660
0x410b32,0xa040f21a5330
0x45ff7e,0xce1385005120
0x45fece,0x28d7cf4210c0
0x45ff7a,0xcc2ca38e09a0
0x46d743,0xa040f2168bb8
0x45ff62,0xd9e9d66ba4c8
0x45ff56,0xc8d28354710
0x45ff56,0xcd28e5908b80
0x46d18d,0x46a8494a5110
0x463aa3,0xa040f21b3d2c
0x46001c,0x878ddfa41c40
0x473397,0xa040f21b9110
0x46d18d,0x998897f9e500
0x463e27,0xa040f21ba4d0
0x45ff4d,0x66598a7810e8
0x45ff4d,0x66598a7a11b8
0x463a96,0xd6fa9537a4d0
0x47338d,0xa040f21c5a94
0x42ccad,0xd9e9d664c670
0x45ff4d,0x6c537038d7a8
0x410887,0xa040f21ccd80
0x47338d,0xa040f21d09a4
0x53cacd,0x71d0d5876438
0x45ff56,0xbf7dd6027cc0
0x473397,0xa040f21da4c0
0x45ff56,0x71d0d59e5330
0x47338d,0xa040f21e5ab4
0x463e27,0xa040f21e7200
0x45ff62,0xf1720cbb1370
0x410b32,0xa040f21f1370
0x410700,0xa040f21f1380
0x47338d,0xa040f21f4714
0x5405e9,0x71d0d5885ab8
0x46d15e,0xc8d282e0190
0x46d15e,0xbf7dd5fb3d10
0x412cc0,0xa040f220dfc8
0x47338d,0xa040f2211c64
0x46d18d,0xf848bcf3dc60
0x4115a9,0xd9e9d66a6580
0x45eebb,0x28e837ce3118
0x46d736,0xcc2ca36f0fb0
0x53df0a,0x49950aa8bc90
0x451882,0xa040f2218ff8
0x456269,0xd9e9d66b5264
0x46d773,0xc8d2835356c
0x44962d,0xd9e9d66b89a8
0x46d75a,0xd9e9d66c01a0
0x451882,0xa040f2227a08
0x53e65a,0xa040f2045718
0x412c87,0xd9e9d66c47e8
0x4602cb,0xd9e9d66c5118
0x449609,0x66598a7d2ea0
0x44959a,0x66598a7d2ec0
0x449680,0xc2041aa78ff0
0x457432,0xd9e9d663ebf0
0x44962d,0x7ebb3c825728
0x45ee80,0xa040f2230f80
0x4518c8,0xa040f22331f8
0x45ff56,0x1719cc725c0
0x448b5a,0xa980922fbf48
0x451882,0xa040f222e808
0x463e27,0xa98092300190
0x456331,0xa98092300d40
0x45ff56,0xce1384fec1d0
0x45ee80,0xd9e9d664b390
0x45ff90,0xdc4761be0980
0x44959d,0xa7d08ad7bd80
0x44952d,0x49950aae5718
0x4494de,0xa040f2066380
0x448b5d,0xd9e9d66423e0
0x53e65a,0xa040f20698c8
0x456331,0xce1384f85110
0x4518c8,0x998897f65738
0x412c87,0xce1384f85ab8
0x448b5d,0xd9e9d66b1360
0x44959a,0xc48ca8ffc500
0x463aa3,0xce1384f8dfdc
0x53e62b,0xa040f2079110
0x456171,0xce1384f931c4
0x558f9a,0xce1384f93d10
0x411804,0x6c537036d7b0
0x46d773,0xcc2ca37109b8
0x451950,0x998897f75278
0x44959d,0x66598a7531c8
0x45eeb8,0xcd28e58d1c60
0x45fe42,0x11e281df9100
0x448b5d,0xc911b24d89a0
0x412cc0,0xd6fa9536e838
0x53df0a,0xaff5007b0f80
0x449609,0xd79e62b8cda0
0x447a40,0xcd28e5755260
0x456269,0xcd28e5755114
0x412cc0,0xce1384fb1348
0x4602c7,0xce1384fb13b8
0x411804,0xc48ca901bdb0
0x53df0a,0x71d5f3ff1360
0x4602cb,0x71d5f3fb1398
0x46d633,0x71d5f3ff1390
0x46d75a,0xce1384fc7a10
0x4495c3,0xd79e62b54700
0x456269,0xce1384fcb3a4
0x4494f2,0xaff5007c1c40
0x53e65a,0xa040f20a47d8
0x4537e7,0xcd28e58e7c7c
0x4494f2,0xa040f20a7a00
0x451882,0x998897f91348
0x44e194,0x998897f913b8
0x53e62b,0xcd28e57f3d20
0x456331,0xce1384fd9f80
0x45ff62,0x182919352e90
0x53df14,0x41d09e9acda8
0x44959a,0xd693286d0f80
0x457432,0xcc2ca386d7b0
0x412cc0,0xce1384fe1c68
0x449502,0x41d09e9b1c44
0x4494f2,0xa040f20b8980
0x4494ea,0xfafbfaaec648
0x53e62b,0xa040f20c23f0
0x45eeb8,0x998897f810c0
0x44e194,0xd9e9d6651378
0x44e248,0xd9e9d6651388
0x46d773,0xd9e9d65d0fb8
0x448b5a,0xd6fa95380d78
0x463e27,0xce1384ff2e80
0x412cc0,0xce1384ff5138
0x448b5a,0xce1384ff2ec8
0x45eeb8,0x998897fab550
0x463e27,0xce1384ff9110
0x45ff56,0xb3a8ecd95100
0x448b7a,0xcd28e5907c68
0x44959d,0xd693286ec1c8
0x448b7a,0xcd28e590c648
0x463aa3,0xce1385008b8c
0x46d773,0xce1384fac678
0x449609,0xd9e9d65f25d0
0x451882,0x998897fb6758
0x411804,0xd693287072a0
0x4495c3,0xce13850c7218
0x451882,0x998897fb9138
0x463e27,0xce13850125d0
0x53e62b,0xa040f20e7220
0x44959a,0xd6932871bd90
0x449609,0xce13850e7220
0x4495c3,0xce13850e7280
0x4494f2,0xa040f20e7280
0x448b5d,0xce1384fab560
0x451882,0xd9e9d6655138
0x456269,0xce138502b574
0x44952d,0x28d7cf4ec658
0x4494de,0xc8d2834bc80
0x4602cb,0xce1385031348
0x4561ac,0xce13850309b4
0x463e27,0xce13850331f0
0x4602cb,0xce1385034728
0x44959a,0xd79e62abebc0
0x558f9a,0xce1385033d00
0x411913,0xce1385033550
0x45ff7e,0xce1385020d60
0x559212,0xce1385038ff0
0x451882,0x998897fd3558
0x412cc0,0xce138503ed78
0x451882,0xcd28e57abc98
0x447a40,0xce1385045a90
0x411913,0xce1385045110
0x448b83,0xce1385001c40
0x45ff7e,0xc8d283465a0
0x412cc0,0xce138504c648
0x4494f2,0xbf7dd5eb6400
0x45eeb8,0xd6fa953863b0
0x45ee80,0xa040f206c670
0x45ff89,0xce13850623c0
0x449502,0x28d7cf3f5244
0x53df0a,0xd79e62b06580
0x44959d,0xd69328773d08
0x45eeb8,0xd9e9d6659100
0x448b5d,0xd6fa95385aa8
0x449680,0x4741a6440d70
0x448b5a,0xce138505ebd8
0x45eeb8,0x7424745a72b0
0x447a39,0xce1385060d70
0x4561ac,0xce1385065734
0x45ff56,0xdc4761b51e30
0x44959d,0xd69328778988
0x4518c8,0x7424745b3578
0x456198,0xce138506cdb8
0x45ee80,0xd9e9d665bda0
0x412cc0,0xce138506e808
0x44959d,0xce138513ed40
0x44e248,0x7424745b1e08
0x45fdfc,0xc8d28347a0c
0x463aa3,0xce1385078fcc
0x45eeb8,0xcd28e57c7cc0
0x45eea0,0xa040f2091e38
0x45eea7,0xa040f2091370
0x448b7a,0xa040f20913b8
0x4494de,0xa040f213bf40
0x45ff62,0x182919463130
0x46d633,0x2c2cbb4d0f80
0x451882,0xbdae4ab008c8
0x412c87,0xce1385087a08
0x4561ac,0xce138508c1f4
0x4537e7,0xa040f20a018c
0x558f9a,0xcd28e57d3540
0x451882,0xd9e9d665a4c8
0x411913,0xce138508cd90
0x463e27,0xd6fa9538cdb0
0x45ee80,0xbdae4ab07a20
0x463e27,0xce1385096770
0x447a40,0xce138509e530
0x45eea7,0xa040f20ac670
0x46d75a,0xce138509ed50
0x42ca41,0x28e837ccd798
0x456171,0xce138509ebf4
0x45ff90,0x66598a7ba4c0
0x53df0a,0x2c2cbb4f8980
0x456198,0xce13850a0998
0x45ee80,0xd9e9d6660980
0x44e194,0xbdae4ab10fb8
0x411913,0xce13850a01a0
0x44e194,0x97192ff91398
0x448b7a,0xa040f20b6438
0x45ee80,0xf848bcf0b3a0
0x4494ea,0x99d8269e47c8
0x463aa3,0xce13850be52c
0x45ff56,0xc8d2835bf48
0x4518c8,0xf848bcf11e38
0x412cc0,0xd6fa95392ea8
0x4115a9,0xd6fa95392ec0
0x44959a,0xcd28e5726390
0x44e248,0xd9e9d6662748
0x46d773,0xd9e9d65d4738
0x451882,0xf848bcf20988
0x412c87,0xce13850d4738
0x449502,0xa040f218dfc4
0x4561ac,0xce13850d4f84
0x45eeb8,0xf848bcf272b0
0x411804,0xd79e62ac5700
0x559212,0xce13850e8ba0
0x449502,0xa040f21a1184
0x4561ac,0xce13850f9124
0x45eeb8,0xd6fa95398980
0x44e194,0xf848bcf32ea8
0x45eeb8,0xf848bcf210c0
0x45eea7,0xa040f20f1e10
0x463aa3,0xce138510313c
0x4602cb,0xce13851047e8
0x456269,0xcd28e5803104
0x4561ac,0xce1385115114
0x558f9a,0xce1385115250
0x53df14,0xca49da3eb548
0x53e65a,0xcc2ca375dc68
0x45ee80,0xd9e9d6667a30
0x44e194,0xf848bcf4d788
0x53df14,0xd6932873c528
0x456198,0xce1385128bb8
0x4602c7,0xce138512c678
0x45ee80,0xd9e9d6667ce0
0x45eea7,0xa040f2116410
0x4064e3,0xcd28e58b2e98
0x53df14,0xf5d9bd187208
0x53e62b,0xa040f21d6c20
0x53df0a,0x2c2cbb576770
0x451882,0xf848bcf3e528
0x45eea0,0xa040f2121c78
0x45eea7,0xa040f21211b0
0x448b83,0xce13850f1340
0x42ca41,0x71d5f3f1a4e8
0x558f9a,0xce1385140d60
0x45eeb8,0xd9e9d66665b0
0x456171,0xce13851423d4
0x412cc0,0xce1385145738
0x45eeb8,0xf848bcf73540
0x411804,0x71d5f3f2cda0
0x45ee80,0xf848bcf73d00
0x45ff56,0xff3c8d5cc640
0x4602cb,0xce1385150fa8
0x558f9a,0xce13851525f0
0x451882,0xf848bcf74f88
0x463aa3,0xce1385152e9c
0x46d75a,0xce1385152ef0
0x4495c3,0xa7d08ad223c0
0x456269,0xce1385165734
0x45ee80,0x1a64fc5b2eb0
0x447a40,0xce1385168bb0
0x463e27,0xce13851731d0
0x456198,0xce1385173d28
0x44952d,0x11faa1766398
0x456171,0x67b1c33c1c44
0x456198,0x67b1c33c5708
0x451882,0x1a64fc5c47f8
0x45ff62,0xd79e62b1e510
0x4494f2,0xa040f22125c0
0x45eeb8,0x1a64fc5c23f0
0x4602cb,0x49950aae5308
0x4064e3,0xcd28e5900198
0x4537e7,0xa040f215ed5c
0x448b7a,0xa040f215ebf8
0x46d736,0xcc2ca36f25d0
0x45fe53,0x6c537033c500
0x45ff56,0x71d0d59247e0
0x447a40,0xcd28e571e530
0x45ee89,0x1a64fc5cc660
0x45eea7,0xa040f2166590
0x45ff4d,0x28e837c8e818
0x46d75a,0xcd28e571ed40
0x456171,0xcd28e571ebe4
0x45ff62,0x182919352e90
0x40b657,0xca49da3acd88
0x451950,0xcd28e585bf78
0x463e27,0xcd28e5725120
0x46d75a,0xcd28e5725320
0x44e194,0x1a64fc5ce828
0x448b5d,0xc8d283463a0
0x46d736,0xce138504bc90
0x456198,0xcd28e572c1c8
0x411913,0xcd28e572cda0
0x45ff7a,0x8d986902b38c
0x558f9a,0xa040f2216400
0x460050,0x49950aa8bc90
0x4552b0,0xa040f221e508
0x4552c0,0xa040f2227224
0x558f9a,0xa040f2227280
0x448b5d,0xfdfd3a8c3130
0x447a39,0xcd28e58a09b0
0x45eebb,0x28e837ce3118
0x46d633,0xd79e62c1bd80
0x4494ea,0x71d0d58ba4c8
0x410f2c,0xcd28e58b1358
0x410f8a,0xcd28e58b13a0
0x45ff7a,0x71d5f3ff1390
0x45ff56,0x11e281df9100
0x463a96,0x2149a6cabca0
0x45ff7e,0xaff5007b0f80
0x559212,0xcd28e58b8fc0
0x46d736,0xc911b24ded70
0x46d75a,0xcd28e58c0990
0x410f8a,0xcd28e58c98d0
0x412cc0,0xcd28e58cc1d8
0x45528e,0xcd28e58cdfc4
0x53ffd1,0xd79e62c408f8
0x44952d,0xd79e62c40998
0x451882,0x1a64fc5eb578
0x45ee89,0x1a64fc5ebcb0
0x53df14,0x6c5370331388
0x44952d,0x6c5370331348
0x45ee80,0xa040f21a5a80
0x460050,0x71d5f3ff1360
0x46d75a,0xcd28e58e7cd0
0x448b5d,0xce1384fb5278
0x45ff62,0x1719cc725c0
0x4552c0,0x998897f96404
0x410f2c,0xcd28e58fbf78
0x45736c,0xce1384fd5120
0x45528e,0xcd28e59010e4
0x4552b0,0xcd28e5901c58
0x463a8d,0xfafbfaaec648
0x40d2a0,0x998897fa0980
0x45ee80,0x1a64fc5f25d0
0x451882,0x1a64fc5f1388
0x4518c8,0x1a64fc5f1378
0x451950,0x46a8494a3138
0x448b7a,0xa040f21ae808
0x4537e7,0xa040f21b3d2c
0x46d743,0xd9e9d65d0fb8
0x4552b0,0x998897fa63b8
0x410f2c,0xcd28e5906588
0x45ff56,0x28d7cf4ec658
0x45528e,0xcd28e5907cc4
0x447a20,0xcd28e59098f0
0x448b5a,0xcd28e590c648
0x46d743,0xce1384fac678
0x46d75a,0xcd28e5918fc0
0x410f2c,0xcd28e5919108
0x4552b0,0xa040f203bd98
0x45eea7,0xa040f21ba4d0
0x45ee80,0x998897fc3110
0x45ff7e,0xd79e62b06580
0x410f8a,0xa040f205bf50
0x4552c0,0x998897fd9134
0x410f2c,0xa040f20608e8
0x463aa3,0xa040f206312c
0x46d773,0xcc2ca376b578
0x45528e,0xa040f2067a04
0x410f25,0xa040f2067c48
0x410f8a,0xa040f2067cf0
0x4552c0,0xa040f206c670
0x447a20,0xa040f2071c70
0x53e65a,0x49950aac7a08
0x451882,0xa040f21d4fb8
0x45ee80,0xa040f21d4720
0x53df14,0xa7d08ad4cdb8
0x4494ea,0xf5d9bd1410c8
0x45ee80,0x998897fc5100
0x53df0a,0xa7d08ad7bf60
0x456269,0x7424745a63a8
0x45ff62,0xd9e9d66b1360
0x448b5d,0x98f5690dbf70
0x46d773,0x7ebb3c7f6c38
0x448b5d,0xc8d283509b8
0x46d773,0xcd28e58a23dc
0x559212,0xa040f2088ba0
0x463e27,0xa040f2091370
0x46d736,0xce13850709b0
0x46d75a,0xbdae4ab07230
0x40d29a,0xbdae4ab07298
0x53e65a,0x49950aa76758
0x4494de,0x5829a6ec8b80
0x53e65a,0xf5d9bd1498d8
0x45ee80,0x71d0d58810f0
0x46d633,0x5829a6ed6c00
0x45ee80,0xa040f21e7ce0
0x45eea7,0xa040f21e7200
0x45ee80,0xbdae4ab07cd0
0x451882,0xbdae4ab06588
0x463e27,0xa040f20ac670
0x447a20,0xa040f20b4700
0x410f4f,0xa040f20b6778
0x558f9a,0xf848bcf0b570
0x448b5d,0x5115331401a0
0x4552b0,0xa040f20c47d8
0x45ee80,0x71d0d5887290
0x451882,0xbdae4ab098d8
0x4552c0,0xf848bcf201a4
0x46d75a,0xa040f20d31f0
0x4552b0,0xa040f20ded78
0x410f25,0xa040f20de508
0x45ff7a,0xcc2ca38e09a0
0x559212,0xa040f20e8bb0
0x4552b0,0xa040f20f0f98
0x46d736,0xa040f20edfd0
0x463e27,0xa040f20f1e10
0x46d75a,0xa040f20f8990
0x46d773,0xbf7dd5fb31d0
0x4552b0,0xa040f2105708
0x463a96,0x6af9d6d11350
0x448b63,0xce13850f25d0
0x463a96,0x6af9d6d113a0
0x45ff56,0xce13850f1340
0x410f2c,0xa040f2116758
0x46d75a,0xa040f2118ff0
0x4552b0,0xf848bcf65318
0x448b5d,0xcc2ca371a4f0
0x410f2c,0xa040f2128b98
0x4552b0,0xa040f212cd88
0x410f8a,0xa040f2130fa0
0x558f9a,0xf848bcf79100
0x448b83,0xff3c8d5e7c40
0x46d736,0xff3c8d5e7a30
0x410f2c,0xa040f2140d48
0x45736c,0xc8d282c98e0
0x4552b0,0x1a64fc5b5268
0x4552b0,0xa040f2158fd8
0x410f2c,0xa040f215c518
0x4552c0,0xa040f2162744
0x463a96,0x6af9d6d11c50
0x45ff56,0x6c5370331348
0x46d736,0xce138516c640
0x457432,0xa040f211a4f0
0x46d75a,0xa040f2173540
0x448b5d,0xa040f20f25e8
0x45fd16,0xa040f2131340
0x411557,0xa040f21925cc
0x46d773,0xa040f20f3d3c
0x4552c0,0xa040f2192e94
0x558f9a,0xa040f2192ef0
0x4552b0,0x1a64fc5e7228
0x4552b0,0xa040f219dc78
0x447a40,0xa040f21a08c0
0x410f8a,0xa040f21a5330
0x45528e,0xd6fa95373d24
0x46d773,0xa040f2168bb8
0x4552b0,0xa040f21c2768
0x463a96,0xd6fa9537a4d0
0x558f9a,0x998897fa5100
0x447a40,0x998897fc5300
0x45ff90,0x66598a7ba4c0
0x4552c0,0x71d0d58811a4
0x45528e,0xa040f21e72a4
0x4552b0,0xa040f21e7c78
0x4552b0,0x7424745ac1d8
0x558f9a,0xbdae4ab0b380
0x410f8a,0xa040f21f1370
0x45528e,0xa040f21f6c24
0x46d736,0xc8d282e0190
0x46d736,0xbf7dd5fb3d10
0x412cc0,0xa040f220dfc8
0x558f9a,0xa040f220e820
0x45ff62,0xff3c8d5cc640
0x447a20,0xf848bcf223c0
0x45ff56,0xbf7dd6027cc0
0x45ff7a,0xbf7dd6027c6c
0x46d193,0x71d5f3e9c530
0x45ff56,0xcc2ca37a09a0
0x45ff62,0xd9e9d66098f0
0x473397,0x96b180065718
0x463aa3,0x96b18006cdbc
0x412cc0,0xf1720cb94708
0x53cacd,0xce1384ff09a8
0x45ff89,0x878ddfa25700
0x443d2b,0x8ac8846865a1
0x45eea0,0x8ac884687a38
0x45ff56,0x66598a7e7290
0x45ff62,0x71d0d593a4f0
0x47338d,0x8ac88468e82c
0x45fd16,0xa7d08ad26580
0x45ff4d,0x28e837c9ed78
0x45ff62,0xdc4761b51e30
0x410700,0x8ac884691c40
0x47338d,0x8ac884691e14
0x45ff62,0x71d0d59e5330
0x53cacd,0xe7c8f385118
0x46d773,0xce1385099f80
0x46d18d,0x71d5f3f210e0
0x53cacd,0x71d5f3f21188
0x47338d,0x8ac8846a63a4
0x47338d,0x8ac8846a65ac
0x5405e9,0xc8d28282778
0x443d2b,0x8ac8846a5301
0x45ff7e,0x464bc80f4f8c
0x45ff56,0xb3a8ecd95100
0x45ff7a,0xdc4761b6513c
0x412cce,0x8ac8846b6c11
0x47338d,0x8ac8846ba4f4
0x443d2b,0xfafbfaad1351
0x46d193,0x557be3059130
0x5405e9,0xd79e62b05338
0x410c26,0x8ac8846bbdb8
0x45ff90,0xdc4761ad1e00
0x47338d,0x8ac8846c11b4
0x410725,0x8ac8846c10c0
0x46d75a,0x66598a841c70
0x45ff4d,0x28e837c8e818
0x53df0a,0x7ebb3c819120
0x53e068,0xf848bcf3dc60
0x53cb5b,0x28d7cf583118
0x451882,0x7ebb3c890fa8
0x410c00,0x7ebb3c892e90
0x410b32,0x7ebb3c892ec0
0x443d2b,0x7ebb3c89e501
0x46091a,0x5115330cbcb8
0x448b5a,0x5115330c47c8
0x463aa3,0x6af9d6d125cc
0x4561ac,0x6af9d6d12ed4
0x456198,0x6af9d6d12e98
0x447a40,0x6af9d6d15100
0x46d736,0x6af9d6d19120
0x42d894,0x8ac8846cdff8
0x559fe0,0xe7c8f3c47f8
0x42d8cd,0xab8966efe508
0x447a20,0x8ac8846cb570
0x494c73,0x5115331098f0
0x448b5d,0x557be307dc50
0x4494ea,0x7cb731a54708
0x4518c8,0x8ac8846e8bb8
0x4494ea,0x7ebb3c825a88
0x400530,0x28e837cdc530
0x45ee80,0x8ac8846f0980
0x4561ac,0x8ac8846e7cd4
0x45ee80,0x8ac8846e6590
0x44e194,0x8ac8846e5308
0x45ee80,0x8ac8846bc510
0x45ee89,0x8ac8846fa4e0
0x448b7a,0x8ac8846c0d58
0x44952d,0x1d8d5dacbc98
0x45528e,0x8ac884698984
0x558f9a,0x8ac884702750
0x4552c0,0x8ac8846ec1e4
0x448b7a,0x8ac8846a47f8
0x4552b0,0x8ac884705308
0x448b7a,0x8ac8846ab568
0x45eeb8,0x8ac8847072a0
0x451882,0x8ac8846b2eb8
0x447a39,0x8ac8846b1c70
0x4552c0,0x8ac8846b25f4
0x44952d,0x5829a6ee6388
0x4552b0,0x8ac88470c1c8
0x4552b0,0x8ac8846c5728
0x45ee80,0x8ac8846c7cd0
0x448b7a,0x8ac8846c7238
0x45528e,0x8ac8846c7294
0x4552b0,0x8ac8846c7c68
0x448b7a,0x8ac8846c98f8
0x46d614,0xf5d9bd173540
0x45ee80,0x8ac884711340
0x451882,0x8ac884714708
0x558f9a,0x8ac884715120
0x559fe0,0x2c2cbb507ce8
0x4518c8,0x8ac884725338
0x449502,0xf5d9bd18c644
0x53df14,0x11faa1746398
0x44952d,0xc8d28305118
0x44952d,0x7cb731990f98
0x53e5fc,0xc677dabecdb8
0x45ee80,0x8ac884722760
0x53e5fc,0xa1abd7fe08f8
0x44952d,0xa1abd7fe0998
0x45fe42,0xbf7dd5e601a0
0x45eeb8,0x8ac8847401a0
0x45ee80,0x8ac8847423d0
0x53e65a,0xd79e62ab1c68
0x451882,0x8ac884740988
0x53df0a,0x71d5f3f50f80
0x45eea0,0x8ac88471bf78
0x45ee80,0x8ac884747280
0x451882,0x8ac884746388
0x46d614,0xa67864946380
0x45eeb8,0x8ac8847465a0
0x45eea7,0x8ac88474c650
0x449502,0xd79e62b4b544
0x45ee80,0x4d2bb47c6580
0x494c73,0x5115330c10e0
0x494c73,0x71d5f3f94f80
0x559212,0xbcd57edf8fd0
0x46d75a,0x8ac88471c500
0x460a83,0x8ac88471ebd9
0x45528e,0x8ac884721c74
0x558f9a,0x8ac8847247c0
0x45736c,0x8ac884754718
0x447a14,0x8ac88472b544
0x46d773,0x8ac884756430
0x412c87,0x8ac884727a08
0x4552c0,0x8ac884733544
0x411c2e,0x8ac884735138
0x448b63,0x8ac88475c508
0x4552c0,0x8ac884736c04
0x411c2e,0x8ac884736428
0x411c2e,0x8ac884725718
0x4602e0,0x8ac884738980
0x460a83,0x8ac884739f89
0x46d736,0xfaef35b45a90
0x447a20,0x8ac88473bf50
0x559212,0x8ac88473bd80
0x46d773,0x8ac8847647f0
0x46d75a,0x8ac884720d40
0x45736c,0x8ac884767218
0x448b63,0x8ac884767288
0x4552c0,0x8ac8847447e4
0x4552b0,0x8ac884745a98
0x460a83,0x8ac884745319
0x460bc0,0xb381a59100
0x4552b0,0x8ac88471bd88
0x4552b0,0x8ac884747218
0x46d773,0x8ac884773d30
0x411d2f,0x8ac884747c50
0x53de87,0x7ebb3c81bf70
0x411c2e,0x8ac88474b578
0x4552c0,0x4d2bb47c63b4
0x410700,0x71d0d592dfc0
0x45eea7,0x8ac8847809b0
0x45ee80,0x4d2bb47d0fb0
0x45fdff,0x8ac884753d0c
0x45ee80,0x54c43c6072b0
0x4537e7,0x54c43c6131cc
0x4518c8,0x54c43c615278
0x53e65a,0xd79e62bded58
0x456331,0x8ac88472d790
0x45eea7,0x54c43c61ebe0
0x53e62b,0xd79e62c35120
0x45eeb8,0xe930e6ba98f0
0x45fdd7,0xa040f20a23c0
0x45ee80,0xa5b15261ebc0
0x451882,0xa5b1526211a8
0x448b7a,0xa5b152627c58
0x448b5d,0x8ac884760180
0x45eeb8,0x8ac884734f80
0x45fdfc,0x8ac8847610cc
0x4494f2,0x6c5370373d00
0x45eeb8,0xa5b15263c500
0x449502,0xaff5007e8b84
0x53e62b,0x6c53703a5720
0x4518c8,0xa5b15263a4f8
0x45eea0,0xa5b152645738
0x451882,0x71d0d5921c68
0x45ee80,0xa5b152651340
0x53e62b,0xa7d08ad31c50
0x45ee80,0x71d0d5928ba0
0x451882,0xa5b152655118
0x53df0a,0xaff5007f8990
0x451882,0xa5b15265a4c8
0x45eea7,0xa5b152665330
0x451882,0x8ac8847408e8
0x45eeb8,0xa5b152674700
0x45eeb8,0xa5b152676c30
0x4537e7,0xa5b152678ffc
0x53df0a,0xaff5007e7a20
0x448b5d,0x8ac8847725c0
0x53e65a,0x1a70aa6f1e38
0x53e62b,0x1a70aa6f3d20
0x45fe42,0xd79e62b21c70
0x447a14,0x8ac8847810c4
0x451882,0xbd7c099ed798
0x45eea0,0xbd7c099f1c78
0x46d614,0x1a70aa6f6400
0x448b7a,0x2e448da265b8
0x4537e7,0x2e448da2720c
0x44e194,0xbd7c099f2ea8
0x45fe42,0xbf7dd5e61c70
0x451882,0x2e448da2bca8
0x46d75a,0x54c43c5fe530
0x44e194,0x2e448da40198
0x45eeb8,0x2e448da411b0
0x53e62b,0x1a70aa706580
0x451882,0x2e448da408e8
0x448b7a,0x2e448da472a8
0x44e248,0x2e448da40d48
0x46d773,0x2e448da4c640
0x456198,0x54c43c6010c8
0x456198,0x54c43c6011a8
0x46d614,0xff3c8d621c48
0x451950,0x54c43c6001b8
0x4494ea,0x1a70aa70d788
0x451882,0x54c43c600998
0x53df0a,0xd693287698e8
0x448b7a,0x2e448da66598
0x44e194,0x54c43c606388
0x45ee80,0x2e448da6c1c0
0x46d614,0xff3c8d627a00
0x53df14,0x2c2cbb5cc658
0x45ee89,0x2e448da725f0
0x449502,0xff3c8d5bdc40
0x53e65a,0x2c2cbb432e98
0x53e62b,0x1a70aa7247e0
0x53e62b,0x1a70aa7263a0
0x451882,0x2e448da8d7b8
0x456269,0x54c43c60dfd8
0x44e194,0x2e448da8dfe8
0x447a40,0x54c43c613d00
0x559212,0x54c43c618fd0
0x46d773,0x2e448da9bd90
0x410f2c,0x54c43c6247d8
0x412cc0,0x54c43c636758
0x447a40,0x2e448daa1180
0x447a14,0xe930e6ba5aa4
0x558f9a,0x54c43c63c510
0x447a20,0xa5b15262cda0
0x447a20,0xa5b152632ec0
0x558f9a,0xa5b152632ea0
0x412cc0,0xa5b152639fa8
0x559212,0xa5b1526389a0
0x46d75a,0xa5b152640d60
0x4552b0,0xa5b1526513b8
0x46d75a,0xa5b152660d40
0x46d736,0x2e448dab5270
0x410f2c,0xa5b152671e38
0x45fdfc,0x9895a7cfdc4c
0x4552c0,0xa5b15267ebc4
0x448b83,0x2e448daba4c0
0x46d773,0x9ae076611c70
0x4552b0,0xa5b152692ed8
0x411557,0xa5b152698fcc
0x448b83,0x2e448dabe500
0x45736c,0x1d8d5dacc648
0x410f2c,0x4d2bb47bebc8
0x558f9a,0x2e448da27c50
0x45528e,0x2e448da325c4
0x46d773,0x2e448dac5110
0x411557,0x2e448da331cc
0x45528e,0x2e448da34fa4
0x558f9a,0x2e448da3c530
0x4552b0,0x2e448da47cd8
0x4552b0,0x2e448da50988
0x448b63,0x2e448dacb388
0x46d773,0x7cb73199c520
0x46d773,0x2e448dad0f80
0x447a39,0x2e448da73570
0x412c87,0x2e448da75138
0x410f8a,0x2e448da75260
0x558f9a,0x2e448da7a4f0
0x412cc0,0x2e448da8c668
0x4552b0,0x2e448da8cd88
0x0,0xca49da32cdb0
0x412cc0,0x2e448da90fa8
0x45528e,0x2e448da96c34
0x42d5e0,0x7ebb3c899fac
0x494c73,0xcc2ca38210f0
0x494c73,0x7ebb3c7d4fb0
0x443d2b,0x7ebb3c89e501
0x45ff56,0xca49da32cdb0
0x451882,0x7ebb3c890fa8
0x410c00,0x7ebb3c892e90
0x45ff62,0xd9e9d66098f0
0x45ff7a,0xbf7dd5ee7cec
0x494c73,0xd79e62a58fd0
0x494c73,0x66598a823100
0x494c73,0x8a4feef6b380
0x494c73,0x28e837c90fb0
0x494c7e,0x8a4feef75138
0x494c93,0x6af9d6d201b8
0x447a40,0x8a4feef51350
0x4552b0,0xff3c8d5b5268
0x4494ea,0xf5d9bd0febc8
0x412c87,0x2e448daded58
0x41091b,0x7ff68728bc88
0x47338d,0x2e448dae639c
0x443d2b,0x2e448dae7c71
0x45ff56,0xa7d08ad12ee0
0x410c26,0x2e448daebcb8
0x443d2b,0x2e448daf0f91
0x5405e9,0xd9e9d66408f8
0x45ff56,0xd79e62b9dc50
0x412c87,0x2e448daf1c58
0x45ff4d,0x6c537038d7a8
0x410b32,0x2e448daf6760
0x53cb5b,0xcc2ca38b8fd8
0x45ff62,0xff3c8d5d1e10
0x45ff62,0x66598a7e7290
0x45ff7e,0x878ddf9e658c
0x46d181,0xb381a408c0
0x53cb5b,0xb381a40988
0x45ff90,0xa040f2127c40
0x494c73,0xbf7dd5f913b0
0x4561ac,0x71d0d59325c4
0x45ff89,0xdc4761a98fc0
0x45ff7e,0xa040f204513c
0x45ff7e,0xab2ecf44b3bc
0x53e65a,0xcd28e587dc48
0x45fd16,0x2e448db2e800
0x410f2c,0x2e448db26398
0x448b83,0x2e448db30f80
0x412cc0,0xa7d08ad54fa8
0x53cacd,0xcc2ca37389a8
0x53cacd,0xcc2ca3707cc8
0x410c00,0x2e448db34f88
0x45ff7a,0xdc4761b6513c
0x46d743,0xc8d281c08f8
0x412c87,0x2e448db40d68
0x46d15e,0xa040f2127a20
0x443d2b,0x2e448db4b551
0x46d15e,0xc8d281e11b0
0x412c87,0x2e448db4c1e8
0x473397,0x2e448db4c648
0x53cacd,0x2e448db4e818
0x443d2b,0xbf7dd5eb9101
0x47338d,0xcc2ca381642c
0x456269,0x2e448db5ebc8
0x448b7a,0x2e448daf6418
0x46d633,0x1a70aa732e80
0x449502,0x1a70aa732ec4
0x0,0x28e837c92ea8
0x456269,0x2e448db5ed48
0x558f9a,0x2e448db6c1e0
0x45eeb8,0xa5b152654710
0x447a20,0x2e448db71e30
0x559212,0x2e448daf89a0
0x45ee89,0x2e448db74720
0x42ca41,0x28d7cf594f80
0x45ff4d,0x28e837c8e818
0x45ff4d,0x28e837c92ea8
0x412c87,0x71d0d5932ec8
0x443d2b,0x71d0d595bf41
0x456198,0x71d0d5935108
0x494c73,0x71d0d5963110
0x494c73,0x7ebb3c801c50
0x494c73,0xce138510e830
0x494c73,0xbf7dd5fa08d0
0x494c93,0x71d0d59698f8
0x494c73,0x7ebb3c7bed60
0x494c73,0x7ebb3c7dc500
0x410700,0x5829a6ed9f80
0x447a40,0x5829a6ee2770
0x45ff7e,0xb7ac7a978fcc
0x451882,0x71d0d5933548
0x558f9a,0xafe0999ce800
0x448b7a,0x2e448db4dfc8
0x45eea7,0x202442f2c650
0x4494de,0x1a70aa74c640
0x558f9a,0x2e448db36750
0x53df14,0xcd28e57408e8
0x4552b0,0x2e448db423f8
0x45eeb8,0x2e448db801b0
0x4494de,0x1a70aa752e80
0x44952d,0x1a70aa752ed8
0x45528e,0x2e448db53564
0x45ff89,0x66598a7ba4c0
0x410700,0x5829a6ef4700
0x45ff56,0x1719cc725c0
0x45ff7a,0x8d986902b38c
0x45ff7e,0xcc2ca38e09a0
0x47338d,0x8ac8846d0fac
0x558f9a,0x8ac884715120
0x4561ac,0x8ac884715264
0x5405e9,0x71d0d5891c78
0x463aa3,0x6af9d6d125cc
0x456198,0x6af9d6d12e98
0x4561ac,0x6af9d6d12ed4
0x447a40,0x6af9d6d15100
0x559fe0,0xb66056942768
0x494c97,0xcc2ca3755248
0x4602e0,0xa7d08ad7ebf8
0x558f9a,0xd79e62bbc530
0x46d75a,0xd79e62bc47d0
0x443d2b,0x7cb731b12e91
0x456198,0xd79e62bc3128
0x449824,0x464bc80dbf50
0x45ff7a,0xc8d282401ac
0x45ff62,0x2e448db87220
0x45fd16,0xd79e62bc5a80
0x46d743,0xc8d282f0f88
0x451950,0xd79e62bc23f8
0x53cacd,0xce1385085a88
0x44959d,0x28d7cf5931d0
0x463a96,0x28e837ca08f8
0x412999,0x2e448db8c1e0
0x410800,0xab2ecf3925e0
0x410b32,0x2e448db931f0
0x463a8d,0x71d0d59d0fa8
0x46d18d,0x5115330ec1f0
0x45ff62,0xb3a8ecdd3d00
0x410c26,0x2e448dba01b8
0x42ccad,0xa040f21d8ff0
0x46d743,0x66598a7e7228
0x410800,0x7ebb3c835260
0x45ff7a,0xdc4761ad355c
0x53cb5b,0x203e00140d48
0x47338d,0x2e448dbab544
0x410b90,0x2e448dbab388
0x45ff56,0xce13850f25d0
0x494c82,0x66598a7f8988
0x494c7e,0x66598a807c78
0x494c73,0x66598a825a80
0x46d75a,0x66598a841c70
0x494c73,0xd79e62c40190
0x494c93,0x71d0d5a13578
0x494c73,0x7ebb3c7dbda0
0x494c73,0xa213218b560
0x447a40,0x2e448dbb4f90
0x473397,0xbcd57edf9118
0x46d18d,0xa678649a1180
0x456269,0x55c693e4d7b8
0x494c73,0x28e837c90fb0
0x449609,0xf5d9bd173540
0x46d633,0x1a70aa756c00
0x45eea7,0x8ac88474c650
0x411804,0x46a8494a65b0
0x45ee80,0x55c693e52eb0
0x45ff4d,0x6c5370392e88
0x443d2b,0xdc4761a8b381
0x5405e9,0xce13850c08f8
0x53cacd,0xce13850c09b8
0x5405e9,0x71d0d5a208f8
0x53cacd,0x71d0d5a209b8
0x5405e9,0xcd28e577ed78
0x463e27,0x11faa1774700
0x412755,0x11faa1773550
0x412c87,0x11faa1771c58
0x47338d,0x11faa1771e2c
0x53cb5b,0x71d0d5a27c48
0x412cc0,0x11faa1779f98
0x45ff7e,0xab2ecf44b3bc
0x412c87,0x11faa177e528
0x45ff4d,0x6c5370392ec8
0x473397,0xd79e62b75108
0x46d18d,0x71d0d5a3bf50
0x46d18d,0x3a044725bd90
0x412743,0x11faa1795138
0x46d193,0x71d0d5a47c70
0x46091a,0x11faa179c538
0x463e27,0x11faa17a10e0
0x45fece,0xbf7dd5e61c70
0x463e27,0x11faa17a23d0
0x412743,0x11faa17a2768
0x53cb5b,0x41d09e9c01b8
0x409eee,0x7ebb3c7f6778
0x46d193,0x71d0d5a601b0
0x47338d,0x11faa17a638c
0x46001c,0xd79e62b21c70
0x412cc0,0x11faa1794718
0x412755,0x7cb731a53d00
0x463aa3,0x11faa17be51c
0x443d2b,0xdc4761aa7ce1
0x412743,0x11faa17bdc78
0x409edb,0xd79e62ab1368
0x53cacd,0xd79e62ab1388
0x463a8d,0xdc4761aabcb8
0x443d2b,0x2e448dbbebe1
0x443d2b,0x2e448dbbed41
0x46d18d,0x932ec4047c50
0x53cacd,0x932ec4047cf8
0x443d2b,0xdc4761ab1341
0x46d181,0xcc2ca388c1c0
0x53cb5b,0x11faa17d9138
0x4602e0,0x11faa17debc0
0x4608f0,0xd79e62b13558
0x53cb5b,0x66598a756768
0x412cc0,0x11faa17e3128
0x443d2b,0xdc4761ab5241
0x473397,0x11faa17e8b98
0x53cacd,0xd693286febd8
0x45ff7e,0xb3a8ecde728c
0x46091a,0x11faa17ebcb8
0x53cacd,0xd79e62c4c658
0x412755,0x99d826a023d0
0x443d2b,0x2e448dbc5a81
0x412cc0,0x11faa17fdc78
0x409eee,0x11faa17febf8
0x5405e9,0xce1385127a38
0x4608f0,0xa1abd7fddc68
0x47338d,0x11faa18023dc
0x463aa3,0x11faa180572c
0x47338d,0x11faa1805a8c
0x46d151,0x932ec4087288
0x47338d,0x11faa17f9f9c
0x45ff56,0xb3a8ecd95100
0x5405e9,0x28e837cf1c78
0x46d75a,0x11faa180b390
0x412c87,0x11faa18125f8
0x443d2b,0xce13850b4f81
0x45ff90,0xdc4761ad1e00
0x4608f0,0xf5d9bd198988
0x46d729,0xc8d281c5108
0x53cacd,0xff3c8d5fa4c8
0x463aa3,0x11faa1819fac
0x46091a,0x4741a6425138
0x443d2b,0xdc4761acc641
0x47338d,0x11faa181ebdc
0x45ff7e,0x7cb73199c520
0x412743,0x11faa1820d58
0x46001c,0xa040f20a23c0
0x4115a9,0x11faa1814f80
0x412755,0xff3c8d6223c0
0x47338d,0x11faa18247ec
0x463aa3,0x11faa182c65c
0x46d18d,0x7ebb3c88bcb0
0x45ff4d,0xa7d08ad75108
0x47338d,0x11faa183642c
0x53cacd,0xcc2ca3876748
0x45ff62,0x18291930dfc0
0x53cb5b,0xbf7dd5fc10e8
0x473397,0x11faa183ebd8
0x45ff56,0x66598a83e510
0x47338d,0x11faa184019c
0x473397,0x11faa184dfc8
0x45ff89,0x878ddfa25700
0x412755,0xf5d9bd080980
0x4608f0,0xce13850063b8
0x412c87,0x11faa18525d8
0x46091a,0x11faa17f4728
0x45ff62,0xdc4761af4fb0
0x53cacd,0xafd74f958fe8
0x5405e9,0x11faa1851e38
0x46d18d,0x6c6f1e4c5a80
0x45ff56,0xc8d28316770
0x46d18d,0x878ddf9f8980
0x45ff62,0xf5d9bcff5100
0x473397,0x11faa186bc98
0x409edb,0x11faa185c538
0x45ff62,0xbf7dd6016c20
0x473397,0x11faa1874708
0x45ff62,0xab2ecf387c50
0x4608f0,0xf5d9bd111c78
0x46d151,0xafd74f980988
0x53cb5b,0x71d5f3ee1c48
0x412cc0,0x11faa1879128
0x45ff7e,0xdc4761afc51c
0x4608f0,0xb7ac7a9a0d68
0x443d2b,0xdc4761af2ea1
0x45ff7e,0x464bc80e0d7c
0x45ff7a,0xdc4761b01c7c
0x45ff7e,0xdc4761afe53c
0x443d2b,0xdc4761af4701
0x46d18d,0xcd28e5808ba0
0x409edb,0xcd28e5816418
0x412cce,0x11faa188c651
0x412755,0xcd28e57ee810
0x4608f0,0xa040f2056768
0x409edb,0x2c2cbb474738
0x409edb,0x11faa1891c48
0x412755,0x11faa18925c0
0x473397,0x11faa1893d08
0x45ff7e,0xdc4761b072bc
0x45ff56,0x182919352e90
0x46d18d,0x7ebb3c862770
0x409eee,0x11faa18ad7b8
0x53cb5b,0x7ebb3c84c658
0x46000d,0x6c537033c500
0x45ff56,0x182919362740
0x443d2b,0xdc4761b05321
0x412768,0x11faa18bbd88
0x4608f0,0xf5d9bd0b8fc8
0x47338d,0xd79e62c12e9c
0x45fece,0xff3c8d5e7c40
0x4608f0,0x5115330f5128
0x463aa3,0x11faa18cc1cc
0x46091a,0xff3c8d60d7a8
0x443d2b,0xdc4761b0b3a1
0x47338d,0x11faa18ce81c
0x412743,0x11faa18d0998
0x46d151,0xcd28e5730f88
0x47338d,0x11faa18d356c
0x45fece,0xcc2ca371a4f0
0x53cacd,0xb7ac7a988b88
0x463aa3,0x11faa18d910c
0x47338d,0x11faa18e08cc
0x47338d,0x11faa18e099c
0x53cb5b,0xcd28e5851388
0x45ff89,0xdc4761b2cd80
0x47338d,0x7ff68728dfdc
0x47338d,0x7ff68729139c
0x409edb,0xce138500dfe8
0x45ff7e,0x18291937ebec
0x412c87,0x7ff68728cda8
0x463aa3,0xe7c8f378fdc
0x4115a9,0xe7c8f379100
0x412768,0xe7c8f37a4c8
0x45ff4d,0xa7d08ad75278
0x45ff7e,0x1829193931cc
0x46d181,0xafd74f954700
0x53cb5b,0xe7c8f37bf48
0x463aa3,0xe7c8f37dc4c
0x45ff4d,0x28e837c9ed78
0x45ff4d,0x6c537038dfc8
0x46d773,0xdc4761b210d0
0x46d18d,0xce1384f95270
0x53cb5b,0x49950aa608f8
0x412719,0xe7c8f391c48
0x45ff62,0x1829193a98e0
0x46001c,0x5115331401a0
0x45ff62,0x11faa17b6c10
0x47338d,0xe7c8f398fec
0x45ff62,0x464bc80a7a10
0x46d75a,0xe7c8f3a7220
0x412c87,0xe7c8f3a7288
0x46d193,0xff3c8d62bcb0
0x463aa3,0xe7c8f3ac65c
0x46091a,0xf5d9bd056418
0x46d773,0xdc4761b32e90
0x47338d,0xe7c8f3abcac
0x412768,0xe7c8f3b4708
0x463a96,0x2c2cbb556c00
0x412c87,0xe7c8f3a8ba8
0x53cacd,0xe7c8f3b5258
0x463aa3,0xe7c8f3b911c
0x409edb,0x24d6558cd798
0x45feea,0xcd28e58a23dc
0x443d2b,0x2e448dbe5a81
0x463e27,0xe7c8f3c5120
0x45ff7e,0x464bc80f4f8c
0x45ff62,0x71d0d59c0d60
0x46d75a,0xe7c8f3c5320
0x412cc0,0xe7c8f3cb578
0x412c87,0xe7c8f3ce818
0x46d193,0x7ebb3c8665b0
0x46001c,0x98f5690dbf70
0x409edb,0x71d5f3ee5718
0x5405e9,0xb7ac7aa063b8
0x412719,0xe7c8f3d6748
0x45ff56,0xdc4761b525f0
0x46d773,0x6780b4625ab0
0x45ff7a,0xdc4761b6513c
0x45ff62,0xf5d9bd0909a0
0x443d2b,0xdc4761b41181
0x46091a,0xe7c8f3e47f8
0x443d2b,0xdc4761b43101
0x53cb5b,0xf5d9bcfc65b8
0x4608f0,0xf5d9bd007cc8
0x45ff56,0xdc4761b5ebd0
0x45ff7a,0x1829193e7a2c
0x4608f0,0xb7ac7a9cd7b8
0x47338d,0xe7c8f3f2e9c
0x4608f0,0xbcd57edf4fa8
0x443d2b,0xdc4761b4cda1
0x46d773,0x464bc80e98f0
0x45ff7a,0xce13850210cc
0x409edb,0xe470055e7c78
0x53cb5b,0xe470055e7ce8
0x412743,0xab2ecf35dc48
0x463aa3,0xab2ecf360d4c
0x4608f4,0xcd28e5868b80
0x460050,0xdc4761b53d20
0x409eee,0x7ebb3c7d1e38
0x473397,0xab2ecf3698c8
0x47338d,0xab2ecf368b9c
0x412c87,0xab2ecf36bcb8
0x45ff89,0xdc4761b67a00
0x45ff56,0xdc4761b698f0
0x4608f0,0xf5d9bcfc5318
0x443d2b,0xdc4761b5a4e1
0x443d2b,0x2e448dbebca1
0x53cacd,0xcd28e577ebf8
0x412c87,0x6c5370348bb8
0x53cacd,0xf5d9bd010998
0x45ff7e,0xdc4761b6d79c
0x46091a,0xb7ac7a94c1c8
0x443d2b,0xdc4761b5c501
0x45ff62,0x182919405710
0x46d18d,0xcc2ca3853d10
0x53cb5b,0xbf7dd5fac1c8
0x46d773,0xdc4761b60d50
0x4602e0,0xab2ecf3898c0
0x4602e0,0xab2ecf388bb0
0x46d151,0x71d0d5a39108
0x412755,0xf5d9bd00c1c0
0x473397,0xab2ecf38b388
0x473397,0xab2ecf38c658
0x4608e7,0xab2ecf38d7b8
0x473397,0x6c5370354f98
0x45ff62,0x5829a6ec1c40
0x47338d,0xab2ecf39dc4c
0x443d2b,0xdc4761b672a1
0x45fee6,0xc911b24da4cc
0x47338d,0xab2ecf3a08dc
0x412cc0,0xab2ecf3a7c68
0x4602e0,0xab2ecf3a7ce0
0x409edb,0x66598a7cb3a8
0x4608f0,0xb7ac7a9f31c8
0x460950,0x66598a847c70
0x46001c,0xfdfd3a8c3130
0x53cacd,0xce13851023c8
0x46d18d,0x66598a7d8fc0
0x443d2b,0xdc4761b74711
0x4608f0,0xce1384fba4c8
0x412c87,0xab2ecf3c2768
0x409edb,0x878ddfa01c68
0x473397,0xab2ecf3c1c48
0x46d18d,0xaff500799f80
0x463aa3,0xab2ecf3c531c
0x5405e9,0xb7ac7a9c23f8
0x46091a,0x28d7cf5d31f8
0x463aa3,0xab2ecf3c65ac
0x46d18d,0x71d5f3e8dfd0
0x53cb5b,0x41d09e9d9128
0x463aa3,0xab2ecf3d0f8c
0x46001c,0xc8d283463a0
0x46d773,0xdc4761b7c530
0x45ff62,0x464bc80f0fa0
0x460050,0xdc4761b801a0
0x412743,0xab2ecf3d8fc8
0x47338d,0xab2ecf3d913c
0x53cacd,0x878ddfa3ebc8
0x53cacd,0xf5d9bd08b3a8
0x460950,0xd79e62b07cf0
0x443d2b,0x2c2cbb565121
0x53cacd,0x878ddf9f8fc8
0x45fefd,0x4741a6425700
0x4608f0,0xb1739fbd0fa8
0x473397,0xab2ecf3ec658
0x46001c,0x28d7cf4210c8
0x5405e9,0xf5d9bd0a3138
0x53cb5b,0x49950ab36408
0x463e27,0xab2ecf3f09a0
0x460050,0xdc4761b8cdb0
0x4602e0,0xab2ecf3edfc0
0x46d773,0xdc4761b8e800
0x4115a9,0xab2ecf3f3540
0x463aa3,0xab2ecf3f470c
0x45ff7e,0xce1384fded4c
0x47338d,0xab2ecf3ebc8c
0x443d2b,0x2e448dbfdc51
0x46001c,0x7ebb3c894728
0x443d2b,0xdc4761b93571
0x443d2b,0x2e448dbfebd1
0x409edb,0xe8035e45a4d8
0x473397,0xab2ecf4010c8
0x473397,0xab2ecf401198
0x46d75a,0xab2ecf403100
0x412755,0xcc2ca3791c50
0x4608f0,0x8876f2fc5338
0x463aa3,0xab2ecf407c6c
0x46d75a,0xab2ecf407cc0
0x4608f4,0x28d7cf4e47c0
0x443d2b,0xdc4761b99121
0x463a96,0x2c2cbb567200
0x412719,0xab2ecf41ed48
0x409edb,0x71d5f3fd5128
0x443d2b,0xdc4761ba2751
0x412cc0,0xab2ecf425318
0x412c87,0xab2ecf4265b8
0x53cacd,0xce1384f95118
0x46d743,0xdc4761babcb8
0x4602e0,0xab2ecf41dc60
0x412755,0x28d7cf418980
0x46d181,0xaff5007e6380
0x53cb5b,0xcc2ca3865718
0x45ff62,0xcd28e5765320
0x45ff7e,0xdc4761bbbdac
0x412743,0xab2ecf439118
0x409edb,0x71d5f3ff0f88
0x473397,0xab2ecf43a4c8
0x443d2b,0x7cb731987201
0x463aa3,0xab2ecf43c50c
0x460050,0x7cb731987a20
0x460050,0x7cb731ab31e0
0x4602e0,0xab2ecf438980
0x53cacd,0xcc2ca3842748
0x4602e0,0xab2ecf43dc70
0x443d2b,0x2e448dc05aa1
0x443d2b,0xcd28e5785101
0x412c87,0xab2ecf440188
0x45ff56,0x182919463130
0x46d75a,0xab2ecf436410
0x409edb,0xcc2ca37e47c8
0x463aa3,0xab2ecf44275c
0x45ff56,0xdc4761bc5a90
0x45ff56,0xdc4761bc7a10
0x45ff56,0xa040f20fa4d0
0x4608f0,0xafd74f96e828
0x47338d,0xab2ecf441c7c
0x53cb5b,0x71d5f3f9a4d8
0x412cc0,0xab2ecf4531d8
0x46d18d,0xf5d9bd12b380
0x53cb5b,0x71d5f3ef8988
0x47338d,0xab2ecf45471c
0x412c87,0xab2ecf456768
0x45ff62,0x1829194731c0
0x53cb5b,0xf5d9bd134708
0x46091a,0x4741a6432eb8
0x46d729,0x4741a6432ec8
0x0,0x28e837c92ec0
0x45ff56,0x182919476c20
0x4602e0,0x7cbb54263100
0x463a8d,0xdc4761bbed68
0x45ff4d,0xa7d08ad75108
0x47338d,0x4e5a10f9dc5c
0x460050,0xdc4761bc1c70
0x46d75a,0x4e5a10f9ebe0
0x5405e9,0xcc2ca37f6778
0x412743,0x4e5a10f9ed78
0x46d773,0x464bc80f25d0
0x411557,0x4e5a10fabc8c
0x45ff7e,0xdc4761bd1e0c
0x45ff62,0xb7ac7a92c1c0
0x412743,0x4e5a10fadfe8
0x53cacd,0x11faa172bc88
0x463e27,0xafe0999c7230
0x412743,0xafe0999c8ba8
0x46d193,0xcd28e575e530
0x53cacd,0xcc2ca38bbf58
0x4608f4,0xa040f21c6380
0x4602e0,0xafe0999cd7b0
0x53cb5b,0xb381a4cd88
0x412c87,0xafe0999d89b8
0x53cacd,0x2c2cbb4bbda8
0x46d75a,0xafe0999dbdb0
0x412743,0xafe0999dbf48
0x463a96,0x2c2cbb56d780
0x46001c,0x28e837cf1e38
0x412cce,0xafe0999e23d1
0x5405e9,0xafe0999debf8
0x45ff56,0xd9e9d66423e0
0x409edb,0x32bd14b925e8
0x443d2b,0xdc4761bd2ed1
0x45ff90,0xdc4761be0980
0x45ff7e,0xdc4761be10dc
0x46d18d,0xc9394d38b550
0x412c87,0x8f7ac396dff8
0x45ff62,0xf775d3147210
0x5405e9,0xb381a39fb8
0x46d193,0x71d0d5a1ed70
0x4115a9,0x8f7ac396c640
0x46091a,0xb1739fbcc1c8
0x46001c,0x4741a6418fd8
0x409edb,0xb1739fbd1c78
0x45ff56,0x60dc49c5ed40
0x46d773,0xdc4761bdebf0
0x46091a,0x1719cc66388
0x460050,0xdc4761be08e0
0x412cc0,0xdc47619e6588
0x4608f0,0x932ec4071c68
0x45ff62,0xbf7dd5f3a4d0
0x460050,0x464bc80f6770
0x412c87,0x464bc80d0fb8
0x412c87,0xdc47619f9108
0x46d18d,0xdc47619f5250
0x45ff56,0xbf7dd5e5ed60
0x46d75a,0xdc4761a047f0
0x443d2b,0x1ae6b1e86591
0x46d151,0xdc4761a05308
0x463a8d,0x60dc49c5bda8
0x412719,0xdc4761a0b548
0x4602e0,0xdc4761a0e820
0x463e27,0x464bc80d3d30
0x473397,0xdc4761a223c8
0x45ff56,0x7cb731a4b540
0x4608f0,0x932ec40465b8
0x443d2b,0x6b6a95996401
0x46091a,0x3a044724bcb8
0x53cacd,0xcc2ca37b89b8
0x47338d,0xdc4761a2e83c
0x463e27,0xdc4761a31c50
0x409edb,0x4d2bb47c5108
0x4608f0,0x71d0d5a623d8
0x412743,0xdc4761a3ebe8
0x47338d,0xdc4761a3ed5c
0x46d75a,0xdc4761a472a0
0x409edb,0x71d5f3e1ebf8
0x463aa3,0xdc4761a4b55c
0x463e27,0xdc4761a4b3b0
0x5405e9,0xdc4761a45738
0x46001c,0xcd28e57ce808
0x4608f0,0x28d7cf487238
0x45ff62,0x71d0d593a4f0
0x45ff62,0xd69328793550
0x443d2b,0xf775d3155131
0x45ff56,0xce13851065b0
0x409edb,0x99d8269ed7b8
0x463aa3,0xdc4761a5674c
0x45ff56,0x557be3007a20
0x463a8d,0xf775d3159fa8
0x45ff7e,0xd79e62aa11ac
0x45ff56,0xa040f20fdc50
0x473397,0xdc4761a58fd8
0x45ff7a,0xb7ac7a978fcc
0x53cacd,0x66598a7b2e98
0x53cb5b,0x66598a7b2ed8
0x46091a,0xbf7dd5e66398
0x412cce,0xdc4761a66391
0x412cce,0xdc4761a498d1
0x53cb5b,0xdc4761a67a18
0x46091a,0xbf7dd5e7bf68
0x412743,0xdc4761a6dfc8
0x53cb5b,0xdc4761a6cd88
0x45ff62,0x7ebb3c7d5130
0x47338d,0xdc4761a7135c
0x463aa3,0xdc4761a463bc
0x412743,0xdc4761a465a8
0x412c87,0xdc4761a76768
0x46d18d,0xdc4761a72eb0
0x46d151,0xdc4761a72ec8
0x53cb5b,0xd79e62a8e838
0x46d18d,0xdc4761a74710
0x463a8d,0xf775d316b3b8
0x45ff4d,0x28e837c8e818
0x412755,0xbf7dd5e93d00
0x473397,0xdc4761a43108
0x46d773,0xf775d316cd90
0x409edb,0xd79e62b531c8
0x463e27,0xdc4761a7e500
0x45ff7a,0x18291947bdbc
0x473397,0xdc4761a7dc48
0x412c87,0xdc4761a40d48
0x4608e7,0xdc4761a810f8
0x4602e0,0xdc4761a823f0
0x45ff56,0x1719cc725c0
0x45ff7a,0x8d986902b38c
0x45ff7e,0xcc2ca38e09a0
0x47338d,0xdc4761a847ec
0x443d2b,0x2c2cbb5731c1
0x53cb5b,0xbf7dd5ec1188
0x463a8d,0x464bc80dbf50
0x45eebb,0x28e837ce3118
0x45ee80,0x11faa1812ed0
0x45eea0,0x11faa1812eb8
0x494c73,0xce13850a8ba0
0x412c87,0x11faa18125f8
0x46d75a,0xf775d31a08e0
0x412cc0,0xf775d31a0998
0x412c87,0xf775d31a5328
0x412cc0,0xf775d31ab3b8
0x410c00,0xf775d31b31e8
0x47338d,0xf775d31b354c
0x42ccad,0x71d5f3e8c1f0
0x47338d,0xf775d31c1c74
0x47338d,0xf775d31c47fc
0x53cacd,0xf775d31c08e8
0x463a8d,0xb3a8ecda7c68
0x463e27,0x743fcfb4e830
0x46d151,0x735ce4b80188
0x410725,0x743fcfb525c0
0x463a96,0x2c2cbb545310
0x410800,0x71d5f3e4c670
0x46d773,0x71d5f3f21c70
0x463aa3,0x743fcfb61c4c
0x463a8d,0xf5d9bd0f25e8
0x4106a7,0x2c2cbb5c5108
0x47338d,0x743fcfb6cda4
0x53cacd,0xa1abd7fded58
0x473397,0x743fcfb6e810
0x53cacd,0xbf7dd5f96c18
0x412c87,0x743fcfb7ebd8
0x410887,0x743fcfb7ed40
0x45ff56,0xb3a8ecdd3d00
0x45ff56,0xce1384fab560
0x463aa3,0x9fb38626277c
0x443d2b,0xae256cd40d71
0x463a96,0x2c2cbb545710
0x46d75a,0xd4a386a8bcb0
0x410800,0xbf7dd5fc10e8
0x42ccad,0xbf7dd5fc11a0
0x410c00,0xf64c9e7a28
0x47338d,0xf64c9e7c54
0x473397,0xf64c9ec650
0x45ff7a,0xb3a8ecde728c
0x47338d,0xf64c9f898c
0x5405e9,0xf64c9f09b8
0x46d75a,0xf64c9fe530
0x47338d,0xf64ca001b4
0x410b32,0xf64ca05a80
0x42ccad,0xbf7dd5feb380
0x463a96,0x2c2cbb545a98
0x47338d,0x73d6b45b3544
0x463aa3,0x73d6b45b6c2c
0x47338d,0x73d6b45b512c
0x53cacd,0xbf7dd602dfd8
0x45ff56,0x182919352e90
0x410b32,0x73d6b45c5130
0x47338d,0x73d6b45c5314
0x46001c,0xcc2ca38e2748
0x4115a9,0x9895a7bb9100
0x410800,0xaa4eb5de1c70
0x443d2b,0xae256cd53d21
0x46001c,0x4741a6420188
0x47338d,0x9895a7bc8b94
0x42ccad,0xaa4eb5df3560
0x473397,0x9895a7bcd798
0x53cacd,0x9895a7bc5308
0x46d181,0x99d8269e0d40
0x410c26,0x9895a7bd5278
0x45ff56,0x18291930dfc0
0x46001c,0xc8d282a5a88
0x411557,0x9895a7bf25cc
0x47338d,0x9895a7bf6754
0x47338d,0x9895a7bf9134
0x53cb5b,0x9895a7bf3558
0x410b32,0x9895a7bfe530
0x42ccad,0x1719cc95240
0x412c87,0x9895a7c047c8
0x53cacd,0xc8d2817bd98
0x410b32,0x9895a7c06380
0x473397,0x9895a7c06580
0x443d2b,0xae256cd5bf51
0x45ff56,0xab2ecf387c50
0x45ff56,0x18291932c1f0
0x53cb5b,0x9895a7c19f98
0x46d773,0xc8d281a3120
0x53cacd,0x9895a7c208e8
0x45ff62,0xf5d9bcff5100
0x410b90,0x9895a7c30988
0x412cc0,0x9895a7c35118
0x443d2b,0xae256cd623c1
0x473397,0x9895a7c3a4d8
0x463a8d,0x1829193272b8
0x463aa3,0x9895a7c4099c
0x47338d,0x9895a7c40d64
0x410b32,0x9895a7c46390
0x473397,0x9895a7c46590
0x46001c,0x28e837cfdc78
0x46d15e,0x18291932dfe0
0x4602e0,0x9895a7c56770
0x463aa3,0x9895a7c5912c
0x47338d,0x9895a7c611b4
0x410725,0x9895a7c610c0
0x412cc0,0x9895a7c6c1e8
0x409eee,0xc8d28202778
0x410b32,0x9895a7c7e520
0x46d75a,0x9895a7c80d70
0x45ff7a,0x18291937ebec
0x46d773,0x511533133560
0x463e27,0x9895a7c8cda0
0x45ff62,0x182919362740
0x47338d,0x9895a7c91394
0x42ccad,0x878ddfa210c0
0x46d15e,0x182919345a80
0x46d773,0x71d5f3e2b570
0x46d75a,0x9895a7ca3110
0x53cacd,0xc8d2824b548
0x45ff56,0xff3c8d5e7c40
0x47338d,0x9895a7cb8ff4
0x5405e9,0x9895a7cb6c38
0x410c00,0x9895a7cc65b8
0x45ff56,0xcc2ca371a4f0
0x53cb5b,0xbf7dd6002748
0x410c00,0x9895a7cd1358
0x410b32,0x9895a7cd13a0
0x45fef6,0x18291937a4c0
0x412cc0,0x9895a7cd89b8
0x53cacd,0xbf7dd5f08ba8
0x46d193,0x9895a7cd9130
0x41091b,0x49950ab2c648
0x463a96,0x2c2cbb556408
0x47338d,0x9895a7ce5114
0x47338d,0x9895a7ce531c
0x5405e9,0xc8d28299fb8
0x410c00,0x9895a7cedff8
0x46d18d,0x9895a7ce7a10
0x5405e9,0xc8d282a1c78
0x410c26,0x9895a7cf4738
0x46d75a,0x9895a7cf9f90
0x463e27,0x9895a7d05330
0x45ff4d,0x6c537038dfc8
0x45ff7e,0x1829193931cc
0x410887,0x9895a7d05700
0x46d773,0xc8d282c0990
0x463e27,0x9895a7d0dff0
0x46d75a,0x9895a7d0c1f0
0x410c26,0x9895a7d14738
0x463a96,0x2c2cbb556740
0x42ccad,0x66598a799100
0x47338d,0x9895a7d19fbc
0x412cce,0x9895a7d1c511
0x443d2b,0xd05626c1dc51
0x46d15e,0xd69328776c20
0x45ff62,0x1829193a98e0
0x4602e0,0x9895a7d247f0
0x443d2b,0x182919390fb1
0x4115a9,0x9895a7d2dfc0
0x41091b,0x878ddf9d9108
0x53cb5b,0x11faa1778998
0x463e27,0x9895a7d39110
0x46d18d,0x9895a7d36410
0x410887,0x9895a7d41c40
0x473397,0x9895a7d45710
0x53cb5b,0x9895a7d3dc68
0x463e27,0x9895a7d472a0
0x463aa3,0x9895a7d4b57c
0x412cc0,0x9895a7d63128
0x47338d,0x9895a7d67cf4
0x47338d,0x9895a7d73d14
0x410c00,0x9895a7d76428
0x46d773,0xcc2ca38389b0
0x53cb5b,0xcc2ca3785738
0x46d151,0x9895a7d7dc48
0x53cb5b,0xbcd57edfbd98
0x412c87,0x9895a7d8e808
0x443d2b,0x1829193c11a1
0x45ff7e,0x2c2cbb4f136c
0x53cb5b,0x66598a82dfc8
0x463e27,0x9895a7da7c70
0x46d773,0x71d5f3e9bf40
0x46d18d,0x9895a7dabca0
0x410c26,0xfaef359b1c78
0x45ff7a,0x1829193e7a2c
0x46d773,0xff3c8d5f4fb0
0x46d18d,0xfaef359b25d0
0x473397,0xfaef359bed58
0x410c00,0xfaef359c10e8
0x463a8d,0x2c2cbb4f13a8
0x42ccad,0x878ddfa32ea0
0x53cacd,0x878ddfa32ec8
0x53cacd,0xfaef359c5138
0x47338d,0xfaef359d0f9c
0x443d2b,0xd05626c34fb1
0x412cce,0xfaef359d3551
0x46d773,0xfc47cbc2d790
0x46d75a,0xfaef359debf0
0x410c26,0xfaef359ded78
0x410b32,0xfaef359e65b0
0x463a8d,0xf5d9bd1731f8
0x46d773,0xd9e9d65e1190
0x463e27,0xfaef359f1c50
0x46001c,0x66598a7ecda8
0x412c87,0xfaef359fdc68
0x45ff56,0x182919405710
0x412c87,0xfaef35a05128
0x473397,0xfaef35a0dfd0
0x473397,0xfaef35a0c1d8
0x4115a9,0xfaef35a11c40
0x47338d,0xfaef35a11e14
0x53cacd,0xdc4761a8d798
0x463a8d,0x11faa17a5aa8
0x443d2b,0xd05626c408e1
0x412c87,0xfaef35a19f98
0x45ff7e,0x18291941bf6c
0x410c00,0xfaef35a25a98
0x46d18d,0xfaef35a1ed70
0x47338d,0xfaef35a298cc
0x46d18d,0xfaef35a223c0
0x463aa3,0xfaef35a2cdac
0x460050,0x1829194063b0
0x53cb5b,0xa980922fdc68
0x410c00,0xfaef35a3bd88
0x463e27,0xfaef35a45110
0x46d75a,0xfaef35a45310
0x53cb5b,0xce1384fb25d8
0x46d773,0xce1384ff4710
0x4106a7,0xd9e9d65ebc88
0x45ff62,0x1829194609a0
0x410c00,0xfaef35a525e8
0x45ff56,0x182919436400
0x410c00,0xfaef35a589a8
0x46d15e,0x18291941bdb0
0x460050,0xcd28e5741c60
0x47338d,0xfaef35a610c4
0x45ff56,0xfdfd3a8c3130
0x46d75a,0xfaef35a76410
0x46d773,0xd6fa9538b560
0x47338d,0xfaef35a7dc7c
0x46d75a,0xfaef35a801b0
0x46d15e,0x182919433d30
0x45ff56,0xc8d283463a0
0x42ccad,0xcd28e5828bb0
0x463e27,0xfaef35a925f0
0x463aa3,0xfaef35a9511c
0x4115a9,0xfaef35a95240
0x463aa3,0xfaef35aa571c
0x46d18d,0xfaef35a9c530
0x53cb5b,0xfaef35aa6598
0x47338d,0xfaef35ab09bc
0x53cb5b,0xcc2ca37cdff8
0x46d151,0xff3c8d5f8988
0x410700,0xfaef35ac08c0
0x409eee,0x11e281df5278
0x443d2b,0xfaef35b91e31
0x411557,0xfaef35acb38c
0x47338d,0xfaef35acb564
0x443d2b,0xbf7dd5ffbf51
0x410b32,0xfaef35ad31f0
0x410887,0xfaef35ad6c10
0x412cc0,0xfaef35ada4d8
0x42ccad,0x71d5f3eb0f80
0x410700,0xfaef35ae0980
0x410b90,0xfaef35ae08c8
0x4602e0,0xfaef35ae5130
0x463aa3,0xfaef35aec1ec
0x47338d,0xfaef35af0f94
0x53cb5b,0xfaef35ae7c78
0x463a96,0x2c2cbb567290
0x41091b,0xcc2ca37ce808
0x463aa3,0xfaef35af9f8c
0x4106a7,0x71d0d5920188
0x463e27,0xfaef35b011a0
0x53cb5b,0x71d0d58931e8
0x473397,0xfaef35b03110
0x412cc0,0xfaef35b0c1f8
0x46d15e,0x182919452e90
0x410c26,0xfaef35b14738
0x412cc0,0xfaef35b18fe8
0x46d773,0x71d0d5895130
0x46d18d,0xfaef35b2b560
0x463a8d,0x18291945bf68
0x47338d,0xfaef35b3c53c
0x46d18d,0xdc4761aecda0
0x46d193,0xca49da3725f0
0x45ff62,0x182919463130
0x45ff62,0xcd28e5765320
0x47338d,0xfaef35b43124
0x443d2b,0xd05626c72ec1
0x5405e9,0x71d0d59dbdb8
0x411557,0xfaef35b5354c
0x463a8d,0x1829194623e8
0x46d18d,0xb7ac7aa0d780
0x46d773,0x66598a7da4f0
0x463e27,0xfaef35b623e0
0x45ff7e,0x18291947bdbc
0x45ff56,0xa040f20fa4d0
0x410b32,0xfaef35b62770
0x53cacd,0x28e837c8cd98
0x463a96,0x2c2cbb567c58
0x47338d,0xfaef35b6d7a4
0x46d15e,0xcd28e5765110
0x53cb5b,0x71d0d5a0c1e8
0x45ff62,0x1829194731c0
0x46d773,0x28d7cf4263b0
0x46d75a,0xfaef35b80990
0x463aa3,0xfaef35b8531c
0x473397,0xfaef35b85700
0x46d18d,0xcc2ca3845300
0x45ff56,0x182919476c20
0x42ccad,0x71d0d5a1e530
0x473397,0xfaef35b87218
0x46d773,0xd79e62bb6410
0x46d15e,0x6c6f1e4c6590
0x443d2b,0x182919471391
0x46d18d,0xfaef35b91340
0x443d2b,0xd05626c7ed51
0x412c87,0xfaef35b9bdb8
0x443d2b,0xd05626c808f1
0x46d181,0xfaef35b99100
0x410c00,0xfaef35ba5ab8
0x46d15e,0x182919474fb0
0x45ff56,0xd9e9d66423e0
0x53cb5b,0xcc2ca36f5108
0x412cc0,0x202442f1bf48
0x47338d,0x202442f19134
0x47338d,0x202442f1ebe4
0x42ccad,0x71d0d5a54730
0x410b32,0x202442f25720
0x463e27,0x202442f2bcb0
0x443d2b,0x182919480191
0x53cb5b,0x202442f22768
0x47338d,0x202442f3471c
0x473397,0x202442f35118
0x45ff7a,0x4e5a10fa532c
0x53cb5b,0x41d09e9ac1e8
0x46d75a,0x54c4531611b0
0x47338d,0x54c4531698e4
0x412cce,0x54c45316dfd1
0x47338d,0x54c45316c1f4
0x412c87,0x54c4531709a8
0x463a8d,0xcc2ca38a08e8
0x463e27,0x54c45317a4f0
0x473397,0x54c45317e510
0x473397,0x54c453185100
0x45ff56,0xbf7dd5e5ed60
0x412c87,0x54c45318d7b8
0x46d773,0x932ec40623d0
0x46d18d,0x54c453187220
0x53cb5b,0x8d9869025ab8
0x42ccad,0xce1385034fa0
0x47338d,0x54c4531a511c
0x41091b,0x309dcdc498c8
0x410c00,0x54c4531ac1c8
0x53cb5b,0x54c4531a7218
0x4115a9,0x54c4531b9f80
0x46d75a,0x54c4531bdc60
0x410b32,0x54c4531c8b90
0x5405e9,0x54c4531c2778
0x53cacd,0x932ec4091348
0x463e27,0x54c4531cc1e0
0x409eee,0xcd28e57d6c38
0x5405e9,0x54c4531c98f8
0x443d2b,0x18291949bf41
0x53cb5b,0x54c4531cdfd8
0x53cb5b,0xcd28e57b0f98
0x47338d,0x54c4531d6424
0x53cacd,0xc9394d38c668
0x47338d,0x54c4531ddc54
0x456171,0x54c4531fe524
0x45eebb,0x28e837ce3118
0x45fdd3,0x6c537038dfc8
0x473397,0x54c453205a80
0x443d2b,0x25ce5cd60181
0x473397,0x54c45320bc80
0x4537e7,0x25ce5cd6530c
0x473397,0x54c453212ec0
0x47338d,0x54c453212ea4
0x456198,0x54c4532113a8
0x47338d,0x54c453219fa4
0x45eea7,0x25ce5cd6b3b0
0x4537e7,0x25ce5cd6b55c
0x45ff56,0x557be3007a20
0x47338d,0x54c453225114
0x4561ac,0x54c453225724
0x412c87,0x54c45322dfd8
0x45eeb8,0x54c453233d00
0x46d773,0x71d0d59f4fa0
0x447a40,0x54c45323bdb0
0x443d2b,0x7ebb3c7ec661
0x45ff7a,0x557be3013d2c
0x46d736,0x557be3005ab0
0x451882,0x54c4532472a8
0x46d743,0x557be300b578
0x410c00,0x543845932ee8
0x4537e7,0x25ce5cd8c66c
0x410b90,0x543845932e88
0x456198,0x543845938988
0x4602e0,0x543845939fb0
0x558f9a,0x2f27957309b0
0x448b5a,0x2f2795731e08
0x46d75a,0x2f2795736c30
0x451882,0xb6605691c508
0x463a96,0xcc2ca38d8998
0x443d2b,0x557be3010f91
0x4602e0,0xa60a0cc298f0
0x456198,0xb3a8ecd6dfe8
0x45eeb8,0xb3a8ecd6c1d0
0x46d75a,0xb3a8ecd73560
0x460050,0xdc4761a19120
0x412c87,0xb3a8ecd7a4f8
0x443d2b,0x878ddfa23131
0x47338d,0xb3a8ecd801a4
0x412cce,0xb3a8ecd86391
0x47338d,0xb3a8ecd865b4
0x45ee80,0x25ce5cda5310
0x456198,0xb3a8ecd8c648
0x45eea7,0x25ce5cda7a10
0x463e27,0xb3a8ecd94f90
0x412c87,0xb3a8ecd931f8
0x45ee80,0xb3a8ecd93d00
0x47338d,0x25ce5cd623d4
0x42f54e,0x25ce5cdad7a0
0x46d75a,0x25ce5cd6d7b0
0x46d773,0x25ce5cdb0980
0x46d736,0x25ce5cdb6c30
0x47338d,0x25ce5cdb5104
0x46d75a,0x25ce5cd863a0
0x46d736,0x25ce5cdbbf70
0x45fd16,0x25ce5cdbdc40
0x42f4e4,0x2f2795734fa0
0x46d773,0x25ce5cdbed40
0x449824,0x25ce5cdc0990
0x46d736,0x25ce5cdc08c0
0x449824,0x25ce5cdc11b0
0x46d736,0x25ce5cdc10e0
0x463a96,0x557be3012ee8
0x47338d,0x25ce5cdc5114
0x45ff7a,0x878ddf9e658c
0x463a96,0x2c2cbb545120
0x473397,0xb3a8ecd9dc40
0x53cacd,0xd9e9d66325e8
0x47338d,0xb3a8ecda118c
0x443d2b,0x557be30201a1
0x46d15e,0x557be3020d40
0x410b32,0xb3a8ecdb1c70
0x46d75a,0xb3a8ecdb6c10
0x443d2b,0x25ce5cdd1c61
0x473397,0xb3a8ecdb8980
0x410c00,0xb3a8ecdb9118
0x45ff7a,0xa040f2056c1c
0x53cb5b,0x71d0d58e8b88
0x46d743,0x557be30298f8
0x412c87,0xb3a8ecddbda8
0x41091b,0x71d0d59e7a08
0x463e27,0xb3a8ecde1c70
0x42ccad,0xb7ac7a932e80
0x46d18d,0xb3a8ecddc510
0x463a8d,0x557be302b3a8
0x443d2b,0x557be302c1e1
0x463aa3,0x32b6beff1e2c
0x53cacd,0xe470055f3d28
0x463aa3,0x32b6beff357c
0x45ff62,0x28e837cfdc78
0x410c26,0x1829192ec1f8
0x46001c,0x7ebb3c7d5130
0x45ff89,0x557be3036400
0x410b32,0x1829192f6750
0x443d2b,0x25ce5cddebf1
0x443d2b,0x25ce5cdded51
0x463e27,0x11faa1854720
0x45ff62,0x4741a6420188
0x42ccad,0x7ebb3c896c30
0x463aa3,0x18291930bc8c
0x46d15e,0x557be3031350
0x463aa3,0x18291930c67c
0x410b32,0x18291931a4c0
0x410c00,0x18291931ebc8
0x473397,0x18291931ed40
0x46d15e,0x557be3032ed0
0x45ff56,0xbf7dd6027cc0
0x463a96,0x2c2cbb54e820
0x473397,0x182919323100
0x53cacd,0x1829193223c8
0x409eee,0x71d5f3fce838
0x46d773,0x8d9869022740
0x463aa3,0x18291933898c
0x45ff62,0xcc2ca38e2748
0x4602e0,0x18291933a4f0
0x443d2b,0xab2ecf412ef1
0x443d2b,0x557be3039101
0x410b32,0x18291934cd90
0x411557,0x182919351c4c
0x47338d,0x182919351e24
0x53cb5b,0xd693287208f8
0x463a8d,0x557be303c538
0x53cb5b,0x3a0447279f88
0x463aa3,0x182919361c4c
0x47338d,0x182919372ebc
0x473397,0x182919372ed8
0x46d193,0xff3c8d6209b0
0x42ccad,0xc8d282a7a30
0x460050,0x71d0d589bdb0
0x410c00,0x18291939dc78
0x5405e9,0xdc4761b88bb8
0x53cacd,0xb7ac7a9a7a18
0x53cb5b,0x18291939bf48
0x410725,0x1829193a3100
0x46d18d,0x18291939ebe0
0x443d2b,0x25ce5cdf1e01
0x53cacd,0x71d5f3f0c1c8
0x45fece,0xf5d9bcff5100
0x47338d,0x1829193b2ef4
0x53cacd,0x1829193a5aa8
0x46d75a,0x1829193b6c10
0x53cacd,0x1829193b3d08
0x53cacd,0xff3c8d627c48
0x412cc0,0x1829193cc668
0x463a8d,0xf5d9bcfe7cf8
0x473397,0x1829193d1e18
0x42ccad,0xb7ac7a9d0980
0x45ff62,0xc8d282a5a88
0x46d743,0x557be3050fb8
0x412c87,0x1829193e10c8
0x410c00,0x1829193e11a8
0x463aa3,0x1829193e63bc
0x410b32,0x1829193e65a0
0x463e27,0x1829193f9f90
0x45ff62,0x9895a7c931c0
0x46d773,0xce1384f8bc90
0x47338d,0x182919410984
0x4106a7,0x5829a6ee6588
0x46d193,0xfaef35a33d30
0x412c87,0x1829194201a8
0x46d773,0xd79e62b79f80
0x53cb5b,0x182919411c78
0x410b90,0x182919426388
0x45ff62,0xd69328774f80
0x46d18d,0xfaef35a60d70
0x46d18d,0x182919427290
0x46d151,0x1829194a2748
0x46001c,0xa040f20a23c8
0x53cb5b,0x1829194abcb8
0x443d2b,0x25ce5ce02751
0x45ff56,0x1719cc60180
0x46d743,0xa040f2062778
0x53cb5b,0x71d5f3ffc518
0x53cb5b,0x1829194cb558
0x412c87,0x1829194d9f88
0x42ccad,0x71d5f3fd5250
0x412cc0,0x557be2fb8ff8
0x443d2b,0x25ce5ce0b541
0x46d773,0x28d7cf5663a0
0x47338d,0x557be2fbe524
0x460050,0x557be3071e20
0x443d2b,0x2e448dc20d71
0x5405e9,0x8876f2fcc1f8
0x5405e9,0xa040f2151e38
0x412c87,0x557be2fd1c58
0x53cacd,0xf5d9bcfd1358
0x53cb5b,0xf5d9bcfd13a8
0x463aa3,0x557be2fd357c
0x409eee,0xf5d9bcfd9fb8
0x46d18d,0x557be2fd6770
0x45ff62,0xbf7dd5f3a4d0
0x410887,0x557be2fe5110
0x53cacd,0x557be2fe10c8
0x45ff7e,0xbf7dd5ee7cec
0x46d773,0x4741a64423f0
0x410b90,0x557be2fe7a08
0x443d2b,0x25ce5ce14f91
0x46d18d,0x66598a848ba0
0x46001c,0xce1384fab560
0x410887,0x557be2ff25d0
0x463a96,0x5829a6ee1c40
0x45ff7a,0x9895a7cfdc4c
0x45ff56,0xd79e62b21c70
0x45ff4d,0x6c5370392ec8
0x53cb5b,0xbf7dd5f91368
0x45ff7e,0xd79e62aa11ac
0x443d2b,0x2c2cbb475241
0x47338d,0x7ebb3c80bcac
0x45ff4d,0x6c537038dfc8
0x53cacd,0x66598a7a7208
0x411557,0x7ebb3c811c4c
0x473397,0x7ebb3c814f98
0x412743,0x7ebb3c818fe8
0x443d2b,0x7ebb3c873551
0x460050,0x7ebb3c875270
0x460050,0x7ebb3c879130
0x46d75a,0x7ebb3c82b550
0x53cacd,0x66598a774708
0x4518c8,0x7ebb3c807a38
0x45eebb,0x28e837ce3118
0x53df14,0x4d2bb47c1c78
0x53e0c1,0xab2ecf3925e0
0x45ee80,0x7ebb3c811390
0x45eea0,0x7ebb3c811378
0x53e0c1,0x5115330ec1e0
0x53df14,0xd79e62c27c68
0x4494f2,0xcd28e5767c40
0x456269,0x7ebb3c7fbd98
0x53df14,0xd9e9d65dc528
0x53e0c1,0x7ebb3c835260
0x456269,0x7ebb3c7fbf48
0x449502,0xe2032d899104
0x46d633,0xcd28e576dfd0
0x46d633,0xcd28e576e810
0x451882,0x7ebb3c81dc48
0x448b7a,0x7ebb3c8272a8
0x53e083,0xce13850c08f8
0x53e487,0xce13850c09b8
0x448b7a,0x7ebb3c82b398
0x45ee80,0x7ebb3c7fa4c0
0x494c97,0x7ebb3c832ef8
0x494c73,0x7ebb3c836400
0x494c93,0x7ebb3c841c78
0x494c73,0x7ebb3c845aa0
0x494c73,0xd79e62c27200
0x494c73,0x7ebb3c855270
0x494c73,0x7ebb3c85dc50
0x46d736,0x7ebb3c86e830
0x46d736,0x7ebb3c873d30
0x4552b0,0x7ebb3c8208c8
0x4552b0,0x7ebb3c8209a8
0x411d2f,0x7ebb3c8223e0
0x4552c0,0x7ebb3c827c74
0x558f9a,0x7ebb3c827cd0
0x4552c0,0x7ebb3c82bc84
0x53e083,0x71d0d5a208f8
0x53e487,0x71d0d5a209b8
0x443d2b,0xf775d317bda1
0x473397,0x24d6558d4f90
0x447a40,0x24d6558d3540
0x4518c8,0x24d6558d25f8
0x463a96,0xdd2838a59100
0x47338d,0x24d6558ddc74
0x410700,0x24d6558e5700
0x473397,0x24d6558e5a90
0x448b63,0xd9e9d6682748
0x46d743,0xdd2838a5e538
0x451882,0x24d6558eb578
0x451882,0x24d6558f3568
0x46d743,0xdd2838a610f8
0x47338d,0x24d655903124
0x41091b,0xc48ca901bf48
0x456198,0x24d65590cdb8
0x4602e0,0x24d65590c670
0x412c87,0x24d655913d28
0x558f9a,0x24d6559125d0
0x456198,0x24d65591bd98
0x45ee80,0xf775d318d7b0
0x46d75a,0xf775d3180d70
0x46d75a,0xf775d3187a00
0x46d75a,0xf775d318bcb0
0x449824,0xbf7dd5e80d60
0x45fd16,0xbf7dd5ef25c0
0x410f25,0x7ebb3c885a80
0x412cce,0x24d655935111
0x410725,0x24d655935240
0x412cc0,0x24d65593c508
0x443d2b,0xf775d3192e81
0x443d2b,0xf775d3193d31
0x410b32,0xd7cc94e16400
0x460050,0x2c2cbb5298e0
0x410c00,0xd7cc94e1bd98
0x412c87,0xdd2838a2e828
0x411557,0xdd2838a331cc
0x46d773,0xf5d9bd033550
0x47338d,0xdd2838a463a4
0x443d2b,0xf775d31989a1
0x46d18d,0x878ddfa31e00
0x45ff7e,0xca49da3c8b8c
0x46d75a,0xdd2838a53d30
0x46d18d,0x878ddfa009b0
0x46d773,0xc8d282a7cf0
0x443d2b,0x66598a762771
0x412c87,0x11faa18125f8
0x53e083,0xcd28e577ed78
0x451950,0x24d6558c1c78
0x45eea7,0x24d6558c6390
0x448b7a,0x24d6558c7c48
0x53df14,0xcd28e5787208
0x53e088,0x71d0d5a3bf48
0x53e088,0x3a044725bd88
0x45ee80,0x24d6558f25f0
0x53e083,0x71d0d5a47c68
0x4494ea,0x71d0d5a47cc8
0x53e0c1,0x11faa179c520
0x456269,0x7ebb3c827c74
0x451882,0xc2041aa76438
0x53e083,0x71d0d5a601b0
0x45eeb8,0x24d65592b560
0x456269,0x24d6558c2758
0x4494de,0x7ebb3c7f9100
0x44e194,0x24d6558c10c8
0x46d75a,0x24d6558c6590
0x449502,0x932ec402b544
0x45eeb8,0xdd2838a31c40
0x45ee80,0xdd2838a3bda0
0x451882,0xdd2838a45108
0x53df14,0x7ebb3c845138
0x451882,0xdd2838a43108
0x42d5e0,0x7ebb3c899fb0
0x494c73,0xcc2ca38210f0
0x494c73,0x7ebb3c7d4fb0
0x443d2b,0x7ebb3c89e501
0x47338d,0xcc2ca381642c
0x4552c0,0xd7cc94e16c04
0x4552b0,0xd7cc94e1a4c8
0x558f9a,0xd7cc94e25110
0x447a14,0xdd2838a34fa4
0x558f9a,0xdd2838a3bf70
0x4552b0,0xdd2838a4b388
0x45ff56,0x2e448dacb390
0x463a96,0x28e837ca08f8
0x45ff56,0xd79e62b1e510
0x53e088,0x932ec4047c48
0x53e487,0x932ec4047cf8
0x411913,0x2e448db8c1d0
0x448b5d,0xcc2ca37a0980
0x45eea0,0x2e448dba08f8
0x46d633,0xcc2ca388c1c0
0x53e083,0x11faa17ebc98
0x53e083,0xce1385127a38
0x53e083,0x4741a6425118
0x53e083,0x7ebb3c88bc98
0x53e083,0x11faa17f4708
0x53e083,0x11faa1851e38
0x53e083,0xcd28e5808b88
0x53e083,0x7ebb3c862758
0x53e0c1,0xff3c8d60d790
0x53e083,0xce1384f95270
0x53e083,0xff3c8d62bca8
0x53e088,0xf5d9bd056418
0x53e083,0x7ebb3c8665a8
0x53e083,0xe7c8f3e47f8
0x53e088,0xcc2ca3853d08
0x53e083,0x66598a847c70
0x53e0c1,0x28d7cf5d31f8
0x53e088,0x71d5f3e8dfc8
0x53e083,0xd79e62b07cf0
0x53e083,0xf5d9bd0a3138
0x53e083,0x4741a6432eb8
0x53e083,0xcd28e575e530
0x53e083,0xafe0999debf8
0x53e0c1,0xc9394d38b540
0x53e083,0x71d0d5a1ed70
0x53e088,0xdc47619f5250
0x53e083,0x3a044724bcb8
0x53e083,0xdc4761a45738
0x53e0c1,0xbf7dd5e66398
0x53e083,0xbf7dd5e7bf68
0x53e083,0xdc4761a72eb0
0x53e088,0xdc4761a74710
0x53e083,0x71d5f3e4c670
0x53e083,0x71d5f3f21c70
0x53e083,0xbf7dd5fc10e8
0x53e083,0xf64c9f09b8
0x53e083,0xaa4eb5de1c70
0x53e088,0xc8d281a3120
0x53e088,0x511533133560
0x53e083,0x71d5f3e2b570
0x53e083,0x9895a7cb6c38
0x53e083,0x9895a7cd9130
0x53e083,0xc8d28299fb8
0x53e088,0x9895a7ce7a10
0x53e083,0xc8d282a1c78
0x53e088,0x9895a7d36410
0x53e083,0xcc2ca38389b0
0x53e083,0x9895a7dabca0
0x53e083,0xff3c8d5f4fb0
0x53e088,0xfaef359b25d0
0x53e083,0xfaef35a1ed70
0x53e0c1,0xd6fa9538b560
0x53e083,0xfaef35a9c530
0x53e083,0x71d0d5895130
0x53e083,0xfaef35b2b560
0x53e083,0xdc4761aecda0
0x53e083,0xca49da3725f0
0x53e083,0x71d0d59dbdb8
0x53e083,0x66598a7da4f0
0x53e083,0x28d7cf4263b0
0x53e083,0x54c453187220
0x53e083,0x54c4531c2778
0x53e083,0x54c4531c98f8
0x53e0c1,0xb3a8ecddc510
0x53e083,0xff3c8d6209b0
0x53e083,0xdc4761b88bb8
0x53e083,0x18291939ebe0
0x53e083,0xfaef35a33d30
0x53e083,0x66598a848ba0
0x5405e9,0xa678649647f8
0x412755,0x28d7cf5931c0
0x53df14,0x2c2cbb596758
0x451882,0x7ebb3c890fa8
0x4518c8,0x25ce5ce223f8
0x45ee80,0x25ce5ce25310
0x558f9a,0xd79e62a51350
0x4552b0,0xd79e62a51398
0x410f8a,0x2e448db931f0
0x559212,0x2e448db99f90
0x448b5d,0x71d0d59d0fa8
0x4552b0,0x2e448dba0988
0x410f4f,0x2e448dba0188
0x46d773,0xc8d28240190
0x45528e,0x2e448dba7c74
0x410c00,0x7ebb3c892ea8
0x410b32,0x7ebb3c892ef0
0x45ff56,0x1719cc725e0
0x45ff7a,0x8d986902b38c
0x45ff7e,0xcc2ca38e09a0
0x53df0a,0xcd28e57e3130
0x46d773,0x66598a7e7228
0x448b63,0x66598a7e7290
0x4518c8,0x25ce5ce1bdb8
0x558f9a,0x2e448dbabc90
0x410f25,0x2e448dbab380
0x448b7a,0x2e448dbad7a8
0x448b7a,0x5115330c47c8
0x494c82,0x66598a7f8988
0x494c7e,0x66598a807c78
0x494c73,0x66598a825a80
0x45eea0,0x6af9d6d12ee8
0x4537e7,0x6af9d6d125cc
0x4552b0,0x6af9d6d12e98
0x447a40,0x6af9d6d15100
0x53df14,0xd79e62c4c658
0x456269,0x25ce5cd5ebc8
0x45ee80,0x25ce5cd5ed40
0x4494ea,0x71d5f3e00d48
0x45fe42,0x4741a6420188
0x46d633,0x932ec4087288
0x494c73,0xca49da31dc70
0x494c73,0x66598a807cd0
0x45fee6,0x25ce5cdb0980
0x46d633,0xcd28e5806590
0x447a40,0x25ce5ce45300
0x4518c8,0x25ce5ce47c78
0x45fe42,0xcc2ca38e2748
0x4537e7,0x25ce5ce4bcac
0x53df14,0xff3c8d5fa4c8
0x456269,0x25ce5cd61c68
0x448b7a,0x25ce5ce47ce8
0x456269,0x25ce5ce45138
0x494c73,0x28d7cf490f90
0x494c73,0x66598a811c60
0x494c93,0x25ce5ce401b8
0x47338d,0x25ce5cd623d4
0x463aa3,0x25ce5cd6530c
0x559fe0,0xbf7dd5e925f8
0x53df14,0xcd28e58208d8
0x4561ac,0x25ce5cd65724
0x53df14,0xcd28e5825308
0x45fdd7,0xc8d282a5a88
0x53df14,0xcc2ca3876748
0x494c93,0xcd28e57589b8
0x494c73,0xd79e62a59120
0x494c73,0xa040f2107230
0x44959a,0xca49da37ed58
0x456198,0x25ce5cd698f8
0x456269,0x25ce5cd68b98
0x45eea0,0x25ce5ce74fa8
0x4537e7,0x25ce5ce7bdbc
0x449502,0xc8d28222744
0x53df14,0xafd74f958fe8
0x448b7a,0x25ce5ce7e518
0x46d614,0x6c6f1e4c5a80
0x448b7a,0x54c453211c68
0x494c73,0xd79e62b13d30
0x494c73,0x7ebb3c7d0f80
0x494c73,0x25ce5ce808d0
0x494c7e,0xe7c8f381c78
0x494c7e,0x28d7cf435138
0x463aa3,0x25ce5cd6b55c
0x463e27,0x25ce5cd6b3b0
0x46d614,0x878ddf9f8980
0x448b7a,0x25ce5ce898e8
0x449502,0x2c2cbb4d6c04
0x46d633,0xafd74f980990
0x45fe42,0x28e837cfdc78
0x494c73,0x25ce5ce40990
0x494c7e,0xd79e62c498f8
0x46d75a,0x25ce5cd6d7b0
0x53df0a,0xcd28e5808b88
0x53df14,0xca49da3ac648
0x45eea7,0x25ce5cea7c40
0x53df14,0xca49da411e18
0x559fe0,0x11faa17e7c48
0x4495c3,0x2c2cbb5adfe0
0x456198,0x25ce5cd71c68
0x45ee80,0x25ce5ceb3570
0x451882,0x25ce5ceb6778
0x448b7a,0x25ce5ceba4e8
0x53df0a,0xd4cb943c98e0
0x4494f2,0xcd28e579dc40
0x46d614,0xff3c8d611340
0x4494ea,0xff3c8d611388
0x53ffd1,0x998897f67238
0x4494de,0x998897f67280
0x449502,0xb7ac7a95bf44
0x45eea0,0x25ce5ceb4fb8
0x44952d,0xaff5007fed58
0x494c73,0x11faa178bc80
0x494c73,0xcc2ca37f6778
0x559fe0,0xcc2ca3807208
0x45fdd7,0xff3c8d5e7c40
0x45ee80,0x25ce5cec7c40
0x53df0a,0x998897f8dfe0
0x46d633,0xcd28e5730f90
0x449502,0xbf7dd5ea47c4
0x45fe42,0xcc2ca371a4f0
0x451882,0x54c45322b388
0x53df14,0xb7ac7a988b88
0x456269,0x25ce5cec2748
0x494c73,0x25ce5ced3550
0x494c73,0xd693286f0f90
0x494c73,0xf5d9bd14b540
0x44959a,0x54c453227c58
0x4064e3,0x54c453227cd0
0x53ffd1,0xcc2ca3847238
0x4494de,0xcc2ca3847280
0x447a20,0x25ce5cd76c00
0x456269,0x25ce5cd76408
0x45ee80,0x25ce5cee3130
0x45ee80,0x25ce5cee5710
0x451882,0x54c453233548
0x46d633,0xcd28e5891c40
0x46d633,0xafd74f954700
0x45eea7,0x25ce5cee7cd0
0x494c73,0xcd28e5902770
0x494c73,0xcc2ca37f5130
0x449947,0x71d0d59f4fa0
0x448b7a,0x25ce5cef1c48
0x46d633,0xd69328736750
0x4494ea,0x24d6558de508
0x494c73,0x8a4feef65300
0x558f9a,0x7ebb3c7f1360
0x53df0a,0xff3c8d62bca8
0x448b7a,0x25ce5cf01198
0x45fe3e,0x28e837c8e818
0x45eeb8,0x25ce5cf010d0
0x45ee80,0x7ebb3c7ee820
0x45eea7,0x25ce5cf008d0
0x494c73,0xcc2ca37d5270
0x494c73,0xcc2ca37d6400
0x494c73,0xcc2ca37e08e0
0x494c73,0xcc2ca37e98c0
0x46d773,0x25ce5cdb6c30
0x559fe0,0xcc2ca3807a28
0x46d633,0xcc2ca37e7a10
0x53df0a,0xd69328751e00
0x4537e7,0x25ce5cf10fbc
0x53df0a,0xca49da3ac1c0
0x53df0a,0xf848bcf15130
0x494c73,0xbf7dd6010990
0x47338d,0x25ce5cdb5104
0x53df14,0x8876f2fd4718
0x45eea0,0x25ce5cf272b8
0x4518c8,0x25ce5cf25338
0x53df0a,0x998897fd4710
0x4518c8,0x25ce5cf2b578
0x45ee80,0x25ce5cd7ed40
0x448b7a,0x25ce5cf2e838
0x45eeb8,0x25ce5cf2bca0
0x494c73,0x66598a83bd90
0x494c93,0x25ce5cf389b8
0x4494de,0xff3c8d614f80
0x46d633,0xf848bcf54f90
0x451882,0x25ce5cf41188
0x494c73,0x4741a6430f90
0x46d75a,0x25ce5cd863a0
0x53df14,0xcd28e577ebf8
0x45eea7,0x9e9c4d8da4f0
0x53df14,0xf5d9bd010998
0x46d633,0xf848bcf80990
0x456269,0x25ce5cd85aa8
0x53df0a,0xcc2ca3853d08
0x46d633,0x71d0d5a39110
0x494c60,0xd79e62b99fa8
0x494c73,0x13becdad6740
0x494c7e,0x24d6558f6778
0x494c93,0xca49da35c538
0x456269,0x25ce5cd87c68
0x53df14,0x1a64fc5d13a8
0x449502,0x1a64fc5d1344
0x4494f2,0xb1739fbd0980
0x4494f2,0x7ebb3c839f80
0x451882,0xb24660e823d8
0x45eea0,0xb24660e865b8
0x448b7a,0x13becdadbf78
0x45eeb8,0x1b7325642770
0x494c73,0xa040f20b1370
0x494c73,0x7ebb3c7c5a80
0x494c73,0xcc2ca37f1e30
0x494c73,0x25ce5cf208e0
0x53df0a,0x1a64fc5ec660
0x53df14,0xce13851023c8
0x46d614,0x66598a7d8fc0
0x451882,0xb24660e9c518
0x46d614,0xaff500799f80
0x44952d,0xd9e9d664c658
0x4494f2,0xc8d281f8fc0
0x494c73,0xb24660ea3120
0x494c73,0xcc2ca38298d0
0x494c73,0xce138515e510
0x494c93,0x71d5f3fc23f8
0x494c73,0x7cb7319f25e0
0x494c73,0xca49da35bda0
0x463aa3,0x25ce5cd8c66c
0x46d773,0x25ce5cdbbf70
0x449609,0xd79e62ae08e8
0x4064e3,0xd79e62ae0980
0x451882,0x543845931e38
0x451882,0xb24660eab558
0x45fe42,0xc8d283463a0
0x45ee80,0xb24660ea7200
0x53df14,0xf5d9bd08b3a8
0x45eea7,0xb24660eb1e10
0x4494f2,0xa040f222cd80
0x456269,0xb24660ea7298
0x494c73,0xf5d9bcfe6590
0x494c73,0x4741a6421190
0x494c7e,0xcc2ca372e838
0x53ffd1,0xf5d9bd0a3138
0x4518c8,0xafb8e5d42778
0x4537e7,0xafb8e5d408fc
0x4494f2,0xbf7dd5e56c00
0x45eea7,0x80a6daa65a90
0x45ee80,0x80a6daa67a00
0x45fe42,0xfdfd3a8c3130
0x4494f2,0x41d09e9ddc40
0x494c73,0x66598a8223d0
0x494c73,0xca49da3b1c70
0x494c73,0x66598a8098e0
0x42d894,0xafd74f962768
0x456198,0x25ce5cd92e98
0x456240,0x25ce5cd92ed4
0x4537e7,0x80a6daa72ecc
0x45ee80,0x80a6daa75270
0x53df14,0xe7c8f385118
0x46d633,0xce1385099f90
0x494c73,0x7cb731954710
0x494c73,0xa7d08ad3bda0
0x45ee80,0x80a6daa87a10
0x53df14,0xce1384f95118
0x45ee80,0x80a6daa91e30
0x448b7a,0x80a6daa91378
0x4537e7,0x80a6daa925cc
0x53ffd1,0xd79e62b05338
0x46d633,0xaff5007e6380
0x45eea0,0x2f2795736428
0x494c73,0xce1385010990
0x494c73,0x28d7cf492ea0
0x494c73,0x81c0a289a4e0
0x494c7e,0x5115330fa4f8
0x494c73,0xedc51a8f5110
0x463a8d,0x25ce5cdc0990
0x46d773,0x25ce5cdc08c0
0x53df0a,0x5115330cbca0
0x448b7a,0x80a6daaa7ce8
0x46d633,0x7ff68728bc80
0x45ee80,0x80a6daaa47d0
0x46d614,0xf5d9bd12b380
0x449502,0xcd28e57e5a84
0x494c73,0x71d5f3f87ce0
0x494c93,0x2c2cbb4a7cf8
0x494c7e,0xa1abd7fd1c78
0x494c73,0xfafbfab05100
0x559fe0,0xbf7dd5fe7238
0x45ee80,0x80a6daab8fe0
0x45ee80,0x25ce5cd96c00
0x45eeb8,0x80a6daac11b0
0x53df14,0x11faa172bc88
0x494c73,0x7cb7319d31d0
0x494c73,0x80a6daacb570
0x494c93,0x7ebb3c83bf78
0x46d773,0x25ce5cdc10e0
0x447a19,0x25ce5cd99130
0x559fe0,0xbf7dd5e6b3b8
0x53df14,0x2e448db4e818
0x45eea0,0x80a6daad2ef8
0x4537e7,0x80a6daad25dc
0x53df0a,0x7ebb3c819120
0x456269,0x25ce5cd989a8
0x53df14,0x2c2cbb4bbda8
0x4518c8,0x80a6daadbdb8
0x53df14,0x66598a7a7208
0x494c73,0xcc2ca37dc510
0x494c73,0xca49da388bb0
0x53df14,0x28d7cf594f98
0x448b7a,0x80a6daaeb3a8
0x53df0a,0xab2ecf3925e0
0x4494de,0x66598a7b25c0
0x45fe42,0xd9e9d66423e0
0x448b7a,0x80a6daaed788
0x44952d,0xa040f21d8fd8
0x451882,0x80a6daaf3578
0x53df0a,0x7ebb3c835260
0x4537e7,0x80a6daaf911c
0x456269,0x25ce5cd9bf78
0x5405e9,0x99d8269cc678
0x494c93,0xff3c8d5cdff8
0x494c73,0xb24660e90fa0
0x494c93,0xab2ecf419fb8
0x494c73,0x557be30698c0
0x494c73,0x80a6daaa08f0
0x4561ac,0x25ce5cd9e504
0x451882,0x557be3016768
0x4494f2,0x1a70aa761c40
0x448b7a,0x80a6dab05728
0x4494f2,0x1a70aa765700
0x53ffd1,0xcd28e577ed78
0x46d633,0x11faa1773540
0x45ee80,0x80a6dab11e20
0x4537e7,0x80a6dab1134c
0x494c73,0xcc2ca381e500
0x494c73,0xf5d9bd0d1360
0x494c73,0x80a6dab18990
0x494c93,0x80a6dab16438
0x494c73,0x71d0d58e11b0
0x494c73,0x80a6dab1bf50
0x40b657,0xafd74f96bc80
0x4494ea,0xb7ac7a96c1c8
0x46d614,0x7cb731920980
0x448b7a,0x80a6dab208e8
0x53df0a,0x11faa179c520
0x45eeb8,0x80a6dab25100
0x53e65a,0x7cb731927288
0x4494de,0x7cb731927200
0x449502,0x7ebb3c7f6744
0x494c73,0xf5d9bd0d13b0
0x463a96,0x557be3012ee8
0x42d851,0xb3a8ecd78ff8
0x4561ac,0x25ce5cdc5334
0x4494de,0x7cb731a53d00
0x45ee80,0x25ce5cda2740
0x45eea7,0x80a6dab35250
0x45ee80,0x80a6dab36740
0x53df14,0xd79e62ab1388
0x44952d,0xd79e62ab1348
0x4537e7,0x80a6dab3e53c
0x449502,0x7cb7319410c4
0x45fdd7,0x66598a7ecda8
0x494c73,0xf5d9bd1325e0
0x494c73,0x71d0d5a58980
0x494c73,0xcdaaa6e36750
0x494c73,0x7ebb3c7b8990
0x494c73,0x80a6daaa0d50
0x494c73,0xaff5007d4fb0
0x47338d,0x25ce5cdc5114
0x42d851,0x25ce5cda47c8
0x451882,0xb3a8ecd80d68
0x45eea7,0x80a6dab4dfd0
0x53e65a,0xca49da340d78
0x45ee80,0x80a6dab55130
0x53df0a,0x11faa17ebc98
0x53df14,0xd693286febd8
0x53e5fc,0x7cb731956438
0x494c73,0xcc2ca3822740
0x494c73,0x28d7cf521c40
0x494c93,0x80a6dab5c538
0x494c73,0x255430290f90
0x494c73,0xb7ac7a9663b0
0x46d633,0x99d826a023c0
0x53e5fc,0x7cb7319601b8
0x45eeb8,0x11faa17409b0
0x449502,0x11faa17febc4
0x53e5fc,0x7cb7319611b8
0x456269,0x25ce5cda5718
0x449502,0x7cb731962744
0x45eeb8,0xb3a8ecd85130
0x53e62b,0x7cb731967230
0x45ee80,0x80a6dab61180
0x4494ea,0x7cb731967288
0x494c60,0x6c5370391c68
0x494c73,0x66598a82e810
0x494c73,0x25ce5cf20d40
0x463e27,0x25ce5cda7a10
0x42dd73,0x25ce5cda7c78
0x4518c8,0xb3a8ecd8cdb8
0x456269,0x25ce5cda63b8
0x53df0a,0x4741a6425118
0x46d633,0xc8d281c5110
0x456269,0x25ce5cda65a8
0x451882,0x761845c608f8
0x451882,0xb3a8ecd8b578
0x4494de,0xff3c8d6223c0
0x494c73,0xc8d281e3130
0x494c73,0xcc2ca381ed70
0x494c73,0xcc2ca384e800
0x494c73,0x66598a7ac640
0x494c73,0xd79e62b3bda0
0x42f2dc,0x25ce5cda7cc0
0x559fe0,0xca49da3410c8
0x449680,0xb3a8ecd87c70
0x44959d,0xb3a8ecd87cc0
0x45eeb8,0x761845c725f0
0x4494f2,0xcd28e5723100
0x53e62b,0x7cb7319925d0
0x451950,0x761845c78ff8
0x4537e7,0x761845c7c52c
0x53e65a,0x71d5f3ee6598
0x456269,0x25ce5cda8bb8
0x45eeb8,0xb3a8ecd92eb0
0x451950,0xb3a8ecd92ef8
0x494c73,0x49950ab098f0
0x494c7e,0x7ebb3c7ce838
0x494c93,0x71d0d5a411b8
0x494c7e,0x80a6daafbf78
0x494c73,0xcd28e5894fa0
0x45fee6,0xcd28e5806590
0x447a40,0xd79e62b65330
0x53e49f,0xa678649647f8
0x45ff56,0xcc2ca38e2748
0x4602e0,0x25ce5ce31360
0x411d2f,0x25ce5ce31390
0x4552c0,0x25ce5ce2e834
0x559212,0x71d0d58d9f80
0x46d736,0x761845c8b560
0x463a8d,0x71d5f3e00d48
0x411c2e,0x25ce5ce36c28
0x46d75a,0x25ce5ce39100
0x46d736,0x761845c90980
0x4602e0,0x25ce5ce3a4c0
0x46d773,0xce1384fd31d0
0x411c2e,0x25ce5ce45738
0x45736c,0x25ce5cdab558
0x411c2e,0x25ce5ce498d8
0x46d736,0x761845c91c50
0x4552c0,0x25ce5ce4b3a4
0x463aa3,0x25ce5ce4bcac
0x4552b0,0x25ce5ce4c658
0x448b63,0x761845c93d08
0x45ff62,0xc8d282a5a88
0x411557,0x25ce5ce5098c
0x448b5a,0x25ce5ce47ce8
0x558f9a,0x25ce5ce5bf60
0x42ccca,0xcd28e58208d8
0x45fd16,0x25ce5ceeb380
0x4602e0,0x25ce5ce5dc70
0x46d75a,0x25ce5ce63120
0x53de87,0x28d7cf487238
0x447a14,0x25ce5ce665a4
0x4552b0,0x25ce5ce65118
0x412cc0,0x25ce5ce65aa8
0x4552c0,0x25ce5ce672a4
0x46d75a,0x25ce5ce67ce0
0x45ff56,0xc8d28222744
0x53de87,0x71d0d5a623d0
0x4552c0,0x25ce5ce70f94
0x411c2e,0x25ce5ce70998
0x4552b0,0x25ce5ce731f8
0x412cc0,0x25ce5ce73d28
0x448b63,0x761845ca5108
0x46d773,0xce1384f925f0
0x463aa3,0x25ce5ce7bdbc
0x46d773,0x761845cabcb0
0x4602e0,0x25ce5ce7bf40
0x53de87,0x932ec40465b0
0x46d75a,0x54c453211e20
0x448b5a,0x54c453211c68
0x4552c0,0x25ce5ce8b554
0x448b5a,0x25ce5ce898e8
0x45ff56,0x28e837cfdc78
0x4552b0,0x25ce5ce90f88
0x448b5d,0x9895a7c725d0
0x411c2e,0x25ce5ce92ee8
0x411d2f,0x25ce5ce92e90
0x45736c,0x761845cb3d38
0x412cc0,0x25ce5ce96768
0x447a20,0x25ce5ce95130
0x45736c,0x761845cb6c38
0x412cc0,0x54c453218fd8
0x53de87,0x932ec4071c60
0x558f9a,0x25ce5ce96420
0x411d2f,0x25ce5ce9dc60
0x412cc0,0x25ce5ce9ed58
0x45528e,0x25ce5cea3124
0x411c2e,0x25ce5cea5728
0x53e49f,0xb381a39fb8
0x463e27,0x25ce5cea7c40
0x45528e,0x25ce5cea7ce4
0x42ccca,0xca49da411e18
0x45ff4d,0x28e837c8e818
0x45ff7a,0xff3c8d611340
0x411c2e,0x25ce5ceac1e8
0x45ff56,0xaff5007fed58
0x45ff62,0xff3c8d5e7c40
0x448b5a,0x25ce5ceba4e8
0x46d773,0x761845cc5710
0x460050,0xd4cb943c98e0
0x4552c0,0x25ce5cebc534
0x4602e0,0x25ce5cebbdb0
0x447a20,0x25ce5cebed40
0x4552c0,0x25ce5cebebf4
0x46d729,0x7cb731ac10c8
0x463a8d,0x998897f67280
0x411c2e,0x25ce5ceb4708
0x46d75a,0x25ce5cec08f0
0x412cc0,0x25ce5cec09a8
0x4552b0,0x54c453226598
0x45ff56,0xcc2ca371a4f0
0x447a20,0x25ce5cec1c40
0x460bc0,0xa040f21c6380
0x412c87,0x25ce5cec7228
0x411557,0x25ce5cec728c
0x4552b0,0x25ce5cec7a38
0x558f9a,0x25ce5cec7c40
0x447a20,0x25ce5cecb570
0x558f9a,0x25ce5cecb3a0
0x460050,0x998897f8dfe0
0x53e49f,0xcc2ca37f6778
0x46d773,0xcd28e57a63b0
0x46d729,0x25ce5cdb2e88
0x448b5d,0x25ce5cdb2ed0
0x463a8d,0xcc2ca3847280
0x45ff7e,0xcd28e5891c40
0x45ff4d,0x6c537038dfc8
0x46d75a,0x25ce5cee08e0
0x412cc0,0x25ce5cee0998
0x46d729,0xd29ae09dbd88
0x46d75a,0x25ce5cedebd0
0x45736c,0xd29ae09dc538
0x448b5d,0xd29ae09ded50
0x53de87,0xafd74f96e820
0x45fd16,0x34a0172f3d00
0x447a20,0x25ce5cee6380
0x45ff7e,0xd69328736750
0x463e27,0x25ce5cee7cd0
0x448b5d,0x34a0172f6410
0x447a20,0x25ce5ced9f90
0x46d75a,0x25ce5cd78ff0
0x46d773,0x25ce5cdb31f0
0x4552c0,0x25ce5ceee804
0x412cc0,0x25ce5cef25e8
0x4552b0,0x25ce5cef2e88
0x4552c0,0x25ce5cef2ec4
0x4552b0,0x25ce5cef1388
0x46d75a,0x25ce5cef1e00
0x4552b0,0x25ce5cef6758
0x448b5a,0x25ce5cef1c48
0x4552c0,0x25ce5cef9f84
0x448b5d,0xfaef359e7230
0x46d773,0xd9e9d6605730
0x559212,0x25ce5ceedfc0
0x411c2e,0x25ce5ceed788
0x558f9a,0x25ce5cf01c60
0x448b5a,0x25ce5cf01198
0x447a20,0x25ce5cf03120
0x411c2e,0x25ce5cf047f8
0x558f9a,0x25ce5cf05320
0x447a39,0x25ce5cf05ab0
0x45736c,0x34a0173010f8
0x45fd16,0x34a017301180
0x4552c0,0x25ce5cf08b94
0x45ff7e,0xcc2ca37e7a10
0x463e27,0x25ce5cf008d0
0x45ff7e,0xd69328751e00
0x558f9a,0xcc2ca383a4c0
0x45ff7e,0xca49da3ac1c0
0x411557,0x25ce5cf0c1cc
0x460bc0,0x28d7cf4e47c0
0x559212,0xcc2ca37d8ff0
0x53de87,0x8876f2fc5330
0x46d773,0x34a01730b570
0x45528e,0x25ce5cf125e4
0x448b5d,0x34a01730d7b0
0x46d75a,0x25ce5cf13d20
0x463aa3,0x25ce5cf10fbc
0x460a83,0x25ce5cf15109
0x4552c0,0x25ce5cf19f84
0x412cc0,0x25ce5cf18998
0x45736c,0x34a017311e18
0x460050,0xf848bcf15130
0x558f9a,0x25ce5cf1a4e0
0x45736c,0x34a0173125d8
0x46d75a,0x25ce5cf223c0
0x46d773,0xa6786496b390
0x42ccca,0x8876f2fd4718
0x411c2e,0x25ce5cf25718
0x53de87,0xb1739fbd0fa0
0x45ff7a,0xf848bcf54f90
0x4602e0,0x25ce5cf27c70
0x411c2e,0x25ce5cf27cf8
0x46d743,0x998897fd4710
0x412cc0,0x25ce5cf2c1d8
0x448b5a,0x25ce5cf2e838
0x45fd16,0x203e00121c40
0x411c2e,0x25ce5cf30f98
0x447a14,0x25ce5cf3c504
0x412c87,0x25ce5cf3ebe8
0x45ff7e,0xf848bcf80990
0x53e49f,0xb7ac7a9c23f8
0x4552c0,0x25ce5cf447e4
0x53de87,0xce1384fba4c0
0x4552c0,0x25ce5cf48bb4
0x448b63,0x34a017325108
0x463e27,0x9e9c4d8da4f0
0x4602e0,0x38cf9ad50fa0
0x45736c,0x34a0173298f8
0x45ff56,0x7ebb3c839f80
0x45ff62,0x1a64fc5d1344
0x46d75a,0x38cf9ad56740
0x558f9a,0x38cf9ad55130
0x53de87,0xb7ac7a9f31c0
0x46d729,0x34a01732e808
0x46d729,0xcd28e5814708
0x4552b0,0x13becdad9f88
0x4552b0,0x13becdade518
0x42ccca,0x1a64fc5d13a8
0x4602e0,0xb24660e810c0
0x45528e,0xb24660e83124
0x45528e,0xb24660e85704
0x4115a9,0xb24660e87200
0x411d2f,0xb24660e87290
0x448b5a,0x13becdadbf78
0x411d2f,0xb24660e898c0
0x45736c,0x99d8269e1c58
0x45ff62,0xd9e9d664c658
0x45ff56,0xc8d281f8fc0
0x558f9a,0xb24660e931d0
0x460050,0x1a64fc5ec660
0x4552b0,0xb24660e96418
0x412c87,0xb24660e99108
0x559212,0xb24660e9bd80
0x53de87,0xf5d9bcfc5310
0x45736c,0x34a01733ebf8
0x460a83,0xb24660e9ed59
0x45ff56,0xa040f222cd80
0x46d75a,0xb24660e95240
0x412c87,0xb24660ea08d8
0x4552c0,0x7dd1755f5124
0x558f9a,0x7dd1755f5260
0x4602e0,0xb24660ea09a0
0x460bc0,0xcd28e5868b80
0x45736c,0x11faa17672b8
0x4602e0,0x7dd1755f4f80
0x46d75a,0xb24660ea7a10
0x46d75a,0xb24660ea8bb0
0x53de87,0xbcd57edf4fa0
0x463e27,0xb24660eab558
0x463e27,0xb24660eb1e10
0x53de87,0xb7ac7a9cd7b0
0x4552b0,0xb24660eb3d18
0x558f9a,0xb24660eb5240
0x53de87,0xf5d9bd007cc0
0x558f9a,0xb24660ec0d40
0x46d729,0xcd28e5843108
0x463aa3,0xafb8e5d408fc
0x45ff62,0x41d09e9ddc40
0x412c87,0xafb8e5d409b8
0x46d773,0xfaef35a125d0
0x4552c0,0x80a6daa65334
0x463e27,0x80a6daa65a90
0x558f9a,0x80a6daa665a0
0x558f9a,0x80a6daa67a00
0x559212,0x80a6daa68b80
0x45ff7e,0xce1385099f90
0x53e49f,0xb7ac7aa063b8
0x4552c0,0x80a6daa725d4
0x463aa3,0x80a6daa72ecc
0x558f9a,0x80a6daa76c00
0x558f9a,0x80a6daa75100
0x558f9a,0x80a6daa7a4d0
0x42ccca,0xe7c8f385118
0x45528e,0x80a6daa7bf64
0x4552c0,0x80a6daa7dc64
0x45528e,0x80a6daa73544
0x412cce,0x80a6daa7ed51
0x412cc0,0x80a6daa71368
0x4115a9,0x80a6daa71380
0x4552c0,0x80a6daa71c44
0x4115a9,0x80a6daa87200
0x411d2f,0x80a6daa87290
0x4602e0,0x80a6daa8b390
0x4552c0,0x80a6daa91c64
0x448b5a,0x80a6daa91378
0x463aa3,0x80a6daa925cc
0x558f9a,0x80a6daa92e90
0x45ff7e,0x7ff68728bc80
0x559212,0x80a6daa94f90
0x4552b0,0x80a6daa9a4f8
0x4552b0,0x80a6daaa3108
0x460050,0x5115330cbca0
0x558f9a,0x80a6daaa5310
0x45528e,0x80a6daaa5ab4
0x46d773,0x9895a7cc1180
0x448b5a,0x80a6daaa7ce8
0x45736c,0x34a017368ba8
0x4602e0,0x80a6daaa65b0
0x45ff62,0x7ebb3c7f6744
0x45ff56,0xbf7dd5e5ed60
0x46d773,0x34a017370f80
0x559212,0x80a6daab0f80
0x558f9a,0x2f2795739120
0x45fee6,0x34a017367c4c
0x46d736,0x7ebb3c8047f0
0x45528e,0x80a6daabdc74
0x411557,0x80a6daac018c
0x411d2f,0x80a6daabc510
0x448b5d,0x34a017378fd0
0x463a96,0xcc2ca38d8998
0x411c2e,0x80a6daac5128
0x46d736,0x34a01737bdb0
0x412cce,0x80a6daac6391
0x463aa3,0x80a6daad25dc
0x558f9a,0x80a6daad2e80
0x42ccca,0x2e448db4e818
0x53de87,0x5115330f5120
0x457432,0x34a01737dc70
0x53de87,0xf5d9bd0b8fc0
0x46d773,0xe7c8f3a09a0
0x460050,0x7ebb3c819120
0x46d75a,0x80a6daad8ff0
0x4552b0,0x80a6daad6c38
0x4602e0,0x80a6daad6410
0x45ff56,0xd9e9d66423e0
0x45ff56,0xa040f21d8fd8
0x4552c0,0x80a6daad3544
0x411c2e,0x80a6daaded68
0x447a39,0x80a6daad3d30
0x448b83,0x34a017385a80
0x4115a9,0xa60a0cc28b80
0x46d75a,0x80a6daaeb560
0x4552c0,0x80a6daaebc94
0x42ccca,0x28d7cf594f98
0x448b5a,0x80a6daaeb3a8
0x411d2f,0x80a6daaee810
0x460050,0xab2ecf3925e0
0x448b5a,0x80a6daaed788
0x4602e0,0x80a6daaf6c10
0x460050,0x7ebb3c835260
0x53de87,0xa040f2056760
0x463aa3,0x80a6daaf911c
0x411557,0x80a6daafa4cc
0x45ff7a,0x878ddfa53d0c
0x411c2e,0x80a6dab05a98
0x448b5a,0x80a6dab05728
0x45736c,0x34a017391c68
0x46d773,0xbf7dd6030980
0x53de87,0xb7ac7a9a0d60
0x447a20,0x80a6dab0bc90
0x559212,0x80a6dab0cdb0
0x411c2e,0x80a6dab0c658
0x412cce,0x80a6dab0e811
0x46d736,0x34a017395260
0x53de87,0xf5d9bd111c70
0x463aa3,0x80a6dab1134c
0x46d75a,0x80a6dab113a0
0x4552c0,0x80a6dab11c54
0x46d773,0xf848bcf54700
0x4602e0,0x80a6dab1c500
0x45fd16,0xfe2fc1f50980
0x463a8d,0xb7ac7a96c1c8
0x46d75a,0x80a6dab1e520
0x46d773,0x34a017398ff0
0x4552c0,0x80a6dab1ed74
0x448b5d,0x34a017399110
0x558f9a,0x80a6dab201a0
0x4552b0,0x80a6dab223f8
0x448b5a,0x80a6dab208e8
0x460050,0x11faa179c520
0x412cc0,0x80a6dab27a08
0x45ff56,0xd79e62ab1348
0x46d75a,0x80a6dab1dc40
0x53de87,0xce13850063b0
0x4552b0,0x80a6dab2bc88
0x4602e0,0x80a6dab2b3a0
0x4552c0,0x80a6dab23104
0x463a96,0x557be3012ee8
0x45ff62,0x66598a7ecda8
0x463a8d,0x7cb731a53d00
0x463e27,0x80a6dab35250
0x559212,0x80a6dab38ff0
0x558f9a,0x80a6dab36740
0x448b83,0x34a0173a7c40
0x448b5d,0xb24660ea23e0
0x448b5d,0x34a0173a8ba0
0x457432,0xbf7dd5f85ab0
0x447a20,0x80a6dab40990
0x4552b0,0x80a6dab408c8
0x46d75a,0x80a6dab411a0
