0x46d73a,0x28e837c8573a
0x45ff7e,0x28e837ca72ac
0x45ff56,0x28e837cb25d0
0x45ff62,0x28e837cb5240
0x45eebb,0x28e837ce3118
0x46d75a,0x28e837cdbf70
0x53df14,0x28e837ccd798
0x448b5a,0x28e837cdbdb8
0x451882,0x28e837ce6598
0x45eea0,0x28e837cf8fe8
0x53e65a,0x28e837cf5248
0x456171,0x28e837cf9104
0x45ff56,0xfdfd3a8c3130
0x53e62b,0x98f5690d6410
0x456171,0xfdfd3a8c23f4
0x44e194,0x98f5690e01a8
0x45eeb8,0xa1abd7fd9fb0
0x448b63,0xa1abd7fd2e88
0x4602c7,0xa1abd7fd8ff8
0x4602cb,0xa1abd7fddc60
0x4495c3,0xa1abd7fe0980
0x451882,0x98f5690e08f8
0x412cc0,0xa1abd7fe7218
0x4602e0,0xa1abd7fe7290
0x4561ac,0xa1abd7fe7a14
0x44e194,0x98f5690e0d48
0x448b7a,0x6c6f1e4c10f8
0x463a8d,0x28e837cb4738
0x456171,0x6c6f1e4c8b94
0x558f9a,0xd79e62a698f0
0x45eeb8,0xd79e62a60d60
0x45ee80,0xd79e62a713a0
0x45eeb8,0xd79e62a725c0
0x45fdd3,0x28e837c8d780
0x463aa3,0xd79e62a7527c
0x448b5a,0xd79e62a75118
0x45fdff,0x28e837cb640c
0x451882,0xd79e62a7c508
0x463a96,0x28e837ca08c0
0x412cc0,0xd79e62a61c58
0x463a8d,0x8ad3301bed78
0x4064e3,0xd79e62ab1c50
0x456198,0xd79e62ab4708
0x45eeb8,0xd79e62a7bd90
0x44e194,0xd79e62ab5118
0x463e27,0xd79e62ab4f80
0x463aa3,0xd79e62ab912c
0x45ff62,0xd79e62abdc40
0x45ff4d,0x28e837c8e828
0x53df0a,0xd79e62ac5700
0x45ee80,0xd79e62ac98d0
0x53e65a,0xd79e62ac7cc8
0x4494de,0xd79e62ac7c40
0x558f9a,0xd79e62accd80
0x448b5d,0x98f5690e5a80
0x449502,0xd79e62ad5104
0x451882,0xd79e62a53578
0x451882,0xd79e62aeb578
0x411804,0xd79e62af2ea0
0x44959a,0xd79e62af2ed8
0x456269,0xd79e62af6438
0x448b5a,0xd79e62ae98e8
0x45ee89,0xd79e62aebcb0
0x53df0a,0xd79e62b06580
0x45ee80,0xd79e62b0cd90
0x46d773,0x28e837ced7a0
0x4602cb,0xd79e62b13550
0x456198,0xd79e62b19108
0x46d736,0x28e837cb5100
0x463e27,0xd79e62b28b90
0x456269,0xd79e62b34728
0x412cc0,0xd79e62b39138
0x4495c3,0xd79e62b4b550
0x456198,0xd79e62b50fb8
0x448b7a,0xd79e62b4e838
0x451882,0xd79e62b73d18
0x412cc0,0xd79e62b6dfe8
0x411804,0xd79e62b8c1d0
0x448b5a,0xd79e62b83118
0x448b7a,0xd79e62b95268
0x45736c,0xd79e62afed58
0x46d736,0xd79e62afdc50
0x558f9a,0xd79e62bbc530
0x451950,0xd79e62bc23f8
0x448b63,0xd79e62b1e508
0x45ff7e,0xd79e62bd642c
0x4064e3,0xd79e62bded40
0x456171,0xd79e62b58fc4
0x45ee80,0xd79e62b1bd90
0x4518c8,0xd79e62bbed78
0x4537e7,0xd79e62bf6c2c
0x448b63,0xd79e62b01c48
0x456269,0xd79e62c00198
0x463e27,0xd79e62c008f0
0x456171,0xd79e62c00994
0x4602e0,0xd79e62c25300
0x46d633,0xd79e62c1bd80
0x456198,0xd79e62c25a88
0x46d773,0xd79e62b872a0
0x449609,0xd79e62c35138
0x559212,0xd79e62c31e10
0x451882,0xd79e62c3bf78
0x448b7a,0xd79e62c472a8
0x53ffd1,0xd79e62c408f8
0x44952d,0xd79e62c40998
0x53e62b,0xd79e62c4e810
0x412cc0,0xe8035e45bda8
0x411804,0x6c53703309b0
0x463aa3,0x6c5370334f8c
0x53df14,0x6c5370331388
0x44952d,0x6c5370331348
0x451950,0x6c5370345138
0x45ee80,0x6c53703463a0
0x40b657,0x6c537034b540
0x45ee80,0x6c53703525c0
0x45eeb8,0x6c5370353560
0x42ca41,0x6c537035bf40
0x4495c3,0x6c5370373d20
0x456198,0x6c5370375128
0x456269,0x6c5370375248
0x45eeb8,0x6c537037a4d0
0x45736c,0xd79e62be98d8
0x45ff7e,0x6c53703801ac
0x456198,0x6c537039a4f8
0x45ee89,0x6c537039dc70
0x449609,0x6c53703a5738
0x44962d,0x6c53703a47c0
0x558f9a,0xd79e62b298d0
0x45ee80,0x6c53703a7c40
0x44959a,0xa7d08ad07ce8
0x45eeb8,0xa7d08ad0cd80
0x42ca41,0xa7d08ad13d00
0x456171,0xa7d08ad11364
0x456198,0xa7d08ad11e18
0x451882,0xa7d08ad19108
0x449609,0xa7d08ad31c68
0x448b5d,0xa7d08ad2dff0
0x45736c,0xd79e62ae2758
0x45eeb8,0xa7d08ad34710
0x53df14,0xa7d08ad4cdb8
0x45ff4d,0x28e837c9ed78
0x53df0a,0xa7d08ad7bf60
0x45ff62,0x5829a6ec1c40
0x411804,0x5829a6ec65a0
0x447a39,0x5829a6eba4f0
0x4537e7,0x5829a6ed098c
0x4494de,0x5829a6ec8b80
0x4518c8,0x5829a6eded78
0x46d633,0x5829a6ed6c00
0x4537e7,0x5829a6eedfcc
0x4552b0,0x5829a6ef09b8
0x410f82,0x5829a6ef4f82
0x46d75a,0x412e73cb1e00
0x558f9a,0x412e73cb4710
0x448b5a,0x412e73cb1c48
0x412cc0,0x412e73cc2778
0x558f9a,0x412e73cc5130
0x45736c,0x412e73cc47f8
0x46d75a,0x412e73cda4d0
0x463a8d,0xd79e62bfa4e8
0x46d75a,0x412e73ce01b0
0x45fee6,0x412e73cd354c
0x53e65a,0x5829a6ee98d8
0x451950,0x412e73cee838
0x44e194,0x71d5f3e023e8
0x53e5fc,0x71d5f3e07c78
0x4494de,0x71d5f3e07cc0
0x451882,0x71d5f3e02758
0x463e27,0x71d5f3e25330
0x448b5d,0x71d5f3e27c40
0x45ff89,0x71d5f3e223c0
0x410f8a,0x71d5f3e3bf50
0x410f2c,0x71d5f3e408e8
0x46d736,0x71d5f3e41c40
0x463aa3,0x71d5f3e4312c
0x463aa3,0x71d5f3e47c6c
0x46d75a,0x71d5f3e47cc0
0x45ff56,0x71d5f3e51350
0x46d773,0x71d5f3e53570
0x412c87,0x71d5f3e55138
0x410f8a,0x71d5f3e55260
0x4561ac,0x71d5f3e58984
0x4537e7,0x71d5f3e6658c
0x45eeb8,0x71d5f3e6e820
0x44e194,0x71d5f3e74738
0x4537e7,0x71d5f3e7a4cc
0x4115a9,0x71d5f3e80d40
0x4115a9,0x71d5f3e86580
0x412c87,0x71d5f3e93568
0x45ff56,0x71d5f3ea2750
0x410f2c,0x71d5f3ea7a08
0x45ff89,0x71d5f3ea3100
0x448b5a,0x71d5f3eadfe8
0x456331,0x71d5f3eb31d0
0x410f4f,0x71d5f3ed0988
0x463a96,0x412e73cb0990
0x46d743,0x71d5f3ee98c8
0x558f9a,0x71d5f3eeb540
0x412c87,0x71d5f3eec678
0x447a20,0x71d5f3ef6760
0x448b5a,0x71d5f3ef1e38
0x412cc0,0x71d5f3f03108
0x412c87,0x71d5f3f05a98
0x447a20,0x71d5f3f11390
0x558f9a,0x71d5f3f11370
0x40d288,0x71d5f3f19130
0x45eebb,0x28e837ce3118
0x53df14,0x71d5f3f1a4e8
0x46d614,0x71d5f3f1c500
0x45eea7,0x71d5f3f247e0
0x45ee80,0x71d5f3f272b0
0x53df0a,0x71d5f3f2cda0
0x451882,0x71d5f3f1ebc8
0x412c87,0x71d5f3f35278
0x410f2c,0x71d5f3f39118
0x45ff56,0x71d5f3f447e0
0x4552c0,0x71d5f3f41c44
0x448b5a,0x71d5f3f411b8
0x4552b0,0x71d5f3f4d788
0x46d736,0x71d5f3f4c650
0x4115a9,0x71d5f3f5ebc0
0x4552b0,0x71d5f3f60d68
0x447a20,0x71d5f3f65ab0
0x463aa3,0x71d5f3f67a1c
0x45ff62,0x71d5f3f6bcb0
0x448b5a,0x71d5f3f73548
0x44e248,0x71d5f3f7bd88
0x463a8d,0x71d5f3f45aa8
0x463a96,0x412e73cb0fb0
0x45ff7e,0x71d5f3f9640c
0x4115a9,0x71d5f3fa6580
0x463a96,0x71d5f3fa10c8
0x45ff56,0x71d5f3fb3d20
0x45ff7a,0x71d5f3fb527c
0x410f4f,0x71d5f3fb2e88
0x410f8a,0x71d5f3fb2ec0
0x447a40,0x71d5f3fc7200
0x410f8a,0x71d5f3fc08d0
0x559212,0x71d5f3fc8bb0
0x456198,0x71d5f3fd2e98
0x456240,0x71d5f3fd2ed4
0x447a20,0x71d5f3fc7c40
0x451950,0x71d5f3fe7238
0x456269,0x71d5f3fd6748
0x46d75a,0x71d5f3fee830
0x4552b0,0x71d5f3ff5248
0x558f9a,0x71d5f3ff6c00
0x463aa3,0x71d5f3ff8ffc
0x46d736,0xca49da31a4e0
0x460050,0x71d5f3fb9f90
0x45528e,0xca49da325314
0x463e27,0xca49da327c50
0x45ff7e,0x71d5f3ff913c
0x447a14,0xca49da327cf4
0x45ff56,0xca49da32cdb0
0x45ff62,0xca49da334700
0x559212,0xca49da330fb0
0x456331,0xca49da346380
0x46d633,0xca49da356c00
0x411557,0xca49da367a0c
0x45736c,0xca49da36c1f8
0x45ff62,0xca49da371380
0x463e27,0xca49da3809b0
0x410f8a,0xca49da380d40
0x410f8a,0xca49da385720
0x46d736,0xca49da390f80
0x410f8a,0xca49da391c40
0x45fd16,0xca49da396c00
0x46d773,0xca49da39ebe0
0x447a20,0xca49da394fb8
0x53df14,0xca49da3acd88
0x45eeb8,0xca49da3b6420
0x463e27,0xca49da3c0d70
0x45ff56,0xca49da3c7c70
0x4552c0,0xca49da3ce824
0x412c87,0xca49da3d09b8
0x448b5d,0xca49da3d3560
0x448b5a,0xca49da3d9108
0x411557,0xca49da3dbd8c
0x558f9a,0xca49da3e2770
0x4552b0,0xca49da3ec648
0x410f8a,0xca49da3ed7a0
0x448b5a,0xca49da3f1e38
0x447a39,0xca49da4047f0
0x4552c0,0xca49da407214
0x4552b0,0xca49da4072b8
0x4537e7,0xca49da41513c
0x45ee80,0xca49da408b90
0x457432,0x49950aa5c530
0x4552b0,0x49950aa67228
0x448b5a,0x49950aa647f8
0x46d75a,0x49950aa6bc80
0x46d75a,0x49950aa79100
0x46d773,0x49950aa801a0
0x53df0a,0x49950aa8bc90
0x451882,0x49950aaa0d58
0x4115a9,0x49950aab4700
0x4552b0,0x49950aab4f88
0x4552c0,0x49950aac0d64
0x457432,0x49950aacb570
0x4552b0,0x49950aaccda8
0x448b63,0x49950aadbd88
0x45ff56,0x49950aae5710
0x4495c3,0x49950aaee820
0x45ee89,0x49950aaf6420
0x451882,0x49950aafc518
0x45eea0,0x49950aafdc68
0x4518c8,0x49950aaf0fb8
0x4552b0,0x49950ab0d7b8
0x412c87,0x49950ab27a38
0x45ff56,0x49950ab35270
0x45528e,0x49950ab32ed4
0x460050,0x49950ab10f90
0x4552c0,0x49950ab4d7b4
0x448b5d,0x49950ab4cdb0
0x448b7a,0x25543022c1e8
0x4552b0,0x255430240d48
0x4115a9,0x255430251340
0x46d743,0x2554302525e8
0x558f9a,0x255430251c60
0x410f2c,0x2554302513b8
0x463a8d,0x49950ab34fa8
0x448b5a,0x255430254728
0x45ff7a,0x25543025bf7c
0x463aa3,0x255430261c4c
0x558f9a,0x2554302665b0
0x457432,0x255430265130
0x4552b0,0x25543026b388
0x410f4f,0x255430268b88
0x45ff7e,0x25543025dc5c
0x46d743,0x49950ab4bca8
0x4552c0,0x25543026cda4
0x46d743,0x255430256c28
0x447a14,0x25543027a4c4
0x44e194,0x255430280d58
0x45fe42,0x255430293560
0x4494f2,0x25543028cd80
0x45ee80,0x2554302810c0
0x45eeb8,0x255430296400
0x45ee80,0x255430281180
0x451882,0x255430287c68
0x44e194,0x255430287cd8
0x463aa3,0x25543029dc6c
0x45ff62,0xd79e62abdc40
0x45ff4d,0x28e837c8e828
0x45736c,0x25543029e538
0x45ff62,0x2554302a23d0
0x45ff7e,0x2554302a312c
0x4552c0,0x26713c3c63a4
0x45ff56,0x51a63c51e30
0x4552b0,0x51a63c55248
0x46d743,0x8deda85c5308
0x558f9a,0x51a63c56c00
0x46d736,0x8deda85c6590
0x412c87,0x8deda85c7c58
0x4115a9,0x8deda85c7cc0
0x448b5a,0x8deda85c7a38
0x46d743,0xaff500787288
0x559212,0xaff500790fb0
0x4518c8,0xaff5007a2778
0x53e65a,0xaff50079dc78
0x53e65a,0xaff5007a5128
0x451882,0xaff5007a65a8
0x53df0a,0xaff5007b0f80
0x45ff56,0xaff5007c1c70
0x448b83,0xaff5007c98c0
0x448b5d,0xaff5007d25d0
0x447a14,0xaff5007d3544
0x559212,0xaff5007d8990
0x448b5d,0xaff5007ded60
0x558f9a,0xaff5007e0d50
0x463aa3,0xaff5007e533c
0x45ff56,0xaff5007e8ba0
0x448b83,0xaff5007f5240
0x53df0a,0x71d5f3ff1360
0x53e62b,0x635dff9b1e20
0x4537e7,0x635dff9b473c
0x46d633,0x71d5f3ff1390
0x45eeb8,0x635dff9b8fe0
0x45eea0,0x635dff9c8bb8
0x45eeb8,0x635dff9c98f0
0x410f8a,0x635dff9cc640
0x46d773,0xedc51a8e3100
0x4552b0,0xedc51a8e47e8
0x463a96,0xedc51a8e10d0
0x412cc0,0xedc51a908b88
0x410f8a,0xedc51a911c70
0x460050,0xaff5007f8990
0x410f8a,0xedc51a914700
0x463a96,0xedc51a8e1198
0x44e194,0x41d09e9a63a8
0x4494de,0x41d09e9a5a80
0x53df14,0x41d09e9acda8
0x559212,0x41d09e9b9fb0
0x4552b0,0x41d09e9bed78
0x410f25,0x41d09e9be500
0x558f9a,0x41d09e9cc1d0
0x410f25,0x41d09e9c98c0
0x460050,0xaff5007e7a20
0x412c87,0x41d09e9d5268
0x45ff56,0x41d09e9ddc70
0x46d743,0x41d09e9e1c68
0x4552c0,0x41d09e9e3134
0x46d773,0xfafbfaadbd90
0x4552b0,0xfafbfaad8fc8
0x449502,0x41d09e9b1c44
0x4494ea,0xfafbfaaec648
0x4518c8,0xfafbfaaf4738
0x45ff62,0xfc47cbc2c1c0
0x46d773,0x28d7cf401190
0x558f9a,0x28d7cf4023e0
0x46d743,0x28d7cf405a98
0x45ff7a,0x28d7cf40018c
0x45528e,0x28d7cf407cd4
0x558f9a,0x28d7cf4098e0
0x448b5a,0x28d7cf407c78
0x46d75a,0x28d7cf411c40
0x4552c0,0x28d7cf413574
0x559212,0x28d7cf414fb0
0x410f2c,0x28d7cf414708
0x448b5d,0x28d7cf415100
0x463aa3,0x28d7cf416c3c
0x45ff56,0x28d7cf4210c0
0x45ff90,0x28d7cf420980
0x45eea0,0x28d7cf433578
0x4494de,0x28d7cf4325c0
0x456269,0x28d7cf425708
0x448b7a,0x28d7cf43a4d8
0x412c87,0x28d7cf445308
0x46d773,0x28d7cf4472b0
0x447a39,0x28d7cf445130
0x46d75a,0x28d7cf44c660
0x558f9a,0x28d7cf4663b0
0x46d736,0x28d7cf465300
0x463aa3,0x28d7cf46728c
0x4552c0,0x28d7cf467c74
0x558f9a,0x28d7cf467cd0
0x4552c0,0x28d7cf473574
0x45736c,0x28d7cf472ef8
0x46d773,0x28d7cf476c30
0x460050,0x28d7cf4208e0
0x448b5d,0x28d7cf4789b0
0x448b5a,0x28d7cf47dc68
0x45eea0,0x28d7cf48bcb8
0x4537e7,0x28d7cf48b39c
0x45ee80,0x28d7cf4808c0
0x45ee80,0x28d7cf480980
0x45ee80,0x28d7cf499100
0x4552c0,0x28d7cf4a7294
0x448b5d,0x28d7cf4a98e0
0x45ff56,0x28d7cf4acd80
0x4552c0,0x28d7cf4b9fb4
0x448b5d,0x28d7cf4bbda0
0x45ff7e,0x28d7cf4b1e0c
0x411557,0x28d7cf4c10cc
0x410f8a,0x28d7cf4c1190
0x457432,0x28d7cf4d31f0
0x46d773,0x28d7cf4dbf40
0x46d736,0x28d7cf4dbda0
0x46d75a,0x28d7cf4e11a0
0x45eeb8,0x28d7cf4e7c70
0x451882,0x28d7cf4e7cd8
0x44952d,0x28d7cf4ec658
0x53e62b,0x28d7cf4fbf50
0x45ee80,0x28d7cf4e1c40
0x45fdd7,0x28d7cf501180
0x45528e,0x28d7cf50e834
0x558f9a,0x28d7cf511380
0x45ff62,0x28d7cf5208f0
0x45528e,0x28d7cf52d7b4
0x410f2c,0x28d7cf532ec8
0x46d75a,0x28d7cf53dc50
0x46d743,0x28d7cf546398
0x410f2c,0x28d7cf542778
0x457432,0x28d7cf547c70
0x448b5d,0x28d7cf547ce0
0x448b5a,0x28d7cf54e838
0x463aa3,0x28d7cf55139c
0x4552b0,0x28d7cf551c68
0x4552b0,0x28d7cf551e08
0x4552c0,0x28d7cf556764
0x457432,0x28d7cf555130
0x45ff7a,0x28d7cf56277c
0x46d743,0x28d7cf575118
0x412cc0,0x28d7cf57c508
0x460050,0x28d7cf513d20
0x412cc0,0x28d7cf5898c8
0x463e27,0x28d7cf58dff0
0x46d75a,0x28d7cf58c1f0
0x410f2c,0x28d7cf5a10d8
0x412cce,0x28d7cf5a3111
0x4552c0,0x28d7cf5ae814
0x4552c0,0x28d7cf5b1374
0x447a20,0x28d7cf5b2e90
0x447a39,0x28d7cf5b6c30
0x412c87,0x28d7cf5c47e8
0x558f9a,0x28d7cf5c7230
0x463a8d,0x28d7cf5931f8
0x447a39,0x28d7cf5d13b0
0x558f9a,0x28d7cf5d1e30
0x448b5a,0x28d7cf5d1368
0x412c87,0x28d7cf5dbf68
0x45528e,0x28d7cf5dbda4
0x4552c0,0x28d7cf5e7c54
0x4552b0,0x28d7cf5e7cd8
0x412c87,0xab8966efa4e8
0x45ff7a,0xc48ca8ffc52c
0x4552b0,0xab8966f05a98
0x410f25,0xab8966f05300
0x448b83,0x28d7cf4698c0
0x46d75a,0xc48ca9005aa0
0x45736c,0xc48ca900b578
0x410f2c,0xc48ca9010fa8
0x45ff7e,0xc48ca9008bac
0x463a8d,0xa7d08ad7bdb8
0x463aa3,0xd693286a5aac
0x463e27,0xd693286abca0
0x410f2c,0xd693286bbd88
0x463a96,0x28d7cf578fd8
0x46d773,0xd693286c0190
0x447a20,0xd693286c10f0
0x460050,0x6c537036d7b0
0x558f9a,0xd693286c5ab0
0x448b5d,0xd693286c7c40
0x45ff7a,0xd693286d0fac
0x45ff7e,0xd693286d473c
0x447a39,0xd693286d6c30
0x460050,0xc48ca901bdb0
0x4552b0,0xd693286e7218
0x558f9a,0xd693286e72b0
0x410f25,0xd693286e5a80
0x457432,0xd693286f25f0
0x4552b0,0xd693286f4fb8
0x45528e,0xd693286f8fc4
0x410f2c,0xd693286fdc48
0x412cc0,0xd69328706598
0x45528e,0xd69328706384
0x46d736,0xd6932870c660
0x412cc0,0xd6932870e808
0x45ff7a,0xd6932871bd9c
0x463a8d,0xd693286ec1e8
0x448b5d,0xd69328734fa0
0x463e27,0xd6932873ed60
0x460050,0xd693287072a0
0x411557,0xd69328747a0c
0x45ff7e,0xd6932874dfdc
0x45ff7e,0xd69328752edc
0x46d773,0xd69328765100
0x558f9a,0xd693287665a0
0x410f8a,0xd6932876c1e0
0x463aa3,0xd693287713bc
0x45ff62,0x28d7cf3f4700
0x558f9a,0xd69328771e00
0x45ff62,0xd6932877ebc0
0x447a20,0xd693287808c0
0x46d736,0xd69328788bb0
0x4552b0,0xd69328791e38
0x45528e,0xd6932879c504
0x463a8d,0xd69328773d28
0x46d773,0x2c2cbb436770
0x463a8d,0xd693287789a8
0x46d736,0x2c2cbb440d60
0x463a96,0x28e837ca0188
0x411557,0x2c2cbb441c4c
0x4552c0,0x2c2cbb4498d4
0x463e27,0x2c2cbb4525e0
0x412cc0,0x2c2cbb455278
0x4552c0,0x2c2cbb45c534
0x45ff4d,0x28e837c8d780
0x4552c0,0x28e837cf8fe8
0x46d736,0x2c2cbb461c40
0x46d75a,0x28e837d03100
0x45ff7e,0x28e837cb640c
0x412cc0,0xa1abd7fdbf58
0x448b63,0x2c2cbb465308
0x46d736,0x2c2cbb465100
0x457432,0x28d7cf5d4fb0
0x4552c0,0x6c6f1e4c1c44
0x448b5a,0x6c6f1e4c10f8
0x45736c,0x2c2cbb467cf8
0x45ff7e,0xd79e62ac5700
0x46d75a,0xd79e62a55120
0x410f2c,0xd79e62a55268
0x45ff7a,0xd79e62b06580
0x412cc0,0xd79e62a73568
0x4552b0,0xd79e62a73d28
0x463a96,0x28e837ca0998
0x46d75a,0xd79e62a95250
0x447a20,0xd79e62aa5700
0x46d736,0x2c2cbb473d10
0x4552c0,0xd79e62aecd94
0x463a96,0x5829a6ee1c78
0x45eebb,0x28e837ce3118
0x451882,0x2c2cbb47c508
0x45ee80,0x2c2cbb47dc70
0x46d743,0x28e837ced7a0
0x451950,0x2c2cbb494fb8
0x449502,0x28d7cf3f5244
0x45ee80,0x2c2cbb4a09a0
0x451882,0x2c2cbb4ae838
0x451950,0x2c2cbb4b31f8
0x45eeb8,0x2c2cbb4ab570
0x45ee80,0x2c2cbb4bed40
0x45eea7,0x2c2cbb4c1c40
0x45ff7a,0xd79e62afed58
0x45eea7,0x2c2cbb4d31f0
0x46d633,0x2c2cbb4d0f80
0x4494de,0x2c2cbb4d1340
0x44952d,0x2c2cbb4d1398
0x45ee80,0x2c2cbb4c7cc0
0x456269,0x2c2cbb4e10d8
0x45ee80,0x2c2cbb4e11a0
0x45fe3e,0x28e837c92e80
0x53df0a,0x2c2cbb4f8980
0x45ff62,0xd79e62b01c48
0x448b5a,0xd79e62b4e838
0x45eea0,0x2c2cbb5131e8
0x456198,0xd79e62b66588
0x53e62b,0x2c2cbb530f80
0x451950,0x2c2cbb531e38
0x45736c,0x2c2cbb543138
0x412c87,0xd79e62b823d8
0x46d736,0x2c2cbb546580
0x45ff56,0xd79e62c40998
0x45ff7e,0xd79e62c1bd80
0x448b5a,0xd79e62b95268
0x45736c,0x2c2cbb547cf8
0x4552b0,0xd79e62bb2ef8
0x45ff56,0x6c5370331348
0x46d75a,0xd79e62bc47d0
0x4552b0,0xd79e62bc3128
0x46d75a,0xd79e62bd1c70
0x410f8a,0xd79e62bd1e00
0x463aa3,0xd79e62bf6c2c
0x46d736,0x2c2cbb552ea0
0x45528e,0xd79e62c07c44
0x46d75a,0xd79e62c247c0
0x46d743,0xd79e62b872a0
0x463a96,0x2c2cbb556c18
0x4552b0,0xd79e62c47cd8
0x448b5a,0xd79e62c472a8
0x45ff62,0xd79e62abdc40
0x45ff4d,0x28e837c8e828
0x558f9a,0xe8035e460190
0x46d773,0x2c2cbb55e520
0x412c87,0x6c53703498c8
0x45ff90,0xa7d08ad4cdb8
0x46d75a,0x6c5370365ab0
0x45ff7e,0xd79e62ae2758
0x46d743,0xd79e62be98d8
0x46d773,0x2c2cbb5665b0
0x558f9a,0x6c53703abc80
0x463a96,0x2c2cbb567210
0x4115a9,0xa7d08ad10f80
0x412cc0,0xa7d08ad1c508
0x558f9a,0xa7d08ad447e0
0x4552c0,0xee30bb9423e4
0x463aa3,0x5829a6ed098c
0x460050,0xa7d08ad7bf60
0x463a8d,0x5829a6ec8b80
0x463aa3,0x5829a6eedfcc
0x410db0,0x5829a6ed6c00
0x4552c0,0x71d5f3e047e4
0x45fd16,0x635dff9c5a80
0x463aa3,0x71d5f3e6658c
0x463aa3,0x71d5f3e7a4cc
0x45736c,0x2c2cbb5865b8
0x411557,0x71d5f3f208cc
0x410f8a,0x71d5f3f20990
0x463e27,0x71d5f3f247e0
0x460050,0x71d5f3f2cda0
0x46d736,0x2c2cbb5925f0
0x448b5d,0x2c2cbb5931d0
0x45ff7e,0xca49da356c00
0x448b5d,0x2c2cbb596c30
0x463a96,0x71d5f3fa1198
0x558f9a,0x71d5f3fe0d60
0x448b5d,0x2c2cbb59a4e0
0x559212,0x71d5f3fecda0
0x447a39,0xca49da355270
0x45528e,0xca49da365314
0x412c87,0xca49da3ab558
0x45528e,0xca49da3ab394
0x463aa3,0xca49da41513c
0x412cc0,0xca49da415248
0x46d75a,0xb207126b3550
0x46d736,0x49950aa801a0
0x412cc0,0x49950aa91c78
0x558f9a,0x49950aa96c10
0x412c87,0x49950aaa1c48
0x46d773,0x2c2cbb5b6c10
0x4552b0,0x49950aaf25c8
0x45ff7e,0x2c2cbb5b31cc
0x4552c0,0x49950aafdc68
0x4552c0,0x49950ab08b94
0x448b5a,0x25543022c1e8
0x45ff56,0x255430293560
0x410f4f,0x255430231c48
0x45ff7a,0x71d5f3ff1390
0x45ff7e,0xaff5007b0f80
0x410f2c,0x25543023ed58
0x4552c0,0x2554302898c4
0x45ff56,0xaff5007c1c70
0x46d736,0x2c2cbb5cd790
0x45ff62,0x41d09e9b1c44
0x4552b0,0xaff5007b6438
0x463aa3,0x635dff9b473c
0x4552c0,0x635dff9b4f84
0x460050,0x71d5f3ff1360
0x447a20,0x635dff9b89a0
0x412cce,0x635dff9c0991
0x4552c0,0x635dff9c8bb8
0x4552b0,0x41d09e9a98d8
0x4552b0,0x41d09e9b6748
0x463a8d,0xfafbfaaec648
0x46d736,0x2c2cbb5e10c0
0x448b5d,0x2c2cbb5e23e0
0x410f8a,0x28d7cf42bca0
0x4552c0,0x28d7cf433578
0x410f4f,0x28d7cf48b548
0x410f4f,0x28d7cf498988
0x45736c,0x2c2cbb5f1c78
0x45ff7a,0xd79e62b06580
0x46d736,0x2c2cbb5f3540
0x412cce,0x2c2cbb4847d1
0x412cc0,0x2c2cbb48c1e8
0x447a14,0x2c2cbb48dfd4
0x4115a9,0x2c2cbb490f80
0x45ff7e,0x2c2cbb4d0f80
0x411557,0x2c2cbb4a018c
0x46d773,0x2c2cbb6011a0
0x412cc0,0x2c2cbb4be518
0x463e27,0x2c2cbb4c1c40
0x558f9a,0x2c2cbb4c08f0
0x4552c0,0x2c2cbb4c98c4
0x558f9a,0x2c2cbb4d3d00
0x410f4f,0x2c2cbb4d3548
0x46d773,0x2c2cbb60b3b0
0x559212,0x2c2cbb4e8b90
0x447a14,0x2c2cbb4f25e4
0x46d75a,0x2c2cbb516c20
0x558f9a,0x2c2cbb51bf50
0x45528e,0x2c2cbb5247c4
0x412cc0,0x2c2cbb534f88
0x4115a9,0x2c2cbb538980
0x447a20,0x2c2cbb52b380
0x45fdfc,0x2c2cbb61e50c
0x447a20,0x2c2cbb53ed60
0x4552b0,0x2c2cbb53ebe8
0x4115a9,0x2c2cbb540d40
0x45ff56,0x71d5f3e51350
0x45ff62,0x5115330d1390
0x45fdd7,0x5115330e08d0
0x53e62b,0x5115330e5700
0x451882,0x5115330e8b98
0x53e62b,0x5115330f2ea0
0x46d633,0x5115330f2ed0
0x53e5fc,0xfc47cbc2c678
0x400530,0x28e837cdc530
0x463fa0,0x28e837c99fa0
0x457432,0x511533111c70
0x4518c8,0x5115331011b8
0x45528e,0x511533116c34
0x53df0a,0x51153311e530
0x45ee80,0x5115331208c0
0x46d773,0x511533127ce0
0x559212,0x5115330febf0
0x46d75a,0x51153312dff0
0x448b5d,0x51153312e820
0x45eeb8,0x5115330ddc60
0x45ee80,0x511533132ef0
0x4552b0,0x511533132e88
0x46d130,0x28e837c85130
0x53c980,0x511533138980
0x463a96,0x5115330e3120
0x447a20,0x511533134700
0x45ff56,0x5115331401a0
0x412740,0x28e837c96740
0x410700,0x5829a6ef4700
0x45ff4d,0x28e837c925c8
0x46d15e,0xa7d08ad65ab0
0x45ff56,0x28d7cf4acd80
0x443d2b,0xa7d08ad65121
0x448b5a,0x66598a78bc88
0x45ff56,0x66598a795130
0x45ff62,0x66598a7a0180
0x53cacd,0x66598a7a7208
0x45ff62,0x98f5690e5a80
0x45ff7a,0x28e837ced7a0
0x46d15e,0x66598a772ea0
0x410b32,0x66598a7adfc0
0x463aa3,0x66598a7c119c
0x45ff4d,0x28e837c9ed78
0x443d2b,0x66598a7c6591
0x45ff56,0x412e73cae810
0x412cce,0x66598a7c7c51
0x42ccad,0x66598a7cb3a0
0x45ff62,0x5829a6ec1c40
0x47338d,0x66598a7d6414
0x45ff56,0x66598a7e7290
0x494c82,0x66598a7f8988
0x494c7e,0x66598a807c78
0x494c73,0x66598a825a80
0x494c00,0x66598a7f6c00
0x448b7a,0x5115330c47c8
0x45ff56,0x6af9d6d08ba0
0x460950,0x66598a847c70
0x405c50,0x66598a75dc50
0x463aa3,0x6af9d6d125cc
0x456198,0x6af9d6d12e98
0x4561ac,0x6af9d6d12ed4
0x447a40,0x6af9d6d15100
0x46d736,0x6af9d6d19120
0x45ff56,0x8414a34dc500
0x558f9a,0x7ebb3c7ab540
0x45ff62,0xaff5007e3110
0x443d2b,0x7ebb3c7ec661
0x45ff7a,0x7ebb3c7f510c
0x4518c8,0x7ebb3c807a38
0x45ee80,0x7ebb3c811390
0x45eea0,0x7ebb3c811378
0x4494de,0x66598a7b25c0
0x53df0a,0x7ebb3c819120
0x456269,0x7ebb3c7fbd98
0x456269,0x7ebb3c7fbf48
0x44952d,0x6af9d6d1c518
0x451882,0x7ebb3c81dc48
0x448b7a,0x7ebb3c8272a8
0x4494ea,0x7ebb3c825a88
0x448b7a,0x7ebb3c82b398
0x45ee80,0x7ebb3c7fa4c0
0x494c97,0x7ebb3c832ef8
0x494c73,0x7ebb3c836400
0x494c93,0x7ebb3c841c78
0x494c73,0x7ebb3c845aa0
0x494c73,0xd79e62c27200
0x494c73,0x7ebb3c855270
0x494c73,0x7ebb3c85dc50
0x46d773,0xd79e62aa1190
0x411557,0x7ebb3c811c4c
0x46d736,0x7ebb3c86e830
0x46d736,0x7ebb3c873d30
0x4552b0,0x7ebb3c8208c8
0x4552b0,0x7ebb3c8209a8
0x411d2f,0x7ebb3c8223e0
0x4552c0,0x7ebb3c827c74
0x4552b0,0x7ebb3c827cf8
0x46d75a,0x7ebb3c82b550
0x4552c0,0x7ebb3c82bc84
0x4495c3,0x7ebb3c88c1c0
0x44962d,0x71d5f3fd5100
0x451882,0x7ebb3c890fa8
0x45fe42,0x7ebb3c894720
0x410f25,0x7ebb3c885a80
0x410c00,0x7ebb3c892ea8
0x410b32,0x7ebb3c892ef0
0x443d2b,0x7ebb3c89e501
0x45eeb8,0x7ebb3c7edfd0
0x44952d,0x1d8d5dacbc98
0x451950,0x24d6558c1c78
0x45eea7,0x24d6558c6390
0x448b7a,0x24d6558c7c48
0x45ee80,0x24d6558f25f0
0x457432,0x7ebb3c875270
0x4494ea,0x5829a6ec5708
0x457432,0x7ebb3c879130
0x45fe1c,0x6c537033c500
0x451882,0xc2041aa76438
0x45eeb8,0x24d65592b560
0x46d614,0x28d7cf507cc0
0x456269,0x24d6558c2758
0x44e194,0x24d6558c10c8
0x46d75a,0x24d6558c6590
0x53e62b,0xd7cc94e21c50
0x45eeb8,0xdd2838a31c40
0x45ee80,0xdd2838a3bda0
0x44952d,0x5829a6ee6388
0x451882,0xdd2838a45108
0x46d633,0xdd2838a423c0
0x451882,0xdd2838a43108
0x45fe3e,0x28e837c92ec0
0x447a40,0x24d6558d3540
0x463a96,0xdd2838a59100
0x46d773,0xdd2838a5e530
0x46d773,0xdd2838a610f0
0x4552b0,0x24d65590cdb8
0x412c87,0x24d655913d28
0x558f9a,0x24d6559125d0
0x412cce,0x24d655935111
0x412cc0,0x24d65593c508
0x4552c0,0xd7cc94e16c04
0x410f8a,0xd7cc94e16400
0x4552b0,0xd7cc94e1a4c8
0x410f2c,0xd7cc94e1bd98
0x45736c,0x2c2cbb5298f8
0x412c87,0xdd2838a2e828
0x558f9a,0xd7cc94e25110
0x411557,0xdd2838a331cc
0x45528e,0xdd2838a34fa4
0x558f9a,0xdd2838a3bf70
0x4552b0,0xdd2838a4b388
0x46d75a,0xdd2838a53d30
0x45fdfc,0x878ddf9e658c
0x45ff4d,0x28e837c8e828
0x4494f2,0xdd2838a525c0
0x44962d,0x66598a756c00
0x559212,0x51153313bf70
0x4537e7,0x878ddf9ec67c
0x46d614,0x28e837ccdfc0
0x45ee80,0x878ddf9f3d20
0x451882,0x66598a7b0fa8
0x53df14,0x878ddf9f8fc8
0x53df0a,0x28d7cf5d31e0
0x53e5fc,0x878ddf9f9138
0x448b7a,0x66598a7c7a18
0x4518c8,0xa7d08ad0b3b8
0x45eea0,0x878ddf9fed78
0x53e62b,0x878ddfa009a0
0x456198,0x878ddf9fe538
0x559212,0x66598a75ebf0
0x45fd16,0xa7d08ad67a00
0x44952d,0x878ddfa01c48
0x45ee80,0x878ddfa05710
0x46d736,0xa7d08ad65ab0
0x411804,0x878ddfa098d0
0x456198,0x66598a78d798
0x45eeb8,0x66598a78dff0
0x46d633,0x878ddfa0e810
0x411104,0x28e837c95104
0x449e23,0x878ddfa14f98
0x411258,0x28e837c95258
0x558f9a,0x878ddfa2c1d0
0x45eeb8,0x878ddf9ebc80
0x46d614,0x878ddfa31e00
0x45ee80,0x878ddfa39f90
0x53df14,0x878ddfa3ebc8
0x53df0a,0xd79e62b07cf0
0x4552c0,0x66598a7dbf74
0x53cb5b,0x41d09e9d9128
0x47338d,0x66598a7dbdac
0x460108,0x28e837ca3108
0x494c73,0xd79e62a58fd0
0x494c73,0x66598a823100
0x494c73,0x8a4feef6b380
0x494c73,0x28e837c90fb0
0x494c7e,0x8a4feef75138
0x494c93,0x6af9d6d201b8
0x447a40,0x8a4feef51350
0x448b5d,0x8a4feef80190
0x412c01,0x28e837c96c01
0x45ff4d,0x66598a7810d8
0x45ff4d,0x66598a7a11a8
0x47338d,0xf3453b208bac
0x53cb5b,0xca49da3e98f8
0x53cb5b,0x49950ab36408
0x410887,0xcc2ca36fc510
0x45ff7e,0xcc2ca3718fec
0x45ff62,0xcc2ca371a4f0
0x47338d,0xcc2ca37201bc
0x46d18d,0xcc2ca3721c40
0x412c87,0xcc2ca3722758
0x412c87,0xcc2ca3725138
0x45ff56,0x66598a795130
0x42ccad,0xe8035e45a4d0
0x47338d,0xcc2ca37498e4
0x443d2b,0x28d7cf51e501
0x412999,0xcc2ca375a4e0
0x47338d,0xcc2ca37609b4
0x410725,0xcc2ca37608c0
0x45ff4d,0x6c537038dff8
0x443d2b,0xcc2ca376e801
0x411557,0xcc2ca3771e0c
0x46d15e,0x6c5370385730
0x45ff56,0xcc2ca3785300
0x410700,0xcc2ca377e500
0x41091b,0xcc2ca3791c48
0x463e27,0xcc2ca379c510
0x45ff62,0xcc2ca37a09a0
0x45ff7a,0xd79e62ae2758
0x46d18d,0xcc2ca37b5130
0x443d2b,0xca49da3c72a1
0x46da82,0x28e837c85a82
0x47c586,0x28e837cc3120
0x57cccf,0xcc2ca37c7ccf
0x53de87,0x49950aac2760
0x558f9a,0x8a4feef87c40
0x456331,0x8a4feef87cc0
0x46d633,0xcc2ca37ce800
0x451950,0x8a4feef85308
0x45ee80,0xcc2ca37c1180
0x45ee80,0x6af9d6d1ebe0
0x42d5ac,0xcc2ca37d5278
0x559fe0,0xcc2ca37d6418
0x558f9a,0x7ebb3c7f1360
0x494c73,0xcc2ca37e08e0
0x494c73,0xcc2ca37e98c0
0x42d5e0,0x7ebb3c899fb0
0x494c73,0xcc2ca38210f0
0x494c73,0x7ebb3c7d4fb0
0x53df0a,0xcc2ca3838990
0x409edb,0x71d5f3fd5100
0x44959d,0xcc2ca3731c40
0x4494ea,0x28d7cf5c0988
0x53df14,0xcc2ca3842748
0x53df14,0xcc2ca37e47e8
0x400530,0x28e837cdc530
0x4494de,0xcc2ca37b1e00
0x53df14,0x71d5f3ff0fa8
0x53df14,0xcc2ca38498c8
0x53e62b,0xcc2ca3850980
0x449e23,0xcc2ca3854708
0x42ca41,0x8876f2fcc640
0x456198,0x8876f2fcd7a8
0x45eeb8,0xcc2ca385c500
0x4494de,0x28d7cf418980
0x53df0a,0x2c2cbb4698c0
0x449502,0xcc2ca3860184
0x53cb5b,0xcc2ca3846598
0x53cb5b,0xcc2ca3865718
0x53e62b,0xcc2ca3872ed0
0x558f9a,0xcc2ca385ebf0
0x4518c8,0xcc2ca38789b8
0x448b7a,0xcc2ca37298f8
0x4537e7,0xcc2ca388312c
0x53e62b,0xcc2ca3885330
0x4067c7,0xcc2ca3730f90
0x53cb5b,0x71d5f3f9a4d8
0x4552b0,0xcc2ca3879108
0x447a20,0xcc2ca3896430
0x449e23,0xcc2ca3887a18
0x449e23,0xca49da3bc508
0x456240,0xcc2ca38a5114
0x45eeb8,0xcc2ca38a98f0
0x45eeb8,0xcc2ca38a8bb0
0x53df0a,0xcc2ca38b1c70
0x456269,0xcc2ca38b9128
0x45eeb8,0xcc2ca38b6410
0x45ee89,0xcc2ca38c7230
0x4552b0,0xcc2ca377ebd8
0x558f9a,0xcc2ca377ed50
0x4552b0,0xcc2ca37925e8
0x4552c0,0xcc2ca37a5a84
0x4552b0,0xcc2ca38cb398
0x4552c0,0xcc2ca37bbf54
0x45ff7e,0x255430256c3c
0x45ff7e,0xcc2ca38e09bc
0x45ff56,0xcc2ca38e2740
0x45ff56,0xcc2ca38e5300
0x46d75a,0xcc2ca38debe0
0x410b32,0xcc2ca38ded70
0x53cb5b,0x71d5f3ef8988
0x443d2b,0x4741a641bf71
0x45ff89,0x66598a7ba4c0
0x45ff56,0x4741a6420180
0x45ff4d,0xa7d08ad75278
0x463a8d,0x6c537036b578
0x45ff89,0x4741a6425700
0x46d15e,0x6c537036b380
0x46d773,0x4741a6432ec0
0x410800,0x4741a6432ea0
0x46d181,0x6c537034cd80
0x45ff62,0x6c5370370990
0x46d18d,0x4741a643a4d0
0x53cb5b,0x4741a6440d68
0x412cce,0x4741a6441c51
0x410b90,0x4741a644b548
0x45ff7a,0xd79e62ae2758
0x45ff7e,0xd79e62be98d8
0x45ff7e,0xca49da3c8b8c
0x45ff7e,0x8d986902b38c
0x412d56,0x8a4feef88b88
0x47338d,0x8a4feef863ac
0x451882,0x6af9d6d16748
0x47338d,0xcc2ca381642c
0x412999,0x4d2bb47bebe0
0x4561ac,0x4d2bb47c63b4
0x558f9a,0x4d2bb47c65b0
0x45ee80,0x4d2bb47c8ba0
0x47338d,0x4d2bb47d9fbc
0x46d193,0x71d5f3e9c530
0x53cacd,0xcc2ca38bbf58
0x463a96,0x5115330ccd80
0x463aa3,0xb381a3bf4c
0x463e27,0xb381a3bda0
0x463e27,0xb381a46380
0x46d75a,0xb381a46580
0x443d2b,0x4741a6413551
0x53cb5b,0xb381a4cd88
0x463aa3,0xb381a4e81c
0x412719,0xb381a51c48
0x53cacd,0x2c2cbb4bbda8
0x45ff56,0x11e281df9100
0x46d773,0x4741a6414f80
0x412c87,0x11e281e047d8
0x409edb,0x32bd14b925e8
0x443d2b,0x32bd14b96c31
0x46d75a,0xc1b5f0189b0
0x47338d,0x69dd93b79fac
0x46d151,0xe470055e7a08
0x53cacd,0xe470055f1c48
0x412c87,0xe470055f25d8
0x46d773,0xcc2ca38ecda0
0x53cb5b,0xc5e52af59118
0x46d773,0xb381a53560
0x443d2b,0xc5e52af68b91
0x443d2b,0xc5e52af709b1
0x463a96,0xdd2838a59100
0x46d193,0xe470055e7cf0
0x46091a,0xb1739fbcc1c8
0x47338d,0xc5e52af7642c
0x409edb,0xb1739fbd1c78
0x4602e0,0x133ad1cacd90
0x412768,0x1719cc5dc48
0x46091a,0x1719cc66388
0x45ff62,0x1719cc725e0
0x46d18d,0x28d7cf4d1c40
0x47338d,0x1719cc7dc5c
0x46d18d,0x1719cc8e830
0x53cacd,0x464939aec658
0x46d773,0x8d98690272a0
0x4608f0,0x4741a643e508
0x45ff56,0x11e281e05700
0x46d773,0x66598a767220
0x412719,0x54962a2c08c8
0x412768,0x54962a2c0988
0x46d18d,0x3a0447246380
0x412cc0,0x3a044724d798
0x411557,0x24d6558ecd8c
0x46091a,0x3a044724bcb8
0x53cacd,0xcc2ca37fbd98
0x412c87,0x3a044725dc78
0x47338d,0x3a044726513c
0x412c87,0x3a044726b548
0x53cacd,0x3a044726d7b8
0x412c87,0x3a044726e838
0x409edb,0x4d2bb47c5108
0x45ff4d,0x66598a7a10c8
0x45ff56,0x3a0447275240
0x45ff4d,0x28e837c8dfc8
0x45ff56,0x99d8269cc1c0
0x47338d,0x24d6558f4fbc
0x409edb,0x71d5f3e1ebf8
0x53cacd,0x99d8269d31e8
0x47338d,0x99d8269d4f8c
0x463e27,0x99d8269d8fe0
0x412c87,0x99d8269de538
0x443d2b,0x99d8269e7c51
0x409edb,0x99d8269ed7b8
0x46d181,0x71d5f3fcb380
0x463e27,0x99d826a00180
0x45ff7e,0x99d8269f472c
0x53cacd,0x66598a7b2e98
0x53cb5b,0x66598a7b2ed8
0x463aa3,0xbf7dd5e51c4c
0x412743,0xbf7dd5e51e38
0x45ff7e,0xbf7dd5e54f8c
0x45ff56,0xbf7dd5e5ed60
0x4608f0,0x66598a805108
0x46091a,0xbf7dd5e66398
0x412cc0,0xbf7dd5e6e838
0x46091a,0xbf7dd5e7bf68
0x53cb5b,0xd79e62a8e838
0x46d75a,0xbf7dd5e8e830
0x412755,0xbf7dd5e93d00
0x412743,0xbf7dd5e91c58
0x53cb5b,0xbf7dd5e98ff8
0x409edb,0xd79e62b531c8
0x53cacd,0xbf7dd5e9bdb8
0x46d75a,0xbf7dd5e9c500
0x4608f4,0x6c6f1e4c5100
0x443d2b,0xbf7dd5e54731
0x46d75a,0xbf7dd5ea5a80
0x46d18d,0x71d5f3fd4f80
0x46d743,0xbf7dd5e52ef8
0x46d773,0xcdaaa6e309a0
0x46d18d,0xbf7dd5eb4700
0x4608f0,0xbf7dd5ebbf68
0x53cb5b,0xbf7dd5ec1188
0x463aa3,0xdd2838a647dc
0x443d2b,0xbf7dd5ed2ef1
0x45ff56,0x8a4feef52ec0
0x443d2b,0xbf7dd5e8b551
0x4608f4,0x28e837cf2e80
0x46d18d,0xbf7dd5ee0990
0x463aa3,0xbf7dd5ee11ac
0x463a8d,0xbf7dd5e7ed68
0x45ff7e,0xbf7dd5ee7cec
0x5405e9,0xbf7dd5eee838
0x463a8d,0xbf7dd5e9e528
0x463a8d,0xbf7dd5e9dc68
0x4608f0,0xbf7dd5f05318
0x463a8d,0x66598a76b3a8
0x46d18d,0xbf7dd5f113a0
0x4608f0,0xbf7dd5f210d8
0x46d75a,0xbf7dd5f247d0
0x45ff56,0x28d7cf4210c0
0x45ff56,0x28d7cf415100
0x53cb5b,0xbf7dd5f325f8
0x45ff62,0xbf7dd5f3a4d0
0x473397,0xbf7dd5f408d8
0x47338d,0xbf7dd5f4098c
0x409edb,0x71d5f3e8c1f8
0x463aa3,0xbf7dd5f5471c
0x53cb5b,0xfafbfab0e818
0x46d18d,0xcc2ca3754730
0x412c87,0xbf7dd5f610e8
0x4602e0,0xbf7dd5f611b0
0x463aa3,0xbf7dd5f6531c
0x46d75a,0xbf7dd5f71c40
0x460950,0x71d5f3e4c670
0x45ff62,0x878ddfa41c40
0x46091a,0x71d5f3f21c68
0x443d2b,0x4741a6427291
0x46d15e,0x4741a6419100
0x4106a7,0x2c2cbb5c5108
0x53cacd,0xa1abd7fded58
0x443d2b,0xbf7dd5f925f1
0x47338d,0xbf7dd5f931dc
0x53cacd,0xbf7dd5f96c18
0x443d2b,0x2554302a10f1
0x463a8d,0x2554302a1c78
0x45ff7a,0x25543025dc5c
0x443d2b,0xbf7dd5fa5ab1
0x47338d,0xbf7dd5fabc94
0x473397,0xbf7dd5fb2e80
0x443d2b,0xbf7dd5fb4711
0x463aa3,0xbf7dd5fc0d4c
0x410800,0xbf7dd5fc10f0
0x42ccad,0xbf7dd5fc11a0
0x412c87,0xbf7dd5fc47e8
0x412cc0,0xbf7dd5fc7218
0x410c00,0xbf7dd5fc72a8
0x410c00,0xbf7dd5fcbc88
0x463e27,0xbf7dd5fd3540
0x45ff56,0x4741a6418fd0
0x46d75a,0xbf7dd5fd5120
0x410c00,0xbf7dd5fd5268
0x45ff7e,0xedc51a8e3100
0x412cc0,0xbf7dd5fe6388
0x473397,0xbf7dd5fe6590
0x443d2b,0xbf7dd5fe8b81
0x42ccad,0xbf7dd5feb380
0x410c26,0xbf7dd5ff31f8
0x46d75a,0xbf7dd5ffed40
0x53cb5b,0xbf7dd6000188
0x46d75a,0xbf7dd6005100
0x463e27,0xbf7dd60098e0
0x46d75a,0xbf7dd600b570
0x46d18d,0xbf7dd600c640
0x4115a9,0xbf7dd600dfc0
0x47338d,0xbf7dd601139c
0x463aa3,0xbf7dd6013d0c
0x45ff56,0xbf7dd6016c20
0x45ff4d,0xa7d08ad75118
0x410b32,0xbf7dd6021c40
0x46d193,0x1719cc76c30
0x45ff56,0xbf7dd6027cc0
0x45ff7a,0xbf7dd6027c6c
0x53cacd,0xbf7dd602dfd8
0x53cb5b,0x71d5f3e389a8
0x45ff56,0xbf7dd60408c0
0x460050,0xedc51a8fbda0
0x410c00,0xbf7dd6045118
0x463aa3,0xbf7dd6047a0c
0x443d2b,0xaa4eb5de23e1
0x410800,0xaa4eb5de1c70
0x443d2b,0xaa4eb5de2751
0x443d2b,0xaa4eb5de7a11
0x410b32,0xaa4eb5de98c0
0x46d181,0xaa4eb5dec640
0x42ccad,0xaa4eb5df3560
0x410c00,0xaa4eb5df6c38
0x46d75a,0xaa4eb5dfa4d0
0x46d181,0x9ae0765fbd80
0x45ff7e,0x2c2cbb5b6c10
0x4602e0,0x9ae0765fc530
0x463a8d,0x3a0447263128
0x53cacd,0x9ae076603118
0x53cb5b,0x9ae0766063b8
0x45ff7a,0x2c2cbb55e520
0x46d75a,0x9ae076607200
0x412cc0,0x9ae0766072b8
0x412cc0,0xbf7dd5e78fd8
0x463aa3,0x7c53326f1c6c
0x410c00,0x7c53326f1e08
0x42ccad,0x1719cc95240
0x412c87,0xc8d28174708
0x45ff62,0x28e837cfdc70
0x53cacd,0xc8d2817bd98
0x45ff62,0xaff5007c98c0
0x45ff56,0xaff5007d25f0
0x410b32,0xc8d2817ebf0
0x46001c,0x2c2cbb465308
0x412c87,0xc8d28185118
0x463a96,0xdd2838a59fa0
0x47338d,0xc8d2818e834
0x463a96,0xdd2838a60198
0x53cacd,0xc8d281a1c68
0x46d773,0xc8d281a3120
0x410c00,0xc8d281a7a08
0x473397,0xc8d281a7c50
0x443d2b,0xc8d281ac661
0x443d2b,0x24d65593a4f1
0x45ff4d,0x28e837c8e828
0x410b32,0xc8d281b1e10
0x463a8d,0x51a63c50fb8
0x410b90,0xc8d281b6748
0x45ff4d,0x6c537038d7b8
0x460050,0x8876f2fd89a0
0x410b32,0xc8d281c7c60
0x46001c,0x28d7cf3f4700
0x473397,0xc8d281ccd98
0x463a8d,0xbf7dd5e8c678
0x45ff7a,0x49950ab4bca8
0x45ff56,0xc8d281dbf60
0x473397,0xc8d281e0990
0x412c87,0xc8d281e5118
0x410c00,0xc8d281f0f98
0x45ff4d,0x28e837c9ed78
0x410c00,0xc8d28201198
0x412cce,0xc8d282010d1
0x409eee,0xc8d28202778
0x5405e9,0xc8d282072b8
0x473397,0xc8d282098d8
0x410b32,0xc8d28210f80
0x45feea,0xd6932876511c
0x463a96,0xdd2838a608d0
0x47338d,0xc8d282208e4
0x46d773,0x511533133560
0x47338d,0xc8d2822dff4
0x42ccad,0x878ddfa210c0
0x53cb5b,0xbf7dd5f509b8
0x46d15e,0xbf7dd5ef6c10
0x463aa3,0xc8d28239fac
0x473397,0xc8d2823a4c8
0x46d773,0x71d5f3e2b570
0x443d2b,0xc8d282423d1
0x443d2b,0xc8d28242741
0x46d15e,0x49950ab113a0
0x46d75a,0xc8d28245110
0x53cacd,0xc8d2824b548
0x410b32,0xc8d2824c660
0x45ff62,0x98f5690e5a80
0x45ff56,0x71d5f3e51350
0x47338d,0xc8d2825135c
0x463a96,0xdd2838a60d50
0x47338d,0xc8d28261c4c
0x410c00,0xc8d28267a38
0x47338d,0xc8d28267c64
0x45ff56,0xcc2ca38e2740
0x46d15e,0xc8d28270fb0
0x53cb5b,0xbf7dd6002748
0x47338d,0xc8d2827ebe4
0x443d2b,0xc8d282808d1
0x53cacd,0xc8d282847c8
0x46d15e,0xc8d282211a0
0x41091b,0x49950ab2c648
0x443d2b,0xc8d28290fa1
0x46d181,0xc8d28291340
0x45ff4d,0x66598a7810d8
0x473397,0xc8d28292e80
0x5405e9,0xc8d28299fb8
0x45feea,0xd693286c0190
0x5405e9,0xc8d282a1c78
0x45ff56,0xc8d282a5a80
0x443d2b,0xcc2ca38e10e1
0x42ccad,0xc8d282a7a30
0x410b90,0xc8d282a8b88
0x45ff4d,0x28e837c92e80
0x53cacd,0xc8d282b5138
0x473397,0xc8d282bbf40
0x410887,0xc8d282bbd80
0x46d773,0xc8d282c0990
0x47338d,0xc8d282c6394
0x47338d,0xc8d282c659c
0x46d18d,0xc8d282d0f90
0x42ccad,0x66598a799100
0x45ff56,0xfdfd3a8c3130
0x45ff4d,0x6c537038dff8
0x45ff56,0x66598a795130
0x45ff62,0xcc2ca3805320
0x47338d,0xc8d282f6404
0x53cacd,0xc8d283023f8
0x53cacd,0x6c5370387c58
0x41091b,0x878ddf9d9108
0x47338d,0xc8d28307a04
0x46d15e,0xc8d281d89a0
0x45ff90,0xca49da3f3540
0x473397,0xc8d28313540
0x46d193,0xc8d28316c30
0x47338d,0xc8d2831910c
0x47338d,0xc8d2831bd94
0x45ff7a,0x4741a643642c
0x443d2b,0xc8d28327ce1
0x53cacd,0xc8d283298d8
0x473397,0xc8d283331c0
0x46d18d,0xc8d28336c30
0x412cc0,0xc8d2833c518
0x463aa3,0xc8d283447cc
0x45ff56,0xc8d283463a0
0x45ff7e,0xc8d28347a0c
0x45ff4d,0x66598a781198
0x45ff56,0x98f5690dbf70
0x45ff7e,0xc8d2835356c
0x410b32,0xc8d28360d50
0x463e27,0xc8d28363110
0x45ff4d,0x28e837c9e518
0x53cb5b,0xc8d2836d7b8
0x410c00,0xaf4780c8c1f8
0x53cacd,0xaf4780c8e808
0x45eebb,0x28e837ce3118
0x45fd16,0x66598a794f80
0x45ff7a,0x28d7cf56277c
0x53df14,0xb66056925a98
0x53e0c1,0x4741a6432ea0
0x46d633,0x6c537034cd80
0x4494de,0xe2032d89a4c0
0x53e088,0x4741a643a4d0
0x45eeb8,0x4741a6447ce0
0x45eeb8,0xb6605691ed40
0x53e083,0x1719cc8e830
0x53e083,0xbf7dd5f113a0
0x53e083,0xbf7dd5fc10f0
0x53e083,0x1719cc76c30
0x451882,0xb6605691ebc8
0x46d75a,0xcc2ca38debe0
0x410f8a,0xcc2ca38ded70
0x4494de,0xb66056932e80
0x44952d,0xb66056932ed8
0x558f9a,0x4741a64298f0
0x448b5d,0x6c537036b578
0x46d736,0x6c537036b380
0x46d773,0xcc2ca3718fec
0x412cce,0x4741a6441c51
0x4494ea,0xcc2ca3731c40
0x410f25,0x4741a644b548
0x46d614,0xb66056938980
0x45eeb8,0xb6605691e520
0x558f9a,0xb6605693c530
0x45ff56,0x255430293560
0x45ff7a,0xd79e62ae2758
0x45ff7e,0xd79e62be98d8
0x449947,0xcc2ca3838990
0x42d5e0,0x7ebb3c899fb0
0x494c73,0xcc2ca38210f0
0x494c73,0x7ebb3c7d4fb0
0x443d2b,0x7ebb3c89e501
0x47338d,0xcc2ca381642c
0x46d773,0x6af9d6d19120
0x447a40,0x8a4feef51350
0x4537e7,0x6af9d6d125cc
0x494c73,0xd79e62a58fd0
0x494c73,0x66598a823100
0x494c73,0x8a4feef6b380
0x494c73,0x28e837c90fb0
0x494c7e,0x8a4feef75138
0x494c93,0x6af9d6d201b8
0x447a20,0x6af9d6d15100
0x4552b0,0x6af9d6d12e98
0x4552c0,0x6af9d6d12ed4
0x45ff56,0xd6932877ebc0
0x412d56,0x8a4feef88b88
0x47338d,0x8a4feef863ac
0x53cb5b,0xca49da3e98f8
0x451882,0x8a4feef85308
0x45ee80,0xcc2ca37c1180
0x45ee80,0x6af9d6d1ebe0
0x559fe0,0x2c2cbb507ce8
0x494c73,0x5115330c10e0
0x42d333,0xb66056956748
0x494c73,0x71d5f3f94f80
0x45eeb8,0x4d2bb47c7220
0x451882,0x4d2bb47c7288
0x473397,0xbcd57edf9118
0x53cb5b,0xbcd57edfbd98
0x46d75a,0x66598a841c70
0x456269,0x55c693e4d7b8
0x45ee80,0x55c693e52eb0
0x456198,0xff3c8d5b5268
0x4518c8,0x6af9d6d16c38
0x53cb5b,0x66598a82dfc8
0x412d56,0x66598a843108
0x448b5a,0x5115330c47c8
0x449502,0xff3c8d5bdc44
0x451882,0x5115330c7a28
0x463e27,0xff3c8d5c10e0
0x494c82,0x66598a7f8988
0x494c7e,0x66598a807c78
0x494c73,0x66598a825a80
0x447a14,0xff3c8d5cb574
0x448b83,0xff3c8d5cc640
0x45ff56,0x66598a83e510
0x47c586,0x28e837cc3120
0x45eea0,0xff3c8d5cb3a8
0x53df14,0x2c2cbb4bbda8
0x53de87,0x49950aac2760
0x4518c8,0x5115330c5ab8
0x4608e7,0x66598a7f1e38
0x45ff62,0xff3c8d5e7c40
0x46d729,0x71d5f3e9bf48
0x443d2b,0xcc2ca37408d1
0x46091a,0xff3c8d5f4fa8
0x443d2b,0xff3c8d5f2e91
0x53cacd,0xd79e62c33558
0x45ff4d,0x66598a7a11a8
0x460050,0xc8d282731f0
0x409edb,0x878ddfa32ea8
0x53cacd,0x878ddfa32ec8
0x460050,0xc8d282a98f0
0x463e27,0xff3c8d6125e0
0x47338d,0xff3c8d618ffc
0x46091a,0xfc47cbc2d788
0x46d614,0xff3c8d621c40
0x448b7a,0xff3c8d5edfd8
0x53df0a,0xd693287698d0
0x46d633,0xe470055e7a08
0x448b7a,0xff3c8d5f6438
0x53df14,0xe470055f1c48
0x456331,0x66598a7f2e90
0x4518c8,0xff3c8d6247f8
0x46d614,0xff3c8d627a00
0x53df14,0x2c2cbb5cc658
0x449502,0xb1739fbce804
0x45ee80,0xff3c8d615260
0x53df14,0xcc2ca37fbd98
0x456269,0x66598a7f1398
0x451882,0x5115330c5708
0x558f9a,0xff3c8d5e6580
0x558f9a,0xff3c8d5ed7b0
0x411d2f,0xff3c8d5f6750
0x447a20,0xff3c8d60bc90
0x4552b0,0xff3c8d615138
0x46d736,0x6c5370367a30
0x456198,0xff3c8d62dfd8
0x4602e0,0xff3c8d62d7b0
0x47338d,0xff3c8d634734
0x456198,0xff3c8d634f98
0x412cce,0xd6fa95373551
0x4561ac,0xd6fa95376c14
0x456198,0xd6fa9537bf48
0x558f9a,0xd6fa953847c0
0x46d773,0xd6fa9538b560
0x558f9a,0xd6fa9538c660
0x45eeb8,0xd6fa9538e800
0x4537e7,0xd6fa9539098c
0x410c00,0xd6fa95391c48
0x447a40,0xd6fa953925d0
0x448b7a,0xd6fa95396408
0x45eeb8,0xd6fa95398fc0
0x448b7a,0xd6fa9539bd88
0x45eea0,0xd6fa953a08f8
0x412cc0,0xd6fa953a2778
0x4561ac,0xd6fa953a5114
0x47338d,0xd6fa95372e84
0x47338d,0xd6fa95396764
0x46d75a,0xd6fa9539bf40
0x473397,0xd9e9d65d5100
0x46d773,0xd9e9d65d6c20
0x45ff89,0xca49da3f3540
0x46d15e,0x71d5f3eb4730
0x53cb5b,0xcc2ca3847a08
0x463a96,0x2149a6cab540
0x460050,0x71d5f3e725e0
0x411557,0xd9e9d65e0d4c
0x46d773,0xd9e9d65e1190
0x410b32,0xd9e9d65e47f0
0x473397,0xd9e9d65e8b80
0x412cc0,0xd9e9d65ec1e8
0x47338d,0xd9e9d65f6c24
0x46d18d,0xd9e9d65febd0
0x47338d,0xd9e9d66010d4
0x443d2b,0xd9e9d66023d1
0x47338d,0xd9e9d66011a4
0x443d2b,0xd9e9d6602741
0x409eee,0xd9e9d66008f8
0x53cb5b,0xd9e9d6600988
0x45ff62,0xd9e9d66098f0
0x410b32,0xd9e9d6606380
0x473397,0xd9e9d6606580
0x443d2b,0x49950aa74f91
0x410725,0xd9e9d660cd80
0x473397,0xd9e9d6616410
0x4106a7,0xb381a4dfc8
0x463aa3,0xd9e9d661ed4c
0x46001c,0x28d7cf5208f8
0x46d18d,0xcc2ca3833570
0x45eeb8,0xff3c8d5c3120
0x45eeb8,0xd9e9d6627c60
0x451882,0xd9e9d6627cc8
0x45ff7e,0xc8d2835356c
0x45ff56,0xd9e9d66423e0
0x451882,0x55c693e4dfe8
0x45ee80,0xd6fa95379110
0x45ee80,0xd9e9d6653d10
0x45ee89,0x5115330c65b0
0x4518c8,0xd6fa95394738
0x45eeb8,0x5115330c5100
0x451950,0xd9e9d666d7b8
0x45ee80,0xd9e9d6672e90
0x449502,0xff3c8d61ed44
0x451882,0xd9e9d662b548
0x447a40,0xd9e9d6636770
0x451882,0xd9e9d6690f98
0x4494de,0xd693286ed780
0x45ee80,0xd9e9d663c520
0x45ee89,0xd9e9d6693570
0x45ee80,0xd9e9d6696430
0x448b7a,0xd9e9d661ebe8
0x4552b0,0xd9e9d65d8fd8
0x4552b0,0xd9e9d6675138
0x4552c0,0xd9e9d6675254
0x447a20,0xd9e9d65e2750
0x45528e,0xd9e9d65edfd4
0x447a39,0xd9e9d65f1e30
0x558f9a,0xd9e9d6687200
0x558f9a,0xd9e9d66125d0
0x45528e,0xd9e9d6613544
0x45ff89,0xca49da3f3540
0x449609,0xcc2ca3721c40
0x473397,0x4d2bb47cdfc0
0x463a96,0x5829a6ee1180
0x494c73,0x7ebb3c7d4fb0
0x42d333,0xcc2ca382e808
0x4602e0,0x7ebb3c892ea8
0x411d2f,0x7ebb3c892ef0
0x451882,0x5115330c7228
0x45eeb8,0x7ebb3c88d780
0x4115a9,0xd9e9d66a6580
0x443d2b,0xcc2ca36f3551
0x53cb5b,0xd9e9d66ad7b8
0x45ff7e,0xc8d2835356c
0x45ff56,0xd9e9d66b1360
0x443d2b,0xd9e9d66b3d11
0x53cacd,0xd9e9d66b89a8
0x4115a9,0xd9e9d66b9f80
0x46d75a,0xd9e9d66c01a0
0x412c87,0xd9e9d66c47e8
0x4608f0,0xd9e9d66c5118
0x443d2b,0xd9e9d663e531
0x46d18d,0x66598a7d2ea0
0x46d181,0x66598a7d2ec0
0x460050,0xd9e9d663ebf0
0x46d193,0xc2041aa78ff0
0x53cacd,0x7ebb3c825728
0x53cb5b,0xa980922fdc68
0x463e27,0xa98092300190
0x45ff62,0xc911b24d89a0
0x45ff7a,0xc911b24da4cc
0x412755,0x5829a6ee6580
0x443d2b,0xc8d28296431
0x46d18d,0xce1384f73540
0x46d193,0xedc51a8ebcb0
0x412743,0xce1384f808f8
0x47338d,0xce1384f8099c
0x412c87,0xce1384f85ab8
0x463aa3,0xce1384f8dfdc
0x473397,0xce1384f91358
0x47338d,0xce1384f9355c
0x45ff56,0xfdfd3a8c3130
0x46d743,0xcc2ca37109b8
0x5405e9,0xce1384fa3138
0x45ff56,0xce1384fab560
0x412cc0,0xd6fa9536e838
0x443d2b,0xce1384fb0991
0x412cc0,0xce1384fb1348
0x4608e7,0xce1384fb13b8
0x53cb5b,0xce1384fb25d8
0x4608f0,0x71d5f3fb1398
0x47338d,0xce1384fb473c
0x46d75a,0xce1384fc7a10
0x47338d,0xce1384fc7c4c
0x463aa3,0xce1384fcbcac
0x460050,0xcc2ca386d7b0
0x53cacd,0xcc2ca36edfc8
0x45ff7e,0xce1384fded4c
0x412cc0,0xce1384fe1c68
0x412768,0xce1384feb388
0x46001c,0x28d7cf501188
0x46d743,0xd9e9d65d0fb8
0x53cacd,0xce1384ff09a8
0x46091a,0xce1384ff4708
0x53cb5b,0xd69328774708
0x463e27,0xce1384ff2e80
0x45fee6,0x28d7cf4dbf5c
0x412cc0,0xce1384ff5138
0x463e27,0xce1384ff9110
0x45ff4d,0x66598a781198
0x45ff56,0xce1385001c40
0x46d743,0xce1384fac678
0x46d773,0xce1385005120
0x47338d,0xce1384ffebfc
0x463aa3,0xce1385008b8c
0x443d2b,0xce1384fc2751
0x53cacd,0xce138500c1d8
0x473397,0xce138500e808
0x463e27,0xce13850125d0
0x47338d,0xce1385018fec
0x5405e9,0x41d09e9c01b8
0x47338d,0xd6fa9537ebfc
0x46091a,0xce1385025138
0x47338d,0xce138502c1dc
0x4608f0,0xce1385031348
0x463e27,0xce13850331f0
0x4608f0,0xce1385034728
0x45ff7e,0xce13850210cc
0x46d18d,0x2c2cbb5e08d0
0x53cacd,0x2c2cbb5e0988
0x412cc0,0xce138503ed78
0x46d18d,0xce1385048b80
0x412cc0,0xce138504c648
0x4608f0,0x4741a642b388
0x53cacd,0xce13850509a8
0x47338d,0xce1385052ecc
0x46d18d,0xce1385058990
0x463a8d,0xd6fa95385aa8
0x473397,0xce138505a4c8
0x45ff56,0x98f5690dbf70
0x412755,0xd9e9d65ebc80
0x47338d,0xce138506511c
0x46d773,0xce1385020d60
0x46091a,0xce1385067288
0x443d2b,0xce1385027231
0x412cc0,0xce138506e808
0x46d773,0xce1385027ce0
0x409eee,0xd79e62bddc78
0x46d773,0xc8d28347c60
0x463aa3,0xce1385078fcc
0x412755,0xce138507a4c0
0x53cacd,0xce1385085a88
0x412c87,0xce1385087a08
0x473397,0xce1385087cc8
0x5405e9,0xce138508b3b8
0x463e27,0xd6fa9538cdb0
0x463e27,0xce1385096770
0x46d75a,0xce138509ed50
0x47338d,0xce13850b912c
0x473397,0xce13850bc508
0x409edb,0xce13850bbdb8
0x463aa3,0xce13850be52c
0x46d18d,0xd9e9d65f25e0
0x46d743,0xd9e9d65d4738
0x412cc0,0xd6fa95392ea8
0x4115a9,0xd6fa95392ec0
0x53cb5b,0xce13850c7298
0x412c87,0xce13850d4738
0x463aa3,0xce13850ddc5c
0x443d2b,0xce13850a65b1
0x46d18d,0xce13850e7230
0x45ff62,0xce13850eb560
0x45ff56,0xce13850f1340
0x45ff62,0xce13850f25d0
0x443d2b,0xce13850e7c71
0x46d181,0xd79e62abebc0
0x463aa3,0xce138510313c
0x4608f0,0xce13851047e8
0x53cb79,0xd9e9d66b4710
0x46d773,0xce13850d6740
0x443d2b,0xce1385116c11
0x4608e7,0xce138512c678
0x46d729,0xbf7dd6015108
0x47338d,0xce138513912c
0x53cb5b,0x6c537032cda8
0x47338d,0xce138514276c
0x412cc0,0xce1385145738
0x4608f0,0xce1385150fa8
0x409edb,0xce138514e838
0x463aa3,0xce1385152e9c
0x46d75a,0xce1385152ef0
0x46091a,0xce1385051358
0x412755,0xce1385051380
0x47338d,0xce13851531fc
0x47338d,0xce138515641c
0x443d2b,0xce138511bf61
0x45fee6,0x28d7cf4011ac
0x409eee,0xce1385162778
0x45ff56,0xce13851065b0
0x463e27,0xce13851731d0
0x46d729,0xce13851725c8
0x412743,0xce1385173568
0x47338d,0x67b1c33c512c
0x443d2b,0x67b1c33c7c71
0x443d2b,0xce1385136431
0x4608f0,0x49950aae5308
0x443d2b,0xce13851463b1
0x45ff7a,0x28d7cf56277c
0x46d75a,0xcd28e571ed40
0x463e27,0xcd28e5725120
0x46d75a,0xcd28e5725320
0x46d773,0xc8d283465a0
0x46d151,0xcd28e5726388
0x409edb,0xcd28e5727a18
0x53cb79,0x2c2cbb605120
0x46001c,0x28d7cf3f4700
0x558f9a,0xff3c8d633540
0x45eebb,0x28e837ce3118
0x4518c8,0xcd28e5738ff8
0x456269,0xff3c8d631c78
0x4518c8,0xcd28e573a4f8
0x456269,0xff3c8d631e08
0x448b7a,0xa980922fbf48
0x53df14,0xcd28e57408e8
0x53cb5b,0xcd28e5736778
0x494c73,0xd9e9d664cd80
0x42f2dc,0xff3c8d6331d0
0x447a20,0xd6fa95371e00
0x44959d,0x66598a7531c0
0x4518c8,0xce1384f74fb8
0x45eea0,0xce1384f8d7a8
0x53df14,0x4d2bb47c1c78
0x45ee80,0xd6fa95371c50
0x494c73,0x99d826a02770
0x47338d,0xd6fa95372e84
0x559fe0,0xd79e62a67c58
0x42d5ac,0xcd28e5734fb8
0x42dd73,0xd6fa95379fa8
0x53df14,0xd79e62c27c68
0x4494f2,0xcd28e5767c40
0x53df14,0xd9e9d65dc528
0x449502,0xe2032d899104
0x45fdd7,0xaff5007c98c0
0x46d633,0xcd28e576dfd0
0x4518c8,0xcd28e576cdb8
0x456331,0xd6fa95378990
0x45fdd7,0xaff5007d25f0
0x46d633,0xcd28e576e810
0x53e65a,0xd6932878b568
0x449609,0xd79e62b8cda8
0x448b7a,0xd6fa95380d78
0x448b7a,0xce1384ff2ec8
0x45fdd7,0xaff5007f5240
0x53df14,0xcd28e5787208
0x53e62b,0xcd28e578dfc0
0x53e62b,0xcd28e5792eb0
0x46d614,0xcd28e5792ec0
0x494c73,0xcd28e5799100
0x494c73,0xcd28e579a4c0
0x4602e0,0xd6fa95381c78
0x451882,0xce138502bcb8
0x45eeb8,0xcd28e57ab550
0x4494f2,0xcd28e57adfc0
0x456269,0xce13850263a8
0x53e62b,0xcd28e57b6400
0x494c73,0xcd28e57b9fb0
0x494c7e,0x6af9d6d131f8
0x449947,0xd6fa9538b560
0x448b7a,0xce138505ebd8
0x53df14,0x7ebb3c845138
0x456269,0xce138505e538
0x45fdd7,0xfc47cbc2c1c0
0x53df14,0x2c2cbb596758
0x448b5a,0xd6fa95396408
0x4518c8,0xce13850b9fb8
0x45eeb8,0xce13850ab3a0
0x53df0a,0xcd28e57e3130
0x451882,0xcd28e57e7208
0x45fe42,0x28d7cf415100
0x4537e7,0xce13850be52c
0x494c73,0x71d5f3e8cd80
0x47338d,0xd6fa95396764
0x46d75a,0xd6fa9539bf40
0x559fe0,0x7ebb3c8465b8
0x4494ea,0x71d5f3e00d48
0x4495c3,0xd79e62b54720
0x53e65a,0x28d7cf419fb8
0x4518c8,0xce13850e0d78
0x53e65a,0xcd28e5802778
0x46d633,0xcd28e5806590
0x53e65a,0x2c2cbb614738
0x45fe42,0x28d7cf4acd80
0x494c73,0xcd28e5811370
0x473397,0xd9e9d65d5100
0x42f294,0xd6fa953a08f8
0x45eeb8,0xce13851125e0
0x53df14,0xcd28e58208d8
0x53df14,0xcd28e5825308
0x44952d,0xcd28e5828b98
0x494c73,0xce1384ffa4f0
0x45ff56,0x66598a795130
0x45eeb8,0xd6fa953a5730
0x456269,0xd6fa953a7a08
0x456269,0xd6fa953a7cf8
0x45ee80,0xd6fa953a7c60
0x4518c8,0xcd28e583c538
0x4494ea,0xcc2ca370cd88
0x494c7e,0xcd28e584cdb8
0x494c73,0xcd28e584e810
0x494c7e,0xb660569513b8
0x559fe0,0x7ebb3c841c48
0x42d593,0x7ebb3c8408f0
0x456269,0x67b1c33c11b8
0x449502,0xc8d28222744
0x46d633,0xce138516bc80
0x451882,0xcd28e585bdb8
0x451882,0xd6fa953ad7b8
0x53e5fc,0xcd28e58647f8
0x4537e7,0xcd28e58531cc
0x53cb5b,0xd6fa9538b398
0x4115a9,0xd9e9d66a6580
0x46d736,0xcc2ca36f0fb0
0x4552c0,0xd9e9d66b5264
0x46d773,0xc8d2835356c
0x448b5d,0xc8d28354710
0x411d2f,0xce1384f808f8
0x45528e,0xce1384f931c4
0x558f9a,0xce1384f93d10
0x4552c0,0xce1384f99fa4
0x448b63,0xd9e9d66ba4c8
0x412cc0,0xd6fa9536e838
0x447a20,0xcd28e5755260
0x4552c0,0xcd28e5755114
0x412cc0,0xce1384fb1348
0x447a20,0xce1384fc7200
0x4552c0,0xce1384fcb3a4
0x447a40,0xce1384febcb0
0x448b5d,0xce1384fec1d0
0x46d773,0xd9e9d65d0fb8
0x412cc0,0xce1384ff5138
0x45736c,0xce1385005120
0x558f9a,0xcd28e57863b0
0x4552c0,0xce138502b574
0x4552c0,0xce13850309b4
0x558f9a,0xce1385033d00
0x411d2f,0xce1385033550
0x559212,0xce1385038ff0
0x447a20,0xce1385045a90
0x411d2f,0xce1385045110
0x447a39,0xce1385060d70
0x4552c0,0xce1385065734
0x4552b0,0xce1385068b88
0x4552b0,0xce138506cdb8
0x412cc0,0xce138506e808
0x45736c,0xc8d28347c60
0x448b63,0xc8d28347cc8
0x45ff56,0x28d7cf415100
0x4552b0,0xce138507dc68
0x4552c0,0xce138508c1f4
0x558f9a,0xcd28e57d3540
0x411d2f,0xce138508cd90
0x447a40,0xce138509e530
0x45528e,0xce138509ebf4
0x45fd16,0xce13850623c0
0x4552c0,0xce13850a08f4
0x4552b0,0xce13850a0998
0x411d2f,0xce13850a01a0
0x53de87,0xce1385034728
0x53de87,0xce1385031348
0x412cc0,0xd6fa95392ea8
0x4115a9,0xd6fa95392ec0
0x46d773,0xd9e9d65d4738
0x412c87,0xce13850d4738
0x4552c0,0xce13850d4f84
0x448b5d,0xce13850808f0
0x559212,0xce13850e8ba0
0x4552c0,0xce13850f9124
0x448b5d,0xc8d28359fb0
0x448b63,0xc8d2835bf48
0x4552c0,0xcd28e5803104
0x558f9a,0xce13850fdc70
0x4552c0,0xce1385115114
0x558f9a,0xce1385115250
0x4552b0,0xce1385128bb8
0x558f9a,0xce1385140d60
0x411c2e,0xd6fa9539ebe8
0x45528e,0xce13851423d4
0x558f9a,0xce13851525f0
0x46d75a,0xce1385152ef0
0x4552c0,0xce1385165734
0x447a40,0xce1385168bb0
0x4552b0,0xce1385173d28
0x4115a9,0xd6fa953a5a80
0x45528e,0x67b1c33c1c44
0x4552b0,0x67b1c33c5708
0x53de87,0xd9e9d66c5118
0x46d736,0xcc2ca36f25d0
0x447a20,0xcd28e571e530
0x45528e,0xcd28e571ebe4
0x463e27,0xcd28e5725120
0x45ff62,0xfdfd3a8c3130
0x46d736,0xce138504bc90
0x4552b0,0xcd28e572c1c8
0x411d2f,0xcd28e572cda0
0x45ff56,0x66598a795130
0x447a20,0xcd28e5853d00
0x47338d,0xcd28e587bd94
0x53cacd,0x2c2cbb605120
0x47338d,0xcd28e5882774
0x443d2b,0xcd28e588c651
0x45ff4d,0x28e837c8e828
0x45ff56,0xcc2ca38e5300
0x47338d,0xcd28e58925e4
0x47338d,0xcd28e589c53c
0x45ff62,0x5115331401a0
0x45ff7e,0xcd28e58a23dc
0x53cb5b,0xcd28e58a7218
0x53cb79,0x7ebb3c81bdb0
0x410b32,0xcd28e58b13a0
0x410c00,0xcd28e58b1358
0x53cacd,0xcd28e58b2e98
0x53cb5b,0xcd28e58b2ee8
0x473397,0xcd28e58b4f80
0x463a96,0x2149a6cabca0
0x46d15e,0xc911b24ded70
0x46d75a,0xcd28e58c0990
0x4106a7,0x49950aae5108
0x45ff7e,0x28d7cf52728c
0x45ff56,0x28e837cf1e30
0x410b32,0xcd28e58c98d0
0x45ff4d,0x66598a781198
0x412cc0,0xcd28e58cc1d8
0x443d2b,0xcd28e58d4721
0x45ff62,0x255430293560
0x45ff4d,0x28e837c92eb8
0x463a8d,0xce1384fb5278
0x463aa3,0xcd28e58e7c7c
0x46d75a,0xcd28e58e7cd0
0x46d773,0x7ebb3c825300
0x45ff62,0xcc2ca371a4f0
0x473397,0xcd28e58f1e00
0x410887,0xcd28e58f1c40
0x410c00,0xcd28e58fbf78
0x460050,0xce1384fd5120
0x443d2b,0xcc2ca3775131
0x53cacd,0xcd28e5900198
0x53cb79,0xcd28e5905300
0x410c00,0xcd28e5906588
0x45ff7a,0x7ebb3c7f510c
0x45ff62,0xcd28e5908b80
0x53cb79,0x878ddfa15130
0x45ff4d,0x6c537038dff8
0x46d75a,0xcd28e5918fc0
0x410c00,0xcd28e5919108
0x53cacd,0xa040f2045718
0x53cb79,0xcc2ca3721190
0x46d773,0xcc2ca37210d0
0x46001c,0x28d7cf415100
0x45ff56,0xab8966ef89a0
0x45ff4d,0x28e837c9ed78
0x45ff56,0x412e73cae810
0x410b32,0xa040f205bf50
0x46d743,0xcc2ca376b578
0x410c00,0xa040f20608e8
0x410800,0x412e73ccd7a0
0x463aa3,0xa040f206312c
0x410b32,0xa040f2067cf0
0x53cacd,0xa040f20698c8
0x410b90,0xa040f2067c48
0x45feea,0x28d7cf40018c
0x443d2b,0x28d7cf427cf1
0x410700,0xa040f2071340
0x46d743,0x7ebb3c7f6c38
0x46d18d,0xa040f2079120
0x463a8d,0xc8d283509b8
0x46001c,0xfc47cbc2c1c0
0x473397,0xa040f2081180
0x45ff62,0xcc2ca37a09a0
0x443d2b,0xa040f20863b1
0x463e27,0xa040f2091370
0x46d15e,0xce13850709b0
0x46d773,0x28d7cf3f8fc0
0x463aa3,0xa040f20a018c
0x45ff56,0xcc2ca37f8fe0
0x53cacd,0xa040f20a47d8
0x45ff62,0xce13850f25d0
0x42ccad,0x9ae07660dfe0
0x463e27,0xa040f20ac670
0x46d18d,0xcd28e57f3d30
0x45ff4d,0x28e837c92ec8
0x47338d,0xa040f20b2ed4
0x53cb5b,0xa040f20b5278
0x410c26,0xa040f20b6778
0x473397,0xa040f20bed40
0x45ff62,0xff3c8d5e7c40
0x46d193,0xa040f20c23f0
0x45ff7a,0xedc51a8e3100
0x443d2b,0xa040f20c7a21
0x53cb5b,0xa040f20c8b98
0x46d773,0x7ebb3c8001a0
0x47338d,0xa040f20cdff4
0x53cb5b,0xaff5007d4f98
0x45ff62,0xa040f20d6400
0x46d75a,0xa040f20d31f0
0x47338d,0xa040f20d3564
0x410b90,0xa040f20de508
0x46d773,0x8a4feef5ed50
0x473397,0xa040f20e10c0
0x473397,0xa040f20e1190
0x4106a7,0xa040f20e47c8
0x47338d,0xa040f20e5a84
0x46d18d,0xa040f20e7230
0x46d773,0x7ebb3c7a65a0
0x46d15e,0xa040f20edfd0
0x463e27,0xa040f20f1e10
0x45ff7e,0xa040f20f3d3c
0x46d75a,0xa040f20f8990
0x46001c,0xaff5007d25f0
0x47338d,0xa040f2105134
0x47338d,0xa040f210533c
0x45ff56,0xce13851065b0
0x463a96,0x6af9d6d11350
0x46001c,0xaff5007c98c0
0x410800,0xa040f210d7a0
0x47338d,0xa040f2114fa4
0x463a96,0x6af9d6d113a0
0x463e27,0xa040f2116410
0x410c00,0xa040f2116758
0x46d75a,0xa040f2118ff0
0x47338d,0xa040f211ed44
0x463e27,0xa040f21211b0
0x443d2b,0xa040f2122741
0x4602e0,0xa040f21265b0
0x410c00,0xa040f2128b98
0x410b32,0xa040f2130fa0
0x443d2b,0xa040f213ebc1
0x46d15e,0xff3c8d5e7a30
0x460050,0xc8d282c98e0
0x410c00,0xa040f2140d48
0x443d2b,0xd79e62b9a4c1
0x473397,0xa040f2147280
0x45ff89,0xa040f2131340
0x410c00,0xa040f215c518
0x463aa3,0xa040f215ed5c
0x463e27,0xa040f2166590
0x463a96,0x6af9d6d11c50
0x4106a7,0xd6932871bf48
0x46d15e,0xce138516c640
0x460050,0xa040f211a4f0
0x46d75a,0xa040f2173540
0x443d2b,0xcd28e5887231
0x463a8d,0xa040f20f25e8
0x4106a7,0xcd28e5796748
0x443d2b,0xa040f20f31f1
0x411557,0xa040f21925cc
0x443d2b,0xa040f2193d11
0x463aa3,0xa040f21a276c
0x410b32,0xa040f21a5330
0x46d743,0xa040f2168bb8
0x463aa3,0xa040f21b3d2c
0x473397,0xa040f21b9110
0x53cacd,0xcc2ca375dc68
0x463e27,0xa040f21ba4d0
0x46001c,0x49950aadbd98
0x5405e9,0xa040f21bbf78
0x463a96,0xd6fa9537a4d0
0x47338d,0xa040f21c5a94
0x410800,0x2c2cbb5223e0
0x410887,0xa040f21ccd80
0x47338d,0xa040f21d09a4
0x46d18d,0xa040f21d6c30
0x45ff7e,0x25543025dc5c
0x473397,0xa040f21da4c0
0x47338d,0xa040f21e5ab4
0x53cb79,0x3a044725e520
0x463e27,0xa040f21e7200
0x45ff4d,0x66598a7810d8
0x45ff56,0x4741a6420180
0x410b32,0xa040f21f1370
0x410700,0xa040f21f1380
0x47338d,0xa040f21f4714
0x46d15e,0xc8d282e0190
0x46d15e,0xbf7dd5fb3d10
0x45ff62,0xce13850eb560
0x45ff7e,0x255430256c3c
0x412cc0,0xa040f220dfc8
0x53cb79,0xa040f2210990
0x47338d,0xa040f2211c64
0x45ff56,0xc8d28347cc8
0x4115a9,0xd9e9d66a6580
0x53df14,0xca49da3ac648
0x45eebb,0x28e837ce3118
0x46d736,0xcc2ca36f0fb0
0x451882,0xa040f2218ff8
0x456269,0xd9e9d66b5264
0x46d773,0xc8d2835356c
0x44962d,0xd9e9d66b89a8
0x46d75a,0xd9e9d66c01a0
0x53df14,0xca49da411e18
0x451882,0xa040f2227a08
0x412c87,0xd9e9d66c47e8
0x4602cb,0x49950aae5308
0x449609,0x66598a7d2ea0
0x44959a,0x66598a7d2ec0
0x449680,0xc2041aa78ff0
0x457432,0xd9e9d663ebf0
0x44962d,0x7ebb3c825728
0x45ee80,0xa040f2230f80
0x4518c8,0xa040f22331f8
0x448b5a,0xa980922fbf48
0x451882,0xa040f222e808
0x463e27,0xa98092300190
0x42ca41,0xcd28e57408e8
0x456331,0xa98092300d40
0x45ee80,0xd9e9d664b390
0x53e62b,0x5115330eb540
0x44952d,0xd4cb943c10d8
0x53df0a,0xd4cb943c98e0
0x448b5d,0xd9e9d66423e0
0x456331,0xce1384f85110
0x4518c8,0x998897f65738
0x412c87,0xce1384f85ab8
0x448b5d,0xd9e9d66b1360
0x46d614,0xff3c8d611340
0x4494ea,0xff3c8d611388
0x463aa3,0xce1384f8dfdc
0x53ffd1,0x998897f67238
0x4494de,0x998897f67280
0x4602cb,0xce1385150fa8
0x456171,0xce1384f931c4
0x558f9a,0xce1384f93d10
0x45ff56,0x66598a795130
0x46d773,0xcc2ca37109b8
0x44952d,0xaff5007fed58
0x451950,0x998897f75278
0x45eeb8,0xcd28e58d1c60
0x448b5d,0xc911b24d89a0
0x412cc0,0xd6fa9536e838
0x447a40,0xcd28e5755260
0x456269,0xcd28e5755114
0x412cc0,0xce1384fb1348
0x4602c7,0xce1384fb13b8
0x44959d,0x66598a7531c0
0x42ca41,0xd79e62c27c68
0x45ff62,0xce1384fec1d0
0x4495c3,0xcd28e5767c40
0x53e65a,0x998897f88b88
0x53df0a,0x998897f8dfe0
0x42ca41,0xd9e9d65dc528
0x4495c3,0xe2032d899104
0x451882,0x998897f91348
0x44e194,0x998897f913b8
0x44959a,0xcd28e576dfd0
0x45ff7e,0xce1385005120
0x456331,0xce1384fd9f80
0x44959a,0xcd28e576e810
0x457432,0xcc2ca386d7b0
0x4602cb,0xce13851047e8
0x4064e3,0xd6932878b568
0x46d614,0x998897f9e500
0x45eeb8,0x998897f810c0
0x44e194,0xd9e9d6651378
0x44e248,0xd9e9d6651388
0x46d773,0xd9e9d65d0fb8
0x53ffd1,0xcc2ca3847238
0x4494de,0xcc2ca3847280
0x448b5a,0xd6fa95380d78
0x463e27,0xce1384ff2e80
0x412cc0,0xce1384ff5138
0x448b5a,0xce1384ff2ec8
0x45eeb8,0x998897fab550
0x463e27,0xce1384ff9110
0x448b7a,0xcd28e5907c68
0x448b7a,0xcd28e590c648
0x463aa3,0xce1385008b8c
0x46d773,0xce1384fac678
0x451882,0x998897fb6758
0x40b657,0xcd28e5787208
0x451882,0x998897fb9138
0x463e27,0xce13850125d0
0x53e62b,0x49950aac98d0
0x449609,0xcd28e578dfc0
0x46d633,0xcd28e5891c40
0x449609,0xcd28e5792ec0
0x449680,0xcd28e5792eb0
0x448b5d,0xce1384fab560
0x451882,0xd9e9d6655138
0x449609,0xd79e62b8cda8
0x456269,0xce138502b574
0x4561ac,0xce13850309b4
0x463e27,0xce13850331f0
0x45ff7a,0xce1384fded4c
0x558f9a,0xce1385033d00
0x411913,0xce1385033550
0x559212,0xce1385038ff0
0x451882,0x998897fd3558
0x412cc0,0xce138503ed78
0x4495c3,0xcd28e57adfc0
0x451882,0xcd28e57abc98
0x46d633,0xd69328736750
0x447a40,0xce1385045a90
0x411913,0xce1385045110
0x448b83,0xce1385001c40
0x45ff7a,0xce13850d6740
0x412cc0,0xce138504c648
0x45eeb8,0xd6fa953863b0
0x45ee80,0xa040f206c670
0x45ff89,0xce13850623c0
0x45ff90,0xca49da3f3540
0x45eeb8,0xd9e9d6659100
0x448b5d,0xd6fa95385aa8
0x448b5a,0xce138505ebd8
0x45eeb8,0x7424745a72b0
0x449609,0xcd28e57b6400
0x447a39,0xce1385060d70
0x4561ac,0xce1385065734
0x45ff56,0xfafbfaadebd0
0x45ff7e,0x41d09e9e1c7c
0x42ca41,0x7ebb3c845138
0x4518c8,0x7424745b3578
0x45ff4d,0x66598a7a11a8
0x456198,0xce138506cdb8
0x45ee80,0xd9e9d665bda0
0x412cc0,0xce138506e808
0x53e62b,0xbdae4aaf3d30
0x44e248,0x7424745b1e08
0x45fdfc,0xc8d28347a0c
0x463aa3,0xce1385078fcc
0x46d633,0xbdae4aaf6c10
0x45eeb8,0xcd28e57c7cc0
0x45eea0,0xa040f2091e38
0x45eea7,0xa040f2091370
0x448b7a,0xa040f20913b8
0x4494ea,0xbdae4aafc508
0x451882,0xbdae4ab008c8
0x4561ac,0xce138508c1f4
0x4537e7,0xa040f20a018c
0x42ca41,0x2c2cbb596758
0x558f9a,0xcd28e57d3540
0x451882,0xd9e9d665a4c8
0x411913,0xce138508cd90
0x463e27,0xd6fa9538cdb0
0x45ee80,0xbdae4ab07a20
0x463e27,0xce1385096770
0x447a40,0xce138509e530
0x45eea7,0xa040f20ac670
0x45ff56,0x412e73cae810
0x46d75a,0xce138509ed50
0x456171,0xce138509ebf4
0x4561ac,0xce13850a08f4
0x456198,0xce13850a0998
0x45ee80,0xd9e9d6660980
0x44e194,0xbdae4ab10fb8
0x411913,0xce13850a01a0
0x45fdd7,0xd9e9d66b1360
0x45ff7a,0xfafbfaadbdac
0x411804,0xcd28e57e3130
0x44e194,0x97192ff91398
0x448b7a,0xa040f20b6438
0x4602cb,0xce1385034728
0x46d633,0xcc2ca37e7a10
0x45ee80,0xf848bcf0b3a0
0x4602cb,0xce1385031348
0x53df0a,0xd69328751e00
0x53df0a,0xca49da3ac1c0
0x463aa3,0xce13850be52c
0x53df0a,0xf848bcf15130
0x4518c8,0xf848bcf11e38
0x45ff56,0x8a4feef52ec0
0x412cc0,0xd6fa95392ea8
0x4115a9,0xd6fa95392ec0
0x44e248,0xd9e9d6662748
0x46d773,0xd9e9d65d4738
0x44959d,0x71d5f3e00d48
0x451882,0xf848bcf20988
0x412c87,0xce13850d4738
0x4561ac,0xce13850d4f84
0x45eeb8,0xf848bcf272b0
0x45ff62,0x28d7cf4acd80
0x463a8d,0xce13850808f0
0x53df14,0x8876f2fd4718
0x53e65a,0xf848bcf2e838
0x44962d,0xcd28e5802778
0x53e62b,0xd6932874bcb0
0x53e65a,0xf848bcf31388
0x44952d,0xf848bcf31358
0x559212,0xce13850e8ba0
0x53df0a,0x998897fd4710
0x44959a,0xcd28e5806590
0x4561ac,0xce13850f9124
0x44962d,0x2c2cbb614738
0x45eeb8,0xd6fa95398980
0x44e194,0xf848bcf32ea8
0x45ff56,0xce13851065b0
0x449502,0xf848bcf38984
0x45eeb8,0xf848bcf210c0
0x463aa3,0xce138510313c
0x53e62b,0xf848bcf3dc50
0x456269,0xcd28e5803104
0x4495c3,0xd79e62b54720
0x4561ac,0xce1385115114
0x558f9a,0xce1385115250
0x46d633,0xca49da334f90
0x45ee80,0xd9e9d6667a30
0x44e194,0xf848bcf4d788
0x456198,0xce1385128bb8
0x4602c7,0xce138512c678
0x45ee80,0xd9e9d6667ce0
0x46d633,0xf848bcf54f90
0x42ca41,0xcd28e58208d8
0x4602cb,0x71d5f3fb1398
0x451882,0xf848bcf3e528
0x45eea0,0xa040f2121c78
0x45eea7,0xa040f21211b0
0x448b83,0xce13850f1340
0x40b657,0xcd28e5825308
0x45ff7e,0x28d7cf56277c
0x558f9a,0xce1385140d60
0x45eeb8,0xd9e9d66665b0
0x456171,0xce13851423d4
0x412cc0,0xce1385145738
0x4494de,0xf848bcf698c0
0x45eeb8,0xf848bcf73540
0x45ee80,0xf848bcf73d00
0x45ff62,0xa1abd7fd2e90
0x558f9a,0xce13851525f0
0x451882,0xf848bcf74f88
0x463aa3,0xce1385152e9c
0x46d75a,0xce1385152ef0
0x53e62b,0xf848bcf7e530
0x46d633,0xf848bcf80990
0x456269,0xce1385165734
0x45ee80,0x1a64fc5b2eb0
0x44959d,0xcc2ca370cd88
0x447a40,0xce1385168bb0
0x463e27,0xce13851731d0
0x456198,0xce1385173d28
0x4494de,0xce1385035240
0x456171,0x67b1c33c1c44
0x456198,0x67b1c33c5708
0x45ff62,0xfc47cbc2c1c0
0x451882,0x1a64fc5c47f8
0x45eeb8,0x1a64fc5c23f0
0x45ff62,0xa040f20d6400
0x4602cb,0xd9e9d66c5118
0x4537e7,0xa040f215ed5c
0x448b7a,0xa040f215ebf8
0x46d736,0xcc2ca36f25d0
0x4495c3,0xc8d28222744
0x447a40,0xcd28e571e530
0x45ee89,0x1a64fc5cc660
0x45eea7,0xa040f2166590
0x46d75a,0xcd28e571ed40
0x44959a,0xce138516bc80
0x456171,0xcd28e571ebe4
0x45ff7a,0xc8d283465a0
0x451950,0xcd28e585bf78
0x463e27,0xcd28e5725120
0x46d75a,0xcd28e5725320
0x53df14,0x1a64fc5d13a8
0x449502,0x1a64fc5d1344
0x44e194,0x1a64fc5ce828
0x448b5d,0xc8d283463a0
0x4494f2,0x7ebb3c839f80
0x46d736,0xce138504bc90
0x456198,0xcd28e572c1c8
0x411913,0xcd28e572cda0
0x558f9a,0xa040f2216400
0x4552b0,0xa040f221e508
0x46d743,0xc8d2835356c
0x4552c0,0xa040f2227224
0x558f9a,0xa040f2227280
0x45ff7a,0xff3c8d611340
0x448b5d,0xfdfd3a8c3130
0x447a39,0xcd28e58a09b0
0x53e62b,0x1a64fc5ddc60
0x45ff62,0xaff5007fed58
0x410f2c,0xcd28e58b1358
0x410f8a,0xcd28e58b13a0
0x463a96,0x2149a6cabca0
0x460050,0xd4cb943c98e0
0x559212,0xcd28e58b8fc0
0x46d736,0xc911b24ded70
0x463a8d,0xff3c8d611388
0x46d75a,0xcd28e58c0990
0x410f8a,0xcd28e58c98d0
0x412cc0,0xcd28e58cc1d8
0x45528e,0xcd28e58cdfc4
0x46d614,0x1a64fc5e5300
0x451882,0x1a64fc5eb578
0x53df0a,0x1a64fc5ec660
0x45ee89,0x1a64fc5ebcb0
0x4537e7,0xa040f21a276c
0x45ee80,0xa040f21a5a80
0x45ff56,0xff3c8d5cc640
0x46d75a,0xcd28e58e7cd0
0x448b5d,0xce1384fb5278
0x460050,0x998897f8dfe0
0x4552c0,0x998897f96404
0x410f2c,0xcd28e58fbf78
0x45736c,0xce1384fd5120
0x45528e,0xcd28e59010e4
0x4552b0,0xcd28e5901c58
0x40d2a0,0x998897fa0980
0x449609,0x998897f9e500
0x45ee80,0x1a64fc5f25d0
0x451882,0x1a64fc5f1388
0x4518c8,0x1a64fc5f1378
0x451950,0x46a8494a3138
0x53e62b,0x46a8494a5100
0x4494f2,0x46a8494a23c0
0x448b7a,0xa040f21ae808
0x4537e7,0xa040f21b3d2c
0x4552b0,0x998897fa63b8
0x410f2c,0xcd28e5906588
0x45528e,0xcd28e5907cc4
0x447a20,0xcd28e59098f0
0x448b5a,0xcd28e590c648
0x45ff7a,0x49950ab4bca8
0x46d743,0xce1384fac678
0x46d75a,0xcd28e5918fc0
0x410f2c,0xcd28e5919108
0x4552b0,0xa040f203bd98
0x45eea7,0xa040f21ba4d0
0x45ee80,0x998897fc3110
0x44952d,0xd9e9d664c658
0x4494f2,0xc8d281f8fc0
0x410f8a,0xa040f205bf50
0x4552c0,0x998897fd9134
0x410f2c,0xa040f20608e8
0x463aa3,0xa040f206312c
0x46d773,0xcc2ca376b578
0x45528e,0xa040f2067a04
0x410f25,0xa040f2067c48
0x410f8a,0xa040f2067cf0
0x4552c0,0xa040f206c670
0x447a20,0xa040f2071c70
0x451882,0xa040f21d4fb8
0x45ee80,0xa040f21d4720
0x53e65a,0x71d0d5876438
0x45ee80,0x998897fc5100
0x456269,0x7424745a63a8
0x448b5d,0x98f5690dbf70
0x46d773,0x7ebb3c7f6c38
0x448b5d,0xc8d283509b8
0x46d773,0xcd28e58a23dc
0x559212,0xa040f2088ba0
0x45ff62,0xd9e9d66b1360
0x463e27,0xa040f2091370
0x4552c0,0xa040f2091e38
0x448b5a,0xa040f20913b8
0x46d736,0xce13850709b0
0x45ff7e,0xd69328751e00
0x46d75a,0xbdae4ab07230
0x40d29a,0xbdae4ab07298
0x45ee80,0x71d0d58810f0
0x45ee80,0xa040f21e7ce0
0x45eea7,0xa040f21e7200
0x4494f2,0xa040f222cd80
0x45ee80,0xbdae4ab07cd0
0x451882,0xbdae4ab06588
0x463e27,0xa040f20ac670
0x447a20,0xa040f20b4700
0x410f4f,0xa040f20b6778
0x558f9a,0xf848bcf0b570
0x448b5d,0x5115331401a0
0x4552b0,0xa040f20c47d8
0x53e5fc,0x71d0d5885ab8
0x45ee80,0x71d0d5887290
0x451882,0xbdae4ab098d8
0x46d743,0xd9e9d65d4738
0x4552c0,0xf848bcf201a4
0x46d75a,0xa040f20d31f0
0x4552b0,0xa040f20ded78
0x410f25,0xa040f20de508
0x559212,0xa040f20e8bb0
0x460050,0x998897fd4710
0x4552b0,0xa040f20f0f98
0x46d736,0xa040f20edfd0
0x463e27,0xa040f20f1e10
0x46d75a,0xa040f20f8990
0x46d773,0xbf7dd5fb31d0
0x4552b0,0xa040f2105708
0x463a96,0x6af9d6d11350
0x448b63,0xce13850f25d0
0x463a96,0x6af9d6d113a0
0x410f2c,0xa040f2116758
0x46d75a,0xa040f2118ff0
0x4552b0,0xf848bcf65318
0x448b5d,0xcc2ca371a4f0
0x410f2c,0xa040f2128b98
0x4552b0,0xa040f212cd88
0x410f8a,0xa040f2130fa0
0x558f9a,0xf848bcf79100
0x448b83,0xff3c8d5e7c40
0x46d736,0xff3c8d5e7a30
0x410f2c,0xa040f2140d48
0x45736c,0xc8d282c98e0
0x45ff56,0x1a64fc5d1344
0x4552b0,0x1a64fc5b5268
0x4552b0,0xa040f2158fd8
0x410f2c,0xa040f215c518
0x4552c0,0xa040f2162744
0x463a96,0x6af9d6d11c50
0x46d736,0xce138516c640
0x457432,0xa040f211a4f0
0x46d75a,0xa040f2173540
0x448b5d,0xa040f20f25e8
0x45fd16,0xa040f2131340
0x411557,0xa040f21925cc
0x46d773,0xa040f20f3d3c
0x4552c0,0xa040f2192e94
0x558f9a,0xa040f2192ef0
0x4552b0,0x1a64fc5e7228
0x4552b0,0xa040f219dc78
0x447a40,0xa040f21a08c0
0x460050,0x1a64fc5ec660
0x410f8a,0xa040f21a5330
0x45528e,0xd6fa95373d24
0x46d773,0xa040f2168bb8
0x4552b0,0xa040f21c2768
0x463a96,0xd6fa9537a4d0
0x558f9a,0x998897fa5100
0x447a40,0x998897fc5300
0x4552c0,0x71d0d58811a4
0x45528e,0xa040f21e72a4
0x4552b0,0xa040f21e7c78
0x4552b0,0x7424745ac1d8
0x558f9a,0xbdae4ab0b380
0x410f8a,0xa040f21f1370
0x45528e,0xa040f21f6c24
0x46d736,0xc8d282e0190
0x46d736,0xbf7dd5fb3d10
0x412cc0,0xa040f220dfc8
0x558f9a,0xa040f220e820
0x447a20,0xf848bcf223c0
0x45ff62,0x255430293560
0x45ff7a,0xd79e62ae277c
0x46d773,0x6af9d6d19120
0x447a40,0x8a4feef51350
0x45eebb,0x28e837ce3118
0x4537e7,0x6af9d6d125cc
0x494c73,0xd79e62a58fd0
0x494c73,0x66598a823100
0x494c73,0x8a4feef6b380
0x494c73,0x28e837c90fb0
0x494c7e,0x8a4feef75138
0x494c93,0x6af9d6d201b8
0x4552c0,0x6af9d6d12ed4
0x4552b0,0x6af9d6d12e98
0x447a20,0x6af9d6d15100
0x456171,0xff3c8d5cb574
0x4518c8,0x5115330c5ab8
0x53cb5b,0xca49da3e98f8
0x448b5a,0x66598a78bc88
0x412d56,0x8a4feef88b88
0x47338d,0x8a4feef863ac
0x46d18d,0xcc2ca3721c40
0x53cb5b,0xcc2ca37cdff8
0x44959a,0xcc2ca37ce808
0x451882,0x8a4feef85308
0x45ee80,0xcc2ca37c1180
0x45ee80,0x6af9d6d1ebe0
0x451882,0x6af9d6d16748
0x45ff62,0x98f5690e5a80
0x45ff56,0x71d5f3e51350
0x45ff7e,0x412e73cd354c
0x46d743,0x71d0d5895138
0x45627c,0x5115330cbcb8
0x4602e0,0x7ebb3c892ea8
0x412743,0x7ebb3c892ef0
0x473397,0x7ebb3c887a00
0x53de87,0x49950aac2760
0x447a40,0x7ebb3c8872b0
0x456240,0x71d0d5898fe4
0x47c586,0x28e837cc3120
0x448b5d,0x5829a6ebbdb0
0x451882,0x7ebb3c890fa8
0x53e5fc,0x71d0d5891c78
0x412743,0x71d0d589e538
0x53cb5b,0xcc2ca3751e18
0x443d2b,0x71d0d58a3101
0x409eee,0x11e281df5278
0x410c26,0x71d0d58a0d78
0x45ff4d,0x28e837c92eb8
0x410c00,0x71d0d58ac678
0x45ff62,0x5115330d1390
0x45ff4d,0x28e837c92ec8
0x47338d,0x71d0d58bbf44
0x410b90,0x71d0d58bbd88
0x463a96,0x5829a6ee1180
0x45ff4d,0x28e837c9ed78
0x45ff62,0x412e73cae810
0x494c73,0xd79e62b76400
0x494c73,0x71d0d58c7c50
0x494c73,0x71d0d58c5a80
0x42d333,0xff3c8d616c18
0x460050,0xa7d08ad27a20
0x42ccad,0x71d5f3eb0f80
0x45ff56,0xce13851065b0
0x463aa3,0x71d0d58e47dc
0x46d75a,0x66598a841c70
0x494c82,0x66598a7f8988
0x494c7e,0x66598a807c78
0x494c73,0x66598a825a80
0x411804,0x878ddfa098d0
0x456198,0x66598a78d798
0x45eeb8,0x66598a78dff0
0x400530,0x28e837cdc530
0x53df14,0x71d0d58ecda8
0x456198,0x878ddf9fe538
0x4494f2,0x71d0d58edfc0
0x45ee80,0x878ddfa05710
0x46d736,0xa7d08ad65ab0
0x45eeb8,0x878ddf9ebc80
0x559212,0x66598a75ebf0
0x45fd16,0xa7d08ad67a00
0x45ee80,0x878ddfa39f90
0x4537e7,0x878ddf9ec67c
0x45ee80,0x878ddf9f3d20
0x451882,0x66598a7b0fa8
0x4537e7,0x66598a7c119c
0x448b7a,0x66598a7c7a18
0x45ee80,0x51153313bf40
0x4552c0,0x66598a7dbf74
0x558f9a,0x878ddfa2c1d0
0x46d736,0x66598a772ea0
0x410f8a,0x66598a7adfc0
0x412cce,0x66598a7c7c51
0x448b7a,0x5115330c47c8
0x410700,0x5829a6ef4700
0x449502,0xcd28e58adfc4
0x456331,0x71d0d589ed50
0x447a20,0x71d0d58fc508
0x451882,0x71d0d59010f8
0x448b7a,0x71d0d58b4728
0x451950,0x71d0d5901c78
0x4067c7,0x71d0d58e1180
0x456269,0x71d0d590b3b8
0x4552b0,0x71d0d58a5a88
0x406878,0x71d0d58e10f0
0x4552b0,0x71d0d58acda8
0x447a20,0x71d0d59063b0
0x53e65a,0x71d0d5914738
0x45eeb8,0x71d0d58ddc60
0x412755,0x71d0d5920180
0x42d894,0x2c2cbb507ce8
0x494c73,0x5115330c10e0
0x494c73,0x71d5f3f94f80
0x410c00,0x4d2bb47bebc8
0x473397,0x4d2bb47bed40
0x4561ac,0x4d2bb47c63b4
0x558f9a,0x4d2bb47c65b0
0x45ee80,0x4d2bb47c8ba0
0x53cb5b,0x71d0d58931e8
0x443d2b,0x7ebb3c89e501
0x45ee80,0x71d0d5928ba0
0x448b5d,0x71d0d59247c0
0x4552b0,0xff3c8d5b5268
0x53df14,0xd6932873c528
0x4561ac,0x71d0d59325c4
0x42d333,0xb66056956748
0x451882,0x4d2bb47c7288
0x45eeb8,0x4d2bb47c7220
0x42d5e0,0x7ebb3c899fb0
0x494c73,0xcc2ca38210f0
0x494c73,0x7ebb3c7d4fb0
0x53ffd1,0x71d5f3f509b8
0x44959a,0xb381a408c8
0x4518c8,0xc2041aa75278
0x45eeb8,0x71d0d59331c0
0x45ff62,0x71d0d593a4f0
0x460050,0x7ebb3c7c5720
0x466180,0x71d0d5940180
0x513a6a,0x71d0d5945130
0x4f21c4,0x71d0d594c1c4
0x44e2b2,0x28e837ce72b2
0x514108,0x71d0d5943108
0x412c87,0x71d0d5932ec8
0x443d2b,0x71d0d595bf41
0x45ff62,0xd9e9d66098f0
0x559fe0,0xbf7dd5fa08e8
0x456198,0x71d0d5935108
0x494c73,0x71d0d5963110
0x494c73,0x7ebb3c801c50
0x494c73,0xce138510e830
0x494c93,0x71d0d59698f8
0x494c73,0x7ebb3c7bed60
0x494c73,0x7ebb3c7dc500
0x410700,0x5829a6ed9f80
0x447a40,0x5829a6ee2770
0x4494de,0x71d0d5971340
0x44952d,0x71d0d5971398
0x451882,0x71d0d5980198
0x451950,0x71d0d59811b8
0x47338d,0xcc2ca381642c
0x45eea0,0x71d0d59909b8
0x45eeb8,0x71d0d598e820
0x412c87,0x71d0d5996778
0x456269,0x71d0d598b568
0x412c87,0x71d0d599bd98
0x448b63,0xd79e62b9dc48
0x451882,0x71d0d5933548
0x412cce,0x71d0d59a23d1
0x45528e,0x71d0d597e524
0x45528e,0x71d0d59ae814
0x45ff7a,0xc48ca9008bac
0x45eeb8,0x71d0d59808f0
0x448b5d,0x71d0d59b6770
0x44962d,0x2c2cbb4bbda8
0x45ff7a,0xd693286c01ac
0x46d729,0xc8d282f0f88
0x45ff56,0x71d0d59c0d60
0x443d2b,0xff3c8d5b8ff1
0x463a8d,0x2c2cbb625328
0x410c00,0x71d0d59c7238
0x410b32,0x71d0d59c7280
0x443d2b,0x71d0d59cd7a1
0x53cb5b,0x71d0d59ce838
0x463a8d,0x5115330d1378
0x412cc0,0x71d0d59d5278
0x463e27,0x71d0d59d89a0
0x5405e9,0x71d0d59dbdb8
0x463aa3,0x71d0d59de52c
0x463e27,0x71d0d59e0d60
0x410b32,0x71d0d59e10f0
0x45ff62,0x71d0d59e5330
0x46d15e,0xcc2ca38d09a0
0x45ff62,0x71d5f3e27c60
0x46d773,0x66598a7da4f0
0x443d2b,0x71d0d59f1e01
0x47338d,0x71d0d59f0f9c
0x45ff90,0x71d5f3e223c0
0x53cacd,0x49950aac7a08
0x463a8d,0x412e73cb6778
0x47338d,0x71d0d5a0570c
0x5405e9,0x71d0d5a065b8
0x473397,0x71d0d5a07a18
0x53cb5b,0x71d0d5a0dfe8
0x53cb5b,0x71d0d5a0c1e8
0x46091a,0x28d7cf4263a8
0x5405e9,0xce13850c08f8
0x53cacd,0xce13850c09b8
0x47338d,0x71d0d5a18fcc
0x409edb,0x71d0d5a1e538
0x5405e9,0x71d0d5a208f8
0x53cacd,0x71d0d5a209b8
0x463aa3,0x71d0d5a210dc
0x412c87,0x71d0d5a21198
0x46d773,0xa7d08ad6dfd0
0x46091a,0xd79e62bb6408
0x53cb5b,0x71d0d5a27c48
0x412c87,0x71d0d5a35278
0x45ff7e,0x71d5f3ee98dc
0x46d18d,0x71d0d5a3bf50
0x46d18d,0x3a044725bd90
0x412719,0x71d0d5a3e508
0x53cb5b,0xcc2ca36f5108
0x411557,0x71d0d5a4658c
0x46d193,0x71d0d5a47c70
0x4608f0,0x28d7cf487238
0x473397,0x71d0d5a48b88
0x45ff7e,0x71d5f3e91c4c
0x409edb,0x71d0d5a54738
0x53cb5b,0x41d09e9c01b8
0x411557,0x71d0d5a5e50c
0x46d193,0x71d0d5a601b0
0x4608f0,0x71d0d5a623d8
0x45ff89,0x71d5f3ea3100
0x46d773,0xa7d08ad6bc90
0x53cb5b,0x41d09e9ac1e8
0x412c87,0x932ec402c648
0x46d75a,0x932ec4030980
0x45ff7a,0x28e837ced7bc
0x412c87,0x932ec4035258
0x46d773,0x71d5f3e96c30
0x473397,0x932ec4039108
0x46d75a,0x932ec4039f80
0x4608f0,0x932ec40465b8
0x412768,0x932ec4045708
0x46d18d,0x932ec4047c50
0x53cacd,0x932ec4047cf8
0x460050,0x932ec404dfe0
0x46d181,0xcc2ca388c1c0
0x45ff56,0x71d5f3f6bcb0
0x443d2b,0x932ec405bf61
0x46d75a,0x932ec40610c0
0x411557,0x932ec406118c
0x46091a,0x932ec40623c8
0x463a8d,0x71d5f3efbf78
0x45ff62,0x5829a6ec1c40
0x409edb,0xce1385034fa8
0x46d75a,0x932ec406bc80
0x46001c,0xcc2ca371a4f0
0x412c87,0x932ec406dfd8
0x53cacd,0xd79e62c4c658
0x4608f0,0x932ec4071c68
0x443d2b,0x71d5f3f13561
0x412cce,0x932ec40725d1
0x443d2b,0x932ec4073d21
0x46d773,0x71d5f3f647d0
0x412755,0x309dcdc498d0
0x412cc0,0x932ec40789b8
0x5405e9,0xce1385127a38
0x5405e9,0xb381a39fb8
0x46d151,0x932ec4087288
0x45fece,0xff3c8d5e7c40
0x443d2b,0x71d5f3f6b561
0x53cacd,0x932ec4091348
0x412c87,0x932ec4093d28
0x409eee,0xcd28e57d6c38
0x45ff7e,0x71d5f3ff913c
0x53cb5b,0xcd28e57b0f98
0x463aa3,0x932ec409e53c
0x412c87,0x932ec40a08e8
0x4602e0,0x932ec40a09b0
0x53cacd,0xff3c8d5fa4c8
0x463a96,0x412e73cb0f88
0x412cce,0xafd74f90e811
0x46091a,0x4741a64423e8
0x473397,0xafd74f91e508
0x46d18d,0x7ebb3c88bcb0
0x411557,0xafd74f927c4c
0x4608f4,0xa040f21c6380
0x46001c,0x5115331401a0
0x53cacd,0xcc2ca3876748
0x46d75a,0xafd74f931370
0x412c87,0xafd74f933578
0x46091a,0x71d0d59f4f98
0x4602e0,0xafd74f936c20
0x412768,0xafd74f939f88
0x45ff62,0xca49da371380
0x443d2b,0xca49da3898e1
0x5405e9,0xcc2ca37f6778
0x45ff89,0xca49da3f3540
0x412743,0xafd74f94c1c8
0x45ff62,0xce13850f1340
0x53cacd,0xafd74f958fe8
0x46d18d,0x6c6f1e4c5a80
0x45ff56,0x49950aa87230
0x46d773,0xafd74f9610d0
0x46d18d,0x878ddf9f8980
0x412743,0xafd74f966388
0x53cacd,0xafd74f96bc88
0x4608f0,0xafd74f96e828
0x45ff56,0xc8d283463a0
0x412743,0xafd74f971c58
0x46d773,0xca49da3fbf50
0x45fece,0x98f5690dbf70
0x46d151,0xafd74f980988
0x45feea,0xce13850210cc
0x45ff56,0xfdfd3a8c3130
0x46d18d,0xcd28e5808ba0
0x46001c,0xce13850f25d0
0x45ff7a,0x49950aa801bc
0x412cc0,0xb7ac7a921c48
0x463a96,0x71d5f3fa1c40
0x443d2b,0xb7ac7a925a81
0x53cb5b,0x71d0d58e8b88
0x412cc0,0xb7ac7a927228
0x4602e0,0xb7ac7a9272a0
0x46d75a,0xb7ac7a92d7a0
0x412755,0x71d0d59e7a10
0x409edb,0xb7ac7a932e88
0x463aa3,0xb7ac7a9331dc
0x473397,0xb7ac7a933558
0x443d2b,0xb7ac7a945a81
0x412743,0xb7ac7a947218
0x47338d,0xb7ac7a9472bc
0x463a8d,0x49950aa85138
0x45ff7a,0xc911b24da4cc
0x4602e0,0xb7ac7a94d790
0x46d18d,0x7ebb3c862770
0x443d2b,0xb7ac7a950981
0x45ff62,0x49950aadbd98
0x45ff7a,0x255430256c3c
0x45ff7e,0x49950ab4bca8
0x4608f4,0x28d7cf4e47c0
0x409edb,0x7ebb3c896c38
0x45ff7a,0x2554302525fc
0x4608f0,0x8876f2fc5338
0x473397,0xb7ac7a965708
0x409eee,0x71d5f3fce838
0x460050,0x49950ab12ee0
0x46d729,0x8d9869022748
0x473397,0xb7ac7a96dfd8
0x47338d,0xb7ac7a9731dc
0x45ff7a,0x25543025dc5c
0x412743,0xb7ac7a976408
0x46d151,0xcd28e5730f88
0x412cc0,0xb7ac7a97bf58
0x45ff56,0xa040f20fdc50
0x53cacd,0xb7ac7a988b88
0x45ff7a,0xaff50078729c
0x45ff7e,0x8deda85c531c
0x45ff56,0xaff5007989b0
0x4608f0,0xb1739fbd0fa8
0x45ff56,0x98f5690e5a80
0x45ff4d,0x28e837c8e828
0x46d75a,0xb7ac7a9a2750
0x45ff4d,0x66598a781198
0x45ff56,0xaff5007f5240
0x53cacd,0xb7ac7a9a7a18
0x45ff62,0xc911b24d89a0
0x45ff62,0xaff5007e3110
0x46d181,0xafd74f954700
0x53cacd,0x71d5f3f0c1c8
0x45ff7a,0x28d7cf40018c
0x412c87,0xb7ac7a9b1398
0x45ff62,0x28d7cf415100
0x412719,0xb7ac7a9b4708
0x47338d,0xb7ac7a9b6c1c
0x46d18d,0xce1384f95270
0x53cacd,0xff3c8d627c48
0x45ff62,0xcd28e57ce800
0x53cb5b,0x49950aa608f8
0x412c87,0xb7ac7a9bbf58
0x5405e9,0xb7ac7a9c23f8
0x47338d,0xb7ac7a9c47dc
0x45ff56,0x7ebb3c894720
0x409edb,0xb7ac7a9d0988
0x45feea,0x7ebb3c7f510c
0x4608f0,0xce1384fba4c8
0x4602e0,0xb7ac7a9d9f80
0x463e27,0xb7ac7a9dbf40
0x45feea,0xcd28e58a23dc
0x45ff62,0xaff5007d25f0
0x45ff7a,0x28d7cf4011ac
0x443d2b,0xaff500785121
0x45ff7e,0xce1384fded4c
0x46d75a,0xb7ac7a9e23f0
0x46091a,0xce1384f8bc88
0x46d193,0xff3c8d62bcb0
0x463e27,0xb7ac7a9ecdb0
0x463aa3,0xb7ac7a9f25ec
0x45ff62,0xce1384fab560
0x4608f0,0xb7ac7a9f31c8
0x46d729,0xd79e62b79f88
0x473397,0xb7ac7a9f9108
0x443d2b,0xaff5007d5121
0x412743,0xb7ac7a9fdc78
0x45ff56,0xfafbfaadebd0
0x412cc0,0xb7ac7aa03118
0x45ff56,0xfc47cbc2c1c0
0x412cce,0xedc51a907a11
0x46d75a,0xb7ac7aa07c40
0x412cc0,0xb7ac7aa07cf8
0x45ff7a,0x41d09e9e1c7c
0x463aa3,0xb7ac7aa0c1cc
0x45ff7a,0x28d7cf5463ac
0x46d193,0x7ebb3c8665b0
0x45fefd,0xca49da396c00
0x53cb5b,0x71d5f3ffc518
0x45ff62,0xb7ac7aa16420
0x463aa3,0xf5d9bcfa63bc
0x412743,0xf5d9bcfa65a8
0x45ff62,0xce1385001c40
0x4608e7,0xf5d9bcfac1f8
0x45ff7e,0x28d7cf405aac
0x463aa3,0xf5d9bcfb471c
0x409edb,0x71d5f3fd5258
0x45ff62,0xa040f20d6400
0x46091a,0x28d7cf566398
0x443d2b,0xf5d9bcfbdc61
0x463a8d,0x41d09e9ba4f8
0x412cc0,0xf5d9bcfc23e8
0x4608f0,0xf5d9bcfc5318
0x412768,0xf5d9bcfc47c8
0x5405e9,0x8876f2fcc1f8
0x53cb5b,0xf5d9bcfc65b8
0x45ff7e,0x28d7cf57512c
0x4608e7,0xf5d9bcfc7a38
0x5405e9,0xa040f2151e38
0x46d75a,0xf5d9bcfcbcb0
0x53cacd,0xf5d9bcfd1358
0x53cb5b,0xf5d9bcfd13a8
0x463aa3,0xf5d9bcfd2eec
0x409eee,0xf5d9bcfd9fb8
0x443d2b,0xcd28e58d2eb1
0x45ff62,0xab8966ef89a0
0x45ff7e,0xedc51a8e311c
0x4608f4,0xcd28e5868b80
0x46d773,0x41d09e9e08e0
0x53cb5b,0xbf7dd5f91368
0x45fece,0xca49da32cdb0
0x46d773,0xfafbfaada4c0
0x45ff7a,0xfafbfaadbdac
0x46d773,0x28d7cf40bc80
0x4608f0,0xbcd57edf4fa8
0x45ff62,0xf5d9bcff5100
0x47338d,0xf5d9bcff3d1c
0x46091a,0xc8d282a7ce8
0x4608f0,0xb7ac7a9cd7b8
0x463a8d,0x28d7cf423128
0x45ff7e,0x28d7cf52728c
0x45ff62,0x28d7cf501180
0x45ff56,0xaff5007c98c0
0x409edb,0xd9e9d6682778
0x45fece,0x71d0d59247c0
0x4608f0,0xf5d9bd007cc8
0x47338d,0xf5d9bd008bac
0x53cacd,0xcd28e577ebf8
0x412cce,0xf5d9bd00dfd1
0x412755,0xc48ca901bf50
0x53cacd,0xf5d9bd010998
0x4602e0,0xf5d9bd011370
0x4602e0,0xf5d9bd014fa0
0x46d18d,0xcc2ca3853d10
0x45ff7a,0xd79e62ae277c
0x53cb5b,0xbf7dd5fac1c8
0x45ff4d,0x66598a7810d8
0x46d75a,0xf5d9bd01ed70
0x411557,0xf5d9bd0223cc
0x5405e9,0xb7ac7aa063b8
0x443d2b,0x28d7cf462751
0x46d151,0x71d0d5a39108
0x45ff56,0xcc2ca37febe0
0x463a8d,0x28d7cf4ad7a8
0x463a96,0xedc51a8e1c40
0x463e27,0xf5d9bd025310
0x47338d,0xf5d9bd027a3c
0x45ff4d,0x66598a7a11a8
0x46d773,0x28d7cf4c08c0
0x46091a,0xf5d9bd033548
0x412cc0,0xf5d9bd036768
0x412743,0xf5d9bd047c48
0x47338d,0xf5d9bd047cec
0x53cb5b,0x49950aa589b8
0x4602e0,0xf5d9bd04c1c0
0x53cacd,0xce13851023c8
0x45ff7e,0x28d7cf56277c
0x45ff56,0xcc2ca389a4d0
0x46d18d,0x66598a7d8fc0
0x460950,0xbf7dd5f76430
0x47338d,0xf5d9bd05c51c
0x463aa3,0xf5d9bd05e51c
0x460050,0x28d7cf51a4e0
0x412768,0xf5d9bd062748
0x409edb,0xd79e62ba98d8
0x412cc0,0xf5d9bd0647c8
0x412cc0,0xf5d9bd065ab8
0x46d18d,0xaff500799f80
0x409edb,0xcc2ca36f6c38
0x463e27,0xf5d9bd06c1e0
0x5405e9,0xb7ac7a9a7c78
0x46d18d,0x71d5f3e8dfd0
0x463a8d,0x28d7cf56c1e8
0x4602e0,0xf5d9bd085700
0x45ff62,0xcc2ca37a09a0
0x45ff56,0xcc2ca37f8fe0
0x47338d,0xf5d9bd0898dc
0x53cacd,0xf5d9bd08b3a8
0x412743,0xf5d9bd08cdb8
0x45ff62,0xf5d9bd0909a0
0x47338d,0xf5d9bd09472c
0x409edb,0xcd28e57b2eb8
0x53cacd,0xcd28e57b2ed8
0x47338d,0xf5d9bd098ffc
0x463e27,0xf5d9bd09bf60
0x46d773,0x28d7cf5847d0
0x46091a,0xf5d9bd0a10e8
0x409edb,0xf5d9bd0a1188
0x5405e9,0xf5d9bd0a3138
0x46d729,0x66598a7b6748
0x47338d,0xf5d9bd0a47cc
0x4608e7,0xf5d9bd0a5738
0x412743,0xf5d9bd0a7a38
0x45ff4d,0x6c537038dff8
0x46d75a,0xf5d9bd0a8b90
0x45ff7e,0xc8d2835356c
0x45ff56,0x4741a6420180
0x4608f0,0x5115330f5128
0x45ff7a,0xc48ca9008bac
0x46d181,0xf5d9bd0b5100
0x4608f0,0xf5d9bd0b8fc8
0x45ff62,0x28d7cf4698c0
0x412768,0xf5d9bd0be508
0x412719,0xf5d9bd0c1188
0x4608e7,0xf5d9bd0c5338
0x46d773,0x28d7cf5e09b0
0x443d2b,0xf5d9bd0cdfe1
0x463aa3,0xf5d9bd0d2eac
0x46091a,0xb7ac7a96c668
0x47338d,0xf5d9bd0d642c
0x46d729,0xf5d9bd0da4c8
0x460050,0xc48ca9000d60
0x463a8d,0xc48ca9001c68
0x4115a9,0xf5d9bd0e5a80
0x53cacd,0xf5d9bd0e7218
0x45ff62,0xd693286c7c60
0x45ff7e,0xd693286d473c
0x4608f0,0xa040f2056768
0x53cacd,0xce1384f95118
0x463e27,0xf5d9bd0f1370
0x46d181,0xaff5007e6380
0x412743,0xf5d9bd0f8fd8
0x473397,0xf5d9bd0fc508
0x463a8d,0xd693286e11a8
0x4608f0,0xb7ac7a9a0d68
0x47338d,0xf5d9bd10e81c
0x45ff7a,0xd6932874dfdc
0x412cc0,0xf5d9bd110988
0x4608f0,0xf5d9bd111c78
0x4115a9,0xf5d9bd119f80
0x45ff56,0x28e837cf1e30
0x443d2b,0x7ebb3c860d61
0x45ff62,0x28d7cf3f4700
0x4608e7,0xf5d9bd1208f8
0x443d2b,0xd6932872b3b1
0x47338d,0xd6932873356c
0x53cb5b,0xce1384f847f8
0x45ff7a,0xd69328752edc
0x46d18d,0xf5d9bd12b380
0x5405e9,0xa040f209ed78
0x47338d,0xf5d9bd12c67c
0x4115a9,0xf5d9bd12e800
0x47338d,0xf5d9bd131c5c
0x409eee,0xa040f2133578
0x53cb5b,0xf5d9bd134708
0x412755,0xf5d9bd136400
0x4608f0,0xce13850063b8
0x46d729,0x7ebb3c7a6388
0x53cb5b,0xf5d9bd141188
0x409edb,0xedc51a919fa8
0x46d773,0xd6932875ebe0
0x53cacd,0x49950aa76758
0x53cacd,0xf5d9bd145318
0x53cacd,0xf5d9bd1498d8
0x460050,0xd693287647e0
0x443d2b,0xd6932874d781
0x409edb,0xb6605691a4c8
0x45ff56,0xd6932877ebc0
0x409eee,0xa040f20fbf78
0x460050,0xd69328752ea0
0x46091a,0xf5d9bd165aa8
0x463aa3,0xf5d9bd167c7c
0x46d75a,0xf5d9bd167cd0
0x473397,0xf5d9bd170f98
0x46d18d,0xf5d9bd173540
0x45ff56,0xa1abd7fd2e90
0x46d75a,0xf5d9bd172e90
0x412c87,0xf5d9bd172ef8
0x47338d,0xf5d9bd17642c
0x409eee,0xf5d9bd1789b8
0x463e27,0xf5d9bd17e500
0x443d2b,0xf5d9bd188bb1
0x45ff7a,0x28e837cb640c
0x4608f0,0xf5d9bd198988
0x473397,0xf5d9bd196418
0x45ff4d,0x28e837c8d788
0x5405e9,0xc677dabecdb8
0x46d75a,0x28e837cdbf70
0x5405e9,0x28e837cf1c78
0x45ff7a,0xd79e62afed7c
0x443d2b,0xa1abd7fd25e1
0x443d2b,0x28e837cacda1
0x4608e7,0xa1abd7fd8ff8
0x4608f0,0xa1abd7fddc68
0x443d2b,0xa1abd7feb561
0x5405e9,0xa1abd7fe08f8
0x53cb5b,0xa1abd7fdebf8
0x45ff7e,0x28e837ced7bc
0x412cc0,0xa1abd7fe7218
0x4602e0,0xa1abd7fe7290
0x443d2b,0x28e837cb3551
0x463aa3,0xd79e62a7527c
0x47338d,0xd79e62a808cc
0x47338d,0xd79e62a88bbc
0x463a96,0x28e837ca08c0
0x412cc0,0xd79e62a61c58
0x45ff62,0xd79e62b1e510
0x45ff7e,0xd79e62b872bc
0x53cacd,0xd79e62ab1c68
0x463e27,0xd79e62ab4f80
0x463aa3,0xd79e62ab912c
0x53cb5b,0xd79e62ae5308
0x46091a,0xd79e62af2eb8
0x46d729,0xd79e62af2ec8
0x45ff56,0xd79e62b01c50
0x473397,0xd79e62afbd88
0x4608f0,0xd79e62b13558
0x463e27,0xd79e62b28b90
0x412cc0,0xd79e62b39138
0x47338d,0xd79e62b465ac
0x473397,0xd79e62b50988
0x443d2b,0xd79e62adbf41
0x443d2b,0xd79e62aded61
0x412cc0,0xd79e62b6dfe8
0x443d2b,0xd79e62afe521
0x46091a,0xd79e62b8c1e8
0x53cacd,0xd79e62bded58
0x412743,0xd79e62bf8998
0x463e27,0xd79e62c008f0
0x473397,0xd79e62c00d48
0x4602e0,0xd79e62c25300
0x5405e9,0xd79e62b05ab8
0x46d18d,0xd79e62c35130
0x412cc0,0xe8035e45bda8
0x460950,0x6c53703309b0
0x473397,0xe8035e45bf48
0x463aa3,0x6c5370334f8c
0x45ff7a,0xd79e62be98fc
0x46d773,0xd79e62bd6410
0x443d2b,0xd79e62bd5121
0x53cacd,0x6c537034b548
0x53cacd,0x6c537035bf58
0x46d18d,0x6c53703a5730
0x409edb,0x6c53703a47e8
0x46d773,0x28e837ca7290
0x46091a,0xa7d08ad07cc8
0x409edb,0xa7d08ad13d08
0x463a8d,0xa7d08ad2dff8
0x45ff56,0x2c2cbb5931f0
0x46d18d,0xa7d08ad31c60
0x46d773,0x6c5370380190
0x45ff7e,0xc8d2835356c
0x53cb5b,0xa7d08ad58ff8
0x46091a,0x5829a6ec65b8
0x45ff7e,0x412e73cd354c
0x559fe0,0xb66056942768
0x45eebb,0x28e837ce3118
0x494c97,0xcc2ca3755248
0x4602e0,0xa7d08ad7ebf8
0x558f9a,0xd79e62bbc530
0x45ff62,0x71d5f3e27c60
0x45ff56,0x49950aadbd98
0x45ff62,0x6c53703a2760
0x45ff4d,0x66598a7a47d8
0x46d75a,0x412e73cb1e00
0x47338d,0x412e73cbed74
0x53cacd,0x1a70aa6f1e38
0x460050,0x412e73cc47e0
0x412cc0,0x412e73cc2778
0x46d18d,0x1a70aa6f3d30
0x46d18d,0x1a70aa6f6400
0x46d75a,0x412e73cda4d0
0x46d75a,0x412e73ce01b0
0x463e27,0x71d5f3e25330
0x410887,0x71d5f3e25700
0x45ff62,0xaff5007c98c0
0x45ff7e,0x71d5f3e91c4c
0x410b32,0x71d5f3e3bf50
0x410c00,0x71d5f3e408e8
0x46d15e,0x71d5f3e41c40
0x46d18d,0x1a70aa706590
0x463aa3,0x71d5f3e4312c
0x463aa3,0x71d5f3e47c6c
0x46d75a,0x71d5f3e47cc0
0x46d743,0x71d5f3e53578
0x412c87,0x71d5f3e55138
0x410b32,0x71d5f3e55260
0x47338d,0x71d5f3e7c534
0x4115a9,0x71d5f3e80d40
0x4115a9,0x71d5f3e86580
0x412c87,0x71d5f3e93568
0x443d2b,0x71d5f3ea63b1
0x45ff62,0xcd28e5908b80
0x410c00,0x71d5f3ea7a08
0x473397,0x71d5f3ea7c50
0x53cacd,0x2c2cbb432e98
0x53cb5b,0x2c2cbb432ee8
0x443d2b,0x1a70aa720d51
0x47338d,0x71d5f3eac64c
0x410c26,0x71d5f3ed09b8
0x46d18d,0x1a70aa7247f0
0x5405e9,0x71d5f3e8cdb8
0x463a96,0x412e73cb0990
0x46d18d,0x1a70aa7263b0
0x412c87,0x71d5f3eec678
0x42ccad,0x71d5f3ea2770
0x412cc0,0x71d5f3f03108
0x53cacd,0xcd28e587dc48
0x45ff56,0xf5d9bcff5100
0x45ff62,0x71d0d59247c0
0x412c87,0x71d5f3f05a98
0x47338d,0x71d5f3f0bc94
0x45ff56,0xcc2ca371a4f0
0x412c87,0x71d5f3f35278
0x46d181,0x1a70aa732e80
0x410c00,0x71d5f3f39118
0x443d2b,0x1a70aa734f91
0x45ff56,0xa040f20d6400
0x46d15e,0x71d5f3f4c650
0x53cb5b,0x71d5f3ef9108
0x410700,0x71d5f3f5a4c0
0x4115a9,0x71d5f3f5ebc0
0x4602e0,0x71d5f3f65130
0x463aa3,0x71d5f3f67a1c
0x45ff4d,0x28e837c92eb8
0x410887,0x71d5f3f67c40
0x443d2b,0x71d5f3f76431
0x463a96,0x412e73cb0f88
0x53cb5b,0x1a70aa7463a8
0x46001c,0x66598a7ecda8
0x409eee,0x71d5f3f447f8
0x4115a9,0x71d5f3fa6580
0x463a96,0x71d5f3fa10c8
0x410b32,0x71d5f3fb2ec0
0x410c26,0x71d5f3fb2eb8
0x410b32,0x71d5f3fc08d0
0x53cacd,0x71d5f3f6cd88
0x41091b,0x71d5f3f96408
0x46d75a,0x71d5f3fee830
0x46d181,0x1a70aa756c00
0x463aa3,0x71d5f3ff8ffc
0x46d15e,0xca49da31a4e0
0x53cb5b,0x71d5f3fb6748
0x46d773,0x71d5f3fb9fb0
0x45ff7e,0x7ebb3c7f510c
0x47338d,0xca49da325714
0x463e27,0xca49da327c50
0x443d2b,0x1a70aa760d41
0x5405e9,0x71d5f3fc1c78
0x46d773,0x71d5f3fb5260
0x473397,0xca49da33c518
0x47338d,0xca49da33ed44
0x53cacd,0x71d5f3ff1e08
0x411557,0xca49da367a0c
0x443d2b,0xd3be9a8d1361
0x473397,0xca49da367cd0
0x460050,0xca49da36c1e0
0x443d2b,0xca49da3731f1
0x443d2b,0x7cb731918981
0x409eee,0x71d5f3fb3d38
0x463e27,0xca49da3809b0
0x45ff62,0xcc2ca37a09a0
0x410b32,0xca49da380d40
0x410b32,0xca49da385720
0x42ccad,0xca49da334720
0x46d15e,0xca49da390f80
0x410b32,0xca49da391c40
0x47338d,0xca49da391e24
0x46d18d,0x7cb731920980
0x53cb5b,0xca49da376c08
0x463e27,0xca49da3c0d70
0x45ff62,0xc8d283463a0
0x463a8d,0xca49da3d3568
0x412c87,0xca49da3d09b8
0x53cacd,0x7cb731927288
0x45ff7a,0x49950aa801bc
0x411557,0xca49da3dbd8c
0x47338d,0xca49da3dbf64
0x45ff62,0xce1385001c40
0x410b32,0xca49da3ed7a0
0x45ff56,0xfdfd3a8c3130
0x45ff7a,0xc911b24da4cc
0x460050,0x49950aa5c530
0x47338d,0x49950aa56764
0x46d75a,0x49950aa6bc80
0x46d75a,0x49950aa79100
0x47338d,0x49950aaabc9c
0x4115a9,0x49950aab4700
0x53cacd,0xca49da340d78
0x473397,0x49950aabbd80
0x460050,0x49950aacb570
0x443d2b,0xcd28e5756421
0x443d2b,0x49950aad8fe1
0x5405e9,0x7cb731956438
0x46001c,0x7ebb3c7d5138
0x473397,0x49950aae1c40
0x5405e9,0x7cb7319601b8
0x46001c,0xa040f20fdc50
0x45ff7a,0x28d7cf4dbf5c
0x45ff7e,0x28d7cf52728c
0x5405e9,0x7cb7319611b8
0x412c87,0x49950ab27a38
0x47338d,0x49950ab27c74
0x47338d,0x49950ab2e814
0x46d193,0x7cb731967230
0x45ff4d,0x66598a781198
0x410725,0x49950ab3ebc0
0x47338d,0x49950ab42744
0x463a8d,0x49950ab4cdb8
0x46d773,0x49950ab10fb0
0x473397,0x255430240998
0x45fece,0x7cb73196e810
0x45ff62,0xaff5007d25f0
0x45ff56,0xaff5007f5240
0x47338d,0x255430247224
0x443d2b,0x7cb731972e91
0x53cb5b,0x7cb731973d18
0x4115a9,0x255430251340
0x410c00,0x2554302513b8
0x443d2b,0x2554302672b1
0x463aa3,0x255430261c4c
0x45ff7e,0xedc51a8e311c
0x460050,0x255430265130
0x410c26,0x255430268bb8
0x443d2b,0xaa4eb5de8ba1
0x53cb5b,0x7cb73197ebc8
0x45ff62,0x28d7cf415100
0x53cacd,0x25543024b548
0x463aa3,0x25543029dc6c
0x46002b,0x25543029e538
0x47338d,0x2554302a08f4
0x45ff56,0xce13851065b0
0x46d773,0x25543025bf60
0x410887,0x26713c3c7a00
0x47338d,0x26713c3c7cdc
0x46d15e,0x8deda85c6590
0x412c87,0x8deda85c7c58
0x4115a9,0x8deda85c7cc0
0x42ccad,0x2554302a23f0
0x46d773,0x2554302a3110
0x46d18d,0x7cb7319925e0
0x5405e9,0x2554302a5338
0x47338d,0xaff5007909a4
0x53cacd,0x71d5f3ee6598
0x473397,0xaff5007c7a00
0x463a8d,0xaff5007ded68
0x46001c,0xbf7dd5ec5338
0x47338d,0xaff5007e08ec
0x53cacd,0x7cb7319a47f8
0x463aa3,0xaff5007e533c
0x47338d,0xaff5007e5704
0x5405e9,0xaff50078c678
0x410b32,0x635dff9cc640
0x53cacd,0xaff5007bed48
0x463a96,0xedc51a8e10d0
0x409eee,0xaff5007e8bb8
0x412cc0,0xedc51a908b88
0x47338d,0xedc51a90e834
0x410b32,0xedc51a911c70
0x45ff7a,0x28d7cf4011ac
0x46d773,0xaff5007f89b0
0x410b32,0xedc51a914700
0x463a96,0xedc51a8e1198
0x443d2b,0x2e06f8c3a4d1
0x46d18d,0x7cb7319c0d40
0x410b90,0x41d09e9be508
0x410b90,0x41d09e9c98c8
0x410800,0xaff5007e7a20
0x53cacd,0xff3c8d613d38
0x412c87,0x41d09e9d5268
0x46d151,0x7cb7319d0f88
0x47338d,0xfafbfaad0fb4
0x473397,0xfafbfaad8990
0x45ff62,0xff3c8d5e7c40
0x45ff7e,0x2c2cbb61e50c
0x47338d,0x28d7cf3f135c
0x47338d,0x28d7cf3febd4
0x443d2b,0x28d7cf406391
0x47338d,0x28d7cf4047c4
0x53cb5b,0x7cb7319e10e8
0x53cb5b,0xfafbfaad1c58
0x46d75a,0x28d7cf411c40
0x410887,0x28d7cf411e10
0x45fece,0x41d09e9a5720
0x410c00,0x28d7cf414708
0x46d743,0x28d7cf4472b8
0x412c87,0x28d7cf445308
0x45ff7e,0x4741a643642c
0x46d75a,0x28d7cf44c660
0x45fece,0xcc2ca38d2ee0
0x46001c,0x7cb7319f2ef8
0x47338d,0x28d7cf461c74
0x46d15e,0x28d7cf465300
0x463aa3,0x28d7cf46728c
0x45ff4d,0x66598a7a11a8
0x45ff56,0x28d7cf5208f0
0x460050,0x28d7cf472ee0
0x46d743,0x28d7cf476c38
0x463a8d,0x28d7cf4789b8
0x45ff62,0xd9e9d66098f0
0x45ff56,0xcd28e57d1390
0x410800,0x28d7cf4208e0
0x42ccad,0x28d7cf420990
0x443d2b,0x28d7cf47e521
0x46d18d,0x7cb731a00d40
0x463a8d,0x28d7cf4a98e8
0x47338d,0x28d7cf4b4fb4
0x463a8d,0x28d7cf4bbda8
0x411557,0x28d7cf4c10cc
0x410b32,0x28d7cf4c1190
0x46d18d,0x7cb731a0b540
0x45ff4d,0x6c53703925e8
0x410700,0x28d7cf4c23c0
0x47338d,0x28d7cf4cbc84
0x460050,0x28d7cf4d31f0
0x46d181,0x7cb731a16400
0x46d15e,0x28d7cf4dbda0
0x45ff56,0xd693286c7c60
0x45ff56,0x28d7cf4698c0
0x41091b,0x28d7cf4b1e08
0x45ff4d,0x28e837c9ed78
0x45ff62,0xf5d9bd0909a0
0x45ff56,0x4741a6420180
0x47338d,0x28d7cf5247f4
0x53cb5b,0x7cb731a263b8
0x46001c,0x255430293568
0x443d2b,0x7cb731a27cc1
0x45ff7a,0xd79e62aa11ac
0x410c00,0x28d7cf532ec8
0x473397,0x28d7cf539110
0x4602e0,0x28d7cf532eb0
0x53cb5b,0xa040f21b6c38
0x46d75a,0x28d7cf53dc50
0x47338d,0x28d7cf5410fc
0x53cb5b,0x28d7cf514fa8
0x463a8d,0x28d7cf547ce8
0x45ff4d,0x28e837c92ec8
0x460050,0x28d7cf547c70
0x410c00,0x28d7cf542778
0x46d18d,0x7cb731a2e820
0x410725,0x28d7cf54c1c0
0x443d2b,0x7cb731a309b1
0x5405e9,0x7cb731a313b8
0x463aa3,0x28d7cf55139c
0x460050,0x28d7cf555130
0x410887,0x28d7cf558980
0x45ff7a,0xd693286c01ac
0x45ff4d,0x6c5370392e88
0x45ff4d,0x28e837c925e8
0x45ff4d,0x66598a782768
0x46d151,0x7cb731a40d48
0x53cb5b,0x71d5f3fc2778
0x412cc0,0x28d7cf57c508
0x46d193,0xc8d283389b0
0x45ff4d,0x6c537038d7b8
0x412cc0,0x28d7cf5898c8
0x410800,0x28d7cf513d20
0x463e27,0x28d7cf58dff0
0x46d75a,0x28d7cf58c1f0
0x53cb5b,0x7cb731a4cdb8
0x46001c,0x8414a34dc508
0x45ff4d,0x66598a781198
0x473397,0x28d7cf592e90
0x410c00,0x28d7cf5a10d8
0x412cce,0x28d7cf5a3111
0x53cacd,0x7cb731a55248
0x53cacd,0x28d7cf570f98
0x443d2b,0x7cb731a58981
0x45ff56,0xcd28e57ce800
0x45ff56,0xce13850f1340
0x53cb5b,0x28d7cf583118
0x45ff7a,0x2c2cbb55e53c
0x47338d,0x28d7cf5c3114
0x412c87,0x28d7cf5c47e8
0x53cacd,0x28d7cf594f98
0x4106a7,0x28d7cf5931c8
0x47338d,0x28d7cf5cdfec
0x412c87,0x28d7cf5dbf68
0x53cb5b,0xca49da396748
0x47338d,0x28d7cf5edff4
0x412c87,0xab8966efa4e8
0x45ff4d,0xa7d08ad75118
0x45ff56,0xbf7dd6016c20
0x46d18d,0x7cb731a73560
0x410b90,0xab8966f05308
0x460050,0xc48ca900b560
0x46d75a,0xc48ca9005aa0
0x410c00,0xc48ca9010fa8
0x47338d,0xc48ca90131d4
0x45ff7a,0xd6932876511c
0x46d18d,0xce13851208d0
0x53cacd,0xce1385120988
0x443d2b,0x7cb731a7dc41
0x53cacd,0x7cb731a801a8
0x45ff4d,0x6c5370392ec8
0x4602e0,0xd693286a2770
0x463aa3,0xd693286a5aac
0x4106a7,0xa7d08ad7bd88
0x463e27,0xd693286abca0
0x47338d,0xd693286b3d2c
0x46d773,0xc48ca8ffc510
0x410c00,0xd693286bbd88
0x463a96,0x28d7cf578fd8
0x410800,0x6c537036d7b0
0x4602e0,0xd693286c5130
0x443d2b,0xf5d9bd02c641
0x410800,0xc48ca901bdb0
0x46d18d,0x7cb731a95110
0x410b90,0xd693286e5a88
0x460050,0xd693286f25f0
0x410c00,0xd693286fdc48
0x53cb5b,0xca49da381c48
0x412cc0,0xd69328706598
0x46d773,0xd693286d0f90
0x443d2b,0x998897fa7a01
0x46d15e,0xd6932870c660
0x412cc0,0xd6932870e808
0x53cb5b,0x7cb731aab558
0x45ff4d,0x66598a7a10e8
0x410725,0xd6932872e800
0x463a8d,0xd69328734fa8
0x45ff62,0xce13850eb560
0x463e27,0xd6932873ed60
0x45ff56,0x28e837cf1e30
0x410700,0xd69328745100
0x410800,0xd693287072a0
0x411557,0xd69328747a0c
0x473397,0xd69328747cd0
0x443d2b,0xd69328755131
0x53cb5b,0x7cb731ab5128
0x45ff56,0x2c2cbb465310
0x47338d,0xd69328750fa4
0x46d773,0xd6932871bd80
0x410b32,0xd6932876c1e0
0x443d2b,0x7cb731ac0d61
0x45ff4d,0x28e837c8d788
0x463aa3,0xd693287713bc
0x473397,0xd69328780180
0x47338d,0xd69328781c7c
0x45ff7e,0x2c2cbb5b6c2c
0x410887,0xd69328786380
0x46d15e,0xd69328788bb0
0x53cb5b,0x7cb731accdb8
0x45ff56,0x66598a83e510
0x53cb5b,0xd79e62aac1c8
0x443d2b,0x7cb731ad3d01
0x46d743,0x2c2cbb436778
0x47338d,0x2c2cbb43e514
0x46d15e,0x2c2cbb440d60
0x463a96,0x28e837ca0188
0x411557,0x2c2cbb441c4c
0x443d2b,0x7cb731ae47f1
0x473397,0x2c2cbb44bc90
0x443d2b,0x2c2cbb4513b1
0x443d2b,0x2c2cbb450f81
0x473397,0x2c2cbb44e818
0x463e27,0x2c2cbb4525e0
0x412cc0,0x2c2cbb455278
0x443d2b,0x7cb731af1c71
0x46d15e,0x2c2cbb461c40
0x53cacd,0x28e837ccd798
0x46d75a,0x28e837d03100
0x53cacd,0x28e837cf5248
0x47338d,0x98f5690d9f8c
0x46d18d,0x98f5690d6420
0x412cc0,0xa1abd7fdbf58
0x46d15e,0x2c2cbb465100
0x460050,0x28d7cf5d4fb0
0x460050,0x2c2cbb467ce0
0x46d75a,0xd79e62a55120
0x410c00,0xd79e62a55268
0x45ff56,0x932ec4094730
0x412cc0,0xd79e62a73568
0x463a96,0x28e837ca0998
0x46d75a,0xd79e62a95250
0x46000d,0xa7d08ad75278
0x47338d,0xd79e62ab8984
0x46d773,0xd79e62ac5720
0x443d2b,0x7cb731b00d41
0x46d15e,0x2c2cbb473d10
0x53cacd,0xd79e62ac7cc8
0x45ff62,0xcc2ca37a09a0
0x460050,0x2c2cbb543120
0x443d2b,0x7cb731b03131
0x45eebb,0x28e837ce3118
0x412c87,0xd79e62b823d8
0x443d2b,0x7cb731b065b1
0x46d736,0x2c2cbb546580
0x45ff7a,0x7ebb3c7f510c
0x460050,0x2c2cbb547ce0
0x443d2b,0x2c2cbb548b91
0x448b5a,0xd79e62b95268
0x45eea7,0x7cb731b0e820
0x456198,0xd79e62bb2ef8
0x456269,0x2c2cbb54c1c8
0x46d75a,0xd79e62bc47d0
0x443d2b,0x7cb731b12e91
0x456198,0xd79e62bc3128
0x46d75a,0xd79e62bd1c70
0x410b32,0xd79e62bd1e00
0x463aa3,0xd79e62bf6c2c
0x46d736,0x2c2cbb552ea0
0x456171,0xd79e62c07c44
0x46d75a,0xd79e62c247c0
0x41091b,0xd79e62c1bd88
0x410774,0xd79e62c3c508
0x463a96,0x2c2cbb556c18
0x443d2b,0x464bc80a7211
0x456198,0xd79e62c47cd8
0x448b5a,0xd79e62c472a8
0x558f9a,0xe8035e460190
0x448b63,0xd79e62c40988
0x443d2b,0x464bc80ac1f1
0x412c87,0x6c53703498c8
0x448b83,0x6c5370331340
0x46d75a,0x6c5370365ab0
0x46d743,0x2c2cbb5665b8
0x451882,0x6c537039ebc8
0x410774,0x6c53703ab548
0x558f9a,0x6c53703abc80
0x463a96,0x2c2cbb567210
0x4115a9,0xa7d08ad10f80
0x412cc0,0xa7d08ad1c508
0x558f9a,0xa7d08ad447e0
0x456198,0xa7d08ad54708
0x45fd16,0xa7d08ad4cd80
0x473397,0x5829a6eb9f80
0x4561ac,0xee30bb9423e4
0x463aa3,0x5829a6ed098c
0x45627c,0xa7d08ad7bf78
0x4106a7,0x5829a6ec8b88
0x463aa3,0x5829a6eedfcc
0x41091b,0x5829a6ed6c08
0x410700,0x5829a6eec1c0
0x449824,0x464bc80dbf50
0x47338d,0x464bc809ebe4
0x45ff89,0x635dff9c5a80
0x449824,0x464bc80e7a10
0x42f4f6,0x464bc80b1350
0x47338d,0x464bc80b13b4
0x443d2b,0x7cb7319ab391
0x46d75a,0x464bc80cc650
0x45ff7a,0x2c2cbb61e50c
0x443d2b,0x464bc80f6411
0x53cacd,0x5829a6ee98d8
0x45ff56,0x2c2cbb5931f0
0x5405e9,0x71d5f3e07c78
0x463aa3,0x71d5f3e6658c
0x45ff56,0x8a4feef52ec0
0x463aa3,0x71d5f3e7a4cc
0x443d2b,0x464bc81008d1
0x53cb5b,0x71d5f3eb6778
0x460050,0x2c2cbb5865a0
0x411557,0x71d5f3f208cc
0x410b32,0x71d5f3f20990
0x53cb5b,0x71d5f3ec7228
0x463e27,0x71d5f3f247e0
0x42ccad,0x71d5f3f1a4c0
0x46d18d,0x71d5f3f1c500
0x443d2b,0x71d5f3ef25f1
0x410800,0x71d5f3f2cda0
0x473397,0x71d5f3f81198
0x46001c,0x4741a6418fd8
0x463a8d,0x2c2cbb596c38
0x45ff4d,0x66598a7a11a8
0x463a96,0x71d5f3fa1198
0x47338d,0x71d5f3fdbf4c
0x53cb5b,0x71d5f3f8bca8
0x45ff7a,0x2c2cbb5b31cc
0x47338d,0x71d5f3fe313c
0x53cb5b,0x71d5f3fddc68
0x463a8d,0x2c2cbb59a4e8
0x410725,0x71d5f3fec640
0x45ff56,0x4741a6420180
0x410887,0xca49da359f90
0x41091b,0xca49da356c08
0x47338d,0xca49da365714
0x412c87,0xca49da3ab558
0x53cb5b,0xca49da3a0d68
0x53cacd,0xca49da3acd88
0x47338d,0xca49da3b9f94
0x463aa3,0xca49da41513c
0x412cc0,0xca49da415248
0x46d75a,0xb207126b3550
0x47338d,0xb207126b6754
0x412cc0,0x49950aa91c78
0x45ff4d,0x28e837c8dff8
0x46d773,0x49950aa8bcb0
0x4602e0,0x49950aa96430
0x412c87,0x49950aaa1c48
0x443d2b,0x575b005698f1
0x45fece,0xbf7dd60408c0
0x47338d,0x25543022c644
0x53cb5b,0x49950ab01c78
0x410c26,0x255430231c78
0x410c00,0x25543023ed58
0x42ccad,0x49950aae5730
0x46d15e,0x2c2cbb5cd790
0x53cacd,0xaff50079dc78
0x53cacd,0xaff5007a5128
0x443d2b,0x2c2cbb5d1381
0x463aa3,0x635dff9b473c
0x46d773,0xaff5007b0fa0
0x443d2b,0x2c2cbb5d31d1
0x46d773,0x71d5f3ff1380
0x410800,0x71d5f3ff1360
0x46d18d,0x635dff9b1e30
0x412cce,0x635dff9c0991
0x443d2b,0xc9394d35c531
0x47338d,0x79e62eca47c4
0x443d2b,0xbf7dd5ffa4e1
0x42ccad,0x41d09e9acd80
0x47338d,0xfafbfaaebcb4
0x409eee,0x41d09e9b1c78
0x473397,0xfafbfab01c50
0x443d2b,0xfafbfab06581
0x46d15e,0x2c2cbb5e10c0
0x463a8d,0x2c2cbb5e23e8
0x410b32,0x28d7cf42bca0
0x45ff7e,0x2c2cbb6011bc
0x53cb5b,0x28d7cf431c48
0x463aa3,0x28d7cf48b39c
0x410c26,0x28d7cf48b578
0x53cb5b,0x28d7cf48cd88
0x410c26,0x28d7cf4989b8
0x460050,0x2c2cbb5f1c60
0x42ccad,0x28d7cf4ec670
0x47338d,0x28d7cf4f640c
0x46d15e,0x2c2cbb5f3540
0x473397,0x28d7cf500990
0x46d18d,0x28d7cf4fbf60
0x45ff4d,0x28e837c92eb8
0x412cce,0x2c2cbb4847d1
0x45fece,0xc8d281dbf60
0x412cc0,0x2c2cbb48c1e8
0x4115a9,0x2c2cbb490f80
0x409eee,0x28d7cf3f5278
0x411557,0x2c2cbb4a018c
0x443d2b,0xc9394d374721
0x46d773,0xd79e62b065a0
0x4602e0,0x2c2cbb4a65b0
0x53cb5b,0x2c2cbb4a23c8
0x412cc0,0x2c2cbb4be518
0x463e27,0x2c2cbb4c1c40
0x47338d,0x2c2cbb4c01b4
0x46000d,0x6c5370392e88
0x463e27,0x2c2cbb4d31f0
0x410c26,0x2c2cbb4d3578
0x41091b,0x2c2cbb4d0f88
0x410725,0x2c2cbb4d9f80
0x46d743,0x2c2cbb60b3b8
0x46001c,0x6c5370370998
0x46d773,0x2c2cbb4f89a0
0x45ff7e,0xd79e62aa11ac
0x47338d,0x2c2cbb50b55c
0x45ff62,0xc9394d385130
0x46d75a,0x2c2cbb516c20
0x45ff62,0xc9394d387230
0x443d2b,0x7cb731a80d41
0x45ff4d,0x6af9d6d0c1e8
0x45ff56,0xce13850f1340
0x412cc0,0x2c2cbb534f88
0x45ff56,0xff3c8d5e7c40
0x4115a9,0x2c2cbb538980
0x443d2b,0xc9394d391381
0x46d18d,0x2c2cbb530f90
0x47338d,0x2c2cbb53e534
0x4115a9,0x2c2cbb540d40
0x45ff62,0xcc2ca38d2ee0
0x45fd16,0xd79e62bc5a80
0x45ff56,0xa040f20d6400
0x45ff56,0xcd28e5908b80
0x558f9a,0xd79e62bbc530
0x451950,0xd79e62bc23f8
0x448b63,0xd79e62b1e510
0x46d75a,0xd79e62bc47d0
0x45ff56,0x71d0d59e5330
0x463e27,0x11faa16ec640
0x463aa3,0x11faa16f1e0c
0x463e27,0x11faa16f1c60
0x46001c,0xb7ac7a92c1c8
0x45ff62,0xa7d08ad12ee0
0x45ff56,0x66598a7e7290
0x45ff62,0x11faa170b3a0
0x412cc0,0x11faa1707298
0x53cacd,0xca49da3eb548
0x45ff62,0xca49da371380
0x45ff62,0x71d0d593a4f0
0x45ff56,0xd69328793550
0x45ff62,0x11faa1711c60
0x559fe3,0xd6932873c528
0x494c82,0x66598a7f8988
0x494c7e,0x66598a807c78
0x494c73,0x66598a825a80
0x46d75a,0x66598a841c70
0x463aa3,0x11faa1713d2c
0x45ff56,0xce13850f25d0
0x473397,0x11faa1715110
0x473397,0x11faa1715248
0x46d743,0xcc2ca37801a8
0x46d743,0xa040f21fc538
0x473397,0x11faa1718998
0x443d2b,0x464bc80f13a1
0x53cacd,0xf5d9bd187208
0x463a96,0x2c2cbb567a18
0x443d2b,0x11faa1725731
0x410800,0x2c2cbb576770
0x463aa3,0x11faa172728c
0x53cb5b,0xcc2ca37d09b8
0x53cacd,0x11faa172bc88
0x4115a9,0x11faa172cd80
0x45ff7e,0xce13850210cc
0x46d193,0xcd28e575e530
0x410c26,0x11faa17331f8
0x410725,0x11faa1736c00
0x412cc0,0x11faa17389b8
0x45ff56,0xa040f20fdc50
0x46d15e,0xcc2ca37610e0
0x46d773,0xc8d282f0f80
0x45fe42,0x11faa1747a00
0x447a20,0x11faa17447c8
0x53df0a,0xca49da345aa0
0x45eea7,0x71d0d59d89a0
0x45eeb8,0x11faa1743110
0x4537e7,0x71d0d59de52c
0x45eea7,0x71d0d59e0d60
0x53e083,0x71d0d59dbdb8
0x53e083,0x66598a7da4c8
0x53e083,0x71d0d5a065b8
0x53e083,0x28d7cf426388
0x53e083,0xce13850c08f8
0x53e083,0x71d0d5a208f8
0x53e088,0x71d0d5a3bf48
0x53e0c1,0x3a044725bd90
0x53e083,0x71d0d5a47c68
0x53e083,0x71d0d5a601b0
0x53e088,0x932ec4047c48
0x53e083,0xce1385127a38
0x53e083,0x4741a64423e8
0x53e083,0x7ebb3c88bc98
0x53e088,0x71d0d59f4f98
0x53e083,0xcd28e5808b88
0x53e083,0x7ebb3c862758
0x53e083,0xce1384f95258
0x53e083,0xff3c8d62bcb0
0x53e083,0x7ebb3c8665a8
0x53e088,0x28d7cf566398
0x53e083,0x8876f2fcc1f8
0x53e083,0xa040f2151e38
0x53e083,0xc8d282a7ce8
0x53e0c1,0xcc2ca3853d10
0x53e083,0xbf7dd5f76428
0x53e083,0xb7ac7a9a7c78
0x53e088,0x71d5f3e8dfd0
0x53e083,0xf5d9bd0a3138
0x53e083,0xf5d9bd0a10e8
0x53e083,0xb7ac7a96c668
0x53e083,0xa040f209ed78
0x53e083,0xf5d9bd165aa8
0x53e083,0xc677dabecdb8
0x53e083,0xa1abd7fe08f8
0x53e083,0xd79e62af2eb8
0x53e0c1,0xd79e62b8c1e8
0x53e083,0xd79e62b05ab8
0x53e083,0xd79e62c35130
0x53e0c1,0x6c53703309b0
0x53e083,0x6c53703a5730
0x53e083,0xa7d08ad31c60
0x53e083,0x5829a6ec6598
0x53e083,0x1a70aa6f3d30
0x53e088,0x1a70aa706588
0x53e083,0x1a70aa7247f0
0x53e083,0x71d5f3e8cdb8
0x53e083,0x1a70aa7263b0
0x53e083,0x71d5f3fb9fb0
0x53e083,0x71d5f3fc1c78
0x53e088,0x71d5f3fb5260
0x53e083,0x7cb731956438
0x53e083,0x7cb7319601b8
0x53e083,0x7cb7319611b8
0x53e083,0x7cb731967230
0x53e083,0x49950ab10fb0
0x53e088,0x25543025bf60
0x53e0c1,0x7cb7319925e0
0x53e083,0x2554302a5338
0x53e083,0xaff50078c678
0x53e083,0xaff5007f89b0
0x53e0c1,0xaff5007e7a20
0x53e083,0x28d7cf4208e0
0x53e083,0x7cb731a2e820
0x53e083,0x7cb731a313b8
0x53e0c1,0xc8d283389b0
0x53e083,0x28d7cf513d20
0x53e083,0x7cb731a73560
0x53e088,0xce13851208d0
0x53e083,0x6c537036d7b0
0x53e088,0x7cb731a95110
0x53e083,0xc48ca901bdb0
0x53e083,0xd693287072a0
0x53e083,0x98f5690d6420
0x53e088,0xd79e62ac5720
0x53e083,0x71d5f3e07c78
0x53e083,0x71d5f3f2cda0
0x53e088,0xaff5007b0fa0
0x53e083,0x635dff9b1e30
0x53e088,0x2c2cbb4f89a0
0x4494de,0xd79e62bc98c0
0x558f9a,0x71d0d59c7a00
0x410f2c,0x71d0d59c7238
0x448b5d,0x2c2cbb625320
0x410f8a,0x71d0d59c7280
0x448b5d,0x5115330d1378
0x448b63,0x5115330d1390
0x412cc0,0x71d0d59d5278
0x410f8a,0x71d0d59e10f0
0x46d773,0x6af9d6d19120
0x447a40,0x8a4feef51350
0x4537e7,0x6af9d6d125cc
0x494c73,0xd79e62a58fd0
0x494c73,0x66598a823100
0x494c73,0x8a4feef6b380
0x494c73,0x28e837c90fb0
0x494c7e,0x8a4feef75138
0x494c93,0x6af9d6d201b8
0x447a20,0x6af9d6d15100
0x4552b0,0x6af9d6d12e98
0x4552c0,0x6af9d6d12ed4
0x449502,0xce1385107204
0x4552b0,0x71d0d59ecd88
0x46d736,0xcc2ca38d09a0
0x45ee80,0x11faa1765330
0x447a14,0x71d0d59f0994
0x45ff56,0x71d5f3e9ebc0
0x53cacd,0x2c2cbb4bbda8
0x456171,0xff3c8d5cb574
0x4518c8,0x5115330c5ab8
0x412d56,0x8a4feef88b88
0x47338d,0x8a4feef863ac
0x451882,0x6af9d6d16748
0x494c82,0x66598a7f8988
0x494c7e,0x66598a807c78
0x44952d,0x11faa1766398
0x448b83,0xff3c8d5cc640
0x47c586,0x28e837cc3120
0x45eea0,0xff3c8d5cb3a8
0x53de87,0x49950aac2760
0x53df14,0xce13850c09b8
0x53ffd1,0xce13850c08f8
0x53ffd1,0xcd28e577ed78
0x53df14,0x71d0d5a209b8
0x53ffd1,0x71d0d5a208f8
0x46d633,0x11faa1773540
0x45ee80,0x11faa1771380
0x45eea0,0x11faa1771368
0x45eea7,0x11faa1774700
0x456269,0x7cb731b047e8
0x451882,0xd79e62b731d8
0x494c73,0xcd28e57a23e0
0x42d593,0xf5d9bcfccd90
0x4494ea,0xb7ac7a96c1c8
0x4494ea,0x71d0d5a47cc8
0x53df0a,0x11faa179c520
0x45eeb8,0xd79e62b81190
0x45eea7,0x11faa17a10e0
0x45eea7,0x11faa17a23d0
0x449502,0x7ebb3c7f6744
0x45eea0,0x11faa17a47f8
0x494c73,0xff3c8d5b6740
0x494c7e,0xa1abd7fee838
0x494c73,0xff3c8d5e1c70
0x559fe0,0x28d7cf513548
0x4494de,0x7cb731a53d00
0x4494de,0x7ebb3c7f9100
0x449502,0x932ec402b544
0x4537e7,0x11faa17be51c
0x53df14,0xd79e62ab1388
0x44952d,0xd79e62ab1348
0x45fe1c,0x6c5370392e88
0x448b7a,0x11faa17ba4e8
0x53df14,0x932ec4047cf8
0x494c7e,0x7ebb3c7d2ef8
0x42d593,0xc9394d3611a0
0x45ee80,0x7cb731b0d790
0x46d633,0xcc2ca388c1c0
0x451882,0x11faa17e1c58
0x53df0a,0x11faa17ebca0
0x53df14,0xd693286febd8
0x45fdd3,0x6c537038d7b8
0x494c73,0x66598a80c670
0x494c93,0xcc2ca37bebf8
0x494c73,0x2c2cbb4898e0
0x447a14,0xd79e62bb0f94
0x53df14,0xd79e62c4c658
0x46d633,0x99d826a023c0
0x449502,0x11faa17febc4
0x4518c8,0x11faa1800d78
0x4537e7,0x11faa180572c
0x46d633,0x932ec4087290
0x451882,0x11faa1801c68
0x45eeb8,0xd79e62bb1380
0x494c7e,0xce13850cb578
0x494c73,0x8a4feef731c0
0x494c93,0x71d5f3e5c538
0x494c73,0x66598a770f80
0x463a8d,0x464bc80dbf50
0x559fe0,0xce13850a8bb8
0x45ee80,0x11faa1812ed0
0x45eea0,0x11faa1812eb8
0x53df0a,0x4741a6425120
0x46d633,0xc8d281c5110
0x53df14,0xff3c8d5fa4c8
0x4537e7,0x11faa1819fac
0x45ee80,0x464bc808cd80
0x4494de,0xff3c8d6223c0
0x4537e7,0x11faa182c65c
0x448b7a,0x11faa1830988
0x45ee80,0x11faa1832e90
0x53df14,0xcc2ca3876748
0x45ee80,0x11faa182c1d0
0x45eeb8,0x11faa1839f90
0x494c73,0x998897f6dfe0
0x494c73,0xff3c8d5e08e0
0x494c73,0xcc2ca3835240
0x559fe0,0x11faa1792ec8
0x42d593,0x11faa1792eb0
0x448b7a,0x11faa184b568
0x4494de,0xf5d9bd080980
0x53df0a,0x11faa17f4710
0x53ffd1,0x11faa1851e38
0x53df14,0xafd74f958fe8
0x456269,0x464bc8092ea8
0x45ee80,0x464bc8092ed0
0x447a20,0x11faa1846580
0x46d614,0x6c6f1e4c5a80
0x45fdd7,0x66598a7ab540
0x46d614,0x878ddf9f8980
0x45ee80,0x11faa18463a0
0x53cb5b,0xd79e62bcbca8
0x494c73,0x11faa18601b0
0x4602e0,0x464bc8093568
0x42d851,0x464bc8096758
0x559fe0,0xce13850e6388
0x44952d,0x11faa185c518
0x449502,0x2c2cbb4d6c04
0x45fdd7,0x66598a83e510
0x46d633,0xafd74f980988
0x456269,0x11faa186b398
0x45eeb8,0x11faa1873d20
0x45ee80,0x11faa186b560
0x45ee80,0xd79e62bf6410
0x494c97,0x11faa18610c8
0x494c73,0x11faa1881c60
0x494c93,0xd79e62bd2ef8
0x45ee80,0x464bc8098fe0
0x53df14,0xcd28e5816438
0x46d633,0xcd28e57ee800
0x45fe1c,0xa7d08ad75118
0x45ee80,0x11faa1883120
0x4494ea,0x908653178988
0x45fdd7,0xbf7dd6016c20
0x44952d,0x2c2cbb474718
0x451882,0xd79e62c05128
0x0,0x66598a795130
0x53df14,0x11faa1891c68
0x4494de,0x11faa18925c0
0x494c73,0x7cb731a45720
0x494c73,0x7cb731996c10
0x494c73,0x11faa18a1c70
0x494c73,0x11faa18447d0
0x494c7e,0xcc2ca37ee838
0x494c73,0x11faa18823c0
0x456198,0x464bc809bdb8
0x45eea0,0x11faa18a65a8
0x4494f2,0xcd28e579dc40
0x449502,0x11faa18ad784
0x449502,0xb7ac7a95bf44
0x45ee80,0x11faa18a47c0
0x451882,0x11faa18b2ea8
0x494c93,0x66598a82dff8
0x494c73,0xa7d08ad1dc70
0x494c73,0xd79e62a9e500
0x494c93,0x11faa1882778
0x447a40,0x11faa18c5a90
0x53df0a,0xff3c8d60d790
0x451950,0x11faa18c98f8
0x4537e7,0x11faa18cc1cc
0x46d633,0xcd28e5730f90
0x456269,0x11faa18c5328
0x449502,0xbf7dd5ea47c4
0x45eea0,0x11faa18d4fb8
0x45ee80,0x11faa18c5710
0x53df14,0xb7ac7a988b88
0x4537e7,0x11faa18d910c
0x448b7a,0x11faa18c7218
0x53cb5b,0xd79e62c0b398
0x494c93,0x41d09e9b89b8
0x494c73,0xfafbfab02750
0x47338d,0x464bc809ebe4
0x449929,0xd79e62c1bd88
0x447a14,0x464bc80a11a4
0x45ee80,0x7ff68728e820
0x44952d,0xce138500dfc8
0x4537e7,0xe7c8f378fdc
0x45fe1c,0xa7d08ad75278
0x46d633,0xafd74f954700
0x448b7a,0x11faa18e2748
0x456269,0x11faa18e0188
0x451882,0xd79e62c2e828
0x4537e7,0xe7c8f37dc4c
0x53df0a,0xce1384f95258
0x448b7a,0xe7c8f37ed78
0x494c73,0xe7c8f382750
0x494c73,0xe7c8f3847c0
0x494c73,0xce1384f810f0
0x456269,0x464bc80a5738
0x45eeb8,0xe7c8f392ed0
0x448b7a,0xe7c8f395278
0x4494ea,0x24d6558de508
0x494c97,0x255430299fb8
0x494c73,0xd9e9d66c7c40
0x494c93,0xbf7dd5f589b8
0x494c7e,0xb66056945138
0x42d894,0xb7ac7a9f0998
0x53df0a,0xf5d9bd056400
0x4537e7,0xe7c8f3ac65c
0x53df14,0xe7c8f3b5258
0x53df14,0x24d6558cd7b8
0x4537e7,0xe7c8f3b911c
0x448b7a,0xe7c8f3a6598
0x494c73,0x7ebb3c7c7cf0
0x494c73,0x11faa1705aa0
0x494c73,0xcd28e5727280
0x463a8d,0x464bc80e7a10
0x42ccad,0xd79e62c40988
0x4561ac,0x464bc80e6394
0x45eea7,0xe7c8f3c5120
0x53df0a,0x7ebb3c8665a8
0x53df14,0x71d5f3ee5738
0x45fdd7,0x11faa178b550
0x45eeb8,0xe7c8f3d1340
0x451882,0xe7c8f3d13a8
0x45ee80,0x464bc80abca0
0x448b7a,0xe8035e4608d8
0x5405e9,0xd79e62c408f8
0x494c73,0xe7c8f3a47c0
0x494c73,0xd79e62a9ed70
0x494c93,0xce13850d0fb8
0x42d894,0x99d826a098d8
0x449609,0xd79e62c4e828
0x447a40,0xe7c8f3e3120
0x53df0a,0xe7c8f3e47e0
0x45fdd7,0x11faa17b6c10
0x45fdd7,0x932ec4094730
0x4494ea,0x66598a7a98c8
0x4494de,0xff3c8d614f80
0x456269,0x464bc80adfd8
0x494c73,0xe7c8f3c2740
0x559fe3,0x6c5370331340
0x40b657,0x6c5370331380
0x45ee80,0xab2ecf35bf60
0x44952d,0xe470055e7c58
0x456269,0x464bc80b09b8
0x4537e7,0xab2ecf360d4c
0x449502,0x7ebb3c7d1e04
0x45fe42,0xf5d9bd0909a0
0x53df14,0xcd28e577ebf8
0x53df14,0xf5d9bd010998
0x494c73,0x635dff9cb380
0x494c73,0xe7c8f3e2740
0x494c7e,0xafd74f9463b8
0x42f2bd,0x464bc80b1350
0x47338d,0x464bc80b13b4
0x42d894,0xa040f2151c78
0x46d614,0xb7ac7a94c1c0
0x53df0a,0xcc2ca3853d10
0x45ee80,0x464bc80b3d00
0x46d633,0x71d0d5a39108
0x4494de,0xf5d9bd00c1c0
0x4518c8,0x6c53703531f8
0x45ee80,0x6c5370355110
0x494c93,0x635dff9c3138
0x4494f2,0xb1739fbd0980
0x44952d,0x66598a7cb388
0x451882,0xab2ecf3a5738
0x53df0a,0x66598a847c70
0x4494ea,0x66598a847cc8
0x451882,0x6c5370363138
0x53df14,0xce13851023c8
0x494c73,0x7cb731971c60
0x494c93,0xab2ecf376c38
0x494c73,0x6c5370396c30
0x42d593,0x71d0d5956760
0x46d614,0x66598a7d8fc0
0x448b7a,0xab2ecf3b8988
0x44952d,0x878ddfa01c48
0x45ee80,0xab2ecf3c1180
0x46d614,0xaff500799f80
0x45eeb8,0xab2ecf3c0990
0x53df0a,0x28d7cf5d31e0
0x4537e7,0xab2ecf3c531c
0x45fe42,0xd79e62aab570
0x45ee80,0xab2ecf3b5120
0x4537e7,0xab2ecf3c65ac
0x53ffd1,0xb7ac7a9a7c78
0x53df0a,0x71d5f3e8dfd0
0x4494de,0xb7ac7a9a7cc0
0x494c73,0x2c2cbb539fb0
0x456198,0x464bc80bbf68
0x4537e7,0xab2ecf3d0f8c
0x456269,0x464bc80ba4d8
0x53df14,0x878ddfa3ebc8
0x451882,0xab2ecf3d6c28
0x45fe42,0x5829a6ec1c40
0x53df14,0xf5d9bd08b3a8
0x45fdd7,0xcc2ca37f6420
0x53df0a,0xd79e62b07cf0
0x53df14,0x878ddf9f8fc8
0x45eeb8,0x6c537039ed40
0x494c7e,0xe7c8f3c1c78
0x494c73,0x7cb731939f90
0x494c73,0xcd28e5833d10
0x45ff7a,0xd79e62aa11ac
0x45ff4d,0x28e837c92eb8
0x53ffd1,0xf5d9bd0a3138
0x45eea7,0xab2ecf3f09a0
0x4494f2,0xbf7dd5e56c00
0x4537e7,0xab2ecf3f470c
0x53df14,0xe8035e45a4f8
0x46d633,0xf5d9bd0b5100
0x494c93,0xa7d08ad131f8
0x494c73,0xcc2ca37e6380
0x494c93,0xc8d282fa4f8
0x443d2b,0x7cb7319ab391
0x42d593,0xf5d9bcfa1c50
0x4561ac,0x464bc80bed54
0x45eeb8,0xab2ecf402750
0x46d633,0xcc2ca3791c40
0x451882,0xab2ecf405ab8
0x4537e7,0xab2ecf407c6c
0x494c93,0xc9394d3847f8
0x44952d,0x71d5f3fd5108
0x53df14,0xce1384f95118
0x448b7a,0xab2ecf426398
0x4494de,0x28d7cf418980
0x46d633,0xaff5007e6380
0x45ee80,0xab2ecf4298f0
0x494c73,0x24d655914f80
0x494c73,0xab2ecf431360
0x53df14,0x71d5f3ff0fa8
0x4494ea,0x28d7cf5c0988
0x4537e7,0xab2ecf43c50c
0x53df14,0xcc2ca3842748
0x53df14,0xcc2ca37e47e8
0x45eea0,0xab2ecf4411b8
0x4537e7,0xab2ecf44275c
0x45ee80,0xa7d08ad3a4c0
0x494c73,0x71d0d58cbc80
0x494c73,0xb66056946390
0x456198,0x464bc80c7cf8
0x46d614,0xf5d9bd12b380
0x449502,0xcd28e57e5a84
0x53df0a,0x4741a6432ea0
0x46d633,0x4741a6432ed0
0x42d15d,0x464bc80c7a00
0x494c73,0xce1384fe23c0
0x494c73,0xcd28e574cda0
0x494c73,0x4e5a10fa5730
0x494c73,0xc9394d386580
0x53df14,0x11faa172bc88
0x45eea7,0xafe0999c7230
0x53df0a,0xcd28e575e530
0x451882,0xafe0999c6588
0x53df14,0xcc2ca38bbf58
0x4518c8,0xa7d08ad531f8
0x494c73,0xce1385130980
0x46d75a,0x464bc80cc650
0x559fe3,0xa7d08ad4cd80
0x42d894,0x7ebb3c7c3138
0x53e487,0x2c2cbb4bbda8
0x45fe42,0x71d0d59c0d60
0x53e5fc,0xafe0999debf8
0x44952d,0x32bd14b925c8
0x53e62b,0xc9394d38b540
0x46d614,0x71d5f3ec7a00
0x448b7a,0xa7d08ad61c58
0x494c93,0x7ebb3c7c10f8
0x494c73,0xe7c8f3bebf0
0x494c93,0x94d99151e38
0x494c73,0x8a4feef7dc60
0x494c93,0x28d7cf441c78
0x53e62b,0x71d0d5a1ed70
0x46d614,0xb1739fbcc1c0
0x44952d,0xb1739fbd1c58
0x45ee80,0x8f7ac39698c0
0x45fdd7,0xb7ac7a92c1c8
0x46d614,0x1719cc66380
0x494c73,0x7cb731a94720
0x494c73,0xcc2ca3819110
0x494c73,0x28d7cf501c70
0x494c73,0x412e73cdbf70
0x494c73,0x71d5f3e32ee0
0x494c7e,0xd79e62b53578
0x45ff7e,0x11faa1773540
0x449947,0xa7d08ad7bf78
0x42d851,0x464bc80d1c48
0x53e62b,0xdc47619f5240
0x45eea0,0xdc47619fbf68
0x4494de,0xdc4761a02740
0x46d633,0xdc4761a05310
0x451882,0xdc4761a00d68
0x45ee80,0x464bc80d0990
0x494c73,0x7ebb3c7d89a0
0x494c73,0xcc2ca36f4fa0
0x443d2b,0x464bc80f6411
0x449929,0x5829a6ec8b88
0x4561ac,0x464bc80d4fa4
0x45eea7,0x464bc80d3d30
0x53df0a,0x3a044724bca0
0x449502,0xdc4761a25a84
0x456269,0x464bc80d3578
0x53e65a,0xcc2ca37b89b8
0x53df14,0x4d2bb47c5128
0x45ee80,0x5829a6ee08d0
0x45eea7,0xdc4761a31c50
0x494c73,0x7cb731a1bda0
0x494c73,0xd79e62c19f90
0x494c73,0xcc2ca3712ea0
0x494c73,0x7ebb3c7d6c00
0x494c73,0x71d5f3f0d780
0x494c73,0x2c2cbb5a7a10
0x449929,0x5829a6ed6c08
0x44952d,0x71d5f3e1ebd8
0x53e5fc,0xdc4761a45738
0x45eea7,0xdc4761a4b3b0
0x4537e7,0xdc4761a4b55c
0x448b7a,0xdc4761a50fb8
0x44952d,0x99d8269ed798
0x4537e7,0xdc4761a5674c
0x53df14,0x66598a7b2e98
0x53df0a,0xbf7dd5e66380
0x451950,0xdc4761a65738
0x53df0a,0xbf7dd5e7bf50
0x53e62b,0xdc4761a72ea0
0x4537e7,0xdc4761a463bc
0x53e62b,0xdc4761a74700
0x46d633,0xdc4761a72ed0
0x4494de,0xbf7dd5e93d00
0x53df14,0xd79e62b531e8
0x45eea7,0xdc4761a7e500
0x451950,0xdc4761a7c538
0x4494ea,0xbf7dd5ec10c8
0x451882,0xd79e62b0c1d8
0x46d633,0xdc4761a87290
0x45eeb8,0xd79e62b0c670
0x45ee80,0xdc4761a3bf40
0x447a20,0x11faa176e830
0x4552b0,0x11faa1770988
0x457432,0xdc4761a8bcb0
0x463e27,0x11faa1774700
0x412c87,0x11faa1771c58
0x412cc0,0x11faa1779f98
0x46d773,0xa040f2045120
0x412c87,0x11faa177e528
0x4552c0,0x11faa177ed74
0x463a8d,0xb7ac7a96c1c8
0x45ff7a,0x99d826a023c0
0x45ff56,0x7ebb3c7f6744
0x411d2f,0x11faa1795100
0x460050,0x11faa179c520
0x45ff56,0xd79e62ab1348
0x463e27,0x11faa17a10e0
0x45528e,0x11faa17a1184
0x4552c0,0x11faa17a1c74
0x463e27,0x11faa17a23d0
0x447a14,0x11faa1796764
0x4552b0,0x11faa17a3138
0x45ff4d,0x6c5370392e88
0x412cc0,0x11faa1794718
0x4552b0,0x11faa1794fb8
0x463a8d,0x7cb731a53d00
0x463aa3,0x11faa17be51c
0x4552b0,0x11faa17c0d78
0x411d2f,0x11faa17bdc40
0x45ff4d,0x6c5370392ec8
0x4552b0,0x11faa17c5728
0x4552b0,0x11faa17c7a18
0x411d2f,0x11faa17c7220
0x448b5a,0x11faa17ba4e8
0x457432,0xdc4761aac670
0x46d773,0xab2ecf44b3a0
0x46d736,0xab2ecf44b540
0x4552c0,0x11faa17b8fc4
0x45ff4d,0x6c537038d7b8
0x558f9a,0x11faa17dbf60
0x4602e0,0x11faa17debc0
0x53de87,0xd79e62b13550
0x45feea,0xdc4761ab1e0c
0x45feea,0xdc4761ab25cc
0x412cc0,0x11faa17e3128
0x45ff62,0x11faa17febc4
0x42ccca,0xd693286febd8
0x460050,0x11faa17ebca0
0x4552c0,0x11faa17e10f4
0x4552b0,0x11faa17e1198
0x4552c0,0x11faa17fbf74
0x448b83,0xdc4761aba4c0
0x412cc0,0x11faa17fdc78
0x45ff7e,0xc8d281c5110
0x53de87,0xa1abd7fddc68
0x463aa3,0x11faa180572c
0x46d736,0xdc4761ac1180
0x53e49f,0x28e837cf1c78
0x46d75a,0x11faa180b390
0x558f9a,0x11faa180bca0
0x411c2e,0x11faa180b548
0x457432,0xdc4761ac5130
0x412c87,0x11faa18125f8
0x558f9a,0x11faa1815120
0x53de87,0xf5d9bd198980
0x463aa3,0x11faa1819fac
0x460050,0x4741a6425120
0x4552c0,0x11faa1820184
0x411c2e,0x11faa1820d78
0x4115a9,0x11faa1814f80
0x4552c0,0x11faa1822764
0x463a8d,0xff3c8d6223c0
0x46d773,0xdc4761ad3540
0x463aa3,0x11faa182c65c
0x4552b0,0x11faa1833558
0x448b5a,0x11faa1830988
0x447a39,0x11faa1834fb0
0x447a20,0x11faa1836c00
0x447a20,0x11faa1832ef0
0x411c2e,0x11faa18325c8
0x448b83,0xdc4761ad9f80
0x558f9a,0xd79e62bd1370
0x4552b0,0xd79e62bd1398
0x457432,0xdc4761aded70
0x4552c0,0x11faa18408f4
0x45ff62,0x66598a7ab540
0x4552c0,0x11faa1847ce4
0x45ff62,0x11faa185c518
0x448b5a,0x11faa184b568
0x463a8d,0xf5d9bd080980
0x559212,0x11faa1850980
0x46d743,0x11faa17f4710
0x53de87,0xce13850063b0
0x412c87,0x11faa18525d8
0x558f9a,0x11faa1852e80
0x4552b0,0x11faa1852ec8
0x45ff62,0x66598a83e510
0x45ff89,0xcd28e5816438
0x46d736,0xf848bcf85a80
0x447a20,0x11faa1874f90
0x448b83,0xdc4761aeb380
0x45ff7a,0xcd28e57ee800
0x447a40,0x11faa1875270
0x4552c0,0x11faa1875134
0x53de87,0xf5d9bd111c70
0x45ff4d,0xa7d08ad75118
0x4552c0,0x11faa1876424
0x45528e,0x11faa1876c24
0x412cc0,0x11faa1879128
0x457432,0xdc4761af09b0
0x4552c0,0x11faa187bf54
0x53de87,0xb7ac7a9a0d60
0x45ff62,0x2c2cbb474718
0x4552c0,0x11faa18865b4
0x412cce,0x11faa188c651
0x53de87,0xa040f2056760
0x46d736,0xdc4761af8fe0
0x45ff56,0x11faa18ad784
0x463a8d,0x908653178988
0x46d736,0x9ae076614720
0x45528e,0x11faa1885324
0x46d773,0xdc4761afc500
0x4552b0,0x11faa18931d8
0x42ccca,0x11faa1891c68
0x463a8d,0x11faa18925c0
0x46d773,0x464bc80e0d60
0x46d773,0xdc4761afe520
0x46d773,0xdc4761b01c60
0x4552c0,0x11faa18b0fb4
0x46d773,0xdc4761b072a0
0x411c2e,0x11faa18bbd98
0x53de87,0xf5d9bd0b8fc8
0x46d743,0xff3c8d60d790
0x53de87,0x5115330f5120
0x463aa3,0x11faa18cc1cc
0x411c2e,0x11faa18d09b8
0x447a40,0x11faa18d3d30
0x411c2e,0x11faa18d4708
0x45ff62,0xce138500dfc8
0x45ff4d,0xa7d08ad75278
0x463aa3,0x11faa18d910c
0x4552b0,0x11faa18c7c48
0x558f9a,0x11faa18c7ce0
0x448b5a,0x11faa18c7218
0x4552b0,0x11faa18e3118
0x412c87,0x7ff68728cda8
0x463aa3,0xe7c8f378fdc
0x4115a9,0xe7c8f379100
0x411c2e,0xe7c8f37a4d8
0x448b5a,0x11faa18e2748
0x463aa3,0xe7c8f37dc4c
0x45ff7a,0xf5d9bd056400
0x448b5a,0xe7c8f37ed78
0x45736c,0xdc4761b210c8
0x4552b0,0xe7c8f390f98
0x447a20,0xe7c8f391350
0x460a83,0xe7c8f391c59
0x448b5a,0xe7c8f395278
0x447a40,0xe7c8f38c1f0
0x448b5d,0xdc4761b2d780
0x46d75a,0xe7c8f3a7220
0x412c87,0xe7c8f3a7288
0x4552b0,0xe7c8f3a7a38
0x457432,0x464bc80e5730
0x448b83,0xdc4761b30f80
0x463aa3,0xe7c8f3ac65c
0x45ff4d,0x28e837c9ed78
0x45ff90,0x24d6558cd7b8
0x45736c,0xdc4761b32e88
0x448b5d,0xdc4761b32ee0
0x45ff89,0x71d5f3ee5738
0x45ff62,0x11faa178b550
0x411c2e,0xe7c8f3b4718
0x463a96,0x2c2cbb556c00
0x412c87,0xe7c8f3a8ba8
0x42ccca,0xe7c8f3b5258
0x448b5a,0xe7c8f3a6598
0x448b5d,0x464bc80a7c60
0x463e27,0xe7c8f3c5120
0x46d75a,0xe7c8f3c5320
0x4552b0,0xe7c8f3c5a98
0x46d736,0x464bc80e7c60
0x412cc0,0xe7c8f3cb578
0x412c87,0xe7c8f3ce818
0x4552c0,0xe7c8f3cc644
0x53e49f,0xb7ac7aa063b8
0x45ff62,0x11faa17b6c10
0x447a40,0xe7c8f3d5130
0x460a83,0xe7c8f3d6759
0x45ff62,0x932ec4094730
0x45736c,0x6780b4625aa8
0x448b5a,0xe8035e4608d8
0x45ff56,0xe470055e7c58
0x460050,0xe7c8f3e47e0
0x53de87,0xf5d9bd007cc0
0x45ff56,0x7ebb3c7d1e04
0x448b83,0xdc4761b47200
0x53de87,0xb7ac7a9cd7b0
0x447a40,0xe7c8f3e5730
0x53de87,0xbcd57edf4fa0
0x46d736,0xdc4761b4d780
0x463a8d,0x66598a7a98c8
0x4552b0,0xab2ecf35bd98
0x45736c,0x464bc80e98e8
0x45ff7a,0xb7ac7a94c1c0
0x411c2e,0xab2ecf35dc68
0x463aa3,0xab2ecf360d4c
0x460bc0,0xcd28e5868b80
0x412c87,0xab2ecf36bcb8
0x4552c0,0xab2ecf35c504
0x4552b0,0xab2ecf36d7b8
0x53de87,0xf5d9bcfc5310
0x412c87,0x6c5370348bb8
0x4552b0,0xab2ecf37e528
0x45528e,0xab2ecf37ed64
0x4552c0,0xab2ecf382774
0x4602e0,0xab2ecf3898c0
0x45736c,0xdc4761b60d48
0x4602e0,0xab2ecf388bb0
0x463a8d,0xf5d9bd00c1c0
0x45ff62,0x66598a7cb388
0x559212,0xab2ecf38cd90
0x4552b0,0xab2ecf38dfe8
0x460a83,0xab2ecf38d789
0x46d773,0xdc4761b65120
0x448b5d,0xdc4761b67c40
0x45feea,0xdc4761b68b8c
0x4552b0,0xab2ecf3a7218
0x558f9a,0xab2ecf3a72b0
0x412cc0,0xab2ecf3a7c68
0x4602e0,0xab2ecf3a7ce0
0x45ff56,0x878ddfa01c48
0x53de87,0xb7ac7a9f31c0
0x463a8d,0x66598a847cc8
0x460050,0x66598a847c70
0x46d773,0xdc4761b6d780
0x45528e,0xab2ecf3ac664
0x4552b0,0x6c5370365118
0x448b63,0xdc4761b70988
0x4552c0,0xab2ecf3ba4d4
0x448b5a,0xab2ecf3b8988
0x447a40,0xab2ecf3bebf0
0x46d736,0xdc4761b74f90
0x53de87,0xce1384fba4c0
0x412c87,0xab2ecf3c2768
0x558f9a,0xab2ecf3c10f0
0x558f9a,0xab2ecf3c1180
0x448b63,0xdc4761b78fc8
0x463aa3,0xab2ecf3c531c
0x460050,0x28d7cf5d31e0
0x53e49f,0xb7ac7a9c23f8
0x463aa3,0xab2ecf3c65ac
0x45ff62,0xcc2ca37f6420
0x411c2e,0x6c537037bd98
0x463aa3,0xab2ecf3d0f8c
0x45736c,0xdc4761b7c528
0x448b5d,0xdc4761b7e500
0x4552c0,0xab2ecf3d31e4
0x411c2e,0xab2ecf3d8fe8
0x448b5d,0xdc4761b81c40
0x447a39,0xab2ecf3d9fb0
0x45feea,0xdc4761b823cc
0x4552c0,0xab2ecf3dbda4
0x460050,0xd79e62b07cf0
0x448b5d,0xdc4761b85300
0x45528e,0xab2ecf3ec1d4
0x447a20,0xab2ecf3ecdb0
0x53de87,0xb1739fbd0fa0
0x463e27,0xab2ecf3f09a0
0x45ff90,0xe8035e45a4f8
0x45ff56,0x71d5f3fd5108
0x45ff7a,0xcc2ca3791c40
0x4602e0,0xab2ecf3edfc0
0x46d729,0xdc4761b8e808
0x4115a9,0xab2ecf3f3540
0x4552c0,0xab2ecf3f3d24
0x463aa3,0xab2ecf3f470c
0x558f9a,0x51153313bf70
0x46d75a,0xab2ecf403100
0x46d736,0xdc4761b96c00
0x45528e,0xab2ecf406584
0x4552c0,0xab2ecf407284
0x53de87,0x8876f2fc5330
0x463aa3,0xab2ecf407c6c
0x46d75a,0xab2ecf407cc0
0x460bc0,0x28d7cf4e47c0
0x558f9a,0xab2ecf4098c0
0x463a96,0x2c2cbb567210
0x558f9a,0xab2ecf40c1e0
0x46d773,0xcd28e5851c50
0x448b63,0xd79e62b27208
0x460a83,0xab2ecf41ed59
0x4552b0,0xab2ecf4247e8
0x412cc0,0xab2ecf425318
0x45528e,0xab2ecf425104
0x412c87,0xab2ecf4265b8
0x448b5a,0xab2ecf426398
0x4602e0,0xab2ecf41dc60
0x463a8d,0x28d7cf418980
0x46d773,0xdc4761babcb0
0x4552c0,0x11faa1718ff4
0x558f9a,0xab2ecf423130
0x448b5d,0x464bc80f1e00
0x42ccca,0x71d5f3ff0fa8
0x411c2e,0xab2ecf439138
0x463a8d,0x28d7cf5c0988
0x463aa3,0xab2ecf43c50c
0x45feea,0x7cb731987ccc
0x4602e0,0xab2ecf438980
0x45ff7a,0x4741a6432ed0
0x558f9a,0xab2ecf43e530
0x4602e0,0xab2ecf43dc70
0x412c87,0xab2ecf440188
0x4552b0,0xab2ecf440998
0x46d75a,0xab2ecf436410
0x42ccca,0xcc2ca37e47e8
0x463aa3,0xab2ecf44275c
0x4552c0,0xab2ecf4410e4
0x448b5d,0x8f7ac3968b80
0x558f9a,0xa7d08ad3a4c0
0x53de87,0xafd74f96e820
0x448b5d,0xdc4761bb1340
0x460a83,0xab2ecf443119
0x448b5d,0x71d5f3e07a10
0x412cc0,0xab2ecf4531d8
0x412c87,0xab2ecf456768
0x45fd16,0xdc4761bb9100
0x460050,0x4741a6432ea0
0x46d773,0xdc4761bbbd90
0x4602e0,0x7cbb54263100
0x559212,0xab2ecf450fa0
0x46d75a,0x4e5a10f9ebe0
0x411d2f,0x4e5a10f9ed40
0x53e49f,0xcc2ca37f6778
0x447a20,0x4e5a10fab3b0
0x45736c,0x464bc80f25c8
0x411557,0x4e5a10fabc8c
0x4552c0,0xafe0999c47e4
0x4552b0,0xafe0999c5a98
0x463e27,0xafe0999c7230
0x4552c0,0xafe0999c7ce4
0x46d736,0xdc4761bc6380
0x42ccca,0xcc2ca38bbf58
0x448b5d,0xdc4761bc7c60
0x447a40,0x4e5a10facdb0
0x460bc0,0xa040f21c6380
0x4602e0,0xafe0999cd7b0
0x45ff62,0x32bd14b925c8
0x45ff56,0xb1739fbd1c58
0x4552b0,0xa7d08ad55268
0x412cc0,0xa7d08ad54fa8
0x558f9a,0xafe0999ce800
0x412c87,0xafe0999d89b8
0x4552b0,0xafe0999d9108
0x46d75a,0xafe0999dbdb0
0x411c2e,0xafe0999dbf68
0x463a96,0x2c2cbb56d780
0x412cce,0xafe0999e23d1
0x448b5d,0x1a70aa743130
0x45528e,0x94d991447d4
0x558f9a,0x94d99145320
0x447a39,0x94d99145ab0
0x45ff7a,0xb1739fbcc1c0
0x45ff62,0xb7ac7a92c1c8
0x45ff7e,0x1719cc66380
0x447a20,0x8f7ac396d780
0x412c87,0x8f7ac396dff8
0x4552b0,0x8f7ac396e808
0x53e49f,0xb381a39fb8
0x4115a9,0x8f7ac396c640
0x45528e,0x8f7ac3974704
0x4552c0,0x8f7ac39731f4
0x4552c0,0x8f7ac3976404
0x411c2e,0x8f7ac3973d08
0x558f9a,0x8f7ac39698c0
0x45736c,0xdc4761bdebe8
0x4552b0,0x8f7ac39789a8
0x412cc0,0xdc47619e6588
0x46d773,0xdc4761be10c0
0x53de87,0x932ec4071c60
0x412c87,0x464bc80d0fb8
0x558f9a,0xdc47619f6c10
0x412c87,0xdc47619f9108
0x45ff7e,0xce13850210cc
0x4552c0,0xdc47619fbdb4
0x46d75a,0xdc4761a047f0
0x558f9a,0xdc4761a03100
0x447a40,0xdc4761a065b0
0x4552c0,0xdc4761a06394
0x4552c0,0xdc4761a0bcb4
0x460a83,0xdc4761a0b559
0x4602e0,0xdc4761a0e820
0x463e27,0x464bc80d3d30
0x53de87,0x932ec40465b0
0x460050,0x3a044724bca0
0x45ff56,0x99d8269ed798
0x45ff62,0x71d5f3e1ebd8
0x457432,0xf775d3148bb0
0x463e27,0xdc4761a31c50
0x42ccca,0x4d2bb47c5128
0x4115a9,0xdc4761a1e500
0x558f9a,0xdc4761a1ed40
0x4552c0,0x7ebb3c7a2754
0x53de87,0x71d0d5a623d0
0x45fd16,0x71d0d588b540
0x46d75a,0xdc4761a472a0
0x4552c0,0xdc4761a47c54
0x4552b0,0xdc4761a47cd8
0x463aa3,0xdc4761a4b55c
0x463e27,0xdc4761a4b3b0
0x4552b0,0xdc4761a4c1f8
0x53de87,0x28d7cf487230
0x448b5a,0xdc4761a50fb8
0x463aa3,0xdc4761a5674c
0x447a40,0xdc4761a55270
0x4552c0,0xdc4761a55134
0x45ff7a,0xbf7dd5e66380
0x4552b0,0xdc4761a4d798
0x558f9a,0xdc4761a5dc70
0x42ccca,0x66598a7b2e98
0x448b5d,0xce1385141190
0x558f9a,0x7ebb3c7ab540
0x412cce,0xdc4761a66391
0x412cce,0xdc4761a498d1
0x46d743,0xbf7dd5e7bf50
0x411d2f,0xdc4761a6bca0
0x457432,0xf775d3165730
0x411c2e,0xdc4761a6dfe8
0x463aa3,0xdc4761a463bc
0x412c87,0xdc4761a76768
0x4552b0,0xdc4761a75118
0x463a8d,0xbf7dd5e93d00
0x45736c,0xf775d316cd88
0x4552c0,0xdc4761a7bda4
0x42ccca,0xd79e62b531e8
0x463e27,0xdc4761a7e500
0x46d736,0xce1385041c40
0x412c87,0xdc4761a40d48
0x460a83,0xdc4761a810c9
0x411c2e,0xdc4761a81188
0x4602e0,0xdc4761a823f0
0x447a20,0xdc4761a86380
0x463a8d,0xbf7dd5ec10c8
0x45ff4d,0x28e837c92eb8
0x46d151,0xdc4761a87290
0x45ff7e,0xd79e62aa11ac
0x443d2b,0x7ebb3c7ec661
0x45eebb,0x28e837ce3118
0x47338d,0x7ebb3c80bcac
0x53cacd,0x66598a7a7208
0x411557,0x7ebb3c811c4c
0x473397,0x7ebb3c814f98
0x412743,0x7ebb3c818fe8
0x443d2b,0x7ebb3c873551
0x46091a,0x7ebb3c819138
0x460050,0x7ebb3c875270
0x460050,0x7ebb3c879130
0x45ff4d,0x28e837c92ec8
0x46d75a,0x7ebb3c82b550
0x4518c8,0x7ebb3c807a38
0x45ee80,0x7ebb3c811390
0x45eea0,0x7ebb3c811378
0x4494de,0x66598a7b25c0
0x456269,0x7ebb3c7fbd98
0x456269,0x7ebb3c7fbf48
0x451882,0x7ebb3c81dc48
0x448b7a,0x7ebb3c8272a8
0x53e62b,0xf775d3179120
0x53e65a,0x66598a774708
0x448b7a,0x7ebb3c82b398
0x45ee80,0x7ebb3c7fa4c0
0x494c97,0x7ebb3c832ef8
0x494c73,0x7ebb3c836400
0x494c93,0x7ebb3c841c78
0x494c73,0x7ebb3c845aa0
0x494c73,0xd79e62c27200
0x494c73,0x7ebb3c855270
0x494c73,0x7ebb3c85dc50
0x46d736,0x7ebb3c86e830
0x46d736,0x7ebb3c873d30
0x4552b0,0x7ebb3c8208c8
0x4552b0,0x7ebb3c8209a8
0x411d2f,0x7ebb3c8223e0
0x558f9a,0x7ebb3c827cd0
0x4552c0,0x7ebb3c827c74
0x4552c0,0x7ebb3c82bc84
0x443d2b,0xf775d317bda1
0x473397,0x24d6558d4f90
0x447a40,0x24d6558d3540
0x4518c8,0x24d6558d25f8
0x463a96,0xdd2838a59100
0x47338d,0x24d6558ddc74
0x410700,0x24d6558e5700
0x473397,0x24d6558e5a90
0x46d743,0xdd2838a5e538
0x451882,0x24d6558eb578
0x451882,0x24d6558f3568
0x46d743,0xdd2838a610f8
0x47338d,0x24d655903124
0x456198,0x24d65590cdb8
0x4602e0,0x24d65590c670
0x45ff7e,0x878ddf9e658c
0x412c87,0x24d655913d28
0x558f9a,0x24d6559125d0
0x456198,0x24d65591bd98
0x45ee80,0xf775d318d7b0
0x46d75a,0xf775d3180d70
0x46d75a,0xf775d3187a00
0x46d75a,0xf775d318bcb0
0x449824,0xbf7dd5e80d60
0x45fd16,0xbf7dd5ef25c0
0x410f25,0x7ebb3c885a80
0x412cce,0x24d655935111
0x410725,0x24d655935240
0x53cb5b,0x24d655931c78
0x412cc0,0x24d65593c508
0x443d2b,0xf775d3192e81
0x46d18d,0x28d7cf507cc0
0x443d2b,0xf775d3193d31
0x410b32,0xd7cc94e16400
0x460050,0x2c2cbb5298e0
0x410c00,0xd7cc94e1bd98
0x42ccad,0x1d8d5dacbcb0
0x412c87,0xdd2838a2e828
0x411557,0xdd2838a331cc
0x46d18d,0xd7cc94e21c60
0x47338d,0xdd2838a463a4
0x42ccad,0x5829a6ee63a0
0x46d181,0xdd2838a423c0
0x443d2b,0xf775d31989a1
0x53cb5b,0xdd2838a48ba8
0x45ff56,0xdc4761ad9f80
0x46d75a,0xdd2838a53d30
0x443d2b,0x66598a762771
0x447a40,0x11faa176e830
0x460050,0xdc4761a8bcb0
0x4495c3,0xce13850c09b8
0x456198,0x11faa1770988
0x448b7a,0xf775d31a5108
0x45eeb8,0xf775d31a7a30
0x45ee80,0xf775d31a7200
0x4495c3,0x71d0d5a209b8
0x463e27,0x11faa1774700
0x44959a,0x11faa1773540
0x412c87,0x11faa1771c58
0x45ee80,0x7cb731b05120
0x412cc0,0x11faa1779f98
0x46d773,0xa040f2045120
0x45ee80,0x7cb731b05330
0x45ee80,0xf775d31b0f90
0x412c87,0x11faa177e528
0x44952d,0x71d5f3e8c1d8
0x4561ac,0x11faa177ed74
0x45ff4d,0x6c5370392e88
0x449609,0x71d0d5a3bf58
0x53e65a,0xf775d31c08e8
0x449609,0x3a044725bd98
0x45ee80,0x7cb731b05720
0x44959d,0xb7ac7a96c1c8
0x45eeb8,0x11faa179ed70
0x46d633,0x735ce4b80190
0x45eea7,0x743fcfb4e830
0x4494f2,0xbf7dd5f6bc80
0x449680,0x71d0d5a47c70
0x44959d,0x71d0d5a47cc0
0x53df0a,0x71d5f3e4c670
0x451882,0x11faa179dc58
0x448b7a,0x743fcfb56c38
0x411804,0x11faa179c520
0x53df0a,0x71d5f3f21c50
0x45fd16,0xdc4761a98fc0
0x45eeb8,0xd79e62b810f0
0x463e27,0x11faa17a10e0
0x45ff4d,0x6c5370392ec8
0x456171,0x11faa17a1184
0x456269,0x11faa17a1c74
0x4537e7,0x743fcfb61c4c
0x463e27,0x11faa17a23d0
0x451882,0x743fcfb63138
0x4494de,0x2c2cbb5c5100
0x456171,0x11faa1796764
0x456198,0x11faa17a3138
0x53df14,0xa1abd7fded58
0x4495c3,0x7ebb3c7f6744
0x449680,0x71d0d5a601b0
0x412cc0,0x11faa1794718
0x456198,0x11faa1794fb8
0x451950,0x11faa17a72b8
0x448b7a,0x11faa17c0998
0x53df14,0xbf7dd5f96c18
0x44959d,0x7cb731a53d00
0x44959d,0x7ebb3c7f9100
0x451882,0x743fcfb71c78
0x463aa3,0x11faa17be51c
0x45ff7e,0xdc4761ab25cc
0x45ff4d,0x6c537038d7b8
0x45ff7e,0xdc4761ab1e0c
0x4495c3,0x932ec402b550
0x456198,0x11faa17c0d78
0x44962d,0xd79e62ab1348
0x40b657,0xd79e62ab1388
0x456198,0x11faa17c5728
0x45ee89,0x7cb731b0b560
0x456198,0x11faa17c7a18
0x44e194,0x743fcfb87a18
0x411913,0x11faa17c7220
0x4537e7,0x9fb38626277c
0x448b5d,0xdc4761aabcb0
0x460050,0xdc4761aac670
0x53df0a,0xbf7dd5fc10f0
0x448b5a,0x11faa17ba4e8
0x44952d,0xbf7dd5fc1188
0x449609,0x932ec4047c58
0x4495c3,0x932ec4047cc0
0x44e248,0xd79e62b925c8
0x46d773,0xab2ecf44b3a0
0x46d736,0xab2ecf44b540
0x4561ac,0x11faa17b8fc4
0x451882,0x11faa17e5128
0x44959a,0xcc2ca388c1c0
0x4602e0,0x11faa17debc0
0x4602cb,0xd79e62b13550
0x45ff62,0xdc4761aba4c0
0x53e5fc,0xf64c9f09b8
0x412cc0,0x11faa17e3128
0x53df14,0xbf7dd5feb3a8
0x45eeb8,0x11faa17e47d0
0x448b7a,0xf64ca05738
0x42ca41,0xd693286febd8
0x411804,0x11faa17ebca0
0x4561ac,0x11faa17e10f4
0x456198,0x11faa17e1198
0x4064e3,0xd79e62c4c658
0x456269,0x11faa17fbf74
0x44959a,0x99d826a023c0
0x412cc0,0x11faa17fdc78
0x4495c3,0x11faa17febc4
0x4602cb,0xa1abd7fddc68
0x4518c8,0x11faa18011b8
0x4537e7,0x73d6b45b6c2c
0x45fe42,0xce13850f1340
0x463aa3,0x11faa180572c
0x44959a,0x932ec4087290
0x53df14,0xbf7dd602dfd8
0x45ee80,0xd79e62bb09a0
0x46d736,0xdc4761ac1180
0x451882,0x73d6b45bbd98
0x46d75a,0x11faa180b390
0x558f9a,0x11faa180bca0
0x45eeb8,0x73d6b45c7a30
0x45ee80,0x73d6b45c7200
0x460050,0xdc4761ac5130
0x412c87,0x11faa18125f8
0x558f9a,0x11faa1815120
0x45ee80,0x73d6b45ce830
0x53df0a,0xaa4eb5de1c70
0x4602cb,0xf5d9bd198980
0x44959a,0xc8d281c5110
0x4064e3,0xff3c8d5fa4c8
0x44e194,0x9895a7bb6438
0x463aa3,0x11faa1819fac
0x411804,0x4741a6425120
0x45eeb8,0x9895a7bb6740
0x44e248,0x9895a7bb6c08
0x44952d,0xaa4eb5df3548
0x45eeb8,0x9895a7bc7a00
0x53e65a,0x9895a7bc5308
0x4561ac,0x11faa1820184
0x4115a9,0x11faa1814f80
0x46d633,0x99d8269e0d40
0x4561ac,0x11faa1822764
0x45fe42,0x5115331401a0
0x45fd16,0xdc4761ad1e00
0x46d773,0xdc4761ad3540
0x44959d,0xff3c8d6223c0
0x45ee80,0xd79e62bc1c50
0x463aa3,0x11faa182c65c
0x449609,0x7ebb3c88bcb8
0x45ee80,0xd79e62bce800
0x448b7a,0x9895a7be65a8
0x45ff62,0x11faa1747a00
0x45ff62,0x5115330d1390
0x448b5a,0x11faa1830988
0x45eeb8,0x11faa1835270
0x447a39,0x11faa1834fb0
0x45ff62,0x66598a7ab540
0x447a40,0x11faa1832ef0
0x4064e3,0xcc2ca3876748
0x53df14,0x1719cc95268
0x45ee80,0x9895a7bfdc70
0x53df14,0xc8d2817bd98
0x4494f2,0xd69328727a00
0x451882,0x9895a7bf8ff8
0x460050,0xdc4761aded70
0x558f9a,0xd79e62bd1370
0x456269,0x11faa18408f4
0x4561ac,0x11faa1847ce4
0x448b5a,0x11faa184b568
0x44e194,0x9895a7c131c8
0x45ff62,0x66598a83e510
0x45ff56,0xdc4761aeb380
0x53df0a,0xc8d281a3100
0x44959d,0xf5d9bd080980
0x558f9a,0x11faa1850980
0x4602cb,0xce13850063b0
0x451882,0x9895a7c210d8
0x412c87,0x11faa18525d8
0x411804,0x11faa17f4710
0x53e65a,0x9895a7c208e8
0x559212,0x11faa1852e80
0x456198,0x11faa1852ec8
0x45ff4d,0xa7d08ad75118
0x44962d,0xafd74f958fe8
0x456331,0x11faa18498c0
0x451882,0x9895a7c21c78
0x449609,0x6c6f1e4c5a80
0x45ee80,0x9895a7c2d790
0x4494de,0xc5e52af5c500
0x45eeb8,0xd79e62be23d0
0x449609,0x878ddf9f8980
0x4495c3,0x11faa185c518
0x45eeb8,0x9895a7c39120
0x4537e7,0x9895a7c4099c
0x45eeb8,0x9895a7c45310
0x46d736,0xf848bcf85a80
0x4495c3,0x2c2cbb4d6c10
0x447a40,0x11faa1874f90
0x451882,0x11faa1873568
0x45ee89,0x9895a7c45ab0
0x4602cb,0xf5d9bd111c70
0x447a40,0x11faa1875270
0x456269,0x11faa1875134
0x456269,0x11faa1876424
0x44959a,0xafd74f980988
0x456171,0x11faa1876c24
0x412cc0,0x11faa1879128
0x4537e7,0x9895a7c5912c
0x460050,0xdc4761af09b0
0x45fe42,0x71d0d59247e0
0x4602cb,0xb7ac7a9a0d60
0x4561ac,0x11faa187bf54
0x449502,0xc8d28202744
0x449609,0xcd28e5808b88
0x45fe42,0xf5d9bcff5100
0x4561ac,0x11faa18865b4
0x448b5d,0xdc4761af4f90
0x42ca41,0xcd28e5816438
0x448b5d,0xc8d28316750
0x45eeb8,0x11faa188b3a0
0x4518c8,0x9895a7c75138
0x412cce,0x11faa188c651
0x44959a,0xcd28e57ee800
0x45fd16,0x878ddfa25700
0x4602cb,0xa040f2056760
0x46d736,0xdc4761af8fe0
0x45ee80,0x9895a7c7dc60
0x53df0a,0x511533133540
0x44959d,0x908653178988
0x46d736,0x9ae076614720
0x4495c3,0x2c2cbb474718
0x456171,0x11faa1885324
0x451882,0xd79e62c05308
0x44e194,0xd79e62c03138
0x45eea7,0x9895a7c8cda0
0x46d773,0xdc4761afc500
0x42ca41,0x11faa1891c68
0x451882,0x9895a7c6d7b8
0x53df14,0x878ddfa210e8
0x44959d,0x11faa18925c0
0x46d773,0x464bc80e0d60
0x46d773,0xdc4761afe520
0x53df0a,0x71d5f3e2b550
0x4494ea,0xc8d2823ebc8
0x4494f2,0x9895a7c93540
0x45fdd7,0xcc2ca37febe0
0x449609,0x7ebb3c862778
0x4495c3,0xcd28e579dc60
0x46d773,0xdc4761b01c60
0x53df14,0xc8d2824b548
0x4495c3,0x11faa18ad790
0x4494ea,0xc9394d360188
0x4561ac,0x11faa18b0fb4
0x45ee89,0xd79e62c10fa0
0x45eeb8,0x9895a7ca7200
0x4495c3,0xb7ac7a95bf44
0x451882,0x9895a7ca7a28
0x53e5fc,0x9895a7cb6c38
0x46d773,0xdc4761b072a0
0x4602cb,0xf5d9bd0b8fc8
0x451882,0x11faa18d6c08
0x4602cb,0x5115330f5120
0x451882,0x9895a7cc7a08
0x463aa3,0x11faa18cc1cc
0x45ff62,0xdc4761b30f80
0x45ff4d,0xa7d08ad75278
0x411804,0xff3c8d60d790
0x45eeb8,0x9895a7cc8b80
0x45fdd7,0xbf7dd5ec5330
0x44959a,0xcd28e5730f90
0x53e65a,0xbf7dd5f08ba8
0x53e62b,0x9895a7cd9130
0x4495c3,0xbf7dd5ea47c4
0x447a40,0x11faa18d3d30
0x451950,0x9895a7cdebf8
0x46d633,0x49950ab2c640
0x451882,0xd79e62c223c8
0x53ffd1,0xc8d28299fb8
0x4494f2,0x9895a7ce0180
0x4064e3,0xb7ac7a988b88
0x45eea0,0x9895a7ce5738
0x53e62b,0x9895a7ce7a00
0x463aa3,0x11faa18d910c
0x53ffd1,0xc8d282a1c78
0x45fe42,0xce13850f25d0
0x44952d,0xc8d282a7a18
0x456198,0x11faa18c7c48
0x558f9a,0x11faa18c7ce0
0x448b5a,0x11faa18c7218
0x4494f2,0xc8d282abc80
0x456198,0x11faa18e3118
0x45ff7e,0xdc4761b210c8
0x4494f2,0xc8d282b3d00
0x45eeb8,0x9895a7cf6c30
0x448b7a,0x9895a7d00998
0x44962d,0xce138500dfc8
0x45eea7,0x9895a7d05330
0x412c87,0x7ff68728cda8
0x46d614,0xc8d282c0980
0x463aa3,0xe7c8f378fdc
0x4115a9,0xe7c8f379100
0x449502,0x41d09e9cb544
0x45eeb8,0x7ff687290fa0
0x451950,0x9895a7cfebf8
0x45eea7,0x9895a7d0dff0
0x44959a,0xafd74f954700
0x448b5a,0x11faa18e2748
0x44e194,0x9895a7d0e828
0x463aa3,0xe7c8f37dc4c
0x53df14,0x66598a799128
0x45ff56,0xdc4761b2d7a0
0x448b5a,0xe7c8f37ed78
0x449609,0xce1384f95258
0x45fe42,0xff3c8d5e7c40
0x447a40,0xe7c8f391350
0x411a5c,0xe7c8f391c59
0x46d633,0x878ddf9d9100
0x4494ea,0xcc2ca3865a88
0x451882,0xe7c8f392e98
0x45ee80,0x464bc80a6380
0x53e62b,0x9895a7d36400
0x45ee80,0x464bc80a6590
0x45eea7,0x9895a7d39110
0x448b5a,0xe7c8f395278
0x45ff4d,0x28e837c9ed78
0x45ff7e,0xdc4761b32e88
0x45ff62,0x11faa178b550
0x44959d,0x24d6558de508
0x447a40,0xe7c8f38c1f0
0x45fd16,0xdc4761b2cd80
0x45eea7,0x9895a7d472a0
0x451882,0xd79e62c3bd98
0x4537e7,0x9895a7d4b57c
0x45fdd3,0x6c537038dfc0
0x460050,0x464bc80e5730
0x46d75a,0xe7c8f3a7220
0x412c87,0xe7c8f3a7288
0x449680,0xff3c8d62bcb0
0x456198,0xe7c8f3a7a38
0x45eeb8,0x9895a7d531e0
0x451882,0x9895a7d56778
0x463aa3,0xe7c8f3ac65c
0x411804,0xf5d9bd056400
0x463a8d,0xdc4761b32ee0
0x44e194,0x9895a7d5dc48
0x463a96,0x2c2cbb556c00
0x412c87,0xe7c8f3a8ba8
0x42ca41,0xe7c8f3b5258
0x53df0a,0xcc2ca3838990
0x463aa3,0xe7c8f3b911c
0x45ff62,0x932ec4094730
0x42ca41,0x24d6558cd790
0x45fe3e,0x28e837c8e800
0x463a8d,0x464bc80a7c60
0x448b5a,0xe7c8f3a6598
0x4518c8,0xd79e62c463b8
0x45ee80,0xd79e62c45ab0
0x448b63,0x464bc80a7a08
0x463e27,0xe7c8f3c5120
0x46d75a,0xe7c8f3c5320
0x456198,0xe7c8f3c5a98
0x46d736,0x464bc80e7c60
0x412cc0,0xe7c8f3cb578
0x46d633,0x9895a7d7dc50
0x45ee80,0x9895a7d87cc0
0x448b7a,0x9895a7d87228
0x45ff62,0x11faa17b6c10
0x412c87,0xe7c8f3ce818
0x449680,0x7ebb3c8665a8
0x45ee80,0xe8035e45e510
0x45ee89,0x9895a7d8c670
0x42ca41,0x71d5f3ee5738
0x4561ac,0xe7c8f3cc644
0x451950,0x9895a7d8bcb8
0x45ff56,0xdc4761b47200
0x411a5c,0xe7c8f3d6759
0x447a40,0xe7c8f3d5130
0x46d743,0x6780b4625aa8
0x45eea7,0x9895a7da7c70
0x53e62b,0x9895a7dabc90
0x448b5a,0xe8035e4608d8
0x53df0a,0xff3c8d5f4f90
0x46d633,0x71d5f3e9bf50
0x45ee89,0x6c53703389a0
0x53e62b,0xfaef359b25c0
0x411804,0xe7c8f3e47e0
0x45eeb8,0xfaef359b8fc0
0x4602cb,0xf5d9bd007cc0
0x4518c8,0xe7c8f3ecdb8
0x448b7a,0xfaef359c47c8
0x53df14,0x878ddfa32ec8
0x44952d,0x878ddfa32e88
0x4602cb,0xb7ac7a9cd7b0
0x53e65a,0xfaef359c5138
0x447a40,0xe7c8f3e5730
0x45ee89,0xfaef359d13a0
0x45eeb8,0xfaef359d25e0
0x4602cb,0xbcd57edf4fa0
0x46d614,0xfc47cbc2d780
0x46d736,0xdc4761b4d780
0x46d743,0x464bc80e98e8
0x44959d,0x66598a7a98c8
0x44959d,0xff3c8d614f80
0x456198,0xab2ecf35bd98
0x451950,0xab2ecf36dff8
0x4495c3,0xe470055e7c58
0x44952d,0x1719cc5ed58
0x451882,0xfaef359e2748
0x45eeb8,0xfaef359e0990
0x463aa3,0xab2ecf360d4c
0x456331,0xab2ecf362750
0x45ee89,0x6c53703465b0
0x45eeb8,0xfaef359e0d70
0x448b5d,0xdc4761b51e10
0x46d614,0xd9e9d65e1180
0x448b5d,0xdc4761b525d0
0x4495c3,0x7ebb3c7d1e04
0x4518c8,0xab2ecf3663b8
0x451950,0xfaef359eb578
0x4518c8,0xfaef359f0fb8
0x45eea7,0xfaef359f1c50
0x45736c,0xdc4761b53d38
0x45ff7a,0xdc4761b60d48
0x412c87,0xab2ecf36bcb8
0x4494ea,0x6c5370371e08
0x4561ac,0xab2ecf35c504
0x456198,0xab2ecf36d7b8
0x4602cb,0xf5d9bcfc5310
0x4495c3,0xcd28e577ebf8
0x4518c8,0x6c53703472b8
0x412c87,0x6c5370348bb8
0x4064e3,0xf5d9bd010998
0x451950,0xfaef35a08bb8
0x45fdd7,0x28d7cf3f4700
0x45ff7e,0xdc4761b68b8c
0x44959a,0xb7ac7a94c1c0
0x53e65a,0xdc4761a8d798
0x45ff62,0xdc4761b67c40
0x456198,0xab2ecf37e528
0x449609,0xcc2ca3853d10
0x456171,0xab2ecf37ed64
0x4561ac,0xab2ecf382774
0x4518c8,0xfaef35a13578
0x448b63,0xdc4761b5ebc8
0x53e62b,0xfaef35a1ed60
0x4518c8,0xfaef35a13d38
0x4602e0,0xab2ecf3898c0
0x451882,0xfaef35a23128
0x4602e0,0xab2ecf388bb0
0x46d614,0xfaef35a223c0
0x44959a,0x71d0d5a39118
0x45ee80,0xfaef35a27220
0x4537e7,0xfaef35a2cdac
0x44959d,0xf5d9bd00c1c0
0x558f9a,0xab2ecf38cd90
0x45ee89,0x6c5370352ef0
0x4602c7,0xab2ecf38d7b8
0x53e62b,0xfaef35a33d30
0x456198,0xab2ecf38dfe8
0x46d773,0xdc4761b65120
0x4494de,0x5829a6ee6580
0x4495c3,0xb1739fbd0980
0x45eea7,0xfaef35a45110
0x46d614,0xce1384ff4700
0x45fd16,0xdc4761b67a00
0x45ff62,0xdc4761b70988
0x45ff62,0xdc4761b78fc8
0x45eeb8,0xab2ecf3a5130
0x4494de,0xd9e9d65ebc80
0x45eeb8,0xfaef35a4c1c0
0x456198,0xab2ecf3a7218
0x558f9a,0xab2ecf3a72b0
0x412cc0,0xab2ecf3a7c68
0x4602e0,0xab2ecf3a7ce0
0x44962d,0x66598a7cb388
0x45eeb8,0xfaef35a54f90
0x448b5d,0xdc4761b698d0
0x4602cb,0xb7ac7a9f31c0
0x45ee80,0xfaef35a56750
0x451882,0x6c53703611b8
0x46d773,0xdc4761b6d780
0x411804,0x66598a847c70
0x44959d,0x66598a847cc8
0x53e62b,0xfaef35a60d60
0x456171,0xab2ecf3ac664
0x456198,0x6c5370365118
0x45ee80,0xfaef35a3dc40
0x4064e3,0xce13851023c8
0x45ff56,0xdc4761b7e500
0x53df0a,0xd6fa9538b540
0x449609,0x66598a7d8fc0
0x456269,0xab2ecf3ba4d4
0x448b5a,0xab2ecf3b8988
0x44e194,0xfaef35a73d08
0x447a40,0xab2ecf3bebf0
0x451950,0xab2ecf3c01b8
0x46d736,0xdc4761b74f90
0x4602cb,0xce1384fba4c0
0x45fdd7,0xcc2ca37f8fe0
0x45ff62,0xcc2ca37f6420
0x412c87,0xab2ecf3c2768
0x44962d,0x878ddfa01c48
0x558f9a,0xab2ecf3c10f0
0x45eeb8,0xab2ecf3c08f0
0x451882,0xfaef35a78ff8
0x45ff62,0xdc4761b81c40
0x449609,0xaff500799f80
0x448b7a,0xfaef35a8cd98
0x45ff7e,0xdc4761b823cc
0x44952d,0xcd28e5828b98
0x463aa3,0xab2ecf3c531c
0x45ff62,0xdc4761b85300
0x411804,0x28d7cf5d31e0
0x45eea7,0xfaef35a925f0
0x463aa3,0xab2ecf3c65ac
0x4537e7,0xfaef35a9511c
0x46d743,0xdc4761b7c528
0x449609,0x71d5f3e8dfd0
0x45eeb8,0xfaef35a9a4c0
0x463aa3,0xab2ecf3d0f8c
0x53e62b,0xfaef35a9c520
0x4537e7,0xfaef35aa571c
0x451882,0xfaef35aa23c8
0x456269,0xab2ecf3d31e4
0x45eeb8,0xfaef35aa2740
0x451882,0xfaef35aabca8
0x45736c,0xdc4761b801b8
0x45ff56,0x5829a6ec1c40
0x40b657,0x878ddfa3ebc8
0x448b7a,0xfaef35ab3d38
0x46d633,0xff3c8d5f8990
0x44962d,0xf5d9bd08b3a8
0x447a39,0xab2ecf3d9fb0
0x45ff56,0xf5d9bd0909a0
0x456269,0xab2ecf3dbda4
0x451882,0xfaef35ab4728
0x45ff7e,0xdc4761b8e808
0x45eeb8,0x6c537039e520
0x45eeb8,0xfaef35abbda0
0x411804,0xd79e62b07cf0
0x449502,0x11e281df5244
0x40b657,0x878ddf9f8fc8
0x45eeb8,0xfaef35ac11b0
0x4602cb,0xb1739fbd0fa0
0x456171,0xab2ecf3ec1d4
0x447a40,0xab2ecf3ecdb0
0x463e27,0xab2ecf3f09a0
0x4602e0,0xab2ecf3edfc0
0x4495c3,0xbf7dd5e56c20
0x457432,0xdc4761b8cdb0
0x4115a9,0xab2ecf3f3540
0x53df14,0x71d5f3eb0fa8
0x4561ac,0xab2ecf3f3d24
0x463aa3,0xab2ecf3f470c
0x448b7a,0xfaef35addc48
0x45ff56,0xd79e62b27208
0x456331,0xab2ecf3f6740
0x42ca41,0xe8035e45a4f8
0x45eeb8,0xfaef35adbda0
0x451882,0xfaef35aeb3b8
0x4537e7,0xfaef35aec1ec
0x46d75a,0xab2ecf403100
0x46d633,0xcc2ca37ce800
0x45eeb8,0xfaef35af4710
0x4494de,0x71d0d5920180
0x4537e7,0xfaef35af9f8c
0x46d736,0xdc4761b96c00
0x44959a,0xcc2ca3791c40
0x456171,0xab2ecf406584
0x45eeb8,0xab2ecf405730
0x45ee89,0xa7d08ad0dfe0
0x44e194,0xfaef35af2eb8
0x44e248,0xfaef35af2ec8
0x4602cb,0x8876f2fc5330
0x4561ac,0xab2ecf407284
0x45eea0,0xfaef35b01c68
0x45eea7,0xfaef35b011a0
0x463aa3,0xab2ecf407c6c
0x46d75a,0xab2ecf407cc0
0x558f9a,0xab2ecf4098c0
0x4494de,0xfaef35b05300
0x45eeb8,0xfaef35afed60
0x463a96,0x2c2cbb567210
0x558f9a,0xab2ecf40c1e0
0x53df0a,0x71d0d5895110
0x45eeb8,0xab2ecf428ba0
0x448b5d,0x464bc80f0f80
0x411a5c,0xab2ecf41ed59
0x4494ea,0x49950aade508
0x44962d,0x71d5f3fd5108
0x45ff62,0x464bc80f1e00
0x45ff7e,0x7cb731987ccc
0x53e62b,0xfaef35b2b550
0x44e194,0xfaef35b2c1d8
0x45eea0,0xfaef35b2e828
0x456198,0xab2ecf4247e8
0x412cc0,0xab2ecf425318
0x456171,0xab2ecf425104
0x412c87,0xab2ecf4265b8
0x4064e3,0xce1384f95118
0x448b5a,0xab2ecf426398
0x44e248,0xfaef35b2cd88
0x45ee80,0xfaef35b39f90
0x53e62b,0xdc4761aecd90
0x4602e0,0xab2ecf41dc60
0x53e62b,0xca49da3725f0
0x451882,0x464bc80c09b8
0x451882,0xfaef35b3a4c8
0x451882,0xfaef35b3ebe8
0x45ff62,0xdc4761bb1340
0x45ff56,0x8f7ac3968b80
0x46d773,0xdc4761babcb0
0x44959d,0x28d7cf418980
0x44959a,0xaff5007e6388
0x45ee80,0xa7d08ad38fd0
0x53ffd1,0x71d0d59dbdb8
0x4518c8,0xfaef35b4b3b8
0x42ca41,0x71d5f3ff0fa8
0x45ee80,0xfaef35b51370
0x451882,0xfaef35b525f8
0x44959d,0x28d7cf5c0988
0x44e194,0xfaef35b50f88
0x451950,0xfaef35b54fb8
0x45eea0,0xfaef35b54728
0x463aa3,0xab2ecf43c50c
0x46d614,0xb7ac7aa0d780
0x451882,0xfaef35b589b8
0x45736c,0x7cb731987a38
0x45ff89,0xdc4761bb9100
0x4602e0,0xab2ecf438980
0x53df0a,0x66598a7da4c8
0x40b657,0xcc2ca3842748
0x44e194,0xfaef35b56748
0x45736c,0x7cb731ab31f8
0x4602e0,0xab2ecf43dc70
0x558f9a,0xab2ecf43e530
0x451882,0xfaef35b5ed78
0x451882,0xab2ecf43bd98
0x45eea7,0xfaef35b623e0
0x412c87,0xab2ecf440188
0x53e65a,0x28e837c8cd98
0x456198,0xab2ecf440998
0x451882,0xfaef35b65138
0x46d75a,0xab2ecf436410
0x42ca41,0xcc2ca37e47e8
0x463aa3,0xab2ecf44275c
0x456269,0xab2ecf4410e4
0x45ee80,0x464bc80c5330
0x4602cb,0xafd74f96e820
0x45ff7a,0x464bc80f25ec
0x53df0a,0x28d7cf426390
0x412cc0,0xab2ecf4531d8
0x449609,0xf5d9bd12b380
0x412c87,0xab2ecf456768
0x4495c3,0xcd28e57e5a84
0x46d614,0xcc2ca3845300
0x4537e7,0xfaef35b8531c
0x44952d,0x71d0d5a1e518
0x451950,0xfaef35b823f8
0x448b7a,0xfaef35b88b98
0x411804,0x4741a6432ea0
0x44959a,0x4741a6432ed0
0x4602e0,0x7cbb54263100
0x46d773,0xdc4761bbbd90
0x46d614,0xd79e62bb6400
0x46d614,0xfaef35b91340
0x4494ea,0xfaef35b91388
0x559212,0xab2ecf450fa0
0x45ee80,0x464bc80c7220
0x448b5d,0xdc4761bbed60
0x46d75a,0x4e5a10f9ebe0
0x457432,0xdc4761bc1c70
0x46d633,0xfaef35b99100
0x447a40,0x4e5a10fab3b0
0x411557,0x4e5a10fabc8c
0x456269,0xafe0999c47e4
0x45ee89,0xfaef35ba7220
0x45fe42,0xcc2ca371a4f0
0x4064e3,0x11faa172bc80
0x456198,0xafe0999c5a98
0x44e194,0xfaef35ba6598
0x463e27,0xafe0999c7230
0x4561ac,0xafe0999c7ce4
0x45ff56,0x66598a83e510
0x45ee80,0xfaef35badfe0
0x448b63,0xdc4761bc5a88
0x449680,0xcd28e575e530
0x45ee80,0xa7d08ad52ed0
0x45ee89,0xa7d08ad52eb0
0x46d736,0xdc4761bc6380
0x463a8d,0xdc4761bc7c60
0x42ca41,0xcc2ca38bbf58
0x448b63,0xdc4761bc7a08
0x45ff4d,0x28e837c92ec8
0x45eeb8,0x202442f19fa0
0x44952d,0x71d0d5a54718
0x447a40,0x4e5a10facdb0
0x451882,0x202442f11c68
0x4602e0,0xafe0999cd7b0
0x456331,0xafe0999cdfd0
0x456198,0xa7d08ad55268
0x412c87,0xafe0999d89b8
0x44962d,0x2c2cbb4bbd80
0x456198,0xafe0999d9108
0x45eea7,0x202442f2bcb0
0x46d75a,0xafe0999dbdb0
0x463a96,0x2c2cbb56d780
0x451882,0xafe0999e1188
0x463a8d,0x1a70aa743130
0x412cce,0xafe0999e23d1
0x45eeb8,0x202442f31e20
0x44962d,0x32bd14b925c0
0x45fe42,0x66598a7ecda0
0x45ff62,0xb7ac7a92c1c8
0x456171,0x94d991447d4
0x558f9a,0x94d99145320
0x45fdfc,0xdc4761bd1e0c
0x449609,0xc9394d38b558
0x447a39,0x94d99145ab0
0x45ee80,0x202442f2cda0
0x448b7a,0x54c453156c38
0x45ee80,0xee30bb940990
0x451882,0x54c45315ed58
0x412c87,0x8f7ac396dff8
0x456198,0x8f7ac396e808
0x45ee80,0xee30bb9408f0
0x449680,0x71d0d5a1ed70
0x4115a9,0x8f7ac396c640
0x44959a,0xb1739fbcc1c0
0x4495c3,0xb1739fbd1c58
0x456171,0x8f7ac3974704
0x456269,0x8f7ac39731f4
0x46d743,0xdc4761bdebe8
0x4561ac,0x8f7ac3976404
0x44959a,0x1719cc66380
0x456198,0x8f7ac39789a8
0x45eea7,0x54c45317a4f0
0x45ff7e,0xce13850210cc
0x412cc0,0xdc47619e6588
0x451882,0x54c453171c58
0x45736c,0xdc4761be08f8
0x45fd16,0xdc4761be0980
0x46d773,0xdc4761be10c0
0x4602cb,0x932ec4071c60
0x456331,0x5829a6eb9110
0x451882,0x54c453181c78
0x412c87,0x464bc80d0fb8
0x558f9a,0xdc47619f6c10
0x457432,0x464bc80f6770
0x412c87,0xdc47619f9108
0x46d614,0x932ec40623c0
0x449609,0xdc47619f5240
0x53e62b,0x54c453187210
0x449502,0x54c453187284
0x44e194,0x54c4531931f8
0x44952d,0xce1385034f88
0x451882,0x54c453193568
0x4561ac,0xdc47619fbdb4
0x46d75a,0xdc4761a047f0
0x558f9a,0xdc4761a03100
0x45ee80,0x464bc80d13b0
0x451882,0x54c453193d28
0x44959d,0xdc4761a02740
0x447a40,0xdc4761a065b0
0x4561ac,0xdc4761a06394
0x44e248,0x54c4531a0188
0x45ee80,0x54c4531a1180
0x4518c8,0x54c4531a23f8
0x44959a,0xdc4761a05318
0x46d633,0x309dcdc498c0
0x451882,0x54c4531a08c8
0x448b5d,0x60dc49c5bda0
0x411a5c,0xdc4761a0b548
0x4561ac,0xdc4761a0bcb4
0x4602e0,0xdc4761a0e820
0x448b83,0x60dc49c5ed40
0x463e27,0x464bc80d3d30
0x45ff90,0x71d0d588b540
0x4602cb,0x932ec40465b0
0x45eea0,0x54c4531bc528
0x45ff62,0x71d5f3e8c1d8
0x4495c3,0xdc4761a25a84
0x45eeb8,0x54c4531c3130
0x411804,0x3a044724bca0
0x53df14,0x932ec4091348
0x53e5fc,0x54c4531c2778
0x449502,0xcd28e57d6c04
0x451882,0x54c4531cb558
0x45eea7,0x54c4531cc1e0
0x53e5fc,0x54c4531c98f8
0x44962d,0xcc2ca37b89b8
0x45ee80,0x54c4531cbcb0
0x448b63,0xf775d3147208
0x460050,0xf775d3148bb0
0x53e65a,0xc9394d38c668
0x45ee80,0x464bc80d4700
0x463e27,0xdc4761a31c50
0x42ca41,0x4d2bb47c5100
0x456269,0x7ebb3c7a2754
0x4602cb,0x71d0d5a623d0
0x45eeb8,0xdc4761a80d50
0x451882,0x54c4531e5128
0x411957,0xdc4761a3ebe0
0x45ff4d,0x28e837c92eb8
0x45ff56,0x7ebb3c894720
0x44e248,0x54c4531eb388
0x45ff62,0xce1385141190
0x46d75a,0xdc4761a472a0
0x4495c3,0x71d5f3e1ebd8
0x456269,0xdc4761a47c54
0x463e27,0xdc4761a4b3b0
0x463aa3,0xdc4761a4b55c
0x53df0a,0x4741a64423d0
0x45eeb8,0x7ebb3c7abca0
0x451950,0x54c4531f25f8
0x45eea0,0x54c4531f1e38
0x45eea7,0x54c4531f13a0
0x456198,0xdc4761a4c1f8
0x451882,0x54c4531f4f88
0x4537e7,0x54c4531f2ebc
0x45ff62,0x11faa1747a00
0x45ff62,0x5115330d1390
0x4602cb,0x28d7cf487230
0x451882,0x54c4531f9108
0x448b5a,0xdc4761a50fb8
0x45ee89,0x54c4532023e0
0x45fe42,0xc8d283463a0
0x45ff56,0xbf7dd5f6bcb0
0x4495c3,0x99d8269ed780
0x463aa3,0xdc4761a5674c
0x46d633,0xca49da37ed50
0x447a40,0xdc4761a55270
0x456269,0xdc4761a55134
0x45ff4d,0x66598a7810c8
0x45ee89,0x54c453216760
0x448b5d,0xf775d3159fa0
0x45ff7e,0xf775d316cdac
0x4494f2,0x2c2cbb5adfc0
0x45eea0,0x54c453225738
0x45ff56,0x66598a7e7290
0x45ff62,0x71d0d593a4f0
0x42ca41,0x66598a7b2e98
0x558f9a,0xdc4761a5dc70
0x45ee80,0x54c45322c660
0x53df0a,0x71d0d59f4f80
0x53e65a,0x54c453227ce8
0x46d633,0x54c453227c50
0x45eeb8,0x54c453230fb0
0x558f9a,0x7ebb3c7ab540
0x45eeb8,0x7ebb3c7edfd0
0x411804,0xbf7dd5e66380
0x45fdd7,0xfdfd3a8c3130
0x412cce,0xdc4761a66391
0x412cce,0xdc4761a498d1
0x460050,0xf775d3165730
0x45ee80,0x1d8d5dac6580
0x451882,0x1b73256409b8
0x411913,0xdc4761a6bc90
0x411804,0xbf7dd5e7bf50
0x53e62b,0xd79e62ae08d0
0x53e65a,0xd79e62ae0998
0x451882,0x5438459309a8
0x463aa3,0xdc4761a463bc
0x412c87,0xdc4761a76768
0x449609,0xdc4761a72ea0
0x44959a,0xdc4761a72ed0
0x45eeb8,0xdc4761a73550
0x448b7a,0x2f2795731e08
0x449609,0xdc4761a74718
0x451950,0x2f2795733d38
0x44959d,0xbf7dd5e93d10
0x448b5d,0xf775d316b3b0
0x451882,0xdc4761a73d38
0x42ca41,0xd79e62b531e8
0x456269,0xdc4761a7bda8
0x451882,0x2f2795732ea8
0x4518c8,0xa60a0cc25ab8
0x463e27,0xdc4761a7e500
0x53e5fc,0x99d8269cc678
0x46d736,0xce1385041c40
0x45ff56,0xcc2ca37a09a0
0x412c87,0xdc4761a40d48
0x53df14,0xafd74f96bc88
0x4602c7,0xdc4761a810c9
0x4602e0,0xdc4761a823f0
0x45ee80,0xb3a8ecd7c530
0x45ff4d,0x28e837c8e800
0x45fe42,0x7ebb3c7d5130
0x53e62b,0xb3a8ecd87c70
0x44959d,0xbf7dd5ec10c8
0x4494ea,0xb3a8ecd87cc8
0x451882,0xb3a8ecd7bda8
0x45ee80,0xb3a8ecd91e00
0x45eea7,0xb3a8ecd94f90
0x412cc0,0xf775d31a0998
0x46d75a,0xf775d31a08e0
0x412c87,0xf775d31a5328
0x448b5a,0xf775d31a5108
0x4552c0,0xf775d31a72b4
0x558f9a,0xf775d31a7230
0x448b83,0xb3a8ecd95100
0x412cc0,0xf775d31ab3b8
0x4552c0,0xf775d31abc94
0x447a20,0xf775d31ad7b0
0x46d743,0xa040f2045128
0x410f2c,0xf775d31b31e8
0x558f9a,0xf775d31b6740
0x53e65a,0xd9e9d66325e8
0x45ee80,0xf775d31c6390
0x451882,0xd79e62b71c78
0x45ee80,0xf775d31c6580
0x448b5d,0xb3a8ecda7c60
0x463e27,0x743fcfb4e830
0x45ff7a,0xb7ac7a978fcc
0x447a20,0x743fcfb52ee0
0x463a96,0x2c2cbb545310
0x448b5a,0x743fcfb56c38
0x460050,0x71d5f3e4c670
0x460050,0x71d5f3f21c50
0x463aa3,0x743fcfb61c4c
0x558f9a,0x743fcfb65130
0x448b5d,0xf5d9bd0f25e0
0x463a8d,0x2c2cbb5c5138
0x4552b0,0x743fcfb698e8
0x45ff56,0xbf7dd5fc1188
0x448b5a,0x11faa17c0998
0x45eeb8,0x64c3559810e0
0x4552b0,0x743fcfb731c8
0x412c87,0x743fcfb7ebd8
0x447a39,0x743fcfb823f0
0x463aa3,0x9fb38626277c
0x558f9a,0x9fb3862610e0
0x463a96,0x2c2cbb545710
0x559212,0xd4a386a88ba0
0x460050,0xbf7dd5fc10f0
0x46d75a,0xd4a386a8bcb0
0x46d743,0xab2ecf44b3a0
0x44e194,0xd79e62b92eb8
0x44e248,0xd79e62b92ec8
0x45ee80,0xb3a8ecdc7c50
0x447a20,0xf64c9e63b0
0x410f2c,0xf64c9e7a28
0x447a20,0xf64c9ecd90
0x447a20,0xf64c9f25d0
0x447a40,0xf64c9f8fc0
0x448b83,0xb3a8ecdd3d00
0x46d75a,0xf64c9fe530
0x448b5a,0xf64ca05738
0x410f8a,0xf64ca05a80
0x463a96,0x2c2cbb545a98
0x45ff56,0xce13850f1340
0x46d633,0x71d0d59e7a00
0x45ee89,0xf64ca11e20
0x53e62b,0xb3a8ecddc500
0x53df14,0xb7ac7a932ea8
0x45ee80,0xb3a8ecdded60
0x45eea7,0xb3a8ecde1c70
0x45fe42,0xc911b24d89a0
0x4494f2,0x7cb731a74f80
0x45ee80,0xf64c9e5720
0x4552b0,0xf64ca23138
0x463aa3,0x73d6b45b6c2c
0x447a39,0x73d6b45ba4f0
0x447a20,0x73d6b45b9130
0x45ff62,0xaa4eb5df3548
0x447a20,0x73d6b45c0190
0x410f8a,0x73d6b45c5130
0x4552c0,0x73d6b45c72b4
0x558f9a,0x73d6b45c7230
0x45ff7a,0xcd28e58a23dc
0x53e65a,0xe470055f3d28
0x4537e7,0x32b6beff1e2c
0x4537e7,0x32b6beff357c
0x45fdd7,0x98f5690dbf70
0x4518c8,0xf64ca13578
0x448b7a,0xfbbd1cfc72b8
0x4552c0,0x9895a7bb31f4
0x4115a9,0x9895a7bb9100
0x460050,0xaa4eb5de1c70
0x447a40,0x9895a7bbc500
0x4552b0,0x9895a7bc1c78
0x4552c0,0x9895a7bc7284
0x558f9a,0x9895a7bc7200
0x410f4f,0x9895a7bd5248
0x46d743,0xdc4761ad3540
0x447a14,0x9895a7bd8fe4
0x448b7a,0x1829192f6408
0x448b5a,0x9895a7be65a8
0x45ff56,0x5115331401a0
0x411557,0x9895a7bf25cc
0x4552c0,0x9895a7bf2e94
0x558f9a,0x9895a7bf2ef0
0x45ff7a,0xc8d281a3100
0x410f8a,0x9895a7bfe530
0x412c87,0x9895a7c047c8
0x410f8a,0x9895a7c06380
0x451882,0x182919305a98
0x45eea7,0x11faa1854720
0x44952d,0x7ebb3c896c18
0x45ee80,0x9895a7c0cd80
0x4537e7,0x18291930bc8c
0x4537e7,0x18291930c67c
0x448b83,0x18291930dfc0
0x447a20,0x9895a7c1ebd0
0x410f25,0x9895a7c30980
0x4552b0,0x9895a7c32ef8
0x412cc0,0x9895a7c35118
0x46d75a,0x9895a7c34730
0x45eebb,0x28e837ce3118
0x463aa3,0x9895a7c4099c
0x45ff62,0x71d0d59247e0
0x45ff56,0xc8d28202744
0x448b5d,0x1829193272b0
0x410f8a,0x9895a7c46390
0x45ff62,0xf5d9bcff5100
0x45ff62,0xc8d28316750
0x447a20,0x9895a7c55110
0x448b5d,0x18291932c1d0
0x46d736,0x18291932dfe0
0x463aa3,0x9895a7c5912c
0x448b63,0xab2ecf387c48
0x45ff7e,0x511533133540
0x4494f2,0xcd28e58fdc40
0x53e65a,0x1829193223c8
0x456331,0x9895a7c608c0
0x449502,0x71d5f3fce804
0x4518c8,0x182919333d38
0x46d633,0x8d9869022750
0x45eeb8,0x9895a7c647d0
0x4537e7,0x18291933898c
0x451882,0x9895a7c3e538
0x412cc0,0x9895a7c6c1e8
0x45528e,0x9895a7c71e34
0x559212,0x9895a7c70980
0x4552b0,0x9895a7c731e8
0x45ff7a,0xdc4761afc500
0x410f8a,0x9895a7c7e520
0x45ff7a,0xdc4761afe520
0x46d75a,0x9895a7c80d70
0x463e27,0x9895a7c8cda0
0x45ff7e,0x464bc80e0d60
0x45528e,0x9895a7c92ec4
0x447a39,0x9895a7c92eb0
0x46d736,0x182919345a80
0x456240,0x9895a7c909b4
0x456269,0x9895a7c90f98
0x4494ea,0xa040f2148b88
0x0,0x71d5f3e07a30
0x463a8d,0xc8d2823ebc8
0x448b63,0x182919352e88
0x460050,0x71d5f3e2b550
0x46d75a,0x9895a7ca3110
0x46d743,0xdc4761b01c60
0x45ff7e,0xdc4761b072a0
0x45ff7e,0x49950ab2c640
0x4552c0,0x9895a7c99114
0x45fe42,0xd9e9d66423e0
0x4494f2,0x1a04b576cd80
0x4537e7,0x182919361c4c
0x45fdd7,0xd9e9d66b1360
0x410f2c,0x9895a7cc65b8
0x448b83,0x182919362740
0x4552c0,0x9895a7ccc1c4
0x45ff62,0xc8d282a7a18
0x45ff56,0xc8d282b3d00
0x45ff62,0xc8d282abcb0
0x45ff62,0xce13850f25d0
0x410f2c,0x9895a7cd1358
0x410f8a,0x9895a7cd13a0
0x412cc0,0x9895a7cd89b8
0x447a20,0x9895a7cdbdb0
0x463a96,0x2c2cbb556408
0x45ff7e,0xc8d282c0980
0x4552c0,0x9895a7ce5738
0x410f2c,0x9895a7cedff8
0x53e62b,0xff3c8d6209b0
0x559212,0x9895a7cf4fa0
0x410f4f,0x9895a7cf4708
0x46d75a,0x9895a7cf9f90
0x559212,0x9895a7cf8980
0x448b5a,0x9895a7d00998
0x45fd16,0x18291937a4c0
0x463e27,0x9895a7d05330
0x447a39,0x9895a7d08bb0
0x463e27,0x9895a7d0dff0
0x46d75a,0x9895a7d0c1f0
0x46d773,0x18291937ebd0
0x45ff62,0xff3c8d5e7c40
0x45ff7e,0x878ddf9d9100
0x559212,0x9895a7d14fa0
0x410f4f,0x9895a7d14708
0x463a96,0x2c2cbb556740
0x412cce,0x9895a7d1c511
0x46d736,0xd69328776c20
0x447a14,0x9895a7d1ebd4
0x45eeb8,0x9895a7cf09a0
0x4115a9,0x9895a7d2dfc0
0x45ff4d,0x6c537038dfc0
0x463a8d,0xcc2ca3865a88
0x463e27,0x9895a7d39110
0x45ff90,0xdc4761b2cd80
0x463e27,0x9895a7d472a0
0x463aa3,0x9895a7d4b57c
0x53df14,0xb7ac7a9a7a18
0x53e5fc,0xdc4761b88bb8
0x53e62b,0x18291939ebd0
0x448b7a,0x1829193a10c8
0x53df14,0x71d5f3f0c1c8
0x45ee80,0x1829193a7200
0x451882,0x9895a7d272a8
0x448b5d,0x1829193a98c0
0x412cc0,0x9895a7d63128
0x45ff56,0x464bc80a7a08
0x4552b0,0x9895a7d663a8
0x4552b0,0x9895a7d76c38
0x410f2c,0x9895a7d76428
0x460050,0xcc2ca3838990
0x4552b0,0x9895a7d7bf68
0x45fee6,0x1829193931cc
0x46d773,0x1829193b0f80
0x447a20,0x9895a7d72ea8
0x53e65a,0x1829193a5aa8
0x45eeb8,0xd79e62c447d0
0x53df14,0xff3c8d627c48
0x53e65a,0x1829193b3d08
0x447a20,0x9895a7d72ec0
0x45ff89,0xdc4761ad1e00
0x45528e,0x9895a7d87284
0x4552b0,0x9895a7d87c58
0x558f9a,0x9895a7d87cc0
0x448b5a,0x9895a7d87228
0x412c87,0x9895a7d8e808
0x45ff56,0x878ddfa32e88
0x559212,0x9895a7d99f90
0x463e27,0x9895a7da7c70
0x4561ac,0x9895a7dac1c4
0x45eea0,0x1829193ce838
0x410f4f,0xfaef359b1c48
0x460050,0xff3c8d5f4f90
0x45ff7e,0xfc47cbc2d780
0x447a20,0xfaef359b8980
0x410f2c,0xfaef359c10e8
0x448b5a,0xfaef359c47c8
0x46d773,0x2c2cbb4f1350
0x447a20,0xfaef359c7200
0x448b5d,0x2c2cbb4f13a0
0x45ff7e,0xd9e9d65e1180
0x45528e,0xfaef359d0994
0x45ff62,0xdc4761b525d0
0x412cce,0xfaef359d3551
0x447a20,0xfaef359b3570
0x53df14,0xb7ac7a9d09a8
0x45ee80,0xfaef359da4c0
0x45ee80,0x1829193e5310
0x4537e7,0x1829193e63bc
0x46d75a,0xfaef359debf0
0x46d773,0x1829193e7a10
0x410f4f,0xfaef359ded48
0x410f8a,0xfaef359e65b0
0x448b5d,0xf5d9bd1731f0
0x463e27,0xfaef359f1c50
0x45ff7a,0xce1384ff4700
0x463a8d,0x6c5370371e08
0x412c87,0xfaef359fdc68
0x558f9a,0xfaef35a01c60
0x447a20,0xfaef35a02770
0x412c87,0xfaef35a05128
0x45eea7,0x1829193f9f90
0x45fe42,0xce1384fab560
0x46d614,0xce1384f8bc80
0x4552b0,0xfaef35a0c668
0x4115a9,0xfaef35a11c40
0x448b5d,0x11faa17a5aa0
0x412c87,0xfaef35a19f98
0x4552b0,0xfaef35a208c8
0x4552b0,0xfaef35a20988
0x410f2c,0xfaef35a25a98
0x463aa3,0xfaef35a2cdac
0x448b63,0x182919405708
0x457432,0x1829194063b0
0x463a8d,0x5829a6ee6580
0x46d743,0xdc4761b65120
0x449680,0xfaef35a33d30
0x44e248,0x6c5370351e08
0x4552c0,0xfaef35a3a4f4
0x410f2c,0xfaef35a3bd88
0x463e27,0xfaef35a45110
0x46d75a,0xfaef35a45310
0x45528e,0xfaef35a48b94
0x45528e,0xfaef35a4b574
0x463a8d,0xd9e9d65ebcb8
0x45ff7e,0xd6fa9538b540
0x558f9a,0xfaef35a52e90
0x410f2c,0xfaef35a525e8
0x4552c0,0xfaef35a54734
0x46d773,0x18291941bf50
0x410f2c,0xfaef35a589a8
0x46d736,0x18291941bdb0
0x45736c,0xcd28e5741c78
0x46d743,0xdc4761b6d780
0x46d633,0xd79e62b79f90
0x449609,0xfaef35a60d60
0x456331,0xfaef35a65700
0x45fe42,0xce1385001c40
0x53e62b,0x182919427280
0x45ff7a,0xcc2ca37ce800
0x45ff56,0x11e281df5244
0x45ff62,0xcd28e5828b98
0x46d75a,0xfaef35a76410
0x46d75a,0xfaef35a801b0
0x46d736,0x182919433d30
0x448b5a,0xfaef35a8cd98
0x447a20,0xfaef35a8e830
0x463e27,0xfaef35a925f0
0x463aa3,0xfaef35a9511c
0x4115a9,0xfaef35a95240
0x448b83,0x182919436400
0x559212,0xfaef35a9bda0
0x463aa3,0xfaef35aa571c
0x4552b0,0xfaef35aab3a8
0x4552b0,0xfaef35aab548
0x448b5a,0xfaef35ab3d38
0x45528e,0xfaef35ab6774
0x4552c0,0xfaef35ab5264
0x411557,0xfaef35acb38c
0x558f9a,0xfaef35acbcb0
0x447a40,0xfaef35acd780
0x410f8a,0xfaef35ad31f0
0x412cc0,0xfaef35ada4d8
0x448b5a,0xfaef35addc48
0x410f25,0xfaef35ae08c0
0x558f9a,0xfaef35ae5ab0
0x463aa3,0xfaef35aec1ec
0x463a96,0x2c2cbb567290
0x463a8d,0x71d0d5920180
0x463aa3,0xfaef35af9f8c
0x463e27,0xfaef35b011a0
0x4552c0,0xfaef35b01c68
0x447a20,0xfaef35b07230
0x412cc0,0xfaef35b0c1f8
0x45528e,0xfaef35b0dfe4
0x46d736,0x182919452e90
0x447a39,0xfaef35b109b0
0x410f4f,0xfaef35b14708
0x412cc0,0xfaef35b18fe8
0x460050,0x71d0d5895110
0x4552c0,0xfaef35b2e828
0x448b5d,0x18291945bf60
0x558f9a,0xfaef35b3e520
0x46d743,0xdc4761babcb8
0x411557,0xfaef35b5354c
0x4552c0,0xfaef35b53d34
0x448b5d,0x182919460980
0x4552c0,0xfaef35b54728
0x448b5d,0x1829194623e0
0x45ff56,0x71d0d5a1e518
0x448b5d,0x182919463110
0x460050,0x66598a7da4c8
0x558f9a,0xfaef35b5e510
0x463e27,0xfaef35b623e0
0x447a40,0xfaef35b610c0
0x410f8a,0xfaef35b62770
0x463a96,0x2c2cbb567c58
0x45ff7e,0xd79e62bb6400
0x448b5d,0xcd28e5765300
0x46d736,0xcd28e5765110
0x460050,0x28d7cf426390
0x46d75a,0xfaef35b80990
0x463aa3,0xfaef35b8531c
0x45ff7a,0xdc4761bbbd90
0x448b5a,0xfaef35b88b98
0x45ff56,0xcc2ca371a4f0
0x45528e,0xfaef35b90fb4
0x46d736,0x6c6f1e4c6590
0x45ff56,0xdc4761bc5a88
0x447a20,0xfaef35b925c0
0x448b63,0xa040f20fa4c8
0x45ff56,0x71d0d5a54718
0x45ff62,0xdc4761bc7a08
0x412c87,0xfaef35b9bdb8
0x410f2c,0xfaef35ba5ab8
0x448b83,0x1829194731c0
0x46d736,0x182919474fb0
0x448b5d,0x182919476c00
0x45528e,0x202442f10f94
0x412cc0,0x202442f1bf48
0x46d773,0x18291947bda0
0x45528e,0x202442f211a4
0x45ff7a,0x7ebb3c7f510c
0x410f8a,0x202442f25720
0x463e27,0x202442f2bcb0
0x4552b0,0x202442f298c8
0x45528e,0x202442f3a4d4
0x447a20,0x202442f39100
0x45528e,0x202442f47c54
0x448b5a,0x54c453156c38
0x45ff62,0x66598a7ecda0
0x46d75a,0x54c4531611b0
0x558f9a,0x54c453161c60
0x45ff7e,0x932ec40623c0
0x45ff56,0xce1385034f88
0x412cce,0x54c45316dfd1
0x412c87,0x54c4531709a8
0x45ff7a,0xdc4761be10c0
0x448b5d,0xcc2ca38a08e0
0x463e27,0x54c45317a4f0
0x447a20,0x54c45317ebf0
0x45ff7e,0x309dcdc498c0
0x4552c0,0x54c453185704
0x45ff62,0x60dc49c5ed40
0x412c87,0x54c45318d7b8
0x4552b0,0x54c45318dfc8
0x559212,0x54c453199fa0
0x45ff90,0xdc4761be0980
0x45528e,0x54c4531a3134
0x45ff56,0xcd28e57d6c04
0x558f9a,0x54c4531a5720
0x410f2c,0x54c4531ac1c8
0x447a20,0x54c4531b4fa0
0x4115a9,0x54c4531b9f80
0x46d75a,0x54c4531bdc60
0x4552c0,0x54c4531bc528
0x4552c0,0x54c4531c72b4
0x463e27,0x54c4531cc1e0
0x410f8a,0x54c4531c8b90
0x558f9a,0x54c4531d6c30
0x45ff56,0xc8d283463a0
0x45eebb,0x28e837ce3118
0x45ee80,0x1829194a0190
0x46d633,0x1829194a2750
0x45ee80,0x54c4531e23e0
0x447a20,0x54c4531e6588
0x456198,0x54c4531e63a8
0x45ee80,0x1829194ba4e0
0x45ee80,0x1829194b09b0
0x45eeb8,0x1829194bebd0
0x40d29a,0x54c4531e5a88
0x451882,0x1829194c10f8
0x45feea,0xc8d28347a0c
0x44e194,0x1829194d6768
0x53df14,0x71d5f3fd5278
0x53df0a,0x28d7cf566380
0x463e27,0x54c4531f13a0
0x40d288,0x54c4531f1e38
0x53ffd1,0x8876f2fcc1f8
0x45eeb8,0x557be2fc5aa0
0x53ffd1,0xa040f2151e38
0x4518c8,0x54c4531f1378
0x53df14,0xf5d9bcfd1358
0x4518c8,0x557be2fc5738
0x4537e7,0x557be2fd357c
0x456331,0x557be2fc7210
0x463aa3,0x54c4531f2ebc
0x460050,0x4741a64423d0
0x449502,0xf5d9bcfd9f84
0x53e62b,0x557be2fd6760
0x456198,0x54c4531f5138
0x456240,0x54c4531f5254
0x451882,0x557be2fdebf8
0x53e62b,0x66598a848b90
0x53e65a,0x557be2fe10c8
0x451882,0x54c4531f4728
0x45ff7e,0x71d0d59f4f80
0x45ee80,0x54c4531f89b0
0x4494de,0x557be2fee800
0x45528e,0x54c4531fe524
0x45ff62,0xfdfd3a8c3130
0x4552b0,0x54c4532113a8
0x4552c0,0x54c453225738
0x412c87,0x54c45322dfd8
0x447a20,0x54c45323bdb0
0x46d736,0x557be3005ab0
0x448b5d,0x557be3007a00
0x410f2c,0x543845932ee8
0x410f25,0x543845932e80
0x46d773,0x557be300b570
0x559212,0x2f27957309b0
0x448b5a,0x2f2795731e08
0x46d75a,0x2f2795736c30
0x463a96,0xcc2ca38d8998
0x46d773,0x557be3013d10
0x4552b0,0xb3a8ecd6dfe8
0x46d75a,0xb3a8ecd73560
0x412c87,0xb3a8ecd7a4f8
0x45736c,0xdc4761a19138
0x45ff62,0x7ebb3c7d5130
0x412cce,0xb3a8ecd86391
0x4552b0,0xb3a8ecd8c648
0x463e27,0xb3a8ecd94f90
0x412c87,0xb3a8ecd931f8
0x463a96,0x2c2cbb545120
0x447a14,0xb3a8ecda01a4
0x45ff7e,0x71d0d59e7a00
0x4552b0,0xb3a8ecda5728
0x46d736,0x557be3020d40
0x410f8a,0xb3a8ecdb1c70
0x46d75a,0xb3a8ecdb6c10
0x559212,0xb3a8ecdb8fe0
0x45ff7a,0xc911b24da4cc
0x410f2c,0xb3a8ecdb9118
0x46d773,0x4e5a10fa5310
0x412c87,0xb3a8ecddbda8
0x4552b0,0xb3a8ecdda4d8
0x45ff62,0x98f5690dbf70
0x46d773,0x557be30298f0
0x463e27,0xb3a8ecde1c70
0x45ff56,0x7ebb3c896c18
0x448b5d,0x557be302b3a0
0x463aa3,0x32b6beff1e2c
0x463aa3,0x32b6beff357c
0x46d773,0xa040f2056c00
0x4552b0,0xfbbd1cfc7ce8
0x448b5a,0xfbbd1cfc72b8
0x410f4f,0x1829192ec1c8
0x45ff7a,0x8d9869022750
0x45ff56,0x71d5f3fce804
0x448b5a,0x1829192f6408
0x410f8a,0x1829192f6750
0x463e27,0x11faa1854720
0x558f9a,0x182919305310
0x4552c0,0x182919308bb4
0x463aa3,0x18291930bc8c
0x46d736,0x557be3031350
0x463aa3,0x18291930c67c
0x410f8a,0x18291931a4c0
0x410f2c,0x18291931ebc8
0x46d736,0x557be3032ed0
0x463a96,0x2c2cbb54e820
0x4552c0,0x182919331c44
0x4552c0,0x182919333564
0x45ff56,0xd9e9d66423e0
0x45fd16,0x557be3036400
0x463aa3,0x18291933898c
0x4552b0,0x18291934b558
0x410f8a,0x18291934cd90
0x463a8d,0xa040f2148b88
0x411557,0x182919351c4c
0x45ff62,0xc8d282a7a18
0x447a20,0x182919356740
0x448b5d,0x557be303c530
0x558f9a,0x18291935bf60
0x4552c0,0x9895a7c95274
0x463aa3,0x182919361c4c
0x4552c0,0x182919376764
0x457432,0x71d0d589bdb0
0x410f2c,0x18291939dc78
0x558f9a,0x1829193a1c70
0x448b5a,0x1829193a10c8
0x4552b0,0x9895a7d211a8
0x4552b0,0x1829193a8b88
0x447a20,0x1829193b1e00
0x46d75a,0x1829193b6c10
0x4552c0,0x1829193b9f84
0x4552b0,0x1829193bdc48
0x412cc0,0x1829193cc668
0x4552c0,0x1829193ce838
0x448b5d,0xf5d9bcfe7cf0
0x45528e,0x1829193d31d4
0x558f9a,0x1829193d3d20
0x45ff56,0xce1384fab560
0x412c87,0x1829193e10c8
0x410f2c,0x1829193e11a8
0x45ff7e,0xd79e62b79f90
0x46d773,0x557be3050fb0
0x463aa3,0x1829193e63bc
0x410f8a,0x1829193e65a0
0x558f9a,0xfaef359e10e0
0x463e27,0x1829193f9f90
0x45ff7e,0xce1384fded4c
0x45ff7a,0xc8d2835356c
0x4552c0,0x182919410fa4
0x412c87,0x1829194201a8
0x558f9a,0x1829194208d0
0x559212,0x1829194209b0
0x4552b0,0x182919423138
0x410f25,0x182919426380
0x448b83,0x9895a7c931c0
0x447a20,0x1829194a98c0
0x4552b0,0x1829194bbf48
0x46d773,0xa040f2062770
0x4552b0,0x1829194c98d8
0x448b83,0xd69328774f80
0x412c87,0x1829194d9f88
0x4552c0,0x1829194ddc74
0x4552b0,0x1829194de538
0x412cc0,0x557be2fb8ff8
0x558f9a,0x1829194e47d0
0x447a20,0x557be2fbed50
0x4552b0,0x557be2fbebd8
0x448b83,0x1719cc60180
0x45736c,0x557be3071e38
0x412c87,0x557be2fd1c58
0x558f9a,0x557be2fde530
0x45ff56,0xc911b24d89a0
0x410f25,0x557be2fe7a00
0x447a20,0x557be2ff2ed0
0x558f9a,0x557be2ff2eb0
0x45ff90,0xbf7dd5ef25c0
0x45ff4d,0x28e837c92eb8
0x4552b0,0x557be2ff4738
0x463a96,0x5829a6ee1c40
0x45ff7a,0xb7ac7a978fcc
0x451950,0x24d6558c1c78
0x46d773,0xd79e62aa1190
0x53df0a,0xc8d282a7cd0
0x45eea7,0x24d6558c6390
0x45ff4d,0x28e837c92ec8
0x4064e3,0x66598a7a7200
0x448b7a,0x24d6558c7c48
0x411557,0x7ebb3c811c4c
0x4494de,0xce1385053540
0x44959d,0x66598a7b25d0
0x46d736,0x7ebb3c86e830
0x45fdd7,0xca49da32cdb0
0x44952d,0xd9e9d6682758
0x45ff56,0x7ebb3c894720
0x45ee80,0x24d6558f25f0
0x46d736,0x7ebb3c873d30
0x457432,0x7ebb3c875270
0x456198,0x7ebb3c8208c8
0x456198,0x7ebb3c8209a8
0x45ff56,0xcd28e5908b80
0x46d633,0xc48ca901bf40
0x411913,0x7ebb3c8223d0
0x457432,0x7ebb3c879130
0x45ff62,0x71d0d59e5330
0x558f9a,0x7ebb3c827cd0
0x456269,0x7ebb3c827c78
0x448b5a,0x7ebb3c8272a8
0x46d75a,0x7ebb3c82b550
0x4561ac,0x7ebb3c82bc84
0x448b5a,0x7ebb3c82b398
0x451882,0xc2041aa76438
0x45eeb8,0x24d65592b560
0x456269,0x24d6558c2758
0x44e194,0x24d6558c10c8
0x46d75a,0x24d6558c6590
0x46d614,0xf5d9bd033540
0x45eeb8,0xdd2838a31c40
0x45ee80,0xdd2838a3bda0
0x451882,0xdd2838a45108
0x53e62b,0x878ddfa009a0
0x46d614,0x878ddfa31e00
0x451882,0xdd2838a43108
0x447a40,0x24d6558d3540
0x463a96,0xdd2838a59100
0x46d773,0xdd2838a5e530
0x46d773,0xdd2838a610f0
0x4552b0,0x24d65590cdb8
0x412c87,0x24d655913d28
0x558f9a,0x24d6559125d0
0x44e194,0x557be308b3b8
0x448b7a,0x11faa1701c68
0x456331,0x557be30898c0
0x400530,0x28e837cdc530
0x4518c8,0x557be30931f8
0x45ee80,0x557be3095110
0x451882,0x557be30989b8
0x45eea7,0x11faa16ec640
0x412cce,0x24d655935111
0x412cc0,0x24d65593c508
0x4552c0,0xd7cc94e16c04
0x410f8a,0xd7cc94e16400
0x4552b0,0xd7cc94e1a4c8
0x410f2c,0xd7cc94e1bd98
0x45736c,0x2c2cbb5298f8
0x412c87,0xdd2838a2e828
0x558f9a,0xd7cc94e25110
0x411557,0xdd2838a331cc
0x45528e,0xdd2838a34fa4
0x558f9a,0xdd2838a3bf70
0x4552b0,0xdd2838a4b388
0x46d75a,0xdd2838a53d30
0x45fdfc,0x878ddf9e658c
0x46d633,0x878ddfa0e810
0x45ee80,0x557be3094710
0x45eea7,0x11faa16f1c60
0x4537e7,0x11faa16f1e0c
0x4552b0,0x11faa1702778
0x412cc0,0x11faa1707298
0x447a40,0x11faa1707cc0
0x45ff62,0xce13850f1340
0x53df0a,0xbf7dd5f76430
0x4494f2,0xdd2838a525c0
0x4518c8,0x557be3088bb8
0x448b5d,0x66598a795110
0x4537e7,0x11faa1713d2c
0x448b83,0xa040f20d6400
0x45ff56,0x71d0d59c0d60
0x46d743,0xc8d282f0f88
0x411804,0xa040f21fc510
0x4494de,0x878ddfa14f80
0x4561ac,0x11faa1718ff4
0x558f9a,0xab2ecf423130
0x45ee80,0x557be30a0d40
0x53df14,0xd79e62ba98f8
0x46d614,0x28e837ccdfc0
0x451882,0x11faa1731e28
0x4518c8,0x557be30a47f8
0x44952d,0xcc2ca36f6c18
0x451882,0xa7d08ad35248
0x46d773,0xcc2ca37801a0
0x463a96,0x2c2cbb567a18
0x45ee80,0x11faa17265a0
0x53e5fc,0x878ddf9f9138
0x4537e7,0x11faa172728c
0x4552c0,0x11faa1727c74
0x558f9a,0x11faa1727cd0
0x448b83,0xcd28e57ce800
0x4115a9,0x11faa172cd80
0x410f4f,0x11faa17331c8
0x4552b0,0x557be30a63a8
0x412cc0,0x11faa17389b8
0x558f9a,0x557be30ab3b0
0x46d736,0xcc2ca37610e0
0x45ff56,0xcc2ca37a09a0
0x412719,0xab2ecf443108
0x46d181,0x557be30b1340
0x412c87,0x557be30b2eb8
0x412cce,0x557be30b2ed1
0x463a96,0x2c2cbb567cd8
0x53cb5b,0xe7c8f380d78
0x45ff7a,0xdc4761ad3540
0x45ff62,0x4741a6420180
0x45ff7a,0x4741a643642c
0x45ff4d,0x66598a7810e8
0x45ff4d,0x66598a7a11b8
0x53cacd,0x11faa1746398
0x45ff4d,0x66598a781c78
0x45ff4d,0x6af9d6d0c1c8
0x463aa3,0x203e00111e3c
0x47338d,0x203e00115134
0x42ccad,0x7cb731990fb0
0x473397,0x203e00118998
0x494c82,0x66598a7f8988
0x494c7e,0x66598a807c78
0x494c73,0x66598a825a80
0x46d75a,0x66598a841c70
0x46d773,0x6af9d6d19120
0x447a40,0x8a4feef51350
0x4537e7,0x6af9d6d125cc
0x494c73,0xd79e62a58fd0
0x494c73,0x66598a823100
0x494c73,0x8a4feef6b380
0x494c73,0x28e837c90fb0
0x494c7e,0x8a4feef75138
0x494c93,0x6af9d6d201b8
0x447a20,0x6af9d6d15100
0x4552b0,0x6af9d6d12e98
0x4552c0,0x6af9d6d12ed4
0x45ff56,0xbf7dd5e601a0
0x456171,0xff3c8d5cb574
0x4518c8,0x5115330c5ab8
0x42d5ac,0xcc2ca37d5278
0x559fe0,0xcc2ca37d6418
0x558f9a,0x7ebb3c7f1360
0x494c73,0xcc2ca37e08e0
0x494c73,0xcc2ca37e98c0
0x45ff56,0x71d0d59247e0
0x46d75a,0x203e0011ed60
0x53de87,0x49950aac2760
0x447a39,0x203e0011ebf0
0x46d773,0x3a044724e800
0x45eea7,0xb381a3bda0
0x4537e7,0xb381a3bf4c
0x448b7a,0xb381a410d8
0x45eea7,0xb381a46380
0x4537e7,0xb381a4e81c
0x53df14,0xcd28e57b2ed8
0x44952d,0xcd28e57b2e98
0x53df0a,0xf5d9bd0a10d0
0x45ee80,0x4d2bb47d1340
0x53df14,0xf5d9bd0a11a8
0x46d633,0x66598a7b6750
0x494c93,0x203e00122778
0x448b7a,0x32bd14b93568
0x456269,0xf775d317ebf8
0x456269,0xf775d317ed78
0x451882,0x203e0012dfe8
0x494c73,0xa040f2151e38
0x494c73,0xbf7dd6007210
0x494c73,0x203e00131c50
0x46d75a,0xf775d3180d70
0x456198,0x203e001331d8
0x53e62b,0xcc2ca3850980
0x53df0a,0xb7ac7a96c650
0x4494ea,0xcc2ca3854708
0x46d633,0xf5d9bd0da4d0
0x449502,0xcc2ca3860184
0x53e62b,0x2c2cbb4698c0
0x53df14,0xf5d9bd0e7218
0x45ff4d,0x28e837c9ed78
0x456331,0xf775d3181c50
0x53e65a,0xcc2ca38498c8
0x45eea0,0xe7454ce5dc68
0x451882,0x203e0013ed58
0x53e62b,0xcc2ca3872ed0
0x494c73,0xff3c8d5d25d0
0x494c73,0xcd28e5816c20
0x45ff62,0x7cf9db860d50
0x45ff56,0x7cf9db861c50
0x447a20,0x3a0447253560
0x456198,0xf775d31847e8
0x4518c8,0x3a0447254738
0x4494ea,0xca49da3bc508
0x4494de,0xcc2ca3887a00
0x53ffd1,0xa040f209ed78
0x45fe42,0x28e837cf1e30
0x45eeb8,0x24d6558f31e0
0x45eea0,0x24d6558f5138
0x46d75a,0xf775d3187a00
0x449502,0xa040f2133544
0x4494de,0xf5d9bd136400
0x46d633,0x7ebb3c7a6390
0x45eea7,0x99d8269d8fe0
0x53e62b,0xe470055e7cf0
0x44952d,0xedc51a919f88
0x53df14,0xf5d9bd145318
0x53df14,0xb6605691a4e8
0x45eea7,0x99d826a00180
0x449502,0xa040f20fbf44
0x4537e7,0xbf7dd5e51c4c
0x46d614,0x28d7cf4d1c40
0x447a14,0xf775d3188ba4
0x559fe0,0x2c2cbb491e08
0x558f9a,0x92da1fa43120
0x53df0a,0xf5d9bd165a90
0x53e62b,0x1719cc8e820
0x45eea0,0xbf7dd5e731e8
0x53e65a,0x464939aec658
0x449502,0xf5d9bd178984
0x4494ea,0x54962a2c23c8
0x45fdd3,0x28e837c8d780
0x46d614,0x3a0447246380
0x456269,0xbf7dd5e5dc48
0x494c97,0xdd2838a389b8
0x447a20,0xbf7dd5e99120
0x44959d,0x5829a6ec5700
0x53e65a,0x3a044726d7b8
0x4537e7,0xdd2838a647dc
0x494c73,0x66598a752eb0
0x494c73,0x8a4feef65720
0x494c7e,0x28d7cf42c1f8
0x463a8d,0xbf7dd5e80d78
0x46d75a,0xf775d318bcb0
0x447a20,0xbf7dd5ed1c70
0x42d894,0x92da1fa51348
0x456269,0xbf7dd5ed1358
0x45ee80,0xbf7dd5ed1380
0x53e65a,0x99d8269d31e8
0x45eea0,0xbf7dd5ee1c68
0x4537e7,0xbf7dd5ee11ac
0x46d633,0x71d5f3fcb380
0x53cb5b,0x6af9d6d208d8
0x494c97,0x11faa172e838
0x494c73,0x66598a830fa0
0x494c73,0x92da1fa55120
0x53df0a,0xd79e62af2ea0
0x45ee80,0xbf7dd5f13540
0x46d633,0xd79e62af2ed0
0x451882,0x92da1fa60998
0x45ee80,0xbf7dd5f33540
0x45ee80,0xbf7dd5f43100
0x53df0a,0xd79e62b8c1d0
0x494c73,0x6af9d6d0dfc0
0x42f294,0xf775d318d780
0x42d894,0x66598a7d1e38
0x4537e7,0xbf7dd5f5471c
0x53e65a,0xbf7dd5e9bdb8
0x45ee80,0xbf7dd5f5e520
0x448b7a,0xbf7dd5f5ebd8
0x46d614,0x71d5f3fd4f80
0x4537e7,0xbf7dd5f6531c
0x46d614,0xbf7dd5eb4700
0x451882,0x92da1fa6c668
0x45eea0,0xbf7dd5f713b8
0x53ffd1,0xd79e62b05ab8
0x45eeb8,0x92da1fa6cd80
0x494c73,0x92da1fa71c70
0x494c73,0x878ddf9e7c70
0x558f9a,0x24d6558d13a0
0x448b5d,0x4d2bb47d31d0
0x463a96,0x5115330ccd80
0x46d75a,0xb381a46580
0x447a20,0xb381a51350
0x4552c0,0x11e281df6414
0x460a83,0xb381a51c59
0x46d729,0x4741a6414f88
0x412c87,0x11e281e047d8
0x447a20,0x32bd14b8e830
0x448b63,0x4741a6450f88
0x46d75a,0xc1b5f0189b0
0x448b5d,0x8d9869025730
0x4552b0,0xe470055e98e8
0x412c87,0xe470055f25d8
0x4552b0,0xe470055f2ec8
0x558f9a,0xe470055f2e80
0x53de87,0xbf7dd5f210d0
0x45736c,0xcc2ca38ecd98
0x45736c,0xb381a53558
0x53de87,0xbf7dd5f05310
0x4602e0,0x133ad1cacd90
0x411c2e,0x1719cc5dc58
0x53e49f,0xbf7dd5eee838
0x460bc0,0x28e837cf2e80
0x45fd16,0x32bd14b87c40
0x558f9a,0x1719cc7bf70
0x4552c0,0x203e00135104
0x558f9a,0x203e00135240
0x53de87,0xbf7dd5ebbf60
0x45736c,0x8d9869027298
0x45736c,0x66598a767218
0x448b63,0x66598a767288
0x447a20,0x54962a2b8fd0
0x4552b0,0x54962a2c3138
0x411c2e,0x54962a2c0998
0x460a83,0x54962a2c08d9
0x460bc0,0x6c6f1e4c5100
0x448b5d,0x1719cc589b0
0x45528e,0x54962a2c7c64
0x4552b0,0x3a0447245718
0x4552b0,0x3a0447247a08
0x411d2f,0x3a0447247210
0x412cc0,0x3a044724d798
0x559212,0x3a044724dff0
0x411557,0x24d6558ecd8c
0x448b5d,0x3a0447259110
0x412c87,0x3a044725dc78
0x4552c0,0x3a0447268b84
0x412c87,0x3a044726b548
0x45528e,0x3a044726b384
0x412c87,0x3a044726e838
0x53de87,0x66598a805100
0x448b5d,0x1719cc90f90
0x45528e,0x3a044727bf44
0x45528e,0x99d8269cb574
0x448b5d,0x1719cc92e90
0x45fd16,0x1719cc92ec0
0x559212,0x99d8269d89a0
0x412c87,0x99d8269de538
0x4552b0,0x99d8269ded48
0x558f9a,0x99d826a00d70
0x448b5d,0x1719cc93d30
0x46d736,0x3a04472623d0
0x4552c0,0xbf7dd5e51344
0x558f9a,0xbf7dd5e513a0
0x4552b0,0x24d6558fc518
0x411d2f,0xbf7dd5e51e00
0x448b63,0x3a0447276408
0x412cc0,0xbf7dd5e6e838
0x448b5d,0xcdaaa6e31c50
0x4552c0,0xbf7dd5e76404
0x45528e,0xbf7dd5e76c04
0x558f9a,0xbf7dd5e847c0
0x46d75a,0xbf7dd5e8e830
0x411c2e,0xbf7dd5e91c78
0x46d773,0x99d8269f4710
0x46d75a,0xbf7dd5e9c500
0x4552c0,0xbf7dd5ea5124
0x46d75a,0xbf7dd5ea5a80
0x4552b0,0xbf7dd5ead788
0x45736c,0xcdaaa6e30998
0x46d773,0xbf7dd5e52ef0
0x45528e,0xbf7dd5eb31f4
0x53de87,0x4741a643e500
0x46d736,0x99d8269f0f90
0x447a20,0xbf7dd5eedfd0
0x4552c0,0xbf7dd5f02754
0x447a39,0xbf7dd5f07230
0x4552c0,0xbf7dd5f07c54
0x4552b0,0xbf7dd5f07cf8
0x46d773,0xcc2ca38e09a0
0x4552b0,0xbf7dd5f20d58
0x46d75a,0xbf7dd5f247d0
0x4552c0,0xbf7dd5f36744
0x448b5d,0x66598a7663a0
0x559212,0xbf7dd5f389b0
0x45ff56,0xd79e62b1e510
0x4552c0,0xbf7dd5f3dc44
0x4552b0,0xbf7dd5f46388
0x4552b0,0xbf7dd5f54f88
0x412c87,0xbf7dd5f610e8
0x4602e0,0xbf7dd5f611b0
0x558f9a,0xbf7dd5f71340
0x46d75a,0xbf7dd5f71c40
0x411d2f,0xbf7dd5f823d0
0x53df0a,0x6c53703309b0
0x45eebb,0x28e837ce3118
0x53df14,0x6c537034b548
0x53e62b,0xbf7dd5ee0980
0x53df14,0x6c537035bf58
0x456331,0xb381a41c40
0x44952d,0x6c53703a47c8
0x45eeb8,0x203e001247e0
0x46d614,0xa7d08ad07cc0
0x53df14,0xa7d08ad13d28
0x45ee89,0x24d6558d1e30
0x448b7a,0xbf7dd5fa7cd8
0x53e62b,0xbf7dd5f11390
0x53df0a,0x5829a6ec65a0
0x45fdd7,0x6c5370370990
0x448b5a,0x32bd14b93568
0x451882,0x92da1fa90998
0x4518c8,0x203e0012cdb8
0x4537e7,0xbf7dd5fc0d4c
0x45eea0,0xbf7dd5fc7a28
0x4518c8,0x203e0012d7b8
0x45fdff,0x8d986902b38c
0x45eea7,0xbf7dd5fd3540
0x451950,0x1719cc87cf8
0x45eeb8,0x92da1faa0180
0x45ee89,0x24d6558e47e0
0x45ee89,0xf775d31801b0
0x4494ea,0xd79e62bfa4c8
0x53e62b,0xcc2ca3754720
0x449609,0xcc2ca3850980
0x44959d,0xcc2ca3854708
0x451882,0x92da1faa7c58
0x44e194,0x92da1faa7cc8
0x559212,0x1719cc7bf70
0x45eeb8,0x92da1faae830
0x45eea7,0xbf7dd60098e0
0x448b83,0x11e281df9100
0x448b7a,0xbf7dd600b3b8
0x4537e7,0xbf7dd6013d0c
0x45fdd7,0x4741a6418fd0
0x4602cb,0xbf7dd5ebbf60
0x44e194,0x92da1fab89b8
0x451882,0x203e0013e538
0x45eeb8,0x92da1fabdc40
0x4537e7,0xbf7dd6047a0c
0x44e248,0x24d6558e98c8
0x448b5d,0x1719cc725c0
0x449609,0xcc2ca3872ed0
0x53ffd1,0x71d5f3e8cdb8
0x45ee89,0x92da1facdfe0
0x45ee89,0x92da1fad13a0
0x45eeb8,0x92da1fad25e0
0x45eeb8,0x92da1fad31c0
0x45eeb8,0x7cf9db862740
0x44952d,0x71d5f3ea2758
0x456171,0x3a044727bf44
0x45ee80,0x24d6558f2ea0
0x4495c3,0xa040f2133544
0x45ee80,0x9ae07660e800
0x448b7a,0x9ae076615128
0x4537e7,0x7c53326f1c6c
0x45ee80,0xc8d28174f80
0x46d614,0xbf7dd600c640
0x463a8d,0x1719cc93d30
0x4495c3,0xa040f20fbf44
0x53e62b,0x1719cc76c30
0x449502,0xbf7dd6020d44
0x451882,0x24d6558fa4f8
0x45ee80,0xf775d31872b0
0x44e248,0x92da1faebc88
0x449609,0x28d7cf4d1c40
0x4494ea,0x71d5f3f45a88
0x449502,0x71d5f3f447c4
0x451882,0x92da1faf6c28
0x448b83,0x3a0447275240
0x449609,0x1719cc8e820
0x45ee80,0xc8d281a47c0
0x448b83,0x99d8269cc1c0
0x44952d,0x25543026dfd8
0x558f9a,0xbf7dd5e847c0
0x45ee80,0xc8d281b3560
0x53df14,0x71d5f3f6cd88
0x46d633,0xaa4eb5dec640
0x45eeb8,0x92da1fb02770
0x46d75a,0xbf7dd5e8e830
0x46d633,0x71d5f3f96400
0x46d773,0x99d8269f4710
0x451882,0xbf7dd5ec7cf8
0x45eeb8,0x92da1fb08ba0
0x46d633,0x9ae0765fbd80
0x53df0a,0x71d5f3fb9f90
0x53e65a,0x9ae076603118
0x45ee80,0x92da1fb125c0
0x46d773,0xbf7dd5e52ef0
0x53ffd1,0x71d5f3fc1c78
0x45fee6,0xbf7dd5e54f8c
0x53df0a,0x71d5f3fb5240
0x456331,0xbf7dd5eb3d00
0x448b7a,0xc8d281e98d8
0x451882,0x92da1fb11e38
0x45fe3e,0x28e837c92eb8
0x53df14,0x71d5f3ff1e08
0x451950,0x92da1fb189b8
0x451950,0x92da1fb0b3b8
0x45ee80,0xc8d281fbf40
0x463aa3,0xdd2838a647dc
0x448b5d,0xbf7dd5e5ed40
0x4518c8,0x92da1fb201b8
0x449502,0x71d5f3fb3d04
0x4064e3,0x99d8269d31e8
0x45ee80,0x92da1fb25300
0x451882,0x92da1fb26588
0x44952d,0xca49da334708
0x45eeb8,0x92da1fb27280
0x45eeb8,0x92da1fa53540
0x45eeb8,0x92da1fb298e0
0x448b5d,0xbf7dd5e7ed60
0x448b7a,0xc8d28218ff8
0x448b5d,0xbf7dd5e9e520
0x53e65a,0xc8d281a1c68
0x44959a,0x71d5f3fcb380
0x451882,0x92da1fa53d28
0x451882,0x92da1fb2c648
0x448b5d,0xbf7dd5e9dc60
0x4561ac,0xbf7dd5f07c54
0x456198,0xbf7dd5f07cf8
0x45ee80,0xf775d318b560
0x449502,0xc8d281adfc4
0x45eeb8,0x92da1fb2cda0
0x448b7a,0xc8d28233578
0x448b5d,0x66598a76b3a0
0x45ee80,0xf775d318c1d0
0x4537e7,0xc8d28239fac
0x411804,0xd79e62af2ea0
0x44959a,0xd79e62af2ed0
0x46d75a,0xbf7dd5f247d0
0x451882,0x92da1fa608f8
0x45fdd7,0x7ebb3c894720
0x45ee80,0xc8d2824cdb0
0x4561ac,0xbf7dd5f3dc44
0x4494f2,0xca49da3c7c40
0x451882,0x71bb2b15e508
0x448b7a,0xc8d2825dc68
0x451950,0x71bb2b1608f8
0x411804,0xd79e62b8c1d0
0x463aa3,0xbf7dd5f5471c
0x456198,0xbf7dd5f54f88
0x451950,0xbf7dd5f65138
0x45ee80,0x71bb2b168ba0
0x451882,0xc8d28271e28
0x4494de,0xc8d281f9f80
0x45eeb8,0x71bb2b1698e0
0x451882,0x71bb2b16c1e8
0x45ff62,0x6c53703a47c8
0x449609,0x71d5f3fd4f80
0x463aa3,0xbf7dd5f6531c
0x53e5fc,0xc8d282072b8
0x45ee80,0x71bb2b16e830
0x449609,0xbf7dd5eb4700
0x558f9a,0xbf7dd5f71340
0x45ff7e,0xa7d08ad07cc0
0x46d75a,0xbf7dd5f71c40
0x45ee80,0x71bb2b1725d0
0x4518c8,0x71bb2b175278
0x44e248,0x24d6559208c8
0x45eeb8,0x71bb2b176c00
0x46d736,0x4741a6419100
0x448b5d,0x2554302a1c70
0x448b5a,0xbf7dd5fa7cd8
0x45fd16,0x4741a6425700
0x46d773,0xbf7dd5fb09b0
0x4494de,0xc8d28230f80
0x4552c0,0x92da1fa91374
0x4552c0,0xbf7dd5fbdc74
0x412c87,0xbf7dd5fc47e8
0x45ff7e,0x8d986902b38c
0x412cc0,0xbf7dd5fc7218
0x447a40,0xbf7dd5fc7c40
0x410f2c,0xbf7dd5fc72a8
0x410f2c,0xbf7dd5fcbc88
0x463e27,0xbf7dd5fd3540
0x46d75a,0xbf7dd5fd5120
0x410f2c,0xbf7dd5fd5268
0x45eeb8,0x24d6558d9130
0x45fe1c,0x6c537033c500
0x44e194,0x24d6558e1188
0x451950,0x24d6558e10f8
0x447a20,0x92da1faa23c0
0x412cc0,0xbf7dd5fe6388
0x447a20,0xbf7dd5fed780
0x559212,0xbf7dd5ff0fa0
0x410f4f,0xbf7dd5ff31c8
0x448b83,0x28d7cf4210c0
0x46d75a,0xbf7dd5ffed40
0x45528e,0xbf7dd5ffebe4
0x46d75a,0xbf7dd6005100
0x4552c0,0xbf7dd6005a94
0x463e27,0xbf7dd60098e0
0x46d75a,0xbf7dd600b570
0x448b5a,0xbf7dd600b3b8
0x4115a9,0xbf7dd600dfc0
0x46d75a,0x92da1fab25c0
0x45ee80,0x92da1fab2e90
0x4518c8,0x92da1faa47f8
0x45ee80,0xc8d282dbf70
0x463aa3,0xbf7dd6013d0c
0x45fd16,0x66598a7ba4c0
0x4552b0,0x92da1faba4c8
0x410f8a,0xbf7dd6021c40
0x448b83,0x878ddfa41c40
0x4552c0,0xbf7dd602e804
0x45736c,0xedc51a8fbdb8
0x447a20,0xbf7dd6045aa0
0x410f2c,0xbf7dd6045118
0x45ff56,0x1719cc725c0
0x45ee89,0x71bb2b181c70
0x449502,0xc8d28260184
0x410f8a,0xaa4eb5de98c0
0x410f2c,0xaa4eb5df6c38
0x46d75a,0xaa4eb5dfa4d0
0x45528e,0xaa4eb5dfed54
0x4552b0,0x92da1fac5108
0x4552b0,0x9ae076602748
0x448b5d,0x3a0447263120
0x46d75a,0x9ae076607200
0x412cc0,0x9ae0766072b8
0x447a20,0x9ae076607cd0
0x45eeb8,0x24d6558f1e20
0x53df0a,0x49950ab10f90
0x412cc0,0xbf7dd5e78fd8
0x45ff56,0x71d5f3f447c4
0x463aa3,0x7c53326f1c6c
0x4552c0,0x7c53326f3574
0x410f2c,0x7c53326f1e08
0x412c87,0xc8d28174708
0x559212,0xc8d28174f80
0x46d773,0xbf7dd6027c50
0x448b83,0xbf7dd6027cc0
0x410f8a,0xc8d2817ebf0
0x412c87,0xc8d28185118
0x558f9a,0xc8d28185aa0
0x463a96,0xdd2838a59fa0
0x463a8d,0x71d5f3f45a88
0x4494ea,0xdd2838a6b548
0x45fe3e,0x28e837c92ec8
0x463a96,0xdd2838a60198
0x558f9a,0xc8d281a47c0
0x410f2c,0xc8d281a7a08
0x410f8a,0xc8d281b1e10
0x410f25,0xc8d281b6740
0x448b5d,0x51a63c50fb0
0x45736c,0x8876f2fd89b8
0x410f8a,0xc8d281c7c60
0x46d743,0x99d8269f4710
0x53e65a,0xc8d282847c8
0x4494ea,0x49950ab34f88
0x46d633,0xc8d28291340
0x449502,0xc8d28291384
0x456269,0x92da1fb06598
0x4537e7,0xc8d283447cc
0x558f9a,0xc8d281d3d00
0x448b5d,0xbf7dd5e8c670
0x460050,0x71d5f3fb9f90
0x45ff56,0xca49da334708
0x412c87,0xc8d281e5118
0x558f9a,0xc8d281e5aa0
0x410f2c,0xc8d281f0f98
0x4494f2,0x49950ab35240
0x45eea7,0xc8d28363110
0x45eeb8,0xc8d28371e00
0x45eeb8,0x92da1fb0c1c0
0x412cce,0xc8d282010d1
0x410f2c,0xc8d28201198
0x448b5d,0x28e837cfdc50
0x410f8a,0xc8d28210f80
0x4552c0,0xc8d2821e524
0x463a96,0xdd2838a608d0
0x45ff56,0xca49da3c7c40
0x447a40,0x92da1fb35100
0x46d736,0xbf7dd5ef6c10
0x463aa3,0xc8d28239fac
0x4552c0,0xc8d28241c74
0x46d736,0x49950ab113a0
0x46d75a,0xc8d28245110
0x4552c0,0xc8d28245aa4
0x46d773,0xbf7dd5ee7cd0
0x410f8a,0xc8d2824c660
0x463a96,0xdd2838a60d50
0x448b63,0xbf7dd5f3a4c8
0x558f9a,0x71bb2b160190
0x410f2c,0xc8d28267a38
0x46d736,0xc8d28270fb0
0x447a19,0xc8d282811b0
0x4552b0,0xc8d28281c78
0x46d736,0xc8d282211a0
0x447a40,0x71bb2b1731c0
0x558f9a,0x71bb2b176400
0x4552c0,0xc8d282a08d4
0x45528e,0xc8d282a47c4
0x447a40,0x92da1fa76400
0x410f25,0xc8d282a8b80
0x448b83,0xcc2ca38e2740
0x4552b0,0xc8d282c47e8
0x558f9a,0x92da1fab6c00
0x45528e,0xc8d282e7c44
0x558f9a,0xc8d282ed790
0x447a20,0x92da1fab5250
0x4552c0,0x92da1fab5114
0x447a20,0xc8d282f6c30
0x4552b0,0xc8d283063b8
0x46d736,0xc8d281d89a0
0x558f9a,0xc8d28313d30
0x460050,0x49950ab10f90
0x447a20,0x71bb2b18c650
0x412cc0,0xc8d2833c518
0x558f9a,0xc8d28342750
0x45ff56,0x7ebb3c894720
0x4552b0,0xc8d283623f8
0x410f8a,0xc8d28360d50
0x45528e,0xc8d28373574
0x45ff4d,0x28e837c8e818
0x410f2c,0xaf4780c8c1f8
0x46d18d,0xf775d3179130
0x45ff56,0xcd28e5908b80
0x410b90,0x7ebb3c885a88
0x45ff62,0xd9e9d66b1360
0x45ff4d,0x6c537038dfc0
0x411a5c,0xab2ecf443108
0x45eebb,0x28e837ce3118
0x53df14,0x25543024b548
0x53e65a,0xc8d282b5138
0x451950,0xa67864934738
0x53df0a,0x25543025bf40
0x456269,0x25e3cdb0fb8
0x4518c8,0xa67864935138
0x53e62b,0xc8d282d0f80
0x45eeb8,0xa7d08ad40190
0x45ee80,0xa67864939100
0x406878,0x203e0010dfe0
0x45fd16,0xb7ac7a9b9100
0x44952d,0x2554302a23d8
0x4518c8,0x557be30b4fb8
0x45ee80,0x557be30b4730
0x412c87,0x557be30b2eb8
0x412cce,0x557be30b2ed1
0x46d614,0x2554302a3100
0x463a96,0x2c2cbb567cd8
0x53ffd1,0x2554302a5338
0x45ee80,0xfaef35b4cd80
0x4537e7,0x203e00111e3c
0x46091a,0x71d5f3f50f98
0x45ff56,0x66598a7e7290
0x45ff62,0x71d0d593a4f0
0x412cc0,0xa67864945338
0x46d773,0xa67864946390
0x47338d,0xa6786494572c
0x410b32,0xa67864947a30
0x46d15e,0x4741a6451e00
0x463a96,0x28d7cf5023d8
0x410725,0xa6786494b380
0x47338d,0xa6786494b544
0x463aa3,0xa6786494e83c
0x45ff56,0x71d0d59e5330
0x45ff4d,0x28e837c9e538
0x46d18d,0xa678649513a0
0x45ff4d,0x28e837c9ed78
0x47338d,0xa678649525e4
0x443d2b,0xa67864956771
0x45ff4d,0x6c537038d7a8
0x45ff62,0xce1385001c40
0x494c82,0x66598a7f8988
0x494c7e,0x66598a807c78
0x494c73,0x66598a825a80
0x46d75a,0x66598a841c70
0x45ff62,0x464bc80f0fa0
0x456171,0xff3c8d5cb574
0x4518c8,0x5115330c5ab8
0x5405e9,0xa678649647f8
0x473397,0xa67864967c40
0x410c26,0xa67864967a38
0x45ff62,0xd9e9d66098f0
0x443d2b,0xa67864976761
0x46d151,0x11faa185ed48
0x412cc0,0xa67864985338
0x47338d,0xa6786498572c
0x45ff56,0x4741a6420180
0x4115a9,0xa67864987200
0x410c26,0xa678649872b8
0x45ff56,0xa040f20fdc50
0x410725,0xa6786498dfc0
0x53e65a,0xc8d283023f8
0x4494f2,0x51a63c51e00
0x53e65a,0x6c5370387c58
0x456269,0xa67864993d28
0x53e62b,0xc8d28316c30
0x447a14,0xa67864945124
0x53ffd1,0xaff50078c678
0x4552b0,0xa678649498d8
0x4552b0,0xa67864959f88
0x53e65a,0xc8d283298d8
0x5405e9,0x71d0d5a065b8
0x53df14,0xaff5007bed48
0x473397,0xbcd57edf9118
0x456269,0x55c693e4d7b8
0x449609,0xa678649a1188
0x53df0a,0xc8d28336c20
0x45ee80,0x55c693e52eb0
0x447a40,0xa678649a5ab0
0x456331,0xa678649a5700
0x45eea0,0xa6786497bda8
0x449502,0xaff5007e8b84
0x448b7a,0xa678649ad798
0x53df0a,0xaff5007f8990
0x45eeb8,0xa6786496dfe0
0x45ee80,0xa6786496d7b0
0x44952d,0xaf4780c8bc98
0x44959d,0xbb3c81eb4f90
0x53df14,0xaf4780c8e808
0x44e194,0xa678649a47d8
0x447a40,0xa678649ab380
0x411104,0x28e837c95104
0x45528e,0xa67864985124
0x45ee80,0xa67864987a10
0x558f9a,0xa6786498e820
0x53df0a,0xaff5007e7a20
0x53df0a,0xd9e9d65febc0
0x45ff56,0xbf7dd5e601a0
0x46d580,0xce1384f73540
0x53df0a,0xedc51a8ebcb0
0x53cb5b,0xc8d2836d7b8
0x4112b2,0xa67864973d00
0x460108,0x28e837ca3108
0x53e5fc,0xce1384fa3138
0x53e70f,0xcc2ca36edfc0
0x53cb5b,0x71d0d5a0dfe8
0x53cb5b,0xa040f2210fb8
0x410700,0x5829a6ef4700
0x412c01,0x28e837c96c01
0x45ff7a,0xc8d2835356c
0x44e5c4,0xfe2fc1f52e88
0x466180,0x71d0d5940180
0x513a6a,0x71d0d5945130
0x45eea7,0x96b1800647d0
0x513af5,0x71d0d5947c68
0x47c586,0x28e837cc3120
0x46d773,0xa040f21e98d0
0x494c00,0x66598a7f6c00
0x456198,0x96b180067228
0x45ee80,0x96b18006b570
0x4537e7,0x96b18006cdbc
0x4494f2,0x41d09e9ddc40
0x53df14,0xce1384ff09a8
0x456269,0x96b180067a38
0x412cc0,0xf1720cb94708
0x4552b0,0xf1720cb94fa8
0x45ff56,0xce13850f1340
0x4561ac,0x4d2bb47c63b4
0x558f9a,0x4d2bb47c65b0
0x45ee80,0x4d2bb47c8ba0
0x5405e9,0xcc2ca37e63b8
0x456198,0xff3c8d5b5268
0x4518c8,0x6af9d6d16c38
0x46d736,0x6af9d6d19120
0x45ff62,0xce13850f25d0
0x449502,0xce1385007a04
0x53e65a,0xce138500c1d8
0x400530,0x28e837cdc530
0x4494f2,0xce138501ebc0
0x463aa3,0x6af9d6d125cc
0x45ff4d,0x66598a7810e8
0x412d56,0x66598a843108
0x448b5a,0x5115330c47c8
0x448b5d,0xff3c8d5bdc40
0x53df0a,0x28d7cf4208e0
0x456198,0x6af9d6d12e98
0x4561ac,0x6af9d6d12ed4
0x451882,0x5115330c7a28
0x45ff7e,0x4741a643642c
0x45ff4d,0x66598a781188
0x443d2b,0x7ebb3c89e501
0x45ff62,0xd79e62b9dc50
0x559fe0,0x2c2cbb507ce8
0x494c73,0x5115330c10e0
0x42d333,0xb66056956748
0x494c73,0x71d5f3f94f80
0x45eeb8,0x4d2bb47c7220
0x451882,0x4d2bb47c7288
0x45ff56,0xcc2ca38e5300
0x559fe0,0x8a4feef6b380
0x447a40,0x8a4feef51350
0x494c73,0xd79e62a58fd0
0x494c73,0x66598a823100
0x494c73,0x28e837c90fb0
0x494c7e,0x8a4feef75138
0x494c93,0x6af9d6d201b8
0x447a20,0x6af9d6d15100
0x4608e7,0x66598a7f1e38
0x46091a,0xff3c8d621c48
0x443d2b,0xcc2ca37408d1
0x45ff7a,0xc8d28347a0c
0x45ff62,0xc8d283463a0
0x443d2b,0xff3c8d5f2e91
0x46d151,0xe470055e7a08
0x46091a,0xd693287698e8
0x53cacd,0xe470055f1c48
0x460050,0xc8d282731f0
0x53cb5b,0xc5e52af59118
0x460050,0xc8d282a98f0
0x46091a,0xff3c8d627a08
0x463e27,0xff3c8d6125e0
0x53cacd,0x2c2cbb5cc658
0x45ff56,0xc8d282a5a80
0x47338d,0xff3c8d618ffc
0x53cacd,0xcc2ca37fbd98
0x53df14,0x28d7cf4209b8
0x449680,0x71d5f3e9c530
0x45eebb,0x28e837ce3118
0x448b7a,0xff3c8d5edfd8
0x448b7a,0xff3c8d5f6438
0x45ee80,0x66598a7f2ea0
0x4518c8,0xff3c8d6247f8
0x449502,0xb1739fbce804
0x45ee80,0xff3c8d615260
0x456269,0x66598a7f1398
0x451882,0x5115330c5708
0x46d633,0x28d7cf4b1e00
0x53e62b,0x2c2cbb5e08c0
0x53e65a,0x2c2cbb5e0988
0x558f9a,0xff3c8d5e6580
0x558f9a,0xff3c8d5ed7b0
0x411d2f,0xff3c8d5f6750
0x447a20,0xff3c8d60bc90
0x4552b0,0xff3c8d615138
0x46d736,0x6c5370367a30
0x456198,0xff3c8d62dfd8
0x4602e0,0xff3c8d62d7b0
0x47338d,0xff3c8d634734
0x456198,0xff3c8d634f98
0x412cce,0xd6fa95373551
0x4561ac,0xd6fa95376c14
0x456198,0xd6fa9537bf48
0x558f9a,0xd6fa953847c0
0x558f9a,0xd6fa9538c660
0x45eeb8,0xd6fa9538e800
0x4537e7,0xd6fa9539098c
0x410c00,0xd6fa95391c48
0x447a40,0xd6fa953925d0
0x448b7a,0xd6fa95396408
0x45eeb8,0xd6fa95398fc0
0x448b7a,0xd6fa9539bd88
0x45eea0,0xd6fa953a08f8
0x412cc0,0xd6fa953a2778
0x4561ac,0xd6fa953a5114
0x47338d,0xd6fa95372e84
0x47338d,0xd6fa95396764
0x46d75a,0xd6fa9539bf40
0x473397,0xd9e9d65d5100
0x46d773,0xd9e9d65d6c20
0x45ff62,0xc911b24d89a0
0x45ff62,0x98f5690dbf70
0x448b83,0xff3c8d5cc640
0x46d15e,0x71d5f3eb4730
0x463a96,0x2149a6cab540
0x460050,0x71d5f3e725e0
0x411557,0xd9e9d65e0d4c
0x410b32,0xd9e9d65e47f0
0x473397,0xd9e9d65e8b80
0x412cc0,0xd9e9d65ec1e8
0x53cb5b,0xcc2ca3847a08
0x53cb5b,0xd9e9d667ebe8
0x47338d,0xd9e9d65f6c24
0x47338d,0xd9e9d66010d4
0x443d2b,0xd9e9d66023d1
0x47338d,0xd9e9d66011a4
0x443d2b,0xd9e9d6602741
0x410b32,0xd9e9d6606380
0x473397,0xd9e9d6606580
0x443d2b,0x49950aa74f91
0x410725,0xd9e9d660cd80
0x473397,0xd9e9d6616410
0x46d18d,0xcc2ca3833570
0x463aa3,0xd9e9d661ed4c
0x45eeb8,0xff3c8d5c3120
0x45eeb8,0xd9e9d6627c60
0x451882,0xd9e9d6627cc8
0x45ff56,0xce13851065b0
0x449502,0xff3c8d61ed44
0x451882,0x55c693e4dfe8
0x45ee80,0xd6fa95379110
0x45ee80,0xd9e9d6653d10
0x45ee89,0x5115330c65b0
0x4518c8,0xd6fa95394738
0x45eeb8,0x5115330c5100
0x451950,0xd9e9d666d7b8
0x42d960,0x7ebb3c899fac
0x494c73,0xcc2ca38210f0
0x494c73,0x7ebb3c7d4fb0
0x42d333,0xcc2ca382e808
0x4602e0,0x7ebb3c892e90
0x411d2f,0x7ebb3c892ec0
0x4494de,0xd693286ed780
0x45ee80,0xd9e9d6672e90
0x53df0a,0x28d7cf513d20
0x46d614,0xce1385048b80
0x451882,0xd9e9d662b548
0x447a40,0xd9e9d6636770
0x53e65a,0xce13850509a8
0x53e62b,0xce1385058980
0x451882,0xd9e9d6690f98
0x456331,0xd9e9d663c510
0x45ee89,0xd9e9d6693570
0x53df14,0x28d7cf570f98
0x45ee80,0xd9e9d6696430
0x448b7a,0xd9e9d661ebe8
0x451882,0x5115330c7228
0x45eeb8,0x7ebb3c88d780
0x4552b0,0xd9e9d65d8fd8
0x4552b0,0xd9e9d6675138
0x4552c0,0xd9e9d6675254
0x447a20,0xd9e9d65e2750
0x447a14,0xd9e9d65edfd4
0x447a39,0xd9e9d65f1e30
0x558f9a,0xd9e9d6687200
0x558f9a,0xd9e9d66125d0
0x45528e,0xd9e9d6613544
0x473397,0x7ebb3c887a00
0x447a40,0x7ebb3c8872b0
0x456240,0x71d0d5898fe4
0x46da82,0x28e837c85a82
0x47c586,0x28e837cc3120
0x53e65a,0xce1385085a88
0x53df14,0x28d7cf594f98
0x4494de,0x28d7cf5931c0
0x448b5d,0x5829a6ebbdb0
0x53e49f,0xa678649647f8
0x451882,0x7ebb3c890fa8
0x4115a9,0xd9e9d66a6580
0x443d2b,0xcc2ca36f3551
0x53cb5b,0xd9e9d66ad7b8
0x443d2b,0xd9e9d66b3d11
0x45ff56,0xd9e9d66423e0
0x53cacd,0xd9e9d66b89a8
0x4115a9,0xd9e9d66b9f80
0x45ff89,0x557be3036400
0x46d75a,0xd9e9d66c01a0
0x412c87,0xd9e9d66c47e8
0x4608f0,0x49950aae5308
0x443d2b,0xd9e9d663e531
0x46d18d,0x66598a7d2ea0
0x46d181,0x66598a7d2ec0
0x460050,0xd9e9d663ebf0
0x46d193,0xc2041aa78ff0
0x53cacd,0x7ebb3c825728
0x463e27,0xa98092300190
0x443d2b,0xc8d28296431
0x409edb,0xcd28e57408c8
0x45ff7a,0xa040f2056c1c
0x53cb5b,0xd69328774708
0x45ff62,0x5115331401a0
0x53cb5b,0xd79e62a9c538
0x45ff62,0xff3c8d5e7c40
0x412743,0xce1384f808f8
0x47338d,0xce1384f8099c
0x412c87,0xce1384f85ab8
0x45ff7a,0x18291937ebec
0x463aa3,0xce1384f8dfdc
0x45ff56,0xcc2ca37a09a0
0x473397,0xce1384f91358
0x4608f0,0xce1385150fa8
0x47338d,0xce1384f9355c
0x46d743,0xcc2ca37109b8
0x53cb5b,0xcd28e5736778
0x409edb,0x4d2bb47c1c58
0x412cc0,0xd6fa9536e838
0x443d2b,0xce1384fb0991
0x412cc0,0xce1384fb1348
0x4608e7,0xce1384fb13b8
0x409edb,0xd79e62c27c48
0x47338d,0xce1384fb473c
0x53cb5b,0xcd28e5767cf8
0x45ff89,0xdc4761b2cd80
0x45ff7a,0xce1384fded4c
0x46d75a,0xce1384fc7a10
0x47338d,0xce1384fc7c4c
0x463aa3,0xce1384fcbcac
0x409edb,0xd9e9d65dc508
0x409eee,0xe2032d899138
0x45ff62,0xce1384fab560
0x46d729,0xcd28e576dfc8
0x53cb5b,0x67b1c33c98d8
0x45ff62,0xce13850f25d0
0x460050,0xcc2ca386d7b0
0x46d729,0xcd28e576e808
0x412cc0,0xce1384fe1c68
0x45ff56,0x71d0d59247e0
0x4608f0,0xce13851047e8
0x412768,0xce1384feb388
0x53cacd,0xd6932878b568
0x46d743,0xd9e9d65d0fb8
0x463e27,0xce1384ff2e80
0x412cc0,0xce1384ff5138
0x463e27,0xce1384ff9110
0x46000d,0x6c537033c500
0x46001c,0xcc2ca38e2740
0x46d743,0xce1384fac678
0x46d773,0xce1385005120
0x47338d,0xce1384ffebfc
0x463aa3,0xce1385008b8c
0x443d2b,0xce1384fc2751
0x473397,0xce138500e808
0x53cacd,0xcd28e5787208
0x463e27,0xce13850125d0
0x47338d,0xce1385018fec
0x46d18d,0xcd28e578dfd0
0x45ff56,0xfdfd3a8c3130
0x46d18d,0xcd28e5792ec0
0x46d193,0xcd28e5792eb0
0x47338d,0xd6fa9537ebfc
0x45ff56,0x9895a7c931c0
0x46d18d,0xd79e62b8cda0
0x47338d,0xce138502c1dc
0x463e27,0xce13850331f0
0x45ff56,0x18291930dfc0
0x412cc0,0xce138503ed78
0x45ff62,0xd69328774f80
0x412cc0,0xce138504c648
0x47338d,0xce1385052ecc
0x463a8d,0xd6fa95385aa8
0x473397,0xce138505a4c8
0x47338d,0xce138506511c
0x46d18d,0xcd28e57b6410
0x46d773,0xce1385020d60
0x409edb,0x7ebb3c845118
0x443d2b,0xce1385027231
0x46d773,0xce1385027ce0
0x412cc0,0xce138506e808
0x53cb5b,0x49950aa50f98
0x46d773,0xc8d28347c60
0x463aa3,0xce1385078fcc
0x45ff56,0x1719cc60180
0x412c87,0xce1385087a08
0x473397,0xce1385087cc8
0x53cacd,0x2c2cbb596758
0x463e27,0xd6fa9538cdb0
0x4608f0,0x4741a642b388
0x463e27,0xce1385096770
0x46d75a,0xce138509ed50
0x45ff7a,0x464bc80f4f8c
0x460950,0xcd28e57e3130
0x4608f0,0xce1385034728
0x45ff62,0x182919460980
0x4608f0,0xce1385031348
0x45ff7a,0xa040f20f3d3c
0x47338d,0xce13850b912c
0x53cb5b,0xcd28e57eb3b8
0x473397,0xce13850bc508
0x463aa3,0xce13850be52c
0x45ff4d,0x66598a7a11b8
0x45ff7e,0xc911b24da4cc
0x46d743,0xd9e9d65d4738
0x412cc0,0xd6fa95392ea8
0x4115a9,0xd6fa95392ec0
0x5405e9,0x41d09e9c01b8
0x53cb5b,0xcd28e57f3558
0x45ff62,0xca49da32cdb0
0x53cacd,0x28d7cf419fb8
0x412c87,0xce13850d4738
0x45fece,0x28e837cfdc50
0x53cb5b,0xcd28e5800198
0x463aa3,0xce13850ddc5c
0x443d2b,0xce13850a65b1
0x53cacd,0xcd28e5802778
0x46d729,0xcd28e5806588
0x443d2b,0xce13850e7c71
0x53cacd,0x2c2cbb614738
0x53cb5b,0x28e837cabca8
0x463aa3,0xce138510313c
0x45ff7a,0xbf7dd5ee7cd0
0x45ff56,0xcc2ca371a4f0
0x46d773,0xce13850d6740
0x443d2b,0xce1385116c11
0x4608e7,0xce138512c678
0x45ff7a,0xb3a8ecde728c
0x53cacd,0xcd28e58208d8
0x4608f0,0x71d5f3fb1398
0x45ff7a,0x7ebb3c7f510c
0x45ff62,0x1829194731c0
0x47338d,0xce138513912c
0x53cacd,0xcd28e5825308
0x46001c,0xbf7dd6027cc0
0x47338d,0xce138514276c
0x412cc0,0xce1385145738
0x45ff4d,0x28e837c8e818
0x45ff56,0xdc4761b525f0
0x463aa3,0xce1385152e9c
0x46d75a,0xce1385152ef0
0x47338d,0xce13851531fc
0x53cb5b,0x49950ab0e818
0x47338d,0xce138515641c
0x443d2b,0xce138511bf61
0x45ff56,0xd79e62b9dc50
0x45ff56,0xce13851065b0
0x53cb5b,0xd693286ddc68
0x463e27,0xce13851731d0
0x45ff56,0xcd28e5908b80
0x412743,0xce1385173568
0x47338d,0x67b1c33c512c
0x443d2b,0x67b1c33c7c71
0x443d2b,0xce1385136431
0x53cb5b,0xcd28e5855128
0x4608f0,0xd9e9d66c5118
0x443d2b,0xce13851463b1
0x409eee,0xc8d28222778
0x46d75a,0xcd28e571ed40
0x46d181,0xce138516bc80
0x463e27,0xcd28e5725120
0x45ff56,0x8414a34dc500
0x46d75a,0xcd28e5725320
0x46d773,0xc8d283465a0
0x45ff56,0xb3a8ecdd3d00
0x45ff56,0xbf7dd5e601a0
0x558f9a,0xff3c8d633540
0x45eebb,0x28e837ce3118
0x45fe42,0x1719cc725c0
0x4518c8,0xcd28e5738ff8
0x456269,0xff3c8d631c78
0x4518c8,0xcd28e573a4f8
0x456269,0xff3c8d631e08
0x448b7a,0xa980922fbf48
0x45eea7,0xa98092300190
0x494c73,0xd9e9d664cd80
0x42f2dc,0xff3c8d6331d0
0x447a20,0xd6fa95371e00
0x4494de,0xa7d08ad7bd80
0x4518c8,0xce1384f74fb8
0x46d614,0xc48ca8ffc500
0x45eea0,0xce1384f8d7a8
0x53df0a,0x6c537036d7b0
0x4494ea,0x66598a7531c8
0x53df0a,0xc48ca901bdb0
0x45ee80,0xd6fa95371c50
0x494c73,0x99d826a02770
0x47338d,0xd6fa95372e84
0x559fe0,0xd79e62a67c58
0x42d5ac,0xcd28e5734fb8
0x42dd73,0xd6fa95379fa8
0x53e083,0xcd28e57e3130
0x4494f2,0xd79e62b54700
0x4518c8,0xcd28e576cdb8
0x45ee80,0xd6fa953789a0
0x46d614,0xd693286d0f80
0x45ff4d,0x28e837c92ea8
0x448b7a,0xd6fa95380d78
0x45eea7,0xce1384ff2e80
0x448b7a,0xce1384ff2ec8
0x4494ea,0xd693286ec1c8
0x53e62b,0xd9e9d65f25d0
0x53df0a,0xd693287072a0
0x44952d,0xce13850c7218
0x53e62b,0xce13850e7220
0x46d633,0xd6932871bd90
0x4494f2,0xce13850e7280
0x45fe42,0xbf7dd5e5ed40
0x494c73,0xcd28e5799100
0x494c73,0xcd28e579a4c0
0x4602e0,0xd6fa95381c78
0x449680,0x4741a6440d70
0x46d633,0xd79e62abebc0
0x451882,0xce138502bcb8
0x45eea7,0xce13850331f0
0x45eeb8,0xcd28e57ab550
0x456269,0xce13850263a8
0x4494ea,0xd69328773d08
0x494c73,0xcd28e57b9fb0
0x494c7e,0x6af9d6d131f8
0x448b7a,0xce138505ebd8
0x4494ea,0xd69328778988
0x4494de,0xce138513ed40
0x456269,0xce138505e538
0x448b5a,0xd6fa95396408
0x4518c8,0xce13850b9fb8
0x53df14,0x28e837ccd798
0x45eeb8,0xce13850ab3a0
0x451882,0xcd28e57e7208
0x45fdd7,0xbf7dd5f3a4c8
0x46d633,0xcd28e5726390
0x494c73,0x71d5f3e8cdb8
0x47338d,0xd6fa95396764
0x46d75a,0xd6fa9539bf40
0x559fe0,0x7ebb3c8465b8
0x448b5a,0xd6fa9539bd88
0x4518c8,0xce13850e0d78
0x53df0a,0xd79e62ac5700
0x53e5fc,0xcd28e58647f8
0x45fe1c,0x6c537033c500
0x4537e7,0xce138510313c
0x494c73,0xcd28e5811370
0x473397,0xd9e9d65d5100
0x45eeb8,0xce13851125e0
0x53e65a,0xcd28e58b2e98
0x53df14,0x71d5f3f1a4e8
0x494c73,0xce1384ffa4f0
0x45eeb8,0xd6fa953a5730
0x53df0a,0x71d5f3f2cda0
0x456269,0xd6fa953a7a08
0x4537e7,0xce1385152e9c
0x4494f2,0xa7d08ad223c0
0x456269,0xd6fa953a7cf8
0x456331,0xd6fa953a7c50
0x4518c8,0xcd28e583c538
0x494c7e,0xcd28e584cdb8
0x494c73,0xcd28e584e810
0x494c7e,0xb660569513b8
0x559fe0,0x7ebb3c841c48
0x42d593,0x7ebb3c8408f0
0x456269,0x67b1c33c11b8
0x46d633,0xca49da356c00
0x53e65a,0xcd28e5900198
0x53df14,0xca49da3acd88
0x451882,0xcd28e585bdb8
0x451882,0xd6fa953ad7b8
0x4537e7,0xcd28e58531cc
0x4115a9,0xd9e9d66a6580
0x46d736,0xcc2ca36f0fb0
0x4552c0,0xd9e9d66b5264
0x46d773,0xc8d2835356c
0x46d75a,0xd9e9d66c01a0
0x448b5d,0xc8d28354710
0x45528e,0xce1384f931c4
0x558f9a,0xce1384f93d10
0x4552c0,0xce1384f99fa4
0x448b63,0xd9e9d66ba4c8
0x412cc0,0xd6fa9536e838
0x447a20,0xcd28e5755260
0x4552c0,0xcd28e5755114
0x412cc0,0xce1384fb1348
0x460a83,0xce1384fb13b8
0x447a20,0xce1384fc7200
0x4552c0,0xce1384fcb3a4
0x447a40,0xce1384febcb0
0x448b5d,0xce1384fec1d0
0x46d773,0xd9e9d65d0fb8
0x412cc0,0xce1384ff5138
0x45736c,0xce1385005120
0x558f9a,0xcd28e57863b0
0x4552c0,0xce138502b574
0x4552c0,0xce13850309b4
0x558f9a,0xce1385033d00
0x53de87,0xce1385034728
0x411d2f,0xce1385033550
0x559212,0xce1385038ff0
0x412cc0,0xce138503ed78
0x447a20,0xce1385045a90
0x411d2f,0xce1385045110
0x447a39,0xce1385060d70
0x4552c0,0xce1385065734
0x4552b0,0xce1385068b88
0x4552b0,0xce138506cdb8
0x412cc0,0xce138506e808
0x45736c,0xce1385027ce0
0x45736c,0xc8d28347c60
0x448b63,0xc8d28347cc8
0x4552b0,0xce138507dc68
0x4552c0,0xce138508c1f4
0x558f9a,0xcd28e57d3540
0x411d2f,0xce138508cd90
0x463e27,0xd6fa9538cdb0
0x447a40,0xce138509e530
0x46d75a,0xce138509ed50
0x45528e,0xce138509ebf4
0x45fd16,0xce13850623c0
0x4552c0,0xce13850a08f4
0x4552b0,0xce13850a0998
0x411d2f,0xce13850a01a0
0x412cc0,0xd6fa95392ea8
0x4115a9,0xd6fa95392ec0
0x46d773,0xd9e9d65d4738
0x412c87,0xce13850d4738
0x4552c0,0xce13850d4f84
0x448b5d,0xce13850808f0
0x559212,0xce13850e8ba0
0x4552c0,0xce13850f9124
0x448b5d,0xc8d28359fb0
0x448b63,0xc8d2835bf48
0x4552c0,0xcd28e5803104
0x558f9a,0xce13850fdc70
0x4552c0,0xce1385115114
0x558f9a,0xce1385115250
0x4552b0,0xce1385128bb8
0x558f9a,0xce1385140d60
0x411c2e,0xd6fa9539ebe8
0x45528e,0xce13851423d4
0x558f9a,0xce13851525f0
0x53de87,0xce1385150fa8
0x46d75a,0xce1385152ef0
0x4552c0,0xce1385165734
0x447a40,0xce1385168bb0
0x4552b0,0xce1385173d28
0x4115a9,0xd6fa953a5a80
0x45528e,0x67b1c33c1c44
0x4552b0,0x67b1c33c5708
0x53de87,0x49950aae5308
0x46d736,0xcc2ca36f25d0
0x447a20,0xcd28e571e530
0x46d75a,0xcd28e571ed40
0x45528e,0xcd28e571ebe4
0x46d736,0xce138504bc90
0x4552b0,0xcd28e572c1c8
0x411d2f,0xcd28e572cda0
0x45ff7e,0xc911b24da4cc
0x447a20,0xcd28e5853d00
0x53cb5b,0xd6fa9538b398
0x53cacd,0xca49da3ac648
0x45ff7a,0x557be3013d2c
0x47338d,0xcd28e587bd94
0x47338d,0xcd28e5882774
0x45ff4d,0x28e837c8e818
0x443d2b,0xcd28e588c651
0x53cacd,0xca49da411e18
0x47338d,0xcd28e58925e4
0x47338d,0xcd28e589c53c
0x53cb5b,0xa040f2234f88
0x410b32,0xcd28e58b13a0
0x410c00,0xcd28e58b1358
0x473397,0xcd28e58b4f80
0x46d18d,0x5115330eb550
0x463a96,0x2149a6cabca0
0x410800,0xd4cb943c98e0
0x46d15e,0xc911b24ded70
0x45ff4d,0x28e837c9ed78
0x46d75a,0xcd28e58c0990
0x46d773,0xff3c8d611350
0x4106a7,0x998897f67288
0x5405e9,0x998897f67238
0x410b32,0xcd28e58c98d0
0x412cc0,0xcd28e58cc1d8
0x42ccad,0xaff5007fed70
0x45ff7a,0xcd28e58a23dc
0x443d2b,0xcd28e58d4721
0x45ff7a,0x7ebb3c7f510c
0x45ff62,0xcc2ca371a4f0
0x45ff7e,0xce13850210cc
0x53cacd,0x998897f88b88
0x463a8d,0xce1384fb5278
0x463aa3,0xcd28e58e7c7c
0x45ff89,0xdc4761b67a00
0x45ff7e,0xdc4761b6513c
0x46d75a,0xcd28e58e7cd0
0x410800,0x998897f8dfe0
0x473397,0xcd28e58f1e00
0x410887,0xcd28e58f1c40
0x410c00,0xcd28e58fbf78
0x460050,0xce1384fd5120
0x443d2b,0xcc2ca3775131
0x45ff56,0xd79e62b1e510
0x4106a7,0xcc2ca3847288
0x5405e9,0xcc2ca3847238
0x410c00,0xcd28e5906588
0x45ff62,0x98f5690dbf70
0x45ff56,0xcc2ca38e2740
0x46d75a,0xcd28e5918fc0
0x410c00,0xcd28e5919108
0x53cb5b,0x998897fb3558
0x45ff7a,0x464bc80f4f8c
0x45ff62,0xf775d3147210
0x46d18d,0x49950aac98e0
0x41091b,0xcd28e5891c48
0x45ff62,0x5115331401a0
0x45ff56,0xff3c8d5e7c40
0x45ff56,0xce13850f25d0
0x45ff7a,0xb3a8ecde728c
0x410b32,0xa040f205bf50
0x46d743,0xcc2ca376b578
0x410c00,0xa040f20608e8
0x53cb5b,0x71d5f3f25a88
0x463aa3,0xa040f206312c
0x46d773,0xd69328736740
0x410b32,0xa040f2067cf0
0x410b90,0xa040f2067c48
0x45ff56,0x9895a7c931c0
0x443d2b,0x28d7cf427cf1
0x410700,0xa040f2071340
0x46d743,0x7ebb3c7f6c38
0x53cb5b,0x7424745a5338
0x463a8d,0xc8d283509b8
0x473397,0xa040f2081180
0x443d2b,0xa040f20863b1
0x53cb5b,0x7424745b4708
0x46d193,0xbdae4aaf3d30
0x463e27,0xa040f2091370
0x46d15e,0xce13850709b0
0x46d151,0xbdae4aaf6c08
0x45ff56,0xdc4761bc5a90
0x463aa3,0xa040f20a018c
0x463e27,0xa040f20ac670
0x47338d,0xa040f20b2ed4
0x410c26,0xa040f20b6778
0x45ff62,0xb3a8ecd95100
0x46d773,0xcc2ca37e7a00
0x473397,0xa040f20bed40
0x46d773,0xd69328751e20
0x46001c,0xbf7dd5e5ed40
0x443d2b,0xa040f20c7a21
0x46d773,0xca49da3ac1e0
0x45ff90,0xdc4761ad1e00
0x47338d,0xa040f20cdff4
0x410800,0xf848bcf15130
0x53cb5b,0xf848bcf15258
0x45ff62,0xcd28e5765320
0x45ff56,0xff3c8d5cc640
0x46d75a,0xa040f20d31f0
0x47338d,0xa040f20d3564
0x45ff90,0x878ddfa25700
0x45ff89,0xa040f2131340
0x53cacd,0x8876f2fd4718
0x410b90,0xa040f20de508
0x473397,0xa040f20e10c0
0x473397,0xa040f20e1190
0x53cacd,0xf848bcf2e838
0x47338d,0xa040f20e5a84
0x53cacd,0xf848bcf31388
0x46d193,0xd6932874bcb0
0x45ff56,0xab2ecf387c50
0x46d773,0x998897fd4730
0x45ff7a,0xdc4761bd1e0c
0x45ff62,0xb7ac7a92c1c0
0x46d15e,0xa040f20edfd0
0x463e27,0xa040f20f1e10
0x45ff7e,0xa040f20f3d3c
0x46d75a,0xa040f20f8990
0x45ff7e,0x18291947bdbc
0x47338d,0xa040f2105134
0x47338d,0xa040f210533c
0x46d151,0xca49da334f88
0x463a96,0x6af9d6d11350
0x45ff62,0xca49da32cdb0
0x45ff7a,0xdc4761b072bc
0x47338d,0xa040f2114fa4
0x463a96,0x6af9d6d113a0
0x463e27,0xa040f2116410
0x410c00,0xa040f2116758
0x46d75a,0xa040f2118ff0
0x46d773,0xf848bcf54f80
0x47338d,0xa040f211ed44
0x463e27,0xa040f21211b0
0x443d2b,0xa040f2122741
0x4602e0,0xa040f21265b0
0x410c00,0xa040f2128b98
0x410b32,0xa040f2130fa0
0x443d2b,0xa040f213ebc1
0x46d15e,0xff3c8d5e7a30
0x46d193,0xf848bcf7e530
0x460050,0xc8d282c98e0
0x46d773,0xf848bcf80980
0x410c00,0xa040f2140d48
0x45ff62,0x182919460980
0x443d2b,0xd79e62b9a4c1
0x473397,0xa040f2147280
0x410c00,0xa040f215c518
0x463aa3,0xa040f215ed5c
0x463e27,0xa040f2166590
0x463a96,0x6af9d6d11c50
0x46d15e,0xce138516c640
0x45ff89,0xdc4761b2cd80
0x460050,0xa040f211a4f0
0x53cb5b,0x5115331410e8
0x46d75a,0xa040f2173540
0x443d2b,0xcd28e5887231
0x42ccad,0x1a64fc5d1380
0x409eee,0x1a64fc5d1378
0x53cb5b,0x1a64fc5d2ec8
0x45ff62,0x464bc80f0fa0
0x463a8d,0xa040f20f25e8
0x46d18d,0x1a64fc5ddc70
0x443d2b,0xa040f20f31f1
0x411557,0xa040f21925cc
0x443d2b,0xa040f2193d11
0x46d18d,0x1a64fc5e5300
0x463aa3,0xa040f21a276c
0x410800,0x1a64fc5ec660
0x410b32,0xa040f21a5330
0x45ff7e,0xce1385005120
0x45fece,0x28d7cf4210c0
0x45ff7a,0xcc2ca38e09a0
0x46d743,0xa040f2168bb8
0x45ff62,0xd9e9d66ba4c8
0x45ff56,0xc8d28354710
0x45ff56,0xcd28e5908b80
0x46d18d,0x46a8494a5110
0x463aa3,0xa040f21b3d2c
0x46001c,0x878ddfa41c40
0x473397,0xa040f21b9110
0x46d18d,0x998897f9e500
0x463e27,0xa040f21ba4d0
0x45ff4d,0x66598a7810e8
0x45ff4d,0x66598a7a11b8
0x463a96,0xd6fa9537a4d0
0x47338d,0xa040f21c5a94
0x42ccad,0xd9e9d664c670
0x45ff4d,0x6c537038d7a8
0x410887,0xa040f21ccd80
0x47338d,0xa040f21d09a4
0x53cacd,0x71d0d5876438
0x45ff56,0xbf7dd6027cc0
0x473397,0xa040f21da4c0
0x45ff56,0x71d0d59e5330
0x47338d,0xa040f21e5ab4
0x463e27,0xa040f21e7200
0x45ff62,0xf1720cbb1370
0x410b32,0xa040f21f1370
0x410700,0xa040f21f1380
0x47338d,0xa040f21f4714
0x5405e9,0x71d0d5885ab8
0x46d15e,0xc8d282e0190
0x46d15e,0xbf7dd5fb3d10
0x412cc0,0xa040f220dfc8
0x47338d,0xa040f2211c64
0x46d18d,0xf848bcf3dc60
0x4115a9,0xd9e9d66a6580
0x45eebb,0x28e837ce3118
0x46d736,0xcc2ca36f0fb0
0x53df0a,0x49950aa8bc90
0x451882,0xa040f2218ff8
0x456269,0xd9e9d66b5264
0x46d773,0xc8d2835356c
0x44962d,0xd9e9d66b89a8
0x46d75a,0xd9e9d66c01a0
0x451882,0xa040f2227a08
0x53e65a,0xa040f2045718
0x412c87,0xd9e9d66c47e8
0x4602cb,0xd9e9d66c5118
0x449609,0x66598a7d2ea0
0x44959a,0x66598a7d2ec0
0x449680,0xc2041aa78ff0
0x457432,0xd9e9d663ebf0
0x44962d,0x7ebb3c825728
0x45ee80,0xa040f2230f80
0x4518c8,0xa040f22331f8
0x45ff56,0x1719cc725c0
0x448b5a,0xa980922fbf48
0x451882,0xa040f222e808
0x463e27,0xa98092300190
0x456331,0xa98092300d40
0x45ff56,0xce1384fec1d0
0x45ee80,0xd9e9d664b390
0x45ff90,0xdc4761be0980
0x44959d,0xa7d08ad7bd80
0x44952d,0x49950aae5718
0x4494de,0xa040f2066380
0x448b5d,0xd9e9d66423e0
0x53e65a,0xa040f20698c8
0x456331,0xce1384f85110
0x4518c8,0x998897f65738
0x412c87,0xce1384f85ab8
0x448b5d,0xd9e9d66b1360
0x44959a,0xc48ca8ffc500
0x463aa3,0xce1384f8dfdc
0x53e62b,0xa040f2079110
0x456171,0xce1384f931c4
0x558f9a,0xce1384f93d10
0x411804,0x6c537036d7b0
0x46d773,0xcc2ca37109b8
0x451950,0x998897f75278
0x44959d,0x66598a7531c8
0x45eeb8,0xcd28e58d1c60
0x45fe42,0x11e281df9100
0x448b5d,0xc911b24d89a0
0x412cc0,0xd6fa9536e838
0x53df0a,0xaff5007b0f80
0x449609,0xd79e62b8cda0
0x447a40,0xcd28e5755260
0x456269,0xcd28e5755114
0x412cc0,0xce1384fb1348
0x4602c7,0xce1384fb13b8
0x411804,0xc48ca901bdb0
0x53df0a,0x71d5f3ff1360
0x4602cb,0x71d5f3fb1398
0x46d633,0x71d5f3ff1390
0x46d75a,0xce1384fc7a10
0x4495c3,0xd79e62b54700
0x456269,0xce1384fcb3a4
0x4494f2,0xaff5007c1c40
0x53e65a,0xa040f20a47d8
0x4537e7,0xcd28e58e7c7c
0x4494f2,0xa040f20a7a00
0x451882,0x998897f91348
0x44e194,0x998897f913b8
0x53e62b,0xcd28e57f3d20
0x456331,0xce1384fd9f80
0x45ff62,0x182919352e90
0x53df14,0x41d09e9acda8
0x44959a,0xd693286d0f80
0x457432,0xcc2ca386d7b0
0x412cc0,0xce1384fe1c68
0x449502,0x41d09e9b1c44
0x4494f2,0xa040f20b8980
0x4494ea,0xfafbfaaec648
0x53e62b,0xa040f20c23f0
0x45eeb8,0x998897f810c0
0x44e194,0xd9e9d6651378
0x44e248,0xd9e9d6651388
0x46d773,0xd9e9d65d0fb8
0x448b5a,0xd6fa95380d78
0x463e27,0xce1384ff2e80
0x412cc0,0xce1384ff5138
0x448b5a,0xce1384ff2ec8
0x45eeb8,0x998897fab550
0x463e27,0xce1384ff9110
0x45ff56,0xb3a8ecd95100
0x448b7a,0xcd28e5907c68
0x44959d,0xd693286ec1c8
0x448b7a,0xcd28e590c648
0x463aa3,0xce1385008b8c
0x46d773,0xce1384fac678
0x449609,0xd9e9d65f25d0
0x451882,0x998897fb6758
0x411804,0xd693287072a0
0x4495c3,0xce13850c7218
0x451882,0x998897fb9138
0x463e27,0xce13850125d0
0x53e62b,0xa040f20e7220
0x44959a,0xd6932871bd90
0x449609,0xce13850e7220
0x4495c3,0xce13850e7280
0x4494f2,0xa040f20e7280
0x448b5d,0xce1384fab560
0x451882,0xd9e9d6655138
0x456269,0xce138502b574
0x44952d,0x28d7cf4ec658
0x4494de,0xc8d2834bc80
0x4602cb,0xce1385031348
0x4561ac,0xce13850309b4
0x463e27,0xce13850331f0
0x4602cb,0xce1385034728
0x44959a,0xd79e62abebc0
0x558f9a,0xce1385033d00
0x411913,0xce1385033550
0x45ff7e,0xce1385020d60
0x559212,0xce1385038ff0
0x451882,0x998897fd3558
0x412cc0,0xce138503ed78
0x451882,0xcd28e57abc98
0x447a40,0xce1385045a90
0x411913,0xce1385045110
0x448b83,0xce1385001c40
0x45ff7e,0xc8d283465a0
0x412cc0,0xce138504c648
0x4494f2,0xbf7dd5eb6400
0x45eeb8,0xd6fa953863b0
0x45ee80,0xa040f206c670
0x45ff89,0xce13850623c0
0x449502,0x28d7cf3f5244
0x53df0a,0xd79e62b06580
0x44959d,0xd69328773d08
0x45eeb8,0xd9e9d6659100
0x448b5d,0xd6fa95385aa8
0x449680,0x4741a6440d70
0x448b5a,0xce138505ebd8
0x45eeb8,0x7424745a72b0
0x447a39,0xce1385060d70
0x4561ac,0xce1385065734
0x45ff56,0xdc4761b51e30
0x44959d,0xd69328778988
0x4518c8,0x7424745b3578
0x456198,0xce138506cdb8
0x45ee80,0xd9e9d665bda0
0x412cc0,0xce138506e808
0x44959d,0xce138513ed40
0x44e248,0x7424745b1e08
0x45fdfc,0xc8d28347a0c
0x463aa3,0xce1385078fcc
0x45eeb8,0xcd28e57c7cc0
0x45eea0,0xa040f2091e38
0x45eea7,0xa040f2091370
0x448b7a,0xa040f20913b8
0x4494de,0xa040f213bf40
0x45ff62,0x182919463130
0x46d633,0x2c2cbb4d0f80
0x451882,0xbdae4ab008c8
0x412c87,0xce1385087a08
0x4561ac,0xce138508c1f4
0x4537e7,0xa040f20a018c
0x558f9a,0xcd28e57d3540
0x451882,0xd9e9d665a4c8
0x411913,0xce138508cd90
0x463e27,0xd6fa9538cdb0
0x45ee80,0xbdae4ab07a20
0x463e27,0xce1385096770
0x447a40,0xce138509e530
0x45eea7,0xa040f20ac670
0x46d75a,0xce138509ed50
0x42ca41,0x28e837ccd798
0x456171,0xce138509ebf4
0x45ff90,0x66598a7ba4c0
0x53df0a,0x2c2cbb4f8980
0x456198,0xce13850a0998
0x45ee80,0xd9e9d6660980
0x44e194,0xbdae4ab10fb8
0x411913,0xce13850a01a0
0x44e194,0x97192ff91398
0x448b7a,0xa040f20b6438
0x45ee80,0xf848bcf0b3a0
0x4494ea,0x99d8269e47c8
0x463aa3,0xce13850be52c
0x45ff56,0xc8d2835bf48
0x4518c8,0xf848bcf11e38
0x412cc0,0xd6fa95392ea8
0x4115a9,0xd6fa95392ec0
0x44959a,0xcd28e5726390
0x44e248,0xd9e9d6662748
0x46d773,0xd9e9d65d4738
0x451882,0xf848bcf20988
0x412c87,0xce13850d4738
0x449502,0xa040f218dfc4
0x4561ac,0xce13850d4f84
0x45eeb8,0xf848bcf272b0
0x411804,0xd79e62ac5700
0x559212,0xce13850e8ba0
0x449502,0xa040f21a1184
0x4561ac,0xce13850f9124
0x45eeb8,0xd6fa95398980
0x44e194,0xf848bcf32ea8
0x45eeb8,0xf848bcf210c0
0x45eea7,0xa040f20f1e10
0x463aa3,0xce138510313c
0x4602cb,0xce13851047e8
0x456269,0xcd28e5803104
0x4561ac,0xce1385115114
0x558f9a,0xce1385115250
0x53df14,0xca49da3eb548
0x53e65a,0xcc2ca375dc68
0x45ee80,0xd9e9d6667a30
0x44e194,0xf848bcf4d788
0x53df14,0xd6932873c528
0x456198,0xce1385128bb8
0x4602c7,0xce138512c678
0x45ee80,0xd9e9d6667ce0
0x45eea7,0xa040f2116410
0x4064e3,0xcd28e58b2e98
0x53df14,0xf5d9bd187208
0x53e62b,0xa040f21d6c20
0x53df0a,0x2c2cbb576770
0x451882,0xf848bcf3e528
0x45eea0,0xa040f2121c78
0x45eea7,0xa040f21211b0
0x448b83,0xce13850f1340
0x42ca41,0x71d5f3f1a4e8
0x558f9a,0xce1385140d60
0x45eeb8,0xd9e9d66665b0
0x456171,0xce13851423d4
0x412cc0,0xce1385145738
0x45eeb8,0xf848bcf73540
0x411804,0x71d5f3f2cda0
0x45ee80,0xf848bcf73d00
0x45ff56,0xff3c8d5cc640
0x4602cb,0xce1385150fa8
0x558f9a,0xce13851525f0
0x451882,0xf848bcf74f88
0x463aa3,0xce1385152e9c
0x46d75a,0xce1385152ef0
0x4495c3,0xa7d08ad223c0
0x456269,0xce1385165734
0x45ee80,0x1a64fc5b2eb0
0x447a40,0xce1385168bb0
0x463e27,0xce13851731d0
0x456198,0xce1385173d28
0x44952d,0x11faa1766398
0x456171,0x67b1c33c1c44
0x456198,0x67b1c33c5708
0x451882,0x1a64fc5c47f8
0x45ff62,0xd79e62b1e510
0x4494f2,0xa040f22125c0
0x45eeb8,0x1a64fc5c23f0
0x4602cb,0x49950aae5308
0x4064e3,0xcd28e5900198
0x4537e7,0xa040f215ed5c
0x448b7a,0xa040f215ebf8
0x46d736,0xcc2ca36f25d0
0x45fe53,0x6c537033c500
0x45ff56,0x71d0d59247e0
0x447a40,0xcd28e571e530
0x45ee89,0x1a64fc5cc660
0x45eea7,0xa040f2166590
0x45ff4d,0x28e837c8e818
0x46d75a,0xcd28e571ed40
0x456171,0xcd28e571ebe4
0x45ff62,0x182919352e90
0x40b657,0xca49da3acd88
0x451950,0xcd28e585bf78
0x463e27,0xcd28e5725120
0x46d75a,0xcd28e5725320
0x44e194,0x1a64fc5ce828
0x448b5d,0xc8d283463a0
0x46d736,0xce138504bc90
0x456198,0xcd28e572c1c8
0x411913,0xcd28e572cda0
0x45ff7a,0x8d986902b38c
0x558f9a,0xa040f2216400
0x460050,0x49950aa8bc90
0x4552b0,0xa040f221e508
0x4552c0,0xa040f2227224
0x558f9a,0xa040f2227280
0x448b5d,0xfdfd3a8c3130
0x447a39,0xcd28e58a09b0
0x45eebb,0x28e837ce3118
0x46d633,0xd79e62c1bd80
0x4494ea,0x71d0d58ba4c8
0x410f2c,0xcd28e58b1358
0x410f8a,0xcd28e58b13a0
0x45ff7a,0x71d5f3ff1390
0x45ff56,0x11e281df9100
0x463a96,0x2149a6cabca0
0x45ff7e,0xaff5007b0f80
0x559212,0xcd28e58b8fc0
0x46d736,0xc911b24ded70
0x46d75a,0xcd28e58c0990
0x410f8a,0xcd28e58c98d0
0x412cc0,0xcd28e58cc1d8
0x45528e,0xcd28e58cdfc4
0x53ffd1,0xd79e62c408f8
0x44952d,0xd79e62c40998
0x451882,0x1a64fc5eb578
0x45ee89,0x1a64fc5ebcb0
0x53df14,0x6c5370331388
0x44952d,0x6c5370331348
0x45ee80,0xa040f21a5a80
0x460050,0x71d5f3ff1360
0x46d75a,0xcd28e58e7cd0
0x448b5d,0xce1384fb5278
0x45ff62,0x1719cc725c0
0x4552c0,0x998897f96404
0x410f2c,0xcd28e58fbf78
0x45736c,0xce1384fd5120
0x45528e,0xcd28e59010e4
0x4552b0,0xcd28e5901c58
0x463a8d,0xfafbfaaec648
0x40d2a0,0x998897fa0980
0x45ee80,0x1a64fc5f25d0
0x451882,0x1a64fc5f1388
0x4518c8,0x1a64fc5f1378
0x451950,0x46a8494a3138
0x448b7a,0xa040f21ae808
0x4537e7,0xa040f21b3d2c
0x46d743,0xd9e9d65d0fb8
0x4552b0,0x998897fa63b8
0x410f2c,0xcd28e5906588
0x45ff56,0x28d7cf4ec658
0x45528e,0xcd28e5907cc4
0x447a20,0xcd28e59098f0
0x448b5a,0xcd28e590c648
0x46d743,0xce1384fac678
0x46d75a,0xcd28e5918fc0
0x410f2c,0xcd28e5919108
0x4552b0,0xa040f203bd98
0x45eea7,0xa040f21ba4d0
0x45ee80,0x998897fc3110
0x45ff7e,0xd79e62b06580
0x410f8a,0xa040f205bf50
0x4552c0,0x998897fd9134
0x410f2c,0xa040f20608e8
0x463aa3,0xa040f206312c
0x46d773,0xcc2ca376b578
0x45528e,0xa040f2067a04
0x410f25,0xa040f2067c48
0x410f8a,0xa040f2067cf0
0x4552c0,0xa040f206c670
0x447a20,0xa040f2071c70
0x53e65a,0x49950aac7a08
0x451882,0xa040f21d4fb8
0x45ee80,0xa040f21d4720
0x53df14,0xa7d08ad4cdb8
0x4494ea,0xf5d9bd1410c8
0x45ee80,0x998897fc5100
0x53df0a,0xa7d08ad7bf60
0x456269,0x7424745a63a8
0x45ff62,0xd9e9d66b1360
0x448b5d,0x98f5690dbf70
0x46d773,0x7ebb3c7f6c38
0x448b5d,0xc8d283509b8
0x46d773,0xcd28e58a23dc
0x559212,0xa040f2088ba0
0x463e27,0xa040f2091370
0x46d736,0xce13850709b0
0x46d75a,0xbdae4ab07230
0x40d29a,0xbdae4ab07298
0x53e65a,0x49950aa76758
0x4494de,0x5829a6ec8b80
0x53e65a,0xf5d9bd1498d8
0x45ee80,0x71d0d58810f0
0x46d633,0x5829a6ed6c00
0x45ee80,0xa040f21e7ce0
0x45eea7,0xa040f21e7200
0x45ee80,0xbdae4ab07cd0
0x451882,0xbdae4ab06588
0x463e27,0xa040f20ac670
0x447a20,0xa040f20b4700
0x410f4f,0xa040f20b6778
0x558f9a,0xf848bcf0b570
0x448b5d,0x5115331401a0
0x4552b0,0xa040f20c47d8
0x45ee80,0x71d0d5887290
0x451882,0xbdae4ab098d8
0x4552c0,0xf848bcf201a4
0x46d75a,0xa040f20d31f0
0x4552b0,0xa040f20ded78
0x410f25,0xa040f20de508
0x45ff7a,0xcc2ca38e09a0
0x559212,0xa040f20e8bb0
0x4552b0,0xa040f20f0f98
0x46d736,0xa040f20edfd0
0x463e27,0xa040f20f1e10
0x46d75a,0xa040f20f8990
0x46d773,0xbf7dd5fb31d0
0x4552b0,0xa040f2105708
0x463a96,0x6af9d6d11350
0x448b63,0xce13850f25d0
0x463a96,0x6af9d6d113a0
0x45ff56,0xce13850f1340
0x410f2c,0xa040f2116758
0x46d75a,0xa040f2118ff0
0x4552b0,0xf848bcf65318
0x448b5d,0xcc2ca371a4f0
0x410f2c,0xa040f2128b98
0x4552b0,0xa040f212cd88
0x410f8a,0xa040f2130fa0
0x558f9a,0xf848bcf79100
0x448b83,0xff3c8d5e7c40
0x46d736,0xff3c8d5e7a30
0x410f2c,0xa040f2140d48
0x45736c,0xc8d282c98e0
0x4552b0,0x1a64fc5b5268
0x4552b0,0xa040f2158fd8
0x410f2c,0xa040f215c518
0x4552c0,0xa040f2162744
0x463a96,0x6af9d6d11c50
0x45ff56,0x6c5370331348
0x46d736,0xce138516c640
0x457432,0xa040f211a4f0
0x46d75a,0xa040f2173540
0x448b5d,0xa040f20f25e8
0x45fd16,0xa040f2131340
0x411557,0xa040f21925cc
0x46d773,0xa040f20f3d3c
0x4552c0,0xa040f2192e94
0x558f9a,0xa040f2192ef0
0x4552b0,0x1a64fc5e7228
0x4552b0,0xa040f219dc78
0x447a40,0xa040f21a08c0
0x410f8a,0xa040f21a5330
0x45528e,0xd6fa95373d24
0x46d773,0xa040f2168bb8
0x4552b0,0xa040f21c2768
0x463a96,0xd6fa9537a4d0
0x558f9a,0x998897fa5100
0x447a40,0x998897fc5300
0x45ff90,0x66598a7ba4c0
0x4552c0,0x71d0d58811a4
0x45528e,0xa040f21e72a4
0x4552b0,0xa040f21e7c78
0x4552b0,0x7424745ac1d8
0x558f9a,0xbdae4ab0b380
0x410f8a,0xa040f21f1370
0x45528e,0xa040f21f6c24
0x46d736,0xc8d282e0190
0x46d736,0xbf7dd5fb3d10
0x412cc0,0xa040f220dfc8
0x558f9a,0xa040f220e820
0x45ff62,0xff3c8d5cc640
0x447a20,0xf848bcf223c0
0x45ff56,0xbf7dd6027cc0
0x45ff7a,0xbf7dd6027c6c
0x46d193,0x71d5f3e9c530
0x45ff56,0xcc2ca37a09a0
0x45ff62,0xd9e9d66098f0
0x473397,0x96b180065718
0x463aa3,0x96b18006cdbc
0x412cc0,0xf1720cb94708
0x53cacd,0xce1384ff09a8
0x45ff89,0x878ddfa25700
0x443d2b,0x8ac8846865a1
0x45eea0,0x8ac884687a38
0x45ff56,0x66598a7e7290
0x45ff62,0x71d0d593a4f0
0x47338d,0x8ac88468e82c
0x45fd16,0xa7d08ad26580
0x45ff4d,0x28e837c9ed78
0x45ff62,0xdc4761b51e30
0x410700,0x8ac884691c40
0x47338d,0x8ac884691e14
0x45ff62,0x71d0d59e5330
0x53cacd,0xe7c8f385118
0x46d773,0xce1385099f80
0x46d18d,0x71d5f3f210e0
0x53cacd,0x71d5f3f21188
0x47338d,0x8ac8846a63a4
0x47338d,0x8ac8846a65ac
0x5405e9,0xc8d28282778
0x443d2b,0x8ac8846a5301
0x45ff7e,0x464bc80f4f8c
0x45ff56,0xb3a8ecd95100
0x45ff7a,0xdc4761b6513c
0x412cce,0x8ac8846b6c11
0x47338d,0x8ac8846ba4f4
0x443d2b,0xfafbfaad1351
0x46d193,0x557be3059130
0x5405e9,0xd79e62b05338
0x410c26,0x8ac8846bbdb8
0x45ff90,0xdc4761ad1e00
0x47338d,0x8ac8846c11b4
0x410725,0x8ac8846c10c0
0x46d75a,0x66598a841c70
0x45ff4d,0x28e837c8e818
0x53df0a,0x7ebb3c819120
0x53e068,0xf848bcf3dc60
0x53cb5b,0x28d7cf583118
0x451882,0x7ebb3c890fa8
0x410c00,0x7ebb3c892e90
0x410b32,0x7ebb3c892ec0
0x443d2b,0x7ebb3c89e501
0x46091a,0x5115330cbcb8
0x448b5a,0x5115330c47c8
0x463aa3,0x6af9d6d125cc
0x4561ac,0x6af9d6d12ed4
0x456198,0x6af9d6d12e98
0x447a40,0x6af9d6d15100
0x46d736,0x6af9d6d19120
0x42d894,0x8ac8846cdff8
0x559fe0,0xe7c8f3c47f8
0x42d8cd,0xab8966efe508
0x447a20,0x8ac8846cb570
0x494c73,0x5115331098f0
0x448b5d,0x557be307dc50
0x4494ea,0x7cb731a54708
0x4518c8,0x8ac8846e8bb8
0x4494ea,0x7ebb3c825a88
0x400530,0x28e837cdc530
0x45ee80,0x8ac8846f0980
0x4561ac,0x8ac8846e7cd4
0x45ee80,0x8ac8846e6590
0x44e194,0x8ac8846e5308
0x45ee80,0x8ac8846bc510
0x45ee89,0x8ac8846fa4e0
0x448b7a,0x8ac8846c0d58
0x44952d,0x1d8d5dacbc98
0x45528e,0x8ac884698984
0x558f9a,0x8ac884702750
0x4552c0,0x8ac8846ec1e4
0x448b7a,0x8ac8846a47f8
0x4552b0,0x8ac884705308
0x448b7a,0x8ac8846ab568
0x45eeb8,0x8ac8847072a0
0x451882,0x8ac8846b2eb8
0x447a39,0x8ac8846b1c70
0x4552c0,0x8ac8846b25f4
0x44952d,0x5829a6ee6388
0x4552b0,0x8ac88470c1c8
0x4552b0,0x8ac8846c5728
0x45ee80,0x8ac8846c7cd0
0x448b7a,0x8ac8846c7238
0x45528e,0x8ac8846c7294
0x4552b0,0x8ac8846c7c68
0x448b7a,0x8ac8846c98f8
0x46d614,0xf5d9bd173540
0x45ee80,0x8ac884711340
0x451882,0x8ac884714708
0x558f9a,0x8ac884715120
0x559fe0,0x2c2cbb507ce8
0x4518c8,0x8ac884725338
0x449502,0xf5d9bd18c644
0x53df14,0x11faa1746398
0x44952d,0xc8d28305118
0x44952d,0x7cb731990f98
0x53e5fc,0xc677dabecdb8
0x45ee80,0x8ac884722760
0x53e5fc,0xa1abd7fe08f8
0x44952d,0xa1abd7fe0998
0x45fe42,0xbf7dd5e601a0
0x45eeb8,0x8ac8847401a0
0x45ee80,0x8ac8847423d0
0x53e65a,0xd79e62ab1c68
0x451882,0x8ac884740988
0x53df0a,0x71d5f3f50f80
0x45eea0,0x8ac88471bf78
0x45ee80,0x8ac884747280
0x451882,0x8ac884746388
0x46d614,0xa67864946380
0x45eeb8,0x8ac8847465a0
0x45eea7,0x8ac88474c650
0x449502,0xd79e62b4b544
0x45ee80,0x4d2bb47c6580
0x494c73,0x5115330c10e0
0x494c73,0x71d5f3f94f80
0x559212,0xbcd57edf8fd0
0x46d75a,0x8ac88471c500
0x460a83,0x8ac88471ebd9
0x45528e,0x8ac884721c74
0x558f9a,0x8ac8847247c0
0x45736c,0x8ac884754718
0x447a14,0x8ac88472b544
0x46d773,0x8ac884756430
0x412c87,0x8ac884727a08
0x4552c0,0x8ac884733544
0x411c2e,0x8ac884735138
0x448b63,0x8ac88475c508
0x4552c0,0x8ac884736c04
0x411c2e,0x8ac884736428
0x411c2e,0x8ac884725718
0x4602e0,0x8ac884738980
0x460a83,0x8ac884739f89
0x46d736,0xfaef35b45a90
0x447a20,0x8ac88473bf50
0x559212,0x8ac88473bd80
0x46d773,0x8ac8847647f0
0x46d75a,0x8ac884720d40
0x45736c,0x8ac884767218
0x448b63,0x8ac884767288
0x4552c0,0x8ac8847447e4
0x4552b0,0x8ac884745a98
0x460a83,0x8ac884745319
0x460bc0,0xb381a59100
0x4552b0,0x8ac88471bd88
0x4552b0,0x8ac884747218
0x46d773,0x8ac884773d30
0x411d2f,0x8ac884747c50
0x53de87,0x7ebb3c81bf70
0x411c2e,0x8ac88474b578
0x4552c0,0x4d2bb47c63b4
0x410700,0x71d0d592dfc0
0x45eea7,0x8ac8847809b0
0x45ee80,0x4d2bb47d0fb0
0x45fdff,0x8ac884753d0c
0x45ee80,0x54c43c6072b0
0x4537e7,0x54c43c6131cc
0x4518c8,0x54c43c615278
0x53e65a,0xd79e62bded58
0x456331,0x8ac88472d790
0x45eea7,0x54c43c61ebe0
0x53e62b,0xd79e62c35120
0x45eeb8,0xe930e6ba98f0
0x45fdd7,0xa040f20a23c0
0x45ee80,0xa5b15261ebc0
0x451882,0xa5b1526211a8
0x448b7a,0xa5b152627c58
0x448b5d,0x8ac884760180
0x45eeb8,0x8ac884734f80
0x45fdfc,0x8ac8847610cc
0x4494f2,0x6c5370373d00
0x45eeb8,0xa5b15263c500
0x449502,0xaff5007e8b84
0x53e62b,0x6c53703a5720
0x4518c8,0xa5b15263a4f8
0x45eea0,0xa5b152645738
0x451882,0x71d0d5921c68
0x45ee80,0xa5b152651340
0x53e62b,0xa7d08ad31c50
0x45ee80,0x71d0d5928ba0
0x451882,0xa5b152655118
0x53df0a,0xaff5007f8990
0x451882,0xa5b15265a4c8
0x45eea7,0xa5b152665330
0x451882,0x8ac8847408e8
0x45eeb8,0xa5b152674700
0x45eeb8,0xa5b152676c30
0x4537e7,0xa5b152678ffc
0x53df0a,0xaff5007e7a20
0x448b5d,0x8ac8847725c0
0x53e65a,0x1a70aa6f1e38
0x53e62b,0x1a70aa6f3d20
0x45fe42,0xd79e62b21c70
0x447a14,0x8ac8847810c4
0x451882,0xbd7c099ed798
0x45eea0,0xbd7c099f1c78
0x46d614,0x1a70aa6f6400
0x448b7a,0x2e448da265b8
0x4537e7,0x2e448da2720c
0x44e194,0xbd7c099f2ea8
0x45fe42,0xbf7dd5e61c70
0x451882,0x2e448da2bca8
0x46d75a,0x54c43c5fe530
0x44e194,0x2e448da40198
0x45eeb8,0x2e448da411b0
0x53e62b,0x1a70aa706580
0x451882,0x2e448da408e8
0x448b7a,0x2e448da472a8
0x44e248,0x2e448da40d48
0x46d773,0x2e448da4c640
0x456198,0x54c43c6010c8
0x456198,0x54c43c6011a8
0x46d614,0xff3c8d621c48
0x451950,0x54c43c6001b8
0x4494ea,0x1a70aa70d788
0x451882,0x54c43c600998
0x53df0a,0xd693287698e8
0x448b7a,0x2e448da66598
0x44e194,0x54c43c606388
0x45ee80,0x2e448da6c1c0
0x46d614,0xff3c8d627a00
0x53df14,0x2c2cbb5cc658
0x45ee89,0x2e448da725f0
0x449502,0xff3c8d5bdc40
0x53e65a,0x2c2cbb432e98
0x53e62b,0x1a70aa7247e0
0x53e62b,0x1a70aa7263a0
0x451882,0x2e448da8d7b8
0x456269,0x54c43c60dfd8
0x44e194,0x2e448da8dfe8
0x447a40,0x54c43c613d00
0x559212,0x54c43c618fd0
0x46d773,0x2e448da9bd90
0x410f2c,0x54c43c6247d8
0x412cc0,0x54c43c636758
0x447a40,0x2e448daa1180
0x447a14,0xe930e6ba5aa4
0x558f9a,0x54c43c63c510
0x447a20,0xa5b15262cda0
0x447a20,0xa5b152632ec0
0x558f9a,0xa5b152632ea0
0x412cc0,0xa5b152639fa8
0x559212,0xa5b1526389a0
0x46d75a,0xa5b152640d60
0x4552b0,0xa5b1526513b8
0x46d75a,0xa5b152660d40
0x46d736,0x2e448dab5270
0x410f2c,0xa5b152671e38
0x45fdfc,0x9895a7cfdc4c
0x4552c0,0xa5b15267ebc4
0x448b83,0x2e448daba4c0
0x46d773,0x9ae076611c70
0x4552b0,0xa5b152692ed8
0x411557,0xa5b152698fcc
0x448b83,0x2e448dabe500
0x45736c,0x1d8d5dacc648
0x410f2c,0x4d2bb47bebc8
0x558f9a,0x2e448da27c50
0x45528e,0x2e448da325c4
0x46d773,0x2e448dac5110
0x411557,0x2e448da331cc
0x45528e,0x2e448da34fa4
0x558f9a,0x2e448da3c530
0x4552b0,0x2e448da47cd8
0x4552b0,0x2e448da50988
0x448b63,0x2e448dacb388
0x46d773,0x7cb73199c520
0x46d773,0x2e448dad0f80
0x447a39,0x2e448da73570
0x412c87,0x2e448da75138
0x410f8a,0x2e448da75260
0x558f9a,0x2e448da7a4f0
0x412cc0,0x2e448da8c668
0x4552b0,0x2e448da8cd88
0x0,0xca49da32cdb0
0x412cc0,0x2e448da90fa8
0x45528e,0x2e448da96c34
0x42d5e0,0x7ebb3c899fac
0x494c73,0xcc2ca38210f0
0x494c73,0x7ebb3c7d4fb0
0x443d2b,0x7ebb3c89e501
0x45ff56,0xca49da32cdb0
0x451882,0x7ebb3c890fa8
0x410c00,0x7ebb3c892e90
0x45ff62,0xd9e9d66098f0
0x45ff7a,0xbf7dd5ee7cec
0x494c73,0xd79e62a58fd0
0x494c73,0x66598a823100
0x494c73,0x8a4feef6b380
0x494c73,0x28e837c90fb0
0x494c7e,0x8a4feef75138
0x494c93,0x6af9d6d201b8
0x447a40,0x8a4feef51350
0x4552b0,0xff3c8d5b5268
0x4494ea,0xf5d9bd0febc8
0x412c87,0x2e448daded58
0x41091b,0x7ff68728bc88
0x47338d,0x2e448dae639c
0x443d2b,0x2e448dae7c71
0x45ff56,0xa7d08ad12ee0
0x410c26,0x2e448daebcb8
0x443d2b,0x2e448daf0f91
0x5405e9,0xd9e9d66408f8
0x45ff56,0xd79e62b9dc50
0x412c87,0x2e448daf1c58
0x45ff4d,0x6c537038d7a8
0x410b32,0x2e448daf6760
0x53cb5b,0xcc2ca38b8fd8
0x45ff62,0xff3c8d5d1e10
0x45ff62,0x66598a7e7290
0x45ff7e,0x878ddf9e658c
0x46d181,0xb381a408c0
0x53cb5b,0xb381a40988
0x45ff90,0xa040f2127c40
0x494c73,0xbf7dd5f913b0
0x4561ac,0x71d0d59325c4
0x45ff89,0xdc4761a98fc0
0x45ff7e,0xa040f204513c
0x45ff7e,0xab2ecf44b3bc
0x53e65a,0xcd28e587dc48
0x45fd16,0x2e448db2e800
0x410f2c,0x2e448db26398
0x448b83,0x2e448db30f80
0x412cc0,0xa7d08ad54fa8
0x53cacd,0xcc2ca37389a8
0x53cacd,0xcc2ca3707cc8
0x410c00,0x2e448db34f88
0x45ff7a,0xdc4761b6513c
0x46d743,0xc8d281c08f8
0x412c87,0x2e448db40d68
0x46d15e,0xa040f2127a20
0x443d2b,0x2e448db4b551
0x46d15e,0xc8d281e11b0
0x412c87,0x2e448db4c1e8
0x473397,0x2e448db4c648
0x53cacd,0x2e448db4e818
0x443d2b,0xbf7dd5eb9101
0x47338d,0xcc2ca381642c
0x456269,0x2e448db5ebc8
0x448b7a,0x2e448daf6418
0x46d633,0x1a70aa732e80
0x449502,0x1a70aa732ec4
0x0,0x28e837c92ea8
0x456269,0x2e448db5ed48
0x558f9a,0x2e448db6c1e0
0x45eeb8,0xa5b152654710
0x447a20,0x2e448db71e30
0x559212,0x2e448daf89a0
0x45ee89,0x2e448db74720
0x42ca41,0x28d7cf594f80
0x45ff4d,0x28e837c8e818
0x45ff4d,0x28e837c92ea8
0x412c87,0x71d0d5932ec8
0x443d2b,0x71d0d595bf41
0x456198,0x71d0d5935108
0x494c73,0x71d0d5963110
0x494c73,0x7ebb3c801c50
0x494c73,0xce138510e830
0x494c73,0xbf7dd5fa08d0
0x494c93,0x71d0d59698f8
0x494c73,0x7ebb3c7bed60
0x494c73,0x7ebb3c7dc500
0x410700,0x5829a6ed9f80
0x447a40,0x5829a6ee2770
0x45ff7e,0xb7ac7a978fcc
0x451882,0x71d0d5933548
0x558f9a,0xafe0999ce800
0x448b7a,0x2e448db4dfc8
0x45eea7,0x202442f2c650
0x4494de,0x1a70aa74c640
0x558f9a,0x2e448db36750
0x53df14,0xcd28e57408e8
0x4552b0,0x2e448db423f8
0x45eeb8,0x2e448db801b0
0x4494de,0x1a70aa752e80
0x44952d,0x1a70aa752ed8
0x45528e,0x2e448db53564
0x45ff89,0x66598a7ba4c0
0x410700,0x5829a6ef4700
0x45ff56,0x1719cc725c0
0x45ff7a,0x8d986902b38c
0x45ff7e,0xcc2ca38e09a0
0x47338d,0x8ac8846d0fac
0x558f9a,0x8ac884715120
0x4561ac,0x8ac884715264
0x5405e9,0x71d0d5891c78
0x463aa3,0x6af9d6d125cc
0x456198,0x6af9d6d12e98
0x4561ac,0x6af9d6d12ed4
0x447a40,0x6af9d6d15100
0x559fe0,0xb66056942768
0x494c97,0xcc2ca3755248
0x4602e0,0xa7d08ad7ebf8
0x558f9a,0xd79e62bbc530
0x46d75a,0xd79e62bc47d0
0x443d2b,0x7cb731b12e91
0x456198,0xd79e62bc3128
0x449824,0x464bc80dbf50
0x45ff7a,0xc8d282401ac
0x45ff62,0x2e448db87220
0x45fd16,0xd79e62bc5a80
0x46d743,0xc8d282f0f88
0x451950,0xd79e62bc23f8
0x53cacd,0xce1385085a88
0x44959d,0x28d7cf5931d0
0x463a96,0x28e837ca08f8
0x412999,0x2e448db8c1e0
0x410800,0xab2ecf3925e0
0x410b32,0x2e448db931f0
0x463a8d,0x71d0d59d0fa8
0x46d18d,0x5115330ec1f0
0x45ff62,0xb3a8ecdd3d00
0x410c26,0x2e448dba01b8
0x42ccad,0xa040f21d8ff0
0x46d743,0x66598a7e7228
0x410800,0x7ebb3c835260
0x45ff7a,0xdc4761ad355c
0x53cb5b,0x203e00140d48
0x47338d,0x2e448dbab544
0x410b90,0x2e448dbab388
0x45ff56,0xce13850f25d0
0x494c82,0x66598a7f8988
0x494c7e,0x66598a807c78
0x494c73,0x66598a825a80
0x46d75a,0x66598a841c70
0x494c73,0xd79e62c40190
0x494c93,0x71d0d5a13578
0x494c73,0x7ebb3c7dbda0
0x494c73,0xa213218b560
0x447a40,0x2e448dbb4f90
0x473397,0xbcd57edf9118
0x46d18d,0xa678649a1180
0x456269,0x55c693e4d7b8
0x494c73,0x28e837c90fb0
0x449609,0xf5d9bd173540
0x46d633,0x1a70aa756c00
0x45eea7,0x8ac88474c650
0x411804,0x46a8494a65b0
0x45ee80,0x55c693e52eb0
0x45ff4d,0x6c5370392e88
0x443d2b,0xdc4761a8b381
0x5405e9,0xce13850c08f8
0x53cacd,0xce13850c09b8
0x5405e9,0x71d0d5a208f8
0x53cacd,0x71d0d5a209b8
0x5405e9,0xcd28e577ed78
0x463e27,0x11faa1774700
0x412755,0x11faa1773550
0x412c87,0x11faa1771c58
0x47338d,0x11faa1771e2c
0x53cb5b,0x71d0d5a27c48
0x412cc0,0x11faa1779f98
0x45ff7e,0xab2ecf44b3bc
0x412c87,0x11faa177e528
0x45ff4d,0x6c5370392ec8
0x473397,0xd79e62b75108
0x46d18d,0x71d0d5a3bf50
0x46d18d,0x3a044725bd90
0x412743,0x11faa1795138
0x46d193,0x71d0d5a47c70
0x46091a,0x11faa179c538
0x463e27,0x11faa17a10e0
0x45fece,0xbf7dd5e61c70
0x463e27,0x11faa17a23d0
0x412743,0x11faa17a2768
0x53cb5b,0x41d09e9c01b8
0x409eee,0x7ebb3c7f6778
0x46d193,0x71d0d5a601b0
0x47338d,0x11faa17a638c
0x46001c,0xd79e62b21c70
0x412cc0,0x11faa1794718
0x412755,0x7cb731a53d00
0x463aa3,0x11faa17be51c
0x443d2b,0xdc4761aa7ce1
0x412743,0x11faa17bdc78
0x409edb,0xd79e62ab1368
0x53cacd,0xd79e62ab1388
0x463a8d,0xdc4761aabcb8
0x443d2b,0x2e448dbbebe1
0x443d2b,0x2e448dbbed41
0x46d18d,0x932ec4047c50
0x53cacd,0x932ec4047cf8
0x443d2b,0xdc4761ab1341
0x46d181,0xcc2ca388c1c0
0x53cb5b,0x11faa17d9138
0x4602e0,0x11faa17debc0
0x4608f0,0xd79e62b13558
0x53cb5b,0x66598a756768
0x412cc0,0x11faa17e3128
0x443d2b,0xdc4761ab5241
0x473397,0x11faa17e8b98
0x53cacd,0xd693286febd8
0x45ff7e,0xb3a8ecde728c
0x46091a,0x11faa17ebcb8
0x53cacd,0xd79e62c4c658
0x412755,0x99d826a023d0
0x443d2b,0x2e448dbc5a81
0x412cc0,0x11faa17fdc78
0x409eee,0x11faa17febf8
0x5405e9,0xce1385127a38
0x4608f0,0xa1abd7fddc68
0x47338d,0x11faa18023dc
0x463aa3,0x11faa180572c
0x47338d,0x11faa1805a8c
0x46d151,0x932ec4087288
0x47338d,0x11faa17f9f9c
0x45ff56,0xb3a8ecd95100
0x5405e9,0x28e837cf1c78
0x46d75a,0x11faa180b390
0x412c87,0x11faa18125f8
0x443d2b,0xce13850b4f81
0x45ff90,0xdc4761ad1e00
0x4608f0,0xf5d9bd198988
0x46d729,0xc8d281c5108
0x53cacd,0xff3c8d5fa4c8
0x463aa3,0x11faa1819fac
0x46091a,0x4741a6425138
0x443d2b,0xdc4761acc641
0x47338d,0x11faa181ebdc
0x45ff7e,0x7cb73199c520
0x412743,0x11faa1820d58
0x46001c,0xa040f20a23c0
0x4115a9,0x11faa1814f80
0x412755,0xff3c8d6223c0
0x47338d,0x11faa18247ec
0x463aa3,0x11faa182c65c
0x46d18d,0x7ebb3c88bcb0
0x45ff4d,0xa7d08ad75108
0x47338d,0x11faa183642c
0x53cacd,0xcc2ca3876748
0x45ff62,0x18291930dfc0
0x53cb5b,0xbf7dd5fc10e8
0x473397,0x11faa183ebd8
0x45ff56,0x66598a83e510
0x47338d,0x11faa184019c
0x473397,0x11faa184dfc8
0x45ff89,0x878ddfa25700
0x412755,0xf5d9bd080980
0x4608f0,0xce13850063b8
0x412c87,0x11faa18525d8
0x46091a,0x11faa17f4728
0x45ff62,0xdc4761af4fb0
0x53cacd,0xafd74f958fe8
0x5405e9,0x11faa1851e38
0x46d18d,0x6c6f1e4c5a80
0x45ff56,0xc8d28316770
0x46d18d,0x878ddf9f8980
0x45ff62,0xf5d9bcff5100
0x473397,0x11faa186bc98
0x409edb,0x11faa185c538
0x45ff62,0xbf7dd6016c20
0x473397,0x11faa1874708
0x45ff62,0xab2ecf387c50
0x4608f0,0xf5d9bd111c78
0x46d151,0xafd74f980988
0x53cb5b,0x71d5f3ee1c48
0x412cc0,0x11faa1879128
0x45ff7e,0xdc4761afc51c
0x4608f0,0xb7ac7a9a0d68
0x443d2b,0xdc4761af2ea1
0x45ff7e,0x464bc80e0d7c
0x45ff7a,0xdc4761b01c7c
0x45ff7e,0xdc4761afe53c
0x443d2b,0xdc4761af4701
0x46d18d,0xcd28e5808ba0
0x409edb,0xcd28e5816418
0x412cce,0x11faa188c651
0x412755,0xcd28e57ee810
0x4608f0,0xa040f2056768
0x409edb,0x2c2cbb474738
0x409edb,0x11faa1891c48
0x412755,0x11faa18925c0
0x473397,0x11faa1893d08
0x45ff7e,0xdc4761b072bc
0x45ff56,0x182919352e90
0x46d18d,0x7ebb3c862770
0x409eee,0x11faa18ad7b8
0x53cb5b,0x7ebb3c84c658
0x46000d,0x6c537033c500
0x45ff56,0x182919362740
0x443d2b,0xdc4761b05321
0x412768,0x11faa18bbd88
0x4608f0,0xf5d9bd0b8fc8
0x47338d,0xd79e62c12e9c
0x45fece,0xff3c8d5e7c40
0x4608f0,0x5115330f5128
0x463aa3,0x11faa18cc1cc
0x46091a,0xff3c8d60d7a8
0x443d2b,0xdc4761b0b3a1
0x47338d,0x11faa18ce81c
0x412743,0x11faa18d0998
0x46d151,0xcd28e5730f88
0x47338d,0x11faa18d356c
0x45fece,0xcc2ca371a4f0
0x53cacd,0xb7ac7a988b88
0x463aa3,0x11faa18d910c
0x47338d,0x11faa18e08cc
0x47338d,0x11faa18e099c
0x53cb5b,0xcd28e5851388
0x45ff89,0xdc4761b2cd80
0x47338d,0x7ff68728dfdc
0x47338d,0x7ff68729139c
0x409edb,0xce138500dfe8
0x45ff7e,0x18291937ebec
0x412c87,0x7ff68728cda8
0x463aa3,0xe7c8f378fdc
0x4115a9,0xe7c8f379100
0x412768,0xe7c8f37a4c8
0x45ff4d,0xa7d08ad75278
0x45ff7e,0x1829193931cc
0x46d181,0xafd74f954700
0x53cb5b,0xe7c8f37bf48
0x463aa3,0xe7c8f37dc4c
0x45ff4d,0x28e837c9ed78
0x45ff4d,0x6c537038dfc8
0x46d773,0xdc4761b210d0
0x46d18d,0xce1384f95270
0x53cb5b,0x49950aa608f8
0x412719,0xe7c8f391c48
0x45ff62,0x1829193a98e0
0x46001c,0x5115331401a0
0x45ff62,0x11faa17b6c10
0x47338d,0xe7c8f398fec
0x45ff62,0x464bc80a7a10
0x46d75a,0xe7c8f3a7220
0x412c87,0xe7c8f3a7288
0x46d193,0xff3c8d62bcb0
0x463aa3,0xe7c8f3ac65c
0x46091a,0xf5d9bd056418
0x46d773,0xdc4761b32e90
0x47338d,0xe7c8f3abcac
0x412768,0xe7c8f3b4708
0x463a96,0x2c2cbb556c00
0x412c87,0xe7c8f3a8ba8
0x53cacd,0xe7c8f3b5258
0x463aa3,0xe7c8f3b911c
0x409edb,0x24d6558cd798
0x45feea,0xcd28e58a23dc
0x443d2b,0x2e448dbe5a81
0x463e27,0xe7c8f3c5120
0x45ff7e,0x464bc80f4f8c
0x45ff62,0x71d0d59c0d60
0x46d75a,0xe7c8f3c5320
0x412cc0,0xe7c8f3cb578
0x412c87,0xe7c8f3ce818
0x46d193,0x7ebb3c8665b0
0x46001c,0x98f5690dbf70
0x409edb,0x71d5f3ee5718
0x5405e9,0xb7ac7aa063b8
0x412719,0xe7c8f3d6748
0x45ff56,0xdc4761b525f0
0x46d773,0x6780b4625ab0
0x45ff7a,0xdc4761b6513c
0x45ff62,0xf5d9bd0909a0
0x443d2b,0xdc4761b41181
0x46091a,0xe7c8f3e47f8
0x443d2b,0xdc4761b43101
0x53cb5b,0xf5d9bcfc65b8
0x4608f0,0xf5d9bd007cc8
0x45ff56,0xdc4761b5ebd0
0x45ff7a,0x1829193e7a2c
0x4608f0,0xb7ac7a9cd7b8
0x47338d,0xe7c8f3f2e9c
0x4608f0,0xbcd57edf4fa8
0x443d2b,0xdc4761b4cda1
0x46d773,0x464bc80e98f0
0x45ff7a,0xce13850210cc
0x409edb,0xe470055e7c78
0x53cb5b,0xe470055e7ce8
0x412743,0xab2ecf35dc48
0x463aa3,0xab2ecf360d4c
0x4608f4,0xcd28e5868b80
0x460050,0xdc4761b53d20
0x409eee,0x7ebb3c7d1e38
0x473397,0xab2ecf3698c8
0x47338d,0xab2ecf368b9c
0x412c87,0xab2ecf36bcb8
0x45ff89,0xdc4761b67a00
0x45ff56,0xdc4761b698f0
0x4608f0,0xf5d9bcfc5318
0x443d2b,0xdc4761b5a4e1
0x443d2b,0x2e448dbebca1
0x53cacd,0xcd28e577ebf8
0x412c87,0x6c5370348bb8
0x53cacd,0xf5d9bd010998
0x45ff7e,0xdc4761b6d79c
0x46091a,0xb7ac7a94c1c8
0x443d2b,0xdc4761b5c501
0x45ff62,0x182919405710
0x46d18d,0xcc2ca3853d10
0x53cb5b,0xbf7dd5fac1c8
0x46d773,0xdc4761b60d50
0x4602e0,0xab2ecf3898c0
0x4602e0,0xab2ecf388bb0
0x46d151,0x71d0d5a39108
0x412755,0xf5d9bd00c1c0
0x473397,0xab2ecf38b388
0x473397,0xab2ecf38c658
0x4608e7,0xab2ecf38d7b8
0x473397,0x6c5370354f98
0x45ff62,0x5829a6ec1c40
0x47338d,0xab2ecf39dc4c
0x443d2b,0xdc4761b672a1
0x45fee6,0xc911b24da4cc
0x47338d,0xab2ecf3a08dc
0x412cc0,0xab2ecf3a7c68
0x4602e0,0xab2ecf3a7ce0
0x409edb,0x66598a7cb3a8
0x4608f0,0xb7ac7a9f31c8
0x460950,0x66598a847c70
0x46001c,0xfdfd3a8c3130
0x53cacd,0xce13851023c8
0x46d18d,0x66598a7d8fc0
0x443d2b,0xdc4761b74711
0x4608f0,0xce1384fba4c8
0x412c87,0xab2ecf3c2768
0x409edb,0x878ddfa01c68
0x473397,0xab2ecf3c1c48
0x46d18d,0xaff500799f80
0x463aa3,0xab2ecf3c531c
0x5405e9,0xb7ac7a9c23f8
0x46091a,0x28d7cf5d31f8
0x463aa3,0xab2ecf3c65ac
0x46d18d,0x71d5f3e8dfd0
0x53cb5b,0x41d09e9d9128
0x463aa3,0xab2ecf3d0f8c
0x46001c,0xc8d283463a0
0x46d773,0xdc4761b7c530
0x45ff62,0x464bc80f0fa0
0x460050,0xdc4761b801a0
0x412743,0xab2ecf3d8fc8
0x47338d,0xab2ecf3d913c
0x53cacd,0x878ddfa3ebc8
0x53cacd,0xf5d9bd08b3a8
0x460950,0xd79e62b07cf0
0x443d2b,0x2c2cbb565121
0x53cacd,0x878ddf9f8fc8
0x45fefd,0x4741a6425700
0x4608f0,0xb1739fbd0fa8
0x473397,0xab2ecf3ec658
0x46001c,0x28d7cf4210c8
0x5405e9,0xf5d9bd0a3138
0x53cb5b,0x49950ab36408
0x463e27,0xab2ecf3f09a0
0x460050,0xdc4761b8cdb0
0x4602e0,0xab2ecf3edfc0
0x46d773,0xdc4761b8e800
0x4115a9,0xab2ecf3f3540
0x463aa3,0xab2ecf3f470c
0x45ff7e,0xce1384fded4c
0x47338d,0xab2ecf3ebc8c
0x443d2b,0x2e448dbfdc51
0x46001c,0x7ebb3c894728
0x443d2b,0xdc4761b93571
0x443d2b,0x2e448dbfebd1
0x409edb,0xe8035e45a4d8
0x473397,0xab2ecf4010c8
0x473397,0xab2ecf401198
0x46d75a,0xab2ecf403100
0x412755,0xcc2ca3791c50
0x4608f0,0x8876f2fc5338
0x463aa3,0xab2ecf407c6c
0x46d75a,0xab2ecf407cc0
0x4608f4,0x28d7cf4e47c0
0x443d2b,0xdc4761b99121
0x463a96,0x2c2cbb567200
0x412719,0xab2ecf41ed48
0x409edb,0x71d5f3fd5128
0x443d2b,0xdc4761ba2751
0x412cc0,0xab2ecf425318
0x412c87,0xab2ecf4265b8
0x53cacd,0xce1384f95118
0x46d743,0xdc4761babcb8
0x4602e0,0xab2ecf41dc60
0x412755,0x28d7cf418980
0x46d181,0xaff5007e6380
0x53cb5b,0xcc2ca3865718
0x45ff62,0xcd28e5765320
0x45ff7e,0xdc4761bbbdac
0x412743,0xab2ecf439118
0x409edb,0x71d5f3ff0f88
0x473397,0xab2ecf43a4c8
0x443d2b,0x7cb731987201
0x463aa3,0xab2ecf43c50c
0x460050,0x7cb731987a20
0x460050,0x7cb731ab31e0
0x4602e0,0xab2ecf438980
0x53cacd,0xcc2ca3842748
0x4602e0,0xab2ecf43dc70
0x443d2b,0x2e448dc05aa1
0x443d2b,0xcd28e5785101
0x412c87,0xab2ecf440188
0x45ff56,0x182919463130
0x46d75a,0xab2ecf436410
0x409edb,0xcc2ca37e47c8
0x463aa3,0xab2ecf44275c
0x45ff56,0xdc4761bc5a90
0x45ff56,0xdc4761bc7a10
0x45ff56,0xa040f20fa4d0
0x4608f0,0xafd74f96e828
0x47338d,0xab2ecf441c7c
0x53cb5b,0x71d5f3f9a4d8
0x412cc0,0xab2ecf4531d8
0x46d18d,0xf5d9bd12b380
0x53cb5b,0x71d5f3ef8988
0x47338d,0xab2ecf45471c
0x412c87,0xab2ecf456768
0x45ff62,0x1829194731c0
0x53cb5b,0xf5d9bd134708
0x46091a,0x4741a6432eb8
0x46d729,0x4741a6432ec8
0x0,0x28e837c92ec0
0x45ff56,0x182919476c20
0x4602e0,0x7cbb54263100
0x463a8d,0xdc4761bbed68
0x45ff4d,0xa7d08ad75108
0x47338d,0x4e5a10f9dc5c
0x460050,0xdc4761bc1c70
0x46d75a,0x4e5a10f9ebe0
0x5405e9,0xcc2ca37f6778
0x412743,0x4e5a10f9ed78
0x46d773,0x464bc80f25d0
0x411557,0x4e5a10fabc8c
0x45ff7e,0xdc4761bd1e0c
0x45ff62,0xb7ac7a92c1c0
0x412743,0x4e5a10fadfe8
0x53cacd,0x11faa172bc88
0x463e27,0xafe0999c7230
0x412743,0xafe0999c8ba8
0x46d193,0xcd28e575e530
0x53cacd,0xcc2ca38bbf58
0x4608f4,0xa040f21c6380
0x4602e0,0xafe0999cd7b0
0x53cb5b,0xb381a4cd88
0x412c87,0xafe0999d89b8
0x53cacd,0x2c2cbb4bbda8
0x46d75a,0xafe0999dbdb0
0x412743,0xafe0999dbf48
0x463a96,0x2c2cbb56d780
0x46001c,0x28e837cf1e38
0x412cce,0xafe0999e23d1
0x5405e9,0xafe0999debf8
0x45ff56,0xd9e9d66423e0
0x409edb,0x32bd14b925e8
0x443d2b,0xdc4761bd2ed1
0x45ff90,0xdc4761be0980
0x45ff7e,0xdc4761be10dc
0x46d18d,0xc9394d38b550
0x412c87,0x8f7ac396dff8
0x45ff62,0xf775d3147210
0x5405e9,0xb381a39fb8
0x46d193,0x71d0d5a1ed70
0x4115a9,0x8f7ac396c640
0x46091a,0xb1739fbcc1c8
0x46001c,0x4741a6418fd8
0x409edb,0xb1739fbd1c78
0x45ff56,0x60dc49c5ed40
0x46d773,0xdc4761bdebf0
0x46091a,0x1719cc66388
0x460050,0xdc4761be08e0
0x412cc0,0xdc47619e6588
0x4608f0,0x932ec4071c68
0x45ff62,0xbf7dd5f3a4d0
0x460050,0x464bc80f6770
0x412c87,0x464bc80d0fb8
0x412c87,0xdc47619f9108
0x46d18d,0xdc47619f5250
0x45ff56,0xbf7dd5e5ed60
0x46d75a,0xdc4761a047f0
0x443d2b,0x1ae6b1e86591
0x46d151,0xdc4761a05308
0x463a8d,0x60dc49c5bda8
0x412719,0xdc4761a0b548
0x4602e0,0xdc4761a0e820
0x463e27,0x464bc80d3d30
0x473397,0xdc4761a223c8
0x45ff56,0x7cb731a4b540
0x4608f0,0x932ec40465b8
0x443d2b,0x6b6a95996401
0x46091a,0x3a044724bcb8
0x53cacd,0xcc2ca37b89b8
0x47338d,0xdc4761a2e83c
0x463e27,0xdc4761a31c50
0x409edb,0x4d2bb47c5108
0x4608f0,0x71d0d5a623d8
0x412743,0xdc4761a3ebe8
0x47338d,0xdc4761a3ed5c
0x46d75a,0xdc4761a472a0
0x409edb,0x71d5f3e1ebf8
0x463aa3,0xdc4761a4b55c
0x463e27,0xdc4761a4b3b0
0x5405e9,0xdc4761a45738
0x46001c,0xcd28e57ce808
0x4608f0,0x28d7cf487238
0x45ff62,0x71d0d593a4f0
0x45ff62,0xd69328793550
0x443d2b,0xf775d3155131
0x45ff56,0xce13851065b0
0x409edb,0x99d8269ed7b8
0x463aa3,0xdc4761a5674c
0x45ff56,0x557be3007a20
0x463a8d,0xf775d3159fa8
0x45ff7e,0xd79e62aa11ac
0x45ff56,0xa040f20fdc50
0x473397,0xdc4761a58fd8
0x45ff7a,0xb7ac7a978fcc
0x53cacd,0x66598a7b2e98
0x53cb5b,0x66598a7b2ed8
0x46091a,0xbf7dd5e66398
0x412cce,0xdc4761a66391
0x412cce,0xdc4761a498d1
0x53cb5b,0xdc4761a67a18
0x46091a,0xbf7dd5e7bf68
0x412743,0xdc4761a6dfc8
0x53cb5b,0xdc4761a6cd88
0x45ff62,0x7ebb3c7d5130
0x47338d,0xdc4761a7135c
0x463aa3,0xdc4761a463bc
0x412743,0xdc4761a465a8
0x412c87,0xdc4761a76768
0x46d18d,0xdc4761a72eb0
0x46d151,0xdc4761a72ec8
0x53cb5b,0xd79e62a8e838
0x46d18d,0xdc4761a74710
0x463a8d,0xf775d316b3b8
0x45ff4d,0x28e837c8e818
0x412755,0xbf7dd5e93d00
0x473397,0xdc4761a43108
0x46d773,0xf775d316cd90
0x409edb,0xd79e62b531c8
0x463e27,0xdc4761a7e500
0x45ff7a,0x18291947bdbc
0x473397,0xdc4761a7dc48
0x412c87,0xdc4761a40d48
0x4608e7,0xdc4761a810f8
0x4602e0,0xdc4761a823f0
0x45ff56,0x1719cc725c0
0x45ff7a,0x8d986902b38c
0x45ff7e,0xcc2ca38e09a0
0x47338d,0xdc4761a847ec
0x443d2b,0x2c2cbb5731c1
0x53cb5b,0xbf7dd5ec1188
0x463a8d,0x464bc80dbf50
0x45eebb,0x28e837ce3118
0x45ee80,0x11faa1812ed0
0x45eea0,0x11faa1812eb8
0x494c73,0xce13850a8ba0
0x412c87,0x11faa18125f8
0x46d75a,0xf775d31a08e0
0x412cc0,0xf775d31a0998
0x412c87,0xf775d31a5328
0x412cc0,0xf775d31ab3b8
0x410c00,0xf775d31b31e8
0x47338d,0xf775d31b354c
0x42ccad,0x71d5f3e8c1f0
0x47338d,0xf775d31c1c74
0x47338d,0xf775d31c47fc
0x53cacd,0xf775d31c08e8
0x463a8d,0xb3a8ecda7c68
0x463e27,0x743fcfb4e830
0x46d151,0x735ce4b80188
0x410725,0x743fcfb525c0
0x463a96,0x2c2cbb545310
0x410800,0x71d5f3e4c670
0x46d773,0x71d5f3f21c70
0x463aa3,0x743fcfb61c4c
0x463a8d,0xf5d9bd0f25e8
0x4106a7,0x2c2cbb5c5108
0x47338d,0x743fcfb6cda4
0x53cacd,0xa1abd7fded58
0x473397,0x743fcfb6e810
0x53cacd,0xbf7dd5f96c18
0x412c87,0x743fcfb7ebd8
0x410887,0x743fcfb7ed40
0x45ff56,0xb3a8ecdd3d00
0x45ff56,0xce1384fab560
0x463aa3,0x9fb38626277c
0x443d2b,0xae256cd40d71
0x463a96,0x2c2cbb545710
0x46d75a,0xd4a386a8bcb0
0x410800,0xbf7dd5fc10e8
0x42ccad,0xbf7dd5fc11a0
0x410c00,0xf64c9e7a28
0x47338d,0xf64c9e7c54
0x473397,0xf64c9ec650
0x45ff7a,0xb3a8ecde728c
0x47338d,0xf64c9f898c
0x5405e9,0xf64c9f09b8
0x46d75a,0xf64c9fe530
0x47338d,0xf64ca001b4
0x410b32,0xf64ca05a80
0x42ccad,0xbf7dd5feb380
0x463a96,0x2c2cbb545a98
0x47338d,0x73d6b45b3544
0x463aa3,0x73d6b45b6c2c
0x47338d,0x73d6b45b512c
0x53cacd,0xbf7dd602dfd8
0x45ff56,0x182919352e90
0x410b32,0x73d6b45c5130
0x47338d,0x73d6b45c5314
0x46001c,0xcc2ca38e2748
0x4115a9,0x9895a7bb9100
0x410800,0xaa4eb5de1c70
0x443d2b,0xae256cd53d21
0x46001c,0x4741a6420188
0x47338d,0x9895a7bc8b94
0x42ccad,0xaa4eb5df3560
0x473397,0x9895a7bcd798
0x53cacd,0x9895a7bc5308
0x46d181,0x99d8269e0d40
0x410c26,0x9895a7bd5278
0x45ff56,0x18291930dfc0
0x46001c,0xc8d282a5a88
0x411557,0x9895a7bf25cc
0x47338d,0x9895a7bf6754
0x47338d,0x9895a7bf9134
0x53cb5b,0x9895a7bf3558
0x410b32,0x9895a7bfe530
0x42ccad,0x1719cc95240
0x412c87,0x9895a7c047c8
0x53cacd,0xc8d2817bd98
0x410b32,0x9895a7c06380
0x473397,0x9895a7c06580
0x443d2b,0xae256cd5bf51
0x45ff56,0xab2ecf387c50
0x45ff56,0x18291932c1f0
0x53cb5b,0x9895a7c19f98
0x46d773,0xc8d281a3120
0x53cacd,0x9895a7c208e8
0x45ff62,0xf5d9bcff5100
0x410b90,0x9895a7c30988
0x412cc0,0x9895a7c35118
0x443d2b,0xae256cd623c1
0x473397,0x9895a7c3a4d8
0x463a8d,0x1829193272b8
0x463aa3,0x9895a7c4099c
0x47338d,0x9895a7c40d64
0x410b32,0x9895a7c46390
0x473397,0x9895a7c46590
0x46001c,0x28e837cfdc78
0x46d15e,0x18291932dfe0
0x4602e0,0x9895a7c56770
0x463aa3,0x9895a7c5912c
0x47338d,0x9895a7c611b4
0x410725,0x9895a7c610c0
0x412cc0,0x9895a7c6c1e8
0x409eee,0xc8d28202778
0x410b32,0x9895a7c7e520
0x46d75a,0x9895a7c80d70
0x45ff7a,0x18291937ebec
0x46d773,0x511533133560
0x463e27,0x9895a7c8cda0
0x45ff62,0x182919362740
0x47338d,0x9895a7c91394
0x42ccad,0x878ddfa210c0
0x46d15e,0x182919345a80
0x46d773,0x71d5f3e2b570
0x46d75a,0x9895a7ca3110
0x53cacd,0xc8d2824b548
0x45ff56,0xff3c8d5e7c40
0x47338d,0x9895a7cb8ff4
0x5405e9,0x9895a7cb6c38
0x410c00,0x9895a7cc65b8
0x45ff56,0xcc2ca371a4f0
0x53cb5b,0xbf7dd6002748
0x410c00,0x9895a7cd1358
0x410b32,0x9895a7cd13a0
0x45fef6,0x18291937a4c0
0x412cc0,0x9895a7cd89b8
0x53cacd,0xbf7dd5f08ba8
0x46d193,0x9895a7cd9130
0x41091b,0x49950ab2c648
0x463a96,0x2c2cbb556408
0x47338d,0x9895a7ce5114
0x47338d,0x9895a7ce531c
0x5405e9,0xc8d28299fb8
0x410c00,0x9895a7cedff8
0x46d18d,0x9895a7ce7a10
0x5405e9,0xc8d282a1c78
0x410c26,0x9895a7cf4738
0x46d75a,0x9895a7cf9f90
0x463e27,0x9895a7d05330
0x45ff4d,0x6c537038dfc8
0x45ff7e,0x1829193931cc
0x410887,0x9895a7d05700
0x46d773,0xc8d282c0990
0x463e27,0x9895a7d0dff0
0x46d75a,0x9895a7d0c1f0
0x410c26,0x9895a7d14738
0x463a96,0x2c2cbb556740
0x42ccad,0x66598a799100
0x47338d,0x9895a7d19fbc
0x412cce,0x9895a7d1c511
0x443d2b,0xd05626c1dc51
0x46d15e,0xd69328776c20
0x45ff62,0x1829193a98e0
0x4602e0,0x9895a7d247f0
0x443d2b,0x182919390fb1
0x4115a9,0x9895a7d2dfc0
0x41091b,0x878ddf9d9108
0x53cb5b,0x11faa1778998
0x463e27,0x9895a7d39110
0x46d18d,0x9895a7d36410
0x410887,0x9895a7d41c40
0x473397,0x9895a7d45710
0x53cb5b,0x9895a7d3dc68
0x463e27,0x9895a7d472a0
0x463aa3,0x9895a7d4b57c
0x412cc0,0x9895a7d63128
0x47338d,0x9895a7d67cf4
0x47338d,0x9895a7d73d14
0x410c00,0x9895a7d76428
0x46d773,0xcc2ca38389b0
0x53cb5b,0xcc2ca3785738
0x46d151,0x9895a7d7dc48
0x53cb5b,0xbcd57edfbd98
0x412c87,0x9895a7d8e808
0x443d2b,0x1829193c11a1
0x45ff7e,0x2c2cbb4f136c
0x53cb5b,0x66598a82dfc8
0x463e27,0x9895a7da7c70
0x46d773,0x71d5f3e9bf40
0x46d18d,0x9895a7dabca0
0x410c26,0xfaef359b1c78
0x45ff7a,0x1829193e7a2c
0x46d773,0xff3c8d5f4fb0
0x46d18d,0xfaef359b25d0
0x473397,0xfaef359bed58
0x410c00,0xfaef359c10e8
0x463a8d,0x2c2cbb4f13a8
0x42ccad,0x878ddfa32ea0
0x53cacd,0x878ddfa32ec8
0x53cacd,0xfaef359c5138
0x47338d,0xfaef359d0f9c
0x443d2b,0xd05626c34fb1
0x412cce,0xfaef359d3551
0x46d773,0xfc47cbc2d790
0x46d75a,0xfaef359debf0
0x410c26,0xfaef359ded78
0x410b32,0xfaef359e65b0
0x463a8d,0xf5d9bd1731f8
0x46d773,0xd9e9d65e1190
0x463e27,0xfaef359f1c50
0x46001c,0x66598a7ecda8
0x412c87,0xfaef359fdc68
0x45ff56,0x182919405710
0x412c87,0xfaef35a05128
0x473397,0xfaef35a0dfd0
0x473397,0xfaef35a0c1d8
0x4115a9,0xfaef35a11c40
0x47338d,0xfaef35a11e14
0x53cacd,0xdc4761a8d798
0x463a8d,0x11faa17a5aa8
0x443d2b,0xd05626c408e1
0x412c87,0xfaef35a19f98
0x45ff7e,0x18291941bf6c
0x410c00,0xfaef35a25a98
0x46d18d,0xfaef35a1ed70
0x47338d,0xfaef35a298cc
0x46d18d,0xfaef35a223c0
0x463aa3,0xfaef35a2cdac
0x460050,0x1829194063b0
0x53cb5b,0xa980922fdc68
0x410c00,0xfaef35a3bd88
0x463e27,0xfaef35a45110
0x46d75a,0xfaef35a45310
0x53cb5b,0xce1384fb25d8
0x46d773,0xce1384ff4710
0x4106a7,0xd9e9d65ebc88
0x45ff62,0x1829194609a0
0x410c00,0xfaef35a525e8
0x45ff56,0x182919436400
0x410c00,0xfaef35a589a8
0x46d15e,0x18291941bdb0
0x460050,0xcd28e5741c60
0x47338d,0xfaef35a610c4
0x45ff56,0xfdfd3a8c3130
0x46d75a,0xfaef35a76410
0x46d773,0xd6fa9538b560
0x47338d,0xfaef35a7dc7c
0x46d75a,0xfaef35a801b0
0x46d15e,0x182919433d30
0x45ff56,0xc8d283463a0
0x42ccad,0xcd28e5828bb0
0x463e27,0xfaef35a925f0
0x463aa3,0xfaef35a9511c
0x4115a9,0xfaef35a95240
0x463aa3,0xfaef35aa571c
0x46d18d,0xfaef35a9c530
0x53cb5b,0xfaef35aa6598
0x47338d,0xfaef35ab09bc
0x53cb5b,0xcc2ca37cdff8
0x46d151,0xff3c8d5f8988
0x410700,0xfaef35ac08c0
0x409eee,0x11e281df5278
0x443d2b,0xfaef35b91e31
0x411557,0xfaef35acb38c
0x47338d,0xfaef35acb564
0x443d2b,0xbf7dd5ffbf51
0x410b32,0xfaef35ad31f0
0x410887,0xfaef35ad6c10
0x412cc0,0xfaef35ada4d8
0x42ccad,0x71d5f3eb0f80
0x410700,0xfaef35ae0980
0x410b90,0xfaef35ae08c8
0x4602e0,0xfaef35ae5130
0x463aa3,0xfaef35aec1ec
0x47338d,0xfaef35af0f94
0x53cb5b,0xfaef35ae7c78
0x463a96,0x2c2cbb567290
0x41091b,0xcc2ca37ce808
0x463aa3,0xfaef35af9f8c
0x4106a7,0x71d0d5920188
0x463e27,0xfaef35b011a0
0x53cb5b,0x71d0d58931e8
0x473397,0xfaef35b03110
0x412cc0,0xfaef35b0c1f8
0x46d15e,0x182919452e90
0x410c26,0xfaef35b14738
0x412cc0,0xfaef35b18fe8
0x46d773,0x71d0d5895130
0x46d18d,0xfaef35b2b560
0x463a8d,0x18291945bf68
0x47338d,0xfaef35b3c53c
0x46d18d,0xdc4761aecda0
0x46d193,0xca49da3725f0
0x45ff62,0x182919463130
0x45ff62,0xcd28e5765320
0x47338d,0xfaef35b43124
0x443d2b,0xd05626c72ec1
0x5405e9,0x71d0d59dbdb8
0x411557,0xfaef35b5354c
0x463a8d,0x1829194623e8
0x46d18d,0xb7ac7aa0d780
0x46d773,0x66598a7da4f0
0x463e27,0xfaef35b623e0
0x45ff7e,0x18291947bdbc
0x45ff56,0xa040f20fa4d0
0x410b32,0xfaef35b62770
0x53cacd,0x28e837c8cd98
0x463a96,0x2c2cbb567c58
0x47338d,0xfaef35b6d7a4
0x46d15e,0xcd28e5765110
0x53cb5b,0x71d0d5a0c1e8
0x45ff62,0x1829194731c0
0x46d773,0x28d7cf4263b0
0x46d75a,0xfaef35b80990
0x463aa3,0xfaef35b8531c
0x473397,0xfaef35b85700
0x46d18d,0xcc2ca3845300
0x45ff56,0x182919476c20
0x42ccad,0x71d0d5a1e530
0x473397,0xfaef35b87218
0x46d773,0xd79e62bb6410
0x46d15e,0x6c6f1e4c6590
0x443d2b,0x182919471391
0x46d18d,0xfaef35b91340
0x443d2b,0xd05626c7ed51
0x412c87,0xfaef35b9bdb8
0x443d2b,0xd05626c808f1
0x46d181,0xfaef35b99100
0x410c00,0xfaef35ba5ab8
0x46d15e,0x182919474fb0
0x45ff56,0xd9e9d66423e0
0x53cb5b,0xcc2ca36f5108
0x412cc0,0x202442f1bf48
0x47338d,0x202442f19134
0x47338d,0x202442f1ebe4
0x42ccad,0x71d0d5a54730
0x410b32,0x202442f25720
0x463e27,0x202442f2bcb0
0x443d2b,0x182919480191
0x53cb5b,0x202442f22768
0x47338d,0x202442f3471c
0x473397,0x202442f35118
0x45ff7a,0x4e5a10fa532c
0x53cb5b,0x41d09e9ac1e8
0x46d75a,0x54c4531611b0
0x47338d,0x54c4531698e4
0x412cce,0x54c45316dfd1
0x47338d,0x54c45316c1f4
0x412c87,0x54c4531709a8
0x463a8d,0xcc2ca38a08e8
0x463e27,0x54c45317a4f0
0x473397,0x54c45317e510
0x473397,0x54c453185100
0x45ff56,0xbf7dd5e5ed60
0x412c87,0x54c45318d7b8
0x46d773,0x932ec40623d0
0x46d18d,0x54c453187220
0x53cb5b,0x8d9869025ab8
0x42ccad,0xce1385034fa0
0x47338d,0x54c4531a511c
0x41091b,0x309dcdc498c8
0x410c00,0x54c4531ac1c8
0x53cb5b,0x54c4531a7218
0x4115a9,0x54c4531b9f80
0x46d75a,0x54c4531bdc60
0x410b32,0x54c4531c8b90
0x5405e9,0x54c4531c2778
0x53cacd,0x932ec4091348
0x463e27,0x54c4531cc1e0
0x409eee,0xcd28e57d6c38
0x5405e9,0x54c4531c98f8
0x443d2b,0x18291949bf41
0x53cb5b,0x54c4531cdfd8
0x53cb5b,0xcd28e57b0f98
0x47338d,0x54c4531d6424
0x53cacd,0xc9394d38c668
0x47338d,0x54c4531ddc54
0x456171,0x54c4531fe524
0x45eebb,0x28e837ce3118
0x45fdd3,0x6c537038dfc8
0x473397,0x54c453205a80
0x443d2b,0x25ce5cd60181
0x473397,0x54c45320bc80
0x4537e7,0x25ce5cd6530c
0x473397,0x54c453212ec0
0x47338d,0x54c453212ea4
0x456198,0x54c4532113a8
0x47338d,0x54c453219fa4
0x45eea7,0x25ce5cd6b3b0
0x4537e7,0x25ce5cd6b55c
0x45ff56,0x557be3007a20
0x47338d,0x54c453225114
0x4561ac,0x54c453225724
0x412c87,0x54c45322dfd8
0x45eeb8,0x54c453233d00
0x46d773,0x71d0d59f4fa0
0x447a40,0x54c45323bdb0
0x443d2b,0x7ebb3c7ec661
0x45ff7a,0x557be3013d2c
0x46d736,0x557be3005ab0
0x451882,0x54c4532472a8
0x46d743,0x557be300b578
0x410c00,0x543845932ee8
0x4537e7,0x25ce5cd8c66c
0x410b90,0x543845932e88
0x456198,0x543845938988
0x4602e0,0x543845939fb0
0x558f9a,0x2f27957309b0
0x448b5a,0x2f2795731e08
0x46d75a,0x2f2795736c30
0x451882,0xb6605691c508
0x463a96,0xcc2ca38d8998
0x443d2b,0x557be3010f91
0x4602e0,0xa60a0cc298f0
0x456198,0xb3a8ecd6dfe8
0x45eeb8,0xb3a8ecd6c1d0
0x46d75a,0xb3a8ecd73560
0x460050,0xdc4761a19120
0x412c87,0xb3a8ecd7a4f8
0x443d2b,0x878ddfa23131
0x47338d,0xb3a8ecd801a4
0x412cce,0xb3a8ecd86391
0x47338d,0xb3a8ecd865b4
0x45ee80,0x25ce5cda5310
0x456198,0xb3a8ecd8c648
0x45eea7,0x25ce5cda7a10
0x463e27,0xb3a8ecd94f90
0x412c87,0xb3a8ecd931f8
0x45ee80,0xb3a8ecd93d00
0x47338d,0x25ce5cd623d4
0x42f54e,0x25ce5cdad7a0
0x46d75a,0x25ce5cd6d7b0
0x46d773,0x25ce5cdb0980
0x46d736,0x25ce5cdb6c30
0x47338d,0x25ce5cdb5104
0x46d75a,0x25ce5cd863a0
0x46d736,0x25ce5cdbbf70
0x45fd16,0x25ce5cdbdc40
0x42f4e4,0x2f2795734fa0
0x46d773,0x25ce5cdbed40
0x449824,0x25ce5cdc0990
0x46d736,0x25ce5cdc08c0
0x449824,0x25ce5cdc11b0
0x46d736,0x25ce5cdc10e0
0x463a96,0x557be3012ee8
0x47338d,0x25ce5cdc5114
0x45ff7a,0x878ddf9e658c
0x463a96,0x2c2cbb545120
0x473397,0xb3a8ecd9dc40
0x53cacd,0xd9e9d66325e8
0x47338d,0xb3a8ecda118c
0x443d2b,0x557be30201a1
0x46d15e,0x557be3020d40
0x410b32,0xb3a8ecdb1c70
0x46d75a,0xb3a8ecdb6c10
0x443d2b,0x25ce5cdd1c61
0x473397,0xb3a8ecdb8980
0x410c00,0xb3a8ecdb9118
0x45ff7a,0xa040f2056c1c
0x53cb5b,0x71d0d58e8b88
0x46d743,0x557be30298f8
0x412c87,0xb3a8ecddbda8
0x41091b,0x71d0d59e7a08
0x463e27,0xb3a8ecde1c70
0x42ccad,0xb7ac7a932e80
0x46d18d,0xb3a8ecddc510
0x463a8d,0x557be302b3a8
0x443d2b,0x557be302c1e1
0x463aa3,0x32b6beff1e2c
0x53cacd,0xe470055f3d28
0x463aa3,0x32b6beff357c
0x45ff62,0x28e837cfdc78
0x410c26,0x1829192ec1f8
0x46001c,0x7ebb3c7d5130
0x45ff89,0x557be3036400
0x410b32,0x1829192f6750
0x443d2b,0x25ce5cddebf1
0x443d2b,0x25ce5cdded51
0x463e27,0x11faa1854720
0x45ff62,0x4741a6420188
0x42ccad,0x7ebb3c896c30
0x463aa3,0x18291930bc8c
0x46d15e,0x557be3031350
0x463aa3,0x18291930c67c
0x410b32,0x18291931a4c0
0x410c00,0x18291931ebc8
0x473397,0x18291931ed40
0x46d15e,0x557be3032ed0
0x45ff56,0xbf7dd6027cc0
0x463a96,0x2c2cbb54e820
0x473397,0x182919323100
0x53cacd,0x1829193223c8
0x409eee,0x71d5f3fce838
0x46d773,0x8d9869022740
0x463aa3,0x18291933898c
0x45ff62,0xcc2ca38e2748
0x4602e0,0x18291933a4f0
0x443d2b,0xab2ecf412ef1
0x443d2b,0x557be3039101
0x410b32,0x18291934cd90
0x411557,0x182919351c4c
0x47338d,0x182919351e24
0x53cb5b,0xd693287208f8
0x463a8d,0x557be303c538
0x53cb5b,0x3a0447279f88
0x463aa3,0x182919361c4c
0x47338d,0x182919372ebc
0x473397,0x182919372ed8
0x46d193,0xff3c8d6209b0
0x42ccad,0xc8d282a7a30
0x460050,0x71d0d589bdb0
0x410c00,0x18291939dc78
0x5405e9,0xdc4761b88bb8
0x53cacd,0xb7ac7a9a7a18
0x53cb5b,0x18291939bf48
0x410725,0x1829193a3100
0x46d18d,0x18291939ebe0
0x443d2b,0x25ce5cdf1e01
0x53cacd,0x71d5f3f0c1c8
0x45fece,0xf5d9bcff5100
0x47338d,0x1829193b2ef4
0x53cacd,0x1829193a5aa8
0x46d75a,0x1829193b6c10
0x53cacd,0x1829193b3d08
0x53cacd,0xff3c8d627c48
0x412cc0,0x1829193cc668
0x463a8d,0xf5d9bcfe7cf8
0x473397,0x1829193d1e18
0x42ccad,0xb7ac7a9d0980
0x45ff62,0xc8d282a5a88
0x46d743,0x557be3050fb8
0x412c87,0x1829193e10c8
0x410c00,0x1829193e11a8
0x463aa3,0x1829193e63bc
0x410b32,0x1829193e65a0
0x463e27,0x1829193f9f90
0x45ff62,0x9895a7c931c0
0x46d773,0xce1384f8bc90
0x47338d,0x182919410984
0x4106a7,0x5829a6ee6588
0x46d193,0xfaef35a33d30
0x412c87,0x1829194201a8
0x46d773,0xd79e62b79f80
0x53cb5b,0x182919411c78
0x410b90,0x182919426388
0x45ff62,0xd69328774f80
0x46d18d,0xfaef35a60d70
0x46d18d,0x182919427290
0x46d151,0x1829194a2748
0x46001c,0xa040f20a23c8
0x53cb5b,0x1829194abcb8
0x443d2b,0x25ce5ce02751
0x45ff56,0x1719cc60180
0x46d743,0xa040f2062778
0x53cb5b,0x71d5f3ffc518
0x53cb5b,0x1829194cb558
0x412c87,0x1829194d9f88
0x42ccad,0x71d5f3fd5250
0x412cc0,0x557be2fb8ff8
0x443d2b,0x25ce5ce0b541
0x46d773,0x28d7cf5663a0
0x47338d,0x557be2fbe524
0x460050,0x557be3071e20
0x443d2b,0x2e448dc20d71
0x5405e9,0x8876f2fcc1f8
0x5405e9,0xa040f2151e38
0x412c87,0x557be2fd1c58
0x53cacd,0xf5d9bcfd1358
0x53cb5b,0xf5d9bcfd13a8
0x463aa3,0x557be2fd357c
0x409eee,0xf5d9bcfd9fb8
0x46d18d,0x557be2fd6770
0x45ff62,0xbf7dd5f3a4d0
0x410887,0x557be2fe5110
0x53cacd,0x557be2fe10c8
0x45ff7e,0xbf7dd5ee7cec
0x46d773,0x4741a64423f0
0x410b90,0x557be2fe7a08
0x443d2b,0x25ce5ce14f91
0x46d18d,0x66598a848ba0
0x46001c,0xce1384fab560
0x410887,0x557be2ff25d0
0x463a96,0x5829a6ee1c40
0x45ff7a,0x9895a7cfdc4c
0x45ff56,0xd79e62b21c70
0x45ff4d,0x6c5370392ec8
0x53cb5b,0xbf7dd5f91368
0x45ff7e,0xd79e62aa11ac
0x443d2b,0x2c2cbb475241
0x47338d,0x7ebb3c80bcac
0x45ff4d,0x6c537038dfc8
0x53cacd,0x66598a7a7208
0x411557,0x7ebb3c811c4c
0x473397,0x7ebb3c814f98
0x412743,0x7ebb3c818fe8
0x443d2b,0x7ebb3c873551
0x460050,0x7ebb3c875270
0x460050,0x7ebb3c879130
0x46d75a,0x7ebb3c82b550
0x53cacd,0x66598a774708
0x4518c8,0x7ebb3c807a38
0x45eebb,0x28e837ce3118
0x53df14,0x4d2bb47c1c78
0x53e0c1,0xab2ecf3925e0
0x45ee80,0x7ebb3c811390
0x45eea0,0x7ebb3c811378
0x53e0c1,0x5115330ec1e0
0x53df14,0xd79e62c27c68
0x4494f2,0xcd28e5767c40
0x456269,0x7ebb3c7fbd98
0x53df14,0xd9e9d65dc528
0x53e0c1,0x7ebb3c835260
0x456269,0x7ebb3c7fbf48
0x449502,0xe2032d899104
0x46d633,0xcd28e576dfd0
0x46d633,0xcd28e576e810
0x451882,0x7ebb3c81dc48
0x448b7a,0x7ebb3c8272a8
0x53e083,0xce13850c08f8
0x53e487,0xce13850c09b8
0x448b7a,0x7ebb3c82b398
0x45ee80,0x7ebb3c7fa4c0
0x494c97,0x7ebb3c832ef8
0x494c73,0x7ebb3c836400
0x494c93,0x7ebb3c841c78
0x494c73,0x7ebb3c845aa0
0x494c73,0xd79e62c27200
0x494c73,0x7ebb3c855270
0x494c73,0x7ebb3c85dc50
0x46d736,0x7ebb3c86e830
0x46d736,0x7ebb3c873d30
0x4552b0,0x7ebb3c8208c8
0x4552b0,0x7ebb3c8209a8
0x411d2f,0x7ebb3c8223e0
0x4552c0,0x7ebb3c827c74
0x558f9a,0x7ebb3c827cd0
0x4552c0,0x7ebb3c82bc84
0x53e083,0x71d0d5a208f8
0x53e487,0x71d0d5a209b8
0x443d2b,0xf775d317bda1
0x473397,0x24d6558d4f90
0x447a40,0x24d6558d3540
0x4518c8,0x24d6558d25f8
0x463a96,0xdd2838a59100
0x47338d,0x24d6558ddc74
0x410700,0x24d6558e5700
0x473397,0x24d6558e5a90
0x448b63,0xd9e9d6682748
0x46d743,0xdd2838a5e538
0x451882,0x24d6558eb578
0x451882,0x24d6558f3568
0x46d743,0xdd2838a610f8
0x47338d,0x24d655903124
0x41091b,0xc48ca901bf48
0x456198,0x24d65590cdb8
0x4602e0,0x24d65590c670
0x412c87,0x24d655913d28
0x558f9a,0x24d6559125d0
0x456198,0x24d65591bd98
0x45ee80,0xf775d318d7b0
0x46d75a,0xf775d3180d70
0x46d75a,0xf775d3187a00
0x46d75a,0xf775d318bcb0
0x449824,0xbf7dd5e80d60
0x45fd16,0xbf7dd5ef25c0
0x410f25,0x7ebb3c885a80
0x412cce,0x24d655935111
0x410725,0x24d655935240
0x412cc0,0x24d65593c508
0x443d2b,0xf775d3192e81
0x443d2b,0xf775d3193d31
0x410b32,0xd7cc94e16400
0x460050,0x2c2cbb5298e0
0x410c00,0xd7cc94e1bd98
0x412c87,0xdd2838a2e828
0x411557,0xdd2838a331cc
0x46d773,0xf5d9bd033550
0x47338d,0xdd2838a463a4
0x443d2b,0xf775d31989a1
0x46d18d,0x878ddfa31e00
0x45ff7e,0xca49da3c8b8c
0x46d75a,0xdd2838a53d30
0x46d18d,0x878ddfa009b0
0x46d773,0xc8d282a7cf0
0x443d2b,0x66598a762771
0x412c87,0x11faa18125f8
0x53e083,0xcd28e577ed78
0x451950,0x24d6558c1c78
0x45eea7,0x24d6558c6390
0x448b7a,0x24d6558c7c48
0x53df14,0xcd28e5787208
0x53e088,0x71d0d5a3bf48
0x53e088,0x3a044725bd88
0x45ee80,0x24d6558f25f0
0x53e083,0x71d0d5a47c68
0x4494ea,0x71d0d5a47cc8
0x53e0c1,0x11faa179c520
0x456269,0x7ebb3c827c74
0x451882,0xc2041aa76438
0x53e083,0x71d0d5a601b0
0x45eeb8,0x24d65592b560
0x456269,0x24d6558c2758
0x4494de,0x7ebb3c7f9100
0x44e194,0x24d6558c10c8
0x46d75a,0x24d6558c6590
0x449502,0x932ec402b544
0x45eeb8,0xdd2838a31c40
0x45ee80,0xdd2838a3bda0
0x451882,0xdd2838a45108
0x53df14,0x7ebb3c845138
0x451882,0xdd2838a43108
0x42d5e0,0x7ebb3c899fb0
0x494c73,0xcc2ca38210f0
0x494c73,0x7ebb3c7d4fb0
0x443d2b,0x7ebb3c89e501
0x47338d,0xcc2ca381642c
0x4552c0,0xd7cc94e16c04
0x4552b0,0xd7cc94e1a4c8
0x558f9a,0xd7cc94e25110
0x447a14,0xdd2838a34fa4
0x558f9a,0xdd2838a3bf70
0x4552b0,0xdd2838a4b388
0x45ff56,0x2e448dacb390
0x463a96,0x28e837ca08f8
0x45ff56,0xd79e62b1e510
0x53e088,0x932ec4047c48
0x53e487,0x932ec4047cf8
0x411913,0x2e448db8c1d0
0x448b5d,0xcc2ca37a0980
0x45eea0,0x2e448dba08f8
0x46d633,0xcc2ca388c1c0
0x53e083,0x11faa17ebc98
0x53e083,0xce1385127a38
0x53e083,0x4741a6425118
0x53e083,0x7ebb3c88bc98
0x53e083,0x11faa17f4708
0x53e083,0x11faa1851e38
0x53e083,0xcd28e5808b88
0x53e083,0x7ebb3c862758
0x53e0c1,0xff3c8d60d790
0x53e083,0xce1384f95270
0x53e083,0xff3c8d62bca8
0x53e088,0xf5d9bd056418
0x53e083,0x7ebb3c8665a8
0x53e083,0xe7c8f3e47f8
0x53e088,0xcc2ca3853d08
0x53e083,0x66598a847c70
0x53e0c1,0x28d7cf5d31f8
0x53e088,0x71d5f3e8dfc8
0x53e083,0xd79e62b07cf0
0x53e083,0xf5d9bd0a3138
0x53e083,0x4741a6432eb8
0x53e083,0xcd28e575e530
0x53e083,0xafe0999debf8
0x53e0c1,0xc9394d38b540
0x53e083,0x71d0d5a1ed70
0x53e088,0xdc47619f5250
0x53e083,0x3a044724bcb8
0x53e083,0xdc4761a45738
0x53e0c1,0xbf7dd5e66398
0x53e083,0xbf7dd5e7bf68
0x53e083,0xdc4761a72eb0
0x53e088,0xdc4761a74710
0x53e083,0x71d5f3e4c670
0x53e083,0x71d5f3f21c70
0x53e083,0xbf7dd5fc10e8
0x53e083,0xf64c9f09b8
0x53e083,0xaa4eb5de1c70
0x53e088,0xc8d281a3120
0x53e088,0x511533133560
0x53e083,0x71d5f3e2b570
0x53e083,0x9895a7cb6c38
0x53e083,0x9895a7cd9130
0x53e083,0xc8d28299fb8
0x53e088,0x9895a7ce7a10
0x53e083,0xc8d282a1c78
0x53e088,0x9895a7d36410
0x53e083,0xcc2ca38389b0
0x53e083,0x9895a7dabca0
0x53e083,0xff3c8d5f4fb0
0x53e088,0xfaef359b25d0
0x53e083,0xfaef35a1ed70
0x53e0c1,0xd6fa9538b560
0x53e083,0xfaef35a9c530
0x53e083,0x71d0d5895130
0x53e083,0xfaef35b2b560
0x53e083,0xdc4761aecda0
0x53e083,0xca49da3725f0
0x53e083,0x71d0d59dbdb8
0x53e083,0x66598a7da4f0
0x53e083,0x28d7cf4263b0
0x53e083,0x54c453187220
0x53e083,0x54c4531c2778
0x53e083,0x54c4531c98f8
0x53e0c1,0xb3a8ecddc510
0x53e083,0xff3c8d6209b0
0x53e083,0xdc4761b88bb8
0x53e083,0x18291939ebe0
0x53e083,0xfaef35a33d30
0x53e083,0x66598a848ba0
0x5405e9,0xa678649647f8
0x412755,0x28d7cf5931c0
0x53df14,0x2c2cbb596758
0x451882,0x7ebb3c890fa8
0x4518c8,0x25ce5ce223f8
0x45ee80,0x25ce5ce25310
0x558f9a,0xd79e62a51350
0x4552b0,0xd79e62a51398
0x410f8a,0x2e448db931f0
0x559212,0x2e448db99f90
0x448b5d,0x71d0d59d0fa8
0x4552b0,0x2e448dba0988
0x410f4f,0x2e448dba0188
0x46d773,0xc8d28240190
0x45528e,0x2e448dba7c74
0x410c00,0x7ebb3c892ea8
0x410b32,0x7ebb3c892ef0
0x45ff56,0x1719cc725e0
0x45ff7a,0x8d986902b38c
0x45ff7e,0xcc2ca38e09a0
0x53df0a,0xcd28e57e3130
0x46d773,0x66598a7e7228
0x448b63,0x66598a7e7290
0x4518c8,0x25ce5ce1bdb8
0x558f9a,0x2e448dbabc90
0x410f25,0x2e448dbab380
0x448b7a,0x2e448dbad7a8
0x448b7a,0x5115330c47c8
0x494c82,0x66598a7f8988
0x494c7e,0x66598a807c78
0x494c73,0x66598a825a80
0x45eea0,0x6af9d6d12ee8
0x4537e7,0x6af9d6d125cc
0x4552b0,0x6af9d6d12e98
0x447a40,0x6af9d6d15100
0x53df14,0xd79e62c4c658
0x456269,0x25ce5cd5ebc8
0x45ee80,0x25ce5cd5ed40
0x4494ea,0x71d5f3e00d48
0x45fe42,0x4741a6420188
0x46d633,0x932ec4087288
0x494c73,0xca49da31dc70
0x494c73,0x66598a807cd0
0x45fee6,0x25ce5cdb0980
0x46d633,0xcd28e5806590
0x447a40,0x25ce5ce45300
0x4518c8,0x25ce5ce47c78
0x45fe42,0xcc2ca38e2748
0x4537e7,0x25ce5ce4bcac
0x53df14,0xff3c8d5fa4c8
0x456269,0x25ce5cd61c68
0x448b7a,0x25ce5ce47ce8
0x456269,0x25ce5ce45138
0x494c73,0x28d7cf490f90
0x494c73,0x66598a811c60
0x494c93,0x25ce5ce401b8
0x47338d,0x25ce5cd623d4
0x463aa3,0x25ce5cd6530c
0x559fe0,0xbf7dd5e925f8
0x53df14,0xcd28e58208d8
0x4561ac,0x25ce5cd65724
0x53df14,0xcd28e5825308
0x45fdd7,0xc8d282a5a88
0x53df14,0xcc2ca3876748
0x494c93,0xcd28e57589b8
0x494c73,0xd79e62a59120
0x494c73,0xa040f2107230
0x44959a,0xca49da37ed58
0x456198,0x25ce5cd698f8
0x456269,0x25ce5cd68b98
0x45eea0,0x25ce5ce74fa8
0x4537e7,0x25ce5ce7bdbc
0x449502,0xc8d28222744
0x53df14,0xafd74f958fe8
0x448b7a,0x25ce5ce7e518
0x46d614,0x6c6f1e4c5a80
0x448b7a,0x54c453211c68
0x494c73,0xd79e62b13d30
0x494c73,0x7ebb3c7d0f80
0x494c73,0x25ce5ce808d0
0x494c7e,0xe7c8f381c78
0x494c7e,0x28d7cf435138
0x463aa3,0x25ce5cd6b55c
0x463e27,0x25ce5cd6b3b0
0x46d614,0x878ddf9f8980
0x448b7a,0x25ce5ce898e8
0x449502,0x2c2cbb4d6c04
0x46d633,0xafd74f980990
0x45fe42,0x28e837cfdc78
0x494c73,0x25ce5ce40990
0x494c7e,0xd79e62c498f8
0x46d75a,0x25ce5cd6d7b0
0x53df0a,0xcd28e5808b88
0x53df14,0xca49da3ac648
0x45eea7,0x25ce5cea7c40
0x53df14,0xca49da411e18
0x559fe0,0x11faa17e7c48
0x4495c3,0x2c2cbb5adfe0
0x456198,0x25ce5cd71c68
0x45ee80,0x25ce5ceb3570
0x451882,0x25ce5ceb6778
0x448b7a,0x25ce5ceba4e8
0x53df0a,0xd4cb943c98e0
0x4494f2,0xcd28e579dc40
0x46d614,0xff3c8d611340
0x4494ea,0xff3c8d611388
0x53ffd1,0x998897f67238
0x4494de,0x998897f67280
0x449502,0xb7ac7a95bf44
0x45eea0,0x25ce5ceb4fb8
0x44952d,0xaff5007fed58
0x494c73,0x11faa178bc80
0x494c73,0xcc2ca37f6778
0x559fe0,0xcc2ca3807208
0x45fdd7,0xff3c8d5e7c40
0x45ee80,0x25ce5cec7c40
0x53df0a,0x998897f8dfe0
0x46d633,0xcd28e5730f90
0x449502,0xbf7dd5ea47c4
0x45fe42,0xcc2ca371a4f0
0x451882,0x54c45322b388
0x53df14,0xb7ac7a988b88
0x456269,0x25ce5cec2748
0x494c73,0x25ce5ced3550
0x494c73,0xd693286f0f90
0x494c73,0xf5d9bd14b540
0x44959a,0x54c453227c58
0x4064e3,0x54c453227cd0
0x53ffd1,0xcc2ca3847238
0x4494de,0xcc2ca3847280
0x447a20,0x25ce5cd76c00
0x456269,0x25ce5cd76408
0x45ee80,0x25ce5cee3130
0x45ee80,0x25ce5cee5710
0x451882,0x54c453233548
0x46d633,0xcd28e5891c40
0x46d633,0xafd74f954700
0x45eea7,0x25ce5cee7cd0
0x494c73,0xcd28e5902770
0x494c73,0xcc2ca37f5130
0x449947,0x71d0d59f4fa0
0x448b7a,0x25ce5cef1c48
0x46d633,0xd69328736750
0x4494ea,0x24d6558de508
0x494c73,0x8a4feef65300
0x558f9a,0x7ebb3c7f1360
0x53df0a,0xff3c8d62bca8
0x448b7a,0x25ce5cf01198
0x45fe3e,0x28e837c8e818
0x45eeb8,0x25ce5cf010d0
0x45ee80,0x7ebb3c7ee820
0x45eea7,0x25ce5cf008d0
0x494c73,0xcc2ca37d5270
0x494c73,0xcc2ca37d6400
0x494c73,0xcc2ca37e08e0
0x494c73,0xcc2ca37e98c0
0x46d773,0x25ce5cdb6c30
0x559fe0,0xcc2ca3807a28
0x46d633,0xcc2ca37e7a10
0x53df0a,0xd69328751e00
0x4537e7,0x25ce5cf10fbc
0x53df0a,0xca49da3ac1c0
0x53df0a,0xf848bcf15130
0x494c73,0xbf7dd6010990
0x47338d,0x25ce5cdb5104
0x53df14,0x8876f2fd4718
0x45eea0,0x25ce5cf272b8
0x4518c8,0x25ce5cf25338
0x53df0a,0x998897fd4710
0x4518c8,0x25ce5cf2b578
0x45ee80,0x25ce5cd7ed40
0x448b7a,0x25ce5cf2e838
0x45eeb8,0x25ce5cf2bca0
0x494c73,0x66598a83bd90
0x494c93,0x25ce5cf389b8
0x4494de,0xff3c8d614f80
0x46d633,0xf848bcf54f90
0x451882,0x25ce5cf41188
0x494c73,0x4741a6430f90
0x46d75a,0x25ce5cd863a0
0x53df14,0xcd28e577ebf8
0x45eea7,0x9e9c4d8da4f0
0x53df14,0xf5d9bd010998
0x46d633,0xf848bcf80990
0x456269,0x25ce5cd85aa8
0x53df0a,0xcc2ca3853d08
0x46d633,0x71d0d5a39110
0x494c60,0xd79e62b99fa8
0x494c73,0x13becdad6740
0x494c7e,0x24d6558f6778
0x494c93,0xca49da35c538
0x456269,0x25ce5cd87c68
0x53df14,0x1a64fc5d13a8
0x449502,0x1a64fc5d1344
0x4494f2,0xb1739fbd0980
0x4494f2,0x7ebb3c839f80
0x451882,0xb24660e823d8
0x45eea0,0xb24660e865b8
0x448b7a,0x13becdadbf78
0x45eeb8,0x1b7325642770
0x494c73,0xa040f20b1370
0x494c73,0x7ebb3c7c5a80
0x494c73,0xcc2ca37f1e30
0x494c73,0x25ce5cf208e0
0x53df0a,0x1a64fc5ec660
0x53df14,0xce13851023c8
0x46d614,0x66598a7d8fc0
0x451882,0xb24660e9c518
0x46d614,0xaff500799f80
0x44952d,0xd9e9d664c658
0x4494f2,0xc8d281f8fc0
0x494c73,0xb24660ea3120
0x494c73,0xcc2ca38298d0
0x494c73,0xce138515e510
0x494c93,0x71d5f3fc23f8
0x494c73,0x7cb7319f25e0
0x494c73,0xca49da35bda0
0x463aa3,0x25ce5cd8c66c
0x46d773,0x25ce5cdbbf70
0x449609,0xd79e62ae08e8
0x4064e3,0xd79e62ae0980
0x451882,0x543845931e38
0x451882,0xb24660eab558
0x45fe42,0xc8d283463a0
0x45ee80,0xb24660ea7200
0x53df14,0xf5d9bd08b3a8
0x45eea7,0xb24660eb1e10
0x4494f2,0xa040f222cd80
0x456269,0xb24660ea7298
0x494c73,0xf5d9bcfe6590
0x494c73,0x4741a6421190
0x494c7e,0xcc2ca372e838
0x53ffd1,0xf5d9bd0a3138
0x4518c8,0xafb8e5d42778
0x4537e7,0xafb8e5d408fc
0x4494f2,0xbf7dd5e56c00
0x45eea7,0x80a6daa65a90
0x45ee80,0x80a6daa67a00
0x45fe42,0xfdfd3a8c3130
0x4494f2,0x41d09e9ddc40
0x494c73,0x66598a8223d0
0x494c73,0xca49da3b1c70
0x494c73,0x66598a8098e0
0x42d894,0xafd74f962768
0x456198,0x25ce5cd92e98
0x456240,0x25ce5cd92ed4
0x4537e7,0x80a6daa72ecc
0x45ee80,0x80a6daa75270
0x53df14,0xe7c8f385118
0x46d633,0xce1385099f90
0x494c73,0x7cb731954710
0x494c73,0xa7d08ad3bda0
0x45ee80,0x80a6daa87a10
0x53df14,0xce1384f95118
0x45ee80,0x80a6daa91e30
0x448b7a,0x80a6daa91378
0x4537e7,0x80a6daa925cc
0x53ffd1,0xd79e62b05338
0x46d633,0xaff5007e6380
0x45eea0,0x2f2795736428
0x494c73,0xce1385010990
0x494c73,0x28d7cf492ea0
0x494c73,0x81c0a289a4e0
0x494c7e,0x5115330fa4f8
0x494c73,0xedc51a8f5110
0x463a8d,0x25ce5cdc0990
0x46d773,0x25ce5cdc08c0
0x53df0a,0x5115330cbca0
0x448b7a,0x80a6daaa7ce8
0x46d633,0x7ff68728bc80
0x45ee80,0x80a6daaa47d0
0x46d614,0xf5d9bd12b380
0x449502,0xcd28e57e5a84
0x494c73,0x71d5f3f87ce0
0x494c93,0x2c2cbb4a7cf8
0x494c7e,0xa1abd7fd1c78
0x494c73,0xfafbfab05100
0x559fe0,0xbf7dd5fe7238
0x45ee80,0x80a6daab8fe0
0x45ee80,0x25ce5cd96c00
0x45eeb8,0x80a6daac11b0
0x53df14,0x11faa172bc88
0x494c73,0x7cb7319d31d0
0x494c73,0x80a6daacb570
0x494c93,0x7ebb3c83bf78
0x46d773,0x25ce5cdc10e0
0x447a19,0x25ce5cd99130
0x559fe0,0xbf7dd5e6b3b8
0x53df14,0x2e448db4e818
0x45eea0,0x80a6daad2ef8
0x4537e7,0x80a6daad25dc
0x53df0a,0x7ebb3c819120
0x456269,0x25ce5cd989a8
0x53df14,0x2c2cbb4bbda8
0x4518c8,0x80a6daadbdb8
0x53df14,0x66598a7a7208
0x494c73,0xcc2ca37dc510
0x494c73,0xca49da388bb0
0x53df14,0x28d7cf594f98
0x448b7a,0x80a6daaeb3a8
0x53df0a,0xab2ecf3925e0
0x4494de,0x66598a7b25c0
0x45fe42,0xd9e9d66423e0
0x448b7a,0x80a6daaed788
0x44952d,0xa040f21d8fd8
0x451882,0x80a6daaf3578
0x53df0a,0x7ebb3c835260
0x4537e7,0x80a6daaf911c
0x456269,0x25ce5cd9bf78
0x5405e9,0x99d8269cc678
0x494c93,0xff3c8d5cdff8
0x494c73,0xb24660e90fa0
0x494c93,0xab2ecf419fb8
0x494c73,0x557be30698c0
0x494c73,0x80a6daaa08f0
0x4561ac,0x25ce5cd9e504
0x451882,0x557be3016768
0x4494f2,0x1a70aa761c40
0x448b7a,0x80a6dab05728
0x4494f2,0x1a70aa765700
0x53ffd1,0xcd28e577ed78
0x46d633,0x11faa1773540
0x45ee80,0x80a6dab11e20
0x4537e7,0x80a6dab1134c
0x494c73,0xcc2ca381e500
0x494c73,0xf5d9bd0d1360
0x494c73,0x80a6dab18990
0x494c93,0x80a6dab16438
0x494c73,0x71d0d58e11b0
0x494c73,0x80a6dab1bf50
0x40b657,0xafd74f96bc80
0x4494ea,0xb7ac7a96c1c8
0x46d614,0x7cb731920980
0x448b7a,0x80a6dab208e8
0x53df0a,0x11faa179c520
0x45eeb8,0x80a6dab25100
0x53e65a,0x7cb731927288
0x4494de,0x7cb731927200
0x449502,0x7ebb3c7f6744
0x494c73,0xf5d9bd0d13b0
0x463a96,0x557be3012ee8
0x42d851,0xb3a8ecd78ff8
0x4561ac,0x25ce5cdc5334
0x4494de,0x7cb731a53d00
0x45ee80,0x25ce5cda2740
0x45eea7,0x80a6dab35250
0x45ee80,0x80a6dab36740
0x53df14,0xd79e62ab1388
0x44952d,0xd79e62ab1348
0x4537e7,0x80a6dab3e53c
0x449502,0x7cb7319410c4
0x45fdd7,0x66598a7ecda8
0x494c73,0xf5d9bd1325e0
0x494c73,0x71d0d5a58980
0x494c73,0xcdaaa6e36750
0x494c73,0x7ebb3c7b8990
0x494c73,0x80a6daaa0d50
0x494c73,0xaff5007d4fb0
0x47338d,0x25ce5cdc5114
0x42d851,0x25ce5cda47c8
0x451882,0xb3a8ecd80d68
0x45eea7,0x80a6dab4dfd0
0x53e65a,0xca49da340d78
0x45ee80,0x80a6dab55130
0x53df0a,0x11faa17ebc98
0x53df14,0xd693286febd8
0x53e5fc,0x7cb731956438
0x494c73,0xcc2ca3822740
0x494c73,0x28d7cf521c40
0x494c93,0x80a6dab5c538
0x494c73,0x255430290f90
0x494c73,0xb7ac7a9663b0
0x46d633,0x99d826a023c0
0x53e5fc,0x7cb7319601b8
0x45eeb8,0x11faa17409b0
0x449502,0x11faa17febc4
0x53e5fc,0x7cb7319611b8
0x456269,0x25ce5cda5718
0x449502,0x7cb731962744
0x45eeb8,0xb3a8ecd85130
0x53e62b,0x7cb731967230
0x45ee80,0x80a6dab61180
0x4494ea,0x7cb731967288
0x494c60,0x6c5370391c68
0x494c73,0x66598a82e810
0x494c73,0x25ce5cf20d40
0x463e27,0x25ce5cda7a10
0x42dd73,0x25ce5cda7c78
0x4518c8,0xb3a8ecd8cdb8
0x456269,0x25ce5cda63b8
0x53df0a,0x4741a6425118
0x46d633,0xc8d281c5110
0x456269,0x25ce5cda65a8
0x451882,0x761845c608f8
0x451882,0xb3a8ecd8b578
0x4494de,0xff3c8d6223c0
0x494c73,0xc8d281e3130
0x494c73,0xcc2ca381ed70
0x494c73,0xcc2ca384e800
0x494c73,0x66598a7ac640
0x494c73,0xd79e62b3bda0
0x42f2dc,0x25ce5cda7cc0
0x559fe0,0xca49da3410c8
0x449680,0xb3a8ecd87c70
0x44959d,0xb3a8ecd87cc0
0x45eeb8,0x761845c725f0
0x4494f2,0xcd28e5723100
0x53e62b,0x7cb7319925d0
0x451950,0x761845c78ff8
0x4537e7,0x761845c7c52c
0x53e65a,0x71d5f3ee6598
0x456269,0x25ce5cda8bb8
0x45eeb8,0xb3a8ecd92eb0
0x451950,0xb3a8ecd92ef8
0x494c73,0x49950ab098f0
0x494c7e,0x7ebb3c7ce838
0x494c93,0x71d0d5a411b8
0x494c7e,0x80a6daafbf78
0x494c73,0xcd28e5894fa0
0x45fee6,0xcd28e5806590
0x447a40,0xd79e62b65330
0x53e49f,0xa678649647f8
0x45ff56,0xcc2ca38e2748
0x4602e0,0x25ce5ce31360
0x411d2f,0x25ce5ce31390
0x4552c0,0x25ce5ce2e834
0x559212,0x71d0d58d9f80
0x46d736,0x761845c8b560
0x463a8d,0x71d5f3e00d48
0x411c2e,0x25ce5ce36c28
0x46d75a,0x25ce5ce39100
0x46d736,0x761845c90980
0x4602e0,0x25ce5ce3a4c0
0x46d773,0xce1384fd31d0
0x411c2e,0x25ce5ce45738
0x45736c,0x25ce5cdab558
0x411c2e,0x25ce5ce498d8
0x46d736,0x761845c91c50
0x4552c0,0x25ce5ce4b3a4
0x463aa3,0x25ce5ce4bcac
0x4552b0,0x25ce5ce4c658
0x448b63,0x761845c93d08
0x45ff62,0xc8d282a5a88
0x411557,0x25ce5ce5098c
0x448b5a,0x25ce5ce47ce8
0x558f9a,0x25ce5ce5bf60
0x42ccca,0xcd28e58208d8
0x45fd16,0x25ce5ceeb380
0x4602e0,0x25ce5ce5dc70
0x46d75a,0x25ce5ce63120
0x53de87,0x28d7cf487238
0x447a14,0x25ce5ce665a4
0x4552b0,0x25ce5ce65118
0x412cc0,0x25ce5ce65aa8
0x4552c0,0x25ce5ce672a4
0x46d75a,0x25ce5ce67ce0
0x45ff56,0xc8d28222744
0x53de87,0x71d0d5a623d0
0x4552c0,0x25ce5ce70f94
0x411c2e,0x25ce5ce70998
0x4552b0,0x25ce5ce731f8
0x412cc0,0x25ce5ce73d28
0x448b63,0x761845ca5108
0x46d773,0xce1384f925f0
0x463aa3,0x25ce5ce7bdbc
0x46d773,0x761845cabcb0
0x4602e0,0x25ce5ce7bf40
0x53de87,0x932ec40465b0
0x46d75a,0x54c453211e20
0x448b5a,0x54c453211c68
0x4552c0,0x25ce5ce8b554
0x448b5a,0x25ce5ce898e8
0x45ff56,0x28e837cfdc78
0x4552b0,0x25ce5ce90f88
0x448b5d,0x9895a7c725d0
0x411c2e,0x25ce5ce92ee8
0x411d2f,0x25ce5ce92e90
0x45736c,0x761845cb3d38
0x412cc0,0x25ce5ce96768
0x447a20,0x25ce5ce95130
0x45736c,0x761845cb6c38
0x412cc0,0x54c453218fd8
0x53de87,0x932ec4071c60
0x558f9a,0x25ce5ce96420
0x411d2f,0x25ce5ce9dc60
0x412cc0,0x25ce5ce9ed58
0x45528e,0x25ce5cea3124
0x411c2e,0x25ce5cea5728
0x53e49f,0xb381a39fb8
0x463e27,0x25ce5cea7c40
0x45528e,0x25ce5cea7ce4
0x42ccca,0xca49da411e18
0x45ff4d,0x28e837c8e818
0x45ff7a,0xff3c8d611340
0x411c2e,0x25ce5ceac1e8
0x45ff56,0xaff5007fed58
0x45ff62,0xff3c8d5e7c40
0x448b5a,0x25ce5ceba4e8
0x46d773,0x761845cc5710
0x460050,0xd4cb943c98e0
0x4552c0,0x25ce5cebc534
0x4602e0,0x25ce5cebbdb0
0x447a20,0x25ce5cebed40
0x4552c0,0x25ce5cebebf4
0x46d729,0x7cb731ac10c8
0x463a8d,0x998897f67280
0x411c2e,0x25ce5ceb4708
0x46d75a,0x25ce5cec08f0
0x412cc0,0x25ce5cec09a8
0x4552b0,0x54c453226598
0x45ff56,0xcc2ca371a4f0
0x447a20,0x25ce5cec1c40
0x460bc0,0xa040f21c6380
0x412c87,0x25ce5cec7228
0x411557,0x25ce5cec728c
0x4552b0,0x25ce5cec7a38
0x558f9a,0x25ce5cec7c40
0x447a20,0x25ce5cecb570
0x558f9a,0x25ce5cecb3a0
0x460050,0x998897f8dfe0
0x53e49f,0xcc2ca37f6778
0x46d773,0xcd28e57a63b0
0x46d729,0x25ce5cdb2e88
0x448b5d,0x25ce5cdb2ed0
0x463a8d,0xcc2ca3847280
0x45ff7e,0xcd28e5891c40
0x45ff4d,0x6c537038dfc8
0x46d75a,0x25ce5cee08e0
0x412cc0,0x25ce5cee0998
0x46d729,0xd29ae09dbd88
0x46d75a,0x25ce5cedebd0
0x45736c,0xd29ae09dc538
0x448b5d,0xd29ae09ded50
0x53de87,0xafd74f96e820
0x45fd16,0x34a0172f3d00
0x447a20,0x25ce5cee6380
0x45ff7e,0xd69328736750
0x463e27,0x25ce5cee7cd0
0x448b5d,0x34a0172f6410
0x447a20,0x25ce5ced9f90
0x46d75a,0x25ce5cd78ff0
0x46d773,0x25ce5cdb31f0
0x4552c0,0x25ce5ceee804
0x412cc0,0x25ce5cef25e8
0x4552b0,0x25ce5cef2e88
0x4552c0,0x25ce5cef2ec4
0x4552b0,0x25ce5cef1388
0x46d75a,0x25ce5cef1e00
0x4552b0,0x25ce5cef6758
0x448b5a,0x25ce5cef1c48
0x4552c0,0x25ce5cef9f84
0x448b5d,0xfaef359e7230
0x46d773,0xd9e9d6605730
0x559212,0x25ce5ceedfc0
0x411c2e,0x25ce5ceed788
0x558f9a,0x25ce5cf01c60
0x448b5a,0x25ce5cf01198
0x447a20,0x25ce5cf03120
0x411c2e,0x25ce5cf047f8
0x558f9a,0x25ce5cf05320
0x447a39,0x25ce5cf05ab0
0x45736c,0x34a0173010f8
0x45fd16,0x34a017301180
0x4552c0,0x25ce5cf08b94
0x45ff7e,0xcc2ca37e7a10
0x463e27,0x25ce5cf008d0
0x45ff7e,0xd69328751e00
0x558f9a,0xcc2ca383a4c0
0x45ff7e,0xca49da3ac1c0
0x411557,0x25ce5cf0c1cc
0x460bc0,0x28d7cf4e47c0
0x559212,0xcc2ca37d8ff0
0x53de87,0x8876f2fc5330
0x46d773,0x34a01730b570
0x45528e,0x25ce5cf125e4
0x448b5d,0x34a01730d7b0
0x46d75a,0x25ce5cf13d20
0x463aa3,0x25ce5cf10fbc
0x460a83,0x25ce5cf15109
0x4552c0,0x25ce5cf19f84
0x412cc0,0x25ce5cf18998
0x45736c,0x34a017311e18
0x460050,0xf848bcf15130
0x558f9a,0x25ce5cf1a4e0
0x45736c,0x34a0173125d8
0x46d75a,0x25ce5cf223c0
0x46d773,0xa6786496b390
0x42ccca,0x8876f2fd4718
0x411c2e,0x25ce5cf25718
0x53de87,0xb1739fbd0fa0
0x45ff7a,0xf848bcf54f90
0x4602e0,0x25ce5cf27c70
0x411c2e,0x25ce5cf27cf8
0x46d743,0x998897fd4710
0x412cc0,0x25ce5cf2c1d8
0x448b5a,0x25ce5cf2e838
0x45fd16,0x203e00121c40
0x411c2e,0x25ce5cf30f98
0x447a14,0x25ce5cf3c504
0x412c87,0x25ce5cf3ebe8
0x45ff7e,0xf848bcf80990
0x53e49f,0xb7ac7a9c23f8
0x4552c0,0x25ce5cf447e4
0x53de87,0xce1384fba4c0
0x4552c0,0x25ce5cf48bb4
0x448b63,0x34a017325108
0x463e27,0x9e9c4d8da4f0
0x4602e0,0x38cf9ad50fa0
0x45736c,0x34a0173298f8
0x45ff56,0x7ebb3c839f80
0x45ff62,0x1a64fc5d1344
0x46d75a,0x38cf9ad56740
0x558f9a,0x38cf9ad55130
0x53de87,0xb7ac7a9f31c0
0x46d729,0x34a01732e808
0x46d729,0xcd28e5814708
0x4552b0,0x13becdad9f88
0x4552b0,0x13becdade518
0x42ccca,0x1a64fc5d13a8
0x4602e0,0xb24660e810c0
0x45528e,0xb24660e83124
0x45528e,0xb24660e85704
0x4115a9,0xb24660e87200
0x411d2f,0xb24660e87290
0x448b5a,0x13becdadbf78
0x411d2f,0xb24660e898c0
0x45736c,0x99d8269e1c58
0x45ff62,0xd9e9d664c658
0x45ff56,0xc8d281f8fc0
0x558f9a,0xb24660e931d0
0x460050,0x1a64fc5ec660
0x4552b0,0xb24660e96418
0x412c87,0xb24660e99108
0x559212,0xb24660e9bd80
0x53de87,0xf5d9bcfc5310
0x45736c,0x34a01733ebf8
0x460a83,0xb24660e9ed59
0x45ff56,0xa040f222cd80
0x46d75a,0xb24660e95240
0x412c87,0xb24660ea08d8
0x4552c0,0x7dd1755f5124
0x558f9a,0x7dd1755f5260
0x4602e0,0xb24660ea09a0
0x460bc0,0xcd28e5868b80
0x45736c,0x11faa17672b8
0x4602e0,0x7dd1755f4f80
0x46d75a,0xb24660ea7a10
0x46d75a,0xb24660ea8bb0
0x53de87,0xbcd57edf4fa0
0x463e27,0xb24660eab558
0x463e27,0xb24660eb1e10
0x53de87,0xb7ac7a9cd7b0
0x4552b0,0xb24660eb3d18
0x558f9a,0xb24660eb5240
0x53de87,0xf5d9bd007cc0
0x558f9a,0xb24660ec0d40
0x46d729,0xcd28e5843108
0x463aa3,0xafb8e5d408fc
0x45ff62,0x41d09e9ddc40
0x412c87,0xafb8e5d409b8
0x46d773,0xfaef35a125d0
0x4552c0,0x80a6daa65334
0x463e27,0x80a6daa65a90
0x558f9a,0x80a6daa665a0
0x558f9a,0x80a6daa67a00
0x559212,0x80a6daa68b80
0x45ff7e,0xce1385099f90
0x53e49f,0xb7ac7aa063b8
0x4552c0,0x80a6daa725d4
0x463aa3,0x80a6daa72ecc
0x558f9a,0x80a6daa76c00
0x558f9a,0x80a6daa75100
0x558f9a,0x80a6daa7a4d0
0x42ccca,0xe7c8f385118
0x45528e,0x80a6daa7bf64
0x4552c0,0x80a6daa7dc64
0x45528e,0x80a6daa73544
0x412cce,0x80a6daa7ed51
0x412cc0,0x80a6daa71368
0x4115a9,0x80a6daa71380
0x4552c0,0x80a6daa71c44
0x4115a9,0x80a6daa87200
0x411d2f,0x80a6daa87290
0x4602e0,0x80a6daa8b390
0x4552c0,0x80a6daa91c64
0x448b5a,0x80a6daa91378
0x463aa3,0x80a6daa925cc
0x558f9a,0x80a6daa92e90
0x45ff7e,0x7ff68728bc80
0x559212,0x80a6daa94f90
0x4552b0,0x80a6daa9a4f8
0x4552b0,0x80a6daaa3108
0x460050,0x5115330cbca0
0x558f9a,0x80a6daaa5310
0x45528e,0x80a6daaa5ab4
0x46d773,0x9895a7cc1180
0x448b5a,0x80a6daaa7ce8
0x45736c,0x34a017368ba8
0x4602e0,0x80a6daaa65b0
0x45ff62,0x7ebb3c7f6744
0x45ff56,0xbf7dd5e5ed60
0x46d773,0x34a017370f80
0x559212,0x80a6daab0f80
0x558f9a,0x2f2795739120
0x45fee6,0x34a017367c4c
0x46d736,0x7ebb3c8047f0
0x45528e,0x80a6daabdc74
0x411557,0x80a6daac018c
0x411d2f,0x80a6daabc510
0x448b5d,0x34a017378fd0
0x463a96,0xcc2ca38d8998
0x411c2e,0x80a6daac5128
0x46d736,0x34a01737bdb0
0x412cce,0x80a6daac6391
0x463aa3,0x80a6daad25dc
0x558f9a,0x80a6daad2e80
0x42ccca,0x2e448db4e818
0x53de87,0x5115330f5120
0x457432,0x34a01737dc70
0x53de87,0xf5d9bd0b8fc0
0x46d773,0xe7c8f3a09a0
0x460050,0x7ebb3c819120
0x46d75a,0x80a6daad8ff0
0x4552b0,0x80a6daad6c38
0x4602e0,0x80a6daad6410
0x45ff56,0xd9e9d66423e0
0x45ff56,0xa040f21d8fd8
0x4552c0,0x80a6daad3544
0x411c2e,0x80a6daaded68
0x447a39,0x80a6daad3d30
0x448b83,0x34a017385a80
0x4115a9,0xa60a0cc28b80
0x46d75a,0x80a6daaeb560
0x4552c0,0x80a6daaebc94
0x42ccca,0x28d7cf594f98
0x448b5a,0x80a6daaeb3a8
0x411d2f,0x80a6daaee810
0x460050,0xab2ecf3925e0
0x448b5a,0x80a6daaed788
0x4602e0,0x80a6daaf6c10
0x460050,0x7ebb3c835260
0x53de87,0xa040f2056760
0x463aa3,0x80a6daaf911c
0x411557,0x80a6daafa4cc
0x45ff7a,0x878ddfa53d0c
0x411c2e,0x80a6dab05a98
0x448b5a,0x80a6dab05728
0x45736c,0x34a017391c68
0x46d773,0xbf7dd6030980
0x53de87,0xb7ac7a9a0d60
0x447a20,0x80a6dab0bc90
0x559212,0x80a6dab0cdb0
0x411c2e,0x80a6dab0c658
0x412cce,0x80a6dab0e811
0x46d736,0x34a017395260
0x53de87,0xf5d9bd111c70
0x463aa3,0x80a6dab1134c
0x46d75a,0x80a6dab113a0
0x4552c0,0x80a6dab11c54
0x46d773,0xf848bcf54700
0x4602e0,0x80a6dab1c500
0x45fd16,0xfe2fc1f50980
0x463a8d,0xb7ac7a96c1c8
0x46d75a,0x80a6dab1e520
0x46d773,0x34a017398ff0
0x4552c0,0x80a6dab1ed74
0x448b5d,0x34a017399110
0x558f9a,0x80a6dab201a0
0x4552b0,0x80a6dab223f8
0x448b5a,0x80a6dab208e8
0x460050,0x11faa179c520
0x412cc0,0x80a6dab27a08
0x45ff56,0xd79e62ab1348
0x46d75a,0x80a6dab1dc40
0x53de87,0xce13850063b0
0x4552b0,0x80a6dab2bc88
0x4602e0,0x80a6dab2b3a0
0x4552c0,0x80a6dab23104
0x463a96,0x557be3012ee8
0x45ff62,0x66598a7ecda8
0x463a8d,0x7cb731a53d00
0x463e27,0x80a6dab35250
0x559212,0x80a6dab38ff0
0x558f9a,0x80a6dab36740
0x448b83,0x34a0173a7c40
0x448b5d,0xb24660ea23e0
0x448b5d,0x34a0173a8ba0
0x457432,0xbf7dd5f85ab0
0x447a20,0x80a6dab40990
0x4552b0,0x80a6dab408c8
0x46d75a,0x80a6dab411a0
0x447a40,0x80a6dab41c70
0x412cc0,0x80a6dab48bb8
0x4552b0,0x80a6dab4b548
0x4552c0,0x80a6dab4d794
0x463e27,0x80a6dab4dfd0
0x45ff7a,0x99d826a023c0
0x447a20,0x80a6dab50fa0
0x45528e,0x80a6dab4c654
0x448b5d,0x34a0173ae830
0x411c2e,0x80a6dab51c58
0x4602e0,0x80a6dab52ec0
0x460a83,0x80a6dab52e89
0x412c87,0x80a6dab56778
0x42ccca,0xd693286febd8
0x53de87,0xf5d9bd198980
0x460050,0x11faa17ebc98
0x46d75a,0x80a6dab60180
0x460a83,0x80a6dab623c9
0x411c2e,0xc6aa2d594718
0x4552c0,0xc6aa2d595104
0x558f9a,0xc6aa2d595240
0x4552b0,0xc6aa2d593558
0x53e49f,0x28e837cf1c78
0x45ff7e,0xc8d281c5110
0x46d75a,0x8d6838735120
0x447a39,0x8d6838734fb0
0x4602e0,0x8d6838735250
0x45ff62,0xfdfd3a8c3130
0x46d75a,0x8d6838736410
0x558f9a,0x80a6dab610f0
0x558f9a,0x80a6dab61180
0x4552b0,0x761845c51348
0x4552c0,0x761845c51384
0x53de87,0xa1abd7fddc60
0x412cce,0x761845c51e11
0x4552c0,0x761845c525e4
0x45528e,0x761845c52ec4
0x447a39,0x761845c52eb0
0x411c2e,0x761845c531d8
0x411c2e,0x761845c59118
0x4552c0,0x761845c5dc74
0x460050,0x4741a6425118
0x45fdfc,0x34a0173c47dc
0x460a83,0x761845c5a4c9
0x45ff62,0x28e837cfdc78
0x53de87,0xd79e62b13550
0x463a8d,0xff3c8d6223c0
0x412cce,0x761845c731d1
0x447a39,0x761845c75270
0x46d75a,0x761845c79fa0
0x463aa3,0x761845c7c52c
0x45736c,0x34a0173d1348
0x448b5d,0x34a0173d13a0
0x4552b0,0xb3a8ecd94718
0x45ff56,0x1719cc725e0
0x45ff7a,0x8d986902b38c
0x45ff7e,0xcc2ca38e09a0
0x45eebb,0x28e837ce3118
0x46d75a,0x203e0011ed60
0x447a39,0x203e0011ebf0
0x46d773,0x3a044724e800
0x47338d,0x4d2bb47d9fbc
0x463a96,0x5115330ccd80
0x463aa3,0xb381a3bf4c
0x463e27,0xb381a3bda0
0x463e27,0xb381a46380
0x46d75a,0xb381a46580
0x443d2b,0x4741a6413551
0x463aa3,0xb381a4e81c
0x412719,0xb381a51c48
0x46d773,0x4741a6414f80
0x409edb,0xcd28e57b2eb8
0x53cacd,0xcd28e57b2ed8
0x45ff56,0x11e281df9100
0x412c87,0x11e281e047d8
0x46091a,0xf5d9bd0a10e8
0x409edb,0xf5d9bd0a1188
0x46d729,0x66598a7b6748
0x443d2b,0x32bd14b96c31
0x46d75a,0xc1b5f0189b0
0x47338d,0x69dd93b79fac
0x412c87,0xe470055f25d8
0x46d773,0xcc2ca38ecda0
0x4608f0,0xbf7dd5f210d8
0x46d773,0xb381a53560
0x443d2b,0xc5e52af68b91
0x443d2b,0xc5e52af709b1
0x463a96,0xdd2838a59100
0x4608f0,0xbf7dd5f05318
0x47338d,0xc5e52af7642c
0x4602e0,0x133ad1cacd90
0x412768,0x1719cc5dc48
0x46d18d,0xcc2ca3850990
0x5405e9,0xbf7dd5eee838
0x46091a,0xb7ac7a96c668
0x4608f4,0x28e837cf2e80
0x46d729,0xf5d9bd0da4c8
0x47338d,0x1719cc7dc5c
0x46d18d,0x2c2cbb4698d0
0x53cacd,0xf5d9bd0e7218
0x4608f0,0xbf7dd5ebbf68
0x46d773,0x8d98690272a0
0x53cacd,0xcc2ca38498c8
0x46d773,0x66598a767220
0x45ff4d,0x28e837c8d788
0x412719,0x54962a2c08c8
0x4608f4,0x6c6f1e4c5100
0x412768,0x54962a2c0988
0x45ff4d,0x28e837c9ed78
0x45ff56,0x28d7cf4210c0
0x412cc0,0x3a044724d798
0x45ff4d,0x28e837c8e818
0x411557,0x24d6558ecd8c
0x46d18d,0xcc2ca3872ee0
0x412c87,0x3a044725dc78
0x45ff90,0x4741a6425700
0x47338d,0x3a044726513c
0x412c87,0x3a044726b548
0x412c87,0x3a044726e838
0x4608f0,0x66598a805108
0x45ff62,0xd9e9d66b1360
0x53cb5b,0xce1384f847f8
0x45ff4d,0x28e837c92e88
0x5405e9,0xa040f209ed78
0x47338d,0x24d6558f4fbc
0x45ff7a,0xbf7dd5e54f8c
0x45ff62,0x3a0447275240
0x45ff56,0x99d8269cc1c0
0x45ff7e,0x99d8269f472c
0x47338d,0x99d8269d4f8c
0x409eee,0xa040f2133578
0x412755,0xf5d9bd136400
0x463e27,0x99d8269d8fe0
0x46d729,0x7ebb3c7a6388
0x412c87,0x99d8269de538
0x443d2b,0x99d8269e7c51
0x409edb,0xedc51a919fa8
0x46d193,0xe470055e7cf0
0x53cacd,0xf5d9bd145318
0x463e27,0x99d826a00180
0x409edb,0xb6605691a4c8
0x409eee,0xa040f20fbf78
0x463aa3,0xbf7dd5e51c4c
0x412743,0xbf7dd5e51e38
0x46d18d,0x28d7cf4d1c40
0x45ff7e,0xca49da3c8b8c
0x412cc0,0xbf7dd5e6e838
0x46091a,0xf5d9bd165aa8
0x46d18d,0x1719cc8e830
0x53cacd,0x464939aec658
0x45ff62,0xbf7dd6027cc0
0x409eee,0xf5d9bd1789b8
0x46d75a,0xbf7dd5e8e830
0x412743,0xbf7dd5e91c58
0x46d18d,0x3a0447246380
0x46001c,0x34a017378fd0
0x46d75a,0xbf7dd5e9c500
0x443d2b,0xbf7dd5e54731
0x46d75a,0xbf7dd5ea5a80
0x46d743,0xbf7dd5e52ef8
0x46d773,0xcdaaa6e309a0
0x4608f0,0x4741a643e508
0x53cacd,0x3a044726d7b8
0x463aa3,0xdd2838a647dc
0x443d2b,0xbf7dd5ed2ef1
0x443d2b,0xbf7dd5e8b551
0x45ff7a,0x7cb731ac10c8
0x53cacd,0x99d8269d31e8
0x53cb5b,0xa1abd7fdebf8
0x463aa3,0xbf7dd5ee11ac
0x45ff62,0xbf7dd5f3a4d0
0x463a8d,0xbf7dd5e7ed68
0x463a8d,0xbf7dd5e9e528
0x46d181,0x71d5f3fcb380
0x463a8d,0xbf7dd5e9dc68
0x463a8d,0x66598a76b3a8
0x53cb5b,0xd79e62ae5308
0x45ff56,0x878ddfa41c40
0x45ff89,0x66598a7ba4c0
0x45ff56,0xce1385001c40
0x45ff62,0xce13850f1340
0x46091a,0xd79e62af2eb8
0x46d729,0xd79e62af2ec8
0x46d75a,0xbf7dd5f247d0
0x45ff56,0x2e448dacb390
0x473397,0xbf7dd5f408d8
0x47338d,0xbf7dd5f4098c
0x46091a,0xd79e62b8c1e8
0x463aa3,0xbf7dd5f5471c
0x53cb5b,0xbf7dd5e98ff8
0x53cacd,0xbf7dd5e9bdb8
0x412c87,0xbf7dd5f610e8
0x4602e0,0xbf7dd5f611b0
0x46d18d,0x71d5f3fd4f80
0x463aa3,0xbf7dd5f6531c
0x46d18d,0xbf7dd5eb4700
0x45ff7e,0xbf7dd6027c6c
0x46d75a,0xbf7dd5f71c40
0x5405e9,0xd79e62b05ab8
0x53e083,0xb3a8ecd87c70
0x45eebb,0x28e837ce3118
0x448b7a,0xb381a410d8
0x4494de,0xf5d9bd080980
0x53df0a,0x11faa17f4708
0x53ffd1,0x11faa1851e38
0x45ee80,0x4d2bb47d1340
0x53e65a,0x7cb7319a47f8
0x494c93,0x203e00122778
0x45ff62,0xce1384fab560
0x44959d,0xce1385053550
0x44952d,0x11faa185c518
0x448b7a,0x32bd14b93568
0x4494de,0x7cb7319abc80
0x456269,0xf775d317ebf8
0x456269,0xf775d317ed78
0x451882,0x203e0012dfe8
0x494c73,0xa040f2151e38
0x494c73,0xbf7dd6007210
0x494c73,0x203e00131c50
0x46d75a,0xf775d3180d70
0x42ccad,0xd9e9d6682748
0x456198,0x203e001331d8
0x46d614,0x7cb7319c0d40
0x53df14,0xcd28e5816438
0x46d633,0xcd28e57ee800
0x53e65a,0xff3c8d613d38
0x4494ea,0x908653178988
0x46d633,0x7cb7319d0f90
0x44952d,0x2c2cbb474718
0x53df14,0x11faa1891c68
0x4494de,0x11faa18925c0
0x45ff89,0xbf7dd5ef25c0
0x45ee80,0xf775d3181c60
0x45eea0,0xe7454ce5dc68
0x449502,0x11faa18ad784
0x451882,0x203e0013ed58
0x494c73,0xff3c8d5d25d0
0x494c73,0xcd28e5816c20
0x45ff89,0x34a017301180
0x447a20,0x3a0447253560
0x456198,0xf775d31847e8
0x53df0a,0xff3c8d60d790
0x4518c8,0x3a0447254738
0x45fe42,0x34a017385a80
0x46d614,0x7cb731a00d40
0x45eeb8,0x24d6558f31e0
0x45eea0,0x24d6558f5138
0x46d75a,0xf775d3187a00
0x44952d,0xce138500dfc8
0x46d614,0x7cb731a0b540
0x46d633,0x7cb731a16400
0x4537e7,0xbf7dd5e51c4c
0x447a14,0xf775d3188ba4
0x559fe0,0x2c2cbb491e08
0x558f9a,0x92da1fa43120
0x45eea0,0xbf7dd5e731e8
0x53e62b,0x7cb731a2e810
0x53e5fc,0x7cb731a313b8
0x456269,0xbf7dd5e5dc48
0x494c97,0xdd2838a389b8
0x449929,0xc48ca901bf50
0x447a20,0xbf7dd5e99120
0x53df0a,0xf5d9bd056418
0x46d633,0x7cb731a40d50
0x53df14,0xe7c8f3b5258
0x53e62b,0xc8d283389b0
0x53df14,0x24d6558cd7b8
0x494c73,0x66598a752eb0
0x494c73,0x8a4feef65720
0x494c7e,0x28d7cf42c1f8
0x463a8d,0xbf7dd5e80d60
0x46d75a,0xf775d318bcb0
0x447a20,0xbf7dd5ed1c70
0x559fe0,0x92da1fa51358
0x456269,0xbf7dd5ed1358
0x45ee80,0xbf7dd5ed1380
0x45eea0,0xbf7dd5ee1c68
0x53df14,0x71d5f3ee5738
0x53e65a,0x7cb731a55248
0x494c97,0x11faa172e838
0x494c73,0x66598a830fa0
0x494c73,0x92da1fa55120
0x45ee80,0xbf7dd5f13540
0x53df0a,0xe7c8f3e47e0
0x451882,0x92da1fa60998
0x45ee80,0xbf7dd5f33540
0x45ee80,0xbf7dd5f43100
0x53e62b,0x7cb731a73550
0x494c73,0x6af9d6d0dfc0
0x42f294,0xf775d318d7b0
0x42d894,0x66598a7d1e38
0x4494ea,0x66598a7a98c8
0x53e62b,0xce13851208c0
0x4537e7,0xbf7dd5f5471c
0x44952d,0xe470055e7c58
0x53e65a,0xce1385120988
0x45ee80,0xbf7dd5f5e520
0x53e65a,0x7cb731a801a8
0x448b7a,0xbf7dd5f5ebd8
0x449502,0x7ebb3c7d1e04
0x451882,0x92da1fa6c668
0x45eea0,0xbf7dd5f713b8
0x45eeb8,0x92da1fa6cd80
0x494c73,0x92da1fa71c70
0x494c73,0x878ddf9e7c70
0x558f9a,0x24d6558d13a0
0x448b5d,0x4d2bb47d31d0
0x463a96,0x5115330ccd80
0x46d743,0x11faa17f4708
0x447a20,0xb381a51350
0x4552c0,0x11e281df6414
0x460a83,0xb381a51c48
0x412c87,0x11e281e047d8
0x447a20,0x32bd14b8e830
0x448b5a,0x32bd14b93568
0x448b63,0x4741a6450f88
0x46d75a,0xc1b5f0189b0
0x448b5d,0x8d9869025730
0x4552b0,0xe470055e98e8
0x412c87,0xe470055f25d8
0x558f9a,0xe470055f2e80
0x4552b0,0xe470055f2ec8
0x45736c,0xcc2ca38ecda0
0x45736c,0xb381a53560
0x45ff7e,0xcd28e5843108
0x45ff56,0x2c2cbb474718
0x4602e0,0x133ad1cacd90
0x411c2e,0x1719cc5dc48
0x45fd16,0x32bd14b87c40
0x558f9a,0x1719cc7bf70
0x463a8d,0x11faa18925c0
0x4552c0,0x203e00135104
0x558f9a,0x203e00135240
0x448b63,0x66598a767288
0x447a20,0x54962a2b8fd0
0x4552b0,0x54962a2c3138
0x448b5d,0x1719cc589b0
0x45528e,0x54962a2c7c64
0x4552b0,0x3a0447245718
0x4552b0,0x3a0447247a08
0x411d2f,0x3a0447247210
0x412cc0,0x3a044724d798
0x559212,0x3a044724dff0
0x411557,0x24d6558ecd8c
0x448b5d,0x3a0447259110
0x412c87,0x3a044725dc78
0x4552c0,0x3a0447268b84
0x45528e,0x3a044726b384
0x412c87,0x3a044726e838
0x448b5d,0x1719cc90f90
0x45528e,0x3a044727bf44
0x45528e,0x99d8269cb574
0x448b5d,0x1719cc92e90
0x45fd16,0x1719cc92ec0
0x559212,0x99d8269d89a0
0x412c87,0x99d8269de538
0x4552b0,0x99d8269ded48
0x558f9a,0x99d826a00d70
0x448b5d,0x1719cc93d30
0x46d736,0x3a04472623d0
0x4552c0,0xbf7dd5e51344
0x558f9a,0xbf7dd5e513a0
0x4552b0,0x24d6558fc518
0x448b63,0x3a0447276408
0x412cc0,0xbf7dd5e6e838
0x448b5d,0xcdaaa6e31c50
0x4552c0,0xbf7dd5e76404
0x45528e,0xbf7dd5e76c04
0x558f9a,0xbf7dd5e847c0
0x46d75a,0xbf7dd5e8e830
0x411c2e,0xbf7dd5e91c58
0x46d773,0x99d8269f472c
0x46d75a,0xbf7dd5e9c500
0x4552c0,0xbf7dd5ea5124
0x46d75a,0xbf7dd5ea5a80
0x4552b0,0xbf7dd5ead788
0x45528e,0xbf7dd5eb31f4
0x53de87,0xbf7dd5ebbf68
0x46d736,0x99d8269f0f90
0x460bc0,0x28e837cf2e80
0x447a20,0xbf7dd5eedfd0
0x53e49f,0xbf7dd5eee838
0x4552c0,0xbf7dd5f02754
0x447a39,0xbf7dd5f07230
0x4552c0,0xbf7dd5f07c54
0x4552b0,0xbf7dd5f07cf8
0x53de87,0xbf7dd5f05318
0x4552b0,0xbf7dd5f20d58
0x46d75a,0xbf7dd5f247d0
0x53de87,0xbf7dd5f210d8
0x4552c0,0xbf7dd5f36744
0x448b5d,0x66598a7663a0
0x559212,0xbf7dd5f389b0
0x4552c0,0xbf7dd5f3dc44
0x4552b0,0xbf7dd5f46388
0x463aa3,0xbf7dd5f5471c
0x4552b0,0xbf7dd5f54f88
0x412c87,0xbf7dd5f610e8
0x4602e0,0xbf7dd5f611b0
0x45ff7e,0x34a017367c4c
0x558f9a,0xbf7dd5f71340
0x45ff7e,0xbf7dd6027c6c
0x45ff56,0xf5d9bcff5100
0x46d75a,0xbf7dd5f71c40
0x411d2f,0xbf7dd5f823d0
0x443d2b,0x4741a6427291
0x410800,0x6c53703309b0
0x46d15e,0x4741a6419100
0x45ff56,0x878ddfa41c40
0x45ff4d,0x28e837c92e88
0x53cacd,0x6c537034b548
0x46d18d,0xbf7dd5ee0990
0x53cacd,0x6c537035bf58
0x45ff89,0x4741a6425700
0x45ff56,0xcd28e57ce800
0x443d2b,0xbf7dd5f925f1
0x47338d,0xbf7dd5f931dc
0x42ccad,0x6c53703a47e0
0x46d773,0xa7d08ad07cd0
0x443d2b,0x2554302a10f1
0x463a8d,0x2554302a1c78
0x443d2b,0xbf7dd5fa5ab1
0x42ccad,0xa7d08ad13d00
0x47338d,0xbf7dd5fabc94
0x45ff56,0x28d7cf4210c0
0x473397,0xbf7dd5fb2e80
0x443d2b,0xbf7dd5fb4711
0x410800,0x5829a6ec65a0
0x463aa3,0xbf7dd5fc0d4c
0x45ff56,0xcd28e5908b80
0x45ff62,0x66598a7ecda8
0x412c87,0xbf7dd5fc47e8
0x53cb5b,0xbf7dd5f325f8
0x412cc0,0xbf7dd5fc7218
0x410c00,0xbf7dd5fc72a8
0x410c00,0xbf7dd5fcbc88
0x463e27,0xbf7dd5fd3540
0x45ff90,0x34a0172f3d00
0x46d75a,0xbf7dd5fd5120
0x410c00,0xbf7dd5fd5268
0x53cb5b,0xfafbfab0e818
0x412cc0,0xbf7dd5fe6388
0x473397,0xbf7dd5fe6590
0x443d2b,0xbf7dd5fe8b81
0x45ff56,0xcc2ca38e2748
0x46d18d,0xcc2ca3754730
0x410c26,0xbf7dd5ff31f8
0x45ff4d,0x28e837c92ee8
0x46d75a,0xbf7dd5ffed40
0x45ff56,0x25ce5cdb2ed0
0x45ff7a,0x25ce5cdb2e88
0x46d75a,0xbf7dd6005100
0x463e27,0xbf7dd60098e0
0x46d75a,0xbf7dd600b570
0x4115a9,0xbf7dd600dfc0
0x47338d,0xbf7dd601139c
0x463aa3,0xbf7dd6013d0c
0x410b32,0xbf7dd6021c40
0x460050,0xedc51a8fbda0
0x410c00,0xbf7dd6045118
0x463aa3,0xbf7dd6047a0c
0x443d2b,0xaa4eb5de23e1
0x443d2b,0xaa4eb5de2751
0x443d2b,0xaa4eb5de7a11
0x410b32,0xaa4eb5de98c0
0x5405e9,0x71d5f3e8cdb8
0x45ff62,0xfdfd3a8c3130
0x410c00,0xaa4eb5df6c38
0x46d75a,0xaa4eb5dfa4d0
0x45ff62,0x761845c93d08
0x42ccad,0x71d5f3ea2770
0x4602e0,0x9ae0765fc530
0x463a8d,0x3a0447263128
0x46d75a,0x9ae076607200
0x412cc0,0x9ae0766072b8
0x45ff7a,0x99d8269e1c58
0x412cc0,0xbf7dd5e78fd8
0x53cb5b,0xbf7dd6000188
0x45ff7a,0x34a01732e81c
0x463aa3,0x7c53326f1c6c
0x410c00,0x7c53326f1e08
0x53cb5b,0x71d5f3ef9108
0x412c87,0xc8d28174708
0x46d18d,0xbf7dd600c640
0x410b32,0xc8d2817ebf0
0x412c87,0xc8d28185118
0x463a96,0xdd2838a59fa0
0x46d193,0x1719cc76c30
0x47338d,0xc8d2818e834
0x409eee,0x71d5f3f447f8
0x53cb5b,0x71d5f3e389a8
0x463a96,0xdd2838a60198
0x45ff56,0x28e837cfdc78
0x410c00,0xc8d281a7a08
0x473397,0xc8d281a7c50
0x443d2b,0xc8d281ac661
0x443d2b,0x24d65593a4f1
0x410b32,0xc8d281b1e10
0x463a8d,0x51a63c50fb8
0x46d181,0xaa4eb5dec640
0x53cacd,0x71d5f3f6cd88
0x410b90,0xc8d281b6748
0x45ff7e,0xbf7dd5ee7cec
0x45ff56,0xbf7dd5f3a4d0
0x460050,0x8876f2fd89a0
0x410b32,0xc8d281c7c60
0x41091b,0x71d5f3f96408
0x45ff62,0x34a017325108
0x473397,0xc8d281ccd98
0x46d181,0x9ae0765fbd80
0x53cb5b,0x71d5f3fb6748
0x463a8d,0xbf7dd5e8c678
0x46d773,0x71d5f3fb9fb0
0x53cacd,0x9ae076603118
0x473397,0xc8d281e0990
0x53cb5b,0x9ae0766063b8
0x45fefd,0x32bd14b87c40
0x412c87,0xc8d281e5118
0x5405e9,0x71d5f3fc1c78
0x46d773,0x71d5f3fb5260
0x410c00,0xc8d281f0f98
0x53cacd,0x71d5f3ff1e08
0x45ff90,0xfe2fc1f50980
0x412cce,0xc8d282010d1
0x410c00,0xc8d28201198
0x409eee,0x71d5f3fb3d38
0x473397,0xc8d282098d8
0x410b32,0xc8d28210f80
0x42ccad,0xca49da334720
0x463a96,0xdd2838a608d0
0x47338d,0xc8d282208e4
0x53cacd,0xc8d281a1c68
0x45fece,0x4741a6450f88
0x45ff7a,0xd29ae09dbd88
0x53cb5b,0xca49da376c08
0x47338d,0xc8d2822dff4
0x46d15e,0xbf7dd5ef6c10
0x463aa3,0xc8d28239fac
0x473397,0xc8d2823a4c8
0x443d2b,0xc8d282423d1
0x443d2b,0xc8d28242741
0x46d15e,0x49950ab113a0
0x46d75a,0xc8d28245110
0x410b32,0xc8d2824c660
0x47338d,0xc8d2825135c
0x463a96,0xdd2838a60d50
0x45ff56,0x4741a6420188
0x47338d,0xc8d28261c4c
0x410c00,0xc8d28267a38
0x47338d,0xc8d28267c64
0x45ff4d,0x28e837c8e818
0x46d15e,0xc8d28270fb0
0x45feea,0xcc2ca38ecda0
0x47338d,0xc8d2827ebe4
0x443d2b,0xc8d282808d1
0x5405e9,0xc8d282072b8
0x46d15e,0xc8d282211a0
0x45ff90,0x34a017301180
0x443d2b,0xc8d28290fa1
0x473397,0xc8d28292e80
0x45ff56,0xce13851065b0
0x45ff90,0x25ce5ceeb380
0x443d2b,0xcc2ca38e10e1
0x410b90,0xc8d282a8b88
0x46d18d,0xbf7dd5f113a0
0x53cb5b,0xa7d08ad58ff8
0x53cb5b,0xbf7dd5f509b8
0x473397,0xc8d282bbf40
0x410887,0xc8d282bbd80
0x45ff62,0x71d0d593a4f0
0x47338d,0xc8d282c6394
0x47338d,0xc8d282c659c
0x45ff90,0x203e00121c40
0x45ff62,0x34a0173d8fe0
0x45ff7e,0x34a0173c47dc
0x46001c,0xc8d283463a8
0x47338d,0xc8d282f6404
0x45ff56,0xd79e62b9dc50
0x47338d,0xc8d28307a04
0x45ff56,0xa040f20fdc50
0x46d15e,0xc8d281d89a0
0x45ff62,0xb7ac7aa16420
0x473397,0xc8d28313540
0x47338d,0xc8d2831910c
0x46d773,0x49950ab10fb0
0x47338d,0xc8d2831bd94
0x443d2b,0xc8d28327ce1
0x473397,0xc8d283331c0
0x53cacd,0xc8d282847c8
0x45ff62,0x6c53703a2760
0x412cc0,0xc8d2833c518
0x463aa3,0xc8d283447cc
0x46d181,0xc8d28291340
0x410b32,0xc8d28360d50
0x463e27,0xc8d28363110
0x45ff56,0x34a0173a7c40
0x410c00,0xaf4780c8c1f8
0x45fee6,0x25ce5cdab558
0x53e083,0xcc2ca3754730
0x45eebb,0x28e837ce3118
0x44e194,0x34a0173da4c8
0x451882,0x25ce5ce35278
0x46d614,0xb7ac7a94c1c0
0x4064e3,0xd79e62c4c650
0x447a40,0xd79e62b65330
0x45736c,0x761845c87c78
0x448b5d,0x761845c87cd0
0x4602e0,0x25ce5ce31360
0x53e62b,0x7cb731a95100
0x44e194,0x34a0173e5308
0x411913,0x25ce5ce31390
0x4561ac,0x25ce5ce2e834
0x559212,0x71d0d58d9f80
0x451882,0x25ce5ce331e8
0x45ee80,0x34a0173eb560
0x45736c,0x761845c8b3b8
0x46d736,0x761845c8b560
0x44959d,0x71d5f3e00d48
0x448b7a,0x71aadffb2e88
0x451882,0x34a0173f0998
0x46d75a,0x25ce5ce39100
0x4494de,0xf5d9bd00c1c0
0x44959a,0x932ec4087298
0x46d736,0x761845c90980
0x45ff62,0xc8d282a5a88
0x4602e0,0x25ce5ce3a4c0
0x457432,0xcd28e5847230
0x448b5d,0xcd28e58472a0
0x46d773,0xce1384fd31d0
0x4537e7,0x93428dc59fac
0x44959a,0xcd28e5806590
0x448b7a,0x93428dc60998
0x45eeb8,0x25ce5ce51350
0x451882,0x25ce5ce513b8
0x46d736,0x761845c91c50
0x456269,0x25ce5ce4b3a4
0x45ee80,0x54c453202770
0x463aa3,0x25ce5ce4bcac
0x456198,0x25ce5ce4c658
0x4518c8,0x93428dc663b8
0x4064e3,0xff3c8d5fa4c0
0x45eea7,0x9bdc434865a0
0x411557,0x25ce5ce5098c
0x44952d,0x66598a7cb388
0x45feea,0x761845c9510c
0x448b5a,0x25ce5ce47ce8
0x45ee89,0x9bdc43490fa0
0x45eeb8,0x93428dc61180
0x53df0a,0x66598a847c70
0x45ff56,0x761845ca5108
0x4494ea,0x66598a847cc8
0x42ca41,0xcd28e58208d8
0x559212,0x25ce5ce5bf60
0x4602e0,0x25ce5ce5dc70
0x449609,0x7ebb3c88bcb8
0x44e194,0x9bdc434a1188
0x451950,0x9bdc434a10f8
0x40b657,0xcd28e5825308
0x46d75a,0x25ce5ce63120
0x4602cb,0x28d7cf487238
0x45eeb8,0x9bdc434a1c50
0x456171,0x25ce5ce665a4
0x412cc0,0x25ce5ce65aa8
0x44952d,0x878ddfa01c48
0x4561ac,0x25ce5ce672a4
0x451882,0x9bdc434b3548
0x46d75a,0x25ce5ce67ce0
0x4064e3,0xcc2ca3876740
0x53df0a,0x28d7cf5d31e0
0x4602cb,0x71d0d5a623d0
0x4561ac,0x25ce5ce70f94
0x456198,0x25ce5ce731f8
0x451882,0x9bdc434c7a18
0x45ff56,0x9895a7c725f0
0x412cc0,0x25ce5ce73d28
0x45eeb8,0x9bdc434cb390
0x46d773,0xce1384f925f0
0x53df14,0x878ddfa3ebc8
0x44952d,0x71d5f3fb1c58
0x45eeb8,0x9bdc434d6c20
0x463aa3,0x25ce5ce7bdbc
0x46d773,0x761845cabcb0
0x4602e0,0x25ce5ce7bf40
0x53df0a,0xd79e62b07cf0
0x4495c3,0xc8d28222744
0x44962d,0xafd74f958fc0
0x4602cb,0x932ec40465b0
0x448b5a,0x25ce5ce7e518
0x448b7a,0x9bdc434e1188
0x53df14,0x878ddf9f8fc8
0x449609,0x6c6f1e4c5a80
0x46d75a,0x54c453211e20
0x448b5a,0x54c453211c68
0x449609,0x878ddf9f8988
0x4561ac,0x25ce5ce8b554
0x448b5a,0x25ce5ce898e8
0x45ee80,0x9bdc434f1c60
0x45ee89,0x54c453216c20
0x4495c3,0x2c2cbb4d6c10
0x460050,0x761845cb3d38
0x53e65a,0x28e837cf5248
0x411913,0x25ce5ce92e80
0x53e62b,0x98f5690d6410
0x44959a,0xafd74f980998
0x412cc0,0x25ce5ce96768
0x53df14,0xe8035e45a4f8
0x447a40,0x25ce5ce95130
0x460050,0x761845cb6c38
0x412cc0,0x54c453218fd8
0x4602cb,0x932ec4071c60
0x45eea7,0x9bdc4350b390
0x558f9a,0x25ce5ce96420
0x411913,0x25ce5ce9dc50
0x412cc0,0x25ce5ce9ed58
0x451882,0x9bdc43516c28
0x46d633,0xcc2ca3791c40
0x449609,0xcd28e5808ba8
0x451882,0x25ce5cea0d78
0x45ff62,0x4741a6450f88
0x456171,0x25ce5cea3124
0x45ff7a,0x7cb731ac10c8
0x40b657,0xca49da3ac640
0x4518c8,0x9bdc435210f8
0x44e248,0x9bdc43521188
0x463e27,0x25ce5cea7c40
0x456171,0x25ce5cea7ce4
0x45ff62,0xff3c8d5e7c40
0x45eeb8,0x9bdc43521c40
0x53e65a,0xd79e62ac7cc8
0x4494de,0xd79e62ac7c40
0x42ca41,0xca49da411e18
0x449502,0xd79e62ad5104
0x45eeb8,0x9bdc43514710
0x44952d,0x71d5f3fd5108
0x53e65a,0x5829a6ee98d8
0x45eeb8,0x54c45321dc40
0x451882,0x54c4532210c8
0x411957,0x25ce5ceac1e8
0x45eeb8,0x9bdc43534730
0x53e5fc,0x71d5f3e07c78
0x4494de,0x71d5f3e07cc0
0x45ff56,0xcc2ca371a4f0
0x45eeb8,0x9bdc435401b0
0x457432,0x761845cc2770
0x449609,0x7ebb3c862778
0x448b5a,0x25ce5ceba4e8
0x46d773,0x761845cc5710
0x4495c3,0xcd28e579dc60
0x4602e0,0x25ce5cebbdb0
0x411804,0xd4cb943c98e0
0x4561ac,0x25ce5cebc534
0x45fdd7,0x66598a767288
0x4494de,0x28d7cf418980
0x45ee80,0x9bdc4354c1f0
0x44959a,0xff3c8d611368
0x44959d,0xff3c8d611380
0x456269,0x25ce5cebebf4
0x44959d,0x998897f67280
0x4495c3,0xb7ac7a95bf50
0x451950,0x9bdc43551e38
0x46d75a,0x25ce5cec08f0
0x412cc0,0x25ce5cec09a8
0x4537e7,0x9bdc4355471c
0x53df14,0x71d5f3ff0fa8
0x451882,0x9bdc43555268
0x4494ea,0x28d7cf5c0988
0x4495c3,0xaff5007fed40
0x45ff90,0x34a0172f3d00
0x53df14,0xcc2ca3842748
0x45ff7e,0x25ce5cdb2e88
0x412c87,0x25ce5cec7228
0x411557,0x25ce5cec728c
0x46d614,0x71d5f3f1c500
0x456198,0x25ce5cec7a38
0x44e194,0x9bdc4355ebf8
0x451882,0x9bdc43565338
0x45ff4d,0x6c537038dfc8
0x45ff62,0xd29ae09ded50
0x45ee80,0x9bdc43565a90
0x53df14,0xcc2ca37e47e8
0x447a40,0x25ce5cecb570
0x558f9a,0x25ce5cecb3a0
0x451882,0x25ce5cec98e8
0x411804,0x998897f8dfe0
0x44959a,0xcd28e5730f98
0x4495c3,0xbf7dd5ea47d0
0x448b7a,0x9bdc43575278
0x46d773,0xcd28e57a63b0
0x451882,0x54c45322b568
0x45fe42,0x34a017385a80
0x4064e3,0xb7ac7a988b80
0x45eeb8,0x54c45322bc80
0x53df0a,0x4741a6432ea0
0x45eeb8,0xe874ed64c660
0x45ff56,0x34a0172f6430
0x44959d,0xcc2ca3847280
0x46d633,0x4741a6432ed0
0x4537e7,0xe874ed652edc
0x45ee80,0xe874ed6531f0
0x45eea7,0xe874ed654710
0x45eeb8,0xe874ed656400
0x46d75a,0x25ce5cee08e0
0x412cc0,0x25ce5cee0998
0x45fdd7,0x1719cc92e90
0x460050,0xd29ae09dc538
0x46d75a,0x25ce5cedebd0
0x45eeb8,0x54c4532331c0
0x4602cb,0xafd74f96e820
0x451882,0xe874ed658ff8
0x448b7a,0xe874ed666398
0x463e27,0x25ce5cee7cd0
0x44959a,0xcd28e5891c48
0x44959a,0xafd74f954708
0x45ee89,0xe874ed66b570
0x447a40,0x25ce5ced9f90
0x45fdd7,0x3a0447276408
0x46d75a,0x25ce5cd78ff0
0x46d773,0x25ce5cdb31f0
0x456269,0x25ce5ceee808
0x45ee89,0x25ce5cefc520
0x53df14,0xcc2ca38bbf58
0x449609,0xce1384f95278
0x412cc0,0x25ce5cef25e8
0x456198,0x25ce5cef2e88
0x456269,0x25ce5cef2ec4
0x456331,0x25ce5cef31d0
0x456198,0x25ce5cef1388
0x46d75a,0x25ce5cef1e00
0x456198,0x25ce5cef6758
0x448b5a,0x25ce5cef1c48
0x44959a,0xd69328736750
0x45fdd7,0xcdaaa6e31c50
0x4561ac,0x25ce5cef9f84
0x45ee80,0x6799755b3560
0x451882,0x6799755b25c8
0x463a8d,0xfaef359e7230
0x44959d,0x24d6558de508
0x46d773,0xd9e9d6605730
0x44952d,0x32bd14b925c8
0x45ff90,0x34a017301180
0x559212,0x25ce5ceedfc0
0x4494f2,0x49950aaee800
0x558f9a,0x25ce5cf01c60
0x448b5a,0x25ce5cf01198
0x45ff62,0x71d0d59c0d60
0x45ff56,0xa040f20d6400
0x449680,0xff3c8d62bcb0
0x447a40,0x25ce5cf03120
0x44e194,0x6799755bdc58
0x451882,0x6799755c3138
0x558f9a,0x25ce5cf05320
0x447a39,0x25ce5cf05ab0
0x451882,0x6799755c63a8
0x460050,0x34a0173010f8
0x45ee80,0x6799755c98d0
0x456269,0x25ce5cf08b98
0x45ff90,0x203e00121c40
0x456331,0x25ce5cf00190
0x463e27,0x25ce5cf008d0
0x45ff7a,0x34a017311e18
0x558f9a,0xcc2ca383a4c0
0x45ff7a,0x34a0173125fc
0x46d614,0xb1739fbcc1c0
0x4494f2,0x25543028cd80
0x4537e7,0xf0487c4ebcac
0x411557,0x25ce5cf0c1cc
0x44952d,0xb1739fbd1c58
0x4602cb,0x8876f2fc5330
0x559212,0xcc2ca37d8ff0
0x53e65a,0xaff50079dc78
0x46d773,0x34a01730b570
0x46d614,0x1719cc66380
0x53e65a,0xaff5007a5128
0x456171,0x25ce5cf125e4
0x44e194,0x3a54ae57ed68
0x448b5d,0x34a01730cd80
0x463a8d,0x34a01730d7b0
0x46d75a,0x25ce5cf13d20
0x44959a,0xcc2ca37e7a10
0x449680,0x7ebb3c8665b0
0x53e62b,0x635dff9b1e20
0x463aa3,0x25ce5cf10fbc
0x4602c7,0x25ce5cf15138
0x45eea0,0x3a54ae58b3a8
0x411804,0xd69328751e00
0x456269,0x25ce5cf19f84
0x412cc0,0x25ce5cf18998
0x411804,0xca49da3ac1c0
0x45eeb8,0x25ce5cf16770
0x45ee80,0x3a54ae595270
0x411804,0xf848bcf15130
0x558f9a,0x25ce5cf1a4e0
0x44e194,0x3a54ae591c68
0x4537e7,0x3a54ae59bdac
0x4494de,0x41d09e9a5a80
0x45eeb8,0x54c4532447f0
0x46d75a,0x25ce5cf223c0
0x46d773,0xa6786496b390
0x45ff62,0x4d2bb47d31d0
0x42ca41,0x8876f2fd4700
0x44e194,0x3a54ae5a5a88
0x4602cb,0xb1739fbd0fa0
0x456331,0x25ce5cf27200
0x45ee80,0x54c4532465b0
0x4602e0,0x25ce5cf27c70
0x45eeb8,0x3a54ae5ab550
0x45ff62,0x34a017325108
0x412cc0,0x25ce5cf2c1d8
0x411804,0x998897fd4710
0x457432,0x25ce5ce6c1f0
0x53df0a,0x3a044724bca0
0x45ee80,0x3a54ae5b4fa0
0x45ee80,0x3a54ae5b8990
0x448b5a,0x25ce5cf2e838
0x4494de,0x28d7cf4325c0
0x45ee80,0x3a54ae5bed60
0x448b7a,0x3a54ae5c0d58
0x44e194,0x54c453245108
0x45ff7a,0x34a0173c47dc
0x53df14,0x4d2bb47c5128
0x44959d,0xff3c8d614f80
0x456171,0x25ce5cf3c504
0x412c87,0x25ce5cf3ebe8
0x44959a,0xf848bcf54f90
0x451882,0x25ce5cf410e8
0x451882,0x3a54ae5d9f88
0x45ff7e,0x34a01732e81c
0x44952d,0x71d5f3e1ebd8
0x53e62b,0x28d7cf4fbf50
0x456269,0x25ce5cf447e8
0x4602cb,0xce1384fba4c0
0x456269,0x25ce5cf48bb8
0x448b5d,0x34a017322740
0x45ff7a,0xcd28e581471c
0x44952d,0x99d8269ed798
0x463e27,0x9e9c4d8da4f0
0x4495c3,0xcd28e577ebf8
0x4537e7,0x3a54ae5f1c6c
0x448b83,0x25ce5cdb8fc0
0x4064e3,0xf5d9bd010998
0x45ff7a,0xb7ac7a94c1c0
0x44959a,0xf848bcf80998
0x460050,0x34a0173298f8
0x4602e0,0x38cf9ad50fa0
0x53df14,0x66598a7b2e98
0x451950,0x38cf9ad531f8
0x449609,0xcc2ca3853d08
0x448b7a,0x3a54ae600d78
0x448b5d,0x34a01732c660
0x46d75a,0x38cf9ad56740
0x4602cb,0xb7ac7a9f31c0
0x558f9a,0x38cf9ad55130
0x451882,0x3a54ae6010c8
0x53df0a,0xbf7dd5e66380
0x45ff56,0x34a0173a7c40
0x44959a,0x71d0d5a39110
0x451882,0x3a54ae601c68
0x45ff7a,0xcd28e5843108
0x45ff7a,0x99d8269e1c58
0x53df0a,0xbf7dd5e7bf50
0x456331,0x38cf9ad525d0
0x45eeb8,0x3a54ae611c40
0x4494de,0x2c2cbb4d1340
0x44952d,0x2c2cbb4d1398
0x456198,0x13becdad9f88
0x448b7a,0x3a54ae616c28
0x45ff7e,0x34a017367c4c
0x4495c3,0x1a64fc5d1350
0x4495c3,0xb1739fbd0980
0x42ca41,0x1a64fc5d1380
0x456198,0x13becdade518
0x45fdff,0x34a017333d0c
0x4602e0,0xb24660e810c0
0x4495c3,0x7ebb3c839f80
0x456171,0xb24660e83124
0x4494de,0xbf7dd5e93d00
0x456171,0xb24660e85704
0x45fdff,0x34a017336c0c
0x53df14,0xd79e62b531e8
0x4115a9,0xb24660e87200
0x448b5a,0x13becdadbf78
0x45ee80,0x3a54ae62e820
0x411913,0xb24660e87290
0x4064e3,0xce13851023c8
0x558f9a,0xb24660e931d0
0x45ff62,0x66598a7cb388
0x411804,0x1a64fc5ec660
0x456198,0xb24660e96418
0x4494ea,0xbf7dd5ec10c8
0x44e248,0x3a54ae6423c8
0x412c87,0xb24660e99108
0x449609,0x66598a7d8fc8
0x457432,0xa040f2087230
0x448b5d,0xa040f20872a0
0x45ff4d,0x28e837c9ed78
0x4602cb,0xf5d9bcfc5310
0x558f9a,0xb24660e9bd80
0x45ee80,0x1b7325647c60
0x451882,0x3a54ae6498e8
0x53e62b,0x2c2cbb530f80
0x460050,0x34a01733ebf8
0x45eea7,0x3a54ae652ec0
0x411a5c,0xb24660e9ed48
0x45ee89,0x1b7325647ce0
0x45ee80,0x3a54ae650990
0x45ff62,0x878ddfa01c48
0x46d75a,0xb24660e95240
0x449609,0xaff500799f88
0x4495c3,0xd9e9d664c640
0x460050,0x11faa17672b8
0x412c87,0xb24660ea08d8
0x4602e0,0xb24660ea09a0
0x44952d,0x71d5f3e8c1d8
0x4495c3,0xc8d281f8fe0
0x4561ac,0x7dd1755f5124
0x558f9a,0x7dd1755f5260
0x45eea7,0x3a54ae65ebe0
0x4602e0,0x7dd1755f4f80
0x45fe42,0x7ebb3c7d5130
0x46d75a,0xb24660ea7a10
0x449609,0x71d5f3e8dfc8
0x45ee89,0x543845930fa0
0x46d75a,0xb24660ea8bb0
0x45eea7,0x3a54ae6698d0
0x45ee80,0x3a54ae66cd90
0x4518c8,0x3a54ae66dff8
0x4602cb,0xbcd57edf4fa0
0x463e27,0xb24660eab570
0x4494f2,0xbf7dd5f6bc80
0x45eea7,0x3a54ae675240
0x53df0a,0x71d5f3e4c670
0x463e27,0xb24660eb1e10
0x45ff56,0x34a017378fd0
0x4602cb,0xb7ac7a9cd7b0
0x53df0a,0x71d5f3f21c50
0x44962d,0xf5d9bd08b380
0x4495c3,0xa040f222cd80
0x45ee80,0xd7ad1aaab3b0
0x558f9a,0xb24660eb5240
0x45ee80,0x25ce5cd8c1e0
0x4602cb,0xf5d9bd007cc0
0x4494de,0x2c2cbb5c5100
0x53df14,0xa1abd7fded58
0x45fdff,0x34a01734c64c
0x558f9a,0xb24660ec0d40
0x53df14,0xbf7dd5f96c18
0x45ee80,0xd7ad1aaba4e0
0x463aa3,0xafb8e5d408fc
0x412c87,0xafb8e5d409b8
0x46d773,0xfaef35a125d0
0x4495c3,0xbf7dd5e56c20
0x456269,0x80a6daa65334
0x463e27,0x80a6daa65a90
0x558f9a,0x80a6daa665a0
0x45eea7,0xd7ad1aacc650
0x559212,0x80a6daa68b80
0x448b83,0xd79e62bab540
0x45eeb8,0xd7ad1aad09b0
0x448b83,0x34a017353d00
0x53df0a,0xbf7dd5fc10f0
0x45fe42,0xf5d9bcff5100
0x45ff7e,0xb381a53560
0x44952d,0xbf7dd5fc1188
0x4495c3,0x41d09e9ddc60
0x45ff62,0x3a0447259110
0x456269,0x80a6daa725d8
0x463aa3,0x80a6daa72ecc
0x53e62b,0xd79e62c4e810
0x558f9a,0x80a6daa76c00
0x45eeb8,0x80a6daa74f90
0x558f9a,0x80a6daa75100
0x45ff7a,0xcc2ca3791c40
0x42ca41,0xe7c8f385100
0x558f9a,0x80a6daa7a4d0
0x45ff90,0xe8035e45a4f8
0x44959a,0xce1385099f98
0x456171,0x80a6daa7bf64
0x45eeb8,0x80a6daa78fc0
0x53df14,0xbf7dd5feb3a8
0x4561ac,0x80a6daa7dc64
0x45eeb8,0xd7ad1aaf3550
0x456171,0x80a6daa73544
0x45ee80,0xd7ad1aaf3d10
0x45eea7,0xd7ad1aaf6c20
0x412cce,0x80a6daa7ed51
0x45ee89,0xd7ad1aaf9120
0x45ff62,0x71d5f3fd5108
0x412cc0,0x80a6daa71368
0x4115a9,0x80a6daa71380
0x456269,0x80a6daa71c48
0x45ee89,0x25ce5cd925f0
0x4115a9,0x80a6daa87200
0x411913,0x80a6daa87290
0x45ff56,0x34a017399110
0x45ff62,0xd9e9d66423e0
0x4602e0,0x80a6daa8b390
0x45ff56,0x1719cc90fb0
0x45ff56,0xc8d283463a8
0x4064e3,0xce1384f95110
0x45ff7a,0xcc2ca38ecda0
0x4561ac,0x80a6daa91c64
0x448b5a,0x80a6daa91378
0x463aa3,0x80a6daa925cc
0x46d633,0xdc4761a87290
0x559212,0x80a6daa92e90
0x44959a,0xaff5007e6388
0x53df14,0xbf7dd602dfd8
0x44952d,0x6af9d6d1c518
0x559212,0x80a6daa94f90
0x45ee80,0xd7ad1ab1ebd0
0x45ee80,0x2f2795734730
0x44e194,0x2f2795733568
0x411804,0x5115330cbca0
0x53df0a,0xaa4eb5de1c70
0x558f9a,0x80a6daaa5310
0x456171,0x80a6daaa5ab4
0x45ee89,0x2f27957389b0
0x45eea7,0xd7ad1ab32eb0
0x448b7a,0xd7ad1ab32ef8
0x448b5d,0x34a017367a10
0x46d743,0x34a017368bb8
0x46d773,0x9895a7cc1180
0x448b5a,0x80a6daaa7ce8
0x45eeb8,0xb6605691bf60
0x45ee80,0xd7ad1ab30980
0x4537e7,0xd7ad1ab3641c
0x4602e0,0x80a6daaa65b0
0x44952d,0xaa4eb5df3548
0x46d614,0x28d7cf507cc0
0x451882,0xd7ad1ab38fc8
0x45ff62,0x66598a767288
0x44959a,0x7ff68728bc88
0x45fdd7,0xa040f20a23c0
0x451882,0xd7ad1ab40d68
0x449609,0xf5d9bd12b388
0x53e62b,0xd7cc94e21c50
0x45ee80,0x2f2795738ff0
0x4518c8,0xb660569223f8
0x46d773,0x34a017370f80
0x559212,0x80a6daab0f80
0x451882,0xd7ad1ab4cd98
0x46d736,0x7ebb3c8047f0
0x45ee80,0xd7ad1ab52ee0
0x45ff62,0x4741a6450f88
0x456171,0x80a6daabdc74
0x411557,0x80a6daac018c
0x46d633,0xdd2838a423c0
0x451950,0xd7ad1ab5a4f8
0x448b7a,0xd7ad1ab5ebc8
0x411913,0x80a6daabc510
0x53df14,0x1719cc95268
0x451882,0xd7ad1ab608d8
0x53df14,0xc8d2817bd98
0x463a96,0xcc2ca38d8980
0x45ff62,0x34a017385a80
0x45ff7e,0x4741a6432ed0
0x46d736,0x34a01737bdb0
0x412cce,0x80a6daac6391
0x4064e3,0x11faa172bc80
0x463aa3,0x80a6daad25dc
0x4602cb,0x5115330f5120
0x449680,0xcd28e575e530
0x46d633,0x557be30b1340
0x449502,0x557be30b1384
0x42ca41,0x2e448db4e800
0x559212,0x80a6daad2e80
0x460050,0x34a01737dc70
0x45ee80,0xd7ad1ab76420
0x4602cb,0xf5d9bd0b8fc0
0x46d773,0xe7c8f3a09a0
0x53df0a,0xc8d281a3100
0x46d75a,0x80a6daad8ff0
0x411804,0x7ebb3c819120
0x45eea7,0xd7ad1ab810d0
0x45ff62,0x1719cc92e90
0x4602e0,0x80a6daad6410
0x456198,0x80a6daad6c38
0x44e248,0xd7ad1ab79f88
0x44962d,0x2c2cbb4bbda8
0x448b5d,0x34a0173808f0
0x456269,0x80a6daad3548
0x448b63,0x34a0173810c8
0x447a39,0x80a6daad3d30
0x45ff7a,0x878ddfa53d0c
0x45eeb8,0x80a6daadbf40
0x451950,0xd7ad1ab90fb8
0x451882,0xa60a0cc27228
0x46d75a,0x80a6daaeb560
0x42ca41,0x28d7cf594f98
0x4561ac,0x80a6daaebc94
0x448b5a,0x80a6daaeb3a8
0x44959d,0x66598a7b25d0
0x45ee80,0xd7ad1ab9ed40
0x411913,0x80a6daaee800
0x411804,0xab2ecf3925e0
0x448b5a,0x80a6daaed788
0x45eea7,0xd7ad1aba1c40
0x45ff62,0x3a0447276408
0x44e194,0xd7ad1aba23d8
0x45ff62,0xcdaaa6e31c50
0x4494ea,0x5829a6ec5708
0x45eeb8,0x80a6daaf31f0
0x451882,0xd7ad1aba2748
0x45ff62,0xce1384fab560
0x4495c3,0xa040f21d8fc0
0x4602e0,0x80a6daaf6c10
0x4602cb,0xa040f2056760
0x411804,0x7ebb3c835260
0x45ee80,0x54bf1d805a80
0x448b7a,0xe89031ca01a8
0x463aa3,0x80a6daaf911c
0x45eea7,0xf4a57b09ebf0
0x411557,0x80a6daafa4cc
0x449502,0xc8d28202744
0x53e62b,0xf775d3179120
0x451882,0xf4a57b0a08e8
0x46d743,0x34a017391c78
0x4495c3,0x1a70aa761c60
0x4537e7,0xf4a57b0a63ac
0x448b5a,0x80a6dab05728
0x4518c8,0xf4a57b0a98f8
0x4495c3,0x1a70aa765700
0x46d773,0xbf7dd6030980
0x4602cb,0xb7ac7a9a0d60
0x44e194,0xf4a57b0a7a08
0x45ff62,0xb1739fbd1c58
0x45ff7a,0x1719cc66380
0x44959a,0x11faa1773548
0x447a40,0x80a6dab0bc80
0x45fd16,0x34a0173931c0
0x53df0a,0x511533133540
0x558f9a,0x80a6dab0cdb0
0x45ff90,0xfe2fc1f50980
0x412cce,0x80a6dab0e811
0x45ee89,0xf4a57b0b4fa0
0x448b5d,0x34a017395110
0x46d736,0x34a017395260
0x53e62b,0xa67864951390
0x4602cb,0xf5d9bd111c70
0x53df14,0x878ddfa210e8
0x448b7a,0xf4a57b0bed68
0x463aa3,0x80a6dab1134c
0x46d75a,0x80a6dab113a0
0x4561ac,0x80a6dab11c54
0x4602e0,0x80a6dab1c500
0x53df0a,0x71d5f3e2b550
0x4494ea,0xc8d2823ebc8
0x46d75a,0x80a6dab1e520
0x46d773,0x34a017398ff0
0x44959d,0xb7ac7a96c1c8
0x4561ac,0x80a6dab1ed74
0x449609,0x7cb731920988
0x558f9a,0x80a6dab201a0
0x45ee80,0xf4a57b0c8ba0
0x45eea0,0xf4a57b0cb578
0x53df14,0xc8d2824b548
0x456198,0x80a6dab223f8
0x448b5a,0x80a6dab208e8
0x451882,0xf4a57b0ce808
0x448b7a,0xf4a57b0d2eb8
0x411804,0x11faa179c520
0x4518c8,0x80a6dab25338
0x44e248,0xf4a57b0d5108
0x44959d,0x7cb731927210
0x451882,0xf4a57b0d9f88
0x412cc0,0x80a6dab27a08
0x46d633,0x11faa185ed50
0x46d75a,0x80a6dab1dc40
0x4602cb,0xce13850063b0
0x4518c8,0x80a6dab25ab8
0x4602e0,0x80a6dab2b3a0
0x4495c3,0x7ebb3c7f6744
0x451950,0xf4a57b0e5738
0x4537e7,0xf4a57b0e658c
0x463a96,0x557be3012ef0
0x463e27,0x80a6dab35250
0x44959d,0x7cb731a53d10
0x559212,0x80a6dab38ff0
0x45ff62,0xfdfd3a8c3130
0x448b7a,0xf4a57b0f6408
0x451882,0xf4a57b0f1e18
0x448b63,0x9895a7c47208
0x463a8d,0xb24660ea23e8
0x463a8d,0x34a0173a8ba8
0x463aa3,0x80a6dab3e53c
0x46d633,0x49950ab2c640
0x44962d,0xd79e62ab1340
0x40b657,0xd79e62ab1380
0x53ffd1,0xc8d28299fb8
0x460050,0xbf7dd5f85ab0
0x53ffd1,0xc8d282a1c78
0x447a40,0x80a6dab40980
0x451882,0x25ce5cda1c78
0x45ee80,0xf4a57b105a80
0x45ff56,0x4d2bb47d31d0
0x46d75a,0x80a6dab411a0
0x4494f2,0xc8d282abc80
0x46d614,0xce1384f73540
0x4495c3,0x7cb7319410d0
0x447a40,0x80a6dab41c70
0x45ee80,0xb3a8ecd789b0
0x412cc0,0x80a6dab48bb8
0x4518c8,0x80a6dab56438
0x45eea7,0xf4a57b111e20
0x4494f2,0xc8d282b3d00
0x53e62b,0xedc51a8ebcb0
0x456198,0x80a6dab4b548
0x4561ac,0x80a6dab4d794
0x4518c8,0x80a6dab4bcb8
0x45ee80,0xf4a57b119130
0x463e27,0x80a6dab4dfd0
0x448b5d,0x34a0173ac640
0x45ff7a,0x34a0173d136c
0x46d614,0xc8d282c0980
0x447a40,0x80a6dab50f90
0x45ee80,0xf4a57b11dc70
0x463a8d,0x34a0173ae838
0x45ff56,0x71d5f3e1ebd8
0x456171,0x80a6dab4c654
0x4602c7,0x80a6dab52eb8
0x4602e0,0x80a6dab52ec0
0x44952d,0xaf4780c8bc98
0x44962d,0xca49da340d40
0x45ff7a,0x34a0173c47dc
0x45ff62,0x99d8269ed798
0x451882,0xf4a57b12c678
0x53df14,0x66598a799128
0x53e62b,0xc8d28336c20
0x45ee89,0xf4a57b12cdb0
0x412c87,0x80a6dab56778
0x45fdd7,0x6c5370370990
0x4602cb,0xf5d9bd198980
0x42ca41,0xd693286febc0
0x45eeb8,0xf4a57b133570
0x46d75a,0x80a6dab60180
0x456331,0x80a6dab60990
0x45ff62,0x3a0447259110
0x45ff62,0x66598a7e7290
0x4602c7,0x80a6dab623f8
0x46d633,0x878ddf9d9100
0x44959a,0x99d826a023c8
0x4561ac,0xc6aa2d595104
0x558f9a,0xc6aa2d595240
0x4494ea,0xcc2ca3865a88
0x53e62b,0xd9e9d65febc0
0x45ff62,0x66598a7ecda8
0x4495c3,0x11faa17febd0
0x45ee80,0xf4a57b1410e0
0x46d75a,0x8d6838735120
0x4602e0,0x8d6838735250
0x4495c3,0x7cb731962750
0x447a39,0x8d6838734fb0
0x45eea0,0xf4a57b145aa8
0x448b5d,0x34a0173b9f90
0x46d75a,0x8d6838736410
0x45eeb8,0xb3a8ecd85310
0x558f9a,0x80a6dab610f0
0x45ee80,0x11faa1742770
0x4602cb,0xa1abd7fddc60
0x449680,0x7cb731967230
0x44959d,0x7cb731967280
0x456198,0x761845c51348
0x456269,0x761845c51388
0x412cce,0x761845c51e11
0x4561ac,0x761845c525e4
0x45eeb8,0xb3a8ecd85a90
0x45eeb8,0xf4a57b147c70
0x451882,0xf4a57b147cd8
0x456171,0x761845c52ec4
0x447a39,0x761845c52eb0
0x448b7a,0xf4a57b1531d8
0x45ff7e,0xbf7dd5e66380
0x45ff62,0x25ce5cdb8fc0
0x53e5fc,0xce1384fa3138
0x4561ac,0x761845c5dc74
0x44959a,0xc8d281c5118
0x45ee80,0x25ce5cda72a0
0x411804,0x4741a6425120
0x451882,0xf4a57b1698c8
0x45fee6,0x34a01736638c
0x53e65a,0xaf4780c8e808
0x451882,0x761845c60d58
0x456331,0x761845c65a90
0x4602c7,0x761845c5a4f8
0x53df0a,0xcc2ca3838990
0x457432,0x34a0173c7c70
0x448b5d,0x34a0173c7ce0
0x4602cb,0xd79e62b13550
0x53e65a,0xcc2ca36edfc8
0x412cce,0x761845c731d1
0x45ee80,0xf4a57b1847e0
0x447a39,0x761845c75270
0x451950,0xf4a57b187a38
0x4495c3,0xcd28e5723120
0x45eeb8,0xf4a57b18cdb0
0x45ff7e,0xb7ac7a94c1c0
0x46d75a,0x761845c79fa0
0x45ff56,0xd9e9d66423e0
0x448b63,0x34a0173d0988
0x463a8d,0x34a0173d13a8
0x463aa3,0x761845c7c52c
0x449609,0x7cb7319925e8
0x53e62b,0x2c2cbb5e08c0
0x4537e7,0xf4a57b19bdac
0x53e65a,0x2c2cbb5e0988
0x53df0a,0xff3c8d5f4f90
0x46d633,0x71d5f3e9bf50
0x456198,0xb3a8ecd94718
0x4552b0,0x34a0173e1c68
0x463a96,0x557be2ff8fc8
0x45528e,0x71aadffb2ee4
0x448b5a,0x71aadffb2e88
0x463a8d,0xf5d9bd00c1c0
0x46d773,0xc8d281801b0
0x463aa3,0x93428dc59fac
0x46d743,0xce1384fd31d0
0x448b5a,0x93428dc60998
0x410f25,0x93428dc65a80
0x448b5d,0x25ce5ced5130
0x46d773,0xaf7e60c51e10
0x46d736,0xaf7e60c51c70
0x4552b0,0x9bdc43481c58
0x4552c0,0x9bdc43482754
0x463e27,0x9bdc434865a0
0x4552c0,0x9bdc43485134
0x45ff56,0x878ddfa01c48
0x4552c0,0x9bdc4348d7b4
0x46d736,0x67b1c33c08c0
0x463a8d,0x66598a847cc8
0x460050,0x66598a847c70
0x53df14,0x878ddfa32ec8
0x44952d,0x878ddfa32e88
0x44e248,0x54c453201c48
0x451950,0x93428dc5e538
0x44e248,0x9bdc43496408
0x451882,0x9bdc43496768
0x46d773,0x5b4487bd1c60
0x410f2c,0x9bdc434a08d8
0x4552b0,0x9bdc434a63a8
0x410f2c,0x9bdc434a7c78
0x410f8a,0x9bdc434a7cc0
0x412c87,0x9bdc434ab578
0x45528e,0x9bdc434ab3b4
0x46d773,0x998897fd5120
0x4552c0,0x9bdc434ad7b4
0x460050,0x28d7cf5d31e0
0x412cc0,0x9bdc434bdc58
0x4552c0,0x9bdc434bc534
0x451882,0x54c453207cf8
0x46d614,0xfc47cbc2d780
0x44e194,0x9bdc434be528
0x45ee80,0xaa4a5bd4dfd0
0x4552c0,0x9bdc434c2774
0x4552c0,0x9bdc434c7234
0x558f9a,0x9bdc434c7290
0x46d743,0xce1384f925f8
0x410f2c,0x9bdc434d31c8
0x558f9a,0x9bdc434d6420
0x45ff7e,0x4741a6414f9c
0x46d75a,0x9bdc434da4f0
0x46d743,0x761845cabcb0
0x460050,0xd79e62b07cf0
0x4552c0,0x9bdc434e1c74
0x448b5a,0x9bdc434e1188
0x4552c0,0x9bdc434e2764
0x45ff56,0x34a017353d00
0x447a19,0x9bdc434e5330
0x456198,0x9bdc434e5728
0x45fdd3,0x28e837c8d788
0x46d614,0xd9e9d65e1180
0x53e65a,0xd6932878b568
0x448b7a,0xaa4a5bd5dc78
0x558f9a,0x9bdc434e98d0
0x45ff7a,0xcc2ca3791c40
0x447a20,0x9bdc434f3570
0x412c87,0x9bdc434fdc78
0x558f9a,0x9bdc434fc520
0x410f2c,0x9bdc43503118
0x4552b0,0x9bdc43505308
0x463e27,0x9bdc4350b390
0x45eeb8,0xaa4a5bd6bc80
0x4494ea,0x6c5370371e08
0x451950,0x9bdc4350d7b8
0x45ee80,0x9bdc434ec1d0
0x45fd16,0xaa4a5bd72e80
0x4552b0,0x9bdc43516408
0x463a96,0x557be2ffbf40
0x457432,0xaa4a5bd73570
0x558f9a,0x9bdc43525710
0x410f25,0x9bdc4352c1c0
0x412cc0,0x9bdc4352e808
0x4552c0,0x9bdc43530f94
0x448b5d,0xfafbfaae7230
0x448b5d,0xaa4a5bd7bf60
0x45ff62,0x66598a767288
0x4064e3,0x5829a6ee98d8
0x45eeb8,0xec9543a11c50
0x410f25,0x9bdc43541180
0x45ff62,0xa040f20a23c0
0x46d743,0x761845cc5710
0x558f9a,0x9bdc435498f0
0x463a8d,0x28d7cf418980
0x45528e,0x9bdc4354d7b4
0x4552c0,0x9bdc4354c1f0
0x463aa3,0x9bdc4355471c
0x4552b0,0x9bdc43554f88
0x558f9a,0x9bdc43539100
0x448b5d,0x270fe393540
0x463a8d,0x28d7cf5c0988
0x53e62b,0xcd28e578dfc0
0x53e62b,0xcd28e5792eb0
0x46d614,0xcd28e5792ec0
0x45ff7a,0x34a017370f80
0x45ff7e,0x66598a76723c
0x45ff7a,0x4741a6432ed0
0x457432,0x8c6c7cb9130
0x4552b0,0x9bdc435713a8
0x558f9a,0x9bdc43571360
0x448b5a,0x9bdc43575278
0x45ff62,0x1719cc92e90
0x4552b0,0x9bdc43576768
0x46d743,0xcd28e57a63b0
0x4552b0,0xe874ed648b88
0x46d773,0x8c6c7cc10d0
0x44e194,0x8c6c7cc23f8
0x451950,0x8c6c7cc5138
0x451882,0x8c6c7cc2768
0x463aa3,0xe874ed652edc
0x460050,0x4741a6432ea0
0x463e27,0xe874ed654710
0x4552c0,0xe874ed6531f0
0x45ff90,0x1719cc92ec0
0x45ff62,0x3a0447276408
0x46d75a,0xe874ed660190
0x4552b0,0xe874ed6623e8
0x412c87,0xe874ed6665b8
0x448b5a,0xe874ed666398
0x4552b0,0xe874ed66dff8
0x410f25,0xe874ed66d780
0x45ff62,0xcdaaa6e31c50
0x45ff56,0x32bd14b925c8
0x4494f2,0xcd28e57adfc0
0x45ee80,0xe874ed66e810
0x451882,0x54c453231c58
0x447a20,0xe874ed665a80
0x45eeb8,0x8c6c7cd9fa0
0x46d743,0x25ce5cdb31f0
0x4552b0,0xe874ed672ee8
0x558f9a,0xe874ed6808e0
0x559212,0xe874ed6809a0
0x4115a9,0xe874ed686380
0x45ff56,0xb1739fbd1c58
0x46d743,0xd9e9d6605730
0x45eea7,0x8c6c7ce98d0
0x451882,0x8c6c7ceb398
0x4537e7,0x8c6c7cec1cc
0x46d614,0xce1384ff4700
0x45ff7e,0xb1739fbcc1c0
0x45ff7e,0x1719cc66380
0x45ff89,0x34a0173931c0
0x45ff62,0x34a017395110
0x410f25,0x6799755d2e80
0x410f2c,0x6799755d2ee8
0x4552c0,0xbcf4bbb00d64
0x463aa3,0xf0487c4ebcac
0x4552b0,0xf0487c4edfd8
0x40d29a,0xf0487c4ecdb8
0x4494de,0xd9e9d65ebc80
0x53e62b,0xcd28e57b6400
0x45ee80,0x8c6c7cfebe0
0x45eeb8,0x8c6c7d00d40
0x46d743,0x34a01730b570
0x46d736,0x8c6c7d07cd0
0x46d773,0x8c6c7d08ba0
0x4552b0,0x3a54ae582758
0x4552c0,0x3a54ae58b3a8
0x46d773,0x8c6c7d0cd90
0x558f9a,0x3a54ae5925f0
0x4552c0,0x3a54ae595270
0x463aa3,0x3a54ae59bdac
0x410f2c,0x3a54ae59bf48
0x45ff7e,0x8c6c7d0e80c
0x45eea7,0x25ce5cf33d10
0x46d743,0xa6786496b390
0x4552b0,0x3a54ae5a23e8
0x45ff56,0x99d8269ed798
0x45ff62,0x4d2bb47d31d0
0x46d75a,0x3a54ae5ae830
0x410f2c,0x3a54ae5b1358
0x448b63,0x8c6c7d1dc48
0x410f8a,0x3a54ae5b13a0
0x558f9a,0x3a54ae5b3d10
0x410f2c,0x3a54ae5b3548
0x460050,0x3a044724bca0
0x412cc0,0x3a54ae5be538
0x448b5a,0x3a54ae5c0d58
0x53df0a,0xd6fa9538b540
0x451882,0x3a54ae5a1188
0x45ee80,0x8c6c7d298f0
0x45ee80,0x3a54ae5c5700
0x46d773,0x8c6c7d32ef0
0x410f2c,0x3a54ae5d9138
0x448b5d,0x8c6c7d36400
0x448b5d,0x7cb731983130
0x45ff7e,0xbf7dd5e66380
0x44e248,0x3a54ae5eb388
0x45eea0,0x3a54ae5cc1e8
0x448b7a,0x8c6c7d42768
0x463aa3,0x3a54ae5f1c6c
0x410f2c,0x3a54ae5f1e08
0x412cc0,0x3a54ae5f6758
0x559212,0x3a54ae5f9fb0
0x412c87,0x3a54ae5fbf48
0x45528e,0x3a54ae5fbd84
0x448b5a,0x3a54ae600d78
0x447a20,0x3a54ae6023e0
0x412cc0,0x3a54ae6063a8
0x45ff7e,0x34a01736638c
0x412cc0,0x3a54ae60e838
0x44952d,0xcd28e5828b98
0x45eeb8,0x8c6c7d50fa0
0x45ee89,0x8c6c7d55120
0x45ee80,0x3a54ae5ee800
0x460050,0xbf7dd5e7bf50
0x448b5a,0x3a54ae616c28
0x4552c0,0x3a54ae61a4f4
0x410f2c,0x3a54ae61bd88
0x447a20,0x3a54ae623130
0x463a8d,0xbf7dd5e93d00
0x410f8a,0x3a54ae6247f0
0x412c87,0x3a54ae630fb8
0x45ff7e,0x34a017336c0c
0x447a20,0x3a54ae631390
0x558f9a,0x3a54ae631370
0x457432,0x9895a7d589b0
0x45ff56,0x71d5f3e8c1d8
0x45ee80,0x8c6c7d67cc0
0x451882,0x3a54ae6189a8
0x448b7a,0x8c6c7d6c678
0x463a8d,0xbf7dd5ec10c8
0x463e27,0x3a54ae652ec0
0x45ff62,0x7ebb3c7d5130
0x45ff62,0xbf7dd5f6bc80
0x46d75a,0x3a54ae658ff0
0x463a96,0x2c2cbb5423c0
0x46d773,0x71d5f3e73550
0x412cc0,0x3a54ae65c518
0x463e27,0x3a54ae65ebe0
0x45736c,0x8c6c7d74fa8
0x45ee89,0x8c6c7d76420
0x53e65a,0x28d7cf419fb8
0x456269,0x3a54ae660d58
0x45fe42,0xfdfd3a8c3130
0x4537e7,0x8c6c7d7c50c
0x45eea7,0x8c6c7d7ed40
0x463e27,0x3a54ae6698d0
0x45ff56,0xbf7dd5fc1188
0x46d773,0x8c6c7d801b0
0x410f8a,0x3a54ae66c640
0x558f9a,0x3a54ae66d7a0
0x463e27,0x3a54ae675240
0x45ff7e,0x34a01734c64c
0x4552b0,0x3a54ae676748
0x460050,0x71d5f3e4c670
0x4552b0,0x3a54ae679128
0x460050,0x71d5f3f21c50
0x45ff7a,0xfaef35a125d0
0x4552c0,0xd7ad1aaab3b0
0x463a8d,0x2c2cbb5c5100
0x463a96,0x2c2cbb542748
0x45ff62,0xd79e62bab540
0x45528e,0xd7ad1aab0984
0x42ca41,0xa1abd7fded58
0x449502,0x11e281df5244
0x53e65a,0xcd28e5802778
0x45ee80,0x8c6c7d8b570
0x451950,0x3a54ae6611b8
0x44e194,0xd7ad1aab1c58
0x46d736,0xcc2ca38c08c0
0x410f8a,0xd7ad1aabbd90
0x45fd16,0x8c6c7d93540
0x448b5d,0x761845c55240
0x448b63,0x8c6c7d94f88
0x463e27,0xd7ad1aacc650
0x45ff7a,0x34a01735640c
0x45ff56,0xf5d9bcff5100
0x447a14,0xd7ad1aad31d4
0x460050,0xbf7dd5fc10f0
0x447a20,0xd7ad1aad6c10
0x45eeb8,0x8c6c7d9c520
0x53e65a,0x2c2cbb614738
0x4537e7,0x8c6c7da65bc
0x410f8a,0xd7ad1aae5700
0x412cc0,0xd7ad1aaec668
0x4552b0,0xd7ad1aaee808
0x46d773,0x8c6c7dabca0
0x45ff56,0xaa4eb5df3548
0x463e27,0xd7ad1aaf6c20
0x412cc0,0xd7ad1aaf89a8
0x45eeb8,0x54384593bf60
0x53df14,0x71d5f3eb0fa8
0x4518c8,0xecc2f0202778
0x447a20,0xd7ad1ab07290
0x411557,0xd7ad1ab11c4c
0x45ff62,0x34a017367a10
0x45fd16,0xdc4761a25700
0x46d773,0xecc2f0211e10
0x46d736,0xecc2f0211c70
0x448b5d,0x998897f68b90
0x412cc0,0xd7ad1ab27208
0x558f9a,0xd7ad1ab27a00
0x410f2c,0xd7ad1ab27298
0x448b5d,0xecc2f02125f0
0x448b83,0xc8d28351340
0x412cc0,0xd7ad1ab2cda8
0x4552b0,0xd7ad1ab2b568
0x410f2c,0xd7ad1ab2e818
0x463e27,0xd7ad1ab32eb0
0x460050,0xaa4eb5de1c70
0x448b5a,0xd7ad1ab32ef8
0x46d743,0x9895a7cc1180
0x463aa3,0xd7ad1ab3641c
0x457432,0xecc2f0215270
0x410f2c,0xd7ad1ab39f98
0x412c87,0xd7ad1ab41c58
0x4552b0,0xd7ad1ab47a18
0x46d743,0x34a017370f80
0x4552c0,0xd7ad1ab52eb4
0x410f2c,0xd7ad1ab55128
0x559212,0xd7ad1ab5bd90
0x448b5a,0xd7ad1ab5ebc8
0x45ff7e,0xc8d281a3100
0x4552b0,0xd7ad1ab66398
0x410f2c,0xd7ad1ab67c68
0x412c87,0xd7ad1ab6dff8
0x45ff56,0x34a0173810c8
0x559212,0xd7ad1ab78fe0
0x46d743,0xe7c8f3a09a0
0x463e27,0xd7ad1ab810d0
0x4552c0,0xd7ad1ab81c64
0x558f9a,0xd7ad1ab82760
0x46d736,0xecc2f022c640
0x4552b0,0xd7ad1ab898e8
0x4552b0,0xd7ad1ab8b3a8
0x463a96,0xcc2ca38d8fd8
0x4552c0,0xd7ad1ab931d4
0x45ff56,0xc8d28202744
0x412cc0,0xd7ad1ab9e518
0x558f9a,0xd7ad1ab9ed40
0x463e27,0xd7ad1aba1c40
0x558f9a,0xd7ad1aba08f0
0x4552c0,0xd7ad1aba8b94
0x410f8a,0xe89031c99130
0x558f9a,0xe89031ca0d50
0x448b5a,0xe89031ca01a8
0x463e27,0xf4a57b09ebf0
0x4552b0,0xf4a57b0a0188
0x448b5d,0x8f7ac3971360
0x448b83,0x8f7ac3971380
0x45ff7e,0x511533133540
0x4552b0,0xa678649a7298
0x463aa3,0xf4a57b0a63ac
0x410f8a,0xf4a57b0a6590
0x46d743,0xbf7dd6030980
0x46d773,0x9895a7c8d790
0x412cce,0xf4a57b0bc511
0x448b5a,0xf4a57b0bed68
0x463a8d,0xc8d2823ebc8
0x460050,0x71d5f3e2b550
0x4115a9,0xf4a57b0ccd80
0x4552c0,0xf4a57b0cb578
0x448b5a,0xf4a57b0d2eb8
0x45ff7e,0x49950ab2c640
0x45ff56,0x9895a7c47208
0x463aa3,0xf4a57b0e658c
0x45ff56,0xc8d282abc80
0x558f9a,0xf4a57b0f25d0
0x410f2c,0xf4a57b0f3d28
0x448b5a,0xf4a57b0f6408
0x410f8a,0xf4a57b0f6750
0x46d75a,0xf4a57b0f9fa0
0x559212,0xf4a57b0f8990
0x45ff7e,0xc8d282c0980
0x45ff56,0x34a0173ac640
0x412cc0,0xf4a57b1047d8
0x558f9a,0xf4a57b103110
0x463a96,0x71d0d59b9110
0x4552b0,0xf4a57b10cd88
0x410f2c,0xf4a57b10c658
0x463e27,0xf4a57b111e20
0x4552c0,0xf4a57b1109b4
0x4552b0,0xf4a57b115278
0x448b63,0xb4165f8f3d08
0x45ff7a,0x878ddf9d9100
0x410f8a,0xf4a57b11e530
0x46d773,0xb4165f8f4700
0x447a20,0xf4a57b12dfd0
0x45ff62,0x34a0173b9f90
0x412cc0,0xf4a57b130f98
0x4552b0,0xf4a57b12e838
0x463a8d,0xcc2ca3865a88
0x4552c0,0xf4a57b141194
0x46d773,0xb4165f900d70
0x4552c0,0xf4a57b145aa8
0x410f2c,0xf4a57b145328
0x412cc0,0xf4a57b14c658
0x4552c0,0xf4a57b14e834
0x4552c0,0xf4a57b153d24
0x448b5a,0xf4a57b1531d8
0x559212,0xf4a57b158990
0x448b5d,0xb4165f905ab0
0x447a20,0xf4a57b15c530
0x412cc0,0xf4a57b16c1e8
0x45528e,0xf4a57b16dfd4
0x45528e,0xf4a57b1709b4
0x412c87,0xf4a57b173558
0x460050,0xcc2ca3838990
0x45ff7a,0x71d5f3e9bf50
0x447a20,0xf4a57b17bdb0
0x4552b0,0xf4a57b187238
0x411557,0xf4a57b18b38c
0x558f9a,0xf4a57b18bcb0
0x45fd16,0xb4165f912e80
0x45ff56,0x878ddfa32e88
0x410f8a,0xf4a57b1931f0
0x46d736,0xb4165f915120
0x463aa3,0xf4a57b19bdac
0x410f2c,0xf4a57b19bf48
0x45fd16,0xab2ecf3ae800
0x460050,0xff3c8d5f4f90
0x46d736,0xc8d281801b0
0x45ff7e,0xfc47cbc2d780
0x558f9a,0xaf7e60c498d0
0x412cce,0xaf7e60c4cd91
0x448b5d,0xb4165f91dc70
0x45ff4d,0x28e837c8d788
0x45ff7a,0xd9e9d65e1180
0x45ff56,0x71d5f3fd5108
0x45ff7a,0x4741a6414f9c
0x463a8d,0x66598a847cc8
0x460050,0x66598a847c70
0x46d743,0x5b4487bd1c60
0x559212,0x5b4487bd0fb0
0x4552b0,0xaa4a5bd45138
0x558f9a,0xaa4a5bd47a10
0x410f2c,0xaa4a5bd47208
0x412cce,0xaa4a5bd4cd91
0x412cc0,0xaa4a5bd4d7a8
0x45ff56,0x3a0447276408
0x45ff56,0x1719cc92e90
0x45ff89,0x1719cc92ec0
0x4552b0,0xaa4a5bd5bda8
0x448b5a,0xaa4a5bd5dc78
0x463a96,0x557be2ffbda0
0x558f9a,0xaa4a5bd6b560
0x463a8d,0x6c5370371e08
0x412c87,0xaa4a5bd70f98
0x45ff7e,0xaa4a5bd7a4cc
0x4552b0,0xaa4a5bd7ed78
0x46d736,0xb4165f92cd80
0x4552b0,0xec9543a113b8
0x559212,0x9bdc4353ebf0
0x410f2c,0x8c6c7cad798
0x4552b0,0x8c6c7cb0998
0x463a8d,0x28d7cf5c0988
0x45ff7e,0xce1384ff4700
0x412c87,0x8c6c7cc7a28
0x463a96,0x7ebb3c7e47c0
0x46d736,0xb4165f9313a0
0x46d736,0xb4165f9331f0
0x410f2c,0x8c6c7cd6c18
0x463e27,0x8c6c7ce98d0
0x463aa3,0x8c6c7cec1cc
0x45fee6,0xb4165f93898c
0x463a8d,0xd9e9d65ebc80
0x448b5d,0xd9e9d6650fa0
0x410f2c,0x8c6c7d02758
0x448b63,0xbf7dd5ec2748
0x457432,0xbf7dd5f423f0
0x410f2c,0x8c6c7d11e28
0x4115a9,0x8c6c7d14f80
0x463e27,0x25ce5cf33d10
0x45ff56,0x1719cc90fb0
0x45ff56,0x99d8269ed798
0x45ff56,0xcd28e5828b98
0x45ff56,0x34a0173d0988
0x4552b0,0x8c6c7d25128
0x45ff7a,0xcc2ca38ecda0
0x4552c0,0x8c6c7d298f0
0x463a96,0x557be30047d8
0x4552b0,0x3a54ae5c6398
0x410f2c,0x8c6c7d41c68
0x4552c0,0x3a54ae5cc1e8
0x448b5a,0x8c6c7d42768
0x45528e,0x8c6c7d54714
0x4552b0,0x8c6c7d531c8
0x412cc0,0x8c6c7d58fe8
0x4115a9,0x8c6c7d65300
0x4552b0,0x8c6c7d67c58
0x448b5a,0x8c6c7d6c678
0x46d736,0xb4165f94dfd0
0x46d736,0x8c6c7d74fa8
0x410f8a,0x8c6c7d78ff0
0x4552b0,0x8c6c7d7bf78
0x463aa3,0x8c6c7d7c50c
0x45ff62,0x6c5370370990
0x463a96,0x2c2cbb542748
0x45ff7e,0x34a017333d0c
0x410f8a,0x8c6c7d8e800
0x46d773,0xb4165f953d30
0x558f9a,0x8c6c7d91350
0x4552b0,0x8c6c7d91398
0x45ff4d,0x28e837c92eb8
0x45ff62,0x34a017353d00
0x45ff7e,0x998897fd5120
0x46d75a,0xecc2f020cda0
0x558f9a,0x24d6558d13a0
0x45eebb,0x28e837ce3118
0x45ff56,0x3a0447259110
0x45ff7e,0xb381a5357c
0x463a96,0x5115330ccd80
0x463aa3,0xb381a3bf4c
0x463e27,0xb381a3bda0
0x45ff62,0x4741a6450f88
0x456331,0xb381a41c40
0x448b5a,0xb381a410d8
0x463e27,0xb381a46380
0x45ff7e,0x34a0172f910c
0x46d75a,0xb381a46580
0x46d633,0xcc2ca37ce800
0x44959d,0xf5d9bd080990
0x463aa3,0xb381a4e81c
0x4494de,0x71d0d5920180
0x447a40,0xb381a51340
0x45eeb8,0x203e001247e0
0x45ff56,0xff3c8d5e7c40
0x411a5c,0xb381a51c48
0x411804,0x11faa17f4710
0x4561ac,0x11e281df6414
0x45ee89,0x24d6558d1e30
0x45ff7e,0x34a01736638c
0x448b7a,0xbf7dd5fa7cd8
0x45fe42,0xc8d283463a8
0x45ff7a,0xcdaaa6e309bc
0x45ff62,0x66598a767288
0x412c87,0x11e281e047d8
0x44962d,0x7cb7319a47c0
0x447a40,0x32bd14b8e820
0x53df0a,0x71d0d5895110
0x4495c3,0x11faa185c500
0x448b5a,0x32bd14b93568
0x463a8d,0x8d9869025730
0x46d75a,0xc1b5f0189b0
0x451882,0x92da1fa90998
0x44959d,0x7cb7319abc90
0x4518c8,0x203e0012cdb8
0x4537e7,0xbf7dd5fc0d4c
0x45ff90,0x32bd14b87c40
0x4494ea,0xcc2ca370cd88
0x456198,0xe470055e98e8
0x45ff7a,0x66598a76723c
0x45ff7a,0x34a017370f80
0x45eea0,0xbf7dd5fc7a28
0x45ff62,0xc8d282a5a80
0x412c87,0xe470055f25d8
0x559212,0xe470055f2e80
0x456198,0xe470055f2ec8
0x45ff56,0x34a017395110
0x45ff90,0x34a0173931c0
0x4518c8,0x203e0012d7b8
0x45eea7,0xbf7dd5fd3540
0x46d633,0xce138516bc80
0x45fe42,0x66598a7ecda8
0x463a96,0xdd2838a59108
0x45ff62,0x761845c87cf0
0x45ff62,0x66598a7e7290
0x451950,0x1719cc87cf8
0x45eeb8,0x92da1faa0180
0x45ee89,0x24d6558e47e0
0x45ff4d,0x28e837c8e838
0x45ee89,0xf775d31801b0
0x45ff4d,0x28e837c9ed78
0x4602e0,0x133ad1cacd90
0x53ffd1,0x71d0d59dbdb8
0x449609,0x7cb7319c0d48
0x42ca41,0xcd28e5816410
0x45ff62,0xce13851065b0
0x44959a,0xcd28e57ee808
0x451882,0x92da1faa7c58
0x44e194,0x92da1faa7cc8
0x45ff7e,0x8d98690272bc
0x45ff62,0x4741a6420188
0x45ff7a,0x4741a643642c
0x53df0a,0x66598a7da4d0
0x44962d,0xff3c8d613d00
0x45ff62,0x1719cc92e90
0x45ff7a,0xe7c8f3a09a0
0x559212,0x1719cc7bf70
0x45eeb8,0x92da1faae830
0x44959d,0x908653178980
0x44959a,0x7cb7319d0f98
0x45eea7,0xbf7dd60098e0
0x448b83,0x11e281df9100
0x4495c3,0x2c2cbb474700
0x448b7a,0xbf7dd600b3b8
0x42ca41,0x11faa1891c40
0x44959d,0x11faa18925d0
0x4561ac,0x203e00135104
0x558f9a,0x203e00135240
0x4537e7,0xbf7dd6013d0c
0x53df0a,0x28d7cf426390
0x45ff4d,0x6c537038dff8
0x4602cb,0x4741a643e508
0x44e194,0x92da1fab89b8
0x44952d,0x71d0d5a1e518
0x4495c3,0x11faa18ad790
0x53e62b,0x5115330eb540
0x44952d,0xd4cb943c10d8
0x447a40,0x54962a2b8fc0
0x451882,0x203e0013e538
0x411a5c,0x54962a2c08c8
0x456198,0x54962a2c3138
0x463a8d,0x1719cc589b8
0x46d614,0xd79e62bb6400
0x456171,0x54962a2c7c64
0x456198,0x3a0447245718
0x45eeb8,0x92da1fabdc40
0x456198,0x3a0447247a08
0x411913,0x3a0447247200
0x4537e7,0xbf7dd6047a0c
0x412cc0,0x3a044724d798
0x559212,0x3a044724dff0
0x44e248,0x24d6558e98c8
0x45ff56,0x98f5690dbf70
0x411557,0x24d6558ecd8c
0x448b5d,0x1719cc725c0
0x45ff56,0x998897f68b90
0x45ff4d,0x28e837c8d788
0x45ff62,0xcdaaa6e31c50
0x412c87,0x3a044725dc78
0x45ee89,0x92da1facdfe0
0x411804,0xff3c8d60d790
0x45ff4d,0x28e837c92ee8
0x456269,0x3a0447268b88
0x45ee89,0x92da1fad13a0
0x45eeb8,0x92da1fad25e0
0x412c87,0x3a044726b548
0x456171,0x3a044726b384
0x45eeb8,0x92da1fad31c0
0x412c87,0x3a044726e838
0x53e65a,0x998897f88b88
0x45eeb8,0x7cf9db862740
0x44952d,0x71d0d5a54718
0x456171,0x3a044727bf44
0x45ff7a,0xd79e62aa11ac
0x449609,0x7cb731a00d48
0x456171,0x99d8269cb574
0x45ee80,0x24d6558f2ea0
0x45ff56,0xcd28e5908b80
0x45ff56,0xcc2ca38e5300
0x45ff62,0xca49da371380
0x45ee80,0x9ae07660e800
0x463e27,0x99d8269d8fe0
0x412c87,0x99d8269de538
0x456198,0x99d8269ded48
0x448b7a,0x9ae076615128
0x45fe42,0xd9e9d66b1360
0x4537e7,0x7c53326f1c6c
0x449609,0x7cb731a0b548
0x44962d,0xce138500dfc0
0x45ee80,0xc8d28174f80
0x45fdd7,0xc911b24d89a0
0x463a8d,0x1719cc93d38
0x463e27,0x99d826a00180
0x44959a,0x7cb731a16408
0x558f9a,0x99d826a00d70
0x451882,0x24d6558fa4f8
0x45ee80,0xf775d31872b0
0x46d736,0x3a04472623d0
0x53e62b,0x49950aac98d0
0x558f9a,0xbf7dd5e513a0
0x456269,0xbf7dd5e51348
0x463aa3,0xbf7dd5e51c4c
0x456198,0x24d6558fc518
0x44e248,0x92da1faebc88
0x4602cb,0x66598a805100
0x451882,0x92da1faf6c28
0x448b83,0x3a0447275240
0x45ff56,0xcd28e57ce800
0x412cc0,0xbf7dd5e6e838
0x45ee80,0xc8d281a47c0
0x456269,0xbf7dd5e76408
0x448b83,0x99d8269cc1c0
0x45ff7e,0x8c6c7d0cd90
0x456171,0xbf7dd5e76c04
0x45ff62,0xce1384fab560
0x558f9a,0xbf7dd5e847c0
0x45ee80,0xc8d281b3560
0x45eeb8,0x92da1fb02770
0x46d75a,0xbf7dd5e8e830
0x46d614,0x932ec40623c0
0x449609,0x7cb731a2e828
0x46d773,0x99d8269f4710
0x44952d,0xce1385034f88
0x451882,0xbf7dd5ec7cf8
0x45eeb8,0x92da1fb08ba0
0x46d75a,0xbf7dd5e9c500
0x456269,0xbf7dd5ea5128
0x45ff62,0xce1385001c40
0x45ff62,0xce13850f25d0
0x46d75a,0xbf7dd5ea5a80
0x411804,0xf5d9bd056400
0x45ee80,0x92da1fb125c0
0x46d773,0xbf7dd5e52ef0
0x46d633,0x309dcdc498c0
0x53e62b,0xbdae4aaf3d30
0x456171,0xbf7dd5eb31f4
0x456331,0xbf7dd5eb3d00
0x448b7a,0xc8d281e98d8
0x45fe42,0xce13850f1340
0x46d633,0xbdae4aaf6c10
0x44959a,0x7cb731a40d58
0x451882,0x92da1fb11e38
0x4602cb,0xbf7dd5ebbf60
0x4494ea,0xbdae4aafc508
0x46d736,0x99d8269f0f90
0x42ca41,0xe7c8f3b5240
0x451950,0x92da1fb189b8
0x451950,0x92da1fb0b3b8
0x449680,0xc8d283389b0
0x45ee80,0xc8d281fbf40
0x463aa3,0xdd2838a647dc
0x45ff7a,0xcc2ca37ce800
0x42ca41,0x24d6558cd790
0x448b5d,0xbf7dd5e5ed40
0x53df14,0x932ec4091348
0x4518c8,0x92da1fb201b8
0x449502,0xcd28e57d6c04
0x45ee80,0x92da1fb25300
0x451882,0x92da1fb26588
0x463aa3,0xbf7dd5ee11ac
0x45eeb8,0x92da1fb27280
0x447a40,0xbf7dd5eedfc0
0x45eeb8,0x92da1fa53540
0x45eeb8,0x92da1fb298e0
0x448b5d,0xbf7dd5e7ed60
0x42ca41,0x71d5f3ee5738
0x448b7a,0xc8d28218ff8
0x448b5d,0xbf7dd5e9e520
0x45ff7e,0xcd28e58a23dc
0x45ff56,0x5115331401a0
0x45ff62,0x11faa17b6c10
0x456269,0xbf7dd5f02758
0x451882,0x92da1fa53d28
0x451882,0x92da1fb2c648
0x448b5d,0xbf7dd5e9dc60
0x4602cb,0xbf7dd5f05310
0x447a39,0xbf7dd5f07230
0x4561ac,0xbf7dd5f07c54
0x456198,0xbf7dd5f07cf8
0x45ee80,0xf775d318b560
0x45eeb8,0x92da1fb2cda0
0x448b7a,0xc8d28233578
0x448b5d,0x66598a76b3a0
0x45ee80,0xf775d318c1d0
0x4537e7,0xc8d28239fac
0x45ff56,0xcc2ca37a09a0
0x46d773,0xcc2ca38e09a0
0x456198,0xbf7dd5f20d58
0x46d75a,0xbf7dd5f247d0
0x4602cb,0xbf7dd5f210d0
0x411804,0xe7c8f3e47e0
0x451882,0x92da1fa608f8
0x45ff56,0x25ce5cdb8fc0
0x53e65a,0xf848bcf2e838
0x463a8d,0x66598a7663a8
0x45ff7e,0xc8d282401ac
0x53e62b,0xd6932874bcb0
0x53e65a,0xf848bcf31388
0x44952d,0xf848bcf31358
0x456269,0xbf7dd5f36748
0x558f9a,0xbf7dd5f389b0
0x45ee80,0xc8d2824cdb0
0x45ff56,0xfdfd3a8c3130
0x4561ac,0xbf7dd5f3dc44
0x45ff7e,0xa6786496b390
0x449502,0xf848bcf38984
0x451882,0x71bb2b15e508
0x46d633,0x71d0d59e7a00
0x449609,0x7cb731a73568
0x448b7a,0xc8d2825dc68
0x45fe53,0x6c537033c500
0x451950,0x71bb2b1608f8
0x53df14,0xb7ac7a932ea8
0x44959d,0x66598a7a98c0
0x463aa3,0xbf7dd5f5471c
0x46d633,0xca49da334f90
0x456198,0xbf7dd5f54f88
0x451950,0xbf7dd5f65138
0x4495c3,0xe470055e7c40
0x449609,0xce13851208d8
0x45ee80,0x71bb2b168ba0
0x451882,0xc8d28271e28
0x45eeb8,0x71bb2b1698e0
0x45ff56,0xd9e9d66423e0
0x4064e3,0x7cb731a80190
0x448b5a,0xbf7dd5f5ebd8
0x451882,0x71bb2b16c1e8
0x412c87,0xbf7dd5f610e8
0x4602e0,0xbf7dd5f611b0
0x463aa3,0xbf7dd5f6531c
0x4495c3,0x7ebb3c7d1e10
0x45ee80,0x71bb2b16e830
0x558f9a,0xbf7dd5f71340
0x46d75a,0xbf7dd5f71c40
0x45ee80,0x71bb2b1725d0
0x4518c8,0x71bb2b175278
0x44e248,0x24d6559208c8
0x45eeb8,0x71bb2b176c00
0x411913,0xbf7dd5f823c0
0x45ff62,0xc8d283463a8
0x46d736,0x4741a6419100
0x45ff7a,0xca49da3c8b8c
0x463a8d,0x71d0d5920180
0x448b5d,0x2554302a1c70
0x448b5a,0xbf7dd5fa7cd8
0x45fd16,0x4741a6425700
0x46d773,0xbf7dd5fb09b0
0x4494de,0xf848bcf698c0
0x44952d,0x7ebb3c896c18
0x463a96,0xdd2838a59108
0x4552c0,0x92da1fa91374
0x4552c0,0xbf7dd5fbdc74
0x412c87,0xbf7dd5fc47e8
0x412cc0,0xbf7dd5fc7218
0x447a40,0xbf7dd5fc7c40
0x410f2c,0xbf7dd5fc72a8
0x410f2c,0xbf7dd5fcbc88
0x463e27,0xbf7dd5fd3540
0x46d75a,0xbf7dd5fd5120
0x410f2c,0xbf7dd5fd5268
0x53e62b,0xf848bcf7e530
0x45eeb8,0x24d6558d9130
0x44e194,0x24d6558e1188
0x451950,0x24d6558e10f8
0x447a20,0x92da1faa23c0
0x412cc0,0xbf7dd5fe6388
0x447a20,0xbf7dd5fed780
0x559212,0xbf7dd5ff0fa0
0x410f4f,0xbf7dd5ff31c8
0x448b83,0x28d7cf4210c0
0x45ff56,0x71d0d5a1e518
0x46d75a,0xbf7dd5ffed40
0x45528e,0xbf7dd5ffebe4
0x46d75a,0xbf7dd6005100
0x4552c0,0xbf7dd6005a94
0x463e27,0xbf7dd60098e0
0x46d75a,0xbf7dd600b570
0x4115a9,0xbf7dd600dfc0
0x46d75a,0x92da1fab25c0
0x45ee80,0x92da1fab2e90
0x4494f2,0xcd28e58fdc40
0x4494de,0xce1385035240
0x4518c8,0x92da1faa47f8
0x45ee80,0xc8d282dbf70
0x463aa3,0xbf7dd6013d0c
0x45fd16,0x66598a7ba4c0
0x460050,0x28d7cf426390
0x4552b0,0x92da1faba4c8
0x410f8a,0xbf7dd6021c40
0x448b83,0x878ddfa41c40
0x4552c0,0xbf7dd602e804
0x45736c,0xedc51a8fbdb8
0x447a20,0xbf7dd6045aa0
0x410f2c,0xbf7dd6045118
0x449502,0x71d5f3fce804
0x46d633,0x8d9869022750
0x45ee89,0x71bb2b181c70
0x410f8a,0xaa4eb5de98c0
0x45ff7a,0xc8d2835356c
0x410f2c,0xaa4eb5df6c38
0x46d75a,0xaa4eb5dfa4d0
0x45528e,0xaa4eb5dfed54
0x4552b0,0x92da1fac5108
0x45ff56,0xd9e9d66b1360
0x4552b0,0x9ae076602748
0x448b5d,0x3a0447263120
0x46d75a,0x9ae076607200
0x412cc0,0x9ae0766072b8
0x447a20,0x9ae076607cd0
0x45eeb8,0x24d6558f1e20
0x4494ea,0xa040f2148b88
0x412cc0,0xbf7dd5e78fd8
0x558f9a,0x9ae07660e800
0x448b5a,0x9ae076615128
0x4552c0,0x7c53326f3574
0x410f2c,0x7c53326f1e08
0x412c87,0xc8d28174708
0x46d773,0xbf7dd6027c50
0x448b83,0xbf7dd6027cc0
0x410f8a,0xc8d2817ebf0
0x412c87,0xc8d28185118
0x558f9a,0xc8d28185aa0
0x463a96,0xdd2838a59fa0
0x45eebb,0x28e837ce3118
0x53e62b,0x1a64fc5ddc60
0x463a96,0xdd2838a60198
0x558f9a,0xc8d281a47c0
0x410f2c,0xc8d281a7a08
0x410f8a,0xc8d281b1e10
0x410f25,0xc8d281b6740
0x448b5d,0x51a63c50fb0
0x45736c,0x8876f2fd89b8
0x410f8a,0xc8d281c7c60
0x456269,0x92da1fb06598
0x4537e7,0xc8d283447cc
0x45ff7e,0x309dcdc498c0
0x558f9a,0xc8d281d3d00
0x448b5d,0xbf7dd5e8c670
0x412c87,0xc8d281e5118
0x558f9a,0xc8d281e5aa0
0x448b5a,0xc8d281e98d8
0x410f2c,0xc8d281f0f98
0x46d614,0x1a64fc5e5300
0x45eea7,0xc8d28363110
0x44952d,0xc8d282a7a18
0x45eeb8,0xc8d28371e00
0x45eeb8,0x92da1fb0c1c0
0x412cce,0xc8d282010d1
0x410f2c,0xc8d28201198
0x448b5d,0x28e837cfdc50
0x410f8a,0xc8d28210f80
0x4552c0,0xc8d2821e524
0x463a96,0xdd2838a608d0
0x45ff7a,0xc8d28347a0c
0x45ff7e,0x71d0d59e7a00
0x448b5a,0xc8d28233578
0x447a40,0x92da1fb35100
0x46d736,0xbf7dd5ef6c10
0x4552c0,0xc8d28241c74
0x46d736,0x49950ab113a0
0x46d75a,0xc8d28245110
0x4552c0,0xc8d28245aa4
0x46d773,0xbf7dd5ee7cd0
0x410f8a,0xc8d2824c660
0x463a96,0xdd2838a60d50
0x448b63,0xbf7dd5f3a4c8
0x558f9a,0x71bb2b160190
0x410f2c,0xc8d28267a38
0x46d736,0xc8d28270fb0
0x447a39,0xc8d282811b0
0x4552b0,0xc8d28281c78
0x46d736,0xc8d282211a0
0x447a40,0x71bb2b1731c0
0x558f9a,0x71bb2b176400
0x4552c0,0xc8d282a08d4
0x45528e,0xc8d282a47c4
0x447a40,0x92da1fa76400
0x410f25,0xc8d282a8b80
0x448b83,0xcc2ca38e2740
0x4552b0,0xc8d282c47e8
0x558f9a,0x92da1fab6c00
0x45528e,0xc8d282e7c44
0x558f9a,0xc8d282ed790
0x447a20,0x92da1fab5250
0x4552c0,0x92da1fab5114
0x45ff56,0xce13850f1340
0x447a20,0xc8d282f6c30
0x4552b0,0xc8d283063b8
0x46d736,0xc8d281d89a0
0x558f9a,0xc8d28313d30
0x45ff56,0xfdfd3a8c3130
0x447a20,0x71bb2b18c650
0x412cc0,0xc8d2833c518
0x558f9a,0xc8d28342750
0x4552b0,0xc8d283623f8
0x410f8a,0xc8d28360d50
0x45ff7a,0x8ac8847610cc
0x45ff56,0x2e448dacb390
0x45ff56,0x9895a7c47208
0x45528e,0xc8d28373574
0x410f2c,0xaf4780c8c1f8
0x45ff62,0xcd28e5908b80
0x45ff56,0x71d0d59247e0
0x5405e9,0x71d0d5a208f8
0x53cacd,0x71d0d5a209b8
0x410b90,0x7ebb3c885a88
0x45ff62,0x3a0447275240
0x46d743,0x66598a7e7228
0x42d5e0,0x7ebb3c899fb0
0x494c73,0xcc2ca38210f0
0x494c73,0x7ebb3c7d4fb0
0x443d2b,0x7ebb3c89e501
0x47338d,0xcc2ca381642c
0x494c82,0x66598a7f8988
0x494c7e,0x66598a807c78
0x494c73,0x66598a825a80
0x46d75a,0x66598a841c70
0x53cb5b,0xd79e62a9c538
0x45ff56,0x11e281df9100
0x451882,0x7ebb3c890fa8
0x410c00,0x7ebb3c892ea8
0x410b32,0x7ebb3c892ef0
0x559fe3,0x2c2cbb596740
0x45ff62,0xcc2ca38e5300
0x463a96,0xcc2ca38d89a0
0x46d743,0xc8d282e98c8
0x46d181,0xca49da39ed40
0x443d2b,0x25ce5cdc2751
0x463aa3,0xb4165f9610dc
0x412c87,0xb4165f961198
0x46d18d,0xaf7e60c52ee0
0x47338d,0xb4165f96721c
0x45ff4d,0x28e837c9ed78
0x53cb5b,0xce13850b13b8
0x47338d,0xb4165f970fac
0x45ff62,0x71d0d593a4f0
0x443d2b,0xb4165f973571
0x53cb5b,0x11faa18589a8
0x410b90,0xb4165f9725c8
0x47338d,0xb4165f974704
0x53cb5b,0xb4165f976418
0x46d18d,0xf5d9bd173540
0x45ff4d,0x28e837c8e838
0x45ff62,0xb7ac7aa16420
0x5405e9,0xb4165f97ebf8
0x463e27,0x8ac88474c650
0x473397,0x8ac88474cd80
0x4115a9,0xb4165f987200
0x410c26,0xb4165f9872b8
0x53cacd,0x66598a7cbca8
0x410b32,0xb4165f993540
0x45ff7a,0x9895a7cfdc4c
0x47338d,0xb4165f999104
0x45ff7a,0x7cb73199c53c
0x53cacd,0xb4165f99c518
0x45ff56,0xc8d282a5a80
0x47338d,0xb4165f9a10fc
0x45ff7e,0x4741a643642c
0x45ff62,0x761845c87cf0
0x412cc0,0xb4165f9a23c8
0x53df14,0xb7ac7a9a7a18
0x451882,0xb4165f9a47d8
0x53df14,0x71d5f3f0c1c8
0x45eeb8,0xb4165f9a5a90
0x447a14,0xb4165f9609b4
0x451882,0xb4165f9a5738
0x53df14,0xff3c8d627c48
0x45eeb8,0xb4165f9a98f0
0x45528e,0xb4165f9709a4
0x558f9a,0xb4165f972ed0
0x45eeb8,0xb4165f9a5310
0x53df0a,0x46a8494a5100
0x4494f2,0x46a8494a23c0
0x46d614,0x998897f9e500
0x45eeb8,0xb4165f9a5120
0x53df14,0xb7ac7a9d09a8
0x53e65a,0x71d0d5876438
0x473397,0xb4165f96d788
0x559fe0,0x2c2cbb507ce8
0x494c73,0x5115330c10e0
0x42d333,0xb66056956748
0x494c73,0x71d5f3f94f80
0x45eeb8,0x4d2bb47c7220
0x451882,0x4d2bb47c7288
0x46d75a,0xb4165f9bdc50
0x46d614,0xce1384f8bc80
0x45eeb8,0xb4165f9bed60
0x448b7a,0xb4165f9931f8
0x45ee89,0xb4165f9c1c60
0x412c01,0x28e837c96c01
0x4552b0,0xb4165f9c6388
0x4494de,0x5829a6ee6580
0x45ee80,0xb4165f987a10
0x46d633,0xd79e62b79f90
0x451882,0xb4165f9c98c8
0x4552b0,0xb4165f993d08
0x45528e,0xb4165f995254
0x4552c0,0xb4165f9c3104
0x410700,0x5829a6ef4700
0x45ff4d,0x66598a781198
0x456198,0xff3c8d5b5268
0x4518c8,0x6af9d6d16c38
0x46d736,0x6af9d6d19120
0x44959d,0x2c2cbb431350
0x4495c3,0x2c2cbb431380
0x463aa3,0x6af9d6d125cc
0x412d56,0x66598a843108
0x448b5a,0x5115330c47c8
0x53e0f7,0x28e837cc7c48
0x456198,0x6af9d6d12e98
0x4561ac,0x6af9d6d12ed4
0x451882,0x5115330c7a28
0x53ffd1,0x71d0d5885ab8
0x447a14,0xff3c8d5cb574
0x448b83,0xff3c8d5cc640
0x47c586,0x28e837cc3120
0x45eea0,0xff3c8d5cb3a8
0x4518c8,0x5115330c5ab8
0x53e62b,0xf848bcf3dc50
0x400530,0x28e837cdc530
0x53e65a,0xce1384ff09a8
0x447a40,0x8a4feef51350
0x494c73,0xd79e62a58fd0
0x494c73,0x66598a823100
0x494c73,0x8a4feef6b380
0x494c73,0x28e837c90fb0
0x494c7e,0x8a4feef75138
0x494c93,0x6af9d6d201b8
0x447a20,0x6af9d6d15100
0x4608e7,0x66598a7f1e38
0x46091a,0x28d7cf4208f8
0x412740,0x28e837c96740
0x409edb,0x28d7cf420998
0x45ff62,0xce13850eb560
0x443d2b,0xcc2ca37408d1
0x45ff56,0xa040f20fdc50
0x45ff56,0x7cb7319f2ef0
0x443d2b,0xff3c8d5f2e91
0x45ff62,0x7ebb3c894720
0x45ff62,0x2e448db30f80
0x46d151,0xe470055e7a08
0x45ff62,0x66598a7ab540
0x53cacd,0xe470055f1c48
0x45ff62,0x71d0d59c0d60
0x45ff56,0xa040f20d6400
0x460050,0xc8d282731f0
0x53cb5b,0xc5e52af59118
0x460050,0xc8d282a98f0
0x463e27,0xff3c8d6125e0
0x45ff56,0x34a0173810c8
0x47338d,0xff3c8d618ffc
0x53cacd,0xcc2ca37fbd98
0x456198,0xff3c8d62dfd8
0x4602e0,0xff3c8d62d7b0
0x47338d,0xff3c8d634734
0x456198,0xff3c8d634f98
0x412cce,0xd6fa95373551
0x4561ac,0xd6fa95376c14
0x456198,0xd6fa9537bf48
0x558f9a,0xd6fa953847c0
0x558f9a,0xd6fa9538c660
0x45eeb8,0xd6fa9538e800
0x4537e7,0xd6fa9539098c
0x410c00,0xd6fa95391c48
0x447a40,0xd6fa953925d0
0x448b7a,0xd6fa95396408
0x45eeb8,0xd6fa95398fc0
0x448b7a,0xd6fa9539bd88
0x45eea0,0xd6fa953a08f8
0x412cc0,0xd6fa953a2778
0x4561ac,0xd6fa953a5114
0x47338d,0xd6fa95372e84
0x47338d,0xd6fa95396764
0x46d75a,0xd6fa9539bf40
0x473397,0xd9e9d65d5100
0x46d773,0xd9e9d65d6c20
0x46d15e,0x71d5f3eb4730
0x463a96,0x2149a6cab540
0x460050,0x71d5f3e725e0
0x45ff56,0x878ddfa41c40
0x46d18d,0xcc2ca3833570
0x53cb5b,0x71d5f3fc2778
0x411557,0xd9e9d65e0d4c
0x410b32,0xd9e9d65e47f0
0x473397,0xd9e9d65e8b80
0x45ff7a,0x9895a7cc1180
0x412cc0,0xd9e9d65ec1e8
0x46d18d,0xce1385048b80
0x47338d,0xd9e9d65f6c24
0x410800,0x28d7cf513d20
0x47338d,0xd9e9d66010d4
0x443d2b,0xd9e9d66023d1
0x47338d,0xd9e9d66011a4
0x443d2b,0xd9e9d6602741
0x53cacd,0xce13850509a8
0x46d18d,0xce1385058990
0x410b32,0xd9e9d6606380
0x473397,0xd9e9d6606580
0x443d2b,0x49950aa74f91
0x410725,0xd9e9d660cd80
0x45ff7a,0xce1384fded4c
0x473397,0xd9e9d6616410
0x53cacd,0x28d7cf570f98
0x463aa3,0xd9e9d661ed4c
0x46000d,0x6c537033c500
0x53df14,0x71d5f3fd5278
0x53df0a,0x28d7cf566380
0x448b7a,0xff3c8d5edfd8
0x448b7a,0xff3c8d5f6438
0x53ffd1,0x8876f2fcc1f8
0x53ffd1,0xa040f2151e38
0x45ee80,0x66598a7f2ea0
0x4518c8,0xff3c8d6247f8
0x53df14,0xf5d9bcfd1358
0x449502,0xb1739fbce804
0x45ee80,0xff3c8d615260
0x449502,0xf5d9bcfd9f84
0x456269,0x66598a7f1398
0x451882,0x5115330c5708
0x53df0a,0x4741a64423d0
0x4494de,0xd693286ed780
0x558f9a,0xff3c8d5e6580
0x558f9a,0xff3c8d5ed7b0
0x411d2f,0xff3c8d5f6750
0x46d773,0x4741a643642c
0x447a20,0xff3c8d60bc90
0x4552b0,0xff3c8d615138
0x46d736,0x6c5370367a30
0x45eeb8,0xff3c8d5c3120
0x45eeb8,0xd9e9d6627c60
0x451882,0xd9e9d6627cc8
0x449502,0xff3c8d61ed44
0x451882,0x55c693e4dfe8
0x45ee80,0xd6fa95379110
0x45ee80,0xd9e9d6653d10
0x45ee89,0x5115330c65b0
0x4518c8,0xd6fa95394738
0x45eeb8,0x5115330c5100
0x53e5fc,0xd9e9d66408f8
0x44952d,0xd9e9d6640998
0x451950,0xd9e9d666d7b8
0x45ee80,0xd9e9d6672e90
0x53e65a,0xcc2ca37389a8
0x451882,0xd9e9d662b548
0x53e65a,0xcc2ca3707cc8
0x4494de,0xcc2ca3707c40
0x447a40,0xd9e9d6636770
0x451882,0xd9e9d6690f98
0x45ee80,0xd9e9d663c520
0x45ee89,0xd9e9d6693570
0x46d614,0xf5d9bd033540
0x45ee80,0xd9e9d6696430
0x448b7a,0xd9e9d661ebe8
0x4552b0,0xd9e9d65d8fd8
0x4552b0,0xd9e9d6675138
0x4552c0,0xd9e9d6675254
0x447a20,0xd9e9d65e2750
0x45528e,0xd9e9d65edfd4
0x447a39,0xd9e9d65f1e30
0x558f9a,0xd9e9d6687200
0x558f9a,0xd9e9d66125d0
0x45528e,0xd9e9d6613544
0x463aa3,0xcd28e58531cc
0x473397,0xcd28e5853548
0x448b5d,0xa7d08ad2bcb0
0x463e27,0xb4165f9d3550
0x473397,0xb4165f9d5100
0x45ff62,0xff3c8d5e7c40
0x45ff56,0xcc2ca371a4f0
0x45ff7a,0xc8d2835356c
0x53cacd,0x2f279573a4c8
0x45ff56,0xb7ac7aa16420
0x45ff56,0xcc2ca38e2740
0x45ff4d,0x6c537038dff8
0x473397,0xb4165f9e7290
0x46d18d,0x1a70aa72c650
0x409eee,0xcd28e58a5738
0x463a96,0x6af9d6d11e18
0x45ff62,0xfdfd3a8c3130
0x45ff56,0xc8d283463a8
0x4115a9,0xd9e9d66a6580
0x53cb5b,0xca49da396748
0x443d2b,0xcc2ca36f3551
0x53cb5b,0xd9e9d66ad7b8
0x45ff56,0x28d7cf4210c0
0x443d2b,0xd9e9d66b3d11
0x53cacd,0xd9e9d66b89a8
0x45ff56,0xd9e9d66b1360
0x4115a9,0xd9e9d66b9f80
0x46d75a,0xd9e9d66c01a0
0x45ff62,0xc911b24d89a0
0x412c87,0xd9e9d66c47e8
0x4608f0,0xd9e9d66c5118
0x443d2b,0xd9e9d663e531
0x46d18d,0x66598a7d2ea0
0x46d181,0x66598a7d2ec0
0x460050,0xd9e9d663ebf0
0x46d193,0xc2041aa78ff0
0x53cacd,0x7ebb3c825728
0x463e27,0xa98092300190
0x443d2b,0xc8d28296431
0x53cb5b,0xd69328774708
0x412755,0xa7d08ad7bd80
0x412743,0xce1384f808f8
0x47338d,0xce1384f8099c
0x412c87,0xce1384f85ab8
0x46091a,0xc48ca8ffc508
0x463aa3,0xce1384f8dfdc
0x473397,0xce1384f91358
0x47338d,0xce1384f9355c
0x45ff56,0xbf7dd6027cc0
0x45ff7a,0xbf7dd6027c50
0x46d743,0xcc2ca37109b8
0x460950,0x6c537036d7b0
0x53cb5b,0xcd28e5736778
0x412cc0,0xd6fa9536e838
0x443d2b,0xce1384fb0991
0x46d18d,0xd79e62b8cda0
0x412cc0,0xce1384fb1348
0x4608e7,0xce1384fb13b8
0x460950,0xc48ca901bdb0
0x4608f0,0x71d5f3fb1398
0x47338d,0xce1384fb473c
0x45ff7a,0xd79e62aa11ac
0x46d75a,0xce1384fc7a10
0x47338d,0xce1384fc7c4c
0x463aa3,0xce1384fcbcac
0x45ff89,0xa040f2131340
0x45ff62,0x7ebb3c894720
0x460050,0xcc2ca386d7b0
0x46091a,0xd693286d0f88
0x412cc0,0xce1384fe1c68
0x412768,0xce1384feb388
0x46d743,0xd9e9d65d0fb8
0x45ff7a,0xce13850210cc
0x463e27,0xce1384ff2e80
0x412cc0,0xce1384ff5138
0x463e27,0xce1384ff9110
0x45ff62,0xce13850f25d0
0x46d743,0xce1384fac678
0x46d773,0xce1385005120
0x47338d,0xce1384ffebfc
0x463aa3,0xce1385008b8c
0x443d2b,0xce1384fc2751
0x46d18d,0xd9e9d65f25e0
0x46091a,0xd693287072b8
0x473397,0xce138500e808
0x53cb5b,0xce13850c7298
0x463e27,0xce13850125d0
0x45ff7e,0x2e448dac512c
0x45ff62,0x3a0447275240
0x45ff56,0xbf7dd5e5ed40
0x47338d,0xce1385018fec
0x45ff56,0x8f7ac3971380
0x5405e9,0x41d09e9c01b8
0x45ff62,0xce13850f1340
0x46d729,0xd6932871bd88
0x46d18d,0xce13850e7230
0x45fece,0x28e837cfdc50
0x47338d,0xd6fa9537ebfc
0x47338d,0xce138502c1dc
0x4608f0,0xce1385031348
0x463e27,0xce13850331f0
0x4608f0,0xce1385034728
0x46d181,0xd79e62abebc0
0x45ff7a,0xc8d28347a0c
0x412cc0,0xce138503ed78
0x412cc0,0xce138504c648
0x4608f0,0x4741a642b388
0x53cb5b,0xd79e62aac1c8
0x47338d,0xce1385052ecc
0x463a8d,0xd6fa95385aa8
0x473397,0xce138505a4c8
0x46d193,0x4741a6440d70
0x47338d,0xce138506511c
0x46d773,0xce1385020d60
0x443d2b,0xce1385027231
0x53cb5b,0x6c537032cda8
0x412cc0,0xce138506e808
0x46d773,0xce1385027ce0
0x46d773,0xc8d28347c60
0x463aa3,0xce1385078fcc
0x412c87,0xce1385087a08
0x473397,0xce1385087cc8
0x463e27,0xd6fa9538cdb0
0x463e27,0xce1385096770
0x46d75a,0xce138509ed50
0x53cacd,0x28e837ccd798
0x47338d,0xce13850b912c
0x473397,0xce13850bc508
0x463aa3,0xce13850be52c
0x46d743,0xd9e9d65d4738
0x412cc0,0xd6fa95392ea8
0x4115a9,0xd6fa95392ec0
0x46d151,0xcd28e5726388
0x412c87,0xce13850d4738
0x45ff62,0x34a017322760
0x463aa3,0xce13850ddc5c
0x443d2b,0xce13850a65b1
0x46091a,0xd79e62ac5718
0x5405e9,0xcd28e58647f8
0x45ff56,0x98f5690dbf70
0x45ff7a,0xcd28e58a23dc
0x45ff62,0x5115331401a0
0x45ff62,0x11faa17b6c10
0x443d2b,0xce13850e7c71
0x463aa3,0xce138510313c
0x4608f0,0xce13851047e8
0x45ff56,0x761845c87cf0
0x46d773,0xce13850d6740
0x443d2b,0xce1385116c11
0x53cb5b,0xcd28e58a7218
0x4608e7,0xce138512c678
0x53cacd,0xcd28e58b2e98
0x53cb5b,0xcd28e58b2ee8
0x45ff62,0x34a0173d0988
0x47338d,0xce138513912c
0x53cb5b,0x71d5f3ec7228
0x409edb,0x71d5f3f1a4c8
0x47338d,0xce138514276c
0x412cc0,0xce1385145738
0x46091a,0x71d5f3f2cdb8
0x4608f0,0xce1385150fa8
0x463aa3,0xce1385152e9c
0x46d75a,0xce1385152ef0
0x47338d,0xce13851531fc
0x45ff62,0xff3c8d5cc640
0x47338d,0xce138515641c
0x443d2b,0xce138511bf61
0x53cb5b,0x71d5f3f8bca8
0x45ff62,0xf5d9bd0909a0
0x463e27,0xce13851731d0
0x412743,0xce1385173568
0x45ff7e,0xbf7dd603099c
0x47338d,0x67b1c33c512c
0x443d2b,0x67b1c33c7c71
0x45ff62,0x5829a6ec1c40
0x412755,0xca49da356c10
0x443d2b,0xce1385136431
0x4608f0,0x49950aae5308
0x443d2b,0xce13851463b1
0x53cacd,0xcd28e5900198
0x53cb5b,0xca49da3a0d68
0x45ff7e,0x34a017333d0c
0x45ff7a,0x34a017336c0c
0x46d75a,0xcd28e571ed40
0x53cacd,0xca49da3acd88
0x463e27,0xcd28e5725120
0x46d75a,0xcd28e5725320
0x46d773,0xc8d283465a0
0x45ff7e,0x7ebb3c7f510c
0x558f9a,0xff3c8d633540
0x45eebb,0x28e837ce3118
0x53df0a,0xc8d282a7cd0
0x4518c8,0xcd28e5738ff8
0x456269,0xff3c8d631c78
0x4518c8,0xcd28e573a4f8
0x4494de,0x28d7cf5931c0
0x456269,0xff3c8d631e08
0x448b7a,0xa980922fbf48
0x494c73,0xd9e9d664cd80
0x42f2dc,0xff3c8d6331d0
0x447a20,0xd6fa95371e00
0x4518c8,0xce1384f74fb8
0x45eea0,0xce1384f8d7a8
0x53df0a,0x71d0d59f4f80
0x53e083,0x6c537036d7b0
0x4494ea,0x66598a7531c8
0x45ee80,0xd6fa95371c50
0x45fdd7,0x878ddfa41c40
0x494c73,0x99d826a02770
0x47338d,0xd6fa95372e84
0x45ff7a,0xc911b24da4cc
0x559fe0,0xd79e62a67c58
0x42d5ac,0xcd28e5734fb8
0x42dd73,0xd6fa95379fa8
0x4494f2,0xd79e62b54700
0x4518c8,0xcd28e576cdb8
0x45ee80,0xd6fa953789a0
0x53df14,0xafd74f96bc88
0x448b7a,0xd6fa95380d78
0x448b7a,0xce1384ff2ec8
0x53cb5b,0xcc2ca3847a08
0x53cb5b,0x28d7cf514fa8
0x494c73,0xcd28e5799100
0x494c73,0xcd28e579a4c0
0x4602e0,0xd6fa95381c78
0x53df14,0xcd28e57b2ed8
0x44952d,0xcd28e57b2e98
0x53e5fc,0x71d0d5891c78
0x53df0a,0xf5d9bd0a10d0
0x53df14,0xf5d9bd0a11a8
0x53e65a,0xce1385085a88
0x451882,0xce138502bcb8
0x45eea7,0xce13850331f0
0x46d633,0x66598a7b6750
0x46d614,0xa678649a1180
0x45eeb8,0xcd28e57ab550
0x53e5fc,0xafe0999debf8
0x456269,0xce13850263a8
0x53e62b,0xc9394d38b540
0x494c73,0xcd28e57b9fb0
0x494c7e,0x6af9d6d131f8
0x463aa3,0xd6fa9539098c
0x448b7a,0xce138505ebd8
0x53e62b,0x71d0d5a1ed70
0x456269,0xce138505e538
0x53df0a,0xb7ac7a96c650
0x46d633,0xf5d9bd0da4d0
0x448b5a,0xd6fa95396408
0x4518c8,0xce13850b9fb8
0x53e62b,0xdc47619f5240
0x45eeb8,0xce13850ab3a0
0x53df14,0xf5d9bd0e7218
0x451882,0xcd28e57e7208
0x4494de,0xdc4761a02740
0x46d633,0xdc4761a05310
0x494c73,0x71d5f3e8cd80
0x47338d,0xd6fa95396764
0x46d75a,0xd6fa9539bf40
0x559fe0,0x7ebb3c8465b8
0x4518c8,0xce13850e0d78
0x449502,0xdc4761a25a84
0x53e65a,0xcc2ca37b89b8
0x494c73,0xcd28e5811370
0x473397,0xd9e9d65d5100
0x45ff4d,0x6c537038d798
0x53ffd1,0xa040f209ed78
0x45eeb8,0xce13851125e0
0x449502,0xa040f2133544
0x4494de,0xf5d9bd136400
0x46d633,0x7ebb3c7a6390
0x53e5fc,0xdc4761a45738
0x44952d,0xedc51a919f88
0x53df14,0xf5d9bd145318
0x494c73,0xce1384ffa4f0
0x53df14,0xb6605691a4e8
0x45eeb8,0xd6fa953a5730
0x449502,0xa040f20fbf44
0x456269,0xd6fa953a7a08
0x456269,0xd6fa953a7cf8
0x53df0a,0xf5d9bd165a90
0x45ee80,0xd6fa953a7c60
0x4518c8,0xcd28e583c538
0x494c7e,0xcd28e584cdb8
0x494c73,0xcd28e584e810
0x494c7e,0xb660569513b8
0x559fe0,0x7ebb3c841c48
0x42d593,0x7ebb3c8408f0
0x449502,0xf5d9bd178984
0x456269,0x67b1c33c11b8
0x53e62b,0xdc4761a72ea0
0x53e62b,0xdc4761a74700
0x46d633,0xdc4761a72ed0
0x451882,0xcd28e585bdb8
0x451882,0xd6fa953ad7b8
0x4537e7,0xcd28e58531cc
0x46d736,0xcc2ca36f0fb0
0x4552c0,0xd9e9d66b5264
0x46d773,0xc8d2835356c
0x4115a9,0xd9e9d66b9f80
0x53de87,0x49950aae5308
0x448b5d,0xc8d28354710
0x463a8d,0x28d7cf5931c0
0x412c87,0xce1384f85ab8
0x45528e,0xce1384f931c4
0x558f9a,0xce1384f93d10
0x4552c0,0xce1384f99fa4
0x448b63,0xd9e9d66ba4c8
0x447a20,0xcd28e5755260
0x4552c0,0xcd28e5755114
0x412cc0,0xce1384fb1348
0x460a83,0xce1384fb13b8
0x447a20,0xce1384fc7200
0x4552c0,0xce1384fcb3a4
0x412cc0,0xce1384fe1c68
0x447a40,0xce1384febcb0
0x448b5d,0xce1384fec1d0
0x46d773,0xd9e9d65d0fb8
0x412cc0,0xce1384ff5138
0x45736c,0xce1385005120
0x558f9a,0xcd28e57863b0
0x4552c0,0xce138502b574
0x4552c0,0xce13850309b4
0x558f9a,0xce1385033d00
0x411d2f,0xce1385033550
0x559212,0xce1385038ff0
0x412cc0,0xce138503ed78
0x447a20,0xce1385045a90
0x411d2f,0xce1385045110
0x447a39,0xce1385060d70
0x4552c0,0xce1385065734
0x4552b0,0xce1385068b88
0x45736c,0xce1385020d60
0x4552b0,0xce138506cdb8
0x45736c,0xce1385027ce0
0x45736c,0xc8d28347c60
0x448b63,0xc8d28347cc8
0x4552b0,0xce138507dc68
0x4552c0,0xce138508c1f4
0x558f9a,0xcd28e57d3540
0x411d2f,0xce138508cd90
0x447a40,0xce138509e530
0x46d75a,0xce138509ed50
0x45528e,0xce138509ebf4
0x45fd16,0xce13850623c0
0x4552c0,0xce13850a08f4
0x4552b0,0xce13850a0998
0x411d2f,0xce13850a01a0
0x53de87,0xce1385034728
0x412cc0,0xd6fa95392ea8
0x4115a9,0xd6fa95392ec0
0x53e49f,0x41d09e9c01b8
0x46d773,0xd9e9d65d4738
0x412c87,0xce13850d4738
0x4552c0,0xce13850d4f84
0x448b5d,0xce13850808f0
0x559212,0xce13850e8ba0
0x4552c0,0xce13850f9124
0x448b5d,0xc8d28359fb0
0x448b63,0xc8d2835bf48
0x4552c0,0xcd28e5803104
0x558f9a,0xce13850fdc70
0x4552c0,0xce1385115114
0x558f9a,0xce1385115250
0x45fdfc,0xce13850d6740
0x4552b0,0xce1385128bb8
0x53de87,0x71d5f3fb1398
0x558f9a,0xce1385140d60
0x411c2e,0xd6fa9539ebe8
0x45528e,0xce13851423d4
0x412cc0,0xce1385145738
0x558f9a,0xce13851525f0
0x46d75a,0xce1385152ef0
0x4552c0,0xce1385165734
0x447a40,0xce1385168bb0
0x4552b0,0xce1385173d28
0x4115a9,0xd6fa953a5a80
0x53cb5b,0xdc4761a67a18
0x45528e,0x67b1c33c1c44
0x4552b0,0x67b1c33c5708
0x53de87,0xd9e9d66c5118
0x46d736,0xcc2ca36f25d0
0x447a20,0xcd28e571e530
0x46d75a,0xcd28e571ed40
0x45528e,0xcd28e571ebe4
0x46d75a,0xcd28e5725320
0x46d736,0xce138504bc90
0x4552b0,0xcd28e572c1c8
0x45ff4d,0x28e837c9ed78
0x411d2f,0xcd28e572cda0
0x447a20,0xcd28e5853d00
0x53cb5b,0xd6fa9538b398
0x45ff56,0x2e448db30f80
0x46d773,0x49950aa8bcb0
0x47338d,0xcd28e587bd94
0x45ff4d,0x28e837c9e538
0x47338d,0xcd28e5882774
0x443d2b,0xcd28e588c651
0x45ff7e,0x7ebb3c7f510c
0x47338d,0xcd28e58925e4
0x53cacd,0xa040f2045718
0x45ff62,0x5829a6ec1c40
0x47338d,0xcd28e589c53c
0x53cb5b,0x49950ab01c78
0x410c00,0xcd28e58b1358
0x410b32,0xcd28e58b13a0
0x45ff90,0xa040f2131340
0x473397,0xcd28e58b4f80
0x42ccad,0x49950aae5730
0x463a96,0x2149a6cabca0
0x46d15e,0xc911b24ded70
0x53cacd,0xa040f20698c8
0x45ff4d,0x28e837c8e838
0x46d75a,0xcd28e58c0990
0x45ff56,0xcc2ca371a4f0
0x45ff62,0xff3c8d5e7c40
0x46d18d,0xa040f2079120
0x410b32,0xcd28e58c98d0
0x412cc0,0xcd28e58cc1d8
0x45ff7e,0xa6786496b390
0x443d2b,0xcd28e58d4721
0x46d773,0xaff5007b0fa0
0x46d773,0x71d5f3ff1380
0x410800,0x71d5f3ff1360
0x463a8d,0xce1384fb5278
0x463aa3,0xcd28e58e7c7c
0x46d75a,0xcd28e58e7cd0
0x53cacd,0xa040f20a47d8
0x45ff62,0x25ce5cdb8fc0
0x45ff56,0x8c6c7d36420
0x473397,0xcd28e58f1e00
0x410887,0xcd28e58f1c40
0x46d18d,0xcd28e57f3d30
0x45ff56,0x34a01730cda0
0x42ccad,0x41d09e9acd80
0x410c00,0xcd28e58fbf78
0x53cb5b,0xa040f20b5278
0x460050,0xce1384fd5120
0x443d2b,0xcc2ca3775131
0x409eee,0x41d09e9b1c78
0x46d193,0xa040f20c23f0
0x410c00,0xcd28e5906588
0x53cb5b,0xa040f20c8b98
0x53cb5b,0x28d7cf431c48
0x46d75a,0xcd28e5918fc0
0x410c00,0xcd28e5919108
0x53cb5b,0x28d7cf48cd88
0x46d18d,0xa040f20e7230
0x45ff56,0x98f5690dbf70
0x42ccad,0x28d7cf4ec670
0x45ff62,0x5115331401a0
0x410b32,0xa040f205bf50
0x46d743,0xcc2ca376b578
0x410c00,0xa040f20608e8
0x463aa3,0xa040f206312c
0x410b32,0xa040f2067cf0
0x410b90,0xa040f2067c48
0x443d2b,0x28d7cf427cf1
0x409eee,0x28d7cf3f5278
0x410700,0xa040f2071340
0x46d743,0x7ebb3c7f6c38
0x46d773,0xd79e62b065a0
0x53cb5b,0x2c2cbb4a23c8
0x463a8d,0xc8d283509b8
0x473397,0xa040f2081180
0x443d2b,0xa040f20863b1
0x463e27,0xa040f2091370
0x46d15e,0xce13850709b0
0x41091b,0x2c2cbb4d0f88
0x463aa3,0xa040f20a018c
0x463e27,0xa040f20ac670
0x45ff62,0x11faa178b550
0x47338d,0xa040f20b2ed4
0x46d773,0x2c2cbb4f89a0
0x410c26,0xa040f20b6778
0x473397,0xa040f20bed40
0x443d2b,0xa040f20c7a21
0x47338d,0xa040f20cdff4
0x46d75a,0xa040f20d31f0
0x47338d,0xa040f20d3564
0x410b90,0xa040f20de508
0x473397,0xa040f20e10c0
0x473397,0xa040f20e1190
0x47338d,0xa040f20e5a84
0x46d15e,0xa040f20edfd0
0x463e27,0xa040f20f1e10
0x46d75a,0xa040f20f8990
0x47338d,0xa040f2105134
0x47338d,0xa040f210533c
0x53cacd,0xcc2ca375dc68
0x53cacd,0xca49da3eb548
0x463a96,0x6af9d6d11350
0x42ccad,0xd6932873c500
0x47338d,0xa040f2114fa4
0x463a96,0x6af9d6d113a0
0x463e27,0xa040f2116410
0x410c00,0xa040f2116758
0x46d75a,0xa040f2118ff0
0x45ff7e,0xa040f20f3d3c
0x47338d,0xa040f211ed44
0x53cacd,0xf5d9bd187208
0x463e27,0xa040f21211b0
0x443d2b,0xa040f2122741
0x46d18d,0xa040f21d6c30
0x410800,0x2c2cbb576770
0x53cb5b,0xcc2ca37d09b8
0x4602e0,0xa040f21265b0
0x410c00,0xa040f2128b98
0x410b32,0xa040f2130fa0
0x443d2b,0xa040f213ebc1
0x46d15e,0xff3c8d5e7a30
0x45ff56,0x2e448db30f80
0x460050,0xc8d282c98e0
0x410c00,0xa040f2140d48
0x45ff56,0x761845c87cf0
0x443d2b,0xd79e62b9a4c1
0x473397,0xa040f2147280
0x42ccad,0x11faa17663b0
0x410c00,0xa040f215c518
0x463aa3,0xa040f215ed5c
0x463e27,0xa040f2166590
0x463a96,0x6af9d6d11c50
0x46d15e,0xce138516c640
0x460050,0xa040f211a4f0
0x53cb5b,0xcc2ca3751e18
0x46d75a,0xa040f2173540
0x443d2b,0xcd28e5887231
0x45ff62,0x2e448db87220
0x463a8d,0xa040f20f25e8
0x45ff62,0x71d0d59c0d60
0x45ff62,0xc8d282a5a80
0x46001c,0x66598a7ecda8
0x45ff7a,0xd79e62aa11ac
0x53cb5b,0xd79e62c0b398
0x45ff62,0x7ebb3c894720
0x41091b,0xd79e62c1bd88
0x443d2b,0xa040f20f31f1
0x411557,0xa040f21925cc
0x443d2b,0xa040f2193d11
0x45ff7e,0xbf7dd603099c
0x42ccad,0xd79e62c409b0
0x5405e9,0xd79e62c408f8
0x463aa3,0xa040f21a276c
0x45ff56,0xb7ac7aa16420
0x45ff56,0xcc2ca38e2740
0x42ccad,0x6c5370331360
0x53cacd,0x6c5370331388
0x410b32,0xa040f21a5330
0x46d743,0xa040f2168bb8
0x463aa3,0xa040f21b3d2c
0x473397,0xa040f21b9110
0x463e27,0xa040f21ba4d0
0x463a96,0xd6fa9537a4d0
0x47338d,0xa040f21c5a94
0x53cb5b,0x71d0d59ce838
0x410887,0xa040f21ccd80
0x47338d,0xa040f21d09a4
0x53cacd,0x49950aac7a08
0x42ccad,0xa7d08ad4cd90
0x53cb5b,0xf5d9bd141188
0x473397,0xa040f21da4c0
0x45ff56,0x34a0173d8fe0
0x410800,0xa7d08ad7bf60
0x53cacd,0x49950aa76758
0x4106a7,0x5829a6ec8b88
0x47338d,0xa040f21e5ab4
0x53cacd,0xf5d9bd1498d8
0x463e27,0xa040f21e7200
0x45ff7e,0x34a017333d0c
0x41091b,0x5829a6ed6c08
0x46001c,0x6c5370370998
0x410b32,0xa040f21f1370
0x410700,0xa040f21f1380
0x47338d,0xa040f21f4714
0x46d15e,0xc8d282e0190
0x45ff7a,0xecc2f022018c
0x46d15e,0xbf7dd5fb3d10
0x412cc0,0xa040f220dfc8
0x47338d,0xa040f2211c64
0x4115a9,0xd9e9d66a6580
0x45eebb,0x28e837ce3118
0x46d736,0xcc2ca36f0fb0
0x451882,0xa040f2218ff8
0x45ff56,0xff3c8d5cc640
0x456269,0xd9e9d66b5264
0x46d773,0xc8d2835356c
0x44962d,0xd9e9d66b89a8
0x53e088,0xaff5007b0fa0
0x53e083,0x71d5f3ff1360
0x46d75a,0xd9e9d66c01a0
0x451882,0xa040f2227a08
0x411804,0xc8d282a7cd0
0x412c87,0xd9e9d66c47e8
0x449609,0x66598a7d2ea0
0x44959a,0x66598a7d2ec0
0x44959d,0x28d7cf5931c0
0x449680,0xc2041aa78ff0
0x457432,0xd9e9d663ebf0
0x45ff62,0xd9e9d66ba4c8
0x44962d,0x7ebb3c825728
0x45ee80,0xa040f2230f80
0x4518c8,0xa040f22331f8
0x448b5a,0xa980922fbf48
0x451882,0xa040f222e808
0x463e27,0xa98092300190
0x0,0x4741a6420180
0x456331,0xa98092300d40
0x45ee80,0xd9e9d664b390
0x448b5d,0xd9e9d66423e0
0x456331,0xce1384f85110
0x4518c8,0x998897f65738
0x412c87,0xce1384f85ab8
0x448b5d,0xd9e9d66b1360
0x53df0a,0xd79e62af2ea0
0x463aa3,0xce1384f8dfdc
0x46d633,0xd79e62af2ed0
0x4602cb,0xce1385150fa8
0x53e65a,0xf775d31c08e8
0x456171,0xce1384f931c4
0x558f9a,0xce1384f93d10
0x45ff56,0xce1384fec1d0
0x46d773,0xcc2ca37109b8
0x44959d,0x66598a7531c8
0x451950,0x998897f75278
0x46d633,0x735ce4b80190
0x45eeb8,0xcd28e58d1c60
0x449609,0xd79e62b8cda8
0x448b5d,0xc911b24d89a0
0x412cc0,0xd6fa9536e838
0x447a40,0xcd28e5755260
0x456269,0xcd28e5755114
0x412cc0,0xce1384fb1348
0x4602c7,0xce1384fb13b8
0x53df0a,0xd79e62b8c1d0
0x4495c3,0xd79e62b54700
0x46d75a,0xce1384fc7a10
0x456269,0xce1384fcb3a4
0x4537e7,0xcd28e58e7c7c
0x451882,0x998897f91348
0x44e194,0x998897f913b8
0x456331,0xce1384fd9f80
0x457432,0xcc2ca386d7b0
0x412cc0,0xce1384fe1c68
0x449680,0x4741a6440d70
0x4602cb,0xce13851047e8
0x40b657,0xafd74f96bc88
0x45eeb8,0x998897f810c0
0x44e194,0xd9e9d6651378
0x44e248,0xd9e9d6651388
0x46d773,0xd9e9d65d0fb8
0x53ffd1,0xd79e62b05ab8
0x448b5a,0xd6fa95380d78
0x463e27,0xce1384ff2e80
0x45ff62,0xbf7dd6027cc0
0x412cc0,0xce1384ff5138
0x448b5a,0xce1384ff2ec8
0x45eeb8,0x998897fab550
0x463e27,0xce1384ff9110
0x448b7a,0xcd28e5907c68
0x448b7a,0xcd28e590c648
0x45ff62,0xf5d9bd0909a0
0x44952d,0xd9e9d6682758
0x463aa3,0xce1385008b8c
0x46d773,0xce1384fac678
0x451882,0x998897fb6758
0x451882,0x998897fb9138
0x463e27,0xce13850125d0
0x46d633,0xc48ca901bf40
0x53e5fc,0xf64c9f09b8
0x45feea,0xce1384fded4c
0x448b5d,0xce1384fab560
0x558f9a,0xcd28e57863b0
0x451882,0xd9e9d6655138
0x4495c3,0xcd28e57b2e98
0x42ca41,0xcd28e57b2ed8
0x456269,0xce138502b574
0x53df0a,0x6c53703309b0
0x4561ac,0xce13850309b4
0x463e27,0xce13850331f0
0x411804,0xf5d9bd0a10d0
0x42ca41,0xf5d9bd0a11a8
0x558f9a,0xce1385033d00
0x411913,0xce1385033550
0x45ff7a,0xc8d283465a0
0x44959a,0x66598a7b6750
0x449609,0xa678649a1180
0x559212,0xce1385038ff0
0x451882,0x998897fd3558
0x45ff7e,0xce1385027ce0
0x45ff90,0xce13850623c0
0x45ff62,0xc8d28347cc8
0x45ff7e,0xc8d28347c60
0x53df14,0x6c537034b548
0x45ff62,0x2e448db30f80
0x412cc0,0xce138503ed78
0x53df14,0x6c537035bf58
0x451882,0xcd28e57abc98
0x447a40,0xce1385045a90
0x411913,0xce1385045110
0x448b83,0xce1385001c40
0x412cc0,0xce138504c648
0x44952d,0x6c53703a47c8
0x449609,0xc9394d38b540
0x45eeb8,0xd6fa953863b0
0x45ee80,0xa040f206c670
0x46d614,0xa7d08ad07cc0
0x53df14,0xa7d08ad13d28
0x45eeb8,0xd9e9d6659100
0x448b5d,0xd6fa95385aa8
0x448b5a,0xce138505ebd8
0x45eeb8,0x7424745a72b0
0x447a39,0xce1385060d70
0x4561ac,0xce1385065734
0x53df0a,0x5829a6ec65a0
0x4518c8,0x7424745b3578
0x456198,0xce138506cdb8
0x45ee80,0xd9e9d665bda0
0x412cc0,0xce138506e808
0x44e248,0x7424745b1e08
0x449680,0x71d0d5a1ed70
0x45fdfc,0xc8d28347a0c
0x463aa3,0xce1385078fcc
0x45eeb8,0xcd28e57c7cc0
0x45eea0,0xa040f2091e38
0x45eea7,0xa040f2091370
0x448b7a,0xa040f20913b8
0x451882,0xbdae4ab008c8
0x45ff56,0x878ddfa41c40
0x45ff62,0x5829a6ec1c40
0x412c87,0xce1385087a08
0x411804,0xb7ac7a96c650
0x4561ac,0xce138508c1f4
0x4537e7,0xa040f20a018c
0x53e65a,0x9895a7bc5308
0x558f9a,0xcd28e57d3540
0x451882,0xd9e9d665a4c8
0x411913,0xce138508cd90
0x463e27,0xd6fa9538cdb0
0x4602cb,0x4741a642b388
0x44959a,0xf5d9bd0da4d0
0x45ee80,0xbdae4ab07a20
0x463e27,0xce1385096770
0x46d633,0x99d8269e0d40
0x447a40,0xce138509e530
0x45eea7,0xa040f20ac670
0x46d75a,0xce138509ed50
0x456171,0xce138509ebf4
0x4494ea,0xd79e62bfa4c8
0x449609,0xdc47619f5240
0x4561ac,0xce13850a08f4
0x456198,0xce13850a0998
0x45ee80,0xd9e9d6660980
0x44e194,0xbdae4ab10fb8
0x411913,0xce13850a01a0
0x42ca41,0xf5d9bd0e7218
0x44e194,0x97192ff91398
0x448b7a,0xa040f20b6438
0x4602cb,0xce1385034728
0x45ee80,0xf848bcf0b3a0
0x4602cb,0xce1385031348
0x44959d,0xdc4761a02740
0x463aa3,0xce13850be52c
0x44959a,0xdc4761a05310
0x4518c8,0xf848bcf11e38
0x412cc0,0xd6fa95392ea8
0x4115a9,0xd6fa95392ec0
0x4494f2,0xd69328727a00
0x44e248,0xd9e9d6662748
0x46d773,0xd9e9d65d4738
0x451882,0xf848bcf20988
0x45ff7a,0xa6786496b390
0x45ff89,0x34a0173931c0
0x412c87,0xce13850d4738
0x4561ac,0xce13850d4f84
0x45eeb8,0xf848bcf272b0
0x45ff7a,0x9895a7cc1180
0x463a8d,0xce13850808f0
0x4495c3,0xdc4761a25a84
0x559212,0xce13850e8ba0
0x53e65a,0x9895a7c208e8
0x4561ac,0xce13850f9124
0x463a8d,0xc8d28359fb0
0x44962d,0xcc2ca37b89b8
0x45eeb8,0xd6fa95398980
0x44e194,0xf848bcf32ea8
0x45eeb8,0xf848bcf210c0
0x45eea7,0xa040f20f1e10
0x463aa3,0xce138510313c
0x4494de,0xc5e52af5c500
0x456269,0xcd28e5803104
0x53ffd1,0x71d5f3e8cd80
0x4561ac,0xce1385115114
0x558f9a,0xce1385115250
0x45ee80,0xd9e9d6667a30
0x44e194,0xf848bcf4d788
0x4495c3,0xa040f2133544
0x456198,0xce1385128bb8
0x4602c7,0xce138512c678
0x44959d,0xf5d9bd136400
0x45ee80,0xd9e9d6667ce0
0x44959a,0x7ebb3c7a6390
0x44952d,0x71d5f3ea2758
0x4602cb,0x71d5f3fb1398
0x451882,0xf848bcf3e528
0x45eea0,0xa040f2121c78
0x45eea7,0xa040f21211b0
0x448b83,0xce13850f1340
0x44962d,0xedc51a919f88
0x42ca41,0xf5d9bd145318
0x558f9a,0xce1385140d60
0x45eeb8,0xd9e9d66665b0
0x42ca41,0xb6605691a4e8
0x456171,0xce13851423d4
0x412cc0,0xce1385145738
0x4495c3,0xa040f20fbf44
0x45eeb8,0xf848bcf73540
0x45ff56,0x28d7cf3f4700
0x45ee80,0xf848bcf73d00
0x558f9a,0xce13851525f0
0x451882,0xf848bcf74f88
0x463aa3,0xce1385152e9c
0x0,0x28e837c92eb8
0x46d75a,0xce1385152ef0
0x411804,0xf5d9bd165a90
0x456269,0xce1385165734
0x45ee80,0x1a64fc5b2eb0
0x447a40,0xce1385168bb0
0x463e27,0xce13851731d0
0x45ff62,0x25ce5cdb8fc0
0x456198,0xce1385173d28
0x4495c3,0xf5d9bd178984
0x449502,0x71d5f3f447c4
0x456171,0x67b1c33c1c44
0x456198,0x67b1c33c5708
0x4494f2,0x9895a7c93540
0x451882,0x1a64fc5c47f8
0x45eeb8,0x1a64fc5c23f0
0x4602cb,0xd9e9d66c5118
0x4537e7,0xa040f215ed5c
0x448b7a,0xa040f215ebf8
0x46d736,0xcc2ca36f25d0
0x449609,0xdc4761a72ea0
0x44959a,0xdc4761a72ed0
0x4494ea,0xc9394d360188
0x447a40,0xcd28e571e530
0x45ee89,0x1a64fc5cc660
0x45eea7,0xa040f2166590
0x45ff7a,0xc8d283465a0
0x46d75a,0xcd28e571ed40
0x449609,0xdc4761a74700
0x456171,0xcd28e571ebe4
0x53df14,0x71d5f3f6cd88
0x451950,0xcd28e585bf78
0x463e27,0xcd28e5725120
0x45ff4d,0x6c537038d798
0x46d75a,0xcd28e5725320
0x44e194,0x1a64fc5ce828
0x448b5d,0xc8d283463a8
0x46d633,0x71d5f3f96400
0x46d736,0xce138504bc90
0x456198,0xcd28e572c1c8
0x53e5fc,0x9895a7cb6c38
0x411913,0xcd28e572cda0
0x558f9a,0xa040f2216400
0x4552b0,0xa040f221e508
0x46d743,0xc8d2835356c
0x4552c0,0xa040f2227224
0x558f9a,0xa040f2227280
0x448b5d,0xfdfd3a8c3130
0x45ff62,0x34a0173d0988
0x447a39,0xcd28e58a09b0
0x53df0a,0x71d5f3fb9f90
0x45fe1c,0x6c537033c500
0x410f2c,0xcd28e58b1358
0x410f8a,0xcd28e58b13a0
0x463a96,0x2149a6cabca0
0x45ff7a,0xca49da3c8b8c
0x559212,0xcd28e58b8fc0
0x46d736,0xc911b24ded70
0x46d75a,0xcd28e58c0990
0x460050,0xd79e62af2ea0
0x410f8a,0xcd28e58c98d0
0x46d743,0xcc2ca37109b8
0x412cc0,0xcd28e58cc1d8
0x45528e,0xcd28e58cdfc4
0x53ffd1,0x71d5f3fc1c78
0x53df0a,0x71d5f3fb5240
0x451882,0x1a64fc5eb578
0x45ee89,0x1a64fc5ebcb0
0x53e65a,0xbf7dd5f08ba8
0x53e62b,0x9895a7cd9130
0x4537e7,0xa040f21a276c
0x45ee80,0xa040f21a5a80
0x460050,0xd79e62b8c1d0
0x46d75a,0xcd28e58e7cd0
0x448b5d,0xce1384fb5278
0x45ff7e,0x99d8269f472c
0x4552c0,0x998897f96404
0x410f2c,0xcd28e58fbf78
0x45736c,0xce1384fd5120
0x45528e,0xcd28e59010e4
0x4552b0,0xcd28e5901c58
0x40d2a0,0x998897fa0980
0x53df14,0x71d5f3ff1e08
0x45ee80,0x1a64fc5f25d0
0x451882,0x1a64fc5f1388
0x4518c8,0x1a64fc5f1378
0x451950,0x46a8494a3138
0x4494f2,0x9895a7ce0180
0x448b7a,0xa040f21ae808
0x53e62b,0x9895a7ce7a00
0x4537e7,0xa040f21b3d2c
0x46d743,0xd9e9d65d0fb8
0x4552b0,0x998897fa63b8
0x410f2c,0xcd28e5906588
0x45ff62,0xff3c8d5cc640
0x45528e,0xcd28e5907cc4
0x447a20,0xcd28e59098f0
0x448b5a,0xcd28e590c648
0x46d743,0xce1384fac678
0x46d75a,0xcd28e5918fc0
0x410f2c,0xcd28e5919108
0x4552b0,0xa040f203bd98
0x449502,0x71d5f3fb3d04
0x45eea7,0xa040f21ba4d0
0x456331,0x998897fc3100
0x44952d,0xca49da334708
0x45ff7e,0xa7d08ad07cc0
0x460050,0x6c53703309b0
0x410f8a,0xa040f205bf50
0x4552c0,0x998897fd9134
0x410f2c,0xa040f20608e8
0x46d773,0xcc2ca376b578
0x45528e,0xa040f2067a04
0x410f25,0xa040f2067c48
0x410f8a,0xa040f2067cf0
0x4552c0,0xa040f206c670
0x447a20,0xa040f2071c70
0x451882,0xa040f21d4fb8
0x45ee80,0xa040f21d4720
0x45ee80,0x998897fc5100
0x449502,0x41d09e9cb544
0x456269,0x7424745a63a8
0x448b5d,0x98f5690dbf70
0x46d773,0x7ebb3c7f6c38
0x448b5d,0xc8d283509b8
0x460050,0x5829a6ec65a0
0x46d773,0xcd28e58a23dc
0x559212,0xa040f2088ba0
0x45feea,0x7ebb3c7f510c
0x4552c0,0xa040f2091e38
0x46d736,0xce13850709b0
0x45ff62,0xc911b24d89a0
0x46d75a,0xbdae4ab07230
0x40d29a,0xbdae4ab07298
0x45ee80,0x71d0d58810f0
0x45ee80,0xa040f21e7ce0
0x45ee80,0xbdae4ab07cd0
0x451882,0xbdae4ab06588
0x463e27,0xa040f20ac670
0x447a20,0xa040f20b4700
0x410f4f,0xa040f20b6778
0x448b5a,0xa040f20b6438
0x558f9a,0xf848bcf0b570
0x448b5d,0x5115331401a0
0x4552b0,0xa040f20c47d8
0x45ff56,0xbf7dd6027cc0
0x45ee80,0x71d0d5887290
0x451882,0xbdae4ab098d8
0x46d743,0xd9e9d65d4738
0x4552c0,0xf848bcf201a4
0x46d75a,0xa040f20d31f0
0x4552b0,0xa040f20ded78
0x410f25,0xa040f20de508
0x559212,0xa040f20e8bb0
0x4552b0,0xa040f20f0f98
0x46d736,0xa040f20edfd0
0x46d75a,0xa040f20f8990
0x46d773,0xbf7dd5fb31d0
0x4494f2,0xca49da3c7c40
0x53e62b,0x9895a7d36400
0x4552b0,0xa040f2105708
0x463a96,0x6af9d6d11350
0x448b63,0xce13850f25d0
0x463a96,0x6af9d6d113a0
0x463e27,0xa040f2116410
0x410f2c,0xa040f2116758
0x46d75a,0xa040f2118ff0
0x4552b0,0xf848bcf65318
0x448b5d,0xcc2ca371a4f0
0x410f2c,0xa040f2128b98
0x4552b0,0xa040f212cd88
0x410f8a,0xa040f2130fa0
0x558f9a,0xf848bcf79100
0x448b83,0xff3c8d5e7c40
0x46d736,0xff3c8d5e7a30
0x410f2c,0xa040f2140d48
0x45736c,0xc8d282c98e0
0x4552b0,0x1a64fc5b5268
0x4552b0,0xa040f2158fd8
0x410f2c,0xa040f215c518
0x4552c0,0xa040f2162744
0x463e27,0xa040f2166590
0x463a96,0x6af9d6d11c50
0x46d736,0xce138516c640
0x457432,0xa040f211a4f0
0x46d75a,0xa040f2173540
0x448b5d,0xa040f20f25e8
0x45fd16,0xa040f2131340
0x46d773,0xa040f20f3d3c
0x411557,0xa040f21925cc
0x4552c0,0xa040f2192e94
0x558f9a,0xa040f2192ef0
0x4552b0,0x1a64fc5e7228
0x4552b0,0xa040f219dc78
0x447a40,0xa040f21a08c0
0x410f8a,0xa040f21a5330
0x45528e,0xd6fa95373d24
0x46d773,0xa040f2168bb8
0x4552b0,0xa040f21c2768
0x463a96,0xd6fa9537a4d0
0x558f9a,0x998897fa5100
0x447a40,0x998897fc5300
0x4552c0,0x71d0d58811a4
0x447a14,0xa040f21e72a4
0x4552b0,0xa040f21e7c78
0x4552b0,0x7424745ac1d8
0x558f9a,0xbdae4ab0b380
0x410f8a,0xa040f21f1370
0x447a14,0xa040f21f6c24
0x46d736,0xc8d282e0190
0x46d736,0xbf7dd5fb3d10
0x45ff62,0xbf7dd5e601a0
0x412cc0,0xa040f220dfc8
0x558f9a,0xa040f220e820
0x45ff7a,0x8ac884753d0c
0x45ff56,0x8ac8847601a0
0x447a20,0xf848bcf223c0
0x45eebb,0x28e837ce3118
0x463a8d,0xa7d08ad2bcb0
0x463aa3,0xcd28e58531cc
0x45eeb8,0xd9e9d666dfd0
0x45eea7,0xb4165f9d3550
0x4518c8,0x1a64fc5ba4f8
0x45fdd7,0xcc2ca38e5300
0x4552b0,0xb4165fa023c8
0x45eeb8,0xb4165fa010e0
0x451950,0xb4165f9f4f98
0x463a96,0x6af9d6d11e18
0x45ff7a,0x8ac8847610cc
0x46d75a,0x66598a841c70
0x494c82,0x66598a7f8988
0x494c7e,0x66598a807c78
0x494c73,0x66598a825a80
0x46d773,0x4741a64423d0
0x46d193,0x557be3059130
0x473397,0x8ac88471a4c8
0x46d75a,0x8ac88471c500
0x412719,0x8ac88471ebc8
0x46d773,0x8ac884754720
0x53cb5b,0xe7c8f380d78
0x46d743,0x8ac884756438
0x53cacd,0x11faa1746398
0x45ff7a,0x2e448da9bdac
0x47338d,0x8ac88472cdac
0x409edb,0x7cb731990fb8
0x412c87,0x8ac884727a08
0x473397,0x8ac884727cc8
0x5405e9,0xc677dabecdb8
0x47338d,0x8ac884732ecc
0x412743,0x8ac884735118
0x45ff62,0x71d0d59247e0
0x412743,0x8ac884736408
0x412768,0x8ac884725708
0x4602e0,0x8ac884738980
0x45ff56,0x8ac8847725e0
0x4608e7,0x8ac884739fb8
0x5405e9,0xa1abd7fe08f8
0x45ff7a,0x761845c9510c
0x45ff62,0xd9e9d66423e0
0x46d743,0x8ac8847647f8
0x45ff7e,0xbf7dd603099c
0x45ff56,0x8f7ac3971380
0x45ff62,0x2e448daba4c0
0x46d75a,0x8ac884720d40
0x46d773,0x8ac884767220
0x53cb5b,0x6af9d6d208d8
0x53cacd,0xd79e62ab1c68
0x412719,0x8ac884745308
0x4608f4,0xb381a59100
0x46d743,0x8ac884773d38
0x46091a,0x71d5f3f50f98
0x4608f0,0x7ebb3c81bf78
0x46091a,0xa67864946388
0x473397,0x8ac884719108
0x412743,0x8ac88474b558
0x463e27,0x8ac88474c650
0x559fe0,0x2c2cbb507ce8
0x449680,0x71d5f3e9c530
0x4518c8,0x8ac884725338
0x46d633,0x9895a7d7dc50
0x456331,0x8ac884722750
0x53e62b,0x9895a7dabc90
0x53e62b,0xfaef359b25c0
0x53e65a,0xfaef359c5138
0x53df0a,0x49950ab10f90
0x45eeb8,0x8ac8847401a0
0x45ee80,0x8ac8847423d0
0x4494ea,0x71d5f3f45a88
0x44952d,0x1719cc5ed58
0x451882,0x8ac884740988
0x4494ea,0x49950ab34f88
0x45eea0,0x8ac88471bf78
0x45ee80,0x8ac884747280
0x451882,0x8ac884746388
0x4494f2,0x49950ab35240
0x45eeb8,0x8ac8847465a0
0x45ee80,0x4d2bb47c6580
0x494c73,0x5115330c10e0
0x494c73,0x71d5f3f94f80
0x559212,0xbcd57edf8fd0
0x45528e,0x8ac884721c74
0x558f9a,0x8ac8847247c0
0x447a14,0x8ac88472b544
0x4552c0,0x8ac884733544
0x448b63,0x8ac88475c508
0x4552c0,0x8ac884736c04
0x46d736,0xfaef35b45a90
0x447a20,0x8ac88473bf50
0x559212,0x8ac88473bd80
0x448b63,0x8ac884767288
0x4552c0,0x8ac8847447e4
0x4552b0,0x8ac884745a98
0x4552b0,0x8ac88471bd88
0x4552b0,0x8ac884747218
0x411d2f,0x8ac884747c50
0x4552c0,0x4d2bb47c63b4
0x463aa3,0x54c43c6131cc
0x447a40,0x54c43c613d00
0x559212,0x54c43c618fd0
0x463e27,0x54c43c61ebe0
0x45ff62,0xc8d283463a8
0x45ff7e,0xa040f20f3d3c
0x410c00,0x54c43c6247d8
0x45ff62,0x71d0d59c0d60
0x45ff7e,0x2e448dac512c
0x47338d,0x54c43c630f84
0x412cc0,0x54c43c636758
0x447a40,0x2e448daa1180
0x4561ac,0x2e448daa10f4
0x451882,0x54c43c635248
0x456171,0xe930e6ba5aa4
0x558f9a,0x54c43c63c510
0x45fee6,0x7cb73199c53c
0x473397,0x47b5ad3d5240
0x45ff7a,0x1d8d5dacc66c
0x45ff62,0x2e448dabe500
0x45eea0,0xb4165fa22778
0x47338d,0xa5b1526208e4
0x45fee6,0x9895a7cfdc4c
0x448b5a,0xa5b152627c58
0x47338d,0xa5b15262c644
0x447a40,0xa5b15262cda0
0x410774,0xa5b1526325c8
0x447a40,0xa5b152632ec0
0x558f9a,0xa5b152632ea0
0x451882,0xa5b152630f98
0x412cc0,0xa5b152639fa8
0x558f9a,0xa5b1526389a0
0x46d75a,0xa5b152640d60
0x47338d,0xa5b152645114
0x4561ac,0xa5b152645724
0x448b5d,0xaff5007e8b80
0x4561ac,0xa5b15264b3a4
0x456198,0xa5b1526513b8
0x558f9a,0xa5b152651370
0x410700,0x71d0d592dfc0
0x46d75a,0xa5b152660d40
0x443d2b,0xb4165fa3ebe1
0x463e27,0xa5b152665330
0x46d773,0xaff5007f89b0
0x410774,0xa5b152665708
0x473397,0xa5b15266bc80
0x46d736,0x2e448dab5270
0x410c00,0xa5b152671e38
0x463aa3,0xa5b152678ffc
0x4561ac,0xa5b15267ebc4
0x456269,0xa5b15267ed78
0x45627c,0xaff5007e7a38
0x46d743,0x9ae076611c78
0x45eea0,0xb4165fa4d7a8
0x4602e0,0xa5b1526898f0
0x456198,0xa5b152692ed8
0x448b7a,0xa5b152690f88
0x411557,0xa5b152698fcc
0x45eea0,0xb4165fa52ee8
0x410c00,0x4d2bb47bebc8
0x473397,0x4d2bb47bed40
0x47338d,0xb4165fa11c74
0x42f551,0xb4165fa5ebd8
0x42f54e,0xf64c9e3100
0x45ff7e,0x34a017333d0c
0x46d736,0xb4165fa61c70
0x45ff56,0xbf7dd5e61c70
0x46d75a,0xb4165fa2e820
0x47338d,0xb4165fa30fa4
0x449824,0xb4165fa65aa0
0x45ff62,0xca49da32cdb0
0x42f551,0xb4165fa67c78
0x45fd16,0x54c4531be500
0x45ff56,0x2e448dacb390
0x42f4e4,0xa5b15267bf60
0x46d736,0xb4165fa6e820
0x42f551,0xb4165fa73578
0x45ff7e,0x2e448dad0f9c
0x463a96,0x5829a6ee1180
0x46d18d,0x1a70aa6f3d30
0x46d18d,0x1a70aa6f6400
0x463aa3,0x2e448da2720c
0x45ff56,0xd79e62b1e510
0x45ff89,0xa040f2127c40
0x411557,0x2e448da331cc
0x53cb5b,0xa040f2210fb8
0x45ff56,0x2e448db30f80
0x45ff56,0x11e281df9100
0x46d18d,0x1a70aa706590
0x46d773,0xff3c8d621c50
0x47338d,0x2e448da56764
0x410725,0x2e448da59f80
0x45ff90,0x2e448db2e800
0x45ff56,0x761845c87cf0
0x46d773,0xd693287698f0
0x443d2b,0xb4165fa7e511
0x45ff56,0xb7ac7aa16420
0x443d2b,0x2e448dad1e11
0x45ff62,0x11faa1747a00
0x46d773,0xff3c8d627a10
0x443d2b,0x2e448dad4f81
0x473397,0x2e448da71e18
0x53cacd,0x2c2cbb5cc658
0x45ff4d,0x6c537038dff8
0x412c87,0x2e448da75138
0x410b32,0x2e448da75260
0x47338d,0x2e448da808f4
0x473397,0x2e448da810c8
0x409eee,0xff3c8d5bdc78
0x53cacd,0x2c2cbb432e98
0x53cb5b,0x2c2cbb432ee8
0x45ff7a,0xd79e62aa11ac
0x45ff4d,0x28e837c9ed78
0x45ff56,0x878ddfa41c40
0x45ff62,0x5829a6ec1c40
0x412cc0,0x2e448da8c668
0x412cc0,0x2e448da90fa8
0x47338d,0x2e448da91c44
0x46d18d,0x1a70aa7247f0
0x46d18d,0x1a70aa7263b0
0x47338d,0x2e448da95104
0x473397,0x2e448da95258
0x45eea7,0x8ac8847809b0
0x53e65a,0xdc4761a8d798
0x411a5c,0x8ac88471ebc8
0x45ee80,0x4d2bb47d0fb0
0x53df14,0x2c2cbb596758
0x456171,0x8ac884721c74
0x45feea,0x8ac884753d0c
0x53e62b,0xfaef35a1ed60
0x45ee80,0x54c43c6072b0
0x46d614,0xfaef35a223c0
0x4518c8,0x54c43c615278
0x456331,0x8ac88472d790
0x45eea7,0x54c43c61ebe0
0x45eeb8,0xe930e6ba98f0
0x45ee80,0xa5b15261ebc0
0x451882,0xa5b1526211a8
0x45eeb8,0x8ac884734f80
0x45eeb8,0xa5b15263c500
0x4518c8,0xa5b15263a4f8
0x451882,0x71d0d5921c68
0x411804,0x49950ab10f90
0x45ee80,0x71d0d5928ba0
0x451882,0xa5b152655118
0x451882,0xa5b15265a4c8
0x4495c3,0x1719cc5ed58
0x451882,0x8ac8847408e8
0x45eeb8,0xa5b152674700
0x45eeb8,0xa5b152676c30
0x46d773,0x8ac884773d38
0x53df14,0x71d5f3f0c1c8
0x53e62b,0xfaef35a9c520
0x447a14,0x8ac8847810c4
0x451882,0xbd7c099ed798
0x45eea0,0xbd7c099f1c78
0x448b7a,0x2e448da265b8
0x46d633,0xff3c8d5f8990
0x44e194,0xbd7c099f2ea8
0x451882,0x2e448da2bca8
0x53df14,0xb7ac7a9a7a18
0x46d75a,0x54c43c5fe530
0x44e194,0x2e448da40198
0x45eeb8,0x2e448da411b0
0x451882,0x2e448da408e8
0x448b7a,0x2e448da472a8
0x44e248,0x2e448da40d48
0x46d773,0x2e448da4c640
0x456198,0x54c43c6010c8
0x456198,0x54c43c6011a8
0x451950,0x54c43c6001b8
0x53df14,0xff3c8d627c48
0x451882,0x54c43c600998
0x448b7a,0x2e448da66598
0x44e194,0x54c43c606388
0x45ee80,0x2e448da6c1c0
0x53df14,0xb7ac7a9d09a8
0x53df0a,0x28d7cf4208e0
0x53df14,0x28d7cf420998
0x45ee89,0x2e448da725f0
0x4494de,0xfaef35b05300
0x451882,0x2e448da8d7b8
0x456269,0x54c43c60dfd8
0x44e194,0x2e448da8dfe8
0x447a40,0x54c43c613d00
0x412cc0,0x54c43c636758
0x558f9a,0x54c43c63c510
0x447a40,0xa5b152632ec0
0x558f9a,0xa5b152632ea0
0x4552c0,0xa5b15267ebc4
0x46d773,0x9ae076611c78
0x46d773,0x1d8d5dacc66c
0x410f2c,0x4d2bb47bebc8
0x558f9a,0x2e448da27c50
0x447a14,0x2e448da325c4
0x45528e,0x2e448da34fa4
0x558f9a,0x2e448da3c530
0x4552b0,0x2e448da47cd8
0x4552b0,0x2e448da50988
0x46d773,0x7cb73199c53c
0x46d773,0x2e448dad0f9c
0x447a39,0x2e448da73570
0x558f9a,0x2e448da7a4f0
0x4552b0,0x2e448da8cd88
0x412cc0,0x2e448da90fa8
0x45ff7e,0x34a017333d0c
0x45ff7e,0x34a017336c0c
0x45528e,0x2e448da96c34
0x443d2b,0x7ebb3c89e501
0x456198,0xff3c8d5b5268
0x4494ea,0x49950aade508
0x53e62b,0xfaef35b2b550
0x45eeb8,0xb4165fa913b0
0x53e62b,0xdc4761aecd90
0x451882,0xb4165fa91e18
0x53e62b,0xca49da3725f0
0x53df0a,0x28d7cf513d20
0x45ee80,0xb4165fa989b0
0x45ff7e,0xa040f20f3d3c
0x42d894,0xce138514b398
0x448b7a,0xb4165faa10c8
0x46d614,0xb7ac7aa0d780
0x456269,0xb4165fa0c678
0x53e65a,0x28e837c8cd98
0x53df14,0x28d7cf570f98
0x45eeb8,0xb4165faa8b80
0x494c60,0x7ebb3c7da4e8
0x494c73,0xca49da356760
0x494c73,0x99d8269d9130
0x494c73,0xcd28e5815260
0x4064e3,0xd79e62bded40
0x46d614,0xcc2ca3845300
0x53df14,0x2f279573a4c8
0x45eeb8,0xb4165fac0980
0x46d614,0xfaef35b91340
0x4494ea,0xfaef35b91388
0x45ee80,0xb4165fabbf40
0x449502,0xcd28e58a5738
0x46d633,0xfaef35b99100
0x45eeb8,0xb4165fac6380
0x45ee80,0xb4165fac7280
0x494c73,0xb4165fad1e30
0x42f2dc,0x54c43c61bf50
0x559fe0,0x6c537032e818
0x559fe0,0x7cb73199e538
0x559fe0,0xb4165fad3548
0x448b7a,0x989130906398
0x45eea0,0x98913090c1f8
0x494c73,0x7cb7319b3540
0x494c73,0x989130911380
0x494c7e,0x989130911378
0x47338d,0xb4165fa11c74
0x4537e7,0x98913091899c
0x4494de,0xa7d08ad7bd80
0x46d614,0xc48ca8ffc508
0x45eeb8,0x9891309210d0
0x53df0a,0x6c537036d7b0
0x53df0a,0xc48ca901bdb0
0x456269,0x989130916438
0x448b7a,0x54c43c6298e8
0x494c73,0x11faa1711350
0x494c73,0xd79e62c27cd0
0x45ff62,0xca49da32cdb0
0x45ff4d,0x6c5370392e88
0x45ee80,0x98913092dfd0
0x45eeb8,0x989130935110
0x45fdd7,0xce13850f1340
0x45fe42,0xb4165fa73578
0x46d614,0xd693286d0f80
0x53e62b,0x54c453187210
0x449502,0x54c453187284
0x494c73,0x28d7cf431c48
0x494c73,0x989130942770
0x494c7e,0xff3c8d5ec1f8
0x494c73,0x6c53703a1190
0x45eea7,0x989130947a30
0x45fe42,0xd79e62b1e510
0x4494ea,0xd693286ec1c8
0x451882,0x989130945728
0x53df0a,0xd693287072b8
0x456331,0x989130943110
0x46d633,0xd6932871bd88
0x53e5fc,0x54c4531c2778
0x448b7a,0x9891309531f8
0x494c93,0x2c2cbb4d5278
0x53e5fc,0x54c4531c98f8
0x456198,0xb4165fa1e528
0x53e65a,0xc9394d38c668
0x448b7a,0x98913095bf68
0x53e65a,0xd9e9d66325e8
0x45ee80,0xb4165fa1dc40
0x4494ea,0xd69328773d08
0x494c73,0x6af9d6d0d7a0
0x494c73,0x98913096b390
0x494c73,0xa7d08ad59100
0x559fe0,0x7cb73199ed58
0x449609,0xd79e62c35138
0x456198,0xb4165fa20988
0x45eea7,0x98913096d7b0
0x4494ea,0xd69328778988
0x53e62b,0xb3a8ecddc500
0x4494f2,0x7cb731a74f80
0x53e65a,0xe470055f3d28
0x494c97,0x11faa1791e28
0x494c7e,0x774a7eccb3b8
0x45ff4d,0x6c537038d798
0x45ff56,0xbf7dd5e61c70
0x447a14,0xb4165fa23114
0x53df14,0x28e837ccd798
0x45ee80,0x774a7eccc1e0
0x448b7a,0x47b5ad3dbf48
0x494c73,0x25ce5cefdc40
0x494c73,0xff3c8d5ec660
0x46d773,0xb4165fa61c70
0x451882,0x774a7ece7a38
0x53df0a,0xd79e62ac5700
0x448b7a,0x774a7ece98e8
0x53e65a,0x1829193223c8
0x45fdd7,0x635dff9cbc90
0x494c73,0x774a7ece0180
0x494c73,0x66598a7d0f90
0x494c93,0x932ec403ebf8
0x494c73,0xbf7dd5eee800
0x42f294,0x774a7ecf8ff0
0x559fe0,0x635dff9c11b8
0x4494f2,0x1a04b576cd80
0x53e62b,0xff3c8d6209b0
0x45eeb8,0xa5b152625130
0x53df14,0x71d5f3f1a4e8
0x494c7e,0xd05626c85138
0x45ff62,0x11faa1747a00
0x53df0a,0x71d5f3f2cda0
0x4561ac,0xb4165fa623d4
0x53e5fc,0xdc4761b88bb8
0x53e62b,0x18291939ebd0
0x451950,0xa5b15262b3b8
0x53e65a,0x1829193a5aa8
0x53e65a,0x1829193b3d08
0x494c73,0x54c43c631340
0x494c7e,0x80a6daa9c538
0x46d75a,0xb4165fa2e820
0x42d894,0x4741a643dc78
0x42d894,0x2e448db063b8
0x559fe0,0x24d6558d5108
0x46d633,0xca49da356c10
0x456269,0xb4165fa2dfc8
0x45eeb8,0x774a7ed25aa0
0x53df14,0xca49da3acd88
0x45eeb8,0xa5b152630990
0x45eea7,0x774a7ed31c70
0x4537e7,0x774a7ed31e1c
0x456269,0x774a7ed22768
0x494c73,0x54c43c631390
0x494c73,0xbf7dd5febc90
0x494c73,0x71d0d58c2750
0x451882,0xa5b152638fc8
0x45eea7,0x774a7ed43110
0x53e62b,0xfaef35a33d30
0x53df0a,0x49950aa8bcb0
0x53e62b,0xfaef35a60d60
0x494c73,0x66598a818980
0x494c73,0xce13851023e0
0x47338d,0xb4165fa30fa4
0x463a8d,0xb4165fa65aa0
0x53e62b,0x182919427280
0x4495c3,0x6c5370373d20
0x558f9a,0xb4165fa33570
0x45fe42,0xd9e9d66098f0
0x46d633,0x1829194a2750
0x45eea0,0x774a7ed58ff8
0x45eea7,0x774a7ed56c30
0x45eea7,0x774a7ed5bf50
0x456269,0xb4165fa32eb8
0x45ee80,0xb4165fa32ee0
0x44952d,0x49950aae5730
0x494c7e,0x932ec40411b8
0x494c7e,0xd693286fed78
0x494c73,0xcc2ca375bf60
0x42f2e3,0xb4165fa331c8
0x449d40,0xaff5007e8b80
0x559fe0,0x878ddfa10998
0x45ee80,0x774a7ed665a0
0x45eea7,0x774a7ed65aa0
0x456331,0x774a7ed65300
0x53df0a,0xaff5007b0f80
0x53df0a,0x71d5f3ff1360
0x46d633,0x71d5f3ff1390
0x4494f2,0xaff5007c1c40
0x449609,0x6c53703a5738
0x53df14,0x41d09e9acda8
0x4537e7,0x774a7ed8639c
0x449502,0x41d09e9b1c78
0x53e62b,0x557be2fd6760
0x53e65a,0x557be2fe10c8
0x53e62b,0x66598a848b90
0x456269,0x774a7ed7c508
0x45eea7,0x774a7ed8c1d0
0x4494de,0x557be2fee800
0x494c73,0x2e448da74f80
0x494c73,0x66598a80b540
0x45ff62,0x774a7ed96760
0x45fdd7,0xc8d281dbf60
0x53e65a,0x66598a774708
0x448b7a,0x774a7eda10d8
0x4537e7,0x774a7ed9c52c
0x44952d,0x28d7cf4ec658
0x451882,0x774a7eda08e8
0x494c7e,0x71d5f3efe538
0x45eea7,0x2e448db05710
0x456269,0x8ac88477bda8
0x449502,0x28d7cf3f5244
0x53df0a,0xd79e62b065a0
0x448b7a,0x774a7edb31c8
0x456331,0x2e448db05110
0x45eeb8,0x774a7edb2ec0
0x53e62b,0x878ddfa009a0
0x46d614,0x878ddfa31e00
0x456269,0x2e448db05328
0x494c73,0xbf7dd5f913b0
0x449609,0xa7d08ad31c68
0x46d633,0x2c2cbb4d0f80
0x4537e7,0x774a7edc0d5c
0x46d633,0xca49da37ed50
0x53df0a,0x2c2cbb4f89a0
0x4494f2,0x2c2cbb5adfc0
0x45fdd7,0x11e281e05700
0x53e65a,0x54c453227ce8
0x46d633,0x54c453227c50
0x45ee80,0x774a7edc7a20
0x45ee80,0xa5b152659100
0x494c93,0x2e448db0c678
0x494c73,0xce1385167c50
0x559fe0,0x7cb7319c7228
0x447a40,0x8e9578f408c0
0x45eea7,0x8e9578f409b0
0x45eea0,0x8e9578f47ce8
0x4537e7,0x8e9578f4722c
0x53e62b,0xd79e62ae08d0
0x53e65a,0xd79e62ae0998
0x4518c8,0x8e9578f48bb8
0x448b7a,0x8e9578f4bc88
0x45fdd3,0x28e837c8dfc0
0x494c73,0x1a70aa707c50
0x42f2dc,0xb4165fa408d0
0x449947,0xaff5007f89b0
0x53e5fc,0x99d8269cc678
0x4561ac,0xb4165fa6b394
0x53df14,0xca49da3eb548
0x53df14,0xd6932873c528
0x53e62b,0xb3a8ecd87c70
0x4494ea,0xb3a8ecd87cc8
0x456269,0xb4165fa41c78
0x53df14,0xf5d9bd187208
0x53df0a,0x2c2cbb576770
0x494c73,0x8e9578f6b390
0x4537e7,0x8e9578f7354c
0x4537e7,0x8e9578f79f8c
0x45fe42,0xa040f20fdc50
0x494c73,0xa1abd7fd5270
0x494c73,0x8e9578f85a80
0x45ff7e,0x34a017333d0c
0x44952d,0x11faa1766398
0x456331,0xb4165fa47c50
0x4537e7,0x8e9578f92eec
0x45fdd7,0x8a4feef52ec0
0x53e62b,0xcc2ca3850980
0x4494ea,0xcc2ca3854708
0x45eea0,0x8e9578f91e38
0x4537e7,0x8e9578f9137c
0x45fe42,0xcc2ca38d2ee0
0x449502,0xcc2ca3860184
0x53e62b,0x2c2cbb4698c0
0x4537e7,0xa5b152670f8c
0x494c73,0x7ebb3c85e500
0x494c73,0x932ec4031c60
0x447a20,0xb4165fa48bb0
0x42d5ac,0x7cb7319c7a38
0x46d633,0xd79e62c1bd88
0x53ffd1,0xd79e62c408f8
0x44952d,0xd79e62c40998
0x45ee80,0x8e9578fb25f0
0x451882,0x8e9578fb1c58
0x53df14,0x6c5370331388
0x44952d,0x6c5370331348
0x53e65a,0xcc2ca38498c8
0x45eea7,0x8e9578fb5240
0x448b7a,0x8e9578fab578
0x494c73,0x8e9578fb9130
0x494c73,0x8e9578fba4d0
0x494c73,0xb7ac7a9e6580
0x46d773,0xb4165fa6e820
0x559fe0,0xab2ecf4447f8
0x4494ea,0xfafbfaaec648
0x53e62b,0xcc2ca3872ed0
0x456269,0xb4165fa4b548
0x4537e7,0x8e9578fc7cfc
0x53df14,0xa7d08ad4cdb8
0x45eea7,0x8e9578fc5710
0x53df0a,0xa7d08ad7bf60
0x456269,0xb4165fa4bc88
0x4494ea,0xca49da3bc508
0x4494de,0x5829a6ec8b80
0x4494de,0xcc2ca3887a00
0x494c7e,0x32bd14b8b3b8
0x494c73,0xc8d281a5110
0x449947,0xaff5007e7a38
0x46d633,0x5829a6ed6c08
0x456269,0x8e9578fd9138
0x451882,0x8e9578fe3108
0x4537e7,0x8e9578fe65ac
0x53e62b,0xe470055e7cf0
0x448b7a,0x8e9578fe5738
0x42f294,0xb4165fa4d7a8
0x4518c8,0x8e9578ff1c78
0x46d614,0x28d7cf4d1c40
0x451882,0x8e9578ff3568
0x45eea0,0x8e9578ff6768
0x4518c8,0x8e9578ff9138
0x53e62b,0x1719cc8e820
0x53e65a,0x464939aec658
0x53df14,0x11faa1746398
0x494c73,0xcd28e5745300
0x494c73,0xbf7dd5f34fb0
0x447a14,0x8ac8846e47f4
0x42d894,0x71d5f3e0cdb8
0x4494ea,0x54962a2c23c8
0x448b7a,0x8e9579007c58
0x44952d,0x7cb731990f98
0x46d614,0x3a0447246380
0x456269,0x8e9579006388
0x4537e7,0x8e95790113ac
0x4518c8,0xa5b15268c678
0x4537e7,0x8e9579013d2c
0x4537e7,0x8e9579014fbc
0x53e65a,0x3a044726d7b8
0x494c73,0xd9e9d66009a0
0x494c73,0x1a70aa753d00
0x494c73,0xce1385107a30
0x494c73,0xce13850ec1f0
0x45ff62,0x11e281df9100
0x448b5a,0xa5b152690f88
0x456269,0xb4165fa509a8
0x448b7a,0x8e9579027cd8
0x53e65a,0x99d8269d31e8
0x45ee80,0x8e957902c1e0
0x45fdd7,0xbf7dd60408c0
0x45fe3e,0x66598a7a10c0
0x46d633,0x71d5f3fcb380
0x53df0a,0x71d5f3f50f80
0x45eeb8,0xa5b152691380
0x494c7e,0x8e9579016c38
0x494c73,0xcd28e5745710
0x494c73,0x998897f6d7a0
0x45ff90,0x2e448db2e800
0x45ff56,0x2e448db30f80
0x45ff4d,0x28e837c9ed78
0x42f294,0xb4165fa52ee8
0x42d894,0x464bc80fc528
0x42d894,0x71d0d5a131c8
0x46d614,0xa67864946388
0x4518c8,0xa5b152696778
0x45eeb8,0xa5b152696c20
0x494c73,0xd9e9d6679fa0
0x42d894,0xa213218b568
0x447a40,0x2e448dbb4f90
0x45eea0,0x73fab7379128
0x45eea7,0x73fab737a4c0
0x53e65a,0xbf7dd5e9bdb8
0x46d614,0x71d5f3fd4f80
0x46d614,0xbf7dd5eb4700
0x46d614,0xff3c8d621c50
0x4518c8,0x73fab73872b8
0x4518c8,0x73fab7387a38
0x53df0a,0xd693287698f0
0x4494de,0xce1385053540
0x45eeb8,0x73fab7387c60
0x451882,0x73fab7387cc8
0x45eea0,0x73fab738d7a8
0x4537e7,0x73fab738dfdc
0x4537e7,0x73fab73909ac
0x46d614,0xff3c8d627a10
0x53df14,0x2c2cbb5cc658
0x45eea0,0x8ac884715278
0x449502,0xff3c8d5bdc78
0x448b7a,0x73fab7396c38
0x4518c8,0x8ac884714fb8
0x53e62b,0xbf7dd5ee0980
0x4537e7,0x73fab739bd9c
0x45ee80,0x73fab7374720
0x456269,0x2e448dbb4728
0x494c73,0xd79e62c40190
0x494c93,0x71d0d5a13578
0x494c73,0x7ebb3c7dbda0
0x463a96,0x5829a6ee1180
0x44962d,0x1a70aa6f1e00
0x45ee80,0x73fab73ad790
0x4537e7,0x73fab73abcbc
0x45ee80,0x73fab73a6390
0x456269,0x73fab73a65a8
0x449502,0xaff5007e8b80
0x53e62b,0xcc2ca3754720
0x45eea0,0x73fab73bc528
0x45eeb8,0x73fab73b8fd0
0x45fe1c,0x8e9578f7c500
0x45eea7,0x73fab73c0190
0x45eea0,0x73fab73c10e8
0x45ee80,0x73fab73c23f0
0x45eeb8,0x73fab73bdc50
0x456269,0x71d0d58d9128
0x448b7a,0x73fab73acdb8
0x449502,0xd9e9d66008c4
0x45eeb8,0x73fab73cb550
0x45fe3e,0x66598a7810c0
0x4494de,0xb381a4dfc0
0x4537e7,0x73fab73d4fbc
0x448b7a,0x73fab73d6438
0x45fe3e,0x66598a7a1180
0x494c73,0xd79e62b76400
0x494c73,0x71d0d58c7c50
0x494c73,0x71d0d58c5a80
0x412c87,0xb4165fa8c1e8
0x4552c0,0xb4165fa925f4
0x45528e,0xb4165fa92ed4
0x411c2e,0xb4165fa931e8
0x460050,0x28d7cf513d20
0x558f9a,0xb4165faa1c70
0x448b5a,0xb4165faa10c8
0x45528e,0xb4165faa5704
0x4552b0,0xb4165faa23c8
0x46d736,0x73fab73e09b0
0x42ccca,0x28d7cf570f98
0x412cc0,0xb4165faa0d78
0x447a20,0xb4165faad7a0
0x45736c,0x73fab73e5138
0x45fdfc,0x11faa18c10dc
0x447a20,0xb4165faa63b0
0x447a20,0xb4165fac23e0
0x558f9a,0xb4165fac47f0
0x4552c0,0xb4165fac5a84
0x4602e0,0xb4165fac5300
0x45736c,0xc839f571bf58
0x558f9a,0xb4165fabbf40
0x4552b0,0xb4165fac7218
0x558f9a,0xb4165fac7280
0x4552b0,0x54c43c61e508
0x411d2f,0xb4165fac7c50
0x46d75a,0xb4165fad2e80
0x412c87,0xb4165fad2ee8
0x4602e0,0x989130903100
0x412cc0,0x989130905318
0x45528e,0x989130905104
0x412c87,0x9891309065b8
0x448b5a,0x989130906398
0x46d736,0xed3fb8cb3d30
0x53e49f,0x4d2bb47d89b8
0x46d75a,0x98913090d790
0x45ff7e,0xc48ca8ffc508
0x4552b0,0x9891309023d8
0x558f9a,0x98913090e820
0x45ff62,0x8ac8847725e0
0x4552c0,0x989130907234
0x558f9a,0x989130907290
0x45528e,0x989130916744
0x558f9a,0xb4165fa13540
0x448b63,0xb4165fa5bd88
0x463aa3,0x98913091899c
0x463a8d,0xa7d08ad7bd80
0x558f9a,0x9891309208f0
0x411c2e,0x989130920198
0x447a20,0x98913091bdb0
0x45528e,0x989130922754
0x460050,0x6c537036d7b0
0x4552b0,0x989130925708
0x460a83,0x989130919f89
0x448b63,0xeb0189f51348
0x411d2f,0x989130926390
0x45ff7e,0xd693286d0f80
0x448b5a,0x54c43c6298e8
0x460050,0xc48ca901bdb0
0x460a83,0x98913092d789
0x447a39,0x9891309309b0
0x45736c,0xeb0189f55278
0x558f9a,0x989130934720
0x45528e,0x989130934fa4
0x447a20,0x989130932ed0
0x558f9a,0x989130932ea0
0x46d736,0x1829193498f0
0x559212,0x989130938ff0
0x45ff56,0xd79e62b1e510
0x447a20,0x98913093bf70
0x559212,0x98913093bda0
0x411c2e,0x98913093c508
0x447a40,0x989130945130
0x45ff7e,0xd6932871bd88
0x4552b0,0x989130947298
0x411d2f,0x989130945aa0
0x463e27,0x989130947a30
0x412cc0,0x989130947ce8
0x46d736,0xa040f206d790
0x463a8d,0xd693286ec1c8
0x460050,0xd693287072b8
0x558f9a,0x9891309463a0
0x4552b0,0x989130953d08
0x411c2e,0x989130953568
0x448b5a,0x9891309531f8
0x558f9a,0x98913094b380
0x45736c,0xeb0189f6c678
0x558f9a,0x98913095e530
0x412c87,0x989130960188
0x4552b0,0x989130960998
0x448b5a,0x98913095bf68
0x46d736,0xeb0189f71c70
0x411557,0x9891309647cc
0x4552b0,0x989130963118
0x53de87,0x41d09e9bc510
0x448b5d,0xeb0189f73d10
0x53de87,0xb4165f8eb380
0x558f9a,0xe930e6ba5300
0x463a8d,0xd69328773d08
0x45fd16,0xeb0189f76400
0x463e27,0x98913096d7b0
0x4552c0,0x989130971354
0x558f9a,0x9891309713b0
0x463a8d,0xd69328778988
0x412cce,0x989130971e11
0x412cc0,0x989130976428
0x4552c0,0x989130976c24
0x4552b0,0x9891309725e8
0x46d736,0x9895a7c85a90
0x411c2e,0x989130978fc8
0x46d736,0x774a7ed60990
0x53de87,0xaff5007ae800
0x558f9a,0x47b5ad3d6410
0x46d736,0xb4165fa609b0
0x42ccca,0x28e837ccd798
0x411d2f,0x774a7ecd31c0
0x4602e0,0x774a7ecd6770
0x412cc0,0x774a7ecd8fc8
0x448b5d,0x8e9578f55110
0x45ff7e,0xd79e62ac5700
0x558f9a,0x47b5ad3dc510
0x448b5a,0x47b5ad3dbf48
0x4552c0,0x774a7ece6594
0x46d736,0xc8d281f6750
0x412cc0,0x774a7eceb578
0x46d75a,0x774a7eced7b0
0x448b5a,0x774a7ece98e8
0x4552c0,0x774a7ece7214
0x4552b0,0x774a7ece72b8
0x46d75a,0x774a7ece7c50
0x412cce,0x774a7ece7cd1
0x558f9a,0x774a7ecf3560
0x447a14,0x774a7ecf5124
0x46d736,0xcd28e575a4d0
0x4552c0,0x774a7ecec1f4
0x411c2e,0x2e448daa7a18
0x411c2e,0x774a7ecf9f88
0x46d729,0xeb0189f91e08
0x45fdfc,0xeb0189f925dc
0x4552b0,0x774a7ecfebc8
0x558f9a,0x774a7ecfed40
0x411c2e,0x774a7ecfe508
0x4552b0,0x774a7ed011a8
0x53de87,0xd9e9d6600d60
0x46d75a,0x774a7ecfa4f0
0x46d773,0xeb0189f98990
0x447a20,0x774a7ed05310
0x559fe0,0x71d5f3f1a4e8
0x558f9a,0x774a7ed07a10
0x411c2e,0x774a7ed072b8
0x4602e0,0x774a7ed07230
0x460050,0x71d5f3f2cda0
0x412cc0,0x774a7ed125c8
0x558f9a,0x774a7ed12ea0
0x4552b0,0x774a7ed12ec8
0x4552c0,0x774a7ed16424
0x45528e,0x774a7ed16c24
0x45ff7e,0xca49da356c10
0x559212,0x774a7ed18980
0x558f9a,0x774a7ed1bf60
0x559212,0x774a7ed10fb0
0x4552c0,0x774a7ed25304
0x46d736,0xeb0189fa5130
0x45736c,0x2e448db389b8
0x558f9a,0x774a7ed298c0
0x4552b0,0x774a7ed2d788
0x45fdfc,0xeb0189fa98dc
0x46d773,0xeb0189facd90
0x411c2e,0x774a7ed30998
0x4552c0,0x774a7ed31384
0x4552b0,0x774a7ed31348
0x463aa3,0x774a7ed31e1c
0x463e27,0x774a7ed31c70
0x448b5d,0xeb0189fadfd0
0x411557,0x774a7ed331cc
0x460a83,0x774a7ed247d9
0x558f9a,0x774a7ed39110
0x412cc0,0x774a7ed3c518
0x411c2e,0x774a7ed3ebf8
0x45ff56,0xd9e9d66098f0
0x53de87,0x71d0d58d6400
0x463e27,0x774a7ed43110
0x4602e0,0x774a7ed45730
0x53de87,0x66598a803100
0x411c2e,0x774a7ed3bd98
0x447a20,0x774a7ed47a00
0x46d743,0x49950aa8bcb0
0x463e27,0xa5b152638fc8
0x46d736,0x11faa18bebd0
0x45ff62,0x49950aae5730
0x412c87,0x774a7ed525c8
0x4552b0,0x774a7ed52eb8
0x4552c0,0x774a7ed52ef4
0x448b5d,0xeb0189fbbd90
0x45fdfc,0xeb0189fbc51c
0x463e27,0x774a7ed56c30
0x4552c0,0x774a7ed59134
0x4552b0,0x774a7ed5a4c8
0x463e27,0x774a7ed5bf50
0x45ff7a,0xaff5007b0f80
0x558f9a,0x774a7ed51e30
0x53e49f,0xd79e62b78ff8
0x463e27,0x774a7ed65aa0
0x46d773,0x1829194b9130
0x4552b0,0x774a7ed66398
0x45ff7e,0x71d5f3ff1390
0x45ff62,0xaff5007c1c40
0x46d75a,0x774a7ed6b3b0
0x411c2e,0x774a7ed6b568
0x4552b0,0x774a7ed6dff8
0x460a83,0x774a7ed6d799
0x45ff56,0x41d09e9b1c78
0x4552b0,0x774a7ed70988
0x558f9a,0x774a7ed71c50
0x4602e0,0x774a7ed71390
0x460a83,0x774a7ed71359
0x460050,0x71d5f3ff1360
0x4552b0,0xa5b152646598
0x46d773,0xc8d28325710
0x412c87,0x774a7ed7ebe8
0x4552b0,0x774a7ed82768
0x46d75a,0x774a7ed83100
0x42ccca,0x41d09e9acda8
0x463aa3,0x774a7ed8639c
0x411c2e,0x774a7ed865a8
0x412c87,0x774a7ed87a38
0x46d736,0x71d0d5885730
0x45ff62,0x28d7cf4ec658
0x463e27,0x774a7ed8c1d0
0x4552b0,0x774a7ed8cd88
0x46d773,0x24656f191c50
0x4552c0,0x774a7ed8dff4
0x4602e0,0x774a7ed8d790
0x412c87,0xa5b15264bca8
0x46d773,0xb4165fa67cf0
0x412cc0,0x774a7ed9bf78
0x448b5a,0x774a7eda10d8
0x463aa3,0x774a7ed9c52c
0x45ff62,0x28d7cf3f5244
0x4552c0,0x774a7eda3124
0x53e49f,0x28d7cf3f89b8
0x4552b0,0x774a7eda5a98
0x45ff7e,0xd79e62b065a0
0x412cc0,0x774a7eda6598
0x45528e,0x774a7eda6384
0x53de87,0xf5d9bd0808e0
0x412cc0,0xa5b152651e08
0x463e27,0x2e448db05710
0x558f9a,0x774a7edac1c0
0x53de87,0x51153310c670
0x45fd16,0x11faa17d25c0
0x45ff7a,0x2c2cbb4d0f80
0x4552c0,0x774a7edb3d14
0x448b5a,0x774a7edb31c8
0x558f9a,0x774a7edb5270
0x45736c,0x98913092b3b8
0x46d773,0x1a70aa7410d0
0x45ff7a,0x2c2cbb4f89a0
0x447a20,0x774a7edadfe0
0x45ff62,0x11e281e05700
0x4115a9,0x774a7edba4c0
0x448b5d,0x41464dffebc0
0x448b5d,0xce138506b380
0x4602e0,0x774a7edbebf0
0x46d736,0x7cb7319c09a0
0x412cc0,0x774a7edc5738
0x448b5d,0x24656f1a7200
0x4552b0,0x774a7edc65b8
0x4602e0,0x774a7edbbd90
0x53de87,0xcc2ca3843100
0x559212,0x2e448db74f90
0x558f9a,0xa5b152659100
0x463e27,0x8e9578f409b0
0x45ff4d,0x28e837c8dfc0
0x411c2e,0x8e9578f40d68
0x45fd16,0x24656f1ae800
0x463aa3,0x8e9578f4722c
0x46d75a,0x8e9578f47280
0x558f9a,0x8e9578f47c70
0x46d773,0x24656f1b1c50
0x45528e,0x8e9578f45704
0x558f9a,0x8e9578f4b540
0x448b5a,0x8e9578f4bc88
0x4552b0,0x8e9578f50988
0x411c2e,0x8e9578f5a4d8
0x411d2f,0x8e9578f608e0
0x448b5d,0xbfe092f88ba0
0x46d736,0xbf7dd5fb5240
0x412cc0,0x8e9578f63108
0x460bc0,0x11e281e00d40
0x42ccca,0xd6932873c528
0x457432,0xbfe092f8c1f0
0x4552c0,0x8e9578f698e4
0x460050,0x2c2cbb576770
0x463aa3,0x8e9578f7354c
0x4552b0,0x8e9578f73d18
0x412c87,0x8e9578f76778
0x46d773,0xbfe092f93d30
0x558f9a,0x8e9578f75100
0x448b63,0xbfe092f94f88
0x463aa3,0x8e9578f79f8c
0x45ff62,0x11faa1766398
0x45ff62,0x8a4feef52ec0
0x0,0x28e837c92ee8
0x411c2e,0x8e9578f7dc78
0x4552b0,0x8e9578f74708
0x559212,0x8e9578f809b0
0x460a83,0x8e9578f80199
0x4552b0,0x8e9578f81c58
0x412cce,0x8e9578f82751
0x46d736,0xbf7dd5e71c50
0x558f9a,0x8e9578f811b0
0x4552c0,0x8e9578f925e4
0x463aa3,0x8e9578f92eec
0x45ff7e,0xd79e62c1bd88
0x45ff56,0xd79e62c40998
0x447a14,0x8e9578f989a4
0x411c2e,0x8e9578f99fa8
0x448b5d,0xbfe092fa5a80
0x463aa3,0x8e9578f9137c
0x45ff62,0x6c5370331348
0x4552b0,0x8e9578f91c48
0x4552b0,0xa5b152671358
0x4552c0,0xa5b152671394
0x463aa3,0xa5b152670f8c
0x45736c,0xb4165fa6dff8
0x559212,0x8e9578fb0f80
0x412c87,0x8e9578fb2ec8
0x463e27,0x8e9578fb5240
0x45ff89,0xa7d08ad4cdb8
0x448b5a,0x8e9578fab578
0x53e49f,0xce1384fa09b8
0x45736c,0xce13850665b8
0x4602e0,0x8e9578fb6c00
0x45fd16,0xbfe092fb1e00
0x45fd16,0xbfe092fb25c0
0x463a8d,0xfafbfaaec648
0x45ff7e,0x5829a6ed6c08
0x412cc0,0x8e9578fc63b8
0x463aa3,0x8e9578fc7cfc
0x558f9a,0x8e9578fcc660
0x46d773,0xbfe092fb8fe0
0x447a20,0x8e9578fc5100
0x463e27,0x8e9578fc5710
0x460050,0xa7d08ad7bf60
0x463a8d,0x5829a6ec8b80
0x4552c0,0x8e9578fda4f4
0x46d773,0xbf7dd601c530
0x4552b0,0x8e9578fe0198
0x463aa3,0x8e9578fe65ac
0x411c2e,0x8e9578fe5aa8
0x448b5a,0x8e9578fe5738
0x411c2e,0x8e9578fdbd98
0x45736c,0xbfe092fc6598
0x53de87,0x66598a7fed60
0x46d736,0xb4165fa71360
0x46d773,0x8e9578fb8980
0x53de87,0xbfe092fcb380
0x45ff62,0x7cb731990f98
0x4552c0,0x8e9578ff8984
0x4552c0,0x8e9578ffbf64
0x46d736,0xbfe092fcc1e0
0x559212,0x8e9578ffebd0
0x4115a9,0xa5b152688b80
0x42ccca,0x11faa1746398
0x447a20,0x8e95790098f0
0x53de87,0x28d7cf492ee0
0x448b5a,0x8e9579007c58
0x411557,0x8e957900c1cc
0x46d773,0xb4165f99e510
0x448b5d,0xbfe092fd9f90
0x4552b0,0x8e9579010988
0x463aa3,0x8e95790113ac
0x4552b0,0x8e9579011c78
0x4552b0,0x8e9579011e18
0x45ff62,0xbf7dd60408c0
0x411c2e,0x8e9579008b98
0x46d736,0xbfe092fde530
0x463aa3,0x8e9579013d2c
0x558f9a,0x8e9579014710
0x463aa3,0x8e9579014fbc
0x460a83,0x8e9579015109
0x45736c,0xc8d281cb578
0x53e49f,0xbfe092fe09b8
0x45ff4d,0x66598a7a10c0
0x45ff7a,0xa67864946388
0x45ff7e,0x71d5f3f50f80
0x4552b0,0x8e9579020d48
0x53de87,0xd79e62aa8b90
0x46d736,0x99d8269e8b80
0x411c2e,0x8e95790247d8
0x447a20,0x8e9579026390
0x448b83,0xbfe092fe1c40
0x448b5d,0xbfe092fe23e0
0x4552b0,0x8e9579025708
0x448b5a,0x8e9579027cd8
0x4115a9,0x8e957902b540
0x457432,0xbfe092fe5ab0
0x4552b0,0x8e957902dfd8
0x4552c0,0x8e95790223e4
0x447a20,0x8e957902e820
0x45fdd7,0xd9e9d66008c4
0x412cc0,0x8e957903bf78
0x46d773,0xbfe092fecdb0
0x447a20,0xff3ffd19c500
0x411c2e,0x8e957903ebd8
0x448b63,0xbfe092ff0f88
0x412cc0,0x73fab736b3a8
0x4552c0,0x73fab736bc84
0x53de87,0x8c6c7da8bb0
0x45ff7e,0xff3c8d621c50
0x4602e0,0x73fab7375270
0x46d736,0xbfe092ff9120
0x463e27,0x73fab737a4c0
0x460a83,0x73fab737bd99
0x4552b0,0x73fab73808e8
0x559212,0x73fab7380980
0x45feea,0x8e95790008cc
0x411d2f,0x73fab73823e0
0x46d736,0xca1598430fa0
0x447a14,0x73fab7385704
0x4552c0,0x73fab7383114
0x45ff7e,0xff3c8d627a10
0x558f9a,0x73fab7386590
0x45fee6,0xca1598434f8c
0x46d743,0xd693287698f0
0x412c87,0x73fab738cda8
0x463aa3,0x73fab738dfdc
0x45736c,0xca159843ed68
0x463aa3,0x73fab73909ac
0x45ff62,0xff3c8d5bdc78
0x45736c,0xf775d31bc528
0x4552c0,0x73fab737c504
0x42ccca,0x2c2cbb5cc658
0x460bc0,0xcd28e5742740
0x45736c,0xca1598441c68
0x558f9a,0x8ac884715120
0x558f9a,0x73fab7396410
0x448b5a,0x73fab7396c38
0x45736c,0x71d0d5905328
0x412cce,0x73fab7378991
0x448b5d,0xca1598445300
0x463aa3,0x73fab739bd9c
0x411d2f,0x73fab739bf50
0x412c87,0x73fab7376438
0x412cc0,0x73fab73a0d58
0x46d75a,0x73fab7374f90
0x4602e0,0x73fab73a10c0
0x411d2f,0x73fab73a23e0
0x45ff56,0xaff5007e8b80
0x463a96,0x5829a6ee1180
0x4552c0,0x71d0d58c01a4
0x4602e0,0x71d0d58c08f0
0x447a19,0x73fab73a5330
0x411c2e,0x73fab73a98e8
0x448b5d,0x79f1064ab3a0
0x45ff4d,0x8e9578f7c500
0x4552c0,0x73fab73ab3b4
0x411d2f,0x73fab73a8b80
0x53de87,0xf5d9bd125710
0x463aa3,0x73fab73abcbc
0x412c87,0x73fab73b1358
0x412cc0,0x73fab73b13a8
0x4552b0,0x73fab73b1c48
0x460bc0,0xbf7dd5fa0180
0x4602e0,0x73fab73b4710
0x46d773,0x79f1064b1370
0x412c87,0x73fab73b6c28
0x53e49f,0x79f1064b3d38
0x46d75a,0x73fab73ba4e0
0x46d736,0xcd28e576b390
0x46d743,0xaff5007f89b0
0x463e27,0x73fab73c0190
0x559212,0x73fab73b0f90
0x460050,0xaff5007e7a38
0x45ff4d,0x66598a7810c0
0x558f9a,0x73fab73ac670
0x4552b0,0x73fab73c98c8
0x448b5a,0x73fab73acdb8
0x460a83,0x73fab73cc649
0x45ff4d,0x66598a7a1180
0x448b63,0x79f1064cd788
0x463a8d,0xb381a4dfc0
0x46d75a,0x73fab73d3d20
0x558f9a,0x73fab73d4710
0x463aa3,0x73fab73d4fbc
0x460a83,0x73fab73d5109
0x45ff90,0x2e448db2e800
0x45ff62,0xb7ac7aa16420
0x448b5a,0x73fab73d6438
0x411d2f,0x73fab73d6750
0x45ff62,0x2e448db30f80
0x45ff4d,0x6c537038d7b8
0x53cb5b,0xd9e9d667ebe8
0x45ff56,0xc8d283463a0
0x456331,0x2e448db223d0
0x45eebb,0x28e837ce3118
0x410c00,0x2e448db26398
0x53cacd,0xcd28e587dc48
0x46d181,0xb381a408c0
0x53cb5b,0xb381a40988
0x45ff62,0x11faa1747a00
0x4608fd,0x79f1064d9f90
0x460950,0x46a8494a65b0
0x473397,0xbcd57edf9118
0x46d75a,0x66598a841c70
0x456269,0x55c693e4d7b8
0x412c87,0xb4165fa8c1e8
0x44959d,0x49950aade508
0x451882,0xb4165fa91378
0x451882,0x79f1064e1c68
0x449609,0xfaef35b2b550
0x4561ac,0xb4165fa925f4
0x45ee80,0x54c43c611c50
0x456171,0xb4165fa92ed4
0x448b7a,0x79f1064f25c8
0x4537e7,0x79f1064f510c
0x448b7a,0x79f1064f8988
0x449609,0xdc4761aecd90
0x449680,0xca49da3725f0
0x45ff4d,0x28e837c92ee8
0x46d614,0xbf7dd600c640
0x411804,0x28d7cf513d20
0x448b83,0xb4165fa58980
0x53e62b,0x1719cc76c30
0x449502,0xbf7dd6020d44
0x558f9a,0xb4165faa1c70
0x448b5a,0xb4165faa10c8
0x451882,0xb4165fab9118
0x449609,0xb7ac7aa0d788
0x456171,0xb4165faa5704
0x45eeb8,0x79f10650c670
0x456198,0xb4165faa23c8
0x46d736,0x73fab73e09b0
0x53e70f,0xafd74f965a80
0x4518c8,0x79f106511c78
0x457432,0x73fab73e2770
0x45ff7e,0xc839f571bf58
0x4064e3,0x28e837c8cd98
0x42ca41,0x28d7cf570f98
0x460050,0x73fab73e5138
0x412cc0,0xb4165faa0d78
0x447a40,0xb4165faad7a0
0x45ee89,0x79f10651ebf0
0x44952d,0x25543026dfd8
0x45ee89,0xb4165fa0d7b0
0x46d633,0xaa4eb5dec640
0x447a40,0xb4165faa63b0
0x456331,0xb4165faba4c0
0x53e62b,0xafd74f97c520
0x45fe42,0x28d7cf5208f0
0x449609,0xcc2ca3845300
0x46d633,0x9ae0765fbd80
0x40b657,0x2f279573a4c8
0x53e62b,0xcc2ca37672a0
0x447a40,0xb4165fac23e0
0x45eeb8,0xb4165fac08e0
0x45eeb8,0x521b7f567230
0x451882,0x521b7f567298
0x53e65a,0x9ae076603118
0x45ff56,0xb4165fa5bd88
0x449609,0xfaef35b91348
0x44959d,0xfaef35b91388
0x558f9a,0xb4165fac47f0
0x451950,0x521b7f567a38
0x4602e0,0xb4165fac5300
0x4561ac,0xb4165fac5a84
0x448b7a,0x521b7f575128
0x53e62b,0x49950aa60180
0x4495c3,0xcd28e58a5710
0x44959a,0xfaef35b99100
0x45ff62,0x8ac8847725e0
0x411913,0xb4165fac7c50
0x53e70f,0xc8d282a7200
0x46d75a,0xb4165fad2e80
0x412c87,0xb4165fad2ee8
0x4602e0,0x989130903100
0x412cc0,0x989130905318
0x456171,0x989130905104
0x45ee80,0x521b7f585130
0x451882,0x521b7f5863b8
0x412c87,0x9891309065b8
0x448b5a,0x989130906398
0x451882,0x989130907cf8
0x45ff7e,0xa040f20f3d3c
0x46d736,0xed3fb8cb3d30
0x46d75a,0x98913090d790
0x45ff56,0xeb0189f51348
0x45ff62,0xce13850f1340
0x456198,0x9891309023d8
0x45eeb8,0x9891309098f0
0x53e65a,0xc8d281a1c68
0x45ee80,0xb4165fa11380
0x45ee89,0xb4165fa11360
0x45eeb8,0x521b7f590fb0
0x45ff62,0xcc2ca38e5300
0x449502,0xc8d281adfc4
0x558f9a,0x989130907290
0x456171,0x989130916744
0x558f9a,0xb4165fa13540
0x463aa3,0x98913091899c
0x44959d,0xa7d08ad7bd80
0x451950,0x521b7f5ab578
0x558f9a,0x9891309208f0
0x456331,0x989130920990
0x448b7a,0x521b7f5b3568
0x44959a,0xc48ca8ffc508
0x447a40,0x98913091bdb0
0x45ee80,0x54c43c627ce0
0x456171,0x989130922754
0x411804,0x6c537036d7b0
0x4602c7,0x989130919f89
0x456198,0x989130925708
0x45ee80,0x521b7f5c01b0
0x53e62b,0xce1385025120
0x411913,0x989130926390
0x448b5a,0x54c43c6298e8
0x4602c7,0x98913092d789
0x411804,0xc48ca901bdb0
0x448b5d,0xce13851610e0
0x45ff56,0xd79e62b1e510
0x460050,0xeb0189f55278
0x447a39,0x9891309309b0
0x4494de,0xc8d281f9f80
0x558f9a,0x989130934720
0x45eea7,0x521b7f5d89a0
0x456171,0x989130934fa4
0x45eea0,0x521b7f5dbda8
0x447a40,0x989130932ed0
0x451882,0x521b7f5d1e28
0x46d736,0x1829193498f0
0x53e5fc,0xc8d282072b8
0x559212,0x989130938ff0
0x44959a,0xd693286d0f80
0x449609,0x54c453187210
0x4495c3,0x54c453187284
0x44e194,0x521b7f5e7c68
0x45eeb8,0x521b7f5e8ba0
0x448b7a,0x521b7f5e98d8
0x447a40,0x98913093bf70
0x558f9a,0x98913093bda0
0x45ee80,0x521b7f5ecda0
0x46d614,0xce1385067280
0x45ee80,0x54c43c62dfd0
0x45ee80,0x521b7f5ccd90
0x447a40,0x989130945130
0x451950,0x989130951e38
0x449502,0xd79e62bddc44
0x456198,0x989130947298
0x4518c8,0x521b7f5f89b8
0x4537e7,0x521b7f5f9f8c
0x411913,0x989130945aa0
0x463e27,0x989130947a30
0x412cc0,0x989130947ce8
0x53e62b,0xbf7dd5f11390
0x4494de,0xc8d28230f80
0x46d736,0xa040f206d790
0x44959d,0xd693286ec1c8
0x4494de,0xce138507a4c0
0x45eeb8,0x98913094bca0
0x4518c8,0x521b7f5fed78
0x4518c8,0x98913094c1f8
0x45ff56,0x8e9578f55110
0x411804,0xd693287072b8
0x451882,0x521b7f5fdc68
0x53e5fc,0xce138508b3b8
0x558f9a,0x9891309463a0
0x45ff56,0xeb0189f73d10
0x448b7a,0x521b7f5f9138
0x45ff90,0xeb0189f76400
0x44959a,0xd6932871bd88
0x456198,0x989130953d08
0x448b5a,0x9891309531f8
0x451882,0x54c43c635108
0x451882,0x521b7f612e98
0x45eea0,0x521b7f6125e8
0x558f9a,0x98913094b380
0x45fe42,0x255430293560
0x460050,0xeb0189f6c678
0x45eeb8,0x989130961190
0x44952d,0xce13850bbd98
0x4064e3,0xc9394d38c650
0x558f9a,0x98913095e530
0x4537e7,0x521b7f62513c
0x449502,0xc8d28260184
0x451882,0x521b7f627ce8
0x412c87,0x989130960188
0x456198,0x989130960998
0x448b5a,0x98913095bf68
0x448b7a,0x521b7f62b398
0x4064e3,0xd9e9d66325e8
0x45ee80,0x521b7f62e810
0x46d736,0xeb0189f71c70
0x411557,0x9891309647cc
0x4602cb,0x41d09e9bc510
0x4602cb,0xb4165f8eb380
0x44e194,0x521b7f62cdb8
0x451882,0x54c43c639128
0x4494ea,0xdd2838a6b548
0x558f9a,0xe930e6ba5300
0x44959d,0xd69328773d08
0x463e27,0x98913096d7b0
0x45eeb8,0x521b7f6401b0
0x4561ac,0x989130971354
0x558f9a,0x9891309713b0
0x45eea7,0x521b7f647ce0
0x412cce,0x989130971e11
0x44959d,0xd69328778988
0x53e65a,0xc8d282847c8
0x412cc0,0x989130976428
0x4561ac,0x989130976c24
0x456198,0x9891309725e8
0x45ee89,0xe930e6ba8ba0
0x46d736,0x9895a7c85a90
0x53e6b9,0xd9e9d66b4718
0x46d633,0xc8d28291340
0x449502,0xc8d28291384
0x44e194,0x521b7f655268
0x45ee80,0x521b7f656c30
0x449609,0xb3a8ecddc518
0x46d736,0x774a7ed60990
0x4602cb,0xaff5007ae800
0x4495c3,0x7cb731a74f80
0x45feea,0xeb0189f78fcc
0x558f9a,0x47b5ad3d6410
0x46d633,0xbf7dd6015110
0x4064e3,0xe470055f3d10
0x46d736,0xb4165fa609b0
0x42ca41,0x28e837ccd798
0x4518c8,0x774a7ecd1e38
0x53e62b,0xaf7e60c52ed0
0x4602e0,0x774a7ecd6770
0x451882,0x4822c1475128
0x45eea0,0x4822c1478fe8
0x53e62b,0xce1385051340
0x44952d,0xce138514e818
0x45fe42,0x41d09e9a5720
0x412cc0,0x774a7ecd8fc8
0x4494de,0xce1385051380
0x46d614,0xf5d9bd173540
0x558f9a,0x47b5ad3dc510
0x449502,0xce1385162744
0x448b5a,0x47b5ad3dbf48
0x53e65a,0x66598a7cbca8
0x456269,0x774a7ece6594
0x451882,0x774a7ecf3d28
0x46d633,0xce13851725d0
0x46d736,0xc8d281f6750
0x45ff7a,0xeb0189f91e08
0x45ff7e,0xeb0189f925dc
0x44e194,0x4822c148d788
0x451882,0x4822c1491e38
0x412cc0,0x774a7eceb578
0x46d75a,0x774a7eced7b0
0x411804,0xd79e62ac5700
0x53e65a,0xb4165f99c518
0x448b5a,0x774a7ece98e8
0x448b7a,0x4822c14a1c78
0x4561ac,0x774a7ece7214
0x456198,0x774a7ece72b8
0x46d75a,0x774a7ece7c50
0x412cce,0x774a7ece7cd1
0x558f9a,0x774a7ecf3560
0x53e70b,0xcd28e5727a38
0x45fdff,0x80a6dab023cc
0x456171,0x774a7ecf5124
0x46d736,0xcd28e575a4d0
0x456269,0x774a7ecec1f4
0x45ee89,0xb4165fa265b0
0x53e6b9,0x2c2cbb605128
0x4518c8,0x774a7ed065b8
0x53e62b,0x46a8494a5100
0x4494f2,0x46a8494a23c0
0x456198,0x774a7ecfebc8
0x558f9a,0x774a7ecfed40
0x45eeb8,0x4822c14b4fb0
0x46d614,0x998897f9e500
0x4602cb,0xd9e9d6600d60
0x456198,0x774a7ed011a8
0x4537e7,0x4822c14c311c
0x4495c3,0x1a04b576cd80
0x451950,0x4822c14bbf78
0x46d75a,0x774a7ecfa4f0
0x46d773,0xeb0189f98990
0x53e6b9,0x7ebb3c81bdb8
0x45eeb8,0xa5b152625310
0x449680,0xff3c8d6209b0
0x447a40,0x774a7ed05310
0x457432,0xeb0189f99130
0x42ca41,0x71d5f3f1a4e8
0x45eeb8,0x4822c14d4730
0x4602e0,0x774a7ed07230
0x559212,0x774a7ed07a10
0x411957,0x774a7ed072b8
0x45ff7e,0xeb0189fa98dc
0x45ee80,0x4822c14dbf50
0x412cc0,0x774a7ed125c8
0x411804,0x71d5f3f2cda0
0x559212,0x774a7ed12ea0
0x4518c8,0x774a7ed19138
0x4494de,0x49950aae5100
0x456269,0x774a7ed16424
0x45ee80,0x4822c14e2770
0x53e5fc,0x71d0d5885ab8
0x456171,0x774a7ed16c24
0x44e194,0x4822c14ddc78
0x558f9a,0x774a7ed18980
0x53e65a,0x71d0d5876438
0x451882,0x4822c14ed798
0x449609,0x18291939ebd0
0x559212,0x774a7ed1bf60
0x4537e7,0x4822c14f0fac
0x45eeb8,0xa5b15262b550
0x45eea7,0x4822c14f25e0
0x46d614,0xce1385048b80
0x4064e3,0x1829193a5aa8
0x45ff56,0xeb0189fadfd0
0x53e65a,0xce13850509a8
0x53e62b,0xce1385058980
0x559212,0x774a7ed10fb0
0x45eeb8,0x4822c14fbf40
0x44959a,0xca49da356c10
0x46d633,0x7ebb3c825310
0x4561ac,0x774a7ed25304
0x46d736,0xeb0189fa5130
0x460050,0x2e448db389a0
0x451882,0x774a7ed2dfe8
0x558f9a,0x774a7ed298c0
0x456331,0x774a7ed2c650
0x451950,0x774a7ed2bcb8
0x40b657,0xca49da3acd88
0x456198,0x774a7ed2d788
0x45eeb8,0x4822c150b560
0x45eea7,0x4822c1513540
0x46d773,0xeb0189facd90
0x45ff56,0xd9e9d66098f0
0x53e6b9,0xcd28e5905308
0x456198,0x774a7ed31348
0x4561ac,0x774a7ed31384
0x463aa3,0x774a7ed31e1c
0x463e27,0x774a7ed31c70
0x45ee80,0x4822c15010c0
0x411557,0x774a7ed331cc
0x411a5c,0x774a7ed247d9
0x53e6b9,0x878ddfa15138
0x451882,0xa5b152631358
0x44952d,0xb4165f9e10d8
0x558f9a,0x774a7ed39110
0x45eeb8,0x4822c1526390
0x4537e7,0x4822c152722c
0x412cc0,0x774a7ed3c518
0x53e62b,0x1a70aa72c640
0x44e194,0x4822c152c1c8
0x45ff56,0xeb0189fbbd90
0x45ff7e,0xeb0189fbc51c
0x4602cb,0x71d0d58d6400
0x449502,0xb4165f9ec1c4
0x463e27,0x774a7ed43110
0x45eeb8,0x774a7ed41c70
0x4602e0,0x774a7ed45730
0x4602cb,0x66598a803100
0x45ee80,0x4822c153a4c0
0x448b5d,0xeb0189fb6c00
0x53e6b9,0xcc2ca3721198
0x46d614,0xcc2ca37210c0
0x449680,0xfaef35a33d30
0x456331,0x774a7ed46590
0x4537e7,0x4822c15423cc
0x463e27,0xa5b152638fc8
0x411804,0x49950aa8bcb0
0x53e62b,0x412e73ccd7a0
0x46d736,0x11faa18bebd0
0x449609,0xfaef35a60d60
0x451882,0x774a7ed5e518
0x45eeb8,0x4822c1547a10
0x412c87,0x774a7ed525c8
0x449609,0x182919427280
0x53e62b,0xd9e9d65f25d0
0x456198,0x774a7ed52eb8
0x456269,0x774a7ed52ef4
0x45eeb8,0x4822c154dfd0
0x45fdd7,0x7cb7319f2ef0
0x44959a,0x1829194a2750
0x44952d,0xce13850c7218
0x44e194,0x4822c1555258
0x463e27,0x774a7ed56c30
0x45ee80,0x4822c1559110
0x45fdd7,0x28d7cf501180
0x4561ac,0x774a7ed59134
0x448b7a,0x4822c155ed78
0x448b5d,0xd79e62b55260
0x456198,0x774a7ed5a4c8
0x53e62b,0xce13850e7220
0x463e27,0x774a7ed5bf50
0x4494f2,0xce13850e7280
0x45fe3e,0x66598a781180
0x559212,0x774a7ed51e30
0x448b83,0xeb0189fc0180
0x4518c8,0xa5b15263e538
0x4495c3,0x49950aae5700
0x451882,0x4822c156c658
0x448b5d,0xeb0189fc10e0
0x46d633,0xd79e62abebc0
0x45ee80,0xa5b15263dc50
0x463e27,0x774a7ed65aa0
0x46d773,0x1829194b9130
0x456198,0x774a7ed66398
0x451882,0x4822c1573d28
0x46d633,0x28d7cf3f8fd0
0x46d75a,0x774a7ed6b3b0
0x411a5c,0x774a7ed6d788
0x456198,0x774a7ed6dff8
0x45eea0,0x4822c15823f8
0x44952d,0x9ae07660dfc8
0x45ee80,0xb4165fa35100
0x451882,0x4822c1587228
0x44e194,0x4822c1587298
0x4602e0,0x774a7ed71390
0x411a5c,0x774a7ed71348
0x411804,0xaff5007b0f80
0x558f9a,0x774a7ed71c50
0x45ee89,0xb4165fa35270
0x411804,0x71d5f3ff1360
0x44959a,0x71d5f3ff1390
0x4495c3,0xaff5007c1c40
0x4494de,0xce138513ed40
0x46d773,0xc8d28325710
0x45fdd7,0x8414a34dc500
0x412c87,0x774a7ed7ebe8
0x45ff56,0xce138506b380
0x45ff62,0x41464dffebc0
0x53e62b,0x7ebb3c800180
0x456198,0x774a7ed82768
0x44e194,0x4822c15a23c8
0x45eea7,0x4822c15a5300
0x46d75a,0x774a7ed83100
0x42ca41,0x41d09e9acda8
0x463aa3,0x774a7ed8639c
0x53e6b9,0xaff5007d4f88
0x448b5d,0x8dc6260ec660
0x4495c3,0x41d09e9b1c78
0x412c87,0x774a7ed87a38
0x449609,0x557be2fd6760
0x451882,0x774a7ed85738
0x46d736,0x71d0d5885730
0x45ee80,0x4822c15b4f80
0x46d614,0x8a4feef5ed40
0x463e27,0x774a7ed8c1d0
0x4494de,0xa040f20e47c0
0x449609,0x66598a848b90
0x45ee80,0x4822c15bbd80
0x46d773,0x24656f191c50
0x4602e0,0x774a7ed8d790
0x53e62b,0x7ebb3c7a6580
0x456269,0x774a7ed8dff4
0x412c87,0xa5b15264bca8
0x44959d,0x557be2fee800
0x448b5d,0xb4165fa36c20
0x46d773,0xb4165fa67cf0
0x45eea7,0x4822c15c7a00
0x45ff89,0x11faa17d25c0
0x412cc0,0x774a7ed9bf78
0x448b5a,0x774a7eda10d8
0x456331,0x774a7eda1c40
0x45fdfc,0x24656f196c0c
0x463aa3,0x774a7ed9c52c
0x448b7a,0x4822c15d31c8
0x53e62b,0xa040f210d7a0
0x46d633,0xcd28e5726390
0x4561ac,0x774a7eda3124
0x4495c3,0x28d7cf4ec658
0x451882,0x774a7eda0d48
0x44e248,0x4822c15d9108
0x456198,0x774a7eda5a98
0x412cc0,0x774a7eda6598
0x4602cb,0xf5d9bd0808e0
0x456171,0x774a7eda6384
0x45ff62,0x11e281e05700
0x412cc0,0xa5b152651e08
0x53e5fc,0xcd28e58647f8
0x4518c8,0xa5b1526509b8
0x463e27,0x2e448db05710
0x4602cb,0x51153310c670
0x558f9a,0x774a7edac1c0
0x451882,0x4822c15e5328
0x4518c8,0x774a7edb4738
0x45ee80,0x4822c15e5a80
0x4495c3,0x28d7cf3f5244
0x45eeb8,0x4822c15eb3b0
0x45ee80,0x4822c15ee830
0x456269,0x774a7edb3d14
0x448b5a,0x774a7edb31c8
0x45fe42,0xce13850eb560
0x411804,0xd79e62b065a0
0x460050,0x98913092b3b8
0x558f9a,0x774a7edb5270
0x45ee80,0x8ac88477c510
0x45eea7,0x4822c15f8990
0x451882,0x774a7edb2e88
0x44e194,0x4822c15f6408
0x45ff62,0x24656f1a7200
0x46d773,0x1a70aa7410d0
0x451882,0x4822c15f6778
0x4494ea,0x71d5f3e325c8
0x449609,0x878ddfa31e00
0x447a40,0x774a7edadfe0
0x451882,0x71d0d592b388
0x449609,0x878ddfa009b8
0x45ee80,0x4822c1601c40
0x53e65a,0xcd28e58b2e98
0x45fdd7,0x7cb73196e810
0x4115a9,0x774a7edba4c0
0x44959a,0x2c2cbb4d0f80
0x45eeb8,0x774a7edc3110
0x45ff4d,0x28e837c8dfc0
0x45ff89,0x24656f1ae800
0x4602e0,0x774a7edbebf0
0x45ee80,0xa5b152656420
0x45ee80,0x4822c1611380
0x45eea0,0x4822c1611368
0x463aa3,0x774a7edc0d5c
0x44e194,0x4822c16131e8
0x4537e7,0x4822c161642c
0x44959a,0xca49da37ed50
0x451882,0x4822c1613558
0x46d736,0x7cb7319c09a0
0x412cc0,0x774a7edc5738
0x4494de,0xd6932871bf40
0x45ee89,0xa5b152656770
0x451882,0x4822c1613d18
0x411804,0x2c2cbb4f8980
0x4495c3,0x2c2cbb5adfc0
0x4494f2,0xa7d08ad223c0
0x451882,0x774a7edc1c58
0x451882,0x4822c1620d78
0x4602e0,0x774a7edbbd90
0x456198,0x774a7edc65b8
0x451950,0x24d6558c5738
0x4602cb,0xcc2ca3843100
0x44959a,0x54c453227c50
0x4064e3,0x54c453227ce8
0x559212,0x2e448db74f90
0x45eea0,0x4822c16272b8
0x463e27,0x8e9578f409b0
0x456331,0x8e9578f423c0
0x45ee89,0xa5b15265dc60
0x463aa3,0x8e9578f4722c
0x46d75a,0x8e9578f47280
0x4494de,0xcd28e5796740
0x558f9a,0x8e9578f47c70
0x44e194,0x4822c16325e8
0x46d773,0x24656f1b1c50
0x45eeb8,0x4822c163a4f0
0x456171,0x8e9578f45704
0x457432,0xcd28e58c23f0
0x449609,0xd79e62ae08d0
0x53e65a,0xcd28e5900198
0x4064e3,0xd79e62ae0980
0x558f9a,0x8e9578f4b540
0x451950,0x4822c16408f8
0x448b5a,0x8e9578f4bc88
0x45ee80,0xb4165fa401a0
0x451882,0xa5b15265e528
0x45fe42,0xce13851065b0
0x451882,0x8e9578f65128
0x463a8d,0xbfe092f88ba0
0x411913,0x8e9578f608e0
0x46d736,0xbf7dd5fb5240
0x448b63,0xbf7dd5fb5108
0x53e5fc,0xa040f21bbf78
0x40b657,0xca49da3eb548
0x448b63,0xbfe092f898c8
0x412cc0,0x8e9578f63108
0x45eeb8,0x4822c165bf50
0x53e62b,0x2c2cbb5223e0
0x42ca41,0xd6932873c500
0x460050,0xbfe092f8c1f0
0x449680,0xb3a8ecd87c70
0x53e65a,0xa040f2045718
0x44959d,0xb3a8ecd87cc8
0x45ff7a,0x878ddf9e658c
0x451950,0x8e9578f647f8
0x448b5d,0xbfe092f8d7b0
0x45ff56,0xbfe092f94f88
0x45ff4d,0x28e837c92ee8
0x40b657,0xf5d9bd187208
0x456269,0x8e9578f698e4
0x45eea0,0xe6f224c45328
0x44e194,0xa5b152662768
0x463aa3,0x8e9578f7354c
0x45ff7e,0x2e448dad0f9c
0x456198,0x8e9578f73d18
0x45ff56,0x2e448dabe500
0x412c87,0x8e9578f76778
0x46d773,0xbfe092f93d30
0x558f9a,0x8e9578f75100
0x45ff56,0xce13850f1340
0x45ff62,0xcc2ca38e5300
0x4518c8,0xe6f224c55278
0x45ff56,0xbfe092fa5a80
0x4494de,0xa040f2066380
0x451882,0xe6f224c53d38
0x463aa3,0x8e9578f79f8c
0x53e6b9,0x3a044725e528
0x53e65a,0xa040f20698c8
0x45eeb8,0x8e9578f7a4c0
0x451882,0xe6f224c5a4f8
0x53e62b,0xa040f2079110
0x456198,0x8e9578f74708
0x45ee89,0xa5b152668bb0
0x411a5c,0x8e9578f80199
0x558f9a,0x8e9578f809b0
0x456198,0x8e9578f81c58
0x45ee80,0xe6f224c6c1e0
0x412cce,0x8e9578f82751
0x46d736,0xbf7dd5e71c50
0x4495c3,0x11faa1766380
0x558f9a,0x8e9578f811b0
0x451882,0xe6f224c731f8
0x456269,0x8e9578f925e8
0x463aa3,0x8e9578f92eec
0x45fd16,0xbfe092fa0180
0x53e65a,0xa040f20a47d8
0x45eea7,0xe6f224c865b0
0x4494f2,0xa040f20a7a00
0x456171,0x8e9578f989a4
0x45eeb8,0xe6f224c7ebd0
0x449609,0xcc2ca3850980
0x53e62b,0xcd28e57f3d20
0x45ee80,0xe6f224c91e30
0x45eea7,0xe6f224c91350
0x448b7a,0xe6f224c91398
0x463aa3,0x8e9578f9137c
0x44959d,0xcc2ca3854708
0x456198,0x8e9578f91c48
0x45eea7,0xe6f224c93d30
0x45ff90,0xbfe092fb25c0
0x45ff90,0xbfe092fb1e00
0x45ee80,0xb4165fa472b0
0x4494f2,0xa040f20b8980
0x4495c3,0xcc2ca3860190
0x456198,0xa5b152671358
0x456269,0xa5b152671394
0x460050,0xb4165fa6dff8
0x449609,0x2c2cbb4698d8
0x53e62b,0xa040f20c23f0
0x53e70f,0xff3c8d5e1c50
0x44959a,0xd79e62c1bd88
0x451882,0xe6f224ca5a98
0x559212,0x8e9578fb0f80
0x451882,0xe6f224ca47c8
0x45ee89,0xe6f224ca8bb0
0x4537e7,0xe6f224cabc8c
0x4495c3,0xd79e62c40998
0x412c87,0x8e9578fb2ec8
0x451882,0x8e9578fb1e38
0x45eea7,0xe6f224cb2ea0
0x448b7a,0xe6f224cb2ee8
0x44962d,0x6c5370331340
0x40b657,0x6c5370331388
0x45fdd3,0x66598a7a47c0
0x463e27,0x8e9578fb5240
0x460050,0xce13850665a0
0x53e6b9,0xd9e9d6679118
0x448b5a,0x8e9578fab578
0x448b5d,0xce13850663a0
0x4602e0,0x8e9578fb6c00
0x53e62b,0xa040f20e7220
0x45fe42,0x6c53703a2760
0x44959d,0xfafbfaaec648
0x4494f2,0xa040f20e7280
0x45eeb8,0x8e9578fd0980
0x45ee80,0xa5b15267c500
0x412cc0,0x8e9578fc63b8
0x53e62b,0xcd28e575dc60
0x44952d,0xa040f2100d48
0x4494de,0xc8d2834bc80
0x449609,0xcc2ca3872ed0
0x463aa3,0x8e9578fc7cfc
0x558f9a,0x8e9578fcc660
0x45ff56,0x79f1064cd790
0x46d773,0xbfe092fb8fe0
0x451882,0xe6f224cd9fb8
0x45ff7e,0xbfe092fc6598
0x42ca41,0xa7d08ad4cdb8
0x463e27,0x8e9578fc5710
0x4537e7,0xe6f224ce11ac
0x45fdd7,0xd79e62bd3d20
0x4494f2,0xbf7dd5eb6400
0x411804,0xa7d08ad7bf60
0x44959d,0xca49da3bc500
0x451950,0xa5b15267dc78
0x448b63,0xbfe092fbbf48
0x44959a,0x5829a6ed6c08
0x4561ac,0x8e9578fda4f4
0x45eeb8,0x8e9578fe7c50
0x45ee80,0xa5b1526810e0
0x4494de,0x71d5f3e67a00
0x46d773,0xbf7dd601c530
0x53e62b,0x49950aa58fd0
0x4518c8,0xe6f224cecdb8
0x45fe42,0x66598a7a0180
0x45ff62,0x8a4feef52ec0
0x53e62b,0xcd28e577e510
0x463aa3,0x8e9578fe65ac
0x448b5a,0x8e9578fe5738
0x53e62b,0x7ebb3c821c60
0x449680,0xe470055e7cf0
0x4494de,0xa040f213bf40
0x45ff56,0xbfe092fd9f90
0x448b5d,0xbfe092fc6380
0x4602cb,0x66598a7fed60
0x53e62b,0x71d0d5a70fb0
0x45eeb8,0xe6f224d07ce0
0x46d736,0xb4165fa71360
0x46d773,0x8e9578fb8980
0x45eeb8,0xe6f224d0b560
0x4602cb,0xbfe092fcb380
0x46d614,0xf5d9bd112e80
0x4494ea,0xf5d9bd112ec8
0x449609,0x28d7cf4d1c40
0x456269,0x8e9578ff8988
0x456269,0x8e9578ffbf68
0x46d736,0xbfe092fcc1e0
0x449609,0x1719cc8e820
0x45ee80,0xe6f224d1ebf0
0x45ff62,0xbf7dd60408c0
0x45eeb8,0xe6f224d247f0
0x4494ea,0x99d8269e47c8
0x4064e3,0x464939aec640
0x559212,0x8e9578ffebd0
0x451882,0x8e9578ff9fa8
0x451882,0xa5b152687228
0x45ee89,0xe6f224d2b3a0
0x451882,0xe6f224d2c648
0x4602cb,0x28d7cf492ee0
0x4494f2,0xcc2ca3765300
0x44959d,0x54962a2c23c0
0x447a40,0x8e95790098f0
0x448b5a,0x8e9579007c58
0x45ff4d,0x66598a7a10c0
0x45ff56,0xbfe092fe1c40
0x411557,0x8e957900c1cc
0x46d773,0xb4165f99e510
0x4495c3,0x7cb731990f80
0x449609,0x3a0447246388
0x449502,0xa040f218dfc4
0x451882,0x9a06820f0f88
0x448b7a,0x9a06820f1c58
0x44e194,0xe6f224d32ee8
0x456198,0x8e9579010988
0x451882,0x9a06820f5258
0x463aa3,0x8e95790113ac
0x456198,0x8e9579011c78
0x448b83,0xbfe092fddc40
0x449502,0xa040f21a1184
0x46d736,0xbfe092fde530
0x463aa3,0x8e9579013d2c
0x558f9a,0x8e9579014710
0x463aa3,0x8e9579014fbc
0x460050,0xc8d281cb578
0x4602c7,0x8e9579015109
0x448b83,0xc8d281cb380
0x4602cb,0xd79e62aa8b90
0x46d736,0x99d8269e8b80
0x53e6b9,0x9a0682105738
0x451882,0x9a068210bca8
0x46d614,0xcd28e5835240
0x447a40,0x8e9579026380
0x463a8d,0xbfe092fe23e8
0x53e65a,0xcc2ca375dc68
0x451950,0x9a0682113578
0x44952d,0xe7c8f38bc98
0x456198,0x8e9579025708
0x448b5a,0x8e9579027cd8
0x45ff62,0xbfe092ff0f90
0x460050,0xbfe092fe5ab0
0x4115a9,0x8e957902b540
0x4064e3,0x99d8269d31e8
0x456198,0x8e957902dfd8
0x456269,0x8e95790223e8
0x451882,0x9a0682125708
0x45eea7,0x9a0682126390
0x53e62b,0xa040f21d6c20
0x447a40,0x8e957902e820
0x53e6b9,0x92da1fa55248
0x44959a,0x71d5f3fcb388
0x411804,0x71d5f3f50f80
0x45eeb8,0x73fab736c650
0x46d773,0xbfe092fecdb0
0x412cc0,0x8e957903bf78
0x46d633,0xab2ecf380980
0x44959a,0xa678649463a8
0x45ff7e,0x8e95790008cc
0x44e194,0x9a0682139f88
0x45ee89,0x9a068213dc60
0x45ee80,0xb4165fa531d0
0x45ee80,0x9a0682147a30
0x412cc0,0x73fab736b3a8
0x456269,0x73fab736bc84
0x45fdff,0xbfe092ff1c4c
0x4602cb,0x8c6c7da8bb0
0x45eeb8,0xa5b152696400
0x451882,0x9a068214c658
0x4537e7,0x9a0682152e9c
0x45eea0,0x9a06821531e8
0x45ff7a,0xca1598434f8c
0x45eeb8,0x9a068214cdb0
0x45eeb8,0x9a0682156410
0x4602e0,0x73fab7375270
0x45eea0,0x9a068215bf68
0x46d736,0xbfe092ff9120
0x448b5d,0xbfe092ff8fd0
0x448b5d,0x7ebb3c7ad790
0x463e27,0x73fab737a4c0
0x448b5d,0xbfe092ffbf50
0x44962d,0xbf7dd5e9bd80
0x45eeb8,0x9a0682161180
0x411a5c,0x73fab737bd88
0x45eeb8,0x73fab7391390
0x456198,0x73fab73808e8
0x558f9a,0x73fab7380980
0x449609,0x71d5f3fd4f80
0x449502,0xfafbfaae6584
0x448b7a,0x9a0682167ce8
0x411913,0x73fab73823d0
0x46d736,0xca1598430fa0
0x4518c8,0x9a068216cdb8
0x456171,0x73fab7385704
0x4561ac,0x73fab7383114
0x449609,0xbf7dd5eb4700
0x558f9a,0x73fab7386590
0x451882,0x73fab7387228
0x45ee80,0x9a0682165300
0x451882,0x71d0d5927c48
0x44e248,0x71d0d5927cc8
0x44959a,0xff3c8d621c50
0x45ee80,0x5715a8d5ed40
0x45ff56,0xca1598445320
0x44e248,0x5715a8d5dc48
0x45eeb8,0x665a07f75110
0x44959d,0xce1385053540
0x412c87,0x73fab738cda8
0x411804,0xd693287698f0
0x463aa3,0x73fab738dfdc
0x4537e7,0x665a07f8729c
0x46d743,0xca159843ed68
0x4537e7,0x665a07f8c67c
0x46d743,0xf775d31bc538
0x463aa3,0x73fab73909ac
0x45ee89,0x9a0682165aa0
0x44959a,0xff3c8d627a10
0x4561ac,0x73fab737c504
0x46d743,0xca1598441c68
0x42ca41,0x2c2cbb5cc640
0x53e62b,0xab2ecf3b3d20
0x53e70f,0xd9e9d66a5100
0x4494ea,0xe7c8f3adfc8
0x448b5d,0x7cb731a47210
0x558f9a,0x8ac884715120
0x558f9a,0x73fab7396410
0x45736c,0xca1598443138
0x46d743,0x71d0d5905338
0x4495c3,0xff3c8d5bdc78
0x448b5a,0x73fab7396c38
0x44e194,0x8ac884712e98
0x45eeb8,0xe98d38e9bda0
0x448b5d,0x71d0d5905110
0x45ff4d,0x8e9578f7c508
0x412cce,0x73fab7378991
0x451882,0x5115330e63a8
0x449609,0xbf7dd5ee0998
0x463aa3,0x73fab739bd9c
0x45ee80,0x2e448dbb5240
0x4537e7,0xe98d38eb2ecc
0x411913,0x73fab739bf40
0x412c87,0x73fab7376438
0x412cc0,0x73fab73a0d58
0x45ee89,0xe98d38eccda0
0x45ff62,0xb7ac7aa16420
0x45ff62,0x11e281df9100
0x46d75a,0x73fab7374f90
0x4602e0,0x73fab73a10c0
0x53e70f,0xd9e9d66001b0
0x411913,0x73fab73a23d0
0x463a96,0x5829a6ee1180
0x4602e0,0x71d0d58c08f0
0x456269,0x71d0d58c01a8
0x447a39,0x73fab73a5330
0x463a8d,0x79f1064ab3a8
0x411957,0x73fab73a98e8
0x4602cb,0xf5d9bd125710
0x456269,0x73fab73ab3b8
0x45fdd7,0xff3c8d5d1e10
0x411957,0x73fab73a8b80
0x463aa3,0x73fab73abcbc
0x451950,0xe98d38ee65b8
0x412cc0,0x73fab73b13a8
0x412c87,0x73fab73b1358
0x53e70b,0xce1385059138
0x456198,0x73fab73b1c48
0x4602e0,0x73fab73b4710
0x456331,0x73fab73b4f90
0x46d773,0x79f1064b1370
0x45eeb8,0xe98d38ef1390
0x45fdfc,0x79f1064b138c
0x412c87,0x73fab73b6c28
0x4495c3,0xaff5007e8b80
0x45ee89,0xe98d38f023f0
0x46d75a,0x73fab73ba4e0
0x45ee80,0xe98d38f07c70
0x45ff4d,0x66598a7810c0
0x449609,0xcc2ca3754720
0x46d736,0xcd28e576b390
0x451882,0xe98d38f1bf78
0x4494de,0x11e281e010c0
0x46d633,0x11e281e01190
0x463e27,0x73fab73c0190
0x411804,0xaff5007f8990
0x456331,0x73fab73c0d40
0x45ff4d,0x66598a7a1180
0x559212,0x73fab73b0f90
0x45eeb8,0xe98d38f2c640
0x53e62b,0xb7ac7a975250
0x448b7a,0xe98d38f36428
0x53e62b,0x71d0d5a11c50
0x45ee89,0xe98d38f38fe0
0x45eeb8,0xe98d38f3bda0
0x451882,0x73fab73c5118
0x411804,0xaff5007e7a38
0x53e6b9,0x49950ab33548
0x45eeb8,0x73fab73c5330
0x44e194,0xe98d38f447f8
0x45ee80,0xe98d38f55270
0x558f9a,0x73fab73ac670
0x45eeb8,0x73fab73c5ab0
0x456198,0x73fab73c98c8
0x448b5a,0x73fab73acdb8
0x45ee80,0xe98d38f5ebc0
0x4518c8,0xe98d38f67cf8
0x4602c7,0x73fab73cc678
0x45ff56,0xa040f20fdc50
0x451882,0x71d0d58fdc78
0x4495c3,0xd9e9d66008c4
0x46d633,0xbf7dd5eb0f90
0x46d633,0xd693286b4f90
0x451882,0x73fab73cbc98
0x53e62b,0xbf7dd5fac670
0x456331,0x73fab73d1e00
0x45fdfc,0x79f1064cb54c
0x44e248,0x74d66773e508
0x4537e7,0x80f530be7a3c
0x46d75a,0x73fab73d3d20
0x44959d,0xb381a4dfd0
0x558f9a,0x73fab73d4710
0x4518c8,0x74d66773ed78
0x463aa3,0x73fab73d4fbc
0x45ff56,0xcc2ca38e2740
0x4602c7,0x73fab73d5109
0x451882,0xa5b152653548
0x45ff4d,0x6c537038d7a8
0x448b5a,0x73fab73d6438
0x411913,0x73fab73d6750
0x4518c8,0xc2041aa75278
0x45eeb8,0x71d0d59331c0
0x46d736,0x80f530bfe520
0x4552b0,0x79f1064e23d8
0x410f2c,0x79f1064e65a8
0x448b5a,0x79f1064f25c8
0x463aa3,0x79f1064f510c
0x410f25,0x79f1064f5240
0x45ff7a,0x80f530c008cc
0x460050,0x46a8494a65b0
0x448b5a,0x79f1064f8988
0x4552b0,0x79f1064fbd98
0x46d773,0x80f530c05aa0
0x40d29a,0x79f1064febe8
0x4561ac,0x79f1064fed64
0x45ee80,0x80f530c10980
0x412c87,0x79f106510fa8
0x46d736,0x80f530c18fc0
0x4552b0,0x79f106511388
0x4552b0,0x79f106516748
0x447a20,0x79f10651bdb8
0x44959a,0xaa4eb5dec648
0x451882,0x54c43c614fa8
0x45eea7,0x80f530c1e510
0x45eea7,0x80f530c21c50
0x456269,0x79f1065263b8
0x45ff7e,0x49950aa60180
0x559212,0x521b7f55ebe0
0x460050,0xafd74f97c520
0x412cc0,0x521b7f560d68
0x412c87,0x521b7f563138
0x4552b0,0x521b7f565328
0x460050,0xcc2ca37672a0
0x558f9a,0x521b7f5713b0
0x448b5d,0xbfe092fa1c50
0x448b5a,0x521b7f575128
0x447a20,0x521b7f571e08
0x456269,0x521b7f57a4c8
0x410f8a,0x521b7f57ebc0
0x412c87,0x521b7f5872a8
0x4552b0,0x521b7f587c58
0x558f9a,0x521b7f587cf0
0x412c87,0x521b7f58c668
0x4552c0,0x521b7f591354
0x558f9a,0x521b7f5913b0
0x412cc0,0x521b7f595108
0x447a39,0x521b7f5989b0
0x4552c0,0x521b7f59bdb4
0x46d736,0x80f530c3ed70
0x4495c3,0xc8d281adfd0
0x456198,0x521b7f5a1188
0x45eea7,0x80f530c41c70
0x53e70f,0xcd28e58acd90
0x45eea7,0x80f530c45130
0x53e62b,0xb7ac7aa02740
0x45ff7a,0xce1385067280
0x447a40,0x521b7f5a5a80
0x410f8a,0x521b7f5a5130
0x448b5a,0x521b7f5b3568
0x46d75a,0x521b7f5bc510
0x4552c0,0x521b7f5c01b0
0x448b5d,0x80f530c4b540
0x460050,0xce1385025120
0x447a40,0x521b7f5c47c0
0x53e6b9,0xbf7dd5facdb8
0x456269,0x521b7f5c7c58
0x4537e7,0x80f530c5099c
0x449502,0xd9e9d668c1c4
0x456269,0x521b7f5c7cf8
0x45fdd7,0xa1abd7fe5120
0x45528e,0x521b7f5cbca4
0x46d736,0x80f530c59fb0
0x45ff56,0xd79e62bddc44
0x463e27,0x521b7f5d89a0
0x4552c0,0x521b7f5dbd94
0x4552b0,0x521b7f5ddc68
0x412c87,0x521b7f5e0d58
0x412c87,0x521b7f5e5118
0x558f9a,0x521b7f5e5aa0
0x448b5a,0x521b7f5e98d8
0x410f2c,0x521b7f5ec668
0x45ff7a,0xeb0189f67ccc
0x46d736,0xde0ef9c11390
0x53e70b,0x11faa17c65b8
0x463aa3,0x521b7f5f9f8c
0x463a8d,0xce138507a4c0
0x558f9a,0x521b7f5fe520
0x45fdfc,0xf848bcf16c0c
0x45ff62,0xce13850bbd98
0x45ff7a,0xce1385051340
0x447a20,0x521b7f5f1340
0x448b5a,0x521b7f5f9138
0x46d75a,0x521b7f611340
0x412c87,0x521b7f6113a8
0x447a20,0x521b7f611e10
0x558f9a,0x521b7f611c50
0x46d75a,0x521b7f613d20
0x4552c0,0x521b7f6125e8
0x558f9a,0x521b7f614710
0x45eebb,0x28e837ce3118
0x44e194,0x54c43c633558
0x45ee80,0x4b3918c06380
0x4537e7,0x4b3918c0722c
0x53e6b9,0x4b3918c05318
0x44e194,0x54c43c633d18
0x45fe42,0xce13850acd80
0x451882,0x521b7f5f6438
0x448b7a,0x4b3918c125f8
0x410f8a,0x521b7f619120
0x412cce,0x521b7f6223d1
0x558f9a,0x521b7f6210c0
0x558f9a,0x521b7f6211a0
0x45736c,0xbfe092f87a38
0x463aa3,0x521b7f62513c
0x558f9a,0x521b7f625aa0
0x410f8a,0x521b7f625320
0x46d75a,0x521b7f62b550
0x448b5a,0x521b7f62b398
0x45ff7a,0xbf7dd6015110
0x448b5d,0x4b3918c189b0
0x4552c0,0x521b7f638984
0x53e6b9,0x28d7cf48c1d8
0x451950,0x521b7f615278
0x410f25,0x521b7f641180
0x463e27,0x521b7f647ce0
0x46d75a,0x521b7f6498c0
0x4552b0,0x521b7f652ed8
0x45ff56,0xce138514e818
0x410f8a,0x521b7f6531d0
0x45ff7a,0xcd28e58e1c4c
0x45ff89,0xcd28e5727a38
0x447a40,0x7a1900b67210
0x45eeb8,0xe930e6ba7a10
0x45ee80,0x782cd20d8990
0x4518c8,0x521b7f63ebf8
0x45ff62,0xce1385162744
0x45ff7e,0xce13851725d0
0x4552c0,0x4822c1478fe8
0x463a8d,0xce13850513b8
0x45ff7a,0x71d0d58eb54c
0x45528e,0x4822c1480194
0x412c87,0x4822c14847c8
0x45feea,0x782cd20e7ccc
0x456331,0x4822c1485a90
0x46d614,0x9891309423c0
0x451882,0x782cd20eb548
0x45eeb8,0x782cd20ebca0
0x558f9a,0x4822c148b3b0
0x45ff7a,0x80a6dab023cc
0x558f9a,0x4822c14a08e0
0x448b5a,0x4822c14a1c78
0x558f9a,0x4822c14a3120
0x410f8a,0x4822c14a6380
0x447a20,0x4822c14acd80
0x558f9a,0x4822c14abca0
0x4537e7,0xff25d8192efc
0x44e194,0xff25d818d7b8
0x45eea7,0xff25d8195110
0x447a20,0x4822c14b1c70
0x412cc0,0x4822c14b8fc8
0x410f2c,0x4822c14c08d8
0x463aa3,0x4822c14c311c
0x412cc0,0x4822c14cdfc8
0x46d743,0xeb0189f98998
0x412c87,0x4822c14d0fa8
0x46d736,0xff25d819dc70
0x411557,0x4822c14d3d0c
0x4552c0,0x4822c14d25d4
0x45fd16,0xff25d819ebc0
0x456240,0x4822c14d4fb4
0x45eea7,0xff25d81a0980
0x45ee80,0xff25d81a11b0
0x45eeb8,0xff25d81a23d0
0x448b7a,0xff25d81a3108
0x45eea7,0xff25d81a5aa0
0x456269,0x4822c14d6768
0x45ff7e,0x7ebb3c825310
0x463a8d,0x49950aae5100
0x45528e,0x4822c14e5724
0x4552b0,0x4822c14e8bb8
0x463a96,0x2e448daa47c0
0x412c87,0x4822c14ebca8
0x46d736,0xff25d81acd90
0x463aa3,0x4822c14f0fac
0x463e27,0x4822c14f25e0
0x412cc0,0x4822c14f5278
0x46d773,0x54c4531c23f0
0x46d736,0xff25d81b0f80
0x457432,0xff25d81b1e30
0x45ff7a,0xeb0189facd90
0x4064e3,0xce13850509a8
0x456331,0x4822c14f9f80
0x53e6b9,0xcc2ca37d0fa8
0x449502,0x412e73ce6384
0x410f2c,0x4822c15008c8
0x410f2c,0x4822c1505728
0x463e27,0x4822c1513540
0x46d75a,0x4822c151bdb0
0x410f8a,0x4822c151bf40
0x558f9a,0x4822c15010c0
0x45ff7e,0xcc2ca37210c0
0x45ff62,0xeb0189fb6c00
0x46d736,0xff25d81c7290
0x42ca41,0x878ddfa15138
0x45ee80,0x4822c14fe510
0x45fe42,0x66598a754fa0
0x456269,0x4822c15223c8
0x463aa3,0x4822c152722c
0x46d75a,0x4822c1527280
0x558f9a,0x4822c1527c70
0x45528e,0x4822c1532ec4
0x447a39,0x4822c1532eb0
0x4552c0,0x774a7ed48ba4
0x410f2c,0x4822c1536c38
0x46d75a,0x4822c1540990
0x463aa3,0x4822c15423cc
0x451882,0x4822c1545118
0x45ee80,0xff25d81e1c50
0x448b7a,0xff25d81e11b8
0x456269,0x774a7ed58998
0x45ff4d,0x66598a781180
0x45ff62,0xeb0189fc0180
0x460050,0x412e73ccd7a0
0x410f8a,0x4822c1551c60
0x45ff7e,0x28d7cf3f8fd0
0x410f2c,0x4822c1554fa8
0x448b5d,0xbf7dd6020990
0x410f2c,0x4822c1558988
0x558f9a,0x4822c155bf40
0x46d736,0xff25d81e7200
0x448b5a,0x4822c155ed78
0x412cce,0x4822c1560991
0x45ff62,0x9ae07660dfc8
0x46d773,0xff25d81edff0
0x447a40,0x4822c156dfc0
0x4494ea,0x71d5f3ef8fc8
0x44959a,0xd79e62abebc0
0x4561ac,0x4822c156cd94
0x45eea7,0xff25d81f4f80
0x447a20,0x4822c1567200
0x46d743,0x1829194b9130
0x4552c0,0x4822c1573544
0x559212,0x4822c1579f80
0x412c87,0x4822c15801b8
0x46d773,0xab2ecf430980
0x4552c0,0x4822c15823e4
0x412cce,0x4822c1586591
0x447a14,0x4822c15863b4
0x46d736,0x203e0013c510
0x45ff7e,0x7ebb3c800180
0x558f9a,0x4822c15898e0
0x447a20,0x4822c158b3a0
0x448b5d,0xff25d81febc0
0x412cc0,0x4822c15931c8
0x45528e,0x4822c1594fb4
0x45ff7e,0x8a4feef5ed40
0x410f8a,0x4822c1596c20
0x44959d,0xce138513ed40
0x45ff7e,0x7ebb3c7a65bc
0x46d743,0xc8d28325718
0x410f2c,0x4822c15a1c68
0x463e27,0x4822c15a5300
0x448b5d,0x80a6dab13550
0x463a96,0x71d0d592e800
0x463a8d,0xa040f20e47c0
0x447a20,0x4822c15bbf70
0x559212,0x4822c15bbd80
0x46d743,0x24656f191c50
0x53e70b,0x932ec4087a38
0x44952d,0xff25d8219f88
0x46d743,0xb4165fa67cf0
0x448b5d,0x998897fa10d0
0x463e27,0x4822c15c7a00
0x412c87,0x4822c15c7c68
0x411557,0x4822c15c7ccc
0x4552c0,0x4822c15c6594
0x46d75a,0x4822c15cdfc0
0x46d75a,0x4822c15d09a0
0x4552c0,0x4822c15d3d14
0x448b5a,0x4822c15d31c8
0x460050,0xa040f210d7a0
0x4552b0,0x4822c15d8fd8
0x46d773,0xff25d8225730
0x4552c0,0x4822c15e0d44
0x448b7a,0xff25d822dfc8
0x447a20,0x4822c15da4c0
0x4537e7,0xff25d8232ecc
0x45ff7e,0x1a70aa7410d0
0x448b5d,0x1829194a23e0
0x4552c0,0x4822c15ee830
0x463e27,0x4822c15f8990
0x558f9a,0x4822c15fbf60
0x463a8d,0x71d5f3e325c8
0x448b83,0xff25d823bd80
0x558f9a,0x4822c1601c40
0x4064e3,0xcd28e58b2e98
0x4552c0,0x4822c16065b4
0x4552c0,0x4822c1611368
0x558f9a,0x4822c1611380
0x463aa3,0x4822c161642c
0x410f8a,0x4822c1618ff0
0x463a8d,0xd6932871bf40
0x448b63,0xff25d8240188
0x412c87,0x4822c1621c68
0x412cc0,0x4822c1625128
0x4552c0,0x4822c16272b8
0x410f8a,0x4822c1628b80
0x45ff7e,0x24656f1b1c50
0x410f8a,0x4822c1631c40
0x463a8d,0xcd28e5796740
0x45ff56,0xbf7dd5fb5108
0x45528e,0x4822c163dc64
0x558f9a,0x4822c1640190
0x45528e,0x4822c1647a04
0x410f25,0x4822c1647c40
0x410f8a,0x4822c1647cf0
0x46d75a,0x4822c164dfd0
0x46d75a,0x4822c1659130
0x558f9a,0x4822c165c500
0x410f2c,0x4822c165dc58
0x4552b0,0x4822c1660d68
0x46d773,0x7cb731aa01b0
0x460050,0x2c2cbb5223e0
0x4115a9,0xe6f224c3ed40
0x46d736,0x7cb7319ed7a0
0x4115a9,0xe6f224c43100
0x4552c0,0xe6f224c45328
0x558f9a,0xe6f224c4c660
0x46d743,0xbfe092f93d30
0x45528e,0xe6f224c525d4
0x447a39,0xe6f224c65330
0x4552b0,0xe6f224c81c68
0x4552c0,0xe6f224c82764
0x463e27,0xe6f224c865b0
0x4552b0,0xe6f224c85108
0x448b5d,0x28d7cf582750
0x463a96,0x2e448dab6410
0x463e27,0xe6f224c91350
0x4552c0,0xe6f224c91e30
0x448b5a,0xe6f224c91398
0x463e27,0xe6f224c93d30
0x45ff4d,0x66598a7a47c0
0x45fd16,0xff25d8251c40
0x463a96,0x2e448dab6750
0x410f8a,0xe6f224ca10d0
0x558f9a,0xe6f224ca5310
0x45ff62,0xa040f2100d48
0x463aa3,0xe6f224cabc8c
0x410f2c,0xe6f224cae808
0x463e27,0xe6f224cb2ea0
0x448b5a,0xe6f224cb2ee8
0x447a20,0xe6f224cb3550
0x410f2c,0xe6f224cb9f88
0x45ff7e,0xbfe092fb8fe0
0x45ff56,0xbfe092fbbf48
0x4552b0,0xe6f224ccb398
0x463a96,0x2e448dab6c20
0x460050,0xcd28e575dc60
0x410f2c,0xe6f224cd2e88
0x410f8a,0xe6f224cd2ed0
0x45528e,0xe6f224cd9134
0x463aa3,0xe6f224ce11ac
0x46d75a,0x8e9578fe0d50
0x558f9a,0xe6f224ce2740
0x45ff62,0xa040f20fdc50
0x46d75a,0xe6f224ce5730
0x463a8d,0x71d5f3e67a00
0x46d743,0xbf7dd601c530
0x558f9a,0xe6f224cec640
0x460050,0x49950aa58fd0
0x46d773,0xff25d82610d0
0x45ff7e,0xf5d9bd112e80
0x45ff7a,0x8e9578fb8980
0x45528e,0xe6f224cf2eb4
0x460050,0xcd28e577e510
0x46d736,0xff25d8263120
0x460050,0x7ebb3c821c60
0x448b5d,0xff25d8265aa0
0x410f8a,0xe6f224d05710
0x460050,0x71d0d5a70fb0
0x448b83,0xc8d283325c0
0x45ff62,0xcc2ca3765300
0x463a8d,0xf5d9bd112ec8
0x410f8a,0xe6f224d13d30
0x46d773,0xff25d8267ce0
0x45528e,0xe6f224d16424
0x45ff7e,0xb4165f99e510
0x4552b0,0xe6f224d27a18
0x410f2c,0xe6f224d27208
0x448b5d,0x28d7cf5b8980
0x410f8a,0xe6f224d2e820
0x559212,0xe6f224d30980
0x46d75a,0xe6f224d36430
0x46d773,0x1719cc808f0
0x45ff56,0xe7c8f38bc98
0x45ff7e,0xcd28e5835240
0x45ff56,0xc8d281cb380
0x46d75a,0x9a06820f1e10
0x448b5a,0x9a06820f1c58
0x558f9a,0x9a06820f31e0
0x448b5d,0xf848bcf2b3a0
0x4552b0,0x9a06820fa4c8
0x410f2c,0x8e957900cd98
0x45ff7a,0xab2ecf380980
0x4115a9,0x9a0682112e80
0x410f2c,0x9a0682112ef8
0x4552b0,0x9a0682116758
0x4552b0,0x9a0682119138
0x448b5d,0xff25d8270fb0
0x4552b0,0x9a068211ebd8
0x412cc0,0x9a0682121c58
0x463e27,0x9a0682126390
0x46d75a,0x9a0682126590
0x448b83,0xff25d82731c0
0x46d736,0xff25d8274fb0
0x45ff7e,0xbfe092ff1c4c
0x46d743,0xbfe092fecdb0
0x46d75a,0x9a0682138ff0
0x45ff62,0xbfe092ff8fd0
0x4552c0,0x9a068213ed44
0x410f4f,0x9a068213e508
0x45ff56,0xbfe092ffbf50
0x412c87,0x9a06821447d8
0x4552c0,0x9a0682143104
0x412cc0,0x9a0682147208
0x4552c0,0x9a0682147a30
0x410f2c,0x9a0682147298
0x410f4f,0x9a068214bc88
0x463aa3,0x9a0682152e9c
0x46d75a,0x9a0682152ef0
0x46d773,0xcd28e5820d60
0x4552c0,0x9a06821531e8
0x40d29a,0x54c43c60cdb8
0x45eeb8,0xff25d8281c70
0x45ee89,0xff25d827c530
0x45ee80,0xff25d8288b90
0x40d288,0x9a068215bf68
0x53e70f,0xd69328751360
0x45ee80,0xa31272b23130
0x53e6b9,0xce1385167288
0x4494f2,0xce1385167200
0x45eea0,0xb26c7f89a4e8
0x4494f2,0xb26c7f8a6380
0x447a40,0x9a068215ed70
0x456198,0x9a068215ebc8
0x53e62b,0xcd28e58b3570
0x45fe42,0xcd28e5766590
0x4561ac,0x9a06821623f4
0x448b7a,0xaa11d3a472b8
0x4494f2,0xd79e62c4b380
0x45eeb8,0x9a2b699609b0
0x53e62b,0x71d5f3f0dfc0
0x448b7a,0x5173ab4cb578
0x53e62b,0xd9e9d65ded70
0x45fe42,0xc9394d385130
0x40d29a,0x9a0682166598
0x4494f2,0xcd28e58eb380
0x4518c8,0xaa79a92b3d38
0x53e70f,0xf5d9bd056740
0x4495c3,0xfafbfaae6584
0x448b5a,0x9a0682167ce8
0x4518c8,0x9a0682167c78
0x451882,0xf775d314c1e8
0x45eeb8,0xaa79a92bc510
0x44e248,0xf775d314c648
0x45fe42,0xafd74f974710
0x45eeb8,0xaa79a92c08d0
0x46d736,0x71d0d58a65b0
0x46d736,0xaa79a92c8b90
0x46d75a,0x665a07f65110
0x45ff62,0x7cb731a47210
0x412cc0,0x665a07f823c8
0x463aa3,0x665a07f8729c
0x4552b0,0x665a07f87c48
0x558f9a,0x665a07f87ce0
0x45fdfc,0xaa79a92d1c4c
0x463aa3,0x665a07f8c67c
0x412cc0,0x665a07f92e98
0x410f25,0x665a07f92ec0
0x463a8d,0xe7c8f3adfc8
0x558f9a,0xe98d38e85700
0x460050,0xab2ecf3b3d20
0x4552b0,0xe98d38e8b398
0x412c87,0xe98d38e92ea8
0x412cc0,0xe98d38e92ef8
0x463aa3,0xe98d38eb2ecc
0x45ff89,0xce1385059138
0x448b5d,0xaa79a92e0d40
0x463a96,0xaa79a92e23f0
0x410f2c,0xe98d38ec5a88
0x46d773,0xaa79a92e3120
0x40d288,0xe98d38edbf70
0x4494ea,0xafd74f97a4c8
0x45eeb8,0x1caddecf8990
0x53e70f,0x80a6dab01c50
0x447a40,0xe98d38ede520
0x4494de,0x66598a7d25c0
0x53e62b,0x25ce5ce83100
0x449502,0x11faa17210c4
0x4494ea,0x11faa1721188
0x4561ac,0xe98d38eddc54
0x45eeb8,0x1cadded12ef0
0x53e62b,0x28d7cf487a30
0x53e62b,0xbf7dd6015260
0x46d614,0xc8d28205a80
0x4518c8,0xe98d38ee3138
0x45eeb8,0x1cadded25730
0x45ee80,0x1cadded21190
0x451950,0x1cadded30fb8
0x46d614,0x1cadded2dfc0
0x45ff7e,0x79f1064b138c
0x4561ac,0xe98d38ee72b4
0x456269,0xe98d38ee7a18
0x451882,0xe98d38ee5328
0x451882,0x1cadded40998
0x451882,0x1cadded40d78
0x45ee80,0xe98d38ee7cd0
0x448b7a,0x1cadded50f98
0x46d633,0xcc2ca38531d0
0x456269,0xe98d38ee98e8
0x451882,0x1cadded53d18
0x44e194,0xe98d38ee8b98
0x44952d,0x71d0d5920d58
0x45eeb8,0x1cadded5bdb0
0x46d614,0x1cadded62740
0x448b7a,0x1cadded65728
0x46d743,0x79f1064b1370
0x4552c0,0xe98d38f01c74
0x46d736,0xa040f204c670
0x410f2c,0xe98d38f06388
0x412cc0,0xe98d38f0cdb8
0x4552b0,0xe98d38f0b578
0x448b5d,0x557be2fd6420
0x412cc0,0xe98d38f12ec8
0x412cce,0xe98d38f12e91
0x412c87,0xe98d38f19f98
0x4552c0,0xe98d38f1ebf4
0x447a40,0xe98d38f1ed40
0x463a8d,0x11e281e010c0
0x45ff7a,0x79f1064c274c
0x448b5a,0xe98d38f36428
0x410f8a,0xe98d38f36770
0x460050,0xb7ac7a975250
0x46d736,0x80a6daae3130
0x460050,0x71d0d5a11c50
0x447a20,0xe98d38f423c0
0x447a19,0xe98d38f509b0
0x4552c0,0xe98d38f55270
0x4552b0,0xe98d38f5c508
0x447a20,0xe98d38f68b90
0x463a96,0x28e837ca0d48
0x448b5d,0x8e9578fa8b80
0x412cce,0xe98d38f83111
0x45ff89,0x11faa17c65b8
0x460050,0xbf7dd5fac670
0x558f9a,0x80f530be0190
0x463aa3,0x80f530be7a3c
0x558f9a,0x80f530be63a0
0x4552b0,0x80f530bec1d8
0x46d75a,0x80f530bf31c0
0x46d773,0x1cadded823d0
0x412cc0,0x80f530c0cd98
0x4552b0,0x80f530c0b558
0x559212,0x80f530c10980
0x463e27,0x80f530c1e510
0x463e27,0x80f530c21c50
0x45ff7e,0xb7ac7aa02740
0x4552b0,0x80f530c25a88
0x45ff56,0xd9e9d668c1c4
0x558f9a,0x80f530c27a10
0x410f8a,0x80f530c27290
0x45ff62,0xa1abd7fe5120
0x463e27,0x80f530c41c70
0x46d773,0x99d8269e0980
0x558f9a,0x521b7f596770
0x463e27,0x80f530c45130
0x46d75a,0x80f530c45330
0x4552b0,0x80f530c46588
0x45ff7e,0x79f1064cb54c
0x558f9a,0x521b7f5801a0
0x463aa3,0x80f530c5099c
0x448b5d,0x1cadded90fb0
0x447a20,0x80f530c52ea0
0x457432,0x1cadded91c70
0x412cce,0xde0ef9c15251
0x410f8a,0x642e23581c50
0x4552b0,0x642e235847d8
0x463aa3,0x4b3918c0722c
0x46d75a,0x4b3918c07280
0x4552b0,0x4b3918c07a38
0x45ff7e,0xbf7dd6015110
0x558f9a,0x4b3918c0e830
0x4552c0,0x4b3918c11c54
0x448b5a,0x4b3918c125f8
0x46d736,0x1cadded9bf60
0x447a40,0x521b7f635240
0x45ff62,0xce1385162744
0x410f2c,0x782cd20d31d8
0x448b5d,0x1caddeda0190
0x4552c0,0x782cd20ec674
0x4552c0,0x4822c1465134
0x45ff56,0x412e73ce6384
0x410f25,0x81a891d61c40
0x46d75a,0xff25d818e810
0x463aa3,0xff25d8192efc
0x448b63,0x1caddeda5308
0x46d736,0x1caddeda5100
0x463e27,0xff25d8195110
0x463e27,0xff25d81a0980
0x448b5a,0xff25d81a3108
0x463e27,0xff25d81a5aa0
0x46d75a,0xff25d81a7230
0x412c87,0xff25d81a7298
0x447a20,0xff25d81a7ce0
0x558f9a,0x4822c14e23d0
0x4552c0,0xff25d81b6c04
0x410f8a,0xff25d81b6400
0x447a20,0x4822c14d9130
0x411557,0xff25d81b910c
0x558f9a,0xff25d81cb550
0x410f2c,0xff25d81ccd88
0x46d736,0x1caddedadfd0
0x410f8a,0xff25d81cd7b0
0x45ff90,0x932ec4087a38
0x558f9a,0xff25d81e2740
0x412cc0,0xff25d81e47e8
0x463a8d,0x71d5f3ef8fc8
0x46d736,0xff25d81edff0
0x412c87,0xff25d81f31e8
0x412cc0,0xff25d81f6c18
0x448b5d,0xab2ecf445ab0
0x45ff7e,0x7ebb3c7a65bc
0x45ff62,0x998897fa10d0
0x412cc0,0xff25d81f8fd8
0x4115a9,0xff25d82010c0
0x410f8a,0xff25d8201180
0x46d75a,0xff25d8205730
0x448b63,0x80a6daa6c648
0x558f9a,0xff25d8207a20
0x410f8a,0xff25d82072a0
0x447a19,0xff25d8215270
0x447a39,0xff25d82189b0
0x46d736,0x9895a7bc2750
0x46d736,0x8e9578fc11b0
0x412c87,0xff25d822c1e8
0x448b5a,0xff25d822dfc8
0x463aa3,0xff25d8232ecc
0x448b5d,0xa040f2190980
0x45fd16,0x2e448db2e800
0x410f2c,0x2e448db26398
0x448b83,0x2e448db30f80
0x448b5d,0x9895a7bd0990
0x412c87,0xff25d8285308
0x447a39,0xff25d8285130
0x412c87,0xff25d8287ce8
0x558f9a,0xff25d8286590
0x4552c0,0xff25d828c1f4
0x411557,0xa31272b2530c
0x4552b0,0xa31272b25ab8
0x4552c0,0xb26c7f89a4e8
0x410f8a,0xb26c7f89bdb0
0x46d736,0x878ddfa56400
0x4552b0,0x9a0682159108
0x463a96,0x557be2ff89a0
0x4552b0,0xb26c7f8a98d8
0x45528e,0xb26c7f8b0994
0x45ff7e,0x71d5f3f0dfc0
0x412cc0,0xb26c7f8b89a8
0x4552b0,0xaa11d3a47c48
0x558f9a,0xaa11d3a47ce0
0x448b5a,0xaa11d3a472b8
0x45736c,0x11faa182d7b8
0x4552b0,0xaa11d3a4cd88
0x45fee6,0x81c0a289c50c
0x46d75a,0xaa79a92ad790
0x558f9a,0x9a2b69960180
0x447a19,0xaa79a92b25f0
0x412c87,0xaa79a92b5108
0x46d736,0x1caddedcdfc0
0x4552b0,0xaa79a92c5738
0x558f9a,0xaa79a92c01b0
0x448b63,0xe7c8f3823c8
0x448b5d,0xafe0999d0f90
0x46d75a,0x1cadded00d40
0x46d736,0x1caddedd5260
0x4552c0,0x1cadded08b94
0x448b5d,0x13becdad4730
0x412cc0,0x1cadded0bc98
0x46d773,0x1caddedd6410
0x45ff7a,0x1cadded2dfc0
0x46d743,0x25ce5ce83100
0x463a96,0x2c2cbb4f6c20
0x460050,0x28d7cf487a30
0x447a20,0x1cadded0d7a0
0x460050,0xbf7dd6015260
0x558f9a,0x1cadded2bc80
0x410f8a,0x1cadded2c650
0x457432,0x1caddedde530
0x412cc0,0x1cadded47c58
0x447a39,0x1cadded47a30
0x558f9a,0x1cadded46590
0x410f2c,0x1cadded47ce8
0x4552b0,0x1cadded498c8
0x45528e,0x1cadded56424
0x448b63,0x1caddede47c8
0x412c87,0x1cadded58fc8
0x4552c0,0x1cadded67c54
0x4552b0,0x1cadded67cd8
0x448b5d,0x7ebb3c8789b0
0x45ff62,0xb7ac7aa16420
0x45ff7e,0x34a0172f910c
0x4602cb,0x79f1064d9f90
0x45eebb,0x28e837ce3118
0x45ee80,0x55c693e52eb0
0x46d75a,0x66598a841c70
0x45ff62,0xcc2ca38e2740
0x45ff56,0x11faa1747a00
0x45ff4d,0x28e837c9e538
0x443d2b,0xd79e62a6c671
0x45ff56,0x71d0d58cb550
0x45ff7a,0xbf7dd5ee7cec
0x412cc0,0x1caddedf4738
0x47338d,0x1caddedf6404
0x46d15e,0x66598a77c530
0x45ff62,0x11e281df9100
0x45ff62,0x774a7ed96760
0x46d18d,0x1caddedfed60
0x45ff62,0x71d0d59c0d60
0x45ff4d,0x28e837c9ed78
0x45ff62,0x28d7cf4210c0
0x45ff62,0x7ebb3c894720
0x45ff89,0xbfe092fa0180
0x412c87,0x1caddee06388
0x45ff56,0x34a0173d8fe0
0x45ff56,0xd79e62b1e510
0x45ff4d,0x28e837c92e98
0x463aa3,0x6af9d6d125cc
0x45ff62,0x66598a7ecda0
0x456198,0x6af9d6d12e98
0x4561ac,0x6af9d6d12ed4
0x447a40,0x6af9d6d15100
0x46d736,0x6af9d6d19120
0x42d5e0,0x7ebb3c899fb0
0x494c73,0xcc2ca38210f0
0x494c73,0x7ebb3c7d4fb0
0x443d2b,0x7ebb3c89e501
0x44959d,0xf5d9bd0febc0
0x447a14,0x1caddee125c4
0x412c87,0x71d0d5932ec8
0x443d2b,0x71d0d595bf41
0x5405e9,0x71d5f3f509b8
0x410700,0x5829a6ed9f80
0x447a40,0x5829a6ee2770
0x494c82,0x66598a7f8988
0x494c7e,0x66598a807c78
0x494c73,0x66598a825a80
0x448b7a,0x5115330c47c8
0x466180,0x71d0d5940180
0x513a6a,0x71d0d5945130
0x4f21c4,0x71d0d594c1c4
0x514108,0x71d0d5943108
0x47c586,0x28e837cc3120
0x4561ac,0x1caddee14fa4
0x45ff89,0xff25d819ebc0
0x45ff4d,0x66598a7810c0
0x45ff4d,0x66598a7a1180
0x44959d,0xeb0189fab390
0x45ee89,0xa5b152656c20
0x451882,0x1caddee00d58
0x4494f2,0xa040f22125c0
0x451882,0x1caddee19138
0x45eea0,0x1caddee22768
0x4552b0,0x1caddedf09b8
0x451882,0x1caddee247f8
0x559212,0x1caddedf4f90
0x45ee80,0x4822c1608b90
0x447a40,0x8a4feef51350
0x494c73,0xd79e62a58fd0
0x494c73,0x66598a823100
0x494c73,0x8a4feef6b380
0x494c73,0x28e837c90fb0
0x494c7e,0x8a4feef75138
0x494c93,0x6af9d6d201b8
0x4552b0,0xff3c8d5b5268
0x53cb5b,0xca49da3e98f8
0x559fe0,0xb66056942768
0x494c97,0xcc2ca3755248
0x4602e0,0xa7d08ad7ebf8
0x46d773,0xd79e62ae2760
0x46d75a,0xd79e62bc47d0
0x443d2b,0x7cb731b12e91
0x456198,0xd79e62bc3128
0x449824,0x464bc80dbf50
0x45fd16,0xd79e62bc5a80
0x558f9a,0xa7d08ad447e0
0x45ff7a,0x34a017333d0c
0x45ff62,0xcc2ca38e5300
0x412c87,0x11faa18125f8
0x443d2b,0xce13850b4f81
0x45ee80,0x11faa1812ed0
0x45eea0,0x11faa1812eb8
0x494c73,0xce13850a8ba0
0x45ff7e,0xd79e62aa11ac
0x45ff62,0x34a0173d0990
0x45eea7,0x73d6b45cdff0
0x46da82,0x28e837c85a82
0x47338d,0x7ebb3c80bcac
0x409edb,0x4d2bb47c1c58
0x411557,0x7ebb3c811c4c
0x46d18d,0x5115330ec1f0
0x473397,0x7ebb3c814f98
0x409edb,0xd79e62c27c48
0x53cb5b,0xcd28e5767cf8
0x412743,0x7ebb3c818fe8
0x443d2b,0x7ebb3c873551
0x460050,0x7ebb3c875270
0x409edb,0xd9e9d65dc508
0x409eee,0xe2032d899138
0x460050,0x7ebb3c879130
0x46d729,0xcd28e576dfc8
0x53cb5b,0x67b1c33c98d8
0x46d729,0xcd28e576e808
0x46d75a,0x7ebb3c82b550
0x5405e9,0xce13850c08f8
0x53cacd,0xce13850c09b8
0x559fe0,0x7ebb3c85dc68
0x494c97,0x7ebb3c832ef8
0x494c73,0x7ebb3c836400
0x494c93,0x7ebb3c841c78
0x494c73,0x7ebb3c845aa0
0x494c73,0xd79e62c27200
0x494c73,0x7ebb3c855270
0x4552b0,0x7ebb3c8208c8
0x4552b0,0x7ebb3c8209a8
0x443d2b,0xf775d317bda1
0x473397,0x24d6558d4f90
0x447a40,0x24d6558d3540
0x4518c8,0x24d6558d25f8
0x463a96,0xdd2838a59100
0x47338d,0x24d6558ddc74
0x410700,0x24d6558e5700
0x473397,0x24d6558e5a90
0x46d743,0xdd2838a5e538
0x451882,0x24d6558eb578
0x451882,0x24d6558f3568
0x46d743,0xdd2838a610f8
0x47338d,0x24d655903124
0x456198,0x24d65590cdb8
0x4602e0,0x24d65590c670
0x412c87,0x24d655913d28
0x558f9a,0x24d6559125d0
0x456198,0x24d65591bd98
0x45ee80,0xf775d318d7b0
0x46d75a,0xf775d3180d70
0x46d75a,0xf775d3187a00
0x46d75a,0xf775d318bcb0
0x449824,0xbf7dd5e80d60
0x45fd16,0xbf7dd5ef25c0
0x45ff56,0xcc2ca37a09a0
0x412cce,0x24d655935111
0x410725,0x24d655935240
0x53cb5b,0x41d09e9c01b8
0x412cc0,0x24d65593c508
0x46d193,0x71d0d5a601b0
0x443d2b,0xf775d3192e81
0x53cb5b,0x71d0d5a27c48
0x45ff62,0x3a0447275240
0x45ff56,0xbf7dd5e5ed60
0x443d2b,0xf775d3193d31
0x410b32,0xd7cc94e16400
0x45ff62,0xc8d282a5a80
0x460050,0x2c2cbb5298e0
0x410c00,0xd7cc94e1bd98
0x45ff56,0x761845c87cf0
0x412c87,0xdd2838a2e828
0x411557,0xdd2838a331cc
0x45ff56,0xce13850f1340
0x47338d,0xdd2838a463a4
0x42ccad,0x7ebb3c845110
0x45ff4d,0x28e837c8e828
0x443d2b,0xf775d31989a1
0x45ff4d,0x6c537038d7a8
0x46d75a,0xdd2838a53d30
0x412d56,0x878ddf9e6588
0x443d2b,0x66598a762771
0x45ff7a,0x81c0a289c50c
0x45ff62,0x2e448db87220
0x45ff62,0xcc2ca38e2740
0x473397,0x1caddee2cd88
0x45ff4d,0x28e837c925f8
0x46d773,0xff25d825ebd0
0x45ff7a,0xce1384fd31ec
0x45ff56,0xeb0189fb6c00
0x412cc0,0x1caddee3ebd8
0x412c87,0x1caddee401a8
0x47338d,0x25ce5ce2d79c
0x53cb5b,0xcd28e57eb3b8
0x460050,0x761845c87c60
0x5405e9,0xa678649647f8
0x53cacd,0xd79e62c4c658
0x4602e0,0x25ce5ce31360
0x45ff56,0x71d0d59247e0
0x460050,0x761845c8b3a0
0x53cb5b,0xcd28e57f3558
0x5405e9,0xce1385127a38
0x412743,0x25ce5ce36c08
0x46d75a,0x25ce5ce39100
0x46d151,0x932ec4087288
0x463a8d,0xcd28e58472a8
0x45ff7e,0x761845c9510c
0x460050,0xcd28e5847230
0x4602e0,0x25ce5ce3a4c0
0x46001c,0xa040f2190980
0x46d773,0x25ce5cdab560
0x46d729,0xcd28e5806588
0x412743,0x25ce5ce45718
0x412768,0x25ce5ce498c8
0x412743,0x25ce5ce48ba8
0x443d2b,0x761845c931f1
0x463aa3,0x25ce5ce4bcac
0x45ff56,0xcd28e5908b80
0x45ff7a,0x9895a7cc119c
0x53cacd,0xff3c8d5fa4c8
0x411557,0x25ce5ce5098c
0x47338d,0x25ce5ce52ebc
0x473397,0x25ce5ce52ed8
0x443d2b,0x1caddee4e831
0x473397,0x25ce5ce531c8
0x443d2b,0x1caddee509b1
0x53cacd,0xcd28e58208d8
0x4602e0,0x25ce5ce5dc70
0x46d18d,0x7ebb3c88bcb0
0x53cacd,0xcd28e5825308
0x46d75a,0x25ce5ce63120
0x4608f0,0x28d7cf487238
0x412cc0,0x25ce5ce65aa8
0x46d75a,0x25ce5ce67ce0
0x53cacd,0xcc2ca3876748
0x53cb5b,0x49950ab0e818
0x4608f0,0x71d0d5a623d8
0x412768,0x25ce5ce70988
0x46d743,0xce1384f925f8
0x412cc0,0x25ce5ce73d28
0x46d743,0x761845cabcb8
0x463aa3,0x25ce5ce7bdbc
0x4602e0,0x25ce5ce7bf40
0x409eee,0xc8d28222778
0x53cacd,0xafd74f958fe8
0x45ff7a,0xcc2ca38e09bc
0x4608f0,0x932ec40465b8
0x47338d,0x25ce5ce7dc6c
0x46d18d,0x6c6f1e4c5a80
0x46d75a,0x54c453211e20
0x46d18d,0x878ddf9f8980
0x45ff56,0xbf7dd5f3a4d0
0x47338d,0x25ce5ce91c7c
0x412743,0x25ce5ce92ec8
0x46d151,0xafd74f980988
0x412cc0,0x25ce5ce96768
0x412cc0,0x54c453218fd8
0x4608f0,0x932ec4071c68
0x412cc0,0x25ce5ce9ed58
0x45ff62,0x4741a6420180
0x46d18d,0xcd28e5808ba0
0x443d2b,0x761845cb9131
0x412743,0x25ce5cea5708
0x53cacd,0xca49da3ac648
0x5405e9,0xb381a39fb8
0x463e27,0x25ce5cea7c40
0x45ff7a,0x761845cc572c
0x443d2b,0x743fcfb83111
0x53cacd,0xca49da411e18
0x412743,0x25ce5ceac1c8
0x473397,0x25ce5ceb2e88
0x45fece,0xa1abd7fe5120
0x443d2b,0x761845cc08f1
0x53cb5b,0xa040f2234f88
0x45ff7e,0x34a0172f910c
0x460050,0x761845cc2770
0x46d18d,0x7ebb3c862770
0x45ff4d,0x6c537038dfc8
0x4602e0,0x25ce5cebbdb0
0x46091a,0xd4cb943c98f8
0x46d773,0x7cb731ac10c0
0x46091a,0xff3c8d611348
0x412755,0x998897f67280
0x5405e9,0x998897f67238
0x46d75a,0x25ce5cec08f0
0x412cc0,0x25ce5cec09a8
0x4608f4,0xa040f21c6380
0x409edb,0xaff5007fed78
0x47338d,0x25ce5cec510c
0x412c87,0x25ce5cec7228
0x411557,0x25ce5cec728c
0x45ff56,0x34a01730cda0
0x443d2b,0xd29ae09d6431
0x46091a,0x998897f8dff8
0x46d151,0xcd28e5730f88
0x46001c,0xafe0999d0f90
0x46d743,0xcd28e57a63b8
0x5405e9,0xcc2ca37f6778
0x412743,0x25ce5cec47e8
0x47338d,0x25ce5ced0f8c
0x53cacd,0xb7ac7a988b88
0x47338d,0x25ce5ced137c
0x473397,0x25ce5ced1398
0x46d773,0x25ce5cdb2e80
0x412755,0xcc2ca3847280
0x5405e9,0xcc2ca3847238
0x46d75a,0x25ce5cee08e0
0x412cc0,0x25ce5cee0998
0x46d773,0xd29ae09dbd80
0x46d75a,0x25ce5cedebd0
0x412743,0x25ce5ceded68
0x443d2b,0x34a0172f31d1
0x4608f0,0xafd74f96e828
0x443d2b,0x1caddee60991
0x463e27,0x25ce5cee7cd0
0x412755,0xcd28e5891c50
0x47338d,0x54c45323510c
0x46d181,0xafd74f954700
0x46d743,0x25ce5cdb31f8
0x46d75a,0x25ce5cd78ff0
0x46d18d,0xce1384f95270
0x412cc0,0x25ce5cef25e8
0x53cb5b,0x49950aa608f8
0x46d75a,0x25ce5cef1e00
0x53cb5b,0x71d5f3f25a88
0x46d729,0xd69328736748
0x46d743,0xd9e9d6605738
0x45ff7a,0xa6786496b3ac
0x45ff7e,0x34a01736638c
0x45ff7e,0xaa4a5bd7a4cc
0x46001c,0xaa79a92e0d40
0x412743,0x25ce5cf047d8
0x46d193,0xff3c8d62bcb0
0x53cb5b,0x7424745b4708
0x47338d,0x25ce5cf0721c
0x45ff56,0x25ce5cdb8fc0
0x463e27,0x25ce5cf008d0
0x411557,0x25ce5cf0c1cc
0x4608f4,0x28d7cf4e47c0
0x4608f0,0x8876f2fc5338
0x46d743,0x34a01730b578
0x443d2b,0x34a01730c651
0x47338d,0x25ce5cf11c6c
0x46d75a,0x25ce5cf13d20
0x46d729,0xcc2ca37e7a08
0x46d193,0x7ebb3c8665b0
0x463aa3,0x25ce5cf10fbc
0x4608e7,0x25ce5cf15138
0x47338d,0x25ce5cf1524c
0x46091a,0xd69328751e18
0x443d2b,0x34a017311371
0x412cc0,0x25ce5cf18998
0x46d773,0x34a017311e20
0x46091a,0xca49da3ac1d8
0x46d773,0x34a0173125e0
0x460950,0xf848bcf15130
0x53cb5b,0xf848bcf15258
0x47338d,0x25ce5cf1c50c
0x46d75a,0x25ce5cf223c0
0x412768,0x25ce5cf25708
0x53cacd,0x8876f2fd4718
0x4608f0,0xb1739fbd0fa8
0x4602e0,0x25ce5cf27c70
0x412743,0x25ce5cf27cd8
0x45fece,0xc9394d385130
0x53cb5b,0xf5d9bcfc65b8
0x412cc0,0x25ce5cf2c1d8
0x46091a,0x998897fd4728
0x46001c,0xafd74f974710
0x460050,0x25ce5ce6c1f0
0x45ff89,0x34a0173931c0
0x45ff56,0x34a017395130
0x412768,0x25ce5cf30f88
0x45ff62,0x34a017322760
0x412c87,0x25ce5cf3ebe8
0x46d729,0xf848bcf54f88
0x5405e9,0xb7ac7a9c23f8
0x443d2b,0xa040f20b0fb1
0x4608f0,0xce1384fba4c8
0x473397,0x25ce5cf47208
0x45fece,0xff25d82731c0
0x463e27,0x9e9c4d8da4f0
0x53cacd,0xcd28e577ebf8
0x53cacd,0xf5d9bd010998
0x46d729,0xf848bcf80988
0x4602e0,0x38cf9ad50fa0
0x463a8d,0x34a01732c668
0x46d18d,0xcc2ca3853d10
0x46d75a,0x38cf9ad56740
0x4608f0,0xb7ac7a9f31c8
0x46d773,0x34a01732e800
0x53cb5b,0xbf7dd5fac1c8
0x45ff7e,0x34a017336c0c
0x443d2b,0x34a0173325f1
0x46d151,0x71d0d5a39108
0x46d773,0xcd28e5814700
0x53cb5b,0x5115331410e8
0x409edb,0x1a64fc5d1388
0x409eee,0x1a64fc5d1378
0x4602e0,0xb24660e810c0
0x47338d,0xb24660e85a9c
0x4115a9,0xb24660e87200
0x46001c,0x28d7cf5b8980
0x412743,0xb24660e898f8
0x46d773,0x99d8269e1c60
0x53cacd,0xce13851023c8
0x46091a,0x1a64fc5ec678
0x473397,0xb24660e93d18
0x463a8d,0xa040f20872a8
0x460050,0xa040f2087230
0x412c87,0xb24660e99108
0x46d18d,0x66598a7d8fc0
0x4608f0,0xf5d9bcfc5318
0x47338d,0xb24660e9dc7c
0x412719,0xb24660e9ed48
0x46d75a,0xb24660e95240
0x443d2b,0x34a0173411b1
0x46d18d,0xaff500799f80
0x409edb,0xd9e9d664c678
0x412c87,0xb24660ea08d8
0x4602e0,0xb24660ea09a0
0x4608f4,0xcd28e5868b80
0x45ff7e,0x34a01734c64c
0x4602e0,0x7dd1755f4f80
0x45ff7a,0x998897fd513c
0x46d75a,0xb24660ea7a10
0x47338d,0xb24660ea7c4c
0x46d18d,0x71d5f3e8dfd0
0x46d75a,0xb24660ea8bb0
0x473397,0xb24660eac1c8
0x45ff7e,0xfaef35a125ec
0x45ff4d,0x28e837c9ed78
0x4608f0,0xbcd57edf4fa8
0x463e27,0xb24660eab570
0x45ff56,0xd79e62bab540
0x45ff62,0x34a017353d00
0x463e27,0xb24660eb1e10
0x4608f0,0xb7ac7a9cd7b8
0x53cacd,0xf5d9bd08b3a8
0x473397,0xb24660eb3558
0x47338d,0xb24660ea98fc
0x4608f0,0xf5d9bd007cc8
0x45ff89,0x8c6c7d93540
0x45ff62,0x761845c55260
0x443d2b,0x1caddee7e531
0x45ff62,0x8c6c7d94f90
0x443d2b,0x34a01734d7b1
0x46d773,0xcd28e5843100
0x463aa3,0xafb8e5d408fc
0x412c87,0xafb8e5d409b8
0x5405e9,0xf5d9bd0a3138
0x45ff7e,0x34a01735640c
0x45ff7a,0x34a017370f9c
0x45ff62,0x270fe393560
0x463e27,0x80a6daa65a90
0x47338d,0x80a6daa6728c
0x5405e9,0xb7ac7aa063b8
0x47338d,0x80a6daa6b3ac
0x443d2b,0x1caddee81c71
0x47338d,0x80a6daa70fbc
0x463aa3,0x80a6daa72ecc
0x45ff56,0xf5d9bcff5100
0x443d2b,0xb4165fa9dc61
0x45ff7e,0x8c6c7dabcbc
0x53cacd,0xe7c8f385118
0x46d729,0xce1385099f88
0x46001c,0x28d7cf582778
0x45ff56,0x34a017367a30
0x45ff90,0xdc4761a25700
0x412cce,0x80a6daa7ed51
0x412cc0,0x80a6daa71368
0x4115a9,0x80a6daa71380
0x45ff62,0x34a0173d0990
0x4115a9,0x80a6daa87200
0x4602e0,0x80a6daa8b390
0x47338d,0x80a6daa8b56c
0x53cacd,0xce1384f95118
0x45ff56,0x998897f68bb0
0x45ff56,0x1719cc725e0
0x463aa3,0x80a6daa925cc
0x45ff56,0xc8d28351340
0x46d181,0xaff5007e6380
0x5405e9,0xd79e62b05338
0x45ff7e,0xbf7dd603099c
0x45ff62,0xa040f20a23c0
0x53cb5b,0x28d7cf583118
0x46091a,0x5115330cbcb8
0x46d773,0x34a017368bb0
0x443d2b,0x34a0173698c1
0x4602e0,0x80a6daaa65b0
0x412755,0x7ff68728bc90
0x47338d,0x80a6daaabc9c
0x45fef6,0xff25d8251c40
0x45ff7a,0xecc2f022018c
0x46d18d,0xf5d9bd12b380
0x45ff7a,0xe7c8f3a09bc
0x473397,0x80a6daab0998
0x53cb5b,0xcc2ca38b8fd8
0x53cb5b,0xf5d9bd134708
0x45ff56,0x34a0173810d0
0x443d2b,0xc8d282d3d11
0x411557,0x80a6daac018c
0x463a96,0xcc2ca38d8980
0x412743,0x80a6daac5108
0x412cce,0x80a6daac6391
0x53cacd,0x11faa172bc88
0x443d2b,0xfaef35b27c71
0x463aa3,0x80a6daad25dc
0x4608f0,0x5115330f5128
0x46d193,0xcd28e575e530
0x53cacd,0x2e448db4e818
0x4608f0,0xf5d9bd0b8fc8
0x46d75a,0x80a6daad8ff0
0x46091a,0x7ebb3c819138
0x4602e0,0x80a6daad6410
0x53cacd,0x2c2cbb4bbda8
0x463a8d,0x34a0173808f8
0x412743,0x80a6daaded48
0x46d75a,0x80a6daaeb560
0x53cacd,0x28d7cf594f98
0x46091a,0xab2ecf3925f8
0x45ff89,0xaa4a5bd72e80
0x443d2b,0xa040f20e7c71
0x409edb,0xa040f21d8ff8
0x4602e0,0x80a6daaf6c10
0x4608f0,0xa040f2056768
0x46091a,0x7ebb3c835278
0x463aa3,0x80a6daaf911c
0x45ff7e,0x9895a7c8d7ac
0x53cb5b,0x203e00140d48
0x411557,0x80a6daafa4cc
0x45ff56,0x34a0173b9fb0
0x45ff7e,0x8c6c7d0cdac
0x45ff62,0x99d8269cc1c0
0x46001c,0xff25d823bd80
0x46d773,0x34a017391c70
0x412768,0x80a6dab05a88
0x45ff62,0x8c6c7d1dc50
0x4608f0,0xb7ac7a9a0d68
0x5405e9,0xcd28e577ed78
0x45ff56,0x8f7ac3971380
0x412755,0x11faa1773550
0x412768,0x80a6dab0c648
0x412cce,0x80a6dab0e811
0x45ff56,0x9895a7c47210
0x4608f0,0xf5d9bd111c78
0x46001c,0xce13850eb568
0x463aa3,0x80a6dab1134c
0x45ff62,0x3a0447275240
0x45ff62,0xbf7dd5e5ed60
0x46d75a,0x80a6dab113a0
0x4602e0,0x80a6dab1c500
0x46d75a,0x80a6dab1e520
0x46d18d,0x7cb731920980
0x45ff7a,0xbf7dd5e54f8c
0x46091a,0x11faa179c538
0x47338d,0x80a6dab265ac
0x53cacd,0x7cb731927288
0x412cc0,0x80a6dab27a08
0x47338d,0x80a6dab27c5c
0x46d75a,0x80a6dab1dc40
0x4608f0,0xce13850063b8
0x4602e0,0x80a6dab2b3a0
0x47338d,0x80a6dab2b57c
0x409eee,0x7ebb3c7f6778
0x463a96,0x557be3012ef0
0x473397,0x80a6dab33558
0x463e27,0x80a6dab35250
0x45ff56,0x8c6c7d36420
0x412755,0x7cb731a53d00
0x45ff62,0x34a0173ac660
0x45ff7e,0xb4165f8edfcc
0x443d2b,0x34a0173a7281
0x463aa3,0x80a6dab3e53c
0x409edb,0xd79e62ab1368
0x53cacd,0xd79e62ab1388
0x46001c,0xff25d81febc0
0x45ff62,0xb4165f8f3d10
0x45ff7e,0xb4165f8f471c
0x46d75a,0x80a6dab411a0
0x412cc0,0x80a6dab48bb8
0x463e27,0x80a6dab4dfd0
0x53cb5b,0x11faa17d9138
0x53cb5b,0x66598a756768
0x412768,0x80a6dab51c48
0x4602e0,0x80a6dab52ec0
0x4608e7,0x80a6dab52eb8
0x53cacd,0xca49da340d78
0x443d2b,0x34a0173b3551
0x412c87,0x80a6dab56778
0x4608f0,0xf5d9bd198988
0x5405e9,0x7cb731956438
0x53cacd,0xd693286febd8
0x46d75a,0x80a6dab60180
0x4608e7,0x80a6dab623f8
0x45ff56,0xbf7dd5ec2750
0x412768,0xc6aa2d594708
0x412755,0x99d826a023d0
0x46001c,0xbf7dd60209b8
0x5405e9,0x28e837cf1c78
0x5405e9,0x7cb7319601b8
0x409eee,0x11faa17febf8
0x5405e9,0x7cb7319611b8
0x46d75a,0x8d6838735120
0x4602e0,0x8d6838735250
0x46d75a,0x8d6838736410
0x4608f0,0xa1abd7fddc68
0x473397,0x80a6dab61c48
0x46d193,0x7cb731967230
0x412cce,0x761845c51e11
0x412768,0x761845c531c8
0x412768,0x761845c59108
0x53cb5b,0x7cb731973d18
0x46d729,0xc8d281c5108
0x47338d,0x761845c5ebdc
0x46091a,0x4741a6425138
0x46d773,0x34a0173c47c0
0x47338d,0x761845c6531c
0x463a8d,0x34a0173c7ce8
0x460050,0x34a0173c7c70
0x4608e7,0x761845c5a4f8
0x53cb5b,0x7cb73197ebc8
0x46001c,0x66598a754fa8
0x4608f0,0xd79e62b13558
0x412cce,0x761845c731d1
0x473397,0x761845c76c18
0x47338d,0x761845c74fbc
0x46d75a,0x761845c79fa0
0x463aa3,0x761845c7c52c
0x46d773,0x34a0173d1350
0x46d18d,0x7cb7319925e0
0x53cb5b,0xbf7dd5fc10e8
0x46d773,0xb7ac7a94c1d0
0x47338d,0x34a0173e7a34
0x45ff7a,0xaf7e60c51e2c
0x46d18d,0x7cb731a95110
0x4602e0,0x34a0173ecdb0
0x463a96,0x557be2ff8fc8
0x46d743,0xc8d281801b8
0x4106a7,0xf5d9bd00c1c8
0x53cb5b,0xca49da381c48
0x45ff7a,0x5b4487bd1c7c
0x46001c,0xa040f20fdc50
0x410b90,0x93428dc65a88
0x463a8d,0x25ce5ced5138
0x47338d,0x9bdc4347ed74
0x410887,0x9bdc4347ebd0
0x46d15e,0xaf7e60c51c70
0x53cb5b,0x7cb731aab558
0x463e27,0x9bdc434865a0
0x45ff7e,0x998897fd513c
0x42ccad,0x66598a7cb3a0
0x46d15e,0x67b1c33c08c0
0x410c00,0x9bdc434a08d8
0x410b32,0x9bdc434a7cc0
0x410c00,0x9bdc434a7c78
0x412c87,0x9bdc434ab578
0x473397,0x9bdc434b1e00
0x410887,0x9bdc434b1c40
0x42ccad,0x878ddfa01c60
0x47338d,0x9bdc434b5124
0x47338d,0x9bdc434b525c
0x412cc0,0x9bdc434bdc58
0x410800,0x28d7cf5d31e0
0x53cb5b,0x7cb731accdb8
0x53cb5b,0x41d09e9d9128
0x410c00,0x9bdc434d31c8
0x473397,0x9bdc434d3548
0x53cacd,0x878ddfa3ebc8
0x46d75a,0x9bdc434da4f0
0x45feea,0x782cd20e7ccc
0x410800,0xd79e62b07cf0
0x53cacd,0x878ddf9f8fc8
0x53cb5b,0x49950ab36408
0x47338d,0x9bdc434fa4d4
0x46001c,0x41d09e9a5728
0x412c87,0x9bdc434fdc78
0x473397,0x9bdc43500980
0x53cacd,0x28e837cf5248
0x410c00,0x9bdc43503118
0x46d18d,0x98f5690d6420
0x42ccad,0xe8035e45a4d0
0x463a96,0x557be2ffbf40
0x41091b,0xcc2ca3791c48
0x460050,0xaa4a5bd73570
0x47338d,0x9bdc435247ec
0x443d2b,0x1caddeec8bb1
0x443d2b,0x1caddeec98e1
0x410887,0x9bdc435298d0
0x410b90,0x9bdc4352c1c8
0x412cc0,0x9bdc4352e808
0x53cacd,0xd79e62ac7cc8
0x463a8d,0xfafbfaae7238
0x45ff62,0x270fe393560
0x463a8d,0xaa4a5bd7bf68
0x473397,0x9bdc4353c518
0x5405e9,0x71d5f3e07c78
0x410b90,0x9bdc43541188
0x46001c,0xce13850acd88
0x4106a7,0x28d7cf418988
0x410700,0x9bdc43552e80
0x53cb5b,0xcc2ca3865718
0x463aa3,0x9bdc4355471c
0x53cb5b,0x71d5f3eb6778
0x42ccad,0x71d5f3ff0f80
0x45feea,0xab2ecf43099c
0x53cacd,0xcc2ca3842748
0x46d18d,0x71d5f3f1c500
0x45fece,0x255430293560
0x460050,0x8c6c7cb9130
0x410887,0x9bdc43566390
0x42ccad,0xcc2ca37e47c0
0x443d2b,0x1caddeed6771
0x47338d,0x9bdc43572efc
0x53cb5b,0x71d5f3f9a4d8
0x53cb5b,0x71d5f3ef8988
0x53cb5b,0x71d5f3fddc68
0x463aa3,0xe874ed652edc
0x46d773,0x4741a6432ec0
0x410800,0x4741a6432ea0
0x463e27,0xe874ed654710
0x46d75a,0xe874ed660190
0x46001c,0x80f530c4b568
0x412c87,0xe874ed6665b8
0x410b90,0xe874ed66d788
0x53cacd,0xcc2ca38bbf58
0x47338d,0xe874ed680194
0x443d2b,0x1caddeee08d1
0x53cb5b,0xb381a4cd88
0x4115a9,0xe874ed686380
0x47338d,0x6799755b8fc4
0x47338d,0xe874ed6810fc
0x42ccad,0x32bd14b925e0
0x45ff7e,0x8c6c7d08bbc
0x45ff7a,0x8c6c7d0cdac
0x410c00,0x6799755d2ee8
0x410b90,0x6799755d2e88
0x45ff7e,0x8c6c7d0e80c
0x463aa3,0xf0487c4ebcac
0x46d773,0xb1739fbcc1d0
0x42ccad,0xb1739fbd1c70
0x4602e0,0xf0487c4ed7b0
0x53cacd,0xaff50079dc78
0x46d773,0x1719cc66390
0x46d15e,0x8c6c7d07cd0
0x53cacd,0xaff5007a5128
0x45ff7a,0x8d986902b38c
0x47338d,0x3a54ae58cd84
0x46d18d,0x635dff9b1e30
0x45ff56,0x8c6c7d1dc50
0x473397,0x3a54ae590988
0x443d2b,0x71d0d5976c21
0x410887,0x3a54ae593d10
0x47338d,0x3a54ae596c34
0x463aa3,0x3a54ae59bdac
0x410c00,0x3a54ae59bf48
0x473397,0x3a54ae59dc48
0x46d75a,0x3a54ae5ae830
0x410c00,0x3a54ae5b1358
0x410b32,0x3a54ae5b13a0
0x410c00,0x3a54ae5b3548
0x46001c,0x28d7cf5208f8
0x410800,0x3a044724bca0
0x47338d,0x3a54ae5bbf4c
0x412cc0,0x3a54ae5be538
0x42ccad,0x4d2bb47c5100
0x46d743,0x8c6c7d32ef8
0x410c00,0x3a54ae5d9138
0x42ccad,0x71d5f3e1ebf0
0x45ff7e,0x80f530c05abc
0x46d18d,0x28d7cf4fbf60
0x47338d,0x3a54ae5e7a3c
0x463a8d,0x7cb731983138
0x463aa3,0x3a54ae5f1c6c
0x410c00,0x3a54ae5f1e08
0x412cc0,0x3a54ae5f6758
0x443d2b,0x1f2cbdc93d31
0x412c87,0x3a54ae5fbf48
0x53cacd,0x66598a7b2e98
0x53cb5b,0x66598a7b2ed8
0x46001c,0xff3c8d5d1e18
0x412cc0,0x3a54ae6063a8
0x47338d,0x3a54ae606594
0x46d773,0xbf7dd5e663a0
0x443d2b,0x80a6dab5dc51
0x46000d,0x8e9578f7c538
0x412cc0,0x3a54ae60e838
0x46d773,0xbf7dd5e7bf70
0x410c00,0x3a54ae61bd88
0x53cb5b,0xd79e62a8e838
0x410b32,0x3a54ae6247f0
0x4106a7,0xbf7dd5e93d08
0x47338d,0x3a54ae6263b4
0x45ff62,0x7ebb3c7d5130
0x42ccad,0xd79e62b531c0
0x45ff7e,0x71d5f3e7356c
0x412c87,0x3a54ae630fb8
0x460050,0x9895a7d589b0
0x47338d,0x3a54ae641c74
0x47338d,0x3a54ae645724
0x53cb5b,0xbf7dd5ec1188
0x443d2b,0xbf7dd5e7a4c1
0x45ff7e,0xff25d8267cfc
0x443d2b,0x8c6c7d71351
0x45ff89,0x8c6c7d93540
0x463e27,0x3a54ae652ec0
0x47338d,0x3a54ae651364
0x473397,0x3a54ae651380
0x46d18d,0x2c2cbb530f90
0x46d75a,0x3a54ae658ff0
0x463a96,0x2c2cbb5423c0
0x46d743,0x8c6c7d74fb8
0x412cc0,0x3a54ae65c518
0x463e27,0x3a54ae65ebe0
0x42ccad,0x71d5f3e8c1f0
0x46d743,0x8c6c7d801b8
0x463e27,0x3a54ae6698d0
0x443d2b,0x8c6c7d811a1
0x410b32,0x3a54ae66c640
0x463e27,0x3a54ae675240
0x45ff62,0x761845c55260
0x45ff56,0x8c6c7d94f90
0x410800,0x71d5f3e4c670
0x46d773,0x71d5f3f21c70
0x473397,0xd7ad1aaacd90
0x47338d,0xd7ad1aaae804
0x463a96,0x2c2cbb542748
0x4106a7,0x2c2cbb5c5108
0x47338d,0xd7ad1aab0f8c
0x46d15e,0xcc2ca38c08c0
0x410b32,0xd7ad1aabbd90
0x47338d,0xd7ad1aabbf74
0x53cacd,0xbf7dd5f96c18
0x443d2b,0x8c6c7d95121
0x443d2b,0xb422426e1c41
0x53cb5b,0xd79e62bcbca8
0x463e27,0xd7ad1aacc650
0x47338d,0xd7ad1aad6754
0x42ccad,0xbf7dd5fc11a0
0x410725,0xd7ad1aadc500
0x46d18d,0xd79e62c4e820
0x410b32,0xd7ad1aae5700
0x45ff89,0xdc4761a25700
0x412cc0,0xd7ad1aaec668
0x47338d,0xd7ad1aaf1e1c
0x473397,0xd7ad1aaf4700
0x42ccad,0xbf7dd5feb380
0x463e27,0xd7ad1aaf6c20
0x45ff56,0x28d7cf582778
0x45ff7a,0xecc2f0211e2c
0x412cc0,0xd7ad1aaf89a8
0x45ff56,0xc8d28351340
0x47338d,0xd7ad1ab02744
0x411557,0xd7ad1ab11c4c
0x47338d,0xd7ad1ab11e24
0x45ff56,0x1719cc725e0
0x410887,0xd7ad1ab19110
0x46d151,0xdc4761a87288
0x46d15e,0xecc2f0211c70
0x47338d,0xd7ad1ab2018c
0x53cacd,0xbf7dd602dfd8
0x4602e0,0xd7ad1ab247f0
0x463a8d,0xecc2f02125f8
0x412cc0,0xd7ad1ab27208
0x410c00,0xd7ad1ab27298
0x412cc0,0xd7ad1ab2cda8
0x410c00,0xd7ad1ab2e818
0x463e27,0xd7ad1ab32eb0
0x47338d,0xd7ad1ab31354
0x410800,0xaa4eb5de1c70
0x53cb5b,0x24d655931c78
0x47338d,0xd7ad1ab33d34
0x443d2b,0xb422426f3551
0x463aa3,0xd7ad1ab3641c
0x460050,0xecc2f0215270
0x46001c,0xbf7dd60408c8
0x410c00,0xd7ad1ab39f98
0x42ccad,0xaa4eb5df3560
0x46d18d,0x28d7cf507cc0
0x45ff7e,0xecc2f022018c
0x412c87,0xd7ad1ab41c58
0x443d2b,0xb422426f6741
0x410700,0xd7ad1ab47200
0x46d18d,0xd7cc94e21c60
0x410c00,0xd7ad1ab55128
0x46d181,0xdd2838a423c0
0x42ccad,0x1719cc95240
0x410c00,0xd7ad1ab67c68
0x410700,0xd7ad1ab67cc0
0x53cacd,0xc8d2817bd98
0x412c87,0xd7ad1ab6dff8
0x410725,0xd7ad1ab73d00
0x46d181,0x557be30b1340
0x463e27,0xd7ad1ab810d0
0x46d773,0xc8d281a3120
0x46d15e,0xecc2f022c640
0x47338d,0xd7ad1ab87a04
0x463a96,0xcc2ca38d8fd8
0x412cc0,0xd7ad1ab9e518
0x463e27,0xd7ad1aba1c40
0x47338d,0xd7ad1aba01b4
0x410b32,0xe89031c99130
0x473397,0xe89031c9dc40
0x45ff7a,0x9895a7c8d7ac
0x463e27,0xf4a57b09ebf0
0x473397,0xe89031ca1180
0x463a8d,0x8f7ac3971368
0x409eee,0xc8d28202778
0x46d18d,0xf775d3179130
0x463aa3,0xf4a57b0a63ac
0x410b32,0xf4a57b0a6590
0x46d773,0x511533133560
0x443d2b,0xb42242711c61
0x412cce,0xf4a57b0bc511
0x46d18d,0xa678649513a0
0x42ccad,0x878ddfa210c0
0x46d773,0x71d5f3e2b570
0x4115a9,0xf4a57b0ccd80
0x53cacd,0xc8d2824b548
0x46d151,0x11faa185ed48
0x463aa3,0xf4a57b0e658c
0x53cb5b,0xbf7dd6002748
0x46001c,0xcc2ca38d2ee8
0x45ff56,0xb4165f8f3d10
0x410c00,0xf4a57b0f3d28
0x45ff62,0xff25d81febc0
0x410b32,0xf4a57b0f6750
0x443d2b,0xb4165f9ecdb1
0x46001c,0x66598a7a0188
0x46d75a,0xf4a57b0f9fa0
0x45ff7a,0xb4165f8f471c
0x41091b,0x49950ab2c648
0x412cc0,0xf4a57b1047d8
0x5405e9,0xc8d28299fb8
0x46001c,0x8a4feef52ec8
0x47338d,0xf4a57b1063a4
0x47338d,0xf4a57b1065ac
0x463a96,0x71d0d59b9110
0x5405e9,0xc8d282a1c78
0x410c00,0xf4a57b10c658
0x46d18d,0xce1384f73540
0x463e27,0xf4a57b111e20
0x53cb5b,0xc8d2836d7b8
0x46d193,0xedc51a8ebcb0
0x410b32,0xf4a57b11e530
0x46d773,0xc8d282c0990
0x47338d,0xf4a57b12d7a4
0x412cc0,0xf4a57b130f98
0x42ccad,0x66598a799100
0x45ff56,0xbf7dd5ec2750
0x46d18d,0xc8d28336c30
0x47338d,0xf4a57b134704
0x41091b,0x878ddf9d9108
0x46d743,0xb4165f900d78
0x46d18d,0xd9e9d65febd0
0x410c00,0xf4a57b145328
0x443d2b,0xb4224272bca1
0x412cc0,0xf4a57b14c658
0x443d2b,0xb4224272c661
0x45ff90,0xb4165f912e80
0x410725,0xf4a57b153540
0x463a8d,0xb4165f905ab8
0x5405e9,0xce1384fa3138
0x45ff56,0x66598a754fa8
0x46001c,0x7cb73196e818
0x473397,0xf4a57b167cc8
0x412cc0,0xf4a57b16c1e8
0x443d2b,0xb42242733541
0x47338d,0xf4a57b170fbc
0x53cacd,0xaf4780c8e808
0x412c87,0xf4a57b173558
0x45ff90,0xab2ecf3ae800
0x46d773,0xcc2ca38389b0
0x53cacd,0xcc2ca36edfc8
0x53cb5b,0xbcd57edfbd98
0x443d2b,0xb4165f911391
0x47338d,0xf4a57b188b84
0x411557,0xf4a57b18b38c
0x47338d,0xf4a57b18b564
0x53cb5b,0x66598a82dfc8
0x45fece,0x11e281e05700
0x45ff4d,0x28e837c8d788
0x410b32,0xf4a57b1931f0
0x410887,0xf4a57b196c10
0x46d15e,0xb4165f915120
0x463aa3,0xf4a57b19bdac
0x410c00,0xf4a57b19bf48
0x473397,0xf4a57b19ed58
0x46d18d,0x2c2cbb5e08d0
0x53cacd,0x2c2cbb5e0988
0x46d773,0x71d5f3e9bf40
0x46d773,0xff3c8d5f4fb0
0x463a8d,0xb4165f91dc78
0x412cce,0xaf7e60c4cd91
0x443d2b,0xb4224273dc71
0x42ccad,0x878ddfa32ea0
0x53cacd,0x878ddfa32ec8
0x410800,0x66598a847c70
0x53cb5b,0x7cb731ab5128
0x45ff7e,0x8d986902b38c
0x410c00,0xaa4a5bd47208
0x410887,0xaa4a5bd47290
0x46d773,0xfc47cbc2d790
0x412cce,0xaa4a5bd4cd91
0x412cc0,0xaa4a5bd4d7a8
0x46d773,0xd9e9d65e1190
0x53cacd,0xd6932878b568
0x463a96,0x557be2ffbda0
0x45ff7a,0xf848bcf16c0c
0x443d2b,0xb422427447d1
0x473397,0xaa4a5bd6e810
0x45fece,0xc8d281dbf60
0x412c87,0xaa4a5bd70f98
0x47338d,0xaa4a5bd71c64
0x443d2b,0xb4165f92c1e1
0x46d15e,0xb4165f92cd80
0x473397,0xec9543a10f98
0x47338d,0xec9543a12ed4
0x42ccad,0x71d5f3fd5120
0x53cacd,0x5829a6ee98d8
0x410c00,0x8c6c7cad798
0x46d18d,0xcd28e578dfd0
0x410887,0x9bdc43535110
0x45ff7a,0xb4165f93898c
0x47338d,0x8c6c7cb470c
0x46d18d,0xcd28e5792ec0
0x46d193,0xcd28e5792eb0
0x473397,0x8c6c7cb5108
0x410725,0x8c6c7cc47c0
0x473397,0x8c6c7cc6390
0x412c87,0x8c6c7cc7a28
0x47338d,0x8c6c7cc7c64
0x463a96,0x7ebb3c7e47c0
0x46d15e,0xb4165f9313a0
0x45ff7e,0xbf7dd5e54f8c
0x46d15e,0xb4165f9331f0
0x410c00,0x8c6c7cd6c18
0x53cb5b,0xa980922fdc68
0x47338d,0x8c6c7cd9134
0x463e27,0x8c6c7ce98d0
0x463aa3,0x8c6c7cec1cc
0x53cb5b,0xce1384fb25d8
0x46d773,0xce1384ff4710
0x463a8d,0xd9e9d6650fa8
0x45fece,0x28d7cf501180
0x4106a7,0xd9e9d65ebc88
0x443d2b,0x7cb73191bf41
0x46d18d,0xcd28e57b6410
0x410c00,0x8c6c7d02758
0x443d2b,0x974dbe42b571
0x460050,0xbf7dd5f423f0
0x443d2b,0x25ce5cdb6401
0x410c00,0x8c6c7d11e28
0x53cb5b,0x49950aa50f98
0x4115a9,0x8c6c7d14f80
0x463e27,0x25ce5cf33d10
0x45ff56,0xfdfd3a8c3130
0x46d773,0xd6fa9538b560
0x463a96,0x557be30047d8
0x47338d,0x8c6c7d2bc94
0x410c00,0x8c6c7d41c68
0x42ccad,0x99d8269ed7b0
0x42ccad,0xcd28e5828bb0
0x410700,0x8c6c7d56400
0x412cc0,0x8c6c7d58fe8
0x45ff7a,0xcd28e5820d60
0x45ff7e,0xff25d8267cfc
0x4115a9,0x8c6c7d65300
0x46d15e,0xb4165f94dfd0
0x410b32,0x8c6c7d78ff0
0x443d2b,0x9895a7cb9fb1
0x53cacd,0x28d7cf419fb8
0x53cb5b,0xcc2ca37cdff8
0x463aa3,0x8c6c7d7c50c
0x463e27,0x8c6c7d7ed40
0x53cb5b,0xcd28e5800198
0x46001c,0x8414a34dc508
0x45ff62,0x11e281df9100
0x463a96,0x2c2cbb542748
0x45ff90,0x66598a7ba4c0
0x409eee,0x11e281df5278
0x53cacd,0xcd28e5802778
0x410b32,0x8c6c7d8e800
0x46d743,0xb4165f953d38
0x45ff7e,0xc911b24da4cc
0x47338d,0x8c6c7d92eec
0x53cacd,0xa1abd7fded58
0x45ff7e,0xca49da3c8b8c
0x53cacd,0x2c2cbb614738
0x45ff56,0x28d7cf5b8980
0x47338d,0x8c6c7da1c7c
0x53cb5b,0x28e837cabca8
0x463aa3,0x8c6c7da65bc
0x47338d,0xecc2f02063ac
0x42ccad,0x71d5f3eb0f80
0x45ff90,0xbf7dd5ef25c0
0x45ff7e,0xc8d282401ac
0x46d75a,0xecc2f020cda0
0x45ff62,0x66598a7e7290
0x45ff62,0xc8d282a5a80
0x45ff62,0x66598a795130
0x47338d,0x4d2bb47d9fbc
0x463a96,0x5115330ccd80
0x463aa3,0xb381a3bf4c
0x463e27,0xb381a3bda0
0x463e27,0xb381a46380
0x46d75a,0xb381a46580
0x412755,0xf5d9bd080980
0x443d2b,0x4741a6413551
0x463aa3,0xb381a4e81c
0x412719,0xb381a51c48
0x46091a,0x11faa17f4728
0x46d773,0x4741a6414f80
0x5405e9,0x11faa1851e38
0x45ff7e,0x99d8269f472c
0x45fece,0x635dff9cbc90
0x45ff4d,0x28e837c9ed78
0x45ff62,0x11faa17b6c10
0x412c87,0x11e281e047d8
0x53cacd,0x7cb7319a47f8
0x45ff56,0x71d0d593a4f0
0x443d2b,0x32bd14b96c31
0x409edb,0x11faa185c538
0x46d75a,0xc1b5f0189b0
0x47338d,0x69dd93b79fac
0x45ff62,0x80f530c4b568
0x412c87,0xe470055f25d8
0x46d773,0xcc2ca38ecda0
0x46d773,0xb381a53560
0x53cb5b,0x71d5f3ee1c48
0x443d2b,0xc5e52af68b91
0x45ff7a,0xcc2ca38e09bc
0x45ff7e,0xc8d2835356c
0x45ff56,0xd9e9d66b1360
0x443d2b,0xc5e52af709b1
0x463a96,0xdd2838a59108
0x47338d,0xc5e52af7642c
0x45ff56,0xbf7dd5e5ed60
0x45ff62,0x3a0447275240
0x4602e0,0x133ad1cacd90
0x46d18d,0x7cb7319c0d40
0x45ff7e,0xbf7dd5ee7cec
0x45ff4d,0x6c537038d7a8
0x412768,0x1719cc5dc48
0x409edb,0xcd28e5816418
0x412755,0xcd28e57ee810
0x45ff90,0xff25d8251c40
0x53cacd,0xff3c8d613d38
0x45ff56,0xbf7dd6027cc0
0x45ff7a,0xbf7dd6027c6c
0x47338d,0x1719cc7dc5c
0x46d151,0x7cb7319d0f88
0x45ff56,0xe7c8f3823c8
0x409edb,0x2c2cbb474738
0x409edb,0x11faa1891c48
0x45ff4d,0x66598a7810c0
0x45ff4d,0x66598a7a1180
0x412755,0x11faa18925c0
0x46d773,0x8d98690272a0
0x4608f0,0x4741a643e508
0x45ff62,0xff25d82731c0
0x46d773,0x66598a767220
0x409eee,0x11faa18ad7b8
0x412719,0x54962a2c08c8
0x412768,0x54962a2c0988
0x53cb5b,0x7ebb3c84c658
0x45ff62,0x7ebb3c7d5130
0x53cb5b,0x7cb7319e10e8
0x45ff7a,0xab2ecf43099c
0x45ff56,0xcd28e57ce800
0x412cc0,0x3a044724d798
0x411557,0x24d6558ecd8c
0x45ff4d,0x6c537038dfc8
0x412c87,0x3a044725dc78
0x46091a,0xff3c8d60d7a8
0x47338d,0x3a044726513c
0x412c87,0x3a044726b548
0x412c87,0x3a044726e838
0x45ff62,0xa040f2190980
0x45ff89,0x4741a6425700
0x45ff62,0x28d7cf4210c0
0x46d18d,0x7cb731a00d40
0x47338d,0x24d6558f4fbc
0x47338d,0x99d8269d4f8c
0x45ff56,0x2e448db87220
0x463e27,0x99d8269d8fe0
0x412c87,0x99d8269de538
0x53cb5b,0xcd28e5851388
0x443d2b,0x99d8269e7c51
0x409edb,0xce138500dfe8
0x46d18d,0x7cb731a0b540
0x463e27,0x99d826a00180
0x46d181,0x7cb731a16400
0x45ff4d,0x28e837c92eb8
0x45ff4d,0x6c537033c538
0x45ff56,0xcc2ca37a09a0
0x53cb5b,0xe7c8f37bf48
0x463aa3,0xbf7dd5e51c4c
0x412743,0xbf7dd5e51e38
0x4608f0,0x66598a805108
0x45ff62,0x71d0d59247e0
0x412cc0,0xbf7dd5e6e838
0x53cb5b,0x7cb731a263b8
0x45ff4d,0x28e837c92ed8
0x53cb5b,0xa040f21b6c38
0x46d75a,0xbf7dd5e8e830
0x45ff62,0x66598a7ecda0
0x412743,0xbf7dd5e91c58
0x46d18d,0x7cb731a2e820
0x5405e9,0x7cb731a313b8
0x45ff62,0x28d7cf5208f8
0x46d75a,0xbf7dd5e9c500
0x443d2b,0xbf7dd5e54731
0x46d75a,0xbf7dd5ea5a80
0x4608f4,0x6c6f1e4c5100
0x46091a,0xf5d9bd056418
0x46d743,0xbf7dd5e52ef8
0x46d773,0xcdaaa6e309a0
0x46d151,0x7cb731a40d48
0x45ff62,0xcc2ca38e5300
0x45ff62,0xce13850f1340
0x4608f0,0xbf7dd5ebbf68
0x53cacd,0xe7c8f3b5258
0x45ff56,0xbf7dd5e61c70
0x45ff56,0xd79e62b21c70
0x46d193,0xc8d283389b0
0x463aa3,0xdd2838a647dc
0x409edb,0x24d6558cd798
0x443d2b,0xbf7dd5ed2ef1
0x53cb5b,0x7cb731a4cdb8
0x443d2b,0xbf7dd5e8b551
0x463aa3,0xbf7dd5ee11ac
0x45ff56,0xbf7dd60209b8
0x4608f4,0x28e837cf2e80
0x463a8d,0xbf7dd5e7ed68
0x463a8d,0xbf7dd5e9e528
0x5405e9,0xbf7dd5eee838
0x409edb,0x71d5f3ee5718
0x53cacd,0x7cb731a55248
0x463a8d,0xbf7dd5e9dc68
0x45ff62,0xc8d282a5a80
0x4608f0,0xbf7dd5f05318
0x463a8d,0x66598a76b3a8
0x46d75a,0xbf7dd5f247d0
0x4608f0,0xbf7dd5f210d8
0x46091a,0xe7c8f3e47f8
0x473397,0xbf7dd5f408d8
0x47338d,0xbf7dd5f4098c
0x46d18d,0x7cb731a73560
0x463aa3,0xbf7dd5f5471c
0x409edb,0xe470055e7c78
0x46d18d,0xce13851208d0
0x53cacd,0xce1385120988
0x53cb5b,0xe470055e7ce8
0x53cacd,0x7cb731a801a8
0x412c87,0xbf7dd5f610e8
0x4602e0,0xbf7dd5f611b0
0x463aa3,0xbf7dd5f6531c
0x409eee,0x7ebb3c7d1e38
0x45ff56,0x2e448daba4c0
0x46d75a,0xbf7dd5f71c40
0x45ff56,0x878ddfa41c40
0x45eebb,0x28e837ce3118
0x53e487,0x4d2bb47c1c78
0x53e0c1,0x5115330ec1e0
0x448b7a,0xb381a410d8
0x53e487,0xd79e62c27c68
0x4494f2,0xcd28e5767c40
0x4537e7,0xb381a4e81c
0x53e487,0xd9e9d65dc528
0x449502,0xe2032d899104
0x45ee80,0x4d2bb47d1340
0x46d633,0xcd28e576dfc8
0x45fdd7,0xb4165fa58980
0x494c93,0x203e00122778
0x46d633,0xcd28e576e810
0x53e083,0xce13850c08f8
0x448b7a,0x32bd14b93568
0x53df14,0xce13850c09b8
0x53e0c1,0x71d0d5a601b0
0x456269,0xf775d317ebf8
0x456269,0xf775d317ed78
0x4494de,0x7ebb3c7f9100
0x451882,0x203e0012dfe8
0x494c73,0xa040f2151e00
0x494c73,0xbf7dd6007210
0x494c73,0x203e00131c50
0x46d75a,0xf775d3180d70
0x449609,0x71d0d5a3bf58
0x40b657,0xcd28e5787200
0x456198,0x203e001331d8
0x449502,0x932ec402b544
0x53e487,0x7ebb3c845110
0x449609,0x3a044725bd98
0x46d614,0xff25d825ebc0
0x45ee80,0xf775d3181c60
0x45eea0,0xe7454ce5dc68
0x451882,0x203e0013ed58
0x53df14,0xd79e62c4c658
0x494c73,0xff3c8d5d25d0
0x494c73,0xcd28e5816c20
0x447a20,0x3a0447253560
0x456198,0xf775d31847e8
0x53e083,0xce1385127a38
0x4494ea,0x71d5f3e00d48
0x4518c8,0x3a0447254738
0x46d633,0x932ec4087288
0x45fdd7,0x8ac8847725e0
0x46d633,0xcd28e5806588
0x45eeb8,0x24d6558f31e0
0x45eea0,0x24d6558f5138
0x46d75a,0xf775d3187a00
0x53df14,0xff3c8d5fa4c8
0x53e487,0xcd28e58208d8
0x53e0c1,0x7ebb3c88bca0
0x4537e7,0xbf7dd5e51c4c
0x53e487,0xcd28e5825308
0x447a14,0xf775d3188ba4
0x559fe0,0x2c2cbb491e08
0x558f9a,0x92da1fa43120
0x45eea0,0xbf7dd5e731e8
0x53df14,0xcc2ca3876748
0x456269,0xbf7dd5e5dc48
0x494c97,0xdd2838a389b8
0x447a20,0xbf7dd5e99120
0x449680,0x71d0d5a47c70
0x44959d,0x71d0d5a47cc0
0x449502,0xc8d28222778
0x53df14,0xafd74f958fe8
0x46d614,0x6c6f1e4c5a80
0x46d614,0x878ddf9f8980
0x494c73,0x66598a752eb0
0x494c73,0x8a4feef65720
0x494c7e,0x28d7cf42c1f8
0x463a8d,0xbf7dd5e80d60
0x46d75a,0xf775d318bcb0
0x447a20,0xbf7dd5ed1c70
0x42d894,0x92da1fa51348
0x456269,0xbf7dd5ed1358
0x45ee80,0xbf7dd5ed1380
0x449502,0x2c2cbb4d6c04
0x45eea0,0xbf7dd5ee1c68
0x46d633,0xafd74f980990
0x53e0c1,0xcd28e5808ba0
0x494c97,0x11faa172e838
0x494c73,0x66598a830fa0
0x494c73,0x92da1fa55120
0x53e487,0xca49da3ac648
0x45ee80,0xbf7dd5f13540
0x451882,0x92da1fa60998
0x45ee80,0xbf7dd5f33540
0x53e487,0xca49da411e18
0x45ee80,0xbf7dd5f43100
0x53e0c1,0x7ebb3c862770
0x494c73,0x6af9d6d0dfc0
0x42f294,0xf775d318d780
0x42d894,0x66598a7d1e38
0x53e0c1,0xd4cb943c98f8
0x4494f2,0xcd28e579dc40
0x45ee80,0xbf7dd5f5e520
0x46d614,0xff3c8d611340
0x4494ea,0xff3c8d611388
0x448b7a,0xbf7dd5f5ebd8
0x53e083,0x998897f67238
0x4494de,0x998897f67280
0x449502,0xb7ac7a95bf44
0x44952d,0xaff5007fed78
0x451882,0x92da1fa6c668
0x45eea0,0xbf7dd5f713b8
0x45eeb8,0x92da1fa6cd80
0x494c73,0x92da1fa71c70
0x494c73,0x878ddf9e7c70
0x558f9a,0x24d6558d13a0
0x448b5d,0x4d2bb47d31d0
0x463a96,0x5115330ccd80
0x447a20,0xb381a51350
0x4552c0,0x11e281df6414
0x460a83,0xb381a51c48
0x412c87,0x11e281e047d8
0x447a20,0x32bd14b8e830
0x448b63,0x4741a6450f88
0x46d75a,0xc1b5f0189b0
0x448b5d,0x8d9869025730
0x4552b0,0xe470055e98e8
0x412c87,0xe470055f25d8
0x4552b0,0xe470055f2ec8
0x558f9a,0xe470055f2e80
0x45736c,0xcc2ca38ecda0
0x45736c,0xb381a53560
0x4602e0,0x133ad1cacd90
0x411c2e,0x1719cc5dc48
0x45fd16,0x32bd14b87c40
0x558f9a,0x1719cc7bf70
0x4552c0,0x203e00135104
0x558f9a,0x203e00135240
0x448b63,0x66598a767288
0x447a20,0x54962a2b8fd0
0x4552b0,0x54962a2c3138
0x411c2e,0x54962a2c0988
0x460a83,0x54962a2c08c8
0x448b5d,0x1719cc589b0
0x45528e,0x54962a2c7c64
0x4552b0,0x3a0447245718
0x4552b0,0x3a0447247a08
0x411d2f,0x3a0447247210
0x559212,0x3a044724dff0
0x411557,0x24d6558ecd8c
0x448b5d,0x3a0447259110
0x412c87,0x3a044725dc78
0x4552c0,0x3a0447268b84
0x45528e,0x3a044726b384
0x412c87,0x3a044726e838
0x448b5d,0x1719cc90f90
0x45528e,0x3a044727bf44
0x45528e,0x99d8269cb574
0x448b5d,0x1719cc92e90
0x45fd16,0x1719cc92ec0
0x559212,0x99d8269d89a0
0x412c87,0x99d8269de538
0x4552b0,0x99d8269ded48
0x558f9a,0x99d826a00d70
0x448b5d,0x1719cc93d30
0x46d736,0x3a04472623d0
0x4552c0,0xbf7dd5e51344
0x558f9a,0xbf7dd5e513a0
0x4552b0,0x24d6558fc518
0x448b63,0x3a0447276408
0x412cc0,0xbf7dd5e6e838
0x448b5d,0xcdaaa6e31c50
0x4552c0,0xbf7dd5e76404
0x45528e,0xbf7dd5e76c04
0x558f9a,0xbf7dd5e847c0
0x46d75a,0xbf7dd5e8e830
0x411c2e,0xbf7dd5e91c58
0x46d773,0x99d8269f472c
0x46d75a,0xbf7dd5e9c500
0x4552c0,0xbf7dd5ea5124
0x46d75a,0xbf7dd5ea5a80
0x4552b0,0xbf7dd5ead788
0x45528e,0xbf7dd5eb31f4
0x53de87,0x4741a643e508
0x46d736,0x99d8269f0f90
0x45ff90,0x66598a7ba4c0
0x447a20,0xbf7dd5eedfd0
0x4552c0,0xbf7dd5f02754
0x447a39,0xbf7dd5f07230
0x4552c0,0xbf7dd5f07c54
0x4552b0,0xbf7dd5f07cf8
0x46d773,0xcc2ca38e09bc
0x4552b0,0xbf7dd5f20d58
0x4552c0,0xbf7dd5f36744
0x448b5d,0x66598a7663a0
0x559212,0xbf7dd5f389b0
0x4552c0,0xbf7dd5f3dc44
0x4552b0,0xbf7dd5f46388
0x4552b0,0xbf7dd5f54f88
0x558f9a,0xbf7dd5f71340
0x46d75a,0xbf7dd5f71c40
0x411d2f,0xbf7dd5f823d0
0x45ff62,0xfdfd3a8c3130
0x443d2b,0x4741a6427291
0x46d15e,0x4741a6419100
0x45ff4d,0x66598a7810c0
0x45ff4d,0x66598a7a1180
0x45ff4d,0x28e837c9ed78
0x45ff62,0x7ebb3c894720
0x443d2b,0xbf7dd5f925f1
0x47338d,0xbf7dd5f931dc
0x45ff7a,0xc8d2835356c
0x41091b,0xcc2ca37ce808
0x4106a7,0x71d0d5920188
0x443d2b,0x2554302a10f1
0x463a8d,0x2554302a1c78
0x45ff4d,0x28e837c92eb8
0x45ff7a,0xc8d28347a0c
0x443d2b,0xbf7dd5fa5ab1
0x53cb5b,0x71d0d58931e8
0x45ff56,0x878ddfa41c40
0x47338d,0xbf7dd5fabc94
0x45ff56,0xbf7dd6027cc0
0x443d2b,0xbf7dd5fb4711
0x473397,0xbf7dd5fb2e80
0x45ff56,0x4741a6420180
0x46d773,0x71d0d5895130
0x463aa3,0xbf7dd5fc0d4c
0x53cb5b,0xd693286ddc68
0x45ff62,0xcc2ca38e2740
0x412c87,0xbf7dd5fc47e8
0x412cc0,0xbf7dd5fc7218
0x410c00,0xbf7dd5fc72a8
0x410c00,0xbf7dd5fcbc88
0x53cb5b,0xcd28e5855128
0x463e27,0xbf7dd5fd3540
0x45ff4d,0x66598a7823c8
0x46d75a,0xbf7dd5fd5120
0x410c00,0xbf7dd5fd5268
0x45ff4d,0x28e837c8e838
0x46d181,0xce138516bc80
0x412cc0,0xbf7dd5fe6388
0x473397,0xbf7dd5fe6590
0x443d2b,0xbf7dd5fe8b81
0x45ff62,0xce13850f1340
0x5405e9,0x71d0d59dbdb8
0x45ff62,0xbf7dd5f3a4d0
0x410c26,0xbf7dd5ff31f8
0x45ff56,0x28e837cfdc70
0x46d75a,0xbf7dd5ffed40
0x46d773,0x66598a7da4f0
0x46d75a,0xbf7dd6005100
0x463e27,0xbf7dd60098e0
0x45ff62,0x11faa178b550
0x46d75a,0xbf7dd600b570
0x4115a9,0xbf7dd600dfc0
0x47338d,0xbf7dd601139c
0x463aa3,0xbf7dd6013d0c
0x53cb5b,0x71d0d5a0c1e8
0x410b32,0xbf7dd6021c40
0x46d773,0x28d7cf4263b0
0x45ff56,0xc911b24d89a0
0x45ff7e,0xbf7dd6027c6c
0x45ff7e,0x9895a7cfdc4c
0x42ccad,0x71d0d5a1e530
0x45ff4d,0x6c537038dfc8
0x46d18d,0x5115330eb550
0x45ff56,0xc8d283463a0
0x46d773,0xd79e62bb6410
0x460050,0xedc51a8fbda0
0x410c00,0xbf7dd6045118
0x463aa3,0xbf7dd6047a0c
0x443d2b,0xaa4eb5de23e1
0x443d2b,0xaa4eb5de2751
0x443d2b,0xaa4eb5de7a11
0x45ff56,0xbf7dd60209b8
0x410b32,0xaa4eb5de98c0
0x53cb5b,0xcc2ca36f5108
0x410c00,0xaa4eb5df6c38
0x46d75a,0xaa4eb5dfa4d0
0x53cacd,0x998897f88b88
0x42ccad,0x71d0d5a54730
0x4602e0,0x9ae0765fc530
0x463a8d,0x3a0447263128
0x45ff7a,0xaa79a92d1c4c
0x46d75a,0x9ae076607200
0x412cc0,0x9ae0766072b8
0x412cc0,0xbf7dd5e78fd8
0x45ff4d,0x6c537033c538
0x53cb5b,0x41d09e9ac1e8
0x463aa3,0x7c53326f1c6c
0x410c00,0x7c53326f1e08
0x412c87,0xc8d28174708
0x45ff62,0xd9e9d66423e0
0x410b32,0xc8d2817ebf0
0x53cb5b,0x998897fb3558
0x412c87,0xc8d28185118
0x463a96,0xdd2838a59fa0
0x45ff4d,0xa7d08ad75258
0x47338d,0xc8d2818e834
0x46d18d,0x49950aac98e0
0x463a96,0xdd2838a60198
0x45ff56,0xb7ac7aa16420
0x45ff62,0xcd28e57ce800
0x410c00,0xc8d281a7a08
0x473397,0xc8d281a7c50
0x443d2b,0xc8d281ac661
0x443d2b,0x24d65593a4f1
0x410b32,0xc8d281b1e10
0x463a8d,0x51a63c50fb8
0x410b90,0xc8d281b6748
0x460050,0x8876f2fd89a0
0x46d773,0x932ec40623d0
0x410b32,0xc8d281c7c60
0x45ff62,0xf5d9bd0909a0
0x42ccad,0xce1385034fa0
0x473397,0xc8d281ccd98
0x53cb5b,0x7424745a5338
0x463a8d,0xbf7dd5e8c678
0x473397,0xc8d281e0990
0x412c87,0xc8d281e5118
0x41091b,0x309dcdc498c8
0x46d193,0xbdae4aaf3d30
0x46d151,0xbdae4aaf6c08
0x410c00,0xc8d281f0f98
0x412cce,0xc8d282010d1
0x410c00,0xc8d28201198
0x53cacd,0x932ec4091348
0x409eee,0xcd28e57d6c38
0x45ff56,0xe7c8f3823c8
0x473397,0xc8d282098d8
0x410b32,0xc8d28210f80
0x53cb5b,0xcd28e57b0f98
0x45ff56,0x28d7cf3f4700
0x463a96,0xdd2838a608d0
0x47338d,0xc8d282208e4
0x45ff62,0x71d0d593a4f0
0x47338d,0xc8d2822dff4
0x46d15e,0xbf7dd5ef6c10
0x463aa3,0xc8d28239fac
0x473397,0xc8d2823a4c8
0x443d2b,0xc8d282423d1
0x443d2b,0xc8d28242741
0x46d15e,0x49950ab113a0
0x46d75a,0xc8d28245110
0x53cacd,0xf848bcf2e838
0x53cacd,0xf848bcf31388
0x45ff62,0xa040f2190980
0x410b32,0xc8d2824c660
0x46d193,0xd6932874bcb0
0x53cb5b,0x71d0d58e8b88
0x47338d,0xc8d2825135c
0x463a96,0xdd2838a60d50
0x45ff62,0x71d0d59247e0
0x41091b,0x71d0d59e7a08
0x47338d,0xc8d28261c4c
0x410c00,0xc8d28267a38
0x47338d,0xc8d28267c64
0x42ccad,0xb7ac7a932e80
0x46d151,0xca49da334f88
0x46d15e,0xc8d28270fb0
0x45ff4d,0x6c537038d7a8
0x47338d,0xc8d2827ebe4
0x443d2b,0xc8d282808d1
0x46d15e,0xc8d282211a0
0x443d2b,0xc8d28290fa1
0x473397,0xc8d28292e80
0x45ff62,0xcd28e57d1390
0x443d2b,0xcc2ca38e10e1
0x42ccad,0x7ebb3c896c30
0x410b90,0xc8d282a8b88
0x45ff56,0x8ac8847601a0
0x46d193,0xf848bcf7e530
0x473397,0xc8d282bbf40
0x410887,0xc8d282bbd80
0x47338d,0xc8d282c6394
0x47338d,0xc8d282c659c
0x46001c,0xbf7dd5e601a8
0x409eee,0x71d5f3fce838
0x46d773,0x8d9869022740
0x47338d,0xc8d282f6404
0x45feea,0x7cb73199c53c
0x47338d,0xc8d28307a04
0x45ff56,0x774a7ed96760
0x46d15e,0xc8d281d89a0
0x473397,0xc8d28313540
0x53cb5b,0x1a64fc5d2ec8
0x47338d,0xc8d2831910c
0x47338d,0xc8d2831bd94
0x443d2b,0xc8d28327ce1
0x473397,0xc8d283331c0
0x46d18d,0x1a64fc5ddc70
0x412cc0,0xc8d2833c518
0x45ff56,0xce1385001c40
0x463aa3,0xc8d283447cc
0x410b32,0xc8d28360d50
0x46d18d,0x1a64fc5e5300
0x463e27,0xc8d28363110
0x45fee6,0x1d8d5dacc66c
0x42ccad,0xc8d282a7a30
0x410c00,0xaf4780c8c1f8
0x558f9a,0x24d6558d13a0
0x45eebb,0x28e837ce3118
0x45ff62,0x4741a6450f88
0x42ca41,0x4d2bb47c1c78
0x463a96,0x5115330ccd80
0x463aa3,0xb381a3bf4c
0x53e0c1,0x998897f8dfe0
0x46d633,0xcd28e5730f90
0x448b5a,0xb381a410d8
0x456331,0xb381a41c40
0x463e27,0xb381a46380
0x449502,0xbf7dd5ea47c4
0x42ca41,0xd79e62c27c68
0x463aa3,0xb381a4e81c
0x45ff90,0xa040f2131340
0x4495c3,0xcd28e5767c40
0x449609,0x5115330ec1e0
0x447a40,0xb381a51350
0x45eeb8,0x203e001247e0
0x411a5c,0xb381a51c48
0x4561ac,0x11e281df6414
0x53df14,0xb7ac7a988b88
0x45ee89,0x24d6558d1e30
0x42ca41,0xd9e9d65dc528
0x448b7a,0xbf7dd5fa7cd8
0x53e083,0xcc2ca3847238
0x4494de,0xcc2ca3847280
0x412c87,0x11e281e047d8
0x44959a,0xcd28e576dfc8
0x447a40,0x32bd14b8e830
0x45fe42,0x2e448daba4c0
0x44959a,0xcd28e576e810
0x448b5a,0x32bd14b93568
0x463a8d,0x8d9869025730
0x45ff7a,0x2e448dad0f9c
0x46d75a,0xc1b5f0189b0
0x451882,0x92da1fa90998
0x4495c3,0xce13850c09b8
0x4518c8,0x203e0012cdb8
0x45ff90,0x32bd14b87c40
0x456198,0xe470055e98e8
0x45fdd7,0x2e448dabe500
0x45eea0,0xbf7dd5fc7a28
0x559212,0xe470055f2e80
0x456198,0xe470055f2ec8
0x4602cb,0xbf7dd5f210d8
0x46d633,0xcd28e5891c40
0x449680,0x71d0d5a601b0
0x4518c8,0x203e0012d7b8
0x46d633,0xafd74f954700
0x45eea7,0xbf7dd5fd3540
0x45ff62,0xeb0189fb6c20
0x53e0c1,0xce1384f95260
0x44959d,0x7ebb3c7f9100
0x45ff7e,0x8d98690272a0
0x4602cb,0xbf7dd5f05318
0x451950,0x1719cc87cf8
0x45eeb8,0x92da1faa0180
0x45ee89,0x24d6558e47e0
0x4495c3,0x932ec402b544
0x45ee89,0xf775d31801b0
0x45fdd7,0x2e448dacb390
0x4602e0,0x133ad1cacd90
0x46d633,0xd69328736748
0x45ff62,0x66598a767288
0x45ff7e,0x66598a767220
0x42ca41,0x7ebb3c845110
0x451882,0x92da1faa7c58
0x44e194,0x92da1faa7cc8
0x4494ea,0x24d6558de508
0x559212,0x1719cc7bf70
0x45eeb8,0x92da1faae830
0x45ff4d,0x66598a781198
0x45ff7e,0xc8d2832572c
0x45eea7,0xbf7dd60098e0
0x448b83,0x11e281df9100
0x53e0c1,0xff3c8d62bcb0
0x448b7a,0xbf7dd600b3b8
0x4561ac,0x203e00135104
0x558f9a,0x203e00135240
0x4602cb,0xbf7dd5ebbf68
0x44959a,0xff25d825ebc0
0x44e194,0x92da1fab89b8
0x45ff62,0x1719cc90f90
0x447a40,0x54962a2b8fd0
0x451882,0x203e0013e538
0x411a5c,0x54962a2c08c8
0x456198,0x54962a2c3138
0x463a8d,0x1719cc589b0
0x456171,0x54962a2c7c64
0x456198,0x3a0447245718
0x45eeb8,0x92da1fabdc40
0x45ff56,0xc8d281cb380
0x456198,0x3a0447247a08
0x411913,0x3a0447247210
0x4537e7,0xbf7dd6047a0c
0x412cc0,0x3a044724d798
0x559212,0x3a044724dff0
0x44e248,0x24d6558e98c8
0x45ff56,0x1719cc92e90
0x45ff89,0x1719cc92ec0
0x411557,0x24d6558ecd8c
0x53e0c1,0x7ebb3c8665b0
0x4064e3,0xd79e62c4c658
0x448b5d,0x1719cc725e0
0x46d633,0xcc2ca37e7a10
0x412c87,0x3a044725dc78
0x53e0c1,0xd69328751e00
0x44959d,0x71d5f3e00d48
0x45ee89,0x92da1facdfe0
0x53e0c1,0xca49da3ac1c0
0x456269,0x3a0447268b84
0x45ee89,0x92da1fad13a0
0x45eeb8,0x92da1fad25e0
0x412c87,0x3a044726b548
0x53e0c1,0xf848bcf15130
0x45eeb8,0x92da1fad31c0
0x412c87,0x3a044726e838
0x45eeb8,0x7cf9db862740
0x45ff56,0x3a0447276408
0x4602cb,0x66598a805108
0x44959a,0x932ec4087288
0x44959a,0xcd28e5806588
0x456171,0x3a044727bf44
0x53e487,0x8876f2fd4718
0x456171,0x99d8269cb574
0x45ee80,0x24d6558f2ea0
0x53e0c1,0x998897fd4710
0x45ee80,0x9ae07660e800
0x463e27,0x99d8269d8fe0
0x4064e3,0xff3c8d5fa4c8
0x45ff56,0xcdaaa6e31c50
0x412c87,0x99d8269de538
0x456198,0x99d8269ded48
0x448b7a,0x9ae076615128
0x4537e7,0x7c53326f1c6c
0x45ff56,0xff25d82731c0
0x45ee80,0xc8d28174f80
0x463a8d,0x1719cc93d30
0x463e27,0x99d826a00180
0x558f9a,0x99d826a00d70
0x42ca41,0xcd28e58208d8
0x451882,0x24d6558fa4f8
0x45ee80,0xf775d31872b0
0x46d736,0x3a04472623d0
0x558f9a,0xbf7dd5e513a0
0x456269,0xbf7dd5e51344
0x45fdff,0x8d986902b38c
0x463aa3,0xbf7dd5e51c4c
0x4494de,0xff3c8d614f80
0x456198,0x24d6558fc518
0x44e248,0x92da1faebc88
0x46d633,0xf848bcf54f90
0x449609,0x7ebb3c88bca0
0x40b657,0xcd28e5825308
0x451882,0x92da1faf6c28
0x448b83,0x3a0447275240
0x412cc0,0xbf7dd5e6e838
0x45ee80,0xc8d281a47c0
0x45ff56,0x28d7cf3f4700
0x456269,0xbf7dd5e76404
0x448b83,0x99d8269cc1c0
0x4064e3,0xcc2ca3876748
0x456171,0xbf7dd5e76c04
0x558f9a,0xbf7dd5e847c0
0x45ee80,0xc8d281b3560
0x45eeb8,0x92da1fb02770
0x45ff62,0xcd28e5766590
0x46d75a,0xbf7dd5e8e830
0x53df14,0xcd28e577ebf8
0x46d633,0xf848bcf80990
0x53df14,0xf5d9bd010998
0x46d773,0x99d8269f472c
0x53e0c1,0xcc2ca3853d00
0x451882,0xbf7dd5ec7cf8
0x45eeb8,0x92da1fb08ba0
0x46d75a,0xbf7dd5e9c500
0x456269,0xbf7dd5ea5124
0x46d75a,0xbf7dd5ea5a80
0x45ee80,0x92da1fb125c0
0x46d773,0xbf7dd5e52ef8
0x4495c3,0xc8d28222778
0x45ff7e,0xbf7dd5e54f8c
0x4602cb,0x4741a643e508
0x46d633,0x71d0d5a39110
0x44962d,0xafd74f958fe8
0x456171,0xbf7dd5eb31f4
0x456331,0xbf7dd5eb3d00
0x448b7a,0xc8d281e98d8
0x451882,0x92da1fb11e38
0x449609,0x6c6f1e4c5a80
0x45ff62,0xc8d282a5a80
0x46d736,0x99d8269f0f90
0x449609,0x878ddf9f8980
0x451950,0x92da1fb189b8
0x451950,0x92da1fb0b3b8
0x53e487,0x1a64fc5d13a8
0x449502,0x1a64fc5d1344
0x45ee80,0xc8d281fbf40
0x463aa3,0xdd2838a647dc
0x4494f2,0x7ebb3c839f80
0x4494f2,0xb1739fbd0980
0x448b5d,0xbf7dd5e5ed60
0x4518c8,0x92da1fb201b8
0x45ee80,0x92da1fb25300
0x451882,0x92da1fb26588
0x463aa3,0xbf7dd5ee11ac
0x45ff62,0xcc2ca38e5300
0x45ff56,0xa1abd7fe5120
0x4495c3,0x2c2cbb4d6c04
0x45eeb8,0x92da1fb27280
0x447a40,0xbf7dd5eedfd0
0x45eeb8,0x92da1fa53540
0x45eeb8,0x92da1fb298e0
0x448b5d,0xbf7dd5e7ed68
0x448b7a,0xc8d28218ff8
0x448b5d,0xbf7dd5e9e528
0x44959a,0xafd74f980990
0x456269,0xbf7dd5f02754
0x451882,0x92da1fa53d28
0x451882,0x92da1fb2c648
0x448b5d,0xbf7dd5e9dc68
0x447a39,0xbf7dd5f07230
0x4561ac,0xbf7dd5f07c54
0x456198,0xbf7dd5f07cf8
0x45ee80,0xf775d318b560
0x45ff4d,0x28e837c92ed8
0x53e0c1,0x1a64fc5ec660
0x53df14,0xce13851023c8
0x45eeb8,0x92da1fb2cda0
0x448b7a,0xc8d28233578
0x448b5d,0x66598a76b3a8
0x40b657,0xca49da3ac648
0x46d614,0x66598a7d8fc0
0x45ee80,0xf775d318c1d0
0x46d773,0xcc2ca38e09bc
0x456198,0xbf7dd5f20d58
0x46d75a,0xbf7dd5f247d0
0x451882,0x92da1fa608f8
0x463a8d,0x66598a7663a0
0x42ca41,0xca49da411e18
0x456269,0xbf7dd5f36744
0x558f9a,0xbf7dd5f389b0
0x45ee80,0xc8d2824cdb0
0x44952d,0xd9e9d664c658
0x46d614,0xaff500799f80
0x4561ac,0xbf7dd5f3dc44
0x4494f2,0xc8d281f8fc0
0x53e0c1,0x71d5f3e8dfc0
0x451882,0x71bb2b15e508
0x448b7a,0xc8d2825dc68
0x451950,0x71bb2b1608f8
0x463aa3,0xbf7dd5f5471c
0x45ff4d,0x28e837c8e838
0x45ff62,0xaa79a92e0d60
0x449609,0x7ebb3c862770
0x456198,0xbf7dd5f54f88
0x451950,0xbf7dd5f65138
0x411804,0xd4cb943c98f8
0x4495c3,0xcd28e579dc40
0x45ee80,0x71bb2b168ba0
0x451882,0xc8d28271e28
0x45ff7a,0xc8d2835356c
0x45eeb8,0x71bb2b1698e0
0x45ff62,0x71d0d59247e0
0x44959a,0xff3c8d611340
0x44959d,0xff3c8d611388
0x448b5a,0xbf7dd5f5ebd8
0x451882,0x71bb2b16c1e8
0x412c87,0xbf7dd5f610e8
0x4602e0,0xbf7dd5f611b0
0x44959d,0x998897f67280
0x463aa3,0xbf7dd5f6531c
0x4494f2,0xa040f222cd80
0x53df14,0xf5d9bd08b3a8
0x4495c3,0xb7ac7a95bf44
0x45ee80,0x71bb2b16e830
0x4495c3,0xaff5007fed78
0x558f9a,0xbf7dd5f71340
0x46d75a,0xbf7dd5f71c40
0x45ee80,0x71bb2b1725d0
0x45ff62,0xce13850f1340
0x4518c8,0x71bb2b175278
0x44e248,0x24d6559208c8
0x45eeb8,0x71bb2b176c00
0x411913,0xbf7dd5f823d0
0x45fdfc,0xca49da3c8b8c
0x46d736,0x4741a6419100
0x460050,0x998897f8dfe0
0x45ff56,0x2e448daba4c0
0x45ff62,0x2e448dabe500
0x448b5d,0x2554302a1c78
0x463a8d,0xcc2ca3847280
0x45fd16,0x4741a6425700
0x46d773,0xbf7dd5fb09b0
0x53e083,0xf5d9bd0a3138
0x45ff7a,0x2e448dac512c
0x4552c0,0x92da1fa91374
0x4552c0,0xbf7dd5fbdc74
0x412c87,0xbf7dd5fc47e8
0x412cc0,0xbf7dd5fc7218
0x447a40,0xbf7dd5fc7c40
0x410f2c,0xbf7dd5fc72a8
0x410f2c,0xbf7dd5fcbc88
0x463e27,0xbf7dd5fd3540
0x45ff62,0x2e448dacb390
0x46d75a,0xbf7dd5fd5120
0x410f2c,0xbf7dd5fd5268
0x4494f2,0xbf7dd5e56c00
0x45eeb8,0x24d6558d9130
0x44e194,0x24d6558e1188
0x451950,0x24d6558e10f8
0x447a20,0x92da1faa23c0
0x412cc0,0xbf7dd5fe6388
0x447a20,0xbf7dd5fed780
0x559212,0xbf7dd5ff0fa0
0x410f4f,0xbf7dd5ff31f8
0x448b83,0x28d7cf4210c0
0x46d75a,0xbf7dd5ffed40
0x45528e,0xbf7dd5ffebe4
0x45ff7e,0x2e448dad0f9c
0x46d75a,0xbf7dd6005100
0x4552c0,0xbf7dd6005a94
0x463e27,0xbf7dd60098e0
0x46d75a,0xbf7dd600b570
0x448b5a,0xbf7dd600b3b8
0x4115a9,0xbf7dd600dfc0
0x46d75a,0x92da1fab25c0
0x45ee80,0x92da1fab2e90
0x4494f2,0x41d09e9ddc40
0x4518c8,0x92da1faa47f8
0x45ee80,0xc8d282dbf70
0x45fd16,0x66598a7ba4c0
0x4552b0,0x92da1faba4c8
0x410f8a,0xbf7dd6021c40
0x448b83,0x878ddfa41c40
0x4552c0,0xbf7dd602e804
0x45736c,0xedc51a8fbda0
0x447a20,0xbf7dd6045aa0
0x410f2c,0xbf7dd6045118
0x45ee89,0x71bb2b181c70
0x410f8a,0xaa4eb5de98c0
0x410f2c,0xaa4eb5df6c38
0x46d75a,0xaa4eb5dfa4d0
0x460050,0xf848bcf15130
0x45528e,0xaa4eb5dfed54
0x4552b0,0x92da1fac5108
0x45ff90,0xa040f2131340
0x4552b0,0x9ae076602748
0x448b5d,0x3a0447263128
0x46d75a,0x9ae076607200
0x412cc0,0x9ae0766072b8
0x447a20,0x9ae076607cd0
0x45eeb8,0x24d6558f1e20
0x53e487,0xe7c8f385118
0x46d633,0xce1385099f88
0x460050,0x998897fd4710
0x412cc0,0xbf7dd5e78fd8
0x558f9a,0x9ae07660e800
0x45ff7e,0xf848bcf54f90
0x448b5a,0x9ae076615128
0x4552c0,0x7c53326f3574
0x410f2c,0x7c53326f1e08
0x412c87,0xc8d28174708
0x559212,0xc8d28174f80
0x46d773,0xbf7dd6027c6c
0x448b83,0xbf7dd6027cc0
0x410f8a,0xc8d2817ebf0
0x412c87,0xc8d28185118
0x558f9a,0xc8d28185aa0
0x463a96,0xdd2838a59fa0
0x463a96,0xdd2838a60198
0x558f9a,0xc8d281a47c0
0x410f2c,0xc8d281a7a08
0x410f8a,0xc8d281b1e10
0x410f25,0xc8d281b6748
0x448b5d,0x51a63c50fb8
0x45736c,0x8876f2fd89a0
0x410f8a,0xc8d281c7c60
0x45eebb,0x28e837ce3118
0x456269,0x92da1fb06598
0x4537e7,0xc8d283447cc
0x45ff62,0x1a64fc5d1344
0x45ff62,0x7ebb3c839f80
0x558f9a,0xc8d281d3d00
0x448b5d,0xbf7dd5e8c678
0x412c87,0xc8d281e5118
0x558f9a,0xc8d281e5aa0
0x448b5a,0xc8d281e98d8
0x410f2c,0xc8d281f0f98
0x45eea7,0xc8d28363110
0x53df14,0xce1384f95118
0x45eeb8,0xc8d28371e00
0x45eeb8,0x92da1fb0c1c0
0x412cce,0xc8d282010d1
0x410f2c,0xc8d28201198
0x448b5d,0x28e837cfdc70
0x410f8a,0xc8d28210f80
0x448b5a,0xc8d28218ff8
0x4552c0,0xc8d2821e524
0x463a96,0xdd2838a608d0
0x447a40,0x92da1fb35100
0x46d736,0xbf7dd5ef6c10
0x463aa3,0xc8d28239fac
0x4552c0,0xc8d28241c74
0x46d736,0x49950ab113a0
0x46d75a,0xc8d28245110
0x4552c0,0xc8d28245aa4
0x46d773,0xbf7dd5ee7cec
0x410f8a,0xc8d2824c660
0x463a96,0xdd2838a60d50
0x448b63,0xbf7dd5f3a4d0
0x558f9a,0x71bb2b160190
0x410f2c,0xc8d28267a38
0x46d736,0xc8d28270fb0
0x447a39,0xc8d282811b0
0x4552b0,0xc8d28281c78
0x46d736,0xc8d282211a0
0x447a40,0x71bb2b1731c0
0x558f9a,0x71bb2b176400
0x4552c0,0xc8d282a08d4
0x45528e,0xc8d282a47c4
0x447a40,0x92da1fa76400
0x410f25,0xc8d282a8b88
0x448b83,0xcc2ca38e2740
0x4552b0,0xc8d282c47e8
0x558f9a,0x92da1fab6c00
0x45528e,0xc8d282e7c44
0x558f9a,0xc8d282ed790
0x447a20,0x92da1fab5250
0x4552c0,0x92da1fab5114
0x447a20,0xc8d282f6c30
0x4552b0,0xc8d283063b8
0x46d736,0xc8d281d89a0
0x558f9a,0xc8d28313d30
0x447a20,0x71bb2b18c650
0x412cc0,0xc8d2833c518
0x558f9a,0xc8d28342750
0x4552b0,0xc8d283623f8
0x410f8a,0xc8d28360d50
0x45ff56,0xca49da32cdb0
0x45528e,0xc8d28373574
0x45ff56,0x71d0d593a4f0
0x410f2c,0xaf4780c8c1f8
0x46d736,0xdd2838a610f0
0x53e083,0xd79e62b05338
0x46d633,0xaff5007e6380
0x45ee80,0x974dbe450fa0
0x53e0c1,0x5115330cbca0
0x45ee80,0xe6f224cc01a0
0x406878,0x11faa1811e20
0x447a20,0x1caddee309b0
0x448b7a,0x1caddee31348
0x45528e,0x1caddee313a4
0x558f9a,0x1caddee31e10
0x447a39,0x1caddee33d30
0x448b83,0x11faa1747a00
0x447a20,0x974dbe456740
0x412cc0,0x1caddee3ebd8
0x558f9a,0x974dbe45c510
0x46d633,0x7ff68728bc80
0x412c87,0x1caddee401a8
0x4552b0,0x1caddee409b8
0x448b5d,0x71d0d59c0d40
0x4608fd,0x28e837ca5a90
0x47338d,0xe98d38ed8fec
0x463e27,0x974dbe460d60
0x410b32,0x974dbe4610f0
0x45ff56,0xd79e62b9dc50
0x473397,0x974dbe46b550
0x410887,0x974dbe46b390
0x46d15e,0x974dbe46dff0
0x460050,0xcd28e58f2ef0
0x463e27,0x974dbe470990
0x46d773,0xcd28e5887a30
0x410b32,0x974dbe474700
0x45ff56,0x34a0173d8fe0
0x463aa3,0x6af9d6d125cc
0x45ff4d,0x28e837c9ed78
0x45ff62,0xf5d9bd0909a0
0x45ff62,0x2e448db87220
0x412d56,0x28d7cf4a2748
0x473397,0x974dbe480190
0x473397,0x974dbe482740
0x412d56,0x66598a843108
0x448b5a,0x5115330c47c8
0x456198,0x6af9d6d12e98
0x4561ac,0x6af9d6d12ed4
0x451882,0x5115330c7a28
0x45ff56,0x8ac8847725e0
0x45ff56,0xb7ac7aa16420
0x412768,0x6c537037bd88
0x443d2b,0x974dbe485331
0x46d773,0xa040f2100990
0x410725,0x974dbe48d780
0x45ff4d,0x28e837c9e538
0x412cc0,0x974dbe490998
0x463a96,0x2c2cbb562748
0x46d773,0xa040f216dfd0
0x412cc0,0x974dbe496418
0x47338d,0x974dbe498fe4
0x463aa3,0x974dbe4a01bc
0x412d56,0xa040f2174f88
0x42ccad,0x7ebb3c896400
0x45ff56,0xbf7dd60209b8
0x46d614,0xf5d9bd12b380
0x456269,0x974dbe4a7238
0x45ee89,0x974dbe4b1e30
0x451882,0x974dbe4b2ec8
0x4518c8,0x974dbe4b2eb8
0x451882,0x974dbe4a5ab8
0x447a20,0x974dbe46bc90
0x4552b0,0x974dbe474f88
0x447a20,0x974dbe4808d0
0x53e0c1,0xcd28e575e530
0x53df14,0x11faa172bc88
0x448b7a,0xff3c8d5edfd8
0x53e487,0x2e448db4e818
0x448b7a,0xff3c8d5f6438
0x53e0c1,0x7ebb3c819120
0x45ee80,0x66598a7f2ea0
0x4518c8,0xff3c8d6247f8
0x53df14,0x2c2cbb4bbda8
0x45ee80,0xff3c8d615260
0x45eea7,0xff3c8d6125e0
0x456269,0x66598a7f1398
0x451882,0x5115330c5708
0x53e487,0x28d7cf594f98
0x494c82,0x66598a7f8988
0x494c7e,0x66598a807c78
0x494c73,0x66598a825a80
0x460a83,0x66598a7f1e09
0x558f9a,0xff3c8d5e6580
0x558f9a,0xff3c8d5ed7b0
0x46d773,0x28d7cf5663a0
0x447a20,0xff3c8d60bc90
0x4552b0,0xff3c8d615138
0x53de87,0xd79e62b13550
0x46d75a,0x66598a841c70
0x53e0c1,0xab2ecf3925e0
0x4494de,0x66598a7b25c0
0x45528e,0xff3c8d5cb574
0x448b83,0xff3c8d5cc640
0x44952d,0xa040f21d8fd8
0x45eeb8,0x6c5370378fd0
0x45eea0,0x974dbe496c28
0x53e083,0x7ebb3c835258
0x53e083,0xcd28e577ed78
0x53e083,0x11faa179c518
0x53e083,0x7cb731956438
0x53e083,0x7cb7319601b8
0x53e083,0x7cb7319611b8
0x53e083,0x7cb731967230
0x53e083,0x4741a6425118
0x53e083,0x7cb7319925c8
0x53e088,0x7cb731a95108
0x53e0c1,0x28d7cf5d31e0
0x53e083,0xd79e62b07ce8
0x53e083,0x98f5690d6408
0x53e083,0x71d5f3e07c78
0x53e083,0x4741a6432e98
0x53e083,0x635dff9b1e18
0x53e083,0x3a044724bc98
0x53e083,0x28d7cf4fbf48
0x53e088,0xbf7dd5e66388
0x53e083,0xbf7dd5e7bf48
0x53e088,0x2c2cbb530f88
0x53e0c1,0x71d5f3e4c670
0x53e083,0x71d5f3f21c48
0x53e083,0xbf7dd5fc10e8
0x53e0c1,0xd79e62c4e810
0x53e083,0xaa4eb5de1c68
0x53e083,0xd7cc94e21c48
0x53e088,0xc8d281a3120
0x53e083,0xf775d3179130
0x53e088,0x511533133548
0x53e083,0xa67864951388
0x53e083,0x71d5f3e2b548
0x53e083,0xc8d28299fb8
0x53e083,0xc8d282a1c78
0x53e083,0xedc51a8ebca8
0x53e083,0xc8d28336c18
0x53e088,0xd9e9d65febd0
0x53e083,0xce1384fa3138
0x53e083,0xcc2ca3838988
0x53e088,0x2c2cbb5e08d0
0x53e083,0xff3c8d5f4fb0
0x53e083,0x66598a847c68
0x53e088,0xcd28e578dfc8
0x53e083,0xcd28e5792eb0
0x53e088,0xcd28e57b6408
0x53e088,0xd6fa9538b560
0x53e083,0x11faa17f4728
0x53e083,0x11faa1851e38
0x53e083,0xff3c8d60d7a8
0x53e083,0x7cb731a2e808
0x53e083,0x7cb731a313b8
0x53e088,0xf5d9bd056418
0x53e083,0xc8d283389b0
0x53e083,0xe7c8f3e47d8
0x53e083,0x7cb731a73548
0x53e088,0xce13851208d0
0x53e088,0x71d0d5a3bf58
0x53e088,0x3a044725bd98
0x53e083,0x71d0d5a47c68
0x53e083,0xcd28e5808ba0
0x53e083,0x71d0d5895130
0x53e083,0x71d0d59dbdb8
0x53e083,0x66598a7da4f0
0x53e083,0x28d7cf4263b0
0x53e088,0x5115330eb550
0x53e083,0x49950aac98e0
0x53e083,0xbdae4aaf3d30
0x53e083,0xd6932874bcb0
0x53e083,0xf848bcf7e530
0x53e083,0x1a64fc5ddc70
0x4552b0,0xfaef35a67208
0x558f9a,0xfaef35a672a0
0x559212,0x974dbe48dfc0
0x412cc0,0x974dbe496418
0x451882,0x974dbe49ed68
0x558f9a,0x974dbe49e500
0x45ff56,0x7ebb3c894720
0x45ff56,0x4741a6420180
0x45ff62,0xcc2ca38e5300
0x45ff56,0xa1abd7fe5120
0x4608f0,0x79f1064d9f88
0x473397,0xbcd57edf9118
0x456269,0x55c693e4d7b8
0x45ee80,0x55c693e52eb0
0x409edb,0xbf7dd5fe01a8
0x448b5d,0x5829a6ebdc70
0x410725,0x974dbe4ccd80
0x45ff62,0xc8d282a5a80
0x45ff56,0x66598a795130
0x45ff56,0xa040f20d6400
0x5405e9,0xff3c8d616438
0x45ff4d,0x66598a781c58
0x443d2b,0x974dbe4e09b1
0x53cb5b,0xf5d9bd1298e8
0x463aa3,0x974dbe4e10dc
0x412c87,0x974dbe4e1198
0x460050,0xc9394d38c1f0
0x410c00,0x974dbe4e7c58
0x410725,0x974dbe4e7cc0
0x410725,0x974dbe4e8b80
0x45ff4d,0x66598a781198
0x45ff7e,0xc8d2832572c
0x473397,0x974dbe4eb380
0x46d18d,0x3a0447280190
0x4115a9,0x974dbe4ed780
0x443d2b,0x974dbe4ee831
0x412755,0x2c2cbb431340
0x409edb,0x2c2cbb4313b8
0x45ff56,0xce1385001c40
0x45ff56,0xd79e62aab570
0x494c7e,0x66598a807c78
0x456198,0xff3c8d5b5268
0x4518c8,0x6af9d6d16c38
0x46d736,0x6af9d6d19120
0x46d633,0x11faa1773540
0x45ff56,0xce13850f1340
0x45ff7e,0x1caddedd642c
0x46d75a,0x974dbe4f5110
0x410c00,0x974dbe4f5258
0x53cb5b,0xc8d282dc528
0x53cb5b,0x1caddeef5278
0x53cb5b,0x7cb731a71348
0x45ff62,0x5829a6ec1c40
0x45ff56,0xcc2ca37f8fe0
0x45ff62,0xcc2ca37f6420
0x46d75a,0x974dbe5010d0
0x412cc0,0x974dbe501188
0x443d2b,0x974dbe5047e1
0x47338d,0x974dbe505734
0x410b32,0x974dbe50c1c0
0x45eea7,0x974dbe5131d0
0x46d773,0x974dbe514f90
0x447a20,0x974dbe515138
0x456198,0x974dbe513578
0x456269,0x974dbe513d38
0x451882,0x974dbe511c78
0x53e0c1,0xcd28e5887a30
0x4494ea,0xb7ac7a96c1c8
0x4494ea,0x71d0d58ba4c8
0x4494ea,0x71d0d5a47cc0
0x411104,0x28e837c95104
0x449502,0x7ebb3c7f6778
0x45ee80,0x974dbe5210f0
0x4552c0,0x974dbe5211a4
0x4494de,0x7cb731a53d00
0x456269,0x974dbe51bf58
0x47c586,0x28e837cc3120
0x45eea0,0xff3c8d5cb3a8
0x53df14,0xd79e62ab1388
0x44952d,0xd79e62ab1348
0x460108,0x28e837ca3108
0x4518c8,0x5115330c5ab8
0x45fd16,0xd79e62a98980
0x412c01,0x28e837c96c01
0x45ff7a,0xa040f20f3d3c
0x45ff7e,0x4741a643642c
0x45ff62,0x11faa178b550
0x447a40,0x8a4feef51350
0x4537e7,0x6af9d6d125cc
0x494c73,0xd79e62a58fd0
0x494c73,0x66598a823100
0x494c73,0x8a4feef6b380
0x494c73,0x28e837c90fb0
0x494c7e,0x8a4feef75138
0x494c93,0x6af9d6d201b8
0x4552b0,0x6af9d6d12e98
0x447a20,0x6af9d6d15100
0x412740,0x28e837c96740
0x409edb,0x71d5f3fd5258
0x45ff56,0xb4165fa58980
0x45ff62,0xd9e9d66423e0
0x443d2b,0xcc2ca37408d1
0x443d2b,0xff3c8d5f2e91
0x46d151,0xe470055e7a08
0x448b5a,0xff3c8d5f6438
0x412999,0xff3c8d5f6750
0x53cacd,0xe470055f1c48
0x5405e9,0x8876f2fcc1f8
0x5405e9,0xa040f2151e38
0x460050,0xc8d282731f0
0x53cb5b,0xc5e52af59118
0x53cacd,0xf5d9bcfd1358
0x53cb5b,0xf5d9bcfd13a8
0x460050,0xc8d282a98f0
0x409eee,0xf5d9bcfd9fb8
0x46d736,0x6c5370367a30
0x47338d,0xff3c8d618ffc
0x53cacd,0xcc2ca37fbd98
0x456198,0xff3c8d62dfd8
0x4602e0,0xff3c8d62d7b0
0x47338d,0xff3c8d634734
0x456198,0xff3c8d634f98
0x412cce,0xd6fa95373551
0x4561ac,0xd6fa95376c14
0x456198,0xd6fa9537bf48
0x558f9a,0xd6fa953847c0
0x558f9a,0xd6fa9538c660
0x45eeb8,0xd6fa9538e800
0x4537e7,0xd6fa9539098c
0x410c00,0xd6fa95391c48
0x447a40,0xd6fa953925d0
0x448b7a,0xd6fa95396408
0x45eeb8,0xd6fa95398fc0
0x448b7a,0xd6fa9539bd88
0x45eea0,0xd6fa953a08f8
0x412cc0,0xd6fa953a2778
0x4561ac,0xd6fa953a5114
0x47338d,0xd6fa95372e84
0x47338d,0xd6fa95396764
0x45ff4d,0x28e837c92eb8
0x46d75a,0xd6fa9539bf40
0x473397,0xd9e9d65d5100
0x45ff4d,0x28e837c8e838
0x46d773,0xd9e9d65d6c20
0x46d15e,0x71d5f3eb4730
0x463a96,0x2149a6cab540
0x460050,0x71d5f3e725e0
0x45ff56,0xc8d281cb380
0x411557,0xd9e9d65e0d4c
0x45ff62,0x71d0d59247e0
0x410b32,0xd9e9d65e47f0
0x473397,0xd9e9d65e8b80
0x412cc0,0xd9e9d65ec1e8
0x45ff56,0x99d8269cc1c0
0x47338d,0xd9e9d65f6c24
0x53cacd,0xcc2ca37389a8
0x53cb5b,0xbf7dd5f91368
0x46001c,0xcc2ca38e2740
0x53cacd,0xcc2ca3707cc8
0x45ff62,0xa040f2190980
0x47338d,0xd9e9d66010d4
0x443d2b,0xd9e9d66023d1
0x47338d,0xd9e9d66011a4
0x443d2b,0xd9e9d6602741
0x45ff4d,0x6c537038dfc8
0x410b32,0xd9e9d6606380
0x473397,0xd9e9d6606580
0x443d2b,0x49950aa74f91
0x45ff56,0x8ac8847725e0
0x45ff62,0xcd28e57ce800
0x410725,0xd9e9d660cd80
0x473397,0xd9e9d6616410
0x45ff7a,0xc8d2835356c
0x45ff56,0xd9e9d66b1360
0x46d773,0xf5d9bd033550
0x463aa3,0xd9e9d661ed4c
0x45ff7e,0xcd28e58a23dc
0x45ff4d,0x6c537038d7a8
0x449609,0xcc2ca3745318
0x45ee89,0xd5483414fa0
0x451882,0xd5483415248
0x451882,0xd5483416c28
0x448b7a,0xd54834189a8
0x45eea0,0x974dbe4f8ff8
0x4552b0,0xd5483416408
0x45528e,0x974dbe505334
0x45ee80,0x974dbe507c40
0x45528e,0x974dbe507204
0x4552c0,0x974dbe507cf4
0x45ee80,0x4822c1655250
0x45eeb8,0xff3c8d5c3120
0x45eeb8,0xd9e9d6627c60
0x451882,0xd9e9d6627cc8
0x53df14,0xd693286febd8
0x558f9a,0xff3c8d5ed7b0
0x45ff56,0xb7ac7aa16420
0x4064e3,0x11faa172bc88
0x451882,0x55c693e4dfe8
0x45ff4d,0x66598a7810c0
0x45ff7a,0x80f530c008cc
0x46d633,0x99d826a023c0
0x449680,0xcd28e575e530
0x45ff56,0xafd74f974710
0x45ee80,0xd6fa95379110
0x449502,0x11faa17febc4
0x45ee80,0xd9e9d6653d10
0x447a40,0xff3c8d60bc90
0x45ee89,0x5115330c65b0
0x4518c8,0xd6fa95394738
0x456198,0xff3c8d615138
0x45eeb8,0x5115330c5100
0x451950,0xd9e9d666d7b8
0x45ee80,0xd9e9d6672e90
0x53df0a,0x4741a6425118
0x46d633,0xc8d281c5110
0x451882,0xd9e9d662b548
0x447a40,0xd9e9d6636770
0x449502,0xb1739fbce804
0x451882,0xd9e9d6690f98
0x45ee80,0xd9e9d663c520
0x45ee89,0xd9e9d6693570
0x45ee80,0xd9e9d6696430
0x448b7a,0xd9e9d661ebe8
0x4552b0,0xd9e9d65d8fd8
0x4552b0,0xd9e9d6675138
0x4552c0,0xd9e9d6675254
0x447a20,0xd9e9d65e2750
0x45528e,0xd9e9d65edfd4
0x447a19,0xd9e9d65f1e30
0x558f9a,0xd9e9d6687200
0x558f9a,0xd9e9d66125d0
0x447a14,0xd9e9d6613544
0x45ff7e,0xce13850210cc
0x45ff56,0xc8d283463a0
0x409edb,0xd79e62ab1348
0x4115a9,0xd9e9d66a6580
0x45ff56,0x98f5690dbf70
0x443d2b,0xcc2ca36f3551
0x53cb5b,0xd9e9d66ad7b8
0x443d2b,0xd9e9d66b3d11
0x53cacd,0xd9e9d66b89a8
0x4115a9,0xd9e9d66b9f80
0x46d75a,0xd9e9d66c01a0
0x46091a,0xc8d282a7ce8
0x412c87,0xd9e9d66c47e8
0x4608f0,0x49950aae5308
0x443d2b,0xd9e9d663e531
0x46d18d,0x66598a7d2ea0
0x46d181,0x66598a7d2ec0
0x460050,0xd9e9d663ebf0
0x412755,0x28d7cf5931c0
0x46d193,0xc2041aa78ff0
0x53cacd,0x7ebb3c825728
0x463e27,0xa98092300190
0x443d2b,0xc8d28296431
0x45ff56,0xc911b24d89a0
0x45ff56,0x5115331401a0
0x53cb5b,0xd69328774708
0x412743,0xce1384f808f8
0x47338d,0xce1384f8099c
0x412c87,0xce1384f85ab8
0x463aa3,0xce1384f8dfdc
0x473397,0xce1384f91358
0x4608f0,0xce1385150fa8
0x46091a,0x71d0d59f4f98
0x47338d,0xce1384f9355c
0x46d743,0xcc2ca37109b8
0x53cb5b,0xcd28e5736778
0x46d18d,0xd79e62b8cda0
0x412cc0,0xd6fa9536e838
0x443d2b,0xce1384fb0991
0x412cc0,0xce1384fb1348
0x4608e7,0xce1384fb13b8
0x47338d,0xce1384fb473c
0x46d75a,0xce1384fc7a10
0x47338d,0xce1384fc7c4c
0x463aa3,0xce1384fcbcac
0x45ff62,0xce1384fab560
0x45ff7a,0xce1384fded4c
0x460050,0xcc2ca386d7b0
0x412cc0,0xce1384fe1c68
0x46d193,0x4741a6440d70
0x4608f0,0xce13851047e8
0x412768,0xce1384feb388
0x53cacd,0xafd74f96bc88
0x46d743,0xd9e9d65d0fb8
0x463e27,0xce1384ff2e80
0x45ff7a,0xeb0189f989ac
0x412cc0,0xce1384ff5138
0x463e27,0xce1384ff9110
0x46d743,0xce1384fac678
0x46d773,0xce1385005120
0x47338d,0xce1384ffebfc
0x463aa3,0xce1385008b8c
0x443d2b,0xce1384fc2751
0x473397,0xce138500e808
0x463e27,0xce13850125d0
0x45ff62,0x7ebb3c894720
0x47338d,0xce1385018fec
0x47338d,0xd6fa9537ebfc
0x45ff62,0xcc2ca371a4f0
0x409edb,0xcd28e57b2eb8
0x53cb5b,0xcc2ca3847a08
0x53cacd,0xcd28e57b2ed8
0x47338d,0xce138502c1dc
0x5405e9,0x71d0d5891c78
0x463e27,0xce13850331f0
0x46091a,0xf5d9bd0a10e8
0x409edb,0xf5d9bd0a1188
0x53cacd,0xce1385085a88
0x46d729,0x66598a7b6748
0x46d18d,0xa678649a1180
0x412cc0,0xce138503ed78
0x5405e9,0xafe0999debf8
0x45ff62,0xce13850f25d0
0x412cc0,0xce138504c648
0x46d18d,0xc9394d38b550
0x45ff7e,0xc8d28347a0c
0x45ff62,0xff3c8d5e7c40
0x47338d,0xce1385052ecc
0x463a8d,0xd6fa95385aa8
0x473397,0xce138505a4c8
0x47338d,0xce138506511c
0x46d773,0xce1385020d60
0x443d2b,0xce1385027231
0x46d773,0xce1385027ce0
0x412cc0,0xce138506e808
0x46d773,0xc8d28347c60
0x46d193,0x71d0d5a1ed70
0x463aa3,0xce1385078fcc
0x45ff56,0x28d7cf3f4700
0x45ff62,0x8ac8847601a0
0x412c87,0xce1385087a08
0x46091a,0xb7ac7a96c668
0x473397,0xce1385087cc8
0x463e27,0xd6fa9538cdb0
0x4608f0,0x4741a642b388
0x46d729,0xf5d9bd0da4c8
0x463e27,0xce1385096770
0x46d75a,0xce138509ed50
0x45ff4d,0x28e837c92ed8
0x46d18d,0xdc47619f5250
0x45ff7a,0x8ac884753d0c
0x53cacd,0xf5d9bd0e7218
0x45ff62,0xfdfd3a8c3130
0x4608f0,0xce1385034728
0x4608f0,0xce1385031348
0x45fece,0x28e837cfdc70
0x47338d,0xce13850b912c
0x473397,0xce13850bc508
0x463aa3,0xce13850be52c
0x45ff62,0x71d0d59247e0
0x46d151,0xdc4761a05308
0x45ff56,0x80f530c4b560
0x46d743,0xd9e9d65d4738
0x412cc0,0xd6fa95392ea8
0x4115a9,0xd6fa95392ec0
0x5405e9,0x41d09e9c01b8
0x412c87,0xce13850d4738
0x463aa3,0xce13850ddc5c
0x443d2b,0xce13850a65b1
0x45ff4d,0x6c537038d7a8
0x443d2b,0xce13850e7c71
0x53cacd,0xcc2ca37b89b8
0x463aa3,0xce138510313c
0x53cb5b,0xce1384f847f8
0x46d773,0xce13850d6740
0x443d2b,0xce1385116c11
0x5405e9,0xa040f209ed78
0x45fece,0xbf7dd6027cc0
0x409eee,0xa040f2133578
0x45ff89,0xa040f2131340
0x4608e7,0xce138512c678
0x412755,0xf5d9bd136400
0x45ff7e,0x8d986902b38c
0x46d729,0x7ebb3c7a6388
0x5405e9,0xdc4761a45738
0x4608f0,0x71d5f3fb1398
0x47338d,0xce138513912c
0x409edb,0xedc51a919fa8
0x45ff4d,0xa7d08ad75118
0x53cacd,0xf5d9bd145318
0x47338d,0xce138514276c
0x409edb,0xb6605691a4c8
0x412cc0,0xce1385145738
0x409eee,0xa040f20fbf78
0x463aa3,0xce1385152e9c
0x46d75a,0xce1385152ef0
0x47338d,0xce13851531fc
0x47338d,0xce138515641c
0x443d2b,0xce138511bf61
0x45ff7a,0xaa79a92d1c4c
0x46091a,0xf5d9bd165aa8
0x463e27,0xce13851731d0
0x412743,0xce1385173568
0x409eee,0xf5d9bd1789b8
0x47338d,0x67b1c33c512c
0x443d2b,0x67b1c33c7c71
0x443d2b,0xce1385136431
0x53cb5b,0xdc4761a6cd88
0x4608f0,0xd9e9d66c5118
0x443d2b,0xce13851463b1
0x46d18d,0xdc4761a72eb0
0x46d151,0xdc4761a72ec8
0x46d75a,0xcd28e571ed40
0x46d18d,0xdc4761a74710
0x463e27,0xcd28e5725120
0x46d75a,0xcd28e5725320
0x46d773,0xc8d283465a0
0x45fefd,0x66598a7ba4c0
0x47338d,0xcd28e587bd94
0x53cb5b,0xd6fa9538b398
0x45ff7e,0xc911b24da4cc
0x47338d,0xcd28e5882774
0x443d2b,0xcd28e588c651
0x46001c,0x28d7cf4210c0
0x47338d,0xcd28e58925e4
0x53cb5b,0xa1abd7fdebf8
0x47338d,0xcd28e589c53c
0x46001c,0x878ddfa41c40
0x410b32,0xcd28e58b13a0
0x410c00,0xcd28e58b1358
0x473397,0xcd28e58b4f80
0x463a96,0x2149a6cabca0
0x46d15e,0xc911b24ded70
0x46d75a,0xcd28e58c0990
0x53cb5b,0xd79e62ae5308
0x46d773,0xd79e62af2ec0
0x410800,0xd79e62af2ea0
0x53cacd,0xf775d31c08e8
0x410b32,0xcd28e58c98d0
0x412cc0,0xcd28e58cc1d8
0x46d151,0x735ce4b80188
0x443d2b,0xcd28e58d4721
0x46d773,0xd79e62b8c1f0
0x463a8d,0xce1384fb5278
0x463aa3,0xcd28e58e7c7c
0x46d75a,0xcd28e58e7cd0
0x473397,0xcd28e58f1e00
0x410887,0xcd28e58f1c40
0x45ff7a,0x7ebb3c7f510c
0x410c00,0xcd28e58fbf78
0x460050,0xce1384fd5120
0x443d2b,0xcc2ca3775131
0x5405e9,0xd79e62b05ab8
0x45feea,0xca49da3c8b8c
0x410c00,0xcd28e5906588
0x42ccad,0xd9e9d6682770
0x46d75a,0xcd28e5918fc0
0x410c00,0xcd28e5919108
0x45ff90,0x4741a6425700
0x41091b,0xc48ca901bf48
0x5405e9,0xf64c9f09b8
0x45ff56,0x98f5690dbf70
0x410800,0x6c53703309b0
0x410b32,0xa040f205bf50
0x53cacd,0x6c537034b548
0x46d743,0xcc2ca376b578
0x410c00,0xa040f20608e8
0x53cacd,0x6c537035bf58
0x463aa3,0xa040f206312c
0x410b32,0xa040f2067cf0
0x410b90,0xa040f2067c48
0x42ccad,0x6c53703a47e0
0x46d773,0xa7d08ad07cd0
0x443d2b,0x28d7cf427cf1
0x410700,0xa040f2071340
0x42ccad,0xa7d08ad13d00
0x46d743,0x7ebb3c7f6c38
0x463a8d,0xc8d283509b8
0x473397,0xa040f2081180
0x410800,0x5829a6ec65a0
0x443d2b,0xa040f20863b1
0x463e27,0xa040f2091370
0x46d15e,0xce13850709b0
0x46000d,0x6c537033c538
0x463aa3,0xa040f20a018c
0x53cacd,0x9895a7bc5308
0x46d181,0x99d8269e0d40
0x463e27,0xa040f20ac670
0x47338d,0xa040f20b2ed4
0x410c26,0xa040f20b6778
0x473397,0xa040f20bed40
0x443d2b,0xa040f20c7a21
0x53cb5b,0x9895a7bf3558
0x47338d,0xa040f20cdff4
0x46001c,0xff3c8d5e7c40
0x46d75a,0xa040f20d31f0
0x47338d,0xa040f20d3564
0x410b90,0xa040f20de508
0x473397,0xa040f20e10c0
0x473397,0xa040f20e1190
0x47338d,0xa040f20e5a84
0x53cb5b,0x9895a7c19f98
0x53cacd,0x9895a7c208e8
0x46001c,0xcc2ca371a4f0
0x46d15e,0xa040f20edfd0
0x463e27,0xa040f20f1e10
0x46d75a,0xa040f20f8990
0x5405e9,0x71d5f3e8cdb8
0x47338d,0xa040f2105134
0x47338d,0xa040f210533c
0x463a96,0x6af9d6d11350
0x47338d,0xa040f2114fa4
0x463a96,0x6af9d6d113a0
0x463e27,0xa040f2116410
0x410c00,0xa040f2116758
0x46d75a,0xa040f2118ff0
0x42ccad,0x71d5f3ea2770
0x47338d,0xa040f211ed44
0x463e27,0xa040f21211b0
0x443d2b,0xa040f2122741
0x4602e0,0xa040f21265b0
0x410c00,0xa040f2128b98
0x410b32,0xa040f2130fa0
0x53cb5b,0x71d5f3ef9108
0x443d2b,0xa040f213ebc1
0x46d15e,0xff3c8d5e7a30
0x460050,0xc8d282c98e0
0x410c00,0xa040f2140d48
0x45ff4d,0x66598a781c58
0x443d2b,0xd79e62b9a4c1
0x473397,0xa040f2147280
0x45ff62,0x2e448dacb390
0x45ff4d,0x6c5370392ea8
0x409eee,0x71d5f3f447f8
0x410c00,0xa040f215c518
0x463aa3,0xa040f215ed5c
0x45ff7e,0x8d986902b38c
0x463e27,0xa040f2166590
0x463a96,0x6af9d6d11c50
0x46d15e,0xce138516c640
0x460050,0xa040f211a4f0
0x53cacd,0x71d5f3f6cd88
0x46d75a,0xa040f2173540
0x443d2b,0xcd28e5887231
0x41091b,0x71d5f3f96408
0x45ff7a,0x2e448dac512c
0x5405e9,0x9895a7cb6c38
0x463a8d,0xa040f20f25e8
0x53cb5b,0x71d5f3fb6748
0x46d773,0x71d5f3fb9fb0
0x443d2b,0xa040f20f31f1
0x411557,0xa040f21925cc
0x443d2b,0xa040f2193d11
0x45ff56,0xbf7dd60209b8
0x5405e9,0x71d5f3fc1c78
0x46d773,0x71d5f3fb5260
0x463aa3,0xa040f21a276c
0x45ff4d,0x28e837c9ed78
0x45ff62,0xf5d9bd0909a0
0x53cacd,0xbf7dd5f08ba8
0x410b32,0xa040f21a5330
0x45ff4d,0x6c537038dfc8
0x46d193,0x9895a7cd9130
0x53cacd,0x71d5f3ff1e08
0x46d743,0xa040f2168bb8
0x463aa3,0xa040f21b3d2c
0x45ff62,0x774a7ed96760
0x473397,0xa040f21b9110
0x463e27,0xa040f21ba4d0
0x46d18d,0x9895a7ce7a10
0x409eee,0x71d5f3fb3d38
0x463a96,0xd6fa9537a4d0
0x45ff56,0xbf7dd6027cc0
0x45fee6,0xbf7dd6027c6c
0x47338d,0xa040f21c5a94
0x42ccad,0xca49da334720
0x45ff7e,0x9895a7cfdc4c
0x410887,0xa040f21ccd80
0x47338d,0xa040f21d09a4
0x473397,0xa040f21da4c0
0x45ff7e,0x8ac8847610cc
0x53cb5b,0xca49da376c08
0x47338d,0xa040f21e5ab4
0x463e27,0xa040f21e7200
0x45ff62,0x8ac8847725e0
0x410b32,0xa040f21f1370
0x410700,0xa040f21f1380
0x47338d,0xa040f21f4714
0x46d15e,0xc8d282e0190
0x45ff7e,0xd9e9d65d6c20
0x45ff62,0x66598a7ab540
0x46d15e,0xbf7dd5fb3d10
0x53cb5b,0x11faa1778998
0x412cc0,0xa040f220dfc8
0x47338d,0xa040f2211c64
0x558f9a,0xff3c8d633540
0x45eebb,0x28e837ce3118
0x449502,0xff3c8d61ed44
0x4518c8,0xcd28e5738ff8
0x53e487,0xd9e9d66b89a8
0x456269,0xff3c8d631c78
0x4518c8,0xcd28e573a4f8
0x45fdd7,0xbf7dd5f3a4d0
0x46d614,0xb7ac7a94c1c0
0x456269,0xff3c8d631e08
0x53e0c1,0xc8d282a7ce8
0x53e0c1,0x66598a7d2ea0
0x46d633,0x66598a7d2ec0
0x448b7a,0xa980922fbf48
0x53e083,0xc2041aa78ff0
0x45eea7,0xa98092300190
0x53e487,0x7ebb3c825728
0x494c73,0xd9e9d664cd80
0x42f2dc,0xff3c8d6331d0
0x447a20,0xd6fa95371e00
0x449609,0xcc2ca3833578
0x4494de,0xf5d9bd00c1c0
0x4518c8,0xce1384f74fb8
0x45eea0,0xce1384f8d7a8
0x4537e7,0xce1384f8dfdc
0x53e0c1,0x71d0d59f4f98
0x4494ea,0x66598a7531c8
0x45ee80,0xd6fa95371c50
0x494c73,0x99d826a02770
0x47338d,0xd6fa95372e84
0x559fe0,0xd79e62a67c58
0x42d5ac,0xcd28e5734fb8
0x42dd73,0xd6fa95379fa8
0x44952d,0x66598a7cb388
0x53e083,0xd79e62b8cda0
0x4494f2,0xd79e62b54700
0x4518c8,0xcd28e576cdb8
0x45ee80,0xd6fa953789a0
0x44952d,0x878ddfa01c48
0x448b7a,0xd6fa95380d78
0x53df0a,0x28d7cf5d31e0
0x45eea7,0xce1384ff2e80
0x448b7a,0xce1384ff2ec8
0x4537e7,0xce1385008b8c
0x45eea7,0xce13850125d0
0x53df14,0x878ddfa3ebc8
0x53e083,0x71d0d5891c78
0x53e0c1,0xf5d9bd0a10e8
0x53e083,0x71d0d5a1ed70
0x53e083,0xb7ac7a96c668
0x53df0a,0xd79e62b07ce8
0x494c73,0xcd28e5799100
0x494c73,0xcd28e579a4c0
0x4602e0,0xd6fa95381c78
0x42d593,0xcd28e57b9fb0
0x53e083,0xa040f209ed78
0x53e083,0xdc4761a45738
0x53df14,0x878ddf9f8fc8
0x53e083,0xf5d9bd165aa8
0x53e083,0xdc4761a72eb0
0x53e088,0xdc4761a74710
0x451882,0xce138502bcb8
0x45eea7,0xce13850331f0
0x45eeb8,0xcd28e57ab550
0x53e083,0xd79e62af2ea0
0x53e083,0xd79e62b8c1f0
0x53e083,0xd79e62b05ab8
0x456269,0xce13850263a8
0x53df14,0xe8035e45a4f8
0x494c7e,0x6af9d6d131f8
0x463aa3,0xd6fa9539098c
0x451882,0xd6fa9538cdb0
0x448b7a,0xce138505ebd8
0x53e65a,0x49950aac7a08
0x46d633,0xcc2ca3791c40
0x4494ea,0xf5d9bd1410c8
0x53e65a,0x49950aa76758
0x456269,0xce138505e538
0x53e65a,0xf5d9bd1498d8
0x4537e7,0xce1385078fcc
0x448b5a,0xd6fa95396408
0x45eea7,0xce1385096770
0x4518c8,0xce13850b9fb8
0x45eeb8,0xce13850ab3a0
0x451882,0xcd28e57e7208
0x4494de,0x28d7cf418980
0x4537e7,0xce13850be52c
0x53df14,0x71d5f3ff0fa8
0x47338d,0xd6fa95396764
0x46d75a,0xd6fa9539bf40
0x559fe0,0x7ebb3c8465b8
0x53df14,0xcc2ca3842748
0x448b5a,0xd6fa9539bd88
0x4518c8,0xce13850e0d78
0x53df14,0xcc2ca37e47e8
0x449502,0xf5d9bd18c644
0x4537e7,0xce13850ddc5c
0x44952d,0xc8d28305118
0x53df0a,0x4741a6432e98
0x53e5fc,0xc677dabecdb8
0x4537e7,0xce138510313c
0x46d633,0x4741a6432ed0
0x494c73,0xcd28e5811370
0x473397,0xd9e9d65d5100
0x42f294,0xd6fa953a08f8
0x45eeb8,0xce13851125e0
0x53e5fc,0xa1abd7fe08f8
0x44952d,0xa1abd7fe0998
0x53df14,0xcc2ca38bbf58
0x494c73,0xce1384ffa4f0
0x45eeb8,0xd6fa953a5730
0x53e65a,0xd79e62ab1c68
0x456269,0xd6fa953a7a08
0x4537e7,0xce1385152e9c
0x456269,0xd6fa953a7cf8
0x45ee80,0xd6fa953a7c60
0x4518c8,0xcd28e583c538
0x44952d,0x32bd14b925c8
0x45eea7,0xce13851731d0
0x53e62b,0x1a70aa6f3d20
0x449502,0xd79e62b4b544
0x494c7e,0xcd28e584cdb8
0x494c73,0xcd28e584e810
0x494c7e,0xb660569513b8
0x559fe0,0x7ebb3c841c48
0x42d5ac,0x7ebb3c8408f8
0x4495c3,0xd9e9d6640980
0x46d614,0x1a70aa6f6400
0x456269,0x67b1c33c11b8
0x46d614,0xb1739fbcc1c0
0x44952d,0xb1739fbd1c58
0x451882,0xcd28e585bdb8
0x46d614,0x1719cc66380
0x451882,0xd6fa953ad7b8
0x4537e7,0xcd28e58531cc
0x5405e9,0xd9e9d66408f8
0x4115a9,0xd9e9d66a6580
0x46d736,0xcc2ca36f0fb0
0x4552c0,0xd9e9d66b5264
0x46d773,0xc8d2835356c
0x4115a9,0xd9e9d66b9f80
0x46d75a,0xd9e9d66c01a0
0x412c87,0xd9e9d66c47e8
0x53de87,0xd9e9d66c5118
0x448b5d,0xc8d28354710
0x411d2f,0xce1384f808f8
0x412c87,0xce1384f85ab8
0x45528e,0xce1384f931c4
0x558f9a,0xce1384f93d10
0x4552c0,0xce1384f99fa4
0x448b63,0xd9e9d66ba4c8
0x46d773,0xcc2ca37109b8
0x412cc0,0xd6fa9536e838
0x447a20,0xcd28e5755260
0x4552c0,0xcd28e5755114
0x412cc0,0xce1384fb1348
0x460a83,0xce1384fb13b8
0x53de87,0x71d5f3fb1398
0x447a20,0xce1384fc7200
0x46d75a,0xce1384fc7a10
0x4552c0,0xce1384fcb3a4
0x412cc0,0xce1384fe1c68
0x447a40,0xce1384febcb0
0x411c2e,0xce1384feb388
0x448b5d,0xce1384fec1d0
0x46d773,0xd9e9d65d0fb8
0x412cc0,0xce1384ff5138
0x45736c,0xce1385005120
0x46d773,0xce1384fac678
0x53e49f,0x41d09e9c01b8
0x558f9a,0xcd28e57863b0
0x4552c0,0xce138502b574
0x4552c0,0xce13850309b4
0x53de87,0xce1385031348
0x558f9a,0xce1385033d00
0x53de87,0xce1385034728
0x411d2f,0xce1385033550
0x559212,0xce1385038ff0
0x412cc0,0xce138503ed78
0x447a20,0xce1385045a90
0x411d2f,0xce1385045110
0x412cc0,0xce138504c648
0x53de87,0x4741a642b388
0x447a39,0xce1385060d70
0x4552c0,0xce1385065734
0x4552b0,0xce1385068b88
0x45736c,0xce1385020d60
0x4552b0,0xce138506cdb8
0x45736c,0xce1385027ce0
0x45736c,0xc8d28347c60
0x448b63,0xc8d28347cc8
0x4552b0,0xce138507dc68
0x412c87,0xce1385087a08
0x4552c0,0xce138508c1f4
0x558f9a,0xcd28e57d3540
0x411d2f,0xce138508cd90
0x447a40,0xce138509e530
0x46d75a,0xce138509ed50
0x45528e,0xce138509ebf4
0x45fd16,0xce13850623c0
0x4552c0,0xce13850a08f4
0x4552b0,0xce13850a0998
0x411d2f,0xce13850a01a0
0x412cc0,0xd6fa95392ea8
0x4115a9,0xd6fa95392ec0
0x46d773,0xd9e9d65d4738
0x412c87,0xce13850d4738
0x4552c0,0xce13850d4f84
0x448b5d,0xce13850808f0
0x559212,0xce13850e8ba0
0x4552c0,0xce13850f9124
0x448b5d,0xc8d28359fb0
0x53de87,0xce13851047e8
0x448b63,0xc8d2835bf48
0x4552c0,0xcd28e5803104
0x558f9a,0xce13850fdc70
0x4552c0,0xce1385115114
0x558f9a,0xce1385115250
0x46d729,0xce13850d6740
0x45ff7e,0x2e448da9bdac
0x4552b0,0xce1385128bb8
0x460a83,0xce138512c678
0x558f9a,0xce1385140d60
0x45ff7a,0x8ac884753d0c
0x411c2e,0xd6fa9539ebe8
0x45528e,0xce13851423d4
0x412cc0,0xce1385145738
0x558f9a,0xce13851525f0
0x53de87,0xce1385150fa8
0x46d75a,0xce1385152ef0
0x4552c0,0xce1385165734
0x447a40,0xce1385168bb0
0x4552b0,0xce1385173d28
0x4115a9,0xd6fa953a5a80
0x45528e,0x67b1c33c1c44
0x4552b0,0x67b1c33c5708
0x53de87,0x49950aae5308
0x46d736,0xcc2ca36f25d0
0x447a20,0xcd28e571e530
0x46d75a,0xcd28e571ed40
0x447a14,0xcd28e571ebe4
0x46d75a,0xcd28e5725320
0x45736c,0xc8d283465a0
0x46d736,0xce138504bc90
0x4552b0,0xcd28e572c1c8
0x411d2f,0xcd28e572cda0
0x447a20,0xcd28e5853d00
0x53e62b,0x1a70aa706580
0x46d736,0xcc2ca36f0fb0
0x4495c3,0xff3c8d61ed44
0x451882,0xa040f2218ff8
0x4494ea,0x1a70aa70d788
0x451882,0xa040f2227a08
0x44959a,0xb7ac7a94c1c0
0x45fe42,0x2e448daba4c0
0x457432,0xd9e9d663ebf0
0x45ee80,0xa040f2230f80
0x4518c8,0xa040f22331f8
0x449609,0x66598a7d2ea0
0x451882,0xa040f222e808
0x456331,0xa98092300d40
0x44962d,0x7ebb3c825728
0x45ee80,0xd9e9d664b390
0x45fdd7,0x2e448dabe500
0x53df0a,0x3a044724bc98
0x448b5d,0xd9e9d66423e0
0x44959d,0xf5d9bd00c1c0
0x456331,0xce1384f85110
0x4518c8,0x998897f65738
0x448b5d,0xd9e9d66b1360
0x53e65a,0x2c2cbb432e98
0x53df14,0x4d2bb47c5128
0x53e62b,0x1a70aa7247e0
0x451950,0x998897f75278
0x53e62b,0x1a70aa7263a0
0x45eeb8,0xcd28e58d1c60
0x45fe42,0x2e448dacb390
0x448b5d,0xc911b24d89a0
0x45ff56,0xce1384fec1d0
0x44952d,0x71d5f3e1ebd8
0x44959d,0x66598a7531c8
0x456269,0xcd28e5755114
0x449609,0xd79e62b8cda0
0x53e65a,0xd79e62bded58
0x4537e7,0xcd28e58e7c7c
0x4495c3,0xd79e62b54700
0x451882,0x998897f91348
0x44e194,0x998897f913b8
0x456331,0xce1384fd9f80
0x53e62b,0xd79e62c35120
0x457432,0xcc2ca386d7b0
0x53df14,0x66598a7b2e98
0x53df0a,0xbf7dd5e66388
0x449680,0x4741a6440d70
0x45eeb8,0x998897f810c0
0x44e194,0xd9e9d6651378
0x44e248,0xd9e9d6651388
0x46d773,0xd9e9d65d0fb8
0x463e27,0xce1384ff2e80
0x412cc0,0xce1384ff5138
0x45eeb8,0x998897fab550
0x411804,0x28d7cf5d31e0
0x448b7a,0xcd28e5907c68
0x53df0a,0xbf7dd5e7bf48
0x4494f2,0x6c5370373d00
0x448b7a,0xcd28e590c648
0x53e62b,0x6c53703a5720
0x463aa3,0xce1385008b8c
0x45ff4d,0x28e837c8e838
0x45ff7a,0xbf7dd5ee7cec
0x451882,0x998897fb6758
0x451882,0x998897fb9138
0x463e27,0xce13850125d0
0x53e62b,0xa7d08ad31c50
0x4494de,0xbf7dd5e93d00
0x40b657,0x878ddfa3ebc8
0x53df14,0xd79e62b531e8
0x448b5d,0xce1384fab560
0x451882,0xd9e9d6655138
0x463e27,0xce13850331f0
0x558f9a,0xce1385033d00
0x45ff7a,0xca49da3c8b8c
0x451882,0x998897fd3558
0x4494ea,0xbf7dd5ec10c8
0x412cc0,0xce138503ed78
0x451882,0xcd28e57abc98
0x411913,0xce1385045110
0x448b83,0xce1385001c40
0x53e65a,0x1a70aa6f1e38
0x45eeb8,0xd6fa953863b0
0x45ee80,0xa040f206c670
0x45eeb8,0xd9e9d6659100
0x448b5d,0xd6fa95385aa8
0x448b5a,0xce138505ebd8
0x45eeb8,0x7424745a72b0
0x44952d,0x71d5f3e8c1d8
0x53e65a,0xcd28e587dc48
0x4561ac,0xce1385065734
0x4518c8,0x7424745b3578
0x45ee80,0xd9e9d665bda0
0x412cc0,0xce138506e808
0x44e248,0x7424745b1e08
0x4494f2,0xbf7dd5f6bc80
0x4064e3,0xf5d9bd1498d8
0x45eeb8,0xcd28e57c7cc0
0x45eea0,0xa040f2091e38
0x45eea7,0xa040f2091370
0x448b7a,0xa040f20913b8
0x53df0a,0x71d5f3e4c670
0x53df0a,0x71d5f3f21c48
0x451882,0xbdae4ab008c8
0x53e62b,0x1caddedfed50
0x4561ac,0xce138508c1f4
0x4537e7,0xa040f20a018c
0x451882,0xd9e9d665a4c8
0x45ee80,0xbdae4ab07a20
0x4494de,0x2c2cbb5c5100
0x447a40,0xce138509e530
0x45eea7,0xa040f20ac670
0x46d75a,0xce138509ed50
0x53df14,0xbf7dd5f96c18
0x456171,0xce138509ebf4
0x45ee80,0xd9e9d6660980
0x44e194,0xbdae4ab10fb8
0x44e194,0x97192ff91398
0x448b7a,0xa040f20b6438
0x45ee80,0xf848bcf0b3a0
0x4494f2,0x1a70aa761c40
0x463aa3,0xce13850be52c
0x4494f2,0x1a70aa765700
0x53df0a,0xbf7dd5fc10e8
0x42ca41,0x71d5f3ff0fa8
0x4518c8,0xf848bcf11e38
0x412cc0,0xd6fa95392ea8
0x44952d,0xbf7dd5fc1188
0x44e248,0xd9e9d6662748
0x451882,0xf848bcf20988
0x45eeb8,0xf848bcf272b0
0x4495c3,0xf5d9bd18c644
0x559212,0xce13850e8ba0
0x4495c3,0xc8d28305118
0x53df14,0xbf7dd5feb3a8
0x46d614,0x7cb731920980
0x4561ac,0xce13850f9124
0x45fdd7,0xbf7dd5e5ed60
0x45eeb8,0xd6fa95398980
0x44e194,0xf848bcf32ea8
0x45eeb8,0xf848bcf210c0
0x45eea7,0xa040f20f1e10
0x411804,0x4741a6432e98
0x53e65a,0x7cb731927288
0x4494de,0x7cb731927200
0x45fe42,0x1719cc725e0
0x45ff7a,0x8ac884753d0c
0x4561ac,0xce1385115114
0x45ee80,0xd9e9d6667a30
0x44e194,0xf848bcf4d788
0x456198,0xce1385128bb8
0x4602c7,0xce138512c678
0x45ee80,0xd9e9d6667ce0
0x45eea7,0xa040f2116410
0x53df14,0xbf7dd602dfd8
0x45ff7e,0x1caddedd642c
0x45ff56,0x1caddede47d0
0x451882,0xf848bcf3e528
0x45eea0,0xa040f2121c78
0x45eea7,0xa040f21211b0
0x448b83,0xce13850f1340
0x45eeb8,0xd9e9d66665b0
0x53df0a,0xaa4eb5de1c68
0x412cc0,0xce1385145738
0x45eeb8,0xf848bcf73540
0x4064e3,0xd79e62ab1c68
0x45ee80,0xf848bcf73d00
0x4602cb,0xce1385150fa8
0x558f9a,0xce13851525f0
0x451882,0xf848bcf74f88
0x463aa3,0xce1385152e9c
0x45ff4d,0x28e837c92eb8
0x44952d,0xaa4eb5df3548
0x449502,0x7cb7319410c4
0x45ff7e,0xc8d283465a0
0x44962d,0x32bd14b925c8
0x456269,0xce1385165734
0x45ee80,0x1a64fc5b2eb0
0x447a40,0xce1385168bb0
0x463e27,0xce13851731d0
0x456198,0xce1385173d28
0x449609,0x1a70aa6f3d20
0x53e65a,0xca49da340d78
0x456171,0x67b1c33c1c44
0x449609,0x1a70aa6f6400
0x456198,0x67b1c33c5708
0x451882,0x1a64fc5c47f8
0x45eeb8,0x1a64fc5c23f0
0x53e5fc,0x7cb731956438
0x4537e7,0xa040f215ed5c
0x448b7a,0xa040f215ebf8
0x45fe42,0x3a0447275240
0x46d736,0xcc2ca36f25d0
0x53df14,0x1719cc95268
0x447a40,0xcd28e571e530
0x45ee89,0x1a64fc5cc660
0x45eea7,0xa040f2166590
0x46d75a,0xcd28e571ed40
0x44959a,0xb1739fbcc1c0
0x456171,0xcd28e571ebe4
0x53df14,0xc8d2817bd98
0x4495c3,0xb1739fbd1c58
0x451950,0xcd28e585bf78
0x463e27,0xcd28e5725120
0x44e194,0x1a64fc5ce828
0x448b5d,0xc8d283463a0
0x44959a,0x1719cc66380
0x53e5fc,0x7cb7319601b8
0x46d736,0xce138504bc90
0x53e5fc,0x7cb7319611b8
0x456198,0xcd28e572c1c8
0x449502,0x7cb731962744
0x558f9a,0xa040f2216400
0x4552b0,0xa040f221e508
0x45ff62,0x2e448dabe500
0x46d743,0xc8d2835356c
0x4552c0,0xa040f2227224
0x558f9a,0xa040f2227280
0x448b5d,0xfdfd3a8c3130
0x45ff7e,0x2e448dac512c
0x447a39,0xcd28e58a09b0
0x53e62b,0x7cb731967230
0x53df0a,0xc8d281a3120
0x4494ea,0x7cb731967288
0x410f2c,0xcd28e58b1358
0x410f8a,0xcd28e58b13a0
0x460050,0x3a044724bc98
0x463a96,0x2149a6cabca0
0x559212,0xcd28e58b8fc0
0x46d736,0xc911b24ded70
0x45ff56,0x2e448dacb390
0x46d75a,0xcd28e58c0990
0x410f8a,0xcd28e58c98d0
0x46d743,0xcc2ca37109b8
0x412cc0,0xcd28e58cc1d8
0x45528e,0xcd28e58cdfc4
0x451882,0x1a64fc5eb578
0x45ee89,0x1a64fc5ebcb0
0x4537e7,0xa040f21a276c
0x45ee80,0xa040f21a5a80
0x45ff7e,0xbf7dd5e66388
0x45ff7a,0x2e448dad0f9c
0x46d75a,0xcd28e58e7cd0
0x448b5d,0xce1384fb5278
0x4552c0,0x998897f96404
0x410f2c,0xcd28e58fbf78
0x45736c,0xce1384fd5120
0x45ff7a,0xbf7dd5e54f8c
0x45528e,0xcd28e59010e4
0x4552b0,0xcd28e5901c58
0x40d2a0,0x998897fa0980
0x45ee80,0x1a64fc5f25d0
0x451882,0x1a64fc5f1388
0x4518c8,0x1a64fc5f1378
0x451950,0x46a8494a3138
0x448b7a,0xa040f21ae808
0x4537e7,0xa040f21b3d2c
0x46d743,0xd9e9d65d0fb8
0x4552b0,0x998897fa63b8
0x410f2c,0xcd28e5906588
0x45528e,0xcd28e5907cc4
0x447a20,0xcd28e59098f0
0x448b5a,0xcd28e590c648
0x460050,0xbf7dd5e7bf48
0x46d743,0xce1384fac678
0x46d75a,0xcd28e5918fc0
0x410f2c,0xcd28e5919108
0x4552b0,0xa040f203bd98
0x463a8d,0xbf7dd5e93d00
0x45eea7,0xa040f21ba4d0
0x45ee80,0x998897fc3110
0x410f8a,0xa040f205bf50
0x45ff7e,0x8ac8847610cc
0x4552c0,0x998897fd9134
0x410f2c,0xa040f20608e8
0x463aa3,0xa040f206312c
0x46d773,0xcc2ca376b578
0x45ff56,0xbf7dd5f6bc80
0x45528e,0xa040f2067a04
0x410f25,0xa040f2067c48
0x410f8a,0xa040f2067cf0
0x4552c0,0xa040f206c670
0x447a20,0xa040f2071c70
0x451882,0xa040f21d4fb8
0x45ee80,0xa040f21d4720
0x45ee80,0x998897fc5100
0x456269,0x7424745a63a8
0x448b5d,0x98f5690dbf70
0x46d773,0x7ebb3c7f6c38
0x448b5d,0xc8d283509b8
0x46d773,0xcd28e58a23dc
0x45ff7e,0x8d986902b38c
0x559212,0xa040f2088ba0
0x46d736,0xce13850709b0
0x460050,0x71d5f3e4c670
0x460050,0x71d5f3f21c48
0x46d75a,0xbdae4ab07230
0x40d29a,0xbdae4ab07298
0x4494f2,0xcd28e5723100
0x45ee80,0x71d0d58810f0
0x449502,0xc8d28202744
0x45ee80,0xa040f21e7ce0
0x45eea7,0xa040f21e7200
0x45ee80,0xbdae4ab07cd0
0x451882,0xbdae4ab06588
0x463e27,0xa040f20ac670
0x447a20,0xa040f20b4700
0x410f4f,0xa040f20b6778
0x448b5a,0xa040f20b6438
0x558f9a,0xf848bcf0b570
0x448b5d,0x5115331401a0
0x4552b0,0xa040f20c47d8
0x460050,0xbf7dd5fc10e8
0x53e62b,0x7cb7319925d0
0x45ee80,0x71d0d5887290
0x451882,0xbdae4ab098d8
0x4552c0,0xf848bcf201a4
0x46d75a,0xa040f20d31f0
0x4552b0,0xa040f20ded78
0x410f25,0xa040f20de508
0x559212,0xa040f20e8bb0
0x4552b0,0xa040f20f0f98
0x46d736,0xa040f20edfd0
0x46d75a,0xa040f20f8990
0x46d773,0xbf7dd5fb31d0
0x53df0a,0x511533133540
0x4552b0,0xa040f2105708
0x463a96,0x6af9d6d11350
0x448b63,0xce13850f25d0
0x463a96,0x6af9d6d113a0
0x463e27,0xa040f2116410
0x410f2c,0xa040f2116758
0x46d75a,0xa040f2118ff0
0x4552b0,0xf848bcf65318
0x448b5d,0xcc2ca371a4f0
0x410f2c,0xa040f2128b98
0x4552b0,0xa040f212cd88
0x410f8a,0xa040f2130fa0
0x558f9a,0xf848bcf79100
0x448b83,0xff3c8d5e7c40
0x46d736,0xff3c8d5e7a30
0x410f2c,0xa040f2140d48
0x45736c,0xc8d282c98e0
0x45ff7a,0x99d8269f472c
0x4552b0,0x1a64fc5b5268
0x4552b0,0xa040f2158fd8
0x410f2c,0xa040f215c518
0x4552c0,0xa040f2162744
0x463a96,0x6af9d6d11c50
0x46d736,0xce138516c640
0x457432,0xa040f211a4f0
0x46d75a,0xa040f2173540
0x448b5d,0xa040f20f25e8
0x45fd16,0xa040f2131340
0x411557,0xa040f21925cc
0x46d773,0xa040f20f3d20
0x4552c0,0xa040f2192e94
0x558f9a,0xa040f2192ef0
0x4552b0,0x1a64fc5e7228
0x4552b0,0xa040f219dc78
0x447a40,0xa040f21a08c0
0x410f8a,0xa040f21a5330
0x45528e,0xd6fa95373d24
0x46d773,0xa040f2168bb8
0x4552b0,0xa040f21c2768
0x463a96,0xd6fa9537a4d0
0x558f9a,0x998897fa5100
0x447a40,0x998897fc5300
0x4552c0,0x71d0d58811a4
0x45528e,0xa040f21e72a4
0x4552b0,0xa040f21e7c78
0x4552b0,0x7424745ac1d8
0x558f9a,0xbdae4ab0b380
0x410f8a,0xa040f21f1370
0x45528e,0xa040f21f6c24
0x46d736,0xc8d282e0190
0x46d736,0xbf7dd5fb3d10
0x45ff4d,0x28e837c9ed78
0x45ff62,0xf5d9bd0909a0
0x412cc0,0xa040f220dfc8
0x558f9a,0xa040f220e820
0x447a20,0xf848bcf223c0
0x46d75a,0x66598a841c70
0x53cb1d,0xcc2ca3838988
0x45ff4d,0x28e837c9e538
0x45eebb,0x28e837ce3118
0x412c87,0xd5483427ce8
0x443d2b,0xd548342b551
0x473397,0xd548342cd88
0x45ff62,0x2e448db30f80
0x412cc0,0xd5483431348
0x412cc0,0xd5483433d28
0x45ff56,0xc8d281cb380
0x47338d,0xd548343a4dc
0x45ff56,0x71d0d59247e0
0x45ff62,0x8ac8847725e0
0x45ff62,0x7ebb3c894720
0x494c82,0x66598a7f8988
0x494c7e,0x66598a807c78
0x494c73,0x66598a825a80
0x53cb5b,0xd54834410f8
0x45ff7e,0x1caddedd642c
0x463aa3,0x6af9d6d125cc
0x4561ac,0x6af9d6d12ed4
0x456198,0x6af9d6d12e98
0x447a40,0x6af9d6d15100
0x46d736,0x6af9d6d19120
0x42d894,0x2c2cbb507cd8
0x53df14,0x878ddfa210e8
0x53e62b,0x7cb731a95100
0x53df0a,0x71d5f3e2b550
0x4494ea,0xc8d2823ebc8
0x53df14,0xc8d2824b548
0x4518c8,0x8ac884725338
0x456331,0x8ac884722750
0x46d633,0x49950ab2c640
0x53ffd1,0xc8d28299fb8
0x53ffd1,0xc8d282a1c78
0x4494f2,0xc8d282abc80
0x4494f2,0xc8d282b3d00
0x45eeb8,0x8ac8847401a0
0x46d614,0xc8d282c0980
0x45ee80,0x8ac8847423d0
0x451882,0x8ac884740988
0x45eea0,0x8ac88471bf78
0x53df14,0x66598a799128
0x45ee80,0x8ac884747280
0x451882,0x8ac884746388
0x45eeb8,0x8ac8847465a0
0x44952d,0x71d5f3fb1c58
0x45eea7,0x8ac88474c650
0x46d633,0x878ddf9d9100
0x45ee80,0x4d2bb47c6580
0x494c73,0x5115330c10e0
0x494c73,0x71d5f3f94f80
0x559212,0xbcd57edf8fd0
0x46d75a,0x8ac88471c500
0x460a83,0x8ac88471ebd9
0x460b48,0x7ebb3c81bf78
0x45528e,0x8ac884721c74
0x558f9a,0x8ac8847247c0
0x46d773,0x8ac884754720
0x447a14,0x8ac88472b544
0x412c87,0x8ac884727a08
0x4552c0,0x8ac884733544
0x411c2e,0x8ac884735138
0x4552c0,0x8ac884736c04
0x411c2e,0x8ac884736428
0x411c2e,0x8ac884725718
0x4602e0,0x8ac884738980
0x53de87,0x79f1064d9f88
0x460a83,0x8ac884739f89
0x447a20,0x8ac88473bf50
0x559212,0x8ac88473bd80
0x53de87,0xd79e62b13550
0x46d75a,0x8ac884720d40
0x46d773,0x8ac884767220
0x46d773,0x49950ab10fb0
0x4552c0,0x8ac8847447e4
0x4552b0,0x8ac884745a98
0x460a83,0x8ac884745319
0x53de87,0xa1abd7fddc60
0x4552b0,0x8ac88471bd88
0x4552b0,0x8ac884747218
0x53e49f,0x28e837cf1c78
0x411c2e,0x8ac88474b578
0x4552c0,0x4d2bb47c63b4
0x45ff56,0xce13850f1340
0x46d193,0x557be3059130
0x473397,0x8ac88471a4c8
0x45ff7e,0x9895a7cfdc4c
0x53cb5b,0xcc2ca3785738
0x53cb5b,0xa7d08ad58ff8
0x46d743,0x8ac884756438
0x46d151,0x9895a7d7dc48
0x45ff56,0x8ac8847601a0
0x4608f4,0xb381a59100
0x45ff62,0x774a7ed96760
0x47338d,0x8ac88472cdac
0x45ff7e,0x2e448da9bdac
0x473397,0x8ac884727cc8
0x47338d,0x8ac884732ecc
0x448b63,0x8ac88475c508
0x46d18d,0x9895a7dabca0
0x46d18d,0xfaef359b25d0
0x46d736,0xfaef35b45a90
0x46d743,0x8ac8847647f8
0x53cacd,0xfaef359c5138
0x448b63,0x8ac884767288
0x46d743,0x8ac884773d38
0x412999,0x8ac884747c50
0x473397,0x8ac884719108
0x463aa3,0x54c43c6131cc
0x447a40,0x54c43c613d00
0x559212,0x54c43c618fd0
0x463e27,0x54c43c61ebe0
0x410c00,0x54c43c6247d8
0x47338d,0x54c43c630f84
0x412cc0,0x54c43c636758
0x447a40,0x2e448daa1180
0x4561ac,0x2e448daa10f4
0x451882,0x54c43c635248
0x456171,0xe930e6ba5aa4
0x558f9a,0x54c43c63c510
0x45ff7e,0x2e448dad0f9c
0x473397,0x47b5ad3d5240
0x45ff56,0x2e448daba4c0
0x45eea0,0xb4165fa22778
0x47338d,0xa5b1526208e4
0x448b5a,0xa5b152627c58
0x45fee6,0x1d8d5dacc66c
0x47338d,0xa5b15262c644
0x447a40,0xa5b15262cda0
0x410774,0xa5b1526325c8
0x447a40,0xa5b152632ec0
0x558f9a,0xa5b152632ea0
0x451882,0xa5b152630f98
0x412cc0,0xa5b152639fa8
0x558f9a,0xa5b1526389a0
0x46d75a,0xa5b152640d60
0x47338d,0xa5b152645114
0x4561ac,0xa5b152645724
0x4561ac,0xa5b15264b3a4
0x558f9a,0xa5b152651370
0x456198,0xa5b1526513b8
0x410700,0x71d0d592dfc0
0x45ff56,0x2e448dabe500
0x46d75a,0xa5b152660d40
0x443d2b,0xb4165fa3ebe1
0x463e27,0xa5b152665330
0x410774,0xa5b152665708
0x473397,0xa5b15266bc80
0x46d736,0x2e448dab5270
0x410c00,0xa5b152671e38
0x463aa3,0xa5b152678ffc
0x4561ac,0xa5b15267ebc4
0x456269,0xa5b15267ed78
0x46d743,0x9ae076611c78
0x45eea0,0xb4165fa4d7a8
0x4602e0,0xa5b1526898f0
0x456198,0xa5b152692ed8
0x448b7a,0xa5b152690f88
0x411557,0xa5b152698fcc
0x45eea0,0xb4165fa52ee8
0x410c00,0x4d2bb47bebc8
0x473397,0x4d2bb47bed40
0x47338d,0xb4165fa11c74
0x42f551,0xb4165fa5ebd8
0x42f54e,0xf64c9e3100
0x46d736,0xb4165fa61c70
0x46d75a,0xb4165fa2e820
0x47338d,0xb4165fa30fa4
0x449824,0xb4165fa65aa0
0x42f551,0xb4165fa67c78
0x45ff7e,0x2e448dac512c
0x45fd16,0x54c4531be500
0x42f4e4,0xa5b15267bf60
0x46d736,0xb4165fa6e820
0x45ff56,0xb4165fa58980
0x42f551,0xb4165fa73578
0x463a96,0x5829a6ee1180
0x4494ea,0xcc2ca3865a88
0x45ee80,0xd5483445320
0x45ff62,0x2e448dacb390
0x45ff7a,0xc911b24da4cc
0x53cb5b,0xfaef35aa6598
0x463aa3,0x2e448da2720c
0x46d151,0xff3c8d5f8988
0x46d193,0x71d5f3e9c530
0x53cacd,0xb7ac7a9a7a18
0x411557,0x2e448da331cc
0x45ff7e,0x7cb73199c53c
0x45ff7e,0xce13850210cc
0x47338d,0x2e448da56764
0x410725,0x2e448da59f80
0x53cacd,0xff3c8d627c48
0x53cacd,0xdc4761a8d798
0x53cb5b,0xd79e62a9c538
0x443d2b,0xb4165fa7e511
0x45fece,0xff3c8d5e7c40
0x45ff7e,0xeb0189f78fcc
0x443d2b,0x2e448dad1e11
0x443d2b,0x2e448dad4f81
0x42ccad,0xb7ac7a9d0980
0x473397,0x2e448da71e18
0x53cb5b,0xfaef35ae7c78
0x410800,0x28d7cf4208e0
0x42ccad,0x28d7cf420990
0x412c87,0x2e448da75138
0x410b32,0x2e448da75260
0x53cacd,0x2c2cbb596758
0x45ff7a,0xcd28e5820d7c
0x45ff7e,0xff25d8267cfc
0x47338d,0x2e448da808f4
0x46001c,0xcc2ca371a4f0
0x45ff56,0xbf7dd60209b8
0x473397,0x2e448da810c8
0x45ff62,0xff25d823bd80
0x45ff7e,0xaa79a92d1c4c
0x45ff4d,0x28e837c8e838
0x412cc0,0x2e448da8c668
0x412cc0,0x2e448da90fa8
0x45ff56,0xcc2ca38e5300
0x45ff4d,0x6c537038d7a8
0x47338d,0x2e448da91c44
0x47338d,0x2e448da95104
0x473397,0x2e448da95258
0x53e083,0x49950ab10fb0
0x4561ac,0xf4a57b133d14
0x456269,0xd5483445728
0x447a20,0xd5483451390
0x558f9a,0xd5483451370
0x4602c7,0xd5483436778
0x45eea0,0xd5483445138
0x412cc0,0xd5483431348
0x412cc0,0xd5483433d28
0x558f9a,0xd5483434720
0x4518c8,0xb3a8ecd83138
0x53df14,0x28e837cf5248
0x53df0a,0x98f5690d6410
0x53cb5b,0xbcd57edfbd98
0x53df14,0xd79e62ac7cc8
0x4494de,0xd79e62ac7c40
0x53e70b,0xd79e62ad5138
0x53ffd1,0x71d5f3e07c78
0x4494de,0x71d5f3e07cc0
0x53cb5b,0x66598a82dfc8
0x42ca41,0x878ddfa210e8
0x45eea7,0x8ac8847809b0
0x44959d,0xc8d2823ebc8
0x449609,0x7cb731a95100
0x411a5c,0x8ac88471ebd9
0x45ee80,0x4d2bb47d0fb0
0x40b657,0xc8d2824b548
0x53df0a,0xff3c8d5f4fb0
0x46d633,0x71d5f3e9bf50
0x46d614,0x71d5f3f1c500
0x456171,0x8ac88472b544
0x45ee80,0x54c43c6072b0
0x4518c8,0x54c43c615278
0x456331,0x8ac88472d790
0x45eea7,0x54c43c61ebe0
0x53df14,0x878ddfa32ec8
0x44952d,0x878ddfa32e88
0x45ff7e,0x4741a643642c
0x53df0a,0x66598a847c70
0x4561ac,0x8ac884733544
0x4494ea,0x66598a847cc8
0x45eeb8,0xe930e6ba98f0
0x45ff4d,0x28e837c9ed78
0x45ee80,0xa5b15261ebc0
0x45ff62,0x71d0d593a4f0
0x46d614,0xfc47cbc2d780
0x451882,0xa5b1526211a8
0x448b7a,0xa5b152627c58
0x45ff62,0xa040f2190980
0x45ff56,0xcd28e5908b80
0x44959a,0x49950ab2c640
0x45eeb8,0x8ac884734f80
0x45ff56,0xbf7dd6027cc0
0x45eeb8,0xa5b15263c500
0x4518c8,0xa5b15263a4f8
0x4495c3,0xc8d282abc80
0x46d614,0xd9e9d65e1180
0x451882,0x71d0d5921c68
0x45ee80,0x71d0d5928ba0
0x451882,0xa5b152655118
0x45ff56,0xff3c8d5e7c40
0x4494ea,0x6c5370371e08
0x451882,0xa5b15265a4c8
0x451882,0x8ac8847408e8
0x45ff62,0xce13850f1340
0x4602cb,0xa1abd7fddc60
0x456198,0x8ac884745a98
0x45eeb8,0xa5b152674700
0x45eeb8,0xa5b152676c30
0x45ff62,0x28d7cf4210c0
0x44952d,0x71d5f3fd5108
0x411913,0x8ac884747c50
0x463e27,0x8ac88474c650
0x4495c3,0x71d5f3fb1c58
0x4494ea,0x28d7cf5c0988
0x447a14,0x8ac8847810c4
0x451882,0xbd7c099ed798
0x45eea0,0xbd7c099f1c78
0x4494f2,0x49950aaee800
0x448b7a,0x2e448da265b8
0x44e194,0xbd7c099f2ea8
0x451882,0x2e448da2bca8
0x46d75a,0x54c43c5fe530
0x44e194,0x2e448da40198
0x45eeb8,0x2e448da411b0
0x4494f2,0x25543028cd80
0x451882,0x2e448da408e8
0x448b7a,0x2e448da472a8
0x44e248,0x2e448da40d48
0x46d773,0x2e448da4c640
0x46d614,0xce1384ff4700
0x53e65a,0xaff50079dc78
0x456198,0x54c43c6010c8
0x456198,0x54c43c6011a8
0x53e65a,0xaff5007a5128
0x451950,0x54c43c6001b8
0x4494de,0xd9e9d65ebc80
0x451882,0x54c43c600998
0x53e62b,0x635dff9b1e20
0x448b7a,0x2e448da66598
0x44e194,0x54c43c606388
0x45ee80,0x2e448da6c1c0
0x45ee89,0x2e448da725f0
0x4494de,0x41d09e9a5a80
0x53df0a,0xd6fa9538b540
0x451882,0x2e448da8d7b8
0x456269,0x54c43c60dfd8
0x44e194,0x2e448da8dfe8
0x412cc0,0x54c43c636758
0x447a40,0x2e448daa1180
0x45528e,0xe930e6ba5aa4
0x558f9a,0x54c43c63c510
0x4552b0,0xa5b1526513b8
0x4552c0,0xa5b15267ebc4
0x448b83,0x2e448daba4c0
0x46d773,0x9ae076611c78
0x46d773,0x1d8d5dacc66c
0x410f2c,0x4d2bb47bebc8
0x558f9a,0x2e448da27c50
0x46d773,0x2e448dac512c
0x45528e,0x2e448da325c4
0x45528e,0x2e448da34fa4
0x558f9a,0x2e448da3c530
0x4552b0,0x2e448da47cd8
0x4552b0,0x2e448da50988
0x46d773,0x7cb73199c53c
0x46d773,0x2e448dad0f9c
0x447a39,0x2e448da73570
0x412c87,0x2e448da75138
0x558f9a,0x2e448da7a4f0
0x4552b0,0x2e448da8cd88
0x412cc0,0x2e448da90fa8
0x45528e,0x2e448da96c34
0x494c82,0x66598a7f8988
0x494c7e,0x66598a807c78
0x494c73,0x66598a825a80
0x46d75a,0x66598a841c70
0x494c73,0xd79e62a58fd0
0x494c73,0x66598a823100
0x494c73,0x8a4feef6b380
0x494c73,0x28e837c90fb0
0x494c7e,0x8a4feef75138
0x494c93,0x6af9d6d201b8
0x447a40,0x8a4feef51350
0x4552b0,0xff3c8d5b5268
0x45ff7e,0x99d8269f472c
0x412cc0,0xd5483431348
0x45ff62,0xaa79a92e0d60
0x443d2b,0x7ebb3c89e501
0x463a96,0xaa79a92e23f8
0x410887,0xd5483453540
0x53cb5b,0xd5483455278
0x47338d,0xd5483456c34
0x463a96,0xaa79a92e2778
0x46d75a,0xd5483459fb0
0x410b32,0xd5483460d70
0x42ccad,0xd54834611b0
0x5405e9,0xd54834610f8
0x410c00,0xd5483465118
0x412c87,0xd5483467a18
0x47338d,0xd5483467c54
0x463aa3,0xd548346c1fc
0x45ff56,0xb4165fa67c78
0x45ff62,0xb4165fa5ebd8
0x53cb5b,0xce1384ff1348
0x412c87,0xb4165fa8c1e8
0x45ff4d,0x66598a7810d8
0x45ff4d,0x66598a7a1198
0x45ff7e,0x80f530c05abc
0x47338d,0xb4165fa9099c
0x46d18d,0xfaef35b2b560
0x412743,0xb4165fa931c8
0x53cb5b,0x71d5f3fc2778
0x45ff4d,0x6c537038dfc8
0x45ff62,0xafe0999d0fb0
0x45ff62,0xf5d9bd0909a0
0x46d18d,0xdc4761aecda0
0x46d193,0xca49da3725f0
0x46091a,0x28d7cf513d38
0x45ff56,0x28d7cf3f4700
0x47338d,0xb4165faa5a9c
0x46d18d,0xb7ac7aa0d780
0x460050,0x73fab73e2770
0x53cacd,0x28e837c8cd98
0x443d2b,0x73fab73e47f1
0x53cacd,0x28d7cf570f98
0x412cc0,0xb4165faa0d78
0x46d773,0x11faa18c10c0
0x45fee6,0x9895a7cfdc4c
0x45ff56,0xbfe092fa1c70
0x46d18d,0xcc2ca3845300
0x53cacd,0x2f279573a4c8
0x46d18d,0xfaef35b91340
0x46d773,0xc839f571bf60
0x4602e0,0xb4165fac5300
0x473397,0xb4165fac8b88
0x409eee,0xcd28e58a5738
0x46d181,0xfaef35b99100
0x46d75a,0xb4165fad2e80
0x412c87,0xb4165fad2ee8
0x53cb5b,0xca49da396748
0x4602e0,0x989130903100
0x45ff62,0xc8d282a5a80
0x412cc0,0x989130905318
0x412c87,0x9891309065b8
0x5405e9,0x4d2bb47d89b8
0x47338d,0x80f530c3512c
0x46d75a,0x98913090d790
0x47338d,0x98913090cd8c
0x53cb5b,0x202442f22768
0x463aa3,0x98913091899c
0x473397,0x98913091dc58
0x412755,0xa7d08ad7bd80
0x412768,0x989130920188
0x46091a,0xc48ca8ffc508
0x460950,0x6c537036d7b0
0x443d2b,0xd5483480991
0x4608e7,0x989130919fb8
0x45ff56,0x28e837cfdc70
0x463a8d,0xce13851610e8
0x46001c,0xce13850f25d0
0x45ff56,0xff25d82731c0
0x4608e7,0x98913092d7b8
0x460950,0xc48ca901bdb0
0x45ff7e,0xeb0189f67ccc
0x47338d,0x98913093640c
0x443d2b,0x6c537034dff1
0x46091a,0xd693286d0f88
0x46d18d,0x54c453187220
0x53cb5b,0x8d9869025ab8
0x45ff7e,0xc8d2835356c
0x463e27,0x989130947a30
0x412cc0,0x989130947ce8
0x45ff7a,0x782cd20e7ccc
0x45ff89,0xbfe092fa0180
0x53cb5b,0x54c4531a7218
0x46091a,0xd693287072b8
0x45ff62,0x28d7cf5208f0
0x46d729,0xd6932871bd88
0x412743,0x989130953548
0x5405e9,0x54c4531c2778
0x5405e9,0x54c4531c98f8
0x53cb5b,0x54c4531cdfd8
0x46001c,0x5115331401a0
0x53cacd,0xc9394d38c668
0x412c87,0x989130960188
0x443d2b,0xd5483488bb1
0x53cacd,0xd9e9d66325e8
0x45ff7e,0xcd28e58e1c4c
0x411557,0x9891309647cc
0x4608f0,0x41d09e9bc518
0x4608f0,0xb4165f8eb388
0x53cb5b,0xd79e62aac1c8
0x45ff7e,0xeb0189f989ac
0x443d2b,0x4b3918c131f1
0x463e27,0x98913096d7b0
0x46001c,0x98f5690dbf70
0x412cce,0x989130971e11
0x412cc0,0x989130976428
0x45ff56,0xcc2ca38e2740
0x45ff7a,0x80a6dab023cc
0x46d18d,0xb3a8ecddc510
0x4608f0,0xaff5007ae808
0x45ff7e,0x71d0d58eb54c
0x53cacd,0xe470055f3d28
0x412743,0x774a7ecd31f8
0x53cacd,0x28e837ccd798
0x4602e0,0x774a7ecd6770
0x412cc0,0x774a7ecd8fc8
0x45ff4d,0x28e837c92eb8
0x412cc0,0x774a7eceb578
0x46d75a,0x774a7eced7b0
0x46091a,0xd79e62ac5718
0x53cacd,0x1829193223c8
0x47338d,0x774a7ecf1c6c
0x46d75a,0x774a7ece7c50
0x412cce,0x774a7ece7cd1
0x45ff7e,0x99d8269e099c
0x412768,0x2e448daa7a08
0x443d2b,0xeb0189f91351
0x46d773,0xeb0189f91e00
0x46d773,0xeb0189f925c0
0x53cb5b,0xd693287208f8
0x45ff89,0xff25d819ebc0
0x443d2b,0xeb0189f95251
0x53cb5b,0x3a0447279f88
0x4608f0,0xd9e9d6600d68
0x46d75a,0x774a7ecfa4f0
0x460050,0xeb0189f99130
0x46d193,0xff3c8d6209b0
0x53cb5b,0x71d5f3ec7228
0x409edb,0x71d5f3f1a4c8
0x4602e0,0x774a7ed07230
0x412743,0x774a7ed07298
0x45ff62,0xd9e9d66098f0
0x412cc0,0x774a7ed125c8
0x46091a,0x71d5f3f2cdb8
0x45ff7e,0xeb0189facdac
0x45fefd,0xa040f2131340
0x5405e9,0xdc4761b88bb8
0x53cb5b,0x18291939bf48
0x53cb5b,0x71d5f3f8bca8
0x45ff62,0x71d0d59c0d60
0x46d18d,0x18291939ebe0
0x53cacd,0x1829193a5aa8
0x53cacd,0x1829193b3d08
0x412755,0xca49da356c10
0x45fee6,0xc911b24da4cc
0x45ff62,0xeb0189fb6c20
0x53cb5b,0xca49da3a0d68
0x443d2b,0x7cb731a31e11
0x46001c,0xfdfd3a8c3130
0x46d773,0xeb0189fa98c0
0x53cacd,0xca49da3acd88
0x46001c,0xc8d283463a0
0x412768,0x774a7ed30988
0x463aa3,0x774a7ed31e1c
0x463e27,0x774a7ed31c70
0x411557,0x774a7ed331cc
0x412719,0x774a7ed247c8
0x443d2b,0x50ff9d0a23d1
0x53cb5b,0x28d7cf514fa8
0x412cc0,0x774a7ed3c518
0x443d2b,0xeb0189fb25d1
0x412743,0x774a7ed3ebd8
0x47338d,0x774a7ed3ed4c
0x4608f0,0x71d0d58d6408
0x463e27,0x774a7ed43110
0x45ff4d,0x66598a781188
0x45ff62,0xeb0189fc0180
0x4602e0,0x774a7ed45730
0x4608f0,0x66598a803108
0x46d193,0xfaef35a33d30
0x412768,0x774a7ed3bd88
0x443d2b,0x50ff9d0a5ab1
0x53cb5b,0x182919411c78
0x47338d,0x774a7ed4728c
0x463e27,0xa5b152638fe0
0x46091a,0x49950aa8bca8
0x46d18d,0xfaef35a60d70
0x412c87,0x774a7ed525c8
0x46d18d,0x182919427290
0x46d773,0xeb0189fbc500
0x46d151,0x1829194a2748
0x463e27,0x774a7ed56c30
0x463a8d,0xd79e62b55268
0x53cb5b,0x1829194abcb8
0x463e27,0x774a7ed5bf50
0x53cb5b,0x49950ab01c78
0x5405e9,0xd79e62b78ff8
0x463a8d,0xeb0189fc10e8
0x409edb,0x49950aae5738
0x45ff7a,0x24656f196c0c
0x45ff56,0xbfe092f898d0
0x45ff7e,0x24656f191c6c
0x46d743,0x1829194b9138
0x46000d,0x6c537033c538
0x463e27,0x774a7ed65aa0
0x45ff7e,0xc8d2832572c
0x46d75a,0x774a7ed6b3b0
0x412743,0x774a7ed6b548
0x53cb5b,0x1829194cb558
0x412719,0x774a7ed6d788
0x45ff62,0x80a6dab13570
0x412719,0x774a7ed71348
0x4602e0,0x774a7ed71390
0x46091a,0xaff5007b0f98
0x46091a,0x71d5f3ff1378
0x46d729,0x71d5f3ff1388
0x443d2b,0xeb0189fcc671
0x47338d,0x774a7ed72e8c
0x412c87,0x774a7ed7ebe8
0x46d75a,0x774a7ed83100
0x409edb,0x41d09e9acd88
0x463a8d,0x8dc6260ec668
0x463aa3,0x774a7ed8639c
0x412743,0x774a7ed86588
0x409eee,0x41d09e9b1c78
0x412c87,0x774a7ed87a38
0x47338d,0x774a7ed87cdc
0x46d18d,0x557be2fd6770
0x53cacd,0x557be2fe10c8
0x463e27,0x774a7ed8c1d0
0x46d18d,0x66598a848ba0
0x4602e0,0x774a7ed8d790
0x463a8d,0xb4165fa36c28
0x46d743,0xb4165fa67cf8
0x412c87,0xa5b15264bca8
0x53cb5b,0x28d7cf431c48
0x46001c,0xce1385001c40
0x412cc0,0x774a7ed9bf78
0x53cacd,0x66598a774708
0x53cb5b,0x28d7cf48cd88
0x463aa3,0x774a7ed9c52c
0x45ff4d,0x28e837c8dfc8
0x45ff7e,0x1a70aa7410ec
0x409edb,0x28d7cf4ec678
0x5405e9,0x28d7cf3f89b8
0x412cc0,0x774a7eda6598
0x4608f0,0xf5d9bd0808e8
0x412cc0,0xa5b152651e08
0x463e27,0x2e448db05710
0x4608f0,0x51153310c678
0x412743,0x2e448db05aa8
0x443d2b,0xa53a1044b3b1
0x47338d,0x774a7edacdbc
0x45ff56,0xce13851065b0
0x47338d,0x774a7edb139c
0x409eee,0x28d7cf3f5278
0x46091a,0xd79e62b06598
0x53cb5b,0x2c2cbb4a23c8
0x473397,0x24656f1a0198
0x46d18d,0x878ddfa31e00
0x443d2b,0x1a64fc5d9131
0x46d18d,0x878ddfa009b0
0x45ff62,0xff25d8240190
0x45ff7e,0x24656f1b1c6c
0x46001c,0xce1384fab560
0x4115a9,0x774a7edba4c0
0x45ff7a,0xce1384fded4c
0x412755,0x2c2cbb4d0f90
0x4602e0,0x774a7edbebf0
0x463aa3,0x774a7edc0d5c
0x473397,0x774a7edc23c8
0x46d151,0xca49da37ed48
0x46001c,0xc911b24d89a0
0x412cc0,0x774a7edc5738
0x46091a,0x2c2cbb4f8998
0x4602e0,0x774a7edbbd90
0x47338d,0x774a7edbbf6c
0x4608f0,0xcc2ca3843108
0x47338d,0x774a7edc723c
0x46d151,0x54c453227c48
0x53cacd,0x54c453227ce8
0x463e27,0x8e9578f409b0
0x45ff62,0xbf7dd5fb5110
0x412743,0x8e9578f40d48
0x463aa3,0x8e9578f4722c
0x46d75a,0x8e9578f47280
0x460050,0xcd28e58c23f0
0x47338d,0x8e9578f45a9c
0x46d18d,0xd79e62ae08e0
0x53cacd,0xd79e62ae0998
0x46001c,0x71d0d59247e0
0x412768,0x8e9578f5a4c8
0x5405e9,0x99d8269cc678
0x45ff56,0xb4165fa67c78
0x47338d,0x8e9578f609bc
0x53cacd,0xca49da3eb548
0x46001c,0x8ac8847601a0
0x45ff7a,0x80f530c05abc
0x412cc0,0x8e9578f63108
0x4608f4,0x11e281e00d40
0x409edb,0xd6932873c508
0x45ff89,0xbfe092fa0180
0x46d193,0xb3a8ecd87c70
0x463a8d,0xbfe092f8d7b8
0x46001c,0xd9e9d66423e0
0x53cacd,0xf5d9bd187208
0x463aa3,0x8e9578f7354c
0x46d743,0xbfe092f93d38
0x53cb5b,0xcc2ca37d09b8
0x412c87,0x8e9578f76778
0x47338d,0x8e9578f78ffc
0x463aa3,0x8e9578f79f8c
0x46001c,0xd9e9d66b1368
0x443d2b,0xbfe092f9a4d1
0x412743,0x8e9578f7dc58
0x412719,0x8e9578f80188
0x412cce,0x8e9578f82751
0x409edb,0x11faa17663b8
0x463aa3,0x8e9578f92eec
0x45ff4d,0x66598a7a47c8
0x412743,0x8e9578f99f88
0x46d18d,0xcc2ca3850990
0x463aa3,0x8e9578f9137c
0x45ff7a,0xbfe092fb8ffc
0x46d18d,0x2c2cbb4698d0
0x53cb5b,0xd79e62c0b398
0x45ff62,0xd79e62bd3d20
0x412755,0xd79e62c1bd90
0x47338d,0x8e9578fac1ec
0x409edb,0xd79e62c409b8
0x5405e9,0xd79e62c408f8
0x45ff56,0xbfe092fbbf50
0x412c87,0x8e9578fb2ec8
0x46001c,0x8ac8847725e0
0x409edb,0x6c5370331368
0x53cacd,0xcc2ca38498c8
0x53cacd,0x6c5370331388
0x463e27,0x8e9578fb5240
0x463a8d,0xce13850663a8
0x5405e9,0xce1384fa09b8
0x4602e0,0x8e9578fb6c00
0x412cc0,0x8e9578fc63b8
0x47338d,0x8e9578fc98fc
0x46d18d,0xcc2ca3872ee0
0x463aa3,0x8e9578fc7cfc
0x45ff62,0xbfe092fc63a0
0x409edb,0xa7d08ad4cd98
0x463e27,0x8e9578fc5710
0x412743,0x8e9578fc5aa8
0x47338d,0x8e9578fd0fbc
0x45ff56,0xc8d281cb380
0x45ff7e,0x8e9578fb899c
0x46091a,0xa7d08ad7bf78
0x412755,0x5829a6ed6c10
0x46d743,0xbf7dd601c538
0x45ff7e,0xff25d82610ec
0x45ff4d,0x66598a7a10c8
0x45ff62,0xbfe092fddc40
0x463aa3,0x8e9578fe65ac
0x45ff7a,0xb4165f99e52c
0x45ff62,0xc8d283325c0
0x412743,0x8e9578fe5a88
0x443d2b,0xbfe092fc5331
0x412768,0x8e9578fdbd88
0x46d193,0xe470055e7cf0
0x46d773,0xbfe092fc65a0
0x443d2b,0xbfe092fc72b1
0x4608f0,0x66598a7fed68
0x4608f0,0xbfe092fcb388
0x46d18d,0x28d7cf4d1c40
0x443d2b,0x50ff9d0ce801
0x46d18d,0x1719cc8e830
0x53cacd,0x464939aec658
0x53cb5b,0xe7c8f380d78
0x4608f0,0x28d7cf492ee8
0x411557,0x8e957900c1cc
0x46d18d,0x3a0447246380
0x409edb,0x7cb731990fb8
0x463aa3,0x8e95790113ac
0x412768,0x8e9579008b88
0x463aa3,0x8e9579013d2c
0x463aa3,0x8e9579014fbc
0x4608e7,0x8e9579015138
0x47338d,0x8e957901524c
0x0,0x3a0447275240
0x45ff62,0x7ebb3c7ad7b0
0x4608f0,0xd79e62aa8b98
0x412768,0x8e95790247c8
0x45fece,0xc8d281dbf60
0x45ff7a,0xbfe092ff1c4c
0x53cb5b,0x6af9d6d208d8
0x4115a9,0x8e957902b540
0x53cacd,0x99d8269d31e8
0x45ff56,0xbfe092ffbf70
0x45ff56,0xbfe092ff8ff0
0x0,0x28e837c92ec8
0x46d181,0x71d5f3fcb380
0x46d743,0xbfe092fecdb8
0x46091a,0x71d5f3f50f98
0x473397,0x8e9579038fc8
0x412cc0,0x8e957903bf78
0x46091a,0xa67864946388
0x412768,0x8e957903ebc8
0x473397,0x8e957903ed48
0x412cc0,0x73fab736b3a8
0x473397,0x73fab736b548
0x45ff62,0xcd28e5766590
0x4608f0,0x8c6c7da8bb8
0x4602e0,0x73fab7375270
0x53cb5b,0xa040f2210fb8
0x463e27,0x73fab737a4c0
0x53cb5b,0xbf7dd5e98ff8
0x53cacd,0xbf7dd5e9bdb8
0x412719,0x73fab737bd88
0x45ff56,0x71d0d5905130
0x46d18d,0x71d5f3fd4f80
0x473397,0x73fab73847c8
0x47338d,0x73fab7385a9c
0x443d2b,0xca1598433d01
0x46d18d,0xbf7dd5eb4700
0x45ff62,0x7cb731a47230
0x46091a,0xff3c8d621c48
0x47338d,0x73fab738bc8c
0x412c87,0x73fab738cda8
0x46091a,0xd693287698e8
0x463aa3,0x73fab738dfdc
0x443d2b,0xca159843dc61
0x46d773,0xca159843ed70
0x463aa3,0x73fab73909ac
0x45fece,0x66598a754fa0
0x46d773,0xf775d31bc530
0x46091a,0xff3c8d627a08
0x47338d,0x73fab7392e8c
0x53cacd,0x2c2cbb5cc658
0x46d773,0xca1598441c70
0x4608f4,0xcd28e5742740
0x460050,0xca1598443120
0x409eee,0xff3c8d5bdc78
0x46d773,0x71d0d5905330
0x412cce,0x73fab7378991
0x46d18d,0xbf7dd5ee0990
0x463aa3,0x73fab739bd9c
0x45ff7e,0x79f1064b138c
0x412c87,0x73fab7376438
0x47338d,0x73fab739ebec
0x412cc0,0x73fab73a0d58
0x46d75a,0x73fab7374f90
0x4602e0,0x73fab73a10c0
0x463a96,0x5829a6ee1180
0x4602e0,0x71d0d58c08f0
0x45ff7e,0xaa79a92e313c
0x412743,0x73fab73a98c8
0x443d2b,0x79f1064ac1c1
0x53cb5b,0xbf7dd5f325f8
0x4608f0,0xf5d9bd125718
0x412743,0x73fab73a8bb8
0x463aa3,0x73fab73abcbc
0x412c87,0x73fab73b1358
0x412cc0,0x73fab73b13a8
0x4608f4,0xbf7dd5fa0180
0x46d743,0x79f1064b1378
0x4602e0,0x73fab73b4710
0x443d2b,0xa040f212bc91
0x412c87,0x73fab73b6c28
0x5405e9,0x79f1064b3d38
0x53cb5b,0xfafbfab0e818
0x45ff7e,0x79f1064c274c
0x409eee,0xaff5007e8bb8
0x46d75a,0x73fab73ba4e0
0x46d18d,0xcc2ca3754730
0x463e27,0x73fab73c0190
0x46001c,0xcc2ca38d2ee8
0x46091a,0xaff5007f89a8
0x47338d,0x73fab73b098c
0x443d2b,0xca49da3b31d1
0x47338d,0x73fab73c1c7c
0x46091a,0xaff5007e7a38
0x45ff7e,0x80f530c008cc
0x45ff56,0x8e9578fa8ba0
0x4608e7,0x73fab73cc678
0x409eee,0xd9e9d66008f8
0x53cb5b,0xd9e9d6600988
0x45ff7e,0x1cadded823ec
0x45ff7e,0x79f1064cb54c
0x46d75a,0x73fab73d3d20
0x412755,0xb381a4dfc0
0x463aa3,0x73fab73d4fbc
0x45ff56,0x2e448dabe500
0x4608e7,0x73fab73d5138
0x47338d,0x73fab73d524c
0x45ff7e,0xcc2ca38e09bc
0x449609,0xfaef35a1ed78
0x45eebb,0x28e837ce3118
0x45fe42,0xbf7dd60209b8
0x44952d,0x99d8269ed798
0x44952d,0xcd28e5828b98
0x53e083,0xd54834610f8
0x53e083,0xfaef35b2b560
0x53e083,0xdc4761aecda0
0x53e083,0xca49da3725f0
0x53e083,0x28d7cf513d38
0x53e083,0x6c537036d7b0
0x53e083,0xc48ca901bdb0
0x53e083,0x54c453187220
0x53e083,0xd693287072b8
0x53e083,0x54c4531c2778
0x53e083,0x54c4531c98f8
0x53e088,0xb3a8ecddc510
0x53e088,0xd79e62ac5718
0x53e083,0xff3c8d6209b0
0x53e083,0x71d5f3f2cdb8
0x53e083,0xdc4761b88bb8
0x53e083,0x18291939ebe0
0x53e083,0xfaef35a33d30
0x53e083,0x49950aa8bca8
0x53e088,0x182919427290
0x53e088,0xaff5007b0f98
0x53e083,0x71d5f3ff1378
0x53e0c1,0x66598a848ba0
0x53e083,0x878ddfa009b0
0x53e088,0x2c2cbb4f8998
0x53e083,0xd79e62ae08e0
0x53e088,0xcc2ca3850990
0x53e083,0xd79e62c408f8
0x53e083,0xcc2ca3872ee0
0x4494de,0x28d7cf4325c0
0x45eeb8,0xb4165fa913b0
0x451882,0xb4165fa91e18
0x45ee80,0xb4165fa989b0
0x45ff4d,0x28e837c92eb8
0x42d894,0xce138514b398
0x449609,0xfaef35a223c8
0x53e62b,0x28d7cf4fbf50
0x448b7a,0xb4165faa10c8
0x449502,0x11e281df5244
0x456269,0xb4165fa0c678
0x53df14,0xa1abd7fded58
0x45eeb8,0xb4165faa8b80
0x45fe42,0xff25d81febe0
0x494c60,0x7ebb3c7da4e8
0x494c73,0xca49da356760
0x494c73,0x99d8269d9130
0x494c73,0xcd28e5815260
0x45ff4d,0x28e837c92ec8
0x45ff62,0xce13850f1340
0x45fdd7,0x8a4feef52ec0
0x53df14,0x71d5f3eb0fa8
0x4494de,0x2c2cbb4d1340
0x44952d,0x2c2cbb4d1398
0x45eeb8,0xb4165fac0980
0x45fdd7,0x66598a7a0180
0x45ee80,0xb4165fabbf40
0x45eeb8,0xb4165fac6380
0x45ee80,0xb4165fac7280
0x4494de,0xf5d9bd080980
0x53df0a,0x11faa17f4710
0x494c73,0xb4165fad1e30
0x42f2dc,0x54c43c61bf50
0x559fe0,0x6c537032e818
0x559fe0,0x7cb73199e538
0x559fe0,0xb4165fad3548
0x53ffd1,0x11faa1851e38
0x448b7a,0x989130906398
0x44952d,0x11faa185c518
0x45eea0,0x98913090c1f8
0x53e62b,0x2c2cbb530f80
0x494c73,0x7cb7319b3540
0x494c73,0x989130911380
0x494c7e,0x989130911378
0x47338d,0xb4165fa11c74
0x4537e7,0x98913091899c
0x45eeb8,0x9891309210d0
0x53df14,0xcd28e5816438
0x45fdd7,0x7cb73196e810
0x46d633,0xcd28e57ee800
0x456269,0x989130916438
0x448b7a,0x54c43c6298e8
0x494c73,0x11faa1711350
0x494c73,0xd79e62c27cd0
0x45ee80,0x98913092dfd0
0x4494ea,0x908653178988
0x44952d,0x2c2cbb474718
0x53df14,0x11faa1891c68
0x45eeb8,0x989130935110
0x4494de,0x11faa18925c0
0x449502,0x11faa18ad784
0x53cb5b,0xce13850b13b8
0x494c73,0x28d7cf431c48
0x494c73,0x989130942770
0x494c7e,0xff3c8d5ec1f8
0x494c73,0x6c53703a1190
0x53e62b,0xd79e62c4e810
0x45eea7,0x989130947a30
0x451882,0x989130945728
0x45fdd3,0x28e837c8d780
0x45fdd7,0x11e281e05700
0x53df0a,0xff3c8d60d790
0x456331,0x989130943110
0x448b7a,0x9891309531f8
0x494c93,0x2c2cbb4d5278
0x456198,0xb4165fa1e528
0x46d633,0xdc4761a87290
0x448b7a,0x98913095bf68
0x45ee80,0xb4165fa1dc40
0x44952d,0x6af9d6d1c518
0x44952d,0xce138500dfc8
0x53cb5b,0x11faa18589a8
0x494c73,0x6af9d6d0d7a0
0x494c73,0x98913096b390
0x494c73,0xa7d08ad59100
0x460050,0xf64c9e3100
0x559fe0,0x7cb73199ed58
0x456198,0xb4165fa20988
0x45eea7,0x98913096d7b0
0x46d614,0x28d7cf507cc0
0x53e62b,0xd7cc94e21c50
0x494c97,0x11faa1791e28
0x494c7e,0x774a7eccb3b8
0x447a14,0xb4165fa23114
0x42f294,0xb4165fa22778
0x46d633,0xdd2838a423c0
0x53df0a,0xf5d9bd056400
0x46d633,0x557be30b1340
0x449502,0x557be30b1384
0x456331,0x774a7eccc1d0
0x448b7a,0x47b5ad3dbf48
0x494c73,0x25ce5cefdc40
0x494c73,0xff3c8d5ec660
0x46d773,0xb4165fa61c70
0x451882,0x774a7ece7a38
0x53df14,0xe7c8f3b5258
0x53df14,0x24d6558cd7b8
0x448b7a,0x774a7ece98e8
0x53df14,0x71d5f3ee5738
0x494c73,0x774a7ece0180
0x494c73,0x66598a7d0f90
0x494c93,0x932ec403ebf8
0x494c73,0xbf7dd5eee800
0x42f294,0x774a7ecf8ff0
0x559fe0,0x635dff9c11b8
0x4494ea,0x5829a6ec5708
0x53e62b,0xf775d3179120
0x53df0a,0xe7c8f3e47e0
0x45eeb8,0xa5b152625130
0x45fdd7,0x878ddfa41c40
0x494c7e,0xd05626c85138
0x45ff62,0xb4165fa73578
0x4561ac,0xb4165fa623d4
0x53e62b,0xa67864951390
0x4494ea,0x66598a7a98c8
0x44952d,0xe470055e7c58
0x451950,0xa5b15262b3b8
0x449502,0x7ebb3c7d1e04
0x494c73,0x54c43c631340
0x494c7e,0x80a6daa9c538
0x46d75a,0xb4165fa2e820
0x42d894,0x4741a643dc78
0x42d894,0x2e448db063b8
0x559fe0,0x24d6558d5108
0x46d633,0x11faa185ed50
0x456269,0xb4165fa2dfc8
0x45fdd7,0x28d7cf4210c0
0x45eeb8,0x774a7ed25aa0
0x53df14,0xcd28e5787208
0x45eeb8,0xa5b152630990
0x45eea7,0x774a7ed31c70
0x4537e7,0x774a7ed31e1c
0x456269,0x774a7ed22768
0x494c73,0x54c43c631390
0x494c73,0xbf7dd5febc90
0x494c73,0x71d0d58c2750
0x451882,0xa5b152638fe0
0x46d614,0xce1384f73540
0x53e62b,0xedc51a8ebcb0
0x45eea7,0x774a7ed43110
0x46d633,0xcc2ca37ce800
0x4494de,0x71d0d5920180
0x44952d,0xaf4780c8bc98
0x494c73,0x66598a818980
0x494c73,0xce13851023e0
0x47338d,0xb4165fa30fa4
0x463a8d,0xb4165fa65ab8
0x53e62b,0xc8d28336c20
0x558f9a,0xb4165fa33570
0x45fdd7,0xbf7dd5f3a4d0
0x53df0a,0x71d0d5895110
0x45eea0,0x774a7ed58ff8
0x45eea7,0x774a7ed56c30
0x53e62b,0xd9e9d65febc0
0x45eea7,0x774a7ed5bf50
0x456269,0xb4165fa32eb8
0x456331,0xb4165fa32ed0
0x494c7e,0x932ec40411b8
0x494c7e,0xd693286fed78
0x494c73,0xcc2ca375bf60
0x42f2e3,0xb4165fa331c8
0x559fe0,0x878ddfa10998
0x45ee80,0x774a7ed665a0
0x45eea7,0x774a7ed65aa0
0x53e5fc,0xce1384fa3138
0x53ffd1,0x71d0d59dbdb8
0x456331,0x774a7ed65300
0x53df0a,0x66598a7da4d0
0x53e65a,0xaf4780c8e808
0x53e65a,0xcc2ca36edfc8
0x53df0a,0x28d7cf426390
0x4537e7,0x774a7ed8639c
0x44952d,0x71d0d5a1e518
0x46d614,0xd79e62bb6400
0x53e62b,0x2c2cbb5e08c0
0x456269,0x774a7ed7c508
0x45eea7,0x774a7ed8c1d0
0x53e65a,0x2c2cbb5e0988
0x494c73,0x2e448da74f80
0x494c73,0x66598a80b540
0x448b7a,0x774a7eda10d8
0x4537e7,0x774a7ed9c52c
0x451882,0x774a7eda08e8
0x44952d,0x71d0d5a54718
0x494c7e,0x71d5f3efe538
0x45ff62,0xbf7dd5e5ed60
0x45eea7,0x2e448db05710
0x456269,0x8ac88477bda8
0x448b7a,0x774a7edb31c8
0x53e65a,0xd6932878b568
0x456331,0x2e448db05110
0x45eeb8,0x774a7edb2ec0
0x456269,0x2e448db05328
0x494c73,0xbf7dd5f913b0
0x53e65a,0x5829a6ee98d8
0x53e62b,0xcd28e578dfc0
0x4537e7,0x774a7edc0d5c
0x53e62b,0xcd28e5792eb0
0x46d614,0xcd28e5792ec0
0x46d614,0x932ec40623c0
0x44952d,0xce1385034f88
0x45ee80,0x774a7edc7a20
0x45ee80,0xa5b152659100
0x494c93,0x2e448db0c678
0x494c73,0xce1385167c50
0x559fe0,0x7cb7319c7228
0x447a40,0x8e9578f408c0
0x45eea7,0x8e9578f409b0
0x46d633,0x309dcdc498c0
0x4494f2,0xcd28e57adfc0
0x45eea0,0x8e9578f47ce8
0x4537e7,0x8e9578f4722c
0x4518c8,0x8e9578f48bb8
0x448b7a,0x8e9578f4bc88
0x53df14,0x932ec4091348
0x449502,0xcd28e57d6c04
0x53e62b,0xcd28e57b6400
0x494c73,0x1a70aa707c50
0x42f2dc,0xb4165fa408d0
0x4561ac,0xb4165fa6b394
0x45fe1c,0x6c537033c538
0x456269,0xb4165fa41c78
0x494c73,0x8e9578f6b390
0x4537e7,0x8e9578f7354c
0x4537e7,0x8e9578f79f8c
0x46d633,0x71d0d59e7a00
0x53df14,0xb7ac7a932ea8
0x494c73,0xa1abd7fd5270
0x494c73,0x8e9578f85a80
0x45ff56,0x7ebb3c894720
0x45ff62,0xf5d9bd0909a0
0x45ff4d,0x28e837c9ed78
0x45ff56,0x5115331401a0
0x456331,0xb4165fa47c50
0x4537e7,0x8e9578f92eec
0x53e65a,0x28d7cf419fb8
0x53e65a,0xcd28e5802778
0x44952d,0x7ebb3c896c18
0x45eea0,0x8e9578f91e38
0x4537e7,0x8e9578f9137c
0x4537e7,0xa5b152670f8c
0x45fdd7,0xce13850f1340
0x494c73,0x7ebb3c85e500
0x494c73,0x932ec4031c60
0x447a20,0xb4165fa48bb0
0x42d5ac,0x7cb7319c7a38
0x53e65a,0x2c2cbb614738
0x45ee80,0x8e9578fb25f0
0x4494f2,0xcd28e58fdc40
0x451882,0x8e9578fb1c58
0x449502,0x71d5f3fce804
0x45eea7,0x8e9578fb5240
0x46d633,0x8d9869022750
0x448b7a,0x8e9578fab578
0x494c73,0x8e9578fb9130
0x494c73,0x8e9578fba4d0
0x494c73,0xb7ac7a9e6580
0x46d773,0xb4165fa6e820
0x559fe0,0xab2ecf4447f8
0x4494ea,0xa040f2148b88
0x53e65a,0x7cb7319a47f8
0x456269,0xb4165fa4b548
0x4537e7,0x8e9578fc7cfc
0x4494de,0x7cb7319abc80
0x45eea7,0x8e9578fc5710
0x456269,0xb4165fa4bc88
0x494c7e,0x32bd14b8b3b8
0x494c73,0xc8d281a5110
0x456269,0x8e9578fd9138
0x44952d,0xc8d282a7a18
0x46d614,0x7cb7319c0d40
0x451882,0x8e9578fe3108
0x4537e7,0x8e9578fe65ac
0x448b7a,0x8e9578fe5738
0x53e65a,0xff3c8d613d38
0x42f294,0xb4165fa4d790
0x53df0a,0xcd28e5887a10
0x46d633,0x7cb7319d0f90
0x4518c8,0x8e9578ff1c78
0x451882,0x8e9578ff3568
0x45eea0,0x8e9578ff6768
0x4518c8,0x8e9578ff9138
0x46d614,0xa040f2100980
0x494c73,0xcd28e5745300
0x494c73,0xbf7dd5f34fb0
0x447a14,0x8ac8846e47f4
0x42d894,0x71d5f3e0cdb8
0x40b657,0x71d5f3f0c1c0
0x46d614,0xa040f216dfc0
0x448b7a,0x8e9579007c58
0x53df14,0x7ebb3c896428
0x456269,0x8e9579006388
0x4537e7,0x8e95790113ac
0x53df0a,0xab2ecf3925e0
0x4518c8,0xa5b15268c678
0x4537e7,0x8e9579013d2c
0x44952d,0xbf7dd5fe0188
0x4537e7,0x8e9579014fbc
0x494c73,0xd9e9d6600988
0x494c73,0x1a70aa753d00
0x494c73,0xce1385107a30
0x494c73,0xce13850ec1f0
0x448b5a,0xa5b152690f88
0x53ffd1,0xff3c8d616438
0x46d614,0x7cb731a00d40
0x456269,0xb4165fa509a8
0x448b7a,0x8e9579027cd8
0x45ee80,0x8e957902c1e0
0x46d614,0x7cb731a0b540
0x4494de,0x2c2cbb431340
0x44952d,0x2c2cbb431398
0x46d633,0x7cb731a16400
0x45eeb8,0xa5b152691380
0x494c7e,0x8e9579016c38
0x494c73,0xcd28e5745710
0x494c73,0x998897f6d7a0
0x45ff56,0x99d8269ed798
0x45ff62,0xbf7dd60209b8
0x42f294,0xb4165fa52ee8
0x559fe0,0x464bc80fc538
0x42d894,0x71d0d5a131c8
0x4518c8,0xa5b152696778
0x45eeb8,0xa5b152696c20
0x494c73,0xd9e9d6679fa0
0x42d894,0xa213218b568
0x449609,0xfaef35a9c538
0x447a40,0x2e448dbb4f90
0x53e62b,0x7cb731a2e810
0x53e5fc,0x7cb731a313b8
0x45eea0,0x73fab7379128
0x45eea7,0x73fab737a4c0
0x449502,0x7ebb3c7f6744
0x4494de,0x7cb731a53d00
0x53df0a,0x11faa179c520
0x46d633,0x7cb731a40d50
0x4518c8,0x73fab73872b8
0x53e62b,0xc8d283389b0
0x4518c8,0x73fab7387a38
0x45eeb8,0x73fab7387c60
0x451882,0x73fab7387cc8
0x45eea0,0x73fab738d7a8
0x4537e7,0x73fab738dfdc
0x4537e7,0x73fab73909ac
0x4494ea,0xb7ac7a96c1c8
0x53e65a,0x7cb731a55248
0x45fe42,0x1719cc725e0
0x53ffd1,0xcd28e577ed78
0x45eea0,0x8ac884715278
0x53df14,0x71d5f3fd5278
0x448b7a,0x73fab7396c38
0x53df0a,0x28d7cf566380
0x4518c8,0x8ac884714fb8
0x4537e7,0x73fab739bd9c
0x53ffd1,0x8876f2fcc1f8
0x53ffd1,0xa040f2151e38
0x53df14,0xf5d9bcfd1358
0x45ee80,0x73fab7374720
0x53e62b,0x7cb731a73550
0x449502,0xf5d9bcfd9f84
0x456269,0x2e448dbb4728
0x494c73,0xd79e62c40190
0x494c93,0x71d0d5a13578
0x494c73,0x7ebb3c7dbda0
0x463a96,0x5829a6ee1180
0x53e62b,0xce13851208c0
0x53e65a,0xce1385120988
0x53e65a,0x7cb731a801a8
0x45ee80,0x73fab73ad790
0x4537e7,0x73fab73abcbc
0x45ee80,0x73fab73a6390
0x456269,0x73fab73a65a8
0x45fdd7,0x2e448dacb390
0x45eea0,0x73fab73bc528
0x45eeb8,0x73fab73b8fd0
0x45eea7,0x73fab73c0190
0x46d614,0xf5d9bd033540
0x45eea0,0x73fab73c10e8
0x45ee80,0x73fab73c23f0
0x53df14,0xd79e62ab1388
0x44952d,0xd79e62ab1348
0x45eeb8,0x73fab73bdc50
0x456269,0x71d0d58d9128
0x53df0a,0xc8d282a7cd0
0x448b7a,0x73fab73acdb8
0x4494ea,0xcc2ca370cd88
0x45fdd7,0x71d0d59247e0
0x4494de,0x28d7cf5931c0
0x45eeb8,0x73fab73cb550
0x46d633,0xce138516bc80
0x4537e7,0x73fab73d4fbc
0x448b7a,0x73fab73d6438
0x53df0a,0x71d0d59f4f80
0x494c73,0xd79e62b76400
0x494c73,0x71d0d58c7c50
0x494c73,0x71d0d58c5a80
0x412c87,0xb4165fa8c1e8
0x4552c0,0xb4165fa925f4
0x45528e,0xb4165fa92ed4
0x411c2e,0xb4165fa931c8
0x45ff62,0x11e281df5244
0x558f9a,0xb4165faa1c70
0x448b5a,0xb4165faa10c8
0x45ff62,0xff25d81febe0
0x45528e,0xb4165faa5704
0x45ff62,0x8a4feef52ec0
0x4552b0,0xb4165faa23c8
0x46d736,0x73fab73e09b0
0x45ff62,0x66598a7a0180
0x42ccca,0xa1abd7fded58
0x412cc0,0xb4165faa0d78
0x447a20,0xb4165faad7a0
0x45736c,0x73fab73e5138
0x45fdfc,0x11faa18c10c0
0x447a20,0xb4165faa63b0
0x42ccca,0x71d5f3eb0fa8
0x447a20,0xb4165fac23e0
0x53e49f,0x79f1064b3d38
0x558f9a,0xb4165fac47f0
0x45ff56,0x11faa185c518
0x4552c0,0xb4165fac5a84
0x4602e0,0xb4165fac5300
0x460bc0,0xbf7dd5fa0180
0x45736c,0xc839f571bf58
0x558f9a,0xb4165fabbf40
0x4552b0,0xb4165fac7218
0x558f9a,0xb4165fac7280
0x463a8d,0xf5d9bd080980
0x4552b0,0x54c43c61e508
0x53de87,0xf5d9bd125718
0x411d2f,0xb4165fac7c50
0x46d743,0x11faa17f4710
0x46d75a,0xb4165fad2e80
0x412c87,0xb4165fad2ee8
0x4602e0,0x989130903100
0x412cc0,0x989130905318
0x45528e,0x989130905104
0x412c87,0x9891309065b8
0x448b5a,0x989130906398
0x46d736,0xed3fb8cb3d30
0x46d75a,0x98913090d790
0x4552b0,0x9891309023d8
0x558f9a,0x98913090e820
0x45ff90,0xcd28e5816438
0x45ff62,0x7cb73196e810
0x4552c0,0x989130907234
0x558f9a,0x989130907290
0x447a14,0x989130916744
0x558f9a,0xb4165fa13540
0x448b63,0xb4165fa5bd88
0x463aa3,0x98913091899c
0x45ff7e,0xcd28e57ee800
0x45ff56,0x2c2cbb474718
0x558f9a,0x9891309208f0
0x411c2e,0x989130920198
0x447a20,0x98913091bdb0
0x460bc0,0xcd28e5742740
0x447a14,0x989130922754
0x4552b0,0x989130925708
0x460a83,0x989130919fb8
0x448b63,0xeb0189f51348
0x411d2f,0x989130926390
0x45ff56,0x11faa18ad784
0x448b5a,0x54c43c6298e8
0x460a83,0x98913092d789
0x463a8d,0x908653178988
0x447a39,0x9891309309b0
0x45736c,0xeb0189f55278
0x558f9a,0x989130934720
0x45528e,0x989130934fa4
0x42ccca,0x11faa1891c68
0x463a8d,0x11faa18925c0
0x447a20,0x989130932ed0
0x558f9a,0x989130932ea0
0x46d736,0x1829193498f0
0x559212,0x989130938ff0
0x45ff4d,0x28e837c8d780
0x45ff62,0x11e281e05700
0x447a20,0x98913093bf70
0x559212,0x98913093bda0
0x411c2e,0x98913093c508
0x447a40,0x989130945130
0x4552b0,0x989130947298
0x411d2f,0x989130945aa0
0x463e27,0x989130947a30
0x412cc0,0x989130947ce8
0x46d736,0xa040f206d790
0x53de87,0x8c6c7da8bb8
0x46d743,0xff3c8d60d790
0x558f9a,0x9891309463a0
0x4552b0,0x989130953d08
0x411c2e,0x989130953548
0x448b5a,0x9891309531f8
0x45ff56,0xce138500dfc8
0x558f9a,0x98913094b380
0x45736c,0xeb0189f6c678
0x558f9a,0x98913095e530
0x412c87,0x989130960188
0x4552b0,0x989130960998
0x448b5a,0x98913095bf68
0x46d736,0xeb0189f71c70
0x411557,0x9891309647cc
0x4552b0,0x989130963118
0x448b5d,0xeb0189f73d10
0x558f9a,0xe930e6ba5300
0x45fd16,0xeb0189f76400
0x463e27,0x98913096d7b0
0x53de87,0xd79e62aa8b98
0x4552c0,0x989130971354
0x558f9a,0x9891309713b0
0x412cce,0x989130971e11
0x412cc0,0x989130976428
0x4552c0,0x989130976c24
0x4552b0,0x9891309725e8
0x46d736,0x9895a7c85a90
0x411c2e,0x989130978fc8
0x46d736,0x774a7ed60990
0x558f9a,0x47b5ad3d6410
0x53de87,0x28d7cf492ee8
0x46d736,0xb4165fa609b0
0x45ff7e,0xf5d9bd056400
0x411d2f,0x774a7ecd31f8
0x4602e0,0x774a7ecd6770
0x45ff90,0x24d6558cd7b8
0x412cc0,0x774a7ecd8fc8
0x448b5d,0x8e9578f55110
0x53de87,0xbfe092fcb388
0x558f9a,0x47b5ad3dc510
0x53de87,0x66598a7fed68
0x448b5a,0x47b5ad3dbf48
0x4552c0,0x774a7ece6594
0x45ff90,0x71d5f3ee5738
0x46d736,0xc8d281f6750
0x412cc0,0x774a7eceb578
0x42ccca,0xe7c8f3b5258
0x46d75a,0x774a7eced7b0
0x448b5a,0x774a7ece98e8
0x4552c0,0x774a7ece7214
0x4552b0,0x774a7ece72b8
0x46d75a,0x774a7ece7c50
0x412cce,0x774a7ece7cd1
0x558f9a,0x774a7ecf3560
0x447a14,0x774a7ecf5124
0x46d736,0xcd28e575a4d0
0x4552c0,0x774a7ecec1f4
0x411c2e,0x2e448daa7a08
0x411c2e,0x774a7ecf9f88
0x46d729,0xeb0189f91e00
0x45fdfc,0xeb0189f925c0
0x4552b0,0x774a7ecfebc8
0x558f9a,0x774a7ecfed40
0x411c2e,0x774a7ecfe508
0x4552b0,0x774a7ed011a8
0x45ff56,0xe470055e7c58
0x460050,0xe7c8f3e47e0
0x46d75a,0x774a7ecfa4f0
0x46d773,0xeb0189f989ac
0x447a20,0x774a7ed05310
0x45ff56,0x7ebb3c7d1e04
0x558f9a,0x774a7ed07a10
0x411c2e,0x774a7ed07298
0x4602e0,0x774a7ed07230
0x53e49f,0xce1384fa09b8
0x412cc0,0x774a7ed125c8
0x558f9a,0x774a7ed12ea0
0x4552b0,0x774a7ed12ec8
0x4552c0,0x774a7ed16424
0x463a8d,0x66598a7a98c8
0x45ff62,0x28d7cf4210c0
0x45528e,0x774a7ed16c24
0x559212,0x774a7ed18980
0x558f9a,0x774a7ed1bf60
0x559212,0x774a7ed10fb0
0x4552c0,0x774a7ed25304
0x46d736,0xeb0189fa5130
0x45736c,0x2e448db389b8
0x558f9a,0x774a7ed298c0
0x4552b0,0x774a7ed2d788
0x45fdfc,0xeb0189fa98c0
0x46d773,0xeb0189facdac
0x411c2e,0x774a7ed30988
0x4552b0,0x774a7ed31348
0x4552c0,0x774a7ed31384
0x463aa3,0x774a7ed31e1c
0x463e27,0x774a7ed31c70
0x448b5d,0xeb0189fadfd0
0x411557,0x774a7ed331cc
0x460a83,0x774a7ed247c8
0x558f9a,0x774a7ed39110
0x412cc0,0x774a7ed3c518
0x45ff7e,0xcc2ca37ce800
0x411c2e,0x774a7ed3ebd8
0x45ff62,0xbf7dd5f3a4d0
0x463e27,0x774a7ed43110
0x4602e0,0x774a7ed45730
0x411c2e,0x774a7ed3bd88
0x463a8d,0x71d0d5920180
0x447a20,0x774a7ed47a00
0x463e27,0xa5b152638fe0
0x46d736,0x11faa18bebd0
0x460bc0,0x11e281e00d40
0x412c87,0x774a7ed525c8
0x4552b0,0x774a7ed52eb8
0x4552c0,0x774a7ed52ef4
0x448b5d,0xeb0189fbbd90
0x45fdfc,0xeb0189fbc51c
0x463e27,0x774a7ed56c30
0x46d743,0x71d0d5895110
0x4552c0,0x774a7ed59134
0x4552b0,0x774a7ed5a4c8
0x463e27,0x774a7ed5bf50
0x558f9a,0x774a7ed51e30
0x463e27,0x774a7ed65aa0
0x46d773,0x1829194b9138
0x4552b0,0x774a7ed66398
0x46d75a,0x774a7ed6b3b0
0x411c2e,0x774a7ed6b548
0x4552b0,0x774a7ed6dff8
0x460a83,0x774a7ed6d799
0x53de87,0xcc2ca3843108
0x4552b0,0x774a7ed70988
0x46d743,0x66598a7da4d0
0x558f9a,0x774a7ed71c50
0x4602e0,0x774a7ed71390
0x460a83,0x774a7ed71359
0x45ff56,0x71d0d5a54718
0x45ff62,0x71d0d5a1e518
0x45ff7a,0xd79e62bb6400
0x4552b0,0xa5b152646598
0x46d773,0xc8d2832572c
0x412c87,0x774a7ed7ebe8
0x46d743,0x28d7cf426390
0x4552b0,0x774a7ed82768
0x46d75a,0x774a7ed83100
0x463aa3,0x774a7ed8639c
0x411c2e,0x774a7ed86588
0x412c87,0x774a7ed87a38
0x46d736,0x71d0d5885730
0x463e27,0x774a7ed8c1d0
0x4552b0,0x774a7ed8cd88
0x46d773,0x24656f191c6c
0x4552c0,0x774a7ed8dff4
0x4602e0,0x774a7ed8d790
0x412c87,0xa5b15264bca8
0x45ff4d,0x28e837c92eb8
0x46d773,0xb4165fa67cf8
0x412cc0,0x774a7ed9bf78
0x53de87,0x51153310c678
0x448b5a,0x774a7eda10d8
0x463aa3,0x774a7ed9c52c
0x4552c0,0x774a7eda3124
0x53de87,0xf5d9bd0808e8
0x53e49f,0x28d7cf3f89b8
0x4552b0,0x774a7eda5a98
0x412cc0,0x774a7eda6598
0x45528e,0x774a7eda6384
0x412cc0,0xa5b152651e08
0x463e27,0x2e448db05710
0x558f9a,0x774a7edac1c0
0x45fd16,0x11faa17d25c0
0x4552c0,0x774a7edb3d14
0x448b5a,0x774a7edb31c8
0x558f9a,0x774a7edb5270
0x45736c,0x98913092b3b8
0x45ff7a,0x932ec40623c0
0x46d773,0x1a70aa7410ec
0x447a20,0x774a7edadfe0
0x45ff56,0xce1385034f88
0x4115a9,0x774a7edba4c0
0x448b5d,0x41464dffebc0
0x45ff7a,0x309dcdc498c0
0x448b5d,0xce138506b380
0x4602e0,0x774a7edbebf0
0x463aa3,0x774a7edc0d5c
0x46d736,0x7cb7319c09a0
0x412cc0,0x774a7edc5738
0x448b5d,0x24656f1a7200
0x4552b0,0x774a7edc65b8
0x4602e0,0x774a7edbbd90
0x45ff56,0xcd28e57d6c04
0x559212,0x2e448db74f90
0x558f9a,0xa5b152659100
0x463e27,0x8e9578f409b0
0x411c2e,0x8e9578f40d48
0x45fd16,0x24656f1ae800
0x463aa3,0x8e9578f4722c
0x46d75a,0x8e9578f47280
0x558f9a,0x8e9578f47c70
0x46d773,0x24656f1b1c6c
0x45528e,0x8e9578f45704
0x558f9a,0x8e9578f4b540
0x53e49f,0xd79e62b78ff8
0x448b5a,0x8e9578f4bc88
0x45ff4d,0x6c537033c538
0x4552b0,0x8e9578f50988
0x411c2e,0x8e9578f5a4c8
0x411d2f,0x8e9578f608e0
0x448b5d,0xbfe092f88ba0
0x46d736,0xbf7dd5fb5240
0x412cc0,0x8e9578f63108
0x457432,0xbfe092f8c1f0
0x45ff7e,0x71d0d59e7a00
0x53de87,0x66598a803108
0x4552c0,0x8e9578f698e4
0x53de87,0x71d0d58d6408
0x463aa3,0x8e9578f7354c
0x4552b0,0x8e9578f73d18
0x412c87,0x8e9578f76778
0x46d773,0xbfe092f93d38
0x558f9a,0x8e9578f75100
0x448b63,0xbfe092f94f88
0x463aa3,0x8e9578f79f8c
0x45ff4d,0x28e837c92ec8
0x42ccca,0xb7ac7a932ea8
0x411c2e,0x8e9578f7dc58
0x4552b0,0x8e9578f74708
0x559212,0x8e9578f809b0
0x460a83,0x8e9578f80188
0x4552b0,0x8e9578f81c58
0x412cce,0x8e9578f82751
0x46d736,0xbf7dd5e71c50
0x45ff62,0x7ebb3c896c18
0x558f9a,0x8e9578f811b0
0x4552c0,0x8e9578f925e4
0x463aa3,0x8e9578f92eec
0x45528e,0x8e9578f989a4
0x411c2e,0x8e9578f99f88
0x448b5d,0xbfe092fa5a80
0x463aa3,0x8e9578f9137c
0x4552b0,0x8e9578f91c48
0x45ff56,0x71d5f3fce804
0x45ff7e,0x8d9869022750
0x4552b0,0xa5b152671358
0x4552c0,0xa5b152671394
0x463aa3,0xa5b152670f8c
0x45736c,0xb4165fa6dff8
0x559212,0x8e9578fb0f80
0x412c87,0x8e9578fb2ec8
0x463e27,0x8e9578fb5240
0x448b5a,0x8e9578fab578
0x45736c,0xce13850665b8
0x4602e0,0x8e9578fb6c00
0x45fd16,0xbfe092fb1e00
0x53de87,0xd9e9d6600d68
0x45fd16,0xbfe092fb25c0
0x45ff56,0xc8d282a7a18
0x412cc0,0x8e9578fc63b8
0x463a8d,0xa040f2148b88
0x463aa3,0x8e9578fc7cfc
0x558f9a,0x8e9578fcc660
0x46d773,0xbfe092fb8ffc
0x447a20,0x8e9578fc5100
0x463e27,0x8e9578fc5710
0x4552c0,0x8e9578fda4f4
0x46d773,0xbf7dd601c530
0x4552b0,0x8e9578fe0198
0x463aa3,0x8e9578fe65ac
0x411c2e,0x8e9578fe5a88
0x448b5a,0x8e9578fe5738
0x411c2e,0x8e9578fdbd88
0x45736c,0xbfe092fc65a0
0x45ff7e,0xa040f2100980
0x46d743,0xcd28e5887a10
0x46d736,0xb4165fa71360
0x46d773,0x8e9578fb899c
0x45ff7e,0xa040f216dfc0
0x4552c0,0x8e9578ff8984
0x4552c0,0x8e9578ffbf64
0x53de87,0xaff5007ae800
0x46d736,0xbfe092fcc1e0
0x559212,0x8e9578ffebd0
0x45ff56,0xbf7dd5fe0188
0x4115a9,0xa5b152688b80
0x447a20,0x8e95790098f0
0x448b5a,0x8e9579007c58
0x411557,0x8e957900c1cc
0x46d773,0xb4165f99e52c
0x448b5d,0xbfe092fd9f90
0x4552b0,0x8e9579010988
0x42ccca,0x7ebb3c896428
0x463aa3,0x8e95790113ac
0x4552b0,0x8e9579011c78
0x4552b0,0x8e9579011e18
0x53de87,0xb4165f8eb380
0x460050,0xab2ecf3925e0
0x411c2e,0x8e9579008b88
0x53de87,0x41d09e9bc510
0x46d736,0xbfe092fde530
0x463aa3,0x8e9579013d2c
0x558f9a,0x8e9579014710
0x463aa3,0x8e9579014fbc
0x460a83,0x8e9579015138
0x45736c,0xc8d281cb578
0x4552b0,0x8e9579020d48
0x46d736,0x99d8269e8b80
0x411c2e,0x8e95790247c8
0x447a20,0x8e9579026390
0x448b83,0xbfe092fe1c40
0x448b5d,0xbfe092fe23e0
0x45ff62,0x2c2cbb431398
0x4552b0,0x8e9579025708
0x448b5a,0x8e9579027cd8
0x4115a9,0x8e957902b540
0x457432,0xbfe092fe5ab0
0x4552b0,0x8e957902dfd8
0x4552c0,0x8e95790223e4
0x447a20,0x8e957902e820
0x463a8d,0x2c2cbb431340
0x412cc0,0x8e957903bf78
0x46d773,0xbfe092fecdb8
0x45ff56,0x7ebb3c7f6744
0x447a20,0xff3ffd19c500
0x411c2e,0x8e957903ebc8
0x448b63,0xbfe092ff0f88
0x412cc0,0x73fab736b3a8
0x4552c0,0x73fab736bc84
0x4602e0,0x73fab7375270
0x46d736,0xbfe092ff9120
0x463e27,0x73fab737a4c0
0x460a83,0x73fab737bd88
0x463a8d,0x7cb731a53d00
0x4552b0,0x73fab73808e8
0x559212,0x73fab7380980
0x45feea,0x8e95790008cc
0x411d2f,0x73fab73823e0
0x46d736,0xca1598430fa0
0x447a14,0x73fab7385704
0x4552c0,0x73fab7383114
0x45ff56,0xbf7dd5e5ed60
0x558f9a,0x73fab7386590
0x460050,0x11faa179c520
0x45feea,0xca1598434f8c
0x412c87,0x73fab738cda8
0x463aa3,0x73fab738dfdc
0x45ff90,0x71d5f3fd5278
0x45ff7a,0x28d7cf566380
0x45736c,0xca159843ed70
0x463aa3,0x73fab73909ac
0x45736c,0xf775d31bc528
0x463a8d,0xb7ac7a96c1c8
0x4552c0,0x73fab737c504
0x45736c,0xca1598441c70
0x53e49f,0x4d2bb47d89b8
0x558f9a,0x8ac884715120
0x558f9a,0x73fab7396410
0x45ff56,0xf5d9bcfd9f84
0x448b5a,0x73fab7396c38
0x45736c,0x71d0d5905330
0x412cce,0x73fab7378991
0x448b5d,0xca1598445300
0x463aa3,0x73fab739bd9c
0x411d2f,0x73fab739bf50
0x412c87,0x73fab7376438
0x42ccca,0xf5d9bcfd1358
0x412cc0,0x73fab73a0d58
0x46d75a,0x73fab7374f90
0x4602e0,0x73fab73a10c0
0x411d2f,0x73fab73a23e0
0x46001c,0x71d0d59247e0
0x4552c0,0x71d0d58c01a4
0x4602e0,0x71d0d58c08f0
0x45ff62,0x2e448dacb390
0x447a19,0x73fab73a5330
0x411c2e,0x73fab73a98c8
0x448b5d,0x79f1064ab3a0
0x4552c0,0x73fab73ab3b4
0x411d2f,0x73fab73a8bb8
0x463aa3,0x73fab73abcbc
0x412c87,0x73fab73b1358
0x412cc0,0x73fab73b13a8
0x4552b0,0x73fab73b1c48
0x4602e0,0x73fab73b4710
0x45ff7e,0xf5d9bd033540
0x46d773,0x79f1064b1370
0x45ff62,0xd79e62ab1348
0x412c87,0x73fab73b6c28
0x46d75a,0x73fab73ba4e0
0x46d736,0xcd28e576b390
0x463e27,0x73fab73c0190
0x559212,0x73fab73b0f90
0x558f9a,0x73fab73ac670
0x46d743,0xc8d282a7cd0
0x4552b0,0x73fab73c98c8
0x448b5a,0x73fab73acdb8
0x460a83,0x73fab73cc678
0x463a8d,0x28d7cf5931c0
0x448b63,0x79f1064cd788
0x46d75a,0x73fab73d3d20
0x4552b0,0x73fab73d4738
0x463aa3,0x73fab73d4fbc
0x460a83,0x73fab73d5138
0x45ff7a,0x80f530c05abc
0x448b5a,0x73fab73d6438
0x411d2f,0x73fab73d6750
0x46d743,0x71d0d59f4f80
0x45ff56,0xf5d9bd0909a0
0x443d2b,0x50ff9d0e98f1
0x45ff7a,0x80f530c008cc
0x45ff4d,0x66598a7810d8
0x45ff4d,0x66598a7a1198
0x46d15e,0x80f530bfe520
0x46d181,0xb381a408c0
0x53cb5b,0xb381a40988
0x410c00,0x79f1064e65a8
0x53cb5b,0xd9e9d667ebe8
0x463aa3,0x79f1064f510c
0x45ff7e,0xf848bcf16c0c
0x53cb5b,0xbf7dd6000188
0x410b90,0x79f1064f5248
0x45ff56,0xbfe092fa1c70
0x45ff62,0x2e448daba4c0
0x410800,0x46a8494a65b0
0x47338d,0x79f1064f8fec
0x45ff56,0xce13850eb560
0x46d18d,0xbf7dd600c640
0x45fee6,0x99d8269f472c
0x46d193,0x1719cc76c30
0x412c87,0x79f106510fa8
0x473397,0x80f530c16408
0x46d15e,0x80f530c18fc0
0x47338d,0x79f106512e84
0x53cb5b,0x71d5f3e389a8
0x53cb5b,0xafd74f965a88
0x443d2b,0xb3a8ecd88bb1
0x47338d,0x79f1065210ec
0x412cc0,0x521b7f560d68
0x410800,0xafd74f97c520
0x412c87,0x521b7f563138
0x46d181,0x9ae0765fbd80
0x410800,0xcc2ca37672a0
0x53cacd,0x9ae076603118
0x443d2b,0xbfe092fa10d1
0x53cb5b,0x9ae0766063b8
0x46d773,0x49950aa601a0
0x410b32,0x521b7f57ebc0
0x45ff56,0x11e281df9100
0x412c87,0x521b7f5872a8
0x45ff56,0x3a0447275240
0x46001c,0x1719cc725e0
0x412c87,0x521b7f58c668
0x443d2b,0x50ff9d101c51
0x443d2b,0x50ff9d102771
0x473397,0x521b7f592e88
0x412cc0,0x521b7f595108
0x45ff56,0x80f530c4b560
0x47338d,0x521b7f598fcc
0x46d15e,0x80f530c3ed70
0x53cacd,0xc8d281a1c68
0x410b32,0x521b7f5a5130
0x47338d,0x521b7f5a5314
0x443d2b,0x7cb73193ed71
0x47338d,0x521b7f5ae80c
0x46d75a,0x521b7f5bc510
0x47338d,0x521b7f5c1c44
0x410800,0xce1385025120
0x45ff7a,0xab2ecf43099c
0x410700,0x521b7f5d0980
0x443d2b,0x80f530c58fe1
0x46d15e,0x80f530c59fb0
0x463e27,0x521b7f5d89a0
0x443d2b,0x50ff9d108ba1
0x443d2b,0x50ff9d1098d1
0x45ff56,0x1caddeda5310
0x412c87,0x521b7f5e0d58
0x5405e9,0xc8d282072b8
0x412c87,0x521b7f5e5118
0x410c00,0x521b7f5ec668
0x46d773,0xce1385067290
0x46d15e,0xde0ef9c11390
0x45ff7e,0xcd28e58e1c4c
0x45ff62,0x98f5690dbf70
0x463aa3,0x521b7f5f9f8c
0x409eee,0xd79e62bddc78
0x4106a7,0xce138507a4c8
0x443d2b,0x4b3918c01181
0x46d18d,0xbf7dd5f113a0
0x53cb5b,0xbf7dd5f509b8
0x5405e9,0xce138508b3b8
0x46d75a,0x521b7f611340
0x412c87,0x521b7f6113a8
0x46d75a,0x521b7f613d20
0x443d2b,0x50ff9d113d11
0x45ff7a,0x1cadded823ec
0x45ff56,0x8e9578fa8ba0
0x410b32,0x521b7f619120
0x460050,0xbfe092f87a20
0x412cce,0x521b7f6223d1
0x463aa3,0x521b7f62513c
0x410b32,0x521b7f625320
0x443d2b,0x50ff9d116761
0x42ccad,0xce13850bbdb0
0x46d75a,0x521b7f62b550
0x463a8d,0x4b3918c189b8
0x410b90,0x521b7f641188
0x463e27,0x521b7f647ce0
0x46d75a,0x521b7f6498c0
0x443d2b,0x50ff9d11bf51
0x53cacd,0xc8d282847c8
0x53cb79,0xd9e9d66b4710
0x45ff7a,0x782cd20e7ccc
0x410b32,0x521b7f6531d0
0x46d181,0xc8d28291340
0x473397,0x521b7f658980
0x410700,0x7a1900b698c0
0x473397,0x7a1900b6b540
0x443d2b,0x50ff9d120991
0x410887,0x7a1900b6b380
0x443d2b,0x50ff9d122761
0x45ff56,0x998897fa10f0
0x47338d,0x4822c14731ec
0x46d18d,0xaf7e60c52ee0
0x443d2b,0x50ff9d125ab1
0x42ccad,0xce138514e830
0x53cb5b,0xb4165f976418
0x46d773,0xce1385051360
0x4106a7,0xce1385051388
0x46d18d,0xf5d9bd173540
0x473397,0x4822c1481198
0x412c87,0x4822c14847c8
0x47338d,0x4822c1486384
0x47338d,0x4822c148658c
0x47338d,0x4822c148cdac
0x53cacd,0x66598a7cbca8
0x45ff90,0xff25d819ebc0
0x46d773,0xce13851725c0
0x410887,0x4822c1492e90
0x443d2b,0x81a891d67201
0x53cacd,0xb4165f99c518
0x47338d,0x4822c14a01a4
0x45fece,0x878ddfa41c40
0x45ff7e,0xc911b24da4cc
0x410b32,0x4822c14a6380
0x473397,0x4822c14a6580
0x42ccad,0xcd28e5727a10
0x473397,0x4822c14ac640
0x410700,0x4822c14b1340
0x53cacd,0x2c2cbb605118
0x412cc0,0x4822c14b8fc8
0x410887,0xeb0189f90f80
0x46d18d,0x46a8494a5110
0x410c00,0x4822c14c08d8
0x46d18d,0x998897f9e500
0x463aa3,0x4822c14c311c
0x45ff62,0x28d7cf5b89a0
0x412cc0,0x4822c14cdfc8
0x473397,0x4822c14cc1d0
0x53cb79,0x7ebb3c81bdb0
0x412c87,0x4822c14d0fa8
0x46d15e,0xff25d819dc70
0x411557,0x4822c14d3d0c
0x4106a7,0x49950aae5108
0x443d2b,0xff25d81ac1f1
0x5405e9,0x71d0d5885ab8
0x463a96,0x2e448daa47c0
0x412c87,0x4822c14ebca8
0x46d15e,0xff25d81acd90
0x53cacd,0x71d0d5876438
0x463aa3,0x4822c14f0fac
0x443d2b,0x50ff9d138981
0x463e27,0x4822c14f25e0
0x46d743,0x54c4531c23f8
0x412cc0,0x4822c14f5278
0x46d18d,0xce1385048b80
0x47338d,0x4822c14f8fc4
0x46d15e,0xff25d81b0f80
0x460050,0xff25d81b1e30
0x45ff62,0xbf7dd60209b8
0x46d773,0x7ebb3c825300
0x410c00,0x4822c15008c8
0x443d2b,0xff25d81be521
0x46d18d,0xce1385058990
0x410c00,0x4822c1505728
0x47338d,0x4822c1505a8c
0x45fece,0xbfe092fa5a80
0x45ff4d,0x66598a781188
0x473397,0x4822c1507280
0x47338d,0x4822c150e82c
0x443d2b,0x50ff9d13c501
0x463e27,0x4822c1513540
0x45ff56,0x80a6daa6c650
0x53cb79,0xcd28e5905300
0x46d75a,0x4822c151bdb0
0x410b32,0x4822c151bf40
0x443d2b,0x50ff9d13ebd1
0x46d15e,0xff25d81c7290
0x53cb79,0x878ddfa15130
0x463aa3,0x4822c152722c
0x46d75a,0x4822c1527280
0x443d2b,0xff25d81d1351
0x47338d,0x4822c1531394
0x46d18d,0x1a70aa72c650
0x46000d,0x6c537033c538
0x443d2b,0x50ff9d141c51
0x410c00,0x4822c1536c38
0x473397,0x4822c1539f80
0x53cb79,0xcc2ca3721190
0x46d773,0xcc2ca37210d0
0x443d2b,0xff25d81d5111
0x443d2b,0xff25d81d5271
0x46d75a,0x4822c1540990
0x463aa3,0x4822c15423cc
0x45ff62,0x80a6dab13570
0x47338d,0x4822c1543114
0x45ff56,0xce1385001c40
0x47338d,0x4822c154b394
0x410800,0x412e73ccd7a0
0x45ff62,0xff25d81febe0
0x410b32,0x4822c1551c60
0x410c00,0x4822c1554fa8
0x47338d,0x4822c15531d4
0x46d18d,0xd9e9d65f25e0
0x410c00,0x4822c1558988
0x53cb5b,0xce13850c7298
0x45ff62,0x2e448db30f80
0x45ff62,0x9895a7bd09b0
0x46d15e,0xff25d81e7200
0x45ff7e,0x11faa18c10c0
0x412cce,0x4822c1560991
0x46d18d,0xce13850e7230
0x45ff62,0x8a4feef52ec0
0x46d743,0xff25d81edff8
0x47338d,0xa5b1526411b4
0x410725,0xa5b1526410c0
0x47338d,0x4822c156d784
0x46d773,0x28d7cf3f8fc0
0x412c87,0x4822c15801b8
0x412cce,0x4822c1586591
0x42ccad,0x9ae07660dfe0
0x46d15e,0x203e0013c510
0x473397,0x4822c158cd98
0x412cc0,0x4822c15931c8
0x410b32,0x4822c1596c20
0x53cb5b,0x6c537032cda8
0x410c00,0x4822c15a1c68
0x463e27,0x4822c15a5300
0x46d773,0x7ebb3c8001a0
0x47338d,0x4822c15a638c
0x53cb79,0xaff5007d4f80
0x45ff56,0xff25d823bd80
0x463a96,0x71d0d592e800
0x45ff7e,0xff25d82610ec
0x410700,0x4822c15b3d00
0x47338d,0x4822c15b6404
0x46d773,0x8a4feef5ed50
0x4106a7,0xa040f20e47c8
0x463e27,0x4822c15c7a00
0x45ff56,0xff25d8240190
0x411557,0x4822c15c7ccc
0x412c87,0x4822c15c7c68
0x46d75a,0x4822c15cdfc0
0x46d75a,0x4822c15d09a0
0x410887,0x4822c15d3550
0x45ff7e,0xaa79a92d1c4c
0x45ff4d,0x28e837c8e818
0x46d151,0xcd28e5726388
0x45ff62,0xc911b24d89a0
0x410800,0xa040f210d7a0
0x46d743,0xff25d8225738
0x473397,0x4822c15e08d8
0x443d2b,0x25ce5ce46391
0x410887,0x4822c15e6380
0x463a8d,0x1829194a23e8
0x45ff62,0xc8d283325c0
0x463e27,0x4822c15f8990
0x53cb5b,0xcd28e58a7218
0x473397,0x4822c15f2e90
0x45ff90,0xff25d8251c40
0x45ff62,0x28d7cf582770
0x463aa3,0x4822c161642c
0x473397,0x4822c1616740
0x410b32,0x4822c1618ff0
0x45ff56,0xd9e9d66b1360
0x4106a7,0xd6932871bf48
0x412c87,0x4822c1621c68
0x412cc0,0x4822c1625128
0x47338d,0x4822c1625314
0x410b32,0x4822c1628b80
0x410b32,0x4822c1631c40
0x443d2b,0x50ff9d16bca1
0x47338d,0x4822c1631e24
0x45ff62,0xd9e9d66423e0
0x4106a7,0xcd28e5796748
0x47338d,0x4822c1641c4c
0x443d2b,0xff25d8247201
0x53cacd,0xcd28e5900198
0x410b32,0x4822c1647cf0
0x410b90,0x4822c1647c48
0x443d2b,0x71d0d58ed781
0x46d75a,0x4822c164dfd0
0x443d2b,0x71d0d5a023f1
0x46d75a,0x4822c1659130
0x410c00,0x4822c165dc58
0x46001c,0xbf7dd5f3a4d0
0x46d743,0x7cb731aa01b8
0x47338d,0x4822c166099c
0x53cb5b,0xdc4761a67a18
0x45ff4d,0x66598a7a47c8
0x473397,0x4822c1661190
0x5405e9,0xa040f21bbf78
0x47338d,0xe6f224c3c534
0x4115a9,0xe6f224c3ed40
0x410800,0x2c2cbb5223e0
0x46d15e,0x7cb7319ed7a0
0x53cacd,0xa040f2045718
0x4115a9,0xe6f224c43100
0x47338d,0xe6f224c4dff4
0x47338d,0xe6f224c4c1fc
0x45fef6,0x4741a6425700
0x46001c,0xeb0189fadfd0
0x443d2b,0xff25d824c1f1
0x45ff62,0x8ac8847725e0
0x47338d,0xe6f224c59f9c
0x53cb79,0x3a044725e520
0x443d2b,0x774a7eccdfc1
0x53cacd,0xa040f20698c8
0x473397,0xe6f224c67210
0x46d18d,0xa040f2079120
0x45fece,0x28d7cf4210c0
0x463e27,0xe6f224c865b0
0x53cacd,0xa040f20a47d8
0x463a96,0x2e448dab6410
0x463e27,0xe6f224c91350
0x46d18d,0xcd28e57f3d30
0x463e27,0xe6f224c93d30
0x45ff56,0xf5d9bcff5100
0x443d2b,0x50ff9d1808e1
0x53cb5b,0xa040f20b5278
0x463a96,0x2e448dab6750
0x410b32,0xe6f224ca10d0
0x46d193,0xa040f20c23f0
0x53cb5b,0xff3c8d5e1c58
0x443d2b,0x50ff9d182741
0x53cb5b,0xa040f20c8b98
0x463aa3,0xe6f224cabc8c
0x410c00,0xe6f224cae808
0x463e27,0xe6f224cb2ea0
0x47338d,0xe6f224cb1344
0x443d2b,0x9895a7c9ed61
0x53cb79,0xd9e9d6679110
0x410c00,0xe6f224cb9f88
0x443d2b,0x50ff9d186391
0x443d2b,0x50ff9d187221
0x46d18d,0xa040f20e7230
0x443d2b,0x50ff9d1898f1
0x42ccad,0xa040f2100d60
0x463a96,0x2e448dab6c20
0x410800,0xcd28e575dc60
0x410b32,0xe6f224cd2ed0
0x410c00,0xe6f224cd2e88
0x45ff62,0x28d7cf5b89a0
0x463aa3,0xe6f224ce11ac
0x45ff7a,0xff25d8267cfc
0x46d75a,0x8e9578fe0d50
0x46d75a,0xe6f224ce5730
0x47338d,0xe6f224ce5aa4
0x45ff7e,0xcd28e5820d7c
0x45ff62,0x7ebb3c7d5130
0x4106a7,0x71d5f3e67a08
0x47338d,0xe6f224cedfc4
0x46d773,0x49950aa58ff0
0x47338d,0xe6f224cf1384
0x46d773,0xcd28e577e530
0x47338d,0xe6f224cf9124
0x473397,0xe6f224cfdc58
0x46d15e,0xff25d8263120
0x410800,0x7ebb3c821c60
0x463a8d,0xff25d8265aa8
0x410b32,0xe6f224d05710
0x410800,0x71d0d5a70fb0
0x410b32,0xe6f224d13d30
0x46d773,0xf5d9bd112e90
0x410887,0xe6f224d16750
0x0,0x774a7ed96760
0x410700,0xe6f224d19100
0x47338d,0xe6f224d201ac
0x45ff56,0x2e448db87220
0x410c00,0xe6f224d27208
0x410887,0xe6f224d27290
0x46001c,0xeb0189f73d10
0x473397,0xe6f224d2d790
0x410b32,0xe6f224d2e820
0x46d743,0x1719cc808f8
0x46d75a,0xe6f224d36430
0x46d75a,0x9a06820f1e10
0x463a8d,0xf848bcf2b3a8
0x410c00,0x8e957900cd98
0x45ff56,0xff25d82731c0
0x45ff7a,0xeb0189f91e00
0x443d2b,0x8ac8846f5101
0x443d2b,0x8ac8846f5261
0x53cb79,0x9a0682105730
0x443d2b,0x1f52a6845a91
0x4115a9,0x9a0682112e80
0x46d773,0xcd28e5835250
0x410c00,0x9a0682112ef8
0x53cacd,0xcc2ca375dc68
0x42ccad,0xe7c8f38bcb0
0x463a8d,0xff25d8270fb8
0x45ff62,0xcd28e5766590
0x47338d,0x9a068211e534
0x45ff62,0x8e9578fa8ba0
0x45ff7a,0x1cadded823ec
0x412cc0,0x9a0682121c58
0x463e27,0x9a0682126390
0x46d75a,0x9a0682126590
0x47338d,0x9a068212bca4
0x46d18d,0xa040f21d6c30
0x46d15e,0xff25d8274fb0
0x53cb79,0x92da1fa55240
0x46001c,0x11e281e05708
0x47338d,0x9a068212e82c
0x473397,0x9a0682133550
0x45ff56,0x99d8269cc1c0
0x46d75a,0x9a0682138ff0
0x41091b,0xab2ecf380988
0x45ff56,0x66598a754fa0
0x410c26,0x9a068213e538
0x412c87,0x9a06821447d8
0x412cc0,0x9a0682147208
0x410c00,0x9a0682147298
0x45ff4d,0x28e837c8e818
0x410c26,0x9a068214bcb8
0x45ff62,0xaa79a92e0d60
0x463aa3,0x9a0682152e9c
0x45ff56,0xce13850f25d0
0x46d75a,0x9a0682152ef0
0x47338d,0x9a068215139c
0x45eebb,0x28e837ce3118
0x448b7a,0x1f52a6853558
0x46d736,0x71d0d58a65b0
0x45fe42,0xeb0189f51350
0x46d736,0xaa79a92c8b90
0x46d75a,0x665a07f65110
0x45ff7e,0xaa79a92e313c
0x410700,0x665a07f6bc80
0x4537e7,0x1f52a685dc6c
0x412cc0,0x665a07f823c8
0x45ee80,0x1f52a6867a30
0x463aa3,0x665a07f8729c
0x456198,0x665a07f87c48
0x559212,0x665a07f87ce0
0x463aa3,0x665a07f8c67c
0x456198,0xaa79a92d31d8
0x45ff56,0xcc2ca38d2ee0
0x412cc0,0x665a07f92e98
0x410b90,0x665a07f92ec8
0x443d2b,0x1f52a6871c61
0x456198,0xe98d38e85728
0x448b5d,0xe7c8f3adfe0
0x456198,0xe98d38e8b398
0x4561ac,0xe98d38e8b574
0x45627c,0xab2ecf3b3d38
0x412c87,0xe98d38e92ea8
0x412cc0,0xe98d38e92ef8
0x47338d,0xe98d38e91354
0x45eeb8,0xe98d38e90980
0x4537e7,0x1f52a688019c
0x448b7a,0x1f52a68847e8
0x47338d,0xe98d38ea23c4
0x45eeb8,0xe98d38ea1c60
0x443d2b,0x5115330d6751
0x47338d,0xe98d38ea65a4
0x448b7a,0x1f52a68898f8
0x463aa3,0xe98d38eb2ecc
0x47338d,0xe98d38ebe504
0x463a96,0xaa79a92e23f0
0x410c00,0xe98d38ec5a88
0x45ff4d,0x6c537038dfd8
0x45ff62,0xafe0999d0fb0
0x443d2b,0xbf7dd5e75111
0x443d2b,0xdc4761a5ebc1
0x410774,0xe98d38ed1e08
0x410700,0xe98d38ed3d00
0x451882,0xe98d38ef1358
0x443d2b,0x1f52a689a4e1
0x4561ac,0xe98d38f01c74
0x46d736,0xa040f204c670
0x410c00,0xe98d38f06388
0x47338d,0xe98d38f065b4
0x463a8d,0x557be2fd6428
0x412cc0,0xe98d38f0cdb8
0x456198,0xe98d38f0b578
0x412cc0,0xe98d38f12ec8
0x412cce,0xe98d38f12e91
0x473397,0xe98d38f11340
0x451882,0xe98d38f109b8
0x412c87,0xe98d38f19f98
0x4561ac,0xe98d38f18984
0x47338d,0xe98d38f1e504
0x443d2b,0x1f52a68ab561
0x4561ac,0xe98d38f1ebf4
0x447a40,0xe98d38f1ed40
0x4106a7,0x11e281e010c8
0x45eea7,0x1f52a68b0990
0x443d2b,0x1f52a68b4701
0x45ee80,0x51359e731e20
0x410b32,0xe98d38f36770
0x448b5a,0xe98d38f36428
0x448b7a,0xe98d38f32e98
0x46d773,0xb7ac7a975270
0x47338d,0xe98d38f3c534
0x46d736,0x80a6daae3130
0x46d773,0x71d0d5a11c70
0x447a40,0xe98d38f423c0
0x447a39,0xe98d38f509b0
0x47338d,0xe98d38f56c34
0x4561ac,0xe98d38f55244
0x456198,0xe98d38f5c508
0x447a40,0xe98d38f68b90
0x451882,0xe98d38f67c68
0x463a96,0x28e837ca0d48
0x47338d,0xe98d38f6e834
0x47338d,0xe98d38f725c4
0x451950,0x71d0d58f6c38
0x448b7a,0x71d0d58f89a8
0x47338d,0xe98d38f7ebc4
0x412cce,0xe98d38f83111
0x45ee80,0x80f530bdbf40
0x558f9a,0x80f530be0190
0x45632e,0xbf7dd5fac670
0x463aa3,0x80f530be7a3c
0x410725,0x80f530be7c40
0x558f9a,0x80f530be63a0
0x456198,0x80f530be6598
0x456198,0x80f530bec1d8
0x46d75a,0x80f530bf31c0
0x473397,0x80f530bf3550
0x456269,0x80f530bf3d08
0x45eea0,0x4bde421b31f8
0x456198,0x2e448dade508
0x4561ac,0x71d0d59325c4
0x46d75a,0x1f52a6855270
0x46d75a,0x1f52a6865700
0x473397,0x1f52a6874f90
0x46d736,0x9bc379ccb390
0x46d773,0x9bc379ccdfe0
0x463a96,0xfe2fc1f513a0
0x42f551,0x9895a7c531c8
0x47338d,0x1f52a68925c4
0x46d773,0x7cb7319e09b0
0x42f551,0x9bc379ce08f8
0x45ff7e,0x99d8269e099c
0x46d75a,0x1f52a68b3d00
0x42f551,0x9bc379ce7218
0x42f4e4,0x51359e73bf50
0x42f4e4,0x51359e73e530
0x443d2b,0x9bc379cee831
0x46d773,0x2e448db90f90
0x463a96,0xcc2ca3759138
0x42f54e,0x974dbe4cdfd0
0x443d2b,0x9bc379cf8991
0x412cc0,0x80f530c0cd98
0x47338d,0x80f530c13d24
0x463e27,0x80f530c1e510
0x473397,0x80f530c1ebd8
0x463e27,0x80f530c21c50
0x443d2b,0x9bc379cfbdb1
0x46001c,0x7cb73196e818
0x410b32,0x80f530c27290
0x46d181,0xaa4eb5dec640
0x4602e0,0x80f530c27230
0x443d2b,0x9bc379cfe501
0x53cb5b,0xc8d282a7208
0x463e27,0x80f530c41c70
0x443d2b,0x9bc379d01c41
0x463e27,0x80f530c45130
0x46d75a,0x80f530c45330
0x53cacd,0xcd28e58acd98
0x47338d,0x80f530c48b9c
0x46d773,0xb7ac7aa02760
0x463a8d,0x1cadded90fb8
0x463aa3,0x80f530c5099c
0x42ccad,0xbf7dd5facd80
0x460050,0x1cadded91c70
0x409eee,0xd9e9d668c1f8
0x410887,0x80f530c54f80
0x47338d,0x80f530c56c3c
0x45ff56,0x1caddeda01b0
0x412cce,0xde0ef9c15251
0x410b32,0x642e23581c50
0x53cb5b,0xde0ef9c12eb8
0x443d2b,0x1cadded94f91
0x42ccad,0x11faa17c6590
0x410700,0x642e23587a00
0x463aa3,0x4b3918c0722c
0x45ff56,0x1caddeda5310
0x46d75a,0x4b3918c07280
0x473397,0x4b3918c0bc80
0x46d18d,0x4b3918c05320
0x46001c,0x66598a7a0188
0x46d18d,0x28d7cf48c1e0
0x46d15e,0x1cadded9bf60
0x410887,0x989130972e90
0x47338d,0x33ece18010c4
0x47338d,0x33ece1801194
0x46001c,0x8a4feef52ec0
0x410c00,0x782cd20d31d8
0x473397,0x782cd20d3558
0x473397,0x782cd20dbf58
0x46d773,0xbf7dd6015100
0x45ff56,0x2e448db30f80
0x46d18d,0x9891309423c0
0x409eee,0xce1385162778
0x410b90,0x81a891d61c48
0x46d75a,0xff25d818e810
0x443d2b,0x9bc379d13561
0x463aa3,0xff25d8192efc
0x46d15e,0x1caddeda5100
0x463e27,0xff25d8195110
0x45ff56,0xe7c8f3823d0
0x463e27,0xff25d81a0980
0x410887,0xff25d81a0d50
0x463e27,0xff25d81a5aa0
0x45ff62,0xa040f21909a0
0x45ff56,0xcd28e5908b80
0x45ff89,0x2e448db2e800
0x46d75a,0xff25d81a7230
0x412c87,0xff25d81a7298
0x443d2b,0xcd28e5832ea1
0x410887,0xff25d81b3d00
0x410b32,0xff25d81b6400
0x46d18d,0xcc2ca37d0fb0
0x411557,0xff25d81b910c
0x409eee,0x412e73ce63b8
0x53cb5b,0x412e73ce6588
0x443d2b,0xb4165fa647f1
0x53cacd,0xce13850509a8
0x53cb79,0x878ddfa15130
0x45ff56,0x80a6daa6c650
0x410c00,0xff25d81ccd88
0x46d15e,0x1caddedadfd0
0x410b32,0xff25d81cd7b0
0x412cc0,0xff25d81e47e8
0x463e27,0xff25d81f4f80
0x412c87,0xff25d81f31e8
0x412cc0,0xff25d81f6c18
0x463a8d,0xab2ecf445ab8
0x443d2b,0x9bc379d21c61
0x412cc0,0xff25d81f8fd8
0x46d181,0xd79e62abebc0
0x4115a9,0xff25d82010c0
0x410b32,0xff25d8201180
0x443d2b,0x9bc379d22741
0x46d75a,0xff25d8205730
0x47338d,0xff25d8205aa4
0x45ff62,0x9895a7bd09b0
0x410b32,0xff25d82072a0
0x53cb5b,0xff3c8d616778
0x42ccad,0x932ec4087a10
0x47338d,0xff25d8218fcc
0x46d15e,0x9895a7bc2750
0x42ccad,0xff25d8219fa0
0x46d773,0x7ebb3c7a65a0
0x46d15e,0x8e9578fc11b0
0x53cb5b,0x71d0d59208d8
0x412c87,0xff25d822c1e8
0x473397,0xff25d822c648
0x463aa3,0xff25d8232ecc
0x45ff62,0x28e837cfdc70
0x5405e9,0xcd28e58647f8
0x410c00,0x2e448db26398
0x53cacd,0xcd28e58b2e98
0x53cb5b,0xcd28e58b2ee8
0x412c87,0xff25d8285308
0x45ff62,0x71d0d593a4f0
0x412c87,0xff25d8287ce8
0x47338d,0xa31272b21c74
0x45ff7a,0x81c0a289c50c
0x411557,0xa31272b2530c
0x473397,0xa31272b25708
0x53cacd,0xd69328751368
0x53cb5b,0xd693287513a8
0x410b32,0xb26c7f89bdb0
0x46d18d,0xce1385167290
0x46d15e,0x878ddfa56400
0x53cb5b,0xcc2ca3715118
0x463a96,0x557be2ff89a0
0x443d2b,0xc8d282bebd1
0x47338d,0xb26c7f8b0f9c
0x412cc0,0xb26c7f8b89a8
0x460050,0x11faa182d7a0
0x410800,0xcd28e58b3570
0x443d2b,0x1caddedc7211
0x45ff56,0xf5d9bd0909a0
0x45ff62,0xbf7dd6027cc0
0x4602e0,0x77b2aa7463b0
0x46d773,0x71d5f3f0dfe0
0x46d75a,0xaa79a92ad790
0x410800,0xd9e9d65ded70
0x45ff56,0x1caddede47d0
0x45ff7a,0x1caddedd642c
0x412c87,0xaa79a92b5108
0x410700,0xaa79a92b5240
0x46d15e,0x1caddedcdfc0
0x53cacd,0xf5d9bd056748
0x47338d,0xaa79a92c7c6c
0x53cacd,0x80a6dab01c58
0x45ff62,0x66598a7ecda0
0x46d75a,0x1cadded00d40
0x443d2b,0x9bc379d408d1
0x473397,0x1cadded023d0
0x46d15e,0x1caddedd5260
0x463a8d,0x13becdad4738
0x46001c,0xbf7dd60408c8
0x412cc0,0x1cadded0bc98
0x4106a7,0x66598a7d25c8
0x443d2b,0x1caddedd9131
0x409eee,0x11faa17210f8
0x410725,0x1cadded11c40
0x47338d,0x1cadded11e04
0x46d773,0x25ce5ce83120
0x463a96,0x2c2cbb4f6c20
0x45ff4d,0xa7d08ad75118
0x410800,0x28d7cf487a30
0x46d773,0xc8d28205a90
0x473397,0x1cadded26398
0x443d2b,0xd79e62b8b551
0x410800,0xbf7dd6015260
0x473397,0x1cadded2b550
0x410b32,0x1cadded2c650
0x443d2b,0x9bc379d47c51
0x46d773,0x1cadded2dfd0
0x460050,0x1caddedde530
0x473397,0x1cadded39f90
0x45ff56,0x71d0d58cb550
0x412cc0,0x1cadded47c58
0x410c00,0x1cadded47ce8
0x45ff7e,0x8e95790008cc
0x45ff4d,0x66598a7810d8
0x46d151,0xcc2ca38531c8
0x410887,0x1cadded56750
0x412c87,0x1cadded58fc8
0x53cb5b,0xce1385107c58
0x45ff56,0xeb0189fadfd0
0x42ccad,0xce1385059110
0x47338d,0x1cadded5ed74
0x42ccad,0x71d0d5920d70
0x45ff56,0x8e9578f55130
0x410700,0x1cadded65a80
0x46d18d,0x1cadded62740
0x463a8d,0x7ebb3c8789b8
0x53e068,0xfaef35a9c528
0x53e088,0x71d0d59f4f80
0x46d633,0xb381a408c0
0x45eebb,0x28e837ce3118
0x412c87,0xb4165fa8c1e8
0x4495c3,0x99d8269ed780
0x53e083,0x46a8494a65b0
0x53e083,0x1719cc76c30
0x53e0c1,0xafd74f97c520
0x53e083,0xcc2ca37672a0
0x53e088,0x49950aa601a0
0x53e083,0xce1385025120
0x53e083,0xc8d282072b8
0x53e083,0xbf7dd5f113a0
0x53e083,0xce138508b3b8
0x53e083,0xaf7e60c52ee0
0x53e088,0xce1385051360
0x53e088,0x46a8494a5110
0x53e083,0x71d0d5885ab8
0x53e088,0xce1385058990
0x53e088,0x1a70aa72c650
0x53e083,0x412e73ccd7a0
0x53e083,0xd9e9d65f25e0
0x53e083,0xce13850e7230
0x53e088,0x7ebb3c8001a0
0x53e083,0xa040f210d7a0
0x53e083,0xa040f21bbf78
0x53e083,0x2c2cbb5223e0
0x53e083,0xa040f2079120
0x53e083,0xcd28e57f3d30
0x53e083,0xa040f20c23f0
0x53e083,0xa040f20e7230
0x53e083,0xcd28e575dc60
0x53e083,0x49950aa58ff0
0x53e083,0xcd28e577e530
0x53e083,0x7ebb3c821c60
0x53e083,0x71d0d5a70fb0
0x53e083,0xa040f21d6c30
0x53e088,0xb7ac7aa02760
0x53e088,0x7ebb3c7a65a0
0x4495c3,0xcd28e5828b80
0x44959d,0x28d7cf4325d0
0x451882,0xb4165fa91378
0x45ff7e,0x11faa18c10c0
0x451882,0x79f1064e1c68
0x4561ac,0xb4165fa925f4
0x45ee80,0x54c43c611c50
0x456171,0xb4165fa92ed4
0x448b7a,0x79f1064f25c8
0x4537e7,0x79f1064f510c
0x448b7a,0x79f1064f8988
0x53e62b,0x5115330eb540
0x44952d,0xd4cb943c10d8
0x448b83,0xb4165fa58980
0x449609,0x28d7cf4fbf68
0x558f9a,0xb4165faa1c70
0x448b5a,0xb4165faa10c8
0x451882,0xb4165fab9118
0x53df14,0xafd74f96bc88
0x456171,0xb4165faa5704
0x45eeb8,0x79f10650c670
0x456198,0xb4165faa23c8
0x46d736,0x73fab73e09b0
0x4495c3,0x11e281df5250
0x4518c8,0x79f106511c78
0x45fdd7,0xf5d9bcff5100
0x457432,0x73fab73e2770
0x45ff7e,0xc839f571bf7c
0x42ca41,0xa1abd7fded58
0x460050,0x73fab73e5138
0x412cc0,0xb4165faa0d78
0x447a40,0xb4165faad790
0x45ee89,0x79f10651ebf0
0x53e65a,0x998897f88b88
0x45ee89,0xb4165fa0d7b0
0x447a40,0xb4165faa63a0
0x456331,0xb4165faba4c0
0x42ca41,0x71d5f3eb0f80
0x4495c3,0x2c2cbb4d1380
0x44959d,0x2c2cbb4d1350
0x53df14,0xcd28e57b2ed8
0x44952d,0xcd28e57b2e98
0x447a40,0xb4165fac23d0
0x45eeb8,0xb4165fac08e0
0x45eeb8,0x521b7f567230
0x451882,0x521b7f567298
0x53df0a,0xf5d9bd0a10d0
0x558f9a,0xb4165fac47f0
0x451950,0x521b7f567a38
0x4602e0,0xb4165fac5300
0x53df14,0xf5d9bd0a11a8
0x4561ac,0xb4165fac5a84
0x46d633,0x66598a7b6750
0x448b7a,0x521b7f575128
0x4602cb,0xf5d9bd125710
0x44959d,0xf5d9bd080990
0x411913,0xb4165fac7c50
0x45ff56,0xb4165fa5bd88
0x46d75a,0xb4165fad2e80
0x412c87,0xb4165fad2ee8
0x411804,0x11faa17f4710
0x4602e0,0x989130903100
0x53e62b,0x49950aac98d0
0x412cc0,0x989130905318
0x456171,0x989130905104
0x45ee80,0x521b7f585130
0x451882,0x521b7f5863b8
0x412c87,0x9891309065b8
0x448b5a,0x989130906398
0x451882,0x989130907cf8
0x45ff56,0xcc2ca38d2ee0
0x46d736,0xed3fb8cb3d30
0x46d75a,0x98913090d790
0x4495c3,0x11faa185c500
0x456198,0x9891309023d8
0x45eeb8,0x9891309098f0
0x449609,0x2c2cbb530f98
0x45ee80,0xb4165fa11380
0x45ee89,0xb4165fa11360
0x45eeb8,0x521b7f590fb0
0x4561ac,0x989130907234
0x558f9a,0x989130907290
0x456171,0x989130916744
0x558f9a,0xb4165fa13540
0x463aa3,0x98913091899c
0x53df0a,0xb7ac7a96c650
0x45ff7e,0xeb0189f91e00
0x451950,0x521b7f5ab578
0x46d633,0xf5d9bd0da4d0
0x558f9a,0x9891309208f0
0x456331,0x989130920990
0x448b7a,0x521b7f5b3568
0x447a40,0x98913091bdb0
0x45ff4d,0x28e837c8d788
0x45ee80,0x54c43c627ce0
0x53e62b,0xbdae4aaf3d30
0x456171,0x989130922754
0x4602c7,0x989130919fb8
0x53df14,0xf5d9bd0e7218
0x46d633,0xbdae4aaf6c10
0x42ca41,0xcd28e5816410
0x456198,0x989130925708
0x45ee80,0x521b7f5c01b0
0x411913,0x989130926380
0x44959a,0xcd28e57ee808
0x4494ea,0xbdae4aafc508
0x448b5a,0x54c43c6298e8
0x4602c7,0x98913092d7b8
0x448b5d,0xce13851610e0
0x460050,0xeb0189f55260
0x44959d,0x908653178980
0x447a39,0x9891309309b0
0x4495c3,0x2c2cbb474718
0x558f9a,0x989130934720
0x45eea7,0x521b7f5d89a0
0x42ca41,0x11faa1891c40
0x456171,0x989130934fa4
0x45eea0,0x521b7f5dbda8
0x44959d,0x11faa18925d0
0x447a40,0x989130932ec0
0x451882,0x521b7f5d1e28
0x46d736,0x1829193498f0
0x559212,0x989130938ff0
0x44e194,0x521b7f5e7c68
0x45eeb8,0x521b7f5e8ba0
0x448b7a,0x521b7f5e98d8
0x447a40,0x98913093bf60
0x558f9a,0x98913093bda0
0x45ee80,0x521b7f5ecda0
0x4495c3,0x11faa18ad790
0x45ee80,0x54c43c62dfd0
0x45ee80,0x521b7f5ccd90
0x447a40,0x989130945130
0x451950,0x989130951e38
0x456198,0x989130947298
0x4518c8,0x521b7f5f89b8
0x4537e7,0x521b7f5f9f8c
0x411913,0x989130945a90
0x463e27,0x989130947a30
0x412cc0,0x989130947ce8
0x449609,0xd79e62c4e828
0x46d736,0xa040f206d790
0x45eeb8,0x98913094bca0
0x4518c8,0x521b7f5fed78
0x53e65a,0xf848bcf2e838
0x4602cb,0x8c6c7da8bb0
0x53e65a,0xf848bcf31388
0x53e62b,0xd6932874bcb0
0x44952d,0xf848bcf31358
0x4518c8,0x98913094c1f8
0x451882,0x521b7f5fdc68
0x53ffd1,0xa040f209ed78
0x45feea,0xeb0189f67ccc
0x558f9a,0x9891309463a0
0x45ff4d,0x28e837c8e818
0x411804,0xff3c8d60d790
0x449502,0xf848bcf38984
0x448b7a,0x521b7f5f9138
0x449502,0xa040f2133544
0x4494de,0xf5d9bd136400
0x456198,0x989130953d08
0x448b5a,0x9891309531f8
0x451882,0x54c43c635108
0x451882,0x521b7f612e98
0x45eea0,0x521b7f6125e8
0x46d633,0x7ebb3c7a6390
0x558f9a,0x98913094b380
0x46d633,0xca49da334f90
0x45ff90,0xeb0189f76400
0x460050,0xeb0189f6c660
0x45eeb8,0x989130961190
0x44952d,0xedc51a919f88
0x53df14,0xf5d9bd145318
0x558f9a,0x98913095e530
0x4537e7,0x521b7f62513c
0x53df14,0xb6605691a4e8
0x451882,0x521b7f627ce8
0x412c87,0x989130960188
0x449502,0xa040f20fbf44
0x44959a,0xdc4761a87298
0x456198,0x989130960998
0x448b5a,0x98913095bf68
0x448b7a,0x521b7f62b398
0x45ee80,0x521b7f62e810
0x46d736,0xeb0189f71c70
0x411557,0x9891309647cc
0x4495c3,0x6af9d6d1c500
0x44e194,0x521b7f62cdb8
0x451882,0x54c43c639128
0x53df0a,0xf5d9bd165a90
0x4494de,0xf848bcf698c0
0x44962d,0xce138500dfc0
0x558f9a,0xe930e6ba5300
0x45fe42,0xcc2ca371a4f0
0x463e27,0x98913096d7b0
0x4602cb,0xd79e62aa8b90
0x45eeb8,0x521b7f6401b0
0x4561ac,0x989130971354
0x558f9a,0x9891309713b0
0x45eea7,0x521b7f647ce0
0x412cce,0x989130971e11
0x45ff56,0x66598a795130
0x45ff62,0xa040f20d6400
0x449502,0xf5d9bd178984
0x449609,0x28d7cf507cc8
0x53e62b,0xf848bcf7e530
0x412cc0,0x989130976428
0x4561ac,0x989130976c24
0x456198,0x9891309725e8
0x45ee89,0xe930e6ba8ba0
0x46d736,0x9895a7c85a90
0x45ff62,0xd9e9d66423e0
0x45ff7e,0xca49da3c8b8c
0x44e194,0x521b7f655268
0x45ee80,0x521b7f656c30
0x45ff56,0x8e9578f55130
0x449609,0xd7cc94e21c68
0x46d736,0x774a7ed60990
0x45fdfc,0xeb0189f78fcc
0x45ff56,0xd9e9d66b1360
0x4602cb,0x28d7cf492ee0
0x4494de,0xce1385035240
0x558f9a,0x47b5ad3d6410
0x46d736,0xb4165fa609b0
0x44959a,0xdd2838a423c8
0x4518c8,0x774a7ecd1e38
0x4602e0,0x774a7ecd6770
0x451882,0x4822c1475128
0x45eea0,0x4822c1478fe8
0x412cc0,0x774a7ecd8fc8
0x4602cb,0xbfe092fcb380
0x45ff7e,0xeb0189f925dc
0x411804,0xf5d9bd056400
0x44959a,0x557be30b1348
0x4495c3,0x557be30b1390
0x558f9a,0x47b5ad3dc510
0x4602cb,0x66598a7fed68
0x448b5a,0x47b5ad3dbf48
0x456269,0x774a7ece6598
0x451882,0x774a7ecf3d28
0x53e62b,0x1a64fc5ddc60
0x46d736,0xc8d281f6750
0x44e194,0x4822c148d788
0x451882,0x4822c1491e38
0x412cc0,0x774a7eceb578
0x42ca41,0xe7c8f3b5240
0x45feea,0x71d0d58eb54c
0x46d75a,0x774a7eced7b0
0x45ff89,0x66598a7ba4c0
0x42ca41,0x24d6558cd790
0x448b5a,0x774a7ece98e8
0x45fe42,0xb4165fa58980
0x53df0a,0xd79e62af2ea0
0x46d633,0xd79e62af2ed0
0x46d614,0x1a64fc5e5300
0x448b7a,0x4822c14a1c78
0x4561ac,0x774a7ece7214
0x456198,0x774a7ece72b8
0x46d75a,0x774a7ece7c50
0x412cce,0x774a7ece7cd1
0x558f9a,0x774a7ecf3560
0x45fdfc,0x80a6dab023cc
0x42ca41,0x71d5f3ee5710
0x456171,0x774a7ecf5124
0x46d736,0xcd28e575a4d0
0x456269,0x774a7ecec1f8
0x45ee89,0xb4165fa265b0
0x45ff56,0x28d7cf4210c0
0x44959d,0x5829a6ec5700
0x4518c8,0x774a7ed065b8
0x53df0a,0xd79e62b8c1d0
0x456198,0x774a7ecfebc8
0x558f9a,0x774a7ecfed40
0x45eeb8,0x4822c14b4fb0
0x456198,0x774a7ed011a8
0x4537e7,0x4822c14c311c
0x449609,0xf775d3179138
0x451950,0x4822c14bbf78
0x411804,0xe7c8f3e47e0
0x46d75a,0x774a7ecfa4f0
0x46d773,0xeb0189f98990
0x45eeb8,0xa5b152625310
0x447a40,0x774a7ed05300
0x457432,0xeb0189f99130
0x45eeb8,0x4822c14d4730
0x4602e0,0x774a7ed07230
0x53ffd1,0xd79e62b05ab8
0x559212,0x774a7ed07a10
0x411957,0x774a7ed07290
0x45ee80,0x4822c14dbf50
0x45ff56,0xbf7dd5e5ed60
0x412cc0,0x774a7ed125c8
0x559212,0x774a7ed12ea0
0x4518c8,0x774a7ed19138
0x45ff62,0x7ebb3c7d5130
0x44952d,0xd9e9d6682758
0x449609,0xa678649513a8
0x456269,0x774a7ed16428
0x45ee80,0x4822c14e2770
0x45ff7e,0xeb0189fa98dc
0x44959d,0x66598a7a98c0
0x456171,0x774a7ed16c24
0x44e194,0x4822c14ddc78
0x45ff4d,0x66598a781188
0x558f9a,0x774a7ed18980
0x4495c3,0xe470055e7c58
0x451882,0x4822c14ed798
0x559212,0x774a7ed1bf60
0x4537e7,0x4822c14f0fac
0x46d633,0xc48ca901bf40
0x45eeb8,0xa5b15262b550
0x45eea7,0x4822c14f25e0
0x4495c3,0x7ebb3c7d1e10
0x559212,0x774a7ed10fb0
0x45eeb8,0x4822c14fbf40
0x53df0a,0x6c53703309b0
0x53e62b,0x3a0447280180
0x4561ac,0x774a7ed25304
0x46d736,0xeb0189fa5130
0x460050,0x2e448db389a0
0x44959a,0x11faa185ed58
0x451882,0x774a7ed2dfe8
0x558f9a,0x774a7ed298c0
0x53df14,0x6c537034b548
0x53df14,0x6c537035bf58
0x456331,0x774a7ed2c650
0x451950,0x774a7ed2bcb8
0x40b657,0xcd28e5787200
0x456198,0x774a7ed2d788
0x45eeb8,0x4822c150b560
0x45ff7a,0xeb0189fbc51c
0x45ff56,0xeb0189fbbd90
0x45eea7,0x4822c1513540
0x44952d,0x6c53703a47c8
0x46d773,0xeb0189facd90
0x46d614,0xa7d08ad07cc0
0x45ff62,0x8ac8847725e0
0x45ff4d,0x66598a7a47c8
0x53df14,0xa7d08ad13d28
0x456198,0x774a7ed31348
0x4561ac,0x774a7ed31384
0x463aa3,0x774a7ed31e1c
0x463e27,0x774a7ed31c70
0x45ee80,0x4822c15010c0
0x411557,0x774a7ed331cc
0x44952d,0x28e837cbebd8
0x411a5c,0x774a7ed247c8
0x53df0a,0x5829a6ec65a0
0x451882,0xa5b152631358
0x558f9a,0x774a7ed39110
0x45eeb8,0x4822c1526390
0x4537e7,0x4822c152722c
0x412cc0,0x774a7ed3c518
0x44e194,0x4822c152c1c8
0x449609,0xce1384f73548
0x45ff7e,0xcc2ca38e09bc
0x463e27,0x774a7ed43110
0x449680,0xedc51a8ebcb0
0x45eeb8,0x774a7ed41c70
0x4602e0,0x774a7ed45730
0x45ee80,0x4822c153a4c0
0x448b5d,0xeb0189fb6c00
0x45fdd3,0x28e837c8d788
0x44959a,0xcc2ca37ce808
0x456331,0x774a7ed46590
0x44959d,0x71d0d5920190
0x4537e7,0x4822c15423cc
0x4495c3,0xaf4780c8bc80
0x463e27,0xa5b152638fe0
0x4494ea,0xd79e62bfa4c8
0x46d736,0x11faa18bebd0
0x451882,0x774a7ed5e518
0x45eeb8,0x4822c1547a10
0x412c87,0x774a7ed525c8
0x449609,0xc8d28336c38
0x4494ea,0x71d0d58ba4c8
0x456198,0x774a7ed52eb8
0x456269,0x774a7ed52ef8
0x45eeb8,0x4822c154dfd0
0x44e194,0x4822c1555258
0x463e27,0x774a7ed56c30
0x45ee80,0x4822c1559110
0x411804,0x71d0d5895110
0x4561ac,0x774a7ed59134
0x448b7a,0x4822c155ed78
0x448b5d,0xd79e62b55260
0x456198,0x774a7ed5a4c8
0x463e27,0x774a7ed5bf50
0x449609,0xd9e9d65febd8
0x559212,0x774a7ed51e30
0x448b83,0xeb0189fc0180
0x53e65a,0xcc2ca37389a8
0x4518c8,0xa5b15263e538
0x53e65a,0xcc2ca3707cc8
0x4494de,0xcc2ca3707c40
0x451882,0x4822c156c658
0x448b5d,0xeb0189fc10e0
0x45ee80,0xa5b15263dc50
0x463e27,0x774a7ed65aa0
0x46d773,0x1829194b9130
0x456198,0x774a7ed66398
0x451882,0x4822c1573d28
0x45ff56,0xf5d9bd178984
0x45fdff,0xeb0189f67ccc
0x45ff56,0x7cb73196e818
0x46d75a,0x774a7ed6b3b0
0x411a5c,0x774a7ed6d788
0x456198,0x774a7ed6dff8
0x45eea0,0x4822c15823f8
0x45ff62,0xce1385001c40
0x45ff56,0xbfe092fa5aa0
0x45ff62,0x878ddfa41c40
0x4602cb,0xcc2ca3843100
0x45ee80,0xb4165fa35100
0x451882,0x4822c1587228
0x44e194,0x4822c1587298
0x411a5c,0x774a7ed71348
0x4602e0,0x774a7ed71390
0x53ffd1,0x71d5f3e8cdb8
0x558f9a,0x774a7ed71c50
0x45ee89,0xb4165fa35270
0x411804,0x66598a7da4d0
0x46d773,0xc8d28325710
0x412c87,0x774a7ed7ebe8
0x44952d,0x71d5f3ea2758
0x53e5fc,0x71d0d5891c78
0x45ff4d,0x28e837c92e88
0x456198,0x774a7ed82768
0x44e194,0x4822c15a23c8
0x45eea7,0x4822c15a5300
0x46d75a,0x774a7ed83100
0x411804,0x28d7cf426390
0x53e65a,0xce1385085a88
0x463aa3,0x774a7ed8639c
0x46d614,0xa678649a1180
0x448b5d,0x8dc6260ec660
0x412c87,0x774a7ed87a38
0x4495c3,0x71d0d5a1e500
0x53e5fc,0xafe0999debf8
0x451882,0x774a7ed85738
0x46d736,0x71d0d5885730
0x44959a,0xd79e62bb6428
0x53e62b,0xc9394d38b540
0x45ee80,0x4822c15b4f80
0x463e27,0x774a7ed8c1d0
0x45ee80,0x4822c15bbd80
0x45ff90,0x11faa17d25c0
0x46d773,0x24656f191c50
0x4602e0,0x774a7ed8d790
0x449609,0x2c2cbb5e08d8
0x456269,0x774a7ed8dff8
0x412c87,0xa5b15264bca8
0x448b5d,0xb4165fa36c20
0x46d773,0xb4165fa67cf0
0x45eea7,0x4822c15c7a00
0x45ff56,0xcc2ca371a4f0
0x412cc0,0x774a7ed9bf78
0x4602cb,0x51153310c670
0x53e62b,0x71d0d5a1ed70
0x456331,0x774a7eda1c40
0x448b5a,0x774a7eda10d8
0x45fdfc,0x24656f196c0c
0x463aa3,0x774a7ed9c52c
0x449502,0x71d5f3f447c4
0x448b7a,0x4822c15d31c8
0x4602cb,0xf5d9bd0808e0
0x4561ac,0x774a7eda3124
0x4495c3,0x71d0d5a54718
0x451882,0x774a7eda0d48
0x44e248,0x4822c15d9108
0x456198,0x774a7eda5a98
0x45ff56,0x24656f1a7220
0x45ff56,0xbfe092fe1c40
0x412cc0,0x774a7eda6598
0x456171,0x774a7eda6384
0x412cc0,0xa5b152651e08
0x53df14,0x71d5f3f6cd88
0x4518c8,0xa5b1526509b8
0x463e27,0x2e448db05710
0x45ff62,0xfdfd3a8c3130
0x53e62b,0xdc47619f5240
0x558f9a,0x774a7edac1c0
0x451882,0x4822c15e5328
0x45ff56,0x41464dffebe0
0x46d633,0x71d5f3f96400
0x4518c8,0x774a7edb4738
0x45ee80,0x4822c15e5a80
0x45eeb8,0x4822c15eb3b0
0x45ee80,0x4822c15ee830
0x45ff62,0xce138506b3a0
0x456269,0x774a7edb3d18
0x448b5a,0x774a7edb31c8
0x53df0a,0x71d5f3fb9f90
0x4064e3,0xd6932878b550
0x460050,0x98913092b3a0
0x558f9a,0x774a7edb5270
0x45ee80,0x8ac88477c510
0x45eea7,0x4822c15f8990
0x4494de,0xdc4761a02740
0x451882,0x774a7edb2e88
0x44e194,0x4822c15f6408
0x46d773,0x1a70aa7410d0
0x46d633,0xdc4761a05310
0x451882,0x4822c15f6778
0x53ffd1,0x71d5f3fc1c78
0x447a40,0x774a7edadfd0
0x451882,0x71d0d592b388
0x45ff90,0x24656f1ae800
0x53df0a,0x71d5f3fb5240
0x45ee80,0x4822c1601c40
0x4115a9,0x774a7edba4c0
0x45ff90,0xbfe092fb1e00
0x53df14,0x71d5f3ff1e08
0x45eeb8,0x774a7edc3110
0x4602e0,0x774a7edbebf0
0x449502,0xdc4761a25a84
0x4064e3,0x5829a6ee98c0
0x45ee80,0xa5b152656420
0x45ee80,0x4822c1611380
0x45eea0,0x4822c1611368
0x463aa3,0x774a7edc0d5c
0x44e194,0x4822c16131e8
0x4537e7,0x4822c161642c
0x449609,0xcd28e578dfd8
0x451882,0x4822c1613558
0x46d736,0x7cb7319c09a0
0x449502,0x71d5f3fb3d04
0x53e65a,0xcc2ca37b89b8
0x412cc0,0x774a7edc5738
0x449609,0xcd28e5792ec8
0x449680,0xcd28e5792eb0
0x45ee89,0xa5b152656770
0x451882,0x4822c1613d18
0x44952d,0xca49da334708
0x44959a,0x932ec40623e8
0x451882,0x774a7edc1c58
0x451882,0x4822c1620d78
0x4602e0,0x774a7edbbd90
0x456198,0x774a7edc65b8
0x451950,0x24d6558c5738
0x44962d,0xce1385034f80
0x559212,0x2e448db74f90
0x45eea0,0x4822c16272b8
0x463e27,0x8e9578f409b0
0x456331,0x8e9578f423c0
0x45ee89,0xa5b15265dc60
0x44959a,0x309dcdc498c8
0x463aa3,0x8e9578f4722c
0x45ff56,0xbfe092f94f90
0x46d75a,0x8e9578f47280
0x4495c3,0xcd28e57adfe0
0x558f9a,0x8e9578f47c70
0x44e194,0x4822c16325e8
0x46d773,0x24656f1b1c50
0x53e5fc,0xdc4761a45738
0x45eeb8,0x4822c163a4f0
0x456171,0x8e9578f45704
0x457432,0xcd28e58c23f0
0x558f9a,0x8e9578f4b540
0x451950,0x4822c16408f8
0x45ff7a,0xbf7dd5e54f8c
0x448b5a,0x8e9578f4bc88
0x45ff56,0xf5d9bd0909a0
0x45ff56,0x7ebb3c894720
0x45ff4d,0x28e837c9ed78
0x45ee80,0xb4165fa401a0
0x40b657,0x932ec4091340
0x4495c3,0xcd28e57d6c10
0x451882,0xa5b15265e528
0x451882,0x8e9578f65128
0x463a8d,0xbfe092f88ba8
0x411913,0x8e9578f608d0
0x448b63,0xbf7dd5fb5108
0x46d736,0xbf7dd5fb5240
0x448b63,0xbfe092f898c8
0x45ff4d,0x28e837c92ec8
0x412cc0,0x8e9578f63108
0x4494f2,0xca49da3c7c40
0x45eeb8,0x4822c165bf50
0x460050,0xbfe092f8c1f0
0x451950,0x8e9578f647f8
0x448b5d,0xbfe092f8d7b0
0x4602cb,0x66598a803100
0x456269,0x8e9578f698e8
0x45eea0,0xe6f224c45328
0x4602cb,0x71d0d58d6400
0x53e62b,0xdc4761a72ea0
0x44e194,0xa5b152662768
0x463aa3,0x8e9578f7354c
0x53e62b,0xdc4761a74700
0x46d633,0xdc4761a72ed0
0x456198,0x8e9578f73d18
0x45ff62,0x98f5690dbf70
0x412c87,0x8e9578f76778
0x46d773,0xbfe092f93d30
0x558f9a,0x8e9578f75100
0x4518c8,0xe6f224c55278
0x451882,0xe6f224c53d38
0x463aa3,0x8e9578f79f8c
0x44959a,0x71d0d59e7a08
0x45eeb8,0x8e9578f7a4c0
0x451882,0xe6f224c5a4f8
0x42ca41,0xb7ac7a932e80
0x456198,0x8e9578f74708
0x45ee89,0xa5b152668bb0
0x411a5c,0x8e9578f80188
0x558f9a,0x8e9578f809b0
0x456198,0x8e9578f81c58
0x45ee80,0xe6f224c6c1e0
0x412cce,0x8e9578f82751
0x46d736,0xbf7dd5e71c50
0x45ff90,0xbfe092fb25c0
0x558f9a,0x8e9578f811b0
0x451882,0xe6f224c731f8
0x456269,0x8e9578f925e8
0x463aa3,0x8e9578f92eec
0x45fd16,0xbfe092fa0180
0x45fdd7,0xeb0189fb6c00
0x44962d,0x28d7cf419f80
0x45eea7,0xe6f224c865b0
0x456171,0x8e9578f989a4
0x45eeb8,0xe6f224c7ebd0
0x45ff7e,0x8e95790008cc
0x45ff56,0x9895a7c531c8
0x44962d,0xcd28e5802740
0x45ee80,0xe6f224c91e30
0x45eea7,0xe6f224c91350
0x448b7a,0xe6f224c91398
0x463aa3,0x8e9578f9137c
0x4495c3,0x7ebb3c896c00
0x456198,0x8e9578f91c48
0x45eea7,0xe6f224c93d30
0x53e65a,0xf775d31c08e8
0x45ee80,0xb4165fa472b0
0x456198,0xa5b152671358
0x456269,0xa5b152671398
0x460050,0xb4165fa6dfe0
0x44962d,0x2c2cbb614700
0x46d633,0x735ce4b80190
0x451882,0xe6f224ca5a98
0x559212,0x8e9578fb0f80
0x451882,0xe6f224ca47c8
0x45ee89,0xe6f224ca8bb0
0x4537e7,0xe6f224cabc8c
0x412c87,0x8e9578fb2ec8
0x4495c3,0xcd28e58fdc40
0x451882,0x8e9578fb1e38
0x45eea7,0xe6f224cb2ea0
0x448b7a,0xe6f224cb2ee8
0x463e27,0x8e9578fb5240
0x4495c3,0x71d5f3fce810
0x460050,0xce13850665a0
0x44959a,0x8d9869022758
0x448b5a,0x8e9578fab578
0x448b5d,0xce13850663a0
0x4602e0,0x8e9578fb6c00
0x4602cb,0xd9e9d6600d60
0x45eeb8,0x8e9578fd0980
0x45ee80,0xa5b15267c500
0x412cc0,0x8e9578fc63b8
0x44959d,0xa040f2148b80
0x44962d,0x7cb7319a47c0
0x463aa3,0x8e9578fc7cfc
0x558f9a,0x8e9578fcc660
0x45ff7e,0xbfe092fc65bc
0x46d773,0xbfe092fb8fe0
0x44959d,0x7cb7319abc90
0x451882,0xe6f224cd9fb8
0x463e27,0x8e9578fc5710
0x4537e7,0xe6f224ce11ac
0x45ff56,0xbf7dd5e5ed60
0x45ff56,0xcc2ca38d2ee0
0x451950,0xa5b15267dc78
0x448b63,0xbfe092fbbf48
0x4561ac,0x8e9578fda4f4
0x45eeb8,0x8e9578fe7c50
0x45ee80,0xa5b1526810e0
0x53e5fc,0xf64c9f09b8
0x46d773,0xbf7dd601c530
0x4518c8,0xe6f224cecdb8
0x53df0a,0x49950ab10f90
0x4495c3,0xc8d282a7a00
0x449609,0x7cb7319c0d48
0x45fdff,0x24656f191c50
0x463aa3,0x8e9578fe65ac
0x4494ea,0x71d5f3f45a88
0x448b5a,0x8e9578fe5738
0x4494ea,0x49950ab34f88
0x44962d,0xff3c8d613d00
0x448b5d,0xbfe092fc6380
0x44959a,0x7cb7319d0f98
0x45eeb8,0xe6f224d07ce0
0x46d736,0xb4165fa71360
0x46d773,0x8e9578fb8980
0x411804,0xcd28e5887a10
0x45eeb8,0xe6f224d0b560
0x4494f2,0x49950ab35240
0x45ff4d,0x66598a7810d8
0x45ff56,0xbfe092fd9f90
0x456269,0x8e9578ff8988
0x4602cb,0xaff5007ae800
0x456269,0x8e9578ffbf68
0x46d736,0xbfe092fcc1e0
0x45ee80,0xe6f224d1ebf0
0x45eeb8,0xe6f224d247f0
0x44959a,0xa040f21009a8
0x559212,0x8e9578ffebd0
0x451882,0x8e9578ff9fa8
0x451882,0xa5b152687228
0x45ee89,0xe6f224d2b3a0
0x451882,0xe6f224d2c648
0x53df14,0xb7ac7a9a7a18
0x44959a,0xa040f216dfe8
0x447a40,0x8e95790098e0
0x448b5a,0x8e9579007c58
0x411557,0x8e957900c1cc
0x53e65a,0x9895a7bc5308
0x46d773,0xb4165f99e510
0x46d633,0x99d8269e0d40
0x451882,0x9a06820f0f88
0x448b7a,0x9a06820f1c58
0x45ff56,0x11e281df9100
0x45ff56,0xbf7dd5f3a4d0
0x44e194,0xe6f224d32ee8
0x42ca41,0x7ebb3c896400
0x456198,0x8e9579010988
0x451882,0x9a06820f5258
0x463aa3,0x8e95790113ac
0x456198,0x8e9579011c78
0x4602cb,0xb4165f8eb380
0x448b83,0xbfe092fddc40
0x4602cb,0x41d09e9bc510
0x411804,0xab2ecf3925e0
0x46d736,0xbfe092fde530
0x463aa3,0x8e9579013d2c
0x558f9a,0x8e9579014710
0x463aa3,0x8e9579014fbc
0x460050,0xc8d281cb560
0x4602c7,0x8e9579015138
0x44962d,0xbf7dd5fe0180
0x448b83,0xc8d281cb380
0x46d736,0x99d8269e8b80
0x53df14,0xff3c8d627c48
0x451882,0x9a068210bca8
0x449609,0x7cb731a00d48
0x447a40,0x8e9579026380
0x463a8d,0xbfe092fe23e8
0x451950,0x9a0682113578
0x456198,0x8e9579025708
0x448b5a,0x8e9579027cd8
0x45fe53,0x6c537033c500
0x45ff62,0xbfe092ff0f90
0x460050,0xbfe092fe5ab0
0x4115a9,0x8e957902b540
0x456198,0x8e957902dfd8
0x456269,0x8e95790223e8
0x451882,0x9a0682125708
0x45eea7,0x9a0682126390
0x53df14,0xb7ac7a9d09a8
0x53df0a,0x28d7cf4208e0
0x449609,0x7cb731a0b548
0x447a40,0x8e957902e810
0x53df14,0x28d7cf4209b8
0x45ff62,0x1719cc725e0
0x45ff56,0x3a0447275240
0x44959d,0x2c2cbb431350
0x4495c3,0x2c2cbb431380
0x53e65a,0x9895a7c208e8
0x53df14,0x2c2cbb596758
0x45eeb8,0x73fab736c650
0x45ff62,0x9bc379ce7210
0x412cc0,0x8e957903bf78
0x46d773,0xbfe092fecdb0
0x44e194,0x9a0682139f88
0x45ee89,0x9a068213dc60
0x45ee80,0xb4165fa531d0
0x45ee80,0x9a0682147a30
0x45fdfc,0xbfe092ff1c4c
0x412cc0,0x73fab736b3a8
0x456269,0x73fab736bc88
0x45eeb8,0xa5b152696400
0x451882,0x9a068214c658
0x4537e7,0x9a0682152e9c
0x45eea0,0x9a06821531e8
0x45ff7a,0xca1598434f8c
0x53df0a,0xcc2ca3838990
0x45eeb8,0x9a068214cdb0
0x45eeb8,0x9a0682156410
0x4602e0,0x73fab7375270
0x45eea0,0x9a068215bf68
0x448b5d,0xbfe092ff8fd0
0x46d736,0xbfe092ff9120
0x449609,0x7cb731a2e828
0x448b5d,0x7ebb3c7ad790
0x463e27,0x73fab737a4c0
0x448b5d,0xbfe092ffbf50
0x4495c3,0x7ebb3c7f6750
0x45eeb8,0x9a0682161180
0x45ff7a,0xbf7dd5e54f8c
0x411a5c,0x73fab737bd88
0x45eeb8,0x73fab7391390
0x44959d,0x7cb731a53d10
0x456198,0x73fab73808e8
0x558f9a,0x73fab7380980
0x448b7a,0x9a0682167ce8
0x411913,0x73fab73823d0
0x46d736,0xca1598430fa0
0x4518c8,0x9a068216cdb8
0x456171,0x73fab7385704
0x4561ac,0x73fab7383114
0x558f9a,0x73fab7386590
0x451882,0x73fab7387228
0x45ee80,0x9a0682165300
0x451882,0x71d0d5927c48
0x44e248,0x71d0d5927cc8
0x411804,0x11faa179c520
0x44959a,0x7cb731a40d58
0x45ee80,0x5715a8d5ed40
0x45ff56,0xca1598445320
0x44e248,0x5715a8d5dc48
0x45eeb8,0x665a07f75110
0x449680,0xc8d283389b0
0x412c87,0x73fab738cda8
0x463aa3,0x73fab738dfdc
0x4494f2,0x9895a7c93540
0x4537e7,0x665a07f8729c
0x46d743,0xca159843ed78
0x4537e7,0x665a07f8c67c
0x46d743,0xf775d31bc538
0x463aa3,0x73fab73909ac
0x4494ea,0xc9394d360188
0x45ee89,0x9a0682165aa0
0x44959d,0xb7ac7a96c1c0
0x4561ac,0x73fab737c504
0x46d743,0xca1598441c78
0x4494ea,0xcc2ca3865a88
0x448b5d,0x7cb731a47210
0x558f9a,0x8ac884715120
0x53e5fc,0x9895a7cb6c38
0x558f9a,0x73fab7396410
0x45736c,0xca1598443138
0x46d743,0x71d0d5905338
0x42ca41,0x71d5f3fd5250
0x448b5a,0x73fab7396c38
0x44e194,0x8ac884712e98
0x45eeb8,0xe98d38e9bda0
0x448b5d,0x71d0d5905110
0x412cce,0x73fab7378991
0x411804,0x28d7cf566380
0x53ffd1,0xd54834610f8
0x44952d,0xd5483461198
0x451882,0x5115330e63a8
0x45ff7a,0x8d986902b38c
0x463aa3,0x73fab739bd9c
0x45ee80,0x2e448dbb5240
0x4537e7,0xe98d38eb2ecc
0x411913,0x73fab739bf40
0x412c87,0x73fab7376438
0x45ff62,0x878ddfa41c40
0x53e65a,0xbf7dd5f08ba8
0x53e62b,0x9895a7cd9130
0x42ca41,0xf5d9bcfd1340
0x412cc0,0x73fab73a0d58
0x45ee89,0xe98d38eccda0
0x46d75a,0x73fab7374f90
0x4602e0,0x73fab73a10c0
0x4495c3,0xf5d9bcfd9f90
0x449609,0x7cb731a73568
0x4494f2,0x9895a7ce0180
0x411913,0x73fab73a23d0
0x463a96,0x5829a6ee1188
0x4602e0,0x71d0d58c08f0
0x456269,0x71d0d58c01a8
0x449609,0xce13851208d8
0x53e62b,0x9895a7ce7a00
0x447a39,0x73fab73a5330
0x463a8d,0x79f1064ab3a8
0x411957,0x73fab73a98c0
0x4064e3,0x7cb731a80190
0x456269,0x73fab73ab3b8
0x411957,0x73fab73a8bb0
0x463aa3,0x73fab73abcbc
0x451950,0xe98d38ee65b8
0x412c87,0x73fab73b1358
0x412cc0,0x73fab73b13a8
0x53df0a,0x28d7cf513d20
0x456198,0x73fab73b1c48
0x4602e0,0x73fab73b4710
0x456331,0x73fab73b4f90
0x46d773,0x79f1064b1370
0x45eeb8,0xe98d38ef1390
0x45fdfc,0x79f1064b138c
0x412c87,0x73fab73b6c28
0x449502,0x41d09e9cb544
0x45ee89,0xe98d38f023f0
0x46d75a,0x73fab73ba4e0
0x45ee80,0xe98d38f07c70
0x46d736,0xcd28e576b390
0x451882,0xe98d38f1bf78
0x53df14,0x28d7cf570f98
0x463e27,0x73fab73c0190
0x456331,0x73fab73c0d40
0x44959a,0xf5d9bd033568
0x559212,0x73fab73b0f90
0x45eeb8,0xe98d38f2c640
0x448b7a,0xe98d38f36428
0x44962d,0xd79e62ab1340
0x40b657,0xd79e62ab1380
0x45ee89,0xe98d38f38fe0
0x45eeb8,0xe98d38f3bda0
0x4494f2,0xd69328727a00
0x451882,0x73fab73c5118
0x45ff56,0x79f1064cd790
0x45eeb8,0x73fab73c5330
0x44e194,0xe98d38f447f8
0x45ee80,0xe98d38f55270
0x53df14,0x2f279573a4c8
0x558f9a,0x73fab73ac670
0x45eeb8,0x73fab73c5ab0
0x4494de,0xc5e52af5c500
0x456198,0x73fab73c98c8
0x448b5a,0x73fab73acdb8
0x45ee80,0xe98d38f5ebc0
0x411804,0xc8d282a7cd0
0x44959d,0xcc2ca370cd80
0x4518c8,0xe98d38f67cf8
0x45fe42,0xbfe092fc6380
0x4602c7,0x73fab73cc678
0x44959d,0x28d7cf5931d0
0x451882,0x71d0d58fdc78
0x45ff56,0xc8d281cb380
0x449502,0xcd28e58a5704
0x451882,0x73fab73cbc98
0x456331,0x73fab73d1e00
0x45ff7a,0x66598a7b6750
0x45feea,0x79f1064cb54c
0x44959a,0xce138516bc88
0x44e248,0x74d66773e508
0x53e5fc,0xd9e9d66408f8
0x44952d,0xd9e9d6640998
0x4537e7,0x80f530be7a3c
0x46d75a,0x73fab73d3d20
0x558f9a,0x73fab73d4710
0x4518c8,0x74d66773ed78
0x463aa3,0x73fab73d4fbc
0x45ff62,0xf5d9bd0909a0
0x4602c7,0x73fab73d5138
0x449502,0xd79e62b4b544
0x451882,0xa5b152653548
0x448b5a,0x73fab73d6438
0x411913,0x73fab73d6740
0x4518c8,0xc2041aa75278
0x45eeb8,0x71d0d59331c0
0x46d736,0x80f530bfe520
0x4552b0,0x79f1064e23d8
0x410f2c,0x79f1064e65a8
0x448b5a,0x79f1064f25c8
0x463aa3,0x79f1064f510c
0x410f25,0x79f1064f5240
0x448b5a,0x79f1064f8988
0x4552b0,0x79f1064fbd98
0x46d773,0x80f530c05aa0
0x40d29a,0x79f1064febe8
0x449609,0x5115330eb558
0x4561ac,0x79f1064fed64
0x45eebb,0x28e837ce3118
0x45ee80,0x80f530c10980
0x412c87,0x79f106510fa8
0x46d736,0x80f530c18fc0
0x45ff56,0xcd28e57b2e98
0x4552b0,0x79f106511388
0x4552b0,0x79f106516748
0x447a20,0x79f10651bdb8
0x451882,0x54c43c614fa8
0x45eea7,0x80f530c1e510
0x45eea7,0x80f530c21c50
0x456269,0x79f1065263b8
0x559212,0x521b7f55ebe0
0x412cc0,0x521b7f560d68
0x412c87,0x521b7f563138
0x4552b0,0x521b7f565328
0x46002b,0xf5d9bd0a10d0
0x558f9a,0x521b7f5713b0
0x448b5d,0xbfe092fa1c50
0x448b5a,0x521b7f575128
0x447a20,0x521b7f571e08
0x4494de,0xa7d08ad7bd80
0x46d614,0xc48ca8ffc500
0x456269,0x521b7f57a4c8
0x410f8a,0x521b7f57ebc0
0x412c87,0x521b7f5872a8
0x4552b0,0x521b7f587c58
0x558f9a,0x521b7f587cf0
0x412c87,0x521b7f58c668
0x45ff7e,0xf5d9bd0da4dc
0x4552c0,0x521b7f591354
0x558f9a,0x521b7f5913b0
0x412cc0,0x521b7f595108
0x447a39,0x521b7f5989b0
0x4552c0,0x521b7f59bdb4
0x46d736,0x80f530c3ed70
0x456198,0x521b7f5a1188
0x45eea7,0x80f530c41c70
0x53df0a,0x6c537036d7b0
0x45eea7,0x80f530c45130
0x447a40,0x521b7f5a5a80
0x410f8a,0x521b7f5a5130
0x460050,0xb7ac7a96c650
0x448b5a,0x521b7f5b3568
0x46d75a,0x521b7f5bc510
0x45ff89,0x4741a6425700
0x4552c0,0x521b7f5c01b0
0x448b5d,0x80f530c4b540
0x447a40,0x521b7f5c47c0
0x46d633,0x9895a7d7dc50
0x456269,0x521b7f5c7c58
0x4537e7,0x80f530c5099c
0x53df0a,0xc48ca901bdb0
0x456269,0x521b7f5c7cf8
0x45528e,0x521b7f5cbca4
0x46d736,0x80f530c59fb0
0x463e27,0x521b7f5d89a0
0x4552c0,0x521b7f5dbda8
0x4552b0,0x521b7f5ddc68
0x412c87,0x521b7f5e0d58
0x412c87,0x521b7f5e5118
0x558f9a,0x521b7f5e5aa0
0x448b5a,0x521b7f5e98d8
0x410f2c,0x521b7f5ec668
0x46d736,0xde0ef9c11390
0x45ff62,0xa040f2133544
0x463aa3,0x521b7f5f9f8c
0x45ff7e,0x7ebb3c7a6390
0x558f9a,0x521b7f5fe520
0x45ff56,0xedc51a919f88
0x45ff62,0xa040f20fbf60
0x447a20,0x521b7f5f1340
0x448b5a,0x521b7f5f9138
0x46d75a,0x521b7f611340
0x412c87,0x521b7f6113a8
0x447a20,0x521b7f611e10
0x558f9a,0x521b7f611c50
0x463a8d,0xf5d9bd136438
0x46d75a,0x521b7f613d20
0x4552c0,0x521b7f6125e8
0x558f9a,0x521b7f614710
0x44e194,0x54c43c633558
0x45ee80,0x4b3918c06380
0x4537e7,0x4b3918c0722c
0x44e194,0x54c43c633d18
0x46d614,0xd693286d0f80
0x53e62b,0x9895a7dabc90
0x451882,0x521b7f5f6438
0x448b7a,0x4b3918c125f8
0x45ff7a,0xf848bcf16c0c
0x410f8a,0x521b7f619120
0x412cce,0x521b7f6223d1
0x558f9a,0x521b7f6210c0
0x558f9a,0x521b7f6211a0
0x45736c,0xbfe092f87a38
0x463aa3,0x521b7f62513c
0x45ff56,0xf5d9bd178984
0x45ff62,0xcc2ca371a4f0
0x558f9a,0x521b7f625aa0
0x410f8a,0x521b7f625320
0x46d75a,0x521b7f62b550
0x448b5a,0x521b7f62b398
0x448b5d,0x4b3918c189b0
0x4552c0,0x521b7f638984
0x460050,0xf5d9bd165a90
0x451950,0x521b7f615278
0x53e62b,0xfaef359b25c0
0x410f25,0x521b7f641180
0x463e27,0x521b7f647ce0
0x46d75a,0x521b7f6498c0
0x4552b0,0x521b7f652ed8
0x410f8a,0x521b7f6531d0
0x45ff7e,0xeb0189f78fcc
0x447a40,0x7a1900b67210
0x45eeb8,0xe930e6ba7a10
0x45ee80,0x782cd20d8990
0x4494ea,0xd693286ec1c8
0x53e65a,0xfaef359c5138
0x4518c8,0x521b7f63ebf8
0x4552c0,0x4822c1478fe8
0x45ff7a,0xd79e62af2ed0
0x45ff56,0xb4165fa58980
0x45528e,0x4822c1480194
0x412c87,0x4822c14847c8
0x45ee80,0x4822c1485aa0
0x53df0a,0xd693287072a0
0x451882,0x782cd20eb548
0x45fe42,0xbfe092ffbf50
0x45eeb8,0x782cd20ebca0
0x558f9a,0x4822c148b3b0
0x460050,0xd79e62af2ea0
0x558f9a,0x4822c14a08e0
0x448b5a,0x4822c14a1c78
0x558f9a,0x4822c14a3120
0x410f8a,0x4822c14a6380
0x447a20,0x4822c14acd80
0x558f9a,0x4822c14abca0
0x44952d,0x1719cc5ed58
0x4537e7,0xff25d8192efc
0x44e194,0xff25d818d7b8
0x46d633,0xd6932871bd90
0x45eea7,0xff25d8195110
0x447a20,0x4822c14b1c70
0x45ff7a,0xeb0189f989ac
0x412cc0,0x4822c14b8fc8
0x45ff56,0xd9e9d6682758
0x460050,0xd79e62b8c1d0
0x410f2c,0x4822c14c08d8
0x463aa3,0x4822c14c311c
0x412cc0,0x4822c14cdfc8
0x412c87,0x4822c14d0fa8
0x46d736,0xff25d819dc70
0x411557,0x4822c14d3d0c
0x4552c0,0x4822c14d25d4
0x45fd16,0xff25d819ebc0
0x45ff7a,0x782cd20e7ccc
0x456240,0x4822c14d4fb4
0x45eea7,0xff25d81a0980
0x45ee80,0xff25d81a11b0
0x45eeb8,0xff25d81a23d0
0x448b7a,0xff25d81a3108
0x45eea7,0xff25d81a5aa0
0x456269,0x4822c14d6768
0x45ff7e,0xc48ca901bf40
0x447a14,0x4822c14e5724
0x4552b0,0x4822c14e8bb8
0x463a96,0x2e448daa47c0
0x412c87,0x4822c14ebca8
0x46d736,0xff25d81acd90
0x463aa3,0x4822c14f0fac
0x463e27,0x4822c14f25e0
0x45ff62,0x6c53703a47c8
0x45ff7a,0xa7d08ad07cc0
0x412cc0,0x4822c14f5278
0x46d773,0x54c4531c23f0
0x46d736,0xff25d81b0f80
0x457432,0xff25d81b1e30
0x456331,0x4822c14f9f80
0x45fdd7,0x71d0d5905110
0x410f2c,0x4822c15008c8
0x460050,0x6c53703309b0
0x410f2c,0x4822c1505728
0x463e27,0x4822c1513540
0x46d743,0xeb0189facd90
0x46d75a,0x4822c151bdb0
0x410f8a,0x4822c151bf40
0x558f9a,0x4822c15010c0
0x46d736,0xff25d81c7290
0x45ff4d,0x28e837c8d788
0x46d633,0xff3c8d5f8990
0x45ee80,0x4822c14fe510
0x456269,0x4822c15223c8
0x463aa3,0x4822c152722c
0x460050,0x5829a6ec65a0
0x46d75a,0x4822c1527280
0x558f9a,0x4822c1527c70
0x45528e,0x4822c1532ec4
0x447a39,0x4822c1532eb0
0x4552c0,0x774a7ed48ba4
0x410f2c,0x4822c1536c38
0x46d75a,0x4822c1540990
0x463aa3,0x4822c15423cc
0x463a8d,0xd79e62bfa4c8
0x45ff62,0xeb0189fc0180
0x4494ea,0xd69328773d08
0x451882,0x4822c1545118
0x45ee80,0xff25d81e1c50
0x448b7a,0xff25d81e11b8
0x456269,0x774a7ed58998
0x410f8a,0x4822c1551c60
0x410f2c,0x4822c1554fa8
0x448b5d,0xbf7dd6020990
0x410f2c,0x4822c1558988
0x558f9a,0x4822c155bf40
0x46d736,0xff25d81e7200
0x448b5a,0x4822c155ed78
0x412cce,0x4822c1560991
0x45ff7e,0xeb0189f67ccc
0x46d773,0xff25d81edff0
0x447a40,0x4822c156dfc0
0x4494ea,0xd69328778988
0x4561ac,0x4822c156cd94
0x45eea7,0xff25d81f4f80
0x447a20,0x4822c1567200
0x46d743,0x1829194b9130
0x4552c0,0x4822c1573544
0x559212,0x4822c1579f80
0x45ff56,0x71d5f3ea2758
0x412c87,0x4822c15801b8
0x46d773,0xab2ecf430980
0x4552c0,0x4822c15823f8
0x412cce,0x4822c1586591
0x45528e,0x4822c15863b4
0x46d736,0x203e0013c510
0x558f9a,0x4822c15898e0
0x447a20,0x4822c158b3a0
0x448b5d,0xff25d81febc0
0x412cc0,0x4822c15931c8
0x45528e,0x4822c1594fb4
0x410f8a,0x4822c1596c20
0x46d743,0xc8d28325718
0x410f2c,0x4822c15a1c68
0x463e27,0x4822c15a5300
0x448b5d,0x80a6dab13550
0x45ff56,0x71d5f3f447c4
0x463a96,0x71d0d592e800
0x45ff7e,0x24656f196c0c
0x447a20,0x4822c15bbf70
0x559212,0x4822c15bbd80
0x46d743,0x24656f191c50
0x53e65a,0xdc4761a8d798
0x46d743,0xb4165fa67cf0
0x448b5d,0x998897fa10d0
0x463e27,0x4822c15c7a00
0x412c87,0x4822c15c7c68
0x411557,0x4822c15c7ccc
0x4552c0,0x4822c15c6594
0x45ff7e,0x71d5f3f96400
0x46d75a,0x4822c15cdfc0
0x46d75a,0x4822c15d09a0
0x4552c0,0x4822c15d3d14
0x448b5a,0x4822c15d31c8
0x45ff7a,0x71d0d58eb54c
0x4552b0,0x4822c15d8fd8
0x46d773,0xff25d8225730
0x4552c0,0x4822c15e0d44
0x40b657,0x71d5f3f6cd88
0x53df14,0x28e837ccd798
0x448b7a,0xff25d822dfc8
0x447a20,0x4822c15da4c0
0x4537e7,0xff25d8232ecc
0x448b5d,0x1829194a23e0
0x45ff89,0x66598a7ba4c0
0x4552c0,0x4822c15ee830
0x45ff7e,0x71d5f3fb5240
0x463e27,0x4822c15f8990
0x45ff7a,0x80a6dab023cc
0x460050,0x71d5f3fb9f90
0x45ff56,0x71d5f3fb3d04
0x558f9a,0x4822c15fbf60
0x46d743,0x1a70aa7410d0
0x448b83,0xff25d823bd80
0x558f9a,0x4822c1601c40
0x45ff62,0xca49da334708
0x4552c0,0x4822c16065b4
0x4552c0,0x4822c1611368
0x558f9a,0x4822c1611380
0x463aa3,0x4822c161642c
0x410f8a,0x4822c1618ff0
0x448b63,0xff25d8240188
0x412c87,0x4822c1621c68
0x412cc0,0x4822c1625128
0x4552c0,0x4822c16272b8
0x410f8a,0x4822c1628b80
0x45ff7a,0x24656f1b1c50
0x410f8a,0x4822c1631c40
0x45ff56,0xca49da3c7c40
0x45528e,0x4822c163dc64
0x558f9a,0x4822c1640190
0x45528e,0x4822c1647a04
0x410f25,0x4822c1647c40
0x410f8a,0x4822c1647cf0
0x46d75a,0x4822c164dfd0
0x46d75a,0x4822c1659130
0x558f9a,0x4822c165c500
0x410f2c,0x4822c165dc58
0x4552b0,0x4822c1660d68
0x46d773,0x7cb731aa01b0
0x4115a9,0xe6f224c3ed40
0x46d736,0x7cb7319ed7a0
0x4115a9,0xe6f224c43100
0x4552c0,0xe6f224c45328
0x558f9a,0xe6f224c4c660
0x46d743,0xbfe092f93d30
0x45528e,0xe6f224c525d4
0x45ff62,0xeb0189fb6c00
0x447a39,0xe6f224c65330
0x4552b0,0xe6f224c81c68
0x4552c0,0xe6f224c82764
0x463e27,0xe6f224c865b0
0x4552b0,0xe6f224c85108
0x448b5d,0x28d7cf582750
0x463a96,0x2e448dab6410
0x45ff7e,0xcc2ca38e09bc
0x463e27,0xe6f224c91350
0x4552c0,0xe6f224c91e30
0x448b5a,0xe6f224c91398
0x463e27,0xe6f224c93d30
0x45fd16,0xff25d8251c40
0x463a96,0x2e448dab6750
0x410f8a,0xe6f224ca10d0
0x558f9a,0xe6f224ca5310
0x463aa3,0xe6f224cabc8c
0x410f2c,0xe6f224cae808
0x463e27,0xe6f224cb2ea0
0x448b5a,0xe6f224cb2ee8
0x447a20,0xe6f224cb3550
0x410f2c,0xe6f224cb9f88
0x45ff4d,0x28e837c92e88
0x4552b0,0xe6f224ccb398
0x463a96,0x2e448dab6c20
0x410f2c,0xe6f224cd2e88
0x410f8a,0xe6f224cd2ed0
0x46d743,0xbfe092fb8fe0
0x45528e,0xe6f224cd9134
0x463aa3,0xe6f224ce11ac
0x46d75a,0x8e9578fe0d50
0x558f9a,0xe6f224ce2740
0x46d75a,0xe6f224ce5730
0x46d743,0xbf7dd601c530
0x558f9a,0xe6f224cec640
0x46d773,0xff25d82610d0
0x460050,0x49950ab10f90
0x45528e,0xe6f224cf2eb4
0x45ff62,0x49950ab35240
0x463a8d,0x71d5f3f45a88
0x45ff56,0xbfe092fddc40
0x46d736,0xff25d8263120
0x463a8d,0x49950ab34f88
0x448b5d,0xff25d8265aa0
0x410f8a,0xe6f224d05710
0x448b83,0xc8d283325c0
0x46d743,0x8e9578fb8988
0x410f8a,0xe6f224d13d30
0x45528e,0xe6f224d16424
0x46d773,0xff25d8267ce0
0x4552b0,0xe6f224d27a18
0x410f2c,0xe6f224d27208
0x448b5d,0x28d7cf5b8980
0x410f8a,0xe6f224d2e820
0x559212,0xe6f224d30980
0x46d743,0xb4165f99e510
0x46d75a,0xe6f224d36430
0x46d773,0x1719cc808f0
0x46d75a,0x9a06820f1e10
0x448b5a,0x9a06820f1c58
0x558f9a,0x9a06820f31e0
0x448b5d,0xf848bcf2b3a0
0x45ff4d,0x6c537033c500
0x4552b0,0x9a06820fa4c8
0x410f2c,0x8e957900cd98
0x45ff90,0x28d7cf4209b8
0x45ff62,0xbf7dd5fb5108
0x4115a9,0x9a0682112e80
0x410f2c,0x9a0682112ef8
0x4552b0,0x9a0682116758
0x4552b0,0x9a0682119138
0x448b5d,0xff25d8270fb0
0x4552b0,0x9a068211ebd8
0x412cc0,0x9a0682121c58
0x463e27,0x9a0682126390
0x46d75a,0x9a0682126590
0x460050,0x28d7cf4208e0
0x448b83,0xff25d82731c0
0x46d736,0xff25d8274fb0
0x46d743,0xbfe092fecdb0
0x46d75a,0x9a0682138ff0
0x45ff4d,0x28e837c92ec8
0x45ff62,0xbfe092f898c8
0x4552c0,0x9a068213ed44
0x410f4f,0x9a068213e508
0x45ff62,0x7ebb3c7ad790
0x412c87,0x9a06821447d8
0x4552c0,0x9a0682143104
0x412cc0,0x9a0682147208
0x4552c0,0x9a0682147a30
0x410f2c,0x9a0682147298
0x410f4f,0x9a068214bc88
0x463aa3,0x9a0682152e9c
0x46d75a,0x9a0682152ef0
0x46d773,0xcd28e5820d60
0x4552c0,0x9a06821531e8
0x460050,0xcc2ca3838990
0x40d29a,0x54c43c60cdb8
0x45eebb,0x28e837ce3118
0x45eeb8,0xff25d8281c70
0x45ee89,0xff25d827c530
0x45ee80,0xff25d8288b90
0x40d288,0x9a068215bf68
0x4494de,0xfaef35b05300
0x45ee80,0xa31272b23130
0x45eea0,0xb26c7f89a4e8
0x53df0a,0xd79e62ac5700
0x447a40,0x9a068215ed70
0x456198,0x9a068215ebc8
0x4561ac,0x9a06821623f4
0x448b7a,0xaa11d3a472b8
0x53e65a,0xd79e62ac7cc8
0x4494de,0xd79e62ac7c40
0x45eeb8,0x9a2b699609b0
0x449502,0xd79e62ad5104
0x448b7a,0x5173ab4cb578
0x45feea,0x79f1064c274c
0x40d29a,0x9a0682166598
0x53e65a,0x28e837cf5248
0x53e62b,0x98f5690d6410
0x4518c8,0xaa79a92b3d38
0x53df14,0x71d5f3f1a4e8
0x448b5a,0x9a0682167ce8
0x4518c8,0x9a0682167c78
0x53df0a,0x71d5f3f2cda0
0x451882,0xf775d314c1e8
0x45eeb8,0xaa79a92bc510
0x44e248,0xf775d314c648
0x45eeb8,0xaa79a92c08d0
0x46d736,0x71d0d58a65b0
0x46d736,0xaa79a92c8b90
0x46d75a,0x665a07f65110
0x412cc0,0x665a07f823c8
0x463aa3,0x665a07f8729c
0x4552b0,0x665a07f87c48
0x558f9a,0x665a07f87ce0
0x463aa3,0x665a07f8c67c
0x45ff56,0xd5483461198
0x412cc0,0x665a07f92e98
0x410f25,0x665a07f92ec0
0x463a8d,0xcc2ca3865a88
0x558f9a,0xe98d38e85700
0x4552b0,0xe98d38e8b398
0x412c87,0xe98d38e92ea8
0x412cc0,0xe98d38e92ef8
0x463aa3,0xe98d38eb2ecc
0x448b5d,0xaa79a92e0d40
0x463a96,0xaa79a92e23f0
0x410f2c,0xe98d38ec5a88
0x46d773,0xaa79a92e3120
0x40d288,0xe98d38edbf70
0x45eeb8,0x1caddecf8990
0x45fe42,0x2e448dabe500
0x53e5fc,0x71d5f3e07c78
0x4494de,0x71d5f3e07cc0
0x447a40,0xe98d38ede520
0x449609,0x9895a7ce7a00
0x4561ac,0xe98d38eddc54
0x45eeb8,0x1cadded12ef0
0x46d633,0xca49da356c00
0x4518c8,0xe98d38ee3138
0x45eeb8,0x1cadded25730
0x45ee80,0x1cadded21190
0x53df14,0xca49da3acd88
0x451950,0x1cadded30fb8
0x4561ac,0xe98d38ee72b4
0x456269,0xe98d38ee7a18
0x451882,0xe98d38ee5328
0x451882,0x1cadded40998
0x451882,0x1cadded40d78
0x456331,0xe98d38ee7cc0
0x448b7a,0x1cadded50f98
0x456269,0xe98d38ee98e8
0x451882,0x1cadded53d18
0x4494ea,0x49950aade508
0x44e194,0xe98d38ee8b98
0x460050,0x28d7cf513d20
0x45eeb8,0x1cadded5bdb0
0x53e62b,0xfaef35b2b550
0x448b7a,0x1cadded65728
0x46d743,0x79f1064b1370
0x4552c0,0xe98d38f01c74
0x46d736,0xa040f204c670
0x410f2c,0xe98d38f06388
0x412cc0,0xe98d38f0cdb8
0x4552b0,0xe98d38f0b578
0x448b5d,0x557be2fd6420
0x412cc0,0xe98d38f12ec8
0x412cce,0xe98d38f12e91
0x412c87,0xe98d38f19f98
0x45ff56,0xcd28e58a5704
0x4552c0,0xe98d38f1ebf4
0x447a40,0xe98d38f1ed40
0x45ff56,0xbfe092fc6380
0x448b5a,0xe98d38f36428
0x410f8a,0xe98d38f36770
0x46d736,0x80a6daae3130
0x447a20,0xe98d38f423c0
0x447a19,0xe98d38f509b0
0x4552c0,0xe98d38f55270
0x4552b0,0xe98d38f5c508
0x447a20,0xe98d38f68b90
0x463a96,0x28e837ca0d48
0x448b5d,0x8e9578fa8b80
0x412cce,0xe98d38f83111
0x558f9a,0x80f530be0190
0x463aa3,0x80f530be7a3c
0x558f9a,0x80f530be63a0
0x4552b0,0x80f530bec1d8
0x46d75a,0x80f530bf31c0
0x46d773,0x1cadded823d0
0x412cc0,0x80f530c0cd98
0x4552b0,0x80f530c0b558
0x45ff56,0xc8d281cb380
0x45ff7e,0xc48ca8ffc500
0x559212,0x80f530c10980
0x463e27,0x80f530c1e510
0x463e27,0x80f530c21c50
0x4552b0,0x80f530c25a88
0x558f9a,0x80f530c27a10
0x410f8a,0x80f530c27290
0x463a8d,0xa7d08ad7bd80
0x463e27,0x80f530c41c70
0x46d773,0x99d8269e0980
0x558f9a,0x521b7f596770
0x463e27,0x80f530c45130
0x45ff7e,0xbfe092ff1c4c
0x460050,0x6c537036d7b0
0x46d75a,0x80f530c45330
0x4552b0,0x80f530c46588
0x558f9a,0x521b7f5801a0
0x463aa3,0x80f530c5099c
0x448b5d,0x1cadded90fb0
0x45ff7a,0x7ebb3c7a6390
0x45ff7e,0xd693286d0f80
0x447a20,0x80f530c52ea0
0x457432,0x1cadded91c70
0x460050,0xc48ca901bdb0
0x412cce,0xde0ef9c15251
0x410f8a,0x642e23581c50
0x4552b0,0x642e235847d8
0x463aa3,0x4b3918c0722c
0x46d75a,0x4b3918c07280
0x4552b0,0x4b3918c07a38
0x558f9a,0x4b3918c0e830
0x4552c0,0x4b3918c11c54
0x448b5a,0x4b3918c125f8
0x46d736,0x1cadded9bf60
0x447a40,0x521b7f635240
0x46d743,0xf5d9bd165a90
0x410f2c,0x782cd20d31d8
0x45ff56,0xbfe092ffbf50
0x45ff7e,0xd6932871bd90
0x463a8d,0xd693286ec1c8
0x448b5d,0x1caddeda0190
0x4552c0,0x782cd20ec674
0x460050,0xd693287072a0
0x4552c0,0x4822c1465134
0x410f25,0x81a891d61c40
0x46d75a,0xff25d818e810
0x463aa3,0xff25d8192efc
0x448b63,0x1caddeda5308
0x46d736,0x1caddeda5100
0x45ff62,0x71d0d5905110
0x463e27,0xff25d8195110
0x463e27,0xff25d81a0980
0x448b5a,0xff25d81a3108
0x463e27,0xff25d81a5aa0
0x46d75a,0xff25d81a7230
0x412c87,0xff25d81a7298
0x447a20,0xff25d81a7ce0
0x558f9a,0x4822c14e23d0
0x4552c0,0xff25d81b6c04
0x410f8a,0xff25d81b6400
0x45ff56,0x7cb731a47210
0x447a20,0x4822c14d9130
0x411557,0xff25d81b910c
0x558f9a,0xff25d81cb550
0x410f2c,0xff25d81ccd88
0x46d736,0x1caddedadfd0
0x410f8a,0xff25d81cd7b0
0x45ff7a,0x8d986902b38c
0x463a8d,0xd69328773d08
0x448b5a,0xff25d81e11b8
0x558f9a,0xff25d81e2740
0x463a8d,0xd79e62bfa4c8
0x412cc0,0xff25d81e47e8
0x463a8d,0xd69328778988
0x46d736,0xff25d81edff0
0x463e27,0xff25d81f4f80
0x412c87,0xff25d81f31e8
0x412cc0,0xff25d81f6c18
0x448b5d,0xab2ecf445ab0
0x412cc0,0xff25d81f8fd8
0x4115a9,0xff25d82010c0
0x410f8a,0xff25d8201180
0x46d75a,0xff25d8205730
0x448b63,0x80a6daa6c648
0x558f9a,0xff25d8207a20
0x410f8a,0xff25d82072a0
0x447a39,0xff25d8215270
0x447a39,0xff25d82189b0
0x46d736,0x9895a7bc2750
0x46d736,0x8e9578fc11b0
0x412c87,0xff25d822c1e8
0x448b5a,0xff25d822dfc8
0x463aa3,0xff25d8232ecc
0x448b5d,0xa040f2190980
0x45fd16,0x2e448db2e800
0x410f2c,0x2e448db26398
0x448b83,0x2e448db30f80
0x448b5d,0x9895a7bd0990
0x412c87,0xff25d8285308
0x447a39,0xff25d8285130
0x412c87,0xff25d8287ce8
0x558f9a,0xff25d8286590
0x4552c0,0xff25d828c1f4
0x411557,0xa31272b2530c
0x4552b0,0xa31272b25ab8
0x410f8a,0xb26c7f89bdb0
0x46d736,0x878ddfa56400
0x4552b0,0x9a0682159108
0x463a96,0x557be2ff89a0
0x4552b0,0xb26c7f8a98d8
0x45528e,0xb26c7f8b0994
0x412cc0,0xb26c7f8b89a8
0x4552b0,0xaa11d3a47c48
0x558f9a,0xaa11d3a47ce0
0x448b5a,0xaa11d3a472b8
0x45736c,0x11faa182d7b8
0x4552b0,0xaa11d3a4cd88
0x45fee6,0x81c0a289c50c
0x46d75a,0xaa79a92ad790
0x558f9a,0x9a2b69960180
0x447a39,0xaa79a92b25f0
0x412c87,0xaa79a92b5108
0x45ff7e,0x1d8d5dacc66c
0x46d736,0x1caddedcdfc0
0x460050,0x71d5f3f2cda0
0x4552b0,0xaa79a92c5738
0x558f9a,0xaa79a92c01b0
0x448b63,0xe7c8f3823c8
0x448b5d,0xafe0999d0f90
0x45ff7e,0x2e448dac512c
0x46d75a,0x1cadded00d40
0x46d736,0x1caddedd5260
0x4552c0,0x1cadded08b94
0x448b5d,0x13becdad4738
0x412cc0,0x1cadded0bc98
0x46d773,0x1caddedd6410
0x463a96,0x2c2cbb4f6c20
0x447a20,0x1cadded0d7a0
0x558f9a,0x1cadded2bc80
0x410f8a,0x1cadded2c650
0x457432,0x1caddedde530
0x412cc0,0x1cadded47c58
0x447a39,0x1cadded47a30
0x558f9a,0x1cadded46590
0x410f2c,0x1cadded47ce8
0x4552b0,0x1cadded498c8
0x45528e,0x1cadded56424
0x448b63,0x1caddede47c8
0x45ff7a,0x7cb73199c53c
0x412c87,0x1cadded58fc8
0x45ff56,0xff3c8d5e7c40
0x4552c0,0x1cadded67c54
0x4552b0,0x1cadded67cd8
0x448b5d,0x7ebb3c8789b0
0x473397,0xbcd57edf9118
0x46d75a,0x66598a841c70
0x456269,0x55c693e4d7b8
0x45ee80,0x55c693e52eb0
0x45ff62,0xf5d9bd0909a0
0x45ff56,0x7ebb3c894720
0x45ff4d,0x28e837c9ed78
0x53e068,0x46a8494a65b8
0x53e62b,0xdc4761aecd90
0x45ee80,0xd5483445320
0x45fdd7,0x71d0d59c0d60
0x53e62b,0xca49da3725f0
0x4561ac,0xf4a57b133d14
0x53df0a,0x49950aa8bc90
0x456269,0xd5483445728
0x46d614,0xb7ac7aa0d780
0x412c87,0xd5483427ce8
0x45fdd7,0xd9e9d66098f0
0x447a40,0xd5483451390
0x558f9a,0xd5483451370
0x45ff90,0xa040f2131340
0x412cc0,0xd5483431348
0x412cc0,0xd5483433d28
0x558f9a,0xd5483434720
0x4518c8,0xb3a8ecd83138
0x53e65a,0x28e837c8cd98
0x42d5e0,0x7ebb3c899fb0
0x494c73,0xcc2ca38210f0
0x494c73,0x7ebb3c7d4fb0
0x443d2b,0x7ebb3c89e501
0x4602e0,0x7ebb3c892e90
0x411d2f,0x7ebb3c892ec0
0x451882,0x5115330c7228
0x45eeb8,0x7ebb3c88d780
0x45fe42,0xc8d283463a0
0x412743,0x9bc379d531f8
0x463e27,0x9bc379d55120
0x45ff7a,0x71d5f3f623fc
0x410700,0x5829a6ef4700
0x53cacd,0x66598a778fd8
0x45ff4d,0x28e837c8e818
0x45ff62,0x9bc379ce08f0
0x45ff62,0xbf7dd6027cc0
0x5405e9,0x1caddee731f8
0x410887,0x9bc379d5dc40
0x45ff4d,0xa7d08ad75118
0x443d2b,0x7cb731aa5101
0x473397,0x9bc379d65118
0x443d2b,0x7cb731aa5311
0x45ff7a,0x2e448db90fac
0x47338d,0x9bc379d6b384
0x45ff62,0x9895a7c531c8
0x45ff56,0x9bc379ce7210
0x443d2b,0x9bc379d72ec1
0x412cc0,0x9bc379d74708
0x46d743,0xcd28e5742778
0x456171,0x1caddee125c4
0x4518c8,0x71d0d59872b8
0x45ee80,0x9bc379d76770
0x42f54e,0xdc4761a672a0
0x463a96,0xaa79a92e23f0
0x40d29a,0x9bc379d7a4e8
0x44952d,0x49950aae5718
0x451882,0xe98d38ec1c58
0x46d614,0xcc2ca3845300
0x4552c0,0xd5483453d04
0x463a96,0xaa79a92e2778
0x46d75a,0xd5483459fb0
0x46d614,0xfaef35b91340
0x4494ea,0xfaef35b91388
0x456269,0x9bc379d847d8
0x451882,0x9bc379d79f98
0x410f8a,0xd5483460d70
0x447a20,0xd5483465aa0
0x410f2c,0xd5483465118
0x412c87,0xd5483467a18
0x53df0a,0xaff5007b0f80
0x4537e7,0xd548346c1fc
0x53df0a,0x71d5f3ff1360
0x448b5d,0x774a7ed96740
0x45ff62,0x99d8269cc1c0
0x45ff56,0xce13850f25d0
0x46d633,0x71d5f3ff1390
0x46d633,0xfaef35b99100
0x448b5a,0x1f52a6853558
0x45ee80,0x9bc379d913a0
0x456269,0x1f52a6852eb8
0x45ee80,0x1f52a6852ee0
0x45eeb8,0x9bc379d925e0
0x4494f2,0xaff5007c1c40
0x45eea0,0x9bc379d95128
0x53df14,0x41d09e9acda8
0x45fdd7,0x7cb7319f2ef0
0x449502,0x41d09e9b1c44
0x494c73,0x28e837cccda0
0x46d75a,0x1f52a6855270
0x447a14,0x1f52a6855114
0x451882,0x5715a8d54fa8
0x451882,0x9bc379da1c78
0x45eeb8,0x9bc379da7cf0
0x45ee80,0x1f52a6854f80
0x45eeb8,0x5715a8d531f0
0x44952d,0x28d7cf4ec658
0x456269,0x9bc379da01b8
0x494c73,0x66598a7fe500
0x447a20,0x9bc379db31c0
0x559fe0,0xca49da382758
0x45ee80,0x9bc379db3d30
0x456331,0x1f52a6856c10
0x449502,0x28d7cf3f5244
0x53df0a,0xd79e62b06580
0x53e62b,0x54c453187210
0x449502,0x54c453187284
0x447a40,0x1f52a6859f80
0x451882,0x9bc379dc7a18
0x46d633,0x2c2cbb4d0f80
0x45eea7,0x9bc379dd0990
0x53df0a,0x2c2cbb4f8980
0x448b7a,0x9bc379dd1c68
0x53cb5b,0xce13850063a8
0x494c97,0xafd74f967a08
0x494c73,0xd79e62b76c20
0x494c93,0xb66056941c78
0x494c73,0x11faa1705720
0x494c73,0x92da1fa3bf70
0x494c73,0xce13850d2ef0
0x494c73,0x878ddfa12ea0
0x463aa3,0x1f52a685dc6c
0x45ff7e,0x9bc379ccdffc
0x53e5fc,0x54c4531c2778
0x448b7a,0x9bc379dd9fa8
0x53e5fc,0x54c4531c98f8
0x45eeb8,0x9bc379de0180
0x53e65a,0xc9394d38c668
0x53e65a,0xd9e9d66325e8
0x494c73,0x878ddf9dc530
0x494c73,0x878ddfa12ef0
0x447a14,0x1f52a68601b4
0x4537e7,0x9bc379dec64c
0x45eea7,0x9bc379df2ea0
0x448b7a,0x9bc379df2ee8
0x53df14,0xca49da3eb548
0x45eea7,0x9bc379df6770
0x53df14,0xd6932873c528
0x45ee80,0x9bc379dec1c0
0x53e62b,0xb3a8ecddc500
0x53df14,0xf5d9bd187208
0x448b7a,0x665a07f709a8
0x494c93,0xcd28e58e3138
0x494c73,0xff25d82223c0
0x494c73,0xa040f20ad790
0x494c7e,0x7ac7a7c0cdb8
0x4494f2,0x7cb731a74f80
0x45ee80,0x9bc379e047f0
0x53e65a,0xe470055f3d28
0x451882,0x9bc379e05718
0x45fdd3,0x28e837c8dfc0
0x451882,0x9bc379e0b3b8
0x45fe42,0xce13851065b0
0x45eeb8,0x665a07f75250
0x448b7a,0xaa79a92cc668
0x494c73,0x9bc379dd3540
0x494c93,0x9bc379e125f8
0x494c73,0x7cb731a22760
0x46d75a,0x1f52a6865700
0x44952d,0x11faa1766398
0x456198,0x1f52a6865a88
0x45eea7,0x9bc379e19f80
0x45eeb8,0x9bc379e1bf70
0x53e65a,0x1829193223c8
0x45eeb8,0x9bc379e1ebd0
0x494c73,0xcc2ca370dfd0
0x494c73,0xf5d9bd045130
0x42f294,0x1f52a6867a00
0x46d633,0xd79e62c1bd80
0x45ee80,0x1f52a6867ce0
0x45ee80,0x1f52a6867c40
0x53ffd1,0xd79e62c408f8
0x44952d,0xd79e62c40998
0x45eeb8,0x9bc379e309b0
0x45eea7,0x9bc379e32eb0
0x448b7a,0x9bc379e32ef8
0x53df14,0x6c5370331388
0x44952d,0x6c5370331348
0x451882,0x665a07f81198
0x4494f2,0x1a04b576cd80
0x448b7a,0x9bc379e2bc88
0x4494ea,0xfafbfaaec648
0x53e62b,0xff3c8d6209b0
0x494c73,0x9bc379e272a0
0x42d851,0x1f52a686b398
0x53df14,0xa7d08ad4cdb8
0x53df0a,0xa7d08ad7bf60
0x53e5fc,0xdc4761b88bb8
0x45eeb8,0x665a07f86390
0x53e62b,0x18291939ebd0
0x46d633,0x5829a6ed6c00
0x494c73,0x9bc379dd3d10
0x494c97,0xce1384f94fb8
0x494c73,0x66598a827cf0
0x494c93,0xca49da3189b8
0x53e65a,0x1829193a5aa8
0x53e65a,0x1829193b3d08
0x45eea7,0x9bc379e53d00
0x45eeb8,0x9bc379e55270
0x456269,0x1f52a686dff8
0x494c73,0x464bc80f9f80
0x448b7a,0x9bc379e601b8
0x456269,0x1f52a6870998
0x45eeb8,0x9bc379e672b0
0x45eeb8,0x9bc379e67a30
0x451950,0x9bc379e67cf8
0x45ee80,0x9bc379e6c660
0x53e62b,0xfaef35a33d30
0x45eea7,0x9bc379e6cd80
0x44952d,0x7cb731990f98
0x451882,0x665a07f90998
0x494c93,0x49950aaad7b8
0x494c7e,0xf5d9bd1623f8
0x494c73,0x9bc379e71350
0x456269,0x1f52a6873578
0x4537e7,0x9bc379e7527c
0x448b7a,0x9bc379e75118
0x53e62b,0xfaef35a60d60
0x451882,0x9bc379e76c18
0x45fdd7,0x6c53703a2760
0x53e62b,0x182919427280
0x448b7a,0x9bc379e78988
0x46d633,0x1829194a2750
0x448b7a,0x9bc379e7bf68
0x45eea0,0x9bc379e811a8
0x4537e7,0x9bc379e8274c
0x45fdd7,0xd79e62bd3d20
0x456269,0x1f52a6873d18
0x494c73,0xcd28e5727230
0x494c73,0xd79e62acb570
0x494c73,0x9bc379e713a0
0x473397,0x1f52a6874f90
0x46d773,0x9bc379ccb390
0x559fe0,0xbf7dd5f72ea8
0x42dd73,0x1f52a6876c38
0x53df0a,0x71d5f3f50f80
0x46d614,0xa67864946380
0x494c73,0x71d0d5a62750
0x494c7e,0x9bc379e95138
0x559fe0,0xbf7dd5f72ef8
0x448b7a,0x9bc379e99fa8
0x53e62b,0x557be2fd6760
0x45eeb8,0xc8fba3327230
0x451882,0xc8fba3327298
0x53e65a,0x557be2fe10c8
0x456269,0x9bc379e96778
0x53e62b,0x66598a848b90
0x451950,0xc8fba3327c78
0x494c73,0x71d0d5a0c660
0x494c73,0xd79e62bc65a0
0x449d40,0xe7c8f3adfe8
0x4064e3,0xd9e9d66a5100
0x4494de,0x557be2fee800
0x45fe3e,0x66598a7a10c0
0x46d614,0xff3c8d621c40
0x53df0a,0xd693287698d0
0x53e65a,0x66598a774708
0x456331,0x9bc379ea7280
0x448b7a,0x9bc379eb1c58
0x494c73,0x71d0d58c8b90
0x463a96,0xfe2fc1f513a0
0x449947,0xab2ecf3b3d20
0x46d614,0xff3c8d627a00
0x53df14,0x2c2cbb5cc658
0x449502,0xff3c8d5bdc44
0x53e62b,0x878ddfa009a0
0x46d614,0x878ddfa31e00
0x494c73,0x11faa17a98f0
0x494c73,0x8ac8846d89a0
0x494c7e,0xd79e62b023f8
0x456269,0x8ac884687c48
0x4537e7,0xe609c70410fc
0x447a20,0x8ac8846cb540
0x46d633,0xca49da37ed50
0x45eea0,0xfefb7a682778
0x45fdd7,0xc8d281dbf60
0x4494f2,0x2c2cbb5adfc0
0x494c73,0x5115331098f0
0x494c97,0x8ac8846cdff8
0x494c73,0xe7c8f3c47e0
0x463aa3,0x1f52a688019c
0x53e65a,0x54c453227ce8
0x46d633,0x54c453227c50
0x449502,0xaff5007e8b84
0x53e62b,0xd79e62ae08d0
0x4537e7,0xe609c7052eec
0x53e65a,0xd79e62ae0998
0x53df0a,0xaff5007f8990
0x45ee80,0xe98d38e925d0
0x494c73,0x8ac8846d2ed0
0x494c73,0xcd28e58f3d30
0x494c73,0x28d7cf42c650
0x494c93,0x5829a6ee5338
0x494c93,0x66598a80dff8
0x456198,0x9bc379cd1378
0x4561ac,0x9bc379cd13b4
0x53df0a,0xaff5007e7a20
0x53e5fc,0x99d8269cc678
0x451882,0xe609c7063138
0x53e62b,0xb3a8ecd87c70
0x4494ea,0xb3a8ecd87cc8
0x45eea7,0xe609c7065720
0x494c73,0x761845c94730
0x494c7e,0xbf7dd5f872b8
0x494c73,0x878ddfa131f0
0x448b5a,0x1f52a68847e8
0x451882,0xe609c7071388
0x4518c8,0xe609c7071378
0x448b7a,0xe609c7075248
0x451882,0xe98d38e9bf48
0x45fe1c,0x8e9578f7c500
0x45ff4d,0x6c537038dfe8
0x45ee80,0x1f52a6885300
0x45eea0,0xe609c708dff8
0x451882,0xe609c708e828
0x53e62b,0xcc2ca3850980
0x4494ea,0xcc2ca3854708
0x53e62b,0x2c2cbb4698c0
0x449502,0xcc2ca3860184
0x53df14,0x71d5f3f0c1c8
0x45ee80,0x1f52a6885aa0
0x4537e7,0xe609c70863bc
0x494c93,0xe609c7096778
0x494c93,0xcc2ca3800d78
0x448b7a,0x1f52a6887cc8
0x456269,0x1f52a6887238
0x45eeb8,0xe609c709ed70
0x45eeb8,0xe609c70a5730
0x53df0a,0x71d0d59f4f80
0x53e65a,0xcc2ca38498c8
0x45fe3e,0x66598a7810d8
0x447a20,0x1f52a6887c40
0x456269,0x1f52a6887a38
0x45eeb8,0x5115330dbdb0
0x494c73,0x7cf9db85ebe0
0x494c73,0x7ebb3c7e10d0
0x494c73,0x71d0d5965720
0x494c73,0xbf7dd5f47cf0
0x53e62b,0xcc2ca3872ed0
0x448b5a,0x1f52a68898f8
0x45fe3e,0x66598a7a1180
0x53df0a,0x46a8494a65b8
0x4494ea,0xca49da3bc508
0x4494ea,0x7ebb3c8125c8
0x45fe42,0x2e448dacb390
0x456269,0xe609c70c11a8
0x448b7a,0xe609c70c72a8
0x53e62b,0xe470055e7cf0
0x45fdd7,0x2e448daba4c0
0x449502,0xd9e9d66008c4
0x46d614,0x28d7cf4d1c40
0x494c73,0xbf7dd5f05aa0
0x494c73,0x71d5f3e008d0
0x53e62b,0x1719cc8e820
0x45ee80,0xe609c70d5110
0x45eea7,0xe609c70d6c20
0x4494de,0xb381a4dfc0
0x53e65a,0x464939aec658
0x45ee80,0xe609c70d9110
0x456269,0xe609c70d5268
0x4494ea,0x54962a2c23c8
0x46d614,0x3a0447246380
0x494c73,0x7cb731a5a4e0
0x494c73,0x1cadded1a4c0
0x494c73,0xa7d08ad047e0
0x447a40,0xe609c70e8b80
0x53e70f,0xafd74f965a80
0x45ee80,0xe609c70f0fb0
0x45eea0,0xe609c70f3578
0x45fe42,0x1719cc725e0
0x45eeb8,0xe609c70f1e10
0x4537e7,0xe609c70ec67c
0x53e62b,0xafd74f97c520
0x53e65a,0x99d8269d31e8
0x494c73,0x66598a836760
0x494c73,0xce13850863b0
0x494c73,0xd79e62c30990
0x494c73,0x8a4feef71e30
0x494c93,0xf5d9bd0447f8
0x53e62b,0xcc2ca37672a0
0x45eea7,0xe609c7100990
0x46d633,0x71d5f3fcb380
0x45ee80,0x1f52a6891e20
0x45eeb8,0x9bc379d78fe0
0x4537e7,0xe609c710511c
0x53e62b,0x49950aa60180
0x451882,0xe609c71047c8
0x45fdd7,0xbfe092ff8fd0
0x45fe42,0x3a0447275240
0x494c73,0xff3c8d5e10e0
0x494c73,0xe609c709bf60
0x47338d,0x1f52a68925c4
0x456240,0x1f52a6894fa4
0x448b7a,0xe609c7111e28
0x53e65a,0xbf7dd5e9bdb8
0x46d614,0x71d5f3fd4f80
0x494c93,0xbf7dd5ff9138
0x494c73,0x28e837d05a90
0x46d743,0x7cb7319e09b8
0x46d614,0xbf7dd5eb4700
0x53e62b,0xce1385025120
0x451882,0xe609c712b578
0x4494de,0xce1385053540
0x45eeb8,0xe609c712bc90
0x494c73,0xd79e62bc7cf0
0x494c73,0x25ce5ced6760
0x494c73,0xcd28e574e820
0x494c73,0xf5d9bcfd5120
0x4495c3,0xd9e9d6600180
0x46d614,0xce1385067280
0x45eea0,0xe609c71411a8
0x449502,0xd79e62bddc44
0x45eeb8,0xe609c7140980
0x53e62b,0xbf7dd5ee0980
0x4494de,0xce138507a4c0
0x456269,0x1f52a6896c08
0x494c73,0x203e00114f80
0x494c73,0xf5d9bd121c70
0x494c73,0xbf67b71bdc70
0x494c73,0x69dd93b7a4f0
0x53e5fc,0xce138508b3b8
0x4518c8,0xbf67b71c08f8
0x45ee80,0xbf67b71c5a80
0x4537e7,0xbf67b71c729c
0x45fe42,0x98f5690dbf70
0x44952d,0xce13850bbd98
0x494c73,0xb6605695a4f0
0x494c7e,0xbf67b71bc538
0x494c73,0xd79e62ac3110
0x494c73,0xa040f2172e80
0x45ee80,0x28d7cf4f4730
0x53e62b,0xcc2ca3754720
0x45ee80,0x1f52a6898fc0
0x53e6b9,0xd9e9d66b4718
0x451882,0xbf67b71dbdb8
0x494c82,0x80a6daae2768
0x494c7e,0xca49da3410f8
0x559fe0,0xce1385043108
0x451882,0xe98d38ef8988
0x45ee80,0x1f52a689bd80
0x45ee80,0xbf67b71e5720
0x53e62b,0xce1385051340
0x44952d,0xce138514e818
0x4494de,0xce1385051380
0x4537e7,0xbf67b71f356c
0x494c73,0x2e448da45a80
0x494c73,0xcd28e5905a80
0x494c73,0xe7c8f380990
0x42d894,0x71d0d5a54f98
0x559fe0,0x8a4feef5dc48
0x45eeb8,0xbf67b71f6430
0x456269,0x1f52a689ebd8
0x46d633,0xce13851725d0
0x448b7a,0x730197a1ed48
0x45ee80,0x730197a21c70
0x4537e7,0x730197a2119c
0x45ee80,0x1f52a689ed40
0x451882,0x730197a20d48
0x53e62b,0xfaef35a1ed60
0x45fe42,0x878ddfa41c40
0x46d614,0xfaef35a223c0
0x45ee80,0xbf67b71f5100
0x456269,0xbf67b71f5278
0x53e70b,0xcd28e5727a38
0x494c7e,0xff3c8d62cdb8
0x494c73,0xce1385111c40
0x494c93,0xe98d38eec1f8
0x447a14,0x1f52a68a23f4
0x53e6b9,0x2c2cbb605128
0x456269,0x1f52a68a1c58
0x451882,0x730197a2e828
0x447a20,0x730197a2c640
0x45eea7,0x730197a35110
0x456269,0x730197a2c1f8
0x4518c8,0xe98d38f05338
0x53e6b9,0x7ebb3c81bdb8
0x4518c8,0xe98d38f05ab8
0x448b7a,0x730197a3bd98
0x494c7e,0x730197a3ed78
0x494c93,0x7ebb3c7b1e38
0x4561ac,0x730197a401b4
0x448b7a,0x730197a43138
0x4494de,0x49950aae5100
0x45eea7,0x730197a463a0
0x456269,0x1f52a68a47c8
0x45ee80,0x730197a498f0
0x451882,0x730197a48b88
0x45eea7,0x730197a4e810
0x46d633,0x7ebb3c825310
0x53e62b,0xfaef35a9c520
0x494c73,0xf5d9bd0ec1f0
0x494c7e,0x7cb731ac7238
0x494c7e,0x932ec406c678
0x42d894,0xf5d9bd0f9108
0x559fe0,0x8c6c7d9bf78
0x45ee80,0x1f52a68a7290
0x45eea0,0x730197a5bdb8
0x451882,0x730197a5c518
0x447a20,0x1f52a68a7cc0
0x4537e7,0x730197a5ebcc
0x45fe42,0xfdfd3a8c3130
0x45ee80,0x730197a60990
0x53e6b9,0xcd28e5905308
0x45eea0,0x730197a61c68
0x4537e7,0x730197a611ac
0x45ee80,0x1f52a68a7a10
0x494c7e,0xaff5007ebcb8
0x4518c8,0xe98d38f18ff8
0x45eea7,0x730197a6bc90
0x451882,0x730197a6e838
0x448b7a,0x730197a6dfc8
0x46d614,0xbf7dd600c640
0x53e6b9,0xcc2ca3721198
0x46d614,0xcc2ca37210c0
0x45fe3e,0x66598a781180
0x53e62b,0x1719cc76c30
0x449502,0xbf7dd6020d44
0x53e62b,0x412e73ccd7a0
0x456331,0x730197a698c0
0x451882,0x730197a7ed68
0x44952d,0x25543026dfd8
0x45eea0,0x730197a865a8
0x45ee80,0x730197a88ba0
0x46d633,0x9ae0765fbd80
0x46d633,0x28d7cf3f8fd0
0x53e65a,0x9ae076603118
0x494c73,0xf5d9bd0ec650
0x494c73,0x7cb731ac7a10
0x494c73,0x11faa176bcb0
0x494c73,0x2c2cbb4b09b0
0x463e27,0x1f52a68b0990
0x449929,0x11e281e010c0
0x44959a,0x11e281e01198
0x559212,0x1f52a68b0fb0
0x45eeb8,0x730197a91370
0x451950,0x730197a913b8
0x44952d,0x9ae07660dfc8
0x448b7a,0x730197a92ec8
0x45eea7,0x730197a92e80
0x451882,0x730197a96c08
0x45eeb8,0xe98d38f23120
0x53e62b,0x7ebb3c800180
0x53e6b9,0xaff5007d4f88
0x494c73,0x974dbe439110
0x494c93,0xd7cc94e20d78
0x46d75a,0x1f52a68b3d00
0x53e65a,0xc8d281a1c68
0x558f9a,0x836488287200
0x45eea7,0x1f52a68b2eb0
0x448b7a,0x1f52a68b2ef8
0x45fe42,0xce1385001c40
0x46d614,0x8a4feef5ed40
0x4494de,0xa040f20e47c0
0x45eeb8,0xe98d38f28b80
0x494c97,0x4d2bb47d6408
0x494c73,0x50ff9d0c10f0
0x559fe0,0x2c2cbb4ed798
0x53e62b,0xa040f210d7a0
0x45eea7,0xe2b29ae54720
0x4494de,0xc8d281f9f80
0x456269,0xe2b29ae51398
0x53e5fc,0xc8d282072b8
0x45ee80,0xe2b29ae61c60
0x4537e7,0xe2b29ae6118c
0x494c7e,0x71d5f3fb8ff8
0x494c93,0x2e448da87238
0x494c73,0xa040f2172ed0
0x45ff7e,0x2e448db90fac
0x447a14,0xe98d38f32ef4
0x448b5a,0xe98d38f32e98
0x4494ea,0x71d5f3e325c8
0x53e62b,0xbf7dd5f11390
0x4494de,0xc8d28230f80
0x45eea7,0xd9cc3ce731f0
0x45ee80,0xd9cc3ce76740
0x4494de,0xd6932871bf40
0x45ee80,0x51359e734f80
0x494c73,0x71d5f3e8d780
0x449947,0xb7ac7a975250
0x42d894,0xf5d9bd125a98
0x449502,0xc8d28260184
0x45fdd7,0xce1384fab560
0x45fe42,0xc911b24d89a0
0x4494de,0xcd28e5796740
0x4494ea,0xdd2838a6b548
0x451882,0xe98d38f3bf48
0x494c93,0xcc2ca3730fb8
0x494c73,0xab2ecf433d00
0x449947,0x71d0d5a11c50
0x447a14,0x51359e739134
0x53e65a,0xc8d282847c8
0x456269,0x51359e738998
0x45eeb8,0xd9cc3ce94f90
0x46d633,0xc8d28291340
0x449502,0xc8d28291384
0x53e5fc,0xa040f21bbf78
0x451882,0xd9cc3ce96778
0x53e62b,0x2c2cbb5223e0
0x45eeb8,0xd9cc3ce96c10
0x53cb5b,0x71d0d5a11e08
0x494c73,0xbf7dd5f9bda0
0x494c73,0x2e448da87a10
0x449609,0x49950ab33558
0x456198,0xd9cc3cea11b8
0x53e62b,0xaf7e60c52ed0
0x451882,0xd9cc3cea5308
0x46d614,0xf5d9bd173540
0x53e6b9,0x3a044725e528
0x45ee80,0x66d5f4a6580
0x53e65a,0x66598a7cbca8
0x45fe42,0xd9e9d66b1360
0x494c97,0xb7ac7a932ec8
0x494c93,0xd79e62c27c78
0x494c73,0x998897fded50
0x494c93,0xb7ac7a932eb8
0x42f2bd,0x51359e73bf70
0x45ff62,0xf5d9bcff5100
0x45ff56,0xb7ac7aa16420
0x45ff62,0x4741a6420180
0x559fe0,0xcd28e5867c58
0x53e65a,0xb4165f99c518
0x456269,0x51359e73dc78
0x45fe42,0xd9e9d66423e0
0x451882,0x66d5f4b89a8
0x53e70f,0xc8d282a7200
0x53e62b,0x46a8494a5100
0x4494f2,0x46a8494a23c0
0x494c73,0xce1385127cf0
0x494c73,0x71d0d598cd80
0x4602e0,0x51359e73e508
0x46d614,0x998897f9e500
0x451882,0xbcebf7379108
0x45eea7,0xbcebf73789a0
0x46d633,0xbf7dd6015110
0x449502,0xce1385162744
0x45eeb8,0xbcebf737e530
0x53e6b9,0x878ddfa15138
0x45fdd3,0x66598a7a47c0
0x53e62b,0x7ebb3c7a6580
0x53e5fc,0x71d0d5885ab8
0x451882,0xe98d38f54718
0x494c73,0xab2ecf4313b0
0x443d2b,0x9bc379cee831
0x559fe0,0xafd74f91dc68
0x559fe0,0xbcebf738c648
0x456240,0x5d12e1d81c74
0x53e65a,0x71d0d5876438
0x45fe42,0x28d7cf4210c0
0x46d614,0xce1385048b80
0x53e62b,0xce1385058980
0x53e70f,0xff3c8d5e1c50
0x45eeb8,0xbcebf7393d30
0x456269,0xbcebf738b3a8
0x45ee80,0xbcebf7399130
0x45fe42,0x8ac8847725e0
0x45ee80,0xbcebf738b560
0x494c73,0xd693286fe520
0x494c73,0x878ddfa07230
0x53e6b9,0xd9e9d6679118
0x448b7a,0xbcebf73a5318
0x44952d,0xb4165f9e10d8
0x451882,0xbcebf73a8bb8
0x53e62b,0xcd28e575dc60
0x44952d,0xa040f2100d48
0x53e62b,0x1a70aa72c640
0x448b7a,0xbcebf73ac1e8
0x449502,0xb4165f9ec1c4
0x494c73,0x878ddfa07280
0x4518c8,0xbcebf73b3578
0x4537e7,0xbcebf73b898c
0x4494de,0x71d5f3e67a00
0x53e62b,0x49950aa58fd0
0x53e62b,0xd9e9d65f25d0
0x45ee80,0xbcebf73bdc40
0x44952d,0xce13850c7218
0x45ee80,0x5d12e1d85a90
0x53e62b,0xcd28e577e510
0x448b7a,0x73fab73d8988
0x53e62b,0xce13850e7220
0x45ee80,0xbcebf73b1e30
0x4537e7,0xbcebf73b135c
0x494c73,0xcd28e58b31d0
0x447a20,0x5d12e1d87c40
0x53e62b,0x7ebb3c821c60
0x4494f2,0xce13850e7280
0x45eea7,0x5d12e1d87cd0
0x53e62b,0x71d0d5a70fb0
0x456269,0x5d12e1d87288
0x46d614,0xf5d9bd112e80
0x4494ea,0xf5d9bd112ec8
0x45eeb8,0xbcebf73cb3b0
0x494c73,0xd5483452e80
0x463a96,0xcc2ca3759138
0x456198,0x71d0d58f8fc8
0x448b5a,0x71d0d58f89a8
0x45eea0,0xbcebf73ded68
0x4494f2,0xcc2ca3765300
0x456331,0x4bde421a6580
0x45eeb8,0xbcebf73e1c50
0x451882,0x71d0d58f6438
0x494c82,0xff3c8d61dc48
0x45ff7a,0x71d5f3ff1390
0x42d5ac,0x49950aad0fb8
0x44959a,0xbf7dd5eb0f98
0x447a40,0xbcebf73eb3a0
0x451882,0xe98d38f78988
0x53e6b9,0x9a0682105738
0x46d614,0xcd28e5835240
0x456269,0x4bde421a7ce8
0x44952d,0xe7c8f38bc98
0x45ee80,0x4bde421a7c60
0x45eea0,0xbcebf73f5128
0x451882,0xbcebf73f4738
0x46d633,0xcd28e5726390
0x45eea7,0xbcebf73ecd90
0x53e6b9,0x92da1fa55248
0x494c7e,0xc9394d383138
0x494c73,0xcd28e5914f90
0x494c73,0xbf7dd5e608d0
0x494c73,0x7ebb3c8698d0
0x494c73,0x1cadded4b560
0x559fe0,0xd79e62c3e518
0x4537e7,0x7febf081098c
0x46d633,0xab2ecf380980
0x44952d,0xce13850b1c58
0x494c7e,0x1a70aa6ecdb8
0x494c73,0xcc2ca37e0d40
0x494c73,0x67b1c33c98f0
0x45ff62,0xaff5007c1c40
0x45ff56,0x41d09e9b1c44
0x45ff62,0x7cb7319f2ef0
0x559fe0,0xca49da3b0998
0x4494f2,0x7febf08208c0
0x44959a,0xd693286b4f98
0x448b7a,0x4bde421abc98
0x45fdd7,0xcd28e5766590
0x4494de,0xe98d38f80980
0x451882,0x7febf082bc98
0x456331,0x4bde421ab550
0x448b7a,0x7febf082dfd8
0x46d614,0x7ebb3c7eb540
0x451950,0xcc2ca38a23f8
0x4537e7,0x7febf082571c
0x494c73,0x2e448da39130
0x494c73,0xa040f21b5130
0x45ee80,0x4bde421ac640
0x45fe42,0x11e281e05700
0x53e70f,0xcc2ca3823120
0x45ee80,0x7febf0841c60
0x4537e7,0x7febf084118c
0x53e70b,0xce13850bbf78
0x53e62b,0xf5d9bd015100
0x4494ea,0xf5d9bcfd6748
0x451882,0x74d667741c58
0x4494f2,0xf5d9bd015240
0x456331,0x4bde421acd90
0x494c73,0x71d0d595ed40
0x449947,0xbf7dd5fac670
0x45ee80,0x17fb35ee3100
0x45fdd7,0x66598a754fa0
0x4494f2,0xd79e62c27a00
0x448b7a,0x80f530be08d8
0x494c93,0x71d0d5a6e838
0x494c7e,0x71d0d5a2b3b8
0x45ff7e,0xd79e62c1bd80
0x45ff56,0x6c5370331348
0x45ff56,0xd79e62c40998
0x559fe0,0x17fb35ef5138
0x558f9a,0x974dbe510990
0x45eea7,0x17fb35ef4700
0x45ee80,0x17fb35efed40
0x53e5fc,0x28d7cf585738
0x45eea7,0x17fb35f00990
0x4494de,0x17fb35f02740
0x4537e7,0x17fb35f0311c
0x53e6b9,0x2c2cbb42b398
0x451882,0x80f530be5318
0x45ee80,0x80f530be7220
0x494c73,0xbf7dd600e800
0x45ff7e,0x8ac884753d0c
0x460050,0x974dbe4cdff0
0x42d5ac,0xd79e62c3ed78
0x46d614,0xcd28e574bc80
0x45fe42,0xcc2ca38d2ee0
0x4518c8,0x17fb35f131f8
0x45ee80,0x4bde421b1e20
0x45ee80,0x17fb35f16400
0x53e6b9,0xd79e62c331e8
0x4537e7,0x17fb35f16c1c
0x494c73,0x1719cc7c500
0x494c73,0xcc2ca37e2760
0x42f294,0x4bde421b31e0
0x44952d,0x71d5f3fb6c18
0x45ee80,0x4bde421b3560
0x53e70f,0x28d7cf5131e0
0x45eea0,0x17fb35f27a38
0x53e6b9,0x7ebb3c7b1378
0x46d614,0x7ebb3c7b1380
0x4494ea,0x774a7ed0dfc8
0x45ee80,0x17fb35f2c660
0x45eeb8,0x80f530bf2ee0
0x443d2b,0x9bc379cf8991
0x42d894,0x8a4feef531c8
0x53e70f,0xa040f20b1350
0x451882,0x17fb35f31368
0x45eea7,0x17fb35f32ef0
0x53e70b,0x49950aae5ab8
0x46d614,0x11faa1721c40
0x53e70f,0x2c2cbb528ba0
0x45eea7,0x17fb35f31380
0x45eea0,0x17fb35f3ebf8
0x45eea7,0x80f530bf9f90
0x494c97,0x7ebb3c87dc48
0x494c73,0xd9e9d65de500
0x494c93,0xbf7dd5f34738
0x42d851,0x2e448db5c528
0x559fe0,0x99d8269ec1c8
0x45eea7,0x17fb35f42760
0x451882,0x17fb35f45308
0x53e70f,0x9bc379deb570
0x4537e7,0x17fb35f4cd9c
0x4494ea,0xc8d28341c48
0x494c7e,0x8a4feef7c538
0x494c73,0x71d5f3f94710
0x494c93,0xbf7dd5f7c538
0x494c73,0x67b1c33c6380
0x456198,0x71d0d5935108
0x45fdd7,0x7cb73196e810
0x53e70f,0x2c2cbb4d6420
0x45ee80,0x71d0d5934700
0x53e70f,0x7ebb3c8423e0
0x45ee80,0x71d0d5934f80
0x45ee80,0x17fb35f70980
0x456269,0x71d0d59610d8
0x45eeb8,0x17fb35f71380
0x45fdd7,0x8a4feef52ec0
0x456269,0x71d0d5961198
0x53e62b,0x11faa16e47d0
0x4494f2,0xcd28e5758fc0
0x45ee80,0x17fb35f79100
0x448b7a,0x17fb35f7a4c8
0x4494ea,0xff3c8d620d48
0x45eea7,0x17fb35f7bda0
0x4537e7,0x17fb35f7bf4c
0x45eeb8,0x17fb35f80180
0x46d614,0xab2ecf380d40
0x448b7a,0x17fb35f51378
0x53e5fc,0x1cadded8c1f8
0x4537e7,0x17fb35f847cc
0x494c73,0x71d0d5963110
0x494c73,0x7ebb3c801c50
0x494c73,0xce138510e830
0x494c73,0xbf7dd5fa08d0
0x494c93,0x71d0d59698f8
0x494c73,0x7ebb3c7bed60
0x494c73,0x7ebb3c7dc500
0x460050,0x71d5f3ff1360
0x412c87,0x9bc379d91c68
0x412cc0,0x9bc379d96778
0x45736c,0x17fb35f87a18
0x412c87,0x9bc379d93d08
0x45736c,0xb4165fad31d8
0x412c87,0x9bc379d98ff8
0x46d736,0x17fb35f898d0
0x42ccca,0x41d09e9acda8
0x558f9a,0x9bc379d9bf60
0x4552c0,0x9a068216e824
0x4552c0,0x9bc379da0d54
0x45ff62,0x28d7cf4ec650
0x558f9a,0x9bc379da5310
0x46d736,0x17fb35f90fb0
0x4552c0,0x9bc379da65a4
0x46d773,0x7cb731953550
0x46d736,0x17fb35f92eb0
0x447a20,0x9bc379dab390
0x460a83,0x9bc379dabc99
0x460bc0,0xb381a59100
0x45ff62,0x28d7cf3f5244
0x45ff7e,0xd79e62b06580
0x460a83,0x9bc379db3549
0x46d773,0x17fb35f96c30
0x447a19,0x9bc379db6430
0x411c2e,0x9bc379db6758
0x447a39,0x9bc379db89b0
0x53de87,0x7ebb3c81bf70
0x4552b0,0x9bc379dbdc68
0x447a20,0x9bc379dbebd0
0x4602e0,0x9bc379dbe520
0x45ff7e,0x2c2cbb4d0f80
0x448b5d,0x17fb35f9e530
0x447a20,0x9bc379dc01b0
0x53de87,0xf5d9bd198980
0x45ff7e,0x2c2cbb4f89bc
0x45736c,0x4e5a10fa23f8
0x4552b0,0x9bc379dc7298
0x463e27,0x9bc379dc7a18
0x412cc0,0x9bc379dc7ce8
0x4552b0,0x9bc379dcc648
0x447a39,0x9bc379dccdb0
0x4552b0,0x9bc379dcd798
0x46d729,0x17fb35fa5308
0x463e27,0x9bc379dd0990
0x4552b0,0x9bc379dd13a8
0x46d75a,0x9bc379dd1e20
0x448b5a,0x9bc379dd1c68
0x411d2f,0x9bc379dd9120
0x448b5a,0x9bc379dd9fa8
0x447a20,0x9bc379ddc510
0x411c2e,0x9bc379ddebe8
0x447a20,0x9bc379de10e0
0x559212,0x9bc379dd8ff0
0x447a20,0x9bc379de23d0
0x53de87,0xce13850063a8
0x411c2e,0x9bc379de5718
0x463aa3,0x9bc379dec64c
0x4552b0,0x9bc379decd98
0x4552c0,0x9bc379df1374
0x412c87,0x9bc379df1e18
0x45528e,0x9bc379df1c54
0x463e27,0x9bc379df2ea0
0x448b5a,0x9bc379df2ee8
0x45ff4d,0x28e837c8dfc0
0x448b5d,0x17fb35fb9f90
0x463e27,0x9bc379df6770
0x42ccca,0xd6932873c528
0x53de87,0xf5d9bd111c70
0x412cce,0x9bc379dedfd1
0x411c2e,0x9bc379df9108
0x558f9a,0x9bc379dfbf70
0x558f9a,0x9bc379df3550
0x448b5a,0x665a07f709a8
0x46d729,0x1f52a685ed48
0x45ff56,0xce13851065b0
0x46d773,0x4bde421bebf0
0x53de87,0xb7ac7a9a0d60
0x463a96,0xaa79a92cb380
0x45ff62,0x11faa1766398
0x558f9a,0x9bc379e07c60
0x4552c0,0x9bc379e07ce4
0x447a20,0x9bc379e05120
0x463e27,0x9bc379e05718
0x411d2f,0x9bc379e05a90
0x45736c,0xcd28e581e518
0x448b63,0x17fb35fc0d48
0x45528e,0x9bc379e0cdb4
0x4552b0,0x9bc379e0d788
0x53de87,0xa040f2056760
0x460a83,0x9bc379e10989
0x448b5a,0xaa79a92cc668
0x448b63,0xce1385126388
0x4552b0,0x9bc379e15268
0x45736c,0x17fb35fc63b8
0x463e27,0x9bc379e19f80
0x412cc0,0x9bc379e1c528
0x4552b0,0x9bc379e18fd8
0x448b5d,0xcd28e5805310
0x558f9a,0x9bc379e16430
0x45ff56,0x6c5370331348
0x4552b0,0x9bc379e22748
0x412c87,0x9bc379e23138
0x45736c,0x7ebb3c8a08f8
0x45fd16,0x7ebb3c8a0980
0x53de87,0xf5d9bd0b8fc0
0x460a83,0x9bc379e2cd99
0x53de87,0x5115330f5120
0x45736c,0x17fb35fd0998
0x463e27,0x9bc379e32eb0
0x448b5a,0x9bc379e32ef8
0x45ff7a,0x5829a6ed6c00
0x45ff89,0xa7d08ad4cdb8
0x46d75a,0x9bc379e33570
0x46d736,0x17fb35fd4f90
0x558f9a,0x9bc379e2b540
0x4552b0,0x9bc379e36408
0x448b5a,0x9bc379e2bc88
0x45528e,0x9bc379e36c34
0x463a8d,0xfafbfaaec668
0x4552c0,0x9bc379e389b4
0x448b63,0x17fb35fd8fc8
0x45528e,0x9bc379e3a4c4
0x411c2e,0x9bc379e3dc68
0x46d729,0x17fb35fd9f88
0x4552b0,0x9bc379e40188
0x46d736,0xd79e62bac670
0x447a39,0x9bc379e409b0
0x448b5d,0x17fb35fdbf50
0x45528e,0x9bc379e46584
0x460050,0xa7d08ad7bf60
0x4552c0,0x9bc379e47284
0x4552c0,0x9bc379e3bf74
0x4552b0,0x9bc379e50f88
0x4552b0,0x9bc379e53568
0x46d736,0x7cb731a87c50
0x463e27,0x9bc379e53d00
0x45736c,0xcd28e58fa4d8
0x4552b0,0x9bc379e56c08
0x448b5d,0x774a7ed21c70
0x4602e0,0x9bc379e5c510
0x448b5a,0x9bc379e601b8
0x45ff62,0x7cb731990f98
0x46d729,0x17fb35fe6388
0x4552b0,0x9bc379e66398
0x45ff62,0x6c53703a2760
0x448b5d,0x8e9579035250
0x46d736,0x8e9579035130
0x4552c0,0x9bc379e611a4
0x412c87,0x9bc379e61c48
0x463e27,0x9bc379e6cd80
0x4552b0,0x9bc379e6d798
0x45ff62,0xd79e62bd3d20
0x412c87,0x9bc379e731e8
0x463aa3,0x9bc379e7527c
0x448b5a,0x9bc379e75118
0x53e49f,0xb7ac7aa063b8
0x448b5a,0x9bc379e78988
0x463e27,0x9bc379e76c18
0x448b5a,0x9bc379e7bf68
0x4552b0,0x9bc379e7ed68
0x460a83,0x9bc379e7e509
0x45ff7a,0xa67864946380
0x448b5d,0x17fb35ff8ff0
0x45ff7e,0x71d5f3f50f80
0x46d773,0x17fb35ffa4f0
0x463aa3,0x9bc379e8274c
0x4552c0,0x9bc379e810d4
0x448b5d,0x17fb35ffbf70
0x448b5d,0x7c53326f4730
0x558f9a,0x9bc379e847d0
0x53de87,0xf5d9bd007cc0
0x4552c0,0x9bc379e8dfe4
0x4602e0,0x9bc379e8d780
0x411557,0x9bc379e87a0c
0x53de87,0xb7ac7a9cd7b0
0x558f9a,0x9bc379e85700
0x53de87,0xbcd57edf4fa0
0x46d736,0x17fb36001c70
0x4552b0,0x9bc379e8b568
0x4602e0,0x665a07f9ed40
0x45528e,0x9bc379e96c24
0x448b5d,0x9bc379cccdb0
0x460bc0,0xcd28e5868b80
0x448b5a,0x9bc379e99fa8
0x412cc0,0x9bc379e9c508
0x45736c,0xcd28e57b1c58
0x45ff4d,0x66598a7a10c0
0x45ff7e,0xff3c8d621c6c
0x412cc0,0x9bc379ea10c8
0x45736c,0x17fb36006398
0x411557,0x9bc379ea23cc
0x53de87,0xf5d9bcfc5310
0x559212,0x9bc379e98fe0
0x45736c,0x17fb36007298
0x4552c0,0x9bc379ea5ab4
0x4602e0,0x9bc379ea5330
0x411557,0x9bc379ea7c4c
0x45528e,0x9bc379ea7a24
0x411d2f,0x9bc379ea7ce0
0x45fd16,0x17fb36008b80
0x45ff56,0xff3c8d5bdc44
0x45ff7e,0xff3c8d627a00
0x447a39,0x9bc379eb09b0
0x4552b0,0x9bc379eb1398
0x46d729,0x17fb3600c1c8
0x46d743,0xd693287698d0
0x46d75a,0x9bc379eb1e10
0x448b5a,0x9bc379eb1c58
0x411557,0x9bc379eb31cc
0x4552c0,0xe98d38e863b4
0x463a96,0xfe2fc1f513a0
0x42ccca,0x2c2cbb5cc640
0x4552b0,0x9bc379ec08d8
0x4552b0,0x9bc379ec09b8
0x4602e0,0x9bc379ec0190
0x412cce,0x9bc379ec23d1
0x447a20,0x9bc379ec3120
0x53de87,0xb7ac7a9f31c0
0x447a20,0x9bc379ec5700
0x45736c,0x1829193a5718
0x411c2e,0x9bc379ec63b8
0x4552c0,0xe98d38e8c1c4
0x447a19,0x9bc379ec98f0
0x447a20,0xfefb7a6810d0
0x4552c0,0xfefb7a683134
0x46d736,0x9bc379d525f0
0x53de87,0xce1384fba4c0
0x463aa3,0xe609c70410fc
0x45ff56,0xaff5007e8b84
0x412c87,0xe609c70411b8
0x53e49f,0xb7ac7a9c23f8
0x558f9a,0xe609c7045330
0x448b5d,0x17fb3601e510
0x412c87,0xe609c7047a18
0x559212,0xe609c7050f80
0x558f9a,0xe609c7051350
0x46d75a,0xe609c7051c50
0x4552c0,0xe609c70525e4
0x411c2e,0xe609c7051e08
0x463aa3,0xe609c7052eec
0x46d743,0xaff5007f89b8
0x45528e,0xe609c7056764
0x4552c0,0xe609c7055114
0x558f9a,0xe609c7055250
0x53de87,0xb1739fbd0fa0
0x45736c,0x71d0d59b0998
0x4602e0,0xe609c705a4d0
0x460050,0xaff5007e7a20
0x411d2f,0xe609c705ebd0
0x46d75a,0xe609c7060d60
0x447a20,0xe609c7065110
0x463e27,0xe609c7065720
0x46d773,0x17fb3602c650
0x411d2f,0xe609c7065a80
0x45736c,0x17fb3602e838
0x4552c0,0xe609c70610d4
0x4552c0,0xe609c70611b4
0x45ff4d,0x8e9578f7c508
0x412c87,0xe609c706cd98
0x53de87,0x8876f2fc5330
0x4602e0,0xe609c7070fb0
0x460bc0,0x28d7cf4e47c0
0x45feea,0x17fb36031c4c
0x448b5a,0xe609c7075248
0x447a20,0xe609c70731d0
0x45ff7a,0x71d0d59f4f80
0x447a20,0xe609c707bd90
0x463e27,0xe609c7071388
0x4552b0,0xe609c7071e18
0x412cce,0xe609c707dc51
0x4552b0,0xe609c707e528
0x45736c,0xcd28e57789a8
0x558f9a,0xe609c70898c0
0x558f9a,0xe609c708bc90
0x460a83,0xe609c708b399
0x45736c,0x17fb3603bf78
0x412c87,0xe609c7090f98
0x412c87,0xe609c7093578
0x45ff4d,0x66598a7810c8
0x463aa3,0xe609c70863bc
0x448b5a,0x1f52a6887cc8
0x4552c0,0xe609c70a0984
0x411c2e,0xe609c70a01a8
0x460a83,0xe609c70a23d9
0x53de87,0xafd74f96e820
0x45ff4d,0x66598a7a1180
0x412cc0,0xe609c70a1c68
0x558f9a,0xe609c70a65a0
0x448b83,0x17fb360423c0
0x559212,0xe609c70a8b80
0x558f9a,0xe609c70ab560
0x46d75a,0xe609c70b0f90
0x53e49f,0xcc2ca37f6778
0x460050,0x46a8494a65b8
0x558f9a,0xe609c70b31f0
0x45736c,0x8e9579005718
0x559212,0xe609c70bbdb0
0x463a8d,0x7ebb3c8125c8
0x45ff56,0xd9e9d66008c4
0x46d736,0x17fb3604cd90
0x4552c0,0xe98d38eac674
0x45feea,0xab2ecf380d40
0x460bc0,0xa040f21c6380
0x4552b0,0xe609c70c47d8
0x46d773,0x17fb36050980
0x4552b0,0xe609c70c7cd8
0x448b5a,0xe609c70c72a8
0x412c87,0xe609c70c5aa8
0x411c2e,0xe609c70cc1d8
0x46d736,0x17fb360531e0
0x46d736,0xcd28e58309a0
0x447a39,0xe609c70ce830
0x4552c0,0xe98d38eb25c4
0x4552c0,0xe609c70d6404
0x463e27,0xe609c70d6c20
0x463a8d,0xb381a4dfc0
0x559212,0xe609c70dbd90
0x4115a9,0xe609c70ded40
0x53e49f,0xb381a39fb8
0x448b5d,0x17fb36059f90
0x4552c0,0xe609c70e08f4
0x45528e,0xe609c70e10f4
0x558f9a,0xe609c70e1c40
0x45fd16,0x17fb3605bf40
0x45ff56,0x1719cc725e0
0x46d736,0x17fb3605e530
0x53de87,0x932ec4071c60
0x46d773,0x17fb360601a0
0x448b83,0x17fb36061c40
0x558f9a,0xe609c70f4710
0x45528e,0xe609c70f4f94
0x411d2f,0xe609c70f5250
0x45ff7a,0x49950aa60180
0x463aa3,0xe609c70ec67c
0x457432,0x8e9578f8c1f0
0x460050,0xafd74f97c520
0x45ff62,0x3a0447275240
0x558f9a,0xe609c71001b0
0x463e27,0xe609c7100990
0x411c2e,0xe609c7100d48
0x53de87,0x932ec40465b0
0x460050,0xcc2ca37672a0
0x463aa3,0xe609c710511c
0x46d773,0x17fb3606b570
0x558f9a,0xe609c7105a80
0x411c2e,0xe609c7105328
0x463a96,0xaa79a92e23c0
0x448b5d,0x17fb3606d7b0
0x4552c0,0xe609c71098d4
0x447a20,0xe98d38ec5130
0x447a14,0x1f52a6893d34
0x53de87,0x71d0d5a623d0
0x448b5a,0xe609c7111e28
0x46d75a,0xe609c7115270
0x45528e,0xe609c7115114
0x45528e,0xe609c7116404
0x45fdfc,0x9895a7c81c4c
0x4602e0,0xe609c7118980
0x45fdfc,0x13becdad640c
0x411d2f,0xe609c7119f90
0x45736c,0x2e448dbb1368
0x45fdfc,0x2e448dbb138c
0x53de87,0x28d7cf487230
0x460a83,0xe609c711c509
0x45ff7a,0x28d7cf3f8fd0
0x447a20,0xe609c711e520
0x411c2e,0xe609c711dc58
0x45528e,0xe609c711ebd4
0x4115a9,0xe609c7126580
0x45fdfc,0xa7d08ad098dc
0x411c2e,0xe609c71298f8
0x46d736,0x17fb36074fb0
0x411d2f,0xe609c7128b90
0x411c2e,0xe609c712c1c8
0x46002b,0xce1385025120
0x45fd16,0x17fb36079f80
0x45ff7e,0xce1385067280
0x45ff62,0xd79e62bddc44
0x412cc0,0xe98d38ed0f98
0x448b5d,0x7cb7319e0d60
0x447a20,0xe609c713bf50
0x559212,0xe609c713bd80
0x4552c0,0xe609c71410d4
0x411c2e,0xbf67b71b6c18
0x45ff56,0xce13850bbd98
0x45ff56,0x98f5690dbf70
0x412c87,0xbf67b71b9fb8
0x411c2e,0xe609c7139108
0x463a8d,0xce138507a4c0
0x558f9a,0xbf67b71bbf70
0x53e49f,0xa678649647f8
0x4552b0,0xe98d38ed31c8
0x4552b0,0x8876f2fcd7a8
0x4552b0,0xbf67b71c0188
0x447a39,0xbf67b71c09b0
0x4552c0,0xbf67b71c23f4
0x448b5d,0x7cb731a99130
0x45ff7a,0xbf7dd5e54f8c
0x447a20,0xbf67b71c47f0
0x558f9a,0xbf67b71c5a80
0x4602e0,0xbf67b71c5130
0x463aa3,0xbf67b71c729c
0x4552b0,0xbf67b71c7c48
0x558f9a,0xbf67b71c7ce0
0x46d773,0x17fb36087cf0
0x447a20,0xbf67b71cbc80
0x4552c0,0xbf67b71ccd94
0x4602e0,0xbf67b71cc670
0x4552b0,0xe98d38ed9128
0x447a20,0xbf67b71d31f0
0x4552c0,0xbf67b71d5274
0x448b5d,0x17fb3608d7b0
0x4552b0,0xbf67b71d6c28
0x4602e0,0xbf67b71d6400
0x45ff7a,0xce1385051340
0x411c2e,0xbf67b71ded58
0x448b63,0x17fb36092e88
0x45ff56,0xce138514e818
0x460a83,0xbf67b71d4f89
0x46d729,0xbf7dd5fded48
0x45ff7e,0xce13851725d0
0x460a83,0xbf67b71ec1d9
0x463a8d,0xce1385051380
0x46d773,0x11faa1863110
0x463aa3,0xbf67b71f356c
0x463e27,0xe98d38ef89a0
0x45ff62,0x878ddfa41c40
0x45ff89,0xcd28e5727a38
0x53de87,0x66598a7fc520
0x558f9a,0x730197a1e520
0x448b5a,0x730197a1ed48
0x463aa3,0x730197a2119c
0x53de87,0x17fb360a10c0
0x412c87,0x730197a25108
0x45528e,0x730197a1bf44
0x558f9a,0x730197a25a90
0x411d2f,0x730197a265a0
0x4552b0,0x730197a27a28
0x412cc0,0xbf67b71f6768
0x447a20,0x730197a20190
0x53de87,0xcc2ca3807280
0x448b63,0x7cb7319c5108
0x42ccca,0x2c2cbb605128
0x4552c0,0x730197a325e4
0x45528e,0x730197a32ec4
0x447a39,0x730197a32eb0
0x411c2e,0x730197a331d8
0x463e27,0x730197a35110
0x558f9a,0x730197a31380
0x412cc0,0x730197a31e18
0x558f9a,0x730197a36750
0x4552b0,0x730197a39f88
0x46d729,0x17fb360adfc8
0x42ccca,0x7ebb3c81bdb8
0x46d75a,0x730197a3bf50
0x448b5a,0x730197a3bd98
0x45ff7a,0x7ebb3c825310
0x559212,0x730197a2dfe0
0x46d75a,0x730197a41180
0x448b5a,0x730197a43138
0x463a8d,0x49950aae5100
0x463e27,0x730197a463a0
0x46d75a,0x730197a465a0
0x46d773,0x17fb360b1c70
0x45528e,0x730197a45734
0x4552c0,0x730197a47224
0x558f9a,0x730197a47280
0x46d736,0x17fb360b1e10
0x411557,0x730197a47c4c
0x45528e,0x730197a47a24
0x411d2f,0x730197a47ce0
0x460bc0,0xe470055ee800
0x46d736,0x17fb360b25d0
0x45ff7a,0xcc2ca37210ec
0x460a83,0x730197a4b549
0x45ff56,0xfdfd3a8c3130
0x463e27,0x730197a4e810
0x4552c0,0x730197a50984
0x412cc0,0x730197a59118
0x46d729,0x17fb360ba4c8
0x412c87,0x730197a58998
0x463aa3,0x730197a5ebcc
0x4602e0,0x730197a5ed50
0x463aa3,0x730197a611ac
0x45ff4d,0x66598a781180
0x447a40,0xe98d38f125f0
0x4552c0,0x730197a6b544
0x463e27,0x730197a6bc90
0x558f9a,0x730197a6d7a0
0x448b5a,0x730197a6dfc8
0x447a39,0x730197a725f0
0x46d736,0x17fb360c1190
0x558f9a,0x730197a74730
0x46d736,0x17fb360c3110
0x4115a9,0x730197a75100
0x558f9a,0x730197a76c30
0x460a83,0x730197a76419
0x412c87,0x730197a6c678
0x460050,0x412e73ccd7a0
0x4552b0,0x730197a808d8
0x4552b0,0x730197a80998
0x411d2f,0x730197a823d0
0x460bc0,0x7ebb3c839100
0x45ff62,0x9ae07660dfc8
0x4552b0,0x730197a810c8
0x4552b0,0x730197a811a8
0x46d773,0x17fb360ccd90
0x4552b0,0x730197a863b8
0x4602e0,0x730197a81c70
0x53de87,0xcd28e5914700
0x45736c,0x17fb360cd7b8
0x460bc0,0xc8d283008c0
0x45736c,0x17fb360d2ef8
0x45ff7e,0x7ebb3c800180
0x463e27,0x730197a92e80
0x412cc0,0x730197a95138
0x448b5a,0x730197a92ec8
0x463e27,0x730197a96c08
0x45ff7e,0x8a4feef5ed40
0x45ff62,0xce1385001c40
0x4552c0,0xe6df99c4cd94
0x412cc0,0xe6df99c4d7a8
0x447a20,0x730197a931d0
0x4552c0,0xe6df99c509a4
0x463e27,0x1f52a68b2eb0
0x46d773,0x9bc379ce7290
0x448b5a,0x1f52a68b2ef8
0x412c87,0x3581ba3da4f8
0x448b5d,0xcd28e584bc90
0x463a96,0x1cadded6bc80
0x463a8d,0xa040f20e47c0
0x411d2f,0xe2b29ae45320
0x412cc0,0xe2b29ae47228
0x447a20,0xe2b29ae47c50
0x4552c0,0xe2b29ae47a24
0x4602e0,0xe2b29ae472a0
0x45fd16,0x8e9578fd6400
0x46d736,0x17fb360e11b0
0x411d2f,0xe2b29ae4c1d0
0x447a20,0xe2b29ae525f0
0x463e27,0xe2b29ae54720
0x460050,0xa040f210d7a0
0x558f9a,0xe2b29ae52ec0
0x46d773,0xe697cbea47f0
0x448b63,0xe697cbea7208
0x53de87,0x2c2cbb4ba4e0
0x558f9a,0xe2b29ae531d0
0x411d2f,0xe2b29ae53d10
0x558f9a,0xe2b29ae608e0
0x559212,0xe2b29ae609a0
0x448b63,0xa040f20c08c8
0x463aa3,0xe2b29ae6118c
0x4552b0,0xe2b29ae59118
0x45736c,0x1f52a68b4f98
0x4552b0,0xd9cc3ce6cdb8
0x4602e0,0xd9cc3ce6c670
0x463a8d,0x71d5f3e325c8
0x45736c,0xd83c568847f8
0x4552c0,0xd9cc3ce6d7a4
0x463e27,0xd9cc3ce731f0
0x558f9a,0xd9cc3ce73d00
0x411d2f,0xd9cc3ce73550
0x558f9a,0xd9cc3ce76740
0x463a8d,0xd6932871bf78
0x412c87,0xd9cc3ce7a4f8
0x53de87,0xbf7dd5f87c60
0x4552b0,0xd9cc3ce80198
0x4602e0,0xd9cc3ce80d40
0x447a20,0xd9cc3ce85ab0
0x4602e0,0xd9cc3ce85100
0x463a8d,0xcd28e5796740
0x411557,0xd9cc3ce8638c
0x558f9a,0xd9cc3ce7bf60
0x411d2f,0xd9cc3ce8d780
0x46d729,0xfaef35b36c08
0x411c2e,0xd9cc3ce92ee8
0x411d2f,0xd9cc3ce92e90
0x460a83,0xd9cc3ce95119
0x412c87,0xd9cc3ce91378
0x412cce,0xd9cc3ce91391
0x4552b0,0xd9cc3ce91c68
0x559212,0xd9cc3ce98ff0
0x460050,0x2c2cbb5223e0
0x46d75a,0xd9cc3ce9c500
0x45fd16,0x25ce5cf35240
0x45ff56,0xd9e9d66b1360
0x46d773,0x9bc379cedff0
0x463e27,0xd9cc3cea5308
0x53de87,0xd05626c38fd0
0x42ccca,0x3a044725e500
0x4552c0,0x66d5f4a63b4
0x558f9a,0x66d5f4a6580
0x448b5d,0xd83c568a08f0
0x4552b0,0x66d5f4a7a38
0x4602e0,0x66d5f4a7210
0x411c2e,0x66d5f4a7298
0x411c2e,0x66d5f4a98c8
0x46d736,0xa040f2042770
0x558f9a,0x66d5f4b6760
0x45ff7a,0xbf7dd6015110
0x45ff56,0xce1385162744
0x558f9a,0x66d5f4bc530
0x411d2f,0x66d5f4bbd80
0x559212,0x66d5f4bebf0
0x45fd16,0xd83c568ac640
0x412cc0,0x66d5f4c08e8
0x411d2f,0x66d5f4c0990
0x45ff4d,0x66598a7a47c0
0x45ff7e,0x7ebb3c7a6580
0x463e27,0xbcebf73789a0
0x4552b0,0xbcebf737a4f8
0x447a20,0xbcebf737dc60
0x46d736,0xd83c568b1c50
0x45ff56,0x28d7cf4210c0
0x45528e,0xbcebf73808f4
0x448b63,0xd83c568b3d08
0x4552b0,0xbcebf7382758
0x4115a9,0xbcebf7383100
0x463e27,0xbcebf7379108
0x42ccca,0x878ddfa15138
0x448b5d,0xd83c568b6430
0x448b63,0x80a6dab31348
0x45ff62,0x8ac8847725e0
0x411d2f,0xbcebf738bc80
0x411d2f,0xd83c568b9110
0x53de87,0xb4165facb380
0x448b5d,0x7cb731968b90
0x447a20,0xbcebf7394fa0
0x4552b0,0xbcebf7395108
0x558f9a,0xbcebf7395260
0x4552c0,0xbcebf7396434
0x45528e,0xbcebf7396c34
0x559212,0xbcebf7398990
0x46d75a,0xbcebf73a10f0
0x412cc0,0xbcebf73a11a8
0x45ff62,0xa040f2100d48
0x45ff56,0xce13850b1c58
0x448b5a,0xbcebf73a5318
0x53de87,0x8ac8846d6740
0x460050,0xcd28e575dc60
0x559212,0xbcebf73acd90
0x448b5a,0xbcebf73ac1e8
0x412cc0,0xbcebf73a2748
0x53de87,0xc911b24dc500
0x46d773,0xd83c568cbcb0
0x447a40,0xbcebf73a0d70
0x46d736,0x9bc379cf2ef0
0x45ff7a,0xf5d9bd112e80
0x45736c,0x7cb7319c2778
0x45fd16,0xd83c568cdfc0
0x463aa3,0xbcebf73b898c
0x4552b0,0xbcebf73b5248
0x463a8d,0x71d5f3e67a00
0x46d743,0x49950aa58fd0
0x412cce,0xbcebf73bbf51
0x558f9a,0xbcebf73bdc40
0x412c87,0xbcebf73be518
0x4552c0,0xbcebf73bed64
0x448b5d,0xd83c568d1e10
0x448b5d,0xd83c568d25d0
0x46d743,0xcd28e577e510
0x45736c,0xd83c568d3d38
0x448b5a,0x73fab73d8988
0x463aa3,0xbcebf73b135c
0x46d75a,0xbcebf73b13b0
0x4552c0,0xbcebf73b1c64
0x463e27,0x5d12e1d87cd0
0x460050,0x7ebb3c821c60
0x412c87,0xbcebf73c6398
0x460050,0x71d0d5a70fb0
0x558f9a,0xbcebf73c5300
0x460a83,0xbcebf73c7a09
0x45feea,0xcd28e580720c
0x45528e,0xbcebf73c5aa4
0x463a8d,0xf5d9bd112ec8
0x45ff62,0xcc2ca3765300
0x559212,0xbcebf73d09a0
0x463a96,0x28e837ca0d40
0x412cc0,0xbcebf73d1358
0x460a83,0xbcebf73d1399
0x45ff7e,0xcd28e5835240
0x45ff56,0xe7c8f38bc98
0x412cce,0xbcebf73ddc51
0x53de87,0xecc2f01fe530
0x46d729,0x7cb7319f3548
0x447a39,0xbcebf73e5330
0x45ff7a,0xab2ecf380980
0x45528e,0xbcebf73e7c64
0x45528e,0xbcebf73eb544
0x45fdd7,0xcd28e5758fc0
0x46d75a,0xbcebf73ee810
0x457432,0xd83c568e72b0
0x46d736,0xd83c568e7200
0x559fe0,0x9a0682105738
0x411c2e,0xbcebf73f0fa8
0x46d773,0x28d7cf48d7a0
0x460a83,0xbcebf73f31d9
0x412cc0,0xbcebf73f6778
0x45736c,0x71d0d5900988
0x46d736,0x71d0d59008c0
0x457432,0xfaef35b19130
0x463e27,0xbcebf73ecd90
0x412c87,0x7febf080b398
0x412cc0,0x7febf080c678
0x46d736,0xd83c568f0f80
0x463e27,0xe98d38f78988
0x463aa3,0x7febf081098c
0x447a20,0x7febf0811340
0x45736c,0x9bc379cf4718
0x46d773,0xd83c568f1c70
0x558f9a,0x7febf0813540
0x460a83,0x7febf0811c49
0x46d736,0xd83c568f1e10
0x447a20,0x7febf0816c10
0x448b5d,0xd83c568f2eb0
0x448b63,0xd83c568f2ec8
0x45ff62,0xcd28e5766590
0x46d736,0xd83c568f3550
0x46d75a,0x7febf0814710
0x4552b0,0x7febf0814f88
0x412cc0,0x7febf081bda8
0x4602e0,0x7febf0812ec0
0x460a83,0x7febf0812e89
0x447a20,0x7febf08247f0
0x448b5a,0x4bde421abc98
0x448b5d,0x71d0d58f1380
0x4552c0,0x7febf0828b94
0x45ff7a,0x71d0d58f134c
0x46d75a,0x7febf08298c0
0x4552b0,0x7febf0827218
0x558f9a,0x7febf08272b0
0x463a8d,0xe98d38f80980
0x412cc0,0x7febf0827c68
0x558f9a,0x7febf082c660
0x4602e0,0x7febf0827ce0
0x46d773,0xd83c568fbf40
0x558f9a,0x7febf082d7b0
0x448b5a,0x7febf082dfd8
0x463aa3,0x7febf082571c
0x45528e,0x7febf08309b4
0x4552c0,0x7febf0831364
0x412c87,0x7febf0831e08
0x45528e,0x7febf0831c44
0x448b5d,0xd83c569008c0
0x45ff90,0xce13850bbf40
0x53de87,0xe7c8f3808e0
0x45ff7e,0xf5d9bd015100
0x411c2e,0x7febf083a4e8
0x46d773,0xd83c56901c50
0x411d2f,0x7febf083ed60
0x45ff62,0x66598a754fa0
0x412c87,0x7febf083bf58
0x45528e,0x7febf083bd94
0x558f9a,0x7febf08408e0
0x559212,0x7febf08409a0
0x463aa3,0x7febf084118c
0x46d729,0xd83c56906588
0x4552b0,0x7febf0839118
0x46d773,0xd83c56907290
0x558f9a,0x7febf0845700
0x463a8d,0xf5d9bcfd6748
0x45ff62,0xd79e62c27a00
0x448b5d,0xfaef359fa4d0
0x558f9a,0x17fb35ee3100
0x411d2f,0x17fb35ee47e0
0x4552c0,0x17fb35ee7224
0x558f9a,0x17fb35ee7280
0x46d75a,0x17fb35ee7c60
0x412c87,0x17fb35ee7cc8
0x411c2e,0x17fb35ee5108
0x411d2f,0x17fb35ee63a0
0x457432,0xd83c5690c1f0
0x4552b0,0x17fb35eec1f8
0x45736c,0xe609c7081188
0x46d736,0xe609c70810c0
0x45528e,0x17fb35ef1354
0x46d773,0xd83c56911e20
0x4552b0,0x17fb35ef1e08
0x463e27,0x17fb35ef4700
0x46001c,0x8a4feef52ec0
0x411c2e,0x17fb35ef6c08
0x45ff56,0xcc2ca38d2ee0
0x559212,0x17fb35efebd0
0x558f9a,0x17fb35efed40
0x559212,0x17fb35ef9fa0
0x558f9a,0x17fb35f001b0
0x463e27,0x17fb35f00990
0x411c2e,0x17fb35f00d48
0x463a8d,0x17fb35f02740
0x463aa3,0x17fb35f0311c
0x447a20,0x80f530be7280
0x45ff62,0x71d5f3fb6c18
0x558f9a,0x4bde421b13b0
0x558f9a,0x17fb35f0c1d0
0x460bc0,0xb7ac7a953d00
0x448b5d,0xcc2ca3871340
0x558f9a,0x17fb35f16400
0x463aa3,0x17fb35f16c1c
0x42ccca,0xd79e62c331c0
0x45fee6,0xd83c5692118c
0x559212,0x17fb35f19f80
0x448b5d,0x9bc379cf8fd0
0x46d75a,0x17fb35f201b0
0x412c87,0x17fb35f247f8
0x4552c0,0x17fb35f23124
0x46d736,0xab2ecf4325f0
0x45ff90,0x49950aae5ab8
0x46d736,0x9895a7cab570
0x53e49f,0xcd28e5899138
0x42ccca,0x7ebb3c7b1350
0x463a8d,0x774a7ed0dfc8
0x46d736,0xd83c5692bcb0
0x447a20,0x17fb35f2b380
0x45ff7e,0x11faa1721c40
0x412c87,0x17fb35f2bca8
0x4602e0,0x17fb35f30f90
0x448b5d,0xcd28e590b3a0
0x463e27,0x17fb35f32ef0
0x447a19,0x17fb35f35270
0x53de87,0x2c2cbb5b6770
0x46d75a,0x17fb35f39fa0
0x53de87,0x1719cc65310
0x463e27,0x17fb35f31380
0x4552c0,0x17fb35f31e34
0x448b83,0x557be2ff31c0
0x412cc0,0x17fb35f3dc68
0x558f9a,0x80f530bfa4c0
0x463e27,0x80f530bf9f90
0x463e27,0x17fb35f42760
0x4552b0,0x17fb35f465a8
0x447a20,0x17fb35f47a20
0x463e27,0x17fb35f45320
0x45ff62,0x7cb73196e810
0x46d736,0xd83c5693bd90
0x463aa3,0x17fb35f4cd9c
0x53de87,0xe7c8f3e23c0
0x463a8d,0xc8d28341c48
0x4552b0,0x17fb35f50f88
0x412c87,0x2e448daded58
0x46d773,0x25ce5ce85330
0x46d75a,0x71d0d59608f0
0x412cc0,0x71d0d59609a8
0x4552b0,0x71d0d59601b8
0x46d75a,0x17fb35f525d0
0x4552b0,0x17fb35f52ec8
0x558f9a,0x17fb35f52e80
0x45528e,0x17fb35f54704
0x53de87,0x99d8269ce810
0x46d773,0xd83c569447e0
0x447a20,0x17fb35f56740
0x411c2e,0x17fb35f59108
0x412cc0,0x17fb35f608d8
0x411d2f,0x17fb35f60980
0x4552c0,0x17fb35f623c4
0x46d736,0xd83c5694d780
0x412c87,0x17fb35f5ed68
0x412cc0,0x17fb35f6b398
0x457432,0xd83c56952ef0
0x412cce,0x17fb35f6c651
0x463a96,0x5829a6ee10c0
0x559212,0x17fb35f70980
0x46d75a,0x17fb35f5a4e0
0x558f9a,0x17fb35f731c0
0x45fef6,0x7ebb3c8a0980
0x45ff7e,0x17fb35fd0998
0x53de87,0xe98d38eec650
0x45ff7e,0xab2ecf380d40
0x46d743,0x11faa16e47d0
0x558f9a,0x17fb35f79100
0x448b5a,0x17fb35f7a4c8
0x463a8d,0xff3c8d620d48
0x53de87,0x7ebb3c7c1190
0x457432,0xce13851713b0
0x463e27,0x17fb35f7bda0
0x463aa3,0x17fb35f7bf4c
0x447a20,0x17fb35f7ed70
0x4552b0,0x17fb35f7ebe8
0x46d736,0xd83c56963100
0x448b5a,0x17fb35f51378
0x463aa3,0x17fb35f847cc
0x457432,0xd83c56965130
0x45fee6,0x17fb35f87a18
0x45fee6,0xb4165fad31fc
0x412c87,0x71d0d5932ec8
0x411804,0x71d5f3ff1360
0x44959a,0x71d5f3ff1398
0x44959a,0xfaef35b99108
0x45eebb,0x28e837ce3118
0x412c87,0x9bc379d91c68
0x4518c8,0xd83c5696b578
0x412cc0,0x9bc379d96778
0x4495c3,0xaff5007c1c60
0x45eeb8,0xd83c56973d10
0x53e70f,0xf5d9bd14c670
0x45eeb8,0xd83c569725f0
0x451882,0xd83c56976758
0x412c87,0x9bc379d93d08
0x412c87,0x9bc379d98ff8
0x44e194,0xd83c56972e88
0x46d736,0x17fb35f898d0
0x42ca41,0x41d09e9acd80
0x451882,0x9a068216c1e8
0x45eea7,0xd83c56980180
0x559212,0x9bc379d9bf60
0x4495c3,0x41d09e9b1c50
0x4494ea,0xff3c8d5b6408
0x456269,0x9a068216e824
0x451882,0xd83c56988ba8
0x53e70f,0xce1384ff1c70
0x45fee6,0x8e9578fa08cc
0x53e70f,0x28d7cf5c01a0
0x4561ac,0x9bc379da0d54
0x45eeb8,0xd83c5698cd90
0x53e62b,0xb1739fbd1e00
0x45eeb8,0xd83c56991350
0x451882,0xd83c569913b8
0x45ff62,0xcd28e5805310
0x558f9a,0x9bc379da5310
0x46d736,0x17fb35f90fb0
0x4494f2,0xd9e9d6685a80
0x4561ac,0x9bc379da65a4
0x44e194,0xd83c5699a4f8
0x448b83,0x17fb35f91e00
0x46d773,0x7cb731953550
0x451882,0x9bc379da7a38
0x45eeb8,0x9bc379da7c50
0x46d736,0x17fb35f92eb0
0x447a40,0x9bc379dab390
0x411a5c,0x9bc379dabc99
0x448b83,0x17fb35f93d00
0x45ee89,0xd83c569acdb0
0x4495c3,0x28d7cf4ec640
0x451950,0xd83c569b09b8
0x4602c7,0x9bc379db3549
0x46d773,0x17fb35f96c30
0x447a39,0x9bc379db6430
0x45eeb8,0xd83c569be510
0x4602cb,0x7ebb3c81bf70
0x53e70f,0xca49da38e820
0x447a39,0x9bc379db89b0
0x456331,0x9bc379dba4d0
0x45eeb8,0xd83c569c72b0
0x456198,0x9bc379dbdc68
0x451950,0x9bc379dbbdb8
0x45ff7e,0x17fb35fa531c
0x4602e0,0x9bc379dbe520
0x4495c3,0x28d7cf3f5244
0x447a40,0x9bc379dbebd0
0x45eeb8,0xd83c569cdfc0
0x45ee80,0xd83c569cd790
0x463a8d,0x17fb35f9e530
0x45eeb8,0xd83c569d09a0
0x4602cb,0xf5d9bd198980
0x411804,0xd79e62b06580
0x447a40,0x9bc379dc01a0
0x449609,0x54c453187228
0x4495c3,0x54c453187290
0x460050,0x4e5a10fa23f8
0x45eeb8,0xd83c569e1c60
0x456198,0x9bc379dc7298
0x451882,0x9bc379dcb388
0x463e27,0x9bc379dc7a30
0x412cc0,0x9bc379dc7ce8
0x44959a,0x2c2cbb4d0f80
0x447a39,0x9bc379dccdb0
0x456198,0x9bc379dcd798
0x451882,0xd83c569f1c78
0x44e194,0xd83c569ebcb8
0x448b83,0x17fb35fa5100
0x53e70f,0x7ebb3c7dbf70
0x463e27,0x9bc379dd0990
0x456198,0x9bc379dd13a8
0x457432,0xa6786494d7b0
0x46d75a,0x9bc379dd1e20
0x456331,0x665a07f647d0
0x448b5a,0x9bc379dd1c68
0x411804,0x2c2cbb4f89bc
0x45eea7,0xd83c56a00180
0x411913,0x9bc379dd9120
0x448b5a,0x9bc379dd9fa8
0x44e248,0xd83c56a06388
0x449502,0xcc2ca380d784
0x451882,0xd83c56a0b3a8
0x4537e7,0xd83c56a0c1dc
0x447a40,0x9bc379ddc510
0x447a40,0x9bc379de10d0
0x559212,0x9bc379dd8ff0
0x45ee89,0xd83c56a125f0
0x4064e3,0xc9394d38c650
0x447a40,0x9bc379de23d0
0x451882,0x9bc379de08c8
0x451882,0xd83c56a15278
0x45ff4d,0x28e837c8dfc0
0x45ff56,0x17fb35fb9f90
0x45eeb8,0x9bc379de0d60
0x451882,0xd83c56a11e28
0x4602cb,0xce13850063b0
0x4064e3,0xd9e9d66325d0
0x45ee80,0xd83c56a1bd90
0x53e70b,0xd69328707cf8
0x46d633,0xd69328707c50
0x46d633,0xf5d9bd0bdc40
0x45eea7,0xd83c56a25120
0x463aa3,0x9bc379dec64c
0x53e62b,0xcc2ca380bcb0
0x53e6b9,0xb207126c5118
0x456198,0x9bc379decd98
0x451950,0xd83c56a298f8
0x45eea7,0xd83c56a30f80
0x45ff7a,0xcd28e581e518
0x45ff7a,0x1f52a685ed48
0x4561ac,0x9bc379df1374
0x45ee80,0x665a07f6e810
0x412c87,0x9bc379df1e18
0x456171,0x9bc379df1c54
0x463e27,0x9bc379df2ea0
0x448b5a,0x9bc379df2ee8
0x451950,0x9bc379df5138
0x45ee80,0xd83c56a38fd0
0x45ff56,0xce13851065b0
0x449502,0x99d8269d9f84
0x44e194,0xd83c56a39108
0x40b657,0xca49da3eb540
0x463e27,0x9bc379df6770
0x4602cb,0xf5d9bd111c70
0x42ca41,0xd6932873c528
0x45ee80,0xd83c56a40d60
0x45ee80,0xd83c56a42750
0x45ff62,0x17fb35fc0d48
0x45ff56,0xce1385126390
0x412cce,0x9bc379dedfd1
0x45eeb8,0xd83c56a39fb0
0x559212,0x9bc379dfbf70
0x451950,0x665a07f6d7b8
0x449609,0xb3a8ecddc518
0x40b657,0xf5d9bd187200
0x558f9a,0x9bc379df3550
0x448b5a,0x665a07f709a8
0x46d773,0x4bde421bebf0
0x4602cb,0xb7ac7a9a0d60
0x46d633,0x71d0d5894f90
0x4495c3,0x7cb731a74fa0
0x463a96,0xaa79a92cb380
0x45eeb8,0xd83c56a509b0
0x4064e3,0xe470055f3d10
0x448b5d,0x17fb35fbebc0
0x449502,0xa040f2113d04
0x558f9a,0x9bc379e07c60
0x456269,0x9bc379e07ce4
0x451882,0x9bc379e08b98
0x451882,0xd83c56a54708
0x447a40,0x9bc379e05120
0x463e27,0x9bc379e05718
0x45ff7a,0xce1384fded4c
0x411913,0x9bc379e05a90
0x4602cb,0xa040f2056760
0x456171,0x9bc379e0cdb4
0x456198,0x9bc379e0d788
0x451950,0x9bc379e0b578
0x451882,0xd83c56a65ab8
0x45ee80,0xd83c56a67210
0x4602c7,0x9bc379e109b8
0x45eeb8,0x9bc379e0bcb0
0x45eeb8,0x665a07f731c0
0x45eea0,0xd83c56a6cda8
0x45ff56,0x7cb7319f2ef0
0x44952d,0xd79e62c098c8
0x45eeb8,0xd83c56a6dfd0
0x45ee80,0xd83c56a6d7a0
0x448b5a,0xaa79a92cc668
0x4495c3,0x11faa1766380
0x456198,0x9bc379e15268
0x460050,0x17fb35fc63a0
0x463e27,0x9bc379e19f80
0x451950,0xd83c56a7a4f8
0x412cc0,0x9bc379e1c528
0x45ff56,0xc8d283463a0
0x456198,0x9bc379e18fd8
0x448b5d,0x17fb35fc98e0
0x44e194,0xf4d6e3e23128
0x45fe42,0xbf7dd60408c0
0x46d633,0x32bd14b8bc80
0x558f9a,0x9bc379e16430
0x45ff62,0x17fb35fd8fc8
0x412c87,0x9bc379e23138
0x45ee89,0x1f52a6865120
0x4537e7,0xf4d6e3e31c7c
0x448b83,0x17fb35fcd780
0x460050,0x7ebb3c8a08e0
0x448b7a,0xf4d6e3e331e8
0x4602cb,0xf5d9bd0b8fc0
0x44959a,0xd79e62c1bd80
0x45ee80,0x665a07f7ebc0
0x45ff7a,0x17fb35fd9f9c
0x4602cb,0x5115330f5120
0x411a5c,0x9bc379e2cd88
0x44e194,0xf4d6e3e39fa8
0x45ee80,0x665a07f808d0
0x4537e7,0xf4d6e3e423ec
0x463e27,0x9bc379e32eb0
0x4495c3,0xd79e62c40980
0x448b5a,0x9bc379e32ef8
0x45ff56,0x17fb35fdbf70
0x448b7a,0xf4d6e3e463a8
0x448b5d,0x17fb35fd2ec0
0x45fdd7,0xcc2ca3818980
0x46d75a,0x9bc379e33570
0x44962d,0x6c5370331340
0x40b657,0x6c5370331380
0x451882,0x665a07f810f8
0x45fdff,0x17fb35fd2e8c
0x46d736,0x17fb35fd4f90
0x558f9a,0x9bc379e2b540
0x4495c3,0x1a04b576cda0
0x448b5a,0x9bc379e2bc88
0x456171,0x9bc379e36c34
0x45eea7,0xf4d6e3e53570
0x53e6b9,0xc8d281f1c58
0x44959d,0xfafbfaaec640
0x456269,0x9bc379e389b4
0x45ee80,0xf4d6e3e38fe0
0x45ee80,0xf4d6e3e54fb0
0x449680,0xff3c8d6209b0
0x4494de,0xcd28e5905700
0x456171,0x9bc379e3a4c4
0x45ee80,0xf4d6e3e5bf60
0x45ff7a,0xcd28e58fa4fc
0x456198,0x9bc379e40188
0x46d736,0xd79e62bac670
0x447a39,0x9bc379e409b0
0x45fdd7,0xf5d9bd053d00
0x53e6b9,0xbf7dd5f91e08
0x42ca41,0xa7d08ad4cd90
0x448b5d,0x17fb35fddc60
0x451882,0xb2006d3810c8
0x53e70f,0xe7c8f3a2770
0x456171,0x9bc379e46584
0x451950,0x665a07f865b8
0x448b5d,0x17fb35fdebe0
0x411804,0xa7d08ad7bf60
0x4561ac,0x9bc379e47284
0x44959a,0x5829a6ed6c08
0x449609,0x18291939ebd0
0x451882,0xb2006d381c68
0x46d633,0xedc51a919110
0x45ee80,0xb2006d38c1e0
0x456269,0x9bc379e3bf78
0x4064e3,0x1829193a5a90
0x456198,0x9bc379e50f88
0x45ee80,0xb2006d396750
0x4494de,0xf5d9bd0c6380
0x449502,0x1db2ec6d1e04
0x456198,0x9bc379e53568
0x46d736,0x7cb731a87c50
0x463e27,0x9bc379e53d00
0x45ff7e,0x17fb35fe639c
0x45ff56,0x8e9579035250
0x451882,0x9bc379e54fb8
0x45fdd7,0x11faa18611b0
0x463a8d,0x774a7ed21c78
0x45ff62,0x6c53703a2760
0x44e194,0x5f390abe6398
0x451882,0x5f390abe7cc8
0x45eeb8,0x5f390abe7c60
0x4537e7,0x5f390abecdac
0x4602e0,0x9bc379e5c510
0x44e194,0x665a07f8d7b8
0x448b5a,0x9bc379e601b8
0x44e194,0x4a3608ed5118
0x448b7a,0xcc723551e08
0x45ff62,0xd79e62bd3d20
0x456198,0x9bc379e66398
0x45eeb8,0x9bc379e67210
0x45ee80,0xa054a4221c50
0x448b83,0x17fb35fe98c0
0x45ff7e,0x17fb35fe510c
0x451882,0x9bc379e67c78
0x46d736,0x8e9579035130
0x4561ac,0x9bc379e611a4
0x448b7a,0xa054a42325e8
0x412c87,0x9bc379e61c48
0x4537e7,0xa054a423512c
0x463e27,0x9bc379e6cd80
0x456198,0x9bc379e6d798
0x4495c3,0x7cb731990f80
0x449680,0xfaef35a33d30
0x46d633,0x73fab7372e80
0x449502,0x73fab7372ec4
0x53e70f,0xcd28e5796c00
0x45ff89,0x17fb36008b80
0x412c87,0x9bc379e731e8
0x463aa3,0x9bc379e7527c
0x448b5a,0x9bc379e75118
0x448b5d,0xc8d28336740
0x449609,0xfaef35a60d78
0x449609,0x182919427298
0x448b5a,0x9bc379e78988
0x45eea0,0x51e4457608f8
0x448b5d,0x17fb35ff2e80
0x463e27,0x9bc379e76c30
0x44959a,0x1829194a2758
0x448b5a,0x9bc379e7bf68
0x451950,0x51e445765338
0x4602c7,0x9bc379e7e509
0x456198,0x9bc379e7ed68
0x45eeb8,0x9bc379e7c520
0x44e194,0x51e44575ebc8
0x45ee80,0x51e445765ab0
0x45eeb8,0x51e445767cd0
0x463a8d,0x17fb35ff8ff0
0x45ee89,0x1f52a6874730
0x45eea7,0x51e44576b3a0
0x4537e7,0x51e44576b54c
0x46d773,0x17fb35ffa4f0
0x463a8d,0x17fb35ffbf78
0x463aa3,0x9bc379e8274c
0x456269,0x9bc379e810d8
0x463a8d,0x7c53326f4730
0x53e6b9,0xd79e62b07228
0x4494f2,0xd79e62b07280
0x45ff7a,0xcd28e57b1c7c
0x558f9a,0x9bc379e847d0
0x451882,0x51e445774728
0x448b5d,0x9bc379ccb560
0x4602cb,0xf5d9bd007cc0
0x45ee80,0x51e44577bf60
0x53e70f,0xce1385086390
0x4602e0,0x9bc379e8d780
0x456269,0x9bc379e8dfe4
0x4518c8,0x9bc379e8c1f8
0x411557,0x9bc379e87a0c
0x4602cb,0xb7ac7a9cd7b0
0x53e70f,0xbf7dd6036c30
0x411804,0x71d5f3f50f80
0x46d633,0x932ec403ed50
0x45ee80,0x51e4457898d0
0x45ff4d,0x66598a7a10c8
0x45ff7a,0x17fb360063bc
0x4602cb,0xbcd57edf4fa0
0x44959a,0xa678649463a8
0x558f9a,0x9bc379e85700
0x45ff7e,0x17fb360072bc
0x46d736,0x17fb36001c70
0x457432,0x774a7ed75270
0x448b7a,0x51e445798fe8
0x4602e0,0x665a07f9ed40
0x456198,0x9bc379e8b568
0x463a8d,0x9bc379cccdb8
0x456171,0x9bc379e96c24
0x45eeb8,0x51e44579a4c0
0x46d633,0x41d09e9d9f80
0x448b5d,0xf775d31c5300
0x448b5a,0x9bc379e99fa8
0x4537e7,0x51e4457a571c
0x412cc0,0x9bc379e9c508
0x46d614,0x71d0d5a65100
0x45fdff,0xbcebf73d524c
0x45ff7e,0x17fb3600c1c8
0x45ff56,0x17fb3601e510
0x449502,0xb7ac7a996c04
0x451882,0x51e4457b0f88
0x448b7a,0x51e4457b1c58
0x412cc0,0x9bc379ea10c8
0x449502,0xbf7dd5feb544
0x45ee80,0x1f52a6879100
0x411557,0x9bc379ea23cc
0x4602cb,0xf5d9bcfc5310
0x45eea7,0x51e4457b8fd0
0x449609,0x557be2fd6778
0x559212,0x9bc379e98fe0
0x4602e0,0x9bc379ea5330
0x4561ac,0x9bc379ea5ab4
0x411557,0x9bc379ea7c4c
0x449609,0x66598a848ba8
0x456171,0x9bc379ea7a24
0x411913,0x9bc379ea7ce0
0x53e70f,0xcc2ca380b560
0x44959d,0x557be2fee810
0x448b7a,0x51e4457cd788
0x44959a,0xff3c8d621c68
0x45eeb8,0x51e4457d1e10
0x45eeb8,0x9bc379eae810
0x447a39,0x9bc379eb09b0
0x456198,0x9bc379eb1398
0x45ee80,0x51e4457d4fb0
0x45ee80,0x51e4457d89a0
0x46d75a,0x9bc379eb1e10
0x448b5a,0x9bc379eb1c58
0x448b83,0x17fb3600d780
0x411557,0x9bc379eb31cc
0x411804,0xd693287698d0
0x45ee80,0x51e4457ded60
0x45ff7a,0x1829193a5718
0x4537e7,0x51e4457e23cc
0x45fe42,0xcc2ca3805320
0x456269,0xe98d38e863b8
0x44e194,0xc8fba332b558
0x53e70f,0x11faa176bc90
0x463a96,0xfe2fc1f513a8
0x44959a,0xff3c8d627a28
0x451950,0x9bc379ec72b8
0x45ee89,0xe98d38e87c70
0x4494de,0x51a63c4e800
0x42ca41,0x2c2cbb5cc640
0x4518c8,0x51e4457edff8
0x45eeb8,0x51e4457f2e90
0x451882,0x51e4457f2ef8
0x4537e7,0x51e4457f3d2c
0x4602e0,0x9bc379ec0190
0x456198,0x9bc379ec08d8
0x456198,0x9bc379ec09b8
0x45eeb8,0x51e4457f1380
0x412cce,0x9bc379ec23d1
0x45eea7,0x51e4457fbf40
0x447a40,0x9bc379ec3120
0x4602cb,0xb7ac7a9f31c0
0x4495c3,0xff3c8d5bdc44
0x44952d,0xce13850edfc8
0x456269,0xe98d38e8c1c4
0x449609,0x878ddfa31e08
0x447a39,0x9bc379ec98f0
0x449609,0x878ddfa009b8
0x447a40,0xfefb7a6810c0
0x45eeb8,0xe609c7045a90
0x45ee80,0xf1720cb9bf40
0x53e62b,0xd9e9d66823e0
0x4561ac,0xfefb7a683134
0x46d736,0x9bc379d525f0
0x4602cb,0xce1384fba4c0
0x45eeb8,0xfefb7a6872a0
0x463aa3,0xe609c70410fc
0x412c87,0xe609c70411b8
0x451882,0x51e4458189b8
0x448b83,0x774a7ed623c0
0x45eeb8,0xfefb7a687a20
0x45ff7e,0x71d0d59b09bc
0x53e70f,0xd79e62c33550
0x4518c8,0xfefb7a687cf8
0x4494f2,0x71d0d59bdc40
0x44959a,0xca49da37ed58
0x4494f2,0xcc2ca37bed40
0x558f9a,0xe609c7045330
0x45eea7,0x51e44582b3a0
0x4537e7,0x51e44582b54c
0x46d633,0xca49da39ed40
0x4537e7,0x51e44582dfdc
0x412c87,0xe609c7047a18
0x4495c3,0x2c2cbb5adfe0
0x44959a,0x54c453227c58
0x4064e3,0x54c453227cd0
0x45eea7,0x51e4458389b0
0x451882,0x51e445836c18
0x4495c3,0xaff5007e8b84
0x559212,0xe609c7050f80
0x558f9a,0xe609c7051350
0x46d75a,0xe609c7051c50
0x456269,0xe609c70525e8
0x463aa3,0xe609c7052eec
0x449609,0xd79e62ae08e8
0x4064e3,0xd79e62ae0980
0x451882,0x51e44584dfc8
0x4602cb,0xb1739fbd0fa0
0x411804,0xaff5007f8990
0x456171,0xe609c7056764
0x4561ac,0xe609c7055114
0x558f9a,0xe609c7055250
0x448b5d,0x25ce5ceae800
0x45ff4d,0x8e9578f7c508
0x45ff7e,0x17fb36031c4c
0x4602e0,0xe609c705a4d0
0x451882,0xe609c7067ce8
0x411804,0xaff5007e7a20
0x45eeb8,0x51e44585bda0
0x411913,0xe609c705ebd0
0x46d75a,0xe609c7060d60
0x53e70f,0xcd28e58acd90
0x53e62b,0xb7ac7aa02740
0x447a40,0xe609c7065100
0x463e27,0xe609c7065720
0x46d773,0x17fb3602c650
0x53e6b9,0xbf7dd5facdb8
0x449680,0xb3a8ecd87c70
0x44959d,0xb3a8ecd87cc0
0x449502,0xd9e9d668c1c4
0x460050,0x17fb3602e838
0x44e194,0x51e445870998
0x4561ac,0xe609c70610d4
0x456269,0xe609c70611b8
0x45eeb8,0xe98d38e96430
0x412c87,0xe609c706cd98
0x4602cb,0x8876f2fc5330
0x45736c,0x9bc379cd31f8
0x4602e0,0xe609c7070fb0
0x53e70b,0x11faa17c65b8
0x45eea0,0x51e4458847f8
0x45eeb8,0xe609c7072e90
0x451882,0xe609c7072ef8
0x45eeb8,0x51e445887a20
0x53e6b9,0x4b3918c05318
0x448b5a,0xe609c7075248
0x447a40,0xe609c70731c0
0x44e194,0x51e4458898d8
0x53e6b9,0x28d7cf48c1d8
0x45ee80,0x51e445890f80
0x448b5d,0xa040f21810d0
0x45fd16,0xc5e52af698c0
0x447a40,0xe609c707bd90
0x463e27,0xe609c70713a0
0x456198,0xe609c7071e18
0x448b7a,0x51e44589dc78
0x46d743,0xcd28e57789b8
0x45ee80,0x51e4458a1c60
0x45eea7,0x51e4458a1180
0x412cce,0xe609c707dc51
0x456198,0xe609c707e528
0x45ff4d,0x66598a7810c8
0x45ee89,0x51e4458a63a0
0x558f9a,0xe609c70898c0
0x411a5c,0xe609c708b399
0x558f9a,0xe609c708bc90
0x46d614,0x9891309423c0
0x44e194,0x51e4458b1398
0x460050,0x17fb3603bf60
0x448b83,0x17fb3603bd80
0x45ff4d,0x66598a7a1188
0x45ff62,0x17fb360423c0
0x412c87,0xe609c7090f98
0x449609,0xcc2ca3850998
0x451882,0xe98d38ea1188
0x45ff7a,0xb1739fbd1e00
0x412c87,0xe609c7093578
0x44959d,0xcc2ca3854700
0x448b5d,0x17fb3603dc60
0x4495c3,0xcc2ca3860190
0x448b5d,0x17fb3603ebe0
0x449609,0x2c2cbb4698d8
0x40b657,0x71d5f3f0c1c0
0x448b5a,0x1f52a6887cc8
0x456269,0xe609c70a0988
0x411a5c,0xe609c70a23c8
0x45eeb8,0x5115330debe0
0x45eea7,0x51e4458d25e0
0x53e6b9,0xcc2ca37d0fa8
0x448b5d,0x17fb360411b0
0x4602cb,0xafd74f96e820
0x412cc0,0xe609c70a1c68
0x449502,0x412e73ce6384
0x558f9a,0xe609c70a65a0
0x4537e7,0x51e4458dc52c
0x411804,0x71d0d59f4f80
0x45ff7a,0x8e9579005718
0x559212,0xe609c70a8b80
0x45ff7a,0x2e448dbb138c
0x451882,0x51e4458e8bb8
0x448b7a,0x51e4458e98e8
0x448b5d,0x17fb360447f0
0x4518c8,0x51e4458ecdb8
0x46d75a,0xe609c70b0f90
0x449609,0xcc2ca3872ee8
0x4494ea,0x71d5f3ef8fc8
0x45eea0,0x51e4458f8fe8
0x45ee80,0x51e4458f9100
0x411804,0x46a8494a65b0
0x558f9a,0xe609c70b31f0
0x45ff62,0x2e448daba4c0
0x44e194,0x51e4458fbf68
0x451882,0x51e445905118
0x45fdfc,0x17fb3604bc8c
0x44959d,0xca49da3bc500
0x558f9a,0xe609c70bbdb0
0x44959d,0x7ebb3c8125c0
0x46d736,0x17fb3604cd90
0x53e70b,0x932ec4087a38
0x456269,0xe98d38eac678
0x45ee80,0x51e445911340
0x451882,0x51e4459125c8
0x45ee80,0x51e445913d30
0x44952d,0xff25d8219f88
0x456198,0xe609c70c47d8
0x45ff90,0x17fb3605bf40
0x46d773,0x17fb36050980
0x456198,0xe609c70c7cd8
0x448b5a,0xe609c70c72a8
0x45ff62,0x17fb36059fb0
0x456331,0xe609c70c5100
0x412c87,0xe609c70c5aa8
0x449680,0xe470055e7cf0
0x45fe42,0x7cb731aa11a0
0x45ee80,0x1f52a688b380
0x46d736,0x17fb360531e0
0x4495c3,0xd9e9d66008d0
0x45eea0,0x7ebb3c8131f8
0x46d736,0xcd28e58309a0
0x447a39,0xe609c70ce830
0x45736c,0x17fb36054fb8
0x449609,0x28d7cf4d1c48
0x456269,0xe98d38eb25c8
0x451882,0xe98d38eb0988
0x44e194,0x51e445931e28
0x45ff7a,0x9895a7cfdc4c
0x4561ac,0xe609c70d6404
0x463e27,0xe609c70d6c20
0x451882,0x51e445941c58
0x45ff56,0x17fb36061c40
0x44959d,0xb381a4dfd0
