0,1,2,3,4
C1=NO[C@H]([C@H]2[C@H]([C@H]([C@H]([C@H]([C@H]([C@H]([C@H]([C@H]([C@H]([C@H]([C@H]([C@H]([C@H]([C,C1=Oc2c(Nc3ccc(cc3)C(C(=O)Nc4ccc(cc4)C(C(=O)Nc5c1ccc(cc5)C(C(=O)Nc6c1ccc(cc6)C(C(=O)Nc7c1ccc(cc7)C(C(=O)Nc8c1ccc(cc,C1=NC(=O)C(C(N(C(C(C(C(C(C(C(C(C(C(C(C(C(C(C(C(C(C(C(C(C(C(C(C(C(C(C(C(C(C(C(C(C(C(C(C(C(C(C(C(C(C(C(C(C(C(C(C(C(C(C(C(C(C(C(C(C(C(C(C(C(C(C(C(C(C(C(C(C(C,C1=O(NC/C=C/C1Oc1c2c(NCCO)c3c(NCCO)cnc23[C@H](O)[C@H]1O)c1cc(cc2ccc(F)cc2)c1c1ccc(O)c1O,C1=NC(C(C(C(=O)N2C(C(C(C(=O)N3C(C(C(C(=O)N4C(C(C(C(=O)N5C(C(C(C(=O)N6C(C(C(C(=O)N7C(C(C(C(=O)N8C(C(C(C(=O)N9C(C(C(C(=
C1=NC(C(C1=O)C(C(C(C(C(C(C(C(C(C(C(C(C(C(C(C(C(C(C(C(C(C(C(C(C(C(C(C(C(C(C(C(C(C(C(C(C(C(C(C(C(C(C(C(C(C(C(C(C(C(C(C(C(C(C(C(C(C(C(C(C(C(C(C(C(C(C(C(C(C,C1=O[N]C/C=C/C1O[C]2[C]3[C]4[C]5[C]6[N]C[C]7[C]8[C]9[C]10[C]11[C]12[C]13[C]14[C]15[C]16[C]17[C]18[C]19[C]20[C]21[C]22[C],C1=NC(C(C(C(C(C1=O)Nc2ccccc2)C3=CC=CC=C3)C4=CC=CC=C4)C5=CC=CC=C5)C6=CC=CC=C6C7=C8N(C(C(C(N(C(C(C8)C)C)C)C)C)C,C1=NO[C@H]([C@@H]1O)c1ccc(cc1)C(=O)Nc1ccc(cc1)C(=O)Nc1ccc(cc1)C(=O)Nc1ccc(cc1)C(=O)Nc1ccc(cc1)C(=O)Nc1ccc(cc1)C(=O),O=C(NC/C=C/[C@H]1O[C@@H](n2cnc3c(NCCO)ncnc32)[C@H](O)[C@@H]1O)c1cc(-c2ccc(F)cc2)cc(O)c1O
C1=Oc2ccc(cc2)Nc3ccc(cc3)C(=O)N4C(=O)N(C5CC(=O)N5)c6ccc(cc6)C(=O)N7C(=O)N(C8CC(=O)N8)c9ccc(cc9)C(=O)N1C(=O)Nc1,CC(=O)NCC/C=C/C1O[C@H](O)C2C3=C(NCCO)C(=O)N(C3=C2)[C@H]1OC1c1cc(ccc1O)C2=CC=CC(F)=C2C1=CC=CC(=O)O1,C1=O[NH]C[C@]12[C@H]1O[C@]2[C@H]3[C@H]2Nc4c(NCCO)c5c4Nc6c(NCCO)c7c5Nc(NCCO)c3c(NCCO)c8c7Nc(NCCO)c6O[C@H,C1=NOCC1CN1C=CC2=C(C(=O)N(C(C(C(C(C(C(C1O)O)O)O)O)O)C2=O)C3=NC4=C(N)N=CC(=O)N4C(=O)N3)C5=CC=CC=C5F)C6=CC,C1=NC(C(C(=O)N1C(=C/C1O[C@H](C2=C(NCCO)N=CC3=C2N=CC(NCCO)=C3)C(O)C1O)C1=CC=CC=C1)C1=CC=CC=C1)C1=CC=C(C=C1)C1
C1=O[NCC/C=C/C1[C@H]1O[C@@H](n2cnc3c(NCCO)ncnc32)[C@H](O)[C@@H]1O)c1cc(-c2ccc(F)cc2)cc(O)c1O,C1=O[NH]C[C@]12[C@H]1[C@H]1O[C@]12[C@H]1[C@H]1O[C@H]1[C@H]1O[C@]12[C@H]1[C@H]1O[C@H]1[C@H]1O[C@]12[C,C1=NO[C@H]([C@H]1O[C@H]2c3c(NCCO)n([C@H]3c4c(NCCO)n([C@H]4c5c(NCCO)n([C@H]5c6c(NCCO)n([C@H]6c7c(NCCO)n([,C1=NO[C@]2(C(C(C3=O)C(C(NC1=O)C(C(C4=C(C(C(C(C5=C(C(C(C(C(C(C(C(C(C(C(C(C(C(C(C(C(C(C(C(C(C(C(C(C(C(C(C(C(C(C(C(C(C(C(C(C(C(C(C(C(C(C(C(C(C(C,C1=O[NH]C/C=C/C1[C@H]1O[C@@H]2C3=C(NCCO)C4=C(NCCO)C(NCCO)C3=C2[C@H](O)[C@@H]1O)C1=CC=CC=C1C1=CC=CC=C1C1=CO1
C1=NC(C(C(C(=O)N1)C2=C/C[C@H]1O[C@@H](N2C3=C4C=CC(=C(C=C4)C(C(C(C3)O)O)F)C1=O)C1=CC=C(C=C2)C(O)=C1)C1=CC=C(C,C1=NO[C@H](C(C(=O)NCC1=CC=CC1=O)C1OC2=C(C(NC1=O)C3=C(C(NC3=O)C4=C(C(NC4=O)C5=C(C(NC5=O)C6=C(C(NC6=O)C7=C(C,C1=NC(C(C(C(=O)N1)C2=C/C=C/C3=C4C(N(C)C5=C6C(N(C)C(=O)N5C(=O)N4C(=O)N3)C(=O)N2)C(=O)N6)C(=O)N4C(=O)N3),C1=NO[C@H]([C@H]2O[C@@H]([C@H]3Nc4cnc(NCCO)n3c2)O[C@H]([C@H]1O)c1cc(ccc1O)c2ccc(cc2)F)c1ccccc1O,C1=Oc2c3c(NCCO)ncnc3c2Nc1c3ccc(cc3)c4ccc(cc4)C5Oc6c7c(NC(=O)N7)c8ccc(cc8)C9Oc1c2c(O)c3c(O)C4C(C(C(C(C4)C)C)
C1=Oc2cc(Nc3c(N(Cc4ccccc4)C(=C)C)nc3N)ccc2C(C(=O)O)C1(C(=O)O)c1ccc(cc1)C(=O)Oc1ccc(cc1)C(=O)O,CC(=O)NCC/C=C/C1O[C@H](O)[C@H]1O[C@H]1O[C@H]1O[C@H]1O[C@H]1O[C@H]1O[C@H]1O[C@H]1O[C@H]1O[C@H]1O[C@H,C1=O[NH]C/C=C/C1O[C]1C2C3C(NCCO)N(C4C5C(NCCO)N(C6C7C(NCCO)N(C8C9C(NCCO)N(C10C11C(NCCO)N(C12C13C(NCCO)N(C14C15,C1=NC(C(C(C1=O)C(=O)Nc2ccc(cc2)C(F)C3=CC=CC=C3)C4=C(N(C(C4=O)C(=O)Nc5ccc(cc5)C6=CC=CC=C6)C7=C(N(C(C7=O)C(=O)Nc,C1=O[NH]C/C=C/C1[C@H]1O[C@@H](n2cnc3c(NCCO)nnc32)[C@H](O)[C@@H]1O)c1cc(-c2ccc(F)cc2)cc(O)c1O
C1=NC(=O)Nc2ccc(cc2)C(=O)Nc3ccc(cc3)C(=O)Nc4ccc(cc4)C(=O)Nc5ccc(cc5)C(=O)Nc6ccc(cc6)C(=O)Nc7ccc(cc7)C(=O)Nc8ccc(cc8),C1=NO[C@@H](NCC1=CC=CC2=C(C(=O)N3C=CC(=O)N(C(C(C3)O)C4=C5C(=O)N(C(C(C(C5=C4)O)C)C)C6=C7C(=O)N(C(C(C(C7=C6)O)C,C1=NC/C=C/[C@H]1O[C@@H](n2cnc3c(NCCO)ncnc32)[C@H](O)[C@@H]1Oc1ccc(cc1)c2ccc(cc2)Fc1ccc(cc1)OC1=O,C1=NC(C(C(C(C1=O)C(C(C(C(C(C(C(C(C(C(C(C(C(C(C(C(C(C(C(C(C(C(C(C(C(C(C(C(C(C(C(C(C(C(C(C(C(C(C(C(C(C(C(C(C(C(C(C(C(C(C(C(C(C(C(C(C(C(C(C(C(C(C(C(C(C(C(C,C1=NO[C]([C@H]1[C@H]([C@H]1O[C@H]([C@H]1O[C@H]([C@H]1O[C@H]1)C1=O)[C@H]1O[C@H]1C1=O)[C@H]1O[C@
C1=NO[C@H]([C@H]1O[C@@H](n2cnc3c(NCCO)ncnc32)[C@H](O)[C@@H]1O)c1cc(-c2ccc(F)cc2)cc(O)c1O,C1=NC(C(C(C(C(C(C(C(C(C(C(C(C(C(C(C(C(C(C(C(C(C(C(C(C(C(C(C(C(C(C(C(C(C(C(C(C(C(C(C(C(C(C(C(C(C(C(C(C(C(C(C(C(C(C(C(C(C(C(C(C(C(C(C(C(C(C(C(C(C(C(C(C(C(C(C(C,C1=NO[C@H](O[C@@H]1O)c1ccc(cc1)C(=O)Nc1ccc(cc1)C(=O)Nc1ccc(cc1)C(=O)N1[C@H](O[C@H]1O)c1ccc(cc1)C(=O)Nc1ccc(cc1)C(=O,C1=O[NH]C/C=C/C1[C@H]1O[C@@H]2C3=C(NCCO)Nc4c(NCCO)Nc3n2[C@H]1O[C@H]1Oc1cc(cc(c1C)C(F)C(F))C1OC1O,C1=NC(C(C(C(C(C(C(C(C(C(C(C(C(C(C(C(C(C(C(C(C(C(C(C(C(C(C(C(C(C(C(C(C(C(C(C(C(C(C(C(C(C(C(C(C(C(C(C(C(C(C(C(C(C(C(C(C(C(C(C(C(C(C(C(C(C(C(C(C(C(C(C(C(C(C(C(C
C1CC(=O)NCC/C=C/C1OC1C2C(NCCO)N3C(=O)N(C(C(=O)N3)C4=C(C=C(C=C4)C)C5=C(C=C(C=C5)C)C)C1OC(C(C(=O)N1)C6=C(C=C(C=C6),C1=NC(C(C(C(C(C(C(C(C(C(C(C(C(C(C(C(C(C(C(C(C(C(C(C(C(C(C(C(C(C(C(C(C(C(C(C(C(C(C(C(C(C(C(C(C(C(C(C(C(C(C(C(C(C(C(C(C(C(C(C(C(C(C(C(C(C(C(C(C(C(C(C(C(C(C(C(C,C1=NO[C@@H]([C@H]1O[C@H](n2cnc3c(NCCO)ncnc32)[C@H](O)[C@@H]1O)c1cc(-c2ccc(F)cc2)cc(O)c1O,C1=O[NH]C/C=C/[C@H]1O[C@@H](n2cnc3c(NCCO)ncnc32)[C@H](O)[C@@H]1O)c1cc(-c2ccc(F)cc2)cc(O)c1O,C1=Oc2c(ccc2Nc3c(Nc4ccc(cc4)O)nc1C(=O)Nc1ccc(cc1)C(=O)Nc1ccc(cc1)C(=O)Nc1ccc(cc1)C(=O)Nc1ccc(cc1)C(=O)Nc1ccc(cc1)
C1=NC(=O)N(C(C(C(C1=O)C2=CC(=O)N3C(C(C(C3)O)O)C4=C(C(=O)N(C(C(C(C4)O)O)O)C5=C(C(=O)N(C(C(C(C5)O)O)O)C6=C(C(=,C1=O[NH]C/C=C/C1[C@H]1O[C@@H](n2cnc3c(NCCO)nccn32)[C@H](O)[C@@H]1O)c1cc(-c2ccc(F)cc2)cc(O)c1O,C1=O[NH]C/C=C/[CH]1O[C]2C3=C(NCCO)C4=C(NCCO)C4=C3C2[C]1O[C]1C2=C(C=C(C=C2)C3=C(C=C(C=C3)C4=C(C=C(C=C4)C5=C(C=C(C=C5,C1=NC(C(C(=O)N1)C(=O)N2C3C=CC(=O)N(C(C(=O)N3)C(=O)N2)C4=C(C=C(C=C4)C5=C(C(=O)N(C(C(=O)N5)C(=O)N2)C(=O)N3,C1=NC(C(C(C(C(C(C(C(C(C(C(C(C(C(C(C(C(C(C(C(C(C(C(C(C(C(C(C(C(C(C(C(C(C(C(C(C(C(C(C(C(C(C(C(C(C(C(C(C(C(C(C(C(C(C(C(C(C(C(C(C(C(C(C(C(C(C(C(C(C(C(C(C(C(C(C(C
O=C(NC/C=C/[CH]1O[C@H](n2cnc3c(NCCO)ncnc32)[C@H](O)[C@H]1O)c1cc(-c2ccc(F)cc2)cc(O)c1O,C1CCC(=O)C2CC1CC(C(=O)C1CC2)C1(C)C(=O)CC2CC1,C1=Oc2ccc(cc2)Nc3c(ccc3Nc4ccc(cc4)C(=O)Nc5c(ccc5O)Nc6c(ccc6O)C(=O)Nc7ccc(cc7)O)C(=O)Nc8ccc(cc8)C(=O)Nc9ccc(cc9,C1=NC(=O)N(C(C(C(C(C1O)O)O)O)C1=CC=CC=C1)C1=CC=CC=C1C1=CC=CC=C1C1=CC=C(C=C1)C1=CC=CC=C1F1=CC=CC=C1C1=CC=CC=C1,C1CCC(=O)C2CC(C)C(=O)CC1CC2
C1=O.NC/C=C/C1Oc2cnc3c(NCCO)nncn32C1(O)C(C(O)C1O)c1cc(ccc1C(F)C(F)c2ccccc2)c1OC1O,C1=NC(C(C(C2=CC=CC=C2)C3=CC=CC=C3)C4=CC=CC=C4)C5=C1N(C6=C5C(=O)N(C7=C6C(=O)N(C8=C7C(=O)N1C(=O)N(C9=C1C(=O)N,C1=NC/C=C/[C@H]1O[C@H](n2cnc3c(NCCO)nncn32)[C@H](O)[C@H]1O)c1cc(-c2ccc(F)cc2)cc(O)c1O,O=C(NC/C=C/C1OC2C3C(NC4C(C(N(C(C(C(C(C(C(C(C(C(C(C(C(C(C(C(C(C(C(C(C(C(C(C(C(C(C(C(C(C(C(C(C(C(C(C(C(C(C(C(C(C(C(C(C(C(C(C(C(C(C(C(C(C(C(C(C(C(C(C(C(C,C1=O[C@H]2[C@H]3[C@H]4[C@H]5[C@H]6[C@H]7[C@H]8[C@H]9[C@H]1O[C@H]1[C@H]2[C@H]3[C@H]4[C@H]5[C@H]6
C1=NC(C(C(C(C(=O)N(C(C(C(=O)N(C(C(C(=O)N1)C)C)C)C)C)C)C)C)C)C)C)C1c2ccc(cc2)F)c3ccc(cc3)C(O)C4=C5C(=O)N(C(C(C,C1=NC(C(C(C(=O)N1)C1=CC=CC=C1)C1=C(C(C(=O)N1)C1=CC=CC=C1)C1=C(C(C(=O)N1)C1=CC=CC=C1)C1=C(C(C(=O)N1)C1=CC=CC=C,O=C(NC/C=C/C1O[C@H](N2C3C(NCCO)C(NCCO)C3=C2)[C@H]1O)c1cc(C2=CC=CC(F)=C2)cc(O)c1O,C1=NC(C(C(C(C(C(C1O)O)O)O)O)C1=CC=C(C=C1)C(C(C(C(C(C(C(C(C(C(C(C(C(C(C(C(C(C(C(C(C(C(C(C(C(C(C(C(C(C(C(C(C(C(C(C(C(C(C(C(C(C(C(C(C(C(C(C(C(C,C1=NC/C=C/C1O[C@H]1C2=C(NC3=C(C(=O)N(C(C)C)C2=C(C(=O)N(C(C)C)C3)C1)C1=CC=C(C=C1)F)C1=C(C=O)O[C@H]1C2=C(NC3
CC(=O)NCC/C=C/[CH]1O[C@H](n2cnc3c(NCCO)ncnc32)[CH](O)[CH]1Oc1c(cc2c(F)c(cc2)c1)c1c(O)c(O)c1,C1=NC(C(C(C(C(C1=O)Nc2c(ccc3c2Nc4ccc(cc4)C3=O)C(=O)Nc5ccc(cc5)C)C(=O)Nc6ccc(cc6)C)C(=O)Nc7ccc(cc7)C)C(=O)Nc8,C1=Oc2ccccc2Nc3c(NCCO)n4c1ncnc4n3[C@H]1C[C@@H]2O[C@H](C3=C(C(=O)Nc4c(NCCO)n5c1ncnc5n4)C=C(C(C(=O)Nc6c(NCCO)n,C1=NO[C@@H]([C@H]1O[C@@H]2[C@H](N3C=NC4=C5C=NC(NCCO)N5C4=C3)[C@H]2O)C1=Oc1ccc(cc1)c2ccc(F)c2)c1ccccc1O,C1=NO[C@H](NCC1=C(C2=CC=CC(F)=C2)C(=O)O)C1(O)C2(C3=C(C4=C(C5=C(C(=O)N(C(C(C(C(C(C(C(C(C(C(C(C(C(C(C(C(C(C(C(C(C(C(C(C(C(C(C(C(C(C(C
C1=NO[C@H](NCC/C=C/[C@H]1O[C@H](n2cnc3c(NCCO)ncnc32)[C@H](O)[C@H]1O)c1cc(-c2ccc(F)cc2)cc(O)c1O,C1CC(=O)N(C(C(C1=O)C1C(C(C(=O)N1C=CC2=CC=CC2)C1C(=O)N(C1C(C(C(=O)N1C=CC2=CC=CC2)C1C(=O)N(C1C(C(C(=O)N1C=,C1=NC(C(C(C(C(C(C(C1=O)C2=CC=CC=C2)C3=CC(=O)N(C(C(C(C(C3=O)C4=CC=CC=C4)C5=CC=CC=C5)O)C6=CC=CC=C6)C7=C1C(=O)N(C,C1CC1,C1=NC(C(C(C(C1=O)C2=CC=CC=C2)C3=CC=CC=C3)C4=CC(=O)N(C(C(C(C4=O)C5=CC=CC=C5)C6=CC=CC=C6)C7=CC=CC=C7)C8=CC(=O)
C1=NO[C@H]([C@H]1O)C1=NC(=O)N1C=CC(=O)N1C=CC(=O)N1C=CC(=O)N1C=CC(=O)N1C=CC(=O)N1C=CC(=O)N1C=CC(=O)N,C1=NC(C(C(C1=O)C(C2=C(C(C(C2=O)C1=O)C(C(C1=O)C(C(C1=O)C(C(C1=O)C(C(C1=O)C(C(C1=O)C(C(C1=O)C(C(C1=O)C(C(C1,C1=NC(C(C(C(=O)N1)C(C1=CC=CC=C1)C1(C(C(C(=O)N1)C(C1=CC=CC=C1)C1(C(C(C(=O)N1)C(C1=CC=CC=C1)C1(C(C(C(=O)N1)C(C1=,C1=NC(C(C(C(C2=O)N(C(C(C(C3=O)N(C(C(C(C4=O)N(C(C(C(C5=O)N(C(C(C(C6=O)N(C(C(C(C7=O)N(C(C(C(C8=O)N(C(C(C(C9=O)N(C(C(C(C,C1=O[NH]C/C=C/[C@H]1O[C@@H](n2cnc3c(NCCO)ncc2n3c2ccc(F)cc2)C1(O)C(C)C(O)C1=Oc1cc(ccc1)Oc1ccccc1OC1=O
C1=NC(=O)C=Cn1c(=O)ccn1C(=O)C=Cn1c(=O)ccn1C(=O)C=Cn1c(=O)ccn1C(=O)C=CN1C(=O)N=C1C1=NC(=O)C=C1O,CC(=O)N=C1C(=O)C=CC1=CC1=C(C(=O)C=CC1=CC1=C(C(=O)C=CC1=C(C(=O)C=CC1=C1)C(=O)N=C1C(=O)N1)C(=O)N=C1C(=O)N1)C,C1=CC(=O)N1C(=O)C=C1N1C(=O)C=C1N1C(=O)C=C1N1C(=O)C=C1N1C(=O)C=CN1C(=O)N=C1C1=CC(=O)N1C(=O)C=C1N1C(=,C1=NC(=O)C=Cn1c(=O)ccn1C(=O)C=Cn1c(=O)ccn1C(=O)C=Cn1c(=O)ccn1C(=O)C=CN1C(=O)N=C1[C@@H]1ON=C[C@@H]1O,C1=NC(=O)C=Cn1c(=O)ccn1C(=O)C=Cn1c(=O)ccn1C(=O)C=Cn1c(=O)ccn1C(=O)C=CN1C(=O)N=C1[C@@H]1ON=C[C@@H]1O
C1=O/N(C/C=C/C1O[C]2[C]3[C]4[N]5[C]6[C]7[N]8[C]9[C]10[N]11[C]12[C]13[N]14[C]15[C]16[N]17[C]18[C]19[N]20[C]21[C]22[N]23[C]24,C1=O(NC/C=C/C1OC1/C2C1c3c(NCCO)c(NCCO)n3c2C1(O)C1(O)C1c2ccccc2C1OC1C1c2ccc(F)cc2C1OC1O,C1=NO[C@H]([C@H]2[C@H]([C@H]([C@H]([C@H]([C@H]([C@H]([C@H]([C@H]([C@H]([C@H]([C@H]([C@H]([C@H]([C,C1=NC(C(=O)Nc2ccc(cc2)C(=O)O)c1(C)C(=O)Nc1ccc(cc1)C(=O)Nc1ccc(cc1)C(=O)Nc1ccc(cc1)C(=O)Nc1ccc(cc1)C(=O)Nc1ccc(cc1)C,C1=O[NH]C(C=C/C=C1/C1OC2C(NC1=NC3=C(NCCO)N=C3C2=O)[C@H](O)[C@H]1O)c1ccc(cc1)cc2ccc(F)c2OC1=CO
C1=CC(=O)N=C1C1=CC(=O)N=C1C1=CC(=O)N=C1C1=CC(=O)N=C1C1=CC(=O)N=C1C1=CC(=O)N=C1C1=CC(=O)N=C1C1=CC(=O)N,CC(=O)N=C1C(=O)C1=CC(=O)C1=CC(=O)C1=CC(=O)C1=C[N]1C(=O)C1=CC(=O)C1=CC(=O)C1=C[N]1C(=O)C1=C[N]1C(=O)C1=CC,C1=NC(=O)C=Cn1c(=O)ccn1C(=O)C=Cn1c(=O)ccn1C(=O)C=Cn1c(=O)ccn1C(=O)C=CN1C(=O)N=C1[C@H]1ON=C[C@H]1O,CC(=O)N=C1C(=O)C(=O)N1C(=O)C(=O)N1C(=O)C(=O)N1C(=O)C(=O)N1C(=O)C(=O)N1C(=O)N1C(=O)C1=CN=C1O,C1=NC(=O)C=Cn1c(=O)ccn1C(=O)C=Cn1c(=O)ccn1C(=O)C=Cn1c(=O)ccn1C(=O)C=CN1C(=O)N=C1[C@H]1ON=C[C@H]1O
C1=NC(=O)C=Cn1c(=O)ccn1C(=O)C=Cn1c(=O)ccn1C(=O)C=Cn1c(=O)ccn1C(=O)C=CN1C(=O)N=C1C1=NC(=O)C=Cn1c(=O)ccn,C1=CC(=O)N1C=CC(=O)N1C=CC(=O)N1C=CC(=O)N1C=CC(=O)N1C=CC(=O)N1C=CC(=O)N1C(=O)N1C(=O)N1C(=O)N1C(=O)N,C1=NC(=O)C=Cn1c(=O)ccn1C(=O)C=Cn1c(=O)ccn1C(=O)C=Cn1c(=O)ccn1C(=O)C=CN1C(=O)N=C1C(=O)N1C(=O)N1C(=O)N,CC(=O)N=C1C(=O)C=CC1=CN1C(=O)C=CC1=CN1C(=O)C=CC1=CN1C(=O)C=CC1=CN1C(=O)C=CC1=CN1C(=O)C=C1N,CC(=O)N1C(=O)C=Cn1c(=O)ccn1C(=O)C=Cn1c(=O)ccn1C(=O)C=Cn1c(=O)ccn1C(=O)C=CN1C(=O)N=C1C1[C@H](C(=O)O)N=C
CC(=O)N=C1C(=O)C=CC1=CN1C(=O)C=CC1=CN1C(=O)C=CC1=CN1C(=O)C=CC1=CN1C(=O)C=C1N,CC(=O)N=C1C(=O)C=CC1=CN1C(=O)C=CC1=CN1C(=O)C=CC1=CN1C(=O)C=CC1=CN1C(=O)C=CC1=CN1C(=O)C=C1N,CC(=O)N=C1C(=O)C=CC1=CN1C(=O)C=CC1=CN1C(=O)C=CC1=CN1C(=O)C=CC1=CN1C(=O)C=CC1=CN1C(=O)C=C1N,CC(=O)N=C1C(=O)C=CC1=CN1C(=O)C=CC1=CN1C(=O)C=CC1=CN1C(=O)C=CC1=CN1C(=O)C=C1N,CC(=O)N=C1C(=O)C=CC1=CN1C(=O)C=CC1=CN1C(=O)C=CC1=CN1C(=O)C=CC1=CN1C(=O)C=C1N
CC(=O)N=C1C(=O)C=CC1=CN1C(=O)C=CC1=CN1C(=O)C=CC1=CN1C(=O)C=CC1=CN1C(=O)C=CC1=CN1C(=O)C=C1N,CC(=O)N=C1C(=O)C=CC1=CN1C(=O)C=CC1=CN1C(=O)C=CC1=CN1C(=O)C=CC1=CN1C(=O)C=CC1=CN1C(=O)C=C1N,CC(=O)N=C1C(=O)C=CC1=CN1C(=O)C=CC1=CN1C(=O)C=CC1=CN1C(=O)C=CC1=CN1C(=O)C=C1N,CC(=O)N=C1C(=O)C=CC1=CN1C(=O)C=CC1=CN1C(=O)C=CC1=CN1C(=O)C=CC1=CN1C(=O)C=CC1=CN1C(=O)C=C1N,CC(=O)N=C1C(=O)C=CC1=CN1C(=O)C=CC1=CN1C(=O)C=CC1=CN1C(=O)C=CC1=CN1C(=O)C=C1N
CC(=O)N=C1C(=O)C=CC1=CN1C(=O)C=CC1=CN1C(=O)C=CC1=CN1C(=O)C=CC1=CN1C(=O)C=CC1=CN1C(=O)C=C1N,CC(=O)N=C1C(=O)C=CC1=CN1C(=O)C=CC1=CN1C(=O)C=CC1=CN1C(=O)C=CC1=CN1C(=O)C=CC1=CN1C(=O)C=C1N,CC(=O)N=C1C(=O)C=CC1=CN1C(=O)C=CC1=CN1C(=O)C=CC1=CN1C(=O)C=CC1=CN1C(=O)C=CC1=CN1C(=O)C=C1N,CC(=O)N=C1C(=O)C=CC1=CN1C(=O)C=CC1=CN1C(=O)C=CC1=CN1C(=O)C=CC1=CN1C(=O)C=CC1=CN1C(=O)C=C1N,CC(=O)N=C1C(=O)C=CC1=CN1C(=O)C=CC1=CN1C(=O)C=CC1=CN1C(=O)C=CC1=CN1C(=O)C=C1N
CC(=O)N=C1C(=O)C=CC1=CN1C(=O)C=CC1=CN1C(=O)C=CC1=CN1C(=O)C=CC1=CN1C(=O)C=C1N,CC(=O)N=C1C(=O)C=CC1=CN1C(=O)C=CC1=CN1C(=O)C=CC1=CN1C(=O)C=CC1=CN1C(=O)C=C1N,CC(=O)N=C1C(=O)C=CC1=CN1C(=O)C=CC1=CN1C(=O)C=CC1=CN1C(=O)C=CC1=CN1C(=O)C=CC1=CN1C(=O)C=C1N,CC(=O)N=C1C(=O)C=CC1=CN1C(=O)C=CC1=CN1C(=O)C=CC1=CN1C(=O)C=CC1=CN1C(=O)C=C1N,CC(=O)N=C1C(=O)C=CC1=CN1C(=O)C=CC1=CN1C(=O)C=CC1=CN1C(=O)C=CC1=CN1C(=O)C=CC1=CN1C(=O)C=C1N
CC(=O)N=C1C(=O)C=CC1=CN1C(=O)C=CC1=CN1C(=O)C=CC1=CN1C(=O)C=CC1=CN1C(=O)C=CC1=CN1C(=O)C=C1N,CC(=O)N=C1C(=O)C=CC1=CN1C(=O)C=CC1=CN1C(=O)C=CC1=CN1C(=O)C=CC1=CN1C(=O)C=CC1=CN1C(=O)C=C1N,CC(=O)N=C1C(=O)C=CC1=CN1C(=O)C=CC1=CN1C(=O)C=CC1=CN1C(=O)C=CC1=CN1C(=O)C=C1N,CC(=O)N=C1C(=O)C=CC1=CN1C(=O)C=CC1=CN1C(=O)C=CC1=CN1C(=O)C=CC1=CN1C(=O)C=CC1=CN1C(=O)C=C1N,CC(=O)N=C1C(=O)C=CC1=CN1C(=O)C=CC1=CN1C(=O)C=CC1=CN1C(=O)C=CC1=CN1C(=O)C=CC1=CN1C(=O)C=C1N
CC(=O)N=C1C(=O)C=CC1=CN1C(=O)C=CC1=CN1C(=O)C=CC1=CN1C(=O)C=CC1=CN1C(=O)C=C1N,CC(=O)N=C1C(=O)C=CC1=CN1C(=O)C=CC1=CN1C(=O)C=CC1=CN1C(=O)C=CC1=CN1C(=O)C=C1N,CC(=O)N=C1C(=O)C=CC1=CN1C(=O)C=CC1=CN1C(=O)C=CC1=CN1C(=O)C=CC1=CN1C(=O)C=CC1=CN1C(=O)C=C1N,CC(=O)N=C1C(=O)C=CC1=CN1C(=O)C=CC1=CN1C(=O)C=CC1=CN1C(=O)C=CC1=CN1C(=O)C=CC1=CN1C(=O)C=C1N,CC(=O)N=C1C(=O)C=CC1=CN1C(=O)C=CC1=CN1C(=O)C=CC1=CN1C(=O)C=CC1=CN1C(=O)C=CC1=CN1C(=O)C=C1N
CC(=O)N=C1C(=O)C=CC1=CN1C(=O)C=CC1=CN1C(=O)C=CC1=CN1C(=O)C=CC1=CN1C(=O)C=C1N,CC(=O)N=C1C(=O)C=CC1=CN1C(=O)C=CC1=CN1C(=O)C=CC1=CN1C(=O)C=CC1=CN1C(=O)C=CC1=CN1C(=O)C=C1N,CC(=O)N=C1C(=O)C=CC1=CN1C(=O)C=CC1=CN1C(=O)C=CC1=CN1C(=O)C=CC1=CN1C(=O)C=CC1=CN1C(=O)C=C1N,CC(=O)N=C1C(=O)C=CC1=CN1C(=O)C=CC1=CN1C(=O)C=CC1=CN1C(=O)C=CC1=CN1C(=O)C=C1N,CC(=O)N=C1C(=O)C=CC1=CN1C(=O)C=CC1=CN1C(=O)C=CC1=CN1C(=O)C=CC1=CN1C(=O)C=CC1=CN1C(=O)C=C1N
CC(=O)N=C1C(=O)C=CC1=CN1C(=O)C=CC1=CN1C(=O)C=CC1=CN1C(=O)C=CC1=CN1C(=O)C=CC1=CN1C(=O)C=C1N,CC(=O)N=C1C(=O)C=CC1=CN1C(=O)C=CC1=CN1C(=O)C=CC1=CN1C(=O)C=CC1=CN1C(=O)C=C1N,CC(=O)N=C1C(=O)C=CC1=CN1C(=O)C=CC1=CN1C(=O)C=CC1=CN1C(=O)C=CC1=CN1C(=O)C=CC1=CN1C(=O)C=C1N,CC(=O)N=C1C(=O)C=CC1=CN1C(=O)C=CC1=CN1C(=O)C=CC1=CN1C(=O)C=CC1=CN1C(=O)C=C1N,CC(=O)N=C1C(=O)C=CC1=CN1C(=O)C=CC1=CN1C(=O)C=CC1=CN1C(=O)C=CC1=CN1C(=O)C=C1N
CC(=O)N=C1C(=O)C=CC1=CN1C(=O)C=CC1=CN1C(=O)C=CC1=CN1C(=O)C=CC1=CN1C(=O)C=C1N,CC(=O)N=C1C(=O)C=CC1=CN1C(=O)C=CC1=CN1C(=O)C=CC1=CN1C(=O)C=CC1=CN1C(=O)C=CC1=CN1C(=O)C=C1N,CC(=O)N=C1C(=O)C=CC1=CN1C(=O)C=CC1=CN1C(=O)C=CC1=CN1C(=O)C=CC1=CN1C(=O)C=CC1=CN1C(=O)C=C1N,CC(=O)N=C1C(=O)C=CC1=CN1C(=O)C=CC1=CN1C(=O)C=CC1=CN1C(=O)C=CC1=CN1C(=O)C=CC1=CN1C(=O)C=C1N,CC(=O)N=C1C(=O)C=CC1=CN1C(=O)C=CC1=CN1C(=O)C=CC1=CN1C(=O)C=CC1=CN1C(=O)C=CC1=CN1C(=O)C=C1N
CC(=O)N=C1C(=O)C=CC1=CN1C(=O)C=CC1=CN1C(=O)C=CC1=CN1C(=O)C=CC1=CN1C(=O)C=CC1=CN1C(=O)C=C1N,CC(=O)N=C1C(=O)C=CC1=CN1C(=O)C=CC1=CN1C(=O)C=CC1=CN1C(=O)C=CC1=CN1C(=O)C=CC1=CN1C(=O)C=C1N,CC(=O)N=C1C(=O)C=CC1=CN1C(=O)C=CC1=CN1C(=O)C=CC1=CN1C(=O)C=CC1=CN1C(=O)C=CC1=CN1C(=O)C=C1N,CC(=O)N=C1C(=O)C=CC1=CN1C(=O)C=CC1=CN1C(=O)C=CC1=CN1C(=O)C=CC1=CN1C(=O)C=C1N,CC(=O)N=C1C(=O)C=CC1=CN1C(=O)C=CC1=CN1C(=O)C=CC1=CN1C(=O)C=CC1=CN1C(=O)C=C1N
CC(=O)N=C1C(=O)C=CC1=CN1C(=O)C=CC1=CN1C(=O)C=CC1=CN1C(=O)C=CC1=CN1C(=O)C=CC1=CN1C(=O)C=C1N,CC(=O)N=C1C(=O)C=CC1=CN1C(=O)C=CC1=CN1C(=O)C=CC1=CN1C(=O)C=CC1=CN1C(=O)C=CC1=CN1C(=O)C=C1N,C1=CC(=O)N=C1C(=O)C=CC1=CN1C(=O)C=CC1=CN1C(=O)C=CC1=CN1C(=O)C=CC1=CN1C(=O)C=C1N,CC(=O)N=C1C(=O)C=CC1=CN1C(=O)C=CC1=CN1C(=O)C=CC1=CN1C(=O)C=CC1=CN1C(=O)C=CC1=CN1C(=O)C=C1N,CC(=O)N=C1C(=O)C=CC1=CN1C(=O)C=CC1=CN1C(=O)C=CC1=CN1C(=O)C=CC1=CN1C(=O)C=C1N
CC(=O)N=C1C(=O)C=CC1=CN1C(=O)C=CC1=CN1C(=O)C=CC1=CN1C(=O)C=CC1=CN1C(=O)C=CC1=CN1C(=O)C=C1N,CC(=O)N=C1C(=O)C=CC1=CN1C(=O)C=CC1=CN1C(=O)C=CC1=CN1C(=O)C=CC1=CN1C(=O)C=CC1=CN1C(=O)C=C1N,CC(=O)N=C1C(=O)C=CC1=CN1C(=O)C=CC1=CN1C(=O)C=CC1=CN1C(=O)C=CC1=CN1C(=O)C=CC1=CN1C(=O)C=C1N,CC(=O)N=C1C(=O)C=CC1=CN1C(=O)C=CC1=CN1C(=O)C=CC1=CN1C(=O)C=CC1=CN1C(=O)C=C1N,CC(=O)N=C1C(=O)C=CC1=CN1C(=O)C=CC1=CN1C(=O)C=CC1=CN1C(=O)C=CC1=CN1C(=O)C=C1N
CC(=O)N=C1C(=O)C=CC1=CN1C(=O)C=CC1=CN1C(=O)C=CC1=CN1C(=O)C=CC1=CN1C(=O)C=CC1=CN1C(=O)C=C1N,CC(=O)N=C1C(=O)C=CC1=CN1C(=O)C=CC1=CN1C(=O)C=CC1=CN1C(=O)C=CC1=CN1C(=O)C=C1N,CC(=O)N=C1C(=O)C=CC1=CN1C(=O)C=CC1=CN1C(=O)C=CC1=CN1C(=O)C=CC1=CN1C(=O)C=C1N,CC(=O)N=C1C(=O)C=CC1=CN1C(=O)C=CC1=CN1C(=O)C=CC1=CN1C(=O)C=CC1=CN1C(=O)C=CC1=CN1C(=O)C=C1N,CC(=O)N=C1C(=O)C=CC1=CN1C(=O)C=CC1=CN1C(=O)C=CC1=CN1C(=O)C=CC1=CN1C(=O)C=CC1=CN1C(=O)C=C1N
CC(=O)N=C1C(=O)C=CC1=CN1C(=O)C=CC1=CN1C(=O)C=CC1=CN1C(=O)C=CC1=CN1C(=O)C=CC1=CN1C(=O)C=C1N,CC(=O)N=C1C(=O)C=CC1=CN1C(=O)C=CC1=CN1C(=O)C=CC1=CN1C(=O)C=CC1=CN1C(=O)C=C1N,CC(=O)N=C1C(=O)C=CC1=CN1C(=O)C=CC1=CN1C(=O)C=CC1=CN1C(=O)C=CC1=CN1C(=O)C=C1N,CC(=O)N=C1C(=O)C=CC1=CN1C(=O)C=CC1=CN1C(=O)C=CC1=CN1C(=O)C=CC1=CN1C(=O)C=C1N,CC(=O)N=C1C(=O)C=CC1=CN1C(=O)C=CC1=CN1C(=O)C=CC1=CN1C(=O)C=CC1=CN1C(=O)C=CC1=CN1C(=O)C=C1N
CC(=O)N=C1C(=O)C=CC1=CN1C(=O)C=CC1=CN1C(=O)C=CC1=CN1C(=O)C=CC1=CN1C(=O)C=CC1=CN1C(=O)C=C1N,C1=CC(=O)N(C=CC1=CN1C(=O)C=CC1=CN1C(=O)C=CC1=CN1C(=O)C=CC1=CN1C(=O)C=CC1=CN1C(=O)C=C1)C=CC1=CN1C(=O)C=,CC(=O)N=C1C(=O)C=CC1=CN1C(=O)C=CC1=CN1C(=O)C=CC1=CN1C(=O)C=CC1=CN1C(=O)C=C1N,CC(=O)N=C1C(=O)C=CC1=CN1C(=O)C=CC1=CN1C(=O)C=CC1=CN1C(=O)C=CC1=CN1C(=O)C=C1N,CC(=O)N=C1C(=O)C=CC1=CN1C(=O)C=CC1=CN1C(=O)C=CC1=CN1C(=O)C=CC1=CN1C(=O)C=C1N
CC(=O)N=C1C(=O)C=CC1=CN1C(=O)C=CC1=CN1C(=O)C=CC1=CN1C(=O)C=CC1=CN1C(=O)C=CC1=CN1C(=O)C=C1N,CC(=O)N=C1C(=O)C=CC1=CN1C(=O)C=CC1=CN1C(=O)C=CC1=CN1C(=O)C=CC1=CN1C(=O)C=CC1=CN1C(=O)C=C1N,CC(=O)N=C1C(=O)C=CC1=CN1C(=O)C=CC1=CN1C(=O)C=CC1=CN1C(=O)C=CC1=CN1C(=O)C=CC1=CN1C(=O)C=C1N,CC(=O)N=C1C(=O)C=CC1=CN1C(=O)C=CC1=CN1C(=O)C=CC1=CN1C(=O)C=CC1=CN1C(=O)C=C1N,CC(=O)N=C1C(=O)C=CC1=CN1C(=O)C=CC1=CN1C(=O)C=CC1=CN1C(=O)C=CC1=CN1C(=O)C=CC1=CN1C(=O)C=C1N
CC(=O)N=C1C(=O)C=CC1=CN1C(=O)C=CC1=CN1C(=O)C=CC1=CN1C(=O)C=CC1=CN1C(=O)C=CC1=CN1C(=O)C=C1N,CC(=O)N=C1C(=O)C=CC1=CN1C(=O)C=CC1=CN1C(=O)C=CC1=CN1C(=O)C=CC1=CN1C(=O)C=C1N,CC(=O)N=C1C(=O)C=CC1=CN1C(=O)C=CC1=CN1C(=O)C=CC1=CN1C(=O)C=CC1=CN1C(=O)C=CC1=CN1C(=O)C=C1N,CC(=O)N=C1C(=O)C=CC1=CN1C(=O)C=CC1=CN1C(=O)C=CC1=CN1C(=O)C=CC1=CN1C(=O)C=CC1=CN1C(=O)C=C1N,C1=CC(=O)N(C1=CC(=O)C=CC1=CN1C(=O)C=CC1=CN1C(=O)C=CC1=CN1C(=O)C=CC1=CN1C(=O)C=C1)N
CC(=O)N=C1C(=O)C=CC1=CN1C(=O)C=CC1=CN1C(=O)C=CC1=CN1C(=O)C=CC1=CN1C(=O)C=CC1=CN1C(=O)C=C1N,CC(=O)N=C1C(=O)C=CC1=CN1C(=O)C=CC1=CN1C(=O)C=CC1=CN1C(=O)C=CC1=CN1C(=O)C=CC1=CN1C(=O)C=C1N,CC(=O)N=C1C(=O)C=CC1=CN1C(=O)C=CC1=CN1C(=O)C=CC1=CN1C(=O)C=CC1=CN1C(=O)C=C1N,CC(=O)N=C1C(=O)C=CC1=CN1C(=O)C=CC1=CN1C(=O)C=CC1=CN1C(=O)C=CC1=CN1C(=O)C=CC1=CN1C(=O)C=C1N,CC(=O)N=C1C(=O)C=CC1=CN1C(=O)C=CC1=CN1C(=O)C=CC1=CN1C(=O)C=CC1=CN1C(=O)C=CC1=CN1C(=O)C=C1N
CC(=O)N=C1C(=O)C=CC1=CN1C(=O)C=CC1=CN1C(=O)C=CC1=CN1C(=O)C=CC1=CN1C(=O)C=C1N,CC(=O)N=C1C(=O)C=CC1=CN1C(=O)C=CC1=CN1C(=O)C=CC1=CN1C(=O)C=CC1=CN1C(=O)C=CC1=CN1C(=O)C=C1N,CC(=O)N=C1C(=O)C=CC1=CN1C(=O)C=CC1=CN1C(=O)C=CC1=CN1C(=O)C=CC1=CN1C(=O)C=CC1=CN1C(=O)C=C1N,CC(=O)N=C1C(=O)C=CC1=CN1C(=O)C=CC1=CN1C(=O)C=CC1=CN1C(=O)C=CC1=CN1C(=O)C=CC1=CN1C(=O)C=C1N,CC(=O)N=C1C(=O)C=CC1=CN1C(=O)C=CC1=CN1C(=O)C=CC1=CN1C(=O)C=CC1=CN1C(=O)C=C1N
C1=CC(=O)N=C1C(=O)C=CC1=CN1C(=O)C=CC1=CN1C(=O)C=CC1=CN1C(=O)C=CC1=CN1C(=O)C=CC1=CN1C(=O)C=C1N,C1=CC(=O)N1C(=O)C=CC1=CN1C(=O)C=CC1=CN1C(=O)C=CC1=CN1C(=O)C=CC1=CN1C(=O)C=C1N,CC(=O)N=C1C(=O)C=CC1=CN1C(=O)C=CC1=CN1C(=O)C=CC1=CN1C(=O)C=CC1=CN1C(=O)C=CC1=CN1C(=O)C=C1N,CC(=O)N=C1C(=O)C=CC1=CN1C(=O)C=CC1=CN1C(=O)C=CC1=CN1C(=O)C=CC1=CN1C(=O)C=CC1=CN1C(=O)C=C1N,CC(=O)N=C1C(=O)C=CC1=CN1C(=O)C=CC1=CN1C(=O)C=CC1=CN1C(=O)C=CC1=CN1C(=O)C=CC1=CN1C(=O)C=C1N
CC(=O)N=C1C(=O)C=CC1=CN1C(=O)C=CC1=CN1C(=O)C=CC1=CN1C(=O)C=CC1=CN1C(=O)C=CC1=CN1C(=O)C=C1N,CC(=O)N=C1C(=O)C=CC1=CN1C(=O)C=CC1=CN1C(=O)C=CC1=CN1C(=O)C=CC1=CN1C(=O)C=C1N,CC(=O)N=C1C(=O)C=CC1=CN1C(=O)C=CC1=CN1C(=O)C=CC1=CN1C(=O)C=CC1=CN1C(=O)C=CC1=CN1C(=O)C=C1N,CC(=O)N=C1C(=O)C=CC1=CN1C(=O)C=CC1=CN1C(=O)C=CC1=CN1C(=O)C=CC1=CN1C(=O)C=C1N,CC(=O)N=C1C(=O)C=CC1=CN1C(=O)C=CC1=CN1C(=O)C=CC1=CN1C(=O)C=CC1=CN1C(=O)C=CC1=CN1C(=O)C=C1N
CC(=O)N=C1C(=O)C=CC1=CN1C(=O)C=CC1=CN1C(=O)C=CC1=CN1C(=O)C=CC1=CN1C(=O)C=C1N,CC(=O)N=C1C(=O)C=CC1=CN1C(=O)C=CC1=CN1C(=O)C=CC1=CN1C(=O)C=CC1=CN1C(=O)C=CC1=CN1C(=O)C=C1N,C1CCC(=O)N=C1C(=O)C=CC1=CN1C(=O)C=CC1=CN1C(=O)C=CC1=CN1C(=O)C=CC1=CN1C(=O)C=CC1=CN1C(=O)C=C1N,CC(=O)N=C1C(=O)C=CC1=CN1C(=O)C=CC1=CN1C(=O)C=CC1=CN1C(=O)C=CC1=CN1C(=O)C=C1N,CC(=O)N=C1C(=O)C=CC1=CN1C(=O)C=CC1=CN1C(=O)C=CC1=CN1C(=O)C=CC1=CN1C(=O)C=CC1=CN1C(=O)C=C1N
CC(=O)N=C1C(=O)C=CC1=CN1C(=O)C=CC1=CN1C(=O)C=CC1=CN1C(=O)C=CC1=CN1C(=O)C=CC1=CN1C(=O)C=C1N,CC(=O)N=C1C(=O)C=CC1=CN1C(=O)C=CC1=CN1C(=O)C=CC1=CN1C(=O)C=CC1=CN1C(=O)C=CC1=CN1C(=O)C=C1N,CC(=O)N=C1C(=O)C=CC1=CN1C(=O)C=CC1=CN1C(=O)C=CC1=CN1C(=O)C=CC1=CN1C(=O)C=CC1=CN1C(=O)C=C1N,CC(=O)N=C1C(=O)C=CC1=CN1C(=O)C=CC1=CN1C(=O)C=CC1=CN1C(=O)C=CC1=CN1C(=O)C=C1N,CC(=O)N=C1C(=O)C=CC1=CN1C(=O)C=CC1=CN1C(=O)C=CC1=CN1C(=O)C=CC1=CN1C(=O)C=CC1=CN1C(=O)C=C1N
CC(=O)N=C1C(=O)C=CC1=CN1C(=O)C=CC1=CN1C(=O)C=CC1=CN1C(=O)C=CC1=CN1C(=O)C=CC1=CN1C(=O)C=C1N,CC(=O)N=C1C(=O)C=CC1=CN1C(=O)C=CC1=CN1C(=O)C=CC1=CN1C(=O)C=CC1=CN1C(=O)C=C1N,C1=CN1C(=O)C=CC1=CN1C(=O)C=CC1=CN1C(=O)C=CC1=CN1C(=O)C=CC1=CN1C(=O)C=CC1=CN1C(=O)C=C1N,CC(=O)N=C1C(=O)C=CC1=CN1C(=O)C=CC1=CN1C(=O)C=CC1=CN1C(=O)C=CC1=CN1C(=O)C=C1N,CC(=O)N=C1C(=O)C=CC1=CN1C(=O)C=CC1=CN1C(=O)C=CC1=CN1C(=O)C=CC1=CN1C(=O)C=CC1=CN1C(=O)C=C1N
CC(=O)N=C1C(=O)C=CC1=CN1C(=O)C=CC1=CN1C(=O)C=CC1=CN1C(=O)C=CC1=CN1C(=O)C=C1N,CC(=O)N=C1C(=O)C=CC1=CN1C(=O)C=CC1=CN1C(=O)C=CC1=CN1C(=O)C=CC1=CN1C(=O)C=CC1=CN1C(=O)C=C1N,CC(=O)N=C1C(=O)C=CC1=CN1C(=O)C=CC1=CN1C(=O)C=CC1=CN1C(=O)C=CC1=CN1C(=O)C=CC1=CN1C(=O)C=C1N,CC(=O)N=C1C(=O)C=CC1=CN1C(=O)C=CC1=CN1C(=O)C=CC1=CN1C(=O)C=CC1=CN1C(=O)C=CC1=CN1C(=O)C=C1N,CC(=O)N=C1C(=O)C=CC1=CN1C(=O)C=CC1=CN1C(=O)C=CC1=CN1C(=O)C=CC1=CN1C(=O)C=C1N
CC(=O)N=C1C(=O)C=CC1=CN1C(=O)C=CC1=CN1C(=O)C=CC1=CN1C(=O)C=CC1=CN1C(=O)C=C1N,CC(=O)N=C1C(=O)C=CC1=CN1C(=O)C=CC1=CN1C(=O)C=CC1=CN1C(=O)C=CC1=CN1C(=O)C=CC1=CN1C(=O)C=C1N,CC(=O)N=C1C(=O)C=CC1=CN1C(=O)C=CC1=CN1C(=O)C=CC1=CN1C(=O)C=CC1=CN1C(=O)C=CC1=CN1C(=O)C=C1N,C1=CC(=O)N(C(=O)C=CC1=CN1C(=O)C=CC1=CN1C(=O)C=CC1=CN1C(=O)C=CC1=CN1C(=O)C=CC1=CN1C(=O)C=C1)N,CC(=O)N=C1C(=O)C=CC1=CN1C(=O)C=CC1=CN1C(=O)C=CC1=CN1C(=O)C=CC1=CN1C(=O)C=C1N
CC(=O)N=C1C(=O)C=CC1=CN1C(=O)C=CC1=CN1C(=O)C=CC1=CN1C(=O)C=CC1=CN1C(=O)C=CC1=CN1C(=O)C=C1N,CC(=O)N=C1C(=O)C=CC1=CN1C(=O)C=CC1=CN1C(=O)C=CC1=CN1C(=O)C=CC1=CN1C(=O)C=CC1=CN1C(=O)C=C1N,C1CC(=O)C=CC(=CN2C(=O)C=CC2=CN2C(=O)C=CC2=CN2C(=O)C=CC2=CN2C(=O)C=CC2=CN2C=CC2=O)C=CC1=O,C1C(=O)C=CC(=CN2C(=O)C=CC2=CN2C(=O)C=CC2=CN2C(=O)C=CC2=CN2C(=O)C=CC2=CN2C(=O)C=CC2=CN2C(=O)C=CC2=CN2C(=,C1C(=O)C=CC(=CN2C(=O)C=CC2=CN2C(=O)C=CC2=CN2C(=O)C=CC2=CN2C(=O)C=CC2=CN2C(=O)C=CC2=CN2C=CC2=O)C=CC1=O
C1=CC(=O)N2C=CC2=CN2C(=O)C=CC2=CN2C(=O)C=CC2=CN2C(=O)C=CC2=CN2C(=O)C=CC2=CN2C(=O)C=CC2=CN2C(=O)C=CC2=,C1=CC(=O)N1C=CC1=C2C(=O)N2C=CC1=C2C(=O)N2C=CC1=C2C(=O)N2C=CC1=C2C(=O)N2C=CC1=C2C(=O)N2C=CC1=C2C(=O)N,C1=CC(=O)C=CC1=CN1C(=O)C=CC1=CN1C(=O)C=CC1=CN1C(=O)C=CC1=CN1C(=O)C=CC1=CN1C(=O)C=CC1=CN1C(=O)C=CC1=CN1,C1=CC(=O)C2=C(C(=O)C3=C(C(=O)C4=C(C(=O)C5=C(C(=O)C6=C(C(=O)C7=C(C(=O)C8=C(C(=O)C9=C(C(=O)C10=C(C(=O)C11=C(C(=O)C12=C,C1=CC(=O)N2C(=O)C=CC2=CN2C(=O)C=CC2=CN2C(=O)C=CC2=CN2C(=O)C=CC2=CN2C(=O)C=CC2=CN2C(=O)C=CC2=CN2C(=O)C
C1=CC(=O)N1C1=CC(=O)N1C1=CC(=O)N1C1=CC(=O)N1C1=CC(=O)N1C1=CC(=O)N1C1=CC(=O)N1C1=CC(=O)N1C1=CC(=O)N,C1=CC(=O)N1C=CC1=NC1=CC(=O)N1C=CC1=NC1=CC(=O)N1C=CC1=NC1=CC(=O)N1C=CC1=NC1=CC(=O)N1C=CC1=O,C1=CC(=O)N2C(=O)C=CC2=CN2C(=O)C=CC2=CN2C(=O)C=CC2=CN2C(=O)C=CC2=CN2C(=O)C=CC2=CN2C(=O)C=CC2=CN2C(=O)C,C1=CC(=O)N(C2C=CC(=O)N(C3C=CC(=O)N(C4C=CC(=O)N(C5C=CC(=O)N(C6C=CC(=O)N(C7C=CC(=O)N(C8C=CC(=O)N(C9C=CC(=O)N,O=C1C=CC(=CN2C(=O)C=CC2=CN2C(=O)C=CC2=CN2C(=O)C=CC2=CN2C(=O)C=CC2=CN2C(=O)C=CC2=CN2C(=O)C=CC2=CN2C=CC2=
C1=CC(=O)C2=CC(=O)C3=CC(=O)C4=CC(=O)C5=CC(=O)C6=CC(=O)C7=CC(=O)C8=CC(=O)C9=CC(=O)C1=C1C(=O)C2=C2C(=O)C,C1=CC(=O)C1=CC(=O)C1=CC(=O)C1=CC(=O)C1=CC(=O)C1=CC(=O)C1=CC(=O)C1=CC(=O)C1=CC(=O)C1=CC(=O)C1=CC(=O)C1=,C1=CC(=O)N1C=CC1=CC(=O)N1C=CC1=CC(=O)N1C=CC1=CC(=O)N1C=CC1=CC(=O)N1C=CC1=CC(=O)N1C=CC1=CC(=O)N1C=CC1=,C1=CC(=O)C1=CC(=O)C1=CC(=O)C1=CC(=O)C1=CC(=O)C1=CC(=O)C1=CC(=O)C1=CC(=O)C1=CC(=O)C1=CC(=O)C1=CC(=O)C1=,C1=CC(=O)C(=O)C1=CC(=O)C1=CC(=O)C1=CC(=O)C1=CC(=O)C1=CC(=O)C1=CC(=O)C1=CC(=O)C1=CC(=O)C1=CC(=O)C1=CC(=O
C1O=C(C=CC(=C1C(=O)C=CC1=C(N=C1C(=O)C=CC1=C(N=C1C(=O)C=CC1=C(N=C1C(=O)C=CC1=C(N=C1C(=O)C=CC1=C(N=C1C(=O)C=CC1=C(N,C1C(=O)C=CC1=CN1C(=O)C=CC1=CN1C(=O)C=CC1=CN1C(=O)C=CC1=CN1C(=O)C=CC1=CN1C(=O)C=CC1=CN1C(=O)C=CC1=CN1C,C1=CC(=O)C2=C(C(=O)C(=O)C3=C(C(=O)C(=O)C(=O)C(=O)C(=O)C(=O)C(=O)C(=O)C(=O)C(=O)C(=O)C(=O)C(=O)C(=O)C(=O,C1=CC(=O)C=CC1=CN1C(=O)C=CC1=CN1C(=O)C=CC1=CN1C(=O)C=CC1=CN1C(=O)C=CC1=CN1C(=O)C=CC1=CN1C(=O)C=CC1=CN1,C1=CC(=O)C=CC1=CN1C=CC(=O)C1=CC(=O)C=CC1=CN1C=CC(=O)C1=CC(=O)C=CC1=CN1C=CC(=O)C1=CC(=O)C=CC1=CN1C=CC(=O)
C1=CC(=O)N1C=CC1=C2C(=O)N2C=CC1=C2C(=O)N2C=CC1=C2C(=O)N2C=CC1=C2C(=O)N2C=CC1=C2C(=O)N2C=CC1=C2C=CC2=C,O=C1C=CC(=CN2C(=O)C=CC2=CN2C(=O)C=CC2=CN2C(=O)C=CC2=CN2C(=O)C=CC2=CN2C(=O)C=CC2=CN2C=CC2=O)C=CC(=O)C1,C1=CC(=O)N(C2=CC(=O)N(C3=CC(=O)N(C4=CC(=O)N(C5=CC(=O)N(C6=CC(=O)N(C7=CC(=O)N(C8=CC(=O)N(C9=CC(=O)N(C10=CC(=O)N,O=C1C=CC(=CN2C(=O)C=CC2=CN2C(=O)C=CC2=CN2C(=O)C=CC2=CN2C(=O)C=CC2=CN2C(=O)C=CC2=CN2C=CC2=O)C=CC(=O)C1,C1=CC(=O)C1=CC(=O)C1=CC(=O)C1=CC(=O)C1=CC(=O)C1=CC(=O)C1=CC(=O)C1=CC(=O)C1=CC(=O)C1=CC(=O)C1=CC(=O)C1=
C1=CC(=O)C2=C(C=CC(=O)C3=C(C=CC(=O)C4=C(C=CC(=O)C5=C(C=CC(=O)C6=C(C=CC(=O)C7=C(C=CC(=O)C8=C(C=CC(=O)C9=C(C=CC(=O)C,C1=CC(=O)N(C1=CC(=O)C1=CC(=O)C1=CC(=O)C1=CC(=O)C1=CC(=O)C1=CC(=O)C1=CC(=O)C1=CC(=O)C1=CC(=O)C1=CC(=O)C1,C1=CC(=O)N(C(C(=O)C=CC1=NC1=C(C=CC2=C(C=CC(=O)N(C(C(=O)C=CC1=NC1=C(C=CC2=C(C=CC(=O)N(C(C(=O)C=CC1=NC1=C(C=CC2=C(C=CC(=,C1=CC(=O)C2=C(C(=O)C=CC2=C1)N1C=CC(=O)C2=C(C(=O)C=CC2=C1)N1C=CC(=O)C2=C(C(=O)C=CC2=C1)N1C=CC(=O)C2=C(C(=O),C1=CC(=O)C=CC1=CN1C(=O)C=CC1=CN1C(=O)C=CC1=CN1C(=O)C=CC1=CN1C(=O)C=CC1=CN1C(=O)C=CC1=CN1C(=O)C=CC1=CN1
C1=CC(=O)N(C1=CC(=O)N(C1=CC(=O)N(C1=CC(=O)N(C1=CC(=O)N(C1=CC(=O)N(C1=CC(=O)N(C1=CC(=O)N(C1=CC(=O)N(C1=CC(=O)C,C1=CC(=O)N1C=CC1=C2C(=O)N2C=CC1=CC(=O)N1C=CC1=C2C(=O)N2C=CC1=CC(=O)N1C=CC1=C2C(=O)N2C=CC1=CC(=O)N1C=,C1=CC(=O)C1=CC(=O)C1=CC(=O)C1=CC(=O)C1=CC(=O)C1=CC(=O)C1=CC(=O)C1=CC(=O)C1=CC(=O)C1=CC(=O)C1=CC(=O)C1=,C1C=CC(=O)C1=CC=CN1C(=O)C1=CC=CN1C(=O)C1=CC=CN1C(=O)C1=CC=CN1C(=O)C1=CC=CN1C(=O)C1=CC=CN1C(=O)C1=CC=CN,C1=CC(=O)C=CC1=CN1C(=O)C=CC1=CN1C(=O)C=CC1=CN1C(=O)C=CC1=CN1C(=O)C=CC1=CN1C(=O)C=CC1=CN1C=CC1=O
C1=CC(=O)C=CC1=CN1C(=O)C=CC1=CN1C(=O)C=CC1=CN1C(=O)C=CC1=CN1C(=O)C=CC1=CN1C(=O)C=CC1=CN1C(=O)C=CC1=CN1,C1=CC(=O)C2=C(C(=O)C(=O)C(=O)C(=O)C(=O)C(=O)C(=O)C(=O)C(=O)C(=O)C(=O)C(=O)C(=O)C(=O)C(=O)C(=O)C(=O)C(=,C1=CC(=O)N1C=CC1=CC(=O)N1C=CC(=O)N1C=CC(=O)N1C=CC(=O)N1C=CC(=O)N1C=CC(=O)N1C=CC(=O)N1C=CC(=O)N1C=CC(=,C1=CC(=O)N(C(=O)C1=CC(=O)N(C(=O)C1=CC(=O)N(C(=O)C1=CC(=O)N(C(=O)C1=CC(=O)N(C(=O)C1=CC(=O)N(C(=O)C1=CC(=O)N,C1=CC(=O)C1=CC(=O)C1=CC(=O)C1=CC(=O)C1=CC(=O)C1=CC(=O)C1=CC(=O)C1=CC(=O)C1=CC(=O)C1=CC(=O)C1=CC(=O)C1=
C1=CC(=O)C=CC1=CN2C(=O)C=CC2=CN2C(=O)C=CC2=CN2C(=O)C=CC2=CN2C(=O)C=CC2=CN2C(=O)C=CC2=CN2C=CC2=O,C1=CC(=O)C=CC1=CN1C(=O)C=CC1=CN1C(=O)C=CC1=CN1C(=O)C=CC1=CN1C(=O)C=CC1=CN1C(=O)C=CC1=CN1C(=O)C=CC1=CN1,C1=CC(=O)N1C=CC1=C(C(=O)N1C=CC(=O)N1C=CC(=O)N1C=CC(=O)N1C=CC(=O)N1C=CC(=O)N1C=CC(=O)N1C=CC(=O)N1C=CC(=,C1=CC(=O)C2=CN3C(=O)C=CC3=CN3C(=O)C=CC3=CN3C(=O)C=CC3=CN3C(=O)C=CC3=CN3C(=O)C=CC3=CN3C(=O)C=CC3=CN3C(=,C1=CC(=O)C=CC1=CN1C(=O)C=CC1=CN1C(=O)C=CC1=CN1C(=O)C=CC1=CN1C(=O)C=CC1=CN1C(=O)C=CC1=CN1C=CC1=O
CC(=O)C=CC(=O)C=CC1=OCCC(=O)C=CC(=O)C=CC1=OCCC(=O)C=CC(=O)C=CC1=OCCC(=O)C=CC(=O)C=CC1=OCCC(=O)C=CC(=O)C=CC1=O,C1=CC(=O)N2C(=O)C=CC2=CN2C(=O)C=CC2=CN2C(=O)C=CC2=CN2C(=O)C=CC2=CN2C(=O)C=CC2=CN2C(=O)C=CC2=CN2C(=O)C,C1C(=O)C=CC(=CN2C(=O)C=CC2=CN2C(=O)C=CC2=CN2C(=O)C=CC2=CN2C(=O)C=CC2=CN2C(=O)C=CC2=CN2C(=O)C=CC2=O)C=,C1=CC(=O)C=CC1=CN1C(=O)C=CC1=CN1C(=O)C=CC1=CN1C(=O)C=CC1=CN1C(=O)C=CC1=CN1C(=O)C=CC1=CN1C(=O)C=CC1=CN1,C1C(=O)C=CC1=CN1C(=O)C=CC1=CN1C(=O)C=CC1=CN1C(=O)C=CC1=CN1C(=O)C=CC1=CN1C(=O)C=CC1=CN1C=CC1=O)C=CC(=O
C1=C(C(=O)C=CC2=C(C(=O)C=CC2=C(C(=O)C=CC2=C(C(=O)C=CC2=C(C(=O)C=CC2=C(C(=O)C=CC2=C(C(=O)C=CC2=C(C(=O)C=CC2=C(C(=O)C,C1=CC(=O)C2=CC(=O)C3=C(C(=O)C4=C(C(=O)C5=C(C(=O)C6=C(C(=O)C7=C(C(=O)C8=C(C(=O)C9=C(C(=O)C10=C(C(=O)C11=C(C(=O)C12=C,C1=CC(=O)C2=CC(=O)C3=CC(=O)C4=CC(=O)C5=CC(=O)C6=CC(=O)C7=CC(=O)C8=CC(=O)C9=CC(=O)C1C(=O)C2C(=O)C3C(=O,C1C(C(=O)C(C(=O)C(C(=O)C(C(=O)C(C(=O)C(C(=O)C(C(=O)C(C(=O)C(C(=O)C(C(=O)C(C(=O)C(C(=O)C(C(=O)C(C(=O)C(C(=O)C(C(=,C1=CC(=O)N(C=CC(=O)C1=CC(=O)N(C=CC(=O)C1=CC(=O)N(C=CC(=O)C1=CC(=O)N(C=CC(=O)C1=CC(=O)N(C=CC(=O)C1=CC(=O)N(C=
C1=CC(=O)C=CC1=CN1C(=O)C=CC1=CN1C(=O)C=CC1=CN1C(=O)C=CC1=CN1C=CC1=O)C=CC(=O)CC1=CC(=O)C=CC1=CN1C(=O)C=,C1=CC(=O)C=CC1=CN2C(=O)C=CC2=CN2C(=O)C=CC2=CN2C(=O)C=CC2=CN2C(=O)C=CC2=CN2C(=O)C=CC2=CN2C(=O)C=CC2=CN2,C1=CC(=O)C=CC1=CN1C(=O)C=CC1=CN1C(=O)C=CC1=CN1C(=O)C=CC1=CN1C(=O)C=CC1=CN1C(=O)C=CC1=CN1C(=O)C=CC1=CN1,C1=CC(=O)C=CC1=CN1C(=O)C=CC1=CN1C(=O)C=CC1=CN1C(=O)C=CC1=CN1C(=O)C=CC1=CN1C(=O)C=CC1=CN1C(=O)C=CC1=CN1,C1=CC(=O)C2=CC=CC2=CN2C(=O)C=CC2=CN2C(=O)C=CC2=CN2C(=O)C=CC2=CN2C(=O)C=CC2=CN2C(=O)C=CC2=CN2C(=O)C=CC2
C1C(=O)C=CC2=CN2C(=O)C=CC2=CN2C(=O)C=CC2=CN2C(=O)C=CC2=CN2C(=O)C=CC2=CN2C(=O)C=CC2=CN2C(=O)C=CC2=CN2C,C1=CC(=O)C=CC1=CN1C(=O)C=CC1=CN1C(=O)C=CC1=CN1C(=O)C=CC1=CN1C(=O)C=CC1=CN1C(=O)C=CC1=CN1C=CC1=O,C1=CC(=O)C2=C(C(=O)C3=C(C(=O)C4=C(C(=O)C5=C(C(=O)C6=C(C(=O)C7=C(C(=O)C8=C(C(=O)C9=C(C(=O)C10=C(C(=O)C11=C(C(=O)C12=C,C1=CC(=O)C(=C2C(=O)C(=C3C(=O)C(=C4C(=O)C(=C5C(=O)C(=C6C(=O)C(=C7C(=O)C(=C8C(=O)C(=C9C(=O)C(=C10C(=O)C,C1=CC(=O)C=CC1=CN2C(=O)C=CC2=CN2C(=O)C=CC2=CN2C(=O)C=CC2=CN2C(=O)C=CC2=CN2C(=O)C=CC2=CN2C(=O)C=CC2=O
C1=CC(=O)C2=CC(=O)C3=C(C(=O)N3)C=CC3=C(C(=O)N3)C=CC3=C(C(=O)N3)C=CC3=C(C(=O)N3)C=CC3=C(C(=O)N3)C=CC3=C(C(=O,C1=CC=CC(=O)N2C(=O)C=CC2=CN2C(=O)C=CC2=CN2C(=O)C=CC2=CN2C(=O)C=CC2=CN2C(=O)C=CC2=CN2C(=O)C=CC2=CN2C(=O,C1=CC(=O)C=CC1=CN2C(=O)C=CC2=CN2C(=O)C=CC2=CN2C(=O)C=CC2=CN2C(=O)C=CC2=CN2C(=O)C=CC2=CN2C=CC2=O)C=CC(=,C1C(=O)C=CC(=CN2C(=O)C=CC2=CN2C(=O)C=CC2=CN2C(=O)C=CC2=CN2C(=O)C=CC2=CN2C(=O)C=CC2=CN2C=CC2=O)C=CC(=O),C1=CC(=O)C=CC1=CN2C(=O)C=CC2=CN2C(=O)C=CC2=CN2C(=O)C=CC2=CN2C(=O)C=CC2=CN2C(=O)C=CC2=CN2C(=O)C=CC2=CN2
C1C(=O)C=CC1=CN1C(=O)C=CC1=CN1C(=O)C=CC1=CN1C(=O)C=CC1=CN1C(=O)C=CC1=CN1C(=O)C=CC1=CN1C=CC1=O,C1=CC(=O)C=CC1=CN1C(=O)C=CC1=CN1C(=O)C=CC1=CN1C(=O)C=CC1=CN1C(=O)C=CC1=CN1C(=O)C=CC1=CN1C(=O)C=CC1=CN1,C1=CC=CC2=C(C(=O)C=CC2=CN2C(=O)C=CC2=CN2C(=O)C=CC2=CN2C(=O)C=CC2=CN2C(=O)C=CC2=CN2C(=O)C=CC2=CN2C(=O)C=,C1=CC(=O)N2C=CC(=O)C3=CC(=O)N4C=CC(=O)C5=CC(=O)N6C=CC(=O)C7=CC(=O)N8C=CC(=O)C9=CC(=O)N10C=CC(=O)C11=CC(=,C1=CC(=O)N(C1=CC(=O)C1=CC(=O)N(C1=CC(=O)C1=CC(=O)N(C1=CC(=O)C1=CC(=O)N(C1=CC(=O)C1=CC(=O)N(C1=CC(=O)C1=CC(=
C1=CC(=O)C2=C(C(=O)C3=C(C(=O)C4=C(C(=O)C5=C(C(=O)C6=C(C(=O)C7=C(C(=O)C8=C(C(=O)C9=C(C(=O)C10=C(C(=O)C11=C(C(=O)C12=C,C1=CC(=O)N1C=CC1=C2C(=O)N2C=CC1=C2C(=O)N2C=CC1=C2C(=O)N2C=CC1=C2C(=O)N2C=CC1=C2C(=O)N2C=CC1=C2C(=O)N,C1=CC(=O)N2C(=O)C=CC2=CN2C(=O)C=CC2=CN2C(=O)C=CC2=CN2C(=O)C=CC2=CN2C(=O)C=CC2=CN2C(=O)C=CC2=O)C=CC(=O,C1=CC(=O)C=CC1=CN1C(=O)C=CC1=CN1C(=O)C=CC1=CN1C(=O)C=CC1=CN1C(=O)C=CC1=CN1C=CC1=O,C1=CC(=O)C2=CC(=O)C3=CC(=O)C4=CC(=O)C5=CC(=O)C6=CC(=O)C7=CC(=O)C8=CC(=O)C9=CC(=O)C1=C1C(=O)C2=C2C(=O)C
O=C1C=CC(=CN2C(=O)C=CC2=CN2C(=O)C=CC2=CN2C(=O)C=CC2=CN2C(=O)C=CC2=CN2C(=O)C=CC2=CN2C(=O)C=CC2=CN2C(=O)C,C1=CC(=O)N1C=CC1=CC(=O)N1C=CC1=CC(=O)N1C=CC1=CC(=O)N1C=CC1=CC(=O)N1C=CC1=CC(=O)N1C=CC1=CC(=O)N1C=CC1=,C1=CC(=O)C2=C(C(=O)C3=C(C(=O)C4=C(C(=O)C5=C(C(=O)C6=C(C(=O)C7=C(C(=O)C8=C(C(=O)C9=C(C(=O)C10=C(C(=O)C11=C(C(=O)C12=C,C1=CC(=O)C=CC1=CN1C(=O)C=CC1=CN1C(=O)C=CC1=CN1C(=O)C=CC1=CN1C(=O)C=CC1=CN1C(=O)C=CC1=CN1C=CC1=O,C1=CC(=O)C=CC1=CN1C=CC(=O)C=CC1=CN1C=CC(=O)C=CC1=CN1C=CC(=O)C=CC1=CN1C=CC(=O)C=CC1=CN1C=CC(=O)C=CC1=CN1C
C1=CC(=O)N2C(=O)C=CC2=CN2C(=O)C=CC2=CN2C(=O)C=CC2=CN2C(=O)C=CC2=CN2C(=O)C=CC2=CN2C(=O)C=CC2=CN2C(=O)C,C1=CC(=O)N1C=CC1=NC1=CC(=O)N1C=CC1=NC1=CC(=O)N1C=CC1=NC1=CC(=O)N1C=CC1=NC1=CC(=O)N1C=CC1=NC1=CC(=O)N1C,C1=CC(=O)N(C1=CC(=O)C1=CC(=O)N1C=CC1=O)C1=CC(=O)N(C1=CC(=O)C1=CC(=O)N1C=CC1=O)C1=CC(=O)N(C1=CC(=O)C1=,C1=CC(=O)C2=C(C(=O)C(=CC2=C(C(=O)C(=CC2=C(C(=O)C(=CC2=C(C(=O)C(=CC2=C(C(=O)C(=CC2=C(C(=O)C(=CC2=C(C(=O)C(=CC2=C(C(=O)C(=CC,C1=CC(=O)N1C1=CC(=O)N1C1=CC(=O)N1C1=CC(=O)N1C1=CC(=O)N1C1=CC(=O)N1C1=CC(=O)N1C1=CC(=O)N1C1=CC(=O)N
C1=CC(=O)N(C(=O)C=CC1=CN1C(=O)C=CC1=CN1C(=O)C=CC1=CN1C(=O)C=CC1=CN1C(=O)C=CC1=CN1C(=O)C=CC1=CN1C(=O)C=,C1=CC(=O)N1C=CC1=CC(=O)N1C=CC1=CC(=O)N1C=CC1=CC(=O)N1C=CC1=CC(=O)N1C=CC1=O,C1=CC(=O)N(C(C(=O)C=CC1=NC1=CC=CC1=NC1=CC=CC1=NC1=CC=CC1=O)C=CC1=NC1=CC=CC1=NC1=CC=CC1=O)C=CC1=NC1=CC=CC1=,C1=CC(=O)N1C=CC1=C2C(=O)N2C=CC1=C2C(=O)N2C=CC1=C2C(=O)N2C=CC1=C2C(=O)N2C=CC1=C2C(=O)N2C=CC1=C2C(=O)N,C1=CC(=O)N2C(=O)C=CC2=CN2C(=O)C=CC2=CN2C(=O)C=CC2=CN2C(=O)C=CC2=CN2C(=O)C=CC2=CN2C(=O)C=CC2=O)C=C1
C1C(C(=O)C=CC2=CN2C(=O)C=CC2=CN2C(=O)C=CC2=CN2C(=O)C=CC2=CN2C(=O)C=CC2=CN2C(=O)C=CC2=CN2C(=O)C=CC2=CN2,C1=CC(=O)C=CC1=CN1C(=O)C=CC1=CN1C(=O)C=CC1=CN1C(=O)C=CC1=CN1C(=O)C=CC1=CN1C(=O)C=CC1=CN1C(=O)C=CC1=CN1,C1=CC(=O)C=CC1=CN2C(=O)C=CC2=CN2C(=O)C=CC2=CN2C(=O)C=CC2=CN2C(=O)C=CC2=CN2C(=O)C=CC2=CN2C(=O)C=CC2=CN2,C1=CC(=O)C=CC1=CN1C(=O)C=CC1=CN1C(=O)C=CC1=CN1C(=O)C=CC1=CN1C(=O)C=CC1=CN1C(=O)C=CC1=CN1C(=O)C=CC1=CN1,O=C1C=CC(=CN2C(=O)C=CC2=CN2C(=O)C=CC2=CN2C(=O)C=CC2=CN2C(=O)C=CC2=CN2C(=O)C=CC2=CN2C=CC2=O)C=CC(=O)C1
C1=CC(=O)C=CC1=CN1C(=O)C=CC1=CN1C(=O)C=CC1=CN1C(=O)C=CC1=CN1C(=O)C=CC1=CN1C(=O)C=CC1=CN1C=CC1=O,O=C1C=CC(=C2C(=O)C=CC2=C[NH]2C(=O)C=CC2=C[NH]2C(=O)C=CC2=C[NH]2C(=O)C=CC2=C[NH]2C(=O)C=CC2=C[NH]2C=CC2=O,C1=CC(=O)C2=CC(=O)C3=CC(=O)C4=CC(=O)C5=CC(=O)C6=CC(=O)C7=CC(=O)C8=CC(=O)C9=CC(=O)C10=CC(=O)C11=CC(=O)C12=,C1=CC(=O)N2C(=O)C=CC2=CN2C(=O)C=CC2=CN2C(=O)C=CC2=CN2C(=O)C=CC2=CN2C(=O)C=CC2=CN2C(=O)C=CC2=CN2C(=O)C,C1=CC(=O)C=CC1=CN1C(=O)C=CC1=CN1C(=O)C=CC1=CN1C(=O)C=CC1=CN1C(=O)C=CC1=CN1C(=O)C=CC1=CN1C=CC1=O
C1=CC(=O)C2=CC(=O)C3=C(C(=O)C4=C(C(=O)C5=C(C(=O)C6=C(C(=O)C7=C(C(=O)C8=C(C(=O)C9=C(C(=O)C10=C(C(=O)C11=C(C(=O)C12=C,C1=CC(=O)N1C=CC1=CN1C(=O)C=CC1=CN1C(=O)C=CC1=CN1C(=O)C=CC1=CN1C(=O)C=CC1=CN1C(=O)C=CC1=CN1C=CC1=O,C1=CC(=O)N2C(=O)C=CC2=CN2C(=O)C=CC2=CN2C(=O)C=CC2=CN2C(=O)C=CC2=CN2C(=O)C=CC2=CN2C(=O)C=CC2=CN2C(=O)C,C1=CC(=O)N2C(=O)C=CC2=CN2C(=O)C=CC2=CN2C(=O)C=CC2=CN2C(=O)C=CC2=CN2C(=O)C=CC2=CN2C(=O)C=CC2=CN2C(=O)C,O=C1C=CC(=CN2C(=O)C=CC2=CN2C(=O)C=CC2=CN2C(=O)C=CC2=CN2C(=O)C=CC2=CN2C(=O)C=CC2=CN2C(=O)C=CC2=CN2C=CC2=
C1=CC(=O)C=CC1=CN1C(=O)C=CC1=CN1C(=O)C=CC1=CN1C(=O)C=CC1=CN1C(=O)C=CC1=CN1C(=O)C=CC1=CN1C(=O)C=CC1=CN1,C1=CC(=O)N(C1=CC(=O)C1=CC(=O)C1=CC(=O)C1=CC(=O)C1=CC(=O)C1=CC(=O)C1=CC(=O)C1=CC(=O)C1=CC(=O)C1=CC(=O)C1,C1=CC(=O)C=CC1=CN1C=CC(=O)C1=CC(=O)C=CC1=CN1C=CC(=O)C1=CC(=O)C=CC1=CN1C=CC(=O)C1=CC(=O)C=CC1=CN1C=CC(=O),C1=CC(=O)C=CC1=CN1C(=O)C=CC1=CN1C(=O)C=CC1=CN1C(=O)C=CC1=CN1C(=O)C=CC1=CN1C=CC1=O,C1=CC(=O)C2=C(C(=O)C3=C(C(=O)C4=C(C(=O)C5=C(C(=O)C6=C(C(=O)C7=C(C(=O)C8=C(C(=O)C9=C(C(=O)C10=C(C(=O)C11=C(C(=O)C12=C
"""O=C1C=CC(=CN2C(=O)C=CC2=CN2C(=O)C=CC2=CN2C(=O)C=CC2=CN2C(=O)C=CC2=CN2C=CC2=O)C=C1""",C1=CC(=O)C=CC1=CN1C(=O)C=CC1=CN1C(=O)C=CC1=CN1C(=O)C=CC1=CN1C(=O)C=CC1=CN1C=CC1=O,C1=CC(=O)C=CC1=CN1C(=O)C=CC1=CN1C(=O)C=CC1=CN1C(=O)C=CC1=CN1C(=O)C=CC1=CN1C=CC1=O,C1=CC(=O)C=CC1=CN1C(=O)C=CC1=CN1C(=O)C=CC1=CN1C(=O)C=CC1=CN1C(=O)C=CC1=CN1C=CC1=O,C1=CC(=O)N2C(=O)C=CC2=CN2C(=O)C=CC2=CN2C(=O)C=CC2=CN2C(=O)C=CC2=CN2C(=O)C=CC2=CN2C(=O)C=CC2=O)C=C1
C1=C(C(=O)C=CC2=C(C(=O)C=CC2=C(C(=O)C=CC2=C(C(=O)C=CC2=C(C(=O)C=CC2=C(C(=O)C=CC2=C(C(=O)C=CC2=C(C(=O)C=CC2=C(C(=O)C,C1=CC(=O)N1C=CC(=O)N1C=CC(=O)N1C=CC(=O)N1C=CC(=O)N1C=CC(=O)N1C=CC(=O)N1C=CC(=O)N1C=CC(=O)N1C=CC(=O)N,C1C(=O)C=CC(=CN2C(=O)C=CC2=CN2C(=O)C=CC2=CN2C(=O)C=CC2=CN2C(=O)C=CC2=CN2C(=O)C=CC2=CN2C(=O)C=CC2=CN2C(=,C1=CC(=O)N(C1=CC(=O)N(C1=CC(=O)N(C1=CC(=O)N(C1=CC(=O)N(C1=CC(=O)N(C1=CC(=O)N(C1=CC(=O)N(C1=CC(=O)N(C1=CC(=O)N,C1=C(C(=O)C=CC1=CN1C(=O)C=CC1=CN1C(=O)C=CC1=CN1C(=O)C=CC1=CN1C(=O)C=CC1=CN1C(=O)C=CC1=CN1C(=O)C=CC1=CN1
C1=CC(=O)N2C=CC(=O)C=CC2=CN2C(=O)C=CC2=CN2C(=O)C=CC2=CN2C(=O)C=CC2=CN2C(=O)C=CC2=CN2C(=O)C=CC2=CN2C=CC,C1=CC(=O)C2=C(C(=O)C3=C(C(=O)C4=C(C(=O)C5=C(C(=O)C6=C(C(=O)C7=C(C(=O)C8=C(C(=O)C9=C(C(=O)C1=C(C(=O)C2=C(C(=O)C3=C,O=C1C=CC(=CN2C(=O)C=CC2=CN2C(=O)C=CC2=CN2C(=O)C=CC2=CN2C(=O)C=CC2=CN2C(=O)C=CC2=CN2C=CC2=O)C=CC(=O)C1,C1=CC(=O)C2=C(C(=O)C(=O)C3=C(C(=O)C(=O)C(=O)C4=C(C(=O)C(=O)C(=O)C(=O)C(=O)C5=C(C(=O)C(=O)C(=O)C(=O)C(=O)C,C1=CC(=O)C2=C(C(=O)C(=C(C(=O)C(=C(C(=O)C(=C(C(=O)C(=C(C(=O)C(=C(C(=O)C(=C(C(=O)C(=C(C(=O)C(=C(C(=O)C(=C(C(=O)C(=C
C1=CC(=O)N(C1=CC(=O)C1=CC=CN1C(=O)C1=CC=CN1C(=O)C1=CC=CN1C(=O)C1=CC=CN1C(=O)C1=CC=CN1C(=O)C1=CC=CN1C=CC,C1=C(C(=O)C=CC2=CN2C(=O)C=CC2=CN2C(=O)C=CC2=CN2C(=O)C=CC2=CN2C(=O)C=CC2=CN2C(=O)C=CC2=CN2C(=O)C=CC2=CN2,O=C1C=CC(=CN2C(=O)C=CC2=CN2C(=O)C=CC2=CN2C(=O)C=CC2=CN2C(=O)C=CC2=CN2C(=O)C=CC2=CN2C(=O)C=CC2=CN2C(=O)C,C1=CC(=O)N1C=CC1=CC(=O)N1C=CC1=CC(=O)N1C=CC1=CC(=O)N1C=CC1=CC(=O)N1C=CC1=CC(=O)N1C=CC1=CC(=O)N1C=CC1=,C1=CC(=O)N(C1=CC(=O)N1C=CC(=O)N1C=CC(=O)N1C=CC(=O)N1C=CC(=O)N1C=CC(=O)N1C=CC(=O)N1C=CC(=O)N1C=CC(=O)N
C1=CC(=O)C2=CC(=O)C3=CC(=O)C4=CC(=O)C5=CC(=O)C6=CC(=O)C7=CC(=O)C8=CC(=O)C9=CC(=O)C1=C(C(=O)C2=C(C(=O)C3=C,C1=CC(=O)N1C=CC(=O)N1C=CC(=O)N1C=CC(=O)N1C=CC(=O)N1C=CC(=O)N1C=CC(=O)N1C=CC(=O)N1C=CC(=O)N1C=CC(=O)N,C1=CC(=O)C2=CC(=O)C3=CC(=O)C4=CC(=O)C5=CC(=O)C6=CC(=O)C7=CC(=O)C8=CC(=O)C9=CC(=O)C1C(=O)C2=CC(=O)C3=CC,C1=CC(=O)C1=CC(=O)C1=CC(=O)C1=CC(=O)C1=CC(=O)C1=CC(=O)C1=CC(=O)C1=CC(=O)C1=CC(=O)C1=CC(=O)C1=CC(=O)C1=,C1=CC(=O)C=CC1=CN1C=CC(=O)C=CC1=CN1C=CC(=O)C=CC1=CN1C=CC(=O)C=CC1=CN1C=CC(=O)C=CC1=CN1C=CC(=O)C=CC1=CN1C
C1C=CC(=O)C1=CN1C(=O)C1=CC1=CN1C(=O)C1=CC1=CN1C(=O)C1=CC1=CN1C(=O)C1=CC1=CN1C(=O)C1=CC1=CN1C(=O)C1=,C1=CC(=O)N1C=CC1=NC1=CC(=O)N1C=CC1=NC1=CC(=O)N1C=CC1=NC1=CC(=O)N1C=CC1=NC1=CC(=O)N1C=CC1=OCC(=O)C1=CC(=,C1=CC(=O)N(C2=CC(=O)N(C3=CC(=O)N(C4=CC(=O)N(C5=CC(=O)N(C6=CC(=O)N(C7=CC(=O)N(C8=CC(=O)N(C9=CC(=O)N(C10=CC(=O)N,C1=CC(=O)C=CC1=CN1C(=O)C=CC1=CN1C(=O)C=CC1=CN1C(=O)C=CC1=CN1C(=O)C=CC1=CN1C(=O)C=CC1=CN1C=CC1=O)C=CC(=,C1=CC(=O)C1=CC(=O)C1=CC(=O)C1=CC(=O)C1=CC(=O)C1=CC(=O)C1=CC(=O)C1=CC(=O)C1=CC(=O)C1=CC(=O)C1=CC(=O)C1=
C1=CC(=O)C2=CN2C(=O)C=CC2=CN2C(=O)C=CC2=CN2C(=O)C=CC2=CN2C(=O)C=CC2=CN2C(=O)C=CC2=CN2C=CC2=O)C=CC(=O),C1=CC(=O)C=CC1=CN1C=CC(=O)C1=CC(=O)C=CC1=CN1C=CC(=O)C1=CC(=O)C=CC1=CN1C=CC(=O)C1=CC(=O)C=CC1=CN1C=CC(=O),C1=CC(=O)C2=C(C(=O)C3=C(C(=O)C4=C(C(=O)C5=C(C(=O)C6=C(C(=O)C7=C(C(=O)C8=C(C(=O)C9=C(C(=O)C10=C(C(=O)C11=C(C(=O)C12=C,C1=CC(=O)N1C=CC(=O)N1C=CC(=O)N1C=CC(=O)N1C=CC(=O)N1C=CC(=O)N1C=CC(=O)N1C=CC(=O)N1C=CC(=O)N1C=CC(=O)N,C1=CC(=O)N(C1=CC(=O)C1=CC(=O)N(C1=CC(=O)C1=CC(=O)N(C1=CC(=O)C1=CC(=O)N(C1=CC(=O)C1=CC(=O)N(C1=CC(=O)C1=CC(=
C1=CC(=O)N1C=CC(=O)C1=CC(=O)N1C=CC(=O)C1=CC(=O)N1C=CC(=O)C1=CC(=O)N1C=CC(=O)C1=CC(=O)N1C=CC(=O)C1=CC(=,C1=CC(=O)C2=CC(=O)C3=C(C(=O)C4=C(C(=O)C5=C(C(=O)C6=C(C(=O)C7=C(C(=O)C8=C(C(=O)C9=C(C(=O)C10=C(C(=O)C11=C(C(=O)C12=C,C1=CC(=O)C=CC1=CN1C(=O)C=CC1=CN1C(=O)C=CC1=CN1C(=O)C=CC1=CN1C(=O)C=CC1=CN1C(=O)C=CC1=CN1C(=O)C=CC1=CN1,C1=CC(=O)N(C(C(=O)C=CC1=CN1C(=O)C=CC1=CN1C(=O)C=CC1=CN1C(=O)C=CC1=CN1C(=O)C=CC1=CN1C(=O)C=CC1=CN1C(=O)C,O=C1C=CC(=CN2C(=O)C=CC2=CN2C(=O)C=CC2=CN2C(=O)C=CC2=CN2C(=O)C=CC2=CN2C(=O)C=CC2=CN2C=CC2=O)C=CC(=O)C1
C1=CC(=O)C2=C(C(=O)C(=C(C(=O)C(=C(C(=O)C(=C(C(=O)C(=C(C(=O)C(=C(C(=O)C(=C(C(=O)C(=C(C(=O)C(=C(C(=O)C(=C(C(=O)C(=C,C1C(C(=O)C=CC2=CN2C(=O)C=CC2=CN2C(=O)C=CC2=CN2C(=O)C=CC2=CN2C(=O)C=CC2=CN2C(=O)C=CC2=CN2C(=O)C=CC2=CN2,C1=CC(=O)N(C2=C(C=CC(=O)N(C3=C(C=CC(=O)N(C4=C(C=CC(=O)N(C5=C(C=CC(=O)N(C6=C(C=CC(=O)N(C7=C(C=CC(=O)N(C8=C(C=CC(=O)N(C9,C1=CC(=O)C2=CC(=O)C3=CC(=O)C4=CC(=O)C5=CC(=O)C6=CC(=O)C7=CC(=O)C8=CC(=O)C9=CC(=O)C1=C1C(=O)C2=C2C(=O)C,C1=CC(=O)C=CC1=CN1C(=O)C=CC1=CN1C(=O)C=CC1=CN1C(=O)C=CC1=CN1C(=O)C=CC1=CN1C(=O)C=CC1=CN1C=CC1=O
C1=CC(=O)N(C=CC(=O)N(C=CC(=O)N(C=CC(=O)N(C=CC(=O)N(C=CC(=O)N(C=CC(=O)N(C=CC(=O)N(C=CC(=O)N(C=CC(=O)N2)C=CC2=C1),C1=CC(=O)N2C=CC(=O)C=CC2=CN2C(=O)C=CC2=CN2C(=O)C=CC2=CN2C(=O)C=CC2=CN2C(=O)C=CC2=CN2C=CC2=O)C1,O=C1C=CC(=C2C(=O)C=CC2=C(N3C(=O)C=CC3=C(N4C(=O)C=CC4=C(N5C(=O)C=CC5=C(N6C(=O)C=CC6=C(N7C(=O)C=CC7=C(N8C(=O)C,C1=CC(=O)N1C=CC1=CN1C(=O)C=CC1=CN1C(=O)C=CC1=CN1C(=O)C=CC1=CN1C(=O)C=CC1=CN1C(=O)C=CC1=CN1C=CC1=O,C1=CC(=O)N1C=CC1=NC1=CC(=O)N1C=CC1=NC1=CC(=O)N1C=CC1=NC1=CC(=O)N1C=CC1=NC1=CC(=O)N1C=CC1=NC1=CC(=O)N1C
C1=CC(=O)N1C=CC(=O)N1C=CC(=O)N1C=CC(=O)N1C=CC(=O)N1C=CC(=O)N1C=CC(=O)N1C=CC(=O)N1C=CC(=O)N1C=CC(=O)N,C1C(C(=O)C2=CC=CC2=CN2C(=O)C=CC2=CN2C(=O)C=CC2=CN2C(=O)C=CC2=CN2C=CC2=O)C=CC(=O)CC1,C1=CC(=O)C=CC1=CN1C(=O)C=CC1=CN1C(=O)C=CC1=CN1C(=O)C=CC1=CN1C(=O)C=CC1=CN1C(=O)C=CC1=CN1C(=O)C=CC1=O,C1=CC(=O)C=CC1=CN1C(=O)C=CC1=CN1C(=O)C=CC1=CN1C(=O)C=CC1=CN1C(=O)C=CC1=CN1C=CC1=O)C=CC(=O)CC1=CC1,O=C1C=CC(=CN2C(=O)C=CC2=CN2C(=O)C=CC2=CN2C(=O)C=CC2=CN2C(=O)C=CC2=CN2C(=O)C=CC2=CN2C(=O)C=CC2=CN2C=CC2=
C1C(=O)C=CC1=CN1C(=O)C=CC1=CN1C(=O)C=CC1=CN1C(=O)C=CC1=CN1C(=O)C=CC1=CN1C(=O)C=CC1=CN1C(=O)C=CC1=CN1C,C1C(C(=O)C2=CC(=C(C(=O)C3=CC(=C(C(=O)C4=CC(=C(C(=O)C5=CC(=C(C(=O)C6=CC(=C(C(=O)C7=CC(=C(C(=O)C8=CC(=C(C(=O)C9=,C1=CC(=O)C2=CC(=O)C3=CC(=O)C4=CC(=O)C5=CC(=O)C6=CC(=O)C7=CC(=O)C8=CC(=O)C9=CC(=O)C10=CC(=O)C11=CC(=O)C12=,C1=CC(=O)C2=CC(=O)C3=CC(=O)C4=CC(=O)C5=CC(=O)C6=CC(=O)C7=CC(=O)C8=CC(=O)C9=CC(=O)C10=CC(=O)C11=CC(=O)C12=,C1C=CC(=O)C1=CN2C(=O)C=CC2=CN2C(=O)C=CC2=CN2C(=O)C=CC2=CN2C(=O)C=CC2=CN2C(=O)C=CC2=CN2C(=O)C=CC2=CN2C
C1C(=O)C=CC1=CN2C(=O)C=CC2=CN2C(=O)C=CC2=CN2C(=O)C=CC2=CN2C(=O)C=CC2=CN2C(=O)C=CC2=CN2C(=O)C=CC2=CN2C,C1=CC(=O)C=CC1=CN1C(=O)C=CC1=CN1C(=O)C=CC1=CN1C(=O)C=CC1=CN1C(=O)C=CC1=CN1C(=O)C=CC1=CN1C(=O)C=CC1=CN1,C1=CC(=O)C=CC1=CN1C(=O)C=CC1=CN1C(=O)C=CC1=CN1C(=O)C=CC1=CN1C(=O)C=CC1=CN1C(=O)C=CC1=CN1C(=O)C=CC1=CN1,O=C1C=CC(=CN2C(=O)C=CC2=CN2C(=O)C=CC2=CN2C(=O)C=CC2=CN2C(=O)C=CC2=CN2C(=O)C=CC2=CN2C(=O)C=CC2=CN2C=CC2=,O=C1C=CC(=CN2C(=O)C=CC2=CN2C(=O)C=CC2=CN2C(=O)C=CC2=CN2C(=O)C=CC2=CN2C(=O)C=CC2=CN2C=CC2=O)C=CC(=O)C1
C1=CC(=O)C=CC1=CN1C(=O)C=CC1=CN1C(=O)C=CC1=CN1C(=O)C=CC1=CN1C(=O)C=CC1=CN1C(=O)C=CC1=CN1C(=O)C=CC1=CN1,C1C(=O)C=CC(=CN2C(=O)C=CC2=CN2C(=O)C=CC2=CN2C(=O)C=CC2=CN2C(=O)C=CC2=CN2C(=O)C=CC2=CN2C(=O)C=CC2=CN2C=,C1=CC(=O)C=CC1=CN1C=CC(=O)C1=CC=CN1C(=O)C1=CC=CN1C(=O)C1=CC=CN1C(=O)C1=CC=CN1C=CC1=O)C=CC(=O)C1=CC=CN1,C1=CC(=O)C2=CC(=O)C3=C(C(=O)C4=C(C(=O)C5=C(C(=O)C6=C(C(=O)C7=C(C(=O)C8=C(C(=O)C9=C(C(=O)C10=C(C(=O)C11=C(C(=O)C12=C,C1=CC(=O)C1=CC(=O)C1=CC(=O)C1=CC(=O)C1=CC(=O)C1=CC(=O)C1=CC(=O)C1=CC(=O)C1=CC(=O)C1=CC(=O)C1=CC(=O)C1=
C1=CC(=O)N2C(=O)C=CC2=CN2C(=O)C=CC2=CN2C(=O)C=CC2=CN2C(=O)C=CC2=CN2C(=O)C=CC2=CN2C=CC2=O)C1,C1C=CC(=O)N2C=CC2=CN2C(=O)C=CC2=CN2C(=O)C=CC2=CN2C(=O)C=CC2=CN2C(=O)C=CC2=CN2C(=O)C=CC2=CN2C(=O)C=CC2,C1=CC(=O)C2=CC(=O)C3=CC(=O)C4=CC(=O)C5=CC(=O)C6=CC(=O)C7=CC(=O)C8=CC(=O)C9=CC(=O)C1=C1C2=C2C3=C3C4=C4C,C1=CC(=O)N(C2=CC(=O)C=CC2=NC2=CC(=O)C=CC2=NC2=CC(=O)C=CC2=NC2=CC(=O)C=CC2=NC2=CC(=O)C=CC2=O)C1=CC(=O)N(C2,C1=CC(=O)N2C=CC(=O)C=CC2=CN2C(=O)C=CC2=CN2C(=O)C=CC2=CN2C(=O)C=CC2=CN2C(=O)C=CC2=CN2C(=O)C=CC2=CN2C(=O
C1=CC(=O)C1=CC(=O)C1=CC(=O)C1=CC(=O)C1=CC(=O)C1=CC(=O)C1=CC(=O)C1=CC(=O)C1=CC(=O)C1=CC(=O)C1=CC(=O)C1=,C1=CC(=O)N1C=CC1=CC(=O)N1C=CC1=CC(=O)N1C=CC1=CC(=O)N1C=CC1=CC(=O)N1C=CC1=CC(=O)N1C=CC1=O,C1=CC(=O)C=CC1=CN1C=CC(=O)C1=CC=CN1C(=O)C=CC1=CN1C(=O)C=CC1=CN1C=CC1=O)C=CC(=O)C1=CC=CN1C=CC1=O,C1=CC(=O)C=CC1=CN1C(=O)C=CC1=CN1C(=O)C=CC1=CN1C(=O)C=CC1=CN1C(=O)C=CC1=CN1C(=O)C=CC1=CN1C=CC1=O,C1=CC(=O)C=CC1=CN1C(=O)C=CC1=CN1C(=O)C=CC1=CN1C(=O)C=CC1=CN1C(=O)C=CC1=CN1C(=O)C=CC1=CN1C=CC1=O
C1=CC(=O)C2=CC(=O)C3=CC(=O)C4=CC(=O)C5=CC(=O)C6=CC(=O)C7=CC(=O)C8=CC(=O)C9=CC(=O)C10=CC(=O)C1=C(C(=O)C1),C1=CC(=O)N1C=CC1=NC1=CC(=O)N1C=CC1=NC1=CC(=O)N1C=CC1=NC1=CC(=O)N1C=CC1=NC1=CC(=O)N1C=CC1=NC1=CC(=O)N1C,C1C(=O)C=CC(=C1C(=O)C=CC1=NC1C(=O)C=CC(=C1C(=O)C=CC1=NC1C(=O)C=CC(=C1C(=O)C=CC1=NC1C(=O)C=CC(=C1C(=O)C,C1=CC(=O)N(C=CC1=NC1=C2C=CC(=O)N(C=CC1=NC1=C2C=CC(=O)N(C=CC1=NC1=C2C=CC(=O)N(C=CC1=NC1=C2C=CC(=O)N(C=CC1=NC1=C,C1=CC(=O)N(C2=CC(=O)N(C3=CC(=O)N(C4=CC(=O)N(C5=CC(=O)N(C6=CC(=O)N(C7=CC(=O)N(C8=CC(=O)N(C9=CC(=O)N(C10=CC(=O)N
C1CCC(=O)C2CC[C@]12CC[C@@H]1CC[C@]12CC(=O)C1CCC2[C@]12C,C1CC(=O)C2CC(C)C(=O)CC1CC2,C1CCC(=O)C2CCC(C)C(=O)C1CCC2,C1CCC(=O)C2CCC(C1)CC(C(C)C(=O)C1CC2)C2,C[C@]12CCC(=O)C[C@@H]1CC[C@@H]1[C@@H]2CC[C@]2(C)C(=O)CC[C@@H]12
C1=CC(=O)N1C=CC1=NC1=CC(=O)C1=CC=CN1C(=O)C1=CC=CN1C(=O)C1=CC=CN1C(=O)C1=CC=CN1C(=O)C1=CC=CN1C=CC1=O,C1=CC(=O)C2=CC=CC2=CN2C(=O)C=CC2=CN2C(=O)C=CC2=CN2C(=O)C=CC2=CN2C(=O)C=CC2=CN2C(=O)C=CC2=CN2C=CC2=O)C,C1=CC(=O)C=CC1=CN1C(=O)C=CC1=CN1C(=O)C=CC1=CN1C(=O)C=CC1=CN1C(=O)C=CC1=CN1C(=O)C=CC1=CN1C=CC1=O,C1=CC(=O)C=CC1=CN1C(=O)C=CC1=CN1C(=O)C=CC1=CN1C(=O)C=CC1=CN1C(=O)C=CC1=CN1C(=O)C=CC1=CN1C=CC1=O,O=C1C=CC(=CN2C(=O)C=CC2=CN2C(=O)C=CC2=CN2C(=O)C=CC2=CN2C(=O)C=CC2=CN2C(=O)C=CC2=CN2C(=O)C=CC2=CN2C(=O)C
C1=O=C2C=CC(=C3C=CC(=C4C=CC(=C5C=CC(=C6C=CC(=C7C=CC(=C8C=CC(=C9C=CC(=C10C=CC(=C11C=CC(=C12C=CC(=C13C=CC(=C14C=,O=C1C=CC(=CN2C(=O)C=CC2=CN2C(=O)C=CC2=CN2C(=O)C=CC2=CN2C(=O)C=CC2=CN2C(=O)C=CC2=CN2C(=O)C=CC2=CN2C(=O)C,C1=CC(=O)N(C2=CC(=O)C=CC2=C(N(C2=CC(=O)C=CC2=C(N(C2=CC(=O)C=CC2=C(N(C2=CC(=O)C=CC2=C(N(C2=CC(=O)C=CC2=C(N(C2=CC=O),C1=CC(=O)C=CC1=CN1C(=O)C=CC1=CN1C(=O)C=CC1=CN1C(=O)C=CC1=CN1C(=O)C=CC1=CN1C(=O)C=CC1=CN1C(=O)C=CC1=CN1,C1=CC(=O)C=CC1=CN1C(=O)C=CC1=CN1C(=O)C=CC1=CN1C(=O)C=CC1=CN1C(=O)C=CC1=CN1C=CC1=O
C1C(C(=O)C=CC1=CN1C(=O)C=CC1=CN1C(=O)C=CC1=CN1C(=O)C=CC1=CN1C(=O)C=CC1=CN1C(=O)C=CC1=CN1C=CC1=O)C=CC(=,C1=CC(=O)C=CC1=CN1C=CC(=O)C=CC1=CN1C=CC(=O)C=CC1=CN1C=CC(=O)C=CC1=CN1C=CC(=O)C=CC1=CN1C=CC(=O)C=CC1=CN1C,C1=CC(=O)C2=CC(=O)C3=CC(=O)C4=CC(=O)C5=CC(=O)C6=CC(=O)C7=CC(=O)C8=CC(=O)C9=CC(=O)C10=CC(=O)C1=C1C(=O)C1,C1=CC(=O)C=CC1=CN1C(=O)C=CC1=CN1C(=O)C=CC1=CN1C(=O)C=CC1=CN1C(=O)C=CC1=CN1C(=O)C=CC1=CN1C(=O)C=CC1=CN1,C1=CC=CC(=C1)C(=O)N1C=CC(=O)C1=CC=CC(=C1)C(=O)N1C=CC(=O)C1=CC=CC(=C1)C(=O)N1C=CC(=O)C1=CC=CC(=C1)C(=O)
C1=CC(=O)C2=CC=CC2=CN2C(=O)C=CC2=CN2C(=O)C=CC2=CN2C(=O)C=CC2=CN2C=CC2=OCCC1,C1=CC(=O)C2=CC=CC2=CN2C(=O)C=CC2=CN2C(=O)C=CC2=CN2C(=O)C=CC2=CN2C=CC2=OCCC1,O=C1C=CC(C(=O)C2=CC=CC2=CN2C(=O)C=CC2=CN2C(=O)C=CC2=CN2C(=O)C=CC2=CN2C=CC2=O)CCC1,C1=CC(=O)C=CC1=CN1C(=O)C=CC1=CN1C(=O)C=CC1=CN1C(=O)C=CC1=CN1C(=O)C=CC1=CN1C=CC1=OCCC1,O=C1C=CC(C(=O)C2=CC=CC2=CN2C(=O)C=CC2=CN2C(=O)C=CC2=CN2C(=O)C=CC2=CN2C(=O)C=CC2=CN2C=CC2=O)CC1C
C1=CC=CC(C(=O)C2=CC=CC2=CN2C(=O)C=CC2=CN2C(=O)C=CC2=CN2C(=O)C=CC2=CN2C=CC2=O)C1CCC1,C1C(=O)C2=CC=CC2=CN2C(=O)C=CC2=CN2C(=O)C=CC2=CN2C(=O)C=CC2=CN2C(=O)C=CC2=CN2C(=O)C=CC2=OCCC1,C1=CC=CC2=CN2C(=O)C=CC2=CN2C(=O)C=CC2=CN2C(=O)C=CC2=CN2C(=O)C=CC2=CN2C(=O)C=CC1CCC1,C1=CC=CC2=CN2C(=O)C=CC2=CN2C(=O)C=CC2=CN2C(=O)C=CC2=CN2C(=O)C=CC2=CN2C(=O)C1=CC=CC2=CN2C(=O)C=CC2=CN2C,C1=CC(=O)C=CC1=CN1C(=O)C=CC1=CN1C(=O)C=CC1=CN1C(=O)C=CC1=CN1C(=O)C=CC1=CN1C=CC1=OCCC1
C1CC(C(=O)C2=CC=CC2=CN2C(=O)C=CC2=CN2C(=O)C=CC2=CN2C(=O)C=CC2=CN2C(=O)C=CC2=CN2C=CC2=O)C=CC1=O,C1CC(C(=O)C2=CC=CC2=CN2C(=O)C=CC2=CN2C(=O)C=CC2=CN2C(=O)C=CC2=CN2C(=O)C=CC2=CN2C(=O)C=CC2=CN2C(=O)C=CC2,C1=CC(=O)C=CC1=CN1C=CC(=O)C=CC1=CN1C(=O)C=CC1=CN1C(=O)C=CC1=CN1C=CC1=O)C=CC(=O)CC1,C1CC(C(=O)C2=CC=CC2=CN2C(=O)C=CC2=CN2C(=O)C=CC2=CN2C(=O)C=CC2=CN2C(=O)C=CC2=CN2C(=O)C=CC2=CN2C(=O)C=CC2,CC1CC(C(=O)C2=CC=CC2=CN2C(=O)C=CC2=CN2C(=O)C=CC2=CN2C(=O)C=CC2=CN2C(=O)C=CC2=CN2C(=O)C=CC2=CN2C=CC2=O)C
C1=CC(=O)C2=CC(=O)C3=C(C(=O)C(=C(C(=O)C(=C(C(=O)C(=C(C(=O)C(=C(C(=O)C(=C(C(=O)C(=C(C(=O)C(=C(C(=O)C(=C(C(=O)C(=C,C1=CC(=O)C=CC1=CN1C(=O)C=CC1=CN1C(=O)C=CC1=CN1C(=O)C=CC1=CN1C(=O)C=CC1=CN1C(=O)C=CC1=CN1C(=O)C=CC1=O,C1=CC(=O)C=CC1=CN1C=CC(=O)C1=CC=CN1C(=O)C=CC1=CN1C(=O)C=CC1=CN1C(=O)C=CC1=CN1C(=O)C=CC1=CN1C(=O)C=CC1=,C1=CC(=O)N2C(=O)C=CC2=CN2C(=O)C=CC2=CN2C(=O)C=CC2=CN2C(=O)C=CC2=CN2C(=O)C=CC2=CN2C(=O)C=CC2=O)C=C1,C1C=CC(=C1)C1C=CC(=C1)C1C=CC(=C1)C1C=CC(=C1)C1C=CC(=C1)C1C=CC(=C1)C1C=CC(=C1)C1C=CC(=C1)C1C=CC(=C1
C1CC(C(=O)C2=CC=CC2=CN2C(=O)C=CC2=CN2C(=O)C=CC2=CN2C(=O)C=CC2=CN2C(=O)C=CC2=CN2C(=O)C=CC2=CN2C=CC2=O)C,CC1CC(C(=O)C2=CC=CC2=CN2C(=O)C=CC2=CN2C(=O)C=CC2=CN2C(=O)C=CC2=CN2C(=O)C=CC2=CN2C(=O)C=CC2=CN2C(=O)C=CC2,C1CC(C(=O)C2=CC=CC2=CN2C(=O)C=CC2=CN2C(=O)C=CC2=CN2C(=O)C=CC2=CN2C(=O)C=CC2=CN2C=CC2=O)C=CC1=O,CC1CC(C(=O)C2=CC=CC2=CN2C(=O)C=CC2=CN2C(=O)C=CC2=CN2C(=O)C=CC2=CN2C(=O)C=CC2=CN2C=CC2=O)C=CC1=O,CC1CC(C(=O)C2=CC=CC2=CN2C(=O)C=CC2=CN2C(=O)C=CC2=CN2C(=O)C=CC2=CN2C(=O)C=CC2=CN2C(=O)C=CC2=CN2C=CC2=O)C
C1=CC(=O)C=CC1=CN1C(=O)C=CC1=CN1C(=O)C=CC1=CN1C(=O)C=CC1=CN1C(=O)C=CC1=CN1C(=O)C=CC1=CN1C=CC1=O,C1=CC(=O)N(C1=CC(=O)C1=CC(=O)N(C1=CC(=O)C1=CC(=O)N(C1=CC(=O)C1=CC(=O)N(C1=CC(=O)C1=CC(=O)N(C1=CC(=O)C1=CC(=,C1=CC(=O)C=CC1=CN1C(=O)C=CC1=CN1C(=O)C=CC1=CN1C(=O)C=CC1=CN1C(=O)C=CC1=CN1C(=O)C=CC1=CN1C(=O)C=CC1=CN1,C1=CC(=O)N1C=CC1=C2C(=O)N2C=CC1=C2C(=O)N2C=CC1=C2C(=O)N2C=CC1=C2C(=O)N2C=CC1=C2C(=O)N2C=CC1=C2C(=O)N,C1=CC(=O)C=CC1=CN1C(=O)C=CC1=CN1C(=O)C=CC1=CN1C(=O)C=CC1=CN1C(=O)C=CC1=CN1C(=O)C=CC1=CN1C=CC1=O
C1=CC(=O)C1=CC(=O)C1=CC(=O)C1=CC(=O)C1=CC(=O)C1=CC(=O)C1=CC(=O)C1=CC(=O)C1=CC(=O)C1=CC(=O)C1=CC(=O)C1=,C1=CC(=O)C2=CC(=O)C3=C(C(=O)N3)C4=C(C(=O)N4)C5=C(C(=O)N5)C6=C(C(=O)N6)C7=C(C(=O)N7)C8=C(C(=O)N8)C9=C(C(=O,C1=CC(=O)C2=CC(=O)C3=CC(=O)C4=CC(=O)C5=CC(=O)C6=CC(=O)C7=CC(=O)C8=CC(=O)C9=CC(=O)C10=CC(=O)C1=C(C(=O)C1),C1=CC(=O)C2=CC(=O)C3=CC(=O)C4=C(C(=O)C5=C(C(=O)C6=C(C(=O)C7=C(C(=O)C8=C(C(=O)C9=C(C(=O)C10=C(C(=O)C11=C(C(=O)C12=C,C1=CC(=O)N(C1=CC(=O)C1=CC(=O)N(C1=CC(=O)C1=CC(=O)N(C1=CC(=O)C1=CC(=O)N(C1=CC(=O)C1=CC(=O)N(C1=CC(=O)C1=CC(=
C1=CC(=O)N1C=CC(=O)N1C=CC(=O)N1C=CC(=O)N1C=CC(=O)N1C=CC(=O)N1C=CC(=O)N1C=CC(=O)N1C=CC(=O)N1C=CC(=O)N,C1=CC(=O)N1C=CC1=NC1=C(C=O)C=CC1=NC1=C(C=O)C=CC1=NC1=C(C=O)C=CC1=NC1=C(C=O)C=CC1=NC1=C(C=O)C=CC1=NC1=C(C=O,C1=CC(=O)C=CC1=CN2C(=O)C=CC2=CN2C(=O)C=CC2=CN2C(=O)C=CC2=CN2C(=O)C=CC2=CN2C(=O)C=CC2=CN2C=CC2=O)C1,C1=CC(=O)C2=CC(=O)C3=CC(=O)C4=CC(=O)C5=CC(=O)C6=CC(=O)C7=CC(=O)C8=CC(=O)C9=CC(=O)C1=C(C(=O)C1=CC(=O)C1=,C1=CC(=O)C=CC1=CN1C(=O)C=CC1=CN1C(=O)C=CC1=CN1C(=O)C=CC1=CN1C(=O)C=CC1=CN1C=CC1=O)C=CC(=O)C1=CC=O
C1CC(C(=O)C2=CC=CC2=CN2C(=O)C=CC2=CN2C(=O)C=CC2=CN2C(=O)C=CC2=CN2C(=O)C=CC2=CN2C(=O)C=CC2=CN2C=CC2=O)C,C1CC(C(=O)C2=CC=CC2=CN2C(=O)C=CC2=CN2C(=O)C=CC2=CN2C(=O)C=CC2=CN2C(=O)C=CC2=CN2C(=O)C=CC2=CN2C=CC2=O)C,C1CC(C(=O)C2=CC=CC2=CN2C(=O)C=CC2=CN2C(=O)C=CC2=CN2C(=O)C=CC2=CN2C(=O)C=CC2=CN2C=CC2=O)C=CC1=O,CC1CC(C(=O)C2=CC=CC2=CN2C(=O)C=CC2=CN2C(=O)C=CC2=CN2C(=O)C=CC2=CN2C(=O)C=CC2=CN2C=CC2=O)C=CC1=O,CC1CC(C(=O)C2=CC=CC2=CN2C(=O)C=CC2=CN2C(=O)C=CC2=CN2C(=O)C=CC2=CN2C(=O)C=CC2=CN2C=CC2=O)C=CC1=O
C1=C1C=CN2C(=O)C2=C1C=CN1C(=O)C1=C1C=CN2C(=O)C2=C1C=CN1C(=O)C1=C1C=CN2C(=O)C2=C1C=CN1C(=O)C1=C1C=CN2,C1=CC(=O)N1C1=CC(=O)N1C1=CC(=O)N1C1=CC(=O)N1C1=CC(=O)N1C1=CC(=O)N1C1=CC(=O)O,C1=CC(=O)N1C1=CC(=O)N1C1=CC(=O)N1C1=CC(=O)N1C1=CC=O,C1=C1C=CN2C(=O)C2=C1C=CN1C(=O)C1=C1C=CN2C(=O)C2=C1C=CN1C(=O)C1=C1C=CN2C(=O)C2=C1C=CN1C(=O)C1=C1C=CC1,C1=CC=CC1=CC1=C(C=CC2=CC=CC2=O)C1=CC(=O)N1C1=C(C=CC2=C(C=CC3=C(C=CC=CC3=O)C3=CC=CC3=O)C2=CC=CC2=O)C1=CC(=O
C[C@]12CCC(=O)C[C@@H]1CC[C@@H]1[C@@H]2CC[C@]2(C)C(=O)CC[C@@H]12,C1CCC(=O)C2CCC(C(C)C(=O)CC1)C2,C1CCC(=O)C2CCC(C1)CC(C1)C(=O)CC2C(C)C(=O)C2,C1CCC(=O)C2CCC(C1)C(=O)CC1CCC2C(C)C(=O)CC1C2,C1CCC(=O)C1CC1CC1CC(=O)CC1CC1C
C1C(=O)C=CC(=CN2C(=O)C=CC2=CN2C(=O)C=CC2=CN2C(=O)C=CC2=CN2C(=O)C=CC2=CN2C(=O)C=CC2=CN2C(=O)C=CC2=CN2C(=,C1=CC(=O)N1C1=CC(=O)N1C1=CC(=O)N1C1=CC(=O)N1C1=CC(=O)N1C1=CC(=O)N1C1=CC(=O)N1C1=CC(=O)N1C1=CC(=O)N,C1=CC(=O)N1C=CC1=C(C(=O)N1C=CC1=C(C(=O)N1C=CC1=C(C(=O)N1C=CC1=C(C(=O)N1C=CC1=C(C(=O)N1C=CC1=C(C(=O)N1C=CC1=C,O=C1C=CC(=CN2C(=O)C=CC2=CN2C(=O)C=CC2=CN2C(=O)C=CC2=CN2C(=O)C=CC2=CN2C(=O)C=CC2=CN2C(=O)C=CC2=CN2C(=O)C,C1=CC(=O)C=CC1=CN1C(=O)C=CC1=CN1C(=O)C=CC1=CN1C(=O)C=CC1=CN1C(=O)C=CC1=CN1C(=O)C=CC1=CN1C=CC1=O
C1=CC(=O)C=CC1=CN1C(=O)C=CC1=CN1C(=O)C=CC1=CN1C(=O)C=CC1=CN1C(=O)C=CC1=CN1C(=O)C=CC1=CN1C=CC1=O,C1=CC(=O)C=CC1=CN1C(=O)C=CC1=CN1C(=O)C=CC1=CN1C(=O)C=CC1=CN1C(=O)C=CC1=CN1C(=O)C=CC1=CN1C=CC1=O,C1=CC(=O)C2=CC(=O)C3=CC(=O)C4=CC(=O)C5=CC(=O)C6=CC(=O)C7=CC(=O)C8=CC(=O)C9=CC(=O)C10=C1C(=O)C(=O)C(=O)C,C1=CC(=O)C2=CC(=O)C3=C(C(=O)C4=C(C(=O)C5=C(C(=O)C6=C(C(=O)C7=C(C(=O)C8=C(C(=O)C9=C(C(=O)C10=C(C(=O)C11=C(C(=O)C12=C,C1C(=O)C=CC(=CN2C(=O)C=CC2=CN2C(=O)C=CC2=CN2C(=O)C=CC2=CN2C(=O)C=CC2=CN2C(=O)C=CC2=CN2C=CC2=O)C=CC(=O)
C1=CC(=O)C2=CC(=O)C3=C(C(=O)C4=C(C(=O)C5=C(C(=O)C6=C(C(=O)C7=C(C(=O)C8=C(C(=O)C9=C(C(=O)C10=C(C(=O)C11=C(C(=O)C12=C,C1C=CC(=O)C2=CC(=O)C3=CC(=O)C4=CC(=O)C5=CC(=O)C6=CC(=O)C7=CC(=O)C8=CC(=O)C9=C1C(=O)C2=C1C(=O)C3=C1C(=O,C1=CC(=O)N2C(=O)C=CC2=CN2C(=O)C=CC2=CN2C(=O)C=CC2=CN2C(=O)C=CC2=CN2C(=O)C=CC2=CN2C(=O)C=CC2=CN2C(=O)C,C1=CC(=O)C2=CC(=O)C3=C(C(=O)C4=C(C(=O)C5=C(C(=O)C6=C(C(=O)C7=C(C(=O)C8=C(C(=O)C9=C(C(=O)C10=C(C(=O)C11=C(C(=O)C12=C,C1=CC(=O)C=CC1=CN1C(=O)C=CC1=CN1C(=O)C=CC1=CN1C(=O)C=CC1=CN1C(=O)C=CC1=CN1C(=O)C=CC1=CN1C(=O)C=CC1=CN1
C1=CC(=O)N(C2=CC(=O)N(C3=CC(=O)N(C4=CC(=O)N(C5=CC(=O)N(C6=CC(=O)N(C7=CC(=O)N(C8=CC(=O)N(C9=CC(=O)N(C10=CC(=O)N,C1=CC=CC1=C1C=CN2C(=O)C2=C1C=CN1C(=O)C1=C1C=CN2C(=O)C2=C1C=CN1C(=O)C1=C1C=CN2C(=O)C2=C1C=CN1C(=O)C1=C,C1=CC(=O)N(C1=CC(=O)N(C1=CC(=O)N(C1=CC(=O)N(C1=CC(=O)N(C1=CC(=O)N(C1=CC=O)C)C)C)C)C)C)C)C)C=O,C1=CC(=O)C1=CC1=C(C=CC1=O)C1=C(C=CC1=O)C1=C(C=CC1=O)C1=C(C=CC1=O)C1=C(C=CC1=O),C1=CC=CC1=C1C=CN2C(=O)C2=C1C=CN1C(=O)C1=C1C=CN2C(=O)C2=C1C=CN1C(=O)C1=C1C=CN2C(=O)C2=C1C=CN1C=CC1=O
C1=CC(=O)C=CC1=CN1C(=O)C=CC1=CN1C(=O)C=CC1=CN1C(=O)C=CC1=CN1C(=O)C=CC1=CN1C(=O)C=CC1=CN1C(=O)C=CC1=CN1,C1=CC(=O)C1=CC(=O)C1=CC(=O)C1=CC(=O)C1=CC(=O)C1=CC(=O)C1=CC(=O)C1=CC(=O)C1=CC(=O)C1=CC(=O)C1=CC(=O)C1=,C1=CC(=O)C=CC1=CN1C=CC(=O)C1=CC(=O)C=CC1=CN1C=CC(=O)C1=CC(=O)C=CC1=CN1C=CC(=O)C1=CC(=O)C=CC1=CN1C=CC(=O),C1C(=O)C=CC1=CN1C(=O)C=CC1=CN1C(=O)C=CC1=CN1C(=O)C=CC1=CN1C(=O)C=CC1=CN1C(=O)C=CC1=CN1C=CC1=O,C1=CC(=O)C=CC1=CN1C(=O)C=CC1=CN1C(=O)C=CC1=CN1C(=O)C=CC1=CN1C(=O)C=CC1=CN1C(=O)C=CC1=CN1C=CC1=O
C1=CC(=O)N2C(=O)C=CC2=CN2C(=O)C=CC2=CN2C(=O)C=CC2=CN2C(=O)C=CC2=CN2C(=O)C=CC2=CN2C(=O)C=CC2=CN2C(=O)C,O=C1C=CC(=CN2C(=O)C=CC2=CN2C(=O)C=CC2=CN2C(=O)C=CC2=CN2C(=O)C=CC2=CN2C(=O)C=CC2=CN2C(=O)C=CC2=CN2C(=O)C,C1C(=O)C=CC1=CN1C(=O)C=CC1=CN1C(=O)C=CC1=CN1C(=O)C=CC1=CN1C(=O)C=CC1=CN1C(=O)C=CC1=CN1C=CC1=O,O=C1C=CC(=CN2C(=O)C=CC2=CN2C(=O)C=CC2=CN2C(=O)C=CC2=CN2C(=O)C=CC2=CN2C(=O)C=CC2=CN2C(=O)C=CC2=CN2C(=O)C,C1=CC(=O)C=CC1=CN1C(=O)C=CC1=CN1C(=O)C=CC1=CN1C(=O)C=CC1=CN1C(=O)C=CC1=CN1C(=O)C=CC1=CN1C(=O)C=CC1=CN1
C1C(C(=O)C=CC2=CN2C(=O)C=CC2=CN2C(=O)C=CC2=CN2C(=O)C=CC2=CN2C(=O)C=CC2=CN2C(=O)C=CC2=O)C=C1,C1=CC(=O)C=CC1=CN1C(=O)C=CC1=CN1C(=O)C=CC1=CN1C(=O)C=CC1=CN1C(=O)C=CC1=CN1C(=O)C=CC1=CN1C(=O)C=CC1=O,C1=CC(=O)C=CC1=CN1C(=O)C=CC1=CN1C(=O)C=CC1=CN1C(=O)C=CC1=CN1C(=O)C=CC1=CN1C(=O)C=CC1=CN1C(=O)C=CC1=O,C1=CC(=O)C=CC1=CN1C(=O)C=CC1=CN1C(=O)C=CC1=CN1C(=O)C=CC1=CN1C(=O)C=CC1=CN1C(=O)C=CC1=CN1C(=O)C=CC1=O,C1=CC(=O)C=CC1=CN1C(=O)C=CC1=CN1C(=O)C=CC1=CN1C(=O)C=CC1=CN1C(=O)C=CC1=CN1C(=O)C=CC1=CN1C(=O)C=CC1=O
C1=CC(=O)C=CC1=CN1C(=O)C=CC1=CN1C(=O)C=CC1=CN1C(=O)C=CC1=CN1C(=O)C=CC1=CN1C(=O)C=CC1=CN1C(=O)C=CC1=CN1,C1=CC(=O)C=CC1=CN1C(=O)C=CC1=CN1C(=O)C=CC1=CN1C(=O)C=CC1=CN1C(=O)C=CC1=CN1C(=O)C=CC1=CN1C(=O)C=CC1=CN1,C1=CC(=O)C2=CN2C(=O)C=CC2=CN2C(=O)C=CC2=CN2C(=O)C=CC2=CN2C(=O)C=CC2=CN2C(=O)C=CC2=CN2C=CC2=O)C=CC(=O),C1=CC(=O)C=CC1=CN1C(=O)C=CC1=CN1C(=O)C=CC1=CN1C(=O)C=CC1=CN1C(=O)C=CC1=CN1C(=O)C=CC1=CN1C(=O)C=CC1=CN1,C1=CC(=O)C=CC1=CN1C(=O)C=CC1=CN1C(=O)C=CC1=CN1C(=O)C=CC1=CN1C(=O)C=CC1=CN1C=CC1=O
C1C(=O)C=CC1=CN2C(=O)C=CC2=CN2C(=O)C=CC2=CN2C(=O)C=CC2=CN2C(=O)C=CC2=CN2C(=O)C=CC2=CN2C(=O)C=CC2=CN2C,C1=CC(=O)N1C=CC(=O)N1C=CC(=O)N1C=CC(=O)N1C=CC(=O)N1C=CC(=O)N1C=CC(=O)N1C=CC(=O)N1C=CC(=O)N1C=CC(=O)N,O=C1C=CC(=CN2C(=O)C=CC2=CN2C(=O)C=CC2=CN2C(=O)C=CC2=CN2C(=O)C=CC2=CN2C(=O)C=CC2=CN2C=CC2=O)C1,O=C1C=CC(=CN2C(=O)C=CC2=CN2C(=O)C=CC2=CN2C(=O)C=CC2=CN2C(=O)C=CC2=CN2C(=O)C=CC2=CN2C(=O)C=CC2=CN2C(=O)C,C1=CC=CC(=C2C=CC(=O)C(=O)N2)C(=O)C1=CC=CC(=C2C=CC(=O)C(=O)N2)C(=O)C1=CC=CC(=C2C=CC(=O)C(=O)N2)C(=O)C1
C1=CC(=O)C2=CC(=O)C3=CC(=O)C4=CC(=O)C5=CC(=O)C6=CC(=O)C7=CC(=O)C8=CC(=O)C9=CC(=O)C10=CC(=O)C11=CC(=O)C12=,C1=CC(=O)N(C2=CC(=O)N(C3=CC(=O)N(C4=CC(=O)N(C5=CC(=O)N(C6=CC(=O)N(C7=CC(=O)N(C8=CC(=O)N(C9=CC(=O)N(C10=CC(=O)N,O=C1C=CC(=CN2C(=O)C=CC2=CN2C(=O)C=CC2=CN2C(=O)C=CC2=CN2C(=O)C=CC2=CN2C(=O)C=CC2=CN2C=CC2=O)C=CC(=O)C1,C1=CC(=O)C=CC1=CN2C(=O)C=CC2=CN2C(=O)C=CC2=CN2C(=O)C=CC2=CN2C(=O)C=CC2=CN2C(=O)C=CC2=CN2C=CC2=O,C1=CC(=O)N2C=CC(=O)N2C=CC(=O)N2C=CC(=O)N2C=CC(=O)N2C=CC(=O)N2C=CC(=O)N2C=CC(=O)N2C=CC(=O)N2C=CC(=O)N
C1=CC(=O)C=CC1=CN1C(=O)C=CC1=CN1C(=O)C=CC1=CN1C(=O)C=CC1=CN1C(=O)C=CC1=CN1C(=O)C=CC1=CN1C(=O)C=CC1=CN1,C1=CC(=O)C=CC1=CN2C(=O)C=CC2=CN2C(=O)C=CC2=CN2C(=O)C=CC2=CN2C(=O)C=CC2=CN2C(=O)C=CC2=CN2C(=O)C=CC2=CN2,C1=CC(=O)C=CC1=CN1C(=O)C=CC1=CN1C(=O)C=CC1=CN1C(=O)C=CC1=CN1C(=O)C=CC1=CN1C(=O)C=CC1=CN1C=CC1=O,C1=CC(=O)N(C1=CC=CC1=NN1C(=O)C=CC1=NN1C(=O)C=CC1=NN1C(=O)C=CC1=NN1C(=O)C=CC1=NN1C(=O)C=CC1=NN1C=CC1=O),C1=CC(=O)N1C=CC1=NC1=OCC1=NC1=OCC1=NC1=OCC1=NC1=OCC1=NC1=OCC1=NC1=OCC1=NC1=OCC1=O
C1=CC(=O)C=CC1=CN1C(=O)C=CC1=CN1C(=O)C=CC1=CN1C(=O)C=CC1=CN1C(=O)C=CC1=CN1C(=O)C=CC1=CN1C(=O)C=CC1=CN1,C1=CC(=O)C=CC1=CN1C(=O)C=CC1=CN1C(=O)C=CC1=CN1C(=O)C=CC1=CN1C(=O)C=CC1=CN1C(=O)C=CC1=CN1C(=O)C=CC1=O,C1=CC(=O)C=CC1=CN1C=CC(=O)C1=CN1C=CC(=O)C1=CN1C=CC(=O)C1=CN1C=CC(=O)C1=CN1C=CC1=O,C1=CC(=O)C=CC1=CN1C=CC(=O)C=CC1=CN1C=CC(=O)C=CC1=CN1C=CC(=O)C=CC1=CN1C=CC(=O)C=CC1=CN1C=CC(=O)C=CC1=CN1C,C1=CC(=O)C2=CC=CC2=CN2C(=O)C=CC2=CN2C(=O)C=CC2=CN2C(=O)C=CC2=CN2C(=O)C=CC2=CN2C(=O)C=CC2=CN2C(=O)C=CC2
C1=CC(=O)N2C(=O)C=CC2=CN2C(=O)C=CC2=CN2C(=O)C=CC2=CN2C(=O)C=CC2=CN2C(=O)C=CC2=CN2C=CC2=O)C1,C1=CC(=O)N(C(C(=O)C=CC2=CN2C(=O)C=CC2=CN2C(=O)C=CC2=CN2C(=O)C=CC2=CN2C(=O)C=CC2=CN2C(=O)C=CC2=CN2C(=O)C,C1C(C(=O)C=CC2=C(C(=O)C=CC2=C(C(=O)C=CC2=C(C(=O)C=CC2=C(C(=O)C=CC2=C(C(=O)C=CC2=C(C(=O)C=CC2=C(C(=O)C=CC2=C(C(=O)C,C1=CC(=O)N2C(=O)C=CC2=CN2C(=O)C=CC2=CN2C(=O)C=CC2=CN2C(=O)C=CC2=CN2C(=O)C=CC2=CN2C(=O)C=CC2=CN2C(=O)C,C1=CC(=O)N(C1=CC(=O)N1=CC(=O)N1=CC(=O)N1=CC(=O)N1=CC(=O)N1=CC(=O)N1=CC(=O)N1=CC(=O)N1=CC(=O)N1=CC(=O)N1
C1=CC(=O)C=CC1=CN1C(=O)C=CC1=CN1C(=O)C=CC1=CN1C(=O)C=CC1=CN1C(=O)C=CC1=CN1C(=O)C=CC1=CN1C=CC1=O,C1=CC(=O)C2=C(C(=O)C(=O)C3=C(C(=O)C(=O)C(=O)C(=O)C(=O)C(=O)C(=O)C(=O)C(=O)C(=O)C(=O)C(=O)C(=O)C(=O)C(=O,C1=CC(=O)N2C(=O)C=CC2=CN2C(=O)C=CC2=CN2C(=O)C=CC2=CN2C(=O)C=CC2=CN2C(=O)C=CC2=CN2C(=O)C=CC2=O)C=CC(=O,C1=CC(=O)C=CC1=CN1C(=O)C=CC1=CN1C(=O)C=CC1=CN1C(=O)C=CC1=CN1C(=O)C=CC1=CN1C(=O)C=CC1=CN1C(=O)C=CC1=CN1,C1=CC(=O)N1C1=CC(=O)N1C1=CC(=O)N1C1=CC(=O)N1C1=CC(=O)N1C1=CC(=O)N1C1=CC(=O)N1C1=CC(=O)O
CC1CC(C(=O)C2=CC=CC2=CN2C(=O)C=CC2=CN2C(=O)C=CC2=CN2C(=O)C=CC2=CN2C(=O)C=CC2=CN2C=CC2=O)C=CC1=O,CC1CC(C(=O)C2=CC=CC2=CN2C(=O)C=CC2=CN2C(=O)C=CC2=CN2C(=O)C=CC2=CN2C(=O)C=CC2=CN2C(=O)C=CC2=CN2C=CC2=O)C,C1CC(C(=O)C2=CC=CC2=CN2C(=O)C=CC2=CN2C(=O)C=CC2=CN2C(=O)C=CC2=CN2C(=O)C=CC2=CN2C(=O)C=CC2=CN2C=CC2=O)C,C1CC(C(=O)C2=CC=CC2=CN2C(=O)C=CC2=CN2C(=O)C=CC2=CN2C(=O)C=CC2=CN2C(=O)C=CC2=CN2C=CC2=O)C=CC1=O,CC1CC(C(=O)C2=CC=CC2=CN2C(=O)C=CC2=CN2C(=O)C=CC2=CN2C(=O)C=CC2=CN2C(=O)C=CC2=CN2C(=O)C=CC2=CN2C=CC2=O)C
C1=CC(=O)N2C(=O)C=CC2=CN2C(=O)C=CC2=CN2C(=O)C=CC2=CN2C(=O)C=CC2=CN2C(=O)C=CC2=CN2C(=O)C=CC2=CN2C(=O)C,C1=CC(=O)N(C(=O)C1=CC=CC1=NC1=C2C(=O)C=CC2=NC2=C3C(=O)C=CC3=NC3=C4C(=O)C=CC4=NC4=C5C(=O)C=CC5=NC5=C6C(=O),C1=C2C=CC(=O)N2C(=O)C=CC2=CN2C(=O)C=CC2=CN2C(=O)C=CC2=CN2C(=O)C=CC2=CN2C(=O)C=CC2=CN2C(=O)C=CC2=CN2C(=,C1=CC(=O)N2C(=O)C=CC2=CN2C(=O)C=CC2=CN2C(=O)C=CC2=CN2C(=O)C=CC2=CN2C(=O)C=CC2=CN2C(=O)C=CC2=CN2C(=O)C,O=C1C=CC(=CN2C(=O)C=CC2=CN2C(=O)C=CC2=CN2C(=O)C=CC2=CN2C(=O)C=CC2=CN2C(=O)C=CC2=CN2C=CC2=O)C1
C1=C2C(=O)C(=C(C(=O)C(=C(C(=O)C(=C(C(=O)C(=C(C(=O)C(=C(C(=O)C(=C(C(=O)C(=C(C(=O)C(=C(C(=O)C(=C(C(=O)C(=C(C(=O)C(=,O=C1C=CC(=CN2C=CC(=O)C2=CN2C=CC(=O)C2=CN2C=CC(=O)C2=CN2C=CC(=O)C2=CN2C=CC(=O)C2=CN2C=CC2=O)C=C1,C1=CC(=O)N1C1=CC(=O)N1C1=CC(=O)N1C1=CC(=O)N1C1=CC(=O)N1C1=CC(=O)N1C1=CC(=O)N1C1=CC(=O)N1C1=CC(=O)N,C1=CC(=O)N(C2=CC(=O)C=CC2=CN2C(=O)C=CC2=CN2C(=O)C=CC2=CN2C(=O)C=CC2=CN2C(=O)C=CC2=CN2C(=O)C=CC2=O)C=C1,C1=CC(=O)C2=CC(=O)C3=CC(=O)C4=CC(=O)C5=CC(=O)C6=CC(=O)C7=CC(=O)C8=CC(=O)C9=CC(=O)C1=C10C(=O)N10C(=C1)C(=
C1=CC=CC1=CC1=C(C=CC2=CC=CC2=C1)C=CC1=C(C=CC2=C(C=CC=CC2=C1)C=CC1=C(C=CC2=C(C=CC=CC2=C1)C=CC1=C(C=CC2=C(C=CC=CC2=C1),C1=C1C=CC1=C1C=CN1C(=O)C1=C1C=CN1C(=O)C1=C1C=CN1C(=O)C1=C1C=CN1C(=O)C1=C1C=CN1C(=O)C1=C1C=CC1=O,C1=Cc2cc(cc(c2C(=O)C1)C1=Cc2cc(cc(c2C(=O)C1)C1=Cc2cc(C(N2C(=O)C2=C1C=CN1C(=O)C1=C1C=CN2C(=O)C2=C1C=CN1C(=O,C1=C1C=CC1=C1C=CN2C(=O)C2=C1C=CN1C(=O)C1=C1C=CN2C(=O)C2=C1C=CN1C(=O)C1=C1C=CN2C(=O)C2=C1C=CN1C(=O)C1,C1=CC(=O)N1C1=CC(=O)N1C1=CC(=O)N1C1=CC(=O)N1C1=CC(=O)N1C1=CC(=O)N1C1=CC(=O)N1C1=CC(=O)N1C1=CC1=C=O
C1=CC(=O)N2C(=O)C=CC2=CN2C(=O)C=CC2=CN2C(=O)C=CC2=CN2C(=O)C=CC2=CN2C(=O)C=CC2=CN2C(=O)C=CC2=CN2C(=O)C,C1=CC(=O)N1C(=O)C=CC1=C(N1C(=O)C=CC1=C(N1C(=O)C=CC1=C(N1C(=O)C=CC1=C(N1C(=O)C=CC1=C(N1C(=O)C=CC1=C(N1C(=O)C,O=C1C=CC(=CN2C(=O)C=CC2=CN2C(=O)C=CC2=CN2C(=O)C=CC2=CN2C(=O)C=CC2=CN2C(=O)C=CC2=CN2C=CC2=O)C1,C1=CC(=O)C=CC1=CN1C(=O)C=CC1=CN1C(=O)C=CC1=CN1C(=O)C=CC1=CN1C(=O)C=CC1=CN1C(=O)C=CC1=CN1C(=O)C=CC1=CN1,C1=CC(=O)N1C=CC1=CC(=O)N1C=CC1=CC(=O)N1C=CC1=CC(=O)N1C=CC1=CC(=O)N1C=CC1=CC(=O)N1C=CC1=CC(=O)N1C=CC1=
C1C(=O)C=CC(=C1C(=O)C=CC(=C1C(=O)C=CC(=C1C(=O)C=CC(=C1C(=O)C=CC(=C1C(=O)C=CC(=C1C(=O)C=CC(=C1C(=O)C=CC(=,O=C1C=CC(=CN2C(=O)C=CC2=CN2C(=O)C=CC2=CN2C(=O)C=CC2=CN2C(=O)C=CC2=CN2C(=O)C=CC2=CN2C(=O)C=CC2=CN2C=CC2=,C1=CC(=O)C=CC1=CN2C(=O)C=CC2=CN2C(=O)C=CC2=CN2C(=O)C=CC2=CN2C(=O)C=CC2=CN2C(=O)C=CC2=CN2C=CC2=O)C1,C1=CC(=O)N(C(=O)C=CC1=NC1=C(C(=O)C=CC1=NC1=C(C(=O)C=CC1=NC1=C(C(=O)C=CC1=NC1=C(C(=O)C=CC1=NC1=C(C(=O)C=CC1=NC1=C,O=C1C=CC(=CN2C(=O)C=CC2=CN2C(=O)C=CC2=CN2C(=O)C=CC2=CN2C(=O)C=CC2=CN2C(=O)C=CC2=CN2C=CC2=O)C1
C1CCC(=O)C2CC(C(C)C(=O)C1)CC2,C1CCC(=O)C2CCC(C(C)C(=O)CC2)C1,C1CCC(=O)C2CCC(C)C(=O)CC1CC2,C1=CC(=O)N1C=CC1=C(C(=O)N1C=CC(=O)N1C=CC(=O)N1C=CC(=O)N1C=CC(=O)N1C=CC(=O)N1C=CC(=O)N1C=CC(=O)O)C1=CC,C1=CC(=O)C=CC1=CN1C=CC(=O)C1=CC=CC1=CN1C=CC(=O)C1=CC=CC1=CN1C=CC(=O)C1=CC=CC1=CN1C=CC(=O)C1=CC=CC1=O)C1
C1C=CC(=O)N1C=CC1=CN1C(=O)C=CC1=CN1C(=O)C=CC1=CN1C(=O)C=CC1=CN1C(=O)C=CC1=CN1C(=O)C=CC1=CN1C=CC1=O,C1C(C(=O)C=CC1=CN1C(=O)C=CC1=CN1C(=O)C=CC1=CN1C(=O)C=CC1=CN1C(=O)C=CC1=CN1C(=O)C=CC1=CN1C=CC1=O)C=CC(=,C1=CC(=O)C=CC1=CN1C(=O)C=CC1=CN1C(=O)C=CC1=CN1C(=O)C=CC1=CN1C(=O)C=CC1=CN1C(=O)C=CC1=CN1C(=O)C=CC1=CN1,C1=CC(=O)N2C(=O)C=CC2=CN2C(=O)C=CC2=CN2C(=O)C=CC2=CN2C(=O)C=CC2=CN2C(=O)C=CC2=CN2C(=O)C=CC2=CN2C(=O)C,C1=CC(=O)C=CC1=CN1C(=O)C=CC1=CN1C(=O)C=CC1=CN1C(=O)C=CC1=CN1C(=O)C=CC1=CN1C(=O)C=CC1=CN1C(=O)C=CC1=O)
C1=CC(=O)N(C1=CC(=O)N(C1=CC(=O)N(C1=CC(=O)N(C1=CC(=O)N(C1=CC(=O)N(C1=CC(=O)N(C1=CC(=O)N(C1=CC(=O)N1)C1)C1),O=C1C=CC(=CN2C(=O)C=CC2=CN2C(=O)C=CC2=CN2C(=O)C=CC2=CN2C(=O)C=CC2=CN2C(=O)C=CC2=CN2C=CC2=O)C1,C1=CC(=O)N1C=CC1=CC(=O)N1C=CC1=CC(=O)N1C=CC1=CC(=O)N1C=CC1=CC(=O)N1C=CC1=CC(=O)N1C=CC1=CC(=O)N1C=CC1=,C1=CC(=O)C=CC1=CN1C(=O)C=CC1=CN1C(=O)C=CC1=CN1C(=O)C=CC1=CN1C(=O)C=CC1=CN1C(=O)C=CC1=CN1C(=O)C=CC1=CN1,C1=CC(=O)C=CC1=CN2C(=O)C=CC2=CN2C(=O)C=CC2=CN2C(=O)C=CC2=CN2C(=O)C=CC2=CN2C(=O)C=CC2=CN2C=CC2=O)C1
C1C=CC(=O)C=CC1=CN1C(=O)C=CC1=CN1C(=O)C=CC1=CN1C(=O)C=CC1=CN1C(=O)C=CC1=CN1C(=O)C=CC1=CN1C(=O)C=CC1=CN,C1=CC(=O)C2=C(C(=O)C(=C(C(=O)C(=C(C(=O)C(=C(C(=O)C(=C(C(=O)C(=C(C(=O)C(=C(C(=O)C(=C(C(=O)C(=C(C(=O)C(=C(C(=O)C(=C,C1=CC(=O)C=CC1=CN1C(=O)C=CC1=CN1C(=O)C=CC1=CN1C(=O)C=CC1=CN1C(=O)C=CC1=CN1C(=O)C=CC1=CN1C=CC1=O,O=C1C=CC(=CN2C(=O)C=CC2=CN2C(=O)C=CC2=CN2C(=O)C=CC2=CN2C(=O)C=CC2=CN2C(=O)C=CC2=CN2C(=O)C=CC2=CN2C=CC2=,C1=CC(=O)C2=CC(=O)C3=CC(=O)C4=CC(=O)C5=CC(=O)C6=CC(=O)C7=CC(=O)C8=CC(=O)C9=CC(=O)C10=CC(=O)C11=CC(=O)C12=C
C1=CC(=O)C2=C(C(=O)C3=C(C(=O)C4=C(C(=O)C5=C(C(=O)C6=C(C(=O)C7=C(C(=O)C8=C(C(=O)C9=C(C(=O)C10=C(C(=O)C11=C(C(=O)C12=C,C1C(=O)C=CC1CN2C(=O)C=CC2=CN2C(=O)C=CC2=CN2C(=O)C=CC2=CN2C(=O)C=CC2=CN2C(=O)C=CC2=CN2C(=O)C=CC2=O,C1=CC(=O)N2C(=O)C=CC2=CN2C(=O)C=CC2=CN2C(=O)C=CC2=CN2C(=O)C=CC2=CN2C(=O)C=CC2=CN2C(=O)C=CC2=CN2C(=O)C,C1C(=O)C=CC1=CN1C(=O)C=CC1=CN1C(=O)C=CC1=CN1C(=O)C=CC1=CN1C(=O)C=CC1=CN1C(=O)C=CC1=CN1C(=O)C=CC1=CN1C,C1O=C1C=CC(=CN2C(=O)C=CC2=CN2C(=O)C=CC2=CN2C(=O)C=CC2=CN2C(=O)C=CC2=CN2C(=O)C=CC2=CN2C=CC2=O)C=CC(=O)C
C1=CC(=O)C2=C(C=CC(=O)C3=C(C=CC(=O)C4=C(C=CC(=O)C5=C(C=CC(=O)C6=C(C=CC(=O)C7=C(C=CC(=O)C8=C(C=CC(=O)C9=C(C=CC(=O)C,C1=CC(=O)C=CC1=CN1C(=O)C=CC1=CN1C(=O)C=CC1=CN1C(=O)C=CC1=CN1C(=O)C=CC1=CN1C(=O)C=CC1=CN1C=CC1=O,O=C1C=CC(=CN2C(=O)C=CC2=CN2C(=O)C=CC2=CN2C(=O)C=CC2=CN2C(=O)C=CC2=CN2C(=O)C=CC2=CN2C=CC2=O)C=CC(=O)C1,C1=C2C=CC(=O)C2=C1C(=O)C2=C(C=CC(=O)C2=NC2=C(C=CC(=O)C2=NC2=C(C=CC(=O)C2=NC2=C(C=CC(=O)C2=NC2=C(C=CC(=O)C2=NC2,C1=CC(=O)C=CC1=CN1C(=O)C=CC1=CN1C(=O)C=CC1=CN1C(=O)C=CC1=CN1C(=O)C=CC1=CN1C(=O)C=CC1=CN1C(=O)C=CC1=CN1
C1=CC(=O)N(C(C(=O)C=CC1=NC1=C(C(=O)C=CC1=NC1=C(C(=O)C=CC1=NC1=C(C(=O)C=CC1=NC1=C(C(=O)C=CC1=NC1=C(C(=O)C=CC1=NC1,O=C1C=CC(=CN2C(=O)C=CC2=CN2C(=O)C=CC2=CN2C(=O)C=CC2=CN2C(=O)C=CC2=CN2C(=O)C=CC2=CN2C=CC2=O)C=CC(=O)C1,C1=CC(=O)C=CC1=CN1C(=O)C=CC1=CN1C(=O)C=CC1=CN1C(=O)C=CC1=CN1C(=O)C=CC1=CN1C=CC1=O,C1=CC(=O)C2=CC(=O)C3=CC(=O)C4=CC(=O)C5=CC(=O)C6=CC(=O)C7=CC(=O)C8=CC(=O)C9=CC(=O)C1=C10=CC(=O)C1=C11=CC(=O,C1=CC(=O)C2=CC(=O)C3=CC(=O)C4=CC(=O)C5=CC(=O)C6=CC(=O)C7=CC(=O)C8=CC(=O)C9=CC(=O)C1C(=O)C2=CC(=O)C3=CC
O=C1C=CC(C(=O)C2=CC=CC2=CN2C(=O)C=CC2=CN2C(=O)C=CC2=CN2C(=O)C=CC2=CN2C(=O)C=CC2=CN2C(=O)C=CC2=O)CC1,C1=CC=CC2=CN2C(=O)C=CC2=CN2C(=O)C=CC2=CN2C(=O)C=CC2=CN2C(=O)C=CC2=CN2C(=O)C=CC2=CN2C(=O)C=CC2=CN2C(=O),C1=CC(=O)C2=CC=CC2=CN2C(=O)C=CC2=CN2C(=O)C=CC2=CN2C(=O)C=CC2=CN2C(=O)C=CC2=CN2C(=O)C=CC2=CN2C(=O)C=CC2,C1=CC(=O)N2C(=O)C=CC2=CN2C(=O)C=CC2=CN2C(=O)C=CC2=CN2C(=O)C=CC2=CN2C(=O)C=CC2=CN2C(=O)C=CC2=O)C=C1,C1=CC(=O)C=CC1=CN2C(=O)C=CC2=CN2C(=O)C=CC2=CN2C(=O)C=CC2=CN2C(=O)C=CC2=CN2C(=O)C=CC2=CN2C=CC2=O
C1=CC(=O)C=CC1=CN1C(=O)C=CC1=CN1C(=O)C=CC1=CN1C(=O)C=CC1=CN1C(=O)C=CC1=CN1C(=O)C=CC1=CN1C(=O)C=CC1=CN1,C1=CC(=O)C=CC1=CN1C(=O)C=CC1=CN1C(=O)C=CC1=CN1C(=O)C=CC1=CN1C(=O)C=CC1=CN1C(=O)C=CC1=CN1C(=O)C=CC1=CN1,C1=CC(=O)C2=C(C(=O)C3=C(C(=O)C4=C(C(=O)C5=C(C(=O)C6=C(C(=O)C7=C(C(=O)C8=C(C(=O)C9=C(C(=O)C10=C(C(=O)C11=C(C(=O)C12=C,C1=CC(=O)C2=C(C(=O)C(=O)C3=C(C(=O)C(=O)C(=O)C(=O)C4=C(C(=O)C(=O)C(=O)C(=O)C(=O)C5=C(C(=O)C(=O)C(=O)C(=O)C,C1=CC(=O)C2=CC(=O)C3=CC(=O)C4=CC(=O)C5=CC(=O)C6=CC(=O)C7=CC(=O)C8=CC(=O)C9=CC(=O)C10=CC(=O)C11=CC(=O)C12=
C1=CC(=O)C=CC(=C2C=CC=C(C(=O)C(C=CC=C3C=CC(=O)C(=O)N3)C3=CC(=O)C(=O)N3)CC2=O)NC1=O,C1=CC=CC2=C1C(=O)C(=O)N2C3=CC=CC4=C3C(=O)C(=O)N4C(=O)C5=CC=CC(=O)C(=O)N5C(=O)C6=CC=CC(=O)C(=O)N6C(=O),C1=CC(=O)C(=O)N1C=CC(=O)C1=CC=CC(=O)N1C=CC(=O)C1=CC=CC(=O)N1C(=O)C1=CC=CC(=O)N1C(=O)C1=CC=CC(=O)N1C(=O,C1=CC(=O)C(=O)N1C=CC(=O)C1=CC=CC(=O)N1C=CC(=O)C1=CC=CC(=O)N1C=CC(=O)C1=CC=CC(=O)N1C(=O)C1=CC=CC(=O)N1C,C1=CC(=O)C(=O)N1C=CC(=O)C1=CC(=O)N1C(=O)C1=CC(=O)N1C(=O)C1=CC(=O)N1C(=O)C1=CC(=O)N1C(=O)C1=CC(=O)N1
C1=Oc2c3c(ccc3[nH]c2=O)C(=O)N4C(=O)C5=C4c6ccccc6C(=O)c5cccc7c5c(ccc5[nH]c5c6c(ccc6C(=O)C7=O)C(=O)c5=O),C1=Oc2ccc(cc2)C(=O)N3C(=O)c4c3cccc4N3C(=O)c5ccc(cc5)C(=O)C6ccc(cc6)C(=O)N3C(=O)c7ccccc7C(=O)c3c5c(cc(c5C(=O)N3C(=O,C1=Oc2ccccc2N3C(=O)C(=O)c4ccc(cc4)N3C(=O)C(=O)c5ccc(cc5)N3C(=O)c6ccccc6N3C(=O)c7ccc(cc7)N3C(=O)c8ccccc8N3C(=O)c9ccccc9,C1=Oc2ccccc2C(=O)N3C(=O)C(=O)c4c3cccc4N3C(=O)C(=O)c4cccc4N3C(=O)C(=O)c4ccccc43C(=O)C1=O,C1=Oc2ccccc2N3C(=O)c4c3cccc4N3C(=O)c5ccccc5N3C(=O)c6ccccc6N3C(=O)c7ccccc7N3C(=O)c8ccccc8N3C(=O)c9ccccc9N3C(=O)c1=O
C1=Oc2c3c(ccc3n2C(=O)C(=O)N4C(=O)c5c4cccc5N4C(=O)c6c5cccc5c4c(ccc4=O)c6=O)cccc(=O)c1=O,C1=Oc2c3c(ccc3n1)C(=O)N4C(=O)C(=O)c5c4cccc5N4C(=O)C(=O)c5cccc(=O)c5=Oc6ccccc6N5C(=O)C(=O)c5=Oc6cccc(=O)c5=Oc,C1=Oc2ccc(cc2)C(=O)N3C(=O)C(=O)c4c3cccc4N3C(=O)C(=O)c4ccccc43C(=O)c1ccc(cc1)=O,C1=Oc2ccc(cc2)C(=O)N3C(=O)C(=O)c4c3cccc4N3C(=O)C(=O)c4ccc(cc4)C(=O)N3C(=O)C(=O)c4c3cccc4=O)c1cccc(=O)c1=O,C1=Oc2c(C(=O)N3C(=O)c4ccccc4C(=O)N3C(=O)c5ccccc5C(=O)c6ccccc6C(=O)c7ccccc7C(=O)N3C(=O)c8ccccc8C(=O)c9ccccc9C(=O)C(=O
C1=Oc2c3c(cc4c5c(cc(cc5)C(=O)N3C(=O)C(=O)c6ccccc6N3C(=O)C(=O)c7ccccc7)C(=O)N3C(=O)c4c(ccc4)N3C(=O)C(=O)c5ccccc,C1=Oc2c3c(c4c(c3c5c(c4c1c(c2=O)c5=O)C(=O)N3C(=O)C(=O)c6ccccc6N3C(=O)C(=O)c6ccccc6)C(=O)N3C(=O)C(=O)c7cc,C1=Oc2ccccc2C(=O)N3C(=O)C(=O)c4c3cccc4N3C(=O)C(=O)c4ccccc4C(=O)c2=Oc3cccc(=O)c1=O,C1=Oc2c3c(C(=O)N(C(=O)C(=O)c4ccc(cc4)N3)C(=O)c5ccc(cc5)C(=O)N2C(=O)C(=O)c6ccccc6N2)cccc(=O)c1=O,C1=Oc2c(C(=O)N3C(=O)C(=O)c4c3cccc4N3C(=O)C(=O)c4ccccc43)cccc(=O)c2=O)cccc(=O)c1=O
C1=Oc2ccccc2C(=O)N3C(=O)C(=O)c4c3cccc4N3C(=O)C(=O)c4cccc5c3ccc(cc5)c4C(=O)N3C(=O)C(=O)c4ccccc43C(=O)c2ccccc2C(=O)C1,C1=Oc2c3c(C(=O)N4C(=O)C(=O)c5c3cccc5N4C(=O)C(=O)c5ccccc54)cccc(=O)c2=Oc1=Oc1ccccc1C(=O)N2C(=O)C(=O)c3c2cccc3C(=,C1=Oc2c(N(C(=O)N3C(=O)C(=O)c4c3cccc4N3C(=O)C(=O)c4ccccc43)cccc(=O)c2=O)cccc(=O)c1=O,C1=Oc2ccc(cc2)C(=O)N3C(=O)c4c3cccc4N3C(=O)C(=O)c4ccccc4N3C(=O)c5ccc(cc5)C(=O)c4ccccc4C(=O)c2=O)cccc(=O)c1=O,C1=Oc2ccc(cc2)C(=O)N3C(=O)C(=O)c4ccc(cc4)N3C(=O)C(=O)c5ccc(cc5)N3C(=O)C(=O)c6ccccc6N3C(=O)C(=O)c7ccc(cc7)N3C(=O)C
C1=Oc2c(N(C(=O)C(=O)c3ccc(cc3)N1)C(=O)N(C(=O)c4ccc(cc4)N2)C(=O)c5ccccc5)ccc6c(N(C(=O)C(=O)c7ccc(cc7)N6)C(=O)N(C(=O)c8,C1=Oc2c3c(ccc3c4c5c6ccccc6ccc5c4N(C(=O)C(=O)c7c1ccc(cc7)C(=O)N2C(=O)c8c7cccc8)C(=O)N(C(=O)c9c1ccc(cc9)C(=O)N2C,C1=Oc2c3c(cc1O)c(cc3c4c(cc(cc4C(=O)N5C(=O)c6ccccc6C(=O)N5)c5ccccc5)C(=O)O)C(=O)N3C(=O)c4ccccc4c5c(cccc5C(=O)O)N,C1=Oc2c3c(cc1OC(=O)c4ccccc4)C(=O)(N(C(=O)c5ccccc5)c6ccccc6)N(C(=O)c7ccccc7)c3c2OC(=O)c8ccccc8OC(=O)c2ccccc2C(=O)c3ccccc3C(=O)c,C1=Oc2c3c(C(=O)N(C(=O)c4ccccc4)C(=O)N(C(=O)c4ccccc4)C(=O)c5ccccc5)ccc3c2N(C(=O)c6ccccc6)C(=O)c1=O
C1=Oc2ccccc2N3C(=O)C(=O)c4ccc(cc4)C(=O)N3c5ccc(cc5)C(=O)c6ccc(cc6)C(=O)N3c7ccc(cc7)C(=O)c8ccc(cc8)C(=O)C(=O)c9ccccc9N3,C1=Oc2ccccc2C(=O)N3C(=O)C(=O)c4c3cccc4N3C(=O)C(=O)c4ccccc43C(=O)c5ccccc5C(=O)c2ccccc2C(=O)c1=O,C1=Oc2ccccc2N3C(=O)C(=O)c4ccc(cc4)C(=O)N3C(=O)c5ccc(cc5)C(=O)c4ccccc4N3C(=O)c5ccc(cc5)C(=O)c4ccc(cc4)C(=O)c2=Oc1=O,C1=Oc2c3c(c(C(=O)N4C(=O)C(=O)c5c4cccc5)cc3N4C(=O)C(=O)c5c4cccc5)cccc(=O)c2=O)cccc(=O)c1=O,C1=Oc2c3c(ccc3O1)C(=O)N4C(=O)c5c4cccc5N4C(=O)c6c5cccc6O2=O
C1=CC(=O)N(C(C(=O)N(C(C(=O)N(C(C(=O)N(C(C(=O)N(C(C(=O)N(C(C(=O)N(C(C(=O)N(C(C(=O)N(C(C(=O)N(C(C(=O)N(C(C(=O)C1)C)C),C1=Oc2c3c(cc1OC(=O)N3c4ccc(cc4)C(=O)N5c6c(cc(cc6C(=O)N5)c7ccc(cc7)C(=O)N8c9c(cc(cc9C(=O)N8)c1ccc(cc1)C(=O)N2)c2ccc,C1=Oc2c3c(ccc3n2C(=O)N4C(=O)C(=O)c5c4cccc5N4C(=O)C(=O)c5ccc(cc5)C(=O)c2=O)c1cccc(=O)c1=O,C1=Oc2c3c(cc4c1ccc(cc4)C(=O)N3C(=O)C(=O)c5c4cccc5N3C(=O)C(=O)c6ccccc6c4)cccc(=O)c2=O,C1=Oc2c3c(cc4c(c(cc(c(c4c1c(=O)n5c(cc(c(c(c5C(=O)N6C(=O)c7c(cc(c(c7C(=O)N8C(=O)c9c(cc(c(c9C(=O)N10C(=O)c11c(cc(c(c11C(=
C1=CC(=O)N(C2=C(C(=O)N3C(=O)C(=O)C4=C5C=CC(=O)C5=C3N(C4=CC=C3)C(=O)C6=C(C(=O)N7C(=O)C(=O)C8=C9C=CC(=O)C9,C1=Oc2ccc(cc2)C(=O)N3C(=O)C(=O)c4c3cccc4N3C(=O)C(=O)c5ccccc5N3C(=O)C(=O)c6ccccc6c4=O)cccc(=O)c1=O,O=Cn1c(C(=O)n2c(C(=O)N3C(=O)C(=O)c4c3cccc4N3C(=O)C(=O)c4ccccc43)cccc(=O)c2=O)cccc(=O)c1=O,C1=Oc2ccccc2C(=O)N3C(=O)C(=O)c4c3cccc4N3C(=O)C(=O)c4ccccc43C(=O)c2ccccc2C(=O)c1ccccc1C(=O)c2ccccc2C(=O)c1=O,C1=Oc2c(C(=O)N3C(=O)C(=O)c4c3cccc4N3C(=O)C(=O)c4ccccc43)cccc(=O)c2=O)cccc(=O)c1=O
C1=Oc2ccc(cc2C(=O)N3C(=O)C(=O)c4ccc(cc4)N3C(=O)C(=O)c4ccc(cc4)N3C(=O)c5ccc(cc5)N3C(=O)c6ccccc6N3C(=O)c7ccc(cc7)N3C(=O,C1=CC(=O)N(C2=CC(=O)N(C3=CC(=O)N(C4=CC(=O)N(C5=CC(=O)N(C6=CC(=O)N(C7=CC(=O)N(C8=CC(=O)N(C9=CC(=O)N(C1=CC(=O)N,C1=Oc2ccccc2C(=O)N3C(=O)C(=O)c4c3cccc4N3C(=O)C(=O)c4ccccc43C(=O)N3C(=O)C(=O)c4c3cccc4C(=O)c1=O,C1=Oc2c3c(ccc3Oc4c5c(ccc5O)c(cc4N1C(=O)C(=O)N2C(=O)C(=O)c6ccc(cc6)N2C(=O)C(=O)c7ccc(cc7)N2C(=O)C(=O)c8ccc(cc8),C1=Oc2c3c(ccc3N1C(=O)C(=O)C(=O)c4ccc(cc4)N2C(=O)C(=O)c5c6ccccc6C(=O)c5N2C(=O)C(=O)c4ccc(cc4)N3C(=O)c2c3c(cc3N
C1=Oc2c3c(C(=O)N4C(=O)C(=O)c5c4cccc5N4C(=O)C(=O)c5cccc5N4C(=O)c6ccccc6N4C(=O)c7ccccc7N4C(=O)c5c6ccccc6c5)cccc(=O)c,C1=Oc2ccccc2C(=O)N3C(=O)c4ccccc4C(=O)N3C(=O)c5ccccc5N3C(=O)c6ccccc6C(=O)c7ccccc7N3C(=O)c8ccccc8N3C(=O)c4ccccc4C(=O)c2,C1=Oc2ccccc2C(=O)N3C(=O)C(=O)c4c3cccc4N3C(=O)C(=O)c4ccccc4N3C(=O)c1ccc(cc1)c2ccccc2C(=O)N3C(=O)c1ccc(cc1)c2ccccc2C(=O),C1=Oc2ccc(cc2)C(=O)N3C(=O)C(=O)c4c3cccc4N3C(=O)C(=O)c4ccccc4N3C(=O)c5ccc(cc5)C(=O)c6ccccc6N3C(=O)c7ccc(cc7)C(=O)c8ccccc,C1=Oc2ccc(cc2O)C(=O)N3C(=O)C(=O)c4c3cccc4N3C(=O)C(=O)c4ccccc43C(=O)C1=O
C1=CC(=O)N(C(C(=O)N(C(C(=O)N(C(C(=O)C2=CC(=O)N(C(C(=O)C3=CC(=O)N(C(C(=O)C4=CC(=O)N(C(C(=O)C5=CC(=O)N(C(C(=O)C6=,C1=Oc2ccc(cc2)C(=O)N3C(=O)c4c3cccc4N3C(=O)c5ccc(cc5)C(=O)c4c3cccc4N3C(=O)c5ccc(cc5)C(=O)c4cccc4=Oc2=Oc1=O,C1=CC=CC=C1C(=O)N2C(=O)C(=O)N3C(=O)C(=O)C4=CC=CC=C4N3C(=O)C(=O)C5=CC=CC=C5C(=O)N2C(=O)C(=O)C6=CC=CC=C6,C1=Oc2c3c(cc4c5c(cc(cc(c5c3c2O)C(=O)N4C(=O)C(=O)N5C(=O)C(=O)c6ccccc6)C(=O)N4C(=O)C(=O)c7ccccc7)C(=O)N5C(=,C1=Oc2ccc(cc2)C(=O)N3C(=O)C(=O)c4ccc(cc4)N3C(=O)c5ccc(cc5)C(=O)c6ccc(cc6)N3C(=O)c7ccc(cc7)C(=O)c8ccc(cc8)N3C(=O)c9ccc(cc9)
C1CC(=O)C=CN1C=C1C=CC(=O)C=C1C(=O)C=CN1C=C1C=CC(=O)C=C1C(=O)C=CN1C=C1C=CC(=O)C=C1C(=O)C=CN1C=C1C=CC(=O)C,C1=CC(=O)C=C1C=CN1C=C1C=CC(=O)C=C1C(=O)C=CN1C=C1C=CC(=O)C=C1C(=O)C=CN1C=C1C=CC(=O)C=C1C(=O)C=CN1C=C1C=CC,C1=CC(=O)C=CC1=CC1=CC=CC1=CC(=O)C=CC1=CC=CC1=CC(=O)C=CC1=CC=CC1=CC(=O)C=CC1=CC=CC1=CC(=O)C=CC1=CC=CC1=CC(=O),C1=C(C2=C(C3=C(C4=C(C5=CC=CC5=O)C=CC4=O)C=CC3=O)C=CC2=O)C=CC1=O,C1=CC=CC1=CC1=C(C2=C(C3=C(C4=C(C5=CC=CC5=O)C=CC4=O)C=CC3=O)C=CC2=O)C=CC1=O
O=Cn1c(C(=O)n2c(C(=O)N3C(=O)C(=O)c4c3cccc4N3C(=O)C(=O)c4ccccc43)cccc(=O)c2=O)cccc(=O)c1=O,C1=Oc2ccccc2O=Cc3c4c(ccc4N(C5c6c(cc(cc6C(=O)N(C(=O)C(=O)c7c(cccc7C(=O)N(C(=O)C(=O)c8c(cccc8C(=O)N(C(=O)C(=O)c9c(cc,C1=Oc2ccccc2C(=O)N3C(=O)C(=O)c4ccccc4N3C(=O)C(=O)c5ccccc5N3C(=O)C(=O)c6ccccc6N3C(=O)c7ccccc7C(=O)C(=O)c8ccccc8C(=O,C1=Oc2ccccc2N3C(=O)C(=O)c4c3cccc4N3C(=O)C(=O)c4ccccc4N3C(=O)c5ccccc5N3C(=O)c6ccccc6N3C(=O)c7ccccc7N3C(=O)c8ccccc8=O,C1=CC(=O)N(C2=CC(=O)C3=CC(=O)N(C4=CC(=O)C5=CC(=O)N(C6=CC(=O)C7=CC(=O)N(C8=CC(=O)C9=CC(=O)N(C10=CC(=O)C11=CC(=
C1=Oc2c(N(C(=O)N3C(=O)C(=O)c4c3cccc4N3C(=O)C(=O)c4ccccc43)cccc(=O)c2=O)cccc(=O)c1=O,C1=Oc2c3c(ccc3n2C(=O)N4C(=O)C(=O)c5c4cccc5N4C(=O)C(=O)c5cccc(=O)c2=O)cccc(=O)c1=O,C1=Oc2ccccc2C(=O)N3C(=O)C(=O)c4c3cccc4N3C(=O)C(=O)c4ccccc43C(=O)c5ccccc5N3C(=O)C(=O)c6ccccc6c5=O)cccc(=O)c1=O,C1=Oc2c3c(C(=O)N4C(=O)c5c4cccc5)cccc3c2C(=O)N4C(=O)c5c4cccc5C(=O)N4C(=O)c5c4cccc5C(=O)N4C(=O)c5c4cccc5C(=O)N4,C1=Oc2ccccc2C(=O)N3C(=O)C(=O)c4c3cccc4N3C(=O)C(=O)c5ccccc5N3C(=O)C(=O)c6ccccc6N3C(=O)c7ccccc7C(=O)c8ccccc8C(=O)c9cc
C1=Oc2c3c(c4c(c(c(c5c(c(c(c(c5C(=O)N6C(=O)c7c6cccc7N6C(=O)c7c6cccc7)C(=O)N6C(=O)c7c6cccc7)C(=O)c5c4cccc5)C(=O)N,C1=Oc2c3c(cc4c1ccc(cc4)C(=O)N3C(=O)C(=O)c5ccc(cc5)N2C(=O)C(=O)c6ccccc6C(=O)N2C(=O)c5ccc(cc5)N3C(=O)C(=O)c6ccccc6C,C1=Oc2c3c(cc4c5c1ccc(cc5)C(=O)N4C(=O)C(=O)c6ccccc6N3C(=O)C(=O)c7ccccc7C(=O)N2C(=O)C(=O)c8ccccc8C(=O)N3C(=O)C,C1=Oc2c3c(ccc3n2C(=O)C(=O)N4C(=O)C(=O)c5c4cccc5N4C(=O)C(=O)c5ccccc45)cccc(=O)c1=O,C1=Oc2c3c(cc4c1ccc(cc4)C(=O)N3C(=O)c5ccccc5N3C(=O)c6ccccc6C(=O)c5c3ccc(cc5)C(=O)O)cccc(=O)c2=O
C1=Oc2c3c(cc4c1ccc(cc4)C(=O)N3C(=O)C(=O)C5=C(C(=O)N5)C6=C(C(=O)N6)C7=C(C(=O)N7)c8ccccc8)C(=O)N2C(=O)C(=O),C1=Oc2ccc(cc2)C(=O)N3C(=O)C(=O)c4c3cccc4N3C(=O)C(=O)c4ccc(cc4)N3C(=O)C(=O)c4ccccc43C(=O)c1=O,C1=CC=CC=C1C(=O)N2C(=O)C(=O)N3C(=O)C(=O)C4=CC=CC=C4N3C(=O)C(=O)C5=CC=CC=C5C(=O)N6C(=O)C(=O)C7=CC=CC=C7,O=C1c2c(cc3c(cc(cc3)C(=O)N2C(=O)C(=O)C4=CC=CC=C4)C(=O)N3C(=O)C(=O)C5=C4C=CC(=C5)C3=O)C(=O)C5=CC=CC=C5)C,O=Cn1c(C(=O)n2c(C(=O)N3C(=O)C(=O)c4c3cccc4N3C(=O)C(=O)c4ccccc43)cccc(=O)c2=O)cccc(=O)c1=O
C1=Oc2ccc(cc2)C(=O)N3C(=O)C(=O)c4ccc(cc4)N3C(=O)C(=O)c5ccccc5C(=O)c6ccccc6C(=O)c7ccc(cc7)N3C(=O)C(=O)c8ccccc8C(=O)c9cc,C1=Oc2c3c(c(c4c3c(N5C(=O)c1c(c(c(c1O)C(=O))c5c1c(ccc1)C(=O)N1C(=O)c2c(c(c(c2O)C(=O))c1c(cccc1)C(=O)N1C(=O,C1=Oc2ccccc2N3C(=O)C(=O)c4c3cccc4N3C(=O)C(=O)c4ccccc4N3C(=O)C(=O)c5ccccc5N3C(=O)C(=O)c6ccccc6N3C(=O)C(=O)c7ccccc7,C1=CC=CC=C1C(=O)N2C(=O)C(=O)N3C(=O)C(=O)C4=CC=CC=C4N3C(=O)C(=O)C5=CC=CC=C5C2=O,C1=Oc2ccccc2N3C(=O)C(=O)c4ccccc4N3C(=O)C(=O)c5ccccc5N3C(=O)c6ccccc6N3C(=O)c7ccccc7N3C(=O)c8ccccc8N3C(=O)c9ccccc9N3C
C1=CC(=O)N2C(=O)C=C2C(=O)N2C(=O)C=C2C(=O)N2C(=O)C=C2C(=O)N2C(=O)C=C2C(=O)C=CN2C=CC(=O)C2=O)N1,C1=Oc1c2c(cc3c(cc(=O)c3c2O)N2C(=O)c3c(cc(=O)c3c2N2)C(=O)c3c(cc(=O)c3c2C(=O)N2)c1=O)c1c(cc(=O)c1c2c(cc(=O)c2c1,C1=CC(=O)N2C(=O)C=CC2=C(C(=O)N2C(=O)C=CC2=C(C(=O)N2C(=O)C=CC2=C(C(=O)N2C(=O)C=CC2=C(C(=O)N2C(=O)C=CC2=C(C(=,C1=Oc2ccccc2N3C(=O)c4ccc(cc4)C(=O)N3c5ccccc5C(=O)N3c6ccccc6C(=O)N3C(=O)c7ccccc7C(=O)N3c8ccccc8C(=O)C9=C(C(=O)N9,C1=CC(=O)N2C(=O)C=C2C(=O)N2C(=O)C=C2C(=O)N2C(=O)C=C2C(=O)N2C(=O)C=C2C(=O)C=CN2C=CC(=O)C2=O
C1=CC(=O)N2C(=O)C=CC2=C(C(=O)N2C(=O)C=CC2=C(C(=O)N2C(=O)C=CC2=C(C(=O)N2C(=O)C=CC2=C(C(=O)N2C(=O)C=CC2=C(C(=,C1=CC(=O)N2C(=O)C=C2C(=O)N2C(=O)C=C2C(=O)N2C(=O)C=C2C(=O)N2C(=O)C=C2C(=O)N2C(=O)C=C2C(=O)C=CN2C=CC(=,C1=CC(=O)N2C(=O)C=CC2=C(C(=O)N2C(=O)C=CC2=C(C(=O)N2C(=O)C=CC2=C(C(=O)N2C(=O)C=CC2=C(C(=O)N2C(=O)C=CC2=C(C(=,C1=Oc2cc1c(cc2N3C(=O)C(=O)C(=O)C(=O)C(=O)C(=O)C(=O)C(=O)C(=O)C(=O)C(=O)C(=O)C(=O)C(=O)C(=O)C(=O)C(=O,C1=OCC(=O)N2C(=O)C=C2C(=O)N2C(=O)C=C2C(=O)N2C(=O)C=C2C(=O)N2C(=O)C=C2C(=O)C=CN2C=CC(=O)C2=O)N1
C1=Oc2ccc(cc2C(=O)N3C(=O)C(=O)c4c3cccc4N3C(=O)C(=O)c4ccccc43)cccc(=O)c1=Oc1ccc(cc1C(=O)N2C(=O)C(=O)c3c2cccc3N2C(=O),C1=Oc2ccc(cc2)C(=O)N3C(=O)C(=O)c4c3cccc4N3C(=O)C(=O)c5ccc(cc5)C(=O)c6ccccc6N3C(=O)c7ccccc7C(=O)c4ccccc4C(=O)c2=O,O=C1c2c(cc3c4c(ccc(cc4N(C(=O)C(=O)C(=O)c5c3cccc5)C(=O)N(C(=O)C(=O)c6c5cccc6)C(=O))c7c(ccc(cc7N(C(=O)C(=O)c8c(ccc(cc8N,C1=Oc2c3c(cc4c(c3c1N2C(=O)C(=O)N3C(=O)C(=O)c4cccc3)cccc(=O)c4c3cccc4N3C(=O)C(=O)c4ccccc43)cccc(=O)c1=O,C1=Oc2c(C(=O)N3C(=O)C(=O)c4c3cccc4N3C(=O)C(=O)c4ccccc43)cccc(=O)c2=O)cccc(=O)c1=O
C1=O=C(C=C1)C(=O)N2C(=O)C=C2C(=O)N2C(=O)C=C2C(=O)N2C(=O)C=C2C(=O)N2C(=O)C=C2C(=O)C=CN2C=CC(=O)C2=O),C1=OCC(=O)N2C(=O)C=C2C(=O)N2C(=O)C=C2C(=O)N2C(=O)C=C2C(=O)N2C(=O)C=C2C(=O)N2C(=O)C=C2C(=O)N2C(=O)C,C1=CC(=O)N2C(=O)C=C2C(=O)N2C(=O)C=C2C(=O)N2C(=O)C=C2C(=O)N2C(=O)C=C2C(=O)C=CN2C=CC(=O)C2=O)N1,C1=CC(=O)N2C(=O)C=C2C(=O)N2C(=O)C=C2C(=O)N2C(=O)C=C2C(=O)N2C(=O)C=C2C(=O)C=CN2C=CC(=O)C2=O,C1=CC(=O)N2C(=O)C(=O)C(=O)C(=O)C(=O)C(=O)C(=O)C(=O)C(=O)C(=O)C(=O)C(=O)C(=O)C(=O)C(=O)C(=O)C(=O)C(=O
C1=Oc2c3c(ccc3n2C(=O)N4C(=O)C(=O)c5c4cccc5N4C(=O)C(=O)c5cccc(=O)c4c(ccc4c5=O)N5C(=O)c5cccc(=O)c4c(ccc4c5=O)C,C1=Oc2c3c(c4c(c(c(c(c4C(=O)N5C(=O)c6c5cccc6N5C(=O)c7c5cccc7N5C(=O)c8c5cccc8N5C(=O)c9c5cccc9N5C(=O)c1c5cccc1N5C(=,C1=Oc2ccccc2N3C(=O)C(=O)C(=O)c4c3cccc4N3C(=O)C(=O)c5ccccc5N3C(=O)C(=O)c6ccccc6N3C(=O)C(=O)c7ccccc7N3C(=O)C(=O)c,C1=Oc2ccccc2C(=O)N3C(=O)c4ccccc4N3C(=O)c5ccc(cc5)C(=O)N3C(=O)c6ccccc6N3C(=O)c7ccccc7N3C(=O)c8ccccc8C(=O)N3C(=O)c9cc,C1=CC(=O)N(C2=CC=CC=C2)C(=O)C3=CC(=O)N(C4=CC=CC=C4)C(=O)C5=CC(=O)N(C6=CC=CC=C6)C(=O)C7=C1C=CC=C7C(=O)C8=CC
C1=Oc2c(N(C(=O)N3C(=O)c4ccc(cc4)C(=O)N3C(=O)c4ccc(cc4)C(=O)N3C(=O)c5ccc(cc5)C(=O)N3C(=O)c6ccc(cc6)C(=O)N3C(=O)c7ccc,C1=Oc2c(C(=O)N3C(=O)C(=O)c4c3cccc4N3C(=O)C(=O)c4ccccc43)cccc(=O)c2=O)cccc(=O)c1=O,C1=Oc2c3c(ccc4c3c(ccc5c1ccc(cc5)C(=O)N3C(=O)C(=O)c4c3cccc4N3C(=O)C(=O)c5ccccc45)cccc(=O)c2=O)cccc(=O)c1=O,C1=Oc2ccccc2N3C(=O)C(=O)c4ccccc4N3C(=O)c5ccc(cc5)C(=O)N6C(=O)c7ccccc7C(=O)c8ccccc8C(=O)c9ccccc9C(=O)C(=O)N6C(=O)c1cc,C1=Oc2ccc(cc2)C(=O)N3C(=O)C(=O)c4ccc(cc4)N3C(=O)C(=O)c4ccc(cc4)N3C(=O)C(=O)c5ccccc5N3C(=O)C(=O)c6ccc(cc6)N3C(=O)C
C1=CC(=O)N2C(=O)C=C2C(=O)N2C(=O)C=C2C(=O)N2C(=O)C=C2C(=O)N2C(=O)C=C2C(=O)C=CN2C=CC(=O)C2=O)N1,C1=CC(=O)N2C(=O)C=CC2=CN2C(=O)C=CC2=CN2C(=O)C=CC2=CN2C(=O)C=CC2=CN2C(=O)C=CC2=CN2C(=O)C=CC2=CN2C(=O)C,C1=Oc2ccc(cc2)C(=O)N3C(=O)C(=O)c4c3cccc4N3C(=O)C(=O)c5ccccc5C(=O)c4cccc(=O)c4C(=O)c1=O,C1=Oc2ccccc2C(=O)N3C(=O)C(=O)c4c3cccc4N3C(=O)C(=O)c4ccccc4N3C(=O)c5ccccc5C(=O)c4c3cccc4=O)cccc(=O)c1=O,C1=CC(=O)C2=CC(=O)C3=CC(=O)C4=CC(=O)C5=CC(=O)C6=CC(=O)C7=CC(=O)C8=CC(=O)C9=CC(=O)C1C2C3C4C5C6C7C8C
C1=OCC(=O)N2C(=O)C=C2C(=O)N2C(=O)C=C2C(=O)N2C(=O)C=C2C(=O)N2C(=O)C=C2C(=O)C=CN2C=CC(=O)C2=O)N1,C1=CC(=O)N2C(=O)C(=O)C(=O)C(=O)C(=O)C(=O)C(=O)C(=O)C(=O)C(=O)C(=O)C(=O)C(=O)C(=O)C(=O)C(=O)C(=O)C(=O,C1=CC(=O)N2C(=O)C=C2C(=O)N2C(=O)C=C2C(=O)N2C(=O)C=C2C(=O)N2C(=O)C=C2C(=O)N2C(=O)C=C2C(=O)C=CC(=O)C2,O=C1C=C(C(=O)N2C(=O)C=C2C(=O)N2C(=O)C=C2C(=O)N2C(=O)C=C2C(=O)N2C(=O)C=C2C(=O)C=CN2C=CC(=O)C2=O)N1,C1=Oc1c2c(c(c(c(c(c(c(c(c(c(c(c(c(c(c(c(c(c(c(c(c(c(c(c(c(c(c(c(c(c(c(c(c(c(c(c(c(c(c(c(c(c(c(c(c(c(c(c(c(c(c(c(c(c(c(c(c(c(c(c(c(c(c(c(c(c(c(c(c(c(c(c
C1=Oc2c1ccc3c2N(C(=O)C(=O)c4ccc(cc4)C(=O)Nc5c4cccc5)C(=O)Nc3c1ccc1=O)C(=O)Nc1ccc(cc1)C(=O)Nc2ccc(cc2)C(=O)Nc,C1=Oc2c3c(cc1O)C(=O)N(C(=O)c4ccc(cc4)C(=O)N5c6ccccc6N(C(=O)C5)C(=O)c7ccccc7)C(=O)c3c2O,O=Cn1c(C(=O)n2c(C(=O)N3C(=O)C(=O)c4c3cccc4N3C(=O)C(=O)c4ccccc43)cccc(=O)c2=O)cccc(=O)c1=O,C1=Oc2ccc(cc2)C(=O)N3C(=O)C(=O)c4c3cccc4N3C(=O)C(=O)c4cccc(=O)c4c1=O,C1=CC(=O)N(C(=O)C2=CC(=O)N3C(=O)C(=O)C4=C5C=CC(=O)C5=C3C4=C2C6=C7C=CC(=O)C7=C6C(=O)N(C(=O)C8=CC(=O)C9=C
C1=O=C(C(=O)N2=C(C(=O)C=C2C(=O)N2=C(C(=O)C=C2C(=O)N2=C(C(=O)C=C2C(=O)N2=C(C(=O)C=C2C(=O)C=C2)C(=O)N2)C(=O),C1=Oc1c2c(cc3c(c(c(c(c(c(c(c(c(c(c(c(c(c(c(c(c(c(c(c(c(c(c(c(c(c(c(c(c(c(c(c(c(c(c(c(c(c(c(c(c(c(c(c(c(c(c(c(c(c(c(c(c(c(c(c(c(c(c(c(c(c(c(c(c(c(c(c(c,C1=CC(=O)N2C(=O)C=C2C(=O)N2C(=O)C=C2C(=O)N2C(=O)C=C2C(=O)N2C(=O)C=C2C(=O)N2C(=O)C=C2C(=O)C=CN2C=CC(=,C1=CC(=O)N2C(=O)C=C2C(=O)N2C(=O)C=C2C(=O)N2C(=O)C=C2C(=O)N2C(=O)C=C2C(=O)C=CN2C=CC(=O)C2=O)N1,C1=Oc2cc1c(c3c(c(c(c(c3O)c4c(cc(cc4C(=O)N5C(=O)c6c(cc(cc6C(=O)N5C(=O)c7c(cc(cc7C(=O)N5C(=O)c8c(cc(cc8C(=O)N5C(=O)c9
C1=OCC(=O)N2C(=O)C=C2C(=O)N2C(=O)C=C2C(=O)N2C(=O)C=C2C(=O)N2C(=O)C=C2C(=O)C=CN2C=CC(=O)C2=O)N1,C1=CC(=O)N2C(=O)C=CC2=C(C(=O)N2C(=O)C=C2C(=O)N2C(=O)C=C2C(=O)N2C(=O)C=C2C(=O)C=CN2C=CC(=O)C2=O)N1,C1=CC(=O)N2C(=O)C=CC2=C(C(=O)N2C(=O)C=CC2=C(C(=O)N2C(=O)C=CC2=C(C(=O)N2C(=O)C=CC2=C(C(=O)N2C(=O)C=CC2=C(C(=,C1=Oc1c2c(cc3c(c(cc(c(c3c2Nc2c(cc(cc2O)O)O)C(=O)N2)C(=O)N2)C(=O)N2)C(=O)N2)C(=O)N2)C(=O)N2C(=O)C1=,C1=OCC(=O)N2C(=O)C=C2C(=O)N2C(=O)C=C2C(=O)N2C(=O)C=C2C(=O)N2C(=O)C=C2C(=O)C=CN2C=CC(=O)C2=O)N1
C1c2c(c3c(c4c(c5c(c6c(c7c(c8c(c1c(c2c(c3c(c4c(c5c6c(c7c(c8c(c9c(c10c(c11c(c12c(c13c(c14c(c15c(c16c(c17c(c18c(c19c(c,C1c2c(cc3c(cc(cc(c4c(cc(cc(c5c(cc(cc(c6c(cc(cc(c7c(cc(cc(c8c(cc(cc(c9c(cc(cc(c10c(cc(cc(c11c(cc(cc(c12c(cc(cc(c13c(cc(cc(c14c(cc(cc(c15c(cc(cc(c16c(cc(cc(c17c(cc(cc,C1c2c(C(=O)n3c(C(=O)C=Cn4c(C(=O)C=Cn5c(C(=O)C=CC(=O)C5=O)cccc4=O)cccc3=O)cccc2=O)cccc1=O,C1c2c(C(=O)C(C(=O)C(C=C2)C3=C(C(=O)C(=O)C4=C(C(=O)C5=C(C(=O)C(=O)C6=C(C(=O)C7=C(C(=O)C(=O)C8=C(C(=O)C9=C(C(=O),C1c2c(c(C(=O)C(=O)C2=Cc3c4c(ccc4C(=O)C3=Cc5c6c(ccc6C(=O)C5=Cc7c8c(ccc8C(=O)C7=Cc9c1c(ccc1C(=O)C9=Cc10c
C1=CC(=O)N2C(=O)C=C2C(=O)N2C(=O)C=C2C(=O)N2C(=O)C=C2C(=O)N2C(=O)C=C2C(=O)N2C(=O)C=C2C(=O)C=CN2C=CC(=,C1=Oc1c2c(cc1O)C(=O)N2c1c(cc2C(=O)N2c1c(cc2C(=O)N2c1c(cc2C(=O)N2c1c(cc2C(=O)C2=C)N2)C(=O)C2=O)C(=O,C1=O1C=CC(=O)N2C(=O)C=CC2=C(C(=O)N2C(=O)C=CC2=C(C(=O)N2C(=O)C=CC2=C(C(=O)N2C(=O)C=CC2=C(C(=O)N2C(=O)C=CC,C1=Oc2cc(ccc2C(=O)Nc3c(cccc3C(=O)Nc4c(cccc4C(=O)Nc5c(cccc5C(=O)Nc6c(cccc6C(=O)Nc7c(cccc7C(=O)Nc8c(cccc8C(=O),C1=CC(=O)N2C(=O)C=C2C(=O)N2C(=O)C=C2C(=O)N2C(=O)C=C2C(=O)N2C(=O)C=C2C(=O)C=CN2C=CC(=O)C2=O)N1
C1=Oc2c3c(ccc3n2C(=O)N4C(=O)C(=O)c5c4cccc5N4C(=O)C(=O)c5cccc(=O)c5=O)cccc(=O)c1=O,O=C1c2c(cc3c(ccc(c3c4c(ccc(cc4C(=O)N5C(=O)C(=O)c6ccc(cc6)C(=O)N5C(=O)C(=O)c6c(ccc(cc6C(=O)N5C(=O)C(=O)c6cccc(c7c(ccc,O=Cn1c(C(=O)n2c(C(=O)N3C(=O)C(=O)c4c3cccc4N3C(=O)C(=O)c4ccccc43)cccc(=O)c2=O)cccc(=O)c1=O,C1=Oc2ccccc2N3C(=O)C(=O)c4ccccc4N3C(=O)C(=O)c5ccccc5N3C(=O)C(=O)c6ccccc6N3C(=O)c7ccccc7N3C(=O)c8ccccc8=Oc1=O,C1=Oc2ccccc2C(=O)N3C(=O)C(=O)c4c3cccc4N3C(=O)C(=O)c4ccccc4N3C(=O)C(=O)c5ccccc5c3=O)cccc(=O)c1=O
C1=Oc1c2c(cc3c(cc(=O)nc3)c2Nc1c1c(cc(=O)nc1)c2c(cc(=O)nc2)C(=O)N2C(=O)c1ccc2c(cc(=O)nc2)c1)C(=O)N1c1c(cc(=O)nc1,C1=OCC(=O)N2C(=O)C=C2C(=O)N2C(=O)C=C2C(=O)N2C(=O)C=C2C(=O)N2C(=O)C=C2C(=O)C=CN2C=CC(=O)C2=O)N1,C1=OCC(=O)N2C(=O)C=C2C(=O)N2C(=O)C=C2C(=O)N2C(=O)C=C2C(=O)N2C(=O)C=C2C(=O)C=CN2C=CC(=O)C2=O)N1,C1=Oc1c2c(cc(c2O)Nc2c(cc(c2C(=O)Nc2c(cc(c2C(=O)Nc2c(cc(c2C(=O)Nc2c(cc(c2C(=O)Nc2c(cc(c2C(=O)Nc2c(cc(c2C(=O),C1=CC(=O)N2C(=O)C=C2C(=O)N2C(=O)C=C2C(=O)N2C(=O)C=C2C(=O)N2C(=O)C=C2C(=O)C=CN2C=CC(=O)C2=O)N1
C1=CC(=O)N2C(=O)C=C2C(=O)N2C(=O)C=C2C(=O)N2C(=O)C=C2C(=O)N2C(=O)C=C2C(=O)C=CN2C=CC(=O)C2=O)N1,C1=CC(=O)N2C(=O)C(=O)C2=C(C(=O)N2C(=O)C(=O)C2=C(C(=O)N2C(=O)C(=O)C2=C(C(=O)N2C(=O)C(=O)C2=C(C(=O)N2C(=O,C1=Oc1c2c(cc3c1ccc(cc3)C(=O)N2C(=O)c2ccc(cc2)C(=O)N2C(=O)c2ccc(cc2)C(=O)N2C(=O)c2ccc(cc2)C(=O)N2C(=O)c2ccc(cc2)C(=O,C1=CC(=O)N2C(=O)C=CC2=C(C(=O)N2C(=O)C=CC2=C(C(=O)N2C(=O)C=CC2=C(C(=O)N2C(=O)C=CC2=C(C(=O)N2C(=O)C=CC2=C(C(=,C1=Oc1c2c(cc3c1c(cc(=O)c3N2)C(=O)N2)c2c(cc3c1c(cc(=O)c3N2)C(=O)N2)c2c(cc3c1c(cc(=O)c3N2)C(=O)N2)c2c(cc3c1c
O=C1C=C(C(=O)N2C(=O)C=C2C(=O)N2C(=O)C=C2C(=O)N2C(=O)C=C2C(=O)N2C(=O)C=C2C(=O)C=CN2C=CC(=O)C2=O)N1,C1=OCC(=O)N2C(=O)C=C2C(=O)N2C(=O)C=C2C(=O)N2C(=O)C=C2C(=O)N2C(=O)C=C2C(=O)C=CN2C=CC(=O)C2=O)N1,C1=OCC(=O)N2C(=O)C=CC2=C(C(=O)N2C(=O)C=CC2=C(C(=O)N2C(=O)C=CC2=C(C(=O)N2C(=O)C=CC2=C(C(=O)N2C(=O)C=CC2=C(C,C1=CC(=O)N2C(=O)C=C2C(=O)N2C(=O)C=C2C(=O)N2C(=O)C=C2C(=O)N2C(=O)C=C2C(=O)C=CN2C=CC(=O)C2=O)N1,C1=Oc1c2c(c(c(c(c(c(c(c(c(c(c(c(c(c(c(c(c(c(c(c(c(c(c(c(c(c(c(c(c(c(c(c(c(c(c(c(c(c(c(c(c(c(c(c(c(c(c(c(c(c(c(c(c(c(c(c(c(c(c(c(c(c(c(c(c(c(c(c(c(c(c(c
O=C1C=C(C(=O)N2C(=O)C=C2C(=O)N2C(=O)C=C2C(=O)N2C(=O)C=C2C(=O)N2C(=O)C=C2C(=O)C=CN2C=CC(=O)C2=O)N1,C1=CC(=O)N1C(=O)C1=CC(=O)N1C(=O)C1=CC(=O)N1C(=O)C1=CC(=O)N1C(=O)C1=CC(=O)N1C(=O)C1=CC(=O)N1C(=O)C1,C1=CC(=O)N2C(=O)C=C2C(=O)N2C(=O)C=C2C(=O)N2C(=O)C=C2C(=O)N2C(=O)C=C2C(=O)N2C(=O)C=C2C(=O)N2C(=O)C=C,C1=O=C(C(=O)N2C(=O)C=C2C(=O)N2C(=O)C=C2C(=O)N2C(=O)C=C2C(=O)N2C(=O)C=C2C(=O)C=CN2C=CC(=O)C2=O)C(=O),O=C1C=C(C(=O)N2C(=O)C=C2C(=O)N2C(=O)C=C2C(=O)N2C(=O)C=C2C(=O)N2C(=O)C=C2C(=O)C=CN2C=CC(=O)C2=O)N1
C1=OCC1=C(C(=O)N2C(=O)C=C2C(=O)N2C(=O)C=C2C(=O)N2C(=O)C=C2C(=O)N2C(=O)C=C2C(=O)C=CN2C=CC(=O)C2=O)N1,C1=CC(=O)N2C(=O)C=C2C(=O)N2C(=O)C=C2C(=O)N2C(=O)C=C2C(=O)N2C(=O)C=C2C(=O)C=CN2C=CC(=O)C2=O)N1,C1=CC(=O)N2C(=O)C=C2C(=O)N2C(=O)C=C2C(=O)N2C(=O)C=C2C(=O)N2C(=O)C=C2C(=O)C=CN2C=CC(=O)C2=O)N1,C1=OCC(=O)N2C(=O)C=CC2=C(C(=O)N2C(=O)C=CC2=C(C(=O)N2C(=O)C=CC2=C(C(=O)N2C(=O)C=CC2=C(C(=O)N2C(=O)C=CC2=C(C,C1=CC(=O)N2C(=O)C=C2C(=O)N2C(=O)C=C2C(=O)N2C(=O)C=C2C(=O)N2C(=O)C=C2C(=O)C=CN2C=CC(=O)C2=O
C1=CC(=O)N2C(=O)C=C2C(=O)N2C(=O)C=C2C(=O)N2C(=O)C=C2C(=O)N2C(=O)C=C2C(=O)C=CN2C=CC(=O)C2=O,C1=CC(=O)N2C(=O)C(=O)C2=O.C(=O)N2C(=O)C(=O)C2=O.C(=O)N2C(=O)C(=O)C2=O.C(=O)N2C(=O)C(=O)C2=O.C(=O)N,C1=Oc1c2c(cc3c(cc(c(c3c2c(=O)N2c(=O)c3c(cc(c(c3c2c(=O)N2c(=O)c3c(cc(c(c3c2c(=O)N2c(=O)c3c(cc(c(c3c2c(=O)c3c(cc(c,C1=C(C(=O)N2C(=O)C=C2C(=O)N2C(=O)C=C2C(=O)N2C(=O)C=C2C(=O)N2C(=O)C=C2C(=O)C=CN2C=CC(=O)C2=O)C(=O)N1,C1=O=C(C(=O)N2C(=O)C=CC2=C(C(=O)N2C(=O)C=CC2=C(C(=O)N2C(=O)C=CC2=C(C(=O)N2C(=O)C=CC2=C(C(=O)N2C(=O)C=CC2=C
C1=CC(=O)N1C1=CC(=O)N1C1=CC(=O)N1C1=CC(=O)N1C1=CC(=O)N1C1=CC(=O)N1C1=CC(=O)N1C1=CC(=O)N1C1=CC(=O)N,C1=CC(=O)C=CC1=CN1C(=O)C=CC1=CN1C(=O)C=CC1=CN1C(=O)C=CC1=CN1C(=O)C=CC1=CN1C(=O)C=CC1=CN1C=CC1=O,C1=CC(=O)C2=CC(=O)C3=CC(=O)C4=CC(=O)C5=CC(=O)C6=CC(=O)C7=CC(=O)C8=CC(=O)C9=CC(=O)C1=C(C(=O)C1=CC(=O)C1),C1=CC(=O)N1C=CC(=O)N1C=CC(=O)N1C=CC(=O)N1C=CC(=O)N1C=CC(=O)N1C=CC(=O)N1C=CC(=O)N1C=CC(=O)N1C=CC(=O)N,C1=CC(=O)C2=CC(=O)C3=CC(=O)C4=CC(=O)C5=CC(=O)C6=CC(=O)C7=CC(=O)C8=CC(=O)C9=CC(=O)C10=CC(=O)C11=CC(=O)C12=
O=C1C=CC(=CN2C(=O)C=CC2=CN2C(=O)C=CC2=CN2C(=O)C=CC2=CN2C(=O)C=CC2=CN2C(=O)C=CC2=CN2C(=O)C=CC2=CN2C=CC2=,C1=CC(=O)C=CC1=CN1C(=O)C=CC1=CN1C(=O)C=CC1=CN1C(=O)C=CC1=CN1C(=O)C=CC1=CN1C(=O)C=CC1=CN1C=CC1=O,C1=CC(=O)C=CC1=CN1C=CC(=O)C=CC1=CN1C(=O)C=CC1=CN1C(=O)C=CC1=CN1C(=O)C=CC1=CN1C(=O)C=CC1=CN1C=CC1=O,C1=CC(=O)C2=CC=CC2=CC(=O)C1=CC(=O)C1=CC(=O)C2=CC=CC2=CC(=O)C1=CC(=O)C1=CC(=O)C2=CC=CC2=CC(=O)C1=CC(=O)C1,C1=CC(=O)C2=CC(=O)C3=CC(=O)C4=C(C(=O)C5=C(C(=O)C6=C(C(=O)C7=C(C(=O)C8=C(C(=O)C9=C(C(=O)C10=C(C(=O)C11=C(C(=O)C12=C
C1=CC(=O)C2=C(C3=C(C4=C(C=C5C=CC=C5)C(=O)C=C4)C(=O)C=C3)C(=O)C=C2)C(=O)C=C1,C1=CC(=O)C=C1C1=CC(=O)C2=C(C3=C(C4=C(C=C5C=CC=C5)C(=O)C=C4)C(=O)C=C3)C(=O)C=C2)C(=O)C=C1,C1=C(C2=C(C3=C(C4=C(C=C5C=CC=C5)C(=O)C=C4)C(=O)C=C3)C(=O)C=C2)C(=O)C=C1C1=C(C2=C(C3=C(C4=C(C=C5C=CC=C5)C(=O)C=C4,C1=CC(=O)C2=C(C=C(C=C3C=CC=C3)C(=O)C=C2)C(=O)C=C1C1=C(C=CC(=O)C2=C(C=C(C=C3C=CC=C3)C(=O)C=C2)C(=O)C=C1)C(=O)C,C1=CC=CC=C1C1=CC=CC=C1C1=C(C2=C(C3=C(C4=C(C=C5C=CC=C5)C(=O)C=C4)C(=O)C=C3)C(=O)C=C2)C(=O)C=C1
C1=CC(=O)N1C1=CC(=O)N1C1=CC(=O)N1C1=CC(=O)N1C1=CC(=O)N1C1=CC(=O)N1C1=CC(=O)N1C1=CC(=O)N1C1=CC(=O)N,C1=CC(=O)N1C1=CC(=O)N1C1=CC(=O)N1C1=CC(=O)N1C1=CC(=O)N1C1=CC(=O)N1C1=CC(=O)N1C1=CC(=O)N1C1=CC(=O)N,C1=CC(=O)N1C(=O)C1=CC(=O)N1C(=O)C1=CC(=O)N1C(=O)C1=CC(=O)N1C(=O)C1=CC(=O)N1C(=O)C1=CC(=O)N1C(=O)C1,C1=CC(=O)N1C(=O)C1=CC(=O)N1C(=O)C1=CC(=O)N1C(=O)C1=CC(=O)N1C(=O)C1=CC(=O)N1C(=O)C1=CC(=O)N1C(=O)C1,O=C1C=CC(=O)N1C1=C(C(=O)N1)C1=C(C(=O)N1)C1=C(C(=O)N1)C1=C(C(=O)N1)C1=C(C(=O)N1)C1=C(C(=O)N1)C1=C(C(=O)N1
C1=C(F)C(F)C2[C@H]3[C@]4(C(=S)C1)[C@@]1(C)C(C(F)=C(F)C3)C(C)C4,C1=C(F)C(F)C2(C(C(=S)C1)C3(C(C4(C(C(C(C(C4)C3)S)C2)C)C)C)C)C)C,C1=CC(=O)C2=C(c3ccc(=O)c4ccc(=O)c(C=C5C=CC=C5)cc3c(=O)c4C(=C)C2)C=CC(=O)c6cc(C=C7C=CC=C7)c(=O)ccc6C(=O)C=C1,CC1=C(F)C2(C(C(F)(F)S3)C1)(C(C(F)(F)S4)C3)C4(C(C(F)(F)S4)C2)C,CC(=O)C1=C(c2ccc(=O)c3ccc(=O)c(C=C4C=CC=C4)cc3c(=O)c2)C=CC(=O)c2cc(C=C3C=CC=C3)c(=O)ccc2C(=O)C=C1
C1=CC(=O)C2=C(C(=O)C3=C(C(=O)C4=C(C(=O)C5=C(C(=O)C6=C(C(=O)C7=C(C(=O)C8=C(C(=O)C9=C(C(=O)C1=C(C(=O)C2=C(C(=O)C3=C,C1=CC(=O)C2=C(C(=O)C3=C(C(=O)C4=C(C(=O)C5=C(C(=O)C6=C(C(=O)C7=C(C(=O)C8=C(C(=O)C9=C(C(=O)C1=C(C(=O)C2=C(C(=O)C3=C,C1=CC=CC2=C(C(=O)C(=O)C3=C(C(=O)C(=O)C4=C(C(=O)C5=C(C(=O)C(=O)C6=C(C(=O)C(=O)C7=C(C(=O)C(=O)C8=C(C(=O)C(=O)C9,C1=CC=CC=C1C1=C(C2=C(C3=C(C4=C(C=C5C=CC=C5)C(=O)C=C4)C(=O)C=C3)C(=O)C=C2)C(=O)C=C1,C1=C(C(=O)C2=C(C3=C(C4=C(C=C5C=CC=C5)C(=O)C=C4)C(=O)C=C3)C(=O)C=C2)C(=O)C=C1
C1=Oc1c2c(cc1N2)C(=O)N2c1c(cc2C(=O)N2c1c(cc2C(=O)N2c1c(cc2C(=O)N2c1c(cc2C(=O)N2c1c(cc2C(=O)N2c1c(cc2,C1=CC(=O)N2C(=O)C=C2C(=O)N2C(=O)C=C2C(=O)N2C(=O)C=C2C(=O)N2C(=O)C=C2C(=O)C=CN2C=CC(=O)C2=O,C1=CC(=O)N2C(=O)C=C2C(=O)N2C(=O)C=C2C(=O)N2C(=O)C=C2C(=O)N2C(=O)C=C2C(=O)C=CN2C=CC(=O)C2=O,C1=Oc2cc(=O)n1c1ccc(cc1C(=O)N1c1ccc(cc1C(=O)N1c1ccc(cc1C(=O)N1c1ccc(cc1C(=O)N1c1ccc(cc1C(=O)N1c1ccc(cc1C(=O)N1)C2,O=C1C=C(C(=O)N2C(=O)C=C2C(=O)N2C(=O)C=C2C(=O)N2C(=O)C=C2C(=O)N2C(=O)C=C2C(=O)C=CN2C=CC(=O)C2=O)N1
C1=CC(=O)N(C=CC(=O)C=CC(=O)C2=CC=CC(=O)C(=O)N2)C1=O,C1=CC(=O)NC(=C2C=CC=C(C(=O)C(C=CC=C3C=CC(=O)C(=O)N3)C3=CC(=O)C(=O)N3)C2=O)CC2=C1,C1=CC(=O)N(C(=C2C=CC=C(C(=O)C(C=CC=C3C=CC(=O)C(=O)N3)C3=CC(=O)C(=O)N3)C2=O)C=C1)C(=O)N1C=CC(=O)C(=O)N1,C1=CC(=O)N(C=CC(=O)C(C=CC=C3C=CC(=O)C(=O)N3)C3=CC(=O)C(=O)N3)C1=O,C1=CC(=O)N1C=CC(=O)C1=C(C(=O)C2=CC(=O)C(=O)N2)C(C=CC=C3C=CC(=O)C(=O)N3)C=CC(=O)C1=C(C(=O)C2=CC(=O)C(=O)N
C1=CC=CC(=O)C(=O)N1C(=O)C2=CC=CC(=O)N2C(=O)C1=CC(=O)C(=O)N1C(=O)C2=CC=CC(=O)N2C(=O)C1=CC(=O)C(=O)N1C,C1=CC(=O)N1C=CC(=O)C1=CC=CC(=C2C=CC=CC(=O)N2C(=O)C2=CC=CC(=C3C=CC=CC(=O)N3C(=O)N3C(=O)c3ccc(cc3)N3C(=O)[nH,C1=CC=CC(=CC(=O)C2=CC=CC(=C3C=CC=CC(=O)N3C(=O)N3C=CC(=O)N3C=CC(=O)N3C(=O)N3C=CC(=O)N3C(=O)N3C=CC(=O)N3,C1=CC(=O)C=CC=CC(=O)N1C(=O)C2=CC=CC(=O)N2C(=O)C3=CC=CC(=O)N3C(=O)C4=CC=CC(=O)N4C(=O)C5=CC=CC(=O)N5C(=O,C1=CC(=O)C(=O)N1C=CC(=O)C1=CC=CC(=O)N1C=OCC1=CC(=O)N1C(=O)C2=CC(=O)N2C1=CC(=O)C(=O)N1C(=O)C1=CC(=O)N
C1=CC(=O)C2=CC(=O)C3=C(C=CC(=O)C4=C(C=CC(=O)C5=C(C=CC(=O)C6=C(C=CC(=O)C7=C(C=CC(=O)C1=C(C=CC(=O)C2=C(C=CC(=O)C3=C,C1=Cc2c(ccc(=O)c3cc(C=C4C=CC=C4)c(=O)ccc3c(=O)ccccc2=O)-c2ccc(=O)c3c1c(=O)c2C=C(C=C1C=CC=C1)C(=O)C=C3,C1=CC=C2C=CC=CC2=C1C(=O)C1=CC=CC=C2C=CC=CC2=C1C(=O)C1=CC=CC=C2C(=O)C1=CC=CC=C2C(=O)C1=CC=CC=C2C(=O)C1=CC=CC,C1=CC(=O)C2=C(C(=O)C3=C(C(=O)C4=C(C(=O)C5=C(C(=O)C1=CC(=O)C6=C(C(=O)C7=C(C(=O)C1=C(C(=O)C8=C(C(=O)C1=C(C(=O)C2=C,C1=CC=CC2=C1C(C(=O)C3=CC=CC(=O)C4=C3C=CC(=O)C5=C4C=CC(=O)C6=C5C=CC(=O)C7=C6C=CC(=O)C8=C7C=CC(=O)C9=C8C=CC
C1c2c(cc3c4c(cc(cc4c5c(cc(cc5C(=O)N2C(=O)C(=O)C(=O)C(=O)C(=O)C(=O)C(=O)C(=O)C(=O)C(=O)C(=O)C(=O)C(=O)C(=O,C1c2c(C(=O)N(C(=O)C=CN3C=CC(=O)C3=O)C=CC(=O)C3=O)cccc2=O)cccc1=O,C1c2c(C(=O)N(C(C(=O)C=C(C(=O)C3c4c(C(=O)C=CC(=O)C4=O)cccc3=O)cccc2=O)cccc1=O)C(=O)N(C(C(=O)C=C(C(=O)C5=C(C(=O)C,C1c2c(N(C(C(=O)C(=O)C=C(N(C(C(=O)C=C(N(C(C(=O)C=C(N(C(C(=O)C=C(N(C(C(=O)C=CC(=O)C2=O)C3=CC=CC=C3)C4=CC=CC=C4)C5=CC,C1c2c(cc3c(cc4c(cc5c(cc6c(cc7c(cc8c(cc9c(cc1c2c3c4c5c6c7c8c9)C(=O))C(=O))C(=O))C(=O))C(=O))C(=O))C(=O))C(=O)
C1=CC(=O)N1C2=CC(=O)N2C3=CC(=O)N3C(=O)C4=CC(=O)N4C(=O)C5=CC(=O)N5C(=O)C6=CC(=O)N6C(=O)C7=CC(=O)N7C,C1=CC=CC(=CC(=O)C2=CC=CC(=C3C=CC=CC(=O)N3C(=O)N3C(=O)c3ccc(=O)c(=O)[nH]3)C2=O)C2=CC(=O)C(=O)N2)C(=O)N1,C1C(C(=O)C2=C(C(=O)C3=C(C(=O)C4=C(C(=O)C5=C(C(=O)C6=C(C(=O)C7=C(C(=O)C8=C(C(=O)C9=C(C(=O)C1=C(C(=O)C1=C(C(=O)C1=C,C1=CC=CC1=C1C=CC1=C1C=CN1C(=O)C1=C1C=CN1C(=O)C1=C1C=CN1C(=O)C1=C1C=CC1=O,C1=C(C(=O)C2=C(C(=O)C3=C(C(=O)C4=C(C(=O)C5=C(C(=O)C6=C(C(=O)C7=C(C(=O)C8=C(C(=O)C9=C(C(=O)C1=C(C(=O)C1=C(C(=O)C1=C
C1=CC(=O)C(=O)N1C1=CC=CC(=C3C=CC=CC(=O)N3C(=O)C(=O)N3C(=O)C(=O)N3C(=O)N3C(=O)N3C(=O)N3C(=O)N3C(=O),C1=Oc2ccccc2N3C(=O)C(=O)c4ccc(cc4)C(=O)N3C(=O)c4ccccc4N3C(=O)c5ccc(cc5)C(=O)c4ccccc4N3C(=O)c5ccccc5C(=O)c1=O,O=C(c1ccccc1)n1c(=O)c(=O)n2c(=O)c(=O)c3ccccc3n2c(=O)c(=O)c2ccccc2c1=O,C1=CC=CC=C1C(=O)N1C(=O)C2=CC=CC=C2N1C(=O)C1=CC=CC=C1C2=CC=CC=C2C1=CC=CC=C1C1=CC=CC=C1C2=C1C(=O)N2C(=O)C1,C1=CC=CC=C1C(=O)N1C=Oc2ccccc2N1C(=O)C(=O)c3ccc(cc3)N1C(=O)C(=O)c2ccccc2N1C(=O)C(=O)C1=O
C1=CC=CC=C1C(=O)N1C(=O)C2=CC=CC=C2N2C(=O)C3=CC=CC=C3N3C(=O)C4=CC=CC=C4N4C(=O)C5=CC=CC=C5N5C(=O)C6=CC=CC,O=C(c1ccccc1)n1c(=O)c(=O)n2c(=O)c(=O)c3ccccc3n2c(=O)c(=O)c2ccccc2c1=O,C1=Oc2ccccc2c1n1c(=O)c(=O)n2c(=O)c(=O)c3ccccc3n2c(=O)c(=O)c2ccccc2c1=O,C1=CC=CC=C1C(=O)N1C(=O)C(=O)N2C(=O)C(=O)C3=CC=CC=C3C2=O1=CC=CC=CC1=O,C1=Oc2ccccc2N1c3c1ccccc1N3c1ccc(cc1)C(=O)Nc1ccc(cc1)C(=O)Nc1ccc(cc1)C(=O)Nc1ccc(cc1)C(=O)Nc1ccc(cc1)C(=O)N
C1=Oc2ccccc2C(=O)N3C(=O)C(=O)c4c3cccc4N3C(=O)C(=O)c4ccccc43C(=O)C1=O,C1=Oc2c3c(cc2O)N(C(C(=O)N(C(C(=O)C(=O)c4ccc(cc4)N1)C(=O)c5ccc(cc5)N3)C(=O)c6ccc(cc6)N3)C(=O)c7ccc(cc7)N1)C(=O)c8ccccc,C1=Oc2c3c(C(=O)N4C(=O)C(=O)c5c4cccc5N4C(=O)C(=O)c5ccccc45)c1ccc(cc1)C(=O)N3C(=O)C(=O)c4c3cccc4N3C(=O)C(=O)c4ccccc,C1=CC(=O)N(C(=O)C2=CC(=O)N(C(=O)C3=CC(=O)N(C(=O)C4=CC(=O)C5=C(C(=O)N(C(=O)C6=C(C(=O)N(C(=O)C7=C(C(=O)N(C(=O)C,C1=Oc2ccccc2C(=O)N3C(=O)C(=O)c4c3cccc4N3C(=O)C(=O)c5c4cccc5N3C(=O)C(=O)c6ccccc6c4=O)c1=O
C1=CC=CC(=CC(=O)C2=CC=CC(=C3C=CC=CC(=O)N3C(=O)N3C(=O)C3=CC=CC(=O)N3C(=O)N3C(=O)[nH]3)C2=O)C2=CC(=O)C(=,C1=CC=CC(=CC(=CC(=O)C2=CC=CC(=C3C=CC=CC(=O)N3C(=O)N3C(=O)N3C(=O)N3C(=O)c3ccc(cc3=O)[nH]3)C2=O)C2=CC(=O)C(=,C1=CC(=O)N1C(=O)C1=CC(=O)N1C(=O)C1=CC(=O)N1C(=O)C1=CC(=O)N1C(=O)C1=CC(=O)N1C(=O)C1=CC(=O)N1C(=O)C1,C1=CC(=O)N1C(=O)C2=CC=CC(=C3C=CC=CC(=O)N3C(=O)C4=CC=CC(=O)N4C(=O)C5=C6C=CC(=O)N6C(=O)C7=C8C=CC(=O)N8C,C1=CC(=O)N1C(=O)C1=CC(=O)C(=O)N1C(=O)C1=CC(=O)C(=O)N1C(=O)C1=CC(=O)C(=O)N1C(=O)C1=CC(=O)C(=O)N1C(=O
C1=OCC(=O)N2C(=O)C=C2C(=O)N2C(=O)C=C2C(=O)N2C(=O)C=C2C(=O)N2C(=O)C=C2C(=O)C=CN2C=CC(=O)C2=O)N1,C1=CC(=O)N2C(=O)C=C2C(=O)N2C(=O)C=C2C(=O)N2C(=O)C=C2C(=O)N2C(=O)C=C2C(=O)C=CN2C=CC(=O)C2=O)C1=O,C1=OCC(=O)N2C(=O)C=C2C(=O)N2C(=O)C=C2C(=O)N2C(=O)C=C2C(=O)N2C(=O)C=C2C(=O)N2C(=O)C=C2C(=O)C=CN2C=CC,C1=CC(=O)N2C(=O)C=C2C(=O)N2C(=O)C=C2C(=O)N2C(=O)C=C2C(=O)N2C(=O)C=C2C(=O)C=CN2C=CC(=O)C2=O)N1,C1=CC(=O)N2C(=O)C=C2C(=O)N2C(=O)C=C2C(=O)N2C(=O)C=C2C(=O)N2C(=O)C=C2C(=O)N2C(=O)C=C2C(=O)C=CN2C=CC(=
O=C(c1ccccc1)n1c(=O)c(=O)n2c(=O)c(=O)c3ccccc3n2c(=O)c(=O)c2ccccc2c1=O,C1=Oc2ccccc2c1N1C(=O)c2ccccc2c1=Oc1ccc(cc1)N1C(=O)c2ccccc2c1=Oc1ccccc1N1C(=O)c2ccccc2c1=O,C1=Oc2ccccc2N1c1ccc(cc1)N3C(=O)N(C(=O)C2=CC=CC=C2)C(=O)N(C(=O)C3=CC=CC=C3)C(=O)C4=CC=CC=C4,O=C(c1ccccc1)n1c(=O)c(=O)n2c(=O)c(=O)c3ccccc3n2c(=O)c(=O)c2ccccc2c1=O,C1=Oc2ccccc2N3C(=O)N(C(=O)C4=CC=CC=C4)C(=O)C5=CC=CC=C5N3C(=O)C1=Oc6ccccc6N3C(=O)C(=O)C7=CC=CC=C7N3
C1=CC(=O)C=CC1=C1C=CC(=O)C=C1C=CC(=O)C=C1C=CC=C1C=CC(=O)C=C1C=CC=C1C=CC(=O)C=C1C=CC=C1C=C1,C1=CC(=O)C=C1C=CC(=O)C=C1C=CC=C1C=CC(=O)C=C1C=CC=C1C=CC(=O)C=C1C=CC=C1C=CC(=O)C=C1C=CC=C1C=CC(=O)C=C1,C1=CC=CC(=O)C1=CC=CC(=O)C1=CC=CC(=O)C1=CC=CC(=O)C1=CC=CC(=O)C1=CC=CC(=O)C1=CC=CC(=O)C1=CC=CC(=O)C1=CC=CC(=O,C1=CC(=O)C=C1C1=CC=CC1=C1C1=CC=CC1=C1C1=CC=CC1=C1C1=CC=CC1=C1C1=CC=CC1=C1C1=CC=CC1=C1,O=CC=C1C=CC=C1C=CC(=O)C=C1C=CC=C1C=CC(=O)C=C1C=CC=C1C=CC(=O)C=C1C=CC=C1C=CC(=O)C=C1C=CC=C1C=C1C=CC(=O)C=C1
C1=Oc2c3c(ccc3N1C(=O)C(=O)c4ccc(cc4)C(=O)N5C(=O)C(=O)c6ccccc6N5C(=O)c7c(ccc7N5C(=O)c8ccccc8N5C(=O)c9ccccc9N5C(=,C1=Oc2ccccc2N3C(=O)C(=O)c4c3cccc4N3C(=O)C(=O)c5c4cccc5(=O)c2=Oc1=O,C1=Oc2c3c(ccc3Oc4c5c(ccc5O)c(cc4O)C(=O)N(C(=O)c6ccccc6)C(=O)c7c(ccc7O)C(=O)N(C(=O)c8ccccc8)C(=O)c9c(ccc9O)C(=O,O=Cn1c(C(=O)n2c(C(=O)N3C(=O)C(=O)c4c3cccc4N3C(=O)C(=O)c4ccccc43)cccc(=O)c2=O)cccc(=O)c1=O,C1=Oc2c3c(cc4c1ccc(cc4)N3C(=O)C(=O)N5C(=O)c6ccccc6C(=O)c5c7c(cc(c8c7c(cc(c8)O)O)O)O)C(=O)N2C(=O)C(=O)c4c(cc
C1=Oc2c3c(cc4c1ccc(cc4)C(=O)N3C(=O)C(=O)c5ccc(cc5)N2C(=O)C(=O)c6ccccc6N2C(=O)C(=O)c7ccc(cc7)N3C(=O)C(=O)c8ccccc8N,C1=Oc2ccc(cc2)C(=O)N3C(=O)C(=O)c4c3cccc4N3C(=O)C(=O)c4ccccc4N3C(=O)C(=O)c5ccccc5c4=O)cccc(=O)c1=O,O=Cn1c(C(=O)n2c(C(=O)N3C(=O)C(=O)c4c3cccc4N3C(=O)C(=O)c4ccccc43)cccc(=O)c2=O)cccc(=O)c1=O,C1=Oc2c3c(ccc3n2C(=O)c4ccc(cc4)C(=O)Nc5c6c(ccc6c7ccccc7C(=O)Nc8c9c(ccc9c10ccccc10C(=O)Nc11c12c(ccc12c13ccccc13C(=O,C1=Oc2ccc(cc2)C(=O)N3C(=O)C(=O)c4ccc(cc4)N3C(=O)C(=O)c5ccc(cc5)N3C(=O)C(=O)c6ccccc6N3C(=O)c7ccc(cc7)N3C(=O)c8ccccc8N
C1=CC(=O)C=C1C=CC(=O)C=C1C=CC(=O)C=C1C=CC(=O)C=C1C=CC(=O)C=C1C=CC(=O)C=C1C=CC(=O)C=C1C=CC(=O)C=C1,O=CC=C1C=CC=C1C=CC(=O)C=C1C=CC=C1C=CC(=O)C=C1C=CC=C1C=CC(=O)C=C1C=CC=C1C=CC(=O)C=C1C=CC=C1C=C1C=CC(=O)C=C1,C1=CC=C(C(=O)C=C1)C1=CC=C(C(=O)C=C1)C1=CC=C(C(=O)C=C1)C1=CC=C(C(=O)C=C1)C1=CC=C(C(=O)C=C1)C1=CC=C(C(=O)C=C1)C1,C1=CC(=O)C=CC1=CC1=C(C=CC(=O)C=C1)C=CC(=O)C1=C(C=CC(=O)C=C1)C=CC(=O)C1=C(C=CC(=O)C=C1)C=CC(=O)C1=C(C=CC=C1)C=,C1=CC=CC(=O)C=C1C=CC=C1C=CC(=O)C=C1C=CC=C1C=CC(=O)C=C1C=CC=C1C=CC(=O)C=C1C=CC=C1C=C1C=CC(=O)C=C1
CC(=O)C1=C(c2ccc(=O)c3ccc(=O)c(C=C4C=CC=C4)cc3c(=O)c2)C=CC(=O)c2cc(C=C3C=CC=C3)c(=O)ccc2C(=O)C=C1,CC(=O)C1=C(c2ccc(=O)c3ccc(=O)c(C=C4C=CC=C4)cc3c(=O)c2)C=CC(=O)c2cc(C=C3C=CC=C3)c(=O)ccc2C(=O)C=C1,CC(=O)C1=C(c2ccc(=O)c3ccc(=O)c(C=C4C=CC=C4)cc3c(=O)c2)C=CC(=O)c2cc(C=C3C=CC=C3)c(=O)ccc2C(=O)C=C1,CC(=O)C1=C(c2ccc(=O)c3ccc(=O)c(C=C4C=CC=C4)cc3c(=O)c2)C=CC(=O)c2cc(C=C3C=CC=C3)c(=O)ccc2C(=O)C=C1,CC(=O)C1=C(c2ccc(=O)c3ccc(=O)c(C=C4C=CC=C4)cc3c(=O)c2)C=CC(=O)c2cc(C=C3C=CC=C3)c(=O)ccc2C(=O)C=C1
C1CCC(=O)C1CC1CC1CC1(C)C(=O)CC1C1CC1,C1CCC(=O)C2CCC(C)C(=O)CC1CCC2,C[C@H]1CC(=O)C[C@H](C)CC[C@H]1CC(=O)C[C@H](C)CC[C@H]1C,C1CCC(=O)C2CC(C)C(=O)CC(C)C2C1,C1CCC(=O)C2CCC1CC1CC2C(C)C(=O)CC1CC2C2CCC1C
C1=CC=CC(=CC(=O)C2=CC=CC(=C3C=CC=CC(=O)N3C(=O)C(=O)N3C=CC(=O)C3=Cc1ccc(=O)[nH]3)c2ccc3C(=O)N(C(=O)C2=O)C3=,C1=CC(=O)C(=O)N1C=CC(=O)C1=CC(=O)C(=O)N1C=CC(=O)C1=CC(=O)C(=O)N1C=CC(=O)C1=CC(=O)C(=O)N1C=CC(=O)C1=CC,C1=CC=CC(=CC(=CC(=O)C2=CC=CC(=C3C=CC=CC(=O)N3C(=O)C4=CC=CC(=O)N4C(=O)C5=CC=CC(=O)N5C(=O)C6=CC=CC(=O)N6C(=O,C1=CC(=O)N1C2=CC(=O)C(=O)N2C3=CC=CC(=C4C=CC(=O)C(=O)N4C(=O)C5=CC=CC(=C6C=CC(=O)C(=O)N6C(=O)C7=CC=CC(=C,C1=CC(=O)C(=O)N1C2=CC(=O)C(=O)N2C3=CC(=O)C(=O)N3C(=O)C4=CC(=O)C(=O)N4C(=O)C5=CC(=O)C(=O)N5C(=O)C6=
C1=CC=CC=C1C(=O)N1C=CC(=O)N2C=CC(=O)N3C=CC(=O)N2C=CC(=O)C2=CC=CC=C2C1=O,C1=Oc2ccccc2N1c1c(=O)n2c(=O)c(=O)c3ccccc3n2c(=O)c(=O)c2ccccc2c1=O,O=C(c1ccccc1)n1c(=O)c(=O)n2c(=O)c(=O)c3ccccc3n2c(=O)c(=O)c2ccccc2c1=O,C1=CC=CC=C1N1C(=O)C2=CC=CC=C2N1C(=O)C3=CC=CC=C3N1C(=O)C2=CC=CC=C2C1=O,C1=CC=CC=C1C(=O)N1C=Oc2ccc(cc2)N1C(=O)C(=O)c2ccc(cc2)N1C(=O)c2ccc(cc2)N1C(=O)C(=O)c1ccc(cc1)N1C(=O)c2ccc(cc2)N1C(=O
O=CC=C1C=CC=C1C=CC(=O)C=C1C=CC=C1C=CC(=O)C=C1C=CC=C1C=CC(=O)C=C1C=CC=C1C=C1C=CC(=O)C=C1,C1=CC(=O)C=CC1=C1C=CC(=O)C=C1C=CC(=O)C=C1C=CC=C1C=CC(=O)C=C1C=CC=C1C=CC(=O)C=C1C=CC=C1C=C1,C1=CC=CC(=O)C=C1C1=CC=CC(=O)C=C1C=CC=C1C=CC(=O)C=C1C1=CC=CC(=O)C=C1C1=CC=CC(=O)C=C1C1=CC=CC(=O)C=C1,C1=CC(=O)C=C1C=CC(=O)C=C1C=CC=C1C=CC(=O)C=C1C=CC=C1C=CC(=O)C=C1C=CC=C1C=CC(=O)C=C1C=CC=C1C=CC(=O)C=C1,C1=CC(=O)C=CC=C1C=CC(=O)C=C1C=CC=C1C=CC(=O)C=C1C=CC=C1C=CC(=O)C=C1C=CC=C1C=C1C=CC(=O)C=C1
C1=CC(=O)N(C(=O)C2=CC(=O)N(C(=O)C3=C(C(=O)C4=C(C(=O)C5=C(C(=O)C6=C(C(=O)C7=C(C(=O)C8=C(C(=O)C9=C(C(=O)C1=C(C(=O),C1=Oc2c3c(ccc3n2C(=O)N4C(=O)c5ccccc5C(=O)N4C(=O)c5c6ccccc6c5N4C(=O)c5c6ccccc6c5N4C(=O)c5c6ccccc6c5N4C(=O)c,C1=CC(=O)N(C(C(=O)N(C(C(=O)N(C(C(=O)N(C(C(=O)N(C(C(=O)N(C(C(=O)N(C(C(=O)N(C1)C)C)C)C)C)C)C)C)C)C)C)C)C)C,C1=Oc2ccccc2N3C(=O)c4ccccc4N3C(=O)c5ccc(cc5)C(=O)N6C(=O)c7ccccc7N6C(=O)c8ccccc8C(=O)c9ccc(cc9)C(=O)N10C(=O)c11ccccc11N10C,C1=Oc2c3c(ccc3c4c5c(ccc5c6c(ccc6c7c(ccc7c8c(ccc8c9c(ccc9c1c(=O)c1c(ccc1O)N1C(=O)C(=O)c2ccc(cc2)C(=O)N2C(=
O=C(c1ccccc1)n1c(=O)c(=O)n2c(=O)c(=O)c3ccccc3n2c(=O)c(=O)c2ccccc2c1=O,C1=Oc2ccccc2c1n1c(=O)c(=O)n2c(=O)c(=O)c3ccccc3n2c(=O)c(=O)c2ccccc2c1=O,O=C(c1ccccc1)n1c(=O)c(=O)n2c(=O)c(=O)c3ccccc3n2c(=O)c(=O)c2ccccc2c1=O,C1=CC=CC=C1C(=O)N1C(=O)C2=C(C(=O)N2)C3=C(C(=O)N3)C4=C(C(=O)N4)C5=C(C(=O)N5)C1=O,C1=CC=CC=C1N1C(=O)C2=CC=CC=C2N2C(=O)C3=CC=CC=C3N3C(=O)C4=CC=CC=C4N4C(=O)C5=CC=CC=C5N5C(=O)C6=CC=CC=C6N6
C1=CC(=O)N1C1=CC(=O)C(=O)N1C1=CC(=O)C(=O)N1C1=CC(=O)C(=O)N1C1=CC(=O)C(=O)N1C1=CC(=O)C(=O)N1C1=CC(=O,C1=CC=CC(=CC(=O)C2=CC=CC(=C3C=CC=CC(=O)N3C(=O)N3C=CC(=O)c3ccc(=O)c(=O)[nH]3)C2=O)C2=CC(=O)C(=O)N2)NC1=O,O=C1C=CC(=CC=CC(C(=O)C2=CC=CC(=C3C=CC=CC(=O)N3C(=O)N3C=CC(=O)c3ccc(=O)c(=O)[nH]3)C2=O)C2=CC(=O)C(=O)N2)NC1=,C1=CC(=O)N1C1=CC=CC(=O)C2=CC=CC(=C3C=CC=CC(=O)N3C(=O)C4=CC=CC(=O)N4C(=O)C5=C(C=C(C=C5)C(=O)N5C(=O)C6=CC=,C1=CC(=O)N1C1=CC(=O)C(=O)N1C1=CC(=O)C(=O)N1C1=CC(=O)C(=O)N1C1=CC(=O)C(=O)N1C(=O)C1=CC(=O)C(=O)N1C1
C1=Oc2c3c(ccc3c4c(cccc4)C(=O)Nc5c6c(ccc6Oc7ccccc7)C(=O)Nc8c(ccc8N3)C(=O)Nc9c(ccc9N5)C(=O)Nc1c(ccc1O)c,C1=Oc2c3c(cc1N3)C(=O)N4C(=O)C(=O)c5ccc(cc5)C(=O)N4c6ccccc6C(=O)N7C(=O)c8ccccc8C(=O)N7c9ccccc9C(=O)N4C(=O)c10,C1=CC=CC=C1C(=O)N1C=CC(=O)N2C(=O)C(=O)C3=CC=CC=C3N2C(=O)C(=O)C2=CC=CC=C2C1=O,C1=Oc2ccc(cc2)C(=O)N3C(=O)C(=O)c4c3cccc4N3C(=O)C(=O)c4ccc(cc4)N3C(=O)c1ccccc1C(=O)c2ccc(cc2)N3C(=O)c1ccccc1C(=O)c2ccc(cc,C1=Oc2ccccc2C(=O)N3C(=O)C(=O)c4c3cccc4N3C(=O)C(=O)c4ccccc43C(=O)c5ccccc5C(=O)c4ccc(C(=O)N3C(=O)C(=O)c5ccccc53)c4=O
C1=CC=CC=C1C(=O)N1C(=O)C(=O)N(C1=O)C1=CC=CC=C1C(=O)N1C(=O)C(=O)N(C1=O)C1=CC=CC=C1C(=O)N1C(=O)C(=O)N(C,C1=Oc2ccc(cc2)C(=O)Nc3c(cccc3N)C(=O)C4=Oc5ccccc5Nc6c(cccc6N)C(=O)C7=Oc8ccccc8Nc9c(cccc9N)C(=O)C1=Oc1ccccc1,C1=CC=CC=C1C(=O)N1C(=O)C2=CC=CC=C2C(=O)N2C(=O)C3=CC=CC=C3C(=O)N3C(=O)C4=CC=CC=C4C(=O)N4C(=O)C5=CC=CC=C5,C1=Oc2ccccc2N1c1ccc(cc1)C(=O)N1c1ccc(cc1)C(=O)N1c1ccc(cc1)C(=O)N1c1ccc(cc1)C(=O)N1c1ccc(cc1)C(=O)N1c1ccc(cc1)C(=O,O=C(C(=O)n1c(=O)c2ccccc2c(=O)c(=O)n2c3ccccc3c(=O)c(=O)n2c(=O)c(=O)n1C(=O)c1ccccc1)c1ccccc1
C1=CC=CC=C1C(=O)N1C(=O)C(=O)N2C(=O)C(=O)C3=CC=CC=C3N2C(=O)C(=O)C2=CC=CC=C2C1=O,C1=Oc2ccccc2c1=Oc1ccc(cc1)N1C(=O)c2ccccc2N2C(=O)c3ccccc3C(=O)c1ccc(cc1)N1C(=O)c2ccccc2N2C(=O)c3ccccc3C(=O)c1ccc(cc1)N1C,O=C(c1ccccc1)n1c(=O)c(=O)n2c(=O)c(=O)c3ccccc3n2c(=O)c(=O)c2ccccc2c1=O,O=C(c1ccccc1)n1c(=O)c(=O)n2c(=O)c(=O)c3ccccc3n2c(=O)c(=O)c2ccccc2c1=O,C1=CC=CC=C1N1C(=O)C2=CC=CC=C2N2C(=O)C3=CC=CC=C3N3C(=O)C4=CC=CC=C4N4C(=O)C5=CC=CC=C5N5C(=O)C6=CC=CC=C6N6
C1=Oc2ccccc2N3C(=O)C(=O)c4ccccc4N3C(=O)C(=O)c5ccccc5N3C(=O)C(=O)c6ccccc6N3C(=O)c7ccccc7N3C(=O)c8ccccc8N3C(=O)c9ccccc,C1=Oc2c3c(c(c(c(c1N2)N3)O)C(=O)N4C(=O)C(=O)c5c4cccc5)C(=O)N6C(=O)C(=O)c7c5cccc7N6C(=O)C(=O)c5c4cccc5C(=O)c,C1=Oc2c(C(=O)N3C(=O)C(=O)c4c3cccc4N3C(=O)C(=O)c4ccccc43)cccc(=O)c2=O)cccc(=O)c1=O,C1=Oc2ccc(cc2)C(=O)N3C(=O)C(=O)c4c3cccc4N3C(=O)C(=O)c5ccc(cc5)C(=O)c6ccccc6C(=O)c7ccccc7C(=O)c1=O,C1=Oc2ccc(cc2)C(=O)N3C(=O)C(=O)c4c3cccc4N3C(=O)C(=O)c4ccccc4C(=O)c2=O)cccc(=O)c1=O
C1=CC=CC=C1C(=O)N1C(=O)C2=CC=CC=C2C(=O)N2C(=O)C3=CC=CC=C3C(=O)N2C(=O)C1=CC=CC=C1C(=O)N2C(=O)C2=CC=CC=C2,O=C(c1ccccc1)n1c(=O)c(=O)n2c(=O)c(=O)c3ccccc3n2c(=O)c(=O)c2ccccc2c1=O,O=C(c1ccccc1)n1c(=O)c(=O)n2c(=O)c(=O)c3ccccc3n2c(=O)c(=O)c2ccccc2c1=O,C1=CC=CC=C1C(=O)N1C=CC(=O)N2C=CC(=O)N3C=CC(=O)C4=CC=CC=C4N2C=CC(=O)C2=CC=CC=C2C1=O,C1=Oc2ccccc2N1c1ccc(cc1)C(=O)Nc1ccc(cc1)C(=O)Nc1ccc(cc1)C(=O)Nc1ccc(cc1)C(=O)N2c1ccc(cc1)C(=O)Nc1ccc(cc1)C(=O)Nc1
C1=Oc2ccc(cc2)C(=O)N3C(=O)C(=O)c4ccc(cc4)N3C(=O)C(=O)c5ccc(cc5)N3C(=O)C(=O)c6ccc(cc6)N3C(=O)c7ccc(cc7)N3C(=O)c8ccc(cc8,C1=Oc2ccc(cc2)C(=O)N3C(=O)C(=O)c4c3cccc4N3C(=O)C(=O)c4ccc(cc4)N3C(=O)C(=O)c4c3cccc4=Oc1=O,C1=Oc2c3c(ccc3c4c5c(ccc5c6c(ccc6c7c(ccc7c8c(ccc8c9c(ccc9c1c1c1c1c1c1c1c1c1c1c1c1c1c1c1c1c1c1,C1=Oc2ccc(cc2)C(=O)N3C(=O)C(=O)c4ccc(cc4)N3C(=O)C(=O)c5ccccc5N3C(=O)C(=O)c6ccccc6C(=O)c5ccc(cc5)N3C(=O)C(=O)c4ccccc4,C1=Oc2c3c(ccc3[nH]c4ccc(cc4)C(=O)N5c6ccccc6N(C(=O)C(=O)c7ccccc7)C(=O)N5C(=O)c8ccc(cc8)C(=O)N(C(=O)C(=O)c9ccccc9)C
C1=CC=CC=C1C(=O)N1C(=O)C2=CC=CC=C2C(=O)N3C(=O)C4=CC=CC=C4C(=O)N2C(=O)C2=CC=CC=C2C(=O)C1=O,C1=Oc2ccccc2C(=O)N1c1ccc(cc1)C(=O)N2c1ccc(cc1)C(=O)N2c1ccc(cc1)C(=O)N2c1ccc(cc1)C(=O)N2c1ccc(cc1)C(=O)N2,C1=CC=CC=C1C(=O)N1C(=O)C2=CC=CC=C2N1C(=O)C1=CC=CC=C1C(=O)N1C(=O)C2=CC=CC=C2C1=CC=CC=C1,C1=CC=CC=C1C(=O)N1C(=O)C2=CC=CC=C2N1C(=O)C1=CC=CC=C1C(=O)N1C(=O)C2=CC=CC=C2C1=CC=CC=C1C(=O)N1C(=O)C2=CC,C1=CC=CC=C1N1C(=O)C2=CC=CC=C2N2C(=O)C3=CC=CC=C3N3C(=O)C4=CC=CC=C4N4C(=O)C5=CC=CC=C5N5C(=O)C6=CC=CC=C6N6
C1=CC=CC=C1C(=O)N1C(=O)C2=CC=CC=C2C(=O)N2C(=O)C3=CC=CC=C3C(=O)N3C(=O)C4=CC=CC=C4C(=O)N4C(=O)C1=O,C1=CC=CC=C1C(=O)N1C(=O)C2=CC=CC=C2C(=O)N2C(=O)C3=CC=CC=C3C(=O)N3C(=O)C4=CC=CC=C4C(=O)N4C(=O)C1=CC=CC=C1,C1=Oc2ccccc2C(=O)N3C(=O)C(=O)c4c3cccc4N3C(=O)C(=O)c4ccccc4N3C(=O)C(=O)c4cccc(=O)c4=Oc1=O,O=Cn1c(C(=O)n2c(C(=O)N3C(=O)C(=O)c4c3cccc4N3C(=O)C(=O)c4ccccc43)cccc(=O)c2=O)cccc(=O)c1=O,C1=COc2ccc(cc2)C(=O)n1c1ccc(cc1)C(=O)n1c1ccc(cc1)C(=O)n1c1ccc(cc1)C(=O)n1C(=O)c1ccccc1C(=O)c1ccccc1C(=O)n1c1ccc(cc1)C(=O)n1
C1=Oc2ccccc2c1=Oc1ccc(cc1)N1C(=O)N=CN=C1C(=O)N2C(=O)C(=O)N3C(=O)C(=O)C3=CC3=CC=C3C2=O,C1=Oc2ccccc2c1n1c(=O)c(=O)n2c(=O)c(=O)c3ccccc3n2c(=O)c(=O)c2ccccc2c1=O,C1=Oc2ccccc2Oc3c(=O)n(c4ccccc4)nc(=O)c5c(=O)n(c6ccccc6)nc(=O)c1c3=O,C1=CC=CC=C1C(=O)N1C(=O)C(=O)N2C(=O)C(=O)C3=CC=CC=C3C2=O,C1=CC=CC=C1C(=O)N1C(=O)C(=O)N2C(=O)C(=O)C3=CC=CC=C3N2C(=O)C(=O)C2=CC=CC=C2C1=O
C1=Oc2ccccc2N1c1ccc(cc1)C(=O)N2c1ccc(cc1)C(=O)N2C(=O)c1ccc(cc1)N2C(=O)c1ccc(cc1)C(=O)N2C(=O)c1ccc(cc1)C(=O)N2,C1=Oc2ccccc2c1=Oc1ccc(cc1)N1C(=O)C(=O)N2C(=O)C(=O)C3=CC=CC3C2=O,C1=CC=CC=C1C(=O)N1C(=O)C(=O)N2C(=O)C(=O)C3=CC=CC=C3N2C(=O)C(=O)C2=CC=CC=C2C1=O,C1=Oc2ccccc2N1c3c(ccc3N4C(=O)N(C5C=CC=CC5)C(=O)N(C6C=CC=CC6)C(=O)N(C7C=CC=CC7)C(=O)N(C8C=CC=CC8)C(=O)N,O=C(c1ccccc1)n1c(=O)c(=O)n2c(=O)c(=O)c3ccccc3n2c(=O)c(=O)c2ccccc2c1=O
C1=Oc2ccccc2c1=Oc1ccc(cc1)N1C(=O)N(C(=O)N2C(=O)C3=CC=CC=C3)C2=O,C1=CC=CC=C1C(=O)N1C(=O)C(=O)N2C(=O)C(=O)C3=CC=CC=C3N2C(=O)C(=O)C2=CC=CC=C2C1=O,C1=Oc2ccccc2N1c1ccc(cc1)C(=O)Nc1ccc(cc1)C(=O)Nc1ccc(cc1)C(=O)Nc1ccc(cc1)C(=O)Nc1ccc(cc1)C(=O)Nc1ccc(cc1)C(=O)N,C1=CC=CC=C1C(=O)N1C=CC(=O)C2=CC=CC=C2C(=O)N2C=CC(=O)C3=CC=CC=C3C(=O)N2C=CC(=O)C2=CC=CC=C2C(=O)N1=CC=CC=C1,C1=Oc2ccccc2N1c3c(cccc3N4C(=O)N(C(=O)Nc5ccccc5)C(=O)Nc6ccccc6)C(=O)N4C(=O)Nc7ccccc7)C(=O)N1C(=O)Nc8ccccc8
C1=CC=CC=C1C(=O)N1C(=O)C2=CC=CC=C2N1C(=O)C1=CC=CC=C1C(=O)N1C(=O)C2=CC=CC=C2N1C(=O)C1=CC=CC=C1C(=O)N1C(=,C1=Oc2ccccc2C(=O)N3C(=O)C(=O)c4c3cccc4N3C(=O)C(=O)c4ccccc4N3C(=O)c5ccccc5C(=O)c4ccccc4C(=O)c1=O,C1=CC=CC=C1C(=O)N1C(=O)C2=CC=CC=C2C(=O)N2C(=O)C3=CC=CC=C3C(=O)N2C(=O)C4=CC=CC=C4C(=O)N2C(=O)C5=CC=CC=C5,O=C(c1ccccc1)n1c(=O)c(=O)n2c(=O)c(=O)c3ccccc3n2c(=O)c(=O)c2ccccc2c1=O,C1=CC=CC=C1C1=CC=CC=C1C1=CC(=O)N(C1=CC=CC=C1)C1=CC(=O)N(C1=CC=CC=C1)C1=CC(=O)N(C1=CC=CC=C1)C1=CC=CC=C1
O=C(c1ccccc1)n1c(=O)c(=O)n2c(=O)c(=O)c3ccccc3n2c(=O)c(=O)c2ccccc2c1=O,C1=Oc2ccccc2N1c3c1c(=O)n4c(=O)c(=O)c5ccccc5n4c(=O)c(=O)c6ccccc6c3=O,C1=CC=CC=C1C(=O)N1C=Oc2ccccc2N1C(=O)c2ccccc2C(=O)N1C(=O)c2ccccc2C(=O)C1=O,C1=CC=CC=C1C(=O)N1C(=O)C(=O)N2C(=O)C(=O)C3=CC=CC=C3N2C(=O)C(=O)C1=CC=CC=C1C(=O)N2C(=O)C(=O)C3=CC=CC=C3,C1=CC=CC=C1C(=O)N1C(=O)C2=CC=CC=C2N1C(=O)C1=CC=CC=C1C(=O)N1C(=O)C2=CC=CC=C2C1=CC=CC=C1C(=O)N1C(=O)C2=CC
C1=CC=CC=C1C(=O)N1C(=O)C2=CC=CC=C2C(=O)N2C(=O)C3=CC=CC=C3C(=O)N2C(=O)C1=CC=CC=C1C(=O)N2C(=O)C2=CC=CC=C2,C1=Oc2ccccc2c1N1C(=O)C(=O)c2ccccc2N1C(=O)c1ccc(cc1)N1C(=O)c2ccccc2N1C(=O)c1ccc(cc1)N1C(=O)c2ccccc2C(=O)=N1,O=C(c1ccccc1)n1c(=O)c(=O)n2c(=O)c(=O)c3ccccc3n2c(=O)c(=O)c2ccccc2c1=O,C1=CC=CC=C1C(=O)N1C(=O)C2=CC=CC=C2C(=O)N2C(=O)C3=CC=CC=C3C(=O)N2C(=O)C1=CC=CC=C1C(=O)C2=CC=CC=C2,O=C(c1ccccc1)n1c(=O)c(=O)n2c(=O)c(=O)c3ccccc3n2c(=O)c(=O)c2ccccc2c1=O
C1=Oc2c3c(cc4c5c(ccc(cc5c4c(c3c2c1O)c6ccc(cc6)C(=O)N7C(=O)C(=O)c8c7cccc8)C(=O)N7C(=O)c8c7cccc8)C(=O)N7C(=O)c,C1=Oc2ccccc2C(=O)N3C(=O)C(=O)c4c3cccc4N3C(=O)C(=O)c5ccccc5C(=O)c4cccc(=O)c4N3C(=O)C(=O)c5ccccc5C(=O)c4cccc(=O)c4C(=O),C1=Oc2ccc(cc2)C(=O)N3C(=O)c4ccc(cc4)C(=O)N3C(=O)c4ccc(cc4)C(=O)N3C(=O)c5ccccc5C(=O)c4ccc(cc4)N3C(=O)c5ccccc5C(=O)c4ccc(cc,C1=CC(=O)N(C2=CC(=O)C3=C(C(=O)N(C4=C(C(=O)N(C5=C(C(=O)N(C6=C(C(=O)N(C7=C(C(=O)N(C8=C(C(=O)N(C9=C(C(=O)N(C10=C(C(=O)N(C,C1=Oc2ccccc2N3C(=O)C(=O)c4ccccc4N3C(=O)C(=O)c5ccccc5N3C(=O)c6ccccc6N3C(=O)c7ccccc7N3C(=O)c8ccccc8N3C(=O)C(=O)c4ccccc
C1=Oc2ccccc2N1c1ccc(cc1)N2C(=O)C(=O)c3ccccc3N2C(=O)C(=O)c2ccccc2C1=O,C1=CC=CC=C1C(=O)N1C=CC(=O)N2C=CC(=O)N3C=CC(=O)N2C=CC(=O)N2C=CC(=O)C1=CC=CC=C1,C1=CC=CC=C1C(=O)N1C=CC(=O)N(C2=CC=CC=C2)C3=CC=CC=C3C(=O)N(C4=CC=CC=C4)C(=O)N(C5=CC=CC=C5)C(=O)C6=CC=CC=C6,C1=Oc2ccccc2c1N1c2=Oc3=CC=CC3=C2N1C(=O)C1=CC=CC=C1C2=CC=CC=C2C1=CC=CC=C1N2C(=O)C3=CC=CC=C3C2=O,C1=Oc2ccccc2c1n1c(=O)c(=O)c2ccccc2n1c(=O)c(=O)c2ccccc2c1=O
C1=Oc2ccccc2c1N1c(=O)c(=O)n2c(=O)c(=O)c3ccccc3n2c(=O)c(=O)c2ccccc2c1=O,C1=CC=CC=C1C(=O)N1C=CC(=O)C2=C1C(=O)C(=O)C3=CC=CC=C3C(=O)N2C=CC(=O)C2=C1C(=O)C(=O)C3=CC=CC=C3C(=O)N2,C1=Oc2ccccc2c1n1c(=O)c(=O)n2c(=O)c(=O)c3ccccc3n2c(=O)c(=O)c2ccccc2c1=O,C1=CC=CC=C1C(=O)N1C(=O)C2=CC=CC=C2C(=O)N3C(=O)C4=CC=CC=C4C(=O)N3C(=O)C2=CC=CC=C2C1=O,C1=CC=CC=C1C(=O)N1C(=O)C2=CC=CC=C2N1C(=O)C1=CC=CC=C1C(=O)N1C(=O)C2=CC=CC=C2N1C(=O)C1=CC=CC=C1
C1c2c(C(=O)C(C(=O)C=Cc3c4c(ccc4C(=O)C=Cc5c6c(ccc6C(=O)C=CC(=O)C5=O)cccc3=O)cccc2=O)cccc1=O)C(=O)C=Cc7c8c(cc,C1c2c(cc3c(cc(cc3C(=O)N2)C(=O)N1)C(=O)N4c1ccc(cc1)C(=O)N4)C(=O)N5c1ccc(cc1)C(=O)N5,C1c2c(C(=O)C(C(=O)C=Cc3c4c(C(=O)C=Cc5c6c(C(=O)C=CC(=O)C6=O)cccc5=O)cccc4=O)cccc3=O)cccc2=O)cccc1=O,Cn1c(C(=O)n2c(C(=O)C=Cn3c(C(=O)C=Cn4c(C(=O)C=CN5C=CC(=O)C5=O)cccc4=O)cccc3=O)cccc2=O)cccc1=O,C1c2c(c(c(c(c(c(c1O)O)O)O)O)O)C(=O)n3c(c(c(c(c(c2O)O)O)O)O)C(=O)n4c(c(c(c(c(c3O)O)O)O)O)C(=O)n5c1c(c(c(c(c
C1=Oc2ccc(cc2)C(=O)N3C(=O)C(=O)c4ccc(cc4)C(=O)N3C(=O)c5ccc(cc5)C(=O)N3C(=O)c6ccccc6C(=O)N3C(=O)c7ccc(cc7)C(=O)N3C,C1=Oc2c3c(C(=O)N4C(=O)c5ccccc5N4C(=O)C(=O)c6ccccc6C(=O)N4C(=O)C(=O)c7ccccc7N4C(=O)c8ccccc8N4C(=O)c9ccccc9N4C(=O,C1=Oc2c3c(c4c(c5c(c6c(c7c(c8c(c9c(c10c(c1c5c6c7c8c9c10)C(=O)N3C(=O)C(=O)c4c3cccc4N3C(=O)C(=O)c4ccccc43)cccc,C1=CC=CC=C1N1C(=O)C2=CC=CC=C2N2C(=O)C3=CC=CC=C3N3C(=O)C4=CC=CC=C4N4C(=O)C5=CC=CC=C5N5C(=O)C6=CC=CC=C6N6,C1=CC(=O)N(C2=CC(=O)C3=CC(=O)C4=CC(=O)N(C5=C(C(=O)C(=O)N(C6=C(C(=O)C(=O)N(C7=C(C(=O)C(=O)N(C8=C(C(=O)C(=O)N(C9
C1=CC=CC=C1C(=O)N1C(=O)C2=CC=CC=C2C(=O)N3C(=O)C4=CC=CC=C4C(=O)N2C(=O)C5=CC=CC=C5C(=O)N3C(=O)C1=O,O=C(c1ccccc1)n1c(=O)c(=O)n2c(=O)c(=O)c3ccccc3n2c(=O)c(=O)c2ccccc2c1=O,C1=Oc2ccccc2c1n1c(=O)c(=O)n2c(=O)c(=O)c3ccccc3n2c(=O)c(=O)c2ccccc2c1=O,C1=Oc2c3c(cc4c(cc3c1)c(c2C(=O)Nc5c4cccc5)C(=O)Nc6c5cccc5Nc7c6c(cc7)C(=O)O)c1ccc(cc1)C(=O)Nc8c1cccc1c2c(cc(c2C,C1=CC=CC=C1C(=O)N1C(=O)C2=CC=CC=C2C(=O)N2C(=O)C3=CC=CC=C3C(=O)N2C(=O)C2=CC=CC=C2C1=O
CC(=O)C1=C(c2ccc(=O)c3ccc(=O)c(C=C4C=CC=C4)cc3c(=O)c2)C=CC(=O)c2cc(C=C3C=CC=C3)c(=O)ccc2C(=O)C=C1,CC(=O)C1=C(c2ccc(=O)c3ccc(=O)c(C=C4C=CC=C4)cc3c(=O)c2)C=CC(=O)c2cc(C=C3C=CC=C3)c(=O)ccc2C(=O)C=C1,CC(=O)C1=C(c2ccc(=O)c3ccc(=O)c(C=C4C=CC=C4)cc3c(=O)c2)C=CC(=O)c2cc(C=C3C=CC=C3)c(=O)ccc2C(=O)C=C1,CC(=O)C1=C(c2ccc(=O)c3ccc(=O)c(C=C4C=CC=C4)cc3c(=O)c2)C=CC(=O)c2cc(C=C3C=CC=C3)c(=O)ccc2C(=O)C=C1,CC(=O)C1=C(c2ccc(=O)c3ccc(=O)c(C=C4C=CC=C4)cc3c(=O)c2)C=CC(=O)c2cc(C=C3C=CC=C3)c(=O)ccc2C(=O)C=C1
C1=CC=CC=C1C(=O)N1C=Oc2ccccc2N1C(=O)C(=O)c3ccccc3N2C(=O)C(=O)c2ccccc2C1=O,C1=Oc2ccccc2c1=Oc1ccc(cc1)N1C(=O)N(C(=O)N1)c1ccc(cc1)N1C(=O)N(C(=O)N1)c1ccccc1C(=O)N1C(=O)N(C(=O)N1)c1ccc(cc1)C,C1=CC=CC=C1C(=O)N1C(=O)C2=CC=CC=C2N1C(=O)C3=CC=CC=C3C1=O,O=C(c1ccccc1)n1c(=O)c(=O)n2c(=O)c(=O)c3ccccc3n2c(=O)c(=O)c2ccccc2c1=O,O=C(c1ccccc1)n1c(=O)c(=O)n2c(=O)c(=O)c3ccccc3n2c(=O)c(=O)c2ccccc2c1=O
C1=CC=CC=C1N1C(=O)C2=CC=CC=C2N2C(=O)C3=CC=CC=C3N3C(=O)C4=CC=CC=C4N4C(=O)C5=CC=CC=C5N5C(=O)C1=O,O=C(c1ccccc1)n1c(=O)c(=O)n2c(=O)c(=O)c3ccccc3n2c(=O)c(=O)c2ccccc2c1=O,C1=CC=CC=C1C(=O)N1C=CC(=O)N2C=CC(=O)N3C=CC(=O)N4C=CC(=O)N1C=CC(=O)C2=CC=CC=C2C3=CC=CC=C3C4=CC=CC=C4,O=C(c1ccccc1)n1c(=O)c(=O)n2c(=O)c(=O)c3ccccc3n2c(=O)c(=O)c2ccccc2c1=O,O=C(c1ccccc1)n1c(=O)c(=O)n2c(=O)c(=O)c3ccccc3n2c(=O)c(=O)c2ccccc2c1=O
O=C(c1ccccc1)n1c(=O)c(=O)n2c(=O)c(=O)c3ccccc3n2c(=O)c(=O)c2ccccc2c1=O,C1=Oc2c(C(=O)N3C(=O)C(=O)c4c3cccc4N3C(=O)C(=O)c4ccccc43)cccc(=O)c2=Oc1=O,C1=Oc2ccc(cc2)C(=O)N3C(=O)C(=O)c4ccc(cc4)N3C(=O)C(=O)c5ccccc5N3C(=O)C(=O)c6ccc(cc6)N3C(=O)C(=O)c7ccccc7N3C(=O)C(=,C1=CC(=O)N(C2=CC(=O)C3=CC(=O)N(C4=CC(=O)C5=C(C(=O)N(C6=CC(=O)C7=C(C(=O)N(C8=CC(=O)C9=C(C(=O)N(C10=CC(=O)C11=C(C(=,C1=Oc2c3c(ccc3n1c4c(cccc4)C(=O)Nc5c(cccc5)C(=O)Nc6c(cccc6)C(=O)Nc7c(cccc7)C(=O)Nc8c(cccc8)C(=O)Nc9c(cccc9
C1=Oc2ccccc2C(=O)Nc3c1cccc3C(=O)Nc4ccc(cc4)c1ccc(cc1)C(=O)Nc5ccc(cc5)c1ccc(cc1)C(=O)Nc6ccc(cc6)c1ccc(cc1)C(=O)N1C(=O)c1cc,C1=Oc2ccccc2C(=O)N1c1ccc(cc1)C(=O)N1c1ccc(cc1)C(=O)N1c1ccc(cc1)C(=O)N1c1ccc(cc1)C(=O)N1c1ccc(cc1)C(=O)N1c1ccc(cc1,C1=Oc2c3c(cc2O)c(cc3O)Nc1c(cc1)C(=O)c1ccc(cc1)Nc1ccc(cc1)C(=O)c1ccc(cc1)Nc1ccc(cc1)C(=O)c1ccc(cc1)Nc1ccc(cc1)C(=O)c1ccc(cc1,C1=CC=CC=C1C(=O)N1C(=O)C(=O)N1C(=O)C(=O)N1C(=O)C(=O)N1C(=O)C1=CC=CC=C1C(=O)N1C(=O)C(=O)N1C(=O)C(=O),C1=CC=CC=C1C(=O)N1C(=O)C2=CC=CC=C2C(=O)N2C(=O)C3=CC=CC=C3C(=O)N3C(=O)C4=CC=CC=C4C(=O)N4C(=O)C1=CC=CC=C1
O=C(c1ccccc1)n1c(=O)c(=O)n2c(=O)c(=O)c3ccccc3n2c(=O)c(=O)c2ccccc2c1=O,O=C(c1ccccc1)n1c(=O)c(=O)n2c(=O)c(=O)c3ccccc3n2c(=O)c(=O)c2ccccc2c1=O,C1=Oc2ccccc2c3c1cccc3N1C(=O)C(=O)N2C(=O)C(=O)C3CCCCC3C2=C1,O=C(c1ccccc1)n1c(=O)c(=O)n2c(=O)c(=O)c3ccccc3n2c(=O)c(=O)c2ccccc2c1=O,C1=Oc2ccccc2C(=O)N1c1ccc(cc1)N2C(=O)c3ccc(cc3)N2C(=O)c2ccc(cc2)N1C(=O)c1ccc(cc1)N2C(=O)c1ccccc1N2
C1=Oc2c3c(C(=O)N(C(=O)C(=O)c4ccc(cc4)N3)C(=O)N5C(=O)c6ccccc6C(=O)N5)cccc2=C1O,O=Cn1c(C(=O)n2c(C(=O)N3C(=O)C(=O)c4c3cccc4N3C(=O)C(=O)c4ccccc43)cccc(=O)c2=O)cccc(=O)c1=O,C1=Oc2c1cccc2N1C(=O)C(=O)c2ccccc2N1C(=O)C(=O)c2cccc2N1C(=O)C(=O)c2ccccc21,C1=CC(=O)N(C2=C(C(=O)N(C3=C(C(=O)N(C4=C(C(=O)C(=O)C5=C4cccc5N(C6=C(C(=O)C(=O)C(=O)c7ccccc7)C(=O)C(=O)c6=O)C(=O)C(=,C1=Oc2c3c(ccc3n2C(=O)N4C(=O)C(=O)c5c4cccc5N4C(=O)C(=O)c5ccccc45)c1cccc(=O)c2=O
C1=Oc2ccc(cc2)C(=O)N3C(=O)C(=O)c4ccc(cc4)N3C(=O)C(=O)c4ccc(cc4)N3C(=O)c5ccc(cc5)N3C(=O)c6ccccc6N3C(=O)c7ccc(cc7)N3C(=,C1=CC(=O)N(C2=C(C(=O)N(C3=C(C(=O)N(C4=C(C(=O)N(C5=C(C(=O)N(C6=C(C(=O)C(=O)C7=C(C(=O)N(C8=C(C(=O)C(=O)C9=C(C(=O)C(=O,C1=Oc2c3c(cc4c(c1)C(=O)Nc5c4ccc(cc5)C(=O)Nc6c3ccc(cc6)C(=O)Nc7c2ccc(cc7)C(=O)Nc8c5ccc(cc8)C(=O)Nc9c6ccc(cc9),C1=CC=CC=C1C(=O)N1C(=O)C(=O)N2C(=O)C(=O)C3=CC=CC=C3C2=O)C1=CC=CC=C1C(=O)N1C(=O)C(=O)N2C(=O)C(=O)C3=,O=Cn1c(C(=O)n2c(C(=O)N3C(=O)C(=O)c4c3cccc4N3C(=O)C(=O)c4ccccc43)cccc(=O)c2=O)cccc(=O)c1=O
O=C(c1ccccc1)n1ccc(=O)n2c(=O)c(=O)c3ccccc3n2c(=O)c(=O)c2ccccc2c1=O,C1=CC=CC=C1C(=O)N1C=CC(=O)N2C=CC(=O)N3C=CC(=O)C4=C2C=CC(=O)C5=C3C=CC(=O)C6=C4C=CC(=O)C7=C5C=CC(=O)C8=C6,C1=CC=CC2=C(C(=O)C(=O)C3=C(C(=O)C(=O)C4=C(C(=O)C(=O)C5=C(C(=O)C(=O)C(=O)C(=O)C(=O)C(=O)C6=C(C(=O)C(=O)C(=O),C1=CC=CC=C1C(=O)N1C=CC(=O)N2C=CC(=O)N3C=CC(=O)N4C=CC(=O)N5C=CC(=O)N6C=CC(=O)N7C=CC(=O)N1C=CC(=O)N2C=,O=C(c1ccccc1)n1ccc(=O)n2c(=O)c(=O)c3ccccc3n2c(=O)c(=O)c2ccccc2c1=O
C1=CC(=O)N(C(=O)C2=C(C(=O)N(C(=O)C3=C(C(=O)N(C(=O)C4=C(C(=O)N(C(=O)C5=C(C(=O)N(C(=O)C6=C(C(=O)N(C(=O)C7=C(C(=O)N,C1=CC(=O)N(C2=CC(=O)N(C3=CC(=O)N(C4=CC(=O)N(C5=CC(=O)N(C6=CC(=O)N(C7=CC(=O)N(C8=CC(=O)N(C9=CC(=O)N(C1=CC(=O)N,C1=Oc2c3c(c4c3cccc4N3C(=O)C(=O)c4ccccc43)cccc(=O)c2=Oc1=Oc2c3c(c4c3cccc4N3C(=O)C(=O)c4ccccc43)cccc(=O)c2=O,C1=Oc2c(C(=O)N3C(=O)C(=O)c4c3cccc4N3C(=O)C(=O)c4ccccc43)cccc(=O)c2=O)cccc(=O)c1=O,C1=CC(=O)N(C2=CC(=O)N(C3=CC(=O)N(C4=CC(=O)N(C5=CC(=O)N(C6=CC(=O)N(C7=CC(=O)N(C8=CC(=O)N(C9=CC(=O)N(C1=CC(=O)N
C1=Oc2ccc(cc2)C(=O)N3C(=O)C(=O)c4ccc(cc4)N3C(=O)C(=O)c4ccc(cc4)N3C(=O)C(=O)c4ccc(cc4)N3C(=O)c1ccc(cc1)N3C(=O)c1ccc(cc1,C1=Oc2c3c(cc1OC(=O)N3c4ccc(cc4)C(=O)N5c6ccc(cc6)C(=O)N5C(=O)c7ccc(cc7)C(=O)N5C(=O)c8ccc(cc8)C(=O)N5C(=O)c9ccc(cc9),C1=CC(=O)N(C2=CC=CC=C2)C(=O)N(C3=CC=CC=C3)C(=O)C4=C5C=CC(=O)N5C(=O)C(=O)C6=C7C=CC(=O)N7C(=O)C(=O)C8=C9C,C1=Oc2ccccc2C(=O)N3C(=O)C(=O)c4c3cccc4N3C(=O)C(=O)c4ccccc43C(=O)c1ccc5c4cccc5C(=O)c2ccc(C(=O)O)cc2C(=O)O,C1=CC(=O)N(C2=CC(=O)N(C3=CC(=O)N(C4=CC(=O)N(C5=CC(=O)N(C6=CC(=O)N(C7=CC(=O)N(C8=CC(=O)N(C9=CC(=O)N(C1=CC(=O)N
C1=Oc2c3c(ccc3c1c4c(cccc4N5C(=O)c6ccccc6C(=O)N5C(=O)c7ccccc7C(=O)c5c1ccccc15)C(=O)c5c(cccc5N3C(=O)c4ccccc4C(=O)c6cc,C1=Oc2ccc(cc2)C(=O)N3C(=O)C(=O)c4c3cccc4N3C(=O)C(=O)c4ccccc4N3C(=O)C(=O)c4ccc(cc4)C(=O)c1=O,C1=CC(=O)N(C2=CC(=O)N3C(=O)C(=O)C4=C3C5=C(C=C4)C(=O)N(C6=C5C7=C(C=C6)C(=O)N(C8=C7C9=C(C=C8)C(=O)C1=C(C(=O)C,C1=Oc2ccc(cc2)C(=O)N3C(=O)C(=O)c4c3cccc4N3C(=O)C(=O)c5c4cccc5N3C(=O)C(=O)c6ccccc6C(=O)c4ccccc4C(=O)c2=O,C1=CC=CC=C1C(=O)N2C(=O)C(=O)N3C(=O)C(=O)C4=C3C5=C(C=C(C=C5)C2=C1)C(=O)N6C(=O)C(=O)C7=C6C8=C(C=C(C=C8)C3=C
C1=Oc2ccccc2c3ccc(cc3)Nc4c1c(=O)n(c5c4c(=O)n(c6c5c(=O)c7ccccc7c6=O)C(=O))C(=O)Nc8c7c(=O)c9ccccc9c8=O)C(=O)N,C1=Oc2ccccc2N1c1c(cccc1C(=O)N1C(=O)C2=CC=CC=C2C1=O)C(=O)N1C(=O)C2=CC=CC=C2C1=O,O=C(c1ccccc1)n1c(=O)c(=O)n2c(=O)c(=O)c3ccccc3n2c(=O)c(=O)c2ccccc2c1=O,C1=CC=CC=C1C(=O)N1C=CC(=O)N2C=CC(=O)N3C=CC(=O)N4C=CC(=O)N2C1=CC=CC=C1C(=O)N2C=CC(=O)N3C=CC(=O)N4C=CC(=,O=C(c1ccccc1)n1c(=O)c(=O)n2c(=O)c(=O)c3ccccc3n2c(=O)c(=O)c2ccccc2c1=O
C1=CC=CC=C1C(=O)N1C(=O)C(=O)C2=CC=CC=C2C(=O)N2C(=O)C(=O)C3=CC=CC=C3C(=O)N3C(=O)C(=O)C4=CC=CC=C4C(=O)N4,C1=Oc2ccc(cc2)C(=O)Nc3c4c(ccc4[nH]3C(=O))c1C(=O)c1ccccc1C(=O)Nc1c2ccccc2[nH]1C(=O)c1ccccc1C(=O)Nc1c2ccccc2[nH],C1=CC=CC=C1C(=O)N1C(=O)C2=CC=CC=C2C(=O)N2C(=O)C3=CC=CC=C3C(=O)N3C(=O)C4=CC=CC=C4C(=O)N4C(=O)C5=CC=CC=C5,C1=CC=CC=C1C(=O)N1C(=O)C2=CC=CC=C2C(=O)N2C(=O)C1=CC=CC=C1C(=O)N1C(=O)C2=CC=CC=C2C(=O)N2C(=O)C1=CC=CC=C1,C1=CC=CC=C1C(=O)N1C=Oc2ccccc2C(=O)N2C=Oc2ccccc2C(=O)N2C=Oc2ccccc2C(=O)N2C(=O)C1=Oc1ccccc1C(=O)N1C=Oc1
C1=CC=CC=C1C(=O)N1C=CC(=O)N(C2=CC=CC=C2)C(=O)N3C=CC(=O)C2=CC=CC=C2C(=O)N1C=CC(=O)C2=CC=CC=C2=O,C1=Oc2ccccc2C(=O)Nc3c4c(ccc4[nH]c5c1ccccc5N3)C(=O)Nc6c(ccc7c6c(ccc7)C(=O)Nc8c(ccc9c8c(ccc9)C(=O)Nc1c(cc,C1=Oc2ccccc2n1c3c4c(cc3=O)N(C5=O)C(=O)N(C6=O)c7c(ccc7C(=O)N(C8=O)c9ccccc9c8=O)C(=O)N(C10=O)c1ccccc1c2=O,C1=Oc2ccccc2c1c3c(ccc3N1C(=O)Nc2ccc(cc2)C(=O)N3C(=O)c4ccc(cc4)N3C(=O)c5ccc(cc5)N2C(=O)c6ccccc6C(=O)N1,C1=CC=CC=C1C(=O)N1C=CC(=O)C2=NC(=O)C3=CC=CC=C3C(=O)N2C=CC(=O)C1=CC=CC=C1C(=O)N2C=CC(=O)C1=CC=CC=C1
C1=CC=CC=C1C(=O)N1C(=O)C2=CC=CC=C2N2C(=O)C3=CC=CC=C3N2C(=O)C2=CC=CC=C2C1=O,C1=CC=CC=C1C(=O)N1C(=O)C2=CC=CC=C2N2C(=O)C3=CC=CC=C3N2C(=O)C1=CC=CC=C1C2=CC=CC=C2C1=CC=CC=C1C2=CC=CC=C2,C1=CC=CC=C1C(=O)N1C(=O)C2=CC=CC=C2C(=O)N2C(=O)C3=CC=CC=C3C(=O)N2C(=O)C2=CC=CC=C2C1=O,C1=CC=CC=C1C1=CC=CC=C1C1=CC=CC=C1C1=CC(=O)N1C(=O)C2=CC=CC=C2C1=Oc1ccc(cc1)N2C(=O)C3=CC=CC=C3C2=Oc1ccc(cc1)N,C1=Oc2ccccc2c1=Oc1ccc(cc1)Nc1ccc(cc1)C(=O)c1ccc(cc1)Nc1ccc(cc1)C(=O)c1ccc(cc1)Nc1ccc(cc1)C(=O)c1ccc(cc1)Nc1ccc(cc1)C(=O)c1ccc
C1=CC=CC=C1N1C(=O)C(=O)C2=C3C=CC=CC3=C2C(=O)C4=CC=CC=C4C(=O)C5=CC=CC=C5C(=O)C1=O,O=C(c1ccccc1)n1c(=O)c(=O)n2c(=O)c(=O)c3ccccc3n2c(=O)c(=O)c2ccccc2c1=O,O=C(c1ccccc1)n1c(=O)c(=O)n2c(=O)c(=O)c3ccccc3n2c(=O)c(=O)c2ccccc2c1=O,C1=Oc2ccccc2c1n1c(=O)c(=O)n2c(=O)c(=O)c3ccccc3n2c(=O)c(=O)c2ccccc2c1=O,O=C(c1ccccc1)n1c(=O)c(=O)n2c(=O)c(=O)c3ccccc3n2c(=O)c(=O)c2ccccc2c1=O
C1=Oc2ccccc2N1c1ccc(cc1)N2c1ccc(cc1)C(=O)N2C(=O)c1ccc(cc1)N2C(=O)c1ccc(cc1)C(=O)N2C(=O)c1ccccc1N2C(=O)c1ccccc1,C1=COc2ccccc2N1c3c4c(ccc4[nH]c5c6ccccc6C(=O)c5)C(=O)c3=Oc3ccccc3C(=O)c2ccccc2c1=O,C1=CC=CC=C1C(=O)N1C=CC(=O)N2C=CC(=O)N3C=CC(=O)N2C=CC(=O)C1=CC=CC=C1C2=CC=CC=C2C3=CC=CC=C3C1=O,C1=Oc2ccccc2c1n1c(=O)c(=O)n2c(=O)c(=O)c3ccccc3n2c(=O)c(=O)c2ccccc2c1=O,O=C(c1ccccc1)n1c(=O)c(=O)n2c(=O)c(=O)c3ccccc3n2c(=O)c(=O)c2ccccc2c1=O
C1=Oc2ccccc2N1c1ccc(cc1)C(=O)N2c1ccc(cc1)C(=O)N2c1ccc(cc1)C(=O)N2c1ccc(cc1)C(=O)N2c1ccc(cc1)C(=O)N2,O=C(c1ccccc1)n1ccc(=O)n2c(=O)c(=O)c3ccccc3n2c(=O)c(=O)c2ccccc2c1=O,O=C(c1ccccc1)n1ccc(=O)n2c(=O)c(=O)c3ccccc3n2c(=O)c(=O)c2ccccc2c1=O,C1=Oc2ccccc2c1N1C(=O)c2=Oc(=O)n3c(=O)c4ccccc4n3c(=O)c(=O)c5ccccc5c2=O,O=C(c1ccccc1)n1c(=O)c(=O)n2c(=O)c(=O)c3ccccc3n2c(=O)c(=O)c2ccccc2c1=O
C1=Oc2ccccc2C(=O)N1c3ccc(cc3)C4=Oc5ccccc5N4c6ccccc6C(=O)N7c8ccc(cc8)C(=O)N7C(=O)N9c10ccc(cc10)C(=O)N9C(=O)C11=,O=Cc1ccc(cc1)C(=O)Nc2ccc(cc2)C(=O)Nc3ccc(cc3)C(=O)c4ccc(cc4)Nc5ccc(cc5)C(=O)c6ccc(cc6)C(=O)c7ccccc7Nc8ccc(cc8)C(=O)c9ccc(cc9)C,C1=CC(=O)N(C2=CC=CC=C2)C(=O)N3C(=O)C(=O)C4=C5C=CC(=O)C6=C(C=CC(=O)C6)C(=O)N(C7=C(C=CC(=O)C7)C(=O)C8=C(C=CC,C1=Oc2ccccc2N1c3c(cccc3O1)c4ccc(cc4)N5c1ccccc1C(=O)N5c6ccc(cc6)C(=O)N5c1ccccc1C(=O)N5c1ccccc1C(=O)N5c1ccccc1C(=O,C1=CC=CC=C1C(=O)N1C(=O)C2=CC=CC=C2C(=O)N3C(=O)C4=CC=CC=C4C(=O)N2C(=O)C5=CC=CC=C5C(=O)N1C(=O)C1=CC=CC=C1
O=C(c1ccccc1)n1c(=O)c(=O)n2c(=O)c(=O)c3ccccc3n2c(=O)c(=O)c2ccccc2c1=O,O=C(c1ccccc1)n1c(=O)c(=O)n2c(=O)c(=O)c3ccccc3n2c(=O)c(=O)c2ccccc2c1=O,C1=CC=CC=C1C(=O)N1C=CC(=O)N2C=CC(=O)N3C=CC(=O)C2=CC=CC=C2C3=CC=CC=C3C1=O,C1=CC=CC=C1N1C(=O)C2=CC=CC=C2N2C(=O)C3=CC=CC=C3N3C(=O)C4=CC=CC=C4N4C(=O)C5=CC=CC=C5N5C(=O)C6=CC=CC=C6N6,C1=COc2ccccc2N1c3c(ccc3O)c4c(cccc4O)c5c(cccc5O)c1=O
C1=CC=CC=C1C(=O)N1C(=O)C2=CC=CC=C2C(=O)N2C(=O)C3=CC=CC=C3C(=O)N3C(=O)C4=CC=CC=C4C(=O)N4C(=O)C1=CC=CC=C1,C1=CC=CC=C1C(=O)N1C(=O)C2=CC=CC=C2C(=O)N2C(=O)C3=CC=CC=C3C(=O)N3C(=O)C4=CC=CC=C4C(=O)N4C(=O)C1=O,C1=Oc2ccccc2N1c1ccccc1C(=O)c1ccccc1Oc1ccc(cc1)N1C(=O)C(=O)N1c1ccc(cc1)C(=O)N1c1ccc(cc1)C(=O)C(=O)N1C(=O)c1ccccc1,C1=CC=CC=C1C(=O)N1C(=O)C2=CC=CC=C2C(=O)N2C(=O)C3=CC=CC=C3C(=O)N3C(=O)C4=CC=CC=C4C(=O)N4C(=O)C5=CC=CC=C5,C1=Oc2ccccc2C(=O)N1c3c(cccc3O)N3C(=O)c4ccccc4N3c1c(cccc1O)N1C(=O)c2ccccc2N1c3ccccc3Oc1=Oc2ccccc2N1C(=O)c3ccccc3
C1=CC=CC=C1C(=O)N1C(=O)C2=CC=CC=C2N1C(=O)C1=CC=CC=C1C(=O)N2C(=O)C3=CC=CC=C3C1=CC=CC=C1C(=O)N2C(=O)C1=CC,C1=CC=CC=C1N1C(=O)C2=CC=CC=C2N1C(=O)C1=CC=CC=C1N1C(=O)C2=CC=CC=C2N1C(=O)C1=CC=CC=C1N1C(=O)C2=CC=CC=C2C1,C1=CC=CC=CC1N1C(=O)C2=CC=CC=C2N2C(=O)C3=CC=CC=C3N3C(=O)C4=CC=CC=C4N4C(=O)C5=CC=CC=C5N5C(=O)C1=CC=CC=C1,C1=Oc2ccccc2C(=O)N1c1ccc(cc1)C(=O)N2c1ccc(cc1)C(=O)N2c1ccc(cc1)C(=O)N2c1ccc(cc1)C(=O)N2,C1=Oc2ccccc2n1c3c(=O)n4c(=O)c(=O)n5c(=O)c(=O)c6ccccc6n5c(=O)c(=O)c4c(=O)c(=O)c2ccccc2c3=O
C1=CC=CC=C1C(=O)N1C(=O)C(=O)N2C(=O)C(=O)C3=CC=CC=C3N2C(=O)C(=O)C2=CC=CC=C2C1=O,C1=CC=CC=C1C(=O)N1C=CC(=O)N2C=CC(=O)N3C=CC(=O)C2=CC=CC=C2C1=O,C1=CC=CC=C1C(=O)N1C=CC(=O)N2C=CC(=O)N3C=CC(=O)N1C=CC(=O)C2=CC=CC=C2C3=CC=CC=C3C1=O,C1=CC=CC=C1C(=O)N1C=CC(=O)N2C=CC(=O)N3C=CC(=O)C4=CC=CC=C4C3=O2C=CC(=O)N1C=CC(=O)C2=CC=CC=C2C1=O,C1=Oc2ccccc2C(=O)N3C(=O)C(=O)N(C4=C3C=CC=C4)C5=C2C=CC=C5C1=O
CC(=O)C1=C(c2ccc(=O)c3ccc(=O)c(C=C4C=CC=C4)cc3c(=O)c2)C=CC(=O)c2cc(C=C3C=CC=C3)c(=O)ccc2C(=O)C=C1,CC(=O)C1=C(c2ccc(=O)c3ccc(=O)c(C=C4C=CC=C4)cc3c(=O)c2)C=CC(=O)c2cc(C=C3C=CC=C3)c(=O)ccc2C(=O)C=C1,CC(=O)C1=C(c2ccc(=O)c3ccc(=O)c(C=C4C=CC=C4)cc3c(=O)c2)C=CC(=O)c2cc(C=C3C=CC=C3)c(=O)ccc2C(=O)C=C1,CC(=O)C1=C(c2ccc(=O)c3ccc(=O)c(C=C4C=CC=C4)cc3c(=O)c2)C=CC(=O)c2cc(C=C3C=CC=C3)c(=O)ccc2C(=O)C=C1,CC(=O)C1=C(c2ccc(=O)c3ccc(=O)c(C=C4C=CC=C4)cc3c(=O)c2)C=CC(=O)c2cc(C=C3C=CC=C3)c(=O)ccc2C(=O)C=C1
C1=CC=CC=C1C(=O)N1C=Oc2ccccc2N1C(=O)C(=O)c3ccc(cc3)N1C(=O)C(=O)c2ccccc2C(=O)N1C(=O)C(=O)c2ccc(cc2)C1=O,C1=CC=CC=C1C(=O)N1C=Oc2ccccc2N1C(=O)C(=O)c3ccccc3N2C(=O)C(=O)c2ccccc2C1=O,C1=CC=CC=C1C(=O)N1C(=O)C(=O)N2C(=O)C(=O)C3=CC=CC=C3N2C(=O)C(=O)C1=CC=CC=C1C2=CC=CC=C2,C1=Oc2ccccc2c1n1c(=O)c(=O)n2c(=O)c(=O)c3ccccc3n2c(=O)c(=O)c2ccccc2c1=O,C1=CC=CC=C1C(=O)N1C=CC(=O)N2C=CC(=O)N3C=CC(=O)C2=CC=CC=C2C3=CC=CC=C3C1=O
C1=Oc2ccccc2N1c1ccc(cc1)N2C(=O)N3C(=O)C4=CC=CC=C4C3=O,C1=Oc2ccccc2N1C1=Oc2ccccc2N1C1=Oc2=CC(=O)N2C1=Oc2ccccc2N1C1=Oc2=CC(=O)N2,C1=Oc2ccccc2C(=O)Nc3c1cccc3C(=O)Nc1ccc(cc1)C(=O)Nc1ccc(cc1)C(=O)Nc1ccc(cc1)C(=O)Nc1ccc(cc1)C(=O)Nc1ccc(cc1)C(=O)N,C1=Oc2c3c(ccc3[nH]c1=O)C(=O)Nc4c5c(ccc5[nH]c4=O)C(=O)Nc6c7c(ccc7[nH]c6=O)C(=O)Nc8c9c(ccc9[nH]c8,O=C(c1ccccc1)n1c(=O)c(=O)n2c(=O)c(=O)c3ccccc3n2c(=O)c(=O)c2ccccc2c1=O
C1=CC=CC=C1C(=O)N1C(=O)C2=CC=CC=C2N2C(=O)C3=CC=CC=C3N2C(=O)C1=CC=CC=C1C2=O,C1=Oc2ccccc2c1N1C(=O)c2ccccc2c1N2C(=O)c1ccc(cc1)N2C(=O)c1ccc(cc1)N2C(=O)c1ccc(cc1)N2C(=O)c1ccccc1N2C(=O)c1ccc(cc1)N2C,O=C(c1ccccc1)n1c(=O)c(=O)n2c(=O)c(=O)c3ccccc3n2c(=O)c(=O)c2ccccc2c1=O,O=C(c1ccccc1)n1c(=O)c(=O)n2c(=O)c(=O)c3ccccc3n2c(=O)c(=O)c2ccccc2c1=O,C1=Oc2ccccc2n1c3c(=O)n(c4c(=O)c5ccccc5n4c(=O)c6ccccc6c3=O)c1=O
C1=Oc2ccccc2c1n1c(=O)c(=O)n2c(=O)c(=O)c3ccccc3n2c(=O)c(=O)c2ccccc2c1=O,O=C(c1ccccc1)n1c(=O)c(=O)n2c(=O)c(=O)c3ccccc3n2c(=O)c(=O)c2ccccc2c1=O,C1=CC=CC=C1C(=O)N1C=CC(=O)C2=C(C=CC(=O)N2)C3=CC=CC=C3C4=C(C=CC(=O)N4)C5=C(C=CC(=O)N5)C6=C(C=CC(=O)N6)C1=O,C1=CC=CC=C1C(=O)N1C(=O)C2=CC=CC=C2C1=O1C(=O)C2=CC=CC=C2C1=O1C(=O)C2=CC=CC=C2C1=O1C(=O)C2=CC=CC=C2C1=,C1=CC=CC=C1C(=O)N1C(=O)C(=O)N2C(=O)C(=O)C3=CC=CC=C3N2C(=O)C(=O)C2=CC=CC=C2C1=O
C1=CC(=O)C=C1C1=CC=CC(=O)C=C1C1=CC=CC(=O)C=C1C1=CC=CC(=O)C=C1C1=CC=CC(=O)C=C1C1=CC=CC(=O)C=C1C1=CC=CC(=O)C,C1=CC(=O)C=C1C=CC(=O)C=C1C=CC(=O)C=C1C=CC(=O)C=C1C=CC(=O)C=C1C=CC(=O)C=C1C=CC(=O)C=C1,C1=CC=C(C=CC(=O)C=C1)C1=CC=C(C=CC(=O)C=C1)C1=CC=C(C=CC(=O)C=C1)C1=CC=C(C=CC(=O)C=C1)C1=CC=C(C=CC(=O)C=C1)C1=CC=C,C1=CC(=O)C=C1C1=CC=CC1=C1C=CC(=O)C=C1C1=CC=CC1=C1C(=O)C=C1C1=CC=CC1=C1C(=O)C=C1C1=CC=CC1=C1C(=O)C=C1C1=CC,C1=CC(=O)C=CC=C1C=CC(=O)C=C1C=CC=C1C=CC(=O)C=C1C=CC=C1C=CC(=O)C=C1C=CC=C1C=CC(=O)C=C1C=CC=C1
O=C(c1ccccc1)n1c(=O)c(=O)n2c(=O)c(=O)c3ccccc3n2c(=O)c(=O)c2ccccc2c1=O,O=C(c1ccccc1)n1c(=O)c(=O)n2c(=O)c(=O)c3ccccc3n2c(=O)c(=O)c2ccccc2c1=O,O=C(c1ccccc1)n1c(=O)c(=O)n2c(=O)c(=O)c3ccccc3n2c(=O)c(=O)c2ccccc2c1=O,C1=CC=CC=C1C(=O)N1C(=O)C2=CC=CC=C2C(=O)N2C(=O)C3=CC=CC=C3C(=O)N2C(=O)C1=CC=CC=C1C(=O)N2C(=O)C2=CC=CC=C2,C1=CC=CC=C1C(=O)N1C(=O)C2=CC=CC=C2C(=O)N3C(=O)C4=CC=CC=C4C(=O)N2C(=O)C5=CC=CC=C5C(=O)N1C(=O)C6=CC=CC=C6
C1=Oc2ccccc2N1C(=O)c1ccc(cc1)N1C(=O)c1ccc(cc1)N1C(=O)c1ccc(cc1)N1C(=O)c1ccc(cc1)N1C(=O)c1ccccc1C(=O)c1ccccc1,O=C1C2=CC=CC=C3C(=O)N(C(=O)c4ccccc4C(=O)N3C(=O)c3ccccc3)C(=CC=CC=C3C(=O)N3C(=O)c3ccccc3)C(=O)N12,O=C1C2=CC=CC=C3C(=O)N(C(=O)c4ccccc4C(=O)N3C(=O)c3ccccc3)C(=CC=CC=C3C(=O)N3C(=O)c3ccccc3)C(=O)N12,O=C1C2=CC=CC=C3C(=O)N(C(=O)c4ccccc4C(=O)N3C(=O)c3ccccc3)C(=CC=CC=C3C(=O)N3C(=O)c3ccccc3)C(=O)N12,C1=CC(=O)N(C(=O)c2ccccc2C(=O)N1C(=O)c3ccccc3)C(=O)N1C(=O)c2ccccc2C(=O)N(C(=O)c3ccccc3C(=O)N1)C1=CC(=O)N(C(=O)c2ccccc
C1=CC=CC=C1C(=O)N1C(=O)C2=C(N=C3C(=O)C4=CC=CC=C4C(=O)N3C(=O)C2=O)C1=O,C1=CC=CC=C1C(=O)N1C(=O)C2=CC=CC=C2C(=O)N2C(=O)C3=CC=CC=C3C(=O)N2C(=O)C1=CC=CC=C1C(=O)C2=CC=CC=C2,O=C(c1ccccc1)n1c(=O)c(=O)n2c(=O)c(=O)c3ccccc3n2c(=O)c(=O)c2ccccc2c1=O,O=C(c1ccccc1)n1c(=O)c(=O)n2c(=O)c(=O)c3ccccc3n2c(=O)c(=O)c2ccccc2c1=O,C1=Oc2ccccc2c1=Oc1ccc(cc1)N1C(=O)c2ccccc2N1C(=O)c1ccc(cc1)N1C(=O)c2ccccc2C(=O)=O
O=C(c1ccccc1)n1c(=O)c(=O)n2c(=O)c(=O)c3ccccc3n2c(=O)c(=O)c2ccccc2c1=O,C1=Oc2ccccc2N1c1ccc(cc1)C(=O)Nc1ccc(cc1)C(=O)Nc1ccc(cc1)C(=O)Nc1ccc(cc1)C(=O)Nc1ccc(cc1)C(=O)Nc1ccc(cc1)C(=O)N,C1=CC=CC=C1C(=O)N1C(=O)C(=O)N2C(=O)C(=O)C3=CC=CC=C3N2C(=O)C(=O)C1=CC=CC=C1C(=O)N1C(=O)C(=O)N2C(=O)C(=,C1=Oc2ccccc2C(=O)N(C1)c1ccc(cc1)N1C(=O)c2ccccc2N1C(=O)c2ccc(cc2)N1C(=O)c1ccccc1=O,C1=CC=CC=C1C(=O)N1C(=O)C2=CC=CC=C2C(=O)N2C(=O)C3=CC=CC=C3C(=O)N2C(=O)C2=CC=CC=C2C1=O
O=C(c1ccccc1)n1c(=O)c(=O)n2c(=O)c(=O)c3ccccc3n2c(=O)c(=O)c2ccccc2c1=O,C1=Oc2ccccc2c1n1c(=O)c(=O)n2c(=O)c(=O)c3ccccc3n2c(=O)c(=O)c2ccccc2c1=O,O=C(c1ccccc1)n1c(=O)c(=O)n2c(=O)c(=O)c3ccccc3n2c(=O)c(=O)c2ccccc2c1=O,C1=CC=CC=C1C(=O)N1C=CC(=O)N2C=CC(=O)N3C=CC(=O)N1C=CC(=O)C2=CC=CC=C2C3=CC=CC=C3C1=O,O=C(c1ccccc1)n1c(=O)c(=O)n2c(=O)c(=O)c3ccccc3n2c(=O)c(=O)c2ccccc2c1=O
O=C(c1ccccc1)n1c(=O)c(=O)n2c(=O)c(=O)c3ccccc3n2c(=O)c(=O)c2ccccc2c1=O,C1=COc2ccccc2N1c1c(=O)c(=O)n2c(=O)c(=O)c3ccccc3n2c(=O)c(=O)c2ccccc2c1=O,C1=CC=CC=C1C(=O)N1C(=O)C(=O)N2C(=O)C(=O)C3=CC=CC=C3N2C(=O)C(=O)C2=CC=CC=C2C1=O,C1=CC=CC=C1C(=O)N1C(=O)C2=CC=CC=C2C(=O)N3C(=O)C4=CC=CC=C4C(=O)N2C(=O)C5=CC=CC=C5C(=O)N3C(=O)C1=O,O=C(c1ccccc1)n1c(=O)c(=O)n2c(=O)c(=O)c3ccccc3n2c(=O)c(=O)c2ccccc2c1=O
C1=Oc2ccccc2c1=Oc1ccc(cc1)N1C(=O)N(C(=O)N1)c2ccc(cc2)N1C(=O)N(C(=O)N1)c2ccc(cc2)N1C(=O)N(C(=O)N1)c2ccc(cc2)N1C(=,C1=Oc2ccccc2N1c1ccc(cc1)N2C(=O)c3ccc(cc3)N2C(=O)c1ccc(cc1)N2C(=O)c1ccc(cc1)N2C(=O)C1=CC=CC=C1,C1=Oc2ccccc2c1=Oc1ccc(cc1)N1C(=O)c2ccc(cc2)=C1N1C(=O)c2ccc(cc2)N1C(=O)c1ccc(cc1)N1C(=O)c2ccc(cc2)N1C(=O)c1ccc(cc1)N1C(=,O=C(c1ccccc1)n1c(=O)c(=O)n2c(=O)c(=O)c3ccccc3n2c(=O)c(=O)c2ccccc2c1=O,C1=CC=CC=C1C(=O)N1C(=O)C2=CC=CC=C2N1C(=O)C3=CC=CC=C3N1C(=O)C2=CC=CC=C2C1=O
C1=CC=CC=C1C(=O)N1C(=O)C(=O)N2C(=O)C(=O)C3=CC=CC=C3C2=O1C=Oc1ccccc1C(=O)N1C(=O)C(=O)C2=CC=CC=C2C1=O,C1=CC=CC=C1C(=O)N1C(=O)C(=O)N2C(=O)C(=O)C3=CC=CC=C3N2C(=O)C(=O)C2=CC=CC=C2C1=O,C1=CC=CC=C1C(=O)N1C(=O)C2=CC=CC=C2N1C(=O)C1=CC=CC=C1C(=O)N1C(=O)C2=CC=CC=C2C1=CC=CC=C1C(=O)N1C(=O)C2=CC,C1=CC=CC=C1C(=O)N1C(=O)C2=CC=CC=C2N1C(=O)C1=CC=CC=C1C(=O)N1C(=O)C2=CC=CC=C2C1=CC=CC=C1C(=O)N1C(=O)C2=CC,C1=CC=CC=C1C(=O)N1C(=O)C(=O)N2C(=O)C(=O)C3=CC=CC=C3N2C(=O)C(=O)C2=CC=CC=C2C1=O
C1=Oc2c3c(ccc3n2C(=O)C(=O)N3C(=O)C(=O)c4ccccc4N3C(=O)C(=O)c4cccc4c3=O)cccc(=O)c1=Oc1ccc(cc1)C(=O)N2C(=O)c3c(cc,O=C1c2c(N(C(=O)N3C(=O)C(=O)c4c3cccc4N3C(=O)C(=O)c4ccccc43)N(C(=O)c4ccccc4)c2=O)C(=O)c5ccccc5)cccc(=O)c1=O,C1=Oc2ccccc2N3C(=O)C(=O)c4c3cccc4N3C(=O)C(=O)c5c4cccc5N3C(=O)C(=O)c6c5cccc(=O)c6=O,C1=Oc2ccccc2N1C(=O)N3C(=O)c4c5ccc(cc5)c4N3C(=O)C(=O)c6ccccc6N3C(=O)c7ccccc7N3C(=O)c8ccccc8N3C(=O)c4ccccc4N3C(=O)c5,C1=Oc2c3c(ccc3n1)c4ccc(cc4)C(=O)N5c6c(cccc6N5)C(=O)C(=O)c7ccc(cc7)C(=O)N8c9c(cccc9N8)C(=O)c1ccc(cc1)c2ccc(cc2)C(=O
C1=CC=CC=C1C(=O)N1C(=O)C2=CC=CC=C2N1C(=O)C3=CC=CC=C3N1C(=O)C2=CC=CC=C2C1=O,C1=Oc2ccccc2n1c3c(=O)n(c4c(=O)c5ccccc5n4c(=O)c6ccccc6c3=O)c2ccccc2c1=O,C1=CC=CC=CC1N1C(=O)C2=CC=CC=C2N1C(=O)C1=CC=CC=CC1N1C(=O)C2=CC=CC=C2N1C(=O)C1=CC=CC=CC1N1C(=O)C2=CC=CC=C,C1=CC=CC=C1C(=O)N1C(=O)C(=O)N2C(=O)C(=O)C3=CC=CC=C3C2=C1C(=O)C(=O)N1C(=O)C(=O)C2=CC=CC=C2C1=O,O=C(c1ccccc1)n1c(=O)c(=O)n2c(=O)c(=O)c3ccccc3n2c(=O)c(=O)c2ccccc2c1=O
C1=OCC(=O)N(C(=O)C(=O)c2c3n(c(=O)c(=O)n2C(=O)c2ccccc2)C(=O)C(=O)c2ccccc2-3)C(=O)c2ccccc21,O=C1C(=O)N(C(=O)C(=O)c2c3n(c(=O)c(=O)n2C(=O)c2ccccc2)C(=O)C(=O)c2ccccc2-3)C(=O)c2ccccc21,C1=Oc2ccccc2C(=O)N(C(=O)C(=O)c3c4c(ccc4n3C(=O)c3c(cccc3)C(=O)c3ccc(cc3)C(=O)C(=O)c3ccc(cc3)C(=O)C(=O)c3ccc(cc3)C(=O)c,C1=Oc2c3n(c(=O)c(=O)n2C(=O)c2ccccc2)C(=O)C(=O)c2ccccc2C(=O)c3n(c(=O)c(=O)n3C(=O)c3ccccc3)C(=O)c1ccccc1C(=O)C(=O)c2ccccc,O=C1C(=O)N(C(=O)C(=O)c2c3n(c(=O)c(=O)n2C(=O)c2ccccc2)C(=O)C(=O)c2ccccc2-3)C(=O)c2ccccc21
C1=Oc2c3n(c(=O)c(=O)n2C(=O)c2ccccc2)C(=O)c2ccccc2-3)C(=O)c2ccccc21,C1=Oc2c3n(c(=O)c(=O)n2C(=O)c2ccccc2)C(=O)C(=O)c2ccccc2C(=O)C(=O)c2ccccc2C(=O)c3n(c(=O)c(=O)n2C(=O)c2ccccc21)C(=O)c2ccccc,C1=Oc2ccccc2C(=O)N(C(=O)c3c4c(cccc4[nH]c3C(=O)c3ccc(cc3)C(=O)C(=O)c3ccc(cc3)C(=O)C(=O)c3ccccc3)C(=O)c3ccccc3)C(=O)c2cc,O=C1C(=O)N(C(=O)C(=O)c2c3n(c(=O)c(=O)n2C(=O)c2ccccc2)C(=O)C(=O)c2ccccc2-3)C(=O)c2ccccc21,O=C1C(=O)N(C(=O)C(=O)c2c3n(c(=O)c(=O)n2C(=O)c2ccccc2)C(=O)C(=O)c2ccccc2-3)C(=O)c2ccccc21
O=C1C(=O)N(C(=O)C(=O)c2c3n(c(=O)c(=O)n2C(=O)c2ccccc2)C(=O)C(=O)c2ccccc2-3)C(=O)c2ccccc21,C1=Oc2c3c(c(c(c(c(c1O)c2N)c3C(=O)Nc4c5c(ccc5O)c(cc4C(=O)Nc6c7c(ccc7O)c(cc6C(=O)Nc8c9c(ccc9O)c(cc8C(=O)N)c2),O=C1C(=O)N(C(=O)C(=O)c2c3n(c(=O)c(=O)n2C(=O)c2ccccc2)C(=O)C(=O)c2ccccc21-3)C(=O)c2ccccc21,C1=Oc2c3c(c(c(c(c3O1)Nc4c5c6c7c1c(c(c(c7O6)O5)O4)C(=O)N3c1c2c(c(c(c1O)O)O)O)C(=O)N3c1c2c(c(c(c1,C1=OCC(=O)N(C(=O)C(=O)c2c3n(c(=O)c(=O)n2C(=O)c2ccccc2)C(=O)C(=O)c2ccccc2-3)C(=O)c2ccccc21
C1=Oc2c3c(cc2C(=O)N(c3c1c(cc2c(cc3c1c(cc2c(cc3c1c(cc2c(cc3c1c(cc2c(cc3c1c(cc2c(cc3c1c(cc2c(cc3c1c(cc2c(cc3c1c(cc2c,C1=Oc2c3n(c(=O)c(=O)n2C(=O)c2ccccc2)C(=O)c2ccccc2C(=O)C(=O)c2ccccc2N(C(=O)c2ccccc2)c(=O)c1c3ccc(cc3)C(=O)C(=O)c1c2ccccc21,O=C1C(=O)N(C(=O)C(=O)c2c3n(c(=O)c(=O)n2C(=O)c2ccccc2)C(=O)C(=O)c2ccccc21-3)C(=O)c2ccccc12,O=C1C(=O)N(C(=O)C(=O)c2c3n(c(=O)c(=O)n2C(=O)c2ccccc2)C(=O)C(=O)c2ccccc2-3)C(=O)c2ccccc21,C1=OCC(=O)N(C(=O)C(=O)c2c3n(c(=O)c(=O)n2C(=O)c2ccccc2)C(=O)C(=O)c2ccccc2-3)C(=O)c2ccccc21
C1=Oc2ccccc2C(=O)N(C(=O)c3ccc(cc3)C(=O)c4ccc(cc4)C(=O)c5ccc(cc5)C(=O)c6ccc(cc6)C(=O)c7ccc(cc7)C(=O)c8ccc(cc8)C(=O)c9ccc(cc9)C(=O,O=C1C(=O)N(C(=O)C(=O)c2c3n(c(=O)c(=O)n2C(=O)c2ccccc2)C(=O)C(=O)c2ccccc2-3)C(=O)c2ccccc21,C1=Oc2c3n(c(=O)c(=O)n2C(=O)c2ccccc2)C(=O)c2ccccc2C(=O)C(=O)c2ccccc2C(=O)c2ccccc2C(=O)c2ccccc2C(=O)c1c3ccccc3N(C(=O)C(=O,O=C1C(=O)N(C(=O)C(=O)c2c3n(c(=O)c(=O)n2C(=O)c2ccccc2)C(=O)C(=O)c2ccccc2-3)C(=O)c2ccccc21,C1=Oc2c3c(cc1OC(=O)N(C(=O)C(=O)c2c3n(c(=O)c(=O)n2C(=O)c2ccccc2)C(=O)C(=O)c2ccccc2-3)C(=O)c2ccccc21)C(=O)c2ccccc21
O=C1C(=O)N(C(=O)C(=O)c2c3n(c(=O)c(=O)n2C(=O)c2ccccc2)C(=O)C(=O)c2ccccc21-3)C(=O)c2ccccc21,O=C1C(=O)N(C(=O)C(=O)c2c3n(c(=O)c(=O)n2C(=O)c2ccccc2)C(=O)C(=O)c2ccccc2-3)C(=O)c2ccccc21,C1=Oc2ccccc2C(=O)N(C(=O)C(=O)c3c4n(c(=O)c5c4n(c(=O)c4c(ccc4C(=O)C(=O)c4ccccc4-5)C(=O)C(=O)c4ccccc41-3)C(=O)c4ccccc,C1=OCC(=O)N(C(=O)C(=O)c2c3n(c(=O)c(=O)n2C(=O)c2ccccc2)C(=O)C(=O)c2ccccc2-3)C(=O)c2ccccc21,O=C1C(=O)N(C(=O)C(=O)c2c3n(c(=O)c(=O)n2C(=O)c2ccccc2)C(=O)C(=O)c2ccccc2-3)C(=O)c2ccccc21
C1=Oc2c3n(C(=O)c(=O)n2C(=O)c2ccc(cc2)C(=O)C(=O)c2ccc(cc2)-3)C(=O)c2ccc(cc2)C(=O)c1ccc(cc1)C(=O)c2ccc(cc2)C(=O)c1ccc(cc1)C(=O,O=C1C(=O)N(C(=O)C(=O)c2c3n(c(=O)c(=O)n2C(=O)c2ccccc2)C(=O)C(=O)c2ccccc2-3)C(=O)c2ccccc21,C1=Oc2c3c(cc2OC(=O)Nc1c(cc2OC(=O)Nc1c(cc2OC(=O)Nc1c(cc2OC(=O)Nc1c(cc2)C(=O)C(=O)c2ccccc2)C(=O)c2ccccc21)c3c(cc2OC(=,O=C1C(=O)N(C(=O)C(=O)c2c3n(c(=O)c(=O)n2C(=O)c2ccccc2)C(=O)C(=O)c2ccccc2-3)C(=O)c2ccccc21,C1=Oc2c3c(cc1N(C(=O)c3c1c(cc1c(cc1O)C(=O)N1c2ccc(cc1)C(=O)N1c2ccc(cc1)C(=O)N1c2ccc(cc1)C(=O)N1c2ccc(cc1)C(=O)N
O=C1C(=O)N(C(=O)C(=O)c2c3n(c(=O)c(=O)n2C(=O)c2ccccc2)C(=O)C(=O)c2ccccc21)C(=O)c2ccccc12,O=C1C(=O)N(C(=O)C(=O)c2c3n(c(=O)c(=O)n2C(=O)c2ccccc2)C(=O)C(=O)c2ccccc21)C(=O)c2ccccc21,C1=Oc2c3c(c(c(c(c(c2O)c1O)c3N(C(=O)c4ccc(cc4)C(=O)c5ccccc5)c6ccccc6)C(=O)c7ccccc7)C(=O)c8ccccc8)C(=O)c9ccccc9,C1=Oc2c3c(cc2O)N(c3c(cc2c(cc2c(cc2c(cc2c(cc2c(cc2c(cc2c(cc2c(cc2c(cc2c(cc2c(cc2c(cc2c(cc2c(cc2c(cc2c(cc2c(cc2c(cc2c(cc2c(cc2c,O=C1C(=O)N(C(=O)C(=O)c2c3n(c(=O)c(=O)n2C(=O)c2ccccc2)C(=O)C(=O)c2ccccc2-3)C(=O)c2ccccc21
O=C1C(=O)N(C(=O)C(=O)c2c3n(c(=O)c(=O)n2C(=O)c2ccccc2)C(=O)C(=O)c2ccccc2-3)C(=O)c2ccccc21,C1=Oc2c3c(c(=O)n(c(=O)n3c(=O)c3c(ccc3C(=O)C(=O)c3ccccc3)C(=O)c3ccccc3)C(=O)c3c(cccc3)C(=O)c3ccccc3-3)C(=O)c2ccccc21,C1=Oc2c3c(c(c(c(c(c2C(=O)N(C(=O)C(=O)c4c5c6c(ccc6c(c5c4C(=O)C(=O)c4c(cccc4)C(=O))C(=O))N3)C(=O)c4c(cccc4)C(=O,C1=Oc2c3c(ccc3O1)c(cc2C(=O)Nc1ccc(cc1)C(=O)C(=O)c2ccc(cc2)C(=O)c1ccc(cc1)C(=O)C(=O)c2ccc(cc2)C(=O)c1ccc(cc1)C(=O)c2ccc(cc2,C1=Oc2c3c(c1OC(=O)n3C(=O)c1ccc(cc1)C(=O)C(=O)c1ccc(cc1)C(=O)c1ccc(cc1)C(=O)c1ccc(cc1)C(=O)c1ccc(cc1)C(=O)c1ccc(cc1)C(=O)c1ccc
O=C1C(=O)N(C(=O)C(=O)c2c3n(c(=O)c(=O)n2C(=O)c2ccccc2)C(=O)C(=O)c2ccccc21)C(=O)c2ccccc12,C1=Oc2ccccc2C(=O)N(C(=O)C(=O)c3c4n(c(=O)c(=O)n4C(=O)c4ccccc4C(=O)C(=O)c4ccccc41)C(=O)c4ccccc43)C(=O)c4ccccc41,O=C1C(=O)N(C(=O)C(=O)c2c3n(c(=O)c(=O)n2C(=O)c2ccccc2)C(=O)C(=O)c2ccccc2-3)C(=O)c2ccccc21,C1=Oc2c3c(c(c(c(c(c2C(=O)N(C(=O)c2ccc(cc2)C(=O)c2ccc(cc2)C(=O))C(=O)c2ccc(cc2)C(=O)c2ccc(cc2)C(=O))C(=O)c2ccc(cc2)C(=O)c2ccc(cc,C1=Oc2ccccc2C(=O)N(C(=O)C(=O)c3c4n(c(=O)c5c6c(ccc6n5C(=O)c5c(cccc5)C(=O)c5c(cccc5)C(=O)-4)C(=O)c5c(cccc5)C(=O)c5
O=C1C(=O)N(C(=O)C(=O)c2c3n(c(=O)c(=O)n2C(=O)c2ccccc2)C(=O)C(=O)c2ccccc2-3)C(=O)c2ccccc21,C1=Oc2ccccc2C(=O)N(C(=O)c3ccc(cc3)C(=O)N1c1ccccc1C(=O)c1ccc(cc1)C(=O)N1c1ccc(cc1)C(=O)c1ccc(cc1)C(=O)c1ccc(cc1)C(=O)N1c,C1=Oc2c3n(c(=O)c(=O)n2C(=O)c2ccccc2)C(=O)c2ccccc2c3C(=O)C(=O)N(C(=O)C(=O)c2c3n(c(=O)c(=O)n2C(=O)c2ccccc2)C(=O)c2cc,C1=Oc2ccccc2C(=O)N(C(=O)C(=O)c3c4n(c(=O)c(=O)n4C(=O)c4ccccc4)C(=O)C(=O)c4ccccc41-3)C(=O)c4ccccc41,O=C1C(=O)N(C(=O)C(=O)c2c3n(c(=O)c(=O)n2C(=O)c2ccccc2)C(=O)C(=O)c2ccccc2-3)C(=O)c2ccccc21
C1=Oc2c3n(c(=O)c(=O)n2C(=O)c2ccccc2)C(=O)c2ccccc2C(=O)c2ccc(cc2)C(=O)C(=O)c2ccc(cc2)C(=O)c1ccccc1C(=O)c2ccc(cc2)C(=O)c1ccc(cc,C1=Oc2c3c(cc2O)N(c3c1c(cc1N(C(=O)c1ccc(cc1)C(=O)O)C(=O)c1ccc(cc1)C(=O)O)c1ccc(cc1)C(=O)O)C(=O)c1ccc(cc1)C(=O)O)c1ccc,O=C1C(=O)N(C(=O)C(=O)c2c3n(c(=O)c(=O)n2C(=O)c2ccccc2)C(=O)C(=O)c2ccccc2-3)C(=O)c2ccccc21,O=C1C(=O)N(C(=O)C(=O)c2c3n(c(=O)c(=O)n2C(=O)c2ccccc2)C(=O)C(=O)c2ccccc2-3)C(=O)c2ccccc21,C1=OCC(=O)N(C(=O)C(=O)c2c3n(c(=O)c(=O)n2C(=O)c2ccccc2)C(=O)C(=O)c2ccccc2-3)C(=O)c2ccccc21
C1=Oc2c3c(ccc3N(C(=O)C(=O)c2c(ccc2)c3c(cccc3)C(=O)C(=O)c2ccc(cc2)C(=O)c2ccccc2-3)C(=O)c2ccccc21)C(=O)c2ccccc21,C1=Oc2c3c(cc2O1)N(C(=O)c4ccc(cc4)C(=O)c5ccc(cc5)C(=O)c6ccc(cc6)C(=O)c7ccc(cc7)C(=O)c8ccc(cc8)C(=O)c9ccc(cc9)C(=O)c10ccc(cc10)C(=,O=C1C(=O)N(C(=O)C(=O)c2c3n(c(=O)c(=O)n2C(=O)c2ccccc2)C(=O)C(=O)c2ccccc2-3)C(=O)c2ccccc21,C1=Oc2c3c(cc2O1)N(C(=O)c4ccc(cc4)C(=O)Nc5c6c(ccc6c5C(=O)Nc6ccc(cc6)C(=O)Nc6ccc(cc6)C(=O)c7ccc(cc7)C(=O)c8ccc(cc8)C,C1=Oc2c3c(cc2C(=O)Nc1c(ccc1O)C(=O)N1c(ccc1O)C(=O)N1c(ccc1O)C(=O)N1c(ccc1O)C(=O)C(=O)c1ccc(cc1)C(=O)C(=O
C1=Oc2ccccc2N(C(=O)C(=O)C1=O)c3c4c(ccc4n3C(=O)c1ccccc1C(=O)c1ccccc1)C(=O)c1ccccc1C(=O)c1ccccc1C(=O)c1ccccc1C(=O)c1ccccc,O=C1C(=O)N(C(=O)C(=O)c2c3n(c(=O)c(=O)n2C(=O)c2ccccc2)C(=O)C(=O)c2ccccc2-3)C(=O)c2ccccc21,C1=OCC(=O)N(C(=O)C(=O)c2c3n(c(=O)c(=O)n2C(=O)c2ccccc2)C(=O)C(=O)c2ccccc2-3)C(=O)c2ccccc21,C1=Oc2ccccc2c1n1c(=O)c(=O)n2c(=O)c(=O)c3ccccc3n2c(=O)c(=O)c2ccccc2c1=O,C1=CC=CC=C1C(=O)N1C(=O)C2=CC=CC=C2C(=O)N2C(=O)C3=CC=CC=C3C(=O)N2C(=O)C4=CC=CC=C4C(=O)N1C(=O)C5=CC=CC=C5
O=C1C(=O)N(C(=O)C(=O)c2c3n(c(=O)c(=O)n2C(=O)c2ccccc2)C(=O)C(=O)c2ccccc2-3)C(=O)c2ccccc21,C1=Oc2c3n(c(=O)c(=O)n2C(=O)c2ccccc2)C(=O)c2ccccc2C(=O)c3c1c(cc2ccccc2)c3C(=O)c1ccccc1C(=O)c1ccccc1C(=O)c1ccccc1C(=O)c1ccccc,C1=Oc2c3c(cc1OC(=O)N(C(=O)C(=O)c2c3n(c(=O)c(=O)n2C(=O)c2ccccc2)C(=O)C(=O)c2ccccc2-3)C(=O)c2ccccc21)C(=O)c2ccccc21,O=C1C(=O)N(C(=O)C(=O)c2c3n(c(=O)c(=O)n2C(=O)c2ccccc2)C(=O)C(=O)c2ccccc2-3)C(=O)c2ccccc21,C1=Oc2c3c(c(c(c(c2C(=O)N(C(=O)C(=O)c4c5c6c(ccc6c5c4C(=O)N(C(=O)C(=O)c7c8c(ccc8c7C(=O)C(=O)c7ccccc7)C(=O)C
C1=Oc2ccccc2C(=O)N(C(=O)C(=O)c3c4n(c(=O)c(=O)n3C(=O)c3ccccc3)C(=O)C(=O)c3ccccc3-4)C(=O)c3ccccc31,C1=Oc2c3c(ccc2O)N(C(=O)C(=O)c4ccc(cc4)C(=O)C(=O)c5c(cccc5)N(C(=O)c5c(cccc5)C(=O)C(=O)c6ccccc6)C(=O)c6ccccc6-3)C(=O,O=C1C(=O)N(C(=O)C(=O)c2c3n(c(=O)c(=O)n2C(=O)c2ccccc2)C(=O)C(=O)c2ccccc2-3)C(=O)c2ccccc21,C1=CC(=O)N(C(=O)C(=O)c2c3n(c(=O)c(=O)n2C(=O)c2ccccc2)C(=O)C(=O)c2ccccc2-3)C(=O)c2ccccc21,O=C1C(=O)N(C(=O)C(=O)c2c3n(c(=O)c(=O)n2C(=O)c2ccccc2)C(=O)C(=O)c2ccccc21)C(=O)c2ccccc21
C1=Oc2c3c(cc2C(=O)N(C(=O)C(=O)c2ccccc2)C(=O)c2ccccc2)C(=O)c3n2c(cc3)c(cc2C(=O)C(=O)c2ccccc2)C(=O)C(=O)c2ccccc21,C1=Oc2ccccc2C(=O)Nc3c(ccc(cc3C(=O)Nc4c(cccc4C(=O)Nc5c(cccc5C(=O)Nc6c(cccc6C(=O)Nc7c(cccc7C(=O)Nc8c(cccc8C(=O),C1=OCC(=O)N(C(=O)C(=O)c2c3n(c(=O)c(=O)n2C(=O)c2ccccc2)C(=O)C(=O)c2ccccc21)C(=O)c2ccccc21,C1=Oc2c3c(cc4c(cc5c(cccc5c4c2=O)C(=O)Nc6c(cc(ccc6C(=O)Nc7c(cc(ccc7C(=O)Nc8c(cc(ccc8C(=O)Nc9c(cc(ccc9C(=O)N)c2,C1=Oc2ccccc2C(=O)Nc3c4c(ccc4[nH]c3=O)C(=O)Oc5ccccc5C(=O)Nc6c7c(ccc7[nH]c6=O)C(=O)Oc8ccccc8C(=O)Nc9c1
C1=Oc2c3c(c(n3c1c2=O)Nc2c3c(c(n3c1c2=O)C(=O)c2ccccc2)C(=O)c2ccccc21)C(=O)c2ccccc21,C1=Oc2ccccc2C(=O)N1c3c4c(cccc4N3C(=O)C(=O)c5c6c(cccc6C(=O)C(=O)c6ccccc6)C(=O)c6ccccc6-5)C(=O)c6ccccc61,O=C1C(=O)N(C(=O)C(=O)c2c3n(c(=O)c(=O)n2C(=O)c2ccccc2)C(=O)C(=O)c2ccccc2-3)C(=O)c2ccccc21,C1=Oc2c3c(c(=O)n3C(=O)c3c(ccc3C(=O)C(=O)c3ccc(cc3)C(=O)c3ccc(cc3)C(=O)c3c(ccc3C(=O))C(=O)c3ccc(cc3)C(=O)c3c(ccc3)C(=O,O=C1C(=O)N(C(=O)C(=O)c2c3n(c(=O)c(=O)n2C(=O)c2ccccc2)C(=O)C(=O)c2ccccc21-3)C(=O)c2ccccc12
C1=Oc2c3c(c(c(c(c(c3c1c2c2c2c2c2c2c2c2c2c2c2c2c2c2c2c2c2c2c2c2c2c2c2c2c2c2c2c2c2c2c2c,C1=Oc2c3n(c(=O)c(=O)n2C(=O)c2ccccc2C(=O)c2ccccc2-3)C(=O)c2ccccc21,C1=Oc2c3c(ccc2O)c1c1c(ccc1O)N1c2ccccc2N(C(=O)C(=O)c2ccccc2)C(=O)c3ccccc3c2ccccc2-3)c2ccccc21,C1=Oc2c3c(c(=O)n(c(=O)c(=O)n3c2c1c2ccccc2)C(=O)c2ccccc2)c1c2ccccc2Nc3c1c(c(=O)n(c(=O)c(=O)n3c2c1c2ccccc2)C(=O)c2cc,O=C1C(=O)N(C(=O)C(=O)c2c3n(c(=O)c(=O)n2C(=O)c2ccccc2)C(=O)C(=O)c2ccccc2-3)C(=O)c2ccccc21
C1=CC=CC=C1C(=O)N1C=CC(=O)N2C=CC(=O)N3C=CC(=O)N1C=CC(=O)C2=CC=CC=C2C3=CC=CC=C3C1=O,C1=Oc2ccccc2C(=O)N1c1ccc(cc1)N3C(=O)c4ccc(cc4)N3c1ccc(cc1)N2C(=O)c1ccc(cc1)N3C(=O)c2ccccc2N3C(=O)c1ccc(cc1)N2C(=O)c1cc,C1=CC=CC=C1C(=O)N1C=CC(=O)N2C=CC(=O)N3C=CC(=O)N2C=CC(=O)C2=CC=CC=C2C1=O,C1=Oc2ccccc2C(=O)N1c3c(cccc3N4C(=O)C(=O)N4)c5ccccc5C(=O)N3c6ccccc6C(=O)N3C(=O)N2,C1=CC=CC=C1C(=O)N1C(=O)C2=C3C=CC(=O)N3C(=O)C4=C5C=CC(=O)N5C(=O)C6=C7C=CC(=O)N7C(=O)C8=C9C=CC(=O)N9C(=
C1=Oc2c3c(cc2O)N(c3c1c(cc3)C(=O)C(=O)c3c(cc2c(cc3)C(=O)C(=O)C(=O)c3ccc(cc3)C(=O))C(=O)c1ccc(cc1)C(=O))C(=O)c2ccccc21,C1=Oc2c3c(cc2O1)Nc3c4n(c(=O)c5c(ccc5O4)C(=O)c5c(ccc5O3)C(=O)c5ccccc5)C(=O)c5ccccc5C(=O)c5c(ccc5O3)C(=O)c5ccccc,C1=Oc2c3c(ccc3O1)N(C(=O)c2c(cccc2)C(=O)C(=O)c2ccc(cc2)C(=O)C(=O)c2ccc(cc2)C(=O)c2ccc(cc2)C(=O)c2ccc(cc2)C(=O)c2ccc(cc2)C,C1=Oc2c3c(c(c(c(c2O)N(C(=O)c4c5c6c(ccc7c(ccc(c7c6c5c4O)C(=O)O)O)C(=O)O)C(=O)O)C(=O)O)C(=O)O)C(=O)O,O=C1C(=O)N(C(=O)C(=O)c2c3n(c(=O)c(=O)n2C(=O)c2ccccc2)C(=O)C(=O)c2ccccc2-3)C(=O)c2ccccc21
C1=Oc2ccccc2N(C(=O)C(=O)C(=O)C(=O)c3c4n(c(=O)c(=O)n4C(=O)c4ccccc4)C(=O)C(=O)c4ccccc41)C(=O)c4ccccc41,C1=Oc2c3c(ccc2O)c3c(c(c(c(c2c3c(ccc2O)c3c(ccccc3)C(=O)C(=O)c3ccccc3)C(=O)C(=O)c3ccccc3)C(=O)c3ccccc3)C(=O)c3ccccc21)C,C1=Oc2c3c(c(c(c(c2O)N(C(=O)c1c1c(ccc1C(=O)C(=O)C(=O)c1ccc(cc1)C(=O))C(=O)c1ccc(cc1)C(=O))C(=O)c1ccc(cc1)C(=O))C(=O)c1,C1=Oc2c3c(c(c(c(c2O)N(C(=O)c4ccc(cc4)C(=O)c5ccccc5)c6ccc(cc6)C(=O)c7ccc(cc7)C(=O)c8ccc(cc8)C(=O)c9ccc(cc9)C(=O)c1c1c1c1c1,O=C1C(=O)N(C(=O)C(=O)c2c3n(c(=O)c(=O)n2C(=O)c2ccccc2)C(=O)C(=O)c2ccccc21-3)C(=O)c2ccccc12
C1=OCC(=O)N(C(=O)C(=O)c2c3n(c(=O)c(=O)n2C(=O)C(=O)c2ccccc2)C(=O)C(=O)c2ccccc2-3)C(=O)c2ccccc21,C1=Oc2ccccc2C(=O)N(C(=O)c3ccc(cc3)C(=O)c4ccc(cc4)C(=O)c5ccc(cc5)C(=O)c6ccc(cc6)C(=O)c7ccc(cc7)C(=O)c8ccc(cc8)C(=O)c9ccc(cc9)C(=O,C1=Oc2c3c(cc1O1)C(=O)(c3c2c1c2c1c2c1c2c1c2c1c2c1c2c1c2c1c2c1c2c1c2c1c2c1c2c1c2c1c2c1,C1=Oc2ccccc2C(=O)N1c3c4n(c(=O)c5c4c(ccc5C(=O)C(=O)c6ccccc6)C(=O)c5c(cccc5)c4n(c(=O)c4c(cccc4)C(=O)C(=O)c4ccccc4-3,O=C1C(=O)N(C(=O)C(=O)c2c3n(c(=O)c(=O)n2C(=O)c2ccccc2)C(=O)C(=O)c2ccccc21-3)C(=O)c2ccccc12
O=C1C(=O)N(C(=O)C(=O)c2c3n(c(=O)c(=O)n2C(=O)c2ccccc2)C(=O)C(=O)c2ccccc2-3)C(=O)c2ccccc21,C1=Oc2c3c(c(c(c(c(c(c(c(c(c(c(c(c(c(c(c(c(c(c(c(c(c(c(c(c(c(c(c(c(c(c(c(c(c(c(c(c(c(c(c(c(c(c(c(c(c(c(c(c(c(c(c(c(c(c(c(c(c(c(c(c(c(c(c(c(c(c(c(c(c(c(c,C1=Oc2c3n(c(=O)c(=O)n2C(=O)c2ccccc2)C(=O)c2ccccc2C(=O)C(=O)c2ccccc2C(=O)C(=O)c2ccccc2C(=O)c2ccccc2C(=O)c1c3c(ccc3O)c3,C1=Oc2c3c(c(c(c(c2N(C(=O)c4ccc(cc4)C(=O)C(=O)c5ccccc5)c3=O)C(=O)c3c(cc(cc3)C(=O)C(=O)N(C(=O)c6ccc(cc6)C(=O)C(=O)c7ccccc,C1=Oc2c3n(c(=O)c(=O)n2C(=O)c2ccccc2)C(=O)c2ccccc2C(=O)c3c2ccccc2N(C(=O)C(=O)c2ccccc2)C(=O)c2ccccc2-3C(=O)c1ccccc1C(=O)c
CC(=O)C1=C(c2ccc(=O)c3ccc(=O)c(C=C4C=CC=C4)cc3c(=O)c2)C=CC(=O)c2cc(C=C3C=CC=C3)c(=O)ccc2C(=O)C=C1,CC(=O)C1=C(c2ccc(=O)c3ccc(=O)c(C=C4C=CC=C4)cc3c(=O)c2)C=CC(=O)c2cc(C=C3C=CC=C3)c(=O)ccc2C(=O)C=C1,CC(=O)C1=C(c2ccc(=O)c3ccc(=O)c(C=C4C=CC=C4)cc3c(=O)c2)C=CC(=O)c2cc(C=C3C=CC=C3)c(=O)ccc2C(=O)C=C1,CC(=O)C1=C(c2ccc(=O)c3ccc(=O)c(C=C4C=CC=C4)cc3c(=O)c2)C=CC(=O)c2cc(C=C3C=CC=C3)c(=O)ccc2C(=O)C=C1,CC(=O)C1=C(c2ccc(=O)c3ccc(=O)c(C=C4C=CC=C4)cc3c(=O)c2)C=CC(=O)c2cc(C=C3C=CC=C3)c(=O)ccc2C(=O)C=C1
O=C1C(=O)N(C(=O)C(=O)c2c3n(c(=O)c(=O)n2C(=O)c2ccccc2)C(=O)C(=O)c2ccccc21-3)C(=O)c2ccccc12,C1=Oc2c3n(c(=O)c(=O)n2C(=O)c2ccccc2C(=O)c2ccccc2-3)C(=O)c2ccccc21,C1=Oc2c3c(c1)c1ccccc1N(c2=O)C(=O)c2ccc(cc2)C(=O)c2ccc(cc2)C(=O)c2ccc(cc2)c2ccc(cc2)C(=O)c2ccc(cc2)c2ccc(cc2)c2ccc(cc2)c2ccc(cc2)c2ccc,O=C1C(=O)N(C(=O)C(=O)c2c3n(c(=O)c(=O)n2C(=O)c2ccccc2)C(=O)C(=O)c2ccccc2-3)C(=O)c2ccccc21,C1=Oc2c3c(ccc3Oc2=O)N(c1c2c(cc3c(cc(c(c(c3O)c2)O)c2ccccc2)c2ccc(cc2)C(=O)N1c1c(cc(c(c(c1O)O)c1ccccc1)c1ccccc1)C(=O))
O=C1C(=O)N(C(=O)C(=O)c2c3n(c(=O)c(=O)n2C(=O)c2ccccc2)C(=O)C(=O)c2ccccc2-3)C(=O)c2ccccc21,O=C1C(=O)N(C(=O)C(=O)c2c3n(c(=O)c(=O)n2C(=O)c2ccccc2)C(=O)C(=O)c2ccccc2-3)C(=O)c2ccccc21,C1=Oc2ccccc2C(=O)N1C(=O)C(=O)c3c2c(cc3)C(=O)c2c(ccc(c2C(=O)N3C(=O)c4c(cccc4C(=O)C(=O)c4ccc(cc4)C(=O)C(=O)c4ccc(cc4,C1=Oc2ccccc2C(=O)N(C(=O)C(=O)c3c4n(c(=O)c(=O)n4C(=O)c4ccccc4)C(=O)C(=O)c4ccccc4-3)C(=O)c4ccccc41,C1=CC(=O)N(C(=O)C(=O)c2c3n(c(=O)c(=O)n2C(=O)c2ccccc2)C(=O)C(=O)c2ccccc2-3)C(=O)c2ccccc21
C1=Oc2c3c(ccc3O1)C(=O)N(C(=O)c4ccc(cc4)C(=O)Nc5c6ccccc6ccc5O)c2c1ccccc1N(C(=O)c2ccc(cc2)C(=O)Nc3c4ccccc4ccc3O)c1ccccc,C1=Oc2ccccc2C(=O)Nc3c4c(ccc(cc4N3)C(=O)C5c6ccccc6C(=O)Nc7c(ccc(cc7)C(=O)C8c9ccccc9C(=O)Nc10c(ccc(cc10)C(=O)C11,C1=Oc2ccccc2Oc1=Oc1ccc(cc1)C(=O)Nc2c(cccc2N)C(=O)Nc1ccc(cc1)C(=O)Nc2ccc(cc2)C(=O)Nc1ccc(cc1)C(=O)Oc1ccccc1C(=O),O=C1C(=O)n2c(c(C(=O)C(=O)n3c(=O)ccc4ccccc4c3=O)n(C(=O)c3ccccc3)c(=O)c2=O)-c2ccccc21,C1=Oc2c3c(ccc3c4ccccc4)C(=O)(c5ccccc5)c6ccccc6N(C(=O)C(=O)N7c8ccccc8c9ccccc9c7=O)c2=O)c1=Oc2ccccc2=O
O=C1C(=O)N(C(=O)C(=O)c2c3n(c(=O)c(=O)n2C(=O)c2ccccc2)C(=O)C(=O)c2ccccc2-3)C(=O)c2ccccc21,C1=Oc2c3n(c(=O)c(=O)n2C(=O)c2ccccc2)C(=O)C(=O)c2ccccc2c3C(=O)C(=O)c2ccccc2C(=O)C(=O)c2ccccc2C(=O)C(=O)c2ccccc21,O=C1C(=O)N(C(=O)C(=O)c2c3n(c(=O)c(=O)n2C(=O)c2ccccc2)C(=O)C(=O)c2ccccc2-3)C(=O)c2ccccc21,C1=Oc2c3c(c(c(c(c1)N(C(=O)c2c3c(c(c(c1)N(C(=O)c2c3c(c(c(c1)C(=O)c2ccccc2)c2ccc(cc2)C(=O)c2ccccc21)C(=O)c2ccccc21)C(=O)c2,C1=Oc2c3c(cc2O)c3c1c4c(cc5c(cc(cc5C(=O)N1C(=O)c1c(cc(cc1O)C(=O))C(=O)N1C(=O)c1c(cc(cc1O)C(=O))C(=O)c1ccc(cc1)C(=O))
C1=CC=CC=C1C(=O)N1C(=O)C2=CC=CC=C2C(=O)N2C(=O)C3=CC=CC=C3C(=O)N3C(=O)C4=CC=CC=C4C(=O)N4C(=O)C5=CC=CC=C5,C1=Oc2ccccc2C(=O)N1c1ccc(cc1)C(=O)N1c1ccc(cc1)C(=O)N1c1ccc(cc1)C(=O)N1C(=O)c1ccccc1C(=O)N1c1ccc(cc1)C(=O)N1C(=O,C1=Oc2ccc(cc2)C(=O)N1c1ccc(cc1)C(=O)N1c1ccc(cc1)C(=O)N1c1ccc(cc1)C(=O)N1c1ccc(cc1)C(=O)C1=Oc2ccc(cc2)C(=O)N2c1,C1=CC=CC=C1C(=O)N1C(=O)C(=O)N1C(=O)C(=O)N1C(=O)C(=O)N1C(=O)C(=O)N1C(=O)C1=CC=CC=C1C(=O)N1C(=O)C(=O),C1=CC(=O)N(C1=O)C1=CC=CC=C1C(=O)N1C=CC=CC=C1C(=O)N1C=CC=CC=C1C(=O)N1C=CC=CC=C1C(=O)N1C=CC=CC=C1C(=O)N1C
C1=Oc2c3c(cc1)c(cc3c2O)N(C(=O)c2ccc(cc2)C(=O)Nc2ccc(cc2)C(=O)Nc2ccc(cc2)C(=O)Nc2ccc(cc2)C(=O)Nc2ccc(cc2)C(=O)Nc2ccc,O=C1C(=O)N(C(=O)C(=O)c2c3n(c(=O)c(=O)n2C(=O)c2ccccc2)C(=O)C(=O)c2ccccc2-3)C(=O)c2ccccc21,O=C1C(=O)N(C(=O)C(=O)c2c3n(c(=O)c(=O)n2C(=O)c2ccccc2)C(=O)C(=O)c2ccccc2-3)C(=O)c2ccccc1C(=O)c2ccccc2,O=C1C(=O)N(C(=O)C(=O)c2c3n(c(=O)c(=O)n2C(=O)c2ccccc2)C(=O)C(=O)c2ccccc21)C(=O)c2ccccc12,O=C1C(=O)N(C(=O)C(=O)c2c3n(c(=O)c(=O)n2C(=O)c2ccccc2)C(=O)C(=O)c2ccccc2-3)C(=O)c2ccccc21
C1=Oc2ccccc2c(=O)n2c(=O)c3ccccc3c(=O)c(=O)n2c(=O)c(=O)n1C(=O)c1ccccc1C(=O)c1ccccc1C(=O)c1ccccc1,C1=CC=CC=C1C(=O)N1C(=O)C2=CC=CC=C2C(=O)N2C(=O)C3=CC=CC=C3C(=O)N3C(=O)C4=CC=CC=C4C(=O)N4C(=O)C5=CC=CC=C5,O=C(C(=O)n1c(=O)c2ccccc2c(=O)c(=O)n2c3ccccc3c(=O)c(=O)n2c(=O)c(=O)n1C(=O)c1ccccc1)c1ccccc1,C1=CC=CC=C1C(=O)N1C(=O)C2=CC=CC=C2C(=O)N2C(=O)C3=CC=CC=C3C(=O)N3C(=O)C4=CC=CC=C4C(=O)N4C(=O)C5=CC=CC=C5,C1=CC(=O)N(C1=O)C1=CC=CC=C1C1=CC=CC=C1C1=O)C1=CC=CC=C1C1=CC=CC=C1C1=O)C1=CC=CC=C1C1=O)C1=CC=CC=C1C1=O
O=C1C(=O)N(C(=O)C(=O)c2c3n(c(=O)c(=O)n2C(=O)c2ccccc2)C(=O)C(=O)c2ccccc21)C(=O)c2ccccc23,C1=Oc2c3c(cc2=O)N(c3c1=O)C(=O)c4c5c(cc4=O)n5c4c(cc3=O)C(=O)c4c(cc5=O)C(=O)c4c(cc3=O)N(c3c4=O)c1c(cc2=O,C1=Oc2c3n(c(=O)c(=O)n2C(=O)c2ccccc2C(=O)C(=O)c2ccccc2-3)C(=O)c2ccccc21,C1=Oc2c3c(c(c(c(c2O)c1)C(=O)Nc1c2c(ccc2C(=O)c2ccc(cc2)C(=O)c2ccc(cc2)c1C(=O)Nc1c2c(ccc2C(=O)c2ccc(cc2)c1)C(=O)c1cc,C1=Oc2ccccc2C(=O)N1C(=O)c3c4n(c(=O)c(=O)n4C(=O)c4ccccc4C(=O)C(=O)c4ccccc41)C(=O)c4ccccc41
O=C1C(=O)N(C(=O)C(=O)c2c3n(c(=O)c(=O)n2C(=O)c2ccccc2)C(=O)C(=O)c2ccccc2-3)C(=O)c2ccccc21,C1C(=O)N(C(=O)C(=O)c2c3n(c(=O)c(=O)n2C(=O)c2ccccc2)C(=O)C(=O)c2ccccc2-3)C(=O)c2ccccc21,C1=Oc2ccccc2C(=O)N(C(=O)C(=O)c3c4c(ccc4[nH]c4ccccc4n3C(=O)c4ccccc4)C(=O)c4ccccc4-3)C(=O)c4ccccc41,C1=Oc2c3c(cc2O)C(=O)N(C(=O)c4ccc(cc4)C(=O)c5ccc(cc5)C(=O)c6ccccc6)C(=O)c3c7c(cc2c(c7)O)C(=O)c7c(cc(c7)C(=O)N(C(=O)c,C1=Oc2ccccc2C(=O)N(C(=O)C(=O)c3c4n(c(=O)c(=O)n4C(=O)c4ccccc4)C(=O)C(=O)c4ccccc41)C(=O)c4ccccc41
O=C(C(=O)n1c(=O)c2ccccc2c(=O)c(=O)n2c3ccccc3c(=O)c(=O)n2c(=O)c(=O)n1C(=O)c1ccccc1)c1ccccc1,C1=CC=CC=C1C(=O)N1C(=O)C2=CC=CC=C2C(=O)N2C(=O)C3=CC=CC=C3C(=O)N3C(=O)C4=CC=CC=C4C(=O)N4C(=O)C5=CC=CC=C5,C1=CC=CC=C1C(=O)N1C(=O)C2=CC=CC=C2C(=O)N2C(=O)C3=CC=CC=C3C(=O)N3C(=O)C4=CC=CC=C4C(=O)N4C(=O)C1=O,C1=CC=CC=C1C(=O)N1C(=O)C2=CC=CC=C2C(=O)N2C(=O)C3=CC=CC=C3C(=O)N3C(=O)C4=CC=CC=C4C(=O)N4C(=O)C5=CC=CC=C5,C1=CC=CC=C1C(=O)N1C(=O)C2=CC=CC=C2C(=O)N2C(=O)C3=CC=CC=C3C(=O)N3C(=O)C4=CC=CC=C4C(=O)N4C(=O)C1=O
C1=Oc2c3c(cc1OC(=O)N(C(=O)c4ccc(cc4)C(=O)c4ccc(cc4)C(=O)c4ccc(cc4)C(=O)c4ccc(cc4)C(=O)c4ccc(cc4)C(=O)c4ccc(cc4)C(=O)c4ccc(cc4)C,O=C1C(=O)N(C(=O)C(=O)c2c3n(c(=O)c(=O)n2C(=O)c2ccccc2)C(=O)C(=O)c2ccccc2-3)C(=O)c2ccccc21,O=C1C(=O)N(C(=O)C(=O)c2c3n(c(=O)c(=O)n2C(=O)c2ccccc2)C(=O)C(=O)c2ccccc21)C(=O)c2ccccc13,C1=Oc2ccccc2N3C(=O)C(=O)C(=O)C4=Oc5ccccc5N6C(=O)C(=O)c7c8c(ccc8n7C(=O)c9ccccc9)C(=O)C(=O)c10ccccc10C(=O)C(=O)c,C1=Oc2c3c(c(n2C(=O)c2ccc(cc2)C(=O)C(=O)C2=CN=C3c2ccccc2)C(=O)C(=O)C2=CN=C3c2ccccc2)C(=O)c2ccccc21
C1=Oc2c3c(cc2O1)Nc4c3c(cc4O)C(=O)Nc5c1c(cc5O)C(=O)c1ccc(cc1)C(=O)c1ccc(cc1)C(=O)c1ccc(cc1)C(=O)c1ccc(cc1)C(=O)c1ccc,O=C1C(=O)N(C(=O)C(=O)c2c3n(c(=O)c(=O)n2C(=O)c2ccccc2)C(=O)C(=O)c2ccccc2-3)C(=O)c2ccccc21,O=C1C(=O)N(C(=O)C(=O)c2c3n(c(=O)c(=O)n2C(=O)c2ccccc2)C(=O)C(=O)c2ccccc2-3)C(=O)c2ccccc21,O=C1C(=O)N(C(=O)C(=O)c2c3n(c(=O)c(=O)n2C(=O)c2ccccc2)C(=O)C(=O)c2ccccc2-3)C(=O)c2ccccc21,C1=Oc2c3c(cc2O)c4c5c(cc4O)C(=O)N(C(=O)C(=O)c5c1c(cc1C(=O)c1ccccc1)c1ccccc1-3)c1ccc(cc1)C(=O)C(=O)c1ccccc12
O=C1C(=O)N(C(=O)C(=O)c2c3n(c(=O)c(=O)n2C(=O)c2ccccc2)C(=O)C(=O)c2ccccc2-3)C(=O)c2ccccc21,C1=Oc2ccccc2C(=O)N(c3c(cccc3C(=O)Nc4c(cccc4C(=O)Nc4c(cccc4C(=O)Nc4c(cccc4C(=O)Nc4c(cccc4C(=O)Nc4c(cccc4C(=O)N,C1=Oc2ccccc2C(=O)N(C(=O)c3ccc(cc3)C(=O)c4ccc(cc4)C(=O)c5ccccc5)C1=C1C(=O)c2ccc(cc2)C(=O)c3ccc(cc3)C(=O)c4ccc(cc4)C(=O)c5ccccc5,C1=Oc2ccccc2C(=O)N(C(=O)c3c4n(c(=O)c(=O)n3c4c1c3c4c1c(=O)c(=O)n3c4c1c(=O)c(=O)n3c4c1c(=O)c(=O)n3c4c1c(=O)c,O=C1C(=O)N(C(=O)C(=O)c2c3n(c(=O)c(=O)n2C(=O)c2ccccc2)C(=O)C(=O)c2ccccc2-3)C(=O)c2ccccc21
CC(=O)C1=C(c2ccc(=O)c3ccc(=O)c(C=C4C=CC=C4)cc3c(=O)c2)C=CC(=O)c2cc(C=C3C=CC=C3)c(=O)ccc2C(=O)C=C1,CC(=O)C1=C(c2ccc(=O)c3ccc(=O)c(C=C4C=CC=C4)cc3c(=O)c2)C=CC(=O)c2cc(C=C3C=CC=C3)c(=O)ccc2C(=O)C=C1,CC(=O)C1=C(c2ccc(=O)c3ccc(=O)c(C=C4C=CC=C4)cc3c(=O)c2)C=CC(=O)c2cc(C=C3C=CC=C3)c(=O)ccc2C(=O)C=C1,CC(=O)C1=C(c2ccc(=O)c3ccc(=O)c(C=C4C=CC=C4)cc3c(=O)c2)C=CC(=O)c2cc(C=C3C=CC=C3)c(=O)ccc2C(=O)C=C1,C1=CC(=O)C2=C(c3ccc(cc3)c4ccc(cc4)c5ccc(cc5)c6ccc(cc6)c7ccc(cc7)c8CC(=O)C8)C(=O)C(C(=O)C2)C1=CC(=O)C1=C(c2ccc(cc2)c3ccc(cc3)c4ccc(cc
O=C1C(=O)N(C(=O)C(=O)c2c3n(c(=O)c(=O)n2C(=O)c2ccccc2)C(=O)C(=O)c2ccccc2-3)C(=O)c2ccccc21,C1=Oc2c3c(c(=O)n3c(=O)n3c(=O)c2C(=O)c2ccccc2)C(=O)c2ccc(cc2)C(=O)C(=O)c2ccc(cc2)-3C(=O)c2ccc(cc2)C(=O)c1c2ccc(cc2)C(=O)c,C1=Oc2c3c(cc2O)c4c5c(cc3N1)C(=O)N(C(=O)c6ccccc6)C(=O)c5c(cc4O)c5c(cc3c6ccccc6O)c7ccccc7C(=O)c3ccccc3,C1=OCC(=O)N(C(=O)C(=O)c2c3n(c(=O)c(=O)n2C(=O)c2ccccc2)C(=O)C(=O)c2ccccc21)C(=O)c2ccccc21,C1=Oc2c3c(cc2O1)N(C(=O)c4ccc(cc4)C(=O)Nc5c1c(cc(c5)C(=O)O)C(=O)c1ccc(cc1)C(=O)N1c2ccccc2C(=O)1)C(=O)c6ccccc6C(=
C1=Oc2c3c(ccc2O1)N(C(=O)c4ccc(cc4)C(=O)Nc5c(cccc5)C(=O)Nc6ccccc6C(=O)c7ccccc7)C(=O)c8ccccc8C(=O)c9ccccc9C(=O)c3C(=O,O=C1C(=O)N(C(=O)C(=O)c2c3n(c(=O)c(=O)n2C(=O)c2ccccc2)C(=O)C(=O)c2ccccc2-3)C(=O)c2ccccc21,O=C1C(=O)N(C(=O)C(=O)c2c3n(c(=O)c(=O)n2C(=O)c2ccccc2)C(=O)C(=O)c2ccccc2-3)C(=O)c2ccccc21,O=C1C(=O)N(C(=O)C(=O)c2c3n(c(=O)c(=O)n2C(=O)c2ccccc2)C(=O)C(=O)c2ccccc2-3)C(=O)c2ccccc21,C1=O.C1=O.N(C(=O)C(=O)c2c3n(C(=O)c2c(=O)n2C(=O)c2ccccc2)C(=O)c2ccccc2-3)C(=O)c2ccccc21.C(=O)c2ccccc21
C1=Oc2c3n(c(=O)c(=O)n2C(=O)c2ccccc2)C(=O)C(=O)c2ccccc2c3C(=O)c2ccccc21,O=C1C(=O)N(C(=O)C(=O)c2c3n(c(=O)c(=O)n2C(=O)c2ccccc2)C(=O)C(=O)c2ccccc2-3)C(=O)c2ccccc21,C1=Oc2ccccc2C(=O)N(C(=O)c3c4c(ccc4[nH]c3C(=O)C(=O)c5ccccc5)c6ccccc6C(=O)c6ccccc6)C(=O)c6ccccc6C(=O)c1ccccc1C(=O)c1ccccc12,C1=Oc2c3n(c(=O)c(=O)n2C(=O)c2ccccc2)C(=O)c2ccccc2C(=O)C(=O)c2ccccc21C(=O)c2ccccc2C(=O)C(=O)c2ccccc21C(=O)c1ccccc1C(=O)c2cc,C1=OCC(=O)N(C(=O)C(=O)C2=C3N(C(=O)C(=O)C4=C5C=CC=CC5=C4N3C(=O)C6=C7C=CC=CC7=C6C(=O)C8=C9C=CC=CC9=C8N5C(=
C1=CC(=O)N(C(=O)C(=O)C2=C1C(=O)N(C(=O)C3=C2c4c5c6c(ccc6c(c5c4C(=O)N(C(=O)c7ccccc7)C(=O)c8ccccc8)C(=O)C(=O)N,C1=Oc2c3c(c(c(c(c2=O)N(C(=O)C(=O)c4c5c6c(ccc6c5c4=O)C(=O)C(=O)c4c(cccc4)C(=O)C(=O)c4ccccc4-3)C(=O)c4ccccc41)c,O=C1C(=O)N(C(=O)C(=O)c2c3n(c(=O)c(=O)n2C(=O)c2ccccc2)C(=O)C(=O)c2ccccc2-3)C(=O)c2ccccc21,C1=OCC(=O)N(C(=O)C(=O)c2c3n(c(=O)c(=O)n2C(=O)c2ccccc2)C(=O)C(=O)c2ccccc2-3)C(=O)c2ccccc21,O=C1C(=O)N(C(=O)C(=O)c2c3n(c(=O)c(=O)n2C(=O)c2ccccc2)C(=O)C(=O)c2ccccc2-3)C(=O)c2ccccc21
C1=CC(=O)C2=C(C=C(C=C3C=CC=C3)C2=C(C=C4C=CC=C4)C(=O)C1)C(=O)C5=C(C=C(C=C6C=CC=C6)C5=C(C=C7C=CC=C7)C(=O)C1=C(C=C8,CC(=O)C1=C(c2ccc(=O)c3ccc(=O)c(C=C4C=CC=C4)cc3c(=O)c2)C=CC(=O)c2cc(C=C3C=CC=C3)c(=O)ccc2C(=O)C=C1,CC(=O)C1=C(c2ccc(=O)c3ccc(=O)c(C=C4C=CC=C4)cc3c(=O)c2)C=CC(=O)c2cc(C=C3C=CC=C3)c(=O)ccc2C(=O)C=C1,CC(=O)C1=C(c2ccc(=O)c3ccc(=O)c(C=C4C=CC=C4)cc3c(=O)c2)C=CC(=O)c2cc(C=C3C=CC=C3)c(=O)ccc2C(=O)C=C1,CC(=O)C1=C(c2ccc(=O)c3ccc(=O)c(C=C4C=CC=C4)cc3c(=O)c2)C=CC(=O)c2cc(C=C3C=CC=C3)c(=O)ccc2C(=O)C=C1
C1=Oc2c3c(c(n2C(=O)c2ccccc2)C(=O)c2ccccc2)C(=O)c1c3n(c1c2ccccc2C(=O)c1ccccc1C(=O)c1ccccc12)C(=O)c1ccccc21,C1=Oc2c3n(c(=O)c(=O)n2C(=O)c2ccccc2)C(=O)c2ccccc2c3C(=O)c1ccccc1C(=O)c2ccccc2C(=O)c1ccccc1C(=O)c2ccccc2C(=O)c1ccccc1C(=O)c,C1=Oc2c3c(cc1OC(=O)c3c(cc2OC(=O)c2ccc(cc2)C(=O)Nc2c(cc(cc2OC(=O)c2ccccc2)C(=O)Nc2c(cc(cc2OC(=O)c2ccccc2)C(=O)Nc2ccc(cc2)C,O=C1C(=O)N(C(=O)C(=O)c2c3n(c(=O)c(=O)n2C(=O)c2ccccc2)C(=O)c2ccccc21-3)C(=O)c2ccccc21,O=C1C(=O)N(C(=O)C(=O)c2c3n(c(=O)c(=O)n2C(=O)c2ccccc2)C(=O)C(=O)c2ccccc2-3)C(=O)c2ccccc21
C1=Oc2c3c(cc1)c(cc3c2O)c4ccc(cc4)Nc5c(cc(cc5O)N)C(=O)c6ccccc6Nc7c(cc(cc7O)N)C(=O)c8ccccc8Nc9c(cc(cc9O)N)C(=O)c1ccccc1,C1=CC=CC=C1C(=O)N1C(=O)C2=CC=CC=C2C(=O)N2C(=O)C3=CC=CC=C3C(=O)N3C(=O)C4=CC=CC=C4C(=O)N4C(=O)C5=CC=CC=C5,C1=Oc2ccccc2C(=O)N1c3c4ccccc4c(=O)n3C(=O)c5ccccc5C(=O)n3c6ccccc6c(=O)n3C(=O)c7ccccc7C(=O)n3C(=O)c1ccccc1C(=O)c1ccccc1,O=C(C(=O)n1c(=O)c2ccccc2c(=O)c(=O)n2c3ccccc3c(=O)c(=O)n2c(=O)c(=O)n1C(=O)c1ccccc1)c1ccccc1,C1=Oc2ccccc2c(=O)n2c(=O)c3ccccc3c(=O)c(=O)n2c(=O)c(=O)n1C(=O)c1ccccc1)c1ccccc1C(=O)c1ccccc1C(=O)c1ccccc1C(=O)c1ccccc1
O=C1C(=O)N(C(=O)C(=O)c2c3n(c(=O)c(=O)n2C(=O)c2ccccc2)C(=O)C(=O)c2ccccc2-3)C(=O)c2ccccc21,O=C1C(=O)N(C(=O)C(=O)c2c3n(c(=O)c(=O)n2C(=O)c2ccccc2)C(=O)C(=O)c2ccccc2-3)C(=O)c2ccccc21,O=C1C(=O)N(C(=O)C(=O)c2c3n(c(=O)c(=O)n2C(=O)c2ccccc2)C(=O)C(=O)c2ccccc2-3)C(=O)c2ccccc21,C1=Oc2ccccc2C(=O)N1C(=O)c3c4c(ccc4n3C(=O)c3c(cccc3C(=O))C(=O)c3ccc(cc3)C(=O)C(=O)c3ccc(cc3)C(=O)C(=O)c3ccc(cc3)C(=O)c,O=C1C(=O)N(C(=O)C(=O)c2c3n(c(=O)c(=O)n2C(=O)c2ccccc2)C(=O)C(=O)c2ccccc21)C(=O)c2ccccc23
C1=Oc2ccccc2C(=O)N(C(=O)C(=O)c3c4n(c(=O)c(=O)n4C(=O)c4ccccc4)C(=O)C(=O)c4ccccc4-3)C(=O)c4ccccc41,C1=OCC(=O)N(C(=O)C(=O)c2c3n(c(=O)c(=O)n2C(=O)c2ccccc2)C(=O)C(=O)c2ccccc21)C(=O)c2ccccc21,O=C1C(=O)N(C(=O)C(=O)c2c3n(c(=O)c(=O)n2C(=O)c2ccccc2)C(=O)C(=O)c2ccccc21)C(=O)c2ccccc12,C1=Oc2c3c(cc2O)c1c3c(c1c(cc(cc1O)C(=O)N(C(=O)c2ccccc2)c3c4c(cc(c(c4C(=O)C(=O)c2ccccc2)N(C(=O)c2ccccc2)c3c1c(cc(c1O)C,C1=Oc2ccccc2C(=O)N(C(=O)c3ccc(cc3)C(=O)C(=O)c3ccc(cc3)C(=O)c3ccc(cc3)C(=O)c3ccc(cc3)C(=O)c3ccc(cc3)C(=O)c3ccc(cc3)C(=O)c3ccc(cc3
C1=Oc2ccccc2C(=O)N(C(=O)c3ccc(cc3)C(=O)C(=O)c4ccc(cc4)C(=O)C(=O)c5ccc(cc5)C(=O)C(=O)c6ccc(cc6)C(=O)C(=O)c7ccc(cc7)C(=O)C,C1=Oc2c3c(c1)c(cc3O1)N(C(=O)C(=O)c2ccccc2)C(=O)c2ccc(cc2)C(=O)c1ccc(cc1)C(=O)c2ccc(cc2)C(=O)c1ccc(cc1)C(=O)c2ccc(cc2)C(=O)c,C1=Oc2ccccc2C(=O)N(C(=O)c3c(cccc3N1C(=O)c4ccc(cc4)C(=O)N1c5c(cccc5C(=O)N1c6ccccc6C(=O)N1c7ccccc7C(=O)N1)C(=O)C,C1=Oc2c3c(cc2O)N(c3c1c(cc2c3c(cc2O)c3c1c(cc2c3c(cc2O)c3c1c(cc2c3c(cc2O)c3c1c(cc2c3c(cc2O)c3c1c(cc2c3c(cc2O)c,C1=Oc2c3c(c(c(c(c(c3c2=O)Nc2c(c(ccc2C(=O)O)C(=O)O)C(=O)C(=O)C2=O)C(=O)C(=O)c2ccc(cc2)C(=O)O)C(=O)C(=O)c
C1=Oc2c3c(c(n3c1)c2C(=O)Nc1ccc(cc1)C(=O)C(=O)c2ccc(cc2)C(=O)C(=O)c2ccc(cc2)C(=O)c1ccc(cc1)C(=O)c1ccc(cc1)C(=O)c1ccc(cc1),C1=Oc2ccccc2C(=O)N(C(=O)c3ccc(cc3)C(=O)c4ccc(cc4)C(=O)c5ccc(cc5)C(=O)c6ccc(cc6)C(=O)c7ccc(cc7)C(=O)c8ccc(cc8)C(=O)c9ccc(cc9)C(=O,O=C1C(=O)N(C(=O)C(=O)c2c3n(c(=O)c(=O)n2C(=O)c2ccccc2)C(=O)C(=O)c2ccccc2-3)C(=O)c2ccccc21,O=C1C(=O)N(C(=O)C(=O)c2c3n(c(=O)c(=O)n2C(=O)c2ccccc2)C(=O)C(=O)c2ccccc21)C(=O)c2ccccc12,C1=Oc2c3n(c(=O)c(=O)n2C(=O)c2ccccc2)C(=O)c2ccccc2C(=O)c2ccccc2C(=O)c2ccccc2C(=O)c2ccccc21
O=C1C(=O)N(C(=O)C(=O)c2c3n(c(=O)c(=O)n2C(=O)c2ccccc2)C(=O)C(=O)c2ccccc2-3)C(=O)c2ccccc21,C1=CC(=O)N(C(=O)C(=O)C2=C3C4=C(C=C(C=C4N(C(=O)C5=C(C=C(C=C5C(=O)C6=C(C=C(C=C6C(=O)C7=C(C=C(C=C7C(=O)C8=C(C=C(C=C8C(=O,O=C1C(=O)N(C(=O)C(=O)c2c3n(c(=O)c(=O)n2C(=O)c2ccccc2)C(=O)C(=O)c2ccccc21-3)C(=O)c2ccccc21,C1=Oc2c(cccc2C(=O)Nc3c(cccc3)C(=O)Nc4c(cccc4)C(=O)Nc5c(cccc5)C(=O)Nc6c(cccc6)C(=O)Nc7c(cccc7)C(=O)Nc8c(cccc,C1=CC(=O)N(C(C(=O)C(=O)N2C1(C2=O)c3ccc(cc3)C(=O)N(C(C(=O)C(=O)N(C4C3(C5=C(C4=C(C5=C(C(=O)C(=O)N(C(C(=O)C(=O)N(C6
O=C1C(=O)N(C(=O)C(=O)c2c3n(c(=O)c(=O)n2C(=O)c2ccccc2)C(=O)C(=O)c2ccccc21)C(=O)c2ccccc12,C1=Oc2ccccc2C(=O)N(C(=O)c3ccc(cc3)C(=O)C(=O)c4ccc(cc4)C(=O)c5ccc(cc5)C(=O)c6ccccc6C(=O)c7ccc(cc7)C(=O)c8ccccc8N(C(=O)c9ccccc9C,O=C1C(=O)N(C(=O)C(=O)c2c3n(c(=O)c(=O)n2C(=O)c2ccccc2)C(=O)C(=O)c2ccccc2-3)C(=O)c2ccccc21,C1=CC(=O)N(C(=O)C(=O)c2c3n(c(=O)c(=O)n2C(=O)c2ccccc2)C(=O)C(=O)c2ccccc2-3)C(=O)c2ccccc21,C1=Oc2c3c(ccc3O1)C(=O)N(C(=O)C(=O)c2c3c(ccc3O2)C(=O)c2ccc(cc2)C(=O)C(=O)c2ccc(cc2)C(=O)c2ccc(cc2)C(=O)c2ccc(cc2)C(=
C1=OCC(=O)N(C(=O)C(=O)c2c3n(c(=O)c(=O)n2C(=O)c2ccccc2)C(=O)C(=O)c2ccccc2-3)C(=O)c2ccccc21,O=C1C(=O)N(C(=O)C(=O)c2c3n(c(=O)c(=O)n2C(=O)c2ccccc2)C(=O)C(=O)c2ccccc21-3)C(=O)c2ccccc21,C1=Oc2c3c(ccc2O)c3c(ccc3N1C(=O)c4ccc(cc4)C(=O)c5ccccc5C(=O)c6ccccc6)C(=O)c7ccccc7C(=O)c8ccccc8C(=O)c9ccccc9,O=C1C(=O)N(C(=O)C(=O)c2c3n(c(=O)c(=O)n2C(=O)c2ccccc2)C(=O)C(=O)c2ccccc2-3)C(=O)c2ccccc21,C1=Oc2c3c(c(c(c(c(c2O)c2c(cccc2O)C(=O)N(C(=O)C(=O)c2c3c(c(c(c(c2O)c2ccccc2)C(=O)C(=O)c2ccccc21)C(=O)c2ccccc21)C(=O)c2
O=C1C(=O)N(C(=O)C(=O)c2c3n(c(=O)c(=O)n2C(=O)c2ccccc2)C(=O)C(=O)c2ccccc2-3)C(=O)c2ccccc21,C1=Oc2ccccc2C(=O)N(C(=O)C(=O)c3c4n(c(=O)c(=O)n4C(=O)c3c4ccccc4)C(=O)C(=O)c4ccccc4-4)c3ccccc34)C(=O)c4ccccc41,C1=Oc2c3c(cc1OC(=O)N(C(=O)C(=O)c2c3n(c(=O)c2c(cccc2)C(=O)c2ccccc2)C(=O)c2ccccc2-3)C(=O)c2ccccc21)C(=O)c2ccccc21,O=C1C(=O)N(C(=O)C(=O)c2c3n(c(=O)c(=O)n2C(=O)c2ccccc2)C(=O)C(=O)c2ccccc21-3)C(=O)c2ccccc21,C1=Oc2ccccc2C(=O)N(C(=O)c3ccc(cc3)C(=O)C(=O)C1=O)C(=O)c4ccc(cc4)C(=O)C(=O)c5ccc(cc5)C(=O)C(=O)c6ccccc6N(C(=O)c7ccc(cc7)
O=C(C(=O)N1c2ccccc2c(=O)c(=O)N2c3ccccc3c(=O)c(=O)N2c(=O)c(=O)N1)C(=O)c1ccccc1)c1ccccc1,C1=CC=CC=C1C(=O)N1C(=O)C2=CC=CC=C2C(=O)N2C(=O)C3=CC=CC=C3C(=O)N3C(=O)C4=CC=CC=C4C(=O)N4C(=O)C1=CC=CC=C1,C1=Oc2ccccc2C(=O)n1c3ccccc3C(=O)c4ccccc4C(=O)n3c1ccccc1C(=O)c1ccccc1C(=O)n1C(=O)c2ccccc2C(=O)n1c3ccccc3C(=O)c4ccccc4C(=O)n,C1=CC=CC=C1C(=O)N1C(=O)C2=CC=CC=C2C(=O)N2C(=O)C3=CC=CC=C3C(=O)N3C(=O)C4=CC=CC=C4C(=O)N4C(=O)C1=C1C5=CC,C1=CC=CC=C1C(=O)N1C=Oc2ccccc2C(=O)N2C=Oc3ccccc3C(=O)N3C=Oc4ccccc4C(=O)N4C(=O)c5ccccc5C(=O)N5C(=O)c6ccccc6C(=
C1=Oc2ccccc2N1C(=O)C(=O)c3c4n(c(=O)c(=O)n3C(=O)c3ccccc3C(=O)C(=O)c3ccccc31)C(=O)c4ccccc41,C1=Oc2c3n(c(=O)c(=O)n2C(=O)c2ccccc2C(=O)C(=O)c2ccccc2-3)C(=O)c2ccccc21,C1=OCC(=O)N(C(=O)C(=O)c2c3n(c(=O)c(=O)n2C(=O)c2ccccc2)C(=O)C(=O)c2ccccc2-3)C(=O)c2ccccc21,O=C1C(=O)n2c(c(C(=O)C(=O)n3c(=O)ccc4ccccc4c3=O)n(C(=O)c3ccccc3)c(=O)c2=O)-c2ccccc21,O=C1C(=O)N(C(=O)C(=O)c2c3n(c(=O)c(=O)n2C(=O)c2ccccc2)C(=O)C(=O)c2ccccc2-3)C(=O)c2ccccc21
C1=Oc2c3c(ccc3Oc1=O)N(C(=O)c4ccc(cc4)C(=O)Nc5c1c(cc(c1c2=O)C(=O)Nc1c(cc(cc1)C(=O)O)C(=O)c1ccccc1)C(=O)c1ccccc,C1=Oc2ccccc2C(=O)N1C(=O)C(=O)c3c2c(cc3)C(=O)N3c1ccc(cc1)c2ccc(cc2)c3ccc(cc3)C(=O)N1C(=O)c1ccc(cc1)c2ccc(cc2)c3ccc(cc3)C(=O,C1=CC(=O)N(C(=O)C(=O)c2c3n(c(=O)c(=O)n2C(=O)c2ccccc2)C(=O)C(=O)c2ccccc2-3)C(=O)c2ccccc21,C1=Oc2ccccc2C(=O)N1C(=O)C(=O)c3c4n(c(=O)c(=O)n4C(=O)c4ccccc4)C(=O)C(=O)c4ccccc4C(=O)C(=O)c4ccccc41,C1=O.C(=O)C(=O)N(C(=O)C(=O)c2c3n(c(=O)c(=O)n2C(=O)c2ccccc2)C(=O)C(=O)c2ccccc2-3)C(=O)c2ccccc21
O=C1C(=O)N(C(=O)C(=O)c2c3n(c(=O)c(=O)n2C(=O)c2ccccc2)C(=O)C(=O)c2ccccc2-3)C(=O)c2ccccc21,C1=Oc2ccccc2C(=O)N(C(=O)C(=O)c3c2c(n(c3=O)c3c(cccc3C(=O))C(=O)c3ccccc3)C(=O)c3ccc(cc3)C(=O)3)c3ccc(cc3)C(=O)1C(=O)c2,C1=Oc2ccccc2C(=O)N(C(=O)C(=O)c3c4n(c(=O)c5c(=O)n3C(=O)c5ccccc5)C(=O)C(=O)c5ccccc5-4)C(=O)c5ccccc51,O=C1C(=O)N(C(=O)C(=O)c2c3n(c(=O)c(=O)n2C(=O)c2ccccc2)C(=O)C(=O)c2ccccc21-3)C(=O)c2ccccc21,C1=Oc2ccccc2C(=O)N(C(=O)C(=O)c3c4n(c(=O)c(=O)n4C(=O)c4ccccc4)C(=O)C(=O)c4ccccc4-3)C(=O)c4ccccc41
C1=CC=CC=C1C(=O)N1C(=O)C2=CC=CC=C2C(=O)N2C(=O)C3=CC=CC=C3C(=O)N3C(=O)C4=CC=CC=C4C(=O)N4C(=O)C1=O,C1=CC=C(C(=O)N1)C1=CC(=O)C2=C(C=CC(=O)N2)C1=CC(=O)C1=CC(=O)C2=C(C=CC(=O)N2)C1=CC(=O)C1=CC(=O)N1C(=O)C1=,C1=CC=CC=C1C(=O)Oc2ccccc2C(=O)Nc3c4c(ccc4[nH]3C(=O)O)c1ccccc1C(=O)Oc2ccccc2C(=O)Nc3c4c(ccc4[nH]3C(=O)O)c1cc,O=C(C(=O)n1c(=O)c2ccccc2c(=O)c(=O)n2c3ccccc3c(=O)c(=O)n2c(=O)c(=O)n1C(=O)c1ccccc1)c1ccccc1,C1=CC=CC=C1C(=O)N1C(=O)C2=CC=CC=C2C(=O)N2C(=O)C3=CC=CC=C3C(=O)N3C(=O)C4=CC=CC=C4C(=O)N4C(=O)C1=O
C1=Oc2ccccc2C(=O)N3C(=O)c4ccc(cc4)C(=O)N(C(=O)c5ccccc5)c6ccccc6C(=O)N(C(=O)c7ccccc7)c8ccccc8C(=O)N3C(=O)c2ccccc21,C1=Oc2c3c(cc1OC(=O)n3c4c(cccc4)C(=O)Nc5c(cccc5)C(=O)Nc6c(cccc6)C(=O)Nc7c(cccc7)C(=O)Nc8c(cccc8)C(=O)Nc9c(cc,O=C1C(=O)n2c(c(C(=O)C(=O)n3c(=O)ccc4ccccc4c3=O)n(C(=O)c3ccccc3)c(=O)c2=O)-c2ccccc21,O=C1C(=O)n2c(c(C(=O)C(=O)n3c(=O)ccc4ccccc4c3=O)n(C(=O)c3ccccc3)c(=O)c2=O)-c2ccccc21,O=C1C(=O)n2c(c(C(=O)C(=O)n3c(=O)ccc4ccccc4c3=O)n(C(=O)c3ccccc3)c(=O)c2=O)-c2ccccc21
O=C1C(=O)N(C(=O)C(=O)c2c3n(c(=O)c(=O)n2C(=O)c2ccccc2)C(=O)C(=O)c2ccccc2-3)C(=O)c2ccccc21,C1=Oc2c3c(cc2O)c1c3c(cc1)Nc1ccc(cc1)C(=O)Nc1c(cc(cc1)C(=O)O)c1ccc(cc1)C(=O)Oc1ccccc1C(=O)Nc1ccc(cc1)C(=O)Oc1ccccc,C1=Oc2ccccc2C(=O)N(C(=O)C(=O)c3c4c(ccc4n3C(=O)c3c(cccc3)C(=O)c3ccccc3)C(=O)c3ccc(cc3)C(=O)c3ccccc13)C(=O)c2ccccc21,C1=Oc2ccccc2C(=O)N(C(=O)C(=O)c3c4n(c(=O)c(=O)n3C(=O)c3ccccc3)C(=O)c3ccccc3-4)C(=O)c3ccccc3C(=O)C(=O)c3ccccc31,C1=C(C(=O)N(C(=O)C(=O)c2c3n(c(=O)c(=O)n2C(=O)c2ccccc2)C(=O)C(=O)c2ccccc2-3)C(=O)c2ccccc21)C(=O)c2ccccc21
C1=Oc2ccccc2C(=O)N(C(=O)c3c(ccc(cc3O)O)C(=O)Nc4c1ccc(cc4)C(=O)O)C(=O)c5c(cccc5O)C(=O)Nc6c1ccc(cc6)C(=O)O,C1=Oc2c3c(c(c(c(c2O)N(C(=O)c4c5c6c(ccc6C(=O)N(C(=O)c7c8ccccc8c7C(=O)N(C(=O)c9c1ccc(cc1)c9)C(=O)c1ccc(cc1)C(=O))C(=,C1=Oc2ccccc2C(=O)N(C(=O)C(=O)c3c4n(c(=O)c(=O)n4C(=O)c4cccc4)C(=O)C(=O)c4cccc4-3)C(=O)c4ccccc41,O=C1C(=O)N(C(=O)C(=O)c2c3n(c(=O)c(=O)n2C(=O)c2ccccc2)C(=O)C(=O)c2ccccc21)C(=O)c2ccccc12,C1=OCC(=O)N(C(=O)C(=O)c2c3n(c(=O)c(=O)n2C(=O)c2ccccc2)C(=O)C(=O)c2ccccc2-3)C(=O)c2ccccc21
O=C1C(=O)N(C(=O)C(=O)c2c3n(c(=O)c(=O)n2C(=O)c2ccccc2)C(=O)C(=O)c2ccccc2-3)C(=O)c2ccccc21,C1=Oc2c3c(c(c(c(c2C(=O)N(C(=O)c2ccc(cc2)C(=O)c2ccc(cc2)C(=O)c2ccc(cc2)C(=O)c2ccc(cc2)C(=O)c2ccc(cc2)C(=O)c2ccc(cc2)C(=O)c2ccc(cc,C1C(=O)N(C(=O)C(=O)c2c3n(c(=O)c(=O)n2C(=O)c2ccccc2)C(=O)C(=O)c2ccccc2-3)C(=O)c2ccccc21,C1=OCC(=O)N(C(=O)C(=O)c2c3n(c(=O)c(=O)n2C(=O)c2ccccc2)C(=O)C(=O)c2ccccc2-3)C(=O)c2ccccc21,C1=Oc2ccccc2C(=O)N1C(=O)C(=O)c3c4n(c(=O)c(=O)n4C(=O)c4ccccc4)C(=O)C(=O)c4ccccc4C(=O)C(=O)c4ccccc41C(=O)c5ccccc5C(=O)
O=C1C(=O)N(C(=O)C(=O)c2c3n(c(=O)c(=O)n2C(=O)c2ccccc2)C(=O)C(=O)c2ccccc2-3)C(=O)c2ccccc21,O=C1C(=O)N(C(=O)C(=O)c2c3n(c(=O)c(=O)n2C(=O)c2ccccc2)C(=O)C(=O)c2ccccc2-3)C(=O)c2ccccc21,C1=Oc2ccccc2C(=O)N(C(=O)c3ccc(cc3)C(=O)c4ccc(cc4)C(=O)c5ccc(cc5)C(=O)c6ccc(cc6)C(=O)c7ccc(cc7)C(=O)c8ccc(cc8)C(=O)c9ccc(cc9)C(=O,C1=Oc2c3c(cc2O)N(c1c2c(cc3OC(=O)c2c(cc3O)C(=O)c2ccccc2)C(=O)c2ccccc2)C(=O)c2ccccc21,O=C1C(=O)N(C(=O)C(=O)c2c3n(c(=O)c(=O)n2C(=O)c2ccccc2)C(=O)C(=O)c2ccccc2-3)C(=O)c2ccccc21
C1=CC(=O)N(C2=C(C(=O)N(C3=C(C(=O)N(C4=C(C(=O)N(C5=C(C(=O)N(C6=C(C(=O)N(C7=C(C(=O)N(C8=C(C(=O)N(C9=C(C(=O)N(C10=C(C(=O)N,O=C1C(=O)n2c(c(C(=O)C(=O)n3c(=O)ccc4ccccc4c3=O)n(C(=O)c3ccccc3)c(=O)c2=O)-c2ccccc21,O=C1C(=O)n2c(c(C(=O)C(=O)n3c(=O)ccc4ccccc4c3=O)n(C(=O)c3ccccc3)c(=O)c2=O)-c2ccccc21,O=C1C(=O)n2c(c(C(=O)C(=O)n3c(=O)ccc4ccccc4c3=O)n(C(=O)c3ccccc3)c(=O)c2=O)-c2ccccc21,C1=Oc2ccccc2C(=O)N3C(=O)c4ccc(cc4)N(C(=O)c5ccccc5)c6ccccc6C(=O)N(C(=O)c7ccccc7)c8ccccc8C(=O)N3C(=O)c9ccccc9C(=O)C2=O-c2
O=C1C(=O)N(C(=O)C(=O)c2c3n(c(=O)c(=O)n2C(=O)c2ccccc2)C(=O)C(=O)c2ccccc2-3)C(=O)c2ccccc21,C1=Oc2c3n(c(=O)c(=O)n2C(=O)c2ccccc2)C(=O)c2ccccc2C(=O)c2ccccc2C(=O)c1c3c(ccc3C(=O)c1ccccc1)C(=O)c2ccccc21,C1=Oc2c3c(c(c(c(c2O)c1)c2c1ccccc1N(C(=O)C(=O)c2ccccc2)c3c2c(cc3N(C(=O)c2ccccc2)c2ccc(cc2)C(=O))C(=O)N2c1ccccc1c2)c1ccccc,C1=Oc2ccccc2C(=O)N(C(=O)C(=O)c3c4n(c(=O)c(=O)n4C(=O)c4ccccc4)C(=O)C(=O)c4ccccc41)C(=O)c4ccccc41,C1=OCC(=O)N(C(=O)C(=O)c2c3n(c(=O)c(=O)n2C(=O)c2ccccc2)C(=O)C(=O)c2ccccc2-3)C(=O)c2ccccc21
O=C1C(=O)n2c(c(C(=O)C(=O)n3c(=O)ccc4ccccc4c3=O)n(C(=O)c3ccccc3)c(=O)c2=O)-c2ccccc21,C1=Oc2ccccc2C(=O)c3c(cccc3N1C(=O)C(=O)c4ccc(cc4)C(=O)N5c6ccccc6c7c(cccc7N5C(=O)c8ccccc8)c9ccccc9N3C(=O)c1ccccc1C(=O)C,C1=Oc2c(ccc2c3c(cccc3O)c4c(cccc4O)c5c(cccc5O)c6c(cccc6O)c7c(cccc7O)c1O)c(=O)n(c1ccc(cc1)C(=O)O)c1ccc(cc1)C(=O)O,C1=Oc2c3c(ccc3[nH]c4ccccc4)c(cc2c1=O)c5c6ccccc6c7c(ccc7[nH]c8ccccc8)c(cc5=O)c9c1ccccc1[nH]c1ccc(cc1)c1ccc(cc1)c1ccc(cc1)c1,C1=CC(=O)N(C(C(=O)N(C(C(=O)C(=O)N(C(C(=O)C(=O)N(C1=O)C2=CC=CC=C2)C3=CC=CC=C3)C4=CC=CC=C4)C5=CC=CC=C5)C6=CC=
C1=Oc2c3c(c(C(=O)Nc4c5c(ccc(cc5Nc6c(ccc(cc6N3)C(=O))C(=O))C(=O))C(=O)N4)c2=O)C(=O)C(=O)Nc7c(ccc(cc7Nc8c(ccc,C1=COc2c(ccc2O)C(=O)Nc3c(cccc3N)c1c1ccc(cc1)C(=O)Nc1c(cccc1N)C(=O)C1=COc2c(cccc2O)C(=O)Nc1c(cccc1N)c1ccc(cc1)C,O=C1C(=O)n2c(c(C(=O)C(=O)n3c(=O)ccc4ccccc4c3=O)n(C(=O)c3ccccc3)c(=O)c2=O)-c2ccccc21,C1=Oc2ccccc2C(=O)Nc3c4c(ccc4[nH]c3C(=O)Nc5c6c(ccc6c7c(ccc7c5=O)C(=O)Nc8c9c(ccc9c1c8=O)C(=O)Nc1c2,C1=CC(=O)N(C2=C(C(=O)C(=O)N(C3=C(C(=O)C(=O)N(C4=C(C(=O)C(=O)N(C5=C(C(=O)C(=O)N(C6=C(C(=O)C(=O)N(C7=C(C(=O)C(=O)N
C1=Oc2c3c(c(c(c4c(c(c(c5c(c(c(c6c(c(c(c7c(c(c(c8c(c(c(c9c(c(c(c10c(c(c(c11c(c(c(c12c(c(c(c13c(c(c(c14c(c(c(c15c(c(c(c16c(c(c(c17c(c,O=C1C(=O)n2c(c(C(=O)C(=O)n3c(=O)ccc4ccccc4c3=O)n(C(=O)c3ccccc3)c(=O)c2=O)-c2ccccc21,C1=Oc2ccccc2C(=O)N3C(=O)c4c(cccc4N(C(=O)c5ccccc5)c3=O)c2ccccc2C(=O)c1=O,O=C1C(=O)n2c(c(C(=O)C(=O)n3c(=O)ccc4ccccc4c3=O)n(C(=O)c3ccccc3)c(=O)c2=O)-C1c2ccccc2,O=C1C(=O)n2c(c(C(=O)C(=O)n3c(=O)ccc4ccccc4c3=O)n(C(=O)c3ccccc3)c(=O)c2=O)-c2ccccc21
O=C1C(=O)N(C(=O)C(=O)c2c3n(c(=O)c(=O)n2C(=O)c2ccccc2)C(=O)C(=O)c2ccccc21)C(=O)c2ccccc23,C1=Oc2c3c(cc1OC(=O)n3C(=O)c3c(ccc(cc3C(=O)Nc3c(cc(cc3C(=O)O)C(=O)N3)c2=O)c2ccc(cc2)C(=O)N2c1cc(cc1C(=O)O)C(=O)c,C1=Oc2ccccc2C(=O)N1c1ccc(cc1)C(=O)N1C(=O)c1ccc(cc1)C(=O)c1ccc(cc1)C(=O)c1ccc(cc1)C(=O)c1ccc(cc1)C(=O)c1ccc(cc1)C(=O)c1ccc(cc1,C1=Oc2c3c(c(n2C(=O)c2ccc(cc2)C(=O)c2ccc(cc2)C(=O)c2ccc(cc2)C(=O)c2ccc(cc2)C(=O)c2ccc(cc2)C(=O)c2ccc(cc2)C(=O)c2ccc(cc2)C(=O)c2,O=C1C(=O)N(C(=O)C(=O)c2c3n(c(=O)c(=O)n2C(=O)c2ccccc2)C(=O)C(=O)c2ccccc2-3)C(=O)c2ccccc21
O=C1C(=O)N(C(=O)C(=O)c2c3n(c(=O)c(=O)n2C(=O)c2ccccc2)C(=O)C(=O)c2ccccc2-3)C(=O)c2ccccc21,O=C1C(=O)N(C(=O)C(=O)c2c3n(c(=O)c(=O)n2C(=O)c2ccccc2)C(=O)C(=O)c2ccccc21-3)C(=O)c2ccccc12,C1=Oc2c3n(c(=O)c(=O)n2C(=O)c2ccccc2)C(=O)C(=O)c2ccccc2c3C(=O)c2ccccc21,C1=Oc2c3c(ccc3O1)N(C(=O)C(=O)c2c3n(c(=O)c(=O)n2C(=O)c2ccccc2)C(=O)C(=O)c2ccccc21)C(=O)c2ccccc21,C1=Oc2c3c(c(c(c(c3c2=O)N(C(=O)C(=O)c4c5c6c(ccc6c5c4=O)C(=O)c4ccc(cc4)C(=O)c4ccccc4)C(=O)c4ccc(cc4)C(=O)c4c(cccc4
C1=Oc2c3n(c(=O)c(=O)n2C(=O)c2ccccc2C(=O)C(=O)c2ccccc2-3)C(=O)c2ccccc21,C1=Oc2ccccc2N1C(=O)C1=Oc2ccccc2N1C(=O)C1=Oc2ccc(cc2)C1=Oc2ccc(cc2)C1=Oc2ccc(cc2)C1=Oc2ccc(cc2)C1=Oc2ccc(cc2),C1=Oc2ccccc2C(=O)N1C(=O)C(=O)c3c4n(c(=O)c(=O)n4C(=O)c4ccccc4C(=O)C(=O)c4ccccc41)c3C(=O)c4ccccc41,O=C1C(=O)N(C(=O)C(=O)c2c3n(c(=O)c(=O)n2C(=O)c2ccccc2)C(=O)C(=O)c2ccccc2-3)C(=O)c2ccccc21,O=C1C(=O)N(C(=O)C(=O)c2c3n(c(=O)c(=O)n2C(=O)c2ccccc2)C(=O)C(=O)c2ccccc21-3)C(=O)c2ccccc21
C1=Oc2c3c(c(c(c(c2C(=O)N(C(=O)c4c5c6c(ccc6c(c5c4C(=O)C(=O)c4ccccc4)C(=O))C(=O))c4ccccc4)C(=O)C(=O)c4ccccc41)c3C(=,O=C1C(=O)N(C(=O)C(=O)c2c3n(c(=O)c(=O)n2C(=O)c2ccccc2)C(=O)C(=O)c2ccccc21-3)C(=O)c2ccccc12,C1=Oc2ccccc2C(=O)N1C(=O)C(=O)c3c4n(c(=O)c(=O)n4C(=O)c4ccccc4C(=O)C(=O)c4ccccc41)C(=O)c4ccccc41,C1=Oc2c3n(C(=O)c(=O)n2C(=O)c2ccccc2)C(=O)c2ccccc2C(=O)c2ccccc2C(=O)c2ccccc2c1C(=O)C(=O)N(C(=O)c1ccc(cc1)C(=O)C(=O)c1ccc,O=C1C(=O)N(C(=O)C(=O)c2c3n(c(=O)c(=O)n2C(=O)c2ccccc2)C(=O)C(=O)c2ccccc2-3)C(=O)c2ccccc21
C1=Oc2c3n(c(=O)c(=O)n2C(=O)c2ccccc2)C(=O)c2ccccc2C(=O)c2ccc(cc2)C(=O)c3c4c(ccc4[nH]3)C(=O)c1c(ccc1)C(=O)c2ccccc21,O=C1C(=O)N(C(=O)C(=O)c2c3n(c(=O)c(=O)n2C(=O)c2ccccc2)C(=O)C(=O)c2ccccc2-3)C(=O)c2ccccc21,C1=Oc2ccccc2C(=O)N3C(C(=O)C(=O)N4C5C6=C7C=CC(=C7)C(=O)C8=CC=CC=C8C(=C6)C(=O)C5=C3)C(=O)C(N(C(=O)C3=CC=,O=C1C(=O)n2c(c(C(=O)C(=O)n3c(=O)ccc4ccccc4c3=O)n(C(=O)c3ccccc3)c(=O)c2=O)-c2ccccc21,O=C1C(=O)N(C(=O)C(=O)c2c3n(c(=O)c(=O)n2C(=O)c2ccccc2)C(=O)C(=O)c2ccccc2-3)C(=O)c2ccccc21
C1=Oc2c3c(ccc3O1)C(=O)Nc4c(ccc(cc4N)C(=O)Nc5c(cccc5)C(=O)Nc6c(cccc6)C(=O)Nc7c(cccc7)C(=O)Nc8c(cccc8)C(=O,C1=Oc2ccccc2C(=O)N(C(=O)C(=O)c3c2n(c1ccccc1C(=O)c3c1ccccc1)C(=O)c1ccccc1)C(=O)c1ccccc1C(=O)c1ccccc1C(=O)c1ccccc12,C1=Oc2ccccc2C(=O)N(C(=O)C(=O)c3c4n(c(=O)c(=O)n4C(=O)c3c5ccccc5)C(=O)C(=O)c5ccccc5-4)C(=O)c5ccccc51,O=C1C(=O)n2c(c(C(=O)C(=O)n3c(=O)ccc4ccccc4c3=O)n(C(=O)c3ccccc3)c(=O)c2=O)-c2ccccc21,C1=CC(=O)N(C2C(=O)N(C3C(=O)N(C4C(=O)N(C5C(=O)N(C6C(=O)N(C7C(=O)N(C8C(=O)N(C9C(=O)N(C10C(=O)N(C11C(=O)N(C12
C1=CC(=O)N(C2=CC(=O)C3=C(C4=CC=CC=C4)C(=O)N(C5=C(C(=O)N(C6=C(C(=O)N(C7=C(C(=O)N(C8=C(C(=O)N(C9=C(C(=O)N(C1=C(C(=O)N,C1=CC(=O)N(C2=C(C(=O)N3C(=O)C4=C5C=CC=CC5=C4C(=O)N(C6=C(C(=O)N(C7=C(C(=O)N(C8=C(C(=O)N(C9=C(C(=O)N(C10=C1C(=O)C(C,C1=CC(=O)N(C2=CC(=O)N(C3=CC(=O)N(C4=CC(=O)N(C5=CC(=O)N(C6=CC(=O)N(C7=CC(=O)N1)C(=O)C5)C(=O)C6)C(=O)C7)C,O=c1-c(=O)-n2c(=O)c(=O)c3c(c4ccccc4c2=O)n(c(=O)c(=O)n3C(=O)c2ccccc2)-c(=O)-c(=O)-c2ccccc2-1,C1=CC(=O)N2C(=O)C(=O)C3=C4C5=CC=CC5=C4C(=O)N(C(=O)C(=O)N3C(=O)C6=CC=CC=C6)C(=O)C2=O)C(=O)C1=CC=CC=C1C
C1=Oc2ccccc2C(=O)N(C(=O)c3ccc(cc3)C(=O)c4ccc(cc4)C(=O)c5ccc(cc5)C(=O)c6ccc(cc6)C(=O)c7ccc(cc7)C(=O)c8ccc(cc8)C(=O)c9ccc(cc9)C(=O,C1=Oc2ccccc2C(=O)N(C(=O)C(=O)c3c4n(c(=O)c(=O)n4C(=O)c4cccc4)C(=O)C(=O)c4ccccc4-3)C(=O)c4ccccc41,C1=Oc2c3c(cc1)c1ccc(cc1)c1ccc(cc1)c1ccc(cc1)c1ccc(cc1)c1ccc(cc1)c1ccc(cc1)c1ccc(cc1)c1ccc(cc1)c1ccc(cc1)c1ccc(cc1)c1ccc(cc1)c1ccc(cc1)c1ccc(cc1)c1ccc(cc,O=C1C(=O)N(C(=O)C(=O)c2c3n(c(=O)c(=O)n2C(=O)c2ccccc2)C(=O)C(=O)c2ccccc2-3)C(=O)c2ccccc21,O=C1C(=O)N(C(=O)C(=O)c2c3n(c(=O)c(=O)n2C(=O)c2ccccc2)C(=O)C(=O)c2ccccc2-3)C(=O)c2ccccc21
C1=OCC(=O)N(C(=O)C(=O)c2c3n(c(=O)c(=O)n2C(=O)c2ccccc2)C(=O)C(=O)c2ccccc2-3)C(=O)c2ccccc21,O=C1C(=O)N(C(=O)C(=O)c2c3n(c(=O)c(=O)n2C(=O)c2ccccc2)C(=O)C(=O)c2ccccc2-3)C(=O)c2ccccc21,C1=Oc2c3c(cc1OC(=O)N(C(=O)C(=O)c2c3n(c(=O)c(=O)n2C(=O)c2ccccc2)C(=O)C(=O)c2ccccc2-3)C(=O)c2ccccc21)C(=O)c2ccccc2,C1=Oc2c3c(ccc2O)N(c3c(ccc3O)C(=O)N1c1ccc(cc1)C(=O)N1c1ccc(cc1)C(=O)N1c1ccc(cc1)C(=O)N1c1ccc(cc1)C(=O)N1c1ccc,C1=Oc2c3n(c(=O)c(=O)n2C(=O)c2ccccc2)C(=O)c2ccccc2c3C(=O)c2ccccc2C(=O)C(=O)c2ccccc2C(=O)c2ccccc21
O=C1C(=O)N(C(=O)C(=O)c2c3n(c(=O)c(=O)n2C(=O)c2ccccc2)C(=O)C(=O)c2ccccc2-3)C(=O)c2ccccc21,O=C1C(=O)N(C(=O)C(=O)c2c3n(c(=O)c(=O)n2C(=O)c2ccccc2)C(=O)C(=O)c2ccccc2-3)C(=O)c2ccccc21,O=C1C(=O)N(C(=O)C(=O)c2c3n(c(=O)c(=O)n2C(=O)c2ccccc2)C(=O)C(=O)c2ccccc2-3)C(=O)c2ccccc21,O=C1C(=O)N(C(=O)C(=O)c2c3n(c(=O)c(=O)n2C(=O)c2ccccc2)C(=O)C(=O)c2ccccc2-3)C(=O)c2ccccc21,C1=Oc2ccccc2C(=O)N3C(=O)C(=O)c4c5c6c(ccc6n5C(=O)c7c8c(ccc8n7C(=O)c8ccccc8)C(=O)C(=O)c8ccccc8-5)C(=O)c8ccccc81
C1=Oc2ccccc2C(=O)N3C(=O)c4ccccc4c5c6c(ccc7c(ccc(cc7)C(=O)N8C(=O)c9ccccc9c8=O)C(=O)N5)c6=O)C(=O)N1c1ccccc1=O,O=C1C(=O)n2c(c(C(=O)C(=O)n3c(=O)ccc4ccccc4c3=O)n(C(=O)c3ccccc3)c(=O)c2=O)-c2ccccc21,O=C1C(=O)N(C(=O)C(=O)c2c3n(c(=O)c(=O)n2C(=O)c2ccccc2)C(=O)C(=O)c2ccccc21)C(=O)c2ccccc12,O=C1C(=O)n2c(c(C(=O)C(=O)n3c(=O)ccc4ccccc4c3=O)n(C(=O)c3ccccc3)c(=O)c2=O)-c2ccccc21,O=C1C(=O)n2c(c(C(=O)C(=O)n3c(=O)ccc4ccccc4c3=O)n(C(=O)c3ccccc3)c(=O)c2=O)-c2ccccc21
C1=CC=CC=C1C(=O)Oc1ccc(cc1)C(=O)Nc1ccc(cc1)C(=O)Nc1ccc(cc1)C(=O)Nc1ccc(cc1)C(=O)Nc1ccc(cc1)C(=O)Nc1ccc(cc1)C(=O)C1,C1=Oc2c3c(cc2O)c(cc3O)c1Oc1ccc(cc1)N1C(=O)C(=O)N1C(=O)c1ccccc1N1C(=O)C(=O)N1C(=O)c1ccccc1N1C(=O)C(=O)N1C(=O,C1=CC=CC=C1C(=O)N1C(=O)C2=CC=CC=C2C(=O)N2C(=O)C3=CC=CC=C3C(=O)N3C(=O)C4=CC=CC=C4C(=O)N4C(=O)C1=CC=CC=C1,C1=CC=CC=C1C(=O)N1C(=O)C(=O)N1C(=O)C1=CC=CC=C1C(=O)N1C(=O)C(=O)N1C(=O)C1=CC=CC=C1C(=O)N1C(=O)C(=O)N1,C1=CC(=O)N(C(=O)C2=CC=CC=C2)C(=O)C3=CC=CC=C3C(=O)N3C=CC=CC3=O)C(=O)C4=CC=CC=C4C(=O)N4C=CC=CC4=O)C(=O)C
C1=Oc2c3c(c(n2C(=O)c2ccccc2)c(=O)n3C(=O)c2ccccc2)C(=O)c1ccc1C(=O)c1ccc(cc1)C(=O)c1ccc(cc1)C(=O)c1ccc(cc1)C(=O)c1ccc(cc1)C(=O,C1=Oc2c3c(cc2O1)N(C(=O)C(=O)c4c5c(cc4)N(c6c(cc(c(c7c(cc(c(c7)C(=O)N(c8c(cc(c(c8)C(=O)N(c9c(cc(c(c9)C(=O)N(c10c(cc(c,C1=OCC(=O)N(C(=O)C(=O)c2c3n(c(=O)c(=O)n2C(=O)c2ccccc2)C(=O)C(=O)c2ccccc21)C(=O)c2ccccc21,C1=Oc2c3c(ccc2Oc1=O)N(C(=O)c3c(ccc3C(=O)C(=O)c3ccc(cc3)C(=O)C(=O)c3ccc(cc3)C(=O)c3ccc(cc3)C(=O)c3ccc(cc3)C(=O)c3ccc(cc3,C1=Oc2c3c(ccc3Oc4c(ccc4O)c5c(cccc5N3C(=O)C(=O)c6ccccc6)C(=O)C(=O)c6ccccc6)C(=O)c7ccccc7N2C(=O)C(=O)C(=O)C1=O
C1=Oc2c3c(c(c(c(c1)c3O)c2O)c2ccc(cc2)C(=O)Nc2c3c(c(c(c1)c3O)c2O)c2ccc(cc2)C(=O)c2ccc(cc2)C(=O)c2ccc(cc2)C(=O)c2ccc(cc2)C,C1=Oc2c3c(cc2O)N(C(=O)C(=O)c4c5c(cc4)ccc5)C(=O)c6ccccc6C(=O)c7c8c(cc7)ccc8C(=O)c9ccccc9C(=O)c10c1c(cc10)cc1C(=O)c1cc,C1=Oc2ccccc2C(=O)N1C(=O)c3c4c(ccc4[nH]c3C(=O)c3ccc(cc3)C(=O)c3ccc(cc3)C(=O)c3ccc(cc3)C(=O)c3ccc(cc3)C(=O)c3ccc(cc3)C(=O)c,O=C1C(=O)N(C(=O)C(=O)c2c3n(c(=O)c(=O)n2C(=O)c2ccccc2)C(=O)C(=O)c2ccccc2-3)C(=O)c2ccccc21,O=C1C(=O)N(C(=O)C(=O)c2c3n(c(=O)c(=O)n2C(=O)c2ccccc2)C(=O)C(=O)c2ccccc21)C(=O)c2ccccc21
C1=Oc2c3n(c(=O)c(=O)n2C(=O)c2ccccc2)C(=O)c2ccccc2C(=O)c2ccccc2C(=O)c1ccccc1C(=O)C(=O)c1ccccc1C(=O)N(C(=O)c1ccccc1)C(=O)c,O=C1C(=O)N(C(=O)C(=O)c2c3n(c(=O)c(=O)n2C(=O)c2ccccc2)C(=O)C(=O)c2ccccc21-3)C(=O)c2ccccc21,C1=Oc2c3c(cc1OC(=O)n3c2=O)N(C(=O)C(=O)c2ccc(cc2)C(=O)C(=O)c2ccc(cc2)C(=O)c2ccc(cc2)C(=O)c2ccc(cc2)C(=O)c2ccc(cc2)C(=O)c2,O=C1C(=O)N(C(=O)C(=O)c2c3n(c(=O)c(=O)n2C(=O)c2ccccc2)C(=O)C(=O)c2ccccc2-3)C(=O)c2ccccc21,O=C1C(=O)N(C(=O)C(=O)c2c3n(c(=O)c(=O)n2C(=O)c2ccccc2)C(=O)C(=O)c2ccccc2-3)C(=O)c2ccccc21
C1=Oc2ccccc2C(=O)N(C(=O)C(=O)c3c4n(c(=O)c5c(cccc5)c(=O)n3C(=O)c4ccccc4)C(=O)C(=O)c4ccccc41)c3c(cccc3)C(=O)C(=O)c2ccccc21,O=C1C(=O)N(C(=O)C(=O)c2c3n(c(=O)c(=O)n2C(=O)c2ccccc2)C(=O)C(=O)c2ccccc2-3)C(=O)c2ccccc21,C1=Oc2c3c(cc2O1)N(c3c1c(cc1c2c1c(cc1c2=O)C(=O)C(=O)c2ccc(cc2)C(=O)C(=O)c2ccccc2)C(=O)c2ccc(cc2)C(=O)c2ccc(cc2)C(=,C1=Oc2c3c(c(c(c(c(c1O)c3N(C(=O)c1c2ccc(cc1)C(=O)c1ccc(cc1)C(=O)c1ccc(cc1)C(=O)c1ccc(cc1)C(=O)c1ccc(cc1)C(=O)c1ccc(cc1)C(=O)c1,C1=Oc2ccccc2N1C(=O)c1ccc(cc1)C(=O)N1c2ccccc2C(=O)c1ccc(cc1)C(=O)C1=Oc2ccccc2N1C(=O)c1ccc(cc1)C(=O)c1ccccc1C(=O)c1ccc(cc1
C1=OCC(=O)N(C(=O)C(=O)c2c3n(c(=O)c(=O)n2C(=O)c2ccccc2)C(=O)C(=O)c2ccccc2-3)C(=O)c2ccccc21,O=C1C(=O)N(C(=O)C(=O)c2c3n(c(=O)c(=O)n2C(=O)c2ccccc2)C(=O)C(=O)c2ccccc2-3)C(=O)c2ccccc21,C1=Oc2c3c(cc2=O)N(C(=O)c4ccc(cc4)C(=O)C(=O)c5c6ccccc6n5C(=O)c5ccc(cc5)C(=O)c5ccc(cc5)C(=O)c5ccc(cc5)C(=O)c5ccc(cc5)C(=O)c,C1=Oc2c3c(c(n3c2=O)C(=O)N(C(=O)C(=O)c2ccc(cc2)C(=O)C(=O)c2ccc(cc2)C(=O)c2ccc(cc2)C(=O)c2ccc(cc2)C(=O)c2ccc(cc2)C(=O)c2,O=C1C(=O)N(C(=O)C(=O)c2c3n(c(=O)c(=O)n2C(=O)c2ccccc2)C(=O)C(=O)c2ccccc21-3)C(=O)c2ccccc21
C1=Oc2ccccc2C(=O)N(C(=O)c3ccc(cc3)C(=O)c4ccc(cc4)C(=O)c5ccc(cc5)C(=O)c6ccc(cc6)C(=O)c7ccc(cc7)C(=O)c8ccc(cc8)C(=O)c9ccc(cc9)C(=O,C1=Oc2ccccc2C(=O)N(C(=O)C(=O)c3c4n(c(=O)c5c4n(c(=O)c5C(=O)c5ccccc5)C(=O)c5ccccc5-3)C(=O)c5ccccc51)C(=O)c5ccccc51,C1=C2C(=O)N(C(=O)C(=O)c3c4n(c(=O)c(=O)n4C(=O)c4ccccc4)C(=O)C(=O)c4ccccc41-3)C(=O)c4ccccc21,C1=Oc2ccccc2C(=O)N(C(=O)C(=O)c3c4n(c(=O)c(=O)n4C(=O)c4ccccc4)C(=O)C(=O)c4ccccc41-3)C(=O)c4ccccc41,C1=Oc2c3c(ccc3N1C(=O)C(=O)c2c3n(c(=O)c(=O)n3C(=O)c3ccc(cc3)C(=O)C(=O)c3ccc(cc3)C1=O)C(=O)c3ccc(cc3)C1=O)c2ccccc21
C1=Oc2c3c(cc2O1)N(C(=O)c4ccc(cc4)C(=O)Nc5c6c(ccc(c6c5O)O)C(=O)Nc5c6c(ccc(c6c5O)O)C(=O)Nc5c6c(ccc(c6c5,C1=OCC(=O)N(C(=O)C(=O)c2c3n(c(=O)c(=O)n2C(=O)c2ccccc2)C(=O)C(=O)c2ccccc2-3)C(=O)c2ccccc21,C1=Oc2c3c(c(c(c(c2O)c1)Nc1c2c(ccc2N1)S1(C(=O)Nc2c3c(ccc3C(=O)C(=O)c3ccc(cc3)C(=O)C(=O)c3ccc(cc3)C(=O)c3ccc(cc3),C1=Oc2ccccc2C(=O)N1C(=O)c3c4n(c(=O)c5c4c(ccc5)C(=O)c5c(cccc5)C(=O)c5c(cccc5-3)C(=O)c6ccccc6)C(=O)c7ccccc7,C1=Oc2c3c(cc1O)c(c(c3N(C(=O)c4ccc(cc4)C(=O)C(=O)c4ccc(cc4)C(=O))C(=O)c2c1c(cc1C(=O)C(=O)c1ccc(cc1)C(=O))C(=O)c2ccc(cc2)C
O=C1C(=O)N(C(=O)C(=O)c2c3n(c(=O)c(=O)n2C(=O)c2ccccc2)C(=O)C(=O)c2ccccc2-3)C(=O)c2ccccc21,C1=Oc2c3c(ccc2O)N(C(=O)c3c(ccc3C(=O)C(=O)c3ccc(cc3)C(=O)C(=O)c3ccc(cc3)C(=O)c1ccccc1)C(=O)c3ccc(cc3)C(=O)c1ccc(cc1)C(=O,C1=Oc2c3c(cc1OC(=O)c3c1ccc(cc1)C(=O)N(C(=O)C(=O)c2c3n(c(=O)c(=O)n3c2C(=O)c2ccccc2)C(=O)c2ccccc2-3)C(=O)c2ccccc21)C(=,C1=Oc2ccccc2N1C(=O)C(=O)c3c2nnc3c2ccc(cc2)C(=O)c2ccc(cc2)C(=O)c2ccc(cc2)C(=O)c2ccc(cc2)C(=O)c2ccc(cc2)C(=O)c2ccc(cc2)C(=O)c,O=C1C(=O)N(C(=O)C(=O)c2c3n(c(=O)c(=O)n2C(=O)c2ccccc2)C(=O)C(=O)c2ccccc2-3)C(=O)c2ccccc21
C1=CC(=O)N(C2=CC(=O)C3=C(C4=CC=CC=C4C(=O)N(C5=C(C6=CC=CC=C6C(=O)N(C7=C(C8=CC=CC=C8C(=O)N(C9=C(C10=CC=CC=C10C(=O)C(=,C1=CC(=O)N(C(=O)C2=CC=CC=C2)C3=CC(=O)N(C(=O)C4=CC=CC=C4)C5=C1C(=O)N(C(=O)C6=CC=CC=C6)C(=O)C3=C(C=C7)C(=O)N,C1=CC(=O)N(C2=C(C(=O)C3=C(C(=O)C4=C(C(=O)C5=C(C(=O)C6=C(C(=O)C7=C(C(=O)C8=C(C(=O)C9=C(C(=O)C1=C(C(=O)C2=C(C(=O)C3,C1=CC(=O)N(C(=O)C2=CC=CC=C2C3=CC(=O)N(C(=O)C4=CC=CC=C4C5=CC(=O)N(C(=O)C6=CC=CC=C6C3=O)C(=O)C2=CC=CC=C2)C(=,C1=CC(=O)N(C2=C(C(=O)C3=C(C(=O)C4=C(C(=O)C5=C(C(=O)C6=C(C(=O)C7=C(C(=O)C8=C(C(=O)C9=C(C(=O)C1=C(C(=O)C2=C(C(=O)C3
O=C1C(=O)N(C(=O)C(=O)c2c3n(c(=O)c(=O)n2C(=O)c2ccccc2)C(=O)C(=O)c2ccccc2-3)C(=O)c2ccccc21,O=C1C(=O)N(C(=O)C(=O)c2c3n(c(=O)c(=O)n2C(=O)c2ccccc2)C(=O)C(=O)c2ccccc2-3)C(=O)c2ccccc21,C1=Oc2c3c(cc1OC(=O)c3c2OC(=O)c1ccc(cc1)C(=O)Nc2c3c(cc1OC(=O)c3c2OC(=O)c1ccc(cc1)C(=O)C2=CC=CC=C2)C(=O)c1ccccc1)C(=O,O=C1C(=O)N(C(=O)C(=O)c2c3n(c(=O)c(=O)n2C(=O)c2ccccc2)C(=O)C(=O)c2ccccc2-3)C(=O)c2ccccc21,C1=Oc2c3c(cc2=O)N(C(=O)c4ccc(cc4)C(=O)c5c(cc(c(c5)C(=O)c5c(cc(cc5O)C(=O)c5c(cc(cc5O)C(=O)c5ccc(cc5)C(=O)c5c(cc(cc5O)C(=O
O=C1C(=O)N(C(=O)C(=O)c2c3n(c(=O)c(=O)n2C(=O)c2ccccc2)C(=O)C(=O)c2ccccc21-3)C(=O)c2ccccc12,C1=OCC(=O)N(C(=O)C(=O)c2c3n(c(=O)c(=O)n2C(=O)c2ccccc2)C(=O)C(=O)c2ccccc2-3)C(=O)c2ccccc21,C1=Oc2ccccc2C(=O)N1C(=O)c3c2ncc(c2c3C(=O)c2ccc(cc2)C(=O)C(=O)c2ccccc2)C(=O)c2ccccc2C(=O)c1ccc(cc1)C(=O)c1ccccc1,C1=Oc2c3c(cc2O1)N(C(=O)c3c(ccc3C(=O)C(=O)c3ccc(cc3)C(=O)C(=O)c3ccc(cc3)C(=O)C(=O)c3ccc(cc3)C(=O)C(=O)c3ccc(cc3)C(=O)),C1=Oc2ccccc2C(=O)N(C(=O)C(=O)c3c4n(c(=O)c(=O)n4C(=O)c4ccccc4)C(=O)C(=O)c4ccccc4-3)C(=O)c4ccccc41
O=C1C(=O)N(C(=O)C(=O)c2c3n(c(=O)c(=O)n2C(=O)c2ccccc2)C(=O)C(=O)c2ccccc2-3)C(=O)c2ccccc21,O=C1C(=O)N(C(=O)C(=O)c2c3n(c(=O)c(=O)n2C(=O)c2ccccc2)C(=O)C(=O)c2ccccc2-3)C(=O)c2ccccc21,C1=CC(=O)N(C(=O)C(=O)c2c3n(c(=O)c(=O)n2C(=O)c2ccccc2)C(=O)C(=O)c2ccccc2-3)C(=O)c2ccccc21,O=C1C(=O)N(C(=O)C(=O)c2c3n(c(=O)c(=O)n2C(=O)c2ccccc2)C(=O)C(=O)c2ccccc2-3)C(=O)c2ccccc21,C1=Oc2c3n(c(=O)c(=O)n2C(=O)c2ccccc2)C(=O)c2ccccc2c3C(=O)c2ccccc21C(=O)c2ccccc2C(=O)Nc1ccc(cc1)C(=O)c1ccc(cc1)C(=O)c1ccc(cc1
C1=Oc2c3c(c(c(c(c3c2=O)N(C(=O)C(=O)c4c5c6c(ccc6c5c4C(=O))C(=O)c4c(cccc4)C(=O))C(=O)c4ccc(cc4)C(=O))C(=O)c4ccc(cc4,C1=Oc2c3n(c(=O)c(=O)n2C(=O)c2ccccc2)C(=O)c2ccccc2c3N(C(=O)c2ccccc2)C(=O)c2ccccc2C(=O)c1ccccc1C(=O)c2ccccc2C(=O)c1ccccc1C(=,O=C1C(=O)N(C(=O)C(=O)c2c3n(c(=O)c(=O)n2C(=O)c2ccccc2)C(=O)C(=O)c2ccccc2-3)C(=O)c2ccccc21,O=C1C(=O)N(C(=O)C(=O)c2c3n(c(=O)c(=O)n2C(=O)c2ccccc2)C(=O)C(=O)c2ccccc2-3)C(=O)c2ccccc21,C1=Oc2c3c(cc1O)N(c3c4c(ccc4O)C(=O)N(C(=O)c2c(cccc2)C(=O)N1c2ccccc2)C(=O)c2ccc(cc2)C(=O)N1c2ccc(cc2)C(=O)c2ccc(cc2
O=C1C(=O)N(C(=O)C(=O)c2c3n(c(=O)c(=O)n2C(=O)c2ccccc2)C(=O)C(=O)c2ccccc2-3)C(=O)c2ccccc21,C1=Oc2c3n(c(=O)c(=O)n2C(=O)c2ccccc2)C(=O)c2ccccc2C(=O)C(=O)c2ccccc2C(=O)c1ccc(cc1)C(=O)c1ccc(cc1)C(=O)c1ccc(cc1)C(=O)c1ccc(cc,O=C1C(=O)N(C(=O)C(=O)c2c3n(c(=O)c(=O)n2C(=O)c2ccccc2)C(=O)C(=O)c2ccccc2-3)C(=O)c2ccccc21,O=C1C(=O)N(C(=O)C(=O)c2c3n(c(=O)c(=O)n2C(=O)c2ccccc2)C(=O)C(=O)c2ccccc21-3)C(=O)c2ccccc21,O=C1C(=O)N(C(=O)C(=O)c2c3n(c(=O)c(=O)n2C(=O)c2ccccc2)C(=O)C(=O)c2ccccc21)C(=O)c2ccccc12
C1=CC(=O)N(C(=O)C(=O)C2=C3C(=O)N(C(=O)C(=O)C4=C5C(=O)N(C(=O)C6=C7C(=O)N(C(=O)C8=C9C(=O)N(C(=O)C10=C11C(=O),O=C1C(=O)N(C(=O)C(=O)c2c3n(c(=O)c(=O)n2C(=O)c2ccccc2)C(=O)C(=O)c2ccccc21-3)C(=O)c2ccccc21,O=C1C(=O)N(C(=O)C(=O)c2c3n(c(=O)c(=O)n2C(=O)c2ccccc2)C(=O)C(=O)c2ccccc21)C(=O)c2ccccc23)C(=O)c2ccccc12,C1=Oc2ccccc2C(=O)N1C(=O)c3c4n(c(=O)c(=O)n4C(=O)c4ccccc4C(=O)C(=O)c4ccccc4-3)C(=O)c4ccccc41,C1=Oc2c3n(c(=O)c(=O)n2C(=O)c2ccccc2)C(=O)c2ccccc2c3C(=O)c2ccccc21
C1=Oc2c3c(c(c(c(c2O)N(C(=O)c4c5c(ccc5O)C(=O)c5c(ccc5O)C(=O)c5c(ccc5O)C(=O)c5c(ccc5O)C(=O)c5c(ccc5O)C(=O)c5c,O=C1C(=O)N(C(=O)C(=O)c2c3n(c(=O)c(=O)n2C(=O)c2ccccc2)C(=O)C(=O)c2ccccc2-3)C(=O)c2ccccc21,C1=OCC(=O)N(C(=O)C(=O)c2c3n(c(=O)c(=O)n2C(=O)c2ccccc2)C(=O)C(=O)c2ccccc21)C(=O)c2ccccc21C(=O)c1ccccc1,O=C1C(=O)N(C(=O)C(=O)c2c3n(c(=O)c(=O)n2C(=O)c2ccccc2)C(=O)C(=O)c2ccccc21-3)C(=O)c2ccccc21,C1=Oc2ccccc2C(=O)N(C(=O)C(=O)c3c4n(c(=O)c(=O)n4C(=O)c4cccc4)C(=O)C(=O)c4ccccc4)C(=O)c4ccccc41C(=O)c5ccccc51
C1=Oc2ccccc2C(=O)N1c1ccc(cc1)C(=O)C1=Oc2ccccc2C(=O)C1=Oc2ccc(cc2)C(=O)C1=Oc2ccc(cc2)C(=O)C1=Oc2ccc(cc2)C(=O),C1=Oc2ccccc2C(=O)N(C(=O)C(=O)c3c4n(c(=O)c(=O)n4C(=O)c4ccccc4)C(=O)C(=O)c4ccccc41)C(=O)c4ccccc41C(=O)c2ccccc21,O=C1C(=O)N(C(=O)C(=O)c2c3n(c(=O)c(=O)n2C(=O)c2ccccc2)C(=O)C(=O)c2ccccc2-3)C(=O)c2ccccc21,O=C1C(=O)N(C(=O)C(=O)c2c3n(c(=O)c(=O)n2C(=O)c2ccccc2)C(=O)C(=O)c2ccccc2-3)C(=O)c2ccccc21,O=C1C(=O)N(C(=O)C(=O)c2c3n(c(=O)c(=O)n2C(=O)c2ccccc2)C(=O)C(=O)c2ccccc2-3)C(=O)c2ccccc21
C1=Oc2ccccc2C(=O)N(C(=O)c2ccc(cc2)C(=O)c2ccc(cc2)C(=O)c2ccc(cc2)C(=O)c2ccc(cc2)C(=O)c2ccc(cc2)C(=O)c1ccc(cc1)C(=O)c1ccc(cc1)C(=O,C1=Oc2c3c(c(=O)n3c(=O)c3n(c(=O)c(=O)n3C(=O)c3ccccc3C(=O)c3ccccc3-3)C(=O)c3ccccc31)C(=O)c2ccccc21,C1=Oc2c3c(cc2C(=O)N(C(=O)c4ccc(cc4)C(=O)c5ccccc5)c3Oc1c2c3c(cc2C(=O)N(C(=O)c4ccc(cc4)C(=O)c5ccccc5)c3Oc1c2c3c(cc2C,C1=Oc2c3n(c(=O)c(=O)n2C(=O)c2ccccc2)C(=O)c2ccccc2C(=O)c2ccccc2C(=O)c2ccccc2C(=O)c2ccccc2C(=O)c1c3c(cccc3)N(C(=O)C(=O)c1,O=C1C(=O)N(C(=O)C(=O)c2c3n(c(=O)c(=O)n2C(=O)c2ccccc2)C(=O)C(=O)c2ccccc2-3)C(=O)c2ccccc21
C1=OCC(=O)N(C(=O)C(=O)c2c3n(c(=O)c(=O)n2C(=O)c2ccccc2)C(=O)C(=O)c2ccccc2-3)C(=O)c2ccccc21,C1=Oc2c3c(c(n2C(=O)c2ccccc2)C(=O)c2ccccc2-n3C(=O)c2ccccc21)C(=O)Nc1c2c(cc(c3c(cc(cc3)C(=O)O)C(=O)O)C(=O)O)C(=O),O=C1C(=O)N(C(=O)C(=O)c2c3n(c(=O)c(=O)n2C(=O)c2ccccc2)C(=O)C(=O)c2ccccc2-3)C(=O)c2ccccc21,O=C1C(=O)N(C(=O)C(=O)c2c3n(c(=O)c(=O)n2C(=O)c2ccccc2)C(=O)C(=O)c2ccccc2-3)C(=O)c2ccccc21,C1=Oc2ccccc2C(=O)N(C(=O)c3ccc(cc3)C(=O)c4ccc(cc4)C(=O)c5ccc(cc5)C(=O)c6ccccc6)C(=O)c7ccc(cc7)C(=O)c8ccccc8C(=O)c9ccccc9C(=O)c1
O=C1C(=O)N(C(=O)C(=O)c2c3n(c(=O)c(=O)n2C(=O)c2ccccc2)C(=O)C(=O)c2ccccc2-3)C(=O)c2ccccc21,C1=Oc2c3c(c(c(c(c3C(=O)N(C(=O)c4c5c6c(ccc6C(=O)c5c4C(=O))C(=O)C(=O)c7ccccc7)C(=O)c8ccccc8)C(=O)c9ccccc9)C(=O)c1c,O=C1C(=O)N(C(=O)C(=O)c2c3n(c(=O)c(=O)n2C(=O)c2ccccc2)C(=O)C(=O)c2ccccc2-3)C(=O)c2ccccc21,C1=Oc2ccccc2N1C(=O)C(=O)c3c4n(c(=O)c(=O)n3C(=O)c3ccccc3C(=O)C(=O)c3ccccc3-4)C(=O)c3ccccc31,C1=Oc2c3c(ccc2O)C(=O)N(C(=O)c4c5c(ccc5O)C(=O)c5c(ccc5N3C(=O)c5c(ccc5O)C(=O)c5ccccc5)C(=O)c5c(ccc5O)C(=O)c5c
O=C1C(=O)N(C(=O)C(=O)c2c3n(c(=O)c(=O)n2C(=O)c2ccccc2)C(=O)C(=O)c2ccccc2-3)C(=O)c2ccccc21,C1=Oc2ccccc2C(=O)N(C(=O)C(=O)c3c4n(c(=O)c(=O)n4C(=O)c4ccccc4)C(=O)C(=O)c4ccccc4-3)C(=O)c4ccccc41,C1=OCC(=O)N(C(=O)C(=O)c2c3n(c(=O)c(=O)n2C(=O)c2ccccc2)C(=O)C(=O)c2ccccc2-3)C(=O)c2ccccc21,C1=Oc2ccccc2C(=O)N1C(=O)c3c4n(c(=O)c5c4c(cc5)C(=O)c5c4c(cc5)C(=O)c4c(ccc4N3C(=O)C(=O)c4ccc(cc4)C(=O))C(=O)c4ccc(cc,C1=Oc2ccccc2C(=O)N(C(=O)c3ccc(cc3)C(=O)N1C(=O)c4ccc(cc4)C(=O)N1C(=O)c5ccc(cc5)C(=O)N1C(=O)c6ccc(cc6)C(=O)N1C(=O)c7ccc
C1=Oc2c3c(cc2O)N(c3c4c(cc(c(c4)O)C(=O)N(C(=O)c5c(cc(cc5)O)C(=O)c5ccccc5)C(=O)c5ccccc5)C(=O)c5c(cc(cc5)O)C(=O)c5c(cc,O=C1C(=O)N(C(=O)C(=O)c2c3n(c(=O)c(=O)n2C(=O)c2ccccc2)C(=O)C(=O)c2ccccc21-3)C(=O)c2ccccc12,O=C1C(=O)N(C(=O)C(=O)c2c3n(c(=O)c(=O)n2C(=O)c2ccccc2)C(=O)C(=O)c2ccccc21-3)C(=O)c2ccccc21,C1=Oc2ccccc2C(=O)Nc3c4n(c(=O)c5c(ccc5n4C(=O)c5ccc(cc5)c4C(=O)c5ccccc5-3)c3c1ccc(c1C(=O)c1ccccc1)c2ccc(cc2)C(=O)c1ccccc1,C1=Oc2c3n(C(=O)c(=O)n3c(=O)c3c(cccc3C(=O)C(=O)C1)c3c(cccc3)C(=O)C(=O)C1)c3c(cccc3)C(=O)c2ccccc21)C(=O)c2ccccc21
C1=Oc2c3n(c(=O)c(=O)n2C(=O)c2ccccc2C(=O)C(=O)c2ccccc2-3)C(=O)c2ccccc21,C1=Oc2c3c(ccc2O)C(=O)N(C(=O)C(=O)c4ccc(cc4)C(=O)C(=O)c5c6c(ccc6c(c5)C(=O)C(=O)N7C(=O)c8ccccc8c2c7)C(=O)c2cc,O=C1C(=O)N(C(=O)C(=O)c2c3n(c(=O)c(=O)n2C(=O)c2ccccc2)C(=O)C(=O)c2ccccc21C(=O)c2ccccc23,O=C1C(=O)N(C(=O)C(=O)c2c3n(c(=O)c(=O)n2C(=O)c2ccccc2)C(=O)C(=O)c2ccccc2-3)C(=O)c2ccccc21,C1=OCC(=O)N(C(=O)C(=O)c2c3n(c(=O)c(=O)n2C(=O)c2ccccc2)C(=O)C(=O)c2ccccc2-3)C(=O)c2ccccc21
C1=Oc2c3n(c(=O)c(=O)n2C(=O)c2ccccc2C(=O)C(=O)c2ccccc2-3)C(=O)c2ccccc21,C1=Oc2c3n(c(=O)c(=O)n2C(=O)c2ccc(cc2)C(=O)c2ccc(cc2)C(=O)c2ccc(cc2)C(=O)c2ccc(cc2)C(=O)c2ccc(cc2)C(=O)c2ccc(cc2)C(=O)c2ccc(cc2)-,C1=Oc2c3c(ccc2Nc1c1c(ccc1C(=O)N(C(=O)C(=O)c2c3n(c(=O)c(=O)n2C(=O)c2ccccc2)C(=O)C(=O)c2ccccc2-3)C(=O)c2ccccc21)c1,C1=OCC(=O)N(C(=O)C(=O)c2c3c1c(n(c(=O)c(=O)n2C(=O)c2ccc(cc2)C(=O)C(=O)c2ccc(cc2)C(=O)C(=O)c2ccc(cc2)-3)C(=O)c2ccc(cc2))C(=,O=C1C(=O)N(C(=O)C(=O)c2c3n(c(=O)c(=O)n2C(=O)c2ccccc2)C(=O)C(=O)c2ccccc21)C(=O)c2ccccc12
C1=OCC(=O)N(C(=O)C(=O)c2c3n(c(=O)c(=O)n2C(=O)c2ccccc2)C(=O)C(=O)c2ccccc2-3)C(=O)c2ccccc21,O=C1C(=O)N(C(=O)C(=O)c2c3n(c(=O)c(=O)n2C(=O)c2ccccc2)C(=O)C(=O)c2ccccc2-3)C(=O)c2ccccc21,C1=Oc2c3c(cc1OC(=O)c3N(C(=O)c3c(cc2OC(=O)c3c(cc2OC(=O)c3c(cc2OC(=O)c3c(cc2OC(=O)c3c(cc2OC(=O)c3c(cc2OC(=O)c3c(cc2OC(=O)c3c(cc,O=C1C(=O)N(C(=O)C(=O)c2c3n(c(=O)c(=O)n2C(=O)c2ccccc2)C(=O)C(=O)c2ccccc2-3)C(=O)c2ccccc21,C1=O.C1(C(=O)N(C(=O)C(=O)c2c3n(c(=O)c(=O)n2C(=O)c2ccccc2)C(=O)C(=O)c2ccccc2-3)C(=O)c2ccccc21)C(=O)c2ccccc12
C1=Oc2ccccc2C(=O)N(C(=O)c3c4ccc(cc4)C(=O)n3C(=O)c3ccc(cc3)C(=O)c3ccc(cc3)C(=O)c3ccc(cc3)C(=O)c3ccc(cc3)C(=O)c3ccc(cc3)C(=O)c3,O=C1C(=O)N(C(=O)C(=O)c2c3n(c(=O)c(=O)n2C(=O)c2ccccc2)C(=O)C(=O)c2ccccc2-3)C(=O)c2ccccc21,O=C1C(=O)N(C(=O)C(=O)c2c3n(c(=O)c(=O)n2C(=O)c2ccccc2)C(=O)C(=O)c2ccccc21)C(=O)c2ccccc12,C1=Oc2c3c(c(c(c(c2N(C(=O)c4ccc(cc4)C(=O)C(=O)c4ccc(cc4)C(=O))c3)C(=O)c4ccccc4)C(=O)c3c5c(cc(cc5)C(=O)C(=O)N(C(=O)c6cc,C1=Oc2c3c(ccc3c2c1c1ccc(cc1)C(=O)Nc1ccc(cc1)C(=O)Nc1ccc(cc1)C(=O)Nc1ccc(cc1)C(=O)Nc1ccc(cc1)C(=O)Nc1ccc(cc1)C(=O
CC(=O)C1=C(c2ccc(=O)c3ccc(=O)c(C=C4C=CC=C4)cc3c(=O)c2)C=CC(=O)c2cc(C=C3C=CC=C3)c(=O)ccc2C(=O)C=C1,CC(=O)C1=C(c2ccc(=O)c3ccc(=O)c(C=C4C=CC=C4)cc3c(=O)c2)C=CC(=O)c2cc(C=C3C=CC=C3)c(=O)ccc2C(=O)C=C1,CC(=O)C1=C(c2ccc(=O)c3ccc(=O)c(C=C4C=CC=C4)cc3c(=O)c2)C=CC(=O)c2cc(C=C3C=CC=C3)c(=O)ccc2C(=O)C=C1,CC(=O)C1=C(c2ccc(=O)c3ccc(=O)c(C=C4C=CC=C4)cc3c(=O)c2)C=CC(=O)c2cc(C=C3C=CC=C3)c(=O)ccc2C(=O)C=C1,CC(=O)C1=C(c2ccc(=O)c3ccc(=O)c(C=C4C=CC=C4)cc3c(=O)c2)C=CC(=O)c2cc(C=C3C=CC=C3)c(=O)ccc2C(=O)C=C1
C1=Oc2c3c(c(c(c(c3N1C(=O)C(=O)C(=O)c2c1ccc(cc1)c2)c1ccc(cc1)c2ccc(cc2)c1ccc(cc1)c2ccc(cc2)C(=O)C(=O)c2ccc(cc2)c1ccc(cc1)c2ccc(cc2)c,C1=Oc2c3c(cc2O1)N(C(=O)c2ccc(cc2)C(=O)C(=O)c2ccc(cc2)C(=O)c2ccc(cc2)C(=O)c2ccc(cc2)C(=O)c2ccc(cc2)C(=O)c2ccc(cc2)C(=O)c2ccc(cc,C1=Oc2ccc(cc2)C(=O)N(C(=O)c3ccc(cc3)C(=O)c4ccc(cc4)C(=O)c5ccc(cc5)C(=O)c6ccc(cc6)C(=O)c7ccc(cc7)C(=O)c8ccc(cc8)C(=O)c9ccc(cc9)C(=,C1=Oc2ccccc2C(=O)N(C(=O)c3ccc(cc3)C(=O)c4ccc(cc4)C(=O)c5ccc(cc5)C(=O)c6ccc(cc6)C(=O)c7ccc(cc7)C(=O)c8ccc(cc8)C(=O)C(=O)c9ccc(cc9,C1=Oc2ccccc2C(=O)N1C(=O)c3c4n(c(=O)c5c6c(ccc6c5c1)c(=O)n3C(=O)c7ccccc7)C(=O)c8ccccc8C(=O)c9ccccc9C(=O)c10ccccc10C(=O)c
C1=Oc2ccccc2N(C(=O)C(=O)c3c4c(cccc4n3C(=O)c3c(cccc3)C(=O)C(=O)c3ccc(cc3)C(=O))C(=O)c3ccccc3)C(=O)c1ccccc1C(=O)c2ccccc21,C1=Oc2c3c(cc1OC(=O)N(C(=O)C(=O)c2c3n(c(=O)c(=O)n2C(=O)c2ccccc2)C(=O)C(=O)c2ccccc2-3)C(=O)c2ccccc21)OC(=O)C(=O)c2ccccc,O=C1C(=O)N(C(=O)C(=O)c2c3n(c(=O)c(=O)n2C(=O)c2ccccc2)C(=O)C(=O)c2ccccc2-3)C(=O)c2ccccc21,C1=Oc2c3c(c(c(c(c2O1)N3C(=O)c2c3c(c(c(c(c2O1)C(=O)c2ccc(cc2)C(=O))C(=O)c2ccc(cc2)C(=O))C(=O)c2ccc(cc2)C(=O))C(=O)c2ccc,C1=Oc2c3c(c(=O)n(c(=O)n3c2=O)C(=O)c2ccc(cc2)C(=O)c2ccc(cc2)C(=O)c2ccc(cc2)C(=O)c2ccc(cc2)C(=O)c2ccc(cc2)C(=O)c2ccc(cc2)C(=O
C1=Oc2c3c(c(c(c(c3c2=O)N(C(=O)C(=O)c2ccccc2)C(=O)c2ccc(cc2)C(=O)c2ccc(cc2)C(=O)c2ccc(cc2)C(=O)c2ccc(cc2)C(=O)c2ccc(cc2)C(=,C1=Oc2ccccc2C(=O)N(C(=O)c3c(cccc3C(=O)c4ccccc4)C(=O)c5c(cccc5N2C(=O)c6ccccc6)C(=O)c7ccccc7)C(=O)c8ccccc8C(=O)c9ccccc9C(=O,C1=Oc2c3n(c(=O)c(=O)n2C(=O)c2ccccc2)C(=O)C(=O)c2ccccc2C(=O)C(=O)c2ccccc2C(=O)C(=O)c2ccccc2C(=O)C(=O)c1c3c2ccccc2c3,C1=Oc2c3n(c(=O)c(=O)n2C(=O)c2ccccc2C(=O)c2ccccc2C(=O)c2ccccc2-3)C(=O)c2ccccc21,C1=Oc2c3c(c(c(c(c(c2C(=O)N(C(=O)C(=O)c4c5c6n(c(=O)c(=O)n5C(=O)c5c(ccc5)C(=O)C(=O)c5ccccc5-6)C(=O)c5ccccc5-4)C(=
C1=Oc2ccccc2C(=O)N(C(=O)C(=O)c3c4n(c(=O)c(=O)n3C(=O)c3ccccc3C(=O)C(=O)c3ccccc3-4)C(=O)c3ccccc31)C(=O)c4ccccc41,C1=OCC(=O)N(C(=O)C(=O)c2c3n(c(=O)c(=O)n2C(=O)c2ccccc2)C(=O)C(=O)c2ccccc2-3)C(=O)c2ccccc21,O=C1C(=O)N(C(=O)C(=O)c2c3n(c(=O)c(=O)n2C(=O)c2ccccc2)C(=O)C(=O)c2ccccc2-3)C(=O)c2ccccc21,C1=Oc2c3c(c(c(c(c(c(c2O)c1=O)N(C(=O)c2c3c(c(c(c(c(c2O)c1=O)C(=O)c2ccccc2)C(=O)c2ccccc2)C(=O)c2ccccc21)C(=O)c2ccccc21)C,O=C1C(=O)N(C(=O)C(=O)c2c3n(c(=O)c(=O)n2C(=O)c2ccccc2)C(=O)C(=O)c2ccccc2-3)C(=O)c2ccccc21
C1=OCC(=O)N(C(=O)C(=O)c2c3n(c(=O)c(=O)n2C(=O)c2ccccc2)C(=O)C(=O)c2ccccc2-3)C(=O)c2ccccc21,C1=Oc2ccccc2C(=O)N(C(=O)C(=O)c3c2ccc(cc2)c3N(C(=O)c4ccc(cc4)c5ccccc5C(=O)c3ccc(cc3)c2C(=O)c1C(=O)c3ccc(cc3)c2)C(=O)c3ccc(cc3)c2,C1=Oc2ccccc2C(=O)N1C(=O)c3c4n(c(=O)c5c(cccc5)c(=O)n3C(=O)c5c(cccc5)C(=O)c5ccccc5)C(=O)c5ccccc5C(=O)c5ccccc5C(=O)c5ccccc51,O=C1C(=O)N(C(=O)C(=O)c2c3n(c(=O)c(=O)n2C(=O)c2ccccc2)C(=O)C(=O)c2ccccc2-3)C(=O)c2ccccc21,C1=OCC(=O)N(C(=O)C(=O)c2c3n(c(=O)c(=O)n2C(=O)c2ccccc2)C(=O)C(=O)c2ccccc2-3)C(=O)c2ccccc21
C1=Oc2ccccc2C(=O)N3C(=O)C(=O)c4c5c(ccc5n4C(=O)c6ccccc6)C(=O)C(=O)c5ccccc5C(=O)C(=O)c4ccccc41C(=O)c5c(cccc5n4C(=O)c,C1=Oc2c3c(c(c(c(c1O)c3N(C(=O)c4ccc(cc4)C(=O)C(=O)c5ccccc5)C(=O)c6ccccc6)C(=O)c7ccccc7)C(=O)c8ccccc8)C(=O)c9ccccc9,O=C1C(=O)N(C(=O)C(=O)c2c3n(c(=O)c(=O)n2C(=O)c2ccccc2)C(=O)C(=O)c2ccccc2-3)C(=O)c2ccccc21,C1=Oc2c3n(c(=O)c(=O)n2C(=O)c2ccccc2)C(=O)c2ccccc2c3C(=O)C(=O)N(C(=O)C(=O)c2ccccc2)c2c3n(c(=O)c(=O)n2C(=O)c2ccccc2)C,C1=Oc2ccccc2C(=O)N(C(=O)C(=O)c3c4n(c(=O)c(=O)n4C(=O)c4ccccc4)C(=O)C(=O)c4ccccc4-3)C(=O)c4ccccc41
C1=Oc2c3c(c(c(c(c3N(C(=O)c2=O)C(=O)c2ccccc2)C(=O)c2ccccc2)C(=O)c2ccccc2)C(=O)c2ccccc2-3)C(=O)c2ccccc21,O=C1C(=O)N(C(=O)C(=O)c2c3n(c(=O)c(=O)n2C(=O)c2ccccc2)C(=O)C(=O)c2ccccc2-3)C(=O)c2ccccc21,C1=OCC(=O)N(C(=O)C(=O)c2c3n(c(=O)c(=O)n2C(=O)c2ccccc2)C(=O)C(=O)c2ccccc2-3)C(=O)c2ccccc21,O=C1C(=O)N(C(=O)C(=O)c2c3n(c(=O)c(=O)n2C(=O)c2ccccc2)C(=O)C(=O)c2ccccc2-3)C(=O)c2ccccc21,C1=Oc2ccccc2C(=O)N(C(=O)c3c4n(c(=O)c(=O)n4C(=O)c4ccccc4)C(=O)c4ccccc4-3)C(=O)c4ccccc41
C1CC1,C1CC1,C1=CC=CC=C1C(=O)N1C=CC(=O)N2C=CC(=O)C3=CC=CC=C3C(=O)N2C=CC(=O)C2=CC=CC=C2C1=O,C1=Oc2ccccc2N1c1ccc(cc1)C(=O)N2c1ccc(cc1)C(=O)N2c1ccc(cc1)C(=O)N2c1ccc(cc1)C(=O)N2c1ccccc1C(=O)N2c1ccccc1,O=C(c1ccccc1)n1ccc(=O)n2c(=O)c(=O)c3ccccc3n2c(=O)c(=O)c2ccccc2c1=O
O=C1C(=O)N(C(=O)C(=O)c2c3n(c(=O)c(=O)n2C(=O)c2ccccc2)C(=O)C(=O)c2ccccc2-3)C(=O)c2ccccc21,O=C1C(=O)N(C(=O)C(=O)c2c3n(c(=O)c(=O)n2C(=O)c2ccccc2)C(=O)C(=O)c2ccccc2-3)C(=O)c2ccccc21,O=C1C(=O)N(C(=O)C(=O)c2c3n(c(=O)c(=O)n2C(=O)c2ccccc2)C(=O)C(=O)c2ccccc2-3)C(=O)c2ccccc21,C1=Oc2c3n(c(=O)c(=O)n2C(=O)c2ccccc2C(=O)c2ccccc2-3)C(=O)c2ccccc21,C1=Oc2ccccc2C(=O)N(C(=O)C(=O)c3c4n(c(=O)c(=O)n4C(=O)c3C(=O)c3ccccc3)C(=O)C(=O)c3ccccc31)C(=O)c3ccccc31
O=C1C(=O)n2c(c(C(=O)C(=O)N3C(=O)Cc4ccccc4C3=O)n(C(=O)c3ccccc3)c(=O)c2=O)-c2ccccc21,O=C1C(=O)n2c(c(C(=O)C(=O)N3C(=O)Cc4ccccc4C3=O)n(C(=O)c3ccccc3)c(=O)c2=O)-c2ccccc21,C1=Oc2ccc(cc2)C(=O)N3C(=O)c4ccc(cc4)N3C(=O)C(=O)Oc5ccccc5C(=O)C(=O)N6C(=O)c7ccccc7c6=Oc1=O,O=C1C(=O)n2c(c(C(=O)C(=O)N3C(=O)Cc4ccccc4C3=O)n(C(=O)c3ccccc3)c(=O)c2=O)-c2ccccc21,O=C(c1ccccc1)n1c(=O)c(=O)n2c(=O)c(=O)c3ccccc3n2c(=O)c(=O)c2ccccc2c1=O
C1=OCC(=O)N(C(=O)C(=O)c2c3n(c(=O)c(=O)n2C(=O)c2ccccc2)C(=O)C(=O)c2ccccc2-3)C(=O)c2ccccc21,C1=Oc2c3c(ccc2O)N(c3c(ccc3C(=O)N1c1ccc(cc1)C(=O)N1c1ccc(cc1)C(=O)N1c1ccc(cc1)C(=O))C(=O)N1c1ccc(cc1)C(=O)N1c,C1=OCC(=O)N(C(=O)C(=O)c2c3n(c(=O)c(=O)n2C(=O)c2ccccc2)C(=O)C(=O)c2ccccc2-3)C(=O)c2ccccc21,C1=Oc2ccccc2C(=O)N(C(=O)c3ccc(cc3)C(=O)C1)C1=Oc2ccccc2C(=O)N(C(=O)c3ccc(cc3)C(=O)c1ccc(cc1)C(=O)c1ccc(cc1)C(=O)c1ccc(cc1),C1=Oc2c3n(c(=O)c(=O)n2C(=O)c2ccccc2)C(=O)C(=O)c2ccccc2C(=O)c2ccccc2C(=O)c1ccc(cc1)N1C(=O)C(=O)c2ccccc2C(=O)c1ccc(cc1)C(=
O=C1C(=O)N(C(=O)C(=O)c2c3n(c(=O)c(=O)n2C(=O)c2ccccc2)C(=O)C(=O)c2ccccc21-3)C(=O)c2ccccc12,O=C1C(=O)N(C(=O)C(=O)c2c3n(c(=O)c(=O)n2C(=O)c2ccccc2)C(=O)C(=O)c2ccccc2-3)C(=O)c2ccccc21,O=C1C(=O)N(C(=O)C(=O)c2c3n(c(=O)c(=O)n2C(=O)c2ccccc2)C(=O)C(=O)c2ccccc2-3)C(=O)c2ccccc21,C1=Oc2ccccc2C(=O)N(C(=O)c3c(cccc3N(C(=O)c4ccc(cc4)C(=O))C(=O)c4ccc(cc4)C(=O))C(=O)c3ccc(cc3)C(=O)C(=O)c3ccc(cc3)C(=O)C(=O)c,O=C1C(=O)N(C(=O)C(=O)c2c3n(c(=O)c(=O)n2C(=O)c2ccccc2)C(=O)C(=O)c2ccccc2-3)C(=O)c2ccccc21
C1=CC(=O)N(C2=CC(=O)N(C3=CC(=O)N(C4=CC(=O)N(C5=CC(=O)N(C6=CC(=O)N(C7=CC(=O)N(C8=CC(=O)N(C9=CC(=O)N(C1=CC(=O)N,C1=CC(=O)N(C(=O)C2=CC=CC=C2)C3=CC(=O)N(C(=O)C4=CC=CC=C4)C5=CC(=O)N(C(=O)C6=CC=CC=C6)C7=CC(=O)N(C(=O)C1=CC(=,C1=CC(=O)N(C2=CC(=O)C3=C(C(=O)N(C4=CC(=O)C5=C(C(=O)N(C6=CC(=O)C7=C(C(=O)N(C8=CC(=O)C9=C(C(=O)N(C10=CC(=O)C1=C(C(=,C1=CC(=O)N(C(=O)C2=CC(=O)N(C(=O)C3=C(C4=CC=CC=C4C2=O)N(C(=O)C5=CC=CC=C5C3=O)C(=O)C6=CC=CC=C6)C(=O)C7=CC=,C1=CC(=O)N(C(=O)C2=CC=CC=C2)C3=CC(=O)N(C(=O)C4=CC=CC=C4)C5=C1C(=O)N(C(=O)C6=C1C=CC=C6)C2=CC=CC=C2C3=CC(=O)
C1=Oc2ccccc2C(=O)N(C(=O)C(=O)c3c4n(c(=O)c(=O)n4C(=O)c4ccccc4)C(=O)C(=O)c4ccccc4-3)C(=O)c4ccccc41,C1=OCC(=O)N(C(=O)C(=O)C2=C3N(C(=O)C(=O)C2=C(C2=CC=CC=C2)C(=O)C2=CC=CC=C2)C(=O)C3=CC=CC=C3)C(=O)C1=CC=CC=CC,C1=Oc2c3c(cc2O)c(cc3O)Nc1c2c(cc3c(cc2O)c(cc3O)C(=O)c2ccccc2)C(=O)c2ccccc21,C1=Oc2c3n(c(=O)c(=O)n2C(=O)c2ccccc2)C(=O)c2ccccc2C(=O)Nc3c4c(ccc4[nH]3)C(=O)c1c(ccc1C(=O))C(=O)c1ccccc12,C1=Oc2c3c(ccc3[nH]c3c(ccc(cc3O)N(C(=O)C(=O)c4c5c(ccc5C(=O)c5c(ccc(cc5C(=O)c5c(ccc(cc5C(=O)c5c(ccc(cc5C(=O)c5c(ccc(cc5
O=C1C(=O)N(C(=O)C(=O)c2c3n(c(=O)c(=O)n2C(=O)c2ccccc2)C(=O)C(=O)c2ccccc2-3)C(=O)c2ccccc21,C1=Oc2c3c(c(n2C(=O)c2ccccc2)C(=O)c2ccccc2-n3C(=O)c2ccccc2)C(=O)C(=O)c2ccccc2C(=O)C(=O)c2ccccc2C(=O)c1c2ccccc2C(=O)C(=,C1=OCC(=O)N(C(=O)C(=O)c2c3n(c(=O)c(=O)n2C(=O)c2ccccc2)C(=O)C(=O)c2ccccc2-3)C(=O)c2ccccc21,C1=Oc2c3c(c(c(c(c2O)c1)c3Nc2c(c(c(c(c2O)C(=O))c1ccc(cc1)C(=O))C(=O))C(=O))c1ccccc1)c1ccccc1C(=O)c2ccccc2,O=C1C(=O)N(C(=O)C(=O)c2c3n(c(=O)c(=O)n2C(=O)c2ccccc2)C(=O)C(=O)c2ccccc2-3)C(=O)c2ccccc21
O=C1C(=O)N(C(=O)C(=O)c2c3n(c(=O)c(=O)n2C(=O)c2ccccc2)C(=O)C(=O)c2ccccc21)C(=O)c2ccccc12,C1=CC(=O)N(C(=O)C(=O)c2c3n(c(=O)c(=O)n2C(=O)c2ccccc2)C(=O)C(=O)c2ccccc2-3)C(=O)c2ccccc21,C1=CC(=O)N(C(=O)C(=O)c2c3n(c(=O)c(=O)n2C(=O)c2ccccc2)C(=O)C(=O)c2ccccc2-3)C(=O)c2ccccc21,O=C1C(=O)N(C(=O)C(=O)c2c3n(c(=O)c(=O)n2C(=O)c2ccccc2)C(=O)C(=O)c2ccccc2-3)C(=O)c2ccccc21,O=C1C(=O)N(C(=O)C(=O)c2c3n(c(=O)c(=O)n2C(=O)c2ccccc2)C(=O)C(=O)c2ccccc2-3)C(=O)c2ccccc21
C1=Oc2c3c(cc1OC(=O)N3c1ccc(cc1)C(=O)C(=O)c2ccccc2)C(=O)C(=O)c2ccc(cc2)C(=O)C(=O)c2ccc(cc2)C(=O)c1ccc(cc1)C(=O)C(=O)c2,C1=Oc2c3n(c(=O)c(=O)n2C(=O)c2ccccc2)C(=O)c2ccccc2C(=O)C(=O)c2ccccc2C(=O)c1ccc2c1ccc(c1)c3c1ccc(c1)C(=O)N(C(=O)c1ccc(cc1),O=C1C(=O)N(C(=O)C(=O)c2c3n(c(=O)c(=O)n2C(=O)c2ccccc2)C(=O)C(=O)c2ccccc2-3)C(=O)c2ccccc21,C1=Oc2c3c(c(c(c(c2O1)N(C(=O)c4c5c6c(ccc6C(=O)C(=O)c5c4C)C(=O)C(=O)c5c(ccc6C(=O)C(=O)c6c5C)C(=O)C(=O)c6c,C1=Oc2ccccc2C(=O)N3C(=O)c4ccc(cc4)C(=O)c5ccc(cc5)C(=O)c6ccc(cc6)C(=O)c7ccccc7C(=O)c8ccc(cc8)C(=O)c9ccc(cc9)C(=O)c1C(=O)Nc10
C1=OCC(=O)N(C(=O)C(=O)c2c3n(c(=O)c(=O)n2C(=O)c2ccccc2)C(=O)C(=O)c2ccccc2-3)C(=O)c2ccccc21,O=C1C(=O)N(C(=O)C(=O)c2c3n(c(=O)c(=O)n2C(=O)c2ccccc2)C(=O)C(=O)c2ccccc2-3)C(=O)c2ccccc21,C1=Oc2ccccc2C(=O)N(C(=O)C(=O)c3c2c(cc3N1C(=O)c4ccccc4)C(=O)c5ccccc5)C(=O)c6ccccc6C(=O)C(=O)c7ccccc7,O=C1C(=O)N(C(=O)C(=O)c2c3n(c(=O)c(=O)n2C(=O)c2ccccc2)C(=O)C(=O)c2ccccc2-3)C(=O)c2ccccc21,C1=Oc2ccccc2C(=O)N1C(=O)c3c4c(ccc4[nH]c4ccccc4N3)C(=O)c4c(cccc4)C(=O)c4ccc(cc4)C(=O)c4ccc(cc4)C(=O)c4ccc(cc4)C(=O)c4ccc
C1=Oc2c3c(c(cc2=O)N(c1c(cc1C(=O)N(C(=O)c1c(cc1C(=O))c1ccccc1)c1ccc(cc1)c1ccc(cc1)c1ccc(cc1)c1ccc(cc1)C(=O)C(=O)c1ccc(cc1)C(=O,C1=Oc2ccccc2C(=O)N1C(=O)C(=O)c3c4n(c(=O)c(=O)n4C(=O)c4ccccc4C(=O)C(=O)c4ccccc4-3)C(=O)c4ccccc41,O=C1C(=O)N(C(=O)C(=O)c2c3n(c(=O)c(=O)n2C(=O)c2ccccc2)C(=O)C(=O)c2ccccc21-3)C(=O)c2ccccc12,C1=Oc2ccccc2C(=O)N(C(=O)c3ccc(cc3)c4ccc(cc4)C(=O)c3ccc(cc3)C(=O)c2c1c1ccccc1C(=O)c1ccccc1C(=O)c1ccc(cc1)C(=O)c1ccc(cc1)C(=O)c1,C1=Oc2ccccc2C(=O)N(C(=O)C(=O)c3c4c(cccc4n3C(=O)c3c(cccc3C(=O))C(=O)c3ccc(cc3)C(=O))C(=O)c3ccccc3-4)C(=O)c3ccc(cc3)C(=O
O=C1C(=O)N(C(=O)C(=O)c2c3n(c(=O)c(=O)n2C(=O)c2ccccc2)C(=O)C(=O)c2ccccc2-3)C(=O)c2ccccc21,C1=OCC(=O)N(C(=O)C(=O)c2c3n(c(=O)c(=O)n2C(=O)c2ccccc2)C(=O)C(=O)c2ccccc2-3)C(=O)c2ccccc21,O=C1C(=O)N(C(=O)C(=O)c2c3n(c(=O)c(=O)n2C(=O)c2ccccc2)C(=O)C(=O)c2ccccc2-3)C(=O)c2ccccc21,C1=Oc2c3c(c(c(c(c2C(=O)N(C(=O)C(=O)c2c3n(c(=O)c(=O)n2C(=O)c2ccccc2)C(=O)C(=O)c2ccccc2-3)C(=O)c2ccccc21)C(=O)c2ccccc21,C1=Oc2ccccc2C(=O)N(C(=O)C(=O)c3c4n(c(=O)c5c(=O)n4C(=O)c5ccccc5)C(=O)C(=O)c5ccccc5-4)C(=O)c5ccccc51
C1=Oc2c3n(c(=O)c(=O)n2C(=O)c2ccccc2)C(=O)c2ccccc2C(=O)c3c1ccc(cc1)c2ccccc2C(=O)c1ccccc1C(=O)c2ccccc21,C1=Oc2c3c(c(c(c(c(c1O)c3N(C(=O)c4c5c6c(ccc7c6c(ccc(c5c4O)C(=O)C(=O)c8ccccc8)C(=O)C(=O)c9ccccc9)C(=O)c7c6c(ccc5,C1=Oc2ccccc2C(=O)N1c1ccc(cc1)C(=O)Oc1ccc(cc1)C(=O)Oc1ccc(cc1)C(=O)Oc1ccc(cc1)C(=O)Oc1ccc(cc1)C(=O)Oc1ccc(cc1)C(=O),C1=Oc2c3n(c(=O)c(=O)n2C(=O)c2ccccc2)C(=O)c2ccccc2C(=O)c2ccccc2C(=O)C(=O)c2ccccc2C(=O)C(=O)c2ccccc2C(=O)C(=O)c2ccccc2C(=,C1=Oc2ccccc2C(=O)N(C(=O)c3ccc(cc3)C(=O)c4ccc(cc4)C(=O)c5ccc(cc5)C(=O)c6ccc(cc6)C(=O)c7ccc(cc7)C(=O)c8ccc(cc8)C(=O)c9ccc(cc9)C(=O
C1=OCC(=O)N(C(=O)C(=O)c2c3n(c(=O)c(=O)n2C(=O)c2ccccc2)C(=O)C(=O)c2ccccc2-3)C(=O)c2ccccc21,C1=OCC(=O)N(C(=O)C(=O)c2c3n(c(=O)c(=O)n2C(=O)c2ccccc2)C(=O)C(=O)c2ccccc2-3)C(=O)c2ccccc21,C1=Oc2ccccc2C(=O)N1C(=O)C(=O)c3c4c(ccc4[nH]c4ccccc4n3)C(=O)c4ccccc4C(=O)C(=O)c4ccccc41,C1=Oc2c3n(c(=O)c(=O)n2C(=O)c2ccccc2C(=O)C(=O)c2ccccc2-3)C(=O)c2ccccc21,O=C1C(=O)N(C(=O)C(=O)c2c3n(c(=O)c(=O)n2C(=O)c2ccccc2)C(=O)C(=O)c2ccccc2-3)C(=O)c2ccccc21
C1=OCC(=O)N(C(=O)C(=O)c2c3n(c(=O)c(=O)n2C(=O)c2ccccc2)C(=O)C(=O)c2ccccc2-3)C(=O)c2ccccc21,C1=Oc2c3c(c(n3C(=O)c4c5c6c(ccc6c(cc5c4N(C(=O)C(=O)c7ccccc7)C(=O)C(=O)c7ccccc7)C(=O)C(=O)c7ccccc7)C(=O)c7ccccc7-3,O=C1C(=O)N(C(=O)C(=O)c2c3n(c(=O)c(=O)n2C(=O)c2ccccc2)C(=O)C(=O)c2ccccc2-3)C(=O)c2ccccc21,C1=Oc2c3c(cc1OC(=O)c3c1ccc(cc1)C(=O)N1c2c(cc(c2C(=O)N2c3c(cc(cc3OC(=O)c3ccc(cc3)C(=O)N2c3c(cc(cc3OC(=O)c3ccc(cc3)C(=O),C1=Oc2c3c(cc1OC(=O)Nc4c5c(ccc5Nc4C(=O)C(=O)c4ccc(cc4)C(=O)C(=O)c4ccc(cc4)C(=O)c4ccc(cc4)C(=O)c4ccc(cc4)C(=O)c4ccc(cc4)
C1=Oc2c3c(cc1OC(=O)c3c4ccc(cc4)C(=O)N5C(=O)c6c7ccccc7n6C(=O)c6ccccc6C(=O)c6ccccc6c5C(=O)c3c(cc(c3C(=O)N4C(=O)c5c6,O=C1C(=O)N(C(=O)C(=O)c2c3n(c(=O)c(=O)n2C(=O)c2ccccc2)C(=O)C(=O)c2ccccc2-3)C(=O)c2ccccc21,C1=Oc2c3n(c(=O)c(=O)n2C(=O)c2ccc(cc2)C(=O)c2ccc(cc2)C(=O)c2ccc(cc2)-3)C(=O)c2ccc(cc2)C(=O)c1ccc(cc1)C(=O)c1ccc(cc1)C(=O)c1ccc(cc,C1=Oc2c3n(C(=O)c(=O)n2C(=O)c2ccccc2)C(=O)c2ccccc2C(=O)c3c1c(cc3)C(=O)C(=O)c1ccc(cc1)C(=O)C(=O)c1ccc(cc1)C(=O)C(=O)c1,O=C1C(=O)N(C(=O)C(=O)c2c3n(c(=O)c(=O)n2C(=O)c2ccccc2)C(=O)C(=O)c2ccccc21-3)C(=O)c2ccccc21
C1=Oc2ccccc2C(=O)Nc3c1ccc(cc3)C(=O)Nc4ccc(cc4)C(=O)Nc5c4ccc(cc5)C(=O)C(=O)c6ccccc6Nc7c6ccc(cc7)C(=O)C(=O)c8ccccc8N,C1=OCC(=O)N(C(=O)C(=O)C2=C3N(C(=O)C(=O)C4=C(N(C(=O)C(=O)C5=C(C6=C(C(=C(C(=C(C(=C(C(=C(C(=C(C(=C(C(=C(C(=C(C(=C(C(=C(C(=,C1=Oc2ccccc2N(C(=O)C(=O)C(=O)c3c4n(c(=O)c(=O)n4C(=O)c4ccccc4)C(=O)C(=O)c4ccccc4-4)C(=O)c4ccccc41,C1=Oc2c3c(cc2O1)N(c3c4c(ccc4O)N(c3c(ccc(cc3O)O)C(=O)C(=O)C5c6c(ccc6C(=O)C(=O)C7c8ccccc8N(C9c1c(cc(c1C(=O,C1=Oc2c3c(cc2O1)N(C(=O)c2ccc(cc2)C(=O)N(C(=O)c2ccc(cc2)C(=O)N(C(=O)c2ccc(cc2)C(=O)c2ccccc2)C(=O)c2ccccc2)C(=O)c2ccccc23)C
O=C1C(=O)N(C(=O)C(=O)c2c3n(c(=O)c(=O)n2C(=O)c2ccccc2)C(=O)C(=O)c2ccccc21-3)C(=O)c2ccccc21,C1=Oc2c3n(C(=O)c1c2c(c(c3)C(=O)Nc2c3c(c(c2C(=O)C(=O)c2ccccc2)C(=O)c2ccccc2)C(=O)c2ccccc2-3)C(=O)c2ccccc21)c1c2c,O=C1C(=O)N(C(=O)C(=O)c2c3n(c(=O)c(=O)n2C(=O)c2ccccc2)C(=O)C(=O)c2ccccc2-3)C(=O)c2ccccc21,C1=Oc2c3n(c(=O)c(=O)n2C(=O)c2ccccc2)C(=O)c2ccccc2C(=O)c2ccccc2C(=O)C(=O)c2ccccc2C(=O)N(C(=O)c2ccccc2)C(=O)C(=O)c2ccccc2,O=C1C(=O)N(C(=O)C(=O)c2c3n(c(=O)c(=O)n2C(=O)c2ccccc2)C(=O)C(=O)c2ccccc2-3)C(=O)c2ccccc21
C1=Oc2c3c(ccc3Oc1=O)N(C(=O)c2ccc(cc2)C(=O)O)c2c3n(c1c(ccc1C(=O)O)c2ccccc2)C(=O)c1ccccc1C(=O)Oc2ccccc2C(=O)C(=O,C1=OCC(=O)N(C(=O)C(=O)c2c3n(c(=O)c(=O)n2C(=O)c2ccccc2)C(=O)C(=O)c2ccccc2-3)C(=O)c2ccccc21,O=C1C(=O)N(C(=O)C(=O)c2c3n(c(=O)c(=O)n2C(=O)c2ccccc2)C(=O)C(=O)c2ccccc2-3)C(=O)c2ccccc21,C1=Oc2ccccc2N(C(=O)C(=O)C1=O)C(=O)c3c4n(c(=O)c5c1c(ccc1c4=O)C(=O)c5ccccc5)C(=O)c1ccccc1C(=O)C(=O)c2ccccc21,C1=Oc2ccccc2C(=O)N(C(=O)c3c(cccc3C(=O)C(=O)c4ccc(cc4)C(=O)c5ccccc5)C(=O)c6ccccc6)C(=O)c7ccccc7C(=O)C(=O)c8ccccc8C(=O)C(=
C1=CC(F)=C(F)C1(F)C2=C(C(C(C(C2)S)S)C3)C(C4)C(C(C(C4)C)C)C,CC1=C(F)[C]2[C]3(C(=S)C1)[C]14S[C]1CC(F)=C(F)[C]24,C1=C(F)[C@H]2[C@]3(C(=S)C1)[C@@]14S[C@@H]1CC(F)=C(F)[C@@]24,CC1=C(F)[CH]2[C]3(C(=S)C1)[C]14S[C]1CC(F)=C(F)[C]24,C1=CC(F)C(F)C2[C@H]2[C@]3(C(=S)C1)[C@]14S[C@]1CC(F)=C(F)[C@]24
O=C1C(=O)N(C(=O)C(=O)c2c3n(c(=O)c(=O)n2C(=O)c2ccccc2)C(=O)C(=O)c2ccccc2-3)C(=O)c2ccccc21,C1=Oc2c3c(ccc3O1)C(=O)N(C(=O)C(=O)c2c3n(c(=O)c(=O)n2C(=O)c2ccccc2)C(=O)C(=O)c2ccccc2-3)C(=O)c2ccccc21,O=C1C(=O)N(C(=O)C(=O)c2c3n(c(=O)c(=O)n2C(=O)c2ccccc2)C(=O)C(=O)c2ccccc21)C(=O)c2ccccc12,O=C1C(=O)N(C(=O)C(=O)c2c3n(c(=O)c(=O)n2C(=O)c2ccccc2)C(=O)C(=O)c2ccccc2-3)C(=O)c2ccccc21,O=C1C(=O)N(C(=O)C(=O)c2c3n(c(=O)c(=O)n2C(=O)c2ccccc2)C(=O)C(=O)c2ccccc2-3)C(=O)c2ccccc21
O=C1C(=O)N(C(=O)C(=O)c2c3n(c(=O)c(=O)n2C(=O)c2ccccc2)C(=O)C(=O)c2ccccc2-3)C(=O)c2ccccc21,C1=Oc2c3c(c(n3c2=O)C(=O)c2ccccc2)C(=O)N(C(=O)c2ccccc2)C(=O)c2c3n(c(=O)c(=O)n3C(=O)c2ccccc2)C(=O)c2ccccc21,C1=OCC(=O)N(C(=O)C(=O)c2c3n(c(=O)c(=O)n2C(=O)c2ccccc2)C(=O)C(=O)c2ccccc2-3)C(=O)c2ccccc21,C1=Oc2c3c(cc2O1)N(C(=O)c4ccc(cc4)C(=O)N5C(=O)c6c(ccc(cc6)C(=O)N5c7c(ccc(cc7)C(=O)N5c8ccc(cc8)C(=O)N5)C(=O)C(=,C1=Oc2c3n(c(=O)c(=O)n2C(=O)c2ccccc2)C(=O)c2ccccc2C(=O)C(=O)c2ccccc2-c3C(=O)c(=O)n2c(=O)c(=O)n2C(=O)c2ccccc21
C1=Oc2c3n(c(=O)c(=O)n2C(=O)c2ccccc2)C(=O)c2ccccc2C(=O)C(=O)c2ccccc21C(=O)N(C(=O)C(=O)c2ccccc2)c3c2c(c(=O)n3C(=O)c2ccccc,C1=Oc2ccccc2N(C(=O)c3ccc(cc3)c4c1c(cc4N3C(=O)C(=O)c5ccccc5)c6ccccc6C(=O)C(=O)c7ccccc7)C(=O)c8ccccc8C(=O)C(=O)c9ccccc9,C1=Oc2c3c(ccc3O1)C(=O)N(C(=O)C(=O)c2ccccc2)c2ccc(cc2)C(=O)c1ccc(cc1)C(=O)c2ccc(cc2)C(=O)c1ccc(cc1)C(=O)c2ccc(cc2)C(=O)c1ccc,O=C1C(=O)N(C(=O)C(=O)c2c3n(c(=O)c(=O)n2C(=O)c2ccccc2)C(=O)C(=O)c2ccccc2-3)C(=O)c2ccccc21,O=C1C(=O)N(C(=O)C(=O)c2c3n(c(=O)c(=O)n2C(=O)c2ccccc2)C(=O)C(=O)c2ccccc2-3)C(=O)c2ccccc21
C1=Oc2c3n(c(=O)c(=O)n2C(=O)c2ccccc2C(=O)c2ccccc2-3)C(=O)c2ccccc21,C1=Oc2c3c(cc2O1)N(c3c4c(ccc4O3)C(=O)C(=O)c5c(cccc5)C(=O)C(=O)c5ccccc5)C(=O)c6ccccc6C(=O)c7ccccc7,C1=Oc2c3c(c(n2C(=O)c2c(ccc(cc2C(=O)c2c(ccc(cc2O)C(=O)c2ccc(cc2)C(=O))C(=O))C(=O)c2ccc(cc2)C(=O))C(=O)c2ccc(cc2)C(=O))C(=O,C1=Oc2ccccc2C(=O)N(C(=O)C(=O)c3c2n(c(=O)c(=O)n2C(=O)c2ccccc2)C(=O)C(=O)c2ccccc2-3)C(=O)c2ccccc21,O=C1C(=O)N(C(=O)C(=O)c2c3n(c(=O)c(=O)n2C(=O)c2ccccc2)C(=O)C(=O)c2ccccc2-3)C(=O)c2ccccc21
O=C1C(=O)N(C(=O)C(=O)c2c3n(c(=O)c(=O)n2C(=O)c2ccccc2)C(=O)C(=O)c2ccccc2-3)C(=O)c2ccccc21,C1=Oc2c3c(ccc3O1)C(=O)N(C(=O)C(=O)c2c(ccc2)C(=O)C(=O)c2ccc(cc2)C(=O)c2ccc(cc2)C(=O)c2ccc(cc2)C(=O)c2ccc(cc2)C(=O)c2ccc,C1=Oc2ccccc2C(=O)N(C(=O)c3ccc(cc3)C(=O)c4ccc(cc4)C(=O)c5ccccc5Nc6c1ccc(cc6)C(=O)c7ccc(cc7)C(=O)c8ccccc8Nc9c1ccc(cc9)C(=O)c10,O=C1C(=O)N(C(=O)C(=O)c2c3n(c(=O)c(=O)n2C(=O)c2ccccc2)C(=O)C(=O)c2ccccc21-3)C(=O)c2ccccc12,C1=Oc2c3n(c(=O)c(=O)n2C(=O)c2ccccc2)C(=O)c2ccccc2C(=O)C(=O)c2ccccc2C(=O)c1ccc(cc1)N(C(=O)C(=O)c2ccccc2)C(=O)c2ccccc2C(=O
O=C1C(=O)N(C(=O)C(=O)c2c3n(c(=O)c(=O)n2C(=O)c2ccccc2)C(=O)C(=O)c2ccccc2-3)C(=O)c2ccccc21,C1=Oc2c3c(ccc3Nc1=O)C(=O)Nc1ccc(cc1)C(=O)c2ccc(cc2)C(=O)c2ccc(cc2)C(=O)c2ccc(cc2)C(=O)c1ccc(cc1)C(=O)c2ccc(cc2)C(=O)c1ccc,C1=Oc2ccccc2C(=O)N(C(=O)c3ccc(cc3)C(=O)C(=O)c4ccc(cc4)C(=O)C(=O)c5c6c(ccc6n5C(=O)c7ccccc7)C(=O)c8ccccc8)C(=O)c9ccccc9C,C1=Oc2c3n(c(=O)c(=O)n2C(=O)c2ccccc2)C(=O)c2ccccc2C(=O)c2ccccc2C(=O)c2ccccc2C(=O)c1ccc(cc1)C(=O)c1ccc(cc1)C(=O)c1ccc(cc1)C(=O,C1=Oc2ccccc2C(=O)N1C(=O)c3c4n(c(=O)c5c(cccc5)c(=O)n3C(=O)c5c(cccc5)C(=O)c4ccccc4)C(=O)c5ccccc51
C1=Oc2c3c(c(c(c(c(c2N1)C(=O)N3C(=O)c4ccc(cc4)C(=O)N3C(=O)c4ccc(cc4)C(=O)N3C(=O)c4ccc(cc4)C(=O)N3C(=O)c4ccc(cc4)C(=,C1=Oc2c3n(c(=O)c(=O)n2C(=O)c2ccccc2)C(=O)c2ccccc2C(=O)C(=O)c2ccccc2C(=O)c2ccccc2C(=O)c2ccccc2C(=O)c1ccc1C(=O)c1ccccc1C(=O,O=C1C(=O)N(C(=O)C(=O)c2c3n(c(=O)c(=O)n2C(=O)c2ccccc2)C(=O)C(=O)c2ccccc2-3)C(=O)c2ccccc21,C1=Oc2ccccc2C(=O)N(C(=O)c3c(cccc3C(=O)c3ccc(cc3)C(=O)C(=O)c3ccc(cc3)C(=O)c3ccc(cc3)C(=O)c3ccc(cc3)C(=O)c3ccc(cc3)C(=O)c3ccc(cc3,C1=Oc2c3c(cc2OC(=O)c1c1ccccc1)Nc1c(ccc(c1OC(=O)C(=O)C(=O)c2ccccc2)c2ccccc2)c1c1ccccc1C(=O)C(=O)Nc1ccc(cc1)C(=O)c1ccccc
C1=Oc2c3n(c(=O)c(=O)n2C(=O)c2ccccc2C(=O)C(=O)c2ccccc2-3)C(=O)c2ccccc21,O=C1C(=O)N(C(=O)C(=O)c2c3n(c(=O)c(=O)n2C(=O)c2ccccc2)C(=O)C(=O)c2ccccc21)C(=O)c2ccccc2C(=O)c1ccccc1,O=C1C(=O)N(C(=O)C(=O)c2c3n(c(=O)c(=O)n2C(=O)c2ccccc2)C(=O)C(=O)c2ccccc2-3)C(=O)c2ccccc21,O=C1C(=O)N(C(=O)C(=O)c2c3n(c(=O)c(=O)n2C(=O)c2ccccc2)C(=O)C(=O)c2ccccc2-3)C(=O)c2ccccc21,C1=Oc2c3c(cc2OC(=O)N(C(=O)C(=O)c2ccccc2)C(=O)c2ccccc2)C(=O)c2ccccc2N(C(=O)C(=O)c2ccccc2)C(=O)c2ccccc2-3)C(=O)c2ccccc21
C1=Oc2c3c(c(=O)n(c(=O)c(=O)n3c2C(=O)c2ccccc2)C(=O)c2ccccc2)C(=O)c2ccccc21)C(=O)c1ccc(cc1)N1C(=O)c2c3c(c(=O)n(c(=O)c(=O)n,C1=Oc2c3c(c(c(c(c2O)C(=O)N(C(=O)c4c5c6c(ccc6c5c4O)C(=O)c7c8c(ccc8c7O)C(=O)c9ccccc9)C(=O)c1c(ccc1C(=O))N3),O=C1C(=O)N(C(=O)C(=O)c2c3n(c(=O)c(=O)n2C(=O)c2ccccc2)C(=O)C(=O)c2ccccc2-3)C(=O)c2ccccc21,C1=Oc2c3c(cc2O1)N(C(=O)c3c(cc2c3c(cc2O1)C(=O)c2ccccc2)C(=O)c2ccccc21)C(=O)c2ccccc21,C1=Oc2ccccc2C(=O)N(C(=O)c3ccc(cc3)C(=O)N1c4ccc(cc4)C(=O)c5ccc(cc5)C(=O)c6ccc(cc6)C(=O)c7ccc(cc7)C(=O)c8ccc(cc8)C(=O)C(=O)c9
O=C1C(=O)N(C(=O)C(=O)c2c3n(c(=O)c(=O)n2C(=O)c2ccccc2)C(=O)C(=O)c2ccccc2-3)C(=O)c2ccccc21,C1=Oc2c3c(cc1OC(=O)c2c3n(c1c(cc(cc1OC(=O)c1ccc(cc1)C(=O)N1C(=O)c2ccccc2)C(=O)c1ccc(cc1)C(=O)N1C(=O)c2ccc(cc2)C(=O)N1C,C1=Oc2c3n(c(=O)c(=O)n2C(=O)c2ccccc2)C(=O)C(=O)c2ccccc2C(=O)c2ccccc2C(=O)c1c3c(ccc3N)C(=O)c1ccc(cc1)C(=O)c1ccc(cc1)C(=O,O=C1C(=O)N(C(=O)C(=O)c2c3n(c(=O)c(=O)n2C(=O)c2ccccc2)C(=O)C(=O)c2ccccc2-3)C(=O)c2ccccc21,C1=Oc2ccccc2C(=O)N1C(=O)c3c4c(ccc4[nH]c3C(=O)c3c(cccc3C(=O))C(=O)c3ccccc3)C(=O)c5ccccc5C(=O)c6ccccc6C(=O)c7ccccc7C(=O
C1=Oc2c3n(c(=O)c(=O)n2C(=O)c2ccccc2)C(=O)c2ccccc2C(=O)N(C(=O)c2ccccc2)C(=O)C(=O)c2ccc(cc2)C(=O)c2ccc(cc2)C(=O)c1ccc(cc1)C,C1=Oc2ccccc2C(=O)N1C(=O)C1=C2c3c(n(C(=O)c2ccc3)C(=O)c2ccccc2)C(=O)C1=C2c3ccccc3C(=O)C1=C2c3ccccc3C(=O)C1=C2c3,C1=Oc2c3c(c(c(c(c3C(=O)N(C(=O)c2c3c(n(c(=O)c(=O)n3c2C(=O)c2ccccc2)C(=O)c2ccccc21)C(=O)c2ccccc21)C(=O)c2ccccc21)C(=O)c2cc,C1=Oc2ccccc2C(=O)N1c1ccc(cc1)C(=O)Oc1ccc(cc1)C(=O)Oc1ccc(cc1)C(=O)Oc1ccc(cc1)C(=O)Oc1ccc(cc1)C(=O)Oc1ccc(cc1)C(=O),C1=Oc2c3c(c(c(c(c2N1)C(=O)C(=O)c2ccccc2)C(=O)c2ccc(cc2)C(=O)c2ccc(cc2)C(=O)c2ccc(cc2)C(=O)c2ccc(cc2)C(=O)c2ccc(cc2)C(=O)c2
C1=Oc2ccccc2C(=O)N(C(=O)c3ccc(cc3)C(=O)c4ccc(cc4)C(=O)c5ccc(cc5)C(=O)c6ccccc6C(=O)c7ccc(cc7)C(=O)c8ccc(cc8)C(=O)c9ccc(cc9)C(=O)c,C1=Oc2c3c(ccc3Oc1=O)Nc1c2c(cc3c2c(ccc3O)Nc1c2c(cc3c2c(ccc3O)c1=O)C(=O)c2ccc(cc2)c1=O)c1ccccc1,O=C1C(=O)N(C(=O)C(=O)c2c3n(c(=O)c(=O)n2C(=O)c2ccccc2)C(=O)C(=O)c2ccccc21-3)C(=O)c2ccccc12,C1=OCC(=O)N(C(=O)C(=O)c2c3n(c(=O)c(=O)n2C(=O)c2ccccc2)C(=O)C(=O)c2ccccc2-3)C(=O)c2ccccc21,C1=Oc2c3c(cc2O)N(C(=O)C(=O)c2ccc(cc2)C(=O)C(=O)c2ccc(cc2)C(=O)c2ccc(cc2)C(=O)c2ccc(cc2)C(=O)c2ccc(cc2)C(=O)c2ccc(cc2)C(=O)c
C1=CC(=O)N(C(=O)C2=CC=CC=C2)C(=O)N3C(=O)C4=CC=CC=C4C(=O)N(C(=O)C5=CC=CC=C5)C(=O)N(C(=O)C1=CC=CC=C1)C(=O)C,C1=CC(=O)N(C(=O)C2=C(C3=C(C4=C(C5=C(C(C=C(C=C5C(=O)N(C(=O)C6=C(C7=C(C(C=C(C=C7C(=O)N(C(=O)C8=C(C9=C(C(C=C(C=C9C(=O)N(C(=O,C1=CC(=O)Nc2ccc(cc2)C(=O)N1C(=O)c3c(ccc3C(=O)Nc4ccc(cc4)C(=O)N3C(=O)c2ccccc2)C(=O)N1C(=O)c1ccc(cc1)C(=O)N1C(=O)c,C1=CC(=O)N(C2=CC(=O)C3=C(C=CC(=C3C2=O)C4=CC=CC=C4)C5=C(C=CC(=C5C2=O)C6=CC=CC=C6)C(=O)N(C(=O)C2=CC=CC=C2)C,O=C1c2c(cc3c(cccc3)C(=O)Nc4ccccc4)nc(c1=O)c2=Oc2ccc(cc2)C(=O)Nc1ccccc1C(=O)c2ccccc2C(=O)c1ccc(cc1)C(=O)Nc2ccccc2C(=O)
C1=Oc2c3c(c(n2C(=O)c2ccccc2)c1c2c(n3c2C(=O)c2ccccc2)C(=O)c2ccccc2)C(=O)c1ccccc1C(=O)c1ccccc12,C1=OCC(=O)N(C(=O)C(=O)c2c3n(c(=O)c(=O)n2C(=O)c2ccccc2)C(=O)C(=O)c2ccccc2-3)C(=O)c2ccccc21,O=C1C(=O)N(C(=O)C(=O)c2c3n(c(=O)c(=O)n2C(=O)c2ccccc2)C(=O)C(=O)c2ccccc2-3)C(=O)c2ccccc21,C1=Oc2ccccc2C(=O)N1C(=O)C(=O)c3c2n(c(=O)c(=O)n2C(=O)c2ccccc2)C(=O)C(=O)c2ccccc2C(=O)C(=O)c3ccccc3C(=O)c2ccccc21,O=C1C(=O)N(C(=O)C(=O)c2c3n(c(=O)c(=O)n2C(=O)c2ccccc2)C(=O)C(=O)c2ccccc2-3)C(=O)c2ccccc21
O=C1C(=O)N(C(=O)C(=O)c2c3n(c(=O)c(=O)n2C(=O)c2ccccc2)C(=O)C(=O)c2ccccc2-3)C(=O)c2ccccc21,O=C1C(=O)N(C(=O)C(=O)c2c3n(c(=O)c(=O)n2C(=O)c2ccccc2)C(=O)C(=O)c2ccccc2-3)C(=O)c2ccccc21,C1=Oc2ccccc2C(=O)N(C(=O)c3ccc(cc3)C(=O)c4ccc(cc4)C(=O)c5ccc(cc5)C(=O)c6ccc(cc6)C(=O)c7ccc(cc7)C(=O)c8ccccc8C(=O)c9ccc(cc9)C(=O)c,O=C1C(=O)N(C(=O)C(=O)c2c3n(c(=O)c(=O)n2C(=O)c2ccccc2)C(=O)C(=O)c2ccccc2-3)C(=O)c2ccccc21,O=C1C(=O)N(C(=O)C(=O)c2c3n(c(=O)c(=O)n2C(=O)c2ccccc2)C(=O)C(=O)c2ccccc2-3)C(=O)c2ccccc21
O=C1C(=O)N(C(=O)C(=O)c2c3n(c(=O)c(=O)n2C(=O)c2ccccc2)C(=O)C(=O)c2ccccc2-3)C(=O)c2ccccc21,O=C1C(=O)N(C(=O)C(=O)c2c3n(c(=O)c(=O)n2C(=O)c2ccccc2)C(=O)C(=O)c2ccccc21-3)C(=O)c2ccccc12,C1=Oc2c3c(c(=O)n(c(=O)c(=O)n3c2c1c2ccccc2)C(=O)c2ccccc21)c(=O)c2ccccc21C(=O)c1ccc(cc1)c2ccc(cc2)C(=O)c1ccc(cc1)C(=O)c1ccc(cc1)C,C1=Oc2ccccc2C(=O)N1c1c2c(cc3c1c(cc3)C(=O)N2C(=O)c3c(cccc3)C(=O)C1=O)C(=O)C1=Oc2ccccc21,C1=Oc2c3c(c(c(c(c(c2C(=O)N(C(=O)c2c3c(c(c(c(c2C(=O)c2ccc(cc2)C(=O))C(=O))c2ccc(cc2)C(=O))c2ccc(cc2)C(=O))C(=O))C(=O))C(=
C1=Oc2c3c(c(n2C(=O)c2ccc(cc2)C(=O)C(=O)c2ccc(cc2)C(=O)C(=O)c2ccc(cc2)C(=O)c2ccc(cc2)C(=O)c2ccc(cc2)C(=O)c2ccc(cc2)C(=O)c2ccc,C1=Oc2c3c(cc1OC(=O)c3c2Nc1c(cc(c(c1)OC(=O)c1ccc(cc1)C(=O))O)c1ccc(cc1)C(=O))C(=O)c1ccc(cc1)C(=O)C(=O)c1ccc(cc1)C(=O)C(=O,C1=Oc2c3n(c(=O)c(=O)n2C(=O)c2ccccc2)C(=O)c2ccccc2c3N(C(=O)C(=O)c2ccccc2)C(=O)c2ccccc21,O=C1C(=O)N(C(=O)C(=O)c2c3n(c(=O)c(=O)n2C(=O)c2ccccc2)C(=O)C(=O)c2ccccc2-3)C(=O)c2ccccc12,O=C1C(=O)N(C(=O)C(=O)c2c3n(c(=O)c(=O)n2C(=O)c2ccccc2)C(=O)C(=O)c2ccccc2-3)C(=O)c2ccccc21
C1=Oc2ccccc2C(=O)N(C(=O)C(=O)c3c4n(c(=O)c(=O)n3C(=O)c3ccccc3C(=O)C(=O)c3ccccc3-4)C(=O)c3ccccc31)C(=O)c3ccccc21,C1=Oc2c3c(ccc2O1)N(C(=O)c3c(ccc3O1)C(=O)c3ccc(cc3)C(=O)N1c2c(ccc2O1)C(=O)c2ccc(cc2)C(=O)N1c2ccc(cc2)C(=O)C1=,C1=Oc2c3c(c(c(c(c3c1OC(=O)N(C(=O)C(=O)c2ccccc2)C(=O)c2ccccc2)C(=O)c2ccccc2-3)C(=O)c2ccccc21)C(=O)N(C(=O)C(=O)c2ccccc2,C1=Oc2c3n(c(=O)c(=O)n2C(=O)c2ccccc2)C(=O)c2ccccc21C(=O)c2ccccc2C(=O)N(C(=O)C(=O)c2ccccc2)c1c3c(=O)n(c(=O)c(=O)n3C(=O)c3,C1=Oc2ccccc2C(=O)N(C(=O)C(=O)c3c4n(c(=O)c(=O)n4C(=O)c3c4cccc4C(=O)C(=O)c4ccccc41)C(=O)c4ccccc41)C(=O)c4ccccc41
C1=Oc2c3n(c(=O)c(=O)n2C(=O)c2ccc(cc2)C(=O)c2ccc(cc2)C(=O)c2ccc(cc2)C(=O)c2ccc(cc2)C(=O)c2ccc(cc2)-3C(=O)N(C(=O)c1ccc(cc1)C(=O,C1=Oc2c3c(c(c(c(c2O)N(C(=O)c4ccc(cc4)C(=O)N(C(=O)c5c6ccccc6c5C(=O)N(C(=O)c7ccccc7)C(=O)c8ccccc8)C(=O)c9ccccc9)C(=O)c1,C1=Oc2c3c(cc2O)N(C(=O)c4ccc(cc4)C(=O)c5ccc(cc5)C(=O)c6ccc(cc6)C(=O)c7ccc(cc7)C(=O)c8ccc(cc8)C(=O)c9ccc(cc9)C(=O)c1c(cc1)C(=O,C1=Oc2ccccc2C(=O)N1C(=O)c3c4n(c(=O)c(=O)n3C(=O)c3c(ccc(c3C(=O))C(=O))C(=O)c3ccc(cc3)C(=O)C(=O)C1)c4ccc(cc4)C(=O)C(=,C1=Oc2c3c(c(cc2=O)C(=O)Nc1c(cc3=O)N1C(=O)c1ccccc1)C(=O)c1ccccc1C(=O)c1ccc(cc1)C(=O)c1ccccc1C(=O)c1ccc(cc1)C(=O)c1ccc(cc
O=C1C(=O)N(C(=O)C(=O)c2c3n(c(=O)c(=O)n2C(=O)c2ccccc2)C(=O)C(=O)c2ccccc2-3)C(=O)c2ccccc21,C1=Oc2c3c(c(c(c(c(c2O)N(C(=O)C(=O)c4c5c6c(ccc6c5C(=O)C(=O)c5c(ccc5c4)C(=O)C(=O)c5c(cccc5)C(=O)C(=O)c5c(cccc5,O=C1C(=O)N(C(=O)C(=O)c2c3n(c(=O)c(=O)n2C(=O)c2ccccc2)C(=O)C(=O)c2ccccc2-3)C(=O)c2ccccc21,C1=Oc2ccccc2C(=O)N1c3c4c(ccc4[nH]c3C(=O)C(=O)c5ccccc5)C(=O)c6ccccc6C(=O)c7ccccc7C(=O)c8ccccc8C(=O)c9ccccc9C(=O)c1c2,O=C1C(=O)N(C(=O)C(=O)c2c3n(c(=O)c(=O)n2C(=O)c2ccccc2)C(=O)C(=O)c2ccccc2-3)C(=O)c2ccccc21
C1=Oc2c3c(cc2O1)C(=O)N(c3c4c(cc(c(c4)O)C(=O)C(=O)c4c(cc(c(c4)O)C(=O)C(=O)c4c(cc(c(c4)O)C(=O)C(=O)c4c(cc(c(c4),O=C1C(=O)N(C(=O)C(=O)c2c3n(c(=O)c(=O)n2C(=O)c2ccccc2)C(=O)C(=O)c2ccccc2-3)C(=O)c2ccccc21,C1=Oc2c3c(cc2O)c1c1ccccc1N3C(=O)C(=O)c2ccccc2C(=O)C(=O)c2ccc(cc2)C(=O)C(=O)c2ccc(cc2)C(=O)c1ccccc1C(=O)c1ccccc1,C1=CC(=O)N(C(=O)C(=O)c2c3n(c(=O)c(=O)n2C(=O)c2ccccc2)C(=O)C(=O)c2ccccc2-3)C(=O)c2ccccc21,C1=Oc2c3n(c(=O)c(=O)n2C(=O)c2ccccc2)C(=O)c2ccccc2C(=O)C(=O)c2ccccc2-c3C(=O)c1ccccc1C(=O)c2ccccc21
C1=Oc2c3c(cc2O)c4c5c(cc3c1OC(=O)N(C(=O)C(=O)c2c(cc(cc2)C(=O)O)C(=O)c2ccccc2)C(=O)C(=O)c2ccccc2-3)C(=O)c2ccccc25)C,O=C1C(=O)N(C(=O)C(=O)c2c3n(c(=O)c(=O)n2C(=O)c2ccccc2)C(=O)C(=O)c2ccccc2-3)C(=O)c2ccccc21,C1=Oc2ccccc2C(=O)N(C(=O)c3ccc(cc3)C(=O)c4ccc(cc4)C(=O)c5ccc(cc5)C(=O)c6ccc(cc6)C(=O)c7ccc(cc7)C(=O)c8ccc(cc8)C(=O)C(=O)c9ccc(cc9,C1=Oc2c3c(cc2O1)C(=O)Nc4ccc(cc4)C(=O)Nc5c6ccccc6c(c5C(=O)Nc7ccc(cc7)C(=O)Nc8ccccc8)c9ccccc9C(=O)Nc10c1ccccc1c(c,C1=Oc2c(cc3c(ccc3c2c1C(=O)Nc4c(cccc4C(=O)Nc5c(cccc5C(=O)Nc6c(cccc6C(=O)Nc7c(cccc7C(=O)Nc8c(cccc8C(=O)Nc9c
C1=Oc2c3c(c(c(c(c(c(c(c(c(c(c2O)c3N(C(=O)c4c5c6c(c(c(c(c(c(c(c(c6c(c5c4O)C(=O))C(=O))C(=O))C(=O))C(=O))C(=O))C(=O))C(=,C1=Oc2c3c(cc2OC(=O)N(c4c5c(ccc5O)c6ccccc6C(=O)c4C(=O)N(C(=O)C(=O)c7ccccc7)c4c5c(ccc5O)c6ccccc6C(=O)c4C(=O)N(C(=O)c,O=C1C(=O)N(C(=O)C(=O)c2c3n(c(=O)c(=O)n2C(=O)c2ccccc2)C(=O)C(=O)c2ccccc2-3)C(=O)c2ccccc21,C1=Oc2c3c(ccc3O1)Nc2c4c(ccc4O)C(=O)N(C(=O)C(=O)c5c6c(ccc6O5)C(=O)C(=O)c6c(cccc6)C(=O)c6ccccc6)C(=O)c5c(cccc,C1=Oc2c3n(c(=O)c(=O)n2C(=O)c2ccccc2)C(=O)c2ccccc2C(=O)c2ccc(cc2)C(=O)C(=O)Nc1c2c(cc3c(c(cc(c3C(=O)C(=O)C(=O)c2c(cc3
C1=Oc2c3c(c(c(c(c1)C(=O)N(C(=O)C(=O)c4c5c6c(ccc6c5C(=O)C(=O)c7c8ccccc8c7C(=O)C(=O)c7c8ccccc8c7)C(=O)C(=O)c,C1=Oc2ccccc2C(=O)N(C(=O)C(=O)c3c4n(c(=O)c5c4n(c(=O)c6c5c(ccc6)C(=O)C(=O)c6ccccc6-5)C(=O)C(=O)c6ccccc6-4)C(=O)c,C1=Oc2c3c(c(=O)n3c2C(=O)c2ccccc2)C(=O)C(=O)c2ccccc2-c1c3n(c(=O)c(=O)n3C(=O)c2ccccc2)C(=O)c2ccccc21,C1=Oc2c3c(cc2O)N(C(=O)c4c(cccc4)C(=O)C(=O)c5c(cccc5)C(=O)N1c1ccc(cc1)C(=O)C(=O)c1ccccc1)C(=O)c3ccc(cc3)C(=O)C(=O)c,C1=Oc2ccccc2C(=O)N1C(=O)c3c4n(c(=O)c5c(cccc5)c(=O)n3C(=O)c5c(cccc5)C(=O)C(=O)c5c(cccc5)C(=O)c1c(cccc1)C(=O)C(=O)c1
O=C1C(=O)N(C(=O)C(=O)c2c3n(c(=O)c(=O)n2C(=O)c2ccccc2)C(=O)C(=O)c2ccccc2-3)C(=O)c2ccccc21,C1=Oc2ccccc2C(=O)N(C(=O)C(=O)c3c2nccc3C(=O)c3ccc(cc3)C(=O)c3ccc(cc3)C(=O)c3ccc(cc3)C(=O)c3ccc(cc3)C(=O)c3ccc(cc3)C(=O)c3ccc(cc,C1=Oc2c3c(cc2=O)N(c1c3c(cc1O)c1ccc(cc1)C(=O)N1c2c(cc(c(c2)C(=O)O)C(=O)O)c2ccc(cc2)C(=O)N2c1cc(cc(c1)C(=O)O)C,O=C1C(=O)N(C(=O)C(=O)c2c3n(c(=O)c(=O)n2C(=O)c2ccccc2)C(=O)C(=O)c2ccccc2-3)C(=O)c2ccccc21,C1=Oc2c3n(c(=O)c(=O)n2C(=O)c2ccccc2)C(=O)C(=O)c2ccccc2C(=O)c2ccccc2C(=O)c3n(c(=O)c(=O)n3C(=O)c2ccccc21)C(=O)c2ccccc21
C1=Oc2c3n(c(=O)c(=O)n2C(=O)c2ccccc2)C(=O)c2ccccc2C(=O)c2ccccc2C(=O)c2ccccc2C(=O)c2ccccc2C(=O)c1ccccc1C(=O)c1ccccc1C(=O)c1cc,C1=Oc2c3c(cc2O1)C(=O)N(C(=O)c4c5c(cc(c4)C(=O)N(C(=O)c6c7c(cc(c6)C(=O)N(C(=O)c8c9c(cc(c8)C(=O)N(C(=O)c10c1ccccc10,C1=Oc2c3c(cc3Oc1N(C(=O)c2c1c(cc1O)c1ccc(cc1)C(=O)c1ccc(cc1)C(=O)c1ccc(cc1)C(=O)c1ccc(cc1)C(=O)c1ccc(cc1)C(=O)c1ccc(cc1)C(=O,C1=Oc2ccccc2C(=O)N1C(=O)C(=O)c3c4n(c(=O)c5c(cccc5)c(=O)n3C(=O)c5ccccc5)C(=O)c5ccccc5C(=O)c4ccccc4C(=O)c5ccccc5C(=O)c1cc,C1=Oc2ccccc2C(=O)N(C(=O)c3ccc(cc3)C(=O)c4ccc(cc4)C(=O)c5ccc(cc5)C(=O)c6ccc(cc6)C(=O)c7ccc(cc7)C(=O)c8ccc(cc8)C(=O)c9ccc(cc9)C(=O
O=C1C(=O)N(C(=O)C(=O)c2c3n(c(=O)c(=O)n2C(=O)c2ccccc2)C(=O)C(=O)c2ccccc2-3)C(=O)c2ccccc21,C1=Oc2c3n(c(=O)c(=O)n2C(=O)c2ccccc2)C(=O)c2ccccc2C(=O)c2ccccc21C(=O)N(C(=O)C(=O)c2ccccc2)c2ccccc23C(=O)c2ccccc21,C1=Oc2c3c(c(n2C(=O)c2ccccc2)C(=O)c2ccc(cc2)C(=O)c2ccc(cc2)C(=O)c2ccc(cc2)C(=O)c2ccc(cc2)C(=O)c2ccc(cc2)C(=O)c2ccc(cc2)C(=O)c2,O=C1C(=O)N(C(=O)C(=O)c2c3n(c(=O)c(=O)n2C(=O)c2ccccc2)C(=O)C(=O)c2ccccc2-3)C(=O)c2ccccc21,C1=Oc2c3c(cc1OC(=O)N(C(=O)C(=O)c2c3n(c(=O)c(=O)n2C(=O)c2ccccc2)C(=O)C(=O)c2ccccc2-3)C(=O)c2ccccc21)C(=O)c2ccccc21
C1=Oc2ccccc2C(=O)N(C(=O)C(=O)c3c4n(c(=O)c(=O)n4C(=O)c4ccccc4)C(=O)C(=O)c4ccccc4-3)C(=O)c4ccccc41,O=C1C(=O)N(C(=O)C(=O)c2c3n(c(=O)c(=O)n2C(=O)c2ccccc2)C(=O)C(=O)c2ccccc2-3)C(=O)c2ccccc21,O=C1C(=O)N(C(=O)C(=O)c2c3n(c(=O)c(=O)n2C(=O)c2ccccc2)C(=O)C(=O)c2ccccc2-3)C(=O)c2ccccc21,C1=Oc2c3n(c(=O)c(=O)n2C(=O)c2ccccc2)C(=O)C(=O)c2ccccc2c3C(=O)c2ccccc21,C1=Oc2c3c(c(c(c(c2O)N(C(=O)c3c4c(cccc4C(=O)C(=O)c4ccccc4)C(=O)c4ccccc4)C(=O)c3c4c(cccc4C(=O)C(=O)c4ccccc4-3)C(=O)c
C1=Oc2ccccc2C(=O)N(c3c4c(cccc4N(C(=O)c5ccccc5)C(=O)c5ccccc5)C(=O)c3C(=O)N(C(=O)c6ccccc6)C(=O)c3c1c(cc1c2)C(=O)N(C(=,C1=Oc2c3n(c(=O)c(=O)n2C(=O)c2ccccc2)C(=O)c2ccccc21,C1=Oc2c3c(c(=O)n(c(=O)n3c(=O)c3c(cccc3)c2C(=O)c2ccccc2)C(=O)c2ccccc21)C(=O)C(=O)c2ccccc2-C(=O)C(=O)N1C(=O)c2ccccc2C(=O,C1=Oc2c3c(c(c(c(c(c2O)N(C(=O)c4c5c6c(ccc6c(c(c(c5c4O)O)O)O)C(=O))c7ccccc7)C(=O)C(=O)c8ccccc8)C(=O)C(=O)c8ccccc,C1=Oc2c3c(cc1N(C(=O)c4c(cccc4)C(=O)C(=O)c4ccc(cc4)C(=O)c4ccc(cc4)C(=O)c4ccc(cc4)C(=O)c4ccc(cc4)C(=O)c4ccc(cc4)C(=O)c4ccc(cc4)
C1=Oc2ccccc2C(=O)N1c3c(cc4c(cccc4N3)C(=O)C(=O)C5=CC=CC=C5)C(=O)C6=CC=CC=C6C(=O)C7=CC=CC=C7C(=O)C8=CC=CC=C8,C1=Oc2ccccc2C(=O)N(C(=O)C(=O)c3c4n(c(=O)c(=O)n4C(=O)c4ccccc4)C(=O)C(=O)c4ccccc4-3)C(=O)c4ccccc41,O=C1C(=O)N(C(=O)C(=O)c2c3n(c(=O)c(=O)n2C(=O)c2ccccc2)C(=O)C(=O)c2ccccc2-3)C(=O)c2ccccc21,C1=Oc2ccccc2C(=O)N(C(=O)C(=O)c3c4c(ccc4[nH]c3C(=O)c3ccc(cc3)C(=O)C(=O)c3ccc(cc3)C(=O)C(=O)c3ccc(cc3)C(=O)C(=O)c3ccc(cc,C1=Oc2ccccc2C(=O)N(C(=O)C(=O)c3c4n(c(=O)c(=O)n4C(=O)c4ccccc4)C(=O)C(=O)c4ccccc4-3)C(=O)c4ccccc41
O=C1C(=O)N(C(=O)C(=O)c2c3n(c(=O)c(=O)n2C(=O)c2ccccc2)C(=O)C(=O)c2ccccc2-3)C(=O)c2ccccc21,C1=Oc2c3c(cc2O)N(c3c1c(cc1O)N1c2c(cc2O)C(=O)c2ccccc2)C(=O)c2ccc(cc2)C(=O)c2ccccc2C(=O)c2ccccc2C(=O)c2ccccc2C(=O)c2cc,C1=Oc2ccccc2C(=O)N1C(=O)c3c4n(c(=O)c(=O)n4C(=O)c4ccccc4)C(=O)C(=O)c4ccccc4C(=O)c4ccccc41C(=O)c4ccccc41,O=C1C(=O)N(C(=O)C(=O)c2c3n(c(=O)c(=O)n2C(=O)c2ccccc2)C(=O)C(=O)c2ccccc2-3)C(=O)c2ccccc21,C1=Oc2c3c(cc2O)c4n(c5c(ccc5C(=O)N1)C(=O)c5c(ccc5)C(=O)N3C(=O)c1ccccc1)C(=O)c1ccccc1C(=O)C(=O)c1ccc(cc1)C(=O)C(=
C1=CC(=O)N(C2=CC(=O)N(C3=CC(=O)N(C4=CC(=O)N(C5=CC(=O)N(C6=CC(=O)N(C7=CC(=O)N(C8=CC(=O)N(C9=CC(=O)N(C1=CC(=O)N,C1=CC(=O)N(C(=O)C2=CC=CC=C2)C3=C(C4=C(C5=C(C6=C(C(=O)C7=C(C(=O)N(C(=O)C8=CC=CC=C8)C(=O)C9=C(C(=O)N(C(=O)C10=C(C(=O,C1=CC(=O)N(C2=CC(=O)N(C3=CC(=O)N(C4=CC(=O)N(C5=CC(=O)N(C6=CC(=O)N(C7=CC(=O)N(C8=CC(=O)N(C9=CC(=O)N(C1=CC(=O)N,C1=CC(=O)N(C(=O)C2=C(C(=O)N(C(=O)C3=C(C(=O)N(C(=O)C4=C2C(=O)N(C(=O)C5=C3C(=O)N(C(=O)C6=C(C(=O)N(C(=O)C7=C4C(=,C1=CC(=O)N(C2=C(C(=O)N3C(=O)C4=C(C(=O)N(C5=C(C(=O)N(C6=C(C(=O)N(C7=C(C(=O)N(C8=C(C(=O)N(C9=C(C(=O)N(C10=C(C(=O)N(C11=C
C1=Oc2ccccc2C(=O)N(C(=O)c3c4c(ccc4c5c1ccc(cc5)c6ccccc6)C(=O)c1ccc(cc1)c1ccc(cc1)c1ccc(cc1)c1ccc(cc1)c1ccc(cc1)c1ccc(cc1)c1ccc(cc1)c1ccc(cc,C1=Oc2ccccc2C(=O)N(C(=O)C(=O)c3c4n(c(=O)c(=O)n4C(=O)c4ccccc4)C(=O)C(=O)c4ccccc4-3)C(=O)c4ccccc41,O=C1C(=O)N(C(=O)C(=O)c2c3n(c(=O)c(=O)n2C(=O)c2ccccc2)C(=O)C(=O)c2ccccc2-3)C(=O)c2ccccc21,O=C1C(=O)N(C(=O)C(=O)c2c3n(c(=O)c(=O)n2C(=O)c2ccccc2)C(=O)C(=O)c2ccccc2-3)C(=O)c2ccccc21,O=C1C(=O)N(C(=O)C(=O)c2c3n(c(=O)c(=O)n2C(=O)c2ccccc2)C(=O)C(=O)c2ccccc2-3)C(=O)c2ccccc21
O=C1C(=O)N(C(=O)C(=O)c2c3n(c(=O)c(=O)n2C(=O)c2ccccc2)C(=O)C(=O)c2ccccc21-3)C(=O)c2ccccc21,O=C1C(=O)N(C(=O)C(=O)c2c3n(c(=O)c(=O)n2C(=O)c2ccccc2)C(=O)C(=O)c2ccccc2-3)C(=O)c2ccccc21,C1=Oc2c3c(cc2O)C(=O)N(C(=O)C(=O)c2ccccc2)C(=O)c2ccc(cc2)C(=O)c2ccc(cc2)C(=O)c2ccc(cc2)C(=O)c2ccc(cc2)C(=O)c2ccc(cc2)C(=O)c,C1=Oc2ccccc2C(=O)N1C(=O)C(=O)c3c4n(c(=O)c(=O)n4C(=O)c4ccccc4)C(=O)C(=O)c4ccccc4-3C(=O)c4ccccc41,C1=Oc2c3n(c(=O)c(=O)n2C(=O)c2ccc(cc2)C(=O)c2ccc(cc2)C(=O)c2ccc(cc2)C(=O)c2ccc(cc2)C(=O)c2ccc(cc2)C(=O)c2ccc(cc2)-3C(=O)c1ccc(cc1
C1=Oc2ccccc2C(=O)N(C(=O)c3c4n(c(=O)c(=O)n3C(=O)c3ccc(cc3)C(=O)c3ccc(cc3)3)c4C(=O)c4ccc(cc4)4)c4ccc(cc4)4C(=O)c4ccc(cc4)1,C1=Oc2ccccc2C(=O)N(C(=O)C(=O)c3c4n(c5c6c(c(c(c7c6c(c(c(c7C(=O)c5c6c(c(c(c7C(=O)c5c6c(c(c(c7C(=O)c5c6c(c(c(c7C(=,O=C1C(=O)N(C(=O)C(=O)c2c3n(c(=O)c(=O)n2C(=O)c2ccccc2)C(=O)C(=O)c2ccccc2-3)C(=O)c2ccccc21,C1=OCC(=O)N(C(=O)C(=O)c2c3n(c(=O)c(=O)n2C(=O)c2ccccc2)C(=O)C(=O)c2ccccc2-3)C(=O)c2ccccc21,O=C1C(=O)N(C(=O)C(=O)c2c3n(c(=O)c(=O)n2C(=O)c2ccccc2)C(=O)C(=O)c2ccccc2-3)C(=O)c2ccccc21
C1=Oc2c3c(cc2O)N(C(=O)c3c(cc3c2c2ccccc2O)c3c(cc(cc3O)C(=O)N(C(=O)c3c(cc(cc3O)C(=O)N(C(=O)c3c(cc(cc3O)C(=O)N(C(=O)c3,O=C1C(=O)N(C(=O)C(=O)c2c3n(c(=O)c(=O)n2C(=O)c2ccccc2)C(=O)C(=O)c2ccccc21)C(=O)c2ccccc12,O=C1C(=O)N(C(=O)C(=O)c2c3n(c(=O)c(=O)n2C(=O)c2ccccc2)C(=O)C(=O)c2ccccc2-3)C(=O)c2ccccc21,C1=Oc2ccccc2C(=O)N1C(=O)C(=O)c3c2n(c(=O)c(=O)n2C(=O)c2ccccc2)C(=O)C(=O)c2ccccc2-c3C(=O)c2ccccc21,C1=Oc2c3n(c(=O)c(=O)n2C(=O)c2ccccc2)C(=O)c2ccccc2C(=O)c2ccccc2C(=O)c1ccc(cc1)c3c1ccccc1c2c1ccccc1c2C(=O)N(C(=O)C(=O)c2
C1=Oc2ccccc2C(=O)N(C(=O)C(=O)c3c4n(c(=O)c(=O)n4C(=O)c4ccccc4)C(=O)C(=O)c4ccccc4-4)c3C(=O)c4ccccc41,C1=Oc2ccccc2C(=O)N(C(=O)c3c(cccc3N1C(=O)c3ccc(cc3)C(=O)c3ccc(cc3)C(=O)c3ccc(cc3)C(=O)c3ccc(cc3)C(=O)c3ccc(cc3)C(=O)c3ccc(cc3)C,C1=Oc2c3c(cc2=O)N(c3c4c(cc(c(c4=O)C(=O)C(=O)c5c6ccccc6cc5)C(=O)C(=O)c5c(cc(cc5)C(=O)C(=O)c5c(cc(cc5)C(=O)C(=O)c,C1=Oc2ccccc2C(=O)N(C(=O)C(=O)c3c4n(c(=O)c(=O)n4C(=O)c4ccccc4)C(=O)C(=O)c4ccccc41)C(=O)c4ccccc41,C1=Oc2c3c(c(n2C(=O)c2ccccc2)C(=O)c2ccccc2-n3C(=O)c2ccccc2)C(=O)c2ccccc2C(=O)c1c3c(c(n3C(=O)c3c(cccc3)C(=O)c3ccccc3)C(=
C1=Oc2c3n(c(=O)c(=O)n2C(=O)c2ccccc2)C(=O)c2ccccc2C(=O)c2ccccc2C(=O)c1c3c(ccc3C(=O)c1c(ccc1C(=O))C(=O)c1ccccc1)C(=O)c2,O=C1C(=O)N(C(=O)C(=O)c2c3n(c(=O)c(=O)n2C(=O)c2ccccc2)C(=O)C(=O)c2ccccc2-3)C(=O)c2ccccc21,C1=Oc2c3c(cc2O1)N(C(=O)c4ccc(cc4)C(=O)C(=O)c4ccc(cc4)C(=O)c4ccc(cc4)C(=O)c4ccc(cc4)C(=O)c4ccc(cc4)C(=O)c4ccc(cc4)C(=O)c4ccc(cc,O=C1C(=O)N(C(=O)C(=O)c2c3n(c(=O)c(=O)n2C(=O)c2ccccc2)C(=O)C(=O)c2ccccc21)C(=O)c2ccccc12,O=C1C(=O)N(C(=O)C(=O)c2c3n(c(=O)c(=O)n2C(=O)c2ccccc2)C(=O)C(=O)c2ccccc2-3)C(=O)c2ccccc21
O=C1C(=O)n2c(c(C(=O)C(=O)N3C(=O)Cc4ccccc4C3=O)n(C(=O)c3ccccc3)c(=O)c2=O)-c2ccccc21,O=C1C(=O)n2c(c(C(=O)C(=O)N3C(=O)Cc4ccccc4C3=O)n(C(=O)c3ccccc3)c(=O)c2=O)-c2ccccc21,C1=COc2c3c(c(c(c(c(c1O)O)O)Nc4ccccc4)Nc5c(cccc5)C(=O)C(=O)Nc6ccccc6)C(=O)C(=O)Nc7ccccc7)c8ccccc8C(=O)C(=O)c3cc,O=C1C(=O)n2c(c(C(=O)C(=O)N3C(=O)Cc4ccccc4C3=O)n(C(=O)c3ccccc3)c(=O)c2=O)-c2ccccc21,C1=Oc2ccccc2Oc3c4c(ccc4Oc5c(cccc5C(=O)N6C(=O)C(=O)N(C(=O)c6ccccc6)C(=O)c7ccccc7)C(=O)N(C(=O)c3ccccc3)C(=O)c5ccccc5
C1=Oc2ccccc2C(=O)N(C(=O)C(=O)c3c2n(c(=O)c(=O)n3C(=O)c3cccc3)C(=O)C(=O)c3ccc(cc3)C(=O)c3ccc(cc3)3)C(=O)c3ccc(cc3)1,O=C1C(=O)N(C(=O)C(=O)c2c3n(c(=O)c(=O)n2C(=O)c2ccccc2)C(=O)C(=O)c2ccccc2-3)C(=O)c2ccccc21,C1=OCC(=O)N(C(=O)C(=O)c2c3n(c(=O)c(=O)n2C(=O)c2ccccc2)C(=O)C(=O)c2ccccc2-3)C(=O)c2ccccc21,O=C1C(=O)N(C(=O)C(=O)c2c3n(c(=O)c(=O)n2C(=O)c2ccccc2)C(=O)C(=O)c2ccccc2-3)C(=O)c2ccccc21,O=C1C(=O)N(C(=O)C(=O)c2c3n(c(=O)c(=O)n2C(=O)c2ccccc2)C(=O)C(=O)c2ccccc21-3)C(=O)c2ccccc12
C1=Oc2c3c(ccc3O1)C(=O)N(C(=O)c2ccc(cc2)C(=O)C(=O)c2ccc(cc2)C(=O)c2ccc(cc2)C(=O)c2ccc(cc2)C(=O)c2ccc(cc2)C(=O)c2ccc(cc2)C(=,O=C1C(=O)N(C(=O)C(=O)c2c3n(c(=O)c(=O)n2C(=O)c2ccccc2)C(=O)C(=O)c2ccccc2-3)C(=O)c2ccccc21,C1=OCC(=O)N(C(=O)C(=O)c2c3n(c(=O)c(=O)n2C(=O)c2ccccc2)C(=O)C(=O)c2ccccc2-3)C(=O)c2ccccc21,C1=Oc2c3c(cc2O)c4c(c3C(=O)N(C(=O)c5c6ccccc6c5C(=O)N(C(=O)c7c8ccccc8c7C(=O)c7ccccc7)C(=O))C(=O)c5c(cccc5)C(=O))C(=,C1=Oc2c3c(cc1O)c(c3c4c1c(cc(c1C(=O)N(C(=O)C(=O)c2c3n(c(=O)c(=O)n2C(=O)c2ccccc2)C(=O)C(=O)c2ccccc2-3)C(=O)c2ccccc21
C1=Oc2ccccc2C(=O)N(C(=O)C(=O)c3c4n(c(=O)c(=O)n3C(=O)c3ccccc3C(=O)C(=O)c3ccccc3-4)C(=O)c3ccccc34)C(=O)c3ccccc31,C1=Oc2ccccc2C(=O)N1C(=O)C(=O)c2c3n(c(=O)c(=O)n2C(=O)c2ccccc2)C(=O)C(=O)c2ccccc2C3=C1c1ccccc1C(=O)C(=O)c2ccccc21,O=C1C(=O)N(C(=O)C(=O)c2c3n(c(=O)c(=O)n2C(=O)c2ccccc2)C(=O)C(=O)c2ccccc2-3)C(=O)c2ccccc21,O=C1C(=O)N(C(=O)C(=O)c2c3n(c(=O)c(=O)n2C(=O)c2ccccc2)C(=O)C(=O)c2ccccc21)C(=O)c2ccccc12,C1=Oc2c3c(ccc3O1)C(=O)N(C(=O)C(=O)c2c3n(c(=O)c(=O)n2C(=O)c2ccccc2)C(=O)C(=O)c2ccccc21)c1ccc(cc1)C(=O)c1ccc(cc1)C(=O)c
C1=Oc2ccccc2C(=O)N(C(=O)C(=O)c3c4n(c(=O)c(=O)n4C(=O)c4ccccc4)C(=O)C(=O)c4ccccc4-3)C(=O)c4ccccc41,C1=C(C(=O)N(C(=O)C(=O)c2c3c(ccc2)c3n(c(=O)c(=O)n2C(=O)c2ccc(cc2)C(=O)C(=O)c2ccccc2-3)C(=O)c2ccccc21)C(=O)c2ccccc21)C(=O)c,C1=Oc2ccccc2C(=O)N1c1c2ccccc2N1C(=O)c1ccc(cc1)C(=O)C1=CC=CC=C1C(=O)C1=CC=CC=C1C(=O)C1=CC=CC=C1C(=O)C1=CC=CC=C,O=C1C(=O)N(C(=O)C(=O)c2c3n(c(=O)c(=O)n2C(=O)c2ccccc2)C(=O)C(=O)c2ccccc2-3)C(=O)c2ccccc21,O=C1C(=O)N(C(=O)C(=O)c2c3n(c(=O)c(=O)n2C(=O)c2ccccc2)C(=O)C(=O)c2ccccc2-3)C(=O)c2ccccc21
C1=COc2ccccc2N(C(=O)c3c(c4ccccc4n(c5c(cccc5O)C(=O)c6ccccc6)n3C(=O)c7ccccc7)C(=O)c8ccccc8)C(=O)c9ccccc9)C(=O)c10ccccc10C(=O)C,C1=Oc2ccccc2C(=O)N(C(=O)C(=O)c3c4n(c(=O)c5c(cccc5)c(=O)n3C(=O)c5ccccc5)C(=O)C(=O)c5ccccc51)C(=O)c5ccccc51C(=O)c6ccccc61,O=C1C(=O)N(C(=O)C(=O)c2c3n(c(=O)c(=O)n2C(=O)c2ccccc2)C(=O)C(=O)c2ccccc21-3)C(=O)c2ccccc12,C1=Oc2c3c(c(=O)n(c(=O)n3c(=O)c3c(ccc3C(=O)C(=O)c3ccc(cc3)C(=O))C(=O)c3ccc(cc3)C(=O))C(=O)c3ccc(cc3)C(=O)C(=O)c1c3ccc(cc3,O=C1C(=O)N(C(=O)C(=O)c2c3n(c(=O)c(=O)n2C(=O)c2ccccc2)C(=O)C(=O)c2ccccc2-3)C(=O)c2ccccc21
C1=CC(=O)N(C2=C(C(=O)C(=O)N3C(=O)C4=C5C=CC=CC5=C4N(C(=O)C6=CC=CC=C6)C(=O)N3C(=O)C2=O)C(=O)C1=O)C(=O)C,C1=CC(=O)N2C(=O)C(=O)C3=C(C4=CC=CC=C4C2=O)N(C(=O)C(=O)N3C(=O)C2=CC=CC=C2)C(=O)C(=O)C1=CC=CC=C1,C1=CC(=O)N(C(=O)C2=CC=CC=C2)C3=CC(=O)N(C(=O)C4=CC=CC=C4)C5=C6C(=O)C(=O)N(C(=O)C7=CC=CC=C7)C(=O)C8=CC=CC=C8,O=c1-c(=O)-n2c(=O)c(=O)c3c(c4ccccc4c2=O)n(c(=O)c(=O)n3C(=O)c2ccccc2)-c(=O)-c(=O)-c2ccccc2-1,C1=CC(=O)N(C2=CC(=O)N(C3=CC(=O)N(C4=CC(=O)N(C5=CC(=O)N(C6=CC(=O)N(C7=CC(=O)N(C8=CC(=O)N(C9=CC(=O)N(C10=CC(=O)N
O=C1C(=O)n2c(c(C(=O)C(=O)n3c(=O)ccc4ccccc4c3=O)n(C(=O)c3ccccc3)c(=O)c2=O)-c2ccccc21,O=C1C(=O)n2c(c(C(=O)C(=O)n3c(=O)ccc4ccccc4c3=O)n(C(=O)c3ccccc3)c(=O)c2=O)-c2ccccc21,C1=CC(=O)N(C(=O)C2=C(C(=O)N(C(=O)C3=C(C(=O)N(C(=O)C4=C5C=CC(=C6)C7=C(C(=O)N(C(=O)C8=C(C(=O)N(C(=O)C9=C(C(=O)N(C,C1=Oc2c3c(c1)c(=O)n(c1c(cccc1)c1ccc(cc1)c1ccc(cc1)c1ccc(cc1)c1ccc(cc1)c1ccc(cc1)c1ccc(cc1)c1ccc(cc1)c1ccc(cc1)C(=O)c1ccc(cc1)c1ccc(cc1)c1ccc(cc1,O=C1C(=O)n2c(c(C(=O)C(=O)n3c(=O)ccc4ccccc4c3=O)n(C(=O)c3ccccc3)c(=O)c2=O)-c2ccccc21
C1=OCC(=O)N(C(=O)C(=O)c2c3n(c(=O)c(=O)n2C(=O)c2ccccc2)C(=O)C(=O)c2ccccc2-3)C(=O)c2ccccc21,C1=Oc2ccccc2C(=O)N(C(=O)C(=O)c3c4n(c(=O)c(=O)n4C(=O)c4ccccc4)C(=O)C(=O)c4ccccc4-4)C(=O)c4ccccc41,O=C1C(=O)N(C(=O)C(=O)c2c3n(c(=O)c(=O)n2C(=O)c2ccccc2)C(=O)C(=O)c2ccccc2-3)C(=O)c2ccccc21,O=C1C(=O)N(C(=O)C(=O)c2c3n(c(=O)c(=O)n2C(=O)c2ccccc2)C(=O)C(=O)c2ccccc2-3)C(=O)c2ccccc21,O=C1C(=O)N(C(=O)C(=O)c2c3n(c(=O)c(=O)n2C(=O)c2ccccc2)C(=O)C(=O)c2ccccc21-3)C(=O)c2ccccc21
C1=Oc2c3n(c(=O)c(=O)n2C(=O)c2ccccc2)C(=O)c2ccccc2C(=O)N(C(=O)C(=O)c2ccccc2)c3c1c(cc3)c2ccccc2,C1=Oc2c3c(ccc2Oc1=O)N(c3c(ccc3O)c1c(ccc1O)c1c(ccc1O)C(=O)N1c2ccc(cc2)C(=O)N1c2ccc(cc2)C(=O)N1c2ccc(cc2)C(=O,C1=Oc2c3c(ccc3Oc4c(ccc4O)c5c(cccc5N(C(=O)C(=O)c6ccccc6)C(=O))c2=O)C(=O)C(=O)c2ccccc2-3)c2ccccc21,C1C(=O)N(C(=O)C(=O)c2c3n(c(=O)c(=O)n2C(=O)c2ccccc2)C(=O)C(=O)c2ccccc21)C(=O)c2ccccc21,C1=Oc2c3c(c(c(c(c(c1O)c2=O)N(C(=O)c3c4c(ccc4C(=O)C(=O)c3c(ccc3)C(=O)C(=O)c3c(ccc3)C(=O)c3c(ccc3)C(=O)c3c(ccc3
C1=CC(=O)N(C1=O)C1=CC=CC=C1C1=CC=CC=C1C1=CC=CC=C1C1=CC=CC=C1C1=CC=CC=C1C1=CC=CC=C1C1=CC=CC=C1C1=CC=CC=C1C1=,CC(=O)n1c(=O)ccc(=O)c(=O)c2c(=O)c(=O)n3c(=O)c4c5ccccc5c4n(C(=O)c4ccccc4)c(=O)n3c(=O)c(=O)c(=O)c1,C1=CC(=O)N(C(=O)C2=CC=CC=C2)C3=CC(=O)N(C(=O)C4=CC=CC=C4)C5=C6C=CC(=O)N(C(=O)C7=C8C=CC(=O)N(C(=O)C9=CC=CC=C9,CC(=O)n1c(=O)ccc(=O)c(=O)c2c(=O)c(=O)n3c(=O)c4c5ccccc5c4n(C(=O)c4ccccc4)c(=O)n3c(=O)c(=O)c21,CC(=O)n1c(=O)ccc(=O)c(=O)c2c(=O)c(=O)n3c(=O)c4c5ccccc5c4n(C(=O)c4ccccc4)c(=O)n3c(=O)c(=O)c21
C1=Oc2c3n(c(=O)c(=O)n2C(=O)c2ccccc2)C(=O)C(=O)c2ccccc2C(=O)c2ccccc23C(=O)c2ccccc21,C1=Oc2c3n(c(=O)c(=O)n2C(=O)c2ccccc2C(=O)C(=O)c2ccccc2-3)C(=O)c2ccccc21,O=C1C(=O)N(C(=O)C(=O)c2c3n(c(=O)c(=O)n2C(=O)c2ccccc2)C(=O)C(=O)c2ccccc2-3)C(=O)c2ccccc21,C1=Oc2c3n(c(=O)c(=O)n2C(=O)c2ccccc2)C(=O)c2ccccc2C(=O)c2ccccc2C(=O)c2ccccc2C(=O)c1ccc1C(=O)c2ccccc2C(=O)c2ccccc2C(=O)c1ccc1,C1=OCC(=O)N(C(=O)C(=O)c2c3n(c(=O)c(=O)n2C(=O)c2ccccc2)C(=O)C(=O)c2ccccc2-3)C(=O)c2ccccc21
C1=OCC(=O)N(C(=O)C(=O)c2c3n(c(=O)c(=O)n2C(=O)c2ccccc2)C(=O)C(=O)c2ccccc2-3)C(=O)c2ccccc21,C1=Oc2ccccc2C(=O)N(C(=O)C(=O)c3c4n(c(=O)c(=O)n4C(=O)c3c4cccc4C(=O)c3ccccc3-4)C(=O)c5ccccc5)C(=O)c6ccccc6C(=O)c7ccccc7C,O=C1C(=O)N(C(=O)C(=O)c2c3n(c(=O)c(=O)n2C(=O)c2ccccc2)C(=O)C(=O)c2ccccc2-3)C(=O)c2ccccc21,O=C1C(=O)N(C(=O)C(=O)c2c3n(c(=O)c(=O)n2C(=O)c2ccccc2)C(=O)C(=O)c2ccccc2-3)C(=O)c2ccccc21,C1=Oc2c3n(C(=O)c(=O)n2C(=O)c2ccccc2)C(=O)c2ccccc2C(=O)c1c3ccc(cc3)c2ccccc21
C1=Oc2c3c(ccc3O1)N(C(=O)c4ccc(cc4)C(=O)C(=O)C5c6ccccc6C(=O)C(=O)c5C(=O)c5c(ccc5O)C(=O)c5ccc(cc5)C(=O)C(=O)C5c,C1=Oc2ccccc2C(=O)N1C(=O)C(=O)c3c2nccc2(c3=O)C(=O)c2ccc(cc2)C(=O)c2ccc(cc2)C(=O)c2ccc(cc2)C(=O)c2ccc(cc2)C(=O)c2ccc(cc2)C,C1=Oc2c3c(ccc3O1)Nc4ccc(cc4)C(=O)c5ccc(cc5)C(=O)c6ccc(cc6)C(=O)c7ccc(cc7)C(=O)c8ccc(cc8)C(=O)c9ccc(cc9)C(=O)c1c(cc(c1)C(=O,C1=Oc2c3c(c(c(c(c2C(=O)N(C(=O)c3c1c(ccc3)C(=O)c3c(cccc3)C(=O))c3ccc(cc3)C(=O))C(=O)c3ccc(cc3)C(=O))C(=O)c3ccc(cc3)C(=O,C1=CC(=O)N(C(C(C2=CC(=O)C3=C(C(=O)C4=C(C(=O)C5=C(C(=O)C6=C(C(=O)C7=C(C(=O)C8=C(C(=O)C9=C(C(=O)C1=C(C(=O)C2=C(C(=O)
CC(=O)n1c(=O)ccc(=O)c(=O)c2c(=O)c(=O)n3c(=O)c4c5ccccc5c4n(C(=O)c4ccccc4)c(=O)n3c(=O)c(=O)c(=O)c2c1,CC(=O)n1c(=O)ccc(=O)c(=O)c2c(=O)c(=O)n3c(=O)c4c5ccccc5c4n(C(=O)c4ccccc4)c(=O)n3c(=O)c(=O)c2=C1,CC(=O)n1c(=O)ccc(=O)c(=O)c2c(=O)c(=O)n3c(=O)c4c5ccccc5c4n(C(=O)c4ccccc4)c(=O)n3c(=O)c(=O)c21,CC(=O)n1c(=O)ccc(=O)c(=O)c2c(=O)c(=O)n3c(=O)c4c5ccccc5c4n(C(=O)c4ccccc4)c(=O)n3c(=O)c(=O)c21,C1=CC(=O)N(C(C(=O)C2=CC=CC=C2)C3=C(C=CC(=O)N4C=CC(=O)C5=C(C=CC(=O)N6C=CC(=O)C7=C(C=CC(=O)N8C=CC(=O)C9=C1C=CC
CC(=O)n1c(=O)ccc1c1c2ccccc2c1n(C(=O)c1ccccc1)c(=O)n1c(=O)c2ccccc2c1n(C(=O)c1ccccc1)c(=O)c1c2ccccc2c1,CC(=O)n1c(=O)ccc(=O)c(=O)c2c(=O)c(=O)n3c(=O)c4c5ccccc5c4n(C(=O)c4ccccc4)c(=O)n3c(=O)c(=O)c21,CC(=O)n1c(=O)ccc(=O)c(=O)c2c(=O)c(=O)n3c(=O)c4c5ccccc5c4n(C(=O)c4ccccc4)c(=O)n3c(=O)c(=O)c21,C1=CC(=O)N(C(=O)c2ccc(cc2)C(=O)N1)c3ccc(cc3)C(=O)N1C(=O)c2ccc(cc2)C(=O)N(C(=O)c2ccc(cc2)C(=O)N1)c3ccc(cc3)C(=O)N1C(=O)c,C1=CC(=O)N(C(=O)C2=CC=CC=C2)C3=CC(=O)N(C(=O)C4=CC=CC=C4)C5=CC=CC=C5C1(C(=O)N(C(=O)C6=CC=CC=C6)C7=CC=CC=C7)C
CC(=O)n1c(=O)ccc(=O)c(=O)c2c(=O)c(=O)n3c(=O)c4c5ccccc5c4n(C(=O)c4ccccc4)c(=O)n3c(=O)c(=O)c2c1,CC(=O)n1c(=O)ccc1c(=O)c2c(=O)c(=O)n3c(=O)c4c5ccccc5c4n(C(=O)c4ccccc4)c(=O)n3c(=O)c(=O)c21,C1=CC(=O)N(C(C(=O)C2=CC=CC=C2)C3=CC(=O)N(C4=C5C=CC(=O)N(C6=C7C=CC(=O)N(C8=C9C=CC(=O)N(C10=C11C=CC(=O)N(C12=C1C=,CC(=O)n1c(=O)ccc(=O)c(=O)c2c(=O)c(=O)n3c(=O)c4c5ccccc5c4n(C(=O)c4ccccc4)c(=O)n3c(=O)c(=O)c21,CC(=O)n1c(=O)ccc(=O)c(=O)c2c(=O)c(=O)n3c(=O)c4c5ccccc5c4n(C(=O)c4ccccc4)c(=O)n3c(=O)c(=O)c21
C1=CC(=O)N(C(=O)C(=O)c2c3n(c(=O)c(=O)n2C(=O)c2ccccc2)C(=O)C(=O)c2ccccc2-3)C(=O)c2ccccc21,C1=OCC(=O)N(C(=O)C(=O)c2c3n(c(=O)c(=O)n2C(=O)c2ccccc2)C(=O)C(=O)c2ccccc21-3)C(=O)c2ccccc21,O=C1C(=O)N(C(=O)C(=O)c2c3n(c(=O)c(=O)n2C(=O)c2ccccc2)C(=O)C(=O)c2ccccc2-3)C(=O)c2ccccc1C(=O)c2ccccc21,O=C1C(=O)N(C(=O)C(=O)c2c3n(c(=O)c(=O)n2C(=O)c2ccccc2)C(=O)C(=O)c2ccccc2-3)C(=O)c2ccccc21,C1=Oc2c3c(cc1OC(=O)N(C(=O)c4c(cccc4)C(=O)c4ccccc4)C(=O)c5c(cccc5)C(=O)c5ccccc5)C(=O)c6ccccc6N(C(=O)c7c(cccc7)C(=O)c7ccccc
O=C1C(=O)N(C(=O)C(=O)c2c3n(c(=O)c(=O)n2C(=O)c2ccccc2)C(=O)C(=O)c2ccccc2-3)C(=O)c2ccccc21,O=C1C(=O)N(C(=O)C(=O)c2c3n(c(=O)c(=O)n2C(=O)c2ccccc2)C(=O)C(=O)c2ccccc2-3)C(=O)c2ccccc21,C1=Oc2c3c(cc2O)N(C(=O)c3c(cc2c3c(cc2c3c(cc2c3c(cc2c3c(cc2c3c(cc2c3c(cc2c3c(cc2c3c(cc2c3c(cc2c3c(cc2c3c(cc2c3c,O=C1C(=O)N(C(=O)C(=O)c2c3n(c(=O)c(=O)n2C(=O)c2ccccc2)C(=O)C(=O)c2ccccc2-3)C(=O)c2ccccc21,C1=Oc2c3c(c(c(n3)C(=O)N(C(=O)c4c5c6c(ccc6C(=O)C(=O)c5c4)C(=O)C(=O)c5c(ccc5)C(=O))C(=O)c5c(ccc5)C(=O))C(=O)c
C1=CC(=O)N(C1)c2ccc(cc2)C(=O)N3c4ccc(cc4)C(=O)N3c5ccc(cc5)C(=O)N6c7ccc(cc7)C(=O)N6c8ccc(cc8)C(=O)N6c9cc(cc(c9)C(=O,C1=OCC(=O)N(C(=O)C(=O)c2c3n(c(=O)c(=O)n2C(=O)c2ccccc2)C(=O)C(=O)c2ccccc2-3)C(=O)c2ccccc21,O=C1C(=O)N(C(=O)C(=O)c2c3n(c(=O)c(=O)n2C(=O)c2ccccc2)C(=O)C(=O)c2ccccc2-3)C(=O)c2ccccc21,O=C1C(=O)N(C(=O)C(=O)c2c3n(c(=O)c(=O)n2C(=O)c2ccccc2)C(=O)C(=O)c2ccccc2-3)C(=O)c2ccccc21,C1=Oc2ccccc2C(=O)N(C(=O)C(=O)c3c4c(cccc4n3C(=O)c3c(cccc3)C(=O)C(=O)c3c(cccc3)C(=O)C(=O)c3c(cccc3)C(=O)c3c(cccc3-4
O=C1C(=O)N(C(=O)C(=O)c2c3n(c(=O)c(=O)n2C(=O)c2ccccc2)C(=O)C(=O)c2ccccc2-3)C(=O)c2ccccc21,O=C1C(=O)N(C(=O)C(=O)c2c3n(c(=O)c(=O)n2C(=O)c2ccccc2)C(=O)C(=O)c2ccccc2-3)C(=O)c2ccccc21,C1=Oc2c3n(c(=O)c(=O)n2C(=O)c2ccc(cc2)C(=O)c2ccc(cc2)-3)C(=O)c2ccc(cc2)C(=O)c2ccc(cc2)C(=O)c2ccc(cc2)C(=O)c1c3c(cc(cc3)C(=O),C1=Oc2c3c(c(c(c(c2O1)N(C(=O)C(=O)c2ccccc2)C(=O)C(=O)c2ccccc2)C(=O)C(=O)c2ccccc2)C(=O)C(=O)c2ccccc2-3)C(=O)c2ccccc21,C1=OCC(=O)N(C(=O)C(=O)c2c3n(c(=O)c(=O)n2C(=O)c2ccccc2)C(=O)C(=O)c2ccccc2-3)C(=O)c2ccccc21
C1=Oc2c3c(c(c(c(c(c2N1C(=O)c4ccc(cc4)C(=O)C(=O)c5ccccc5)C(=O)c6ccccc6)C(=O)c7ccc(cc7)C(=O)c8ccccc8)C(=O)c9ccccc9)C(=O)c10,C1=Oc2c3c(c(n(c(=O)c(=O)n2C(=O)c2ccccc2)C(=O)c2ccccc2)C(=O)c3c2ccccc2)C(=O)C(=O)c2ccccc21,C1=OCC(=O)N(C(=O)C(=O)C2=C1c3c(N(C(=O)C(=O)c4c3c(cc4)c4ccccc4)C(=O)C(=O)c4ccccc4)N2C(=O)c4ccccc42)C(=O)c4ccccc41,C1=Oc2c3n(c(=O)c(=O)n2C(=O)c2ccc(cc2)C(=O)c2ccc(cc2)C(=O)c2ccc(cc2)C(=O)c2ccc(cc2)C(=O)c2ccc(cc2)C(=O)c2ccc(cc2)C(=O)c2ccc(cc2),C1=Oc2ccccc2C(=O)N(C(=O)c3ccc(cc3)c4ccc(cc4)C(=O)c3ccc(cc3)C(=O)c3ccccc3)C(=O)c3ccc(cc3)C(=O)c3ccc(cc3)C(=O)c1c3ccccc13
C1=Oc2ccccc2C(=O)N(C(=O)C(=O)c3c4n(c(=O)c5c4n(c(=O)c5C(=O)c5ccccc5)C(=O)C(=O)c5ccccc5-4)C(=O)c5ccccc54)c(=O)c5ccccc51=C,O=C1C(=O)N(C(=O)C(=O)c2c3n(c(=O)c(=O)n2C(=O)c2ccccc2)C(=O)C(=O)c2ccccc2-3)C(=O)c2ccccc21,O=C1C(=O)N(C(=O)C(=O)c2c3n(c(=O)c(=O)n2C(=O)c2ccccc2)C(=O)C(=O)c2ccccc21)C(=O)c2ccccc21,C1=CC(=O)N(C(=O)C(=O)c2c3n(c(=O)c(=O)n2C(=O)c2ccccc2)C(=O)C(=O)c2ccccc2-3)C(=O)c2ccccc21,C1=Oc2c3c(c(c(c(c(c(c(c(c(c(c(c(c(c(c(c(c(c(c(c(c(c(c(c(c(c(c(c(c(c(c(c(c(c(c(c(c(c(c(c(c(c(c(c(c(c(c(c(c(c(c(c(c(c(c(c(c(c(c(c(c(c(c(c(c(c(c(c(c(c(c(c
C1=Oc2ccccc2c1n1c(=O)c2ccccc2c(=O)n2c(=O)c3ccccc3c(=O)n2c(=O)c2ccccc2c1=O,C1=Oc2ccccc2c1N1c2ccccc2C(=O)N2c3ccccc3C(=O)N2c3ccccc3C(=O)N2C(=O)c3ccccc3C(=O)N2C(=O)c3ccccc3C(=O)N2C(=O)c3cc,C1=CC(=O)C2=C(C3=CC=CC=C3)C4=C(C5=C(C6=C(C(=O)C7=C(C(=O)C8=C(C(=O)C9=C(C(=O)C(=O)N(C(C(C(C(C(C(C(C(C(C(C(C(C(C(C(C(C(C(C(C(C(C,C1=CC(=O)N(C2=CC(=O)C3=CC(=O)C4=CC(=O)C5=CC(=O)C6=C1C(=O)N(C7=CC(=O)C8=CC(=O)C9=CC(=O)C10=C7C(=O)N(C11=CC(=,C1=Oc2c3c(ccc3c1)c4c(cccc4N)c5c(cccc5O)c6c(cccc6O)c7c(cccc7O)c1c(=O)c1ccccc1(=O)C(=O)c2ccccc2c1c(=O)c1ccccc1(=O)C(=O)c
C1=Oc2c3c(cc1OC(=O)N(C(=O)c4ccc(cc4)C(=O)c4ccc(cc4)C(=O)c4ccc(cc4)C(=O)c4ccc(cc4)C(=O)c4ccc(cc4)C(=O)c4ccc(cc4)C(=O)c4ccc(cc4)C,O=C1C(=O)N(C(=O)C(=O)c2c3n(c(=O)c(=O)n2C(=O)c2ccccc2)C(=O)C(=O)c2ccccc2-3)C(=O)c2ccccc21,C1=Oc2ccccc2C(=O)N(C(=O)c3ccc(cc3)C(=O)C(=O)c3ccc(cc3)C(=O)C(=O)c3ccc(cc3)C(=O)c3ccc(cc3)C(=O)c3ccc(cc3)C(=O)c3ccc(cc3)C(=O)c,C1=Oc2ccccc2C(=O)N(C(=O)C(=O)c3c4n(c(=O)c(=O)n4C(=O)c4ccccc4)C(=O)C(=O)c4ccccc4-3)C(=O)c4ccccc41,O=C1C(=O)N(C(=O)C(=O)c2c3n(c(=O)c(=O)n2C(=O)c2ccccc2)C(=O)C(=O)c2ccccc21-3)C(=O)c2ccccc21
CC(=O)C1=C(c2ccc(=O)c3ccc(=O)c(C=C4C=CC=C4)cc3c(=O)c2)C=CC(=O)c2cc(C=C3C=CC=C3)c(=O)ccc2C(=O)C=C1,CC(=O)C1=C(c2ccc(=O)c3ccc(=O)c(C=C4C=CC=C4)cc3c(=O)c2)C=CC(=O)c2cc(C=C3C=CC=C3)c(=O)ccc2C(=O)C=C1,CC(=O)C1=C(c2ccc(=O)c3ccc(=O)c(C=C4C=CC=C4)cc3c(=O)c2)C=CC(=O)c2cc(C=C3C=CC=C3)c(=O)ccc2C(=O)C=C1,CC(=O)C1=C(c2ccc(=O)c3ccc(=O)c(C=C4C=CC=C4)cc3c(=O)c2)C=CC(=O)c2cc(C=C3C=CC=C3)c(=O)ccc2C(=O)C=C1,CC(=O)C1=C(c2ccc(=O)c3ccc(=O)c(C=C4C=CC=C4)cc3c(=O)c2)C=CC(=O)c2cc(C=C3C=CC=C3)c(=O)ccc2C(=O)C=C1
C1=Oc2ccccc2c1=Oc1ccc(cc1)N1C(=O)c2ccccc2c(=O)n2c(=O)c3ccccc3c(=O)n2c(=O)c2ccccc2c1=O,O=C(c1ccccc1)n1c(=O)c2ccccc2c(=O)n2c(=O)c3ccccc3c(=O)n2c(=O)c2ccccc2c1=O,O=C(c1ccccc1)n1c(=O)c2ccccc2c(=O)n2c(=O)c3ccccc3c(=O)n2c(=O)c2ccccc2c1=O,C1=Oc2ccccc2c(=O)n2c(=O)c3ccccc3c(=O)n3c(=O)c4ccccc4c(=O)n4c(=O)c5ccccc5c(=O)n5c(=O)c6ccccc6c(=O)n6c(=O)c1=O,C1=Oc2c3c(ccc3c1)c(cc2)C1=Oc2c(ccc(c2C(=O))c2ccccc2C(=O))c1ccc(cc1)Nc2c(cccc2C(=O))c1ccc(cc1)C(=O)O
C1=Oc2ccccc2C(=O)N1c3c4n(c(=O)c5c6ccccc6c(=O)c5c4N3C(=O)c5ccc(cc5)C(=O)c5ccccc5)c4ccc(cc4)C(=O)c4ccc(cc4)C(=O)c4ccccc4,C1=Oc2ccccc2C(=O)N(C(=O)C(=O)c3c2n(c(=O)c(=O)n3C(=O)c3ccc(cc3)C(=O)C(=O)c3ccccc3-3)C(=O)c3ccccc3C(=O)c3ccccc31)C(=O)c3,O=C1C(=O)N(C(=O)C(=O)c2c3n(c(=O)c(=O)n2C(=O)c2ccccc2)C(=O)C(=O)c2ccccc2-3)C(=O)c2ccccc21,C1=OCC(=O)N(C(=O)C(=O)c2c3c(c(=O)c(=O)n2C(=O)c2ccccc2)C(=O)C(=O)c2ccccc2)C(=O)c2ccccc23C(=O)c2ccccc12,C1=OCC(=O)N(C(=O)C(=O)c2c3n(c(=O)c(=O)n2C(=O)c2ccccc2)C(=O)C(=O)c2ccccc2-3)C(=O)c2ccccc21
O=C1C(=O)N(C(=O)C(=O)c2c3n(c(=O)c(=O)n2C(=O)c2ccccc2)C(=O)C(=O)c2ccccc21)C(=O)c2ccccc23,O=C1C(=O)N(C(=O)C(=O)c2c3n(c(=O)c(=O)n2C(=O)c2ccccc2)C(=O)C(=O)c2ccccc2-3)C(=O)c2ccccc21,O=C1C(=O)N(C(=O)C(=O)c2c3n(c(=O)c(=O)n2C(=O)c2ccccc2)C(=O)C(=O)c2ccccc2-3)C(=O)c2ccccc21,C1=Oc2c3n(c(=O)c(=O)n2C(=O)c2ccccc2C(=O)c2ccccc2-3)C(=O)c2ccccc21,C1=Oc2c3c(c(c(c(c(c3c2=O)C(=O)N(C(=O)C(=O)c2c3n(c(=O)c(=O)n2C(=O)c2ccccc2)C(=O)C(=O)c2ccccc2-3)C(=O)c2ccccc21)C(=
C1=Oc2c3c(c(c(c(c2O)N(C(=O)C(=O)c2ccc(cc2)C(=O))C(=O)c2ccc(cc2)C(=O))C(=O)c2ccc(cc2)C(=O))C(=O)c2ccccc2-3)C(=O)c2ccccc21,C1=OCC(=O)N(C(=O)C(=O)c2c3n(c(=O)c(=O)n2C(=O)c2ccccc2)C(=O)C(=O)c2ccccc2-3)C(=O)c2ccccc21,C1=Oc2c3n(c(=O)c(=O)n2C(=O)c2ccccc2)C(=O)c2ccccc2C(=O)c1c3c(ccc3)C(=O)N1C(=O)c1c(cccc1)C(=O)c1ccc(cc1)C(=O)c1ccc(cc1),C1=Oc2c3c(c(c(c(c(c2O)Nc1c(c(c(c1O)Nc1c(c(c(c1O)C(=O)Nc1c(cc(cc1)C(=O)O)c1ccccc1)C(=O)Nc1c(cc(cc1)C(=O)O)c1cc,C1=Oc2ccc(cc2)C(=O)N(C(=O)C(=O)c3c4c(cc3O)ccc4N3C(=O)c5ccccc5C(=O)c3ccccc3)C(=O)c6ccccc6C(=O)c3ccc(cc3)C(=O)C(=O)c2ccccc
O=C1C(=O)n2c(c(C(=O)C(=O)N3C(=O)Cc4ccccc4C3=O)n(C(=O)c3ccccc3)c(=O)c2=O)-c2ccccc21,O=C1C(=O)n2c(c(C(=O)C(=O)N3C(=O)Cc4ccccc4C3=O)n(C(=O)c3ccccc3)c(=O)c2=O)-c2ccccc21,C1=Oc2ccccc2C(=O)N3C(=O)c4ccccc4C(=O)c3Nc5ccccc5C(=O)c3c1Oc6ccccc6=O,O=C1C(=O)n2c(c(C(=O)C(=O)N3C(=O)Cc4ccccc4C3=O)n(C(=O)c3ccccc3)c(=O)c2=O)-c2ccccc21,C1=Oc2ccccc2C(=O)N3C(=O)C4=CC=CC4C(=O)N5C(=O)C6=CC=CC6C(=O)N5C(=O)C7=C1C(=O)C(=O)N8C(=O)C9=CC=CC9C(=
C1=OCC(=O)N(C(=O)C(=O)c2c3n(c(=O)c(=O)n2C(=O)c2ccccc2)C(=O)C(=O)c2ccccc2-3)C(=O)c2ccccc21,C1=Oc2c3n(c(=O)c(=O)n2C(=O)c2ccccc2C(=O)C(=O)c2ccccc2-3)C(=O)c2ccccc21,C1=Oc2c3n(c(=O)c(=O)n2C(=O)c2ccccc2)C(=O)c2ccccc2c3C(=O)c2ccccc21,C1=Oc2c3c(cc2C(=O)N1C(=O)C(=O)c3c4c5c6c(cc5c4-c7c1c(cc(c7)C(=O)N1C(=O)C(=O)c1c2ccccc2)C(=O)c1ccccc1)C(=O)c,C1=Oc2ccccc2C(=O)N(C(=O)c3c4c(ccc4[nH]3C(=O)c3ccc(cc3)C(=O)C(=O)c3ccc(cc3)C(=O)c3ccc(cc3)C(=O)c3ccc(cc3)C(=O)c3ccc(cc3)C(=
C1=Oc2ccccc2C(=O)N(C(=O)C(=O)c3c2c(c(=O)c(=O)n3C(=O)c3ccc(cc3)C(=O)C(=O)c3ccc(cc3)-3)C(=O)c3ccc(cc3)C(=O)C(=O)c3ccccc3-,C1=Oc2c3n(c(=O)c(=O)n2C(=O)c2ccccc2C(=O)c2ccccc2-3)C(=O)c2ccccc21,C1=Oc2ccccc2C(=O)N(C(=O)C(=O)c3c4n(c(=O)c5c(ccc5)c(=O)n3C(=O)c5c(cccc5)C(=O)C(=O)c5ccccc5-4)C(=O)c5ccccc5-3)C(=O)c,C1=Oc2c3c(c(c(c(c2O1)N3C(=O)C(=O)c4c5c(ccc5c4)C(=O)C(=O)c4ccccc4)c4c(cccc4)C(=O)C(=O)c4ccccc41)c4c(cccc4)C(=O)C,O=C1C(=O)N(C(=O)C(=O)c2c3n(c(=O)c(=O)n2C(=O)c2ccccc2)C(=O)C(=O)c2ccccc2-3)C(=O)c2ccccc21
C1=Oc2c3c(cc1O)c3c1ccccc1N3C(=O)C(=O)c2c(ccc2C(=O)c2ccc(cc2)C(=O)c2ccccc2)c3c1ccccc1C(=O)c1ccc(cc1)C(=O)c2ccc(cc2)C(=O)c,C1=Oc2c3n(c(=O)c(=O)n2C(=O)c2ccccc2)C(=O)c2ccccc2C(=O)c2ccccc2C(=O)c2ccccc2C(=O)c1ccc(cc1)C(=O)c2ccccc2C(=O)c2ccccc2C(=O)c1,C1=Oc2c3c(c(c(c(c3c1=O)N(C(=O)c4c5c6c(c(c(c(c6c5c4=O)C(=O)c7ccccc7)C(=O)c8ccccc8)C(=O)c9ccccc9)C(=O)c10ccccc10)C(=,C1=Oc2c3c(ccc3O1)c(cc2C(=O)Nc4ccc(cc4)C(=O)C(=O)c5c(cc(cc5)C(=O)C(=O)c5c(cc(cc5)C(=O)C(=O)c5ccc(cc5)C(=O))C(=O))C(=O,C1=Oc2c3c(cc1OC(=O)N(C(=O)c3c2c(cc1OC(=O)c1ccccc1)C(=O)C(=O)c1ccccc1)C(=O)c1ccccc1-3)C(=O)c1ccccc12
C1=Oc2c3c(cc1OC(=O)n3c1ccc(cc1)C(=O)C(=O)c1ccc(cc1)C(=O)c1ccc(cc1)C(=O)c1ccc(cc1)C(=O)c1ccc(cc1)C(=O)c1ccc(cc1)C(=O)c1ccc(cc1),O=C1C(=O)N(C(=O)C(=O)c2c3n(c(=O)c(=O)n2C(=O)c2ccccc2)C(=O)C(=O)c2ccccc21)C(=O)c2ccccc3C(=O)C(=O)c2ccccc12,C1=Oc2ccccc2C(=O)N1c1ccc(cc1)C(=O)N1C(=O)c1ccc(cc1)C(=O)C1=Oc2ccccc2c1ccc(cc1)C(=O)C1=Oc2ccccc21,C1=Oc2c3c(c1)nc(=O)n3c2=Oc2ccc(cc2)C(=O)C(=O)N1C(=O)c2ccc(cc2)c3c(c1)nc(=O)n3c2=Oc2ccc(cc2)C(=O)C(=O)c2ccc(cc2)C,C1=Oc2c3n(c(=O)c(=O)n2C(=O)c2ccccc2C(=O)C(=O)c2ccccc2-3)C(=O)c2ccccc21
CC(=O)n1c(=O)ccc(=O)c(=O)c2c(=O)c(=O)n3c(=O)c4c5ccccc5c4n(C(=O)c4ccccc4)c(=O)n3c(=O)c(=O)c21,CC(=O)n1c(=O)ccc(=O)c1c2c(=O)c(=O)n3c(=O)c4c5ccccc5c4n(C(=O)c4ccccc4)c(=O)n3c(=O)c(=O)c21,CC(=O)n1c(=O)ccc(=O)c(=O)c2c(=O)c(=O)n3c(=O)c4c5ccccc5c4n(C(=O)c4ccccc4)c(=O)n3c(=O)c(=O)c21,CC(=O)n1c(=O)ccc(=O)c(=O)c2c(=O)c(=O)n3c(=O)c4c5ccccc5c4n(C(=O)c4ccccc4)c(=O)n3c(=O)c(=O)c21,CC(=O)n1c(=O)ccc(=O)c(=O)c2c(=O)c(=O)n3c(=O)c4c5ccccc5c4n(C(=O)c4ccccc4)c(=O)n3c(=O)c(=O)c21
C1=Oc2ccccc2C(=O)N3C(=O)c4c5c(ccc5c4n(c6c7c(ccc7n6C(=O)c8ccccc8)C(=O)C(=O)c8ccccc8)C(=O)c8ccccc8-7)C(=O)c8ccccc8,C1=Oc2ccccc2C(=O)N(C(=O)C(=O)c3c4n(c(=O)c(=O)n4C(=O)c4cccc4)C(=O)C(=O)c4ccccc4-3)C(=O)c4ccccc41,C1=Oc2ccccc2C(=O)N(C(=O)C(=O)c3c4n(c(=O)c(=O)n3C(=O)c3c(ccc(cc3C(=O)C(=O)c3ccccc3)C(=O)c3ccccc3)C(=O)c3ccccc34)C(=O)c3,O=C1C(=O)N(C(=O)C(=O)c2c3n(c(=O)c(=O)n2C(=O)c2ccccc2)C(=O)C(=O)c2ccccc2-3)C(=O)c2ccccc21,O=C1C(=O)N(C(=O)C(=O)c2c3n(c(=O)c(=O)n2C(=O)c2ccccc2)C(=O)C(=O)c2ccccc21)C(=O)c2ccccc23
O=C1C(=O)n2c(c(C(=O)C(=O)n3c(=O)ccc4ccccc4c3=O)n(C(=O)c3ccccc3)c(=O)c2=O)-c2ccccc21,O=C1C(=O)n2c(c(C(=O)C(=O)n3c(=O)ccc4ccccc4c3=O)n(C(=O)c3ccccc3)c(=O)c2=O)-c2ccccc21,O=C1C(=O)n2c(c(C(=O)C(=O)n3c(=O)ccc4ccccc4c3=O)n(C(=O)c3ccccc3)c(=O)c2=O)-c2ccccc21,O=C1C(=O)n2c(c(C(=O)C(=O)n3c(=O)ccc4ccccc4c3=O)n(C(=O)c3ccccc3)c(=O)c2=O)-c2ccccc21,C1=Oc2c(ccc2C(=O)Nc3c(cccc3)c3ccc(cc3)C(=O)Nc4c(cccc4)c4ccc(cc4)C(=O)Nc5c(cccc5)c5ccc(cc5)C(=O)N1)c1ccccc1-c1ccccc1-c1cc
C1=Oc2ccccc2C(=O)N(C(=O)C(=O)c3c4n(c(=O)c(=O)n4C(=O)c3C(=O)c4ccccc4)C(=O)C(=O)c4ccccc41)C(=O)c4ccccc41,C1=Oc2c3n(c(=O)c(=O)n2C(=O)c2ccccc2)C(=O)c2ccccc2C(=O)C(=O)c2ccccc2C(=O)c2ccccc2C(=O)c1c3n(c(=O)c(=O)n3C(=O)c3ccccc3)C,O=C1C(=O)N(C(=O)C(=O)c2c3n(c(=O)c(=O)n2C(=O)c2ccccc2)C(=O)C(=O)c2ccccc2-3)C(=O)c2ccccc21,O=C1C(=O)N(C(=O)C(=O)c2c3n(c(=O)c(=O)n2C(=O)c2ccccc2)C(=O)C(=O)c2ccccc2-3)C(=O)c2ccccc21,C1=Oc2ccccc2N(C(=O)C(=O)c3c4n(c(=O)c(=O)n3C(=O)c3ccccc3)C(=O)C(=O)c3ccccc3-4)C(=O)c3ccccc31C(=O)c2ccccc21
C1=Oc2ccccc2C(=O)N(C(=O)c3ccc(cc3)C(=O)c4ccc(cc4)C(=O)c5ccc(cc5)C(=O)c6ccc(cc6)C(=O)c7ccc(cc7)C(=O)c8ccc(cc8)C(=O)c9ccc(cc9)C(=O,C1=Oc2ccccc2C(=O)N(C(=O)c3ccc(cc3)C(=O)c4ccc(cc4)C(=O)c5ccc(cc5)C(=O)c6ccc(cc6)C(=O)c7ccc(cc7)C(=O)c8ccc(cc8)C(=O)c9ccc(cc9)C(=O,C1=Oc2c3n(c(=O)c(=O)n2C(=O)c2ccccc2)C(=O)c2ccccc2C(=O)c2ccccc2C(=O)c1c3ccccc3C(=O)c2ccccc21,O=C1C(=O)N(C(=O)C(=O)c2c3n(c(=O)c(=O)n2C(=O)c2ccccc2)C(=O)C(=O)c2ccccc2-3)C(=O)c2ccccc21,C1=Oc2c3c(cc2=O)N(c1c(=O)c3c1c(cc2=O)c3c2ccccc2C(=O)c3c1ccccc1c2c3c(cc2=O)c3c2ccccc2)C(=O)c3c1ccccc1c2c3c(cc2
C1=CC(=O)N(C(=O)C2=CC=CC=C2)C3=CC=CC=C3C4=C(C(=O)N5C(=O)C6=CC=CC=C6)C(=O)N5C(=O)C1=CC(=O)C2=C(C(=O)N3C(=O,C1=CC(=O)N(C(=O)C2=CC=CC=C2)C3=CC(=O)N(C(=O)C4=CC=CC=C4)C5=CC=CC=C5C(C(=O)C6=CC=CC=C6)N(C(=O)C7=CC=CC=C7)C1,CC(=O)n1c(=O)ccc(=O)c(=O)c2c(=O)c(=O)n3c(=O)c4c5ccccc5c4n(C(=O)c4ccccc4)c(=O)n3c(=O)c(=O)c2=O,CC(=O)n1c(=O)ccc(=O)c(=O)c2c(=O)c(=O)n3c(=O)c4c5ccccc5c4n(C(=O)c4ccccc4)c(=O)n3c(=O)c(=O)c21,C1=CC(=O)N(C(=O)C2=CC=CC=C2)C3=CC=CC=C3C(=O)N(C(=O)C4=CC=CC=C4)C5=CC=CC=C5C(=O)N(C(=O)C6=CC=CC=C6)C(=O)N1
C1=Oc2ccccc2C(=O)N(C(=O)C(=O)c3c2n(c(=O)c(=O)n3C(=O)c3ccc(cc3)C(=O)C(=O)c3ccc(cc3)C(=O)c3ccc(cc3)C(=O)c3ccc(cc3)C(=O)c3ccc,C1=Oc2c3c(ccc2N1C(=O)C(=O)c2ccccc2)C(=O)c2ccc(cc2)N1C(=O)c2ccc(cc2)C(=O)c2ccc(cc2)C(=O)c2ccc(cc2)C(=O)c2ccc(cc2)C(=O)c2ccc,O=C1C(=O)N(C(=O)C(=O)c2c3n(c(=O)c(=O)n2C(=O)c2ccccc2)C(=O)C(=O)c2ccccc2-3)C(=O)c2ccccc21,C1=Oc2ccccc2C(=O)N1C(=O)c3c4c(ccc4n3C(=O)c3c(cccc3)C(=O)c3ccc(cc3)C(=O)C(=O)c3ccc(cc3)C(=O)c3ccc(cc3)C(=O)c3ccc(cc3)C(=,C1=OCC(=O)N(C(=O)C(=O)c2c3n(c(=O)c(=O)n2C(=O)c2ccccc2)C(=O)C(=O)c2ccccc21)C(=O)c2ccccc21
CC(=O)n1c(=O)ccc(=O)c(=O)c2c(=O)c(=O)n3c(=O)c4c5ccccc5c4n(C(=O)c4ccccc4)c(=O)n3c(=O)c(=O)c21,CC(=O)n1c(=O)ccc(=O)c(=O)c2c(=O)c(=O)n3c(=O)c4c5ccccc5c4n(C(=O)c4ccccc4)c(=O)n3c(=O)c(=O)c21,C1=CC(=O)N(C(=O)C2=CC=CC=C2)C3=CC(=O)N(C(=O)C4=CC=CC=C4)C5=CC=CC=C5C(=O)N1(C(=O)C6=CC=CC=C6)C7=CC=CC=C7C(=O,C1=CC(=O)N(C(=O)C2=CC=CC=C2)C3=CC=CC=C3C4=CC(=O)N(C5=CC=CC=C5C(=O)C6=CC=CC=C6C(=O)N(C7=CC=CC=C7C(=O)C8=CC=CC,CC(=O)n1c(=O)ccc(=O)c(=O)c2c(=O)c(=O)n3c(=O)c4c5ccccc5c4n(C(=O)c4ccccc4)c(=O)n3c(=O)c(=O)c21
C1=Oc2c3c(c(c(c(c2O)c1=O)N(C(=O)c4c5c6c(ccc6c(c5c4O)c4ccc(cc4)C(=O))C(=O)c4ccc(cc4)C(=O))C(=O)c4ccc(cc4)C(=O))C(=O)c,O=C1C(=O)N(C(=O)C(=O)c2c3n(c(=O)c(=O)n2C(=O)c2ccccc2)C(=O)C(=O)c2ccccc2-3)C(=O)c2ccccc21,C1=Oc2ccccc2C(=O)N(C(=O)C(=O)c3c4c(n(c(=O)c(=O)n4C(=O)c4ccccc4)C(=O)c4ccccc4-3)C(=O)c4ccccc4)C(=O)c4ccccc41,C1=Oc2c3n(c(=O)c(=O)n2C(=O)c2ccccc2)C(=O)c2ccccc2c3C(=O)c2ccccc21,C1=Oc2ccccc2C(=O)N(C(=O)c3c(ccc3C(=O)c3ccccc3)C(=O)c3ccc(cc3)C(=O)c3ccc(cc3)C(=O)c3ccc(cc3)C(=O)c3ccccc3)C(=O)c1ccc(cc1)C(=O
CC(=O)n1c(=O)ccc(=O)c(=O)c2c(=O)c(=O)n3c(=O)c4c5ccccc5c4n(C(=O)c4ccccc4)c(=O)n3c(=O)c(=O)c21,C1=CC(=O)N(C(=O)C2=CC=CC=C2)C3=CC(=O)C4=C(C(=O)C5=C(C(=O)C6=C(C(=O)C7=C(C(=O)C8=C(C(=O)C9=C(C(=O)C1=C(C(=O)C2=C,CC(=O)n1c(=O)ccc(=O)c(=O)c2c(=O)c(=O)n3c(=O)c4c5ccccc5c4n(C(=O)c4ccccc4)c(=O)n3c(=O)c(=O)c(=O)c2,C1=CC(=O)N(C(=O)C2=CC=CC=C2)C3=CC(=O)N(C(=O)C4=CC=CC=C4)C5=C1C(=O)N(C(=O)C6=CC=CC=C6)C7=C3C(=O)N(C(=O)C8=,C1=CC=CC=C1C(=O)N1C(=O)C2=CC=CC=C2C(=O)C3=CC=CC=C3C(=O)C4=C1C(=O)C5=C2C(=O)C6=C3C(=O)C7=C4C(=O)C8=C5C(=
C1=Oc2ccccc2C(=O)N(C(=O)c3c4c(cccc4n3C(=O)c3c(cccc3C(=O))N(C(=O)c3c(cccc3C(=O))C(=O)c3ccccc3)C(=O)c3ccccc3-3)c1c2ccc(cc2,C1=CC(=O)N(C(=O)C(=O)c2c3n(c(=O)c(=O)n2C(=O)c2ccccc2)C(=O)C(=O)c2ccccc2-3)C(=O)c2ccccc21,C1=Oc2ccccc2C(=O)N1C(=O)C(=O)c3c2c(cc3)C(=O)c2ccccc2C(=O)C(=O)c3ccc(cc3)C(=O)c2ccccc21,C1=Oc2ccccc2N1C(=O)C(=O)c3c4n(c(=O)c(=O)n4C(=O)c4ccccc4)C(=O)C(=O)c4ccccc4c3C(=O)c4ccccc41,C1=Oc2ccccc2C(=O)N1c1ccc(cc1)C(=O)Nc1ccc(cc1)C(=O)C1=Oc2ccccc2C(=O)C1=Oc2ccccc2C(=O)C1=Oc2ccccc2C(=O)C1=Oc
C1=CC=C(C(=O)C=CC=C1C=CC(=O)C=C1C=CC=C1C=CC(=O)C=C1C=CC=C1C=CC(=O)C=C1C=CC=C1C=CC(=O)C=C1)C=CC=C1C=CC(=O)C=C1,C1=CC(=O)C=C1C=CC(=O)C=C1C=CC(=O)C=C1C=CC(=O)C=C1C=CC(=O)C=C1C=CC(=O)C=C1,C1=Oc2ccccc2N1C1=Oc2ccccc2N1C(=O)c1ccccc1C(=O)N1C1=Oc2ccccc2N1C(=O)c1ccccc1,C1=CC=CC=C1C(=O)N1C=CC=CC=C1C(=O)C1=CC=CC=C1C(=O)N1C=CC=CC=C1C(=O)C1=CC=CC=C1,C1=Oc2c3c(ccc3c2c1c2c(cccc2)C(=O)c2ccc(cc2)C(=O)c2ccc(cc2)C(=O)c2ccc(cc2)Nc1ccc(cc1)c2ccc(cc2)C(=O)C1=O)C1=O
CC(=O)n1c(=O)ccc(=O)c(=O)c2c(=O)c(=O)n3c(=O)c4c5ccccc5c4n(C(=O)c4ccccc4)c(=O)n3c(=O)c(=O)c21,C1=CC(=O)N(C(=O)C2=CC=CC=C2)C(=O)C3=C(C(=O)C4=C(C(=O)C5=C(C(=O)C6=C(C(=O)C7=C(C(=O)C8=C(C(=O)C9=C(C(=O)C1=C(C(=O,C1=CC(=O)N(C1=O)c2ccc(cc2)C(=O)N3c4ccc(cc4)c5c(cccc5)c3C(=O)N(C1=O)c2ccc(cc2)C(=O)N1C(=O)c2ccc(cc2)c3ccc(cc3)C(=O)N1C(=,CC(=O)n1c(=O)ccc2=c1c(=O)c3c(=O)c(=O)n4c(=O)c5c6ccccc6c5n(C(=O)c5ccccc5)c(=O)n4c(=O)c(=O)c2=O,CC(=O)n1c(=O)ccc(=O)c(=O)c2c(=O)c(=O)n3c(=O)c4c5ccccc5c4n(C(=O)c4ccccc4)c(=O)n3c(=O)c(=O)c21
C1=CC(=O)N(C(=O)C2=CC=CC=C2)C3=CC(=O)N(C(=O)C4=CC=CC=C4)C5=CC=CC=C5C1(C(=O)C6=CC=CC=C6)C(=O)N(C(=O)C7=CC=CC,CC(=O)n1c(=O)ccc(=O)c(=O)c2c(=O)c(=O)n3c(=O)c4c5ccccc5c4n(C(=O)c4ccccc4)c(=O)n3c(=O)c(=O)c2c(=O)c1,C1=CC(=O)N(C(=O)c2ccc(cc2)N(C(=O)c3ccc(cc3)N(C(=O)c4ccc(cc4)N(C(=O)c5ccccc5)c6ccccc6)c7ccccc7)c8ccccc8)c1=O,CC(=O)n1c(=O)ccc(=O)c(=O)c2c(=O)c(=O)n3c(=O)c4c5ccccc5c4n(C(=O)c4ccccc4)c(=O)n3c(=O)c(=O)c(=O)c21,CC(=O)n1c(=O)ccc1c1ccc(cc1)c1ccc(cc1)c1ccc(cc1)c1ccc(cc1)n1c(=O)c2ccccc2c1n(C(=O)c1ccccc1)c1ccc(cc1)c1ccc(cc1)c1n2c(=O)c3ccccc3c2
