0,1,2,3,4
O=S1(=O)N[C@H](O)c2ccc(n3cc(CO[C@H](O)C(O)(C(O)(C(O)(C(O)(C(O)C(O)C(O))O)O)O)O)C3=O)n3)cc21,O=S1(=O)N[C@H](O)c2ccc(-n3cc(CO[C@H](CO)[C@H](O)[C@H](O)[C@H]4O)nn3)cc21,O=S1(=O)N[C@H](O)c2ccc(n3cc(CO[C@H]4O[C@H](CO)[C@H](O)[C@H]4O)nn3)cc21,C1=O[S](=O)N[C@H](O)C2=CC=C(C3=C(C(=O)N4C(C(=O)O)C(C(=O)O)C(C(=O)O)C4)C3=CC=CC2)C=C1,C1=O[S+]1=O[NH]C2=CC=C3C(C(=O)O4)C[C@H]5O[C@H](O)[C@H](O)[C@H](O)[C@H]5O[C@H]4O3C2
C1=C(F)[C@H]2[C@]3(C(=S)C1)[C@@]14S[C@@H]1CC(F)=C(F)[C@@]24C,C1[C@H]2[C@]3(C(=S)C1)[C@@]14S[C@@H]1CC(F)=C(F)[C@]24C(F),C1=C(F)[C@H]2[C@]3(C(=S)C1)[C@@]14S[C@@H]1CC(F)=C(F)[C@@]24,C1=C(F)[C@H]2[C@]3(C(=S)C1)[C@@]14S[C@@H]1CC(F)=C(F)[C@@]24C,CC1=CC(F)=C(F)S[C@]2(C(=S)C1)CC(F)C2(C)C3[C@H]4C(C)S[C@]4(C)C3
C1=O(NC/C=C/C1c1c2c(NCCO)n3cnc3c2n1[C@@H](O)[C@H](O)c1ccc(cc1)C(F)c1ccc(cc1)O)c1ccc(cc1)O,C1=NO[C@H](C(C(C(C(C(C(C(C(C(C(C(C(C(C(C(C(C(C(C(C(C(C(C(C(C(C(C(C(C(C(C(C(C(C(C(C(C(C(C(C(C(C(C(C(C(C(C(C(C(C(C(C(C(C(C(C(C(C(C(C(C(C(C(C(C(C(C(C(C(C(C(C,C1=NOCC1/C=C/C1O[C@H](O)C2=C(NC3=C(NCCO)C(=O)N3C2)N(C3=CC=CC=C3)C(C4=CC=CC=C4)C1=O,CC(=O)NCC/C=C/C1O[C@H](O)C2N3C=CC(=O)N(CCO)N3C2[C@H](O)C1O[C@@H]1C2C=CC(=O)N(CCO)C3=C2N=CC(=O)N3C1=CC=CC=C,C1=NC/C=C/C1O[C@H](O)C2C(NCCO)N3C(=O)N(C(C(C(=O)N3)C)O)C2=O[C@H](O)C1=CC=CC=C1C1=CC=CC=C1O[C@H](O)C2=C(C(=
OC1[C@H]1O[C@@H](O[C@H]2[C@H](O)[C@@H](O)[C@H](O)O[C@@H]2CO)[C@H](O)[C@@H](O)[C@H]1O,C1OC(C(O)(O)[C@H](O)[C@H](O)[C@H](O)C2(C(O)(O)[C@H](O)[C@H](O)[C@H](O)C(O)O)C(O)O)C(O)[C@H](O)[C@H](O)C1O,C1OC[C@H]1O[C@H](O)[C@H](O)[C@H](O)[C@H](O)O[C@H](O)[C@H](O)[C@H]1CO,OC1C(O)C2OC3C(O)C(O)C(O)C(O)C3O2CO1,OC1[C@H]1O[C@H](O[C@H]2[C@H](O)[C@H](O)[C@H](O)O[C@H]2CO)[C@H](O)[C@H](O)[C@H]1O
C1CCC(=O)C2CCC(C)C(=O)CC1CC2,C1CCC(=O)C2CC[C@H]1CC[C@H]1[C@H]2CC2(C)C(=O)CC1[C@H]2C1,C1[C@H]2CCC(=O)C[C@@H]1CC[C@@H]1[C@@H]2CC[C@]2(C)C(=O)CC[C@@H]12,C1CCC(=O)C2CCC(C)C(=O)CC1CC2,C1CC(=O)C[C@H]1CC[C@H]1C[C@]2(C)C(=O)CC[C@H]1C1CC
C1=CC=CC=C1C(=O)(Nc1cc2c(cc3c(cc(cc3)Nc2ccc4c(cc(cc4)C)C)C)cc1)S(=O)(=O)Nc1cc(-c2ccc3c(cc(cc3)n2)C)cc1ClC1=CC=CC=C1,O=S(=O)(Nc1cc(-c2ccc3nccc(N4CCOCC4)c3c2)cnc1Cl)c1ccc(F)cc1,C1=O=S1(=O)(Nc1cc(-c2ccc3nccc(N4CCOCC4)c3c2)cnc1Cl)c1ccc(F)cc1,C1=O=S(=O)Nc1c2ccc3c(c2nccc3c1c2ccc(F)cc2)cnc3c(ccc(N4CCOCC4)c3)c1ccccc1Cl,C1=O=S(=O)(Nc1c(ccc2c(cc3c(N4CCCOCC4)c3c2)c1)c1c(ccc(N4CCOCC4)c1)c1ccc(F)cc1)c1ccc(cc1)Cl
C1=O[S+]1=O[NH]C[C@@H](O)c2ccc(-n3cc(CO[C@@H]4O[C@@H](CO)[C@@H](O)[C@H](O)[C@H]4O)nn3)cc21,O=S1(=O)N[C@H](O)c2ccc(-n3cc(CO[C@H]4O[C@H](CO)[C@H](O)[C@H]4O)nn3)cc21,C1=O[S](=O)N[C@H]1c2ccc3c(c2)nc4c(cc3)C(=O)O[C@H]5O[C@H](C(O)O)[C@H](O)[C@H](O)[C@H]5O,C1=O[S]1(=O)N[C@@H](O)c2ccc(-n3cc(CO[C@@H]4O[C@@H](CO)[C@@H](O)[C@H](O)[C@H]4O)nn3)cc21,O=S1(=O)N[C@H](O)c2ccc(-n3cc(CO[C@H]4O[C@H](CO)[C@H](O)[C@H]4O)nn3)cc21
C1=O[S]1(=O)N[C@@H](O)c2ccc(-n3cc(CO[C@@H]4O[C@@H](CO)[C@@H](O)[C@H](O)[C@H]4O)nn3)cc21,O=S1(=O)N[C@H](O)c2ccc(-n3cc(CO[C@H](O)C(O)(C(O)(C(O)(C(O)(C(O)C(O)C3)O)O)O)C3)nn3)cc21,O=S1(=O)N[C@H](O)c2ccc(n3c1c(cc2)C(O[C@H]4O[C@H](CO)[C@H](O)[C@H]4O)nn3)c1,C1=O[S]1(=O)N[C@H]1c2ccc(c3c2nccn3[C@H](O)C4OC[C@H](O)C(O)C(O)C(O)C4)C1,C1=O[NH](C2=O)c3ccc(cc3)-n4c5c(CO[C]6(O[C]7(O)[C](O)[C](O)[C]7O)O[C]6)nn5)c2c(CO[C]8(O[C]9(O)[C](O)[C](O)[C]9O)
O=S1(=O)N[C@H](O)c2ccc(N3C=C4CO[C@H](O)C(O)(CN=N4)C(O)(O)C(O)(O)C(O)(O)C(O)C(O)C3)cc21,C1=O[NH](O)C2=CC(=O)N[C@H](O)C3=CC(=O)N[C@H](O)C(O)(CN=N3)C(O)(O)C(O)(O)C(O)(O)C(O)C3)CC2=C1,C1=O[S](=O)N[C@H](O)C2=CC=C(C3C=C(C4C(=O)C(C(C(C(C(C(C(C(C(C(C(C(C(C(C(C(C(C(C(C(C(C(C(C(C(C(C(C(C(C(C(C(C(C(C(C(C(C(C(C(C(C(C(C(C(C(C(C(C,C1=O[S](=O)N[C@H](O)C2=CC3=C(C(=O)N4C=CC5=C(C(=O)O[C@H](O)C(O)(CN=C5)C(O)(O)C(O)(O)C(O)C(O)C4)C3)C2=C1,C1=O[S]1(=O)N[C@H](O)C2=CC=C(C3=C(C(C(C(C(C(C(C(C(C(C(C(C(C(C(C(C(C(C(C(C(C(C(C(C(C(C(C(C(C(C(C(C(C(C(C(C(C(C(C(C(C(C(C(C(C(C(C(C(C(C(C(C(C(C(C
C1=O[S](=O)N[C@H](O)C2=CC3=C(C(N4C=C5C(O)C(O)C(O)C(O)C(O)C(O)C(O)C(O)C(O)C5)C(N3)C(=O)O)C(=O)O)C(=O)O2,O=S1(=O)N[C@H](O)c2ccc(N3C=C4CO[C@H](O)C(O)(CN=N4)C(O)(O)C(O)(O)C(O)(O)C(O)C(O)C3)cc21,C1=O[S]1(=O)N[C@H](O)C2=CC=C(C3=C(C4=C(C(O)C(O)C(O)C(O)C(O)C(O)C(O)C(O)C4)C(N=C3)C(=O)O)C(=O)O)C(=O)N2)C,C1=O[S](=O)N[C@H](O)C2=CC=C(C(=O)N3C=C4CO[C@H](O)C(O)(CN=N4)C(O)(O)C(O)(O)C(O)(O)C(O)C3)CC2=C1,O=S1(=O)N[C@H](O)c2ccc(N3C=C4CO[C@H](O)C(O)(CN=N4)C(O)(O)C(O)(O)C(O)(O)C(O)C(O)C3)cc21
C1=O[S](=O)N[C@H](O)C2=CC=C(C3=C(C(C4=C(O)C(O)C(O)C(O)C(O)C(O)C(O)C(O)C(O)C(O)C(O)C(O)C3)C(N=C4)N)C2)C1,O=S1(=O)N[C@H](O)c2ccc(N3C=C4CO[C@H](O)C(O)(CN=N4)C(O)(O)C(O)(O)C(O)(O)C(O)C(O)C3)cc21,C1=O[S](=O)N[C@H](O)C2=CC=C(C3C=CC(=C(N4C=CC(=O)C(C(C(C(O)C(O)C(O)C(O)C(O)C(O)C(O)C(O))C)C)C3)C(N4)=C)C2)C,C1=O[S](=O)N[C@H](O)C2=CC=C(C3=C(C4=C(C(=O)C5=C(C(=O)C(O)(C)C(=O)N(C)C(=O)C(O)C(O)C(O)C(O)C(O)C4)C(=O)C(O)C,O=S1(=O)N[C@H](O)c2ccc(N3C=C4CO[C@H](O)C(O)(CN=N4)C(O)(O)C(O)(O)C(O)C(O)C3)cc21
C1=O=S1(=O)N[C@H](O)C2=CC=C(C3=C(C(=O)C(=O)C(=O)C(=O)C(=O)C(=O)C(=O)C(=O)C(=O)C(=O)C(=O)C3)C(=O)N(C4=C(C,C1=O[S]1(=O)N[C@H](O)C2=CC=C(N3C=C4C=C(O)C(O)C(O)C(O)C(O)C(O)C(O)C(O)C(O)C(O)C(O)C4)C(=O)C2=CC3),C1=O[S](=O)N[C@H](O)C2=CC=C(C(=O)N3C=CC4=C(CO[C@H](O)C(O)C(O)C(O)C(O)C(O)C(O)C3)C4)C2)C1,C1=O[S](=O)N[C@H](O)C2=CC=C(C3=C(C(=O)N4C=CC5=C4C[C@H](O)C(C(=O)O)C(C(=O)O)C(C(=O)O)C(C(=O)O)C(C(=O)O)C(C,O=S1(=O)N[C@H](O)c2ccc(N3C=C4CO[C@H](O)C(O)(CN=N4)C(O)(O)C(O)(O)C(O)(O)C(O)C(O)C3)cc21
C1=O[S](=O)N[C@H](O)C2=CC=C(C3C=CC(=O)N4C=CC(=O)C4[C@H](O)C(O)C(O)C(O)C(O)C(O)C(O)C3)C2)C1,C1=O[S]1(=O)N[C@H](O)c2ccc(N3C=C4CO[C@H](O)C(O)(CN=N4)C(O)(O)C(O)(O)C(O)C(O)C3)cc21,O=S1(=O)N[C@H](O)c2ccc(N3C=C4CO[C@H](O)C(O)(CN=N4)C(O)(O)C(O)(O)C(O)(O)C(O)C(O)C3)cc21,O=S1(=O)N[C@H](O)c2ccc(N3C=C4CO[C@H](O)C(O)(CN=N4)C(O)(O)C(O)(O)C(O)(O)C(O)C(O)C3)cc21,C1=O[S](=O)N[C@H](O)C2=CC=C(C3=C(C(=O)C4=C(C(=O)C(O)C(O)C(O)C(O)C(O)C(O)C(O)C(O)C(O)C4)N3C=CC=C3)C2)C1)C
C1=O[S]1(=O)N[C@H](O)C2=CC=C(C3=C(C4=C(C(C(C(C(C(C(C(C(C(C(C(C(C(C(C(C(C(C(C(C(C(C(C(C(C(C(C(C(C(C(C(C(C(C(C(C(C(C(C(C(C(C(C(C(C(C(C(C(C(C(C(C,C1=O[S](=O)N[C@H](O)C2=CC3=C(C(N4C=C5C(O)C(O)C(O)C(O)C(O)C(O)C(O)C5)C3)N(C(C(C(N4)C)C)C)C2=C1,C1=O[S+]1(=O)N[C@H](O)c2ccc(N3C=C4CO[C@H](O)C(O)(CN=N4)C(O)(O)C(O)(O)C(O)C(O)C3)cc21,C1=O[S]1(=O)N[C@H](O)c2ccc(N3C=C4CO[C@H](O)C(O)(CN=N4)C(O)(O)C(O)(O)C(O)C(O)C3)cc21,O=S1(=O)N[C@H](O)c2ccc(N3C=C4CO[C@H](O)C(O)(CN=N4)C(O)(O)C(O)(O)C(O)(O)C(O)C(O)C3)cc21
C1=O[S(=O)(=O)N[C@H](O)C2=CC=C(C3C(C(N3C=C4CO[C@H](O)C(O)C(O)C(O)C(O)C(O)C(O)C4)C(O)C(O))C)C2)C1,C1=O[S](=O)N[C@H]1c2ccc(N3C=C4CO[C@H](O)C(O)(CN=N4)C(O)(O)C(O)(O)C(O)C(O)C3)cc21,C1=O[S]1(=O)N[C@H](O)c2ccc(N3C=C4CO[C@H](O)C(O)(CN=N4)C(O)(O)C(O)(O)C(O)(O)C(O)C(O)C3)cc21,C1=O[S]1(=O)N[C@H](O)C2=CC=C(N3C=C4CO[C@H](O)C(O)C(O)C(O)C(O)C(O)C(O)C(O)C(O)C3)C2=C4C(O)C(N4)C(O)C(O)C1,C1=O[S]1(=O)N[C@H](O)C2=CC=C(C3=C(C(O)C(C(C(C(C(C(C(C(C(C(C(C(C(C(C(C(C(C(C(C(C(C(C(C(C(C(C(C(C(C(C(C(C(C(C(C(C(C(C(C(C(C(C(C(C(C(C(C(C(C(C(C
O=S1(=O)N[C@H](O)c2ccc(N3C=C4CO[C@H](O)C(O)(CN=N4)C(O)(O)C(O)(O)C(O)(O)C(O)C(O)C3)cc21,C1=O[S](=O)N[C@H](O)c2ccc(N3C=C4CO[C@H](O)C(O)(CN=N4)C(O)(O)C(O)(O)C(O)C(O)C3)cc21,C1=O[S](=O)N[C@H]1c2ccc(N3C=C4CO[C@H](O)C(O)(CN=N4)C(O)(O)C(O)(O)C(O)(O)C(O)C(O)C3)cc21,C1=O[S+]([O-])N[C@H](O)c2ccc(N3C=C4CO[C@H](O)C(O)(CN=N4)C(O)(O)C(O)(O)C(O)C(O)C3)cc21,C1=O[S]1(=O)N[C@H](O)C2=CC=C(C(=O)N3C=C4CO[C@H](O)C(O)(CN=N4)C(O)(O)C(O)(O)C(O)(O)C(O)C(O)C3)C2
CC1(C)S[C@H]2[C@H](NC(=O)CCC[C@H](N)C(=O)O)[C@@H]2(O)[C@H]3[C@H]1C(=O)O,CC1(C)S[C@]23[C@H](NC(=O)CCC[C@H](N)C(=O)O)[C@@]2(O)[C@@H]3[C@H]1C(=O)O,CC1(C)S[C@]23[C@H](NC(=O)CCC[C@H](N)C(=O)O)[C@@]2(O)[C@@H]3[C@H]1C(=O)O,CC1(C)S[C@]23[C@H](NC(=O)CCC[C@H](N)C(=O)O)[C@@]2(O)[C@@H]3[C@H]1C(=O)O,CC1(C)S[C@]23[C@H](NC(=O)CCC[C@H](N)C(=O)O)[C@@]2(O)[C@@H]3[C@H]1C(=O)O
O=S1(=O)N[C@H](O)c2ccc(N3C=C4CO[C@H](O)C(O)(CN=N4)C(O)(O)C(O)(O)C(O)(O)C(O)C(O)C3)cc21,C1=O[S]1(=O)N[C@H](O)c2ccc(N3C=C4CO[C@H](O)C(O)(CN=N4)C(O)(O)C(O)(O)C(O)C(O)C3)cc21,C1=O[S](=O)N[C@H]1c2ccc(N3C=C4CO[C@H](O)C(O)(CN=N4)C(O)(O)C(O)(O)C(O)(O)C(O)C(O)C3)cc21,O=S1(=O)N[C@H](O)c2ccc(N3C=C4CO[C@H](O)C(O)(CN=N4)C(O)(O)C(O)(O)C(O)C(O)C3)cc21,C1=O[S]1(=O)N[C@H](O)C2=CC=C(C(=O)N3C=C4C[C@H](O)C(O)C(O)C(O)C(O)C(O)C(O)C(O)C(O)C(O)C(O)C(O)C3)C4)C2
O=S1(=O)N[C@H](O)c2ccc(N3C=C4CO[C@H](O)C(O)(CN=N4)C(O)(O)C(O)(O)C(O)(O)C(O)C(O)C3)cc21,C1=O[S+]1(=O)N[C@H](O)c2ccc(N3C=C4CO[C@H](O)C(O)(CN=N4)C(O)(O)C(O)(O)C(O)(O)C(O)C(O)C3)cc21,O=S1(=O)N[C@H](O)c2ccc(N3C=C4CO[C@H](O)C(O)(CN=N4)C(O)(O)C(O)(O)C(O)(O)C(O)C(O)C3)cc21,C1=O[S](=O)N[C@H](O)C2=CC=C(C3C=CC(=O)N4C=CC(C(O)(C)C(O)(C)C(O)C(O)C(O)C(O)C)C4)C3)C2=C1,C1=O[S](=O)(N[C@H](O)c2ccc(N3C=C4CO[C@H](O)C(O)(CN=N4)C(O)(O)C(O)(O)C(O)(O)C(O)C(O)C3)cc21)C(=O)N[C@H](O)c2ccc(N3C
C1=O[S]1(=O)N[C@H](O)C2=CC=C(C(=O)N3C=C4C(C(=O)O)C(=O)O)C(=O)O)C(=O)O)C(=O)O)C(=O)O)C(=O)O)C(=O)O),C1=O[S+]1(=O)N[C@H](O)C2=CC=C(C(=O)C3=C(C(=O)C(=O)C(=O)C(=O)C(=O)C(=O)C(=O)C(=O)C(=O)C(=O)C(=O)C(=O)C(=O,C1=O[S+]1(=O)N[C@H](O)C2=CC=C(C(=O)N3C=C4CO[C@H](O)C(O)(CN=N4)C(O)(O)C(O)(O)C(O)(O)C(O)C(O)C3)C2,O=S1(=O)N[C@H](O)c2ccc(N3C=C4CO[C@H](O)C(O)(CN=N4)C(O)(O)C(O)(O)C(O)(O)C(O)C(O)C3)cc21,C1=O[S](=O)N[C@H](O)C2=CC=C(C3=C(C(=O)N4C=C(C(=O)O[C@H](O)C(O)(CN=C4)C(O)(O)C(O)(O)C(O))C(O)(O)C(O))C3)C2)C1
C1=O[S](=O)N[C@H](O)C2=CC=C(C3=C(C(=O)C(=O)N(C4=C(C(=O)C(=O)C(=O)C(=O)C(=O)C(=O)C(=O)C(=O)C(=O)C(=O)C(=O),C1=O[S+]1(=O)N[C@H](O)c2ccc(N3C=C4CO[C@H](O)C(O)(CN=N4)C(O)(O)C(O)(O)C(O)(O)C(O)C(O)C3)cc21,O=S1(=O)N[C@H](O)c2ccc(N3C=C4CO[C@H](O)C(O)(CN=N4)C(O)(O)C(O)(O)C(O)(O)C(O)C(O)C3)cc21,C1=O[S](=O)N[C@H](O)C2=CC=C(C3=C(C(=O)N4C=CC(=O)C4(C(C(=O)O)C(=O)O)C(=O)O)C(=O)O)C(=O)O)C(=O)O)C(=O)O,C1=O[S](=O)N[C@H](O)C2=CC=C(C(=O)N3C=C4CO[C@H](O)C(O)C(O)C(O)C(O)C(O)C(O)C(O)C(O)C(O)C(O)C(O)C3)C2=C1
C1=O[S]1(=O)N[C@H](O)C2=CC=C(N3C=C4C(O)C(O)C(O)C(O)C(O)C(O)C(O)C(O)C(O)C3)C2=C4,O=S1(=O)N[C@H](O)c2ccc(N3C=C4CO[C@H](O)C(O)(CN=N4)C(O)(O)C(O)(O)C(O)(O)C(O)C(O)C3)cc21,C1=O[S]1(=O)N[C@H](O)c2ccc(N3C=C4CO[C@H](O)C(O)(CN=N4)C(O)(O)C(O)(O)C(O)(O)C(O)C(O)C3)cc21,O=S1(=O)N[C@H](O)c2ccc(N3C=C4CO[C@H](O)C(O)(CN=N4)C(O)(O)C(O)(O)C(O)(O)C(O)C(O)C3)cc21,C1=O[S+]1(=O)N[C@H](O)c2ccc(N3C=C4CO[C@H](O)C(O)(CN=N4)C(O)(O)C(O)(O)C(O)(O)C(O)C(O)C3)cc21
C1=O[S+]1(=O)N[C@H](O)C2=CC=C(N3C=C4C(=O)C(=O)C(=O)C(=O)C(=O)C(=O)C(=O)C(=O)C(=O)C(=O)C(=O)C(=O)C(=O)C,O=S1(=O)N[C@H](O)c2ccc(N3C=C4CO[C@H](O)C(O)(CN=N4)C(O)(O)C(O)(O)C(O)(O)C(O)C(O)C3)cc21,O=S1(=O)N[C@H](O)c2ccc(N3C=C4CO[C@H](O)C(O)(CN=N4)C(O)(O)C(O)(O)C(O)(O)C(O)C(O)C3)cc21,O=S1(=O)N[C@H](O)c2ccc(N3C=C4CO[C@H](O)C(O)(CN=N4)C(O)(O)C(O)(O)C(O)C(O)C3)cc21,C1=O[S]1(=O)N[C@H](O)C2=CC=C(C(=O)N3C=C4C(=O)O[C@H](O)C(=O)O[C@H](O)C(=O)O[C@H](O)C(=O)O[C@H](O)C(=O)O
C1=O[S](=O)N[C@H](O)C2=CC=C(C3=C(C(C(C(C(C(C(C(C(C(C(C(C(C(C(C(C(C(C(C(C(C(C(C(C(C(C(C(C(C(C(C(C(C(C(C(C(C(C(C(C(C(C(C(C(C(C(C(C(C(C(C(C(C(C(C(C,C1=O[S](=O)N[C@H](O)C2=CC=C(C(=O)N3C=C4CO[C@H](O)C(O)(CN=N4)C(O)(O)C(O)(O)C(O)(O)C(O)C3)C2=C1,C1=O[S]1(=O)N[C@H](O)C2=CC=C(N3C=C4CO[C@H](O)C(O)(CN=N4)C(O)(O)C(O)(O)C(O)(O)C(O)C(O)C3)C2,O=S1(=O)N[C@H](O)c2ccc(N3C=C4CO[C@H](O)C(O)(CN=N4)C(O)(O)C(O)(O)C(O)C(O)C3)cc21,C1=O[S+]1(=O)N[C@H](O)c2ccc(N3C=C4CO[C@H](O)C(O)(CN=N4)C(O)(O)C(O)(O)C(O)(O)C(O)C(O)C3)cc21
O=S1(=O)N[C@H](O)c2ccc(N3C=C4CO[C@H](O)C(O)(CN=N4)C(O)(O)C(O)(O)C(O)(O)C(O)C(O)C3)cc21,C1=O[S](=O)N[C@H](O)C2=CC=C(C(=O)N3C=C4CO[C@H](O)C(O)(CN=N4)C(O)(O)C(O)(O)C(O)(O)C(O)C(O)C3)C2=C1,C1=O[S](=O)N[C@H](O)C2=CC=C(C3=C(C(=O)C(=O)N4C(=C(C(=O)O)C(O)C(O)C(O)C(O)C(O)C(O)C(O)C4)C3)C2)C1,C1=O[S](=O)N[C@H](O)C2=CC=C(C3C=CC(=O)N4C=CC(=O)C4[C@H](O)C(O)C(O)C(O)C(O)C(O)C(O)C3)C2)C1,C1=O[S]1(=O)N[C@H](O)c2ccc(N3C=C4CO[C@H](O)C(O)(CN=N4)C(O)(O)C(O)(O)C(O)(O)C(O)C3)cc21
O=S1(=O)N[C@H](O)c2ccc(N3C=C4CO[C@H](O)C(O)(CN=N4)C(O)(O)C(O)(O)C(O)(O)C(O)C(O)C3)cc21,C1=O[S+]1(=O)N[C@H](O)c2ccc(N3C=C4CO[C@H](O)C(O)(CN=N4)C(O)(O)C(O)(O)C(O)(O)C(O)C(O)C3)cc21,C1=O[S]1(=O)N[C@H](O)C2=CC=C(C3=C(C(=O)C(=O)N4C(=C(C(=O)C(=O)C(=O)C(=O)C(=O)C(=O)C(=O)C(=O)C(=O)C(=O)C(=,C1=O[S+]1(=O)N[C@H](O)C2=CC=C(N3C=C4C(=O)C(O)C(O)C(O)C(O)C(O)C(O)C(O)C3)C(=O)C4)C2,C1=O[S+]1(=O)N[C@H](O)C2=CC=C(C3=C(C(=O)N4C=CC5=C(C(=O)O[C@H](O)C(O)C(O)C(O)C(O)C(O)C(O)C4)C5)C3)C2)C=NC
O=S1(=O)N[C@H](O)c2ccc(N3C=C4CO[C@H](O)C(O)(CN=N4)C(O)(O)C(O)(O)C(O)(O)C(O)C(O)C3)cc21,O=S1(=O)N[C@H](O)c2ccc(N3C=C4CO[C@H](O)C(O)(CN=N4)C(O)(O)C(O)(O)C(O)C(O)C3)cc21,C1=O[S]1(=O)N[C@H](O)c2ccc(N3C=C4CO[C@H](O)C(O)(CN=N4)C(O)(O)C(O)(O)C(O)(O)C(O)C(O)C3)cc21,C1=O[S](=O)N[C@H](O)C2=CC=C(C3=C(C4=C(C(C(C(C(C(C(C(C(C(C(C(C(C(C(C(C(C(C(C(C(C(C(C(C(C(C(C(C(C(C(C(C(C(C(C(C(C(C(C(C(C(C(C(C(C(C(C(C(C(C(C(C(C,C1=O[S]1(=O)N[C@H](O)c2ccc(N3C=C4CO[C@H](O)C(O)(CN=N4)C(O)(O)C(O)(O)C(O)C(O)C3)cc21
O=S1(=O)N[C@H](O)c2ccc(N3C=C4CO[C@H](O)C(O)(CN=N4)C(O)(O)C(O)(O)C(O)C(O)C3)cc21,C1=O[S+]1(=O)N[C@H](O)c2ccc(N3C=C4CO[C@H](O)C(O)(CN=N4)C(O)(O)C(O)(O)C(O)C(O)C3)cc21,C1=O[S+]1=O[NH]C2=CC3=CN=C4C(C(C(C(C(C(C(C(C(C(C(C(C(C(C(C(C(C(C(C(C(C(C(C(C(C(C(C(C(C(C(C(C(C(C(C(C(C(C(C(C(C(C(C(C(C(C(C(C(C(C(C(C(C(C(C(C(C(C,C1=O[S+]1(=O)N[C@H](O)c2ccc(N3C=C4CO[C@H](O)C(O)(CN=N4)C(O)(O)C(O)(O)C(O)(O)C(O)C(O)C3)cc21,C1=O[S](=O)N[C@H](O)C2=CC=C(C(=O)N3C=CC4=C(C(=O)O[C@H](O)C(O)C(O)C(O)C(O)C(O)C3)C4)C2)C1
O=S1(=O)N[C@H](O)c2ccc(N3C=C4CO[C@H](O)C(O)(CN=N4)C(O)(O)C(O)(O)C(O)(O)C(O)C(O)C3)cc21,C1=O[S](=O)N[C@H](O)C2=CC=C(C3=C(C(=O)C(=O)N4C=CC(=O)C4(C(C(=O)O)C(=O)O)C(=O)O)C(=O)O)C(=O)O)C(=O)O)C,C1=O[S]1(=O)N[C@H](O)C2=CC=C(C3=C(C(=C(C(=O)C(O)C(O)C(O)C(O)C(O)C3)C(=O)N4C=CC4)C(O)C(O)C(O)C(O)C(O)C2)C,C1=O[S]1(=O)N[C@H](O)C2=CC3=C(C(=O)C4=C(C(=O)C5=C(C(=O)C(O)C(O)C(O)C(O)C(O)C(O)C5)C(=O)N3)C(=O)O)C(=O)O,O=S1(=O)N[C@H](O)c2ccc(N3C=C4CO[C@H](O)C(O)(CN=N4)C(O)(O)C(O)(O)C(O)C(O)C3)cc21
C1=O[S(=O)N[C@H](O)C2=CC=C(N3C=CC4=C(CO[C@H](O)C(O)C(O)C(O)C(O)C(O)C(O)C3)C(O)C(O)C(O)C(O)C4)C2)C1,C1=O[S](=O)N[C@H](O)C2=CC=C(C3=C(C(C(C(C(C(C(C(C(C(C(C(C(C(C(C(C(C(C(C(C(C(C(C(C(C(C(C(C(C(C(C(C(C(C(C(C(C(C(C(C(C(C(C(C(C(C(C(C(C(C(C(C(C(C(C(C,O=S1(=O)N[C@H](O)c2ccc(N3C=C4CO[C@H](O)C(O)(CN=N4)C(O)(O)C(O)(O)C(O)(O)C(O)C3)cc21,O=S1(=O)N[C@H](O)c2ccc(N3C=C4CO[C@H](O)C(O)(CN=N4)C(O)(O)C(O)(O)C(O)(O)C(O)C(O)C3)cc21,C1=O[S+]1(=O)N[C@H](O)C2=CC=C(C(=O)N3C=C4C(C(=O)O[C@H](O)C(=O)C(=O)C(=O)C(=O)C(=O)C(=O)C(=O)C(=O)C(=O)C
O=S1(=O)N[C@H](O)c2ccc(N3C=C4CO[C@H](O)C(O)(CN=N4)C(O)(O)C(O)(O)C(O)(O)C(O)C(O)C3)cc21,C1=O[S]1(=O)N[C@H](O)C2=CC=C(C3=C(C(=O)N(C(C(C(C(C(C(C(C(C(C(C(C(C(C(C(C(C(C(C(C(C(C(C(C(C(C(C(C(C(C(C(C(C(C(C(C(C(C(C(C(C(C(C(C(C(C(C(C(C(C,O=S1(=O)N[C@H](O)c2ccc(N3C=C4CO[C@H](O)C(O)(CN=N4)C(O)(O)C(O)(O)C(O)(O)C(O)C(O)C3)cc21,C1=O[S](=O)N[C@H](O)C2=CC=C(C3=C(C(=O)N4C=CC4[C@H](O)C(C(=O)O)C(O)C(O)C(C(=O)O)C(O)C(O)C3)C2)C1)C1=CC=,C1=O[S]1(=O)N[C@H](O)C2=CC=C(C3=C(C(=O)C4=C(C(=O)C(O)C(O)C(O)C(O)C(O)C(O)C(O)C3)C(=N)N4)C(=O)O)C(=O)N2)
C1=O[S+]1(=O)N[C@H](O)c2ccc(N3C=C4CO[C@H](O)C(O)(CN=N4)C(O)(O)C(O)(O)C(O)(O)C(O)C3)cc21,C1=O[S+]1(=O)N[C@H](O)c2ccc(N3C=C4CO[C@H](O)C(O)(CN=N4)C(O)(O)C(O)(O)C(O)C3)cc21,C1=O[S](=O)N[C@H](O)C2=CC=C(C3C=CC(=O)N4C=C(C(C(O)C(C(O)C(C(O)C(C(O)C(C(O)C(C(O)C(C(O)C2)C)C)C)C)C)C)C)C),C1=O[S]1(=O)N[C@H](O)C2=CC=C(N3C=C4CO[C@H](O)C(O)(CN=C4)C(O)(O)C(O)(O)C(O)C3)C2,C1=O[S](=O)N[C@H](O)C2=CC=C(C3=C(C=C(C(=O)N4C=C5CO[C@H](O)C(O)(CN=N5)C(O)(O)C(O)(O)C(O)(O)C(O)C3)C4)C2)C1
C1=O[S+]1(=O)N[C@H](O)c2ccc(N3C=C4CO[C@H](O)C(O)(CN=N4)C(O)(O)C(O)(O)C(O)(O)C(O)C(O)C3)cc21,C1=O[S](=O)N[C@H](O)C2=CC=C(C(=O)N3C=C4C(=O)C(=O)C(=O)C(=O)C(=O)C(=O)C(=O)C(=O)C(=O)C(=O)C(=O)C(=O)C(=,C1=O[S@V1]N[C@H](O)C2=CC=C(C3C(=O)N4C=CC5=C(C(=O)O[C@H](O)C6(C(=O)O)C(C(=O)O)C(C(=O)O)C(C(=O)O)C(C(=O)O,C1=O[S](=O)N[C@H](O)C2=CC=C(C3C=CC(=O)N4C=CC(=O)C5(C(C(C(C(C(O)C(O)C(O)C(O)C(O)C(O)C(O)C(O)C(O))C(O))C(O))C(O))C,O=S1(=O)N[C@H](O)c2ccc(N3C=C4CO[C@H](O)C(O)(CN=N4)C(O)(O)C(O)(O)C(O)C(O)C3)cc21
C1=O[S+]1(=O)N[C@H]2Oc3ccc(N4C=C5CO[C@H]6O[C@H](O)C(O)C(N5)C(O)C(O)C(O)C(O)C6)cc3CC4)C2,C1=O[S+]1(=O)N[C@H](O)c2ccc(N3C=C4CO[C@H](O)C(O)(CN=N4)C(O)(O)C(O)(O)C(O)C(O)C3)cc21,O=S1(=O)N[C@H](O)c2ccc(N3C=C4CO[C@H](O)C(O)(CN=N4)C(O)(O)C(O)(O)C(O)C(O)C3)cc21,C1=O/N=C1(O)C2=CC3=C(C(C4=C(C(O)C(O)C(O)C(O)C(O)C(O)C5=C(N=C(N(C(C(C(C(C(C(C(C(C(C(C(C(C(C(C(C(C(C(C(C(C(C(C(C(C(C(C(C(C(C(C(C(C(C(C(C(C,C1=O[S+]1(=O)N[C@H](O)C2=CC=C3N4C=CC4=C(C(=O)C(=O)C(=O)C(=O)C(=O)C(=O)C(=O)C(=O)C(=O)C(=O)C(=O)C(=O)C(=
C1=O[S](=O)N[C@H](O)C2=CC=C(C3=C(C(=O)C(=O)N4C(=C(C(=O)C(=O)C(=O)C(=O)C(=O)C(=O)C(=O)C(=O)C(=O)C(=O)C(=O,C1=O[S](=O)N[C@H](O)C2=CC=C3N4C=CC(=C4)C5[C@H](O)C(C(=O)O)C(C(=O)O)C(C(=O)O)C(C(=O)O)C(C(=O)O)C(C(=O)O,O=S1(=O)N[C@H](O)c2ccc(N3C=C4CO[C@H](O)C(O)(CN=N4)C(O)(O)C(O)(O)C(O)(O)C(O)C(O)C3)cc21,O=S1(=O)N[C@H](O)c2ccc(N3C=C4CO[C@H](O)C(O)(CN=N4)C(O)(O)C(O)(O)C(O)(O)C(O)C(O)C3)cc21,O=S1(=O)N[C@H](O)c2ccc(N3C=C4CO[C@H](O)C(O)(CN=N4)C(O)(O)C(O)(O)C(O)(O)C(O)C3)cc21
C1=O[NH](O)C2=CC=C3N(C(C(C(C(C(C(C(C(C(C(C(C(C(C(C(C(C(C(C(C(C(C(C(C(C(C(C(C(C(C(C(C(C(C(C(C(C(C(C(C(C(C(C(C(C(C(C(C(C(C(C(C(C(C(C(C(C(C(C(C(C(C(C(C,C1=O[S](=O)N[C@H]1C2=CC3=C(C4C(C(O)C(O)C(O)C(O)C(O)C(O)C(O)C(O)C(O)C(O)C(O)C(O)C4)N(C=C3)C(O)O)C2,C1=O[S](=O)N[C@H]1c2ccc(N3C=C4CO[C@H](O)C(O)(CN=N4)C(O)(O)C(O)(O)C(O)C(O)C3)cc2,O=S1(=O)N[C@H](O)c2ccc(N3C=C4CO[C@H](O)C(O)(CN=N4)C(O)(O)C(O)(O)C(O)(O)C(O)C(O)C3)cc21,C1=O[S](=O)N[C@H]1c2ccc(N3C=C4CO[C@H](O)C(O)(CN=N4)C(O)(O)C(O)(O)C(O)C(O)C3)cc21
C1=O[S](=O)N[C@H](O)C2=CC=C(C3C=C(C(C(C(C(C(C(C(C(C(C(C(C(C(C(C(C(C(C(C(C(C(C(C(C(C(C(C(C(C(C(C(C(C(C(C(C(C(C(C(C(C(C(C(C(C(C(C(C(C(C(C(C(C(C(C,C1=O[S](=O)N[C@H](O)C2=CC=C(C3C=C(C4C(=O)C[C@H](O)C(O)C(O)C(O)C(O)C(O)C4)C(=O)N3)C=CC2=C1,C1=O[S](=O)N[C@H](O)C2=CC=C(C3=C(C(=O)C4=C(C(=O)C(C(O)(C)C(O)(C)C(O)(C)C(O)C(O)C)C3)N=C4)C2)C(O)C1,O=S1(=O)N[C@H](O)c2ccc(N3C=C4CO[C@H](O)C(O)(CN=N4)C(O)(O)C(O)(O)C(O)C(O)C3)cc21,C1=O[S](=O)N[C@H](O)C2=CC=C(C3C=C(C(=O)N(C(C(=O)C(C(=O)C(C(=O)C(C(=O)C(C(=O)C(C(=O)C(C(=O)C(C(=O)C(C(=O)C2)C)
O=S1(=O)N[C@H](O)c2ccc(N3C=C4CO[C@H](O)C(O)(CN=N4)C(O)(O)C(O)(O)C(O)(O)C(O)C(O)C3)cc21,C1=O[S](=O)N[C@H](O)C2=CC=C(C3C=CC(=O)N4C=CC(=O)C(C(C(C(C(C(C(C(C(C(C(C(C(C(C(C(C(C(C(C(C(C(C(C(C(C(C(C(C(C(C(C(C(C(C(C(C(C(C(C(C(C(C,C1=O[S]1(=O)N[C@H](O)c2ccc(N3C=C4CO[C@H](O)C(O)(CN=N4)C(O)(O)C(O)(O)C(O)(O)C(O)C(O)C3)cc21,C1=O[S+]1(=O)N[C@H](O)c2ccc(N3C=C4CO[C@H](O)C(O)(CN=N4)C(O)(O)C(O)(O)C(O)C(O)C3)cc21,O=S1(=O)N[C@H](O)c2ccc(N3C=C4CO[C@H](O)C(O)(CN=N4)C(O)(O)C(O)(O)C(O)C(O)C3)cc21
C1=O[S](=O)N[C@H](O)C2=CC=C(C(=O)N3C=C4CO[C@H](O)C(O)(CN=N4)C(O)(O)C(O)(O)C(O)C(O)C3)C2=C1,O=S1(=O)N[C@H](O)c2ccc(N3C=C4CO[C@H](O)C(O)(CN=N4)C(O)(O)C(O)(O)C(O)(O)C(O)C(O)C3)cc21,O=S1(=O)N[C@H](O)c2ccc(N3C=C4CO[C@H](O)C(O)(CN=N4)C(O)(O)C(O)(O)C(O)(O)C(O)C(O)C3)cc21,C1=O[S+]1(=O)N[C@H](O)C2=CC=C(C(=O)N3C=C4CO[C@H](O)C(O)(CN=N4)C(O)(O)C(O)(O)C(O)(O)C(O)C(O)C3)C2,C1=O[S](=O)N[C@H](O)C2=CC=C(C(=O)N3C=CC4=C(C(=O)O[C@H](O)C(=O)(N=CN4)C(=O)O)C(=O)O)C(=O)O)C(=O)O)C(=O)
C1=O[S](=O)N[C@H](O)C2=CC=C(C3C=C(C(O)C(O)C(O)C(O)C(O)C(O)C(O)C(O)C(O)C(O)C4C=CC(=O)N(C)C4)C3)C2=C1,C1=O[S]1(=O)N[C@H](O)C2=CC=C(C3C=CC4=C(C(=O)C(=O)C(=O)C(=O)C(=O)C(=O)C(=O)C(=O)C(=O)C(=O)C(=O)C(=O)C(=O,C1=O[S]1(=O)N[C@H](O)C2=CC=C(C3C(=O)C4=C(C(=O)C(O)C(O)C(O)C(O)C(O)C(O)C(O)C4)C3)C2)N5C=C6CO[C@H](O)C7(C,C1=O[S]1(=O)N[C@H](O)C2=CC=C(C(=O)N3C=C4C(=O)C5=C(C(=O)C6=CC(=C(C(=O)C7=C(C(=O)C8=CC(=C(C(=O)C9=C(C(=O)C10=CC,C1=O[S](=O)N[C@H](O)C2=CC=C(C(=O)N3C=C4CO[C@H](O)C(O)(CN=N4)C(O)(O)C(O)(O)C(O)(O)C(O)C(O)C3)C2=C1
C1=O[S](=O)N[C@H](O)C2=CC=C(C3C=C(C(=O)N4C=C(C(=O)O)C(O)C(O)C(O)C(O)C(O)C(O)C4)C3)C2)C1,O=S1(=O)N[C@H](O)c2ccc(N3C=C4CO[C@H](O)C(O)(CN=N4)C(O)(O)C(O)(O)C(O)C(O)C3)cc21,C1=O[S](=O)N[C@H](O)c2ccc(N3C=C4CO[C@H](O)C(O)(CN=N4)C(O)(O)C(O)(O)C(O)C(O)C3)cc21,C1=O[S](=O)N[C@H](O)C2=CC3=C(C(=O)N4C=C5C(C(=O)O)C(O)C(O)C(O)C(O)C(O)C(O)C(O)C5)C(=O)C3=C2)C(=O)N1,C1=O[S+]1(=O)N[C@H](O)C2=CC=C(C3C=C(C4C(O)C(O)C(O)C(O)C(O)C(O)C(O)C4)N(C3)C(O)C(O))C2)C(=O)O
O=S1(=O)N[C@H](O)c2ccc(N3C=C4CO[C@H](O)C(O)(CN=N4)C(O)(O)C(O)(O)C(O)C(O)C3)cc21,C1=O[S](=O)N[C@H](O)C2=CC=C(N3C=C4C=CC(=O)C(O)C(O)C(O)C(O)C(O)C(O)C(O)C(O)C(O)C3)C4)C2=C1,C1=O[S](=O)N[C@H](O)C2=CC=C(C(=O)N3C=C4CO[C@H](O)C(O)(CN=N4)C(O)(O)C(O)(O)C(O)(O)C(O)C(O)C3)C2=C1,O=S1(=O)N[C@H](O)c2ccc(N3C=C4CO[C@H](O)C(O)(CN=N4)C(O)(O)C(O)(O)C(O)(O)C(O)C(O)C3)cc21,C1=O=S1(=O)N[C@H](O)C2=CC=C(C3C=CC(=O)C4=C(C[C@H](O)C(O)C(O)C(O)C(O)C(O)C(O)C(O)C(O)C(O)C(O)C3)C(=O)N4)C
C1=O[S](=O)N[C@H](O)C2=CC=C(C3=C(C(C(C(C(C(C(C(C(C(C(C(C(C(C(C(C(C(C(C(C(C(C(C(C(C(C(C(C(C(C(C(C(C(C(C(C(C(C(C(C(C(C(C(C(C(C(C(C(C(C(C(C(C(C(C(C,O=S1(=O)N[C@H](O)c2ccc(N3C=C4CO[C@H](O)C(O)(CN=N4)C(O)(O)C(O)(O)C(O)(O)C(O)C(O)C3)cc21,C1=O[S](=O)N[C@H](O)C2=CC=C(C(=O)N3C=C4C(=O)C5=C(C(=O)O)C(=O)N(C(=O)C(=O)C(=O)C(=O)C(=O)C(=O)C(=O)C(=O),C1=O[S+]([O-])N[C@H]1c2ccc(N3C=C4CO[C@H](O)C(O)(CN=N4)C(O)(O)C(O)(O)C(O)(O)C(O)C(O)C3)cc21,O=S1(=O)N[C@H](O)c2ccc(N3C=C4CO[C@H](O)C(O)(CN=N4)C(O)(O)C(O)(O)C(O)C(O)C3)cc21
O=S1(=O)N[C@H](O)c2ccc(N3C=C4CO[C@H](O)C(O)(CN=N4)C(O)(O)C(O)(O)C(O)(O)C(O)C(O)C3)cc21,C1=O[S]1(=O)N[C@H](O)c2ccc(N3C=C4CO[C@H](O)C(O)(CN=N4)C(O)(O)C(O)(O)C(O)(O)C(O)C(O)C3)cc21,C1=O[S](=O)N[C@H](O)C2=CC=C(C(=O)N3C=C4CO[C@H](O)C(O)(CN=N4)C(O)(O)C(O)(O)C(O)(O)C(O)C(O)C3)C2=C1,O=S1(=O)N[C@H](O)c2ccc(N3C=C4CO[C@H](O)C(O)(CN=N4)C(O)(O)C(O)(O)C(O)(O)C(O)C(O)C3)cc21,C1=O[S](=O)N[C@H](O)C2=CC=C(N3C=C4C(=O)C[C@H](O)C(O)C(O)C(O)C(O)C(O)C(O)C(O)C(O)C3)C=C4)C2=C1
O=S1(=O)N[C@H](O)c2ccc(N3C=C4CO[C@H](O)C(O)(CN=N4)C(O)(O)C(O)(O)C(O)(O)C(O)C(O)C3)cc21,O=S1(=O)N[C@H](O)c2ccc(N3C=C4CO[C@H](O)C(O)(CN=N4)C(O)(O)C(O)(O)C(O)(O)C(O)C(O)C3)cc21,O=S1(=O)N[C@H](O)c2ccc(N3C=C4CO[C@H](O)C(O)(CN=N4)C(O)(O)C(O)(O)C(O)(O)C(O)C(O)C3)cc21,C1=O[S](=O)N[C@H](O)C2=CC=C(C3C=C(C(N4C=C(C5CO[C@H](O)C(O)C(O)C(O)C(O)C(O)C5)C(O)C(O)C(O)C(O)C(O)C3)C(N)C4,C1=O[S](=O)(N[C@H]1c2ccc(N3C=C4CO[C@H](O)C(O)(CN=N4)C(O)(O)C(O)(O)C(O)C(O)C3)cc21)
C1=O[S]1(=O)N[C@H](O)c2ccc(N3C=C4CO[C@H](O)C(O)(CN=N4)C(O)(O)C(O)(O)C(O)(O)C(O)C(O)C3)cc21,O=S1(=O)N[C@H](O)c2ccc(N3C=C4CO[C@H](O)C(O)(CN=N4)C(O)(O)C(O)(O)C(O)(O)C(O)C(O)C3)cc21,C1=O[S]1(=O)N[C@H](O)C2=CC=C3N4C=CC=CC4CO[C@H](O)C(O)C(O)C(O)C(O)C(O)C(O)C(O)C3=C2,C1=O[S](=O)N[C@H](O)C2=CC=C(C3=C(C(=O)C(=O)N4C=CC(=O)C4(C(C(=O)O)C(=O)O)C(=O)O)C(=O)O)C(=O)O)C(=O)O)C,C1=O[S@H](O)N[C@H](O)c2ccc(N3C=C4CO[C@H](O)C(O)(CN=N4)C(O)(O)C(O)(O)C(O)(O)C(O)C(O)C3)cc21
C1=O[S](=O)N[C@H](O)C2=CC=C(C3=C(C(C(C(C(C(C(C(C(C(C(C(C(C(C(C(C(C(C(C(C(C(C(C(C(C(C(C(C(C(C(C(C(C(C(C(C(C(C(C(C(C(C(C(C(C(C(C(C(C(C(C(C(C(C(C(C,O=S1(=O)N[C@H](O)c2ccc(N3C=C4CO[C@H](O)C(O)(CN=N4)C(O)(O)C(O)(O)C(O)(O)C(O)C(O)C3)cc21,O=S1(=O)N[C@H](O)c2ccc(N3C=C4CO[C@H](O)C(O)(CN=N4)C(O)(O)C(O)(O)C(O)C(O)C3)cc21,O=S1(=O)N[C@H](O)c2ccc(N3C=C4CO[C@H](O)C(O)(CN=N4)C(O)(O)C(O)(O)C(O)(O)C(O)C(O)C3)cc21,C1=O[S](=O)N[C@H](O)C2=CC=C(N3C=C4C(=O)C(O)C(O)C(O)C(O)C(O)C(O)C(O)C(O)C(O)C(O)C(O)C(O)C(O)C3)C2=C1
C1=O[S]1(=O)N[C@H](O)C2=CC=C(C3=C(C(=O)N4C=CC4(C(=O)O)C(=O)O)C(=O)O)C(=O)O)C(=O)O)C(=O)O)C(=O)O)C(=O,C1=O[S+]1(=O)N[C@H](O)c2ccc(N3C=C4CO[C@H](O)C(O)(CN=N4)C(O)(O)C(O)(O)C(O)C(O)C3)cc21,O=S1(=O)N[C@H](O)c2ccc(N3C=C4CO[C@H](O)C(O)(CN=N4)C(O)(O)C(O)(O)C(O)C(O)C3)cc21,O=S1(=O)N[C@H](O)c2ccc(N3C=C4CO[C@H](O)C(O)(CN=N4)C(O)(O)C(O)(O)C(O)C(O)C3)cc21,C1=O[S](=O)N[C@H](O)C2=CC=C(C3=C(C(=O)C4=C(C(=O)C(O)C(O)C(O)C(O)C(O)C4)C(=O)N3)C(=O)O)C(=O)O)C(O)C(O)C2
C1=O[S](=O)N[C@H](O)C2=CC=C(C3=C(C(=O)N4C=CC5=C(C(O)C(O)C(O)C(O)C(O)C(O)C(O)C(O)C(O)C(O)C(O)C5)C(N=C4)C3)C,C1=O[S](=O)N[C@H]1c2ccc(N3C=C4CO[C@H](O)C(O)(CN=N4)C(O)(O)C(O)(O)C(O)(O)C(O)C(O)C3)cc21,C1=O[S](=O)N[C@H](O)C2=CC=C(C3C=CC(=O)N4C=CC(=O)C(C(C(C(C(C(C(C(C(C(C(C(C(C(C(C(C(C(C(C(C(C(C(C(C(C(C(C(C(C(C(C(C(C(C(C(C(C(C(C(C(C(C,O=S1(=O)N[C@H](O)c2ccc(N3C=C4CO[C@H](O)C(O)(CN=N4)C(O)(O)C(O)(O)C(O)(O)C(O)C(O)C3)cc21,O=S1(=O)N[C@H](O)c2ccc(N3C=C4CO[C@H](O)C(O)(CN=N4)C(O)(O)C(O)(O)C(O)(O)C(O)C(O)C3)cc21
C1=O[S](=O)N[C@H](O)C2=CC=C(C3C=CC(=O)N4C=CC(=O)C5(C(C(C(C(C(C(C(C(C(C(C(C(C(C(C(C(C(C(C(C(C(C(C(C(C(C(C(C(C(C(C(C(C(C(C(C(C(C(C(C(C,C1=O[S](=O)N[C@H](O)C2=CC=C(C(=O)N3C=C4CO[C@H](O)C(O)C(O)C(O)C(O)C(O)C(O)C(O)C(O)C(O)C(O)C(O)C(O)C(O)C3)CC,C1=O[S](=O)N[C@H](O)C2=CC=C(C(=O)N3C=C4CO[C@H](O)C(O)C(O)C(O)C(O)C(O)C(O)C3)C=CC2=C1[C@H](O)C4=NC=CC(=O)C,O=S1(=O)N[C@H](O)c2ccc(N3C=C4CO[C@H](O)C(O)(CN=N4)C(O)(O)C(O)(O)C(O)(O)C(O)C(O)C3)cc21,O=S1(=O)N[C@H](O)c2ccc(N3C=C4CO[C@H](O)C(O)(CN=N4)C(O)(O)C(O)(O)C(O)(O)C(O)C(O)C3)cc21
C1=O[S]1(=O)N[C@H](O)C2=CC=C(N3C=C4CO[C@H](O)C(O)(CN=N4)C(O)(O)C(O)(O)C(O)(O)C(O)C(O)C3)C2,C1=O[S](=O)N[C@H](O)C2=CC=C(C3=C(C(C(C(C(C(C(C(C(C(C(C(C(C(C(C(C(C(C(C(C(C(C(C(C(C(C(C(C(C(C(C(C(C(C(C(C(C(C(C(C(C(C(C(C(C(C(C(C(C(C(C(C(C(C(C(C,C1=O[S](=O)N[C@H](O)C2=CC=C(C(=O)N3C=C4CO[C@H](O)C(O)(CN=N4)C(O)(O)C(O)(O)C(O)(O)C(O)C(O)C3)C2=C1,C1=O[S](=O)N[C@H](O)c2ccc(N3C=C4CO[C@H](O)C(O)(CN=N4)C(O)(O)C(O)(O)C(O)(O)C(O)C(O)C3)cc21,C1=O[S](=O)N[C@H](O)C2=CC=C(C3C=CC(=O)N4C=CC4(C(C(=O)O)C(=O)O)C(=O)O)C(=O)O)C(=O)O)C(=O)O)C(=O)O)C(=
C1=O[S](=O)N[C@H](O)C2=CC=C(C(=O)N3C=C4CO[C@H](O)C(O)(CN=N4)C(O)(O)C(O)(O)C(O)C(O)C3)C2=C1,C1=O[S](=O)N[C@H]1c2ccc(N3C=C4CO[C@H](O)C(O)(CN=N4)C(O)(O)C(O)(O)C(O)C(O)C3)cc2,O=S1(=O)N[C@H](O)c2ccc(N3C=C4CO[C@H](O)C(O)(CN=N4)C(O)(O)C(O)(O)C(O)C(O)C3)cc21,C1=O[S](=O)N[C@H](O)C2=CC=C(C3C(C(C(C(C(C(C(C(C(C(C(C(C(C(C(C(C(C(C(C(C(C(C(C(C(C(C(C(C(C(C(C(C(C(C(C(C(C(C(C(C(C(C(C(C(C(C(C(C(C(C(C(C(C(C(C(C,O=S1(=O)N[C@H](O)c2ccc(N3C=C4CO[C@H](O)C(O)(CN=N4)C(O)(O)C(O)(O)C(O)C(O)C3)cc21
C1=O[S](=O)N[C@H](O)C2=CC=C(C3C=C(C(=O)N4C=C(C(=O)O)C(O)C(O)C(O)C(O)C(O)C(O)C(O)C(O)C3)C4)C2)C1,O=S1(=O)N[C@H](O)c2ccc(N3C=C4CO[C@H](O)C(O)(CN=N4)C(O)(O)C(O)(O)C(O)C(O)C3)cc21,C1=O[S](=O)N[C@H](O)C2=CC=C(C(=O)N3C=C4C[C@H](O)C(O)C(O)C(O)C(O)C(O)C(O)C(O)C(O)C(O)C(O)C4)C2)C(=O)C3,O=S1(=O)N[C@H](O)c2ccc(N3C=C4CO[C@H](O)C(O)(CN=N4)C(O)(O)C(O)(O)C(O)(O)C(O)C(O)C3)cc21,O=S1(=O)N[C@H](O)c2ccc(N3C=C4CO[C@H](O)C(O)(CN=N4)C(O)(O)C(O)(O)C(O)(O)C(O)C(O)C3)cc21
C1=O[S](=O)N[C@H](O)C2=CC=C(C(=O)N3C=C4CO[C@H](O)C(O)(CN=N4)C(O)(C)C(O)(C)C(O)(C)C(O)C3)C2=C1,C1=O[S]1(=O)N[C@H](O)c2ccc(N3C=C4CO[C@H](O)C(O)(CN=N4)C(O)(O)C(O)(O)C(O)C(O)C3)cc21,C1=O[S](=O)N[C@H](O)C2=CC=C(C3=C(C(=O)N4C=CC4(C(=O)C(O)C(C(=O)C(O)C(C(=O)C(O)C(C(=O)C(O)C3)C)C)N3)C(=O)C,C1=O[S+]1(=O)N[C@H](O)C2=CC=C(C3C=CC4=C(C(C(C(C(C(C(C(C(C(C(C(C(C(C(C(C(C(C(C(C(C(C(C(C(C(C(C(C(C(C(C(C(C(C(C(C(C(C(C(C(C(C(C(C(C(C(C(C(C(C(C,C1=O[S](=O)N[C@H](O)C2=CC=C(C3C=C(C(O)C(O)C(O)C(O)C(O)C(O)C(O)C(O)C(O)C(O)C(O)C(O)C3)C(=O)N4C=CC(O)C(O)C(O
O=S1(=O)N[C@H](O)c2ccc(N3C=C4CO[C@H](O)C(O)(CN=N4)C(O)(O)C(O)(O)C(O)C(O)C3)cc21,C1=O[S](=O)N[C@H](O)c2ccc(N3C=C4CO[C@H](O)C(O)(CN=N4)C(O)(O)C(O)(O)C(O)C(O)C3)cc21,C1=O[S](=O)N[C@H](O)C2=CC=C(C(=O)N3C=C4CO[C@H](O)C(O)(CN=N4)C(O)(O)C(O)(O)C(O)(O)C(O)C(O)C3)C2=C1,C1=O[S](=O)N[C@H](O)C2=CC=C(C3C=CC4=C(C(C(C(C(C(C(C(C(C(C(C(C(C(C(C(C(C(C(C(C(C(C(C(C(C(C(C(C(C(C(C(C(C(C(C(C(C(C(C(C(C(C(C(C(C(C(C(C(C(C(C(C,O=S1(=O)N[C@H](O)c2ccc(N3C=C4CO[C@H](O)C(O)(CN=N4)C(O)(O)C(O)(O)C(O)C(O)C3)cc21
C1=O[S+]1(=O)N[C@H](O)c2ccc(N3C=C4CO[C@H](O)C(O)(CN=N4)C(O)(O)C(O)(O)C(O)(O)C(O)C(O)C3)cc2,O=S1(=O)N[C@H](O)c2ccc(N3C=C4CO[C@H](O)C(O)(CN=N4)C(O)(O)C(O)(O)C(O)(O)C(O)C(O)C3)cc21,C1=O[S](=O)N[C@H](O)C2=CC=C(C3C=C(C4C(=O)C(O)C(C(O)C(C(O)C(C(O)C(C(O)C(C(O)C(C(O)C(C(O)C(C(O)C(C(O)C3)C)C)C)C,O=S1(=O)N[C@H](O)c2ccc(N3C=C4CO[C@H](O)C(O)(CN=N4)C(O)(O)C(O)(O)C(O)(O)C(O)C(O)C3)cc21,C1=O[S](=O)(N[C@H](O)C2=CC=C(C3=C(C=CC(=O)N4C=C(C(=O)C(C(=O)C(C(=O)C(C(=O)C(C(=O)C(C(=O)C(C(=O)C(C(=O)C2)C)C)
O=S1(=O)N[C@H](O)c2ccc(N3C=C4CO[C@H](O)C(O)(CN=N4)C(O)(O)C(O)(O)C(O)(O)C(O)C(O)C3)cc21,C1=CC(F)=C(F)S[C@]2(C(C(C(C(C(C(C(C(C(C(C(C(C(C(C(C(C(C(C(C(C(C(C(C(C(C(C(C(C(C(C(C(C(C(C(C(C(C(C(C(C(C(C(C(C(C(C(C(C(C(C(C(C(C(C(C(C(C(C(C(C(C(C(C(C(C,C1=O[S+]1(=O)N[C@H](O)c2ccc(N3C=C4CO[C@H](O)C(O)(CN=N4)C(O)(O)C(O)(O)C(O)(O)C(O)C3)cc21,CC1=CC(F)=C(F)S[C@]2(CC(F)C2(C)C2C[C@]3(C)SC(C)[C@H]23)C(=S)C1,C1=O[S]1(=O)N[C@H](O)c2ccc(N3C=C4CO[C@H](O)C(O)(CN=N4)C(O)(O)C(O)(O)C(O)(O)C(O)C(O)C3)cc21
C1=O[S+]1(=O)N[C@H](O)c2ccc(N3C=C4CO[C@H](O)C(O)(CN=N4)C(O)(O)C(O)(O)C(O)C3)cc21,C1=O[S](=O)N[C@H](O)C2=CC=C3N[C@H](O)C4=C(CO[C@H](O)C(O)(CN=C4)C(O)(O)C(O)(O)C(O)C(O)C3)C2=CC=C1,C1=O[S+]1(=O)N[C@H](O)C2=CC=C(C(=O)N3C=C4CO[C@H](O)C(O)(CN=N4)C(O)(O)C(O)(O)C(O)(O)C(O)C3)C2,C1=O[S]1(=O)N[C@H](O)C2=CC=C(C3=C(C(=O)N4C=C(C(C(O)C(O)C(O)C(O)C(O)C(O)C(O)C(O)C(O)C(O)C(O)C4)C(N=C3)C2)C),O=S1(=O)N[C@H](O)c2ccc(N3C=C4CO[C@H](O)C(O)(CN=N4)C(O)(O)C(O)(O)C(O)(O)C(O)C(O)C3)cc21
O=S1(=O)N[C@H](O)c2ccc(N3C=C4CO[C@H](O)C(O)(CN=N4)C(O)(O)C(O)(O)C(O)C(O)C3)cc21,O=S1(=O)N[C@H](O)c2ccc(N3C=C4CO[C@H](O)C(O)(CN=N4)C(O)(O)C(O)(O)C(O)(O)C(O)C(O)C3)cc21,O=S1(=O)N[C@H](O)c2ccc(N3C=C4CO[C@H](O)C(O)(CN=N4)C(O)(O)C(O)(O)C(O)(O)C(O)C(O)C3)cc21,O=S1(=O)N[C@H](O)c2ccc(N3C=C4CO[C@H](O)C(O)(CN=N4)C(O)(O)C(O)(O)C(O)C(O)C3)cc21,C1=O[S]1(=O)N[C@H](O)C2=CC=C(N3C=C4C(=O)C2[C@H](O)C(O)C(O)C(O)C(O)C(O)C(O)C(O)C(O)C(O)C3)C4=C(N)N)C=O
C1=O=S1(=O)N[C@H](O)c2ccc(N3C=C4CO[C@H](O)C(O)(CN=N4)C(O)(O)C(O)(O)C(O)(O)C(O)C(O)C3)cc21,C1=O[S1]([O-])(N[C@H](O)c2ccc(N3C=C4CO[C@H](O)C(O)(CN=N4)C(O)(O)C(O)(O)C(O)C(O)C3)cc21)N,C1O=S1(=O)N[C@H](O)c2ccc(N3C=C4CO[C@H](O)C(O)(CN=N4)C(O)(O)C(O)(O)C(O)(O)C(O)C(O)C3)cc21,C1=O[S](=O)N[C@H](O)C2=CC=C(C3=C(C(=O)N4C=C5C[C@H](O)C6=C(C(=O)O)C(O)C(O)C(O)C(O)C(O)C(O)C6)CO)C(=O)O)C(=,C1=O[S](=O)N[C@H](O)C2=CC=C(C3=C(C(C(C(C(C(C(C(C(C(C(C(C(C(C(C(C(C(C(C(C(C(C(C(C(C(C(C(C(C(C(C(C(C(C(C(C(C(C(C(C(C(C(C(C(C(C(C(C(C(C(C(C(C(C(C(C
C1=O[S](=O)N[C@H](O)C2=CC=C(C(=O)N3C=C4C[C@H](O)C(C(=O)O)C(C(=O)O)C(C(=O)O)C(C(=O)O)C(C(=O)O)C(C(=O)O)C,O=S1(=O)N[C@H](O)c2ccc(N3C=C4CO[C@H](O)C(O)(CN=N4)C(O)(O)C(O)(O)C(O)(O)C(O)C(O)C3)cc21,C1=O[S](=O)N[C@H](O)C2=CC=C(C(=O)N3C=C4C[C@H](O)C(C(=O)O)C(O)C(=O)N4C(=O)C(O)C(=O)C(O)C(=O)C3)C2)C1,C1=O[S](=O)N[C@H](O)C2=CC=C(C3=C(C(C4=C(C(=O)C5=C(C(=O)C6=C(C(=O)C7=C(C(=O)C8=C(C(=O)C9=C(C(=O)C1(C(=O)C2(C(=O)C,C1=O[S@H](O)N[C@H](O)C2=CC=C(C3=C(C(O)(C4=CC(=O)C(O)(C)[C@H](O)C(O)C(O)C(O)C(O)C(O)C3)N(C)C4)C2)C1
C1=O[S](=O)(N[C@H](O)C2=CC=C(C3=C(C(C(C(C(C(C(C(C(C(C(C(C(C(C(C(C(C(C(C(C(C(C(C(C(C(C(C(C(C(C(C(C(C(C(C(C(C(C(C(C(C(C(C(C(C(C(C(C(C(C(C(C(C(C(C(C,C1=O[S](=O)N[C@H](O)C2=CC=C(C3C=C4C(O)C(O)C(O)C(O)C(O)C(O)C(O)C(O)C(O)C(O)C(O)C(O)C3)C(=C(C(=O)N4)C(O)C(O,C1=O[S]1(=O)N[C@H](O)c2ccc(N3C=C4CO[C@H](O)C(O)(CN=N4)C(O)(O)C(O)(O)C(O)(O)C(O)C(O)C3)cc21,C1=O[S]1(=O)N[C@H](O)C2=CC=C(C3C=CC(=C(N4C=CC(=O)C(O)C(O)C(O)C(O)C(O)C(O)C(O)C(O)C(O)C4)C3)C2)C(O)C1,O=S1(=O)N[C@H](O)c2ccc(N3C=C4CO[C@H](O)C(O)(CN=N4)C(O)(O)C(O)(O)C(O)(O)C(O)C(O)C3)cc21
C1=O[S](=O)N[C@H](O)C2=CC=C(C3=C(C(=O)C4=C(C(=O)C5=C(C(=O)C6=C(C(=O)C7=C(C(=O)C8=C(C(=O)C9=C(C(=O)C10=C(C(=O)C11=C,C1=O[S+]1(=O)N[C@H](O)c2ccc(N3C=C4CO[C@H](O)C(O)(CN=N4)C(O)(O)C(O)(O)C(O)C(O)C3)cc21,C1=O[S]1(=O)N[C@H](O)C2=CC=C(C3=C(C(=O)C(=O)N(C4=C(C(=O)C(=O)C(=O)C(=O)C(=O)C(=O)C(=O)C(=O)C(=O)C(=O)C(=O,O=S1(=O)N[C@H](O)c2ccc(N3C=C4CO[C@H](O)C(O)(CN=N4)C(O)(O)C(O)(O)C(O)(O)C(O)C(O)C3)cc21,O=S1(=O)N[C@H](O)c2ccc(N3C=C4CO[C@H](O)C(O)(CN=N4)C(O)(O)C(O)(O)C(O)C(O)C3)cc21
C1=O[S](=O)N[C@H](O)C2=CC=C(C3=C(C=CC(=O)N4C=C5C(C(C(C(C(C(O)C(C(C(C(C(O)C(C(C(C(C(O)C(C(C(C(C(O)C(C(C(C(C(O)C(C(C(C(C(O)C(C,O=S1(=O)N[C@H](O)c2ccc(N3C=C4CO[C@H](O)C(O)(CN=N4)C(O)(O)C(O)(O)C(O)C(O)C3)cc21,C1=O[S]1(=O)N[C@H](O)C2=CC=C(C3C=CC(=O)N4C=CC(=O)C4[C@H](O)C(O)C(O)C(O)C(O)C(O)C(O)C3)C2)C=NC3C=CC(=O),O=S1(=O)N[C@H](O)c2ccc(N3C=C4CO[C@H](O)C(O)(CN=N4)C(O)(O)C(O)(O)C(O)(O)C(O)C(O)C3)cc21,C1=O[S](=O)N[C@H](O)C2=CC=C(C3=C(C(O)C(C4=C(C(O)C(O)C(O)C(O)C(O)C(O)C(O)C(O)C4)N=C(C)C3)C)C2)N[C@H](O)C1
O=S1(=O)N[C@H](O)c2ccc(N3C=C4CO[C@H](O)C(O)(CN=N4)C(O)(O)C(O)(O)C(O)C(O)C3)cc21,C1=O[S]1(=O)N[C@H](O)C2=CC=C(C3=C(C4=C(C(=O)C(C(=O)C(C(=O)C(C(=O)C(C(=O)C(C(=O)C(C(=O)C2)N)C)C)C)C)C)C)C,O=S1(=O)N[C@H](O)c2ccc(N3C=C4CO[C@H](O)C(O)(CN=N4)C(O)(O)C(O)(O)C(O)(O)C(O)C(O)C3)cc21,O=S1(=O)N[C@H](O)c2ccc(N3C=C4CO[C@H](O)C(O)(CN=N4)C(O)(O)C(O)(O)C(O)(O)C(O)C(O)C3)cc21,C1=O[S+]1(=O)N[C@H](O)c2ccc(N3C=C4CO[C@H](O)C(O)(CN=N4)C(O)(O)C(O)(O)C(O)(O)C(O)C(O)C3)cc21
C1=O[S](=O)N[C@H](O)C2=CC=C(C3C=C(C4CO[C@H](O)C(O)(CN=C4)C(O)(O)C(O)(O)C(O)C(O)C3)C=CC=C2)C1,C1=O[S]1(=O)N[C@H](O)c2ccc(N3C=C4CO[C@H](O)C(O)(CN=N4)C(O)(O)C(O)(O)C(O)(O)C(O)C(O)C3)cc21,C1=O[S]1(=O)N[C@H](O)c2ccc(N3C=C4CO[C@H](O)C(O)(CN=N4)C(O)(O)C(O)(O)C(O)C(O)C3)cc21,C1=O[S+]1(=O)N[C@H](O)c2ccc(N3C=C4CO[C@H](O)C(O)(CN=N4)C(O)(O)C(O)(O)C(O)C(O)C3)cc21,O=C1(=O)N[C@H](O)c2ccc(N3C=C4CO[C@H](O)C(O)(CN=N4)C(O)(O)C(O)(O)C(O)(O)C(O)C(O)C3)cc21
C1=O[S+]1(=O)N[C@H](O)c2ccc(N3C=C4CO[C@H](O)C(O)(CN=N4)C(O)(O)C(O)(O)C(O)(O)C(O)C3)cc21,C1=O[S](=O)N[C@H](O)C2=CC=C(C3=C(C4CO[C@H](O)C(O)C(O)C(O)C(O)C(O)C3)C(=C(N)N4)C(O)C(O))C=2)C=1,C1=O[S](=O)N[C@H](O)C2=CC=C(C3C=C(C(N4C=C(C(C(O)C(O)C(O)C(O)C(O)C(O)C(O)C(O)C4)N)C(O))C3)C2)C1,O=S1(=O)N[C@H](O)c2ccc(N3C=C4CO[C@H](O)C(O)(CN=N4)C(O)(O)C(O)(O)C(O)(O)C(O)C3)cc21,O=S1(=O)N[C@H](O)c2ccc(N3C=C4CO[C@H](O)C(O)(CN=N4)C(O)(O)C(O)(O)C(O)(O)C(O)C3)cc21
O=S1(=O)N[C@H](O)c2ccc(N3C=C4CO[C@H](O)C(O)(CN=N4)C(O)(O)C(O)(O)C(O)(O)C(O)C(O)C3)cc21,C1=O[S]1(=O)N[C@H](O)C2=CC=C(C3=C(C(C(C(O)C(O)C(O)C(O)C(O)C(O)C3)C(=O)N=C2)C(=O)O)C(=O)O)C(=O)O)C(=O)O,O=C1(=O)N[C@H](O)c2ccc(N3C=C4CO[C@H](O)C(O)(CN=N4)C(O)(O)C(O)(O)C(O)C(O)C3)cc21,C1=O.S1(=O)N[C@H](O)C2=CC=C(N3C=C4C(=O)C5=C(C(=O)C6=C(C(=O)C(=O)C(=O)C(=O)C(=O)C(=O)C(=O)C(=O)C(=O)C(=O),C1=O=S1(=O)N[C@H](O)C2=CC=C(C3=C(C(=O)C4=C(C(=O)C(C(=O)C(C(=O)C(C(=O)C(C(=O)C(C(=O)C(C(=O)C(C(=O)C(C(=O)C(C(=O)
C1=O[S](=O)N[C@H](O)C2=CC=C(C3=C(C(=O)C4=C(C(=O)C5=C(C(=O)C6=C(C(=O)C7=C(C(=O)C8=C(C(=O)C9=C(C(=O)C1(C(=O)C2(C(=,O=S1(=O)N[C@H](O)c2ccc(N3C=C4CO[C@H](O)C(O)(CN=N4)C(O)(O)C(O)(O)C(O)(O)C(O)C(O)C3)cc21,C1=O[S]1(=O)N[C@H](O)c2ccc(N3C=C4CO[C@H](O)C(O)(CN=N4)C(O)(O)C(O)(O)C(O)(O)C(O)C(O)C3)cc21,O=S1(=O)N[C@H](O)c2ccc(N3C=C4CO[C@H](O)C(O)(CN=N4)C(O)(O)C(O)(O)C(O)C(O)C3)cc21,O=S1(=O)N[C@H](O)c2ccc(N3C=C4CO[C@H](O)C(O)(CN=N4)C(O)(O)C(O)(O)C(O)(O)C(O)C(O)C3)cc21
O=S1(=O)N[C@H](O)c2ccc(N3C=C4CO[C@H](O)C(O)(CN=N4)C(O)(O)C(O)(O)C(O)(O)C(O)C(O)C3)cc21,C1=O[S](=O)N[C@H](O)C2=CC=C(C3C=C(C(=O)N4C=CC5=C(C(=O)O)C(O)C(O)C(O)C(O)C(O)C(O)C(O)C5)C(=O)C(N4)C3)C2),C1=O[S](=O)(N[C@H](O)C2=CC=C(C3C=CC(=O)N4C(=C(C5=CC(=O)N(C(C(C(C(C(C(C(C(C(C(C(C(C(C(C(C(C(C(C(C(C(C(C(C(C(C(C(C(C(C(C(C(C(C(C(C(C(C,C1=O[S]1(=O)N[C@H](O)C2=CC=C(C3=C(C(N4C=CC4)C(=O)C(O)C(O)C(O)C(O)C(O)C(O)C(O)C(O)C3)C2)N3C=CC3,C1=O[S](=O)N[C@H](O)C2=CC=C(C3=C(C4=C(C(C(C(C(C(C(C(C(C(C(C(C(C(C(C(C(C(C(C(C(C(C(C(C(C(C(C(C(C(C(C(C(C(C(C(C(C(C(C(C(C(C(C(C(C(C(C(C(C(C(C(C(C
O=S1(=O)N[C@H](O)c2ccc(N3C=C4CO[C@H](O)C(O)(CN=N4)C(O)(O)C(O)(O)C(O)(O)C(O)C(O)C3)cc21,C1=O[S]1(=O)N[C@H](O)C2=CC=C(C3=C(C(C4=C(O)C(O)C(O)C(O)C(O)C(O)C(O)C(O)C(O)C(O)C(O)C(O)C(O)C3)C(N=C4)C(O)C(O,C1=O[S](=O)N[C@H](O)C2=CC=C(N3C=C4C(C(=O)C(O)C(C(=O)C(O)C(C(=O)C(O)C(C(=O)C(O)C(C(=O)C(O)C3)N=N4)C)C2)C),C1=O[S]1(=O)N[C@H](O)C2=CC=C(C(=O)N3C=C4C(=O)C(=O)N(C(=O)C(=O)C(=O)C(=O)C(=O)C(=O)C(=O)C(=O)C(=O)C(=O),C1=O=S1(=O)N[C@H]1c2ccc(N3C=C4CO[C@H]4C(O)(CN=N4)C(O)(O)C(O)(O)C(O)(O)C(O)C(O)C3)cc21
C1=O[S+]1(=O)N[C@H](O)c2ccc(N3C=C4CO[C@H](O)C(O)(CN=N4)C(O)(O)C(O)(O)C(O)C(O)C(O)C3)cc21,C1=O[S+]1(=O)N[C@H](O)C2=CC=C3N4C=CC4C(=O)C2(C(C(=O)C3=CC=C4C(=O)C5=C(C(=O)C6=C(C(=O)C7=C(C(=O)C8=C(C(=O)C9,O=S1(=O)N[C@H](O)c2ccc(N3C=C4CO[C@H](O)C(O)(CN=N4)C(O)(O)C(O)(O)C(O)(O)C(O)C(O)C3)cc21,O=S1(=O)N[C@H](O)c2ccc(N3C=C4CO[C@H](O)C(O)(CN=N4)C(O)(O)C(O)(O)C(O)C(O)C3)cc21,C1=O[S](=O)N[C@H](O)C2=CC=C(C(=O)N3C=C4CO[C@H](O)C(O)(CN=N4)C(O)(O)C(O)(O)C(O)(O)C(O)C3)C2=C1
C1=O[S](=O)N[C@H](O)C2=CC=C(C3C=C(C4C(C(=O)C(C(O)C(C(O)C(C(O)C(C(O)C(C(O)C(C(O)C(C(O)C(C(O)C(C(O)C(C(O)C3)C)C)C,C1=O[S](=O)N[C@H](O)C2=CC=C(C3=C(C(N4C=CC=CC4)C(O)(C(O)(C(O)C(O)C(O)C(O)C(O)C(O)C(O)C(O))C(O))C3)C2)C1,O=S1(=O)N[C@H](O)c2ccc(N3C=C4CO[C@H](O)C(O)(CN=N4)C(O)(O)C(O)(O)C(O)(O)C(O)C(O)C3)cc21,C1=O[S+]1(=O)N[C@H](O)C2=CC=C3C[C@H](O)C4=C(N3)C(=O)C5=C(O)C(C(=O)O)N(C(=O)C(C(=O)O)C(C(=O)O)C(C(=O)O)C(C,C1=O[S](=O)N[C@H](O)C2=CC=C(C3C=C(N4C=CC(=O)C(O)C(O)C(O)C(O)C(O)C(O)C(O)C(O)C(O)C4)CC3)C2=C1
C1=O[S](=O)N[C@H](O)C2=CC=C(C3C=C(C(O)C(O)C(O)C(O)C(O)C(O)C(O)C(O)C3)C(N=C)C4CO[C@H](O)C(O)C(O)C(O)C(O)C(O),O=S1(=O)N[C@H](O)c2ccc(N3C=C4CO[C@H](O)C(O)(CN=N4)C(O)(O)C(O)(O)C(O)(O)C(O)C(O)C3)cc21,O=S1(=O)N[C@H](O)c2ccc(N3C=C4CO[C@H](O)C(O)(CN=N4)C(O)(O)C(O)(O)C(O)C(O)C3)cc21,O=S1(=O)N[C@H](O)c2ccc(N3C=C4CO[C@H](O)C(O)(CN=N4)C(O)(O)C(O)(O)C(O)(O)C(O)C(O)C3)cc21,C1=O[S](=O)N[C@H](O)C2=CC3=C(C(N4C=C(C5CO[C@H](O)C(O)C(O)C(O)C(O)C(O)C(O)C(O)C(O)C(O)C5)C(N4)C3)C2)C1
O=S1(=O)N[C@H](O)c2ccc(N3C=C4CO[C@H](O)C(O)(CN=N4)C(O)(O)C(O)(O)C(O)(O)C(O)C(O)C3)cc21,C1=O[S](=O)N[C@H](O)C2=CC=C(C3=C(C(C(C(C(C(C(C(C(C(C(C(C(C(C(C(C(C(C(C(C(C(C(C(C(C(C(C(C(C(C(C(C(C(C(C(C(C(C(C(C(C(C(C(C(C(C(C(C(C(C(C(C(C(C(C(C,C1=O[S](=O)N[C@H](O)C2=CC=C(C(=O)N3C=C4CO[C@H](O)C(O)(CN=N4)C(O)(O)C(O)(O)C(O)(O)C(O)C(O)C3)C2=C1,O=S1(=O)N[C@H](O)c2ccc(N3C=C4CO[C@H](O)C(O)(CN=N4)C(O)(O)C(O)(O)C(O)C(O)C3)cc21,O=S1(=O)N[C@H](O)c2ccc(N3C=C4CO[C@H](O)C(O)(CN=N4)C(O)(O)C(O)(O)C(O)(O)C(O)C(O)C3)cc21
C1=C(F)[C@H]2[C@]3(C(=S)C1)[C@@]14S[C@@H]1CC(F)=C(F)[C@@]24C,CC1=C(F)[C@H]2[C@]3(C(=S)C1)[C@@]14S[C@@H]1CC(F)=C(F)[C@@]24C,CC1=C(F)C(C(F)(F)S1)C2(C(C(F)F)C3(C(C(F)F)S3)C2)C4C(F)(F)C(C(F)F)C4,C1=CC(F)C(F)C1[C@H]2[C@]3(C(=S)C1)[C@@]14S[C@@H]1CC(F)=C(F)C2[C@@]43,C1=O[S](=O)N[C@H](O)c2ccc(N3C=C4CO[C@H](O)C(O)(CN=N4)C(O)(O)C(O)(O)C(O)(O)C(O)C(O)C3)cc21
O=S1(=O)N[C@H](O)c2ccc(N3C=C4CO[C@H](O)C(O)(CN=N4)C(O)(O)C(O)(O)C(O)(O)C(O)C(O)C3)cc21,C1=O[S]1(=O)N[C@H](O)C2=CC=C(C3=C(C(C4=C(C(C(C(C(C(C(C(C(C(C(C(C(C(C(C(C(C(C(C(C(C(C(C(C(C(C(C(C(C(C(C(C(C(C(C(C(C(C(C(C(C(C(C(C(C(C(C(C(C(C(C,O=S1(=O)N[C@H](O)c2ccc(N3C=C4CO[C@H](O)C(O)(CN=N4)C(O)(O)C(O)(O)C(O)(O)C(O)C(O)C3)cc21,C1=O[S]1(=O)N[C@H](O)c2ccc(N3C=C4CO[C@H](O)C(O)(CN=N4)C(O)(O)C(O)(O)C(O)C(O)C(O)C3)cc21,O=S1(=O)N[C@H](O)c2ccc(N3C=C4CO[C@H](O)C(O)(CN=N4)C(O)(O)C(O)(O)C(O)(O)C(O)C(O)C3)cc21
C1=O[S]1(=O)N[C@H](O)C2=CC=C3N4C=CC(=O)C4[C@H](O)C(O)C(O)C(O)C(O)C(O)C(O)C3)C2,O=S1(=O)N[C@H](O)c2ccc(N3C=C4CO[C@H](O)C(O)(CN=N4)C(O)(O)C(O)(O)C(O)(O)C(O)C(O)C3)cc21,C1=O[S+]1(=O)N[C@H](O)c2ccc(N3C=C4CO[C@H](O)C(O)(CN=N4)C(O)(O)C(O)(O)C(O)C(O)C3)cc21,C1=O=S1(=O)N[C@H](O)C2=CC=C(C3C(=O)C(=O)N(C4C(=O)C(=O)C(=O)C(=O)C(=O)C(=O)C(=O)C(=O)C(=O)C(=O)C(=O)C(=,C1=O[S@H]1[N@H]2[C@H]3c2ccc(N4C=C5C6CO[C@H]5C(O)C(O)C(O)C(O)C(O)C(O)C(O)C6)cc34)cc2
C1=O[S]1(=O)N[C@H](O)C2=CC=C(C3=C(C4=CC=CC=C4C(C(C(C(C(C(C(C(C(C(C(C(C(C(C(C(C(C(C(C(C(C(C(C(C(C(C(C(C(C(C(C(C(C(C(C(C(C(C(C(C(C(C(C(C(C(C,C1=O[S](=O)N[C@H](O)C2=CC=C(C3=C(C(=O)N4C=C(C(C(O)C(O)C(O)C(O)C(O)C(O)C(O)C(O)C(O)C(O)C4)C3)C2)C1)C=NC3=,C1=O[S+]1(=O)N[C@H](O)C2=CC=C(N3C=C4CO[C@H](O)C(O)(CN=C4)C(O)(O)C(O)(O)C(O)(O)C(O)C3)C2,C1=O[S]1(=O)N[C@H](O)C2=CC=C3N4C=C(C(O)C(O)C(O)C(O)C(O)C(O)C(O)C4)C3=CC=C2,C1=O[S]1(=O)N[C@H](O)C2=CC=C(C3=C(C(C(C(C(C(C(C(C(C(C(C(C(C(C(C(C(C(C(C(C(C(C(C(C(C(C(C(C(C(C(C(C(C(C(C(C(C(C(C(C(C(C(C(C(C(C(C(C(C(C(C(C(C(C(C
O=S1(=O)N[C@H](O)c2ccc(N3C=C4CO[C@H](O)C(O)(CN=N4)C(O)(O)C(O)(O)C(O)(O)C(O)C(O)C3)cc21,C1=O[S@O]([O])N[C@H](O)C2=CC=C(C3=C(C4=C(C(O)C(O)C(O)C(O)C(O)C(O)C(O)C(O)C(O)C(O)C(O)C(O)C3)C(=C(N)C4)C(=O),C1=O[S]1(=O)N[C@H](O)c2ccc(N3C=C4CO[C@H](O)C(O)(CN=N4)C(O)(O)C(O)(O)C(O)(O)C(O)C(O)C3)cc21,C1=O[S@](=O)N[C@H](O)C2=CC=C(N3C=C4CO[C@H](O)C(O)(CN=N4)C(O)(O)C(O)(O)C(O)(O)C(O)C(O)C3)C2=C1,C1=O[S+]1(=O)N[C@H](O)C2=CC=C3N4C=C(C(C(=O)O)C(=O)C(O)C(O)C(O)C(O)C(O)C3)C4)C2
O=S1(=O)N[C@H](O)c2ccc(N3C=C4CO[C@H](O)C(O)(CN=N4)C(O)(O)C(O)(O)C(O)(O)C(O)C(O)C3)cc21,O=S1(=O)N[C@H](O)c2ccc(N3C=C4CO[C@H](O)C(O)(CN=N4)C(O)(O)C(O)(O)C(O)(O)C(O)C(O)C3)cc21,O=S1(=O)N[C@H](O)c2ccc(N3C=C4CO[C@H](O)C(O)(CN=N4)C(O)(O)C(O)(O)C(O)C(O)C3)cc21,C1=O[S]1(=O)N[C@H](O)c2ccc(N3C=C4CO[C@H](O)C(O)(CN=N4)C(O)(O)C(O)(O)C(O)(O)C(O)C3)cc21,C1=O[S]1(=O)N[C@H](O)c2ccc(N3C=C4CO[C@H](O)C(O)(CN=N4)C(O)(O)C(O)(O)C(O)(O)C(O)C(O)C3)cc21
O=S1(=O)N[C@H](O)c2ccc(N3C=C4CO[C@H](O)C(O)(CN=N4)C(O)(O)C(O)(O)C(O)C(O)C3)cc21,C1=O[S+]1(=O)N[C@H](O)C2=CC=C(C3=C(C(C(C(C(C(C(C(C(C(C(C(C(C(C(C(C(C(C(C(C(C(C(C(C(C(C(C(C(C(C(C(C(C(C(C(C(C(C(C(C(C(C(C(C(C(C(C(C(C(C(C(C(C(C(C,C1=O[S](=O)N[C@H](O)C2=CC=C(C3=C(C(=O)C4=C(C(=O)C5=C(C(=O)C6=C(C(=O)C7=C(C(=O)C8=C(C(=O)C9=C(C(=O)C1=C(C(=O)C2=C,C1=O[S](=O)N[C@H]1c2ccc(N3C=C4CO[C@H](O)C(O)(CN=N4)C(O)(O)C(O)(O)C(O)(O)C(O)C(O)C3)cc21,C1=O[S](=O)N[C@H](O)C2=CC=C3N4C=CC(=O)C4[C@H](O)C(C(C(=O)N=N4)C(O)C(O)C(O)C(O)C(O)C(O)C(O)C3)C2=C1
C1=O[S+]1(=O)N[C@H]1c2ccc(N3C=C4CO[C@H](O)C(O)(CN=N4)C(O)(O)C(O)(O)C(O)(O)C(O)C(O)C3)cc21,C1=O[S]1(=O)N[C@H](O)c2ccc(N3C=C4CO[C@H](O)C(O)(CN=N4)C(O)(O)C(O)(O)C(O)(O)C(O)C(O)C3)cc21,C1=O[S](=O)N[C@H](O)C2=CC=C3N4C=C(C(C(=O)O)C(=O)O)C(=O)O)C(=O)O)C(=O)O)C(=O)O)C(=O)O)C(=O)O)C(=O)O,O=S1(=O)N[C@H](O)c2ccc(N3C=C4CO[C@H](O)C(O)(CN=N4)C(O)(O)C(O)(O)C(O)(O)C(O)C(O)C3)cc21,C1=O[S](=O)N[C@H](O)C2=CC=C(C3=C(C(C(C(C(C(C(C(C(C(C(C(C(C(C(C(C(C(C(C(C(C(C(C(C(C(C(C(C(C(C(C(C(C(C(C(C(C(C(C(C(C(C(C(C(C(C(C(C(C(C(C(C(C(C(C(C
C1=O[S]1(=O)N[C@H](O)C2=CC=C(C3=C(C(=O)C(C(=O)N4C=C(C(C(=O)C(C(=O)C(C(=O)C(C(=O)C(C(=O)C(C(=O)C(C(=O)C3)C)C),C1=O[S](=O)N[C@H](O)C2=CC=C(C(N3C=C4C(C(=O)O[C@H](O)C(O)(CN=N4)C(O)(O)C(O)(O)C(O)C(O)C3)C)C)C2=C1,C1=O[S]1(=O)N[C@H](O)C2=CC=C(N3C=C4CO[C@H](O)C(O)(CN=N4)C(O)(O)C(O)(O)C(O)(O)C(O)C(O)C3)C2,C1=O[S]1(=O)N[C@H](O)C2=CC=C(C3=C(C(=C(C(=O)C4=C(C(=C(C(=O)C(C(=O)C(C(=O)C(C(=O)C(C(=O)C(C(=O)C(C(=O)C(C(=O)C(C(=,C1=O[S](=O)N[C@H](O)C2=CC=C(C3=C(C(C(=O)N4C=CC5=C(C(=O)O[C@H](O)C6(C(C(=O)O)C(=O)O)C(=O)O)C(=O)N5)C(=O)O
C1=O[S]1(=O)N[C@H](O)C2=CC=C(C(=O)N3C=C4C(C(=O)O[C@H](O)C(O)C(O)C(O)C(O)C(O)C(O)C3)C4)C2)C1,C1=O[S]1(=O)N[C@H](O)c2ccc(N3C=C4CO[C@H](O)C(O)(CN=N4)C(O)(O)C(O)(O)C(O)C(O)C3)cc21,C1=O[S](=O)N[C@H](O)C2=CC=C(C3C=CC(=O)N4C=CC5=C4C(C(O)C(O)C(O)C(O)C(O)C(O)C(O)C5)C3)C2=C1,C1=O[S](=O)N[C@H](O)C2=CC=C(C(=O)N3C=C4CO[C@H](O)C(O)C(O)C(O)C(O)C(O)C(O)C(O)C3)C2=C1)C4=CC(=O)N4,O=S1(=O)N[C@H](O)c2ccc(N3C=C4CO[C@H](O)C(O)(CN=N4)C(O)(O)C(O)(O)C(O)C(O)C3)cc21
C1=O[S](=O)N[C@H](O)C2=CC=C(C3=C(C4=C(C(=O)C(O)C(O)C(O)C(O)C(O)C(O)C(O)C(O)C(O)C(O)C4)N(C)C(=O)N3)C)C=C2),C1=O[S]1(=O)N[C@H](O)C2=CC=C(C3=C(C(=O)C4=C(C(=O)C(O)C(O)C(O)C(O)C(O)C(O)C(O)C(O)C4)N3)C(=O)C2)C(O)C(O)C,O=S1(=O)N[C@H](O)c2ccc(N3C=C4CO[C@H](O)C(O)(CN=N4)C(O)(O)C(O)(O)C(O)(O)C(O)C(O)C3)cc21,C1=O[S+]([O-])N[C@H]1c2ccc(N3C=C4CO[C@H]4(C)C(O)C(O)(CN=N4)C(O)(C)C(O)(C)C(O)C(O)C3)cc21,O=S1(=O)N[C@H](O)c2ccc(N3C=C4CO[C@H](O)C(O)(CN=N4)C(O)(O)C(O)(O)C(O)(O)C(O)C(O)C3)cc21
O=S1(=O)N[C@H](O)c2ccc(N3C=C4CO[C@H](O)C(O)(CN=N4)C(O)(O)C(O)(O)C(O)C(O)C3)cc21,O=C1(=O)N[C@H](O)c2ccc(N3C=C4CO[C@H](O)C(O)(CN=N4)C(O)(O)C(O)(O)C(O)(O)C(O)C(O)C3)cc21,C1=O[S](=O)N[C@H](O)C2=CC=C(C3=C(C(=O)N4C(=C(C(=O)O[C@H](O)C(O)C(O)C(O)C(O)C(O)C3)N4)C2)C(=O)O)C1)C2=,C1=O[S]1(=O)N[C@H](O)c2ccc(N3C=C4CO[C@H](O)C(O)(CN=N4)C(O)(O)C(O)(O)C(O)(O)C(O)C(O)C3)cc21,O=S1(=O)N[C@H](O)c2ccc(N3C=C4CO[C@H](O)C(O)(CN=N4)C(O)(O)C(O)(O)C(O)(O)C(O)C(O)C3)cc21
C1=O[S]1(=O)N[C@H](O)c2ccc(N3C=C4CO[C@H](O)C(O)(CN=N4)C(O)(O)C(O)(O)C(O)(O)C(O)C(O)C3)cc21,O=S1(=O)N[C@H](O)c2ccc(N3C=C4CO[C@H](O)C(O)(CN=N4)C(O)(O)C(O)(O)C(O)(O)C(O)C(O)C3)cc21,O=S1(=O)N[C@H](O)c2ccc(N3C=C4CO[C@H](O)C(O)(CN=N4)C(O)(O)C(O)(O)C(O)(O)C(O)C(O)C3)cc21,C1=O[S](=O)N[C@H](O)c2ccc(N3C=C4CO[C@H](O)C(O)(CN=N4)C(O)(O)C(O)(O)C(O)(O)C(O)C(O)C3)cc21,O=S1(=O)N[C@H](O)c2ccc(N3C=C4CO[C@H](O)C(O)(CN=N4)C(O)(O)C(O)(O)C(O)C(O)C3)cc21
O=S1(=O)N[C@H](O)c2ccc(N3C=C4CO[C@H](O)C(O)(CN=N4)C(O)(O)C(O)(O)C(O)(O)C(O)C(O)C3)cc21,O=S1(=O)N[C@H](O)c2ccc(N3C=C4CO[C@H](O)C(O)(CN=N4)C(O)(O)C(O)(O)C(O)(O)C(O)C(O)C3)cc21,C1=O[S](=O)N[C@H](O)C2=CC=C(C3=C(C(=O)C4=C(C(=O)C(O)C(O)C(O)C(O)C(O)C(O)C(O)C4)C(=O)N(C3)C)C2)C1)C1=CC=,O=S1(=O)N[C@H](O)c2ccc(N3C=C4CO[C@H](O)C(O)(CN=N4)C(O)(O)C(O)(O)C(O)(O)C(O)C(O)C3)cc21,C1=O[S](=O)N[C@H](O)C2=CC=C(N3C=C4CO[C@H](O)C(O)(CN=N4)C(O)(O)C(O)(O)C(O)(O)C(O)C(O)C3)C2=C1
O=S1(=O)N[C@H](O)c2ccc(N3C=C4CO[C@H](O)C(O)(CN=N4)C(O)(O)C(O)(O)C(O)C(O)C3)cc21,O=S1(=O)N[C@H](O)c2ccc(N3C=C4CO[C@H](O)C(O)(CN=N4)C(O)(O)C(O)(O)C(O)(O)C(O)C(O)C3)cc21,O=S1(=O)N[C@H](O)c2ccc(N3C=C4CO[C@H](O)C(O)(CN=N4)C(O)(O)C(O)(O)C(O)C(O)C3)cc21,O=S1(=O)N[C@H](O)c2ccc(N3C=C4CO[C@H](O)C(O)(CN=N4)C(O)(O)C(O)(O)C(O)(O)C(O)C(O)C3)cc21,O=S1(=O)N[C@H](O)c2ccc(N3C=C4CO[C@H](O)C(O)(CN=N4)C(O)(O)C(O)(O)C(O)(O)C(O)C(O)C3)cc21
C1=O[S]1(=O)N[C@H](O)c2ccc(N3C=C4CO[C@H](O)C(O)(CN=N4)C(O)(O)C(O)(O)C(O)(O)C(O)C(O)C3)cc21,O=S1(=O)N[C@H](O)c2ccc(N3C=C4CO[C@H](O)C(O)(CN=N4)C(O)(O)C(O)(O)C(O)(O)C(O)C(O)C3)cc21,C1=O[S](=O)N[C@H](O)C2=CC=C(C3C=CC(=O)N4C=CC(=O)C4(C(C(C(C(C(C(C(C(C(C(C(C(C(C(C(C(C(C(C(C(C(C(C(C(C(C(C(C(C(C(C(C(C(C(C(C(C(C(C(C(C,O=S1(=O)N[C@H](O)c2ccc(N3C=C4CO[C@H](O)C(O)(CN=N4)C(O)(O)C(O)(O)C(O)(O)C(O)C(O)C3)cc21,O=S1(=O)N[C@H](O)c2ccc(N3C=C4CO[C@H](O)C(O)(CN=N4)C(O)(O)C(O)(O)C(O)C(O)C3)cc21
C1=O[S](=O)N[C@H](O)C2=CC=C(C3=C(C(C(C(C(C(C(C(C(C(C(C(C(C(C(C(C(C(C(C(C(C(C(C(C(C(C(C(C(C(C(C(C(C(C(C(C(C(C(C(C(C(C(C(C(C(C(C(C(C(C(C(C(C(C(C(C,O=S1(=O)N[C@H](O)c2ccc(N3C=C4CO[C@H](O)C(O)(CN=N4)C(O)(O)C(O)(O)C(O)(O)C(O)C(O)C3)cc21,C1=O[S]1(=O)N[C@H](O)c2ccc(N3C=C4CO[C@H](O)C(O)(CN=N4)C(O)(O)C(O)(O)C(O)(O)C(O)C(O)C3)cc21,C1=O=S1(=O)N[C@H](O)C2=CC=C(C(=O)N3C=C4C(C(=O)O[C@H](O)C(O)C(O)C(O)C(O)C(O)C3)C4)C2)C1,O=S1(=O)N[C@H](O)c2ccc(N3C=C4CO[C@H](O)C(O)(CN=N4)C(O)(O)C(O)(O)C(O)(O)C(O)C3)cc21
O=S1(=O)N[C@H](O)c2ccc(N3C=C4CO[C@H](O)C(O)(CN=N4)C(O)(O)C(O)(O)C(O)(O)C(O)C(O)C3)cc21,O=S1(=O)N[C@H](O)c2ccc(N3C=C4CO[C@H](O)C(O)(CN=N4)C(O)(O)C(O)(O)C(O)(O)C(O)C(O)C3)cc21,O=S1(=O)N[C@H](O)c2ccc(N3C=C4CO[C@H](O)C(O)(CN=N4)C(O)(O)C(O)(O)C(O)(O)C(O)C(O)C3)cc21,C1=O[S](=O)N[C@H](O)C2=CC=C(C3=C(C(=O)C4=C(C(=O)C[C@H](O)C(O)C(O)C(O)C(O)C(O)C(O)C4)C3)C(=O)N)C2)C1,O=S1(=O)N[C@H](O)c2ccc(N3C=C4CO[C@H](O)C(O)(CN=N4)C(O)(O)C(O)(O)C(O)(O)C(O)C(O)C3)cc21
C1=O[S+]1=O[NH]c2ccc(N3C=C4CO[C@H](O)C(O)(CN=N4)C(O)(O)C(O)(O)C(O)(O)C(O)C(O)C3)cc21,C1=O[S](=O)(N[C@H](O)C2=CC=C(C(=O)N3C=C4C(C(=O)O[C@H](O)C(O)C(O)C(O)C(O)C(O)C(O)C3)C4)C2)C1)C1=CC=CC=C1,C1=O[S]1(=O)N[C@H](O)C2=CC=C(C3=C(C=C(C4=C(C=O)C(O)C(O)C(O)C(O)C(O)C(O)C4)C(N=C3)C(O)C(O)C(O)C(O)C(O)C(O)C(O,C1=O[S](=O)N[C@H](O)C2=CC=C3N4C=C(C(O)C(O)C(O)C(O)C(O)C(O)C(O)C(O)C4)C3=C2C(O)C1=O,O=S1(=O)N[C@H](O)c2ccc(N3C=C4CO[C@H](O)C(O)(CN=N4)C(O)(O)C(O)(O)C(O)(O)C(O)C(O)C3)cc21
C1=O[S](=O)N[C@H](O)C2=CC3=C(C(=O)N4C=CC5=C(C(=O)O[C@H](O)C6(C(C(N=C(N6)C(O)C(O)C(O)C(O)C(O)C(O)))(O)C(O))C5),C1=O[S]1(=O)N[C@H](O)c2ccc(N3C=C4CO[C@H](O)C(O)(CN=N4)C(O)(O)C(O)(O)C(O)(O)C(O)C3)cc21,O=S1(=O)N[C@H](O)c2ccc(N3C=C4CO[C@H](O)C(O)(CN=N4)C(O)(O)C(O)(O)C(O)(O)C(O)C3)cc21,C1=O[S](=O)N[C@H](O)C2=CC=C(C3C=C(C(O)C4=CC(=O)N(C(C(C(O)C(C(C(O)C(C(C(O)C(O)C)O)O)O)O)C)O)C(O)C3)C)C2)C,C1=O[S+]1(=O)N[C@H](O)c2ccc(N3C=C4CO[C@H](O)C(O)(CN=N4)C(O)(O)C(O)(O)C(O)C3)cc21
C1=O[S+]1(=O)N[C@H](O)C2=CC=C(C(=O)N3C=C4CO[C@H](O)C(O)(CN=N4)C(O)(O)C(O)(O)C(O)(O)C(O)C(O)C3)C2,C1=O[S](=O)N[C@H](O)C2=CC3=C(C(=O)N4C=CC5=C(C(=O)C(O)(C)C(N=C5)C(O)(C)C(O)C(O)C(O)C(O)C)C3)C(=O)C2=C(O)C(O,C1=O[S](=O)(N[C@H]1c2ccc(N3C=C4CO[C@H](O)C(O)(CN=N4)C(O)(O)C(O)(O)C(O)(O)C(O)C3)cc21)C,C1=O[S+]1(=O)N[C@H](O)c2ccc(N3C=C4CO[C@H](O)C(O)(CN=N4)C(O)(O)C(O)(O)C(O)(O)C(O)C(O)C3)cc21,C1=O=S1(=O)N[C@H](O)C2=CC=C(C(=O)N3C=C4CO[C@H](O)C(O)(CN=N4)C(O)(O)C(O)(O)C(O)(O)C(O)C(O)C3)C2
C1=O[S]1(=O)N[C@H](O)C2=CC=C(C3C=C(C4CO[C@H](O)C(O)C(O)C(O)C(O)C(O)C4)C3)C2,C1=O[S]1(=O)N[C@H](O)C2=CC=C(C(=O)N3C=C4CO[C@H](O)C(O)(CN=N4)C(O)(O)C(O)(O)C(O)C(O)C3)C2,C1=O[S](=O)N[C@H](O)C2=CC=C(N3C=C4C(=O)C5=C(C(=O)C6=C(C(=O)C(=O)C(=O)C(=O)C(=O)C(=O)C(=O)C(=O)C(=O)C(=O),O=S1(=O)N[C@H](O)c2ccc(N3C=C4CO[C@H](O)C(O)(CN=N4)C(O)(O)C(O)(O)C(O)(O)C(O)C(O)C3)cc21,C1=O[S+]1(=O)N[C@H]2c3ccc(N4C=C5CO[C@H](O)C(O)(CN=N5)C(O)(O)C(O)(O)C(O)(O)C(O)C4)cc23[C@H]2O
C1=O[S](=O)N[C@H](O)C2=CC=C(C3C=CC(=O)N4C=CC(=O)C(C(C(C(C(C(C(C(C(C(C(C(C(C(C(C(C(C(C(C(C(C(C(C(C(C(C(C(C(C(C(C(C(C(C(C(C(C(C(C(C(C(C,O=S1(=O)N[C@H](O)c2ccc(N3C=C4CO[C@H](O)C(O)(CN=N4)C(O)(O)C(O)(O)C(O)(O)C(O)C3)cc21,C1=O[S]1(=O)N[C@H]1c2ccc(N3C=C4CO[C@H]1O)C(O)C(O)C(O)C(O)C(O)C(O)C(O)C(O)C3)cc21,C1=O[S+]1(=O)N[C@H](O)C2=CC=C(C3C=CC(=O)N4C=CC(=O)C(O)C(O)C(O)C(O)C(O)C(O)C4)C3)C2,C1=O[S](=O)N[C@H](O)C2=CC=C(C3C=CC(=O)N4C=CC(=O)C5(C(C(C(C(O)C(C(C(C(O)C(O)C(O)C(O)C(O)C(O)C(O))O)O)O)O)O)O
C1=O[S](=O)N[C@H](O)C2=CC=C(C(=O)N3C=CC4=C(CO[C@H](O)C(C(=O)N=C4)C(O)C(C(=O)O)C(O)C(C(=O)O)C(O)C(C(=O)O)C,O=S1(=O)N[C@H](O)c2ccc(N3C=C4CO[C@H](O)C(O)(CN=N4)C(O)(O)C(O)(O)C(O)(O)C(O)C(O)C3)cc21,C1=O[S+]1(=O)N[C@H](O)c2ccc(N3C=C4CO[C@H](O)C(O)(CN=N4)C(O)(O)C(O)(O)C(O)(O)C(O)C(O)C3)cc21,C1=O[S]1(=O)N[C@H](O)c2ccc(N3C=C4CO[C@H](O)C(O)(CN=N4)C(O)(O)C(O)(O)C(O)(O)C(O)C(O)C3)cc21,C1=O=S1(=O)N[C@H](O)C2=CC=C(C3=C(C(C(C(C(C(C(C(C(C(C(C(C(C(C(C(C(C(C(C(C(C(C(C(C(C(C(C(C(C(C(C(C(C(C(C(C(C(C(C(C(C(C(C(C(C(C(C(C(C(C(C(C(C(C(C(C
C1=O[S]1(=O)N[C@H](O)c2ccc(N3C=C4CO[C@H](O)C(O)(CN=N4)C(O)(O)C(O)(O)C(O)(O)C(O)C(O)C3)cc21,O=S1(=O)N[C@H](O)c2ccc(N3C=C4CO[C@H](O)C(O)(CN=N4)C(O)(O)C(O)(O)C(O)C(O)C3)cc21,C1=O[S](=O)N[C@H](O)C2=CC=C(C3C=CC(N4C=C(C5CO[C@H](O)C(O)C(O)C(O)C(O)C(O)C(O)C(O)C(O)C(O)C(O)C5)C(N3)C4)C,C1=O[S](=O)N[C@H](O)C2=CC=C(C3C=C(C(=O)N4C=C(C(=O)O)C4(C)C(=O)O)C(C)C(=O)O)C(=O)O)C(=O)O)C(=O)O)C(=O),C1=O[S](=O)N[C@H](O)C2=CC=C3N4C=CC(C(=O)O[C@H](O)C(O)C(O)C(O)C(O)C(O)C(O)C3)C4=C(O)C(O)C2=C1
O=S1(=O)N[C@H](O)c2ccc(N3C=C4CO[C@H](O)C(O)(CN=N4)C(O)(O)C(O)(O)C(O)(O)C(O)C(O)C3)cc21,O=S1(=O)N[C@H](O)c2ccc(N3C=C4CO[C@H](O)C(O)(CN=N4)C(O)(O)C(O)(O)C(O)(O)C(O)C(O)C3)cc21,C1=O[S]1(=O)N[C@H](O)c2ccc(N3C=C4CO[C@H](O)C(O)(CN=N4)C(O)(O)C(O)(O)C(O)C(O)C3)cc21,C1=O[S]1(=O)N[C@H](O)C2=CC=C3C(=O)N4C=CC4(C5=C6C(=O)O[C@H](O)C7=C(C(=O)O)C(=O)O[C@H](O)C(=O)O[C@H](O)C,C1=O[S](=O)N[C@H](O)C2=CC=C(C3C=CC(=O)N4C=C(C(C(C(O)C(O)C(O)C(O)C(O)C(O)C(O)C(O))C4)C3)C2)C1)
C1=O[S](=O)N[C@H](O)C2=CC=C(C(=O)N3C=C4C(C(=O)O[C@H](O)C(O)C(O)C(O)C(O)C(O)C3)C4)C2)C1,O=S1(=O)N[C@H](O)c2ccc(N3C=C4CO[C@H](O)C(O)(CN=N4)C(O)(O)C(O)(O)C(O)C3)cc21,C1=O[S](=O)N[C@H](O)C2=CC=C(C3=C(C(N4C=CC(=O)C(O)C(O)C(O)C(O)C(O)C4)C3)C2)C(N5C=CC(=O)C(O)C(O)C(O)C(O)C(O,O=S1(=O)N[C@H](O)c2ccc(N3C=C4CO[C@H](O)C(O)(CN=N4)C(O)(O)C(O)(O)C(O)(O)C(O)C3)cc21,C1=O[S](=O)N[C@H](O)c2ccc(N3C=C4CO[C@H](O)C(O)(CN=N4)C(O)(O)C(O)(O)C(O)(O)C(O)C3)cc21
C1=O[S](=O)N[C@H](O)C2=CC=C(C(=O)N3C=C4CO[C@H](O)C(O)C(O)C(O)C(O)C(O)C(O)C(O)C(O)C3)C2=C1,C1=O[S]1(=O)N[C@H](O)C2=CC=C(C3C=C4C(N(C4)C(=O)C(O)C(O)C(O)C(O)C(O)C(O)C3)C2)N4C(=O)C(O)C(O)C(O)C(O)C(O,C1=O[S](=O)N[C@H](O)C2=CC3=C(C(=O)N4C=CC4(C(=O)O)C5(C(=O)O)C(=O)C(=O)C(=O)C(=O)C(=O)C(=O)C5)C3)C2=CC,O=S1(=O)N[C@H](O)c2ccc(N3C=C4CO[C@H](O)C(O)(CN=N4)C(O)(O)C(O)(O)C(O)(O)C(O)C(O)C3)cc21,C1=O[S+]1(=O)N[C@H]1Oc2ccc(N3C=C4CO[C@H]1Oc1c(N=C4)C(O)C(O)C(O)C(O)C(O)C(O)C(O)C(O)C3)cc21
C1=O[S](=O)N[C@H](O)C2=CC=C3N4C=C(CO[C@H](O)C(O)C(O)C(O)C(O)C(O)C(O)C(O)C(O)C(O)C3)C4=C(C(=O)N)C(O)C(O)C,O=S1(=O)N[C@H](O)c2ccc(N3C=C4CO[C@H](O)C(O)(CN=N4)C(O)(O)C(O)(O)C(O)(O)C(O)C(O)C3)cc21,C1=O[S+]1(=O)N[C@H](O)c2ccc(N3C=C4CO[C@H](O)C(O)(CN=N4)C(O)(O)C(O)(O)C(O)(O)C(O)C(O)C3)cc21,C1=O[NH](O)C2=CC=C(C3C(=O)N(C4C(=O)C(C(C(C(C(C(C(C(C(C(C(C(C(C(C(C(C(C(C(C(C(C(C(C(C(C(C(C(C(C(C(C(C(C(C(C(C(C(C(C(C(C(C(C(C(C(C(C(C(C(C(C(C,O=S1(=O)N[C@H](O)c2ccc(N3C=C4CO[C@H](O)C(O)(CN=N4)C(O)(O)C(O)(O)C(O)(O)C(O)C(O)C3)cc21
O=S1(=O)N[C@H](O)c2ccc(N3C=C4CO[C@H](O)C(O)(CN=N4)C(O)(O)C(O)(O)C(O)C3)cc21,C1=O[S]1(=O)N[C@H](O)c2ccc(N3C=C4CO[C@H](O)C(O)(CN=N4)C(O)(O)C(O)(O)C(O)C3)cc21,C1=O[S](=O)N[C@H](O)C2=CC=C(C(N3C=C4C[C@H](O)C(O)(CN=N4)C(O)(O)C(O)(O)C(O)C3)C)C2=C1,O=S1(=O)N[C@H](O)c2ccc(N3C=C4CO[C@H](O)C(O)(CN=N4)C(O)(O)C(O)(O)C(O)C3)cc21,O=S1(=O)N[C@H](O)c2ccc(N3C=C4CO[C@H](O)C(O)(CN=N4)C(O)(O)C(O)(O)C(O)C3)cc21
C1=O[S](=O)N[C@H](O)C2=CC=C3N4C=CC(=O)C5(C(C(C(C(C(C(C(C(C(C(C(C(C(C(C(C(C(C(C(C(C(C(C(C(C(C(C(C(C(C(C(C(C(C(C(C(C(C(C(C(C(C(C(C(C(C(C(C,C1=O[S+]1(=O)N[C@H](O)c2ccc(N3C=C4CO[C@H](O)C(O)(CN=N4)C(O)(O)C(O)(O)C(O)(O)C(O)C(O)C3)cc21,O=S1(=O)N[C@H](O)c2ccc(N3C=C4CO[C@H](O)C(O)(CN=N4)C(O)(O)C(O)(O)C(O)(O)C(O)C(O)C3)cc21,O=S1(=O)N[C@H](O)c2ccc(N3C=C4CO[C@H](O)C(O)(CN=N4)C(O)(O)C(O)(O)C(O)(O)C(O)C(O)C3)cc21,O=S1(=O)N[C@H](O)c2ccc(N3C=C4CO[C@H](O)C(O)(CN=N4)C(O)(O)C(O)(O)C(O)(O)C(O)C(O)C3)cc21
C1=O[S]1(=O)N[C@H](O)C2=CC=C(C3=C(C(C(C(C(C(C(C(C(C(C(C(C(C(C(C(C(C(C(C(C(C(C(C(C(C(C(C(C(C(C(C(C(C(C(C(C(C(C(C(C(C(C(C(C(C(C(C(C(C(C(C(C(C(C(C,O=S1(=O)N[C@H](O)c2ccc(N3C=C4CO[C@H](O)C(O)(CN=N4)C(O)(O)C(O)(O)C(O)(O)C(O)C(O)C3)cc21,O=S1(=O)N[C@H](O)c2ccc(N3C=C4CO[C@H](O)C(O)(CN=N4)C(O)(O)C(O)(O)C(O)C(O)C3)cc21,C1=O[S](=O)N[C@H](O)C2=CC=C(C3=C(C(C(C(C(C(C(C(C(C(C(C(C(C(C(C(C(C(C(C(C(C(C(C(C(C(C(C(C(C(C(C(C(C(C(C(C(C(C(C(C(C(C(C(C(C(C(C(C(C(C(C(C(C(C(C(C,C1=O[S](=O)N[C@H](O)C2=CC=C(C(N3C=C4CO[C@H](O)C(O)C(O)C(O)C(O)C(O)C(O)C(O)C(O)C(O)C(O)C(O)C3)C4)C2=C1
C1=O[S](=O)(N)C2=CC=C(C(=O)N3C=C4CO[C@H](O)C(O)(CN=N4)C(O)(O)C(O)(O)C(O)(O)C(O)C(O)C3)C2=C1,C1=O[S](=O)N[C@H](O)C2=CC=C(C(=O)N3C=C4C(=O)C2(C(=O)O)C(=O)O)C(=O)O)C(=O)O)C(=O)O)C(=O)O)C(=O)O)C(=,C1=O[S+]1(=O)N[C@H](O)c2ccc(N3C=C4CO[C@H](O)C(O)(CN=N4)C(O)(O)C(O)(O)C(O)C(O)C3)cc21,C1=O[S](=O)N[C@H](O)C2=CC=C(C3C=C(C(O)C(O)C(O)C(O)C(O)C(O)C(O)C3)C(=O)N4C=CC4)C2N3C=CC4C(C(=O)O)C(C(=O),O=S1(=O)N[C@H](O)c2ccc(N3C=C4CO[C@H](O)C(O)(CN=N4)C(O)(O)C(O)(O)C(O)(O)C(O)C(O)C3)cc21
C1=O[S](=O)N[C@H](O)c2ccc(N3C=C4CO[C@H](O)C(O)(CN=N4)C(O)(O)C(O)(O)C(O)C(O)C3)cc21,C1=O[S](=O)N[C@H](O)C2=CC=C(C3C=CC(=O)N4C=CC(=O)C4[C@H](O)C(O)C(O)C(O)C(O)C(O)C(O)C3)C2)C1,C1=O[S]1(=O)N[C@H](O)c2ccc(N3C=C4CO[C@H](O)C(O)(CN=N4)C(O)(O)C(O)(O)C(O)(O)C(O)C(O)C3)cc21,C1=O[S+]1(=O)N[C@H](O)c2ccc(N3C=C4CO[C@H](O)C(O)(CN=N4)C(O)(O)C(O)(O)C(O)(O)C(O)C(O)C3)cc21,O=S1(=O)N[C@H](O)c2ccc(N3C=C4CO[C@H](O)C(O)(CN=N4)C(O)(O)C(O)(O)C(O)C(O)C3)cc21
O=S1(=O)N[C@H](O)c2ccc(N3C=C4CO[C@H](O)C(O)(CN=N4)C(O)(O)C(O)(O)C(O)(O)C(O)C(O)C3)cc21,C1=O[S]1(=O)N[C@H](O)c2ccc(N3C=C4CO[C@H](O)C(O)(CN=N4)C(O)(O)C(O)(O)C(O)(O)C(O)C(O)C3)cc21,C1=O[S](=O)N[C@H](O)C2=CC=C(C3=C(C4=C(O)C(O)C(O)C(O)C(O)C(O)C(O)C(O)C(O)C(O)C(O)C(O)C4)C(=O)N(C)C(=C3)C2),C1=O[S](=O)N[C@H](O)c2ccc(N3C=C4CO[C@H](O)C(O)(CN=N4)C(O)(O)C(O)(O)C(O)(O)C(O)C(O)C3)cc21,C1=O[NH](O)C2ccc(C3C(=O)C(=O)N(C(=O)C(=O)C(=O)C(=O)C(=O)C(=O)C(=O)C(=O)C(=O)C(=O)C(=O)C(=O)C(=O)C(=O)C
O=S1(=O)N[C@H](O)c2ccc(N3C=C4CO[C@H](O)C(O)(CN=N4)C(O)(O)C(O)(O)C(O)C(O)C3)cc21,C1=O[S]1(=O)N[C@H](O)C2=CC=C(N3C=C4CO[C@H](O)C(O)(CN=C4)C(O)(O)C(O)(O)C(O)C(O)C3)C2,O=S1(=O)N[C@H](O)c2ccc(N3C=C4CO[C@H](O)C(O)(CN=N4)C(O)(O)C(O)(O)C(O)(O)C(O)C(O)C3)cc21,C1=O[S]1(=O)N[C@H](O)C2=CC=C(C3=C(C4=CC=CC=C4C5=C(C(C(C(C(C(C(C(C(C(C(C(C(C(C(C(C(C(C(C(C(C(C(C(C(C(C(C(C(C(C(C(C(C(C(C(C(C(C(C(C(C(C(C(C,C1=O[S](=O)N[C@H](O)C2=CC=C(C3=C(C(=O)C4=C(C(=O)C(O)C(O)C(O)C(O)C(O)C(O)C4)C3)N(C2)C)N1)C2
C1=O[S@](=O)N[C@H](O)c2ccc(N3C=C4CO[C@H](O)C(O)(CN=N4)C(O)(O)C(O)(O)C(O)(O)C(O)C(O)C3)cc21,O=S1(=O)N[C@H](O)c2ccc(N3C=C4CO[C@H](O)C(O)(CN=N4)C(O)(O)C(O)(O)C(O)(O)C(O)C(O)C3)cc21,C1=O[S+]([O-])N[C@H](O)C2=CC=C(C3=C(C(C(C(C(C(C(C(C(C(C(C(C(C(C(C(C(C(C(C(C(C(C(C(C(C(C(C(C(C(C(C(C(C(C(C(C(C(C(C(C(C(C(C(C(C(C(C(C(C(C(C(C(C(C(C,O=S1(=O)N[C@H](O)c2ccc(N3C=C4CO[C@H](O)C(O)(CN=N4)C(O)(O)C(O)(O)C(O)(O)C(O)C(O)C3)cc21,C1=O[S](=O)N[C@H]1c2ccc(N3C=C4CO[C@H](O)C(O)(CN=N4)C(O)(O)C(O)(O)C(O)(O)C(O)C(O)C3)cc21
C1=O[S]1(=O)N[C@H](O)C2=CC=C(C3=C(C(=O)C4=C(C(=O)C(C(=O)C(C(=O)C(C(=O)C(C(=O)C(C(=O)C(C(=O)C2)C)C)C)C)C)C,C1=O[S]1(=O)N[C@H](O)C2=CC=C(C(=O)N3C=C4C(=O)C(C(=O)N4C(=O)C(=O)C(=O)C(=O)C(=O)C(=O)C3)C2)C(=O)O)C1,C1=O[S](=O)N[C@H](O)C2=CC=C(C3=C(C(C(C(C(C(C(C(C(C(C(C(C(C(C(C(C(C(C(C(C(C(C(C(C(C(C(C(C(C(C(C(C(C(C(C(C(C(C(C(C(C(C(C(C(C(C(C(C(C(C(C(C(C(C(C(C,C1=O[S]1(=O)N[C@H](O)C2=CC=C(C3C=CC(=O)N4C=CC(=O)C4(C(C(=O)O)C(=O)O)C(=O)O)C(=O)O)C(=O)O)C(=O)O)C(=O,C1=O[S](=O)N[C@H](O)C2=CC=C(C3C=C(C4C(=O)C(C(C(C(C(C(C(C(C(C(C(C(C(C(C(C(C(C(C(C(C(C(C(C(C(C(C(C(C(C(C(C(C(C(C(C(C(C(C(C(C(C(C(C(C(C(C(C(C
C1=O[S](=O)N[C@H](O)C2=CC=C(C(=O)N3C=C4C[C@H](O)C(C(=O)O)C(C(=O)O)C(C(=O)O)C(C(=O)O)C(C(=O)O)C(C(=O)O)C,C1=O[S](=O)N[C@H](O)C2=CC=C(C(=O)N3C=C4C(=O)C5(C(C(C(C(C(C(C(C(C(C(C(C(C(C(C(C(C(C(C(C(C(C(C(C(C(C(C(C(C(C(C(C(C(C(C(C(C(C(C(C(C(C(C(C,C1=O[S]1(=O)N[C@H](O)c2ccc(N3C=C4CO[C@H](O)C(O)(CN=N4)C(O)(O)C(O)(O)C(O)(O)C(O)C(O)C3)cc21,C1=O[S](=O)N[C@H](O)C2=CC=C(C3C=C(C(C(C(C(C(C(C(C(C(C(C(C(C(C(C(C(C(C(C(C(C(C(C(C(C(C(C(C(C(C(C(C(C(C(C(C(C(C(C(C(C(C(C(C(C(C(C(C(C(C(C(C(C(C(C,C1=O[S+]1(=O)N[C@H](O)C2=CC=C(C3C(=O)C4=C(C(=O)N5C(=C(C(=O)C(O)C(O)C(O)C(O)C(O)C(O)C(O)C(O)C(O)C5)O)C3)C
O=S1(=O)N[C@H](O)c2ccc(N3C=C4CO[C@H](O)C(O)(CN=N4)C(O)(O)C(O)(O)C(O)(O)C(O)C(O)C3)cc21,C1=O[S](=O)N[C@H](O)C2=CC=C(C3=C(C(=O)N4C=CC5=C(C(=O)O)C(O)C(O)C(O)C(O)C(O)C(O)C5)C(=O)O)C(=O)O)C(=O)O),O=S1(=O)N[C@H](O)c2ccc(N3C=C4CO[C@H](O)C(O)(CN=N4)C(O)(O)C(O)(O)C(O)(O)C(O)C(O)C3)cc21,C1=O[S](=O)N[C@H](O)C2=CC=C(C3=C(C(N4C=CC(=O)C(O)C(O)C(O)C(O)C(O)C(O)C(O)C3)C)C(N)=C4)C2=C1,C1=O[S](=O)N[C@H](O)C2=CC=C(C3=C(C4=CC=C(C(C5=CC(=O)N=C(N(C(C(C(C(C(C(C(C(C(C(C(C(C(C(C(C(C(C(C(C(C(C(C(C(C(C(C(C(C(C(C(C(C(C(C(C(C(C(C(C
C1=O=S1(=O)N[C@H](O)C2=CC=C(C3=C(C(C(C(C(C(C(C(C(C(C(C(C(C(C(C(C(C(C(C(C(C(C(C(C(C(C(C(C(C(C(C(C(C(C(C(C(C(C(C(C(C(C(C(C(C(C(C(C(C(C(C(C(C(C(C(C,O=S1(=O)N[C@H](O)c2ccc(N3C=C4CO[C@H](O)C(O)(CN=N4)C(O)(O)C(O)(O)C(O)C(O)C3)cc21,O=S1(=O)N[C@H](O)c2ccc(N3C=C4CO[C@H](O)C(O)(CN=N4)C(O)(O)C(O)(O)C(O)C(O)C3)cc21,C1=O[S](=O)N[C@H](O)C2=CC=C(C3C=C(C(O)C(O)C(O)C(O)C(O)C(O)C(O)C(O)C(O)C(O)C(O)C(O)C(O)C(O)C3)C(O)C(N=C)C(O),O=S1(=O)N[C@H](O)c2ccc(N3C=C4CO[C@H](O)C(O)(CN=N4)C(O)(O)C(O)(O)C(O)(O)C(O)C(O)C3)cc21
C1=O[S+]1(=O)N[C@H](O)C2=CC=C(C(=O)N3C=CC4=C(C(=O)O[C@H](O)C(O)C(O)C(O)C(O)C(O)C3)C4)C2)C(=O)O,O=S1(=O)N[C@H](O)c2ccc(N3C=C4CO[C@H](O)C(O)(CN=N4)C(O)(O)C(O)(O)C(O)C(O)C3)cc21,C1=O[S]1(=O)N[C@H](O)C2=CC=C(N3C=C4CO[C@H](O)C(O)(CN=N4)C(O)(O)C(O)(O)C(O)(O)C(O)C(O)C3)C2,C1=O[S](=O)N[C@H]1c2ccc(N3C=C4CO[C@H](O)C(O)(CN=N4)C(O)(O)C(O)(O)C(O)(O)C(O)C(O)C3)cc2,C1=O[S+]1(=O)N[C@H](O)c2ccc(N3C=C4CO[C@H](O)C(O)(CN=N4)C(O)(O)C(O)(O)C(O)(O)C(O)C(O)C3)cc21
O=S1(=O)N[C@H](O)c2ccc(N3C=C4CO[C@H](O)C(O)(CN=N4)C(O)(O)C(O)(O)C(O)(O)C(O)C(O)C3)cc21,C1=O[S](=O)N[C@H](O)C2=CC=C(C(=O)N3C=C4C=C(C(=O)O)C(=O)O)C(=O)O)C(=O)O)C(=O)O)C(=O)O)C(=O)O)C(=O)O),C1=O[S+]1(=O)N[C@H](O)C2=CC=C(C3=C(C(=O)C4=C(C(=O)C5=C(C(=O)C6=C(C(=O)C7=C(C(=O)C8=C(C(=O)C9=C(C(=O)C10=C(C(=O)C(C,O=S1(=O)N[C@H](O)c2ccc(N3C=C4CO[C@H](O)C(O)(CN=N4)C(O)(O)C(O)(O)C(O)C(O)C3)cc21,C1=O[S](=O)N[C@H](O)c2ccc(N3C=C4CO[C@H](O)C(O)(CN=N4)C(O)(O)C(O)(O)C(O)(O)C(O)C(O)C3)cc21
C1=O[S]1(=O)N[C@H](O)c2ccc(N3C=C4CO[C@H](O)C(O)(CN=N4)C(O)(O)C(O)(O)C(O)(O)C(O)C(O)C3)cc21,C1=O[S+]1(=O)N[C@H](O)c2ccc(N3C=C4CO[C@H](O)C(O)(CN=N4)C(O)(O)C(O)(O)C(O)(O)C(O)C(O)C3)cc21,C1=O[S](=O)N[C@H](O)C2=CC=C(C(=O)N3C=C4C(C(=O)O[C@H](O)C(O)(CN=N4)C(O)(O)C(O)(O)C(O)(O)C(O)C(O)C3)C2)C1,C1=O[S]1(=O)N[C@H](O)C2=CC=C(C3C=C(C(=O)C4CO[C@H](O)C(O)(CN=C4)C(O)(O)C(O)(O)C(O)(O)C(O)C(O)C3)C2)C1,C1=O[S](=O)N[C@H](O)C2=CC=C(C3C=C4C(O)C(O)C(O)C(O)C(O)C(O)C(O)C(O)C(O)C(O)C4N(C)C3)C2=C1
O=S1(=O)N[C@H](O)c2ccc(N3C=C4CO[C@H](O)C(O)(CN=N4)C(O)(O)C(O)(O)C(O)(O)C(O)C(O)C3)cc21,C1=O[S]1(=O)N[C@H](O)c2ccc(N3C=C4CO[C@H](O)C(O)(CN=N4)C(O)(O)C(O)(O)C(O)(O)C(O)C(O)C3)cc21,C1=O[S](=O)N[C@H](O)C2=CC=C(C3C=CC(=O)N4C=CC(=O)C[C@H](O)C(O)C(O)C(O)C(O)C(O)C(O)C(O)C3)C4)C2=C1,C1=O[S](=O)N[C@H](O)C2=CC=C(C3=C(C(C(=O)C4=CC=CC4C(=O)C5=CC(=O)N(C(C(=O)C(=O)C(=O)C(=O)C(=O)C5)C)C)C3)C,O=S1(=O)N[C@H](O)c2ccc(N3C=C4CO[C@H](O)C(O)(CN=N4)C(O)(O)C(O)(O)C(O)(O)C(O)C(O)C3)cc21
O=S1(=O)N[C@H](O)c2ccc(N3C=C4CO[C@H](O)C(O)(CN=N4)C(O)(O)C(O)(O)C(O)(O)C(O)C3)cc21,C1=O[S](=O)N[C@H](O)C2=CC=C(C3=C(C(=O)C(=O)N4C(=C(C(=O)C(=O)C(=O)C(=O)C(=O)C(=O)C(=O)C(=O)C(=O)C(=O)C(=O,C1=O[S](=O)N[C@H](O)C2=CC=C(N3C=C4CO[C@H](O)C(O)(CN=C4)C(O)(O)C(O)(O)C(O)(O)C(O)C(O)C3)C2=C1,C1=O[S]1(=O)N[C@H](O)c2ccc(N3C=C4CO[C@H](O)C(O)(CN=N4)C(O)(O)C(O)(O)C(O)(O)C(O)C(O)C3)cc21,C1=O=S1(=O)N[C@H](O)c2ccc(N3C=C4CO[C@H](O)C(O)(CN=N4)C(O)(O)C(O)(O)C(O)C(O)C3)cc21
C1=O[S]1(=O)N[C@H](O)c2ccc(N3C=C4CO[C@H](O)C(O)(CN=N4)C(O)(O)C(O)(O)C(O)C(O)C(O)C3)cc21,C1=O[S+]1(=O)N[C@H](O)c2ccc(N3C=C4CO[C@H](O)C(O)(CN=N4)C(O)(O)C(O)(O)C(O)(O)C(O)C(O)C3)cc21,O=S1(=O)N[C@H](O)c2ccc(N3C=C4CO[C@H](O)C(O)(CN=N4)C(O)(O)C(O)(O)C(O)(O)C(O)C(O)C3)cc21,C1=O[S](=O)N[C@H](O)C2=CC=C(N3C=C4C(=O)C5=C(O)C(=O)N(C(C(=O)N=C4)C(=O)O)C(=O)O)C(O)C(O)C(O)C(O)C(O)C(O)C,C1=O[S]1(=O)N[C@H](O)C2=CC=C(C(=O)N3C=C4C(C(=O)O[C@H](O)C(O)C(O)C(O)C(O)C(O)C3)C4)C2)C1
O=S1(=O)N[C@H](O)c2ccc(N3C=C4CO[C@H](O)C(O)(CN=N4)C(O)(O)C(O)(O)C(O)(O)C(O)C(O)C3)cc21,C1=O[S](=O)N[C@H](O)C2=CC=C(C3C=C(C(N4C=CC(=O)C5=C(C(O)C(C(O)(C(C(O)C(C(O)C(C(O)C(C(O)C(C(O)C(C(O)C(C(O)C3)C)C)C,C1=O[S]1(=O)N[C@H](O)C2=CC=C(C3C=C(C4CO[C@H](O)C(O)(CN=C4)C(O)(C)C(O)(C)C(O)C(O)C3)C)C2,O=S1(=O)N[C@H](O)c2ccc(N3C=C4CO[C@H](O)C(O)(CN=N4)C(O)(O)C(O)(O)C(O)(O)C(O)C(O)C3)cc21,C1=O[S](=O)N[C@H](O)C2=CC=C(C3C=CC(=O)N4C=C(C(C(C(C(C(C(C(C(C(C(C(C(C(C(C(C(C(C(C(C(C(C(C(C(C(C(C(C(C(C(C(C(C(C(C(C(C(C(C(C(C(C(C(C(C(C(C
C1=O[S](=O)N[C@H](O)C2=CC=C(C3=C(C(N=C4C(C(C(O)C(O)C(O)C(O)C(O)C(O)C(O)C(O)C(O)C(O)C4)C3)C2)C1)C(=O)N)O,C1=O[S+]1(=O)N[C@H](O)c2ccc(N3C=C4CO[C@H](O)C(O)(CN=N4)C(O)(O)C(O)(O)C(O)C(O)C3)cc21,O=S1(=O)N[C@H](O)c2ccc(N3C=C4CO[C@H](O)C(O)(CN=N4)C(O)(O)C(O)(O)C(O)C(O)C3)cc21,C1OC2=O/N=C1/N[C@H](O)C3=CC=C(C(=O)N4C=CC5=C4OC(C(N5)C(O)C(O)C(O)C(O)C(O)C(O)C(O)C(O))C3)C2=O,O=S1(=O)N[C@H](O)c2ccc(N3C=C4CO[C@H](O)C(O)(CN=N4)C(O)(O)C(O)(O)C(O)(O)C(O)C(O)C3)cc21
C1=O[S](=O)N[C@H](O)C2=CC=C(C3C=C(C(O)C(C4C=CC(=O)N5C=CC(=O)C(C(C(C(C(C(C(C(C(C(C(C(C(C(C(C(C(C(C(C(C(C(C(C(C(C(C(C(C(C(C(C(C(C(C,O=S1(=O)N[C@H](O)c2ccc(N3C=C4CO[C@H](O)C(O)(CN=N4)C(O)(O)C(O)(O)C(O)C(O)C3)cc21,O=S1(=O)N[C@H](O)c2ccc(N3C=C4CO[C@H](O)C(O)(CN=N4)C(O)(O)C(O)(O)C(O)C(O)C3)cc21,C1=O[S]1(=O)N[C@H](O)c2ccc(N3C=C4CO[C@H](O)C(O)(CN=N4)C(O)(O)C(O)(O)C(O)C(O)C3)cc21,O=S1(=O)N[C@H](O)c2ccc(N3C=C4CO[C@H](O)C(O)(CN=N4)C(O)(O)C(O)(O)C(O)(O)C(O)C(O)C3)cc21
C1=O=S1(=O)N[C@H](O)C2=CC=C(C3=C(C(=O)N4C=CC4)C(O)C(O)C(O)C(O)C(O)C(O)C(O)C(O)C3)C2)C1,C1=O[S+]1(=O)N[C@H](O)C2=CC=C(C3C=C4C(O)C(O)C(O)C(O)C(O)C(O)C(O)C(O)C(O)C4N(C3)C(=O))C2=C3C=CC=C3),C1=O[S]1(=O)N[C@H](O)c2ccc(N3C=C4CO[C@H](O)C(O)(CN=N4)C(O)(O)C(O)(O)C(O)(O)C(O)C(O)C3)cc21,C1=O[S](=O)N[C@H](O)C2=CC(C3=C4C(O)C(O)C(O)C(O)C(O)C(O)C(O)C(O)C(O)C(O)C(O)C3)N(C)C4)C2=C1,C1=O[S+]1(=O)N[C@H](O)C2=CC=C(C(=O)C3C=CC4=C(C(C(=O)C(C(=O)C(C(=O)C(C(=O)C(C(=O)C2)C)O)C)O)C(=O)C3)C(=O)
C1=O=S1(=O)N[C@H](O)c2ccc(N3C=C4CO[C@H](O)C(O)(CN=N4)C(O)(O)C(O)(O)C(O)C(O)C3)cc21,C1=O[S](=O)N[C@H](O)C2=CC=C(C(=O)N3C=C4CO[C@H](O)C(O)C(O)C(O)C(O)C(O)C(O)C(O)C(O)C3)CC2)C1,C1=O[S](=O)N[C@H](O)C2=CC=C(N3C=C4CO[C@H](O)C(O)(CN=C4)C(O)(O)C(O)(O)C(O)C(O)C3)C2=C1,C1=O[S](=O)N[C@H](O)C2=CC=C(C(=O)N3C=C4C(C(=O)O[C@H](O)C(=O)N(C)C(=O)C(=O)C(=O)C(=O)C(=O)C(=O)C3)C4)C,C1=O[S]1(=O)N[C@H](O)c2ccc(N3C=C4CO[C@H](O)C(O)(CN=N4)C(O)(O)C(O)(O)C(O)(O)C(O)C(O)C3)cc21
C1=O[S](=O)N[C@H](O)C2=CC=C(C(=O)N3C=C4CO[C@H](O)C(O)(CN=N4)C(O)(O)C(O)(O)C(O)(O)C(O)C3)C2=C1,O=S1(=O)N[C@H](O)c2ccc(N3C=C4CO[C@H](O)C(O)(CN=N4)C(O)(O)C(O)(O)C(O)(O)C(O)C(O)C3)cc21,C1=O[S](=O)N[C@H](O)c2ccc(N3C=C4CO[C@H](O)C(O)(CN=N4)C(O)(O)C(O)(O)C(O)(O)C(O)C(O)C3)cc21,C1=O=S1(=O)N[C@H](O)C2=CC=C(C(=O)N3C=CC4=C(C(=O)O[C@H](O)C(=O)(N=CC4)C(=O)O)C(=O)O)C(=O)O)C(=O)O)C(=O),C1=O[S]1(=O)N[C@H](O)C2=CC=C(C3C=CC(=O)N4C=CC(=O)C4(C(C(C(C(C(C(C(C(C(C(C(C(C(C(C(C(C(C(C(C(C(C(C(C(C(C(C(C(C(C(C(C(C(C(C(C(C(C(C(C
C1=O[S](=O)N[C@H](O)C2=CC=C(C3C=C(C(N4C=CC(=O)C(C(O)(C)C(O)C(O)C(O)C(O)C(O)C4)C3)C)C2)C1,O=S1(=O)N[C@H](O)c2ccc(N3C=C4CO[C@H](O)C(O)(CN=N4)C(O)(O)C(O)(O)C(O)(O)C(O)C(O)C3)cc21,O=S1(=O)N[C@H](O)c2ccc(N3C=C4CO[C@H](O)C(O)(CN=N4)C(O)(O)C(O)(O)C(O)(O)C(O)C(O)C3)cc21,O=S1(=O)N[C@H](O)c2ccc(N3C=C4CO[C@H](O)C(O)(CN=N4)C(O)(O)C(O)(O)C(O)(O)C(O)C(O)C3)cc21,C1=O[S+]1(=O)N[C@H](O)c2ccc(N3C=C4CO[C@H](O)C(O)(CN=N4)C(O)(O)C(O)(O)C(O)(O)C(O)C(O)C3)cc21
C1=O[S](=O)N[C@H](O)C2=CC=C(C3=C(C(N4C=C5C(O)C(O)C(O)C(O)C(O)C(O)C(O)C(O)C(O)C(O)C(O)C4)C(N3)C5)C=C2)C1,C1=O[S]1(=O)N[C@H](O)C2=CC=C(C(=O)N3C=C4C(C(=O)O)C(C(=O)O)C(C(=O)O)C(C(=O)O)C(C(=O)O)C(C(=O)O)C(C(=O)O),C1=O[S+]1(=O)N[C@H](O)C2=CC=C(C3=C(C(=O)N4C=CC4C(=O)C5(C(C(=O)O)C(=O)O)C(=O)O)C(=O)O)C(=O)O)C(=O)O)C(=,O=S1(=O)N[C@H](O)c2ccc(N3C=C4CO[C@H](O)C(O)(CN=N4)C(O)(O)C(O)(O)C(O)(O)C(O)C(O)C3)cc21,C1=O[S](=O)N[C@H](O)C2=CC=C(C3=C(C(=O)N4C=C(C5CO[C@H](O)C(O)(CN=C5)C(O)(O)C(O)(O)C(O)(O)C(O)C(O)C4)C)C=CC=C3)
O=S1(=O)N[C@H](O)c2ccc(N3C=C4CO[C@H](O)C(O)(CN=N4)C(O)(O)C(O)(O)C(O)C(O)C3)cc21,C1=O[S]1(=O)N[C@H](O)C2=CC=C(N3C=C4CO[C@H](O)C(O)(CN=C4)C(O)(O)C(O)(O)C(O)(O)C(O)C(O)C3)C2,C1=O[S](=O)N[C@H](O)C2=CC=C(C3C(=C(C(=O)C(=O)C(=O)C(=O)C(=O)C(=O)C(=O)C(=O)C(=O)C(=O)C(=O)C(=O)C3)N)C,C1=O[S]1(=O)N[C@H](O)c2ccc(N3C=C4CO[C@H](O)C(O)(CN=N4)C(O)(O)C(O)(O)C(O)(O)C(O)C(O)C3)cc21,O=S1(=O)N[C@H](O)c2ccc(N3C=C4CO[C@H](O)C(O)(CN=N4)C(O)(O)C(O)(O)C(O)(O)C(O)C(O)C3)cc21
C1=O[S]1(=O)N[C@H](O)c2ccc(N3C=C4CO[C@H](O)C(O)(CN=N4)C(O)(O)C(O)(O)C(O)(O)C(O)C(O)C3)cc21,C1=O[S](=O)N[C@H](O)C2=CC=C(C(=O)N3C=C4C(C(=O)O)C(O)C(O)C(O)C(O)C(O)C(O)C(O)C(O)C(O)C(O)C3)CC4)CC2=C1,C1=O[S](=O)N[C@H](O)C2=CC3=C(C(N4C=CC(=O)C(O)(C(C(O)(C(C(O)(C(C(O)(C(C(O)C(O)C(O)C(O)C(O)C3)C)O)C)O)C)O)C)C,C1=O[S](=O)N[C@H](O)C2=CC=C(C3C=CC(=O)N4C=C(C5CO[C@H](O)C(O)C(O)C(O)C(O)C(O)C(O)C5)C3)C2)C1,C1=O[S](=O)N[C@H](O)C2=CC=C(C3=C(C4=C(C(O)C(O)C(O)C(O)C(O)C(O)C(O)C(O)C(O)C(O)C(O)C(O)C4)N(C)C3)C(=O)N2)C
C1=O[S](=O)N[C@H](O)C2=CC=C(C3C=C(C4C(=O)O[C@H](O)C(O)(CN=C4)C(O)(O)C(O)(O)C(O)C(O)C3)C2)C1,O=S1(=O)N[C@H](O)c2ccc(N3C=C4CO[C@H](O)C(O)(CN=N4)C(O)(O)C(O)(O)C(O)(O)C(O)C(O)C3)cc21,O=S1(=O)N[C@H](O)c2ccc(N3C=C4CO[C@H](O)C(O)(CN=N4)C(O)(O)C(O)(O)C(O)(O)C(O)C(O)C3)cc21,O=S1(=O)N[C@H](O)c2ccc(N3C=C4CO[C@H](O)C(O)(CN=N4)C(O)(O)C(O)(O)C(O)(O)C(O)C(O)C3)cc21,C1=O[S](=O)N[C@H](O)C2=CC=C(C3C=C(C4C(C(C(C(C(C(C(C(C(C(C(C(C(C(C(C(C(C(C(C(C(C(C(C(C(C(C(C(C(C(C(C(C(C(C(C(C(C(C(C(C(C(C(C(C(C(C(C(C(C(C(C(C
C1=O[S]([O])N[C@H](O)C2=CC=C(C(=O)N3C=C4CO[C@H](O)C(O)C(O)C(O)C(O)C(O)C(O)C(O)C(O)C3)C2=C1)C4=NC=CC(=O)N4,C1=O[S+]([O-])N[C@H](O)c2ccc(N3C=C4CO[C@H](O)C(O)(CN=N4)C(O)(O)C(O)(O)C(O)(O)C(O)C(O)C3)cc21,O=S1(=O)N[C@H](O)c2ccc(N3C=C4CO[C@H](O)C(O)(CN=N4)C(O)(O)C(O)(O)C(O)(O)C(O)C(O)C3)cc21,O=S1(=O)N[C@H](O)c2ccc(N3C=C4CO[C@H](O)C(O)(CN=N4)C(O)(O)C(O)(O)C(O)C(O)C3)cc21,C1=O[S](=O)N[C@H](O)C2=CC=C(C(=O)N3C=C4CO[C@H](O)C(O)(CN=N4)C(O)(O)C(O)(O)C(O)C(O)C3)C2=C1
C1=O[S]1(=O)N[C]2c3ccc(N4C=C5CO[C]6c7cc(C(O)(C)C(O)C(O)C(O)C(O)C(O)C(O)C(O)C(O)C(O)C(O)C(O)C(O)C(O)C(O)C(O)C,C1=O[S+]1(=O)N[C@H](O)c2ccc(N3C=C4CO[C@H](O)C(O)(CN=N4)C(O)(O)C(O)(O)C(O)(O)C(O)C(O)C3)cc21,C1=O[S@H](O)N[C@H](O)c2ccc(N3C=C4CO[C@H](O)C(O)(CN=N4)C(O)(O)C(O)(O)C(O)(O)C(O)C(O)C3)cc21,O=S1(=O)N[C@H](O)c2ccc(N3C=C4CO[C@H](O)C(O)(CN=N4)C(O)(O)C(O)(O)C(O)(O)C(O)C3)cc21,O=S1(=O)N[C@H](O)c2ccc(N3C=C4CO[C@H](O)C(O)(CN=N4)C(O)(O)C(O)(O)C(O)(O)C(O)C(O)C3)cc21
O=S1(=O)N[C@H](O)c2ccc(N3C=C4CO[C@H](O)C(O)(CN=N4)C(O)(O)C(O)(O)C(O)C(O)C3)cc21,O=S1(=O)N[C@H](O)c2ccc(N3C=C4CO[C@H](O)C(O)(CN=N4)C(O)(O)C(O)(O)C(O)(O)C(O)C(O)C3)cc21,C1=O[S]1(=O)N[C@H](O)c2ccc(N3C=C4CO[C@H](O)C(O)(CN=N4)C(O)(O)C(O)(O)C(O)(O)C(O)C(O)C3)cc21,C1=O[S]1(=O)N[C@H](O)c2ccc(N3C=C4CO[C@H](O)C(O)(CN=N4)C(O)(O)C(O)(O)C(O)C(O)C3)cc21,C1=O[S]1(=O)N[C@H](O)C2=CC=C(C3=C(C(=O)C4=C(C(=O)C(O)C(N=C4)C(O)C(O)C(O)C(O)C(O)C(O)C3)C)C)N2)C1
C1=O[S]1(=O)N[C@H](O)C2=CC=C(C3=C(C(=O)C4=C(C(=O)C(O)C(O)C(O)C(O)C(O)C(O)C(O)C(O)C(O)C4)N(C(=N3)C)C)C2)N,C1=O[S](=O)N[C@H](O)C2=CC3=C(C(N4C=CC5=C(C(=O)C(O)C(O)C(O)C(O)C(O)C5)C(N3)C4)C(O)C(O)C(O)C(O)C(O)C(O)C3),C1=O[S]1(=O)N[C@H](O)c2ccc(N3C=C4CO[C@H](O)C(O)(CN=N4)C(O)(O)C(O)(O)C(O)(O)C(O)C(O)C3)cc21,O=S1(=O)N[C@H](O)c2ccc(N3C=C4CO[C@H](O)C(O)(CN=N4)C(O)(O)C(O)(O)C(O)(O)C(O)C(O)C3)cc21,O=S1(=O)N[C@H](O)c2ccc(N3C=C4CO[C@H](O)C(O)(CN=N4)C(O)(O)C(O)(O)C(O)C(O)C3)cc21
C1=O[S]1(=O)N[C@H](O)C2=CC=C(C3=C(N4C=C(C5CO[C@H](O)C(O)(C(N=C(N4)C(O)(O)C(O)(O)C(O)(O)C(O)C(O)C5)C3)C2)C(=O,C1=O[S+]1(=O)N[C@H](O)C2=CC=C(C(=O)N3C=C4C(=O)O[C@H](O)C(=O)N4C(=O)O)C(=O)O)C(=O)O)C(=O)O)C(=O)O)C(=,C1=O[S](=O)N[C@H](O)c2ccc(N3C=C4CO[C@H](O)C(O)(CN=N4)C(O)(O)C(O)(O)C(O)(O)C(O)C(O)C3)cc21,C1=O[S+]1(=O)N[C@H](O)C2=CC3=C(C(=O)N4C=CC5(C(C(=O)C6(C(C(=O)C7(C(C(=O)C8(C(C(=O)C9(C(C(=O)C(C(C(=O)C(C(=O)C(C(=,C1=O[S](=O)N[C@H](O)C2=CC=C(C3C=C(C4C=C(C(C(C(C(C(C(C(C(C(C(C(C(C(C(C(C(C(C(C(C(C(C(C(C(C(C(C(C(C(C(C(C(C(C(C(C(C(C(C(C(C(C(C(C(C(C(C(C(C(C(C
C1=O[S](=O)N[C@H](O)C2=CC=C(C3C=CC(=O)N4C=CC(=O)C(C(C(C(C(C(C(C(C(C(C(C(C(C(C(C(C(C(C(C(C(C(C(C(C(C(C(C(C(C(C(C(C(C(C(C(C(C(C(C(C(C(C,O=S1(=O)N[C@H](O)c2ccc(N3C=C4CO[C@H](O)C(O)(CN=N4)C(O)(O)C(O)(O)C(O)C(O)C3)cc21,C1=O[S](=O)N[C@H](O)C2=CC=C(C3C=C(C4C(O)C(C(O)C(O)C(O)C(O)C(O)C(O)C4)C3)N(C2)C)C1,O=S1(=O)N[C@H](O)c2ccc(N3C=C4CO[C@H](O)C(O)(CN=N4)C(O)(O)C(O)(O)C(O)C(O)C3)cc21,O=S1(=O)N[C@H](O)c2ccc(N3C=C4CO[C@H](O)C(O)(CN=N4)C(O)(O)C(O)(O)C(O)(O)C(O)C(O)C3)cc21
O=S1(=O)N[C@H](O)c2ccc(N3C=C4CO[C@H](O)C(O)(CN=N4)C(O)(O)C(O)(O)C(O)C(O)C3)cc21,C1=O[S](=O)N[C@H](O)C2=CC=C(C3C=CC(=O)N4C=CC(=O)C5[C@H](O)C(C(=O)N4)C(O)C(C(=O)O)C(O)C(C(=O)O)C(O)C(C(=O,O=S1(=O)N[C@H](O)c2ccc(N3C=C4CO[C@H](O)C(O)(CN=N4)C(O)(O)C(O)(O)C(O)(O)C(O)C(O)C3)cc21,O=S1(=O)N[C@H](O)c2ccc(N3C=C4CO[C@H](O)C(O)(CN=N4)C(O)(O)C(O)(O)C(O)C(O)C3)cc21,C1=O[S](=O)N[C@H](O)C2=CC=C(C3C=CC(=C(N4C=CC(=O)C(O)C(O)C(O)C(O)C(O)C(O)C4)C3)C2)C1)N5C=CC(=O)C(O)C(O)
O=S1(=O)N[C@H](O)c2ccc(N3C=C4CO[C@H](O)C(O)(CN=N4)C(O)(O)C(O)(O)C(O)C(O)C3)cc21,O=S1(=O)N[C@H](O)c2ccc(N3C=C4CO[C@H](O)C(O)(CN=N4)C(O)(O)C(O)(O)C(O)(O)C(O)C(O)C3)cc21,C1=O[S](=O)N[C@H](O)C2=CC=C(C3C=CC(=O)N4C=CC(=O)C5(C(C(C(C(C(C(C(C(C(C(C(C(C(C(C(C(C(C(C(C(C(C(C(C(C(C(C(C(C(C(C(C(C(C(C(C(C(C(C(C(C,O=S1(=O)N[C@H](O)c2ccc(N3C=C4CO[C@H](O)C(O)(CN=N4)C(O)(O)C(O)(O)C(O)(O)C(O)C(O)C3)cc21,O=S1(=O)N[C@H](O)c2ccc(N3C=C4CO[C@H](O)C(O)(CN=N4)C(O)(O)C(O)(O)C(O)(O)C(O)C(O)C3)cc21
C1=O[S+]1(=O)N[C@H](O)c2ccc(N3C=C4CO[C@H](O)C(O)(CN=N4)C(O)(O)C(O)(O)C(O)(O)C(O)C3)cc21,C1=O[S](=O)N[C@H](O)C2=CC=C(C3C(C(=O)N4C=CC4C(=O)O[C@H](O)C(O)C(O)C(O)C(O)C(O)C3)C2)C1)C1=CC=CC=C1,C1=O[S]1(=O)N[C@H](O)C2=CC=C(C3C(=O)N(C4=C(C(=O)O[C@H](O)C(O)(C)C(O)(C)C(O)(C)C(O)(C)C(O)C)C3)C(N=C4)C(O)(C,C1=O[S]1(=O)N[C@H](O)C2=CC3=C(C(=O)N4C=C5CO[C@H](O)C6(C)CO[C@H](O)C(C(C(C(C(C(C(C(C(C(C(C(C(C(C(C(C(C(C(C(C(C(C(C(C(C(C(C(C(C,C1=O[S](=O)N[C@H](O)C2=CC=C(C3=C(C(=O)N4C=C(C5CO[C@H](O)C(O)C(O)C(O)C(O)C(O)C5)C3)C(=O)O)C(=O)O)C(=O)O)
"""O=S1(=O)N[C@H](O)c2ccc(N3C=C4CO[C@H](O)C(O)(CN=N4)C(O)(O)C(O)(O)C(O)(O)C(O)C(O)C3)cc21""",C1=O[S+]1(=O)N[C@H](O)c2ccc(N3C=C4CO[C@H](O)C(O)(CN=N4)C(O)(O)C(O)(O)C(O)(O)C(O)C(O)C3)cc21,C1=O[S](=O)N[C@H](O)C2=CC=C3N4C=C(C(C(=O)O)C(=O)N4)C(C(=O)O)C(=O)C(C(=O)O)C(=O)C(=O)C3=C2)C1,O=S1(=O)N[C@H](O)c2ccc(N3C=C4CO[C@H](O)C(O)(CN=N4)C(O)(O)C(O)(O)C(O)C(O)C3)cc21,C1=O[S+]1(=O)N[C@H](O)c2ccc(N3C=C4CO[C@H](O)C(O)(CN=N4)C(O)(O)C(O)(O)C(O)(O)C(O)C(O)C3)cc21
C1=O[S]1(=O)N[C@H](O)c2ccc(N3C=C4CO[C@H](O)C(O)(CN=N4)C(O)(O)C(O)(O)C(O)(O)C(O)C(O)C3)cc21,C1=O[S](=O)N[C@H](O)C2=CC=C(C3=C(C(=O)C(=O)C(=O)C(=O)C(=O)C(=O)C(=O)C(=O)C(=O)C(=O)C(=O)C(=O)C(=O)C(=O),O=S1(=O)N[C@H](O)c2ccc(N3C=C4CO[C@H](O)C(O)(CN=N4)C(O)(O)C(O)(O)C(O)C(O)C3)cc21,C1=O[S](=O)N[C@H](O)C2=CC=C(C(=O)N3C=C4C(=O)C5(C(=O)C6(C(=O)C(=O)C(=O)C(=O)C(=O)C(=O)C(=O)C(=O)C(=O)C(=,O=S1(=O)N[C@H](O)c2ccc(N3C=C4CO[C@H](O)C(O)(CN=N4)C(O)(O)C(O)(O)C(O)(O)C(O)C(O)C3)cc21
C1=O[S]1(=O)N[C@H](O)c2ccc(N3C=C4CO[C@H](O)C(O)(CN=N4)C(O)(O)C(O)(O)C(O)C(O)C3)cc21,C1=O[S+]1(=O)N[C@H](O)C2=CC=C(C(=O)N3C=C4C(=O)C(=O)C(=O)C(=O)C(=O)C(=O)C(=O)C(=O)C(=O)C(=O)C(=O)C(=O)C,C1=O[S]1(=O)N[C@H](O)c2ccc(N3C=C4CO[C@H](O)C(O)(CN=N4)C(O)(O)C(O)(O)C(O)(O)C(O)C(O)C3)cc21,C1=O[S](=O)N[C@H](O)C2=CC=C3N4C=C(C(O)C(O)C(O)C(O)C(O)C(O)C(O)C4)C3=CC=C2)C1,O=S1(=O)N[C@H](O)c2ccc(N3C=C4CO[C@H](O)C(O)(CN=N4)C(O)(O)C(O)(O)C(O)(O)C(O)C(O)C3)cc21
C1=O[S]1(=O)N[C@H](O)c2ccc(N3C=C4CO[C@H](O)C(O)(CN=N4)C(O)(O)C(O)(O)C(O)(O)C(O)C3)cc21,C1=O[S](=O)N[C@H](O)C2=CC=C(C3=C(C(=O)C(=O)N(C4C(=O)C(=O)N(C(C(C(C(C(C(C(C(C(C(C(C(C(C(C(C(C(C(C(C(C(C(C(C(C(C(C(C(C(C(C(C(C(C(C(C,C1=O[S](=O)N[C@H](O)C2=CC=C3C(=O)N4C=CC(=O)C(C(=O)O)C(C(=O)O)C(C(=O)O)C(C(=O)O)C(C(=O)O)C(C(=O)O)C(C(=O,C1=O[S](=O)(N[C@H](O)C2=CC=C(C3C=CC(=O)N4C=CC(=O)C(O)C(O)C(O)C(O)C(O)C(O)C4)C3)C2)C1,O=S1(=O)N[C@H](O)c2ccc(N3C=C4CO[C@H](O)C(O)(CN=N4)C(O)(O)C(O)(O)C(O)(O)C(O)C(O)C3)cc21
C1=O[S](=O)N[C@H](O)C2=CC=C(C3C=CC(=O)N4C=C(C(C(C(C(C(C(C(C(C(C(C(C(C(C(C(C(C(C(C(C(C(C(C(C(C(C(C(C(C(C(C(C(C(C(C(C(C(C(C(C(C(C(C(C(C(C(C,O=S1(=O)N[C@H](O)c2ccc(N3C=C4CO[C@H](O)C(O)(CN=N4)C(O)(O)C(O)(O)C(O)(O)C(O)C(O)C3)cc21,C1=O=S1(=O)N[C@H](O)c2ccc(N3C=C4CO[C@H](O)C(O)(CN=N4)C(O)(O)C(O)(O)C(O)(O)C(O)C(O)C3)cc21,C1=O[S]1(=O)N[C@H](O)C2=CC=C(C(=O)N3C=C4CO[C@H](O)C(O)(CN=N4)C(O)(O)C(O)(O)C(O)(O)C(O)C3)C2,O=S1(=O)N[C@H](O)c2ccc(N3C=C4CO[C@H](O)C(O)(CN=N4)C(O)(O)C(O)(O)C(O)C(O)C3)cc21
C1=O[S](=O)(N[C@H](O)c2ccc(N3C=C4CO[C@H](O)C(O)(CN=N4)C(O)(O)C(O)(O)C(O)C(O)C3)cc21)C(=O)O,C1=O[S](=O)N[C@H](O)C2=CC=C(C3=C(C4CO[C@H](O)C(O)(CN=C4)C(O)(O)C(O)(O)C(O)C(O)C3)C=CC=C2)C1,C1=O[S](=O)N[C@H](O)C2=CC=C(C3=C(C4=CC(=O)N(C(C(C(C(C(C(C(C(C(C(C(C(C(C(C(C(C(C(C(C(C(C(C(C(C(C(C(C(C(C(C(C(C(C(C(C(C(C(C(C(C(C(C(C(C(C(C(C,C1=O[S](=O)N[C@H](O)C2=CC=C(C3C=CC(=O)N4C=C(C(C(C(O)C(O)C(O)C(O)C(O)C(O)C(O)C(O))C(O)C(O)C(O))C(N)C4)C3)C2),C1=O[S]1(=O)N[C@H](O)c2ccc(N3C=C4CO[C@H](O)C(O)(CN=N4)C(O)(O)C(O)(O)C(O)(O)C(O)C(O)C3)cc21
C1=O[S+]1=O[NH]2[C@H](O)C3=CC=C2[N]4C=CC5=C(CO)C(O)C(O)C(O)C(O)C(O)C(O)C(O)C(O)C(O)C(O)C(O)C5[C@H]4,C1=O[S](=O)N[C@H](O)C2=CC=C(C3=C(C(C(=O)C(C(=O)C(C(=O)C(C(=O)C(C(=O)C(C(=O)C(C(=O)C(C(=O)C2)C3)C)C)C)C)C),C1=O[S]1(=O)N[C@H](O)C2=CC=C(C(=O)N3C=C4CO[C@H](O)C(O)(CN=N4)C(O)(O)C(O)(O)C(O)(O)C(O)C(O)C3)C2,C1=O[S](=O)N[C@H]1c2ccc(N3C=C4CO[C@H](O)C(O)(CN=N4)C(O)(O)C(O)(O)C(O)C(O)C3)cc21,C1=O[S](=O)N[C@H](O)C2=CC=C(C(=O)N3C=C4C[C@H](O)C(O)C(O)C(O)C(O)C(O)C(O)C(O)C3)CC4)C1=2
O=S1(=O)N[C@H](O)c2ccc(N3C=C4CO[C@H](O)C(O)(CN=N4)C(O)(O)C(O)(O)C(O)(O)C(O)C(O)C3)cc21,O=S1(=O)N[C@H](O)c2ccc(N3C=C4CO[C@H](O)C(O)(CN=N4)C(O)(O)C(O)(O)C(O)(O)C(O)C(O)C3)cc21,C1=O[S]1(=O)N[C@H](O)C2=CC=C(C3=C(C(=O)C(C(=O)C(N=C(C(=O)C(C(=O)C(C(=O)C(C(=O)C(C(=O)C(C(=O)C2)N)C)C)C)C)C,C1=O[S]1(=O)N[C@H](O)c2ccc(N3C=C4CO[C@H](O)C(O)(CN=N4)C(O)(O)C(O)(O)C(O)(O)C(O)C(O)C3)cc21,C1=O[S](=O)N[C@H](O)C2=CC=C(C3=C(C(C(C(C(C(C(C(C(C(C(C(C(C(C(C(C(C(C(C(C(C(C(C(C(C(C(C(C(C(C(C(C(C(C(C(C(C(C(C(C(C(C(C(C(C(C(C(C(C(C(C(C(C(C(C(C
C1=O[S](=O)N[C@H](O)c2ccc(N3C=C4CO[C@H](O)C(O)(CN=N4)C(O)(O)C(O)(O)C(O)(O)C(O)C(O)C3)cc21,C1=O[S](=O)N[C@H](O)C2=CC=C(C(N3C=C4CO[C@H](O)C(O)(CN=N4)C(O)(O)C(O)(O)C(O)C(O)C3)C)C21,C1=O[S](=O)N[C@H](O)C2=CC=C(C(=O)N3C=C4CO[C@H](O)C(O)(CN=N4)C(O)(O)C(O)(O)C(O)(O)C(O)C(O)C3)C2=C1,C1=O[S](=O)N[C@H](O)C2=CC=C(C3=C(C4CO[C@H](O)C(O)(CN=C4)C(O)(O)C(O)(O)C(O)C(O)C3)C)C2=C1,O=S1(=O)N[C@H](O)c2ccc(N3C=C4CO[C@H](O)C(O)(CN=N4)C(O)(O)C(O)(O)C(O)C(O)C3)cc21
C1=O[S]1(=O)N[C@H](O)c2ccc(N3C=C4CO[C@H](O)C(O)(CN=N4)C(O)(O)C(O)(O)C(O)(O)C(O)C3)cc21,C1=O[S](=O)N[C@H](O)C2=CC=C(C3=C(C(C4=CC=C(C(C(C(C(C(C(C(C(C(C(C(C(C(C(C(C(C(C(C(C(C(C(C(C(C(C(C(C(C(C(C(C(C(C(C(C(C(C(C(C(C(C(C(C(C(C(C(C(C(C,C1=O[S]1(=O)N[C@H](O)C2=CC=C(C3=C(C(=O)C(=O)C(=O)C(=O)C(=O)C(=O)C(=O)C(=O)C(=O)C(=O)C(=O)C(=O)C(=O)C(=O,C1=O[S(=O)N[C@H](O)C2=CC=C(C(=O)N3C=C4CO[C@H](O)C(O)C(O)C(O)C(O)C(O)C(O)C(O)C(O)C3)C2)C1,C1=O[S](=O)N[C@H](O)C2=CC=C(C3C=CC(=O)N4C=CC(=O)C(C(C(C(C(C(C(C(C(C(C(C(C(C(C(C(C(C(C(C(C(C(C(C(C(C(C(C(C(C(C(C(C(C(C(C(C(C(C(C(C(C(C
O=S1(=O)N[C@H](O)c2ccc(N3C=C4CO[C@H](O)C(O)(CN=N4)C(O)(O)C(O)(O)C(O)C(O)C3)cc21,O=S1(=O)N[C@H](O)c2ccc(N3C=C4CO[C@H](O)C(O)(CN=N4)C(O)(O)C(O)(O)C(O)(O)C(O)C(O)C3)cc21,C1=O[S+]1(=O)N[C@H](O)c2ccc(N3C=C4CO[C@H](O)C(O)(CN=N4)C(O)(O)C(O)(O)C(O)C(O)C3)cc2,C1=O[S+]1(=O)N[C@H](O)C2=CC=C(C(=O)N3C=C4C(=O)C(=O)C(=O)C(=O)C(=O)C(=O)C(=O)C(=O)C(=O)C(=O)C(=O)C(=O)C,C1=O[S]1(=O)N[C@H](O)c2ccc(N3C=C4CO[C@H](O)C(O)(CN=N4)C(O)(O)C(O)(O)C(O)C(O)C3)cc21
O=S1(=O)N[C@H](O)c2ccc(N3C=C4CO[C@H](O)C(O)(CN=N4)C(O)(O)C(O)(O)C(O)(O)C(O)C(O)C3)cc21,C1=O[S]1(=O)N[C@H](O)C2=CC=C(C3C=C4C(O)C(C(=O)C4(C(=O)C3(C(=O)C2)C(=O)N(C)C(=O)C)C(=O)O)C(=O)O)C(=O)O,C1=O[S](=O)N[C@H](O)c2ccc(N3C=C4CO[C@H](O)C(O)(CN=N4)C(O)(O)C(O)(O)C(O)C(O)C3)cc21,C1=O[S]1(=O)N[C@H](O)C2=CC=C(C3=C(C(C(C(C(C(C(C(C(C(C(C(C(C(C(C(C(C(C(C(C(C(C(C(C(C(C(C(C(C(C(C(C(C(C(C(C(C(C(C(C(C(C(C(C(C(C(C(C(C(C(C(C(C(C(C,C1=O[S](=O)N[C@H](O)C2=CC=C(C3=C(C(=O)C4=CC(=O)N(C(=C(C(=O)C(C(=O)C(C(=O)C(C(=O)C(C(=O)C2)C3)C(=O)C4)C)C)
O=S1(=O)N[C@H](O)c2ccc(N3C=C4CO[C@H](O)C(O)(CN=N4)C(O)(O)C(O)(O)C(O)(O)C(O)C(O)C3)cc21,O=S1(=O)N[C@H](O)c2ccc(N3C=C4CO[C@H](O)C(O)(CN=N4)C(O)(O)C(O)(O)C(O)(O)C(O)C(O)C3)cc21,C1=O[S](=O)N[C@H](O)C2=CC=C(C3C=C(C(=O)O[C@H](O)C(C(=O)O)C(C(=O)O)C(C(=O)O)C(C(=O)O)C(C(=O)O)C3)C(=O)N4,C1=O[S](=O)N[C@H](O)C2=CC=C(C(=O)N3C=C4CO[C@H](O)C(O)(CN=N4)C(O)(O)C(O)(O)C(O)C(O)C3)C2=C1,C1=O[S](=O)N[C@H](O)C2=CC3=C(C(=O)N4C=CC5=C(C(=O)O[C@H](O)C(O)C(O)C(O)C(O)C(O)C5)C(=O)N4)C(=O)O)C(=O)O
C1=O[S](=O)N[C@H](O)C2=CC=C(C3C=CC(=O)N4C=CC4(C5C(O)C(C(O)(C(C(C(C(C5)O)O)O)O)O)C(O)C(O)C(O))C3)C2)C1,C1=O[S](=O)N[C@H](O)C2=CC=C(C(=O)N3C=C4C(=O)C(=O)C(=O)C(=O)C(=O)C(=O)C(=O)C(=O)C(=O)C(=O)C(=O)C(=O)C(=,C1=O=S1(=O)N[C@H](O)C2=CC=C(C3=C(C(=O)N4C=C(C(C(=O)C(O)C(O)C(O)C(O)C(O)C(O)C3)C(=O)N4)C2)C(=O)O)C(=O)O),C1=O[S](=O)N[C@H](O)C2=CC=C3N4C=CC(=C4)C(=O)C5(C(C(=O)O)C(=O)O)C(=O)O)C(=O)C(=O)C6(C(=O)O)C(=O)C(=O),C1=O[NH](O)C2=CC3=C(C(=O)C4CO[C@H](O)C(O)(CN=C4)C(O)(O)C(O)(O)C(O)(O)C(O)C3)CC2=C1
C1=O[S](=O)N[C@H](O)C2=CC=C(C(=O)N3C=C4C(C(=O)O)C(=O)N4C(=O)C(=O)C(=O)C(=O)C(=O)C(=O)C3)C2)C1,C1=O[S](=O)N[C@H](O)C2=CC=C(C3C=C(C4C=CC(=O)C(C(O)C(C(O)C(C(O)C(C(O)C(C(O)C(C(O)C(C(O)C(C(O)C(C(O)C(C(O)C(C(O)C3),C1=O[NH1]C2=O[C@H](C3=CC=C(C4C(=O)C5=C(N(C(C(C(C(C(C(C(C(C(C(C(C(C(C(C(C(C(C(C(C(C(C(C(C(C(C(C(C(C(C(C(C(C(C(C(C(C(C(C(C(C(C(C(C(C(C(C(C(C,O=S1(=O)N[C@H](O)c2ccc(N3C=C4CO[C@H](O)C(O)(CN=N4)C(O)(O)C(O)(O)C(O)C(O)C3)cc21,C1=O[S+]1(=O)N[C@H](O)c2ccc(N3C=C4CO[C@H](O)C(O)(CN=N4)C(O)(O)C(O)(O)C(O)C(O)C3)cc21
O=S1(=O)N[C@H](O)c2ccc(N3C=C4CO[C@H](O)C(O)(CN=N4)C(O)(O)C(O)(O)C(O)(O)C(O)C(O)C3)cc21,C1=O[S]1(=O)N[C@H](O)C2=CC=C(N3C=C4C(=O)C5=C(C(=O)C(=O)C(=O)C(=O)C(=O)C(=O)C(=O)C(=O)C(=O)C(=O)C5)C(=O,C1=O[S](=O)N[C@H](O)c2ccc(N3C=C4CO[C@H](O)C(O)(CN=N4)C(O)(O)C(O)(O)C(O)C(O)C3)cc21,C1=O[S+]([O-])N[C@H](O)C2=CC=C(C3C=CC(=O)N4C=CC(=O)C(C(O)C(O)C(O)C(O)C(O)C(O)C(O)C(O)C4)C3)C2)C1,C1=O[S](=O)N[C@H](O)C2=CC=C(C3=C(C4C(=O)C(O)C(O)C(O)C(O)C(O)C(O)C4)C(=O)N(C(C(=O)O)C(=O)O)C(=O)O)C(=O)O
C1=O[S](=O)N[C@H](O)C2=CC=C(C3=C(C(C(C(O)C(O)C(O)C(O)C(O)C(O)C3)C(=O)N)C(=O)N)C(=O)O)C2)C1,O=S1(=O)N[C@H](O)c2ccc(N3C=C4CO[C@H](O)C(O)(CN=N4)C(O)(O)C(O)(O)C(O)(O)C(O)C(O)C3)cc21,C1=O[S](=O)N[C@H](O)C2=CC=C(N3C=C4CO[C@H](O)C(O)(CN=N4)C(O)(O)C(O)(O)C(O)(O)C(O)C(O)C3)C2=C1,O=S1(=O)N[C@H](O)c2ccc(N3C=C4CO[C@H](O)C(O)(CN=N4)C(O)(O)C(O)(O)C(O)(O)C(O)C(O)C3)cc21,C1=O[S](=O)N[C@H](O)C2=CC=C(C(=O)N3C=C4C(C(=O)O[C@H](O)C(O)C(O)C(O)C(O)C(O)C(O)C(O)C3)C4)C2=C1
C1=O[S]1(=O)N[C@H](O)c2ccc(N3C=C4CO[C@H](O)C(O)(CN=N4)C(O)(O)C(O)(O)C(O)(O)C(O)C(O)C3)cc21,C1=O[S]1(=O)N[C@H](O)c2ccc(N3C=C4CO[C@H](O)C(O)(CN=N4)C(O)(O)C(O)(O)C(O)(O)C(O)C(O)C3)cc21,C1=O[S](=O)N[C@H]1c2ccc(N3C=C4CO[C@H](O)C(O)(CN=N4)C(O)(O)C(O)(O)C(O)C(O)C3)cc2,O=S1(=O)N[C@H](O)c2ccc(N3C=C4CO[C@H](O)C(O)(CN=N4)C(O)(O)C(O)(O)C(O)C(O)C3)cc21,C1=O[S+]1(=O)N[C@H](O)c2ccc(N3C=C4CO[C@H](O)C(O)(CN=N4)C(O)(O)C(O)(O)C(O)C(O)C3)cc21
C1=O[S]1(=O)N[C@H](O)C2=CC=C(C(=O)N3C=C4CO[C@H](O)C(O)(CN=N4)C(O)(O)C(O)(O)C(O)(O)C(O)C(O)C3)C2,O=S1(=O)N[C@H](O)c2ccc(N3C=C4CO[C@H](O)C(O)(CN=N4)C(O)(O)C(O)(O)C(O)(O)C(O)C(O)C3)cc21,O=S1(=O)N[C@H](O)c2ccc(N3C=C4CO[C@H](O)C(O)(CN=N4)C(O)(O)C(O)(O)C(O)(O)C(O)C(O)C3)cc21,C1=O[S](=O)N[C@H](O)C2=CC=C(C3C=CC(=O)N4C=C(C(O)C(O)C(O)C(O)C(O)C(O)C(O)C(O)C(O)C4)C3)C(O)C2)C(O)C21,C1=O/N=C1/N[C@H](O)C2=CC=C(C3=C(C4=C(CO[C@H](O)C5=C(C(C(C(C(C(C(C(C(C(C(C(C(C(C(C(C(C(C(C(C(C(C(C(C(C(C(C(C(C(C(C(C(C(C(C(C(C(C(C(C(C(C(C(C
O=S1(=O)N[C@H](O)c2ccc(N3C=C4CO[C@H](O)C(O)(CN=N4)C(O)(O)C(O)(O)C(O)C(O)C3)cc21,C1=O[S+]1(=O)N[C@H](O)c2ccc(N3C=C4CO[C@H](O)C(O)(CN=N4)C(O)(O)C(O)(O)C(O)(O)C(O)C(O)C3)cc21,C1=O[S]1(=O)N[C@H](O)C2=CC=C(C3C=C4C(O)C(C(O)C(O)C(O)C(O)C(O)C(O)C3)C(=C(N4)C)C)C2,C1=O[S](=O)N[C@H](O)C2=CC=C(C3C=CC(=O)N4C=CC5(C(C(=O)C(O)C(O)C(O)C(O)C(O)C5)C(N=C4)C3)C2)C=CC=C1)C=CC=C3,C1=O[S](=O)N[C@H](O)C2=CC=C(C3=C(C(=O)C(=O)N4C(=C(C(C(=O)C(=O)C(=O)C(=O)C(=O)C(=O)C(=O)C(=O)C(=O)C(=O)C(=
O=S1(=O)N[C@H](O)c2ccc(N3C=C4CO[C@H](O)C(O)(CN=N4)C(O)(O)C(O)(O)C(O)(O)C(O)C3)cc21,O=S1(=O)N[C@H](O)c2ccc(N3C=C4CO[C@H](O)C(O)(CN=N4)C(O)(O)C(O)(O)C(O)(O)C(O)C(O)C3)cc21,C1=O[S]1(=O)N[C@H](O)c2ccc(N3C=C4CO[C@H](O)C(O)(CN=N4)C(O)(O)C(O)(O)C(O)C(O)C3)cc21,C1=O[S](=O)N[C@H](O)C2=CC=C(N3C=C4CO[C@H](O)C(O)(CN=N4)C(O)(O)C(O)(O)C(O)(O)C(O)C(O)C3)C2=C1,C1=O[S]1(=O)N[C@H](O)c2ccc(N3C=C4CO[C@H](O)C(O)(CN=N4)C(O)(O)C(O)(O)C(O)(O)C(O)C(O)C3)cc21
C1=O[S+]1(=O)N[C@H](O)C2=CC=C3N4C=CC4(C(=O)C5=C(C(=O)O)C(C(=O)O)C(C(=O)O)C(C(=O)O)C(C(=O)O)C(C(=O)O)C(C(=,C1=O[S](=O)N[C@H](O)C2=CC=C(C3C=CC4=C(C(=O)C(O)C(O)C(O)C(O)C(O)C4)N(C(=O)C3)C)C(O)C(N3C=CC4=C(C(=O)C(O)C(O,C1=O[S]1(=O)N[C@H]2C3=CC=C(C(N4C=CC4)C2)C(=O)N3C(=O)C1(C(=O)O)C(=O)O)C(=O)O)C(=O)O)C(=O)O)C(=O)O),C1=O[S]1(=O)N[C@H](O)C2=CC=C(C3=C(C4=C(C(O)C(O)C(O)C(O)C(O)C(O)C(O)C(O)C(O)C(O)C(O)C(O)C(O)C(O)C(O)C(O)C(O)C,C1=O[S](=O)N[C@H](O)C2=CC=C(C(=O)N3C=CC4=C(C(=O)C(C(O)(C)C(O)(C)C(O)(C)C(O)C)C(O)(C)C(O)C)C(N=C4)C3)C2=C1
O=S1(=O)N[C@H](O)c2ccc(N3C=C4CO[C@H](O)C(O)(CN=N4)C(O)(O)C(O)(O)C(O)C(O)C3)cc21,C1=O[S](=O)N[C@H](O)c2ccc(N3C=C4CO[C@H](O)C(O)(CN=N4)C(O)(O)C(O)(O)C(O)(O)C(O)C(O)C3)cc21,C1=O[S]1(=O)N[C@H](O)c2ccc(N3C=C4CO[C@H](O)C(O)(CN=N4)C(O)(O)C(O)(O)C(O)(O)C(O)C(O)C3)cc21,O=S1(=O)N[C@H](O)c2ccc(N3C=C4CO[C@H](O)C(O)(CN=N4)C(O)(O)C(O)(O)C(O)(O)C(O)C(O)C3)cc21,C1=O[S](=O)(N[C@H](O)C2=CC=C(C3=C(C(N4C=CC(=O)C(C(C(O)C(O)C(O)C(O)C(O)C(O)C(O)C(O)C(O)C4)N)C3)C2)C1)C(=O)
C1=O[S](=O)N[C@H](O)C2=CC=C(C3=C(C=CC(=O)N4C=CC(=O)C(C(C(C(C(C(C(C(C(C(C(C(C(C(C(C(C(C(C(C(C(C(C(C(C(C(C(C(C(C(C(C(C(C(C(C(C(C(C(C(C(C,C1=O[S]1(=O)N[C@H](O)c2ccc(N3C=C4CO[C@H](O)C(O)(CN=N4)C(O)(O)C(O)(O)C(O)(O)C(O)C(O)C3)cc21,C1=O[S]1(=O)N[C@H](O)c2ccc(N3C=C4CO[C@H](O)C(O)(CN=N4)C(O)(O)C(O)(O)C(O)C(O)C3)cc21,C1=O[S]1(=O)N[C@H](O)c2ccc(N3C=C4CO[C@H](O)C(O)(CN=N4)C(O)(O)C(O)(O)C(O)(O)C(O)C(O)C3)cc21,C1=O[S](=O)(N[C@H](O)C2=CC=C(C3=C(C(N4C=C5C(C(O)(C(O)(C(O)(C(O)(C(O)(C(O)(C(O)(C(O)C(O)C3)C(O)C4)C5)C(O)C(O))C(O))C
C1=O[S(=O)]N[C@H](O)C2=CC=C(C3C(=C4CO[C@H](O)C(O)(CN=C4)C(O)(O)C(O)(O)C(O)(O)C(O)C(O)C3)C=CC2)C=CC1,O=S1(=O)N[C@H](O)c2ccc(N3C=C4CO[C@H](O)C(O)(CN=N4)C(O)(O)C(O)(O)C(O)(O)C(O)C(O)C3)cc21,O=S1(=O)N[C@H](O)c2ccc(N3C=C4CO[C@H](O)C(O)(CN=N4)C(O)(O)C(O)(O)C(O)(O)C(O)C(O)C3)cc21,C1=O[S](=O)N[C@H](O)C2=CC=C(N3C=C4CO[C@H](O)C(O)(CN=N4)C(O)(O)C(O)(O)C(O)C(O)C3)C2=C1,C1=O[S]1(=O)N[C@H](O)c2ccc(N3C=C4CO[C@H](O)C(O)(CN=N4)C(O)(O)C(O)(O)C(O)(O)C(O)C(O)C3)cc21
O=S1(=O)N[C@H](O)c2ccc(N3C=C4CO[C@H](O)C(O)(CN=N4)C(O)(O)C(O)(O)C(O)C(O)C3)cc21,C1=O[S](=O)N[C@H](O)C2=CC=C(C(=O)N3C=C4CO[C@H](O)C(O)C(O)C(O)C(O)C(O)C(O)C(O)C(O)C(O)C(O)C3)C2=C4)C1,C1=O[S]1(=O)N[C@H](O)c2ccc(N3C=C4CO[C@H](O)C(O)(CN=N4)C(O)(O)C(O)(O)C(O)C(O)C3)cc21,C1=O[S+]1(=O)N[C@H]1c2ccc(N3C=C4CO[C@H]1O)C(O)C(O)C(O)C(O)C(O)C(O)C3)c2C(O)C(O)C(O)C(O)C(O)C(O)C(O)C(O)C(O,C1=O[S]1(=O)N[C@H](O)C2=CC=C(C(=O)N3C=C4CO[C@H](O)C(O)(CN=N4)C(O)(O)C(O)(O)C(O)(O)C(O)C(O)C3)C2
O=S1(=O)N[C@H](O)c2ccc(N3C=C4CO[C@H](O)C(O)(CN=N4)C(O)(O)C(O)(O)C(O)(O)C(O)C(O)C3)cc21,O=S1(=O)N[C@H](O)c2ccc(N3C=C4CO[C@H](O)C(O)(CN=N4)C(O)(O)C(O)(O)C(O)(O)C(O)C(O)C3)cc21,O=S1(=O)N[C@H](O)c2ccc(N3C=C4CO[C@H](O)C(O)(CN=N4)C(O)(O)C(O)(O)C(O)(O)C(O)C(O)C3)cc21,C1=O[S]1(=O)N[C@H](O)C2=CC=C(C(N3C=C4C=CC(=O)C4[C@H](O)C(O)C(O)C(O)C(O)C(O)C3)C2)N=C4C=CC(=O)C4)C1,O=S1(=O)N[C@H](O)c2ccc(N3C=C4CO[C@H](O)C(O)(CN=N4)C(O)(O)C(O)(O)C(O)(O)C(O)C(O)C3)cc21
C1=O[S]1(=O)N[C@H](O)c2ccc(N3C=C4CO[C@H](O)C(O)(CN=N4)C(O)(O)C(O)(O)C(O)(O)C(O)C(O)C3)cc21,O=S1(=O)N[C@H](O)c2ccc(N3C=C4CO[C@H](O)C(O)(CN=N4)C(O)(O)C(O)(O)C(O)(O)C(O)C(O)C3)cc21,C1=O[S@O](=O)N[C@H](O)c2ccc(N3C=C4CO[C@H](O)C(O)(CN=N4)C(O)(O)C(O)(O)C(O)(O)C(O)C(O)C3)cc21,O=S1(=O)N[C@H](O)c2ccc(N3C=C4CO[C@H](O)C(O)(CN=N4)C(O)(O)C(O)(O)C(O)C(O)C3)cc21,O=S1(=O)N[C@H](O)c2ccc(N3C=C4CO[C@H](O)C(O)(CN=N4)C(O)(O)C(O)(O)C(O)C(O)C3)cc21
C1=O[S](=O)N[C@H](O)C2=CC=C(C(=O)N3C=C4CO[C@H](O)C(O)(CN=N4)C(O)(O)C(O)(O)C(O)(O)C(O)C(O)C3)C2=C1,O=S1(=O)N[C@H](O)c2ccc(N3C=C4CO[C@H](O)C(O)(CN=N4)C(O)(O)C(O)(O)C(O)(O)C(O)C(O)C3)cc21,C1=O[S](=O)N[C@H](O)C2=CC=CC2[C@H](O)C3=CC=CC4=C(C(=O)C(=O)N(C(C(=O)C(=O)C(=O)C(=O)C(=O)C(=O)C(=O)C(=O)C,O=S1(=O)N[C@H](O)c2ccc(N3C=C4CO[C@H](O)C(O)(CN=N4)C(O)(O)C(O)(O)C(O)C(O)C3)cc21,C1=O[S](=O)N[C@H](O)C2=CC=C(C(=O)N3C=C4CO[C@H](O)C(O)C(O)C(O)C(O)C(O)C(O)C(O)C(O)C(O)C3)C2=C1
O=S1(=O)N[C@H](O)c2ccc(N3C=C4CO[C@H](O)C(O)(CN=N4)C(O)(O)C(O)(O)C(O)(O)C(O)C(O)C3)cc21,O=S1(=O)N[C@H](O)c2ccc(N3C=C4CO[C@H](O)C(O)(CN=N4)C(O)(O)C(O)(O)C(O)(O)C(O)C(O)C3)cc21,O=S1(=O)N[C@H](O)c2ccc(N3C=C4CO[C@H](O)C(O)(CN=N4)C(O)(O)C(O)(O)C(O)(O)C(O)C(O)C3)cc21,O=S1(=O)N[C@H](O)c2ccc(N3C=C4CO[C@H](O)C(O)(CN=N4)C(O)(O)C(O)(O)C(O)(O)C(O)C(O)C3)cc21,C1=O[S]1(=O)N[C@H](O)c2ccc(N3C=C4CO[C@H](O)C(O)(CN=N4)C(O)(O)C(O)(O)C(O)(O)C(O)C(O)C3)cc21
C1=O[S](=O)N[C@H](O)C2=CC=C(C3C=CC(=O)N4C=CC(=O)C4[C@H](O)C(O)C(O)C(O)C(O)C(O)C3)C2)C1,C1=O=S1(=O)N[C@H](O)c2ccc(N3C=C4CO[C@H](O)C(O)(CN=N4)C(O)(O)C(O)(O)C(O)C(O)C3)cc21,O=S1(=O)N[C@H](O)c2ccc(N3C=C4CO[C@H](O)C(O)(CN=N4)C(O)(O)C(O)(O)C(O)(O)C(O)C(O)C3)cc21,O=S1(=O)N[C@H](O)c2ccc(N3C=C4CO[C@H](O)C(O)(CN=N4)C(O)(O)C(O)(O)C(O)(O)C(O)C(O)C3)cc21,C1=O[S](=O)N[C@H](O)c2ccc(N3C=C4CO[C@H](O)C(O)(CN=N4)C(O)(O)C(O)(O)C(O)(O)C(O)C(O)C3)cc21
C1=O[S](=O)N[C@H](O)C2=CC=C(C(=O)N3C=C4CO[C@H](O)C(O)C(O)C(O)C(O)C(O)C(O)C(O)C(O)C(O)C(O)C3)C2=C1,O=S1(=O)N[C@H](O)c2ccc(N3C=C4CO[C@H](O)C(O)(CN=N4)C(O)(O)C(O)(O)C(O)(O)C(O)C(O)C3)cc21,C1=O[S+]1(=O)N[C@H](O)C2=CC=C(C3C=CC(=O)N4C=C(C(O)C(O)C(O)C(O)C(O)C(O)C(O)C3)C4)C2,C1=O[S](=O)N[C@H]1c2ccc(N3C=C4CO[C@H]4C(O)C(O)C(O)C(O)C(O)C(O)C3)cc2,C1=O[S](=O)N[C@H](O)C2=CC=C(C3C=C(C(=O)C(=O)N(C4C=CC(=O)C(C(C(C(C(C(C(C(C(C(C(C(C(C(C(C(C(C(C(C(C(C(C(C(C(C(C(C(C(C(C(C(C(C(C(C(C(C
O=S1(=O)N[C@H](O)c2ccc(N3C=C4CO[C@H](O)C(O)(CN=N4)C(O)(O)C(O)(O)C(O)C(O)C3)cc21,C1=O[S]1(=O)N[C@H](O)c2ccc(N3C=C4CO[C@H](O)C(O)(CN=N4)C(O)(O)C(O)(O)C(O)(O)C(O)C(O)C3)cc21,O=S1(=O)N[C@H](O)c2ccc(N3C=C4CO[C@H](O)C(O)(CN=N4)C(O)(O)C(O)(O)C(O)C(O)C3)cc21,C1=O[S]1(=O)N[C@H](O)C2=CC=C(C(=O)N3C=C4CO[C@H](O)C(O)(CN=N4)C(O)(O)C(O)(O)C(O)(O)C(O)C(O)C3)C2,O=S1(=O)N[C@H](O)c2ccc(N3C=C4CO[C@H](O)C(O)(CN=N4)C(O)(O)C(O)(O)C(O)(O)C(O)C(O)C3)cc21
O=S1(=O)N[C@H](O)c2ccc(N3C=C4CO[C@H](O)C(O)(CN=N4)C(O)(O)C(O)(O)C(O)(O)C(O)C(O)C3)cc21,O=S1(=O)N[C@H](O)c2ccc(N3C=C4CO[C@H](O)C(O)(CN=N4)C(O)(O)C(O)(O)C(O)(O)C(O)C(O)C3)cc21,C1=O[S](=O)N[C@H](O)C2=CC=C3C(=O)N4C=C(C(=O)C5=C(C(=O)C6=C(C(=O)C7=C(C(=O)C8=C(C(=O)C9=C(C(=O)C1O)O)O)O)O,C1=O[S]1(=O)N[C@H](O)C2=CC=C(C(=O)N3C=C4CO[C@H](O)C(O)(CN=N4)C(O)(O)C(O)(O)C(O)(O)C(O)C(O)C3)C2,O=S1(=O)N[C@H](O)c2ccc(N3C=C4CO[C@H](O)C(O)(CN=N4)C(O)(O)C(O)(O)C(O)(O)C(O)C(O)C3)cc21
C1=O[S](=O)N[C@H](O)C2=CC=C1N3C=C4CO[C@H](O)C(O)C(O)C(O)C(O)C(O)C(O)C(O)C(O)C(O)C(O)C4N3C2,C1=O[S](=O)N[C@H](O)C2=CC=C(C3C=CC(=O)N4C=C5C[C@H](O)C(C(=O)N5)C(C(=O)O)C(C(=O)O)C(C(=O)O)C(C(=O)O)C(C(=,O=S1(=O)N[C@H](O)c2ccc(N3C=C4CO[C@H](O)C(O)(CN=N4)C(O)(O)C(O)(O)C(O)(O)C(O)C(O)C3)cc21,O=S1(=O)N[C@H](O)c2ccc(N3C=C4CO[C@H](O)C(O)(CN=N4)C(O)(O)C(O)(O)C(O)(O)C(O)C(O)C3)cc21,O=S1(=O)N[C@H](O)c2ccc(N3C=C4CO[C@H](O)C(O)(CN=N4)C(O)(O)C(O)(O)C(O)C(O)C3)cc21
O=S1(=O)N[C@H](O)c2ccc(N3C=C4CO[C@H](O)C(O)(CN=N4)C(O)(O)C(O)(O)C(O)(O)C(O)C(O)C3)cc21,C1=O[S](=O)N[C@H](O)C2=CC=C(C3C=C(C(=O)N4C=C5C(C(C(C(C(O)C(O)C(O)C(O)C(O)C(O)C(O)C(O)C(O)C5)C(O))C(O))C(O))C(O),C1=O[S](=O)N[C@H](O)C2=CC=C(C3C(=O)C4=C(C(=O)C(O)C(O)C(O)C(O)C(O)C(O)C4)C(N=C3)C)C(O)C(O)C2)C1,C1=O[S]1(=O)N[C@H](O)C2=CC=C(C3C=C4C(=O)C[C@H](O)C(O)C(O)C(O)C(O)C(O)C(O)C4)C(=O)N3C=C4C(=O)C[C@H](O)C,C1=O[S]1(=O)N[C@H](O)C2=CC=C(N3C=C4C(C(=O)O[C@H](O)C(O)C(O)C(O)C(O)C(O)C(O)C(O)C3)C4)C2
O=S1(=O)N[C@H](O)c2ccc(N3C=C4CO[C@H](O)C(O)(CN=N4)C(O)(O)C(O)(O)C(O)(O)C(O)C(O)C3)cc21,O=S1(=O)N[C@H](O)c2ccc(N3C=C4CO[C@H](O)C(O)(CN=N4)C(O)(O)C(O)(O)C(O)(O)C(O)C(O)C3)cc21,C1=O[S](=O)N[C@H](O)C2=CC=C(C(=O)N3C=C4C(C(=O)O[C@H](O)C(O)(CN=C4)C(O)(O)C(O)(O)C(O)(O)C(O)C(O)C3)C2)C1,C1=O[S]1(=O)N[C@H](O)c2ccc(N3C=C4CO[C@H](O)C(O)(CN=N4)C(O)(O)C(O)(O)C(O)(O)C(O)C(O)C3)cc21,C1=O[S](=O)N[C@H](O)C2=CC=C(C3C=C(C(C(C(C(C(C(C(C(C(C(C(C(C(C(C(C(C(C(C(C(C(C(C(C(C(C(C(C(C(C(C(C(C(C(C(C(C(C(C(C(C(C(C(C(C(C(C(C(C(C(C(C(C(C(C
C1=O[S](=O)N[C@H](O)C2=CC=C(C(=O)N3C=C4CO[C@H](O)C(O)(CN=N4)C(O)(O)C(O)(O)C(O)C(O)C3)C2=C1,C1=O[S](=O)N[C@H](O)C2=CC=C(N3C=C4CO[C@H](O)C(O)(CN=N4)C(O)(O)C(O)(O)C(O)(O)C(O)C(O)C3)CC2=C1,O=S1(=O)N[C@H](O)c2ccc(N3C=C4CO[C@H](O)C(O)(CN=N4)C(O)(O)C(O)(O)C(O)C(O)C3)cc21,O=S1(=O)N[C@H](O)c2ccc(N3C=C4CO[C@H](O)C(O)(CN=N4)C(O)(O)C(O)(O)C(O)(O)C(O)C(O)C3)cc21,C1=O[S](=O)N[C@H](O)C2=CC=C(C3C=CC(=O)N4C=CC(=O)C4(C(C(O)C(O)C(O)C(O)C(O)C(O)C3)C(N=C)C)C2)C1
C1=O[S](=O)N[C@H](O)C2=CC=C(C3C=CC(=O)N4C=C(C(C(C(C(C(C(C(C(C(C(C(C(C(C(C(C(C(C(C(C(C(C(C(C(C(C(C(C(C(C(C(C(C(C(C(C(C(C(C(C(C(C(C(C(C(C(C,C1=O[S](=O)N[C@H](O)C2=CC=C(C3=C(C(=O)N4C=C5C[C@H](O)C(C(=O)N5)C(C(=O)O)C(C(=O)O)C(C(=O)O)C(C(=O)O)C(C(=O,O=S1(=O)N[C@H](O)c2ccc(N3C=C4CO[C@H](O)C(O)(CN=N4)C(O)(O)C(O)(O)C(O)(O)C(O)C(O)C3)cc21,C1=O[S]1(=O)N[C@H](O)C2=CC=C(N3C=C4CO[C@H](O)C(O)(CN=C4)C(O)(O)C(O)(O)C(O)(O)C(O)C(O)C3)C2,C1=O[S](=O)N[C@H](O)C2=CC=C(C3=C(C=C(C4=CC(=O)C(C5=CC(=O)C(C(C(C(C(C(C(C(C(C(C(C(C(C(C(C(C(C(C(C(C(C(C(C(C(C(C(C(C(C(C(C(C(C(C(C(C(C(C
O=S1(=O)N[C@H](O)c2ccc(N3C=C4CO[C@H](O)C(O)(CN=N4)C(O)(O)C(O)(O)C(O)(O)C(O)C(O)C3)cc21,C1=O[S+]1(=O)N[C@H](O)c2ccc(N3C=C4CO[C@H](O)C(O)(CN=N4)C(O)(O)C(O)(O)C(O)(O)C(O)C(O)C3)cc21,O=S1(=O)N[C@H](O)c2ccc(N3C=C4CO[C@H](O)C(O)(CN=N4)C(O)(O)C(O)(O)C(O)(O)C(O)C(O)C3)cc21,O=S1(=O)N[C@H](O)c2ccc(N3C=C4CO[C@H](O)C(O)(CN=N4)C(O)(O)C(O)(O)C(O)(O)C(O)C(O)C3)cc21,C1=O[S](=O)N[C@H](O)C2=CC=C(C(N3C=C4C[C@H](O)C(O)C(O)C(O)C(O)C(O)C(O)C(O)C(O)C(O)C(O)C(O)C3)C4)C=CC=C1)C
C1=O[S](=O)(N)C2=CC=C(C(N3C=C4C(C(C(O)C(O)C(O)C(O)C(O)C(O)C(O)C(O)C(O)C(O)C(O)C(O)C(O)C(O)C(O)C(O)C(O)C(O)C(O,O=S1(=O)N[C@H](O)c2ccc(N3C=C4CO[C@H](O)C(O)(CN=N4)C(O)(O)C(O)(O)C(O)(O)C(O)C(O)C3)cc21,O=S1(=O)N[C@H](O)c2ccc(N3C=C4CO[C@H](O)C(O)(CN=N4)C(O)(O)C(O)(O)C(O)(O)C(O)C(O)C3)cc21,C1=O[S](=O)N[C@H](O)C2=CC3=C(C4CO[C@H](O)C(O)(CN=C4)C(O)(O)C(O)(O)C(O)C(O)C3)CC2=C1,O=S1(=O)N[C@H](O)c2ccc(N3C=C4CO[C@H](O)C(O)(CN=N4)C(O)(O)C(O)(O)C(O)(O)C(O)C(O)C3)cc21
C1=O[S]1(=O)N[C@H](O)c2ccc(N3C=C4CO[C@H](O)C(O)(CN=N4)C(O)(O)C(O)(O)C(O)C(O)C3)cc21,O=S1(=O)N[C@H](O)c2ccc(N3C=C4CO[C@H](O)C(O)(CN=N4)C(O)(O)C(O)(O)C(O)(O)C(O)C(O)C3)cc21,O=S1(=O)N[C@H](O)c2ccc(N3C=C4CO[C@H](O)C(O)(CN=N4)C(O)(O)C(O)(O)C(O)(O)C(O)C(O)C3)cc21,O=S1(=O)N[C@H](O)c2ccc(N3C=C4CO[C@H](O)C(O)(CN=N4)C(O)(O)C(O)(O)C(O)(O)C(O)C(O)C3)cc21,C1=O[S](=O)N[C@H](O)C2=CC=C(C3C=CC(N4C=C5C(O)C(C(C(C(C(C(C(C(C(C(C(C(C(C(C(C(C(C(C(C(C(C(C(C(C(C(C(C(C(C(C(C(C(C(C(C(C(C(C(C(C(C(C(C(C(C
C1=O[S](=O)N[C@H](O)C2=CC=C3N4C=CC(C(=O)O)C4[C@H](O)C(C(=O)O)C(C(=O)O)C(C(=O)O)C(C(=O)O)C(C(=O)O)C(C(=O,C1=O[S+]([O-])N[C@H](O)C2=CC=C(C(=O)N3C=C4CO[C@H](O)C(O)(CN=N4)C(O)(O)C(O)(O)C(O)(O)C(O)C(O)C3)C2=C1,C1=O[S+]1(=O)N[C@H](O)c2ccc(N3C=C4CO[C@H](O)C(O)(CN=N4)C(O)(O)C(O)(O)C(O)(O)C(O)C(O)C3)cc21,C1=O[S]1(=O)N[C@H](O)c2ccc(N3C=C4CO[C@H](O)C(O)(CN=N4)C(O)(O)C(O)(O)C(O)(O)C(O)C(O)C3)cc21,C1=O[S](=O)N[C@H](O)C2=CC=C(C3=C(C(C(C(C(C(C(C(C(C(C(C(C(C(C(C(C(C(C(C(C(C(C(C(C(C(C(C(C(C(C(C(C(C(C(C(C(C(C(C(C(C(C(C(C(C(C(C(C(C(C(C(C(C(C(C(C
C1=O[S]1(=O)N[C@H](O)c2ccc(N3C=C4CO[C@H](O)C(O)(CN=N4)C(O)(O)C(O)(O)C(O)(O)C(O)C(O)C3)cc21,O=S1(=O)N[C@H](O)c2ccc(N3C=C4CO[C@H](O)C(O)(CN=N4)C(O)(O)C(O)(O)C(O)(O)C(O)C(O)C3)cc21,C1=O[S](=O)(N[C@H](O)C2=CC=C(C3C(C(O)(C(O)(C(O)(C(O)(C(O)(C(O)(C(O)(C(O)C(O)C3)C(=O)N=C2)C)C)C)C)C)C)C)C)C),O=S1(=O)N[C@H](O)c2ccc(N3C=C4CO[C@H](O)C(O)(CN=N4)C(O)(O)C(O)(O)C(O)(O)C(O)C(O)C3)cc21,C1=O[S+]1(=O)N[C@H](O)C2=CC=C(C(=O)N3C=CC4=C(C(=O)O[C@H](O)C(O)C(O)C(O)C(O)C(O)C(O)C3)C4)C2)C=NC1=O
C1=O[S](=O)N[C@H](O)C2=CC=C3N4C=CC4[C@H](O)C5(CO[C@H](O)C(O)C(O)C(O)C(O)C(O)C(O)C3)CC2=C5N4,C1=O[S](=O)N[C@H](O)C2=CC=C(C(=O)N3C=C4CO[C@H](O)C(O)(CN=N4)C(O)(O)C(O)(O)C(O)(O)C(O)C(O)C3)C2=C1,C1=O[S](=O)N[C@H](O)C2=CC=C(C(=O)N3C=C4CO[C@H](O)C(O)(CN=N4)C(O)(O)C(O)(O)C(O)(O)C(O)C3)C2=C1,C1=O[S]1(=O)N[C@H](O)C2=CC=C(C3=C(C(C(=O)C(C(=O)C(C(=O)C(C(=O)C(C(=O)C(C(=O)C(C(=O)C(C(=O)C2)C)O)C)O)C)O),C1=O[S]1(=O)N[C@H](O)c2ccc(N3C=C4CO[C@H](O)C(O)(CN=N4)C(O)(O)C(O)(O)C(O)C(O)C3)cc21
C1=O[S+]1(=O)N[C@H](O)C2=CC=C(C3C=CC4=C(C(=O)C(C(C(=O)C(C(=O)C(C(=O)C(C(=O)C(C(=O)C(C(=O)C(C(=O)C2)C)O)C)O),C1=O[S]1(=O)N[C@H](O)c2ccc(N3C=C4CO[C@H](O)C(O)(CN=N4)C(O)(O)C(O)(O)C(O)(O)C(O)C(O)C3)cc21,C1=O[S](=O)N[C@H](O)C2=CC=C(C(=O)N3C=C4CO[C@H](O)C(O)(CN=N4)C(O)(O)C(O)(O)C(O)(O)C(O)C3)C2=C1,O=S1(=O)N[C@H](O)c2ccc(N3C=C4CO[C@H](O)C(O)(CN=N4)C(O)(O)C(O)(O)C(O)C(O)C3)cc21,O=S1(=O)N[C@H](O)c2ccc(N3C=C4CO[C@H](O)C(O)(CN=N4)C(O)(O)C(O)(O)C(O)(O)C(O)C(O)C3)cc21
O=S1(=O)N[C@H](O)c2ccc(N3C=C4CO[C@H](O)C(O)(CN=N4)C(O)(O)C(O)(O)C(O)(O)C(O)C(O)C3)cc21,C1=O[S](=O)N[C@H](O)C2=CC=C(C(=O)N3C=C4C(=O)C(C(=O)O)C(=O)O)C(=O)C(=O)C(=O)C(=O)C(=O)C(=O)C(=O)C(=O)C,C1=O[S]1(=O)N[C@H](O)C2=CC=C(C3C=C(C4C=C(C(O)C(O)C(O)C(O)C(O)C(O)C(O)C(O)C(O)C(O)C(O)C(O)C(O)C4)C(N=C3)C(O),C1=O[S](=O)N[C@H](O)c2ccc(N3C=C4CO[C@H](O)C(O)(CN=N4)C(O)(O)C(O)(O)C(O)(O)C(O)C(O)C3)cc21,C1=O[S]1(=O)N[C@H](O)C2=CC=C(C3C=CC(=O)N4C=CC(=O)C(C(O)C(O)C(O)C(O)C(O)C(O)C(O)C4)C3)C2)C1
C1=O[S]1(=O)N[C@H](O)C2=CC=C(C3=C(C(N4C=C(C(C(O)C(O)C(O)C(O)C(O)C(O)C4)C)C)C3)C2)C(N5C=C6CO[C@H](O)C(O)C(O,C1=O[S]1(=O)N[C@H](O)C2=CC=C(C3=C(C(=O)N4C=C5C(C(=O)O)C(C(=O)O)C(C(=O)O)C(C(=O)O)C(C(=O)O)C5)C3)C2)N4,O=S1(=O)N[C@H](O)c2ccc(N3C=C4CO[C@H](O)C(O)(CN=N4)C(O)(O)C(O)(O)C(O)(O)C(O)C(O)C3)cc21,O=S1(=O)N[C@H](O)c2ccc(N3C=C4CO[C@H](O)C(O)(CN=N4)C(O)(O)C(O)(O)C(O)C(O)C3)cc21,C1=O[S]1(=O)N[C@H](O)C2=CC=C(C(=O)N3C=C4CO[C@H](O)C(O)(CN=N4)C(O)(O)C(O)(O)C(O)(O)C(O)C(O)C3)C2
C1=O[S+]1(=O)N[C@H](O)c2ccc(N3C=C4CO[C@H](O)C(O)(CN=N4)C(O)(O)C(O)(O)C(O)(O)C(O)C(O)C3)cc21,C1=O[S](=O)N[C@H](O)c2ccc(N3C=C4CO[C@H](O)C(O)(CN=N4)C(O)(O)C(O)(O)C(O)(O)C(O)C(O)C3)cc21,O=S1(=O)N[C@H](O)c2ccc(N3C=C4CO[C@H](O)C(O)(CN=N4)C(O)(O)C(O)(O)C(O)(O)C(O)C(O)C3)cc21,C1=O[S](=O)N[C@H](O)C2=CC=C(C3=C(C4=C(C(C(C(C(C(C(C(C(C(C(C(C(C(C(C(C(C(C(C(C(C(C(C(C(C(C(C(C(C(C(C(C(C(C(C(C(C(C(C(C(C(C(C(C(C(C(C(C(C(C(C(C(C,O=S1(=O)N[C@H](O)c2ccc(N3C=C4CO[C@H](O)C(O)(CN=N4)C(O)(O)C(O)(O)C(O)(O)C(O)C(O)C3)cc21
C1=O[S+]1(=O)N[C@H](O)c2ccc(N3C=C4CO[C@H](O)C(O)(CN=N4)C(O)(O)C(O)(O)C(O)(O)C(O)C(O)C3)cc2,C1=O[S](=O)N[C@H](O)C2=CC=C(C3C=C(C(C4C(=O)O[C@H](C(O)C(O)C(O)C(O)C(O)C(O)C3)C4)C(O)C(O)C(O)C(O)C(O)C(O))N,O=S1(=O)N[C@H](O)c2ccc(N3C=C4CO[C@H](O)C(O)(CN=N4)C(O)(O)C(O)(O)C(O)(O)C(O)C(O)C3)cc21,C1=O[S+]1(=O)N[C@H](O)c2ccc(N3C=C4CO[C@H](O)C(O)(CN=N4)C(O)(O)C(O)(O)C(O)C(O)C3)cc21,C1=O[S](=O)N[C@H](O)C2=CC=C(C(=O)N3C=C4CO[C@H](O)C(O)(CN=N4)C(O)(O)C(O)(O)C(O)(O)C(O)C(O)C3)C2=C1
O=S1(=O)N[C@H](O)c2ccc(N3C=C4CO[C@H](O)C(O)(CN=N4)C(O)(O)C(O)(O)C(O)(O)C(O)C(O)C3)cc21,O=S1(=O)N[C@H](O)c2ccc(N3C=C4CO[C@H](O)C(O)(CN=N4)C(O)(O)C(O)(O)C(O)(O)C(O)C(O)C3)cc21,O=S1(=O)N[C@H](O)c2ccc(N3C=C4CO[C@H](O)C(O)(CN=N4)C(O)(O)C(O)(O)C(O)(O)C(O)C(O)C3)cc21,C1=O[S+]1(=O)N[C@H](O)C2=CC=C(C(=O)N3C=CC4=C(C(=O)C3[C@H](O)C(O)C(O)C(O)C(O)C(O)C(O)C(O)C4)C(=O)N)C2)C=,C1=O[S]1(=O)N[C@H](O)C2=CC=C(C3=C(C(N=C4)C(C(C(O)C(O)C(O)C(O)C(O)C(O)C(O)C(O)C4)C(O))C(N=C3)C2)C1)
CC(=O)S1(=O)N[C@H](O)c2ccc(N3C=C4CO[C@H](O)C(O)(CN=N4)C(O)(O)C(O)(O)C(O)(O)C(O)C(O)C3)cc21,C1=O[S](=O)N[C@H](O)C2=CC=C(C3C=C(C(=O)N4C=C(C(C(=O)O)C(O)C(O)C(O)C(O)C(O)C3)C(O)C(O)C4)C)C2)C1,C1=O[S]1(=O)N[C@H](O)C2=CC=C(C3=C(C=CC(=O)N4C=CC5=C(C(=O)O)C(=O)N(C(C(C(C(C(C(C5C(O)C(O)C(O)C(O)C(O)C(O)C(O)C(O,O=S1(=O)N[C@H](O)c2ccc(N3C=C4CO[C@H](O)C(O)(CN=N4)C(O)(O)C(O)(O)C(O)(O)C(O)C(O)C3)cc21,O=S1(=O)N[C@H](O)c2ccc(N3C=C4CO[C@H](O)C(O)(CN=N4)C(O)(O)C(O)(O)C(O)(O)C(O)C(O)C3)cc21
C1=O[S](=O)N[C@H](O)C2=CC=C(C(=O)N3C=C4C(=O)C(=O)C(=O)C(=O)C(=O)C(=O)C(=O)C(=O)C(=O)C(=O)C(=O)C(=O)C(=,C1=O[S](=O)N[C@H](O)C2=CC=C(C(=O)N3C=C4C(=O)C(C(=O)O)C(C(=O)O)C(C(=O)O)C(C(=O)O)C(C(=O)O)C(C(=O)O)C3)C,C1=O[S](=O)N[C@H](O)C2=CC=C3N4C=CC(=C4)C(C(C(O)C(O)C(O)C(O)C(O)C(O)C(O)C(O)C(O))C(O))C3=C2C(O)C(O)N5C=CC(=C,O=S1(=O)N[C@H](O)c2ccc(N3C=C4CO[C@H](O)C(O)(CN=N4)C(O)(O)C(O)(O)C(O)(O)C(O)C(O)C3)cc21,C1=O[S]1(=O)N[C@H](O)c2ccc(N3C=C4CO[C@H](O)C(O)(CN=N4)C(O)(O)C(O)(O)C(O)(O)C(O)C(O)C3)cc21
O=S1(=O)N[C@H](O)c2ccc(N3C=C4CO[C@H](O)C(O)(CN=N4)C(O)(O)C(O)(O)C(O)C(O)C3)cc21,CC(=O)[SH]1(=O)N[C@H](O)c2ccc(N3C=C4CO[C@H](O)C(O)(CN=N4)C(O)(O)C(O)(O)C(O)(O)C(O)C(O)C3)cc21,CC(=O)[SH]1(=O)N[C@H](O)c2ccc(N3C=C4CO[C@H](O)C(O)(CN=N4)C(O)(O)C(O)(O)C(O)(O)C(O)C(O)C3)cc21,C1=O[S](=O)N[C@H](O)C2=CC=C(N3C=C4CO[C@H](O)C(O)(CN=N4)C(O)(O)C(O)(O)C(O)C(O)C3)C2=C1,O=S1(=O)N[C@H](O)c2ccc(N3C=C4CO[C@H](O)C(O)(CN=N4)C(O)(O)C(O)(O)C(O)(O)C(O)C(O)C3)cc21
C1=O[S+]1(=O)N[C@H](O)C2=CC=C3N4C=C(C(O)C(O)C(O)C(O)C(O)C(O)C(O)C4)C3=CC=CC2[C@H](O)C(=O)N5C=C6C7=C(O)C(O,CC(=O)[SH]1(=O)N[C@H](O)c2ccc(N3C=C4CO[C@H](O)C(O)(CN=N4)C(O)(O)C(O)(O)C(O)C(O)C3)cc21,C1=O/N=C1(=O)C2=CC3=C(C(=O)N4C=CC5=C(C(=O)O)C(=O)C(=O)C(=O)C(=O)C(=O)C(=O)C(=O)C5)C(=O)N4)C(=O)O)C(=O,CC(=O)[SH]1(=O)N[C@H](O)c2ccc(N3C=C4CO[C@H](O)C(O)(CN=N4)C(O)(O)C(O)(O)C(O)(O)C(O)C(O)C3)cc21,CC(=O)[SH]1(=O)N[C@H](O)c2ccc(N3C=C4CO[C@H](O)C(O)(CN=N4)C(O)(O)C(O)(O)C(O)C(O)C3)cc21
CC(=O)[SH]1(=O)N[C@H](O)c2ccc(N3C=C4CO[C@H](O)C(O)(CN=N4)C(O)(O)C(O)(O)C(O)(O)C(O)C(O)C3)cc21,CC(=O)[SH]1(=O)N[C@H](O)c2ccc(N3C=C4CO[C@H](O)C(O)(CN=N4)C(O)(O)C(O)(O)C(O)(O)C(O)C(O)C3)cc21,CC(=O)[SH]1(=O)N[C@H](O)c2ccc(N3C=C4CO[C@H](O)C(O)(CN=N4)C(O)(O)C(O)(O)C(O)(O)C(O)C(O)C3)cc21,C(C(=O)[S]1(=O)N[C@H](O)c2ccc(N3C=C4CO[C@H](O)C(O)(CN=N4)C(O)(O)C(O)(O)C(O)C(O)C3)cc21)C,CC(=O)[SH]1(=O)N[C@H](O)c2ccc(N3C=C4CO[C@H](O)C(O)(CN=N4)C(O)(O)C(O)(O)C(O)(O)C(O)C(O)C3)cc21
CC(=O)[SH]1(=O)N[C@H](O)c2ccc(N3C=C4CO[C@H](O)C(O)(CN=N4)C(O)(O)C(O)(O)C(O)(O)C(O)C(O)C3)cc21,O=S1(=O)N[C@H](O)c2ccc(N3C=C4CO[C@H](O)C(O)(CN=N4)C(O)(O)C(O)(O)C(O)C(O)C3)cc21,O=S1(=O)N[C@H](O)c2ccc(N3C=C4CO[C@H](O)C(O)(CN=N4)C(O)(O)C(O)(O)C(O)(O)C(O)C(O)C3)cc21,C1=O[S](=O)N[C@H](O)C2=CC=C(C(=O)N3C=C4C(C(=O)O)C(=O)C(=O)C(=O)C(=O)C(=O)C(=O)C(=O)C(=O)C(=O)C(=O)C(=O,CC(=O)[SH]1(=O)N[C@H](O)c2ccc(N3C=C4CO[C@H](O)C(O)(CN=N4)C(O)(O)C(O)(O)C(O)(O)C(O)C(O)C3)cc21
CC(=O)[SH]1(=O)N[C@H](O)c2ccc(N3C=C4CO[C@H](O)C(O)(CN=N4)C(O)(O)C(O)(O)C(O)(O)C(O)C(O)C3)cc21,CC(=O)[SH]1(=O)N[C@H](O)c2ccc(N3C=C4CO[C@H](O)C(O)(CN=N4)C(O)(O)C(O)(O)C(O)(O)C(O)C(O)C3)cc21,CC(=O)[SH]1(=O)N[C@H](O)c2ccc(N3C=C4CO[C@H](O)C(O)(CN=N4)C(O)(O)C(O)(O)C(O)(O)C(O)C(O)C3)cc21,CC(=O)[SH]1(=O)N[C@H](O)c2ccc(N3C=C4CO[C@H](O)C(O)(CN=N4)C(O)(O)C(O)(O)C(O)C(O)C3)cc21,CC(=O)[SH]1(=O)N[C@H](O)c2ccc(N3C=C4CO[C@H](O)C(O)(CN=N4)C(O)(O)C(O)(O)C(O)(O)C(O)C(O)C3)cc21
CC(=O)[SH]1(=O)N[C@H](O)c2ccc(N3C=C4CO[C@H](O)C(O)(CN=N4)C(O)(O)C(O)(O)C(O)(O)C(O)C(O)C3)cc21,O=S1(=O)N[C@H](O)c2ccc(N3C=C4CO[C@H](O)C(O)(CN=N4)C(O)(O)C(O)(O)C(O)C(O)C3)cc21,O=S1(=O)N[C@H](O)c2ccc(N3C=C4CO[C@H](O)C(O)(CN=N4)C(O)(O)C(O)(O)C(O)C(O)C3)cc21,C1=O[S](=O)N[C@H](O)C2=CC=C(C(=O)N3C=CC4=C(CO[C@H](O)C(O)(CN=N4)C(O)(O)C(O)(O)C(O)C3)C2)C1,C1=O[S+]1(=O)N[C@H](O)c2ccc(N3C=C4CO[C@H](O)C(O)(CN=N4)C(O)(O)C(O)(O)C(O)C(O)C3)cc21
O=S1(=O)N[C@H](O)c2ccc(N3C=C4CO[C@H](O)C(O)(CN=N4)C(O)(O)C(O)(O)C(O)(O)C(O)C(O)C3)cc21,O=S1(=O)N[C@H](O)c2ccc(N3C=C4CO[C@H](O)C(O)(CN=N4)C(O)(O)C(O)(O)C(O)C(O)C3)cc21,C1=O[S]1(=O)N[C@H](O)C2=CC=C(N3C=C4CO[C@H](O)C(O)(CN=C4)C(O)(C)C(O)(C)C(O)(C)C(O)C3)C2,C1=O[S+]1(=O)N[C@H](O)C2=CC=C(C(=O)N3C=C4C(=O)C(C(=O)O)C(=O)O)C(=O)C(=O)C(=O)C(=O)C(=O)C(=O)C(=O)C(=O),C1=O[S](=O)N[C@H](O)C2=CC=C(C3C=CC(=O)N4C=C(C(C(O)C(O)C(O)C(O)C(O)C(O)C(O)C(O)C(O)C(O)C(O)C3)C(N=C4)C)C)C
C1=O[S@O]1[NH]2c3ccc(N4C=C5COC(C(O)(C)C(O)C(O)C(O)C(O)C(O)C4)C(N5)C)cc2cc3,C1=O[S]1(=O)N[C@H](O)C2=CC=C(C3C=C4C(=O)C5(C(C(C(C(C(C(C(C(C(C(C(C(C(C(C(C(C(C(C(C(C(C(C(C(C(C(C(C(C(C(C(C(C(C(C(C(C(C(C(C(C(C(C(C(C(C(C,O=S1(=O)N[C@H](O)c2ccc(N3C=C4CO[C@H](O)C(O)(CN=N4)C(O)(O)C(O)(O)C(O)(O)C(O)C(O)C3)cc21,C1=O[S]1(=O)N[C@H](O)C2=CC=C(C(=O)N3C=C4C(C(=O)O[C@H](O)C(=O)C(=O)C(=O)C(=O)C(=O)C(=O)C(=O)C(=O)C(=O)C,CC(=O)[SH]1(=O)N[C@H](O)c2ccc(N3C=C4CO[C@H](O)C(O)(CN=N4)C(O)(O)C(O)(O)C(O)C(O)C3)cc21
CC(=O)[SH]1(=O)N[C@H](O)c2ccc(N3C=C4CO[C@H](O)C(O)(CN=N4)C(O)(O)C(O)(O)C(O)(O)C(O)C(O)C3)cc21,CC(=O)[SH]1(=O)N[C@H](O)c2ccc(N3C=C4CO[C@H](O)C(O)(CN=N4)C(O)(O)C(O)(O)C(O)(O)C(O)C(O)C3)cc21,CC(=O)[SH]1(=O)N[C@H](O)c2ccc(N3C=C4CO[C@H](O)C(O)(CN=N4)C(O)(O)C(O)(O)C(O)C(O)C3)cc21,CC(=O)[SH]1(=O)N[C@H](O)c2ccc(N3C=C4CO[C@H](O)C(O)(CN=N4)C(O)(O)C(O)(O)C(O)C(O)C3)cc21,CC(=O)[SH]1(=O)N[C@H](O)c2ccc(N3C=C4CO[C@H](O)C(O)(CN=N4)C(O)(O)C(O)(O)C(O)(O)C(O)C(O)C3)cc21
C1=O[S+]1(=O)N[C@H](O)c2ccc(N3C=C4CO[C@H](O)C(O)(CN=N4)C(O)(O)C(O)(O)C(O)(O)C(O)C(O)C3)cc21,C1=O[S](=O)N[C@H](O)C2=CC=C(C3=C(C4=C(C(C(C(C(C(C(C(C(C(C(C(C(C(C(C(C(C(C(C(C(C(C(C(C(C(C(C(C(C(C(C(C(C(C(C(C(C(C(C(C(C(C(C(C(C(C(C(C(C(C(C(C(C,C1=O[NH](O)c2ccc(N3C=C4CO[C@H](O)C(O)(CN=N4)C(O)(O)C(O)(O)C(O)(O)C(O)C(O)C3)cc21,O=S1(=O)N[C@H](O)c2ccc(N3C=C4CO[C@H](O)C(O)(CN=N4)C(O)(O)C(O)(O)C(O)(O)C(O)C(O)C3)cc21,C1=O[S](=O)(N[C@H](O)C2=CC=C(C(=O)N3C=C4CO[C@H](O)C(O)C(O)C(O)C(O)C(O)C(O)C3)C=CC=C2)C=CC=C1)C4=CC=CN=C4
C1=O[S](=O)N[C@H](O)C2=CC=C(C(=O)N3C=C4CO[C@H](O)C(O)(CN=N4)C(O)(O)C(O)(O)C(O)(O)C(O)C(O)C3)C2=C1,CC(=O)[SH]1(=O)N[C@H](O)c2ccc(N3C=C4CO[C@H](O)C(O)(CN=N4)C(O)(O)C(O)(O)C(O)(O)C(O)C(O)C3)cc21,C1=O[S](=O)N[C@H](O)C2=CC=C(C3C(=C(C4CO[C@H](O)C(O)C(O)C(O)C(O)C(O)C3)C(N)C4)C2)N)C1,CC(=O)[S]1(=O)N[C@H](O)c2ccc(N3C=C4CO[C@H](O)C(O)(CN=N4)C(O)(O)C(O)(O)C(O)(O)C(O)C(O)C3)cc21,O=S1(=O)N[C@H](O)c2ccc(N3C=C4CO[C@H](O)C(O)(CN=N4)C(O)(O)C(O)(O)C(O)C(O)C3)cc21
O=S1(=O)N[C@H](O)c2ccc(N3C=C4CO[C@H](O)C(O)(CN=N4)C(O)(O)C(O)(O)C(O)(O)C(O)C(O)C3)cc21,O=S1(=O)N[C@H](O)c2ccc(N3C=C4CO[C@H](O)C(O)(CN=N4)C(O)(O)C(O)(O)C(O)(O)C(O)C(O)C3)cc21,O=S1(=O)N[C@H](O)c2ccc(N3C=C4CO[C@H](O)C(O)(CN=N4)C(O)(O)C(O)(O)C(O)(O)C(O)C(O)C3)cc21,O=S1(=O)N[C@H](O)c2ccc(N3C=C4CO[C@H](O)C(O)(CN=N4)C(O)(O)C(O)(O)C(O)(O)C(O)C(O)C3)cc21,O=S1(=O)N[C@H](O)c2ccc(N3C=C4CO[C@H](O)C(O)(CN=N4)C(O)(O)C(O)(O)C(O)C(O)C3)cc21
C1=O[S]1(=O)N[C@H](O)c2ccc(N3C=C4CO[C@H](O)C(O)(CN=N4)C(O)(O)C(O)(O)C(O)(O)C(O)C(O)C3)cc21,O=S1(=O)N[C@H](O)c2ccc(N3C=C4CO[C@H](O)C(O)(CN=N4)C(O)(O)C(O)(O)C(O)(O)C(O)C(O)C3)cc21,C1=O[S]1(=O)N[C@H](O)c2ccc(N3C=C4CO[C@H](O)C(O)(CN=N4)C(O)(O)C(O)(O)C(O)(O)C(O)C(O)C3)cc21,O=S1(=O)N[C@H](O)c2ccc(N3C=C4CO[C@H](O)C(O)(CN=N4)C(O)(O)C(O)(O)C(O)(O)C(O)C(O)C3)cc21,C1=O[S](=O)(N[C@H]1c2ccc(N3C=C4CO[C@H](O)C(O)(CN=N4)C(O)(O)C(O)(O)C(O)(O)C(O)C(O)C3)cc21)C
CC(=O)[SH]1(=O)N[C@H](O)c2ccc(N3C=C4CO[C@H](O)C(O)(CN=N4)C(O)(O)C(O)(O)C(O)(O)C(O)C(O)C3)cc21,O=S1(=O)N[C@H](O)c2ccc(N3C=C4CO[C@H](O)C(O)(CN=N4)C(O)(O)C(O)(O)C(O)C(O)C3)cc21,CC(=O)[SH]1(=O)N[C@H](O)c2ccc(N3C=C4CO[C@H](O)C(O)(CN=N4)C(O)(O)C(O)(O)C(O)C(O)C(O)C(O)C3)cc21,CC(=O)[SH]1(=O)N[C@H](O)c2ccc(N3C=C4CO[C@H](O)C(O)(CN=N4)C(O)(O)C(O)(O)C(O)C(O)C3)cc21,O=S1(=O)N[C@H](O)c2ccc(N3C=C4CO[C@H](O)C(O)(CN=N4)C(O)(O)C(O)(O)C(O)(O)C(O)C(O)C3)cc21
CC(=O)[SH]1(=O)N[C@H](O)c2ccc(N3C=C4CO[C@H](O)C(O)(CN=N4)C(O)(O)C(O)(O)C(O)C(O)C(O)C(O)C3)cc21,CC(=O)[SH]1(=O)N[C@H](O)c2ccc(N3C=C4CO[C@H](O)C(O)(CN=N4)C(O)(O)C(O)(O)C(O)C(O)C(O)C(O)C3)cc21,CC(=O)[SH]1(=O)N[C@H](O)c2ccc(N3C=C4CO[C@H](O)C(O)(CN=N4)C(O)(O)C(O)(O)C(O)C(O)C(O)C(O)C3)cc21,CC(=O)[SH]1(=O)N[C@H](O)c2ccc(N3C=C4CO[C@H](O)C(O)(CN=N4)C(O)(O)C(O)(O)C(O)C(O)C(O)C(O)C3)cc21,CC(=O)[SH]1(=O)N[C@H](O)c2ccc(N3C=C4CO[C@H](O)C(O)(CN=N4)C(O)(O)C(O)(O)C(O)C(O)C(O)C(O)C3)cc21
CC(=O)[SH]1(=O)N[C@H](O)c2ccc(N3C=C4CO[C@H](O)C(O)(CN=N4)C(O)(O)C(O)(O)C(O)(O)C(O)C(O)C3)cc21,CC(=O)[SH]1(=O)N[C@H](O)c2ccc(N3C=C4CO[C@H](O)C(O)(CN=N4)C(O)(O)C(O)(O)C(O)(O)C(O)C(O)C3)cc21,CC(=O)[SH]1(=O)N[C@H](O)c2ccc(N3C=C4CO[C@H](O)C(O)(CN=N4)C(O)(O)C(O)(O)C(O)(O)C(O)C(O)C3)cc21,CC(=O)[SH]1(=O)N[C@H](O)c2ccc(N3C=C4CO[C@H](O)C(O)(CN=N4)C(O)(O)C(O)(O)C(O)(O)C(O)C(O)C3)cc21,CC(=O)[SH]1(=O)N[C@H](O)c2ccc(N3C=C4CO[C@H](O)C(O)(CN=N4)C(O)(O)C(O)(O)C(O)(O)C(O)C(O)C3)cc21
C1=O[S]1(=O)N[C@H](O)C2=CC=C(C3=C(C(C(C(O)C4=C(C(C(C(C(C(C(O)C(O)C(O)C(O)C(O)C(O)C(O)C(O))C(O)C(O))C(O))C(O))C(O))C(O)),O=S1(=O)N[C@H](O)c2ccc(N3C=C4CO[C@H](O)C(O)(CN=N4)C(O)(O)C(O)(O)C(O)(O)C(O)C(O)C3)cc21,C1=O[S+]1(=O)N[C@H](O)C2=CC3=C(C(=O)N4C=CC5=C(C(=O)O[C@H](O)C6(C(=O)O[C@H](O)C(O)C(O)C(O)C(O)C6)C(=O)N5),C1=O[S]1(=O)N[C@H](O)C2=CC=C(C3C=CC(=O)N4C=CC(=O)C4[C@H](O)C(O)C(O)C(O)C(O)C(O)C(O)C3)C2)C1,C1=O[S]1(=O)N[C@H](O)c2ccc(N3C=C4CO[C@H](O)C(O)(CN=N4)C(O)(O)C(O)(O)C(O)(O)C(O)C(O)C3)cc21
O=S1(=O)N[C@H](O)c2ccc(N3C=C4CO[C@H](O)C(O)(CN=N4)C(O)(O)C(O)(O)C(O)(O)C(O)C(O)C3)cc21,O=S1(=O)N[C@H](O)c2ccc(N3C=C4CO[C@H](O)C(O)(CN=N4)C(O)(O)C(O)(O)C(O)(O)C(O)C(O)C3)cc21,O=S1(=O)N[C@H](O)c2ccc(N3C=C4CO[C@H](O)C(O)(CN=N4)C(O)(O)C(O)(O)C(O)(O)C(O)C(O)C3)cc21,C1=O[S]1(=O)N[C@H](O)C2=CC=C(C(N3C=C4CO[C@H](O)C(O)(CN=N4)C(O)(O)C(O)(O)C(O)C(O)C3)C2)C1,C1=O[S+]1(=O)N[C@H](O)c2ccc(N3C=C4CO[C@H](O)C(O)(CN=N4)C(O)(O)C(O)(O)C(O)(O)C(O)C(O)C3)cc21
CC(=O)[SH]1(=O)N[C@H](O)c2ccc(N3C=C4CO[C@H](O)C(O)(CN=N4)C(O)(O)C(O)(O)C(O)C(O)C(O)C(O)C3)cc21,CC(=O)[SH]1(=O)N[C@H](O)c2ccc(N3C=C4CO[C@H](O)C(O)(CN=N4)C(O)(O)C(O)(O)C(O)C(O)C(O)C(O)C3)cc21,CC(=O)[SH]1(=O)N[C@H](O)c2ccc(N3C=C4CO[C@H](O)C(O)(CN=N4)C(O)(O)C(O)(O)C(O)C(O)C(O)C(O)C3)cc21,CC(=O)[SH]1(=O)N[C@H](O)c2ccc(N3C=C4CO[C@H](O)C(O)(CN=N4)C(O)(O)C(O)(O)C(O)C(O)C(O)C(O)C3)cc21,CC(=O)[SH]1(=O)N[C@H](O)c2ccc(N3C=C4CO[C@H](O)C(O)(CN=N4)C(O)(O)C(O)(O)C(O)C(O)C(O)C(O)C3)cc21
CC(=O)[SH]1(=O)N[C@H](O)c2ccc(N3C=C4CO[C@H](O)C(O)(CN=N4)C(O)(O)C(O)(O)C(O)C(O)C(O)C(O)C3)cc21,CC(=O)[SH]1(=O)N[C@H](O)c2ccc(N3C=C4CO[C@H](O)C(O)(CN=N4)C(O)(O)C(O)(O)C(O)C(O)C(O)C(O)C3)cc21,C1=O[S]1(=O)N[C@H](O)C2=CC=C(C3=C(C(C(C(O)C(O)C(O)C(O)C(O)C3)C(=O)N2)C(=O)N)C(=O)N)C2=CC=C1,CC(=O)[SH]1(=O)N[C@H](O)c2ccc(N3C=C4CO[C@H](O)C(O)(CN=N4)C(O)(O)C(O)(O)C(O)C(O)C(O)C(O)C3)cc21,CC(=O)[SH]1(=O)N[C@H](O)c2ccc(N3C=C4CO[C@H](O)C(O)(CN=N4)C(O)(O)C(O)(O)C(O)C(O)C(O)C(O)C3)cc21
C1=O[NH1]C2=O[C@H]3[C]4[C@H]5C6=C[C@H]7O[C@H]8[C@H]9[C@H]10[C@H]11[C@H]12[C@H]13[C@H]14[C@H]15[C@H]16[C,CC(=O)[SH]1(=O)N[C@H](O)c2ccc(N3C=C4CO[C@H](O)C(O)(CN=N4)C(O)(O)C(O)(O)C(O)C(O)C3)cc21,C1=O[S+]1(=O)N[C@H](O)c2ccc(N3C=C4CO[C@H](O)C(O)(CN=N4)C(O)(O)C(O)(O)C(O)C(O)C3)cc21,O=S1(=O)N[C@H](O)c2ccc(N3C=C4CO[C@H](O)C(O)(CN=N4)C(O)(O)C(O)(O)C(O)(O)C(O)C3)cc21,C1=O[S](=O)N[C@H](O)C2=CC=C(N3C=C4CO[C@H](O)C(O)(CN=N4)C(O)(O)C(O)(O)C(O)(O)C(O)C3)C2=C1
O=S1(=O)N[C@H](O)c2ccc(N3C=C4CO[C@H](O)C(O)(CN=N4)C(O)(O)C(O)(O)C(O)(O)C(O)C(O)C3)cc21,C1=O[S](=O)N[C@H](O)C2=CC=C(C(=O)N3C=C4C(=O)C(=O)C(=O)C(=O)C(=O)C(=O)C(=O)C(=O)C(=O)C(=O)C(=O)C(=O)C(=,C1=O[S]1(=O)N[C@H](O)c2ccc(N3C=C4CO[C@H](O)C(O)(CN=N4)C(O)(O)C(O)(O)C(O)(O)C(O)C3)cc21,C1=O[S](=O)N[C@H](O)C2=CC=C(C3=C(N4C=CC(C(O)(C(O)(C(O)(C(O)(C(O)(C(O)(C(O)C(O)C3)C4)C)C)C)C)C)C)C)C2)C1,C1=O[S](=O)N[C@H](O)C2=CC=C(C3=C(C=CC(=O)N4C=CC(=O)C4(C(C(C(C(C(C(C(C(C(C(C(C(C(C(C(C(C(C(C(C(C(C(C(C(C(C(C(C(C(C(C(C(C(C(C(C(C(C(C(C
C1=O[S](=O)N[C@H](O)C2=CC=C(C(=O)N3C=C4C(=O)C(=O)N(C(=O)C(=O)C(=O)C(=O)C(=O)C(=O)C(=O)C(=O)C(=O)C(=O)C,C1=O[S](=O)N[C@H](O)C2=CC=C(C3C=C(C(O)C(O)C(O)C(O)C(O)C(O)C(O)C(O)C(O)C(O)C3)C(=C(N4)C(O)C(O)C(O)C(O)C(O)C,C1=O[S](=O)N[C@H](O)C2=CC=C(C3=C(C4C=CC(=O)N(C(C(C(C(C(C(C(C(C(C(C(C(C(C(C(C(C(C(C(C(C(C(C(C(C(C(C(C(C(C(C(C(C(C(C(C(C(C(C(C(C(C(C(C(C(C(C,O=S1(=O)N[C@H](O)c2ccc(N3C=C4CO[C@H](O)C(O)(CN=N4)C(O)(O)C(O)(O)C(O)(O)C(O)C(O)C3)cc21,O=S1(=O)N[C@H](O)c2ccc(N3C=C4CO[C@H](O)C(O)(CN=N4)C(O)(O)C(O)(O)C(O)(O)C(O)C(O)C3)cc21
CC(=O)[SH]1(=O)N[C@H](O)c2ccc(N3C=C4CO[C@H](O)C(O)(CN=N4)C(O)(O)C(O)(O)C(O)C(O)C(O)C(O)C3)cc21,CC(=O)[SH]1(=O)N[C@H](O)c2ccc(N3C=C4CO[C@H](O)C(O)(CN=N4)C(O)(O)C(O)(O)C(O)C(O)C(O)C(O)C3)cc21,C1=O[S](=O)N[C@H](O)C2=CC=C(C3C=C(C(C4C(=O)O[C@H](O)C(O)C(O)C(O)C(O)C(O)C(O)C(O)C(O)C4)C(N=C(C)C)C(O)C(O)C,CC(=O)[SH]1(=O)N[C@H](O)c2ccc(N3C=C4CO[C@H](O)C(O)(CN=N4)C(O)(O)C(O)C(O)C(O)C(O)C3)cc21,CC(=O)[SH]1(=O)N[C@H](O)c2ccc(N3C=C4CO[C@H](O)C(O)(CN=N4)C(O)(O)C(O)(O)C(O)C(O)C(O)C(O)C3)cc21
C1=O[S](=O)N[C@H](O)C2=CC=C(N3C=C4CO[C@H](O)C(O)(CN=N4)C(O)(O)C(O)(O)C(O)(O)C(O)C(O)C3)C2=C1,C1=O[S](=O)N[C@H]1c2ccc(N3C=C4CO[C@H](O)C(O)C(O)C(O)C(O)C(O)C(O)C(O)C(O)C(O)C(O)C3)cc2C4=CN=C4,O=S1(=O)N[C@H](O)c2ccc(N3C=C4CO[C@H](O)C(O)(CN=N4)C(O)(O)C(O)(O)C(O)(O)C(O)C(O)C3)cc21,C1=O[S+]1=O[NH]2[C@H]3c4ccc(N5C=C6CO[C@H]7O[C@H](O)C(O)(CN=C6)C(O)(O)C(O)(O)C(O)(O)C(O)C(O)C5)cc4cc2[C@H]3,C1=O[S](=O)N[C@H](O)C2=CC=C(C3C(=C(C4CO[C@H](O)C(O)(CN=C4)C(O)(O)C(O)(O)C(O)(O)C(O)C(O)C3)CC2)C1)N
C1=O[S](=O)(O)N[C@H](O)C2=CC=C(C3=C(C(O)C(O)C(O)C(O)C(O)C3=CN=C)C(O)C(O)C(O)C(O)C(O)C1)C2,O=S1(=O)N[C@H](O)c2ccc(N3C=C4CO[C@H](O)C(O)(CN=N4)C(O)(O)C(O)(O)C(O)C(O)C3)cc21,C1=O[S]1(=O)N[C@H](O)c2ccc(N3C=C4CO[C@H](O)C(O)(CN=N4)C(O)(O)C(O)(O)C(O)(O)C(O)C3)cc21,C1=O[S](=O)N[C@H](O)c2ccc(N3C=C4CO[C@H](O)C(O)(CN=N4)C(O)(O)C(O)(O)C(O)C3)cc21,C1=O[S+]1(=O)N[C@H](O)c2ccc(N3C=C4CO[C@H](O)C(O)(CN=N4)C(O)(O)C(O)(O)C(O)(O)C(O)C3)cc21
CC(=O)[SH]1(=O)N[C@H](O)c2ccc(N3C=C4CO[C@H](O)C(O)(CN=N4)C(O)(O)C(O)(O)C(O)(O)C(O)C(O)C3)cc21,CC(=O)[SH]1(=O)N[C@H](O)c2ccc(N3C=C4CO[C@H](O)C(O)(CN=N4)C(O)(O)C(O)(O)C(O)(O)C(O)C(O)C3)cc21,CC(=O)[SH]1(=O)N[C@H](O)c2ccc(N3C=C4CO[C@H](O)C(O)(CN=N4)C(O)(O)C(O)(O)C(O)(O)C(O)C(O)C3)cc21,CC(=O)[SH]1(=O)N[C@H](O)c2ccc(N3C=C4CO[C@H](O)C(O)(CN=N4)C(O)(O)C(O)(O)C(O)(O)C(O)C(O)C3)cc21,CC(=O)[SH]1(=O)N[C@H](O)c2ccc(N3C=C4CO[C@H](O)C(O)(CN=N4)C(O)(O)C(O)(O)C(O)(O)C(O)C(O)C3)cc21
C1=O[S](=O)N[C@H](O)C2=CC=C(C(=O)N3C=C4C(C(=O)O)C(=O)N4C(=O)C(=O)C(=O)C(=O)C(=O)C(=O)C(=O)C(=O)C(=O)C,C1=O[S](=O)N[C@H](O)C2=CC=C(C3=C(C(=O)N4C=CC5=C(C(=O)O[C@H](O)C(O)C(N=C5)C(O)C(O)C(O)C(O)C(O)C(O)C(O))C3)C(=,C1=O[S]1(=O)N[C@H](O)c2ccc(N3C=C4CO[C@H](O)C(O)(CN=N4)C(O)(O)C(O)(O)C(O)(O)C(O)C(O)C3)cc21,C1=O[S+]1(=O)N[C@H](O)c2ccc(N3C=C4CO[C@H](O)C(O)(CN=N4)C(O)(O)C(O)(O)C(O)C(O)C3)cc21,C1=O[S](=O)N[C@H](O)C2=CC=C(C3C=C(C(=O)N4C=C5CO[C@H](O)C(O)C(O)C(O)C(O)C(O)C(O)C(O)C(O)C(O)C(O)C5)C(N4)C3
CC(=O)[SH]1(=O)N[C@H](O)c2ccc(N3C=C4CO[C@H](O)C(O)(CN=N4)C(O)(O)C(O)(O)C(O)C(O)C(O)C(O)C3)cc21,CC(=O)[SH]1(=O)N[C@H](O)c2ccc(N3C=C4CO[C@H](O)C(O)(CN=N4)C(O)(O)C(O)(O)C(O)C(O)C(O)C(O)C3)cc21,CC(=O)[SH]1(=O)N[C@H](O)c2ccc(N3C=C4CO[C@H](O)C(O)(CN=N4)C(O)(O)C(O)(O)C(O)C(O)C(O)C(O)C3)cc21,CC(=O)[SH]1(=O)N[C@H](O)c2ccc(N3C=C4CO[C@H](O)C(O)(CN=N4)C(O)(O)C(O)(O)C(O)C(O)C(O)C(O)C3)cc21,CC(=O)[SH]1(=O)N[C@H](O)c2ccc(N3C=C4CO[C@H](O)C(O)(CN=N4)C(O)(O)C(O)(O)C(O)C(O)C(O)C3)cc21
CC(=O)[SH]1(=O)N[C@H](O)c2ccc(N3C=C4CO[C@H](O)C(O)(CN=N4)C(O)(O)C(O)C(O)C(O)C(O)C3)cc21,CC(=O)[SH]1(=O)N[C@H](O)c2ccc(N3C=C4CO[C@H](O)C(O)(CN=N4)C(O)(O)C(O)C(O)C(O)C3)cc21,CC(=O)[SH]1(=O)N[C@H](O)c2ccc(N3C=C4CO[C@H](O)C(O)(CN=N4)C(O)(O)C(O)C(O)C(O)C(O)C3)cc21,CC(=O)[SH]1(=O)N[C@H](O)c2ccc(N3C=C4CO[C@H](O)C(O)(CN=N4)C(O)(O)C(O)C(O)C(O)C(O)C3)cc21,CC(=O)[SH]1(=O)N[C@H](O)c2ccc(N3C=C4CO[C@H](O)C(O)(CN=N4)C(O)(O)C(O)C(O)C(O)C(O)C3)cc21
O=S1(=O)N[C@H](O)c2ccc(N3C=C4CO[C@H](O)C(O)(CN=N4)C(O)(O)C(O)(O)C(O)C(O)C3)cc21,C1=O[S+]1(=O)N[C@H](O)C2=CC=C(C(=O)N3C=C4C[C@H](O)C(=O)C(O)C(O)C(O)C(O)C(O)C(O)C(O)C4)C3)C2,C1=O[S](=O)N[C@H](O)C2=CC3=C(C4=C(C(=O)C(C(=O)C5=C(C(=O)C(C(=O)C(C(=O)C(C(=O)C(C(=O)C(C(=O)C(C(=O)C(C(=O)C(C(=O,C1=O[S]1(=O)N[C@H](O)C2=CC=C(C3C=CC4=C(CO[C@H](O)C(O)C(O)C(O)C(O)C(O)C3)C(N=C4)C(O)C(O)C(O)C(O)C(O))C2,O=S1(=O)N[C@H](O)c2ccc(N3C=C4CO[C@H](O)C(O)(CN=N4)C(O)(O)C(O)(O)C(O)(O)C(O)C(O)C3)cc21
O=S1(=O)N[C@H](O)c2ccc(N3C=C4CO[C@H](O)C(O)(CN=N4)C(O)(O)C(O)(O)C(O)C(O)C3)cc21,C1=O[S](=O)N[C@H](O)C2=CC=C(C3=C(C(C(C(C(C(C(C(C(C(C(C(C(C(C(C(C(C(C(C(C(C(C(C(C(C(C(C(C(C(C(C(C(C(C(C(C(C(C(C(C(C(C(C(C(C(C(C(C(C(C(C(C(C(C(C(C,CC(=O)[SH]1(=O)N[C@H](O)c2ccc(N3C=C4CO[C@H](O)C(O)(CN=N4)C(O)(O)C(O)(O)C(O)C(O)C(O)C(O)C3)cc21,O=S1(=O)N[C@H](O)c2ccc(N3C=C4CO[C@H](O)C(O)(CN=N4)C(O)(O)C(O)(O)C(O)(O)C(O)C(O)C3)cc21,O=S1(=O)N[C@H](O)c2ccc(N3C=C4CO[C@H](O)C(O)(CN=N4)C(O)(O)C(O)(O)C(O)(O)C(O)C(O)C3)cc1O
CC(=O)[SH]1(=O)N[C@H](O)c2ccc(N3C=C4CO[C@H](O)C(O)(CN=N4)C(O)(O)C(O)(O)C(O)C(O)C(O)C(O)C3)cc21,C1=O[S(=O)N[C@H](O)C2=CC=C(C3=C(C4=C(C(O)C(O)C(O)C(O)C(O)C(O)C(O)C(O)C(O)C(O)C(O)C4)N(C(=C3)C)C)C2)C1],CC(=O)[SH]1(=O)N[C@H](O)c2ccc(N3C=C4CO[C@H](O)C(O)(CN=N4)C(O)(O)C(O)(O)C(O)C(O)C(O)C(O)C3)cc21,CC(=O)[SH]1(=O)N[C@H](O)c2ccc(N3C=C4CO[C@H](O)C(O)(CN=N4)C(O)(O)C(O)(O)C(O)C(O)C(O)C(O)C3)cc21,CC(=O)[SH]1(=O)N[C@H](O)c2ccc(N3C=C4CO[C@H](O)C(O)(CN=N4)C(O)(O)C(O)(O)C(O)C(O)C(O)C(O)C3)cc21
CC(=O)[SH]1(=O)N[C@H](O)c2ccc(N3C=C4CO[C@H](O)C(O)(CN=N4)C(O)(O)C(O)(O)C(O)C(O)C3)cc21,O=S1(=O)N[C@H](O)c2ccc(N3C=C4CO[C@H](O)C(O)(CN=N4)C(O)(O)C(O)(O)C(O)(O)C(O)C(O)C3)cc21,CC(=O)[SH]1(=O)N[C@H](O)c2ccc(N3C=C4CO[C@H](O)C(O)(CN=N4)C(O)(O)C(O)(O)C(O)C(O)C3)cc21,CC(=O)[SH]1(=O)N[C@H](O)c2ccc(N3C=C4CO[C@H](O)C(O)(CN=N4)C(O)(O)C(O)(O)C(O)(O)C(O)C(O)C3)cc21,C1=O[S](=O)N[C@H](O)C2=CC=C(C3C=CC(=O)N4C=CC(=O)C(C(C(C(C(C(C(C(C(C(C(C(C(C(C(C(C(C(C(C(C(C(C(C(C(C(C(C(C(C(C(C(C(C(C(C(C(C(C(C(C(C(C
C1=O[S+]1(=O)N[C@H](O)C2=CC=C(C3C=CC4=C(N5C=CC(=O)C(O)C(O)C(O)C(O)C(O)C5)C(N4)C3)C2)C(O)C(O)C(O)C(O)C(O),C1=O[S]1(=O)N[C@H](O)c2ccc(N3C=C4CO[C@H](O)C(O)(CN=N4)C(O)(O)C(O)(O)C(O)(O)C(O)C(O)C3)cc21,C1=O/N=C(=O)S1/N[C@H](O)C2=CC=C(C3=C(C4=C(C(=O)C5=C(C(=O)C(O)C(O)C(O)C(O)C(O)C(O)C(O)C(O)C(O)C(O)C(O)C(O)C(O)C,C1=O[S](=O)N[C@H](O)C2=CC=C(C3C=CC(=C(N4C=CC(=O)C5(C(C(C(C(C(C5C(O)C(O)C(O)C(O)C(O)C(O)C(O))C)C)C)C)C)C)C),C1=O[S+]1(=O)N[C@H](O)c2ccc(N3C=C4CO[C@H](O)C(O)(CN=N4)C(O)(O)C(O)(O)C(O)C(O)C3)cc21
CC(=O)[SH]1(=O)N[C@H](O)c2ccc(N3C=C4CO[C@H](O)C(O)(CN=N4)C(O)(O)C(O)(O)C(O)C(O)C3)cc21,CC(=O)[SH]1(=O)N[C@H](O)c2ccc(N3C=C4CO[C@H](O)C(O)(CN=N4)C(O)(O)C(O)(O)C(O)C(O)C3)cc21,CC(=O)[S]1(=O)N[C@H](O)c2ccc(N3C=C4CO[C@H](O)C(O)(CN=N4)C(O)(O)C(O)(O)C(O)C(O)C3)cc21,CC(=O)[SH]1(=O)N[C@H](O)c2ccc(N3C=C4CO[C@H](O)C(O)(CN=N4)C(O)(O)C(O)(O)C(O)C(O)C3)cc21,CC(=O)[SH]1(=O)N[C@H](O)c2ccc(N3C=C4CO[C@H](O)C(O)(CN=N4)C(O)(O)C(O)(O)C(O)C(O)C3)cc21
C1=O[S]1(=O)N[C@H](O)C2=CC=C(C3=C(C4=CC=CC(=O)N(C(C(C(C(C(C(C(C(C(C(C(C(C(C(C(C(C(C(C(C(C(C(C(C(C(C(C(C(C(C(C(C(C(C(C(C(C(C(C(C(C(C(C(C(C,C1=O[S]1(=O)N[C@H](O)C2=CC=C(C(=O)N3C=C4C(=O)C(=O)C(=O)C(=O)C(=O)C(=O)C(=O)C(=O)C(=O)C(=O)C(=O)C(=O)C,O=S1(=O)N[C@H](O)c2ccc(N3C=C4CO[C@H](O)C(O)(CN=N4)C(O)(O)C(O)(O)C(O)C(O)C3)cc21,O=S1(=O)N[C@H](O)c2ccc(N3C=C4CO[C@H](O)C(O)(CN=N4)C(O)(O)C(O)(O)C(O)(O)C(O)C(O)C3)cc21,O=S1(=O)N[C@H](O)c2ccc(N3C=C4CO[C@H](O)C(O)(CN=N4)C(O)(O)C(O)(O)C(O)(O)C(O)C(O)C3)cc21
CC(=O)[SH]1(=O)N[C@H](O)c2ccc(N3C=C4CO[C@H](O)C(O)(CN=N4)C(O)(O)C(O)(O)C(O)C(O)C(O)C3)cc21,CC(=O)[SH]1(=O)N[C@H](O)c2ccc(N3C=C4CO[C@H](O)C(O)(CN=N4)C(O)(O)C(O)(O)C(O)C(O)C(O)C(O)C3)cc21,CC(=O)[SH]1(=O)N[C@H](O)c2ccc(N3C=C4CO[C@H](O)C(O)(CN=N4)C(O)(O)C(O)(O)C(O)C(O)C(O)C(O)C3)cc21,CC(=O)[S]1(=O)N[C@H](O)c2ccc(N3C=C4CO[C@H](O)C(O)(CN=N4)C(O)(O)C(O)(O)C(O)C(O)C3)cc21,CC(=O)[S]1(=O)N[C@H](O)c2ccc(N3C=C4CO[C@H](O)C(O)(CN=N4)C(O)(O)C(O)(O)C(O)(O)C(O)C(O)C3)cc21
O=S1(=O)N[C@H](O)c2ccc(N3C=C4CO[C@H](O)C(O)(CN=N4)C(O)(O)C(O)(O)C(O)(O)C(O)C(O)C3)cc21,CC(=O)[SH]1(=O)N[C@H](O)c2ccc(N3C=C4CO[C@H](O)C(O)(CN=N4)C(O)(O)C(O)(O)C(O)C(O)C3)cc21,CC(=O)[SH]1(=O)N[C@H](O)c2ccc(N3C=C4CO[C@H](O)C(O)(CN=N4)C(O)(O)C(O)(O)C(O)(O)C(O)C(O)C3)cc21,C1=O[S]1(=O)N[C@H](O)c2ccc(N3C=C4CO[C@H](O)C(O)(CN=N4)C(O)(O)C(O)(O)C(O)(O)C(O)C(O)C3)cc21,O=S1(=O)N[C@H](O)c2ccc(N3C=C4CO[C@H](O)C(O)(CN=N4)C(O)(O)C(O)(O)C(O)(O)C(O)C(O)C3)cc21
CC(=O)[SH]1(=O)N[C@H](O)c2ccc(N3C=C4CO[C@H](O)C(O)(CN=N4)C(O)(O)C(O)(O)C(O)C(O)C(O)C3)cc21,CC(=O)[SH]1(=O)N[C@H](O)c2ccc(N3C=C4CO[C@H](O)C(O)(CN=N4)C(O)(O)C(O)(O)C(O)C(O)C(O)C(O)C3)cc21,CC(=O)[SH]1(=O)N[C@H](O)c2ccc(N3C=C4CO[C@H](O)C(O)(CN=N4)C(O)(O)C(O)(O)C(O)C(O)C(O)C3)cc21,CC(=O)[SH]1(=O)N[C@H](O)c2ccc(N3C=C4CO[C@H](O)C(O)(CN=N4)C(O)(O)C(O)(O)C(O)C(O)C(O)C(O)C3)cc21,CC(=O)[SH]1(=O)N[C@H](O)c2ccc(N3C=C4CO[C@H](O)C(O)(CN=N4)C(O)(O)C(O)(O)C(O)C(O)C(O)C(O)C3)cc21
C1=O[S]1(=O)N[C@H](O)C2=CC=C(C3C=C4C(=O)C(C(=O)C(N4)C(=O)C(=O)C(=O)C(=O)C(=O)C(=O)C(=O)C(=O)C(=O)C3)N,C1=O[S](=O)N[C@H](O)C2=CC=C(C(=O)N3C=C4CO[C@H](O)C(O)(CN=N4)C(O)(O)C(O)(O)C(O)C(O)C3)C2=C1,O=S1(=O)N[C@H](O)c2ccc(N3C=C4CO[C@H](O)C(O)(CN=N4)C(O)(O)C(O)(O)C(O)(O)C(O)C(O)C3)cc21,C1=O[S]1(=O)N[C@H](O)C2=CC=C(N3C=C4CO[C@H](O)C(O)C(O)C(O)C(O)C(O)C(O)C(O)C(O)C(O)C3)C2=C4)N4,C1=O[S]1(=O)N[C@H](O)c2ccc(N3C=C4CO[C@H](O)C(O)(CN=N4)C(O)(O)C(O)(O)C(O)C(O)C3)cc21
CC(=O)[SH]1(=O)N[C@H](O)c2ccc(N3C=C4CO[C@H](O)C(O)(CN=N4)C(O)(O)C(O)(O)C(O)C(O)C(O)C(O)C3)cc21,CC(=O)[SH]1(=O)N[C@H](O)c2ccc(N3C=C4CO[C@H](O)C(O)(CN=N4)C(O)(O)C(O)(O)C(O)C(O)C(O)C(O)C3)cc21,CC(=O)[SH]1(=O)N[C@H](O)c2ccc(N3C=C4CO[C@H](O)C(O)(CN=N4)C(O)(O)C(O)(O)C(O)C(O)C(O)C(O)C3)cc21,CC(=O)[SH]1(=O)N[C@H](O)c2ccc(N3C=C4CO[C@H](O)C(O)(CN=N4)C(O)(O)C(O)(O)C(O)C(O)C(O)C(O)C3)cc21,CC(=O)[SH]1(=O)N[C@H](O)c2ccc(N3C=C4CO[C@H](O)C(O)(CN=N4)C(O)(O)C(O)(O)C(O)C(O)C(O)C(O)C3)cc21
O=S1(=O)N[C@H](O)c2ccc(N3C=C4CO[C@H](O)C(O)(CN=N4)C(O)(O)C(O)(O)C(O)(O)C(O)C(O)C3)cc21,O=S1(=O)N[C@H](O)c2ccc(N3C=C4CO[C@H](O)C(O)(CN=N4)C(O)(O)C(O)(O)C(O)(O)C(O)C(O)C3)cc21,C1=O[S](=O)N[C@H](O)C2=CC=C(C3=C(C(C(C(C(C(C(C(C(C(C(C(C(C(C(C(C(C(C(C(C(C(C(C(C(C(C(C(C(C(C(C(C(C(C(C(C(C(C(C(C(C(C(C(C(C(C(C(C(C(C(C(C(C(C(C(C,C1=O[S](=O)(N[C@H](O)C2=CC=C(C3=C(C4=CC=CC=C4C(O)C(O)C(O)C(O)C(O)C(O)C(O)C3)C(=O)N2)C(=O)O)C(=O)O)C1,C1=O[S]1(=O)N[C@H](O)C2=CC=C(C(=O)N3C=C4C(=O)C2(C(=O)C3(C(=O)C4(C(=O)C(=O)C(=O)C(=O)C(=O)C(=O)C(=O)C(=O
C1=O[S](=O)N[C@H](O)C2=CC=C(N3C=C4CO[C@H](O)C(O)(CN=N4)C(O)(O)C(O)(O)C(O)(O)C(O)C(O)C3)C2=C1,C1=O[S]1(=O)N[C@H](O)C2=CC=C(C3=C(C(=O)C(C(C(C(C(C(C(C(C(C(C(C(C(C(C(C(C(C(C(C(C(C(C(C(C(C(C(C(C(C(C(C(C(C(C(C(C(C(C(C(C(C(C(C(C(C(C(C(C(C(C,O=S1(=O)N[C@H](O)c2ccc(N3C=C4CO[C@H](O)C(O)(CN=N4)C(O)(O)C(O)(O)C(O)(O)C(O)C(O)C3)cc1O2,C1=O[S](=O)N[C@H](O)C2=CC=C(C3C(C(C4C(O)C(O)C(O)C(O)C(O)C(O)C(O)C4)C(N=C3)C(O)C(O)C(O)C(O)C(O)C(O)C(O))C)C,C1=O[S]1(=O)N[C@H](O)C2=CC=C(C3=C(C(=O)C(=O)N(C(=O)C4=C(C(=O)C(=O)C(=O)C(=O)C(=O)C(=O)C(=O)C(=O)C(=O)C(=O
CC(=O)[SH]1(=O)N[C@H](O)c2ccc(N3C=C4CO[C@H](O)C(O)(CN=N4)C(O)(O)C(O)(O)C(O)(O)C(O)C(O)C3)cc21,CC(=O)[SH]1(=O)N[C@H](O)c2ccc(N3C=C4CO[C@H](O)C(O)(CN=N4)C(O)(O)C(O)(O)C(O)(O)C(O)C(O)C3)cc21,CC(=O)[SH]1(=O)N[C@H](O)c2ccc(N3C=C4CO[C@H](O)C(O)(CN=N4)C(O)(O)C(O)(O)C(O)C(O)C3)cc21,CC(=O)[SH]1(=O)N[C@H](O)c2ccc(N3C=C4CO[C@H](O)C(O)(CN=N4)C(O)(O)C(O)(O)C(O)(O)C(O)C(O)C3)cc21,CC(=O)[SH]1(=O)N[C@H](O)c2ccc(N3C=C4CO[C@H](O)C(O)(CN=N4)C(O)(O)C(O)(O)C(O)(O)C(O)C(O)C3)cc21
CC(=O)[SH]1(=O)N[C@H](O)c2ccc(N3C=C4CO[C@H](O)C(O)(CN=N4)C(O)(O)C(O)(O)C(O)C(O)C(O)C(O)C3)cc21,CC(=O)[SH]1(=O)N[C@H](O)c2ccc(N3C=C4CO[C@H](O)C(O)(CN=N4)C(O)(O)C(O)(O)C(O)C(O)C(O)C3)cc21,CC(=O)[SH]1(=O)N[C@H](O)c2ccc(N3C=C4CO[C@H](O)C(O)(CN=N4)C(O)(O)C(O)(O)C(O)(O)C(O)C(O)C3)cc21,O=S1(=O)N[C@H](O)c2ccc(N3C=C4CO[C@H](O)C(O)(CN=N4)C(O)(O)C(O)(O)C(O)C(O)C3)cc21,CC(=O)[SH]1(=O)N[C@H](O)c2ccc(N3C=C4CO[C@H](O)C(O)(CN=N4)C(O)(O)C(O)(O)C(O)C(O)C3)cc21
CC(=O)[SH]1(=O)N[C@H](O)c2ccc(N3C=C4CO[C@H](O)C(O)(CN=N4)C(O)(O)C(O)(O)C(O)C(O)C3)cc21,CC(=O)[SH]1(=O)N[C@H](O)c2ccc(N3C=C4CO[C@H](O)C(O)(CN=N4)C(O)(O)C(O)(O)C(O)C(O)C3)cc21,CC(=O)[SH]1(=O)N[C@H](O)c2ccc(N3C=C4CO[C@H](O)C(O)(CN=N4)C(O)(O)C(O)(O)C(O)C(O)C3)cc21,CC(=O)[SH]1(=O)N[C@H](O)c2ccc(N3C=C4CO[C@H](O)C(O)(CN=N4)C(O)(O)C(O)(O)C(O)C(O)C3)cc21,CC(=O)[SH]1(=O)N[C@H](O)c2ccc(N3C=C4CO[C@H](O)C(O)(CN=N4)C(O)(O)C(O)(O)C(O)C(O)C3)cc21
C1=O=S1(=O)N[C@H](O)c2ccc(N3C=C4CO[C@H](O)C(O)(CN=N4)C(O)(O)C(O)(O)C(O)(O)C(O)C(O)C3)cc21,C1=O[S@](=O)N[C@H](O)C2=CC=C(C(=O)N3C=C4CO[C@H](O)C(O)(CN=N4)C(O)(O)C(O)(O)C(O)(O)C(O)C3)C2=C1,O=S1(=O)N[C@H](O)c2ccc(N3C=C4CO[C@H](O)C(O)(CN=N4)C(O)(O)C(O)(O)C(O)(O)C(O)C(O)C3)cc21,C1=O[S](=O)N[C@H](O)C2=CC=C(C3=C(C(=C(C(=O)N4C=C5CO[C@H](O)C(O)C(O)C(O)C(O)C(O)C(O)C5)C3)C(=O)O)C2)C(=O),C1=O[S]1(=O)N[C@H](O)c2ccc(N3C=C4CO[C@H](O)C(O)(CN=N4)C(O)(O)C(O)(O)C(O)C(O)C3)cc21
CC(=O)[SH]1(=O)N[C@H](O)c2ccc(N3C=C4CO[C@H](O)C(O)(CN=N4)C(O)(O)C(O)(O)C(O)C(O)C(O)C3)cc21,C1=O[S](=O)N[C@H](O)C2=CC=C(C3=C(C4C(O)C(O)C(O)C(O)C(O)C(O)C(O)C(O)C(O)C(O)C(O)C4)N(C3)C(=C5C(O)C(O)C(O)C,C1=O[S](=O)N[C@H](O)C2=CC=C(C3=C(C=CC(=O)N4C=CC(=O)C5(C(C(C(C(C(C(C(C(C(C(C(C(C(C(C(C(C(C(C(C(C(C(C(C(C(C(C(C(C(C(C(C(C(C(C(C(C(C(C(C,C1=O[S+]1(=O)N[C@H](O)c2ccc(N3C=C4CO[C@H](O)C(O)(CN=N4)C(O)(O)C(O)(O)C(O)(O)C(O)C(O)C3)cc21,C1=O[S](=O)N[C@H](O)C2=CC=C(C3=C(C(C(O)C(O)C(O)C(O)C(O)C(O)C3)N(C=C4C(C(C(O)C(O)C(O)C(O)C(O)C(O)C4)O)C(O)C(O
C1=O[S](=O)N[C@H](O)C2=CC=C(C3C=CC(N4C=CC(=O)C(O)C(O)C(O)C(O)C(O)C(O)C4)C3)C2=C1,C1=O[S](=O)N[C@H](O)C2=CC=C3N4C=CC(C(=O)O[C@H](O)C(O)C(O)C(O)C(O)C(O)C3)C4[C@H](O)C(O)C(O)C(O)C(O)C(O)C,O=S1(=O)N[C@H](O)c2ccc(N3C=C4CO[C@H](O)C(O)(CN=N4)C(O)(O)C(O)(O)C(O)C(O)C3)cc21,C1=O[S+]1(=O)N[C@H](O)c2ccc(N3C=C4CO[C@H](O)C(O)(CN=N4)C(O)(O)C(O)(O)C(O)(O)C(O)C3)cc21,C1=O[S+]1(=O)N[C@H](O)c2ccc(N3C=C4CO[C@H](O)C(O)(CN=N4)C(O)(O)C(O)(O)C(O)(O)C(O)C(O)C3)cc21
C1=O[S]1(=O)N[C@H](O)C2=CC=C(C3=C(C(N4C=CC5=C(C(O)C(O)C(O)C(O)C(O)C(O)C(O)C(O)C(O)C(O)C(O)C4)C(N)=C3)C(O)C(O,O=S1(=O)N[C@H](O)c2ccc(N3C=C4CO[C@H](O)C(O)(CN=N4)C(O)(O)C(O)(O)C(O)(O)C(O)C(O)C3)cc21,C1=O[S](=O)N[C@H](O)C2=CC=C(C(=O)N3C=C4CO[C@H](O)C(O)(CN=N4)C(O)(O)C(O)(O)C(O)(O)C(O)C(O)C3)C2=C1,C1=O[S]1(=O)N[C@H](O)c2ccc(N3C=C4CO[C@H](O)C(O)(CN=N4)C(O)(O)C(O)(O)C(O)(O)C(O)C(O)C3)cc21,O=S1(=O)N[C@H](O)c2ccc(N3C=C4CO[C@H](O)C(O)(CN=N4)C(O)(O)C(O)(O)C(O)(O)C(O)C(O)C3)cc21
CC(=O)[SH]1(=O)N[C@H](O)c2ccc(N3C=C4CO[C@H](O)C(O)(CN=N4)C(O)(O)C(O)(O)C(O)C(O)C(O)C(O)C3)cc21,CC(=O)[SH]1(=O)N[C@H](O)c2ccc(N3C=C4CO[C@H](O)C(O)(CN=N4)C(O)(O)C(O)(O)C(O)C(O)C(O)C3)cc21,CC(=O)[SH]1(=O)N[C@H](O)c2ccc(N3C=C4CO[C@H](O)C(O)(CN=N4)C(O)(O)C(O)(O)C(O)C(O)C(O)C(O)C3)cc21,CC(=O)[SH]1(=O)N[C@H](O)c2ccc(N3C=C4CO[C@H](O)C(O)(CN=N4)C(O)(O)C(O)(O)C(O)C(O)C(O)C(O)C3)cc21,CC(=O)[SH]1(=O)N[C@H](O)c2ccc(N3C=C4CO[C@H](O)C(O)(CN=N4)C(O)(O)C(O)(O)C(O)C(O)C(O)C(O)C3)cc21
C1=O[S](=O)N[C@H](O)C2=CC=C(C(=O)N3C=C4C[C@H](O)C(O)C(O)C(O)C(O)C(O)C(O)C3)C=CC4)C2=C1,C1=O[S](=O)N[C@H](O)C2=CC=C(C3C(=C(C4CO[C@H](O)C(O)C(O)C(O)C(O)C(O)C(O)C(O)C4)C3)N)C=CC2=C1,O=S1(=O)N[C@H](O)c2ccc(N3C=C4CO[C@H](O)C(O)(CN=N4)C(O)(O)C(O)(O)C(O)(O)C(O)C(O)C3)cc21,O=S1(=O)N[C@H](O)c2ccc(N3C=C4CO[C@H](O)C(O)(CN=N4)C(O)(O)C(O)(O)C(O)(O)C(O)C(O)C3)cc21,C1=O[S+]1(=O)N[C@H]2C3=CC=C(C4CO[C@H]5C6=CC(=O)N(C(C(=O)C(C(=O)C(C(=O)C(C(=O)C(C(=O)C(C(=O)C(C(=O)C2)C)C)C
C1=O[S+]1(=O)N[C@H](O)c2ccc(N3C=C4CO[C@H](O)C(O)(CN=N4)C(O)(O)C(O)C(O)C(O)C3)cc21,C1=O[S]1(=O)N[C@H](O)C2=CC=C(C3C=C4CO[C@H](O)C(O)C(O)C(O)C(O)C(O)C3)N4C=CC=C2,C1=O[S+]1(=O)N[C@H](O)C2=CC=C(C3C=CC(=O)N4C=CC(=O)C4(C(C(=O)C3)C(=O)O)C(=O)O)C2)C3C(=O)N4C=CC(=O)C4(C,C1=O[S](=O)N[C@H](O)C2=CC=C(C3C(=C4C=CC(=O)C(C(=O)O)C(=O)C(C(=O)O)C(=O)C(=O)C(=O)C3)C(=O)N4)C(=O)C2),O=S1(=O)N[C@H](O)c2ccc(N3C=C4CO[C@H](O)C(O)(CN=N4)C(O)(O)C(O)(O)C(O)C(O)C3)cc21
C1=O[S+]1(=O)N[C@H](O)C2=CC=C(N3C=C4CO[C@H](O)C(O)(CN=C4)C(O)(O)C(O)(O)C(O)(O)C(O)C(O)C3)C2,O=S1(=O)N[C@H](O)c2ccc(N3C=C4CO[C@H](O)C(O)(CN=N4)C(O)(O)C(O)(O)C(O)(O)C(O)C(O)C3)cc21,O=S1(=O)N[C@H](O)c2ccc(N3C=C4CO[C@H](O)C(O)(CN=N4)C(O)(O)C(O)(O)C(O)(O)C(O)C(O)C3)cc21,C1=O[S]1(=O)N[C@H](O)c2ccc(N3C=C4CO[C@H](O)C(O)(CN=N4)C(O)(O)C(O)(O)C(O)(O)C(O)C3)cc21,C1=O[S](=O)N[C@H](O)C2=CC=C(C3=C(C(=O)C(=O)N4C(=C(C(=O)C(=O)C(=O)C(=O)C(=O)C(=O)C(=O)C(=O)C(=O)C(=O)C(=O
C1=O[S]1(=O)N[C@H](O)C2=CC=C(C3=C(C(=O)C(=O)N4C=C(C5=C(C(=O)C(=O)C(O)C(O)C(O)C(O)C(O)C(O)C(O)C5)N4)C3)C2,C1=O[S+]1(=O)N[C@H](O)c2ccc(N3C=C4CO[C@H](O)C(O)(CN=N4)C(O)(O)C(O)(O)C(O)(O)C(O)C(O)C3)cc21,C1=O[S](=O)N[C@H](O)C2=CC=C(C3=C(C(C(C(C(C(C(C(C(C(C(C(C(C(C(C(C(C(C(C(C(C(C(C(C(C(C(C(C(C(C(C(C(C(C(C(C(C(C(C(C(C(C(C(C(C(C(C(C(C(C(C(C(C(C(C(C,C1=O[S]1(=O)N[C@H](O)C2=CC=C(C3=C(C(=O)C4=C(C(=O)C(O)C(O)C(O)C(O)C(O)C(O)C4)C(=O)N3)C)C2)C(O)C(O)C(O)C(O,C1=O[S]1(=O)N[C@H](O)c2ccc(N3C=C4CO[C@H](O)C(O)(CN=N4)C(O)(O)C(O)(O)C(O)(O)C(O)C(O)C3)cc21
CC(=O)[SH]1(=O)N[C@H](O)c2ccc(N3C=C4CO[C@H](O)C(O)(CN=N4)C(O)(O)C(O)(O)C(O)C(O)C(O)C3)cc21,CC(=O)[SH]1(=O)N[C@H](O)c2ccc(N3C=C4CO[C@H](O)C(O)(CN=N4)C(O)(O)C(O)C(O)C(O)C(O)C3)cc21,CC(=O)[SH]1(=O)N[C@H](O)c2ccc(N3C=C4CO[C@H](O)C(O)(CN=N4)C(O)(O)C(O)(O)C(O)C(O)C(O)C(O)C3)cc21,CC(=O)[SH]1(=O)N[C@H](O)c2ccc(N3C=C4CO[C@H](O)C(O)(CN=N4)C(O)(O)C(O)(O)C(O)C(O)C(O)C(O)C3)cc21,CC(=O)[SH]1(=O)N[C@H](O)c2ccc(N3C=C4CO[C@H](O)C(O)(CN=N4)C(O)(O)C(O)(O)C(O)C(O)C(O)C(O)C3)cc21
O=S1(=O)N[C@H](O)c2ccc(N3C=C4CO[C@H](O)C(O)(CN=N4)C(O)(O)C(O)(O)C(O)(O)C(O)C(O)C3)cc21,O=S1(=O)N[C@H](O)c2ccc(N3C=C4CO[C@H](O)C(O)(CN=N4)C(O)(O)C(O)(O)C(O)(O)C(O)C(O)C3)cc21,CC(=O)[SH]1(=O)N[C@H](O)c2ccc(N3C=C4CO[C@H](O)C(O)(CN=N4)C(O)(O)C(O)(O)C(O)(O)C(O)C(O)C3)cc21,C1=O[S+]1=O[NH]2[C@H]3c4ccc(N5C=C6CO[C@H](O)C(O)(CN=N6)C(O)(O)C(O)(O)C(O)C(O)C5)cc4cc2CC3,CC(=O)[SH]1(=O)N[C@H](O)c2ccc(N3C=C4CO[C@H](O)C(O)(CN=N4)C(O)(O)C(O)(O)C(O)C(O)C3)cc21
CC(=O)[S]1(=O)N[C@H](O)c2ccc(N3C=C4CO[C@H](O)C(O)(CN=N4)C(O)(O)C(O)(O)C(O)C(O)C3)cc21,CC(=O)[S]1(=O)N[C@H](O)c2ccc(N3C=C4CO[C@H](O)C(O)(CN=N4)C(O)(O)C(O)(O)C(O)C(O)C3)cc21,CC(=O)[S]1(=O)N[C@H](O)c2ccc(N3C=C4CO[C@H](O)C(O)(CN=N4)C(O)(O)C(O)(O)C(O)C(O)C3)cc21,CC(=O)[S]1(=O)N[C@H](O)c2ccc(N3C=C4CO[C@H](O)C(O)(CN=N4)C(O)(O)C(O)(O)C(O)C(O)C3)cc21,CC(=O)[S]1(=O)N[C@H](O)c2ccc(N3C=C4CO[C@H](O)C(O)(CN=N4)C(O)(O)C(O)C(O)C3)cc21
CC(=O)[SH]1(=O)N[C@H](O)c2ccc(N3C=C4CO[C@H](O)C(O)(CN=N4)C(O)(O)C(O)(O)C(O)(O)C(O)C(O)C3)cc21,CC(=O)[SH]1(=O)N[C@H](O)c2ccc(N3C=C4CO[C@H](O)C(O)(CN=N4)C(O)(O)C(O)(O)C(O)(O)C(O)C(O)C3)cc21,CC(=O)[SH]1(=O)N[C@H](O)c2ccc(N3C=C4CO[C@H](O)C(O)(CN=N4)C(O)(O)C(O)(O)C(O)(O)C(O)C(O)C3)cc21,CC(=O)[SH]1(=O)N[C@H](O)c2ccc(N3C=C4CO[C@H](O)C(O)(CN=N4)C(O)(O)C(O)(O)C(O)(O)C(O)C(O)C3)cc21,CC(=O)[SH]1(=O)N[C@H](O)c2ccc(N3C=C4CO[C@H](O)C(O)(CN=N4)C(O)(O)C(O)(O)C(O)C(O)C3)cc21
C1=O[S]1(=O)N[C@H](O)c2ccc(N3C=C4CO[C@H](O)C(O)(CN=N4)C(O)(O)C(O)(O)C(O)C(O)C3)cc21,C1=O[S](=O)N[C@H](O)c2ccc(N3C=C4CO[C@H](O)C(O)(CN=N4)C(O)(O)C(O)(O)C(O)(O)C(O)C3)cc21,C1=O[S](=O)N[C@H](O)C2=CC=C(C3C=CC4=C(CO[C@H](O)C(O)C(O)C(O)C(O)C(O)C3)C(O)C(N=C4)C(O))C2=C1,C1=O[S](=O)N[C@H](O)C2=CC=C(C3=C(C(N4C=CC4)C(O)C(O)C(O)C(O)C(O)C(O)C(O)C3)C1)C2,C1=O[S]2(=O)N[C@H](O)C3=CC=C(C4=C(C(=O)C(C(C(=O)C(C(=O)C(C(=O)C(C(=O)C(C(=O)C(C(=O)C(C(=O)C3)N)C4)O)O)O)O
CC(=O)[SH]1(=O)N[C@H](O)c2ccc(N3C=C4CO[C@H](O)C(O)(CN=N4)C(O)(O)C(O)(O)C(O)C(O)C(O)C3)cc21,CC(=O)[SH]1(=O)N[C@H](O)c2ccc(N3C=C4CO[C@H](O)C(O)(CN=N4)C(O)(O)C(O)(O)C(O)(O)C(O)C(O)C3)cc21,CC(=O)[SH]1(=O)N[C@H](O)c2ccc(N3C=C4CO[C@H](O)C(O)(CN=N4)C(O)(O)C(O)(O)C(O)C(O)C(O)C(O)C3)cc21,CC(=O)[SH]1(=O)N[C@H](O)c2ccc(N3C=C4CO[C@H](O)C(O)(CN=N4)C(O)(O)C(O)(O)C(O)C(O)C(O)C(O)C3)cc21,CC(=O)[SH]1(=O)N[C@H](O)c2ccc(N3C=C4CO[C@H](O)C(O)(CN=N4)C(O)(O)C(O)(O)C(O)C(O)C(O)C(O)C3)cc21
C1=O[S]1(=O)N[C@H](O)c2ccc(N3C=C4CO[C@H](O)C(O)(CN=N4)C(O)(O)C(O)(O)C(O)C3)cc21,C1=O[S](=O)N[C@H](O)C2=CC=C(C3=C(C(=O)N4C=C(C5=C(C(=O)O)C(O)(C)C(O)C(O)C(O)C(O)C(O)C(O)C(O)C5)C(=O)N4)C3),O=S1(=O)N[C@H](O)c2ccc(N3C=C4CO[C@H](O)C(O)(CN=N4)C(O)(O)C(O)(O)C(O)(O)C(O)C3)cc21,O=S1(=O)N[C@H](O)c2ccc(N3C=C4CO[C@H](O)C(O)(CN=N4)C(O)(O)C(O)(O)C(O)(O)C(O)C(O)C3)cc21,CC(=O)[S]1(=O)N[C@H](O)c2ccc(N3C=C4CO[C@H](O)C(O)(CN=N4)C(O)(O)C(O)(O)C(O)C(O)C3)cc21
CC1=CC(F)=C(F)S[C@]2(CC(F)C2(C)C2C[C@]3(C)SC(C)[C@H]23)C(=S)C1,CC1(C)S[C@]23[C@H](NC(=O)CCC[C@H](N)C(=O)O)[C@@]2(O)[C@@H]3[C@H]1C(=O)O,CC1(C)S[C@]23[C@H](NC(=O)CCC[C@H](N)C(=O)O)[C@@]2(O)[C@@H]3[C@H]1C(=O)O,CC1(C)S[C@]23[C@H](NC(=O)CCC[C@H](N)C(=O)O)[C@@]2(O)[C@@H]3[C@H]1C(=O)O,CC1(C)S[C@]23[C@H](NC(=O)CCC[C@H](N)C(=O)O)[C@@]2(O)[C@@H]3[C@H]1C(=O)O
C1=O[S](=O)N[C@H](O)C2=CC=C(C3=C(C(C(O)C(O)C(O)C(O)C(O)C(O)C(O)C(O)C(O)C(O)C(O)C(O)C(O)C3)C(=O)N)C(=O)O)C,O=S1(=O)N[C@H](O)c2ccc(N3C=C4CO[C@H](O)C(O)(CN=N4)C(O)(O)C(O)(O)C(O)C(O)C3)cc21,C1=O[S]1(=O)N[C@H](O)C2=CC=C(C3=C(N4C=C(C(C(O)C(O)C(O)C(O)C(O)C(O)C(O)C(O)C(O)C4)N3)C)C)C2)C1,C1=O=S1(=O)N[C@H](O)C2=CC=C(N3C=C4CO[C@H](O)C(O)(CN=C4)C(O)(O)C(O)(O)C(O)(O)C(O)C(O)C3)C2=C1,O=S1(=O)N[C@H](O)c2ccc(N3C=C4CO[C@H](O)C(O)(CN=N4)C(O)(O)C(O)(O)C(O)(O)C(O)C(O)C3)cc21
CC(=O)[SH]1(=O)N[C@H](O)c2ccc(N3C=C4CO[C@H](O)C(O)(CN=N4)C(O)(O)C(O)(O)C(O)(O)C(O)C(O)C3)cc21,CC(=O)[SH]1(=O)N[C@H](O)c2ccc(N3C=C4CO[C@H](O)C(O)(CN=N4)C(O)(O)C(O)(O)C(O)C(O)C(O)C(O)C3)cc21,CC(=O)[SH]1(=O)N[C@H](O)c2ccc(N3C=C4CO[C@H](O)C(O)(CN=N4)C(O)(O)C(O)(O)C(O)(O)C(O)C(O)C3)cc21,CC(=O)[SH]1(=O)N[C@H](O)c2ccc(N3C=C4CO[C@H](O)C(O)(CN=N4)C(O)(O)C(O)(O)C(O)(O)C(O)C(O)C3)cc21,CC(=O)[SH]1(=O)N[C@H](O)c2ccc(N3C=C4CO[C@H](O)C(O)(CN=N4)C(O)(O)C(O)(O)C(O)(O)C(O)C(O)C3)cc21
CC(=O)[SH]1(=O)N[C@H](O)c2ccc(N3C=C4CO[C@H](O)C(O)(CN=N4)C(O)(O)C(O)(O)C(O)(O)C(O)C(O)C3)cc21,CC(=O)[SH]1(=O)N[C@H](O)c2ccc(N3C=C4CO[C@H](O)C(O)(CN=N4)C(O)(O)C(O)(O)C(O)C(O)C3)cc21,CC(=O)[SH]1(=O)N[C@H](O)c2ccc(N3C=C4CO[C@H](O)C(O)(CN=N4)C(O)(O)C(O)(O)C(O)C(O)C3)cc21,CC(=O)[SH]1(=O)N[C@H](O)c2ccc(N3C=C4CO[C@H](O)C(O)(CN=N4)C(O)(O)C(O)(O)C(O)(O)C(O)C(O)C3)cc21,CC(=O)[SH]1(=O)N[C@H](O)c2ccc(N3C=C4CO[C@H](O)C(O)(CN=N4)C(O)(O)C(O)(O)C(O)(O)C(O)C(O)C3)cc21
C1=O[S]1(=O)N[C@H](O)c2ccc(N3C=C4CO[C@H](O)C(O)(CN=N4)C(O)(O)C(O)(O)C(O)(O)C(O)C3)cc21,C1=O[S](=O)N[C@H](O)c2ccc(N3C=C4CO[C@H](O)C(O)(CN=N4)C(O)(O)C(O)(O)C(O)C(O)C3)cc21,C1=O[S](=O)N[C@H](O)C2=CC=C(C(=O)N3C=C4C(C(=O)O)C(O)C(O)C(O)C(O)C(O)C(O)C(O)C(O)C3)C4)C(O)C21,C1=O[S](=O)N[C@H](O)C2=CC=C(C3=C(C(=O)N4C=C(C(=O)O[C@H](O)C(O)(CN=C4)C(O)(O)C(O)(O)C(O)(O)C(O)C(O)C3)C)C)C2,C1=O[S]1(=O)N[C@H]1Oc2ccc(N3C=C4CO[C@H]1Oc2c3c4Nc2cc(C(=O)O)C(=O)Oc2c3C(=O)Oc2c3C(=O)Oc2c3C(=O)O
CC(=O)[SH]1(=O)N[C@H](O)c2ccc(N3C=C4CO[C@H](O)C(O)(CN=N4)C(O)(O)C(O)(O)C(O)C(O)C(O)C(O)C3)cc21,CC(=O)[SH]1(=O)N[C@H](O)c2ccc(N3C=C4CO[C@H](O)C(O)(CN=N4)C(O)(O)C(O)(O)C(O)C(O)C(O)C(O)C3)cc21,CC(=O)[SH]1(=O)N[C@H](O)c2ccc(N3C=C4CO[C@H](O)C(O)(CN=N4)C(O)(O)C(O)(O)C(O)C(O)C(O)C(O)C3)cc21,CC(=O)[SH]1(=O)N[C@H](O)c2ccc(N3C=C4CO[C@H](O)C(O)(CN=N4)C(O)(O)C(O)(O)C(O)C(O)C(O)C(O)C3)cc21,CC(=O)[SH]1(=O)N[C@H](O)c2ccc(N3C=C4CO[C@H](O)C(O)(CN=N4)C(O)(O)C(O)(O)C(O)C(O)C(O)C3)cc21
O=S1(=O)N[C@H](O)c2ccc(N3C=C4CO[C@H](O)C(O)(CN=N4)C(O)(O)C(O)(O)C(O)(O)C(O)C(O)C3)cc21,C1=O=S1(=O)N[C@H](O)c2ccc(N3C=C4CO[C@H](O)C(O)(CN=N4)C(O)(O)C(O)(O)C(O)(O)C(O)C(O)C3)cc21,C1=O=S1(=O)N[C@H]1c2ccc(N3C=C4CO[C@H]4Oc5cc(C(O)(CN=N4)C(O)(O)C(O)(O)C(O)(O)C(O)C(O)C3)cc5)c2O,O=S1(=O)N[C@H](O)c2ccc(N3C=C4CO[C@H](O)C(O)(CN=N4)C(O)(O)C(O)(O)C(O)(O)C(O)C(O)C3)cc21,O=S1(=O)N[C@H](O)c2ccc(N3C=C4CO[C@H](O)C(O)(CN=N4)C(O)(O)C(O)(O)C(O)(O)C(O)C(O)C3)cc21
CC(=O)[SH]1(=O)N[C@H](O)c2ccc(N3C=C4CO[C@H](O)C(O)(CN=N4)C(O)(O)C(O)(O)C(O)(O)C(O)C(O)C3)cc21,CC(=O)[SH]1(=O)N[C@H](O)c2ccc(N3C=C4CO[C@H](O)C(O)(CN=N4)C(O)(O)C(O)(O)C(O)(O)C(O)C(O)C3)cc21,CC(=O)[SH]1(=O)N[C@H](O)c2ccc(N3C=C4CO[C@H](O)C(O)(CN=N4)C(O)(O)C(O)(O)C(O)(O)C(O)C(O)C3)cc21,CC(=O)[SH]1(=O)N[C@H](O)c2ccc(N3C=C4CO[C@H](O)C(O)(CN=N4)C(O)(O)C(O)(O)C(O)(O)C(O)C(O)C3)cc21,CC(=O)[SH]1(=O)N[C@H](O)c2ccc(N3C=C4CO[C@H](O)C(O)(CN=N4)C(O)(O)C(O)(O)C(O)(O)C(O)C(O)C3)cc21
CC(=O)[SH]1(=O)N[C@H](O)c2ccc(N3C=C4CO[C@H](O)C(O)(CN=N4)C(O)(O)C(O)(O)C(O)C(O)C(O)C(O)C3)cc21,CC(=O)[SH]1(=O)N[C@H](O)c2ccc(N3C=C4CO[C@H](O)C(O)(CN=N4)C(O)(O)C(O)(O)C(O)C(O)C(O)C(O)C3)cc21,CC(=O)[SH]1(=O)N[C@H](O)c2ccc(N3C=C4CO[C@H](O)C(O)(CN=N4)C(O)(O)C(O)(O)C(O)C(O)C(O)C(O)C3)cc21,CC(=O)[SH]1(=O)N[C@H](O)c2ccc(N3C=C4CO[C@H](O)C(O)(CN=N4)C(O)(O)C(O)(O)C(O)C(O)C(O)C(O)C3)cc21,CC(=O)[SH]1(=O)N[C@H](O)c2ccc(N3C=C4CO[C@H](O)C(O)(CN=N4)C(O)(O)C(O)(O)C(O)C(O)C(O)C(O)C3)cc21
CC(=O)[SH]1(=O)N[C@H](O)c2ccc(N3C=C4CO[C@H](O)C(O)(CN=N4)C(O)(O)C(O)(O)C(O)C(O)C(O)C(O)C3)cc21,CC(=O)[SH]1(=O)N[C@H](O)c2ccc(N3C=C4CO[C@H](O)C(O)(CN=N4)C(O)(O)C(O)(O)C(O)C(O)C(O)C(O)C3)cc21,CC(=O)[SH]1(=O)N[C@H](O)c2ccc(N3C=C4CO[C@H](O)C(O)(CN=N4)C(O)(O)C(O)(O)C(O)C(O)C(O)C(O)C3)cc21,CC(=O)[SH]1(=O)N[C@H](O)c2ccc(N3C=C4CO[C@H](O)C(O)(CN=N4)C(O)(O)C(O)(O)C(O)C(O)C(O)C(O)C3)cc21,CC(=O)[SH]1(=O)N[C@H](O)c2ccc(N3C=C4CO[C@H](O)C(O)(CN=N4)C(O)(O)C(O)(O)C(O)C(O)C(O)C3)cc21
CC(=O)[S]1(=O)N[C@H](O)c2ccc(N3C=C4CO[C@H](O)C(O)(CN=N4)C(O)(O)C(O)(O)C(O)C(O)C3)cc21,CC(=O)[S]1(=O)N[C@H](O)c2ccc(N3C=C4CO[C@H](O)C(O)(CN=N4)C(O)(O)C(O)(O)C(O)C(O)C3)cc21,CC(=O)[S]1(=O)N[C@H](O)c2ccc(N3C=C4CO[C@H](O)C(O)(CN=N4)C(O)(O)C(O)(O)C(O)C(O)C3)cc21,CC(=O)[S]1(=O)N[C@H](O)c2ccc(N3C=C4CO[C@H](O)C(O)(CN=N4)C(O)(O)C(O)(O)C(O)C(O)C3)cc21,CC(=O)[SH]1(=O)N[C@H](O)c2ccc(N3C=C4CO[C@H](O)C(O)(CN=N4)C(O)(O)C(O)C(O)C(O)C3)cc21
C1=O[S](=O)N[C@H](O)C2=CC=C(C3=C(C(C(=O)N4C=C(C(C(=O)O)C(O)C(O)C(O)C(O)C(O)C4)C3)C2)C1)C(=O)N5C=C6CO[C@H,C1=O[S](=O)N[C@H](O)C2=CC3=C(C(N4C=C5C(O)(C(O)(C(O)(C(O)(C(O)(C(O)(C(O)C(O)C(O)C(O)C(N5)C3)C)C)C)C)C)C)C)C,C1=O[S]1(=O)N[C@H](O)c2ccc(N3C=C4CO[C@H](O)C(O)(CN=N4)C(O)(O)C(O)(O)C(O)(O)C(O)C3)cc21,C1=O/N=C/O[C@H](O)C2=CC=C(N3C=C4/C=C(CO[C@H](O)C(O)(CN=C4)C(O)(O)C(O)(O)C(O)C3)C)C2=C1,C1=O[S](=O)N[C@H](O)c2ccc(N3C=C4CO[C@H](O)C(O)(CN=N4)C(O)(O)C(O)(O)C(O)(O)C(O)C3)cc21
C1=O[S]1(=O)N[C@H](O)c2ccc(N3C=C4CO[C@H](O)C(O)(CN=N4)C(O)(O)C(O)(O)C(O)C(O)C(O)C3)cc21,C1=O[S](=O)N[C@H](O)C2=CC=C(C(=O)N3C=C4C(C(=O)C(=O)C(=O)C(=O)C(=O)C(=O)C(=O)C(=O)C(=O)C(=O)C(=O)C(=O)C,C1=O[NH1]C2=O[C@H]3c4ccc(N5C=C6CO[C@H]7(O)C(O)C(O)C(O)C(O)C(O)C(O)C(O)C(O)C(O)C6)C(N5)C(O)C(O)C(O)C(O)C,C1=O[S]1(=O)N[C@H](O)C2=CC=C(C3C(=O)C(=O)N4C(=C(C(=O)C(=O)C(=O)C(=O)C(=O)C(=O)C(=O)C(=O)C(=O)C(=O)C(=O,O=S1(=O)N[C@H](O)c2ccc(N3C=C4CO[C@H](O)C(O)(CN=N4)C(O)(O)C(O)(O)C(O)(O)C(O)C(O)C3)cc21
CC(=O)[SH]1(=O)N[C@H](O)c2ccc(N3C=C4CO[C@H](O)C(O)(CN=N4)C(O)(O)C(O)(O)C(O)C(O)C(O)C(O)C3)cc21,CC(=O)[SH]1(=O)N[C@H](O)c2ccc(N3C=C4CO[C@H](O)C(O)(CN=N4)C(O)(O)C(O)(O)C(O)C(O)C(O)C(O)C3)cc21,CC(=O)[SH]1(=O)N[C@H](O)c2ccc(N3C=C4CO[C@H](O)C(O)(CN=N4)C(O)(O)C(O)(O)C(O)C(O)C(O)C3)cc21,CC(=O)[SH]1(=O)N[C@H](O)c2ccc(N3C=C4CO[C@H](O)C(O)(CN=N4)C(O)(O)C(O)(O)C(O)C(O)C(O)C(O)C3)cc21,CC(=O)[SH]1(=O)N[C@H](O)c2ccc(N3C=C4CO[C@H](O)C(O)(CN=N4)C(O)(O)C(O)(O)C(O)C(O)C(O)C(O)C3)cc21
CC(=O)[SH]1(=O)N[C@H](O)c2ccc(N3C=C4CO[C@H](O)C(O)(CN=N4)C(O)(O)C(O)(O)C(O)C(O)C(O)C(O)C3)cc21,CC(=O)[SH]1(=O)N[C@H](O)c2ccc(N3C=C4CO[C@H](O)C(O)(CN=N4)C(O)(O)C(O)C(O)C(O)C(O)C(O)C3)cc21,CC(=O)[SH]1(=O)N[C@H](O)c2ccc(N3C=C4CO[C@H](O)C(O)(CN=N4)C(O)(O)C(O)(O)C(O)C(O)C3)cc21,CC(=O)[SH]1(=O)N[C@H](O)c2ccc(N3C=C4CO[C@H](O)C(O)(CN=N4)C(O)(O)C(O)(O)C(O)C(O)C(O)C(O)C3)cc21,CC(=O)[SH]1(=O)N[C@H](O)c2ccc(N3C=C4CO[C@H](O)C(O)(CN=N4)C(O)(O)C(O)(O)C(O)C(O)C(O)C(O)C3)cc21
O=S1(=O)N[C@H](O)c2ccc(N3C=C4CO[C@H](O)C(O)(CN=N4)C(O)(O)C(O)(O)C(O)C(O)C3)cc21,C1=O[S](=O)N[C@H](O)C2=CC=C(C3=C(C(N4C=C(C(=O)C(C(C(C(C(C(C(C(C(C(C(C(C(C(C(C(C(C(C(C(C(C(C(C(C(C(C(C(C(C(C(C(C(C(C(C(C(C(C(C(C(C(C(C(C(C(C,C1=O[S+]1(=O)N[C@H](O)c2ccc(N3C=C4CO[C@H](O)C(O)(CN=N4)C(O)(O)C(O)(O)C(O)(O)C(O)C(O)C3)cc21,C1=O[S](=O)N[C@H](O)c2ccc(N3C=C4CO[C@H](O)C(O)(CN=N4)C(O)(O)C(O)(O)C(O)(O)C(O)C(O)C3)cc21,O=S1(=O)N[C@H](O)c2ccc(N3C=C4CO[C@H](O)C(O)(CN=N4)C(O)(O)C(O)(O)C(O)(O)C(O)C(O)C3)cc21
C1=O[S](=O)(N[C@H](O)C2=CC=C(C3=C(C(C(O)C(O)C(O)C(O)C(O)C(O)C(O)C3)N=C(C4=C(C(O)C(O)C(O)C(O)C(O)C(O)C4)C(O))C(O,C1=O[S]1(=O)N[C@H](O)c2ccc(N3C=C4CO[C@H](O)C(O)(CN=N4)C(O)(O)C(O)(O)C(O)(O)C(O)C3)cc21,C1=O[S]1(=O)N[C@H](O)C2=CC=C(C3C=C(C4C=C(C(C(O)C(O)C(O)C(O)C(O)C(O)C(O)C(O)C(O)C(O)C(O)C4)N=C(C)N)C3)C2)N,C1=O[S](=O)N[C@H](O)C2=CC=C(C3=C(C4=C(C(C(C(C(C(C(C(C(C(C(C(C(C(C(C(C(C(C(C(C(C(C(C(C(C(C(C(C(C(C(C(C(C(C(C(C(C(C(C(C(C(C(C(C(C(C(C(C(C(C(C(C(C,C1=O[S](=O)(O)N[C@H](O)C2=CC=C(C(=O)N3C=CC4C(C(=O)O[C@H](O)C(O)C(O)C(O)C(O)C(O)C3)C4)C2)C1
C1=O[S](=O)N[C@H](O)c2ccc(N3C=C4CO[C@H](O)C(O)(CN=N4)C(O)(O)C(O)(O)C(O)(O)C(O)C(O)C3)cc21,C1=O[S+]1(=O)N[C@H](O)C2=CC=C3N4C=CC(C(=O)O[C@H](O)C(O)C(O)C(O)C(O)C(O)C(O)C3)C4[C@H](O)C(O)C(O)C(O)C(O),C1=O[S](=O)N[C@H](O)C2=CC=C(C3C=C(N4C=C(C(C(C(C(C(C(C(C(C(C(C(C(C(C(C(C(C(C(C(C(C(C(C(C(C(C(C(C(C(C(C(C(C(C(C(C(C(C(C(C(C(C(C(C(C(C(C(C(C(C(C,O=S1(=O)N[C@H](O)c2ccc(N3C=C4CO[C@H](O)C(O)(CN=N4)C(O)(O)C(O)(O)C(O)C(O)C3)cc21,C1=O[S](=O)N[C@H](O)C2=CC=C(C3C=CC(=O)N4C=C(C(C(O)C(O)C(O)C(O)C(O)C(O)C(O)C(O)C(O)C(O)C3)C(O)C4)C3)C(O)C
C(C(=O))[S]1(=O)N[C@H](O)c2ccc(N3C=C4CO[C@H](O)C(O)(CN=N4)C(O)(O)C(O)(O)C(O)C(O)C3)cc21,CC(=O)[SH]1(=O)N[C@H](O)c2ccc(N3C=C4CO[C@H](O)C(O)(CN=N4)C(O)(O)C(O)(O)C(O)(O)C(O)C(O)C3)cc21,CC(=O)[SH]1(=O)N[C@H](O)c2ccc(N3C=C4CO[C@H](O)C(O)(CN=N4)C(O)(O)C(O)(O)C(O)(O)C(O)C(O)C3)cc21,CC(=O)[SH]1(=O)N[C@H](O)c2ccc(N3C=C4CO[C@H](O)C(O)(CN=N4)C(O)(O)C(O)(O)C(O)C(O)C3)cc21,CC(=O)[SH]1(=O)N[C@H](O)c2ccc(N3C=C4CO[C@H](O)C(O)(CN=N4)C(O)(O)C(O)(O)C(O)C(O)C3)cc21
CC(=O)[SH]1(=O)N[C@H](O)c2ccc(N3C=C4CO[C@H](O)C(O)(CN=N4)C(O)(O)C(O)(O)C(O)(O)C(O)C(O)C3)cc21,CC(=O)[SH]1(=O)N[C@H](O)c2ccc(N3C=C4CO[C@H](O)C(O)(CN=N4)C(O)(O)C(O)(O)C(O)(O)C(O)C(O)C3)cc21,CC(=O)[SH]1(=O)N[C@H](O)c2ccc(N3C=C4CO[C@H](O)C(O)(CN=N4)C(O)(O)C(O)(O)C(O)C(O)C3)cc21,CC(=O)[SH]1(=O)N[C@H](O)c2ccc(N3C=C4CO[C@H](O)C(O)(CN=N4)C(O)(O)C(O)(O)C(O)C(O)C3)cc21,CC(=O)[SH]1(=O)N[C@H](O)c2ccc(N3C=C4CO[C@H](O)C(O)(CN=N4)C(O)(O)C(O)(O)C(O)C(O)C3)cc21
CC(=O)[SH]1(=O)N[C@H](O)c2ccc(N3C=C4CO[C@H](O)C(O)(CN=N4)C(O)(O)C(O)(O)C(O)(O)C(O)C(O)C3)cc21,O=S1(=O)N[C@H](O)c2ccc(N3C=C4CO[C@H](O)C(O)(CN=N4)C(O)(O)C(O)(O)C(O)(O)C(O)C(O)C3)cc21,C1=O[S]1(=O)N[C@H](O)c2ccc(N3C=C4CO[C@H](O)C(O)(CN=N4)C(O)(O)C(O)(O)C(O)(O)C(O)C(O)C3)cc21,C1=O[S](=O)N[C@H](O)C2=CC=C(N3C=C4CO[C@H](O)C(O)(CN=C4)C(O)(O)C(O)(O)C(O)(O)C(O)C(O)C3)C2=C1,C1=O[S](=O)N[C@H](O)c2ccc(N3C=C4CO[C@H](O)C(O)(CN=N4)C(O)(O)C(O)(O)C(O)C(O)C3)cc21
C1=O=S(=O)(Nc1c2c(cc3c2c(cc(N4CCCOCC4)cc3)c1)cnc1Cl)c1cccc1F,O=S(=O)(Nc1cc(-c2ccc3nccc(N4CCOCC4)c3c2)cnc1Cl)c1ccc(cc1)F,O=S(=O)(Nc1cc(-c2ccc3nccc(N4CCOCC4)c3c2)cnc1Cl)c1ccc(F)cc1,O=S(=O)(Nc1cc(c2ccc3c(N4CCOCC4)c3c2)cnc1Cl)c1ccc(cc1)F,C1=CC=CC=C1C(=O)(Nc1cc(-c2ccc3nccc(N4CCOCC4)c3c2)cnc1Cl)c1ccc(F)cc1
CC(=O)[SH]1(=O)N[C@H](O)c2ccc(N3C=C4CO[C@H](O)C(O)(CN=N4)C(O)(O)C(O)C(O)C(O)C(O)C3)cc21,CC(=O)[SH]1(=O)N[C@H](O)c2ccc(N3C=C4CO[C@H](O)C(O)(CN=N4)C(O)(O)C(O)C(O)C(O)C(O)C3)cc21,CC(=O)[SH]1(=O)N[C@H](O)c2ccc(N3C=C4CO[C@H](O)C(O)(CN=N4)C(O)(O)C(O)C(O)C(O)C(O)C3)cc21,CC(=O)[S]1(=O)N[C@H](O)c2ccc(N3C=C4CO[C@H](O)C(O)(CN=N4)C(O)(O)C(O)(O)C(O)C(O)C3)cc21,CC(=O)[S]1(=O)N[C@H](O)c2ccc(N3C=C4CO[C@H](O)C(O)(CN=N4)C(O)(O)C(O)(O)C(O)C(O)C3)cc21
C1=O[S+]1(=O)N[C@H](O)C2=CC=C(C3=C(C(=O)N4C=C(C(=O)O)C(=O)N4)C(=O)O)C(=O)O)C(=O)O)C(=O)O)C(=O)O)C(=O),C1=O[S]1(=O)N[C@H](O)c2ccc(N3C=C4CO[C@H](O)C(O)(CN=N4)C(O)(O)C(O)(O)C(O)(O)C(O)C3)cc21,O=S1(=O)N[C@H](O)c2ccc(N3C=C4CO[C@H](O)C(O)(CN=N4)C(O)(O)C(O)(O)C(O)C(O)C3)cc21,O=S1(=O)N[C@H](O)c2ccc(N3C=C4CO[C@H](O)C(O)(CN=N4)C(O)(O)C(O)(O)C(O)(O)C(O)C3)cc21,C1=O[S+]1(=O)N[C@H](O)c2ccc(N3C=C4CO[C@H](O)C(O)(CN=N4)C(O)(O)C(O)(O)C(O)C3)cc21
C1=O[S+]1(=O)N[C@H](O)C2=CC=C(C3C=C(C(N4C=C(C(O)C(O)C(O)C(O)C(O)C(O)C(O)C(O)C(O)C(O)C(O)C3)N4)C2)O)N3,CC(=O)[SH]1(=O)N[C@H](O)c2ccc(N3C=C4CO[C@H](O)C(O)(CN=N4)C(O)(O)C(O)(O)C(O)C(O)C3)cc21,CC(=O)[SH]1(=O)N[C@H](O)c2ccc(N3C=C4CO[C@H](O)C(O)(CN=N4)C(O)(O)C(O)(O)C(O)C(O)C3)cc21,CC(=O)[SH]1(=O)N[C@H](O)c2ccc(N3C=C4CO[C@H](O)C(O)(CN=N4)C(O)(O)C(O)(O)C(O)(O)C(O)C(O)C3)cc21,CC(=O)[SH]1(=O)N[C@H](O)c2ccc(N3C=C4CO[C@H](O)C(O)(CN=N4)C(O)(O)C(O)(O)C(O)(O)C(O)C(O)C3)cc21
CC(=O)[SH]1(=O)N[C@H](O)c2ccc(N3C=C4CO[C@H](O)C(O)(CN=N4)C(O)(O)C(O)(O)C(O)C(O)C(O)C(O)C3)cc21,CC(=O)[SH]1(=O)N[C@H](O)c2ccc(N3C=C4CO[C@H](O)C(O)(CN=N4)C(O)(O)C(O)C(O)C(O)C(O)C(O)C3)cc21,CC(=O)[SH]1(=O)N[C@H](O)c2ccc(N3C=C4CO[C@H](O)C(O)(CN=N4)C(O)(O)C(O)(O)C(O)C(O)C(O)C(O)C3)cc21,CC(=O)[SH]1(=O)N[C@H](O)c2ccc(N3C=C4CO[C@H](O)C(O)(CN=N4)C(O)(O)C(O)(O)C(O)C(O)C(O)C(O)C3)cc21,C(C(=O)[SH]1(=O)N[C@H](O)c2ccc(N3C=C4CO[C@H](O)C(O)(CN=N4)C(O)(O)C(O)(O)C(O)(O)C(O)C(O)C3)cc21)C
C1=O[S]1(=O)N[C@H](O)C2=CC=C(N3C=C4CO[C@H](O)C(O)(CN=N4)C(O)(O)C(O)(O)C(O)C(O)C3)C2,C1=O[S](=O)N[C@H](O)C2=CC=C(C3C=CC(=O)N4C=CC(=O)C4[C@H](O)C(O)C(O)C(O)C(O)C(O)C(O)C(O)C3)C2)C1,O=S1(=O)N[C@H](O)c2ccc(N3C=C4CO[C@H](O)C(O)(CN=N4)C(O)(O)C(O)(O)C(O)C(O)C3)cc21,C1=O[S](=O)N[C@H](O)C2=CC3=C(C(C(C(C(C(C(C(C(C(C(C(C(C(C(C(C(C(C(C(C(C(C(C(C(C(C(C(C(C(C(C(C(C(C(C(C(C(C(C(C(C(C(C(C(C(C(C(C(C(C(C(C(C(C(C(C(C(C,C1=O[S](=O)N[C@H](O)c2ccc(N3C=C4CO[C@H](O)C(O)(CN=N4)C(O)(O)C(O)(O)C(O)(O)C(O)C(O)C3)cc21
C1=O[S](=O)N[C@H](O)C2=CC3=C(C4=C(C(C(C(C(C(C(C(C(C(C(C(C(C(C(C(C(C(C(C(C(C(C(C(C(C(C(C(C(C(C(C(C(C(C(C(C(C(C(C(C(C(C(C(C(C(C(C(C(C(C(C(C(C(C(C,C1=O[S]1(=O)N[C@H](O)c2ccc(N3C=C4CO[C@H](O)C(O)(CN=N4)C(O)(O)C(O)(O)C(O)(O)C(O)C3)cc21,O=S1(=O)N[C@H](O)c2ccc(N3C=C4CO[C@H](O)C(O)(CN=N4)C(O)(O)C(O)(O)C(O)(O)C(O)C3)cc21,O=S1(=O)N[C@H](O)c2ccc(N3C=C4CO[C@H](O)C(O)(CN=N4)C(O)(O)C(O)(O)C(O)(O)C(O)C3)cc21,C1=O[S+]1(=O)N[C@H](O)c2ccc(N3C=C4CO[C@H](O)C(O)(CN=N4)C(O)(O)C(O)(O)C(O)(O)C(O)C3)cc21
C1=O[S](=O)N[C@H](O)C2=CC=C(C3C(=C(C(=O)C4CO[C@H](O)C(O)C(O)C(O)C(O)C(O)C(O)C4)C(N=C3)C(=O)O)C2)C1,C1=O[S](=O)N[C@H](O)C2=CC=C(C3C(=C4C(=O)C(O)C(O)C(O)C(O)C(O)C(O)C(O)C4)C(N=C3)C(O)C(O)C2)C1,C1=O[S](=O)N[C@H](O)C2=CC=C(C3C(C(N4C=CC=CC4=O)C(O)C(O)C(O)C(O)C(O)C(O)C(O)C3)C2)C1,C1=O[S]1(=O)N[C@H](O)C2=CC=C(C3=C(C(=O)C4=C(C(=O)C(O)C(O)C(O)C(O)C(O)C(O)C(O)C(O)C4)C3)N)C2)C1,O=S1(=O)N[C@H](O)c2ccc(N3C=C4CO[C@H](O)C(O)(CN=N4)C(O)(O)C(O)(O)C(O)(O)C(O)C(O)C3)cc21
C1=O[S]1(=O)N[C@H](O)c2ccc(N3C=C4CO[C@H](O)C(O)(CN=N4)C(O)(O)C(O)(O)C(O)C(O)C3)cc21,C1=O[S](=O)(N[C@H](O)C2=CC=C(C3=C(C4=C(C(O)C(C(C(O)C(C(C(O)C(C(C(O)C(C(C(O)C(C(C(O)C(C(C(O)C(C(C(O)C(C(C(O)C(C(C(O)C(C(C(O),O=S1(=O)N[C@H](O)c2ccc(N3C=C4CO[C@H](O)C(O)(CN=N4)C(O)(O)C(O)(O)C(O)(O)C(O)C(O)C3)cc21,C1=O[S]1(=O)N[C@H](O)C2=CC=C3N4C=CC4(C(=O)O)C(=O)O[C@H](O)C(=O)O[C@H](O)C(=O)O[C@H](O)C(=O)O[C@H](O)C,C1=O[S]1(=O)N[C@H](O)C2=CC=C(N3C=C4CO[C@H](O)C(O)(CN=N4)C(O)(O)C(O)(O)C(O)(O)C(O)C(O)C3)C2
C1=O[S](=O)N[C@H]1c2ccc(N3C=C4CO[C@H](O)C(O)(CN=N4)C(O)(O)C(O)(O)C(O)C3)cc21,O=S1(=O)N[C@H](O)c2ccc(N3C=C4CO[C@H](O)C(O)(CN=N4)C(O)(O)C(O)(O)C(O)C3)cc21,C1=O[S](=O)N[C@H](O)C2=CC=C(C3C(=C(C4CO[C@H](O)C(O)(CN=C4)C(O)(O)C(O)(O)C(O)C3)N)C2)C1,C1=O[S+]1(=O)N[C@H](O)C2=CC=C(C3=C(C(=O)N4C=CC5=C(C(=O)C(O)(C)C(O)(C)C(O)C(O)C(O)C(O)C(O)C4)C(N5)C3)C2)C=,C1=O[S]1(=O)N[C@H](O)C2=CC=C(C(=O)N3C=C4CO[C@H](O)C(O)(CN=N4)C(O)(O)C(O)(O)C(O)C3)C2=CC=CC1
CC(=O)[SH]1(=O)N[C@H](O)c2ccc(N3C=C4CO[C@H](O)C(O)(CN=N4)C(O)(O)C(O)(O)C(O)C(O)C(O)C(O)C3)cc21,CC(=O)[SH]1(=O)N[C@H](O)c2ccc(N3C=C4CO[C@H](O)C(O)(CN=N4)C(O)(O)C(O)(O)C(O)C(O)C(O)C(O)C3)cc21,CC(=O)[SH]1(=O)N[C@H](O)c2ccc(N3C=C4CO[C@H](O)C(O)(CN=N4)C(O)(O)C(O)(O)C(O)C(O)C(O)C(O)C3)cc21,CC(=O)[SH]1(=O)N[C@H](O)c2ccc(N3C=C4CO[C@H](O)C(O)(CN=N4)C(O)(O)C(O)(O)C(O)C(O)C(O)C(O)C3)cc21,CC(=O)[SH]1(=O)N[C@H](O)c2ccc(N3C=C4CO[C@H](O)C(O)(CN=N4)C(O)(O)C(O)(O)C(O)C(O)C(O)C(O)C3)cc21
CC(=O)[SH]1(=O)N[C@H](O)c2ccc(N3C=C4CO[C@H](O)C(O)(CN=N4)C(O)(O)C(O)(O)C(O)(O)C(O)C(O)C3)cc21,CC(=O)[SH]1(=O)N[C@H](O)c2ccc(N3C=C4CO[C@H](O)C(O)(CN=N4)C(O)(O)C(O)(O)C(O)C(O)C3)cc21,CC(=O)[SH]1(=O)N[C@H](O)c2ccc(N3C=C4CO[C@H](O)C(O)(CN=N4)C(O)(O)C(O)(O)C(O)(O)C(O)C(O)C3)cc21,CC(=O)[SH]1(=O)N[C@H](O)c2ccc(N3C=C4CO[C@H](O)C(O)(CN=N4)C(O)(O)C(O)(O)C(O)(O)C(O)C(O)C3)cc21,CC(=O)[SH]1(=O)N[C@H](O)c2ccc(N3C=C4CO[C@H](O)C(O)(CN=N4)C(O)(O)C(O)(O)C(O)C(O)C3)cc21
CC(=O)[SH]1(=O)N[C@H](O)c2ccc(N3C=C4CO[C@H](O)C(O)(CN=N4)C(O)(O)C(O)(O)C(O)C(O)C(O)C(O)C3)cc21,CC(=O)[SH]1(=O)N[C@H](O)c2ccc(N3C=C4CO[C@H](O)C(O)(CN=N4)C(O)(O)C(O)(O)C(O)C(O)C(O)C(O)C3)cc21,CC(=O)[SH]1(=O)N[C@H](O)c2ccc(N3C=C4CO[C@H](O)C(O)(CN=N4)C(O)(O)C(O)(O)C(O)C(O)C(O)C(O)C3)cc21,CC(=O)[SH]1(=O)N[C@H](O)c2ccc(N3C=C4CO[C@H](O)C(O)(CN=N4)C(O)(O)C(O)(O)C(O)C(O)C(O)C(O)C3)cc21,C(C(=O)S)[C]1(=O)N[C@H](O)C2=CC=C(N3C=C4CO[C@H](O)C(O)C(O)C(O)C(O)C(O)C(O)C(O)C(O)C(O)C(O)C(O)C(O)C3)C2)C
C1=O[S](=O)N[C@H](O)C2=CC=C(C3=C(C4=C(C(C(C(C(C(C(C(C(C(C(C(C(C(C(C(C(C(C(C(C(C(C(C(C(C(C(C(C(C(C(C(C(C(C(C(C(C(C(C(C(C(C(C(C(C(C(C(C(C(C(C(C(C,O=S1(=O)N[C@H](O)c2ccc(N3C=C4CO[C@H](O)C(O)(CN=N4)C(O)(O)C(O)(O)C(O)C(O)C3)cc21,C1=O[S]1(=O)N[C@H](O)c2ccc(N3C=C4CO[C@H](O)C(O)(CN=N4)C(O)(O)C(O)(O)C(O)C(O)C3)cc21,O=S1(=O)N[C@H](O)c2ccc(N3C=C4CO[C@H](O)C(O)(CN=N4)C(O)(O)C(O)(O)C(O)(O)C(O)C(O)C3)cc21,O=S1(=O)N[C@H](O)c2ccc(N3C=C4CO[C@H](O)C(O)(CN=N4)C(O)(O)C(O)(O)C(O)(O)C(O)C(O)C3)cc21
CC(=O)[SH]1(=O)N[C@H](O)c2ccc(N3C=C4CO[C@H](O)C(O)(CN=N4)C(O)(O)C(O)(O)C(O)(O)C(O)C(O)C3)cc21,CC(=O)[SH]1(=O)N[C@H](O)c2ccc(N3C=C4CO[C@H](O)C(O)(CN=N4)C(O)(O)C(O)(O)C(O)C(O)C3)cc21,CC(=O)[SH]1(=O)N[C@H](O)c2ccc(N3C=C4CO[C@H](O)C(O)(CN=N4)C(O)(O)C(O)(O)C(O)C(O)C(O)C(O)C3)cc21,CC(=O)[SH]1(=O)N[C@H](O)c2ccc(N3C=C4CO[C@H](O)C(O)(CN=N4)C(O)(O)C(O)(O)C(O)(O)C(O)C(O)C3)cc21,CC(=O)[SH]1(=O)N[C@H](O)c2ccc(N3C=C4CO[C@H](O)C(O)(CN=N4)C(O)(O)C(O)(O)C(O)(O)C(O)C(O)C3)cc21
CC(=O)[SH]1(=O)N[C@H](O)c2ccc(N3C=C4CO[C@H](O)C(O)(CN=N4)C(O)(O)C(O)(O)C(O)(O)C(O)C(O)C3)cc21,CC(=O)[SH]1(=O)N[C@H](O)c2ccc(N3C=C4CO[C@H](O)C(O)(CN=N4)C(O)(O)C(O)(O)C(O)C(O)C3)cc21,CC(=O)[SH]1(=O)N[C@H](O)c2ccc(N3C=C4CO[C@H](O)C(O)(CN=N4)C(O)(O)C(O)(O)C(O)C(O)C3)cc21,CC(=O)[SH]1(=O)N[C@H](O)c2ccc(N3C=C4CO[C@H](O)C(O)(CN=N4)C(O)(O)C(O)(O)C(O)(O)C(O)C(O)C3)cc21,CC(=O)[SH]1(=O)N[C@H](O)c2ccc(N3C=C4CO[C@H](O)C(O)(CN=N4)C(O)(O)C(O)(O)C(O)C(O)C3)cc21
C1=O[S](=O)N[C@H](O)C2=CC=C(C3=C(C4=C(C(O)C(O)C(O)C(O)C(O)C(O)C4)C(=O)N3)C(=O)O)C(=O)O)C2=C1,C1=O[S]1(=O)N[C@H](O)C2=CC=C(C3C=CC(=O)N4C=CC(=O)C4[C@H](O)C(O)C(O)C(O)C(O)C(O)C(O)C3)C2)C1,C1=O[S](=O)N[C@H](O)C2=CC=C3C4=C(C(=O)O[C@H](O)C(O)(CN=C4)C(O)(O)C(O)(O)C(O)C5=C(N=C(C6=C(C(=O)O)C(O)(O)C(O)(O),C1=O[S]1(=O)N[C@H](O)c2ccc(N3C=C4CO[C@H](O)C(O)(CN=N4)C(O)(O)C(O)(O)C(O)(O)C(O)C3)cc21,C1=O[S]1(=O)N[C@H](O)c2ccc(N3C=C4CO[C@H](O)C(O)(CN=N4)C(O)(O)C(O)(O)C(O)(O)C(O)C3)cc21
CC(=O)[SH]1(=O)N[C@H](O)c2ccc(N3C=C4CO[C@H](O)C(O)(CN=N4)C(O)(O)C(O)(O)C(O)C(O)C(O)C(O)C3)cc21,CC(=O)[SH]1(=O)N[C@H](O)c2ccc(N3C=C4CO[C@H](O)C(O)(CN=N4)C(O)(O)C(O)(O)C(O)C(O)C(O)C(O)C3)cc21,CC(=O)[SH]1(=O)N[C@H](O)c2ccc(N3C=C4CO[C@H](O)C(O)(CN=N4)C(O)(O)C(O)(O)C(O)C(O)C(O)C(O)C3)cc21,CC(=O)[SH]1(=O)N[C@H](O)c2ccc(N3C=C4CO[C@H](O)C(O)(CN=N4)C(O)(O)C(O)(O)C(O)C(O)C(O)C(O)C3)cc21,CC(=O)[SH]1(=O)N[C@H](O)c2ccc(N3C=C4CO[C@H](O)C(O)(CN=N4)C(O)(O)C(O)(O)C(O)C(O)C(O)C(O)C3)cc21
C1=O[S](=O)N[C@H](O)C2=CC=C(C3=C(C(=O)N4C=CC(=O)C4[C@H](O)C(C(C(C(C(C(C(C(C(C(C(C(C(C(C(C(C(C(C(C(C(C(C(C(C(C(C(C(C(C(C(C(C(C(C(C,C1=O[S]1(=O)N[C@H](O)C2=CC=C(C(=O)N3C=C4CO[C@H](O)C(O)(CN=N4)C(O)(O)C(O)(O)C(O)C(O)C3)C2,O=S1(=O)N[C@H](O)c2ccc(N3C=C4CO[C@H](O)C(O)(CN=N4)C(O)(O)C(O)(O)C(O)(O)C(O)C(O)C3)cc21,C1=O[S]1(=O)N[C@H](O)c2ccc(N3C=C4CO[C@H](O)C(O)(CN=N4)C(O)(O)C(O)(O)C(O)(O)C(O)C(O)C3)cc21,C1=O[S](=O)N[C@H](O)C2=CC=C(C3=C(C(N4C=C(C(O)C(O)C(O)C(O)C(O)C(O)C(O)C4)C3)C)C)C2)C1
CC(=O)[SH]1(=O)N[C@H](O)c2ccc(N3C=C4CO[C@H](O)C(O)(CN=N4)C(O)(O)C(O)(O)C(O)(O)C(O)C(O)C3)cc21,CC(=O)[SH]1(=O)N[C@H](O)c2ccc(N3C=C4CO[C@H](O)C(O)(CN=N4)C(O)(O)C(O)(O)C(O)(O)C(O)C(O)C3)cc21,CC(=O)[SH]1(=O)N[C@H](O)c2ccc(N3C=C4CO[C@H](O)C(O)(CN=N4)C(O)(O)C(O)(O)C(O)(O)C(O)C(O)C3)cc21,CC(=O)[SH]1(=O)N[C@H](O)c2ccc(N3C=C4CO[C@H](O)C(O)(CN=N4)C(O)(O)C(O)(O)C(O)(O)C(O)C(O)C3)cc21,C(C(=O)[SH]1(=O)N[C@H](O)c2ccc(N3C=C4CO[C@H](O)C(O)(CN=N4)C(O)(O)C(O)(O)C(O)(O)C(O)C(O)C3)cc21)C
CC(=O)[SH]1(=O)N[C@H](O)c2ccc(N3C=C4CO[C@H](O)C(O)(CN=N4)C(O)(O)C(O)(O)C(O)(O)C(O)C(O)C3)cc21,CC(=O)[SH]1(=O)N[C@H](O)c2ccc(N3C=C4CO[C@H](O)C(O)(CN=N4)C(O)(O)C(O)(O)C(O)(O)C(O)C(O)C3)cc21,C(C(=O))[SH]1(=O)N[C@H](O)c2ccc(N3C=C4CO[C@H](O)C(O)(CN=N4)C(O)(O)C(O)(O)C(O)(O)C(O)C(O)C3)cc21,CC(=O)[SH]1(=O)N[C@H](O)c2ccc(N3C=C4CO[C@H](O)C(O)(CN=N4)C(O)(O)C(O)(O)C(O)(O)C(O)C(O)C3)cc21,CC(=O)[SH]1(=O)N[C@H](O)c2ccc(N3C=C4CO[C@H](O)C(O)(CN=N4)C(O)(O)C(O)(O)C(O)C(O)C(O)C(O)C3)cc21
O=S1(=O)N[C@H](O)c2ccc(N3C=C4CO[C@H](O)C(O)(CN=N4)C(O)(O)C(O)(O)C(O)C(O)C3)cc21,O=CC[SH]1(=O)N[C@H](O)c2ccc(N3C=C4CO[C@H](O)C(O)(CN=N4)C(O)(O)C(O)(O)C(O)(O)C(O)C(O)C3)cc21,O=S1(=O)N[C@H](O)c2ccc(N3C=C4CO[C@H](O)C(O)(CN=N4)C(O)(O)C(O)(O)C(O)C(O)C3)cc21,C1=O[S+]1(=O)N[C@H](O)c2ccc(N3C=C4CO[C@H](O)C(O)(CN=N4)C(O)(O)C(O)(O)C(O)C(O)C3)cc21,C1=O[S]1(=O)N[C@H](O)c2ccc(N3C=C4CO[C@H](O)C(O)(CN=N4)C(O)(O)C(O)(O)C(O)C3)cc21
C1=O=S(=O)(Nc1c2ccc(cc2)c3cnc4c3ncc(N4CCCOCC4)c4ccc(cc4)Cl)c1c2ccc(F)c3ccccc3c2,O=S(=O)(Nc1cc(-c2ccc3nccc(N4CCOCC4)c3c2)cnc1Cl)c1ccc(F)cc1,O=S(=O)(Nc1cc(-c2ccc3nccc(N4CCOCC4)c3c2)cnc1Cl)c1ccc(F)cc1,C1=O=S(=O)(Nc1cc2c(cc3c2nccc(N4CCOCC4)c3c1)cnc1c(F)ccccc1)Cl,C1=O=S(=O)Nc1cc2c(-c3ccc4nccc(N4CCOCC4)c3c2)cnc1Clc1ccccc1F
CC(=O)[SH]1(=O)N[C@H](O)c2ccc(N3C=C4CO[C@H](O)C(O)(CN=N4)C(O)(O)C(O)(O)C(O)C(O)C(O)C3)cc21,CC(=O)[SH]1(=O)N[C@H](O)c2ccc(N3C=C4CO[C@H](O)C(O)(CN=N4)C(O)(O)C(O)(O)C(O)C(O)C(O)C(O)C3)cc21,CC(=O)[SH]1(=O)N[C@H](O)c2ccc(N3C=C4CO[C@H](O)C(O)(CN=N4)C(O)(O)C(O)(O)C(O)C(O)C(O)C(O)C3)cc21,CC(=O)[SH]1(=O)N[C@H](O)c2ccc(N3C=C4CO[C@H](O)C(O)(CN=N4)C(O)(O)C(O)(O)C(O)C(O)C(O)C(O)C3)cc21,CC(=O)[SH]1(=O)N[C@H](O)c2ccc(N3C=C4CO[C@H](O)C(O)(CN=N4)C(O)(O)C(O)(O)C(O)C(O)C(O)C(O)C3)cc21
C1=O[S](=O)N[C@H](O)C2=CC=C(C3=C(C(C(C(C(C(C(C(C(C(C(C(C(C(C(C(C(C(C(C(C(C(C(C(C(C(C(C(C(C(C(C(C(C(C(C(C(C(C(C(C(C(C(C(C(C(C(C(C(C(C(C(C(C(C(C(C,C1=O[S]1(=O)N[C@H](O)c2ccc(N3C=C4CO[C@H](O)C(O)(CN=N4)C(O)(O)C(O)(O)C(O)(O)C(O)C(O)C3)cc21,C1=O[S]1(=O)N[C@H](O)c2ccc(N3C=C4CO[C@H](O)C(O)(CN=N4)C(O)(O)C(O)(O)C(O)(O)C(O)C3)cc21,O=S1(=O)N[C@H](O)c2ccc(N3C=C4CO[C@H](O)C(O)(CN=N4)C(O)(O)C(O)(O)C(O)C(O)C(O)C3)cc21,C1=O[S]1(=O)N[C@H](O)c2ccc(N3C=C4CO[C@H](O)C(O)(CN=N4)C(O)(O)C(O)(O)C(O)(O)C(O)C(O)C3)cc21
CC(=O)[SH]1(=O)N[C@H](O)c2ccc(N3C=C4CO[C@H](O)C(O)(CN=N4)C(O)(O)C(O)(O)C(O)(O)C(O)C(O)C3)cc21,CC(=O)[S]1(=O)N[C@H](O)c2ccc(N3C=C4CO[C@H](O)C(O)(CN=N4)C(O)(O)C(O)(O)C(O)(O)C(O)C(O)C3)cc21,CC(=O)[SH]1(=O)N[C@H](O)c2ccc(N3C=C4CO[C@H](O)C(O)(CN=N4)C(O)(O)C(O)(O)C(O)C(O)C(O)C(O)C3)cc21,CC(=O)[SH]1(=O)N[C@H](O)c2ccc(N3C=C4CO[C@H](O)C(O)(CN=N4)C(O)(O)C(O)(O)C(O)C(O)C(O)C(O)C3)cc21,CC(=O)[SH]1(=O)N[C@H](O)c2ccc(N3C=C4CO[C@H](O)C(O)(CN=N4)C(O)(O)C(O)(O)C(O)C(O)C(O)C(O)C3)cc21
CC(=O)[SH]1(=O)N[C@H](O)c2ccc(N3C=C4CO[C@H](O)C(O)(CN=N4)C(O)(O)C(O)(O)C(O)C(O)C(O)C3)cc21,CC(=O)[SH]1(=O)N[C@H](O)c2ccc(N3C=C4CO[C@H](O)C(O)(CN=N4)C(O)(O)C(O)(O)C(O)C(O)C(O)C(O)C3)cc21,CC(=O)[SH]1(=O)N[C@H](O)c2ccc(N3C=C4CO[C@H](O)C(O)(CN=N4)C(O)(O)C(O)(O)C(O)C(O)C(O)C(O)C3)cc21,CC(=O)[SH]1(=O)N[C@H](O)c2ccc(N3C=C4CO[C@H](O)C(O)(CN=N4)C(O)(O)C(O)(O)C(O)C(O)C(O)C(O)C3)cc21,CC(=O)[SH]1(=O)N[C@H](O)c2ccc(N3C=C4CO[C@H](O)C(O)(CN=N4)C(O)(O)C(O)(O)C(O)C(O)C(O)C(O)C3)cc21
C1=O[S](=O)N[C@H](O)C2=CC=C(N3C=C4CO[C@H](O)C(O)(CN=C4)C(O)(O)C(O)(O)C(O)(O)C(O)C(O)C3)C2=C1,C1=O[S](=O)N[C@H](O)C2=CC=C(C(=O)N3C=C4CO[C@H](O)C(O)(CN=N4)C(O)(O)C(O)(O)C(O)(O)C(O)C(O)C3)C=CC=C1O2,C1=O[S]1(=O)N[C@H](O)C2=CC=C(N3C=C4CO[C@H](O)C(O)(CN=C4)C(O)(O)C(O)(O)C(O)(O)C(O)C(O)C3)C2,C1=O[S](=O)N[C@H](O)C2=CC=C(C3C=CC(=O)N4C=CC(=O)C4(C(C(C(C(C(C(C(C(C(C(C(C(C(C(C(C(C(C(C(C(C(C(C(C(C(C(C(C(C(C(C(C(C(C(C(C(C(C(C(C(C,O=S1(=O)N[C@H](O)c2ccc(N3C=C4CO[C@H](O)C(O)(CN=N4)C(O)(O)C(O)(O)C(O)C(O)C3)cc21
CC(=O)[SH]1(=O)N[C@H](O)c2ccc(N3C=C4CO[C@H](O)C(O)(CN=N4)C(O)(O)C(O)(O)C(O)C(O)C(O)C(O)C3)cc21,CC(=O)[SH]1(=O)N[C@H](O)c2ccc(N3C=C4CO[C@H](O)C(O)(CN=N4)C(O)(O)C(O)C(O)C(O)C(O)C3)cc21,CC(=O)[SH]1(=O)N[C@H](O)c2ccc(N3C=C4CO[C@H](O)C(O)(CN=N4)C(O)(O)C(O)(O)C(O)C(O)C(O)C3)cc21,CC(=O)[SH]1(=O)N[C@H](O)c2ccc(N3C=C4CO[C@H](O)C(O)(CN=N4)C(O)(O)C(O)(O)C(O)C(O)C(O)C(O)C3)cc21,CC(=O)[SH]1(=O)N[C@H](O)c2ccc(N3C=C4CO[C@H](O)C(O)(CN=N4)C(O)(O)C(O)(O)C(O)C(O)C(O)C(O)C3)cc21
C1=O[S](=O)N[C@H](O)C2=CC=C(C3=C(C=C(C4=C(C(C(C(C(C(C(C(C(C(C(C(C(C(C(C(C(C(C(C(C(C(C(C(C(C(C(C(C(C(C(C(C(C(C(C(C(C(C(C(C(C(C(C(C(C(C(C(C(C(C(C,O=S1(=O)N[C@H](O)c2ccc(N3C=C4CO[C@H](O)C(O)(CN=N4)C(O)(O)C(O)(O)C(O)(O)C(O)C(O)C3)cc21,C1=O[S]1(=O)N[C@H](O)c2ccc(N3C=C4CO[C@H](O)C(O)(CN=N4)C(O)(O)C(O)(O)C(O)(O)C(O)C(O)C3)cc21,C1=O[S](=O)N[C@H](O)C2=CC=C3N4C=CC(=O)C4[C@H](O)C(O)C(O)C(O)C(O)C(O)C(O)C(O)C(O)C(O)C3=C2C1,O=S1(=O)N[C@H](O)c2ccc(N3C=C4CO[C@H](O)C(O)(CN=N4)C(O)(O)C(O)(O)C(O)(O)C(O)C(O)C3)cc21
C(C(=O)S)1(=O)N[C@H](O)C2=CC=C(N3C=C4CO[C@H](O)C(O)(CN=N4)C(O)(O)C(O)(O)C(O)C(O)C(O)C3)C2=C1,CC(=O)[SH]1(=O)N[C@H](O)c2ccc(N3C=C4CO[C@H](O)C(O)(CN=N4)C(O)(O)C(O)(O)C(O)C(O)C(O)C(O)C3)cc21,CC(=O)[SH]1(=O)N[C@H](O)c2ccc(N3C=C4CO[C@H](O)C(O)(CN=N4)C(O)(O)C(O)(O)C(O)C(O)C(O)C(O)C3)cc21,CC(=O)[SH]1(=O)N[C@H](O)c2ccc(N3C=C4CO[C@H](O)C(O)(CN=N4)C(O)(O)C(O)(O)C(O)C(O)C(O)C(O)C3)cc21,CC(=O)[SH]1(=O)N[C@H](O)c2ccc(N3C=C4CO[C@H](O)C(O)(CN=N4)C(O)(O)C(O)(O)C(O)C(O)C(O)C(O)C3)cc21
CC(=O)[S]1(=O)N[C@H](O)c2ccc(N3C=C4CO[C@H](O)C(O)(CN=N4)C(O)(O)C(O)(O)C(O)(O)C(O)C(O)C3)cc21,CC(=O)[SH]1(=O)N[C@H](O)c2ccc(N3C=C4CO[C@H](O)C(O)(CN=N4)C(O)(O)C(O)(O)C(O)(O)C(O)C(O)C3)cc21,O=S1(=O)N[C@H](O)c2ccc(N3C=C4CO[C@H](O)C(O)(CN=N4)C(O)(O)C(O)(O)C(O)(O)C(O)C(O)C3)cc21,CC(=O)[S]1(=O)N[C@H](O)c2ccc(N3C=C4CO[C@H](O)C(O)(CN=N4)C(O)(O)C(O)(O)C(O)C(O)C3)cc21,CC(=O)[S]1(=O)N[C@H](O)c2ccc(N3C=C4CO[C@H](O)C(O)(CN=N4)C(O)(O)C(O)(O)C(O)(O)C(O)C(O)C3)cc21
O=S1(=O)N[C@H](O)c2ccc(N3C=C4CO[C@H](O)C(O)(CN=N4)C(O)(O)C(O)(O)C(O)(O)C(O)C(O)C3)cc21,C1=O=S1(=O)N[C@H](O)c2ccc(N3C=C4CO[C@H](O)C(O)(CN=N4)C(O)(O)C(O)(O)C(O)(O)C(O)C(O)C3)cc21,C1=O[S]1(=O)N[C@H](O)c2ccc(N3C=C4CO[C@H](O)C(O)(CN=N4)C(O)(O)C(O)(O)C(O)(O)C(O)C(O)C3)cc21,C1=O[S](=O)N[C@H](O)C2=CC=C(C3=C(C=C(C4=C(C(=O)C(O)C(O)C(O)C(O)C(O)C(O)C(O)C(O)C(O)C(O)C(O)C4)N(C)C3)C(=O)N,C1=O[S]1(=O)N[C@H](O)C2=CC=C(C3=C(C4=C(O)C(O)C(O)C(O)C(O)C(O)C4N(C)C3)C=CC=C2)N5C=C6CO[C@H](O)C(O)C(O)C(O)
O=S1(=O)N[C@H](O)c2ccc(N3C=C4CO[C@H](O)C(O)(CN=N4)C(O)(O)C(O)(O)C(O)(O)C(O)C(O)C3)cc21,C1=O[S](=O)N[C@H](O)C2=CC=C(C(=O)N3C=C4C(=O)C(=O)C(=O)C(=O)C(=O)C(=O)C(=O)C(=O)C(=O)C(=O)C(=O)C(=O)C(=,C1=O[S](=O)N[C@H](O)C2=CC=C(C3C=CC(=O)N4C=CC(=O)C5(C(C(=O)O)C(=O)O)C(=O)O)C(=O)O)C(=O)C(=O)C(=O)C(=O),C1=O[S]1(=O)N[C@H](O)C2=CC=C(C3=C(C4CO[C@H](O)C(O)C(O)C(O)C(O)C(O)C(O)C(O)C(O)C4)N3C=C)C2)C1,C1=O[S](=O)N[C@H](O)c2ccc(N3C=C4CO[C@H](O)C(O)(CN=N4)C(O)(O)C(O)(O)C(O)(O)C(O)C(O)C3)cc21
C1=O[S](=O)N[C@H](O)C2=CC=C(C3C=C(C4C(C(C(C(C(C(C(C(C(C(C(C(C(C(C(C(C(C(C(C(C(C(C(C(C(C(C(C(C(C(C(C(C(C(C(C(C(C(C(C(C(C(C(C(C(C(C(C(C(C(C(C(C,C1=O[S](=O)N[C@H](O)C2=CC=C(C3C=C(C(N4C=C(C(O)C(O)C(O)C(O)C(O)C(O)C(O)C4)C3)C)C2)N3C=C4C(C(O)C(O)C(O)C(O),O=S1(=O)N[C@H](O)c2ccc(N3C=C4CO[C@H](O)C(O)(CN=N4)C(O)(O)C(O)(O)C(O)C(O)C3)cc21,C1=CC=O[C@H]1S[C@H]2(=O)N[C@H]3c4ccc(N5C=C6CO[C@H]7(O)C(O)C(O)C(O)C(O)C(O)C(O)C(O)C(O)C(O)C(O)C(O)C(O)C(O,C1=COCCS1(=O)N[C@H](O)C2=CC=C(C3C=CC4=C(COC(=O)C(C(C(C(C(C(C(C(C(C(C(C(C(C(C(C(C(C(C(C(C(C(C(C(C(C(C(C(C(C(C(C(C(C(C(C(C(C(C(C(C(C(C(C(C(C
C1=O[S]1(=O)N[C@H](O)c2ccc(N3C=C4CO[C@H](O)C(O)(CN=N4)C(O)(O)C(O)(O)C(O)C3)cc21,C1=O[S@H]1[N@H]2c3ccc(N4C=C5CO[C@H](O)C(O)(CN=N5)C(O)(O)C(O)(O)C(O)C4)cc23,C1=O[S](=O)N[C@H](O)C2=CC=C3N4C=C(C(O)C(O)C(O)C(O)C(O)C4)C3[C@H](C1)C(O)C2,O=S1(=O)N[C@@H](O)c2ccc(n3cc(CO[C@@H]4O[C@@H](CO)[C@@H](O)[C@H](O)[C@H]4O)nn3)cc21,C1=O[S+]1=O[NH]C2=CC=C3C(=O)N4C(=C(C(=O)C3(C(C(C(C(C(C(C(O)C4)C)C)C)C)C)C)C)C)C)C2
CC(=O)[SH]1(=O)N[C@H](O)c2ccc(N3C=C4CO[C@H](O)C(O)(CN=N4)C(O)(O)C(O)(O)C(O)(O)C(O)C(O)C3)cc21,CC(=O)[SH]1(=O)N[C@H](O)c2ccc(N3C=C4CO[C@H](O)C(O)(CN=N4)C(O)(O)C(O)C(O)C(O)C(O)C(O)C3)cc21,C1=O[S](=O)N[C@H](O)C2=CC=C(C3=C(C4C=CC(=O)C(C(C(C(C(C(C(C(C(C(C(C(C(C(C(C(C(C(C(C(C(C(C(C(C(C(C(C(C(C(C(C(C(C(C(C(C(C(C(C(C(C(C(C(C(C(C(C,CC(=O)[SH]1(=O)N[C@H](O)c2ccc(N3C=C4CO[C@H](O)C(O)(CN=N4)C(O)(O)C(O)(O)C(O)(O)C(O)C(O)C3)cc21,CC(=O)[SH]1(=O)N[C@H](O)c2ccc(N3C=C4CO[C@H](O)C(O)(CN=N4)C(O)(O)C(O)(O)C(O)(O)C(O)C(O)C3)cc21
C1=O[S]1(=O)N[C@H](O)C2=CC=C(C3C=C(C4CO[C@H](O)C(O)C(O)C(O)C(O)C(O)C3)C(N=C4)C(O)C(O))C2,CC(=O)[SH]1(=O)N[C@H](O)c2ccc(N3C=C4CO[C@H](O)C(O)(CN=N4)C(O)(O)C(O)(O)C(O)C(O)C(O)C(O)C3)cc21,C1=O[S](=O)(N)C[C@H](O)C2=CC=C(C3=C(C(C4=C(C(O)C(C(O)C(C(O)C(C(O)C(C(O)C(C(O)C(C(O)C(C(O)C3)C)C)C)C)C)C)C)C),O=S1(=O)N[C@H](O)c2ccc(N3C=C4CO[C@H](O)C(O)(CN=N4)C(O)(O)C(O)(O)C(O)C(O)C3)cc21,O=S1(=O)N[C@H](O)c2ccc(N3C=C4CO[C@H](O)C(O)(CN=N4)C(O)(O)C(O)(O)C(O)(O)C(O)C(O)C3)cc21
CC(=O)[SH]1(=O)N[C@H](O)c2ccc(N3C=C4CO[C@H](O)C(O)(CN=N4)C(O)(O)C(O)(O)C(O)C(O)C3)cc21,CC(=O)[SH]1(=O)N[C@H](O)c2ccc(N3C=C4CO[C@H](O)C(O)(CN=N4)C(O)(O)C(O)(O)C(O)C(O)C(O)C(O)C3)cc21,C1CC(=O)[SH]1(=O)N[C@H](O)c2ccc(N3C=C4CO[C@H](O)C(O)(CN=N4)C(O)(O)C(O)(O)C(O)C(O)C(O)C(O)C3)cc21,CC(=O)[SH]1(=O)N[C@H](O)c2ccc(N3C=C4CO[C@H](O)C(O)(CN=N4)C(O)(O)C(O)(O)C(O)C(O)C(O)C(O)C3)cc21,CC(=O)[SH]1(=O)N[C@H](O)c2ccc(N3C=C4CO[C@H](O)C(O)(CN=N4)C(O)(O)C(O)(O)C(O)(O)C(O)C(O)C3)cc21
O=S1(=O)N[C@H](O)c2ccc(N3C=C4CO[C@H](O)C(O)(CN=N4)C(O)(O)C(O)(O)C(O)(O)C(O)C(O)C3)cc21,O=S1(=O)N[C@H](O)c2ccc(N3C=C4CO[C@H](O)C(O)(CN=N4)C(O)(O)C(O)(O)C(O)(O)C(O)C(O)C3)cc21,C1=O[S]1(=O)N[C@H](O)C2=CC3=C(C=CC(=C3N4C=C(C)CO[C@H](O)C(C(O)C(O)C(O)C(O)C(O)C(O)C4)C5=C(C=CC(=C5C(O)C(O))C,O=S1(=O)N[C@H](O)c2ccc(N3C=C4CO[C@H](O)C(O)(CN=N4)C(O)(O)C(O)(O)C(O)(O)C(O)C3)cc21,O=S1(=O)N[C@H](O)c2ccc(N3C=C4CO[C@H](O)C(O)(CN=N4)C(O)(O)C(O)(O)C(O)(O)C(O)C(O)C3)cc21
C1=O[S](=O)N[C@H](O)C2=CC=C(C3C=CC(=O)N(C4C=CC(=O)O[C@H](O)C(O)(C(N=C(N4)C(O)(C)C(O)C(O)C(O)C(O)C(O))C3)C2),O=S1(=O)N[C@H](O)c2ccc(N3C=C4CO[C@H](O)C(O)(CN=N4)C(O)(O)C(O)(O)C(O)(O)C(O)C(O)C3)cc21,O=S1(=O)N[C@H](O)c2ccc(N3C=C4CO[C@H](O)C(O)(CN=N4)C(O)(O)C(O)(O)C(O)(O)C(O)C(O)C3)cc21,O=S1(=O)N[C@H](O)c2ccc(N3C=C4CO[C@H](O)C(O)(CN=N4)C(O)(O)C(O)(O)C(O)C(O)C3)cc21,O=S1(=O)N[C@H](O)c2ccc(N3C=C4CO[C@H](O)C(O)(CN=N4)C(O)(O)C(O)(O)C(O)C(O)C3)cc21
O=S1(=O)N[C@H](O)c2ccc(N3C=C4CO[C@H](O)C(O)(CN=N4)C(O)(O)C(O)(O)C(O)C(O)C3)cc21,C1=O[S](=O)N[C@H](O)C2=CC=C(C3=C(C(=O)C(C(=O)C(O)C(C(=O)C(O)C(C(=O)C(O)C(C(=O)C(O)C3)C(=O)C(O)C2)C(=O)N4),C1=O[S](=O)N[C@H](O)C2=CC=C(C3C=C(C4CO[C@H](O)C(O)(CN=C4)C(O)(O)C(O)(O)C(O)(O)C(O)C(O)C3)C2)C1,O=S1(=O)N[C@H](O)c2ccc(N3C=C4CO[C@H](O)C(O)(CN=N4)C(O)(O)C(O)(O)C(O)(O)C(O)C(O)C3)cc21,C1=O[S+]1(=O)N[C@H](O)c2ccc(N3C=C4CO[C@H](O)C(O)(CN=N4)C(O)(O)C(O)(O)C(O)(O)C(O)C(O)C3)cc21
CC(=O)[SH]1(=O)N[C@H](O)c2ccc(N3C=C4CO[C@H](O)C(O)(CN=N4)C(O)(O)C(O)(O)C(O)C(O)C(O)C(O)C3)cc21,CC(=O)[SH]1(=O)N[C@H](O)c2ccc(N3C=C4CO[C@H](O)C(O)(CN=N4)C(O)(O)C(O)(O)C(O)C(O)C(O)C3)cc21,CC(=O)[SH]1(=O)N[C@H](O)c2ccc(N3C=C4CO[C@H](O)C(O)(CN=N4)C(O)(O)C(O)(O)C(O)C(O)C(O)C(O)C3)cc21,CC(=O)[SH]1(=O)N[C@H](O)c2ccc(N3C=C4CO[C@H](O)C(O)(CN=N4)C(O)(O)C(O)(O)C(O)C(O)C(O)C(O)C3)cc21,CC(=O)[SH]1(=O)N[C@H](O)c2ccc(N3C=C4CO[C@H](O)C(O)(CN=N4)C(O)(O)C(O)(O)C(O)C(O)C(O)C(O)C3)cc21
C1=O[S]1(=O)N[C@H](O)c2ccc(N3C=C4CO[C@H](O)C(O)(CN=N4)C(O)(O)C(O)(O)C(O)(O)C(O)C(O)C3)cc21,C1=O[S+]1(=O)N[C@H](O)c2ccc(N3C=C4CO[C@H](O)C(O)(CN=N4)C(O)(O)C(O)(O)C(O)C(O)C3)cc21,C1=O[S]1(=O)N[C@H](O)C2=CC=C(C(=O)C3=C(C(C(=O)C(O)C(O)C(O)C(O)C(O)C(O)C(O)C(O)C(O)C(O)C(O)C3)N=C2)C(=O)O),C1=O[S](=O)N[C@H](O)C2=CC=C(C(=O)N3C=C4C(=O)C(=O)C(=O)C(=O)C(=O)C(=O)C(=O)C(=O)C(=O)C(=O)C(=O)C(=O)C(=,C1=O[S](=O)N[C@H](O)C2=CC=C(C(=O)N3C=C4C[C@H](O)C(O)C(O)C(O)C(O)C(O)C(O)C(O)C(O)C(O)C4)C3)C2=C1
C1=O[S](=O)N[C@H](O)C2=CC=C(C3=C(C(C(C(C(C(C(C(C(C(C(C(C(C(C(C(C(C(C(C(C(C(C(C(C(C(C(C(C(C(C(C(C(C(C(C(C(C(C(C(C(C(C(C(C(C(C(C(C(C(C(C(C(C(C(C(C,O=S1(=O)N[C@H](O)c2ccc(N3C=C4CO[C@H](O)C(O)(CN=N4)C(O)(O)C(O)(O)C(O)(O)C(O)C(O)C3)cc21,C1=O[S]1(=O)N[C@H](O)c2ccc(N3C=C4CO[C@H](O)C(O)(CN=N4)C(O)(O)C(O)(O)C(O)(O)C(O)C3)cc21,C1=O[S]1(=O)N[C@H](O)C2=CC=CC2(N3C=C4CO[C@H](O)C(O)(CN=N4)C(O)(O)C(O)(O)C(O)(O)C(O)C(O)C3)C1,O=S1(=O)N[C@H](O)c2ccc(N3C=C4CO[C@H](O)C(O)(CN=N4)C(O)(O)C(O)(O)C(O)(O)C(O)C(O)C3)cc21
C1=O[S]1(=O)N[C@H](O)C2=CC=C(N3C=C4CO[C@H](O)C(O)(CN=C4)C(O)(O)C(O)(O)C(O)(O)C(O)C(O)C3)C2,O=S1(=O)N[C@H](O)c2ccc(N3C=C4CO[C@H](O)C(O)(CN=N4)C(O)(O)C(O)(O)C(O)C(O)C3)cc21,C1=O[S]1(=O)N[C@H](O)c2ccc(N3C=C4CO[C@H](O)C(O)(CN=N4)C(O)(O)C(O)(O)C(O)C(O)C3)cc21,O=S1(=O)N[C@H](O)c2ccc(N3C=C4CO[C@H](O)C(O)(CN=N4)C(O)(O)C(O)(O)C(O)(O)C(O)C(O)C3)cc21,C1=O[S]1(=O)N[C@H](O)C2=CC=C(C(=O)N3C=C4CO[C@H](O)C(O)(CN=N4)C(O)(O)C(O)(O)C(O)(O)C(O)C(O)C3)C2
CC(=O)[SH]1(=O)N[C@H](O)c2ccc(N3C=C4CO[C@H](O)C(O)(CN=N4)C(O)(O)C(O)(O)C(O)C(O)C(O)C3)cc21,CC(=O)[SH]1(=O)N[C@H](O)c2ccc(N3C=C4CO[C@H](O)C(O)(CN=N4)C(O)(O)C(O)(O)C(O)C(O)C(O)C(O)C3)cc21,O=S1(=O)N[C@H](O)c2ccc(N3C=C4CO[C@H](O)C(O)(CN=N4)C(O)(O)C(O)(O)C(O)(O)C(O)C(O)C3)cc21,C1=O[S](=O)N[C@H](O)C2=CC=C(C3C=CC(=O)N4C=C(C(O)C(O)C(O)C(O)C(O)C(O)C(O)C(O)C3)C4)C2=C1,C1=O[S](=O)N[C@H](O)C2=CC3=C(C(=O)N4C=CC5=C(C(=O)O[C@H](O)C(O)C(O)C(O)C(O)C(O)C5)C(=O)N4)C(=O)O)C(=O)N
C1=O[S]1(=O)N[C@H](O)C2=CC=C(C(=O)N3C=C4CO[C@H](O)C(O)(CN=N4)C(O)(C)C(O)(C)C(O)C(O)C3)C2,C1=O[S](=O)N[C@H](O)c2ccc(N3C=C4CO[C@H](O)C(O)(CN=N4)C(O)(O)C(O)(O)C(O)(O)C(O)C(O)C3)cc21,C1=O[S+]1(=O)N[C@H]1c2ccc(N3C=C4CO[C@H](O)C(O)(CN=N4)C(O)(O)C(O)(O)C(O)(O)C(O)C(O)C3)cc21,O=S1(=O)N[C@H](O)c2ccc(N3C=C4CO[C@H](O)C(O)(CN=N4)C(O)(O)C(O)(O)C(O)(O)C(O)C(O)C3)cc21,C1=O[S+]1(=O)N[C@H](O)C2=CC=C(C3=C(C(C(C(C(C(C(C(C(C(C(C(C(C(C(C(C(C(C(C(C(C(C(C(C(C(C(C(C(C(C(C(C(C(C(C(C(C(C(C(C(C(C(C(C(C(C(C(C(C(C(C(C(C(C(C
O=S1(=O)N[C@@H](O)c2ccc(n3cc(CO[C@@H]4O[C@@H](CO)[C@H](O)[C@H](O)[C@H]4O)nn3)cc21,C1=O[S+]1(=O)N[C@H](O)c2ccc(-n3cc(CO[C@H](O)c4c(O[C@H](O)c5c(O[C@H](O)c6c(O[C@H](O)c7c(O[C@H](O)c8c(O)C(O)(C(O)C(O),C1=O[S](=O)N[C@H](O)C2=CC=C(C3=C(C(O)C4(C(C(O)C(O)C(O)C(O)C4=O)C)C)C=C3)C(N)C=CC=C2)C=O1,C1=O[S]1(=O)N[C@H](O)C2=CC=C(C3=C(C(=O)N4C(C(=O)O)C(C(=O)O)C(C(=O)O)C4)N=CC=C3)C2)C,C1=O[S+]1(=O)N[C@H](O)C2=CC=CC3=C2[C@@H]4O[C@H](C(=O)O)C[C@@H](O)C[C@H](O)C[C@H](O)C4=O[C@H]3N
C1=O[S+]1(=O)N[C@H](O)C2=CC=C(C3C(=O)C4=C(C(=O)N(C(C(=O)C(C(=O)C(C(=O)C(C(=O)C(C(=O)C2)C)C)C)C)C)C)C)C),C1=OCC1SC2=C(=O)N[C@H](O)C2c3ccc(N4C=C5COC6(C)C(O)(CN=N5)C(O)(O)C(O)(O)C(O)C(O)C4)cc3C6)cc21,C1=CO[S]1(=O)N[C@H](O)c2ccc(N3C=C4CO[C@H](O)C(O)(CN=N4)C(O)(O)C(O)(O)C(O)C(O)C3)cc21,O=S1(=O)N[C@H](O)c2ccc(N3C=C4CO[C@H](O)C(O)(CN=N4)C(O)(O)C(O)(O)C(O)C(O)C3)cc21,O=S1(=O)N[C@H](O)c2ccc(N3C=C4CO[C@H](O)C(O)(CN=N4)C(O)(O)C(O)(O)C(O)C(O)C3)cc21
C1=O[S]1(=O)N[C@H](O)c2ccc(N3C=C4CO[C@H](O)C(O)(CN=N4)C(O)(O)C(O)(O)C(O)(O)C(O)C(O)C3)cc21,C1=O[S](=O)N[C@H](O)C2=CC=C(C3C=CC(=O)N4C=C(C(=O)O[C@H](O)C(=O)O[C@H](O)C(=O)O[C@H](O)C(=O)O[C@H](O)C(=O,O=S1(=O)N[C@H](O)c2ccc(N3C=C4CO[C@H](O)C(O)(CN=N4)C(O)(O)C(O)(O)C(O)(O)C(O)C(O)C3)cc21,C1=O[S+]1(=O)N[C@H](O)c2ccc(N3C=C4CO[C@H](O)C(O)(CN=N4)C(O)(O)C(O)(O)C(O)(O)C(O)C(O)C3)cc21,O=S1(=O)N[C@H](O)c2ccc(N3C=C4CO[C@H](O)C(O)(CN=N4)C(O)(O)C(O)(O)C(O)(O)C(O)C(O)C3)cc21
CC(=O)[SH]1(=O)N[C@H](O)c2ccc(N3C=C4CO[C@H](O)C(O)(CN=N4)C(O)(O)C(O)(O)C(O)C(O)C(O)C(O)C3)cc21,CC(=O)[SH]1(=O)N[C@H](O)c2ccc(N3C=C4CO[C@H](O)C(O)(CN=N4)C(O)(O)C(O)(O)C(O)C(O)C(O)C(O)C3)cc21,CC(=O)[SH]1(=O)N[C@H](O)c2ccc(N3C=C4CO[C@H](O)C(O)(CN=N4)C(O)(O)C(O)(O)C(O)C(O)C(O)C3)cc21,C(C(=O)[SH]1(=O)N[C@H](O)c2ccc(N3C=C4CO[C@H](O)C(O)(CN=N4)C(O)(O)C(O)(O)C(O)C(O)C(O)C(O)C3)cc21)C,CC(=O)[SH]1(=O)N[C@H](O)c2ccc(N3C=C4CO[C@H](O)C(O)(CN=N4)C(O)(O)C(O)(O)C(O)C(O)C(O)C(O)C3)cc21
C1=O[S]1(=O)N[C@H](O)C2=CC=C(C3=C(C(=O)C(C(=O)C4=C(C(=O)C(C(=O)C(O)C(O)C(O)C(O)C(O)C(O)C3)N=C4)C(=O)N)C2),O=S1(=O)N[C@H](O)c2ccc(N3C=C4CO[C@H](O)C(O)(CN=N4)C(O)(O)C(O)(O)C(O)(O)C(O)C3)cc21,C1=O[S]1(=O)N[C@H](O)C2=CC=C(C3=C(C(=O)N4C=C5C[C@H](O)C(O)C(O)C(O)C(O)C(O)C(O)C5)C(=O)C(O)C(O)C(O)C(O)C(O,C1=O[S]1(=O)N[C@H](O)c2ccc(N3C=C4CO[C@H](O)C(O)(CN=N4)C(O)(O)C(O)(O)C(O)(O)C(O)C3)cc21,C1=O[S]1(=O)N[C@H](O)C2=CC=C(N3C=C4C(C(=O)O[C@H](O)C(O)(CN=C4)C(O)(O)C(O)(O)C(O)C3)C2)CC1
C1=O[S]1(=O)N[C@H](O)C2=CC=C(C3=C(C(=O)C4=C(C(=O)C(O)C(O)C(O)C(O)C(O)C(O)C(O)C(O)C(O)C(O)C4)N(C)C3)C)C2),C1=O[S](=O)N[C@H](O)C2=CC=C(C3=C(C(C(C(C(C(C(C(C(C(C(C(C(C(C(C(C(C(C(C(C(C(C(C(C(C(C(C(C(C(C(C(C(C(C(C(C(C(C(C(C(C(C(C(C(C(C(C(C(C(C(C(C(C(C(C(C,O=S1(=O)N[C@H](O)c2ccc(N3C=C4CO[C@H](O)C(O)(CN=N4)C(O)(O)C(O)(O)C(O)C(O)C3)cc21,O=S1(=O)N[C@H](O)c2ccc(N3C=C4CO[C@H](O)C(O)(CN=N4)C(O)(O)C(O)(O)C(O)(O)C(O)C(O)C3)cc21,C1=O[S]1(=O)N[C@H](O)C2=CC=C(N3C=C4CO[C@H](O)C(O)(CN=N4)C(O)(O)C(O)(O)C(O)(O)C(O)C(O)C3)C2
C1=O[S+]1(=O)N[C@H](O)C2=CC=C(C3=C(C=C(C4=CC(=O)N(C(C(C(C(C(C(C(C(C(C(C(C(C(C(C(C(C(C(C(C(C(C(C(C(C(C(C(C(C(C(C(C(C(C(C(C(C(C(C(C(C(C(C(C(C,C1=O[S+]1(=O)N[C@H](O)C2=CC=C(C(=O)N3C=C4C[C@H](O)C(O)C(O)C(O)C(O)C(O)C(O)C(O)C(O)C3)C4)C2,C1=O[S]1(=O)N[C@H](O)C2=CC=C(C3=C(C=C(C4=C(O)C(C(O)C(O)C(O)C(O)C(O)C(O)C4)C(O)C3)C(N=C(C)N)C(=O)O)C2)C(O)C,C1=O[S+]1(=O)N[C@H](O)C2=CC=C(C3C=CC4=C(C(C(C(C(C(C(C(C(C(C(C(C(C(C(C(C(C(C(C(C(C(C(C(C(C(C(C(C(C(C(C(C(C(C(C(C(C(C(C(C(C(C(C(C(C(C(C(C(C(C(C,O=S1(=O)N[C@H](O)c2ccc(N3C=C4CO[C@H](O)C(O)(CN=N4)C(O)(O)C(O)(O)C(O)(O)C(O)C(O)C3)cc21
CC(=O)[S]1(=O)N[C@H](O)c2ccc(N3C=C4CO[C@H](O)C(O)(CN=N4)C(O)(O)C(O)(O)C(O)C(O)C3)cc21,CC(=O)[SH]1(=O)N[C@H](O)c2ccc(N3C=C4CO[C@H](O)C(O)(CN=N4)C(O)(O)C(O)(O)C(O)C(O)C(O)C3)cc21,CC(=O)[SH]1(=O)N[C@H](O)c2ccc(N3C=C4CO[C@H](O)C(O)(CN=N4)C(O)(O)C(O)(O)C(O)C(O)C(O)C3)cc21,CC(=O)[SH]1(=O)N[C@H](O)c2ccc(N3C=C4CO[C@H](O)C(O)(CN=N4)C(O)(O)C(O)(O)C(O)C(O)C(O)C3)cc21,CC(=O)[SH]1(=O)N[C@H](O)c2ccc(N3C=C4CO[C@H](O)C(O)(CN=N4)C(O)(O)C(O)(O)C(O)C(O)C(O)C3)cc21
C1=O[S](=O)N[C@H](O)c2ccc(N3C=C4CO[C@H](O)C(O)(CN=N4)C(O)(O)C(O)(O)C(O)(O)C(O)C(O)C3)cc21,O=S1(=O)N[C@H](O)c2ccc(N3C=C4CO[C@H](O)C(O)(CN=N4)C(O)(O)C(O)(O)C(O)(O)C(O)C(O)C3)cc21,C1=O[S+]1(=O)N[C@H](O)c2ccc(N3C=C4CO[C@H](O)C(O)(CN=N4)C(O)(O)C(O)(O)C(O)(O)C(O)C(O)C3)cc21,O=S1(=O)N[C@H](O)c2ccc(N3C=C4CO[C@H](O)C(O)(CN=N4)C(O)(O)C(O)(O)C(O)(O)C(O)C(O)C3)cc21,C1=O[S]1(=O)N[C@H](O)C2=CC=C(C3=C(C4=C(C(C(C(C(C(C(C(C(C(C(C(C(C(C(C(C(C(C(C(C(C(C(C(C(C(C(C(C(C(C(C(C(C(C(C(C(C(C(C(C(C(C(C(C(C(C(C(C(C(C(C(C
O=S1(=O)N[C@H](O)c2ccc(N3C=C4CO[C@H](O)C(O)(CN=N4)C(O)(O)C(O)(O)C(O)(O)C(O)C3)cc21,O=S1(=O)N[C@H](O)c2ccc(N3C=C4CO[C@H](O)C(O)(CN=N4)C(O)(O)C(O)(O)C(O)(O)C(O)C(O)C3)cc21,C1=O[S](=O)N[C@H](O)C2=CC=C(N3C=C4C[C@H](O)C(O)C(O)C(O)C(O)C(O)C(O)C(O)C(O)C(O)C3)C4=CC=CC2=C1,C1=O[S](=O)N[C@H](O)C2=CC=C(C3C=CC(=O)N4C=C(C(C(=O)C(C(=O)C(C(=O)C(C(=O)C(C(=O)C(C(=O)C(C(=O)C2)C)C)C)C)C,C1=O[S](=O)N[C@H](O)C2=CC=C(C3C=CC(=O)N4C=C(C(C(=O)C(O)C(O)C(O)C(O)C(O)C(O)C(O)C3)C(=O)C2=O)C4)C(O)N3)
C1=O[S]1(=O)N[C@H](O)C2=CC=C(C3=C(C(=O)N4C=C5C(=O)C6(C(=O)C(=O)C(=O)C(=O)C(=O)C(=O)C(=O)C(=O)C(=O)C(=O),O=S1(=O)N[C@H](O)c2ccc(N3C=C4CO[C@H](O)C(O)(CN=N4)C(O)(O)C(O)(O)C(O)C3)cc21,C1=O[S]1(=O)N[C@H](O)c2ccc(N3C=C4CO[C@H](O)C(O)(CN=N4)C(O)(O)C(O)(O)C(O)C(O)C3)cc21,C1=O[S](=O)N[C@H](O)C2=CC=C(C3C=C4C(O)C(C(O)C(O)C(O)C(O)C(O)C(O)C3)C(C(O)C(O)C(O)C(O)C4)C)N=C(C)C2)C1,O=S1(=O)N[C@H](O)c2ccc(N3C=C4CO[C@H](O)C(O)(CN=N4)C(O)(O)C(O)(O)C(O)(O)C(O)C(O)C3)cc21
O=S1(=O)N[C@H](O)c2ccc(N3C=C4CO[C@H](O)C(O)(CN=N4)C(O)(O)C(O)(O)C(O)C(O)C3)cc21,C1=O[S](=O)N[C@H](O)c2ccc(N3C=C4CO[C@H](O)C(O)(CN=N4)C(O)(O)C(O)(O)C(O)(O)C(O)C(O)C3)cc21,C1=O[S]1(=O)N[C@H](O)C2=CC=C(C3=C(C(=O)C(C(=O)C(C(=O)C(C(=O)C(C(=O)C(C(=O)C2)C)O)C)O)C)C(=O)N3C(=C4C(=O,C1=O[S]1(=O)N[C@H](O)C2=CC=C(N3C=C4CO[C@H](O)C(O)(CN=C4)C(O)(O)C(O)(O)C(O)(O)C(O)C(O)C3)C2,C1=O[S](=O)N[C@H](O)C2=CC=C(C3C=CC4=C(N(C4C=CC5=C(C(C(C(C(C(C(C(C(C(C(C(C(C(C(C(C(C(C(C(C(C(C(C(C(C(C(C(C(C(C(C(C(C(C(C(C(C(C(C(C(C(C(C(C
C1=O[S]1(=O)N[C@@H](O)C2=CC=C(C=C2)N3C=CC=CC3N4C=CC5=C(C=C4)O[C@H](CO)[C@@H](CO)[C@H](O)[C@H](O)[C@H]5O,C1=O[S](=O)N[C@H](O)C2=CC=C(C3=CC(=C(C(=O)C4=C(C(=O)C(=O)C(=O)C(=O)C(=O)C(=O)C(=O)C(=O)C(=O)C(=O)C(=O)C(=,C1=O[S+]1(=O)N[C@@H](O)c2ccc(-n3cc(CO[C@@H]4O[C@@H](CO)[C@@H](O)[C@H](O)[C@H]4O)nn3)cc2,C1=O[S](=O)N[C@H](O)C2=CC=C(C3=CN=CC(C(=O)C4OC(C(O)C(C(O)C(C(O)C4O)O)O)C3)C2)C1,C1=O[S+]1(=O)N[C@@H](O)c2ccc(-n3cc(CO[C@@H]4O[C@@H](CO)[C@@H](O)[C@H](O)[C@H]4O)nn3)cc21
C1=O[S]1(=O)N[C@H](O)c2ccc(N3C=C4CO[C@H](O)C(O)(CN=N4)C(O)(O)C(O)(O)C(O)(O)C(O)C(O)C3)cc21,O=S1(=O)N[C@H](O)c2ccc(N3C=C4CO[C@H](O)C(O)(CN=N4)C(O)(O)C(O)(O)C(O)(O)C(O)C(O)C3)cc21,O=S1(=O)N[C@H](O)c2ccc(N3C=C4CO[C@H](O)C(O)(CN=N4)C(O)(O)C(O)(O)C(O)(O)C(O)C(O)C3)cc21,O=S1(=O)N[C@H](O)c2ccc(N3C=C4CO[C@H](O)C(O)(CN=N4)C(O)(O)C(O)(O)C(O)(O)C(O)C(O)C3)cc21,O=S1(=O)N[C@H](O)c2ccc(N3C=C4CO[C@H](O)C(O)(CN=N4)C(O)(O)C(O)(O)C(O)(O)C(O)C(O)C3)cc21
C1=O[S](=O)N[C@H](O)C2=CC=C(C3C=C4CO[C@H](O)C(O)(CN=N4)C(O)(O)C(O)(O)C(O)C(O)C3)CC2=C1,C1=O[S](=O)N[C@H](O)C2=CC=C(C3C=C(C(=O)C4=C(C(=O)C(=O)C5=C(C(=O)C(=O)C(=O)C(=O)C(=O)C(=O)C(=O)C(=O)C(=O)C,C1=O[S]1(=O)N[C@H](O)c2ccc(N3C=C4CO[C@H](O)C(O)(CN=N4)C(O)(O)C(O)(O)C(O)(O)C(O)C(O)C3)cc21,O=S1(=O)N[C@H](O)c2ccc(N3C=C4CO[C@H](O)C(O)(CN=N4)C(O)(O)C(O)(O)C(O)C(O)C3)cc21,O=S1(=O)N[C@H](O)c2ccc(N3C=C4CO[C@H](O)C(O)(CN=N4)C(O)(O)C(O)(O)C(O)(O)C(O)C3)cc21
C1=O[S]1(=O)N[C@H](O)C2=CC=C(N3C=C4C=C(CO[C@H](O)C(O)C(O)C(O)C(O)C(O)C(O)C3)C4)C2,O=S1(=O)N[C@H](O)c2ccc(N3C=C4CO[C@H](O)C(O)(CN=N4)C(O)(O)C(O)(O)C(O)(O)C(O)C(O)C3)cc21,O=S1(=O)N[C@H](O)c2ccc(N3C=C4CO[C@H](O)C(O)(CN=N4)C(O)(O)C(O)(O)C(O)(O)C(O)C(O)C3)cc21,C1=O[S]1(=O)N[C@H](O)c2ccc(N3C=C4CO[C@H](O)C(O)(CN=N4)C(O)(O)C(O)(O)C(O)(O)C(O)C(O)C3)cc21,O=S1(=O)N[C@H](O)c2ccc(N3C=C4CO[C@H](O)C(O)(CN=N4)C(O)(O)C(O)(O)C(O)(O)C(O)C(O)C3)cc21
CC(=O)[SH]1(=O)N[C@H](O)c2ccc(N3C=C4CO[C@H](O)C(O)(CN=N4)C(O)(O)C(O)(O)C(O)C(O)C(O)C(O)C3)cc21,CC(=O)[SH]1(=O)N[C@H](O)c2ccc(N3C=C4CO[C@H](O)C(O)(CN=N4)C(O)(O)C(O)(O)C(O)C(O)C(O)C(O)C3)cc21,CC(=O)[SH]1(=O)N[C@H](O)c2ccc(N3C=C4CO[C@H](O)C(O)(CN=N4)C(O)(O)C(O)(O)C(O)C(O)C(O)C3)cc21,CC(=O)[SH]1(=O)N[C@H](O)c2ccc(N3C=C4CO[C@H](O)C(O)(CN=N4)C(O)(O)C(O)(O)C(O)C(O)C(O)C(O)C3)cc21,CC(=O)[SH]1(=O)N[C@H](O)c2ccc(N3C=C4CO[C@H](O)C(O)(CN=N4)C(O)(O)C(O)(O)C(O)C(O)C(O)C(O)C3)cc21
C1=O[S]1(=O)N[C@H](O)c2ccc(N3C=C4CO[C@H](O)C(O)(CN=N4)C(O)(O)C(O)(O)C(O)(O)C(O)C(O)C3)cc21,C1=O[S](=O)N[C@H](O)c2ccc(N3C=C4CO[C@H](O)C(O)(CN=N4)C(O)(O)C(O)(O)C(O)(O)C(O)C(O)C3)cc21,C1=O[S](=O)N[C@H](O)C2=CC=C(C3C(=C4C(C(C(=O)C(C(=O)C(C(=O)C(C(=O)C(C(=O)C(C(=O)C2)O)O)O)O)O)O)N=C4)C3),O=S1(=O)N[C@H](O)c2ccc(N3C=C4CO[C@H](O)C(O)(CN=N4)C(O)(O)C(O)(O)C(O)C(O)C3)cc21,O=S1(=O)N[C@H](O)c2ccc(N3C=C4CO[C@H](O)C(O)(CN=N4)C(O)(O)C(O)(O)C(O)(O)C(O)C(O)C3)cc21
C1=O[S](=O)N[C@H](O)C2=CC=C(C(=O)N3C=C4C[C@H](O)C(O)C(O)C(O)C(O)C(O)C(O)C(O)C(O)C(O)C(O)C(O)C(O)C3)C4)C,C1=O[S]1(=O)N[C@H](O)c2ccc(N3C=C4CO[C@H](O)C(O)(CN=N4)C(O)(O)C(O)(O)C(O)(O)C(O)C3)cc21,C1=O[S]1(=O)N[C@H](O)C2=CC=C(C3=C(C(C(=O)C4=C(C(C(=O)C(C(=O)C(C(=O)C(C(=O)C(C(=O)C(C(=O)C(C(=O)C(C(=O)C(C(=O)C(C,C1=O[S]1(=O)N[C@H](O)c2ccc(N3C=C4CO[C@H](O)C(O)(CN=N4)C(O)(O)C(O)(O)C(O)(O)C(O)C3)cc21,O=S1(=O)N[C@H](O)c2ccc(N3C=C4CO[C@H](O)C(O)(CN=N4)C(O)(O)C(O)(O)C(O)(O)C(O)C3)cc21
CC(=O)[SH]1(=O)N[C@H](O)c2ccc(N3C=C4CO[C@H](O)C(O)(CN=N4)C(O)(O)C(O)(O)C(O)C(O)C(O)C(O)C3)cc21,CC(=O)[SH]1(=O)N[C@H](O)c2ccc(N3C=C4CO[C@H](O)C(O)(CN=N4)C(O)(O)C(O)(O)C(O)C(O)C(O)C(O)C3)cc21,CC(=O)[SH]1(=O)N[C@H](O)c2ccc(N3C=C4CO[C@H](O)C(O)(CN=N4)C(O)(O)C(O)(O)C(O)C(O)C(O)C(O)C3)cc21,CC(=O)[SH]1(=O)N[C@H](O)c2ccc(N3C=C4CO[C@H](O)C(O)(CN=N4)C(O)(O)C(O)(O)C(O)C(O)C(O)C(O)C3)cc21,CC(=O)[SH]1(=O)N[C@H](O)c2ccc(N3C=C4CO[C@H](O)C(O)(CN=N4)C(O)(O)C(O)(O)C(O)C(O)C(O)C(O)C3)cc21
C1=O[S]1(=O)N[C@H](O)C2=CC=C(C(=O)N3C=C4C(=O)C(=O)C(=O)C(=O)C(=O)C(=O)C(=O)C(=O)C(=O)C(=O)C(=O)C(=O)C,C1=O[S](=O)N[C@H](O)C2=CC=C(C3C=CC(=O)N4C=CC(C(O)(C(O)(C(O)(C(O)(C(O)(C(O)C(O)C(O)C3)C)C)C)C)C)C)C2)C4,O=S1(=O)N[C@H](O)c2ccc(N3C=C4CO[C@H](O)C(O)(CN=N4)C(O)(O)C(O)(O)C(O)(O)C(O)C(O)C3)cc21,C1=O[S]1(=O)N[C@H](O)C2=CC=C(C(N3C=C4CO[C@H](O)C(O)(CN=N4)C(O)(O)C(O)(O)C(O)C(O)C3)C)C2,C1=O[S]1(=O)N[C@H]1c2ccc(N3C=C4CO[C@H]1C(O)C(O)C(O)C(O)C(O)C(O)C(O)C(O)C3)cc21
C1=O[S](=O)N[C@H](O)C2=CC=C(C3=C(C(N4C=C(C5CO[C@H](O)C(O)C(O)C(O)C(O)C(O)C5)C(O)C(N)C4)C=C)C=C3)C2=C1,C1=O[S](=O)N[C@H](O)C2=CC=C(C(=O)N3C=C4C[C@H](O)C(O)C(O)C(O)C(O)C(O)C(O)C(O)C(O)C(O)C3)C4=CC=CC2=C1,C1=O[S](=O)N[C@H](O)C2=CC3=C(C(=O)N4C=CC5=C(C(=O)O[C@H](O)C(O)(C(=O)N5)C(O)(C(=O)O)C(O)(C(=O)O)C(O)C)C3),O=S1(=O)N[C@H](O)c2ccc(N3C=C4CO[C@H](O)C(O)(CN=N4)C(O)(O)C(O)(O)C(O)C3)cc21,CC(=O)[S]1(=O)N[C@H](O)c2ccc(N3C=C4CO[C@H](O)C(O)(CN=N4)C(O)(O)C(O)(O)C(O)(O)C(O)C(O)C3)cc21
C1=O[S](=O)N[C@H](O)C2=CC=C(C3=C(C(=O)N4C=C5CO[C@H](O)C(O)(CN=C5)C(O)(O)C(O)(O)C(O)(O)C(O)C(O)C3)C2=CC=CC=C1),C1=O[S](=O)N[C@H](O)C2=CC=C(C3=C(N4C=C(C(O)C(O)C(O)C(O)C(O)C(O)C(O)C(O)C(O)C4)N3)C=CC=C2)C1,O=S1(=O)N[C@H](O)c2ccc(N3C=C4CO[C@H](O)C(O)(CN=N4)C(O)(O)C(O)(O)C(O)C(O)C3)cc21,C1=O[S](=O)N[C@H](O)C2=CC=C(C(=O)N3C=C4CO[C@H](O)C(O)C(O)C(O)C(O)C(O)C(O)C(O)C3)C2=C1)C4=NC(=O)C(O)C(O)C,O=S1(=O)N[C@H](O)c2ccc(N3C=C4CO[C@H](O)C(O)(CN=N4)C(O)(O)C(O)(O)C(O)(O)C(O)C(O)C3)cc21
O=S1(=O)N[C@H](O)c2ccc(N3C=C4CO[C@H](O)C(O)(CN=N4)C(O)(O)C(O)(O)C(O)C(O)C3)cc21,O=S1(=O)N[C@H](O)c2ccc(N3C=C4CO[C@H](O)C(O)(CN=N4)C(O)(O)C(O)(O)C(O)(O)C(O)C(O)C3)cc21,O=S1(=O)N[C@H](O)c2ccc(N3C=C4CO[C@H](O)C(O)(CN=N4)C(O)(O)C(O)(O)C(O)(O)C(O)C(O)C3)cc21,C1=O[S](=O)N[C@H](O)C2=CC=C3N4C=CC(=O)C4[C@H](O)C(O)C(O)C(O)C(O)C(O)C(O)C3=C2C1,CC(=O)[SH]1(=O)N[C@H](O)c2ccc(N3C=C4CO[C@H](O)C(O)(CN=N4)C(O)(O)C(O)(O)C(O)C(O)C3)cc21
O=S1(=O)N[C@H](O)c2ccc(N3C=C4CO[C@H](O)C(O)(CN=N4)C(O)(O)C(O)(O)C(O)(O)C(O)C(O)C3)cc21,C1=O[S+]1(=O)N[C@H](O)c2ccc(N3C=C4CO[C@H](O)C(O)(CN=N4)C(O)(O)C(O)(O)C(O)(O)C(O)C(O)C3)cc21,C1=O[S+]1(=O)N[C@H](O)c2ccc(N3C=C4CO[C@H](O)C(O)(CN=N4)C(O)(O)C(O)(O)C(O)(O)C(O)C(O)C3)cc21,C1=O[S](=O)N[C@H](O)C2=CC=C(C3=C(C=CC4=C(C(O)C(O)C(O)C(O)C(O)C(O)C(O)C(O)C(O)C(O)C(O)C3)C(O)C(N(C4)C)C)C2),C1=O[S](=O)N[C@H](O)C2=CC=C(C3=C(C4=C(C(=O)C5=C(C(=O)C6=C(C(=O)C7=C(C(=O)C8=C(C(=O)C9=C(C(=O)C10=C(C(=O)C11=C(C(=O)
C1=O[S](=O)(N[C@H](O)C2=CC=C(C3=C(C(=O)C(=O)N4C(=C(C(=O)C(=O)C(=O)C(=O)C(=O)C(=O)C(=O)C(=O)C(=O)C(=O)C(=O,O=S1(=O)N[C@H](O)c2ccc(N3C=C4CO[C@H](O)C(O)(CN=N4)C(O)(O)C(O)(O)C(O)(O)C(O)C(O)C3)cc21,C1=O[S]1(=O)N[C@H](O)c2ccc(N3C=C4CO[C@H](O)C(O)(CN=N4)C(O)(O)C(O)(O)C(O)(O)C(O)C(O)C3)cc21,O=S1(=O)N[C@H](O)c2ccc(N3C=C4CO[C@H](O)C(O)(CN=N4)C(O)(O)C(O)(O)C(O)(O)C(O)C(O)C3)cc21,C1=O[S](=O)N[C@H](O)C2=CC=C(C(=O)N3C=C4C[C@H](O)C(O)(CN=N4)C(O)(C)C(O)(C)C(O)(C)C(O)(C)C(O)C3)C2=C1
C1=O[S+]1=O[NH]C2=CC3=C(C(=O)C4=CC(=O)N5C(=C(C6=CC(=O)N(C(C(=O)C(=O)C(=O)C(=O)C(=O)C(=O)C(=O)C(=O)C7=CC(=,O=S1(=O)N[C@H](O)c2ccc(N3C=C4CO[C@H](O)C(O)(CN=N4)C(O)(O)C(O)(O)C(O)(O)C(O)C(O)C3)cc21,C1=O[S]1(=O)N[C@H](O)C2=CC=C(C3C=CC4=C(N(C4)C(C(=O)O)C(=O)O)C(=O)O)N3C(=O)C(=O)C(=O)C(=O)C(=O)C(=O)C(=,C1=O[S]1(=O)N[C@H](O)C2=CC=C(C3=C(C(=O)N(C4=C(C(=O)O)C(C(C(C(C(C(C(C(C(C(C(C(C(C(C(C(C(C(C(C(C(C(C(C(C(C(C(C(C(C(C(C(C(C(C(C(C(C(C(C(C,O=S1(=O)N[C@H](O)c2ccc(N3C=C4CO[C@H](O)C(O)(CN=N4)C(O)(O)C(O)(O)C(O)(O)C(O)C(O)C3)cc21
CC(=O)[SH]1(=O)N[C@H](O)c2ccc(N3C=C4CO[C@H](O)C(O)(CN=N4)C(O)(O)C(O)(O)C(O)C(O)C(O)C3)cc21,CC(=O)[SH]1(=O)N[C@H](O)c2ccc(N3C=C4CO[C@H](O)C(O)(CN=N4)C(O)(O)C(O)(O)C(O)C(O)C(O)C3)cc21,C1=O[S](=O)N[C@H](O)C2=CC=C(C3C=CC(=O)N4C=CC(=O)C(C(C(C(C(C(C(C4O)O)O)O)O)O)O)C3)C2)C1,C1=O[S](=O)N[C@H](O)C2=CC=C(C(=O)N3C=C4CO[C@H](O)C(O)(CN=N4)C(O)(O)C(O)(O)C(O)C(O)C(O)C3)C2=C1,O=S1(=O)N[C@H](O)c2ccc(N3C=C4CO[C@H](O)C(O)(CN=N4)C(O)(O)C(O)(O)C(O)C(O)C3)cc21
C1=CC=C(C=C1)C1=CC=CC=C1C(=O)(Nc1cc(cc2c(cc3c(cc(C)C)N(C)C)cc3c2)c1)c1ccc(cc1)ClC1=CC=C(C=C1)C(=O)(Nc1cc(cc2c(cc3c(cc(C),O=S(=O)(Nc1cc(c2ccc3c(N4CCOCC4)c3c2)cnc1Cl)c1ccc(F)cc1,C1=CC=CC=C1C(=O)(Nc2ccccc2-c3ccc(cc3)Nc4ccc(cc4)N4CCOCC4)c1ccc(F)cc1Nc2ccccc2Nc3ccc(cc3)Cl,C1=CC=CC=C1C(=O)(Nc1cc(-c2ccc3nccc(N4CCOCC4)c3c2)cnc1Cl)c1ccc(F)cc1S(=O)O,C1=CC=C(C=C1)C(=O)(Nc1cc(-c2ccc3nccc(N4CCOCC4)c3c2)cnc1)Cl)C1=CC=C(C=C1)C(F)C1=CC=C(C=C1)
C1=O[S](=O)N[C@H](O)c2ccc(N3C=C4CO[C@H](O)C(O)(CN=N4)C(O)(O)C(O)(O)C(O)(O)C(O)C(O)C3)cc21,C1=O[S]1(=O)N[C@H](O)C2=CC=C(C3=C(C(=O)N4C=C5C(C(=O)O)C(O)C(O)C(O)C(O)C(O)C5)C(N=C4)C3)C2)C1,O=S1(=O)N[C@H](O)c2ccc(N3C=C4CO[C@H](O)C(O)(CN=N4)C(O)(O)C(O)(O)C(O)(O)C(O)C(O)C3)cc21,C1=O[S](=O)N[C@H](O)C2=CC=C(C3C=C(C(N4C=C(C(O)C(O)C(O)C(O)C(O)C(O)C3)C(O)N4)C2)C1)C(O)C(O)C(O)C(O)C(O)C(O,O=S1(=O)N[C@H](O)c2ccc(N3C=C4CO[C@H](O)C(O)(CN=N4)C(O)(O)C(O)(O)C(O)(O)C(O)C(O)C3)cc21
O=S1(=O)N[C@H](O)c2ccc(N3C=C4CO[C@H](O)C(O)(CN=N4)C(O)(O)C(O)(O)C(O)(O)C(O)C(O)C3)cc21,C1=O[S+]1(=O)N[C@H](O)c2ccc(N3C=C4CO[C@H](O)C(O)(CN=N4)C(O)(O)C(O)(O)C(O)(O)C(O)C(O)C3)cc21,C1=O[S]1(=O)N[C@H](O)c2ccc(N3C=C4CO[C@H](O)C(O)(CN=N4)C(O)(O)C(O)(O)C(O)(O)C(O)C(O)C3)cc21,C1=O[S](=O)N[C@H](O)C2=CC=C(C(=O)N3C=C4CO[C@H](O)C(O)(CN=N4)C(O)(O)C(O)(O)C(O)C(O)C3)C2=C1,O=S1(=O)N[C@H](O)c2ccc(N3C=C4CO[C@H](O)C(O)(CN=N4)C(O)(O)C(O)(O)C(O)(O)C(O)C3)cc21
"""O=S1(=O)N[C@H](O)c2ccc(N3C=C4CO[C@H](O)C(O)(CN=N4)C(O)(O)C(O)(O)C(O)(O)C(O)C(O)C3)cc21""",C1=O[S(=O)(=O)N[C@H](O)C2=CC=C(C(=O)N3C=C4C(C(C(C(O)C(O)C(O)C(O)C(O)C(O)C3)C)C4)C2)C1)C=NC=NC=1,C1=O[S](=O)N[C@H](O)C2=CC=C(C3=C(C(=O)N4C=CC4(C(=O)O)C(=O)O)C(=O)O)C(=O)O)C(=O)O)C(=O)O)C(=O)O)C(=O),O=S1(=O)N[C@H](O)c2ccc(N3C=C4CO[C@H](O)C(O)(CN=N4)C(O)(O)C(O)(O)C(O)(O)C(O)C(O)C3)cc21,C1=O[S](=O)N[C@H](O)C2=CC=C(C3=C(C(C(C(C(C(C(C(C(C(C(C(C(C(C(C(C(C(C(C(C(C(C(C(C(C(C(C(C(C(C(C(C(C(C(C(C(C(C(C(C(C(C(C(C(C(C(C(C(C(C(C(C(C(C(C(C
O=S1(=O)N[C@H](O)c2ccc(N3C=C4CO[C@H](O)C(O)(CN=N4)C(O)(O)C(O)(O)C(O)(O)C(O)C(O)C3)cc21,C1=O[S](=O)(N[C@H](O)C2=CC=CC3=C(C(=O)N4C=CC(C(=O)O)C(O)C(O)C(O)C(O)C(O)C(O)C3)C4)C2)C1,C1=O[S](=O)N[C@H](O)C2=CC=C(N3C=C4CO[C@H](O)C(O)(CN=N4)C(O)(O)C(O)(O)C(O)(O)C(O)C(O)C3)C2=C1,C1=O[S+]1(=O)N[C@H](O)c2ccc(N3C=C4CO[C@H](O)C(O)(CN=N4)C(O)(O)C(O)(O)C(O)(O)C(O)C3)cc21,C1=O[S](=O)N[C@H](O)C2=CC=C(C(=O)N3C=C4CO[C@H](O)C(O)C(O)C(O)C(O)C(O)C(O)C(O)C3)C2=C1
CC(=O)[S]1(=O)N[C@H](O)c2ccc(N3C=C4CO[C@H](O)C(O)(CN=N4)C(O)(O)C(O)(O)C(O)C(O)C3)cc21,CC(=O)[S]1(=O)N[C@H](O)c2ccc(N3C=C4CO[C@H](O)C(O)(CN=N4)C(O)(O)C(O)(O)C(O)C(O)C3)cc21,CC(=O)[S]1(=O)N[C@H](O)c2ccc(N3C=C4CO[C@H](O)C(O)(CN=N4)C(O)(O)C(O)(O)C(O)(O)C(O)C(O)C3)cc21,CC(=O)[S]1(=O)N[C@H](O)c2ccc(N3C=C4CO[C@H](O)C(O)(CN=N4)C(O)(O)C(O)(O)C(O)(O)C(O)C(O)C3)cc21,CC(=O)[S]1(=O)N[C@H](O)c2ccc(N3C=C4CO[C@H](O)C(O)(CN=N4)C(O)(O)C(O)(O)C(O)(O)C(O)C(O)C3)cc21
CC(=O)[SH]1(=O)N[C@H](O)c2ccc(N3C=C4CO[C@H](O)C(O)(CN=N4)C(O)(O)C(O)(O)C(O)C(O)C(O)C(O)C3)cc21,CC(=O)[SH]1(=O)N[C@H](O)c2ccc(N3C=C4CO[C@H](O)C(O)(CN=N4)C(O)(O)C(O)(O)C(O)C(O)C(O)C(O)C3)cc21,CC(=O)[SH]1(=O)N[C@H](O)c2ccc(N3C=C4CO[C@H](O)C(O)(CN=N4)C(O)(O)C(O)(O)C(O)C(O)C(O)C3)cc21,CC(=O)[SH]1(=O)N[C@H](O)c2ccc(N3C=C4CO[C@H](O)C(O)(CN=N4)C(O)(O)C(O)(O)C(O)C(O)C(O)C(O)C3)cc21,CC(=O)[SH]1(=O)N[C@H](O)c2ccc(N3C=C4CO[C@H](O)C(O)(CN=N4)C(O)(O)C(O)(O)C(O)C(O)C(O)C(O)C3)cc21
CC(=O)[SH]1(=O)N[C@H](O)c2ccc(N3C=C4CO[C@H](O)C(O)(CN=N4)C(O)(O)C(O)(O)C(O)C(O)C(O)C3)cc21,CC(=O)[SH]1(=O)N[C@H](O)c2ccc(N3C=C4CO[C@H](O)C(O)(CN=N4)C(O)(O)C(O)(O)C(O)C(O)C(O)C(O)C3)cc21,CC(=O)[SH]1(=O)N[C@H](O)c2ccc(N3C=C4CO[C@H](O)C(O)(CN=N4)C(O)(O)C(O)(O)C(O)C(O)C(O)C(O)C3)cc21,CC(=O)[SH]1(=O)N[C@H](O)c2ccc(N3C=C4CO[C@H](O)C(O)(CN=N4)C(O)(O)C(O)(O)C(O)C(O)C(O)C3)cc21,CC(=O)[SH]1(=O)N[C@H](O)c2ccc(N3C=C4CO[C@H](O)C(O)(CN=N4)C(O)(O)C(O)(O)C(O)C(O)C(O)C(O)C3)cc21
O=S1(=O)N[C@H](O)c2ccc(N3C=C4CO[C@H](O)C(O)(CN=N4)C(O)(O)C(O)(O)C(O)(O)C(O)C(O)C3)cc21,C1=O[S+]1(=O)N[C@H](O)c2ccc(N3C=C4CO[C@H](O)C(O)(CN=N4)C(O)(O)C(O)(O)C(O)(O)C(O)C3)cc21,C1=O[S]1(=O)N[C@H](O)C2=CC=C(C3C=CC(=O)N4C=CC(=O)C4(C(C(=O)O)C(=O)O)C(=O)O)C(=O)O)C(=O)O)C(=O)O)C(=O,O=S1(=O)N[C@H](O)c2ccc(N3C=C4CO[C@H](O)C(O)(CN=N4)C(O)(O)C(O)(O)C(O)(O)C(O)C(O)C3)cc21,C1=O[S]1(=O)N[C@H](O)c2ccc(N3C=C4CO[C@H](O)C(O)(CN=N4)C(O)(O)C(O)(O)C(O)C(O)C3)cc21
CC(=O)[SH]1(=O)N[C@H](O)c2ccc(N3C=C4CO[C@H](O)C(O)(CN=N4)C(O)(O)C(O)(O)C(O)(O)C(O)C(O)C3)cc21,CC(=O)[SH]1(=O)N[C@H](O)c2ccc(N3C=C4CO[C@H](O)C(O)(CN=N4)C(O)(O)C(O)(O)C(O)(O)C(O)C(O)C3)cc21,CC(=O)[SH]1(=O)N[C@H](O)c2ccc(N3C=C4CO[C@H](O)C(O)(CN=N4)C(O)(O)C(O)(O)C(O)(O)C(O)C(O)C3)cc21,CC(=O)[SH]1(=O)N[C@H](O)c2ccc(N3C=C4CO[C@H](O)C(O)(CN=N4)C(O)(O)C(O)(O)C(O)(O)C(O)C(O)C3)cc21,CC(=O)[SH]1(=O)N[C@H](O)c2ccc(N3C=C4CO[C@H](O)C(O)(CN=N4)C(O)(O)C(O)(O)C(O)C(O)C(O)C3)cc21
C1=O[S](=O)N[C@H](O)C2=CC=C(C3=C(C(C(C(C(C(C(C(C(C(C(C(C(C(C(C(C(C(C(C(C(C(C(C(C(C(C(C(C(C(C(C(C(C(C(C(C(C(C(C(C(C(C(C(C(C(C(C(C(C(C(C(C(C(C(C(C,CC(=O)[SH]1(=O)N[C@H](O)c2ccc(N3C=C4CO[C@H](O)C(O)(CN=N4)C(O)(O)C(O)(O)C(O)C(O)C3)cc21,CC(=O)[SH]1(=O)N[C@H](O)c2ccc(N3C=C4CO[C@H](O)C(O)(CN=N4)C(O)(O)C(O)(O)C(O)C(O)C3)cc21,C1=O[S@H]1N[C@H]2c3ccc(N4C=C5CO[C@H](O)C(O)(CN=N5)C(O)(O)C(O)(O)C(O)C(O)C4)cc23,CC(=O)[SH]1(=O)N[C@H](O)c2ccc(N3C=C4CO[C@H](O)C(O)(CN=N4)C(O)(O)C(O)(O)C(O)C(O)C3)cc21
C1=O[S+]1(=O)N[C@H](O)c2ccc(N3C=C4CO[C@H](O)C(O)(CN=N4)C(O)(O)C(O)(O)C(O)(O)C(O)C(O)C3)cc21,O=S1(=O)N[C@H](O)c2ccc(N3C=C4CO[C@H](O)C(O)(CN=N4)C(O)(O)C(O)(O)C(O)(O)C(O)C(O)C3)cc21,O=S1(=O)N[C@H](O)c2ccc(N3C=C4CO[C@H](O)C(O)(CN=N4)C(O)(O)C(O)(O)C(O)(O)C(O)C(O)C3)cc21,O=S1(=O)N[C@H](O)c2ccc(N3C=C4CO[C@H](O)C(O)(CN=N4)C(O)(O)C(O)(O)C(O)C(O)C3)cc21,C1=O[S](=O)N[C@H](O)C2=CC=C(C3=C(C(=O)C4=C(C(=O)C5=C(C(=O)C(C(=O)C(C(=O)C(C(=O)C(C(=O)C(C(=O)C(C(=O)C(C(=O)C(C(=
O=S1(=O)N[C@H](O)c2ccc(N3C=C4CO[C@H](O)C(O)(CN=N4)C(O)(O)C(O)(O)C(O)(O)C(O)C(O)C3)cc21,O=S1(=O)N[C@H](O)c2ccc(N3C=C4CO[C@H](O)C(O)(CN=N4)C(O)(O)C(O)(O)C(O)(O)C(O)C(O)C3)cc21,C1=O[S]1(=O)N[C@H](O)c2ccc(N3C=C4CO[C@H](O)C(O)(CN=N4)C(O)(O)C(O)(O)C(O)C3)cc21,C1=O[S+]1(=O)N[C@H](O)c2ccc(N3C=C4CO[C@H](O)C(O)(CN=N4)C(O)(O)C(O)(O)C(O)(O)C(O)C(O)C3)cc21,C1=O[S]1(=O)N[C@H](O)C2=CC=C(N3C=C4CO[C@H](O)C(O)(CN=C4)C(O)(O)C(O)(O)C(O)C(O)C3)C2
O=S1(=O)N[C@H](O)c2ccc(N3C=C4CO[C@H](O)C(O)(CN=N4)C(O)(O)C(O)(O)C(O)C3)cc21,C1=O[S+]1(=O)N[C@H](O)c2ccc(N3C=C4CO[C@H](O)C(O)(CN=N4)C(O)(O)C(O)(O)C(O)(O)C(O)C3)cc21,C1=O[S+]1(=O)N[C@H](O)c2ccc(N3C=C4CO[C@H](O)C(O)(CN=N4)C(O)(O)C(O)(O)C(O)C3)cc21,C1=O[S+]1(=O)N[C@H](O)c2ccc(N3C=C4CO[C@H](O)C(O)(CN=N4)C(O)(O)C(O)(O)C(O)(O)C(O)C3)cc21,C1=O[S](=O)N[C@H](O)C2=CC=C(C3C=CC(=O)N4C=C(C(C(=O)C(O)C(O)C(O)C(O)C(O)C4)C(=O)N3)C2)C1)C1=CC=CC=C1
O=S1(=O)N[C@H](O)c2ccc(N3C=C4CO[C@H](O)C(O)(CN=N4)C(O)(O)C(O)(O)C(O)(O)C(O)C(O)C3)cc21,C1=O[S](=O)N[C@H](O)C2=CC=C(C(=O)N3C=C4CO[C@H](O)C(O)(CN=N4)C(O)(O)C(O)(O)C(O)(O)C(O)C(O)C3)C2=C1,C1=O[S](=O)N[C@H](O)C2=CC=C(C(=O)N3C=C4C[C@H](O)C(O)C(O)C(O)C(O)C(O)C(O)C(O)C3)C4)C2=C1,C1=O[S]1(=O)N[C@H](O)c2ccc(N3C=C4CO[C@H](O)C(O)(CN=N4)C(O)(O)C(O)(O)C(O)(O)C(O)C(O)C3)cc21,O=S1(=O)N[C@H](O)c2ccc(N3C=C4CO[C@H](O)C(O)(CN=N4)C(O)(O)C(O)(O)C(O)(O)C(O)C(O)C3)cc21
C1=O[S]1(=O)N[C@H](O)c2ccc(N3C=C4CO[C@H](O)C(O)(CN=N4)C(O)(O)C(O)(O)C(O)(O)C(O)C(O)C3)cc21,C1=O[S](=O)N[C@H](O)C2=CC=C(C3C=CC(=O)N4C=C(C(C(C(C(C(C(C(C(C(C(C(C(C(C(C(C(C(C(C(C(C(C(C(C(C(C(C(C(C(C(C(C(C(C(C(C(C(C(C(C(C(C(C(C(C(C(C,C1=O[S+]1(=O)N[C@H](O)C2=CC=C3N4C=CC(=O)C4[C@H](O)C(O)C(O)C(O)C(O)C(O)C(O)C(O)C(O)C3)C2,CC(=O)[SH]1(=O)N[C@H](O)c2ccc(N3C=C4CO[C@H](O)C(O)(CN=N4)C(O)(O)C(O)(O)C(O)(O)C(O)C(O)C3)cc21,O=S1(=O)N[C@H](O)c2ccc(N3C=C4CO[C@H](O)C(O)(CN=N4)C(O)(O)C(O)(O)C(O)(O)C(O)C3)cc21
C1=O[S+]1(=O)N[C@H](O)C2=CC=C(C3C=CC(=O)N(C4C=CC(=O)C5=C(N5[C@H](O)C(O)C(O)C(O)C(O)C(O)C(O)C3)C(O)C(O))C4),O=S1(=O)N[C@H](O)c2ccc(N3C=C4CO[C@H](O)C(O)(CN=N4)C(O)(O)C(O)(O)C(O)C(O)C3)cc21,C1=O[S]1(=O)N[C@H](O)c2ccc(N3C=C4CO[C@H](O)C(O)(CN=N4)C(O)(O)C(O)(O)C(O)(O)C(O)C3)cc21,C1=O[S]1(=O)N[C@H](O)c2ccc(N3C=C4CO[C@H](O)C(O)(CN=N4)C(O)(O)C(O)(O)C(O)(O)C(O)C(O)C3)cc21,C1=O[S+]1(=O)N[C@H](O)c2ccc(N3C=C4CO[C@H](O)C(O)(CN=N4)C(O)(O)C(O)(O)C(O)(O)C(O)C3)cc21
C1=O[S](=O)N[C@H](O)C2=CC=C(N3C=C4CO[C@H](O)C(O)(CN=C4)C(O)(O)C(O)(O)C(O)(O)C(O)C(O)C3)C2=C1,C1=O[S](=O)N[C@H](O)C2=CC=C(C3=C(C4=C(C(C(C(C(C(C(C(C(C(C(C(C(C(C(C(C(C(C(C(C(C(C(C(C(C(C(C(C(C(C(C(C(C(C(C(C(C(C(C(C(C(C(C(C(C(C(C(C(C(C(C(C(C,O=S1(=O)N[C@H](O)c2ccc(N3C=C4CO[C@H](O)C(O)(CN=N4)C(O)(O)C(O)(O)C(O)(O)C(O)C(O)C3)cc21,C1=O[S](=O)N[C@H](O)C2=CC=C(C3=C(C(=O)N4C=C5C[C@H](O)C(O)C(O)C(O)C(O)C(O)C(O)C(O)C(O)C(O)C5)C(=O)C(O)N3),C1=O[S](=O)(N[C@H](O)C2=CC=C(C3=C(C(C(C(C(C(C(C(C(C(C(C(C(C(C(C(C(C(C(C(C(C(C(C(C(C(C(C(C(C(C(C(C(C(C(C(C(C(C(C(C(C(C(C(C(C(C(C(C(C(C(C(C(C(C(C(C
C1=O[S+]1(=O)N[C@H](O)c2ccc(N3C=C4CO[C@H](O)C(O)(CN=N4)C(O)(O)C(O)(O)C(O)(O)C(O)C(O)C3)cc21,C1=O[S](=O)N[C@H](O)C2=CC=C(C3=C(C4=C(C(O)C(O)C(O)C(O)C(O)C(O)C(O)C(O)C(O)C(O)C(O)C3)C(=C(N)C(=O)C(O)C(O)C(O,O=S1(=O)N[C@H](O)c2ccc(N3C=C4CO[C@H](O)C(O)(CN=N4)C(O)(O)C(O)(O)C(O)(O)C(O)C(O)C3)cc21,O=S1(=O)N[C@H](O)c2ccc(N3C=C4CO[C@H](O)C(O)(CN=N4)C(O)(O)C(O)(O)C(O)(O)C(O)C(O)C3)cc21,O=S1(=O)N[C@H](O)c2ccc(N3C=C4CO[C@H](O)C(O)(CN=N4)C(O)(O)C(O)(O)C(O)(O)C(O)C(O)C3)cc21
C1=O[S+]1(=O)N[C@H](O)c2ccc(N3C=C4CO[C@H](O)C(O)(CN=N4)C(O)(O)C(O)(O)C(O)(O)C(O)C(O)C3)cc21,C1=O[S](=O)N[C@H](O)C2=CC=C(C3C=C(C(=O)C(=O)N(C4C=CC(=C4)C(=O)C(C(=O)O)C(=O)C(=O)C(=O)C(=O)C(=O)C(=O)C(=,C1=O[S](=O)N[C@H](O)C2=CC=C(N3C=C4C(C(=O)O[C@H](O)C(O)C(O)C(O)C(O)C(O)C(O)C3)C4)C2)C1,C1=O[S](=O)N[C@H](O)C2=CC=C(C3=C(C(C(=O)C(=O)N4C=CC(=O)C4[C@H](O)C(=O)C(=O)C(=O)C(=O)C(=O)C(=O)C(=O)C(=O,C1=O[S](=O)N[C@H](O)C2=CC=C(C3C=C4C(O)C(C(O)(CN=C4)C(O)C(O)C(O)C(O)C(O)C(O)C(O))N3)C2=C1
C1=O[S]1(=O)N[C@H](O)C2=CC=C(C3=C(C(=O)C(C(=O)C4=C(C(=O)C(C(=O)C(C(=O)C(C(=O)C(C(=O)C(C(=O)C(C(=O)C2)C)C)C),O=S1(=O)N[C@H](O)c2ccc(N3C=C4CO[C@H](O)C(O)(CN=N4)C(O)(O)C(O)(O)C(O)C(O)C3)cc21,C1=O[S](=O)N[C@H](O)C2=CC=C(C3C(=O)C(C(=O)N4C=CC4(C(C(=O)O)C(=O)O)C(=O)O)C(=O)O)C(=O)O)C(=O)O)C(=O)O,C1=O[S]1(=O)N[C@H](O)C2=CC=C(C3=C(C(=O)N4C=CC4(C(C(=O)O)C(=O)O)C(=O)O)C(=O)O)C(=O)O)C(=O)O)C(=O)O)C(=,C1=O[S]1(=O)N[C@H](O)C2=CC=C(C3=C(C=CC(=C3)N4C=C(C(=O)O)C(=O)O)C(=O)O)C(=O)O)C(=O)O)C(=O)O)C(=O)O)C(=
C1=O[S]1(=O)N[C@H](O)c2ccc(N3C=C4CO[C@H](O)C(O)(CN=N4)C(O)(O)C(O)(O)C(O)(O)C(O)C(O)C3)cc21,C1=O[S](=O)N[C@H](O)C2=CC=C(C3=C(C(C(C(C(C(C(C(C(C(C(C(C(C(C(C(C(C(C(C(C(C(C(C(C(C(C(C(C(C(C(C(C(C(C(C(C(C(C(C(C(C(C(C(C(C(C(C(C(C(C(C(C(C(C(C(C,C1=O[S](=O)N[C@H](O)C2=CC=C(C3C(=O)N4C=C5C(C(=O)O)C(C(=O)O)C(C(=O)O)C(C(=O)O)C(C(=O)O)C(C(=O)O)C5)C(C(=,C1=O[S+]1(=O)N[C@H]2c3ccc(N4C=C5CO[C@H]6(C)C(O)C(O)C(O)C(O)C(O)C(O)C(O)C(O)C(O)C5)cc2C(O)C(O)C3)C4,C1=O[S]1(=O)N[C@H](O)C2=CC=C(C3=C(C(C(C(C(C(C(C(C(C(C(C(C(C(C(C(C(C(C(C(C(C(C(C(C(C(C(C(C(C(C(C(C(C(C(C(C(C(C(C(C(C(C(C(C(C(C(C(C(C(C(C(C(C(C(C
C1=O[S](=O)N[C@H](O)c2ccc(N3C=C4CO[C@H](O)C(O)(CN=N4)C(O)(O)C(O)(O)C(O)C(O)C3)cc21,C1=O[S+]1(=O)N[C@H](O)C2=CC=C(C(=O)N3C=C4CO[C@H](O)C(O)(CN=N4)C(O)(O)C(O)(O)C(O)(O)C(O)C(O)C3)C2,O=S1(=O)N[C@H](O)c2ccc(N3C=C4CO[C@H](O)C(O)(CN=N4)C(O)(O)C(O)(O)C(O)(O)C(O)C(O)C3)cc21,C1=O[S](=O)N[C@H](O)C2=CC=C(N3C=C4C(C(=O)O[C@H](O)C(O)C(O)C(O)C(O)C(O)C3)C4)C2=C1,O=S1(=O)N[C@H](O)c2ccc(N3C=C4CO[C@H](O)C(O)(CN=N4)C(O)(O)C(O)(O)C(O)(O)C(O)C(O)C3)cc21
C1=O[S]1(=O)N[C@H](O)C2=CC=C(C3=C(C(=O)C(=O)N4C=C(C(C(=O)O)C(=O)O)C(=O)O)C(=O)O)C(=O)O)C(=O)O)C(=O)O),O=S1(=O)N[C@H](O)c2ccc(N3C=C4CO[C@H](O)C(O)(CN=N4)C(O)(O)C(O)(O)C(O)(O)C(O)C(O)C3)cc21,O=S1(=O)N[C@H](O)c2ccc(N3C=C4CO[C@H](O)C(O)(CN=N4)C(O)(O)C(O)(O)C(O)C(O)C3)cc21,C1=O[S](=O)N[C@H](O)C2=CC=C(N3C=C4C=C(C(=O)O)C(=O)O)C(=O)O[C@H](O)C(=O)O)C(=O)O[C@H](O)C(=O)O)C(=O)O[C,C1=O[S]1(=O)N[C@H](O)C2=CC=C(C3=C(C4=C(C(C(C(C(C(C(C(C(C(C(C(C(C(C(C(C(C(C(C(C(C(C(C(C(C(C(C(C(C(C(C(C(C(C(C(C(C(C(C(C(C(C(C(C(C(C(C(C(C(C(C(C
O=S1(=O)N[C@H](O)c2ccc(N3C=C4CO[C@H](O)C(O)(CN=N4)C(O)(O)C(O)(O)C(O)(O)C(O)C(O)C3)cc21,C1=O[S](=O)N[C@H](O)C2=CC=C(C3=C(C(=O)N4C=CC5=C4CO[C@H](O)C(O)C(O)C(O)C(O)C(O)C(O)C5)C3)C2)C(O)C(O)C(O)C,C1=O[S]1(=O)N[C@H](O)C2=CC=C(N3C=C4CO[C@H](O)C(O)(CN=C4)C(O)(O)C(O)(O)C(O)(O)C(O)C(O)C3)C2,C1=O[S]1(=O)N[C@H](O)c2ccc(N3C=C4CO[C@H](O)C(O)(CN=N4)C(O)(O)C(O)(O)C(O)(O)C(O)C(O)C3)cc21,C1=O[S](=O)N[C@H]1c2ccc(N3C=C4CO[C@H](O)C(O)(CN=N4)C(O)(O)C(O)(O)C(O)(O)C(O)C(O)C3)cc21
CC(=O)[SH]1(=O)N[C@H](O)c2ccc(N3C=C4CO[C@H](O)C(O)(CN=N4)C(O)(O)C(O)(O)C(O)C(O)C(O)C3)cc21,CC(=O)[SH]1(=O)N[C@H](O)c2ccc(N3C=C4CO[C@H](O)C(O)(CN=N4)C(O)(O)C(O)(O)C(O)C(O)C(O)C(O)C3)cc21,CC(=O)[S]1(=O)N[C@H](O)c2ccc(N3C=C4CO[C@H](O)C(O)(CN=N4)C(O)(O)C(O)(O)C(O)(O)C(O)C(O)C3)cc21,CC(=O)[S]1(=O)N[C@H](O)c2ccc(N3C=C4CO[C@H](O)C(O)(CN=N4)C(O)(O)C(O)(O)C(O)(O)C(O)C(O)C3)cc21,CC(=O)[S]1(=O)N[C@H](O)c2ccc(N3C=C4CO[C@H](O)C(O)(CN=N4)C(O)(O)C(O)(O)C(O)(O)C(O)C(O)C3)cc21
C1=O[S]1(=O)N[C@H](O)c2ccc(N3C=C4CO[C@H](O)C(O)(CN=N4)C(O)(O)C(O)(O)C(O)(O)C(O)C(O)C3)cc21,O=S1(=O)N[C@H](O)c2ccc(N3C=C4CO[C@H](O)C(O)(CN=N4)C(O)(O)C(O)(O)C(O)(O)C(O)C(O)C3)cc21,C1=O[S]1(=O)N[C@H](O)c2ccc(N3C=C4CO[C@H](O)C(O)(CN=N4)C(O)(O)C(O)(O)C(O)(O)C(O)C3)cc21,O=S1(=O)N[C@H](O)c2ccc(N3C=C4CO[C@H](O)C(O)(CN=N4)C(O)(O)C(O)(O)C(O)(O)C(O)C(O)C3)cc21,O=S1(=O)N[C@H](O)c2ccc(N3C=C4CO[C@H](O)C(O)(CN=N4)C(O)(O)C(O)(O)C(O)C(O)C3)cc21
C1=O[S]1(=O)N[C@H](O)c2ccc(N3C=C4CO[C@H](O)C(O)(CN=N4)C(O)(O)C(O)(O)C(O)(O)C(O)C(O)C3)cc21,C1=O[S](=O)N[C@H](O)C2=CC=C(C3=C(C(N4C=C(C(C(O)C(O)C(O)C(O)C(O)C(O)C(O)C(O)C(O)C(O)C(O)C(O)C4)C3)C2)C=O)C,C1=O[S+]1(=O)N[C@H](O)c2ccc(N3C=C4CO[C@H](O)C(O)(CN=N4)C(O)(O)C(O)(O)C(O)C(O)C3)cc21,C1=O[S](=O)N[C@H](O)C2=CC=C(C(=O)N3C=C4C(C(=O)O[C@H](O)C(O)(CN=C4)C(O)(O)C(O)(O)C(O)C(O)C3)C2)C1,C1=O[S](=O)N[C@H](O)C2=CC=C(C3=C(C(C(C(C(C(C(C(C(C(C(C(C(C(C(C(C(C(C(C(C(C(C(C(C(C(C(C(C(C(C(C(C(C(C(C(C(C(C(C(C(C(C(C(C(C(C(C(C(C(C(C(C(C(C(C(C
C1=O[S](=O)N[C@H](O)C2=CC=C(C3=C(C(=O)C(=O)N4C=CC(C(=O)O)C(=O)O)C(=O)O)C(=O)O)C(=O)O)C(=O)O)C(=O)O)C,C1=O[S](=O)N[C@H](O)C2=CC=C3N4C=CC4[C@H](O)C(C(=O)N4)C(O)C(O)C(C(=O)O)C(C(=O)O)C(C(=O)O)C(C(=O)O)C(C(=O,C1=O[S](=O)N[C@H](O)C2=CC=C(C3=C(C(C(O)C(C4=CN=CC(C(O)(C(O)C(O)C(O)C(O)C(O)C(O)C3)C(O)C(O))C4)C(O)C(O))C2)C(O),O=S1(=O)N[C@H](O)c2ccc(N3C=C4CO[C@H](O)C(O)(CN=N4)C(O)(O)C(O)(O)C(O)(O)C(O)C(O)C3)cc21,C1=O[S](=O)N[C@H](O)C2=CC=C(C(=O)N3C=C4C(C(=O)O[C@H](O)C(=O)N(=C4)C(=O)O)C(=O)O)C(=O)O)C(=O)O)C(=O)O
C1=O=S(=O)(Nc1cc2c(c3c(cccc3)Nc2c1)c4ccc5c(c(cc5)Nc4CCOCC4)Nc1ccccc1)Cl)c1ccc(cc1)F,O=S(=O)(Nc1cc2c(cc3c(cc(N4CCOCC4)c3c2)c1)nc1ccccc1)Cl)c1ccccc1F,C1=O=S(=O)(Nc1c2ccccc2-c3ccc(cc3)Nc1ccc(cc1)c4cnc(cc4)Cl)c1ccc(cc1)F,C1=O[S]1(=O)N[C@H](O)c2ccc(-n3cc(CO[C@H]4O[C@H](CO)[C@H](O)[C@H]4O)nn3)cc21,C1=CC=C(C=C1)C(=O)(Nc1ccc(cc1)c2ccc3c(Nc4ccc(cc4)Nc5ccc(cc5)Nc6ccccc6)cc3c2)c1ccc(F)cc1Cl
CC(=O)[SH]1(=O)N[C@H](O)c2ccc(N3C=C4CO[C@H](O)C(O)(CN=N4)C(O)(O)C(O)(O)C(O)C(O)C(O)C(O)C3)cc21,CC(=O)[SH]1(=O)N[C@H](O)c2ccc(N3C=C4CO[C@H](O)C(O)(CN=N4)C(O)(O)C(O)(O)C(O)C(O)C(O)C(O)C3)cc21,CC(=O)[SH]1(=O)N[C@H](O)c2ccc(N3C=C4CO[C@H](O)C(O)(CN=N4)C(O)(O)C(O)(O)C(O)C(O)C(O)C(O)C3)cc21,CC(=O)[SH]1(=O)N[C@H](O)c2ccc(N3C=C4CO[C@H](O)C(O)(CN=N4)C(O)(O)C(O)(O)C(O)C(O)C(O)C(O)C3)cc21,CC(=O)[SH]1(=O)N[C@H](O)c2ccc(N3C=C4CO[C@H](O)C(O)(CN=N4)C(O)(O)C(O)(O)C(O)C(O)C(O)C(O)C3)cc21
O=S1(=O)N[C@H](O)c2ccc(N3C=C4CO[C@H](O)C(O)(CN=N4)C(O)(O)C(O)(O)C(O)(O)C(O)C(O)C3)cc21,C1=O[S]1(=O)N[C@H](O)C2=CC=C(C3C=C(C(C(=O)N4C=CC4C5C(=O)O[C@H](O)C(O)C(O)C(O)C(O)C(O)C5)C3)C2)C1,C1=O[S](=O)N[C@H](O)C2=CC=C(C3C=C(C4C(C(C(C(C(C(C(C(C(C(C(C(C(C(C(C(C(C(C(C(C(C(C(C(C(C(C(C(C(C(C(C(C(C(C(C(C(C(C(C(C(C(C(C(C(C(C(C(C(C(C(C(C,C1=O[S](=O)N[C@H](O)C2=CC=C(C3=C(C(=O)N4C=C(C(O)C(O)C(O)C(O)C(O)C(O)C(O)C(O)C4)C3)C2)C1,C1=O[S](=O)N[C@H](O)C2=CC=C(C3=C(N[C@H](O)C4=C(C(C(C(C(C(C(C(C(C(C(C(C(C(C(C(C(C(C(C(C(C(C(C(C(C(C(C(C(C(C(C(C(C(C(C(C(C(C(C(C(C(C(C(C(C(C
O=S1(=O)N[C@H](O)c2ccc(N3C=C4CO[C@H](O)C(O)(CN=N4)C(O)(O)C(O)(O)C(O)(O)C(O)C(O)C3)cc21,C1=O[S]1(=O)N[C@H](O)C2=CC=C(N3C=C4CO[C@H](O)C(O)(CN=N4)C(O)(O)C(O)(O)C(O)(O)C(O)C(O)C3)C2,C1=O[S](=O)N[C@H](O)C2=CC=C(N3C=C4CO[C@H](O)C(O)C(O)C(O)C(O)C(O)C(O)C(O)C(O)C(O)C(O)C3)C2=C1,C1=O[S]1(=O)N[C@H](O)c2ccc(N3C=C4CO[C@H](O)C(O)(CN=N4)C(O)(O)C(O)(O)C(O)C(O)C3)cc21,C1=O[S+]1(=O)N[C@H](O)C2=CC=C(C3C=CC(=O)N4C=CC(=O)C4(C(C(C(C(C(C(C(C(C(C(C(C(C(C(C(C(C(C(C(C(C(C(C(C(C(C(C(C(C(C(C(C(C(C(C(C(C(C(C(C
C1=O[S+]1(=O)N[C@H]1c2ccc(N3C=C4CO[C@H]1O[C@H](O)C(O)(CN=N4)C(O)C(O)C(O)C(O)C(O)C(O)C3)cc21,C1=O[S](=O)N[C@H](O)C2=CC=C(C3=C(C(C(C(C(C(C(C(C(C(C(C(C(C(C(C(C(C(C(C(C(C(C(C(C(C(C(C(C(C(C(C(C(C(C(C(C(C(C(C(C(C(C(C(C(C(C(C(C(C(C(C(C(C(C(C(C,C1=O[S]1(=O)N[C@H](O)c2ccc(N3C=C4CO[C@H](O)C(O)(CN=N4)C(O)(O)C(O)(O)C(O)(O)C(O)C(O)C3)cc21,O=S1(=O)N[C@H](O)c2ccc(N3C=C4CO[C@H](O)C(O)(CN=N4)C(O)(O)C(O)(O)C(O)(O)C(O)C(O)C3)cc21,O=S1(=O)N[C@H](O)c2ccc(N3C=C4CO[C@H](O)C(O)(CN=N4)C(O)(O)C(O)(O)C(O)C(O)C3)cc21
C1=O[S](=O)N[C@H]1c2ccc(N3C=C4CO[C@H]4C(O)(CN=N4)C(O)(O)C(O)(O)C(O)(O)C(O)C(O)C3)cc21,C1=O[S](=O)N[C@H](O)C2=CC=C(C3C=C(C(O)C(O)C(O)C(O)C(O)C(O)C(O)C(O)C3)N4C=CC(O)C(O)C(O)C(O)C(O)C4)C2=C1,C1=O[S](=O)N[C@H](O)C2=CC=C(C3=C(C(C(=O)C4=C(C(C(=O)C(O)C(O)C(O)C(O)C(O)C(O)C(O)C(O)C(O)C(O)C(O)C(O)C(O)C(O)C,O=S1(=O)N[C@H](O)c2ccc(N3C=C4CO[C@H](O)C(O)(CN=N4)C(O)(O)C(O)(O)C(O)(O)C(O)C(O)C3)cc21,C1=O[S](=O)(N[C@H](O)C2=CC=C(C3=C(C(O)C(C(N=C4C(C(C(O)C(O)C(O)C(O)C(O)C(O)C4)C)O)C(O)C(O)C(O)C3)C)C=C)C2)N
C1=O[S+]1(=O)N[C@H](O)C2=CC=C3N4C=C(C(=O)C5(C(C(C(C(C(C5CO)O)O)O)O)O)C(N=C6=C(C(C=C(C=C6)C)C)C)C)C3)C2,C1=O[S](=O)N[C@H](O)C2=CC=C(C3C(=C4)C(=O)N[C@H](O)C(C(=O)O)C(C(=O)O)C(C(=O)O)C(C(=O)O)C(C(=O)O)C(C(=O)O,O=S1(=O)N[C@H](O)c2ccc(N3C=C4CO[C@H](O)C(O)(CN=N4)C(O)(O)C(O)(O)C(O)C(O)C3)cc21,C1=O[S]1(=O)N[C@H](O)c2ccc(N3C=C4CO[C@H](O)C(O)(CN=N4)C(O)(O)C(O)(O)C(O)(O)C(O)C(O)C3)cc21,O=S1(=O)N[C@H](O)c2ccc(N3C=C4CO[C@H](O)C(O)(CN=N4)C(O)(O)C(O)(O)C(O)(O)C(O)C(O)C3)cc21
C1=O[S](=O)(O)N[C@H](O)C2=CC=C(C3=C(C(C(C(C(C(C(C(C(C(C(C(C(C(C(C(C(C(C(C(C(C(C(C(C(C(C(C(C(C(C(C(C(C(C(C(C(C(C(C(C(C(C(C(C(C(C(C(C(C(C(C(C(C(C,C1=O[S](=O)N[C@H](O)C2=CC=C(C3=C(C4CO[C@H](O)C(O)C(O)C(O)C(O)C(O)C(O)C4)C(O)(CN=C3)C(O)(O)C(O)(O)C(O)C2)C1,C1=O[S]1(=O)N[C@H](O)c2ccc(N3C=C4CO[C@H](O)C(O)(CN=N4)C(O)(O)C(O)(O)C(O)C(O)C3)cc21,C1=O[S]1(=O)N[C@H](O)C2=CC=C(C3C=C(C(O)C(O)C(O)C(O)C(O)C(O)C(O)C(O)C(O)C(O)C(O)C3)N4C=CC(=O)C4)C2,C1=O[S](=O)N[C@H](O)C2=CC3=C(C(=O)N4C=C5C(=O)O[C@H](O)C6(C(C(C(C(C(C(C(C(C(C(C(C(C(C(C(C(C(C(C(C(C(C(C(C(C(C(C(C(C(C(C(C(C(C(C(C
C1=O[S](=O)N[C@H](O)C2=CC=C(C3=C(C(=O)C4=CC(=O)C(O)C(C(O)C(O)C(O)C(O)C(O)C(O)C4)C3)N(C)C)C2)C1,C1O=S(=O)N[C@H](O)C2=CC=C(N3C=C4C(=O)C(O)C(O)C(O)C(O)C(O)C(O)C(O)C(O)C(O)C3)C(=O)C(=O)C2=C1,C1=O[S](=O)(N[C@H](C2=CC=C(C3=C(C(N4C=C(C(C(C(C(C(C(C(C(C(C(C(C(C(C(C(C(C(C(C(C(C(C(C(C(C(C(C(C(C(C(C(C(C(C(C(C(C(C(C(C(C(C(C(C(C(C(C(C(C(C(C(C(C,C1=O[S]1(=O)N[C@H](O)C2=CC=C(C3C(=C4C(=O)C(=O)C(=O)C(=O)C(=O)C(=O)C(=O)C(=O)C(=O)C(=O)C(=O)C(=O)C(=O),O=S1(=O)N[C@H](O)c2ccc(N3C=C4CO[C@H](O)C(O)(CN=N4)C(O)(O)C(O)(O)C(O)C(O)C3)cc21
O=S1(=O)N[C@H](O)c2ccc(N3C=C4CO[C@H](O)C(O)(CN=N4)C(O)(O)C(O)(O)C(O)(O)C(O)C(O)C3)cc21,O=S1(=O)N[C@H](O)c2ccc(N3C=C4CO[C@H](O)C(O)(CN=N4)C(O)(O)C(O)(O)C(O)(O)C(O)C(O)C3)cc21,O=S1(=O)N[C@H](O)c2ccc(N3C=C4CO[C@H](O)C(O)(CN=N4)C(O)(O)C(O)(O)C(O)(O)C(O)C(O)C3)cc21,O=S1(=O)N[C@H](O)c2ccc(N3C=C4CO[C@H](O)C(O)(CN=N4)C(O)(O)C(O)(O)C(O)(O)C(O)C(O)C3)cc21,C1=O[S](=O)(N[C@H](O)C2=CC=CC=C2)C3=CC(=O)N4C=CC(=O)C4(C(C(C(C(C(C(C(C(C(C(C(C(C(C(C(C(C(C(C(C(C(C(C(C(C(C(C(C(C(C(C(C(C(C(C(C(C(C
O=S1(=O)N[C@H](O)c2ccc(N3C=C4CO[C@H](O)C(O)(CN=N4)C(O)(O)C(O)(O)C(O)(O)C(O)C(O)C3)cc21,C1=O[S](=O)N[C@H](O)C2=CC=C(C3=C(C4=C(O)C(C(O)(C(C(O)(C(C(O)(C(C(O)(C(C(O)C(C(O)C(C(O)C(C(O)C(C(O)C(C(O)C(C(O)C(C(O)C(C(O,C1=O[S](=O)N[C@H](O)c2ccc(N3C=C4CO[C@H](O)C(O)(CN=N4)C(O)(O)C(O)(O)C(O)C(O)C3)cc21,C1=O[S+]1(=O)N[C@H](O)c2ccc(N3C=C4CO[C@H](O)C(O)(CN=N4)C(O)(O)C(O)(O)C(O)(O)C(O)C(O)C3)cc21,C1=O/N=C1O[C@H](O)C2=CC=C(C(=O)N3C=C4CO[C@H](O)C(O)(CN=N4)C(O)(O)C(O)(O)C(O)(O)C(O)C(O)C3)C2
CC(=O)[SH]1(=O)N[C@H](O)c2ccc(N3C=C4CO[C@H](O)C(O)(CN=N4)C(O)(O)C(O)C(O)C(O)C(O)C3)cc21,CCC(=O)[S]1(=O)N[C@H](O)c2ccc(N3C=C4CO[C@H](O)C(O)(CN=N4)C(O)(O)C(O)(O)C(O)C(O)C3)cc21,CC(=O)[S]1(=O)N[C@H](O)c2ccc(N3C=C4CO[C@H](O)C(O)(CN=N4)C(O)(O)C(O)C(O)C3)cc21,CCC(=O)[S]1(=O)N[C@H](O)c2ccc(N3C=C4CO[C@H](O)C(O)(CN=N4)C(O)(O)C(O)(O)C(O)C(O)C3)cc21,CC(=O)[S]1(=O)N[C@H](O)c2ccc(N3C=C4CO[C@H](O)C(O)(CN=N4)C(O)(O)C(O)(O)C(O)C(O)C3)cc21
O=S1(=O)N[C@H](O)c2ccc(N3C=C4CO[C@H](O)C(O)(CN=N4)C(O)(O)C(O)(O)C(O)(O)C(O)C(O)C3)cc21,C1=O[S]1(=O)N[C@H](O)c2ccc(N3C=C4CO[C@H](O)C(O)(CN=N4)C(O)(O)C(O)(O)C(O)(O)C(O)C(O)C3)cc21,O=S1(=O)N[C@H](O)c2ccc(N3C=C4CO[C@H](O)C(O)(CN=N4)C(O)(O)C(O)(O)C(O)(O)C(O)C(O)C3)cc21,O=S1(=O)N[C@H](O)c2ccc(N3C=C4CO[C@H](O)C(O)(CN=N4)C(O)(O)C(O)(O)C(O)(O)C(O)C(O)C3)cc21,C1=O=S(=O)N[C@H](O)C2=CC=C(C3=C(C(C(C(C(C(C(C(C(C(C(C(C(C(C(C(C(C(C(C(C(C(C(C(C(C(C(C(C(C(C(C(C(C(C(C(C(C(C(C(C(C(C(C(C(C(C(C(C(C(C(C(C(C(C(C(C(C
O=S1(=O)N[C@H](O)c2ccc(N3C=C4CO[C@H](O)C(O)(CN=N4)C(O)(O)C(O)(O)C(O)(O)C(O)C(O)C3)cc21,C1=O[S]1(=O)N[C@H](O)C2=CC=C(C(=O)N3C=C4CO[C@H](O)C(O)(CN=N4)C(O)(O)C(O)(O)C(O)(O)C(O)C(O)C3)C2,O=S1(=O)N[C@H](O)c2ccc(N3C=C4CO[C@H](O)C(O)(CN=N4)C(O)(O)C(O)(O)C(O)(O)C(O)C(O)C3)cc21,C1=O[S](=O)N[C@H](O)C2=CC=C(C(=O)N3C=C4CO[C@H](O)C(O)C(O)C(O)C(O)C(O)C(O)C(O)C(O)C(O)C(O)C3)C2=C1,C1=O=S1(=O)N[C@H](O)C2=CC=C(C3=C(C(=O)C4=C(C(=O)C5=C(C(=O)C6=C(C(=O)C7=C(C(=O)C8=C(C(=O)C9=C(C(=O)C1O)C(=O)N(C
C1=O[S]1(=O)N[C@H](O)C2=CC=C(C3C=C4C(O)C(C(O)C(O)C(O)C(O)C(O)C(O)C(O)C4)N(C3)C(=O)C(=O)C(=O))C2,O=S1(=O)N[C@H](O)c2ccc(N3C=C4CO[C@H](O)C(O)(CN=N4)C(O)(O)C(O)(O)C(O)(O)C(O)C(O)C3)cc21,O=S1(=O)N[C@H](O)c2ccc(N3C=C4CO[C@H](O)C(O)(CN=N4)C(O)(O)C(O)(O)C(O)(O)C(O)C(O)C3)cc21,C1=O[S]1(=O)N[C@H](O)C2=CC=C(C3=C(C4=C(CO[C@H](O)C(O)(CN=C4)C(O)(O)C(O)(O)C(O)C(O)C3)C(N)C2)C(=O)O)C(=O)O),O=S1(=O)N[C@H](O)c2ccc(N3C=C4CO[C@H](O)C(O)(CN=N4)C(O)(O)C(O)(O)C(O)(O)C(O)C(O)C3)cc21
C1=O[S](=O)N[C@H](O)C2=CC=C(C3C=CC(=O)N4C=C5CO[C@H](O)C(O)C(O)C(O)C(O)C(O)C(O)C(O)C5)C3=C2C1,C1=O[S]1(=O)N[C@H](O)C2=CC=C(C(=O)N3C=C4CO[C@H](O)C(O)(CN=N4)C(O)(O)C(O)(O)C(O)(O)C(O)C3)C2,O=S1(=O)N[C@H](O)c2ccc(N3C=C4CO[C@H](O)C(O)(CN=N4)C(O)(O)C(O)(O)C(O)C(O)C3)cc21,O=S1(=O)N[C@H](O)c2ccc(N3C=C4CO[C@H](O)C(O)(CN=N4)C(O)(O)C(O)(O)C(O)(O)C(O)C(O)C3)cc21,C1=O[S](=O)N[C@H]1(O)c2ccc(N3C=C4CO[C@H](O)C(O)(CN=N4)C(O)(O)C(O)(O)C(O)(O)C(O)C(O)C3)cc21
CC(=O)[SH]1(=O)N[C@H](O)c2ccc(N3C=C4CO[C@H](O)C(O)(CN=N4)C(O)(O)C(O)(O)C(O)C(O)C(O)C(O)C3)cc21,CC(=O)[SH]1(=O)N[C@H](O)c2ccc(N3C=C4CO[C@H](O)C(O)(CN=N4)C(O)(O)C(O)(O)C(O)C(O)C(O)C(O)C3)cc21,CC(=O)[SH]1(=O)N[C@H](O)c2ccc(N3C=C4CO[C@H](O)C(O)(CN=N4)C(O)(O)C(O)(O)C(O)C(O)C(O)C(O)C3)cc21,CC(=O)[SH]1(=O)N[C@H](O)c2ccc(N3C=C4CO[C@H](O)C(O)(CN=N4)C(O)(O)C(O)(O)C(O)C(O)C(O)C(O)C3)cc21,CC(=O)[SH]1(=O)N[C@H](O)c2ccc(N3C=C4CO[C@H](O)C(O)(CN=N4)C(O)(O)C(O)(O)C(O)C(O)C(O)C(O)C3)cc21
O=S1(=O)N[C@H](O)c2ccc(N3C=C4CO[C@H](O)C(O)(CN=N4)C(O)(O)C(O)(O)C(O)C(O)C3)cc21,O=S1(=O)N[C@H](O)c2ccc(N3C=C4CO[C@H](O)C(O)(CN=N4)C(O)(O)C(O)(O)C(O)(O)C(O)C(O)C3)cc21,C1=O[S](=O)N[C@H](O)C2=CC=C(C3C(C(=O)C(=O)N4C=CC(=O)C4(C(C(=O)O)C(=O)O)C(=O)O)C(=O)O)C(=O)O)C(=O)O)C,C1=O[S+]1(=O)N[C@H](O)c2ccc(N3C=C4CO[C@H](O)C(O)(CN=N4)C(O)(O)C(O)(O)C(O)(O)C(O)C(O)C3)cc21,C1=O[S](=O)N[C@H](O)C2=CC=C(C3=C(C=C(C(=O)C4=C(C(=O)C(O)C(O)C(O)C(O)C(O)C(O)C(O)C(O)C4)N3C=C)C)C)C2)C1
C1=CC=CC=C1C(=O)(Nc2c3ccccc3c4ccc5c(Nc6c7ccccc7c8ccccc8N(C(C)C)C)cc5C4)c2c1Nc1ccc(F)cc1Cl,C1=O=S(=O)(Nc1cc(-c2ccc3nccc(N4CCOCC4)c3c2)cnc1Cl)c1ccc(F)cc1,C1=O=S(=O)(Nc1cc2c(cc3c2c(cc(N4CCCOCC4)c3)c1)nc1c(cc(F)cc1)Cl)c1ccccc1,C1=O=S(=O)(Nc1cc2c(cc3c2c(cc3)Nc4CCOCC4)c1c1ccccc1Cl)c1ccccc1F,O=S(=O)(Nc1cc(c2ccc3nccc(N4CCOCC4)c3c2)cnc1Cl)c1ccc(cc1)F
O=S1(=O)N[C@H](O)c2ccc(N3C=C4CO[C@H](O)C(O)(CN=N4)C(O)(O)C(O)(O)C(O)(O)C(O)C(O)C3)cc21,C1=O[S](=O)N[C@H](O)C2=CC=C(C3=C(C(C(C(C(C(C(C(C(C(C(C(C(C(C(C(C(C(C(C(C(C(C(C(C(C(C(C(C(C(C(C(C(C(C(C(C(C(C(C(C(C(C(C(C(C(C(C(C(C(C(C(C(C(C(C(C,C1=O=S1(=O)N[C@H](O)c2ccc(N3C=C4CO[C@H](O)C(O)(CN=N4)C(O)(O)C(O)(O)C(O)(O)C(O)C(O)C3)cc21,C1=O[S](=O)N[C@H](O)C2=CC=C(C3C(C(N4C=CC5=C(CO[C@H](O)C(O)C(O)C(O)C(O)C(O)C(O)C(O)C5)C(N4)C3)C2)C1)C(O),O=S1(=O)N[C@H](O)c2ccc(N3C=C4CO[C@H](O)C(O)(CN=N4)C(O)(O)C(O)(O)C(O)(O)C(O)C(O)C3)cc21
C1=O[S](=O)N[C@H](O)C2=CC=C(C3C=CC(N4C=CC(=O)C4(C(C(=O)O)C(=O)O)C(=O)O)C(=O)O)C(=O)O)C(=O)O)C(=O)O)C,C1=O[S]1(=O)N[C@H](O)C2=CC=C3N4C=C(C(C(=O)C(O)C(O)C(O)C(O)C(O)C(O)C(O)C3)C4)C2,O=S1(=O)N[C@H](O)c2ccc(N3C=C4CO[C@H](O)C(O)(CN=N4)C(O)(O)C(O)(O)C(O)(O)C(O)C(O)C3)cc21,C1=O[S](=O)N[C@H](O)C2=CC=C(C(=O)N3C=C4C(=O)C(=O)N(C(=O)C(=O)C(=O)C(=O)C(=O)C(=O)C(=O)C(=O)C(=O)C(=O)C,C1=O[S](=O)N[C@H](O)C2=CC=CC2[C@H]1(N3C=C4CO[C@H](O)C(O)(CN=N4)C(O)(O)C(O)(O)C(O)C(O)C3)CC2
C1=O[S+]1(=O)N[C@H](O)C2=CC=C(C3=C(C(N4C=C(C(O)C(O)C(O)C(O)C(O)C(O)C4)C(O))C3)C2)N5C=C6CO[C@H](O)C(O)C(O)C(O,C1=O[S+]1(=O)N[C@H](O)c2ccc(N3C=C4CO[C@H](O)C(O)(CN=N4)C(O)(O)C(O)(O)C(O)(O)C(O)C(O)C3)cc21,C1=O[S](=O)N[C@H](O)C2=CC=C(C3C=CC(=O)N4C=C(C(C(C(C(C(C(C(C(C(C(C(C(C(C(C(C(C(C(C(C(C(C(C(C(C(C(C(C(C(C(C(C(C(C(C(C(C(C(C(C(C(C(C(C(C(C(C,C1=O[S]1(=O)N[C@H](O)C2=CC=C(N3C=C4CO[C@H](O)C(O)(CN=N4)C(O)(O)C(O)(O)C(O)(O)C(O)C3)C2,C1=O[S](=O)N[C@H](O)C2=CC=C(C(=O)N3C=C4C(=O)C(=O)C(=O)C(=O)C(=O)C(=O)C(=O)C(=O)C(=O)C(=O)C(=O)C(=O)C(=
CC(=O)[S]1(=O)N[C@H](O)c2ccc(N3C=C4CO[C@H](O)C(O)(CN=N4)C(O)(O)C(O)(O)C(O)C(O)C3)cc21,CC(=O)[S]1(=O)N[C@H](O)c2ccc(N3C=C4CO[C@H](O)C(O)(CN=N4)C(O)(O)C(O)(O)C(O)(O)C(O)C(O)C3)cc21,CC(=O)[S]1(=O)N[C@H](O)c2ccc(N3C=C4CO[C@H](O)C(O)(CN=N4)C(O)(O)C(O)(O)C(O)(O)C(O)C(O)C3)cc21,CC(=O)[S]1(=O)N[C@H](O)c2ccc(N3C=C4CO[C@H](O)C(O)(CN=N4)C(O)(O)C(O)(O)C(O)C(O)C3)cc21,C1=O[S](=O)N[C@H](O)C2=CC=C(C3C=C(C(C(C(C(C(C(C(C(C(C(C(C(C(C(C(C(C(C(C(C(C(C(C(C(C(C(C(C(C(C(C(C(C(C(C(C(C(C(C(C(C(C(C(C(C(C(C(C(C(C(C(C(C(C(C
O=S1(=O)N[C@H](O)c2ccc(N3C=C4CO[C@H](O)C(O)(CN=N4)C(O)(O)C(O)(O)C(O)(O)C(O)C(O)C3)cc21,C1=O[S]1(=O)N[C@H](O)c2ccc(N3C=C4CO[C@H](O)C(O)(CN=N4)C(O)(O)C(O)(O)C(O)C(O)C3)cc21,C1=O[S+]1(=O)N[C@H](O)c2ccc(N3C=C4CO[C@H](O)C(O)(CN=N4)C(O)(O)C(O)(O)C(O)C(O)C3)cc21,O=S1(=O)N[C@H](O)c2ccc(N3C=C4CO[C@H](O)C(O)(CN=N4)C(O)(O)C(O)(O)C(O)(O)C(O)C(O)C3)cc21,C1=O[S+]1(=O)N[C@H](O)C2=CC=C(C(=O)N3C=C4C[C@H](O)C(O)C(O)C(O)C(O)C(O)C(O)C(O)C(O)C(O)C(O)C(O)C(O)C(O)C(O)
C1=O[S+]1(=O)N[C@H](O)C2=CC=C(C3=C(C(=O)N4C=C(C(C(=O)O)C(=O)O)C(=O)O)C(=O)O)C(=O)O)C(=O)O)C(=O)O)C(=O),O=S1(=O)N[C@H](O)c2ccc(N3C=C4CO[C@H](O)C(O)(CN=N4)C(O)(O)C(O)(O)C(O)(O)C(O)C(O)C3)cc21,C1=O[S](=O)N[C@H](O)C2=CC=C3N4C=CC(=O)C4[C@H](O)C(C(O)(CN=N4)C(O)(O)C(O)(O)C(O)(O)C(O)C(O)C3)C2=C1,C1=O[S]1(=O)N[C@H](O)c2ccc(N3C=C4CO[C@H](O)C(O)(CN=N4)C(O)(O)C(O)(O)C(O)(O)C(O)C(O)C3)cc21,C1=O[S]1(=O)N[C@H](O)c2ccc(N3C=C4CO[C@H](O)C(O)(CN=N4)C(O)(O)C(O)(O)C(O)C(O)C3)cc21
C1=O[S](=O)N[C@H](O)C2=CC=C(C(=O)N3C=C4CO[C@H](O)C(O)(CN=N4)C(O)(O)C(O)(O)C(O)C(O)C3)C2=C1,O=S1(=O)N[C@H](O)c2ccc(N3C=C4CO[C@H](O)C(O)(CN=N4)C(O)(O)C(O)(O)C(O)C(O)C3)cc21,O=S1(=O)N[C@H](O)c2ccc(N3C=C4CO[C@H](O)C(O)(CN=N4)C(O)(O)C(O)(O)C(O)(O)C(O)C(O)C3)cc21,C1=O[S](=O)N[C@H](O)C2=CC=C(C3C=CC(N4C=C(C(O)C(O)C(O)C(O)C(O)C(O)C(O)C4)C3)C2)N3C=C4C(O)C(O)C(O)C(O)C(O),C1=O[S](=O)N[C@H](O)C2=CC=C(C3=C(C(C(C(C(C(C(C(C(C(C(C(C(C(C(C(C(C(C(C(C(C(C(C(C(C(C(C(C(C(C(C(C(C(C(C(C(C(C(C(C(C(C(C(C(C(C(C(C(C(C(C(C(C(C(C(C
C1=O[S]1(=O)N[C@H](O)C2=CC=C(C3C=C(C(O)C4=C(C(O)C(O)C(O)C(O)C(O)C(O)C(O)C(O)C4)C(N=C3)C)C2)N,O=S1(=O)N[C@H](O)c2ccc(N3C=C4CO[C@H](O)C(O)(CN=N4)C(O)(O)C(O)(O)C(O)C(O)C3)cc21,C1=O[S](=O)N[C@H](O)c2ccc(N3C=C4CO[C@H](O)C(O)(CN=N4)C(O)(O)C(O)(O)C(O)(O)C(O)C(O)C3)cc21,O=S1(=O)N[C@H](O)c2ccc(N3C=C4CO[C@H](O)C(O)(CN=N4)C(O)(O)C(O)(O)C(O)(O)C(O)C(O)C3)cc21,C1=O[S+]1(=O)N[C@H](O)c2ccc(N3C=C4CO[C@H](O)C(O)(CN=N4)C(O)(O)C(O)(O)C(O)(O)C(O)C(O)C3)cc21
CC(=O)[SH]1(=O)N[C@H](O)c2ccc(N3C=C4CO[C@H](O)C(O)(CN=N4)C(O)(O)C(O)(O)C(O)C(O)C(O)C3)cc21,CCC(=O)[SH]1(=O)N[C@H](O)c2ccc(N3C=C4CO[C@H](O)C(O)(CN=N4)C(O)(O)C(O)(O)C(O)C(O)C(O)C(O)C3)cc21,CCC(=O)[SH]1(=O)N[C@H](O)c2ccc(N3C=C4CO[C@H](O)C(O)(CN=N4)C(O)(O)C(O)(O)C(O)C(O)C(O)C3)cc21,CC(=O)[SH]1(=O)N[C@H](O)c2ccc(N3C=C4CO[C@H](O)C(O)(CN=N4)C(O)(O)C(O)(O)C(O)C(O)C(O)C(O)C3)cc21,CCC(=O)[SH]1(=O)N[C@H](O)c2ccc(N3C=C4CO[C@H](O)C(O)(CN=N4)C(O)(O)C(O)(O)C(O)C(O)C(O)C(O)C3)cc21
C1=O[S]1(=O)N[C@H](O)C2=CC=C(C3C=C4C(C(=O)O)C(C(=O)O)C(C(=O)O)C(C(=O)O)C(C(=O)O)C(C(=O)O)C3)C(=O)N4)C,C1=O[S](=O)N[C@H](O)C2=CC=C(C3=C(C(C4=C(O)C(O)C(O)C(O)C(O)C(O)C4)C(N=C3)C(O)C(O)C(O)C(O)C(O)C(O))C2)C1,C1=O[S+]1(=O)N[C@H](O)c2ccc(N3C=C4CO[C@H](O)C(O)(CN=N4)C(O)(O)C(O)(O)C(O)(O)C(O)C(O)C3)cc21,C1=O[S+]1(=O)N[C@H](O)C2=CC=C(C3C=CC(=O)N4C=CC(=O)C(C(C(C(C(C(C(C(C(C(C(C(C(C(C(C(C(C(C(C(C(C(C(C(C(C(C(C(C(C(C(C(C(C(C(C(C(C(C(C(C(C,O=S1(=O)N[C@H](O)c2ccc(N3C=C4CO[C@H](O)C(O)(CN=N4)C(O)(O)C(O)(O)C(O)C(O)C3)cc21
O=S1(=O)N[C@H](O)c2ccc(N3C=C4CO[C@H](O)C(O)(CN=N4)C(O)(O)C(O)(O)C(O)(O)C(O)C(O)C3)cc21,O=S1(=O)N[C@H](O)c2ccc(N3C=C4CO[C@H](O)C(O)(CN=N4)C(O)(O)C(O)(O)C(O)C(O)C(O)C3)cc21,C1=O[S](=O)N[C@H](O)C2=CC=C(C3=C(C(=O)C4=C(C(=O)C5=C(C(=O)C6=C(C(=O)C7=C(C(=O)C8=C(C(=O)C9=C(C(=O)C1=C(C(=O)C2=C,C1=O[S+]1(=O)N[C@H](O)C2=CC=C3N4C=CC4[C@H](O)C(C(=O)C(O)C(O)C(=O)C(O)C(=O)C(O)C(=O)C(O))N3C=CC4C(=O)C(O),C1=O[S](=O)N[C@H](O)C2=CC=C(C3C=CC4=C(C(=O)C(=O)C(=O)N(C4)C(=O)C(=O)C(=O)C(=O)C(=O)C(=O)C(=O)C(=O)C(=O)
C1=O[S](=O)N[C@H](O)C2=CC=C(C(=O)N3C=C4CO[C@H](O)C(O)(CN=N4)C(O)(O)C(O)(O)C(O)(O)C(O)C(O)C3)C2=C1,C1=O[S](=O)N[C@H](O)C2=CC=C(C(N3C=C4CO[C@H](O)C(O)C(O)C(O)C(O)C(O)C(O)C(O)C3)C4)C2=C1,O=S1(=O)N[C@H](O)c2ccc(N3C=C4CO[C@H](O)C(O)(CN=N4)C(O)(O)C(O)(O)C(O)C(O)C3)cc21,O=S1(=O)N[C@H](O)c2ccc(N3C=C4CO[C@H](O)C(O)(CN=N4)C(O)(O)C(O)(O)C(O)(O)C(O)C(O)C3)cc21,O=S1(=O)N[C@H](O)c2ccc(N3C=C4CO[C@H](O)C(O)(CN=N4)C(O)(O)C(O)(O)C(O)C(O)C3)cc21
C1=O[S](=O)N[C@H](O)C2=CC=C(C3=C(C(=O)C4=C(C(=O)C5=C(C(=O)C6=C(C(=O)C7=C(C(=O)C8=C(C(=O)C9=C(C(=O)C1=C(C(=O)C2=C,C1=O[S](=O)N[C@H](O)C2=CC=C(C(=O)N3C4=C(C(C(O)C(O)C(O)C(O)C4)O)C(C(=O)O)C3)C2)C1,C1=O[NH]2c3ccc(cc2)C(=O)Oc4c(cc5n(c6cc(cc(c6)O)C(O)C(O)C(O)C(O)C5)O)C(O)C(O)C(O)C(O)C4)nn3)C1,C1=O[S+]1(=O)N[C@@H](O)C2=CC=C(C3=CN=CC=C3[C@@H]4O[C@@H](C2)CO[C@@H](C3=O)C(C4=O)O)C2=CC=C2,C1=O[S]1(=O)N[C]2c3ccc(cc2)C4OC[C]5O[C]6(O)C[C]7(O)C[C]6O[C]7(O)C[C]4Oc3n5c3cc(cc3n5)C2
C1=CC=CC=C1ClC1=CC=CC=C1FCC(=O)N1C=CC(=O)N(C(C(C(C(C(C(C(C(C(C(C(C(C(C(C(C(C(C(C(C(C(C(C(C(C(C(C(C(C(C(C(C(C(C(C(C(C(C(C(C(C(C(C(C(C(C(C(C(C,O=S(=O)(Nc1cc(-c2ccc3nccc(N4CCOCC4)c3c2)cnc1Cl)c1ccc(F)cc1,C1=O=S(=O)(Nc1c2ccc3c(c2nccc3c2ccc(N4CCOCC4)c2c3c(cc4nccc4c3c2)Cl)c1c3ccccc3)c1ccccc1c1ccccc1F,C1=O=S(=O)Nc2cc(cc1)c3c(ccc(n3)c4CCCO4)c2c1ccccc1Nc5cc(ccc5)c6ccccc6Cl)c1ccccc1F,O=S(=O)(Nc1cc(c2ccc3nccc(N4CCOCC4)c3c2)cnc1Cl)c1ccc(cc1)F
O=S1(=O)N[C@H](O)c2ccc(N3C=C4CO[C@H](O)C(O)(CN=N4)C(O)(O)C(O)(O)C(O)(O)C(O)C(O)C3)cc21,C1=O[S+]1(=O)N[C@H](O)c2ccc(N3C=C4CO[C@H](O)C(O)(CN=N4)C(O)(O)C(O)(O)C(O)C(O)C3)cc21,O=S1(=O)N[C@H](O)c2ccc(N3C=C4CO[C@H](O)C(O)(CN=N4)C(O)(O)C(O)(O)C(O)C(O)C3)cc21,O=S1(=O)N[C@H](O)c2ccc(N3C=C4CO[C@H](O)C(O)(CN=N4)C(O)(O)C(O)(O)C(O)(O)C(O)C(O)C3)cc21,C1=O[S]1(=O)N[C@H](O)c2ccc(N3C=C4CO[C@H](O)C(O)(CN=N4)C(O)(O)C(O)(O)C(O)C(O)C3)cc21
O=S1(=O)N[C@H](O)c2ccc(N3C=C4CO[C@H](O)C(O)(CN=N4)C(O)(O)C(O)(O)C(O)(O)C(O)C(O)C3)cc21,O=S1(=O)N[C@H](O)c2ccc(N3C=C4CO[C@H](O)C(O)(CN=N4)C(O)(O)C(O)(O)C(O)(O)C(O)C(O)C3)cc21,C1=O[S](=O)N[C@H](O)C2=CC3=C(C(C(=O)N4C=CC5=C(C(C(=O)C(O)C(O)C(O)C(O)C(O)C(O)C(O)C(O)C5)N4)C3)C2)C1,O=S1(=O)N[C@H](O)c2ccc(N3C=C4CO[C@H](O)C(O)(CN=N4)C(O)(O)C(O)(O)C(O)(O)C(O)C(O)C3)cc21,C1=O[S]1(=O)N[C@H](O)C2=CC=C3C(=O)N4C=C5C[C@H](O)C6=CC=CC=C6C(=O)C(=O)C(=O)C(=O)C(=O)C(=O)C(=O)C5=C3C
C1=O[S+]1(=O)N[C@H](O)c2ccc(N3C=C4CO[C@H](O)C(O)(CN=N4)C(O)(O)C(O)(O)C(O)C(O)C3)cc21,C1=O[S]1(=O)N[C@H](O)c2ccc(N3C=C4CO[C@H](O)C(O)(CN=N4)C(O)(O)C(O)(O)C(O)(O)C(O)C(O)C3)cc21,O=S1(=O)N[C@H](O)c2ccc(N3C=C4CO[C@H](O)C(O)(CN=N4)C(O)(O)C(O)(O)C(O)(O)C(O)C(O)C3)cc21,C1=O[S](=O)N[C@H](O)C2=CC=C(C3C=CC(=O)N4C=CC(=O)C(O)C(O)C(O)C(O)C(O)C(O)C(O)C(O)C(O)C3)C4=C[N]2C1,O=S1(=O)N[C@H](O)c2ccc(N3C=C4CO[C@H](O)C(O)(CN=N4)C(O)(O)C(O)(O)C(O)(O)C(O)C(O)C3)cc21
O=S1(=O)N[C@H](O)c2ccc(N3C=C4CO[C@H](O)C(O)(CN=N4)C(O)(O)C(O)(O)C(O)(O)C(O)C(O)C3)cc21,C1=O[S(=O)(=O)N[C@H](O)C2=CC=C(C3C=CC(=O)N4C=C(C(C(C(C(C(C(C(C(C(O)C(O)C(O)C(O)C(O)C(O)C(O))C(O)C(O))C(O))C(O))C(O))C,O=S1(=O)N[C@H](O)c2ccc(N3C=C4CO[C@H](O)C(O)(CN=N4)C(O)(O)C(O)(O)C(O)(O)C(O)C(O)C3)cc21,C1=O[S](=O)N[C@H](O)C2=CC=C(N3C=C4CO[C@H](O)C(O)C(O)C(O)C(O)C(O)C(O)C(O)C(O)C(O)C3)CC2=C1,C1=O[S](=O)N[C@H](O)C2=CC=C3N4C=CC(=O)C4[C@H](O)C(CO[C@H](O)C(O)C(O)C(O)C(O)C(O)C(O)C3)C2=C1
O=S1(=O)N[C@H](O)c2ccc(N3C=C4CO[C@H](O)C(O)(CN=N4)C(O)(O)C(O)(O)C(O)(O)C(O)C3)cc21,C1=O[S]1(=O)N[C@H](O)C2=CC=C(N3C=C4C[C@H](O)C(O)C(O)C(O)C(O)C(O)C(O)C(O)C3)C4=CC=C2,C1=O[S]1(=O)N[C@H](O)C2=CC=C(C3=C(C(=O)C(C(=O)C(C(=O)C(C(=O)C(C(=O)C(C(=O)C(C(=O)C2)C)C)C)C)C)C)C)C3)N,O=S1(=O)N[C@H](O)c2ccc(N3C=C4CO[C@H](O)C(O)(CN=N4)C(O)(O)C(O)(O)C(O)(O)C(O)C(O)C3)cc21,O=S1(=O)N[C@H](O)c2ccc(N3C=C4CO[C@H](O)C(O)(CN=N4)C(O)(O)C(O)(O)C(O)(O)C(O)C(O)C3)cc21
C1=O[S](=O)N[C@H](O)C2=CC=C(C3=C(C4=C(CO[C@H](O)C(C(C(O)C(O)C(O)C(O)C(O)C(O)C(O)C(O))=C(N)N4)C(O)C(O)C3)C2),C1=O[S](=O)N[C@H](O)C2=CC=C(C3=C(C(C(C(C(C(C(C(C(C(C(C(C(C(C(C(C(C(C(C(C(C(C(C(C(C(C(C(C(C(C(C(C(C(C(C(C(C(C(C(C(C(C(C(C(C(C(C(C(C(C(C(C(C(C(C(C,O=S1(=O)N[C@H](O)c2ccc(N3C=C4CO[C@H](O)C(O)(CN=N4)C(O)(O)C(O)(O)C(O)(O)C(O)C(O)C3)cc21,O=S1(=O)N[C@H](O)c2ccc(N3C=C4CO[C@H](O)C(O)(CN=N4)C(O)(O)C(O)(O)C(O)(O)C(O)C(O)C3)cc21,C1=O[S](=O)(N[C@H](O)C2=CC=C(C3C(=C(C(=O)C4[C@H](O)C(O)C(O)C(O)C(O)C(O)C(O)C4)C(=O)N3)C2)C1)C=CC3)C=CC
C1=O[S]1(=O)N[C@H](O)C2=CC=C(C(=O)N3C=C4C(=O)C(=O)N(C(=O)C(=O)C(=O)C(=O)C(=O)C(=O)C(=O)C(=O)C(=O)C(=O),O=S1(=O)N[C@H](O)c2ccc(N3C=C4CO[C@H](O)C(O)(CN=N4)C(O)(O)C(O)(O)C(O)(O)C(O)C(O)C3)cc21,C1=O[S]1(=O)N[C@H](O)c2ccc(N3C=C4CO[C@H](O)C(O)(CN=N4)C(O)(O)C(O)(O)C(O)(O)C(O)C(O)C3)cc21,C1=O[S](=O)N[C@H](O)C2=CC=C(C3C=C(C(O)C4CO[C@H](O)C(O)C(O)C(O)C(O)C(O)C(O)C(O)C4)C3)C2)N1,C1=O[S](=O)N[C@H](O)C2=CC=C(C3C=C4CO[C@H](O)C(O)C(O)C(O)C(O)C(O)C(O)C(O)C(O)C4)N3C=C4CO[C@H](O)C(O)C(O)C(O
C1=O[S](=O)N[C@H](O)C2=CC=C(C3=C(C=CC(=O)N4C=CC(=O)C(O)C(C(C(O)C(C(O)C(C(O)C(C(O)C(C(O)C(C(O)C(C(O)C3)C)C)C)C,C1=O[S](=O)N[C@H](O)C2=CC=C(C(=O)N3C=C4C(=O)C(=O)C(=O)C(=O)C(=O)C(=O)C(=O)C(=O)C(=O)C(=O)C(=O)C(=O)C(=,C1=O[S](=O)N[C@H](O)C2=CC=C(C(=O)N3C=C4CO[C@H](O)C(O)C(O)C(O)C(O)C(O)C(O)C3)C2=C1)C4,O=S1(=O)N[C@H](O)c2ccc(N3C=C4CO[C@H](O)C(O)(CN=N4)C(O)(O)C(O)(O)C(O)C(O)(O)C(O)C3)cc21,C1=O[S]1(=O)N[C@H](O)c2ccc(N3C=C4CO[C@H](O)C(O)(CN=N4)C(O)(O)C(O)(O)C(O)(O)C(O)C(O)C3)cc21
C1=O[S](=O)N[C@H](O)C2=CC3=C(C(N4C=CC5=C(CO[C@H](O)C(O)(CN=C5)C(O)(O)C(O)(O)C(O)C(O)C4)C3)C2)C1,C1=O[S](=O)N[C@H](O)C2=CC=C(C(=O)N3C=C4C(C(=O)O[C@H](O)C(O)C(O)C(O)C(O)C(O)C(O)C(O)C3)C4)C2=C1,C1=O[S]1(=O)N[C@H](O)C2=CC=C(C(=O)N3C=C4C(=O)C(=O)C(=O)C(=O)C(=O)C(=O)C(=O)C(=O)C(=O)C(=O)C(=O)C3)C(=,C1=O[S](=O)N[C@H](O)C2=CC=C(C3=C(C(C(C(C(C(C(C(C(C(C(C(C(C(C(C(C(C(C(C(C(C(C(C(C(C(C(C(C(C(C(C(C(C(C(C(C(C(C(C(C(C(C(C(C(C(C(C(C(C(C(C(C(C(C(C(C,C1=O[S](=O)N[C@H](O)C2=CC=C(C(=O)N3C=C4C[C@H](O)C(O)C(O)C(O)C(O)C(O)C(O)C(O)C3)C4=C2)C1
C1=O[S+]1(=O)N[C@H](O)c2ccc(N3C=C4CO[C@H](O)C(O)(CN=N4)C(O)(O)C(O)(O)C(O)C(O)(O)C(O)C3)cc21,C1=O[S]1(=O)N[C@H](O)C2=CC=C(C(=O)N3C=C4CO[C@H](O)C(O)(CN=N4)C(O)(O)C(O)(O)C(O)(O)C(O)C(O)C3)C2,C1=O[S]1(=O)N[C@H](O)C2=CC=C(C3=C(C(=O)C4=C(C(=O)C5=C(C(=O)C6=C(C(=O)C7=C(C(=O)C8=C(C(=O)C9=C(C(=O)C1[C@H](O)C,C1=O[S](=O)N[C@H](O)C2=CC=C(C(=O)N3C=CC4=C(C(=O)C(O)(C)C(O)(C)C(O)C(O)C(O)C(O)C(O)C3)N=C4)C2)C1,C1=O[S]1(=O)N[C@H](O)C2=CC=C(C3C=CC(=O)N4C=C(C(O)C(O)C(O)C(O)C(O)C(O)C(O)C4)C3)C2
CC(=O)[SH]1(=O)N[C@H](O)c2ccc(N3C=C4CO[C@H](O)C(O)(CN=N4)C(O)(O)C(O)(O)C(O)C(O)C(O)C(O)C3)cc21,CC(=O)[SH]1(=O)N[C@H](O)c2ccc(N3C=C4CO[C@H](O)C(O)(CN=N4)C(O)(O)C(O)(O)C(O)C(O)C(O)C(O)C3)cc21,CC(=O)[SH]1(=O)N[C@H](O)c2ccc(N3C=C4CO[C@H](O)C(O)(CN=N4)C(O)(O)C(O)(O)C(O)C(O)C(O)C3)cc21,CC(=O)[SH]1(=O)N[C@H](O)c2ccc(N3C=C4CO[C@H](O)C(O)(CN=N4)C(O)(O)C(O)(O)C(O)C(O)C(O)C(O)C3)cc21,CC(=O)[SH]1(=O)N[C@H](O)c2ccc(N3C=C4CO[C@H](O)C(O)(CN=N4)C(O)(O)C(O)(O)C(O)C(O)C(O)C(O)C3)cc21
C1=O[S](=O)N[C@H](O)C2=CC=C(C(=O)N3C=C4C(C(=O)O[C@H](O)C(O)C(O)C(O)C(O)C(O)C3)C4)C2)C1,C1=O=S1(=O)N[C@H](O)C2=CC=C(C(=O)N3C=C4C(=O)C(=O)C(=O)C(=O)C(=O)C(=O)C(=O)C(=O)C(=O)C(=O)C(=O)C(=O)C(=,O=S1(=O)N[C@H](O)c2ccc(N3C=C4CO[C@H](O)C(O)(CN=N4)C(O)(O)C(O)(O)C(O)(O)C(O)C(O)C3)cc21,C1=O[S](=O)N[C@H]1c2ccc(N3C=C4CO[C@H](O)C(O)(CN=N4)C(O)(O)C(O)(O)C(O)C(O)C3)cc21,C1=O[S]1(=O)N[C@H](O)C2=CC=C(C3=C(C(=O)C(=O)N4C=CC4(C(=O)O)C(=O)O)C(=O)O)C(=O)O)C(=O)O)C(=O)O)C(=O)O
C1=O[S+]1(=O)N[C@H](O)c2ccc(N3C=C4CO[C@H](O)C(O)(CN=N4)C(O)(O)C(O)(O)C(O)C(O)(O)C(O)C3)cc21,C1=O[S](=O)N[C@H](O)c2ccc(N3C=C4CO[C@H](O)C(O)(CN=N4)C(O)(O)C(O)(O)C(O)(O)C(O)C(O)C3)cc21,C1=O[S]1(=O)N[C@H](O)C2=CC=C(C(=O)N3C=C4CO[C@H](O)C(O)(CN=N4)C(O)(O)C(O)(O)C(O)(O)C(O)C(O)C3)C2,C1=O[S]1(=O)N[C@H](O)C2=CC=C(C(N3C=C4CO[C@H](O)C(O)C(O)C(O)C(O)C(O)C(O)C(O)C3)CC=C4)C2,C1=O[S]1(=O)N[C@H](O)C2=CC=C(C(=O)N3C=C4C(C(=O)O[C@H](O)C(O)C(O)C(O)C(O)C(O)C(O)C(O)C3)C4)C2)C1
C1=O[S]1(=O)N[C@H](O)C2=CC=C(C3C=C(C(=O)N4C=C(C5CO[C@H](O)C(C(C(=O)N5)C(C(=O)O)C(C(=O)O)C(C(=O)O)C(C(=O)O),C1=O[S+]1(=O)N[C@H](O)c2ccc(N3C=C4CO[C@H](O)C(O)(CN=N4)C(O)(O)C(O)(O)C(O)C(O)(O)C(O)C3)cc21,C1=O[S]1(=O)N[C]2c3cc(N4C=C5CO[C]6c7cc(O)C(O)C(O)C(O)C(O)C(O)C(O)C(O)C(O)C7)cc5C(O)C(O)C(O)C(O)C(O)C(O)C(O,C1=O[S](=O)N[C@H](O)C2=CC=C(C(=O)N3C=C4C(C(=O)C(C(=O)C(C(=O)C(C(=O)C(C(=O)C(C(=O)C3)C)C)C)C)C)C)C(=O)C,C1=O[S](=O)N[C@H](O)C2=CC=C(C3=C(C(C(=O)C(=O)N4C=CC(=O)C4(C(C(=O)C(=O)N5C=CC(=O)C5(C(C(=O)C(=O)C(C(=O)C(=O)
C1=O[S+]1(=O)N[C@H](O)c2ccc(N3C=C4CO[C@H](O)C(O)(CN=N4)C(O)(O)C(O)(O)C(O)C(O)(O)C(O)C3)cc21,C1=O[S](=O)N[C@H](O)C2=CC=C(C(=O)N3C=C4C(=O)C(=O)C(=O)C(=O)C(=O)C(=O)C(=O)C(=O)C(=O)C(=O)C(=O)C(=O)C(=,O=S1(=O)N[C@H](O)c2ccc(N3C=C4CO[C@H](O)C(O)(CN=N4)C(O)(O)C(O)(O)C(O)C(O)(O)C(O)C3)cc21,C1=O[NH]([O])C2=O[C@H]3[C@H]4[C@H]5[C@H]6[C@H]7[C@H]8[C@H]9[C@H]1O[C@H]2[C@H]3[C@H]4[C@H]5[C@H]6,C1=O[S](=O)N[C@H](O)C2=CC=C(C3C=C(C4CO[C@H](O)C(O)C(O)C(O)C(O)C(O)C3)C(N4)C(=O)C(O)C(O))C2=C1
CCC(=O)[SH]1(=O)N[C@H](O)c2ccc(N3C=C4CO[C@H](O)C(O)(CN=N4)C(O)(O)C(O)(O)C(O)C(O)C(O)C(O)C3)cc21,CCC(=O)[SH]1(=O)N[C@H](O)c2ccc(N3C=C4CO[C@H](O)C(O)(CN=N4)C(O)(O)C(O)(O)C(O)C(O)C(O)C(O)C3)cc21,O=S1(=O)N[C@H](O)c2ccc(N3C=C4CO[C@H](O)C(O)(CN=N4)C(O)(O)C(O)(O)C(O)C(O)(O)C(O)C3)cc21,C1=O[S+]1(=O)N[C@H](O)c2ccc(N3C=C4CO[C@H](O)C(O)(CN=N4)C(O)(O)C(O)(O)C(O)(O)C(O)C(O)C3)cc21,CC(=O)[SH]1(=O)N[C@H](O)c2ccc(N3C=C4CO[C@H](O)C(O)(CN=N4)C(O)(O)C(O)C(O)C(O)C(O)C3)cc21
C1=O[S](=O)N[C@H](O)C2=CC=C(C3C=CC(N4C=CC(O)C(O)C(O)C(O)C(O)C(O)C(O)C(O)C4)C3)C2=C1,O=S1(=O)N[C@H](O)c2ccc(N3C=C4CO[C@H](O)C(O)(CN=N4)C(O)(O)C(O)(O)C(O)C(O)C3)cc21,C1=O[S](=O)N[C@H](O)c2ccc(N3C=C4CO[C@H](O)C(O)(CN=N4)C(O)(O)C(O)(O)C(O)C(O)C(O)C3)cc21,C1=O[S](=O)N[C@H](O)C2=CC=C(C3=C(C(C(C(C(C(C(C(C(C(C(C(C(C(C(C(C(C(C(C(C(C(C(C(C(C(C(C(C(C(C(C(C(C(C(C(C(C(C(C(C(C(C(C(C(C(C(C(C(C(C(C(C(C(C(C(C,O=S1(=O)N[C@H](O)c2ccc(N3C=C4CO[C@H](O)C(O)(CN=N4)C(O)(O)C(O)(O)C(O)(O)C(O)C(O)C3)cc21
C1=O[S+]1(=O)N[C@H](O)c2ccc(N3C=C4CO[C@H](O)C(O)(CN=N4)C(O)(O)C(O)(O)C(O)(O)C(O)C3)cc21,C1=O[S]1(=O)N[C@H](O)C2=CC=C(C(N3C=C4CO[C@H](O)C(O)(CN=N4)C(O)(O)C(O)(O)C(O)C(O)(O)C(O)C3)C2)C1,O=S1(=O)N[C@H](O)c2ccc(N3C=C4CO[C@H](O)C(O)(CN=N4)C(O)(O)C(O)(O)C(O)C(O)(O)C(O)C3)cc21,C1=O=S1(=O)N[C@H](O)c2ccc(N3C=C4CO[C@H](O)C(O)(CN=N4)C(O)(O)C(O)(O)C(O)(O)C(O)C(O)C3)cc21,C1=O[S](=O)N[C@H](O)C2=CC=C(C3C=C(C4C(C(C(C(C(C(C(C(C(C(C(C(C(C(C(C(C(C(C(C(C(C(C(C(C(C(C(C(C(C(C(C(C(C(C(C(C(C(C(C(C(C(C(C(C(C(C(C(C(C(C(C(C
C1=O[S](=O)N[C@H](O)C2=CC=C(C3C=C(C(=O)N4C=C(C(C(C(C(C(C(C(C(C(C(C(C(C(C(C(C(C(C(C(C(C(C(C(C(C(C(C(C(C(C(C(C(C(C(C(C(C(C(C(C(C(C(C(C(C(C(C,O=S1(=O)N[C@H](O)c2ccc(N3C=C4CO[C@H](O)C(O)(CN=N4)C(O)(O)C(O)(O)C(O)C(O)(O)C(O)C3)cc21,C1=O[C@@H](O)N[C@H]1c2ccc(N3C=C4CO[C@H](O)C(O)(CN=N4)C(O)(O)C(O)(O)C(O)C(O)(O)C(O)C3)cc21,O=S1(=O)N[C@H](O)c2ccc(N3C=C4CO[C@H](O)C(O)(CN=N4)C(O)(O)C(O)(O)C(O)C(O)(O)C(O)C3)cc21,C1=O[S](=O)N[C@H](O)C2=CC=C(C(=O)N3C=C4C(C(=O)O[C@H](O)C(O)C(O)C(O)C(O)C(O)C(O)C(O)C(O)C(O)C(O)C(O)C(O)C(O
C1=O[S]1(=O)N[C@H](O)C2=CC=C(N3C=C4CO[C@H](O)C(O)(CN=N4)C(O)(O)C(O)(O)C(O)(O)C(O)C(O)C3)C2,C1=O[S](=O)N[C@H](O)C2=CC=C(C3C=CC(=O)N4C=CC(=O)C(O)C(O)C(O)C(O)C(O)C(O)C(O)C4)C(N3C=CC(=O)C(O)C(O)C(O)C,O=S1(=O)N[C@H](O)c2ccc(N3C=C4CO[C@H](O)C(O)(CN=N4)C(O)(O)C(O)(O)C(O)C(O)(O)C(O)C3)cc21,O=S1(=O)N[C@H](O)c2ccc(N3C=C4CO[C@H](O)C(O)(CN=N4)C(O)(O)C(O)(O)C(O)(O)C(O)C(O)C3)cc21,C1=O[S]1(=O)N[C@H](O)C2=CC=C(C3C=C(C(=O)N4C=CC5=C(C(=O)O)C(O)(CN=C5)C(O)(O)C(O)(O)C(O)C(O)C4)C3)C2
CCC(=O)[SH]1(=O)N[C@H](O)c2ccc(N3C=C4CO[C@H](O)C(O)(CN=N4)C(O)(O)C(O)(O)C(O)(O)C(O)C(O)C3)cc21,CC(=O)[SH]1(=O)N[C@H](O)c2ccc(N3C=C4CO[C@H](O)C(O)(CN=N4)C(O)(O)C(O)C(O)C(O)C(O)C3)cc21,CC(=O)[SH]1(=O)N[C@H](O)c2ccc(N3C=C4CO[C@H](O)C(O)C(O)C(O)C(O)C(O)C(O)C(O)C(O)C(O)C(O)C3)cc21,CC(=O)[SH]1(=O)N[C@H](O)c2ccc(N3C=C4CO[C@H](O)C(O)(CN=N4)C(O)(O)C(O)C(O)C(O)C(O)C(O)C3)cc21,CC(=O)[SH]1(=O)N[C@H](O)c2ccc(N3C=C4CO[C@H](O)C(O)(CN=N4)C(O)(O)C(O)C(O)C(O)C(O)C(O)C3)cc21
C1=O[S]1(=O)N[C@H](O)C2=CC=C(C(=O)N3C=C4CO[C@H](O)C(O)(CN=N4)C(O)(O)C(O)(O)C(O)C(O)C3)C2,O=S1(=O)N[C@H](O)c2ccc(N3C=C4CO[C@H](O)C(O)(CN=N4)C(O)(O)C(O)(O)C(O)C(O)C3)cc21,C1=O[S+]1(=O)N[C@H]1c2ccccc2N3C=C4CO[C@H](O)C(O)C(O)C(O)C(O)C(O)C(O)C(O)C(O)C(O)C(O)C(O)C3C4,C1=O[S]1(=O)N[C@H](O)c2ccc(N3C=C4CO[C@H](O)C(O)(CN=N4)C(O)(O)C(O)(O)C(O)C(O)(O)C(O)C3)cc21,C1=O[S]1(=O)N[C@H](O)C2=CC=C(C3=C(N4C=C(C(O)C(O)C(O)C(O)C(O)C(O)C(O)C4)C3)C2)N3C=C4C(O)C(O)C(O)C(O)C(O)C
C1=O[S+]1=O[NH]2[C@H](O)C3=CC=C2[N3C=C4CO[C@H](O)C(O)(CN=N4)C(O)(O)C(O)(O)C(O)(O)C(O)C(O)C3]C2=CC=CC3,C1=O[S](=O)N[C@H](O)C2=CC=C(C(=O)N3C=C4CO[C@H](O)C(O)C(O)C(O)C(O)C(O)C(O)C(O)C(O)C(O)C(O)C(O)C(O)C3)C2)C,O=S1(=O)N[C@H](O)c2ccc(N3C=C4CO[C@H](O)C(O)(CN=N4)C(O)(O)C(O)(O)C(O)C(O)(O)C(O)C3)cc21,O=S1(=O)N[C@H](O)c2ccc(N3C=C4CO[C@H](O)C(O)(CN=N4)C(O)(O)C(O)(O)C(O)C(O)(O)C(O)C3)cc21,O=S1(=O)N[C@H](O)c2ccc(N3C=C4CO[C@H](O)C(O)(CN=N4)C(O)(O)C(O)(O)C(O)(O)C(O)C(O)C3)cc21
CC(=O)[SH]1(=O)N[C@H](O)c2ccc(N3C=C4CO[C@H](O)C(O)(CN=N4)C(O)(O)C(O)(O)C(O)C(O)C(O)C(O)C3)cc21,CC(=O)[SH]1(=O)N[C@H](O)c2ccc(N3C=C4CO[C@H](O)C(O)(CN=N4)C(O)(O)C(O)(O)C(O)C(O)C(O)C(O)C3)cc21,CC(=O)[SH]1(=O)N[C@H](O)c2ccc(N3C=C4CO[C@H](O)C(O)(CN=N4)C(O)(O)C(O)C(O)C(O)C(O)C3)cc21,CC(=O)[SH]1(=O)N[C@H](O)c2ccc(N3C=C4CO[C@H](O)C(O)(CN=N4)C(O)(O)C(O)(O)C(O)C(O)C(O)C(O)C3)cc21,CC(=O)SC1(=O)N[C@H](O)C2=CC=C(N3C=C4C(C(=O)C(O)(CN=N4)C(O)(C)C(O)(C)C(O)C(O)C(O)C(O)C3)C)C=C2C1
C1=O[S]1(=O)N[C@H](O)c2ccc(N3C=C4CO[C@H](O)C(O)(CN=N4)C(O)(O)C(O)(O)C(O)(O)C(O)C3)cc21,C1=O/N=C(=O)N[C@H]1c2ccc(N3C=C4CO[C@H]4C(O)C(O)C(O)C(O)C(O)C(O)C(O)C3)cc21,C1=O[S](=O)N[C@H](O)C2=CC=C(C3C=C(C(=O)N4C=C5C[C@H](O)C(O)C(O)C(O)C(O)C(O)C(O)C5)C(=O)C3)C(=O)C2)C(=O),C1=O[S](=O)N[C@H](O)C2=CC=C(C(=O)N3C=CC4=C(C(=O)C(=O)C(=O)C(=O)C(=O)C(=O)C(=O)C(=O)C(=O)C(=O)C(=O)C(=O),C1=O[S](=O)N[C@H](O)C2=CC=C(C3=C(C(C(C(C(C(C(C(C(C(C(C(C(C(C(C(C(C(C(C(C(C(C(C(C(C(C(C(C(C(C(C(C(C(C(C(C(C(C(C(C(C(C(C(C(C(C(C(C(C(C(C(C(C(C(C(C
O=S1(=O)N[C@H](O)c2ccc(N3C=C4CO[C@H](O)C(O)(CN=N4)C(O)(O)C(O)(O)C(O)(O)C(O)C(O)C3)cc21,C1=O[S](=O)N[C@H](O)C2=CC=C(C(N3C=C4CO[C@H](O)C(O)(CN=N4)C(O)(O)C(O)(O)C(O)C(O)(O)C(O)C3)CC2)C1,O=S1(=O)N[C@H](O)c2ccc(N3C=C4CO[C@H](O)C(O)(CN=N4)C(O)(O)C(O)(O)C(O)(O)C(O)C3)cc21,C1=O[S](=O)N[C@H](O)C2=CC=C(C(=O)N3C=CC4=C(C(=O)O[C@H](O)C(O)C(O)N=N4)C(O)C(O)C(O)C(O)C(O)C(O)C3)CC2)C1,C1=O[S](=O)N[C@H](O)C2=CC=C(C3C(=C(C4C(=O)C(=O)C(=O)C(=O)C(=O)C(=O)C(=O)C(=O)C(=O)C(=O)C(=O)C(=O)C(=O)
O=S1(=O)N[C@H](O)c2ccc(N3C=C4CO[C@H](O)C(O)(CN=N4)C(O)(O)C(O)(O)C(O)(O)C(O)C3)cc21,C1=O[S]1(=O)N[C@H](O)c2ccc(N3C=C4CO[C@H](O)C(O)(CN=N4)C(O)(O)C(O)(O)C(O)(O)C(O)C3)cc21,O=S1(=O)N[C@H](O)c2ccc(N3C=C4CO[C@H](O)C(O)(CN=N4)C(O)(O)C(O)(O)C(O)C3)cc21,O=S1(=O)N[C@H](O)c2ccc(N3C=C4CO[C@H](O)C(O)(CN=N4)C(O)(O)C(O)(O)C(O)C(O)C3)cc21,C1=O[S](=O)N[C@H](O)C2=CC=C3N4C=C(C(C(=O)C(C(=O)C(C(=O)C(C(=O)C(C(=O)C(C(=O)C2)C3)C)C)C)C)C)C)C4
O=S1(=O)N[C@H](O)c2ccc(N3C=C4CO[C@H](O)C(O)(CN=N4)C(O)(O)C(O)(O)C(O)(O)C(O)C(O)C3)cc21,C1=O[S](=O)N[C@H](O)C2=CC=C(C3=C(C4=C(C(C(O)C(O)C(O)C(O)C(O)C(O)C(O)C(O)C(O)C(O)C(O)C3)C(N=C4)C)C)C2)C1,C1=O[S](=O)N[C@H](O)C2=CC=C(C3C=CC4=C(C(C(C(C(C(C(C(C(C(C(C(C(C(C(C(C(C(C(C(C(C(C(C(C(C(C(C(C(C(C(C(C(C(C(C(C(C(C(C(C(C(C(C(C(C(C(C(C(C(C(C(C,C1=O[S](=O)N[C@H](O)c2ccc(N3C=C4CO[C@H](O)C(O)(CN=N4)C(O)(O)C(O)(O)C(O)C(O)C3)cc21,O=S1(=O)N[C@H](O)c2ccc(N3C=C4CO[C@H](O)C(O)(CN=N4)C(O)(O)C(O)(O)C(O)C(O)(O)C(O)C3)cc21
CC(=O)[SH]1(=O)N[C@H](O)c2ccc(N3C=C4CO[C@H](O)C(O)(CN=N4)C(O)(O)C(O)(O)C(O)C(O)C(O)C(O)C3)cc21,CC(=O)[SH]1(=O)N[C@H](O)c2ccc(N3C=C4CO[C@H](O)C(O)(CN=N4)C(O)(O)C(O)(O)C(O)C(O)C(O)C(O)C3)cc21,CC(=O)[SH]1(=O)N[C@H](O)c2ccc(N3C=C4CO[C@H](O)C(O)(CN=N4)C(O)(O)C(O)(O)C(O)C(O)C(O)C(O)C3)cc21,CC(=O)[SH]1(=O)N[C@H](O)c2ccc(N3C=C4CO[C@H](O)C(O)(CN=N4)C(O)(O)C(O)(O)C(O)C(O)C(O)C(O)C3)cc21,CC(=O)[S]1(=O)N[C@H](O)c2ccc(N3C=C4CO[C@H](O)C(O)(CN=N4)C(O)(O)C(O)(O)C(O)C(O)C(O)C3)cc21
O=S1(=O)N[C@H](O)c2ccc(N3C=C4CO[C@H](O)C(O)(CN=N4)C(O)(O)C(O)(O)C(O)(O)C(O)C(O)C3)cc21,C1=O[S](=O)N[C@H](O)C2=CC=C(C(=O)N3C=C4CO[C@H](O)C(O)C(O)C(O)C(O)C(O)C(O)C(O)C(O)C3)C2=C1)C4=CN=C(C(=O)O),C1=O=S1(=O)N[C@H](O)C2=CC=C(C3=C(C(=O)C(C(=O)C(C(=O)C(C(=O)C(C(=O)C(C(=O)C(C(=O)C(C(=O)C(C(=O)C2)C3)N)C)C),C1=O[S](=O)N[C@H](O)C2=CC=C(C(=O)N3C=C4C[C@H](O)C(C(=O)O)C(O)C(=O)C(=O)C(=O)C(=O)C(=O)C(=O)C3)C4)C(=O,C1=O[S]1(=O)N[C@H](O)c2ccc(N3C=C4CO[C@H](O)C(O)(CN=N4)C(O)(O)C(O)(O)C(O)(O)C(O)C3)cc21
C1=O[S]1(=O)N[C@H](O)c2ccc(N3C=C4CO[C@H](O)C(O)(CN=N4)C(O)(O)C(O)(O)C(O)(O)C(O)C(O)C3)cc21,C1=O[S](=O)N[C@H](O)C2=CC=C(C(=O)N3C=C4C(C(=O)O[C@H](O)C(O)(C(=N)N4)C(=O)O)C(=O)O)C(=O)O)C(=O)O)C(=O),C1=O[S](=O)N[C@H](O)C2=CC=C(C3=C(C(=O)N4C=C(C5=C(C(=O)O[C@H](O)C(O)C(O)C(O)C(O)C(O)C5)N4)C3)C2)C1)C1=CC,O=S1(=O)N[C@H](O)c2ccc(N3C=C4CO[C@H](O)C(O)(CN=N4)C(O)(O)C(O)(O)C(O)C(O)(O)C(O)C3)cc21,O=S1(=O)N[C@H](O)c2ccc(N3C=C4CO[C@H](O)C(O)(CN=N4)C(O)(O)C(O)(O)C(O)(O)C(O)C3)cc21
O=S1(=O)N[C@H](O)c2ccc(N3C=C4CO[C@H](O)C(O)(CN=N4)C(O)(O)C(O)(O)C(O)(O)C(O)C(O)C3)cc21,O=S1(=O)N[C@H](O)c2ccc(N3C=C4CO[C@H](O)C(O)(CN=N4)C(O)(O)C(O)(O)C(O)C(O)C3)cc21,C1=O[NH](O)C2=CC3=C(N4C=CC5=C(C(O)C(O)C(O)C(O)C(O)C(O)C(O)C5)CO)C(O)C(O)C(O)C(O)C(O)C(O)C(O)C3)C(O)C(O)C(O,O=S1(=O)N[C@H](O)c2ccc(N3C=C4CO[C@H](O)C(O)(CN=N4)C(O)(O)C(O)(O)C(O)C(O)(O)C(O)C3)cc21,C1=O[S](=O)N[C@H](O)c2ccc(N3C=C4CO[C@H](O)C(O)(CN=N4)C(O)(O)C(O)(O)C(O)C(O)(O)C(O)C3)cc21
C1=O[S]1(=O)N[C@H](O)c2ccc(N3C=C4CO[C@H](O)C(O)(CN=N4)C(O)(O)C(O)(O)C(O)C3)cc21,C1=O[S](=O)N[C@H](O)C2=CC=C(C(=O)N3C=C4CO[C@H](O)C(O)C(O)C(O)C(O)C(O)C(O)C3)C4)C2=C1,C1=O[S](=O)N[C@H](O)C2=CC=C(C(=O)N3C=C4CO[C@H](O)C(O)(CN=N4)C(O)(O)C(O)(O)C(O)C3)C2=C1,C1=O[S](=O)N[C@H](O)C2=CC=C(C3=C(C(C(C(C(C(C(C(C(C(C(C(C(C(C(C(C(C(C(C(C(C(C(C(C(C(C(C(C(C(C(C(C(C(C(C(C(C(C(C(C(C(C(C(C(C(C(C(C(C(C(C(C(C(C(C(C,C1=O[S]1(=O)N[C@H](O)c2ccc(N3C=C4CO[C@H](O)C(O)(CN=N4)C(O)(O)C(O)(O)C(O)C3)cc21
C1=O[S]1(=O)N[C@H](O)c2ccc(N3C=C4CO[C@H](O)C(O)(CN=N4)C(O)(O)C(O)(O)C(O)C(O)(O)C(O)C3)cc21,O=S1(=O)N[C@H](O)c2ccc(N3C=C4CO[C@H](O)C(O)(CN=N4)C(O)(O)C(O)(O)C(O)C(O)(O)C(O)C3)cc21,C1=O[S]1(=O)N[C@H](O)C2=CC=C(C3C=C4CO[C@H](O)C(O)C(O)C(O)C(O)C(O)C(O)C(O)C3)C(N=C4)C2,CC(=O)[S]1(=O)N[C@H](O)c2ccc(N3C=C4CO[C@H](O)C(O)(CN=N4)C(O)(O)C(O)(O)C(O)C(O)C3)cc21,C1=O[S]1(=O)N[C@H](O)c2ccc(N3C=C4CO[C@H](O)C(O)(CN=N4)C(O)(O)C(O)(O)C(O)(O)C(O)C(O)C3)cc21
O=S1(=O)N[C@H](O)c2ccc(N3C=C4CO[C@H](O)C(O)(CN=N4)C(O)(O)C(O)(O)C(O)(O)C(O)C(O)C3)cc21,C1=O[S]1(=O)N[C@H](O)C2=CC=C(C3=C(C(=O)C(=O)N4C=CC4(C(=O)C(=O)C(=O)C(=O)C(=O)C(=O)C(=O)C(=O)C(=O)C(=O)C,C1=O[S](=O)N[C@H](O)C2=CC=C(C3C=CC(=O)N4C=CC(=O)C4(C(C(C(C(C(C(C(C(C(C(C(C(C(C(C(C(C(C(C(C(C(C(C(C(C(C(C(C(C(C(C(C(C(C(C(C(C(C(C(C(C,C1=O[S]1(=O)N[C@H](O)c2ccc(N3C=C4CO[C@H](O)C(O)(CN=N4)C(O)(O)C(O)(O)C(O)C(O)(O)C(O)C3)cc21,O=S1(=O)N[C@H](O)c2ccc(N3C=C4CO[C@H](O)C(O)(CN=N4)C(O)(O)C(O)(O)C(O)(O)C(O)C(O)C3)cc21
CC(=O)[SH]1(=O)N[C@H](O)c2ccc(N3C=C4CO[C@H](O)C(O)(CN=N4)C(O)(O)C(O)(O)C(O)C(O)C(O)C(O)C3)cc21,CC(=O)[SH]1(=O)N[C@H](O)c2ccc(N3C=C4CO[C@H](O)C(O)(CN=N4)C(O)(O)C(O)(O)C(O)C(O)C(O)C(O)C3)cc21,CC(=O)[SH]1(=O)N[C@H](O)c2ccc(N3C=C4CO[C@H](O)C(O)(CN=N4)C(O)(O)C(O)(O)C(O)C(O)C(O)C(O)C3)cc21,CC(=O)[SH]1(=O)N[C@H](O)c2ccc(N3C=C4CO[C@H](O)C(O)(CN=N4)C(O)(O)C(O)(O)C(O)C(O)C(O)C(O)C3)cc21,CC(=O)[SH]1(=O)N[C@H](O)c2ccc(N3C=C4CO[C@H](O)C(O)(CN=N4)C(O)(O)C(O)(O)C(O)C(O)C(O)C(O)C3)cc21
C1=O[S](=O)N[C@H](O)C2=CC=C(C3C=CC(=O)N4C=C(C(C(O)C(O)C(O)C(O)C(O)C(O)C(O)C(O))C3)C(O)C(O)N4)C2)C1,O=S1(=O)N[C@H](O)c2ccc(N3C=C4CO[C@H](O)C(O)(CN=N4)C(O)(O)C(O)(O)C(O)C(O)C3)cc21,C1=O[S](=O)N[C@H](O)C2=CC3=C(C=C(C4=C(C(C(C(C(C(C(C(C(C(C(C(C(C(C(C(C(C(C(C(C(C(C(C(C(C(C(C(C(C(C(C(C(C(C(C(C(C(C(C(C(C(C(C(C(C(C(C(C(C(C(C(C(C,O=S1(=O)N[C@H](O)c2ccc(N3C=C4CO[C@H](O)C(O)(CN=N4)C(O)(O)C(O)(O)C(O)C(O)(O)C(O)C3)cc21,O=S1(=O)N[C@H](O)c2ccc(N3C=C4CO[C@H](O)C(O)(CN=N4)C(O)(O)C(O)(O)C(O)(O)C(O)C(O)C3)cc21
C1=O[S+]1=O[NH]2[C@H]3c4ccc(N5C=C6CO[C@H]7(C)C(O)(CN=N6)C(O)(O)C(O)(O)C(O)(O)C(O)C(O)C5)cc23,C1=O[S](=O)N[C@H](O)C2=CC=C(C3C=CC(=O)N4C=CC(=O)C5(C(C(C(C(C(C(C(C(C(C(C(C(C(C(C(C(C(C(C(C(C(C(C(C(C(C(C(C(C(C(C(C(C(C(C(C(C(C(C(C(C,C1=O[S](=O)N[C@H](O)C2=CC=C(C3=C(C(=O)C(=O)N4C=CC(=O)O[C@H](O)C(O)C(O)C(O)C(O)C(O)C(O)C3)C4)C(O)C2=C1,O=S1(=O)N[C@H](O)c2ccc(N3C=C4CO[C@H](O)C(O)(CN=N4)C(O)(O)C(O)(O)C(O)(O)C(O)C(O)C3)cc21,C1=O[S]1(=O)N[C@H](O)C2=CC=CC2N3C=C4CO[C@H](O)C(O)C(O)C(O)C(O)C(O)C(O)C(O)C(O)C(O)C3=C4CN=N4
C1=O[S+]1(=O)N[C@H](O)C2=CC=CC3=C(C(=O)N4C5=C(C(=O)O[C@H](C6=CC=CC=C6)O)C(C(=O)O)C(C(=O)O)C(C(=O)O)C5)N(C,C1=O[S+]([O-])N[C@H](O)C2=CC=CC3=C(C(=O)N4C(=O)C5[C@H]6O[C@H](C(O)C(O)C(O)C6)C(O)C(O)C5)C=CC(N=C3)C2=C1),O=S1(=O)N[C@H](O)c2ccc(-n3cc(CO[C@H]4O[C@H](CO)[C@H](O)[C@H]4O)nn3)cc21,C1=O[S]1(=O)N[C@H](O)C2=CC=CC3=C(C(=O)C4=C(O)C(O)[C@H](O)C(C(O)(C)C(O)(C)C(O))C4)N=C3C2,C1=O[S@@H](=O)N[C@@H](O)c2ccc(-n3cc(CO[C@@H]4O[C@@H](CO)[C@@H](O)[C@H](O)[C@H]4O)nn3)cc21
C1=O[S]1(=O)N[C@H](O)C2=CC=C(C3C=C(C(N4C=C(C(O)C(O)C(O)C(O)C(O)C(O)C(O)C4)C)C3)C)C2)C=O,C1=O[S(=O)(=O)N[C@H](O)C2=CC3=C(C(=O)N4C=C5CO[C@H](O)C(O)C(O)C(O)C(O)C(O)C(O)C(O)C(O)C5)C3)C2=C1,O=S1(=O)N[C@H](O)c2ccc(N3C=C4CO[C@H](O)C(O)(CN=N4)C(O)(O)C(O)(O)C(O)(O)C(O)C(O)C3)cc21,O=S1(=O)N[C@H](O)c2ccc(N3C=C4CO[C@H](O)C(O)(CN=N4)C(O)(O)C(O)(O)C(O)C(O)(O)C(O)C3)cc21,C1=O[S]1(=O)N[C@H](O)c2ccc(N3C=C4CO[C@H](O)C(O)(CN=N4)C(O)(O)C(O)(O)C(O)C(O)(O)C(O)C3)cc21
CC(=O)[SH]1(=O)N[C@H](O)c2ccc(N3C=C4CO[C@H](O)C(O)(CN=N4)C(O)(O)C(O)(O)C(O)C(O)C(O)C(O)C3)cc21,CC(=O)[S]1(=O)N[C@H](O)c2ccc(N3C=C4CO[C@H](O)C(O)(CN=N4)C(O)(O)C(O)(O)C(O)(O)C(O)C(O)C3)cc21,CC(=O)[S]1(=O)N[C@H](O)c2ccc(N3C=C4CO[C@H](O)C(O)(CN=N4)C(O)(O)C(O)(O)C(O)C(O)C3)cc21,CC(=O)[SH]1(=O)N[C@H](O)c2ccc(N3C=C4CO[C@H](O)C(O)(CN=N4)C(O)(O)C(O)(O)C(O)C(O)C(O)C(O)C3)cc21,CC(=O)[SH]1(=O)N[C@H](O)c2ccc(N3C=C4CO[C@H](O)C(O)(CN=N4)C(O)(O)C(O)(O)C(O)C(O)C(O)C(O)C3)cc21
C1=O[S](=O)N[C@H](O)C2=CC=C(C(=O)N3C=C4C(=O)C(=O)C(=O)C(=O)C(=O)C(=O)C(=O)C(=O)C(=O)C(=O)C(=O)C(=O)C(=,O=S1(=O)N[C@H](O)c2ccc(N3C=C4CO[C@H](O)C(O)(CN=N4)C(O)(O)C(O)(O)C(O)C(O)(O)C(O)C3)cc21,C1=O[S]1(=O)N[C@H](O)c2ccc(N3C=C4CO[C@H](O)C(O)(CN=N4)C(O)(O)C(O)(O)C(O)(O)C(O)C(O)C3)cc21,C1=O[S](=O)N[C@H](O)C2=CC=C(C3C=CC(=O)N4C=CC(=O)C(O)C(C(O)C(O)C(O)C(O)C(O)C(O)C(O)C3)C4)C2=C1,C1=O[S](=O)N[C@H](O)C2=CC=C(C3C=C4C(O)C(O)C(O)C(O)C(O)C(O)C(O)C(O)C(O)C(O)C3)N(C4)C2=C1
CC(=O)CSC1(=O)N[C@H](O)C2=CC=C(N3C=C4COC5=C(C(O)C(O)C(O)C(O)C(O)C(O)C(O)C(O)C(O)C(O)C(O)C(O)C3)C=NC4)C=CC5=C,CCC(=O)[SH]1(=O)N[C@H](O)c2ccc(N3C=C4CO[C@H](O)C(O)(CN=N4)C(O)(O)C(O)(O)C(O)C(O)C(O)C(O)C3)cc21,C1CCC(=O)SC1(=O)N[C@H](O)C2=CC=C(C3C=C(C4C=CC(=O)N5C(=C(C(C(C(C(C(C(C(C(C(C(C(C(C(C(C(C(C(C(C(C(C(C(C(C(C(C(C(C(C(C(C(C(C(C(C(C(C(C(C(C,CCC(=O)[SH]1(=O)N[C@H](O)c2ccc(N3C=C4CO[C@H](O)C(O)(CN=N4)C(O)(O)C(O)(O)C(O)C(O)C(O)C(O)C3)cc21,CCC(=O)[SH]1(=O)N[C@H](O)c2ccc(N3C=C4CO[C@H](O)C(O)(CN=N4)C(O)(O)C(O)(O)C(O)C(O)C(O)C(O)C3)cc21
C1=O[S@](=O)N[C@H](O)C2=CC=C(C3=C(C(C(C(C(C(C(C(C(C(C(C(C(C(C(C(C(C(C(C(C(C(C(C(C(C(C(C(C(C(C(C(C(C(C(C(C(C(C(C(C(C(C(C(C(C(C(C(C(C(C(C(C(C(C(C,C1=O[NH](O)C2=CC=C(C(=O)N3C=C4CO[C@H](O)C(O)(CN=N4)C(O)(O)C(O)(O)C(O)(O)C(O)C3)CC2=O1,C1=O[S]1(=O)N[C@H](O)c2ccc(N3C=C4CO[C@H](O)C(O)(CN=N4)C(O)(O)C(O)(O)C(O)C(O)(O)C(O)C3)cc21,C1=O[S+]1(=O)N[C@H](O)C2=CC=C(C3=C(C(N4C=CC4)C(=O)C5=C(C(N5)C(C(C(C(C(C(C(C(C(C(C(C(C(C(C(C(C(C(C(C(C(C(C(C(C(C(C(C(C(C(C(C(C(C(C(C,C1=O[S](=O)N[C@H](O)C2=CC=C3N4C=CC4C(=O)O[C@H](O)C(O)C(O)C(O)C(O)C(O)C(O)C(O)C(O)C(O)C3=C2C1
C1=CC(=O)N(C2=CC=CC=C2S(=O)(=O)C3=CC=CC=C3F)C4=CC=CC=C4C5=C6C=CC(=C6N(C7=C5C=CC=C7)C2=C1)C2=C3C=CC(=C3N2),CCC(=O)[S]1(=O)N[C@H](O)c2ccc(N3C=C4CO[C@H](O)C(O)(CN=N4)C(O)(O)C(O)(O)C(O)C(O)C3)cc21,CCC(=O)[S]1(=O)N[C@H](O)c2ccc(N3C=C4CO[C@H](O)C(O)(CN=N4)C(O)(O)C(O)(O)C(O)C(O)C3)cc21,CCC(=O)[S]1(=O)N[C@H](O)c2ccc(N3C=C4CO[C@H](O)C(O)(CN=N4)C(O)(O)C(O)(O)C(O)C(O)C3)cc21,CCC(=O)[S]1(=O)N[C@H](O)c2ccc(N3C=C4CO[C@H](O)C(O)(CN=N4)C(O)(O)C(O)(O)C(O)C(O)C3)cc21
O=S1(=O)N[C@H](O)c2ccc(N3C=C4CO[C@H](O)C(O)(CN=N4)C(O)(O)C(O)(O)C(O)C(O)(O)C(O)C3)cc21,C1=O[S](=O)N[C@H](O)c2ccc(N3C=C4CO[C@H](O)C(O)(CN=N4)C(O)(O)C(O)(O)C(O)C(O)(O)C(O)C3)cc21,C1=O[S]1(=O)N[C@H](O)C2=CC=C(C3C=C(C(=O)C4C(=O)C(=O)C(=O)C(=O)C(=O)C(=O)C(=O)C(=O)C(=O)C(=O)C(=O)C(=O),C1=O[S+]1(=O)N[C@H](O)C2=CC=C(C(=O)N3C=CC4=C(C(=O)O[C@H](O)C(O)(CN=C4)C(O)(O)C(O)(O)C(O)C(O)C3)CC2)C1,O=S1(=O)N[C@H](O)c2ccc(N3C=C4CO[C@H](O)C(O)(CN=N4)C(O)(O)C(O)(O)C(O)(O)C(O)C(O)C3)cc21
C1=O[S+]1(=O)N[C@H](O)C2=CC=C(C3C(=C(C(=O)C4CO[C@H](O)C(O)C(O)C(O)C(O)C(O)C(O)C3)C4)N3C(=O)C(O)C(O)C(O)C,O=S1(=O)N[C@H](O)c2ccc(N3C=C4CO[C@H](O)C(O)(CN=N4)C(O)(O)C(O)(O)C(O)C(O)(O)C(O)C3)cc21,C1=O=S1(=O)N[C@H](O)C2=CC=C(C(=O)N3C=C4C(C(=O)O[C@H](O)C(O)(CN=C4)C(O)(O)C(O)(O)C(O)C(O)(O)C(O)C3)C2)C1,C1=O[S+]1(=O)N[C@H](O)C2=CC=C(C(=O)N3C=C4CO[C@H](O)C(O)(CN=N4)C(O)(O)C(O)(O)C(O)C(O)(O)C(O)C3)C2,C1=O[S]1(=O)N[C@H](O)c2ccc(N3C=C4CO[C@H](O)C(O)(CN=N4)C(O)(O)C(O)(O)C(O)C(O)(O)C(O)C3)cc21
O=S1(=O)N[C@H](O)c2ccc(N3C=C4CO[C@H](O)C(O)(CN=N4)C(O)(O)C(O)(O)C(O)(O)C(O)C(O)C3)cc21,C1=O[S]1(=O)N[C@H](O)c2ccc(N3C=C4CO[C@H](O)C(O)(CN=N4)C(O)(O)C(O)(O)C(O)(O)C(O)C(O)C3)cc21,O=S1(=O)N[C@H](O)c2ccc(N3C=C4CO[C@H](O)C(O)(CN=N4)C(O)(O)C(O)(O)C(O)(O)C(O)C(O)C3)cc21,C1=O[S+]([O-])N[C@H]1[C@H]2c3ccc(N4C=C5C[C@H](O)C(O)C(O)C(O)C(O)C(O)C5)cc3C2[C@H](O)C(O)C(O)C(O)C(O)C(O)C,O=S1(=O)N[C@H](O)c2ccc(N3C=C4CO[C@H](O)C(O)(CN=N4)C(O)(O)C(O)(O)C(O)(O)C(O)C(O)C3)cc21
C1=O[S](=O)N[C@H](O)C2=CC=C(C3=C(C4=C(C(C(C(C(C(C(C(C(C(C(C(C(C(C(C(C(C(C(C(C(C(C(C(C(C(C(C(C(C(C(C(C(C(C(C(C(C(C(C(C(C(C(C(C(C(C(C(C(C(C(C(C(C,C1=O[S](=O)N[C@H](O)C2=CC=C(C(=O)N3C=C4CO[C@H](O)C(O)(CN=N4)C(O)(O)C(O)(O)C(O)C(O)(O)C(O)C3)C2=C1,C1=O[S]1(=O)N[C@H](O)C2=CC=C(C3=C(C4=CC=CC=C4[C@H](O)C(O)C(O)C(O)C(O)C(O)C(O)C3)N(C)C5=C(C(=O)N=C5)C)C2,O=S1(=O)N[C@H](O)c2ccc(N3C=C4CO[C@H](O)C(O)(CN=N4)C(O)(O)C(O)(O)C(O)C(O)(O)C(O)C3)cc21,C1=O[S](=O)N[C@H](O)C2=CC=C(C(=O)N3C=C4C(=O)O[C@H](O)C(O)C(O)C(O)C(O)C(O)C(O)C(O)C(O)C(O)C(O)C(O)C(O)C(O)
C1=O[S+]1(=O)N[C@H](O)c2ccc(N3C=C4CO[C@H](O)C(O)C(O)C(O)C(O)C(O)C(O)C3)cc21,C1=O[S]1(=O)N[C@H](O)C2=CC3=C(C(=O)N4C=C5CO[C@H](O)C6(C(=O)N5=C7C(=O)C(=O)C(=O)C(=O)C(=O)C(=O)C(=O)C(=O,C1=O[S@H](O)N[C@H]1c2ccc(N3C=C4CO[C@H](O)C(O)(CN=N4)C(O)(O)C(O)(O)C(O)C(O)(O)C(O)C3)cc21,C1=O[S]1(=O)N[C@H](O)c2ccc(N3C=C4CO[C@H](O)C(O)(CN=N4)C(O)(O)C(O)(O)C(O)(O)C(O)C(O)C3)cc21,O=S1(=O)N[C@H](O)c2ccc(N3C=C4CO[C@H](O)C(O)(CN=N4)C(O)(O)C(O)(O)C(O)C(O)(O)C(O)C3)cc21
C1=O[S](=O)N[C@H](O)C2=CC=C(C(=O)N3C=C4C(=O)[C@H](O)C(O)C(O)C(O)C(O)C(O)C(O)C(O)C3)C4)C2=C1,O=S1(=O)N[C@H](O)c2ccc(N3C=C4CO[C@H](O)C(O)(CN=N4)C(O)(O)C(O)(O)C(O)(O)C(O)C(O)C3)cc21,C1=O[S](=O)N[C@H](O)C2=CC=C(C3C(=C(C4CO[C@H](O)C(O)C(O)C(O)C(O)C(O)C(O)C(O)C(O)C4)C3)C2)N1,O=S1(=O)N[C@H](O)c2ccc(N3C=C4CO[C@H](O)C(O)(CN=N4)C(O)(O)C(O)(O)C(O)(O)C(O)C(O)C3)cc21,C1=O[S]1(=O)N[C@H](O)C2=CC=C(C3=C(N4C=CC(C(O)C(O)C(O)C(O)C(O)C(O)C(O)C4)C3)C=O)C2)N4C(=O)C(O)C(O)C(O)C
O=S1(=O)N[C@H](O)c2ccc(N3C=C4CO[C@H](O)C(O)(CN=N4)C(O)(O)C(O)(O)C(O)(O)C(O)C(O)C3)cc21,C1=O[S+]1(=O)N[C@H](O)C2=CC=C(C3=C(C(=O)C(=O)N4C(=C(C(=O)O[C@H](O)C(=O)N4)C(=O)O)C(=O)O)C(=O)O)C(=O)O),C1=O[S]1(=O)N[C@H](O)C2=CC=C(C(N3C=C4CO[C@H](O)C(O)(CN=N4)C(O)(O)C(O)(O)C(O)C(O)(O)C3)C2)C=O,C1=O[S+]1(=O)N[C@H](O)C2=CC=C(C3=C(C(=O)C4=C(C(=O)C5=C(C(=O)C6=C(C(=O)C7=C(C(=O)C8=C(C(=O)C9=C(C(=O)C1CC(=O)N(C(C,O=S1(=O)N[C@H](O)c2ccc(N3C=C4CO[C@H](O)C(O)(CN=N4)C(O)(O)C(O)(O)C(O)(O)C(O)C(O)C3)cc21
O=S1(=O)N[C@H](O)c2ccc(N3C=C4CO[C@H](O)C(O)(CN=N4)C(O)(O)C(O)(O)C(O)(O)C(O)C(O)C3)cc21,O=S1(=O)N[C@H](O)c2ccc(N3C=C4CO[C@H](O)C(O)(CN=N4)C(O)(O)C(O)(O)C(O)(O)C(O)C(O)C3)cc21,O=S1(=O)N[C@H](O)c2ccc(N3C=C4CO[C@H](O)C(O)(CN=N4)C(O)(O)C(O)(O)C(O)(O)C(O)C(O)C3)cc21,C1=O[S]1(=O)N[C@H](O)c2ccc(N3C=C4CO[C@H](O)C(O)(CN=N4)C(O)(O)C(O)(O)C(O)(O)C(O)C(O)C3)cc21,C1=O[S](=O)N[C@H](O)C2=CC=C(C3=C(C(=O)C4=C(C(=O)C(C(=O)C(C(=O)C(C(=O)C(C(=O)C(C(=O)C(C(=O)C(C(=O)C3)C)C)C)C
C1=O[S](=O)N[C@H](O)C2=CC=C(C3C=CC(=O)N4C=CC(=O)C(C(C(C(O)C(O)C(O)C(O)C(O)C(O)C(O)C(O)C(O)C(O))C3)C4)C2)C,O=S1(=O)N[C@H](O)c2ccc(N3C=C4CO[C@H](O)C(O)(CN=N4)C(O)(O)C(O)(O)C(O)C(O)(O)C(O)C3)cc21,C1=O[S](=O)N[C@H](O)c2ccc(N3C=C4CO[C@H](O)C(O)(CN=N4)C(O)(O)C(O)(O)C(O)C(O)(O)C(O)C3)cc21,C1=O[S]1(=O)N[C@H](O)C2=CC=C(C3=C(C(O)C(C(O)C(O)C(O)C(O)C(O)C(O)C(O)C(O)C(O)C(O)C3)C(N=C2)C(=O)O)C(=O)O)C,C1=O[S]1(=O)N[C@H](O)C2=CC=C(C3=C(C(C(C(C(C(C(C(C(C(C(C(C(C(C(C(C(C(C(C(C(C(C(C(C(C(C(C(C(C(C(C(C(C(C(C(C(C(C(C(C(C(C(C(C(C(C(C(C(C(C(C(C(C(C(C
O=S1(=O)N[C@H](O)c2ccc(N3C=C4CO[C@H](O)C(O)(CN=N4)C(O)(O)C(O)(O)C(O)(O)C(O)C(O)C3)cc21,C1=O[S@V2]O[N@H]([C@H](O)C2=CC=C1)[C@H](O)C3=CC=CC3(C4=CC(=O)N5C=CC(=O)C5(C(C(C(C(C(C(C(C(C(C(C(C(C(C(C(C(C(C(C(C(C(C,O=S1(=O)N[C@H](O)c2ccc(N3C=C4CO[C@H](O)C(O)(CN=N4)C(O)(O)C(O)(O)C(O)C(O)(O)C(O)C3)cc21,C1=O[S]1(=O)N[C@H](O)c2ccc(N3C=C4CO[C@H](O)C(O)(CN=N4)C(O)(O)C(O)(O)C(O)(O)C(O)C(O)C3)cc21,C1=O[S]1(=O)N[C@H](O)C2=CC=C(C3=C(C=CC4=C(CO[C@H](O)C(O)C(O)(C(O)C(O)C(O)C(O)C(O)C(O)C(O)C3)N4)C2)C=O)C=
C1=O[S](=O)N[C@H](O)C2=CC=C(C3=C(C(=O)C(C(C(C(C(C(C(C(C(C(C(C(C(C(C(C(C(C(C(C(C(C(C(C(C(C(C(C(C(C(C(C(C(C(C(C(C(C(C(C(C(C(C(C(C(C(C(C(C(C(C(C,C1=O[S+]1(=O)N[C@H](O)C2=CC=C3N4C=CC4(C5CO[C@H](O)C(O)C(O)C(O)C(O)C(O)C5)C3=CC2,C1=O[S]1(=O)N[C@H](O)C2=CC=C(C3C=CC(=O)N4C=CC(C(=O)N4C(=O)C(=O)C(=O)C(=O)C(=O)C(=O)C(=O)C(=O)C(=O)C(=O,C1=O[S](=O)N[C@H](O)C2=CC=C(N3C=C4CO[C@H](O)C(O)(CN=N4)C(O)(O)C(O)(O)C(O)(O)C(O)C(O)C3)C=C21,C1=O[S](=O)N[C@H](O)C2=CC=C(C3C=CC(=O)N4C=CC(=O)[C@H](O)C(O)C(O)C(O)C(O)C(O)C(O)C(O)C3)C4=C[N]4)C(O)C(O)
C1=O[S](=O)N[C@H](O)C2=CC=C(C3C=C(C(C4C=CC(=O)C(O)C(O)C(O)C(O)C(O)C(O)C4)C3)C(N=C(C)C)C(=O)O)C2)C1,C1=O=S1(=O)N[C@H](O)C2=CC=C(C(=O)N3C=C4C(C(=O)O[C@H](O)C(O)C(O)C(O)C(O)C(O)C(O)C(O)C3)C4)C2)C1,C1=O[S](=O)N[C@H](O)C2=CC=C(C3=C(C(N4C=C(C(O)C(O)C(O)C(O)C(O)C(O)C(O)C4)C3)C(O)C(O)C(O))C2)C(O)N1,C1=O[S](=O)N[C@H](O)C2=CC=C(C3C=C(C(=O)N4C=C5C[C@H](O)C6(C(C(C(C(C(C(C(C(C(C(C(C(C(C(C(C(C(C(C(C(C(C(C(C(C(C(C(C(C(C(C(C(C(C(C(C(C,C1=O[S]1(=O)N[C@H](O)C2=CC=C(C3=C(C(C(C(C(C(C(C(C(C(C(C(C(C(C(C(C(C(C(C(C(C(C(C(C(C(C(C(C(C(C(C(C(C(C(C(C(C(C(C(C(C(C(C(C(C(C(C(C(C(C(C(C(C(C(C
C1=O[S(=O)(=O)N[C@H](O)C2=CC=C(C(N3C=C4CO[C@H](O)C(O)(CN=N4)C(O)(O)C(O)(O)C(O)C(O)(O)C(O)C3)C2)C1],O=S1(=O)N[C@H](O)c2ccc(N3C=C4CO[C@H](O)C(O)(CN=N4)C(O)(O)C(O)(O)C(O)C(O)C3)cc21,O=S1(=O)N[C@H](O)c2ccc(N3C=C4CO[C@H](O)C(O)(CN=N4)C(O)(O)C(O)(O)C(O)(O)C(O)C(O)C3)cc21,C1=O[S](=O)N[C@H](O)C2=CC=C(C3C=C(C(=O)N4C=CC(=O)C4(C(C(C(C(C(C(C(C(C(C(C(C(C(C(C(C(C(C(C(C(C(C(C(C(C(C(C(C(C(C(C(C(C(C(C(C(C(C(C(C(C,C1=O[S]1(=O)N[C@H](O)C2=CC=C(C3C=C(C(N4C=C(C(C(O)C(O)C(O)C(O)C(O)C(O)C(O)C(O))C4)C(O)C(O))C3)C2)N1
C1=O[S+]1(=O)N[C@H](O)c2ccc(N3C=C4CO[C@H](O)C(O)(CN=N4)C(O)(O)C(O)(O)C(O)(O)C(O)C(O)C3)cc21,C1=O[S+]1(=O)N[C@H](O)C2=CC=C(N3C=C4CO[C@H](O)C(O)(CN=N4)C(O)(O)C(O)(O)C(O)C(O)(O)C(O)C3)C2,O=S1(=O)N[C@H](O)c2ccc(N3C=C4CO[C@H](O)C(O)(CN=N4)C(O)(O)C(O)(O)C(O)C(O)(O)C(O)C3)cc21,C1=O[S]1(=O)N[C@H](O)C2=CC=C(C(=O)N3C=C4CO[C@H](O)C(O)(CN=N4)C(O)(O)C(O)(O)C(O)C(O)(O)C(O)C3)C2,C1=O[S+]1(=O)N[C@H](O)C2=CC=C(C3=C(C(=O)C(=O)C(=O)C(=O)C(=O)C(=O)C(=O)C(=O)C(=O)C(=O)C(=O)C(=O)C(=O)C(=O
O=S1(=O)N[C@H](O)c2ccc(N3C=C4CO[C@H](O)C(O)(CN=N4)C(O)(O)C(O)(O)C(O)C(O)(O)C(O)C3)cc21,O=S1(=O)N[C@H](O)c2ccc(N3C=C4CO[C@H](O)C(O)(CN=N4)C(O)(O)C(O)(O)C(O)C(O)(O)C(O)C3)cc21,C1=O[S](=O)N[C@H](O)C2=CC=C(C(=O)N3C=C4CO[C@H](O)C(O)C(O)C(O)C(O)C(O)C(O)C(O)C(O)C3)C2)C4,C1=O[S](=O)N[C@H](O)C2=CC=C(C3=C(C(=O)N4C=C(C(=O)O)C4(C(C(=O)O)C(=O)O)C(=O)O)C(=O)O)C(=O)O)C(=O)O)C(=O,O=S1(=O)N[C@H](O)c2ccc(N3C=C4CO[C@H](O)C(O)(CN=N4)C(O)(O)C(O)(O)C(O)C(O)(O)C(O)C3)cc21
C1=O[S]1(=O)N[C@H](O)C2=CC=C(C3=C(C(C(C(C(C(C(C(C(C(C(C(C(C(C(C(C(C(C(C(C(C(C(C(C(C(C(C(C(C(C(C(C(C(C(C(C(C(C(C(C(C(C(C(C(C(C(C(C(C(C(C(C(C(C(C,O=S1(=O)N[C@H](O)c2ccc(N3C=C4CO[C@H](O)C(O)(CN=N4)C(O)(O)C(O)(O)C(O)(O)C(O)C(O)C3)cc21,C1=O[S](=O)N[C@H](O)C2=CC=C(C(=O)N3C=C4C(=O)C(=O)N(C(=O)C(=O)C(=O)C(=O)C(=O)C(=O)C(=O)C(=O)C(=O)C(=O)C,C1=O[S]1(=O)N[C@H](O)C2=CC=C(N3C=C4CO[C@H](O)C(O)(CN=C4)C(O)(O)C(O)(O)C(O)C(O)C3)C2,C1=O[S](=O)N[C@H](O)C2=CC=C(C3C(=O)N4C=CC(=O)C[C@H](O)C(O)(C=NC4)C(O)C(O)C(O)C(O)C(O)C(O)C3)C=CC=C2)C1
C1=O[S](=O)N[C@H](O)C2=CC=C(C(=O)N3C=C4CO[C@H](O)C(O)(CN=N4)C(O)(O)C(O)(O)C(O)C(O)C(O)C3)C2=C1,C1=O[S+]1(=O)N[C@H](O)c2ccc(N3C=C4CO[C@H](O)C(O)(CN=N4)C(O)(O)C(O)(O)C(O)(O)C(O)C(O)C3)cc21,C1=O[S](=O)N[C@H](O)C2=CC=C(C3C=CC(=O)N4C=CC(=O)C4[C@H](O)C(O)C(C(C(O)C(O)C(O)C(O)C(O)C(O))=O)C(O)C(O)C3),C1=O[S+]1(=O)N[C@H](O)C2=CC=C(N3C=C4CO[C@H](O)C(O)(CN=N4)C(O)(O)C(O)(O)C(O)C(O)(O)C(O)C3)C2,O=S1(=O)N[C@H](O)c2ccc(N3C=C4CO[C@H](O)C(O)(CN=N4)C(O)(O)C(O)(O)C(O)(O)C(O)C(O)C3)cc21
CC(=O)[SH]1(=O)N[C@H](O)c2ccc(N3C=C4CO[C@H](O)C(O)(CN=N4)C(O)(O)C(O)(O)C(O)C(O)C(O)C(O)C3)cc21,CC(=O)[SH]1(=O)N[C@H](O)c2ccc(N3C=C4CO[C@H](O)C(O)(CN=N4)C(O)(O)C(O)(O)C(O)C(O)C(O)C(O)C3)cc21,CC(=O)[SH]1(=O)N[C@H](O)c2ccc(N3C=C4CO[C@H](O)C(O)(CN=N4)C(O)(O)C(O)(O)C(O)C(O)C(O)C3)cc21,CC(=O)[SH]1(=O)N[C@H](O)c2ccc(N3C=C4CO[C@H](O)C(O)(CN=N4)C(O)(O)C(O)(O)C(O)C(O)C(O)C(O)C3)cc21,CC(=O)[SH]1(=O)N[C@H](O)c2ccc(N3C=C4CO[C@H](O)C(O)(CN=N4)C(O)(O)C(O)(O)C(O)C(O)C(O)C(O)C3)cc21
C1=O[S+]1(=O)N[C@H](O)C2=CC=C(C3C=CC(=O)N4C=CC4(C(C(C(C(C(C(C(C(C(C(C(C(C(C(C(C(C(C(C(C(C(C(C(C(C(C(C(C(C(C(C(C(C(C(C(C(C(C(C(C(C(C(C(C,C1=O[S](=O)N[C@H](O)C2=CC=C(C3=C(C(C(C(C(C(C(C(C(C(C(C(C(C(C(C(C(C(C(C(C(C(C(C(C(C(C(C(C(C(C(C(C(C(C(C(C(C(C(C(C(C(C(C(C(C(C(C(C(C(C(C(C(C(C(C(C,O=S1(=O)N[C@H](O)c2ccc(N3C=C4CO[C@H](O)C(O)(CN=N4)C(O)(O)C(O)(O)C(O)C(O)(O)C(O)C3)cc21,C1=O[S+]1(=O)N[C@H](O)C2=CC=C(C(=O)N3C=C4CO[C@H](O)C(O)(CN=N4)C(O)(O)C(O)(O)C(O)(O)C(O)C3)C2,C1=O[S](=O)N[C@H](O)C2=CC=C(C3C=CC(=O)N4C=C5C(C(C(C(C(C(C(C(C(C(C(C(C(C(C(C(C(C(C(C(C(C(C(C(C(C(C(C(C(C(C(C(C(C(C(C(C(C(C(C(C(C(C(C(C(C
C1=O[S]1(=O)N[C@H](O)C2=CC=C(C3=C(C(C(C(C(C(C(C(C(C(C(C(C(C(C(C(C(C(C(C(C(C(C(C(C(C(C(C(C(C(C(C(C(C(C(C(C(C(C(C(C(C(C(C(C(C(C(C(C(C(C(C(C(C(C(C,C1=O[S+]1(=O)N[C@H](O)c2ccc(N3C=C4CO[C@H](O)C(O)(CN=N4)C(O)(O)C(O)(O)C(O)C(O)C3)cc21,O=S1(=O)N[C@H](O)c2ccc(N3C=C4CO[C@H](O)C(O)(CN=N4)C(O)(O)C(O)(O)C(O)(O)C(O)C(O)C3)cc21,O=S1(=O)N[C@H](O)c2ccc(N3C=C4CO[C@H](O)C(O)(CN=N4)C(O)(O)C(O)(O)C(O)C(O)(O)C(O)C3)cc21,C1=O[S](=O)N[C@H](O)c2ccc(N3C=C4CO[C@H](O)C(O)(CN=N4)C(O)(O)C(O)(O)C(O)C(O)C3)cc21
C1=O[S](=O)N[C@H](O)C2=CC=C(C(=O)N3C=C4C(C(=O)O[C@H](O)C(O)C(O)C(O)C(O)C(O)C3)C(O)C(O)C(O)C(O)C(O)C4)C2,O=S1(=O)N[C@H](O)c2ccc(N3C=C4CO[C@H](O)C(O)(CN=N4)C(O)(O)C(O)(O)C(O)C(O)(O)C(O)C3)cc21,C1=O[S](=O)N[C@H](O)C2=CC=C(C(=O)N3C=CC4=C(C(=O)O[C@H](O)C(O)(C)C(O)(C)C(O)(C)C(O)(C)C(O)(C)C3)C4)C2=C1,CC(=O)[S]1(=O)N[C@H](O)c2ccc(N3C=C4CO[C@H](O)C(O)(CN=N4)C(O)(O)C(O)(O)C(O)C(O)C3)cc21,CC(=O)[S]1(=O)N[C@H](O)c2ccc(N3C=C4CO[C@H](O)C(O)(CN=N4)C(O)(O)C(O)(O)C(O)(O)C(O)C(O)C3)cc21
C1CCC(=O)[SH]1(=O)N[C@H](O)c2ccc(N3C=C4CO[C@H](O)C(O)(CN=N4)C(O)(O)C(O)(O)C(O)C(O)C(O)C(O)C3)cc21,CCC(=O)[SH]1(=O)N[C@H](O)c2ccc(N3C=C4CO[C@H](O)C(O)(CN=N4)C(O)(O)C(O)(O)C(O)C(O)C(O)C(O)C3)cc21,CCC(=O)[SH]1(=O)N[C@H](O)c2ccc(N3C=C4CO[C@H](O)C(O)(CN=N4)C(O)(O)C(O)(O)C(O)C(O)C(O)C(O)C3)cc21,C1CCC(=O)S1(=O)N[C@H]2c3ccc(N4C=C5CO[C@H](O)C(O)(CN=N5)C(O)(O)C(O)(O)C(O)C(O)C(O)C(O)C4)c23,C1CCC(=O)C2SC1(=O)N[C@H](O)C3=CC=C(N4C=CC5=C(C(O)C(O)C(O)C(O)C(O)C(O)C(O)C4)C(O)C(O)C(O)C(O)C(O)C(O)C(O)C5)
C1=O[S+]1(=O)N[C@H](O)c2ccc(N3C=C4CO[C@H](O)C(O)(CN=N4)C(O)(O)C(O)(O)C(O)C3)cc21,O=S1(=O)N[C@H](O)c2ccc(N3C=C4CO[C@H](O)C(O)(CN=N4)C(O)(O)C(O)(O)C(O)C3)cc21,O=S1(=O)N[C@H](O)c2ccc(N3C=C4CO[C@H](O)C(O)(CN=N4)C(O)(O)C(O)(O)C(O)C3)cc21,C1=O=S1(=O)N[C@H](O)C2=CC=C(N3C=C4C(C(=O)O)C(C(=O)O)C(C(=O)O)C(C(=O)O)C3)C4)C2=C1,O=S1(=O)N[C@H](O)c2ccc(N3C=C4CO[C@H](O)C(O)(CN=N4)C(O)(O)C(O)(O)C(O)C3)cc21
C1=O[S](=O)N[C@H](O)C2=CC=C(C3C=CC(=O)N4C(=C(C(=O)C(O)C(O)C(O)C(O)C(O)C(O)C(O)C4)C3)C2)C1)C1=CC=CC=1,C1=O[S]1(=O)N[C@H](O)C2=CC=C(C3C=C(C4C(=O)C(O)C(O)C(O)C(O)C(O)C(O)C(O)C4)N3C=C5C(=O)C(O)C(O)C(O)C(O)C(O),C1=O[S](=O)N[C@H](O)C2=CC=C3N4C=CC(=O)C4[C@H](O)C(O)C(O)C(O)C(O)C(O)C(O)C(O)C(O)C(O)C(O)C3)C2=CC1,O=S1(=O)N[C@H](O)c2ccc(N3C=C4CO[C@H](O)C(O)(CN=N4)C(O)(O)C(O)(O)C(O)C(O)(O)C(O)C3)cc21,C1=O[S+]1(=O)N[C@H](O)c2ccc(N3C=C4CO[C@H](O)C(O)(CN=N4)C(O)(O)C(O)(O)C(O)(O)C(O)C(O)C3)cc21
O=S1(=O)N[C@H](O)c2ccc(N3C=C4CO[C@H](O)C(O)(CN=N4)C(O)(O)C(O)(O)C(O)C(O)(O)C(O)C3)cc21,C1=O[S](=O)N[C@H](O)C2=CC=C(C3=C(C(O)C(C(O)C(O)C(O)C(O)C(O)C(O)C3)C(O)N=C2)C(N)C(=O)C1)C1=CC=CC=C1,C1=O[S]1(=O)N[C@H](O)C2=CC=C(C(=O)N3C=CC4=C(C(=O)O[C@H](O)C(=O)O)C(=O)O)C(=O)O)C(=O)O)C(=O)O)C(=O)O),O=S1(=O)N[C@H](O)c2ccc(N3C=C4CO[C@H](O)C(O)(CN=N4)C(O)(O)C(O)(O)C(O)C(O)C3)cc21,C1=O[S]1(=O)N[C@H](O)c2ccc(N3C=C4CO[C@H](O)C(O)(CN=N4)C(O)(O)C(O)(O)C(O)C(O)(O)C(O)C3)cc21
O=S1(=O)N[C@H](O)c2ccc(N3C=C4CO[C@H](O)C(O)(CN=N4)C(O)(O)C(O)(O)C(O)(O)C(O)C(O)C3)cc21,O=S1(=O)N[C@H](O)c2ccc(N3C=C4CO[C@H](O)C(O)(CN=N4)C(O)(O)C(O)(O)C(O)(O)C(O)C(O)C3)cc21,C1=O[S+]1(=O)N[C@H](O)c2ccc(N3C=C4CO[C@H](O)C(O)(CN=N4)C(O)(O)C(O)(O)C(O)C(O)(O)C(O)C3)cc21,O=S1(=O)N[C@H](O)c2ccc(N3C=C4CO[C@H](O)C(O)(CN=N4)C(O)(O)C(O)(O)C(O)C(O)C(O)C3)cc21,O=S1(=O)N[C@H](O)c2ccc(N3C=C4CO[C@H](O)C(O)(CN=N4)C(O)(O)C(O)(O)C(O)C(O)(O)C(O)C3)cc21
O=S1(=O)N[C@H](O)c2ccc(N3C=C4CO[C@H](O)C(O)(CN=N4)C(O)(O)C(O)(O)C(O)(O)C(O)C(O)C3)cc21,C1=O[S](=O)N[C@H](O)C2=CC=C(C3C=CC(=O)N4C=CC(=O)C(O)C(O)C(O)C(O)C(O)C(O)C(O)C3)CC4)C21,C1=O[S](=O)N[C@H](O)C2=CC=C(C3C=CC(=O)N4C=CC(C(C(C(O)C(C(O)C(C(O)C(C(O)C(C(O)C(C(O)C(C(O)C3)C)C)C)C)C)C)C),C1=O[S]1(=O)N[C@H](O)c2ccc(N3C=C4CO[C@H](O)C(O)(CN=N4)C(O)(O)C(O)(O)C(O)(O)C(O)C3)cc21,C1=O[S](=O)N[C@H](O)C2=CC(=C(C(=O)N3C=CC4=C(C(=O)O[C@H](O)C(O)C(O)C(O)C(O)C(O)C3)C4)C2)C1
O=S1(=O)N[C@H](O)c2ccc(N3C=C4CO[C@H](O)C(O)(CN=N4)C(O)(O)C(O)(O)C(O)C3)cc21,C1=O[S]1(=O)N[C@H](O)C2=CC=C(N3C=C4CO[C@H](O)C(O)(CN=N4)C(O)(O)C(O)(O)C(O)C3)C2,CC(=O)[SH]1(=O)N[C@H](O)c2ccc(N3C=C4CO[C@H](O)C(O)(CN=N4)C(O)(O)C(O)(O)C(O)C(O)C3)cc21,C1=O[S]1(=O)N[C@H](O)C2=CC=C(C3C=C4C(C(=O)C(C(C(=O)C(C(=O)C(C(=O)C(C(=O)C(C(=O)C(C(=O)C(C(=O)C(C(=O)C2)N)C),O=S1(=O)N[C@H](O)c2ccc(N3C=C4CO[C@H](O)C(O)(CN=N4)C(O)(O)C(O)(O)C(O)C3)cc21
CC(=O)[S]1(=O)N[C@H](O)c2ccc(N3C=C4CO[C@H](O)C(O)(CN=N4)C(O)(O)C(O)(O)C(O)C(O)C3)cc21,CC(=O)[S]1(=O)N[C@H](O)c2ccc(N3C=C4CO[C@H](O)C(O)(CN=N4)C(O)(O)C(O)(O)C(O)(O)C(O)C(O)C3)cc21,CC(=O)[SH]1(=O)N[C@H](O)c2ccc(N3C=C4CO[C@H](O)C(O)(CN=N4)C(O)(O)C(O)(O)C(O)C(O)C(O)C3)cc21,CC(=O)[SH]1(=O)N[C@H](O)c2ccc(N3C=C4CO[C@H](O)C(O)(CN=N4)C(O)(O)C(O)(O)C(O)C(O)C(O)C(O)C3)cc21,C1CCC(=O)S1(=O)N[C@H](O)C2=CC=C(N3C=C4COC(=O)C(O)C(O)C(O)C(O)C(O)C(O)C(O)C(O)C(O)C(O)C4)C3)C2
C1=O[S](=O)N[C@H](O)C2=CC=C(C3=C(C(=O)N4C=C5C(C(=O)O[C@H](O)C(C(=O)O)C(C(=O)O)C(C(=O)O)C(C(=O)O)C(C(=O)O),C1=O[S]1(=O)N[C@H](O)C2=CC=C(C3C(=C4C[C@H](O)C(O)C(O)C(O)C(O)C(O)C(O)C(O)C4)N(C3)C=NC4C(=O)C(O)C(O)C(O),C1=O[S](=O)N[C@H](O)C2=CC=C(C3=C(C(=O)N4C=C5C(O)C(C(C(C(C(C(C(C(C(C(C(C(C(C(C(C(C(C(C(C(C(C(C(C(C(C(C(C(C(C(C(C(C(C(C(C(C(C(C(C(C(C(C(C,C1=O[S]1(=O)N[C@H](O)C2=CC=C(C3=C(C(=O)C4=CC(=O)N(C(C(=O)C(C(=O)C(C(=O)C(C(=O)C(C(=O)C(C(=O)C(C(=O)C(C(=O)C2),C1=O[S+]([O-])N[C@H]1c2ccc(N3C=C4CO[C@H](O)C(O)(CN=N4)C(O)(O)C(O)(O)C(O)(O)C(O)C(O)C3)cc2
C1=O[S](=O)N[C@H](O)C2=CC=C(C(=O)N3C=C4CO[C@H](O)C(O)(CN=N4)C(O)(O)C(O)(O)C(O)C(O)(O)C(O)C3)C2=C1,C1=O[S+]1(=O)N[C@H](O)c2ccc(N3C=C4CO[C@H](O)C(O)(CN=C4)C(O)(O)C(O)(O)C(O)(O)C(O)C(O)C3)cc21,CC(=O)[SH]1(=O)N[C@H](O)c2ccc(N3C=C4CO[C@H](O)C(O)(CN=N4)C(O)(O)C(O)(O)C(O)C(O)C(O)C(O)C3)cc21,C1=O[S](=O)N[C@H](O)C2=CC=C(C(N3C=C4CO[C@H](O)C(O)(CN=N4)C(O)(O)C(O)(O)C(O)C(O)C3)C)C2=C1,O=S1(=O)N[C@H](O)c2ccc(N3C=C4CO[C@H](O)C(O)(CN=N4)C(O)(O)C(O)(O)C(O)(O)C(O)C(O)C3)cc21
C1=O[S+]1(=O)N[C@H]1c2ccc(N3C=C4CO[C@H]1O)C(O)C(O)C(O)C(O)C(O)C(O)C(O)C(O)C(O)C3)cc21,C1=O[S](=O)N[C@H](O)C2=CC=C(N3C=C4C(CO[C@H](O)C(O)C(O)C(O)C(O)C(O)C(O)C(O)C3)C(O)C(N=C4)C(O))C2=C1,C1=O[S](=O)N[C@H](O)C2=CC=C(C3=C(C4=C(C(C(C(C(C(C(C(C(C(C(C(C(C(C(C(C(C(C(C(C(C(C(C(C(C(C(C(C(C(C(C(C(C(C(C(C(C(C(C(C(C(C(C(C(C(C(C(C(C(C(C(C(C,C1=O[S](=O)N[C@H](O)C2=CC=C(C3C=CC(=O)N4C=C(C(C(C(C(C(C(C(C(C(C(C(C(C(C(C(C(C(C(C(C(C(C(C(C(C(C(C(C(C(C(C(C(C(C(C(C(C(C(C(C(C(C(C(C(C(C(C,C1=O[S+]1(=O)N[C@H](O)c2ccc(N3C=C4CO[C@H](O)C(O)(CN=N4)C(O)(O)C(O)(O)C(O)C(O)C3)cc21
C1=O[S+]1(=O)N[C@H](O)c2ccc(N3C=C4CO[C@H](O)C(O)(CN=N4)C(O)(O)C(O)(O)C(O)C(O)(O)C(O)C3)cc21,C1=O[S]1(=O)N[C@H](O)c2ccc(N3C=C4CO[C@H](O)C(O)(CN=N4)C(O)(O)C(O)(O)C(O)(O)C(O)C3)cc21,C1=O[S+]1(=O)N[C@H](O)c2ccc(N3C=C4CO[C@H](O)C(O)(CN=N4)C(O)(O)C(O)(O)C(O)(O)C(O)C(O)C3)cc21,C1=O[S+]1(=O)N[C@H](O)c2ccc(N3C=C4CO[C@H](O)C(O)(CN=N4)C(O)(O)C(O)(O)C(O)(O)C(O)C3)cc2,O=S1(=O)N[C@H](O)c2ccc(N3C=C4CO[C@H](O)C(O)(CN=N4)C(O)(O)C(O)(O)C(O)C(O)(O)C(O)C3)cc21
C1=O[S]1(=O)N[C@H](O)C2=CC=C(N3C=C4CO[C@H](O)C(O)(CN=C4)C(O)(O)C(O)(O)C(O)C(O)(O)C(O)C3)C2,C1=O[S]1(=O)N[C@H](O)C2=CC=C(N3C=C4C(=O)C(C(=O)O)C(O)C(O)C(O)C(O)C(O)C(O)C(O)C3)C4)C2,O=S1(=O)N[C@H](O)c2ccc(N3C=C4CO[C@H](O)C(O)(CN=N4)C(O)(O)C(O)(O)C(O)(O)C(O)C(O)C3)cc21,C1=O[S]1(=O)N[C@H](O)C2=CC=C(C3=C(C(=O)N4C=C5CO[C@H](O)C(O)C(O)C(O)C(O)C(O)C(O)C(O)C(O)C5)C3)C2)C(=O)N4,O=S1(=O)N[C@H](O)c2ccc(N3C=C4CO[C@H](O)C(O)(CN=N4)C(O)(O)C(O)(O)C(O)C(O)(O)C(O)C3)cc21
C1=O[S](=O)N[C@H](O)C2=CC=C(C3C=CC(=O)N4C=CC(=O)C5(C(C(C(C(C(C(C(C(C(C(C(C(C(C(C(C(C(C(C(C(C(C(C(C(C(C(C(C(C(C(C(C(C(C(C(C(C(C(C(C(C,C1=O[S]1(=O)N[C@H](O)C2=CC=C(C(=O)N3C=C4CO[C@H](O)C(O)(CN=N4)C(O)(O)C(O)(O)C(O)(O)C(O)C(O)C3)C2,O=S1(=O)N[C@H](O)c2ccc(N3C=C4CO[C@H](O)C(O)(CN=N4)C(O)(O)C(O)(O)C(O)C(O)(O)C(O)C3)cc21,C1=O[S]1(=O)N[C@H](O)c2ccc(N3C=C4CO[C@H](O)C(O)(CN=N4)C(O)(O)C(O)(O)C(O)C(O)C(O)C(O)C3)cc21,C1=O[NH1]c2ccc(N3C=C4CO[C@H](O)C(O)(CN=N4)C(O)(O)C(O)(O)C(O)(O)C(O)C(O)C3)cc21
CC(=O)[SH]1(=O)N[C@H](O)c2ccc(N3C=C4CO[C@H](O)C(O)(CN=N4)C(O)(O)C(O)(O)C(O)C(O)C(O)C(O)C3)cc21,CC(=O)[SH]1(=O)N[C@H](O)c2ccc(N3C=C4CO[C@H](O)C(O)(CN=N4)C(O)(O)C(O)(O)C(O)C(O)C(O)C(O)C3)cc21,C1=O[S](=O)N[C@H](O)C2=CC=C(N3C=C4C(=O)C[C@H](O)C(O)C(O)C(O)C(O)C(O)C(O)C3)C4=NC=NC2)C1,CC(=O)[SH]1(=O)N[C@H](O)c2ccc(N3C=C4CO[C@H](O)C(O)(CN=N4)C(O)(O)C(O)(O)C(O)C(O)C(O)C(O)C3)cc21,CC(=O)[SH]1(=O)N[C@H](O)c2ccc(N3C=C4CO[C@H](O)C(O)(CN=N4)C(O)(O)C(O)(C)C(O)C(O)C(O)C3)cc21
C1=O[S](=O)(N[C@H](O)C2=CC=C(C3=C(C(=O)N4C=C(C(C(=O)C(C(=O)C(C(=O)C(C(=O)C(C(=O)C(C(=O)C2)C3)C)C)C)C)C)C),C1=O[S+]1(=O)N[C@H](O)C2=CC=C(C3C=C4CO[C@H](O)C(O)(CN=C4)C(O)(O)C(O)(O)C(O)C(O)(O)C(O)C3)C2,O=S1(=O)N[C@H](O)c2ccc(N3C=C4CO[C@H](O)C(O)(CN=N4)C(O)(O)C(O)(O)C(O)(O)C(O)C(O)C3)cc21,C1=O[S](=O)N[C@H](O)c2ccc(N3C=C4CO[C@H](O)C(O)(CN=N4)C(O)(O)C(O)(O)C(O)C(O)(O)C(O)C3)cc21,O=S1(=O)N[C@H](O)c2ccc(N3C=C4CO[C@H](O)C(O)(CN=N4)C(O)(O)C(O)(O)C(O)(O)C(O)C(O)C3)cc21
CC(=O)[SH]1(=O)N[C@H](O)c2ccc(N3C=C4CO[C@H](O)C(O)(CN=N4)C(O)(O)C(O)(O)C(O)C(O)C(O)C(O)C3)cc21,CC(=O)[SH]1(=O)N[C@H](O)c2ccc(N3C=C4CO[C@H](O)C(O)(CN=N4)C(O)(O)C(O)(O)C(O)C(O)C(O)C3)cc21,CC(=O)[SH]1(=O)N[C@H](O)c2ccc(N3C=C4CO[C@H](O)C(O)(CN=N4)C(O)(O)C(O)(O)C(O)(O)C(O)C(O)C3)cc21,CC(=O)[S]1(=O)N[C@H](O)c2ccc(N3C=C4CO[C@H](O)C(O)(CN=N4)C(O)(O)C(O)(O)C(O)(O)C(O)C(O)C3)cc21,CC(=O)[SH]1(=O)N[C@H](O)c2ccc(N3C=C4CO[C@H](O)C(O)(CN=N4)C(O)(O)C(O)(O)C(O)(O)C(O)C(O)C3)cc21
