0x41aa80,0x28e837c85a80
0x41aafd,0x28e837c863a0
0x41aa6e,0x28e837c86580
0x41b785,0x28e837c8d785
0x418c7f,0x28e837ca3128
0x418ec7,0x28e837c92ec7
0x418e85,0x28e837c92e85
0x4198c1,0x28e837ca98c1
0x41a101,0x28e837c85101
0x41a203,0x28e837c87a10
0x41a300,0x28e837c85300
0x41a701,0x28e837c85701
0x418bb8,0x28e837c9ebc0
0x418c1a,0x28e837ca0d40
0x4197ed,0x28e837c9a4c0
0x41b3ba,0x28e837c90f80
0x41b335,0x28e837c898c0
0x418a95,0x28e837c93d00
0x419981,0x28e837cb5100
0x418aa1,0x28e837c94f80
0x41aece,0x28e837c8cd80
0x418e7f,0x28e837ca6380
0x419373,0x28e837cadfc0
0x418bb8,0x28e837c9ed40
0x418f7f,0x28e837ca7200
0x41931b,0x28e837cac1c0
0x419a83,0x28e837cb6400
0x41abc4,0x28e837c8bc80
0x418f7f,0x28e837ca7280
0x418f51,0x28e837ca7a00
0x419981,0x28e837cb5240
0x41a203,0x28e837c87c40
0x418b09,0x28e837c9bd80
0x4190a0,0x28e837cabc80
0x419cdf,0x28e837c99100
0x41b5d1,0x28e837c91340
0x419806,0x28e837cb3d00
0x41a203,0x28e837c87cc0
0x419247,0x28e837cc10c0
0x41b5d1,0x28e837c91380
0x419531,0x28e837cb0f80
0x414a00,0x28e837cc7a00
0x41e388,0x28e837cc6388
0x4185c3,0x28e837c925c3
0x419824,0x28e837cb4f80
0x418b17,0x28e837c98980
0x418ac7,0x28e837c96c00
0x41b181,0x28e837cc3100
0x418e7f,0x28e837ca6580
0x41996a,0x28e837cc0180
0x419247,0x28e837cc1180
0x4194e7,0x28e837cae800
0x418b09,0x28e837c9bf40
0x418f51,0x28e837ca7c40
0x418f51,0x28e837ca7cc0
0x419a83,0x28e837cb6740
0x418c31,0x28e837cbc500
0x41901e,0x28e837c98fc0
0x41922d,0x28e837ccc1c0
0x41a249,0x28e837cc23c0
0x41931b,0x28e837cac640
0x418c5a,0x28e837cbe500
0x4197b6,0x28e837ccb380
0x418cc3,0x28e837ca47c0
0x419615,0x28e837cb1c40
0x419632,0x28e837cb2e80
0x419632,0x28e837cb2ec0
0x41a73b,0x28e837cd31c0
0x419d7a,0x28e837cb8980
0x418f51,0x28e837cd5100
0x4197b6,0x28e837ccb540
0x41901e,0x28e837cd1340
0x419cad,0x28e837c99f80
0x41a249,0x28e837cc2740
0x41901e,0x28e837cd1380
0x419615,0x28e837cb1e00
0x419a83,0x28e837cb6c00
0x41922d,0x28e837ccc640
0x418f51,0x28e837cd5240
0x418c10,0x28e837cc47c8
0x41996a,0x28e837cc08c0
0x41996a,0x28e837cc0980
0x41b5d1,0x28e837c91c40
0x418bb8,0x28e837ccd780
0x418ab4,0x28e837cd25c0
0x418b77,0x28e837cc98c0
0x41a73b,0x28e837cd3540
0x419615,0x28e837cd9100
0x418b09,0x28e837cce800
0x418c5a,0x28e837cbebc0
0x419da5,0x28e837cb9f80
0x41b3ba,0x28e837cbdc40
0x41b5d1,0x28e837c91e00
0x41931b,0x28e837cacd80
0x419632,0x28e837cd6400
0x41b2fa,0x28e837cbbd80
0x418abe,0x28e837cd4708
0x419241,0x28e837cc1c48
0x418c5a,0x28e837cbed40
0x41996a,0x28e837cc0d40
0x418b5f,0x28e837cd0980
0x419d7a,0x28e837cb8fc0
0x41b2fa,0x28e837cbbf40
0x41b5d1,0x28e837ce10c0
0x418c8a,0x28e837ce0180
0x4197b6,0x28e837ccbc80
0x4194e7,0x28e837cda4c0
0x418cc3,0x28e837ce3100
0x41b5d1,0x28e837ce1180
0x419632,0x28e837cd6740
0x41931b,0x28e837ce5100
0x41922d,0x28e837cccd80
0x418c31,0x28e837ce7200
0x41901e,0x28e837cd1c40
0x419da5,0x28e837cdc500
0x418c31,0x28e837ce7280
0x41931b,0x28e837ce5300
0x4194ba,0x28e837cde500
0x419d7a,0x28e837ce23c0
0x418f3a,0x28e837cd8980
0x41b2fa,0x28e837ce6380
0x419247,0x28e837cec1c0
0x41a73b,0x28e837cd3d00
0x418bb8,0x28e837ccdfc0
0x41901e,0x28e837cd1e00
0x418ab4,0x28e837cd2e80
0x418ab4,0x28e837cd2ec0
0x418b5f,0x28e837cd0f80
0x41996a,0x28e837ceb380
0x419632,0x28e837cd6c00
0x41b2fa,0x28e837ce6580
0x418afe,0x28e837cf5108
0x419227,0x28e837cf31c8
0x418ac7,0x28e837cd4f80
0x419d7a,0x28e837ce2740
0x41931b,0x28e837ce5700
0x418b09,0x28e837cf5240
0x41aece,0x28e837cf1340
0x41996a,0x28e837ceb540
0x418ab4,0x28e837cf9100
0x41aece,0x28e837cf1380
0x418c8a,0x28e837ce08c0
0x419981,0x28e837ce47c0
0x418c8a,0x28e837ce0980
0x419247,0x28e837cec640
0x41922d,0x28e837cf3540
0x41abc4,0x28e837cf6400
0x418e42,0x28e837cdbd80
0x4197b6,0x28e837cf25c0
0x41a249,0x28e837ced780
0x4194ba,0x28e837cdebc0
0x418f3a,0x28e837cd8fc0
0x418c5a,0x28e837ce98c0
0x419a83,0x28e837cddc40
0x418c31,0x28e837ce7a00
0x41b181,0x28e837cee800
0x41931b,0x28e837ce5a80
0x419615,0x28e837cd9f80
0x4194ba,0x28e837cded40
0x418bb8,0x28e837cf4700
0x418e42,0x28e837cdbf40
0x41a73b,0x28e837cfa4c0
0x41b5d1,0x28e837ce1c40
0x418c8a,0x28e837ce0d40
0x41b3ba,0x28e837ce8b80
0x418c31,0x28e837ce7c40
0x41abc4,0x28e837cf6740
0x4194e7,0x28e837d010c0
0x418b77,0x28e837cf0980
0x418c31,0x28e837ce7cc0
0x418f51,0x28e837cfc500
0x419615,0x28e837d00180
0x4194e7,0x28e837d01180
0x41996a,0x28e837cebc80
0x419da5,0x28e837d03100
0x419cad,0x28e837cfe500
0x41b315,0xfdfd3a8c10c0
0x4194ba,0x28e837d05100
0x41901e,0x28e837cf8980
0x419247,0x28e837cecd80
0x41b315,0xfdfd3a8c1180
0x418e42,0x28e837d023c0
0x41aece,0x28e837cf1c40
0x41b5d1,0xfdfd3a8c3100
0x418cc3,0xfdfd3a8c5100
0x4194ba,0x28e837d05300
0x419227,0x28e837cf3d08
0x41abc4,0x28e837cf6c00
0x41aece,0x28e837cf1e00
0x41a249,0x28e837cedfc0
0x41931b,0xfdfd3a8c7200
0x4197b6,0x28e837cf2e80
0x41931b,0xfdfd3a8c7280
0x418c8a,0xfdfd3a8c23c0
0x4197b6,0x28e837cf2ec0
0x418b77,0x28e837cf0f80
0x418cc3,0xfdfd3a8c5300
0x418e42,0x28e837d02740
0x419981,0xfdfd3a8c6380
0x418bf2,0xfdfd3a8cc1c0
0x418bb8,0x28e837cf4f80
0x419615,0x28e837d008c0
0x418abe,0x28e837cfbd88
0x418c4c,0xfdfd3a8cb388
0x4194ba,0x28e837d05700
0x41922d,0xfdfd3a8d5100
0x419615,0x28e837d00980
0x419981,0xfdfd3a8c6580
0x419a83,0x28e837d047c0
0x41aece,0xfdfd3a8d31c0
0x419cad,0x28e837cfebc0
0x418ab4,0x28e837cf9f80
0x41901e,0x28e837cf8fc0
0x419632,0x28e837cfdc40
0x418c1a,0xfdfd3a8d1340
0x418c8a,0xfdfd3a8c2740
0x418c1a,0xfdfd3a8d1380
0x41922d,0xfdfd3a8d5240
0x418ac7,0x28e837cfbf40
0x418c5a,0xfdfd3a8cb540
0x418b5f,0xfdfd3a8d9100
0x418cc3,0xfdfd3a8c5700
0x419cad,0x28e837cfed40
0x419d7a,0xfdfd3a8c47c0
0x418bf2,0xfdfd3a8cc640
0x4194e7,0x28e837d01c40
0x418bb8,0xfdfd3a8d6400
0x4194ba,0x28e837d05a80
0x419615,0x28e837d00d40
0x418b77,0xfdfd3a8d25c0
0x418c31,0xfdfd3a8c98c0
0x41aece,0xfdfd3a8d3540
0x41996a,0xfdfd3a8cd780
0x41931b,0xfdfd3a8c7a00
0x419247,0xfdfd3a8ce800
0x418cc3,0xfdfd3a8c5a80
0x41b315,0xfdfd3a8c1c40
0x41901e,0xfdfd3a8da4c0
0x418f3a,0xfdfd3a8e10c0
0x4197b6,0xfdfd3a8d4700
0x419cad,0xfdfd3a8e0180
0x418bb8,0xfdfd3a8d6740
0x418f3a,0xfdfd3a8e1180
0x41b2fa,0xfdfd3a8c8b80
0x41a73b,0xfdfd3a8dc500
0x41b181,0xfdfd3a8d0980
0x41931b,0xfdfd3a8c7c40
0x41931b,0xfdfd3a8c7cc0
0x4194e7,0xfdfd3a8e3100
0x418f51,0xfdfd3a8de500
0x418c5a,0xfdfd3a8cbc80
0x419da5,0xfdfd3a8e5100
0x41abc4,0xfdfd3a8d8980
0x418c1a,0xfdfd3a8d1c40
0x418bf2,0xfdfd3a8ccd80
0x419615,0xfdfd3a8e23c0
0x4194ba,0xfdfd3a8e7200
0x418bb8,0xfdfd3a8d6c00
0x4194ba,0xfdfd3a8e7280
0x419da5,0xfdfd3a8e5300
0x418c1a,0xfdfd3a8d1e00
0x41aece,0xfdfd3a8d3d00
0x419a83,0xfdfd3a8e6380
0x418cc3,0xfdfd3a8ec1c0
0x41996a,0xfdfd3a8cdfc0
0x418b77,0xfdfd3a8d2e80
0x41b181,0xfdfd3a8d0f80
0x418b77,0xfdfd3a8d2ec0
0x419cad,0xfdfd3a8e08c0
0x419615,0xfdfd3a8e2740
0x419247,0xfdfd3a8f5100
0x419d7a,0xfdfd3a8eb380
0x419a83,0xfdfd3a8e6580
0x4197b6,0xfdfd3a8d4f80
0x419cad,0xfdfd3a8e0980
0x418ac7,0xfdfd3a8ddc40
0x418bf2,0xfdfd3a8f31c0
0x418a9c,0xfdfd3a8dbd88
0x418e42,0xfdfd3a8e47c0
0x418f51,0xfdfd3a8debc0
0x41b3ba,0xfdfd3a8f1340
0x418b77,0xfdfd3a8f9100
0x419247,0xfdfd3a8f5240
0x41b3ba,0xfdfd3a8f1380
0x419da5,0xfdfd3a8e5700
0x419d7a,0xfdfd3a8eb540
0x41abc4,0xfdfd3a8d8fc0
0x418b5f,0xfdfd3a8d9f80
0x418f51,0xfdfd3a8ded40
0x418ab4,0xfdfd3a8dbf40
0x418cc3,0xfdfd3a8ec640
0x41a249,0xfdfd3a8f6400
0x418f3a,0xfdfd3a8e1c40
0x41901e,0xfdfd3a9010c0
0x418c5a,0xfdfd3a8f25c0
0x418bf2,0xfdfd3a8f3540
0x419cad,0xfdfd3a8e0d40
0x418b5f,0xfdfd3a900180
0x419981,0xfdfd3a8ed780
0x418841,0xfdfd3a901180
0x418c7f,0xfdfd3a8e98c8
0x41931b,0xfdfd3a8ee800
0x4194ba,0xfdfd3a8e7a00
0x419da5,0xfdfd3a8e5a80
0x4197b6,0xfdfd3a8fa4c0
0x41996a,0xfdfd3a8f4700
0x41922d,0xfdfd3a8fc500
0x41a249,0xfdfd3a8f6740
0x41b315,0xfdfd3a8e8b80
0x418b09,0xfdfd3a8fe500
0x418c31,0xfdfd3a8f0980
0x418f51,0xa213218c1c0
0x4194ba,0xfdfd3a8e7c40
0x4194ba,0xfdfd3a8e7cc0
0x418ac7,0xa213218b380
0x419d7a,0xfdfd3a8ebc80
0x418c1a,0xfdfd3a8f8980
0x418ac7,0xa213218b540
0x41b3ba,0xfdfd3a8f1c40
0x418cc3,0xfdfd3a8ecd80
0x41a249,0xfdfd3a8f6c00
0x418f51,0xa213218c640
0x418b5f,0xfdfd3a9008c0
0x418bf2,0xfdfd3a8f3d00
0x41b3ba,0xfdfd3a8f1e00
0x4194ba,0xa2132195100
0x418a9c,0xa21321898c8
0x4194e7,0xa2132191340
0x418b5f,0xfdfd3a900980
0x419da5,0xa21321931c0
0x4194e7,0xa2132191380
0x419981,0xfdfd3a8edfc0
0x418c31,0xfdfd3a8f0f80
0x418c5a,0xfdfd3a8f2e80
0x418c5a,0xfdfd3a8f2ec0
0x4194ba,0xa2132195240
0x418b09,0xfdfd3a8febc0
0x418bb8,0xfdfd3a8fdc40
0x419d7a,0xa2132199100
0x419632,0xa213218d780
0x41aece,0xfdfd3a8fbd80
0x41996a,0xfdfd3a8f4f80
0x418e42,0xa21321925c0
0x419cad,0xa213218e800
0x418b09,0xfdfd3a8fed40
0x41b315,0xa2132196400
0x41901e,0xfdfd3a901c40
0x418c1a,0xfdfd3a8f8fc0
0x418bf2,0xa21321a10c0
0x418b71,0xfdfd3a8f9f88
0x418c4c,0xa21321a0188
0x419d9b,0xa2132193548
0x418b5f,0xfdfd3a900d40
0x419247,0xa21321a3100
0x41aece,0xfdfd3a8fbf40
0x418bf2,0xa21321a1180
0x41b181,0xa21321a5100
0x418ac7,0xa213218bc80
0x418cc3,0xa213219a4c0
0x419a83,0xa2132194700
0x41931b,0xa213219c500
0x419615,0xa2132190980
0x418b77,0xa21321a7200
0x418c31,0xa213219e500
0x41b181,0xa21321a5300
0x41b315,0xa2132196740
0x418f51,0xa213218cd80
0x41996a,0xa21321a23c0
0x418b77,0xa21321a7280
0x418c1a,0xa21321a6380
0x418afe,0xa21321ac1c8
0x418bb8,0xa21321ab380
0x4194e7,0xa2132191c40
0x418c1a,0xa21321a6580
0x41b5d1,0xa2132198980
0x41996a,0xa21321a2740
0x41b181,0xa21321a5700
0x419632,0xa213218dfc0
0x418bb8,0xa21321ab540
0x418f51,0xa21321b31c0
0x41a249,0xa21321a47c0
0x4194e7,0xa2132191e00
0x418c5a,0xa21321a08c0
0x41a73b,0xa21321b1340
0x41b315,0xa2132196c00
0x41a717,0xa21321b1388
0x419da5,0xa2132193d00
0x418e42,0xa2132192e80
0x418c5a,0xa21321a0980
0x418e42,0xa2132192ec0
0x419cad,0xa21321b5100
0x418b09,0xa21321ac640
0x419615,0xa2132190f80
0x418c31,0xa213219ebc0
0x419cad,0xa21321b5240
0x41b2fa,0xa213219dc40
0x4197b6,0xa21321a98c0
0x41abc4,0xa21321ad780
0x41b181,0xa21321a5a80
0x418ac7,0xa21321b25c0
0x418e42,0xa21321b9100
0x418b77,0xa21321a7a00
0x419a83,0xa2132194f80
0x418f51,0xa21321b3540
0x419981,0xa213219bd80
0x418c31,0xa213219ed40
0x418b5f,0xa21321ae800
0x418bec,0xa21321a1c48
0x418f3a,0xa21321b6400
0x418c5a,0xa21321a0d40
0x419d7a,0xa2132199f80
0x41b5d1,0xa2132198fc0
0x419981,0xa213219bf40
0x41aece,0xa21321a8b80
0x418b77,0xa21321a7c40
0x418ab4,0xa21321b0980
0x418b77,0xa21321a7cc0
0x418cc3,0xa21321c10c0
0x419632,0xa21321b4700
0x418bb8,0xa21321abc80
0x41931b,0xa21321c3100
0x419d7a,0xa21321c0180
0x418c31,0xa21321c5100
0x418cc3,0xa21321c1180
0x418f3a,0xa21321b6740
0x418b09,0xa21321acd80
0x419da5,0xa21321ba4c0
0x4194ba,0xa21321bc500
0x41a73b,0xa21321b1c40
0x418c31,0xa21321c5300
0x418c5a,0xa21321c7200
0x419981,0xa21321c23c0
0x418c5a,0xa21321c7280
0x418c8a,0xa21321be500
0x41b181,0xa21321cc1c0
0x41b3ba,0xa21321c6380
0x41a73b,0xa21321b1e00
0x41abc4,0xa21321adfc0
0x418f51,0xa21321b3d00
0x4194e7,0xa21321b8980
0x41a249,0xa21321cb380
0x418ab4,0xa21321b0f80
0x418ac7,0xa21321b2e80
0x418ac7,0xa21321b2ec0
0x418f3a,0xa21321b6c00
0x41b3ba,0xa21321c6580
0x418b09,0xa21321d31c0
0x418b5f,0xa21321d5100
0x419981,0xa21321c2740
0x418c31,0xa21321c5700
0x41922d,0xa21321d1340
0x41a249,0xa21321cb540
0x41922d,0xa21321d1380
0x41b2fa,0xa21321c47c0
0x418b5f,0xa21321d5240
0x418ac7,0xa21321d9100
0x419d7a,0xa21321c08c0
0x41b181,0xa21321cc640
0x419d7a,0xa21321c0980
0x419632,0xa21321b4f80
0x418b09,0xa21321d3540
0x418bb8,0xa21321d25c0
0x41901e,0xa21321d6400
0x418c1a,0xa21321cd780
0x41b315,0xa21321bdc40
0x418c8a,0xa21321bebc0
0x41996a,0xa21321c98c0
0x418c31,0xa21321c5a80
0x418b77,0xa21321ce800
0x418c5a,0xa21321c7a00
0x419a83,0xa21321bbd80
0x418e42,0xa21321b9f80
0x4194e7,0xa21321b8fc0
0x418cc3,0xa21321c1c40
0x418c8a,0xa21321bed40
0x41abc4,0xa21321d4700
0x419d7a,0xa21321c0d40
0x418f51,0xa21321da4c0
0x418939,0xa21321bbf40
0x418bf2,0xa21321c8b80
0x41901e,0xa21321d6740
0x4197b6,0xa21321d0980
0x418c5a,0xa21321c7c40
0x418e42,0xa21321e0180
0x418c5a,0xa21321c7cc0
0x419da5,0xa21321e10c0
0x41a249,0xa21321cbc80
0x419cad,0xa21321dc500
0x4194ba,0xa21321e3100
0x419da5,0xa21321e1180
0x418c8a,0xa21321e5100
0x41b181,0xa21321ccd80
0x41922d,0xa21321d1c40
0x41a73b,0xa21321d8980
0x419615,0xa21321de500
0x419a83,0xa21321e23c0
0x419d7a,0xa21321e7200
0x418b09,0xa21321d3d00
0x418c8a,0xa21321e5300
0x418c31,0xa21321ec1c0
0x41901e,0xa21321d6c00
0x41922d,0xa21321d1e00
0x419d7a,0xa21321e7280
0x418c1a,0xa21321cdfc0
0x418bb8,0xa21321d2e80
0x41b5d1,0xa21321e6380
0x418bb8,0xa21321d2ec0
0x4197b6,0xa21321d0f80
0x41b2fa,0xa21321eb380
0x41b181,0xa21321f31c0
0x418b77,0xa21321f5100
0x41abc4,0xa21321d4f80
0x41b5d1,0xa21321e6580
0x418e42,0xa21321e08c0
0x419a83,0xa21321e2740
0x418bb8,0xa21321f9100
0x419247,0xa21321f1340
0x41b2fa,0xa21321eb540
0x418b77,0xa21321f5240
0x419247,0xa21321f1380
0x418e42,0xa21321e0980
0x418c8a,0xa21321e5700
0x41b315,0xa21321e47c0
0x418f3a,0xa21321ddc40
0x418c31,0xa21321ec640
0x41a73b,0xa21321d8fc0
0x418ac7,0xa21321d9f80
0x419632,0xa21321dbd80
0x419615,0xa21321debc0
0x41b181,0xa21321f3540
0x41aece,0xa21321f6400
0x41a249,0xa21321f25c0
0x41b3a4,0xa21321ed788
0x419981,0xa21321e98c0
0x418ac7,0xa2132200180
0x418f51,0xa21322010c0
0x419615,0xa21321ded40
0x419632,0xa21321dbf40
0x418c5a,0xa21321ee800
0x418c8a,0xa21321e5a80
0x418e42,0xa21321e0d40
0x418b09,0xa21321fa4c0
0x419d7a,0xa21321e7a00
0x418f51,0xa2132201180
0x418c1a,0xa21321f4700
0x419da5,0xa21321e1c40
0x418b5f,0xa21321fc500
0x419cad,0xa2132203100
0x41aece,0xa21321f6740
0x418ab4,0xa21321fe500
0x418cc3,0xa21321e8b80
0x41996a,0xa21321f0980
0x419d7a,0xa21321e7c40
0x419d7a,0xa21321e7cc0
0x419615,0xa2132205100
0x41b2fa,0xa21321ebc80
0x419632,0xa21322023c0
0x41922d,0xa21321f8980
0x418c31,0xa21321ecd80
0x418e42,0xa2132207200
0x419247,0xa21321f1c40
0x418e42,0xa2132207280
0x419615,0xa2132205300
0x41b181,0xa21321f3d00
0x4194e7,0xa2132206380
0x41aea2,0xa21321f6c08
0x418ac7,0xa21322008c0
0x419247,0xa21321f1e00
0x418c8a,0xa213220c1c0
0x41b3ba,0xa21321edfc0
0x41a249,0xa21321f2e80
0x418ac7,0xa2132200980
0x419632,0xa2132202740
0x41a249,0xa21321f2ec0
0x41996a,0xa21321f0f80
0x4194e7,0xa2132206580
0x41b315,0xa213220b380
0x418f3a,0xa21322047c0
0x418ab4,0xa21321febc0
0x418c31,0xa21322131c0
0x418c1a,0xa21321f4f80
0x418c5a,0xa2132215100
0x41901e,0xa21321fdc40
0x419615,0xa2132205700
0x41abc4,0xa21321fbd80
0x41a249,0xa2132219100
0x41931b,0xa2132211340
0x41b315,0xa213220b540
0x41931b,0xa2132211380
0x418a9c,0xa21321fed48
0x418c4c,0xa2132215248
0x418bb8,0xa21321f9f80
0x41922d,0xa21321f8fc0
0x418f51,0xa2132201c40
0x418ac7,0xa2132200d40
0x41abc4,0xa21321fbf40
0x418c8a,0xa213220c640
0x418b09,0xa21322210c0
0x418c31,0xa2132213540
0x418bb8,0xa2132220180
0x418bf2,0xa2132216400
0x41b2fa,0xa21322125c0
0x418e42,0xa2132207a00
0x419615,0xa2132205a80
0x418b09,0xa2132221180
0x419a83,0xa21322098c0
0x418b5f,0xa2132223100
0x41b5d1,0xa213220d780
0x41b181,0xa213221a4c0
0x418a9c,0xa2132225108
0x419d7a,0xa213220e800
0x41b3ba,0xa2132214700
0x418b77,0xa213221c500
0x418e42,0xa2132207c40
0x418e42,0xa2132207cc0
0x4197b6,0xa213221e500
0x418bf2,0xa2132216740
0x419da5,0xa2132208b80
0x41abc4,0xa21322223c0
0x418ab4,0xa2132225300
0x418ac7,0xa2132227200
0x419981,0xa2132210980
0x418ac7,0xa2132227280
0x41a73b,0xa2132226380
0x41b315,0xa213220bc80
0x419247,0xa2132218980
0x41931b,0xa2132211c40
0x418c8a,0xa213220cd80
0x41a73b,0xa2132226580
0x41abc4,0xa2132222740
0x418bb8,0xa21322208c0
0x418ab4,0xa2132225700
0x418c31,0xa2132213d00
0x419615,0xa213222c1c0
0x418f3a,0xa213222b380
0x418bb8,0xa2132220980
0x418bf2,0xa2132216c00
0x41901e,0xa21322247c0
0x41931b,0xa2132211e00
0x41b2fa,0xa2132212e80
0x41b2fa,0xa2132212ec0
0x41b5d1,0xa213220dfc0
0x418f3a,0xa213222b540
0x419981,0xa2132210f80
0x4197b6,0xa213221ebc0
0x41aece,0xa213221dc40
0x418c1a,0xa213221bd80
0x41b3ba,0xa2132214f80
0x418c8a,0xa21322331c0
0x419d7a,0xa2132235100
0x418ab4,0xa2132225a80
0x418b09,0xa2132221c40
0x4197b6,0xa213221ed40
0x41b2fa,0xa2132239100
0x4194ba,0xa2132231340
0x418ac7,0xa2132227a00
0x4194ba,0xa2132231380
0x418bb8,0xa2132220d40
0x41a249,0xa2132219f80
0x419247,0xa2132218fc0
0x419d7a,0xa2132235240
0x419615,0xa213222c640
0x418c1a,0xa213221bf40
0x419632,0xa21322298c0
0x41b181,0xa21322410c0
0x4194e7,0xa213222d780
0x418ac7,0xa2132227c40
0x418f51,0xa2132228b80
0x41a249,0xa2132240180
0x418cc3,0xa2132236400
0x41b181,0xa2132241180
0x41b315,0xa21322325c0
0x418ac7,0xa2132227cc0
0x418c8a,0xa2132233540
0x418e42,0xa213222e800
0x418b77,0xa2132243100
0x4197b6,0xa2132245100
0x418c31,0xa213223a4c0
0x418ba6,0xa2132247208
0x418c4c,0xa213223c508
0x41b5cc,0xa2132234708
0x418c1a,0xa21322423c0
0x418f3a,0xa213222bc80
0x418bb8,0xa2132247280
0x4197b6,0xa2132245300
0x41996a,0xa213223e500
0x418cc3,0xa2132236740
0x419a83,0xa2132230980
0x41922d,0xa2132246380
0x418ab4,0xa213224c1c0
0x419615,0xa213222cd80
0x41931b,0xa2132238980
0x41901e,0xa213224b380
0x41922d,0xa2132246580
0x418c10,0xa2132242748
0x4194ba,0xa2132231c40
0x4197b6,0xa2132245700
0x41a249,0xa21322408c0
0x41901e,0xa213224b540
0x41aece,0xa21322447c0
0x41a249,0xa2132240980
0x4194e7,0xa213222dfc0
0x418c8a,0xa2132233d00
0x418cc3,0xa2132236c00
0x4194ba,0xa2132231e00
0x418ab4,0xa213224c640
0x41b315,0xa2132232e80
0x41b315,0xa2132232ec0
0x418e42,0xa2132255100
0x419cad,0xa2132251340
0x419a83,0xa2132230f80
0x419615,0xa21322531c0
0x419cad,0xa2132251380
0x41996a,0xa213223ebc0
0x418bf2,0xa213223dc40
0x41abc4,0xa21322498c0
0x418bb8,0xa2132247a00
0x41a73b,0xa213224d780
0x41b3ba,0xa213223bd80
0x418e42,0xa2132255240
0x4197b6,0xa2132245a80
0x41b181,0xa2132241c40
0x41b5d1,0xa2132234f80
0x41996a,0xa213223ed40
0x41b315,0xa2132259100
0x418ac7,0xa213224e800
0x41a249,0xa2132240d40
0x41b2fa,0xa2132239f80
0x41931b,0xa2132238fc0
0x418f3a,0xa21322525c0
0x41b3ba,0xa213223bf40
0x418b09,0xa2132248b80
0x418bb8,0xa2132247c40
0x419615,0xa2132253540
0x418bb8,0xa2132247cc0
0x418c31,0xa21322610c0
0x419d9b,0xa2132256408
0x41b2fa,0xa2132260180
0x418c31,0xa2132261180
0x418c5a,0xa2132263100
0x41901e,0xa213224bc80
0x41996a,0xa2132265100
0x4194e7,0xa2132254700
0x419632,0xa2132250980
0x418c8a,0xa213225a4c0
0x418ab4,0xa213224cd80
0x41a249,0xa2132267200
0x419d7a,0xa213225c500
0x41b3ba,0xa21322623c0
0x41a249,0xa2132267280
0x419da5,0xa2132256740
0x41996a,0xa2132265300
0x419981,0xa213225e500
0x419247,0xa2132266380
0x4197b6,0xa213226c1c0
0x419cad,0xa2132251c40
0x41a73b,0xa213224dfc0
0x41aece,0xa213226b380
0x4194ba,0xa2132258980
0x419247,0xa2132266580
0x419cad,0xa2132251e00
0x418ab4,0xa21322731c0
0x41b3ba,0xa2132262740
0x418ac7,0xa2132275100
0x418f3a,0xa2132252e80
0x419615,0xa2132253d00
0x418f3a,0xa2132252ec0
0x41996a,0xa2132265700
0x41b2fa,0xa21322608c0
0x418b52,0xa2132271348
0x41aea2,0xa213226b548
0x419632,0xa2132250f80
0x418b5f,0xa2132271380
0x418ac7,0xa2132275240
0x418bf2,0xa21322647c0
0x419da5,0xa2132256c00
0x41b2fa,0xa2132260980
0x4197b6,0xa213226c640
0x418f3a,0xa2132279100
0x4194e7,0xa2132254f80
0x418ab4,0xa2132273540
0x418c1a,0xa21322698c0
0x41922d,0xa213226d780
0x419981,0xa213225ebc0
0x41901e,0xa21322725c0
0x418cc3,0xa213225dc40
0x418f51,0xa2132276400
0x41a249,0xa2132267a00
0x418bb8,0xa213226e800
0x41996a,0xa2132265a80
0x418c31,0xa2132261c40
0x41b5cc,0xa213225bd88
0x419981,0xa213225ed40
0x41b2fa,0xa2132260d40
0x41b315,0xa2132259f80
0x4194ba,0xa2132258fc0
0x41a73b,0xa2132274700
0x41b181,0xa2132268b80
0x41a249,0xa2132267c40
0x41b5d1,0xa213225bf40
0x41abc4,0xa2132270980
0x41a249,0xa2132267cc0
0x418f51,0xa2132276740
0x418c8a,0xa21322810c0
0x41b315,0xa2132280180
0x418c8a,0xa2132281180
0x41aece,0xa213226bc80
0x419615,0xa213227a4c0
0x419d6b,0xa2132283108
0x419981,0xa2132285100
0x418e42,0xa213227c500
0x4197b6,0xa213226cd80
0x418b5f,0xa2132271c40
0x41b2fa,0xa2132287200
0x41b2fa,0xa2132287280
0x419a83,0xa213227e500
0x419981,0xa2132285300
0x41b5d1,0xa21322823c0
0x418ab4,0xa2132273d00
0x419cad,0xa2132278980
0x41931b,0xa2132286380
0x41996a,0xa213228c1c0
0x418b5f,0xa2132271e00
0x41922d,0xa213226dfc0
0x418f51,0xa2132276c00
0x41901e,0xa2132272e80
0x41901e,0xa2132272ec0
0x41abc4,0xa2132270f80
0x418bb8,0xa2132295100
0x418bf2,0xa213228b380
0x41931b,0xa2132286580
0x4197b6,0xa21322931c0
0x41a73b,0xa2132274f80
0x418b77,0xa2132291340
0x418bb8,0xa2132295240
0x41b5d1,0xa2132282740
0x418b77,0xa2132291380
0x419981,0xa2132285700
0x41b315,0xa21322808c0
0x418bf2,0xa213228b540
0x41901e,0xa2132299100
0x418cc3,0xa21322847c0
0x41b315,0xa2132280980
0x41996a,0xa213228c640
0x418b09,0xa2132296400
0x4197b6,0xa2132293540
0x4194e7,0xa213227bd80
0x419247,0xa213228d780
0x419a83,0xa213227ebc0
0x41aece,0xa21322925c0
0x41b3ba,0xa21322898c0
0x418f3a,0xa2132279f80
0x419cad,0xa2132278fc0
0x419da5,0xa213227dc40
0x41a249,0xa213228e800
0x41b2fa,0xa2132287a00
0x419981,0xa2132285a80
0x418ab4,0xa213229a4c0
0x418c8a,0xa2132281c40
0x41922d,0xa2132294700
0x419a83,0xa213227ed40
0x4194e7,0xa213227bf40
0x41b315,0xa2132280d40
0x418f3a,0xa21322a0180
0x418c2c,0xa2132288b88
0x418b09,0xa2132296740
0x418ac7,0xa213229c500
0x418c1a,0xa2132290980
0x419615,0xa21322a10c0
0x41b2fa,0xa2132287c40
0x41b2fa,0xa2132287cc0
0x418e42,0xa21322a3100
0x419615,0xa21322a1180
0x418bf2,0xa213228bc80
0x419632,0xa213229e500
0x419a83,0xa21322a5100
0x418b5f,0xa2132298980
0x41996a,0xa213228cd80
0x418b71,0xa2132291c48
0x4194e7,0xa21322a23c0
0x41b315,0xa21322a7200
0x41b315,0xa21322a7280
0x418b09,0xa2132296c00
0x419a83,0xa21322a5300
0x4197b6,0xa2132293d00
0x418b77,0xa2132291e00
0x4194ba,0xa21322a6380
0x419981,0xa21322ac1c0
0x419247,0xa213228dfc0
0x418c1a,0xa2132290f80
0x41aece,0xa2132292e80
0x41aece,0xa2132292ec0
0x418f3a,0xa21322a08c0
0x41a249,0xa21322b5100
0x4194e7,0xa21322a2740
0x418cb1,0xa21322ab388
0x4194ba,0xa21322a6580
0x41922d,0xa2132294f80
0x418f3a,0xa21322a0980
0x41996a,0xa21322b31c0
0x41a73b,0xa213229bd80
0x418f51,0xa213229dc40
0x41a249,0xa21322b5240
0x418c5a,0xa21322b1340
0x418c5a,0xa21322b1380
0x419a83,0xa21322a5700
0x41aece,0xa21322b9100
0x418cc3,0xa21322ab540
0x419da5,0xa21322a47c0
0x419632,0xa213229ebc0
0x418b5f,0xa2132298fc0
0x41901e,0xa2132299f80
0x41a73b,0xa213229bf40
0x419981,0xa21322ac640
0x41b181,0xa21322b6400
0x419632,0xa213229ed40
0x418a9c,0xa21322c10c8
0x41996a,0xa21322b3540
0x418f3a,0xa21322a0d40
0x41931b,0xa21322ad780
0x418bf2,0xa21322b25c0
0x41901e,0xa21322c0180
0x418ab4,0xa21322c1180
0x419615,0xa21322a1c40
0x41b5d1,0xa21322a98c0
0x41b2fa,0xa21322ae800
0x41b315,0xa21322a7a00
0x418ac7,0xa21322c3100
0x419a83,0xa21322a5a80
0x4197b6,0xa21322ba4c0
0x419247,0xa21322b4700
0x418bb8,0xa21322bc500
0x41b181,0xa21322b6740
0x418c8a,0xa21322a8b80
0x41abc4,0xa21322be500
0x41b3ba,0xa21322b0980
0x41b315,0xa21322a7c40
0x41a73b,0xa21322c23c0
0x419632,0xa21322c5100
0x41b315,0xa21322a7cc0
0x418f3a,0xa21322c7200
0x418cc3,0xa21322abc80
0x418f3a,0xa21322c7280
0x419632,0xa21322c5300
0x418b77,0xa21322b8980
0x419981,0xa21322acd80
0x419cad,0xa21322c6380
0x418c5a,0xa21322b1c40
0x41a73b,0xa21322c2740
0x41b181,0xa21322b6c00
0x41901e,0xa21322c08c0
0x41996a,0xa21322b3d00
0x418c5a,0xa21322b1e00
0x419cad,0xa21322c6580
0x41901e,0xa21322c0980
0x419a83,0xa21322cc1c0
0x41931b,0xa21322adfc0
0x418f51,0xa21322c47c0
0x418bf2,0xa21322b2e80
0x41b3ba,0xa21322b0f80
0x418bf2,0xa21322b2ec0
0x419632,0xa21322c5700
0x418b09,0xa21322bdc40
0x419da5,0xa21322cb380
0x41abc4,0xa21322bebc0
0x41b2fa,0xa21322d5100
0x41922d,0xa21322bbd80
0x419247,0xa21322b4f80
0x419981,0xa21322d31c0
0x41b2fa,0xa21322d5240
0x418ab4,0xa21322c1c40
0x41abc4,0xa21322bed40
0x418bf2,0xa21322d9100
0x419da5,0xa21322cb540
0x419d7a,0xa21322d1340
0x418b77,0xa21322b8fc0
0x419d7a,0xa21322d1380
0x41901e,0xa21322c0d40
0x41922d,0xa21322bbf40
0x41aece,0xa21322b9f80
0x419a83,0xa21322cc640
0x418f3a,0xa21322c7a00
0x419632,0xa21322c5a80
0x418c31,0xa21322d6400
0x4197b6,0xa21322e10c0
0x4194e7,0xa21322c98c0
0x419981,0xa21322d3540
0x418bb8,0xa21322e3100
0x41aece,0xa21322e0180
0x4197b6,0xa21322e1180
0x4194ba,0xa21322cd780
0x418cc3,0xa21322d25c0
0x41b315,0xa21322ce800
0x41abc4,0xa21322e5100
0x418f3a,0xa21322c7c40
0x41996a,0xa21322da4c0
0x418f3a,0xa21322c7cc0
0x41931b,0xa21322d4700
0x419615,0xa21322c8b80
0x41a249,0xa21322dc500
0x418c31,0xa21322d6740
0x418c1a,0xa21322de500
0x41922d,0xa21322e23c0
0x41901e,0xa21322e7200
0x41abc4,0xa21322e5300
0x41901e,0xa21322e7280
0x41b5d1,0xa21322d0980
0x418b5f,0xa21322e6380
0x419da5,0xa21322cbc80
0x418c5a,0xa21322d8980
0x418b5f,0xa21322e6580
0x41922d,0xa21322e2740
0x419a83,0xa21322ccd80
0x419632,0xa21322ec1c0
0x418f51,0xa21322eb380
0x419d7a,0xa21322d1c40
0x418c31,0xa21322d6c00
0x41abc4,0xa21322e5700
0x418b09,0xa21322e47c0
0x41aece,0xa21322e08c0
0x419981,0xa21322d3d00
0x41aece,0xa21322e0980
0x418f51,0xa21322eb540
0x419d6b,0xa21322d1e08
0x4194ba,0xa21322cdfc0
0x418cc3,0xa21322d2e80
0x418c1a,0xa21322debc0
0x418cc3,0xa21322d2ec0
0x41b181,0xa21322ddc40
0x41b5d1,0xa21322d0f80
0x41b315,0xa21322f5100
0x418e42,0xa21322f1340
0x41931b,0xa21322d4f80
0x419247,0xa21322dbd80
0x419a83,0xa21322f31c0
0x41a73b,0xa21322e98c0
0x418e42,0xa21322f1380
0x41abc4,0xa21322e5a80
0x419632,0xa21322ec640
0x418c1a,0xa21322ded40
0x41901e,0xa21322e7a00
0x4197b6,0xa21322e1c40
0x41b315,0xa21322f5240
0x418cc3,0xa21322f9100
0x418c5a,0xa21322d8fc0
0x41aece,0xa21322e0d40
0x418bec,0xa21322d9f88
0x419241,0xa21322dbf48
0x419cad,0xa21322ed780
0x418ab4,0xa21322e8b80
0x418f3a,0xa21322ee800
0x41901e,0xa21322e7c40
0x41996a,0xa21323010c0
0x418c8a,0xa21322f6400
0x41901e,0xa21322e7cc0
0x419a83,0xa21322f3540
0x41a249,0xa2132303100
0x418bf2,0xa2132300180
0x419da5,0xa21322f25c0
0x41996a,0xa2132301180
0x418c1a,0xa2132305100
0x418f51,0xa21322ebc80
0x419981,0xa21322fa4c0
0x4194ba,0xa21322f4700
0x41b2fa,0xa21322fc500
0x4194e7,0xa21322f0980
0x418c1a,0xa2132305300
0x419247,0xa21323023c0
0x41aece,0xa2132307200
0x41b3ba,0xa21322fe500
0x418c8a,0xa21322f6740
0x41aece,0xa2132307280
0x418b77,0xa2132306380
0x41abc4,0xa213230c1c0
0x419632,0xa21322ecd80
0x418b09,0xa213230b380
0x418e42,0xa21322f1c40
0x418b71,0xa2132306588
0x419d7a,0xa21322f8980
0x419247,0xa2132302740
0x419cad,0xa21322edfc0
0x418c1a,0xa2132305700
0x418b09,0xa213230b540
0x41b181,0xa21323047c0
0x418e42,0xa21322f1e00
0x418ac7,0xa2132311340
0x418bf2,0xa21323008c0
0x418ac7,0xa2132311380
0x418c8a,0xa21322f6c00
0x419a83,0xa21322f3d00
0x418f3a,0xa2132315100
0x418bf2,0xa2132300980
0x419632,0xa21323131c0
0x4194e7,0xa21322f0f80
0x41abc4,0xa213230c640
0x419da5,0xa21322f2e80
0x419da5,0xa21322f2ec0
0x418f3a,0xa2132315240
0x418c2c,0xa21322fdc48
0x41b3a4,0xa21322febc8
0x41922d,0xa21323098c0
0x418b5f,0xa213230d780
0x418c1a,0xa2132305a80
0x41931b,0xa21322fbd80
0x4194ba,0xa21322f4f80
0x41aece,0xa2132307a00
0x418f51,0xa21323125c0
0x41901e,0xa213230e800
0x41b3ba,0xa21322fed40
0x41996a,0xa2132301c40
0x419da5,0xa2132319100
0x419632,0xa2132313540
0x418bf2,0xa2132300d40
0x41931b,0xa21322fbf40
0x418cc3,0xa21322f9f80
0x419d7a,0xa21322f8fc0
0x4197b6,0xa2132308b80
0x419615,0xa2132316400
0x41aece,0xa2132307c40
0x41a717,0xa2132310988
0x41aece,0xa2132307cc0
0x419981,0xa21323210c0
0x419cad,0xa2132314700
0x41b2fa,0xa2132323100
0x418b09,0xa213230bc80
0x418cc3,0xa2132320180
0x419981,0xa2132321180
0x41b3ba,0xa2132325100
0x419a83,0xa213231a4c0
0x41abc4,0xa213230cd80
0x419615,0xa2132316740
0x41b315,0xa213231c500
0x418ac7,0xa2132311c40
0x41931b,0xa21323223c0
0x418bf2,0xa2132327200
0x41b3ba,0xa2132325300
0x418bf2,0xa2132327280
0x41b5d1,0xa213231e500
0x418c1a,0xa213232c1c0
0x418c5a,0xa2132326380
0x418ac7,0xa2132311e00
0x418b5f,0xa213230dfc0
0x418e42,0xa2132318980
0x41b181,0xa213232b380
0x41a73b,0xa2132310f80
0x418f51,0xa2132312e80
0x419632,0xa2132313d00
0x418c5a,0xa2132326580
0x418f51,0xa2132312ec0
0x41901e,0xa2132335100
0x41abc4,0xa21323331c0
0x41931b,0xa2132322740
0x418bb8,0xa2132331340
0x41b181,0xa213232b540
0x419615,0xa2132316c00
0x418ba6,0xa2132331388
0x41b3a4,0xa2132325708
0x418c31,0xa21323247c0
0x41901e,0xa2132335240
0x418cc3,0xa21323208c0
0x418c1a,0xa213232c640
0x418f51,0xa2132339100
0x418cc3,0xa2132320980
0x419cad,0xa2132314f80
0x418ab4,0xa2132336400
0x418b09,0xa21323325c0
0x41abc4,0xa2132333540
0x418b77,0xa213232d780
0x419247,0xa21323298c0
0x418c8a,0xa213231dc40
0x41b5d1,0xa213231ebc0
0x41b3ba,0xa2132325a80
0x4194ba,0xa213231bd80
0x418bf2,0xa2132327a00
0x41aece,0xa213232e800
0x418e42,0xa2132318fc0
0x419981,0xa2132321c40
0x41b5d1,0xa213231ed40
0x418b5f,0xa2132334700
0x418cc3,0xa2132320d40
0x419da5,0xa2132319f80
0x4194ba,0xa213231bf40
0x41996a,0xa2132328b80
0x418ab4,0xa2132336740
0x41922d,0xa2132330980
0x418bf2,0xa2132327c40
0x419632,0xa213233a4c0
0x418bf2,0xa2132327cc0
0x419a83,0xa21323410c0
0x41b181,0xa213232bc80
0x419da5,0xa2132340180
0x418f3a,0xa213233c500
0x41b315,0xa2132343100
0x418939,0xa2132341180
0x418c1a,0xa213232cd80
0x41b5d1,0xa2132345100
0x418bb8,0xa2132331c40
0x418ac7,0xa2132338980
0x4194e7,0xa213233e500
0x4194ba,0xa21323423c0
0x418cc3,0xa2132347200
0x418ab4,0xa2132336c00
0x418bb8,0xa2132331e00
0x418cc3,0xa2132347280
0x41abc4,0xa2132333d00
0x41b5d1,0xa2132345300
0x41b3ba,0xa213234c1c0
0x418b71,0xa213232dfc8
0x419d6b,0xa2132346388
0x418b09,0xa2132332e80
0x418b09,0xa2132332ec0
0x41922d,0xa2132330f80
0x418c31,0xa213234b380
0x418c1a,0xa21323531c0
0x41aece,0xa2132355100
0x419d7a,0xa2132346580
0x4194ba,0xa2132342740
0x418b5f,0xa2132334f80
0x41a249,0xa2132351340
0x418c31,0xa213234b540
0x41a249,0xa2132351380
0x418b09,0xa2132359100
0x41aece,0xa2132355240
0x419da5,0xa21323408c0
0x41b5d1,0xa2132345700
0x418c8a,0xa21323447c0
0x418ac7,0xa2132338fc0
0x419da5,0xa2132340980
0x41b3ba,0xa213234c640
0x419cad,0xa213233bd80
0x418f51,0xa2132339f80
0x4194e7,0xa213233ebc0
0x4197b6,0xa2132356400
0x419615,0xa213233dc40
0x418c1a,0xa2132353540
0x41b181,0xa21323525c0
0x41931b,0xa21323498c0
0x418c5a,0xa213234d780
0x419cad,0xa213233bf40
0x4194e7,0xa213233ed40
0x418f51,0xa2132360180
0x418bf2,0xa213234e800
0x418cc3,0xa2132347a00
0x41b5d1,0xa2132345a80
0x419a83,0xa2132341c40
0x41abc4,0xa213235a4c0
0x418b77,0xa2132354700
0x419632,0xa21323610c0
0x419da5,0xa2132340d40
0x41901e,0xa213235c500
0x418f3a,0xa2132363100
0x4197b6,0xa2132356740
0x419632,0xa2132361180
0x419981,0xa2132348b80
0x419247,0xa2132350980
0x41a73b,0xa213235e500
0x418cc3,0xa2132347c40
0x418cc3,0xa2132347cc0
0x418c31,0xa213234bc80
0x4194e7,0xa2132365100
0x419cad,0xa21323623c0
0x418bb8,0xa2132358980
0x41b3a4,0xa213234cd88
0x41a249,0xa2132351c40
0x4194e7,0xa2132365300
0x419da5,0xa2132367200
0x418e42,0xa2132366380
0x418c1a,0xa2132353d00
0x4197b6,0xa2132356c00
0x419da5,0xa2132367280
0x41a249,0xa2132351e00
0x41b181,0xa2132352e80
0x418f51,0xa21323608c0
0x418c5a,0xa213234dfc0
0x41b181,0xa2132352ec0
0x41b5d1,0xa213236c1c0
0x419cad,0xa2132362740
0x419247,0xa2132350f80
0x418e42,0xa2132366580
0x418f51,0xa2132360980
0x55146b,0xa2132371340
0x55146b,0xa2132371380
0x414201,0x28e837cc7201
0x414281,0x28e837cc7281
0x414540,0xa21323847c0
0x4144e0,0xa2132380d40
0x4144f1,0xa2132387cc0
0x4145be,0xa213236d780
0x41448e,0xa213237e500
0x4144cd,0x8ad3301c10c0
0x41452d,0x8ad3301c0180
0x4144cd,0x8ad3301c1180
0x414595,0xa2132376400
0x4144e0,0x8ad3301c3100
0x41450f,0xa21323698c8
0x41447b,0x8ad3301c5100
0x414568,0x8ad3301be500
0x414508,0xa2132381c40
0x414551,0x8ad3301c23c0
0x414428,0x8ad3301c7200
0x41447b,0x8ad3301c5300
0x414595,0xa2132376740
0x551432,0xa2132379f80
0x55146b,0xa2132371c40
0x414428,0x8ad3301c7280
0x4144a9,0xa213237dc40
0x4144b6,0x8ad3301c6380
0x41448e,0xa213237ebc0
0x4145be,0xa213236dfc0
0x414551,0x8ad3301c2740
0x414468,0x8ad3301cc1c0
0x4144b6,0x8ad3301c6580
0x41448e,0xa213237ed40
0x41452d,0x8ad3301c08c0
0x41447b,0x8ad3301c5700
0x551432,0x8ad3301cb380
0x55146b,0xa2132371e00
0x551432,0x8ad3301cb540
0x4144f1,0x8ad3301c47c0
0x4145a2,0xa2132388b80
0x41452d,0x8ad3301c0980
0x414595,0xa2132376c00
0x414440,0xa213237bd80
0x414568,0x8ad3301bebc0
0x414440,0xa213237bf40
0x414568,0x8ad3301bed40
0x4144cd,0x8ad3301c1c40
0x414468,0x8ad3301cc640
0x41447b,0x8ad3301c5a80
0x41455c,0x8ad3301c98c0
0x4144a9,0x8ad3301d1340
0x41448e,0x8ad3301d31c0
0x4144a9,0x8ad3301d1380
0x414428,0x8ad3301c7a00
0x41452d,0x8ad3301c0d40
0x414540,0x8ad3301cd780
0x414595,0x8ad3301d5100
0x414458,0x8ad3301c8b80
0x414428,0x8ad3301c7c40
0x414428,0x8ad3301c7cc0
0x41450f,0x8ad3301d25c8
0x4145be,0x8ad3301ce800
0x414595,0x8ad3301d5240
0x41448e,0x8ad3301d3540
0x414588,0x8ad3301d9100
0x551432,0x8ad3301cbc80
0x4145a2,0x8ad3301d6400
0x414440,0x8ad3301d4700
0x414468,0x8ad3301ccd80
0x414428,0x8ad3301e10c0
0x4144b6,0x8ad3301e0180
0x55146b,0x8ad3301d0980
0x414428,0x8ad3301e1180
0x41452d,0x8ad3301da4c0
0x41455c,0x8ad3301e3100
0x4145a2,0x8ad3301d6740
0x414551,0x8ad3301dc500
0x4144a9,0x8ad3301d1c40
0x414579,0x8ad3301e5100
0x414540,0x8ad3301cdfc0
0x4144f1,0x8ad3301de500
0x414458,0x8ad3301e23c0
0x4144a9,0x8ad3301d1e00
0x41448e,0x8ad3301d3d00
0x414579,0x8ad3301e5300
0x55146b,0x8ad3301d0f80
0x414540,0x8ad3301e7200
0x414568,0x8ad3301d8980
0x41450f,0x8ad3301d2e88
0x41450f,0x8ad3301d2ec8
0x414540,0x8ad3301e7280
0x414468,0x8ad3301e6380
0x4145a2,0x8ad3301d6c00
0x414458,0x8ad3301e2740
0x4144b6,0x8ad3301e08c0
0x414468,0x8ad3301e6580
0x551432,0x8ad3301e47c0
0x414579,0x8ad3301e5700
0x414440,0x8ad3301d4f80
0x4144b6,0x8ad3301e0980
0x41448e,0x8ad3301ec1c0
0x4144e0,0x8ad3301ddc40
0x4144f1,0x8ad3301debc0
0x41450f,0x8ad3301eb388
0x4144cd,0x8ad3301dbd80
0x414568,0x8ad3301d8fc0
0x4144f1,0x8ad3301ded40
0x414588,0x8ad3301d9f80
0x414428,0x8ad3301e1c40
0x41450f,0x8ad3301eb548
0x4144cd,0x8ad3301dbf40
0x414579,0x8ad3301e5a80
0x4144b6,0x8ad3301e0d40
0x414540,0x8ad3301e7a00
0x414508,0x8ad3301e98c0
0x4144cd,0x8ad3301f5100
0x41448e,0x8ad3301ec640
0x414588,0x8ad3301f31c0
0x4145b3,0x8ad3301f1340
0x4145b3,0x8ad3301f1380
0x4144cd,0x8ad3301f5240
0x414540,0x8ad3301e7c40
0x41447b,0x8ad3301f9100
0x414540,0x8ad3301e7cc0
0x4145be,0x8ad3301e8b80
0x55146b,0x8ad3301ed780
0x414440,0x8ad3301ee800
0x414551,0x8ad3301f6400
0x414568,0x8ad3301f25c0
0x414588,0x8ad3301f3540
0x41450f,0x8ad3301ebc88
0x41452d,0x8ad3301f4700
0x414540,0x8ad3302010c0
0x4144b6,0x8ad3301fa4c0
0x4145a2,0x8ad3301f0980
0x414468,0x8ad330200180
0x414551,0x8ad3301f6740
0x414540,0x8ad330201180
0x41448e,0x8ad3301ecd80
0x41455c,0x8ad3301fe500
0x414508,0x8ad330203100
0x4145b3,0x8ad3301f1c40
0x41450f,0x8ad330205108
0x551432,0x8ad3301fc500
0x55146b,0x8ad3301edfc0
0x4144f1,0x8ad3301f8980
0x4145be,0x8ad3302023c0
0x414551,0x8ad3301f6c00
0x414588,0x8ad3301f3d00
0x4145b3,0x8ad3301f1e00
0x41450f,0x8ad330205308
0x41448e,0x8ad330207200
0x41448e,0x8ad330207280
0x414568,0x8ad3301f2e80
0x4145a2,0x8ad3301f0f80
0x414568,0x8ad3301f2ec0
0x55146b,0x8ad330206380
0x55146b,0x8ad330206580
0x414468,0x8ad3302008c0
0x4145be,0x8ad330202740
0x41452d,0x8ad3301f4f80
0x414468,0x8ad330200980
0x41455c,0x8ad3301febc0
0x414458,0x8ad3301fdc40
0x414428,0x8ad3301fbd80
0x414568,0x8ad33020c1c0
0x41450f,0x8ad330205708
0x41455c,0x8ad3301fed40
0x4144a9,0x8ad3302047c0
0x4144f1,0x8ad3301f8fc0
0x41447b,0x8ad3301f9f80
0x4145b3,0x8ad33020b380
0x414428,0x8ad3301fbf40
0x414540,0x8ad330201c40
0x414468,0x8ad330200d40
0x41447b,0x8ad3302131c0
0x4145b3,0x8ad33020b540
0x414428,0x8ad330215100
0x4144e0,0x8ad330211340
0x4144e0,0x8ad330211380
0x41450f,0x8ad330205a88
0x41448e,0x8ad330207a00
0x414568,0x8ad33020c640
0x414428,0x8ad330215240
0x414595,0x8ad3302098c0
0x414588,0x8ad33020d780
0x414468,0x8ad330219100
0x41448e,0x8ad330207c40
0x41447b,0x8ad330213540
0x4144f1,0x8ad3302125c0
0x414458,0x8ad330216400
0x41448e,0x8ad330207cc0
0x41452d,0x8ad33020e800
0x414440,0x8ad330208b80
0x4144b6,0x8ad330214700
0x551432,0x8ad33021a4c0
0x55146b,0x8ad330220180
0x414551,0x8ad330210980
0x414458,0x8ad330216740
0x4145b3,0x8ad33020bc80
0x41448e,0x8ad3302210c0
0x414568,0x8ad33020cd80
0x41448e,0x8ad330221180
0x4145be,0x8ad33021c500
0x4144e0,0x8ad330211c40
0x4144a9,0x8ad33021e500
0x414579,0x8ad330218980
0x41447b,0x8ad330213d00
0x4144e0,0x8ad330211e00
0x414595,0x8ad330223100
0x414588,0x8ad33020dfc0
0x414458,0x8ad330216c00
0x4145b3,0x8ad330225100
0x4144f1,0x8ad330212e80
0x414551,0x8ad330210f80
0x414440,0x8ad3302223c0
0x4144f1,0x8ad330212ec0
0x55146b,0x8ad3302208c0
0x414588,0x8ad330227200
0x4145b3,0x8ad330225300
0x4144b6,0x8ad330214f80
0x414588,0x8ad330227280
0x414568,0x8ad330226380
0x4144f1,0x8ad33022c1c0
0x414440,0x8ad330222740
0x414540,0x8ad33021bd80
0x414508,0x8ad33021dc40
0x4144e0,0x8ad33022b380
0x414568,0x8ad330226580
0x414579,0x8ad330218fc0
0x55146b,0x8ad330220980
0x551432,0x8ad3302331c0
0x4144a9,0x8ad33021ebc0
0x4145b3,0x8ad330225700
0x414468,0x8ad330219f80
0x414540,0x8ad33021bf40
0x4145a2,0x8ad3302247c0
0x4144e0,0x8ad33022b540
0x4144a9,0x8ad33021ed40
0x41455c,0x8ad330231340
0x41448e,0x8ad330221c40
0x41455c,0x8ad330231380
0x414540,0x8ad330235100
0x4144f1,0x8ad33022c640
0x41452d,0x8ad3302298c0
0x414540,0x8ad330235240
0x55146b,0x8ad330220d40
0x551432,0x8ad330233540
0x4145b3,0x8ad330225a80
0x41447b,0x8ad33022d780
0x414588,0x8ad330227a00
0x4144a9,0x8ad330239100
0x4144b6,0x8ad33022e800
0x414579,0x8ad3302325c0
0x4144cd,0x8ad330228b80
0x414588,0x8ad330227c40
0x4145be,0x8ad330236400
0x414588,0x8ad330227cc0
0x414458,0x8ad330230980
0x414468,0x8ad330234700
0x4144e0,0x8ad33022bc80
0x41450f,0x8ad33023a4c8
0x4144f1,0x8ad33022cd80
0x4145be,0x8ad330236740
0x41455c,0x8ad330231c40
0x551432,0x8ad330233d00
0x414440,0x8ad33023c500
0x41447b,0x8ad33022dfc0
0x4144cd,0xa1abd7fd31c0
0x41455c,0x8ad330231e00
0x4144e0,0xa1abd7fd5100
0x414588,0xa1abd7fd1340
0x414458,0x8ad330230f80
0x414588,0xa1abd7fd1380
0x4145a2,0x8ad33023e500
0x4144e0,0xa1abd7fd5240
0x414579,0x8ad330232e80
0x4145b3,0xea2062be500
0x414579,0x8ad330232ec0
0x4145be,0x8ad330236c00
0x414428,0xa1abd7fd9100
0x55146b,0x8ad330238980
0x4144cd,0xa1abd7fd3540
0x4144f1,0xa1abd7fd6400
0x414468,0x8ad330234f80
0x41452d,0xa1abd7fd25c0
0x414551,0xa1abd7fd4700
0x551432,0xa1abd7fdc500
0x414458,0xa1abd7fda4c0
0x41448e,0x8ad33023bd80
0x414508,0xa1abd7fe10c0
0x4144f1,0xa1abd7fd6740
0x4144a9,0x8ad330239f80
0x4145be,0xa1abd7fe0180
0x414508,0xa1abd7fe1180
0x4145a2,0x8ad33023ebc0
0x414595,0x8ad33023dc40
0x41448e,0x8ad33023bf40
0x4145b3,0xea2062bebc0
0x41450f,0xa1abd7fe3108
0x414468,0xa1abd7fde500
0x4145a2,0x8ad33023ed40
0x55146b,0x8ad330238fc0
0x55146b,0xa1abd7fe5100
0x55146b,0xa1abd7fe5300
0x414588,0xa1abd7fd1c40
0x4145b3,0xea2062bed40
0x4144b6,0xa1abd7fd8980
0x4144cd,0xa1abd7fd3d00
0x4144a9,0xa1abd7fe23c0
0x4144f1,0xa1abd7fd6c00
0x414588,0xa1abd7fd1e00
0x41452d,0xa1abd7fd2e80
0x41452d,0xa1abd7fd2ec0
0x55146b,0xa1abd7fe5700
0x414595,0xa1abd7fe7200
0x414440,0xa1abd7fe6380
0x414551,0xa1abd7fd4f80
0x414595,0xa1abd7fe7280
0x4145be,0xa1abd7fe08c0
0x4144a9,0xa1abd7fe2740
0x414579,0xa1abd7fddc40
0x4145be,0xa1abd7fe0980
0x41455c,0xa1abd7fdbd80
0x41452d,0xa1abd7fec1c0
0x414468,0xa1abd7fdebc0
0x414440,0xa1abd7fe6580
0x4144b6,0xa1abd7fd8fc0
0x414428,0xa1abd7fd9f80
0x41448e,0xa1abd7fe47c0
0x414588,0xa1abd7feb380
0x41455c,0xa1abd7fdbf40
0x55146b,0xa1abd7fe5a80
0x414468,0xa1abd7fded40
0x414508,0xa1abd7fe1c40
0x414458,0xa1abd7ff5100
0x414428,0xa1abd7ff31c0
0x414588,0xa1abd7feb540
0x4145be,0xa1abd7fe0d40
0x41447b,0xa1abd7ff1340
0x41447b,0xa1abd7ff1380
0x414458,0xa1abd7ff5240
0x41452d,0xa1abd7fec640
0x4145b3,0xa1abd7fe98c0
0x414540,0xa1abd7ff9100
0x4144cd,0xa1abd7fed780
0x414595,0xa1abd7fe7a00
0x41455c,0xa1abd7ff6400
0x414428,0xa1abd7ff3540
0x4144b6,0xa1abd7ff25c0
0x414551,0xa1abd7fee800
0x4145a2,0xa1abd7fe8b80
0x414595,0xa1abd7fe7c40
0x414595,0xa1abd7fe7cc0
0x551432,0xa1abd7ff4700
0x4144f1,0xa1abd7ff0980
0x41455c,0xa1abd7ff6740
0x414588,0xa1abd7febc80
0x4145be,0xa1abd7ffa4c0
0x41452d,0xa1abd7fecd80
0x414440,0xa1abd8000180
0x41447b,0xa1abd7ff1c40
0x55146b,0xa1abd7ffe500
0x4144a9,0xa1abd7ffc500
0x414595,0xa1abd80010c0
0x414595,0xa1abd8001180
0x414468,0xa1abd7ff8980
0x4145b3,0xa1abd8003100
0x4144cd,0xa1abd7fedfc0
0x41455c,0xa1abd7ff6c00
0x414428,0xa1abd7ff3d00
0x41447b,0xa1abd7ff1e00
0x414588,0xa1abd8005100
0x4144b6,0xa1abd7ff2e80
0x4144f1,0xa1abd7ff0f80
0x4144b6,0xa1abd7ff2ec0
0x4145a2,0xa1abd80023c0
0x4144cd,0xa1abd8007200
0x4144cd,0xa1abd8007280
0x414588,0xa1abd8005300
0x41452d,0xa1abd8006380
0x4144b6,0xa1abd800c1c0
0x414440,0xa1abd80008c0
0x4145a2,0xa1abd8002740
0x41447b,0xa1abd800b380
0x414508,0xa1abd7ffbd80
0x41452d,0xa1abd8006580
0x414468,0xa1abd7ff8fc0
0x551432,0xa1abd7ff4f80
0x55146b,0xa1abd7ffebc0
0x55146b,0xa1abd7ffed40
0x414440,0xa1abd8000980
0x414540,0xa1abd7ff9f80
0x41450f,0xa1abd7ffdc48
0x414588,0xa1abd8005700
0x414568,0xa1abd80047c0
0x414540,0x6c6f1e4c10c0
0x414508,0xa1abd7ffbf40
0x41447b,0xa1abd800b540
0x414468,0x6c6f1e4c0180
0x414540,0x6c6f1e4c1180
0x4144b6,0xa1abd800c640
0x414508,0x6c6f1e4c3100
0x551432,0xa1abd8011340
0x551432,0xa1abd8011380
0x55146b,0x6c6f1e4c5100
0x4144e0,0xa1abd80098c0
0x414440,0xa1abd8000d40
0x4144cd,0xa1abd8007a00
0x414588,0xa1abd8005a80
0x414595,0xa1abd8001c40
0x414428,0xa1abd800d780
0x414458,0xa1abd800e800
0x4145be,0x6c6f1e4c23c0
0x414551,0xa1abd8008b80
0x4144cd,0xa1abd8007c40
0x4144cd,0xa1abd8007cc0
0x41448e,0x6c6f1e4c7200
0x41450f,0x6c6f1e4c6388
0x55146b,0x6c6f1e4c5300
0x41448e,0x6c6f1e4c7280
0x41447b,0xa1abd800bc80
0x414579,0xa1abd8010980
0x414468,0x6c6f1e4c08c0
0x4145be,0x6c6f1e4c2740
0x41450f,0x6c6f1e4c6588
0x414468,0x6c6f1e4c0980
0x4144b6,0xa1abd800cd80
0x414568,0x6c6f1e4cc1c0
0x551432,0xa1abd8011c40
0x551432,0xa1abd8011e00
0x55146b,0x6c6f1e4c5700
0x4144a9,0x6c6f1e4c47c0
0x4145b3,0x6c6f1e4cb380
0x414540,0x6c6f1e4c1c40
0x414428,0xa1abd800dfc0
0x414468,0x6c6f1e4c0d40
0x41447b,0x6c6f1e4d31c0
0x4145b3,0x6c6f1e4cb540
0x414428,0x6c6f1e4d5100
0x4144e0,0x6c6f1e4d1340
0x4144e0,0x6c6f1e4d1380
0x414579,0xa1abd8010f80
0x55146b,0x6c6f1e4c5a80
0x41448e,0x6c6f1e4c7a00
0x414428,0x6c6f1e4d5240
0x414568,0x6c6f1e4cc640
0x414579,0x6c6f1e4d9100
0x414595,0x6c6f1e4c98c0
0x414588,0x6c6f1e4cd780
0x41447b,0x6c6f1e4d3540
0x41448e,0x6c6f1e4c7c40
0x4144f1,0x6c6f1e4d25c0
0x414458,0x6c6f1e4d6400
0x41448e,0x6c6f1e4c7cc0
0x414440,0x6c6f1e4c8b80
0x41452d,0x6c6f1e4ce800
0x4144b6,0x6c6f1e4d4700
0x414551,0x6c6f1e4d0980
0x414458,0x6c6f1e4d6740
0x414468,0x6c6f1e4da4c0
0x4145b3,0x6c6f1e4cbc80
0x41450f,0x6c6f1e4e0188
0x41448e,0x6c6f1e4e10c0
0x551432,0x6c6f1e4d8980
0x41448e,0x6c6f1e4e1180
0x414568,0x6c6f1e4ccd80
0x4145be,0x6c6f1e4dc500
0x4144e0,0x6c6f1e4d1c40
0x41447b,0x6c6f1e4d3d00
0x4144e0,0x6c6f1e4d1e00
0x414595,0x6c6f1e4e3100
0x414588,0x6c6f1e4cdfc0
0x414458,0x6c6f1e4d6c00
0x4145b3,0x6c6f1e4e5100
0x4144f1,0x6c6f1e4d2e80
0x414551,0x6c6f1e4d0f80
0x55146b,0x6c6f1e4de500
0x414440,0x6c6f1e4e23c0
0x4144f1,0x6c6f1e4d2ec0
0x414588,0x6c6f1e4e7200
0x4145b3,0x6c6f1e4e5300
0x4144b6,0x6c6f1e4d4f80
0x414588,0x6c6f1e4e7280
0x414568,0x6c6f1e4e6380
0x41450f,0x6c6f1e4e08c8
0x4144f1,0x6c6f1e4ec1c0
0x41450f,0x6c6f1e4e0988
0x414440,0x6c6f1e4e2740
0x551432,0x6c6f1e4d8fc0
0x414540,0x6c6f1e4dbd80
0x414508,0x6c6f1e4ddc40
0x4144e0,0x6c6f1e4eb380
0x414568,0x6c6f1e4e6580
0x414579,0x6c6f1e4d9f80
0x4145b3,0x6c6f1e4e5700
0x414540,0x6c6f1e4dbf40
0x4145a2,0x6c6f1e4e47c0
0x4144e0,0x6c6f1e4eb540
0x414579,0x6c6f1e4f31c0
0x41455c,0x6c6f1e4f1340
0x41450f,0x6c6f1e4e0d48
0x41448e,0x6c6f1e4e1c40
0x41455c,0x6c6f1e4f1380
0x414540,0x6c6f1e4f5100
0x55146b,0x6c6f1e4debc0
0x55146b,0x6c6f1e4ded40
0x4144f1,0x6c6f1e4ec640
0x414540,0x6c6f1e4f5240
0x4144cd,0x6c6f1e4e98c0
0x4145b3,0x6c6f1e4e5a80
0x41447b,0x6c6f1e4ed780
0x414588,0x6c6f1e4e7a00
0x414579,0x6c6f1e4f3540
0x4144b6,0x6c6f1e4ee800
0x41450f,0x6c6f1e4f9108
0x551432,0x6c6f1e4f25c0
0x41452d,0x6c6f1e4e8b80
0x414588,0x6c6f1e4e7c40
0x4145be,0x6c6f1e4f6400
0x414588,0x6c6f1e4e7cc0
0x414458,0x6c6f1e4f0980
0x414468,0x6c6f1e4f4700
0x4144e0,0x6c6f1e4ebc80
0x4144f1,0x6c6f1e4ecd80
0x4145be,0x6c6f1e4f6740
0x41448e,0x6c6f1e4fa4c0
0x41455c,0x6c6f1e4f1c40
0x414588,0x6c6f1e5010c0
0x414568,0x6c6f1e500180
0x4144cd,0x6c6f1e503100
0x414588,0x6c6f1e501180
0x414440,0x6c6f1e4fc500
0x41447b,0x6c6f1e4edfc0
0x41455c,0x6c6f1e4f1e00
0x4144e0,0x6c6f1e505100
0x414579,0x6c6f1e4f3d00
0x551432,0x6c6f1e4f2e80
0x551432,0x6c6f1e4f2ec0
0x414458,0x6c6f1e4f0f80
0x4144a9,0x6c6f1e4f8980
0x4145a2,0x6c6f1e4fe500
0x41452d,0x6c6f1e5023c0
0x4145be,0x6c6f1e4f6c00
0x4144e0,0x6c6f1e505300
0x41447b,0x6c6f1e507200
0x41447b,0x6c6f1e507280
0x4144f1,0x6c6f1e506380
0x414468,0x6c6f1e4f4f80
0x41455c,0x6c6f1e50c1c0
0x55146b,0x6c6f1e4fbd80
0x414458,0x6c6f1e50b380
0x4144f1,0x6c6f1e506580
0x41452d,0x6c6f1e502740
0x414568,0x6c6f1e5008c0
0x4144e0,0x6c6f1e505700
0x414551,0x6c6f1e5047c0
0x414568,0x6c6f1e500980
0x414458,0x6c6f1e50b540
0x4144a9,0x6c6f1e4f8fc0
0x41450f,0x6c6f1e4f9f88
0x4145a2,0x6c6f1e4febc0
0x414595,0x6c6f1e4fdc40
0x41455c,0x6c6f1e50c640
0x55146b,0x6c6f1e4fbf40
0x414508,0x6c6f1e511340
0x4145a2,0x6c6f1e4fed40
0x4144e0,0x6c6f1e505a80
0x414508,0x6c6f1e511380
0x414588,0x6c6f1e501c40
0x41447b,0x6c6f1e507a00
0x414568,0x6c6f1e500d40
0x414579,0x6c6f1e50d780
0x41448e,0x6c6f1e5131c0
0x4144b6,0x6c6f1e508b80
0x414468,0x6c6f1e50e800
0x551432,0x6c6f1e5098c0
0x41447b,0x6c6f1e507c40
0x41447b,0x6c6f1e507cc0
0x4145a2,0x6c6f1e515100
0x4144a9,0x6c6f1e5125c0
0x414458,0x6c6f1e50bc80
0x41448e,0x6c6f1e513540
0x4145a2,0x6c6f1e515240
0x41452d,0x6c6f1e519100
0x4145be,0x6c6f1e510980
0x41455c,0x6c6f1e50cd80
0x4145b3,0x6c6f1e516400
0x414440,0x6c6f1e514700
0x41450f,0x28e837cb0988
0x4144cd,0x28e837cab380
0x414508,0x6c6f1e511c40
0x414579,0x6c6f1e50dfc0
0x414595,0x28e837cb4700
0x414458,0x6c6f1e520180
0x4144cd,0x28e837cab540
0x414551,0x6c6f1e51a4c0
0x414579,0x6c6f1e5210c0
0x4145b3,0x6c6f1e516740
0x414508,0x6c6f1e511e00
0x414579,0x6c6f1e521180
0x4144f1,0x6c6f1e51c500
0x4145be,0x6c6f1e510f80
0x414540,0x6c6f1e523100
0x4144b6,0x6c6f1e51e500
0x4144a9,0x6c6f1e512e80
0x41448e,0x6c6f1e513d00
0x414468,0x28e837ca7200
0x4144a9,0x6c6f1e512ec0
0x414468,0x28e837ca7280
0x4145be,0x28e837cb9100
0x414588,0x6c6f1e518980
0x41450f,0x28e837cb0f88
0x551432,0x6c6f1e5223c0
0x41455c,0x28e837cb25c0
0x4144a9,0x6c6f1e525100
0x4145b3,0x6c6f1e516c00
0x414440,0x6c6f1e514f80
0x414458,0x6c6f1e5208c0
0x4144a9,0x6c6f1e525300
0x4144cd,0x28e837cabc80
0x414458,0x6c6f1e520980
0x551432,0x6c6f1e522740
0x414595,0x28e837cb4f80
0x41447b,0x6c6f1e51dc40
0x4144b6,0x6c6f1e51ebc0
0x414440,0x6c6f1e527200
0x4144e0,0x6c6f1e51bd80
0x41448e,0x6c6f1e526380
0x414595,0x28e837cb5100
0x414440,0x6c6f1e527280
0x414588,0x6c6f1e518fc0
0x41452d,0x6c6f1e519f80
0x414508,0x6c6f1e5247c0
0x4144b6,0x6c6f1e51ed40
0x414468,0x28e837ca7a00
0x414595,0x28e837cb5240
0x4144e0,0x6c6f1e51bf40
0x4144a9,0x6c6f1e525700
0x41448e,0x6c6f1e526580
0x414458,0x6c6f1e520d40
0x4144cd,0x28e837cc10c0
0x414579,0x6c6f1e521c40
0x4144cd,0x28e837cc1180
0x41452d,0x6c6f1e52c1c0
0x41450f,0x28e837cae808
0x414468,0x28e837ca7c40
0x41455c,0x28e837cb2e80
0x41455c,0x28e837cb2ec0
0x414468,0x28e837ca7cc0
0x414588,0x6c6f1e52b380
0x4144a9,0x6c6f1e525a80
0x414588,0x6c6f1e52b540
0x414458,0x6c6f1e5331c0
0x4144b6,0x6c6f1e531340
0x414579,0x6c6f1e535100
0x4144b6,0x6c6f1e531380
0x41452d,0x6c6f1e52c640
0x414440,0x6c6f1e527a00
0x414468,0x28e837cd5100
0x414579,0x6c6f1e535240
0x4145b3,0x6c6f1e5298c0
0x4145be,0x28e837cb9f80
0x41455c,0x28e837cd6400
0x414551,0x6c6f1e52d780
0x414468,0x28e837cd5240
0x414428,0x6c6f1e5325c0
0x414440,0x6c6f1e527c40
0x414458,0x6c6f1e533540
0x4144e0,0x6c6f1e52e800
0x414440,0x6c6f1e527cc0
0x4145a2,0x6c6f1e528b80
0x414540,0x6c6f1e536400
0x41455c,0x28e837cd6740
0x41447b,0x6c6f1e530980
0x41448e,0x6c6f1e539100
0x414588,0x6c6f1e52bc80
0x551432,0x6c6f1e534700
0x4144cd,0x28e837cc1c40
0x4145be,0x28e837cdc500
0x41452d,0x6c6f1e52cd80
0x414540,0x6c6f1e536740
0x41450f,0x28e837cda4c8
0x4144b6,0x6c6f1e531c40
0x41455c,0x28e837cd6c00
0x414551,0x6c6f1e52dfc0
0x414458,0x6c6f1e533d00
0x4144b6,0x6c6f1e531e00
0x414440,0x6c6f1e53a4c0
0x414428,0x6c6f1e532e80
0x41447b,0x6c6f1e530f80
0x4144e0,0x6c6f1e5410c0
0x414428,0x6c6f1e532ec0
0x4144cd,0x28e837cec1c0
0x414551,0x6c6f1e540180
0x4144e0,0x6c6f1e541180
0x414540,0x6c6f1e536c00
0x4144a9,0x6c6f1e538980
0x41447b,0x6c6f1e543100
0x4145b3,0x6c6f1e53c500
0x551432,0x6c6f1e534f80
0x414428,0x6c6f1e545100
0x414588,0x6c6f1e53e500
0x4144f1,0x6c6f1e5423c0
0x414595,0x28e837ce47c0
0x414428,0x6c6f1e545300
0x4144cd,0x28e837cec640
0x414458,0x6c6f1e546380
0x551432,0x6c6f1e547200
0x551432,0x6c6f1e547280
0x4144f1,0x6c6f1e542740
0x4145be,0x28e837d03100
0x414458,0x6c6f1e546580
0x4144a9,0x6c6f1e538fc0
0x414551,0x6c6f1e5408c0
0x414428,0x6c6f1e545700
0x414551,0x6c6f1e540980
0x4144b6,0x6c6f1e5447c0
0x41448e,0x6c6f1e539f80
0x41450f,0x28e837d010c8
0x414468,0x28e837cfc500
0x55146b,0xfdfd3a8c10c0
0x55146b,0xfdfd3a8c1180
0x414568,0x6c6f1e53dc40
0x414588,0x6c6f1e53ebc0
0x4145a2,0x6c6f1e53bd80
0x41450f,0x28e837d01188
0x41448e,0x6c6f1e54c1c0
0x414588,0x6c6f1e53ed40
0x4144a9,0x6c6f1e54b380
0x4144e0,0x6c6f1e541c40
0x4145a2,0x6c6f1e53bf40
0x414428,0x6c6f1e545a80
0x4144cd,0x28e837cecd80
0x414551,0x6c6f1e540d40
0x4144a9,0x6c6f1e54b540
0x551432,0x6c6f1e547a00
0x414540,0x6c6f1e5498c0
0x41455c,0x28e837cfdc40
0x414579,0x6c6f1e548b80
0x41448e,0x6c6f1e54c640
0x414595,0xfdfd3a8c6380
0x414551,0x6c6f1e5531c0
0x4144f1,0x6c6f1e555100
0x551432,0x6c6f1e547c40
0x551432,0x6c6f1e547cc0
0x414588,0x6c6f1e551340
0x414588,0x6c6f1e551380
0x414595,0xfdfd3a8c6580
0x4144f1,0x6c6f1e555240
0x414440,0x6c6f1e54d780
0x414458,0x6c6f1e559100
0x41452d,0x6c6f1e5525c0
0x414551,0x6c6f1e553540
0x4144a9,0x6c6f1e54bc80
0x4145a2,0x6c6f1e54e800
0x41447b,0x6c6f1e556400
0x41450f,0x28e837d01c48
0x55146b,0xfdfd3a8c1c40
0x4144e0,0x6c6f1e554700
0x4144cd,0xfdfd3a8ce800
0x41448e,0x6c6f1e54cd80
0x414568,0x6c6f1e550980
0x4145be,0xfdfd3a8e5100
0x41447b,0x6c6f1e556740
0x414579,0x6c6f1e55a4c0
0x4145be,0xfdfd3a8e5300
0x41450f,0xfdfd3a8e3108
0x414468,0xfdfd3a8de500
0x414540,0x6c6f1e55c500
0x414588,0x6c6f1e551c40
0x414440,0x6c6f1e54dfc0
0x414428,0x6c6f1e558980
0x414551,0x6c6f1e553d00
0x414588,0x6c6f1e551e00
0x41447b,0x6c6f1e556c00
0x414440,0x6c6f1e560180
0x414568,0x6c6f1e550f80
0x4144a9,0x6c6f1e55e500
0x41452d,0x6c6f1e552e80
0x41452d,0x6c6f1e552ec0
0x4145a2,0x6c6f1e5610c0
0x4145be,0xfdfd3a8e5700
0x4145a2,0x6c6f1e561180
0x414568,0x6c6f1e563100
0x4144e0,0x6c6f1e554f80
0x41452d,0x6c6f1e565100
0x4144cd,0xfdfd3a8f5100
0x551432,0x6c6f1e55bd80
0x414468,0xfdfd3a8debc0
0x4144cd,0xfdfd3a8f5240
0x4145b3,0x6c6f1e5623c0
0x4145be,0xfdfd3a8e5a80
0x414428,0x6c6f1e558fc0
0x4144e0,0x6c6f1e567200
0x41452d,0x6c6f1e565300
0x414458,0x6c6f1e559f80
0x414468,0xfdfd3a8ded40
0x4144e0,0x6c6f1e567280
0x414551,0x6c6f1e566380
0x414508,0x6c6f1e55dc40
0x4144a9,0x6c6f1e55ebc0
0x414440,0x6c6f1e5608c0
0x414458,0x6c6f1e56c1c0
0x414595,0xfdfd3a8ed780
0x551432,0x6c6f1e55bf40
0x55146b,0xfdfd3a8e8b80
0x4145b3,0x6c6f1e562740
0x414440,0x6c6f1e560980
0x414551,0x6c6f1e566580
0x414428,0x6c6f1e56b380
0x4144a9,0x6c6f1e55ed40
0x41452d,0x6c6f1e565700
0x414588,0x6c6f1e5647c0
0x414468,0xa213218c1c0
0x414428,0x6c6f1e56b540
0x4145be,0xa21321931c0
0x414440,0x6c6f1e560d40
0x414458,0x6c6f1e56c640
0x4145a2,0x6c6f1e561c40
0x41452d,0x6c6f1e565a80
0x41447b,0x6c6f1e5698c0
0x4144e0,0x6c6f1e567a00
0x41455c,0xa213218d780
0x414468,0xa213218c640
0x414579,0x6c6f1e56d780
0x4144a9,0x6c6f1e571340
0x551432,0x6c6f1e56e800
0x55146b,0xa2132196400
0x4144a9,0x6c6f1e571380
0x4144f1,0x6c6f1e568b80
0x4145be,0xa2132193540
0x41450f,0xa2132191348
0x4144e0,0x6c6f1e567c40
0x41450f,0xa2132191388
0x4144e0,0x6c6f1e567cc0
0x414595,0xfdfd3a8edfc0
0x414440,0x6c6f1e5731c0
0x414428,0x6c6f1e56bc80
0x4145b3,0x6c6f1e575100
0x55146b,0xa2132196740
0x41448e,0x6c6f1e5725c0
0x4145b3,0x6c6f1e575240
0x414458,0x6c6f1e56cd80
0x4144cd,0xa21321a3100
0x414508,0x6c6f1e570980
0x414551,0x6c6f1e579100
0x414440,0x6c6f1e573540
0x414568,0x6c6f1e576400
0x414468,0xa213218cd80
0x41455c,0xa213218dfc0
0x551432,0x6c6f1e580180
0x55146b,0xa2132196c00
0x414579,0x6c6f1e56dfc0
0x4145be,0xa2132193d00
0x4145a2,0x6c6f1e574700
0x414579,0x6c6f1e5810c0
0x4144a9,0x6c6f1e571c40
0x4144e0,0x6c6f1e57a4c0
0x41450f,0xa2132191c48
0x414568,0x6c6f1e576740
0x414579,0x6c6f1e581180
0x41447b,0x6c6f1e57c500
0x4144a9,0x6c6f1e571e00
0x414508,0x6c6f1e570f80
0x414468,0xa21321b31c0
0x414428,0x6c6f1e57e500
0x41450f,0xa2132191e08
0x414508,0x6c6f1e583100
0x414440,0x6c6f1e573d00
0x41452d,0x6c6f1e578980
0x41448e,0x6c6f1e572e80
0x41448e,0x6c6f1e572ec0
0x414540,0x6c6f1e5823c0
0x41455c,0xa21321b4700
0x414568,0x6c6f1e576c00
0x414468,0xa21321b3540
0x414595,0xa213219bd80
0x551432,0x6c6f1e5808c0
0x41448e,0x6c6f1e585100
0x4145be,0xa21321ba4c0
0x414595,0xa213219bf40
0x4145a2,0x6c6f1e574f80
0x414540,0x6c6f1e582740
0x41448e,0x6c6f1e585300
0x414428,0x6c6f1e57ebc0
0x4144b6,0x6c6f1e57dc40
0x4144f1,0x6c6f1e57bd80
0x551432,0x6c6f1e580980
0x41452d,0x6c6f1e578fc0
0x414440,0x6c6f1e586380
0x4145a2,0x6c6f1e587200
0x414428,0x6c6f1e57ed40
0x414551,0x6c6f1e579f80
0x4145a2,0x6c6f1e587280
0x4144f1,0x6c6f1e57bf40
0x4144a9,0x6c6f1e5847c0
0x414579,0x6c6f1e581c40
0x414595,0xa21321c23c0
0x414440,0x6c6f1e586580
0x41448e,0x6c6f1e585700
0x414551,0x6c6f1e58c1c0
0x414468,0xa21321b3d00
0x41455c,0xa21321b4f80
0x41450f,0xa21321b8988
0x551432,0x6c6f1e580d40
0x41452d,0x6c6f1e58b380
0x414595,0xa21321c2740
0x41452d,0x6c6f1e58b540
0x414458,0x6c6f1e5931c0
0x41448e,0x6c6f1e585a80
0x414428,0x6c6f1e591340
0x414428,0x6c6f1e591380
0x414551,0x6c6f1e58c640
0x55146b,0xa21321bdc40
0x414540,0x6c6f1e595100
0x414568,0x6c6f1e5898c0
0x4145a2,0x6c6f1e587a00
0x4144e0,0x6c6f1e58d780
0x4145be,0xa21321e10c0
0x414540,0x6c6f1e595240
0x414458,0x6c6f1e593540
0x4145be,0xa21321e1180
0x4144f1,0x6c6f1e58e800
0x41450f,0xa21321b8fc8
0x4145b3,0x6c6f1e588b80
0x4145a2,0x6c6f1e587c40
0x4145a2,0x6c6f1e587cc0
0x414468,0xa21321da4c0
0x551432,0x6c6f1e5925c0
0x414508,0x6c6f1e596400
0x414579,0x6c6f1e594700
0x4144b6,0x6c6f1e590980
0x41452d,0x6c6f1e58bc80
0x414440,0x6c6f1e599100
0x414551,0x6c6f1e58cd80
0x414428,0x6c6f1e591c40
0x414508,0x6c6f1e596740
0x414458,0x6c6f1e593d00
0x4144e0,0x6c6f1e58dfc0
0x414428,0x6c6f1e591e00
0x41455c,0xa21321dbd80
0x4144b6,0x6c6f1e590f80
0x4144f1,0x6c6f1e5a10c0
0x551432,0x6c6f1e592ec0
0x551432,0x6c6f1e592e80
0x55146b,0xa21321e47c0
0x4144e0,0x6c6f1e5a0180
0x4145a2,0x6c6f1e59a4c0
0x4144f1,0x6c6f1e5a1180
0x41455c,0xa21321dbf40
0x4144cd,0xa21321f1340
0x4144b6,0x6c6f1e5a3100
0x4144cd,0xa21321f1380
0x414508,0x6c6f1e596c00
0x414568,0x6c6f1e59c500
0x4145be,0xa21321e1c40
0x41448e,0x6c6f1e598980
0x414579,0x6c6f1e594f80
0x414458,0x6c6f1e5a5100
0x41452d,0x6c6f1e59e500
0x41447b,0x6c6f1e5a23c0
0x551432,0x6c6f1e5a7200
0x551432,0x6c6f1e5a7280
0x414458,0x6c6f1e5a5300
0x414595,0xa21321e98c0
0x414468,0xa21322010c0
0x414468,0xa2132201180
0x41455c,0xa21322023c0
0x414579,0x6c6f1e5a6380
0x41447b,0x6c6f1e5a2740
0x4144e0,0x6c6f1e5a08c0
0x4144e0,0x6c6f1e5a0980
0x414579,0x6c6f1e5a6580
0x414458,0x6c6f1e5a5700
0x41448e,0x6c6f1e598fc0
0x414428,0x6c6f1e5a47c0
0x41455c,0xa2132202740
0x41452d,0x6c6f1e59ebc0
0x414588,0x6c6f1e59dc40
0x414440,0x6c6f1e599f80
0x4145b3,0x6c6f1e59bd80
0x4144cd,0xa21321f1c40
0x41452d,0x6c6f1e59ed40
0x41450f,0xa2132206388
0x551432,0x6c6f1e5a7a00
0x55146b,0xa213220b380
0x55146b,0xa213220b540
0x4144f1,0x6c6f1e5a1c40
0x4145b3,0x6c6f1e59bf40
0x414458,0x6c6f1e5a5a80
0x4144cd,0xa21321f1e00
0x414440,0x6c6f1e5ac1c0
0x4144e0,0x6c6f1e5a0d40
0x41448e,0x6c6f1e5ab380
0x41450f,0xa2132206588
0x41448e,0x6c6f1e5ab540
0x414508,0x6c6f1e5a98c0
0x551432,0x6c6f1e5a7c40
0x551432,0x6c6f1e5a7cc0
0x414540,0x6c6f1e5a8b80
0x414468,0xa2132201c40
0x414440,0x6c6f1e5ac640
0x4144e0,0x6c6f1e5b31c0
0x41447b,0x6c6f1e5b5100
0x41452d,0x6c6f1e5b1340
0x4145be,0xa2132208b80
0x41452d,0x6c6f1e5b1380
0x41447b,0x6c6f1e5b5240
0x55146b,0xa213220bc80
0x4145a2,0x6c6f1e5ad780
0x414579,0x6c6f1e5b9100
0x4144e0,0x6c6f1e5b3540
0x414551,0x6c6f1e5b25c0
0x4144b6,0x6c6f1e5b6400
0x4145b3,0x6c6f1e5ae800
0x414595,0xa2132210980
0x41448e,0x6c6f1e5abc80
0x4144f1,0x6c6f1e5b4700
0x551432,0x6c6f1e5ba4c0
0x414588,0x6c6f1e5b0980
0x4144cd,0xa2132218980
0x4144b6,0x6c6f1e5b6740
0x414440,0x6c6f1e5acd80
0x41452d,0x6c6f1e5b1c40
0x41455c,0xa21322298c0
0x414458,0x6c6f1e5b8980
0x414508,0x6c6f1e5bc500
0x414595,0xa2132210f80
0x4145a2,0x6c6f1e5adfc0
0x4144e0,0x6c6f1e5b3d00
0x41452d,0x6c6f1e5b1e00
0x4144b6,0x6c6f1e5b6c00
0x414551,0x6c6f1e5b2e80
0x414588,0x6c6f1e5b0f80
0x414551,0x6c6f1e5b2ec0
0x4145b3,0x6c6f1e5c10c0
0x4145a2,0x6c6f1e5c0180
0x4144cd,0xa2132218fc0
0x41448e,0x6c6f1e5be500
0x4145b3,0x6c6f1e5c1180
0x55146b,0xa21322325c0
0x414588,0x6c6f1e5c3100
0x4144f1,0x6c6f1e5b4f80
0x41450f,0xa213222d788
0x414551,0x6c6f1e5c5100
0x414468,0xa2132228b80
0x414568,0x6c6f1e5c23c0
0x414458,0x6c6f1e5b8fc0
0x4144f1,0x6c6f1e5c7200
0x414551,0x6c6f1e5c5300
0x414540,0x6c6f1e5bbd80
0x4144f1,0x6c6f1e5c7280
0x4144e0,0x6c6f1e5c6380
0x414579,0x6c6f1e5b9f80
0x4144a9,0x6c6f1e5bdc40
0x414540,0x6c6f1e5bbf40
0x414568,0x6c6f1e5c2740
0x4144e0,0x6c6f1e5c6580
0x41448e,0x6c6f1e5bebc0
0x4145a2,0x6c6f1e5c08c0
0x414458,0x6c6f1e5cb380
0x4145a2,0x6c6f1e5c0980
0x414551,0x6c6f1e5c5700
0x41452d,0x6c6f1e5c47c0
0x551432,0x6c6f1e5cc1c0
0x55146b,0xa2132232ec0
0x55146b,0xa2132232e80
0x41448e,0x6c6f1e5bed40
0x414458,0x6c6f1e5cb540
0x41450f,0xa213222dfc8
0x4145b3,0x6c6f1e5c1c40
0x414551,0x6c6f1e5c5a80
0x4145a2,0x6c6f1e5c0d40
0x4144b6,0x6c6f1e5c98c0
0x4144f1,0x6c6f1e5c7a00
0x551432,0x6c6f1e5cc640
0x55146b,0xa2132259100
0x4145be,0xa2132256400
0x414579,0x6c6f1e5cd780
0x41455c,0xa2132250980
0x41447b,0x6c6f1e5c8b80
0x4144f1,0x6c6f1e5c7c40
0x41448e,0x6c6f1e5d1340
0x4144f1,0x6c6f1e5c7cc0
0x414540,0x6c6f1e5ce800
0x41448e,0x6c6f1e5d1380
0x4145be,0xa2132256740
0x4145a2,0x6c6f1e5d31c0
0x414568,0x6c6f1e5d5100
0x414458,0x6c6f1e5cbc80
0x41450f,0xa2132254708
0x414568,0x6c6f1e5d5240
0x4144e0,0x6c6f1e5d9100
0x414440,0x6c6f1e5d25c0
0x414595,0xa213225e500
0x4144a9,0x6c6f1e5d0980
0x551432,0x6c6f1e5ccd80
0x4145a2,0x6c6f1e5d3540
0x41455c,0xa2132250f80
0x4144cd,0xa2132266380
0x414588,0x6c6f1e5d6400
0x4145be,0xa2132256c00
0x414579,0x6c6f1e5cdfc0
0x4144cd,0xa2132266580
0x4145b3,0x6c6f1e5d4700
0x4144f1,0x6c6f1e5da4c0
0x414579,0x6c6f1e5e0180
0x414588,0x6c6f1e5d6740
0x414540,0x6c6f1e5e10c0
0x41448e,0x6c6f1e5d1c40
0x4144b6,0x6c6f1e5dc500
0x414540,0x6c6f1e5e1180
0x4144a9,0x6c6f1e5d0f80
0x41448e,0x6c6f1e5d1e00
0x41450f,0xa2132254f88
0x414595,0xa213225ebc0
0x414551,0x6c6f1e5d8980
0x414468,0xa2132276400
0x4144a9,0x6c6f1e5e3100
0x551432,0x6c6f1e5de500
0x55146b,0xa2132259f80
0x55146b,0xa2132280180
0x414440,0x6c6f1e5d2e80
0x4145a2,0x6c6f1e5d3d00
0x414595,0xa213225ed40
0x414440,0x6c6f1e5d2ec0
0x414588,0x6c6f1e5d6c00
0x414508,0x6c6f1e5e23c0
0x414440,0x6c6f1e5e5100
0x414468,0xa2132276740
0x414579,0x6c6f1e5e08c0
0x4145b3,0x6c6f1e5d4f80
0x414579,0x6c6f1e5e0980
0x414595,0xa2132285100
0x414428,0x6c6f1e5ddc40
0x414508,0x6c6f1e5e2740
0x414440,0x6c6f1e5e5300
0x41447b,0x6c6f1e5dbd80
0x414551,0x6c6f1e5d8fc0
0x4144e0,0x6c6f1e5d9f80
0x4145b3,0x6c6f1e5e7200
0x414595,0xa2132285300
0x4145b3,0x6c6f1e5e7280
0x41447b,0x6c6f1e5dbf40
0x4145a2,0x6c6f1e5e6380
0x414468,0xa2132276c00
0x551432,0x6c6f1e5debc0
0x551432,0x6c6f1e5ded40
0x55146b,0xa21322808c0
0x55146b,0xa2132280980
0x414579,0x6c6f1e5e0d40
0x4144e0,0x6c6f1e5ec1c0
0x414540,0x6c6f1e5e1c40
0x41448e,0x6c6f1e5e47c0
0x414440,0x6c6f1e5e5700
0x4145a2,0x6c6f1e5e6580
0x414551,0x6c6f1e5eb380
0x4145be,0xa213227dc40
0x414595,0xa2132285700
0x414551,0x6c6f1e5eb540
0x551432,0x6c6f1e5f31c0
0x55146b,0xa2132280d40
0x414458,0x6c6f1e5f1340
0x414440,0x6c6f1e5e5a80
0x414458,0x6c6f1e5f1380
0x4144e0,0x6c6f1e5ec640
0x41450f,0xa213227bd88
0x4144cd,0xa213228d780
0x414588,0x6c6f1e5e98c0
0x414595,0xa2132285a80
0x4145b3,0x6c6f1e5e7a00
0x41455c,0xa213229e500
0x414508,0x6c6f1e5f5100
0x4144f1,0x6c6f1e5ed780
0x41450f,0xa213227bf48
0x551432,0x6c6f1e5f3540
0x41447b,0x6c6f1e5ee800
0x414508,0x6c6f1e5f5240
0x414568,0x6c6f1e5e8b80
0x414579,0x6c6f1e5f25c0
0x4145b3,0x6c6f1e5e7c40
0x4145b3,0x6c6f1e5e7cc0
0x414428,0x6c6f1e5f0980
0x414551,0x6c6f1e5ebc80
0x55146b,0xa21322a7200
0x55146b,0xa21322a7280
0x4144a9,0x6c6f1e5f6400
0x414540,0x6c6f1e5f4700
0x41450f,0xa21322a23c8
0x4144e0,0x6c6f1e5ecd80
0x4145a2,0x6c6f1e5f9100
0x4145be,0xa21322a47c0
0x414595,0xa21322ac1c0
0x41455c,0xa213229ebc0
0x414458,0x6c6f1e5f1c40
0x4144cd,0xa213228dfc0
0x4144a9,0x6c6f1e5f6740
0x41455c,0xa213229ed40
0x41450f,0xa21322a2748
0x551432,0x6c6f1e5f3d00
0x4144f1,0x6c6f1e5edfc0
0x414458,0x6c6f1e5f1e00
0x414468,0xa213229dc40
0x414428,0x6c6f1e5f0f80
0x41447b,0x6c6f1e6010c0
0x4144f1,0x6c6f1e600180
0x4145b3,0x6c6f1e5fa4c0
0x414579,0x6c6f1e5f2e80
0x41447b,0x6c6f1e601180
0x414579,0x6c6f1e5f2ec0
0x414428,0x6c6f1e603100
0x414595,0xa21322ac640
0x414588,0x6c6f1e5fc500
0x41455c,0xa21322c5100
0x55146b,0xa21322a7a00
0x551432,0x6c6f1e605100
0x55146b,0xa21322a7c40
0x4144a9,0x6c6f1e5f6c00
0x414551,0x6c6f1e5fe500
0x414440,0x6c6f1e5f8980
0x414540,0x6c6f1e5f4f80
0x4144b6,0x6c6f1e6023c0
0x41455c,0xa21322c5300
0x4144cd,0xa21322b4700
0x414540,0x6c6f1e607200
0x414579,0x6c6f1e606380
0x551432,0x6c6f1e605300
0x55146b,0xa21322a7cc0
0x414540,0x6c6f1e607280
0x4144b6,0x6c6f1e602740
0x4144f1,0x6c6f1e6008c0
0x414579,0x6c6f1e606580
0x41455c,0xa21322c5700
0x4144f1,0x6c6f1e600980
0x414458,0x6c6f1e6047c0
0x4145be,0xa21322cb380
0x414595,0xa21322acd80
0x414440,0x6c6f1e5f8fc0
0x41452d,0x6c6f1e5fdc40
0x414551,0x6c6f1e5febc0
0x551432,0x6c6f1e605700
0x414568,0x6c6f1e5fbd80
0x4145be,0xa21322cb540
0x4145a2,0x6c6f1e5f9f80
0x414551,0x6c6f1e5fed40
0x414468,0xa21322c47c0
0x41447b,0x6c6f1e601c40
0x414568,0x6c6f1e5fbf40
0x41455c,0xa21322c5a80
0x4144f1,0x6c6f1e600d40
0x4144cd,0xa21322b4f80
0x414595,0xa21322d31c0
0x4145a2,0x6c6f1e60c1c0
0x414440,0x6c6f1e60b380
0x551432,0x6c6f1e605a80
0x414540,0x6c6f1e607a00
0x414440,0x6c6f1e60b540
0x4144a9,0x6c6f1e6098c0
0x414540,0x6c6f1e607c40
0x41450f,0xa21322c98c8
0x414595,0xa21322d3540
0x414540,0x6c6f1e607cc0
0x4144f1,0x6c6f1e6131c0
0x414508,0x6c6f1e608b80
0x4144b6,0x6c6f1e615100
0x414551,0x6c6f1e611340
0x55146b,0xa21322ce800
0x414551,0x6c6f1e611380
0x4145a2,0x6c6f1e60c640
0x4145be,0xa21322cbc80
0x4144b6,0x6c6f1e615240
0x41455c,0xa21322ec1c0
0x414579,0x6c6f1e619100
0x4145b3,0x6c6f1e60d780
0x4144e0,0x6c6f1e6125c0
0x4144f1,0x6c6f1e613540
0x414428,0x6c6f1e616400
0x414568,0x6c6f1e60e800
0x414440,0x6c6f1e60bc80
0x41447b,0x6c6f1e614700
0x41452d,0x6c6f1e610980
0x414468,0xa21322eb380
0x41455c,0xa21322ec640
0x414428,0x6c6f1e616740
0x414595,0xa21322d3d00
0x414540,0x6c6f1e61a4c0
0x414468,0xa21322eb540
0x55146b,0xa21322f5100
0x55146b,0xa21322f5240
0x4145a2,0x6c6f1e60cd80
0x414551,0x6c6f1e611c40
0x4144cd,0xa21322dbd80
0x4145be,0xa21322f25c0
0x4145b3,0x6c6f1e60dfc0
0x4144a9,0x6c6f1e61c500
0x4144f1,0x6c6f1e613d00
0x414551,0x6c6f1e611e00
0x414428,0x6c6f1e616c00
0x551432,0x6c6f1e618980
0x4144cd,0xa21322dbf40
0x4144e0,0x6c6f1e612e80
0x41452d,0x6c6f1e610f80
0x4144e0,0x6c6f1e612ec0
0x414568,0x6c6f1e6210c0
0x4145b3,0x6c6f1e620180
0x414568,0x6c6f1e621180
0x41452d,0x6c6f1e623100
0x41455c,0xa21322ecd80
0x414440,0x6c6f1e61e500
0x41447b,0x6c6f1e614f80
0x4144e0,0x6c6f1e625100
0x414595,0xa21322fa4c0
0x414468,0xa21322ebc80
0x551432,0x6c6f1e618fc0
0x414588,0x6c6f1e6223c0
0x41450f,0xa21322f0988
0x4144cd,0xa21323023c0
0x4144e0,0x6c6f1e625300
0x41447b,0x6c6f1e627200
0x41447b,0x6c6f1e627280
0x414579,0x6c6f1e619f80
0x4144f1,0x6c6f1e626380
0x414508,0x6c6f1e61bd80
0x41455c,0xa21323131c0
0x4145be,0xa21322f2e80
0x4145be,0xa21322f2ec0
0x414579,0x6c6f1e62c1c0
0x414588,0x6c6f1e622740
0x414458,0x6c6f1e62b380
0x4144f1,0x6c6f1e626580
0x41448e,0x6c6f1e61dc40
0x414508,0x6c6f1e61bf40
0x4144cd,0xa2132302740
0x4145b3,0x6c6f1e6208c0
0x4144e0,0x6c6f1e625700
0x4145b3,0x6c6f1e620980
0x414440,0x6c6f1e61ebc0
0x414551,0x6c6f1e6247c0
0x414458,0x6c6f1e62b540
0x4145be,0xa2132319100
0x41455c,0xa2132313540
0x41450f,0xa21322f0f88
0x414440,0x6c6f1e61ed40
0x414568,0x6c6f1e621c40
0x414579,0x6c6f1e62c640
0x4144e0,0x6c6f1e625a80
0x4145b3,0x6c6f1e620d40
0x414468,0xa21323125c0
0x41447b,0x6c6f1e627a00
0x414540,0x6c6f1e62d780
0x4144b6,0x6c6f1e628b80
0x551432,0x6c6f1e6298c0
0x55146b,0xa213231c500
0x41447b,0x6c6f1e627c40
0x414595,0xa21323210c0
0x41447b,0x6c6f1e627cc0
0x414595,0xa2132321180
0x414440,0x6c6f1e631340
0x414440,0x6c6f1e631380
0x414508,0x6c6f1e62e800
0x414458,0x6c6f1e62bc80
0x4145b3,0x6c6f1e6331c0
0x414588,0x6c6f1e635100
0x41455c,0xa2132313d00
0x414588,0x6c6f1e635240
0x414579,0x6c6f1e62cd80
0x4144f1,0x6c6f1e639100
0x4145a2,0x6c6f1e6325c0
0x4145b3,0x6c6f1e633540
0x41452d,0x6c6f1e636400
0x41448e,0x6c6f1e630980
0x414468,0xa2132312e80
0x414468,0xa2132312ec0
0x414568,0x6c6f1e634700
0x414540,0x6c6f1e62dfc0
0x41447b,0x6c6f1e63a4c0
0x414468,0xa2132339100
0x41452d,0x6c6f1e636740
0x4145be,0xa2132319f80
0x414540,0x6c6f1e640180
0x414428,0x6c6f1e63c500
0x41455c,0xa213233a4c0
0x414508,0x6c6f1e6410c0
0x414440,0x6c6f1e631c40
0x4144cd,0xa21323298c0
0x4145be,0xa2132340180
0x55146b,0xa2132343100
0x414508,0x6c6f1e641180
0x414579,0x6c6f1e63e500
0x414595,0xa2132321c40
0x4144e0,0x6c6f1e638980
0x414440,0x6c6f1e631e00
0x41448e,0x6c6f1e630f80
0x4145b3,0x6c6f1e633d00
0x41452d,0x6c6f1e636c00
0x41448e,0x6c6f1e643100
0x4145a2,0x6c6f1e632e80
0x4145a2,0x6c6f1e632ec0
0x4144a9,0x6c6f1e6423c0
0x414568,0x6c6f1e634f80
0x41450f,0xa213233e508
0x4145a2,0x6c6f1e645100
0x414540,0x6c6f1e6408c0
0x414458,0x6c6f1e63dc40
0x414540,0x6c6f1e640980
0x4144b6,0x6c6f1e63bd80
0x4145be,0xa21323408c0
0x4144a9,0x6c6f1e642740
0x4144e0,0x6c6f1e638fc0
0x414579,0x6c6f1e63ebc0
0x4144f1,0x6c6f1e639f80
0x414568,0x6c6f1e647200
0x4145a2,0x6c6f1e645300
0x4145be,0xa2132340980
0x414568,0x6c6f1e647280
0x4144b6,0x6c6f1e63bf40
0x4145b3,0x6c6f1e646380
0x414579,0x6c6f1e63ed40
0x4144f1,0x6c6f1e64c1c0
0x414540,0x6c6f1e640d40
0x4145b3,0x6c6f1e646580
0x414508,0x6c6f1e641c40
0x414440,0x6c6f1e6447c0
0x4144e0,0x6c6f1e64b380
0x41455c,0xa21323610c0
0x4145a2,0x6c6f1e645700
0x4145be,0xa2132340d40
0x41455c,0xa2132361180
0x414468,0xa2132339f80
0x41450f,0xa213233ebc8
0x4144e0,0x6c6f1e64b540
0x41450f,0xa213233ed48
0x414468,0xa2132360180
0x4144f1,0x6c6f1e64c640
0x414540,0x6c6f1e6531c0
0x551432,0x6c6f1e651340
0x551432,0x6c6f1e651380
0x4145a2,0x6c6f1e645a80
0x41452d,0x6c6f1e6498c0
0x414568,0x6c6f1e647a00
0x414595,0xa2132348b80
0x41447b,0x6c6f1e64d780
0x4144cd,0xa2132350980
0x4145be,0xa2132367200
0x4145be,0xa2132367280
0x4144a9,0x6c6f1e655100
0x4144b6,0x6c6f1e64e800
0x414579,0x6c6f1e6525c0
0x41450f,0xa2132365108
0x414588,0x6c6f1e648b80
0x414568,0x6c6f1e647c40
0x4144a9,0x6c6f1e655240
0x414540,0x6c6f1e653540
0x414568,0x6c6f1e647cc0
0x41450f,0xa2132365308
0x414458,0x6c6f1e650980
0x4144e0,0x6c6f1e64bc80
0x414468,0xa21323608c0
0x414508,0x6c6f1e654700
0x41448e,0x6c6f1e656400
0x4144f1,0x6c6f1e64cd80
0x4144cd,0xa2132350f80
0x414468,0xa2132360980
0x4145b3,0x6c6f1e659100
0x4187d2,0xa2132370990
0x418a0c,0x6c6f1e6601a0
0x419806,0xa2132376400
0x4199af,0xa2132361c40
0x418bb8,0x6c6f1e666580
0x41aece,0x6c6f1e66c640
0x419632,0xa2132365a80
0x418b77,0x6c6f1e665700
0x41b181,0x6c6f1e66e800
0x419373,0xa21323698c0
0x41abc4,0x6c6f1e66b540
0x41b335,0xa2132371340
0x418ac7,0x6c6f1e6623c0
0x41901e,0x6c6f1e65c500
0x41b335,0xa2132371380
0x418c8a,0xa213236bc80
0x41b344,0x6c6f1e66dfc0
0x418f3a,0x8ad3301cc1c0
0x419261,0x8ad3301c10c0
0x41b2fa,0xa2132371c40
0x418b3f,0x6c6f1e65e500
0x418c1a,0x6c6f1e667a00
0x41927b,0xa2132360d40
0x41b5d1,0xa213236cd80
0x419806,0xa2132376740
0x41b315,0x6c6f1e6608c0
0x418aa1,0xa2132368b80
0x419261,0x8ad3301c1180
0x418b5f,0x6c6f1e6647c0
0x41b315,0x6c6f1e660980
0x418b77,0x6c6f1e665a80
0x41b3ba,0xa2132373d00
0x41996a,0xa2132376c00
0x41b2fa,0xa2132371e00
0x4194e7,0x6c6f1e65dc40
0x418ac7,0x6c6f1e662740
0x419981,0x6c6f1e6698c0
0x418c31,0xa2132372e80
0x418c1a,0x6c6f1e667c40
0x418c31,0xa2132372ec0
0x419d7a,0xa213236dfc0
0x41931b,0xa2132370f80
0x418c1a,0x6c6f1e667cc0
0x4197b6,0x6c6f1e65ebc0
0x41922d,0x8ad3301c1c40
0x418f3a,0x8ad3301cc640
0x418c8a,0x6c6f1e6731c0
0x41968a,0x6c6f1e675100
0x418c5a,0xa2132374f80
0x418939,0x6c6f1e671340
0x4197b6,0x6c6f1e65ed40
0x419a83,0x6c6f1e671380
0x41aece,0x6c6f1e66cd80
0x41b315,0x6c6f1e660d40
0x41abc4,0x6c6f1e66bc80
0x41b3ba,0x6c6f1e679100
0x41968a,0x6c6f1e675240
0x418ab4,0x6c6f1e661c40
0x41996a,0x8ad3301d5100
0x419247,0x6c6f1e668b80
0x4194ba,0x8ad3301d25c0
0x418cc3,0x6c6f1e676400
0x418f51,0x6c6f1e6725c0
0x418c8a,0x6c6f1e673540
0x41996a,0x8ad3301d5240
0x419da5,0x6c6f1e6810c0
0x419615,0x8ad3301c98c0
0x418b71,0x6c6f1e680188
0x4197b6,0x6c6f1e683100
0x419da5,0x6c6f1e681180
0x418bb8,0x6c6f1e685100
0x418e42,0x6c6f1e670980
0x418c5a,0x6c6f1e67a4c0
0x41b5d1,0x6c6f1e674700
0x4194e7,0x6c6f1e67c500
0x418cc3,0x6c6f1e676740
0x418bb8,0x6c6f1e685300
0x41abc4,0x6c6f1e687200
0x41b181,0x6c6f1e67e500
0x419d7a,0x8ad3301ce800
0x41aece,0x6c6f1e6823c0
0x418f3a,0x8ad3301ccd80
0x41abc4,0x6c6f1e687280
0x418b09,0x6c6f1e686380
0x41a717,0x6c6f1e68c1c8
0x41b2fa,0x8ad3301d0980
0x418ab4,0x6c6f1e68b380
0x418c31,0x6c6f1e678980
0x419a83,0x6c6f1e671c40
0x418b09,0x6c6f1e686580
0x41aece,0x6c6f1e682740
0x418bb8,0x6c6f1e685700
0x418ab4,0x6c6f1e68b540
0x418e42,0x6c6f1e670f80
0x418c8a,0x6c6f1e673d00
0x418cc3,0x6c6f1e676c00
0x419a83,0x6c6f1e671e00
0x41b315,0x6c6f1e6847c0
0x418b77,0x6c6f1e6808c0
0x4194ba,0x8ad3301d2e80
0x418f51,0x6c6f1e672e80
0x419615,0x8ad3301e3100
0x4194ba,0x8ad3301d2ec0
0x418b77,0x6c6f1e680980
0x418f51,0x6c6f1e672ec0
0x41a73b,0x6c6f1e68c640
0x418f3a,0x8ad3301e6380
0x41b181,0x6c6f1e67ebc0
0x41a249,0x6c6f1e67dc40
0x419981,0x6c6f1e6898c0
0x418ac7,0x6c6f1e68d780
0x418bb8,0x6c6f1e685a80
0x41b5d1,0x6c6f1e674f80
0x418bf2,0x6c6f1e67bd80
0x41abc4,0x6c6f1e687a00
0x41b181,0x6c6f1e67ed40
0x418f3a,0x8ad3301e6580
0x41b2fa,0x8ad3301d0f80
0x419da5,0x6c6f1e681c40
0x418c2c,0x6c6f1e678fc8
0x419241,0x6c6f1e68e808
0x41b3ba,0x6c6f1e679f80
0x418b77,0x6c6f1e680d40
0x418c8a,0x6c6f1e6931c0
0x41968a,0x6c6f1e695100
0x418bf2,0x6c6f1e67bf40
0x419a83,0x6c6f1e691340
0x418b5f,0x6c6f1e688b80
0x419a83,0x6c6f1e691380
0x4194ba,0x8ad3301eb380
0x41922d,0x8ad3301dbd80
0x41abc4,0x6c6f1e687c40
0x41b3ba,0x6c6f1e699100
0x41968a,0x6c6f1e695240
0x41abc4,0x6c6f1e687cc0
0x418ab4,0x6c6f1e68bc80
0x4194ba,0x8ad3301eb540
0x41922d,0x8ad3301dbf40
0x418cb1,0x6c6f1e696408
0x418f51,0x6c6f1e6925c0
0x418c8a,0x6c6f1e693540
0x419da5,0x6c6f1e6a10c0
0x41a73b,0x6c6f1e68cd80
0x418b77,0x6c6f1e6a0180
0x41aece,0x6c6f1e6a3100
0x41922d,0x8ad3301f5100
0x419da5,0x6c6f1e6a1180
0x418bb8,0x6c6f1e6a5100
0x418e42,0x6c6f1e690980
0x418c5a,0x6c6f1e69a4c0
0x41922d,0x8ad3301f5240
0x41b5d1,0x6c6f1e694700
0x4194e7,0x6c6f1e69c500
0x418ac7,0x6c6f1e68dfc0
0x418cc3,0x6c6f1e696740
0x418bb8,0x6c6f1e6a5300
0x41abc4,0x6c6f1e6a7200
0x41b181,0x6c6f1e69e500
0x4197b6,0x6c6f1e6a23c0
0x41b2fa,0x8ad3301ed780
0x41abc4,0x6c6f1e6a7280
0x418b09,0x6c6f1e6a6380
0x41a73b,0x6c6f1e6ac1c0
0x418ab4,0x6c6f1e6ab380
0x418c31,0x6c6f1e698980
0x419a83,0x6c6f1e691c40
0x418b09,0x6c6f1e6a6580
0x4194ba,0x8ad3301ebc80
0x419d7a,0x8ad3301e8b80
0x4197b6,0x6c6f1e6a2740
0x418ba6,0x6c6f1e6a5708
0x418ab4,0x6c6f1e6ab540
0x418e42,0x6c6f1e690f80
0x418f3a,0x8ad330200180
0x418cc3,0x6c6f1e696c00
0x418c8a,0x6c6f1e693d00
0x419a83,0x6c6f1e691e00
0x41b315,0x6c6f1e6a47c0
0x418b77,0x6c6f1e6a08c0
0x418f51,0x6c6f1e692e80
0x418b77,0x6c6f1e6a0980
0x418f51,0x6c6f1e692ec0
0x41a73b,0x6c6f1e6ac640
0x41b181,0x6c6f1e69ebc0
0x41a249,0x6c6f1e69dc40
0x419981,0x6c6f1e6a98c0
0x418ac7,0x6c6f1e6ad780
0x418bb8,0x6c6f1e6a5a80
0x41b5d1,0x6c6f1e694f80
0x4194ba,0x8ad330205100
0x418bf2,0x6c6f1e69bd80
0x41abc4,0x6c6f1e6a7a00
0x41b181,0x6c6f1e69ed40
0x419da5,0x6c6f1e6a1c40
0x41b2fa,0x8ad3301edfc0
0x418c31,0x6c6f1e698fc0
0x419247,0x6c6f1e6ae800
0x41b3ba,0x6c6f1e699f80
0x418b77,0x6c6f1e6a0d40
0x418c8a,0x6c6f1e6b31c0
0x419615,0x8ad3301fe500
0x419632,0x6c6f1e6b5100
0x4194ba,0x8ad330205300
0x418bf2,0x6c6f1e69bf40
0x419a83,0x6c6f1e6b1340
0x418b5f,0x6c6f1e6a8b80
0x419a83,0x6c6f1e6b1380
0x41abc4,0x6c6f1e6a7c40
0x41b3ba,0x6c6f1e6b9100
0x419632,0x6c6f1e6b5240
0x41abc4,0x6c6f1e6a7cc0
0x418a9c,0x6c6f1e6abc88
0x418f3a,0x8ad3302008c0
0x419d7a,0x8ad3302023c0
0x418f3a,0x8ad330200980
0x41b2fa,0x8ad330206380
0x418cc3,0x6c6f1e6b6400
0x418f51,0x6c6f1e6b25c0
0x418c8a,0x6c6f1e6b3540
0x41a73b,0x6c6f1e6acd80
0x418b77,0x6c6f1e6c0180
0x4194ba,0x8ad330205700
0x418e42,0x6c6f1e6b0980
0x41b2fa,0x8ad330206580
0x418c5a,0x6c6f1e6ba4c0
0x41b5d1,0x6c6f1e6b4700
0x418afe,0xd79e62a531c8
0x418b5f,0xd79e62a55100
0x419d7a,0x8ad330202740
0x4194e7,0x6c6f1e6bc500
0x418ac7,0x6c6f1e6adfc0
0x418cc3,0x6c6f1e6b6740
0x41b181,0x6c6f1e6be500
0x418f3a,0x8ad330200d40
0x419615,0x8ad3301febc0
0x41b315,0xd79e62a51340
0x41b315,0xd79e62a51380
0x418b5f,0xd79e62a55240
0x4194ba,0x8ad330205a80
0x419615,0x8ad3301fed40
0x418c31,0x6c6f1e6b8980
0x419981,0xd79e62a56400
0x418b09,0xd79e62a53540
0x418bb8,0xd79e62a525c0
0x419a83,0x6c6f1e6b1c40
0x41996a,0x8ad3302098c0
0x41901e,0xe8035e45a4c0
0x418f3a,0x8ad330219100
0x419da5,0xd79e62a4e800
0x418e42,0x6c6f1e6b0f80
0x419cad,0x6c537032c1c0
0x418c8a,0x6c6f1e6b3d00
0x418cc3,0x6c6f1e6b6c00
0x419a83,0x6c6f1e6b1e00
0x41a73b,0xe8035e45c500
0x418b77,0x6c6f1e6c08c0
0x41abc4,0xd79e62a54700
0x418f51,0x6c6f1e6b2e80
0x418b77,0x6c6f1e6c0980
0x418f51,0x6c6f1e6b2ec0
0x419247,0xe8035e45e500
0x419981,0xd79e62a56740
0x4197b6,0xd79e62a50980
0x41b176,0x6c6f1e6bebc8
0x41a249,0x6c6f1e6bdc40
0x41b5d1,0x6c6f1e6b4f80
0x418bf2,0x6c6f1e6bbd80
0x41b181,0x6c6f1e6bed40
0x418c31,0x6c6f1e6b8fc0
0x419cad,0x6c537032c640
0x41b3ba,0x6c6f1e6b9f80
0x41b315,0xd79e62a51c40
0x418b77,0x6c6f1e6c0d40
0x418bf2,0x6c6f1e6bbf40
0x418c31,0x6c5370335100
0x418cc3,0x6c53703331c0
0x41b2fa,0x8ad330220180
0x418afe,0xd79e62a53d08
0x419981,0xd79e62a56c00
0x41b315,0xd79e62a51e00
0x418c31,0x6c5370335240
0x41b5d1,0x6c5370331340
0x418bb8,0xd79e62a52e80
0x41b5d1,0x6c5370331380
0x41996a,0x8ad330223100
0x4194e7,0x6c5370339100
0x418bb8,0xd79e62a52ec0
0x4197b6,0xd79e62a50f80
0x418ac7,0xe8035e45dc40
0x418e42,0x6c537032d780
0x418ab4,0xe8035e45bd80
0x419247,0xe8035e45ebc0
0x419da5,0xa7d08ad010c0
0x419d7a,0x8ad33021c500
0x418b77,0xa7d08ad00180
0x41abc4,0xd79e62a54f80
0x41b3ba,0x6c5370336400
0x4197b6,0xa7d08ad03100
0x418cc3,0x6c5370333540
0x419da5,0xa7d08ad01180
0x418bb8,0xa7d08ad05100
0x419247,0xe8035e45ed40
0x41968a,0x6c53703325c0
0x418a9c,0xe8035e45bf48
0x419a83,0x6c537032e800
0x41a249,0x6c537033a4c0
0x41931b,0x6c5370334700
0x418bb8,0xa7d08ad05300
0x41abc4,0xa7d08ad07200
0x419cad,0x6c537032cd80
0x41aece,0xa7d08ad023c0
0x418c1a,0x6c537033c500
0x41abc4,0xa7d08ad07280
0x41b3ba,0x6c5370336740
0x418b09,0xa7d08ad06380
0x418c8a,0x6c5370330980
0x41a73b,0xa7d08ad0c1c0
0x41b2fa,0x8ad3302208c0
0x418f3a,0x8ad330219f80
0x41b2fa,0x8ad330220980
0x418ab4,0xa7d08ad0b380
0x418b09,0xa7d08ad06580
0x41aece,0xa7d08ad02740
0x418bb8,0xa7d08ad05700
0x418bf2,0x6c5370338980
0x418ab4,0xa7d08ad0b540
0x41b5d1,0x6c5370331c40
0x418e42,0x6c537032dfc0
0x41b315,0xa7d08ad047c0
0x418b77,0xa7d08ad008c0
0x418b77,0xa7d08ad00980
0x418cc3,0x6c5370333d00
0x41b3ba,0x6c5370336c00
0x41a717,0xa7d08ad0c648
0x41b5d1,0x6c5370331e00
0x41b2fa,0x8ad330220d40
0x419632,0x6c5370332e80
0x418c8a,0x6c5370330f80
0x419632,0x6c5370332ec0
0x419981,0xa7d08ad098c0
0x418ac7,0xa7d08ad0d780
0x418bb8,0xa7d08ad05a80
0x418f51,0xee30bb9410c0
0x419615,0x8ad330231340
0x419615,0x8ad330231380
0x419a83,0xee30bb940180
0x41abc4,0xa7d08ad07a00
0x41931b,0x6c5370334f80
0x41922d,0x8ad330228b80
0x418f51,0xee30bb941180
0x419da5,0xa7d08ad01c40
0x41b181,0x6c537033bd80
0x419247,0xa7d08ad0e800
0x41b5d1,0xee30bb943100
0x418b77,0xa7d08ad00d40
0x418cb1,0xee30bb945108
0x418f3a,0x8ad330234700
0x418b5f,0xa7d08ad08b80
0x4194e7,0x6c5370339f80
0x418bf2,0x6c5370338fc0
0x41abc4,0xa7d08ad07c40
0x41b181,0x6c537033bf40
0x41abc4,0xa7d08ad07cc0
0x418c31,0xee30bb947200
0x418c8a,0xee30bb9423c0
0x4194ba,0x8ad33023a4c0
0x418ab4,0xa7d08ad0bc80
0x418c31,0xee30bb947280
0x418cc3,0xee30bb945300
0x41931b,0xee30bb946380
0x419d7a,0x8ad330236400
0x41a249,0xee30bb94c1c0
0x41a73b,0xa7d08ad0cd80
0x41931b,0xee30bb946580
0x4194e7,0xee30bb94b380
0x418e42,0xa7d08ad10980
0x418b09,0xee30bb955100
0x41922d,0xa1abd7fd31c0
0x41b315,0xee30bb9531c0
0x418c8a,0xee30bb942740
0x419a83,0xee30bb9408c0
0x418cc3,0xee30bb945700
0x419d7a,0x8ad330236740
0x418ac7,0xa7d08ad0dfc0
0x418b09,0xee30bb955240
0x41901e,0xee30bb959100
0x41aece,0xee30bb951340
0x4194e7,0xee30bb94b540
0x419a83,0xee30bb940980
0x41aece,0xee30bb951380
0x419632,0xee30bb9447c0
0x419615,0x8ad330231c40
0x41a249,0xee30bb94c640
0x41922d,0xa1abd7fd3540
0x41abc4,0xee30bb956400
0x41b315,0xee30bb953540
0x418f3a,0x8ad330234f80
0x4197b6,0xee30bb9525c0
0x419615,0x8ad330231e00
0x41b2fa,0x8ad330238980
0x41b181,0xee30bb94d780
0x418c5a,0xee30bb9498c0
0x418c31,0xee30bb947a00
0x418cc3,0xee30bb945a80
0x418f51,0xee30bb941c40
0x418c1a,0xee30bb94e800
0x418ab4,0xee30bb95a4c0
0x419a83,0xee30bb940d40
0x418bb8,0xee30bb954700
0x419d7a,0x8ad330236c00
0x418e42,0xa7d08ad10f80
0x418ac7,0xee30bb95c500
0x41b3ba,0xee30bb948b80
0x418c31,0xee30bb947c40
0x41abc4,0xee30bb956740
0x418c31,0xee30bb947cc0
0x419da5,0xee30bb950980
0x41996a,0x8ad33023dc40
0x4194e7,0xee30bb94bc80
0x418f51,0xee30bb9610c0
0x419cad,0xee30bb95e500
0x4194ba,0xa1abd7fe3100
0x418f3a,0xa1abd7fde500
0x419a83,0xee30bb960180
0x419981,0xee30bb958980
0x418f51,0xee30bb961180
0x41a249,0xee30bb94cd80
0x41b2fa,0x8ad330238fc0
0x41aece,0xee30bb951c40
0x41b5d1,0xee30bb963100
0x418cc3,0xee30bb965100
0x41922d,0xa1abd7fd3d00
0x419d7a,0xa1abd7fe0180
0x41b2fa,0xa1abd7fe5100
0x41b315,0xee30bb953d00
0x41abc4,0xee30bb956c00
0x41aece,0xee30bb951e00
0x41b181,0xee30bb94dfc0
0x418c31,0xee30bb967200
0x4197b6,0xee30bb952e80
0x418c8a,0xee30bb9623c0
0x4197b6,0xee30bb952ec0
0x418cc3,0xee30bb965300
0x418c31,0xee30bb967280
0x419da5,0xee30bb950f80
0x41b2fa,0xa1abd7fe5300
0x41931b,0xee30bb966380
0x418bb8,0xee30bb954f80
0x41996a,0xa1abd7fe7200
0x41a249,0xee30bb96c1c0
0x419247,0xee30bb95dc40
0x41a73b,0xee30bb95bd80
0x41996a,0xa1abd7fe7280
0x41931b,0xee30bb966580
0x4194e7,0xee30bb96b380
0x41901e,0xee30bb959f80
0x419981,0xee30bb958fc0
0x419cad,0xee30bb95ebc0
0x418b09,0xee30bb975100
0x418f3a,0xa1abd7fdebc0
0x41b315,0xee30bb9731c0
0x418c8a,0xee30bb962740
0x41a73b,0xee30bb95bf40
0x419a83,0xee30bb9608c0
0x418cc3,0xee30bb965700
0x418b09,0xee30bb975240
0x41901e,0xee30bb979100
0x41aece,0xee30bb971340
0x419cad,0xee30bb95ed40
0x41b2fa,0xa1abd7fe5700
0x4194e7,0xee30bb96b540
0x418939,0xee30bb960980
0x418f3a,0xa1abd7fded40
0x41aea2,0xee30bb971388
0x419632,0xee30bb9647c0
0x419d7a,0xa1abd7fe08c0
0x41a249,0xee30bb96c640
0x419d7a,0xa1abd7fe0980
0x419615,0xa1abd7fdbd80
0x41abc4,0xee30bb976400
0x41b315,0xee30bb973540
0x4197b6,0xee30bb9725c0
0x41b181,0xee30bb96d780
0x418c5a,0xee30bb9698c0
0x418cc3,0xee30bb965a80
0x418c31,0xee30bb967a00
0x418f51,0xee30bb961c40
0x41b2fa,0xa1abd7fe5a80
0x418c1a,0xee30bb96e800
0x419615,0xa1abd7fdbf40
0x418939,0xee30bb960d40
0x418a9c,0xee30bb97a4c8
0x418bb8,0xee30bb974700
0x41922d,0xa1abd7fed780
0x41996a,0xa1abd7fe7a00
0x418ac7,0xee30bb97c500
0x41b3ba,0xee30bb968b80
0x418c31,0xee30bb967c40
0x41abc4,0xee30bb976740
0x419d7a,0xa1abd7fe0d40
0x418c31,0xee30bb967cc0
0x419da5,0xee30bb970980
0x41996a,0xa1abd7fe7c40
0x4194e7,0xee30bb96bc80
0x41996a,0xa1abd7fe7cc0
0x418f51,0xee30bb9810c0
0x419cad,0xee30bb97e500
0x419a83,0xee30bb980180
0x419981,0xee30bb978980
0x418f51,0xee30bb981180
0x419615,0xa1abd7ff6400
0x41a249,0xee30bb96cd80
0x41aece,0xee30bb971c40
0x41b5d1,0xee30bb983100
0x418cc3,0xee30bb985100
0x41b315,0xee30bb973d00
0x41abc4,0xee30bb976c00
0x41aece,0xee30bb971e00
0x41b181,0xee30bb96dfc0
0x418c31,0xee30bb987200
0x4197b6,0xee30bb972e80
0x418c7f,0xee30bb9823c8
0x4197b6,0xee30bb972ec0
0x41996a,0xa1abd80010c0
0x418c31,0xee30bb987280
0x418cc3,0xee30bb985300
0x419615,0xa1abd7ff6740
0x419da5,0xee30bb970f80
0x41996a,0xa1abd8001180
0x41931b,0xee30bb986380
0x418f3a,0xa1abd7ff8980
0x418bb8,0xee30bb974f80
0x41922d,0xa1abd7fedfc0
0x41a249,0xee30bb98c1c0
0x419247,0xee30bb97dc40
0x419d7a,0xa1abd7ffa4c0
0x41a73b,0xee30bb97bd80
0x41b2fa,0xa1abd7ffe500
0x41931b,0xee30bb986580
0x4194e7,0xee30bb98b380
0x41901e,0xee30bb979f80
0x419981,0xee30bb978fc0
0x419cad,0xee30bb97ebc0
0x418b09,0xee30bb995100
0x41b315,0xee30bb9931c0
0x418c8a,0xee30bb982740
0x41922d,0xa1abd8007200
0x41a73b,0xee30bb97bf40
0x41922d,0xa1abd8007280
0x419a83,0xee30bb9808c0
0x418cc3,0xee30bb985700
0x418b09,0xee30bb995240
0x41901e,0xee30bb999100
0x41aece,0xee30bb991340
0x419cad,0xee30bb97ed40
0x4194e7,0xee30bb98b540
0x419a83,0xee30bb980980
0x41aece,0xee30bb991380
0x419632,0xee30bb9847c0
0x419615,0xa1abd7ff6c00
0x41a249,0xee30bb98c640
0x41abc4,0xee30bb996400
0x41b315,0xee30bb993540
0x4197b6,0xee30bb9925c0
0x41b181,0xee30bb98d780
0x418f3a,0xa1abd7ff8fc0
0x418c4c,0xee30bb9898c8
0x4194ba,0xa1abd7ffdc40
0x418c31,0xee30bb987a00
0x418cc3,0xee30bb985a80
0x418f51,0xee30bb981c40
0x418c1a,0xee30bb98e800
0x418ab4,0xee30bb99a4c0
0x419a83,0xee30bb980d40
0x418bb8,0xee30bb994700
0x418f3a,0x6c6f1e4c0180
0x41b2fa,0xa1abd7ffebc0
0x418ac7,0xee30bb99c500
0x41b3ba,0xee30bb988b80
0x418c31,0xee30bb987c40
0x41abc4,0xee30bb996740
0x418c31,0xee30bb987cc0
0x419da5,0xee30bb990980
0x41b2fa,0xa1abd7ffed40
0x41922d,0xa1abd8007a00
0x41996a,0xa1abd8001c40
0x4194e7,0xee30bb98bc80
0x418f51,0xee30bb9a10c0
0x419cad,0xee30bb99e500
0x419a83,0xee30bb9a0180
0x419981,0xee30bb998980
0x418f51,0xee30bb9a1180
0x41a249,0xee30bb98cd80
0x41aece,0xee30bb991c40
0x41922d,0xa1abd8007c40
0x41b5d1,0xee30bb9a3100
0x418cc3,0xee30bb9a5100
0x41922d,0xa1abd8007cc0
0x41b2fa,0x6c6f1e4c5100
0x41b315,0xee30bb993d00
0x41abc4,0xee30bb996c00
0x4194ba,0x6c6f1e4c6380
0x41aece,0xee30bb991e00
0x41b181,0xee30bb98dfc0
0x418c31,0xee30bb9a7200
0x4197b6,0xee30bb992e80
0x418c8a,0xee30bb9a23c0
0x4197b6,0xee30bb992ec0
0x418c31,0xee30bb9a7280
0x418cc3,0xee30bb9a5300
0x418f3a,0x6c6f1e4c08c0
0x419da5,0xee30bb990f80
0x41b2fa,0x6c6f1e4c5300
0x419d7a,0x6c6f1e4c23c0
0x41931b,0xee30bb9a6380
0x4194ba,0x6c6f1e4c6580
0x418f3a,0x6c6f1e4c0980
0x418bb8,0xee30bb994f80
0x41a249,0xee30bb9ac1c0
0x419247,0xee30bb99dc40
0x41a73b,0xee30bb99bd80
0x41931b,0xee30bb9a6580
0x4194e7,0xee30bb9ab380
0x41901e,0xee30bb999f80
0x419981,0xee30bb998fc0
0x419cad,0xee30bb99ebc0
0x418b09,0xee30bb9b5100
0x41b315,0xee30bb9b31c0
0x418c8a,0xee30bb9a2740
0x41a73b,0xee30bb99bf40
0x419a83,0xee30bb9a08c0
0x418cc3,0xee30bb9a5700
0x419d7a,0x6c6f1e4c2740
0x418b09,0xee30bb9b5240
0x41901e,0xee30bb9b9100
0x41aece,0xee30bb9b1340
0x419cad,0xee30bb99ed40
0x41b2fa,0x6c6f1e4c5700
0x4194e7,0xee30bb9ab540
0x419a83,0xee30bb9a0980
0x41aece,0xee30bb9b1380
0x418f3a,0x6c6f1e4c0d40
0x419632,0xee30bb9a47c0
0x41a249,0xee30bb9ac640
0x41abc4,0xee30bb9b6400
0x41b315,0xee30bb9b3540
0x4197b6,0xee30bb9b25c0
0x41b181,0xee30bb9ad780
0x418c5a,0xee30bb9a98c0
0x418c31,0xee30bb9a7a00
0x418cc3,0xee30bb9a5a80
0x418f51,0xee30bb9a1c40
0x41996a,0x6c6f1e4c98c0
0x41b2fa,0x6c6f1e4c5a80
0x418c1a,0xee30bb9ae800
0x418ab4,0xee30bb9ba4c0
0x419a83,0xee30bb9a0d40
0x418bb8,0xee30bb9b4700
0x418ac7,0xee30bb9bc500
0x41b3ba,0xee30bb9a8b80
0x418c31,0xee30bb9a7c40
0x41abc4,0xee30bb9b6740
0x418c31,0xee30bb9a7cc0
0x419da5,0xee30bb9b0980
0x4194e7,0xee30bb9abc80
0x418f3a,0x6c6f1e4da4c0
0x419cad,0xee30bb9be500
0x418f51,0x5829a6eb9100
0x419a83,0xee30bb9c0180
0x419981,0xee30bb9b8980
0x4194ba,0x6c6f1e4e0180
0x41a249,0xee30bb9acd80
0x41aece,0xee30bb9b1c40
0x41b315,0xee30bb9b3d00
0x41abc4,0xee30bb9b6c00
0x41aece,0xee30bb9b1e00
0x41b181,0xee30bb9adfc0
0x4197b6,0xee30bb9b2e80
0x4197b6,0xee30bb9b2ec0
0x41996a,0x6c6f1e4e3100
0x419da5,0xee30bb9b0f80
0x41b181,0x412e73cb5100
0x418c8a,0x5829a6eba4c0
0x4194e7,0x412e73cb31c0
0x418bb8,0xee30bb9b4f80
0x419241,0xee30bb9bdc48
0x41a717,0xee30bb9bbd88
0x418c5a,0x412e73cb1340
0x419d7a,0x6c6f1e4dc500
0x41b181,0x412e73cb5240
0x41968a,0x5829a6ebc500
0x418c5a,0x412e73cb1380
0x41aece,0x412e73cb9100
0x41b2fa,0x6c6f1e4de500
0x41901e,0xee30bb9b9f80
0x419981,0xee30bb9b8fc0
0x419cad,0xee30bb9bebc0
0x41a73b,0xee30bb9bbf40
0x419a83,0xee30bb9c08c0
0x4194ba,0x6c6f1e4e08c0
0x418c1a,0x412e73cb6400
0x41901e,0x412e73cc10c0
0x419cad,0xee30bb9bed40
0x4194e7,0x412e73cb3540
0x419a83,0xee30bb9c0980
0x419981,0x412e73cc0180
0x4194ba,0x6c6f1e4e0980
0x418bf2,0x412e73cb25c0
0x41901e,0x412e73cc1180
0x41a73b,0x412e73cc3100
0x41931b,0x412e73cae800
0x4197b6,0x412e73cba4c0
0x419247,0x412e73cc5100
0x41a249,0x412e73cb4700
0x418bb8,0x412e73cbc500
0x418ab4,0x412e73cc23c0
0x418c1a,0x412e73cb6740
0x41abc4,0x412e73cbe500
0x41b3ba,0x412e73cb0980
0x419247,0x412e73cc5300
0x419a83,0xee30bb9c0d40
0x4194ba,0x6c6f1e4e0d40
0x41b2fa,0x6c6f1e4debc0
0x418cc3,0x5829a6ebdc40
0x41922d,0x6c6f1e4e98c0
0x41b5d1,0x5829a6ebbd80
0x419da5,0x412e73cb8980
0x419cad,0x412e73cc6380
0x41b2fa,0x6c6f1e4ded40
0x418ab4,0x412e73cc2740
0x418c5a,0x412e73cb1c40
0x418f51,0x5829a6eb9f80
0x418e42,0x412e73cc7200
0x41b5d1,0x5829a6ebbf40
0x418e42,0x412e73cc7280
0x419981,0x412e73cc08c0
0x418c1a,0x412e73cb6c00
0x419615,0x6c6f1e4f1340
0x4194ba,0x6c6f1e4f9100
0x4194e7,0x412e73cb3d00
0x418ac7,0x412e73cc47c0
0x419247,0x412e73cc5700
0x419615,0x6c6f1e4f1380
0x418c5a,0x412e73cb1e00
0x419981,0x412e73cc0980
0x419cad,0x412e73cc6580
0x418bf2,0x412e73cb2e80
0x41b3ba,0x412e73cb0f80
0x418bf2,0x412e73cb2ec0
0x418b09,0x412e73cbdc40
0x41abc4,0x412e73cbebc0
0x418f3a,0x6c6f1e4f4700
0x419632,0x412e73ccc1c0
0x41a249,0x412e73cb4f80
0x41b315,0x412e73cbbd80
0x41901e,0x412e73cc1c40
0x419247,0x412e73cc5a80
0x41abc4,0x412e73cbed40
0x41b5d1,0x412e73ccb380
0x419981,0x412e73cc0d40
0x419d9b,0x412e73cb8fc8
0x41aea2,0x412e73cb9f88
0x41b176,0x412e73cd5108
0x41b315,0x412e73cbbf40
0x419d7a,0x6c6f1e4f6400
0x4194e7,0x412e73cd31c0
0x418c5a,0x412e73cd1340
0x41b181,0x412e73cd5240
0x41b5d1,0x412e73ccb540
0x418c5a,0x412e73cd1380
0x41aece,0x412e73cd9100
0x41922d,0x6c6f1e503100
0x419632,0x412e73ccc640
0x418e42,0x412e73cc7a00
0x418c1a,0x412e73cd6400
0x41901e,0x412e73ce10c0
0x419d7a,0x6c6f1e4f6740
0x418f51,0x412e73cc98c0
0x4194e7,0x412e73cd3540
0x418cc3,0x412e73ccd780
0x419981,0x412e73ce0180
0x418bf2,0x412e73cd25c0
0x41901e,0x412e73ce1180
0x41a73b,0x412e73ce3100
0x419615,0x6c6f1e4f1c40
0x41931b,0x412e73cce800
0x418e42,0x412e73cc7c40
0x4197b6,0x412e73cda4c0
0x418e42,0x412e73cc7cc0
0x419247,0x412e73ce5100
0x41a249,0x412e73cd4700
0x418bb8,0x412e73cdc500
0x419a83,0x412e73cc8b80
0x418f3a,0x6c6f1e4f4f80
0x419615,0x6c6f1e4f1e00
0x418ab4,0x412e73ce23c0
0x418c1a,0x412e73cd6740
0x41abc4,0x412e73cde500
0x41b3ba,0x412e73cd0980
0x419247,0x412e73ce5300
0x419d7a,0x6c6f1e4f6c00
0x41b5d1,0x412e73ccbc80
0x419da5,0x412e73cd8980
0x419632,0x412e73cccd80
0x419615,0x6c6f1e50c1c0
0x419cad,0x412e73ce6380
0x4194ba,0x6c6f1e4f9f80
0x418ab4,0x412e73ce2740
0x418c5a,0x412e73cd1c40
0x41b2fa,0x6c6f1e4fbd80
0x41996a,0x6c6f1e4fdc40
0x419981,0x412e73ce08c0
0x418c1a,0x412e73cd6c00
0x4194e7,0x412e73cd3d00
0x418ac7,0x412e73ce47c0
0x419247,0x412e73ce5700
0x418f51,0x28e837ca5100
0x418c5a,0x412e73cd1e00
0x419981,0x412e73ce0980
0x419cad,0x412e73ce6580
0x41b2fa,0x6c6f1e4fbf40
0x418cc3,0x412e73ccdfc0
0x419a83,0x412e73ce7200
0x418bf2,0x412e73cd2e80
0x419a83,0x412e73ce7280
0x41b3ba,0x412e73cd0f80
0x418bf2,0x412e73cd2ec0
0x418b09,0x412e73cddc40
0x41abc4,0x412e73cdebc0
0x418f51,0x28e837ca5300
0x41a249,0x412e73cd4f80
0x41b315,0x412e73cdbd80
0x419615,0x6c6f1e50c640
0x418f3a,0x6c6f1e50e800
0x418841,0x412e73ce1c40
0x419247,0x412e73ce5a80
0x41abc4,0x412e73cded40
0x41b3ba,0x412e73cec1c0
0x419981,0x412e73ce0d40
0x419da5,0x412e73cd8fc0
0x41aece,0x412e73cd9f80
0x41b315,0x412e73cdbf40
0x4194e7,0x28e837c931c0
0x418c31,0x412e73ceb380
0x418b77,0x71d5f3e010c0
0x418c1a,0x71d5f3e00180
0x418b77,0x71d5f3e01180
0x418f51,0x28e837ca5700
0x418bb8,0x71d5f3e03100
0x418c31,0x412e73ceb540
0x4197b6,0x28e837cb31c0
0x41b315,0x28e837c87200
0x41abc4,0x71d5f3e05100
0x41b315,0x28e837c87280
0x41b3ba,0x412e73cec640
0x4194e7,0x28e837c93540
0x41931b,0x28e837cad780
0x4194ba,0x28e837cb0980
0x41922d,0x28e837cab380
0x41aece,0x71d5f3e023c0
0x418e42,0x28e837ca8b80
0x419a83,0x412e73ce7a00
0x41b5d1,0x412e73ce98c0
0x418ab4,0x71d5f3e07200
0x41abc4,0x71d5f3e05300
0x418f51,0x28e837ca5a80
0x418ab4,0x71d5f3e07280
0x418c5a,0x412e73ced780
0x41996a,0x28e837cb4700
0x419d7a,0x6c6f1e510980
0x4197b6,0x28e837cb3540
0x419615,0x6c6f1e50cd80
0x418b5f,0x71d5f3e06380
0x41922d,0x28e837cab540
0x418bec,0x412e73cee808
0x419a83,0x412e73ce7c40
0x418c8a,0x412e73ce8b80
0x419a83,0x412e73ce7cc0
0x419da5,0x28e837c94700
0x419981,0x28e837c9a4c0
0x41a249,0x28e837c898c0
0x41aece,0x71d5f3e02740
0x418b5f,0x71d5f3e06580
0x418c1a,0x71d5f3e008c0
0x418f3a,0x28e837ca7200
0x418c1a,0x71d5f3e00980
0x41abc4,0x71d5f3e05700
0x418b09,0x71d5f3e047c0
0x418f3a,0x28e837ca7280
0x418c31,0x412e73cebc80
0x419cad,0x28e837cb1340
0x419cad,0x28e837cb1380
0x4194ba,0x28e837cb0f80
0x41b315,0x28e837c87a00
0x41b3ba,0x412e73cecd80
0x4194e7,0x28e837c93d00
0x419d7a,0x6c6f1e510f80
0x418b77,0x71d5f3e01c40
0x418e42,0x28e837ca6380
0x41931b,0x28e837cadfc0
0x41abc4,0x71d5f3e05a80
0x418ac7,0x71d5f3e098c0
0x418c1a,0x71d5f3e00d40
0x418ab4,0x71d5f3e07a00
0x41b315,0x28e837c87c40
0x41922d,0x28e837cabc80
0x419d7a,0x28e837cb9100
0x41968a,0x28e837c99100
0x4197b6,0x28e837cb3d00
0x41b315,0x28e837c87cc0
0x418c5a,0x412e73cedfc0
0x41996a,0x28e837cb4f80
0x419615,0x28e837cb25c0
0x418cc3,0x71d5f3e0c1c0
0x419247,0x28e837c98980
0x418e42,0x28e837ca6580
0x41a73b,0x71d5f3e08b80
0x418ab4,0x71d5f3e07c40
0x41b5d1,0x71d5f3e0b380
0x41996a,0x28e837cb5100
0x418ab4,0x71d5f3e07cc0
0x419da5,0x28e837c94f80
0x4194e7,0x28e837cac1c0
0x418f3a,0x28e837ca7a00
0x41996a,0x28e837cb5240
0x41b5d1,0x71d5f3e0b540
0x41922d,0x28e837cc10c0
0x418b71,0x71d5f3e131c8
0x418bb8,0x71d5f3e15100
0x4197b6,0x28e837cc0180
0x41922d,0x28e837cc1180
0x41b181,0x71d5f3e11340
0x41b181,0x71d5f3e11380
0x4194ba,0x28e837cae800
0x418cc3,0x71d5f3e0c640
0x419cad,0x28e837cb1c40
0x418f3a,0x28e837ca7c40
0x418bb8,0x71d5f3e15240
0x418f3a,0x28e837ca7cc0
0x418ab4,0x71d5f3e19100
0x419a83,0x28e837cb8980
0x419da5,0x28e837cb6400
0x418c31,0x71d5f3e0d780
0x41901e,0x28e837ccc1c0
0x419247,0x28e837c98fc0
0x419cad,0x28e837cb1e00
0x41b315,0x28e837cc23c0
0x4194e7,0x28e837cac640
0x418b77,0x71d5f3e13540
0x418c1a,0x71d5f3e125c0
0x418afe,0x71d5f3e16408
0x41b3a4,0x71d5f3e0e808
0x419981,0x28e837ccb380
0x419615,0x28e837cb2e80
0x419615,0x28e837cb2ec0
0x419da5,0x28e837cb6740
0x41aece,0x71d5f3e14700
0x419cad,0x28e837cd9100
0x418f3a,0x28e837cd5100
0x419981,0x28e837ccb540
0x418bf2,0x71d5f3e10980
0x419247,0x28e837cd1340
0x41b315,0x28e837cc2740
0x419247,0x28e837cd1380
0x41a73b,0x71d5f3e1a4c0
0x41b5d1,0x71d5f3e0bc80
0x418b09,0x71d5f3e16740
0x41901e,0x28e837ccc640
0x418f3a,0x28e837cd5240
0x4197b6,0x28e837cc08c0
0x418cc3,0x71d5f3e0cd80
0x4197b6,0x28e837cc0980
0x419a83,0x28e837cb8fc0
0x41b181,0x71d5f3e11c40
0x419d7a,0x28e837cb9f80
0x419632,0x28e837c99f80
0x418b5f,0x71d5f3e18980
0x4194e7,0x28e837cacd80
0x419da5,0x28e837cb6c00
0x419615,0x28e837cd6400
0x41a249,0x28e837cbbd80
0x418c31,0x71d5f3e0dfc0
0x418b71,0x71d5f3e13d08
0x419227,0x28e837cc1c48
0x41b176,0x71d5f3e11e08
0x418b09,0x71d5f3e16c00
0x4197b6,0x28e837cc0d40
0x418c1a,0x71d5f3e12e80
0x418bf2,0x71d5f3e10f80
0x41a249,0x28e837cbbf40
0x418c1a,0x71d5f3e12ec0
0x419a83,0x28e837ce23c0
0x418c5a,0x71d5f3e210c0
0x41b3ba,0x71d5f3e20180
0x419981,0x28e837ccbc80
0x4194ba,0x28e837cda4c0
0x418c5a,0x71d5f3e21180
0x419615,0x28e837cd6740
0x4194e7,0x28e837ce5100
0x41aece,0x71d5f3e14f80
0x41b181,0x71d5f3e23100
0x41901e,0x28e837cccd80
0x418c8a,0x71d5f3e1c500
0x418b77,0x71d5f3e25100
0x419247,0x28e837cd1c40
0x419d7a,0x28e837cdc500
0x418ac7,0x71d5f3e1bd80
0x418cc3,0x71d5f3e1e500
0x41931b,0x28e837cde500
0x4194e7,0x28e837ce5300
0x419a83,0x28e837ce2740
0x418b5f,0x71d5f3e18fc0
0x418bf2,0x71d5f3e223c0
0x418e42,0x28e837cd8980
0x41a249,0x28e837ce6380
0x418ab4,0x71d5f3e19f80
0x41922d,0x28e837cec1c0
0x419247,0x28e837cd1e00
0x418b77,0x71d5f3e25300
0x418bb8,0x71d5f3e27200
0x418ac7,0x71d5f3e1bf40
0x418bb8,0x71d5f3e27280
0x41aece,0x71d5f3e26380
0x4197b6,0x28e837ceb380
0x419615,0x28e837cd6c00
0x41a249,0x28e837ce6580
0x418841,0x28e837cf31c0
0x41a73b,0x71d5f3e2c1c0
0x4194e7,0x28e837ce5700
0x418bf2,0x71d5f3e22740
0x4197b6,0x28e837ceb540
0x41aece,0x71d5f3e26580
0x419cad,0x28e837cd9f80
0x41b3ba,0x71d5f3e208c0
0x41996a,0x28e837ce47c0
0x418ab4,0x71d5f3e2b380
0x418b77,0x71d5f3e25700
0x41922d,0x28e837cec640
0x41b3ba,0x71d5f3e20980
0x418c1a,0x71d5f3e247c0
0x41901e,0x28e837cf3540
0x419cad,0x28e837d00180
0x418a9c,0x71d5f3e2b548
0x418cb1,0x71d5f3e1ebc8
0x418f51,0x28e837cdbd80
0x419981,0x28e837cf25c0
0x41b5cc,0x71d5f3e1dc48
0x41b315,0x28e837ced780
0x41931b,0x28e837cdebc0
0x418e42,0x28e837cd8fc0
0x4194e7,0x28e837ce5a80
0x418cc3,0x71d5f3e1ed40
0x41a73b,0x71d5f3e2c640
0x41931b,0x28e837cded40
0x418f51,0x28e837cdbf40
0x418c5a,0x71d5f3e21c40
0x418b77,0x71d5f3e25a80
0x41abc4,0x71d5f3e298c0
0x41b3ba,0x71d5f3e20d40
0x418bb8,0x71d5f3e27a00
0x4194ba,0x28e837d010c0
0x418ac7,0x71d5f3e2d780
0x418f3a,0x28e837cfc500
0x4194ba,0x28e837d01180
0x419da5,0x28e837cddc40
0x418b09,0x71d5f3e28b80
0x4197b6,0x28e837cebc80
0x418bb8,0x71d5f3e27c40
0x419d7a,0x28e837d03100
0x41b2fa,0xfdfd3a8c10c0
0x41931b,0x28e837d05100
0x418bb8,0x71d5f3e27cc0
0x419247,0x28e837cf8980
0x41922d,0x28e837cecd80
0x41b2fa,0xfdfd3a8c1180
0x418f51,0x28e837d023c0
0x419cad,0x28e837d008c0
0x418ab4,0x71d5f3e2bc80
0x41931b,0x28e837d05300
0x418841,0x28e837cf3d00
0x418c4c,0x71d5f3e331c8
0x41b181,0x71d5f3e35100
0x419cad,0x28e837d00980
0x418c31,0x71d5f3e31340
0x418c31,0x71d5f3e31380
0x41b315,0x28e837cedfc0
0x4194e7,0xfdfd3a8c7200
0x41a73b,0x71d5f3e2cd80
0x419981,0x28e837cf2e80
0x4194e7,0xfdfd3a8c7280
0x41b181,0x71d5f3e35240
0x419981,0x28e837cf2ec0
0x41968a,0x28e837cfe500
0x418bb8,0x71d5f3e39100
0x418f51,0x28e837d02740
0x41996a,0xfdfd3a8c6380
0x419a83,0xfdfd3a8c47c0
0x418c5a,0x71d5f3e33540
0x41b3ba,0x71d5f3e325c0
0x418c10,0x71d5f3e36408
0x418c7f,0x71d5f3e2e808
0x41931b,0x28e837d05700
0x418ac7,0x71d5f3e2dfc0
0x41901e,0xfdfd3a8d5100
0x419cad,0x28e837d00d40
0x41996a,0xfdfd3a8c6580
0x419247,0x28e837cf8fc0
0x419615,0x28e837cfdc40
0x41901e,0xfdfd3a8d5240
0x418bf2,0x71d5f3e34700
0x418cc3,0x71d5f3e30980
0x418b09,0x71d5f3e3a4c0
0x418c1a,0x71d5f3e36740
0x4194ba,0x28e837d01c40
0x41931b,0x28e837d05a80
0x418b5f,0x71d5f3e3c500
0x419da5,0x28e837d047c0
0x4197b6,0xfdfd3a8cd780
0x419632,0x28e837cfebc0
0x41a73b,0x71d5f3e3e500
0x4194e7,0xfdfd3a8c7a00
0x41922d,0xfdfd3a8ce800
0x41b2fa,0xfdfd3a8c1c40
0x418c31,0x71d5f3e31c40
0x419247,0xfdfd3a8da4c0
0x418e42,0xfdfd3a8e10c0
0x419981,0xfdfd3a8d4700
0x419632,0x28e837cfed40
0x41aece,0x71d5f3e38980
0x418e42,0xfdfd3a8e1180
0x419cad,0xfdfd3a8e23c0
0x41a249,0xfdfd3a8c8b80
0x4194e7,0xfdfd3a8c7c40
0x418c4c,0x71d5f3e33d08
0x418c2c,0x71d5f3e31e08
0x4194e7,0xfdfd3a8c7cc0
0x418c1a,0x71d5f3e36c00
0x4194ba,0xfdfd3a8e3100
0x418f3a,0xfdfd3a8de500
0x418cc3,0x71d5f3e30f80
0x41b3ba,0x71d5f3e32e80
0x41b3ba,0x71d5f3e32ec0
0x41b5d1,0x71d5f3e410c0
0x418c8a,0x71d5f3e40180
0x419d7a,0xfdfd3a8e5100
0x41b5d1,0x71d5f3e41180
0x419632,0xfdfd3a8e0180
0x419cad,0xfdfd3a8e2740
0x418bf2,0x71d5f3e34f80
0x418c31,0x71d5f3e43100
0x419a83,0xfdfd3a8eb380
0x41931b,0xfdfd3a8e7200
0x418c5a,0x71d5f3e45100
0x41931b,0xfdfd3a8e7280
0x418ab4,0x71d5f3e3dc40
0x419d7a,0xfdfd3a8e5300
0x41a73b,0x71d5f3e3ebc0
0x41abc4,0x71d5f3e3bd80
0x419a83,0xfdfd3a8eb540
0x418cc3,0x71d5f3e423c0
0x41aece,0x71d5f3e38fc0
0x4197b6,0xfdfd3a8cdfc0
0x418bb8,0x71d5f3e39f80
0x41a73b,0x71d5f3e3ed40
0x418c5a,0x71d5f3e45300
0x41b181,0x71d5f3e47200
0x41abc4,0x71d5f3e3bf40
0x41b181,0x71d5f3e47280
0x41922d,0xfdfd3a8f5100
0x418bf2,0x71d5f3e46380
0x419981,0xfdfd3a8d4f80
0x418f51,0xfdfd3a8e47c0
0x418f3a,0xfdfd3a8debc0
0x41922d,0xfdfd3a8f5240
0x418b09,0x71d5f3e4c1c0
0x419d7a,0xfdfd3a8e5700
0x418cc3,0x71d5f3e42740
0x419da5,0xfdfd3a8e6380
0x418bf2,0x71d5f3e46580
0x418f3a,0xfdfd3a8ded40
0x418c8a,0x71d5f3e408c0
0x418bb8,0x71d5f3e4b380
0x41b315,0xfdfd3a8f6400
0x418c5a,0x71d5f3e45700
0x418c8a,0x71d5f3e40980
0x418e42,0xfdfd3a8e1c40
0x419632,0xfdfd3a8e08c0
0x41b3ba,0x71d5f3e447c0
0x419247,0xfdfd3a9010c0
0x419da5,0xfdfd3a8e6580
0x419632,0xfdfd3a8e0980
0x41996a,0xfdfd3a8ed780
0x418ba6,0x71d5f3e4b548
0x419241,0xfdfd3a901188
0x41931b,0xfdfd3a8e7a00
0x4194e7,0xfdfd3a8ee800
0x419d7a,0xfdfd3a8e5a80
0x419a83,0xfdfd3a8ebc80
0x418ac7,0x71d5f3e51340
0x419981,0xfdfd3a8fa4c0
0x418ac7,0x71d5f3e51380
0x4197b6,0xfdfd3a8f4700
0x418b09,0x71d5f3e4c640
0x41901e,0xfdfd3a8fc500
0x41b315,0xfdfd3a8f6740
0x41b5d1,0x71d5f3e41c40
0x41b2fa,0xfdfd3a8e8b80
0x418c5a,0x71d5f3e45a80
0x418f3a,0xa213218c1c0
0x418b77,0x71d5f3e498c0
0x418c8a,0x71d5f3e40d40
0x41931b,0xfdfd3a8e7c40
0x41b181,0x71d5f3e47a00
0x41931b,0xfdfd3a8e7cc0
0x41abc4,0x71d5f3e4d780
0x419632,0xfdfd3a8e0d40
0x418b5f,0x71d5f3e4e800
0x418c1a,0x71d5f3e48b80
0x41b181,0x71d5f3e47c40
0x419a83,0xa2132199100
0x41b181,0x71d5f3e47cc0
0x41b315,0xfdfd3a8f6c00
0x41a73b,0x71d5f3e50980
0x418f3a,0xa213218c640
0x418bb8,0x71d5f3e4bc80
0x41931b,0xa2132195100
0x41b5cc,0x71d5f3e531c8
0x4194ba,0xa2132191340
0x418c31,0x71d5f3e55100
0x419d7a,0xa21321931c0
0x4194ba,0xa2132191380
0x41996a,0xfdfd3a8edfc0
0x41931b,0xa2132195240
0x418b09,0x71d5f3e4cd80
0x418c31,0x71d5f3e55240
0x419615,0xa213218d780
0x41b181,0x71d5f3e59100
0x4197b6,0xfdfd3a8f4f80
0x419cad,0xa2132190980
0x418ac7,0x71d5f3e51c40
0x418f51,0xa21321925c0
0x41b2fa,0xa2132196400
0x419247,0xfdfd3a901c40
0x418c8a,0x71d5f3e525c0
0x41b5d1,0x71d5f3e53540
0x419d6b,0xa2132193548
0x41b3a4,0x71d5f3e56408
0x41922d,0xa21321a3100
0x41abc4,0x71d5f3e4dfc0
0x418ac7,0x71d5f3e51e00
0x41a73b,0x71d5f3e50f80
0x418cc3,0x71d5f3e54700
0x4194e7,0xa213219c500
0x418ab4,0x71d5f3e610c0
0x418b5f,0x71d5f3e60180
0x41b2fa,0xa2132196740
0x418c1a,0x71d5f3e5a4c0
0x418f3a,0xa213218cd80
0x4197b6,0xa21321a23c0
0x419632,0xa213218e800
0x418ab4,0x71d5f3e61180
0x41b3ba,0x71d5f3e56740
0x418ac7,0x71d5f3e63100
0x41aece,0x71d5f3e5c500
0x419cad,0xa2132190f80
0x418b09,0x71d5f3e5e500
0x4194ba,0xa2132191c40
0x419da5,0xa2132194700
0x41a73b,0x71d5f3e623c0
0x4197b6,0xa21321a2740
0x418bf2,0x71d5f3e58980
0x419615,0xa213218dfc0
0x418f3a,0xa21321b31c0
0x41b315,0xa21321a47c0
0x4194ba,0xa2132191e00
0x41b2fa,0xa2132196c00
0x41b5cc,0x71d5f3e53d08
0x419d7a,0xa2132193d00
0x418f51,0xa2132192e80
0x41b3ba,0x71d5f3e56c00
0x418f51,0xa2132192ec0
0x418c8a,0x71d5f3e52e80
0x419a83,0xa2132199f80
0x418c8a,0x71d5f3e52ec0
0x41a73b,0x71d5f3e62740
0x41a249,0xa213219dc40
0x418b5f,0x71d5f3e608c0
0x419981,0xa21321a98c0
0x418f51,0xa21321b9100
0x418b5f,0x71d5f3e60980
0x418cc3,0x71d5f3e54f80
0x419a83,0xa21321c0180
0x418f3a,0xa21321b3540
0x41996a,0xa213219bd80
0x418e42,0xa21321b6400
0x41b5d1,0x71d5f3e65100
0x418b09,0x71d5f3e5ebc0
0x418bb8,0x71d5f3e5dc40
0x41968a,0xa21321b5100
0x418b77,0x71d5f3e5bd80
0x41996a,0xa213219bf40
0x418bf2,0x71d5f3e58fc0
0x41b181,0x71d5f3e59f80
0x419632,0xa21321b5240
0x418b09,0x71d5f3e5ed40
0x418c31,0x71d5f3e67200
0x41b5d1,0x71d5f3e65300
0x418ab4,0x71d5f3e61c40
0x418b77,0x71d5f3e5bf40
0x419615,0xa21321b4700
0x418c31,0x71d5f3e67280
0x4194e7,0xa21321c3100
0x418b5f,0x71d5f3e60d40
0x419da5,0xa2132194f80
0x418cc3,0x71d5f3e66380
0x418e42,0xa21321b6740
0x419d7a,0xa21321ba4c0
0x418c1a,0x71d5f3e6c1c0
0x41931b,0xa21321bc500
0x418cc3,0x71d5f3e66580
0x41996a,0xa21321c23c0
0x41b181,0x71d5f3e6b380
0x41b5d1,0x71d5f3e65700
0x418c8a,0x71d5f3e647c0
0x419a83,0xa21321c08c0
0x418f3a,0xa21321b3d00
0x419a83,0xa21321c0980
0x4194ba,0xa21321b8980
0x41b176,0x71d5f3e6b548
0x41b315,0xa21321cb380
0x418ab4,0x71d5f3e731c0
0x418e42,0xa21321b6c00
0x418ac7,0x71d5f3e75100
0x41abc4,0x71d5f3e71340
0x41abc4,0x71d5f3e71380
0x418c1a,0x71d5f3e6c640
0x41996a,0xa21321c2740
0x41901e,0xa21321d1340
0x41b315,0xa21321cb540
0x418ac7,0x71d5f3e75240
0x41901e,0xa21321d1380
0x41b5d1,0x71d5f3e65a80
0x41a249,0xa21321c47c0
0x418c5a,0x71d5f3e698c0
0x418c31,0x71d5f3e67a00
0x418b77,0x71d5f3e6d780
0x419a83,0xa21321c0d40
0x419615,0xa21321b4f80
0x418ab4,0x71d5f3e73540
0x418b5f,0x71d5f3e725c0
0x41aece,0x71d5f3e6e800
0x419247,0xa21321d6400
0x41b3ba,0x71d5f3e68b80
0x41b2fa,0xa21321bdc40
0x418c31,0x71d5f3e67c40
0x4197b6,0xa21321c98c0
0x418c31,0x71d5f3e67cc0
0x418f51,0xa21321b9f80
0x4194ba,0xa21321b8fc0
0x41a73b,0x71d5f3e74700
0x418b09,0x71d5f3e70980
0x41b181,0x71d5f3e6bc80
0x418f3a,0xa21321da4c0
0x419cad,0xa21321de500
0x419247,0xa21321d6740
0x419981,0xa21321d0980
0x418f51,0xa21321e0180
0x419a83,0xa21321e7200
0x418c1a,0x71d5f3e6cd80
0x419a83,0xa21321e7280
0x419d7a,0xa21321e10c0
0x41b315,0xa21321cbc80
0x41931b,0xa21321e3100
0x419da5,0xa21321bbd80
0x419d7a,0xa21321e1180
0x418c31,0x71d5f3e79100
0x41abc4,0x71d5f3e71c40
0x41901e,0xa21321d1c40
0x418c7f,0x71d5f3e76408
0x419d9b,0xa21321bbf48
0x418b77,0x71d5f3e6dfc0
0x418ab4,0x71d5f3e73d00
0x41abc4,0x71d5f3e71e00
0x41901e,0xa21321d1e00
0x419247,0xa21321d6c00
0x418b09,0x71d5f3e70f80
0x418b5f,0x71d5f3e72e80
0x418b5f,0x71d5f3e72ec0
0x419632,0xa21321dc500
0x419981,0xa21321d0f80
0x41b3ba,0x71d5f3e7a4c0
0x419cad,0xa21321debc0
0x41a249,0xa21321eb380
0x418b09,0xca49da319100
0x418c8a,0x71d5f3e76740
0x41a73b,0x71d5f3e74f80
0x418bf2,0x71d5f3e7c500
0x418f51,0xa21321e08c0
0x419cad,0xa21321ded40
0x41922d,0xa21321f1340
0x419da5,0xa21321e23c0
0x41a249,0xa21321eb540
0x41922d,0xa21321f1380
0x418f51,0xa21321e0980
0x418c1a,0x71d5f3e7e500
0x419a83,0xa21321e7a00
0x41b2fa,0xa21321e47c0
0x418e42,0xa21321ddc40
0x419615,0xa21321dbd80
0x418cc3,0x71d5f3e78980
0x41b315,0xa21321f25c0
0x419a83,0xa21321e7c40
0x41abc4,0xca49da31a4c0
0x419a83,0xa21321e7cc0
0x41996a,0xa21321e98c0
0x418c8a,0x71d5f3e76c00
0x419da5,0xa21321e2740
0x418f3a,0xa21322010c0
0x419615,0xa21321dbf40
0x419cad,0xa2132205100
0x418ab4,0xca49da31c500
0x418f51,0xa21321e0d40
0x418f3a,0xa2132201180
0x419d7a,0xa21321e1c40
0x418ac7,0xca49da31e500
0x419cad,0xa2132205300
0x4197b6,0xa21321f0980
0x418bb8,0xca49da318980
0x418c1a,0x71d5f3e7ebc0
0x41b181,0x71d5f3e7dc40
0x41a249,0xa21321ebc80
0x418c5a,0x71d5f3e7bd80
0x419615,0xa21322023c0
0x418cc3,0x71d5f3e78fc0
0x41901e,0xa21321f8980
0x418c31,0x71d5f3e79f80
0x418c1a,0x71d5f3e7ed40
0x418f51,0xa2132207200
0x41922d,0xa21321f1c40
0x418c5a,0x71d5f3e7bf40
0x418cc3,0xca49da3210c0
0x418f51,0xa2132207280
0x419632,0xa2132203100
0x41b5d1,0xca49da320180
0x419cad,0xa2132205700
0x418cc3,0xca49da321180
0x4194ba,0xa2132206380
0x41b3a4,0xca49da323108
0x41922d,0xa21321f1e00
0x41b315,0xa21321f2e80
0x418bf2,0xca49da325100
0x419615,0xa2132202740
0x41b315,0xa21321f2ec0
0x418ac7,0xca49da31ebc0
0x41a73b,0xca49da31dc40
0x418b5f,0xca49da31bd80
0x4197b6,0xa21321f0f80
0x4194ba,0xa2132206580
0x41b2fa,0xa213220b380
0x418e42,0xa21322047c0
0x418bb8,0xca49da318fc0
0x418c31,0xca49da3223c0
0x418b09,0xca49da319f80
0x419247,0xa21321fdc40
0x419cad,0xa2132205a80
0x418ac7,0xca49da31ed40
0x418c1a,0xca49da327200
0x418bf2,0xca49da325300
0x418b5f,0xca49da31bf40
0x41b315,0xa2132219100
0x4194e7,0xa2132211340
0x418c1a,0xca49da327280
0x41b2fa,0xa213220b540
0x4194e7,0xa2132211380
0x41901e,0xa21321f8fc0
0x419a83,0xa213220e800
0x41b181,0xca49da326380
0x418f3a,0xa2132201c40
0x41abc4,0xca49da32c1c0
0x418c31,0xca49da322740
0x41b181,0xca49da326580
0x41a249,0xa21322125c0
0x41b5d1,0xca49da3208c0
0x418f51,0xa2132207a00
0x418b09,0xca49da32b380
0x418bf2,0xca49da325700
0x41b5d1,0xca49da320980
0x418c5a,0xca49da3247c0
0x418b09,0xca49da32b540
0x418f51,0xa2132207c40
0x418f51,0xa2132207cc0
0x419981,0xa213221e500
0x419d7a,0xa2132208b80
0x41996a,0xa2132210980
0x41abc4,0xca49da32c640
0x419cad,0xa213222c1c0
0x418cc3,0xca49da321c40
0x418bf2,0xca49da325a80
0x419da5,0xa21322098c0
0x41aece,0xca49da3298c0
0x41b5d1,0xca49da320d40
0x41b2fa,0xa213220bc80
0x418c1a,0xca49da327a00
0x418b5f,0xca49da32d780
0x41922d,0xa2132218980
0x4194e7,0xa2132211c40
0x418ab4,0xca49da32e800
0x418b77,0xca49da328b80
0x419a83,0xa2132235100
0x418c1a,0xca49da327c40
0x418c1a,0xca49da327cc0
0x418e42,0xa213222b380
0x419247,0xa21322247c0
0x4194e7,0xa2132211e00
0x419a83,0xa2132235240
0x419cad,0xa213222c640
0x41a249,0xa2132212e80
0x418abe,0xca49da330988
0x41a249,0xa2132212ec0
0x418b09,0xca49da32bc80
0x418e42,0xa213222b540
0x41996a,0xa2132210f80
0x418cc3,0xca49da3331c0
0x419981,0xa213221ebc0
0x41b3ba,0xca49da335100
0x418c8a,0xca49da331340
0x418c8a,0xca49da331380
0x41abc4,0xca49da32cd80
0x41b3ba,0xca49da335240
0x419981,0xa213221ed40
0x41a249,0xa2132239100
0x41931b,0xa2132231340
0x41931b,0xa2132231380
0x41b315,0xa2132219f80
0x418c1a,0xca49da339100
0x41922d,0xa2132218fc0
0x419615,0xa21322298c0
0x418cc3,0xca49da333540
0x41b5d1,0xca49da3325c0
0x418c5a,0xca49da336400
0x4194ba,0xa213222d780
0x418b5f,0xca49da32dfc0
0x418f3a,0xa2132228b80
0x41b315,0xa2132240180
0x41b2fa,0xa21322325c0
0x418f51,0xa213222e800
0x418ac7,0xca49da330f80
0x419981,0xa2132245100
0x418c31,0xca49da334700
0x419cad,0xa213222cd80
0x41a73b,0xca49da3410c0
0x418ab4,0xca49da340180
0x418b77,0xca49da33a4c0
0x41a717,0xca49da341188
0x418c5a,0xca49da336740
0x418e42,0xa213222bc80
0x4197b6,0xa213223e500
0x419981,0xa2132245300
0x418bb8,0xca49da33c500
0x41901e,0xa2132246380
0x41abc4,0xca49da33e500
0x418ac7,0xca49da3423c0
0x418c8a,0xca49da331c40
0x4194e7,0xa2132238980
0x41901e,0xa2132246580
0x419247,0xa213224b380
0x419cad,0xa21322531c0
0x41b181,0xca49da338980
0x41931b,0xa2132231c40
0x418c8a,0xca49da331e00
0x418cc3,0xca49da333d00
0x419981,0xa2132245700
0x41b315,0xa21322408c0
0x419da5,0xa2132230980
0x418c5a,0xca49da336c00
0x419247,0xa213224b540
0x41b315,0xa2132240980
0x4194ba,0xa213222dfc0
0x41b5d1,0xca49da332e80
0x41931b,0xa2132231e00
0x41b5d1,0xca49da332ec0
0x418ac7,0xca49da342740
0x41b2fa,0xa2132232e80
0x41b2fa,0xa2132232ec0
0x418ab4,0xca49da3408c0
0x418f51,0xa2132255100
0x419cad,0xa2132253540
0x4197b6,0xa213223ebc0
0x418a9c,0xca49da340988
0x418c7f,0xca49da343108
0x418c2c,0xca49da334f88
0x418f51,0xa2132255240
0x419981,0xa2132245a80
0x418cc3,0xca49da345100
0x418b09,0xca49da33dc40
0x41abc4,0xca49da33ebc0
0x4197b6,0xa213223ed40
0x41b2fa,0xa2132259100
0x41aece,0xca49da33bd80
0x41b315,0xa2132240d40
0x41a249,0xa2132239f80
0x4194e7,0xa2132238fc0
0x418e42,0xa21322525c0
0x41b181,0xca49da338fc0
0x418c1a,0xca49da339f80
0x41abc4,0xca49da33ed40
0x418cc3,0xca49da345300
0x419a83,0xa213225c500
0x41b3ba,0xca49da347200
0x41968a,0xa2132251340
0x419da5,0xa2132230f80
0x41a73b,0xca49da341c40
0x41aece,0xca49da33bf40
0x41968a,0xa2132251380
0x41b3ba,0xca49da347280
0x418a9c,0xca49da340d48
0x419d6b,0xa2132256408
0x41a249,0xa2132260180
0x418c31,0xca49da346380
0x419247,0xa213224bc80
0x4197b6,0xa2132265100
0x4194ba,0xa2132254700
0x418b77,0xca49da34c1c0
0x419615,0xa2132250980
0x418c31,0xca49da346580
0x41b315,0xa2132267200
0x418c1a,0xca49da34b380
0x41b315,0xa2132267280
0x418cc3,0xca49da345700
0x419d7a,0xa2132256740
0x41996a,0xa213225e500
0x4197b6,0xa2132265300
0x419cad,0xa2132253d00
0x41b5d1,0xca49da3447c0
0x41922d,0xa2132266380
0x419981,0xa213226c1c0
0x418c1a,0xca49da34b540
0x41a73b,0xca49da3531c0
0x418b5f,0xca49da351340
0x418b5f,0xca49da351380
0x41931b,0xa2132258980
0x418b77,0xca49da34c640
0x41922d,0xa2132266580
0x418cc3,0xca49da345a80
0x418bf2,0xca49da3498c0
0x418e42,0xa2132252e80
0x41b3ba,0xca49da347a00
0x418e42,0xa2132252ec0
0x4197b6,0xa2132265700
0x41a249,0xa21322608c0
0x419615,0xa2132250f80
0x41aece,0xca49da34d780
0x419d7a,0xa2132256c00
0x41a249,0xa2132260980
0x419632,0xa2132251c40
0x418ab4,0xca49da3525c0
0x41a73b,0xca49da353540
0x419981,0xa213226c640
0x418bb8,0xca49da34e800
0x418c5a,0xca49da348b80
0x41b3ba,0xca49da347c40
0x418e42,0xa2132279100
0x4194ba,0xa2132254f80
0x41901e,0xa213226d780
0x41b3ba,0xca49da347cc0
0x41996a,0xa213225ebc0
0x419632,0xa2132251e00
0x419247,0xa21322725c0
0x418f3a,0xa2132276400
0x41b315,0xa2132267a00
0x418ac7,0xca49da354700
0x4197b6,0xa2132265a80
0x419cad,0xa213227a4c0
0x418939,0xa2132283100
0x41aba4,0xca49da350988
0x41996a,0xa213225ed40
0x418c1a,0xca49da34bc80
0x41a249,0xa2132260d40
0x41b2fa,0xa2132259f80
0x41931b,0xa2132258fc0
0x418c8a,0xca49da355100
0x41b315,0xa2132267c40
0x418b77,0xca49da34cd80
0x41b315,0xa2132267cc0
0x418c8a,0xca49da355240
0x418f3a,0xa2132276740
0x41b2fa,0xa2132280180
0x41b3ba,0xca49da359100
0x418b5f,0xca49da351c40
0x41996a,0xa2132285100
0x418f51,0xa213227c500
0x41b5d1,0xca49da356400
0x419981,0xa213226cd80
0x41aece,0xca49da34dfc0
0x418b5f,0xca49da351e00
0x41a73b,0xca49da353d00
0x41a249,0xa2132287200
0x41a249,0xa2132287280
0x418ab4,0xca49da352e80
0x41abc4,0xca49da350f80
0x41996a,0xa2132285300
0x418ab4,0xca49da352ec0
0x4194e7,0xa2132286380
0x418b09,0xca49da3610c0
0x4197b6,0xa213228c1c0
0x418bb8,0xca49da360180
0x41901e,0xa213226dfc0
0x418c5a,0xca49da35a4c0
0x418f3a,0xa2132276c00
0x418afe,0xca49da361188
0x419247,0xa2132272e80
0x41b5d1,0xca49da356740
0x418ac7,0xca49da354f80
0x418b5f,0xca49da363100
0x419247,0xa2132272ec0
0x41b181,0xca49da35c500
0x4194e7,0xa2132286580
0x419981,0xa21322931c0
0x41a73b,0xca49da365100
0x418b77,0xca49da35e500
0x419da5,0xa213227e500
0x41996a,0xa2132285700
0x41b2fa,0xa21322808c0
0x419247,0xa2132299100
0x41abc4,0xca49da3623c0
0x419632,0xa2132278980
0x41b2fa,0xa2132280980
0x418c31,0xca49da358980
0x41a73b,0xca49da365300
0x4197b6,0xa213228c640
0x419cad,0xa21322a10c0
0x418ac7,0xca49da366380
0x419981,0xa2132293540
0x41b5d1,0xca49da356c00
0x419cad,0xa21322a1180
0x4194ba,0xa213227bd80
0x41922d,0xa213228d780
0x418e42,0xa2132279f80
0x419d7a,0xa213227dc40
0x41a249,0xa2132287a00
0x41b315,0xa213228e800
0x41996a,0xa2132285a80
0x41abc4,0xca49da362740
0x418ac7,0xca49da366580
0x418bb8,0xca49da3608c0
0x41901e,0xa2132294700
0x4194ba,0xa213227bf40
0x41b2fa,0xa2132280d40
0x418e42,0xa21322a0180
0x418ba6,0xca49da360988
0x41a717,0xca49da365708
0x418ab4,0xca49da3647c0
0x41a249,0xa2132287c40
0x41a249,0xa2132287cc0
0x418b77,0xca49da35ebc0
0x418c1a,0xca49da35dc40
0x418f51,0xa21322a3100
0x418bf2,0xca49da35bd80
0x419da5,0xa213227ebc0
0x419632,0xa2132278fc0
0x418c31,0xca49da358fc0
0x41b3ba,0xca49da359f80
0x418b77,0xca49da35ed40
0x419615,0xa213229e500
0x418c8a,0xca49da367200
0x419da5,0xa213227ed40
0x418b09,0xca49da361c40
0x418bf2,0xca49da35bf40
0x418c8a,0xca49da367280
0x41a73b,0xca49da365a80
0x4197b6,0xa213228cd80
0x418ba6,0xca49da360d48
0x4194ba,0xa21322a23c0
0x41b2fa,0xa21322a7200
0x41b2fa,0xa21322a7280
0x419981,0xa2132293d00
0x418c5a,0xca49da36c1c0
0x41931b,0xa21322a6380
0x41996a,0xa21322ac1c0
0x41922d,0xa213228dfc0
0x41b3ba,0xca49da36b380
0x419da5,0xa21322a5100
0x418e42,0xa21322a08c0
0x41b315,0xa21322b5100
0x4194ba,0xa21322a2740
0x41931b,0xa21322a6580
0x41901e,0xa2132294f80
0x418e42,0xa21322a0980
0x4197b6,0xa21322b31c0
0x41b3ba,0xca49da36b540
0x419cad,0xa21322a1c40
0x418f3a,0xa213229dc40
0x41b315,0xa21322b5240
0x418b09,0xca49da3731c0
0x419da5,0xa21322a5300
0x418b5f,0xca49da375100
0x41aece,0xca49da371340
0x419d7a,0xa21322a47c0
0x41aece,0xca49da371380
0x419615,0xa213229ebc0
0x418c5a,0xca49da36c640
0x419247,0xa2132299f80
0x418b5f,0xca49da375240
0x41996a,0xa21322ac640
0x418cc3,0xca49da3698c0
0x418c8a,0xca49da367a00
0x419615,0xa213229ed40
0x4197b6,0xa21322b3540
0x418bf2,0xca49da36d780
0x418e42,0xa21322a0d40
0x4194e7,0xa21322ad780
0x419247,0xa21322c0180
0x418b09,0xca49da373540
0x418bb8,0xca49da3725c0
0x41a249,0xa21322ae800
0x41b2fa,0xa21322a7a00
0x418ab4,0xca49da376400
0x41b181,0xca49da36e800
0x419da5,0xa21322a5700
0x419981,0xa21322ba4c0
0x41b5d1,0xca49da368b80
0x418c8a,0xca49da367c40
0x41922d,0xa21322b4700
0x418c8a,0xca49da367cc0
0x41abc4,0xca49da374700
0x41b2fa,0xa21322a7c40
0x419615,0xa21322c5100
0x418b71,0xca49da370988
0x41b2fa,0xa21322a7cc0
0x41b3ba,0xca49da36bc80
0x418ab4,0xca49da376740
0x419da5,0xa21322a5a80
0x418e42,0xa21322c7200
0x418e42,0xa21322c7280
0x419615,0xa21322c5300
0x418c5a,0xca49da36cd80
0x41996a,0xa21322acd80
0x418c8a,0xca49da379100
0x41aece,0xca49da371c40
0x418ac7,0xca49da378980
0x419247,0xa21322c08c0
0x4197b6,0xa21322b3d00
0x419a83,0xa21322d1340
0x419a83,0xa21322d1380
0x418bf2,0xca49da36dfc0
0x419247,0xa21322c0980
0x4194e7,0xa21322adfc0
0x418b09,0xca49da373d00
0x41aece,0xca49da371e00
0x418f3a,0xa21322c47c0
0x418ab4,0xca49da376c00
0x419615,0xa21322c5700
0x418b77,0xca49da370f80
0x418bb8,0xca49da372e80
0x418bb8,0xca49da372ec0
0x419d7a,0xa21322cb380
0x419632,0xa21322c6380
0x41a249,0xa21322d5100
0x418c1a,0xca49da3810c0
0x41901e,0xa21322bbd80
0x41922d,0xa21322b4f80
0x41996a,0xa21322d31c0
0x41b181,0xca49da380180
0x41b5d1,0xca49da37a4c0
0x418c10,0xca49da381188
0x41a249,0xa21322d5240
0x419d7a,0xa21322cb540
0x41abc4,0xca49da374f80
0x41aece,0xca49da383100
0x419632,0xa21322c6580
0x418c31,0xca49da37c500
0x41901e,0xa21322bbf40
0x419247,0xa21322c0d40
0x419da5,0xa21322cc1c0
0x419cad,0xa21322c8b80
0x418b09,0xca49da385100
0x418e42,0xa21322c7a00
0x419615,0xa21322c5a80
0x418c5a,0xca49da37e500
0x419981,0xa21322e10c0
0x4194ba,0xa21322c98c0
0x418ac7,0xca49da378fc0
0x418b77,0xca49da3823c0
0x41996a,0xa21322d3540
0x419981,0xa21322e1180
0x41931b,0xa21322cd780
0x418b09,0xca49da385300
0x418b5f,0xca49da387200
0x41b2fa,0xa21322ce800
0x418b5f,0xca49da387280
0x418e42,0xa21322c7c40
0x4197b6,0xa21322da4c0
0x41abc4,0xca49da386380
0x418e42,0xa21322c7cc0
0x4194e7,0xa21322d4700
0x41b315,0xa21322dc500
0x41901e,0xa21322e23c0
0x419da5,0xa21322cc640
0x419247,0xa21322e7200
0x419a83,0xa21322d1c40
0x418b77,0xca49da382740
0x419247,0xa21322e7280
0x41abc4,0xca49da386580
0x41b181,0xca49da3808c0
0x418939,0xa21322d1e00
0x418afe,0xca49da385708
0x41b176,0xca49da380988
0x418bb8,0xca49da3847c0
0x419d7a,0xa21322cbc80
0x418c5a,0xca49da37ebc0
0x41b3ba,0xca49da37dc40
0x418cc3,0xca49da37bd80
0x41901e,0xa21322e2740
0x419615,0xa21322ec1c0
0x418f3a,0xa21322eb380
0x418c8a,0xca49da379f80
0x418c5a,0xca49da37ed40
0x41996a,0xa21322d3d00
0x418c1a,0xca49da381c40
0x418cc3,0xca49da37bf40
0x418b09,0xca49da385a80
0x418f3a,0xa21322eb540
0x41a717,0xca49da3898c8
0x41b176,0xca49da380d48
0x41931b,0xa21322cdfc0
0x418b5f,0xca49da387a00
0x419da5,0xa21322ccd80
0x41b5d1,0xca49da38c1c0
0x41b2fa,0xa21322f5100
0x418f51,0xa21322f1340
0x4194e7,0xa21322d4f80
0x41922d,0xa21322dbd80
0x418f51,0xa21322f1380
0x418ab4,0xca49da388b80
0x419615,0xa21322ec640
0x418b5f,0xca49da387c40
0x419247,0xa21322e7a00
0x419981,0xa21322e1c40
0x418c8a,0xca49da38b380
0x41b2fa,0xa21322f5240
0x418b5f,0xca49da387cc0
0x419227,0xa21322dbf48
0x418c8a,0xca49da38b540
0x418e42,0xa21322ee800
0x419247,0xa21322e7c40
0x418c1a,0xca49da3931c0
0x4197b6,0xa21323010c0
0x419247,0xa21322e7cc0
0x41aece,0xca49da395100
0x418bf2,0xca49da391340
0x41b315,0xa2132303100
0x418bf2,0xca49da391380
0x419da5,0xa21322f31c0
0x419d7a,0xa21322f25c0
0x4197b6,0xa2132301180
0x41b5d1,0xca49da38c640
0x41aece,0xca49da395240
0x418f3a,0xa21322ebc80
0x41996a,0xa21322fa4c0
0x418b5f,0xca49da399100
0x41931b,0xa21322f4700
0x419632,0xa21322ed780
0x41a249,0xa21322fc500
0x418cc3,0xca49da38d780
0x419a83,0xa21322f8980
0x4194ba,0xa21322f0980
0x41922d,0xa21323023c0
0x418c1a,0xca49da393540
0x41b181,0xca49da3925c0
0x418bb8,0xca49da396400
0x418c31,0xca49da38e800
0x419da5,0xa21322f3540
0x419615,0xa21322ecd80
0x418b77,0xca49da394700
0x418f51,0xa21322f1c40
0x418c4c,0xca49da390988
0x418ab4,0xca49da39a4c0
0x418c8a,0xca49da38bc80
0x41922d,0xa2132302740
0x418bb8,0xca49da396740
0x418f51,0xa21322f1e00
0x418ac7,0xca49da39c500
0x41b5d1,0xca49da38cd80
0x418e42,0xa2132315100
0x419615,0xa21323131c0
0x4194ba,0xa21322f0f80
0x419a83,0xa21322f8fc0
0x419cad,0xa2132316400
0x418bf2,0xca49da391c40
0x419d7a,0xa21322f2e80
0x419d7a,0xa21322f2ec0
0x418e42,0xa2132315240
0x41901e,0xa21323098c0
0x41abc4,0xca49da398980
0x419632,0xa21322edfc0
0x41931b,0xa21322f4f80
0x4194e7,0xa21322fbd80
0x418cc3,0xca49da38dfc0
0x418bf2,0xca49da391e00
0x418c1a,0xca49da393d00
0x418f3a,0xa21323125c0
0x419247,0xa213230e800
0x4197b6,0xa2132301c40
0x418bb8,0xca49da396c00
0x419d7a,0xa2132319100
0x419da5,0xa21322f3d00
0x418c5a,0xca49da390f80
0x41b181,0xca49da392e80
0x419615,0xa2132313540
0x41b181,0xca49da392ec0
0x419cad,0xa2132316740
0x4194e7,0xa21322fbf40
0x419981,0xa2132308b80
0x41b3ba,0xca49da3a10c0
0x418c31,0xca49da3a0180
0x41b3a4,0xca49da3a1188
0x41996a,0xa21323210c0
0x418b77,0xca49da394f80
0x418bf2,0xca49da3a3100
0x41a249,0xa2132323100
0x41996a,0xa2132321180
0x418c1a,0xca49da3a5100
0x41a73b,0xca49da39bd80
0x41b5d1,0xca49da39e500
0x418c5a,0xca49da3a23c0
0x41abc4,0xca49da398fc0
0x41b2fa,0xa213231c500
0x418b5f,0xca49da399f80
0x4194e7,0xa21323223c0
0x418c1a,0xca49da3a5300
0x41aece,0xca49da3a7200
0x419cad,0xa2132316c00
0x41a717,0xca49da39bf48
0x41aece,0xca49da3a7280
0x419632,0xa2132314700
0x418b77,0xca49da3a6380
0x418f51,0xa2132318980
0x418ab4,0xca49da3ac1c0
0x419da5,0xa213231a4c0
0x418c5a,0xca49da3a2740
0x418f3a,0xa2132312e80
0x419615,0xa2132313d00
0x418b77,0xca49da3a6580
0x418f3a,0xa2132312ec0
0x418c31,0xca49da3a08c0
0x419247,0xa2132335100
0x4194e7,0xa2132322740
0x418b5f,0xca49da3ab380
0x418c10,0xca49da3a5708
0x418c2c,0xca49da3a0988
0x41b181,0xca49da3a47c0
0x419247,0xa2132335240
0x418b5f,0xca49da3ab540
0x418c8a,0xca49da39dc40
0x41b5d1,0xca49da39ebc0
0x418f3a,0xa2132339100
0x418ab4,0xca49da3ac640
0x41b5d1,0xca49da39ed40
0x41922d,0xa21323298c0
0x41b3ba,0xca49da3a1c40
0x418c1a,0xca49da3a5a80
0x41931b,0xa213231bd80
0x418afe,0xca49da3a98c8
0x418c2c,0xca49da3a0d48
0x41aece,0xca49da3a7a00
0x418f51,0xa2132318fc0
0x41996a,0xa2132321c40
0x41a73b,0xca49da3ad780
0x419d7a,0xa2132319f80
0x419632,0xa2132314f80
0x41931b,0xa213231bf40
0x418ac7,0xca49da3ae800
0x4197b6,0xa2132328b80
0x41901e,0xa2132330980
0x418bb8,0xca49da3a8b80
0x41aece,0xca49da3a7c40
0x419615,0xa213233a4c0
0x41aece,0xca49da3a7cc0
0x419d7a,0xa2132340180
0x418e42,0xa213233c500
0x41b2fa,0xa2132343100
0x418939,0xa2132346380
0x418b5f,0xca49da3abc80
0x41b3ba,0xca49da3b31c0
0x418bf2,0xca49da3b5100
0x4194ba,0xa213233e500
0x418cc3,0xca49da3b1340
0x418cc3,0xca49da3b1380
0x419a83,0xa2132346580
0x41931b,0xa21323423c0
0x418ab4,0xca49da3acd80
0x418bf2,0xca49da3b5240
0x419da5,0xa21323410c0
0x41aece,0xca49da3b9100
0x419d9b,0xa2132341188
0x41901e,0xa2132330f80
0x418c31,0xca49da3b25c0
0x41b3ba,0xca49da3b3540
0x419cad,0xa213233dc40
0x41b181,0xca49da3b6400
0x41a73b,0xca49da3adfc0
0x41931b,0xa2132342740
0x41b315,0xa2132351340
0x41b315,0xa2132351380
0x418c5a,0xca49da3b4700
0x419d7a,0xa21323408c0
0x418abe,0xca49da3c0188
0x41b5cc,0xca49da3b0988
0x418bb8,0xca49da3ba4c0
0x419d7a,0xa2132340980
0x41b181,0xca49da3b6740
0x418f3a,0xa2132339f80
0x4194ba,0xa213233ebc0
0x419981,0xa2132356400
0x41abc4,0xca49da3bc500
0x4194e7,0xa21323498c0
0x4194ba,0xa213233ed40
0x418ab4,0xca49da3be500
0x418f3a,0xa2132360180
0x418cc3,0xca49da3b1c40
0x419615,0xa21323610c0
0x418b77,0xca49da3b8980
0x419d7a,0xa2132340d40
0x419247,0xa213235c500
0x418e42,0xa2132363100
0x419981,0xa2132356740
0x419615,0xa2132361180
0x419632,0xa213233bd80
0x41996a,0xa2132348b80
0x41922d,0xa2132350980
0x418cc3,0xca49da3b1e00
0x41b3ba,0xca49da3b3d00
0x41b181,0xca49da3b6c00
0x418c31,0xca49da3b2e80
0x41b5d1,0xca49da3b0f80
0x419632,0xa213233bf40
0x4194ba,0xa2132365100
0x418c31,0xca49da3b2ec0
0x419da5,0xa2132341c40
0x418ac7,0xca49da3c08c0
0x41b5d1,0xca49da3c10c0
0x41b315,0xa2132351c40
0x418ac7,0xca49da3c0980
0x418c5a,0xca49da3b4f80
0x41b5d1,0xca49da3c1180
0x4194ba,0xa2132365300
0x419d7a,0xa2132367200
0x418f51,0xa2132366380
0x419cad,0xa21323647c0
0x41b3ba,0xca49da3c3100
0x419981,0xa2132356c00
0x418ab4,0xca49da3bebc0
0x418b5f,0xca49da3bdc40
0x419d7a,0xa2132367280
0x41b315,0xa2132351e00
0x418b09,0xca49da3bbd80
0x418c8a,0xa2132386380
0x418bf2,0xa21323810c0
0x418f3a,0xa21323608c0
0x418b77,0xca49da3b8fc0
0x418bf2,0xa2132381180
0x41aece,0xca49da3b9f80
0x41b181,0xca49da3c5100
0x419632,0xa21323623c0
0x418ab4,0xca49da3bed40
0x418cc3,0xca49da3c23c0
0x41922d,0xa2132350f80
0x418f3a,0xa2132360980
0x418f51,0xa2132366580
0x551432,0x6c6f1e651c40
0x55146b,0x6c6f1e66dfc0
0x55146b,0x6c6f1e660180
0x414595,0xa2132361c40
0x41455c,0xa2132365700
0x41447b,0x6c6f1e64dfc0
0x41448e,0x6c6f1e656740
0x414458,0x6c6f1e650f80
0x4144cd,0xa2132360d40
0x414540,0x6c6f1e653d00
0x414579,0x6c6f1e652e80
0x551432,0x6c6f1e651e00
0x41447b,0xca49da3cc1c0
0x414568,0x6c6f1e65a4c0
0x414579,0x6c6f1e652ec0
0x41455c,0xa2132365a80
0x4144f1,0xca49da3cb380
0x4144f1,0xca49da3cb540
0x41448e,0x6c6f1e656c00
0x55146b,0x6c6f1e6608c0
0x414508,0x6c6f1e654f80
0x4145a2,0x6c6f1e658980
0x414579,0xca49da3d1340
0x41447b,0xca49da3cc640
0x414579,0xca49da3d1380
0x414551,0xca49da3c98c0
0x414508,0xca49da3d31c0
0x4144b6,0xca49da3cd780
0x41455c,0x6c6f1e675100
0x414428,0xca49da3ce800
0x55146b,0x6c6f1e660980
0x41452d,0xca49da3c8b80
0x41448e,0xca49da3d5100
0x41455c,0x6c6f1e675240
0x414540,0xca49da3d25c0
0x41450f,0x6c6f1e65dc48
0x414595,0x6c6f1e6698c0
0x414588,0x6c6f1e65bd80
0x41448e,0xca49da3d5240
0x414508,0xca49da3d3540
0x4145a2,0x6c6f1e658fc0
0x4144f1,0xca49da3cbc80
0x4145b3,0x6c6f1e659f80
0x4145be,0x6c6f1e6810c0
0x414588,0x6c6f1e65bf40
0x551432,0xca49da3d0980
0x55146b,0x6c6f1e660d40
0x4145be,0x6c6f1e681180
0x41447b,0xca49da3ccd80
0x414568,0xca49da3d9100
0x4144a9,0xca49da3d4700
0x414440,0xca49da3d6400
0x414579,0xca49da3d1c40
0x4144cd,0x6c6f1e668b80
0x414468,0x6c6f1e6725c0
0x4144b6,0xca49da3cdfc0
0x551432,0xca49da3d0f80
0x414579,0xca49da3d1e00
0x414440,0xca49da3d6740
0x414428,0xca49da3e10c0
0x4144b6,0xca49da3e0180
0x414588,0xca49da3da4c0
0x414428,0xca49da3e1180
0x414508,0xca49da3d3d00
0x414540,0xca49da3d2e80
0x41450f,0x6c6f1e67c508
0x414540,0xca49da3d2ec0
0x414551,0xca49da3dc500
0x414579,0xca49da3e3100
0x55146b,0x6c6f1e6847c0
0x4144f1,0xca49da3de500
0x414458,0xca49da3e23c0
0x414540,0xca49da3e5100
0x4145b3,0xca49da3d8980
0x414440,0xca49da3d6c00
0x4144a9,0xca49da3d4f80
0x414540,0xca49da3e5300
0x4145be,0x6c6f1e681c40
0x414468,0x6c6f1e672e80
0x414458,0xca49da3e2740
0x414468,0x6c6f1e672ec0
0x41455c,0x6c6f1e695100
0x4144b6,0xca49da3e08c0
0x414508,0xca49da3e6380
0x4144a9,0xca49da3e7200
0x4144a9,0xca49da3e7280
0x4144b6,0xca49da3e0980
0x41455c,0x6c6f1e695240
0x414595,0x6c6f1e6898c0
0x4144e0,0xca49da3ddc40
0x4144f1,0xca49da3debc0
0x414540,0xca49da3e5700
0x414508,0xca49da3e6580
0x41452d,0xca49da3dbd80
0x551432,0xca49da3e47c0
0x4144cd,0x6c6f1e68e800
0x4145b3,0xca49da3d8fc0
0x414568,0xca49da3d9f80
0x4145be,0x6c6f1e6a10c0
0x4144f1,0xca49da3ded40
0x414428,0xca49da3e1c40
0x41452d,0xca49da3dbf40
0x4145be,0x6c6f1e6a1180
0x4144b6,0xca49da3e0d40
0x414568,0xca49da3ec1c0
0x414540,0xca49da3e5a80
0x414468,0x6c6f1e6925c0
0x4145b3,0xca49da3eb380
0x4144a9,0xca49da3e7a00
0x4145b3,0xca49da3eb540
0x4144b6,0xca49da3f31c0
0x414458,0xca49da3f5100
0x4144f1,0xca49da3f1340
0x41450f,0x6c6f1e69c508
0x4144f1,0xca49da3f1380
0x414440,0xca49da3e98c0
0x414568,0xca49da3ec640
0x4144a9,0xca49da3e7c40
0x414458,0xca49da3f5240
0x4144a9,0xca49da3e7cc0
0x41448e,0xca49da3e8b80
0x414588,0xca49da3ed780
0x41447b,0xca49da3f25c0
0x4144b6,0xca49da3f3540
0x41452d,0xca49da3ee800
0x414508,0xca49da3f9100
0x414579,0xca49da3f6400
0x55146b,0x6c6f1e6a47c0
0x414428,0xca49da3f4700
0x4145be,0x6c6f1e6a1c40
0x4144e0,0xca49da3f0980
0x414468,0x6c6f1e692e80
0x414468,0x6c6f1e692ec0
0x41455c,0x6c6f1e6b5100
0x4145b3,0xca49da3ebc80
0x41455c,0x6c6f1e6b5240
0x414579,0xca49da3f6740
0x414568,0xca49da3ecd80
0x414595,0x6c6f1e6a98c0
0x4144f1,0xca49da3f1c40
0x4144cd,0x6c6f1e6ae800
0x4144a9,0xca49da3fa4c0
0x414588,0xca49da3edfc0
0x4144b6,0xca49da3f3d00
0x4144f1,0xca49da3f1e00
0x414540,0xca49da3f8980
0x4144e0,0xca49da3f0f80
0x41447b,0xca49da3f2e80
0x41447b,0xca49da3f2ec0
0x41452d,0xca49da4010c0
0x414579,0xca49da3f6c00
0x414588,0xca49da400180
0x414440,0xca49da3fc500
0x41452d,0xca49da401180
0x414468,0x6c6f1e6b25c0
0x4144e0,0xca49da403100
0x414428,0xca49da3f4f80
0x41447b,0xca49da405100
0x4145b3,0xca49da3fe500
0x414551,0xca49da4023c0
0x55146b,0xd79e62a51340
0x55146b,0xd79e62a51380
0x41450f,0x6c6f1e6bc508
0x414428,0xca49da407200
0x41447b,0xca49da405300
0x414428,0xca49da407280
0x4145be,0xd79e62a4e800
0x4144b6,0xca49da406380
0x414540,0xca49da3f8fc0
0x414508,0xca49da3f9f80
0x414551,0xca49da402740
0x414595,0xd79e62a56400
0x4144b6,0xca49da406580
0x414588,0xca49da4008c0
0x41448e,0xca49da3fbd80
0x41447b,0xca49da405700
0x414588,0xca49da400980
0x4144f1,0xca49da4047c0
0x414508,0xca49da40c1c0
0x414540,0xca49da40b380
0x41448e,0xca49da3fbf40
0x4145a2,0xca49da3fdc40
0x4145b3,0xca49da3febc0
0x414468,0x6c6f1e6b2e80
0x414468,0x6c6f1e6b2ec0
0x4144cd,0xe8035e45e500
0x414595,0xd79e62a56740
0x414540,0xca49da40b540
0x4145b3,0xca49da3fed40
0x55146b,0xd79e62a51c40
0x551432,0xca49da4098c0
0x41452d,0xca49da401c40
0x41447b,0xca49da405a80
0x414588,0xca49da400d40
0x414428,0xca49da407a00
0x414508,0xca49da40c640
0x4145be,0xa7d08ad010c0
0x414458,0xca49da408b80
0x414428,0xca49da407c40
0x4145be,0xa7d08ad01180
0x41455c,0x6c53703325c0
0x55146b,0xd79e62a51e00
0x414428,0xca49da407cc0
0x414595,0xd79e62a56c00
0x4144a9,0xca49da40d780
0x41450f,0x6c5370339108
0x414588,0xca49da4131c0
0x414551,0xca49da415100
0x4144cd,0xe8035e45ebc0
0x4145b3,0xca49da411340
0x4145b3,0xca49da411380
0x414551,0xca49da415240
0x414540,0xca49da40bc80
0x41448e,0xca49da40e800
0x4144cd,0xe8035e45ed40
0x4144b6,0xca49da419100
0x414568,0xca49da4125c0
0x414588,0xca49da413540
0x4144e0,0xca49da416400
0x414508,0xca49da40cd80
0x41452d,0xca49da414700
0x55146b,0xa7d08ad047c0
0x4145a2,0xca49da410980
0x414428,0xca49da41a4c0
0x4144e0,0xca49da416740
0x41455c,0x6c5370332e80
0x414458,0xca49da41c500
0x41455c,0x6c5370332ec0
0x4144a9,0xca49da40dfc0
0x4145be,0xa7d08ad01c40
0x4145b3,0xca49da411c40
0x4144a9,0xca49da420180
0x414540,0xca49da41e500
0x41447b,0xca49da418980
0x41448e,0xca49da4210c0
0x41448e,0xca49da421180
0x414588,0xca49da413d00
0x4145b3,0xca49da411e00
0x414595,0xa7d08ad098c0
0x4144e0,0xca49da416c00
0x414468,0xee30bb9410c0
0x414568,0xca49da412e80
0x4145a2,0xca49da410f80
0x414468,0xee30bb941180
0x414568,0xca49da412ec0
0x4144cd,0xa7d08ad0e800
0x4145a2,0xca49da423100
0x41452d,0xca49da414f80
0x41450f,0x6c5370339f88
0x414568,0xca49da425100
0x414440,0xca49da4223c0
0x414579,0xca49da41dc40
0x41455c,0xee30bb9447c0
0x41447b,0xca49da418fc0
0x414568,0xca49da425300
0x4144b6,0xca49da419f80
0x41452d,0xca49da427200
0x4144a9,0xca49da4208c0
0x414540,0xca49da41ebc0
0x551432,0xca49da41bd80
0x55146b,0xee30bb9531c0
0x551432,0xca49da41bf40
0x41452d,0xca49da427280
0x4144a9,0xca49da420980
0x414588,0xca49da426380
0x41450f,0xee30bb94b388
0x414440,0xca49da422740
0x414540,0xca49da41ed40
0x4144b6,0xca49da42c1c0
0x414588,0xca49da426580
0x41450f,0xee30bb94b548
0x41447b,0xca49da42b380
0x414568,0xca49da425700
0x55146b,0xee30bb953540
0x4145b3,0xca49da4247c0
0x4144a9,0xca49da420d40
0x41447b,0xca49da42b540
0x41448e,0xca49da421c40
0x4145be,0xee30bb950980
0x414468,0xee30bb941c40
0x4144b6,0xca49da42c640
0x414568,0xca49da425a80
0x4144e0,0xca49da4298c0
0x414540,0xca49da431340
0x414540,0xca49da431380
0x41452d,0xca49da427a00
0x414428,0xca49da42d780
0x4144a9,0xca49da4331c0
0x414458,0xca49da42e800
0x414551,0xca49da428b80
0x41452d,0xca49da427c40
0x41450f,0xee30bb94bc88
0x41452d,0xca49da427cc0
0x414468,0xee30bb9610c0
0x4145be,0xee30bb950f80
0x414595,0xee30bb958980
0x414440,0xca49da435100
0x414468,0xee30bb961180
0x551432,0xca49da430980
0x55146b,0xee30bb953d00
0x414508,0xca49da4325c0
0x41447b,0xca49da42bc80
0x414440,0xca49da435240
0x4144a9,0xca49da433540
0x4144b6,0xca49da42cd80
0x414588,0xca49da439100
0x55146b,0xee30bb9731c0
0x41455c,0xee30bb9647c0
0x41448e,0xca49da434700
0x4145a2,0xca49da436400
0x4144cd,0xee30bb95dc40
0x414540,0xca49da431c40
0x414428,0xca49da42dfc0
0x41450f,0xee30bb96b388
0x414595,0xee30bb958fc0
0x414458,0xca49da4410c0
0x414428,0xca49da440180
0x414540,0xca49da431e00
0x41452d,0xca49da43a4c0
0x414458,0xca49da441180
0x41450f,0xee30bb96b548
0x551432,0xca49da430f80
0x551432,0xca49da443100
0x55146b,0xee30bb973540
0x4145a2,0xca49da436740
0x4144e0,0xca49da43c500
0x4144a9,0xca49da433d00
0x414508,0xca49da432e80
0x414508,0xca49da432ec0
0x41447b,0xca49da43e500
0x4145be,0xee30bb970980
0x414468,0xee30bb961c40
0x414568,0xca49da438980
0x414579,0xca49da4423c0
0x414508,0xca49da445100
0x4145a2,0xca49da436c00
0x41448e,0xca49da434f80
0x414508,0xca49da445300
0x414428,0xca49da4408c0
0x414579,0xca49da442740
0x41450f,0xee30bb96bc88
0x414428,0xca49da440980
0x55146b,0xee30bb973d00
0x414468,0xee30bb9810c0
0x4144a9,0xca49da446380
0x41448e,0xca49da447200
0x4145be,0xee30bb970f80
0x414595,0xee30bb978980
0x41448e,0xca49da447280
0x414468,0xee30bb981180
0x41447b,0xca49da43ebc0
0x4144f1,0xca49da43dc40
0x414551,0xca49da43bd80
0x414540,0xca49da4447c0
0x414568,0xca49da438fc0
0x4144a9,0xca49da446580
0x414508,0xca49da445700
0x414588,0xca49da439f80
0x41447b,0xca49da43ed40
0x414458,0xca49da441c40
0x414551,0xca49da43bf40
0x414428,0xca49da440d40
0x55146b,0xee30bb9931c0
0x414588,0xca49da44c1c0
0x41455c,0xee30bb9847c0
0x4144cd,0xee30bb97dc40
0x414508,0xca49da445a80
0x414568,0xca49da44b380
0x41450f,0xee30bb98b388
0x414595,0xee30bb978fc0
0x55146b,0xee30bb993540
0x551432,0xca49da455100
0x414568,0xca49da44b540
0x414428,0xca49da4531c0
0x41448e,0xca49da447a00
0x41450f,0xee30bb98b548
0x41447b,0xca49da451340
0x41447b,0xca49da451380
0x414588,0xca49da44c640
0x4145a2,0xca49da4498c0
0x41448e,0xca49da447c40
0x4145be,0xee30bb990980
0x41452d,0xca49da44d780
0x41448e,0xca49da447cc0
0x551432,0xca49da455240
0x414440,0xca49da448b80
0x414428,0xca49da453540
0x4144b6,0xca49da4525c0
0x414468,0xee30bb981c40
0x414551,0xca49da44e800
0x414579,0xca49da456400
0x4144a9,0xca49da459100
0x414458,0xca49da454700
0x4144f1,0xca49da450980
0x414568,0xca49da44bc80
0x55146b,0xee30bb993d00
0x414579,0xca49da456740
0x41450f,0xee30bb98bc88
0x414468,0xee30bb9a10c0
0x414588,0xca49da44cd80
0x4145be,0xee30bb990f80
0x414595,0xee30bb998980
0x414468,0xee30bb9a1180
0x41447b,0xca49da451c40
0x41448e,0xca49da45a4c0
0x41452d,0xca49da44dfc0
0x414428,0xca49da453d00
0x41447b,0xca49da451e00
0x414579,0xca49da456c00
0x4144b6,0xca49da452e80
0x4144f1,0xca49da450f80
0x4144b6,0xca49da452ec0
0x414551,0xca49da4610c0
0x414508,0xca49da458980
0x41452d,0xca49da460180
0x41455c,0xee30bb9a47c0
0x414551,0xca49da461180
0x4144cd,0xee30bb99dc40
0x4144f1,0xca49da463100
0x414458,0xca49da454f80
0x4145a2,0xca49da45c500
0x55146b,0xee30bb9b31c0
0x41450f,0xee30bb9ab388
0x4144b6,0xca49da465100
0x414595,0xee30bb998fc0
0x414568,0xca49da45e500
0x4144e0,0xca49da4623c0
0x41450f,0xee30bb9ab548
0x4144b6,0xca49da465300
0x414428,0xca49da466380
0x551432,0xca49da467200
0x55146b,0xee30bb9b3540
0x551432,0xca49da467280
0x4145be,0xee30bb9b0980
0x414508,0xca49da458fc0
0x4144e0,0xca49da462740
0x414468,0xee30bb9a1c40
0x414428,0xca49da466580
0x41452d,0xca49da4608c0
0x4144a9,0xca49da459f80
0x41452d,0xca49da460980
0x4144b6,0xca49da465700
0x41447b,0xca49da4647c0
0x414440,0xca49da45bd80
0x414568,0xca49da45ebc0
0x4145b3,0xca49da45dc40
0x4144a9,0xca49da46c1c0
0x414508,0xca49da46b380
0x414440,0xca49da45bf40
0x414568,0xca49da45ed40
0x41450f,0xee30bb9abc88
0x414551,0xca49da461c40
0x4144b6,0xca49da465a80
0x414468,0x5829a6eb9100
0x414508,0xca49da46b540
0x41452d,0xca49da460d40
0x4145be,0xee30bb9b0f80
0x414595,0xee30bb9b8980
0x414579,0xca49da4698c0
0x55146b,0xee30bb9b3d00
0x551432,0xca49da467a00
0x41455c,0x5829a6ebc500
0x414458,0xca49da468b80
0x4144a9,0xca49da46c640
0x41450f,0x412e73cb31c8
0x41452d,0xca49da4731c0
0x4144e0,0xca49da475100
0x551432,0xca49da467cc0
0x551432,0xca49da467c40
0x414568,0xca49da471340
0x4144cd,0xee30bb9bdc40
0x414568,0xca49da471380
0x41448e,0xca49da46d780
0x4144e0,0xca49da475240
0x414595,0xee30bb9b8fc0
0x414428,0xca49da479100
0x414508,0xca49da46bc80
0x414440,0xca49da46e800
0x41450f,0x412e73cb3548
0x41452d,0xca49da473540
0x414588,0xca49da4725c0
0x414595,0x412e73cc0180
0x4144f1,0xca49da476400
0x4144a9,0xca49da46cd80
0x4144cd,0x412e73cc5100
0x4145be,0x412e73cb8980
0x414551,0xca49da474700
0x4145b3,0xca49da470980
0x414458,0xca49da47a4c0
0x4144f1,0xca49da476740
0x4144cd,0x412e73cc5300
0x551432,0xca49da47c500
0x41448e,0xca49da46dfc0
0x414568,0xca49da471c40
0x414468,0x5829a6eb9f80
0x41455c,0x412e73ccc1c0
0x4144b6,0xca49da478980
0x41448e,0xca49da480180
0x414595,0x412e73cc08c0
0x41450f,0x412e73cb3d08
0x414568,0xca49da471e00
0x414508,0xca49da47e500
0x41452d,0xca49da473d00
0x4144cd,0x412e73cc5700
0x414440,0xca49da4810c0
0x414595,0x412e73cc0980
0x55146b,0x412e73cbbd80
0x4144f1,0xca49da476c00
0x4145be,0x412e73cb8fc0
0x414440,0xca49da481180
0x414588,0xca49da472e80
0x4145b3,0xca49da470f80
0x414588,0xca49da472ec0
0x4145b3,0xca49da483100
0x414551,0xca49da474f80
0x41455c,0x412e73ccc640
0x4144cd,0x412e73cc5a80
0x414588,0xca49da485100
0x414595,0x412e73cc0d40
0x55146b,0x412e73cbbf40
0x41450f,0x412e73cd31c8
0x4145a2,0xca49da4823c0
0x4144b6,0xca49da478fc0
0x414428,0xca49da479f80
0x414579,0xca49da47bd80
0x414551,0xca49da487200
0x414588,0xca49da485300
0x414540,0xca49da47dc40
0x414551,0xca49da487280
0x41452d,0xca49da486380
0x41448e,0xca49da4808c0
0x414508,0xca49da47ebc0
0x414579,0xca49da47bf40
0x41448e,0xca49da480980
0x414428,0xca49da48c1c0
0x414468,0x412e73cc98c0
0x41450f,0x412e73cd3548
0x414508,0xca49da47ed40
0x4145a2,0xca49da482740
0x414595,0x412e73ce0180
0x41452d,0xca49da486580
0x4144b6,0xca49da48b380
0x414588,0xca49da485700
0x414568,0xca49da4847c0
0x4144cd,0x412e73ce5100
0x4145be,0x412e73cd8980
0x41455c,0x412e73cccd80
0x4144b6,0xca49da48b540
0x41448e,0xca49da480d40
0x414440,0xca49da481c40
0x4144cd,0x412e73ce5300
0x414428,0xca49da48c640
0x414588,0xca49da485a80
0x4144f1,0xca49da4898c0
0x414551,0xca49da487a00
0x414458,0xca49da48d780
0x414508,0xca49da491340
0x414508,0xca49da491380
0x551432,0xca49da48e800
0x55146b,0x412e73cdbd80
0x4144e0,0xca49da488b80
0x414595,0x412e73ce08c0
0x41448e,0xca49da4931c0
0x414551,0xca49da487c40
0x41450f,0x412e73cd3d08
0x4144cd,0x412e73ce5700
0x414468,0x28e837ca5100
0x414551,0xca49da487cc0
0x414595,0x412e73ce0980
0x4145be,0x412e73cd8fc0
0x4145a2,0xca49da495100
0x4144b6,0xca49da48bc80
0x414468,0x28e837ca5300
0x4144a9,0xca49da4925c0
0x414540,0xca49da490980
0x55146b,0x412e73cdbf40
0x4145a2,0xca49da495240
0x41448e,0xca49da493540
0x414428,0xca49da48cd80
0x4144cd,0x412e73ce5a80
0x41452d,0xca49da499100
0x414595,0x412e73ce0d40
0x41450f,0x28e837c931c8
0x4145b3,0xca49da496400
0x414468,0x28e837ca5700
0x414458,0xca49da48dfc0
0x414440,0xca49da494700
0x55146b,0x28e837c87200
0x55146b,0x28e837c87280
0x551432,0xca49da4a10c0
0x414508,0xca49da491c40
0x4145be,0x28e837c94700
0x414458,0xca49da4a0180
0x41450f,0x28e837c93548
0x414551,0xca49da49a4c0
0x4145b3,0xca49da496740
0x414508,0xca49da491e00
0x414540,0xca49da490f80
0x4144f1,0xca49da49c500
0x414468,0x28e837ca5a80
0x414540,0xca49da4a3100
0x4144b6,0xca49da49e500
0x551432,0xca49da4a1180
0x4144a9,0xca49da492e80
0x41448e,0xca49da493d00
0x4144a9,0xca49da492ec0
0x414595,0x28e837c9a4c0
0x414579,0xca49da4a23c0
0x414588,0xca49da498980
0x4144a9,0xca49da4a5100
0x4145b3,0xca49da496c00
0x41455c,0x28e837c99100
0x55146b,0x28e837c87a00
0x55146b,0x28e837c87cc0
0x55146b,0x28e837c87c40
0x414440,0xca49da494f80
0x414458,0xca49da4a08c0
0x414579,0xca49da4a2740
0x4144a9,0xca49da4a5300
0x41450f,0x28e837c93d08
0x414458,0xca49da4a0980
0x4145be,0x28e837c94f80
0x41447b,0xca49da49dc40
0x4144b6,0xca49da49ebc0
0x4144e0,0xca49da49bd80
0x414440,0xca49da4a7200
0x41448e,0xca49da4a6380
0x414440,0xca49da4a7280
0x551432,0xca49da4a1c40
0x414588,0xca49da498fc0
0x41452d,0xca49da499f80
0x4144cd,0x28e837c98980
0x414508,0xca49da4a47c0
0x4144b6,0xca49da49ed40
0x4144e0,0xca49da49bf40
0x4144a9,0xca49da4a5700
0x41448e,0xca49da4a6580
0x414458,0xca49da4a0d40
0x41450f,0x28e837cac1c8
0x41452d,0xca49da4ac1c0
0x4145be,0x28e837cb6400
0x55146b,0x28e837cc23c0
0x414588,0xca49da4ab380
0x4144a9,0xca49da4a5a80
0x414428,0xca49da4b31c0
0x414588,0xca49da4ab540
0x4145be,0x28e837cb6740
0x4144b6,0xca49da4b1340
0x4144cd,0x28e837c98fc0
0x414579,0xca49da4b5100
0x4144b6,0xca49da4b1380
0x41450f,0x28e837cac648
0x41452d,0xca49da4ac640
0x414440,0xca49da4a7a00
0x55146b,0x28e837cc2740
0x414579,0xca49da4b5240
0x414595,0x28e837ccb380
0x4145b3,0xca49da4a98c0
0x414551,0xca49da4ad780
0x414428,0xca49da4b3540
0x414440,0xca49da4a7c40
0x4144e0,0xca49da4ae800
0x414595,0x28e837ccb540
0x414440,0xca49da4a7cc0
0x4144cd,0x28e837cd1340
0x41455c,0x28e837c99f80
0x4145a2,0xca49da4a8b80
0x4144cd,0x28e837cd1380
0x4145be,0x28e837cb6c00
0x551432,0xca49da4b25c0
0x414458,0xca49da4b4700
0x414540,0xca49da4b6400
0x41447b,0xca49da4b0980
0x41448e,0xca49da4b9100
0x414588,0xca49da4abc80
0x41452d,0xca49da4acd80
0x41450f,0x28e837cacd88
0x414540,0xca49da4b6740
0x4144b6,0xca49da4b1c40
0x414428,0xca49da4b3d00
0x414551,0xca49da4adfc0
0x414595,0x28e837ccbc80
0x4144b6,0xca49da4b1e00
0x41450f,0x28e837ce5108
0x414440,0xca49da4ba4c0
0x41447b,0xca49da4b0f80
0x4144e0,0xca49da4c10c0
0x551432,0xca49da4b2e80
0x551432,0xca49da4b2ec0
0x414551,0xca49da4c0180
0x4144cd,0x28e837cd1c40
0x4144e0,0xca49da4c1180
0x414540,0xca49da4b6c00
0x41450f,0x28e837ce5308
0x414458,0xca49da4b4f80
0x4144a9,0xca49da4b8980
0x41447b,0xca49da4c3100
0x4145b3,0xca49da4bc500
0x414428,0xca49da4c5100
0x4144cd,0x28e837cd1e00
0x414588,0xca49da4be500
0x4144f1,0xca49da4c23c0
0x414428,0xca49da4c5300
0x41450f,0x28e837ce5708
0x414579,0xca49da4c7200
0x414458,0xca49da4c6380
0x414579,0xca49da4c7280
0x4144f1,0xca49da4c2740
0x414458,0xca49da4c6580
0x4144a9,0xca49da4b8fc0
0x414551,0xca49da4c08c0
0x55146b,0x28e837ced780
0x414468,0x28e837cdbd80
0x414595,0x28e837cf25c0
0x414428,0xca49da4c5700
0x414551,0xca49da4c0980
0x4145be,0x28e837cddc40
0x4144b6,0xca49da4c47c0
0x41448e,0xca49da4b9f80
0x41450f,0x28e837ce5a88
0x414568,0xca49da4bdc40
0x414588,0xca49da4bebc0
0x414468,0x28e837cdbf40
0x4145a2,0xca49da4bbd80
0x41448e,0xca49da4cc1c0
0x414588,0xca49da4bed40
0x4144a9,0xca49da4cb380
0x4144e0,0xca49da4c1c40
0x4145a2,0xca49da4bbf40
0x414428,0xca49da4c5a80
0x414551,0xca49da4c0d40
0x4144a9,0xca49da4cb540
0x41455c,0x28e837cfe500
0x414579,0xca49da4c7a00
0x414540,0xca49da4c98c0
0x4144cd,0x28e837cf8980
0x414468,0x28e837d023c0
0x55146b,0x28e837cedfc0
0x551432,0xca49da4c8b80
0x414579,0xca49da4c7c40
0x41448e,0xca49da4cc640
0x414579,0xca49da4c7cc0
0x41450f,0xfdfd3a8c7208
0x414551,0xca49da4d31c0
0x414595,0x28e837cf2e80
0x41450f,0xfdfd3a8c7288
0x4144f1,0xca49da4d5100
0x414595,0x28e837cf2ec0
0x414588,0xca49da4d1340
0x414588,0xca49da4d1380
0x414468,0x28e837d02740
0x4144f1,0xca49da4d5240
0x414440,0xca49da4cd780
0x414458,0xca49da4d9100
0x4145be,0x28e837d047c0
0x41455c,0x28e837cfebc0
0x4144cd,0x28e837cf8fc0
0x41452d,0xca49da4d25c0
0x414551,0xca49da4d3540
0x4144a9,0xca49da4cbc80
0x41447b,0xca49da4d6400
0x4145a2,0xca49da4ce800
0x41455c,0x28e837cfed40
0x4144e0,0xca49da4d4700
0x551432,0xca49da4da4c0
0x414568,0xca49da4d0980
0x41448e,0xca49da4ccd80
0x41447b,0xca49da4d6740
0x41450f,0xfdfd3a8c7a08
0x4144cd,0xfdfd3a8da4c0
0x414595,0xfdfd3a8d4700
0x41455c,0xfdfd3a8e0180
0x414540,0xca49da4dc500
0x414588,0xca49da4d1c40
0x41450f,0xfdfd3a8c7c48
0x414440,0xca49da4cdfc0
0x414428,0xca49da4d8980
0x41450f,0xfdfd3a8c7cc8
0x414551,0xca49da4d3d00
0x414588,0xca49da4d1e00
0x414440,0xca49da4e0180
0x41447b,0xca49da4d6c00
0x4144a9,0xca49da4de500
0x41452d,0xca49da4d2e80
0x414568,0xca49da4d0f80
0x41452d,0xca49da4d2ec0
0x4145a2,0xca49da4e10c0
0x4145a2,0xca49da4e1180
0x414568,0xca49da4e3100
0x4144e0,0xca49da4d4f80
0x41452d,0xca49da4e5100
0x4145be,0xfdfd3a8e6380
0x4145b3,0xca49da4e23c0
0x414579,0xca49da4dbd80
0x414428,0xca49da4d8fc0
0x41455c,0xfdfd3a8e08c0
0x4144e0,0xca49da4e7200
0x414458,0xca49da4d9f80
0x41452d,0xca49da4e5300
0x4145be,0xfdfd3a8e6580
0x414595,0xfdfd3a8d4f80
0x41455c,0xfdfd3a8e0980
0x4144e0,0xca49da4e7280
0x55146b,0xfdfd3a8f6400
0x414468,0xfdfd3a8e47c0
0x414551,0xca49da4e6380
0x414508,0xca49da4ddc40
0x414579,0xca49da4dbf40
0x4144a9,0xca49da4debc0
0x414440,0xca49da4e08c0
0x414458,0xca49da4ec1c0
0x4145b3,0xca49da4e2740
0x414440,0xca49da4e0980
0x414551,0xca49da4e6580
0x414428,0xca49da4eb380
0x4144a9,0xca49da4ded40
0x4144cd,0xfdfd3a9010c0
0x41452d,0xca49da4e5700
0x41455c,0xfdfd3a8e0d40
0x414588,0xca49da4e47c0
0x55146b,0xfdfd3a8f6740
0x4144cd,0xfdfd3a901180
0x41450f,0xfdfd3a8ee808
0x414428,0xca49da4eb540
0x414595,0xfdfd3a8fa4c0
0x414440,0xca49da4e0d40
0x414458,0xca49da4ec640
0x4145a2,0xca49da4e1c40
0x41452d,0xca49da4e5a80
0x41447b,0xca49da4e98c0
0x4144e0,0xca49da4e7a00
0x551432,0xca49da4ed780
0x55146b,0xfdfd3a8f6c00
0x4144a9,0xca49da4f1340
0x4144a9,0xca49da4f1380
0x414579,0xca49da4ee800
0x4144f1,0xca49da4e8b80
0x4144e0,0xca49da4e7c40
0x4144e0,0xca49da4e7cc0
0x414440,0xca49da4f31c0
0x414428,0xca49da4ebc80
0x4145b3,0xca49da4f5100
0x41448e,0xca49da4f25c0
0x4145b3,0xca49da4f5240
0x414458,0xca49da4ecd80
0x414508,0xca49da4f0980
0x414551,0xca49da4f9100
0x414440,0xca49da4f3540
0x414468,0xa21321925c0
0x41455c,0xa213218e800
0x4144cd,0xfdfd3a901c40
0x551432,0xca49da4edfc0
0x414568,0xca49da4f6400
0x4145be,0xa2132194700
0x41450f,0xa213219c508
0x4145a2,0xca49da4f4700
0x4144a9,0xca49da4f1c40
0x4144e0,0xca49da4fa4c0
0x414568,0xca49da4f6740
0x551432,0xca49da5010c0
0x551432,0xca49da501180
0x55146b,0xa21321a47c0
0x414579,0xca49da500180
0x41447b,0xca49da4fc500
0x4144a9,0xca49da4f1e00
0x414508,0xca49da4f0f80
0x414428,0xca49da4fe500
0x414508,0xca49da503100
0x41448e,0xca49da4f2e80
0x414440,0xca49da4f3d00
0x41452d,0xca49da4f8980
0x41448e,0xca49da4f2ec0
0x414540,0xca49da5023c0
0x414468,0xa2132192e80
0x414468,0xa2132192ec0
0x41455c,0xa21321b5100
0x414568,0xca49da4f6c00
0x41448e,0xca49da505100
0x41455c,0xa21321b5240
0x414595,0xa21321a98c0
0x414468,0xa21321b9100
0x4145be,0xa2132194f80
0x4145a2,0xca49da4f4f80
0x414540,0xca49da502740
0x414579,0xca49da5008c0
0x41448e,0xca49da505300
0x414579,0xca49da500980
0x414428,0xca49da4febc0
0x4144b6,0xca49da4fdc40
0x4144f1,0xca49da4fbd80
0x41452d,0xca49da4f8fc0
0x414440,0xca49da506380
0x4145a2,0xca49da507200
0x414551,0xca49da4f9f80
0x414428,0xca49da4fed40
0x4145a2,0xca49da507280
0x4144f1,0xca49da4fbf40
0x41450f,0xa21321c3108
0x4144a9,0xca49da5047c0
0x551432,0xca49da501c40
0x414440,0xca49da506580
0x41448e,0xca49da505700
0x414579,0xca49da500d40
0x414551,0xca49da50c1c0
0x41452d,0xca49da50b380
0x41452d,0xca49da50b540
0x55146b,0xa21321cb380
0x55146b,0xa21321cb540
0x41448e,0xca49da505a80
0x414428,0xca49da511340
0x414428,0xca49da511380
0x414579,0xca49da5131c0
0x414551,0xca49da50c640
0x414540,0xca49da515100
0x414568,0xca49da5098c0
0x4145a2,0xca49da507a00
0x4144e0,0xca49da50d780
0x414540,0xca49da515240
0x414458,0xca49da5125c0
0x4144f1,0xca49da50e800
0x4144cd,0xa21321d6400
0x4145b3,0xca49da508b80
0x414579,0xca49da513540
0x4145a2,0xca49da507c40
0x4145a2,0xca49da507cc0
0x4145be,0xa21321bbd80
0x414468,0xa21321b9f80
0x414508,0xca49da516400
0x4144b6,0xca49da510980
0x41452d,0xca49da50bc80
0x551432,0xca49da514700
0x55146b,0xa21321cbc80
0x4145be,0xa21321bbf40
0x4144cd,0xa21321d6740
0x414595,0xa21321d0980
0x414468,0xa21321e0180
0x414551,0xca49da50cd80
0x41455c,0xa21321dc500
0x414428,0xca49da511c40
0x414508,0xca49da516740
0x4144e0,0xca49da50dfc0
0x414428,0xca49da511e00
0x414588,0x8ec426c6c1c0
0x4145be,0xa21321e23c0
0x414458,0xca49da512e80
0x4144b6,0xca49da510f80
0x4144cd,0xa21321d6c00
0x414579,0xca49da513d00
0x414458,0xca49da512ec0
0x414568,0x8ec426c6b380
0x414595,0xa21321d0f80
0x414508,0xca49da516c00
0x414568,0x8ec426c6b540
0x551432,0xca49da514f80
0x551432,0x8ec426c75100
0x55146b,0xa21321f25c0
0x414428,0x8ec426c731c0
0x414468,0xa21321e08c0
0x4145be,0xa21321e2740
0x414440,0xb207126a98c0
0x41447b,0x8ec426c71340
0x41447b,0x8ec426c71380
0x414468,0xa21321e0980
0x414588,0x8ec426c6c640
0x41448e,0xb207126a8b80
0x4145a2,0x8ec426c698c0
0x41452d,0x8ec426c6d780
0x551432,0x8ec426c75240
0x414428,0x8ec426c73540
0x4144b6,0x8ec426c725c0
0x414551,0x8ec426c6e800
0x414579,0x8ec426c76400
0x414468,0xa21321e0d40
0x414458,0x8ec426c74700
0x4144a9,0x8ec426c79100
0x41455c,0xa2132203100
0x4144f1,0x8ec426c70980
0x414568,0x8ec426c6bc80
0x414579,0x8ec426c76740
0x414588,0x8ec426c6cd80
0x414468,0xa2132207200
0x41447b,0x8ec426c71c40
0x414468,0xa2132207280
0x55146b,0xa21321f2e80
0x55146b,0xa21321f2ec0
0x55146b,0xa2132219100
0x41452d,0x8ec426c6dfc0
0x41448e,0x8ec426c7a4c0
0x414428,0x8ec426c73d00
0x41447b,0x8ec426c71e00
0x414579,0x8ec426c76c00
0x4144b6,0x8ec426c72e80
0x4144f1,0x8ec426c70f80
0x4144b6,0x8ec426c72ec0
0x414551,0x8ec426c810c0
0x414508,0x8ec426c78980
0x41452d,0x8ec426c80180
0x414551,0x8ec426c81180
0x4144cd,0xa21321fdc40
0x4144f1,0x8ec426c83100
0x414458,0x8ec426c74f80
0x4145a2,0x8ec426c7c500
0x41450f,0xa2132211348
0x41450f,0xa2132211388
0x4144b6,0x8ec426c85100
0x414568,0x8ec426c7e500
0x4144e0,0x8ec426c823c0
0x4144b6,0x8ec426c85300
0x414468,0xa2132207a00
0x414428,0x8ec426c86380
0x4145be,0xa21322098c0
0x551432,0x8ec426c87200
0x551432,0x8ec426c87280
0x414508,0x8ec426c78fc0
0x4144e0,0x8ec426c82740
0x414468,0xa2132207c40
0x414428,0x8ec426c86580
0x41452d,0x8ec426c808c0
0x414468,0xa2132207cc0
0x414595,0xa213221e500
0x4144a9,0x8ec426c79f80
0x41452d,0x8ec426c80980
0x4144b6,0x8ec426c85700
0x41447b,0x8ec426c847c0
0x414440,0x8ec426c7bd80
0x414568,0x8ec426c7ebc0
0x4145b3,0x8ec426c7dc40
0x4144a9,0x8ec426c8c1c0
0x414508,0x8ec426c8b380
0x414440,0x8ec426c7bf40
0x414568,0x8ec426c7ed40
0x41450f,0xa2132211c48
0x414551,0x8ec426c81c40
0x4144b6,0x8ec426c85a80
0x414508,0x8ec426c8b540
0x41452d,0x8ec426c80d40
0x414579,0x8ec426c898c0
0x4144cd,0xa21322247c0
0x41450f,0xa2132211e08
0x551432,0x8ec426c87a00
0x55146b,0xa2132219f80
0x414458,0x8ec426c88b80
0x4144a9,0x8ec426c8c640
0x414595,0xa213221ebc0
0x414595,0xa213221ed40
0x41452d,0x8ec426c931c0
0x4144e0,0x8ec426c95100
0x414568,0x8ec426c91340
0x551432,0x8ec426c87c40
0x551432,0x8ec426c87cc0
0x55146b,0xa2132240180
0x414568,0x8ec426c91380
0x41448e,0x8ec426c8d780
0x4144e0,0x8ec426c95240
0x414428,0x8ec426c99100
0x414468,0xa213222e800
0x414440,0x8ec426c8e800
0x414508,0x8ec426c8bc80
0x414595,0xa2132245100
0x41452d,0x8ec426c93540
0x414588,0x8ec426c925c0
0x4144f1,0x8ec426c96400
0x414595,0xa2132245300
0x4144a9,0x8ec426c8cd80
0x4145be,0xa2132230980
0x414551,0x8ec426c94700
0x4145b3,0x8ec426c90980
0x414458,0x8ec426c9a4c0
0x4144f1,0x8ec426c96740
0x41450f,0xa2132238988
0x4144cd,0xa213224b380
0x551432,0x8ec426c9c500
0x55146b,0xa21322408c0
0x55146b,0xa2132240980
0x41448e,0x8ec426c8dfc0
0x414595,0xa2132245700
0x414568,0x8ec426c91c40
0x4144cd,0xa213224b540
0x4144b6,0x8ec426c98980
0x41448e,0x8ec426ca0180
0x414568,0x8ec426c91e00
0x414508,0x8ec426c9e500
0x41452d,0x8ec426c93d00
0x414468,0xa2132255100
0x414440,0x8ec426ca10c0
0x41455c,0xa2132251340
0x4145be,0xa2132230f80
0x41455c,0xa2132251380
0x4144f1,0x8ec426c96c00
0x55146b,0xa2132240d40
0x414440,0x8ec426ca1180
0x414588,0x8ec426c92e80
0x4145b3,0x8ec426c90f80
0x414588,0x8ec426c92ec0
0x414595,0xa2132245a80
0x414468,0xa2132255240
0x4145b3,0x8ec426ca3100
0x41450f,0xa2132238fc8
0x414551,0x8ec426c94f80
0x414588,0x8ec426ca5100
0x55146b,0xa2132267200
0x55146b,0xa2132267280
0x4145a2,0x8ec426ca23c0
0x4144b6,0x8ec426c98fc0
0x414428,0x8ec426c99f80
0x414579,0x8ec426c9bd80
0x4144cd,0xa213224bc80
0x414551,0x8ec426ca7200
0x414588,0x8ec426ca5300
0x414540,0x8ec426c9dc40
0x414551,0x8ec426ca7280
0x41452d,0x8ec426ca6380
0x414508,0x8ec426c9ebc0
0x41448e,0x8ec426ca08c0
0x414579,0x8ec426c9bf40
0x41448e,0x8ec426ca0980
0x414428,0x8ec426cac1c0
0x414508,0x8ec426c9ed40
0x4145a2,0x8ec426ca2740
0x41452d,0x8ec426ca6580
0x414595,0xa213226c1c0
0x4144b6,0x8ec426cab380
0x41455c,0xa2132251c40
0x414588,0x8ec426ca5700
0x414568,0x8ec426ca47c0
0x4144b6,0x8ec426cab540
0x41455c,0xa2132251e00
0x41448e,0x8ec426ca0d40
0x414440,0x8ec426ca1c40
0x55146b,0xa2132267a00
0x414428,0x8ec426cac640
0x414588,0x8ec426ca5a80
0x414595,0xa213226c640
0x4144f1,0x8ec426ca98c0
0x414551,0x8ec426ca7a00
0x414458,0x8ec426cad780
0x414508,0x8ec426cb1340
0x414508,0x8ec426cb1380
0x4144cd,0xa21322725c0
0x4144e0,0x8ec426ca8b80
0x55146b,0xa2132267c40
0x55146b,0xa2132267cc0
0x41448e,0x8ec426cb31c0
0x414551,0x8ec426ca7c40
0x414579,0x8ec426cae800
0x414551,0x8ec426ca7cc0
0x4144b6,0x8ec426cabc80
0x4145a2,0x8ec426cb5100
0x4144a9,0x8ec426cb25c0
0x414540,0x8ec426cb0980
0x41448e,0x8ec426cb3540
0x4145a2,0x8ec426cb5240
0x414428,0x8ec426cacd80
0x41452d,0x8ec426cb9100
0x414468,0xa213227c500
0x414595,0xa213226cd80
0x4145b3,0x8ec426cb6400
0x4145be,0xa213227e500
0x414458,0x8ec426cadfc0
0x41455c,0xa2132278980
0x41450f,0xa2132286388
0x414440,0x8ec426cb4700
0x551432,0x8ec426cc10c0
0x414508,0x8ec426cb1c40
0x4144cd,0xa2132272e80
0x4144cd,0xa2132272ec0
0x414458,0x8ec426cc0180
0x414551,0x8ec426cba4c0
0x41450f,0xa2132286588
0x414595,0xa21322931c0
0x4145b3,0x8ec426cb6740
0x414508,0x8ec426cb1e00
0x414540,0x8ec426cb0f80
0x4144f1,0x8ec426cbc500
0x4144cd,0xa2132299100
0x414540,0x8ec426cc3100
0x4144b6,0x8ec426cbe500
0x551432,0x8ec426cc1180
0x55146b,0xa213228e800
0x4144a9,0x8ec426cb2e80
0x41448e,0x8ec426cb3d00
0x4144a9,0x8ec426cb2ec0
0x414579,0x8ec426cc23c0
0x414588,0x8ec426cb8980
0x414595,0xa2132293540
0x4145be,0xa213227ebc0
0x41455c,0xa2132278fc0
0x4144a9,0x8ec426cc5100
0x4145b3,0x8ec426cb6c00
0x4145be,0xa213227ed40
0x414440,0x8ec426cb4f80
0x414579,0x8ec426cc2740
0x414458,0x8ec426cc08c0
0x4144a9,0x8ec426cc5300
0x414458,0x8ec426cc0980
0x414468,0xa21322a3100
0x41447b,0x8ec426cbdc40
0x4144b6,0x8ec426cbebc0
0x4144e0,0x8ec426cbbd80
0x414440,0x8ec426cc7200
0x41448e,0x8ec426cc6380
0x4145be,0xa21322a5100
0x414440,0x8ec426cc7280
0x414588,0x8ec426cb8fc0
0x551432,0x8ec426cc1c40
0x55146b,0xa21322b5100
0x41452d,0x8ec426cb9f80
0x4144b6,0x8ec426cbed40
0x414508,0x8ec426cc47c0
0x4144e0,0x8ec426cbbf40
0x4144a9,0x8ec426cc5700
0x41448e,0x8ec426cc6580
0x414458,0x8ec426cc0d40
0x4145be,0xa21322a5300
0x414595,0xa2132293d00
0x41452d,0x8ec426ccc1c0
0x414588,0x8ec426ccb380
0x55146b,0xa21322b5240
0x4144a9,0x8ec426cc5a80
0x414588,0x8ec426ccb540
0x4145be,0xa21322a5700
0x4144cd,0xa2132299f80
0x4144b6,0x8ec426cd1340
0x414579,0x8ec426cd5100
0x4144b6,0x8ec426cd1380
0x41452d,0x8ec426ccc640
0x414440,0x8ec426cc7a00
0x551432,0x8ec426cd31c0
0x414579,0x8ec426cd5240
0x4145b3,0x8ec426cc98c0
0x41450f,0xa21322ad788
0x4144cd,0xa21322c0180
0x414551,0x8ec426ccd780
0x4145be,0xa21322a5a80
0x414595,0xa21322ba4c0
0x414440,0x8ec426cc7c40
0x414428,0x8ec426cd25c0
0x4144e0,0x8ec426cce800
0x414440,0x8ec426cc7cc0
0x4145a2,0x8ec426cc8b80
0x414540,0x8ec426cd6400
0x414458,0x8ec426cd4700
0x551432,0x8ec426cd3540
0x41447b,0x8ec426cd0980
0x41448e,0x8ec426cd9100
0x414588,0x8ec426ccbc80
0x41455c,0xa21322c6380
0x41452d,0x8ec426cccd80
0x414540,0x8ec426cd6740
0x4144b6,0x8ec426cd1c40
0x4144cd,0xa21322c08c0
0x41455c,0xa21322c6580
0x4144cd,0xa21322c0980
0x4145be,0xa21322cc1c0
0x41450f,0xa21322adfc8
0x414551,0x8ec426ccdfc0
0x4144b6,0x8ec426cd1e00
0x414440,0x8ec426cda4c0
0x41447b,0x8ec426cd0f80
0x414428,0x8ec426cd2e80
0x4144e0,0x8ec426ce10c0
0x414428,0x8ec426cd2ec0
0x414551,0x8ec426ce0180
0x551432,0x8ec426cd3d00
0x414540,0x8ec426cd6c00
0x4144e0,0x8ec426ce1180
0x4144a9,0x8ec426cd8980
0x41447b,0x8ec426ce3100
0x414458,0x8ec426cd4f80
0x4144cd,0xa21322c0d40
0x4145b3,0x8ec426cdc500
0x414428,0x8ec426ce5100
0x4145be,0xa21322cc640
0x414588,0x8ec426cde500
0x414595,0xa21322e10c0
0x4144f1,0x8ec426ce23c0
0x414595,0xa21322e1180
0x55146b,0xa21322dc500
0x414428,0x8ec426ce5300
0x414579,0x8ec426ce7200
0x41450f,0xa21322d4708
0x414458,0x8ec426ce6380
0x414579,0x8ec426ce7280
0x4144cd,0xa21322e7200
0x4144cd,0xa21322e7280
0x4144f1,0x8ec426ce2740
0x414458,0x8ec426ce6580
0x4144a9,0x8ec426cd8fc0
0x414551,0x8ec426ce08c0
0x414428,0x8ec426ce5700
0x414551,0x8ec426ce0980
0x4144b6,0x8ec426ce47c0
0x41448e,0x8ec426cd9f80
0x414568,0x8ec426cddc40
0x414588,0x8ec426cdebc0
0x4145be,0xa21322ccd80
0x4145a2,0x8ec426cdbd80
0x41448e,0x8ec426cec1c0
0x414588,0x8ec426cded40
0x4144a9,0x8ec426ceb380
0x4144e0,0x8ec426ce1c40
0x4145a2,0x8ec426cdbf40
0x414428,0x8ec426ce5a80
0x414551,0x8ec426ce0d40
0x4144a9,0x8ec426ceb540
0x414579,0x8ec426ce7a00
0x414540,0x8ec426ce98c0
0x414468,0xa21322f1340
0x41450f,0xa21322d4f88
0x4145be,0xa21322f31c0
0x414468,0xa21322f1380
0x4144cd,0xa21322e7a00
0x414595,0xa21322e1c40
0x551432,0x8ec426ce8b80
0x55146b,0xa2132303100
0x41448e,0x8ec426cec640
0x414579,0x8ec426ce7c40
0x41455c,0xa21322ed780
0x414579,0x8ec426ce7cc0
0x414551,0x8ec426cf31c0
0x4144cd,0xa21322e7c40
0x4144f1,0x8ec426cf5100
0x4144cd,0xa21322e7cc0
0x414588,0x8ec426cf1340
0x4145be,0xa21322f3540
0x414588,0x8ec426cf1380
0x4144f1,0x8ec426cf5240
0x414440,0x8ec426ced780
0x414458,0x8ec426cf9100
0x41452d,0x8ec426cf25c0
0x414551,0x8ec426cf3540
0x4144a9,0x8ec426cebc80
0x4145a2,0x8ec426cee800
0x41447b,0x8ec426cf6400
0x4144e0,0x8ec426cf4700
0x414468,0xa21322f1c40
0x414568,0x8ec426cf0980
0x41448e,0x8ec426cecd80
0x551432,0x8ec426cfa4c0
0x41447b,0x8ec426cf6740
0x41455c,0xa21322edfc0
0x414468,0xa21322f1e00
0x4145be,0xa21322f3d00
0x414540,0x8ec426cfc500
0x414588,0x8ec426cf1c40
0x414440,0x8ec426cedfc0
0x414428,0x8ec426cf8980
0x41450f,0xa21322fbd88
0x414551,0x8ec426cf3d00
0x414588,0x8ec426cf1e00
0x414440,0x8ec426d00180
0x41447b,0x8ec426cf6c00
0x4144cd,0xa213230e800
0x4144a9,0x8ec426cfe500
0x414568,0x8ec426cf0f80
0x41452d,0x8ec426cf2e80
0x4145a2,0x8ec426d010c0
0x41452d,0x8ec426cf2ec0
0x41450f,0xa21322fbf48
0x414595,0xa2132308b80
0x4145a2,0x8ec426d01180
0x414568,0x8ec426d03100
0x4144e0,0x8ec426cf4f80
0x41455c,0xa2132314700
0x41452d,0x8ec426d05100
0x4145b3,0x8ec426d023c0
0x414579,0x8ec426cfbd80
0x4145be,0xa213231a4c0
0x414428,0x8ec426cf8fc0
0x414458,0x8ec426cf9f80
0x4144e0,0x8ec426d07200
0x41452d,0x8ec426d05300
0x4144e0,0x8ec426d07280
0x41450f,0xa21323223c8
0x414551,0x8ec426d06380
0x414508,0x8ec426cfdc40
0x414579,0x8ec426cfbf40
0x4144a9,0x8ec426cfebc0
0x414440,0x8ec426d008c0
0x414458,0x8ec426d0c1c0
0x414468,0xa2132318980
0x4145b3,0x8ec426d02740
0x414440,0x8ec426d00980
0x414551,0x8ec426d06580
0x414428,0x8ec426d0b380
0x4144a9,0x8ec426cfed40
0x41452d,0x8ec426d05700
0x4144cd,0xa2132335100
0x41450f,0xa2132322748
0x414588,0x8ec426d047c0
0x414428,0x8ec426d0b540
0x4144cd,0xa2132335240
0x41455c,0xa2132314f80
0x414440,0x8ec426d00d40
0x414458,0x8ec426d0c640
0x4145a2,0x8ec426d01c40
0x41452d,0x8ec426d05a80
0x41447b,0x8ec426d098c0
0x4144e0,0x8ec426d07a00
0x551432,0x8ec426d0d780
0x414468,0xa2132318fc0
0x4144a9,0x8ec426d11340
0x414579,0x8ec426d0e800
0x4144a9,0x8ec426d11380
0x4144f1,0x8ec426d08b80
0x4144e0,0x8ec426d07c40
0x4144e0,0x8ec426d07cc0
0x414440,0x8ec426d131c0
0x4145be,0xa21323410c0
0x4145be,0xa2132341180
0x414428,0x8ec426d0bc80
0x4145b3,0x8ec426d15100
0x41448e,0x8ec426d125c0
0x4145b3,0x8ec426d15240
0x414458,0x8ec426d0cd80
0x414508,0x8ec426d10980
0x414551,0x8ec426d19100
0x414440,0x8ec426d13540
0x551432,0x8ec426d0dfc0
0x55146b,0xa2132351340
0x55146b,0xa2132351380
0x414568,0x8ec426d16400
0x4145a2,0x8ec426d14700
0x414458,0x8ec426d20180
0x4144a9,0x8ec426d11c40
0x414579,0x8ec426d210c0
0x4144e0,0x8ec426d1a4c0
0x414568,0x8ec426d16740
0x414579,0x8ec426d21180
0x41447b,0x8ec426d1c500
0x41455c,0xa213233bd80
0x4144a9,0x8ec426d11e00
0x414508,0x8ec426d10f80
0x414595,0xa2132356400
0x41450f,0xa21323498c8
0x414508,0x8ec426d23100
0x41455c,0xa213233bf40
0x414440,0x8ec426d13d00
0x41452d,0x8ec426d18980
0x41448e,0x8ec426d12e80
0x41448e,0x8ec426d12ec0
0x4145be,0xa2132341c40
0x414540,0x8ec426d223c0
0x551432,0x8ec426d1e500
0x414568,0x8ec426d16c00
0x4144cd,0xa213235c500
0x414595,0xa2132356740
0x41448e,0x8ec426d25100
0x414458,0x8ec426d208c0
0x414458,0x8ec426d20980
0x4145a2,0x8ec426d14f80
0x41455c,0xa21323623c0
0x414540,0x8ec426d22740
0x41448e,0x8ec426d25300
0x55146b,0xa2132351c40
0x55146b,0xa2132351e00
0x4144b6,0x8ec426d1dc40
0x4144f1,0x8ec426d1bd80
0x414468,0xa2132366380
0x41452d,0x8ec426d18fc0
0x414440,0x8ec426d26380
0x414595,0xa2132356c00
0x4145a2,0x8ec426d27200
0x414551,0x8ec426d19f80
0x4145a2,0x8ec426d27280
0x414458,0x8ec426d20d40
0x4144f1,0x8ec426d1bf40
0x41455c,0xa2132362740
0x4144a9,0x8ec426d247c0
0x414579,0x8ec426d21c40
0x414468,0xa2132366580
0x4189fe,0x6c6f1e6601a0
0x418b3f,0xa2132376400
0x4194d7,0xa2132370998
0x419998,0xa2132361c40
0x41b5cc,0xca49da3c1c48
0x419615,0xa2132365a80
0x418a95,0xa21323698c0
0x41a73b,0x8ec426d325c0
0x419aa1,0xa213236d780
0x41b181,0xca49da3c5a80
0x41a291,0xa2132371340
0x419247,0x6c6f1e65c500
0x41a291,0xa2132371380
0x41b335,0x6c6f1e66dfc0
0x419a83,0xa213236dfc0
0x41aece,0xca49da3c7a00
0x418e42,0x8ad3301cc1c0
0x418bf2,0xa2132381c40
0x41903c,0x8ad3301c10c0
0x41a249,0xa2132371c40
0x419824,0x6c6f1e65e500
0x419261,0xa2132360d40
0x418b3f,0xa2132376740
0x41b2fa,0x6c6f1e6608c0
0x41903c,0x8ad3301c1180
0x419da5,0xa2132368b80
0x418b52,0x8ec426d30988
0x418b77,0xa213237dc40
0x41b2fa,0x6c6f1e660980
0x4197b6,0xa2132376c00
0x41aece,0xca49da3c7c40
0x41a249,0xa2132371e00
0x4194ba,0x6c6f1e65dc40
0x418b09,0xa213237ebc0
0x418bb8,0x8ec426d31c40
0x41aece,0xca49da3c7cc0
0x41996a,0x6c6f1e6698c0
0x418cc3,0x8ec426d35100
0x4194e7,0xa2132370f80
0x419981,0x6c6f1e65ebc0
0x418b09,0xa213237ed40
0x418cc3,0x8ec426d35240
0x418bb8,0x8ec426d31e00
0x41901e,0x8ad3301c1c40
0x41abc4,0x8ec426d33d00
0x418e42,0x8ad3301cc640
0x419615,0x6c6f1e675100
0x419cad,0x8ad3301c98c0
0x419981,0x6c6f1e65ed40
0x41b2fa,0x6c6f1e660d40
0x418ab4,0xa213237bd80
0x418c1a,0x8ec426d39100
0x419615,0x6c6f1e675240
0x41b3ba,0x8ec426d36400
0x4197b6,0x8ad3301d5100
0x418b5f,0x8ec426d30f80
0x41a73b,0x8ec426d32e80
0x418ab4,0xa213237bf40
0x41922d,0x6c6f1e668b80
0x41a73b,0x8ec426d32ec0
0x41931b,0x8ad3301d25c0
0x419a83,0x8ad3301ce800
0x418f3a,0x6c6f1e6725c0
0x4197b6,0x8ad3301d5240
0x419d7a,0x6c6f1e6810c0
0x41b5d1,0x8ec426d34700
0x418b09,0x8ad3301d31c0
0x418b77,0x8ad3301d1340
0x418b71,0x8ad3301d1388
0x419981,0x6c6f1e683100
0x419d9b,0x6c6f1e671348
0x419d7a,0x6c6f1e681180
0x419da5,0x6c6f1e671380
0x418f51,0x6c6f1e670980
0x418c31,0x8ad3301cd780
0x41b3ba,0x8ec426d36740
0x41aece,0x8ec426d3a4c0
0x4194ba,0x6c6f1e67c500
0x418e42,0x8ad3301ccd80
0x418b09,0x8ad3301d3540
0x41abc4,0x8ec426d3c500
0x419cad,0x8ad3301e3100
0x41a249,0x8ad3301d0980
0x41a73b,0x8ec426d3e500
0x41b181,0x8ec426d38980
0x41b3ba,0x8ec426d36c00
0x418ab4,0x8ad3301d4700
0x418f51,0x6c6f1e670f80
0x41b2fa,0x6c6f1e6847c0
0x41931b,0x8ad3301d2e80
0x418f3a,0x6c6f1e672e80
0x41931b,0x8ad3301d2ec0
0x41b5d1,0x8ec426d34f80
0x418f3a,0x6c6f1e672ec0
0x418b77,0x8ad3301d1c40
0x418e42,0x8ad3301e6380
0x418c8a,0x8ad3301e5100
0x419da5,0x6c6f1e671c40
0x418c31,0x8ad3301cdfc0
0x41b315,0x6c6f1e67dc40
0x418cc3,0x8ec426d410c0
0x41996a,0x6c6f1e6898c0
0x41b5d1,0x8ec426d40180
0x418b77,0x8ad3301d1e00
0x418cc3,0x8ec426d41180
0x419da5,0x6c6f1e671e00
0x418e42,0x8ad3301e6580
0x41a249,0x8ad3301d0f80
0x418b09,0x8ad3301d3d00
0x418bb8,0x8ec426d3bd80
0x418c8a,0x8ad3301e5300
0x419d7a,0x6c6f1e681c40
0x418b52,0x8ec426d3dc48
0x419227,0x6c6f1e68e808
0x41b176,0x8ec426d38fc8
0x418c1a,0x8ec426d39f80
0x418c31,0x8ad3301e7200
0x418c5a,0x8ec426d43100
0x41a73b,0x8ec426d3ebc0
0x419615,0x6c6f1e695100
0x418c31,0x8ad3301e7280
0x41931b,0x8ad3301eb380
0x418bb8,0x8ec426d3bf40
0x41901e,0x8ad3301dbd80
0x418c1a,0x8ec426d45100
0x419615,0x6c6f1e695240
0x41a73b,0x8ec426d3ed40
0x41b3ba,0x8ec426d423c0
0x41931b,0x8ad3301eb540
0x41901e,0x8ad3301dbf40
0x418a9c,0x8ad3301d4f88
0x418c10,0x8ec426d45308
0x418c7f,0x8ad3301e5708
0x418f3a,0x6c6f1e6925c0
0x418bb8,0x8ec426d47200
0x419d7a,0x6c6f1e6a10c0
0x418b09,0x8ad3301ec1c0
0x418bb8,0x8ec426d47280
0x419da5,0x6c6f1e691340
0x41901e,0x8ad3301f5100
0x419d7a,0x6c6f1e6a1180
0x419da5,0x6c6f1e691380
0x41aece,0x8ec426d46380
0x418f51,0x6c6f1e690980
0x41b3ba,0x8ec426d42740
0x41b5d1,0x8ec426d408c0
0x41901e,0x8ad3301f5240
0x41b5d1,0x8ec426d40980
0x4194ba,0x6c6f1e69c500
0x418c8a,0x8ad3301e5a80
0x419a83,0x8ad3301e8b80
0x41aece,0x8ec426d46580
0x419981,0x6c6f1e6a23c0
0x41a249,0x8ad3301ed780
0x418c1a,0x8ec426d45700
0x41b181,0x8ec426d447c0
0x418c31,0x8ad3301e7a00
0x418bf2,0x8ad3301e98c0
0x418ac7,0x8ec426d4b380
0x418b09,0x8ad3301ec640
0x418cc3,0x8ec426d41c40
0x41931b,0x8ad3301ebc80
0x418ac7,0x8ec426d4b540
0x418c31,0x8ad3301e7c40
0x41b5d1,0x8ec426d40d40
0x418c31,0x8ad3301e7cc0
0x419981,0x6c6f1e6a2740
0x418c10,0x8ec426d45a88
0x418e42,0x8ad330200180
0x418f51,0x6c6f1e690f80
0x41b2fa,0x6c6f1e6a47c0
0x418ab4,0x8ad3301ee800
0x418bb8,0x8ec426d47a00
0x418b5f,0x8ec426d498c0
0x418f3a,0x6c6f1e692e80
0x418f3a,0x6c6f1e692ec0
0x419cad,0x8ad3301fe500
0x419da5,0x6c6f1e691c40
0x41b315,0x6c6f1e69dc40
0x418bb8,0x8ec426d47c40
0x41996a,0x6c6f1e6a98c0
0x41abc4,0x8ec426d48b80
0x41931b,0x8ad330205100
0x418ba6,0x8ec426d47cc8
0x418c2c,0x8ad3302010c8
0x41b5cc,0x8ec426d4c1c8
0x419a83,0x8ad3302023c0
0x419da5,0x6c6f1e691e00
0x418c31,0x8ad330201180
0x419d7a,0x6c6f1e6a1c40
0x41a249,0x8ad3301edfc0
0x41922d,0x6c6f1e6ae800
0x418b09,0x8ad3301ecd80
0x419615,0x6c6f1e6b5100
0x418bf2,0x8ad330203100
0x41931b,0x8ad330205300
0x418ac7,0x8ec426d4bc80
0x419615,0x6c6f1e6b5240
0x418e42,0x8ad3302008c0
0x419a83,0x8ad330202740
0x41b5d1,0x8ec426d4c640
0x418e42,0x8ad330200980
0x419cad,0x8ad3301febc0
0x41a249,0x8ad330206380
0x418f3a,0x6c6f1e6b25c0
0x418bb8,0x8ec426d531c0
0x418c1a,0x8ec426d51340
0x418c1a,0x8ec426d51380
0x418b09,0x8ad330207200
0x418b5f,0x8ec426d55100
0x419da5,0x6c6f1e6b1340
0x41931b,0x8ad330205700
0x419da5,0x6c6f1e6b1380
0x419cad,0x8ad3301fed40
0x418b09,0x8ad330207280
0x418cc3,0x8ec426d4d780
0x418f51,0x6c6f1e6b0980
0x41a249,0x8ad330206580
0x418b5f,0x8ec426d55240
0x41b3ba,0x8ec426d4e800
0x4194ba,0x6c6f1e6bc500
0x418e42,0x8ad330200d40
0x41b2fa,0xd79e62a51340
0x418bb8,0x8ec426d53540
0x41aece,0x8ec426d525c0
0x41b2fa,0xd79e62a51380
0x41931b,0x8ad330205a80
0x41a73b,0x8ec426d56400
0x418b77,0x8ad3302047c0
0x41b181,0x8ec426d50980
0x41996a,0xd79e62a56400
0x41aba4,0x8ec426d54708
0x418c31,0x8ad330201c40
0x4197b6,0x8ad3302098c0
0x419247,0xe8035e45a4c0
0x41b5d1,0x8ec426d4cd80
0x418e42,0x8ad330219100
0x419d7a,0xd79e62a4e800
0x418f51,0x6c6f1e6b0f80
0x41a73b,0x8ec426d56740
0x418f3a,0x6c6f1e6b2e80
0x418b09,0x8ad330207a00
0x418f3a,0x6c6f1e6b2ec0
0x418c1a,0x8ec426d51c40
0x41922d,0xe8035e45e500
0x41996a,0xd79e62a56740
0x419981,0xd79e62a50980
0x418cc3,0x8ec426d4dfc0
0x419da5,0x6c6f1e6b1c40
0x41b315,0x6c6f1e6bdc40
0x418c1a,0x8ec426d51e00
0x418cc3,0x8ec426d59100
0x418b09,0x8ad330207c40
0x418bb8,0x8ec426d53d00
0x41968a,0x6c537032c1c0
0x418b09,0x8ad330207cc0
0x419da5,0x6c6f1e6b1e00
0x418ab4,0x8ad330208b80
0x41b181,0x8ec426d50f80
0x41aece,0x8ec426d52e80
0x41b2fa,0xd79e62a51c40
0x41aece,0x8ec426d52ec0
0x419a83,0x8ad33021c500
0x41a73b,0x8ec426d56c00
0x41a249,0x8ad330220180
0x41996a,0xd79e62a56c00
0x41b2fa,0xd79e62a51e00
0x41abc4,0x8ec426d54f80
0x4197b6,0x8ad330223100
0x4194ba,0x6c5370339100
0x419981,0xd79e62a50f80
0x418b09,0x8ad3302210c0
0x41b3ba,0x8ec426d5a4c0
0x418f51,0x6c537032d780
0x41922d,0xe8035e45ebc0
0x41968a,0x6c537032c640
0x418b09,0x8ad330221180
0x419d7a,0xa7d08ad010c0
0x418b5f,0x8ec426d610c0
0x41abc4,0x8ec426d60180
0x419981,0xa7d08ad03100
0x419d7a,0xa7d08ad01180
0x418b5f,0x8ec426d61180
0x41922d,0xe8035e45ed40
0x41b181,0x8ec426d5c500
0x419615,0x6c53703325c0
0x418ac7,0x8ec426d63100
0x418b77,0x8ad33021e500
0x418c8a,0x8ad330218980
0x41aece,0x8ec426d5e500
0x41b5d1,0x8ec426d58980
0x41b315,0x6c537033a4c0
0x4194e7,0x6c5370334700
0x418ab4,0x8ad3302223c0
0x41a73b,0x8ec426d623c0
0x41a249,0x8ad3302208c0
0x419da5,0x6c537032e800
0x418e42,0x8ad330219f80
0x41a249,0x8ad330220980
0x419632,0x6c537032cd80
0x419cad,0x8ad330231340
0x419cad,0x8ad330231380
0x418ab4,0x8ad330222740
0x418c31,0x8ad33021bd80
0x418f51,0x6c537032dfc0
0x41b2fa,0xa7d08ad047c0
0x418bf2,0x8ad33021dc40
0x41a73b,0x8ec426d62740
0x41abc4,0x8ec426d608c0
0x418c8a,0x8ad330218fc0
0x418c5a,0x8ec426d5bd80
0x41abc4,0x8ec426d60980
0x418b71,0x8ad33021ebc8
0x418c10,0x8ec426d5dc48
0x41b5cc,0x8ec426d58fc8
0x418cc3,0x8ec426d59f80
0x41a249,0x8ad330220d40
0x418c31,0x8ad33021bf40
0x41aece,0x8ec426d5ebc0
0x419615,0x6c5370332e80
0x419615,0x6c5370332ec0
0x418b77,0x8ad33021ed40
0x418c5a,0x8ec426d5bf40
0x41996a,0xa7d08ad098c0
0x418cc3,0x8ec426d65100
0x418f3a,0xee30bb9410c0
0x418b09,0x8ad330221c40
0x41aece,0x8ec426d5ed40
0x418c31,0x8ad330235100
0x4194e7,0x6c5370334f80
0x41901e,0x8ad330228b80
0x418f3a,0xee30bb941180
0x419a83,0x8ad330236400
0x419d7a,0xa7d08ad01c40
0x418b5f,0x8ec426d61c40
0x41922d,0xa7d08ad0e800
0x418c31,0x8ad330235240
0x41abc4,0x8ec426d60d40
0x418cb1,0x8ec426d65308
0x418e42,0x8ad330234700
0x418c5a,0x8ec426d67200
0x4194ba,0x6c5370339f80
0x418c5a,0x8ec426d67280
0x418b77,0x8ad330239100
0x41b3ba,0x8ec426d66380
0x418c8a,0x8ad3302325c0
0x41931b,0x8ad33023a4c0
0x419a83,0x8ad330236740
0x419da5,0xee30bb940180
0x4194e7,0xee30bb946380
0x41b315,0xee30bb94c1c0
0x419cad,0x8ad330231c40
0x41b3ba,0x8ec426d66580
0x418cc3,0x8ec426d65700
0x41b5d1,0x8ec426d647c0
0x4194ba,0xee30bb94b380
0x4194e7,0xee30bb946580
0x418f51,0xa7d08ad10980
0x41901e,0xa1abd7fd31c0
0x419cad,0x8ad330231e00
0x41b2fa,0xee30bb9531c0
0x41a73b,0x49950aa531c0
0x41abc4,0x49950aa51340
0x41abc4,0x49950aa51380
0x419247,0xee30bb959100
0x4194ba,0xee30bb94b540
0x419615,0xee30bb9447c0
0x419a83,0x8ad330236c00
0x418cb1,0x8ec426d65a88
0x41b315,0xee30bb94c640
0x418ab4,0x8ad33023c500
0x418c5a,0x8ec426d67a00
0x41901e,0xa1abd7fd3540
0x41b2fa,0xee30bb953540
0x418b5f,0x49950aa525c0
0x418c1a,0x8ec426d698c0
0x418e42,0x8ad330234f80
0x419981,0xee30bb9525c0
0x41a249,0x8ad330238980
0x41a73b,0x49950aa53540
0x419da5,0xee30bb9408c0
0x418f3a,0xee30bb941c40
0x419da5,0xee30bb940980
0x418c8a,0x8ad330232e80
0x418c5a,0x8ec426d67c40
0x418c8a,0x8ad330232ec0
0x418f51,0xa7d08ad10f80
0x418bb8,0x49950aa50980
0x41b181,0x8ec426d68b80
0x418c4c,0x8ec426d67cc8
0x418ac7,0x49950aa54700
0x419d7a,0xee30bb950980
0x419a83,0xa1abd7fe0180
0x4197b6,0x8ad33023dc40
0x41b5d1,0x49950aa55100
0x4194ba,0xee30bb94bc80
0x419da5,0xee30bb940d40
0x418f3a,0xee30bb9610c0
0x41931b,0xa1abd7fe3100
0x418e42,0xa1abd7fde500
0x41996a,0xee30bb958980
0x41abc4,0x49950aa51c40
0x41b5d1,0x49950aa55240
0x418f3a,0xee30bb961180
0x41b315,0xee30bb94cd80
0x41a249,0x8ad330238fc0
0x418b09,0x8ad33023bd80
0x418bf2,0xa1abd7fe10c0
0x418b77,0x8ad330239f80
0x41901e,0xa1abd7fd3d00
0x41a249,0xa1abd7fe5100
0x41b2fa,0xee30bb953d00
0x418bf2,0xa1abd7fe1180
0x41abc4,0x49950aa51e00
0x41b181,0x49950aa59100
0x418bb8,0x49950aa50f80
0x418cc3,0x49950aa56400
0x41a73b,0x49950aa53d00
0x418b09,0x8ad33023bf40
0x418b5f,0x49950aa52e80
0x419981,0xee30bb952e80
0x418b5f,0x49950aa52ec0
0x419981,0xee30bb952ec0
0x41968a,0xee30bb95e500
0x419d7a,0xee30bb950f80
0x419da5,0xee30bb960180
0x41a249,0xa1abd7fe5300
0x4194e7,0xee30bb966380
0x4197b6,0xa1abd7fe7200
0x41b315,0xee30bb96c1c0
0x41922d,0xee30bb95dc40
0x4197b6,0xa1abd7fe7280
0x419a83,0xa1abd7fe08c0
0x418ac7,0x49950aa54f80
0x418b77,0xa1abd7fe23c0
0x418cc3,0x49950aa56740
0x419a83,0xa1abd7fe0980
0x419cad,0xa1abd7fdbd80
0x4194ba,0xee30bb96b380
0x4194e7,0xee30bb966580
0x418c1a,0x49950aa5a4c0
0x419247,0xee30bb959f80
0x41996a,0xee30bb958fc0
0x418e42,0xa1abd7fdebc0
0x41b2fa,0xee30bb9731c0
0x418ac7,0x49950aa60180
0x419247,0xee30bb979100
0x419cad,0xa1abd7fdbf40
0x41a249,0xa1abd7fe5700
0x4194ba,0xee30bb96b540
0x418ba6,0x49950aa5c508
0x418e42,0xa1abd7fded40
0x419615,0xee30bb9647c0
0x418ab4,0xa1abd7fe6380
0x41b315,0xee30bb96c640
0x418b77,0xa1abd7fe2740
0x418b5f,0x49950aa5e500
0x418c5a,0x49950aa58980
0x418c8a,0xa1abd7fddc40
0x419a83,0xa1abd7fe0d40
0x419632,0xee30bb95ebc0
0x41b2fa,0xee30bb973540
0x419981,0xee30bb9725c0
0x418ab4,0xa1abd7fe6580
0x418cc3,0x49950aa56c00
0x419da5,0xee30bb9608c0
0x418f3a,0xee30bb961c40
0x418b09,0xa1abd7fe47c0
0x41a249,0xa1abd7fe5a80
0x419632,0xee30bb95ed40
0x419d9b,0xee30bb960988
0x41901e,0xa1abd7fed780
0x4197b6,0xa1abd7fe7a00
0x419cad,0xa1abd7ff6400
0x418bf2,0xa1abd7fe1c40
0x419d7a,0xee30bb970980
0x418ac7,0x49950aa608c0
0x41b5d1,0x49950aa610c0
0x4197b6,0xa1abd7fe7c40
0x4194ba,0xee30bb96bc80
0x4197b6,0xa1abd7fe7cc0
0x418abe,0x49950aa60988
0x418f3a,0xee30bb9810c0
0x419d9b,0xee30bb960d48
0x41b5cc,0x49950aa61188
0x418c5a,0x49950aa58fc0
0x419cad,0xa1abd7ff6740
0x418c31,0xa1abd7ff9100
0x41aece,0x49950aa5bd80
0x41996a,0xee30bb978980
0x418b5f,0x49950aa5ebc0
0x41abc4,0x49950aa5dc40
0x418f3a,0xee30bb981180
0x41b315,0xee30bb96cd80
0x41b181,0x49950aa59f80
0x41b3ba,0x49950aa63100
0x419a83,0xa1abd7ffa4c0
0x418b5f,0x49950aa5ed40
0x41aece,0x49950aa5bf40
0x41b2fa,0xee30bb973d00
0x41b181,0x49950aa65100
0x418cc3,0x49950aa623c0
0x419981,0xee30bb972e80
0x418abe,0x49950aa60d48
0x4197b6,0xa1abd80010c0
0x419981,0xee30bb972ec0
0x41968a,0xee30bb97e500
0x419d7a,0xee30bb970f80
0x419da5,0xee30bb980180
0x41b181,0x49950aa65300
0x4197b6,0xa1abd8001180
0x4194e7,0xee30bb986380
0x418e42,0xa1abd7ff8980
0x41901e,0xa1abd7fedfc0
0x41aece,0x49950aa67200
0x419cad,0xa1abd7ff6c00
0x41b315,0xee30bb98c1c0
0x418c1a,0x49950aa66380
0x41922d,0xee30bb97dc40
0x41aece,0x49950aa67280
0x418cc3,0x49950aa62740
0x41a249,0xa1abd7ffe500
0x4194ba,0xee30bb98b380
0x4194e7,0xee30bb986580
0x419247,0xee30bb979f80
0x41996a,0xee30bb978fc0
0x418ab4,0xa1abd8000180
0x41b2fa,0xee30bb9931c0
0x41901e,0xa1abd8007200
0x418b71,0xa1abd7ffc508
0x418c10,0x49950aa66588
0x41901e,0xa1abd8007280
0x418ac7,0x49950aa6c1c0
0x418c5a,0x49950aa647c0
0x419247,0xee30bb999100
0x4194ba,0xee30bb98b540
0x41b181,0x49950aa65700
0x419615,0xee30bb9847c0
0x41a73b,0x49950aa6b380
0x41b315,0xee30bb98c640
0x419632,0xee30bb97ebc0
0x41b2fa,0xee30bb993540
0x41b5d1,0x49950aa61c40
0x419981,0xee30bb9925c0
0x418e42,0xa1abd7ff8fc0
0x41a717,0x49950aa6b548
0x41931b,0xa1abd7ffdc40
0x419da5,0xee30bb9808c0
0x418f3a,0xee30bb981c40
0x41b181,0x49950aa65a80
0x419632,0xee30bb97ed40
0x419da5,0xee30bb980980
0x418ac7,0x49950aa6c640
0x418e42,0x6c6f1e4c0180
0x41aece,0x49950aa67a00
0x41a249,0xa1abd7ffebc0
0x41abc4,0x49950aa698c0
0x418ab4,0xa1abd80008c0
0x419d7a,0xee30bb990980
0x418bf2,0xa1abd7ffbd80
0x41a249,0xa1abd7ffed40
0x418a9c,0xa1abd8000988
0x418ba6,0x49950aa68b88
0x418c2c,0xa1abd7ff9f88
0x41901e,0xa1abd8007a00
0x41aece,0x49950aa67c40
0x4197b6,0xa1abd8001c40
0x4194ba,0xee30bb98bc80
0x41aece,0x49950aa67cc0
0x419da5,0xee30bb980d40
0x418f3a,0xee30bb9a10c0
0x418c31,0x6c6f1e4c10c0
0x418bf2,0xa1abd7ffbf40
0x41996a,0xee30bb998980
0x419a83,0x6c6f1e4c23c0
0x418f3a,0xee30bb9a1180
0x41b315,0xee30bb98cd80
0x418c31,0x6c6f1e4c1180
0x41901e,0xa1abd8007c40
0x418bf2,0x6c6f1e4c3100
0x41901e,0xa1abd8007cc0
0x41a249,0x6c6f1e4c5100
0x41b2fa,0xee30bb993d00
0x41a73b,0x49950aa6bc80
0x41931b,0x6c6f1e4c6380
0x418a9c,0xa1abd8000d48
0x419981,0xee30bb992e80
0x419981,0xee30bb992ec0
0x419632,0xee30bb99e500
0x418ac7,0x49950aa6cd80
0x418e42,0x6c6f1e4c08c0
0x419a83,0x6c6f1e4c2740
0x419d7a,0xee30bb990f80
0x419da5,0xee30bb9a0180
0x41a249,0x6c6f1e4c5300
0x41931b,0x6c6f1e4c6580
0x4194e7,0xee30bb9a6380
0x41aece,0x49950aa731c0
0x41b181,0x49950aa71340
0x418e42,0x6c6f1e4c0980
0x41b181,0x49950aa71380
0x41b315,0xee30bb9ac1c0
0x41922d,0xee30bb99dc40
0x41abc4,0x49950aa75100
0x418b09,0x6c6f1e4c7200
0x41b5d1,0x49950aa6d780
0x418afe,0x6c6f1e4c7288
0x4194ba,0xee30bb9ab380
0x4194e7,0xee30bb9a6580
0x419247,0xee30bb999f80
0x41abc4,0x49950aa75240
0x41996a,0xee30bb998fc0
0x418cc3,0x49950aa6e800
0x41b2fa,0xee30bb9b31c0
0x418c8a,0xa1abd8010980
0x418c1a,0x49950aa725c0
0x419247,0xee30bb9b9100
0x41aece,0x49950aa73540
0x41a249,0x6c6f1e4c5700
0x4194ba,0xee30bb9ab540
0x418e42,0x6c6f1e4c0d40
0x419615,0xee30bb9a47c0
0x418b5f,0x49950aa76400
0x41b315,0xee30bb9ac640
0x418c5a,0x49950aa70980
0x418b71,0x6c6f1e4c47c8
0x418bb8,0x49950aa74700
0x419632,0xee30bb99ebc0
0x41b2fa,0xee30bb9b3540
0x419981,0xee30bb9b25c0
0x419da5,0xee30bb9a08c0
0x418f3a,0xee30bb9a1c40
0x418c31,0x6c6f1e4c1c40
0x4197b6,0x6c6f1e4c98c0
0x41a249,0x6c6f1e4c5a80
0x419632,0xee30bb99ed40
0x418b5f,0x49950aa76740
0x419da5,0xee30bb9a0980
0x418c8a,0xa1abd8010f80
0x41b181,0x49950aa71c40
0x418afe,0x6c6f1e4c7a08
0x419d7a,0xee30bb9b0980
0x41b5d1,0x49950aa6dfc0
0x418c8a,0x6c6f1e4d9100
0x41b181,0x49950aa71e00
0x41b5d1,0x49950aa79100
0x4194ba,0xee30bb9abc80
0x418ac7,0x49950aa78980
0x418c5a,0x49950aa70f80
0x419da5,0xee30bb9a0d40
0x41aece,0x49950aa73d00
0x418e42,0x6c6f1e4da4c0
0x418b09,0x6c6f1e4c7c40
0x418f3a,0x5829a6eb9100
0x418c1a,0x49950aa72e80
0x41996a,0xee30bb9b8980
0x41931b,0x6c6f1e4e0180
0x418b09,0x6c6f1e4c7cc0
0x418c1a,0x49950aa72ec0
0x41b315,0xee30bb9acd80
0x418ab4,0x6c6f1e4c8b80
0x418b5f,0x49950aa76c00
0x419a83,0x6c6f1e4dc500
0x41b2fa,0xee30bb9b3d00
0x418bb8,0x49950aa74f80
0x419981,0xee30bb9b2e80
0x418cc3,0x49950aa7a4c0
0x419981,0xee30bb9b2ec0
0x419632,0xee30bb9be500
0x4197b6,0x6c6f1e4e3100
0x419d7a,0xee30bb9b0f80
0x419da5,0xee30bb9c0180
0x418b09,0x6c6f1e4e10c0
0x4194ba,0x412e73cb31c0
0x418bb8,0x49950aa80180
0x41abc4,0x49950aa810c0
0x418afe,0x6c6f1e4e1188
0x418c4c,0x49950aa7c508
0x419227,0xee30bb9bdc48
0x419615,0x5829a6ebc500
0x41abc4,0x49950aa81180
0x418ac7,0x49950aa78fc0
0x41a249,0x6c6f1e4de500
0x419247,0xee30bb9b9f80
0x41996a,0xee30bb9b8fc0
0x418c1a,0x49950aa7e500
0x41a73b,0x49950aa83100
0x41931b,0x6c6f1e4e08c0
0x419247,0x412e73cc10c0
0x4194ba,0x412e73cb3540
0x41996a,0x412e73cc0180
0x41931b,0x6c6f1e4e0980
0x418b5f,0x49950aa823c0
0x419247,0x412e73cc1180
0x4194e7,0x412e73cae800
0x418a9c,0x6c6f1e4e23c8
0x419981,0x412e73cba4c0
0x41922d,0x412e73cc5100
0x41b315,0x412e73cb4700
0x419632,0xee30bb9bebc0
0x419da5,0xee30bb9c08c0
0x419632,0xee30bb9bed40
0x418b5f,0x49950aa82740
0x418bb8,0x49950aa808c0
0x41922d,0x412e73cc5300
0x419da5,0xee30bb9c0980
0x419cad,0x6c6f1e4f1340
0x41931b,0x6c6f1e4e0d40
0x419cad,0x6c6f1e4f1380
0x418ab4,0x6c6f1e4e2740
0x418ba6,0x49950aa80988
0x418c2c,0x6c6f1e4dbd88
0x41a249,0x6c6f1e4debc0
0x418bf2,0x6c6f1e4ddc40
0x418c8a,0x6c6f1e4d9f80
0x41b3ba,0x49950aa7bd80
0x418c1a,0x49950aa7ebc0
0x41b181,0x49950aa7dc40
0x41901e,0x6c6f1e4e98c0
0x41b5d1,0x49950aa79f80
0x418ac7,0x49950aa847c0
0x419d7a,0x412e73cb8980
0x41a249,0x6c6f1e4ded40
0x418c31,0x6c6f1e4dbf40
0x418f3a,0x5829a6eb9f80
0x418c1a,0x49950aa7ed40
0x41b3ba,0x49950aa7bf40
0x418f51,0x412e73cc7200
0x41b5d1,0x49950aa85100
0x418c8a,0x6c6f1e4f31c0
0x418f51,0x412e73cc7280
0x41996a,0x412e73cc08c0
0x419da5,0xee30bb9c0d40
0x41931b,0x6c6f1e4f9100
0x4194ba,0x412e73cb3d00
0x418b09,0x6c6f1e4e1c40
0x41922d,0x412e73cc5700
0x418c31,0x6c6f1e4f5100
0x41996a,0x412e73cc0980
0x418ba6,0x49950aa80d48
0x41aba4,0x49950aa81c48
0x419a83,0x6c6f1e4f6400
0x41b5d1,0x49950aa85300
0x418c31,0x6c6f1e4f5240
0x41b3ba,0x49950aa87200
0x418e42,0x6c6f1e4f4700
0x41968a,0x412e73cc6380
0x418cc3,0x49950aa86380
0x41b3ba,0x49950aa87280
0x419615,0x412e73ccc1c0
0x41b2fa,0x412e73cbbd80
0x41b315,0x412e73cb4f80
0x418c8a,0x6c6f1e4f3540
0x419247,0x412e73cc1c40
0x41922d,0x412e73cc5a80
0x419a83,0x6c6f1e4f6740
0x41996a,0x412e73cc0d40
0x419632,0x412e73cc6580
0x418cb1,0x49950aa86588
0x419d6b,0x412e73cb8fc8
0x41b2fa,0x412e73cbbf40
0x4194ba,0x412e73cd31c0
0x418bb8,0x49950aa8c1c0
0x419cad,0x6c6f1e4f1c40
0x41b5d1,0x49950aa85700
0x41901e,0x6c6f1e503100
0x41aece,0x49950aa8b380
0x419615,0x412e73ccc640
0x419cad,0x6c6f1e4f1e00
0x418f51,0x412e73cc7a00
0x418ac7,0x255430225100
0x419247,0x412e73ce10c0
0x418f3a,0x412e73cc98c0
0x41aea2,0x49950aa8b548
0x4194ba,0x412e73cd3540
0x41996a,0x412e73ce0180
0x418b09,0x6c6f1e4fa4c0
0x419247,0x412e73ce1180
0x419a83,0x6c6f1e4f6c00
0x41b5d1,0x49950aa85a80
0x4194e7,0x412e73cce800
0x418ac7,0x255430225300
0x418f51,0x412e73cc7c40
0x418bb8,0x49950aa8c640
0x419981,0x412e73cda4c0
0x41b3ba,0x49950aa87a00
0x418f51,0x412e73cc7cc0
0x41922d,0x412e73ce5100
0x41b181,0x49950aa898c0
0x41b315,0x412e73cd4700
0x418ab4,0x6c6f1e4fc500
0x418e42,0x6c6f1e4f4f80
0x419cad,0x6c6f1e50c1c0
0x418c8a,0x6c6f1e4f3d00
0x418b71,0x6c6f1e4f8988
0x418c4c,0x49950aa88b88
0x41aba4,0x49950aa8d788
0x41922d,0x412e73ce5300
0x41b3ba,0x49950aa87c40
0x41b3ba,0x49950aa87cc0
0x418b5f,0x49950aa8e800
0x418ac7,0x255430225700
0x419d7a,0x412e73cd8980
0x419da5,0x412e73cc8b80
0x419615,0x412e73cccd80
0x41931b,0x6c6f1e4f9f80
0x41a249,0x6c6f1e4fbd80
0x4197b6,0x6c6f1e4fdc40
0x419cad,0x6c6f1e50c640
0x41aece,0x49950aa8bc80
0x41996a,0x412e73ce08c0
0x4194ba,0x412e73cd3d00
0x41922d,0x412e73ce5700
0x418f3a,0x28e837ca5100
0x41996a,0x412e73ce0980
0x41a249,0x6c6f1e4fbf40
0x418ac7,0x255430225a80
0x418bb8,0x49950aa8cd80
0x418cc3,0x255430227200
0x418cc3,0x255430227280
0x41b5d1,0x255430226380
0x418b77,0x6c6f1e4f8fc0
0x418f3a,0x28e837ca5300
0x41968a,0x412e73ce6380
0x41b2fa,0x412e73cdbd80
0x41b315,0x412e73cd4f80
0x418e42,0x6c6f1e50e800
0x419241,0x412e73ce1c48
0x41922d,0x412e73ce5a80
0x41b5d1,0x255430226580
0x418bf2,0x6c6f1e511340
0x41abc4,0x49950aa8dfc0
0x41996a,0x412e73ce0d40
0x41968a,0x412e73ce6580
0x418bf2,0x6c6f1e511380
0x419d7a,0x412e73cd8fc0
0x41b2fa,0x412e73cdbf40
0x419da5,0x412e73ce7200
0x41aece,0x25543022c1c0
0x4194ba,0x28e837c931c0
0x419da5,0x412e73ce7280
0x418c1a,0x25543022b380
0x418c8a,0x6c6f1e50d780
0x418b09,0x6c6f1e5131c0
0x418f3a,0x28e837ca5700
0x419a83,0x6c6f1e510980
0x419cad,0x6c6f1e50cd80
0x419981,0x28e837cb31c0
0x418c10,0x25543022b548
0x41b2fa,0x28e837c87200
0x41b2fa,0x28e837c87280
0x418b77,0x6c6f1e5125c0
0x4194ba,0x28e837c93540
0x41931b,0x28e837cb0980
0x4194e7,0x28e837cad780
0x41901e,0x28e837cab380
0x418f51,0x28e837ca8b80
0x418cc3,0x255430227a00
0x418b09,0x6c6f1e513540
0x418c5a,0x2554302298c0
0x41aece,0x25543022c640
0x418ac7,0x255430231340
0x418f3a,0x28e837ca5a80
0x418ac7,0x255430231380
0x4197b6,0x28e837cb4700
0x419981,0x28e837cb3540
0x41901e,0x28e837cab540
0x418ba6,0x25543022d788
0x418cc3,0x255430227c40
0x41b3ba,0x255430228b80
0x418cc3,0x255430227cc0
0x419d7a,0x28e837c94700
0x41996a,0x28e837c9a4c0
0x41b315,0x28e837c898c0
0x418ab4,0x6c6f1e514700
0x419a83,0x6c6f1e510f80
0x41abc4,0x25543022e800
0x419da5,0x412e73ce7a00
0x418bf2,0x6c6f1e511c40
0x418e42,0x28e837ca7200
0x418c8a,0x6c6f1e50dfc0
0x418e42,0x28e837ca7280
0x419a83,0x28e837cb9100
0x418c1a,0x25543022bc80
0x41931b,0x28e837cb0f80
0x418c7f,0x6c6f1e5210c8
0x419cad,0x28e837cb25c0
0x418bf2,0x6c6f1e511e00
0x419da5,0x412e73ce7c40
0x41b2fa,0x28e837c87a00
0x418c8a,0x6c6f1e521180
0x419da5,0x412e73ce7cc0
0x41a73b,0x255430230980
0x4194ba,0x28e837c93d00
0x418c31,0x6c6f1e523100
0x41aece,0x25543022cd80
0x418cc3,0x2554302331c0
0x418f51,0x28e837ca6380
0x4194e7,0x28e837cadfc0
0x418b09,0x6c6f1e513d00
0x418b77,0x6c6f1e512e80
0x418b77,0x6c6f1e512ec0
0x418c5a,0x255430235100
0x41b2fa,0x28e837c87c40
0x41901e,0x28e837cabc80
0x419615,0x28e837c99100
0x419981,0x28e837cb3d00
0x419632,0x28e837cb1340
0x41b2fa,0x28e837c87cc0
0x41968a,0x28e837cb1380
0x4197b6,0x28e837cb4f80
0x418ac7,0x255430231c40
0x418c5a,0x255430235240
0x41922d,0x28e837c98980
0x418f51,0x28e837ca6580
0x418bb8,0x25543022dfc0
0x418b77,0x6c6f1e525100
0x4197b6,0x28e837cb5100
0x418cc3,0x255430233540
0x419d7a,0x28e837c94f80
0x41b5d1,0x2554302325c0
0x418ac7,0x255430231e00
0x4194ba,0x28e837cac1c0
0x418ab4,0x6c6f1e514f80
0x418e42,0x28e837ca7a00
0x4197b6,0x28e837cb5240
0x418b77,0x6c6f1e525300
0x41a73b,0x255430230f80
0x41901e,0x28e837cc10c0
0x41b176,0x944aa635a4c8
0x419981,0x28e837cc0180
0x41901e,0x28e837cc1180
0x41b3ba,0x255430234700
0x41931b,0x28e837cae800
0x418ac7,0x944aa63610c0
0x418ab4,0x6c6f1e527200
0x418b09,0x6c6f1e526380
0x41a73b,0x944aa6360180
0x418e42,0x28e837ca7c40
0x419cad,0x28e837cb2e80
0x419cad,0x28e837cb2ec0
0x418ab4,0x6c6f1e527280
0x418ac7,0x944aa6361180
0x41aece,0x944aa635c500
0x418e42,0x28e837ca7cc0
0x418bf2,0x6c6f1e5247c0
0x419d7a,0x28e837cb6400
0x419247,0x28e837ccc1c0
0x41922d,0x28e837c98fc0
0x41b2fa,0x28e837cc23c0
0x4194ba,0x28e837cac640
0x418b09,0x6c6f1e526580
0x418b77,0x6c6f1e525700
0x41abc4,0x944aa635e500
0x418c8a,0x6c6f1e521c40
0x41996a,0x28e837ccb380
0x419632,0x28e837cb1c40
0x418cc3,0x255430233d00
0x419d7a,0x28e837cb6740
0x419da5,0x28e837cb8980
0x418e42,0x28e837cd5100
0x41996a,0x28e837ccb540
0x41922d,0x28e837cd1340
0x419a83,0x28e837cb9f80
0x41b2fa,0x28e837cc2740
0x41922d,0x28e837cd1380
0x419632,0x28e837cb1e00
0x418b77,0x6c6f1e525a80
0x41b5d1,0x255430232e80
0x419cad,0x28e837cd6400
0x41b5d1,0x255430232ec0
0x419247,0x28e837ccc640
0x418e42,0x28e837cd5240
0x419981,0x28e837cc08c0
0x419981,0x28e837cc0980
0x41a73b,0x944aa63608c0
0x418c8a,0x6c6f1e535100
0x418ab4,0x6c6f1e527a00
0x418c1a,0x944aa635bd80
0x41a73b,0x944aa6360980
0x41b3ba,0x255430234f80
0x418bb8,0x944aa635dc40
0x41968a,0x28e837cd9100
0x418cc3,0x944aa6363100
0x418c8a,0x6c6f1e535240
0x41abc4,0x944aa635ebc0
0x419615,0x28e837c99f80
0x419cad,0x28e837cd6740
0x4194ba,0x28e837cacd80
0x419d7a,0x28e837cb6c00
0x41b315,0x28e837cbbd80
0x418c1a,0x944aa635bf40
0x418841,0x28e837cc1c40
0x418c4c,0x944aa6365108
0x418ab4,0x6c6f1e527c40
0x41abc4,0x944aa635ed40
0x419a83,0x28e837cdc500
0x418ab4,0x6c6f1e527cc0
0x41b5d1,0x944aa63623c0
0x419981,0x28e837cc0d40
0x419da5,0x28e837cb8fc0
0x41b315,0x28e837cbbf40
0x418ac7,0x944aa6361c40
0x41a73b,0x944aa6360d40
0x418c5a,0x944aa6365300
0x418c31,0x6c6f1e536400
0x41996a,0x28e837ccbc80
0x41931b,0x28e837cda4c0
0x418c1a,0x944aa6367200
0x4194ba,0x28e837ce5100
0x418c1a,0x944aa6367280
0x419247,0x28e837cccd80
0x418b09,0x6c6f1e539100
0x41b181,0x944aa6366380
0x419cad,0x28e837cd6c00
0x41922d,0x28e837cd1c40
0x41b5d1,0x944aa6362740
0x4194e7,0x28e837cde500
0x4194ba,0x28e837ce5300
0x419da5,0x28e837ce23c0
0x418c31,0x6c6f1e536740
0x418f51,0x28e837cd8980
0x41b315,0x28e837ce6380
0x41901e,0x28e837cec1c0
0x41b181,0x944aa6366580
0x41922d,0x28e837cd1e00
0x418c5a,0x944aa6365700
0x41a73b,0x944aa636c1c0
0x41b3ba,0x944aa63647c0
0x418b5f,0x944aa636b380
0x419981,0x28e837ceb380
0x41b315,0x28e837ce6580
0x419241,0x28e837cf31c8
0x419da5,0x28e837ce2740
0x4194ba,0x28e837ce5700
0x418ab4,0x6c6f1e53a4c0
0x418b5f,0x944aa636b540
0x419981,0x28e837ceb540
0x4197b6,0x28e837ce47c0
0x418c5a,0x944aa6365a80
0x418c31,0x6c6f1e536c00
0x41901e,0x28e837cec640
0x418b77,0x6c6f1e538980
0x418c1a,0x944aa6367a00
0x418bb8,0x944aa63698c0
0x41a73b,0x944aa636c640
0x419247,0x28e837cf3540
0x418f3a,0x28e837cdbd80
0x41996a,0x28e837cf25c0
0x41b2fa,0x28e837ced780
0x4194e7,0x28e837cdebc0
0x418f51,0x28e837cd8fc0
0x4194ba,0x28e837ce5a80
0x418ac7,0x944aa636d780
0x419a83,0x28e837d03100
0x418c1a,0x944aa6367c40
0x419632,0x28e837cd9f80
0x4194e7,0x28e837cded40
0x41aece,0x944aa6368b80
0x418f3a,0x28e837cdbf40
0x418c1a,0x944aa6367cc0
0x41931b,0x28e837d010c0
0x418e42,0x28e837cfc500
0x41968a,0x28e837d00180
0x41931b,0x28e837d01180
0x419d7a,0x28e837cddc40
0x418b5f,0x944aa636bc80
0x419981,0x28e837cebc80
0x41a249,0xfdfd3a8c10c0
0x4194e7,0x28e837d05100
0x418b77,0x6c6f1e538fc0
0x41901e,0x28e837cecd80
0x41922d,0x28e837cf8980
0x41a249,0xfdfd3a8c1180
0x418f3a,0x28e837d023c0
0x418b09,0x6c6f1e539f80
0x41a73b,0x944aa636cd80
0x418c1a,0x944aa63731c0
0x418c5a,0x944aa6371340
0x418c5a,0x944aa6371380
0x4194e7,0x28e837d05300
0x419241,0x28e837cf3d08
0x418bb8,0x944aa6375100
0x41b2fa,0x28e837cedfc0
0x4194ba,0xfdfd3a8c7200
0x419cad,0x28e837cfdc40
0x41996a,0x28e837cf2e80
0x4194ba,0xfdfd3a8c7280
0x418b09,0x6c6f1e54c1c0
0x418bb8,0x944aa6375240
0x41996a,0x28e837cf2ec0
0x419615,0x28e837cfe500
0x418b77,0x6c6f1e54b380
0x418ac7,0x944aa636dfc0
0x41b5d1,0x944aa636e800
0x418f3a,0x28e837d02740
0x4197b6,0xfdfd3a8c6380
0x418c1a,0x944aa6373540
0x41b181,0x944aa63725c0
0x418ac7,0x944aa6379100
0x419632,0x28e837d008c0
0x418b77,0x6c6f1e54b540
0x4194e7,0x28e837d05700
0x418c31,0x6c6f1e5498c0
0x419247,0xfdfd3a8d5100
0x419632,0x28e837d00980
0x41abc4,0x944aa6376400
0x4197b6,0xfdfd3a8c6580
0x41922d,0x28e837cf8fc0
0x418c8a,0x6c6f1e548b80
0x419247,0xfdfd3a8d5240
0x41b3ba,0x944aa6370980
0x41aece,0x944aa6374700
0x418b09,0x6c6f1e54c640
0x419da5,0xfdfd3a8c47c0
0x41931b,0x28e837d01c40
0x4194e7,0x28e837d05a80
0x41aba4,0x944aa6376748
0x419632,0x28e837d00d40
0x419d7a,0x28e837d047c0
0x419981,0xfdfd3a8cd780
0x419615,0x28e837cfebc0
0x418c5a,0x944aa6371c40
0x418ab4,0x6c6f1e54d780
0x4194ba,0xfdfd3a8c7a00
0x41901e,0xfdfd3a8ce800
0x41a249,0xfdfd3a8c1c40
0x41922d,0xfdfd3a8da4c0
0x419a83,0xfdfd3a8e5100
0x418f51,0xfdfd3a8e10c0
0x41996a,0xfdfd3a8d4700
0x419615,0x28e837cfed40
0x418c5a,0x944aa6371e00
0x418f51,0xfdfd3a8e1180
0x41b315,0xfdfd3a8c8b80
0x418b77,0x6c6f1e54bc80
0x418c1a,0x944aa6373d00
0x4194ba,0xfdfd3a8c7c40
0x41a717,0x944aa6378988
0x41b3a4,0x944aa6370f88
0x4194ba,0xfdfd3a8c7cc0
0x419a83,0xfdfd3a8e5300
0x41b181,0x944aa6372e80
0x41931b,0xfdfd3a8e3100
0x41b181,0x944aa6372ec0
0x418e42,0xfdfd3a8de500
0x41abc4,0x944aa6376c00
0x418b09,0x6c6f1e54cd80
0x419615,0xfdfd3a8e0180
0x41aece,0x944aa6374f80
0x41968a,0xfdfd3a8e23c0
0x418c8a,0x6c6f1e55a4c0
0x4194e7,0xfdfd3a8e7200
0x41b5cc,0x944aa637a4c8
0x4194e7,0xfdfd3a8e7280
0x419a83,0xfdfd3a8e5700
0x418bb8,0x944aa63810c0
0x418c31,0x6c6f1e55c500
0x41aece,0x944aa6380180
0x419981,0xfdfd3a8cdfc0
0x418bb8,0x944aa6381180
0x41b3ba,0x944aa637c500
0x418ab4,0x6c6f1e54dfc0
0x41a73b,0x944aa6378fc0
0x418ac7,0x944aa6379f80
0x418b5f,0x944aa6383100
0x419632,0xfdfd3a8e2740
0x41901e,0xfdfd3a8f5100
0x419da5,0xfdfd3a8eb380
0x41b181,0x944aa637e500
0x41996a,0xfdfd3a8d4f80
0x418a9c,0x6c6f1e560188
0x418e42,0xfdfd3a8debc0
0x418f3a,0xfdfd3a8e47c0
0x418ac7,0x944aa6385100
0x418b77,0x6c6f1e55e500
0x41901e,0xfdfd3a8f5240
0x419a83,0xfdfd3a8e5a80
0x419da5,0xfdfd3a8eb540
0x419d7a,0xfdfd3a8e6380
0x41abc4,0x944aa63823c0
0x418e42,0xfdfd3a8ded40
0x41b2fa,0xfdfd3a8f6400
0x418ac7,0x944aa6385300
0x418f51,0xfdfd3a8e1c40
0x419615,0xfdfd3a8e08c0
0x41922d,0xfdfd3a9010c0
0x419d7a,0xfdfd3a8e6580
0x419615,0xfdfd3a8e0980
0x4197b6,0xfdfd3a8ed780
0x419227,0xfdfd3a901188
0x4194ba,0xfdfd3a8ee800
0x4194e7,0xfdfd3a8e7a00
0x41abc4,0x944aa6382740
0x41aece,0x944aa63808c0
0x41996a,0xfdfd3a8fa4c0
0x419981,0xfdfd3a8f4700
0x419247,0xfdfd3a8fc500
0x418cc3,0x944aa637bd80
0x41aece,0x944aa6380980
0x41b2fa,0xfdfd3a8f6740
0x418c5a,0x944aa637dc40
0x41a249,0xfdfd3a8e8b80
0x418e42,0xa213218c1c0
0x418bf2,0x6c6f1e55dc40
0x41b181,0x944aa637ebc0
0x4194e7,0xfdfd3a8e7c40
0x418ac7,0x944aa6385700
0x41a73b,0x944aa63847c0
0x4194e7,0xfdfd3a8e7cc0
0x419615,0xfdfd3a8e0d40
0x418ab4,0x6c6f1e5608c0
0x418b77,0x6c6f1e55ebc0
0x418cc3,0x944aa637bf40
0x419a83,0xa21321931c0
0x41b181,0x944aa637ed40
0x418ab4,0x6c6f1e560980
0x419da5,0xfdfd3a8ebc80
0x418b77,0x6c6f1e55ed40
0x418bb8,0x944aa6381c40
0x41aece,0x944aa6380d40
0x419cad,0xa213218d780
0x418ac7,0x944aa6385a80
0x418cc3,0x944aa6387200
0x41b2fa,0xfdfd3a8f6c00
0x418cc3,0x944aa6387280
0x418e42,0xa213218c640
0x41b5d1,0x944aa6386380
0x4194e7,0xa2132195100
0x418939,0xa2132193540
0x41931b,0xa2132191340
0x41931b,0xa2132191380
0x418ab4,0x6c6f1e560d40
0x4197b6,0xfdfd3a8edfc0
0x4194e7,0xa2132195240
0x419da5,0xa2132199100
0x41b5d1,0x944aa6386580
0x419981,0xfdfd3a8f4f80
0x41aece,0x944aa638c1c0
0x418f3a,0xa21321925c0
0x41a249,0xa2132196400
0x418c1a,0x944aa638b380
0x418c8a,0x6c6f1e56d780
0x41922d,0xfdfd3a901c40
0x418b77,0x6c6f1e571340
0x418b71,0x6c6f1e571388
0x41901e,0xa21321a3100
0x418ab4,0x6c6f1e5731c0
0x418c1a,0x944aa638b540
0x4194ba,0xa213219c500
0x419632,0xa2132190980
0x41a249,0xa2132196740
0x418e42,0xa213218cd80
0x419981,0xa21321a23c0
0x419615,0xa213218e800
0x419cad,0xa213218dfc0
0x418cc3,0x944aa6387a00
0x418c5a,0x944aa63898c0
0x41aece,0x944aa638c640
0x418abe,0x944aa6391348
0x418afe,0x6c6f1e5725c8
0x418ac7,0x944aa6391380
0x419a83,0xa2132193d00
0x418bf2,0x6c6f1e570980
0x418ab4,0x6c6f1e573540
0x418bb8,0x944aa638d780
0x418cc3,0x944aa6387c40
0x41931b,0xa2132191c40
0x41b3ba,0x944aa6388b80
0x418cc3,0x944aa6387cc0
0x419d7a,0xa2132194700
0x419981,0xa21321a2740
0x41abc4,0x944aa638e800
0x418e42,0xa21321b31c0
0x41b2fa,0xa21321a47c0
0x41931b,0xa2132191e00
0x41a249,0xa2132196c00
0x418c8a,0x6c6f1e56dfc0
0x418f3a,0xa2132192e80
0x418f3a,0xa2132192ec0
0x419632,0xa2132190f80
0x418c1a,0x944aa638bc80
0x418b77,0x6c6f1e571c40
0x418c8a,0x6c6f1e5810c0
0x418c8a,0x6c6f1e581180
0x41a73b,0x944aa6390980
0x41b315,0xa213219dc40
0x41996a,0xa21321a98c0
0x419cad,0xa21321b4700
0x418f3a,0xa21321b9100
0x418b77,0x6c6f1e571e00
0x418bf2,0x6c6f1e570f80
0x41aece,0x944aa638cd80
0x418e42,0xa21321b3540
0x4197b6,0xa213219bd80
0x418cc3,0x944aa63931c0
0x418f51,0xa21321b6400
0x418c5a,0x944aa6395100
0x419a83,0xa21321ba4c0
0x419615,0xa21321b5100
0x418bf2,0x6c6f1e583100
0x419da5,0xa2132199f80
0x4197b6,0xa213219bf40
0x418ab4,0x6c6f1e573d00
0x418b09,0x6c6f1e572e80
0x418ac7,0x944aa6391c40
0x418b09,0x6c6f1e572ec0
0x418c5a,0x944aa6395240
0x419615,0xa21321b5240
0x418bb8,0x944aa638dfc0
0x418c31,0x6c6f1e5823c0
0x4194ba,0xa21321c3100
0x418cc3,0x944aa6393540
0x419d7a,0xa2132194f80
0x419da5,0xa21321c0180
0x41b5d1,0x944aa63925c0
0x418ac7,0x944aa6391e00
0x418bb8,0x944aa6399100
0x418f51,0xa21321b6740
0x418afe,0x6c6f1e585108
0x41a73b,0x944aa6390f80
0x41b181,0x944aa6396400
0x4194e7,0xa21321bc500
0x418c31,0x6c6f1e582740
0x4197b6,0xa21321c23c0
0x418b09,0x6c6f1e585300
0x41b3ba,0x944aa6394700
0x418e42,0xa21321b3d00
0x419cad,0xa21321b4f80
0x41931b,0xa21321b8980
0x41b176,0x944aa6396748
0x41b2fa,0xa21321cb380
0x418ab4,0x6c6f1e586380
0x41abc4,0x944aa639a4c0
0x418f51,0xa21321b6c00
0x418b77,0x6c6f1e5847c0
0x418c8a,0x6c6f1e581c40
0x4197b6,0xa21321c2740
0x419247,0xa21321d1340
0x41b2fa,0xa21321cb540
0x419247,0xa21321d1380
0x418ab4,0x6c6f1e586580
0x418b09,0x6c6f1e585700
0x41a73b,0x944aa639c500
0x41b315,0xa21321c47c0
0x419da5,0xa21321c08c0
0x418cc3,0x944aa6393d00
0x419da5,0xa21321c0980
0x41aea2,0x944aa6398988
0x41b5d1,0x944aa6392e80
0x41922d,0xa21321d6400
0x41b5d1,0x944aa6392ec0
0x41b181,0x944aa6396c00
0x41a249,0xa21321bdc40
0x419a83,0xa21321e10c0
0x419981,0xa21321c98c0
0x418b09,0x6c6f1e585a80
0x419a83,0xa21321e1180
0x418f3a,0xa21321b9f80
0x41931b,0xa21321b8fc0
0x41b3ba,0x944aa6394f80
0x419da5,0xa21321c0d40
0x418e42,0xa21321da4c0
0x418c31,0x6c6f1e595100
0x41922d,0xa21321d6740
0x41996a,0xa21321d0980
0x418f3a,0xa21321e0180
0x418c5a,0x944aa63a10c0
0x41b3ba,0x944aa63a0180
0x418c31,0x6c6f1e595240
0x41b2fa,0xa21321cbc80
0x418c5a,0x944aa63a1180
0x4194e7,0xa21321e3100
0x419d7a,0xa21321bbd80
0x418b5f,0x944aa639bd80
0x418ac7,0x944aa639dc40
0x41aece,0x944aa6398fc0
0x418bb8,0x944aa6399f80
0x418c1a,0x944aa63a3100
0x419247,0xa21321d1c40
0x41b5d1,0x944aa639e500
0x41968a,0xa21321de500
0x419d6b,0xa21321bbf48
0x418b5f,0x944aa639bf40
0x418bb8,0x944aa63a5100
0x419da5,0xa21321e7200
0x418bf2,0x6c6f1e596400
0x418c8a,0x6c6f1e594700
0x41922d,0xa21321d6c00
0x419247,0xa21321d1e00
0x419da5,0xa21321e7280
0x41b181,0x944aa63a23c0
0x419615,0xa21321dc500
0x418ab4,0x6c6f1e599100
0x418bb8,0x944aa63a5300
0x41996a,0xa21321d0f80
0x419cad,0xa21321dbd80
0x41b315,0xa21321eb380
0x418b5f,0x944aa63a7200
0x418b5f,0x944aa63a7280
0x41abc4,0x944aa63a6380
0x418f3a,0xa21321e08c0
0x418bf2,0x6c6f1e596740
0x419cad,0xa21321dbf40
0x41901e,0xa21321f1340
0x419d7a,0xa21321e23c0
0x41b315,0xa21321eb540
0x41901e,0xa21321f1380
0x41b181,0x944aa63a2740
0x41b3ba,0x944aa63a08c0
0x418f3a,0xa21321e0980
0x41a249,0xa21321e47c0
0x419a83,0xa21321e1c40
0x41b3ba,0x944aa63a0980
0x418f51,0xa21321ddc40
0x41abc4,0x944aa63a6580
0x41b5d1,0x944aa639ebc0
0x418bb8,0x944aa63a5700
0x419632,0xa21321debc0
0x41aece,0x944aa63a47c0
0x41b2fa,0xa21321f25c0
0x41b5d1,0x944aa639ed40
0x4197b6,0xa21321e98c0
0x419d7a,0xa21321e2740
0x418e42,0xa21322010c0
0x419632,0xa21321ded40
0x418f3a,0xa21321e0d40
0x418c5a,0x944aa63a1c40
0x419da5,0xa21321e7a00
0x418e42,0xa2132201180
0x419cad,0xa21322023c0
0x418bf2,0x6c6f1e596c00
0x41b3ba,0x944aa63a0d40
0x418b09,0x6c6f1e598980
0x418c8a,0x6c6f1e594f80
0x418bb8,0x944aa63a5a80
0x419981,0xa21321f0980
0x418b5f,0x944aa63a7a00
0x419da5,0xa21321e7c40
0x418abe,0x944aa63a98c8
0x419da5,0xa21321e7cc0
0x419632,0xa2132205100
0x41b315,0xa21321ebc80
0x419cad,0xa2132202740
0x419247,0xa21321f8980
0x418b5f,0x944aa63a7c40
0x418f3a,0xa2132207200
0x418c8a,0x6c6f1e5a6380
0x41901e,0xa21321f1c40
0x41a73b,0x944aa63a8b80
0x418b5f,0x944aa63a7cc0
0x41b3ba,0x944aa63ac1c0
0x418f3a,0xa2132207280
0x419615,0xa2132203100
0x41968a,0xa2132205300
0x418cc3,0x944aa63ab380
0x41931b,0xa2132206380
0x41901e,0xa21321f1e00
0x418c8a,0x6c6f1e5a6580
0x418b09,0x6c6f1e598fc0
0x41b2fa,0xa21321f2e80
0x41b2fa,0xa21321f2ec0
0x418cc3,0x944aa63ab540
0x419981,0xa21321f0f80
0x41931b,0xa2132206580
0x41a249,0xa213220b380
0x418ab4,0x6c6f1e599f80
0x418f51,0xa21322047c0
0x41922d,0xa21321fdc40
0x419632,0xa2132205700
0x41b3ba,0x944aa63ac640
0x41b2fa,0xa2132219100
0x4194ba,0xa2132211340
0x41a249,0xa213220b540
0x4194ba,0xa2132211380
0x418b52,0x944aa63b31c8
0x418ba6,0x944aa63b1348
0x418bb8,0x944aa63b1380
0x419247,0xa21321f8fc0
0x418ab4,0x6c6f1e5ac1c0
0x418ac7,0x944aa63b5100
0x418b09,0x6c6f1e5ab380
0x418e42,0xa2132201c40
0x418c5a,0x944aa63ad780
0x419a83,0xa2132208b80
0x418ac7,0x944aa63b5240
0x41b315,0xa21322125c0
0x418b09,0x6c6f1e5ab540
0x418f3a,0xa2132207a00
0x419632,0xa2132205a80
0x41b181,0x944aa63ae800
0x418bf2,0x6c6f1e5a98c0
0x418b5f,0x944aa63b3540
0x41abc4,0x944aa63b25c0
0x419da5,0xa213220e800
0x418c31,0x6c6f1e5a8b80
0x418cc3,0x944aa63abc80
0x418f3a,0xa2132207c40
0x418ab4,0x6c6f1e5ac640
0x418f3a,0xa2132207cc0
0x41996a,0xa213221e500
0x41aece,0x944aa63b0980
0x4197b6,0xa2132210980
0x41a73b,0x944aa63b4700
0x419d7a,0xa21322098c0
0x41b3ba,0x944aa63acd80
0x41a249,0xa213220bc80
0x41901e,0xa2132218980
0x418c8a,0x6c6f1e5b9100
0x4194ba,0xa2132211c40
0x418bb8,0x944aa63b1c40
0x418c5a,0x944aa63adfc0
0x418b09,0x6c6f1e5abc80
0x419632,0xa213222c1c0
0x418f51,0xa213222b380
0x41922d,0xa21322247c0
0x4194ba,0xa2132211e00
0x418bb8,0x944aa63b1e00
0x418c5a,0x944aa63b9100
0x419cad,0xa21322298c0
0x41b315,0xa2132212e80
0x418b52,0x944aa63b3d08
0x41b315,0xa2132212ec0
0x41aece,0x944aa63b0f80
0x41b5d1,0x944aa63b6400
0x418f51,0xa213222b540
0x4197b6,0xa2132210f80
0x41996a,0xa213221ebc0
0x418ab4,0x6c6f1e5acd80
0x41abc4,0x944aa63b2e80
0x41abc4,0x944aa63b2ec0
0x419da5,0xa2132235100
0x41996a,0xa213221ed40
0x41b315,0xa2132239100
0x4194e7,0xa2132231340
0x4194e7,0xa2132231380
0x41b2fa,0xa2132219f80
0x41901e,0xa2132218fc0
0x419da5,0xa2132235240
0x41968a,0xa213222c640
0x41a73b,0x944aa63b4f80
0x41b5cc,0x944aa63b6748
0x418bf2,0x6c6f1e5bc500
0x41b181,0x944aa63ba4c0
0x41931b,0xa213222d780
0x418e42,0xa2132228b80
0x41b2fa,0xa2132240180
0x41a249,0xa21322325c0
0x418ac7,0x944aa63c10c0
0x418f3a,0xa213222e800
0x41a73b,0x944aa63c0180
0x418ac7,0x944aa63c1180
0x41aece,0x944aa63bc500
0x41996a,0xa2132245100
0x418b09,0x6c6f1e5be500
0x41aba4,0x944aa63be508
0x41b3a4,0x944aa63b8988
0x418f51,0xa213222bc80
0x419981,0xa213223e500
0x41996a,0xa2132245300
0x41b5d1,0x944aa63b6c00
0x419247,0xa2132246380
0x419632,0xa213222cd80
0x4194ba,0xa2132238980
0x41922d,0xa213224b380
0x419247,0xa2132246580
0x418c31,0x6c6f1e5bbd80
0x4194e7,0xa2132231c40
0x418c8a,0x6c6f1e5b9f80
0x41996a,0xa2132245700
0x41b2fa,0xa21322408c0
0x419d7a,0xa2132230980
0x41922d,0xa213224b540
0x418b77,0x6c6f1e5bdc40
0x418c31,0x6c6f1e5bbf40
0x41a73b,0x944aa63c08c0
0x41b2fa,0xa2132240980
0x41931b,0xa213222dfc0
0x4194e7,0xa2132231e00
0x418c1a,0x944aa63bbd80
0x41a73b,0x944aa63c0980
0x418b09,0x6c6f1e5bebc0
0x418bb8,0x944aa63bdc40
0x41b3ba,0x944aa63b8fc0
0x41a249,0xa2132232e80
0x418cc3,0x944aa63c3100
0x418c5a,0x944aa63b9f80
0x41a249,0xa2132232ec0
0x41abc4,0x944aa63bebc0
0x418f3a,0xa2132255100
0x419632,0xa21322531c0
0x419981,0xa213223ebc0
0x418939,0xa2132256400
0x418b09,0x6c6f1e5bed40
0x418c1a,0x944aa63bbf40
0x418c5a,0x944aa63c5100
0x418f3a,0xa2132255240
0x41996a,0xa2132245a80
0x41abc4,0x944aa63bed40
0x41b5d1,0x944aa63c23c0
0x419981,0xa213223ed40
0x41a249,0xa2132259100
0x419cad,0xa2132250980
0x41b2fa,0xa2132240d40
0x418ac7,0x944aa63c1c40
0x41b315,0xa2132239f80
0x4194ba,0xa2132238fc0
0x418f51,0xa21322525c0
0x41a73b,0x944aa63c0d40
0x418c5a,0x944aa63c5300
0x418c1a,0x944aa63c7200
0x419615,0xa2132251340
0x419632,0xa2132253540
0x419a83,0xa2132256740
0x419d7a,0xa2132230f80
0x419615,0xa2132251380
0x418c1a,0x944aa63c7280
0x41b315,0xa2132260180
0x41b181,0x944aa63c6380
0x418c8a,0x6c6f1e5cd780
0x41922d,0xa213224bc80
0x41b5d1,0x944aa63c2740
0x419981,0xa2132265100
0x41931b,0xa2132254700
0x41b181,0x944aa63c6580
0x418b09,0x6c6f1e5d1340
0x41b2fa,0xa2132267200
0x418b09,0x6c6f1e5d1380
0x418c5a,0x944aa63c5700
0x418c31,0x6c6f1e5ce800
0x419da5,0xa213225c500
0x41a73b,0x944aa63cc1c0
0x41b3ba,0x944aa63c47c0
0x41b2fa,0xa2132267280
0x4197b6,0xa213225e500
0x419981,0xa2132265300
0x418b52,0x944aa63cb388
0x419cad,0xa2132250f80
0x41901e,0xa2132266380
0x41996a,0xa213226c1c0
0x419a83,0xa2132256c00
0x418b5f,0x944aa63cb540
0x4194e7,0xa2132258980
0x41901e,0xa2132266580
0x418c5a,0x944aa63c5a80
0x418ab4,0x6c6f1e5d25c0
0x418f51,0xa2132252e80
0x419632,0xa2132253d00
0x418b77,0x6c6f1e5d0980
0x418c1a,0x944aa63c7a00
0x418f51,0xa2132252ec0
0x419981,0xa2132265700
0x41b315,0xa21322608c0
0x418ba6,0x944aa63c98c8
0x41a717,0x944aa63cc648
0x41b315,0xa2132260980
0x419615,0xa2132251c40
0x41996a,0xa213226c640
0x418c8a,0x6c6f1e5cdfc0
0x418ac7,0x944aa63cd780
0x418c1a,0x944aa63c7c40
0x418f51,0xa2132279100
0x41aece,0x944aa63c8b80
0x41931b,0xa2132254f80
0x418c1a,0x944aa63c7cc0
0x419247,0xa213226d780
0x4197b6,0xa213225ebc0
0x419615,0xa2132251e00
0x41922d,0xa21322725c0
0x418e42,0xa2132276400
0x41b2fa,0xa2132267a00
0x418c8a,0x6c6f1e5e0180
0x419981,0xa2132265a80
0x418b09,0x6c6f1e5d1c40
0x418c31,0x6c6f1e5e10c0
0x4197b6,0xa213225ed40
0x41b315,0xa2132260d40
0x41a249,0xa2132259f80
0x4194e7,0xa2132258fc0
0x418c31,0x6c6f1e5e1180
0x418b5f,0x944aa63cbc80
0x41b2fa,0xa2132267c40
0x418b09,0x6c6f1e5d1e00
0x418b77,0x6c6f1e5d0f80
0x41b2fa,0xa2132267cc0
0x418e42,0xa2132276740
0x41a249,0xa2132280180
0x418b77,0x6c6f1e5e3100
0x41a73b,0x944aa63ccd80
0x419632,0xa213227a4c0
0x418c10,0x944aa63d31c8
0x418c4c,0x944aa63d1348
0x419d9b,0xa2132283108
0x418ab4,0x6c6f1e5d2e80
0x418c5a,0x944aa63d1380
0x4197b6,0xa2132285100
0x418ab4,0x6c6f1e5d2ec0
0x418f3a,0xa213227c500
0x418bb8,0x944aa63d5100
0x41996a,0xa213226cd80
0x418bf2,0x6c6f1e5e23c0
0x41b315,0xa2132287200
0x418bb8,0x944aa63d5240
0x41b315,0xa2132287280
0x4197b6,0xa2132285300
0x418ac7,0x944aa63cdfc0
0x418ab4,0x6c6f1e5e5100
0x41b5d1,0x944aa63ce800
0x4194ba,0xa2132286380
0x418c8a,0x6c6f1e5e08c0
0x419981,0xa213228c1c0
0x419247,0xa213226dfc0
0x418c1a,0x944aa63d3540
0x41b181,0x944aa63d25c0
0x418e42,0xa2132276c00
0x418abe,0x944aa63d9108
0x418c7f,0x6c6f1e5e0988
0x41922d,0xa2132272e80
0x41922d,0xa2132272ec0
0x418bf2,0x6c6f1e5e2740
0x418ab4,0x6c6f1e5e5300
0x41abc4,0x944aa63d6400
0x4194ba,0xa2132286580
0x41996a,0xa21322931c0
0x419a83,0xa213227dc40
0x41b3ba,0x944aa63d0980
0x419d7a,0xa213227e500
0x41aece,0x944aa63d4700
0x4197b6,0xa2132285700
0x41a249,0xa21322808c0
0x41922d,0xa2132299100
0x419615,0xa2132278980
0x41a249,0xa2132280980
0x418c7f,0x6c6f1e5e0d48
0x419981,0xa213228c640
0x418b09,0x6c6f1e5e47c0
0x418c31,0x6c6f1e5e1c40
0x41abc4,0x944aa63d6740
0x41996a,0xa2132293540
0x418ab4,0x6c6f1e5e5700
0x41931b,0xa213227bd80
0x418c5a,0x944aa63d1c40
0x41901e,0xa213228d780
0x418f51,0xa2132279f80
0x41b2fa,0xa213228e800
0x41b315,0xa2132287a00
0x4197b6,0xa2132285a80
0x419cad,0xa213229e500
0x419247,0xa2132294700
0x41931b,0xa213227bf40
0x418c5a,0x944aa63d1e00
0x41a249,0xa2132280d40
0x418f51,0xa21322a0180
0x418c10,0x944aa63d3d08
0x41a73b,0x944aa63d8980
0x41b3ba,0x944aa63d0f80
0x41968a,0xa21322a10c0
0x41b315,0xa2132287c40
0x418ab4,0x6c6f1e5e5a80
0x41b181,0x944aa63d2e80
0x41b315,0xa2132287cc0
0x41b181,0x944aa63d2ec0
0x418f3a,0xa21322a3100
0x419632,0xa21322a1180
0x419d7a,0xa213227ebc0
0x41abc4,0x944aa63d6c00
0x419615,0xa2132278fc0
0x418bf2,0x6c6f1e5f5100
0x419d7a,0xa213227ed40
0x41aece,0x944aa63d4f80
0x419981,0xa213228cd80
0x41931b,0xa21322a23c0
0x418bf2,0x6c6f1e5f5240
0x41b5d1,0x944aa63da4c0
0x41a249,0xa21322a7200
0x418c8a,0x6c6f1e5f25c0
0x41a249,0xa21322a7280
0x41996a,0xa2132293d00
0x418bb8,0x944aa63e10c0
0x41aece,0x944aa63e0180
0x4194e7,0xa21322a6380
0x419a83,0xa21322a47c0
0x4197b6,0xa21322ac1c0
0x419cad,0xa213229ebc0
0x418bb8,0x944aa63e1180
0x41901e,0xa213228dfc0
0x41b3ba,0x944aa63dc500
0x419d7a,0xa21322a5100
0x41a73b,0x944aa63d8fc0
0x418ac7,0x944aa63d9f80
0x418b5f,0x944aa63e3100
0x418f51,0xa21322a08c0
0x419cad,0xa213229ed40
0x41b2fa,0xa21322b5100
0x41931b,0xa21322a2740
0x418b71,0x6c6f1e5f6408
0x418c2c,0x6c6f1e5f4708
0x41b176,0x944aa63de508
0x4194e7,0xa21322a6580
0x419247,0xa2132294f80
0x418f51,0xa21322a0980
0x419981,0xa21322b31c0
0x418ac7,0x944aa63e5100
0x418e42,0xa213229dc40
0x41b2fa,0xa21322b5240
0x419d7a,0xa21322a5300
0x41abc4,0x944aa63e23c0
0x41922d,0xa2132299f80
0x4197b6,0xa21322ac640
0x418ac7,0x944aa63e5300
0x418b77,0x6c6f1e5f6740
0x419cad,0xa21322c5100
0x419981,0xa21322b3540
0x418f51,0xa21322a0d40
0x4194ba,0xa21322ad780
0x41922d,0xa21322c0180
0x419632,0xa21322a1c40
0x41a249,0xa21322a7a00
0x41b315,0xa21322ae800
0x419d7a,0xa21322a5700
0x41abc4,0x944aa63e2740
0x41aece,0x944aa63e08c0
0x41996a,0xa21322ba4c0
0x419cad,0xa21322c5300
0x41901e,0xa21322b4700
0x418c8a,0x6c6f1e5f2e80
0x418cc3,0x944aa63dbd80
0x41aece,0x944aa63e0980
0x418c5a,0x944aa63ddc40
0x418c8a,0x6c6f1e5f2ec0
0x41b181,0x944aa63debc0
0x418ac7,0x944aa63e5700
0x41a249,0xa21322a7c40
0x41a73b,0x944aa63e47c0
0x41a249,0xa21322a7cc0
0x418cc3,0x944aa63dbf40
0x418b77,0x6c6f1e5f6c00
0x41b181,0x944aa63ded40
0x418ab4,0x6c6f1e5f8980
0x418c31,0x6c6f1e5f4f80
0x419d7a,0xa21322a5a80
0x418f51,0xa21322c7200
0x418bb8,0x944aa63e1c40
0x418f51,0xa21322c7280
0x419cad,0xa21322c5700
0x41aece,0x944aa63e0d40
0x419a83,0xa21322cb380
0x4197b6,0xa21322acd80
0x418ac7,0x944aa63e5a80
0x418cc3,0x944aa63e7200
0x418cc3,0x944aa63e7280
0x418c31,0x6c6f1e607200
0x418c8a,0x6c6f1e606380
0x418c31,0x6c6f1e607280
0x41922d,0xa21322c08c0
0x41b5d1,0x944aa63e6380
0x419981,0xa21322b3d00
0x419a83,0xa21322cb540
0x41922d,0xa21322c0980
0x4194ba,0xa21322adfc0
0x418e42,0xa21322c47c0
0x418c8a,0x6c6f1e606580
0x419cad,0xa21322c5a80
0x41b5d1,0x944aa63e6580
0x419615,0xa21322c6380
0x41b315,0xa21322d5100
0x41901e,0xa21322b4f80
0x419247,0xa21322bbd80
0x41aece,0x944aa63ec1c0
0x4197b6,0xa21322d31c0
0x418ab4,0x6c6f1e5f8fc0
0x418c10,0x944aa63eb388
0x41b315,0xa21322d5240
0x419da5,0xa21322d1340
0x419da5,0xa21322d1380
0x419615,0xa21322c6580
0x41922d,0xa21322c0d40
0x419247,0xa21322bbf40
0x419d7a,0xa21322cc1c0
0x418c1a,0x944aa63eb540
0x418f51,0xa21322c7a00
0x41996a,0xa21322e10c0
0x41931b,0xa21322c98c0
0x4197b6,0xa21322d3540
0x41996a,0xa21322e1180
0x4194e7,0xa21322cd780
0x418ab4,0x6c6f1e60b380
0x418cc3,0x944aa63e7a00
0x418c4c,0x944aa63e98c8
0x41aea2,0x944aa63ec648
0x41a249,0xa21322ce800
0x418c31,0x6c6f1e607a00
0x419a83,0xa21322cbc80
0x418f51,0xa21322c7c40
0x418ac7,0x944aa63f1340
0x419981,0xa21322da4c0
0x418ac7,0x944aa63f1380
0x418f51,0xa21322c7cc0
0x4194ba,0xa21322d4700
0x419632,0xa21322c8b80
0x41b2fa,0xa21322dc500
0x418ab4,0x6c6f1e60b540
0x419cad,0xa21322ec1c0
0x418bb8,0x944aa63ed780
0x419247,0xa21322e23c0
0x419d7a,0xa21322cc640
0x418b77,0x6c6f1e6098c0
0x418cc3,0x944aa63e7c40
0x41922d,0xa21322e7200
0x41b3ba,0x944aa63e8b80
0x418c31,0x6c6f1e607c40
0x418cc3,0x944aa63e7cc0
0x41922d,0xa21322e7280
0x418c31,0x6c6f1e607cc0
0x418bf2,0x6c6f1e608b80
0x41abc4,0x944aa63ee800
0x418c1a,0x944aa63ebc80
0x419247,0xa21322e2740
0x418e42,0xa21322eb380
0x418c8a,0x6c6f1e619100
0x419da5,0xa21322d1c40
0x419cad,0xa21322ec640
0x41a73b,0x944aa63f0980
0x4197b6,0xa21322d3d00
0x41aece,0x944aa63ecd80
0x418e42,0xa21322eb540
0x418cb1,0x944aa63f31c8
0x419d9b,0xa21322d1e08
0x4194e7,0xa21322cdfc0
0x418c5a,0x944aa63f5100
0x418ab4,0x6c6f1e60bc80
0x419d7a,0xa21322ccd80
0x41a249,0xa21322f5100
0x418f3a,0xa21322f1340
0x4194ba,0xa21322d4f80
0x418ac7,0x944aa63f1c40
0x418c5a,0x944aa63f5240
0x41901e,0xa21322dbd80
0x419a83,0xa21322f25c0
0x418f3a,0xa21322f1380
0x418bb8,0x944aa63edfc0
0x41922d,0xa21322e7a00
0x41996a,0xa21322e1c40
0x41a249,0xa21322f5240
0x418c31,0x6c6f1e61a4c0
0x418cc3,0x944aa63f3540
0x41b5d1,0x944aa63f25c0
0x418841,0xa21322dbf40
0x418abe,0x944aa63f1e08
0x418ba6,0x944aa63f9108
0x418f51,0xa21322ee800
0x41922d,0xa21322e7c40
0x41a73b,0x944aa63f0f80
0x41b181,0x944aa63f6400
0x419981,0xa21323010c0
0x41922d,0xa21322e7cc0
0x41b2fa,0xa2132303100
0x419d7a,0xa21322f31c0
0x419981,0xa2132301180
0x419cad,0xa21322ecd80
0x41b3ba,0x944aa63f4700
0x418b77,0x6c6f1e61c500
0x418e42,0xa21322ebc80
0x4197b6,0xa21322fa4c0
0x4194e7,0xa21322f4700
0x419615,0xa21322ed780
0x41b315,0xa21322fc500
0x41931b,0xa21322f0980
0x41b181,0x944aa63f6740
0x41901e,0xa21323023c0
0x41abc4,0x944aa63fa4c0
0x419d7a,0xa21322f3540
0x418ab4,0x6c6f1e61e500
0x419cad,0xa21323131c0
0x41a73b,0x944aa63fc500
0x419a83,0xa21322f2e80
0x418f3a,0xa21322f1c40
0x419a83,0xa21322f2ec0
0x418cb1,0x944aa63f3d08
0x419da5,0xa21322f8980
0x41901e,0xa2132302740
0x41aece,0x944aa63f8980
0x41b5d1,0x944aa63f2e80
0x41b5d1,0x944aa63f2ec0
0x418f3a,0xa21322f1e00
0x418c8a,0x6c6f1e619f80
0x41b181,0x944aa63f6c00
0x419a83,0xa2132319100
0x418f51,0xa2132315100
0x419cad,0xa2132313540
0x418bf2,0x6c6f1e61bd80
0x41931b,0xa21322f0f80
0x41b3ba,0x944aa63f4f80
0x418f51,0xa2132315240
0x418c7f,0x6c6f1e62c1c8
0x419247,0xa21323098c0
0x418b09,0x6c6f1e61dc40
0x418bf2,0x6c6f1e61bf40
0x419615,0xa21322edfc0
0x4194ba,0xa21322fbd80
0x4194e7,0xa21322f4f80
0x418e42,0xa21323125c0
0x418ab4,0x6c6f1e61ebc0
0x418c5a,0x944aa64010c0
0x41922d,0xa213230e800
0x419981,0xa2132301c40
0x41b3ba,0x944aa6400180
0x419d7a,0xa21322f3d00
0x418c5a,0x944aa6401180
0x4194ba,0xa21322fbf40
0x418b5f,0x944aa63fbd80
0x419da5,0xa21322f8fc0
0x41996a,0xa2132308b80
0x418ab4,0x6c6f1e61ed40
0x418ac7,0x944aa63fdc40
0x41aece,0x944aa63f8fc0
0x419632,0xa2132316400
0x418bb8,0x944aa63f9f80
0x418c1a,0x944aa6403100
0x41b5cc,0x944aa63fe508
0x4197b6,0xa21323210c0
0x418b5f,0x944aa63fbf40
0x418c8a,0x6c6f1e62c640
0x41b315,0xa2132323100
0x418bb8,0x944aa6405100
0x4197b6,0xa2132321180
0x41b181,0x944aa64023c0
0x41968a,0xa2132316740
0x419cad,0xa2132313d00
0x41a249,0xa213231c500
0x418bb8,0x944aa6405300
0x4194ba,0xa21323223c0
0x418b5f,0x944aa6407200
0x418c31,0x6c6f1e62d780
0x418b5f,0x944aa6407280
0x419615,0xa2132314700
0x41abc4,0x944aa6406380
0x418ab4,0x6c6f1e631340
0x41b181,0x944aa6402740
0x41b3ba,0x944aa64008c0
0x418f3a,0xa2132318980
0x418ab4,0x6c6f1e631380
0x418bf2,0x6c6f1e62e800
0x419d7a,0xa213231a4c0
0x41b3ba,0x944aa6400980
0x418e42,0xa2132312e80
0x41abc4,0x944aa6406580
0x418e42,0xa2132312ec0
0x41922d,0xa2132335100
0x41b5d1,0x944aa63febc0
0x4194ba,0xa2132322740
0x418bb8,0x944aa6405700
0x41aece,0x944aa64047c0
0x419632,0xa2132316c00
0x418c8a,0x6c6f1e62cd80
0x41922d,0xa2132335240
0x41b5d1,0x944aa63fed40
0x418e42,0xa2132339100
0x419a83,0xa2132319f80
0x418c5a,0x944aa6401c40
0x41b3ba,0x944aa6400d40
0x418b09,0x6c6f1e630980
0x419cad,0xa213233a4c0
0x418bb8,0x944aa6405a80
0x41901e,0xa21323298c0
0x419a83,0xa2132340180
0x4194e7,0xa213231bd80
0x418b5f,0x944aa6407a00
0x418f3a,0xa2132318fc0
0x418ac7,0x944aa64098c0
0x418c31,0x6c6f1e62dfc0
0x4197b6,0xa2132321c40
0x419615,0xa2132314f80
0x4194e7,0xa213231bf40
0x419981,0xa2132328b80
0x419247,0xa2132330980
0x418c31,0x6c6f1e640180
0x418b5f,0x944aa6407c40
0x41a73b,0x944aa6408b80
0x418ab4,0x6c6f1e631c40
0x418b5f,0x944aa6407cc0
0x418bf2,0x6c6f1e6410c0
0x41b3ba,0x944aa640c1c0
0x418f51,0xa213233c500
0x41a249,0xa2132343100
0x418cb1,0x944aa640b388
0x418bec,0x6c6f1e641188
0x418c8a,0x6c6f1e63e500
0x418ab4,0x6c6f1e631e00
0x418b09,0x6c6f1e630f80
0x41931b,0xa213233e500
0x418cc3,0x944aa640b540
0x4194e7,0xa21323423c0
0x418b09,0x6c6f1e643100
0x419d7a,0xa21323410c0
0x419a83,0xa21323408c0
0x418b71,0x6c6f1e6423c8
0x419d6b,0xa2132341188
0x419d9b,0xa2132346388
0x41b3a4,0x944aa640c648
0x419a83,0xa2132340980
0x418b5f,0x944aa64131c0
0x418bb8,0x944aa6411340
0x419247,0xa2132330f80
0x418bb8,0x944aa6411380
0x418ac7,0x944aa6415100
0x418c5a,0x944aa640d780
0x418c31,0x6c6f1e6408c0
0x419da5,0xa2132346580
0x4194e7,0xa2132342740
0x41b2fa,0xa2132351340
0x418ac7,0x944aa6415240
0x41b2fa,0xa2132351380
0x418c31,0x6c6f1e640980
0x41b181,0x944aa640e800
0x418b77,0x6c6f1e642740
0x418c8a,0x6c6f1e63ebc0
0x419cad,0xa21323610c0
0x418b5f,0x944aa6413540
0x419a83,0xa2132340d40
0x41abc4,0x944aa64125c0
0x419cad,0xa2132361180
0x418e42,0xa2132339f80
0x41931b,0xa213233ebc0
0x41996a,0xa2132356400
0x419632,0xa213233dc40
0x418c8a,0x6c6f1e63ed40
0x418cc3,0x944aa640bc80
0x4194ba,0xa21323498c0
0x41931b,0xa213233ed40
0x41aece,0x944aa6410980
0x418c31,0x6c6f1e640d40
0x418e42,0xa2132360180
0x41a73b,0x944aa6414700
0x418ab4,0x6c6f1e6447c0
0x418bf2,0x6c6f1e641c40
0x41b3ba,0x944aa640cd80
0x41922d,0xa213235c500
0x418f51,0xa2132363100
0x41996a,0xa2132356740
0x419615,0xa213233bd80
0x4197b6,0xa2132348b80
0x41901e,0xa2132350980
0x419a83,0xa2132367200
0x419a83,0xa2132367280
0x418bb8,0x944aa6411c40
0x419615,0xa213233bf40
0x41931b,0xa2132365100
0x418c5a,0x944aa640dfc0
0x419d7a,0xa2132341c40
0x418c31,0x6c6f1e6531c0
0x418ba6,0x944aa6411e08
0x418c4c,0x944aa6419108
0x41b2fa,0xa2132351c40
0x418b5f,0x944aa6413d00
0x41931b,0xa2132365300
0x41aece,0x944aa6410f80
0x41b5d1,0x944aa6416400
0x418f3a,0xa2132366380
0x41abc4,0x944aa6412e80
0x41996a,0xa2132356c00
0x41abc4,0x944aa6412ec0
0x41b2fa,0xa2132351e00
0x418b77,0x6c6f1e655100
0x418c8a,0x6c6f1e6525c0
0x418e42,0xa21323608c0
0x419615,0xa21323623c0
0x418b77,0x6c6f1e655240
0x418c31,0x6c6f1e653540
0x41901e,0xa2132350f80
0x418e42,0xa2132360980
0x418f3a,0xa2132366580
0x551432,0x8ec426d1ebc0
0x551432,0x8ec426d1ed40
0x414440,0x8ec426d26580
0x41448e,0x8ec426d25700
0x414551,0x8ec426d2c1c0
0x4144b6,0x944aa64210c0
0x41452d,0x8ec426d2b380
0x41447b,0x944aa6420180
0x4144b6,0x944aa6421180
0x414458,0x944aa6423100
0x41452d,0x8ec426d2b540
0x41448e,0x8ec426d25a80
0x551432,0x944aa6425100
0x414428,0x944aa64223c0
0x414551,0x8ec426d2c640
0x414568,0x8ec426d298c0
0x4145a2,0x8ec426d27a00
0x4144e0,0x8ec426d2d780
0x414595,0x6c6f1e65e500
0x4145be,0xa2132368b80
0x551432,0x944aa6425300
0x41450f,0xa2132370988
0x4144f1,0x8ec426d2e800
0x414540,0x944aa6426380
0x414508,0x944aa6427200
0x4145b3,0x8ec426d28b80
0x4145a2,0x8ec426d27c40
0x414428,0x944aa6422740
0x414508,0x944aa6427280
0x41447b,0x944aa64208c0
0x4145a2,0x8ec426d27cc0
0x4144cd,0x6c6f1e65c500
0x41447b,0x944aa6420980
0x414540,0x944aa6426580
0x41452d,0x8ec426d2bc80
0x414579,0x944aa64247c0
0x551432,0x944aa6425700
0x414551,0x8ec426d2cd80
0x4144b6,0x944aa6421c40
0x41447b,0x944aa6420d40
0x41450f,0xa2132370f88
0x414595,0x6c6f1e65ebc0
0x4145b3,0x944aa642c1c0
0x4144e0,0x8ec426d2dfc0
0x551432,0x944aa6425a80
0x4145be,0x6c6f1e671340
0x414595,0x6c6f1e65ed40
0x4145be,0x6c6f1e671380
0x4145a2,0x944aa642b380
0x414508,0x944aa6427a00
0x4145a2,0x944aa642b540
0x41447b,0x944aa64331c0
0x41448e,0x944aa64298c0
0x414428,0x944aa6435100
0x4144e0,0x944aa6431340
0x414508,0x944aa6427c40
0x4144e0,0x944aa6431380
0x414508,0x944aa6427cc0
0x4145b3,0x944aa642c640
0x414595,0x6c6f1e683100
0x4144a9,0x944aa6428b80
0x414428,0x944aa6435240
0x414468,0x6c6f1e670980
0x414568,0x944aa642d780
0x41447b,0x944aa6433540
0x4144f1,0x944aa64325c0
0x414540,0x944aa6439100
0x414458,0x944aa6436400
0x414588,0x944aa642e800
0x4144b6,0x944aa6434700
0x414551,0x944aa6430980
0x4145be,0x6c6f1e671c40
0x4145a2,0x944aa642bc80
0x414458,0x944aa6436740
0x414468,0x6c6f1e670f80
0x4145be,0x6c6f1e671e00
0x4145b3,0x944aa642cd80
0x55146b,0x6c6f1e67dc40
0x414508,0x944aa643a4c0
0x4144e0,0x944aa6431c40
0x414579,0x944aa6438980
0x414568,0x944aa642dfc0
0x4144e0,0x944aa6431e00
0x41447b,0x944aa6433d00
0x414458,0x944aa6436c00
0x41448e,0x944aa643c500
0x4144f1,0x944aa6432e80
0x414551,0x944aa6430f80
0x4144f1,0x944aa6432ec0
0x414588,0x944aa64410c0
0x414568,0x944aa6440180
0x414588,0x944aa6441180
0x4145be,0x6c6f1e691340
0x4145be,0x6c6f1e691380
0x414551,0x944aa6443100
0x4144b6,0x944aa6434f80
0x4144f1,0x944aa6445100
0x4145a2,0x944aa643e500
0x41452d,0x944aa64423c0
0x4144b6,0x944aa6447200
0x4144f1,0x944aa6445300
0x414579,0x944aa6438fc0
0x4144b6,0x944aa6447280
0x41447b,0x944aa6446380
0x414468,0x6c6f1e690980
0x414540,0x944aa6439f80
0x4144a9,0x944aa643bd80
0x41452d,0x944aa6442740
0x41447b,0x944aa6446580
0x414595,0x6c6f1e6a23c0
0x414568,0x944aa64408c0
0x414540,0x944aa644c1c0
0x414568,0x944aa6440980
0x414579,0x944aa644b380
0x4144f1,0x944aa6445700
0x4144a9,0x944aa643bf40
0x4144e0,0x944aa64447c0
0x414440,0x944aa643dc40
0x4145a2,0x944aa643ebc0
0x4145be,0x6c6f1e691c40
0x414579,0x944aa644b540
0x414595,0x6c6f1e6a2740
0x55146b,0x6c6f1e69dc40
0x4145a2,0x944aa643ed40
0x414468,0x6c6f1e690f80
0x4145be,0x6c6f1e691e00
0x414588,0x944aa6441c40
0x4144f1,0x944aa6445a80
0x414568,0x944aa6440d40
0x414458,0x944aa64498c0
0x4144b6,0x944aa6447a00
0x414540,0x944aa644c640
0x414428,0x944aa6448b80
0x4144b6,0x944aa6447c40
0x4144b6,0x944aa6447cc0
0x414508,0x944aa644d780
0x414568,0x944aa64531c0
0x41452d,0x944aa6455100
0x4145be,0x6c6f1e6b1340
0x4145a2,0x944aa6451340
0x4145be,0x6c6f1e6b1380
0x4144a9,0x944aa644e800
0x4145a2,0x944aa6451380
0x414579,0x944aa644bc80
0x41452d,0x944aa6455240
0x41447b,0x944aa6459100
0x414540,0x944aa644cd80
0x414568,0x944aa6453540
0x4145b3,0x944aa64525c0
0x414551,0x944aa6456400
0x414468,0x6c6f1e6b0980
0x414440,0x944aa6450980
0x414588,0x944aa6454700
0x4144b6,0x944aa645a4c0
0x414508,0x944aa644dfc0
0x414551,0x944aa6456740
0x414458,0x944aa645c500
0x414508,0x944aa6460180
0x4145be,0x6c6f1e6b1c40
0x551432,0x944aa645e500
0x4144a9,0x944aa64610c0
0x4145a2,0x944aa6451c40
0x4144cd,0xe8035e45a4c0
0x4144a9,0x944aa6461180
0x4144f1,0x944aa6458980
0x414468,0x6c6f1e6b0f80
0x41455c,0x6c537032c1c0
0x4145be,0x6c6f1e6b1e00
0x414440,0x944aa6450f80
0x414568,0x944aa6453d00
0x4145a2,0x944aa6451e00
0x414551,0x944aa6456c00
0x4145b3,0x944aa6452e80
0x4145b3,0x944aa6452ec0
0x414440,0x944aa6463100
0x414595,0xd79e62a50980
0x55146b,0x6c6f1e6bdc40
0x41448e,0x944aa64623c0
0x414588,0x944aa6454f80
0x4145b3,0x944aa6465100
0x41455c,0x6c537032c640
0x414428,0x944aa645bd80
0x414508,0x944aa64608c0
0x414579,0x944aa645dc40
0x4144f1,0x944aa6458fc0
0x41447b,0x944aa6459f80
0x414508,0x944aa6460980
0x414588,0x944aa6467200
0x4145b3,0x944aa6465300
0x551432,0x944aa645ebc0
0x551432,0x944aa645ed40
0x414588,0x944aa6467280
0x414428,0x944aa645bf40
0x41448e,0x944aa6462740
0x414568,0x944aa6466380
0x414595,0xd79e62a50f80
0x414468,0x6c537032d780
0x41447b,0x944aa646c1c0
0x414568,0x944aa6466580
0x414595,0xa7d08ad03100
0x4144f1,0x944aa646b380
0x414508,0x944aa6460d40
0x55146b,0x6c537033a4c0
0x4145b3,0x944aa6465700
0x4144a9,0x944aa6461c40
0x4145a2,0x944aa64647c0
0x4145be,0x6c537032e800
0x4144f1,0x944aa646b540
0x41450f,0x6c5370334708
0x41455c,0x6c537032cd80
0x41447b,0x944aa646c640
0x4145b3,0x944aa6465a80
0x551432,0x944aa6471340
0x551432,0x944aa6471380
0x414551,0x944aa64698c0
0x414588,0x944aa6467a00
0x414508,0x944aa64731c0
0x4144b6,0x944aa646d780
0x414428,0x944aa646e800
0x41452d,0x944aa6468b80
0x414588,0x944aa6467c40
0x414468,0x6c537032dfc0
0x41448e,0x944aa6475100
0x414540,0x944aa64725c0
0x414588,0x944aa6467cc0
0x41448e,0x944aa6475240
0x414508,0x944aa6473540
0x4144f1,0x944aa646bc80
0x414579,0x944aa6470980
0x4145be,0xee30bb940180
0x41450f,0x6c5370334f88
0x41447b,0x944aa646cd80
0x414568,0x944aa6479100
0x4144a9,0x944aa6474700
0x414440,0x944aa6476400
0x551432,0x944aa6471c40
0x55146b,0xee30bb94c1c0
0x4144b6,0x944aa646dfc0
0x41450f,0xee30bb946388
0x414428,0x944aa64810c0
0x414440,0x944aa6476740
0x4144b6,0x944aa6480180
0x414588,0x944aa647a4c0
0x551432,0x944aa6471e00
0x551432,0x944aa6483100
0x414428,0x944aa6481180
0x414579,0x944aa6470f80
0x414508,0x944aa6473d00
0x414540,0x944aa6472e80
0x414540,0x944aa6472ec0
0x41450f,0xee30bb946588
0x414551,0x944aa647c500
0x414468,0xa7d08ad10980
0x4144f1,0x944aa647e500
0x4145be,0xee30bb9408c0
0x4144cd,0xee30bb959100
0x414458,0x944aa64823c0
0x4145be,0xee30bb940980
0x414540,0x944aa6485100
0x4145b3,0x944aa6478980
0x55146b,0xee30bb94c640
0x414440,0x944aa6476c00
0x4144a9,0x944aa6474f80
0x414540,0x944aa6485300
0x414595,0xee30bb9525c0
0x414458,0x944aa6482740
0x4145be,0xee30bb940d40
0x4144b6,0x944aa64808c0
0x414508,0x944aa6486380
0x4144a9,0x944aa6487200
0x414468,0xa7d08ad10f80
0x55146b,0xee30bb94cd80
0x4144a9,0x944aa6487280
0x4144b6,0x944aa6480980
0x414579,0x944aa64847c0
0x4144e0,0x944aa647dc40
0x4144f1,0x944aa647ebc0
0x414540,0x944aa6485700
0x414508,0x944aa6486580
0x41452d,0x944aa647bd80
0x4145b3,0x944aa6478fc0
0x414568,0x944aa6479f80
0x4144f1,0x944aa647ed40
0x41455c,0xee30bb95e500
0x414428,0x944aa6481c40
0x41452d,0x944aa647bf40
0x4145be,0xee30bb960180
0x4144b6,0x944aa6480d40
0x414568,0x944aa648c1c0
0x414540,0x944aa6485a80
0x4145b3,0x944aa648b380
0x414595,0xee30bb952e80
0x414595,0xee30bb952ec0
0x41450f,0xee30bb966388
0x55146b,0xee30bb96c1c0
0x4144a9,0x944aa6487a00
0x4145b3,0x944aa648b540
0x4144b6,0x944aa64931c0
0x4144f1,0x944aa6491340
0x4144f1,0x944aa6491380
0x414440,0x944aa64898c0
0x414568,0x944aa648c640
0x41450f,0xee30bb966588
0x4144cd,0xee30bb959f80
0x41455c,0xee30bb95ebc0
0x4144a9,0x944aa6487c40
0x4144a9,0x944aa6487cc0
0x41448e,0x944aa6488b80
0x4145be,0xee30bb9608c0
0x4144cd,0xee30bb979100
0x414588,0x944aa648d780
0x41455c,0xee30bb95ed40
0x551432,0x944aa6495100
0x551432,0x944aa6495240
0x55146b,0xee30bb96c640
0x4145be,0xee30bb960980
0x414458,0x944aa6496400
0x41447b,0x944aa64925c0
0x4144b6,0x944aa6493540
0x41452d,0x944aa648e800
0x414508,0x944aa6499100
0x414595,0xee30bb9725c0
0x414428,0x944aa6494700
0x4144e0,0x944aa6490980
0x414458,0x944aa6496740
0x4145b3,0x944aa648bc80
0x4145be,0xee30bb960d40
0x414568,0x944aa648cd80
0x4144f1,0x944aa6491c40
0x4144a9,0x944aa649a4c0
0x55146b,0xee30bb96cd80
0x41455c,0xee30bb97e500
0x414588,0x944aa648dfc0
0x4145be,0xee30bb980180
0x414458,0x944aa6496c00
0x4144b6,0x944aa6493d00
0x4144f1,0x944aa6491e00
0x414540,0x944aa6498980
0x41447b,0x944aa6492e80
0x4144e0,0x944aa6490f80
0x41447b,0x944aa6492ec0
0x41452d,0x944aa64a10c0
0x414588,0x944aa64a0180
0x414440,0x944aa649c500
0x41452d,0x944aa64a1180
0x4144e0,0x944aa64a3100
0x414595,0xee30bb972e80
0x55146b,0xee30bb98c1c0
0x414428,0x944aa6494f80
0x414595,0xee30bb972ec0
0x41447b,0x944aa64a5100
0x41450f,0xee30bb986388
0x4145b3,0x944aa649e500
0x414551,0x944aa64a23c0
0x414428,0x944aa64a7200
0x41447b,0x944aa64a5300
0x414428,0x944aa64a7280
0x41450f,0xee30bb986588
0x4144cd,0xee30bb979f80
0x41455c,0xee30bb97ebc0
0x4144b6,0x944aa64a6380
0x55146b,0xee30bb98c640
0x414540,0x944aa6498fc0
0x4145be,0xee30bb9808c0
0x4144cd,0xee30bb999100
0x41455c,0xee30bb97ed40
0x4145be,0xee30bb980980
0x414508,0x944aa6499f80
0x414551,0x944aa64a2740
0x4144b6,0x944aa64a6580
0x414588,0x944aa64a08c0
0x41448e,0x944aa649bd80
0x41447b,0x944aa64a5700
0x414588,0x944aa64a0980
0x4144f1,0x944aa64a47c0
0x414595,0xee30bb9925c0
0x414508,0x944aa64ac1c0
0x414540,0x944aa64ab380
0x41448e,0x944aa649bf40
0x4145a2,0x944aa649dc40
0x4145b3,0x944aa649ebc0
0x4145be,0xee30bb980d40
0x414540,0x944aa64ab540
0x4145b3,0x944aa649ed40
0x41452d,0x944aa64a1c40
0x41447b,0x944aa64a5a80
0x414588,0x944aa64a0d40
0x414428,0x944aa64a7a00
0x55146b,0xee30bb98cd80
0x414579,0x944aa64a98c0
0x414508,0x944aa64ac640
0x41455c,0xee30bb99e500
0x414458,0x944aa64a8b80
0x414428,0x944aa64a7c40
0x4145be,0xee30bb9a0180
0x414428,0x944aa64a7cc0
0x4144a9,0x944aa64ad780
0x414588,0x944aa64b31c0
0x55146b,0xee30bb9ac1c0
0x414551,0x944aa64b5100
0x4145b3,0x944aa64b1340
0x4145b3,0x944aa64b1380
0x414595,0xee30bb992e80
0x414595,0xee30bb992ec0
0x414551,0x944aa64b5240
0x414540,0x944aa64abc80
0x41448e,0x944aa64ae800
0x41450f,0xee30bb9a6388
0x4144b6,0x944aa64b9100
0x414568,0x944aa64b25c0
0x414588,0x944aa64b3540
0x4144e0,0x944aa64b6400
0x55146b,0xee30bb9ac640
0x414508,0x944aa64acd80
0x41450f,0xee30bb9a6588
0x4144cd,0xee30bb999f80
0x41455c,0xee30bb99ebc0
0x4145be,0xee30bb9a08c0
0x41452d,0x944aa64b4700
0x4144cd,0xee30bb9b9100
0x41455c,0xee30bb99ed40
0x4145be,0xee30bb9a0980
0x4145a2,0x944aa64b0980
0x414428,0x944aa64ba4c0
0x4144e0,0x944aa64b6740
0x4144a9,0x944aa64adfc0
0x414595,0xee30bb9b25c0
0x414579,0x944aa64bc500
0x4145b3,0x944aa64b1c40
0x4144a9,0x944aa64c0180
0x4145be,0xee30bb9a0d40
0x414540,0x944aa64be500
0x41447b,0x944aa64b8980
0x41448e,0x944aa64c10c0
0x41448e,0x944aa64c1180
0x414588,0x944aa64b3d00
0x4145b3,0x944aa64b1e00
0x55146b,0xee30bb9acd80
0x4144e0,0x944aa64b6c00
0x414568,0x944aa64b2e80
0x4145a2,0x944aa64b0f80
0x414568,0x944aa64b2ec0
0x41455c,0xee30bb9be500
0x4145a2,0x944aa64c3100
0x4145be,0xee30bb9c0180
0x41452d,0x944aa64b4f80
0x414568,0x944aa64c5100
0x414440,0x944aa64c23c0
0x551432,0x944aa64bdc40
0x414458,0x944aa64bbd80
0x41447b,0x944aa64b8fc0
0x414568,0x944aa64c5300
0x4144b6,0x944aa64b9f80
0x41452d,0x944aa64c7200
0x4144a9,0x944aa64c08c0
0x414540,0x944aa64bebc0
0x414595,0xee30bb9b2e80
0x41452d,0x944aa64c7280
0x414595,0xee30bb9b2ec0
0x414458,0x944aa64bbf40
0x4144a9,0x944aa64c0980
0x414588,0x944aa64c6380
0x414440,0x944aa64c2740
0x414540,0x944aa64bed40
0x4144b6,0x944aa64cc1c0
0x414588,0x944aa64c6580
0x41447b,0x944aa64cb380
0x4144cd,0xee30bb9b9f80
0x41455c,0xee30bb9bebc0
0x414568,0x944aa64c5700
0x4145b3,0x944aa64c47c0
0x4145be,0xee30bb9c08c0
0x4144a9,0x944aa64c0d40
0x4144cd,0x412e73cc10c0
0x41455c,0xee30bb9bed40
0x41448e,0x944aa64c1c40
0x41447b,0x944aa64cb540
0x4145be,0xee30bb9c0980
0x4144cd,0x412e73cc1180
0x41450f,0x412e73cae808
0x55146b,0x412e73cb4700
0x414595,0x412e73cba4c0
0x4144b6,0x944aa64cc640
0x414568,0x944aa64c5a80
0x414540,0x944aa64d1340
0x4144e0,0x944aa64c98c0
0x414540,0x944aa64d1380
0x41452d,0x944aa64c7a00
0x414428,0x944aa64cd780
0x4145be,0xee30bb9c0d40
0x4144a9,0x944aa64d31c0
0x414458,0x944aa64ce800
0x414551,0x944aa64c8b80
0x41452d,0x944aa64c7c40
0x41452d,0x944aa64c7cc0
0x414440,0x944aa64d5100
0x41455c,0x412e73cc6380
0x414508,0x944aa64d25c0
0x414468,0x412e73cc7200
0x414579,0x944aa64d0980
0x41447b,0x944aa64cbc80
0x414468,0x412e73cc7280
0x414440,0x944aa64d5240
0x4144a9,0x944aa64d3540
0x41455c,0x412e73cc6580
0x55146b,0x412e73cb4f80
0x4144b6,0x944aa64ccd80
0x414588,0x944aa64d9100
0x41448e,0x944aa64d4700
0x4145a2,0x944aa64d6400
0x4144cd,0x412e73cc1c40
0x414428,0x944aa64cdfc0
0x414540,0x944aa64d1c40
0x414428,0x944aa64e0180
0x414540,0x944aa64d1e00
0x414579,0x944aa64d0f80
0x41452d,0x944aa64da4c0
0x4145a2,0x944aa64d6740
0x4144e0,0x944aa64dc500
0x414579,0x944aa64e3100
0x414468,0x412e73cc7a00
0x4144a9,0x944aa64d3d00
0x414508,0x944aa64d2e80
0x414508,0x944aa64d2ec0
0x4144cd,0x412e73ce10c0
0x551432,0x944aa64e10c0
0x551432,0x944aa64e1180
0x55146b,0x412e73cd4700
0x41447b,0x944aa64de500
0x414458,0x944aa64e23c0
0x4144cd,0x412e73ce1180
0x41450f,0x412e73cce808
0x414468,0x412e73cc7c40
0x414568,0x944aa64d8980
0x414595,0x412e73cda4c0
0x414468,0x412e73cc7cc0
0x414508,0x944aa64e5100
0x4145be,0x412e73cc8b80
0x4145a2,0x944aa64d6c00
0x41448e,0x944aa64d4f80
0x414458,0x944aa64e2740
0x414508,0x944aa64e5300
0x414428,0x944aa64e08c0
0x414428,0x944aa64e0980
0x4144a9,0x944aa64e6380
0x41448e,0x944aa64e7200
0x41448e,0x944aa64e7280
0x41455c,0x412e73ce6380
0x41447b,0x944aa64debc0
0x4144f1,0x944aa64ddc40
0x414551,0x944aa64dbd80
0x414540,0x944aa64e47c0
0x55146b,0x412e73cd4f80
0x414568,0x944aa64d8fc0
0x4144a9,0x944aa64e6580
0x414508,0x944aa64e5700
0x414588,0x944aa64d9f80
0x41447b,0x944aa64ded40
0x41455c,0x412e73ce6580
0x4145be,0x412e73ce7200
0x414551,0x944aa64dbf40
0x414428,0x944aa64e0d40
0x4145be,0x412e73ce7280
0x414588,0x944aa64ec1c0
0x551432,0x944aa64e1c40
0x4144cd,0x412e73ce1c40
0x414508,0x944aa64e5a80
0x414568,0x944aa64eb380
0x414568,0x944aa64eb540
0x414428,0x944aa64f31c0
0x41448e,0x944aa64e7a00
0x41447b,0x944aa64f1340
0x41447b,0x944aa64f1380
0x414595,0x28e837cb31c0
0x414588,0x944aa64ec640
0x414579,0x944aa64f5100
0x4145a2,0x944aa64e98c0
0x41448e,0x944aa64e7c40
0x414579,0x944aa64f5240
0x41452d,0x944aa64ed780
0x41450f,0x28e837cad788
0x414468,0x28e837ca8b80
0x41448e,0x944aa64e7cc0
0x4145be,0x412e73ce7a00
0x414440,0x944aa64e8b80
0x414428,0x944aa64f3540
0x4144b6,0x944aa64f25c0
0x414551,0x944aa64ee800
0x414595,0x28e837cb3540
0x551432,0x944aa64f6400
0x55146b,0x28e837c898c0
0x4145be,0x412e73ce7c40
0x4144a9,0x944aa64f9100
0x414458,0x944aa64f4700
0x4145be,0x412e73ce7cc0
0x4144f1,0x944aa64f0980
0x414568,0x944aa64ebc80
0x414588,0x944aa64ecd80
0x41455c,0x28e837cb1340
0x41455c,0x28e837cb1380
0x551432,0x944aa64f6740
0x41447b,0x944aa64f1c40
0x414468,0x28e837ca6380
0x41448e,0x944aa64fa4c0
0x41450f,0x28e837cadfc8
0x41452d,0x944aa64edfc0
0x414428,0x944aa64f3d00
0x41447b,0x944aa64f1e00
0x414595,0x28e837cb3d00
0x4144b6,0x944aa64f2e80
0x4144f1,0x944aa64f0f80
0x551432,0x944aa64f6c00
0x4144b6,0x944aa64f2ec0
0x414551,0x944aa65010c0
0x414508,0x944aa64f8980
0x41452d,0x944aa6500180
0x414468,0x28e837ca6580
0x414551,0x944aa6501180
0x4144f1,0x944aa6503100
0x414458,0x944aa64f4f80
0x4145a2,0x944aa64fc500
0x4144b6,0x944aa6505100
0x414568,0x944aa64fe500
0x4144e0,0x944aa65023c0
0x414595,0x28e837cc0180
0x414458,0x944aa6507200
0x4144b6,0x944aa6505300
0x414458,0x944aa6507280
0x41455c,0x28e837cb1c40
0x414428,0x944aa6506380
0x4145be,0x28e837cb8980
0x414508,0x944aa64f8fc0
0x4144cd,0x28e837ccc1c0
0x41455c,0x28e837cb1e00
0x4144e0,0x944aa6502740
0x414428,0x944aa6506580
0x41452d,0x944aa65008c0
0x4144a9,0x944aa64f9f80
0x41452d,0x944aa6500980
0x4144b6,0x944aa6505700
0x41447b,0x944aa65047c0
0x414440,0x944aa64fbd80
0x414568,0x944aa64febc0
0x4145b3,0x944aa64fdc40
0x41455c,0x28e837cd9100
0x4144a9,0x944aa650c1c0
0x414508,0x944aa650b380
0x414440,0x944aa64fbf40
0x414568,0x944aa64fed40
0x4144cd,0x28e837ccc640
0x55146b,0x28e837cbbd80
0x414595,0x28e837cc08c0
0x414551,0x944aa6501c40
0x4144b6,0x944aa6505a80
0x414508,0x944aa650b540
0x41452d,0x944aa6500d40
0x414595,0x28e837cc0980
0x414458,0x944aa6507a00
0x4145be,0x28e837cb8fc0
0x414579,0x944aa65098c0
0x4144a9,0x944aa650c640
0x414458,0x944aa6507c40
0x551432,0x944aa6508b80
0x55146b,0x28e837cbbf40
0x414458,0x944aa6507cc0
0x414595,0x28e837cc0d40
0x4145be,0x28e837ce23c0
0x41452d,0x944aa65131c0
0x4144e0,0x944aa6515100
0x414568,0x944aa6511340
0x41448e,0x944aa650d780
0x414568,0x944aa6511380
0x4144e0,0x944aa6515240
0x4144cd,0x28e837cccd80
0x55146b,0x28e837ce6380
0x55146b,0x28e837ce6580
0x414428,0x944aa6519100
0x414508,0x944aa650bc80
0x414440,0x944aa650e800
0x41450f,0x28e837cde508
0x4145be,0x28e837ce2740
0x41452d,0x944aa6513540
0x414588,0x944aa65125c0
0x4144f1,0x944aa6516400
0x414468,0x28e837cd8980
0x4144a9,0x944aa650cd80
0x414595,0x28e837ceb380
0x414551,0x944aa6514700
0x4144cd,0x28e837cf31c0
0x4145b3,0x944aa6510980
0x414458,0x944aa651a4c0
0x4144f1,0x944aa6516740
0x414595,0x28e837ceb540
0x41455c,0x28e837cd9f80
0x414579,0x944aa651c500
0x41448e,0x944aa650dfc0
0x414568,0x944aa6511c40
0x4144cd,0x28e837cf3540
0x41455c,0x28e837d00180
0x41450f,0x28e837cdebc8
0x414468,0x28e837cd8fc0
0x4144b6,0x944aa6518980
0x41448e,0x944aa6520180
0x414568,0x944aa6511e00
0x414508,0x944aa651e500
0x41452d,0x944aa6513d00
0x414440,0x944aa65210c0
0x41450f,0x28e837cded48
0x4144f1,0x944aa6516c00
0x414440,0x944aa6521180
0x414588,0x944aa6512e80
0x4145b3,0x944aa6510f80
0x414588,0x944aa6512ec0
0x4145b3,0x944aa6523100
0x414551,0x944aa6514f80
0x414595,0x28e837cebc80
0x414588,0x944aa6525100
0x41450f,0x28e837d05108
0x4145a2,0x944aa65223c0
0x4144b6,0x944aa6518fc0
0x414428,0x944aa6519f80
0x414551,0x944aa6527200
0x414588,0x944aa6525300
0x41455c,0x28e837d008c0
0x414540,0x944aa651dc40
0x41450f,0x28e837d05308
0x551432,0x944aa651bd80
0x551432,0x944aa651bf40
0x4144cd,0x28e837cf3d00
0x414551,0x944aa6527280
0x41455c,0x28e837d00980
0x41452d,0x944aa6526380
0x414508,0x944aa651ebc0
0x41448e,0x944aa65208c0
0x41448e,0x944aa6520980
0x414508,0x944aa651ed40
0x4145a2,0x944aa6522740
0x41452d,0x944aa6526580
0x4145be,0xfdfd3a8c47c0
0x4144b6,0x944aa652b380
0x414588,0x944aa6525700
0x551432,0x944aa652c1c0
0x414568,0x944aa65247c0
0x41450f,0x28e837d05708
0x4144cd,0xfdfd3a8d5100
0x41455c,0x28e837d00d40
0x4144b6,0x944aa652b540
0x41448e,0x944aa6520d40
0x4144cd,0xfdfd3a8d5240
0x414440,0x944aa6521c40
0x414588,0x944aa6525a80
0x4144f1,0x944aa65298c0
0x41450f,0x28e837d05a88
0x551432,0x944aa652c640
0x55146b,0xfdfd3a8c8b80
0x414428,0x944aa652d780
0x414551,0x944aa6527a00
0x414508,0x944aa6531340
0x414595,0xfdfd3a8cd780
0x414508,0x944aa6531380
0x414458,0x944aa652e800
0x4144e0,0x944aa6528b80
0x41448e,0x944aa65331c0
0x414551,0x944aa6527c40
0x414468,0xfdfd3a8e10c0
0x414551,0x944aa6527cc0
0x414468,0xfdfd3a8e1180
0x41455c,0xfdfd3a8e23c0
0x4145a2,0x944aa6535100
0x4144b6,0x944aa652bc80
0x4144a9,0x944aa65325c0
0x414540,0x944aa6530980
0x4145a2,0x944aa6535240
0x41448e,0x944aa6533540
0x41452d,0x944aa6539100
0x41455c,0xfdfd3a8e2740
0x4145be,0xfdfd3a8eb380
0x41450f,0xfdfd3a8e7208
0x551432,0x944aa652cd80
0x41450f,0xfdfd3a8e7288
0x4145b3,0x944aa6536400
0x414428,0x944aa652dfc0
0x4145be,0xfdfd3a8eb540
0x414440,0x944aa6534700
0x414595,0xfdfd3a8cdfc0
0x414508,0x944aa6531c40
0x414458,0x944aa6540180
0x414551,0x944aa653a4c0
0x414579,0x944aa65410c0
0x4145b3,0x944aa6536740
0x414508,0x944aa6531e00
0x414540,0x944aa6530f80
0x414579,0x944aa6541180
0x4144f1,0x944aa653c500
0x414540,0x944aa6543100
0x4144b6,0x944aa653e500
0x4144a9,0x944aa6532e80
0x41448e,0x944aa6533d00
0x4144a9,0x944aa6532ec0
0x414468,0xfdfd3a8e1c40
0x414588,0x944aa6538980
0x551432,0x944aa65423c0
0x41450f,0xfdfd3a8e7a08
0x4145be,0xfdfd3a8ebc80
0x4144a9,0x944aa6545100
0x4145b3,0x944aa6536c00
0x414595,0xfdfd3a8f4700
0x4144cd,0xfdfd3a8fc500
0x414440,0x944aa6534f80
0x414458,0x944aa65408c0
0x41450f,0xfdfd3a8e7c48
0x4144a9,0x944aa6545300
0x41450f,0xfdfd3a8e7cc8
0x414458,0x944aa6540980
0x551432,0x944aa6542740
0x41447b,0x944aa653dc40
0x4144b6,0x944aa653ebc0
0x41448e,0x944aa6546380
0x414440,0x944aa6547200
0x4144e0,0x944aa653bd80
0x4145be,0xa2132199100
0x414440,0x944aa6547280
0x414588,0x944aa6538fc0
0x41452d,0x944aa6539f80
0x414508,0x944aa65447c0
0x4144b6,0x944aa653ed40
0x4144e0,0x944aa653bf40
0x4144a9,0x944aa6545700
0x41448e,0x944aa6546580
0x414458,0x944aa6540d40
0x41450f,0xa2132195108
0x414579,0x944aa6541c40
0x41452d,0x944aa654c1c0
0x41450f,0xa2132195248
0x414588,0x944aa654b380
0x414595,0xfdfd3a8f4f80
0x41455c,0xa2132190980
0x4144a9,0x944aa6545a80
0x414588,0x944aa654b540
0x414458,0x944aa65531c0
0x4144b6,0x944aa6551340
0x414579,0x944aa6555100
0x4144b6,0x944aa6551380
0x41452d,0x944aa654c640
0x414440,0x944aa6547a00
0x414579,0x944aa6555240
0x4145b3,0x944aa65498c0
0x414595,0xa21321a23c0
0x414551,0x944aa654d780
0x414428,0x944aa65525c0
0x414440,0x944aa6547c40
0x414458,0x944aa6553540
0x4144e0,0x944aa654e800
0x414440,0x944aa6547cc0
0x41455c,0xa2132190f80
0x4145a2,0x944aa6548b80
0x414540,0x944aa6556400
0x414595,0xa21321a2740
0x41447b,0x944aa6550980
0x41448e,0x944aa6559100
0x414588,0x944aa654bc80
0x551432,0x944aa6554700
0x55146b,0xa213219dc40
0x4145be,0xa2132199f80
0x41452d,0x944aa654cd80
0x414540,0x944aa6556740
0x4144b6,0x944aa6551c40
0x4145be,0xa21321c0180
0x414468,0xa21321b6400
0x414551,0x944aa654dfc0
0x4144b6,0x944aa6551e00
0x414458,0x944aa6553d00
0x414588,0x908653179100
0x414440,0x944aa655a4c0
0x414428,0x944aa6552e80
0x41447b,0x944aa6550f80
0x414428,0x944aa6552ec0
0x4145a2,0x908653176400
0x414540,0x944aa6556c00
0x4144a9,0x944aa6558980
0x414468,0xa21321b6740
0x551432,0x944aa6554f80
0x414458,0x9086531810c0
0x414428,0x908653180180
0x41452d,0x90865317a4c0
0x41450f,0xa21321bc508
0x414458,0x908653181180
0x4145a2,0x908653176740
0x4144e0,0x90865317c500
0x414579,0x908653183100
0x4145be,0xa21321c08c0
0x41447b,0x90865317e500
0x4145be,0xa21321c0980
0x551432,0x9086531823c0
0x55146b,0xa21321c47c0
0x414468,0xa21321b6c00
0x414568,0x908653178980
0x414508,0x908653185100
0x4144a9,0x944aa6558fc0
0x4144cd,0xa21321d1340
0x4144cd,0xa21321d1380
0x4145a2,0x908653176c00
0x41448e,0x944aa6559f80
0x414508,0x908653185300
0x4145be,0xa21321c0d40
0x551432,0x908653182740
0x414428,0x9086531808c0
0x414428,0x908653180980
0x414595,0xa21321c98c0
0x4144a9,0x908653186380
0x41448e,0x908653187200
0x41448e,0x908653187280
0x41447b,0x90865317ebc0
0x4144f1,0x90865317dc40
0x414551,0x90865317bd80
0x414540,0x9086531847c0
0x414568,0x908653178fc0
0x41455c,0xa21321de500
0x4144a9,0x908653186580
0x414508,0x908653185700
0x414588,0x908653179f80
0x41447b,0x90865317ed40
0x414458,0x908653181c40
0x4145be,0xa21321e7200
0x414551,0x90865317bf40
0x414428,0x908653180d40
0x4145be,0xa21321e7280
0x41450f,0xa21321e3108
0x414588,0x90865318c1c0
0x4144cd,0xa21321d1c40
0x414568,0x90865318b380
0x414508,0x908653185a80
0x55146b,0xa21321eb380
0x4144cd,0xa21321d1e00
0x414568,0x90865318b540
0x414428,0x9086531931c0
0x41448e,0x908653187a00
0x41447b,0x908653191340
0x41447b,0x908653191380
0x41455c,0xa21321debc0
0x414588,0x90865318c640
0x414579,0x908653195100
0x55146b,0xa21321eb540
0x4145a2,0x9086531898c0
0x41455c,0xa21321ded40
0x41448e,0x908653187c40
0x414579,0x908653195240
0x41452d,0x90865318d780
0x41448e,0x908653187cc0
0x4145be,0xa21321e7a00
0x414440,0x908653188b80
0x414428,0x908653193540
0x4144b6,0x9086531925c0
0x414468,0xa21321ddc40
0x414551,0x90865318e800
0x4145be,0xa21321e7c40
0x551432,0x908653196400
0x551432,0x908653196740
0x4144a9,0x908653199100
0x414458,0x908653194700
0x4145be,0xa21321e7cc0
0x41455c,0xa2132205100
0x4144f1,0x908653190980
0x414568,0x90865318bc80
0x41455c,0xa2132205300
0x414588,0x90865318cd80
0x414595,0xa21321f0980
0x55146b,0xa21321ebc80
0x41447b,0x908653191c40
0x4144cd,0xa21321f8980
0x41448e,0x90865319a4c0
0x41452d,0x90865318dfc0
0x414428,0x908653193d00
0x41447b,0x908653191e00
0x41455c,0xa2132205700
0x4144b6,0x908653192e80
0x4144f1,0x908653190f80
0x4144b6,0x908653192ec0
0x414551,0x9086531a10c0
0x414508,0x908653198980
0x41452d,0x9086531a0180
0x551432,0x908653196c00
0x414551,0x9086531a1180
0x4144f1,0x9086531a3100
0x414458,0x908653194f80
0x4145a2,0x90865319c500
0x414595,0xa21321f0f80
0x4144b6,0x9086531a5100
0x414468,0xa21322047c0
0x414568,0x90865319e500
0x41455c,0xa2132205a80
0x4144e0,0x9086531a23c0
0x55146b,0xa21322125c0
0x414458,0x9086531a7200
0x4144b6,0x9086531a5300
0x4144cd,0xa21321f8fc0
0x4145be,0xa213220e800
0x414458,0x9086531a7280
0x414428,0x9086531a6380
0x414508,0x908653198fc0
0x4144e0,0x9086531a2740
0x414428,0x9086531a6580
0x41452d,0x9086531a08c0
0x4144a9,0x908653199f80
0x41452d,0x9086531a0980
0x4144b6,0x9086531a5700
0x41447b,0x9086531a47c0
0x414440,0x90865319bd80
0x414568,0x90865319ebc0
0x4145b3,0x90865319dc40
0x4144a9,0x9086531ac1c0
0x414508,0x9086531ab380
0x41455c,0xa213222c1c0
0x414440,0x90865319bf40
0x414568,0x90865319ed40
0x414551,0x9086531a1c40
0x551432,0x9086531a98c0
0x55146b,0xa2132212e80
0x4144b6,0x9086531a5a80
0x414508,0x9086531ab540
0x41452d,0x9086531a0d40
0x414458,0x9086531a7a00
0x4145be,0xa2132235100
0x414468,0xa213222b380
0x4144a9,0x9086531ac640
0x414458,0x9086531a7c40
0x4145be,0xa2132235240
0x414458,0x9086531a7cc0
0x41455c,0xa213222c640
0x414579,0x9086531a8b80
0x55146b,0xa2132212ec0
0x55146b,0xa2132239100
0x414468,0xa213222b540
0x41452d,0x9086531b31c0
0x4144e0,0x9086531b5100
0x414568,0x9086531b1340
0x41448e,0x9086531ad780
0x414568,0x9086531b1380
0x41450f,0xa2132231348
0x4144e0,0x9086531b5240
0x41450f,0xa2132231388
0x414428,0x9086531b9100
0x414440,0x9086531ae800
0x414508,0x9086531abc80
0x41452d,0x9086531b3540
0x414588,0x9086531b25c0
0x4144f1,0x9086531b6400
0x4144a9,0x9086531acd80
0x41455c,0xa213222cd80
0x414551,0x9086531b4700
0x4145b3,0x9086531b0980
0x414458,0x9086531ba4c0
0x414468,0xa213222bc80
0x4144f1,0x9086531b6740
0x414595,0xa213223e500
0x4144cd,0xa2132246380
0x414579,0x9086531bc500
0x41448e,0x9086531adfc0
0x414568,0x9086531b1c40
0x4144cd,0xa2132246580
0x41455c,0xa21322531c0
0x4144b6,0x9086531b8980
0x41450f,0xa2132231c48
0x41448e,0x9086531c0180
0x414568,0x9086531b1e00
0x414508,0x9086531be500
0x41452d,0x9086531b3d00
0x414440,0x9086531c10c0
0x4144f1,0x9086531b6c00
0x414440,0x9086531c1180
0x41450f,0xa2132231e08
0x414588,0x9086531b2e80
0x4145b3,0x9086531b0f80
0x414588,0x9086531b2ec0
0x41455c,0xa2132253540
0x414595,0xa213223ebc0
0x4145b3,0x9086531c3100
0x55146b,0xa2132239f80
0x414551,0x9086531b4f80
0x414588,0x9086531c5100
0x414595,0xa213223ed40
0x4145a2,0x9086531c23c0
0x414468,0xa21322525c0
0x4144b6,0x9086531b8fc0
0x414428,0x9086531b9f80
0x414551,0x9086531c7200
0x414588,0x9086531c5300
0x414540,0x9086531bdc40
0x4145be,0xa213225c500
0x414551,0x9086531c7280
0x551432,0x9086531bbd80
0x55146b,0xa2132260180
0x551432,0x9086531bbf40
0x41452d,0x9086531c6380
0x414508,0x9086531bebc0
0x41448e,0x9086531c08c0
0x41448e,0x9086531c0980
0x414428,0x9086531cc1c0
0x414595,0xa2132265100
0x414508,0x9086531bed40
0x4145a2,0x9086531c2740
0x41452d,0x9086531c6580
0x4144b6,0x9086531cb380
0x414588,0x9086531c5700
0x414568,0x9086531c47c0
0x414595,0xa2132265300
0x41455c,0xa2132253d00
0x55146b,0xa21322608c0
0x4144b6,0x9086531cb540
0x41448e,0x9086531c0d40
0x414440,0x9086531c1c40
0x414428,0x9086531cc640
0x41450f,0xa2132258988
0x414588,0x9086531c5a80
0x4144f1,0x9086531c98c0
0x414551,0x9086531c7a00
0x414468,0xa2132252e80
0x414468,0xa2132252ec0
0x414595,0xa2132265700
0x55146b,0xa2132260980
0x551432,0x9086531cd780
0x414508,0x9086531d1340
0x414508,0x9086531d1380
0x414458,0x9086531ce800
0x4144e0,0x9086531c8b80
0x41448e,0x9086531d31c0
0x414551,0x9086531c7c40
0x414468,0xa2132279100
0x414551,0x9086531c7cc0
0x4144cd,0xa213226d780
0x414595,0xa2132265a80
0x41455c,0xa213227a4c0
0x55146b,0xa2132260d40
0x4145be,0xa2132283100
0x4145a2,0x9086531d5100
0x4144b6,0x9086531cbc80
0x4144a9,0x9086531d25c0
0x41450f,0xa2132258fc8
0x414540,0x9086531d0980
0x41448e,0x9086531d3540
0x4145a2,0x9086531d5240
0x414428,0x9086531ccd80
0x41452d,0x9086531d9100
0x55146b,0xa2132287280
0x55146b,0xa2132287200
0x4145b3,0x9086531d6400
0x414440,0x9086531d4700
0x414508,0x9086531d1c40
0x414458,0x9086531e0180
0x414551,0x9086531da4c0
0x414595,0xa213228c1c0
0x414579,0x9086531e10c0
0x4144cd,0xa213226dfc0
0x4145b3,0x9086531d6740
0x414540,0x9086531d0f80
0x414508,0x9086531d1e00
0x551432,0x9086531cdfc0
0x414579,0x9086531e1180
0x4144f1,0x9086531dc500
0x414540,0x9086531e3100
0x4144b6,0x9086531de500
0x4144a9,0x9086531d2e80
0x41448e,0x9086531d3d00
0x4144a9,0x9086531d2ec0
0x414588,0x9086531d8980
0x551432,0x9086531e23c0
0x55146b,0xa2132287a00
0x414595,0xa213228c640
0x4144a9,0x9086531e5100
0x4145b3,0x9086531d6c00
0x41455c,0xa21322a10c0
0x41455c,0xa21322a1180
0x414468,0xa2132279f80
0x414440,0x9086531d4f80
0x414458,0x9086531e08c0
0x4144a9,0x9086531e5300
0x414458,0x9086531e0980
0x4144cd,0xa2132294700
0x414468,0xa21322a0180
0x551432,0x9086531e2740
0x55146b,0xa2132287c40
0x55146b,0xa2132287cc0
0x41447b,0x9086531ddc40
0x4144b6,0x9086531debc0
0x4144e0,0x9086531dbd80
0x414440,0x9086531e7200
0x41448e,0x9086531e6380
0x414440,0x9086531e7280
0x414588,0x9086531d8fc0
0x41452d,0x9086531d9f80
0x414508,0x9086531e47c0
0x4144b6,0x9086531ded40
0x4144e0,0x9086531dbf40
0x4144a9,0x9086531e5700
0x41448e,0x9086531e6580
0x414458,0x9086531e0d40
0x414579,0x9086531e1c40
0x414595,0xa213228cd80
0x41452d,0x9086531ec1c0
0x414588,0x9086531eb380
0x41450f,0xa21322a6388
0x4144a9,0x9086531e5a80
0x414588,0x9086531eb540
0x414468,0xa21322a08c0
0x551432,0x9086531f5100
0x551432,0x9086531f5240
0x414458,0x9086531f31c0
0x41450f,0xa21322a6588
0x4144cd,0xa2132294f80
0x414468,0xa21322a0980
0x414595,0xa21322b31c0
0x4144b6,0x9086531f1340
0x4144b6,0x9086531f1380
0x41455c,0xa21322a1c40
0x41452d,0x9086531ec640
0x414440,0x9086531e7a00
0x4145b3,0x9086531e98c0
0x414551,0x9086531ed780
0x414428,0x9086531f25c0
0x414440,0x9086531e7c40
0x414458,0x9086531f3540
0x55146b,0xa21322ae800
0x4144e0,0x9086531ee800
0x414595,0xa21322b3540
0x414440,0x9086531e7cc0
0x414468,0xa21322a0d40
0x4145a2,0x9086531e8b80
0x414540,0x9086531f6400
0x41447b,0x9086531f0980
0x41448e,0x9086531f9100
0x414579,0x9086531f4700
0x414588,0x9086531ebc80
0x41452d,0x9086531ecd80
0x414540,0x9086531f6740
0x414468,0xa21322c7200
0x414468,0xa21322c7280
0x4144b6,0x9086531f1c40
0x414551,0x9086531edfc0
0x55146b,0xa21322d5100
0x414458,0x9086531f3d00
0x4144b6,0x9086531f1e00
0x414595,0xa21322b3d00
0x4145be,0xa21322d1340
0x414440,0x9086531fa4c0
0x4145be,0xa21322d1380
0x414428,0x9086531f2e80
0x41447b,0x9086531f0f80
0x414428,0x9086531f2ec0
0x4144e0,0x9086532010c0
0x414551,0x908653200180
0x4144e0,0x908653201180
0x414540,0x9086531f6c00
0x41447b,0x908653203100
0x4144a9,0x9086531f8980
0x4144cd,0xa21322bbd80
0x4145b3,0x9086531fc500
0x414428,0x908653205100
0x55146b,0xa21322d5240
0x414579,0x9086531f4f80
0x414588,0x9086531fe500
0x4144cd,0xa21322bbf40
0x4144f1,0x9086532023c0
0x41455c,0xa21322c8b80
0x414428,0x908653205300
0x414468,0xa21322c7a00
0x414458,0x908653206380
0x41450f,0xa21322cd788
0x551432,0x908653207200
0x551432,0x908653207280
0x414468,0xa21322c7c40
0x414595,0xa21322da4c0
0x4144f1,0x908653202740
0x414468,0xa21322c7cc0
0x414458,0x908653206580
0x4144a9,0x9086531f8fc0
0x414551,0x9086532008c0
0x4144cd,0xa21322e23c0
0x414428,0x908653205700
0x414551,0x908653200980
0x4145be,0xa21322d1c40
0x4144b6,0x9086532047c0
0x41448e,0x9086531f9f80
0x414568,0x9086531fdc40
0x414588,0x9086531febc0
0x4145a2,0x9086531fbd80
0x4145be,0xa21322d1e00
0x41448e,0x90865320c1c0
0x414588,0x9086531fed40
0x4144a9,0x90865320b380
0x4144e0,0x908653201c40
0x4144cd,0xa21322e2740
0x4145a2,0x9086531fbf40
0x414428,0x908653205a80
0x414551,0x908653200d40
0x4144a9,0x90865320b540
0x414540,0x9086532098c0
0x551432,0x908653207a00
0x551432,0x908653207c40
0x41450f,0xa21322cdfc8
0x414579,0x908653208b80
0x41448e,0x90865320c640
0x414551,0x9086532131c0
0x4144f1,0x908653215100
0x414588,0x908653211340
0x414588,0x908653211380
0x551432,0x908653207cc0
0x4144f1,0x908653215240
0x414440,0x90865320d780
0x414468,0xa21322ee800
0x414595,0xa21323010c0
0x414595,0xa2132301180
0x41452d,0x9086532125c0
0x414551,0x908653213540
0x4144a9,0x90865320bc80
0x41447b,0x908653216400
0x4145a2,0x90865320e800
0x41450f,0xa21322f4708
0x551432,0x908653219100
0x55146b,0xa21322fc500
0x4145be,0xa21322f8980
0x4144e0,0x908653214700
0x414458,0x90865321a4c0
0x41448e,0x90865320cd80
0x414568,0x908653210980
0x41447b,0x908653216740
0x414540,0x90865321c500
0x414588,0x908653211c40
0x414440,0x90865320dfc0
0x414428,0x908653218980
0x414468,0xa2132315100
0x414588,0x908653211e00
0x414551,0x908653213d00
0x4145be,0xa21322f8fc0
0x41455c,0xa2132316400
0x414440,0x908653220180
0x41447b,0x908653216c00
0x414468,0xa2132315240
0x4144a9,0x90865321e500
0x41452d,0x908653212e80
0x414568,0x908653210f80
0x41452d,0x908653212ec0
0x4145a2,0x9086532210c0
0x4144cd,0xa21323098c0
0x41450f,0xa21322f4f88
0x4145a2,0x908653221180
0x414568,0x908653223100
0x414595,0xa2132301c40
0x4144e0,0x908653214f80
0x41452d,0x908653225100
0x41455c,0xa2132316740
0x55146b,0xa2132323100
0x4145b3,0x9086532223c0
0x414579,0x90865321bd80
0x414428,0x908653218fc0
0x4144e0,0x908653227200
0x41452d,0x908653225300
0x4144e0,0x908653227280
0x414551,0x908653226380
0x414508,0x90865321dc40
0x414579,0x90865321bf40
0x4144a9,0x90865321ebc0
0x414440,0x9086532208c0
0x414458,0x90865322c1c0
0x4145b3,0x908653222740
0x41455c,0xa2132316c00
0x551432,0x908653219f80
0x414440,0x908653220980
0x414551,0x908653226580
0x414428,0x90865322b380
0x4144a9,0x90865321ed40
0x41452d,0x908653225700
0x414588,0x9086532247c0
0x414428,0x90865322b540
0x414440,0x908653220d40
0x414458,0x90865322c640
0x4145a2,0x908653221c40
0x41452d,0x908653225a80
0x41447b,0x9086532298c0
0x4144e0,0x908653227a00
0x414579,0x90865322d780
0x4144a9,0x908653231340
0x4144a9,0x908653231380
0x4144f1,0x908653228b80
0x4144e0,0x908653227c40
0x41450f,0xa213231bd88
0x551432,0x90865322e800
0x4144e0,0x908653227cc0
0x414440,0x9086532331c0
0x41450f,0xa213231bf48
0x414428,0x90865322bc80
0x414595,0xa2132328b80
0x4144cd,0xa2132330980
0x4145b3,0x908653235100
0x41448e,0x9086532325c0
0x4145b3,0x908653235240
0x414458,0x90865322cd80
0x414468,0xa213233c500
0x4145be,0xa2132346380
0x414508,0x908653230980
0x414551,0x908653239100
0x414440,0x908653233540
0x414568,0x908653236400
0x4145be,0xa2132346580
0x41450f,0xa21323423c8
0x414579,0x90865322dfc0
0x551432,0x908653240180
0x4145a2,0x908653234700
0x4144cd,0xa2132330f80
0x4144a9,0x908653231c40
0x4144e0,0x90865323a4c0
0x414579,0x9086532410c0
0x41455c,0xa213233dc40
0x414568,0x908653236740
0x414579,0x908653241180
0x41447b,0x90865323c500
0x41450f,0xa2132342748
0x4144a9,0x908653231e00
0x414508,0x908653230f80
0x414428,0x90865323e500
0x414508,0x908653243100
0x41448e,0x908653232e80
0x414440,0x908653233d00
0x41452d,0x908653238980
0x41448e,0x908653232ec0
0x414540,0x9086532423c0
0x414568,0x908653236c00
0x41448e,0x908653245100
0x551432,0x9086532408c0
0x551432,0x908653240980
0x414468,0xa2132363100
0x4145a2,0x908653234f80
0x414540,0x908653242740
0x41448e,0x908653245300
0x414428,0x90865323ebc0
0x4144b6,0x90865323dc40
0x4144f1,0x90865323bd80
0x41452d,0x908653238fc0
0x414440,0x908653246380
0x4145a2,0x908653247200
0x414551,0x908653239f80
0x551432,0x908653240d40
0x414428,0x90865323ed40
0x4145a2,0x908653247280
0x4144f1,0x90865323bf40
0x4144a9,0x9086532447c0
0x414579,0x908653241c40
0x41455c,0xa21323647c0
0x414440,0x908653246580
0x41448e,0x908653245700
0x414551,0x90865324c1c0
0x41452d,0x90865324b380
0x418987,0x6c6f1e6601a0
0x418c7f,0x6c6f1e652ec8
0x4194b4,0xa2132370998
0x4197ed,0xa2132361c40
0x419824,0xa2132376400
0x41a73b,0x908653254700
0x418b2f,0xa2132365a80
0x419cdf,0xa2132365700
0x41938b,0xa21323698c0
0x41b344,0xa2132371340
0x41922d,0x6c6f1e65c500
0x41b344,0xa2132371380
0x41a291,0x6c6f1e66dfc0
0x418f51,0x8ad3301cc1c0
0x418c1a,0x944aa641bd80
0x41927b,0x8ad3301c10c0
0x41b5d1,0x908653255100
0x41b315,0xa2132371c40
0x418bb8,0x944aa641dc40
0x41b3ba,0x944aa6418fc0
0x419806,0x6c6f1e65e500
0x418b09,0x6c6f1e656c00
0x418c5a,0x944aa6419f80
0x41903c,0xa2132360d40
0x419824,0xa2132376740
0x419cad,0x6c6f1e675100
0x41a249,0x6c6f1e6608c0
0x41927b,0x8ad3301c1180
0x419d7a,0xa2132368b80
0x41abc4,0x944aa641ebc0
0x418bec,0x6c6f1e654f88
0x41b5d1,0x908653255240
0x41a249,0x6c6f1e660980
0x419981,0xa2132376c00
0x418c1a,0x944aa641bf40
0x418c8a,0xca49da3d1340
0x419cad,0x6c6f1e675240
0x41b315,0xa2132371e00
0x41931b,0x6c6f1e65dc40
0x418c8a,0xca49da3d1380
0x41abc4,0x944aa641ed40
0x4197b6,0x6c6f1e6698c0
0x419da5,0xa213236dfc0
0x41b181,0x908653259100
0x4194ba,0xa2132370f80
0x418bf2,0xca49da3d31c0
0x41996a,0x6c6f1e65ebc0
0x418cc3,0x908653256400
0x418ac7,0x908653253d00
0x419247,0x8ad3301c1c40
0x418f51,0x8ad3301cc640
0x419a83,0x6c6f1e6810c0
0x41996a,0x6c6f1e65ed40
0x419a83,0x6c6f1e681180
0x41a249,0x6c6f1e660d40
0x418b09,0xca49da3d5100
0x418c31,0xca49da3d25c0
0x41a73b,0x908653254f80
0x419981,0x8ad3301d5100
0x418b09,0xca49da3d5240
0x418cc3,0x908653256740
0x418bf2,0xca49da3d3540
0x418c1a,0x90865325a4c0
0x41901e,0x6c6f1e668b80
0x4194e7,0x8ad3301d25c0
0x418e42,0x6c6f1e6725c0
0x419981,0x8ad3301d5240
0x419632,0x8ad3301c98c0
0x418abe,0x908653260188
0x41996a,0x6c6f1e683100
0x419d6b,0x6c6f1e671348
0x419d7a,0x6c6f1e671380
0x418bb8,0x90865325c500
0x418f3a,0x6c6f1e670980
0x418ab4,0xca49da3d6400
0x418b77,0xca49da3d4700
0x418b5f,0x90865325e500
0x418c5a,0x908653258980
0x41931b,0x6c6f1e67c500
0x418c8a,0xca49da3d1c40
0x419da5,0x8ad3301ce800
0x418f51,0x8ad3301ccd80
0x418cc3,0x908653256c00
0x418c8a,0xca49da3d1e00
0x418ab4,0xca49da3d6740
0x41b315,0x8ad3301d0980
0x418bf2,0xca49da3d3d00
0x418c31,0xca49da3d2e80
0x418c31,0xca49da3d2ec0
0x418f3a,0x6c6f1e670f80
0x418c8a,0xca49da3e3100
0x41a249,0x6c6f1e6847c0
0x418ac7,0x9086532608c0
0x419a83,0x6c6f1e681c40
0x41b5d1,0x9086532610c0
0x4194e7,0x8ad3301d2e80
0x418e42,0x6c6f1e672e80
0x41968a,0x8ad3301e3100
0x4194e7,0x8ad3301d2ec0
0x418ac7,0x908653260980
0x41b5d1,0x908653261180
0x418e42,0x6c6f1e672ec0
0x419cad,0x6c6f1e695100
0x418c5a,0x908653258fc0
0x418c31,0xca49da3e5100
0x41aece,0x90865325bd80
0x418b5f,0x90865325ebc0
0x41abc4,0x90865325dc40
0x418f51,0x8ad3301e6380
0x419d7a,0x6c6f1e671c40
0x41b181,0x908653259f80
0x41b3ba,0x908653263100
0x419cad,0x6c6f1e695240
0x418ab4,0xca49da3d6c00
0x41b2fa,0x6c6f1e67dc40
0x4197b6,0x6c6f1e6898c0
0x418b77,0xca49da3d4f80
0x418b5f,0x90865325ed40
0x41aece,0x90865325bf40
0x418c31,0xca49da3e5300
0x41b181,0x908653265100
0x418cc3,0x9086532623c0
0x419d7a,0x6c6f1e671e00
0x418f51,0x8ad3301e6580
0x41b315,0x8ad3301d0f80
0x418841,0x6c6f1e68e800
0x418ac7,0x908653260d40
0x419ab4,0x6c6f1e6a10c0
0x418b77,0xca49da3e7200
0x418bf2,0xca49da3e6380
0x419ab4,0x6c6f1e6a1180
0x41b181,0x908653265300
0x4194e7,0x8ad3301eb380
0x419247,0x8ad3301dbd80
0x418b77,0xca49da3e7280
0x41aece,0x908653267200
0x418c1a,0x908653266380
0x41aece,0x908653267280
0x418cc3,0x908653262740
0x4194e7,0x8ad3301eb540
0x418bf2,0xca49da3e6580
0x418c31,0xca49da3e5700
0x419247,0x8ad3301dbf40
0x418e42,0x6c6f1e6925c0
0x418c1a,0x908653266580
0x419d7a,0x6c6f1e691340
0x418ac7,0x90865326c1c0
0x418c5a,0x9086532647c0
0x419247,0x8ad3301f5100
0x419d7a,0x6c6f1e691380
0x41b181,0x908653265700
0x418f3a,0x6c6f1e690980
0x419247,0x8ad3301f5240
0x41a73b,0x90865326b380
0x418c31,0xca49da3e5a80
0x41931b,0x6c6f1e69c500
0x41996a,0x6c6f1e6a23c0
0x41b5cc,0x908653261c48
0x41b315,0x8ad3301ed780
0x41a73b,0x90865326b540
0x41b181,0x908653265a80
0x418b77,0xca49da3e7a00
0x418ac7,0x90865326c640
0x41aece,0x908653267a00
0x41abc4,0x9086532698c0
0x4194e7,0x8ad3301ebc80
0x418ab4,0xca49da3e98c0
0x419da5,0x8ad3301e8b80
0x41996a,0x6c6f1e6a2740
0x418b77,0xca49da3e7c40
0x418f3a,0x6c6f1e690f80
0x418f51,0x8ad330200180
0x418bb8,0x908653268b80
0x41a249,0x6c6f1e6a47c0
0x418b77,0xca49da3e7cc0
0x419ab4,0x6c6f1e6a1c40
0x41aece,0x908653267c40
0x418b09,0xca49da3e8b80
0x41aece,0x908653267cc0
0x418e42,0x6c6f1e692e80
0x418e42,0x6c6f1e692ec0
0x419cad,0x6c6f1e6b5100
0x419d7a,0x6c6f1e691c40
0x419cad,0x6c6f1e6b5240
0x41b2fa,0x6c6f1e69dc40
0x4197b6,0x6c6f1e6a98c0
0x418bf2,0xca49da3f9100
0x418c8a,0xca49da3f6400
0x4194e7,0x8ad330205100
0x41a73b,0x90865326bc80
0x419d7a,0x6c6f1e691e00
0x41b315,0x8ad3301edfc0
0x41901e,0x6c6f1e6ae800
0x41968a,0x8ad3301fe500
0x418ac7,0x90865326cd80
0x4194e7,0x8ad330205300
0x41aece,0x9086532731c0
0x41b181,0x908653271340
0x41b181,0x908653271380
0x418c8a,0xca49da3f6740
0x41abc4,0x908653275100
0x418f51,0x8ad3302008c0
0x41b5cc,0x90865326d788
0x419da5,0x8ad3302023c0
0x41abc4,0x908653275240
0x418f51,0x8ad330200980
0x41b315,0x8ad330206380
0x418cc3,0x90865326e800
0x418e42,0x6c6f1e6b25c0
0x418b77,0xca49da3fa4c0
0x418c1a,0x9086532725c0
0x419d7a,0x6c6f1e6b1340
0x4194e7,0x8ad330205700
0x419d7a,0x6c6f1e6b1380
0x41aece,0x908653273540
0x418f3a,0x6c6f1e6b0980
0x41b315,0x8ad330206580
0x418b5f,0x908653276400
0x418c31,0xca49da3f8980
0x418c5a,0x908653270980
0x418c8a,0xca49da3f6c00
0x419da5,0x8ad330202740
0x41931b,0x6c6f1e6bc500
0x418ab4,0xca49da3fc500
0x418bb8,0x908653274700
0x418f51,0x8ad330200d40
0x419632,0x8ad3301febc0
0x41a249,0xd79e62a51340
0x41a249,0xd79e62a51380
0x419ab4,0xd79e62a4e800
0x4194e7,0x8ad330205a80
0x419632,0x8ad3301fed40
0x418b5f,0x908653276740
0x4197b6,0xd79e62a56400
0x41b181,0x908653271c40
0x419981,0x8ad3302098c0
0x41922d,0xe8035e45a4c0
0x41b5d1,0x90865326dfc0
0x418f51,0x8ad330219100
0x418f3a,0x6c6f1e6b0f80
0x418c31,0xca49da3f8fc0
0x41b181,0x908653271e00
0x41b5d1,0x908653279100
0x418e42,0x6c6f1e6b2e80
0x418ac7,0x908653278980
0x418c5a,0x908653270f80
0x41aece,0x908653273d00
0x418e42,0x6c6f1e6b2ec0
0x41901e,0xe8035e45e500
0x4197b6,0xd79e62a56740
0x418bf2,0xca49da3f9f80
0x418c1a,0x908653272e80
0x41996a,0xd79e62a50980
0x418c1a,0x908653272ec0
0x418b5f,0x908653276c00
0x419d7a,0x6c6f1e6b1c40
0x418b09,0xca49da3fbd80
0x41b2fa,0x6c6f1e6bdc40
0x419615,0x6c537032c1c0
0x418bf2,0xca49da40c1c0
0x419d7a,0x6c6f1e6b1e00
0x418bb8,0x908653274f80
0x418c31,0xca49da40b380
0x418b09,0xca49da3fbf40
0x41a249,0xd79e62a51c40
0x418cc3,0x90865327a4c0
0x419a83,0xa7d08ad010c0
0x419a83,0xa7d08ad01180
0x418c31,0xca49da40b540
0x419cad,0x6c53703325c0
0x41b315,0x8ad330220180
0x418ba6,0x908653280188
0x4197b6,0xd79e62a56c00
0x41abc4,0x9086532810c0
0x41a249,0xd79e62a51e00
0x418c5a,0x90865327c500
0x41abc4,0x908653281180
0x419981,0x8ad330223100
0x41931b,0x6c5370339100
0x418ac7,0x908653278fc0
0x41996a,0xd79e62a50f80
0x418f3a,0x6c537032d780
0x418c1a,0x90865327e500
0x41901e,0xe8035e45ebc0
0x41a73b,0x908653283100
0x419615,0x6c537032c640
0x418bf2,0xca49da40c640
0x419da5,0x8ad33021c500
0x41996a,0xa7d08ad03100
0x41901e,0xe8035e45ed40
0x418b52,0x9086532823c8
0x418b77,0xca49da40d780
0x41b2fa,0x6c537033a4c0
0x4194ba,0x6c5370334700
0x418b09,0xca49da40e800
0x418c31,0xca49da40bc80
0x41b315,0x8ad3302208c0
0x418b5f,0x908653282740
0x418bb8,0x9086532808c0
0x419d7a,0x6c537032e800
0x418f51,0x8ad330219f80
0x41b315,0x8ad330220980
0x418bb8,0x908653280980
0x41b3ba,0x90865327bd80
0x419cad,0x6c5370332e80
0x418c1a,0x90865327ebc0
0x41b181,0x90865327dc40
0x419cad,0x6c5370332ec0
0x41b5d1,0x908653279f80
0x418ac7,0x9086532847c0
0x419615,0x6c537032cd80
0x418bf2,0xca49da40cd80
0x418f3a,0x6c537032dfc0
0x41a249,0xa7d08ad047c0
0x418c1a,0x90865327ed40
0x419a83,0xa7d08ad01c40
0x41b3ba,0x90865327bf40
0x41b5d1,0x908653285100
0x41b315,0x8ad330220d40
0x418bb8,0x908653280d40
0x41abc4,0x908653281c40
0x41b5d1,0x908653285300
0x4197b6,0xa7d08ad098c0
0x41b3ba,0x908653287200
0x418e42,0xee30bb9410c0
0x419632,0x8ad330231340
0x418b77,0xca49da40dfc0
0x41968a,0x8ad330231380
0x418cc3,0x908653286380
0x41b3ba,0x908653287280
0x4194ba,0x6c5370334f80
0x419247,0x8ad330228b80
0x418e42,0xee30bb941180
0x41901e,0xa7d08ad0e800
0x418b71,0xca49da420188
0x418f51,0x8ad330234700
0x418c31,0xca49da41e500
0x418cc3,0x908653286580
0x41931b,0x6c5370339f80
0x418b09,0xca49da4210c0
0x418bb8,0x90865328c1c0
0x418b09,0xca49da421180
0x41b5d1,0x908653285700
0x4194e7,0x8ad33023a4c0
0x419d7a,0xee30bb940180
0x41aece,0x90865328b380
0x4194ba,0xee30bb946380
0x419da5,0x8ad330236400
0x419cad,0xee30bb9447c0
0x41b2fa,0xee30bb94c1c0
0x41aece,0x90865328b540
0x41931b,0xee30bb94b380
0x4194ba,0xee30bb946580
0x418f3a,0xa7d08ad10980
0x419247,0xa1abd7fd31c0
0x41b5d1,0x908653285a80
0x41a249,0xee30bb9531c0
0x418ab4,0xca49da4223c0
0x418bb8,0x90865328c640
0x419da5,0x8ad330236740
0x41b3ba,0x908653287a00
0x418c8a,0xca49da41dc40
0x41922d,0xee30bb959100
0x41b181,0x9086532898c0
0x41931b,0xee30bb94b540
0x419632,0x8ad330231c40
0x418b77,0xca49da4208c0
0x418c31,0xca49da41ebc0
0x41b2fa,0xee30bb94c640
0x418b77,0xca49da420980
0x418c5a,0x908653288b80
0x41abc4,0x90865328d780
0x41b3ba,0x908653287c40
0x419247,0xa1abd7fd3540
0x419a83,0xee30bb950980
0x41a249,0xee30bb953540
0x418ab4,0xca49da422740
0x418c31,0xca49da41ed40
0x41b3ba,0x908653287cc0
0x418f51,0x8ad330234f80
0x41996a,0xee30bb9525c0
0x419632,0x8ad330231e00
0x41b315,0x8ad330238980
0x418b5f,0x90865328e800
0x419d7a,0xee30bb9408c0
0x418e42,0xee30bb941c40
0x419d7a,0xee30bb940980
0x419da5,0x8ad330236c00
0x418f3a,0xa7d08ad10f80
0x41aece,0x90865328bc80
0x418b77,0xca49da420d40
0x418ac7,0x908653290980
0x418b09,0xca49da421c40
0x418bb8,0x90865328cd80
0x419981,0x8ad33023dc40
0x41931b,0xee30bb94bc80
0x41b3ba,0x9086532931c0
0x41b5d1,0x908653291340
0x419d7a,0xee30bb940d40
0x41b5d1,0x908653291380
0x418e42,0xee30bb9610c0
0x4194e7,0xa1abd7fe3100
0x418f51,0xa1abd7fde500
0x419a83,0xee30bb950f80
0x41b181,0x908653295100
0x4197b6,0xee30bb958980
0x418c31,0xca49da431340
0x418e42,0xee30bb961180
0x41b2fa,0xee30bb94cd80
0x418c2c,0xca49da431388
0x41b315,0x8ad330238fc0
0x41b181,0x908653295240
0x418b77,0xca49da4331c0
0x419247,0xa1abd7fd3d00
0x419da5,0xa1abd7fe0180
0x41abc4,0x90865328dfc0
0x41a249,0xee30bb953d00
0x41b315,0xa1abd7fe5100
0x418cc3,0x9086532925c0
0x41b3ba,0x908653293540
0x41abc4,0x908653299100
0x41996a,0xee30bb952e80
0x41996a,0xee30bb952ec0
0x419615,0xee30bb95e500
0x418ac7,0x908653290f80
0x418c1a,0x908653296400
0x419d7a,0xee30bb960180
0x41b315,0xa1abd7fe5300
0x418ab4,0xca49da435100
0x4194ba,0xee30bb966380
0x418bec,0xca49da4325c8
0x419cad,0xee30bb9647c0
0x419981,0xa1abd7fe7200
0x41b2fa,0xee30bb96c1c0
0x418c5a,0x908653294700
0x41901e,0xee30bb95dc40
0x419981,0xa1abd7fe7280
0x418ab4,0xca49da435240
0x418b77,0xca49da433540
0x41931b,0xee30bb96b380
0x4194ba,0xee30bb966580
0x41922d,0xee30bb959f80
0x4197b6,0xee30bb958fc0
0x418f51,0xa1abd7fdebc0
0x41a249,0xee30bb9731c0
0x418c1a,0x908653296740
0x418b5f,0x90865329a4c0
0x41922d,0xee30bb979100
0x41b315,0xa1abd7fe5700
0x41931b,0xee30bb96b540
0x418f51,0xa1abd7fded40
0x41b5d1,0x908653291c40
0x418b09,0xca49da434700
0x418ac7,0x90865329c500
0x419da5,0xa1abd7fe08c0
0x41b2fa,0xee30bb96c640
0x418c31,0xca49da431c40
0x419da5,0xa1abd7fe0980
0x419632,0xa1abd7fdbd80
0x419a83,0xee30bb970980
0x41b5d1,0x908653291e00
0x419615,0xee30bb95ebc0
0x41a249,0xee30bb973540
0x41996a,0xee30bb9725c0
0x418bb8,0x908653298980
0x41b3ba,0x908653293d00
0x418c31,0xca49da431e00
0x418cc3,0x908653292e80
0x419d7a,0xee30bb9608c0
0x418e42,0xee30bb961c40
0x418cc3,0x908653292ec0
0x41b315,0xa1abd7fe5a80
0x418c1a,0x908653296c00
0x419615,0xee30bb95ed40
0x419632,0xa1abd7fdbf40
0x419d6b,0xee30bb960988
0x419247,0xa1abd7fed780
0x419981,0xa1abd7fe7a00
0x418b77,0xca49da433d00
0x418bf2,0xca49da432e80
0x418bf2,0xca49da432ec0
0x418c5a,0x908653294f80
0x419da5,0xa1abd7fe0d40
0x419981,0xa1abd7fe7c40
0x41931b,0xee30bb96bc80
0x418c8a,0xca49da4423c0
0x419981,0xa1abd7fe7cc0
0x418bec,0xca49da445108
0x418c4c,0x9086532a0188
0x418e42,0xee30bb9810c0
0x419d6b,0xee30bb960d48
0x41b181,0x9086532a10c0
0x419ab4,0xee30bb970f80
0x4197b6,0xee30bb978980
0x418e42,0xee30bb981180
0x419632,0xa1abd7ff6400
0x41b2fa,0xee30bb96cd80
0x41b181,0x9086532a1180
0x418bb8,0x908653298fc0
0x418b09,0xca49da434f80
0x41a73b,0x90865329bd80
0x418bf2,0xca49da445300
0x418cc3,0x90865329e500
0x41abc4,0x908653299f80
0x41aece,0x9086532a3100
0x41a249,0xee30bb973d00
0x418c8a,0xca49da442740
0x41a73b,0x90865329bf40
0x41abc4,0x9086532a5100
0x41996a,0xee30bb972e80
0x418c10,0x9086532a23c8
0x41996a,0xee30bb972ec0
0x419981,0xa1abd80010c0
0x419615,0xee30bb97e500
0x418b09,0xca49da447200
0x418b77,0xca49da446380
0x419632,0xa1abd7ff6740
0x419d7a,0xee30bb980180
0x418b09,0xca49da447280
0x419981,0xa1abd8001180
0x4194ba,0xee30bb986380
0x418f51,0xa1abd7ff8980
0x419cad,0xee30bb9847c0
0x419247,0xa1abd7fedfc0
0x41b2fa,0xee30bb98c1c0
0x418c31,0xca49da4447c0
0x41901e,0xee30bb97dc40
0x419da5,0xa1abd7ffa4c0
0x41abc4,0x9086532a5300
0x418b77,0xca49da446580
0x418bf2,0xca49da445700
0x41a73b,0x9086532a7200
0x41b315,0xa1abd7ffe500
0x418b5f,0x9086532a6380
0x41a73b,0x9086532a7280
0x41931b,0xee30bb98b380
0x4194ba,0xee30bb986580
0x41922d,0xee30bb979f80
0x4197b6,0xee30bb978fc0
0x41a249,0xee30bb9931c0
0x418c1a,0x9086532a2740
0x418c5a,0x9086532a08c0
0x419247,0xa1abd8007200
0x419247,0xa1abd8007280
0x418c5a,0x9086532a0980
0x41922d,0xee30bb999100
0x41931b,0xee30bb98b540
0x418b5f,0x9086532a6580
0x418cc3,0x90865329ebc0
0x41b5d1,0x90865329dc40
0x419632,0xa1abd7ff6c00
0x418bb8,0x9086532a47c0
0x418bf2,0xca49da445a80
0x41abc4,0x9086532a5700
0x41b2fa,0xee30bb98c640
0x418cc3,0x90865329ed40
0x419a83,0xee30bb990980
0x419615,0xee30bb97ebc0
0x41a249,0xee30bb993540
0x41996a,0xee30bb9925c0
0x418f51,0xa1abd7ff8fc0
0x4194e7,0xa1abd7ffdc40
0x419d7a,0xee30bb9808c0
0x418e42,0xee30bb981c40
0x418c5a,0x9086532a0d40
0x41b181,0x9086532a1c40
0x418b09,0xca49da447a00
0x419615,0xee30bb97ed40
0x419d7a,0xee30bb980980
0x418f51,0x6c6f1e4c0180
0x41abc4,0x9086532a5a80
0x41b315,0xa1abd7ffebc0
0x41a73b,0x9086532a7a00
0x418b09,0xca49da447c40
0x41b315,0xa1abd7ffed40
0x418b09,0xca49da447cc0
0x418a9c,0xca49da448b88
0x419247,0xa1abd8007a00
0x419981,0xa1abd8001c40
0x41931b,0xee30bb98bc80
0x418ac7,0x9086532a8b80
0x418c8a,0xca49da456400
0x419d7a,0xee30bb980d40
0x418e42,0xee30bb9a10c0
0x418c5a,0x9086532ac1c0
0x41a73b,0x9086532a7c40
0x419ab4,0xee30bb990f80
0x4197b6,0xee30bb998980
0x41a73b,0x9086532a7cc0
0x418e42,0xee30bb9a1180
0x41b2fa,0xee30bb98cd80
0x418b77,0xca49da459100
0x419247,0xa1abd8007c40
0x41b3ba,0x9086532ab380
0x419247,0xa1abd8007cc0
0x41a249,0xee30bb993d00
0x41b315,0x6c6f1e4c5100
0x4194e7,0x6c6f1e4c6380
0x418c8a,0xca49da456740
0x41b3ba,0x9086532ab540
0x41996a,0xee30bb992e80
0x41996a,0xee30bb992ec0
0x419615,0xee30bb99e500
0x418f51,0x6c6f1e4c08c0
0x419d7a,0xee30bb9a0180
0x41b315,0x6c6f1e4c5300
0x419da5,0x6c6f1e4c23c0
0x4194ba,0xee30bb9a6380
0x4194e7,0x6c6f1e4c6580
0x418c5a,0x9086532ac640
0x418f51,0x6c6f1e4c0980
0x419cad,0xee30bb9a47c0
0x41b2fa,0xee30bb9ac1c0
0x41b5d1,0x9086532a98c0
0x41901e,0xee30bb99dc40
0x41a73b,0x9086532b31c0
0x41abc4,0x9086532b1340
0x41abc4,0x9086532b1380
0x41931b,0xee30bb9ab380
0x4194ba,0xee30bb9a6580
0x418b09,0xca49da45a4c0
0x41922d,0xee30bb999f80
0x4197b6,0xee30bb998fc0
0x41b181,0x9086532ad780
0x41a249,0xee30bb9b31c0
0x418c1a,0x9086532ae800
0x418c8a,0xca49da456c00
0x419da5,0x6c6f1e4c2740
0x41922d,0xee30bb9b9100
0x41b315,0x6c6f1e4c5700
0x41931b,0xee30bb9ab540
0x418bf2,0xca49da458980
0x418f51,0x6c6f1e4c0d40
0x418b5f,0x9086532b25c0
0x41a73b,0x9086532b3540
0x41b2fa,0xee30bb9ac640
0x419a83,0xee30bb9b0980
0x41b3ba,0x9086532abc80
0x419615,0xee30bb99ebc0
0x41a249,0xee30bb9b3540
0x41996a,0xee30bb9b25c0
0x418bb8,0x9086532b0980
0x418ac7,0x9086532b4700
0x419d7a,0xee30bb9a08c0
0x418e42,0xee30bb9a1c40
0x419981,0x6c6f1e4c98c0
0x41b315,0x6c6f1e4c5a80
0x418c5a,0x9086532acd80
0x419615,0xee30bb99ed40
0x419d7a,0xee30bb9a0980
0x41b5d1,0x9086532b5100
0x418bf2,0xca49da458fc0
0x41abc4,0x9086532b1c40
0x41b5d1,0x9086532b5240
0x41b181,0x9086532adfc0
0x41931b,0xee30bb9abc80
0x418b77,0xca49da459f80
0x419d7a,0xee30bb9a0d40
0x418f51,0x6c6f1e4da4c0
0x418e42,0x5829a6eb9100
0x419a83,0xee30bb9b0f80
0x41abc4,0x9086532b1e00
0x41b181,0x9086532b9100
0x4197b6,0xee30bb9b8980
0x4194e7,0x6c6f1e4e0180
0x41b2fa,0xee30bb9acd80
0x418ab4,0xca49da45bd80
0x418cc3,0x9086532b6400
0x418bb8,0x9086532b0f80
0x41a73b,0x9086532b3d00
0x418b5f,0x9086532b2e80
0x418b52,0x9086532b2ec8
0x419cad,0x5829a6ebc500
0x418b77,0xca49da46c1c0
0x41a249,0xee30bb9b3d00
0x418bf2,0xca49da46b380
0x418ab4,0xca49da45bf40
0x41996a,0xee30bb9b2e80
0x41996a,0xee30bb9b2ec0
0x419615,0xee30bb9be500
0x418ac7,0x9086532b4f80
0x419981,0x6c6f1e4e3100
0x418bf2,0xca49da46b540
0x418cc3,0x9086532b6740
0x419d7a,0xee30bb9c0180
0x418c1a,0x9086532ba4c0
0x418c8a,0xca49da4698c0
0x41931b,0x412e73cb31c0
0x418841,0xee30bb9bdc40
0x419da5,0x6c6f1e4dc500
0x418ac7,0x9086532c0180
0x41b315,0x6c6f1e4de500
0x418bb8,0x9086532bc500
0x418b77,0xca49da46c640
0x41922d,0xee30bb9b9f80
0x4197b6,0xee30bb9b8fc0
0x4194e7,0x6c6f1e4e08c0
0x418b5f,0x9086532be500
0x418c5a,0x9086532b8980
0x41922d,0x412e73cc10c0
0x41931b,0x412e73cb3540
0x4197b6,0x412e73cc0180
0x4194e7,0x6c6f1e4e0980
0x41922d,0x412e73cc1180
0x418cc3,0x9086532b6c00
0x4194ba,0x412e73cae800
0x418b09,0xca49da46d780
0x41996a,0x412e73cba4c0
0x41901e,0x412e73cc5100
0x41b2fa,0x412e73cb4700
0x419a83,0x412e73cb8980
0x419615,0xee30bb9bebc0
0x418ab4,0xca49da46e800
0x418bf2,0xca49da46bc80
0x419d7a,0xee30bb9c08c0
0x419615,0xee30bb9bed40
0x41901e,0x412e73cc5300
0x419d7a,0xee30bb9c0980
0x4194e7,0x6c6f1e4e0d40
0x41b315,0x6c6f1e4debc0
0x418ac7,0x9086532c08c0
0x41b5d1,0x9086532c10c0
0x418ac7,0x9086532c0980
0x418b77,0xca49da46cd80
0x419247,0x6c6f1e4e98c0
0x41b5d1,0x9086532c1180
0x418c5a,0x9086532b8fc0
0x41aece,0x9086532bbd80
0x41b315,0x6c6f1e4ded40
0x418b5f,0x9086532bebc0
0x41abc4,0x9086532bdc40
0x418e42,0x5829a6eb9f80
0x419cad,0x412e73ccc1c0
0x41b181,0x9086532b9f80
0x41b3ba,0x9086532c3100
0x418f3a,0x412e73cc7200
0x418f3a,0x412e73cc7280
0x4197b6,0x412e73cc08c0
0x419d7a,0xee30bb9c0d40
0x419632,0x6c6f1e4f1340
0x41931b,0x412e73cb3d00
0x4194e7,0x6c6f1e4f9100
0x418b5f,0x9086532bed40
0x41901e,0x412e73cc5700
0x41aece,0x9086532bbf40
0x419632,0x6c6f1e4f1380
0x41b181,0x9086532c5100
0x4197b6,0x412e73cc0980
0x418939,0x412e73cb8fc0
0x418cb1,0x9086532c23c8
0x418ac7,0x9086532c0d40
0x418b09,0xca49da46dfc0
0x418f51,0x6c6f1e4f4700
0x419615,0x412e73cc6380
0x41b181,0x9086532c5300
0x41a249,0x412e73cbbd80
0x41b2fa,0x412e73cb4f80
0x41aece,0x9086532c7200
0x419cad,0x412e73ccc640
0x418b09,0xca49da480180
0x418c1a,0x9086532c6380
0x41922d,0x412e73cc1c40
0x41aece,0x9086532c7280
0x41901e,0x412e73cc5a80
0x418bf2,0xca49da47e500
0x418ab4,0xca49da4810c0
0x418cc3,0x9086532c2740
0x4197b6,0x412e73cc0d40
0x419615,0x412e73cc6580
0x41a249,0x412e73cbbf40
0x419da5,0x6c6f1e4f6400
0x41931b,0x412e73cd31c0
0x418ab4,0xca49da481180
0x418c1a,0x9086532c6580
0x418ac7,0x9086532cc1c0
0x418c5a,0x9086532c47c0
0x419247,0x6c6f1e503100
0x41b181,0x9086532c5700
0x418f3a,0x412e73cc7a00
0x41a73b,0x9086532cb380
0x41922d,0x412e73ce10c0
0x419da5,0x6c6f1e4f6740
0x418e42,0x412e73cc98c0
0x41931b,0x412e73cd3540
0x4197b6,0x412e73ce0180
0x41922d,0x412e73ce1180
0x41b5d1,0x9086532c1c40
0x419632,0x6c6f1e4f1c40
0x4194ba,0x412e73cce800
0x41a73b,0x9086532cb540
0x418c8a,0xca49da47bd80
0x418f3a,0x412e73cc7c40
0x418c31,0xca49da47dc40
0x41996a,0x412e73cda4c0
0x41b181,0x9086532c5a80
0x418f3a,0x412e73cc7cc0
0x41901e,0x412e73ce5100
0x41b2fa,0x412e73cd4700
0x419a83,0x412e73cd8980
0x419cad,0x412e73cccd80
0x418ac7,0x9086532cc640
0x418b09,0xca49da4808c0
0x418bf2,0xca49da47ebc0
0x418f51,0x6c6f1e4f4f80
0x419632,0x6c6f1e4f1e00
0x41aece,0x9086532c7a00
0x418c8a,0xca49da47bf40
0x41abc4,0x9086532c98c0
0x418b09,0xca49da480980
0x418bf2,0xca49da47ed40
0x41901e,0x412e73ce5300
0x419da5,0x6c6f1e4f6c00
0x418bb8,0x9086532c8b80
0x41aece,0x9086532c7c40
0x41aece,0x9086532c7cc0
0x419d7a,0x412e73cc8b80
0x41968a,0x6c6f1e50c1c0
0x4194e7,0x6c6f1e4f9f80
0x41b315,0x6c6f1e4fbd80
0x418b09,0xca49da480d40
0x419981,0x6c6f1e4fdc40
0x418a9c,0xca49da481c48
0x4197b6,0x412e73ce08c0
0x41931b,0x412e73cd3d00
0x41901e,0x412e73ce5700
0x418e42,0x28e837ca5100
0x41a73b,0x9086532cbc80
0x4197b6,0x412e73ce0980
0x41b315,0x6c6f1e4fbf40
0x419ab4,0x412e73cd8fc0
0x418ac7,0x9086532ccd80
0x418bf2,0xca49da491340
0x418e42,0x28e837ca5300
0x419615,0x412e73ce6380
0x418bf2,0xca49da491380
0x41aece,0x9086532d31c0
0x41b181,0x9086532d1340
0x41a249,0x412e73cdbd80
0x41b2fa,0x412e73cd4f80
0x41b181,0x9086532d1380
0x419632,0x6c6f1e50c640
0x418f51,0x6c6f1e50e800
0x419227,0x412e73ce1c48
0x41aba4,0x9086532d5108
0x418b09,0xca49da4931c0
0x41901e,0x412e73ce5a80
0x41b5d1,0x9086532cd780
0x4197b6,0x412e73ce0d40
0x419615,0x412e73ce6580
0x41a249,0x412e73cdbf40
0x419d7a,0x412e73ce7200
0x41abc4,0x9086532d5240
0x41931b,0x28e837c931c0
0x418cc3,0x9086532ce800
0x419d7a,0x412e73ce7280
0x418c1a,0x9086532d25c0
0x418b77,0xca49da4925c0
0x41aece,0x9086532d3540
0x418e42,0x28e837ca5700
0x41996a,0x28e837cb31c0
0x418b5f,0x9086532d6400
0x418c31,0xca49da490980
0x418afe,0xca49da493548
0x41a249,0x28e837c87200
0x41a249,0x28e837c87280
0x418c5a,0x9086532d0980
0x419ab4,0x28e837c94700
0x41931b,0x28e837c93540
0x418bb8,0x9086532d4700
0x4194ba,0x28e837cad780
0x4194e7,0x28e837cb0980
0x419247,0x28e837cab380
0x418f3a,0x28e837ca8b80
0x418e42,0x28e837ca5a80
0x419981,0x28e837cb4700
0x418b5f,0x9086532d6740
0x419da5,0x6c6f1e510980
0x41996a,0x28e837cb3540
0x419632,0x6c6f1e50cd80
0x418ab4,0xca49da494700
0x419247,0x28e837cab540
0x418bf2,0xca49da491c40
0x41b181,0x9086532d1c40
0x4197b6,0x28e837c9a4c0
0x41b2fa,0x28e837c898c0
0x41b5d1,0x9086532cdfc0
0x419d7a,0x412e73ce7a00
0x418c31,0xca49da490f80
0x418bf2,0xca49da491e00
0x418f51,0x28e837ca7200
0x41b181,0x9086532d1e00
0x41b5d1,0x9086532d9100
0x418f51,0x28e837ca7280
0x418ac7,0x9086532d8980
0x418c5a,0x9086532d0f80
0x41aece,0x9086532d3d00
0x419cad,0x28e837c99100
0x418c31,0xca49da4a3100
0x418c1a,0x9086532d2e80
0x4194e7,0x28e837cb0f80
0x418c10,0x9086532d2ec8
0x418b09,0xca49da493d00
0x418b5f,0x9086532d6c00
0x418b77,0xca49da492e80
0x419d7a,0x412e73ce7c40
0x418b77,0xca49da492ec0
0x41a249,0x28e837c87a00
0x419d7a,0x412e73ce7cc0
0x418c8a,0xca49da4a23c0
0x41931b,0x28e837c93d00
0x419da5,0x6c6f1e510f80
0x419a83,0x28e837c94f80
0x418f3a,0x28e837ca6380
0x4194ba,0x28e837cadfc0
0x418bb8,0x9086532d4f80
0x418b77,0xca49da4a5100
0x41a249,0x28e837c87c40
0x418cc3,0x9086532da4c0
0x419247,0x28e837cabc80
0x419da5,0x28e837cb9100
0x41996a,0x28e837cb3d00
0x419615,0x28e837cb1340
0x41a249,0x28e837c87cc0
0x419615,0x28e837cb1380
0x419981,0x28e837cb4f80
0x41968a,0x28e837cb25c0
0x41901e,0x28e837c98980
0x418f3a,0x28e837ca6580
0x418ab4,0xca49da494f80
0x418bb8,0x9086532e0180
0x418c8a,0xca49da4a2740
0x41abc4,0x9086532e10c0
0x418b77,0xca49da4a5300
0x418c5a,0x9086532dc500
0x41abc4,0x9086532e1180
0x419981,0x28e837cb5100
0x418ac7,0x9086532d8fc0
0x41931b,0x28e837cac1c0
0x418c1a,0x9086532de500
0x419a83,0x28e837cb6400
0x41a73b,0x9086532e3100
0x418f51,0x28e837ca7a00
0x419981,0x28e837cb5240
0x418ab4,0xca49da4a7200
0x418b09,0xca49da4a6380
0x418ab4,0xca49da4a7280
0x419247,0x28e837cc10c0
0x41996a,0x28e837cc0180
0x418b5f,0x9086532e23c0
0x418bf2,0xca49da4a47c0
0x419247,0x28e837cc1180
0x4194e7,0x28e837cae800
0x418b09,0xca49da4a6580
0x418b77,0xca49da4a5700
0x418f51,0x28e837ca7c40
0x418f51,0x28e837ca7cc0
0x419a83,0x28e837cb6740
0x41901e,0x28e837c98fc0
0x41922d,0x28e837ccc1c0
0x41a249,0x28e837cc23c0
0x41931b,0x28e837cac640
0x418b5f,0x9086532e2740
0x418bb8,0x9086532e08c0
0x4197b6,0x28e837ccb380
0x418b77,0xca49da4a5a80
0x418bb8,0x9086532e0980
0x419615,0x28e837cb1c40
0x419632,0x28e837cb2e80
0x41b3ba,0x9086532dbd80
0x419632,0x28e837cb2ec0
0x418c1a,0x9086532debc0
0x41b181,0x9086532ddc40
0x41b5d1,0x9086532d9f80
0x418ac7,0x9086532e47c0
0x419d7a,0x28e837cb8980
0x418f51,0x28e837cd5100
0x4197b6,0x28e837ccb540
0x41901e,0x28e837cd1340
0x419cad,0x28e837c99f80
0x41a249,0x28e837cc2740
0x41901e,0x28e837cd1380
0x419615,0x28e837cb1e00
0x418c8a,0xca49da4b5100
0x419ab4,0x28e837cb6c00
0x418c1a,0x9086532ded40
0x41b3ba,0x9086532dbf40
0x418ab4,0xca49da4a7a00
0x41922d,0x28e837ccc640
0x41b5d1,0x9086532e5100
0x418f51,0x28e837cd5240
0x41996a,0x28e837cc08c0
0x418c8a,0xca49da4b5240
0x41996a,0x28e837cc0980
0x418bb8,0x9086532e0d40
0x41abc4,0x9086532e1c40
0x41b5d1,0x9086532e5300
0x418ab4,0xca49da4a7c40
0x419615,0x28e837cd9100
0x41b3ba,0x9086532e7200
0x418ab4,0xca49da4a7cc0
0x419da5,0x28e837cb9f80
0x418cc3,0x9086532e6380
0x41b3ba,0x9086532e7280
0x41931b,0x28e837cacd80
0x41968a,0x28e837cd6400
0x41b2fa,0x28e837cbbd80
0x418c2c,0xca49da4b6408
0x419241,0x28e837cc1c48
0x41996a,0x28e837cc0d40
0x418cc3,0x9086532e6580
0x419d7a,0x28e837cb8fc0
0x41b2fa,0x28e837cbbf40
0x418b09,0xca49da4b9100
0x418bb8,0x9086532ec1c0
0x41b5d1,0x9086532e5700
0x4197b6,0x28e837ccbc80
0x4194e7,0x28e837cda4c0
0x419632,0x28e837cd6740
0x41931b,0x28e837ce5100
0x41aece,0x9086532eb380
0x418c31,0xca49da4b6740
0x41922d,0x28e837cccd80
0x41901e,0x28e837cd1c40
0x419da5,0x28e837cdc500
0x41931b,0x28e837ce5300
0x4194ba,0x28e837cde500
0x41aece,0x9086532eb540
0x419d7a,0x28e837ce23c0
0x418f3a,0x28e837cd8980
0x41b2fa,0x28e837ce6380
0x419247,0x28e837cec1c0
0x41b5d1,0x9086532e5a80
0x41901e,0x28e837cd1e00
0x418bb8,0x9086532ec640
0x41b3ba,0x9086532e7a00
0x418ab4,0xca49da4ba4c0
0x41b181,0x9086532e98c0
0x41996a,0x28e837ceb380
0x419632,0x28e837cd6c00
0x41b2fa,0x28e837ce6580
0x419227,0x28e837cf31c8
0x418c31,0xca49da4b6c00
0x418b77,0xca49da4b8980
0x418c5a,0x9086532e8b80
0x419d7a,0x28e837ce2740
0x41abc4,0x9086532ed780
0x41931b,0x28e837ce5700
0x41b3ba,0x9086532e7c40
0x41996a,0x28e837ceb540
0x41b3ba,0x9086532e7cc0
0x419981,0x28e837ce47c0
0x418b5f,0x9086532ee800
0x419247,0x28e837cec640
0x41922d,0x28e837cf3540
0x418e42,0x28e837cdbd80
0x4197b6,0x28e837cf25c0
0x41a249,0x28e837ced780
0x4194ba,0x28e837cdebc0
0x418f3a,0x28e837cd8fc0
0x419a83,0x28e837cddc40
0x41aece,0x9086532ebc80
0x41931b,0x28e837ce5a80
0x418ac7,0x9086532f0980
0x418c8a,0xca49da4c7200
0x419615,0x28e837cd9f80
0x4194ba,0x28e837cded40
0x418c8a,0xca49da4c7280
0x418e42,0x28e837cdbf40
0x418bb8,0x9086532ecd80
0x41b3ba,0x9086532f31c0
0x41b5d1,0x9086532f1340
0x4194e7,0x28e837d010c0
0x41b5d1,0x9086532f1380
0x418b77,0xca49da4b8fc0
0x418f51,0x28e837cfc500
0x419615,0x28e837d00180
0x41b176,0x9086532f5108
0x4194e7,0x28e837d01180
0x418b09,0xca49da4b9f80
0x41996a,0x28e837cebc80
0x419da5,0x28e837d03100
0x41b181,0x9086532f5240
0x419cad,0x28e837cfe500
0x41b315,0xfdfd3a8c10c0
0x4194ba,0x28e837d05100
0x41abc4,0x9086532edfc0
0x418cc3,0x9086532f25c0
0x41901e,0x28e837cf8980
0x419247,0x28e837cecd80
