dataset_name,method,baseline,seed,mse,aug_mse,delta_percent,quality_score
HousePrice,c_mixup,xgboost,985772,0.0007095544948962084,0.00047682791037247205,-32.79897262264245,0.9608461009348246
HousePrice,ada,xgboost,985772,0.0007095544948962084,0.0003499960277349441,-50.673834039182495,0.9738293331276202
HousePrice,tabddpm,xgboost,985772,0.0007095544948962084,0.0003687344778518365,-48.032958637549896,0.9544816933269744
HousePrice,tvae,xgboost,985772,0.0007095544948962084,0.0015334323551720356,116.11199227148039,0.8424807161150525
HousePrice,ctgan,xgboost,985772,0.0007095544948962084,0.0038621637091749515,444.30825778080623,0.9258214988437202
HousePrice,crda,xgboost,985772,0.0007095544948962084,0.000531416339302333,-25.10563415145906,0.9787782357870671
HousePrice,c_mixup,xgboost,305711,0.0005821871230073789,0.0004970078939517242,-14.630902280292288,0.9698556872194005
HousePrice,ada,xgboost,305711,0.0005821871230073789,0.00029659493550645416,-49.05505055241577,0.974879370775654
HousePrice,tabddpm,xgboost,305711,0.0005821871230073789,0.0004105343547913583,-29.48412313369648,0.9569020803199533
HousePrice,tvae,xgboost,305711,0.0005821871230073789,0.0009583989720315181,64.62043459167525,0.8647881605210649
HousePrice,ctgan,xgboost,305711,0.0005821871230073789,0.005323134708940244,814.3339827653276,0.9400202362764323
HousePrice,crda,xgboost,305711,0.0005821871230073789,0.00045361033853393126,-22.085130260055234,0.9772907194896995
HousePrice,c_mixup,xgboost,435829,0.0010909889392556533,0.0004207996090266153,-61.42952564544666,0.9649101480814907
HousePrice,ada,xgboost,435829,0.0010909889392556533,0.00026821367521750257,-75.41554588074044,0.9743580519194599
HousePrice,tabddpm,xgboost,435829,0.0010909889392556533,0.00031212709565240444,-71.39044362215452,0.9552485273685238
HousePrice,tvae,xgboost,435829,0.0010909889392556533,0.002062834911387066,89.07936067568862,0.8564598991868699
HousePrice,ctgan,xgboost,435829,0.0010909889392556533,0.00542375150587409,397.14083348769253,0.9325513158855471
HousePrice,crda,xgboost,435829,0.0010909889392556533,0.0008459206551314405,-22.462948551193836,0.9777163005469164
HousePrice,c_mixup,xgboost,117952,0.0007090054323046516,0.00044111158214070066,-37.78445664275813,0.9609321989229653
HousePrice,ada,xgboost,117952,0.0007090054323046516,0.00034969380272388475,-50.678261859406284,0.9742221540108325
HousePrice,tabddpm,xgboost,117952,0.0007090054323046516,0.0004867408085490465,-31.348789956816645,0.9566151132366156
HousePrice,tvae,xgboost,117952,0.0007090054323046516,0.001133763951332943,59.90906411641957,0.8060176164153332
HousePrice,ctgan,xgboost,117952,0.0007090054323046516,0.004696646191846158,562.4273916462834,0.9208910850265919
HousePrice,crda,xgboost,117952,0.0007090054323046516,0.0006297648850703206,-11.176296206469992,0.9888720526019337
HousePrice,c_mixup,xgboost,963395,0.0007910327663470604,0.00045094712321960703,-42.992611380429594,0.9535831549185655
HousePrice,ada,xgboost,963395,0.0007910327663470604,0.00032163171311846815,-59.34027934092501,0.9723974664027744
HousePrice,tabddpm,xgboost,963395,0.0007910327663470604,0.0009562551646709539,20.88692217983336,0.9574422693527622
HousePrice,tvae,xgboost,963395,0.0007910327663470604,0.004635815357034924,486.04593314671763,0.8476264340599153
HousePrice,ctgan,xgboost,963395,0.0007910327663470604,0.005784852919662842,631.3038303554642,0.9267691650198462
HousePrice,crda,xgboost,963395,0.0007910327663470604,0.0006607888955639524,-16.465041187176862,0.9826018949919861
HousePrice,c_mixup,xgboost,152315,0.0005765025279111213,0.00047250210585625635,-18.039890029918233,0.9609718176506645
HousePrice,ada,xgboost,152315,0.0005765025279111213,0.0002755724897759511,-52.19925734333714,0.9746833482850454
HousePrice,tabddpm,xgboost,152315,0.0005765025279111213,0.0004462538760391701,-22.592902123758158,0.9568152783226684
HousePrice,tvae,xgboost,152315,0.0005765025279111213,0.0030532080108245335,429.60878105555213,0.8600606399572356
HousePrice,ctgan,xgboost,152315,0.0005765025279111213,0.005474795281139533,849.6567692385861,0.9356585813721335
HousePrice,crda,xgboost,152315,0.0005765025279111213,0.0005166632772107782,-10.379703089449148,0.9879907301904152
HousePrice,c_mixup,xgboost,882371,0.0005558694711238223,0.0005394054796701651,-2.961844877066435,0.9641862197513262
HousePrice,ada,xgboost,882371,0.0005558694711238223,0.00030588235668499024,-44.97226910724629,0.9757005441258377
HousePrice,tabddpm,xgboost,882371,0.0005558694711238223,0.0004764541159492197,-14.286691264775811,0.9584625859855072
HousePrice,tvae,xgboost,882371,0.0005558694711238223,0.0024916971981431275,348.2522116398242,0.8016072591299224
HousePrice,ctgan,xgboost,882371,0.0005558694711238223,0.005144957600259854,825.5693769003177,0.926888691492446
HousePrice,crda,xgboost,882371,0.0005558694711238223,0.00045838436074485163,-17.537410389147897,0.98810864493604
HousePrice,c_mixup,xgboost,359783,0.00039892758076699784,0.0005651928468324285,41.67805739221159,0.9724247115503875
HousePrice,ada,xgboost,359783,0.00039892758076699784,0.00036856628451649193,-7.610728792461978,0.9748525000574123
HousePrice,tabddpm,xgboost,359783,0.00039892758076699784,0.0007014820653205925,75.84195707197995,0.9568155043716187
HousePrice,tvae,xgboost,359783,0.00039892758076699784,0.0017898573499236267,348.66723591343543,0.8374197895328963
HousePrice,ctgan,xgboost,359783,0.00039892758076699784,0.00540335416120636,1254.469939335256,0.9105447010268228
HousePrice,crda,xgboost,359783,0.00039892758076699784,0.000451244803849415,13.114466285291549,0.9978320481083385
HousePrice,c_mixup,xgboost,304137,0.0006139978614678536,0.0004388915278165234,-28.519046179202046,0.9612883618706087
HousePrice,ada,xgboost,304137,0.0006139978614678536,0.0003517174053372242,-42.71683544688719,0.9758239738429584
HousePrice,tabddpm,xgboost,304137,0.0006139978614678536,0.00046461123198557775,-24.330154688999205,0.9576847205963352
HousePrice,tvae,xgboost,304137,0.0006139978614678536,0.0008625733948345124,40.484755561265615,0.8461796006128726
HousePrice,ctgan,xgboost,304137,0.0006139978614678536,0.004276951037246803,596.5742563047554,0.9270522759888955
HousePrice,crda,xgboost,304137,0.0006139978614678536,0.0005344311413864559,-12.958794333775298,0.9890058603342883
HousePrice,c_mixup,xgboost,122579,0.00031410242191919524,0.0005319195993774186,69.34590829556169,0.9658692354594554
HousePrice,ada,xgboost,122579,0.00031410242191919524,0.00032406283365659787,3.171071294689031,0.9737386101693886
HousePrice,tabddpm,xgboost,122579,0.00031410242191919524,0.0003470344894688937,10.484499720976508,0.9541274317795663
HousePrice,tvae,xgboost,122579,0.00031410242191919524,0.003464155644390571,1002.8745411207767,0.8325214073125147
HousePrice,ctgan,xgboost,122579,0.00031410242191919524,0.006171348988721254,1864.756893949984,0.9187218694610307
HousePrice,crda,xgboost,122579,0.00031410242191919524,0.0003058667899931783,-2.621957473519767,0.9896918779153998
623_fri_c4_1000_10,c_mixup,xgboost,985772,0.0011888439141245375,0.005165038548118508,334.45892995314136,0.9681163199378804
623_fri_c4_1000_10,ada,xgboost,985772,0.0011888439141245375,0.0015734801384247998,32.35380353387329,0.9877836763287406
623_fri_c4_1000_10,tabddpm,xgboost,985772,0.0011888439141245375,0.002056461039708579,72.97990217857601,0.9828355709602781
623_fri_c4_1000_10,tvae,xgboost,985772,0.0011888439141245375,0.0026613722447974947,123.86220875406713,0.866899928160892
623_fri_c4_1000_10,ctgan,xgboost,985772,0.0011888439141245375,0.004817277546424172,305.2068979948143,0.9188313296074868
623_fri_c4_1000_10,crda,xgboost,985772,0.0011888439141245375,0.00120907716594848,1.7019266855432584,0.989006414607107
623_fri_c4_1000_10,c_mixup,xgboost,305711,0.0013478509550073133,0.001958300293422352,45.29056689444765,0.9881212581082679
623_fri_c4_1000_10,ada,xgboost,305711,0.0013478509550073133,0.0015518187232563658,15.13281327518485,0.988881108241881
623_fri_c4_1000_10,tabddpm,xgboost,305711,0.0013478509550073133,0.0016831855105878567,24.879201541888875,0.9825194762595415
623_fri_c4_1000_10,tvae,xgboost,305711,0.0013478509550073133,0.004630898012800359,243.57641663541597,0.8572965019909455
623_fri_c4_1000_10,ctgan,xgboost,305711,0.0013478509550073133,0.004282040872141252,217.69394503400554,0.8998769120267631
623_fri_c4_1000_10,crda,xgboost,305711,0.0013478509550073133,0.001451679495647448,7.703265724923667,0.9797214762341808
623_fri_c4_1000_10,c_mixup,xgboost,435829,0.0014247884587805294,0.002488505493231073,74.65789239765282,0.9779432125350523
623_fri_c4_1000_10,ada,xgboost,435829,0.0014247884587805294,0.0014976687346636025,5.115164671213791,0.9883765624696488
623_fri_c4_1000_10,tabddpm,xgboost,435829,0.0014247884587805294,0.001646500748976281,15.561067246818814,0.9812061283510607
623_fri_c4_1000_10,tvae,xgboost,435829,0.0014247884587805294,0.0033928425745651442,138.12956608794153,0.8699394429575575
623_fri_c4_1000_10,ctgan,xgboost,435829,0.0014247884587805294,0.0029864448074243067,109.60619023966495,0.9248177272540092
623_fri_c4_1000_10,crda,xgboost,435829,0.0014247884587805294,0.0014664102116391563,2.921258422759181,0.9890647365002341
623_fri_c4_1000_10,c_mixup,xgboost,117952,0.0017418732636169329,0.004344066466740969,149.3905014490367,0.9699882548504136
623_fri_c4_1000_10,ada,xgboost,117952,0.0017418732636169329,0.0018195225740576455,4.457804827859679,0.987682641888971
623_fri_c4_1000_10,tabddpm,xgboost,117952,0.0017418732636169329,0.0016745076884756196,-3.867421157922318,0.9840474280338132
623_fri_c4_1000_10,tvae,xgboost,117952,0.0017418732636169329,0.003125861556536067,79.45401779951176,0.8705992590984484
623_fri_c4_1000_10,ctgan,xgboost,117952,0.0017418732636169329,0.004605368294972512,164.39169778687815,0.914371525483047
623_fri_c4_1000_10,crda,xgboost,117952,0.0017418732636169329,0.001715568189820305,-1.5101600297834705,0.9895613940088153
623_fri_c4_1000_10,c_mixup,xgboost,963395,0.0018129246827460043,0.005626884032051749,210.37605067678865,0.9655772997095251
623_fri_c4_1000_10,ada,xgboost,963395,0.0018129246827460043,0.00213517007440012,17.77489129697416,0.9867530555191287
623_fri_c4_1000_10,tabddpm,xgboost,963395,0.0018129246827460043,0.0017688194430120119,-2.4328225079481527,0.9851604836781254
623_fri_c4_1000_10,tvae,xgboost,963395,0.0018129246827460043,0.002642213949965783,45.74317262665702,0.8770556318603386
623_fri_c4_1000_10,ctgan,xgboost,963395,0.0018129246827460043,0.0025198070115530656,38.991268392703404,0.897869460761124
623_fri_c4_1000_10,crda,xgboost,963395,0.0018129246827460043,0.0016937093379112127,-6.575857561507643,0.9975767312097406
623_fri_c4_1000_10,c_mixup,xgboost,152315,0.0013172324932586143,0.004319967478304753,227.9578586478588,0.9701668746133798
623_fri_c4_1000_10,ada,xgboost,152315,0.0013172324932586143,0.0016957746691516273,28.737688891697665,0.9873209417459075
623_fri_c4_1000_10,tabddpm,xgboost,152315,0.0013172324932586143,0.0019653611669437562,49.2038176253745,0.9860081241977783
623_fri_c4_1000_10,tvae,xgboost,152315,0.0013172324932586143,0.002339465479855229,77.60459841586356,0.8394417998142898
623_fri_c4_1000_10,ctgan,xgboost,152315,0.0013172324932586143,0.004468756090505612,239.2534054068657,0.9125842307635534
623_fri_c4_1000_10,crda,xgboost,152315,0.0013172324932586143,0.0014140297039667588,7.348528919802481,0.9895406976045475
623_fri_c4_1000_10,c_mixup,xgboost,882371,0.0012702253934833297,0.00360130862046326,183.51729062724982,0.9759310506648664
623_fri_c4_1000_10,ada,xgboost,882371,0.0012702253934833297,0.0015054957027719168,18.52193402018259,0.987430489513075
623_fri_c4_1000_10,tabddpm,xgboost,882371,0.0012702253934833297,0.0017229101762114157,35.63814619440821,0.9810565836352164
623_fri_c4_1000_10,tvae,xgboost,882371,0.0012702253934833297,0.003379083712101434,166.02237126081988,0.8796364395104924
623_fri_c4_1000_10,ctgan,xgboost,882371,0.0012702253934833297,0.0037499186090566277,195.216788161765,0.912187813792063
623_fri_c4_1000_10,crda,xgboost,882371,0.0012702253934833297,0.001353016484480808,6.5178267906013785,0.9895182817995749
623_fri_c4_1000_10,c_mixup,xgboost,359783,0.0017490002765307344,0.0018531722400870934,5.956086168436257,0.9911496123912902
623_fri_c4_1000_10,ada,xgboost,359783,0.0017490002765307344,0.0018612257711879947,6.416550995627486,0.9885454809877028
623_fri_c4_1000_10,tabddpm,xgboost,359783,0.0017490002765307344,0.0015931045281275924,-8.913420454819612,0.9806561285091727
623_fri_c4_1000_10,tvae,xgboost,359783,0.0017490002765307344,0.004753201507853947,171.76676708606686,0.8737702800263799
623_fri_c4_1000_10,ctgan,xgboost,359783,0.0017490002765307344,0.003593809870520408,105.47794753063067,0.9284742982415841
623_fri_c4_1000_10,crda,xgboost,359783,0.0017490002765307344,0.0016750009657212966,-4.230949062868112,0.989696645542772
623_fri_c4_1000_10,c_mixup,xgboost,304137,0.0015062705960588463,0.0034264649457533525,127.48003942443613,0.975549092771895
623_fri_c4_1000_10,ada,xgboost,304137,0.0015062705960588463,0.0017817202317865948,18.28686269575081,0.988141625226594
623_fri_c4_1000_10,tabddpm,xgboost,304137,0.0015062705960588463,0.001980225704291178,31.46546905134005,0.9835565747849175
623_fri_c4_1000_10,tvae,xgboost,304137,0.0015062705960588463,0.0024248146479984006,60.98134387957401,0.8705388736999595
623_fri_c4_1000_10,ctgan,xgboost,304137,0.0015062705960588463,0.004348587463268224,188.6989545335542,0.9214715170664041
623_fri_c4_1000_10,crda,xgboost,304137,0.0015062705960588463,0.0016654005933137504,10.56450266447924,0.9883673212307496
623_fri_c4_1000_10,c_mixup,xgboost,122579,0.0014868818228540998,0.002319523553753761,55.99918689579436,0.9808516961969251
623_fri_c4_1000_10,ada,xgboost,122579,0.0014868818228540998,0.0020235008210277806,36.090225189761874,0.9863672034398263
623_fri_c4_1000_10,tabddpm,xgboost,122579,0.0014868818228540998,0.002021792569543609,35.97533700847437,0.9854782182194162
623_fri_c4_1000_10,tvae,xgboost,122579,0.0014868818228540998,0.0023473800526635823,57.872671289890334,0.8618701906164097
623_fri_c4_1000_10,ctgan,xgboost,122579,0.0014868818228540998,0.002625450765984777,76.57427279224997,0.9072884327635965
623_fri_c4_1000_10,crda,xgboost,122579,0.0014868818228540998,0.001459905768805175,-1.8142702153116455,0.9934128029575238
ConcreteCompressiveStrength,c_mixup,xgboost,985772,0.00313411152229526,0.003063133763962863,-2.2646851532716594,0.9585734610400833
ConcreteCompressiveStrength,ada,xgboost,985772,0.00313411152229526,0.0029688160033501747,-5.27407904183421,0.967929247802235
ConcreteCompressiveStrength,tabddpm,xgboost,985772,0.00313411152229526,0.002797519250628459,-10.739639265302802,0.9343196301958034
ConcreteCompressiveStrength,tvae,xgboost,985772,0.00313411152229526,0.0034614044005238064,10.442923804729638,0.8587190887994457
ConcreteCompressiveStrength,ctgan,xgboost,985772,0.00313411152229526,0.003497726809293465,11.601861784800564,0.9139342331470455
ConcreteCompressiveStrength,crda,xgboost,985772,0.00313411152229526,0.0030027209606339183,-4.192274612012475,0.9733124649026972
ConcreteCompressiveStrength,c_mixup,xgboost,305711,0.002481497766805475,0.002417594282985963,-2.5751981192301163,0.9697306715667906
ConcreteCompressiveStrength,ada,xgboost,305711,0.002481497766805475,0.0023722172878997538,-4.403811293628611,0.9670936508364438
ConcreteCompressiveStrength,tabddpm,xgboost,305711,0.002481497766805475,0.002540811231225462,2.390228402113106,0.9328953343632491
ConcreteCompressiveStrength,tvae,xgboost,305711,0.002481497766805475,0.0026363982363800257,6.242216763062405,0.8758237834574281
ConcreteCompressiveStrength,ctgan,xgboost,305711,0.002481497766805475,0.0031229769713053885,25.85048485962225,0.9067526296524858
ConcreteCompressiveStrength,crda,xgboost,305711,0.002481497766805475,0.00261322569048861,5.308403877901263,0.9819546874256411
ConcreteCompressiveStrength,c_mixup,xgboost,435829,0.00300160870000071,0.0026729679985073446,-10.948818928106373,0.9591759483162448
ConcreteCompressiveStrength,ada,xgboost,435829,0.00300160870000071,0.0031612077369102235,5.317116681780531,0.9709926098091065
ConcreteCompressiveStrength,tabddpm,xgboost,435829,0.00300160870000071,0.0031290406903439405,4.245456456172997,0.9338040433546824
ConcreteCompressiveStrength,tvae,xgboost,435829,0.00300160870000071,0.003888566768564838,29.549423566233614,0.8686295496280894
ConcreteCompressiveStrength,ctgan,xgboost,435829,0.00300160870000071,0.0037672435530159715,25.50748380410413,0.8901897455260366
ConcreteCompressiveStrength,crda,xgboost,435829,0.00300160870000071,0.003050505513497067,1.629020248253732,0.9883376044911407
ConcreteCompressiveStrength,c_mixup,xgboost,117952,0.0030588251202282647,0.0032413600310722992,5.967484366363936,0.9588890615177932
ConcreteCompressiveStrength,ada,xgboost,117952,0.0030588251202282647,0.0031189349035459116,1.9651265095260235,0.9670387738246151
ConcreteCompressiveStrength,tabddpm,xgboost,117952,0.0030588251202282647,0.002822092806946432,-7.739321601496673,0.9331761525459977
ConcreteCompressiveStrength,tvae,xgboost,117952,0.0030588251202282647,0.003298151891483047,7.824140375731016,0.8511087386734593
ConcreteCompressiveStrength,ctgan,xgboost,117952,0.0030588251202282647,0.003628899386860813,18.637033639569644,0.889244234917024
ConcreteCompressiveStrength,crda,xgboost,117952,0.0030588251202282647,0.002894988522640976,-5.356193673964025,0.9899842296343311
ConcreteCompressiveStrength,c_mixup,xgboost,963395,0.001776767518802875,0.0017896285450855988,0.723844067759017,0.95533997348479
ConcreteCompressiveStrength,ada,xgboost,963395,0.001776767518802875,0.0019074800169694415,7.356758652062484,0.968279255151109
ConcreteCompressiveStrength,tabddpm,xgboost,963395,0.001776767518802875,0.0018363938663486217,3.3558891028085,0.9351811070859546
ConcreteCompressiveStrength,tvae,xgboost,963395,0.001776767518802875,0.0018934583221257727,6.567589855622746,0.861420281203408
ConcreteCompressiveStrength,ctgan,xgboost,963395,0.001776767518802875,0.002394010029139679,34.739632720924625,0.902670785815874
ConcreteCompressiveStrength,crda,xgboost,963395,0.001776767518802875,0.0018629541832552046,4.850756418059644,0.9820026645176687
ConcreteCompressiveStrength,c_mixup,xgboost,152315,0.0029769918256612395,0.0026733853241055587,-10.198432489422261,0.957596447333964
ConcreteCompressiveStrength,ada,xgboost,152315,0.0029769918256612395,0.0030745347655786563,3.2765605560825124,0.9687483902708616
ConcreteCompressiveStrength,tabddpm,xgboost,152315,0.0029769918256612395,0.0025338297240193397,-14.88623844452331,0.9378009425078518
ConcreteCompressiveStrength,tvae,xgboost,152315,0.0029769918256612395,0.0032044426570733437,7.640290761012876,0.8590437924116625
ConcreteCompressiveStrength,ctgan,xgboost,152315,0.0029769918256612395,0.0035313999106748734,18.623097323772146,0.9080268937020575
ConcreteCompressiveStrength,crda,xgboost,152315,0.0029769918256612395,0.002796756340000649,-6.054282181999522,0.9830680194561976
ConcreteCompressiveStrength,c_mixup,xgboost,882371,0.00361072425889671,0.0034708762957032873,-3.873127748507571,0.9610014573114667
ConcreteCompressiveStrength,ada,xgboost,882371,0.00361072425889671,0.003595900460606042,-0.41054916487025434,0.968633778645895
ConcreteCompressiveStrength,tabddpm,xgboost,882371,0.00361072425889671,0.003979751437938185,10.220309073233814,0.9364731826682802
ConcreteCompressiveStrength,tvae,xgboost,882371,0.00361072425889671,0.0037210399573353145,3.055223565377224,0.8703572811559899
ConcreteCompressiveStrength,ctgan,xgboost,882371,0.00361072425889671,0.004451749685153518,23.292430159532334,0.9069539883020392
ConcreteCompressiveStrength,crda,xgboost,882371,0.00361072425889671,0.003715393989504928,2.898856935705214,0.9765847835217464
ConcreteCompressiveStrength,c_mixup,xgboost,359783,0.0017974311989927601,0.0017167905769880799,-4.486437202707367,0.9696698223885263
ConcreteCompressiveStrength,ada,xgboost,359783,0.0017974311989927601,0.0017574466068740599,-2.2245408970928477,0.9676515007629463
ConcreteCompressiveStrength,tabddpm,xgboost,359783,0.0017974311989927601,0.0016040178914714378,-10.760540243749347,0.9328598569325797
ConcreteCompressiveStrength,tvae,xgboost,359783,0.0017974311989927601,0.0017310406311006046,-3.693636114103245,0.8612867395450243
ConcreteCompressiveStrength,ctgan,xgboost,359783,0.0017974311989927601,0.0020973310100120867,16.684911844602652,0.8856879316739023
ConcreteCompressiveStrength,crda,xgboost,359783,0.0017974311989927601,0.0015876474746723043,-11.671307610439495,0.9870895792364368
ConcreteCompressiveStrength,c_mixup,xgboost,304137,0.002114647643600233,0.0021911426828833016,3.6173893799552492,0.9583664774246368
ConcreteCompressiveStrength,ada,xgboost,304137,0.002114647643600233,0.002020228631043087,-4.464999776340779,0.9711348858353632
ConcreteCompressiveStrength,tabddpm,xgboost,304137,0.002114647643600233,0.002101103968986979,-0.640469567317385,0.9367214412446252
ConcreteCompressiveStrength,tvae,xgboost,304137,0.002114647643600233,0.0022633674848087384,7.032842642063374,0.8684292768325532
ConcreteCompressiveStrength,ctgan,xgboost,304137,0.002114647643600233,0.0033902595033749685,60.32266716562666,0.8951310236166317
ConcreteCompressiveStrength,crda,xgboost,304137,0.002114647643600233,0.0021678592693778836,2.516335330790937,0.9784702783716606
ConcreteCompressiveStrength,c_mixup,xgboost,122579,0.0022953528394062863,0.002212325382491739,-3.6171979962794336,0.9640390116087175
ConcreteCompressiveStrength,ada,xgboost,122579,0.0022953528394062863,0.002237149137488089,-2.5357191678318287,0.9646830130436554
ConcreteCompressiveStrength,tabddpm,xgboost,122579,0.0022953528394062863,0.002600672089806114,13.301626014011914,0.9355520956389636
ConcreteCompressiveStrength,tvae,xgboost,122579,0.0022953528394062863,0.0024027025309443697,4.676827444352753,0.8783311012947664
ConcreteCompressiveStrength,ctgan,xgboost,122579,0.0022953528394062863,0.002876498053948425,25.31833906165194,0.8937718194725595
ConcreteCompressiveStrength,crda,xgboost,122579,0.0022953528394062863,0.0021285060149231093,-7.268896599197076,0.9864748540785881
EnergyEfficiency,c_mixup,xgboost,985772,0.001300772579836663,0.00060693160265152,-53.340682909557344,0.9534935079616078
EnergyEfficiency,ada,xgboost,985772,0.001300772579836663,0.0010753593017723043,-17.329184329259437,0.9725072254448313
EnergyEfficiency,tabddpm,xgboost,985772,0.001300772579836663,0.0011422237977846143,-12.18881643953146,0.9503396726367552
EnergyEfficiency,tvae,xgboost,985772,0.001300772579836663,0.0008269751482942026,-36.42430959007106,0.9056126066836767
EnergyEfficiency,ctgan,xgboost,985772,0.001300772579836663,0.0007064358457819643,-45.69105647424772,0.9067531306402176
EnergyEfficiency,crda,xgboost,985772,0.001300772579836663,0.0008388866361982547,-35.508585497428534,0.9674551344162472
EnergyEfficiency,c_mixup,xgboost,305711,0.0008298756477406134,0.0006124732857279731,-26.196980548173865,0.9622638557928358
EnergyEfficiency,ada,xgboost,305711,0.0008298756477406134,0.0008271939665315822,-0.32314253543072496,0.97412489077966
EnergyEfficiency,tabddpm,xgboost,305711,0.0008298756477406134,0.0011180737618498662,34.727867349028685,0.9506724032736036
EnergyEfficiency,tvae,xgboost,305711,0.0008298756477406134,0.0009562930107735491,15.233289876274188,0.8805566712902848
EnergyEfficiency,ctgan,xgboost,305711,0.0008298756477406134,0.0006360031996761038,-23.36162635839949,0.8935022155115993
EnergyEfficiency,crda,xgboost,305711,0.0008298756477406134,0.0007313988901307968,-11.866447446424715,0.9656468775303746
EnergyEfficiency,c_mixup,xgboost,435829,0.0012065554368104335,0.0010035091260428214,-16.828593579120678,0.9544569422926327
EnergyEfficiency,ada,xgboost,435829,0.0012065554368104335,0.0008994725283715731,-25.451205893252908,0.9743345531456316
EnergyEfficiency,tabddpm,xgboost,435829,0.0012065554368104335,0.0008764549283267149,-27.35891766037286,0.9492651600104505
EnergyEfficiency,tvae,xgboost,435829,0.0012065554368104335,0.0007122211041191899,-40.97071030553156,0.8884832097128483
EnergyEfficiency,ctgan,xgboost,435829,0.0012065554368104335,0.0007915182562568383,-34.39851729073956,0.8983051272590279
EnergyEfficiency,crda,xgboost,435829,0.0012065554368104335,0.001159131994566382,-3.9304818325974993,0.9882693336600288
EnergyEfficiency,c_mixup,xgboost,117952,0.0007264268442269451,0.0007906484478435828,8.840753081610234,0.9498854071046722
EnergyEfficiency,ada,xgboost,117952,0.0007264268442269451,0.0006662909587290006,-8.278312671930566,0.9753453972508737
EnergyEfficiency,tabddpm,xgboost,117952,0.0007264268442269451,0.0007179208100333387,-1.1709416111485305,0.9489369462661456
EnergyEfficiency,tvae,xgboost,117952,0.0007264268442269451,0.0008626662656273834,18.75473387074821,0.874806769527019
EnergyEfficiency,ctgan,xgboost,117952,0.0007264268442269451,0.0005098127820794893,-29.819115836498856,0.9060486871091951
EnergyEfficiency,crda,xgboost,117952,0.0007264268442269451,0.0007607282961365777,4.721941676884997,0.9865324236320887
EnergyEfficiency,c_mixup,xgboost,963395,0.0007272953974164125,0.0009634778781513454,32.47407883700751,0.9474370071217753
EnergyEfficiency,ada,xgboost,963395,0.0007272953974164125,0.0005523651412374065,-24.05216048395392,0.9735735972323798
EnergyEfficiency,tabddpm,xgboost,963395,0.0007272953974164125,0.001009299029519792,38.77429076344319,0.9486842793057592
EnergyEfficiency,tvae,xgboost,963395,0.0007272953974164125,0.0008312706430773952,14.29615064667483,0.8890970975348371
EnergyEfficiency,ctgan,xgboost,963395,0.0007272953974164125,0.0008328570312229443,14.514272217522716,0.8918878937067569
EnergyEfficiency,crda,xgboost,963395,0.0007272953974164125,0.0007631284913545579,4.926896837988544,0.9908720044817064
EnergyEfficiency,c_mixup,xgboost,152315,0.0012838338573990735,0.0007592063813746377,-40.86412529166988,0.9494119446266391
EnergyEfficiency,ada,xgboost,152315,0.0012838338573990735,0.0008152909631376212,-36.49560194733266,0.9722809243160311
EnergyEfficiency,tabddpm,xgboost,152315,0.0012838338573990735,0.0010181175673829792,-20.697093201328283,0.9504916623344059
EnergyEfficiency,tvae,xgboost,152315,0.0012838338573990735,0.0008221677914866891,-35.95995410556288,0.8960959058317148
EnergyEfficiency,ctgan,xgboost,152315,0.0012838338573990735,0.0006428642454612002,-49.926211888228075,0.8841230510065283
EnergyEfficiency,crda,xgboost,152315,0.0012838338573990735,0.001070323166795533,-16.630710381489155,0.9829390395661736
EnergyEfficiency,c_mixup,xgboost,882371,0.0005368345937729292,0.00044111180623687533,-17.830964816053335,0.9564128596867181
EnergyEfficiency,ada,xgboost,882371,0.0005368345937729292,0.00046365640756534455,-13.63142149489301,0.9742902917790486
EnergyEfficiency,tabddpm,xgboost,882371,0.0005368345937729292,0.000694569089250731,29.382326941568238,0.9526415354456376
EnergyEfficiency,tvae,xgboost,882371,0.0005368345937729292,0.00045713961154084104,-14.845351465147495,0.8796587843276413
EnergyEfficiency,ctgan,xgboost,882371,0.0005368345937729292,0.00048219994799870097,-10.177184258981946,0.8902881065612774
EnergyEfficiency,crda,xgboost,882371,0.0005368345937729292,0.00045511766857591625,-15.221993169757916,0.9767948098981805
EnergyEfficiency,c_mixup,xgboost,359783,0.0005448017194212369,0.0006355032811887691,16.64854543115023,0.9647814150360686
EnergyEfficiency,ada,xgboost,359783,0.0005448017194212369,0.0004353310640943211,-20.09366920559842,0.97371924708974
EnergyEfficiency,tabddpm,xgboost,359783,0.0005448017194212369,0.0006286357919891526,15.387997060100284,0.9479179003383
EnergyEfficiency,tvae,xgboost,359783,0.0005448017194212369,0.0003230137748559962,-40.70984665776281,0.8805411190710715
EnergyEfficiency,ctgan,xgboost,359783,0.0005448017194212369,0.000517547595048525,-5.002576790995621,0.8996814112227056
EnergyEfficiency,crda,xgboost,359783,0.0005448017194212369,0.0004629588741891029,-15.022501272403966,0.9761243874553416
EnergyEfficiency,c_mixup,xgboost,304137,0.0011526985885392895,0.0007104811848759457,-38.36366315185012,0.9550315108122129
EnergyEfficiency,ada,xgboost,304137,0.0011526985885392895,0.0007982101908457225,-30.752913312991737,0.974147113360465
EnergyEfficiency,tabddpm,xgboost,304137,0.0011526985885392895,0.001002403484887224,-13.03854321904922,0.9443573217316454
EnergyEfficiency,tvae,xgboost,304137,0.0011526985885392895,0.0007866759895264546,-31.75353927314704,0.8923232715792776
EnergyEfficiency,ctgan,xgboost,304137,0.0011526985885392895,0.0008151865103454151,-29.280167560678017,0.8828790291104766
EnergyEfficiency,crda,xgboost,304137,0.0011526985885392895,0.0009876803821933368,-14.315815772366424,0.9860932750124849
EnergyEfficiency,c_mixup,xgboost,122579,0.0009737250715466163,0.0005427926746420108,-44.25606462203279,0.9597379013211836
EnergyEfficiency,ada,xgboost,122579,0.0009737250715466163,0.000680067178615679,-30.158193674165723,0.9714104945082972
EnergyEfficiency,tabddpm,xgboost,122579,0.0009737250715466163,0.0008821464117682486,-9.404981185593666,0.9524612543688484
EnergyEfficiency,tvae,xgboost,122579,0.0009737250715466163,0.000564083590209663,-42.06952180930283,0.8849653315421984
EnergyEfficiency,ctgan,xgboost,122579,0.0009737250715466163,0.0006443014366824987,-33.83127789252438,0.8962930053056223
EnergyEfficiency,crda,xgboost,122579,0.0009737250715466163,0.000928889545458577,-4.604536475252183,0.9943684402604243
WineQuality,c_mixup,xgboost,985772,0.015078899894284384,0.014884380503614436,-1.2900104917049051,0.9703916627646135
WineQuality,ada,xgboost,985772,0.015078899894284384,0.015090812968787991,0.07900493130883225,0.9862893182770416
WineQuality,tabddpm,xgboost,985772,0.015078899894284384,0.014552862375363084,-3.488566955210659,0.9607003545486499
WineQuality,tvae,xgboost,985772,0.015078899894284384,0.0147999349835054,-1.8500349013174742,0.9382180976285157
WineQuality,ctgan,xgboost,985772,0.015078899894284384,0.014384528359486686,-4.604921709579743,0.9172227042721945
WineQuality,crda,xgboost,985772,0.015078899894284384,0.014407340422242135,-4.453637047466587,0.988971659831891
WineQuality,c_mixup,xgboost,305711,0.01401368102402283,0.013653510054677492,-2.5701382008618463,0.9831860060281199
WineQuality,ada,xgboost,305711,0.01401368102402283,0.01404517901896019,0.22476603315977356,0.9860237519137223
WineQuality,tabddpm,xgboost,305711,0.01401368102402283,0.013403031238896818,-4.357525935399923,0.9602583213539135
WineQuality,tvae,xgboost,305711,0.01401368102402283,0.013818400325741387,-1.3935003797124086,0.940813486021062
WineQuality,ctgan,xgboost,305711,0.01401368102402283,0.013991950128076185,-0.15506914927915122,0.9079903490423273
WineQuality,crda,xgboost,305711,0.01401368102402283,0.013596159339038435,-2.9793862459739398,0.9857386199968481
WineQuality,c_mixup,xgboost,435829,0.01430518951393269,0.014403761319779346,0.6890632644233908,0.976674236369632
WineQuality,ada,xgboost,435829,0.01430518951393269,0.014863204786615606,3.9007890957294316,0.9867772571194746
WineQuality,tabddpm,xgboost,435829,0.01430518951393269,0.013593502779320105,-4.975024860170004,0.959035412626468
WineQuality,tvae,xgboost,435829,0.01430518951393269,0.014604508306393394,2.0923790780204614,0.9375438836432362
WineQuality,ctgan,xgboost,435829,0.01430518951393269,0.014535271434661125,1.608380794286895,0.9114731465280488
WineQuality,crda,xgboost,435829,0.01430518951393269,0.013881863678494376,-2.9592466078552127,0.98852242578314
WineQuality,c_mixup,xgboost,117952,0.014459353517529331,0.013965443031423738,-3.4158545574448884,0.9702799310329573
WineQuality,ada,xgboost,117952,0.014459353517529331,0.014262057970325943,-1.3644838751898811,0.9863146542353969
WineQuality,tabddpm,xgboost,117952,0.014459353517529331,0.014115151943114102,-2.3804769279480427,0.9650033561288135
WineQuality,tvae,xgboost,117952,0.014459353517529331,0.014674290829044239,1.4864932325939428,0.947832195031701
WineQuality,ctgan,xgboost,117952,0.014459353517529331,0.014591995766965127,0.9173456425627252,0.9210968637597101
WineQuality,crda,xgboost,117952,0.014459353517529331,0.013808662881505375,-4.500136435803389,0.9834881142822954
WineQuality,c_mixup,xgboost,963395,0.01407903017016649,0.013574576823726451,-3.5830120423278626,0.9670707212469167
WineQuality,ada,xgboost,963395,0.01407903017016649,0.013964842737245272,-0.8110461554602069,0.986257568670813
WineQuality,tabddpm,xgboost,963395,0.01407903017016649,0.014024750130304929,-0.3855382025999214,0.9632955603437414
WineQuality,tvae,xgboost,963395,0.01407903017016649,0.014242727180228563,1.1627008968909522,0.9441334148637741
WineQuality,ctgan,xgboost,963395,0.01407903017016649,0.014378383463175437,2.1262351837506395,0.9032313716200737
WineQuality,crda,xgboost,963395,0.01407903017016649,0.014026701213544254,-0.3716801227766425,0.98452172190609
WineQuality,c_mixup,xgboost,152315,0.013550386787099153,0.013327838197392694,-1.642378134315245,0.9698188949794021
WineQuality,ada,xgboost,152315,0.013550386787099153,0.013290857987952038,-1.915287018922613,0.9865011637679495
WineQuality,tabddpm,xgboost,152315,0.013550386787099153,0.01285304607457444,-5.146279021264736,0.9563776245543278
WineQuality,tvae,xgboost,152315,0.013550386787099153,0.013182435345838283,-2.7154312791365007,0.941524560287573
WineQuality,ctgan,xgboost,152315,0.013550386787099153,0.01336807085503301,-1.3454666271203306,0.9164917871337983
WineQuality,crda,xgboost,152315,0.013550386787099153,0.013131299628816939,-3.0928058723844853,0.9940664587032
WineQuality,c_mixup,xgboost,882371,0.014144238641522987,0.01362350368683786,-3.6816047005627834,0.9740417162718826
WineQuality,ada,xgboost,882371,0.014144238641522987,0.01400824510236494,-0.9614765602074434,0.9856288930835504
WineQuality,tabddpm,xgboost,882371,0.014144238641522987,0.013745655041156045,-2.817992615006001,0.9595588880870805
WineQuality,tvae,xgboost,882371,0.014144238641522987,0.014029351095093606,-0.8122568442256667,0.9357292982603309
WineQuality,ctgan,xgboost,882371,0.014144238641522987,0.014245254644208784,0.7141848016424568,0.9057967683934491
WineQuality,crda,xgboost,882371,0.014144238641522987,0.013800045274220388,-2.433452772015293,0.9841583200878357
WineQuality,c_mixup,xgboost,359783,0.013556551228300316,0.013497152337559699,-0.43815635511056444,0.986064222068918
WineQuality,ada,xgboost,359783,0.013556551228300316,0.013279874510470954,-2.0409078472095366,0.985259639082246
WineQuality,tabddpm,xgboost,359783,0.013556551228300316,0.013275443331670621,-2.073594470272507,0.959040580757674
WineQuality,tvae,xgboost,359783,0.013556551228300316,0.013067232601884655,-3.6094624523246894,0.9432730358608953
WineQuality,ctgan,xgboost,359783,0.013556551228300316,0.013233381241191004,-2.3838657905461313,0.9190569022896209
WineQuality,crda,xgboost,359783,0.013556551228300316,0.013097803705857705,-3.3839544786651996,0.9841768608459015
WineQuality,c_mixup,xgboost,304137,0.013133458413376504,0.012691815850626332,-3.362728603917125,0.9749381733579676
WineQuality,ada,xgboost,304137,0.013133458413376504,0.013399205732669431,2.0234374749476665,0.9862349233911314
WineQuality,tabddpm,xgboost,304137,0.013133458413376504,0.01287909263031779,-1.9367768568836485,0.9595373372644138
WineQuality,tvae,xgboost,304137,0.013133458413376504,0.013223972679246188,0.6891883540552767,0.9451035109532318
WineQuality,ctgan,xgboost,304137,0.013133458413376504,0.013507992295122782,2.8517536657733147,0.8982832602407893
WineQuality,crda,xgboost,304137,0.013133458413376504,0.012863920769969043,-2.052297535985918,0.9893189316827582
WineQuality,c_mixup,xgboost,122579,0.013391009162305291,0.013281046191398227,-0.821170156589859,0.9794719041076607
WineQuality,ada,xgboost,122579,0.013391009162305291,0.013453184061542185,0.4643033133896359,0.9862010876313321
WineQuality,tabddpm,xgboost,122579,0.013391009162305291,0.01362458717047313,1.7442898092052899,0.9608103103761323
WineQuality,tvae,xgboost,122579,0.013391009162305291,0.01335254945129983,-0.2872054715168274,0.941687721183752
WineQuality,ctgan,xgboost,122579,0.013391009162305291,0.013879750664389094,3.649773487270653,0.9147786355773713
WineQuality,crda,xgboost,122579,0.013391009162305291,0.01320226340599441,-1.4094961329888884,0.985241856621805
227_cpu_small,c_mixup,xgboost,985772,0.0006617519532631056,0.0006740984736851157,1.865732373154207,0.9600265038130065
227_cpu_small,ada,xgboost,985772,0.0006617519532631056,0.0006746483893659393,1.948832344089226,0.9699180122929032
227_cpu_small,tabddpm,xgboost,985772,0.0006617519532631056,0.0009400524826260054,42.05511264312814,0.9599391899882384
227_cpu_small,tvae,xgboost,985772,0.0006617519532631056,0.0007856446542405383,18.721924486435817,0.9502535743115701
227_cpu_small,ctgan,xgboost,985772,0.0006617519532631056,0.0009456121888871292,42.89526222390518,0.9141419624800725
227_cpu_small,crda,xgboost,985772,0.0006617519532631056,0.000652076215673882,-1.4621396342711923,0.9799632342910263
227_cpu_small,c_mixup,xgboost,305711,0.0006994753922119806,0.0006766326823477672,-3.2656917053188925,0.9719727590903775
227_cpu_small,ada,xgboost,305711,0.0006994753922119806,0.0007292229106446574,4.252832732057227,0.9718542811900974
227_cpu_small,tabddpm,xgboost,305711,0.0006994753922119806,0.0008360830549821497,19.530016965738984,0.9602270512708753
227_cpu_small,tvae,xgboost,305711,0.0006994753922119806,0.0007955531040340999,13.735681468119786,0.9414169248577675
227_cpu_small,ctgan,xgboost,305711,0.0006994753922119806,0.0009640429084818691,37.82370605393785,0.9135268463892268
227_cpu_small,crda,xgboost,305711,0.0006994753922119806,0.00068214014055746,-2.4783218748697684,0.976091881552526
227_cpu_small,c_mixup,xgboost,435829,0.0007137329721300878,0.000689773331847956,-3.356947376359243,0.9659923926362792
227_cpu_small,ada,xgboost,435829,0.0007137329721300878,0.0007094162055872071,-0.6048153457164225,0.9716176326198884
227_cpu_small,tabddpm,xgboost,435829,0.0007137329721300878,0.0008393536882134302,17.600520220949836,0.9612654256983901
227_cpu_small,tvae,xgboost,435829,0.0007137329721300878,0.0008048051120522513,12.75997375466133,0.9437933438246542
227_cpu_small,ctgan,xgboost,435829,0.0007137329721300878,0.0010061372677358021,40.96830425713043,0.9153211873518363
227_cpu_small,crda,xgboost,435829,0.0007137329721300878,0.0006780401766342404,-5.000861230962143,0.9876338888154784
227_cpu_small,c_mixup,xgboost,117952,0.0006981769161363913,0.0007046141751104257,0.9220097120450959,0.9605152633318945
227_cpu_small,ada,xgboost,117952,0.0006981769161363913,0.0007014849396632517,0.4738087797526342,0.9713855107098759
227_cpu_small,tabddpm,xgboost,117952,0.0006981769161363913,0.0010841464650296184,55.28248499379298,0.9603958729373658
227_cpu_small,tvae,xgboost,117952,0.0006981769161363913,0.000868070300620313,24.333858733698452,0.9446325563014679
227_cpu_small,ctgan,xgboost,117952,0.0006981769161363913,0.0008971677207884651,28.501487238114343,0.9130731409925852
227_cpu_small,crda,xgboost,117952,0.0006981769161363913,0.0006861060271511372,-1.7289155092741582,0.9735082974837412
227_cpu_small,c_mixup,xgboost,963395,0.0006337108773738489,0.000688639890997458,8.667835062456167,0.9566653219348361
227_cpu_small,ada,xgboost,963395,0.0006337108773738489,0.000662849779704074,4.598138263142821,0.9712522972698361
227_cpu_small,tabddpm,xgboost,963395,0.0006337108773738489,0.0008018134999793737,26.526706201123794,0.9602783027029692
227_cpu_small,tvae,xgboost,963395,0.0006337108773738489,0.0007828870676329658,23.540102527088614,0.9479100772928559
227_cpu_small,ctgan,xgboost,963395,0.0006337108773738489,0.000941740537846157,48.60728629888899,0.9106779711850352
227_cpu_small,crda,xgboost,963395,0.0006337108773738489,0.0006445967965529157,1.7178053222281717,0.9799270085365392
227_cpu_small,c_mixup,xgboost,152315,0.0006730147582139166,0.0007469593574865951,10.987069506308709,0.9589854617935069
227_cpu_small,ada,xgboost,152315,0.0006730147582139166,0.0006815699088835636,1.2711683607579687,0.9711660535768849
227_cpu_small,tabddpm,xgboost,152315,0.0006730147582139166,0.0009687058089383708,43.93529965214661,0.9610110684726264
227_cpu_small,tvae,xgboost,152315,0.0006730147582139166,0.0008747305630980977,29.971973485322305,0.9489161078653205
227_cpu_small,ctgan,xgboost,152315,0.0006730147582139166,0.0009642486886248222,43.273037753852265,0.9220567507896134
227_cpu_small,crda,xgboost,152315,0.0006730147582139166,0.0006664327300572509,-0.9779916526843223,0.9875103480693923
227_cpu_small,c_mixup,xgboost,882371,0.0006675768326146317,0.0006543800789510307,-1.9768142060764091,0.9625334668505601
227_cpu_small,ada,xgboost,882371,0.0006675768326146317,0.0006974627480590828,4.476775403873733,0.9718813200561811
227_cpu_small,tabddpm,xgboost,882371,0.0006675768326146317,0.0008854065539666884,32.62991025301235,0.9603663295935047
227_cpu_small,tvae,xgboost,882371,0.0006675768326146317,0.0008245660722597937,23.516280370350472,0.9479654589701338
227_cpu_small,ctgan,xgboost,882371,0.0006675768326146317,0.0010077853399660566,50.96170069577821,0.9210234985126233
227_cpu_small,crda,xgboost,882371,0.0006675768326146317,0.0006667471133164938,-0.1242882103754611,0.976610321588951
227_cpu_small,c_mixup,xgboost,359783,0.0007118805987186298,0.0007375989122217067,3.6127285319152285,0.9746326398458878
227_cpu_small,ada,xgboost,359783,0.0007118805987186298,0.0007220494337227633,1.4284467117712152,0.971798702807307
227_cpu_small,tabddpm,xgboost,359783,0.0007118805987186298,0.0010431796288733997,46.538567106773414,0.9597068709694111
227_cpu_small,tvae,xgboost,359783,0.0007118805987186298,0.0009817966274378478,37.91591303444162,0.9466111563847586
227_cpu_small,ctgan,xgboost,359783,0.0007118805987186298,0.001117253223600334,56.94390683091607,0.9128691496756052
227_cpu_small,crda,xgboost,359783,0.0007118805987186298,0.000719203420653144,1.0286587312107,0.9811270702391279
227_cpu_small,c_mixup,xgboost,304137,0.0006303828914319578,0.0006340618922210354,0.5836136797305046,0.9630939768233527
227_cpu_small,ada,xgboost,304137,0.0006303828914319578,0.0006360952837939959,0.9061782037044198,0.9705945589641249
227_cpu_small,tabddpm,xgboost,304137,0.0006303828914319578,0.0008417222890795512,33.52556049982916,0.9622950530422913
227_cpu_small,tvae,xgboost,304137,0.0006303828914319578,0.0008530585301971923,35.32387090319211,0.9489871432332696
227_cpu_small,ctgan,xgboost,304137,0.0006303828914319578,0.0008476543342605592,34.46658305320667,0.9104180685809099
227_cpu_small,crda,xgboost,304137,0.0006303828914319578,0.0006301064919821793,-0.043846280337753604,0.9697921758534627
227_cpu_small,c_mixup,xgboost,122579,0.0006585615120750768,0.0006520769830410708,-0.9846504715366319,0.9688361386467639
227_cpu_small,ada,xgboost,122579,0.0006585615120750768,0.0006571126053326099,-0.22001084422644843,0.9707953414755868
227_cpu_small,tabddpm,xgboost,122579,0.0006585615120750768,0.0009679242514788207,46.97552677030361,0.960265919161652
227_cpu_small,tvae,xgboost,122579,0.0006585615120750768,0.0008034586973020521,22.002073089636745,0.946636964943292
227_cpu_small,ctgan,xgboost,122579,0.0006585615120750768,0.0008677862630681601,31.769963345387765,0.9153820554152164
227_cpu_small,crda,xgboost,122579,0.0006585615120750768,0.0006285287379394485,-4.560359751513156,0.9819131295806209
294_satellite_image,c_mixup,xgboost,985772,0.014590294631114236,0.016118462988801863,10.473869077522007,0.9713742828918305
294_satellite_image,ada,xgboost,985772,0.014590294631114236,0.014427087492173913,-1.1186007072967465,0.9896055380550232
294_satellite_image,tabddpm,xgboost,985772,0.014590294631114236,0.015018452787903015,2.934540854820845,0.9009934152167658
294_satellite_image,tvae,xgboost,985772,0.014590294631114236,0.016555867894025907,13.471785955028134,0.9756165996421522
294_satellite_image,ctgan,xgboost,985772,0.014590294631114236,0.015643155284379946,7.216171296640256,0.9021174628669038
294_satellite_image,crda,xgboost,985772,0.014590294631114236,0.014684413620910986,0.6450794324333856,0.9945564703464714
294_satellite_image,c_mixup,xgboost,305711,0.012930456753570756,0.012466164185040936,-3.590689620469946,0.9856782188091359
294_satellite_image,ada,xgboost,305711,0.012930456753570756,0.012464899848427864,-3.6004675938019584,0.9890604446431053
294_satellite_image,tabddpm,xgboost,305711,0.012930456753570756,0.013851217617503736,7.120868825292745,0.902958855959999
294_satellite_image,tvae,xgboost,305711,0.012930456753570756,0.012585984163900877,-2.664040383374336,0.95924078632135
294_satellite_image,ctgan,xgboost,305711,0.012930456753570756,0.013677242257758487,5.775399264078632,0.8944826481063735
294_satellite_image,crda,xgboost,305711,0.012930456753570756,0.012259029388465235,-5.192603617193226,0.9955555529232306
294_satellite_image,c_mixup,xgboost,435829,0.012304009043979564,0.012893119747784133,4.787957337310514,0.9802495974170912
294_satellite_image,ada,xgboost,435829,0.012304009043979564,0.011933066381884542,-3.014811357575576,0.9896314828727435
294_satellite_image,tabddpm,xgboost,435829,0.012304009043979564,0.014216120281645974,15.540554552843238,0.8995585735532806
294_satellite_image,tvae,xgboost,435829,0.012304009043979564,0.014471373692442193,17.615109357572646,0.9702056249166013
294_satellite_image,ctgan,xgboost,435829,0.012304009043979564,0.013907213370625652,13.029934559667334,0.8980203018602633
294_satellite_image,crda,xgboost,435829,0.012304009043979564,0.012123290351312113,-1.4687789323096923,0.9922108020387055
294_satellite_image,c_mixup,xgboost,117952,0.011321007334692835,0.012365907162792197,9.229742523859183,0.9724383841092619
294_satellite_image,ada,xgboost,117952,0.011321007334692835,0.012064712334522072,6.569247575259298,0.9881953119091136
294_satellite_image,tabddpm,xgboost,117952,0.011321007334692835,0.012708058147144066,12.25200877841198,0.9031387562372868
294_satellite_image,tvae,xgboost,117952,0.011321007334692835,0.012295259855834602,8.605705237520727,0.9721312526090469
294_satellite_image,ctgan,xgboost,117952,0.011321007334692835,0.012753516820413957,12.653551432046562,0.9003144339146038
294_satellite_image,crda,xgboost,117952,0.011321007334692835,0.011398790132793477,0.6870660516425834,0.9974853757924672
294_satellite_image,c_mixup,xgboost,963395,0.01194416856310032,0.013373623253249466,11.967804059340118,0.9674265883507125
294_satellite_image,ada,xgboost,963395,0.01194416856310032,0.012278408294994657,2.798350761114669,0.989196926016235
294_satellite_image,tabddpm,xgboost,963395,0.01194416856310032,0.013392981973488502,12.129880809486139,0.9005148272994308
294_satellite_image,tvae,xgboost,963395,0.01194416856310032,0.013126578149130853,9.899471694358091,0.9669841663470673
294_satellite_image,ctgan,xgboost,963395,0.01194416856310032,0.013113794524398615,9.792443526891233,0.9016422903996861
294_satellite_image,crda,xgboost,963395,0.01194416856310032,0.012058016366454241,0.9531664154978288,0.9964088774901183
294_satellite_image,c_mixup,xgboost,152315,0.012604108531914822,0.014388224310860478,14.155033451418653,0.9714518367959664
294_satellite_image,ada,xgboost,152315,0.012604108531914822,0.012977279930323628,2.9607123539431615,0.9892244963186736
294_satellite_image,tabddpm,xgboost,152315,0.012604108531914822,0.0146189351985983,15.985475383536585,0.9026223292883515
294_satellite_image,tvae,xgboost,152315,0.012604108531914822,0.014995635566512872,18.974186302366974,0.9651028172326014
294_satellite_image,ctgan,xgboost,152315,0.012604108531914822,0.014615706924990755,15.959862516118225,0.8977894043915056
294_satellite_image,crda,xgboost,152315,0.012604108531914822,0.012875580911239777,2.1538403817894842,0.9963770878969118
294_satellite_image,c_mixup,xgboost,882371,0.011345809624627525,0.012080566893394665,6.476023246258736,0.9760249726210235
294_satellite_image,ada,xgboost,882371,0.011345809624627525,0.011691137732787927,3.0436621059710256,0.9886735945613387
294_satellite_image,tabddpm,xgboost,882371,0.011345809624627525,0.013142959116007692,15.839764202276276,0.9015635971099194
294_satellite_image,tvae,xgboost,882371,0.011345809624627525,0.013631795357013293,20.14828212368154,0.9686327450349768
294_satellite_image,ctgan,xgboost,882371,0.011345809624627525,0.013216169328010188,16.485026324809905,0.8937747028581269
294_satellite_image,crda,xgboost,882371,0.011345809624627525,0.011312522886337198,-0.2933835432781612,0.9968880100708907
294_satellite_image,c_mixup,xgboost,359783,0.012339282868547236,0.012646021323863974,2.4858693862883467,0.988113472015338
294_satellite_image,ada,xgboost,359783,0.012339282868547236,0.012071687162690038,-2.1686487675819315,0.9888223499755703
294_satellite_image,tabddpm,xgboost,359783,0.012339282868547236,0.013278173975731843,7.608960076422558,0.9011525672601632
294_satellite_image,tvae,xgboost,359783,0.012339282868547236,0.014286774149659348,15.78285627989173,0.9665530641556865
294_satellite_image,ctgan,xgboost,359783,0.012339282868547236,0.01333657501882872,8.082253733104507,0.8983646072679441
294_satellite_image,crda,xgboost,359783,0.012339282868547236,0.012197021685543786,-1.15291289225627,0.9915848284790245
294_satellite_image,c_mixup,xgboost,304137,0.013882660670265466,0.014969001261581405,7.8251613081829055,0.9785595289072981
294_satellite_image,ada,xgboost,304137,0.013882660670265466,0.014592006136669092,5.109578655357725,0.9886346993414756
294_satellite_image,tabddpm,xgboost,304137,0.013882660670265466,0.014778658471199283,6.4540783803273865,0.9014718183525274
294_satellite_image,tvae,xgboost,304137,0.013882660670265466,0.01590112148618527,14.539437820035737,0.9736068475969227
294_satellite_image,ctgan,xgboost,304137,0.013882660670265466,0.015503375922570228,11.674384981375265,0.8999861872497869
294_satellite_image,crda,xgboost,304137,0.013882660670265466,0.013784091242230864,-0.710018276580965,0.9950846067408103
294_satellite_image,c_mixup,xgboost,122579,0.012222237566649294,0.012299947209023658,0.635805366657328,0.9841237961701559
294_satellite_image,ada,xgboost,122579,0.012222237566649294,0.0125990129784685,3.0827040446939935,0.98975488881812
294_satellite_image,tabddpm,xgboost,122579,0.012222237566649294,0.013582817239233349,11.132001527254356,0.9005230319935555
294_satellite_image,tvae,xgboost,122579,0.012222237566649294,0.013269824398732243,8.571154229087231,0.970249513153111
294_satellite_image,ctgan,xgboost,122579,0.012222237566649294,0.013307261757255573,8.877459505180745,0.8974374966005152
294_satellite_image,crda,xgboost,122579,0.012222237566649294,0.011875751095775416,-2.834885748083743,0.9910912230441457
503_wind,c_mixup,xgboost,985772,0.004967977097783902,0.004875585200483012,-1.8597488571777743,0.97516730572786
503_wind,ada,xgboost,985772,0.004967977097783902,0.004991058400416109,0.464601631164986,0.9926986557163885
503_wind,tabddpm,xgboost,985772,0.004967977097783902,0.004880496322594368,-1.7608932864959712,0.9777380388615982
503_wind,tvae,xgboost,985772,0.004967977097783902,0.005353595376548462,7.762078431009177,0.9444852942703488
503_wind,ctgan,xgboost,985772,0.004967977097783902,0.005358629096085177,7.863401755123554,0.8779492921077796
503_wind,crda,xgboost,985772,0.004967977097783902,0.0048322421906529245,-2.732196716275634,0.9917096039499742
503_wind,c_mixup,xgboost,305711,0.005513548329927008,0.005409708149098167,-1.8833639358016716,0.989758643061128
503_wind,ada,xgboost,305711,0.005513548329927008,0.005434862807350908,-1.4271303680971177,0.992811211589659
503_wind,tabddpm,xgboost,305711,0.005513548329927008,0.005483805689869939,-0.5394464377074211,0.9751438297705255
503_wind,tvae,xgboost,305711,0.005513548329927008,0.005877218915801956,6.595944464674039,0.9464030459739572
503_wind,ctgan,xgboost,305711,0.005513548329927008,0.005864516204163457,6.365553600599269,0.8944008428499919
503_wind,crda,xgboost,305711,0.005513548329927008,0.0054383313223125155,-1.3642214253608975,0.9889795222768427
503_wind,c_mixup,xgboost,435829,0.004808897288957765,0.004636939156373012,-3.575832924932807,0.9831345210848208
503_wind,ada,xgboost,435829,0.004808897288957765,0.004850837949261517,0.8721471427567432,0.9930441523154736
503_wind,tabddpm,xgboost,435829,0.004808897288957765,0.004909445265877298,2.0908738714468234,0.978855448369698
503_wind,tvae,xgboost,435829,0.004808897288957765,0.004971558908504774,3.3825139064731955,0.9490698453118448
503_wind,ctgan,xgboost,435829,0.004808897288957765,0.0052002320659835675,8.137723754765751,0.8958998723784926
503_wind,crda,xgboost,435829,0.004808897288957765,0.004681977681171217,-2.6392663465277613,0.9954340328341784
503_wind,c_mixup,xgboost,117952,0.005272110190516955,0.0052318042224291815,-0.7645130058220764,0.9754186703376462
503_wind,ada,xgboost,117952,0.005272110190516955,0.005318087694514114,0.8720892078443225,0.9922017953935341
503_wind,tabddpm,xgboost,117952,0.005272110190516955,0.005209453291953419,-1.1884595787894894,0.9774145205020439
503_wind,tvae,xgboost,117952,0.005272110190516955,0.00569044248544921,7.934816986274633,0.9476277035013111
503_wind,ctgan,xgboost,117952,0.005272110190516955,0.00552802258806274,4.854079074562962,0.8906303751348483
503_wind,crda,xgboost,117952,0.005272110190516955,0.005132056568971107,-2.6565002718980555,0.9966422400167616
503_wind,c_mixup,xgboost,963395,0.005458252927598192,0.005258637729803105,-3.657126198490843,0.9705133607835343
503_wind,ada,xgboost,963395,0.005458252927598192,0.005471269705023082,0.23847882459008973,0.9926480466036404
503_wind,tabddpm,xgboost,963395,0.005458252927598192,0.0055677023811469125,2.0052103667698993,0.97771225648667
503_wind,tvae,xgboost,963395,0.005458252927598192,0.00559797818893548,2.5598898253835896,0.9433730072951483
503_wind,ctgan,xgboost,963395,0.005458252927598192,0.005834300344065292,6.88951980524238,0.8784216353966584
503_wind,crda,xgboost,963395,0.005458252927598192,0.005288998999787068,-3.100880997202184,0.9920960248391024
503_wind,c_mixup,xgboost,152315,0.005168680293350127,0.005073985143616811,-1.8320953194792988,0.9735091661068443
503_wind,ada,xgboost,152315,0.005168680293350127,0.005123016608655615,-0.8834689340964281,0.9919370758338115
503_wind,tabddpm,xgboost,152315,0.005168680293350127,0.0051764755188859,0.15081655458167925,0.9806564688520009
503_wind,tvae,xgboost,152315,0.005168680293350127,0.005385294459902172,4.190898919221869,0.9509748531659552
503_wind,ctgan,xgboost,152315,0.005168680293350127,0.005691949520735754,10.12384588884032,0.8911007612990561
503_wind,crda,xgboost,152315,0.005168680293350127,0.0050615453087671704,-2.0727725164350677,0.9964514840379743
503_wind,c_mixup,xgboost,882371,0.005259615460029131,0.00540047310179135,2.678097720882413,0.97894309232019
503_wind,ada,xgboost,882371,0.005259615460029131,0.005298632693615964,0.7418267339760519,0.9931847491083423
503_wind,tabddpm,xgboost,882371,0.005259615460029131,0.005258171320258315,-0.027457136016695294,0.9775272617276577
503_wind,tvae,xgboost,882371,0.005259615460029131,0.00566800606491593,7.764647586698999,0.9453609842525901
503_wind,ctgan,xgboost,882371,0.005259615460029131,0.00593626685981543,12.86503557015842,0.8784238930257087
503_wind,crda,xgboost,882371,0.005259615460029131,0.005170198481209249,-1.7000668489818993,0.992938973320433
503_wind,c_mixup,xgboost,359783,0.005449642285718964,0.005345635850333312,-1.9085002268535285,0.9926285878511378
503_wind,ada,xgboost,359783,0.005449642285718964,0.005440742857414244,-0.16330298096889317,0.9928235002210934
503_wind,tabddpm,xgboost,359783,0.005449642285718964,0.0053473606694118625,-1.876850092989322,0.9761406495563254
503_wind,tvae,xgboost,359783,0.005449642285718964,0.00567438981138336,4.124078496920005,0.9550796168150936
503_wind,ctgan,xgboost,359783,0.005449642285718964,0.005648665987468853,3.6520507459992255,0.8715559689288999
503_wind,crda,xgboost,359783,0.005449642285718964,0.005230194459359188,-4.026829924871381,0.9942006355733253
503_wind,c_mixup,xgboost,304137,0.005756158996860011,0.005696837877745665,-1.0305677648359939,0.9801265774639736
503_wind,ada,xgboost,304137,0.005756158996860011,0.005686928793168867,-1.2027152781726307,0.9913681289551783
503_wind,tabddpm,xgboost,304137,0.005756158996860011,0.005719712214465563,-0.6331788683100912,0.9799593354544662
503_wind,tvae,xgboost,304137,0.005756158996860011,0.006034163885917096,4.829694405744124,0.950750984997619
503_wind,ctgan,xgboost,304137,0.005756158996860011,0.00607392634058299,5.520475440242725,0.8777213562476716
503_wind,crda,xgboost,304137,0.005756158996860011,0.005634806663910018,-2.108217181217385,0.9918148489881331
503_wind,c_mixup,xgboost,122579,0.005515268959175753,0.005252742067531026,-4.76000161710991,0.9883292594307289
503_wind,ada,xgboost,122579,0.005515268959175753,0.005453631858993323,-1.1175719740718033,0.99316111198715
503_wind,tabddpm,xgboost,122579,0.005515268959175753,0.0054076096616645745,-1.952022617719588,0.9790463231088677
503_wind,tvae,xgboost,122579,0.005515268959175753,0.00546694896568493,-0.876113093459083,0.9484019036492397
503_wind,ctgan,xgboost,122579,0.005515268959175753,0.005751770673808699,4.288126587906069,0.8889835924335496
503_wind,crda,xgboost,122579,0.005515268959175753,0.005328602832439659,-3.384533521715884,0.9961548290466553
ParkinsonsTelemonitoring,c_mixup,xgboost,985772,8.859484231095864e-05,0.00025053842509014426,182.79120833104548,0.9716747183935901
ParkinsonsTelemonitoring,ada,xgboost,985772,8.859484231095864e-05,0.00019541454017455231,120.57101189781194,0.9894776879512417
ParkinsonsTelemonitoring,tabddpm,xgboost,985772,8.859484231095864e-05,0.00039251916447463804,343.0496790060722,0.9484508048814067
ParkinsonsTelemonitoring,tvae,xgboost,985772,8.859484231095864e-05,0.0005017507621434709,466.34308392623825,0.950940419097068
ParkinsonsTelemonitoring,ctgan,xgboost,985772,8.859484231095864e-05,0.0008165134989852013,821.6264487715033,0.9007267656402931
ParkinsonsTelemonitoring,crda,xgboost,985772,8.859484231095864e-05,8.261299493876167e-05,-6.751913786585127,0.9970807956227827
ParkinsonsTelemonitoring,c_mixup,xgboost,305711,0.00012766539704190609,0.0001733767597255016,35.80560100290198,0.9869505808345556
ParkinsonsTelemonitoring,ada,xgboost,305711,0.00012766539704190609,0.00020876910950009265,63.52834388754873,0.9890052260993316
ParkinsonsTelemonitoring,tabddpm,xgboost,305711,0.00012766539704190609,0.00044314659032476054,247.1156637528789,0.9499224263401193
ParkinsonsTelemonitoring,tvae,xgboost,305711,0.00012766539704190609,0.0004335795151467695,239.6217966599417,0.9490603439859637
ParkinsonsTelemonitoring,ctgan,xgboost,305711,0.00012766539704190609,0.0006408599542767075,401.98406860893215,0.895510328510151
ParkinsonsTelemonitoring,crda,xgboost,305711,0.00012766539704190609,0.0001185769603009154,-7.118950750615226,0.997579934298405
ParkinsonsTelemonitoring,c_mixup,xgboost,435829,0.00011325923546535645,0.0002320141440961582,104.85229583518272,0.9807593076557757
ParkinsonsTelemonitoring,ada,xgboost,435829,0.00011325923546535645,0.00017454801200964847,54.113712045177046,0.9907452453429021
ParkinsonsTelemonitoring,tabddpm,xgboost,435829,0.00011325923546535645,0.0004300091495747712,279.66806663311945,0.9504467608792954
ParkinsonsTelemonitoring,tvae,xgboost,435829,0.00011325923546535645,0.00048758141875243014,330.5003620667833,0.9379966699055609
ParkinsonsTelemonitoring,ctgan,xgboost,435829,0.00011325923546535645,0.0009297256057980286,720.8828198230348,0.8857108867223611
ParkinsonsTelemonitoring,crda,xgboost,435829,0.00011325923546535645,0.00011068774358011554,-2.2704478576738016,0.9973153388947997
ParkinsonsTelemonitoring,c_mixup,xgboost,117952,9.782596721983334e-05,0.0002472750247145617,152.77033464835387,0.9731433102890785
ParkinsonsTelemonitoring,ada,xgboost,117952,9.782596721983334e-05,0.00023287524382209132,138.05054060827925,0.9903427190342267
ParkinsonsTelemonitoring,tabddpm,xgboost,117952,9.782596721983334e-05,0.0003842304442874864,292.76937934490167,0.9466783010007931
ParkinsonsTelemonitoring,tvae,xgboost,117952,9.782596721983334e-05,0.0006333926472905756,547.4688319382759,0.9422083035834533
ParkinsonsTelemonitoring,ctgan,xgboost,117952,9.782596721983334e-05,0.000683367784110996,598.5545898823981,0.885556651043233
ParkinsonsTelemonitoring,crda,xgboost,117952,9.782596721983334e-05,0.00010590972706921125,8.26340907134829,0.9909682045323158
ParkinsonsTelemonitoring,c_mixup,xgboost,963395,0.00011278067704915767,0.0002543673777110886,125.54163032752288,0.9687114622157337
ParkinsonsTelemonitoring,ada,xgboost,963395,0.00011278067704915767,0.00021144882790163108,87.48675166178242,0.9915290881389893
ParkinsonsTelemonitoring,tabddpm,xgboost,963395,0.00011278067704915767,0.0004405410916514728,290.6175270250012,0.947981665982288
ParkinsonsTelemonitoring,tvae,xgboost,963395,0.00011278067704915767,0.0006018981953111983,433.6891132945134,0.9458955138854035
ParkinsonsTelemonitoring,ctgan,xgboost,963395,0.00011278067704915767,0.0007425065041797464,558.363226402791,0.8950357316517052
ParkinsonsTelemonitoring,crda,xgboost,963395,0.00011278067704915767,0.00012299103089994108,9.053282989543531,0.9985450188876253
ParkinsonsTelemonitoring,c_mixup,xgboost,152315,0.00012426881018164646,0.0002525586213562666,103.23572824677095,0.9715363314377852
ParkinsonsTelemonitoring,ada,xgboost,152315,0.00012426881018164646,0.0001981502267015965,59.45290408104491,0.9910815460603486
ParkinsonsTelemonitoring,tabddpm,xgboost,152315,0.00012426881018164646,0.0004234457609825736,240.7498312437478,0.9472311084334251
ParkinsonsTelemonitoring,tvae,xgboost,152315,0.00012426881018164646,0.00045932673666170513,269.6235089000185,0.9434180653040558
ParkinsonsTelemonitoring,ctgan,xgboost,152315,0.00012426881018164646,0.0006157345700477491,395.4860106471739,0.8903548902728182
ParkinsonsTelemonitoring,crda,xgboost,152315,0.00012426881018164646,0.0001223770400356162,-1.5223209615228679,0.9964157314011031
ParkinsonsTelemonitoring,c_mixup,xgboost,882371,0.00014771971487528176,0.00028810769162841124,95.0367233457346,0.9758771999270843
ParkinsonsTelemonitoring,ada,xgboost,882371,0.00014771971487528176,0.00022644185375831778,53.291558915815884,0.9900583298042478
ParkinsonsTelemonitoring,tabddpm,xgboost,882371,0.00014771971487528176,0.00044769843889710747,203.07291025784514,0.9486662585885483
ParkinsonsTelemonitoring,tvae,xgboost,882371,0.00014771971487528176,0.0005876933022228713,297.84351243776416,0.9477141861599891
ParkinsonsTelemonitoring,ctgan,xgboost,882371,0.00014771971487528176,0.0006727586504671288,355.429155840933,0.8747486690829154
ParkinsonsTelemonitoring,crda,xgboost,882371,0.00014771971487528176,0.0001391305323263583,-5.814513354683379,0.9944468493965237
ParkinsonsTelemonitoring,c_mixup,xgboost,359783,7.564621768962297e-05,0.00013071897767196326,72.80305832117642,0.9904919496590076
ParkinsonsTelemonitoring,ada,xgboost,359783,7.564621768962297e-05,0.00017575010268267117,132.3316459836435,0.9912024245485562
ParkinsonsTelemonitoring,tabddpm,xgboost,359783,7.564621768962297e-05,0.00041817700681552356,452.80623352684614,0.9475736860027738
ParkinsonsTelemonitoring,tvae,xgboost,359783,7.564621768962297e-05,0.0006604148685535072,773.0309177693385,0.949675038095549
ParkinsonsTelemonitoring,ctgan,xgboost,359783,7.564621768962297e-05,0.0006257031832925782,727.144042891666,0.8922770966195683
ParkinsonsTelemonitoring,crda,xgboost,359783,7.564621768962297e-05,7.841809611168496e-05,3.664265718393246,0.993957331305215
ParkinsonsTelemonitoring,c_mixup,xgboost,304137,0.00013533256333917834,0.0002360442174499439,74.41790181595553,0.9785537311155323
ParkinsonsTelemonitoring,ada,xgboost,304137,0.00013533256333917834,0.00022006258746035739,62.60874842725305,0.9908069023327051
ParkinsonsTelemonitoring,tabddpm,xgboost,304137,0.00013533256333917834,0.0003599005214984401,165.93785901803727,0.9453384628900237
ParkinsonsTelemonitoring,tvae,xgboost,304137,0.00013533256333917834,0.0004529392659239029,234.6860908772711,0.9442260498225545
ParkinsonsTelemonitoring,ctgan,xgboost,304137,0.00013533256333917834,0.0008378876920774709,519.1323591333359,0.9003538462173228
ParkinsonsTelemonitoring,crda,xgboost,304137,0.00013533256333917834,0.00013054791859639316,-3.5354718958463978,0.9988149794358229
ParkinsonsTelemonitoring,c_mixup,xgboost,122579,0.00010126160825737233,0.0002064109899179815,103.8393360229431,0.9838586465834186
ParkinsonsTelemonitoring,ada,xgboost,122579,0.00010126160825737233,0.0002262442588572025,123.42550424655225,0.9882748734745106
ParkinsonsTelemonitoring,tabddpm,xgboost,122579,0.00010126160825737233,0.00045703681843337946,351.3426423879704,0.9486928435897863
ParkinsonsTelemonitoring,tvae,xgboost,122579,0.00010126160825737233,0.0005647658999175235,457.72953801215755,0.937950556468746
ParkinsonsTelemonitoring,ctgan,xgboost,122579,0.00010126160825737233,0.0006622975952219728,554.046095671954,0.8873753056234048
ParkinsonsTelemonitoring,crda,xgboost,122579,0.00010126160825737233,0.00010387232554055005,2.578190617457085,0.9989466444055934
HousePrice,c_mixup,mlp,985772,0.0008274401745728672,0.00036473878152515923,-55.919618996812545,0.9608461009348246
HousePrice,ada,mlp,985772,0.0008274401745728672,0.0003388097892759738,-59.05325850888607,0.9738293331276202
HousePrice,tabddpm,mlp,985772,0.0008274401745728672,0.0008758476031676569,5.8502632676468895,0.9544816933269744
HousePrice,tvae,mlp,985772,0.0008274401745728672,0.007997331203059328,866.5147340939336,0.8424807161150525
HousePrice,ctgan,mlp,985772,0.0008274401745728672,0.014055432754412654,1598.66453023848,0.9258214988437202
HousePrice,crda,mlp,985772,0.0008274401745728672,0.0005271448204106769,-36.2920925754186,0.9890599203560086
HousePrice,c_mixup,mlp,305711,0.0005795876098496665,0.0003913197570689725,-32.483070649064935,0.9698556872194005
HousePrice,ada,mlp,305711,0.0005795876098496665,0.0004594273511126463,-20.732026823034982,0.974879370775654
HousePrice,tabddpm,mlp,305711,0.0005795876098496665,0.0005092045306391837,-12.143648003230917,0.9569020803199533
HousePrice,tvae,mlp,305711,0.0005795876098496665,0.0028224185788671263,386.9701371979303,0.8647881605210649
HousePrice,ctgan,mlp,305711,0.0005795876098496665,0.022647738214920148,3807.560794958077,0.9400202362764323
HousePrice,crda,mlp,305711,0.0005795876098496665,0.00040269245098486746,-30.52086619151195,0.9905580596984047
HousePrice,c_mixup,mlp,435829,0.0007068467040218388,0.0003148788005249395,-55.45302839592628,0.9649101480814907
HousePrice,ada,mlp,435829,0.0007068467040218388,0.00038035510989824423,-46.189872891238274,0.9743580519194599
HousePrice,tabddpm,mlp,435829,0.0007068467040218388,0.0004931382319886924,-30.234062183098697,0.9552485273685238
HousePrice,tvae,mlp,435829,0.0007068467040218388,0.006214767379198912,779.2242142232442,0.8564598991868699
HousePrice,ctgan,mlp,435829,0.0007068467040218388,0.02142878969279681,2931.603538768817,0.9325513158855471
HousePrice,crda,mlp,435829,0.0007068467040218388,0.0003959131759055962,-43.98882053875093,0.9886502448010894
HousePrice,c_mixup,mlp,117952,0.0006514488780474646,0.0002351432713392533,-63.9045703718104,0.9609321989229653
HousePrice,ada,mlp,117952,0.0006514488780474646,0.0002228644918055078,-65.78941198371825,0.9742221540108325
HousePrice,tabddpm,mlp,117952,0.0006514488780474646,0.0008868874885729,36.14076537073739,0.9566151132366156
HousePrice,tvae,mlp,117952,0.0006514488780474646,0.002938005060686675,350.9954901591851,0.8060176164153332
HousePrice,ctgan,mlp,117952,0.0006514488780474646,0.02451704549557981,3663.464229006393,0.9208910850265919
HousePrice,crda,mlp,117952,0.0006514488780474646,0.00037800207306319694,-41.975174752598825,0.9830956390998621
HousePrice,c_mixup,mlp,963395,0.0006045711932484556,0.0002191929386681945,-63.74406503054891,0.9535831549185655
HousePrice,ada,mlp,963395,0.0006045711932484556,0.00025473580079632635,-57.865044904374116,0.9723974664027744
HousePrice,tabddpm,mlp,963395,0.0006045711932484556,0.0003391884603827498,-43.8960267755668,0.9574422693527622
HousePrice,tvae,mlp,963395,0.0006045711932484556,0.019361012406320658,3102.437136028746,0.8476264340599153
HousePrice,ctgan,mlp,963395,0.0006045711932484556,0.023711254630405357,3821.995439941668,0.9267691650198462
HousePrice,crda,mlp,963395,0.0006045711932484556,0.0003543184417238596,-41.39342964390163,0.9932254461783158
HousePrice,c_mixup,mlp,152315,0.0008570160185510426,0.0003739863634389591,-56.361800089657834,0.9609718176506645
HousePrice,ada,mlp,152315,0.0008570160185510426,0.00026356883950964235,-69.24575109398091,0.9746833482850454
HousePrice,tabddpm,mlp,152315,0.0008570160185510426,0.0018627868334373104,117.35729474306969,0.9568152783226684
HousePrice,tvae,mlp,152315,0.0008570160185510426,0.013669693538245552,1495.0336099151225,0.8600606399572356
HousePrice,ctgan,mlp,152315,0.0008570160185510426,0.01884037679925745,2098.3692709864263,0.9356585813721335
HousePrice,crda,mlp,152315,0.0008570160185510426,0.0003863113609529766,-54.9236709010278,0.9987322508422485
HousePrice,c_mixup,mlp,882371,0.000737941921157379,0.0002810454955139778,-61.91495733523452,0.9641862197513262
HousePrice,ada,mlp,882371,0.000737941921157379,0.0003167226666920572,-57.080271819316984,0.9757005441258377
HousePrice,tabddpm,mlp,882371,0.000737941921157379,0.0005968041901958834,-19.1258589483759,0.9584625859855072
HousePrice,tvae,mlp,882371,0.000737941921157379,0.008716036930361805,1081.127766354794,0.8016072591299224
HousePrice,ctgan,mlp,882371,0.000737941921157379,0.018251954345249007,2373.3591929054346,0.926888691492446
HousePrice,crda,mlp,882371,0.000737941921157379,0.0003579873949581137,-51.48840515840993,0.994022007295427
HousePrice,c_mixup,mlp,359783,0.0003492646883133557,0.00030158384999395273,-13.651777552909772,0.9724247115503875
HousePrice,ada,mlp,359783,0.0003492646883133557,0.00028248948251049307,-19.118796728443616,0.9748525000574123
HousePrice,tabddpm,mlp,359783,0.0003492646883133557,0.00035655198900048273,2.086469354322174,0.9568155043716187
HousePrice,tvae,mlp,359783,0.0003492646883133557,0.0035458343005088087,915.2283981618928,0.8374197895328963
HousePrice,ctgan,mlp,359783,0.0003492646883133557,0.01969486537223149,5538.951211283494,0.9105447010268228
HousePrice,crda,mlp,359783,0.0003492646883133557,0.000275432874256031,-21.13921519345917,0.9762728892077227
HousePrice,c_mixup,mlp,304137,0.000983218386366038,0.0004159870230692543,-57.69128925601802,0.9612883618706087
HousePrice,ada,mlp,304137,0.000983218386366038,0.00033010491931179,-66.42608357520109,0.9758239738429584
HousePrice,tabddpm,mlp,304137,0.000983218386366038,0.0005267624860626059,-46.42467092082024,0.9576847205963352
HousePrice,tvae,mlp,304137,0.000983218386366038,0.0028307235047304747,187.90384150491641,0.8461796006128726
HousePrice,ctgan,mlp,304137,0.000983218386366038,0.025292090116326982,2472.3776596373677,0.9270522759888955
HousePrice,crda,mlp,304137,0.000983218386366038,0.0005007576819282627,-49.0695364456053,0.9914416155216774
HousePrice,c_mixup,mlp,122579,0.0013288103412194194,0.0006770018919518442,-49.05203015423745,0.9658692354594554
HousePrice,ada,mlp,122579,0.0013288103412194194,0.00047380747571558885,-64.34348371485532,0.9737386101693886
HousePrice,tabddpm,mlp,122579,0.0013288103412194194,0.0006249675446227006,-52.96788975549499,0.9541274317795663
HousePrice,tvae,mlp,122579,0.0013288103412194194,0.01141716125994704,759.2017164368068,0.8325214073125147
HousePrice,ctgan,mlp,122579,0.0013288103412194194,0.028201830172879038,2022.3367472440689,0.9187218694610307
HousePrice,crda,mlp,122579,0.0013288103412194194,0.0006361384255776099,-52.127221933429574,0.9865595147276025
623_fri_c4_1000_10,c_mixup,mlp,985772,0.003384473117197005,0.008731912514130887,157.99916890350693,0.9681163199378804
623_fri_c4_1000_10,ada,mlp,985772,0.003384473117197005,0.005507873820372136,62.739476120694235,0.9877836763287406
623_fri_c4_1000_10,tabddpm,mlp,985772,0.003384473117197005,0.003067634053251368,-9.361547661162719,0.9828355709602781
623_fri_c4_1000_10,tvae,mlp,985772,0.003384473117197005,0.005621845289466025,66.10695652746077,0.866899928160892
623_fri_c4_1000_10,ctgan,mlp,985772,0.003384473117197005,0.00865359412506326,155.685119231501,0.9188313296074868
623_fri_c4_1000_10,crda,mlp,985772,0.003384473117197005,0.002413949163274249,-28.675776710749485,0.9890380320171125
623_fri_c4_1000_10,c_mixup,mlp,305711,0.005446871470183825,0.004321089994267902,-20.66840537872889,0.9881212581082679
623_fri_c4_1000_10,ada,mlp,305711,0.005446871470183825,0.005038576286726999,-7.495957738159116,0.988881108241881
623_fri_c4_1000_10,tabddpm,mlp,305711,0.005446871470183825,0.0035399749110664415,-35.00902434646632,0.9825194762595415
623_fri_c4_1000_10,tvae,mlp,305711,0.005446871470183825,0.01061302131916298,94.84618605852295,0.8572965019909455
623_fri_c4_1000_10,ctgan,mlp,305711,0.005446871470183825,0.010319048338253502,89.4490882470786,0.8998769120267631
623_fri_c4_1000_10,crda,mlp,305711,0.005446871470183825,0.002462808202100159,-54.78490330492336,0.9941746571614252
623_fri_c4_1000_10,c_mixup,mlp,435829,0.0028912179721284283,0.005261030238986278,81.96588045948208,0.9779432125350523
623_fri_c4_1000_10,ada,mlp,435829,0.0028912179721284283,0.0027994973130604592,-3.172388244406458,0.9883765624696488
623_fri_c4_1000_10,tabddpm,mlp,435829,0.0028912179721284283,0.0025602637191599674,-11.446880040138318,0.9812061283510607
623_fri_c4_1000_10,tvae,mlp,435829,0.0028912179721284283,0.006780666004349203,134.5262816472284,0.8699394429575575
623_fri_c4_1000_10,ctgan,mlp,435829,0.0028912179721284283,0.009617211830990551,232.63530884565745,0.9248177272540092
623_fri_c4_1000_10,crda,mlp,435829,0.0028912179721284283,0.0016589098235576815,-42.622457402046315,0.9918298601807675
623_fri_c4_1000_10,c_mixup,mlp,117952,0.0030449432100701423,0.0055137823029868605,81.07997169706974,0.9699882548504136
623_fri_c4_1000_10,ada,mlp,117952,0.0030449432100701423,0.0036212356095903435,18.92621174721107,0.987682641888971
623_fri_c4_1000_10,tabddpm,mlp,117952,0.0030449432100701423,0.0026245101006843142,-13.807584587961596,0.9840474280338132
623_fri_c4_1000_10,tvae,mlp,117952,0.0030449432100701423,0.005089319831139941,67.14005746671067,0.8705992590984484
623_fri_c4_1000_10,ctgan,mlp,117952,0.0030449432100701423,0.0073982521326934345,142.96847666078511,0.914371525483047
623_fri_c4_1000_10,crda,mlp,117952,0.0030449432100701423,0.0020274906044558034,-33.414501861625894,0.9879956642296023
623_fri_c4_1000_10,c_mixup,mlp,963395,0.003715002405322081,0.009325936503412407,151.0344674353952,0.9655772997095251
623_fri_c4_1000_10,ada,mlp,963395,0.003715002405322081,0.003798536564818923,2.2485627297891315,0.9867530555191287
623_fri_c4_1000_10,tabddpm,mlp,963395,0.003715002405322081,0.002831709528707177,-23.776374285774512,0.9851604836781254
623_fri_c4_1000_10,tvae,mlp,963395,0.003715002405322081,0.005468065566229594,47.18874901389269,0.8770556318603386
623_fri_c4_1000_10,ctgan,mlp,963395,0.003715002405322081,0.013949273439314357,275.4849100321106,0.897869460761124
623_fri_c4_1000_10,crda,mlp,963395,0.003715002405322081,0.002315924341478085,-37.66021959608125,0.997700366108621
623_fri_c4_1000_10,c_mixup,mlp,152315,0.004329023103218251,0.008924071620258179,106.14516040868227,0.9701668746133798
623_fri_c4_1000_10,ada,mlp,152315,0.004329023103218251,0.004820891680044265,11.362114848967938,0.9873209417459075
623_fri_c4_1000_10,tabddpm,mlp,152315,0.004329023103218251,0.0031057366870028778,-28.25779366494872,0.9860081241977783
623_fri_c4_1000_10,tvae,mlp,152315,0.004329023103218251,0.0055445542074072955,28.078646734072706,0.8394417998142898
623_fri_c4_1000_10,ctgan,mlp,152315,0.004329023103218251,0.014648055002723632,238.36860311126733,0.9125842307635534
623_fri_c4_1000_10,crda,mlp,152315,0.004329023103218251,0.0030197823503144918,-30.24333023148925,0.9950598461784623
623_fri_c4_1000_10,c_mixup,mlp,882371,0.002797960788209196,0.005174378400891294,84.93391410975055,0.9759310506648664
623_fri_c4_1000_10,ada,mlp,882371,0.002797960788209196,0.0034989644898582627,25.054093131081228,0.987430489513075
623_fri_c4_1000_10,tabddpm,mlp,882371,0.002797960788209196,0.0023600920273876285,-15.649567451651844,0.9810565836352164
623_fri_c4_1000_10,tvae,mlp,882371,0.002797960788209196,0.004937644972585,76.47298680498254,0.8796364395104924
623_fri_c4_1000_10,ctgan,mlp,882371,0.002797960788209196,0.011986572435294876,328.40387491515736,0.912187813792063
623_fri_c4_1000_10,crda,mlp,882371,0.002797960788209196,0.0023932542372193276,-14.464339625320362,0.9941787311008288
623_fri_c4_1000_10,c_mixup,mlp,359783,0.00408223395698833,0.003909790927605088,-4.224231908316735,0.9911496123912902
623_fri_c4_1000_10,ada,mlp,359783,0.00408223395698833,0.005093501618652046,24.772408252901286,0.9885454809877028
623_fri_c4_1000_10,tabddpm,mlp,359783,0.00408223395698833,0.0032351468809468254,-20.75057639926261,0.9806561285091727
623_fri_c4_1000_10,tvae,mlp,359783,0.00408223395698833,0.010583763914004108,159.2640212569366,0.8737702800263799
623_fri_c4_1000_10,ctgan,mlp,359783,0.00408223395698833,0.011426355206419414,179.9044671817196,0.9284742982415841
623_fri_c4_1000_10,crda,mlp,359783,0.00408223395698833,0.0034038459908591477,-16.618057006944877,0.9779067396271186
623_fri_c4_1000_10,c_mixup,mlp,304137,0.00297968758025445,0.006417511032794282,115.37529891795768,0.975549092771895
623_fri_c4_1000_10,ada,mlp,304137,0.00297968758025445,0.0038052259545163923,27.705534624923523,0.988141625226594
623_fri_c4_1000_10,tabddpm,mlp,304137,0.00297968758025445,0.002682687106527898,-9.967503831431534,0.9835565747849175
623_fri_c4_1000_10,tvae,mlp,304137,0.00297968758025445,0.004404570162190644,47.81986512205136,0.8705388736999595
623_fri_c4_1000_10,ctgan,mlp,304137,0.00297968758025445,0.011301448075085263,279.282987584899,0.9214715170664041
623_fri_c4_1000_10,crda,mlp,304137,0.00297968758025445,0.0019976148902434055,-32.95891477076199,0.9930079120805143
623_fri_c4_1000_10,c_mixup,mlp,122579,0.00403551505201902,0.005149260790086274,27.598602005214502,0.9808516961969251
623_fri_c4_1000_10,ada,mlp,122579,0.00403551505201902,0.004231977877854637,4.868345757682745,0.9863672034398263
623_fri_c4_1000_10,tabddpm,mlp,122579,0.00403551505201902,0.0030734811034282814,-23.839186230006025,0.9854782182194162
623_fri_c4_1000_10,tvae,mlp,122579,0.00403551505201902,0.0038192271608033616,-5.359610568357237,0.8618701906164097
623_fri_c4_1000_10,ctgan,mlp,122579,0.00403551505201902,0.006745088242486754,67.14318136695093,0.9072884327635965
623_fri_c4_1000_10,crda,mlp,122579,0.00403551505201902,0.0023674336695062143,-41.335030622131946,0.994332891869355
ConcreteCompressiveStrength,c_mixup,mlp,985772,0.00572893406774741,0.005417557097725888,-5.435164139425221,0.9585734610400833
ConcreteCompressiveStrength,ada,mlp,985772,0.00572893406774741,0.005719873004656575,-0.15816315886486926,0.967929247802235
ConcreteCompressiveStrength,tabddpm,mlp,985772,0.00572893406774741,0.004700410060037888,-17.953147925019366,0.9343196301958034
ConcreteCompressiveStrength,tvae,mlp,985772,0.00572893406774741,0.00886111686684601,54.67304671443287,0.8587190887994457
ConcreteCompressiveStrength,ctgan,mlp,985772,0.00572893406774741,0.010317513413030256,80.09481853030043,0.9139342331470455
ConcreteCompressiveStrength,crda,mlp,985772,0.00572893406774741,0.004648859943564795,-18.85296830806948,0.9930753994682286
ConcreteCompressiveStrength,c_mixup,mlp,305711,0.004694979101775182,0.0039135471241075566,-16.64399267234575,0.9697306715667906
ConcreteCompressiveStrength,ada,mlp,305711,0.004694979101775182,0.00478290389298668,1.8727408430477,0.9670936508364438
ConcreteCompressiveStrength,tabddpm,mlp,305711,0.004694979101775182,0.003797936558734169,-19.106422490823,0.9328953343632491
ConcreteCompressiveStrength,tvae,mlp,305711,0.004694979101775182,0.005475448048543716,16.623480740807487,0.8758237834574281
ConcreteCompressiveStrength,ctgan,mlp,305711,0.004694979101775182,0.015444183058239342,228.95105012075265,0.9067526296524858
ConcreteCompressiveStrength,crda,mlp,305711,0.004694979101775182,0.0035518955107689773,-24.346936721699198,0.9860628372107023
ConcreteCompressiveStrength,c_mixup,mlp,435829,0.004855178740556043,0.004381224050128379,-9.761838147556713,0.9591759483162448
ConcreteCompressiveStrength,ada,mlp,435829,0.004855178740556043,0.004864552517541569,0.19306759825803546,0.9709926098091065
ConcreteCompressiveStrength,tabddpm,mlp,435829,0.004855178740556043,0.005222631536145108,7.568265046962663,0.9338040433546824
ConcreteCompressiveStrength,tvae,mlp,435829,0.004855178740556043,0.005917963449630039,21.889713352803984,0.8686295496280894
ConcreteCompressiveStrength,ctgan,mlp,435829,0.004855178740556043,0.008146726872745043,67.79458199333016,0.8901897455260366
ConcreteCompressiveStrength,crda,mlp,435829,0.004855178740556043,0.0043781856326471635,-9.824419107879251,0.9624815924719223
ConcreteCompressiveStrength,c_mixup,mlp,117952,0.005982615241211802,0.005489889132536264,-8.235965189292955,0.9588890615177932
ConcreteCompressiveStrength,ada,mlp,117952,0.005982615241211802,0.005297554011763321,-11.450865580145846,0.9670387738246151
ConcreteCompressiveStrength,tabddpm,mlp,117952,0.005982615241211802,0.005125899191039919,-14.320092729184978,0.9331761525459977
ConcreteCompressiveStrength,tvae,mlp,117952,0.005982615241211802,0.007167451182845286,19.804648867799997,0.8511087386734593
ConcreteCompressiveStrength,ctgan,mlp,117952,0.005982615241211802,0.011169318855552985,86.69625916458895,0.889244234917024
ConcreteCompressiveStrength,crda,mlp,117952,0.005982615241211802,0.005595712304718425,-6.467120496537374,0.9869421831957785
ConcreteCompressiveStrength,c_mixup,mlp,963395,0.0036891283449346874,0.003955787706785391,7.228248434805396,0.95533997348479
ConcreteCompressiveStrength,ada,mlp,963395,0.0036891283449346874,0.0034028357716116772,-7.760439501003013,0.968279255151109
ConcreteCompressiveStrength,tabddpm,mlp,963395,0.0036891283449346874,0.0036616376134947517,-0.7451822997072353,0.9351811070859546
ConcreteCompressiveStrength,tvae,mlp,963395,0.0036891283449346874,0.005615780273100464,52.22512604667556,0.861420281203408
ConcreteCompressiveStrength,ctgan,mlp,963395,0.0036891283449346874,0.010175612335503216,175.8270080105702,0.902670785815874
ConcreteCompressiveStrength,crda,mlp,963395,0.0036891283449346874,0.0026928863869919977,-27.00480614372139,0.9843078045925305
ConcreteCompressiveStrength,c_mixup,mlp,152315,0.004829874674162949,0.005076294981729596,5.102002105455328,0.957596447333964
ConcreteCompressiveStrength,ada,mlp,152315,0.004829874674162949,0.004489737788847681,-7.042354269248524,0.9687483902708616
ConcreteCompressiveStrength,tabddpm,mlp,152315,0.004829874674162949,0.004240154638572773,-12.20984135975285,0.9378009425078518
ConcreteCompressiveStrength,tvae,mlp,152315,0.004829874674162949,0.005534078823720582,14.5801743743936,0.8590437924116625
ConcreteCompressiveStrength,ctgan,mlp,152315,0.004829874674162949,0.012815660341397141,165.34146755305164,0.9080268937020575
ConcreteCompressiveStrength,crda,mlp,152315,0.004829874674162949,0.004276717775239565,-11.452820957911303,0.9845482797578691
ConcreteCompressiveStrength,c_mixup,mlp,882371,0.005191313645991134,0.005625431896380061,8.362396880492161,0.9610014573114667
ConcreteCompressiveStrength,ada,mlp,882371,0.005191313645991134,0.004783103812367794,-7.863324419601776,0.968633778645895
ConcreteCompressiveStrength,tabddpm,mlp,882371,0.005191313645991134,0.005042639360162394,-2.8639048989758242,0.9364731826682802
ConcreteCompressiveStrength,tvae,mlp,882371,0.005191313645991134,0.0071532923166197715,37.79349128989206,0.8703572811559899
ConcreteCompressiveStrength,ctgan,mlp,882371,0.005191313645991134,0.015879999401542208,205.89558798484754,0.9069539883020392
ConcreteCompressiveStrength,crda,mlp,882371,0.005191313645991134,0.004368690995390398,-15.84613657924495,0.987854099144887
ConcreteCompressiveStrength,c_mixup,mlp,359783,0.004227576250420221,0.0035385442573853095,-16.298511303407526,0.9696698223885263
ConcreteCompressiveStrength,ada,mlp,359783,0.004227576250420221,0.003991548583082764,-5.5830493255797915,0.9676515007629463
ConcreteCompressiveStrength,tabddpm,mlp,359783,0.004227576250420221,0.004250458290721565,0.5412567141531627,0.9328598569325797
ConcreteCompressiveStrength,tvae,mlp,359783,0.004227576250420221,0.006969898375755226,64.86747873707583,0.8612867395450243
ConcreteCompressiveStrength,ctgan,mlp,359783,0.004227576250420221,0.010136023054025329,139.75967442379797,0.8856879316739023
ConcreteCompressiveStrength,crda,mlp,359783,0.004227576250420221,0.0035432188127580244,-16.187938362889888,0.9851700865435393
ConcreteCompressiveStrength,c_mixup,mlp,304137,0.004656082213688997,0.0044922263799412054,-3.5191782753760483,0.9583664774246368
ConcreteCompressiveStrength,ada,mlp,304137,0.004656082213688997,0.004646357888618527,-0.20885209118258127,0.9711348858353632
ConcreteCompressiveStrength,tabddpm,mlp,304137,0.004656082213688997,0.004522644843752241,-2.86587228946359,0.9367214412446252
ConcreteCompressiveStrength,tvae,mlp,304137,0.004656082213688997,0.008530270043626722,83.20703226733232,0.8684292768325532
ConcreteCompressiveStrength,ctgan,mlp,304137,0.004656082213688997,0.009557415196197306,105.26732041153117,0.8951310236166317
ConcreteCompressiveStrength,crda,mlp,304137,0.004656082213688997,0.004405732153405971,-5.376839342462435,0.984246614747891
ConcreteCompressiveStrength,c_mixup,mlp,122579,0.00497442369739306,0.00456011465982136,-8.328784654769684,0.9640390116087175
ConcreteCompressiveStrength,ada,mlp,122579,0.00497442369739306,0.004988295946868048,0.27887148982217574,0.9646830130436554
ConcreteCompressiveStrength,tabddpm,mlp,122579,0.00497442369739306,0.005109884909689248,2.723153887498133,0.9355520956389636
ConcreteCompressiveStrength,tvae,mlp,122579,0.00497442369739306,0.005090066138949224,2.3247404843453245,0.8783311012947664
ConcreteCompressiveStrength,ctgan,mlp,122579,0.00497442369739306,0.013297596093875265,167.3193298923073,0.8937718194725595
ConcreteCompressiveStrength,crda,mlp,122579,0.00497442369739306,0.004068592118666773,-18.209779339886257,0.9745270248616447
EnergyEfficiency,c_mixup,mlp,985772,0.0013208531242431079,0.001119209621771587,-15.266156302357173,0.9534935079616078
EnergyEfficiency,ada,mlp,985772,0.0013208531242431079,0.0013274362542828595,0.49839985377056933,0.9725072254448313
EnergyEfficiency,tabddpm,mlp,985772,0.0013208531242431079,0.001574061188738875,19.170039412282403,0.9503396726367552
EnergyEfficiency,tvae,mlp,985772,0.0013208531242431079,0.004728451415201955,257.9846485892603,0.9056126066836767
EnergyEfficiency,ctgan,mlp,985772,0.0013208531242431079,0.007126346829607597,439.5260607564696,0.9067531306402176
EnergyEfficiency,crda,mlp,985772,0.0013208531242431079,0.0008957923776307704,-32.180773078453456,0.9818307856893101
EnergyEfficiency,c_mixup,mlp,305711,0.001326506339252906,0.0015281270647023268,15.199378961353057,0.9622638557928358
EnergyEfficiency,ada,mlp,305711,0.001326506339252906,0.0011866832768827988,-10.540700653481696,0.97412489077966
EnergyEfficiency,tabddpm,mlp,305711,0.001326506339252906,0.0013533906188235858,2.0266981600571254,0.9506724032736036
EnergyEfficiency,tvae,mlp,305711,0.001326506339252906,0.001974192328299321,48.82645260566146,0.8805566712902848
EnergyEfficiency,ctgan,mlp,305711,0.001326506339252906,0.004465795214913908,236.65841487263924,0.8935022155115993
EnergyEfficiency,crda,mlp,305711,0.001326506339252906,0.0011413056589042127,-13.961537526688273,0.9761325467762987
EnergyEfficiency,c_mixup,mlp,435829,0.0018317764896675255,0.0018580909856135562,1.4365560478837072,0.9544569422926327
EnergyEfficiency,ada,mlp,435829,0.0018317764896675255,0.001283334020844415,-29.940468824482775,0.9743345531456316
EnergyEfficiency,tabddpm,mlp,435829,0.0018317764896675255,0.0014092100677392772,-23.068667182476272,0.9492651600104505
EnergyEfficiency,tvae,mlp,435829,0.0018317764896675255,0.0030391350088156176,65.91189077698188,0.8884832097128483
EnergyEfficiency,ctgan,mlp,435829,0.0018317764896675255,0.007202151488650961,293.1785089106684,0.8983051272590279
EnergyEfficiency,crda,mlp,435829,0.0018317764896675255,0.001552125846204969,-15.266635697093925,0.9725046492282412
EnergyEfficiency,c_mixup,mlp,117952,0.001154003581602542,0.0017891610638239373,55.039472350628635,0.9498854071046722
EnergyEfficiency,ada,mlp,117952,0.001154003581602542,0.0010127710172125918,-12.238485793416976,0.9753453972508737
EnergyEfficiency,tabddpm,mlp,117952,0.001154003581602542,0.0015521208051270947,34.498785781210074,0.9489369462661456
EnergyEfficiency,tvae,mlp,117952,0.001154003581602542,0.0030978434969650246,168.4431440553339,0.874806769527019
EnergyEfficiency,ctgan,mlp,117952,0.001154003581602542,0.007242014211597713,527.5556096230542,0.9060486871091951
EnergyEfficiency,crda,mlp,117952,0.001154003581602542,0.0007138604202700881,-38.14053685355428,0.9851750148829697
EnergyEfficiency,c_mixup,mlp,963395,0.0018166470589999466,0.0026504440876836412,45.89757952998833,0.9474370071217753
EnergyEfficiency,ada,mlp,963395,0.0018166470589999466,0.0014465515623256417,-20.372449058874448,0.9735735972323798
EnergyEfficiency,tabddpm,mlp,963395,0.0018166470589999466,0.0013751642975360335,-24.302065680658234,0.9486842793057592
EnergyEfficiency,tvae,mlp,963395,0.0018166470589999466,0.0027080470031710406,49.06841644088006,0.8890970975348371
EnergyEfficiency,ctgan,mlp,963395,0.0018166470589999466,0.00579505890037533,218.99751091802474,0.8918878937067569
EnergyEfficiency,crda,mlp,963395,0.0018166470589999466,0.0012336665885266938,-32.09101446453667,0.990969233214247
EnergyEfficiency,c_mixup,mlp,152315,0.0008799239897002508,0.0017373465259470182,97.44279577362715,0.9494119446266391
EnergyEfficiency,ada,mlp,152315,0.0008799239897002508,0.0007096907969043908,-19.346352047277463,0.9722809243160311
EnergyEfficiency,tabddpm,mlp,152315,0.0008799239897002508,0.0016984734422352337,93.02501831025481,0.9504916623344059
EnergyEfficiency,tvae,mlp,152315,0.0008799239897002508,0.0038437723082418726,336.8300390981802,0.8960959058317148
EnergyEfficiency,ctgan,mlp,152315,0.0008799239897002508,0.0049637876164470756,464.11550026474526,0.8841230510065283
EnergyEfficiency,crda,mlp,152315,0.0008799239897002508,0.000803056985524541,-8.735641382148792,0.9807445004979136
EnergyEfficiency,c_mixup,mlp,882371,0.00154219026171233,0.001711097513268043,10.952426282874558,0.9564128596867181
EnergyEfficiency,ada,mlp,882371,0.00154219026171233,0.0008671340710480855,-43.77256214254094,0.9742902917790486
EnergyEfficiency,tabddpm,mlp,882371,0.00154219026171233,0.0012697494045651584,-17.665839547234206,0.9526415354456376
EnergyEfficiency,tvae,mlp,882371,0.00154219026171233,0.002422048747397795,57.052525069671866,0.8796587843276413
EnergyEfficiency,ctgan,mlp,882371,0.00154219026171233,0.012195226890816873,690.7731745936605,0.8902881065612774
EnergyEfficiency,crda,mlp,882371,0.00154219026171233,0.0007310417198618587,-52.597177014322085,0.9880851959994256
EnergyEfficiency,c_mixup,mlp,359783,0.0018977405453006104,0.0007495027296202319,-60.505521606932454,0.9647814150360686
EnergyEfficiency,ada,mlp,359783,0.0018977405453006104,0.0012633999413520012,-33.42609744622001,0.97371924708974
EnergyEfficiency,tabddpm,mlp,359783,0.0018977405453006104,0.0023581776472973316,24.262384188234005,0.9479179003383
EnergyEfficiency,tvae,mlp,359783,0.0018977405453006104,0.005018071312054396,164.4234652877436,0.8805411190710715
EnergyEfficiency,ctgan,mlp,359783,0.0018977405453006104,0.0073819124320448366,288.98428187797975,0.8996814112227056
EnergyEfficiency,crda,mlp,359783,0.0018977405453006104,0.0008424971944940503,-55.60524874802656,0.9821461409445711
EnergyEfficiency,c_mixup,mlp,304137,0.0015495996238625196,0.0014396753254955527,-7.093722576736984,0.9550315108122129
EnergyEfficiency,ada,mlp,304137,0.0015495996238625196,0.0010488466741672892,-32.31498910970678,0.974147113360465
EnergyEfficiency,tabddpm,mlp,304137,0.0015495996238625196,0.00153196987214018,-1.137697212289965,0.9443573217316454
EnergyEfficiency,tvae,mlp,304137,0.0015495996238625196,0.0015140516870422597,-2.2940078374343855,0.8923232715792776
EnergyEfficiency,ctgan,mlp,304137,0.0015495996238625196,0.004625694683864421,198.50902211336708,0.8828790291104766
EnergyEfficiency,crda,mlp,304137,0.0015495996238625196,0.0007535056751089337,-51.374170236906004,0.9962053207700705
EnergyEfficiency,c_mixup,mlp,122579,0.001426637979383012,0.0010895033879573717,-23.631404483668895,0.9597379013211836
EnergyEfficiency,ada,mlp,122579,0.001426637979383012,0.0010395782843268166,-27.130898002840905,0.9714104945082972
EnergyEfficiency,tabddpm,mlp,122579,0.001426637979383012,0.0014848659157331626,4.081479477739177,0.9524612543688484
EnergyEfficiency,tvae,mlp,122579,0.001426637979383012,0.0032954891528328136,130.99687520291843,0.8849653315421984
EnergyEfficiency,ctgan,mlp,122579,0.001426637979383012,0.004896807552493761,243.24107610057578,0.8962930053056223
EnergyEfficiency,crda,mlp,122579,0.001426637979383012,0.0010705298469338128,-24.961352325921386,0.9871140703949568
WineQuality,c_mixup,mlp,985772,0.015638992614758873,0.015607872072490828,-0.1989932666038626,0.9703916627646135
WineQuality,ada,mlp,985772,0.015638992614758873,0.019127658006462836,22.30748154719141,0.9862893182770416
WineQuality,tabddpm,mlp,985772,0.015638992614758873,0.014297229293867874,-8.579601985518853,0.9607003545486499
WineQuality,tvae,mlp,985772,0.015638992614758873,0.015355551818209473,-1.812398045906812,0.9382180976285157
WineQuality,ctgan,mlp,985772,0.015638992614758873,0.015345830727887033,-1.874557358606183,0.9172227042721945
WineQuality,crda,mlp,985772,0.015638992614758873,0.01498282526456364,-4.195713664932567,0.990970785720279
WineQuality,c_mixup,mlp,305711,0.014234922564735615,0.021202730666086456,48.94868988337384,0.9831860060281199
WineQuality,ada,mlp,305711,0.014234922564735615,0.017507898325283627,22.992578608444305,0.9860237519137223
WineQuality,tabddpm,mlp,305711,0.014234922564735615,0.0134428239616065,-5.564474267611344,0.9602583213539135
WineQuality,tvae,mlp,305711,0.014234922564735615,0.014480669529869669,1.7263667154947977,0.940813486021062
WineQuality,ctgan,mlp,305711,0.014234922564735615,0.014422185884274024,1.315520465157428,0.9079903490423273
WineQuality,crda,mlp,305711,0.014234922564735615,0.014352880677115001,0.8286529964806836,0.9935981043707949
WineQuality,c_mixup,mlp,435829,0.014575081874651055,0.016303055401312702,11.855669433095498,0.976674236369632
WineQuality,ada,mlp,435829,0.014575081874651055,0.02061995230399364,41.47400667337456,0.9867772571194746
WineQuality,tabddpm,mlp,435829,0.014575081874651055,0.013869549197590673,-4.8406772814596835,0.959035412626468
WineQuality,tvae,mlp,435829,0.014575081874651055,0.014894697121374005,2.1928881736083,0.9375438836432362
WineQuality,ctgan,mlp,435829,0.014575081874651055,0.014912694237702567,2.3163668372847104,0.9114731465280488
WineQuality,crda,mlp,435829,0.014575081874651055,0.013887967257800294,-4.714310511324046,0.9918874693267696
WineQuality,c_mixup,mlp,117952,0.015362940931487165,0.016955406152371205,10.3656274406432,0.9702799310329573
WineQuality,ada,mlp,117952,0.015362940931487165,0.017879900798978048,16.383320607138696,0.9863146542353969
WineQuality,tabddpm,mlp,117952,0.015362940931487165,0.014250303071854325,-7.242349395176218,0.9650033561288135
WineQuality,tvae,mlp,117952,0.015362940931487165,0.01486722341510228,-3.2267097725337632,0.947832195031701
WineQuality,ctgan,mlp,117952,0.015362940931487165,0.015471307856975472,0.7053787811303913,0.9210968637597101
WineQuality,crda,mlp,117952,0.015362940931487165,0.015105259662431503,-1.6772912829960238,0.9904394203632569
WineQuality,c_mixup,mlp,963395,0.01494392348265953,0.014740086052940431,-1.364015480644194,0.9670707212469167
WineQuality,ada,mlp,963395,0.01494392348265953,0.01753300509863514,17.32531365661702,0.986257568670813
WineQuality,tabddpm,mlp,963395,0.01494392348265953,0.01424718061422462,-4.662382467652409,0.9632955603437414
WineQuality,tvae,mlp,963395,0.01494392348265953,0.01516832812805515,1.5016447699027107,0.9441334148637741
WineQuality,ctgan,mlp,963395,0.01494392348265953,0.015433301843779354,3.2747649015178864,0.9032313716200737
WineQuality,crda,mlp,963395,0.01494392348265953,0.01414977066263925,-5.314218993036138,0.9880056178313901
WineQuality,c_mixup,mlp,152315,0.013531343840072247,0.013250256918376719,-2.0773023360998857,0.9698188949794021
WineQuality,ada,mlp,152315,0.013531343840072247,0.017807988515641117,31.605468947613673,0.9865011637679495
WineQuality,tabddpm,mlp,152315,0.013531343840072247,0.013246585752547573,-2.104433165620852,0.9563776245543278
WineQuality,tvae,mlp,152315,0.013531343840072247,0.013894448694811701,2.68343528204598,0.941524560287573
WineQuality,ctgan,mlp,152315,0.013531343840072247,0.014023677886937924,3.638471187227241,0.9164917871337983
WineQuality,crda,mlp,152315,0.013531343840072247,0.013500510284907442,-0.22786764957885416,0.9882827485912427
WineQuality,c_mixup,mlp,882371,0.015139013167254642,0.01575487803625037,4.068064821608259,0.9740417162718826
WineQuality,ada,mlp,882371,0.015139013167254642,0.017393701081284803,14.893229097039177,0.9856288930835504
WineQuality,tabddpm,mlp,882371,0.015139013167254642,0.01429709223710009,-5.561266912533035,0.9595588880870805
WineQuality,tvae,mlp,882371,0.015139013167254642,0.01438090823416467,-5.007624504414442,0.9357292982603309
WineQuality,ctgan,mlp,882371,0.015139013167254642,0.01565518219766664,3.4095289085847442,0.9057967683934491
WineQuality,crda,mlp,882371,0.015139013167254642,0.014368941615863842,-5.086669407596844,0.9931148341105849
WineQuality,c_mixup,mlp,359783,0.013991258963874592,0.018216423104986418,30.198598653782284,0.986064222068918
WineQuality,ada,mlp,359783,0.013991258963874592,0.017605359982178277,25.83113519401855,0.985259639082246
WineQuality,tabddpm,mlp,359783,0.013991258963874592,0.013362975215939833,-4.490544771967892,0.959040580757674
WineQuality,tvae,mlp,359783,0.013991258963874592,0.01387435113438567,-0.8355776259361576,0.9432730358608953
WineQuality,ctgan,mlp,359783,0.013991258963874592,0.014605515571874618,4.390288319200119,0.9190569022896209
WineQuality,crda,mlp,359783,0.013991258963874592,0.013317183023947243,-4.8178362052179295,0.9885475617971453
WineQuality,c_mixup,mlp,304137,0.014166669167379308,0.014868639450045252,4.955083473554438,0.9749381733579676
WineQuality,ada,mlp,304137,0.014166669167379308,0.016882284203244,19.169043928249312,0.9862349233911314
WineQuality,tabddpm,mlp,304137,0.014166669167379308,0.013040387273238883,-7.950223731728292,0.9595373372644138
WineQuality,tvae,mlp,304137,0.014166669167379308,0.013586468136899227,-4.095535962794085,0.9451035109532318
WineQuality,ctgan,mlp,304137,0.014166669167379308,0.014510522602562545,2.427200290488932,0.8982832602407893
WineQuality,crda,mlp,304137,0.014166669167379308,0.013508825043039938,-4.643604763878765,0.9933106441266508
WineQuality,c_mixup,mlp,122579,0.014382218398251314,0.017816571133356635,23.87915855542071,0.9794719041076607
WineQuality,ada,mlp,122579,0.014382218398251314,0.01783565819233041,24.011871454399465,0.9862010876313321
WineQuality,tabddpm,mlp,122579,0.014382218398251314,0.013740687469872621,-4.46058396983246,0.9608103103761323
WineQuality,tvae,mlp,122579,0.014382218398251314,0.014164339527815886,-1.5149183832580322,0.941687721183752
WineQuality,ctgan,mlp,122579,0.014382218398251314,0.01459929011657825,1.509306230208049,0.9147786355773713
WineQuality,crda,mlp,122579,0.014382218398251314,0.014570954689898228,1.3122891505378693,0.9942165434796857
227_cpu_small,c_mixup,mlp,985772,0.0007993470805780787,0.0008187312584444028,2.4250013964279056,0.9600265038130065
227_cpu_small,ada,mlp,985772,0.0007993470805780787,0.0008151138991191707,1.9724621411877412,0.9699180122929032
227_cpu_small,tabddpm,mlp,985772,0.0007993470805780787,0.0010214550909402387,27.786178965154175,0.9599391899882384
227_cpu_small,tvae,mlp,985772,0.0007993470805780787,0.0011971336720575016,49.7639387375692,0.9502535743115701
227_cpu_small,ctgan,mlp,985772,0.0007993470805780787,0.0019777004297970024,147.41448087440966,0.9141419624800725
227_cpu_small,crda,mlp,985772,0.0007993470805780787,0.0007109967999639893,-11.052805816241351,0.9811174245328598
227_cpu_small,c_mixup,mlp,305711,0.0008731109113726017,0.0008233956877982928,-5.694033017655512,0.9719727590903775
227_cpu_small,ada,mlp,305711,0.0008731109113726017,0.0008238704999228111,-5.639651367130507,0.9718542811900974
227_cpu_small,tabddpm,mlp,305711,0.0008731109113726017,0.0010055897297165833,15.173194678750953,0.9602270512708753
227_cpu_small,tvae,mlp,305711,0.0008731109113726017,0.0011404163010266368,30.615284515664698,0.9414169248577675
227_cpu_small,ctgan,mlp,305711,0.0008731109113726017,0.0017597900324634454,101.55400757698831,0.9135268463892268
227_cpu_small,crda,mlp,305711,0.0008731109113726017,0.0007214402690407496,-17.371291591513096,0.9942524908036103
227_cpu_small,c_mixup,mlp,435829,0.0008810359907086656,0.0008765901672100378,-0.5046131537772622,0.9659923926362792
227_cpu_small,ada,mlp,435829,0.0008810359907086656,0.0008763446697551124,-0.5324777878574135,0.9716176326198884
227_cpu_small,tabddpm,mlp,435829,0.0008810359907086656,0.0010781924980581602,22.37780402034551,0.9612654256983901
227_cpu_small,tvae,mlp,435829,0.0008810359907086656,0.0012027002585322632,36.50977612899394,0.9437933438246542
227_cpu_small,ctgan,mlp,435829,0.0008810359907086656,0.0015228136248796847,72.84352068918345,0.9153211873518363
227_cpu_small,crda,mlp,435829,0.0008810359907086656,0.0007902851952995724,-10.300464040759262,0.9892491042927622
227_cpu_small,c_mixup,mlp,117952,0.0008301426080252111,0.0008432340445775841,1.5770105552726261,0.9605152633318945
227_cpu_small,ada,mlp,117952,0.0008301426080252111,0.0008476554498965292,2.1096184802486686,0.9713855107098759
227_cpu_small,tabddpm,mlp,117952,0.0008301426080252111,0.0011761314323047232,41.67823948978711,0.9603958729373658
227_cpu_small,tvae,mlp,117952,0.0008301426080252111,0.0011712372383521333,41.088678864266086,0.9446325563014679
227_cpu_small,ctgan,mlp,117952,0.0008301426080252111,0.0014667832611387948,76.69051641958958,0.9130731409925852
227_cpu_small,crda,mlp,117952,0.0008301426080252111,0.0007730504749036133,-6.877388604038968,0.9895463565637574
227_cpu_small,c_mixup,mlp,963395,0.0008576922764021253,0.0008248964718585845,-3.823726229774818,0.9566653219348361
227_cpu_small,ada,mlp,963395,0.0008576922764021253,0.0008422094985256641,-1.805166993156199,0.9712522972698361
227_cpu_small,tabddpm,mlp,963395,0.0008576922764021253,0.0009158794362778714,6.784153416867814,0.9602783027029692
227_cpu_small,tvae,mlp,963395,0.0008576922764021253,0.000951366479048153,10.921656312328606,0.9479100772928559
227_cpu_small,ctgan,mlp,963395,0.0008576922764021253,0.0026067129873102086,203.92170467535635,0.9106779711850352
227_cpu_small,crda,mlp,963395,0.0008576922764021253,0.0007211657686652796,-15.917889375144128,0.9851596423193361
227_cpu_small,c_mixup,mlp,152315,0.0008675856320391885,0.0008893239071761447,2.5056057101662867,0.9589854617935069
227_cpu_small,ada,mlp,152315,0.0008675856320391885,0.0008655834702437042,-0.23077396876414386,0.9711660535768849
227_cpu_small,tabddpm,mlp,152315,0.0008675856320391885,0.0012067986001928,39.098499978188826,0.9610110684726264
227_cpu_small,tvae,mlp,152315,0.0008675856320391885,0.0012076485779662796,39.19647045419612,0.9489161078653205
227_cpu_small,ctgan,mlp,152315,0.0008675856320391885,0.0016821407062477115,93.88757076278206,0.9220567507896134
227_cpu_small,crda,mlp,152315,0.0008675856320391885,0.0007740953632522891,-10.775912524871838,0.9902431588167249
227_cpu_small,c_mixup,mlp,882371,0.0008500773675163832,0.0008132928254988781,-4.327199314219615,0.9625334668505601
227_cpu_small,ada,mlp,882371,0.0008500773675163832,0.0008755889646958309,3.0010912129072786,0.9718813200561811
227_cpu_small,tabddpm,mlp,882371,0.0008500773675163832,0.0010018836454496988,17.8579366695573,0.9603663295935047
227_cpu_small,tvae,mlp,882371,0.0008500773675163832,0.0012859469109983471,51.27410282141921,0.9479654589701338
227_cpu_small,ctgan,mlp,882371,0.0008500773675163832,0.001389630599083534,63.47107359692791,0.9210234985126233
227_cpu_small,crda,mlp,882371,0.0008500773675163832,0.0007311175167251033,-13.99400282104172,0.9869532569031758
227_cpu_small,c_mixup,mlp,359783,0.0008948700489629967,0.0008976370820031285,0.30921059916334603,0.9746326398458878
227_cpu_small,ada,mlp,359783,0.0008948700489629967,0.0008507907806851419,-4.925773114089052,0.971798702807307
227_cpu_small,tabddpm,mlp,359783,0.0008948700489629967,0.0011806479807579694,31.935132048071225,0.9597068709694111
227_cpu_small,tvae,mlp,359783,0.0008948700489629967,0.0010995774403846001,22.875655706526853,0.9466111563847586
227_cpu_small,ctgan,mlp,359783,0.0008948700489629967,0.0020223029869212736,125.98845377211822,0.9128691496756052
227_cpu_small,crda,mlp,359783,0.0008948700489629967,0.0008115959582957248,-9.30571883188766,0.9933601563318198
227_cpu_small,c_mixup,mlp,304137,0.000834893226389427,0.0008074544795474748,-3.286497719069249,0.9630939768233527
227_cpu_small,ada,mlp,304137,0.000834893226389427,0.0008620829716011968,3.2566733508372443,0.9705945589641249
227_cpu_small,tabddpm,mlp,304137,0.000834893226389427,0.0009504791815270416,13.84439967700741,0.9622950530422913
227_cpu_small,tvae,mlp,304137,0.000834893226389427,0.0010407049475869542,24.651262543784068,0.9489871432332696
227_cpu_small,ctgan,mlp,304137,0.000834893226389427,0.0017285931127697305,107.04361445656845,0.9104180685809099
227_cpu_small,crda,mlp,304137,0.000834893226389427,0.0007403940921520319,-11.318708937915975,0.9822586020152888
227_cpu_small,c_mixup,mlp,122579,0.0008158333797216775,0.0008301595133854688,1.7560121980641104,0.9688361386467639
227_cpu_small,ada,mlp,122579,0.0008158333797216775,0.0007922923205086675,-2.885522926389831,0.9707953414755868
227_cpu_small,tabddpm,mlp,122579,0.0008158333797216775,0.0015160277312773343,85.82565618907736,0.960265919161652
227_cpu_small,tvae,mlp,122579,0.0008158333797216775,0.00129624514928623,58.88601539305067,0.946636964943292
227_cpu_small,ctgan,mlp,122579,0.0008158333797216775,0.0015234765070711563,86.73868279217652,0.9153820554152164
227_cpu_small,crda,mlp,122579,0.0008158333797216775,0.0006905133533746388,-15.360982948478,0.9960196049809724
294_satellite_image,c_mixup,mlp,985772,0.016586259988476845,0.017976189003066998,8.380002577770963,0.9713742828918305
294_satellite_image,ada,mlp,985772,0.016586259988476845,0.01786795888370174,7.727473801299054,0.9896055380550232
294_satellite_image,tabddpm,mlp,985772,0.016586259988476845,0.02018977181224137,21.725885318739927,0.9009934152167658
294_satellite_image,tvae,mlp,985772,0.016586259988476845,0.01913865471334065,15.388609165882224,0.9756165996421522
294_satellite_image,ctgan,mlp,985772,0.016586259988476845,0.026983277311236512,62.684519174201434,0.9021174628669038
294_satellite_image,crda,mlp,985772,0.016586259988476845,0.013301165102535187,-19.806121984244474,0.9937782398636517
294_satellite_image,c_mixup,mlp,305711,0.015486451179976775,0.014227541429527233,-8.129104181578093,0.9856782188091359
294_satellite_image,ada,mlp,305711,0.015486451179976775,0.0159030549321978,2.6901176220390304,0.9890604446431053
294_satellite_image,tabddpm,mlp,305711,0.015486451179976775,0.015327030873934071,-1.0294179356522069,0.902958855959999
294_satellite_image,tvae,mlp,305711,0.015486451179976775,0.01805556821882231,16.589449764754864,0.95924078632135
294_satellite_image,ctgan,mlp,305711,0.015486451179976775,0.023041683593384352,48.786079687360036,0.8944826481063735
294_satellite_image,crda,mlp,305711,0.015486451179976775,0.01181200570659288,-23.726839872357417,0.9960881366251568
294_satellite_image,c_mixup,mlp,435829,0.013653014158198945,0.013724119600798255,0.5208039907920943,0.9802495974170912
294_satellite_image,ada,mlp,435829,0.013653014158198945,0.015057220756126305,10.284956725721274,0.9896314828727435
294_satellite_image,tabddpm,mlp,435829,0.013653014158198945,0.01613937480852099,18.211075016200216,0.8995585735532806
294_satellite_image,tvae,mlp,435829,0.013653014158198945,0.0169248280869658,23.964041133012778,0.9702056249166013
294_satellite_image,ctgan,mlp,435829,0.013653014158198945,0.022925196378247775,67.91307847930909,0.8980203018602633
294_satellite_image,crda,mlp,435829,0.013653014158198945,0.010728727328940481,-21.41861713006694,0.9960984201677283
294_satellite_image,c_mixup,mlp,117952,0.012706542395867526,0.012998383193027142,2.2967758503251803,0.9724383841092619
294_satellite_image,ada,mlp,117952,0.012706542395867526,0.013522797593575171,6.423897015234541,0.9881953119091136
294_satellite_image,tabddpm,mlp,117952,0.012706542395867526,0.014995474841090477,18.01381031843381,0.9031387562372868
294_satellite_image,tvae,mlp,117952,0.012706542395867526,0.013635405767644458,7.310119014587486,0.9721312526090469
294_satellite_image,ctgan,mlp,117952,0.012706542395867526,0.020276693170792275,59.57679547338341,0.9003144339146038
294_satellite_image,crda,mlp,117952,0.012706542395867526,0.009581280755940402,-24.595688918045358,0.9973506271527613
294_satellite_image,c_mixup,mlp,963395,0.01674909445096105,0.014942507345337558,-10.78617778956898,0.9674265883507125
294_satellite_image,ada,mlp,963395,0.01674909445096105,0.014438567473054198,-13.794936703424435,0.989196926016235
294_satellite_image,tabddpm,mlp,963395,0.01674909445096105,0.016843387608964325,0.5629746627756669,0.9005148272994308
294_satellite_image,tvae,mlp,963395,0.01674909445096105,0.016258231291636217,-2.9306847648510748,0.9669841663470673
294_satellite_image,ctgan,mlp,963395,0.01674909445096105,0.022814271579987076,36.21197042493251,0.9016422903996861
294_satellite_image,crda,mlp,963395,0.01674909445096105,0.01123150670636077,-32.942603319570416,0.9973854813119137
294_satellite_image,c_mixup,mlp,152315,0.014938028788250084,0.014849389496259219,-0.5933801122447087,0.9714518367959664
294_satellite_image,ada,mlp,152315,0.014938028788250084,0.015894768853223207,6.4047276821803525,0.9892244963186736
294_satellite_image,tabddpm,mlp,152315,0.014938028788250084,0.016710815109104014,11.867605465109051,0.9026223292883515
294_satellite_image,tvae,mlp,152315,0.014938028788250084,0.01835454776922875,22.871283951909515,0.9651028172326014
294_satellite_image,ctgan,mlp,152315,0.014938028788250084,0.022290457922394813,49.21954053220184,0.8977894043915056
294_satellite_image,crda,mlp,152315,0.014938028788250084,0.012291627737917239,-17.71586524464623,0.997279486928184
294_satellite_image,c_mixup,mlp,882371,0.012186426688211582,0.013284405935444289,9.00985395739365,0.9760249726210235
294_satellite_image,ada,mlp,882371,0.012186426688211582,0.012906139964527996,5.905859812151678,0.9886735945613387
294_satellite_image,tabddpm,mlp,882371,0.012186426688211582,0.01407795887973648,15.521631072992486,0.9015635971099194
294_satellite_image,tvae,mlp,882371,0.012186426688211582,0.016183123401041524,32.79629718444133,0.9686327450349768
294_satellite_image,ctgan,mlp,882371,0.012186426688211582,0.019824021579793058,62.67296465968673,0.8937747028581269
294_satellite_image,crda,mlp,882371,0.012186426688211582,0.009535543744163063,-21.75275010362819,0.9954949173173785
294_satellite_image,c_mixup,mlp,359783,0.01473607925490219,0.014301484250493053,-2.9491901942951513,0.988113472015338
294_satellite_image,ada,mlp,359783,0.01473607925490219,0.013936351345024781,-5.427006030870575,0.9888223499755703
294_satellite_image,tabddpm,mlp,359783,0.01473607925490219,0.016916380390493944,14.795666458338586,0.9011525672601632
294_satellite_image,tvae,mlp,359783,0.01473607925490219,0.018467168430753203,25.319415777502734,0.9665530641556865
294_satellite_image,ctgan,mlp,359783,0.01473607925490219,0.021114816427939956,43.286528680386795,0.8983646072679441
294_satellite_image,crda,mlp,359783,0.01473607925490219,0.01118143558839224,-24.12204498240224,0.996045778211045
294_satellite_image,c_mixup,mlp,304137,0.01831501637169458,0.017427077624709592,-4.848146072952886,0.9785595289072981
294_satellite_image,ada,mlp,304137,0.01831501637169458,0.018703804773770826,2.122784900575399,0.9886346993414756
294_satellite_image,tabddpm,mlp,304137,0.01831501637169458,0.017482598054191386,-4.545004495817311,0.9014718183525274
294_satellite_image,tvae,mlp,304137,0.01831501637169458,0.021799653919593244,19.026123030302536,0.9736068475969227
294_satellite_image,ctgan,mlp,304137,0.01831501637169458,0.029356700883175924,60.28760382953302,0.8999861872497869
294_satellite_image,crda,mlp,304137,0.01831501637169458,0.012798564594435844,-30.11982989971159,0.9964689413688458
294_satellite_image,c_mixup,mlp,122579,0.01435521140238501,0.014295077556277245,-0.41889906335879573,0.9841237961701559
294_satellite_image,ada,mlp,122579,0.01435521140238501,0.015924119345702165,10.929187312814443,0.98975488881812
294_satellite_image,tabddpm,mlp,122579,0.01435521140238501,0.014912493213522547,3.882087107717194,0.9005230319935555
294_satellite_image,tvae,mlp,122579,0.01435521140238501,0.018349417471821276,27.824083933536908,0.970249513153111
294_satellite_image,ctgan,mlp,122579,0.01435521140238501,0.02302585023072366,60.4006349004243,0.8974374966005152
294_satellite_image,crda,mlp,122579,0.01435521140238501,0.011728195617143179,-18.300084280231307,0.9955173191388935
503_wind,c_mixup,mlp,985772,0.005887213827067298,0.005774232217000454,-1.919101520440708,0.97516730572786
503_wind,ada,mlp,985772,0.005887213827067298,0.0062391889027318325,5.978635836977406,0.9926986557163885
503_wind,tabddpm,mlp,985772,0.005887213827067298,0.00509358201169702,-13.480601158419681,0.9777380388615982
503_wind,tvae,mlp,985772,0.005887213827067298,0.006101498596821875,3.6398333073851123,0.9444852942703488
503_wind,ctgan,mlp,985772,0.005887213827067298,0.006027463190902282,2.3822705944562066,0.8779492921077796
503_wind,crda,mlp,985772,0.005887213827067298,0.005111156024102724,-13.182089622709793,0.9960826235746041
503_wind,c_mixup,mlp,305711,0.006209678674266227,0.006546297895558389,5.420879870759808,0.989758643061128
503_wind,ada,mlp,305711,0.006209678674266227,0.006766259565627104,8.963119036536082,0.992811211589659
503_wind,tabddpm,mlp,305711,0.006209678674266227,0.005809453976776914,-6.4451756440780095,0.9751438297705255
503_wind,tvae,mlp,305711,0.006209678674266227,0.006741730716330295,8.568109075739555,0.9464030459739572
503_wind,ctgan,mlp,305711,0.006209678674266227,0.006675069653311431,7.494606459652234,0.8944008428499919
503_wind,crda,mlp,305711,0.006209678674266227,0.005747459759632081,-7.443523874264948,0.997356741002697
503_wind,c_mixup,mlp,435829,0.004985027417495342,0.005821702537475194,16.783761650808103,0.9831345210848208
503_wind,ada,mlp,435829,0.004985027417495342,0.005528350191639787,10.899092996712751,0.9930441523154736
503_wind,tabddpm,mlp,435829,0.004985027417495342,0.004799648631211347,-3.71871146853462,0.978855448369698
503_wind,tvae,mlp,435829,0.004985027417495342,0.00540588442892785,8.442421198236108,0.9490698453118448
503_wind,ctgan,mlp,435829,0.004985027417495342,0.006009779616696085,20.556601065107394,0.8958998723784926
503_wind,crda,mlp,435829,0.004985027417495342,0.00490401541042984,-1.625106549688854,0.9954327040362687
503_wind,c_mixup,mlp,117952,0.005851923369298383,0.005439325294649696,-7.050640423853588,0.9754186703376462
503_wind,ada,mlp,117952,0.005851923369298383,0.00674703296937336,15.295989772714618,0.9922017953935341
503_wind,tabddpm,mlp,117952,0.005851923369298383,0.00533567852906721,-8.82179768346946,0.9774145205020439
503_wind,tvae,mlp,117952,0.005851923369298383,0.005989790175119395,2.355922952517087,0.9476277035013111
503_wind,ctgan,mlp,117952,0.005851923369298383,0.006618949929506575,13.107255714118397,0.8906303751348483
503_wind,crda,mlp,117952,0.005851923369298383,0.005469308010652794,-6.538283817128365,0.9967285556986334
503_wind,c_mixup,mlp,963395,0.005942492953568715,0.005729720913316553,-3.580518175025909,0.9705133607835343
503_wind,ada,mlp,963395,0.005942492953568715,0.00682388991938187,14.832107883002857,0.9926480466036404
503_wind,tabddpm,mlp,963395,0.005942492953568715,0.005406041977987001,-9.027372514754992,0.97771225648667
503_wind,tvae,mlp,963395,0.005942492953568715,0.005665280106128304,-4.664925135063612,0.9433730072951483
503_wind,ctgan,mlp,963395,0.005942492953568715,0.006835488500229541,15.027288271743672,0.8784216353966584
503_wind,crda,mlp,963395,0.005942492953568715,0.005454309711794894,-8.21512529485873,0.9957750756249624
503_wind,c_mixup,mlp,152315,0.00600266780243646,0.005398538960818818,-10.064339082239869,0.9735091661068443
503_wind,ada,mlp,152315,0.00600266780243646,0.00696359953439171,16.008410986281987,0.9919370758338115
503_wind,tabddpm,mlp,152315,0.00600266780243646,0.0051829794236530466,-13.655401327568134,0.9806564688520009
503_wind,tvae,mlp,152315,0.00600266780243646,0.005925601084329145,-1.2838744478918793,0.9509748531659552
503_wind,ctgan,mlp,152315,0.00600266780243646,0.006595301422422856,9.872837203248999,0.8911007612990561
503_wind,crda,mlp,152315,0.00600266780243646,0.005161457909498679,-14.013933814500563,0.9935086132522861
503_wind,c_mixup,mlp,882371,0.0059590777451120095,0.00625864818345617,5.0271275381477585,0.97894309232019
503_wind,ada,mlp,882371,0.0059590777451120095,0.006691034811836493,12.283059527539784,0.9931847491083423
503_wind,tabddpm,mlp,882371,0.0059590777451120095,0.005671071344579243,-4.833070029485791,0.9775272617276577
503_wind,tvae,mlp,882371,0.0059590777451120095,0.0065494585739170825,9.907251659694127,0.9453609842525901
503_wind,ctgan,mlp,882371,0.0059590777451120095,0.007041669445481245,18.167101465612557,0.8784238930257087
503_wind,crda,mlp,882371,0.0059590777451120095,0.005524840200969062,-7.286992429308961,0.9966896373016169
503_wind,c_mixup,mlp,359783,0.005641038923966455,0.007021251403911831,24.46734544024189,0.9926285878511378
503_wind,ada,mlp,359783,0.005641038923966455,0.0065025525160251965,15.272250443061559,0.9928235002210934
503_wind,tabddpm,mlp,359783,0.005641038923966455,0.005179134851990594,-8.18828017678482,0.9761406495563254
503_wind,tvae,mlp,359783,0.005641038923966455,0.0058569320502593405,3.8271873178475113,0.9550796168150936
503_wind,ctgan,mlp,359783,0.005641038923966455,0.006462692588574446,14.565644302100504,0.8715559689288999
503_wind,crda,mlp,359783,0.005641038923966455,0.0052682178465105175,-6.609085356103,0.9963259802804372
503_wind,c_mixup,mlp,304137,0.006037843100674561,0.00656218627060626,8.684279488367597,0.9801265774639736
503_wind,ada,mlp,304137,0.006037843100674561,0.007094239168221253,17.496249073260444,0.9913681289551783
503_wind,tabddpm,mlp,304137,0.006037843100674561,0.006111330766860989,1.217117850879854,0.9799593354544662
503_wind,tvae,mlp,304137,0.006037843100674561,0.006987780538506321,15.733059339114511,0.950750984997619
503_wind,ctgan,mlp,304137,0.006037843100674561,0.0067991821092393415,12.60945334070907,0.8777213562476716
503_wind,crda,mlp,304137,0.006037843100674561,0.005553907658127178,-8.015038391662024,0.9873747413421384
503_wind,c_mixup,mlp,122579,0.005665833906411731,0.006324858751326672,11.631559551527921,0.9883292594307289
503_wind,ada,mlp,122579,0.005665833906411731,0.007350204962778164,29.728563953495325,0.99316111198715
503_wind,tabddpm,mlp,122579,0.005665833906411731,0.005455699196354381,-3.7088046266155277,0.9790463231088677
503_wind,tvae,mlp,122579,0.005665833906411731,0.006165703748445293,8.822529044981108,0.9484019036492397
503_wind,ctgan,mlp,122579,0.005665833906411731,0.006972834896830184,23.06811339703036,0.8889835924335496
503_wind,crda,mlp,122579,0.005665833906411731,0.00524647471089972,-7.401544105227712,0.9925507825050444
ParkinsonsTelemonitoring,c_mixup,mlp,985772,0.0003174376178191619,0.0006038986707163911,90.24168429225695,0.9716747183935901
ParkinsonsTelemonitoring,ada,mlp,985772,0.0003174376178191619,0.0003202976291184852,0.9009679819839828,0.9894776879512417
ParkinsonsTelemonitoring,tabddpm,mlp,985772,0.0003174376178191619,0.0006995040623413587,120.35953619707817,0.9484508048814067
ParkinsonsTelemonitoring,tvae,mlp,985772,0.0003174376178191619,0.0019514407626963156,514.7477970956845,0.950940419097068
ParkinsonsTelemonitoring,ctgan,mlp,985772,0.0003174376178191619,0.005071395066941346,1497.603680931862,0.9007267656402931
ParkinsonsTelemonitoring,crda,mlp,985772,0.0003174376178191619,0.00012036557991220009,-62.082131053298774,0.9991109937481433
ParkinsonsTelemonitoring,c_mixup,mlp,305711,0.0004345148955391052,0.0003170436905748198,-27.03502369430585,0.9869505808345556
ParkinsonsTelemonitoring,ada,mlp,305711,0.0004345148955391052,0.000410832386872662,-5.450332982730123,0.9890052260993316
ParkinsonsTelemonitoring,tabddpm,mlp,305711,0.0004345148955391052,0.0007673690130918169,76.6036149669248,0.9499224263401193
ParkinsonsTelemonitoring,tvae,mlp,305711,0.0004345148955391052,0.0022487253357935098,417.52548851138994,0.9490603439859637
ParkinsonsTelemonitoring,ctgan,mlp,305711,0.0004345148955391052,0.0058527644476975135,1246.9652036752282,0.895510328510151
ParkinsonsTelemonitoring,crda,mlp,305711,0.0004345148955391052,9.539892823138098e-05,-78.04472776174475,0.9975535208015596
ParkinsonsTelemonitoring,c_mixup,mlp,435829,0.00022497984560614892,0.0007507868111106158,233.71291952299927,0.9807593076557757
ParkinsonsTelemonitoring,ada,mlp,435829,0.00022497984560614892,0.00035754131505168283,58.921486539552895,0.9907452453429021
ParkinsonsTelemonitoring,tabddpm,mlp,435829,0.00022497984560614892,0.0009414108646350644,318.4423107317373,0.9504467608792954
ParkinsonsTelemonitoring,tvae,mlp,435829,0.00022497984560614892,0.0015086027059213376,570.5501561070083,0.9379966699055609
ParkinsonsTelemonitoring,ctgan,mlp,435829,0.00022497984560614892,0.005727182580388052,2445.642506313251,0.8857108867223611
ParkinsonsTelemonitoring,crda,mlp,435829,0.00022497984560614892,0.00012262419752214336,-45.495474409378865,0.9952029113361669
ParkinsonsTelemonitoring,c_mixup,mlp,117952,0.0003373897193973966,0.0006392551814656384,89.47085364882969,0.9731433102890785
ParkinsonsTelemonitoring,ada,mlp,117952,0.0003373897193973966,0.00035562789078737574,5.405668976089104,0.9903427190342267
ParkinsonsTelemonitoring,tabddpm,mlp,117952,0.0003373897193973966,0.000743535761720044,120.37890278579168,0.9466783010007931
ParkinsonsTelemonitoring,tvae,mlp,117952,0.0003373897193973966,0.002208645938580795,554.6275157777785,0.9422083035834533
ParkinsonsTelemonitoring,ctgan,mlp,117952,0.0003373897193973966,0.002989441475674147,786.0499605659338,0.885556651043233
ParkinsonsTelemonitoring,crda,mlp,117952,0.0003373897193973966,0.00018923543158512617,-43.91191529987491,0.9958841283236656
ParkinsonsTelemonitoring,c_mixup,mlp,963395,0.00020315154013054426,0.0009269726267431524,356.2961354600039,0.9687114622157337
ParkinsonsTelemonitoring,ada,mlp,963395,0.00020315154013054426,0.0003303353525627963,62.60538923333995,0.9915290881389893
ParkinsonsTelemonitoring,tabddpm,mlp,963395,0.00020315154013054426,0.000816122748928386,301.73101734988035,0.947981665982288
ParkinsonsTelemonitoring,tvae,mlp,963395,0.00020315154013054426,0.0030555049029508115,1404.0520495130668,0.9458955138854035
ParkinsonsTelemonitoring,ctgan,mlp,963395,0.00020315154013054426,0.005422633504578842,2569.25542434691,0.8950357316517052
ParkinsonsTelemonitoring,crda,mlp,963395,0.00020315154013054426,0.000157034214151637,-22.700948242515157,0.997709832669108
ParkinsonsTelemonitoring,c_mixup,mlp,152315,0.0004862957045227351,0.0006468807105592815,33.022090169221066,0.9715363314377852
ParkinsonsTelemonitoring,ada,mlp,152315,0.0004862957045227351,0.0003481061306261402,-28.416778641345026,0.9910815460603486
ParkinsonsTelemonitoring,tabddpm,mlp,152315,0.0004862957045227351,0.0008921929355844696,83.46716355639907,0.9472311084334251
ParkinsonsTelemonitoring,tvae,mlp,152315,0.0004862957045227351,0.002196225458718535,351.6234542671881,0.9434180653040558
ParkinsonsTelemonitoring,ctgan,mlp,152315,0.0004862957045227351,0.0030910531369930765,535.6324162942642,0.8903548902728182
ParkinsonsTelemonitoring,crda,mlp,152315,0.0004862957045227351,0.00017918639004766226,-63.15279193684817,0.9978944417862814
ParkinsonsTelemonitoring,c_mixup,mlp,882371,0.00027246420173669797,0.0005700388043056711,109.2160367021504,0.9758771999270843
ParkinsonsTelemonitoring,ada,mlp,882371,0.00027246420173669797,0.0003744243933347248,37.421500126669265,0.9900583298042478
ParkinsonsTelemonitoring,tabddpm,mlp,882371,0.00027246420173669797,0.0008485929422266867,211.45116929773548,0.9486662585885483
ParkinsonsTelemonitoring,tvae,mlp,882371,0.00027246420173669797,0.0016628971429043706,510.31766092756266,0.9477141861599891
ParkinsonsTelemonitoring,ctgan,mlp,882371,0.00027246420173669797,0.004237261059377483,1455.1624882714896,0.8747486690829154
ParkinsonsTelemonitoring,crda,mlp,882371,0.00027246420173669797,0.00013035361485721618,-52.15752600659576,0.9929329497744208
ParkinsonsTelemonitoring,c_mixup,mlp,359783,0.00027880882362720086,0.00048228531691287484,72.98065055421102,0.9904919496590076
ParkinsonsTelemonitoring,ada,mlp,359783,0.00027880882362720086,0.0003960307866703602,42.043849802938254,0.9912024245485562
ParkinsonsTelemonitoring,tabddpm,mlp,359783,0.00027880882362720086,0.0007489742603596315,168.63362881265746,0.9475736860027738
ParkinsonsTelemonitoring,tvae,mlp,359783,0.00027880882362720086,0.003471103677385153,1144.9762644622804,0.949675038095549
ParkinsonsTelemonitoring,ctgan,mlp,359783,0.00027880882362720086,0.0036543507517148572,1210.7012554958233,0.8922770966195683
ParkinsonsTelemonitoring,crda,mlp,359783,0.00027880882362720086,0.0002195403541336543,-21.257745261604512,0.9962593352985668
ParkinsonsTelemonitoring,c_mixup,mlp,304137,0.00019545311123085488,0.000608646098627207,211.40261456790975,0.9785537311155323
ParkinsonsTelemonitoring,ada,mlp,304137,0.00019545311123085488,0.0004505772077060968,130.52956531037668,0.9908069023327051
ParkinsonsTelemonitoring,tabddpm,mlp,304137,0.00019545311123085488,0.0009496925001410806,385.8927515455988,0.9453384628900237
ParkinsonsTelemonitoring,tvae,mlp,304137,0.00019545311123085488,0.0015856917310610027,711.2900946294479,0.9442260498225545
ParkinsonsTelemonitoring,ctgan,mlp,304137,0.00019545311123085488,0.0041626640351079035,2029.750715603227,0.9003538462173228
ParkinsonsTelemonitoring,crda,mlp,304137,0.00019545311123085488,0.00013724688467119006,-29.780148391148348,0.9980734688668673
ParkinsonsTelemonitoring,c_mixup,mlp,122579,0.000460008136857942,0.0004238345775914932,-7.86367813263699,0.9838586465834186
ParkinsonsTelemonitoring,ada,mlp,122579,0.000460008136857942,0.00038422383262322904,-16.474557331170946,0.9882748734745106
ParkinsonsTelemonitoring,tabddpm,mlp,122579,0.000460008136857942,0.0007439559436944555,61.72669222244676,0.9486928435897863
ParkinsonsTelemonitoring,tvae,mlp,122579,0.000460008136857942,0.0023485787289069097,410.55156218512474,0.937950556468746
ParkinsonsTelemonitoring,ctgan,mlp,122579,0.000460008136857942,0.0039819043846992044,765.6160762497298,0.8873753056234048
ParkinsonsTelemonitoring,crda,mlp,122579,0.000460008136857942,0.00016989015262293232,-63.0680114088075,0.9991696361276527
