-1.7589459542377937
-0.20641605651309988
1.0603039137320303
-0.6057434595113022
0.12475304036904933
-0.20885773523437637
0.7476052520340979
-1.7118576191776869
-0.12033408861225975
-0.7542113315878192
1.7210139465641492
0.3642785675722257
0.5380417702408115
0.5345674123759442
0.4886845334004318
-0.31790657569345465
0.7057908909358975
-0.005682837896033674
-0.2097155235740369
0.888560183046808
0.8192726096862818
-0.323747718139567
0.8346699285081862
-0.33152215287821984
0.3772550644448798
-1.500042825212677
-0.08769716056813709
0.22731137384851963
0.49133168791499215
-0.2830403280187173
0.001040039800217061
0.05132177814900834
-0.8461068439320135
0.09426882407087703
-1.5475659416348242
-0.9212833803554561
-1.3408346859846039
0.28651392790488484
1.6013209388111491
-1.4449515808995648
0.26438527059863737
0.12825831232971507
0.8799880309225753
0.0379956069464854
0.029498591322044344
-0.5528229908597824
-0.23087574238886086
0.9049906692019991
0.12981339352542193
-0.05519424347576055
-1.0707516349325894
-0.7167901423104946
-0.9356132088708429
0.10556087713809229
0.4583835068131521
2.015817786090286
0.3923127251900389
-1.2870043401968294
1.1913240746845917
-0.42679653476829055
0.8744376517363438
-1.2024518670105901
-0.7667101268118106
-0.3571577196663172
-0.11751275349295058
0.4071147149524339
-0.8946392436016937
-0.495262031030559
1.107544686899949
-0.5336858733670454
0.5254106285686521
0.5532393190281014
-0.43508291039102676
0.6824120397057074
-0.6401832586707131
-0.5555495541669966
-0.7804554645937295
-2.2361554420628846
-0.6301074652280285
-0.7216783093027558
-0.0038244611683403806
0.6976809938665748
-1.9035990832805154
-0.8075716372208576
0.35178955674786083
-0.13466169586664017
-0.25652790406985626
0.823108091586472
0.6237548117208903
1.0694891344281128
-0.5899189684693003
-1.701659368632926
-0.7532554213119037
-1.1421595395356423
0.9078413735120067
-0.11903200066621555
0.7495627388937908
0.20426435741598273
-0.7913957655586354
-0.4897691870947266
0.12265360698297416
0.030953698797330047
-0.43795543477046484
-0.9243703598141242
0.07707622089759442
0.6305286109010122
1.514724470795916
-1.6854127931914062
0.3048084148411492
1.2819025225605274
-0.5982877951719415
-0.4715996684840497
-0.09886035340910075
-1.177580288554047
-0.7449494890991678
-0.6371862842322668
-1.125015103602614
-1.0082172803282718
0.1964362396993486
-0.88450781222499
1.4080161456791833
1.1326802937797642
-1.1785554167356835
-0.41587768951977166
0.3269928507638778
0.49939977834944926
1.598477502780542
-1.0485374575612738
-0.7106968145375809
0.8944719427677291
0.7180278401454265
0.32187303170120624
-0.5637534327436862
-0.21093362975432292
-0.9159104783496882
0.2725763145702823
0.8914799844080147
-0.7741677123772641
0.9022831588612047
0.8579548779947809
-0.6278314904853693
0.3383189576330825
-0.9767584928844837
-0.2831782109399978
-2.5640003419663455
0.9590146999399122
1.3641057879313396
0.041697864698071754
1.0275149772396903
0.04669156328575338
-0.08954564896814488
0.6072380487254534
-0.30817240392915823
-0.20177739099612038
0.4604629027069386
-2.5611994713801782
-0.6709283457248735
-1.1095304651509312
-2.366338510233492
0.05734506078563754
1.09493083388532
0.4953342511664309
1.8464089359853522
1.737381439148293
-1.4819095348433091
0.3782241552747709
-0.5630894912653199
-0.5152311123862797
0.5412438496595288
-1.4417143994950716
0.7440679864088133
-1.1415664486366064
0.4641565236832752
0.19437289113852008
-0.12683543738083014
0.971004682946256
0.5291908116178108
0.9501514252342617
0.7220445197797182
-1.6308771347433415
-0.7029464948179619
-0.20885259745468854
1.1561829367142809
0.10650538444970124
0.3204521786971795
0.10003408929309072
1.654687932334357
1.7692718173672197
-0.6562350779561519
-0.004790642593857154
0.7290115738846131
0.6116841915098831
0.5482803447617132
-0.53977622332967
-0.27409057208324833
0.5198451189653456
0.8845379615986435
0.7709768752200851
-0.5019661020874682
0.35119419109258465
1.617536218040136
-0.5883956790882433
0.04841303690742101
-0.20436900091295904
-1.085456397696962
0.43387415533829615
0.7165579608126401
-2.5988102064764385
-1.6001460985050104
1.1675966745156456
0.9498716190243777
-0.7264110243423607
0.7786817219263772
0.48449076132842817
0.22542577096874022
0.8874047806398997
0.07455663563403313
-1.077179736703687
-0.26572574695749007
0.07252554466991383
0.1394115543742886
0.5249633510924607
-0.34731703945754155
-0.07833312094414985
0.20978037629351928
1.062990411550721
-1.5927218051838619
0.44922472922947054
-1.3300350777453487
-0.1303127010076895
1.6092789900566524
0.3628559635379449
0.24457976220017555
-1.2334429974374992
-0.8544991475355738
-2.053053678729942
1.1314015027275461
1.6344397443116907
0.15620255066180777
0.22629658122956933
-0.16713511843152298
-1.0280157101336187
-0.5456751471943835
0.8412767943754818
-0.5838993093590932
-1.0481825653861696
-0.06830847161592501
-1.5229406182957095
0.8852814418651228
0.2795120053760753
-2.013730389090743
-0.8427075990748853
0.24150945760180614
1.2186120763729182
-1.0282598823878972
1.7876517570783708
0.0034228985771772957
-0.42056612564883705
-0.3178543345465358
-0.5800292971138367
0.1299950279227125
0.6337369438275371
0.12902761447626854
0.3679073387453693
1.2077533599745178
0.6714287266168989
1.821729070746214
0.41086522331512326
-0.9049260400827717
-0.14274653110524427
0.4713773437120599
-2.439547073754082
-0.09369546698448696
1.6403740991256615
-0.06294397620235348
-1.3661427085399194
-0.9912884192545782
-0.5365152071782512
0.9715001333501536
0.21892997054786512
-0.20187505840737036
-0.6431284195345811
1.218776485459531
1.607685163183701
0.44104563041418415
-0.5220195812835934
-0.38225352812107793
-0.8985565834484214
1.225100350078562
-1.8157377295164785
-0.3762077873897472
1.2768266623975844
-0.09331070635581236
1.0593767526716897
0.9080075663881325
0.047282720182969626
0.2778820344310388
0.3651447833463717
-0.22690389777706016
0.5003972264947391
-1.0003199364027715
-0.3808636174144662
-0.6106798807191703
0.25123653584635786
-0.9873915172837376
1.2299312581324395
0.651681552746162
-2.0278069690830747
-0.5723170261180303
-0.18226880511933458
1.019198517854749
-2.3733721569484207
-0.739468456209279
-1.8099885118755494
-0.7685768243972648
-0.7223315192063949
-1.5215557681270497
-0.807333368016092
-1.145243717712285
-0.48923713424659987
1.3852931580326033
-0.06103389245006165
-0.021110076478162484
0.5265235991848154
0.6814294928482013
-0.07188584989178563
-1.351143954159092
-1.8225039944915102
1.006401065969708
-0.16420380004506444
0.1693235239381266
0.09050429155928338
0.06622676094536122
-1.662072488647833
0.399148572202892
0.6842726859834845
0.5007171883439133
1.3427881000064859
-0.7271849763063967
-1.1918596310579406
-0.9206480970575062
2.051519489599368
-0.5320740369057769
-0.38204768820871093
1.652751807191681
-0.9614136253365891
0.8595006615337745
0.1624921342809635
-0.981949432631396
0.45672722406944344
-1.5539767864564957
-0.5270694924261079
0.3398530622877292
-0.6680772078729349
-1.064397138968348
1.8458558025331269
0.2687425427975419
-0.2995151233888208
-0.9822297313810556
0.37575196148576856
0.8969845399481624
-0.8263447074773711
0.26049468991132235
0.4450492931214608
-0.06194501655585968
1.1338347716830695
-0.46031313004921914
-0.48172886020930855
0.9976410297012238
0.2932874870845285
1.1781814598779854
1.016540235389608
1.5871633680195298
-0.7453041007329814
1.5462602112858768
0.8485221406458923
1.8303854858256574
0.5191860778167915
0.12289443139781299
-0.4050943698297041
-1.282593729047669
-0.4040030504951487
0.8420560485472858
1.9067035539505757
1.6728392792752327
-1.519531702251762
-0.8419128692063238
-0.34939096442447815
0.43527965956813536
-0.3123323082563287
1.7386592290360168
-0.6207652399058552
-0.5292525802356041
1.0670406382677409
-0.46500784562752145
-1.863683833735966
1.2985843747488557
-0.68057308061115
-0.007439113184858097
-0.19011212206080325
-0.4099038887918684
-1.974797849858332
-1.3929088667490004
-0.003966433194050031
-0.9027691254531676
2.5312293849024115
0.098429866914516
-1.405781819413709
2.354937054755755
-0.4491530706893243
0.038604661348336816
0.4264974101375927
-0.46715137920488337
0.16981047102729674
-0.29927331136736496
1.3594665970636373
-0.8949683748535768
0.8535748367732012
1.3239057004350723
1.2753347782312006
1.7552339925485836
0.9809998683095559
-0.06445890270619956
-1.0881178137893088
-0.2866518231414101
-1.3134749410024105
-0.28004634044987414
0.38741666070823705
1.0194900282112678
0.0667240995984118
0.5590766785354583
-1.8710725126966619
-0.3086831882948484
0.439895819027503
-0.9269677493998958
-0.8465100937441983
-1.1534986543364134
-0.5488297076644638
-0.0028284984936524558
1.5171155702467207
1.2890852459520812
-0.4494084065884236
0.722747522499938
-0.942094031250646
0.25848154330976775
-1.2438402959469421
-0.9038704958518637
0.48517717169522073
0.028328842896294604
1.4453660419329932
0.9227862834794598
0.28418983589541164
0.30837074028508077
-2.6724297582235645
0.802976836898437
-0.43198156248700564
0.0711500886502915
-0.121730509574529
0.9950935313622821
-1.402484491606507
-0.655020906375947
0.6587883856238167
-0.9724821388957895
-0.9357957272553089
0.9565938156919387
-0.43385392215248963
0.4164672309904451
-2.2536698233725576
-0.10617979674436136
0.01902791749512744
-0.35203296338129253
0.2783901515063487
1.177096503319416
-2.1866319920633592
0.17790523495503516
-0.3976092969562578
0.6628880285857235
-0.46632240741638004
-1.069796404686749
-1.4512499782759416
-1.7147734143786921
-0.07797271087923195
-2.07588986338521
-1.6513272089742113
-1.8856443972282355
0.13362732729660481
1.1226675670459807
1.0034890283937021
0.39500179115349215
0.6522391414990304
0.8923752029572222
0.5045257687032726
-1.272066150347602
-1.6068185402689343
-0.6221970636597615
0.7260225366321948
-0.5007746940186619
1.3699968121294748
-0.517607151884701
1.6735465683174062
-1.0400094607361188
-1.3155489214438942
1.056454089382279
-0.6016091700446519
-0.20792720663610045
0.7692926285117357
1.6612757844912593
-0.30849728521427433
-1.0278792019777356
-0.07703435349096434
0.3436421821340648
1.1796976624375708
-0.3815724428071767
-1.2290013114704876
0.3518841821220591
0.050335582048108375
0.019155540940361482
0.9505867043762006
-0.4801928974383837
0.6464547388005836
0.7370896752401266
-0.7294973690147506
0.6753530772298334
-0.5605108996243641
-0.06249950418568063
-0.15130905971147876
0.7214719599146266
-0.3683742023842272
1.0476044189785363
0.3254104713347975
-1.3716409824051967
0.15742636196144957
0.5881149836934466
-1.39939605560855
0.7895779835748218
-0.10021473621765989
0.39060886948639445
0.6676036199936118
0.17280321892257672
1.2320196273577868
-1.9540092081875342
1.7532389587717174
1.9628363105463946
1.4525126448411718
-0.48299531437861015
0.10650657543220172
-0.050561529377424745
-0.15840093756273813
0.5298177452620763
0.07363567748148071
0.033937213844721606
1.1702834580088248
0.6816304550698459
-0.011248430485703172
-0.41729001392000004
0.43860219916176
0.3131377994448924
-0.8333498282391841
-0.45181900214249077
-0.4422698209526525
0.5166360541333731
-1.9463991742294406
0.16922456389325308
-0.04694812016039528
-0.7552260272868455
1.0386127146796844
2.0969629013206923
0.42504463013411165
-0.565487090065434
2.021110869884933
-0.29465365181703806
-0.3787011302622801
-1.0555088288365677
-1.0484193163317068
1.1177586842332154
1.6368323369232383
0.5893858655818661
-0.9578860364879233
-0.13125797434589095
0.9898040819105794
-0.2888269083670543
0.2872110396297511
2.237675425460269
0.7420134464388357
0.5067302128958695
-0.24141440993570762
-1.250479259649438
1.7122041874928455
-0.9158876050405843
0.6485239480664569
-1.7656839228947974
-1.0759652333484717
-0.17339834408559462
0.42887136922098623
-1.4760794491731992
0.8902546415056617
1.3304380155349362
-0.9830144626303499
-1.781918367860144
0.3566199397182885
1.6435466861379913
-0.2739514290961795
1.6974305793826523
0.40259970908757103
-0.9751469306551508
1.3348463724113895
-1.414784416533567
-1.6629404503672844
1.9491332507784254
-0.2656360860214766
-0.5292711434949734
0.06119593049384317
0.522448660270839
-1.707249245400913
-0.7224367660746418
-0.2658612375984839
0.5965182778411483
-0.5506632545087834
0.853388502663339
0.22124075527293155
1.1998928093448995
-0.9162951650268559
-0.15975104823830355
0.8197527063614998
0.6029600082081341
0.2902580795988171
-0.6097274358720648
-0.6293145427889201
0.5621620408334381
0.2343784793038352
-0.3341782217286637
0.6317732833537075
0.8785175850697013
0.059550096754978826
-1.096605542568256
-0.9867308687954128
-0.504508361709289
-2.1254017261156135
0.829057307773727
0.7627149295792851
-0.20340954831646818
0.8363229502472493
-2.093058650991486
0.0387218000861793
1.29097184822775
1.2829178868927311
2.1407933710476255
-2.7226856537219013
0.10435285008894034
0.3961975810006891
-1.9823448815785079
0.9680404622319777
0.3271554094704947
0.05054617737529334
-0.14307971771881395
-0.2989020029734002
-0.25895329742444434
-2.0724868032183403
0.634203264154358
0.4420486969491449
1.1950131066103815
-0.609743861137723
0.8771587593146025
0.6653826316198717
0.5947932889532929
-0.08799606142077344
2.2323749591017625
1.086040528884672
1.224389689769683
-0.07318623406404849
-1.0079300267455633
-0.6560199766604975
0.31392495069809034
-1.4349637439858973
-0.6823789049650935
-0.4486722366067523
-1.757626605134099
-1.700898971548904
-0.7514252886722673
0.015365610548739538
0.27826380343770885
0.8973348347978404
-0.6627156331498537
0.6890491740621808
0.5835131955953872
-2.221910818241673
-0.07079935532448552
0.2438286198855747
-0.4111552071164214
0.6006002572094283
1.4120347685419128
-0.29231006277568305
0.5240702581297604
0.1596751343713055
0.7919555004338903
-1.1732142797072922
0.5498422052013088
0.7579214910613471
1.2867919954099105
0.33140485765403677
0.45145111360599377
-0.2673835269449833
-0.6401321572003313
-0.5820733901235662
-0.5865355193248314
1.1814209041262296
1.617232976822288
-0.22829322651574904
0.07151769898440523
0.6029273571633668
1.4405155742853948
1.3495673975049216
-0.48366228033679026
0.6242660393398957
-2.264723141857419
0.3596350370944947
0.03196865030276563
0.7595969488866121
0.07421469746954637
0.4926922640642255
1.9953617405182875
1.0189579279269645
-0.024045111193563347
-1.0042303916193858
-3.423376298138854
2.0103709535595344
1.679918082152208
0.44707619678885974
-1.1330641979435114
0.04384263807809384
-0.8816517152806953
0.6725306062334931
0.274074378635166
-2.0395174496174406
0.6245662975986944
-0.5506991518891559
0.8246712729197556
-0.26963463009176064
0.5390782253996771
-0.5691583658723441
-0.7892031805688849
1.1954631113273968
0.26226734796605544
-0.5649603115240701
-1.4112637514498378
3.0121280859650477
0.496998912806111
0.8026865200380761
1.50750123841394
0.00797759597128963
-0.3415439606346577
0.24022668877179082
-1.0635646581441127
-0.03275494701973951
0.24377631435224173
0.5536788710855044
0.42347065188249394
1.54835043797077
-0.287423103476224
1.3167396255367356
-2.344432955404164
-0.7079231073426071
-0.6719389315005196
0.5872046681586106
1.6616987912270844
0.7203428827031486
-0.17285558780212865
-0.1212558317483668
1.110478570218893
-0.14499108644692152
0.4338547422546348
-1.477954797361553
-2.375585274594983
0.5019545038689369
-0.4848815956449011
1.0713562147380367
-0.21358587358521697
-0.16787183928474037
0.5442759120819447
-1.559108757921093
-0.7233502946025421
-0.01775134746370663
-0.29874539563262964
0.44554074321946396
-0.8199450449815282
0.05330350911462644
-0.07520576120861078
0.9747012449271885
-0.42130001979271237
-0.10437839799667357
3.308335868094433
-1.1612691214143394
0.3905335880189457
-0.5807955386340661
1.3217358494646168
0.4217751793213163
-0.10113374109869683
-0.7405014840602689
-0.41350505961938966
0.4808779147205885
-0.7221062256573156
-0.5509480098818397
-0.8860427875829223
0.5050684112213004
-0.7485070436823896
-1.8530085906905327
-0.692825405162957
-0.06822042725576277
-0.7543522434193669
-0.47426664027415616
-2.9245533986339876
-0.23988441197553503
-0.737589714422632
-0.5824317085943564
0.46980295108890285
1.9467329532707949
3.06400258349802
-0.8210737869851092
0.19323954908387642
0.09504830603247964
1.9717982169222688
-1.5263856345775844
-2.1971172144710898
1.1688835343081865
-0.020985848121704443
0.4187046501785073
0.14168380594286886
-0.7560333350972438
-0.9126081448681311
0.9970719455223442
0.4704751464879515
-1.3034040508944376
0.6822386073397133
-0.3998065224718799
0.4667054230460366
1.5221715633124624
0.25098723152921315
0.576116469292352
1.0537503434569566
-0.7690142782384046
0.19181757461512688
0.2871356123750751
0.5273886200998166
-0.7232538891866203
1.4485793033630918
0.5275712321656023
-0.009053283526116939
-1.4271161854962822
0.09271377096034666
-1.108973542700324
-1.3181459741908317
-0.33732588126799723
1.933492054519993
0.9784129441509783
-1.0810712200601935
0.1176375425367962
-0.08313250766508204
-0.6038932642528545
0.9740778550409415
0.04829371289956084
0.03477470274505246
-1.5170440382946064
-0.9109508874388996
-1.5409850333227548
-0.3931759483401847
0.6910775354142679
1.087670504380457
0.8802354340992427
-0.6568859546636059
-1.105074693470397
0.5381453989217927
-0.749738477722967
0.1859788694450819
0.3242936435477164
0.04212017729885235
-0.8438811260769329
0.9554801990761866
0.7973165783024833
1.2022728496674897
-0.8519674268583148
-2.083789720745401
0.23404260784415112
0.5531747441080289
-0.6690180240339402
-1.6271014771968169
0.2022923214353131
-1.487762503680041
-1.054052670280792
-0.5033818829633296
0.20393208420584705
-1.0411596105485008
1.6962121765894937
0.0636753100650006
-0.20038629600261323
-0.8137866272179644
1.7429019015997647
-0.7394368728123135
-0.038570605732694864
-0.2884135920861916
0.1186978688048385
2.0499890058996875
-0.5485029150643792
-0.8957250654129633
-0.6213361606066778
-1.3548677105828377
-0.07221434433717629
-1.6709771943770548
0.5122936540342506
0.01676784902461329
-0.9988571993265282
-0.5980686582611515
-0.05883481049710238
-0.975602006827242
0.735710790786106
-0.4092871271554353
0.38223610211913306
0.017025851958335163
-0.06014850379736224
1.0830497645997628
0.7079438504436798
-0.7732661654556041
0.5189634765449811
-0.009034921996849583
0.7564386561490202
-0.3319672482584102
1.1701980566379981
1.2155670893898674
-0.14394199198569022
-1.4439444479453658
0.7211797033267466
-0.1825677601512016
0.4203580537924101
-0.022310000243200248
-0.6357537335989771
-0.9791234913539163
0.4135445407049621
1.9684912578740188
2.9039381374575712
-0.2459483090557424
1.5572149051413313
2.2176811293006233
-1.8295828027487855
-1.0073558398992033
0.11230417324190625
-1.8712063064069973
0.9913598028947412
0.29769429917465057
0.9052911659047839
-0.0775398216048769
0.4263034024917832
2.037797633748125
-0.5822950163028481
0.2087042767242255
-1.1432799095799824
1.4073505916220561
-0.6131011964711628
-0.3057505599934224
-0.628375396216872
-1.1436543680146167
-0.822497016352763
-0.25178263126107314
-0.168427091368572
1.6818857923721573
-1.7838256417906195
-1.4973818974936992
0.13472920187149273
0.39699798017620763
1.0253054303146636
-0.053094057691505187
-0.32609593550190613
0.2605978695282394
-0.41159187297962385
0.23801347447726534
0.03680753139592076
0.11941454151150062
0.7662033551812906
0.46901654245564667
0.6064347684053243
-0.3316160863984568
0.08384197124766944
0.6552322985624178
0.07399215640668823
-1.081087329121957
0.18828953184302719
-1.0443013387902578
-0.20106918458221207
1.132018239309144
0.061585766123790235
0.6856953298469494
-0.6030571560889619
-0.33032803675940164
1.088420405420628
0.31584017374125056
-2.933974464704612
-0.8239650051895704
0.5929150362662228
0.5308426653075335
-0.4492831817359662
-0.744660773514098
0.9413201863203017
0.5124999606815341
-0.033919000829270754
-1.089472732446174
-1.312760854300583
1.1194242139903436
-0.8793171083779294
-0.6334102523366208
0.3002350267519959
-0.3097186476329493
-0.26966218557712235
0.49220039237647173
-0.402338133187719
-0.7773662824741612
-0.5280907964937289
0.5545369002034731
1.0375260694503206
1.0924024529663916
-1.1844459544757213
0.2245402366041158
1.6047523399954988
-1.0194697384022608
1.0282850511641932
-0.32251742348505175
0.11231235767485831
-0.20264496675333205
-0.1677402283250159
-1.887175402437754
0.4970944100438553
1.1338199367079917
0.8719295962863903
-1.7623459727964172
-0.03235234251602401
0.02307790680647691
-1.529953242505066
-0.41848180151133296
0.10488743405611475
1.232258146354915
-0.24753760825248294
0.3560944208553653
1.079125407421952
0.21182582931205146
0.2545243790942608
0.4312542468159944
0.46773427610585716
-0.17646331669534945
-0.48599803133067343
-0.13696404981206392
2.0296074636740338
-0.1458584312284382
0.24620110395165637
0.5607420802912304
-1.78181645435392
-0.1692870994124548
-0.6189654944416978
-1.7969653124496723
-0.13860898433402957
-0.046487227468438926
-0.03478438950574335
0.3465471801507337
1.7244433088846087
-0.957274734872949
0.39431218140927754
0.09113944673767964
-0.03740642383273704
-0.10802114715646022
0.8806779665455907
-0.7419370286917454
1.22253081314049
-0.35158113885591
-2.0295537347334207
1.7717166981140215
-2.0771479514405136
0.15052668922255408
-1.6330520933099177
-0.4924378394433129
-1.3318842446096104
-0.03848602638928465
-0.6242680029819236
-0.027458480153518663
-1.7823567348745692
-0.12353475720746442
0.047790358873026184
-0.7229216761143841
-0.27678083034340306
0.10645624344213894
-0.8162003169343165
-0.17031309202529368
-0.6012864658096317
0.9882945892731588
-0.38925010894871687
-0.6971250473075669
0.15969917498801103
0.4911613923120646
-1.3255372722619414
1.138589720903817
-0.06474291442910118
-0.5193637309148422
-0.4564164925390834
-0.25356594223701817
1.5132852182034386
0.05733408048705703
-1.6140309890453266
-1.347515307891936
2.4468860107432673
-0.2062580741656548
-0.0011909458318497474
-1.0543707064446957
-0.3156615773999664
-0.19448961229866454
-0.34040123950435264
-0.01931401183042795
-0.5491407694685042
-0.8128602631242872
-0.7989097512529131
-0.042796742248658086
0.942994163313479
-0.2807555907319932
-0.17856325666625503
0.3113984446321619
0.09364480092445127
-0.4754301863958672
0.6601326672265486
-1.4903046047136583
0.8325349678049477
0.5306626124118662
-0.8193631173545104
1.7073231679899572
1.0543641679443285
0.5822956665681716
0.5987020408436696
-0.14235801798839895
-1.5928920449759676
-2.0572691949262594
0.6131683173131551
0.679084450227218
-0.23987192994123802
-1.258240863017988
-0.16561408372175412
0.9714606723329552
0.3626207000590977
-0.08700558681454537
0.7028398576929012
1.0100205333574865
0.9623627776727927
-0.7053598589805214
-0.4456599997100993
-0.2697179867345405
0.45581101586923806
-1.2173091428202691
-0.17771731151828438
1.967775853214044
-1.6075654461321414
-1.1728172878921688
0.6262209658804633
-0.1799141896141161
-0.7746853621830383
0.27761672209380095
-0.32070538770956397
-0.3254815251924993
-1.7226729372018836
0.3639383817360558
0.43824883150628025
0.4719699486520498
-0.020424918733076964
1.3953022455489796
0.955000390431261
-0.36508766654104385
-1.5275254169002337
-1.8228177652353708
-0.5713651957860103
0.3702622820322241
0.14587687694418724
-0.36064107619288055
-0.39815944059741953
-0.3035454344569316
0.6549515642612059
0.040196759832854055
-0.31607442798130736
-1.0087315780315194
-1.3685355482860893
0.08852926853689838
-0.6399116370824015
-2.956911338707793
-0.6101013245691053
0.6115609565025099
-0.7604203742560488
0.10470687765144746
1.8069923001110664
-0.4043684907302027
-2.089981883959565
-0.337638584743374
-0.25947438368543807
-0.13674037316445908
0.4080158338666949
0.8618113987772168
-0.5624528482162919
-1.2242370463804964
-0.9146855119642517
0.2845999901227394
-0.8006135409038284
0.021004385260037752
1.4493005621155102
1.5462237608253249
1.6408788933752587
-0.07943333632312324
-1.325372782553315
0.3198961386980361
-0.11751816992881521
1.990480799195887
-0.46725705374641435
0.30268044786157733
0.8091571838646706
2.145508206648816
-0.22293353577007188
0.3580973915839696
0.31950618078059334
0.276594778552026
-0.05121533988965475
-0.7795814758570235
-2.1182037760414465
0.7282915301595947
-2.1472769679427626
-1.6467677487550403
-0.6407849883885803
0.433624888773679
0.6597993852823522
0.026173843391015972
-0.8231973971195444
0.5998255448627631
-0.5428299565095575
0.06595905739808003
-0.5307156618285219
0.5345006640902343
-0.0403154454238188
-0.14718074636231027
0.39224357839587176
0.12403610567453847
-1.160997211122417
-0.20410345275754904
-0.13003043470452857
-0.774467312676352
0.8137781362006199
-1.0770301459560907
-0.23179298212345006
-1.1769631684207036
0.11267679059422
-1.0399061766803888
0.32336233415709564
0.15535477575108733
0.2025641039866003
0.09701881075109144
1.4545800116693264
1.7713269193384804
-0.2796887959035272
0.508286464471826
1.4001475435260748
0.6457886255602814
0.47579978672537704
-0.7521273001896072
-0.10198484308958855
0.6429267529370831
0.17278668759055318
1.9905059882403477
-0.1692529759094359
0.596336670477508
1.3286781215569379
0.20706762141218946
-0.14161502492112094
0.7137612074072844
-0.11598322980800933
-0.6893210047020146
0.016771044201030025
-0.11287841007954863
1.1319276114337284
-0.27849333165580914
-1.0589881943120063
1.5330305372879194
-1.9955704512926378
2.097024939963696
0.15811446756451703
0.46716165208970284
-0.9041770019297272
0.76123264662845
0.4034307598617933
0.3853054423290903
-1.4920729189123572
-0.11423688506587928
-0.5812688623540598
-0.9455817475070706
-0.8592710564837484
1.776094611755841
0.11970697658656701
-1.068062673026609
-0.5709585952937435
0.006240106855042972
0.72082673962862
0.20578116621818995
2.1419224216283808
-1.46754237654496
-0.5112427001746965
-1.2737106571337673
0.7377333442552604
-1.088467872613531
-0.18702849392167836
-0.260395039697232
1.047511205702355
0.3441888670416179
2.400765068270138
1.1217979047322044
0.18513601607466257
0.22915375493557993
0.34840814833567707
0.1606810995204195
-0.6994718842608614
-0.09596778668508747
-0.30577047536559043
2.726855102414001
1.0030843591706713
-2.28588300367106
0.08178330663165148
1.3616690731411658
0.626397644887788
-1.2972152404566963
-0.6559507792496427
0.23320902396088325
1.013590611680038
0.05128130864585426
-0.5758617070883042
0.16335964370624137
-0.4277942965652823
0.3160093012743253
0.6670170431887961
0.5465243172275521
1.071807029125237
-1.039794274579631
-0.5618586733446893
-0.7068120227823693
0.6595253649381236
1.3421108918731708
0.8178537762485203
-0.27282739597161315
0.4174229384996471
2.3327134235157927
0.788415573199279
-0.9274852478873619
3.33723286435679
0.820742292786841
2.0797604149599307
-0.8000564852173916
-0.27237256632387824
-1.4188701087131468
-1.5131713651537686
1.0841240719308034
-1.732390778818998
0.02827548538759985
0.6936297069244846
-1.5434840484254022
1.008749038736111
0.8224550985987683
-0.9645492419049706
-0.1365662764946222
-1.2446016116122796
1.4405798993614969
-0.15220626621899827
0.5998561822507015
0.4160234604487321
-0.714475218114869
1.309271222122132
-0.19277193543649182
1.0658589419260796
-1.199292418509241
-0.16409916392251941
0.4562013817620392
1.117073479836452
1.4778919867952611
0.2757444280624653
1.1846620503083762
0.2108281732573555
0.9973568615346597
0.4003899416465745
-1.1368170174641519
1.0018329038099183
1.130668577189355
0.03685432181413453
-1.17201136975788
-0.19241399406859808
-0.29634703242655136
0.6131435850376653
1.746336198273044
0.6138876902549868
-2.0070627347082417
-1.0728007726769315
-1.4684576241417002
-1.4719576432432993
-0.20286829404876824
0.5532881830429053
0.47165552328318294
-0.2895024561554451
-0.06943056921862335
-1.098008018884941
1.8906603777829727
-0.7011218728491517
-1.573104000765085
0.21608757973099607
0.06177236160768652
-0.9310601239234008
1.0848838137102113
0.5337494335373371
-0.18951301833558826
0.7047617261170094
1.358529134121895
0.812110601883894
1.8928820775295183
0.2627474696998745
1.534003308141908
-0.20827018890550764
-0.4954350837580564
1.433068859219243
1.123043679897664
0.11299203531362224
-0.30001911735100034
0.030598012499652286
-0.3244231649814414
-0.098467245928617
0.5356618288416898
-2.610674887137703
0.1221323213086593
1.3722057524919702
1.175651886686181
-1.1801661870659936
-0.30548451069239146
-0.4285388146240844
-1.0566201473133292
0.1865561679023146
0.3746311920150897
-0.5597200848411155
-2.002965014781852
-0.6927660552794839
0.9859142390939989
0.9275805458286845
1.2585518814201337
-0.97600241273062
1.7496841343006568
0.6717907944034667
0.9152568045868431
-0.06989537367365709
1.2623543683731526
0.6960932448552197
0.4786859379385869
1.6743725148962887
-1.135119370715762
-1.2839639811022523
1.201287864574462
0.4532865683872152
-0.468158526324365
-0.4915455390368552
0.6140492105857485
0.11175717524603823
-0.6882511351216076
1.8459492143241152
0.14836538332989554
0.05263241783475757
-0.6184206079205324
0.6299071713327902
0.9071015179282024
-0.5653684115407136
-0.8847533628623294
0.052460242900550375
-0.0983135072075243
1.2004903838283882
-0.5278132132487023
-0.3055648761573764
-0.547004739531802
-1.1722687160457155
-1.5022467788277398
0.11751791081114947
1.3354986624476435
-2.014664986405879
-0.15928954905065204
0.8454865227752392
0.9645927284178327
-0.4067314231044742
-1.631801653046899
-0.9109296454143059
-0.3864813609862864
1.0928588811122233
1.0506557456647199
0.9663114604946222
-0.4314947098897003
1.8065643472129824
-0.49265841511539793
0.7410890729586718
-0.9208747088873879
1.1136997978065275
0.07429130531182501
0.22877210664587655
-0.01526327161545211
0.17473620313025348
1.6199869848509056
-1.955148217018962
0.29186609833882715
-1.4955873239350097
-0.053848664601255335
0.35699920986924943
-0.05678689250761169
0.6026964723226497
2.3994977749590922
0.12062107100054743
-0.8433959081691612
-0.3103288205442953
0.5292498451003059
-0.7155831418525629
-0.1373933013597458
0.4511232786229388
0.2943442419577535
0.9371253037558722
0.9716366506834798
0.7531804453543826
1.5541886473064757
-1.2083273989026964
1.3067593001419235
0.5191503981428289
-1.9261191720335273
1.9956993888529253
-0.3492838505896385
-1.1531620666837286
-0.28044295344881887
0.7318777804380652
0.8766847898533962
0.5042082969842372
-2.1678270746557535
-1.5707767841097051
1.3601373224194577
0.5070644942560375
0.47807081998540835
-0.38555664192957734
-0.13314448361669007
0.11529071688171014
0.5379762890655448
1.0293054781184536
-1.6824094705836241
0.05859921188130091
0.4575407407822165
0.20672070563135866
-0.626576568143661
0.5822229792600443
-0.29377718208072934
-0.8571850178633105
-1.2241155446391474
-2.3256233012917513
1.0680084275256745
0.021038069804376832
-0.9517161534069416
0.2002907325276874
-0.06659016586553998
-1.16159579846837
-0.47634724672036494
-0.24863826331277508
-2.041755231936712
-1.6382142755513425
1.104381684269992
-1.2375022722949238
-1.202076556094823
-2.0465509512149143
-0.5958804770478034
1.974308421935838
1.038714285957022
-0.4446260306949738
0.10411118108261223
-0.8459749594647272
0.11723863721214786
0.7872562261300319
-1.5457910829457606
0.5652715476747773
1.0384450898947164
0.4658922881318062
-1.4164197487480532
-0.056623469209697935
0.01583647076422263
1.4485860445059846
0.5974794739004564
0.552003903782038
1.2254952159623151
-1.5077991672358697
-0.7487563911900477
0.7539637532656519
-0.38777806739265025
0.9738524157046778
0.5370140349238153
-0.39677171442760806
0.8213502683826872
-0.09668464199495634
1.4552199905723189
-0.14343620071839838
-0.7927886128316246
2.649642830568426
-0.17446817929952896
-1.772877632657571
-0.33385211066581166
-0.8026506728832808
0.0717404772845895
-0.44208298050080536
-0.6762254144481014
0.371882008692701
-0.35334496988344877
-2.0153915692747257
0.9172812680782052
1.19674639013786
1.0183919882987318
0.938613760660858
0.7160148402710734
1.3889604180673378
1.2399728557061223
0.5763404786802653
1.1299736417940842
-0.08363040229150807
0.6307254635288253
0.30020807044013587
-2.207856953346926
0.3225888937942445
0.935772827071245
-1.3396010684864963
0.1854070305364834
0.1981758994701521
-0.23409082018779875
1.28897184936006
-1.8710271021615845
0.841553578965891
0.2795236776753013
0.011221749132501827
0.28273050651022413
0.5060391622183376
0.5692882715885406
-0.0844307198259125
-0.316784082958917
-0.5817925725803325
-0.15493211210662472
-0.8030309546119131
-0.42744907420679434
1.361193922871144
-6.945970784640675e-05
1.999256031681956
-0.9476387110236018
1.28968949358657
-0.12991897620015083
-0.3661828123252265
-1.3046336810672006
-0.9803215025908666
-1.1478044129702
0.7093990604190678
1.4211338713357127
0.25242220492548717
0.9367956973138734
1.6723523159900955
-1.4173692213125662
0.3117088706498773
-1.0430431643669578
-0.627432698861605
-0.6108338429271556
-1.7227497477568878
0.8403342938079721
0.6072808226848695
0.8973756843696707
1.1224933124054899
-0.6764299103447607
-1.5881607653326748
-0.37266705091667846
-1.4528713127099429
-2.403343077061865
-0.831950472491367
-0.163695055701098
0.3501789359214813
-0.2774103618315686
0.904048768008399
-1.7996100654706517
-1.045519111700926
0.23049356218463887
0.3347095513291183
0.8984162345348619
1.1754004066139785
1.4655887794195814
-1.5329250879728953
-0.7570591324488168
0.2933221642375539
-0.8299209730316469
1.2009688177296096
0.5350927068734184
-0.3689472646815648
-0.3190228212499878
-0.0659697183466321
-1.3068037653874636
0.04836777927461459
-1.0044267464206325
1.6195964096738014
-1.4457827348673191
1.1782898340018948
1.2829082545647528
-0.15939202174324238
-0.2668145881805456
0.2881514127860343
1.955443639387739
-1.0928043125845084
1.0546437255636387
0.2436427461969179
0.6870964631443253
-0.48068279446744405
-0.16606712166277143
0.7090462972634453
0.5134337345418135
0.758389432253571
-1.4792907910368636
0.14426315025964614
-0.10060676302878387
-1.2583688628920584
-0.17370376480705058
-0.07900912550521409
1.5301788824078846
0.9964646093477069
-0.07038171093853357
0.601452233976737
-0.10844601744457828
1.024254026594186
-0.17237076194904133
0.4737476544289239
-0.20365363692115632
0.7397797954962978
0.5370358893960868
0.18401025120620942
-0.25634103346183
0.7398405822745419
0.0673947751949129
-1.5045364775389265
0.8949548660954232
1.9807867947845221
1.1747772806796535
1.5931541991862002
0.21543704783748846
0.7059326209996182
-0.12968723310705293
-1.142158986368733
-0.44820793160669203
0.32109510025774796
0.15906540975210934
-0.039511068768087056
0.6984834022237149
0.35063033910284347
1.3709573952768002
-0.34741205596706165
1.700180961226605
0.9649516809170826
-1.193907129820072
-0.4328685396705578
-0.61876984699811
-0.21605210121699894
0.7707891724694593
-0.595517650141496
0.10716597853888639
-0.9808336867009855
-0.5835444752238861
-1.1320574829280496
-1.0291189273444934
0.9615213053948766
-0.4431104813323582
-1.1994126648968397
-0.9904231492500164
-1.7713659136034132
-0.844369813603315
0.27604251282800635
-0.40691352184854657
-0.3713230627683472
-0.4713590154084252
-0.01071007523524765
0.550783466985018
0.9245047607274408
-0.6883139864327025
0.47212496092590633
-3.1237788569847127
-0.31747546361223444
-0.1298801152011157
0.13562260564360368
-0.8251505353891492
-0.5311901549254575
-0.6618783039415608
-0.41312845828332356
1.408421423711284
-0.12143708832155936
0.035026554105172907
-0.8490287960166408
-0.7276631547614001
1.2717716987826442
0.16886419143482453
0.7988995009958504
-0.6315237825242171
-0.08501631809200803
-1.111668542965957
2.0390697032231926
-0.8275279450235329
-0.46985037346124925
-0.5388254743691354
-0.05209918232485694
0.6699351685943493
-0.31548576968979636
-0.9812352790216478
0.1715283370731161
1.8268388068734018
0.17484159592142012
-0.7822290436696732
1.7559348869681275
0.5979288087394944
-0.2105220496643074
0.8057602934245398
-0.8727732626938997
-0.757821075995249
1.2345802901057321
-1.0455327183488075
0.08742454676817629
-1.1980798113817592
1.0116575827220633
0.5013997512365911
0.6113099935525578
-1.6264813509042282
-1.0387856140886904
1.041199280027594
-0.11903759680161852
0.44067364598872144
1.1245910502389207
1.7848436542508792
-0.44215672712739873
1.151288243883506
0.5164483816367099
-0.8969728305892952
1.4418795840691816
-2.5519428909570396
1.9435965293800985
-1.4937178939213847
-0.12433081688191498
-0.5660771327955508
0.8982332633989462
0.48395016145405956
0.2535118096714515
0.6906793210998715
-1.6254332337886608
0.22018108244590878
0.45376389562307917
0.6306712951598461
0.14772080468173687
0.8323302675694665
-1.6919557355518893
0.22120680687012964
-0.0888183076129706
0.6497245743200554
0.05404362961836995
0.4615416519709367
1.100446790321417
0.09220049556036163
-0.03378444654529364
-0.15072753588674778
-0.5689271849103965
2.3377795786059274
1.1872807834001706
-0.2671528469101069
0.29502834928625893
0.4943485575790491
-0.8894230271730201
1.3074386551181183
0.9685570848314063
0.15026126492748965
-1.1284268789884493
0.257096940448755
-1.3650836862963507
-1.2822524713020123
-0.3028680181950664
0.6004696566659562
-0.3671576163520184
0.4525725620958408
0.35415659978232283
-0.5315923046331961
1.144197376572545
-0.08008326116908156
-0.6578571782852213
-0.851245722168572
-2.324226986341722
0.5283063433776357
-0.25701255493529956
0.18685563228905197
-0.7599292837090613
0.9163901217670566
-0.7751805031869133
0.09164440115846878
1.3068484462575496
1.994107860815568
0.605974142624563
1.8710895876795743
-0.6109859337217495
0.4196071682466839
0.5381533242923511
0.7176349069955171
-0.7564756170208323
0.7814842461998467
-1.3865813576829535
0.7343402681158894
0.16958394342972355
0.8677545426582396
2.1559505216640322
-0.4804524743759133
-0.696067735180662
0.9640504098467623
-0.40381519472039024
0.2079398736105445
-1.5264587687000453
-0.8731297110119453
-0.6435849729921906
0.23287576099670163
0.6172078023571496
1.3867544088216377
-0.4299999840999649
-0.08372755457611082
0.04854602913495966
-0.3544939839034041
-0.28777201052017637
-1.3898374216892635
-0.06457083567749401
1.2640730943134544
0.09854894124278905
0.49328755260403007
1.214126482893048
-1.7256714969422207
0.9233898973025638
-1.413890041989586
-0.8884032992614683
-0.42673497167825203
0.36625004328678806
-1.877967999296556
0.5291175065498859
0.6163340847262999
-0.1384811632241995
-1.2465011697477362
-0.8751370346522563
0.20374948370935916
-0.9345132601679992
0.89159301223763
0.9728405236875431
-0.6457169772229083
0.9762836870100698
-2.3001559219730168
0.6523061952429866
-0.334756699551011
-0.654121856159379
0.23850375280619565
-0.2688539980635543
-0.1692124456913303
0.17211171606232495
-1.188785381473699
-1.822168275935197
0.8026475561284564
0.30743806775485505
-1.2856573519907633
0.08459498348291253
0.95108120702441
2.25104882481718
-0.1940398323499449
0.514077099335288
-0.0012107755156104143
1.390629045974686
-0.043506704284563304
-0.018372293381766713
-0.005063530063489939
-0.5166255289551465
0.47922127416010074
-0.6641893179891037
-0.15639185613460524
0.4422967913823771
-0.21044034148282584
1.2626317594024112
1.8221846461554472
0.8536901228500315
-0.7376406495857325
0.3820407945770689
-0.15828852496258344
0.6130229356025685
-1.1009571768395352
0.92205792510644
-2.217205127116129
-0.2277513180656637
0.7671627627083994
0.7253836290933688
-0.3260722771684668
0.07230736952869851
0.7568629121373721
-0.45247098235033306
-0.2833501513991914
-0.8172612067139049
0.11795220822824971
-0.042401509536645246
-1.2678650599853527
0.6713551238346692
-0.5531288415342752
0.840395617810212
0.12378018971186397
-1.1373092771961693
0.7817359442508134
0.07867457654162362
-0.44815475781253405
-1.3491281085078162
0.556704789048972
1.0911293935161115
0.1837577410819793
-0.22507726482643248
0.36096292870631125
-1.7720519112461224
-0.9347237792136801
0.4705422285293816
0.07454597803955935
-1.1458115864474043
-1.6143285306925657
-0.9903776786321484
-1.6036986159185844
-0.06761332812977479
-1.4054612786856124
-0.9508173254543738
-1.2782356578188343
0.8400273093468728
0.30113452281750686
-2.2059959548566987
-0.14031871835767865
-0.3480486579614398
0.8791836728836964
-0.22821888195531875
-1.8306020320969547
1.270174091886005
-1.4804576813717947
0.6002564863046453
-0.9592107216788156
-0.9872186380366651
-0.15734249468289696
0.3291634990565272
-0.14133143312050064
-0.008950873287772297
-0.5653944020976602
-0.2827276902730216
-1.2887781177155597
0.5217816508292079
0.5128218768087747
-1.1798113777776784
-1.0136161851020067
0.22703757681478726
0.2538432746141418
-0.11100521091243039
0.18511506648933043
-0.669703267779793
-0.22882919189787754
0.6748548782304816
-0.6378426794893568
1.2631230095312493
-0.4421878451050867
1.6560554758227681
-0.6318091229407432
0.7742400478822857
-1.1153093610560858
-0.4167045551616874
-0.0422136537323978
0.6748745057374894
1.0629135293396823
-0.3651481007707837
0.7708853292518628
-1.0746715189248428
1.3887717077538009
-0.883072596565202
-0.08387019356514322
-0.48892980892855836
-0.9758793464901753
-0.3098064054069066
1.9501095881245853
-1.5478031022676844
0.9800361479772628
-0.01979034992917732
-0.9534867942942687
0.42454431686635147
0.9053597212468775
0.48776359937792746
0.3814854972240588
0.684270952610782
0.9325272441777338
-0.9338909991757236
1.346705308244842
1.8192863225481737
0.04162774164170281
0.3914376718699213
-0.015893917360751263
0.8659178591025383
-2.2256254753315017
0.31492006289113844
1.1585285070057492
0.02616184701329784
1.2135602465761748
0.5137139317176728
1.2427261449392244
-1.229317096543189
-1.2643192287382803
-0.9822458852304762
0.28096686126898995
0.08354368552156619
1.7072801004780351
2.5601357452624276
0.2664419297318794
0.23198058657559442
0.3713618384948843
0.49395967874573593
0.25985342580082366
0.6712524455647925
0.888049692010267
-0.01044036272060071
-1.4652895148747016
0.414328994915277
-1.0253776734948892
0.3734358174867611
-0.31345346040920447
0.31707512191963755
-0.024696048053881873
1.1666763651794532
1.3355903071473374
1.2789897699932251
0.6736113755220077
-1.800900537202127
1.1816174809288735
0.09473952911862395
0.318381804073453
0.24370604128447304
0.38367504232993493
-0.267817278187592
1.5556497169680592
0.7906265530201916
-0.14578594095780717
-1.3328142605954754
-0.1211356118491675
1.845941685734683
-1.250095108815896
1.0837330402832277
0.12394216852425084
-1.6182288309127535
0.22360057603398897
-0.3767327060865396
0.5615187498531952
-0.6176362599863957
0.6766354503005466
-1.074110639412385
-2.3251297870916403
1.3247789693139334
-0.47236045301386687
-1.3206101275985467
0.18808813983313616
-0.564574521253985
0.320963612314359
2.2533846245536635
-0.3283060729048479
0.290341826907152
-1.5579673362039848
-2.203752744829014
-0.6809471869802226
-0.042940401359566865
-0.21974425814654847
0.4516112582788355
-0.4197588197415489
-0.749583493682377
0.038065676548186614
1.4252102899207661
0.34208651384243255
0.8001632267528863
-0.5088932036331173
0.6085517489289292
-0.5755952669810505
0.4128906631950507
0.12209113257517798
-0.5758140761782387
-2.4246215348064197
-2.23549697248675
-0.05471072914847805
-1.2576435871821696
-0.05695497193482044
0.08077041040602723
0.5333136032625205
0.04589803186777479
-1.6103179801739016
0.4001462742829444
-0.8486224560642904
-0.7092659417381966
0.5312700294453285
0.6381827599028805
-0.10243748939515009
1.3501822172611888
-0.3768769543238958
1.492953655617422
0.8607216287624864
1.6282882132709382
-0.4351119896004937
0.04481013221357827
0.41099058052122117
0.08880312753194015
-0.9717442525156337
0.13834154477360408
-0.12268188467753359
0.9827557087354656
0.3944597665040721
-0.39923777057616294
-1.5955854075503069
-0.1025607700858513
0.38616965302453865
0.21285010045036906
2.075982981976971
-0.7604973111351236
0.23919883241177942
-1.6442592539126273
-1.7784255830631865
0.8987860724739055
-0.5952646921182669
0.921809171154114
-0.2946046501951975
0.5418743924981126
-0.11747283394025915
1.09325620090707
1.6198732526835442
0.04963790951619228
-0.9074284648697301
-0.5338048815917926
0.8405620592168702
0.369759053696545
0.9915768392675205
-0.7534832032814379
-0.39111628057929054
0.7836812424662459
1.1447651299760238
-1.540785108801732
1.4242954043945009
0.25798078881947417
-0.7145355105862461
1.517274872055353
0.026352682225190844
-0.39586122027407034
0.5060512499401106
0.3576406437438116
-0.24418486603791256
0.008534522404859468
-2.149212934043323
1.8474063753634629
1.4815344819915726
-1.4444210788936391
0.5392695509029115
0.7023836001502922
1.3876224939672634
1.130043830193181
-0.6485414424107853
1.1444514037274103
0.5732928609359276
0.30070409516850005
2.7912860597025664
0.6521681135451611
-0.4924724956515637
1.4422369124265364
-0.8042502462152237
1.6444179828613847
-1.9937293550671444
-0.6889112350173466
-0.3030981860376697
-0.19772000121232192
-1.4084231655765458
-0.8825096152647889
0.7755416597795476
-1.4317217830976932
-1.1066766168461173
2.0230810426754706
0.8560304922840273
0.10459534809901885
-0.4778768467859493
-2.26425769144
-1.2200052622724091
0.17628205948828554
0.3816444851424141
0.7490180198134971
-0.36298505762427274
0.8248958155109205
-0.9367178871706076
0.5446434008929915
-0.7956886390267243
0.735317446826361
-0.25699233310673325
2.5748609938681164
0.8638590676642375
0.7693526798638649
0.6432764786506353
0.8838444028494479
0.07656524691138512
1.6092366771286621
-1.4898489945780469
-1.0657355909012978
0.1074422942316142
0.5484434852338659
0.8388549526743684
-0.04163820674704409
-0.47343674527596197
-0.5300736462959034
-0.18659594399905885
0.4162544524884344
-1.912541854314426
0.4252639104594968
-0.3576694799026169
0.3834472669856152
-1.3283987066844374
-1.7037012264791642
1.4972259045546505
-0.17599814013084958
1.1536213535941613
-1.3572092560483828
0.3468743145817832
-0.3997846424704704
-1.9667199802826663
-1.3098953004035077
-1.4793319539490744
0.16258407471120342
-0.014097903886875237
-0.08637385705045036
1.5954874818761107
-0.11814504239340401
-1.2541709653389297
-0.9320205975812634
1.3019311516553005
0.16866443145417012
-0.09401264706900084
0.6695056611656975
0.5445018501237743
0.4009599272894278
1.4249452787250272
0.7198605549168012
-2.129393419677819
-0.7665700189350775
-2.0091816781767773
1.4375097170320066
0.5163912629155665
1.6047713240876331
0.5632561249596654
-0.7729645464234166
0.7647289711940001
0.3915615506921981
-0.2736676057676387
0.21759375161165864
-0.08729522849969935
0.9023215154837723
0.3101539977607268
-2.3272596106929817
-0.8226713108005382
0.43994269926569773
0.5114822216444583
-1.6277926971478662
0.9902360288393286
0.49407450878616066
3.5320582029267378
1.2121759571236923
-0.9918239792520435
-0.5312693041960052
0.7825008678748796
-1.2512030970867822
-0.08715566218671461
-0.7665061485920277
1.4731807756479187
-0.6995158942584917
-0.4901914242413546
-0.4972590731818102
0.7002831806833764
-1.2604091054551432
0.23519064639683646
-0.3872911510296957
0.17438071281882128
0.7853130429390519
0.13938423308992134
-0.4745895661645639
-0.8858376705425965
-0.4185383714202534
0.6341615095570541
-1.0291511703460454
-1.3965942168615413
0.019230163323230652
-0.3343568364257118
-0.1936138336871942
-0.5462676468634183
-0.49934174930396846
-0.7361487384382281
-1.2922539717096624
1.7941987333407652
1.0787896671457464
1.424817861267861
-1.1030808434777566
-0.6489012641935913
-0.876091782023969
0.6448221309642734
1.627479720990708
0.24861794045377064
-1.252413739368795
0.5448371620585869
-0.08885919954942013
-0.5567944684172342
-1.6069879527646436
-0.030845521504451138
1.3773039011756931
-1.3029807516492824
-1.3143032857089352
-0.728324790733592
0.02633709728630354
0.02110977623619531
0.9142442885564301
-1.2648078683362622
-0.2880399451118712
1.3276871519108353
0.5863541821382313
0.9265939062123176
0.8272612602746935
0.2314455691970323
0.20000918122892103
0.4523062017352245
-0.8767191547423984
-0.2916702976171464
-0.7806480954512737
0.6063681572772085
0.6140103219930776
-0.7172854323951441
0.4553087198299494
-0.30442948672009484
-1.480177267041423
-0.7437304052278572
1.7563959548166486
-0.151270886918896
0.4330869265004469
-0.010707692800913686
-0.41787104450080387
0.07269340863788433
0.9312456692835613
0.8481865948211216
0.8346224800636687
-0.9760660592789439
0.4401437894358144
-0.6619226303824395
-0.12049346858824618
0.15651246910834504
0.7906293417770004
-1.0287191825671278
0.33441796701151405
1.5158264704877857
0.5540122614165361
-1.2507487684411893
0.17176281365694385
-0.48009772418631513
1.0124105923089144
-1.2562961114729037
1.1328062421305147
-1.1068389742159732
0.6561787293103805
1.0446147822711878
-0.8391093238802311
0.6256823254617175
-0.317808910561397
-0.6095334760885951
-0.5071322130001115
1.5373167587402397
0.8330646709001085
0.29243807025332974
-0.015482463985007631
0.9928002903009541
-1.087894454025522
-1.1958747101502945
0.32607452965592665
1.3406418427662565
-1.821649474592962
-0.2903321741520917
1.6059400242295245
0.6927464197071505
-0.4897320859002028
0.756075856901667
1.0306276153194158
0.25748818454280736
-0.7141732394824825
0.498486591788722
0.8973878675279663
0.9553411835433256
-0.7380178005154239
1.9505318942568877
0.7213392547108501
0.8938946133269334
-1.8827489267307025
0.019571683931118522
1.444094699378163
0.9181055582553074
0.3579218543666918
-0.5183407975452621
0.5140504810319763
0.8671430441585306
0.2296126653569349
1.3093148557105487
0.8605925801047519
-0.21110655775370069
-1.3462034210931955
0.7813926214840047
-0.6419872348898943
-0.12320481559594315
0.3449317510713617
-1.213651940436115
-1.209314163221777
-0.4407358767589225
-1.2426108816325443
0.2767934413296295
1.021003696297868
-0.06594674688682625
-0.38586969477866134
0.40842649347317644
-0.32614229997423033
0.5735997978847688
-0.7197457854969879
0.18849409996934174
-1.6962182124794314
-0.07292376505769622
-0.3241738490033606
-0.44443375342758207
1.3209900704712036
0.168886889698243
1.2460539044739072
0.019314140652719875
-0.2329519948932861
1.0504089853514642
-0.6880217638610813
0.7095221641363304
0.31314605521414435
0.7396871836725053
0.994328305603506
-1.194295080423518
-0.1397374461907168
-0.5724403614151109
-0.29817471537777146
-0.5784454020482541
-1.3042328368602096
0.8768853049997921
-1.2009027639427399
0.4557815249551965
-0.4290736756121582
0.3163135442865928
0.7435678827977584
-0.2860205614075602
1.8200190250699138
-1.0200855535733524
0.8784509097888112
0.689509770567915
-1.2070846904264274
-1.8474642732018913
-1.2866803004382503
-0.3466022619679225
-0.8102877751829909
-0.02572711649005031
0.24780492400685866
-0.587831974860263
-1.2280418558250252
0.6738504007058077
2.0977582598090803
1.6671270618332552
-0.2494864090490633
-2.213807392038163
0.2846817971370364
1.1354293915245484
-2.4849807347231025
0.6692918226581458
0.5651979421591296
1.971540780768626
-1.0821833874532503
-0.5052006345335773
0.6676090913530023
-2.204536872314967
0.538660818978205
-1.4666410179677565
0.2375873579590415
0.22533128747255346
0.5356548600233335
0.7005531609736568
0.5555316864958197
-1.4986215245779637
0.9737015110123406
0.6878938658629986
0.1586388247965971
-0.3809143920391396
-1.1428641736683465
0.6773650658444859
-1.4739362216729042
0.5992812454116672
1.4712766638962664
-1.521882054866924
-2.014242659318521
1.3472612606287744
-0.27978443766113453
0.5533720023886346
0.3316495036689198
-1.0165653565535184
-0.9447011754699454
0.16906772241266385
-0.2840683302224333
2.2345793875680657
-0.6038015246815274
-2.5023876960204308
-0.5625777035454801
1.1087396299492394
0.8234485580594871
0.8960489919136058
-0.31153125936638676
-0.0827319704786805
-0.03366697685813756
0.9002545920310463
0.06565061890104323
-1.6526233410919047
-0.6599700441421501
-0.004521542375123239
0.5186431096264951
-0.9356886068708894
0.5688077266875442
-0.6896700240789986
1.2167871021459702
-2.2759449692901925
-0.4284080213803257
0.035068542156982616
-0.10357061585193628
1.0616110998652797
1.0250319845021758
-0.5099454614290625
1.3106736510699124
-0.3481170179791491
0.36368359349354895
-2.323098881339222
2.2131236642885534
-0.31971711137265985
-0.8248046839062707
-0.026999461811175494
-0.7046485457181384
2.90082086231121
-2.578923978241399
-0.9870428529747981
-0.2914756465860877
-0.1757729304223406
1.0915625148737307
-0.7239407385801593
0.12590738711210506
1.0252253089893637
0.6490413536113396
1.433397808988662
-0.938511311532423
2.5648062840210395
1.033180166624647
0.23368677921897082
0.7568154347501189
-0.22583817376623383
0.504805110919467
0.43650882810383146
1.624401191151226
-1.0856423959473889
-0.9520782794707078
-0.8045515611750745
0.7408061423323451
-2.137746231769547
0.9828152275784616
1.2578949284850607
0.4184678258415035
-1.2000555009013825
-0.19541539987785145
-2.2099574613164057
0.2371420923995883
-0.41356936575452913
-1.4571707269643832
-1.1596527230293787
2.4788767577413586
0.8407933495937054
-0.288925447139037
-0.9876675202107297
0.7442294527087864
-0.7931102835119589
0.9643997742068222
0.4356503940482364
0.11701881837636195
1.1401281101361178
1.0907590568628862
-0.1855924382845183
0.3284582907701869
-2.2472317134837296
-0.14848881095833733
-0.5668177609468407
0.22076168832550816
-0.9219562408245223
1.0528554433522979
0.3216954737408884
-2.1262368577843054
0.6521864920452041
1.3412265037145221
-1.2947427799602869
0.021961386748418243
-1.6283946783099394
-1.1233350951150094
0.5587289026416314
0.9280065453513011
1.026031597469958
-0.6297970442862694
-0.23724886213572863
0.21530030357581292
-1.4251832700072318
-0.2693195383196717
-0.1984351227079547
0.08979699025255289
0.2560508393620095
1.0917922303575867
0.042553118763375475
-0.6304588303587698
1.6306512951431928
-0.5008345446389355
-0.2031295079177677
-1.8617056178645697
-0.19768404012602725
0.11625210244488038
-0.36433123727813843
0.3868826881113048
0.08918449270394306
1.0348177494323085
-0.5546283591956274
0.5022642798837469
0.8247842004248548
1.045484341618498
0.15310668421106616
0.8250439632093599
-0.8972674811581935
1.2426725232441915
2.2058321950145086
0.362943000521087
1.6471230293033903
0.37427425580808904
0.15666033965632362
-0.17761822954626655
-1.1309266914174807
-0.4737070055002654
0.27106363053497956
0.9005669208006069
-0.9348289384707792
-0.6676748465010292
-0.12829242067345695
0.7478376913285535
0.07605832911286568
-0.8806557700899379
-2.0702414995650167
-0.28995759841127067
-0.6841325903575369
3.3085997638604465
0.07043411252253363
-0.23786937927768712
-0.5183172284812879
1.0707099346338658
0.3770211552132389
0.8547352585631725
0.10091782134218714
0.4782035071200483
0.40081499757187056
-0.0740656366495013
-0.6907921250488999
0.10750757169625877
1.0515371776681708
-1.3960562214671441
-1.434128443436945
0.9818995802045823
-0.10184768126835667
-0.8791137036815284
-0.019599939087813708
-0.6965813813646402
1.0878474428921188
-1.0192978377671238
1.0922306634748593
-0.45520730973519435
-1.8487151399331638
0.5259825268441538
0.8721186855884775
-0.27487101736775116
0.23041444635741476
-0.426253994872867
-1.0238446249313484
0.981083814354463
1.1537568202896222
0.2142562842616889
0.4146480839847245
0.12801156409737963
-1.3607419431643193
-0.5190819883683602
-0.41455075130915897
0.7408317607537213
1.0387627320379549
0.75396453406852
0.07275696144458371
-0.38748638708456096
1.2751423158819053
-0.26852840551875545
-1.0889407399777689
0.4938486632216937
1.003149392057826
-2.9529952684838543
-0.2645912668899844
-1.1252304153906267
-0.6724572888839964
0.5165109200031753
1.0554502829174188
-1.3150020590174032
0.3235168279303547
-0.18368061546231082
0.8949854832730033
-0.9852317209494941
-0.09229023538527288
-1.058650713850492
0.49559926139304994
-0.4226982500132189
-0.20957215249397315
-2.325318346300551
-1.7691889982696674
1.3792372438512017
-0.19808315945169236
0.17206268482117631
1.051519985125704
-0.3739136727950837
0.19267306643521875
-1.1012727097303485
-0.5998683481304865
0.4179250510498638
-0.47442859446425795
0.6670993139390594
-1.0924391821685506
2.3172334585086425
1.5054711467330328
0.5996829630424081
0.22872302797650487
-0.7922374874375098
0.29514679532357746
-1.553297302461613
0.40131168202840095
1.3667651922904374
-0.06463471627975939
-0.296966760950281
-0.38284821186878404
0.588356751370747
-1.2684236555165458
0.6536209171166869
-0.05458113849724275
1.213640403197351
-2.2772271324255717
-1.0134984571948609
0.32473228932110354
1.6897170810862363
-0.8348295975878008
0.13349308688290323
-0.9777273616177303
1.4874790621969654
-0.09747684720631374
0.5208839902825044
0.7592031672613939
0.9071018340403264
-0.6336594159795054
-0.3162364714523003
-1.9023820317228608
-0.2514253685233339
0.09460246488403479
-1.0760477732579108
0.24600119714830768
0.9637532097200305
-0.5982577882242125
-1.2111890185460301
-0.8286786240849121
1.179286419834835
0.5728075395425789
-0.19118613357648534
-1.485665122944448
0.20867668426206323
0.5303745652669231
-1.0748783583553172
-0.7587141264231282
0.5507219887585205
-0.8231349713075075
-0.41153567798625657
-0.0774415142904649
0.051808801906827295
-0.39918260153885654
-0.3813553094069713
1.6729857744691266
-0.06860735282402496
0.18962194787995196
0.19156288575710717
-0.228228002388654
-0.4823184865380008
0.7106166954344858
0.4257002587089652
1.5527935954397627
2.222917273741441
-0.5225201411001967
-0.14528999346453006
-1.333772880666648
-0.7556862793127107
0.5933800494212687
-0.26662250364080364
-0.6269383722404775
-0.6295399913234707
-0.22411773028104964
-1.8842225035588245
1.22985440662698
0.39743855300212805
-0.9479482672903609
0.5269907780397354
0.13533666335923486
-0.8787011593540903
-0.8545782096212633
0.8050517768424496
3.3189551264946933
0.9964823819306124
-0.9896991236807866
-0.7810102532055793
0.6126704065830056
-1.2431204215278486
-0.014243410925084585
-0.20247471703193926
0.5467361075154702
0.4284196574504778
1.7789062181752189
0.7778826491506461
1.5359901250628751
1.6783732940902223
-0.9122905177996261
-0.2279235205909859
-0.5378617025308279
-0.22566240354464473
-1.3707147048589166
-0.49944408251360717
-1.448390578666381
1.100065289003593
-0.034095621116648954
0.13680238367625341
-0.19679996041034586
0.05152160708711278
-0.45339314524169927
-0.8646281044508117
0.3579452877044823
-0.1713186271759041
0.5393601111619752
-0.3072001150703221
-1.978657153638765
0.15605024447227706
-0.01547251242761214
0.7390153569912453
0.6697036770716372
0.7367983105692033
-0.09117996572305308
1.2049726492991657
-0.23395430915764617
0.8424713538125517
-0.039351395726143754
1.4272468168999863
0.30338453542506016
0.8357499590464423
0.5007228812780613
-0.4854700539307397
0.5817299591709352
0.17934193377286634
1.6499089075238897
0.7991979201179541
-0.8525160464063931
0.9865422381659203
-2.0425963910761658
-0.4216146093407808
-0.8633809666578484
1.155334629085647
-0.37467937445886296
-0.6401061427494632
0.23891231493046894
-0.9486392256739884
-0.4854116807813245
-0.7616427849869877
-0.5842596738787705
-0.18300597344195302
0.6898204487958909
-0.6723926417379245
0.8304459749989914
-1.2539298770804064
0.8926628110858335
-0.24922936008343152
-0.3002114040479791
-0.9717418075336476
1.068823601322476
0.5987886778434127
-0.39280598213481777
1.4872644921204918
-0.6052433274948954
-2.128568918699731
0.17713356102096794
1.2207663896132674
-1.2247511498385952
-0.8011733997186493
0.892338669014854
1.0513676138160362
-0.358926663484354
1.1559727697401758
0.512073990622722
-1.8088311267868877
-0.9054324783651552
-1.6610127619884936
2.246320840967517
2.141541522721448
-0.23219963689062903
-0.7854973574678101
-0.34549089711935665
1.2279214717206863
-0.25959218924544547
0.061639290109221326
1.1513741479067525
0.8327710592336462
0.8660053854160514
-0.7935876395461684
-0.4487668059320623
0.019190780892392553
0.2639336786115667
0.2878536002882176
1.3299779292327458
0.11566462922148348
1.46068222811896
0.2042057470460663
0.7770578169138233
1.189314565590666
-0.4004780778896308
-0.30953759218793825
0.8449626732717329
1.4524870542627226
0.3999517879981267
0.21929250820205562
0.1487843918435107
-0.723943379333069
0.38679790060752006
-0.6817423613122227
0.26919032200120624
1.0444024291642215
0.03695777942682991
-0.2496331598258913
-0.6640623750227275
0.2157297391185472
0.10837913300261576
0.029269800389958224
-1.823631374886382
3.1142933550706604
2.588655211134562
0.8904941778826825
0.0014417605921663895
-0.5833885444096835
-0.7678987749583345
0.024826858771647874
1.7637520938105529
0.47049640901484513
0.31753796019060476
-1.269139142189522
-0.533963388165867
0.4159042324449226
0.7942911501525968
-0.4858993071351322
2.088062229102528
0.9597438175367963
-1.510920569893745
-2.0246796615602807
1.1098381949990814
1.8034726012241624
-0.061248310954059325
-0.6153058477900065
1.393849732219464
-0.42238246805081453
-0.9721703709249284
-1.6891918866049442
-0.692694896667191
-0.6579894376539025
1.442407353555457
-1.992397127799011
0.49543237395294154
0.14145662537548476
1.5359652825513022
0.09841050738339446
-0.6682125037055693
0.7141590707418705
1.2309638373108192
-0.7285565181033297
-1.608959257040865
-0.4783398788019467
-0.21180707923473285
0.30751417900660416
-0.03988369150866005
-0.9884840872933693
-0.10089071547593448
-0.31882394698355404
0.020656056710363493
0.657449986625189
-1.1841650852067012
1.2547598704342078
-0.7151473008494892
1.4965943055320137
-1.0312931479746552
0.898096158867593
0.25961422410870283
-0.5533946193225925
-2.9408698389151446
-0.4671827545945917
-1.1325470870605014
-0.5865154946623734
0.07140861264104027
-1.0007235337835134
1.6539594932981196
0.7576826015481553
0.168417076098997
-1.3800507531037167
0.4970070622693435
0.4562188272871317
-1.3469495289832436
0.7607907776546906
0.9679406005334248
-0.9350037811218171
0.0391554582003335
-1.845765812894961
0.5121001366426184
-0.2659839310152359
-0.8830476960412115
-0.08265535163536447
-1.263014229949479
-1.1022039909904242
-2.8108838190125427
0.29462172367385975
0.6415270230964004
0.7339743172359542
-0.7523956702939506
-0.09969986610378381
-0.3864137013676897
1.5609165689769542
0.19091190757202278
-1.2360780415813655
0.4121392915177406
-1.1591896138729765
0.7853111094733719
-0.7705762864042145
0.6641504344504215
-0.3698390738553886
0.6249442047695839
1.6750517748846
-0.6382753774448175
-0.8313972449489446
-0.49001315897872305
-0.2474739671226663
0.29705094423377193
1.0377545025488832
0.35293525729431585
1.916616839573345
-0.7426623510854663
-0.9844932912533708
-0.37065756959616736
-0.9819196607209586
0.999701345852849
0.26078634123988115
0.7495326953619593
0.06846275710727998
-0.9007567852356237
-0.4999547592411306
1.2567570359705436
-0.17969883125942945
-1.868961166179572
-1.1331553455643502
0.06935162798118302
-0.4715077425008432
-0.11202329194412654
-1.2620715278411936
-0.3829893379524883
-0.6667398835784304
-0.04880602809239146
0.3402966440120432
0.2583219274556685
-0.45259844788148085
1.8783590588775172
-0.19710463577568368
0.37904388832442476
-0.5515105640078907
-1.0270666513116131
-1.2238707975019087
-1.9342157532270168
-1.0956687977695254
-0.8108636827683839
-1.0048234483401066
-1.0258741512569423
-0.033572723469122254
-0.28483302954651996
-0.8859777237262478
0.6224784227829964
0.04748964820197358
0.047133163412349924
-0.5721073187806945
2.478057272462247
-0.054248202407137146
0.52177173842622
0.12278997588918973
-0.5216692806156558
-1.7057031562720462
-0.9103889115640095
0.556993295022367
0.7620498291516831
-0.7771163007173923
0.40514618035066696
2.309509964460436
-0.7487293368684058
-0.06805494219164396
-0.3770227366892608
0.40806738527529507
-1.4237141242241216
-0.0043145353471635275
-0.7035074484247296
0.03880793496515443
1.4956129816994916
-0.5854420490793759
2.9819935172204035
-0.7904541848153359
-0.9655435821166709
0.18474427995233048
1.1835222761650372
1.4240603153238744
-0.24686009130392558
0.1263419286583766
-0.8425979127646848
0.24771068043378006
3.775743477705267
-1.271778865636027
0.09793456983183382
-1.5242259408332892
-0.7643624129381814
0.6136556634053616
-0.7399246509082144
0.8787555311232945
-2.2522342251201457
-0.6131586922540868
-0.2348283798936109
-0.14165948602085945
1.402118384912097
-1.7308769349058974
-0.04943511919672208
-1.0992257788508055
-0.9501371986286596
-0.014536510390500156
0.17295687480597458
1.335109781349745
0.7844296895954721
-0.9111295720261413
0.6255917110124569
0.1409423996288308
-1.0777020456879194
-0.17458006829291176
0.02524209882488024
0.7191982602143673
0.055605993954725104
-1.133329521922647
-0.37750273011257285
-0.6507788028561733
0.0948282565233064
-0.51781923430926
-0.17537492976783997
0.6463605696566892
0.23620010720438941
-0.5612098539029337
-0.5890749575163483
3.2645386408005743
-1.5797032091691416
1.3609467452632902
-1.2152574521341708
2.349249745642188
-0.8175426982711341
0.5523620886761714
-0.011513465973400593
-1.613904202078097
1.5870066887332268
-1.5939552816733644
0.15882506173558933
-0.21228608917724087
-1.0730583919553527
-0.309873342189768
0.4542634434492881
-2.00955213259365
0.5298721314773798
1.7342708986287434
0.07266461578132374
0.43664311360634406
-0.5733752399394016
1.3379002557593247
-0.16616352237011908
-1.5069255080303952
-0.2012961597123317
1.1241592996012129
-0.5426928864407741
-0.2713927360777261
0.26048760273469296
2.6142979360576524
0.1909609514978442
0.35380114038961635
0.4179367073382726
-0.9342541409227192
1.826609685471941
-1.4487463880206772
-0.2642249733130547
0.6507653024259573
1.0407140946731204
1.9570707635283138
-0.010839007629775825
1.4342925762506968
-1.1837209687513077
0.4529420081012641
0.25475361815530034
-0.9893709383569069
0.25395268677444727
1.5677191404571555
0.010858489101277995
-0.44864553135090984
-1.3991102475496244
-0.3206008626262444
0.8658227160433641
0.18931953462493872
-0.32360730806961285
-0.32768005477758744
0.15636580418751508
-0.5374320131920886
0.42011768790251025
-0.5662696744169001
0.07256465247290379
-0.19394988515736367
-0.9100626441249213
-1.7180459201286051
-0.12805891482999457
1.2042270226767924
1.1719059225868174
1.016469613926842
-1.4395241838444233
1.4738718644614253
-0.7308951269784983
-0.3420823957608851
0.541756921857269
0.29974819524797036
-0.010271451072146661
2.1214245116507358
0.7844405821612017
1.835375086347682
-0.29532874503826073
0.4857631493101092
-1.5656588280800654
1.027688649393806
-2.8838160508695165
-1.02533765024241
0.9054430164409686
1.7834318706060006
-1.4487284495593213
0.6460360020360446
-0.738925132545365
-1.768466886658774
1.6000491381330881
-0.7205981450289942
0.7651572473595593
-1.0361606694305199
0.16132036865031912
-0.5342268653983833
-2.4240848771926777
1.0119837840988575
0.43719441266256004
-0.15286465670616928
0.9396009613980738
-0.6723703202108116
1.0328875994218014
-1.9176523302724378
3.2793924434107655
-1.3294713817414758
1.5815332806050115
-1.0009294441593053
-0.3131500794560053
-1.5004369143064389
1.5843623440502994
-2.115016201136683
-0.23223627658118431
0.41539127709432855
1.5874018584822567
-0.7874756550254249
-0.7744538457003602
0.5505277260405829
-1.7944047437787196
-1.4610800796921084
0.963911622035815
0.20333655668000714
1.7307432852167108
1.7212790365288653
0.3196741020565764
-0.4634311601028001
1.1025113493473297
0.7279164905780122
0.5003956765933593
0.34372045728836315
0.03802833434429137
0.3453889402197024
0.24720140224684825
1.3709394304926168
0.10411906163140752
-1.8133629041480406
0.3903266751142673
-2.0303327314270736
-1.4110352520184994
0.5438748590921513
-0.8941993553008738
-0.5254298203158699
1.0846951491526777
-0.49683149563664386
1.0232107907926926
-0.14410758837181534
-0.17847967486066538
1.2683723789749681
-0.47736921895807294
0.7074769245111117
1.505059190779933
-0.8128272086622969
-0.17682378984990818
-0.20860404311456737
0.06803268980464895
0.36062008849318455
0.7308522842440668
-0.43483683447198823
-0.13909734615246078
-0.8705059610162459
-1.1627724765486314
1.0761880443403928
1.346547696336337
-1.7154653322941416
0.650977991740199
-0.12121514455480456
0.12083789788659619
1.7870127270522387
-0.8660480980077921
-1.0055558762404269
0.17194473506765615
0.8448896055145326
-1.5555092468057328
1.533143067699043
-1.1590478432984272
-0.7692758058871085
-0.5115524378446261
1.0462235443538106
1.4662535842976916
1.6279108563297215
-1.143818583904977
-1.5404586882631213
-0.5973430669811527
-0.33550794559835434
-0.05326503960184379
-1.0962261011116878
-0.4800021449605236
-1.7976779716589772
-1.2907124671340697
-0.09756987088511791
-0.22502542809393689
0.2892829222644554
-1.41775676532402
0.16909882086421457
-2.5048803037524308
-1.1422782883262057
-0.50115765609241
0.4271176045422325
-0.1364231710107173
0.7286181347820238
0.568338104792341
0.5166722514391212
0.43696892168388446
-1.2941071410108511
-0.4407741678928951
0.531537703820029
0.5638769414676521
-1.3152010492613389
-0.3197660984652689
0.27927252166519945
1.0971120969258503
1.1897840802262547
0.8040482063751465
-0.9368497607689064
-0.6716989258301614
1.5800022325290461
-1.3434492543152288
1.0939410941246517
1.7896167904108726
1.3340388317812415
-0.527029714310648
2.132988111371153
1.3455436679367856
-0.27694909177180316
-0.3311651132929153
-0.420605413153481
-0.5501130649291481
-1.1412662022524365
0.6418886030331551
0.138050724479211
-1.1228497651138527
-0.12594794384091448
0.6281332091276408
-1.3502306973761737
0.18562916607020863
-0.13494186201781266
-1.0899511725125508
-1.4700015459781428
0.3811862568085057
0.6218068235370122
0.3963806566081746
0.5429078867214393
-1.85369754747354
1.2100058187885536
-0.44472344397040237
-2.0313720695915816
-0.30013559223539127
-0.06486236905138651
-0.2939432716542448
1.2748675035872525
-1.0173439052614226
-0.09056455644940055
-0.39161544135594184
0.26687264925319554
0.43759272643109726
0.7689948226138188
-0.6242756627874952
1.1151388201812185
-0.6660980909439426
-0.4871282449408457
0.7180723598804235
0.06884991839287834
-0.19267171658422425
1.2141521196748806
0.2329662395035678
0.314566278170186
0.17172052870139598
0.4860149987787689
-0.5764002250217087
1.6067846757259374
0.5204380588480826
-1.863219700928904
-1.787821974917868
1.2979992057556369
1.839140142409316
1.1632617455966698
0.3150612648652852
0.18674568841227251
0.09022601020143421
-0.1562072977776449
-0.12704781001888496
-2.1698597337341976
1.1661009467764394
1.6469464207675297
0.7750392751382003
2.0241984903452104
0.9963975515491896
0.6740662127605814
0.49528021946180145
-0.26617141602707356
-0.06784202697279164
2.236890227259842
-0.03098600828303256
-1.4083185419530622
0.25160198913667936
-0.20902020239881985
-0.32659244465108855
0.8833061768740561
0.053634057488756576
1.1023687778531936
1.7940237845014722
0.7261686831454783
-0.9070185257807589
-0.663826606046702
-0.48314105701585036
0.27934721986430106
-0.6301081612003369
1.8786485033172116
0.29815806368262165
-1.4695244616111005
0.789059811720866
0.8275259512886235
-0.5150982169234908
-2.150710126871516
1.5860860821361753
-1.4545214832635447
-0.9098608172386963
2.0422862837991
-1.4496187252165371
-1.2203236135383484
-0.7949044664726389
0.6083367448153223
0.7283833399996891
-0.1383473101796104
1.1313085692618126
-0.25201437374509184
-0.5981970108605842
-0.09282416709677721
-0.2865261853178399
-0.3647296572049599
1.6836157829894303
2.7009802839710986
0.15465808027294553
-1.167344652547404
-1.4222416510118487
-0.9336038642490513
0.010134569145495875
-1.1400693947010694
0.8770067459297831
-2.0028793759558985
-0.4384266126375295
-3.1778363001852608
-0.4434155582209635
0.5179669090353394
-1.178898517400097
0.8503174000596856
0.40251826410318287
1.0783717401259307
-0.619423539621968
-0.8507265686430219
0.9892957937030064
0.02266947754710346
-0.879368749823973
0.8162616598898115
1.2409995559256237
-0.1687844050488141
0.6208566186875037
1.378866043225362
1.0423231661039583
0.703933427811151
0.2659739035774282
-1.1462213296960178
1.786781410648117
-0.46954322343666155
-0.9361138718418819
-1.7545720036483645
-0.141217400622303
-0.2564403277349805
-1.2363357494198886
-0.26626705041318305
0.01342293820865768
0.9619387670184776
-0.6828930899148709
0.63608745540447
0.3114921561522323
-0.3035495231388426
-1.2182329587160725
-1.1909397435625393
-0.01533390697197037
2.1432311963441557
0.2531366043645656
-0.027746528420505952
-0.9053881597283024
-0.2693006349745145
0.22184355949643988
-0.1379063802798697
0.5943973618465933
1.6280693281411802
1.0876476842132026
0.05994527502602508
0.18964854166664202
-0.6124549189685002
0.8308012135412544
-1.3203891476689869
2.3917596181122356
-0.49634002486430073
0.9216939519904045
1.343057858545887
-0.1814545347622301
0.14344884845763445
1.068689131211418
0.5696772215444095
-0.7443089142793861
0.4650728844002213
-0.5470192086197474
0.34249841255352037
-0.43410790828380436
0.11070636937153146
0.5822404237846435
-0.5333640683622383
0.4831344358432844
-0.2703588011162154
0.16341898120182857
-0.8916589310332105
1.8423413165798825
1.2300348937795251
0.19799388194805817
-1.6785895246651619
0.030662586709487384
1.1499074612403088
0.5760987057557077
-0.9677465834281435
0.30686093614586046
0.666401508502833
-0.18905453339731965
-0.7089635886209524
-0.8060736408317867
-0.08563153449620624
-0.47477557050225616
1.1107809203156402
-0.17508453374944555
-0.2896016046096759
0.353036802434406
-1.8427931398282573
0.4732699237718744
0.2085451402444179
0.9620837486124645
0.8658780685754058
1.0206756911791341
0.4656029332974153
-0.6626641202844916
0.9117068738687313
-0.9280860592761196
0.9419328313311707
1.108177964961102
-0.258913250789358
-0.11096935478183872
0.9955880683313211
-2.5677296247802692
0.6233332261536179
-0.20421174246751095
-0.3814788401765371
0.22620518455635866
0.8559198297418563
0.4162009920743806
0.6595940827792899
-2.4128649250444076
0.6273105817668655
-0.5829745929505774
1.344298036403732
0.3770922402113437
1.5508857487292491
0.3381764351941108
-0.28607864764792473
0.4330132025283475
0.16436843451604777
-1.1534731936861184
0.9043084617212253
-0.024109390605371213
1.173997065460693
1.0129967699239895
0.8400570994981019
0.04843452951196569
0.33240587303783087
0.8744204311669211
0.7796246292438439
-1.8928247911451952
-1.1583339002645479
0.04910984745560685
-0.7079863442576085
1.1156958957651952
0.6913610496165051
-0.4462291676684915
-1.261591797602175
0.7157357626036001
0.3519372672100009
1.4483819334018095
0.9686619514355393
1.048976295893467
-0.13078709252454204
-0.7563380195357935
0.7991550549720762
-0.8391229194345615
-0.8104966092615735
-0.051793710611813336
0.6289550055714402
-0.2628974650451766
-0.5513146466534353
-1.668104020879891
0.45494992816128227
-1.2473991286976471
-1.5465601274353733
-0.2945766837351149
-0.1515586505288142
1.525296294951534
-0.8845444364558622
-0.31885721713917414
-0.25150870276172405
-0.08509740681811848
0.8691013152141314
-1.4884528467589262
-0.5140546762166177
-1.4042826219064914
0.06920628882193017
0.16687058856655385
-0.059439360514556415
-0.9232567150197909
0.29652007839863864
-1.6554528333814946
-0.42658388723728907
1.207363295728405
-1.158646176752855
-0.7770387710007648
-0.022352240743555782
-0.1536658929242845
-0.2605533381461745
0.10230881935365953
1.4477489827151881
0.15762391625112682
1.0558261054181781
-0.43346572144424794
0.20652521462937704
-0.24905511581487866
-0.05188138127558728
0.2158167477595369
-0.046248353973110445
0.5671376490149559
-1.1939406385601175
-0.24691700863501895
-1.1195623756711317
0.19717574665880439
-0.24639765843997632
-0.6950109524742492
1.296682062143188
0.4226834111762557
-0.36928890149159105
0.37228914686043413
-1.2036812214921333
0.8563362682729917
0.5167418590074108
-0.25249774847638035
-1.876160095998406
0.6805470624026926
-0.36315002324183127
0.2342213475724021
0.9502332825207291
0.06863974850412198
0.8493602582837274
-0.3634536929684243
0.42068696734714406
-0.9140722294824533
1.7587350245063937
-0.7087246960524723
-0.5588144483932024
1.7125229638078012
2.022729761907271
-1.0311409509725455
0.04671419458911699
-0.9735575105739477
0.041760304869691074
0.7525398503068442
1.4730403239613166
-1.2908721571713926
-1.044357179946375
-0.27424206137897694
0.918855770154618
-0.008648836463247659
-1.179411621116254
-0.6342333870068294
-1.8985577308756507
-1.6343709825173611
-1.515966522939595
0.3203475322745841
0.5483123662653908
-0.4389805079982691
-0.04739818283481809
0.7671243132993767
0.2789081652125019
0.40361517224243115
0.7706545915641451
-0.16348235856512716
0.21983276951109743
-0.13765958215395444
1.3119896201161707
0.07761920152893846
0.9112799069216501
0.02856509078931361
0.14132939737678588
0.32141091626885476
-0.013721230493664248
0.4123526502605896
-1.0502827060237236
0.539221945773505
-1.1265532433522576
-0.8669754725530747
-0.8463052968662058
-0.7639597105628425
1.269875091387373
-0.924648336662709
0.6762060204736906
-0.6506835645599742
-0.025327800991643112
0.09789085281742782
2.0592987825975775
-0.1541106701345195
0.12347132424963908
-1.2464219465884117
0.7828435617471323
1.2369693602884257
-0.1707374619385538
-1.926533384496185
-1.3206490973948144
0.34419139655894443
-2.169078230912812
0.5071712987187006
2.023751259296519
-0.9468836625854425
1.0762535306131218
-0.8469865274674598
-0.540769751800478
0.9657849068979858
0.8718446059277172
1.1782958273424124
2.1748860467961864
0.5615673075415735
-1.7440861615165415
-0.41748403110134186
2.26902503961313
0.16654488370161213
0.8340907781371837
0.07497899116878347
0.09339037619614922
0.9416992573219616
0.9394603647715074
-0.12739807838561495
-1.1322483565644894
0.3607574565222471
-0.1843573140989036
-0.18469686523328235
-0.2907281752353502
-0.7257344091457688
-0.38547816479153113
-0.6443047002520607
-1.3457165632610497
0.010474133961344296
0.2285933894532358
-0.17185569856338537
-0.7918456508223
-1.2192905102453646
-0.4296042933074517
-0.5187503591991529
1.3568635501574822
-0.1872948900600405
0.2033298237145603
0.6391265386995397
0.050999674444061914
-0.44440821147094883
-0.5314121235081889
0.7277588784893427
-1.7182827222465582
0.8353557923930298
-0.7755507405467896
-0.14689544842424368
0.2956224832001983
0.29395576598537615
0.45014014527495927
1.3297308536816652
1.194256370872464
-0.3453598708725627
0.8776774666343551
-1.2716357463937988
1.0707967824487654
0.11145794872276027
-0.07353715131068363
-0.9025577409098329
-1.7576620911737142
-0.9644744279862061
-0.988901259980525
-0.8902733522408061
1.1440775382094797
1.4581260963026534
0.9286245133329117
-0.47223837254128836
0.5213451492986464
0.5317766180330546
-1.055694835073666
0.33633303844487733
-0.36258710035127295
-0.48766858848639194
-0.5911255971587349
1.1798404158857332
-0.09093057441723297
0.32236286433891903
-1.325239625471555
-0.4042679337900251
-1.3777659814303036
3.023603626062373
1.0546886068775194
-0.8257474094011407
0.9018855629793583
0.3919458050215184
-0.11988335023863578
-0.9500318789512182
0.8514065575424172
1.434408995878057
-0.4979353001421858
0.04879940475528891
-0.47977962114418055
-0.39500223713263144
-1.349779752440094
-0.3034832155794336
1.0163195693289797
-0.4584007875994564
-0.22748870947226793
-0.039079958691296775
0.3256281819970629
-0.8756787788172478
0.7458408628670932
0.9078130533350884
0.061697823946474065
1.119888179698127
1.5038762252576863
1.286683213234536
0.4160747116877565
2.150012059978973
-0.25374725747327714
0.5976656792689097
-0.16690935603341545
2.487343382986029
-0.5412869943618426
-1.346284801656808
-0.5046176065915638
2.3220098163404206
-0.8171817975849784
-0.2346650539788688
-0.0755809583457872
0.9197562836046843
-0.4055920042336765
0.5075524685252946
-0.2593867202574048
-0.8910980783963076
-0.13529144109749405
0.5542999404038558
-0.8036928093676475
-1.639189506045158
-0.746610369878292
1.0361448887171707
1.02264227406203
-0.6519442680594744
-0.5388846504266004
0.6807631560933779
0.2689891973932794
0.5572839925103102
-0.7413227185926312
1.3753476176171948
-0.021742087647574643
-0.09543910018266354
0.4712979311693938
-0.27764286309537123
-0.06670712307367432
2.180518036929073
1.0071575031733888
-0.06711024425867688
0.48198348623661724
1.544393907839947
0.6572351431036662
-1.217937913430215
-0.40070479366462564
0.44008871031829183
-0.6863660152685986
-0.8579507487173645
2.3960664771707947
-1.130242368305697
-0.13530540779122335
-0.016235183101080138
-0.11769217872678144
-0.1958047208883657
-0.7248599136118009
-0.4108009588728441
0.11700014769553194
0.8672732776749011
0.5641719829707874
0.22507372379353202
-0.5977117320374211
-0.07472990146085039
0.7400441196557447
-2.484747277672306
-0.5983908730485921
0.17435356456588155
-0.4191551036025015
-0.3987340033880297
2.693827249332496
-1.0727726221212905
0.9451974698040381
-0.7706275560315986
-0.5642596671876775
-0.10017103763343953
0.745085266891206
0.7944473974018652
1.4256940535842526
-0.16934669396194105
-0.49897827933133543
-0.34659105056931516
0.7289210948611904
-0.2415591890744486
-0.5482798525132919
0.12479376007732318
-0.26895020783718604
-0.5595959534551239
-1.369581022845571
-0.26599095580897203
1.4927614312031363
-1.5495977918292199
-0.31598975319384354
-0.26908156566693603
-0.21232243239799664
0.16531127491947056
1.15022522276941
-0.308351571364779
-0.43699051879258444
-0.8136201427124625
-0.7978234288972578
-0.2852624680274808
0.18380667035554432
0.3965414559415459
1.2863041480113555
0.7033795979411259
0.7661079254432015
-0.31775837049208183
-0.3656589345187935
0.45375987300923853
-2.7286420628817405
0.2776113040960798
0.23320167413316317
-1.9057095288536336
-0.053184582210624456
-0.43245649185986845
0.3889224446785516
-1.5689351341435833
-0.9983290913828236
-1.0719471989853582
0.8567327479150143
0.5668995985288345
-0.9977625923741926
0.9429343360859933
1.219152117251133
-0.17824602757670208
0.5169180122395302
-0.026642318565745275
0.027862684642680973
-1.9671336855834023
0.07659885724256989
-2.227822564538581
0.8509522131145574
0.41556562331208863
0.90503314426717
0.29469041871272567
-0.30346256318979625
0.7282460225603784
-0.3944797050594401
1.5094868544979723
1.409065558849889
0.4952373624859797
-0.27214492149646974
0.20221032016856658
-2.2921785279444817
0.4085805122488011
-0.4378690828039031
0.3814762456095385
1.154972796574952
0.8787762806954404
0.04474603758692097
2.1052141287194144
-0.03804119658161531
0.5193421209405337
-0.3896402925277715
-0.5956779086245518
0.21299741782828985
0.4274188919325762
0.9797672305710072
1.407073469209971
0.22490351106662645
1.1698430601119105
0.3171554433958298
-1.1416294449974007
1.1956998533165988
-0.6397715455211118
0.8860468399342987
-0.36859960240657835
-1.3243758577372333
0.09813951916760912
-0.9464587069510076
0.14908198405912582
-0.261347482047912
-0.7039315416925569
0.06685324408921291
0.21273704905983312
-0.7994599231372055
0.41325445109165065
-0.22824845327187598
-2.1990840188205367
1.4959190409210867
-0.694608484175772
0.41738185775685777
-0.07133723567480005
0.49475689444596543
-0.17344518780894227
-0.4518831630738544
0.13388992800687669
-0.6523593784861942
-0.2927494072219357
-0.2757426780392397
-0.6381848369893619
0.39816732669075733
-1.8147062832863745
1.0031246592101026
0.9748934592767787
0.37400493546638575
-0.5978082785930927
0.7486402441625309
-0.9265677950538184
1.2674295351014941
0.6213633128715228
0.011198500364777384
-0.029715984321418087
0.512266761477226
-0.321445722927184
1.1566104628583895
-0.42837735366112434
1.6127120324383981
-0.4031784381148113
0.8905591914507253
-0.9883921326209895
0.17151113381845412
-0.10471858378469492
-1.453780023130191
-1.1901583846981243
-1.2090054586326782
-0.2075325519895705
0.7622011281958433
0.1953225599481724
-0.6809506068983506
1.151100732902149
-0.8162847374492153
-1.6668939198527117
0.37077641457534655
0.5940403712154088
-1.3373024550769002
0.7379873401984111
-1.8089602451692848
1.4453665707375671
0.35549506508238443
0.5705836994488387
-0.3912003429020145
0.5041820001525781
-0.6522803794402687
0.3589589156928856
0.3913365261985996
-0.05539951515460335
-0.6512232582567165
-1.5718704509916186
0.7928765886445982
-0.023947652190969594
-2.0159210590725984
1.4294597915767557
-0.3227465233251621
0.056543768353662226
0.3293607587874579
-0.5920467047520263
-0.18016216272374513
-1.0381265114288245
-1.2910412918848988
0.19028475914831797
0.2672709210884446
-0.26626651601279766
0.510324110569701
-1.2986852420738497
-0.1187841058479699
0.7189274108490665
0.4125194411719904
0.26774593500275057
2.164686202236449
1.0990128102052685
-0.8550826144054852
-2.2690115603924035
0.9548950275058202
-1.4608206291541828
2.4769055741673096
-0.6379200485110393
0.32042580850135566
0.41079383401326924
-1.4178686791418165
2.1435897666940793
1.811315029320825
-0.2938965777259369
-0.4082551672174689
1.5214970935724619
-0.21482498647422005
-1.649384718189735
-0.328482123037413
-0.5335180388949312
-0.7981474641081207
-0.00041112320117741023
-0.6989655540112818
0.35517004053348533
0.7810516980868264
-0.09947464695378588
0.58039846541506
1.0647171687479344
-0.45662896932638414
-0.036013303085065757
0.7945655201063286
-1.0329408883408828
-0.9250090417777466
-0.7021694347258284
0.7525146741789124
-0.2294882664934227
1.0743794321346403
-1.7336244872587854
1.7426494376723582
-2.2115686241320818
-2.048597491039581
-0.7105382520108441
0.1729152284318871
1.0722774264492885
-0.6844031607164606
1.2687301445402843
1.7810878316258276
-0.3377928059271754
-0.08776301447806331
-1.6495525774177162
0.12498785438259598
0.8120683311806806
-0.04177538990110147
1.3291349210978252
1.0555747844865335
0.37796884016016
-0.40754131149972245
0.9004210594895548
-2.3318887510078574
0.3761821612073692
-1.896515696582336
1.7212253141769878
0.4426773815561236
1.0788096655746438
-0.13877760012697002
0.39047854734505005
1.719127066232849
-2.618505567114766
0.8336466301003582
0.3852167011735598
-0.7231499097969967
0.653370375418836
0.2980354664246897
-1.543492021978971
0.3521016476175447
0.4423514228522294
2.02286273105025
-0.017433651861964595
-0.4293993194076674
2.0511112177130686
1.3820755692066986
-1.7469609136652997
-0.8485527154145993
0.2029179513393007
0.6312698074400603
-1.5631354670356803
-0.37973386387933894
0.836826290585855
-0.18365375774631226
-0.27023612323841556
-0.11017376048836987
1.7592950098913192
0.761571367467884
0.4776699515584139
-0.6573878096807678
-0.04473356863331145
0.8435820666063326
-0.037163894433638725
0.7296566846501248
1.0308715422656425
0.03288088863291856
-0.4058381454104572
0.2309017262191988
-1.2789034883584496
0.81678097674103
-1.0783810888492953
-1.0870931675355513
-1.1991823449572574
1.1568341307508008
1.1994824790261691
0.1318830262361135
0.5749446730602139
-0.3194718614876904
0.8670689166881368
0.9571949449236623
-0.44313251834925776
1.3531774324242123
0.7169555950240849
-0.7782725961136644
-0.6699371152839825
2.0100739751522037
1.733512736680624
-0.26231649370966886
-0.8917261495284016
-1.4321883649979343
-0.544927103381405
0.8208737232467295
-0.019477447681452528
0.6782651337724428
-0.8039663812637715
0.6365536383795659
0.2825426679870846
-0.42104975217148916
2.20555016040849
-1.4370532694974045
-0.25017376793869656
0.8453703984879968
-1.0593365138354152
-0.12643161265308098
-1.0298265852193378
1.7501784623546714
0.19127591487022932
0.27415030387977657
1.2387112182113864
0.4872487816800721
-1.1653857296108419
1.6480105732131904
-0.0015504507010703492
-0.8643140956272626
0.1118621776706185
0.7273448809074187
-0.720656021079147
-0.13634515227096838
-0.07775616155318253
0.3518715407422832
0.16795115814760034
0.015037910744648051
1.5749982532649096
-0.463435052953715
-0.13383149191487756
-0.7889968432121214
1.6659996019279282
0.2724390371419428
-0.13948011502363988
0.36992890701256836
0.3957323149053336
0.7774628738134906
0.5752052586017777
-1.3089978330754428
-0.5339489480636919
0.9032285973794858
0.06245067468313194
-0.03098968162116069
1.2251131838849207
0.0902938900647961
-1.6633371638438876
-1.1128281799244488
-0.6906980071759992
0.12792437993899755
0.8185767009118292
1.013169712760345
0.25745336582898387
-0.4677829949130305
0.20353943300517838
1.1384432069116632
-0.7743007745205039
0.9296947170198447
0.10994904716072351
-0.7271834995444212
-0.4033456040703771
-0.45930825716064505
-0.0029809479470458457
0.9782757406593737
1.589223208129501
-1.172294247325641
-0.2595303279618664
0.7138225671968244
-0.5506553600323089
1.4934770795530874
0.7459939294616202
-1.0783238218644104
-0.18534535145652734
1.152505597169217
-0.14708701846064218
0.6423151598822547
0.9823207767164398
-1.3534000089832987
-1.045587946702121
0.2547753187186425
-0.2615700016442415
0.836006503104131
1.4966757008597922
0.14638672466439412
-0.12323830841953455
1.5542172569017803
1.2703819683823763
-0.12285375702122156
-0.6366917416664218
-1.2649404006645728
-0.6102934233695235
0.13173322731105347
-0.5227083913743064
0.42856191559509604
0.29585861374456146
-1.0202694632372031
-0.9715384306893153
-0.9048134690072844
-2.0142105327757047
0.22801618486966616
-0.8288817230304487
1.5630199255581987
-0.0671988021044489
0.4639380587364829
-0.005083839971551414
0.9396382664658597
0.5690452852771274
-1.420297571197317
-0.212197774473404
-1.2787673975372091
0.2764552448108834
-0.9118576955755027
1.0927561295651442
-0.5792536466237601
0.29878650669375173
0.27183441729039215
1.0922730942384082
0.11314904332590907
-0.07617864984795535
-0.8375530462690799
-0.2938003579965047
-1.5671901184899482
0.348605032552825
-0.959235482378331
0.6430197269760825
0.9261680693616843
1.4158086133342265
-1.1434691799200667
1.3818043212253452
1.120196976838001
0.17249114535679122
-1.0792744489896475
-1.2287852956724485
0.5007904736746323
-0.6409233155351912
-0.5847411631211081
0.6372348650378101
-0.08318487054916161
-3.8915768267678534
-1.27195649556931
0.8024411701150066
0.38043556792581024
-0.4109914272340684
-0.6363705433781738
-0.20209941430203368
-0.28087333255775493
-2.308338821491443
0.3472897357658706
-0.5797875811718659
0.3413310283695538
-0.5164714047622091
0.19977114111917546
0.4975460445723548
0.06756302003759429
-2.0148929166719602
-1.734326866439861
-2.340798813683038
0.6109880360658435
-1.0256234318747663
-0.7007509023426503
1.2257634325507976
-0.3612519134222596
0.33290655704828725
-0.8950662305993212
0.12981952717826842
0.14665882252052473
0.1261592409790204
1.0546433536179807
1.0656303675980312
-0.6283074158905138
1.358543141354748
-1.3802740285422337
1.36059454223499
1.1284857296175892
0.30836825155045977
0.6813267019175032
2.317905958199327
0.0654101800190975
0.11539842483503193
-0.4266162482603108
0.4899506639658037
-0.26288114058637513
2.1355267779177667
-0.2478189073710285
1.7258468259060724
-1.2251818015784
1.38285983596855
0.5343395548128854
-0.5275624808832271
-0.17100560075564347
-0.04552097309110152
-0.7687909214305568
-0.9055941322773902
-1.3812471015178829
-0.8863053697946877
1.0168760451038839
1.9260819111343066
-0.36226033464119906
1.001773495534506
-0.20417068450394946
-0.20837494437566825
0.06399496294398893
-0.054496972443805546
1.0368022066784928
0.8074475040680036
-0.1380700285567992
-0.5669226258585388
-0.6384986362388337
1.1642751888498717
0.16616147620881394
-0.7805824780667225
-0.03249901934659826
1.7838885110096199
-0.05591817494859764
-0.8930976672519417
-0.35697696379823807
-0.6809222980863886
-2.011581277932002
-0.1839796107625486
-0.1866662411180833
-0.28963338501447283
-1.773428712407582
0.0785390533524316
0.17542895738535497
0.17612705616500013
0.06532071811326229
-1.2404787956261791
-1.5352709938618847
0.8907624644447605
-0.6396144407642701
-1.4688590564561652
0.6288003909578095
1.2426821803377115
-0.7941921864896012
1.0421843986162873
0.7943803131382606
-0.4002711396095237
-0.06924705356257096
0.029357379818054925
-1.090636492702681
2.445774017733809
0.09072432435621468
-0.1339804267688749
0.8992017472724757
1.7294885198346732
-0.43879142884909195
1.748057867167396
0.5096259370613363
0.23556713642653204
0.38219945751216894
-0.8081058222297549
0.037320012110114126
-0.9305743369000204
-0.27594942592793575
-1.057266453084495
-0.7595206946970828
0.3873975460990154
0.05414289635439681
-2.3342322077786535
0.39653629275560326
0.3093378866648505
-0.3038019965298019
1.315652921512648
0.9157569418438559
0.40386263503726433
-0.9270732116766544
-1.1605795525239548
0.19881419753261453
-0.7912941533323987
-0.9374525335993794
-0.001919503712874809
1.1296240203012147
1.1781009939681601
-0.9884863559893522
0.07465113831174516
-0.8060764487414929
1.953688972676069
-0.1752610540279458
-0.09729437025373314
-1.592589435946584
-0.6005014261872452
-0.24226300681905355
0.9891230840628401
-1.4907247436935724
1.5462689432219114
-0.19232209453258914
-0.27314150883566524
-2.201873756141521
-0.6825918702617733
-1.8326824131739476
2.1058726962299654
0.9721884447146579
-0.1578029204605327
-0.8948997495843637
-0.04048632672187328
-0.19018553877058408
0.7604326897306352
-0.5518608507736316
0.15201040633743057
0.5173179821064182
1.031056080382808
-0.7737188895718222
-0.2693581048244625
-0.6471110416384503
-0.6377816536365654
0.11509535964463559
0.15529679790717715
-0.24349356526854504
-0.784329085056824
0.3377484170045198
-0.7321434814064448
-1.9085376288396203
0.8088699838494344
-0.6624685684174461
0.09556702285182885
0.5086873598446382
0.8739609429322771
-0.21537410762617823
-0.529732040381316
-1.4977864286477447
-2.804378978876773
-3.1797339271228564
-0.2970592824312992
0.06833160290747035
0.1082815678694572
-0.3546757149191052
-1.1704560846532772
-1.650800284637268
0.6451970601630231
0.9633633969130284
2.027440829946248
-0.03144100157385044
-1.0901618764117245
-0.5031695652055674
-1.6615167186394353
0.5104819808744618
0.5910677600990281
0.769471706622968
-0.3127630217994871
-1.2873651408775593
1.0065133755868907
-0.5064271474186968
-0.8466374805246709
1.2266711660968364
0.30500764385142015
-0.36310440047602677
-0.7083333405855438
-0.8016519682411734
-0.7025098851506802
0.24736960131420188
0.9455125744472418
-0.9988403649974484
2.204598113477577
1.7867046632872605
-0.40857091759821923
-0.5981087775952743
-0.8218959045224348
1.1786320622681583
0.4428258373426077
0.22425782850548157
2.4657353768911774
0.42908676374151883
-1.2809691503380927
0.409739434898885
-0.12123821289263824
-0.8687539068549942
-1.3829444841895169
-0.7770711137142972
-0.5624371489382287
-1.4040091687525302
1.3413567047567894
-1.2658928424063642
0.47792798684166193
-1.0235750750250374
-2.646624043105371
0.824985787350251
-0.5882890021880043
0.6440435431505861
0.3475468073317098
-0.10246680549624287
0.44098568250579484
2.06578964818147
1.0203464959977275
1.4053213752791098
0.22212608306795434
1.9365040139205334
-0.691542066457705
0.9692042620231108
0.45475319867993025
-0.8389963654507403
-0.3893373834925789
0.4837405689007849
-0.17040493518658872
0.3325381276231979
0.26905469344991184
1.9371062724922221
0.5863318682407803
-0.8412549494435261
0.6857946513659129
0.6546696936688032
-1.699423816979673
-1.9513162777849384
-0.3067909620387617
0.17898504055872425
0.30276931177269895
1.6019866077626466
1.8212096374957407
-0.32721140859259157
-0.17984506512029
0.14418787795863264
-0.18050859893454105
0.7590684743741081
-0.5744543849761649
-1.4707847846166433
0.15909636430481436
0.004835554899589318
1.021189543036823
0.14208823987013777
-0.18021962876349443
-0.29369282164890187
-0.9887180238352296
0.10729469792026869
-2.423416652254442
1.3072814510106319
0.9929566694972439
0.77192482951284
0.8814434259475314
1.086799224749324
-1.9037563861043718
1.4497316246737177
0.16523470151580522
3.783602554594449
0.07074583767277433
-0.06232656036250987
-0.2477800290689483
-0.6829664731029993
1.0614578472567902
2.1641563238913655
1.2360349228795082
1.3468153088397825
-0.797230607662923
0.28995548494998763
-0.466162787552442
0.5061451444400873
0.5733520769989092
-0.7885224162138289
-0.3893971989210343
-0.8621163940243736
0.34589730689603754
0.4379043232235073
2.045223317282518
-0.9949635205262563
0.46761144529365245
-0.23587633765949953
0.3907194372838059
0.44240326059334023
0.6182451864661472
-0.27656660338061717
0.013818619350243672
0.26272424187225674
-0.0814255129006288
-0.34604297164192777
-1.3141403944359953
-1.1680478759197448
0.5553197281182102
-0.6195037478296231
-0.23186918977635457
-0.05415388353762076
1.0828920409310914
1.7628750342199473
0.15480792606936628
0.26905308625769475
-0.6367690788314467
0.8079472454404335
-0.978664956224968
1.0430635367368457
-1.024468076604956
-1.0276976508777218
0.5817595767034989
0.6174846560521101
0.67085097875763
-0.2870395008985872
1.0287746750429856
-0.4668312995859071
-0.1172538117612387
-3.213087328016174
0.5597618491117388
0.6677764421612428
0.47001853342348177
1.2989211808087517
-0.6012295466710781
-1.0550731308715713
2.0847503890048737
-0.5584512853281015
-0.4791969055237288
-0.48535626886405225
0.16324603146222794
-0.7753983095138571
0.32053227531473544
1.7519142962304781
1.626050640831369
-0.5235313943110359
-1.4198128809056854
-0.5485080880843085
0.07678285026784619
-1.6772666173115487
0.21424054598913994
1.330803243664775
0.7807811095393824
-1.1931958400472282
0.3533821486770704
0.5226775539093657
0.15775405796900102
-0.6100006924969278
0.5668579121140332
-0.52946831289974
-1.8656966576937573
1.2836515251599843
1.2927141547290442
-1.5977968725436051
0.01569276075883424
-0.05876247398066004
-0.9665791166784108
0.6856810442085852
0.3149588389380009
1.1172028219281342
0.10177742128930044
-0.19731662800213778
2.1428901408274545
1.1474012921050913
-0.6041527679251395
0.9762207025973514
-0.6435569887278642
-1.5418521333142297
1.0687082419391363
-0.10242678944565883
-0.47029356758224045
0.6962314160130715
-0.6660265838818915
-1.528837927797699
0.9883160744581967
0.9060619951242852
0.11559971022482628
-0.011106915413112711
0.9554635788677828
-0.7121918226925253
0.17271049252209333
-0.6719045471500522
-0.6969532785814826
-1.3077704796390817
-1.3488405447981653
0.6522174492107877
0.851851282226385
-0.22659407744158225
-0.43274748124136925
-1.0847494999365759
0.7103900633619605
1.300714317651502
-0.5230422556142428
0.36359530187218425
-2.0497387808471133
1.4026306907232453
0.04745024226341528
-0.07612159182762543
0.360724887697223
-0.721914911487833
-0.7700205781560365
-0.017238757376364947
-0.5709188198983894
1.0750963370211502
0.3419356657233183
-0.6356682185917377
0.14632231986569066
2.0702358834800982
-0.5054439550838811
0.06255145926489852
-1.796584292850896
-1.3298257921509773
-0.19439745132141728
0.5772165972237183
0.12234522290817998
-0.11693439640474233
1.4027807356933075
-0.1826161223220656
-1.025378853187466
-0.13748077894658156
1.0051578343409342
0.7250164637673568
0.03357691239545178
1.0208016546917218
0.17427362216266576
-0.29022444322970886
-0.02297908891446184
0.13031928423772524
0.18032536415415848
0.10538302815383237
-1.4124120640336049
0.33789722312958753
0.48919380743686686
0.15562075802842443
-0.09877744370646617
-1.3334791984531653
-0.3024697791528305
0.012990950127583613
0.6092275528572649
0.8307619371799384
0.6980285286259904
-1.3617324501081107
-0.4823425264874511
0.4830991073873581
-1.16838105143416
-0.11285822506704785
-0.38228407746881066
-0.24718738433286427
-0.5757078176423915
1.077103902275128
0.16017401319712285
-0.2867105819012725
1.52226408883498
-0.2706707499400125
0.4933848111909016
-1.7448200689191278
1.196102792434338
0.21896364073765162
0.17608532510055136
-2.1830609115712085
-0.4813931939993961
0.9890372607507586
1.4104547442295665
-2.1413973941752924
-0.2809772524361497
-0.4532203728399447
0.9289193344333833
0.8416357128389169
0.5623896188625747
-0.5598637444064789
-0.5929515892198471
1.7540489538386814
-0.15287196927819954
-0.07325335708904046
1.068694153504134
0.5096951897993188
-0.32230321301859166
-0.9492736017260154
-0.5731682196351621
1.3868212334443188
1.4900139945859354
-0.8127247208670421
-0.5797257819465955
-0.6321822472223226
-1.0156086064632333
-0.5170096392646729
0.14355327643560084
-1.4912678294482071
-1.2280671407295969
0.018745923177613283
0.898712500203578
0.5875153852906008
-1.2814855176577613
-0.2233573414771603
-0.6997244967987533
-1.0312625955862158
1.817095434853779
-0.12027518393591569
1.3702322726191907
-0.38087654448410974
0.7835828418058128
1.0686531586368802
1.1986747393946653
-2.0056781766386442
-0.419797291903169
-0.6526313467824532
-0.19512031368213575
0.9240084163260396
-0.38885358541381443
-0.2511737198822086
-0.010452994158067117
-0.5279256122386453
-0.10827327552460353
0.08413082132733568
-0.46305848356373575
0.7760351023529517
-0.731648801374591
-0.14930327291416015
0.2678252176980393
-0.18464043044106707
0.1384064499794191
0.5298812534008969
-0.736706308328002
-0.5511963917289382
-1.2939056416588783
-0.29392705521528995
-1.503620409209817
-1.209382864405694
0.3025889539301473
-1.0621185563590712
1.1579998133495557
0.6157455929506476
1.1790906384569155
0.8915580232774948
0.10005995623164368
-0.4480643644971578
-0.38764033238664325
-0.1141286712131953
-1.0982104845861325
-2.1666455359103813
-0.18792370637463343
0.6386024998278282
-1.526393072878522
-1.6294661160926902
-1.0957969294695944
1.7645373589977897
1.1112868712610164
0.47132119091472585
1.9705453727750084
0.2209177145247558
0.968423190500469
-1.2958236270508412
0.08327961028863479
-0.8682382455770221
1.7850185986100173
-0.7107195366121197
0.9139099677144785
1.0233362382261915
0.3330788978170938
1.0510513285402754
-1.0004097424654745
1.126382631846056
-0.2991153068293019
-1.1880735798670528
-0.256220081640724
-0.7527860105619472
-0.09307221368056676
-0.7191974425786517
-0.4747544364633076
0.26314459930457657
1.2950101444112943
-1.05012360022346
-1.635902932046341
0.5640133473899345
0.8182523551827657
0.21612680385908134
-0.03734204399515571
-0.2819138601106165
-1.0864976183676673
1.1675116531842187
-0.7825326336782816
-0.6094374134511731
0.2106578618969083
0.4964708252461031
-0.695095413944858
-1.3761011134289205
-0.5307851640728911
0.46686379737432154
0.1702836017632011
-0.42884461919218514
0.09748388880949722
0.0549143304989738
0.011438920379500004
0.3167837146532885
-1.7636485115215794
2.385662608841133
0.3881530991791743
-1.54143850356766
-0.03808079774246633
-1.6176763763237723
0.9123392820395482
0.20892411658618726
-2.147139017940213
0.469724695301446
0.6956319814971094
0.025896070028614496
0.0729898761814611
-0.7444305753092929
0.7387483786948087
1.3296573472218973
0.24075728363205143
-0.303446903801797
-0.44810553328497343
1.1764056004141275
-0.2352139579260699
-0.7530461494731308
-0.8867432457475583
-0.3784935054906859
-1.6358421047863556
-0.3991502073980087
-0.5121054728032868
-0.7819261576198339
0.05764960521620381
0.5812722351045901
-0.22499866191443763
-0.4861136708495459
-1.7890757051546284
-0.6891922739574865
-0.44495276773660175
-0.9236186413144253
1.6087822226538129
-0.48793828879436346
0.5677109387363233
-0.25020631297132023
0.04284863673455071
-0.023520424559224786
-0.43205353960978593
0.27245326982484763
0.7028267327130583
-0.8622726876687566
-0.23709632912116915
-1.1266351850014589
0.9401012399572246
-0.502005931345741
1.149151427364642
-0.22494285118624624
-0.8719823367087778
0.40562536084744394
0.29803129191799105
0.2768360118149631
0.8999794072557142
