0x4037aa,0x28e837c87228
0x4037c1,0x28e837cbe520
0x4037ba,0x28e837cfe508
0x4037ba,0x28e837d21c60
0x4037c1,0x28e837d525e8
0x4037c1,0x28e837d52ed8
0x4037c1,0x28e837d62768
0x4037aa,0x28e837d96c28
0x4037ba,0x28e837db9130
0x4037ba,0x28e837dd6c10
0x4037c1,0x28e837c96c28
0x4037ba,0x28e837dec1e8
0x4037c1,0x28e837d8cdb8
0x4037aa,0x28e837e2c668
0x4037ba,0x28e837e325c8
0x4037aa,0x28e837e4c668
0x4037c1,0x28e837e6c1c8
0x4037ba,0x28e837ce11a0
0x4037aa,0xa21321ac668
0x4037aa,0xa21321c7c68
0x4037c1,0x28e837ce7208
0x4037ba,0x28e837cf1398
0x4037c1,0xa2132208bb0
0x4037c1,0x8ad3301bebe8
0x4037aa,0xea2062d1c68
0x4037c1,0xea206301c78
0x4037ba,0x28e837e50f88
0x4037aa,0x28e837cac668
0x4037aa,0x28e837cc7c68
0x4037c1,0xea206318980
0x4037aa,0x28e837d31c68
0x4037ba,0x28e837d3ed58
0x4037aa,0x28e837d6c668
0x4037c1,0xa1abd7fd5278
0x4037ba,0x28e837dc8b90
0x4037c1,0x28e837dad788
0x4037aa,0x28e837da7c68
0x4037ba,0x28e837dcc1f0
0x4037c1,0x28e837dd09b0
0x4037aa,0x28e837e072a8
0x4037ba,0xa1abd8007280
0x4037ba,0xa1abd800c668
0x4037ba,0x28e837e60d78
0x4037c1,0xa1abd801e500
0x4037aa,0x28e837e85aa8
0x4037ba,0x28e837d847d8
0x4037c1,0xa1abd8011340
0x4037ba,0xa1abd8043108
0x4037aa,0x28e837c872a8
0x4037aa,0x28e837d0bca8
0x4037aa,0x28e837d45aa8
0x4037ba,0xd79e62a6cd80
0x4037c1,0x28e837d9dc68
0x4037ba,0x28e837e0e808
0x4037ba,0x28e837cb1e10
0x4037aa,0xfdfd3a8c10e8
0x4037ba,0xd79e62a91c78
0x4037ba,0xa213219bf40
0x4037c1,0xd79e62a99f80
0x4037aa,0xa21321c10e8
0x4037aa,0xa21321c7ce8
0x4037aa,0xa21321c98e8
0x4037aa,0x28e837c898e8
0x4037aa,0x28e837ca08e8
0x4037aa,0x28e837cc7ce8
0x4037aa,0x28e837cc98e8
0x4037aa,0x28e837ce08e8
0x4037ba,0xa21321d5240
0x4037c1,0xea2062cb390
0x4037aa,0x28e837da7ce8
0x4037ba,0x28e837e601b0
0x4037c1,0xd79e62acc640
0x4037aa,0x28e837e35128
0x4037c1,0xd79e62ad6430
0x4037aa,0x28e837e75128
0x4037ba,0xa1abd8036c00
0x4037aa,0xa21321c5728
0x4037ba,0x6c6f1e4c1c58
0x4037c1,0x28e837d02768
0x4037aa,0xa21321e3128
0x4037ba,0x28e837e55258
0x4037ba,0xd79e62ae5118
0x4037c1,0xea206303110
0x4037c1,0x28e837dfebe8
0x4037ba,0x28e837e52eb8
0x4037aa,0x28e837da5728
0x4037ba,0x28e837dd3550
0x4037aa,0x28e837ddc528
0x4037ba,0xd79e62acbcb8
0x4037ba,0xd79e62a54f98
0x4037aa,0x28e837df1368
0x4037ba,0xd79e62b13d28
0x4037aa,0x28e837e76768
0x4037aa,0xfdfd3a8c2768
0x4037ba,0xea2063210c0
0x4037aa,0xa21321a0d68
0x4037aa,0xa21321b3568
0x4037ba,0xa1abd802c1c0
0x4037aa,0xea2062c0d68
0x4037ba,0xd79e62b21190
0x4037aa,0xea2062ded68
0x4037aa,0x28e837c8b568
0x4037aa,0x28e837ccb568
0x4037aa,0x28e837cded68
0x4037ba,0x28e837cd31e8
0x4037ba,0x28e837e298c0
0x4037aa,0x28e837d60d68
0x4037ba,0xd79e62b098d8
0x4037ba,0x28e837d9a4f0
0x4037c1,0xd79e62b22770
0x4037aa,0x28e837dc0d68
0x4037ba,0xa1abd7febcb8
0x403044,0xd79e62b31e38
0x40304c,0xd79e62b32eb8
0x403104,0x28e837c85104
0x403302,0x28e837c85302
0x402c20,0xd79e62a6d7a0
0x403702,0x28e837c85702
0x403702,0xd79e62b4bc98
0x403702,0xd79e62b53558
0x403702,0x28e837d96758
0x403709,0xd79e62b56c30
0x403702,0x28e837d96418
0x403702,0xd79e62b4cd98
0x4037aa,0x28e837de8ba8
0x4037aa,0x28e837df13a8
0x4037c1,0xa2132205328
0x4037aa,0x28e837e28ba8
0x4037aa,0x28e837e30fa8
0x4037ba,0xd79e62ad0f90
0x4037ba,0xa1abd804b3a0
0x4037ba,0x28e837e20d68
0x4037aa,0xfdfd3a8c11a8
0x4037ba,0xea206316418
0x4037aa,0xa21321b09a8
0x4037aa,0xa21321c11a8
0x4037aa,0xa21321f89a8
0x4037aa,0x8ad3301c01a8
0x4037aa,0xea2062d4fa8
0x4037ba,0xea2062d6778
0x4037c1,0x6c6f1e4c7280
0x4037c1,0xd79e62ace808
0x4037aa,0xea2062f4fa8
0x4037ba,0x28e837c95268
0x4037aa,0x28e837ca09a8
0x4037aa,0x28e837cb4fa8
0x4037aa,0x28e837ce09a8
0x4037ba,0xa21321e7ce8
0x4037ba,0xd79e62badfe0
0x4037aa,0x28e837d709a8
0x4037aa,0x28e837db4fa8
0x4037ba,0x28e837d90f90
0x4037aa,0x28e837e0dfe8
0x4037aa,0x28e837e125e8
0x4037ba,0xd79e62b6dfd8
0x4037ba,0x28e837e731d8
0x4037ba,0xa2132196428
0x4037aa,0xa21321a23e8
0x4037aa,0xa21321cdfe8
0x4037ba,0xd79e62bc7a00
0x4037aa,0xa21321edfe8
0x4037ba,0xa1abd8045130
0x4037ba,0xea2062c1190
0x4037aa,0xea2062cc1e8
0x4037ba,0x28e837c9c520
0x4037ba,0xd79e62bd31d8
0x4037aa,0x28e837d2c1e8
0x4037aa,0x28e837d4dfe8
0x4037aa,0x28e837d8dfe8
0x4037ba,0x28e837d85aa0
0x4037c1,0xea2062cbc80
0x4037ba,0xd79e62ac23e8
0x4037aa,0x28e837dee828
0x4037ba,0xd79e62be1c78
0x4037ba,0x28e837c931f0
0x4037c1,0xd79e62a73550
0x4037aa,0xea2062d1e28
0x4037aa,0xea2062e7228
0x4037c1,0xd79e62afa4f0
0x4037ba,0x28e837dc23e8
0x4037c1,0xea20631a4c0
0x4037aa,0x28e837d2e828
0x4037aa,0x28e837d31e28
0x4037ba,0x28e837c90998
0x4029f8,0xd79e62b16748
0x4037ba,0xd79e62a9e528
0x4037aa,0x28e837e35268
0x4037ba,0x28e837e53558
0x4037ba,0xd79e62b96c30
0x4037aa,0x28e837e75268
0x4037c1,0xea20630e828
0x4037ba,0xa21321a47c0
0x4037ba,0x28e837c95130
0x4037aa,0x28e837cbdc68
0x4037aa,0x28e837cec668
0x4037ba,0x28e837dc47d0
0x4037aa,0x28e837d51c68
0x4037ba,0x28e837d98fd0
0x4037aa,0x28e837e45aa8
0x4037ba,0xa1abd803dc40
0x4037ba,0xa1abd801c508
0x4037ba,0x28e837cd0fb0
0x4037ba,0xa1abd8015240
0x4037c1,0xa1abd8038ff0
0x4037ba,0x28e837d3e538
0x4037ba,0xd79e62a67298
0x4037aa,0xea2062e72a8
0x4037ba,0xd79e62b10988
0x4037aa,0x28e837d2bca8
0x4037ba,0x28e837d59128
0x4037ba,0x28e837d61c40
0x4037ba,0x28e837d6e820
0x4037c1,0xd79e62c47c58
0x4037c1,0xd79e62c4c1d0
0x4037ba,0x28e837d5ebd8
0x4037c1,0x28e837e65ab0
0x4037ba,0xea2063309b8
0x4037ba,0xd79e62a5bda8
0x4037aa,0xd79e62c010e8
0x4037c1,0xd79e62a872a8
0x4037ba,0xea20631dc58
0x4037ba,0x28e837cc23e0
0x4037ba,0xa213218c668
0x4037ba,0x28e837d223f8
0x4037ba,0xe8035e463118
0x4037aa,0x28e837dde528
0x4037aa,0x28e837e13d28
0x4037aa,0x28e837e1e528
0x4037aa,0xd79e62be5128
0x4037aa,0x28e837e25728
0x4037aa,0x28e837e33d28
0x4037aa,0x28e837e7c528
0x4037ba,0x28e837cfebf0
0x4037aa,0xa2132194728
0x4037c1,0xa21321a7208
0x4037aa,0xd79e62bf5128
0x4037aa,0xa21321dc528
0x4037c1,0x28e837d36740
0x4037ba,0xa1abd8046398
0x4037ba,0x28e837d39f88
0x4037aa,0xea2062e5728
0x4037aa,0xd79e62c05128
0x4037ba,0xd79e62b010e8
0x4037c1,0xa1abd7fd5278
0x4037aa,0x28e837d93d28
0x4037ba,0xd79e62addc40
0x4037ba,0xea20633dc50
0x4037ba,0x28e837e525c8
0x4037ba,0xa1abd8031c48
0x4037ba,0xa213219e508
0x4037ba,0xd79e62ae5320
0x4037aa,0xa21321c0d68
0x4037ba,0xd79e62bf9fa0
0x4037aa,0xa21321e0d68
0x4037aa,0xa21321f1368
0x4037aa,0xea2062f6768
0x4037ba,0xa1abd80331d8
0x4037ba,0x28e837ce63b8
0x4037c1,0xd79e62bc8b88
0x4037ba,0xd79e62b011b8
0x4037aa,0x28e837d33568
0x4037aa,0x28e837da2768
0x4037ba,0x28e837e51388
0x4037aa,0x28e837deb3a8
0x4037aa,0x28e837df0fa8
0x4037aa,0xd79e62be01a8
0x4037ba,0x28e837e40180
0x4037ba,0xd79e62badfe0
0x4037ba,0xa1abd8007a38
0x4037aa,0x28e837e4b3a8
0x4037ba,0xd79e62c408e8
0x4037aa,0x28e837e663a8
0x4037ba,0xa1abd8023120
0x4037aa,0x28e837e79fa8
0x4037aa,0xa21321ab3a8
0x4037ba,0x28e837e53d10
0x4037c1,0x6c537033a4c8
0x4037aa,0xa21321f13a8
0x4037aa,0xa21321f4fa8
0x4037ba,0xea206325100
0x4037ba,0x28e837e39120
0x4037aa,0xd79e62c011a8
0x4037ba,0xa1abd8007280
0x4037ba,0xea2062d6438
0x4037c1,0xa1abd8032e80
0x4037aa,0x28e837c8cda8
0x4037aa,0x28e837c94fa8
0x4037aa,0x28e837cab3a8
0x4037aa,0x28e837cccda8
0x4037aa,0x28e837d28ba8
0x4037aa,0x28e837d463a8
0x4037aa,0x28e837dbbda8
0x4037aa,0x28e837dcb3a8
0x4037aa,0xd79e62c201a8
0x4037c1,0xa21321e5118
0x4037ba,0xd79e62c3c510
0x4037aa,0x28e837e2dfe8
0x4037aa,0x28e837e4dfe8
0x4037aa,0xd79e62bec1e8
0x4037aa,0x28e837e7ebe8
0x4037aa,0xd79e62bf31e8
0x4037aa,0xa21321adfe8
0x4037c1,0x28e837e5bf50
0x4037aa,0xa21322023e8
0x4037aa,0xea2062d25e8
0x4037ba,0xea2063131c0
0x4037ba,0xa1abd802cd88
0x4037aa,0x28e837d6dfe8
0x4037c1,0xea2062cb390
0x4037aa,0x28e837df6c28
0x4037aa,0x28e837e16428
0x4037c1,0xd79e62ad6430
0x4037c1,0xa1abd801e500
0x4037aa,0x28e837e67a28
0x4037aa,0xa21321ce828
0x4037aa,0xa21321ee828
0x4037ba,0x28e837d32ea8
0x4037ba,0xa7d08ad11e08
0x4037aa,0xd79e62c07228
0x4037c1,0xa7d08ad14708
0x4037aa,0x28e837d47a28
0x4037aa,0x28e837d4e828
0x4037aa,0x28e837d51e28
0x4037c1,0x28e837d62768
0x4037aa,0x28e837d8e828
0x4037c1,0xee30bb9447e8
0x4037ba,0x28e837df31f8
0x402a79,0xa1abd80001a8
0x4037ba,0x28e837d74f80
0x4037aa,0x28e837e5dc68
0x4037c1,0xa1abd7fd2eb8
0x4037aa,0xd79e62bf5268
0x4037ba,0xa213219bda0
0x4037aa,0xa21321ddc68
0x4037ba,0xa21321e1180
0x4037ba,0x28e837d010c0
0x4037aa,0xea2062e1c68
0x4037ba,0x28e837c8dfd0
0x4037ba,0x28e837ce11a0
0x4037aa,0x28e837cfdc68
0x4037aa,0x28e837d0c668
0x4037c1,0xd79e62accd90
0x4037aa,0x28e837d3dc68
0x4037c1,0xd79e62b047f8
0x4037ba,0x28e837cd1e18
0x4037aa,0x28e837d81c68
0x4037ba,0xa1abd7fe47d8
0x4037ba,0x28e837c925f0
0x4037aa,0x28e837e72ea8
0x4037ba,0xa1abd8007c40
0x4037aa,0xa21321c5aa8
0x4037ba,0xa21321e7a10
0x4037aa,0xa21321ebca8
0x4037c1,0x28e837d58998
0x4037ba,0xa1abd8033d38
0x4037ba,0xa1abd8027210
0x4037ba,0x28e837df2ee8
0x4037aa,0xd79e62c072a8
0x4037ba,0x28e837e601b0
0x4037ba,0xd79e62a647f8
0x4037aa,0x28e837d4bca8
0x4037aa,0x28e837da5aa8
0x4037aa,0x28e837dfa4e8
0x4037ba,0xa1abd8007218
0x4037aa,0xa7d08ad010e8
0x4037aa,0x28e837e72ee8
0x4037ba,0xd79e62ada4f8
0x4037aa,0xa213219a4e8
0x4037aa,0xa21321a98e8
0x4037ba,0x28e837dcc1f0
0x4037ba,0xd79e62a91e18
0x4037c1,0xd79e62bf25d8
0x4037aa,0x28e837ca98e8
0x4037ba,0x28e837d9a4f0
0x4037ba,0xa1abd800c1f0
0x4037ba,0xa1abd8045a88
0x4037ba,0x28e837dd3550
0x4037c1,0x28e837d9dc68
0x4029e0,0x5829a6ec6390
0x4037aa,0x6c5370345128
0x4037aa,0xd79e62be5328
0x4037ba,0xd79e62c40198
0x4037ba,0x28e837e73d38
0x4037ba,0x28e837dfbf68
0x4037ba,0x28e837cd1c78
0x4037aa,0xa7d08ad03128
0x4037ba,0xd79e62c42748
0x4037ba,0x28e837e60d78
0x4037ba,0xea206328b80
0x4037aa,0xea2062d3d28
0x4037aa,0xea2062dc528
0x4037aa,0xd79e62c05328
0x4037aa,0xa7d08ad15128
0x4037ba,0xa2132207c50
0x4037aa,0xa7d08ad19128
0x4037ba,0x28e837d85aa0
0x4037aa,0xee30bb943128
0x4037aa,0xee30bb945128
0x4037aa,0x28e837dbe528
0x4037aa,0x28e837deb568
0x4037ba,0xd79e62a67cc0
0x4037aa,0x28e837e4b568
0x4037ba,0xa1abd8019110
0x4037aa,0x28e837e7ed68
0x4037aa,0xa21321a2768
0x4037aa,0xa21321ab568
0x4037c1,0x28e837e56748
0x4037aa,0x28e837ca0d68
0x4037aa,0x28e837cab568
0x4037aa,0x28e837ce0d68
0x4037ba,0xea2063047f0
0x4037aa,0xd79e62c11368
0x4037ba,0xd79e62a6cd80
0x4037aa,0x28e837dbbf68
0x4037aa,0x28e837dcb568
0x4037ba,0xd79e62c2bc80
0x4037ba,0x28e837d11e30
0x4037aa,0x28e837df89a8
0x4037aa,0x28e837df9fa8
0x4037aa,0x28e837e0cda8
0x4037aa,0xd79e62be63a8
0x4037aa,0xa7d08ad001a8
0x4037aa,0x28e837e665a8
0x4037aa,0xa7d08ad011a8
0x4037ba,0xd79e62beb570
0x4037aa,0xa2132199fa8
0x4037aa,0xa21321f0fa8
0x4037c1,0x28e837e80988
0x4037aa,0xea2062e8ba8
0x4037aa,0xd79e62c0b3a8
0x4037aa,0x28e837d189a8
0x4037aa,0xd79e62c113a8
0x4037c1,0x5829a6ed9100
0x4037aa,0x28e837d465a8
0x4037ba,0xea20633dc50
0x4037aa,0xa7d08ad201a8
0x4037c1,0xd79e62c4c648
0x4037aa,0x28e837dacda8
0x4037aa,0x28e837db89a8
0x4037ba,0x28e837dbc538
0x4037aa,0xd79e62be23e8
0x4037aa,0x6c537034c1e8
0x4037ba,0xd79e62afbf50
0x4037ba,0xd79e62ba23d0
0x4037aa,0xa7d08ad0c1e8
0x4037aa,0xea2062c47e8
0x4037aa,0xd79e62c023e8
0x4037ba,0xd79e62bbe510
0x4037aa,0xa7d08ad131e8
0x4037aa,0x28e837cedfe8
0x4037ba,0xa21321fed68
0x4037aa,0x28e837d1ebe8
0x4037ba,0xd79e62b6c1d8
0x4037ba,0xd79e62a92ef8
0x4037aa,0x28e837d7ebe8
0x4037c1,0xd79e62ae7c60
0x4037ba,0xd79e62afdc50
0x4037ba,0xd79e62ac3110
0x4037aa,0x6c5370347228
0x4037aa,0x28e837e2e828
0x4037ba,0xd79e62ab4730
0x4037ba,0xa213218e820
0x4037aa,0x28e837e76c28
0x4037aa,0xa21321ae828
0x4037aa,0xa7d08ad07228
0x4037aa,0xd79e62bf6428
0x4037ba,0x28e837c9c520
0x4037aa,0xd79e62c16428
0x4037ba,0xd79e62ae5730
0x4037aa,0xee30bb947228
0x4037aa,0x28e837dc7a28
0x4029e0,0xd79e62aa2740
0x4037ba,0xd79e62b96750
0x4037aa,0x28e837e67c68
0x4037aa,0xa213219dc68
0x4037aa,0xa21321d1c68
0x4037ba,0xa1abd8041190
0x4037ba,0xe8035e465138
0x4037aa,0xea2062cc668
0x4037aa,0xea2062ddc68
0x4037aa,0x28e837c91c68
0x4037aa,0xa7d08ad15268
0x4037aa,0x28e837cddc68
0x4037aa,0x28e837d2c668
0x4037aa,0x28e837d47c68
0x4037aa,0x28e837d5dc68
0x4037ba,0xd79e62a92e90
0x4037ba,0xd79e62ac7288
0x4037aa,0x6c53703472a8
0x4037aa,0x28e837e25aa8
0x4037ba,0xd79e62a51390
0x4037aa,0xa2132192ea8
0x4037aa,0xa7d08ad072a8
0x4037ba,0xa1abd80410c0
0x4037ba,0x28e837d847d8
0x4037aa,0xea2062e5aa8
0x4037aa,0xea2062f2ea8
0x4037aa,0x28e837cb2ea8
0x4037c1,0xd79e62accd90
0x4037ba,0x28e837d223f8
0x4037aa,0xee30bb9472a8
0x4037aa,0x5829a6ee10e8
0x4037aa,0x28e837e67ce8
0x4037aa,0x28e837e698e8
0x4037aa,0xa2132192ee8
0x4037ba,0x28e837e2b3a8
0x4037ba,0x28e837d989b8
0x4037aa,0xa21321e98e8
0x4037aa,0xd79e62bfa4e8
0x4037c1,0x5829a6ec72b0
0x4037ba,0xd79e62af9f88
0x4037aa,0xa21322098e8
0x4037ba,0xea206312e80
0x4037aa,0xea2062e08e8
0x4037aa,0xea2062f2ee8
0x4037aa,0x28e837cb2ee8
0x4037ba,0x28e837cd5268
0x4037aa,0x28e837d208e8
0x4037ba,0xa1abd8045a88
0x4037aa,0x28e837d47ce8
0x4037aa,0x28e837d498e8
0x4037aa,0x5829a6f010e8
0x4037aa,0xd79e62c1a4e8
0x4037aa,0x28e837d808e8
0x4037ba,0xa21321d5240
0x4037ba,0xd79e62a56c38
0x4037aa,0xd79e62bde528
0x4037aa,0x6c5370345328
0x4037ba,0xd79e62bfbd98
0x4037aa,0x5829a6ee3128
0x4037aa,0x5829a6ee5128
0x4037c1,0xa1abd801e500
0x4037ba,0xd79e62b011b8
0x4037ba,0x28e837e63128
0x4037aa,0xd79e62bfc528
0x4037aa,0x5829a6ef5128
0x4037c1,0xd79e62afa4f0
0x4037aa,0x5829a6ef9128
0x4037ba,0x28e837e36430
0x4037c1,0x28e837dfebe8
0x4037aa,0x28e837d54728
0x4037ba,0x28e837cad7b8
0x4037ba,0xd79e62ac23e8
0x4037aa,0x5829a6f03128
0x4037aa,0x28e837d94728
0x4037aa,0xee30bb945328
0x4037aa,0xd79e62c1e528
0x4037aa,0x5829a6f05128
0x4037c1,0x28e837cbbf78
0x4037aa,0x28e837e16768
0x4037c1,0xd79e62ad6430
0x4037ba,0xa21321f5268
0x4037aa,0xd79e62bf3568
0x4037aa,0xa2132202768
0x4037c1,0x8ad3301bebe8
0x4037aa,0xd79e62c0b568
0x4037aa,0x28e837d1ed68
0x4037ba,0xa2132195118
0x4037aa,0x28e837d7ed68
0x4037aa,0x5829a6ee01a8
0x4037aa,0x5829a6ee11a8
0x4037aa,0x28e837e2cda8
0x4037aa,0xd79e62be65a8
0x4037aa,0x28e837e48ba8
0x4037aa,0x28e837e4cda8
0x4037aa,0xa21321acda8
0x4037aa,0xa7d08ad063a8
0x4037aa,0xa21321b0fa8
0x4037aa,0xa7d08ad0b3a8
0x4037aa,0xea2062c8ba8
0x4037aa,0xea2062e09a8
0x4037aa,0xea2062f09a8
0x4037ba,0xd79e62a81c58
0x4037aa,0x28e837c989a8
0x4037aa,0x28e837cacda8
0x4037aa,0x28e837cb09a8
0x4037c1,0x28e837cbe520
0x4037aa,0x28e837ccd7a8
0x4037c1,0xd79e62ba5128
0x4037aa,0x28e837cf89a8
0x4037aa,0x28e837d209a8
0x4037aa,0x5829a6f001a8
0x4037aa,0x28e837d68ba8
0x4037aa,0x28e837d6cda8
0x4037aa,0x5829a6f011a8
0x4037aa,0x28e837d70fa8
0x4037aa,0x28e837d809a8
0x4037aa,0x28e837d99fa8
0x4037ba,0x6c6f1e4ce830
0x4037aa,0x28e837dd89a8
0x4037aa,0x28e837dd9fa8
0x4037c1,0xea2062ed7a8
0x4037ba,0x28e837decdb0
0x4037aa,0xa7d08ad023e8
0x4037aa,0x5829a6eec1e8
0x4037ba,0x28e837cb1e10
0x4037aa,0xa21321f8fe8
0x4037aa,0x5829a6ef31e8
0x4037c1,0xd79e62ace808
0x4037ba,0x28e837da8b88
0x4037aa,0x28e837d0dfe8
0x4037aa,0xd79e62c125e8
0x4037aa,0xee30bb9423e8
0x4037aa,0x28e837da47e8
0x402c20,0xd79e62b87220
0x403702,0xd79e62b4cd98
0x4037ba,0x28e837d78998
0x4037c1,0x28e837d1a4e0
0x4037aa,0x28e837e07a28
0x4037c1,0x28e837dfe500
0x4037ba,0xd79e62b8b398
0x4037ba,0x28e837dc63b8
0x4037aa,0x5829a6ee7228
0x4037aa,0xa21321d1e28
0x4037ba,0xd79e62a6cd80
0x4037aa,0xea2062f6c28
0x4037aa,0x28e837c87a28
0x4037aa,0x28e837c8e828
0x4037aa,0x28e837c91e28
0x4037aa,0x28e837cee828
0x4037c1,0xd79e62c47230
0x4037c1,0xa1abd80263a0
0x4037ba,0x28e837cc23e0
0x4037aa,0x28e837de1c68
0x4037c1,0x5829a6f410e8
0x4037ba,0xea2062d6438
0x4037ba,0xd79e62ad4720
0x4037aa,0x28e837e31c68
0x4037aa,0xd79e62bec668
0x4037aa,0x28e837e61c68
0x4037aa,0x28e837e71c68
0x4037aa,0xa21321fdc68
0x4037ba,0x28e837dd6c10
0x4037ba,0xd79e62a9c538
0x4037aa,0x5829a6ef5268
0x4037c1,0xd79e62a872a8
0x4037c1,0x28e837ca7c68
0x4037aa,0x28e837dc7c68
0x4037ba,0xd79e62ba01b8
0x4037ba,0xea206321190
0x4037ba,0x28e837c92ee0
0x4037aa,0x5829a6ee72a8
0x4037aa,0xa21321f2ea8
0x4037ba,0x28e837d86380
0x4037ba,0xd79e62bd31d8
0x4037ba,0x28e837d6e820
0x4037aa,0x28e837c8bca8
0x4037aa,0x28e837ccbca8
0x4037ba,0x28e837e52eb8
0x4037aa,0x28e837dd2ea8
0x4037c1,0x28e837e6c1c8
0x4037aa,0x5829a6f210e8
0x4037aa,0xa21321f2ee8
0x4037aa,0x8ad3301c08e8
0x4037ba,0xe8035e463118
0x4037aa,0xa7d08ad1a4e8
0x4037aa,0x28e837d098e8
0x4037ba,0xd79e62ae1c48
0x4037c1,0xea2062cbc80
0x4037aa,0x28e837dc7ce8
0x4037aa,0x28e837dd2ee8
0x4037c1,0x28e837d9dc68
0x4037aa,0x5829a6f19128
0x4037c1,0xa21321e5118
0x4037aa,0xd79e62be5728
0x4037aa,0x5829a6ee5328
0x4037aa,0x5829a6f23128
0x4037ba,0x28e837cf09b8
0x4037aa,0xd79e62bf4728
0x4037ba,0x28e837cb6770
0x4037aa,0x5829a6f25128
0x4037aa,0xa21321b3d28
0x4037ba,0xa1abd7fd6778
0x4037ba,0x28e837e20d68
0x4037aa,0xd79e62c05728
0x4037aa,0x5829a6f35128
0x4037aa,0xa7d08ad1c528
0x4037aa,0xa7d08ad1e528
0x4037aa,0x5829a6f39128
0x4037aa,0xd79e62c14728
0x4037aa,0x5829a6f05328
0x4037c1,0x28e837de5a90
0x4037aa,0xd79e62be2768
0x4037ba,0x28e837d65128
0x4037ba,0x28e837d2dfd8
0x4037aa,0xd79e62bf6768
0x4037aa,0xa7d08ad0b568
0x4037c1,0x5829a6f47208
0x4037ba,0x28e837dc47d0
0x4037aa,0xd79e62c02768
0x4037ba,0x28e837c8d7b0
0x4037aa,0xa7d08ad13568
0x4037c1,0xa2132201c40
0x4037aa,0xd79e62c16768
0x4037ba,0xd79e62a9e528
0x4037aa,0x28e837e19fa8
0x4037ba,0x28e837c90fb0
0x4037aa,0x5829a6f201a8
0x4037aa,0x5829a6ee63a8
0x4037aa,0x5829a6f211a8
0x4037aa,0xa7d08ad065a8
0x4037aa,0x5829a6eeb3a8
0x4037aa,0xa21321c8ba8
0x4037aa,0xa21321d09a8
0x4037ba,0xd79e62ac7288
0x4037ba,0xd79e62af6760
0x4037aa,0x8ad3301c09a8
0x4037c1,0x6c6f1e4c7280
0x4037aa,0xea2062f89a8
0x4037aa,0xea2062f9fa8
0x4037aa,0x28e837cc8ba8
0x4037aa,0x28e837cecda8
0x4037c1,0xea20631a4c0
0x4037aa,0xd79e62c0d7a8
0x4037aa,0x28e837d7bda8
0x4037aa,0x5829a6f063a8
0x4037aa,0x5829a6f401a8
0x4037aa,0x28e837ddebe8
0x4037aa,0x5829a6ee23e8
0x4037aa,0x28e837e1ebe8
0x4037aa,0x5829a6f2c1e8
0x4037ba,0xea20632dfe8
0x4037aa,0xd79e62c047e8
0x4037aa,0xa7d08ad125e8
0x4037aa,0x5829a6f331e8
0x4037ba,0x28e837dc8b90
0x4037aa,0x5829a6f023e8
0x4037ba,0xd79e62a51e20
0x4013a1,0xd79e62b1c520
0x4013a1,0xa1abd7ffc538
0x4013a1,0xa1abd7ffe520
0x4013a7,0xa1abd8033d38
0x401384,0xd79e62ab5248
0x4013a1,0x28e837d3ed58
0x401380,0x28e837e05708
0x40138f,0x5829a6f88b90
0x4013a1,0x28e837d27290
0x4013a1,0xea2063210c0
0x40138f,0x5829a6f96c10
0x401384,0x28e837d27a08
0x4013a1,0x28e837d27228
0x4013a7,0xea206321c50
0x401392,0xd79e62a68bb8
0x4013a1,0x6c5370338998
0x4013ab,0x5829a6fa98d0
0x4013a1,0xd79e62b1bf40
0x4013ab,0x5829a6fb1390
0x4013a1,0x98f5690d9138
0x4013a1,0x28e837e43100
0x4013ab,0x5829a6fce810
0x401380,0x28e837e27a00
0x4013ab,0x5829a6facd90
0x4013a1,0x28e837e11e38
0x4013a1,0xa1abd8005100
0x4013a1,0x6c5370330f80
0x4013a1,0xa21321b4720
0x4013ab,0x5829a7001c50
0x4013ab,0x5829a6ff5250
0x4013a7,0x6c53703331d8
0x4013a1,0xea2063325f0
0x40138f,0x5829a70208d0
0x4013a7,0xd79e62ab4f80
0x4013b5,0xa1abd8045338
0x4013ab,0x5829a6f9bf50
0x4013a1,0x28e837e82768
0x40138f,0x5829a70447d0
0x4013a7,0xea206332ea0
0x40138f,0x5829a7051c50
0x4013a1,0x28e837e823c0
0x4013a1,0x28e837e113a8
0x4013a7,0x28e837cfed58
0x4013a1,0xd79e62b75278
0x40138f,0x5829a708dfd0
0x40138f,0x5829a70925d0
0x4013a1,0xa2132207cc0
0x4013b5,0xd79e62c34738
0x4013a1,0x28e837e3ebd8
0x4013a1,0xd79e62b33d00
0x4013a1,0xd79e62b33548
0x4013a1,0x6c5370333558
0x401380,0x28e837e3e500
0x4013ab,0x71d5f3e223d0
0x401384,0xa2132190988
0x4013a1,0x28e837d27c50
0x4013a1,0xd79e62a8b388
0x4013a1,0xa2132207298
0x4013ab,0x71d5f3e07210
0x4013a1,0x28e837e52ec0
0x4013ab,0x71d5f3e55110
0x4013a1,0xa2132207c50
0x401380,0x6c5370338fc0
0x4013ab,0x71d5f3e725d0
0x4013ab,0x71d5f3e7c510
0x4013ab,0x71d5f3e898d0
0x4013a1,0xa21322047d0
0x401380,0x28e837de5700
0x4013a1,0x28e837cfe508
0x4013a7,0xa2132200998
0x4013a1,0xa21321b4fa8
0x401384,0x28e837de5100
0x4013a1,0xa21321e2740
0x401384,0xa1abd803a4c8
0x401384,0x28e837de5308
0x4013a1,0xa1abd80189a8
0x40138f,0x71d5f3e210d0
0x4013a1,0x28e837cfebf0
0x401384,0xd79e62b0e810
0x4013a7,0x5829a6edbd98
0x4013a1,0x28e837e26388
0x4013ab,0x71d5f3f07290
0x4013a1,0xd79e62a76c00
0x4013ab,0x71d5f3f0b550
0x4013a7,0xd79e62a8b550
0x4013a1,0xd79e62a9bf70
0x401384,0xd79e62ab5110
0x4013ab,0x71d5f3f22750
0x4013a7,0xd79e62bbbf48
0x4013a1,0xa1abd7ffed40
0x4013a1,0xa1abd801bdb8
0x40138f,0x71d5f3f38fd0
0x4013a7,0xd79e62bebc88
0x40138f,0x71d5f3f4dfd0
0x401380,0x28e837d27cc8
0x4013ab,0x71d5f3f00990
0x4013a1,0x28e837e525c8
0x40138f,0x71d5f3f67cd0
0x4013ab,0x71d5f3f6dfd0
0x4013a7,0xa2132200d40
0x4013ab,0x71d5f3f78990
0x401392,0xa21321e23f8
0x401384,0x28e837e05108
0x4013a7,0xa21322008c8
0x4013ab,0x71d5f3f80d50
0x4013a1,0x28e837e3dc78
0x4013ab,0x71d5f3ef5110
0x4013a1,0x6c5370333d10
0x4013a1,0xa2132207230
0x40138f,0x71d5f3f91c50
0x4013a1,0xea206332ee0
0x4013ab,0x71d5f3fb1e10
0x4013ab,0x71d5f3fb1350
0x4013ab,0x71d5f3fcc650
0x4013a1,0xa21321fbf58
0x4013a1,0xd79e62c131c8
0x4013ab,0x71d5f3fe0d50
0x40138f,0x71d5f3e2b390
0x401380,0x28e837e11c40
0x401384,0x28e837e05310
0x401380,0xea206306388
0x4013ab,0xca49da321190
0x4013ab,0xca49da31e510
0x4013a7,0xa1abd8033548
0x4013ab,0xca49da326590
0x4013a1,0x28e837e58fc0
0x4013a1,0xa1abd800dfc0
0x4013a1,0xa2132191360
0x401384,0xa2132191388
0x4013a1,0x28e837d247c0
0x401380,0xa1abd8035100
0x4013a1,0xa21321a65a0
0x4013a1,0x6c6f1e4c0998
0x4013ab,0xca49da356750
0x4013a1,0xd79e62b189a0
0x401392,0x5829a6f125f8
0x40138f,0x8ec426c71350
0x4013a7,0xe8035e467a18
0x40138f,0x8ec426c81190
0x40138f,0x8ec426c847d0
0x4013a7,0xa1abd802b550
0x401380,0x5829a7013540
0x4013a7,0xa1abd8014fa0
0x4013a1,0x5829a6edebc8
0x4013a1,0xd79e62c389a0
0x401384,0xd79e62bd5100
0x4013a7,0xd79e62a8e808
0x40138f,0x71d5f3e88b90
0x4013ab,0x8ec426cac650
0x4013a1,0xd79e62ad5118
0x4013ab,0x8ec426cd5250
0x4013a1,0xd79e62c3bf60
0x4013a7,0xd79e62be1c78
0x4013a1,0xd79e62c265b8
0x4013a7,0xd79e62bae808
0x4013a1,0xa1abd7ffa4c0
0x4013a1,0x28e837e6c648
0x4013a1,0xd79e62c21c68
0x40138f,0x8ec426d03110
0x401380,0x8ec426cebc88
0x4013a1,0xd79e62b6c1d8
0x40138f,0x71d5f3fde510
0x40138f,0x8ec426d45310
0x40138f,0x5829a6fd0f90
0x4013a1,0x28e837e32ec0
0x4013b5,0x28e837e32eb8
0x4013ab,0x8ec426d6e810
0x4013a7,0x28e837d3e500
0x4013a7,0xa1abd80098d0
0x4013a1,0xd79e62b810f8
0x4013ab,0x8ec426d92e90
0x4013a1,0xa1abd8051390
0x4013a1,0xa21321d6428
0x4013a1,0xa21321fa4d0
0x40138f,0x71d5f3fa47d0
0x40138f,0x71d5f3ee1190
0x40138f,0xca49da32cd90
0x40138f,0x8ec426de0990
0x40138f,0x71d5f3eb1c50
0x4013ab,0x8ec426df8990
0x4013a1,0xa1abd804b3a0
0x4013b5,0xa1abd800cdb8
0x4013ab,0x8ec426e16c10
0x40138f,0x5829a7096750
0x4013a1,0xa21321b2ec8
0x4013ab,0x8ec426e298d0
0x401384,0x28e837de7a00
0x4013ab,0x8ec426e33550
0x4013a1,0xd79e62ab9f80
0x4013a1,0xa1abd8019110
0x40138f,0x5829a6f925d0
0x4013a7,0x28e837e14f90
0x4013b5,0xea2063309b8
0x4013a7,0xea206330f98
0x4013ab,0x8ec426e54710
0x4013a7,0xa1abd8007a38
0x4013a1,0x28e837de7220
0x4013ab,0x8ec426e5dc50
0x40138f,0x8ec426e5e510
0x4013a1,0xd79e62b7a4c0
0x4013ab,0x8ec426e66590
0x4013ab,0x49950aa5c510
0x40138f,0x8ec426cb6750
0x4013a1,0xa2132195118
0x4013a1,0xe8035e467cc8
0x4013a1,0xd79e62a94738
0x40138f,0x255430243110
0x401384,0x98f5690dc500
0x401384,0xa1abd80447c0
0x4013ab,0x255430245310
0x401384,0xa21321b2e88
0x4013a7,0xd79e62bf1e20
0x4013a7,0xd79e62be3118
0x40138f,0x5829a7082750
0x4013a7,0xd79e62a91350
0x4013a1,0xa1abd80408f8
0x4013a1,0xd79e62af5138
0x401384,0xa21321d6c08
0x401380,0x28e837ceb548
0x40138f,0x25543029c510
0x4013a7,0xa21321e1c40
0x4013ab,0x255430275250
0x4013a1,0xa1abd8040d70
0x4013ab,0x2554302a5710
0x4013ab,0x255430280990
0x4013ab,0x255430280d50
0x40138f,0x8ec426d54710
0x4013a7,0x28e837e14708
0x40138f,0x9086531a7cd0
0x4013ab,0x9086531adfd0
0x4013a1,0xa1abd800c1f0
0x4013a1,0xd79e62ad3548
0x4013ab,0x9086531b8fd0
0x401384,0xd79e62a94f80
0x401380,0xd79e62aeb388
0x4013a1,0xd79e62b208f8
0x4013b5,0xd79e62a91c78
0x4013a1,0xd79e62bd5278
0x4013a7,0x28e837e73548
0x4013ab,0x9086531ec650
0x4013a1,0x28e837d3ebc0
0x4013ab,0x9086531f0990
0x40138f,0x51a63c4e810
0x4013a1,0xa1abd8003100
0x4013ab,0x51a63c59f90
0x4013a1,0x28e837e53d10
0x401380,0x28e837de7cc0
0x401384,0xd79e62ad31c8
0x4013a7,0x28e837e73d38
0x4013a7,0x28e837ddbf60
0x40138f,0x71d5f3f3a4d0
0x4013a7,0xd79e62a810c0
0x401384,0x5829a6f41180
0x401384,0xd79e62b80d40
0x4013a1,0xd79e62c2d780
0x4013a1,0xa7d08ad05300
0x4013a1,0xea20633bda0
0x4013a1,0x6c6f1e4c5328
0x401392,0xd79e62b7c538
0x4013ab,0x635dff9d0f90
0x4013ab,0x635dff9d6410
0x4013a7,0xea206307208
0x4013a1,0x5829a6efed60
0x4013a1,0xd79e62b7ebe8
0x40138f,0x71d5f3e85310
0x40138f,0x5829a6fb25d0
0x4013a7,0xd79e62ba08d0
0x4013ab,0x635dff9f31d0
0x4013a7,0x6c537033dc40
0x401384,0xd79e62aec650
0x4013a1,0xd79e62a53d18
0x4013a7,0x5829a6f14700
0x4013a7,0x28e837df31f8
0x4013ab,0x635dffa15110
0x40138f,0x635dffa0b550
0x401384,0xee30bb950f90
0x40138f,0x8ec426d847d0
0x0,0xd79e62b32eb8
0x4013a1,0xa1abd7ff4fa8
0x40138f,0x8ec426e047d0
0x401380,0x309dcdc5bd88
0x4013ab,0x309dcdc67290
0x4013a1,0xea206325720
0x401380,0x5829a6ec3100
0x401380,0xd79e62c36740
0x4013a7,0x28e837ca5120
0x40138f,0x309dcdc85a90
0x4013a1,0x5829a6eb9fb8
0x401380,0x5829a6f47c48
0x4013a7,0xd79e62b55118
0x40138f,0x71d5f3f46590
0x4013a1,0x5829a6ecb3b8
0x4013a1,0xd79e62c28b80
0x4013a1,0xea20630c640
0x4013ab,0x41d09e9bdc50
0x4013a7,0xd79e62acb390
0x4013a1,0xd79e62acc1d0
0x40138f,0x41d09e9ce810
0x4013b5,0x5829a6edc538
0x4013ab,0x41d09e9dbf50
0x4013a1,0xea206325310
0x4013a1,0xa1abd7ff09a0
0x4013a1,0xe8035e45c518
0x401384,0x6c5370335250
0x4013a1,0xd79e62b78fe0
0x4013a7,0xa1abd7ff3558
0x4013b5,0xa21321d25f8
0x40138f,0x635dff9e23d0
0x40138f,0x5829a7019f90
0x4013a7,0x5829a6f0c1c8
0x4013a7,0xa1abd7ff3d10
0x401380,0xd79e62b0b548
0x401384,0xd79e62be98c8
0x4013a7,0xd79e62acbcb8
0x4013a1,0xd79e62b423f0
0x4013a1,0xd79e62be8b98
0x4013ab,0x41d09ea2b550
0x40138f,0x5829a707dc50
0x401380,0x6c5370335100
0x4013a1,0xea20630c1c8
0x4013ab,0x41d09ea46390
0x4013ab,0x41d09ea531d0
0x40138f,0x5829a70408d0
0x4013a1,0xd79e62acc640
0x40138f,0x71d5f3eb9110
0x4013a1,0x309dcdc66588
0x4013a7,0x41d09ea0c650
0x40138f,0x71d5f3ed3d10
0x4013ab,0x41d09ea71e10
0x4013a1,0x28e837ca5ab8
0x40138f,0x71d5f3e56c10
0x4013a7,0x41d09ea0c1d8
0x401384,0x41d09e9c98c0
0x4013a1,0x309dcdc66380
0x40138f,0x5829a7055250
0x4013a1,0x28e837d53d10
0x4013a7,0x41d09ea21c58
0x4013a1,0xd79e62b56c30
0x4013ab,0x41d09ea91e10
0x0,0xd79e62b31e38
0x40138f,0x41d09ea98fd0
0x4013a1,0xa1abd80223f8
0x4013a7,0x5829a6f0cd90
0x4013a1,0x6c53703465a8
0x4013a1,0xd79e62ac1c58
0x40138f,0x71d5f3fa3110
0x4013ab,0xfc47cbc3ebd0
0x4013ab,0xfc47cbc31e10
0x40138f,0x255430233550
0x4013a1,0x5829a6f11e38
0x401384,0xd79e62ae98c0
0x40138f,0x79e62eca98d0
0x4013a1,0xe8035e45bda8
0x40138f,0x71d5f3f85a90
0x40138f,0x2554302a1190
0x40138f,0x71d5f3ed3550
0x4013ab,0x28d7cf410990
0x4013ab,0x28d7cf4125d0
0x40138f,0x5829a708bc90
0x4013a1,0xd79e62b56418
0x4013a1,0x28e837d91c58
0x4013a1,0xd79e62c00998
0x401380,0x28e837d91e08
0x4013ab,0x28d7cf41e510
0x40138f,0x5829a7099f90
0x4013ab,0x49950aa67cd0
0x40138f,0x49950aa67a10
0x4013a1,0xd79e62b0b398
0x40138f,0x8ec426d725d0
0x4013a1,0xea2062ed7a8
0x4013a1,0x41d09ea1c510
0x4013a1,0xd79e62b60988
0x40138f,0x635dff9cc1d0
0x4013b5,0x5829a6f0c678
0x4013ab,0x28d7cf44b550
0x4013ab,0x28d7cf44b390
0x4013a1,0xd79e62b0bc88
0x4013ab,0x41d09eaa10d0
0x4013a7,0xa1abd8022760
0x4013a1,0xee30bb9401a0
0x40138f,0x5829a7045710
0x401384,0xa1abd8050990
0x4013a1,0x5829a6f07238
0x4013a1,0xa1abd8000d50
0x4013ab,0xab8966f0c650
0x40138f,0x5829a6fa5110
0x401384,0x28e837de6380
0x4013a1,0x6c5370342768
0x4013ab,0xab8966f36750
0x4013a1,0xd79e62b21198
0x4013ab,0xab8966f40d50
0x40138f,0x5829a6fe10d0
0x4013ab,0xab8966f48b90
0x4013a1,0xd79e62c2e838
0x40138f,0xab8966f5bd90
0x4013a1,0x5829a6f47a30
0x4013a1,0xd79e62b098d8
0x40138f,0xca49da320190
0x40138f,0x51a63c525d0
0x4013ab,0xab8966f45a90
0x4013ab,0xab8966f7e510
0x4013ab,0x41d09ea9ed50
0x4013a7,0x6c537032c640
0x4013a1,0xd79e62b847d0
0x4013a7,0x28e837d531d8
0x4013ab,0xab8966f931d0
0x4013a1,0x28e837ca5300
0x40138f,0x71d5f3feb390
0x401380,0x5829a6f11c40
0x4013a1,0x5829a6ecb558
0x40138f,0x79e62ecb3550
0x4013a1,0xd79e62accd90
0x401380,0xd79e62c3ed48
0x4013a1,0x5829a6ec65a0
0x4013ab,0xab8966fc08d0
0x401384,0xd79e62b047c0
0x40138f,0x635dff9c1c50
0x4013ab,0x5829a702cd90
0x4013a1,0x41d09ea210d0
0x401384,0x28e837e7bf48
0x4013a1,0xa21321d2e88
0x40138f,0x41d09e9e7210
0x4013ab,0xab8966fec1d0
0x401380,0xea2062cb548
0x40138f,0xab8966ff25d0
0x4013a7,0xd79e62ac0198
0x4013a1,0xee30bb94e808
0x4013a1,0xd79e62ac23e8
0x4013a1,0xd79e62ad2ef8
0x4013a7,0xd79e62bd9fa0
0x40138f,0x412e73cb5110
0x4013a1,0xa21321d2ef0
0x4013b5,0xd79e62bd9138
0x401384,0xea206301c40
0x4013a1,0x41d09ea211a0
0x4013a1,0xd79e62b63110
0x4013ab,0xab896705dc50
0x40138f,0x635dffa08b90
0x40138f,0x635dff9c0d50
0x40138f,0x6c5370336410
0x40138f,0x71d5f3fa7c50
0x4013a1,0xd79e62ac6590
0x4013a1,0xa1abd7fe7290
0x4013ab,0xab8967083110
0x4013a1,0xa1abd7fed780
0x4013a1,0xd79e62b56758
0x4013ab,0xab8967087290
0x4013ab,0xab8967087210
0x4013a1,0xd79e62b5ebd8
0x4013a7,0x41d09ea0cda0
0x4013ab,0xab8967091c50
0x4013ab,0xab89670925d0
0x40138f,0xab896709c510
0x40138f,0x5829a6f8c650
0x4013a7,0xd79e62c001a0
0x4013a1,0xd79e62c3e518
0x401384,0xa1abd7fedfc8
0x4013a7,0xd79e62b55250
0x40138f,0x5829a6fb2e90
0x4013a1,0xd79e62b41c70
0x4013ab,0xab89670b1390
0x4013ab,0xab89670b2ed0
0x40138f,0x5829a7042750
0x4013a7,0xd79e62b4dfe0
0x4013a7,0xd79e62ab0990
0x40138f,0x8ec426d15250
0x4013a1,0xd79e62ac5130
0x40138f,0xab89670d1390
0x401384,0x28e837cd8fc0
0x401384,0x28e837db6740
0x4013a1,0x28e837d13558
0x4013ab,0xab89670f4710
0x4013a1,0xea20633ed58
0x4013a7,0xd79e62b8d798
0x4013a7,0xea20631bf48
0x40138f,0x8ec426cab390
0x4013a1,0xa1abd7ff1360
0x4013a7,0xa1abd7ff1388
0x4013a1,0x28e837d23138
0x4013a1,0xea206319118
0x40138f,0xc48ca901ebd0
0x40138f,0x5829a6f71350
0x4013a1,0x5829a6ec5110
0x40138f,0xc48ca902cd90
0x4013a1,0x28e837d5bf70
0x40138f,0x28d7cf463110
0x4013a1,0xd79e62b00998
0x4013a1,0xd79e62ab2ea8
0x401384,0xd79e62ab2ed0
0x4013ab,0xc48ca904b390
0x4013a7,0xa1abd7ff1e18
0x40138f,0xc48ca9051350
0x4013a1,0x28e837cc5730
0x4013a1,0x28e837cc5118
0x401384,0xa21321cbc88
0x4013a1,0xea20631bd80
0x4013b5,0x28e837cc3138
0x4013a1,0xa1abd7ff1c50
0x4013a7,0xd79e62ae63a0
0x4013a7,0x28e837d30fa0
0x4013a7,0x28e837d41180
0x4013a1,0xd79e62ae2758
0x4013ab,0x635dff9c5110
0x4013a1,0x28e837de98e8
0x40138f,0xc48ca90898d0
0x4013a1,0x5829a6ef1e20
0x4013a1,0x28e837cfbf78
0x4013a7,0xd79e62b34fa0
0x4013ab,0xc48ca908e810
0x4013b5,0xd79e62a92ef8
0x4013ab,0x5829a6f94710
0x40138f,0x5829a7062750
0x401380,0xea20633ebc8
0x4013ab,0xc48ca90a7210
0x40138f,0x309dcdc73550
0x4013ab,0xab8966f07cd0
0x4013a1,0x28e837d07200
0x40138f,0x71d5f3f85110
0x401380,0x28e837d131c0
0x4013a7,0xd79e62b71340
0x401384,0xa21321d9110
0x4013a1,0xd79e62ba23d0
0x4013a1,0xe8035e4665b0
0x4013a1,0x28e837cdbdb8
0x4013a1,0xd79e62ab3d10
0x40138f,0xc48ca90e8b90
0x401380,0xe8035e4608c0
0x401380,0x28e837db6c08
0x4013a1,0xd79e62b71380
0x4013ab,0x71d5f3f823d0
0x4013ab,0x5829a6fbbd90
0x4013a1,0xd79e62be7cc0
0x40138f,0x5829a7021c50
0x4013a1,0xd79e62ab3558
0x40138f,0x8ec426dbed50
0x4013a1,0xe8035e463118
0x4013a1,0xa21321cb578
0x40138f,0x71d5f3f423d0
0x4013a1,0x28e837cb8fc0
0x40138f,0x635dff9c5310
0x4013a1,0x28e837cd6770
0x4013ab,0xc48ca906c650
0x4013a1,0xd79e62ac08c0
0x401384,0x28e837cb5240
0x4013a1,0xea2063131c0
0x4013a1,0x28e837cc5320
0x4013a1,0x28e837cb89a8
0x4013a1,0x28e837e22750
0x401380,0xd79e62ab31c0
0x4013a1,0xa21321c6398
0x401380,0x28e837e5c508
0x4013a7,0xd79e62ba2740
0x40138f,0xab8967023110
0x40138f,0x5829a6f647d0
0x40138f,0xc48ca91298d0
0x4013a1,0xe8035e462740
0x401380,0xea206335108
0x4013a1,0xea20631c508
0x4013ab,0x71d5f3e4b550
0x4013a1,0x28e837d42748
0x40138f,0xc48ca9146590
0x4013a1,0x28e837d509a8
0x4013a1,0xea2063298f8
0x401384,0x28e837d423c8
0x40138f,0x8ec426ce7290
0x4013a7,0x28e837d19108
0x4013a1,0xd79e62c35128
0x4013ab,0xab8966f1c510
0x40138f,0x71d5f3ee1c50
0x401380,0xa1abd7fd1380
0x4013a1,0xa1abd7fd1370
0x4013a1,0xd79e62aba4f8
0x4013a7,0xea2062e2758
0x40138f,0xc48ca9080990
0x4013ab,0xc48ca9165710
0x4013a1,0x28e837d8b558
0x4013a1,0xd79e62b447e8
0x4013a1,0xd79e62af6428
0x4013a1,0xea20633e538
0x4013a7,0x28e837d30988
0x4013ab,0xc48ca9174f90
0x4013ab,0xc48ca91808d0
0x401392,0xa1abd7fe5138
0x4013b5,0x28e837dbc538
0x4013a7,0xd79e62b2b3a0
0x4013a1,0xc48ca9045308
0x4013a1,0xea2063272a0
0x40138f,0x5829a7073d10
0x4013ab,0xc48ca91925d0
0x4013ab,0xc48ca9193d10
0x4013a1,0xe8035e4663a8
0x40138f,0x8ec426c94710
0x40138f,0x8ec426e55250
0x4013ab,0xc48ca91b3d10
0x401384,0xea206336410
0x4013ab,0xc48ca91b9110
0x40138f,0x635dff9f1350
0x4013a1,0xa1abd7fe8b98
0x40138f,0xab89670c23d0
0x401384,0x28e837d5bd90
0x4013a7,0x28e837d78fe0
0x4013a1,0xa1abd7fd8fd8
0x4013a7,0xd79e62ae23d8
0x4013ab,0x71d5f3fc08d0
0x401392,0x28e837d50fb8
0x40138f,0xc48ca91d5110
0x4013a1,0x28e837e7dc48
0x4013a7,0xd79e62af6c08
0x40138f,0x9086531f1390
0x40138f,0x5829a6fec650
0x40138f,0x71d5f3fc0190
0x4013a1,0xd79e62ac3118
0x40138f,0x8ec426d86390
0x4013a1,0xa1abd8043110
0x4013ab,0x635dff9febd0
0x4013b5,0xe8035e4623f8
0x4013ab,0xd693286a5310
0x4013b5,0xa1abd7fd89b8
0x401384,0xea206311390
0x4013a1,0xea206311368
0x4013a1,0x28e837d19f80
0x4013ab,0xc48ca9031c50
0x4013a7,0xd79e62b34718
0x4013ab,0xd693286cc1d0
0x4013a1,0xd79e62b05338
0x4013a1,0xa21321e5328
0x4013a1,0xea206331350
0x40138f,0xd693286d5110
0x40138f,0x5829a6fd5110
0x4013a1,0x28e837d79fb8
0x4013ab,0xd693286eb390
0x4013a1,0xd79e62b43108
0x4013a1,0x28e837d1a4e0
0x4013ab,0xd693286f9f90
0x4013a1,0xa1abd7fe63a0
0x40138f,0xd6932870c650
0x40138f,0x71d5f3e96c10
0x401384,0xd79e62b30f80
0x4013a1,0x28e837d76c38
0x401384,0xea206331e08
0x4013a1,0xea2063313b8
0x40138f,0xd69328726390
0x4013a1,0x28e837e6d788
0x4013a1,0xea206327238
0x4013ab,0xd69328740d50
0x4013a7,0xd79e62be7a10
0x4013ab,0xd69328747c50
0x4013a1,0xd79e62b71e10
0x401380,0xea206335240
0x4013a7,0xc48ca9045a80
0x4013a1,0xa1abd7fdbf40
0x401384,0x28e837d9e508
0x4013a1,0xd79e62b8dff8
0x4013ab,0xd69328771c50
0x4013ab,0xd69328772e90
0x4013b5,0x28e837dccdb8
0x4013a7,0xd79e62bd6758
0x4013a1,0xd79e62aee820
0x4013a1,0xd79e62b663b8
0x4013a1,0xa21321e5738
0x4013a1,0xd79e62b309a8
0x40138f,0xca49da347210
0x4013a1,0xd79e62be7c58
0x4013ab,0x2149a6cb4710
0x4013a1,0x28e837ce5720
0x40138f,0x2149a6cbdc50
0x4013ab,0x2149a6cc10d0
0x4013ab,0x2149a6cc1190
0x4013ab,0x2149a6cc47d0
0x40138f,0x2149a6cd0f90
0x4013ab,0x2149a6cd1c50
0x40138f,0x71d5f3f20990
0x4013ab,0x2149a6cc23d0
0x4013a1,0x28e837dad788
0x4013a1,0xea2063098f8
0x4013a1,0x28e837dd09b8
0x4013ab,0xe2032d89dc50
0x4013a1,0x28e837cd9f98
0x4013a1,0xa1abd7fdc500
0x4013a7,0xe8035e45dc40
0x401384,0x28e837d7a4c0
0x4013a1,0x28e837d9ed68
0x4013a7,0xd79e62b2bc90
0x40138f,0xc48ca91647d0
0x4013ab,0xe2032d8cd790
0x40138f,0x8ec426c82750
0x4013ab,0xe2032d8d2ed0
0x4013a1,0xa1abd7fddc58
0x4013ab,0xe2032d8d5250
0x4013a1,0x28e837d76758
0x4013ab,0xab8967032ed0
0x4013a1,0xea206301188
0x4013a1,0x28e837d76418
0x4013ab,0xe2032d8e0d50
0x4013a7,0xd79e62b66580
0x4013ab,0xe2032d8e7cd0
0x4013ab,0x5829a6fbbf50
0x4013a1,0xa21321d9f88
0x4013ab,0xe2032d8eb390
0x40138f,0x257ba86e23d0
0x40138f,0xe2032d8f0990
0x4013a7,0x5829a6ec5a90
0x401380,0xa1abd7fe5700
0x4013ab,0xc48ca91adfd0
0x4013ab,0x71d5f3f9ed50
0x4013a1,0xd79e62ac5338
0x4013ab,0xe2032d90b550
0x4013a1,0xa1abd7fe47e0
0x40138f,0xab8966fe5310
0x4013a7,0xd79e62b45710
0x4013a1,0xe8035e4610c0
0x4013a1,0xd79e62a6d7a0
0x4013a1,0xd79e62af6760
0x4013a7,0xa21321d25f8
0x4013a1,0xa1abd7fd1e00
0x40138f,0x71d5f3f40190
0x4013ab,0xe2032d950990
0x4013a1,0xd79e62b05130
0x4013a1,0xa1abd7fecd80
0x4013ab,0xe2032d95bf50
0x4013ab,0xe2032d95c510
0x4013a1,0xea206339fa8
0x4013a1,0xe8035e461190
0x4013ab,0xe2032d967210
0x40138f,0x5829a6eba4d0
0x4013ab,0xe2032d951c50
0x4013a1,0x28e837dce838
0x4013ab,0xe2032d974f90
0x4013ab,0xe2032d976410
0x401392,0x28e837db6438
0x4013ab,0xe2032d979110
0x4013a1,0x6c537032d780
0x401380,0x28e837cd9108
0x4013a7,0x6c537032dfc8
0x4013a7,0xd79e62b45300
0x4013a1,0xea2062e3138
0x4013a1,0xa1abd8013570
0x40138f,0x5829a70247d0
0x401380,0xa21321e5a88
0x4013a1,0xa1abd7fd1c60
0x4013ab,0x66598a767cd0
0x4013a1,0xea2062e23f0
0x4013ab,0x66598a779110
0x40138f,0x66598a780d50
0x4013a1,0x28e837d07a20
0x4013ab,0x66598a782750
0x40138f,0x71d5f3e67a10
0x4013ab,0x66598a78c1d0
0x4013a1,0xa1abd8013d28
0x4013a1,0xd79e62abed68
0x4013a1,0xd79e62ac47d8
0x4013a1,0xea20630e830
0x4013a1,0xa1abd7fe5a98
0x4013a1,0xd79e62abebc8
0x4013ab,0x66598a7b3d10
0x4013a1,0xd79e62b45138
0x4013a1,0x28e837d79118
0x401380,0xea206314f80
0x4013ab,0x66598a7c7cd0
0x4013a7,0xd79e62b05708
0x40138f,0x66598a7cc650
0x4013ab,0x66598a7d1e10
0x40138f,0x66598a7d31d0
0x4013ab,0x71d5f3e3ed50
0x4013a1,0x28e837cd6430
0x4013a7,0xa1abd7fde508
0x401380,0xa21321cb380
0x40138f,0x8ec426e2e810
0x4013a1,0xd79e62a54fa0
0x4013a1,0xd79e62a698c0
0x4013a1,0xc48ca9045718
0x4013ab,0x66598a7fa4d0
0x401384,0xea206336750
0x4013a1,0xa1abd7fdbda0
0x4013ab,0x66598a80e810
0x4013a1,0x28e837d8b3b8
0x401384,0xa1abd7fe5308
0x40138f,0x66598a8210d0
0x40138f,0x71d5f3ed31d0
0x4013a1,0xea206310fa8
0x4013a1,0x28e837d9ebc8
0x40138f,0x71d5f3f20d50
0x40138f,0x66598a8423d0
0x4013a1,0xd79e62b71c70
0x4013a7,0xd79e62ac5708
0x4013a1,0xea206327c60
0x40138f,0x8ec426d50990
0x4013a1,0x28e837d023c8
0x4013a1,0x28e837ce98c8
0x40138f,0x6af9d6d27cd0
0x401384,0xe8035e460188
0x4013a1,0xea206303118
0x401384,0xd79e62a7e510
0x4013a1,0xea20632c660
0x4013a1,0xa21321a7210
0x401384,0xd79e62af25c8
0x4013a1,0xea20630b390
0x4013b5,0x28e837d989b8
0x4013a1,0x28e837db25c0
0x4013a1,0x28e837cd0fb0
0x401380,0xa1abd8016400
0x4013a1,0xa1abd8016c10
0x4013a1,0xd79e62ac0990
0x4013ab,0xab8966fc47d0
0x4013a7,0xd79e62b19108
0x40138f,0x71d5f3ee98d0
0x4013ab,0x6af9d6d898d0
0x4013a1,0xa21321c47f8
0x4013b5,0xea2063125f8
0x401384,0xea206314710
0x40138f,0x6af9d6d90990
0x40138f,0x71d5f3fe7a10
0x40138f,0x6af9d6d91350
0x4013a1,0xea2062fbf68
0x4013ab,0x6af9d6d94710
0x401380,0x28e837c9ed40
0x4013a1,0x28e837dcc670
0x40138f,0x635dff9fbf50
0x4013a1,0x28e837d07cf8
0x40138f,0x5829a6f66590
0x40138f,0x71d5f3f6c1d0
0x4013a7,0xd79e62ae5aa0
0x4013a1,0xa21321bbd90
0x4013a1,0xea206313570
0x4013a7,0x28e837d05110
0x40138f,0x6af9d6dac650
0x40138f,0xab89670210d0
0x40138f,0x6af9d6db2ed0
0x4013a1,0x28e837d05aa8
0x4013a1,0xa1abd7fded68
0x4013a7,0xd79e62a925d0
0x4013ab,0x6af9d6dd25d0
0x4013a7,0x5829a6ef1c40
0x4013ab,0x6af9d6dd3d10
0x40138f,0x5829a6fb8990
0x4013a1,0xd79e62b008c8
0x4013a1,0xd79e62ae01a8
0x401384,0x28e837cb5108
0x4013a1,0xd79e62ae6580
0x401380,0xa21321a7288
0x40138f,0x8ec426de7210
0x4013a1,0x28e837c99110
0x4013a7,0x28e837d05318
0x4013ab,0x6af9d6e05a90
0x4013a1,0xd79e62b26388
0x4013ab,0x6af9d6db6750
0x40138f,0xab8966f56410
0x4013a1,0xd79e62abbdb0
0x401384,0xea2062ec1c8
0x4013a1,0xd79e62b0d780
0x4013a1,0xa213218e828
0x40138f,0x41d09ea40190
0x4013ab,0x6af9d6e39110
0x4013a1,0xa1abd7fe98e0
0x4013a1,0xd79e62abc500
0x40138f,0x8ec426ce7210
0x4013a1,0xd79e62ac5a88
0x4013a1,0xd79e62ae5328
0x4013ab,0x6af9d6e42750
0x4013ab,0x6af9d6e45110
0x4013b5,0x28e837e7a4f8
0x401384,0x6c6f1e4c3108
0x4013ab,0x6af9d6e4b390
0x4013ab,0x6af9d6e5bf50
0x4013ab,0x6af9d6e20d50
0x4013a7,0xd79e62a9ebd8
0x40138f,0x41d09e9d31d0
0x40138f,0x6af9d6e65310
0x4013a1,0xd79e62a51e20
0x401384,0xd79e62aa98d0
0x4013a1,0xea20632cdb0
0x4013ab,0x6af9d6e88b90
0x4013ab,0x6af9d6e931d0
0x4013ab,0x6af9d6e95110
0x40138f,0x6af9d6e96410
0x4013ab,0xab8966f19110
0x4013ab,0x6af9d6e9bd90
0x4013ab,0x6af9d6e9bf50
0x4013a7,0x28e837cf0f98
0x4013b5,0x28e837e60d78
0x4013a1,0x28e837d623c8
0x4013a1,0xd79e62b27c58
0x4013ab,0x6af9d6eb8990
0x4013b5,0xd79e62c498f8
0x4013a1,0xd79e62bdbdb8
0x4013a1,0xea206311c58
0x401384,0x28e837e223d0
0x40138f,0x6af9d6ee0190
0x401384,0xa1abd7fd5240
0x4013a1,0x28e837d59130
0x4013ab,0x6af9d6ee5710
0x4013a7,0xa21321e7220
0x4013ab,0x6af9d6ee47d0
0x40138f,0x5829a70a1c50
0x40138f,0xab89670c2750
0x401384,0xa1abd8011e00
0x4013a7,0xd79e62c2b560
0x40138f,0x5829a6fc1c50
0x4013a1,0x28e837e51388
0x4013ab,0x6af9d6ee2750
0x4013a1,0xd79e62b25308
0x4013a7,0x28e837cf1c50
0x4013a7,0x28e837dd6420
0x4013a1,0xa21321f3570
0x4013a7,0xd79e62a9c500
0x40138f,0x6af9d6ea5110
0x4013a1,0xea2062d5138
0x40138f,0xc48ca90808d0
0x4013a7,0xea2062e98e0
0x4013a1,0xd79e62c0c650
0x4013a1,0x28e837d2dfd8
0x4013a1,0xea20632b380
0x4013a1,0xa1abd8025130
0x4013a1,0x28e837ca3118
0x40138f,0x8414a34f9f90
0x4013a7,0x28e837dc6380
0x4013a1,0x28e837ce10d8
0x40138f,0x5829a7014710
0x4013ab,0x8414a34ec650
0x4013ab,0x8414a34ec1d0
0x4013ab,0x8414a3500190
0x4013ab,0x8414a350bc90
0x40138f,0x8414a3513d10
0x4013ab,0x8414a3518990
0x4013a1,0x28e837d5ebe0
0x40138f,0x8414a3533550
0x4013a1,0xea2062c5310
0x4013a1,0xd79e62b13578
0x4013a1,0xd79e62ae1c48
0x4013ab,0x8414a35447d0
0x40138f,0x255430228b90
0x4013a1,0xea2062f1e10
0x4013a7,0xea2062f1340
0x4013a1,0xea2062c5108
0x40138f,0x8414a3555110
0x4013ab,0x8414a355a4d0
0x4013a7,0x28e837dc2758
0x4013a7,0xa1abd8027cd0
0x4013ab,0x7ebb3c7b31d0
0x4013b5,0xe8035e45ebf8
0x40138f,0x7ebb3c7c0990
0x401384,0xa21321bdc48
0x4013a1,0x28e837d62770
0x4013a1,0xa1abd80047f0
0x4013a7,0xea20630b558
0x4013a1,0xea2062d5270
0x4013a1,0xe8035e45e518
0x401392,0x28e837d8cdb8
0x401380,0xd79e62b247c0
0x4013ab,0xc2041aa91e10
0x401392,0x28e837e10fb8
0x4013a1,0xd79e62a79fa0
0x4013ab,0x24d6558c3110
0x401392,0xea2062ebcb8
0x40138f,0x41d09ea5bf50
0x4013a1,0xd79e62b85ab0
0x401380,0x6c6f1e4cdfc0
0x4013a1,0xd79e62b07a20
0x401392,0x28e837d3bf78
0x4013a1,0x8ad3301be508
0x4013a1,0xa1abd80465a8
0x4013a1,0x28e837d525f0
0x4013ab,0xd7cc94e54710
0x40138f,0xc2041aa80190
0x4013a1,0x28e837d25a98
0x4013ab,0x7ebb3c7a7210
0x401384,0xd79e62a74710
0x40138f,0x8ec426de7c50
0x4013ab,0xd7cc94e5ed50
0x401384,0x28e837d5c510
0x4013a1,0x28e837d86388
0x4013a1,0x28e837d65130
0x401380,0xa1abd8016740
0x4013ab,0xd7cc94e7bd90
0x4013a1,0xa21321f6c30
0x401384,0x28e837d38fd0
0x4013ab,0x9086531b6410
0x4013a1,0xd79e62aa8b90
0x4013ab,0xdd2838a32ed0
0x4013ab,0xdd2838a3e510
0x4013ab,0xdd2838a45110
0x401384,0xea2062f31c0
0x4013a1,0x28e837d71e30
0x4013a1,0xd79e62c2bc80
0x4013a1,0xd79e62af0fb8
0x4013a7,0x28e837d59f90
0x4013a7,0xa21321ec1d8
0x4013a1,0xea2062d8ff0
0x40138f,0x8ec426ca7210
0x401380,0xea2062fe500
0x4013a1,0xa1abd7fe0990
0x4013a1,0x28e837d725d0
0x401380,0x28e837d3bd88
0x4013a1,0xa1abd7feb570
0x4013a7,0xa1abd7febc80
0x4013a7,0xd79e62bd3548
0x4013a1,0x28e837d38990
0x4013a1,0x28e837d16400
0x4013ab,0xdd2838a81190
0x4013ab,0xdd2838a823d0
0x4013a1,0x28e837ca6588
0x4013a7,0x28e837ce47d8
0x401384,0x28e837d5a4d0
0x4013ab,0xdd2838aa5110
0x4013a7,0xea20632bc98
0x4013ab,0xdd2838aae810
0x4013b5,0xa1abd7fd6438
0x40138f,0x878ddf9d9110
0x4013a1,0xa1abd8048b80
0x40138f,0x878ddf9e10d0
0x40138f,0x8414a34fdc50
0x4013ab,0x878ddf9e47d0
0x40138f,0x8ec426cadfd0
0x4013a1,0xea2062f1c70
0x4013a1,0x28e837cb1388
0x4013ab,0x878ddf9f5110
0x401384,0xd79e62a5a4c0
0x401384,0xd79e62a87208
0x401380,0x28e837ca23c0
0x4013a7,0xea2062c1c50
0x40138f,0x5829a7079f90
0x4013b5,0xd79e62ae11b8
0x4013a7,0xa21321ecda0
0x4013a1,0x28e837ca2758
0x4013b5,0xa1abd7fd6778
0x4013ab,0x8876f30008d0
0x40138f,0x8414a3535110
0x4013a1,0x28e837c92e80
0x40138f,0xe2032d8b3550
0x40138f,0x71d5f3fa7a10
0x4013a1,0x8ad3301bebf0
0x4013ab,0x8876f300e810
0x4013a1,0xea2062c1198
0x40138f,0x71d5f3f67210
0x4013a1,0xd79e62bfbda0
0x40138f,0x635dff9c7a10
0x401392,0xa1abd80325f8
0x4013a1,0xd79e62c0cda0
0x4013a1,0x6c537034b548
0x4013a7,0xa1abd80208c8
0x4013a7,0xd79e62a865a0
0x4013ab,0x8876f303bf50
0x4013ab,0x8876f3035250
0x4013a1,0xa21321f6410
0x4013ab,0x8876f30447d0
0x40138f,0x71d5f3f66390
0x40138f,0x8876f304e810
0x4013a7,0xd79e62b85118
0x4013a1,0x28e837d56c20
0x4013ab,0xab8966fcd790
0x4013a1,0xa1abd803c508
0x4013a7,0x28e837d9bd80
0x401384,0x28e837cf4f90
0x4013a1,0x28e837d56400
0x40138f,0x635dff9edfd0
0x4013ab,0x8876f3071c50
0x4013ab,0x8876f307a4d0
0x40138f,0xd69328752e90
0x4013a1,0x28e837e709a0
0x401380,0xd79e62c45708
0x4013a1,0xd79e62a4e818
0x4013a7,0xa1abd7fd6c20
0x4013a7,0xd79e62a5c518
0x4013a1,0x28e837d36c28
0x4013a1,0xa2132196770
0x401384,0xd79e62a9a4d0
0x40138f,0x1db2ec6d2e90
0x4013a1,0xd79e62af4fa8
0x4013a1,0x28e837cd1e20
0x4013a1,0xa1abd7fe23f8
0x4013a7,0x28e837d210c8
0x4013ab,0xf3453b2098d0
0x40138f,0x71d5f3f91e10
0x401380,0x28e837cba4c0
0x40138f,0xf3453b210f90
0x4013a1,0x28e837c9a4c8
0x4013ab,0x1db2ec6dbd90
0x4013a7,0xd79e62b25a80
0x4013ab,0x8d9869033d10
0x4013b5,0x28e837d2d7b8
0x401384,0xd79e62a62740
0x4013a1,0xd79e62ad1358
0x401384,0xd79e62ad1380
0x40138f,0x5829a6f725d0
0x4013a1,0x28e837cbc528
0x40138f,0x635dff9bebd0
0x4013a1,0x28e837d36748
0x4013a1,0xd79e62a65118
0x40138f,0x8d9869047c50
0x4013a1,0xa21321e7a18
0x4013a7,0x28e837e1bd98
0x4013ab,0x8d986904dfd0
0x4013a1,0xd79e62a67238
0x4013a1,0x28e837dabca0
0x401384,0x28e837cbbf40
0x4013ab,0x8d9869061190
0x4013a1,0xd79e62ae47e0
0x4013a1,0xd79e62c45aa0
0x4013a7,0xea20632d790
0x40138f,0x8d9869085310
0x4013ab,0x8d986908dfd0
0x40138f,0x8d9869090f90
0x4013ab,0x8d9869096750
0x4013ab,0x4d2bb47c0d50
0x401384,0xd79e62b12e88
0x4013ab,0x8876f3078fd0
0x40138f,0xb381a40190
0x4013a1,0x28e837d11340
0x4013a1,0xd79e62a99f88
0x40138f,0x5829a6f67a10
0x40138f,0x255430233d10
0x4013ab,0x11e281dfc510
0x40138f,0x11e281e01190
0x4013a7,0xa2132196c10
0x401384,0xa21321a7cc8
0x4013a1,0x28e837e40188
0x4013ab,0x32bd14b87a10
0x4013ab,0x32bd14b8d790
0x40138f,0x5829a70623d0
0x4013a1,0xd79e62a70f98
0x4013a7,0xe8035e465718
0x4013a7,0xa1abd8036410
0x4013a1,0xa1abd7fd9118
0x4013a1,0x28e837e65300
0x4013ab,0x32bd14bb5110
0x40138f,0x635dff9c10d0
0x4013a1,0xa1abd8015110
0x4013a1,0xd79e62b25718
0x4013a1,0xa21321f9f98
0x401380,0xd79e62c47a00
0x4013a1,0x28e837e001a0
0x4013a1,0x28e837d0e808
0x4013a1,0xd79e62ab1e30
0x40138f,0xab8966ff2ed0
0x4013a7,0x28e837d4c650
0x401380,0x6c6f1e4cc1c0
0x401380,0xa21321f9108
0x401384,0xa1abd803bd90
0x401384,0xd79e62a8c1c8
0x4013a7,0xa21321ec650
0x4013ab,0x32bd14be98d0
0x4013a1,0xd79e62a7a4f0
0x4013ab,0x32bd14bf3550
0x401380,0xd79e62aa0988
0x4013ab,0x32bd14bfbf50
0x401392,0x28e837e009b8
0x4013a1,0xd79e62a87cd8
0x4013a1,0x28e837cb6438
0x4013a7,0xd79e62ab1c50
0x401384,0xd79e62aa08d0
0x4013a7,0xe8035e465308
0x4013ab,0x32bd14c30990
0x4013a7,0xa1abd804dfc0
0x4013a1,0xa1abd8036c08
0x4013a1,0x28e837d66398
0x401392,0xd79e62aa01b8
0x4013ab,0x32bd14c39110
0x40138f,0x32bd14c3a4d0
0x4013a1,0xd79e62c47c60
0x4013a1,0xd79e62a6c1c0
0x40138f,0x5829a7045a90
0x4013a1,0xa21321d4fa8
0x4013a7,0xa21321e7c48
0x4013a1,0x28e837ca8b80
0x40138f,0x32bd14c55250
0x40138f,0x32bd14c5bf50
0x4013ab,0x32bd14c5e510
0x4013a1,0xd79e62ae8ba0
0x40138f,0xe2032d8a7a10
0x4013a1,0x28e837cd1390
0x4013a1,0xd79e62c47cc8
0x4013a1,0xd79e62ae10f0
0x4013ab,0x32bd14c86590
0x401380,0xd79e62a65a80
0x4013a1,0x28e837ded798
0x40138f,0x71d5f3f647d0
0x4013a1,0xd79e62b823c0
0x401384,0xa21321a10d0
0x401392,0xa1abd8011e00
0x40138f,0x8ec426cabc90
0x4013ab,0x32bd14ca0d50
0x4013ab,0x32bd14ca0190
0x4013a7,0xd79e62a86398
0x4013a1,0xa1abd8032ef0
0x401384,0xd79e62b90980
0x40138f,0x8ec426d87cd0
0x4013a1,0x28e837da08c0
0x4013ab,0x32bd14cb0990
0x4013a1,0x6c537034bc98
0x40138f,0x32bd14cb3d10
0x401392,0x28e837d25138
0x4013ab,0x32bd14cb8fd0
0x4013a1,0x28e837e70fb8
0x4013a1,0xd79e62a51398
0x4013ab,0x8876f30847d0
0x4013a7,0xd79e62b85320
0x4013a1,0xd79e62a6bcb0
0x4013a1,0x28e837d52ee0
0x4013a1,0xa21321f3d28
0x4013ab,0x32bd14cc7a10
0x401380,0x28e837d71348
0x40138f,0x32bd14cd5110
0x4013a1,0x28e837d065a0
0x40138f,0x32bd14cec650
0x4013a1,0x28e837cb1c78
0x4013a1,0xea2062c2770
0x4013ab,0x32bd14d07290
0x4013a1,0x28e837e1c518
0x4013a7,0x28e837e247d0
0x4013ab,0x32bd14d13d10
0x4013ab,0x32bd14d05310
0x4013a1,0xea2062c23c8
0x4013a1,0xea20631a4c8
0x4013ab,0x32bd14d1bd90
0x4013a1,0xa1abd8025338
0x4013a1,0x28e837cc10f8
0x4013ab,0x32bd14d210d0
0x4013a1,0x28e837cd4728
0x4013ab,0x32bd14d325d0
0x40138f,0x5829a70731d0
0x4013a1,0x28e837d39f90
0x4013a1,0x28e837e3c510
0x401380,0xa21321d8fc8
0x4013a1,0x28e837d06398
0x4013a1,0xd79e62af1c50
0x4013a1,0x28e837d113a8
0x4013a1,0x28e837c9bf60
0x4013a1,0xd79e62c4e810
0x401380,0x28e837cbbd88
0x4013a1,0xa1abd8028b88
0x4013a1,0xd79e62a59fa0
0x4013a1,0xd79e62a70980
0x4013ab,0x32bd14d86390
0x4013a1,0x6c6f1e4cb3b8
0x401380,0xd79e62ac98c8
0x40138f,0x69dd93b81c50
0x401384,0xd79e62aab550
0x40138f,0x6af9d6d11350
0x4013a1,0x28e837e008f0
0x4013a7,0x28e837e51350
0x40138f,0x69dd93bb1c50
0x4013ab,0x69dd93bb2e90
0x4013a7,0xd79e62b98988
0x4013b5,0x28e837e51c78
0x4013a1,0x28e837c8d7b8
0x4013ab,0xe470055e7210
0x40138f,0x8ec426cd9f90
0x4013ab,0x688775bec1d0
0x40138f,0x71d5f3e9dc50
0x4013ab,0x688775bf2ed0
0x401380,0xd79e62a71c48
0x4013ab,0x688775bf25d0
0x4013a1,0xd79e62c47238
0x4013a1,0x28e837d01198
0x4013a7,0x28e837d01c50
0x4013a1,0xd79e62a713b0
0x40138f,0x5829a7071c50
0x401380,0xea2062f3d08
0x4013a1,0xd79e62a67cc8
0x4013ab,0x688775c05310
0x4013a1,0x28e837e408d8
0x401384,0xd79e62a8c640
0x4013a1,0x28e837d10f80
0x4013ab,0x688775c1a4d0
0x401380,0x6c6f1e4ccd88
0x40138f,0xab8966f1ebd0
0x4013a7,0xa21321b9108
0x4013ab,0xc5e52af65a90
0x4013ab,0x133ad1cadfd0
0x4013a1,0xa1abd8015248
0x4013ab,0x133ad1cb4710
0x4013a1,0xd79e62ad1c48
0x40138f,0x71d5f3ffbf50
0x4013a1,0xd79e62ab13a0
0x4013a7,0x28e837dfbd90
0x40138f,0xc48ca911e510
0x4013a1,0x6c6f1e4c2740
0x4013a1,0xd79e62b25100
0x4013b5,0xe8035e465138
0x4013a1,0xe8035e465a98
0x401384,0x6c6f1e4cc650
0x4013ab,0x133ad1cc5710
0x4013a1,0x28e837cbed48
0x4013ab,0x133ad1cc7c50
0x4013a1,0xd79e62c0e800
0x4013ab,0x133ad1cc8b90
0x4013a1,0x28e837e65710
0x40138f,0x71d5f3efbd90
0x4013ab,0x133ad1cd4710
0x4013a7,0xa1abd8020d40
0x4013a1,0x28e837e1bf78
0x40138f,0x5829a6f71c50
0x4013ab,0x133ad1ce1190
0x4013a1,0xd79e62af09a0
0x4013a1,0xa1abd8032e88
0x40138f,0xab8966fb0990
0x4013a1,0xa1abd8031c50
0x4013a1,0x28e837da0990
0x4013a1,0xd79e62bc1c68
0x40138f,0x133ad1ceb550
0x4013a1,0xd79e62b82768
0x4013ab,0x8414a3511390
0x40138f,0x133ad1cec650
0x4013a1,0xd79e62a5bf50
0x4013a1,0xd79e62a72e98
0x4013a7,0xd79e62a72ec0
0x4013a1,0x28e837d325c0
0x4013a1,0x6c537034b3a8
0x4013a1,0x28e837d872a0
0x4013ab,0xac6d9b8d8fd0
0x401380,0x28e837d87a00
0x4013ab,0xc48ca903c510
0x4013a7,0xa1abd7fd31d0
0x40138f,0xac6d9b8e1190
0x4013a7,0x28e837cf3550
0x4013ab,0x3a0447243110
0x40138f,0x3a0447245310
0x4013ab,0x3a04472447d0
0x4013a1,0x28e837d87238
0x4013a1,0x5829a6f10f90
0x401384,0xd79e62bc10c8
0x40138f,0x71d5f3f725d0
0x4013a7,0xd79e62a663a0
0x4013ab,0xcdaaa6e31390
0x4013ab,0xcdaaa6e34f90
0x401380,0xd79e62b90f80
0x4013ab,0x99d8269d25d0
0x40138f,0x5829a6f71e10
0x4013ab,0x3a0447241c50
0x4013a1,0xa21321fed70
0x4013a1,0x28e837e447c8
0x4013a1,0xd79e62aa5aa8
0x4013a1,0x28e837db31f0
0x4013a1,0xd79e62b12ec8
0x4013a1,0x28e837e409a8
0x4013ab,0xbf7dd5e6dfd0
0x4013a1,0xd79e62bb3570
0x401380,0x28e837dedfc8
0x4013ab,0xbf7dd5e80d50
0x401380,0x5829a6f10988
0x4013a1,0x28e837d125c8
0x4013a1,0xa21321b9f80
0x40138f,0x6c5370336750
0x40138f,0x255430298fd0
0x40138f,0x908653191350
0x4013a1,0x28e837ce8bb0
0x4013a1,0x28e837cb6778
0x401392,0x8876f3039138
0x4013a1,0x28e837cd5138
0x401384,0xa1abd80325f8
0x4013a1,0x28e837cd5270
0x401384,0x28e837cf6750
0x4013ab,0xaf4780c91e10
0x4013a1,0xd79e62c2b398
0x4013ab,0xb6605692b550
0x4013a1,0xa1abd80201b8
0x4013a7,0xa1abd80247d0
0x40138f,0x5829a7056c10
0x4013ab,0xb66056947c50
0x4013a1,0xa1abd8025a88
0x40138f,0x2149a6cb2e90
0x401384,0x28e837e009b8
0x4013ab,0xb66056958990
0x4013ab,0xbcd57edf6410
0x401384,0xea2062c5a88
0x4013a7,0xd79e62a6c660
0x4013a1,0x28e837e647f0
0x4013ab,0xbcd57ee16410
0x40138f,0xc48ca90010d0
0x4013a1,0xd79e62a50fa0
0x4013a1,0x28e837cbe528
0x40138f,0xbcd57ee26390
0x4013a1,0xa1abd80211a8
0x40138f,0x6af9d6dacd90
0x4013a1,0xd79e62a67c60
0x4013ab,0xbcd57ee58990
0x40138f,0xdd2838a41c50
0x4013a1,0xa1abd80125f8
0x40138f,0x5829a6fb8fd0
0x4013ab,0xbcd57ee45310
0x4013a1,0xd79e62a623d8
0x4013a1,0xa1abd8012e80
0x4013a1,0x6c6f1e4cb558
0x40138f,0x51a63c6dfd0
0x40138f,0xbcd57ee7dc50
0x4013a1,0xd79e62a898e8
0x401380,0xa1abd8021c48
0x40138f,0x255430230990
0x401380,0xa1abd8038988
0x4013a1,0xea2063331f0
0x401384,0x28e837cf6410
0x4013a1,0xa1abd803bf70
0x4013a1,0x28e837d12eb8
0x4013a7,0x28e837d12ee0
0x4013ab,0xbcd57eea10d0
0x401384,0xd79e62c45108
0x4013a7,0xa1abd8036750
0x401392,0xd79e62ad1380
0x401384,0xd79e62ad1e10
0x40138f,0xbcd57eeb0990
0x401384,0xd79e62c45310
0x40138f,0xdd2838a7bd90
0x4013b5,0x28e837cd1c78
0x4013a1,0x28e837d611b8
0x4013a1,0x28e837d61c48
0x4013a1,0x28e837d14728
0x4013a7,0xd79e62bd3d00
0x401384,0x28e837ce7cc8
0x4013a1,0x28e837d72ec0
0x401380,0x28e837d1bf48
0x4013b5,0x28e837d72eb8
0x40138f,0xc48ca90823d0
0x40138f,0xbcd57eed1e10
0x401384,0xd79e62a71e00
0x4013a1,0xd79e62a65730
0x401384,0xa1abd8025708
0x4013a7,0x28e837d5e520
0x4013ab,0x90739203bf50
0x4013a1,0xd79e62b13d30
0x4013a1,0xd79e62af4720
0x4013a1,0x28e837e51e20
0x4013a1,0x28e837c8dfd8
0x4013ab,0x90739204b550
0x40138f,0x907392059f90
0x4013a1,0xea206308b80
0x4013a1,0x28e837dab3b0
0x4013a1,0xea2062f1380
0x4013b5,0xea2062f1340
0x4013ab,0x907392060190
0x401384,0xd79e62aa0d48
0x401380,0xd79e62af1e00
0x4013a1,0xd79e62aab388
0x4013a7,0xd79e62b07c50
0x4013a1,0xa21321f5138
0x40138f,0x635dffa06590
0x4013ab,0x907392090990
0x4013a1,0x6c6f1e4cd790
0x4013ab,0x907392098990
0x4013ab,0x90739209ebd0
0x4013a7,0x28e837d11c58
0x4013a1,0x28e837d010c8
0x4013ab,0x9073920b8990
0x4013ab,0xff3c8d5c08d0
0x40138f,0x71d5f3f4cd90
0x4013ab,0xff3c8d5cb550
0x40138f,0x71d5f3ee10d0
0x401384,0x28e837d25308
0x4013a7,0x28e837d39118
0x40138f,0xff3c8d5ed790
0x4013a1,0x28e837ca6380
0x4013ab,0xff3c8d5f5110
0x40138f,0xff3c8d5f8990
0x4013a1,0xd79e62b125d8
0x40138f,0x90865317dc50
0x4013a1,0xd79e62a672a0
0x4013a7,0xd79e62ab1360
0x4013ab,0xff3c8d611390
0x4013a1,0x28e837decdb8
0x40138f,0xab8967032e90
0x4013a1,0xa1abd8038ff8
0x4013ab,0xff3c8d62e810
0x4013a1,0xd79e62a87c70
0x4013a1,0x98f5690dbda0
0x4013a7,0x28e837d4c1d8
0x4013a7,0x28e837d4cda0
0x4013ab,0xd6fa9536dfd0
0x4013a7,0xea206333558
0x4013a1,0x28e837e65ab8
0x40138f,0x8ec426cd31d0
0x4013a1,0xd79e62a71348
0x4013a7,0xea20632b548
0x4013a7,0x28e837cd1350
0x4013a1,0x98f5690dbf40
0x4013ab,0xd6fa953823d0
0x40138f,0x71d5f3f59f90
0x4013a1,0x28e837d87cc8
0x4013a1,0xa1abd80210d8
0x4013ab,0xff3c8d5e08d0
0x401384,0xd79e62a99110
0x40138f,0xd6fa9539dc50
0x40138f,0x8ec426c925d0
0x401392,0x6c6f1e4c23f8
0x401380,0x28e837db3540
0x4013b5,0x6c6f1e4c10f8
0x4013a1,0xd79e62bc6398
0x4013a1,0xd79e62c472a0
0x4013a1,0x28e837dab550
0x401380,0x28e837da0180
0x4013a1,0xd79e62bb3d28
0x4013a1,0x28e837dec668
0x40138f,0x5829a6f67290
0x401384,0xd79e62c1c500
0x401392,0xd79e62b90980
0x4013a7,0x28e837db5110
0x4013a1,0xa1abd8027c40
0x401380,0x28e837da0d48
0x4013a1,0xd79e62ac7228
0x4013ab,0xd6fa953f2ed0
0x40138f,0xd6fa953f5110
0x4013a1,0xd79e62b98fe0
0x4013a1,0x28e837dfbf70
0x4013a7,0x28e837e60d78
0x401384,0xd79e62a58990
0x4013a1,0xd79e62ac7c50
0x4013ab,0xd6fa95413d10
0x401392,0xd79e62a8c640
0x40138f,0xca49da336750
0x4013a1,0xd79e62a872b0
0x4013a1,0x28e837e423e8
0x4013a7,0x28e837d10990
0x4013ab,0xd6fa954247d0
0x4013a1,0xd79e62a58fe8
0x4013a1,0xd79e62a50988
0x4013a7,0xea20633a4c8
0x4013a1,0x28e837e40d50
0x401380,0xd79e62bc1180
0x4013a1,0xea2062f3540
0x40138f,0xd6fa954447d0
0x4013ab,0xd6fa95445a90
0x4013ab,0xd6fa95446590
0x40138f,0x5829a6fa3110
0x4013a7,0xea2062d6740
0x4013a1,0xd79e62bd89b0
0x4013a7,0x28e837cd3d10
0x40138f,0x66598a7cc1d0
0x401384,0x28e837db3d10
0x40138f,0x8ec426ce6390
0x4013a1,0xa21321d4720
0x401380,0x8876f3039f88
0x4013a7,0x28e837e60998
0x40138f,0xbcd57ee1c510
0x4013a1,0xa1abd8011348
0x40138f,0xab8966fe5710
0x4013a1,0xa1abd8012ee8
0x4013a1,0xd79e62bc65a0
0x4013a1,0x28e837d65338
0x40138f,0x8d986906cd90
0x4013a7,0xd79e62c447d8
0x40138f,0x51a63c6c650
0x4013a1,0x28e837cf6c08
0x40138f,0xc48ca91d5250
0x4013a1,0xd79e62bb31c8
0x4013a7,0xa21321e7288
0x4013a7,0x28e837e608c8
0x4013a7,0xd79e62ac7a08
0x4013a1,0xa21321c65a0
0x4013a7,0xd79e62ac7ce0
0x40138f,0xc48ca9147210
0x401384,0x28e837cbebd0
0x4013a1,0x28e837d65a88
0x40138f,0x8ec426cd8990
0x4013a7,0x28e837d65708
0x401380,0x28e837e1dc40
0x40138f,0x71d5f3e67c50
0x4013ab,0xd6fa954cc1d0
0x4013a1,0x28e837c9c528
0x4013ab,0x8414a34ded50
0x4013ab,0xd6fa954dbd90
0x4013a7,0xa21321bbf58
0x4013a1,0xd79e62af3578
0x4013a7,0x28e837dccdb8
0x4013a1,0x28e837ca47d8
0x4013a1,0xd79e62badfe8
0x4013a1,0xd79e62a7dc48
0x40138f,0x8ec426d86590
0x401384,0x28e837d8cdb8
0x401384,0xea2062fbd88
0x4013a7,0xea2062fa4c8
0x4013a7,0xa1abd7fd4f90
0x40138f,0xd6fa955008d0
0x4013a7,0xd79e62a51358
0x4013ab,0xd6fa95506590
0x4013a7,0x28e837d989b8
0x4013a1,0xa21321f5270
0x4013a1,0x28e837e498e0
0x401380,0xea2062d8980
0x4013b5,0x28e837cf09b8
0x4013a1,0x28e837d9bf60
0x401380,0xd79e62afc500
0x4013a7,0xa1abd7fe0198
0x4013b5,0xd79e62a9c500
0x4013a1,0xd79e62afa4f8
0x4013a1,0xd79e62bfbf40
0x401384,0x28e837cc1188
0x40138f,0x71d5f3e73550
0x4013a1,0x28e837d665a0
0x401380,0x28e837ce7288
0x4013a1,0x28e837d75108
0x4013ab,0x32bd14d27c50
0x4013ab,0xd6fa95546590
0x4013a1,0x28e837d34f90
0x4013a1,0x28e837cc0d50
0x4013a1,0xa21321d89a0
0x4013ab,0xd6fa9555ed50
0x4013a1,0xd79e62a65320
0x40138f,0x71d5f3e4c650
0x4013ab,0xd6fa9556dfd0
0x401380,0x6c6f1e4c8b88
0x4013a7,0x28e837cb1348
0x4013a1,0x6c6f1e4cbca8
0x401384,0x28e837cf4708
0x4013ab,0xd6fa9555ebd0
0x40138f,0xab8966fdbd90
0x40138f,0x8ec426d6dfd0
0x40138f,0x90865318e810
0x40138f,0x8ec426de2750
0x4013a1,0x28e837d16740
0x40138f,0x71d5f3e8c1d0
0x4013ab,0xd9e9d65ecd90
0x40138f,0x8ec426d8c650
0x40138f,0x5829a702b550
0x4013a7,0x6c537033bd80
0x4013ab,0xe2032d9023d0
0x40138f,0x41d09ea40990
0x4013b5,0x28e837d5ed78
0x40138f,0xab8966f56c10
0x40138f,0x71d5f3f1e510
0x4013a1,0xd79e62b131d0
0x4013a7,0x28e837cb6c18
0x40138f,0xd6fa95427c50
0x401384,0xd79e62a7c508
0x4013a7,0xd79e62a67a18
0x4013ab,0x18bc3f6bebd0
0x4013a1,0x28e837e00d68
0x4013ab,0xd9e9d6602750
0x4013a1,0x28e837cc1c58
0x401380,0x28e837d25700
0x4013a1,0xd79e62a6b560
0x4013a1,0xa1abd7fe08c0
0x4013a7,0xa1abd7fe0d60
0x4013a1,0x28e837d34708
0x4013a7,0xa1abd7fe2760
0x4013ab,0xd4cb943c5710
0x4013a7,0xa1abd7feb390
0x4013ab,0xd4cb943c5310
0x4013a1,0xa21321f6750
0x40138f,0x5829a6fc7cd0
0x4013a1,0x28e837db9138
0x4013a7,0x28e837db9f98
0x4013ab,0xd4cb943dbf50
0x4013a1,0x28e837d75240
0x401384,0x28e837d15248
0x4013a1,0x28e837d87c60
0x40138f,0xd4cb943edfd0
0x4013a1,0xd79e62a85ab8
0x401380,0x28e837e65108
0x401384,0xd79e62a8cd90
0x40138f,0x91f0d2dc98d0
0x4013a1,0x28e837e601b8
0x4013a1,0x28e837d36408
0x401392,0x28e837c9bdb8
0x4013a1,0x28e837d1bd98
0x4013a1,0xd79e62c0c1d8
0x4013a1,0xd79e62a59100
0x4013ab,0x91f0d2de7210
0x4013a1,0xea20633dc58
0x4013ab,0x91f0d2df5110
0x4013a1,0x28e837d16c20
0x4013a1,0xd79e62bd31e0
0x401384,0xea2062ecd90
0x4013a1,0x28e837db0990
0x4013a1,0x28e837e298c8
0x4013a7,0x28e837d85318
0x401384,0x8ad3301bed50
0x401392,0xd79e62a6b3b8
0x4013ab,0x91f0d2dcdfd0
0x4013ab,0x998897f6bc90
0x4013ab,0x8ec426e65110
0x4013ab,0x998897f74f90
0x4013ab,0x998897f85310
0x4013a1,0x6c537033ebf0
0x4013ab,0x998897f925d0
0x401384,0x6c537033ed50
0x40138f,0x9086531b5250
0x40138f,0x635dff9ed790
0x4013ab,0x998897f99f90
0x4013a1,0xd79e62a85300
0x40138f,0x8ec426d87c50
0x4013a7,0xa1abd8020998
0x4013a1,0xa1abd7fd3d08
0x4013ab,0x998897fa5110
0x4013a1,0x6c6f1e4c1c60
0x4013a7,0x28e837d6bca0
0x4013a1,0xa1abd8027218
0x4013ab,0xd4cb943f31d0
0x40138f,0x71d5f3ec5a90
0x40138f,0x41d09ea2d790
0x4013a1,0x6af9d6ef4f90
0x4013ab,0xd4cb943f3550
0x4013a7,0x28e837dae820
0x401384,0x998897f73d00
0x401380,0xd79e62aa5300
0x4013a1,0xea2062bed40
0x4013ab,0x998897fd1c50
0x4013ab,0x998897fd3550
0x4013a1,0xd79e62a5bdb0
0x4013a1,0xd79e62a66580
0x4013ab,0x5829a6f60190
0x4013ab,0x998897fda4d0
0x40138f,0x5829a700bc90
0x40138f,0x11e281e023d0
0x40138f,0x635dffa1bf50
0x4013a1,0x998897f731e0
0x4013ab,0x99889800cd90
0x401384,0xa980922fc500
0x4013b5,0xd79e62a56c38
0x40138f,0x9086531e47d0
0x4013a1,0xa1abd8027280
0x40138f,0x998898015250
0x4013a7,0x28e837e39f88
0x40138f,0x8ec426cba4d0
0x4013b5,0xea2062d6438
0x4013a7,0x28e837cf3d08
0x4013a1,0x28e837d823e0
0x4013a1,0x5829a6f48ba8
0x4013ab,0x99889802cd90
0x4013a7,0x28e837d6b550
0x4013a7,0x6c6f1e4c1190
0x401380,0xd79e62a85108
0x4013a1,0xd79e62bab398
0x4013a1,0xd79e62babc88
0x4013a1,0x5829a6ebc510
0x4013a1,0xac6d9b8de530
0x40138f,0xc48ca90f1e10
0x4013a7,0x28e837db5248
0x401384,0xee30bb94c1d0
0x40138f,0xc48ca90f1c50
0x401380,0xee30bb94cd80
0x4013a1,0xa1abd7fd3550
0x40138f,0xab8966fe1190
0x40138f,0x5829a6f8dfd0
0x40138f,0x99889807e510
0x401380,0xd79e62bab548
0x4013a1,0x28e837e41c40
0x4013a7,0xea2062d6c20
0x4013ab,0x998898087290
0x401384,0xee30bb94c648
0x401380,0xd79e62aa47c8
0x40138f,0x9086531ae810
0x40138f,0x8ec426c96410
0x4013a1,0x28e837cf13a0
0x4013a7,0x28e837cd3558
0x4013a1,0x28e837d74f88
0x401380,0x5829a6eda4c0
0x4013a1,0x28e837d847e0
0x4013a1,0x28e837e411b0
0x4013a1,0x28e837d32eb0
0x4013a7,0x28e837d32ed8
0x4013ab,0x9988980b4f90
0x40138f,0x6af9d6ec98d0
0x4013a1,0xac6d9b8ded50
0x40138f,0x8ec426d5dc50
0x4013a7,0xa21321fe510
0x4013a1,0x28e837e38ff8
0x401380,0xa1abd8011c48
0x40138f,0x28d7cf43ed50
0x4013a7,0xa1abd8031e18
0x401384,0x28e837e42750
0x4013a1,0x28e837cb3d28
0x4013a1,0xd79e62aa5700
0x4013a7,0xd79e62a725d0
0x4013ab,0x9988980da4d0
0x4013a1,0x28e837e0e810
0x4013a1,0xea2062be520
0x401380,0xac6d9b8debc0
0x4013a1,0x28e837e410e0
0x4013ab,0x9988980e6390
0x401384,0xd79e62aa5110
0x4013a1,0x28e837dec1f0
0x4013ab,0xd4cb943debd0
0x4013a1,0xd79e62bd8fc8
0x4013a1,0xa1abd80113b0
0x4013a1,0xd79e62a85710
0x4013a7,0xd79e62b07290
0x40138f,0x71d5f3e39f90
0x4013a1,0x28e837cc08d8
0x4013a1,0xea2062c10c8
0x401392,0xea2062ec678
0x40138f,0xc48ca9047cd0
0x4013a1,0xd79e62a78fe8
0x4013a1,0x28e837cc23e8
0x4013a7,0xa1abd804d7a0
0x4013ab,0x998898125110
0x4013ab,0x998898136410
0x4013ab,0x998898138fd0
0x40138f,0xca49da347c50
0x40138f,0x908653196750
0x4013a1,0xd79e62a6cd88
0x4013a1,0x28e837c909a0
0x4013ab,0x99889813ebd0
0x40138f,0x71d5f3f91390
0x4013a1,0xa1abd804e808
0x4013a1,0xd79e62b07cf8
0x40138f,0x635dff9f9f90
0x4013a1,0xd79e62b07200
0x401392,0xd79e62a5a4c0
0x4013a7,0xea206333d10
0x40138f,0x5fdc43ecb550
0x401380,0xd79e62aabc88
0x4013a1,0x28e837cadfe0
0x401384,0x28e837d3bf40
0x4013a1,0x28e837ce7a30
0x4013a1,0xd79e62a7ebd0
0x4013a7,0x28e837ce1c60
0x4013a1,0x28e837c92ee8
0x4013ab,0x5fdc43ef4710
0x4013a1,0x28e837ce7210
0x4013a1,0x6af9d6ef4708
0x4013ab,0x5fdc43efdc50
0x4013a1,0x28e837d14fb0
0x4013ab,0x5fdc43f023d0
0x4013a1,0x28e837cd4fb0
0x401380,0x28e837cc47c8
0x40138f,0x71d5f3ec5310
0x40138f,0x635dff9c0190
0x4013a1,0xd79e62c331d8
0x4013a1,0x28e837c9e510
0x4013b5,0xd79e62c33578
0x4013a1,0x28e837ce11a8
0x4013ab,0x5fdc43f15250
0x4013ab,0x5fdc43f15110
0x4013a1,0xea20632dff0
0x4013ab,0x5fdc43f3ed50
0x4013a1,0x28e837dc23f0
0x40138f,0x5fdc43f4b550
0x4013a7,0x28e837d85110
0x4013ab,0x5fdc43f40d50
0x4013a1,0xd79e62afdc58
0x4013a1,0x28e837e109a8
0x4013ab,0x5fdc43f408d0
0x4013a1,0x28e837dd6c18
0x4013a1,0x28e837d8c670
0x401384,0x28e837d71c50
0x4013b5,0x28e837cad7b8
0x4013a1,0xea2062c5720
0x40138f,0x5fdc43f698d0
0x4013a7,0x28e837d5ed78
0x40138f,0xc48ca9080d50
0x40138f,0x5fdc43f8bc90
0x4013ab,0x5fdc43f58fd0
0x4013a1,0xa21321d5248
0x4013a1,0x28e837db2eb0
0x401380,0x28e837db2ec0
0x40138f,0x5fdc43fa0d50
0x4013ab,0x5fdc43fa2750
0x40138f,0x635dff9f8fd0
0x4013a7,0xd79e62bad788
0x4013a1,0xa21321f31c8
0x4013ab,0x5fdc43fb1e10
0x4013a1,0x28e837d21c68
0x4013a1,0xa21321e7cf0
0x4013a7,0x28e837dd6760
0x401384,0x28e837c9bdb8
0x4013a1,0x28e837cdc510
0x4013a7,0x28e837d21198
0x40138f,0x635dff9c1190
0x4013a1,0x28e837d713a0
0x4013a1,0x28e837d86590
0x4013a1,0x28e837db0fa8
0x4013a1,0xd79e62b06598
0x4013a1,0x28e837d9a4f8
0x40138f,0x28d7cf43e510
0x40138f,0x635dffa1ebd0
0x4013a1,0x6c537033bf60
0x4013a1,0xd79e62ac7290
0x4013a1,0xa1abd80298c8
0x4013a7,0xd79e62a51c48
0x4013a1,0xa21321e47c0
0x4013a7,0x28e837c93560
0x4013a1,0x28e837d410f0
0x401384,0xea2062f5250
0x40138f,0x5fdc4400b390
0x4013a1,0xd79e62addc48
0x4013ab,0x5fdc440047d0
0x4013a7,0x28e837cf9100
0x4013a1,0xea2062fc518
0x4013a7,0xe8035e45ed60
0x4013a1,0xa21321d5110
0x40138f,0x907392096750
0x4013a1,0x28e837dba4e0
0x4013ab,0x5fdc4402cd90
0x4013ab,0x5fdc44015110
0x40138f,0x71d5f3f298d0
0x4013ab,0x5fdc44042750
0x4013b5,0xc48ca9045ab8
0x40138f,0x8ec426d0c650
0x4013a1,0xd79e62a9e530
0x4013ab,0x5fdc44013550
0x40138f,0x5fdc440498d0
0x4013a1,0x28e837c96750
0x4013a7,0x28e837d83108
0x4013ab,0x5fdc44051350
0x4013a1,0xd79e62ae08f8
0x401384,0xd79e62b27a10
0x4013a7,0x28e837d447e0
0x4013a1,0x28e837c99fb0
0x4013b5,0x28e837d223f8
0x4013a1,0xd79e62b27298
0x4013a1,0xd79e62b27230
0x4013ab,0x5fdc440131d0
0x4013a1,0x5829a6eccdb8
0x4013a1,0xd79e62af2e90
0x4013a1,0x28e837d05700
0x40138f,0x71d5f3fd9110
0x40138f,0xfc47cbc31390
0x4013ab,0x5fdc440a0990
0x40138f,0x49950aa67210
0x4013ab,0x5fdc440a7a10
0x40138f,0x635dff9bed50
0x4013a1,0x28e837dddc68
0x40138f,0xca49da336410
0x4013a7,0xea2063125c0
0x4013a1,0xd79e62af31d0
0x40138f,0x1a04b576c650
0x401380,0xea206327a00
0x40138f,0x635dff9c98d0
0x4013ab,0x97192ff9ed50
0x401384,0xea2062ebcb8
0x4013a1,0xd79e62af2ef8
0x4013a7,0x28e837dc6588
0x4013a1,0x28e837cc09a8
0x40138f,0x71d5f3f02750
0x40138f,0x8ec426ca7a10
0x4013ab,0x1a64fc5c5710
0x4013ab,0x1a64fc5cb550
0x4013a1,0x28e837d85aa8
0x4013a7,0x28e837de3118
0x4013a1,0xd79e62a79100
0x401380,0xa21321a7c48
0x4013a7,0xa1abd7fd4708
0x4013a1,0xea206312e88
0x401380,0x28e837cfbd80
0x4013a7,0x28e837da6398
0x4013a1,0xea2062eb570
0x4013ab,0xa53a10474710
0x40138f,0xab8966f05110
0x4013a7,0xd79e62ac0d60
0x40138f,0xc48ca9047a10
0x4013b5,0x28e837d411b8
0x4013a1,0x28e837da8b90
0x4013a1,0xd79e62af3d30
0x40138f,0x71d5f3facd90
0x40138f,0xfc47cbc325d0
0x4013a1,0x28e837c95138
0x40138f,0x908653196c10
0x4013a1,0xd79e62b26590
0x4013a1,0xd79e62b27cc0
0x4013a1,0xea20631dc60
0x4013ab,0x71d0d5890990
0x4013ab,0x71d0d5891c50
0x4013a1,0x28e837c96c30
0x4013a1,0x6c6f1e4d0990
0x4013ab,0x71d0d58a8b90
0x4013a1,0xd79e62b00d40
0x4013a1,0x28e837c9ebf8
0x40138f,0x71d5f3e3ebd0
0x401384,0x28e837e6dfd0
0x4013a7,0xd79e62b001a0
0x4013ab,0x71d0d58b31d0
0x40138f,0x8ec426d87210
0x4013a1,0xea206305338
0x4013a1,0xd79e62a92e98
0x4013a7,0xd79e62a92ec0
0x4013a1,0xd79e62ae5738
0x4013a1,0x6c6f1e4d0fa8
0x401380,0xea2062f5100
0x4013a1,0x28e837c96410
0x4013ab,0x71d0d587bf50
0x4013a1,0xd79e62ae5120
0x4013a1,0xea2062febd8
0x4013a1,0xea20632c1e8
0x4013a1,0xea206305130
0x401384,0xd79e62ae0988
0x40138f,0xd69328711e10
0x4013a1,0x28e837d22740
0x4013a7,0x28e837da65a0
0x4013ab,0xa53a10481c50
0x4013a1,0xd79e62c33d38
0x4013ab,0x71d0d58ee810
0x4013a1,0xa21321a1c70
0x4013ab,0xa53a10480d50
0x40138f,0xe2032d9247d0
0x40138f,0x71d5f3fa7cd0
0x4013ab,0x5fdc44085310
0x40138f,0x71d5f3e87210
0x40138f,0x8ec426ca7cd0
0x4013a1,0x28e837cd09a0
0x4013a1,0xea20630bc80
0x40138f,0x8ec426d45710
0x40138f,0x2149a6cc7a10
0x4013a1,0xd79e62bb5130
0x401384,0xd79e62b0dfc8
0x40138f,0x71d0d59131d0
0x4013ab,0x71d0d590c1d0
0x4013ab,0x5fdc4407a4d0
0x401384,0xea2062eb390
0x4013a1,0x28e837c95270
0x40138f,0x8ec426d36750
0x4013a1,0x28e837d8c1f8
0x4013a1,0xd79e62a9ed50
0x4013a1,0x28e837dc8b98
0x4013a1,0x28e837d98fd8
0x4013a1,0x28e837d85700
0x401380,0xa21321a1188
0x4013a1,0xea2063047f8
0x40138f,0xff3c8d5bebd0
0x4013a1,0x28e837c931f8
0x40138f,0x71d0d5954710
0x4013ab,0x5fdc43f9dc50
0x401384,0xa1abd7fd5108
0x401392,0xea2062c3138
0x40138f,0x6af9d6efe510
0x401380,0xd79e62a74f80
0x4013a1,0x28e837d56740
0x4013ab,0xd4cb943d5110
0x4013a7,0xea206315250
0x401380,0x28e837d52e88
0x40138f,0x635dffa0bc90
0x4013ab,0x932ec403ebd0
0x401384,0x28e837e10fb8
0x40138f,0x635dff9c08d0
0x40138f,0x932ec404bc90
0x4013b5,0x6c537033bd80
0x401384,0x28e837d15110
0x4013a1,0xd79e62a87a00
0x4013a1,0xd79e62c3c518
0x401380,0xd79e62a6e808
0x4013ab,0x8ec426cf9f90
0x4013a1,0xd79e62af1360
0x401384,0xd79e62af1388
0x4013a1,0x28e837c925f8
0x4013a1,0x28e837d11e38
0x4013ab,0x932ec407bd90
0x40138f,0x5829a7018990
0x4013a7,0xd79e62a78990
0x4013ab,0xcc2ca36ee810
0x40138f,0x71d5f3febc90
0x401380,0x28e837ce7c48
0x40138f,0x71d5f3e3e510
0x40138f,0x8ec426d36410
0x4013a1,0x28e837cb1e18
0x4013ab,0x932ec40a1c50
0x40138f,0x8ec426e010d0
0x4013a1,0xa2132196430
0x4013a7,0x28e837d72eb8
0x4013a1,0x28e837d88ba0
0x401392,0x28e837cb5278
0x4013a1,0xd79e62a7ed70
0x40138f,0x71d5f3f6c650
0x4013a1,0x28e837cc0188
0x4013a7,0xa1abd7fd6740
0x4013a7,0xea206315118
0x4013a1,0xd79e62b19f80
0x40138f,0x5829a7071350
0x4013a1,0x28e837c90fb8
0x40138f,0x66598a81bd90
0x4013a7,0x28e837cc2750
0x4013ab,0xafd74f936750
0x4013a1,0xa1abd80463a0
0x4013a1,0xd79e62bdbf58
0x40138f,0x51a63c60990
0x4013ab,0xafd74f94cd90
0x4013a1,0xd79e62b06390
0x401384,0x28e837d08b88
0x40138f,0x51a63c52e90
0x4013a1,0x28e837d610e8
0x4013ab,0x5829a7023110
0x4013a7,0x28e837cc3100
0x4013b5,0xa1abd7febcb8
0x4013a1,0x28e837dc98c8
0x40138f,0x71d5f3e87c50
0x40138f,0x41d09e9e5710
0x4013ab,0xafd74f960d50
0x4013a1,0xea2062fed78
0x40138f,0xca49da330990
0x4013a1,0xea206312ef0
0x4013ab,0xafd74f966590
0x4013a7,0x28e837c93d18
0x4013ab,0xafd74f9731d0
0x401384,0xea206305708
0x4013ab,0xafd74f97ed50
0x4013a1,0xd79e62bb5268
0x4013a1,0xd79e62ae0d70
0x4013a1,0xea206305a88
0x40138f,0x5829a708b550
0x401380,0x28e837cc5a80
0x4013a1,0xe8035e460980
0x40138f,0x71d5f3e56750
0x4013a7,0x5829a6ef1350
0x4013a1,0xa1abd7fdebc8
0x4013a1,0x28e837dcc1f8
0x40138f,0x5829a6fb0990
0x401384,0x28e837cd6c10
0x4013a1,0xd79e62bd6c10
0x4013ab,0xd6fa954f6750
0x40138f,0x5829a708cd90
0x4013a1,0xd79e62c35260
0x4013a7,0xd79e62ae3108
0x4013ab,0xafd74f991c50
0x4013a1,0xd79e62b85708
0x4013a7,0x28e837cf9fa0
0x4013a1,0x5829a6ecc668
0x40138f,0x71d5f3e56410
0x40138f,0xafd74f9a23d0
0x4013ab,0xafd74f9a8b90
0x4013a1,0x28e837d41c50
0x40138f,0x71d5f3f0d790
0x4013ab,0xafd74f9b0990
0x4013ab,0xafd74f9b6c10
0x4013a1,0xa21321a7a30
0x4013a1,0x5829a6ecc1f0
0x40138f,0x71d5f3fae810
0x40138f,0x71d5f3fa7210
0x4013ab,0xafd74f9d3d10
0x4013ab,0x66598a835250
0x4013a1,0xd79e62ab0f80
0x4013ab,0xafd74f9e0d50
0x40138f,0xafd74f9e6390
0x40138f,0x635dff9c8b90
0x4013a1,0xea206336c08
0x40138f,0x71d5f3e73d10
0x4013a1,0x28e837d55108
0x4013a1,0x28e837d02770
0x4013a1,0xa21321e5120
0x40138f,0xab8966f87cd0
0x4013a7,0xd79e62bd6418
0x4013a1,0x5829a6ef1390
0x40138f,0x5829a6f95250
0x4013ab,0xafd74f9f2ed0
0x40138f,0xafd74f9f9110
0x401384,0x28e837d07c50
0x4013a1,0xea206327cc8
0x4013a1,0x28e837d55240
0x4013a1,0x28e837cdbf58
0x4013a7,0xd79e62c498f8
0x4013ab,0x66598a834f90
0x40138f,0x5fdc43f35250
0x4013b5,0xd79e62b665b8
0x4013a7,0xd79e62b2b540
0x40138f,0x8ec426e30990
0x4013ab,0xc677dabee810
0x4013a1,0xa1abd7fe3128
0x4013ab,0xc677dac05a90
0x4013a7,0xd79e62abe508
0x4013a1,0xea206331c40
0x4013a1,0x5829a6ec5318
0x40138f,0x8ec426cd8fd0
0x4013a7,0xd79e62ac2758
0x4013dc,0x5829a6ec5120
0x4013a1,0xd79e62b05a88
0x4013a1,0x28e837d898e8
0x4013a1,0xd79e62be7298
0x4013ab,0xc677dac23110
0x4013a1,0xd79e62b03100
0x4013a1,0xa1abd7fda4f8
0x4013ab,0x81c0a28a5a90
0x4013a7,0xe8035e461c48
0x4013a1,0xd79e62abdc78
0x401384,0xa1abd7fe5100
0x4013ab,0xf3bd7d70d790
0x4013ab,0xf3bd7d71a4d0
0x4013a1,0xc48ca9045100
0x4013a1,0xd79e62a6dfc0
0x4013ab,0xf3bd7d731c50
0x4013a1,0xd79e62acb570
0x401380,0xd79e62ab25c8
0x4013ab,0xf3bd7d740190
0x4013ab,0xca49da3331d0
0x401384,0xe8035e460d50
0x40138f,0x8ec426e131d0
0x4013a1,0x98f5690da4f8
0x4013a1,0xa1abd7fd9fb8
0x40138f,0xab8966fdbf50
0x4013a1,0xea206318988
0x4013b5,0x5829a6ef1c78
0x4013a1,0xd79e62abbf50
0x4013a1,0x28e837d13d10
0x4013a1,0x28e837d789a0
0x4013a1,0xd79e62be7230
0x4013ab,0xf3bd7d76c1d0
0x4013a1,0x28e837dbdc78
0x4013a1,0xd79e62bc7a08
0x4013a1,0x5829a6ece820
0x4013a1,0x309dcdc59120
0x4013ab,0x32bd14ba7a10
0x40138f,0x5829a6fa5710
0x401384,0x5829a6f47cc8
0x40138f,0x41d09e9ec1d0
0x40138f,0xd69328768b90
0x4013a1,0xd79e62a80d70
0x4013ab,0x71d5f3e131d0
0x4013a1,0x5829a6f463a0
0x4013a1,0xd79e62c36c10
0x40138f,0x71d5f3e4b390
0x4013a1,0x5829a6f465a8
0x4013a1,0x5829a6f08b80
0x40138f,0x71d5f3ed25d0
0x4013a1,0xd79e62b10fa8
0x40138f,0x71d5f3e67290
0x4013a7,0xd79e62b60d58
0x401392,0x309dcdc5bf78
0x4013ab,0xf3bd7d7dbf50
0x4013ab,0xf3bd7d7e1c50
0x4013ab,0x8ec426e1c510
0x40138f,0x5829a6fe1190
0x401384,0x28e837de6588
0x4013a1,0xd79e62bc7c78
0x401392,0x309dcdc59fb8
0x4013a7,0xea2063223d8
0x4013a1,0xd79e62a808f8
0x4013ab,0xf3bd7d818fd0
0x4013a1,0xd79e62bc7ce0
0x4013a1,0xd79e62ab6c20
0x401392,0x28e837de63b8
0x4013a1,0xea206322758
0x40138f,0xca49da3208d0
0x4013ab,0xf3bd7d83ebd0
0x40138f,0xf3bd7d84c650
0x4013a1,0xd79e62b10990
0x4013ab,0xf3bd7d851c50
0x4013ab,0x32bd14b9bd90
0x40138f,0x71d5f3e67210
0x4013ab,0xf3bd7d8647d0
0x4013a7,0x6c537032cd90
0x4013a1,0x28e837ca5710
0x4013a1,0x5829a6ec5728
0x4013a7,0xd79e62b410d0
0x401380,0xea2063010c8
0x40138f,0xab8966f25a90
0x4013a1,0xea2062cb398
0x4013a1,0xa1abd80131c8
0x4013a1,0x28e837ce5108
0x401380,0x28e837dcd780
0x401384,0x28e837dd0f90
0x4013a1,0x28e837dcdff8
0x4013a7,0xd79e62ac1188
0x4013b5,0xe8035e45dc78
0x4013ab,0xf3bd7d899110
0x4013a1,0xea206319fb8
0x4013a1,0xd79e62b45a90
0x4013a7,0x28e837ce5a88
0x401392,0xea206301c78
0x4013a1,0xa1abd7fe65a8
0x4013a1,0xea20632e800
0x40138f,0x8ec426dac650
0x4013a7,0xd79e62b60190
0x401384,0xd79e62b78988
0x40138f,0x5829a7055110
0x40138f,0x5829a7040190
0x4013ab,0xf3bd7d8b3550
0x4013ab,0xf3bd7d8b5250
0x4013ab,0xf3bd7d8b6c10
0x4013a1,0xd79e62c00d40
0x401380,0xd79e62c36400
0x401380,0xa1abd7fe7cc8
0x4013ab,0xf3bd7d8cbc90
0x4013ab,0xf3bd7d8d3550
0x4013a7,0xa1abd7fec658
0x4013ab,0xab8966fb1390
0x4013ab,0xf3bd7d8da4d0
0x40138f,0x5829a6f6c1d0
0x4013a1,0xd79e62ac10f8
0x4013a7,0xd79e62b411a0
0x4013ab,0xf3bd7d8e3110
0x4013a7,0xd79e62ad25c8
0x40138f,0xf3bd7d8ec650
0x40138f,0x41d09e9d3550
0x40138f,0xfc47cbc31c50
0x4013a7,0xd79e62b5e518
0x4013a1,0x28e837cd8980
0x4013ab,0x1a70aa6e6590
0x4013ab,0x1a70aa6e8b90
0x401384,0x28e837d07290
0x4013a1,0xa1abd7fe7228
0x40138f,0x28d7cf43c510
0x401380,0x28e837c9dc40
0x4013a7,0xd79e62b42758
0x4013a1,0x5829a6f113a8
0x4013a1,0xd79e62b5ed78
0x40138f,0x908653191e10
0x40138f,0xab8966fe5a90
0x4013a1,0x28e837e7bd80
0x4013a1,0xd79e62b40d60
0x40138f,0x635dff9be510
0x4013a1,0xd79e62a54718
0x4013a1,0xea206313d28
0x40138f,0x1a70aa719110
0x4013a1,0xea206310990
0x4013ab,0x5829a6f9c510
0x4013ab,0x32bd14d55110
0x401380,0xea206311e08
0x4013a1,0x28e837dc47d8
0x40138f,0x5829a702bc90
0x401380,0x28e837dadfc0
0x4013a1,0xd79e62b409b8
0x4013a1,0xd79e62c3dc58
0x4013a1,0xd79e62b40198
0x4013ab,0x1a70aa743110
0x4013ab,0x71d5f3f59110
0x40138f,0x71d5f3e85710
0x4013a1,0xea2062cbc88
0x4013a1,0x6c53703463a0
0x4013a1,0x28e837d9dc70
0x401392,0xd79e62b047f8
0x4013a1,0xd79e62b408e8
0x401384,0xa1abd7fe7a08
0x4013a1,0xd79e62b6e838
0x40138f,0xc48ca91cd790
0x4013a1,0x28e837ce5310
0x4013ab,0x1a70aa7808d0
0x40138f,0x25543027e510
0x40138f,0x71d5f3e31390
0x4013a7,0xd79e62bd9100
0x4013a1,0x5829a6f11340
0x40138f,0x2554302a1c50
0x40138f,0x1a70aa78c650
0x401384,0xea206318fc8
0x4013a1,0x28e837d8bca8
0x4013a7,0x28e837d9c520
0x4013a7,0x5829a6edc500
0x4013ab,0x1a70aa79bf50
0x40138f,0x1a70aa7a0d50
0x4013a1,0xea206339108
0x4013a7,0xa1abd7fec1e0
0x4013a1,0xd79e62ad2e90
0x4013b5,0xd79e62acbcb8
0x4013ab,0x1a70aa7b4710
0x40138f,0x71d5f3f72e90
0x4013ab,0x11e281e03110
0x401380,0x41d09e9da4c8
0x4013a7,0xd79e62b608e0
0x4013ab,0x1a70aa7c10d0
0x401384,0x28e837e847c8
0x4013a1,0xa1abd7fe7c50
0x4013a1,0xd79e62a847c0
0x4013ab,0x71d5f3f72ed0
0x40138f,0x71d5f3f51390
0x4013a1,0xa1abd7ff0fb8
0x401384,0xd79e62c3ebc0
0x40138f,0x8ec426ca8b90
0x40138f,0xab89670a7290
0x4013a1,0x28e837d91368
0x401384,0x28e837d91390
0x4013a1,0xd79e62ac6388
0x4013a7,0xea206325a88
0x4013a1,0xea2062d0fa0
0x4013a7,0x5829a6f0c640
0x4013ab,0x1a70aa811e10
0x4013a1,0xea20630cd90
0x40138f,0x8ec426d2b390
0x4013ab,0x1a70aa81dc50
0x4013ab,0x1a70aa8210d0
0x4013a1,0xd79e62a801a8
0x4013a1,0xe8035e45bf48
0x4013a1,0xa1abd8000188
0x401380,0xd79e62ab8980
0x40138f,0x5829a7054710
0x401384,0xd79e62a80988
0x4013a7,0xd79e62aac1d0
0x4013a1,0xd79e62b210c8
0x4013a1,0xd79e62ab8ff0
0x4013a1,0xa1abd7ff5268
0x4013a1,0xd79e62bf9108
0x4013ab,0x1a70aa851350
0x4013ab,0x1a70aa852e90
0x40138f,0x5829a6f90f90
0x4013a1,0xd79e62bf9fa8
0x4013a1,0xd79e62b298c8
0x4013a7,0xee30bb9498d8
0x401384,0xd79e62c27cc8
0x4013a1,0xa1abd80008d8
0x4013ab,0x1a70aa867210
0x401380,0x5829a6f47288
0x40138f,0x71d5f3e8cd90
0x4013b5,0x28e837df31f8
0x4013ab,0x1a70aa86b550
0x401380,0xd79e62c27288
0x40138f,0x635dff9c0990
0x4013a1,0xa1abd7ff4720
0x4013ab,0x1a70aa880190
0x401384,0xd79e62bb6740
0x40138f,0x71d5f3fbbd90
0x401380,0x28e837e80d48
0x4013ab,0x1a70aa887cd0
0x4013a1,0xee30bb9408f0
0x4013a1,0x5829a6f072a0
0x4013a1,0xd79e62b87c48
0x4013a7,0xea20630d790
0x401380,0xd79e62bd1c40
0x40138f,0x635dffa19f90
0x4013a1,0xd79e62bac678
0x4013a7,0xd79e62b14f98
0x4013a1,0xd79e62bc23d8
0x40138f,0x71d5f3f92ed0
0x4013a1,0xd79e62c098d8
0x4013a1,0xa7d08ad11e10
0x4013ab,0x1a70aa8b0990
0x4013ab,0x1a70aa8b1e10
0x401384,0xd79e62b93550
0x4013a1,0xa7d08ad0e810
0x401380,0xd79e62bb9f80
0x4013a1,0x6c53703423c0
0x4013a1,0xea2062fdc68
0x4013ab,0x1a70aa8c8b90
0x4013a1,0xd79e62b23110
0x40138f,0x5829a6f8d790
0x4013a1,0x28e837e047e0
0x40138f,0x1a70aa8debd0
0x4013a1,0xd79e62b54700
0x40138f,0x5829a6fa5310
0x401392,0xd79e62bb6438
0x4013a1,0xa1abd7ff5130
0x4013ab,0x7cb731915110
0x4013a1,0xd79e62c27a30
0x40138f,0x41d09ea75250
0x4013a1,0x5829a6f47210
0x4013a1,0xd79e62ab6400
0x4013ab,0x7cb731922750
0x4013a1,0xa1abd7ff31f0
0x40138f,0x5829a708d790
0x4013a1,0xd79e62ab6740
0x401380,0xd79e62bb6c08
0x4013a7,0xd79e62b11c48
0x4013a1,0xd79e62aa1c60
0x4013ab,0x7cb7319410d0
0x4013a7,0x28e837e6b398
0x40138f,0x5829a7071e10
0x4013a7,0xd79e62bc7210
0x4013a1,0xd79e62b22778
0x4013a1,0xa1abd80265b0
0x4013a1,0xd79e62aa2748
0x40138f,0x71d5f3f408d0
0x4013a1,0x5829a6ec6398
0x401380,0xd79e62b16740
0x40138f,0xc48ca9019110
0x4013a1,0xd79e62b4d798
0x4013a1,0xd79e62c008c8
0x4013a1,0xea2062edfd0
0x40138f,0x309dcdc73d10
0x4013a1,0xea2062d0988
0x4013ab,0x7cb73198c650
0x4013a1,0xea206325108
0x4013ab,0x7cb73199ed50
0x4013a1,0x5829a6ecbca8
0x40138f,0x90865319e510
0x4013a1,0xd79e62bdc500
0x4013a7,0xd79e62b21c50
0x40138f,0x5829a7040d50
0x4013ab,0x7cb7319ad790
0x4013a1,0xd79e62c22760
0x4013ab,0x7cb7319ba4d0
0x4013a1,0xd79e62be1188
0x4013b5,0xd79e62b6d7b8
0x401384,0xd79e62b498c0
0x4013a1,0xd79e62c27210
0x4013a1,0xd79e62b223d0
0x4013ab,0x7cb7319d1c50
0x401380,0xd79e62c27c48
0x4013a1,0xd79e62b6dfe0
0x4013a7,0xd79e62b11358
0x401380,0x28e837e80180
0x4013a1,0x28e837e80990
0x4013ab,0x7cb7319e1c50
0x4013a1,0x5829a6ed0998
0x4013a7,0xee30bb940980
0x4013ab,0x7cb7319fc510
0x40138f,0x9086531f1350
0x401392,0xd79e62b87a38
0x4013a7,0xd79e62c25300
0x401380,0xd79e62b87cc0
0x4013a7,0xd79e62c25710
0x40138f,0x71d5f3f51e10
0x4013a1,0xd79e62c23120
0x4013ab,0x9fb736376410
0x4013a1,0x28e837e6cd98
0x4013a1,0xd79e62b672b0
0x4013a1,0xd79e62b67c70
0x401392,0xd79e62c3bdb8
0x4013a1,0xd79e62b87220
0x4013ab,0x9fb736390990
0x40138f,0xab8966fd6750
0x4013a1,0x28e837df3540
0x4013a1,0xd79e62b87288
0x4013ab,0x9fb7363b3d10
0x40138f,0xd693286b25d0
0x40138f,0x635dff9f1e10
0x4013a1,0xd79e62b010f0
0x40138f,0x5829a6f67cd0
0x4013ab,0x9fb7363cc650
0x40138f,0xedc51a8e3110
0x4013a7,0xd79e62be10e0
0x4013a1,0xd79e62c18990
0x4013a1,0xd79e62ad5250
0x4013a1,0xd79e62c247f8
0x40138f,0x5829a6f6e810
0x40138f,0x5829a6f6bc90
0x4013a1,0x28e837e6c1d0
0x40138f,0xc9394d352ed0
0x4013ab,0xc9394d353d10
0x4013a1,0xd79e62b36410
0x40138f,0x79e62ecb2ed0
0x40138f,0x5829a704dfd0
0x4013a7,0xd79e62a83100
0x4013a1,0xd79e62bddc58
0x4013a1,0x5829a6eb9118
0x4013a1,0xa1abd80009a8
0x4013ab,0xc9394d391350
0x40138f,0x41d09ea5bd90
0x4013b5,0xd79e62be1c78
0x401380,0x5829a6f07a00
0x4013a1,0xd79e62c25138
0x4013a1,0xa1abd8050f80
0x40138f,0xc9394d3c0190
0x4013a1,0x5829a6f07cc8
0x40138f,0x41d09ea03110
0x4013a1,0xd79e62b54f88
0x4013ab,0xc9394d3d8fd0
0x401380,0xd79e62b16400
0x4013a1,0xd79e62bc72b8
0x4013a1,0xc9394d3ee838
0x4013a1,0x5829a6f27cd8
0x4013a1,0x5829a6f27c70
0x4013a1,0xc9394d3f1398
0x4013a7,0xc9394d3f5108
0x4013a7,0xd79e62b8cda0
0x4013a1,0xea20630dff0
0x4013a1,0xd79e62aa7ce8
0x4013ab,0xc9394d4125d0
0x40138f,0x8ec426d14710
0x4013a1,0xd79e62bd1e38
0x4013ab,0xc9394d41ebd0
0x4013a1,0x28e837d35100
0x40138f,0x71d5f3f79f90
0x4013a1,0xd79e62ad8998
0x40138f,0x5829a7045110
0x401380,0x28e837cf5108
0x4013ab,0xbcd57ee1a4d0
0x40138f,0x6af9d6d87210
0x4013a1,0x28e837cb31c8
0x4013a7,0xa1abd8010980
0x40138f,0x71d5f3f79110
0x4013a7,0x28e837cf1360
0x401380,0x28e837e0b540
0x4013ab,0x71d5f3fb25d0
0x401384,0xd79e62b0c1c8
0x4013b5,0xd79e62bfe538
0x4013a1,0x6c6f1e4c5738
0x401380,0x6c6f1e4c5a88
0x4013a1,0xd79e62a82740
0x401392,0x28e837df4738
0x4013b5,0xd79e62bcb3b8
0x40138f,0x71d5f3e6b550
0x4013a1,0xd79e62a53560
0x4013ab,0x5fdc43f54710
0x4013a1,0xd79e62c06588
0x4013ab,0xc9394d4a6390
0x4013a1,0xd79e62c4c1d8
0x4013a7,0xd79e62b9bda0
0x4013a1,0xa21321d3548
0x4013a1,0x635dff9bc520
0x4013ab,0xc9394d4b1390
0x40138f,0xab89670325d0
0x40138f,0x28d7cf44dfd0
0x4013a1,0xd79e62b95270
0x401380,0xd79e62a531c8
0x4013a1,0xd79e62b96418
0x401384,0xd79e62b7c500
0x4013a1,0x5829a6ed8fd8
0x4013a1,0xea20633bf40
0x40138f,0xab8966fd6410
0x401380,0xd79e62aec1c0
0x4013a1,0xd79e62c4cda0
0x40138f,0x71d5f3e78990
0x4013ab,0xc9394d4e8b90
0x40138f,0xab8966f87a10
0x4013a1,0xa1abd8030988
0x4013a1,0x6c6f1e4c7220
0x4013a1,0xd79e62b99128
0x40138f,0xc9394d500d50
0x4013ab,0xc9394d511c50
0x40138f,0x71d5f3e74710
0x40138f,0x8ec426de7cd0
0x4013ab,0x8ec426ce7c50
0x4013ab,0xc9394d54cd90
0x4013ab,0xc9394d551390
0x4013ab,0x11faa16e3110
0x401380,0x28e837cf5240
0x4013a1,0x28e837e0b390
0x4013a1,0xd79e62a8d7b8
0x4013ab,0x11faa16ecd90
0x4013a1,0x28e837e0bc80
0x4013a1,0xd79e62acd798
0x401380,0xd79e62bc47c0
0x401380,0xd79e62c4d780
0x4013a1,0xd79e62ae72a8
0x401392,0xd79e62b80d78
0x4013ab,0x11faa1707210
0x401380,0x28e837db1e08
0x401380,0x6c537033c508
0x40138f,0x8ec426dce810
0x4013a7,0x28e837cf2e80
0x4013a7,0xd79e62b8c1d8
0x401384,0x5829a6ec08d0
0x40138f,0x71d5f3ed2e90
0x4013a1,0xd79e62c4dff8
0x4013a7,0xd79e62a75248
0x4013ab,0x11faa17325d0
0x4013a1,0x6c6f1e4ce838
0x40138f,0x5829a6f7a4d0
0x4013a1,0x1a70aa8a47c8
0x4013ab,0x11faa1740990
0x40138f,0x5829a6fd5250
0x401392,0x6c6f1e4c7a38
0x4013a7,0xd79e62a56c38
0x40138f,0x25543027ebd0
0x401384,0xd79e62b0c640
0x40138f,0x412e73cb3550
0x4013a1,0xd79e62a5ed40
0x4013a1,0xea206334fa8
0x401392,0xd79e62bac1f8
0x4013ab,0x11faa175c510
0x40138f,0xab8966f56750
0x4013ab,0x11faa1756410
0x40138f,0x635dffa01c50
0x4013a7,0xa1abd7ff9f88
0x4013a1,0xd79e62b931e8
0x4013ab,0x71d5f3f45a90
0x4013ab,0xe7c8f378990
0x4013a1,0x6c6f1e4c7c48
0x40138f,0x71d5f3e27c50
0x4013ab,0xe7c8f396750
0x401384,0x5829a6f16410
0x40138f,0x8ec426d45a90
0x4013a7,0xd79e62b99f88
0x4013a1,0xd79e62ba11a8
0x4013a7,0xd79e62b14710
0x401384,0x5829a6ec0180
0x4013a1,0xee30bb946390
0x4013ab,0xe7c8f3cd790
0x40138f,0x41d09e9a5a90
0x4013a1,0xea2063009a0
0x401384,0xd79e62c15248
0x4013a1,0xd79e62bd1340
0x40138f,0x5829a6f7c510
0x4013a1,0xd79e62b709b0
0x40138f,0xe7c8f3fbd90
0x4013a1,0xd79e62ad9fb8
0x4013a1,0x28e837db1c58
0x4013ab,0xe7c8f407210
0x4013ab,0xe7c8f40dfd0
0x401384,0xd79e62a5ebc8
0x4013a1,0xa1abd8039130
0x4013ab,0xe7c8f423110
0x4013a1,0xd79e62ba72a0
0x401384,0xd79e62b9ebc0
0x40138f,0x5829a7045310
0x40138f,0xc48ca9082750
0x40138f,0x8ec426dbebd0
0x4013a1,0x28e837cce800
0x4013a1,0xd79e62a5e520
0x4013ab,0x41d09e9d1350
0x40138f,0x635dffa010d0
0x401384,0x5829a6ec7210
0x401380,0xd79e62b9ed48
0x40138f,0x71d5f3e06590
0x4013a1,0xa1abd802dfd0
0x4013a1,0xd79e62ba7c60
0x4013a1,0xa1abd7fe1190
0x4013a1,0x28e837cda4f0
0x4013a1,0x28e837cb9fa8
0x401380,0xd79e62ad8fc0
0x4013a7,0xd79e62bb4f80
0x40138f,0x71d5f3fe7290
0x4013a1,0xa1abd802d7b0
0x4013a7,0x28e837d35260
0x4013a1,0x5829a6ec7a08
0x4013a7,0xa1abd80498c8
0x4013ab,0xe7c8f48bc90
0x4013a1,0x5829a6ec7ce0
0x4013a1,0x5829a6ebbd98
0x4013a7,0xea2062bebc8
0x4013a1,0x6c6f1e4c7288
0x401384,0xa1abd8039f90
0x4013a1,0x28e837da98c8
0x40138f,0x8ec426de23d0
0x4013a7,0xa1abd8010f98
0x4013a1,0xd79e62a8dfd8
0x40138f,0x5829a7019110
0x4013a1,0x28e837cf25d0
0x4013a1,0xea206302758
0x40138f,0x71d5f3e06390
0x4013a1,0x28e837cb9108
0x4013ab,0x5829a6f91c50
0x4013a1,0xd79e62ba7238
0x40138f,0x998898096410
0x4013a1,0xd79e62ace810
0x4013a1,0xd79e62ba6390
0x4013ab,0x71d5f3f210d0
0x4013ab,0x71d5f3f08b90
0x4013ab,0xab89670a7a10
0x40138f,0x5829a7033d10
0x4013a1,0xd79e62b9e518
0x4013ab,0xe7c8f4a1190
0x4013a1,0x28e837cf31e8
0x4013ab,0xe7c8f4a6390
0x4013a1,0x28e837d6e828
0x401392,0x998897f73d00
0x4013a1,0x28e837e63130
0x4013ab,0xab896704b550
0x4013ab,0x66598a77bd90
0x4013a1,0x5829a6ebebd8
0x40138f,0x71d5f3e21190
0x40138f,0xe7c8f4acd90
0x4013b5,0xea2062d6778
0x401384,0x998897f73548
0x4013a1,0xd79e62bd4700
0x4013a1,0xd79e62bd4f88
0x40138f,0x5829a70823d0
0x4013a1,0x28e837d6b388
0x40138f,0x635dff9c5710
0x4013a7,0x28e837d82748
0x4013ab,0xe7c8f4c8b90
0x4013a1,0xd79e62ba98c0
0x4013ab,0x71d5f3f40d50
0x401392,0xd79e62ba8bb8
0x40138f,0x71d5f3f208d0
0x4013a1,0x5829a6ec72b8
0x4013a1,0xd79e62ba6598
0x401380,0x5829a6ebbf48
0x4013a7,0xa21321a5a88
0x4013a1,0x28e837ce3110
0x40138f,0xca49da347a10
0x40138f,0x71d5f3f92e90
0x4013a7,0x28e837e389a0
0x4013a1,0xd79e62ba47c0
0x4013ab,0xe7c8f4e6390
0x4013ab,0xe7c8f4f0f90
0x4013ab,0xe7c8f4f25d0
0x4013a1,0xa1abd8027a38
0x4013a1,0xa1abd8031360
0x4013a7,0xa1abd8031388
0x4013ab,0xe7c8f4f9f90
0x4013a1,0x28e837cb3570
0x401384,0xd79e62bbdc48
0x40138f,0x8ec426d72e90
0x4013a1,0x6c537033e508
0x4013ab,0xe7c8f511390
0x4013ab,0xe7c8f514f90
0x4013a1,0xd79e62ad0f98
0x4013ab,0xe7c8f520190
0x4013ab,0xe7c8f528b90
0x40138f,0x71d5f3e2b550
0x4013ab,0xe7c8f52cd90
0x401380,0x5829a6ebe500
0x4013a1,0x28e837cd31f0
0x4013a1,0x5829a6ebed78
0x4013ab,0xe7c8f53bd90
0x4013a1,0x28e837d74700
0x4013a1,0x28e837e39128
0x4013ab,0xe7c8f548b90
0x4013a1,0xd79e62a56420
0x4013ab,0xe7c8f550990
0x4013ab,0x5829a6f9a4d0
0x4013ab,0xab8966f1e510
0x40138f,0x5829a700d790
0x40138f,0x71d5f3e8c650
0x40138f,0x71d5f3e6bc90
0x4013a1,0xa21321a5108
0x4013a1,0x5829a6ec7c78
0x40138f,0xc48ca90f0990
0x4013ab,0x255430238fd0
0x4013ab,0xca49da330f90
0x401384,0xd79e62b0cd90
0x4013ab,0xe7c8f561190
0x4013a7,0xd79e62b86590
0x40138f,0x41d09e9be510
0x4013a1,0xa21321a5310
0x4013a1,0xa1abd7ff6c10
0x4013ab,0x6780b4627cd0
0x4013a1,0xea206300d48
0x4013a1,0x6c6f1e4c5120
0x401384,0x5829a6f45a80
0x401380,0x5829a6f498c8
0x4013a1,0xd79e62bb13a0
0x40138f,0x41d09e9e5110
0x40138f,0x8ec426d8cd90
0x4013a1,0xd79e62c325c8
0x4013a7,0xd79e62bc3100
0x40138f,0xab2ecf3808d0
0x4013a1,0xd79e62b72ea0
0x401384,0xd79e62b72ec8
0x4013ab,0x635dff9c2750
0x4013a1,0xd79e62ba7cc8
0x4013a1,0xd79e62aadfd0
0x401384,0x5829a6efe500
0x4013ab,0x6af9d6da98d0
0x4013a1,0xc9394d3e1188
0x401392,0xd79e62aa7c78
0x4013a7,0xd79e62b15260
0x4013a1,0xea2063008d0
0x4013a1,0xd79e62b91380
0x4013b5,0xd79e62b91378
0x401380,0xd79e62b725c0
0x4013ab,0xab2ecf3b0f90
0x4013a1,0x28e837df2e88
0x4013ab,0xab2ecf3b4f90
0x4013a7,0x28e837df25c0
0x4013ab,0xab2ecf3b6410
0x4013a7,0xd79e62bc2740
0x4013ab,0xab2ecf3c0990
0x4013a1,0xd79e62b35258
0x40138f,0x8ec426de7290
0x40138f,0x79e62ecb31d0
0x401380,0xa1abd7ff6400
0x4013a1,0x5829a6ec8b88
0x4013a1,0xd79e62ad0980
0x4013a1,0xa1abd8030fa0
0x4013ab,0xab2ecf3ee810
0x4013b5,0xa1abd8010980
0x4013b5,0x6c537033dc78
0x4013a1,0xd79e62bd2e98
0x4013a7,0xd79e62bd2ec0
0x4013a1,0xd79e62bfebc0
0x4013a1,0xd79e62bda4c8
0x4013a1,0x28e837cf1e30
0x4013a7,0xd79e62b7dc40
0x401380,0x6c6f1e4c7cc0
0x4013a1,0x28e837cd2ea8
0x4013a7,0x28e837cd2ed0
0x401384,0xd79e62bacd88
0x401380,0xd79e62ae7a08
0x4013a1,0xd79e62a73558
0x4013a1,0xd79e62a73d10
0x4013a1,0x28e837cf2ec0
0x4013b5,0x28e837cf2e80
0x401380,0xd79e62b80980
0x4013ab,0x79e62ecb3d10
0x4013a1,0xa7d08ad11c70
0x4013a1,0xd79e62bb2eb0
0x401380,0xd79e62bb2ec0
0x4013a1,0x5829a6f15248
0x4013ab,0xc48ca90e3110
0x4013a1,0xd79e62ad9118
0x4013a1,0xd79e62b95138
0x4013a1,0xd79e62ba10d8
0x40138f,0x99d8269d1390
0x4013a7,0xd79e62b9c510
0x4013a1,0xd79e62be47c8
0x4013a7,0xd79e62b76c20
0x4013a1,0xd79e62a610d0
0x401380,0xea20633c500
0x4013a1,0xd79e62c06380
0x4013a1,0xd79e62bcc660
0x4013a7,0xd79e62ba7a18
0x4013a1,0xa21321febd0
0x4013ab,0xab8966fe1c50
0x401384,0xc9394d3e1c40
0x4013a1,0xd79e62b91c70
0x40138f,0x635dffa1bd90
0x4013a1,0xd79e62ae7c68
0x40138f,0x71d5f3eb8990
0x401392,0xd79e62ae7238
0x4013a7,0x5829a6f43120
0x4013ab,0x2554302423d0
0x4013a1,0xd79e62bcb560
0x4013ab,0x71d5f3e87a10
0x4013a1,0x6c6f1e4c6588
0x40138f,0x5829a6fc7210
0x4013a7,0x28e837cd25e0
0x4013a1,0xd79e62bb0980
0x4013a1,0x5829a6f0e830
0x4013a7,0xd79e62bce818
0x4013a1,0xd79e62c32eb8
0x401380,0xd79e62c32ec8
0x4013a1,0xd79e62a52ef8
0x4013a1,0x5829a6efebc0
0x4013a1,0xd79e62bed798
0x40138f,0xd693286f4710
0x40138f,0x5829a6f59f90
0x4013a7,0xd79e62acdfe0
0x40138f,0xc48ca909a4d0
0x401380,0xd79e62a731c0
0x4013ab,0xe2032d996410
0x401380,0xa1abd7ff6740
0x401380,0xd79e62b925c8
0x4013b2,0xd79e62b72ea0
0x4013ab,0xab2ecf40b390
0x4013ab,0xab2ecf411e10
0x40138f,0xe7c8f40e810
0x4013a1,0xd79e62b7bd80
0x40138f,0x71d5f3e85a90
0x4013ab,0xab2ecf41a4d0
0x4013a1,0x5829a6f410f0
0x40138f,0x8ec426d0bc90
0x4013ab,0x5829a6ff3550
0x401384,0xd79e62b7ed48
0x401384,0x5829a6ed8980
0x4013b5,0xd79e62a601b8
0x4013a7,0xd79e62b94720
0x40138f,0x71d5f3e6b390
0x4013ab,0x5829a6f7bf50
0x4013a7,0xa7d08ad11340
0x4013ab,0x5829a7033550
0x401392,0xd79e62a823f8
0x40138f,0x71d5f3e27cd0
0x401384,0x6c5370348b90
0x4013a1,0xd79e62b9a4e0
0x401380,0xa7d08ad18988
0x4013ab,0xab2ecf420190
0x4013ab,0xab2ecf42b390
0x4013ab,0xab2ecf431390
0x4013a7,0xd79e62bd25d0
0x4013b5,0xd79e62ba01b8
0x401380,0xd79e62aa7200
0x40138f,0x71d5f3e21c50
0x4013ab,0xab2ecf4447d0
0x4013ab,0xab2ecf446390
0x4013a1,0x5829a6f45718
0x40138f,0x66598a81c510
0x40138f,0x5829a708b390
0x4013a1,0xd79e62bcc1e8
0x401380,0xd79e62aecd88
0x4013b5,0xd79e62b9bf78
0x4013a1,0xab2ecf4665b8
0x40138f,0x71d5f3f91350
0x4013a7,0xd79e62bedfe0
0x4013a1,0xd79e62a56760
0x4013a1,0xd79e62aad7b0
0x401380,0xa7d08ad05108
0x40138f,0x71d5f3e96410
0x4013a1,0xa7d08ad18ff8
0x4013a1,0xd79e62bcbcb0
0x40138f,0xc9394d48d790
0x4013ab,0xab2ecf48b390
0x4013ab,0xab2ecf491390
0x4013a1,0xa7d08ad14710
0x40138f,0xab2ecf36b390
0x40138f,0x5829a6fc7c50
0x40138f,0x635dff9fbd90
0x4013a1,0xd79e62b88b98
0x40138f,0x49950aa59110
0x4013a1,0xea2063072b0
0x40138f,0x71d5f3f6cd90
0x4013a1,0x5829a6f45308
0x40138f,0xc9394d3f4710
0x4013a1,0xab2ecf49bf40
0x401384,0xd79e62b93d08
0x4013a1,0xa1abd7ff9128
0x40138f,0x5829a702b390
0x4013a1,0xe8035e468b80
0x4013ab,0xab2ecf4d8990
0x4013a7,0xa21321d31c8
0x4013a1,0xd79e62b92ea8
0x401384,0xd79e62b92ed0
0x401392,0xd79e62aa72b8
0x4013ab,0xab2ecf4e7c50
0x401380,0x5829a6ec0988
0x40138f,0x49950aa63110
0x4013ab,0xab2ecf4f25d0
0x4013a7,0xd79e62ba3120
0x4013a1,0xa21321a5720
0x401384,0xd79e62b70f88
0x4013a1,0x28e837db1368
0x401384,0x28e837db1390
0x4013ab,0xab2ecf5298d0
0x40138f,0x635dff9f8990
0x4013ab,0x5829a7099110
0x40138f,0x309dcdc4e810
0x401384,0xd79e62b808c8
0x4013a7,0xa1abd802e818
0x40138f,0x635dff9c23d0
0x40138f,0x5829a7096410
0x4013a7,0xa1abd7fe1c48
0x401380,0x28e837d26588
0x401380,0xea2063023c0
0x4013a1,0xd79e62ae7cd0
0x4013a1,0xa1abd7fe10c0
0x4013a1,0xd79e62a63128
0x4013ab,0x98a8d1d925d0
0x40138f,0x8ec426d15110
0x4013a7,0xd79e62ba0d48
0x4013ab,0x98a8d1d931d0
0x4013a7,0xd79e62a81190
0x4013a1,0xd79e62b96c38
0x4013a1,0xd79e62b94f80
0x4013a7,0xd79e62b7bf48
0x40138f,0xe7c8f40c1d0
0x40138f,0x7cbb54265a90
0x4013a1,0xd79e62b15100
0x4013a1,0xd79e62c4c650
0x40138f,0x94d99145a90
0x401384,0x28e837df4738
0x40138f,0x71d5f3feb550
0x401380,0x28e837d26380
0x40138f,0x5829a70a1190
0x401392,0xc9394d3eb3b8
0x4013a7,0xc9394d3ec1c8
0x401384,0xc9394d3f1c48
0x4013ab,0x5829a70a10d0
0x4013a7,0xc9394d3f1358
0x4013a1,0xc9394d3eb560
0x4013ab,0xdc47619e7290
0x4013a1,0xc9394d3e8ba0
0x4013a1,0xc9394d3ebcb0
0x4013b5,0xc9394d3ec678
0x4013a7,0xc9394d3ecd90
0x4013ab,0x71d0d5919f90
0x4013ab,0x5829a6fc7a10
0x4013a1,0xd79e62c46580
0x40138f,0x5829a6f78990
0x4013ab,0x5829a6ff3d10
0x4013a1,0xc9394d3f1e28
0x40138f,0x71d5f3f925d0
0x401392,0x28e837de2778
0x4013ab,0xc48ca90f31d0
0x4013a1,0x28e837de23d8
0x4013a1,0xd79e62bb4738
0x40138f,0x71d5f3e27290
0x4013ab,0x71d5f3e27210
0x4013a1,0x5829a6ebdc58
0x40138f,0x5829a6fc7290
0x4013a1,0xa7d08ad05ab8
0x4013ab,0x8ec426dbe510
0x4013a1,0xea206307c70
0x40138f,0xdc4761a02750
0x4013a7,0xd79e62b86388
0x4013ab,0xdc4761a06390
0x4013a1,0xa7d08ad05710
0x4013a1,0xd79e62b801b8
0x4013ab,0xdc4761a11390
0x4013a7,0xd79e62a5dc50
0x4013ab,0xdc4761a18990
0x4013b5,0xd79e62b76438
0x4013a1,0xea206300180
0x4013a1,0xd79e62b91e10
0x4013ab,0xdc4761a31e10
0x40138f,0x71d5f3e96750
0x4013a1,0xd79e62a81c60
0x4013b5,0xd79e62bc3100
0x40138f,0x8ec426cad790
0x4013a1,0xd79e62bd0f90
0x401384,0x5829a6ec0d48
0x4013a1,0x6c6f1e4c6380
0x40138f,0xdc4761a51390
0x4013ab,0xdc4761a52ed0
0x4013a7,0xd79e62bb1c50
0x4013a1,0x28e837df2ef0
0x4013a1,0xea206334720
0x4013ab,0x1ae6b1e8d790
0x40138f,0x41d09e9a5310
0x4013a1,0xd79e62bfed60
0x4013a1,0xd79e62bd13a8
0x4013a1,0xd79e62aa7a10
0x4013a7,0xd79e62a60d48
0x401380,0xd79e62ba1c48
0x4013a7,0xd79e62a7bf60
0x4013ab,0x60dc49c59f90
0x4013a1,0xa21321d3d00
0x4013a1,0x5829a6f16c08
0x4013a1,0xd79e62bccdb0
0x4013a1,0x5829a6f41c50
0x401384,0x5829a6f16750
0x40138f,0x908653191c50
0x4013ab,0x71d5f3f023d0
0x4013ab,0x79e62eca8b90
0x4013a7,0xd79e62aa6580
0x40138f,0xca49da32c650
0x4013a7,0xd79e62bcb3b8
0x4013a1,0xd79e62a52e90
0x4013a7,0xd79e62bd09a0
0x4013a1,0xa7d08ad14f98
0x40138f,0xe7c8f411350
0x4013ab,0x64c355986390
0x4013ab,0x64c355987cd0
0x4013a7,0xd79e62a75110
0x401384,0xd79e62c2dfc8
0x4013b5,0xd79e62a810f8
0x4013a1,0xd79e62b35120
0x401392,0x5829a6efe500
0x4013a1,0xd79e62ba5338
0x4013a7,0xd79e62ba09a0
0x4013a7,0x5829a6f14f88
0x401392,0x5829a6ed8980
0x4013a7,0xd79e62a525c8
0x4013a7,0x6c6f1e4c98d8
0x4013a7,0xd79e62a608d0
0x401380,0xc9394d4eb380
0x4013a1,0xd79e62b7e500
0x40138f,0x41d09ea43110
0x40138f,0x8ec426d2bc90
0x40138f,0x1a70aa8c0d50
0x4013a1,0xd79e62bb0f98
0x4013a7,0xd79e62b91378
0x4013ab,0x64c3559c98d0
0x40138f,0x8ec426d16410
0x4013ab,0x64c3559e0190
0x401384,0xd79e62ba5708
0x40138f,0xc9394d4d8fd0
0x4013a7,0xd79e62bb1360
0x4013a7,0xd79e62b76740
0x4013a1,0xee30bb946598
0x40138f,0xe7c8f3b31d0
0x4013a1,0x5829a6ed9fa8
0x401384,0x28e837df4f88
0x4013ab,0xaff500781190
0x4013a1,0xa7d08ad11380
0x4013b5,0xa7d08ad11340
0x40138f,0xc9394d48c1d0
0x4013a1,0xea206307cd8
0x40138f,0x71d5f3f51c50
0x4013ab,0x64c355a00d50
0x4013ab,0x743fcfb4b390
0x4013a1,0xd79e62a7bd98
0x401392,0x5829a6f411b8
0x4013ab,0x9fb386271390
0x40138f,0x49950aa59f90
0x4013ab,0x9fb386276c10
0x401392,0x5829a6f45a80
0x4013a1,0x5829a6f45100
0x4013a1,0xa1abd7ffdc78
0x401384,0xd79e62b9dc48
0x4013a1,0xd79e62b96758
0x40138f,0xab2ecf465310
0x40138f,0x8ec426e13d10
0x40138f,0xc9394d3e0190
0x4013a7,0xd79e62c463a0
0x40138f,0x64c3559a6390
0x40138f,0xab2ecf498fd0
0x401384,0xc9394d4ebc88
0x40138f,0xab2ecf4c47d0
0x4013a1,0x6c6f1e4c47c0
0x401384,0xd79e62c48b90
0x4013ab,0xab8966fd6c10
0x4013a7,0xd79e62b8c650
0x4013a1,0x5829a6ed9108
0x4013a1,0xd79e62bb1e30
0x4013a1,0xab2ecf499f98
0x40138f,0x5829a7054f90
0x4013a1,0xc9394d4eb578
0x4013a1,0xd79e62bb9138
0x4013ab,0xf64ca0b390
0x4013a1,0x5829a6f4e838
0x4013a1,0xd79e62a611a0
0x40138f,0xf64ca0d790
0x401392,0xab2ecf4b6778
0x40138f,0xab2ecf367290
0x40138f,0x64c3559ab550
0x40138f,0xf64ca10990
0x40138f,0xab2ecf416410
0x4013a7,0xd79e62a609a0
0x4013a7,0xd79e62a601b8
0x4013b5,0xd79e62b7dc40
0x4013a1,0x6c537033a4d0
0x40138f,0xab2ecf418990
0x401384,0xc9394d3eb3b8
0x401392,0xc9394d3e1c40
0x40138f,0xc9394d3e2750
0x401380,0xab2ecf4b6c08
0x40138f,0xab2ecf4b25d0
0x4013a1,0xab2ecf49bda0
0x40138f,0xab2ecf36bc90
0x40138f,0xf64c9f6410
0x4013a1,0xd79e62bb25c0
0x40138f,0xf64c9f8fd0
0x4013a1,0xea206307a00
0x4013a7,0x28e837e08b88
0x40138f,0x8ec426e01c50
0x4013a1,0xe7c8f395248
0x4013a1,0xab2ecf4663b0
0x4013b5,0x5829a6f14738
0x401384,0xd79e62c15110
0x40138f,0x5829a700b390
0x401380,0x5829a6f098c0
0x401384,0xab2ecf4b4f90
0x40138f,0xc9394d3f6c10
0x4013a1,0xd79e62ba5a88
0x4013a1,0x5829a6f15110
0x401384,0xab2ecf4b6400
0x40138f,0x7cbb542698d0
0x4013ab,0xf64ca46390
0x4013a1,0xe7c8f3bbd88
0x40138f,0xab2ecf4b2ed0
0x401380,0xc9394d3e10c8
0x4013a1,0xd79e62aa63b8
0x4013a1,0xd79e62ba5130
0x40138f,0x94d99145310
0x401380,0xd79e62a61c40
0x40138f,0xab2ecf465a90
0x401380,0xe7c8f3dc500
0x401384,0xe7c8f3bbf50
0x40138f,0xf64ca0dfd0
0x4013a1,0xe7c8f395110
0x401384,0xd79e62b898d0
0x401380,0xab2ecf499108
0x4013ab,0xca49da347cd0
0x4013a1,0xf64c9f5128
0x401384,0xab2ecf4b4708
0x4013ab,0xf64ca58fd0
0x40138f,0xab2ecf4b5110
0x4013a1,0xf64c9f5260
0x40138f,0xf64c9fa4d0
0x40138f,0xab2ecf467cd0
0x40138f,0x9fb386279f90
0x4013a1,0x28e837e4e800
0x4013a1,0x28e837e01c40
0x401384,0xa1abd8040988
0x4013b5,0x28e837d3e538
0x4013ab,0xf64ca67210
0x401384,0x6c5370331c50
0x4013ab,0xf64ca847d0
0x4013a1,0xd79e62afe500
0x4013a1,0xa213218dfc0
0x401384,0xea2063247d0
0x4013ab,0xf64cab25d0
0x401384,0xd79e62aeb540
0x40138f,0xf64cab6c10
0x40138f,0xf64cac0d50
0x401384,0x28e837df5110
0x4013a7,0xd79e62aa1190
0x40138f,0xf64cad0f90
0x4013ab,0xf64cad6410
0x4013a1,0xd79e62b11398
0x401384,0xee30bb941c40
0x4013a1,0xa1abd802c640
0x4013a1,0xd79e62b01c50
0x4013a1,0x8ec426ceb388
0x401384,0xd79e62c210c8
0x4013a7,0xd79e62b62760
0x40138f,0x635dffa1e510
0x4013a7,0xd79e62b67208
0x40138f,0xf64caeb550
0x4013a1,0xa1abd80423e8
0x40138f,0x9086531e08d0
0x4013a1,0xa1abd7ffbf60
0x401380,0xee30bb9410c8
0x4013a1,0xa1abd802b388
0x4013ab,0xf64caf5110
0x40138f,0xf64caf8fd0
0x401380,0xd79e62c21180
0x4013b5,0x98f5690d89b8
0x40138f,0xf64cb00d50
0x40138f,0xd6fa95440990
0x4013a1,0xd79e62a93540
0x4013b5,0xd79e62aa10f8
0x4013a1,0xd79e62bc8b90
0x401380,0xea206323100
0x4013a1,0xd79e62b623f8
0x4013a1,0xd79e62b36c30
0x401380,0xd79e62c38fc8
0x4013a1,0x6c5370341c70
0x4013a7,0xd79e62b01180
0x4013a1,0xea2063265a8
0x4013a1,0xd79e62b6cda8
0x4013a1,0x6c5370334710
0x40138f,0xf64cb52e90
0x4013a7,0xa21321e10e0
0x40138f,0xf64cb67c50
0x40138f,0x635dffa1ed50
0x4013ab,0xab8966ff1e10
0x401380,0x6c5370341188
0x4013a1,0xd79e62b67cd8
0x40138f,0xf64cb85310
0x4013a1,0xee30bb941188
0x4013a1,0xd79e62c25a90
0x4013a1,0xd79e62b6c658
0x40138f,0xfafbfaad0f90
0x4013ab,0xf64cbb0f90
0x4013a1,0x5829a6ed0fb0
0x4013ab,0xf64cbacd90
0x4013a7,0x6c537032c1c8
0x4013a7,0x28e837de47d0
0x40138f,0x5829a6fa5a90
0x40138f,0x635dff9e2750
0x4013ab,0xf64cbc7210
0x4013ab,0xf64cbd1350
0x4013a1,0xee30bb9509b8
0x4013a7,0xd79e62aacd98
0x4013a1,0x5829a6f07c60
0x4013a7,0x28e837e6bc88
0x40138f,0xab89670f5250
0x4013a1,0xee30bb940d68
0x4013b5,0xd79e62a83100
0x4013a1,0xd79e62b16c10
0x4013a7,0xd79e62c223e0
0x4013a1,0x28e837e808c0
0x4013a1,0x28e837e6b578
0x4013ab,0xf64cbdbd90
0x4013a1,0x28e837d53558
0x4013a1,0xa1abd80263a8
0x401384,0xd79e62aa23c8
0x40138f,0x71d5f3f40990
0x4013a1,0xd79e62c263b0
0x401384,0xd79e62b87a38
0x4013a1,0x98f5690d8fd8
0x401384,0x6c53703410d0
0x4013b5,0xa21321e1c78
0x4013b5,0xd79e62c25300
0x4013ab,0x54c4531810d0
0x4013a1,0xea2063263a0
0x401384,0x8ec426ceb550
0x4013ab,0x54c45318b390
0x4013a1,0xd79e62bc98e8
0x401380,0xd79e62ad6c00
0x4013a1,0x6c53703313a0
0x4013a1,0xa213218b578
0x4013a1,0xd79e62b201a8
0x4013a1,0x28e837de7c48
0x401384,0xd79e62b20988
0x40138f,0x54c4531c23d0
0x4013a1,0xea206328b88
0x4013ab,0x54c4531cc650
0x401380,0x6c5370331348
0x4013a1,0xa21321a47c8
0x4013a1,0x28e837c88bb0
0x40138f,0x25543024dfd0
0x4013ab,0x543845932ed0
0x4013a1,0x28e837d925f8
0x4013b2,0x5829a6f125f8
0x4013a1,0xd79e62c4b3b8
0x4013a7,0xd79e62bbebc0
0x401384,0x28e837e15250
0x4013a1,0xa1abd8007220
0x4013a1,0xa1abd8007288
0x40138f,0x54384595bd90
0x4013b5,0xa1abd8007a38
0x4013a7,0xa1abd800cd80
0x401384,0xd79e62b8e810
0x40138f,0x543845966390
0x4013a1,0x28e837d92e80
0x4013a1,0xd79e62a91e20
0x401384,0xd79e62bc5300
0x4013a1,0xd79e62bbe518
0x40138f,0x71d5f3f85310
0x4013a1,0xd79e62c4b558
0x40138f,0xc48ca908dfd0
0x40138f,0xa60a0cc42750
0x401380,0xa1abd8008b88
0x40138f,0xbdae4aaf31d0
0x4013a1,0x5829a6f12e88
0x4013a1,0xa1abd804b548
0x4013ab,0xa60a0cc40d50
0x4013a1,0xa21321b6438
0x4013a1,0xa2132195258
0x4013a1,0xa1abd7fd2ec0
0x401392,0xa1abd7fd2eb8
0x4013a1,0xd79e62b67a00
0x4013a1,0xee30bb9447f0
0x4013ab,0xa60a0cc59f90
0x4013a1,0x28e837ceb398
0x4013a1,0x28e837e325d0
0x4013ab,0x54bf1d8047d0
0x4013a1,0xa21321b25d8
0x4013ab,0x54bf1d805710
0x401384,0xd79e62aebc90
0x4013a1,0xa1abd801dc70
0x40138f,0x54bf1d811c50
0x40138f,0x8ec426e11390
0x4013a1,0xd79e62b20d70
0x4013a1,0x28e837d90980
0x4013a1,0xea2062ce830
0x4013a1,0xa1abd802c1c8
0x4013a1,0x28e837e011b0
0x4013ab,0x54bf1d8298d0
0x4013a1,0x28e837e010e0
0x4013a7,0x28e837ce6588
0x40138f,0x54c4531ac650
0x4013a1,0xd79e62b1ebd0
0x4013a7,0xd79e62a91c40
0x4013ab,0xa60a0cc408d0
0x4013a1,0xd79e62bc5138
0x4013a1,0xa1abd8019fb8
0x40138f,0x635dff9f1390
0x4013ab,0x54bf1d84bc90
0x401380,0x28e837e15100
0x4013ab,0x54bf1d84d790
0x4013a1,0x28e837e53560
0x4013a1,0x28e837e731e0
0x40138f,0xc48ca9019f90
0x4013a1,0xd79e62c4bca8
0x4013dc,0xd79e62b189b0
0x40138f,0xab8967005310
0x4013a7,0x5829a6ed25d8
0x401380,0x28e837d58fc8
0x40138f,0x54bf1d87bd90
0x4013a1,0xd79e62bc5a90
0x40138f,0xb3a8ecd74710
0x40138f,0x32b6beff8fd0
0x4013ab,0x32b6beffbf50
0x40138f,0x71d5f3efa4d0
0x4013a7,0x28e837e531e0
0x40138f,0x49950aa67290
0x4013a1,0x28e837de7288
0x4013a1,0xa1abd8007c48
0x4013a1,0xd79e62a55248
0x4013a1,0xd79e62a55110
0x4013a1,0x5829a6f12ef0
0x40138f,0x32b6bf025310
0x401384,0xd79e62c41190
0x4013ab,0x32b6bf033550
0x4013ab,0x32b6bf03ed50
0x4013ab,0x32b6bf047c50
0x401380,0xa21321b6c00
0x401384,0xd79e62bc0990
0x40138f,0x32b6bf061c50
0x4013ab,0x32b6bf065110
0x4013a7,0xd79e62a93d20
0x4013a1,0x28e837ca7a00
0x40138f,0xca49da333550
0x40138f,0x5829a70423d0
0x401392,0x98f5690dc538
0x40138f,0x688775bedfd0
0x4013ab,0x32b6bf082750
0x4013ab,0x32b6bf0810d0
0x4013a1,0xd79e62c41c60
0x4013a1,0x28e837e54728
0x4013ab,0x32b6bf08cd90
0x401392,0xd79e62c410f8
0x4013ab,0x32b6bf09bd90
0x401380,0xd79e62aae800
0x4013a1,0xd79e62afebe8
0x40138f,0x32b6bf0a0d50
0x4013a1,0xd79e62b8b3a0
0x401384,0xd79e62b1e510
0x4013ab,0x32b6bf0b2ed0
0x4013a1,0x6c6f1e4c08c8
0x401380,0xa1abd7ff8980
0x40138f,0x11e281e02750
0x40138f,0xff3c8d5e23d0
0x4013ab,0x32b6bf0d1350
0x40138f,0x32b6bf0d2e90
0x4013ab,0x32b6bf0d3550
0x401384,0x5829a6ec47c8
0x4013a7,0xd79e62b28b90
0x4013a1,0x6c53703409b0
0x40138f,0x635dff9c5a90
0x4013a1,0xd79e62b1ed70
0x4013a1,0xa21321a6398
0x40138f,0xab89670f5110
0x4013a7,0xd79e62bba4d8
0x4013ab,0x32b6bf0b25d0
0x401384,0x5829a6f0dfc0
0x4013ab,0x32b6bf0e5710
0x4013a1,0xd79e62b08b90
0x4013ab,0xfbbd1cfccd90
0x401384,0xd79e62c19f90
0x4013a1,0xa1abd802cd90
0x4013a7,0xea206330980
0x4013a7,0xa1abd8014718
0x40138f,0x182919307cd0
0x401384,0x5829a6ec98c8
0x4013a7,0xd79e62c18fd0
0x4013ab,0x182919311c50
0x4013a7,0xd79e62b74718
0x4013ab,0x18291931dc50
0x4013a1,0x6c5370331e30
0x4013a1,0xa21321b6778
0x4013a1,0x28e837d92ee8
0x4013ab,0x182919345710
0x4013a1,0xa213218d7a0
0x4013a1,0x6c5370340190
0x4013a1,0x28e837e54fb0
0x4013a1,0xd79e62ad4728
0x401380,0x908653190f80
0x40138f,0x2554302498d0
0x4013a7,0xd79e62bbed60
0x40138f,0x8ec426c94f90
0x4013a1,0x5829a6ed2ea0
0x4013a7,0x5829a6ed2ec8
0x4013a1,0x28e837e36438
0x40138f,0xc9394d3925d0
0x4013a1,0x28e837e55128
0x40138f,0x7cf9db863110
0x4013a1,0x5829a6f55130
0x4013ab,0x8ec426cd3d10
0x4013a7,0xd79e62c40980
0x4013a7,0xd79e62afed48
0x401384,0xd79e62bc5710
0x4013a1,0xa1abd800c670
0x4013a1,0x5829a6ec10e0
0x40138f,0x8ec426c92e90
0x4013a1,0xd79e62ad4fb0
0x4013a1,0xa1abd8047cf8
0x401380,0xea206338988
0x4013ab,0x92da1fa498d0
0x4013a1,0xd79e62b8bc90
0x4013a1,0xa1abd8047200
0x4013a7,0x28e837e36c18
0x401384,0xa1abd8047290
0x4013ab,0x92da1fa4dfd0
0x4013ab,0x92da1fa6e810
0x4013ab,0x92da1fa725d0
0x40138f,0x71d5f3e16750
0x4013a7,0xd79e62b79110
0x4013a1,0xd79e62b79f88
0x4013a1,0xd79e62bc0d78
0x4013ab,0x92da1fa87290
0x4013a1,0xd79e62beb578
0x4013ab,0x92da1fa847d0
0x401380,0x5829a6f0d788
0x4013a1,0x6c6f1e4c0d40
0x4013a7,0x28e837e509a0
0x4013a1,0xa1abd800d7a0
0x4013ab,0x92da1fa9e510
0x4013a7,0xd79e62b74fa0
0x4013ab,0x92da1faa5110
0x4013a1,0xd79e62c40d68
0x401384,0xa1abd8035250
0x4013a1,0x28e837e36778
0x4013a1,0xd79e62b1dc60
0x40138f,0x71d5f3e74f90
0x4013ab,0xca49da32e810
0x4013a1,0x5829a6ec11b0
0x40138f,0x41d09ea40d50
0x4013a1,0xa1abd7ff8ff0
0x4013a1,0xee30bb94d798
0x4013a1,0x28e837e50f90
0x401380,0xee30bb94dfc8
0x40138f,0x5829a7035250
0x4013a7,0xd79e62a8bca0
0x4013ab,0x71bb2b18e810
0x4013a7,0xd79e62beb398
0x4013ab,0x71bb2b191390
0x4013a1,0x28e837e05aa0
0x4013ab,0x92da1fa66390
0x40138f,0x41d09ea55250
0x401380,0x6c6f1e4c0188
0x4013a1,0x5829a6f55268
0x4013a1,0xa1abd8047a20
0x4013a1,0xd79e62bc01b0
0x4013a1,0x5829a6ec1c40
0x401384,0xd79e62b1a4d0
0x4013a7,0xd79e62b18fe0
0x40138f,0x6af9d6d6b550
0x4013a1,0xd79e62c408f0
0x4013a1,0xd79e62c401a0
0x4013a1,0xea206338ff8
0x4013a1,0xd79e62bf1368
0x4013a7,0xd79e62bf1390
0x4013a1,0x6c53703408e0
0x4013ab,0x71bb2b1f25d0
0x4013a7,0xa213218bc88
0x4013ab,0x71bb2b1fa4d0
0x401392,0x9086531909b8
0x4013a7,0xa213218b398
0x40138f,0xab8967010f90
0x4013a1,0x28e837d589a0
0x4013a1,0x28e837ddbd98
0x4013a1,0xa1abd804bc98
0x4013ab,0x71bb2b210f90
0x4013a1,0x28e837e55260
0x401392,0xd79e62bc08f8
0x4013b2,0x6c6f1e4c0990
0x40138f,0x71d5f3e01190
0x4013a7,0x28e837e34f90
0x4013a1,0x6c5370340d58
0x4013ab,0x71bb2b23ed50
0x4013b2,0xa21321a6598
0x4013ab,0x96b180065110
0x4013a1,0xea206316420
0x4013a1,0xd79e62aed7b0
0x40138f,0x71d5f3e2bc90
0x4013a7,0xd79e62a76748
0x401384,0xa1abd7ffebc8
0x401384,0xd79e62bbc510
0x4013ab,0x96b18007ebd0
0x401392,0xd79e62bd5138
0x4013a1,0xea206316760
0x4013ab,0xf1720cb9dc50
0x40138f,0x71d5f3e5dc50
0x4013a7,0xd79e62a76408
0x4013a1,0xa1abd8002770
0x4013a7,0xea206316c00
0x40138f,0xf1720cbb25d0
0x4013a7,0xa1abd8007cd8
0x4013ab,0xf1720cbba4d0
0x4013a1,0xd79e62a91390
0x401384,0x28e837ca7208
0x4013ab,0xf1720cbd1350
0x40138f,0x8ec426e47290
0x4013a1,0xd79e62ad3d00
0x4013a1,0xa1abd801bf58
0x4013a1,0xd79e62c13d28
0x4013a7,0xd79e62b331c8
0x4013a1,0xa1abd80331e0
0x4013ab,0x54c43c60dfd0
0x40138f,0x8ec426c96c10
0x4013a7,0xd79e62c34f88
0x401392,0xa1abd80447f8
0x401384,0xa21321e23c0
0x4013a7,0xa1abd8045710
0x4013a1,0xd79e62bf1c58
0x4013ab,0x54c43c6208d0
0x4013a7,0x28e837e34708
0x4013ab,0x54c43c622750
0x40138f,0x54c43c627a10
0x4013a1,0xea206306580
0x40138f,0x8ec426cb31d0
0x4013a1,0xd79e62bbbd80
0x40138f,0x54c43c63bd90
0x4013a7,0x28e837e52e80
0x4013ab,0x54c43c6410d0
0x401384,0xd79e62a9bd90
0x40138f,0x5829a6f5bd90
0x4013ab,0x54c43c6423d0
0x4013a1,0x28e837de5a98
0x4013a1,0x28e837e11340
0x4013a1,0x28e837e3ed78
0x4013ab,0x54c43c6531d0
0x4013a1,0xa21321fbdb8
0x4013a1,0xa1abd8005718
0x40138f,0x8ec426cf31d0
0x4013ab,0x54c43c667210
0x40138f,0x5829a7036410
0x4013a1,0x6c5370339f88
0x4013a1,0xd79e62c30988
0x4013ab,0x54c43c67a4d0
0x4013a7,0xa213219ed58
0x4013a1,0xa21321989a0
0x4013ab,0x54c43c6808d0
0x4013a1,0x28e837dd13a0
0x4013a1,0xa1abd8041198
0x401380,0xa2132198fc8
0x4013ab,0x54c43c698990
0x4013a1,0x28e837e78ff0
0x4013a1,0xd79e62afbf58
0x40138f,0x54c43c6a7c50
0x4013ab,0x54c43c6adfd0
0x4013ab,0x54c43c6b1c50
0x4013a7,0xa213218cd80
0x4013a7,0xd79e62ada4c0
0x40138f,0x5829a6f78fd0
0x4013ab,0x54c43c6c47d0
0x4013a1,0xa1abd8005308
0x40138f,0x28d7cf430f90
0x4013a7,0x28e837e20988
0x4013a7,0x5829a6ed6750
0x40138f,0x54c43c6e5310
0x401392,0xa21321b5278
0x4013a1,0xa1abd7ff25e8
0x4013a1,0xd79e62af9f90
0x4013ab,0x54c43c6f1390
0x40138f,0xc48ca90f0f90
0x40138f,0x5829a7046590
0x4013a1,0xd79e62afbdb8
0x4013a1,0xa213218c670
0x4013a1,0xa2132208bb8
0x40138f,0x8ec426d0b390
0x4013a7,0x6c5370330990
0x4013a1,0xa213219e510
0x4013a7,0xe930e6bac658
0x4013a7,0xe930e6bac1e0
0x4013a1,0xa1abd80023c8
0x4013a7,0xa1abd8034720
0x4013a1,0x28e837e27c60
0x4013a1,0x5829a6f4bca0
0x4013a1,0xd79e62c2c648
0x4013b5,0xe930e6c113b8
0x4013ab,0xe930e6c18fd0
0x4013a1,0xa2132191c50
0x4013a7,0xd79e62c31c48
0x4013a1,0xd79e62a9dc78
0x40138f,0xc9394d3bebd0
0x4013a1,0xd79e62c31e28
0x4013ab,0x47b5ad3d8fd0
0x40138f,0x5829a7036750
0x401380,0xa1abd800e808
0x4013b5,0xe930e6c19138
0x4013a1,0xa2132205128
0x4013ab,0x2e448da25a90
0x4013a1,0xea2063201b0
0x4013a7,0xe930e6c010e0
0x40138f,0x2e448da36410
0x4013a7,0xd79e62c423d0
0x4013a1,0xa2132205330
0x4013a1,0xa1abd80011a0
0x4013a1,0x28e837cebc88
0x4013a1,0xa213219bda8
0x4013a1,0xa21322010e8
0x4013a1,0xd79e62a96420
0x4013ab,0xd05626c23110
0x4013ab,0xd05626c247d0
0x4013a1,0xa21321c23f0
0x40138f,0x9e9c4d8dc510
0x4013ab,0x9e9c4d8debd0
0x4013a1,0x5829a6f13570
0x4013ab,0x9e9c4d8e98d0
0x4013a1,0xd79e62bcd780
0x4013a1,0xd79e62adbf60
0x401384,0xd79e62bf2e90
0x401392,0x28e837e59138
0x4013a1,0xa1abd800b380
0x4013ab,0x9e9c4d8f1390
0x4013a1,0x5829a7034728
0x4013a1,0xd79e62ac8ba8
0x40138f,0x5829a70331d0
0x40138f,0x412e73cb3d10
0x4013a1,0xd79e62adc528
0x401384,0x5829a6ed5248
0x4013a7,0x6c53703325d0
0x401380,0x9e9c4d905100
0x4013a1,0xa1abd80401a8
0x4013b5,0x9e9c4d933578
0x4013ab,0x9e9c4d9423d0
0x4013a1,0x28e837e5bf58
0x40138f,0x9e9c4d965110
0x4013ab,0x9e9c4d967cd0
0x4013a1,0xd79e62ade500
0x4013a7,0xd79e62aded48
0x4013a1,0xe8035e4647f0
0x4013a1,0xa21321ccdb8
0x4013a1,0xd79e62af8fd0
0x4013ab,0x9e9c4d980990
0x4013a1,0xa21321cc1f0
0x4013a7,0xc9394d3f0f90
0x401384,0x5829a6ed5110
0x4013a1,0x9e9c4d905ab0
0x40138f,0x2554302447d0
0x40138f,0x635dff9e6590
0x4013a7,0x9e9c4d995120
0x4013a1,0xa1abd801ebf0
0x4013a1,0xa21321cc668
0x40138f,0x5829a6fddc50
0x401380,0x28e837e74f80
0x40138f,0x9e9c4d9a98d0
0x401384,0xd79e62bb8980
0x4013a1,0x9e9c4d8e3128
0x4013a7,0x5829a6ed31e0
0x4013a1,0xd79e62b83120
0x40138f,0x8ec426cf3d10
0x4013ab,0x9e9c4d9d2ed0
0x4013a1,0x9e9c4d9823c8
0x4013a7,0xc9394d3ec678
0x4013ab,0x38cf9ad52ed0
0x40138f,0x38cf9ad53d10
0x4013b5,0xc9394d3f5278
0x4013a1,0x5829a6f27a00
0x4013a1,0x5829a6f272b0
0x40138f,0x1a64fc5cc1d0
0x401384,0x5829a6f27208
0x401384,0xa1abd801ed50
0x4013a1,0x8f7ac3976c00
0x4013ab,0x9e9c4d9ce810
0x40138f,0x5829a6ff9f90
0x401380,0x28e837e59f88
0x4013a1,0x5829a6f42768
0x4013ab,0x38cf9ad6e810
0x4013a1,0x5829a6ecdfe8
0x4013a1,0x9e9c4d988ba8
0x4013a1,0xc9394d3f09b8
0x4013b5,0x9e9c4d9189b8
0x40138f,0x38cf9ada08d0
0x4013a1,0x9e9c4d98bc90
0x4013a1,0xd79e62bb8fd8
0x4013a7,0x8f7ac3976748
0x4013b5,0x9e9c4d990fb8
0x4013a1,0xa1abd7fd25d0
0x4013a7,0x9e9c4d97dc60
0x4013a1,0xa1abd801e508
0x4013a7,0x8f7ac3976408
0x4013a1,0x28e837ca7c70
0x40138f,0xf64ca1a4d0
0x4013a1,0xc9394d3edfc0
0x4013a1,0x9e9c4d982770
0x40138f,0x13becdade510
0x4013ab,0x13becdae7a10
0x4013a1,0x9e9c4d913550
0x40138f,0x92da1fa8cd90
0x4013ab,0x13becdb01190
0x4013a1,0xd79e62adebe8
0x4013a1,0x5829a6f423c0
0x4013ab,0x38cf9adb5250
0x4013ab,0x13becdb13d10
0x4013a1,0xa7d08ad16400
0x4013ab,0x13becdb1e510
0x40138f,0xca49da32c1d0
0x4013ab,0x13becdb32e90
0x4013a1,0xa1abd801c510
0x40138f,0x8ec426cd3550
0x4013a7,0x9e9c4d96bc98
0x4013a7,0x9e9c4d96b548
0x4013ab,0x38cf9adb5110
0x4013a1,0xa7d08ad16c20
0x4013a1,0xe930e6c01188
0x4013a1,0x5829a6ed4fa8
0x40138f,0x5829a6f6dfd0
0x4013a1,0x9e9c4d96b380
0x4013a1,0x9e9c4d918fd8
0x4013ab,0x13becdb47210
0x40138f,0x13becdb4c1d0
0x4013ab,0x13becdb52ed0
0x4013b5,0x6c5370332ef8
0x4013a1,0x28e837d90f98
0x4013ab,0x13becdb70990
0x4013a7,0xd79e62a98990
0x4013ab,0x13becdb7ebd0
0x4013a1,0x5829a6ed3d18
0x4013a1,0xa21321dbdb8
0x4013a7,0xd79e62b731c8
0x4013ab,0x13becdb85310
0x401392,0xd79e62a96c38
0x4013a1,0x28e837dfebf0
0x4013ab,0x13becdb91350
0x40138f,0x49950aa67c50
0x40138f,0x13becdb96750
0x40138f,0x71d5f3f9e510
0x4013a1,0x9e9c4d8ddc58
0x4013a1,0x9e9c4d911e28
0x4013a7,0x9e9c4d8fc508
0x4013a1,0xd79e62a98fe8
0x40138f,0x5829a6f59110
0x4013a7,0x9e9c4d911c48
0x4013a1,0xd79e62af89b8
0x4013ab,0x13becdbb0990
0x4013a1,0x9e9c4d933d38
0x4013a1,0x9e9c4d905708
0x4013ab,0x13becdbb31d0
0x40138f,0x13becdbb4710
0x4013ab,0x13becdbb9110
0x4013a1,0x5829a6f4b550
0x4013a1,0x5829a6f4b3b0
0x4013a1,0x28e837e56750
0x4013ab,0x13becdbd31d0
0x4013a1,0x9e9c4d911398
0x4013ab,0x13becdbe2750
0x4013b5,0x5829a6f447f8
0x4013a1,0x9e9c4d98b3a0
0x4013a1,0x28e837e56410
0x40138f,0x5829a6f7bd90
0x4013a1,0x5829a6ed4720
0x4013a1,0xd79e62c03110
0x4013a1,0x9e9c4d9331d8
0x4013a1,0x28e837e56c30
0x4013ab,0x13becdbee810
0x4013a1,0xa7d08ad16740
0x4013a1,0xa21321bc528
0x40138f,0xc48ca90f3550
0x4013a1,0xa21321c3108
0x4013a1,0x9e9c4d98b540
0x4013a1,0xc9394d3ed7a0
0x40138f,0xc48ca908d790
0x4013ab,0xc48ca9172ed0
0x4013ab,0xc48ca9172e90
0x4013a1,0x9e9c4d9909a8
0x4013ab,0x13becdbeb550
0x4013a7,0x9e9c4d995258
0x401384,0x5829a6ecd788
0x4013a1,0x9e9c4d913d08
0x401392,0xd79e62adbdb8
0x4013a1,0x28e837e02778
0x4013a7,0x9e9c4d8e6388
0x40138f,0x13becdc33d10
0x4013a1,0x6c5370332e98
0x40138f,0x13becdc39110
0x4013ab,0x13becdc31350
0x4013a1,0x28e837e023d0
0x40138f,0x71d5f3e498d0
0x4013a1,0xd79e62bf25e0
0x401384,0xea2062dbd88
0x4013ab,0x13becdc55250
0x40138f,0xf1720cb9c510
0x401380,0x9e9c4d905308
0x40138f,0x13becdc5ebd0
0x4013a1,0xd79e62c43108
0x4013a7,0x9e9c4d9131d0
0x4013a1,0xea2062dbf68
0x40138f,0x8ec426d0b550
0x4013a1,0x5829a7034fb0
0x4013a7,0x9e9c4d911358
0x4013ab,0x13becdc6dfd0
0x40138f,0x8ec426e13550
0x40138f,0x8ec426d87a10
0x4013ab,0x13becdc76410
0x4013a7,0x28e837dfdc60
0x4013ab,0x13becdc83110
0x4013a7,0x9e9c4d8e6590
0x401380,0xa1abd800bc80
0x40138f,0x13becdc98990
0x4013a7,0xe930e6c01c40
0x401384,0xa1abd803e500
0x4013b5,0xd79e62a647f8
0x4013a1,0xd79e62b2c1f0
0x4013ab,0x13becdcc3110
0x40138f,0xab8966f32e90
0x4013a1,0x28e837e272a0
0x4013ab,0x13becdca6590
0x401384,0xea206320990
0x4013a1,0x28e837e5bdb8
0x401392,0xea2063208f8
0x40138f,0xb24660e8cd90
0x4013a1,0x5829a6eddc58
0x4013ab,0xb24660e91390
0x40138f,0x8ec426de7a10
0x4013a7,0xe930e6c11e10
0x40138f,0x5829a6ffc510
0x401380,0xd79e62aa3108
0x401384,0x28e837dd4708
0x4013ab,0x80a6daa6b550
0x4013a1,0x5829a70131f0
0x4013a7,0xa21321ba4d8
0x4013a7,0x28e837df3d20
0x40138f,0x71d5f3f88b90
0x4013a1,0x5829a6ed3560
0x4013ab,0x80a6daa78990
0x40138f,0x41d09ea41c50
0x4013a7,0xa21321c2758
0x4013a1,0xa1abd8023128
0x4013a1,0xd79e62b73548
0x401384,0x28e837e46388
0x4013ab,0x80a6daaa7a10
0x40138f,0x8d9869039f90
0x40138f,0x80a6daab9f90
0x4013a7,0xd79e62bcdfc8
0x4013ab,0x80a6daacdfd0
0x40138f,0x71d5f3e47c50
0x401380,0x28e837e78980
0x40138f,0x5829a7021190
0x4013ab,0x80a6daad5110
0x4013ab,0x80a6daad4f90
0x4013a1,0x28e837dfe508
0x401384,0x28e837e46590
0x4013a1,0xd79e62ab4738
0x4013ab,0x80a6daab1350
0x401380,0xd79e62a90f88
0x4013a1,0x98f5690ddc60
0x4013a1,0x5829a6f131c8
0x4013a1,0xa1abd804cdb0
0x4013a1,0xa2132205a80
0x4013ab,0x80a6dab125d0
0x4013a1,0xd79e62b73d00
0x401384,0xd79e62a90988
0x4013a1,0x5829a6f13d28
0x4013ab,0x80a6dab23110
0x4013a1,0xa21322011b8
0x40138f,0x71d5f3e27a10
0x401384,0x28e837e74710
0x4013a1,0x28e837e2b550
0x4013a1,0xd79e62a96760
0x4013a1,0xe930e6c11c48
0x40138f,0x80a6dab50990
0x4013a1,0xa2132201c48
0x4013a1,0xd79e62a88b88
0x401384,0xd79e62b81188
0x4013a7,0xe930e6c19fa0
0x4013a1,0xd79e62b2dfd0
0x40138f,0x80a6dab74710
0x40138f,0x80a6dab76c10
0x4013a1,0xea2062cd788
0x4013ab,0x80a6dab76410
0x4013a1,0xa21321e1188
0x4013a7,0x28e837ce6380
0x4013ab,0x80a6dab8e810
0x4013a1,0xd79e62b8b540
0x4013a7,0xd79e62ab9108
0x4013a7,0xea2062cdfd0
0x4013b5,0x28e837e73d38
0x401384,0xd79e62b2e800
0x4013a1,0xd79e62ad6778
0x4013ab,0x80a6dabbbf50
0x4013b5,0xd79e62a931f8
0x40138f,0xc48ca90f3d10
0x4013a1,0xa21321d6768
0x40138f,0x80a6dabc7cd0
0x4013ab,0xc677dac047d0
0x4013ab,0x80a6dabd0f90
0x4013a1,0x71d5f3e0dfe8
0x4013a7,0xe930e6c113b8
0x4013a1,0xe930e6c11358
0x4013a1,0xa21321dbf58
0x401380,0xa2132191e00
0x401384,0x5829a6ede508
0x401384,0xa1abd800b548
0x401392,0xa2132205738
0x401384,0x28e837dd4f90
0x4013ab,0x80a6dabf0f90
0x40138f,0x80a6dabf1c50
0x4013a1,0xa1abd804c660
0x4013ab,0x2e448da45310
0x4013a1,0xa1abd804c1e8
0x40138f,0x71d5f3e92e90
0x4013ab,0x80a6dabe5310
0x4013a7,0xd79e62a95110
0x4013ab,0x80a6dabe5110
0x401380,0xa1abd8001c40
0x4013a1,0xd79e62b2c668
0x4013a1,0xa1abd80010d0
0x4013ab,0xe930e6bf8990
0x4013a1,0xa1abd803ed60
0x4013ab,0x80a6dac14710
0x4013a7,0xd79e62c31358
0x4013a1,0x28e837dd3558
0x4013ab,0x80a6dac25710
0x4013a1,0xd79e62c42750
0x40138f,0x71d5f3f7dc50
0x4013a1,0xa1abd80065a0
0x4013b2,0x28e837e27c60
0x40138f,0x6af9d6eb3d10
0x40138f,0x5829a70531d0
0x4013ab,0xe930e6bf5110
0x4013ab,0x80a6dac47290
0x4013ab,0x80a6dac52e90
0x4013a1,0xea206320d78
0x4013a1,0x28e837e27cc8
0x4013a1,0xa213219bf48
0x4013ab,0x80a6dac59110
0x4013ab,0xe930e6bf3550
0x40138f,0xc6aa2d595250
0x40138f,0xc6aa2d599110
0x401392,0xa1abd8051c78
0x4013a1,0xd79e62b2d7b0
0x40138f,0xab8966fe10d0
0x40138f,0x71d5f3e47a10
0x4013ab,0xc6aa2d5a98d0
0x40138f,0x71d5f3f46390
0x40138f,0x5829a6fdc510
0x4013a1,0xd79e62bf2ed0
0x401384,0xa21321b5108
0x4013a1,0xd79e62aedfd0
0x4013ab,0xc6aa2d5c8b90
0x40138f,0x8ec426ca7290
0x4013a1,0xd79e62ad6438
0x401384,0xa1abd8047c50
0x4013a1,0xa1abd8018fc0
0x40138f,0xc6aa2d5e5a90
0x4013a1,0xd79e62b1bda0
0x4013a1,0xa1abd7fee800
0x40138f,0xc6aa2d607c50
0x4013a7,0xa1abd8041c50
0x40138f,0x41d09ea41190
0x4013ab,0xc6aa2d6131d0
0x4013a1,0x28e837dd1e30
0x401384,0x28e837dd1c50
0x4013a7,0xd79e62af9118
0x4013a1,0x80a6dabf6438
0x4013a1,0xa1abd80410c8
0x401380,0xa1abd7ff2e80
0x40138f,0xc6aa2d63dc50
0x4013a1,0x28e837e2b3b0
0x40138f,0xab8966fe5110
0x4013a1,0x28e837e2bca0
0x4013a1,0xd79e62c39130
0x40138f,0xc6aa2d655250
0x4013a1,0x28e837ca72b0
0x4013ab,0xc6aa2d67bf50
0x4013a1,0xa21321b8988
0x4013a1,0x28e837dd3d10
0x4013a1,0xd79e62b81c58
0x4013ab,0xc6aa2d691390
0x401384,0xa21321bebc8
0x4013a1,0xa21321be520
0x4013a1,0x28e837cfc538
0x40138f,0x8ec426db25d0
0x4013a1,0xd79e62c19130
0x4013a1,0xe8035e467238
0x401384,0x5829a7013d10
0x4013b5,0xd79e62b01180
0x4013a1,0x28e837cfa4c0
0x40138f,0x8ec426d8c1d0
0x40138f,0x71d5f3e4c1d0
0x4013ab,0xc6aa2d6d0990
0x4013ab,0xe930e6bb1390
0x4013ab,0xe930e6bb1350
0x4013a1,0xd79e62af5270
0x4013a1,0x8ec426d68b90
0x4013a1,0xa1abd803dc48
0x4013ab,0xc6aa2d7023d0
0x4013a7,0xa21321b8fc8
0x4013a7,0xa1abd802bca0
0x4013ab,0xc6aa2d706390
0x40138f,0x8ec426d32e90
0x40138f,0x5829a6f54f90
0x40138f,0x5829a6f6c650
0x4013ab,0xc6aa2d70d790
0x401384,0xd79e62c39f90
0x4013a7,0x28e837dfc508
0x4013a1,0xa1abd8051e20
0x4013ab,0xc6aa2d711390
0x4013ab,0xc6aa2d6f5250
0x4013a1,0x5829a6eded68
0x40138f,0x51a63c70990
0x4013ab,0xdc47619e7c50
0x40138f,0x8ec426d36c10
0x40138f,0x8ec426dac1d0
0x4013a7,0x28e837dd31d8
0x40138f,0x41d09e9b8fd0
0x4013a7,0x28e837d3a4d8
0x4013a1,0xa1abd7ff2ed8
0x40138f,0xc6aa2d733550
0x4013ab,0xc6aa2d738990
0x4013a1,0x28e837e201a8
0x401380,0x28e837dd1348
0x4013a1,0x5829a6edbf78
0x4013ab,0xab8966febc90
0x40138f,0xc6aa2d751350
0x4013a1,0xe930e6bacd80
0x4013a7,0xd79e62b02750
0x401384,0x28e837e18fd0
0x4013a1,0x5829a6f0bc88
0x4013a1,0x9e9c4d8fa4f0
0x4013a1,0x28e837e589a8
0x4013a1,0xa1abd8006398
0x401380,0xa213219c500
0x4013a1,0x28e837e18990
0x4013a7,0xa1abd8042750
0x4013a1,0xe8035e45a4c0
0x4013a1,0xd79e62c30fa0
0x4013a1,0xa213218c1f8
0x4013a1,0x5829a6ec2758
0x40138f,0x635dff9cc650
0x4013a7,0xea20631ed48
0x401384,0x28e837dfed50
0x40138f,0xab8967021c50
0x40138f,0x34a0172f31d0
0x4013a1,0xd79e62b2cdb8
0x4013a1,0xd79e62c31398
0x4013a7,0x5829a6f0b560
0x4013a1,0xa1abd803ebc0
0x40138f,0x5829a6fd0990
0x4013a1,0xea20631e500
0x4013a1,0xd79e62c2c1d0
0x4013a1,0xea20631ebe8
0x4013a1,0x5829a6f0b398
0x401384,0x28e837e210d0
0x4013ab,0x71aadffddc50
0x4013a1,0xd79e62b023e8
0x4013a1,0xa1abd801a4f8
0x40138f,0x71aae00010d0
0x4013a1,0x28e837e27238
0x4013ab,0x71aae0021190
0x40138f,0x5829a6f91390
0x40138f,0x99889813a4d0
0x4013ab,0x71aae0031c50
0x401380,0xa2132190f88
0x4013a1,0x80a6dabf6778
0x4013a1,0xa1abd8034f80
0x4013ab,0xd29ae09d6c10
0x4013a1,0xd79e62c2cd98
0x40138f,0x5829a7035110
0x4013a1,0x6c537032e820
0x4013a1,0xa213219ebf8
0x4013a1,0xe930e6be3120
0x4013ab,0x71aae0067210
0x401380,0x28e837e21188
0x4013b5,0xa213218cd80
0x4013a1,0x28e837e21c70
0x4013a7,0x80a6dabf6c18
0x4013a7,0x6c5370339110
0x4013ab,0x71aae006d790
0x4013a7,0x5829a6ec23d8
0x4013ab,0x71aae0045710
0x401380,0x28e837d3c508
0x4013a7,0x98f5690d9f98
0x401384,0xe8035e4698d0
0x4013ab,0x71aae00b1350
0x401384,0xa1abd8051350
0x4013a1,0xc6aa2d5a3130
0x40138f,0x8ec426cd1350
0x4013ab,0x71aae0043110
0x4013ab,0x71aae00d6410
0x4013ab,0x8d6838736c10
0x4013a1,0x28e837e5a4e0
0x4013ab,0x8d6838736750
0x4013a1,0x28e837ca7cd8
0x40138f,0x8ec426d0cd90
0x4013a7,0x5829a6ed6410
0x40138f,0x5829a700dfd0
0x4013a1,0x5829a6ed6c08
0x40138f,0x71d5f3e25310
0x4013ab,0x71aae00f8990
0x4013a1,0xd79e62b4e830
0x40138f,0x71aae01023d0
0x40138f,0x8ec426ca7c50
0x40138f,0x71d5f3e87290
0x4013ab,0x71aae01010d0
0x4013ab,0x71aae011dc50
0x4013a1,0xe8035e4672a0
0x401384,0x71d5f3e0d788
0x4013a1,0xa21321bed40
0x4013a1,0x6c5370334f98
0x4013ab,0x71aae012b550
0x40138f,0x71aae0131350
0x4013a7,0xd79e62b6d780
0x40138f,0x635dff9f9110
0x401392,0xa1abd7ffbdb8
0x4013ab,0x71aae01408d0
0x4013a1,0x6c5370343128
0x4013a1,0xd79e62b36750
0x4013a1,0xd79e62b11e28
0x40138f,0x8ec426ce7cd0
0x4013a7,0xd79e62aac648
0x401384,0xd79e62c3bd80
0x4013a7,0xd79e62a95248
0x4013a1,0xe8035e467c60
0x40138f,0xdc4761a36410
0x401392,0xd79e62b75138
0x4013a7,0xa1abd8005a80
0x401384,0x28e837df5248
0x4013a7,0x98f5690d8980
0x4013a7,0xa2132207a10
0x401384,0xa21321b5278
0x4013a1,0xa1abd8045a90
0x40138f,0x71d5f3ee5110
0x4013a1,0xa1abd8045138
0x4013a1,0x28e837e208f8
0x40138f,0x71d5f3e94710
0x40138f,0x93428dc7ebd0
0x4013a7,0x28e837e098d8
0x4013dc,0xa1abd8005718
0x40138f,0x5829a7073550
0x40138f,0x5829a6f5bf50
0x4013a1,0x28e837e26590
0x4013a1,0xd79e62c13570
0x4013a1,0xa21322001b8
0x40138f,0x71d5f3f4c650
0x403710,0xd79e62b22770
0x403709,0x28e837df31f8
0x403702,0xd79e62b4cd98
0x403702,0x28e837d96418
0x403702,0xd79e62b4bc98
0x403702,0x28e837d96758
0x4036f7,0xd79e62b31e00
0x4036ff,0xd79e62b32ea8
0x403709,0xd79e62b56c30
0x403702,0xd79e62b53558
0x4037c1,0x28e837d8cdb8
0x4037aa,0x28e837e31e28
0x4037ba,0xd79e62ae8b98
0x4037c1,0xa1abd801e508
0x4037aa,0xd79e62bee828
0x4037ba,0x28e837c9c520
0x4037c1,0x28e837e6c1c8
0x4037aa,0x28e837e71e28
0x4037c1,0xd79e62ac6588
0x4037ba,0xa1abd7fd6438
0x4037c1,0x28e837e27c60
0x4037c1,0x28e837e65ab0
0x4037aa,0xea2062e7a28
0x4037ba,0xd79e62bbebf8
0x4037aa,0x5829a6ef6428
0x4037ba,0xd79e62bd31d8
0x4037ba,0xa1abd7fd3d00
0x4037c1,0x28e837d525e8
0x4037c1,0x28e837d52ed8
0x4037c1,0xd79e62b047f8
0x4037ba,0xa21321fed68
0x4037c1,0xea2062cb390
0x4037ba,0x28e837d6e820
0x4037aa,0x28e837df1c68
0x4037aa,0x28e837e07c68
0x4037aa,0x6c537034c668
0x4037ba,0xd79e62af4718
0x4037ba,0x28e837e40d48
0x4037ba,0xa1abd8020d78
0x4037c1,0xa21321a7208
0x4037ba,0xd79e62a91e20
0x4037c1,0x28e837ce7208
0x4037c1,0x28e837e80988
0x4037aa,0xa7d08ad0c668
0x4037c1,0x28e837e56750
0x4037aa,0x28e837c87c68
0x4037aa,0x5829a6f35268
0x4037c1,0xa1abd7fd5278
0x4037ba,0xa1abd8043108
0x4037c1,0x28e837dad788
0x4037ba,0xea206313d20
0x4037aa,0x28e837dc1c68
0x4037aa,0x28e837e12ea8
0x4037ba,0xa21321e1188
0x4037ba,0xd79e62b672a8
0x4037ba,0x28e837e53d10
0x4037c1,0x28e837d02768
0x4037c1,0xea2062cbc80
0x4037ba,0xea2062d6778
0x4037c1,0xea206303110
0x4037c1,0x28e837cbe520
0x4037c1,0xea20631a4c0
0x4037ba,0x28e837e601b0
0x4037ba,0xea2062d6438
0x4037ba,0xd79e62b07cf0
0x4037c1,0xee30bb9447f0
0x4037ba,0xea2062f1c68
0x402c20,0xd79e62b87220
0x4037aa,0xd79e62be08e8
0x4037aa,0x28e837e07ce8
0x4037c1,0xa2132205330
0x4037aa,0x28e837e12ee8
0x4037ba,0x28e837e409a0
0x4037c1,0xd79e62a99f80
0x4037ba,0x28e837cb1380
0x4037ba,0xa1abd7fdebc0
0x4037aa,0x742cf17610e8
0x4037aa,0x28e837c87ce8
0x4037aa,0x5829a6efa4e8
0x4037ba,0x28e837d85aa0
0x4037c1,0x28e837dd09b0
0x4037c1,0x28e837d9dc68
0x4037aa,0xd79e62c208e8
0x4037ba,0xd79e62badfe0
0x4037aa,0x6c5370345728
0x4037aa,0x742cf1755128
0x4037ba,0x6c5370333d08
0x4037aa,0x742cf1759128
0x4037ba,0x28e837cb6430
0x4037aa,0x5829a6f25328
0x4037ba,0x28e837d59128
0x4037c1,0xa2132208bb8
0x4037ba,0x28e837cf1398
0x4037ba,0x28e837e39120
0x4037aa,0x742cf1763128
0x4037aa,0x742cf1765128
0x4037ba,0x28e837c90998
0x4037c1,0x28e837dfebf0
0x4037aa,0x5829a6efc528
0x4037aa,0x28e837d33d28
0x4037c1,0x28e837d62768
0x4037aa,0xee30bb945728
0x4037aa,0x28e837dded68
0x4037aa,0x28e837e1ed68
0x4037ba,0xa1abd804bc98
0x4037aa,0xa7d08ad02768
0x4037ba,0x28e837e53558
0x4037ba,0xd79e62c33578
0x4037aa,0x5829a6eeb568
0x4037c1,0xa1abd8038ff0
0x4037c1,0x8ad3301bebe8
0x4037aa,0x5829a6ef3568
0x4037aa,0xea2062e0d68
0x4037ba,0xd79e62b25710
0x4037ba,0x28e837cb1e10
0x4037ba,0xea2062be518
0x4037ba,0xd79e62a9ed48
0x4037aa,0x5829a6f31368
0x4037aa,0x28e837d20d68
0x4037ba,0x28e837d3e538
0x4037aa,0x28e837d7bf68
0x4037aa,0xee30bb942768
0x4037aa,0x28e837d80d68
0x4037ba,0xd79e62b33540
0x4037aa,0xd79e62be09a8
0x4037ba,0x28e837e325d0
0x4037c1,0x28e837dfe508
0x4037aa,0x28e837e3bda8
0x4037c1,0xd79e62ad6438
0x4037aa,0x5829a6ee65a8
0x4037ba,0xd79e62a5bf48
0x4037aa,0xd79e62bf09a8
0x4037aa,0xa2132194fa8
0x4037aa,0x5829a6f263a8
0x4037aa,0xd79e62bf89a8
0x4037c1,0x28e837d58998
0x4037aa,0x5829a6f2b3a8
0x4037aa,0x742cf17601a8
0x4037aa,0x742cf17611a8
0x4037aa,0xa7d08ad0d7a8
0x4037aa,0xea2062d9fa8
0x4037ba,0xa2132195250
0x4037c1,0x6c6f1e4c7280
0x4037aa,0x5829a6f313a8
0x4037ba,0x28e837e63128
0x4037c1,0xea206318980
0x4037aa,0x28e837d0cda8
0x4037aa,0xd79e62c109a8
0x4037ba,0x28e837cb3d20
0x4037ba,0xea206312ee8
0x4037ba,0xa21321e7ce8
0x4037aa,0x5829a6f065a8
0x4037aa,0xd79e62c209a8
0x4037aa,0x28e837df8fe8
0x4037aa,0x742cf17531e8
0x4037ba,0xe8035e467cc0
0x4037aa,0x5829a6f223e8
0x4037ba,0xd79e62b79f88
0x4037ba,0xa213218c670
0x4037aa,0xa7d08ad047e8
0x4037aa,0x5829a6ef25e8
0x4037ba,0xa213218d798
0x4037aa,0x28e837d18fe8
0x4037ba,0xd79e62c131c0
0x4037ba,0xea206312e80
0x4037aa,0x742cf176c1e8
0x4037ba,0x28e837e731d8
0x4037aa,0x28e837db8fe8
0x4037aa,0x28e837dbebe8
0x4037aa,0x742cf17731e8
0x4037aa,0x28e837df1e28
0x4037aa,0x28e837e16c28
0x4037ba,0x28e837d223f8
0x4037aa,0xd79e62c07a28
0x4037aa,0x742cf1767228
0x4037c1,0xd79e62afa4f0
0x4037aa,0x5829a6f36428
0x4037ba,0xa1abd801dc68
0x4037ba,0x28e837c9a4c0
0x4037ba,0x28e837dd3d10
0x4037aa,0x742cf1755268
0x4037aa,0xfdfd3a8c1c68
0x4037aa,0xa21321c1c68
0x4037aa,0x5829a6eec668
0x4037c1,0x28e837d36740
0x4037aa,0xa21321f1c68
0x4037ba,0xd79e62b07cf0
0x4037aa,0xea2062e7c68
0x4037ba,0xd79e62a9e528
0x4037aa,0x28e837d1dc68
0x4037aa,0x28e837d7dc68
0x4037c1,0xd79e62b22770
0x4037aa,0x28e837debca8
0x4037ba,0x28e837d98fd0
0x4037aa,0xd79e62be5aa8
0x4037c1,0xd79e62c4c1d0
0x4037aa,0x28e837e4bca8
0x4037ba,0xa1abd803dc48
0x4037ba,0x6c5370332ef8
0x4037aa,0xa21321abca8
0x4037ba,0xa21321f5268
0x4037aa,0xea2062d2ea8
0x4037aa,0xd79e62c05aa8
0x4037aa,0x28e837cabca8
0x4037aa,0x742cf17672a8
0x4037ba,0xd79e62b96410
0x4037aa,0x28e837dcbca8
0x4037ba,0x28e837d53d08
0x4037aa,0x5829a6f1a4e8
0x4037ba,0x28e837e52e80
0x4037aa,0x6c53703498e8
0x4037aa,0xa7d08ad008e8
0x4037ba,0x28e837cc23e0
0x4037ba,0x28e837e647e8
0x4037c1,0xa1abd8038ff0
0x4037aa,0x742cf17810e8
0x4037aa,0xa7d08ad098e8
0x4037c1,0x5829a6f47208
0x4037aa,0xea2062d2ee8
0x4037ba,0xa1abd7fd3548
0x4037aa,0xea2062e7ce8
0x4037ba,0xa1abd8007288
0x4037aa,0x5829a6f3a4e8
0x4037aa,0xa7d08ad208e8
0x4037aa,0x742cf1775128
0x4037aa,0x5829a6f1c528
0x4037aa,0x742cf1779128
0x4037aa,0x5829a6f1e528
0x4037aa,0x5829a6ee5728
0x4037c1,0xea2062fbf60
0x4037ba,0x28e837d2d7b8
0x4037aa,0x742cf1783128
0x4037aa,0x742cf1785128
0x4037aa,0x5829a6ef4728
0x4037aa,0x742cf1765328
0x4037ba,0xa2132207228
0x4037ba,0x28e837da8b88
0x4037ba,0x28e837cd0998
0x4037c1,0xea20631a4c0
0x4037ba,0xd79e62a78fe0
0x4037aa,0x5829a6f3c528
0x4037aa,0x742cf1795128
0x4037aa,0x5829a6f3e528
0x4037aa,0x5829a6f05728
0x4037ba,0xd79e62c331d0
0x4037aa,0x742cf1799128
0x4037aa,0x5829a6ee2768
0x4037aa,0x28e837e3bf68
0x4037ba,0x28e837e208f8
0x4037ba,0xd79e62b25300
0x4037aa,0x5829a6f2b568
0x4037aa,0x8ad3301c0d68
0x4037ba,0xea20633dc50
0x4037ba,0xd79e62ad4728
0x4037aa,0x5829a6ef6768
0x4037ba,0xa2132207290
0x4037aa,0x5829a6f33568
0x4037ba,0xd79e62ac5330
0x4037aa,0x5829a6f02768
0x4037aa,0x742cf1771368
0x4037aa,0x28e837dbed68
0x4037c1,0xa2132205330
0x4037aa,0xa7d08ad009a8
0x4037aa,0x742cf17801a8
0x4037aa,0x5829a6f265a8
0x4037aa,0x742cf17811a8
0x4037aa,0x5829a6eed7a8
0x4037c1,0xa1abd80113a8
0x4037aa,0xea2062ccda8
0x4037ba,0x28e837dc8b90
0x4037aa,0xa7d08ad109a8
0x4037aa,0xea2062f0fa8
0x4037aa,0x742cf17663a8
0x4037aa,0x28e837cb0fa8
0x4037c1,0x28e837cbe520
0x4037aa,0xd79e62c08ba8
0x4037ba,0x28e837df2ee8
0x4037c1,0xd79e62afa4f0
0x4037c1,0xa21321d8998
0x4037aa,0x742cf176b3a8
0x4037aa,0x28e837d2cda8
0x4037aa,0xa7d08ad209a8
0x4037aa,0x742cf17713a8
0x4037aa,0xd79e62bdebe8
0x4037ba,0x28e837d847d8
0x4037aa,0x5829a6ee47e8
0x4037aa,0x742cf17623e8
0x4037aa,0x28e837c98fe8
0x4037aa,0x5829a6f325e8
0x4037aa,0x742cf178c1e8
0x4037c1,0x28e837dfebf0
0x4037aa,0x28e837cf8fe8
0x4037aa,0x742cf17931e8
0x4037ba,0xd79e62bc7cd8
0x4037aa,0x5829a6f047e8
0x4037aa,0xd79e62c1ebe8
0x4037aa,0x28e837dd8fe8
0x4037ba,0xa1abd8000180
0x4037ba,0xd79e62bfe538
0x4037aa,0x6c5370347a28
0x4037aa,0xab8967096428
0x4037aa,0x742cf1756428
0x4037ba,0xea2062c1190
0x4037aa,0xa7d08ad07a28
0x4037aa,0xd79e62bf6c28
0x4037ba,0xa1abd80009a0
0x4037aa,0x5829a6eee828
0x4037aa,0xa21321f1e28
0x4037aa,0x742cf1787228
0x4037c1,0xd79e62ace808
0x4037ba,0x28e837d11e30
0x4037aa,0xd79e62c16c28
0x4037ba,0x28e837e51388
0x4037aa,0xee30bb947a28
0x4037aa,0x742cf1775268
0x4037c1,0xa1abd8038ff0
0x4037ba,0xa1abd8015108
0x4037aa,0xd79e62bfdc68
0x4037c1,0x8ad3301bebe8
0x4037ba,0x28e837cf09b8
0x4037aa,0x5829a6f2c668
0x4037aa,0xd79e62c01c68
0x4037ba,0xd79e62a70f90
0x4037ba,0xea2063309b8
0x4037aa,0xd79e62c07c68
0x4037ba,0xd79e62afdc50
0x4037c1,0xd79e62accd90
0x4037aa,0xd79e62c11c68
0x4037ba,0xd79e62ab4fb8
0x4037ba,0xa1abd8036c00
0x4037aa,0x742cf1795268
0x4037aa,0xd79e62c1dc68
0x4037c1,0x28e837d9dc68
0x4037aa,0x6c5370345aa8
0x4037c1,0xea206301c78
0x4037ba,0x28e837e525c8
0x4037aa,0x742cf17872a8
0x4037ba,0x28e837c92ee0
0x4037aa,0xd79e62c0bca8
0x4037aa,0xee30bb945aa8
0x4037aa,0x5829a6ee08e8
0x4037ba,0xd79e62b447e0
0x4037ba,0x28e837e7a4f8
0x4037ba,0x28e837c90998
0x4037aa,0x742cf17a10e8
0x4037aa,0x5829a6ee98e8
0x4037ba,0xd79e62b4e830
0x4037aa,0x742cf175a4e8
0x4037c1,0x5829a6ec72b0
0x4037aa,0xd79e62c07ce8
0x4037ba,0xd79e62c34738
0x4037aa,0x5829a6f008e8
0x4037ba,0x28e837d5ed78
0x4037ba,0xd79e62b99120
0x4037ba,0x28e837e55128
0x4037aa,0xd79e62bf3d28
0x4037aa,0x742cf17a3128
0x4037aa,0x5829a6f25728
0x4037ba,0xea2062d6438
0x4037aa,0x742cf17a5128
0x4037aa,0x742cf175c528
0x4037ba,0xd79e62ad0f90
0x4037aa,0x742cf175e528
0x4037aa,0x742cf1785328
0x4037ba,0x28e837cf1398
0x4037aa,0x5829a6f34728
0x4037ba,0x28e837c95268
0x4037aa,0x742cf17b5128
0x4037ba,0xd79e62b023e8
0x4037c1,0x28e837d62768
0x4037aa,0x742cf17b9128
0x4037ba,0x6c6f1e4c1c58
0x4037aa,0xd79e62bded68
0x4037aa,0xd79e62be0d68
0x4037aa,0x742cf1753568
0x4037aa,0x5829a6f22768
0x4037ba,0xd79e62bc7c70
0x4037ba,0xd79e62bbe510
0x4037aa,0x71aae01b1368
0x4037ba,0xd79e62c33d30
0x4037ba,0x28e837d12eb0
0x4037aa,0x5829a6f36768
0x4037aa,0x742cf176b568
0x4037ba,0xd79e62b6c1d8
0x4037aa,0x742cf1791368
0x4037ba,0xea2063131c0
0x4037ba,0xa1abd8046398
0x4037aa,0xd79e62c1ed68
0x4037aa,0x742cf1773568
0x4037aa,0xd79e62c20d68
0x4037aa,0x5829a6ee09a8
0x4037ba,0x28e837cd1388
0x4037ba,0xa1abd7ffc530
0x4037aa,0xd79e62becda8
0x4037aa,0x742cf17a01a8
0x4037ba,0xa21321b4fa0
0x4037ba,0xd79e62b07a18
0x4037aa,0x742cf17a11a8
0x4037aa,0xa21321d0fa8
0x4037aa,0xa7d08ad08ba8
0x4037ba,0xd79e62b2d7b0
0x4037aa,0x5829a6ef09a8
0x4037aa,0x742cf17863a8
0x4037aa,0x5829a6f2d7a8
0x4037c1,0x6c6f1e4c7280
0x4037aa,0x71aae01b13a8
0x4037ba,0x28e837dfbf68
0x4037aa,0x742cf17665a8
0x4037aa,0x742cf178b3a8
0x4037aa,0x5829a6ef89a8
0x4037aa,0x742cf17913a8
0x4037aa,0x5829a6f009a8
0x4037aa,0x28e837d54fa8
0x4037c1,0xa1abd7fd5278
0x4037c1,0xd79e62c47230
0x4037aa,0xd79e62c1bda8
0x4037aa,0x28e837d94fa8
0x4037c1,0xa1abd80263a8
0x4037aa,0xee30bb948ba8
0x4037aa,0x742cf17525e8
0x4037c1,0xa21321b2ec0
0x4037ba,0x28e837d010c0
0x4037aa,0x5829a6f247e8
0x4037c1,0xea20630e828
0x4037ba,0xd79e62b008c0
0x4037aa,0x742cf17823e8
0x4037ba,0x28e837d9a4f0
0x4037ba,0xd79e62b9a4d8
0x4037aa,0x742cf17ac1e8
0x4037aa,0xea2062f8fe8
0x4037ba,0x28e837cc23e0
0x4037aa,0x28e837ccdfe8
0x4037aa,0x742cf17b31e8
0x4037ba,0xd79e62ba23d0
0x4037ba,0x28e837c95130
0x4037aa,0xa7d08ad1ebe8
0x4037aa,0x742cf17725e8
0x4037c1,0xa21321e5118
0x4037aa,0x742cf1776428
0x4037c1,0xd79e62c4c1d0
0x4037ba,0xd79e62ac7c48
0x4037c1,0xa1abd801e508
0x4037aa,0x5829a6ee7a28
0x4037aa,0x742cf17a7228
0x4037aa,0x5829a6f2e828
0x4037ba,0x28e837e26380
0x4037aa,0xd79e62c11e28
0x4037aa,0x742cf1796428
0x403044,0xd79e62b31e00
0x403702,0xd79e62b53558
0x403702,0x28e837d96418
0x403709,0xd79e62b56c30
0x403702,0xd79e62b4cd98
0x4037aa,0x6c5370347c68
0x4037ba,0xa21322001b8
0x4037aa,0xa7d08ad01c68
0x4037ba,0x6c5370339f88
0x4037aa,0xa7d08ad07c68
0x4037ba,0xa1abd800c670
0x4037ba,0xd79e62bcb3b8
0x4037aa,0x742cf176c668
0x4037aa,0xa7d08ad1dc68
0x4037aa,0x742cf17b5268
0x4037aa,0xee30bb947c68
0x4037c1,0xee30bb941c78
0x4037c1,0xd79e62ad6438
0x4037aa,0x5829a6ee5aa8
0x4037ba,0x28e837e55258
0x4037ba,0xa1abd7fd6438
0x4037ba,0xd79e62c43108
0x4037ba,0xd79e62a72e90
0x4037ba,0x28e837d9bf58
0x4037aa,0x742cf17a72a8
0x4037aa,0xa7d08ad0bca8
0x4037ba,0x28e837db9130
0x4037c1,0xd79e62a872a8
0x4037ba,0x28e837cb1e10
0x4037aa,0xd79e62c12ea8
0x4037ba,0x28e837d610e0
0x4037ba,0x28e837d411b8
0x4037aa,0x5829a6f05aa8
0x4037ba,0x28e837e2b3b0
0x4037aa,0x6c5370347ce8
0x4037aa,0x742cf17c10e8
0x4037aa,0x742cf177a4e8
0x4037ba,0x28e837cfebf0
0x4037ba,0xa1abd8005718
0x4037aa,0x5829a6f208e8
0x4037ba,0x28e837e26590
0x4037aa,0xa7d08ad07ce8
0x4037ba,0xd79e62a59f98
0x4037aa,0x5829a6f298e8
0x4037ba,0xa1abd8027210
0x4037aa,0xd79e62c12ee8
0x4037aa,0x742cf17e10e8
0x4037ba,0xa21321d5240
0x4037aa,0xee30bb947ce8
0x4037aa,0x5829a6f408e8
0x4037ba,0xa213218b570
0x4037aa,0x742cf1754728
0x4037ba,0x28e837e0e808
0x4037aa,0x742cf17c3128
0x4037ba,0x28e837cb1c70
0x4037ba,0xa1abd8007a38
0x4037aa,0x742cf177c528
0x4037aa,0x742cf17c5128
0x4037ba,0xd79e62afbdb8
0x4037aa,0x742cf177e528
0x4037aa,0x742cf17a5328
0x4037ba,0x28e837d32ea8
0x4037ba,0x28e837e2bca0
0x4037aa,0x742cf1765728
0x4037aa,0xa7d08ad13d28
0x4037aa,0x742cf17d5128
0x4037aa,0x742cf17d9128
0x4037ba,0x28e837d410e8
0x4037ba,0x28e837d21c60
0x4037ba,0xd79e62ae2750
0x4037aa,0x742cf1774728
0x4037ba,0xd79e62addc40
0x4037ba,0x28e837d12eb0
0x4037aa,0xab8967096768
0x4037ba,0x28e837e51388
0x4037aa,0xa7d08ad00d68
0x4037aa,0x742cf1756768
0x4037ba,0x6c537034b540
0x4037c1,0xa2132208bb8
0x4037aa,0x742cf1762768
0x4037ba,0x28e837e201a8
0x4037aa,0x742cf178b568
0x4037ba,0xd79e62a931f8
0x4037aa,0x742cf17b1368
0x4037ba,0xa1abd7fe0988
0x4037aa,0xa7d08ad1ed68
0x4037aa,0x742cf1793568
0x4037aa,0xa7d08ad20d68
0x4037aa,0xd79e62c1bf68
0x4037ba,0xa1abd8013d20
0x4037c1,0x28e837d9ed60
0x4037aa,0x742cf17c01a8
0x4037ba,0x28e837d6e820
0x4037c1,0x28e837dfe508
0x4037aa,0x742cf17c11a8
0x4037aa,0x6c537034cda8
0x4037aa,0x5829a6f209a8
0x4037aa,0xd79e62bf0fa8
0x4037aa,0x5829a6ee8ba8
0x4037ba,0xd79e62a9ed48
0x4037aa,0xd79e62bf4fa8
0x4037ba,0xd79e62aadfc8
0x4037ba,0xea206313d20
0x4037ba,0xd79e62a9c538
0x4037aa,0x742cf17a63a8
0x4037aa,0xa7d08ad0cda8
0x4037aa,0x742cf17865a8
0x4037aa,0x742cf17ab3a8
0x4037aa,0x5829a6f309a8
0x4037aa,0x742cf17b13a8
0x4037ba,0xd79e62b91e08
0x4037aa,0xa7d08ad1bda8
0x4037aa,0xd79e62c10fa8
0x4037aa,0x5829a6f389a8
0x4037aa,0x742cf176d7a8
0x4037aa,0xd79e62c14fa8
0x4037aa,0x742cf17e01a8
0x4037c1,0xd79e62b801b0
0x4037aa,0x742cf17e11a8
0x4037aa,0x5829a6f409a8
0x4037ba,0xea20631dc58
0x4037ba,0x6c537034b3a0
0x4037aa,0x742cf17a23e8
0x4037ba,0x28e837d823d8
0x4037aa,0xd79e62bf8fe8
0x4037ba,0xd79e62b67cd0
0x4037aa,0x742cf17cc1e8
0x4037ba,0x28e837d223f8
0x4037aa,0x742cf17647e8
0x4037aa,0x742cf17d31e8
0x4037aa,0xd79e62c0dfe8
0x4037c1,0xd79e62accd90
0x4037ba,0x28e837d5ed78
0x4037aa,0x742cf17925e8
0x4037ba,0x28e837d59128
0x4037ba,0xd79e62a51e20
0x4037ba,0x28e837d989b8
0x4037aa,0x742cf17c7228
0x4037ba,0xd79e62ae5730
0x4037c1,0xd79e62ace808
0x4037aa,0x5829a6ef6c28
0x4037ba,0xa21321d4718
0x4037aa,0x742cf17b6428
0x4037aa,0x742cf176e828
0x4037c1,0x5829a6f410e8
0x4037aa,0x5829a6ee1c68
0x4037ba,0xa21321fa4c8
0x4037ba,0xd79e62ae1c48
0x4037aa,0x5829a6ee7c68
0x4037ba,0xe8035e467c60
0x4037ba,0xa1abd804dff8
0x4037ba,0xd79e62c3c510
0x4037aa,0x742cf17d5268
0x4037aa,0x742cf178c668
0x4037ba,0x28e837c95268
0x4037c1,0x28e837d1a4e0
0x4037ba,0xa1abd803dc48
0x4037ba,0xea2062d6438
0x4037aa,0x5829a6efdc68
0x4037aa,0x5829a6f01c68
0x4037ba,0xc48ca9045ab8
0x4037c1,0xea2062cbc80
0x4037ba,0xea2062c10c0
0x4037ba,0xa1abd80331d8
0x4037aa,0x742cf17c72a8
0x4037c1,0xea2062fbf60
0x4037aa,0x5829a6f25aa8
0x4037aa,0x5829a6eebca8
0x4037c1,0x28e837e5bf58
0x4037ba,0xd79e62b25710
0x4037ba,0xd79e62a6cd80
0x4037aa,0xa7d08ad12ea8
0x4037ba,0xd79e62af6420
0x4037aa,0x742cf179a4e8
0x4037aa,0x41d09e9a98e8
0x4037ba,0x28e837cfe508
0x4037ba,0x28e837cf1398
0x4037ba,0xa21321f5130
0x4037aa,0x5829a6ee7ce8
0x4037ba,0x5829a6ed2e98
0x4037ba,0xd79e62b13570
0x4037aa,0x742cf17608e8
0x4037c1,0xd79e62bc08f8
0x4037c1,0xa1abd7fe7220
0x4037aa,0xa7d08ad12ee8
0x4037ba,0x28e837d9bdb8
0x4037aa,0x742cf17698e8
0x4037c1,0x28e837d52ed8
0x4037ba,0xa21321e7a10
0x4037aa,0x742cf18010e8
0x4037aa,0x742cf17ba4e8
0x403702,0xd79e62b4cd98
0x4037aa,0x742cf17e3128
0x4037aa,0x742cf17e5128
0x4037aa,0x742cf179c528
0x4037aa,0x742cf179e528
0x4037ba,0xa21321b4718
0x4037aa,0x742cf17c5328
0x4037ba,0xd79e62a56c38
0x4037aa,0x742cf1785728
0x4037ba,0x28e837dc23e8
0x4037aa,0x742cf17f5128
0x4037aa,0x5829a6ef3d28
0x4037ba,0xd79e62a5bda8
0x4037ba,0x28e837c931f0
0x4037aa,0x742cf17f9128
0x4037ba,0x28e837e53d10
0x4037aa,0x742cf1803128
0x4037aa,0x742cf1794728
0x4037ba,0xd79e62b023e8
0x4037ba,0xd79e62bd31d8
0x4037aa,0x742cf1805128
0x4037aa,0x742cf17bc528
0x4037ba,0xd79e62c33d30
0x4037aa,0x5829a6ee0d68
0x4037aa,0x742cf1776768
0x4037ba,0xd79e62b40190
0x4037ba,0xa1abd800c1f0
0x4037ba,0xa1abd7fd3d00
0x4037ba,0x28e837e52e80
0x4037ba,0x28e837e60d78
0x4037aa,0x742cf1782768
0x4037ba,0x9e9c4d911e20
0x4037aa,0x742cf17ab568
0x4037aa,0x742cf17d1368
0x4037aa,0xa7d08ad1bf68
0x4037aa,0x742cf17b3568
0x4037ba,0x28e837ce6380
0x4037aa,0x5829a6f00d68
0x4037ba,0xd79e62af9f90
0x4037aa,0x742cf1796768
0x4037ba,0x28e837dd6c10
0x4037aa,0x742cf17c63a8
0x4037aa,0x742cf17589a8
0x4037ba,0xd79e62a91388
0x4037aa,0x5829a6eecda8
0x4037aa,0x742cf17a65a8
0x4037aa,0x5829a6f28ba8
0x4037aa,0x742cf17cb3a8
0x4037aa,0x742cf17609a8
0x4037ba,0x28e837cb1380
0x4037c1,0x6c6f1e4c7280
0x4037aa,0x742cf17d13a8
0x4037aa,0xa7d08ad10fa8
0x4037ba,0xd79e62a9e528
0x4037ba,0x28e837df2e80
0x4037aa,0xa7d08ad19fa8
0x4037ba,0xa1abd7fd3548
0x4037aa,0x742cf178d7a8
0x4037ba,0x28e837d610e0
0x4037aa,0x5829a6efbda8
0x4037aa,0x742cf18001a8
0x4037aa,0x742cf18011a8
0x4037aa,0x742cf17709a8
0x4037aa,0x742cf17c23e8
0x4037ba,0x28e837e40d48
0x4037aa,0x5829a6f1ebe8
0x4037aa,0x742cf17ec1e8
0x4037ba,0x6c5370332e90
0x4037ba,0xd79e62b131c8
0x4037ba,0xa2132207c50
0x4037aa,0x742cf17847e8
0x4037ba,0xd79e62c13570
0x4037aa,0x742cf17f31e8
0x4037ba,0xa1abd8031c48
0x4037aa,0xa7d08ad0dfe8
0x4037ba,0x28e837d06598
0x4037ba,0x28e837c925f0
0x4037ba,0x28e837e51e18
0x4037aa,0x742cf17b25e8
0x4037c1,0xd79e62bc8b88
0x4037ba,0xd79e62ae2750
0x4037ba,0xea2063047f0
0x4037aa,0x5829a6f3ebe8
0x4037aa,0x742cf17e23e8
0x4037aa,0x742cf17e7228
0x4037ba,0xd79e62ac7c48
0x4037ba,0xea20632dfe8
0x4037aa,0x742cf1767a28
0x4037aa,0x742cf17d6428
0x4037ba,0xe8035e4672a0
0x4037aa,0x742cf178e828
0x4037aa,0x5829a6f36c28
0x4037aa,0x742cf1807228
0x4037ba,0x28e837cd5130
0x4037aa,0x5829a6f1dc68
0x4037ba,0x28e837e409a0
0x4037ba,0xd79e62c34738
0x4037aa,0x5829a6f21c68
0x4037ba,0x28e837c8d7b0
0x4037ba,0xd79e62c4e808
0x4037c1,0xea20630e828
0x4037ba,0xea206322750
0x4037aa,0x742cf17f5268
0x4037aa,0x742cf17ac668
0x4037ba,0xea206339fa0
0x4037aa,0x5829a6f31c68
0x4037ba,0xd79e62c35120
0x4037ba,0x28e837d223f8
0x4037ba,0x28e837dc47d0
0x4037ba,0xe8035e463118
0x4037c1,0xd79e62b22770
0x4037aa,0x5829a6f3dc68
0x4037c1,0xa21321e5118
0x4037aa,0x742cf17e72a8
0x4037ba,0x6c5370332ef8
0x4037ba,0x28e837d65a80
0x4037aa,0x5829a6f2bca8
0x4037aa,0x5829a6ef2ea8
0x4037aa,0x742cf1765aa8
0x4037c1,0x28e837cbe520
0x4037ba,0xea2063131c0
0x4037ba,0xd79e62beb570
0x4037ba,0xa1abd804b540
0x4037c1,0xd79e62b047f8
0x4037aa,0x742cf18072a8
0x4037ba,0x28e837cfebf0
0x4037ba,0xd79e62a91c78
0x4037ba,0x28e837d21c60
0x4037aa,0x742cf17808e8
0x4037aa,0x5829a6ef2ee8
0x4037ba,0x28e837e51c78
0x4037aa,0x742cf17898e8
0x4037aa,0x742cf18210e8
0x4037aa,0x742cf17da4e8
0x4037ba,0xea20633dc50
0x4037ba,0x28e837cf09b8
0x4037aa,0x742cf17be528
0x4037aa,0x742cf17e5328
0x4037c1,0xea206301c78
0x4037ba,0xd79e62b010e8
0x4037ba,0x28e837dc23e8
0x4037aa,0x742cf17a5728
0x4037c1,0x28e837d36740
0x4037aa,0x742cf1815128
0x4037aa,0x742cf1819128
0x4037ba,0xd79e62a78fe0
0x4037aa,0x5829a6f33d28
0x4037aa,0x742cf17b4728
0x4037aa,0x742cf1823128
0x4037ba,0x28e837c92ee0
0x4037aa,0x742cf17dc528
0x4037c1,0x28e837d62768
0x4037aa,0x742cf1825128
0x4037aa,0x742cf17de528
0x4037ba,0xd79e62ae5118
0x4037aa,0x742cf1805328
0x4037ba,0xd79e62ac5330
0x4037aa,0x5829a6f1ed68
0x4037ba,0xd79e62a91e20
0x4037aa,0x5829a6f20d68
0x4037aa,0x742cf17a2768
0x4037ba,0xd79e62b01180
0x4037aa,0x742cf17cb568
0x4037aa,0x742cf17f1368
0x4037ba,0xd79e62afdc50
0x4037c1,0x28e837d58998
0x4037ba,0xd79e62c331d0
0x4037aa,0x742cf17d3568
0x4037aa,0x5829a6efbf68
0x4037aa,0x742cf17b6768
0x4037ba,0x5829a6edbf78
0x4037ba,0xd79e62bc7c70
0x4037aa,0x5829a6f3ed68
0x4037c1,0x28e837d9dc68
0x4037aa,0x5829a6f40d68
0x4037aa,0x5829a6f1bda8
0x4037c1,0xa2132205330
0x4037aa,0x742cf17e63a8
0x4037aa,0x742cf17789a8
0x4037c1,0x28e837dfe508
0x4037ba,0xd79e62a70f90
0x4037aa,0x742cf17eb3a8
0x4037aa,0x742cf17c65a8
0x4037aa,0x742cf17809a8
0x4037aa,0x742cf17f13a8
0x4037c1,0x28e837e80988
0x4037aa,0x5829a6ef0fa8
0x4037c1,0xd79e62bf25e0
0x4037aa,0x5829a6f2cda8
0x4037aa,0x5829a6ef4fa8
0x4037c1,0x6c6f1e4c7280
0x4037ba,0xd79e62b91e08
0x4037aa,0x742cf17ad7a8
0x4037aa,0x5829a6ef9fa8
0x4037ba,0x28e837d847d8
0x4037aa,0x742cf1768ba8
0x4037aa,0x742cf18201a8
0x4037ba,0xa1abd8015240
0x4037aa,0x742cf18211a8
0x4037aa,0x742cf17909a8
0x4037aa,0x5829a6f3bda8
0x4037aa,0x742cf18063a8
0x4037aa,0x742cf17989a8
0x4037ba,0xd79e62b447e0
0x4037ba,0x28e837da8b88
0x4037aa,0x742cf180c1e8
0x4037ba,0xd79e62ae10e8
0x4037aa,0x742cf17a47e8
0x4037aa,0x5829a6eedfe8
0x4037aa,0x742cf18131e8
0x4037aa,0x742cf175ebe8
0x4037ba,0x28e837e2b550
0x4037aa,0x742cf17d25e8
0x4037c1,0xd79e62a872a8
0x4037aa,0x5829a6ef8fe8
0x4037ba,0xd79e62ae11b8
0x4037aa,0x742cf18023e8
0x4037ba,0xd79e62bc7a00
0x4037ba,0xd79e62a5bda8
0x4037c1,0xea2062ec678
0x4037aa,0xab8967096c28
0x4037c1,0xd79e62ad6438
0x4037aa,0x742cf1756c28
0x4037ba,0xd79e62a56c38
0x4037ba,0x28e837d6e820
0x4037c1,0xd79e62c098d0
0x4037aa,0x71aae018e828
0x4037aa,0x742cf1787a28
0x4037ba,0xa21321e7ce8
0x4037aa,0x742cf17f6428
0x4037aa,0x742cf17ae828
0x4037aa,0x5829a6f31e28
0x4037c1,0xea20631a4c0
0x4037aa,0x742cf1827228
0x4037ba,0x28e837dec1e8
0x4037ba,0xd79e62af0fb0
0x4037aa,0x742cf175dc68
0x4037aa,0x742cf17cc668
0x4037aa,0x742cf1815268
0x4037ba,0x28e837e63128
0x4037aa,0x742cf1761c68
0x4037aa,0x742cf1767c68
0x4037ba,0x28e837c95130
0x4037ba,0x6c5370333d08
0x4037aa,0x742cf1771c68
0x4037c1,0xd79e62b22770
0x4037ba,0xea206322750
0x403709,0xd79e62b56c30
0x403702,0xd79e62b4cd98
0x4037ba,0xa1abd800c1f0
0x4037ba,0xa1abd8041190
0x4037aa,0x742cf1785aa8
0x4037c1,0xa1abd80113a8
0x4037aa,0x5829a6f32ea8
0x4037ba,0x28e837cf1398
0x4037aa,0x742cf176bca8
0x4037ba,0xd79e62ad0f90
0x4037ba,0x28e837d12eb0
0x4037aa,0x742cf18272a8
0x4037ba,0xd79e62ac0988
0x4037aa,0x742cf17a08e8
0x4037ba,0xd79e62c3dc50
0x4037ba,0x28e837dfbf68
0x4037c1,0x5829a6ec72b0
0x4037ba,0x28e837cd31e8
0x4037aa,0x742cf17a98e8
0x4037aa,0x5829a6f32ee8
0x4037aa,0x742cf17fa4e8
0x4037aa,0x742cf18410e8
0x4037aa,0x742cf1767ce8
0x4037ba,0xd79e62b672a8
0x4037ba,0xe8035e4663a0
0x4037ba,0xea2062c2768
0x4037ba,0xe8035e467cc0
0x4037aa,0x742cf1753d28
0x4037ba,0x28e837cbc520
0x4037c1,0x28e837e6c1c8
0x4037aa,0x742cf17c5728
0x4037ba,0xea20631dc58
0x4037aa,0x742cf1835128
0x4037aa,0x742cf1839128
0x4037aa,0x742cf17d4728
0x4037aa,0x742cf17fc528
0x4037aa,0x742cf1843128
0x4037ba,0x5829a6ec11a8
0x4037ba,0xd79e62b54f80
0x4037ba,0xa1abd8015108
0x4037aa,0x742cf17fe528
0x4037aa,0x742cf1845128
0x4037aa,0x742cf1825328
0x4037ba,0xd79e62b71378
0x4037aa,0x742cf1773d28
0x4037ba,0xc48ca9045300
0x4037ba,0xe8035e467c60
0x4037ba,0x1a70aa8a47c0
0x4037ba,0x5829a6ec8b80
0x4037aa,0x5829a6f1bf68
0x4037aa,0x742cf17c2768
0x4037aa,0x742cf17eb568
0x4037aa,0x742cf1811368
0x4037ba,0xd79e62b1bda0
0x4037ba,0x28e837cd5268
0x4037aa,0x742cf175ed68
0x4037aa,0x742cf17f3568
0x4037c1,0x8ad3301bebe8
0x4037aa,0x742cf1760d68
0x4037aa,0x742cf17d6768
0x4037ba,0x28e837d90f98
0x4037ba,0xd79e62a92ef8
0x4037ba,0xea20632c1e0
0x4037aa,0x5829a6f3bf68
0x4037ba,0xea20633dc50
0x4037ba,0xea2062d5130
0x4037aa,0x742cf17e2768
0x4037aa,0x5829a6f19fa8
0x4037aa,0x742cf17e65a8
0x4037aa,0x742cf180b3a8
0x4037aa,0x742cf17a09a8
0x4037ba,0x28e837ddbd90
0x4037ba,0xd79e62c25338
0x4037ba,0xd79e62c42748
0x4037aa,0x742cf175bda8
0x4037aa,0x742cf18113a8
0x4037aa,0x742cf17cd7a8
0x4037c1,0xd79e62a73550
0x4037ba,0x5829a6f0b398
0x4037aa,0x742cf1788ba8
0x4037ba,0x28e837e39120
0x4037aa,0x5829a6f30fa8
0x4037aa,0x742cf18401a8
0x4037aa,0x742cf18411a8
0x4037aa,0x742cf17b09a8
0x4037aa,0x5829a6f34fa8
0x4037ba,0xa1abd7fd3548
0x4037aa,0x742cf176cda8
0x4037aa,0x5829a6f39fa8
0x4037c1,0xd79e62c47230
0x4037aa,0x742cf17b89a8
0x4037c1,0xd79e62ae7c60
0x4037aa,0x742cf18263a8
0x4037aa,0x742cf18065a8
0x4037ba,0xa21321fa4c8
0x4037aa,0x742cf182c1e8
0x4037aa,0x742cf17c47e8
0x4037ba,0x28e837dc8b90
0x4037aa,0x742cf177ebe8
0x4037aa,0x742cf18331e8
0x4037aa,0x71bb2b1823e8
0x4037ba,0xea2062cd780
0x4037ba,0xa21321b8980
0x4037aa,0x742cf17f25e8
0x4037aa,0x5829a6f2dfe8
0x4037ba,0xd79e62a9ed48
0x4037ba,0xd79e62bd31d8
0x4037ba,0xea2063047f0
0x4037ba,0x28e837cb6430
0x4037ba,0xd79e62a92e90
0x4037aa,0x742cf18223e8
0x4037aa,0x5829a6f38fe8
0x4037aa,0x742cf184c1e8
0x4037ba,0x41d09ea210c8
0x4037ba,0x28e837e38ff0
0x4037aa,0x742cf1776c28
0x4037ba,0xa1abd8019fb0
0x4037aa,0x742cf17a7a28
0x4037ba,0x28e837ce6380
0x4037ba,0x28e837e2b3b0
0x4037c1,0xd79e62bac670
0x4037aa,0x742cf17ce828
0x4037aa,0x742cf1816428
0x4037c1,0xd79e62afa4f0
0x4037ba,0x28e837cd1e18
0x4037aa,0x742cf1847228
0x4037aa,0x742cf1771e28
0x4037c1,0xd79e62b22770
0x4037aa,0x742cf1796c28
0x4037c1,0xd79e62a73d08
0x4037aa,0x742cf177dc68
0x4037ba,0x6c6f1e4c1c58
0x4037aa,0x742cf17ec668
0x4037aa,0x742cf1835268
0x4037aa,0x742cf1781c68
0x4037ba,0xd79e62b07a18
0x4037aa,0x742cf1787c68
0x4037ba,0x28e837d5ed78
0x4037aa,0x71aae01b1c68
0x4037ba,0xd79e62c2c640
0x4037aa,0x742cf1791c68
0x4037ba,0xd79e62bfbd98
0x4037ba,0xea2062c10c0
0x402c20,0xd79e62b56c30
0x402cbc,0x41d09ea21c40
0x402c50,0xd79e62acb3b8
0x402c20,0x5829a6ecb3b8
0x4037aa,0x742cf1752ea8
0x4037ba,0x28e837d74f80
0x4037ba,0x28e837dc63b8
0x4037ba,0xd79e62a91388
0x4037c1,0x28e837e6c1c8
0x4037aa,0x742cf17a5aa8
0x4037ba,0x28e837d9a4f0
0x4037ba,0xd79e62aa63b0
0x4037ba,0xa1abd8005718
0x4037ba,0x28e837d85aa0
0x4037aa,0x742cf178bca8
0x4037ba,0xd79e62a72ef8
0x4037aa,0x742cf18472a8
0x4037ba,0xd79e62c33d30
0x4037aa,0x742cf1772ea8
0x4037ba,0x28e837e51388
0x4037aa,0x742cf1752ee8
0x4037aa,0x742cf17c08e8
0x4037aa,0x1a70aa8ba4e8
0x4037ba,0x28e837db9130
0x4037aa,0x742cf17c98e8
0x4037aa,0x742cf1787ce8
0x4037c1,0x28e837e56750
0x4037aa,0x742cf181a4e8
0x4037aa,0xe874ed6610e8
0x4037ba,0x28e837e0e808
0x4037c1,0xee30bb941c78
0x4037aa,0x742cf17e08e8
0x4037aa,0x742cf1772ee8
0x4037aa,0x742cf17e5728
0x4037aa,0x6af9d6d7c528
0x4037c1,0x28e837dfe508
0x4037aa,0xe874ed655128
0x4037aa,0x742cf17f4728
0x4037aa,0xe874ed659128
0x4037ba,0x28e837e51e18
0x4037aa,0x742cf181c528
0x4037aa,0x742cf181e528
0x4037aa,0x742cf1845328
0x4037aa,0xe874ed663128
0x4037ba,0xa1abd80410c0
0x4037aa,0xe874ed665128
0x4037aa,0x742cf1793d28
0x4037aa,0x742cf1805728
0x4037ba,0xea2062c23c0
0x4037ba,0xa213218cd80
0x4037aa,0x742cf180b568
0x4037c1,0x28e837c96c28
0x4037aa,0x742cf1831368
0x4037aa,0x742cf177ed68
0x4037ba,0x28e837d65330
0x4037aa,0x742cf1780d68
0x4037aa,0x742cf175bf68
0x4037ba,0xa1abd802cd88
0x4037aa,0x742cf1813568
0x4037aa,0x742cf17f6768
0x4037c1,0xd79e62accd90
0x4037ba,0x28e837d411b8
0x4037ba,0xd79e62ae5730
0x4037aa,0x742cf1802768
0x4037ba,0xa1abd8023120
0x4037ba,0xd79e62ac5330
0x4037aa,0x742cf182b3a8
0x4037aa,0x6af9d6d88ba8
0x4037ba,0xd79e62b76438
0x4037aa,0x742cf17c09a8
0x4037ba,0xd79e62ac7288
0x4037aa,0x742cf1754fa8
0x4037ba,0xd79e62a91c78
0x4037aa,0x742cf177bda8
0x4037aa,0x742cf18313a8
0x4037aa,0x742cf1759fa8
0x4037ba,0xea2062d6778
0x4037aa,0x742cf17ed7a8
0x4037ba,0xa2132207228
0x4037aa,0x742cf17a8ba8
0x4037aa,0x742cf17d09a8
0x4037c1,0x6c6f1e4c7280
0x4037ba,0xa1abd7fd3d00
0x4037c1,0xd79e62a872a8
0x4037ba,0x28e837cb9fa0
0x4037aa,0x742cf178cda8
0x4037aa,0xe874ed6601a8
0x4037c1,0xea20631a4c0
0x4037aa,0x742cf17d89a8
0x4037aa,0xe874ed6611a8
0x4037ba,0xa2132207c50
0x4037aa,0x742cf18463a8
0x4037aa,0x742cf1770fa8
0x4037aa,0x742cf18265a8
0x4037aa,0x742cf184b3a8
0x4037aa,0x742cf17e09a8
0x4037aa,0x742cf1774fa8
0x4037ba,0x28e837cb3d20
0x4037aa,0x742cf17e47e8
0x4037aa,0x742cf179ebe8
0x4037aa,0xe874ed64c1e8
0x4037aa,0x742cf1758fe8
0x4037aa,0x742cf18125e8
0x4037aa,0xe874ed6531e8
0x4037ba,0xd79e62ab4fb8
0x4037ba,0xd79e62ad0f90
0x4037c1,0xa1abd8032e80
0x4037aa,0x742cf18423e8
0x4037ba,0x28e837d3ed58
0x4037aa,0x742cf176dfe8
0x4037ba,0xd79e62abbf48
0x4037aa,0x742cf18047e8
0x4037ba,0xd79e62b4e830
0x4037aa,0x742cf17c7a28
0x4037aa,0x742cf17ee828
0x4037aa,0x742cf1836428
0x4037ba,0x28e837d847d8
0x4037ba,0xa2132207290
0x4037aa,0x71aae01b1e28
0x4037ba,0x28e837c92ee0
0x4037ba,0x28e837cd1c78
0x4037aa,0x742cf1791e28
0x4037aa,0x742cf17b6c28
0x4037c1,0x28e837d62768
0x4037aa,0xe874ed667228
0x4037ba,0x28e837c8dfd0
0x4037ba,0x28e837c90998
0x4037aa,0x742cf179dc68
0x4037aa,0x742cf180c668
0x4037aa,0x742cf17a1c68
0x4037ba,0x5829a6ef1c78
0x4037ba,0xd79e62c408e8
0x4037ba,0xd79e62a5bf48
0x4037ba,0x28e837d65128
0x4037ba,0xd79e62ae5118
0x4037c1,0x28e837e27c60
0x4037aa,0x742cf17a7c68
0x4037aa,0xe874ed655268
0x4037ba,0x28e837d823d8
0x4037c1,0x5829a6f47208
0x4037ba,0xd79e62af4fa0
0x4037ba,0xd79e62b447e0
0x4037ba,0x28e837dd6c10
0x4037aa,0x742cf17b1c68
0x4037ba,0x5829a6f0bc88
0x4037ba,0x28e837d410e8
0x4037aa,0x742cf17bdc68
0x4037ba,0x28e837d72eb8
0x4037aa,0x742cf17c5aa8
0x4037ba,0x28e837df2ee8
0x4037c1,0xd79e62bf25e0
0x4037ba,0x28e837decdb0
0x4037aa,0x742cf17abca8
0x4037ba,0xea2062d6438
0x4037ba,0x28e837d610e0
0x4037aa,0x742cf1792ea8
0x0,0xd79e62b32ea8
0x4037ba,0xd79e62abbda8
0x4037aa,0xe874ed6672a8
0x4037ba,0x28e837e63128
0x4037ba,0xd79e62b08b88
0x4037aa,0x742cf17e98e8
0x4037ba,0xd79e62c33578
0x4037ba,0x28e837e32eb8
0x4037c1,0x28e837de7a38
0x4037aa,0x742cf17a7ce8
0x4037c1,0x5829a6ec72b0
0x4037ba,0x28e837d223f8
0x4037aa,0x742cf183a4e8
0x4037aa,0xe874ed6810e8
0x4037c1,0xea20630e828
0x4037aa,0x742cf18008e8
0x4037aa,0x742cf1792ee8
0x4037aa,0xf64cbe10e8
0x4037ba,0x28e837e54720
0x4037ba,0x6c6f1e4c1c58
0x4037aa,0xab8966fa5128
0x4037ba,0xd79e62a931f8
0x4037ba,0xd79e62b6c1d8
0x4037aa,0xe874ed675128
0x4037aa,0xe874ed679128
0x4037aa,0x742cf1814728
0x4037ba,0xd79e62b18998
0x4037aa,0x742cf183c528
0x4037aa,0x742cf183e528
0x4037aa,0xe874ed683128
0x4037aa,0x742cf17b3d28
0x4037aa,0xe874ed685128
0x4037aa,0xe874ed665328
0x4037aa,0x742cf1825728
0x4037ba,0xea20632dfe8
0x40304c,0xd79e62b32ea8
0x403702,0xd79e62b4bc98
0x403702,0x28e837d96418
0x403702,0xd79e62b4cd98
0x4037aa,0x742cf182b568
0x4037ba,0xa1abd8012ee0
0x4037aa,0x742cf179ed68
0x4037aa,0x742cf177bf68
0x4037ba,0x28e837c9c520
0x4037aa,0x742cf17a0d68
0x4037aa,0x742cf1833568
0x4037aa,0x71bb2b182768
0x4037aa,0xe874ed651368
0x4037ba,0x28e837e2bca0
0x4037ba,0x28e837d9bf58
0x4037aa,0x742cf1816768
0x4037ba,0xea2062c10c0
0x4037aa,0x742cf1822768
0x4037aa,0x742cf184b568
0x4037ba,0x28e837d6e820
0x4037aa,0x742cf179bda8
0x4037c1,0x28e837dfe508
0x4037aa,0xe874ed64b3a8
0x4037aa,0x742cf1779fa8
0x4037ba,0xd79e62acd790
0x4037aa,0x742cf180d7a8
0x4037ba,0xd79e62b25300
0x4037ba,0x28e837df2e80
0x4037aa,0x6af9d6d4b3a8
0x4037aa,0x742cf17c8ba8
0x4037aa,0xe874ed6513a8
0x4037ba,0xd79e62a56758
0x4037aa,0x742cf17f09a8
0x4037c1,0xd79e62ace808
0x4037aa,0x742cf17acda8
0x4037aa,0x742cf17f89a8
0x4037aa,0xe874ed6801a8
0x4037aa,0xe874ed6811a8
0x4037ba,0xd79e62a7bd90
0x4037ba,0xd79e62ae2750
0x4037aa,0x742cf1790fa8
0x4037aa,0x742cf18465a8
0x4037aa,0x742cf18009a8
0x4037aa,0xf64cbe11a8
0x4037aa,0xe874ed6663a8
0x4037aa,0x742cf1794fa8
0x4037aa,0x742cf17bbda8
0x4037aa,0xe874ed66b3a8
0x4037aa,0x742cf1799fa8
0x4037aa,0x742cf17bebe8
0x4037aa,0xe874ed66c1e8
0x4037aa,0x742cf1778fe8
0x4037ba,0xa1abd7ffc530
0x4037aa,0x742cf18325e8
0x4037aa,0xe874ed6731e8
0x4037ba,0xd79e62c331d0
0x4037ba,0xd79e62b91e08
0x4037ba,0xea20633dc50
0x4037aa,0x742cf178dfe8
0x4037ba,0x28e837c88ba8
0x4037aa,0xe874ed6623e8
0x4037ba,0xa21321b4fa0
0x4037ba,0x6c5370333d08
0x4037aa,0x742cf18247e8
0x4037aa,0x742cf17debe8
0x4037c1,0xea2062cb390
0x4037aa,0xe874ed68c1e8
0x4037aa,0x742cf1798fe8
0x4037c1,0xa2132205330
0x4037aa,0x742cf17e7a28
0x4037ba,0x28e837e53d10
0x4037aa,0x742cf180e828
0x4037ba,0xea2063047f0
0x4037ba,0x28e837e525c8
0x4037ba,0xd79e62ac7220
0x4037c1,0x28e837d02768
0x4037c1,0x28e837d36740
0x4037aa,0xe874ed656428
0x4037c1,0xa1abd7fe7220
0x4037ba,0xa21321d5240
0x4037aa,0x742cf17d6c28
0x4037aa,0x742cf17b1e28
0x4037ba,0xd79e62a9ed48
0x4037aa,0xe874ed687228
0x4037aa,0x742cf1807a28
0x4037aa,0x742cf182c668
0x4037aa,0x742cf17c1c68
0x4037aa,0x742cf17c7c68
0x4037aa,0xe874ed675268
0x4037c1,0x28e837d58998
0x4037ba,0x28e837c90fb0
0x4037ba,0x28e837d11e30
0x4037aa,0x742cf17d1c68
0x4037ba,0x28e837ce11a0
0x4037ba,0x28e837e26590
0x4037aa,0x742cf17ddc68
0x4037ba,0xd79e62be7290
0x4037aa,0x742cf184c668
0x4037aa,0x742cf17e1c68
0x4037ba,0xa21321d5108
0x402c50,0x28e837df5138
0x402c4c,0x28e837e01198
0x4037aa,0x742cf17e5aa8
0x4037ba,0xd79e62af4718
0x4037ba,0xa2132207228
0x4037aa,0x742cf17cbca8
0x4037c1,0xa2132208bb8
0x4037ba,0xa1abd804b540
0x4037aa,0x742cf17b2ea8
0x4037aa,0xe874ed6872a8
0x4037c1,0xee30bb9447e8
0x4037aa,0x742cf1805aa8
0x4037aa,0x742cf18098e8
0x4037ba,0xa1abd7fd6778
0x4037ba,0xa1abd8045138
0x4037aa,0x742cf17c7ce8
0x4037ba,0x28e837e20d68
0x4037c1,0xd79e62bc08f8
0x4037aa,0xe874ed65a4e8
0x4037aa,0xe874ed6a10e8
0x4037ba,0x28e837d21c60
0x4037aa,0x742cf17b2ee8
0x4037aa,0x742cf18208e8
0x4037ba,0x5829a6f0bc88
0x4037ba,0xa1abd7ff5260
0x4037aa,0x742cf18298e8
0x4037aa,0xab8966fa5328
0x4037ba,0xea2063309b8
0x4037aa,0xe874ed695128
0x4037ba,0x28e837d65a80
0x4037aa,0x742cf1834728
0x4037aa,0xe874ed699128
0x4037ba,0xd79e62b54f80
0x4037aa,0x742cf17d3d28
0x4037aa,0xe874ed65c528
0x4037c1,0xd79e62afa4f0
0x4037aa,0xe874ed65e528
0x4037aa,0xe874ed6a3128
0x4037aa,0xe874ed6a5128
0x4037aa,0x742cf1845728
0x4037ba,0x28e837e39120
0x4037aa,0xe874ed685328
0x4037ba,0xd79e62a78fe0
0x4037ba,0x28e837e298c0
0x4037aa,0x742cf17bed68
0x4037ba,0xd79e62a51e20
0x4037aa,0x742cf179bf68
0x4037aa,0x742cf17c0d68
0x4037aa,0xe874ed64b568
0x4037aa,0xe874ed671368
0x4037aa,0x6af9d6d4b568
0x4037aa,0x742cf1836768
0x4037aa,0xe874ed653568
0x4037ba,0x28e837e731d8
0x4037ba,0xea206313d20
0x4037ba,0xd79e62a9e528
0x4037aa,0x742cf1842768
0x4037ba,0x28e837d32ea8
0x4037aa,0x742cf17ded68
0x4037aa,0x742cf17e0d68
0x4037aa,0x742cf17bbf68
0x4037aa,0xe874ed66b568
0x4037ba,0xd79e62ab6c18
0x402c20,0xa1abd80263a8
0x402cbc,0xd79e62aacd80
0x4037aa,0x36cd58ec01a8
0x4037aa,0x742cf182d7a8
0x4037ba,0xd79e62ac7c48
0x4037ba,0xa2132196768
0x4037aa,0x742cf17e8ba8
0x4037aa,0xe874ed6713a8
0x4037c1,0xd79e62bc8b88
0x4037aa,0xc48ca91ed7a8
0x4037aa,0x742cf18109a8
0x4037ba,0x28e837de98e0
0x4037aa,0x742cf17ccda8
0x4037aa,0x742cf18189a8
0x4037ba,0x28e837e601b0
0x4037aa,0xe874ed6a01a8
0x4037aa,0xe874ed6a11a8
0x4037aa,0x742cf17b0fa8
0x4037ba,0xea206312e80
0x4037aa,0x742cf18209a8
0x4037aa,0x742cf17b4fa8
0x4037aa,0xe874ed6863a8
0x4037aa,0x742cf17dbda8
0x4037c1,0xd79e62c47230
0x4037aa,0xe874ed6665a8
0x4037aa,0x742cf17b9fa8
0x4037aa,0xe874ed68b3a8
0x4037aa,0x742cf184d7a8
0x4037aa,0x742cf1808ba8
0x4037c1,0xa21321e5118
0x4037ba,0x28e837decdb0
0x4037aa,0xe874ed6931e8
0x4037ba,0x28e837d9a4f0
0x4037ba,0xa1abd7fd3d00
0x4037ba,0xa1abd8007c40
0x4037ba,0xa1abd804dff8
0x4037ba,0x28e837d113a0
0x4037aa,0xe874ed6525e8
0x4037ba,0xd79e62a56758
0x4037ba,0x6c537033bf58
0x4037aa,0x742cf17adfe8
0x4037aa,0xe874ed6823e8
0x4037ba,0x28e837da8b88
0x4037aa,0x742cf18447e8
0x4037aa,0x742cf17febe8
0x4037ba,0x28e837d90f98
0x4037aa,0x742cf17b8fe8
0x4037aa,0xe874ed6ac1e8
0x4037ba,0xe8035e45e510
0x4037ba,0xa21321e1180
0x4037aa,0x742cf182e828
0x4037aa,0xe874ed676428
0x4037ba,0x28e837e2b3b0
0x4037aa,0x742cf17f6c28
0x4037aa,0x742cf17d1e28
0x4037ba,0xea2062d6778
0x4037aa,0xe874ed6a7228
0x4037aa,0x742cf1827a28
0x4037aa,0x742cf184e828
0x4037ba,0xa21321fa4c8
0x4037aa,0x742cf17e7c68
0x4037aa,0xe874ed64c668
0x4037aa,0xe874ed695268
0x4037c1,0xea20630e828
0x4037aa,0x742cf17f1c68
0x4037ba,0xd79e62a92e90
0x4037ba,0x28e837d01190
0x4037ba,0x6c537033bdb8
0x4037c1,0x28e837dfe508
0x4037ba,0xa1abd8027210
0x4037aa,0x742cf17fdc68
0x4037aa,0x742cf1801c68
0x4037aa,0x742cf1807c68
0x4037c1,0x28e837d9dc68
0x4037c1,0x28e837c96408
0x4037aa,0x742cf17ebca8
0x4037c1,0x5829a6ec72b0
0x4037ba,0x28e837ce6380
0x4037c1,0x6c6f1e4c7280
0x4037aa,0x742cf17d2ea8
0x4037ba,0x28e837cf09b8
0x4037ba,0xd79e62ad0f90
0x4037ba,0xd79e62ba23d0
0x4037aa,0xe874ed6a72a8
0x4037ba,0xd79e62b33540
0x4037ba,0x28e837e409a0
0x4037aa,0x742cf1825aa8
0x4037ba,0x28e837cd0fb0
0x4037aa,0x742cf17e7ce8
0x4037ba,0x28e837e36770
0x4037ba,0x28e837dec660
0x4037ba,0xd79e62a5bf48
0x4037aa,0xe874ed67a4e8
0x4037aa,0xe874ed6c10e8
0x4037ba,0xa21321a47c0
0x4037ba,0x28e837d010c0
0x4037aa,0x742cf17d2ee8
0x4037aa,0x742cf18408e8
0x4037ba,0x28e837e38ff0
0x4037ba,0xea2063131c0
0x4037ba,0xd79e62a6cd80
0x4037aa,0x742cf18498e8
0x4037aa,0x742cf1807ce8
0x4029e0,0xd79e62ad5248
0x4029e0,0xd79e62c247f0
0x4037aa,0xe874ed6b5128
0x4037ba,0xd79e62ac7220
0x4037ba,0x28e837e325d0
0x4037aa,0xe874ed6b9128
0x4037c1,0xa1abd8038ff0
0x4037aa,0xe874ed654728
0x4037aa,0x742cf17f3d28
0x4037c1,0xd79e62bf25e0
0x4037aa,0xe874ed67c528
0x4037aa,0xe874ed6c3128
0x4037ba,0x28e837cf1398
0x4037aa,0xe874ed67e528
0x4037aa,0xe874ed6c5128
0x4037ba,0x28e837e26380
0x4037aa,0xe874ed6a5328
0x4037aa,0xe874ed665728
0x4037ba,0x28e837dd6c10
0x4037aa,0xe874ed6d5128
0x402c20,0x5829a6ecb3b8
0x4037ba,0xa21321e7a10
0x4037ba,0xd79e62ad4728
0x4037aa,0xe874ed691368
0x4037aa,0xe874ed673568
0x4037ba,0x5829a6ed6c00
0x4037ba,0xa1abd8036c00
0x4037ba,0xea2062f1378
0x4037ba,0xa2132196428
0x4037aa,0xe874ed656768
0x4037ba,0x28e837dab3a8
0x4037ba,0xa1abd802cd88
0x4037aa,0x742cf17fed68
0x4037ba,0xa21321e7ce8
0x4037aa,0xe874ed662768
0x4037aa,0x742cf1800d68
0x4037aa,0x742cf17dbf68
0x4037ba,0xea20631dc58
0x4037aa,0xe874ed68b568
0x4037ba,0x28e837d98fd0
0x4037ba,0xe8035e461188
0x4037ba,0xa1abd8046398
0x4037c1,0x5829a6f410e8
0x4037ba,0xd79e62a9ed48
0x4037aa,0xe874ed6913a8
0x4037ba,0x28e837e53558
0x4037aa,0x742cf18309a8
0x4037aa,0xe874ed64d7a8
0x4037ba,0xd79e62b010e8
0x4037aa,0x742cf17ecda8
0x4037ba,0xea206328b80
0x4037aa,0x742cf18389a8
0x4037aa,0x932ec40463a8
0x4037aa,0xe874ed6c01a8
0x4037c1,0xd79e62a73550
0x4037aa,0xe874ed6c11a8
0x4037aa,0x742cf17d0fa8
0x4037ba,0x28e837e51388
0x4037aa,0x742cf18409a8
0x4037aa,0x742cf17d4fa8
0x4037aa,0x742cf17fbda8
0x4037ba,0x28e837df2ee8
0x4037ba,0xd79e62a78fe0
0x4037aa,0xe874ed6a63a8
0x4037aa,0x742cf17d9fa8
0x4037aa,0xe874ed6865a8
0x4037ba,0xd79e62a56c38
0x4037aa,0xe874ed6ab3a8
0x4037ba,0xd79e62a5bda8
0x4037aa,0x742cf1828ba8
0x4037aa,0xe874ed6b31e8
0x4037c1,0xd79e62a73d08
0x4037ba,0xd79e62c131c0
0x4037aa,0xe874ed6725e8
0x4037ba,0xd79e62b85700
0x4037ba,0xd79e62ac7288
0x4037aa,0x742cf17cdfe8
0x4037ba,0xea2063072a8
0x4037aa,0xe874ed6a23e8
0x4037aa,0x742cf181ebe8
0x4037aa,0x742cf17d8fe8
0x4037aa,0xe874ed6cc1e8
0x4037aa,0xe874ed6647e8
0x4037ba,0x28e837c925f0
0x4037aa,0xe874ed6d31e8
0x4037ba,0x28e837dc47d0
0x4037ba,0x28e837cd31e8
0x4037aa,0xe874ed64e828
0x4037aa,0xe874ed696428
0x4037aa,0x742cf17f1e28
0x4037ba,0xea206316418
0x4037aa,0x742cf1816c28
0x4037ba,0xd79e62b76778
0x4037aa,0xe874ed6c7228
0x4037c1,0xd79e62accd90
0x4037aa,0x742cf1847a28
0x4037c1,0x28e837d62768
0x4037c1,0xa1abd7fd5278
0x4037ba,0xe8035e4623f8
0x4037aa,0xe874ed66c668
0x4037aa,0xe874ed6b5268
0x4037aa,0x742cf1811c68
0x4037ba,0xd79e62b76438
0x4037ba,0xd79e62b6c1d8
0x4037ba,0xa1abd8045a88
0x4037aa,0x742cf181dc68
0x4037ba,0x28e837e55258
0x4037aa,0x742cf1821c68
0x4037aa,0x742cf1827c68
0x4037ba,0xe8035e467cc0
0x4037c1,0xa1abd80263a8
0x4037aa,0xe874ed68c668
0x4037ba,0xea206313d20
0x4037aa,0xe874ed6d5268
0x4037ba,0xd79e62b43100
0x4037aa,0x742cf180bca8
0x4037ba,0xd79e62b8b398
0x4037ba,0xd79e62aa63b0
0x4037ba,0xd79e62a931f8
0x4037aa,0x742cf17f2ea8
0x4037ba,0xea20632dfe8
0x4037ba,0xea2063331e8
0x4037c1,0xd79e62b92ea0
0x4037aa,0xe874ed6c72a8
0x4037aa,0x742cf1845aa8
0x4037ba,0xea2062d6778
0x4037ba,0x28e837d6e820
0x4037ba,0xa21321d5240
0x4037ba,0x28e837d989b8
0x4037ba,0x28e837cb1e10
0x4037aa,0xe874ed6498e8
0x4037c1,0xd79e62ad6438
0x4037ba,0xea2063047f0
0x4037ba,0x28e837dec1e8
0x4037aa,0xe874ed6e10e8
0x4037aa,0xe874ed69a4e8
0x4037aa,0x742cf17f2ee8
0x4037aa,0xe874ed6608e8
0x4037ba,0x28e837cad7b8
0x4037ba,0x6c53703465a0
0x4037aa,0x742cf1827ce8
0x4037aa,0xe874ed6698e8
0x4037aa,0xab8966fa5728
0x4037aa,0xe874ed6d9128
0x4037ba,0x9e9c4d933578
0x4037aa,0xe874ed674728
0x4037ba,0x28e837e0e808
0x4037ba,0xd79e62c498f8
0x4037aa,0x742cf1813d28
0x4037aa,0xe874ed6e3128
0x4037aa,0xe874ed69c528
0x4037aa,0xe874ed6e5128
0x4037aa,0xe874ed69e528
0x4037aa,0xe874ed6c5328
0x4037aa,0xe874ed685728
0x4037ba,0x28e837dc8b90
0x4037aa,0xe874ed6f5128
0x4037ba,0xd79e62b9a4d8
0x4037ba,0xa21321d5108
0x4037aa,0xe874ed6f9128
0x4037aa,0xe874ed6b1368
0x4037ba,0xd79e62ac5128
0x4037ba,0xa1abd8000180
0x4037c1,0x28e837d8cdb8
0x4037c1,0xd79e62b95130
0x4037c1,0xea206301c78
0x4037aa,0xe874ed693568
0x4037aa,0xe874ed676768
0x4037ba,0x28e837dd6c10
0x4037aa,0x742cf17fbf68
0x4037aa,0xe874ed682768
0x4037aa,0x742cf181ed68
0x4037aa,0x742cf1820d68
0x4037ba,0x5829a6f0b398
0x4037c1,0xd79e62b1ed68
0x4037aa,0xe874ed6ab568
0x4037aa,0xe874ed6d1368
0x4037aa,0xe874ed6b13a8
0x4037c1,0xd79e62bc8b88
0x4037aa,0xe874ed66d7a8
0x4037aa,0x742cf180cda8
0x4037aa,0xe874ed6509a8
0x4037ba,0x28e837e20d68
0x4037aa,0xe874ed6e01a8
0x4037aa,0xe874ed6e11a8
0x4037aa,0x742cf17f0fa8
0x4037ba,0xd79e62ab4730
0x4037aa,0x932ec40465a8
0x4037aa,0x742cf17f4fa8
0x4037aa,0xe874ed6589a8
0x4037ba,0x28e837cb3d20
0x4037ba,0xd79e62ae5730
0x4037aa,0x742cf181bda8
0x4037aa,0xe874ed6c63a8
0x4037aa,0x742cf17f9fa8
0x4037ba,0x28e837dc23e8
0x4037aa,0xe874ed6609a8
0x4037aa,0xe874ed6cb3a8
0x4037aa,0xe874ed6a65a8
0x4037aa,0x742cf1848ba8
0x4037aa,0xe874ed6d13a8
0x4037ba,0x28e837cd0998
0x4037c1,0xd79e62b801b0
0x4037aa,0xe874ed68d7a8
0x4037ba,0xd79e62bfed58
0x4037ba,0xd79e62b25300
0x4037aa,0xe874ed6925e8
0x4037aa,0x742cf17edfe8
0x4037aa,0xe874ed6c23e8
0x4037ba,0x28e837cb1380
0x4037aa,0x742cf183ebe8
0x4037aa,0x742cf17f8fe8
0x4037aa,0xe874ed6ec1e8
0x4037aa,0xe874ed6847e8
0x4037aa,0xe874ed6f31e8
0x4037aa,0xe874ed66e828
0x4037aa,0xe874ed6b6428
0x4037ba,0xd79e62a72e90
0x4037ba,0xe930e6c19138
0x4037aa,0x742cf1811e28
0x4037aa,0x742cf1836c28
0x4037c1,0x5829a6f47208
0x4037aa,0xe874ed6e7228
0x4037ba,0x28e837d411b8
0x0,0xd79e62b31e38
0x4037ba,0xa1abd8043108
0x4037aa,0xe874ed667a28
0x403044,0xd79e62b31e38
0x4029e0,0xd79e62b87a38
0x4029f8,0xd79e62b87cc8
0x4029f8,0xd79e62c25700
0x4029e0,0xd79e62c23118
0x4029e0,0x28e837e6cd90
0x4029e0,0xd79e62b672a8
0x4029e0,0xd79e62b67c68
0x4029e0,0xd79e62c3bdb8
0x4029e0,0xee30bb9409b8
0x4029e0,0xd79e62b87218
0x4029e6,0x28e837df3548
0x4029e0,0xd79e62b87280
0x4029e0,0xd79e62b498f8
0x403702,0x28e837d96418
0x403702,0xd79e62b4cd98
0x4037aa,0x742cf1831c68
0x4037ba,0xa2132207290
0x4037ba,0x28e837d5ed78
0x4037ba,0xd79e62ab6c18
0x4037aa,0x742cf183dc68
0x4037ba,0xd79e62c33d30
0x4037ba,0xd79e62c42748
0x4037aa,0x742cf1841c68
0x4037aa,0x742cf1847c68
0x4037aa,0xe874ed6f5268
0x4037aa,0xe874ed6ac668
0x4037ba,0x28e837d59128
0x4037ba,0xa1abd802cd88
0x4037aa,0x742cf182bca8
0x4037c1,0xa2132205330
0x4037c1,0xd79e62c45a98
0x4037ba,0xd79e62c409b8
0x4037ba,0x28e837c90998
0x4037aa,0x742cf1812ea8
0x4037c1,0x28e837d36740
0x4037c1,0x28e837e80988
0x4037ba,0xe8035e467c60
0x4037aa,0xe874ed6e72a8
0x4037aa,0xe874ed665aa8
0x4037ba,0x28e837d9bf58
0x4037ba,0xd79e62bd31d8
0x4037aa,0x742cf184bca8
0x4037ba,0xa1abd803dc40
0x4037ba,0xa1abd802c1c0
0x4037ba,0xa1abd800d798
0x4037aa,0xe874ed7010e8
0x4037ba,0xa1abd7fd3548
0x4037aa,0xe874ed6ba4e8
0x4037aa,0x742cf1812ee8
0x4037ba,0x28e837e26590
0x4037ba,0x28e837dd6c10
0x4037aa,0xe874ed6808e8
0x4037ba,0x28e837d410e8
0x4037aa,0x742cf1847ce8
0x4037ba,0xd79e62a92ef8
0x4037aa,0xe874ed6898e8
0x4037ba,0x28e837e298c0
0x4037ba,0xd79e62b13570
0x4037ba,0xea206316c38
0x4037c1,0xea20630e828
0x4037aa,0xe874ed694728
0x4037aa,0xe874ed703128
0x4037aa,0x742cf1833d28
0x4037aa,0xe874ed705128
0x4037aa,0xe874ed6bc528
0x4037aa,0xe874ed6be528
0x4037ba,0xa1abd8027210
0x4037aa,0xe874ed6e5328
0x4037ba,0xea206328b80
0x4037ba,0xa7d08ad11378
0x4037ba,0xd79e62b05128
0x4037aa,0xe874ed6a5728
0x4037aa,0xe874ed715128
0x4037ba,0xd79e62b447e0
0x4037ba,0x28e837c9c520
0x4037aa,0xe874ed719128
0x4037ba,0xd79e62a92e90
0x4037c1,0xd79e62c4c1d0
0x4037ba,0xd79e62b010e8
0x4037aa,0xe874ed6b3568
0x4037ba,0xd79e62a56c38
0x4037ba,0xd79e62b9bf78
0x4037ba,0xd79e62ab4fb8
0x4037aa,0xe874ed696768
0x4037ba,0xa1abd800c1f0
0x4037aa,0x742cf183ed68
0x4037aa,0x742cf181bf68
0x4037ba,0xea206312e80
0x4037aa,0x742cf1840d68
0x4037aa,0xe874ed6a2768
0x4037aa,0xe874ed6cb568
0x4037c1,0xd79e62accd90
0x4037aa,0xe874ed6f1368
0x4037aa,0xe874ed6d3568
0x4037ba,0xe8035e467298
0x4037c1,0xa21321e5118
0x4037aa,0xe874ed648ba8
0x4037aa,0x742cf182cda8
0x4037aa,0xe874ed6709a8
0x4037aa,0xe874ed7001a8
0x4037aa,0xe874ed7011a8
0x4037ba,0x28e837e51e18
0x4037aa,0x742cf1810fa8
0x4037aa,0xe874ed6789a8
0x4037aa,0x742cf1814fa8
0x4037aa,0x742cf183bda8
0x4037aa,0xe874ed6e63a8
0x4037c1,0x6c6f1e4c7280
0x4037aa,0x742cf1819fa8
0x4037c1,0xa1abd8032e80
0x4037aa,0xe874ed6809a8
0x4037aa,0xe874ed6c65a8
0x4037aa,0xe874ed6eb3a8
0x4037ba,0xea2062d6778
0x4037aa,0xe874ed6f13a8
0x4037ba,0x28e837e63128
0x4037c1,0xee30bb9447e8
0x4037aa,0xe874ed668ba8
0x4037aa,0xe874ed6ad7a8
0x4037aa,0x742cf184cda8
0x4037ba,0x28e837cf1398
0x4037aa,0xe874ed6b25e8
0x4037aa,0x742cf180dfe8
0x4037ba,0xea2062cd780
0x4037aa,0xe874ed6e23e8
0x4037c1,0xa1abd7fe7220
0x4037aa,0xe874ed70c1e8
0x4037aa,0x742cf1818fe8
0x4037aa,0xe874ed65ebe8
0x4037aa,0xe874ed7131e8
0x4037aa,0xe874ed6a47e8
0x4037ba,0x28e837d90f98
0x4037ba,0xa21321bbd88
0x4037aa,0xe874ed6d25e8
0x4037ba,0xd79e62af6760
0x4037c1,0xea2062ed7a8
0x4037aa,0xe874ed68e828
0x4037aa,0xe874ed6d6428
0x4037aa,0x742cf1831e28
0x4037ba,0x28e837e51c78
0x4037ba,0xd79e62b423e8
0x4037ba,0xd79e62c2b390
0x4037c1,0xd79e62ac6588
0x4037ba,0x28e837cd31e8
0x4037aa,0xe874ed707228
0x4037aa,0xe874ed656c28
0x4037ba,0x28e837e51388
0x4037c1,0xd79e62afa4f0
0x4037ba,0xa1abd8019fb0
0x4037aa,0xe874ed687a28
0x4037aa,0xe874ed6f6428
0x4037ba,0x28e837ce11a0
0x4037aa,0xe874ed6ae828
0x4037c1,0xd79e62a73d08
0x4037ba,0xa21321e1180
0x4037ba,0x28e837e39120
0x4037aa,0xe874ed651c68
0x4037ba,0x28e837cbc520
0x4037c1,0x8ad3301bebe8
0x4037aa,0xe874ed65dc68
0x4037ba,0xa1abd8045338
0x4037aa,0xe874ed661c68
0x4037aa,0xe874ed715268
0x4037aa,0xe874ed6cc668
0x4037aa,0xe874ed667c68
0x4037aa,0xab8966fa5aa8
0x4037ba,0x28e837c88ba8
0x4037aa,0xe874ed64bca8
0x4037aa,0x742cf1832ea8
0x4037aa,0x6af9d6d4bca8
0x4037c1,0x5829a6f07c58
0x4037ba,0xd79e62bb4730
0x4037aa,0xe874ed7072a8
0x4037ba,0xd79e62b85700
0x4037ba,0xd79e62af4718
0x4037c1,0xea206303110
0x4037aa,0xe874ed685aa8
0x4037ba,0xea2063047f0
0x4037ba,0xd79e62ac7288
0x4037c1,0xd79e62b047f8
0x4037c1,0xa1abd7fd5278
0x4037aa,0xe874ed66bca8
0x4037ba,0x6c537033bf58
0x4037ba,0x28e837dd3550
0x4037aa,0x36cd58ec08e8
0x4037ba,0x5829a7034fa8
0x4037ba,0xd79e62c35120
0x4037ba,0x28e837c931f0
0x4037aa,0xe874ed7210e8
0x4037aa,0xe874ed6da4e8
0x4037ba,0x9e9c4d98b398
0x4037ba,0x5829a6ec10d8
0x4037aa,0x742cf1832ee8
0x4037ba,0x28e837d6e820
0x4037ba,0x5829a6eddc50
0x4037ba,0xd79e62c35258
0x4037ba,0xd79e62badfe0
0x4037aa,0xe874ed6a08e8
0x4037ba,0x28e837e601b0
0x4037aa,0xe874ed6a98e8
0x4037aa,0xe874ed667ce8
0x4037aa,0xe874ed7410e8
0x4037aa,0xe874ed6b4728
0x4037aa,0xe874ed723128
0x4037aa,0xe874ed6dc528
0x4037aa,0xe874ed725128
0x4037aa,0xe874ed6de528
0x4037aa,0xe874ed705328
0x4037aa,0xe874ed653d28
0x4037aa,0xe874ed6c5728
0x4037ba,0xd79e62a78fe0
0x4037aa,0xe874ed735128
0x4037aa,0xe874ed739128
0x4037ba,0xa1abd7fd3d00
0x4037ba,0x28e837d989b8
0x4037aa,0xe874ed6d4728
0x4037ba,0xd79e62a6cd80
0x4037ba,0x28e837d55100
0x4037aa,0xab89670b5128
0x4037ba,0x28e837e409a0
0x4037ba,0xa1abd80047e8
0x4037ba,0x28e837e38ff0
0x4037ba,0xd79e62afebe0
0x4037aa,0xe874ed6b6768
0x4037ba,0xa1abd8012ee0
0x4037ba,0xd79e62b25300
0x4037aa,0x742cf183bf68
0x4037aa,0xe874ed6c2768
0x4037aa,0xe874ed6eb568
0x4037aa,0xe874ed711368
0x4037ba,0xd79e62b07cf0
0x4037aa,0xe874ed65ed68
0x4037aa,0xe874ed660d68
0x4037ba,0xd79e62ae5730
0x4037ba,0x28e837cd1388
0x4037c1,0xd79e62b1ed68
0x4037aa,0xe874ed6f3568
0x4037c1,0x28e837d62768
0x4037ba,0x28e837e32eb8
0x4037aa,0x36cd58ec09a8
0x4037aa,0xe874ed7201a8
0x4037aa,0xe874ed6909a8
0x4037aa,0xe874ed7211a8
0x4037aa,0xe874ed64cda8
0x4037ba,0x28e837dc63b8
0x4037aa,0x742cf1830fa8
0x4037aa,0x742cf1834fa8
0x4037aa,0xe874ed6989a8
0x4037ba,0xa1abd7ff5260
0x4037ba,0xa1abd801dc68
0x4037aa,0xe874ed7063a8
0x4037aa,0x742cf1839fa8
0x4037ba,0xd79e62bbebf8
0x4037aa,0xe874ed70b3a8
0x4037aa,0xe874ed6e65a8
0x4037aa,0xe874ed65bda8
0x4037aa,0xe874ed6a09a8
0x4037aa,0xe874ed7113a8
0x4037ba,0x28e837df2e80
0x4037aa,0xe874ed6cd7a8
0x4037aa,0xe874ed688ba8
0x4037ba,0xd79e62b91378
0x4037aa,0xe874ed7401a8
0x4037aa,0xe874ed7411a8
0x4037aa,0xe874ed6b09a8
0x4037ba,0x41d09ea21198
0x4037aa,0x742cf182dfe8
0x4037c1,0xd79e62b81c50
0x4037aa,0xc48ca91edfe8
0x4037aa,0xe874ed7023e8
0x4037ba,0xa21321fa4c8
0x4037c1,0x5829a6f410e8
0x4037aa,0x742cf1838fe8
0x4037aa,0xe874ed72c1e8
0x4037ba,0xea20632c1e0
0x4037c1,0xee30bb941180
0x4037aa,0xe874ed67ebe8
0x4037aa,0xe874ed6c47e8
0x4037aa,0xe874ed7331e8
0x4037ba,0xd79e62a5bda8
0x4037aa,0xe874ed6f25e8
0x4037ba,0xd79e62af6420
0x4037aa,0x742cf184dfe8
0x4037c1,0x5829a6f15108
0x4037aa,0xe874ed727228
0x4037ba,0x28e837e647e8
0x4037ba,0x28e837cd0998
0x4037aa,0xe874ed651e28
0x4037ba,0x28e837e208f0
0x4037aa,0xe874ed676c28
0x4037ba,0xe8035e465a90
0x4037ba,0xea20632dfe8
0x4037aa,0xe874ed716428
0x4037aa,0xe874ed6a7a28
0x4037aa,0xe874ed6ce828
0x4037ba,0xe8035e463118
0x4037ba,0x28e837d3ed58
0x4037ba,0xa1abd80410c0
0x4037ba,0x6c537034b540
0x4037aa,0xe874ed671c68
0x4037ba,0x28e837e52eb8
0x4037ba,0xea2062d6438
0x4037ba,0x28e837d0e800
0x4037ba,0xd79e62ad0f90
0x4037aa,0xe874ed67dc68
0x4037aa,0xe874ed681c68
0x4037ba,0x28e837d98fd0
0x4037aa,0xe874ed6ec668
0x4037aa,0xe874ed735268
0x4037ba,0xd79e62b79f80
0x4037aa,0xe874ed687c68
0x4037aa,0xf64cbe1c68
0x4037ba,0x28e837cf9138
0x4037aa,0xab89670b5268
0x4037ba,0xa1abd8031c48
0x4037ba,0xd79e62ac7220
0x4037aa,0xe874ed7272a8
0x4037aa,0xe874ed652ea8
0x4037ba,0xa1abd8005ab8
0x4037ba,0xea2062be518
0x4037ba,0xd79e62af4fa0
0x4037c1,0xd79e62a872a8
0x4037ba,0xd79e62b00990
0x4037aa,0xe874ed6a5aa8
0x4037c1,0xd79e62c4c648
0x4037aa,0xe874ed68bca8
0x4037ba,0xea20633dc50
0x4037aa,0xe874ed6fa4e8
0x4037ba,0xd79e62bf1360
0x4037c1,0xa1abd7fd9fb0
0x4037aa,0xe874ed652ee8
0x4037ba,0x28e837e26380
0x4037aa,0xe874ed6c08e8
0x4037ba,0xa7d08ad11378
0x4037aa,0x6799755c10e8
0x4037aa,0xe874ed6c98e8
0x4037ba,0xa1abd7ffc530
0x4037aa,0xe874ed687ce8
0x4037aa,0xe874ed71a4e8
0x4037aa,0xe874ed743128
0x4037aa,0xe874ed6fc528
0x4037aa,0xe874ed745128
0x4037ba,0xa213219bf40
0x4037aa,0xe874ed6fe528
0x4037ba,0x28e837e73d38
0x4037aa,0xe874ed725328
0x4037ba,0xd79e62a72e90
0x4037aa,0xe874ed673d28
0x4037aa,0x6799755b5128
0x4037aa,0x6799755b9128
0x4037aa,0xe874ed6e5728
0x4037ba,0xd79e62c33578
0x4037ba,0xea2063131c0
0x4037aa,0x6799755c3128
0x4037aa,0x6799755c5128
0x4037aa,0xe874ed6f4728
0x4037aa,0xe874ed71c528
0x4037aa,0xe874ed71e528
0x4037ba,0x28e837e2bca0
0x4037aa,0xe874ed6d6768
0x4037ba,0x28e837e1bf70
0x4037aa,0xe874ed6e2768
0x4037aa,0xe874ed70b568
0x4037aa,0xe874ed67ed68
0x4037aa,0xe874ed731368
0x4037ba,0x28e837dd6c10
0x4037aa,0xe874ed65bf68
0x4037aa,0xe874ed680d68
0x4037aa,0xe874ed713568
0x4037c1,0xea20631a4c0
0x4037aa,0xe874ed6f6768
0x4037aa,0xe874ed66cda8
0x4037aa,0x6af9d6d863a8
0x4037c1,0xa21321b2ec0
0x4037aa,0x69dd93b909a8
0x4037aa,0xe874ed6b89a8
0x4037aa,0xe874ed7263a8
0x4037aa,0xe874ed650fa8
0x4037aa,0xe874ed7065a8
0x4037aa,0xe874ed72b3a8
0x4037aa,0xe874ed654fa8
0x4037aa,0xe874ed6c09a8
0x4037aa,0xe874ed67bda8
0x4037c1,0xd79e62bc08f8
0x4037aa,0xe874ed659fa8
0x4037aa,0xe874ed7313a8
0x4037aa,0x6799755c01a8
0x4037aa,0x6799755c11a8
0x4037aa,0xe874ed6ed7a8
0x4037aa,0xe874ed6a8ba8
0x4037aa,0xe874ed6d09a8
0x4037aa,0xe874ed68cda8
0x4037c1,0xa2132205330
0x4037ba,0xa21321fed68
0x4037aa,0xe874ed7223e8
0x4037aa,0xe874ed64dfe8
0x4037ba,0x28e837d72eb8
0x4037aa,0x6799755b31e8
0x4037aa,0xe874ed6e47e8
0x4037ba,0xd79e62bbe510
0x4037aa,0xe874ed658fe8
0x4037aa,0xe874ed69ebe8
0x4037ba,0xd79e62a59f98
0x4037ba,0xea2063072a8
0x4037aa,0xe874ed7125e8
0x4037c1,0x28e837dfebe8
0x4037ba,0xd79e62b9a4d8
0x4037c1,0x5829a6ed9fa0
0x4037c1,0xd79e62c47230
0x4037aa,0x6799755cc1e8
0x4037aa,0xe874ed747228
0x4037aa,0xe874ed671e28
0x4037ba,0xa1abd7ffdc70
0x4037aa,0xe874ed696c28
0x4037ba,0xd79e62aa63b0
0x4037aa,0xe874ed6c7a28
0x4037ba,0xd79e62ba7cc0
0x4037aa,0xe874ed736428
0x4037aa,0xe874ed6ee828
0x4037aa,0x6799755c7228
0x4037aa,0xe874ed691c68
0x4037ba,0xa1abd8020d78
0x4037ba,0xd79e62c2b390
0x4037ba,0xa21321e7ce8
0x4037ba,0x6c6f1e4c1c58
0x4037ba,0xd79e62b2d7a8
0x4037aa,0x6799755b5268
0x4037c1,0x28e837d58998
0x4037aa,0xe874ed69dc68
0x4037aa,0xe874ed70c668
0x4037aa,0xe874ed6a1c68
0x4037aa,0xe874ed6a7c68
0x4037ba,0xd79e62ae2750
0x4037ba,0x28e837d74f80
0x4037c1,0x28e837d87298
0x4037ba,0xd79e62afdc50
0x4037ba,0xd79e62ba23d0
0x4037c1,0xd79e62b22770
0x4037ba,0xa1abd7fdebc0
0x4037aa,0xe874ed7472a8
0x4037aa,0xe874ed672ea8
0x4037ba,0xd79e62bd3d38
0x4037aa,0xe874ed6c5aa8
0x4037aa,0x6799755c72a8
0x4037ba,0x28e837cf1398
0x4037aa,0xe874ed6abca8
0x4037ba,0xa1abd8027210
0x4037ba,0x28e837e2b550
0x4037ba,0xd79e62c4e808
0x4037aa,0xe874ed672ee8
0x4037aa,0xe874ed6e08e8
0x4037ba,0x5829a6ed6c00
0x4037ba,0x28e837db9130
0x4037ba,0xd79e62a67cc0
0x4037c1,0xd79e62ace808
0x4037aa,0xe874ed6e98e8
0x4037c1,0xd79e62a872a8
0x4037ba,0xea206312e80
0x4037ba,0x6c5370333550
0x4037ba,0xd79e62a91e18
0x4037aa,0x3a54ae5810e8
0x4037ba,0xd79e62c35258
0x4037aa,0xe874ed6a7ce8
0x4037aa,0xe874ed73a4e8
0x4037ba,0x6c537032e818
0x4037ba,0xd79e62af9f88
0x4037ba,0xd79e62c008c0
0x4037aa,0xe874ed745328
0x4037ba,0xd79e62c13d20
0x4037aa,0xe874ed693d28
0x4037aa,0x44e52c119128
0x4037ba,0xea206312ee8
0x4037c1,0xa21321a7208
0x4037aa,0xe874ed705728
0x4037aa,0x3a54ae579128
0x4037ba,0x5829a6f42760
0x4037aa,0xe874ed714728
0x4037aa,0x6799755c5328
0x4037ba,0xd79e62ae5118
0x4037ba,0x28e837cd5268
0x4037aa,0x3a54ae583128
0x4037ba,0xa21321d5108
0x4037aa,0x3a54ae585128
0x4037aa,0xe874ed73c528
0x4037aa,0xe874ed73e528
0x4037ba,0xc48ca9045ab8
0x4037aa,0x36cd58ec0d68
0x4037ba,0x28e837d3e538
0x4037ba,0xd79e62a67c58
0x4037aa,0xe874ed702768
0x4037aa,0xe874ed72b568
0x4037aa,0xe874ed67bf68
0x4037aa,0xe874ed69ed68
0x4037aa,0xe874ed6a0d68
0x4037ba,0xd79e62c331d0
0x4037aa,0xe874ed733568
0x4037c1,0xd79e62afa4f0
0x4037aa,0xe874ed716768
0x4037aa,0xe874ed6d89a8
0x4037aa,0x6af9d6d865a8
0x4037aa,0xe874ed7463a8
0x4037aa,0xe874ed670fa8
0x4037ba,0x6c5370339f80
0x4037ba,0x5829a6ed2e98
0x4037aa,0xe874ed7265a8
0x4037ba,0x28e837e32eb8
0x4037aa,0xe874ed674fa8
0x4037aa,0xe874ed6e09a8
0x4037aa,0xe874ed69bda8
0x4037aa,0xe874ed679fa8
0x4037c1,0x28e837e80988
0x4037aa,0xe874ed70d7a8
0x4037c1,0x6c6f1e4c7280
0x4037aa,0xe874ed6c8ba8
0x4037aa,0x3a54ae5801a8
0x4037aa,0x3a54ae5811a8
0x4037aa,0x6799755c63a8
0x4037aa,0xe874ed6f09a8
0x4037aa,0x6799755cb3a8
0x4037aa,0xe874ed6acda8
0x4037aa,0xe874ed6f89a8
0x4037aa,0xe874ed7423e8
0x4037aa,0xe874ed66dfe8
0x4037c1,0xd79e62c45a98
0x4037aa,0xe874ed7047e8
0x4037c1,0xa7d08ad14708
0x4037ba,0xa213219ebf0
0x4037ba,0x28e837cf09b8
0x4037aa,0xe874ed678fe8
0x4037aa,0xe874ed6bebe8
0x4037c1,0x28e837e56748
0x4037aa,0xe874ed7325e8
0x4037aa,0x6799755c23e8
0x4037ba,0x28e837c931f0
0x4037ba,0xd79e62a6cd80
0x4037ba,0x28e837e20d68
0x4037ba,0xa2132207228
0x4037aa,0xe874ed68dfe8
0x4037aa,0x3a54ae58c1e8
0x4037aa,0xe874ed691e28
0x4037aa,0xe874ed6b6c28
0x4037aa,0x6799755b6428
0x4037ba,0x28e837e53d10
0x4037ba,0x28e837c90fb0
0x4037aa,0xe874ed6e7a28
0x4037aa,0xe874ed70e828
0x4037ba,0xd79e62b07cf0
0x4037c1,0x28e837d62768
0x4037ba,0xea2062c10c0
0x4037aa,0x3a54ae587228
0x4037aa,0xe874ed6b1c68
0x4037c1,0x28e837e3dc70
0x4037ba,0x28e837e731d8
0x4037ba,0x28e837d3ed58
0x4037aa,0xe874ed6bdc68
0x4037aa,0xe874ed72c668
0x4037ba,0xd79e62a91c78
0x4037aa,0xe874ed6c1c68
0x4037c1,0xd79e62bf25e0
0x4037aa,0xe874ed6c7c68
0x4037ba,0x28e837c9a4c0
0x4037aa,0xe874ed6d1c68
0x4037ba,0x28e837c90998
0x4037aa,0xe874ed692ea8
0x4037ba,0x28e837d5ebd8
0x4037ba,0x28e837e201a0
0x4037c1,0xd79e62c098d0
0x4037aa,0xe874ed6e5aa8
0x4037ba,0xd79e62ba7c58
0x4037aa,0xe874ed6cbca8
0x4037c1,0xa1abd7fd5278
0x4037aa,0x3a54ae5872a8
0x4037aa,0xe874ed692ee8
0x4037ba,0xa1abd800c668
0x4037aa,0xe874ed7008e8
0x4037ba,0xa1abd80125f0
0x4037c1,0x5829a6ec72b0
0x4037ba,0xa1abd8005300
0x4037aa,0xe874ed7098e8
0x4037aa,0x6799755ba4e8
0x4037ba,0xd79e62a72ef8
0x4037ba,0x28e837ce6380
0x4037ba,0xd79e62ad0f90
0x4037ba,0xea2063325e8
0x4037ba,0x28e837cd31e8
0x4037ba,0x28e837dec660
0x4037ba,0x28e837e208f0
0x4037aa,0x3a54ae5a10e8
0x4037aa,0xe874ed6c7ce8
0x4037c1,0xd79e62b1ed68
0x4037ba,0x28e837d2dfd8
0x4037ba,0x28e837c95268
0x4037aa,0xe874ed6b3d28
0x4037c1,0x28e837d8cdb8
0x4037aa,0xe874ed725728
0x4037aa,0x3a54ae595128
0x4037ba,0xa1abd8005718
0x4037aa,0x3a54ae599128
0x4037aa,0x6799755bc528
0x4037aa,0x6799755be528
0x4037ba,0x28e837e298c0
0x4037aa,0x3a54ae5a3128
0x4037aa,0xe874ed734728
0x4037ba,0xa1abd8023120
0x4037ba,0xea206300998
0x4037aa,0x3a54ae5a5128
0x4037aa,0x3a54ae585328
0x4037ba,0xd79e62a9c538
0x4037aa,0xe874ed6d3d28
0x4037ba,0xa1abd80410c0
0x4037ba,0xd79e62b54f80
0x4037aa,0x6799755d1368
0x4037ba,0x28e837ddbd90
0x4037ba,0x28e837e2b3b0
0x4037aa,0xe874ed722768
0x4037ba,0x6c6f1e4c10f8
0x4037aa,0x6799755b3568
0x4037ba,0x28e837e26590
0x4037aa,0xe874ed6bed68
0x4037aa,0xe874ed69bf68
0x4037aa,0xe874ed6c0d68
0x4037c1,0x8ad3301bebe8
0x4037ba,0xd79e62ae5730
0x4037aa,0xe874ed736768
0x4037aa,0x6799755cb568
0x4037aa,0x6799755d13a8
0x4037c1,0xa2132205330
0x4037aa,0xe874ed690fa8
0x4037ba,0xd79e62b4e828
0x4037aa,0x38cf9ad88ba8
0x4037ba,0xe8035e467298
0x4037aa,0xe874ed7465a8
0x4037aa,0xe874ed7009a8
0x4037aa,0xe874ed694fa8
0x4037aa,0xe874ed6bbda8
0x4037aa,0xe874ed699fa8
0x4037ba,0x28e837e63128
0x4037aa,0xe874ed72d7a8
0x4037ba,0x28e837d823d8
0x4037c1,0xd79e62a73550
0x4037c1,0x6c6f1e4c5320
0x4037ba,0x6c5370333d08
0x4037aa,0xe874ed6e8ba8
0x4037aa,0x3a54ae5a01a8
0x4037aa,0x3a54ae5a11a8
0x4037ba,0xd79e62bd31d8
0x4037aa,0xe874ed7109a8
0x4037aa,0x6799755c65a8
0x4037aa,0xe874ed6ccda8
0x4037aa,0xe874ed7189a8
0x4037aa,0x3a54ae5863a8
0x4037ba,0x28e837db9130
0x4037aa,0x3a54ae58b3a8
0x4037ba,0x28e837c95130
0x4037aa,0xe874ed6b0fa8
0x4037aa,0x3a54ae5931e8
0x4037aa,0xe874ed7247e8
0x4037ba,0x28e837d32ea8
0x4037aa,0x6799755b25e8
0x4037aa,0xe874ed6debe8
0x4037aa,0xe874ed698fe8
0x4037ba,0xea20633dc50
0x4037ba,0x28e837dc8b90
0x4037ba,0xd79e62af4fa0
0x4037ba,0xd79e62af4718
0x4037aa,0x32bd14d2c1e8
0x4037aa,0x3a54ae5823e8
0x4037ba,0xea206312ee8
0x4037c1,0xd79e62b047f8
0x4037aa,0x3a54ae5ac1e8
0x4037aa,0xe874ed6adfe8
0x4037c1,0x28e837d9dc68
0x4037aa,0xe874ed6b1e28
0x4037aa,0xe874ed6d6c28
0x4037ba,0xa1abd800cdb8
0x4037ba,0xa1abd8027210
0x4037aa,0xe874ed707a28
0x4037aa,0xe874ed72e828
0x4037ba,0xd79e62b40d58
0x4037ba,0xe8035e465138
0x4037ba,0x28e837d6e820
0x4037aa,0x3a54ae5a7228
0x4037ba,0xa1abd8046398
0x4037ba,0x28e837c9c520
0x4037aa,0xe874ed6d1e28
0x4037aa,0xe874ed6f6c28
0x403044,0xd79e62b31e38
0x40302b,0xd79e62b32eb8
0x402c50,0x28e837df5138
0x402c4c,0x28e837e01198
0x403702,0xd79e62b4bc98
0x403702,0xe874ed723128
0x403702,0xd79e62b4cd98
0x403702,0x28e837d96418
0x403702,0xd79e62b53558
0x4037ba,0xd79e62b672a8
0x4037ba,0xd79e62ae47d8
0x4037c1,0xa2132201c40
0x4037aa,0xe874ed6ddc68
0x4037aa,0x3a54ae595268
0x4037aa,0xe874ed6e1c68
0x4037ba,0x28e837c88ba8
0x4037aa,0xe874ed6e7c68
0x4037ba,0xe8035e4665a8
0x4037aa,0xe874ed6f1c68
0x4037ba,0xa213218b570
0x4037aa,0x6799755cc668
0x4037ba,0xd79e62a51e20
0x402c50,0x28e837e6cd90
0x402cbc,0xd79e62aacd80
0x4037aa,0xe874ed6b2ea8
0x4037ba,0x28e837d0e800
0x4037aa,0xe874ed705aa8
0x4037c1,0xd79e62bc08f8
0x4037c1,0x28e837e56748
0x4037aa,0xe874ed6ebca8
0x4037aa,0x3a54ae5a72a8
0x4037ba,0xe8035e4623f8
0x4037aa,0xe874ed6d2ea8
0x4037ba,0xa1abd8041190
0x4037aa,0xe874ed6b2ee8
0x4037ba,0xea206313568
0x4037aa,0xe874ed7208e8
0x4037aa,0x44e52c11a4e8
0x4037aa,0xe874ed7298e8
0x4037aa,0x3a54ae57a4e8
0x4037aa,0xe874ed6e7ce8
0x4037ba,0x28e837cd1e18
0x4037aa,0xe874ed6d2ee8
0x4037aa,0xe874ed7408e8
0x4037aa,0xe874ed745728
0x4037ba,0xa2132195118
0x4037aa,0xbcf4bbafe528
0x4037aa,0x3a54ae5b5128
0x4037aa,0x6799755b4728
0x4037ba,0x28e837e26380
0x4037ba,0xa1abd7fd3d00
0x4037aa,0x3a54ae5b9128
0x4037aa,0x42a062b23128
0x4037aa,0x44e52c11c528
0x4037aa,0x42a062b25128
0x4037aa,0x44e52c11e528
0x4037ba,0xea2062d6438
0x4037aa,0x3a54ae57c528
0x4037aa,0x3a54ae57e528
0x4037ba,0x28e837cd1c78
0x4037aa,0x3a54ae5a5328
0x4037ba,0xd79e62bf1c50
0x4037aa,0x6799755c5728
0x4037aa,0xe874ed6f3d28
0x4037ba,0xea206312e80
0x4037ba,0xea206339fa0
0x4037ba,0xd79e62ac7288
0x4037aa,0xe874ed742768
0x4037aa,0x3a54ae591368
0x4037c1,0xd79e62ad6438
0x4037aa,0xe874ed6ded68
0x4037aa,0xe874ed6bbf68
0x4037aa,0x6799755b6768
0x4037aa,0xe874ed6e0d68
0x4037ba,0xea2062c10c0
0x4037ba,0x28e837e50f88
0x4037ba,0x28e837e52eb8
0x4037aa,0x6799755c2768
0x4037ba,0x28e837d85aa0
0x4037c1,0x28e837dfebe8
0x4037ba,0xa1abd803dc40
0x4037ba,0xea206321190
0x4037ba,0x28e837d5ed78
0x4037aa,0x3a54ae58b568
0x402c50,0x28e837e6bcb0
0x4037ba,0xea2062f1e08
0x4037aa,0xe874ed7209a8
0x4037aa,0xe874ed6b4fa8
0x4037ba,0xd79e62bbebf8
0x4037ba,0xd79e62a91e18
0x4037aa,0x3a54ae5913a8
0x4037aa,0x69dd93b90fa8
0x4037aa,0xe874ed6dbda8
0x4037aa,0xe874ed6b9fa8
0x4037ba,0xea20631ebe0
0x4037ba,0x28e837e409a0
0x4037aa,0xe874ed708ba8
0x4037ba,0x28e837dc23e8
0x4037aa,0xe874ed7309a8
0x4037aa,0xe874ed6ecda8
0x4037ba,0xd79e62a6cd80
0x4037aa,0x3a54ae5a63a8
0x4037aa,0xe874ed7389a8
0x4037aa,0x3a54ae5865a8
0x4037aa,0xe874ed6d0fa8
0x4037aa,0x3a54ae5ab3a8
0x4037aa,0x6799755cd7a8
0x4037aa,0xe874ed7409a8
0x4037aa,0xe874ed6d4fa8
0x4037aa,0x6799755d25e8
0x4037aa,0xe874ed7447e8
0x4037aa,0x3a54ae5b31e8
0x4037aa,0xe874ed6febe8
0x4037aa,0xe874ed6b8fe8
0x4037ba,0xe8035e467cc0
0x4037c1,0xd79e62ac6588
0x4037aa,0x42a062b2c1e8
0x4037aa,0x3a54ae5a23e8
0x4037aa,0x6799755c47e8
0x4037ba,0xd79e62ab4fb8
0x4037aa,0x42a062b331e8
0x4037aa,0xe874ed6cdfe8
0x4037ba,0xa21321b4fa0
0x4037ba,0xd79e62a72e90
0x4037aa,0xe874ed71ebe8
0x4037aa,0x3a54ae596428
0x4037aa,0xe874ed727a28
0x4037c1,0x28e837d36740
0x4037ba,0xa213218c668
0x4037aa,0x42a062b27228
0x4037ba,0xa21321e7a10
0x4037ba,0x6c6f1e4c1c58
0x4037ba,0x28e837da8b88
0x4037ba,0xd79e62ad0f90
0x4037c1,0xd79e62accd90
0x4037ba,0xa1abd7fd6438
0x4037aa,0xe874ed716c28
0x4037aa,0xe874ed6f1e28
0x4037aa,0x6799755ce828
0x4037ba,0xea20632dfe8
0x4037aa,0xe874ed6fdc68
0x4037ba,0xd79e62a91c78
0x4037aa,0x3a54ae5b5268
0x4037aa,0xe874ed701c68
0x4037ba,0xd79e62b98fd8
0x4037aa,0xe874ed707c68
0x4037ba,0xd79e62ac5330
0x4037aa,0xe874ed711c68
0x4037ba,0x28e837cd0998
0x4037aa,0xe874ed71dc68
0x4037aa,0x3a54ae58c668
0x4037ba,0x28e837e51388
0x4037ba,0xd79e62b010e8
0x4037aa,0xe874ed725aa8
0x4037c1,0x5829a6ec72b0
0x4037aa,0x42a062b272a8
0x4037ba,0xd79e62a56758
0x4037aa,0xe874ed70bca8
0x4037c1,0xea2062cbc80
0x4037c1,0xea20631a4c0
0x4037aa,0xe874ed6f2ea8
0x4037ba,0x28e837dec1e8
0x4029e0,0xee30bb9509b0
0x402a79,0xd79e62aacd80
0x4037aa,0xcf9605d010e8
0x4037ba,0xa1abd8005718
0x4037aa,0xe874ed707ce8
0x4037aa,0x3a54ae59a4e8
0x4037ba,0x6c5370333550
0x4037aa,0x6799755c08e8
0x4037ba,0xd79e62afdc50
0x4037ba,0xd79e62ae5118
0x4037ba,0xea2062d6778
0x4037ba,0xd79e62a92ef8
0x4037aa,0xe874ed6f2ee8
0x4037aa,0x6799755c98e8
0x4037aa,0xcf9605d210e8
0x4037ba,0x28e837c8d7b0
0x4037aa,0xcf9605d03128
0x4037aa,0xcf9605d05128
0x4037ba,0xa2132196428
0x4037ba,0xa1abd803dc40
0x4037ba,0x28e837dd3550
0x4037aa,0x42a062b25328
0x4037aa,0x3a54ae59c528
0x4037ba,0xe8035e467c60
0x4037aa,0x3a54ae59e528
0x4037aa,0xcf9605d15128
0x4037ba,0x28e837db9130
0x4037aa,0xe874ed713d28
0x4037aa,0xcf9605d19128
0x4037ba,0xd79e62a92e90
0x4037aa,0x3a54ae585728
0x4037ba,0x28e837e3c508
0x4037c1,0x28e837d62768
0x4037ba,0x28e837d847d8
0x4037ba,0x28e837c931f0
0x4037aa,0xcf9605d23128
0x4037aa,0x3a54ae5b1368
0x4037ba,0x28e837d59128
0x4037aa,0xe874ed6fed68
0x4037aa,0xe874ed700d68
0x4037aa,0xe874ed6dbf68
0x4037aa,0x3a54ae593568
0x4037ba,0xa2132196768
0x4037ba,0xd79e62a67298
0x4037ba,0xd79e62a56c38
0x4037aa,0x42a062b31368
0x4037ba,0x28e837e39120
0x4037aa,0x3a54ae582768
0x4037aa,0x3a54ae5ab568
0x4037aa,0xe874ed71ed68
0x402c50,0xd79e62ab6c18
0x4037aa,0xcf9605d001a8
0x4037ba,0xd79e62c40d60
0x4037aa,0x6af9d6ea8ba8
0x4037aa,0xcf9605d011a8
0x4037aa,0xe874ed6fbda8
0x4037aa,0x3a54ae5b13a8
0x4037aa,0xe874ed6d9fa8
0x4037aa,0xe874ed728ba8
0x4037ba,0xd79e62ab1e28
0x4037ba,0x28e837e55258
0x4037aa,0x6799755b89a8
0x4037aa,0x42a062b263a8
0x4037c1,0xd79e62bac670
0x4037c1,0xee30bb941180
0x4037aa,0xe874ed70cda8
0x4037c1,0x28e837e56748
0x4037aa,0x42a062b2b3a8
0x4037aa,0x6799755c09a8
0x4037c1,0xd79e62a872a8
0x4037aa,0x42a062b313a8
0x4037aa,0x3a54ae5a65a8
0x4037aa,0xe874ed6f0fa8
0x4037aa,0xd7ad1aaab3a8
0x4037aa,0xe874ed6f4fa8
0x4037aa,0xcf9605d201a8
0x4037aa,0xe874ed71bda8
0x4037aa,0xcf9605d211a8
0x4037aa,0xe874ed6f9fa8
0x4037aa,0xe874ed6d8fe8
0x4037ba,0x6c537034b540
0x4037c1,0xd79e62ad6438
0x4037aa,0x3a54ae5925e8
0x4037ba,0x28e837e2b550
0x4037ba,0xd79e62a67c58
0x4037ba,0xea2063309b8
0x4037aa,0xcf9605d0c1e8
0x4037ba,0x28e837e325d0
0x4037c1,0xd79e62bf25e0
0x4037aa,0xcf9605d131e8
0x4037ba,0xd79e62b71378
0x4037c1,0xea20630e828
0x4037aa,0xe874ed6edfe8
0x4037ba,0xd79e62c33d30
0x4037aa,0x3a54ae5847e8
0x4037aa,0xe874ed73ebe8
0x4037aa,0xe874ed6f8fe8
0x4037c1,0xa2132205330
0x4037ba,0x28e837e38ff0
0x4037c1,0xee30bb941c78
0x4037ba,0xd79e62ac7288
0x4037aa,0xe874ed747a28
0x4037aa,0xcf9605d07228
0x4037aa,0x3a54ae5b6428
0x4037ba,0x28e837e53558
0x4037c1,0x6c6f1e4c7280
0x4037ba,0xea2063047f0
0x4037aa,0xe874ed711e28
0x4037c1,0xd79e62afa4f0
0x4037aa,0xe874ed736c28
0x4037ba,0xd79e62a6cd80
0x4037c1,0xd79e62accd90
0x4037aa,0x6799755c7a28
0x4037ba,0xa1abd804dff8
0x4037c1,0xa1abd7fd5278
0x4037ba,0x28e837e298c0
0x4037ba,0xd79e62ba01b8
0x4037aa,0xe874ed721c68
0x4037aa,0xe874ed727c68
0x4037ba,0xea2063331e8
0x4037ba,0xd79e62bc7cd8
0x4037aa,0xe874ed731c68
0x4037aa,0xcf9605d15268
0x4037aa,0x32bd14d2c668
0x4037ba,0x28e837c92ee0
0x4037aa,0xe874ed73dc68
0x4037c1,0x28e837d87298
0x4037aa,0x3a54ae5ac668
0x4037ba,0xea206316c38
0x4037aa,0xe874ed741c68
0x4037ba,0xd79e62abebc0
0x4037ba,0xd79e62badfe0
0x4037aa,0xe874ed745aa8
0x4037aa,0xcf9605d072a8
0x4037ba,0xe8035e467298
0x4037aa,0xe874ed72bca8
0x4037ba,0x28e837ce5718
0x4037aa,0xe874ed712ea8
0x4037ba,0xd79e62a56c38
0x4037ba,0xa1abd8027210
0x4037aa,0x6799755c5aa8
0x4037aa,0xf0487c4e98e8
0x4037aa,0xe874ed727ce8
0x4037aa,0x6af9d6d498e8
0x4037ba,0xd79e62c3c510
0x4037ba,0xd79e62b6d7b8
0x4037aa,0x3a54ae5808e8
0x4037aa,0xe874ed712ee8
0x4037ba,0xea20631dc58
0x4037aa,0xf4a57b0a10e8
0x4037ba,0xd79e62b54f80
0x4037aa,0xcf9605cfa4e8
0x4037aa,0x3a54ae5898e8
0x4037ba,0xea206312e80
0x4037aa,0xcf9605d25128
0x4037aa,0xcf9605d05328
0x4037aa,0x3a54ae594728
0x4037ba,0xd79e62a91388
0x4037aa,0xcf9605d35128
0x4037aa,0xcf9605d39128
0x4037aa,0xe874ed733d28
0x4037aa,0xe89031c99128
0x4037aa,0x3a54ae5a5728
0x4037ba,0x28e837cd31e8
0x4037ba,0xea20633dc50
0x4037aa,0xf4a57b0a3128
0x4037aa,0xf4a57b0a5128
0x4037aa,0xcf9605cfc528
0x4037aa,0xcf9605cfe528
0x4037aa,0xe874ed6fbf68
0x4037aa,0xe874ed720d68
0x4037ba,0x28e837cfe508
0x4037aa,0x3a54ae5b3568
0x4037aa,0x3a54ae596768
0x4037aa,0xcf9605d11368
0x4037aa,0x42a062b2b568
0x4037aa,0x3a54ae5a2768
0x4037aa,0x42a062b33568
0x4037c1,0x28e837d52ed8
0x4037aa,0xd7ad1aaab568
0x4037c1,0xd79e62c47230
0x4037aa,0xe874ed73ed68
0x4037aa,0xe874ed71bf68
0x4037aa,0xe874ed740d68
0x4037c1,0x28e837d9dc68
0x402c20,0x5829a6ecb3b8
0x403702,0xd79e62b4cd98
0x4037aa,0x6799755d09a8
0x4037c1,0x5829a6f15108
0x4037aa,0x3a54ae58d7a8
0x4037aa,0xcf9605d063a8
0x4037aa,0xe874ed748ba8
0x4037aa,0x44e52c1189a8
0x4037aa,0xcf9605d0b3a8
0x4037ba,0xd79e62a5bda8
0x4037aa,0xe874ed72cda8
0x4037aa,0x42a062b265a8
0x4037c1,0x28e837e80988
0x4037ba,0xe8035e465138
0x4037aa,0xcf9605d113a8
0x4037aa,0xe874ed710fa8
0x4037ba,0xd79e62b07cf0
0x4037ba,0xd79e62a78fe0
0x4037aa,0x3a54ae5809a8
0x4037ba,0x28e837c90998
0x4037ba,0xd79e62b25300
0x4037aa,0xe874ed714fa8
0x4037aa,0xf4a57b0a01a8
0x4037aa,0xf4a57b0a11a8
0x4037aa,0x6799755c8ba8
0x4037aa,0xe874ed73bda8
0x4037aa,0xe874ed719fa8
0x4037aa,0x3a54ae5ad7a8
0x4037ba,0x28e837d21c60
0x4037c1,0xd79e62b801b0
0x4037aa,0xcf9605d023e8
0x4037aa,0x3a54ae5b25e8
0x4037ba,0x28e837cf09b8
0x4037aa,0xcf9605d2c1e8
0x4037aa,0xcf9605d331e8
0x4037ba,0xa1abd8007218
0x4037aa,0xe874ed70dfe8
0x4037aa,0x6799755bebe8
0x4037c1,0xd79e62ace808
0x4037aa,0x3a54ae5a47e8
0x4037c1,0x28e837dfe500
0x4037aa,0x42a062b325e8
0x4037aa,0xe874ed718fe8
0x4037aa,0xcf9605d223e8
0x4037aa,0x3a54ae58e828
0x4037aa,0xcf9605d27228
0x4037ba,0xa1abd8007280
0x4037aa,0x6799755b6c28
0x4037c1,0xd79e62b9e510
0x4037ba,0x28e837e208f0
0x4037aa,0xe874ed731e28
0x4037aa,0xcf9605d16428
0x4037ba,0x28e837e60d78
0x4037ba,0x28e837e40180
0x4037aa,0x3a54ae587a28
0x4037aa,0xf4a57b0a7228
0x4037aa,0x3a54ae5ae828
0x4037ba,0xa21321fed68
0x4037aa,0xe874ed747c68
0x4037ba,0xd79e62b13570
0x4037ba,0x6c537034bc90
0x4037ba,0x28e837dd3550
0x4037ba,0xa1abd7fdebc0
0x4037ba,0xa21321e7ce8
0x4037aa,0xcf9605d35268
0x4037aa,0x6799755bdc68
0x4037aa,0x42a062b2c668
0x4037aa,0x6799755c1c68
0x4037ba,0x28e837dd6c10
0x4037aa,0x6799755c7c68
0x4037ba,0xd79e62c409b8
0x4037ba,0xa1abd7fd8fd0
0x4029e6,0x5829a6f47280
0x4037ba,0xd79e62bf1360
0x4037ba,0xd79e62af4fa0
0x4037aa,0xcf9605d272a8
0x4037ba,0xa2132200d78
0x4037ba,0xa1abd803dc40
0x4037ba,0x28e837d5ed78
0x4037c1,0x5829a6f47208
0x4037c1,0xa1abd7fe7220
0x4037ba,0xd79e62b91378
0x4037aa,0xe874ed732ea8
0x4037ba,0xd79e62a56c38
0x4037ba,0x28e837ce11a0
0x4037aa,0x3a54ae585aa8
0x4037aa,0x6799755cbca8
0x4037aa,0xf4a57b0a72a8
0x4037aa,0xe874ed747ce8
0x4037ba,0xd79e62a67298
0x4037ba,0xd79e62b423e8
0x4037aa,0xaf7e60c410e8
0x4037aa,0x3a54ae5a08e8
0x4037aa,0xe874ed732ee8
0x4037aa,0xcf9605d1a4e8
0x4037aa,0x6799755c7ce8
0x4037aa,0x3a54ae5a98e8
0x4037ba,0x28e837dc23e8
0x4037aa,0xcf9605d25328
0x4037ba,0xd79e62b2d7a8
0x4037aa,0x3a54ae5b4728
0x4037aa,0x6799755b3d28
0x4037aa,0xaf7e60c39128
0x4037c1,0xea2062fbf60
0x4037aa,0x42a062b25728
0x4037aa,0xaf7e60c43128
0x4037ba,0xd79e62b10fa0
0x4037aa,0xaf7e60c45128
0x4037aa,0xcf9605d1c528
0x4037aa,0xcf9605d1e528
0x4037ba,0xd79e62ac7288
0x4037ba,0x28e837c9c520
0x4037aa,0xf4a57b0a5328
0x4037aa,0xaf7e60c55128
0x4037ba,0xd79e62b623f0
0x4037ba,0xd79e62b131c8
0x4037ba,0xd79e62c40d60
0x4037aa,0x3a54ae5b6768
0x4037ba,0x9e9c4d911390
0x4037aa,0xcf9605d0b568
0x4037aa,0xcf9605d31368
0x4037ba,0xea20632dfe8
0x4037ba,0xa1abd8027210
0x4037aa,0xcf9605d13568
0x4037aa,0x6799755bed68
0x4037aa,0x6799755c0d68
0x4037ba,0xd79e62ac7c48
0x4037aa,0xe874ed73bf68
0x4037ba,0x28e837d72eb8
0x4037c1,0x98f5690ddc58
0x402c20,0xd79e62a6d7a0
0x4037aa,0xcf9605d263a8
0x4037ba,0xd79e62bc2778
0x4037aa,0x3a54ae5909a8
0x4037aa,0xcf9605d065a8
0x4037ba,0x28e837e36430
0x4037ba,0x5829a7034fa8
0x4037aa,0xcf9605d2b3a8
0x4037ba,0x28e837e2bca0
0x4037aa,0x3a54ae5989a8
0x4037ba,0xa213219e508
0x4037aa,0xcf9605d313a8
0x4037c1,0x28e837d36740
0x4037aa,0xaf7e60c401a8
0x4037aa,0x6799755bbda8
0x4037aa,0xaf7e60c411a8
0x4037c1,0xd79e62bc08f8
0x4037aa,0xe874ed730fa8
0x4037c1,0x6c6f1e4c7280
0x4037aa,0x3a54ae5a09a8
0x4037aa,0x42a062b2d7a8
0x4037aa,0xe874ed734fa8
0x4037c1,0xd79e62afa4f0
0x4037aa,0xe874ed739fa8
0x4037aa,0x34a0172f89a8
0x4037c1,0xd79e62ae7c60
0x4037aa,0x3a54ae588ba8
0x4037aa,0x6799755ccda8
0x4037aa,0xf4a57b0a63a8
0x4037ba,0x28e837d32ea8
0x4037aa,0xf4a57b0ac1e8
0x4037aa,0xbcf4bbafebe8
0x4037ba,0xd79e62ae2750
0x4037ba,0xa2132195118
0x4037c1,0xea20630e828
0x4037ba,0xa1abd80410c0
0x4037ba,0x28e837e55120
0x4037ba,0x28e837e20d68
0x4037c1,0x28e837d02768
0x4037aa,0x42a062b247e8
0x4037c1,0x5829a6ec72b0
0x4037aa,0x44e52c11ebe8
0x4037aa,0xe874ed72dfe8
0x4037aa,0xcf9605d125e8
0x4037ba,0x28e837d125c0
0x4037aa,0x3a54ae57ebe8
0x4037ba,0xc48ca9045ab8
0x4037aa,0xe874ed738fe8
0x4037aa,0xaf7e60c4c1e8
0x4037aa,0xf4a57b0a23e8
0x4037aa,0xaf7e60c531e8
0x4037ba,0xa21321b8980
0x4037ba,0x9e9c4d911e20
0x4037aa,0xf1720cbce828
0x4037aa,0xcf9605d36428
0x4037aa,0xaf7e60c47228
0x4037aa,0x42a062b2e828
0x4037aa,0x3a54ae5a7a28
0x4037ba,0xd79e62c25130
0x4037aa,0x6799755d1c68
0x4037ba,0xa1abd7fd3548
0x4037aa,0xbcf4bbafdc68
0x4037ba,0x28e837d2d7b8
0x4037ba,0xd79e62b56c30
0x4037aa,0xcf9605d0c668
0x4037ba,0x28e837e201a0
0x4037aa,0x44e52c11dc68
0x4037ba,0xa1abd802cd88
0x4037c1,0x28e837e56748
0x4037aa,0x3a54ae57dc68
0x4037aa,0x3a54ae581c68
0x4037ba,0xd79e62ba23d0
0x4037ba,0x28e837e51388
0x4037aa,0x3a54ae587c68
0x4037ba,0xea20632c1e0
0x4037aa,0xaf7e60c55268
0x4037c1,0xa2132205330
0x4037ba,0xea20631ebe0
0x4037ba,0xd79e62afbf50
0x4037aa,0x6799755b2ea8
0x4037aa,0xaf7e60c472a8
0x4037aa,0x3a54ae5a5aa8
0x4037ba,0xd79e62c33578
0x4037ba,0x6c6f1e4c1c58
0x4037aa,0x3a54ae58bca8
0x4037c1,0x28e837d27220
0x4037c1,0x5829a6eccdb0
0x4037ba,0x28e837e2b550
0x4037ba,0xd79e62ad4728
0x4037aa,0x6799755b2ee8
0x4037ba,0xa1abd800cdb8
0x4037ba,0xe930e6c01c78
0x4037aa,0xaf7e60c610e8
0x4037ba,0x28e837e32eb8
0x4037ba,0xea2062d6438
0x4037aa,0x42a062b298e8
0x4037aa,0xcf9605d3a4e8
0x4037ba,0xa1abd803dc40
0x4037aa,0xe89031c9a4e8
0x4037c1,0x28e837dfebe8
0x4037aa,0xd7ad1aaa98e8
0x4037ba,0xea206312e80
0x4037c1,0xd79e62b047f8
0x4037aa,0x3a54ae587ce8
0x4037ba,0xd79e62ae1c48
0x4037c1,0x28e837d8cdb8
0x4037ba,0xa1abd8019fb0
0x4037aa,0xaf7e60c59128
0x4037ba,0xd79e62b6c1d8
0x4037aa,0xcf9605d05728
0x4037ba,0x6c537034b3a0
0x4037aa,0xaf7e60c63128
0x4037ba,0x28e837cf1398
0x4037aa,0xaf7e60c65128
0x4037ba,0xa1abd801dc68
0x4037aa,0xcf9605d14728
0x4037aa,0xaf7e60c45328
0x4037aa,0xf4a57b09e528
0x4037aa,0xaf7e60c75128
0x4037ba,0xea20633dc50
0x4037aa,0xaf7e60c79128
0x4029e0,0xd79e62b010e8
0x4029e6,0xd79e62be10c0
0x4029e0,0xd79e62c18988
0x4029e0,0xd79e62b36408
0x402ea8,0x7cb7319fc528
0x4037ba,0x28e837dfbf68
0x4037aa,0xcf9605d02768
0x4037aa,0xbcf4bbafed68
0x4037aa,0xcf9605d2b568
0x4037c1,0xa21321a7208
0x4037aa,0xcf9605d33568
0x4037aa,0x44e52c11ed68
0x4037aa,0x6799755bbf68
0x4037ba,0x28e837dc63b8
0x4037aa,0xcf9605d16768
0x4037aa,0x3a54ae57ed68
0x4037aa,0x3a54ae580d68
0x4037ba,0x28e837cb1e10
0x4037aa,0xaf7e60c51368
0x4037ba,0x5829a6ef1e18
0x4037aa,0xcf9605d22768
0x4037ba,0xd79e62ac3110
0x4037c1,0x28e837d27288
0x4037aa,0x3a54ae5b09a8
0x4037aa,0xf4a57b0ab3a8
0x4037aa,0xcf9605d265a8
0x4037ba,0x28e837e53558
0x4037ba,0xd79e62b1c518
0x4037aa,0x6799755b4fa8
0x4037aa,0x3a54ae5b89a8
0x4037aa,0xaf7e60c601a8
0x4037ba,0x28e837e63128
0x4037aa,0xaf7e60c611a8
0x4037aa,0x44e52c11bda8
0x4037aa,0xcf9605d0d7a8
0x4037ba,0xd79e62bcbca8
0x4037aa,0x6799755b9fa8
0x4037ba,0x28e837ce6380
0x4037ba,0x28e837dec1e8
0x4037aa,0x3a54ae57bda8
0x4037aa,0xaf7e60c463a8
0x4037aa,0x42a062b309a8
0x4037aa,0xaf7e60c4b3a8
0x4037aa,0x3a54ae5a8ba8
0x4037ba,0x28e837d9bf58
0x4037aa,0xaf7e60c513a8
0x4037aa,0xf4a57b0a65a8
0x4037aa,0x3a54ae58cda8
0x4037ba,0x28e837e38ff0
0x4037aa,0xcf9605d047e8
0x4037ba,0x28e837cfebf0
0x4037ba,0xa7d08ad11378
0x4037aa,0x6799755b8fe8
0x4037aa,0xcf9605d325e8
0x4037aa,0x3a54ae59ebe8
0x4037c1,0xea2062cbc80
0x4037aa,0xaf7e60c423e8
0x4037aa,0xaf7e60c6c1e8
0x4037c1,0xd79e62accd90
0x4037aa,0xaf7e60c731e8
0x4037ba,0xd79e62bc7a00
0x4037aa,0x6799755cdfe8
0x4037ba,0x28e837cd0998
0x4037aa,0xcf9605d247e8
0x4037aa,0x6799755d1e28
0x4037ba,0xd79e62beb570
0x4037ba,0xa1abd7fd89b8
0x4037aa,0xaf7e60c36428
0x4037aa,0x3a54ae596c28
0x4037aa,0xcf9605d0e828
0x4037c1,0x28e837e80988
0x4037aa,0x42a062b27a28
0x4037c1,0xd79e62bf25e0
0x4037aa,0xaf7e60c67228
0x4037c1,0xa1abd7fd5278
0x4037aa,0x3a54ae591c68
0x4037aa,0xcf9605d2c668
0x4037ba,0xa21321fa4c8
0x4037ba,0xa1abd8005300
0x4037ba,0xd79e62a51e20
0x4037aa,0x3a54ae59dc68
0x4037c1,0x5829a6f47208
0x4037aa,0x3a54ae5a1c68
0x4037ba,0x28e837cb6770
0x4037aa,0x3a54ae5a7c68
0x4037aa,0xaf7e60c75268
0x4037ba,0xea206339fa0
0x4037ba,0xd79e62c33d30
0x4037aa,0x6799755d2ea8
0x4037ba,0xa1abd8007a38
0x4037ba,0x28e837cad7b8
0x4037c1,0xd79e62b9e510
0x4037aa,0x42a062b25aa8
0x4037aa,0xaf7e60c672a8
0x4037c1,0xd79e62a872a8
0x4037aa,0x3a54ae5abca8
0x4037ba,0x28e837d823d8
0x4037aa,0xcf9605d008e8
0x4037aa,0x6799755d2ee8
0x4037aa,0xaf7e60c810e8
0x4037ba,0xd79e62a91388
0x4037aa,0xcf9605d098e8
0x4037aa,0xaf7e60c3a4e8
0x4037ba,0x28e837e731d8
0x4037ba,0xd79e62a8b380
0x4037ba,0xa213218c1f0
0x4037ba,0xd79e62ac7220
0x4037c1,0xd79e62afa4f0
0x4037ba,0xd79e62b00990
0x4037aa,0x3a54ae5a7ce8
0x4037ba,0xd79e62c331d0
0x4037ba,0xea2063047f0
0x4037aa,0xcf9605d208e8
0x4037aa,0xcf9605d25728
0x4037ba,0x28e837d2dfd8
0x4037ba,0xa1abd804bc90
0x4037aa,0x3a54ae593d28
0x4037aa,0xaf7e60c83128
0x4037ba,0xd79e62b4e828
0x4037aa,0xaf7e60c85128
0x4037aa,0xaf7e60c3c528
0x4037aa,0xaf7e60c3e528
0x4037aa,0xcf9605d34728
0x4037aa,0xaf7e60c65328
0x4037aa,0xaf7e60c95128
0x4037ba,0x28e837cf9138
0x4037aa,0x5829a7074728
0x4037aa,0xaf7e60c99128
0x4037aa,0xf4a57b0a5728
0x4037aa,0xf4a57b0ab568
0x4037c1,0xd79e62a73d08
0x4037ba,0x28e837e51c78
0x4037ba,0x98f5690dbd98
0x4037aa,0x44e52c11bf68
0x4037aa,0xcf9605d36768
0x4037aa,0x3a54ae59ed68
0x4037aa,0x3a54ae57bf68
0x4037aa,0x3a54ae5a0d68
0x4037ba,0x28e837d85aa0
0x4037aa,0xaf7e60c4b568
0x4037aa,0xaf7e60c71368
0x4037aa,0xf4a57b0a2768
0x4037ba,0x28e837e208f0
0x4037c1,0xea2062cb390
0x4037aa,0xaf7e60c53568
0x4037aa,0xcf9605d009a8
0x4037aa,0x6799755d0fa8
0x4037ba,0xa21322047c8
0x4037aa,0xaf7e60c801a8
0x4037aa,0xaf7e60c811a8
0x4037aa,0xcf9605d2d7a8
0x4037aa,0x44e52c119fa8
0x4037aa,0x3a54ae59bda8
0x4037aa,0xcf9605d109a8
0x4037aa,0xaf7e60c663a8
0x4037aa,0x3a54ae579fa8
0x4037aa,0x42a062b28ba8
0x4037ba,0xa1abd802c1c0
0x4037aa,0xaf7e60c6b3a8
0x4037aa,0xaf7e60c465a8
0x4037c1,0x28e837cbe520
0x4037aa,0x32bd14d2cda8
0x4037aa,0xcf9605d189a8
0x4037aa,0xaf7e60c713a8
0x4037ba,0x28e837dc47d0
0x4037aa,0xcf9605d209a8
0x4037aa,0x3a54ae5acda8
0x4037ba,0xa21321a47c0
0x4037c1,0xd79e62c45a98
0x4037aa,0x44e52c118fe8
0x4037ba,0xa2132195250
0x4037aa,0xaf7e60c623e8
0x4037ba,0xe8035e467298
0x4037c1,0xee30bb941180
0x4037aa,0xaf7e60c8c1e8
0x4037ba,0xd79e62a5bda8
0x4037aa,0xaf7e60c931e8
0x4037aa,0xf4a57b0a47e8
0x4037aa,0xaf7e60c525e8
0x4037aa,0xcf9605cfebe8
0x4037ba,0xd79e62a9ed48
0x4037aa,0xaf7e60c56428
0x4037ba,0xea2063325e8
0x4037aa,0x3a54ae591e28
0x4037ba,0xa1abd804dff8
0x4037aa,0xcf9605d07a28
0x4037ba,0xd79e62c34738
0x4037aa,0x3a54ae5b6c28
0x4037aa,0xcf9605d2e828
0x4037ba,0xa213218cdb8
0x4037aa,0xaf7e60c87228
0x4037ba,0xa1abd7ff1c48
0x4037ba,0xd79e62b05a80
0x4037ba,0xd79e62c131c0
0x4037aa,0xaf7e60c76428
0x4037aa,0x3a54ae5b1c68
0x4037aa,0xf4a57b0ac668
0x4037ba,0x28e837d223f8
0x4037c1,0xa1abd801e500
0x4037aa,0x42a062b27c68
0x4037aa,0x42a062b31c68
0x4037ba,0xd79e62a91e18
0x4037aa,0xaf7e60c4c668
0x4037aa,0xaf7e60c95268
0x4037aa,0xcf9605cfdc68
0x4037ba,0xa21322001b0
0x4037aa,0xcf9605d05aa8
0x4037c1,0xd79e62b95130
0x4037aa,0x3a54ae592ea8
0x4037ba,0xd79e62ad0f90
0x4037aa,0xaf7e60c872a8
0x4037ba,0x28e837cf09b8
0x4037ba,0x28e837d6e820
0x0,0x28e837e6c1c8
0x4037aa,0x42a062b2bca8
0x4037c1,0x28e837d525e8
0x4037ba,0xd79e62a56c38
0x4037aa,0xd7ad1aaabca8
0x4037ba,0x28e837d5ed78
0x403044,0xd79e62b31e38
0x40302b,0xd79e62b32eb8
0x403702,0xd79e62b53558
0x4037aa,0xaf7e60ca10e8
0x4037ba,0x80a6dabf6770
0x4037aa,0xaf7e60c5a4e8
0x4037aa,0xcf9605d298e8
0x4037aa,0x3a54ae592ee8
0x4037c1,0x28e837e6c1c8
0x4037ba,0xa1abd7fd3d00
0x4037ba,0xd79e62afbf50
0x4037ba,0xd79e62b76778
0x4037aa,0x42a062b27ce8
0x4037ba,0xea2063210c0
0x4037ba,0x5829a6eddc50
0x4037ba,0xd79e62b91e08
0x4037aa,0xf4a57b0a08e8
0x4037ba,0xe8035e467cc0
0x4037ba,0xd79e62a78fe0
0x4037aa,0xaf7e60cc10e8
0x4037aa,0xf4a57b0a98e8
0x4037aa,0xaf7e60c7a4e8
0x4037aa,0x3a54ae5b3d28
0x4037c1,0xd79e62ad6438
0x4037aa,0xaf7e60ca3128
0x4037aa,0xaf7e60c5c528
0x4037aa,0xaf7e60ca5128
0x4037aa,0xaf7e60c5e528
0x4037ba,0x28e837e53558
0x4037aa,0xaf7e60c85328
0x4037ba,0xd79e62bc7a00
0x4037c1,0xa1abd7fe7220
0x4037ba,0x28e837d59128
0x4037aa,0xaf7e60c45728
0x4037aa,0xaf7e60cb5128
0x4037ba,0x28e837dbc538
0x4037aa,0xaf7e60cb9128
0x4037aa,0x42a062b33d28
0x4037ba,0x28e837d9a4f0
0x4037ba,0xd79e62bd31d8
0x4037aa,0xaf7e60c54728
0x402a79,0xa1abd80001a8
0x4037ba,0xd79e62b1c518
0x4037ba,0xa1abd800d798
0x4037c1,0xea20630e828
0x4037aa,0xaf7e60c36768
0x4037ba,0xa1abd803dc40
0x4037c1,0xea2062fbf60
0x4037aa,0x3a54ae59bf68
0x4037ba,0x28e837c90fb0
0x4037aa,0xaf7e60c42768
0x4037ba,0x28e837cf1398
0x4037aa,0xaf7e60c6b568
0x4037ba,0x28e837e40d48
0x4037aa,0xaf7e60c91368
0x4037ba,0xe8035e467c60
0x4037ba,0x28e837c8dfd0
0x4037aa,0xaf7e60c73568
0x4037c1,0xd79e62b047f8
0x4037ba,0x28e837d9bf58
0x4037aa,0xcf9605cfed68
0x4037ba,0xd79e62acbcb8
0x4037aa,0xaf7e60ca01a8
0x4037aa,0xaf7e60ca11a8
0x4037ba,0xea20632c1e0
0x4037aa,0x3a54ae590fa8
0x4037aa,0xf4a57b0ad7a8
0x4037ba,0xd79e62c40198
0x4037ba,0xd79e62ab4730
0x4037aa,0x3a54ae594fa8
0x4037aa,0xcf9605d08ba8
0x4037aa,0xaf7e60c863a8
0x4037aa,0xcf9605d309a8
0x4037aa,0x3a54ae599fa8
0x4037ba,0xd79e62b25ab8
0x4037aa,0xaf7e60c665a8
0x4037aa,0xaf7e60c8b3a8
0x4037ba,0x28e837dab3a8
0x4037c1,0x28e837e56748
0x4037aa,0xcf9605d389a8
0x4037aa,0x42a062b2cda8
0x4037aa,0xaf7e60c913a8
0x4037ba,0xea2062d6778
0x4037aa,0xf4a57b0a09a8
0x4037aa,0xaf7e60c4d7a8
0x4037aa,0xcf9605cfbda8
0x4037ba,0xa7d08ad11e08
0x4037aa,0xaf7e60cc01a8
0x4037c1,0xd79e62b801b0
0x4037aa,0xaf7e60cc11a8
0x4037aa,0x3a54ae58dfe8
0x4037c1,0xa2132205330
0x4037ba,0x28e837d55100
0x4037ba,0xd79e62b10fa0
0x4037ba,0x28e837d5ebd8
0x4037aa,0xaf7e60c823e8
0x4037aa,0x6af9d6d4c1e8
0x4037aa,0x3a54ae598fe8
0x4037ba,0x28e837d90f90
0x4037aa,0xaf7e60cac1e8
0x4037ba,0xa1abd8023120
0x4037ba,0x28e837d72eb8
0x4037aa,0xaf7e60c447e8
0x4037aa,0xaf7e60cb31e8
0x4037aa,0xaf7e60c725e8
0x4037aa,0x34a0172f8fe8
0x4037ba,0xee30bb940198
0x4037aa,0xcf9605d1ebe8
0x4037c1,0x28e837d87298
0x4037aa,0x3a54ae5adfe8
0x4037ba,0xa1abd7fe47d8
0x402c20,0xd79e62a6d7a0
0x4037aa,0x3a54ae5b1e28
0x4037aa,0xcf9605d27a28
0x4037ba,0xa1abd8019110
0x4037aa,0xf4a57b0ae828
0x4037aa,0xaf7e60ca7228
0x4037ba,0xd79e62ab1398
0x4037ba,0x6c6f1e4c1c58
0x4037aa,0xcf9605d16c28
0x4037aa,0x42a062b31e28
0x4037ba,0x28e837cb6430
0x4037ba,0x28e837e298c0
0x4037aa,0xaf7e60c96428
0x4037aa,0xaf7e60c4e828
0x4037c1,0x98f5690ddc58
0x4037aa,0xf4a57b0a7a28
0x4037ba,0xd79e62af6420
0x4037aa,0xcf9605d01c68
0x4037ba,0xd79e62c2b390
0x4037ba,0x28e837d32ea8
0x4037ba,0xd79e62b1bd98
0x4037aa,0xcf9605d07c68
0x4037c1,0xa1abd7fd9fb0
0x4037ba,0xd79e62a91c78
0x4037ba,0xea2062d6438
0x4037ba,0xd79e62a67c58
0x4037ba,0xa1abd7fd3548
0x4037ba,0xd79e62ab1e28
0x4037ba,0xa2132195118
0x4037aa,0xcf9605d11c68
0x4037ba,0x28e837dd6c10
0x4037ba,0xc48ca9045ab8
0x4037aa,0xaf7e60c6c668
0x4037aa,0xaf7e60cb5268
0x4037aa,0xcf9605d1dc68
0x4037aa,0xcf9605d21c68
0x4037ba,0xd79e62ac23e8
0x4037aa,0xcf9605d25aa8
0x4037aa,0x3a54ae5b2ea8
0x4037aa,0xaf7e60ca72a8
0x4037aa,0xcf9605d0bca8
0x4037ba,0xd79e62bd6c08
0x4037ba,0x28e837cc3138
0x4037c1,0xd79e62aa2740
0x4037c1,0x5829a6ec72b0
0x4037ba,0xd79e62ad0f90
0x4037aa,0x42a062b32ea8
0x4037ba,0xea2062f1e08
0x4037aa,0xf4a57b0a5aa8
0x4037aa,0x3a54ae5b2ee8
0x4037aa,0xcf9605d07ce8
0x4037c1,0xd79e62c45a98
0x4037ba,0xa21321fa4c8
0x4037ba,0x28e837e647e8
0x4037aa,0xaf7e60c408e8
0x4037ba,0xd79e62b91378
0x4037aa,0xaf7e60c498e8
0x4037aa,0x42a062b32ee8
0x4037ba,0xa1abd8027210
0x4037aa,0xaf7e60ce10e8
0x4037aa,0xaf7e60c9a4e8
0x4037aa,0xaf7e60cc3128
0x4037aa,0xaf7e60c7c528
0x4037aa,0xaf7e60cc5128
0x4037aa,0xaf7e60c7e528
0x4037ba,0xea206328b80
0x4037c1,0xa1abd801e500
0x4037aa,0xaf7e60ca5328
0x4037aa,0xaf7e60c65728
0x4037ba,0xd79e62c331d0
0x4037aa,0xaf7e60cd5128
0x4037aa,0xcf9605d13d28
0x4037aa,0xaf7e60cd9128
0x4037ba,0xd79e62b33540
0x4037aa,0xf3bd7d765128
0x4037aa,0xaf7e60c74728
0x4037aa,0xaf7e60ce3128
0x4037aa,0xaf7e60c9c528
0x4037aa,0xaf7e60ce5128
0x4037ba,0xd79e62ac7288
0x4037ba,0x28e837db9130
0x4037aa,0xcf9605d00d68
0x4037aa,0xaf7e60c56768
0x4037ba,0xc48ca9045300
0x4037ba,0xa1abd80465a0
0x4037ba,0xa1abd8007a38
0x4037ba,0xa1abd804b3a0
0x4037ba,0xa1abd800c1f0
0x4037aa,0xaf7e60c62768
0x4037ba,0x28e837d86588
0x4037ba,0xea206312e80
0x4037ba,0x28e837d823d8
0x4037aa,0xaf7e60c8b568
0x4037ba,0xd79e62ac5330
0x4037aa,0xaf7e60cb1368
0x4037c1,0xd79e62afa4f0
0x4037aa,0xaf7e60c93568
0x4037aa,0xcf9605d1ed68
0x4037aa,0xaf7e60c76768
0x4037aa,0xcf9605d20d68
0x4037aa,0xcf9605cfbf68
0x4037aa,0x3a54ae5b0fa8
0x4037ba,0x28e837dec1e8
0x4037c1,0xd79e62bc8b88
0x4037ba,0xa1abd8007218
0x4037ba,0x28e837ddbd90
0x4037aa,0xcf9605d28ba8
0x4037aa,0x3a54ae5b4fa8
0x4037ba,0x28e837d2d7b8
0x4037aa,0xaf7e60ca63a8
0x4037aa,0xaf7e60c389a8
0x4037aa,0x3a54ae5b9fa8
0x4037aa,0xaf7e60c865a8
0x4037aa,0xcf9605d0cda8
0x4037ba,0x28e837e201a0
0x4037aa,0xaf7e60cab3a8
0x4037aa,0xaf7e60c409a8
0x4037ba,0x28e837d125c0
0x4037ba,0x28e837e63128
0x4037aa,0xaf7e60cb13a8
0x4037aa,0xaf7e60c6d7a8
0x4037aa,0x42a062b30fa8
0x4037aa,0xcf9605d1bda8
0x4037aa,0xaf7e60ce01a8
0x4037aa,0xaf7e60ce11a8
0x4037aa,0xaf7e60c509a8
0x4037aa,0xf4a57b0a8ba8
0x402c20,0x5829a6ecb3b8
0x4037ba,0x28e837e731d8
0x4037aa,0xaf7e60ca23e8
0x4037ba,0xa2132200d78
0x4037ba,0x6c537033bf58
0x4037aa,0xaf7e60ccc1e8
0x4037c1,0x28e837e1c510
0x4037aa,0x3a54ae5b8fe8
0x4037c1,0xd79e62c27a28
0x4037ba,0x28e837e26590
0x4037ba,0xa1abd80410c0
0x4037aa,0xe7c8f4d25e8
0x4037aa,0xaf7e60c647e8
0x4037ba,0x28e837e2b550
0x4037aa,0xaf7e60cd31e8
0x4037c1,0xea2062cb390
0x4037ba,0xd79e62bc7c70
0x4037aa,0x42a062b2dfe8
0x4037aa,0xf4a57b09ebe8
0x4037aa,0xaf7e60c925e8
0x4037ba,0xd79e62ac3110
0x4037ba,0xd79e62b011b8
0x4037aa,0xaf7e60cc23e8
0x4037c1,0xea2062ed7a8
0x4037aa,0xaf7e60cc7228
0x4037ba,0x28e837e51e18
0x4037ba,0xd79e62c31e20
0x4037ba,0x28e837c90fb0
0x4037aa,0xcf9605d11e28
0x4037aa,0xcf9605d36c28
0x4037ba,0x80a6dabf6770
0x4037ba,0xd79e62b99120
0x4037aa,0xaf7e60c47a28
0x4037aa,0xaf7e60c6e828
0x4037aa,0xaf7e60cb6428
0x4037aa,0xcf9605d27c68
0x4037ba,0xea2063047f0
0x4037ba,0xd79e62bf1c50
0x4037ba,0xd79e62b672a8
0x4037aa,0xcf9605d31c68
0x4037c1,0x8ad3301bebe8
0x4037aa,0xaf7e60c8c668
0x4037aa,0xaf7e60cd5268
0x4037ba,0x28e837cf1398
0x4037aa,0xf4a57b0a1c68
0x4037ba,0x28e837da8b88
0x4037ba,0xea20631dc58
0x4037aa,0xf4a57b0a7c68
0x4037ba,0xd79e62bd31d8
0x4037c1,0xa2132205330
0x4037aa,0xaf7e60cc72a8
0x4037aa,0xcf9605d2bca8
0x4037ba,0xa1abd8007c40
0x4037ba,0x98f5690dbd98
0x4037aa,0xcf9605d12ea8
0x4037aa,0xaf7e60c45aa8
0x4037c1,0xd79e62a872a8
0x4037c1,0xea20631a4c0
0x4037ba,0xea20633dc50
0x4037aa,0xcf9605d27ce8
0x4037ba,0xa1abd7fd6778
0x4037ba,0xd79e62b07cf0
0x4037aa,0xaf7e60c608e8
0x4037c1,0xd79e62bac670
0x4037ba,0xd79e62a91e18
0x4037aa,0xcf9605d12ee8
0x4037aa,0xaf7e60c698e8
0x4037ba,0x28e837c931f0
0x4037c1,0xea206303110
0x4037c1,0x28e837dfebe8
0x4037ba,0x28e837cd31e8
0x4037aa,0xaf7e60d010e8
0x4037aa,0xaf7e60cba4e8
0x4037ba,0xa21321e7ce8
0x4037c1,0xd79e62c47c58
0x4037aa,0xf4a57b0a7ce8
0x4037ba,0xd79e62a9e528
0x4037aa,0xaf7e60c9e528
0x4037aa,0xaf7e60cc5328
0x4037ba,0xd79e62a56c38
0x4037ba,0x6c6f1e4c10f8
0x4037aa,0xaf7e60c85728
0x4037aa,0xcf9605d33d28
0x4037ba,0x28e837e2b3a8
0x4037aa,0xaf7e60cf5128
0x4037c1,0xd79e62bf25e0
0x4037aa,0xaf7e60cf9128
0x4037aa,0xa67864934728
0x4037ba,0x28e837e409a0
0x4037ba,0xa1abd801dc68
0x4037ba,0xea2063309b8
0x4037ba,0xd79e62c4e808
0x4037aa,0xaf7e60c94728
0x4037aa,0xf3bd7d765328
0x4037aa,0xaf7e60d03128
0x4037aa,0xaf7e60cbc528
0x4037aa,0xaf7e60d05128
0x4037aa,0xaf7e60cbe528
0x4037aa,0xaf7e60ce5328
0x4037ba,0xe8035e463118
0x4037aa,0xaf7e60c82768
0x4037ba,0xd79e62af0998
0x4037ba,0x28e837d01190
0x4037ba,0xd79e62b023e0
0x4037c1,0x28e837e65ab0
0x4037aa,0xaf7e60cab568
0x4037aa,0xaf7e60cd1368
0x4037aa,0xaf7e60cb3568
0x4037aa,0xf4a57b09ed68
0x4037aa,0xf4a57b0a0d68
0x4037aa,0xcf9605d1bf68
0x4037aa,0xaf7e60c96768
0x4037ba,0x5829a6ed2e98
0x402c50,0xd79e62acb3b8
0x402a86,0x28e837d53d28
0x4037aa,0xaf7e60c589a8
0x4037aa,0xaf7e60cc63a8
0x4037c1,0xa1abd801e500
0x4037aa,0xcf9605d2cda8
0x4037aa,0xaf7e60ca65a8
0x4037aa,0xaf7e60ccb3a8
0x4037aa,0xaf7e60c609a8
0x4037aa,0xaf7e60cd13a8
0x4037aa,0xcf9605d10fa8
0x4037ba,0xea2063098f0
0x4037c1,0x6c6f1e4c7280
0x4037aa,0xaf7e60c8d7a8
0x4037aa,0xcf9605d14fa8
0x4037c1,0xea206303110
0x4037aa,0xaf7e60c48ba8
0x4037aa,0xcf9605d19fa8
0x4037aa,0xaf7e60c709a8
0x4037aa,0xaf7e60d001a8
0x4037aa,0xaf7e60d011a8
0x4037ba,0x28e837e298c0
0x4037ba,0xd79e62a7bd90
0x4037aa,0xaf7e60c789a8
0x4037aa,0xaf7e60ce63a8
0x4037c1,0xd79e62a53558
0x4037ba,0xa1abd804b3a0
0x4037ba,0xa1abd7ffc530
0x4037aa,0xaf7e60cec1e8
0x4037aa,0xaf7e60c847e8
0x4037ba,0x28e837e38ff0
0x4037ba,0xa2132195250
0x4037aa,0xcf9605d0dfe8
0x4037ba,0xa1abd8005ab8
0x4037aa,0xaf7e60cf31e8
0x4037aa,0xaf7e60c3ebe8
0x4037c1,0x6c6f1e4c5118
0x4037aa,0xaf7e60cb25e8
0x4037aa,0xcf9605d18fe8
0x4037ba,0xd79e62ae2750
0x4037aa,0xaf7e60ce23e8
0x4037aa,0xaf7e60ce7228
0x4037ba,0xa1abd8036c00
0x4037ba,0xea206339fa0
0x4037aa,0xaf7e60c36c28
0x4037ba,0xe8035e467298
0x4037ba,0x28e837d847d8
0x4037aa,0xcf9605d31e28
0x4037c1,0x28e837d02768
0x4037aa,0xaf7e60c67a28
0x4037aa,0xaf7e60cd6428
0x4037aa,0xaf7e60c8e828
0x4037ba,0xa21321d5240
0x4037ba,0x28e837e408d0
0x4037ba,0xd79e62a92ef8
0x4037aa,0xaf7e60d07228
0x4029f8,0x5829a6f07a08
0x4037aa,0x71bb2b17dc68
0x4037ba,0x28e837e36770
0x4037aa,0x6af9d6d4c668
0x4037aa,0xaf7e60c3dc68
0x4037ba,0x28e837e2bca0
0x4037aa,0xaf7e60cac668
0x4037aa,0xaf7e60cf5268
0x4037aa,0xaf7e60c41c68
0x4037ba,0xd79e62bc7a00
0x4037c1,0xea2062cbc80
0x4037ba,0x28e837d59128
0x4037ba,0x28e837cd0fb0
0x4037aa,0xaf7e60c47c68
0x4037ba,0xd79e62a92e90
0x4037ba,0xc48ca9045300
0x4037ba,0x28e837de98e0
0x4037aa,0xaf7e60c51c68
0x4037aa,0xaf7e60ce72a8
0x4037ba,0xd79e62a9c538
0x4037aa,0xf4a57b0abca8
0x4037ba,0xa1abd8041190
0x4037aa,0xcf9605d32ea8
0x4037ba,0xa1abd7fe23f0
0x4037c1,0x28e837e80988
0x4037aa,0xaf7e60c65aa8
0x4037ba,0x80a6dabf6430
0x4037ba,0x28e837e601b0
0x4037c1,0x28e837e56748
0x4037ba,0xd79e62ac7288
0x4037aa,0xaf7e60c4bca8
0x4037ba,0x28e837d411b8
0x4037ba,0xea206325718
0x4037aa,0xaf7e60d072a8
0x4037ba,0xa1abd802c1c0
0x4037aa,0xaf7e60c808e8
0x4037c1,0x28e837e6c1c8
0x4037ba,0xd79e62b672a8
0x4037ba,0xd79e62ab1398
0x4037aa,0xcf9605d32ee8
0x4037ba,0xd79e62afbdb0
0x4037aa,0xaf7e60c898e8
0x4037c1,0xee30bb941180
0x4037c1,0xd79e62a872a8
0x4037aa,0xaf7e60c47ce8
0x4037aa,0xaf7e60cda4e8
0x4037aa,0xaf7e60d210e8
0x4037ba,0x28e837e731d8
0x4037ba,0xea206312ee8
0x4037ba,0x28e837e26380
0x4037ba,0xd79e62bf1360
0x4037aa,0xaf7e60ca5728
0x4037aa,0xaf7e60d15128
0x4037ba,0x28e837d5ed78
0x4037aa,0xaf7e60d19128
0x4037ba,0xd79e62a5bda8
0x4037ba,0xa21321a47c0
0x4037aa,0xaf7e60cb4728
0x4037ba,0x28e837cf9138
0x4037aa,0xaf7e60cdc528
0x4037aa,0xaf7e60d23128
0x4037ba,0xd79e62ac7220
0x4037ba,0xea206312e80
0x4037aa,0xaf7e60cde528
0x4037ba,0x28e837d410e8
0x4037aa,0xaf7e60d25128
0x4037c1,0x28e837d62768
0x4037ba,0xea2062be518
0x4037aa,0xaf7e60d05328
0x4037c1,0xd79e62c4c648
0x4037aa,0xaf7e60c53d28
0x4037ba,0x28e837d9bf58
0x4037aa,0xaf7e60ca2768
0x4037aa,0x54bf1d831368
0x4037ba,0x28e837e36430
0x4037aa,0xaf7e60ccb568
0x4037aa,0xaf7e60cf1368
0x4037aa,0xaf7e60c3ed68
0x4037ba,0xd79e62ab4fb8
0x4037aa,0xaf7e60c40d68
0x4037aa,0xaf7e60cd3568
0x4037ba,0x28e837c92ee0
0x4037aa,0xaf7e60cb6768
0x4037ba,0xd79e62be1c78
0x4037aa,0xaf7e60cc2768
0x4037ba,0xd79e62af6420
0x4037ba,0x28e837d74f80
0x4037ba,0x28e837e63128
0x4037aa,0xf4a57b0acda8
0x4037aa,0xaf7e60cc65a8
0x4037aa,0x54bf1d8313a8
0x4037aa,0xaf7e60ceb3a8
0x4037aa,0xaf7e60c809a8
0x4037ba,0xd79e62ac0988
0x4037ba,0xd79e62b011b8
0x4037aa,0xaf7e60cf13a8
0x4037aa,0xaf7e60c3bda8
0x4037ba,0xea206322750
0x4037aa,0xcf9605d30fa8
0x4037ba,0xa1abd7fd8fd0
0x4037aa,0xcf9605d34fa8
0x4037aa,0xaf7e60cad7a8
0x4037ba,0xa21321f5268
0x4037aa,0xaf7e60c68ba8
0x4037c1,0x6c6f1e4c7280
0x4037c1,0xd79e62ace808
0x4037aa,0xcf9605d39fa8
0x4037aa,0xe89031c99fa8
0x4037aa,0xaf7e60d201a8
0x4037aa,0xaf7e60c909a8
0x4037aa,0xaf7e60d211a8
0x4037aa,0xaf7e60c4cda8
0x4037ba,0xd79e62a56758
0x4037ba,0x28e837dd6c10
0x4037aa,0x5829a7074fa8
0x4037aa,0xaf7e60c989a8
0x4037aa,0xaf7e60d063a8
0x4037ba,0xea2062d6778
0x4037aa,0xaf7e60ce65a8
0x4037aa,0xaf7e60d0c1e8
0x4037aa,0xaf7e60ca47e8
0x4037ba,0xd79e62acd790
0x4037c1,0xd79e62c45a98
0x4037aa,0xcf9605d2dfe8
0x4037aa,0xaf7e60c5ebe8
0x4037ba,0xa21321fed68
0x4037aa,0xaf7e60d131e8
0x4037c1,0x28e837d02768
0x4037aa,0xaf7e60cd25e8
0x4037ba,0xa21321f5130
0x4037aa,0xcf9605d38fe8
0x4037ba,0x28e837ce11a0
0x4037ba,0x28e837d85aa0
0x4037ba,0xd79e62ba7cc0
0x4037ba,0xa1abd8045338
0x4037aa,0xaf7e60d023e8
0x4037ba,0xd79e62a91388
0x4037ba,0xd79e62c35120
0x4037aa,0xaf7e60d2c1e8
0x4037aa,0xaf7e60c56c28
0x4037ba,0x28e837dbc538
0x4037ba,0xa21321e1180
0x4037aa,0xaf7e60c87a28
0x4037ba,0x28e837ce6380
0x4037aa,0xaf7e60cf6428
0x4037aa,0xaf7e60cae828
0x4037ba,0xd79e62a92ef8
0x4037c1,0xd79e62afa4f0
0x4037ba,0xe8035e467c60
0x4037ba,0xd79e62bfbd98
0x4037aa,0xaf7e60d27228
0x4037aa,0xaf7e60c76c28
0x4037aa,0xaf7e60c51e28
0x4037ba,0xd79e62addc40
0x4037aa,0xaf7e60c5dc68
0x4037aa,0xaf7e60ccc668
0x4037ba,0xd79e62a67298
0x4037aa,0xaf7e60c61c68
0x4037aa,0xaf7e60d15268
0x4037ba,0x28e837cc3138
0x4037ba,0xa1abd8005718
0x4037ba,0x28e837dccdb8
0x4037ba,0xd79e62ad4fa8
0x4037c1,0xa1abd8047cf0
0x4037aa,0xaf7e60c67c68
0x4037aa,0xaf7e60c71c68
0x4037ba,0x6c6f1e4c1c58
0x4037ba,0xd79e62b07cf0
0x4037ba,0x28e837e325d0
0x4037aa,0xaf7e60c85aa8
0x4037ba,0xa213218c668
0x4037ba,0xd79e62af9f88
0x4037c1,0x5829a6f47208
0x4037aa,0xaf7e60c6bca8
0x4037c1,0x28e837cbe520
0x4037aa,0xaf7e60d272a8
0x4037aa,0xaf7e60c52ea8
0x4037ba,0xd79e62b8b398
0x4037aa,0xaf7e60ca08e8
0x4037ba,0xa1abd8007218
0x4037ba,0xd79e62a931f8
0x4037aa,0xaf7e60ca98e8
0x4037aa,0xaf7e60c67ce8
0x4037aa,0xaf7e60cfa4e8
0x4037c1,0x28e837dfebe8
0x4037ba,0xd79e62bc7c70
0x4037aa,0xaf7e60c52ee8
0x4037aa,0xaf7e60cc08e8
0x4037aa,0x5b4487be10e8
0x402a79,0xd79e62aac1c8
0x4037ba,0xd79e62be8b90
0x4037aa,0xaf7e60cc5728
0x4037aa,0xaf7e60d35128
0x4037ba,0x28e837cb1e10
0x4037ba,0xea2062d6438
0x4037ba,0xd79e62beb570
0x4037aa,0xaf7e60cd4728
0x4037aa,0x5b4487bd5128
0x4037aa,0xaf7e60cfc528
0x4037aa,0xaf7e60cfe528
0x4037aa,0x5b4487bd9128
0x4037aa,0xaf7e60d25328
0x4037aa,0xf3bd7d765728
0x4037aa,0xaf7e60c73d28
0x4037aa,0xaf7e60ce5728
0x4037ba,0xd79e62ba01b8
0x4037ba,0x28e837cb3d20
0x4037c1,0xd79e62a73d08
0x4037ba,0xd79e62b08b88
0x4037aa,0xaf7e60ceb568
0x4037ba,0xea2063331e8
0x4037aa,0xaf7e60d11368
0x4037aa,0xaf7e60c5ed68
0x4037ba,0xa1abd8007a38
0x4037c1,0xea2062fbf60
0x4037aa,0xaf7e60c60d68
0x4037aa,0xaf7e60c3bf68
0x4037aa,0xaf7e60cf3568
0x4037ba,0x28e837d113a0
0x4037ba,0xd79e62bc7cd8
0x4037aa,0xaf7e60cd6768
0x4037ba,0xd79e62ae1c48
0x4037aa,0xaf7e60ce2768
0x4037aa,0xaf7e60d0b3a8
0x4037aa,0xaf7e60ca09a8
0x4037ba,0xa1abd800d798
0x4037aa,0xaf7e60c5bda8
0x4037aa,0xaf7e60d113a8
0x4037aa,0xaf7e60c39fa8
0x4037aa,0xaf7e60ccd7a8
0x4037aa,0xaf7e60c88ba8
0x4037ba,0xea206332ed8
0x4037aa,0xaf7e60cb09a8
0x4037aa,0xaf7e60c6cda8
0x4037ba,0xa1abd8027210
0x4037aa,0xaf7e60cb89a8
0x4037aa,0xaf7e60d263a8
0x4037aa,0xaf7e60c50fa8
0x4037aa,0xaf7e60d065a8
0x4037aa,0xaf7e60d2b3a8
0x4037aa,0xaf7e60cc09a8
0x4037aa,0x5b4487be01a8
0x4037ba,0xd79e62aadfc8
0x4037aa,0xaf7e60c54fa8
0x4037aa,0x5b4487be11a8
0x4037aa,0xaf7e60cc47e8
0x4037aa,0xaf7e60c7ebe8
0x4037aa,0xaf7e60d331e8
0x4037aa,0xf4a57b0adfe8
0x4037aa,0xaf7e60c38fe8
0x4037ba,0xd79e62ac7288
0x4037aa,0xaf7e60cf25e8
0x4037aa,0x5b4487bcc1e8
0x4037aa,0x5b4487bd31e8
0x4037ba,0x28e837d823d8
0x4037ba,0xea206313d20
0x4037aa,0xaf7e60d223e8
0x4037ba,0x28e837d11e30
0x4037aa,0xaf7e60c4dfe8
0x4037ba,0xd79e62b13d28
0x4037aa,0xaf7e60ce47e8
0x4037ba,0xc48ca9045ab8
0x402c50,0x28e837df5138
0x402c4c,0x28e837e01198
0x4037ba,0xd79e62bfe538
0x4037ba,0xd79e62b79f80
0x4037ba,0xa213218d798
0x4037c1,0x28e837e6c1c8
0x4037aa,0x5b4487bc7228
0x4037aa,0xaf7e60ca7a28
0x4037c1,0xd79e62c27a28
0x4037ba,0x28e837dabc98
0x4037aa,0xaf7e60cce828
0x4037aa,0xaf7e60d16428
0x4037ba,0xd79e62ae5730
0x4037ba,0xd79e62a56c38
0x4037ba,0x28e837cd0998
0x4037ba,0xea206316758
0x4037ba,0xd79e62ac7c48
0x4037ba,0xa1abd7fd3d00
0x4037aa,0xaf7e60c71e28
0x4037aa,0xaf7e60c96c28
0x4037aa,0xaf7e60c7dc68
0x4037ba,0x28e837df2e80
0x4037aa,0xaf7e60cec668
0x4037aa,0xaf7e60c81c68
0x4037aa,0xaf7e60d35268
0x4037aa,0xaf7e60c87c68
0x4037ba,0x28e837cc23e0
0x4037ba,0xa1abd7fd8fd0
0x4037c1,0xd79e62a872a8
0x4037aa,0x5b4487bd5268
0x4037aa,0xaf7e60c91c68
0x4037ba,0x28e837df31f8
0x4037ba,0xe8035e4665a8
0x4037ba,0xd79e62b25300
0x4037ba,0x28e837dc8b90
0x4037aa,0xaf7e60c9dc68
0x4037ba,0xe930e6be3118
0x4037aa,0xaf7e60ca5aa8
0x4037aa,0x5b4487bc72a8
0x4037ba,0x28e837dcc668
0x4037aa,0xaf7e60c8bca8
0x4037ba,0xa7d08ad11378
0x4037ba,0xd79e62ae11b8
0x4037ba,0xd79e62c13d20
0x4037ba,0x28e837e63128
0x4037aa,0xaf7e60c72ea8
0x4037ba,0xd79e62ad0f90
0x4029e0,0x5829a6ed0fa8
0x4037ba,0xa2132195118
0x4037aa,0xaf7e60cc98e8
0x4037c1,0xd79e62b9e510
0x4037aa,0xaf7e60c87ce8
0x4037ba,0x28e837d65a80
0x4037aa,0xaf7e60d1a4e8
0x4037ba,0xd79e62ae47d8
0x4037ba,0xd79e62bd3d38
0x4037aa,0xaf7e60c72ee8
0x4037c1,0xd79e62b047f8
0x4037aa,0xaf7e60ce08e8
0x4037aa,0x5b4487c010e8
0x4037c1,0x28e837d87298
0x4037ba,0xea20633dc50
0x4037c1,0x28e837cda4e8
0x4037ba,0xd79e62bc2778
0x4037aa,0x5b4487be3128
0x4037ba,0xee30bb940198
0x4037aa,0x71bb2b179128
0x4037aa,0x5b4487be5128
0x4037ba,0xd79e62a6cd80
0x4037aa,0xaf7e60cf4728
0x4037aa,0xaf7e60d1c528
0x4037aa,0x5b4487bf5128
0x4037aa,0xaf7e60d1e528
0x4037aa,0x5b4487bf9128
0x4037ba,0xd79e62addc40
0x4037aa,0xaf7e60c93d28
0x4037ba,0xa1abd7ff1c48
0x4037c1,0x28e837d62768
0x4037aa,0xaf7e60d05728
0x4037aa,0x5b4487c03128
0x4037aa,0x5b4487c05128
0x4037ba,0xa2132196768
0x4037c1,0xea2062ed7a8
0x4037aa,0xaf7e60d0b568
0x4037aa,0xaf7e60d31368
0x4037aa,0xaf7e60c7ed68
0x4037aa,0xaf7e60c80d68
0x4037aa,0xaf7e60c5bf68
0x4037ba,0x5829a6ef1e18
0x4037aa,0xaf7e60d13568
0x4037ba,0xd79e62b10fa0
0x4037c1,0xd79e62c21c60
0x4037aa,0xaf7e60cf6768
0x4037ba,0xa21321e7ce8
0x4037aa,0x5b4487bd1368
0x4037ba,0xa1abd8045a88
0x4037c1,0x28e837e56748
0x4037ba,0xd79e62afdc50
0x4037ba,0xe8035e4663a0
0x4037ba,0xd79e62b71378
0x4037aa,0xaf7e60d02768
0x4037aa,0xaf7e60d2b568
0x4037aa,0xaf7e60c7bda8
0x4037c1,0xa2132205330
0x4037aa,0xaf7e60d313a8
0x4037aa,0xaf7e60c59fa8
0x4037c1,0xa1abd801e500
0x4037aa,0xaf7e60ced7a8
0x4037ba,0xd79e62b13570
0x4037aa,0xaf7e60ca8ba8
0x4037aa,0x5b4487bcb3a8
0x4037aa,0xaf7e60cd09a8
0x4037c1,0xd79e62bac670
0x4037c1,0xee30bb941180
0x4037aa,0xaf7e60c8cda8
0x4037aa,0x5b4487bd13a8
0x4037aa,0xaf7e60cd89a8
0x4037c1,0x28e837cbe520
0x4037c1,0xd79e62afa4f0
0x4037aa,0xaf7e60c70fa8
0x4037aa,0xaf7e60d265a8
0x4037ba,0x28e837c90fb0
0x4037aa,0xaf7e60ce09a8
0x4037aa,0xaf7e60c74fa8
0x4037aa,0x5b4487c001a8
0x4037aa,0x5b4487c011a8
0x4037aa,0xaf7e60c9bda8
0x4037aa,0xaf7e60c79fa8
0x4037aa,0xaf7e60c9ebe8
0x4037ba,0xa1abd801dc68
0x4037aa,0xaf7e60c58fe8
0x4037ba,0x28e837decdb0
0x4037aa,0xaf7e60d125e8
0x4037ba,0xa1abd804dff8
0x4037aa,0x5b4487bec1e8
0x4037c1,0xea2062cbc80
0x4037aa,0x5b4487bf31e8
0x4037ba,0xd79e62af0fb0
0x4037aa,0xaf7e60c6dfe8
0x4037c1,0xd79e62accd90
0x4037aa,0xaf7e60d047e8
0x4037aa,0xaf7e60cbebe8
0x4037ba,0xd79e62b45130
0x4037ba,0x28e837e51e18
0x4037aa,0xaf7e60c78fe8
0x4037ba,0x28e837dec660
0x4037c1,0x28e837d9dc68
0x4037ba,0xd79e62ba23d0
0x4037aa,0xaf7e60cc7a28
0x4037aa,0x5b4487be7228
0x4037aa,0xaf7e60d36428
0x4037aa,0xaf7e60cee828
0x4037ba,0xd79e62b8bc88
0x4037ba,0x28e837dcc1f0
0x4037ba,0xd79e62c4e808
0x4037ba,0x28e837d5ed78
0x4037c1,0xd79e62bf25e0
0x4037ba,0x28e837d725c8
0x4037ba,0x28e837d85aa0
0x4037aa,0x71d5f3e4e828
0x4037aa,0x5b4487bd6428
0x4037aa,0xaf7e60c91e28
0x4037aa,0xaf7e60cb6c28
0x4037ba,0x28e837dc23e8
0x4037ba,0xd79e62a72ef8
0x4037ba,0x28e837c9c520
0x4037ba,0xd79e62c35120
0x4037aa,0xaf7e60d0c668
0x4037aa,0xaf7e60ca1c68
0x4037ba,0xa213218b570
0x4037aa,0xaf7e60ca7c68
0x4037ba,0xa1abd80125f0
0x4037c1,0xd79e62c27208
0x4037ba,0x6c6f1e4c1c58
0x4037ba,0xa1abd7fdebc0
0x4037aa,0xaf7e60cb1c68
0x4037aa,0x5b4487bf5268
0x4037ba,0xd79e62b6c1d8
0x4037aa,0xaf7e60cbdc68
0x4037c1,0xd79e62ae7c60
0x4037aa,0xaf7e60d2c668
0x4037aa,0xaf7e60cc1c68
0x4037ba,0x28e837db9130
0x4037c1,0x28e837cc0180
0x4037ba,0x5829a6ec10d8
0x4037c1,0xd79e62a73d08
0x4037aa,0xaf7e60cc5aa8
0x4037aa,0x5b4487be72a8
0x4037c1,0xd79e62c45a98
0x4037ba,0xa213218c1f0
0x4037ba,0xe930e6c19138
0x4037aa,0xaf7e60cabca8
0x4037aa,0xe7c8f4d2ea8
0x4037aa,0xaf7e60c92ea8
0x4037c1,0xea20631a4c0
0x4037aa,0xf3bd7d765aa8
0x4037ba,0xa1abd8005ab8
0x4037c1,0xd79e62c47230
0x4037aa,0xaf7e60ce5aa8
0x4037aa,0xaf7e60ce98e8
0x4037ba,0xd79e62c18988
0x4037aa,0xaf7e60ca7ce8
0x4037aa,0xe7c8f4d2ee8
0x4037aa,0xaf7e60c92ee8
0x4037aa,0x5b4487c210e8
0x4037aa,0xaf7e60d008e8
0x4037aa,0x5b4487bda4e8
0x4037ba,0xa1abd8005718
0x4037aa,0xaf7e60d098e8
0x4037ba,0x28e837e32eb8
0x4037aa,0x5b4487be5328
0x4037ba,0x28e837e55120
0x4037ba,0x28e837d6e820
0x4037c1,0xd79e62ac6588
0x4037aa,0xaf7e60d14728
0x4037aa,0x5b4487c15128
0x4037ba,0xa21321fed68
0x4037aa,0x5b4487c19128
0x4037c1,0xd79e62ace808
0x4037aa,0xaf7e60cb3d28
0x4037ba,0xd79e62bd31d8
0x4037aa,0xaf7e60d25728
0x4037aa,0x5b4487c23128
0x4037aa,0x5b4487c25128
0x4037aa,0x5b4487bdc528
0x4037aa,0x5b4487bde528
0x4037aa,0x5b4487c05328
0x402a79,0xd79e62b45708
0x4037aa,0xaf7e60c9ed68
0x4037aa,0xaf7e60c7bf68
0x4037aa,0xaf7e60ca0d68
0x4037ba,0x28e837e2b550
0x4037aa,0xaf7e60d33568
0x4037ba,0xea2063309b8
0x4037aa,0x5b4487bcb568
0x4037aa,0xaf7e60d16768
0x4037ba,0xa2132196428
0x4037aa,0x5b4487bf1368
0x4037aa,0x5b4487bd3568
0x4037aa,0xaf7e60d22768
0x4037ba,0x28e837e50f88
0x4037ba,0x28e837e325d0
0x4037ba,0xd79e62b4e828
0x4037aa,0xaf7e60cbed68
0x4037aa,0xaf7e60c9bf68
0x4037aa,0xaf7e60cc0d68
0x4037ba,0xd79e62a5bda8
0x402c20,0xa1abd8050f80
0x402c50,0x28e837e6b560
0x4029e0,0x5829a6f07cc0
0x4029e0,0xd79e62b54f80
0x4037aa,0xaf7e60d0d7a8
0x4037ba,0xd79e62badfe0
0x4037ba,0x5829a6ef1c78
0x4037aa,0x5b4487be63a8
0x4037aa,0xaf7e60cc8ba8
0x4037ba,0xd79e62bbebf8
0x4037ba,0xd79e62b131c8
0x4037ba,0xe8035e467cc0
0x4037ba,0xea206300998
0x4037aa,0x6af9d6d4cda8
0x4037aa,0x5b4487beb3a8
0x4037aa,0xaf7e60cf09a8
0x4037ba,0xa1abd8020d78
0x4037ba,0xa21321b4718
0x4037ba,0x28e837e63128
0x4037aa,0xaf7e60cacda8
0x4037aa,0x5b4487bf13a8
0x4037aa,0xaf7e60cf89a8
0x4037aa,0xa67864934fa8
0x4037ba,0xd79e62c33578
0x4037aa,0xaf7e60c90fa8
0x4037ba,0x28e837e601b0
0x4037aa,0x5b4487c201a8
0x4037aa,0x5b4487c211a8
0x4037aa,0xaf7e60d009a8
0x4037aa,0xaf7e60c94fa8
0x4037aa,0xaf7e60cbbda8
0x4037aa,0xaf7e60c99fa8
0x4037c1,0xee30bb9447e8
0x4037ba,0xd79e62b76778
0x4037aa,0xaf7e60d2d7a8
0x4037aa,0x5b4487c063a8
0x4037ba,0xd79e62bcb3b8
0x4037aa,0x5b4487be23e8
0x4037aa,0xaf7e60d325e8
0x4037c1,0xd79e62b95130
0x4037aa,0x5b4487c0c1e8
0x4037ba,0xd79e62ac7288
0x4037ba,0xd79e62ab1e28
0x4037c1,0x28e837e65ab0
0x4037aa,0x5b4487c131e8
0x4037ba,0xea2063325e8
0x4037ba,0x28e837ce11a0
0x4037c1,0xa1abd7fe7220
0x4037c1,0x6c6f1e4c7280
0x4037ba,0x28e837ddbd90
0x4037c1,0x28e837e56748
0x4037aa,0xaf7e60c8dfe8
0x4037aa,0x5b4487bd25e8
0x4037aa,0xaf7e60d247e8
0x4037aa,0xaf7e60cdebe8
0x4037aa,0x5829a70725e8
0x4037aa,0xaf7e60c98fe8
0x4037aa,0x5b4487c023e8
0x4037c1,0xd79e62c4c648
0x4037ba,0xea20632dfe8
0x4037aa,0xaf7e60ce7a28
0x4037aa,0x5b4487c07228
0x4037aa,0xaf7e60d0e828
0x4037ba,0x28e837e2bca0
0x4037ba,0x80a6dabf6770
0x4037aa,0xaf7e60cd6c28
0x4037aa,0xaf7e60cb1e28
0x4037aa,0x5b4487bf6428
0x4037ba,0xd79e62b07cf0
0x4037ba,0xa1abd8043108
0x4037ba,0x28e837c931f0
0x4037aa,0x5b4487c27228
0x4037aa,0xaf7e60d07a28
0x4037aa,0xaf7e60d2e828
0x402c50,0x28e837df5138
0x402c4c,0x28e837e01198
0x402ea8,0xf64cbacda8
0x4037aa,0xaf7e60cc7c68
0x4037ba,0x28e837e26590
0x4037aa,0x5b4487bcc668
0x4037aa,0xaf7e60cd1c68
0x4037aa,0x5b4487c15268
0x4037ba,0xd79e62bf9100
0x4037aa,0xaf7e60cddc68
0x4037c1,0x5829a6ed9fa0
0x4037aa,0xaf7e60ce1c68
0x4037ba,0xd79e62a92ef8
0x4037aa,0x5b4487c072a8
0x4037ba,0xa1abd800c668
0x4037ba,0x6c6f1e4c10f8
0x4037aa,0xaf7e60ccbca8
0x4037ba,0xe8035e467c60
0x4037ba,0xd79e62b672a8
0x4037aa,0xaf7e60cb2ea8
0x4037ba,0x28e837e40180
0x4037ba,0x80a6dabf6430
0x4037c1,0xd79e62accd90
0x4037ba,0xd79e62a6cd80
0x4037ba,0x6c6f1e4c1c58
0x4037aa,0xaf7e60d05aa8
0x4037aa,0x5b4487c272a8
0x4037ba,0xc48ca9045300
0x4037ba,0xa1abd7fd8fd0
0x4037ba,0x28e837df2ee8
0x4037ba,0xd79e62c408e8
0x4037aa,0xaf7e60cc7ce8
0x4037ba,0x28e837c90998
0x4037aa,0xaf7e60cb2ee8
0x4037aa,0x5b4487c410e8
0x4037aa,0xaf7e60d208e8
0x4037aa,0x5b4487bfa4e8
0x4037ba,0x28e837e39120
0x4037aa,0xaf7e60d298e8
0x4037ba,0xc48ca9045ab8
0x4037ba,0xd79e62b45338
0x4037ba,0xe8035e465a90
0x4037aa,0xaf7e60d34728
0x4037c1,0x28e837e6c1c8
0x4037ba,0x28e837d01190
0x4037aa,0x5b4487c35128
0x4037ba,0xa1abd8027210
0x4037aa,0x5b4487c39128
0x4037aa,0xaf7e60cd3d28
0x4037aa,0x5b4487bd4728
0x4037aa,0x5b4487c43128
0x4037ba,0x9e9c4d918fd0
0x4037aa,0x5b4487c45128
0x4037aa,0x5b4487bfc528
0x4037aa,0x5b4487bfe528
0x4037aa,0xaa4a5bd43128
0x4037aa,0x5b4487c25328
0x4037aa,0xaa4a5bd45128
0x4037c1,0xa1abd7fd5278
0x4037ba,0x28e837d59128
0x4037ba,0x28e837cf1398
0x4037ba,0x28e837cb9fa0
0x4037ba,0xd79e62b18998
0x4037aa,0xaf7e60d36768
0x4037ba,0xd79e62ad0f90
0x4037ba,0xa1abd7febcb8
0x4037ba,0xd79e62af0998
0x4037aa,0x5b4487beb568
0x4037aa,0x5b4487c11368
0x4037ba,0x28e837de98e0
0x4037c1,0x8ad3301bebe8
0x4037aa,0x5b4487bf3568
0x4037ba,0x28e837d90f90
0x4037aa,0x5b4487bd6768
0x4037ba,0x28e837cd5130
0x4037aa,0xaf7e60cded68
0x4037aa,0xaf7e60cbbf68
0x4037aa,0xaf7e60ce0d68
0x4037c1,0x28e837d27c48
0x4037ba,0xd79e62c3c510
0x4037aa,0xaf7e60ce8ba8
0x4037aa,0x5b4487c0b3a8
0x4037aa,0x8ec426e589a8
0x4037aa,0x5b4487be65a8
0x4037aa,0xaf7e60d109a8
0x4037ba,0xea20632c658
0x4037aa,0xaf7e60cccda8
0x4037aa,0x5b4487c113a8
0x4037ba,0x6c537033bdb8
0x4037aa,0x5b4487bcd7a8
0x4037aa,0xaf7e60d189a8
0x4037ba,0xea2062cd780
0x4037aa,0xaf7e60cb0fa8
0x4037aa,0x5b4487c401a8
0x4037aa,0x5b4487c411a8
0x4037aa,0xaf7e60d209a8
0x4037aa,0xaf7e60cb4fa8
0x4037aa,0xaf7e60cdbda8
0x4037ba,0xe8035e463118
0x4037ba,0xea20632c1e0
0x4037aa,0xaf7e60cb9fa8
0x4037aa,0x5b4487c263a8
0x4037ba,0x28e837d610e0
0x4037aa,0xaf7e60d08ba8
0x4037aa,0x5b4487c2b3a8
0x4037aa,0x5b4487c065a8
0x4037ba,0x28e837d78998
0x4037aa,0x5b4487c2c1e8
0x4037ba,0xe8035e465138
0x4037ba,0xd79e62a9c538
0x4037ba,0xd79e62b25300
0x4037ba,0x28e837e3c508
0x4037aa,0x5b4487c331e8
0x4037ba,0xa21321e7ce8
0x4037aa,0xaf7e60cadfe8
0x4037aa,0x5b4487bf25e8
0x4037ba,0xe930e6be3118
0x4037ba,0xd79e62ae11b8
0x4037aa,0xaf7e60cfebe8
0x4037aa,0xaf7e60cb8fe8
0x4037aa,0x5b4487c223e8
0x4037ba,0xd79e62ac1c50
0x4037ba,0xd79e62a91388
0x4037ba,0x28e837cd31e8
0x4037ba,0x6c5370343120
0x4037aa,0xaf7e60cd1e28
0x4037aa,0x5b4487bce828
0x4037ba,0xd79e62addc40
0x4037aa,0x5b4487c16428
0x4037aa,0xaf7e60cf6c28
0x4037ba,0xa1abd7ff1c48
0x4037ba,0xd79e62a931f8
0x4037aa,0x5b4487c47228
0x4037aa,0xaf7e60d27a28
0x4037aa,0xaa4a5bd47228
0x4037ba,0x28e837d85aa0
0x4037aa,0xaf7e60ce7c68
0x4037ba,0xd79e62b25ab8
0x4037aa,0x54bf1d831c68
0x4037ba,0xd79e62ba2778
0x4037aa,0x5b4487c35268
0x4037aa,0x5b4487bec668
0x4037aa,0xaf7e60cf1c68
0x4037ba,0x28e837d65128
0x4037ba,0x28e837e0e808
0x4037ba,0xd79e62ae10e8
0x4037aa,0xaf7e60cfdc68
0x4037ba,0xea2063047f0
0x4037ba,0xea206312ee8
0x4037aa,0xaf7e60d01c68
0x4037c1,0xd79e62b1ed68
0x4037aa,0xaf7e60d07c68
0x4037ba,0x28e837c925f0
0x4037ba,0xa21321b4fa0
0x4037aa,0xaf7e60cebca8
0x4037ba,0xd79e62b9a4d8
0x4037ba,0x28e837c9c520
0x4037ba,0x28e837d11e30
0x4037ba,0x28e837d9a4f0
0x4037aa,0xaf7e60cd2ea8
0x4037ba,0xea2062c10c0
0x4037ba,0xa1abd8046398
0x4037ba,0xa1abd80410c0
0x4037ba,0x28e837e38ff0
0x4037aa,0x5b4487c472a8
0x4037aa,0xaf7e60d25aa8
0x4037aa,0xaa4a5bd472a8
0x4037aa,0xaf7e60ce7ce8
0x4037aa,0x5b4487bc98e8
0x4037c1,0x28e837e5bf50
0x4037aa,0xaf7e60cd2ee8
0x4037aa,0x5b4487c1a4e8
0x4037aa,0xec9543a210e8
0x4037ba,0xd79e62c13568
0x4037ba,0xea206312e80
0x4037aa,0xaf7e60d07ce8
0x4037aa,0x5b4487be08e8
0x4037aa,0x5b4487be5728
0x4037ba,0x28e837e731d8
0x4037ba,0xa1abd802cd88
0x4037ba,0xd79e62c498f8
0x4037aa,0xaf7e60cf3d28
0x4037aa,0xec9543a15128
0x4037aa,0xec9543a19128
0x4037aa,0x5b4487bf4728
0x4037ba,0xd79e62af0fb0
0x4037aa,0x5b4487c1c528
0x4037aa,0x5b4487c1e528
0x4037ba,0xa1abd8045130
0x4037aa,0x5b4487c45328
0x4037aa,0xec9543a23128
0x4037ba,0xd79e62ac7288
0x4037aa,0xec9543a25128
0x4037aa,0xaa4a5bd45328
0x4037aa,0x5b4487c05728
0x4037ba,0xd79e62a78fe0
0x4037aa,0x5b4487be2768
0x4037ba,0x28e837d98fd0
0x4037ba,0x28e837e36430
0x4037aa,0x5b4487c31368
0x4037aa,0x5b4487c0b568
0x4037ba,0xa21321d5108
0x4037aa,0x5b4487c13568
0x4037c1,0x28e837d02768
0x4037ba,0xa21322047c8
0x4037ba,0xa21321d5240
0x4037aa,0x5b4487bf6768
0x4037aa,0xaf7e60cdbf68
0x4037aa,0xaf7e60cfed68
0x4037aa,0xaf7e60d00d68
0x4037ba,0x28e837e63128
0x4037aa,0x5b4487c02768
0x4037aa,0x5b4487c2b568
0x402c20,0x5829a6ecb3b8
0x4037c1,0xd79e62bc8b88
0x4037aa,0xaf7e60d309a8
0x4037aa,0x5b4487c313a8
0x4037aa,0xaf7e60cecda8
0x4037ba,0x28e837e325d0
0x4037ba,0x28e837e2b550
0x4037aa,0x5b4487bed7a8
0x4037aa,0xaf7e60cd0fa8
0x4037aa,0x5b4487bd09a8
0x4037aa,0xaf7e60cd4fa8
0x4037c1,0x6c6f1e4c7280
0x4037c1,0xd79e62ace808
0x4037aa,0xaf7e60cfbda8
0x4037aa,0xaf7e60cd9fa8
0x4037aa,0xec9543a201a8
0x4037aa,0x71d5f3f789a8
0x4037aa,0xec9543a211a8
0x4037aa,0x5b4487c463a8
0x4037aa,0x5b4487bd89a8
0x4037aa,0xaf7e60d28ba8
0x4037c1,0xd79e62c47230
0x4037aa,0x5b4487c265a8
0x4037ba,0xea2062d6438
0x4037aa,0xaa4a5bd463a8
0x4037aa,0x5b4487be09a8
0x4037aa,0xaa4a5bd4c1e8
0x4037ba,0xd79e62b56c30
0x4037aa,0x5b4487be47e8
0x4037c1,0xa1abd7fd9fb0
0x4037ba,0xd79e62ab6c18
0x4037aa,0xaf7e60ccdfe8
0x4037c1,0xd79e62a99f80
0x4037aa,0x5b4487c125e8
0x4037aa,0xec9543a131e8
0x4037ba,0xd79e62c33d30
0x4037ba,0xd79e62af9f88
0x4037aa,0xaf7e60d1ebe8
0x4037aa,0xaf7e60cd8fe8
0x4037ba,0x28e837dd6c10
0x4037aa,0x5b4487c423e8
0x4037c1,0x28e837dfebe8
0x4037aa,0xaa4a5bd423e8
0x4037ba,0xd79e62c35120
0x4037ba,0xa1abd8013d20
0x4037aa,0x5b4487c047e8
0x4037ba,0x28e837dec1e8
0x4037aa,0xec9543a2c1e8
0x4037aa,0x54bf1d831e28
0x4037ba,0xd79e62b76438
0x4037c1,0x28e837e6c1c8
0x4037aa,0x5b4487bc7a28
0x4037aa,0x5b4487c36428
0x4037ba,0x28e837e201a0
0x4037aa,0xaf7e60cf1e28
0x4037aa,0xaf7e60d16c28
0x4037aa,0x5b4487bee828
0x4037ba,0x28e837ddbd90
0x4037ba,0xa2132200d78
0x4037aa,0xec9543a27228
0x4037aa,0x932ec405dc68
0x4037ba,0x28e837e54fa8
0x4037aa,0x5b4487c0c668
0x4037ba,0x6c6f1e4c10f8
0x4037aa,0xaf7e60d11c68
0x4037ba,0x28e837d823d8
0x4037aa,0xec9543a15268
0x4037ba,0xd79e62a91e18
0x4037c1,0xee30bb941180
0x4037aa,0xaf7e60d1dc68
0x4037c1,0xea206301c78
0x4037aa,0xaf7e60d21c68
0x4037ba,0x28e837e32eb8
0x4037ba,0xd79e62a92e90
0x4037c1,0xd79e62accd90
0x4037ba,0xa21321fa4c8
0x4037aa,0xaf7e60d27c68
0x4037ba,0x28e837d9bf58
0x4037aa,0xaf7e60d0bca8
0x4037aa,0xaf7e60cf2ea8
0x4037ba,0x28e837e39120
0x4037aa,0xec9543a272a8
0x4037aa,0xaf7e60d2bca8
0x4037ba,0xd79e62c131c0
0x4037ba,0x28e837df2e80
0x4037ba,0x28e837db9130
0x4037ba,0xd79e62b33540
0x4037ba,0xa21321f5268
0x4037aa,0x5b4487be98e8
0x4037c1,0xd79e62ac6588
0x4037aa,0xaf7e60cf2ee8
0x4037ba,0x6c537034bc90
0x4037aa,0x5b4487c3a4e8
0x4037ba,0xd79e62a91c78
0x4037c1,0x28e837e80988
0x4037ba,0x28e837d9a4f0
0x4037aa,0x270fe3a10e8
0x4037aa,0xaf7e60d27ce8
0x4037aa,0x5b4487c008e8
0x4037ba,0x28e837d411b8
0x4037aa,0x96b180079128
0x4037ba,0x28e837dab3a8
0x4037aa,0xaf7e60d13d28
0x4037ba,0xe8035e465a90
0x4037ba,0xa21321fed68
0x4037aa,0x5b4487c14728
0x4037aa,0x270fe395128
0x4037aa,0x5b4487c3c528
0x4037aa,0x5b4487c3e528
0x4037aa,0x270fe399128
0x4037ba,0xea2062d6778
0x4037aa,0x270fe3a3128
0x4037aa,0xec9543a25328
0x4037ba,0xd79e62b13570
0x4037aa,0x5b4487c25728
0x4037aa,0x270fe3a5128
0x402c50,0x28e837df5138
0x402c4c,0x28e837e01198
0x4037ba,0xd79e62ba23d0
0x4037ba,0xd79e62aa63b0
0x4037ba,0xa1abd8007a38
0x4037ba,0xa1abd7ff1358
0x4037ba,0x28e837ce6380
0x4037aa,0xaa4a5bd51368
0x4037aa,0x5b4487c33568
0x4037ba,0xd79e62b18998
0x4037aa,0xec9543a11368
0x4037aa,0x5b4487c16768
0x4037ba,0x6c5370343120
0x4037aa,0xaf7e60d1ed68
0x4037aa,0xaf7e60cfbf68
0x4037ba,0xd79e62b4e828
0x4037aa,0xaf7e60d20d68
0x4037aa,0x5b4487c22768
0x4037ba,0x28e837e525c8
0x4037aa,0xaa4a5bd4b3a8
0x4037ba,0xd79e62a67298
0x4037aa,0xaf7e60d0cda8
0x4037ba,0x28e837e2bca0
0x4037ba,0xa1abd802c1c0
0x4037aa,0xaa4a5bd513a8
0x4037aa,0x5b4487c0d7a8
0x4037aa,0x5b4487bc8ba8
0x4037aa,0xec9543a113a8
0x4037aa,0xaf7e60cf0fa8
0x4037ba,0xd79e62ab1398
0x4037aa,0xaf7e60cf4fa8
0x4037aa,0x5b4487bf09a8
0x4037c1,0x28e837d58998
0x4037c1,0xd79e62bac670
0x4037c1,0xd79e62a73550
0x4037aa,0xaf7e60d1bda8
0x4037aa,0xaf7e60cf9fa8
0x4037aa,0x5b4487bf89a8
0x4037aa,0x5b4487c465a8
0x4037aa,0x270fe3a01a8
0x4037aa,0x270fe3a11a8
0x4037ba,0xd79e62a56418
0x4037aa,0xec9543a263a8
0x4037aa,0x5b4487c009a8
0x4037aa,0xaa4a5bd465a8
0x4037ba,0xd79e62ae2750
0x4037aa,0xaf7e60d2cda8
0x4037aa,0xec9543a2b3a8
0x4037aa,0x270fe38c1e8
0x4037aa,0x5b4487c325e8
0x4037aa,0xaf7e60cedfe8
0x4037c1,0xd79e62b81c50
0x4037aa,0x270fe3931e8
0x4037ba,0xd79e62a56c38
0x4037aa,0xaf7e60cf8fe8
0x4037ba,0xea2062c1190
0x4037aa,0xec9543a223e8
0x4037aa,0x5b4487c247e8
0x4037ba,0xa1abd8005300
0x4037ba,0xd79e62b25300
0x4037c1,0xee30bb9447e8
0x4037aa,0x5b4487bdebe8
0x4037ba,0x28e837e208f0
0x4037ba,0xd79e62ab1e28
0x4037aa,0x5b4487be7a28
0x4037aa,0xaf7e60d36c28
0x4037aa,0x5b4487c0e828
0x4037aa,0xaf7e60d11e28
0x4037aa,0xec9543a16428
0x4037ba,0xd79e62bbe510
0x4037ba,0xd79e62c331d0
0x4037aa,0x5b4487bd6c28
0x4037ba,0xd79e62a5bda8
0x4037aa,0x270fe3a7228
0x4037ba,0x28e837e298c0
0x402c50,0x28e837df31f8
0x4029f8,0xee30bb950f80
0x4037aa,0x5b4487c2c668
0x4037aa,0xaf7e60d31c68
0x4037ba,0xe930e6be3118
0x4037aa,0x5b4487bc7c68
0x4037ba,0xd79e62c33578
0x4037aa,0x270fe395268
0x4037c1,0x8ad3301bebe8
0x4037ba,0x28e837d86588
0x4037aa,0x5b4487bd1c68
0x4037ba,0xd79e62ab6c18
0x4037aa,0x5b4487bddc68
0x4037aa,0x5b4487be1c68
0x4037ba,0x28e837d3ed58
0x4037aa,0x5b4487be5aa8
0x4037ba,0x28e837d2dfd8
0x4037aa,0xaf7e60d12ea8
0x4037ba,0x28e837cf9138
0x4037aa,0x5b4487bcbca8
0x4037c1,0xea206303110
0x4037aa,0x270fe3a72a8
0x4037aa,0x5b4487c05aa8
0x4037aa,0x5b4487c098e8
0x4037ba,0x5829a6ec2750
0x4037ba,0xd79e62b011b8
0x4037aa,0x5b4487bc7ce8
0x4037aa,0xaf7e60d12ee8
0x4037ba,0xd79e62ad0f90
0x4037ba,0xa1abd803dc40
0x4037ba,0xa21321b4718
0x4037aa,0xec9543a1a4e8
0x4037ba,0xa213218e820
0x4037aa,0x270fe3c10e8
0x4037aa,0x5b4487c208e8
0x4037c1,0x5829a6f465a0
0x4037aa,0x5b4487c298e8
0x4037ba,0xd79e62be8b90
0x4037ba,0xe8035e467cc0
0x4037aa,0xaf7e60d33d28
0x4037aa,0x5b4487c34728
0x4037aa,0x270fe3b5128
0x4037ba,0xd79e62b07cf0
0x4037aa,0x270fe3b9128
0x4037aa,0x5b4487bd3d28
0x4037ba,0x28e837d5ed78
0x4037aa,0xec9543a1c528
0x4037aa,0xec9543a1e528
0x4037ba,0x28e837d39f88
0x4037aa,0x270fe3c3128
0x4037aa,0x5b4487c45728
0x4037aa,0x270fe3c5128
0x4037c1,0x28e837d62768
0x4037aa,0xaa4a5bd45728
0x4037aa,0x270fe3a5328
0x4037ba,0x28e837c95130
0x4037aa,0xaa4a5bd4b568
0x4037aa,0x5b4487c36768
0x4037c1,0xea2062fbf60
0x4037ba,0x28e837e60d78
0x4037aa,0x270fe391368
0x4037aa,0xec9543a13568
0x4037c1,0x28e837d02768
0x4037ba,0x28e837c8d7b0
0x4037ba,0x28e837d06390
0x4037aa,0xaf7e60d1bf68
0x4037ba,0xa1abd8015108
0x4037aa,0x5b4487c42768
0x4037aa,0xaa4a5bd42768
0x4037ba,0xd79e62a70f90
0x4037aa,0x5b4487bded68
0x4037c1,0xd79e62b22770
0x4037aa,0x5b4487be0d68
0x4037aa,0xec9543a2b568
0x4037c1,0x28e837d9dc68
0x4037ba,0xd79e62b447e0
0x4037aa,0x5b4487c2d7a8
0x4037aa,0x270fe38b3a8
0x4037aa,0xaf7e60d10fa8
0x4037aa,0x5b4487be8ba8
0x4037c1,0xd79e62c45a98
0x4037ba,0x28e837cadfd8
0x4037aa,0x5b4487c109a8
0x4037aa,0xaf7e60d14fa8
0x4037ba,0xd79e62b85700
0x4037aa,0x270fe3913a8
0x4037aa,0x5b4487bccda8
0x4037c1,0x5829a6ec72b0
0x4037ba,0xd79e62a91388
0x4037aa,0xaf7e60d19fa8
0x4037aa,0x5b4487c189a8
0x4037ba,0xa1abd7fd3548
0x4037ba,0xd79e62b91378
0x4037aa,0x270fe3c01a8
0x4037aa,0x270fe3c11a8
0x4037ba,0x28e837e647e8
0x4037aa,0x5b4487c209a8
0x4037aa,0x5b4487bdbda8
0x4037ba,0x28e837e601b0
0x4037aa,0xec9543a265a8
0x4037ba,0xd79e62addc40
0x4037aa,0x270fe3a63a8
0x4037aa,0x270fe3ac1e8
0x4037aa,0xaf7e60d0dfe8
0x4037ba,0xa1abd8031c48
0x4037aa,0x8ec426e58fe8
0x4037ba,0xa1abd800cdb8
0x4037aa,0xaa4a5bd525e8
0x4037aa,0x270fe3b31e8
0x4037ba,0x28e837e408d0
0x4037aa,0xec9543a125e8
0x4037aa,0xaf7e60d18fe8
0x4037ba,0xd79e62b79f80
0x4037ba,0xea2063131c0
0x4037aa,0x5b4487c447e8
0x4037aa,0x270fe3a23e8
0x4037ba,0xd79e62be7228
0x4037aa,0x5b4487bfebe8
0x4037aa,0xaa4a5bd447e8
0x4037ba,0xa1abd8005ab8
0x4037c1,0x28e837d62768
0x4037ba,0xd79e62a6cd80
0x4037aa,0x270fe3cc1e8
0x4037aa,0xaf7e60d2dfe8
0x4037ba,0xa21322047c8
0x4037aa,0x5b4487c07a28
0x4037aa,0x5b4487c2e828
0x4037aa,0xaf7e60d31e28
0x4037ba,0xa1abd801dc68
0x4037aa,0x54c453156428
0x4037ba,0xd79e62c2c640
0x4037ba,0xe8035e465138
0x4037ba,0x28e837df2ee8
0x4037ba,0x28e837d74f80
0x4037c1,0xee30bb941180
0x4037aa,0x270fe396428
0x4037aa,0x5b4487bd1e28
0x4037aa,0x5b4487bf6c28
0x4037ba,0xd79e62ba7c58
0x4037aa,0x270fe3c7228
0x4037aa,0x5b4487c27a28
0x4037ba,0xea20633dc50
0x4037aa,0xaa4a5bd4c668
0x4037c1,0xd79e62bc0d70
0x4037ba,0xd79e62c13568
0x4037aa,0x5b4487be7c68
0x4037ba,0xd79e62a72ef8
0x4037aa,0x270fe3b5268
0x4037ba,0xe930e6c11c40
0x4037ba,0xa1abd7ff1c48
0x4037aa,0x5b4487bf1c68
0x4037ba,0xd79e62a9e528
0x4037ba,0xa21321e1180
0x4037c1,0xa1abd8032e80
0x4037ba,0xa1abd8019110
0x4037c1,0xd79e62accd90
0x4037ba,0xd79e62a91c78
0x4037aa,0x5b4487bfdc68
0x4037ba,0xd79e62b00990
0x4037aa,0x5b4487c01c68
0x4037aa,0xec9543a2c668
0x4037ba,0x28e837d98fd0
0x4037aa,0xaf7e60d32ea8
0x4037c1,0x28e837e1c510
0x4037aa,0x5b4487bebca8
0x4037ba,0x28e837df2e80
0x4037ba,0xd79e62b54f80
0x4037ba,0x28e837e39120
0x4037aa,0x5b4487bd2ea8
0x4037c1,0xd79e62a872a8
0x0,0xd79e62b32eb8
0x4037aa,0x270fe3c72a8
0x4037aa,0x5829a7072ea8
0x4037aa,0x5b4487c25aa8
0x40304c,0xd79e62b32eb8
0x403709,0xd79e62be1c78
0x4037ba,0xd79e62b08b88
0x4037aa,0xaf7e60d32ee8
0x4037aa,0x5b4487be7ce8
0x4037ba,0xa213218b570
0x4037ba,0x28e837cad7b8
0x4037ba,0x28e837cd31e8
0x4037ba,0xd79e62a931f8
0x4037ba,0x28e837e53558
0x4037ba,0x28e837c90fb0
0x4037ba,0xd79e62bd31d8
0x4037aa,0x270fe3e10e8
0x4037aa,0x5b4487bd2ee8
0x4037ba,0xd79e62c409b8
0x4037aa,0x5b4487c408e8
0x4037aa,0x270fe39a4e8
0x4037c1,0xd79e62b047f8
0x4037aa,0x5829a7072ee8
0x4037aa,0xaa4a5bd498e8
0x402c50,0xd79e62acb3b8
0x402c20,0x5829a6ecb3b8
0x402a79,0x28e837d53d30
0x4037aa,0x270fe3d5128
0x4037ba,0x98f5690d8fd0
0x4037ba,0xd79e62b8b398
0x4037ba,0xea2063072a8
0x4037aa,0x270fe3d9128
0x4037aa,0xec9543a14728
0x4037ba,0xa1abd7fded60
0x4037c1,0x28e837d02768
0x4037ba,0xd79e62afdc50
0x4037aa,0x5b4487bf3d28
0x4037ba,0x28e837c92ee0
0x4037aa,0x270fe3e3128
0x4037c1,0xea206301c78
0x4037aa,0x270fe39c528
0x4037aa,0x270fe3e5128
0x4037aa,0x270fe39e528
0x4037aa,0x8ec426c85128
0x4037aa,0x270fe3c5328
0x4037ba,0xea206316c38
0x4037aa,0xec9543a25728
0x4037ba,0xd79e62b131c8
0x4037ba,0x28e837cd1e18
0x4037ba,0x28e837e38ff0
0x4037ba,0xe8035e467c60
0x402c2d,0x28e837de47f0
0x402c50,0xa1abd7ff4708
0x402c50,0x28e837df5138
0x402c4c,0x28e837e01198
0x4037ba,0xea206300998
0x4037ba,0x5829a6ec10d8
0x4037ba,0x28e837dccdb8
0x4037aa,0x270fe38b568
0x4037aa,0x270fe3b1368
0x4037aa,0x270fe393568
0x4037aa,0xec9543a16768
0x4037c1,0x5829a6f47208
0x4037ba,0xea20632dfe8
0x4037ba,0x28e837e325d0
0x4037ba,0xea206312e80
0x4037ba,0x28e837cbc520
0x4037aa,0xec9543a22768
0x4037aa,0x5b4487bfed68
0x4037aa,0x5b4487bdbf68
0x4037aa,0x5b4487c00d68
0x4037ba,0xe8035e463118
0x4037aa,0x270fe3ab3a8
0x4037aa,0xaf7e60d30fa8
0x4037aa,0x5b4487c08ba8
0x4037aa,0xaa4a5bd4d7a8
0x4037ba,0x5829a6f13568
0x4037ba,0xd79e62b96c30
0x4037aa,0x5b4487c309a8
0x4037aa,0xaf7e60d34fa8
0x4037ba,0xa1abd8020d78
0x4037aa,0x270fe3b13a8
0x4037ba,0xa21321e7ce8
0x4037aa,0x5b4487becda8
0x4037aa,0x5b4487c389a8
0x4037ba,0xa1abd8045130
0x4037aa,0x5b4487bd0fa8
0x4037c1,0xd79e62bc08f8
0x4037aa,0x270fe3e01a8
0x4037aa,0x270fe3e11a8
0x4037aa,0x5b4487c409a8
0x4037aa,0x5b4487bd4fa8
0x4037aa,0x5b4487bfbda8
0x4037aa,0x5b4487bd9fa8
0x4037aa,0x270fe3c63a8
0x4037ba,0x28e837cd0998
0x4037aa,0x270fe3a65a8
0x4037aa,0x270fe3cb3a8
0x4037aa,0x5b4487c28ba8
0x4037ba,0xe8035e4623f8
0x4037c1,0xa1abd80263a0
0x4037aa,0x270fe3d31e8
0x4037ba,0x28e837e525c8
0x4037ba,0xea2063331e8
0x4037aa,0x270fe3925e8
0x4037c1,0x5829a6f410e8
0x4037aa,0x5b4487bcdfe8
0x4037ba,0x28e837cfe508
0x4037c1,0xa1abd7fe7220
0x4037c1,0xea206303110
0x4037aa,0x5b4487c1ebe8
0x4037aa,0x270fe3c23e8
0x4037aa,0x71d5f3f78fe8
0x4037aa,0x5b4487bd8fe8
0x4037ba,0x5829a6ef1e18
0x4037aa,0xec9543a247e8
0x4037ba,0x28e837e2bca0
0x4037aa,0x270fe3ec1e8
0x4037aa,0xaa4a5bd4e828
0x4037c1,0xd79e62ac6588
0x4037aa,0x270fe3b6428
0x4037aa,0x5b4487c16c28
0x4037aa,0x5b4487bf1e28
0x4037ba,0xea2063131c0
0x4037ba,0x28e837dc8b90
0x4037aa,0x270fe3e7228
0x4037ba,0x28e837d411b8
0x4037aa,0x5b4487c47a28
0x4037ba,0xa1abd803dc40
0x4037ba,0xa1abd8007c40
0x4037c1,0xa1abd7fd5278
0x4037aa,0xaa4a5bd47a28
0x4037c1,0x28e837cda4e8
0x4037ba,0xd79e62bfe538
0x4037aa,0x5b4487c07c68
0x4037c1,0xd79e62a6d798
0x4037ba,0xd79e62ad4720
0x4037ba,0xd79e62c40d60
0x4037aa,0x270fe3d5268
0x4037aa,0x270fe38c668
0x4037ba,0x28e837ddbd90
0x4037aa,0x5b4487c11c68
0x4037c1,0xa1abd8038ff0
0x4037ba,0x28e837c90998
0x4037ba,0xea2062d5130
0x4037aa,0x5b4487c1dc68
0x4037aa,0x5b4487c21c68
0x4037aa,0x5b4487c27c68
0x4037ba,0x28e837e52eb8
0x4037aa,0x5b4487c0bca8
0x4037ba,0xa1abd801dc68
0x4037ba,0x28e837dd6c10
0x4037aa,0x5b4487bf2ea8
0x4037aa,0x270fe3e72a8
0x4037aa,0x5b4487c45aa8
0x4037ba,0xd79e62ad0f90
0x4037ba,0x28e837d410e8
0x4037aa,0xaa4a5bd45aa8
0x4037aa,0x5b4487c2bca8
0x4037aa,0x5b4487c07ce8
0x4037ba,0x28e837cd1c78
0x4037aa,0x270fe3ba4e8
0x4037aa,0x270fe4010e8
0x4037aa,0x5b4487bf2ee8
0x4037ba,0x28e837d85aa0
0x4037ba,0x5829a6ec5108
0x4037ba,0x28e837cc23e0
0x4037ba,0xd79e62b05128
0x4037ba,0xd79e62a5bda8
0x4037aa,0xec9543a208e8
0x4037ba,0x28e837dc23e8
0x4037aa,0x5b4487c27ce8
0x4037aa,0xec9543a298e8
0x4037ba,0x28e837e51388
0x4037ba,0xea2062d6438
0x4037ba,0xa1abd8046398
0x4037aa,0x270fe3f5128
0x4037ba,0xd79e62c13d20
0x4037ba,0xa1abd8005718
0x4037aa,0x270fe3f9128
0x4037ba,0x28e837e63128
0x4037aa,0x5b4487c13d28
0x4037aa,0x270fe394728
0x4037aa,0x270fe3bc528
0x4037ba,0x28e837ce11a0
0x4037aa,0x270fe403128
0x4037aa,0x270fe3be528
0x4037aa,0x270fe405128
0x4037aa,0x270fe3e5328
0x4037aa,0x8ec426c85328
0x4037c1,0x28e837d52ed8
0x4037c1,0x28e837d62768
0x4037aa,0x270fe3a5728
0x4037aa,0x270fe415128
0x4037aa,0x270fe3ab568
0x4037aa,0x270fe3d1368
0x4037ba,0xc48ca9045300
0x4037aa,0x54c453156768
0x4037aa,0x270fe3b3568
0x4037ba,0xa1abd8005300
0x4037ba,0x28e837cc3138
0x4037aa,0x270fe396768
0x4037aa,0x5b4487c1ed68
0x4037aa,0x5b4487c20d68
0x4037aa,0x5b4487bfbf68
0x4037ba,0x5829a6ed2e98
0x4037aa,0x270fe3a2768
0x4037ba,0x28e837cf9138
0x4037aa,0x270fe3cb568
0x4037ba,0x28e837d59128
0x4037aa,0x270fe3f1368
0x4037c1,0x6c6f1e4c7280
0x4037aa,0xec9543a2d7a8
0x4037aa,0x270fe3d13a8
0x4037aa,0x71bb2b179fa8
0x4037aa,0xaa4a5bd509a8
0x4037aa,0x5b4487c0cda8
0x4037aa,0x270fe38d7a8
0x4037aa,0xec9543a109a8
0x4037ba,0xd79e62ac8ba0
0x4037c1,0xd79e62c098d0
0x4037ba,0xd79e62ac7220
0x4037ba,0xd79e62bd3d38
0x4037ba,0x28e837c925f0
0x4037aa,0x5b4487bf0fa8
0x4037aa,0x270fe4001a8
0x4037aa,0x270fe4011a8
0x4037c1,0xd79e62a73550
0x4037aa,0xec9543a189a8
0x4037aa,0x5b4487bf4fa8
0x4037aa,0x5b4487c1bda8
0x4037aa,0x270fe3e63a8
0x4037aa,0x5b4487bf9fa8
0x4037aa,0xec9543a209a8
0x4037c1,0xd79e62accd90
0x4037aa,0x270fe3c65a8
0x4037aa,0x270fe3eb3a8
0x4037aa,0xaa4a5bd48ba8
0x4037ba,0x28e837cd31e8
0x4037ba,0xa1abd8027210
0x4037aa,0x270fe3f13a8
0x4037aa,0x270fe3f31e8
0x4037ba,0xd79e62ae11b8
0x4037ba,0xa1abd8045a88
0x4037c1,0xa1abd801e500
0x4037aa,0x270fe3b25e8
0x4037aa,0x5b4487bedfe8
0x4037ba,0x28e837d5ed78
0x4037ba,0x5829a6ed6c00
0x4037aa,0x5b4487c3ebe8
0x4037ba,0xa213218b570
0x4037aa,0x270fe3e23e8
0x4037c1,0x28e837cbe520
0x4037aa,0x5b4487bf8fe8
0x4037c1,0x28e837dfe500
0x4037aa,0x270fe40c1e8
0x4037aa,0x270fe3a47e8
0x4037ba,0xd79e62b71378
0x4037aa,0x270fe4131e8
0x4037ba,0xea2062c10c0
0x4037ba,0x28e837e54fa8
0x4037aa,0xec9543a2e828
0x4037aa,0x270fe3d6428
0x4037aa,0x270fe38e828
0x4037aa,0x5b4487c36c28
0x4037aa,0x5b4487c11e28
0x4037ba,0x6c6f1e4c10f8
0x4037ba,0xa1abd8033d38
0x4037ba,0xd79e62abebc0
0x4037c1,0xd79e62b87218
0x4037aa,0x270fe407228
0x4037c1,0xd79e62afa4f0
0x4037aa,0xec9543a27a28
0x4037aa,0x270fe3ac668
0x4037ba,0x28e837e647e8
0x4037c1,0xa2132205330
0x4037aa,0x270fe3f5268
0x4037aa,0x5b4487c31c68
0x4037ba,0xd79e62a70f90
0x4037aa,0x5b4487c3dc68
0x4037c1,0xa2132198998
0x4037ba,0xd79e62bc7a00
0x4037ba,0x28e837d2dfd8
0x4037aa,0x5b4487c41c68
0x4037aa,0x5b4487c47c68
0x4037aa,0xaa4a5bd47c68
0x4037ba,0xd79e62c33578
0x4037aa,0x270fe3cc668
0x4037ba,0xd79e62b85700
0x4037aa,0x270fe415268
0x402cbc,0xd79e62aacd80
0x402c50,0x28e837df5138
0x402c4c,0x28e837e01198
0x4037ba,0xd79e62c2c1c8
0x4037aa,0x5b4487c12ea8
0x4037aa,0x270fe4072a8
0x4037ba,0xea20631dc58
0x4037aa,0xec9543a25aa8
0x4037ba,0xa21321d5240
0x4037ba,0xd79e62c331d0
0x4037ba,0xd79e62bf1c50
0x4037ba,0xa2132195250
0x4037c1,0xa21321a7208
0x4037aa,0x270fe4210e8
0x4037aa,0x5b4487c12ee8
0x4037aa,0x270fe3da4e8
0x4037ba,0xa21322047c8
0x4037ba,0xa1abd803dc40
0x4037aa,0x270fe3a08e8
0x4037aa,0x5b4487c47ce8
0x4037aa,0xaa4a5bd47ce8
0x4037aa,0x270fe3a98e8
0x4037ba,0xd79e62af0998
0x4037ba,0xd79e62c18988
0x4037aa,0x270fe419128
0x4037ba,0xd79e62c40198
0x4037c1,0x28e837d1a4e0
0x4037aa,0x5b4487c33d28
0x4037aa,0x270fe3b4728
0x4037aa,0x270fe423128
0x4037aa,0x270fe3dc528
0x4037aa,0x270fe425128
0x4037aa,0x270fe3de528
0x4037ba,0x28e837d3ed58
0x4037c1,0xd79e62bf25d8
0x4037ba,0xd79e62ae10e8
0x4037aa,0x270fe405328
0x4037ba,0x28e837dc63b8
0x4037aa,0x270fe3c5728
0x4037aa,0x270fe435128
0x4037ba,0x28e837cb3d20
0x4037ba,0xd79e62ac7288
0x4037aa,0x270fe439128
0x402ea8,0x1a70aa86b568
0x4037ba,0x28e837d65a80
0x4037aa,0x270fe3d3568
0x4037ba,0xa2132195118
0x4037ba,0x28e837d21c60
0x4037aa,0x270fe3b6768
0x4037ba,0xa1abd8012ee0
0x4037ba,0xd79e62af0fb0
0x4037aa,0x5b4487c3ed68
0x4037aa,0x5b4487c40d68
0x4037aa,0x5b4487c1bf68
0x4037aa,0x270fe3c2768
0x4037aa,0x270fe3eb568
0x4037aa,0x270fe411368
0x4037ba,0x28e837c92ee0
0x4037c1,0x28e837d9dc68
0x4037aa,0x5b4487c2cda8
0x4037aa,0x270fe3ad7a8
0x4037aa,0x5b4487c10fa8
0x4037aa,0x270fe4201a8
0x4037aa,0x270fe3909a8
0x4037aa,0x270fe4211a8
0x4037ba,0xd79e62a7bd90
0x4037aa,0x5b4487c14fa8
0x4037ba,0xea2062d5130
0x4037c1,0x28e837e80988
0x4037aa,0x5b4487c3bda8
0x4037aa,0x270fe3989a8
0x4037aa,0x5b4487c19fa8
0x4037aa,0x270fe4063a8
0x4037ba,0xd79e62b35250
0x4037aa,0x270fe3e65a8
0x4037aa,0x270fe40b3a8
0x4037aa,0x270fe3a09a8
0x4037ba,0xea20630dfe8
0x4037aa,0x270fe4113a8
0x4037aa,0xec9543a28ba8
0x4037aa,0x270fe3cd7a8
0x402c56,0xd79e62b4d798
0x402c20,0x5829a6ecb3b8
0x4037aa,0xab2ecf3a23e8
0x4037aa,0x270fe3d25e8
0x4037ba,0xea206316418
0x4037aa,0x5b4487c0dfe8
0x4037ba,0x6c537033bf58
0x4037ba,0xd79e62aa63b0
0x4037ba,0xa1abd802cd88
0x4037aa,0x270fe4023e8
0x4037aa,0x5b4487c18fe8
0x4037ba,0x28e837dcc1f0
0x4037ba,0xea20633dc50
0x4037aa,0x270fe42c1e8
0x4037aa,0xec9543a1ebe8
0x4037ba,0xd79e62b21190
0x4037aa,0x270fe3c47e8
0x4037aa,0x270fe4331e8
0x4037ba,0xea2063047f0
0x4037c1,0xee30bb9447e8
0x4037ba,0xea2063131c0
0x4037aa,0x270fe3f25e8
0x4037ba,0xd79e62b672a8
0x4037aa,0x270fe3ae828
0x4037aa,0x270fe3f6428
0x4037aa,0x5b4487c31e28
0x4037c1,0xd79e62c45a98
0x4037ba,0xea206313d20
0x4037aa,0xec9543a16c28
0x4037aa,0x270fe427228
0x4037ba,0xea2062c10c0
0x4037ba,0xd79e62a6cd80
0x4037c1,0xea20630e828
0x4037ba,0x28e837c931f0
0x4037ba,0xe930e6be3118
0x4037ba,0x28e837d98fd0
0x4037aa,0x270fe3a7a28
0x4037aa,0x270fe3ce828
0x402c50,0xd79e62acb3b8
0x4037aa,0xaa4a5bd51c68
0x4037ba,0x28e837d847d8
0x4037aa,0xec9543a11c68
0x4037ba,0xe8035e467c60
0x4037ba,0xa2132207c50
0x4037ba,0xd79e62bd6c08
0x4037ba,0xd79e62c3c510
0x4037aa,0xec9543a1dc68
0x4037c1,0x28e837dfebe8
0x4037aa,0xec9543a21c68
0x4037c1,0xea20631a4c0
0x4037aa,0x270fe3ec668
0x4037aa,0x270fe435268
0x4037aa,0xec9543a27c68
0x4037c1,0xea2062cb390
0x4037aa,0xaa4a5bd4bca8
0x4037ba,0x28e837e55120
0x4037aa,0x5b4487c32ea8
0x4037c1,0xd79e62b9e510
0x4037aa,0x270fe4272a8
0x4037ba,0xd79e62c2e830
0x4037ba,0x28e837e55258
0x4037ba,0x28e837da8b88
0x4037ba,0x28e837dc8b90
0x4037aa,0x270fe3a5aa8
0x4037ba,0xd79e62a56c38
0x4037aa,0xec9543a2bca8
0x4037ba,0xa2132200d78
0x4037ba,0xa7d08ad11c68
0x4037ba,0xd79e62b010e8
0x4037ba,0x28e837d610e0
0x4037aa,0x5b4487c32ee8
0x4037aa,0x270fe4410e8
0x4037aa,0x270fe3fa4e8
0x4037ba,0xd79e62ab6c18
0x4037ba,0xea2062f1e08
0x4037c1,0xa1abd80113a8
0x4037c1,0xea206303110
0x4037aa,0x270fe3c08e8
0x4037ba,0xea20632dfe8
0x4037c1,0x28e837d52ed8
0x4037aa,0x270fe3c98e8
0x4037aa,0xec9543a27ce8
0x4037ba,0x28e837d5ed78
0x4037aa,0x270fe3d4728
0x4037aa,0x270fe443128
0x4037aa,0x270fe3fc528
0x4037aa,0x270fe445128
0x4037aa,0xec9543a13d28
0x4037aa,0x270fe3fe528
0x4037ba,0xd79e62c31390
0x4037ba,0xa21321e1180
0x4037aa,0x270fe425328
0x4037aa,0x270fe3e5728
0x4037c1,0xd79e62afa4f0
0x4037aa,0x8ec426c85728
0x4037aa,0x270fe455128
0x4037ba,0xea2063331e8
0x4037aa,0x270fe459128
0x4037ba,0xd79e62bd31d8
0x4037ba,0xd79e62ae2750
0x4037aa,0x270fe3f3568
0x4037ba,0xa1abd80331d8
0x4037aa,0x270fe3d6768
0x4037ba,0xa213218cdb8
0x4037ba,0x28e837dd3d08
0x4037ba,0xea2062f1c68
0x4037ba,0x28e837e325d0
0x4037aa,0x5b4487c3bf68
0x4037ba,0xd79e62c2cd90
0x4037aa,0x270fe3e2768
0x4037aa,0xec9543a1ed68
0x4037ba,0x28e837dc23e8
0x4037aa,0xec9543a20d68
0x4037aa,0x270fe40b568
0x4037aa,0x270fe431368
0x4037c1,0xd79e62b047f8
0x4037ba,0xd79e62a78fe0
0x4037aa,0x270fe413568
0x4037ba,0x28e837d32ea8
0x4037aa,0xaa4a5bd4cda8
0x4037ba,0x28e837e54720
0x4037aa,0x5b4487c30fa8
0x4037aa,0x270fe3b09a8
0x4037aa,0x270fe4401a8
0x4037aa,0x270fe4411a8
0x4037aa,0x5b4487c34fa8
0x4037c1,0xd79e62b81c50
0x4037aa,0xd6fa9550d7a8
0x4037ba,0xe930e6c11350
0x4037aa,0x270fe3b89a8
0x4037aa,0x5b4487c39fa8
0x4037c1,0x28e837de7a38
0x4037aa,0x270fe4263a8
0x4037ba,0xd79e62b91e08
0x4037c1,0xd79e62ace808
0x4037aa,0xec9543a1bda8
0x4037aa,0x71aae01b09a8
0x4037aa,0x270fe42b3a8
0x4037aa,0x270fe4065a8
0x4037c1,0xd79e62a872a8
0x4037aa,0x270fe3c09a8
0x4037ba,0xd79e62addc40
0x4037aa,0x270fe4313a8
0x4037ba,0x28e837d6e820
0x4037aa,0x270fe3ed7a8
0x4037aa,0x270fe3a8ba8
0x4037aa,0xec9543a2cda8
0x4037ba,0x5829a6ec8b80
0x4037aa,0x5b4487c2dfe8
0x4037ba,0xea206339fa0
0x4037aa,0x270fe4223e8
0x4037aa,0x5b4487c38fe8
0x4037aa,0x270fe44c1e8
0x4037c1,0x6c6f1e4c7280
0x4037aa,0x270fe3e47e8
0x4037ba,0x28e837cf9138
0x4037aa,0x270fe39ebe8
0x4037aa,0x270fe4531e8
0x4037ba,0xd79e62a7bd90
0x4037ba,0xd79e62c2bc80
0x4037aa,0x270fe4125e8
0x4037aa,0x270fe416428
0x4037ba,0xd79e62bf1360
0x4037ba,0xa1abd80125f0
0x4037ba,0xd79e62b4e828
0x4037c1,0x28e837dfe500
0x4037ba,0x98f5690dbd98
0x4037ba,0xd79e62b18998
0x4037aa,0xaa4a5bd51e28
0x4037aa,0x54c453156c28
0x4037ba,0xd79e62c13d20
0x4037ba,0x5829a6f0bc80
0x4037aa,0xec9543a11e28
0x4037aa,0x270fe447228
0x4037aa,0x270fe396c28
0x4037ba,0x28e837e1bf70
0x4037aa,0x270fe3c7a28
0x4037aa,0x270fe436428
0x4037ba,0xa1abd8027210
0x4037aa,0x270fe3ee828
0x4037ba,0xe8035e4665a8
0x4029e0,0xd79e62bddc50
0x4029e0,0x5829a6eb9110
0x4029e0,0xa1abd80009a0
0x4037ba,0xd79e62b54f80
0x4037ba,0xd79e62b33540
0x4037aa,0x270fe391c68
0x4037ba,0x28e837e26380
0x4037aa,0x270fe39dc68
0x4037aa,0x270fe455268
0x4037ba,0xd79e62b6c1d8
0x4037aa,0x270fe40c668
0x4037aa,0x270fe3a1c68
0x4037aa,0x270fe3a7c68
0x4037ba,0x28e837dccdb8
0x4037ba,0xa1abd804b540
0x4037aa,0x270fe38bca8
0x4037aa,0xaa4a5bd52ea8
0x4037aa,0xec9543a12ea8
0x4037aa,0x270fe4472a8
0x4037ba,0x28e837e601b0
0x4037ba,0x6c6f1e4c1c58
0x4037aa,0x270fe3c5aa8
0x4037ba,0x28e837cadfd8
0x4037ba,0xd79e62ada4f8
0x4037aa,0x270fe4610e8
0x4037aa,0x270fe41a4e8
0x4037aa,0xaa4a5bd52ee8
0x4037aa,0xec9543a12ee8
0x4037ba,0xa1abd7fd3d00
0x4037ba,0xa1abd8023120
0x4037aa,0x270fe3e08e8
0x4037aa,0x270fe3e98e8
0x4037ba,0xd79e62c34738
0x4037ba,0xd79e62bbebf8
0x4037aa,0x270fe3a7ce8
0x4037aa,0x270fe4810e8
0x4037ba,0xd79e62ae5118
0x4037aa,0x270fe43a4e8
0x4037ba,0x28e837dec660
0x4037aa,0x270fe3f4728
0x4037ba,0xd79e62c13568
0x4037aa,0x270fe463128
0x4037aa,0x270fe41c528
0x4037aa,0x270fe465128
0x4037ba,0xd79e62b8bc88
0x4037ba,0xd79e62bd2e90
0x4037aa,0x270fe41e528
0x4037aa,0x270fe445328
0x4037ba,0xe8035e465a90
0x4037aa,0x270fe393d28
0x4037ba,0xd79e62ab1398
0x4037ba,0xd79e62ad0f90
0x4037ba,0x28e837cd31e8
0x4037aa,0x270fe405728
0x4037aa,0x270fe475128
0x4037ba,0xea20633dc50
0x4037aa,0x270fe479128
0x4037c1,0xd79e62c47230
0x4037aa,0x270fe414728
0x4037aa,0x270fe483128
0x4037ba,0x28e837ca5708
0x402c20,0xd79e62a6d798
0x4037aa,0xab2ecf3a2768
0x4037ba,0xe8035e4623f8
0x4037aa,0x270fe3f6768
0x4037c1,0xd79e62c45a98
0x4037ba,0x28e837c90fb0
0x4037c1,0x28e837d02768
0x4037ba,0x28e837e2b550
0x4037ba,0x28e837d3e538
0x4037aa,0x270fe402768
0x4037ba,0x28e837d2d7b8
0x4037aa,0xec9543a1bf68
0x4037ba,0xa2132195250
0x4037aa,0x270fe42b568
0x4037aa,0x270fe451368
0x4037aa,0x270fe39ed68
0x4037aa,0x270fe3a0d68
0x4037aa,0x270fe433568
0x4037c1,0xd79e62b1ed68
0x4037aa,0x270fe3d09a8
0x4037aa,0x270fe4601a8
0x4037ba,0xa213218b570
0x4037aa,0x270fe4611a8
0x4037aa,0x5829a70263a8
0x4037aa,0xd693287309a8
0x4037aa,0xaa4a5bd50fa8
0x4037ba,0xd79e62b96750
0x4037aa,0x270fe38cda8
0x4037ba,0xd79e62bc3138
0x4037ba,0x5829a6ed6c00
0x4037aa,0x270fe3d89a8
0x4037aa,0xec9543a10fa8
0x4037ba,0xa21321fa4c8
0x4037aa,0x270fe4463a8
0x4037aa,0xec9543a14fa8
0x4037c1,0xa2132208bb0
0x4037aa,0x270fe4265a8
0x4037aa,0x270fe44b3a8
0x4037ba,0xea2063098f0
0x4037aa,0x270fe3e09a8
0x4037aa,0xec9543a19fa8
0x4037ba,0x28e837d21c60
0x4037ba,0xd79e62b9a4d8
0x4037aa,0x270fe39bda8
0x4037aa,0x270fe4513a8
0x4037aa,0x270fe40d7a8
0x4037aa,0x270fe3c8ba8
0x4037ba,0xd79e62ba23d0
0x4037aa,0x270fe4801a8
0x4037aa,0x270fe4811a8
0x4037aa,0x270fe3f09a8
0x402c2d,0xd79e62b55138
0x4037aa,0xaa4a5bd4dfe8
0x4037aa,0x270fe4423e8
0x4037ba,0xa1abd8015240
0x4037ba,0xa213219bda0
0x4037aa,0x71aae01047e8
0x4037ba,0xd79e62afbdb0
0x4037aa,0x270fe46c1e8
0x4037ba,0x28e837ce11a0
0x4037ba,0xe930e6c11c40
0x4037aa,0xec9543a18fe8
0x4037aa,0x270fe3bebe8
0x4037aa,0x270fe4047e8
0x4037aa,0x270fe4731e8
0x4037aa,0x270fe4325e8
0x4029f8,0xd79e62b16408
0x4037aa,0x270fe467228
0x4037ba,0x28e837dab548
0x4037aa,0x270fe3b6c28
0x4037ba,0xea2062f1378
0x4037aa,0x270fe391e28
0x4037ba,0x28e837e2b3a8
0x4037c1,0xee30bb941180
0x4037ba,0x6c537033bf58
0x4037c1,0xd79e62bf25d8
0x4037aa,0x270fe3e7a28
0x4037aa,0x270fe456428
0x4037ba,0xe8035e4663a0
0x4037aa,0x270fe40e828
0x4037c1,0xa1abd80263a0
0x4037ba,0xd79e62ae2750
0x4037ba,0xd79e62ac0988
0x4037aa,0x270fe3b1c68
0x4037c1,0xa21321a7208
0x4037ba,0xe8035e467298
0x4037aa,0x270fe3bdc68
0x4037aa,0x270fe42c668
0x4037aa,0x270fe475268
0x4037aa,0x270fe3c1c68
0x4037aa,0x270fe3c7c68
0x4037ba,0x28e837d11e30
0x4037ba,0x28e837d411b8
0x4037aa,0x270fe3abca8
0x4037ba,0xa1abd803dc40
0x4037aa,0x270fe4672a8
0x4037ba,0x28e837dab3a8
0x4037aa,0x270fe392ea8
0x4037ba,0x28e837c90998
0x4037ba,0x28e837cf09b8
0x4037ba,0xd79e62b07cf0
0x4037ba,0xd79e62b13d28
0x4037aa,0x270fe3e5aa8
0x4037aa,0x8ec426c85aa8
0x4037aa,0x270fe3cbca8
0x4037ba,0x28e837db9130
0x4037ba,0xd79e62b96c30
0x4037ba,0xd79e62b6d7b8
0x4037ba,0xa21321d5108
0x4037aa,0x270fe392ee8
0x4037aa,0x270fe4008e8
0x4037ba,0x6c5370333d08
0x4037aa,0xecc2f02010e8
0x4037c1,0xea206301c78
0x4037ba,0xd79e62bd31d8
0x4037ba,0x28e837cc3138
0x4037aa,0x270fe4098e8
0x4037ba,0x28e837e0e808
0x4037aa,0x270fe3c7ce8
0x4037aa,0x270fe45a4e8
0x4037c1,0x28e837d87298
0x4037ba,0x28e837d410e8
0x4037aa,0x270fe43c528
0x4037aa,0x270fe485128
0x4037ba,0xd79e62a91e18
0x4037c1,0xd79e62b81c50
0x4037aa,0x270fe43e528
0x4037aa,0x270fe465328
0x4037aa,0x270fe3b3d28
0x4037ba,0xa1abd7fd3548
0x4037ba,0xd79e62b672a8
0x4037aa,0x270fe425728
0x4037aa,0xecc2f0203128
0x4037aa,0xecc2f0205128
0x4037ba,0xd79e62ac7288
0x4037c1,0xd79e62afa4f0
0x4037ba,0xa21322047c8
0x4037c1,0xea20631a4c0
0x4037aa,0xb4165f8d5128
0x4037aa,0x270fe434728
0x4037aa,0xb4165f8d9128
0x4037aa,0x270fe45c528
0x4037ba,0xd79e62bf9100
0x4037aa,0x270fe45e528
0x4029e0,0x5829a6ed0990
0x4029e0,0xd79e62c25130
0x4029e6,0xa1abd8050f88
0x4037aa,0x270fe416768
0x4037ba,0xd79e62beb570
0x4037ba,0x28e837e63128
0x4037ba,0x28e837d06390
0x4037aa,0x270fe422768
0x4037ba,0xa1abd8045a88
0x4037ba,0xea206316758
0x4037aa,0x270fe44b568
0x4037c1,0xa1abd7fe7220
0x4037aa,0x270fe471368
0x4037aa,0x270fe3bed68
0x4037c1,0xa21321b2ec0
0x4037aa,0x270fe39bf68
0x4037aa,0x270fe3c0d68
0x4037aa,0x270fe453568
0x4037ba,0xd79e62b010e8
0x4037ba,0x28e837e26590
0x4037aa,0x270fe436768
0x4037aa,0x270fe3acda8
0x4037aa,0x96b180079fa8
0x4037aa,0x5829a70265a8
0x4037c1,0xd79e62b95130
0x4037aa,0x270fe3f89a8
0x4037aa,0x270fe4663a8
0x4037c1,0xd79e62ac6588
0x4037aa,0x270fe390fa8
0x4037aa,0x270fe4465a8
0x4037aa,0x270fe46b3a8
0x4037ba,0xea206332ed8
0x4037aa,0x270fe394fa8
0x4037aa,0xecc2f02001a8
0x4037aa,0x270fe4009a8
0x4037aa,0xecc2f02011a8
0x4037aa,0x270fe3bbda8
0x4037aa,0x270fe4713a8
0x4037aa,0x270fe399fa8
0x4037aa,0x270fe42d7a8
0x4037aa,0x270fe3e8ba8
0x4037c1,0xd79e62accd90
0x4037ba,0xd79e62b98fd8
0x4037aa,0x270fe4109a8
0x4037ba,0x28e837e298c0
0x4037ba,0xd79e62bf1360
0x4037aa,0x270fe3ccda8
0x4037ba,0x41d09ea21198
0x4037aa,0xec9543a2dfe8
0x4037aa,0x270fe4623e8
0x4037ba,0x28e837d0e800
0x4037ba,0xd79e62c131c0
0x4037aa,0x270fe38dfe8
0x4037aa,0x8c6c7cac1e8
0x4037ba,0x28e837cd0fb0
0x4037ba,0xea2062c10c0
0x4037aa,0x270fe4247e8
0x4037c1,0x28e837d58998
0x4037aa,0x270fe3debe8
0x4037aa,0x270fe398fe8
0x4037c1,0xd79e62ace808
0x4037ba,0xd79e62ac7220
0x4037aa,0x270fe4525e8
0x4037ba,0xea20632c1e0
0x4037aa,0xecc2f020c1e8
0x4037c1,0xd79e62c47c58
0x4037ba,0x28e837e201a0
0x4037aa,0x270fe4823e8
0x4037aa,0x270fe487228
0x4037c1,0xea20630e828
0x4037aa,0x270fe3b1e28
0x4037aa,0x270fe3d6c28
0x4037ba,0x28e837e55258
0x4037ba,0x28e837dd3d08
0x4037aa,0xecc2f0207228
0x4037aa,0x270fe407a28
0x4037aa,0x270fe476428
0x4037aa,0x270fe42e828
0x4037ba,0xea206312e80
0x4037ba,0xd79e62bd3d38
0x4037ba,0xea2062d6778
0x4037c1,0x28e837d62768
0x4037aa,0x270fe3d1c68
0x4037ba,0xa21321b4718
0x4037c1,0xea2062fbf60
0x4037ba,0xe930e6c11350
0x4037aa,0x270fe3ddc68
0x4037aa,0x270fe44c668
0x4037aa,0x270fe3e1c68
0x4037aa,0x270fe3e7c68
0x4037aa,0xb4165f8d5268
0x4037aa,0x270fe3f1c68
0x4037c1,0x28e837d9dc68
0x4037ba,0xe8035e461188
0x4037aa,0x270fe4872a8
0x4037ba,0x28e837ce63b8
0x4037aa,0x270fe3b2ea8
0x4037c1,0xd79e62a99f80
0x4037ba,0xa2132207290
0x4037ba,0x28e837d823d8
0x4037c1,0xd79e62bf25d8
0x4037aa,0x270fe405aa8
0x4037aa,0xecc2f02072a8
0x4037aa,0x270fe3ebca8
0x4037ba,0x28e837d610e0
0x4037ba,0xe8035e4665a8
0x4037ba,0xa1abd8031c48
0x4037c1,0x28e837e10fb8
0x4037aa,0xb4165f8e10e8
0x4037aa,0x270fe3b2ee8
0x4037aa,0x270fe4208e8
0x4037c1,0xd79e62b9e510
0x4037ba,0xd79e62ae5118
0x4037c1,0xa1abd80113a8
0x4037c1,0xea2062cbc80
0x4037aa,0x270fe4298e8
0x4037aa,0x270fe3e7ce8
0x4037c1,0x28e837dfebe8
0x4037aa,0x270fe47a4e8
0x4037ba,0xd79e62b8bc88
0x4037aa,0x270fe485328
0x4037ba,0xd79e62b13570
0x4037aa,0x270fe3d3d28
0x4037ba,0xd79e62b25300
0x4037ba,0xa2132207228
0x4037aa,0xb4165f8e3128
0x4037ba,0xea206313d20
0x4037ba,0x28e837e53d10
0x4037ba,0xa1abd801dc68
0x4037aa,0xb4165f8e5128
0x4037aa,0x270fe445728
0x4037ba,0xd79e62b1c518
0x4037aa,0xecc2f0205328
0x4037ba,0x28e837dc23e8
0x4037c1,0x28e837dfe500
0x4037aa,0x270fe454728
0x4037aa,0xb4165f8f5128
0x4037aa,0x270fe47c528
0x4037aa,0xb4165f8f9128
0x4037ba,0xea2062be518
0x4037aa,0x270fe47e528
0x4037c1,0xee30bb941180
0x4037ba,0xa21321d5240
0x4037ba,0xa1abd8027210
0x4037aa,0x270fe442768
0x4037ba,0x28e837e39120
0x4037aa,0x270fe46b568
0x4037aa,0x270fe3ded68
0x4037aa,0x270fe3bbf68
0x4037ba,0xd79e62bc7cd8
0x4037aa,0x270fe3e0d68
0x4037ba,0xa2132196768
0x4037aa,0x270fe473568
0x4037ba,0xd79e62ac7288
0x4037ba,0x28e837d65128
0x4037aa,0x270fe456768
0x4037ba,0xd79e62b43100
0x4037ba,0xd79e62afdc50
0x4037ba,0xd79e62b45338
0x4037ba,0x28e837d223f8
0x4037aa,0x270fe4863a8
0x4037aa,0x270fe4189a8
0x4037aa,0xb4165f8e01a8
0x4037aa,0xb4165f8e11a8
0x4037aa,0x270fe3b0fa8
0x4037aa,0x270fe48b3a8
0x4037aa,0x270fe4665a8
0x4037aa,0x8c6c7cab3a8
0x4037aa,0x270fe3b4fa8
0x4037aa,0x270fe4209a8
0x4037ba,0x28e837d59128
0x4037aa,0x270fe3dbda8
0x4037aa,0x270fe3b9fa8
0x4037ba,0x28e837e52eb8
0x4037ba,0xd79e62b9a4d8
0x4037aa,0x270fe44d7a8
0x4037aa,0x71aae01b0fa8
0x4037aa,0xecc2f02063a8
0x4037ba,0xd79e62bcb3b8
0x4037ba,0x28e837cc23e0
0x4037c1,0x28e837cbe520
0x4037aa,0x270fe408ba8
0x4037aa,0xecc2f020b3a8
0x4037aa,0x270fe4309a8
0x4037aa,0x270fe3ecda8
0x4037ba,0xea20630dfe8
0x4037aa,0x270fe4389a8
0x4037aa,0x270fe3adfe8
0x4037aa,0x270fe4447e8
0x4037aa,0x270fe3b8fe8
0x4037ba,0x6c6f1e4c1c58
0x4037aa,0x270fe3febe8
0x4037ba,0xea2063210c0
0x4037ba,0x28e837e36770
0x4037aa,0xecc2f02023e8
0x4037aa,0xb4165f8ec1e8
0x4037aa,0x270fe4725e8
0x4037ba,0xd79e62c3c510
0x4037ba,0x28e837db9130
0x4037aa,0xb4165f8f31e8
0x4037ba,0x28e837ca5ab0
0x4037ba,0xe8035e4663a0
0x4037c1,0xea2062cb390
0x4037ba,0xa21321d5108
0x4037aa,0x270fe3cdfe8
0x4037ba,0x28e837e325d0
0x4037aa,0x270fe3d1e28
0x4037aa,0x270fe3f6c28
0x4037ba,0xa1abd803dc40
0x4037ba,0xe8035e465138
0x4037aa,0xb4165f8e7228
0x4037ba,0xd79e62a6cd80
0x4037aa,0x270fe427a28
0x4037ba,0xd79e62ad0f90
0x4037ba,0xd79e62a56c38
0x4037aa,0x270fe44e828
0x4037ba,0xea20632dfe8
0x4037aa,0xb4165f8d6428
0x4037ba,0xd79e62bbe510
0x4037aa,0x270fe3f1e28
0x4037ba,0xea2062d6438
0x4037ba,0x28e837dec1e8
0x4037ba,0xea20632c658
0x4037ba,0xd79e62a5bda8
0x4037ba,0xea2062f1c68
0x4037aa,0x270fe3fdc68
0x4037aa,0x270fe46c668
0x4037ba,0xe930e6c113b8
0x4037c1,0x5829a6ec72b0
0x4037ba,0xa1abd8007a38
0x4037c1,0x8ad3301bebe8
0x4037aa,0x270fe401c68
0x4037aa,0x270fe407c68
0x4037aa,0xb4165f8f5268
0x4037aa,0x270fe411c68
0x4037ba,0x28e837cadfd8
0x4037ba,0xd79e62b10988
0x4037aa,0x270fe3d2ea8
0x4037ba,0xd79e62bf1c50
0x4037ba,0x28e837d86588
0x4037aa,0xb4165f8e72a8
0x4037ba,0xd79e62bd6c08
0x4037aa,0x270fe425aa8
0x4037ba,0x28e837e36430
0x4037ba,0x28e837e601b0
0x4037ba,0xa21321d4fa0
0x4037ba,0xd79e62ae2750
0x4037aa,0x270fe40bca8
0x4037aa,0x270fe3f2ea8
0x4037aa,0xb4165f9010e8
0x4037aa,0x270fe3d2ee8
0x4037aa,0x270fe4408e8
0x4037ba,0xd79e62b672a8
0x4037ba,0xa1abd8012ee0
0x4037ba,0x28e837e53558
0x4037ba,0xa1abd8045130
0x4037aa,0x270fe4498e8
0x4037aa,0x270fe407ce8
0x4037ba,0x28e837d6e820
0x4037ba,0x28e837cf9138
0x4037ba,0xd79e62c498f8
0x4037ba,0xa1abd7fd8fd0
0x4037ba,0xc48ca9045ab8
0x4037aa,0xb4165f9210e8
0x4037aa,0xb4165f8da4e8
0x4037ba,0x28e837c95130
0x4037aa,0x270fe3f2ee8
0x4037aa,0x270fe3f3d28
0x4037aa,0xb4165f903128
0x4037aa,0xb4165f905128
0x4037aa,0x270fe465728
0x4037aa,0xb4165f8e5328
0x4037aa,0xecc2f01fe528
0x4037ba,0xd79e62af0998
0x4037ba,0xa1abd802dfc8
0x4037aa,0xb4165f915128
0x4037aa,0x270fe474728
0x4037c1,0x28e837cbe520
0x4037aa,0xb4165f919128
0x4037ba,0x28e837e298c0
0x4037ba,0x28e837d32ea8
0x4037aa,0x270fe413d28
0x4037aa,0xb4165f923128
0x4037ba,0x28e837cd31e8
0x4037aa,0xb4165f8dc528
0x4037aa,0xb4165f925128
0x4037ba,0xd79e62ba7298
0x4037aa,0x270fe462768
0x4037ba,0xd79e62c408e8
0x4037aa,0x270fe48b568
0x4037aa,0x8c6c7cab568
0x4037ba,0xd79e62b131c8
0x4037aa,0x270fe3dbf68
0x4037aa,0x270fe3fed68
0x4037aa,0x270fe400d68
0x4037c1,0xa1abd7fe7220
0x4037aa,0xb4165f8f1368
0x4037ba,0x28e837dd3d08
0x4037aa,0x270fe476768
0x4037aa,0xecc2f020b568
0x4037c1,0xa1abd7fd5278
0x4037aa,0x270fe482768
0x4037aa,0x270fe3d0fa8
0x4037aa,0xb4165f9001a8
0x4037aa,0xb4165f9011a8
0x4037aa,0x270fe4865a8
0x4037c1,0xa2132205330
0x4037aa,0xd69328730fa8
0x4037ba,0xd79e62be7c50
0x4037aa,0x270fe3d4fa8
0x4037aa,0x270fe4409a8
0x4037ba,0xea2063309b8
0x4037aa,0x270fe3fbda8
0x4037aa,0x270fe3d9fa8
0x4037aa,0xb4165f8e63a8
0x4037ba,0xa1abd8033d38
0x4037ba,0xa213218c668
0x4037aa,0x270fe46d7a8
0x4037ba,0xd79e62c331d0
0x4037aa,0xb4165f8eb3a8
0x4037ba,0x28e837d9bf58
0x4037aa,0x270fe428ba8
0x4037c1,0x6c6f1e4c7280
0x4037c1,0xa1abd8032e80
0x4037aa,0xecc2f02065a8
0x4037c1,0xd79e62a872a8
0x4037aa,0x270fe4509a8
0x4037aa,0xb4165f8f13a8
0x4037aa,0x270fe40cda8
0x4037aa,0x270fe4589a8
0x4037ba,0x28e837e63128
0x4037aa,0xb4165f9201a8
0x4037aa,0xb4165f9211a8
0x4037aa,0x7cb7319b89a8
0x4037aa,0x270fe3f0fa8
0x4037ba,0xd79e62ad0f90
0x4037aa,0x270fe4647e8
0x4037aa,0xb4165f8e23e8
0x4037ba,0x28e837e731d8
0x4037c1,0xa1abd801e500
0x4037aa,0x270fe41ebe8
0x4037aa,0x270fe3d8fe8
0x4037ba,0xa1abd802cd88
0x4037aa,0xd6fa9550dfe8
0x4037aa,0xb4165f90c1e8
0x4037ba,0xa7d08ad11378
0x4037aa,0xb4165f9131e8
0x4037ba,0xd79e62b13d28
0x4037ba,0x28e837cf1398
0x4037ba,0xd79e62a9ed48
0x4037ba,0xa1abd7fd3d00
0x4037ba,0xd79e62b423e8
0x4037ba,0x28e837d11e30
0x0,0xd79e62b31e38
0x4037aa,0x270fe3edfe8
0x4037c1,0xd79e62c4c1d0
0x4037c1,0xee30bb9447e8
0x4037ba,0xd79e62a78fe0
0x4037aa,0x270fe416c28
0x4037ba,0xa213218b570
0x4037ba,0xea206322750
0x4037ba,0xea2062f1378
0x4037aa,0xb4165f907228
0x4037ba,0xd79e62b010e8
0x4037ba,0xd79e62a70f90
0x4037aa,0x270fe447a28
0x4037aa,0x270fe46e828
0x4037ba,0xd79e62bc7c70
0x4037ba,0x28e837c90998
0x4037aa,0xb4165f8f6428
0x4037aa,0x270fe436c28
0x4037aa,0x270fe411e28
0x4037aa,0x270fe41dc68
0x4037ba,0x28e837e73d38
0x4037aa,0x8c6c7cac668
0x4037aa,0x270fe421c68
0x4037c1,0x28e837e80988
0x4037aa,0x270fe427c68
0x4037aa,0xb4165f915268
0x4037c1,0xea206303110
0x4037ba,0xd79e62bd31d8
0x4037ba,0x28e837cb1e10
0x4037aa,0xecc2f020c668
0x4037aa,0x270fe431c68
0x4037c1,0xd79e62accd90
0x4037ba,0xe8035e4623f8
0x4037ba,0xea206312ee8
0x4037ba,0x28e837c8dfd0
0x4037aa,0xb4165f9072a8
0x4037aa,0x270fe445aa8
0x4037ba,0x6c537034b540
0x4037ba,0x28e837e208f0
0x4037ba,0xd79e62aadfc8
0x4037aa,0x270fe42bca8
0x4037ba,0xa1abd8020d78
0x4037c1,0x28e837d525e8
0x4037aa,0x270fe412ea8
0x4037aa,0x270fe4608e8
0x4037ba,0xa21321e7ce8
0x4037ba,0xa21321e7a10
0x4037aa,0x270fe4698e8
0x4037ba,0xa2132207c50
0x4037aa,0x270fe427ce8
0x4037aa,0xb4165f9410e8
0x4037ba,0xd79e62ac7288
0x4037aa,0xb4165f8fa4e8
0x4037aa,0x270fe4808e8
0x4037aa,0x270fe412ee8
0x4037aa,0x270fe485728
0x4037aa,0xb4165f8de528
0x4037c1,0xea20633e530
0x4037ba,0x28e837e54720
0x4037aa,0xb4165f905328
0x4037ba,0xd79e62ae5730
0x4037ba,0xd79e62a56c38
0x4037ba,0x28e837df2e80
0x4037ba,0xd79e62a91c78
0x4037ba,0xd79e62a5bf48
0x4037aa,0xb4165f935128
0x4037ba,0xea2062d5130
0x4037ba,0x28e837d98fd0
0x4037aa,0xb4165f939128
0x4037aa,0xecc2f0205728
0x4037ba,0x28e837da8b88
0x4037aa,0x270fe433d28
0x4037aa,0xb4165f943128
0x4037aa,0xb4165f945128
0x4037aa,0xb4165f8fc528
0x4037aa,0xb4165f8fe528
0x4037ba,0xea2063131c0
0x4037ba,0xd79e62b05128
0x4037aa,0xb4165f925328
0x4037aa,0x270fe41ed68
0x4037aa,0x270fe3fbf68
0x4037ba,0x28e837cfebf0
0x4037aa,0x270fe420d68
0x4037ba,0x28e837d3ed58
0x4037aa,0xb4165f8eb568
0x4037aa,0xecc2f0202768
0x4037aa,0xb4165f911368
0x4037ba,0xd79e62b131c8
0x4037ba,0x28e837db9130
0x4037aa,0xb4165f8f3568
0x4037ba,0xd79e62c31390
0x4037aa,0xb4165f8d6768
0x4037ba,0x28e837ce11a0
0x4037aa,0x270fe4609a8
0x4037aa,0x270fe3f4fa8
0x4037ba,0x28e837e55120
0x4037aa,0x270fe41bda8
0x4037ba,0xd79e62b96410
0x4037aa,0xb4165f9063a8
0x4037aa,0x270fe3f9fa8
0x4037aa,0x8c6c7cad7a8
0x4037aa,0xb4165f8e65a8
0x4037aa,0xb4165f90b3a8
0x4037ba,0x6c537034b3a0
0x4037aa,0x270fe448ba8
0x4037aa,0xb4165f9113a8
0x4037aa,0x270fe4709a8
0x4037ba,0xd79e62a6cd80
0x4037aa,0x270fe42cda8
0x4037aa,0x270fe4789a8
0x4037ba,0x28e837e39120
0x4037aa,0xb4165f9401a8
0x4037aa,0xecc2f020d7a8
0x4037aa,0xb4165f9411a8
0x4037aa,0x270fe410fa8
0x4037ba,0x28e837cad7b8
0x4037aa,0x270fe4809a8
0x4037aa,0x270fe414fa8
0x4037aa,0x270fe43bda8
0x4037aa,0x270fe4847e8
0x4037aa,0xb4165f9023e8
0x4037aa,0x270fe43ebe8
0x4037ba,0x28e837dab3a8
0x4037aa,0x270fe3f8fe8
0x4037aa,0xb4165f92c1e8
0x4037ba,0x28e837e55258
0x4037ba,0x28e837d21c60
0x4037aa,0xb4165f9331e8
0x4037aa,0xecc2f02047e8
0x4037aa,0xb4165f8f25e8
0x4037ba,0x28e837cb1c70
0x4037c1,0x28e837dfebe8
0x4037aa,0x270fe40dfe8
0x4037aa,0xb4165f9223e8
0x4037aa,0x270fe45ebe8
0x4037ba,0x1a70aa8a47c0
0x4037ba,0xa21321a47c0
0x4037c1,0x28e837e1c510
0x4037aa,0xb4165f927228
0x4037aa,0x270fe467a28
0x4037ba,0xea206332ed8
0x4037aa,0x8c6c7cae828
0x4037c1,0x5829a6ec72b0
0x4037aa,0xb4165f916428
0x4037aa,0x270fe431e28
0x4037aa,0x270fe456c28
0x4037aa,0xecc2f020e828
0x4037ba,0x28e837c931f0
0x4037c1,0x28e837d52ed8
0x4037aa,0xb4165f947228
0x4037aa,0x270fe43dc68
0x4037ba,0x28e837c9c520
0x4037ba,0x28e837d5ebd8
0x4037aa,0x270fe441c68
0x4037ba,0xd79e62c2bc80
0x4037ba,0xd79e62ac7c48
0x4037ba,0xd79e62b2dfc8
0x4037aa,0x270fe447c68
0x4037aa,0xb4165f935268
0x4037aa,0xb4165f8ec668
0x4037aa,0x270fe451c68
0x4037ba,0xd79e62b71378
0x4037ba,0xa1abd8007c40
0x4037ba,0x28e837dd6c10
0x4037ba,0x28e837e50f88
0x4037aa,0x270fe45dc68
0x4037ba,0xd79e62b1bd98
0x4037aa,0xb4165f9272a8
0x4037aa,0x270fe465aa8
0x4037ba,0xd79e62a5bda8
0x4037aa,0x270fe44bca8
0x4037aa,0x270fe432ea8
0x4037aa,0xb4165f9472a8
0x4037ba,0xa1abd7ff9120
0x4037ba,0xd79e62b54f80
0x4037aa,0x270fe4898e8
0x4037ba,0xd79e62b25ab8
0x4037aa,0x270fe447ce8
0x4037ba,0x28e837d72eb8
0x4037ba,0xa1abd800cdb8
0x4037aa,0xecc2f02008e8
0x4037ba,0xd79e62bf1c50
0x4037c1,0xd79e62a872a8
0x4037aa,0xecc2f02098e8
0x4037aa,0xb4165f91a4e8
0x4037ba,0xd79e62b00990
0x4037aa,0xb4165f9610e8
0x4037aa,0x270fe432ee8
0x4037ba,0x28e837d989b8
0x4037aa,0xb4165f8e5728
0x4037ba,0xa213218e820
0x4037aa,0xb4165f955128
0x4037aa,0xb4165f959128
0x4037c1,0xd79e62afa4f0
0x4037aa,0x270fe453d28
0x4037aa,0xb4165f8f4728
0x4037ba,0xea206316c38
0x4037aa,0xb4165f91c528
0x4037aa,0xb4165f963128
0x4037aa,0xb4165f91e528
0x4037aa,0xb4165f965128
0x4037aa,0xb4165f945328
0x4037aa,0x270fe43ed68
0x4037aa,0x270fe41bf68
0x4037aa,0xb4165f8e2768
0x4037aa,0x270fe440d68
0x4037ba,0x28e837e731d8
0x4037ba,0xd79e62c131c0
0x4037aa,0xb4165f90b568
0x4037aa,0xb4165f931368
0x4037ba,0x6c5370333550
0x4037aa,0xb4165f913568
0x4037ba,0x28e837e408d0
0x4037aa,0xb4165f8f6768
0x4037aa,0x270fe45ed68
0x4037ba,0xea2062d6778
0x4037aa,0x270fe43bf68
0x4037aa,0xb4165f9263a8
0x4037aa,0x270fe419fa8
0x4037aa,0xb4165f92b3a8
0x4037aa,0xb4165f9065a8
0x4037aa,0x270fe468ba8
0x4037aa,0xb4165f9313a8
0x4037aa,0x71aadffcd7a8
0x4037aa,0xe7c8f4601a8
0x4037aa,0xecc2f02009a8
0x4037ba,0x28e837c9a4c0
0x4037aa,0x270fe44cda8
0x4037aa,0xb4165f8ed7a8
0x4037ba,0x28e837d59128
0x4037aa,0xb4165f9601a8
0x4037aa,0x270fe430fa8
0x4037aa,0xb4165f9611a8
0x4037ba,0x28e837c92ee0
0x4037aa,0x270fe434fa8
0x4037aa,0x270fe45bda8
0x4037aa,0xb4165f8d89a8
0x4037aa,0xb4165f9463a8
0x4037aa,0x270fe439fa8
0x4037c1,0xd79e62b801b0
0x4037ba,0xd79e62bcbca8
0x4037aa,0x270fe418fe8
0x4037aa,0xb4165f94c1e8
0x4037aa,0xb4165f8e47e8
0x4037aa,0xb4165f9531e8
0x4037ba,0xea206312ee8
0x4037ba,0xa1abd8015108
0x4037aa,0xb4165f9125e8
0x4037aa,0x270fe42dfe8
0x4037aa,0xb4165f9423e8
0x4037aa,0x270fe47ebe8
0x4037ba,0x28e837e0e808
0x4037aa,0x270fe438fe8
0x4037ba,0xd79e62b85700
0x4037ba,0x28e837e53d10
0x4037ba,0xd79e62a54f98
0x4037aa,0x270fe487a28
0x4037aa,0xbcd57ee47228
0x4037c1,0xd79e62b81c50
0x4037ba,0xd79e62badfe0
0x4037ba,0xa1abd80331d8
0x4037ba,0xea2063325e8
0x4037ba,0x6c6f1e4c1c58
0x4037aa,0xb4165f936428
0x4037ba,0xa1abd802c1c0
0x4037ba,0xd79e62b665b8
0x4037aa,0xb4165f8ee828
0x4037aa,0xecc2f0207a28
0x4037aa,0x270fe451e28
0x4037aa,0x270fe476c28
0x4037ba,0xa1abd800c668
0x4037aa,0x41d09ea87228
0x4037ba,0xa21322047c8
0x4037aa,0xb4165f967228
0x4037ba,0xea20633dc50
0x4037ba,0xea20632c1e0
0x4037ba,0xa213218c1f0
0x4037aa,0x270fe461c68
0x4037ba,0x6c6f1e4c10f8
0x4037c1,0xa1abd801e500
0x4037aa,0x270fe467c68
0x4037ba,0x28e837c8d7b0
0x4037aa,0xb4165f90c668
0x4037aa,0xb4165f955268
0x4037aa,0x270fe471c68
0x4037ba,0x28e837cc3138
0x4037c1,0xd79e62accd90
0x4037aa,0x270fe47dc68
0x4037ba,0xd79e62c35258
0x4037aa,0x270fe481c68
0x4037ba,0xd79e62a9e528
0x4037aa,0x270fe485aa8
0x4037c1,0x28e837e10fb8
0x4037aa,0xbcd57ee472a8
0x4037ba,0xd79e62af0998
0x4037aa,0x270fe46bca8
0x4037ba,0xd79e62bd3d38
0x4037ba,0xd79e62b663b0
0x4037aa,0xecc2f0205aa8
0x4037aa,0x270fe452ea8
0x4037ba,0xd79e62a56c38
0x4037aa,0x41d09ea872a8
0x4037aa,0xb4165f9672a8
0x4037ba,0xa1abd80109b8
0x4037aa,0xb4165f8e08e8
0x4037ba,0xa1abd7fd3548
0x4037ba,0xa2132195250
0x4037aa,0x270fe467ce8
0x4037ba,0xd79e62b2d7a8
0x4037ba,0xa21321b8980
0x4037aa,0xb4165f8e98e8
0x4037ba,0xea2063131c0
0x4037ba,0x28e837e51388
0x4037aa,0xb4165f93a4e8
0x4037ba,0xd79e62af4718
0x4037aa,0xb4165f9810e8
0x4037aa,0x270fe452ee8
0x4037ba,0xd79e62c4e808
0x4037aa,0xb4165f905728
0x4037ba,0xa1abd802cd88
0x4037aa,0xb4165f975128
0x4037ba,0x28e837cf1398
0x4037aa,0xb4165f979128
0x4037aa,0xb4165f914728
0x4037aa,0x270fe473d28
0x4037aa,0xb4165f93c528
0x4037aa,0xb4165f93e528
0x4037aa,0xb4165f983128
0x4037aa,0xb4165f985128
0x4037ba,0xa21322001b0
0x4037aa,0xb4165f965328
0x4037ba,0xd79e62c35120
0x4037aa,0xb4165f925728
0x4037ba,0x28e837e38ff0
0x4037aa,0x270fe460d68
0x4037aa,0xb4165f902768
0x4037ba,0xea2062cd780
0x4037aa,0xb4165f92b568
0x4037ba,0xd79e62a91c78
0x4037ba,0xd79e62ac7220
0x4037aa,0xb4165f951368
0x4037ba,0xd79e62b25710
0x4037ba,0xa2132207290
0x4037aa,0xb4165f933568
0x4037ba,0x28e837e731d8
0x4037ba,0x28e837e601b0
0x4037aa,0xb4165f916768
0x4037c1,0x28e837dfebe8
0x4037ba,0xd79e62a9ed48
0x4037aa,0x270fe47ed68
0x4037aa,0x270fe45bf68
0x4037aa,0x270fe480d68
0x4037aa,0xb4165f922768
0x4037ba,0xe8035e463118
0x4037aa,0xb4165f9265a8
0x4037aa,0xb4165f94b3a8
0x4037aa,0xb4165f8e09a8
0x4037aa,0x270fe488ba8
0x4037aa,0xb4165f9513a8
0x4037aa,0xb4165f90d7a8
0x4037aa,0x270fe46cda8
0x4037c1,0x28e837d58998
0x4037ba,0xd79e62bd31d8
0x4037c1,0xd79e62ace808
0x4037ba,0xa1abd8027210
0x4037aa,0xb4165f8f09a8
0x4037aa,0x270fe450fa8
0x4037aa,0xb4165f9801a8
0x4037aa,0xecc2f0208ba8
0x4037aa,0xb4165f9811a8
0x4037aa,0x270fe454fa8
0x4037ba,0xd79e62b91378
0x4037aa,0x270fe47bda8
0x4037aa,0xb4165f8f89a8
0x4037aa,0x270fe459fa8
0x4037c1,0x28e837d87298
0x4037aa,0xb4165f9663a8
0x4037ba,0xea2062d6438
0x4037aa,0xb4165f9465a8
0x4037ba,0x28e837d823d8
0x4037aa,0xb4165f96c1e8
0x4037ba,0x28e837dd3d08
0x4037aa,0xb4165f9047e8
0x4037ba,0xd79e62a931f8
0x4037aa,0xb4165f9731e8
0x4037aa,0xb4165f9325e8
0x4037aa,0xecc2f01febe8
0x4037c1,0x5829a6ec72b0
0x4037aa,0x270fe44dfe8
0x4037ba,0xd79e62b76778
0x4037ba,0x28e837c931f0
0x4037ba,0x28e837d11e30
0x4037aa,0xb4165f9623e8
0x4037aa,0x270fe458fe8
0x4037aa,0x7cb7319b8fe8
0x4037aa,0xb4165f98c1e8
0x4037aa,0xb4165f9247e8
0x4037c1,0xd79e62a68bb8
0x4037ba,0xd79e62ac7c48
0x4037ba,0x28e837e51c78
0x4037aa,0xb4165f8e7a28
0x4037ba,0xd79e62ac0988
0x4037aa,0xb4165f90e828
0x4037aa,0xb4165f956428
0x4037ba,0x5829a6ecb550
0x4037ba,0x28e837dec1e8
0x4037aa,0x270fe471e28
0x4037aa,0xb4165f987228
0x4037aa,0xb4165f8d6c28
0x4037ba,0x28e837cf09b8
0x4037aa,0x270fe487c68
0x4037aa,0xb4165f92c668
0x4037c1,0x6c6f1e4c0990
0x4037ba,0xd79e62a78fe0
0x4037aa,0xb4165f975268
0x4037aa,0xecc2f0201c68
0x4037c1,0xee30bb941180
0x4037ba,0x28e837ce11a0
0x4037aa,0xecc2f0207c68
0x4037ba,0xd79e62ae5730
0x4037ba,0x28e837d74f80
0x4037ba,0xd79e62a5bda8
0x4037c1,0x28e837d9dc68
0x4037ba,0xd79e62b8bc88
0x4037aa,0x270fe48bca8
0x4037aa,0x8c6c7cabca8
0x4037aa,0xb4165f8e5aa8
0x4037ba,0x28e837e201a0
0x4037ba,0xa1abd8045a88
0x4037ba,0xd79e62acd790
0x4037ba,0x6c5370333d08
0x4037aa,0x270fe472ea8
0x4037ba,0xd79e62b131c8
0x4037ba,0xa21321e1180
0x4037ba,0x28e837d610e0
0x4037aa,0xecc2f020bca8
0x4037aa,0xb4165f9872a8
0x4037c1,0xa1abd7fd5278
0x4037aa,0xb4165f9008e8
0x4037ba,0xd79e62bfbd98
0x4037aa,0x270fe487ce8
0x4037ba,0x28e837e55258
0x4037aa,0xb4165f9098e8
0x4037ba,0xd79e62b23108
0x4037ba,0xd79e62b423e8
0x4037aa,0x270fe472ee8
0x4037aa,0xb4165f95a4e8
0x4037aa,0xb4165f9a10e8
0x4037c1,0xd79e62a872a8
0x4037aa,0xecc2f0207ce8
0x4037ba,0x28e837d39f88
0x4037ba,0xd79e62addc40
0x4037aa,0xb4165f9208e8
0x4037ba,0xd79e62b13570
0x4037aa,0xb4165f995128
0x4037aa,0xb4165f999128
0x4037aa,0xb4165f934728
0x4037c1,0x28e837e80988
0x4037c1,0xa1abd7fe7220
0x4037aa,0x71d0d5925128
0x4037ba,0xd79e62b07cf0
0x4037aa,0xb4165f95c528
0x4037aa,0xb4165f9a3128
0x4037ba,0xd79e62b96410
0x4037aa,0xb4165f95e528
0x4037aa,0xb4165f9a5128
0x4037aa,0xb4165f985328
0x4037aa,0xb4165f945728
0x4037ba,0xa1abd8031358
0x4037aa,0xb4165f94b568
0x4037aa,0xbcd57eef1368
0x4037ba,0x28e837e408d0
0x4037aa,0xb4165f971368
0x4037ba,0xee30bb940198
0x4037aa,0xb4165f953568
0x4037ba,0xd79e62ab4fb8
0x4037ba,0xd79e62c131c0
0x4037aa,0xecc2f01fed68
0x4037aa,0xecc2f0200d68
0x4037c1,0x8ad3301bebe8
0x4037aa,0xb4165f936768
0x4037ba,0xd79e62b79f80
0x4037ba,0xa1abd8019110
0x4037ba,0x28e837e53d10
0x4037aa,0x270fe47bf68
0x4037aa,0xb4165f942768
0x4037c1,0xd79e62b047f8
0x4037aa,0xb4165f96b3a8
0x4037aa,0xb4165f9009a8
0x4037aa,0xbcd57eef13a8
0x4037aa,0xb4165f9713a8
0x4037ba,0xd79e62b98fd8
0x4037aa,0xb4165f92d7a8
0x4037aa,0x8c6c7cacda8
0x4037aa,0xb4165f8e8ba8
0x4037aa,0xb4165f9109a8
0x4037ba,0x28e837d9a4f0
0x4037aa,0x270fe470fa8
0x4037aa,0xb4165f9a01a8
0x4037c1,0x6c6f1e4c7280
0x4037aa,0xb4165f9a11a8
0x4037ba,0xd79e62bd31d8
0x4037aa,0x270fe474fa8
0x4037aa,0xb4165f9189a8
0x4037aa,0x270fe479fa8
0x4037aa,0xecc2f020cda8
0x4037aa,0xb4165f9863a8
0x4037ba,0x28e837cd31e8
0x4037ba,0xd79e62a6cd80
0x4037aa,0xb4165f9209a8
0x4037aa,0xb4165f9665a8
0x4037aa,0xb4165f98b3a8
0x4037ba,0x28e837d847d8
0x4037aa,0xb4165f8dbda8
0x4037aa,0xb4165f8debe8
0x4037aa,0xb4165f9931e8
0x4037aa,0xb4165f9525e8
0x4037ba,0xd79e62b05128
0x4037ba,0xa1abd803dc40
0x4037aa,0x270fe46dfe8
0x4037ba,0x28e837cd0998
0x4037aa,0xb4165f9823e8
0x4037aa,0x270fe478fe8
0x4037aa,0x8ec426c847e8
0x4037ba,0xd79e62b9bf78
0x4037aa,0xb4165f9ac1e8
0x4037aa,0xb4165f9447e8
0x4037ba,0xea206312e80
0x4037c1,0xab2ecf49bd98
0x4037ba,0xd79e62ad0f90
0x4037aa,0xb4165f8febe8
0x4037ba,0x28e837d3ed58
0x4037aa,0xb4165f907a28
0x4037aa,0xb4165f92e828
0x4037ba,0xd79e62b4e828
0x4037c1,0xa1abd8038ff0
0x4037aa,0xb4165f976428
0x4037ba,0x28e837db9130
0x4037aa,0xb4165f9a7228
0x4037aa,0xb4165f8f6c28
0x4037aa,0xb4165f8ddc68
0x4037aa,0xb4165f94c668
0x4037aa,0xb4165f8e1c68
0x4037aa,0xb4165f995268
0x4037c1,0x98f5690ddc58
0x4037c1,0xa21321a7208
0x4037c1,0xd79e62c27208
0x4037ba,0xa1abd8027210
0x4037aa,0xb4165f8e7c68
0x4037ba,0xd79e62af0fb0
0x4037ba,0x28e837cd5268
0x4037aa,0xb4165f8f1c68
0x4037ba,0x28e837dd6c10
0x4037aa,0xb4165f8fdc68
0x4037ba,0xd79e62b96750
0x4037ba,0xd79e62b01c48
0x4037c1,0xa2132205330
0x4037ba,0x28e837d6e820
0x4037aa,0xb4165f905aa8
0x4037ba,0x28e837cd5130
0x4037aa,0xb4165f8ebca8
0x4037c1,0xd79e62b75270
0x4037ba,0xa21321d4718
0x4037ba,0xd79e62c3c510
0x4037aa,0xb4165f9a72a8
0x4037ba,0xa1abd7fd3548
0x4037c1,0x28e837d52ed8
0x4037c1,0x5829a6ed9fa0
0x4037ba,0x28e837e0e808
0x4037c1,0xee30bb9447e8
0x4037ba,0xea20633dc50
0x4037aa,0xb4165f925aa8
0x4037ba,0xe8035e45bf40
0x4037aa,0xf64cac98e8
0x4037aa,0xb4165f9298e8
0x4037ba,0x28e837e38ff0
0x4037ba,0xd79e62b54f80
0x4037aa,0xb4165f8e7ce8
0x4037aa,0xb4165f9c10e8
0x4037aa,0xb4165f97a4e8
0x4037ba,0x28e837d2dfd8
0x4037ba,0xea2062c10c0
0x4037ba,0xea20631dc58
0x4037c1,0xd79e62afa4f0
0x4037aa,0xb4165f9408e8
0x4037aa,0xb4165f9498e8
0x4037aa,0xb4165f9b5128
0x4037ba,0xd79e62ba23d0
0x4037ba,0xea206316c38
0x4037aa,0xb4165f9b9128
0x4037aa,0xb4165f954728
0x4037aa,0xb4165f9c3128
0x4037aa,0xb4165f97c528
0x4037aa,0x71d0d5925328
0x4037aa,0xb4165f9c5128
0x4037aa,0xb4165f97e528
0x4037aa,0xb4165f9a5328
0x4037aa,0xb4165f8f3d28
0x4037aa,0xb4165f965728
0x4037aa,0xb4165f9d5128
0x4037aa,0xb4165f96b568
0x4037aa,0xb4165f8ded68
0x4037aa,0xb4165f991368
0x4037aa,0xb4165f8e0d68
0x4037ba,0xd79e62c2b390
0x4037ba,0xea2062f1378
0x4037ba,0xd79e62be1180
0x4037ba,0x28e837cbc520
0x4037aa,0xb4165f973568
0x4037ba,0xd79e62a91388
0x4037aa,0xb4165f956768
0x4037ba,0xc48ca9045300
0x4037ba,0xea20632dfe8
0x4037ba,0xa1abd803dc40
0x4037c1,0xea206318980
0x4037aa,0xb4165f962768
0x4037ba,0xa21321b4718
0x4037ba,0xa1abd7ffc530
0x4037ba,0x28e837c95268
0x4037aa,0xb4165f98b568
0x4037aa,0xb4165f8fed68
0x4037aa,0xb4165f9b1368
0x4037aa,0xb4165f8dbf68
0x4037c1,0xea2062ed7a8
0x4037ba,0xe8035e463118
0x4037aa,0xb4165f9913a8
0x4037aa,0xb4165f94d7a8
0x4037ba,0x28e837dc63b8
0x4037c1,0x6c537033a4c8
0x4037aa,0xb4165f908ba8
0x4037aa,0xb4165f9309a8
0x4037ba,0x6c6f1e4ce830
0x4037aa,0xb4165f9c01a8
0x4037aa,0xb4165f9c11a8
0x4037aa,0xb4165f8ecda8
0x4037aa,0xb4165f9389a8
0x4037c1,0xd79e62ace808
0x4037aa,0xb4165f9a63a8
0x4037ba,0x28e837dc8b90
0x4037ba,0xea2062d6778
0x4037aa,0xb4165f9409a8
0x4037ba,0xd79e62ac7288
0x4037aa,0xb4165f9865a8
0x4037aa,0xb4165f9ab3a8
0x4037ba,0x28e837d5ed78
0x4037aa,0xb4165f8fbda8
0x4037aa,0xb4165f8d9fa8
0x4037aa,0xb4165f9b13a8
0x4037ba,0xd79e62b91e08
0x4037aa,0xb4165f9b31e8
0x4037ba,0x28e837e54720
0x4037aa,0xb4165f9725e8
0x4037aa,0x8c6c7cadfe8
0x4037ba,0xa1abd8005ab8
0x4037c1,0xd79e62b87218
0x4037ba,0xd79e62c2bc80
0x4037aa,0xb4165f9a23e8
0x4037ba,0xa21321f5130
0x4037ba,0x28e837e601b0
0x4037aa,0xb4165f9cc1e8
0x4037ba,0xa1abd7fd6778
0x4037aa,0xecc2f020dfe8
0x4037ba,0x28e837e2bc98
0x4037aa,0xb4165f91ebe8
0x4037aa,0xb4165f9647e8
0x4037ba,0x28e837ce11a0
0x4037aa,0xb4165f8d8fe8
0x4037aa,0xb4165f9d31e8
0x4037c1,0x28e837d9dc68
0x4037aa,0xb4165f927a28
0x4037ba,0xd79e62aa63b0
0x4037aa,0xb4165f94e828
0x4037ba,0x6c537034b540
0x4037aa,0xb4165f996428
0x4037ba,0x28e837dab3a8
0x4037aa,0xb4165f9c7228
0x4037aa,0xb4165f916c28
0x4037ba,0xd79e62b23108
0x4037aa,0xb4165f8f1e28
0x4037aa,0xb4165f947a28
0x4037aa,0xb4165f96c668
0x4037aa,0xb4165f901c68
0x4037ba,0x28e837cf9138
0x4037aa,0xb4165f9b5268
0x4037ba,0xd79e62bbebf8
0x4037c1,0xa1abd801e500
0x4037aa,0xb4165f907c68
0x4037ba,0x5829a6ec2750
0x4037ba,0x28e837d21c60
0x4037aa,0xb4165f911c68
0x4037ba,0xa1abd8045130
0x4037ba,0x28e837d85aa0
0x4037aa,0xb4165f91dc68
0x4037d3,0xd79e62b31e38
0x4037aa,0xb4165f921c68
0x4037aa,0xb4165f98c668
0x4037aa,0xb4165f9d5268
0x4037ba,0xd79e62bd3d38
0x4037ba,0xea206316418
0x4037ba,0xa1abd8031c48
0x4037ba,0x28e837d98fd0
0x4037aa,0xb4165f90bca8
0x4037c1,0xa2132208bb0
0x4037c1,0xa1abd8032e80
0x4037ba,0x28e837e55120
0x4037aa,0xb4165f9c72a8
0x4037aa,0xb4165f8f2ea8
0x4037ba,0x28e837d65128
0x4037ba,0xd79e62a5bda8
0x4037aa,0xb4165f945aa8
0x4037c1,0xd79e62b22770
0x4037ba,0xd79e62a91e18
0x4037aa,0xb4165f907ce8
0x4037ba,0xd79e62b447e0
0x4037aa,0xb4165f9e10e8
0x4037aa,0xb4165f99a4e8
0x4037ba,0xe8035e467c58
0x4037aa,0xe7c8f4608e8
0x4037aa,0xb4165f8f2ee8
0x4037aa,0xb4165f9608e8
0x4037c1,0x28e837dfebe8
0x4037ba,0xd79e62b00990
0x4037ba,0xe8035e467298
0x4037ba,0x5829a6ef1e18
0x4037c1,0xd79e62c47230
0x4037aa,0xb4165f9698e8
0x4037ba,0x28e837cb3d20
0x4037aa,0xb4165f9d9128
0x4037ba,0x6c537034b3a0
0x4037aa,0xb4165f974728
0x4037aa,0xb4165f9e3128
0x4037aa,0xb4165f99c528
0x4037aa,0xb4165f9e5128
0x4037aa,0xb4165f99e528
0x4037ba,0xa2132195250
0x4037aa,0xb4165f913d28
0x4037aa,0xb4165f9c5328
0x4037ba,0xe8035e4665a8
0x4037aa,0xb4165f985728
0x4037aa,0xb4165f9f5128
0x4037aa,0xb4165f9f9128
0x4037ba,0x28e837d823d8
0x4037aa,0xb4165f900d68
0x4037c1,0x28e837d25a90
0x4037ba,0xd79e62a70f90
0x4037ba,0xd79e62a91c78
0x4037aa,0xb4165f993568
0x4037ba,0x28e837cd31e8
0x4037ba,0xea2063325e8
0x4037aa,0xb4165f976768
0x4037ba,0xe8035e467cc0
0x4037ba,0x6c5370333550
0x4037aa,0xb4165f982768
0x4037aa,0xb4165f9ab568
0x4037aa,0xb4165f91ed68
0x4037aa,0xb4165f920d68
0x4037aa,0xb4165f9d1368
0x4037aa,0xb4165f8fbf68
0x4037ba,0xd79e62af4fa0
0x4037ba,0x28e837cc23e0
0x4037ba,0xd79e62c18988
0x4037aa,0xb4165f96d7a8
0x4037aa,0xb4165f928ba8
0x4037ba,0xea2062cd780
0x4037ba,0x28e837ce63b8
0x4037aa,0xb4165f9509a8
0x4037aa,0xb4165f9e01a8
0x4037aa,0xb4165f9e11a8
0x4037ba,0x28e837cb6770
0x4037c1,0xd79e62b9e510
0x4037aa,0xb4165f90cda8
0x4037ba,0x28e837d86588
0x4037aa,0xe7c8f4609a8
0x4037ba,0xa21321b4fa0
0x4037c1,0xd79e62bf25d8
0x4037aa,0xb4165f9589a8
0x4037ba,0xa2132195118
0x4037ba,0xd79e62b05a80
0x4037aa,0xb4165f9c63a8
0x4037aa,0xb4165f8f0fa8
0x4037aa,0xb4165f9a65a8
0x4037aa,0xb4165f9cb3a8
0x4037aa,0xb4165f9609a8
0x4037aa,0xb4165f8f4fa8
0x4037aa,0xb4165f91bda8
0x4037ba,0x28e837cf1398
0x4037ba,0xd79e62a5bf48
0x4037aa,0xb4165f8f9fa8
0x4037aa,0xb4165f9d13a8
0x4037aa,0xb4165f948ba8
0x4037aa,0xb4165f98d7a8
0x4037ba,0xd79e62bf1c50
0x4037aa,0xb4165f9925e8
0x4037ba,0xd79e62b76778
0x4037ba,0xd79e62af4718
0x4037ba,0xd79e62b54f80
0x4037ba,0xa1abd802c1c0
0x4037aa,0x71aadffcdfe8
0x4037ba,0xd79e62c42748
0x4037aa,0xb4165f9c23e8
0x4037aa,0xb4165f8edfe8
0x4037c1,0x28e837e56748
0x4037ba,0x28e837dd3d08
0x4037aa,0xb4165f9ec1e8
0x4037aa,0xb4165f93ebe8
0x4037aa,0xb4165f9847e8
0x4037aa,0xb4165f9f31e8
0x4037aa,0xb4165f8f8fe8
0x4037ba,0x28e837d5ebd8
0x4037aa,0xb4165f9b25e8
0x4037ba,0xd79e62c40198
0x4037aa,0xb4165f96e828
0x4037aa,0xb4165f9b6428
0x4037aa,0xbcd57ee47a28
0x4037c1,0xea20630e828
0x4037ba,0x28e837e63128
0x4037ba,0xd79e62bc7cd8
0x4037ba,0xe8035e465138
0x4037ba,0x28e837dec660
0x4037c1,0x28e837d36740
0x4037c1,0xd79e62bac670
0x4037ba,0xa1abd7fd3d00
0x4037aa,0xb4165f936c28
0x4037aa,0xb4165f9e7228
0x4037aa,0xb4165f911e28
0x4037ba,0x28e837e73d38
0x4037c1,0xd79e62accd90
0x4037aa,0x41d09ea87a28
0x4037aa,0xb4165f967a28
0x4037aa,0xb4165f98e828
0x4037ba,0xd79e62bd31d8
0x4037ba,0x1a70aa8a47c0
0x4037aa,0xb4165f927c68
0x4037ba,0xa213218d798
0x4037aa,0xb4165f931c68
0x4037c1,0xa1abd8038ff0
0x4037ba,0xa21321f5268
0x4037ba,0x28e837d6e820
0x4037aa,0xb4165f93dc68
0x4037ba,0xd79e62abed60
0x4037aa,0xb4165f941c68
0x4037aa,0xb4165f9ac668
0x4037aa,0xb4165f9f5268
0x4037ba,0xea20633dc50
0x4037aa,0xb4165f947c68
0x4037aa,0xb4165f92bca8
0x4037ba,0xd79e62b76438
0x4037ba,0xea2063047f0
0x4037ba,0x28e837cb6430
0x4037ba,0xd79e62b07cf0
0x4037c1,0x28e837e80988
0x4037aa,0xb4165f9e72a8
0x4037c1,0xd79e62bc08f8
0x4037ba,0x28e837d86380
0x4037aa,0xb4165f912ea8
0x4037ba,0xea2063131c0
0x4037c1,0xd79e62a872a8
0x4037aa,0xb4165f965aa8
0x4037aa,0xb4165f927ce8
0x4037aa,0xb4165fa010e8
0x4037aa,0xb4165f9ba4e8
0x4037ba,0x28e837d010c0
0x4037ba,0x80a6dabf6430
0x4037ba,0xd79e62a9c538
0x4037aa,0xb4165f912ee8
0x4037aa,0xb4165f9808e8
0x4037ba,0xd79e62b6c1d8
0x4037c1,0x28e837d52ed8
0x4037ba,0xea2063210c0
0x4037c1,0x28e837d62768
0x4037aa,0xb4165f9898e8
0x4037ba,0x28e837c90998
0x4037aa,0xb4165f947ce8
0x4037ba,0x28e837c90fb0
0x4037aa,0xb4165f994728
0x4037aa,0xb4165fa03128
0x4037aa,0xb4165f9bc528
0x4037aa,0xb4165fa05128
0x4037aa,0xb4165f9be528
0x4037aa,0xb4165f933d28
0x4037aa,0xb4165f9e5328
0x4037aa,0x71aae001c528
0x4037ba,0x28e837dbc538
0x4037aa,0x71d0d5925728
0x4037aa,0xb4165f9a5728
0x4037aa,0xb4165fa15128
0x4037ba,0xa1abd80331d8
0x4037aa,0xb4165fa19128
0x4037ba,0xa1abd8027210
0x4037ba,0xd79e62ba23d0
0x4037aa,0xb4165f9b3568
0x4037c1,0xa21321a6598
0x4037aa,0xb4165f996768
0x4037ba,0xd79e62c35258
0x4037ba,0x28e837e36770
0x4037c1,0xa21321b2ec0
0x4037aa,0xb4165f9a2768
0x4037c1,0xea206301c78
0x4037aa,0xb4165f93ed68
0x4037aa,0xb4165f9cb568
0x4037aa,0xb4165f9f1368
0x4037aa,0xb4165f91bf68
0x4037aa,0xb4165f940d68
0x4037ba,0xe930e6c11350
0x4037c1,0xd79e62b047f8
0x4037ba,0xd79e62ac5330
0x4037aa,0xb4165f9d3568
0x4037c1,0xd79e62b81c50
0x4037ba,0xd79e62b4e828
0x4037aa,0xb4165fa001a8
0x4037aa,0xb4165fa011a8
0x4037aa,0xb4165f9709a8
0x4037aa,0xb4165f92cda8
0x4037ba,0x28e837d847d8
0x4037c1,0xa7d08ad14708
0x4037aa,0xb4165f9789a8
0x4037aa,0xb4165f9e63a8
0x4037aa,0xb4165f910fa8
0x4037aa,0xb4165f914fa8
0x4037aa,0xb4165f9c65a8
0x4037ba,0x28e837d5ed78
0x4037aa,0xb4165f9eb3a8
0x4037aa,0xb4165f93bda8
0x4037aa,0xb4165f9809a8
0x4037aa,0xb4165f919fa8
0x4037aa,0xb4165f9f13a8
0x4037aa,0xb4165f9ad7a8
0x4037ba,0x28e837d74f80
0x4037aa,0xb4165f968ba8
0x4037ba,0x28e837e51c78
0x4037ba,0xd79e62be8b90
0x4037ba,0x28e837e525c8
0x4037ba,0xd79e62bc7a00
0x4037ba,0xd79e62c3c510
0x4037ba,0xea2062cd780
0x4037ba,0xa1abd802cd88
0x4037aa,0xb4165f9e23e8
0x4037aa,0xb4165f90dfe8
0x4037ba,0xd79e62a56c38
0x4037aa,0xb4165fa0c1e8
0x4037ba,0xd79e62b05330
0x4037aa,0xb4165f9a47e8
0x4037ba,0xd79e62b9bf78
0x4037aa,0xb4165f95ebe8
0x4037aa,0xb4165f918fe8
0x4037aa,0xb4165fa131e8
0x4037aa,0xb4165f9d25e8
0x4037aa,0xb4165f9d6428
0x4037ba,0xea2063125f8
0x4037c1,0x28e837e10fb8
0x4037ba,0xd79e62c409b8
0x4037ba,0xd79e62ac7288
0x4037aa,0xb4165fa07228
0x4037aa,0xb4165f931e28
0x4037aa,0xb4165f956c28
0x4037ba,0x28e837db9130
0x4037ba,0xd79e62ae5730
0x4037aa,0xb4165f987a28
0x4037aa,0xb4165f9f6428
0x4037aa,0xb4165f9ae828
0x4037c1,0xee30bb9447e8
0x4037ba,0xc48ca9045300
0x4037aa,0xbcd57ee47c68
0x4037ba,0xa1abd8019fb0
0x4037ba,0xd79e62afebe0
0x4037aa,0xb4165f951c68
0x4037c1,0xd79e62bc8b88
0x4037ba,0xd79e62b79f80
0x4037ba,0x28e837cb6770
0x4037ba,0xd79e62addc40
0x4037aa,0xb4165f95dc68
0x4037aa,0xb4165f961c68
0x4037aa,0xb4165fa15268
0x4037aa,0xb4165f9cc668
0x4037aa,0x41d09ea87c68
0x4037ba,0xe930e6be3118
0x4037ba,0x28e837cc23e0
0x4037aa,0xb4165f967c68
0x4037ba,0xd79e62be1c78
0x4037aa,0xb4165f94bca8
0x4037ba,0xa1abd800c668
0x4037ba,0x28e837dec1e8
0x4037aa,0xb4165fa072a8
0x4037ba,0xd79e62af6760
0x4037aa,0xb4165f932ea8
0x4037c1,0xd79e62ace808
0x4037ba,0xa21321e7ce8
0x4037aa,0xb4165f985aa8
0x4037aa,0xb4165fa210e8
0x4037aa,0xbcd57ee47ce8
0x4037aa,0xb4165f9da4e8
0x4037ba,0xa2132195250
0x4037aa,0x5438459610e8
0x4037ba,0xea206316418
0x4037ba,0xe8035e467298
0x4037aa,0xb4165f932ee8
0x4037ba,0xd79e62ad4720
0x4037aa,0xb4165f9a08e8
0x4037aa,0xb4165f9a98e8
0x4037aa,0x41d09ea87ce8
0x4037aa,0xb4165f967ce8
0x4037aa,0xb4165f9fa4e8
0x4037aa,0xb4165fa410e8
0x4037c1,0x28e837d1a4e0
0x4037aa,0xb4165f9b4728
0x4037aa,0xb4165fa23128
0x4037aa,0xb4165fa25128
0x4037aa,0xb4165f9dc528
0x4037ba,0xea206321190
0x4037aa,0xb4165f9de528
0x4037aa,0xb4165fa05328
0x4037c1,0xea2062fbf60
0x4037aa,0xb4165f953d28
0x4037ba,0xa21321b4fa0
0x4037ba,0xa1abd7fd3548
0x4037aa,0xb4165f9c5728
0x4037ba,0xd79e62c2b390
0x4037aa,0xb4165fa35128
0x4037ba,0xea2062d6438
0x4037aa,0xb4165fa39128
0x4037ba,0xd79e62a6cd80
0x4037ba,0xd79e62b07cf0
0x4037aa,0xb4165f9d4728
0x4037ba,0x28e837dd6c10
0x4037ba,0x28e837d98fd0
0x4037aa,0xb4165f9b6768
0x4037ba,0xa1abd8043108
0x4037aa,0xe7c8f460d68
0x4037ba,0xa1abd801dc68
0x4037ba,0x28e837e36430
0x4037aa,0xb4165f9c2768
0x4037aa,0xb4165f9eb568
0x4037aa,0xb4165fa11368
0x4037aa,0xb4165f93bf68
0x4037aa,0xb4165f95ed68
0x4037aa,0xb4165f960d68
0x4037aa,0xb4165f9f3568
0x4037ba,0x28e837cd0998
0x4037ba,0x28e837e51388
0x4037ba,0xd79e62a9ed48
0x4037aa,0xb4165fa201a8
0x4037ba,0xa2132196428
0x4037aa,0xb4165fa211a8
0x4037aa,0xb4165f9909a8
0x4037aa,0xb4165f94cda8
0x4037ba,0x28e837cf9138
0x4037c1,0xd79e62b95130
0x4037ba,0xea206312e80
0x4037ba,0xd79e62b011b8
0x4037aa,0x5438459611a8
0x4037aa,0xb4165f9989a8
0x4037aa,0xb4165fa063a8
0x4037c1,0xd79e62a99f80
0x4037aa,0xb4165f930fa8
0x4037ba,0xd79e62b25300
0x4037aa,0xb4165f934fa8
0x4037aa,0xb4165fa0b3a8
0x4037c1,0xa2132208bb0
0x4037aa,0xb4165f9e65a8
0x4037c1,0xd79e62a73550
0x4037aa,0xb4165f9a09a8
0x4037aa,0xb4165f939fa8
0x4037aa,0xb4165f95bda8
0x4037aa,0xb4165fa113a8
0x4037aa,0xb4165f9cd7a8
0x4037aa,0xb4165f988ba8
0x4037ba,0xd79e62afdc50
0x4037aa,0xb4165f9b09a8
0x4037c1,0xd79e62b801b0
0x4037aa,0xb4165fa401a8
0x4037aa,0xb4165fa411a8
0x4037aa,0x71aae01731e8
0x4037aa,0xb4165fa023e8
0x4037c1,0xd79e62c45a98
0x4037aa,0xb4165f92dfe8
0x4037ba,0x28e837cad7b8
0x4037ba,0xd79e62b73540
0x4037aa,0xb4165fa2c1e8
0x4037ba,0x6c6f1e4c1c58
0x4037aa,0xb4165f9c47e8
0x4037aa,0xb4165f938fe8
0x4037ba,0x28e837d21c60
0x4037aa,0xb4165f97ebe8
0x4037ba,0xd79e62c33d30
0x4037ba,0xd79e62aa63b0
0x4037aa,0xb4165fa331e8
0x4037aa,0xb4165f9f25e8
0x4037c1,0xd79e62b047f8
0x4037c1,0x28e837d87298
0x4037aa,0xb4165f951e28
0x4037aa,0xb4165fa27228
0x4037ba,0x28e837d32ea8
0x4037aa,0xb4165f976c28
0x4037c1,0x6c6f1e4c7280
0x4037ba,0x28e837ce10d0
0x4037aa,0xb4165f9a7a28
0x4037aa,0xb4165fa16428
0x4037aa,0xb4165f9ce828
0x4037ba,0xa21321d5240
0x4037ba,0x28e837d9a4f0
0x4037aa,0xbcd57eef1c68
0x4037ba,0xd79e62c40d60
0x4037aa,0xb4165f971c68
0x4037ba,0xea2062c10c0
0x4037aa,0xb4165f97dc68
0x4037aa,0xb4165f9ec668
0x4037ba,0x28e837e298c0
0x4037aa,0xb4165f981c68
0x4037aa,0xb4165fa35268
0x4037ba,0xd79e62b33540
0x4037aa,0xb4165f987c68
0x4037ba,0xa1abd8005710
0x4037aa,0xb4165f96bca8
0x4037ba,0xd79e62b010e8
0x4037ba,0x28e837e52eb8
0x4037aa,0xb4165fa272a8
0x4037aa,0xb4165f952ea8
0x4037aa,0x71d0d5925aa8
0x4037aa,0xb4165f9a5aa8
0x4037aa,0xb4165f98bca8
0x4037aa,0x8ec426d010e8
0x4037c1,0xa1abd801e500
0x4037ba,0xea2063309b8
0x4037aa,0xb4165f952ee8
0x4037ba,0x28e837e2b3a8
0x4037aa,0xb4165f9c08e8
0x4037ba,0xa21321b4718
0x4037ba,0xa1abd8023120
0x4037aa,0xb4165f9c98e8
0x4037aa,0xb4165f987ce8
0x4037c1,0xd79e62c47230
0x4037aa,0xb4165fa1a4e8
0x4037aa,0xb4165fa610e8
0x4037ba,0xa1abd7fe47d8
0x4037c1,0x28e837d9dc68
0x4037ba,0xd79e62abed60
0x4037aa,0xb4165f9fc528
0x4037aa,0xb4165fa43128
0x4037aa,0xb4165f9fe528
0x4037ba,0x28e837de98e0
0x4037aa,0xb4165fa45128
0x4037aa,0xb4165fa25328
0x4037ba,0xd79e62b96410
0x4037aa,0xb4165f973d28
0x4037ba,0x28e837cd31e8
0x4037aa,0xb4165f9e5728
0x4037aa,0xb4165fa55128
0x4037c1,0xd79e62afa4f0
0x4037aa,0xb4165fa59128
0x4037aa,0xb4165f9f4728
0x4037c1,0x28e837d62768
0x4037ba,0x28e837e601b0
0x4037aa,0xb4165fa1c528
0x4037aa,0xb4165fa1e528
0x4037aa,0xb4165fa63128
0x4037aa,0xb4165f9d6768
0x4037ba,0xd79e62bc7c70
0x4037aa,0xb4165f9e2768
0x4037aa,0xb4165fa0b568
0x4037ba,0xd79e62addc40
0x4037aa,0xb4165f97ed68
0x4037aa,0xb4165f95bf68
0x4037aa,0xb4165fa31368
0x4037aa,0xb4165f980d68
0x4037aa,0xb4165fa13568
0x4037ba,0x28e837c95268
0x4037aa,0xb4165f9f6768
0x4037ba,0x28e837d74f80
0x4037aa,0x8ec426d011a8
0x4037aa,0xb4165f96cda8
0x4037ba,0x28e837e32eb8
0x4037aa,0xb4165f9b89a8
0x4037aa,0xb4165fa263a8
0x4037aa,0xb4165f950fa8
0x4037aa,0xb4165fa065a8
0x4037aa,0xb4165f954fa8
0x4037ba,0xa1abd7fd3548
0x4037aa,0xb4165fa2b3a8
0x4037aa,0xb4165f9c09a8
0x4037ba,0xd79e62b08b88
0x4037aa,0xb4165f97bda8
0x4037aa,0xb4165f959fa8
0x4037aa,0xb4165fa313a8
0x4037aa,0xb4165f9ed7a8
0x4037c1,0x28e837cbe520
0x4037ba,0xea20630dfe8
0x4037aa,0xb4165f9a8ba8
0x4037aa,0xb4165f9d09a8
0x4037aa,0xb4165fa601a8
0x4037aa,0xb4165fa611a8
0x4037aa,0xb4165f98cda8
0x4037ba,0xd79e62c408e8
0x4037aa,0xb4165fa223e8
0x4037c1,0xd79e62b81c50
0x4037aa,0xb4165f94dfe8
0x4037ba,0x28e837e39120
0x4037ba,0x28e837e54720
0x4037ba,0xd79e62af0fb0
0x4037ba,0x28e837d90f90
0x4037aa,0xb4165fa4c1e8
0x4037ba,0xd79e62b54f80
0x4037aa,0xb4165f9e47e8
0x4037ba,0x28e837c90fb0
0x4037ba,0x28e837dd3d08
0x4037aa,0xb4165f99ebe8
0x4037aa,0xb4165f958fe8
0x4037aa,0xb4165fa531e8
0x4037aa,0xb4165fa125e8
0x4037ba,0xd79e62a59f98
0x4037c1,0xd79e62ae7c60
0x4037ba,0x28e837e51e18
0x4037aa,0xbcd57eef1e28
0x4037aa,0xb4165fa47228
0x4037aa,0xb4165f971e28
0x4037aa,0xb4165f996c28
0x4037c1,0xea20630e828
0x4037ba,0xea20632dfe8
0x4037ba,0x28e837d610e0
0x4037aa,0xb4165f9c7a28
0x4037ba,0xea2063047f0
0x4037aa,0xb4165f9ee828
0x4037ba,0x28e837c95130
0x4037aa,0xb4165fa36428
0x4037c1,0xa1abd80263a0
0x4037c1,0xd79e62a73d08
0x4037aa,0xb4165f991c68
0x4037ba,0xd79e62bf1c50
0x4037ba,0x28e837d3ed58
0x4037ba,0xa1abd8045a88
0x4037aa,0xb4165f99dc68
0x4037aa,0xb4165fa0c668
0x4037ba,0x28e837e55120
0x4037aa,0xb4165f9a1c68
0x4037aa,0xb4165fa55268
0x4037aa,0xb4165f9a7c68
0x4037ba,0x28e837e647e8
0x4037ba,0xa1abd802cd88
0x4037c1,0xd79e62b1ed68
0x4037ba,0x28e837e20d68
0x4037ba,0x6c537033bf58
0x4037ba,0xea2062c10c0
0x4037aa,0xb4165f9b1c68
0x4037ba,0xd79e62bd31d8
0x4037ba,0xa1abd804b3a0
0x4037aa,0xb4165fa472a8
0x4037aa,0xb4165f972ea8
0x4037ba,0x28e837e73d38
0x4037ba,0xd79e62b665b8
0x4037aa,0xb4165f9c5aa8
0x4037ba,0x28e837c92ee0
0x4037ba,0x28e837d11e30
0x4037aa,0xb4165f9abca8
0x4037aa,0xb4165f972ee8
0x4037aa,0xb4165f9e08e8
0x4037ba,0x5829a6f13d20
0x4037aa,0xb4165f9e98e8
0x4037ba,0x28e837d5ed78
0x4037ba,0xea2063331e8
0x4037ba,0xd79e62ab4fb8
0x4037aa,0xb4165f9a7ce8
0x4037ba,0xd79e62b05330
0x4037ba,0x28e837e36430
0x4037ba,0xe8035e463118
0x4037aa,0xb4165fa3a4e8
0x4037aa,0xb4165fa810e8
0x4037ba,0x28e837d78998
0x4037aa,0xb4165fa65128
0x4037c1,0xd79e62a6d798
0x4037ba,0xd79e62abbda8
0x4037aa,0xb4165f993d28
0x4037aa,0xb4165fa45328
0x4037aa,0xb4165fa05728
0x4037ba,0xa21321b8980
0x4037ba,0xd79e62b663b0
0x4037aa,0xb4165fa75128
0x4037aa,0xb4165fa79128
0x4037aa,0xb4165fa14728
0x4037ba,0xea20633dc50
0x4037aa,0xb4165fa3c528
0x4037aa,0xb4165fa3e528
0x4037aa,0xb4165fa83128
0x4037aa,0x71aae0173568
0x4037aa,0xb4165fa02768
0x4037ba,0xea2062c1190
0x4037ba,0xe8035e467c58
0x4037ba,0xc48ca9045300
0x4037aa,0xb4165fa2b568
0x4037aa,0xb4165f99ed68
0x4037aa,0xb4165f97bf68
0x4037aa,0xb4165f9a0d68
0x4037aa,0xb4165fa51368
0x4037aa,0xb4165fa33568
0x4037ba,0xe8035e467298
0x4037c1,0x28e837dfebe8
0x4037ba,0xa21321e1180
0x4037aa,0xb4165fa16768
0x4037ba,0x28e837c931f0
0x4037ba,0x28e837cd1388
0x4037c1,0xea2062cbc80
0x4037aa,0xb4165f9d89a8
0x4037aa,0xb4165fa463a8
0x4037aa,0xb4165f970fa8
0x4037aa,0xb4165fa265a8
0x4037ba,0xd79e62ab1398
0x4037aa,0xb4165f9e09a8
0x4037aa,0xb4165f974fa8
0x4037aa,0xb4165fa4b3a8
0x4037aa,0xb4165f99bda8
0x4037c1,0x5829a6ec72b0
0x4037aa,0xb4165f979fa8
0x4037aa,0xb4165fa0d7a8
0x4037aa,0xb4165fa513a8
0x4037c1,0xea206303110
0x4037aa,0xb4165f9c8ba8
0x4037aa,0xb4165f9f09a8
0x4037ba,0xa21321d4718
0x4037aa,0xb4165f9acda8
0x4037ba,0xd79e62b76778
0x4037aa,0xb4165fa801a8
0x4037ba,0xd79e62b00990
0x4037aa,0xb4165fa811a8
0x4037aa,0xb4165f9f89a8
0x4037aa,0xb4165fa423e8
0x4037ba,0x28e837cb1e10
0x4037aa,0xb4165f96dfe8
0x4037aa,0xb4165fa047e8
0x4037aa,0xb4165fa6c1e8
0x4037aa,0xb4165f9bebe8
0x4037aa,0xb4165f978fe8
0x4037aa,0xc48ca91525e8
0x4037aa,0xb4165fa731e8
0x4037ba,0x28e837d5ebd8
0x4037ba,0xd79e62b447e0
0x4037aa,0xb4165fa325e8
0x4037c1,0xa1abd7fd5278
0x4037ba,0x28e837d6e820
0x4037aa,0xb4165fa623e8
0x4037aa,0xb4165f98dfe8
0x4037aa,0xb4165f991e28
0x4037aa,0xb4165f9b6c28
0x4037aa,0xb4165fa67228
0x4037ba,0xd79e62b098d8
0x4037c1,0x28e837e1c510
0x4037aa,0xb4165f9e7a28
0x4037aa,0xb4165fa0e828
0x4037ba,0x28e837dd3550
0x4037aa,0xb4165fa56428
0x4037ba,0xea2063125f8
0x4037ba,0x28e837e38ff0
0x4037aa,0xb4165f9b1e28
0x4037ba,0xd79e62b847c8
0x4037ba,0xa21322047c8
0x4037ba,0xea2062d5130
0x4037aa,0xb4165f9bdc68
0x4037ba,0x28e837e55258
0x4037aa,0xb4165fa2c668
0x4037aa,0xb4165f9c1c68
0x4037ba,0x9e9c4d8e3120
0x4037c1,0xd79e62bf25d8
0x4037aa,0xb4165fa75268
0x4037aa,0xb4165f9c7c68
0x4037ba,0xd79e62c33d30
0x4037ba,0xa1abd8015240
0x4037ba,0xea2063131c0
0x4037c1,0xd79e62b047f8
0x4037ba,0x28e837cd0998
0x4037aa,0xb4165f9d1c68
0x4037ba,0x28e837dc23e8
0x4037ba,0x28e837dc47d0
0x4037ba,0xd79e62ac3110
0x4037ba,0xd79e62b35118
0x4037ba,0xd79e62a72ef8
0x4037aa,0xb4165fa672a8
0x4037aa,0xb4165f992ea8
0x4037c1,0xa1abd7fd9fb0
0x4037ba,0xd79e62ac1c50
0x4037c1,0xd79e62b9e510
0x4037ba,0xa2132207228
0x4037ba,0xd79e62b25300
0x4037aa,0xb4165f9e5aa8
0x4037ba,0xa21321b4718
0x4037ba,0x6c6f1e4c1c58
0x4037aa,0xb4165f9cbca8
0x4037c1,0xd79e62bc8b88
0x4037c1,0xea20631a4c0
0x4037ba,0xd79e62afdc50
0x4037aa,0xb4165f9b2ea8
0x4037aa,0xb4165f992ee8
0x4037aa,0xb4165fa008e8
0x4037ba,0xa21321fed68
0x4037ba,0xd79e62c40d60
0x4037ba,0xd79e62bf1c50
0x4037ba,0x28e837e63128
0x4037ba,0xd79e62c34738
0x4037aa,0xb4165fa098e8
0x4037c1,0xa1abd7fe7220
0x4037aa,0xb4165f9c7ce8
0x4037aa,0xb4165fa5a4e8
0x4037aa,0xb4165faa10e8
0x4037ba,0xd79e62a72e90
0x4037aa,0xb4165f9b2ee8
0x4037c1,0xea2062ed7a8
0x4037aa,0xb4165fa85128
0x4037aa,0xb4165f9b3d28
0x4037aa,0xb4165fa65328
0x4037aa,0xb4165fa25728
0x4037ba,0xa1abd8045130
0x4037aa,0xb4165fa95128
0x4037ba,0x28e837df31f8
0x4037ba,0xd79e62ac7288
0x4037aa,0xb4165fa99128
0x4037ba,0xd79e62b71378
0x4037ba,0xd79e62a78fe0
0x4037aa,0xb4165fa34728
0x4037ba,0xa1abd804dff8
0x4037aa,0xb4165fa5c528
0x4037aa,0xb4165fa5e528
0x4037aa,0xb4165faa3128
0x4037ba,0x28e837dc8b90
0x4037aa,0xb4165faa5128
0x4037aa,0xb4165f9d3d28
0x4037c1,0xea20633ed50
0x4037ba,0x28e837e54720
0x4037aa,0xb4165fa22768
0x4037c1,0xea20633e530
0x4037ba,0xd79e62bf1360
0x4037ba,0xa1abd8036c00
0x4037ba,0xd79e62af4fa0
0x4037aa,0xb4165fa4b568
0x4037ba,0xd79e62b54f80
0x4037ba,0xa1abd8045338
0x4037aa,0xb4165f9bed68
0x4037aa,0xb4165f99bf68
0x4037aa,0xb4165f9c0d68
0x4037ba,0x28e837d85aa0
0x4037c1,0x8ad3301bebe8
0x4037aa,0xb4165fa71368
0x4037ba,0x6c537033bdb8
0x4037c1,0xd79e62ace808
0x4037aa,0xb4165fa53568
0x4037aa,0xb4165fa36768
0x4037ba,0x28e837e52eb8
0x4037ba,0xd79e62a9e528
0x4037aa,0xb4165fa663a8
0x4037aa,0xb4165f990fa8
0x4037ba,0xea206322750
0x4037aa,0xb4165fa009a8
0x4037aa,0xb4165f994fa8
0x4037aa,0xb4165fa465a8
0x4037aa,0xb4165f9bbda8
0x4037aa,0x5fdc43f463a8
0x4037aa,0xb4165fa6b3a8
0x4037ba,0xd79e62b672a8
0x4037aa,0xb4165f999fa8
0x4037ba,0xa21321e7a10
0x4037aa,0xb4165fa2d7a8
0x4037aa,0xb4165fa713a8
0x4037c1,0x5829a6f47208
0x4037ba,0xd79e62b99120
0x4037aa,0xb4165f9e8ba8
0x4037ba,0x28e837cf1398
0x4037aa,0xb4165fa109a8
0x4037ba,0x28e837df2ee8
0x4037aa,0xb4165f9ccda8
0x4037aa,0xb4165faa01a8
0x4037aa,0xb4165faa11a8
0x4037aa,0xb4165fa189a8
0x4037aa,0xb4165f9b0fa8
0x4037c1,0xd79e62bd4f80
0x4037aa,0xb4165fa247e8
0x4037aa,0xb4165fa8c1e8
0x4037aa,0xb4165f9debe8
0x4037aa,0xb4165f998fe8
0x4037aa,0xb4165fa931e8
0x4037aa,0xb4165fa525e8
0x4037aa,0x32b6bf0847e8
0x4037ba,0xd79e62ae5118
0x4037aa,0xb4165f9adfe8
0x4037c1,0xee30bb9447e8
0x4037aa,0xb4165fa823e8
0x403044,0xd79e62b31e38
0x40302b,0xd79e62b32eb8
0x402c56,0xd79e62b22770
0x402a9c,0xd79e62b4d7b8
0x403709,0xee30bb940198
0x403702,0x270fe418998
0x403702,0x5b4487be3118
0x403710,0xd79e62b87218
0x4037aa,0xb4165f9d6c28
0x4037ba,0xd79e62b96750
0x4037aa,0xb4165fa87228
0x4037ba,0x28e837e50f88
0x4037ba,0x28e837dec1e8
0x4037aa,0xb4165fa07a28
0x4037c1,0xee30bb941180
0x4037aa,0xb4165fa2e828
0x4037ba,0x28e837d823d8
0x4037aa,0xb4165fa76428
0x4037ba,0x28e837ce11a0
0x4037c1,0xd79e62b1ed68
0x4037aa,0xb4165f9f6c28
0x4037aa,0xb4165f9d1e28
0x4037aa,0xb4165faa7228
0x4037ba,0x28e837d725c8
0x4037aa,0xb4165f9ddc68
0x4037ba,0xa1abd802cd88
0x4037ba,0x28e837d3e538
0x4037aa,0xb4165f9e1c68
0x4037aa,0xb4165fa4c668
0x4037ba,0x28e837d6e820
0x4037ba,0x28e837d86588
0x4037aa,0xb4165fa95268
0x4037aa,0xb4165f9e7c68
0x4037aa,0xb4165f9f1c68
0x4037ba,0x28e837c88ba8
0x4037ba,0xd79e62a9ed48
0x4037ba,0xa2132195118
0x4037ba,0xea20630dfe8
0x4037aa,0xb4165fa872a8
0x4037aa,0xb4165fa05aa8
0x4037c1,0x28e837d58998
0x4037aa,0xb4165f9ebca8
0x4037ba,0xd79e62a5bda8
0x4037c1,0xd79e62a872a8
0x4037c1,0xd79e62afa4f0
0x4037ba,0xd79e62b07cf0
0x4037aa,0xb4165f9d2ea8
0x4037aa,0xb4165faa72a8
0x4037aa,0xb4165fa208e8
0x4037ba,0xd79e62ba01b8
0x4037ba,0xe8035e467cc0
0x4037ba,0xa21321e7ce8
0x4037ba,0x28e837e0e808
0x4037aa,0xb4165fa298e8
0x4037ba,0x5829a6f131c0
0x4037aa,0xb4165f9e7ce8
0x4037ba,0xd79e62b79f80
0x4037ba,0xd79e62ad0f90
0x4037ba,0x28e837d21c60
0x4037ba,0x28e837e601b0
0x4037ba,0xd79e62ae5730
0x4037ba,0xe8035e463118
0x4037ba,0x28e837e2bc98
0x4037aa,0xb4165fac10e8
0x4037aa,0xb4165fa7a4e8
0x4037ba,0xd79e62ae2750
0x4037aa,0xb4165f9d2ee8
0x4037aa,0xb4165fa408e8
0x4037aa,0xb4165fa85328
0x4037ba,0xd79e62a5bf48
0x4037c1,0xa2132205330
0x4037aa,0x54c45319e528
0x4037aa,0xb4165fa45728
0x4037aa,0xb4165fab5128
0x4037aa,0xb4165fab9128
0x4037aa,0xb4165fa54728
0x4037aa,0xb4165fac3128
0x4037aa,0xb4165fa7c528
0x4037aa,0xb4165fac5128
0x4037aa,0xb4165f9f3d28
0x4037ba,0xa21321fa4c8
0x4037aa,0xb4165fa7e528
0x4037aa,0xb4165faa5328
0x4037ba,0xd79e62b05128
0x4037aa,0xb4165fa42768
0x4037c1,0xd79e62a73d08
0x4037ba,0xa1abd800c1f0
0x4037aa,0xb4165f9ded68
0x4037aa,0xb4165f9bbf68
0x4037aa,0xb4165fa6b568
0x4037aa,0xb4165f9e0d68
0x4037aa,0xb4165fa91368
0x4037ba,0x28e837c9c520
0x4037ba,0x28e837da8b88
0x4037aa,0xb4165fa73568
0x4037ba,0x28e837dd6c10
0x4037aa,0xb4165fa56768
0x4037ba,0x28e837d223f8
0x4037ba,0x28e837cc23e0
0x4037ba,0xd79e62af4718
0x4037aa,0xb4165fa62768
0x4037c1,0x28e837d9dc68
0x4037aa,0xb4165fa209a8
0x4037c1,0x28e837d1a4e0
0x4037aa,0xb4165fa863a8
0x4037aa,0xb4165f9b4fa8
0x4037aa,0xb4165fa665a8
0x4037aa,0xb4165f9dbda8
0x4037aa,0xb4165fa8b3a8
0x4037ba,0xd79e62b96410
0x4037aa,0xb4165f9b9fa8
0x4037ba,0x28e837d3ed58
0x4037aa,0x5fdc43f465a8
0x4037aa,0xb4165fa913a8
0x4037aa,0xb4165fa08ba8
0x4037aa,0xb4165fa4d7a8
0x4037ba,0xd79e62a81c58
0x4037c1,0xd79e62bac670
0x4037ba,0x28e837e51388
0x4037aa,0xb4165fa309a8
0x4037aa,0xb4165f9ecda8
0x4037ba,0xea2063072a8
0x4037aa,0xb4165fac01a8
0x4037aa,0xb4165fac11a8
0x4037aa,0xb4165fa389a8
0x4037ba,0xea2062d6438
0x4037aa,0xb4165f9d0fa8
0x4037aa,0xb4165faa63a8
0x4037aa,0xb4165f9d4fa8
0x4037aa,0xb4165fa409a8
0x4037aa,0xb4165f9fbda8
0x4037ba,0xe8035e465a90
0x4037aa,0xb4165f9febe8
0x4037aa,0xb4165faac1e8
0x4037aa,0xb4165fa447e8
0x4037aa,0xb4165f9b8fe8
0x4037ba,0xd79e62b1c518
0x4037ba,0xa1abd800cdb8
0x4037aa,0xb4165fab31e8
0x4037ba,0x6c537033bdb8
0x4037ba,0xd79e62b4e828
0x4037aa,0xb4165fa725e8
0x4037c1,0xea2062cbc80
0x4037ba,0xd79e62ae5320
0x4037aa,0x13becdb725e8
0x4037aa,0xb4165f9cdfe8
0x4037aa,0xb4165faa23e8
0x4037ba,0xd79e62c498f8
0x4037aa,0xb4165fa1ebe8
0x4037aa,0xb4165facc1e8
0x4037aa,0xb4165fa647e8
0x4037ba,0xd79e62af9f88
0x4037aa,0xb4165fa27a28
0x4037ba,0xa21321b8980
0x4037c1,0xa21321a7208
0x4037aa,0xb4165fa4e828
0x4037aa,0xb4165fa96428
0x4037c1,0xea20631a4c0
0x4037aa,0xb4165f9f1e28
0x4037aa,0xb4165fa16c28
0x4037aa,0xb4165fac7228
0x4037aa,0xb4165f9fdc68
0x4037aa,0xb4165fa01c68
0x4037ba,0xd79e62b098d8
0x4037ba,0x6c537032e818
0x4037aa,0xb4165fa6c668
0x4037ba,0x28e837e408d0
0x4037aa,0xb4165fa07c68
0x4037aa,0xb4165fab5268
0x4037ba,0xa21321dbdb0
0x4037ba,0xa1abd8036c00
0x4037aa,0xb4165fa11c68
0x4037ba,0xd79e62c33578
0x4037ba,0xa21321f5268
0x4037ba,0xd79e62ac3110
0x4037aa,0xb4165fa1dc68
0x4037c1,0xd79e62ad1350
0x4037aa,0xb4165fa25aa8
0x4037ba,0x28e837cd5268
0x4037c1,0xd79e62bc8b88
0x4037ba,0x28e837d9bf58
0x4037ba,0xd79e62ac7220
0x4037c1,0xa1abd8038ff0
0x4037aa,0xb4165fa0bca8
0x4037aa,0xb4165f9f2ea8
0x4037aa,0xb4165fac72a8
0x4037ba,0xa1abd8043108
0x4037ba,0x5829a6f13568
0x4037c1,0xa1abd801e500
0x4037aa,0xb4165fa498e8
0x4037aa,0xb4165fa07ce8
0x4037aa,0xb4165fa9a4e8
0x4037ba,0x28e837dc47d0
0x4037aa,0xb4165f9f2ee8
0x4037aa,0xb4165fa608e8
0x4037aa,0xb4165fa65728
0x4037ba,0xd79e62ae1c48
0x4037ba,0xd79e62b08b88
0x4037aa,0xb4165fad5128
0x4037aa,0x989130903128
0x4037aa,0x989130905128
0x4037ba,0xd79e62a56c38
0x4037aa,0xb4165fa74728
0x4037ba,0xd79e62b07cf0
0x4037aa,0xb4165fa9c528
0x4037aa,0xb4165fa13d28
0x4037aa,0xb4165fa9e528
0x4037aa,0x989130915128
0x4037ba,0x28e837dabc98
0x4037aa,0xb4165fac5328
0x4037ba,0xd79e62c13d20
0x4037ba,0x28e837cf09b8
0x4037c1,0x28e837d62768
0x4037aa,0x989130919128
0x4037ba,0xc48ca9045300
0x4037ba,0xd79e62af6760
0x4037ba,0xa1abd802b380
0x4037aa,0xb4165f9fed68
0x4037ba,0x28e837d610e0
0x4037aa,0xb4165fa00d68
0x4037aa,0xb4165f9dbf68
0x4037aa,0xb4165fa8b568
0x4037ba,0xd79e62b23108
0x4037aa,0xb4165fab1368
0x4037aa,0xb4165fa93568
0x4037ba,0xd79e62c2b390
0x4037ba,0xa21321d5240
0x4037aa,0xb4165fa76768
0x4037ba,0x28e837cad7b8
0x4037ba,0x28e837db9130
0x4037ba,0xa1abd7ff1c48
0x4037aa,0xb4165fa82768
0x4037aa,0xb4165fa1ed68
0x4037aa,0xb4165f9fbf68
0x4037aa,0xb4165fa865a8
0x4037ba,0x28e837cb6770
0x4037aa,0xb4165faab3a8
0x4037aa,0xb4165f9d9fa8
0x4037aa,0xb4165fab13a8
0x4037ba,0xea2062f1378
0x4037aa,0xb4165fa28ba8
0x4037aa,0xb4165fa6d7a8
0x4037c1,0x28e837d36740
0x4037ba,0xa1abd801dc68
0x4037aa,0xb4165fa0cda8
0x4037aa,0xb4165fa509a8
0x4037c1,0x6c6f1e4c7280
0x4037aa,0xb4165fa589a8
0x4037aa,0xb4165f9f0fa8
0x4037ba,0xd79e62b76778
0x4037aa,0xb4165fac63a8
0x4037aa,0xb4165f9f4fa8
0x4037c1,0xd79e62ae7c60
0x4037aa,0xb4165fa1bda8
0x4037aa,0xb4165fa609a8
0x4037aa,0xb4165faa65a8
0x4037aa,0xb4165facb3a8
0x4037aa,0xb4165f9f9fa8
0x4037aa,0xb4165f9d8fe8
0x4037aa,0xb4165fad31e8
0x4037c1,0xea20630e828
0x4037ba,0x28e837dab548
0x4037aa,0xb4165fa925e8
0x4037ba,0x28e837e26380
0x4037c1,0xee30bb941180
0x4037aa,0x98913090c1e8
0x4037ba,0x28e837d5ed78
0x4037ba,0x28e837c95130
0x4037aa,0xb4165f9edfe8
0x4037aa,0x9891309131e8
0x4037ba,0xd79e62b33540
0x4037aa,0xb4165fac23e8
0x4037ba,0xea206307cd0
0x4037c1,0xea2062cb390
0x4037aa,0xb4165f9f8fe8
0x4037aa,0xb4165fa3ebe8
0x4037aa,0xb4165fa847e8
0x4037ba,0xd79e62af6420
0x4037aa,0xb4165fa47a28
0x4037ba,0x28e837e525c8
0x4037ba,0xd79e62bb4730
0x4037aa,0xb4165fa6e828
0x4037aa,0xb4165fab6428
0x4037ba,0x28e837e26588
0x4037aa,0x989130907228
0x4037ba,0x28e837c90fb0
0x4037ba,0xa21321d5108
0x4037aa,0xb4165fa11e28
0x4037ba,0xd79e62afbf50
0x4037ba,0x28e837e2b548
0x4037aa,0xb4165fa36c28
0x4037c1,0xd79e62b047f8
0x4037ba,0xea206322750
0x403044,0xd79e62b31e38
0x40304c,0xd79e62b32eb8
0x402c56,0xd79e62b87218
0x402c20,0x5829a6ecb3b8
0x403702,0x5b4487be3118
0x403702,0x270fe418998
0x4037aa,0xb4165fa21c68
0x4037ba,0x28e837e6b570
0x4037aa,0xb4165fa8c668
0x4037ba,0x28e837dab3a8
0x4037aa,0xb4165fad5268
0x4037ba,0xd79e62a91e18
0x4037aa,0x543845961c68
0x4037aa,0xb4165fa27c68
0x4037ba,0xe8035e4623f8
0x4037ba,0x28e837e55120
0x4037ba,0xea2062f1e08
0x4037ba,0x28e837e731d8
0x4037ba,0xd79e62c18988
0x4037aa,0xb4165fa31c68
0x4037c1,0x28e837dfebe8
0x4037aa,0x989130915268
0x4037ba,0x28e837d411b8
0x4037aa,0xb4165fa3dc68
0x4037ba,0xe8035e4663a0
0x4037ba,0x6c6f1e4c1c58
0x4037c1,0x28e837d9dc68
0x4037aa,0xb4165fa41c68
0x4037ba,0x6c6f1e4c10f8
0x4037ba,0x28e837e325c8
0x4037aa,0xb4165fa45aa8
0x4037c1,0xd79e62ac6588
0x4037ba,0xa213218c668
0x4037c1,0x28e837d02768
0x4037aa,0xb4165fa2bca8
0x4037aa,0x9891309072a8
0x4037ba,0xd79e62a91388
0x4037c1,0xd79e62a872a8
0x4037aa,0xb4165fa12ea8
0x4037ba,0xd79e62a6cd80
0x4037c1,0x28e837d525e8
0x4037ba,0x28e837ca5708
0x4037aa,0x9891309210e8
0x4037c1,0xa1abd7fe7220
0x4037aa,0xb4165fa698e8
0x4037aa,0xb4165fa27ce8
0x4037ba,0xd79e62b10fa0
0x4037aa,0xb4165faba4e8
0x4037ba,0xa1abd7fd6778
0x4037ba,0x28e837ddbd90
0x4037ba,0x28e837d98fd0
0x4037ba,0xd79e62c331d0
0x4037ba,0x28e837cbc520
0x4037aa,0xb4165fa12ee8
0x4037ba,0xea2062be518
0x4037aa,0xb4165fa808e8
0x4037aa,0x9891309410e8
0x4037aa,0xb4165fa85728
0x4037aa,0x989130923128
0x4037aa,0x989130925128
0x4037aa,0x71aae0173d28
0x4037ba,0x28e837ce63b8
0x4037aa,0x989130905328
0x4037aa,0xb4165fa94728
0x4037aa,0xb4165fabc528
0x4037aa,0xb4165fabe528
0x4037aa,0x989130935128
0x4037ba,0x28e837e2b3a8
0x4037aa,0xb4165fa33d28
0x4037c1,0xd79e62afa4f0
0x4037c1,0xea206318980
0x4037aa,0x989130939128
0x4037ba,0x28e837dfbf68
0x4037aa,0xb4165faa5728
0x4037ba,0x28e837d823d8
0x4037ba,0x28e837e40180
0x4037aa,0x989130943128
0x4037aa,0xb4165fa20d68
0x4037aa,0xb4165faab568
0x4037c1,0xd79e62a6d798
0x4037aa,0xb4165fad1368
0x4037ba,0xd79e62addc40
0x4037ba,0x28e837dd6c10
0x4037aa,0xb4165fab3568
0x4037ba,0xe8035e467c58
0x4037ba,0x28e837d125c0
0x4037ba,0xd79e62c409b8
0x4037aa,0xb4165fa96768
0x4037ba,0xd79e62b10988
0x4037ba,0x28e837e298c0
0x4037aa,0x989130911368
0x4037ba,0x28e837cb1e10
0x4037aa,0xb4165faa2768
0x4037ba,0xd79e62a9e528
0x4037aa,0xb4165fa1bf68
0x4037aa,0xb4165fa3ed68
0x4037aa,0xb4165facb568
0x4037aa,0xb4165fa40d68
0x4037ba,0xd79e62aa10f8
0x4037aa,0x9891309201a8
0x4037c1,0x28e837d1a4e0
0x4037aa,0x9891309211a8
0x4037c1,0xa2132205330
0x4037aa,0xb4165fad13a8
0x4037aa,0xb4165fa48ba8
0x4037aa,0xf64ca789a8
0x4037ba,0xa2132195250
0x4037aa,0xb4165fa8d7a8
0x4037aa,0x9891309063a8
0x4037aa,0xc6aa2d688ba8
0x4037aa,0xb4165fa2cda8
0x4037aa,0xb4165fa709a8
0x4037ba,0xd79e62b011b8
0x4037aa,0x98913090b3a8
0x4037aa,0xb4165fa10fa8
0x4037aa,0x9891309113a8
0x4037aa,0xb4165fa789a8
0x4037c1,0x28e837dfe500
0x4037aa,0xb4165fa14fa8
0x4037aa,0xb4165fac65a8
0x4037aa,0xb4165fa19fa8
0x4037aa,0xb4165fa3bda8
0x4037aa,0xb4165fa809a8
0x4037aa,0x9891309401a8
0x4037aa,0x9891309411a8
0x402c20,0x5829a6ecb3b8
0x402ea8,0x32bd14b9bda8
0x4037ba,0xd79e62a8b380
0x4037ba,0xa1abd800c668
0x4037ba,0xd79e62b76438
0x4037c1,0xd79e62bc8b88
0x4037aa,0x9891309023e8
0x4037aa,0xb4165fab25e8
0x4037c1,0x5829a6f07c58
0x4037aa,0x98913092c1e8
0x4037ba,0xd79e62ae5118
0x4037aa,0xb4165fa0dfe8
0x4037aa,0x9891309331e8
0x4037aa,0xb4165fa18fe8
0x4037aa,0xb4165fa5ebe8
0x4037aa,0xb4165faa47e8
0x4037ba,0xea20632dfe8
0x4037c1,0xd79e62ad1350
0x4037aa,0xb4165fa67a28
0x4037aa,0x989130927228
0x4037aa,0xb4165fa8e828
0x4037c1,0x5829a6ec72b0
0x4037aa,0xb4165fa31e28
0x4037aa,0xb4165fa56c28
0x4037aa,0x989130916428
0x4037ba,0xea20632c1e0
0x4037aa,0x8ec426d01c68
0x4037aa,0xb4165faac668
0x4037aa,0xb4165fa47c68
0x4037ba,0xa1abd8005ab8
0x4037c1,0xd79e62c27208
0x4037aa,0xb4165fa51c68
0x4037ba,0xd79e62c34738
0x4037aa,0x989130935268
0x4037aa,0xb4165fa5dc68
0x4037aa,0xb4165fa61c68
0x4037ba,0xa1abd7ff1c48
0x4037aa,0xb4165facc668
0x4037aa,0xb4165fa65aa8
0x4037ba,0xa21321e1180
0x4037aa,0x9891309272a8
0x4037aa,0xb4165fa4bca8
0x4037ba,0x6c5370343120
0x4037aa,0xc48ca9152ea8
0x4037aa,0xb4165fa32ea8
0x4037ba,0x28e837e63128
0x4037aa,0xb4165fa898e8
0x4037ba,0x28e837decdb0
0x4037ba,0xea2063325e8
0x4037ba,0x28e837cb6430
0x4037aa,0xb4165fa47ce8
0x4037c1,0xd79e62c45a98
0x4037aa,0xc48ca9152ee8
0x4037ba,0x28e837c90998
0x4037aa,0xb4165fa32ee8
0x4037aa,0xb4165faa08e8
0x4037aa,0x9891309610e8
0x4037aa,0x98913091a4e8
0x4037ba,0x28e837d59128
0x4037aa,0xb4165faa98e8
0x4037aa,0x989130945128
0x4037ba,0x28e837e51388
0x4037aa,0x989130925328
0x4037aa,0xb4165fab4728
0x4037ba,0xd79e62ae5730
0x4037aa,0x989130955128
0x4037aa,0xb4165fa53d28
0x4037aa,0x989130959128
0x4037ba,0xa21321fa4c8
0x4037c1,0xea20631a4c0
0x4037ba,0xd79e62c4e808
0x4037aa,0xb4165fac5728
0x4037aa,0x989130963128
0x4037aa,0x98913091c528
0x4037aa,0x989130965128
0x4037ba,0x28e837dbc538
0x4037aa,0x98913091e528
0x4037ba,0xd79e62a5bda8
0x4037ba,0x28e837e73d38
0x4037ba,0xd79e62af0998
0x4037ba,0x28e837e32eb8
0x4037aa,0xb4165fad3568
0x4037ba,0xd79e62a931f8
0x4037ba,0xa21321dbf50
0x4037c1,0xa1abd801e500
0x4037ba,0x28e837d610e0
0x4037aa,0xb4165fab6768
0x4037aa,0x98913090b568
0x4037aa,0x989130931368
0x4037ba,0x28e837dc23e8
0x4037aa,0x989130913568
0x4037aa,0xb4165fac2768
0x4037aa,0xb4165fa5ed68
0x4037aa,0xb4165fa3bf68
0x4037aa,0xb4165fa60d68
0x4037ba,0xd79e62af6760
0x4037aa,0xb4165faad7a8
0x4037aa,0xb4165fa68ba8
0x4037aa,0x9891309263a8
0x4037ba,0xd79e62a91c78
0x4037aa,0xb4165fa909a8
0x4037aa,0xb4165fa4cda8
0x4037aa,0x98913092b3a8
0x4037aa,0x9891309065a8
0x4037c1,0xd79e62a73550
0x4037ba,0x28e837e54fa8
0x4037ba,0xa1abd800cdb8
0x4037aa,0x9891309313a8
0x4037aa,0xb4165fa989a8
0x4037aa,0xb4165fa30fa8
0x4037aa,0xb4165fa34fa8
0x4037aa,0xb4165fa5bda8
0x4037aa,0xb4165faa09a8
0x4037aa,0xb4165fa39fa8
0x4037aa,0x9891309601a8
0x4037aa,0x9891309611a8
0x4037ba,0x28e837e39120
0x4037aa,0xb4165facd7a8
0x4037ba,0x28e837ce11a0
0x4037c1,0xa21321a6598
0x4037aa,0x54c45319ebe8
0x4037aa,0x9891309223e8
0x4037aa,0xb4165fad25e8
0x4037ba,0x5829a6f131c0
0x4037aa,0x98913094c1e8
0x4037c1,0xd79e62b9e510
0x4037ba,0x28e837d5ed78
0x4037ba,0xd79e62badfe0
0x4037aa,0xb4165fa2dfe8
0x4037aa,0x9891309531e8
0x4037c1,0x28e837e56748
0x4037ba,0xa1abd8027210
0x4037ba,0xa21321b8980
0x4037aa,0x9891309125e8
0x4037ba,0x28e837df2ee8
0x4037aa,0xb4165fac47e8
0x4037aa,0xb4165fa38fe8
0x4037ba,0xc48ca9045300
0x4037ba,0xa1abd80201b0
0x4037aa,0xb4165fa7ebe8
0x4037ba,0xd79e62ac7288
0x4037aa,0x9891309423e8
0x4037c1,0xea2062ed7a8
0x4037aa,0xb4165fa87a28
0x4037aa,0x989130947228
0x4037aa,0xb4165faae828
0x4037aa,0xb4165fa51e28
0x4037aa,0xb4165fa76c28
0x4037aa,0x989130936428
0x4037ba,0x28e837e2b548
0x4037aa,0xb4165faa7a28
0x4037aa,0x989130967228
0x4037ba,0x28e837dc63b8
0x4037aa,0xb4165fa67c68
0x4037ba,0x28e837d3ed58
0x4037ba,0x28e837d5ebd8
0x4037aa,0xb4165fa71c68
0x4037aa,0x98913090c668
0x4037aa,0x989130955268
0x4037ba,0xd79e62a9ed48
0x4037c1,0xea206318980
0x4037c1,0x28e837dfebe8
0x4037ba,0xa1abd7fe98d8
0x4037aa,0xb4165fa7dc68
0x4037ba,0x28e837e208f0
0x4037aa,0xb4165fa81c68
0x4037ba,0xd79e62c35120
0x4037aa,0xb4165fa85aa8
0x4037ba,0x80a6dabf6770
0x4037aa,0x9891309472a8
0x4037aa,0xb4165fa6bca8
0x4037ba,0xea2062d6438
0x4037ba,0x28e837d9a4f0
0x4037c1,0xa1abd7fe7220
0x4037aa,0xb4165fa52ea8
0x4037c1,0xd79e62ace808
0x4037c1,0xd79e62a872a8
0x4037ba,0x28e837d989b8
0x4037ba,0x28e837d725c8
0x4037ba,0xe8035e467298
0x4037ba,0x6c537033bf58
0x4037aa,0xb4165faa5aa8
0x4037ba,0xa1abd7fe6398
0x4037aa,0x9891309672a8
0x4037ba,0x28e837de98e0
0x4037aa,0xb4165fa67ce8
0x4037ba,0x28e837e2b3a8
0x4037c1,0x28e837e27c58
0x4037ba,0xe930e6c01c78
0x4037ba,0x28e837e52eb8
0x4037c1,0xea2062cbc80
0x4037aa,0xb4165fa52ee8
0x4037aa,0xb4165fac08e8
0x4037ba,0x28e837cf9138
0x4037aa,0x98913093a4e8
0x4037aa,0x9891309810e8
0x4037ba,0x28e837e55258
0x4037ba,0xea2062be518
0x4037aa,0xb4165fac98e8
0x4037aa,0x989130945328
0x4037ba,0x28e837dd3d08
0x4037aa,0xb4165fad4728
0x4037ba,0x28e837d823d8
0x4037ba,0xa1abd8007218
0x4037aa,0x989130905728
0x4037ba,0x28e837e38ff0
0x4037aa,0x989130975128
0x4037aa,0x989130979128
0x4037aa,0xb4165fa73d28
0x4037aa,0x989130914728
0x4037ba,0xea2062c10c0
0x4037aa,0x98913093c528
0x4037aa,0x989130983128
0x4037ba,0x28e837cadfd8
0x4037ba,0xa1abd8036c00
0x4037aa,0x989130985128
0x4037c1,0xa1abd7fd5278
0x4037aa,0x98913093e528
0x4037ba,0xd79e62af6420
0x4037aa,0x989130965328
0x4037aa,0x54c45319ed68
0x4037ba,0x28e837dd3550
0x4037aa,0x989130902768
0x4037aa,0x98913092b568
0x4037aa,0x989130951368
0x4037ba,0x28e837e36770
0x4037aa,0x989130933568
0x4037ba,0x28e837d113a0
0x4037aa,0xb4165fa5bf68
0x4037ba,0xa1abd8043108
0x4037aa,0x989130916768
0x4037aa,0xb4165fa7ed68
0x4037aa,0xb4165fa80d68
0x4037aa,0x9891309463a8
0x4037aa,0xb4165fa88ba8
0x4037ba,0xd79e62c13d20
0x4037aa,0xb4165fab09a8
0x4037aa,0x9891309265a8
0x4037aa,0xc6aa2d7201a8
0x4037aa,0x98913094b3a8
0x4037aa,0xb4165fa6cda8
0x4037ba,0xd79e62b9a4d8
0x4037aa,0x9891309513a8
0x4037aa,0xb4165fab89a8
0x4037aa,0xb4165fa50fa8
0x4037c1,0xd79e62bb6778
0x4037aa,0x71d0d59389a8
0x4037c1,0x6c6f1e4c7280
0x4037aa,0x98913090d7a8
0x4037aa,0xb4165fa54fa8
0x4037aa,0xb4165fac09a8
0x4037ba,0xea2062d6778
0x4037aa,0x32b6bf0e8ba8
0x4037aa,0xb4165fa59fa8
0x4037aa,0x9891309801a8
0x4037aa,0x9891309811a8
0x4037aa,0xb4165fa7bda8
0x4037aa,0x9891309663a8
0x4037aa,0xb4165faa8ba8
0x4037aa,0x98913096c1e8
0x4037ba,0x28e837d6e820
0x4037aa,0x9891309047e8
0x4037aa,0x9891309731e8
0x4037aa,0xb4165fa4dfe8
0x4037aa,0x9891309325e8
0x4037aa,0xb4165fa58fe8
0x4037aa,0xb4165fa9ebe8
0x4037ba,0x6c6f1e4ce830
0x4037ba,0xd79e62bd2e90
0x4037aa,0x9891309623e8
0x4037ba,0xe8035e4665a8
0x4037ba,0x28e837da8b88
0x4037aa,0xb4165face828
0x4037ba,0x28e837e731d8
0x4037ba,0xea206321190
0x4037ba,0xd79e62a56c38
0x4037c1,0xee30bb941180
0x4037aa,0xb4165fa71e28
0x4037aa,0xb4165fa96c28
0x4037aa,0x989130956428
0x4037aa,0x98913090e828
0x4037ba,0xa21321fed68
0x4037ba,0xd79e62b05128
0x4037ba,0x28e837d9bf58
0x4037aa,0xb4165fac7a28
0x4037aa,0x989130987228
0x4037ba,0x28e837d223f8
0x4037ba,0x28e837cd31e8
0x4037aa,0xb4165fa87c68
0x4037ba,0xa1abd7febcb8
0x4037ba,0xa1abd8027210
0x4037ba,0xd79e62ad0f90
0x4037c1,0xa21321a7208
0x4037aa,0xb4165fa91c68
0x4037aa,0x98913092c668
0x4037ba,0x6c5370333d08
0x4037aa,0x989130975268
0x4037c1,0x28e837e80988
0x4037ba,0xa21321d5240
0x4037ba,0xea20632dfe8
0x4037ba,0xd79e62bd31d8
0x4037aa,0xb4165fa9dc68
0x4037ba,0x28e837d847d8
0x4037aa,0xb4165faa1c68
0x4037ba,0xd79e62c131c0
0x4037ba,0x28e837decdb0
0x4037aa,0xb4165faa7c68
0x4037ba,0xa1abd8031358
0x4037ba,0xd79e62c408e8
0x4037ba,0xa1abd803dc40
0x4037aa,0xb4165fa8bca8
0x4037c1,0x5829a6ec72b0
0x4037aa,0xb4165fa72ea8
0x4037aa,0x13becdb72ea8
0x4037ba,0x28e837c95268
0x4037aa,0xb4165fac5aa8
0x4037ba,0x28e837cc23e0
0x4037ba,0x6c537033bdb8
0x4037c1,0xd79e62c47230
0x4037c1,0xd79e62c47c58
0x4037aa,0x9891309872a8
0x4037ba,0xd79e62ac7288
0x4037aa,0xb4165fa87ce8
0x4037ba,0x28e837d65128
0x4037ba,0x5829a6ec11a8
0x4037ba,0xd79e62ad4720
0x4037aa,0x9891309098e8
0x4037aa,0xb4165fa72ee8
0x4037aa,0x9891309a10e8
0x4037aa,0x98913095a4e8
0x4037ba,0xd79e62a92ef8
0x4037ba,0xd79e62a59f98
0x4037aa,0x13becdb72ee8
0x4037ba,0x28e837d5ed78
0x4037ba,0xd79e62bfbd98
0x4037aa,0xb4165faa7ce8
0x4037ba,0xd79e62bbe510
0x4037ba,0xd79e62beb570
0x4037aa,0x989130925728
0x4037aa,0x989130995128
0x4037aa,0xb4165fa93d28
0x4037aa,0x989130999128
0x4037ba,0xd79e62b010e8
0x4037ba,0xa1abd801dc68
0x4037ba,0x28e837c8d7b0
0x4037aa,0x989130934728
0x4037ba,0x28e837e601b0
0x4037aa,0x9891309a3128
0x4037aa,0x98913095c528
0x4037aa,0x9891309a5128
0x4037aa,0x98913095e528
0x4037ba,0xd79e62addc40
0x4037aa,0x989130985328
0x4037ba,0xe8035e4663a0
0x4037ba,0x28e837dc23e8
0x4037ba,0xa213219ebf0
0x4037ba,0x28e837dec660
0x4037c1,0xd79e62a6d798
0x4037aa,0x989130922768
0x4037ba,0xa213218d798
0x4037ba,0xa21322047c8
0x4037aa,0x98913094b568
0x4037ba,0x28e837cf09b8
0x4037aa,0x989130971368
0x4037ba,0x6c5370343120
0x4037aa,0x989130953568
0x4037ba,0xd79e62a9ed48
0x4037aa,0x989130936768
0x4037aa,0xb4165fa9ed68
0x4037aa,0xb4165fa7bf68
0x4037aa,0xb4165faa0d68
0x4037ba,0x28e837c95130
0x4037aa,0x989130942768
0x4037ba,0xc48ca9045ab8
0x4037ba,0x28e837d2d7b8
0x4037aa,0xb4165fad09a8
0x4037aa,0x9891309465a8
0x4037aa,0x98913096b3a8
0x4037aa,0xb4165fa8cda8
0x4037ba,0xa1abd8005ab8
0x4037aa,0x9891309713a8
0x4037aa,0x98913092d7a8
0x4037aa,0xb4165fa70fa8
0x4037ba,0x28e837ce11a0
0x4037aa,0xb4165fa74fa8
0x4037aa,0x9891309a01a8
0x4037ba,0xea20630dfe8
0x4037ba,0x28e837e63128
0x4037aa,0xb4165fa9bda8
0x4037aa,0x9891309109a8
0x4037aa,0x9891309a11a8
0x4037aa,0xb4165fa79fa8
0x4037aa,0x32bd14ceb3a8
0x4037ba,0xd79e62ba23d0
0x4037aa,0x9891309189a8
0x4037aa,0xb4165fac8ba8
0x4037aa,0x9891309863a8
0x4037c1,0xd79e62ae7c60
0x4037ba,0xd79e62ac5330
0x4037aa,0x9891309665a8
0x4037aa,0x98913098b3a8
0x4037aa,0x98913098c1e8
0x4037ba,0xd79e62a67cc0
0x4037aa,0x9891309247e8
0x4037ba,0xa1abd7ffc530
0x4037ba,0x28e837ce10d0
0x4037aa,0xf64ca78fe8
0x4037aa,0x9891309931e8
0x4037aa,0xb4165fa6dfe8
0x4037ba,0xd79e62b13570
0x4037ba,0xa21321fa4c8
0x4037aa,0x9891309525e8
0x4037c1,0xab2ecf499f90
0x4037aa,0xb4165fabebe8
0x4037aa,0xb4165fa78fe8
0x4037aa,0x9891309823e8
0x4037aa,0x9891309ac1e8
0x4037aa,0xb4165fa91e28
0x4037aa,0xb4165fab6c28
0x4037aa,0x989130907a28
0x4037ba,0xd79e62c2b390
0x4037aa,0x98913092e828
0x4037aa,0x989130976428
0x4037ba,0x5829a6ed3d10
0x4037ba,0xd79e62b8b398
0x4037ba,0xd79e62a78fe0
0x4037ba,0xd79e62ae2750
0x4037aa,0x9891309a7228
0x4037ba,0xd79e62ab1e28
0x4037ba,0xa1abd8031c48
0x4037ba,0x28e837c90998
0x4037ba,0x28e837e51388
0x4037aa,0xb4165fab1c68
0x4037aa,0x98913094c668
0x4037ba,0x28e837e20d68
0x4037aa,0x989130995268
0x4037ba,0xe8035e467298
0x4037ba,0xd79e62c34738
0x4037c1,0x8ad3301bebe8
0x4037ba,0x28e837e298c0
0x4037aa,0xb4165fabdc68
0x4037aa,0xb4165fac1c68
0x4037ba,0x28e837d65a80
0x4037ba,0xea2063072a8
0x4037aa,0xb4165fac7c68
0x4037aa,0xb4165faabca8
0x4037ba,0x28e837cb1e10
0x4037c1,0xd79e62c45a98
0x4037ba,0xd79e62a9c538
0x4037ba,0xa21321a47c0
0x4037aa,0x989130905aa8
0x4037aa,0xb4165fa92ea8
0x4037ba,0x28e837d59128
0x4037aa,0x9891309a72a8
0x4037aa,0xb4165facbca8
0x4037c1,0xa21321a6598
0x4037aa,0x9891309208e8
0x4037ba,0xa1abd8005300
0x4037ba,0xa1abd804dff8
0x4037aa,0x9891309298e8
0x4037aa,0xb4165fa92ee8
0x4037ba,0x28e837d01190
0x4037aa,0x9891309c10e8
0x4037aa,0x98913097a4e8
0x4037c1,0x28e837dfebe8
0x4037aa,0xb4165fac7ce8
0x4037aa,0x9891309408e8
0x4037aa,0x989130945728
0x4037c1,0xd79e62aa2740
0x4037ba,0xa1abd80331d8
0x4037ba,0x28e837e73d38
0x4037aa,0x9891309b5128
0x4037aa,0x9891309b9128
0x4037aa,0xb4165fab3d28
0x4037aa,0x989130954728
0x4037ba,0xd79e62ada4f8
0x4037aa,0x9891309c3128
0x4037aa,0x98913097c528
0x4037aa,0x9891309c5128
0x4037aa,0x98913097e528
0x4037ba,0xd79e62b25300
0x4037aa,0x9891309a5328
0x4037ba,0xd79e62bd6c08
0x4037ba,0xa1abd7fd3d00
0x4037aa,0x989130965728
0x4037aa,0x7cb731971368
0x4037aa,0x98913096b568
0x4037aa,0x989130991368
0x4037ba,0x28e837d06598
0x4037ba,0xd79e62ae11b8
0x4037ba,0xa2132207228
0x4037aa,0x989130973568
0x4037aa,0x989130956768
0x4037aa,0xb4165fabed68
0x4037aa,0xb4165fa9bf68
0x4037aa,0xb4165fac0d68
0x4037ba,0xd79e62a9e528
0x4037aa,0x32bd14ceb568
0x4037c1,0xd79e62b047f8
0x4037aa,0x989130962768
0x4037ba,0xea2062c10c0
0x4037aa,0x98913098b568
0x4037aa,0x9891309209a8
0x4037aa,0x7cb7319713a8
0x4037ba,0xa1abd7ffdc70
0x4037aa,0xb4165faacda8
0x4037ba,0xd79e62a63120
0x4037c1,0xa1abd801e500
0x4037aa,0x9891309913a8
0x4037aa,0x98913094d7a8
0x4037aa,0xb4165fa90fa8
0x4037aa,0x989130908ba8
0x4037ba,0xd79e62b40d58
0x4037aa,0xb4165fa94fa8
0x4037c1,0xd79e62bac670
0x4037aa,0x9891309309a8
0x4037aa,0x9891309c01a8
0x4037aa,0xb4165fabbda8
0x4037aa,0x9891309c11a8
0x4037c1,0x6c6f1e4c7280
0x4037aa,0xb4165fa99fa8
0x4037aa,0x9891309389a8
0x4037aa,0x9891309a63a8
0x4037aa,0x9891309865a8
0x4037aa,0x9891309ab3a8
0x4037ba,0x28e837e39120
0x4037aa,0x9891309409a8
0x4037c1,0xd79e62b801b0
0x4037aa,0xb4165faccda8
0x4037aa,0x9891309447e8
0x4037c1,0xd79e62ad1350
0x4037aa,0x9891309b31e8
0x4037aa,0xb4165fa8dfe8
0x4037ba,0xd79e62af4718
0x4037aa,0x9891309725e8
0x4037c1,0xea20630e828
0x4037ba,0xea2063131c0
0x4037ba,0xd79e62bc7c70
0x4037aa,0xb4165fa98fe8
0x4037ba,0xa213218d798
0x4037aa,0x9891309a23e8
0x4037ba,0xd79e62c13d20
0x4037aa,0x9891309cc1e8
0x4037aa,0x9891309647e8
0x4037aa,0x98913091ebe8
0x4037aa,0x9891309d31e8
0x4037ba,0x28e837d06390
0x4037aa,0xb4165fab1e28
0x4037aa,0x989130927a28
0x4037aa,0x98913094e828
0x4037aa,0x989130996428
0x4037ba,0xea2063309b8
0x4037ba,0xa2132195118
0x4037ba,0x28e837c92ee0
0x4037aa,0x9891309c7228
0x4037ba,0x28e837cf9138
0x4037aa,0x989130916c28
0x4037ba,0x28e837cf1398
0x4037ba,0xd79e62c331d0
0x4037aa,0xb4165fad1c68
0x4037ba,0xa1abd7fd6778
0x4037aa,0x98913096c668
0x4037ba,0xd79e62b13d28
0x4037aa,0x9891309b5268
0x4037ba,0x28e837e325c8
0x4037aa,0x989130907c68
0x4037aa,0x989130911c68
0x4037c1,0xd79e62afa4f0
0x4037ba,0xea2062d5130
0x4037ba,0xa1abd8027210
0x4037aa,0x98913091dc68
0x403044,0xd79e62b31e38
0x40302b,0xd79e62b32eb8
0x402c20,0xee30bb940198
0x402c20,0x5829a6ecb3b8
0x402a86,0xa1abd8022750
0x403702,0x270fe418998
0x403702,0x5b4487be3118
0x403702,0xb4165fa8d7a8
0x4037ba,0xa2132207c50
0x4037aa,0x989130925aa8
0x4037aa,0xb4165fab2ea8
0x4037c1,0xd79e62ac6588
0x4037ba,0xd79e62a931f8
0x4037ba,0x28e837d2d7b8
0x4037ba,0x28e837dcc1f0
0x4037c1,0x5829a6ec72b0
0x4037aa,0x98913090bca8
0x4037c1,0xd79e62a872a8
0x4037c1,0x28e837cbe520
0x4037aa,0x9891309c72a8
0x4037ba,0x28e837cb3d20
0x4037c1,0xa1abd7fd5278
0x4037ba,0xd79e62b85700
0x4037c1,0xd79e62aa2740
0x4037aa,0x9891309498e8
0x4037aa,0xb4165fab2ee8
0x4037aa,0x989130907ce8
0x4037aa,0x9891309e10e8
0x4037aa,0x98913099a4e8
0x4037ba,0xa21321e7ce8
0x4037ba,0xd79e62c33578
0x4037ba,0x28e837dd6c10
0x4037ba,0x28e837df31f8
0x4037aa,0x9891309608e8
0x4037aa,0x9891309d5128
0x4037aa,0x9891309d9128
0x4037aa,0xb4165fad3d28
0x4037aa,0x7cb731979128
0x4037ba,0x28e837e525c8
0x4037aa,0x989130974728
0x4037ba,0x6c5370333550
0x4037aa,0x9891309e3128
0x4037aa,0x98913099c528
0x4037ba,0xa1abd8007218
0x4037aa,0x9891309e5128
0x4037aa,0x98913099e528
0x4037aa,0x9891309c5328
0x4037aa,0x989130913d28
0x4037aa,0x989130985728
0x4037aa,0x9891309f5128
0x4037aa,0x9891309b1368
0x4037ba,0xd79e62b672a8
0x4037aa,0x989130993568
0x4037ba,0x28e837cd31e8
0x4037aa,0x989130976768
0x4037aa,0xb4165fabbf68
0x4037ba,0xa1abd8005300
0x4037aa,0x989130982768
0x4037c1,0xa1abd8001198
0x4037aa,0x9891309ab568
0x4037aa,0x9891309d1368
0x4037aa,0x98913091ed68
0x4037aa,0x9891309b13a8
0x4037ba,0xd79e62ad4720
0x4037aa,0x98913096d7a8
0x4037ba,0xa213219e508
0x4037aa,0x54c4531589a8
0x4037aa,0xb4165fab0fa8
0x4037ba,0xe8035e465138
0x4037aa,0x989130928ba8
0x4037aa,0xb4165fab4fa8
0x4037c1,0xd79e62b9e510
0x4037aa,0x9891309e01a8
0x4037aa,0x9891309509a8
0x4037ba,0x28e837d823d8
0x4037aa,0x9891309e11a8
0x4037aa,0xb4165fab9fa8
0x4037aa,0x98913090cda8
0x4037ba,0xd79e62b99120
0x4037ba,0xd79e62b71378
0x4037c1,0xa1abd8032e80
0x4037ba,0xd79e62a6cd80
0x4037aa,0x9891309589a8
0x4037aa,0x9891309c63a8
0x4037aa,0x9891309a65a8
0x4037aa,0x9891309cb3a8
0x4037aa,0x9891309609a8
0x4037ba,0x28e837d6e820
0x4037aa,0x98913091bda8
0x4037c1,0xee30bb9447e8
0x4037aa,0x9891309d13a8
0x4037aa,0xb4165faadfe8
0x4037aa,0x9891309925e8
0x4037ba,0xd79e62c2cd90
0x4037c1,0xea206301c78
0x4037aa,0xb4165fab8fe8
0x4037aa,0x32b6bf0423e8
0x4037ba,0xd79e62ad4fa8
0x4037aa,0x71d0d5938fe8
0x4037aa,0x9891309c23e8
0x4037aa,0x9891309ec1e8
0x4037ba,0xa1abd8043108
0x4037aa,0x9891309847e8
0x4037aa,0x98913093ebe8
0x4037aa,0x9891309f31e8
0x4037ba,0xea2062c1190
0x4037ba,0x28e837d9a4f0
0x4037aa,0xb4165facdfe8
0x4037c1,0x28e837d9dc68
0x4037ba,0x28e837d65a80
0x4037aa,0xb4165fad1e28
0x4037aa,0x989130947a28
0x4037aa,0x98913096e828
0x4037aa,0x9891309b6428
0x4037ba,0xea2062cd780
0x4037aa,0x9891309e7228
0x4037aa,0x989130936c28
0x4037ba,0xd79e62b9a4d8
0x4037aa,0x989130911e28
0x4037ba,0x28e837cd5268
0x4037ba,0xc48ca9045300
0x4037aa,0x989130967a28
0x4037aa,0x98913098c668
0x4037aa,0x9891309d5268
0x4037aa,0x989130921c68
0x4037ba,0xa213218b570
0x4037ba,0x5829a6ed2e98
0x4037ba,0xd79e62aa8b88
0x4037aa,0x989130927c68
0x4037ba,0xa1abd8012ee0
0x4037aa,0x989130931c68
0x4037ba,0xea20632c1e0
0x4037ba,0x28e837e55258
0x4037c1,0xd79e62b1ed68
0x4037aa,0x98913093dc68
0x4037aa,0x9891309ac668
0x4037aa,0x9891309f5268
0x4037aa,0x989130941c68
0x4037aa,0x989130945aa8
0x4037ba,0x28e837e54fa8
0x4037aa,0xb4165fad2ea8
0x4037ba,0xd79e62af9f88
0x4037ba,0x28e837d9bf58
0x4037ba,0xd79e62b1c518
0x4037ba,0xd79e62ae5118
0x4037aa,0x98913092bca8
0x4037ba,0xe8035e4665a8
0x4037c1,0x28e837d58998
0x4037ba,0xa1abd801dc68
0x4037c1,0x6c6f1e4c7280
0x4037aa,0x9891309e72a8
0x4037ba,0x28e837e601b0
0x4037ba,0xd79e62afdc50
0x4037aa,0x989130912ea8
0x4037ba,0x28e837dc23e8
0x4037aa,0x989130965aa8
0x4037aa,0x9891309698e8
0x4037aa,0xb4165fad2ee8
0x4037aa,0xc6aa2d7208e8
0x4037ba,0x28e837e60d78
0x4037aa,0x989130927ce8
0x4037aa,0x989130a010e8
0x4037ba,0x6c537033bdb8
0x4037c1,0xa21321a7208
0x4037aa,0x9891309ba4e8
0x4037ba,0xa1abd804bc90
0x4037ba,0xd79e62b07cf0
0x4037aa,0x989130912ee8
0x4037aa,0x9891309808e8
0x4037ba,0xd79e62c331d0
0x4037ba,0xa21321d5240
0x4037ba,0xa21321f5268
0x4037aa,0x774a7ece10e8
0x4037ba,0x28e837d74f80
0x4037aa,0x9891309898e8
0x4037aa,0x9891309f9128
0x4037ba,0xea206313568
0x4037aa,0x989130994728
0x4037aa,0x9891309bc528
0x4037aa,0x9891309be528
0x4037ba,0xe8035e467cc0
0x4037aa,0x9891309e5328
0x4037aa,0x989130933d28
0x4037aa,0x774a7ecd5128
0x4037c1,0xa7d08ad14708
0x4037aa,0x774a7ecd9128
0x4037aa,0x9891309a5728
0x4037aa,0x774a7ece3128
0x4037aa,0x989130920d68
0x4037ba,0xe8035e465a90
0x4037aa,0x9891309b3568
0x4037ba,0xea2063331e8
0x4037ba,0x6c537034b3a0
0x4037ba,0xa1abd8015240
0x4037aa,0x989130996768
0x4037ba,0x28e837d90f90
0x4037ba,0xea2063047f0
0x4037aa,0x9891309a2768
0x4037aa,0x9891309cb568
0x4037aa,0x9891309f1368
0x4037aa,0x98913093ed68
0x4037aa,0x98913091bf68
0x4037aa,0x989130940d68
0x4037ba,0xd79e62ac3110
0x4037aa,0x9891309d3568
0x4037ba,0x28e837d98fd0
0x4037aa,0x98913098d7a8
0x4037aa,0xb4165fad0fa8
0x4037aa,0x989130948ba8
0x4037c1,0xa1abd801e500
0x4037aa,0xb4165fad4fa8
0x4037aa,0xc6aa2d7209a8
0x4037aa,0x989130a001a8
0x4037ba,0x28e837cd0fb0
0x4037ba,0x5829a6edbf70
0x4037aa,0x989130a011a8
0x4037aa,0x9891309709a8
0x4037ba,0xa2132195118
0x4037ba,0xd79e62badfe0
0x4037aa,0x98913092cda8
0x4037c1,0xea20631c500
0x4037ba,0xd79e62ba23d0
0x4037c1,0xd79e62a73550
0x4037aa,0x9891309789a8
0x4037aa,0x9891309e63a8
0x4037ba,0x28e837df2ee8
0x4037aa,0x989130910fa8
0x4037aa,0x9891309c65a8
0x4037aa,0x9891309eb3a8
0x4037ba,0xea2063131c0
0x4037aa,0x9891309809a8
0x4037aa,0x989130914fa8
0x4037ba,0x28e837c92ee0
0x4037aa,0x98913093bda8
0x4037ba,0xa21321d5108
0x4037aa,0x99889801bda8
0x4037aa,0x9891309f13a8
0x4037aa,0x989130919fa8
0x4037aa,0x774a7ece01a8
0x4037aa,0x774a7ece11a8
0x4037aa,0x9891309ad7a8
0x4037aa,0x9891309b25e8
0x4037ba,0xd79e62bc7cd8
0x4037aa,0x774a7eccc1e8
0x4037aa,0x9891309e23e8
0x4037c1,0xea2062cbc80
0x4037aa,0x98913090dfe8
0x4037ba,0x28e837c95268
0x4037aa,0x774a7ecd31e8
0x4037c1,0xd79e62b87218
0x4037ba,0xea206312ee8
0x4037aa,0x9891309a47e8
0x4037aa,0x98913095ebe8
0x4037ba,0x28e837cb1380
0x4037aa,0x989130918fe8
0x4037aa,0x9891309d25e8
0x4037ba,0xea20633dc50
0x40304c,0xd79e62b32eb8
0x403702,0xb4165fa8d7a8
0x4037aa,0x9891309d6428
0x4037aa,0x98913098e828
0x4037ba,0xa2132207228
0x4037ba,0x28e837d05aa0
0x4037ba,0xe8035e4623f8
0x4037aa,0x989130931e28
0x4037aa,0x989130956c28
0x4037ba,0x28e837cd5268
0x4037c1,0x28e837dfe500
0x4037ba,0xd79e62addc40
0x4037ba,0x28e837e38ff0
0x4037aa,0x989130987a28
0x4037aa,0x9891309f6428
0x4037aa,0x9891309ae828
0x4037ba,0x28e837d3e538
0x4037aa,0x989130947c68
0x4037ba,0xd79e62bd31d8
0x4037aa,0x989130951c68
0x4037ba,0x28e837c95130
0x4037aa,0x774a7ecd5268
0x4037ba,0xd79e62a91388
0x4037aa,0x98913095dc68
0x4037aa,0x9891309cc668
0x4037aa,0x989130961c68
0x4037ba,0xd79e62ae2750
0x4037ba,0xd79e62c33d30
0x4037aa,0x989130967c68
0x4037c1,0x28e837e10fb8
0x4037aa,0x98913094bca8
0x4037aa,0x989130932ea8
0x4037ba,0xa1abd8019110
0x4037ba,0xea206300998
0x4037c1,0x28e837d525e8
0x4037aa,0x989130985aa8
0x4037c1,0xa1abd7fd5278
0x4037ba,0x28e837e2b3a8
0x4037ba,0x28e837cd5130
0x4037ba,0xea20632cda8
0x4037aa,0x989130947ce8
0x4037ba,0xd79e62c2bc80
0x4037aa,0x9891309da4e8
0x4037ba,0x28e837e36770
0x4037ba,0xa21321b4fa0
0x4037aa,0x989130932ee8
0x4037ba,0xd79e62ad0f90
0x4037ba,0x28e837e201a0
0x4037aa,0x9891309a08e8
0x4037ba,0xea20632dfe8
0x4037ba,0x28e837cd31e8
0x4037aa,0x774a7ed010e8
0x4037aa,0x9891309a98e8
0x4037aa,0x989130967ce8
0x402c56,0xea206325108
0x402c20,0x5829a6ecb3b8
0x4037aa,0x774a7ece5128
0x4037aa,0x9891309b4728
0x4037ba,0xd79e62ab4fb8
0x4037ba,0xa1abd80008d0
0x4037aa,0x9891309dc528
0x4037aa,0x9891309de528
0x4037ba,0xa1abd7fd8fd0
0x4037ba,0xd79e62b4e828
0x4037ba,0xd79e62c18988
0x4037aa,0x989130953d28
0x4037aa,0x774a7ecf5128
0x4037ba,0x28e837d0e800
0x4037aa,0x774a7ecf9128
0x4037aa,0x9891309c5728
0x4037ba,0x28e837d85aa0
0x4037ba,0xa1abd802c1c0
0x4037aa,0x774a7ed03128
0x4037aa,0x774a7ed05128
0x4037ba,0xa21321b8980
0x4037aa,0x9891309b6768
0x4037ba,0xa1abd80009a0
0x4037ba,0xa1abd8019fb0
0x4037ba,0xd79e62ab4730
0x4037ba,0xd79e62ac7288
0x4037aa,0x32b6bf042768
0x4037c1,0xee30bb941180
0x4037aa,0x774a7ecd1368
0x4037ba,0xd79e62b13570
0x4037aa,0x9891309c2768
0x4037ba,0xea206332ed8
0x4037c1,0x28e837e5bf50
0x4037aa,0x9891309eb568
0x4037ba,0x28e837d411b8
0x4037ba,0xa1abd8005300
0x4037aa,0x98913095ed68
0x4037aa,0x98913093bf68
0x4037aa,0x989130960d68
0x4037aa,0x99889801bf68
0x4037ba,0xd79e62b79f80
0x4037aa,0x9891309f3568
0x4037aa,0x989130968ba8
0x4037aa,0xd9e9d65f89a8
0x4037aa,0x9891309909a8
0x4037c1,0xd79e62c45a98
0x4037aa,0x98913094cda8
0x4037aa,0x774a7eccb3a8
0x4037aa,0x9891309989a8
0x4037ba,0xd79e62be8b90
0x4037aa,0x774a7ecd13a8
0x4037aa,0x989130930fa8
0x4037ba,0xa213218cdb8
0x4037aa,0x9891309e65a8
0x4037ba,0xa1abd804dff8
0x4037aa,0x989130934fa8
0x4037aa,0x9891309a09a8
0x4037ba,0xd79e62ac7c48
0x4037ba,0xd79e62bd2e90
0x4037aa,0x98913095bda8
0x4037aa,0x989130939fa8
0x4037aa,0x774a7ed001a8
0x4037aa,0x774a7ed011a8
0x4037ba,0xea20633dc50
0x4037aa,0x9891309cd7a8
0x4037aa,0x989130988ba8
0x4037ba,0xd79e62a6cd80
0x4037ba,0xa1abd8045130
0x4037c1,0xd79e62aa2740
0x4037ba,0x28e837c9c520
0x4037aa,0x774a7ecec1e8
0x4037aa,0x989130a023e8
0x4037c1,0x28e837d02768
0x4037aa,0x98913092dfe8
0x4037ba,0xa1abd80465a0
0x4037ba,0xa2132200d78
0x4037aa,0x774a7ecf31e8
0x4037c1,0xd79e62bac670
0x4037c1,0xa1abd7fe7220
0x4037ba,0xd79e62a9ed48
0x4037aa,0x9891309c47e8
0x4037aa,0x98913097ebe8
0x4037aa,0x989130938fe8
0x4037ba,0xd79e62a78fe0
0x4037aa,0x9891309f25e8
0x4037ba,0x28e837ce11a0
0x4037aa,0x774a7ece23e8
0x4037aa,0x774a7ece7228
0x4037ba,0x28e837c931f0
0x4037c1,0xd79e62ba5a80
0x4037ba,0xd79e62a5bda8
0x4037c1,0xa1abd8038ff0
0x4037aa,0x989130951e28
0x4037aa,0x989130976c28
0x4037aa,0x71d0d5936428
0x4037c1,0xd79e62ace808
0x4037aa,0x774a7ecd6428
0x4037ba,0xd79e62af4fa0
0x4037aa,0x9891309a7a28
0x4037ba,0xd79e62a56c38
0x4037aa,0x9891309ce828
0x4037aa,0x774a7ed07228
0x4037ba,0xa1abd7fe47d8
0x4037ba,0xd79e62c3c510
0x4037ba,0x28e837e647e8
0x4037c1,0xa1abd7fd9fb0
0x4037c1,0xa21321a7208
0x4037aa,0x989130971c68
0x4037ba,0x28e837e26588
0x4037ba,0xd79e62b54f80
0x4037aa,0x774a7ecf5268
0x4037ba,0xd79e62b210c0
0x4037aa,0x98913097dc68
0x4037aa,0x9891309ec668
0x4037ba,0x28e837e50f88
0x4037aa,0x989130981c68
0x4037aa,0x989130987c68
0x4037ba,0x28e837d39f88
0x4037aa,0x774a7ece72a8
0x4037aa,0x98913096bca8
0x4037ba,0xd79e62a7bd90
0x4037ba,0xa2132207290
0x4037ba,0xd79e62c35120
0x4037aa,0x989130952ea8
0x4037aa,0x32bd14cebca8
0x4037c1,0xea20631a4c0
0x4037aa,0x9891309a5aa8
0x4037ba,0x28e837cf1398
0x4037ba,0xe8035e4663a0
0x4037ba,0x28e837e63128
0x4037aa,0x774a7ed072a8
0x4037ba,0x98f5690dbd98
0x4037aa,0x98913098bca8
0x4037aa,0x9891309fa4e8
0x4037ba,0xd79e62b98fd8
0x4037aa,0x989130952ee8
0x4037aa,0x9891309c08e8
0x4037ba,0xd79e62afebe0
0x4037ba,0x28e837e0e808
0x4037aa,0x774a7ed210e8
0x4037aa,0x9891309c98e8
0x4037aa,0x774a7ecda4e8
0x4037ba,0xea206316c38
0x4037aa,0x989130987ce8
0x4037aa,0x9891309d4728
0x4037aa,0x774a7ece5328
0x4037ba,0xa1abd801dc68
0x4037aa,0x9891309fc528
0x4037ba,0xd79e62b672a8
0x4037aa,0x9891309fe528
0x4037ba,0xea2063309b8
0x4037ba,0xa21321d5108
0x4037aa,0x989130973d28
0x4037ba,0x28e837e39120
0x4037aa,0x774a7ed15128
0x4037ba,0xa1abd802cd88
0x4037ba,0x28e837c90fb0
0x4037aa,0x774a7ed19128
0x4037aa,0x9891309e5728
0x4037ba,0xd79e62a92ef8
0x4037aa,0x774a7ed23128
0x4037aa,0x774a7ecdc528
0x4037aa,0x774a7ed25128
0x4037aa,0x774a7ecde528
0x4037aa,0x9891309f4728
0x4037aa,0x774a7ed05328
0x4037ba,0xa21321fa4c8
0x4037ba,0xa1abd7fd3548
0x4037ba,0x28e837c925f0
0x4037aa,0x9891309d6768
0x4037ba,0xd79e62c2b390
0x4037ba,0x28e837cb6430
0x4037ba,0x28e837e51388
0x4037aa,0xc6aa2d720d68
0x4037ba,0x28e837cfe508
0x4037aa,0x774a7eccb568
0x4037ba,0x28e837dcc1f0
0x4037aa,0x774a7ecf1368
0x4037aa,0x9891309e2768
0x4037ba,0xd79e62bd6c08
0x4037ba,0xa1abd804bc90
0x4037aa,0x774a7ecd3568
0x4037ba,0xd79e62a92e90
0x4037aa,0x98913097ed68
0x4037aa,0x98913095bf68
0x4037aa,0x989130980d68
0x4037ba,0xd79e62a67cc0
0x4037ba,0x28e837c9a4c0
0x4037ba,0xd79e62c35258
0x4037aa,0x9891309f6768
0x4037aa,0x9891309b09a8
0x4037aa,0x774a7ece63a8
0x4037aa,0x98913096cda8
0x4037c1,0xa1abd801e500
0x4037aa,0x774a7eceb3a8
0x4037aa,0x9891309b89a8
0x4037aa,0x774a7ecf13a8
0x4037aa,0x989130950fa8
0x4037ba,0xd79e62b96410
0x4037aa,0x9891309c09a8
0x4037aa,0x989130954fa8
0x4037c1,0xa2132198998
0x4037ba,0x28e837e2bc98
0x4037c1,0x6c6f1e4c7280
0x4037aa,0x98913097bda8
0x4037aa,0x989130959fa8
0x4037aa,0x774a7ed201a8
0x4037aa,0x774a7ed211a8
0x4037aa,0x9891309ed7a8
0x4037aa,0x9891309a8ba8
0x4037ba,0x28e837de98e0
0x4037aa,0x9891309d09a8
0x4037ba,0xa1abd7fd8fd0
0x4037aa,0x774a7ed063a8
0x4037aa,0x774a7ed0c1e8
0x4037ba,0xea206316418
0x4037c1,0x28e837cdbf50
0x4037aa,0x54c453158fe8
0x4037aa,0x774a7ed131e8
0x4037aa,0x98913094dfe8
0x4037c1,0xea20631c500
0x4037c1,0x5829a6ec72b0
0x4037ba,0x28e837d90f90
0x4037aa,0x9891309e47e8
0x4037c1,0xea2062cbc80
0x4037aa,0x774a7ecd25e8
0x4037ba,0x28e837c90998
0x4037aa,0x98913099ebe8
0x4037ba,0xd79e62c331d0
0x4037aa,0x989130958fe8
0x4037ba,0xd79e62ae5730
0x4037ba,0xea206312e80
0x4037aa,0x774a7ed023e8
0x4037ba,0xd79e62a67c58
0x4037ba,0xea206322750
0x4037ba,0xd79e62addc40
0x4037c1,0xa1abd80263a0
0x4037aa,0x774a7ed2c1e8
0x4037c1,0xea2062ed7a8
0x4037aa,0x989130971e28
0x4037aa,0x989130996c28
0x4037ba,0xa1abd80201b0
0x4037ba,0x6c6f1e4c1c58
0x4037aa,0x774a7ecf6428
0x4037ba,0xd79e62a9e528
0x4037c1,0xd79e62afa4f0
0x4037aa,0x9891309c7a28
0x4037aa,0x9891309ee828
0x4037aa,0x774a7ed27228
0x4037c1,0xee30bb9447e8
0x4037aa,0x7cb731971c68
0x4037aa,0x989130991c68
0x4037ba,0xe8035e465a90
0x4037aa,0x774a7eccc668
0x4037aa,0x774a7ed15268
0x4037ba,0xea2062c10c0
0x4037ba,0xd79e62afbdb0
0x4037aa,0x98913099dc68
0x4037ba,0x28e837e525c8
0x4037aa,0x9891309a1c68
0x4037ba,0x28e837c95130
0x4037aa,0x9891309a7c68
0x4037ba,0xd79e62b6c1d8
0x4037ba,0xd79e62ae2750
0x403710,0xd79e62b87218
0x4037ba,0xd79e62b010e8
0x4037ba,0xd79e62b85700
0x4037ba,0xea2062d6438
0x4037ba,0xc6aa2d5a3128
0x4037ba,0xd79e62ab4fb8
0x4037ba,0x28e837cf09b8
0x4037aa,0x989130972ea8
0x4037ba,0x28e837c92ee0
0x4037ba,0x6c6f1e4c10f8
0x4037c1,0xd79e62a872a8
0x4037aa,0x9891309c5aa8
0x4037ba,0x28e837d6e820
0x4037aa,0x774a7ed272a8
0x4037aa,0x9891309abca8
0x4037c1,0x28e837d87298
0x4037c1,0xd79e62ad1350
0x4037ba,0xd79e62ab1e28
0x4037ba,0xd79e62b8bc88
0x4037aa,0x989130972ee8
0x4037aa,0x9891309e08e8
0x4037c1,0x8ad3301bebe8
0x4037aa,0x774a7ed410e8
0x4037c1,0xea206303110
0x4037aa,0x9891309e98e8
0x4037aa,0x774a7ecfa4e8
0x4037c1,0x28e837dfebe8
0x4037aa,0x9891309a7ce8
0x4037aa,0x8e9578f410e8
0x4037c1,0xd79e62bc0d70
0x4037aa,0x774a7ed35128
0x4037ba,0x28e837d98fd0
0x4037aa,0x989130993d28
0x4037aa,0x774a7ed39128
0x4037ba,0x5829a6edbf70
0x4037ba,0xa1abd8020d78
0x4037ba,0xd79e62b131c8
0x4037aa,0x774a7ecd4728
0x4037aa,0x774a7ed43128
0x4037aa,0x774a7ecfc528
0x4037aa,0x774a7ed45128
0x4037aa,0x774a7ecfe528
0x4037ba,0x28e837d65128
0x4037aa,0x774a7ed25328
0x4037ba,0x28e837db9130
0x4037ba,0xd79e62c3c510
0x4037ba,0x6c5370333550
0x4037aa,0x774a7eceb568
0x4037aa,0x774a7ed11368
0x4037aa,0x989130a02768
0x4037ba,0xa21321b4718
0x4037aa,0x774a7ecf3568
0x4037aa,0x71d0d5936768
0x4037aa,0x98913099ed68
0x4037ba,0xa1abd8033d38
0x4037aa,0x98913097bf68
0x4037aa,0x9891309a0d68
0x4037aa,0x774a7ecd6768
0x4037ba,0xd79e62b00990
0x4037ba,0xd79e62c13568
0x4037c1,0x28e837d62768
0x4037aa,0x774a7ece2768
0x4037ba,0x28e837cadfd8
0x4037aa,0x98913098cda8
0x4037aa,0x774a7ece65a8
0x4037aa,0x774a7ed0b3a8
0x4037ba,0xd79e62ae5320
0x4037aa,0x9891309d89a8
0x4037ba,0xea2062f1378
0x4037aa,0x774a7ed113a8
0x4037aa,0x989130970fa8
0x4037aa,0x774a7eccd7a8
0x4037aa,0x9891309e09a8
0x4037aa,0x989130974fa8
0x4037ba,0xea206300998
0x4037aa,0x98913099bda8
0x4037aa,0x989130979fa8
0x4037aa,0x774a7ed401a8
0x4037aa,0x774a7ed411a8
0x4037aa,0x9891309c8ba8
0x4037ba,0xd79e62a6cd80
0x4037ba,0xd79e62a9ed48
0x4037ba,0xd79e62b76778
0x4037aa,0x9891309f09a8
0x4037aa,0x774a7ed263a8
0x4037ba,0xd79e62ab1398
0x4037aa,0x9891309acda8
0x4037aa,0x774a7ed065a8
0x4037aa,0x8e9578f401a8
0x4037aa,0x774a7ed2b3a8
0x4037aa,0x8e9578f411a8
0x4037aa,0x9891309f89a8
0x4037ba,0xd79e62b35118
0x4037c1,0xd79e62a53558
0x4037ba,0xa1abd8027210
0x4037aa,0x774a7ed331e8
0x4037aa,0x98913096dfe8
0x4037c1,0xd79e62bc8b88
0x4037c1,0x28e837d02768
0x4037aa,0x774a7ecf25e8
0x4037aa,0x9891309bebe8
0x4037ba,0xd79e62c2c1c8
0x4037ba,0x28e837dc47d0
0x4037aa,0x989130978fe8
0x4037aa,0x774a7ed223e8
0x4037aa,0x71aadffb31e8
0x4037ba,0xa1abd8005300
0x4037ba,0xd79e62bd31d8
0x4037aa,0x774a7ece47e8
0x4037aa,0x7cb731971e28
0x4037aa,0x9891309b6c28
0x4037ba,0xd79e62beb570
0x4037aa,0x989130991e28
0x4037c1,0xd79e62c45a98
0x4037aa,0x774a7ecce828
0x4037aa,0x774a7ed16428
0x4037ba,0xa21321e7ce8
0x4037c1,0x6c6f1e4c7280
0x4037c1,0xd79e62ace808
0x4037aa,0x9891309e7a28
0x4037ba,0xd79e62c33d30
0x4037ba,0xd79e62b8dff0
0x4037aa,0x774a7ed47228
0x4037ba,0x5829a6ef1e18
0x4037ba,0x28e837e601b0
0x4037aa,0x9891309b1c68
0x4037ba,0x28e837d847d8
0x4037ba,0x28e837d65a80
0x4037aa,0x774a7ecec668
0x4037aa,0x774a7ed35268
0x4037ba,0xd79e62b13d28
0x4037c1,0xa21321a7208
0x4037ba,0x28e837e32eb8
0x4037aa,0x9891309bdc68
0x4037ba,0xd79e62ae10e8
0x4037aa,0x9891309c1c68
0x4037aa,0x9891309c7c68
0x4037c1,0xea206318980
0x4037ba,0x28e837d410e8
0x4037ba,0xd79e62ab6c18
0x4037aa,0x9891309d1c68
0x4037ba,0x28e837d125c0
0x4037ba,0xa1abd804b540
0x4037aa,0x989130992ea8
0x4037ba,0x6c6f1e4ce830
0x4037ba,0x28e837e51e18
0x4037ba,0xa7d08ad11378
0x4037c1,0xea2062fbf60
0x4037aa,0x9891309e5aa8
0x4037ba,0x28e837d21c60
0x4037c1,0x28e837dfe500
0x4037aa,0x774a7ed472a8
0x4037aa,0x9891309cbca8
0x40304c,0xd79e62b32eb8
0x402c20,0x5829a6ecb3b8
0x4029e0,0xd79e62a808f0
0x4037ba,0xd79e62bfe538
0x4037c1,0xd79e62a6d798
0x4037ba,0x28e837d113a0
0x4037ba,0xd79e62b8b398
0x4037ba,0xd79e62a7bd90
0x4037ba,0x28e837c8dfd0
0x4037aa,0x989130a008e8
0x4037aa,0x989130992ee8
0x4037c1,0x5829a6f07c58
0x4037ba,0xa1abd8023120
0x4037aa,0x774a7ed1a4e8
0x4037ba,0xa1abd804dff8
0x4037ba,0xea206316418
0x4037aa,0x9891309c7ce8
0x4037ba,0xd79e62c33578
0x4037aa,0x774a7ece08e8
0x4037aa,0x8e9578f610e8
0x4037c1,0xea2062cb390
0x4037aa,0x8e9578f43128
0x4037aa,0x774a7ece5728
0x4037aa,0x8e9578f45128
0x4037ba,0xd79e62b447e0
0x4037aa,0x9891309b3d28
0x4037ba,0x28e837df31f8
0x4037c1,0xd79e62bac670
0x4037aa,0x774a7ecf4728
0x4037aa,0x774a7ed1c528
0x4037aa,0x8e9578f55128
0x4037aa,0x774a7ed1e528
0x4037aa,0x774a7ed45328
0x4037aa,0x8e9578f59128
0x4037aa,0x774a7ed05728
0x4037aa,0x8e9578f63128
0x4037aa,0x9891309d3d28
0x4037ba,0xe8035e4623f8
0x4037ba,0x28e837c931f0
0x4037aa,0x8e9578f65128
0x4037ba,0xd79e62bcbca8
0x4037aa,0x774a7ed0b568
0x4037ba,0x28e837d823d8
0x4037aa,0x774a7ed31368
0x4037aa,0x774a7ed13568
0x4037aa,0x9891309bed68
0x4037ba,0xd79e62aa8b88
0x4037aa,0x98913099bf68
0x4037aa,0x9891309c0d68
0x4037aa,0x774a7ecf6768
0x4037ba,0xd79e62b010e8
0x4037ba,0xea20632dfe8
0x4037ba,0xd79e62ae5118
0x4037c1,0xd79e62accd90
0x4037aa,0x774a7ed02768
0x4037ba,0xd79e62a92e90
0x4037aa,0x774a7ed2b568
0x4037c1,0xd79e62ad1350
0x4037aa,0x774a7ed313a8
0x4037aa,0x989130990fa8
0x4037c1,0xa7d08ad14f90
0x4037aa,0x989130a009a8
0x4037ba,0x28e837e51c78
0x4037aa,0x774a7eced7a8
0x4037aa,0x989130994fa8
0x4037aa,0x9891309bbda8
0x4037ba,0xd79e62c2b390
0x4037ba,0x28e837d5ed78
0x4037aa,0x989130999fa8
0x4037aa,0x774a7ecd09a8
0x4037ba,0x28e837df2e80
0x4037aa,0x9891309e8ba8
0x4037ba,0xd79e62b41c68
0x4037aa,0x774a7ecd89a8
0x4037aa,0x774a7ed463a8
0x4037aa,0x9891309ccda8
0x4037aa,0x774a7ed265a8
0x4037aa,0x774a7ed4b3a8
0x4037aa,0x8e9578f601a8
0x4037aa,0x774a7ece09a8
0x4037aa,0x8e9578f611a8
0x4037aa,0x98913098dfe8
0x4037ba,0xd79e62b08b88
0x4037aa,0xd9e9d65f8fe8
0x4037ba,0xd79e62a91388
0x4037ba,0x6c537033bdb8
0x4037aa,0x774a7ed125e8
0x4037aa,0x9891309debe8
0x4037aa,0x8e9578f4c1e8
0x4037aa,0x989130998fe8
0x4037ba,0xd79e62ad0f90
0x4037c1,0x5829a6ec72b0
0x4037ba,0x28e837e55258
0x4037aa,0x8e9578f531e8
0x4037aa,0x774a7ed423e8
0x4037ba,0xd79e62ac3110
0x4037ba,0x28e837cc23e0
0x4037aa,0x774a7ed047e8
0x4037ba,0x28e837c90998
0x4037aa,0x9891309adfe8
0x4037aa,0x8e9578f423e8
0x4037c1,0xea2062ed7a8
0x4037ba,0xd79e62ae8b98
0x4037ba,0xea206328b80
0x4037aa,0x9891309b1e28
0x4037aa,0x9891309d6c28
0x4037ba,0x28e837e53d10
0x4037aa,0x8e9578f47228
0x4037ba,0xea2063309b8
0x4037aa,0x774a7ed36428
0x4037ba,0xd79e62b10fa0
0x4037aa,0x774a7ecee828
0x4037c1,0x28e837e80988
0x4037ba,0xa1abd8045a88
0x4037aa,0x9891309d1e28
0x4037aa,0x9891309f6c28
0x4037ba,0xe8035e45e510
0x4037aa,0x774a7ed0c668
0x4037ba,0x28e837ce63b8
0x4037aa,0x9891309ddc68
0x4037ba,0xd79e62b85700
0x4037ba,0xa1abd802c1c0
0x4037ba,0x28e837e63128
0x4037aa,0x9891309e1c68
0x4037ba,0xd79e62a67298
0x4037aa,0x9891309e7c68
0x4037aa,0x8e9578f55268
0x4037ba,0xa21321d5240
0x4037aa,0x9891309f1c68
0x4037ba,0x28e837e298c0
0x4037ba,0x28e837d59128
0x4037aa,0x774a7ed2c668
0x4037aa,0x9891309b2ea8
0x4037ba,0xd79e62b96c30
0x4037aa,0x8e9578f472a8
0x4037c1,0xa1abd801e500
0x4037ba,0xd79e62bb4730
0x4037ba,0xa1abd8043108
0x4037aa,0x9891309ebca8
0x4037ba,0xa1abd7fd8fd0
0x4037ba,0xd79e62b847c8
0x4037aa,0x9891309d2ea8
0x4037ba,0xa21321dbf50
0x4037aa,0x9891309b2ee8
0x4037aa,0x774a7ece98e8
0x4037ba,0xd79e62a67c58
0x4037aa,0x774a7ed3a4e8
0x4037ba,0xd79e62b79f80
0x4037ba,0xd79e62afbf50
0x4037ba,0x28e837dbc538
0x4037aa,0x9891309e7ce8
0x4037ba,0xea2063047f0
0x4037aa,0x8e9578f810e8
0x4037aa,0x774a7ed008e8
0x4037aa,0x9891309d2ee8
0x4037aa,0x8e9578f45328
0x4037ba,0x28e837e409a0
0x4037aa,0x774a7ed14728
0x4037ba,0x28e837cd5268
0x4037c1,0x28e837e27c58
0x4037aa,0x774a7ed3c528
0x4037aa,0x8e9578f75128
0x4037ba,0x28e837ce11a0
0x4037c1,0xee30bb941180
0x4037aa,0x774a7ed3e528
0x4037ba,0x28e837cb1e10
0x4037c1,0xea2062cbc80
0x4037aa,0x8e9578f79128
0x4037ba,0xd79e62a56c38
0x4037ba,0xd79e62a5bda8
0x4037aa,0x8e9578f83128
0x4037aa,0x774a7ed25728
0x4037aa,0x8e9578f85128
0x4037aa,0x9891309f3d28
0x4037ba,0xd79e62c331d0
0x4037aa,0x8e9578f3e528
0x4037ba,0x28e837dd6c10
0x4037aa,0x8e9578f65328
0x4037c1,0xea20633ed50
0x4037ba,0xa1abd8036c00
0x4037aa,0x774a7ed33568
0x4037ba,0x28e837c8d7b0
0x4037aa,0x9891309ded68
0x4037aa,0x9891309bbf68
0x4037aa,0x9891309e0d68
0x4037aa,0x774a7ed16768
0x4037ba,0xd79e62be7228
0x4037aa,0xc48ca9151368
0x4037aa,0x8e9578f51368
0x4037aa,0x774a7ed22768
0x4037aa,0x71aadffb3568
0x4037aa,0x774a7ed4b568
0x4037ba,0xd79e62a92ef8
0x402c56,0xd79e62b4d798
0x402c50,0xd79e62acb3b8
0x402c20,0x5829a6ecb3b8
0x4037aa,0x9891309b0fa8
0x4037aa,0x774a7ed0d7a8
0x4037aa,0x8e9578f463a8
0x4037aa,0x9891309b4fa8
0x4037aa,0x9891309dbda8
0x4037aa,0x9891309b9fa8
0x4037aa,0x8e9578f4b3a8
0x4037ba,0x28e837e408d0
0x4037aa,0x8ec426ccd7a8
0x4037aa,0x774a7ecf09a8
0x4037ba,0xea2062c2768
0x4037ba,0x28e837e53558
0x4037ba,0xea206312e80
0x4037aa,0xc48ca91513a8
0x4037aa,0x8e9578f513a8
0x4037aa,0x774a7ecf89a8
0x4037aa,0x9891309ecda8
0x4037aa,0x774a7ed465a8
0x4037aa,0x8e9578f801a8
0x4037aa,0x8e9578f811a8
0x4037aa,0x774a7ed009a8
0x4037ba,0xd79e62afdc50
0x4037aa,0x9891309d0fa8
0x4037aa,0x774a7ed2d7a8
0x4037ba,0x5829a6ec10d8
0x4037aa,0x774a7ed325e8
0x4037aa,0x9891309febe8
0x4037aa,0x8e9578f6c1e8
0x4037aa,0x9891309b8fe8
0x4037ba,0xa1abd803dc40
0x4037aa,0x8e9578f731e8
0x4037c1,0xa1abd80113a8
0x4037ba,0x28e837c9c520
0x4037aa,0x774a7ed247e8
0x4037aa,0x9891309cdfe8
0x4037aa,0x774a7ecdebe8
0x4037ba,0xd79e62c33d30
0x4037aa,0x8e9578f623e8
0x4037aa,0x8e9578f67228
0x4037aa,0x774a7ece7a28
0x4037aa,0x774a7ed0e828
0x4037ba,0xa21321e1180
0x4037ba,0x28e837e325c8
0x4037ba,0xa21321b4718
0x4037ba,0xd79e62c40d60
0x4037ba,0x28e837e3c508
0x4037aa,0x71d0d5936c28
0x4037aa,0x8e9578f56428
0x4037aa,0x774a7ecd6c28
0x4037ba,0xc48ca9045300
0x4037aa,0x9891309f1e28
0x4037c1,0xa1abd7fd5278
0x4037aa,0x8e9578f87228
0x4037aa,0x774a7ed07a28
0x4037c1,0xea2062ed7a8
0x4037ba,0x28e837d12eb0
0x4037aa,0x9891309fdc68
0x4037ba,0xd79e62a98fe0
0x4037aa,0x989130a01c68
0x4037c1,0xea20631c500
0x4037aa,0x8e9578f75268
0x4037aa,0x774a7ecd1c68
0x4037ba,0xea206300998
0x4037c1,0xea20630e828
0x4037ba,0xd79e62bd31d8
0x4037ba,0xa21321b8980
0x4037aa,0x774a7ecddc68
0x4037c1,0xea2062cb390
0x4037aa,0x774a7ece1c68
0x4037c1,0x28e837dad788
0x4037aa,0x774a7ece5aa8
0x4037aa,0x8e9578f672a8
0x4037c1,0x28e837dfebe8
0x4037ba,0xa1abd7fd3d00
0x4037aa,0x774a7eccbca8
0x4037c1,0xd79e62bc08f8
0x4037ba,0x28e837cf1398
0x4037ba,0xe8035e4665a8
0x4037ba,0xd79e62a9e528
0x4037aa,0x9891309f2ea8
0x4037ba,0x28e837e36770
0x4037aa,0x8e9578f872a8
0x4037aa,0x774a7ed05aa8
0x4037ba,0xea2062c10c0
0x4037aa,0x774a7ed098e8
0x4037c1,0xd79e62a61198
0x4037c1,0xd79e62b9e510
0x4037aa,0x8e9578fa10e8
0x4037aa,0x774a7ed208e8
0x4037aa,0x8e9578f5a4e8
0x4037ba,0xea206316758
0x4037c1,0x28e837d52ed8
0x4037aa,0x9891309f2ee8
0x4037aa,0x774a7ed298e8
0x4037aa,0x774a7ed34728
0x4037c1,0x28e837e1c510
0x4037aa,0x8e9578f95128
0x4037aa,0x8e9578f99128
0x4037aa,0x774a7ecd3d28
0x4037ba,0xe8035e4623f8
0x4037aa,0x8e9578fa3128
0x4037aa,0x774a7ed45728
0x4037ba,0x28e837d74f80
0x4037aa,0x8e9578fa5128
0x4037aa,0x8e9578f5c528
0x4037aa,0x8e9578f5e528
0x4037aa,0x8e9578f85328
0x4037ba,0x28e837dd3d08
0x4037ba,0xd79e62b8b398
0x4037aa,0x9891309fed68
0x4037aa,0x9891309dbf68
0x4037aa,0x989130a00d68
0x4037aa,0x774a7ed36768
0x4037ba,0xd79e62c2bc80
0x4037aa,0x8e9578f4b568
0x4037aa,0x8e9578f71368
0x4037ba,0xa1abd7fe23f0
0x4037ba,0xd79e62c498f8
0x4037aa,0x8e9578f53568
0x4037aa,0x774a7ed42768
0x4037ba,0xd79e62ad0f90
0x4037ba,0xd79e62b18998
0x4037ba,0xe8035e467230
0x4037ba,0xa1abd7ff1c48
0x4037aa,0x774a7ecded68
0x4037aa,0x774a7ece0d68
0x4037ba,0x28e837d39f88
0x4037ba,0xea2062d6438
0x4037aa,0x8e9578f42768
0x402a9c,0xd79e62b55110
0x4037aa,0x8e9578f663a8
0x4037aa,0x9891309d4fa8
0x4037aa,0x9891309fbda8
0x4037ba,0x28e837e2bc98
0x4037aa,0x774a7ece8ba8
0x4037aa,0x8e9578f465a8
0x4037ba,0x28e837d5ed78
0x4037aa,0x8e9578f6b3a8
0x4037aa,0x9891309d9fa8
0x4037aa,0x774a7ed109a8
0x4037aa,0x7cb731979fa8
0x4037c1,0xd79e62ac6588
0x4037ba,0xa1abd8015108
0x4037aa,0x8e9578f713a8
0x4037aa,0x774a7ecccda8
0x4037aa,0x774a7ed189a8
0x4037ba,0x28e837cc3138
0x4037ba,0xd79e62afbf50
0x4037ba,0xd79e62c3c510
0x4037aa,0x8e9578fa01a8
0x4037aa,0x8e9578fa11a8
0x4037aa,0x774a7ed209a8
0x4037ba,0xea2062be518
0x4037ba,0xa7d08ad11e08
0x4037aa,0x774a7ecdbda8
0x4037aa,0x9891309f0fa8
0x4037aa,0x8e9578f863a8
0x4037aa,0x9891309f4fa8
0x4037c1,0xd79e62b801b0
0x4037aa,0x774a7ed08ba8
0x4037aa,0x8e9578f8b3a8
0x4037aa,0x8e9578f8c1e8
0x4037aa,0x9891309d8fe8
0x4037ba,0xd79e62a70f90
0x4037aa,0x8e9578f931e8
0x4037ba,0xd79e62b40190
0x4037ba,0xd79e62a67298
0x4037c1,0xa1abd8038ff0
0x4037ba,0xd79e62a931f8
0x4037aa,0x8e9578f525e8
0x4037ba,0xa1abd8045338
0x4037ba,0xd79e62a9ed48
0x4037aa,0x774a7ed447e8
0x4037ba,0xd79e62a5bda8
0x4037aa,0x9891309edfe8
0x4037aa,0x774a7ecfebe8
0x4037aa,0x8e9578f823e8
0x4037ba,0xd79e62b79f80
0x4037c1,0xee30bb9447e8
0x4037aa,0x8e9578fac1e8
0x4037aa,0x9891309f8fe8
0x4037aa,0x774a7ed2e828
0x4037ba,0xa1abd80047e8
0x4037ba,0x28e837e32eb8
0x4037ba,0x28e837dd3550
0x4037ba,0x28e837cfebf0
0x4037ba,0xd79e62a56c38
0x4037ba,0xea206325108
0x4037aa,0x8e9578f76428
0x4037aa,0x774a7ecd1e28
0x4037aa,0x774a7ecf6c28
0x4037aa,0x8e9578fa7228
0x4037ba,0xd79e62afdc50
0x4037c1,0x28e837d62768
0x4037aa,0x774a7ed27a28
0x4037ba,0x28e837e298c0
0x4037ba,0x28e837ce11a0
0x4037ba,0xd79e62a51e20
0x4037aa,0x774a7ece7c68
0x4037ba,0xa1abd8019fb0
0x4037aa,0x8e9578f95268
0x4037aa,0x8e9578f4c668
0x4037aa,0x774a7ecf1c68
0x4037ba,0xea206322750
0x4037ba,0xea20631dc58
0x4037aa,0x774a7ecfdc68
0x4037c1,0xd79e62accd90
0x4037ba,0x28e837cf9138
0x4037aa,0x774a7ed01c68
0x4037ba,0xd79e62ba23d0
0x4037aa,0x774a7ed07c68
0x4037ba,0xd79e62bbe510
0x4037aa,0x774a7ecebca8
0x4037aa,0x774a7ecd2ea8
0x4037ba,0x28e837d411b8
0x4037ba,0xd79e62addc40
0x4037ba,0x28e837e63128
0x4037aa,0x8e9578fa72a8
0x4037aa,0x774a7ed25aa8
0x4037ba,0x28e837d59128
0x4037ba,0x28e837d725c8
0x4037aa,0x774a7ece7ce8
0x4037ba,0x28e837d125c0
0x4037ba,0xa1abd801dc68
0x4037aa,0x774a7ecd2ee8
0x4037aa,0x8e9578fc10e8
0x4037aa,0x774a7ed408e8
0x4037aa,0x8e9578f7a4e8
0x4037aa,0x774a7ed498e8
0x4037aa,0x8e9578f408e8
0x4037aa,0x774a7ed07ce8
0x4037ba,0xa1abd7ffdc70
0x4037aa,0x8e9578f45728
0x4037aa,0x8e9578fb5128
0x4037aa,0x8e9578fb9128
0x4037ba,0xa21321b4fa0
0x4037aa,0x774a7ecf3d28
0x4037ba,0xd79e62a91e18
0x4037aa,0x8e9578fc3128
0x4037aa,0x8e9578f54728
0x4037aa,0x8e9578f7c528
0x4037aa,0x8e9578fc5128
0x4037ba,0xd79e62ac7288
0x4037ba,0x28e837d410e8
0x4037aa,0x8e9578f7e528
0x4037aa,0x8e9578fa5328
0x4037aa,0x2554302a3128
0x4037c1,0xa1abd80263a0
0x4037aa,0x8e9578f65728
0x4037aa,0x9891309fbf68
0x4037aa,0x8e9578f6b568
0x4037aa,0x8e9578f91368
0x4037ba,0xd79e62b010e8
0x4037aa,0x8e9578f73568
0x4037c1,0x8ad3301bebe8
0x4037ba,0x28e837c92ee0
0x4037aa,0x8e9578f56768
0x4037c1,0xea206318980
0x4037aa,0x774a7ecfed68
0x4037aa,0x774a7ecdbf68
0x4037aa,0x774a7ed00d68
0x4037c1,0x28e837d52ed8
0x4037aa,0x8e9578f62768
0x4037aa,0x8e9578f8b568
0x4037aa,0x8e9578f665a8
0x4037aa,0x9891309f9fa8
0x4037ba,0xd79e62aa8b88
0x4037aa,0x774a7ed309a8
0x4037aa,0x54bf1d85bda8
0x4037aa,0x8e9578f913a8
0x4037ba,0x28e837d90f90
0x4037aa,0x774a7ececda8
0x4037aa,0x774a7ed389a8
0x4037aa,0x8e9578f4d7a8
0x4037ba,0xa21321bbd88
0x4037ba,0xa1abd8027210
0x4037aa,0x774a7ecd0fa8
0x4037aa,0x8e9578fc01a8
0x4037aa,0x8e9578fc11a8
0x4037aa,0x774a7ed409a8
0x4037c1,0x6c6f1e4c7280
0x4037aa,0x774a7ecd4fa8
0x4037c1,0xd79e62a872a8
0x4037ba,0xd79e62ac7220
0x4037aa,0x774a7ecfbda8
0x4037aa,0x32bd14d189a8
0x4037ba,0x28e837cb6770
0x4037aa,0x774a7ecd9fa8
0x4037ba,0xa2132207c50
0x4037aa,0x8e9578fa63a8
0x4037aa,0x8e9578f865a8
0x4037aa,0x774a7ed28ba8
0x4037aa,0x8e9578fab3a8
0x4037ba,0x28e837d85aa0
0x4037aa,0x8e9578f409a8
0x403702,0x270fe418998
0x4037aa,0x8e9578f447e8
0x4037ba,0xa2132195250
0x4037aa,0x8e9578fb31e8
0x4037ba,0xe8035e467298
0x4037ba,0x28e837e40180
0x4037c1,0xd79e62a99f80
0x4037aa,0x8e9578f725e8
0x4037aa,0x774a7eccdfe8
0x4037c1,0xea2062cbc80
0x4037ba,0xd79e62ae5118
0x4037aa,0x774a7ed1ebe8
0x4037aa,0x8e9578fa23e8
0x4037aa,0x774a7ecd8fe8
0x4037ba,0xea206307cd0
0x4037ba,0xa1abd8020d78
0x4037aa,0x8e9578fcc1e8
0x4037c1,0x28e837d87298
0x4037aa,0x8e9578f647e8
0x4037aa,0x8e9578fd31e8
0x4037aa,0x1a64fc5b6428
0x4037c1,0xd79e62bc0d70
0x4037ba,0xd79e62b96c30
0x4037ba,0xa1abd8005300
0x4037c1,0xa21321a7208
0x4037ba,0xa21321e7ce8
0x4037aa,0x8e9578f96428
0x4037aa,0x8e9578f4e828
0x4037aa,0x774a7ecf1e28
0x4037aa,0x774a7ed16c28
0x4037aa,0x8e9578fc7228
0x4037aa,0x774a7ed47a28
0x4037ba,0xa21321f5268
0x4037ba,0x28e837d823d8
0x4037ba,0xea2062d6778
0x4037ba,0xe930e6c11350
0x4037aa,0x8e9578fb5268
0x4037aa,0x8e9578f6c668
0x4037aa,0x774a7ed11c68
0x4037c1,0x28e837e1c510
0x4037ba,0xa1abd7febcb8
0x4037c1,0xa1abd80113a8
0x4037aa,0x774a7ed1dc68
0x4037ba,0x28e837db9130
0x4037ba,0xd79e62b25300
0x4037c1,0xea206301c78
0x4037ba,0xd79e62bd31d8
0x4037ba,0x28e837e601b0
0x4037ba,0x5829a6ef1e18
0x4037ba,0x28e837cfebf0
0x4037aa,0x774a7ed21c68
0x4037ba,0x28e837e525c8
0x4037c1,0xd79e62b1ed68
0x4037c1,0xd79e62b047f8
0x4037ba,0xd79e62b23108
0x4037aa,0x774a7ed27c68
0x4037ba,0xd79e62a8b380
0x4037ba,0xd79e62ae5730
0x4037ba,0xd79e62b00990
0x4037aa,0x774a7ed0bca8
0x4037aa,0x774a7ecf2ea8
0x4037c1,0xee30bb941180
0x4037ba,0xa2132195118
0x4037aa,0x8e9578fc72a8
0x4037aa,0x774a7ed45aa8
0x4037aa,0x774a7ed2bca8
0x4037ba,0x28e837cc3138
0x4037ba,0xd79e62b8dff0
0x4037aa,0x8e9578f498e8
0x4037c1,0xa1abd7fd9fb0
0x4037ba,0xc48ca9045300
0x4037aa,0x8e9578fe10e8
0x4037aa,0x774a7ecf2ee8
0x4037aa,0x8e9578f9a4e8
0x4037ba,0x28e837d9bdb8
0x4037ba,0xd79e62c33578
0x4037aa,0x774a7ed27ce8
0x4037aa,0x8e9578f608e8
0x4037aa,0x8e9578fd5128
0x4037aa,0x8e9578fd9128
0x4037ba,0x6c5370333d08
0x4037ba,0x28e837d989b8
0x4037ba,0xa1abd7fd3548
0x4037aa,0x774a7ed13d28
0x4037ba,0x28e837e32eb8
0x4037ba,0x28e837cfe508
0x4037aa,0x8e9578f74728
0x4037aa,0x8e9578fe3128
0x4037aa,0x8e9578f9c528
0x4037aa,0x8e9578fe5128
0x4037aa,0x71d0d5939128
0x4037aa,0x8e9578f9e528
0x4037aa,0x8e9578fc5328
0x4037c1,0x28e837dfebe8
0x4037ba,0xe8035e4663a0
0x4037aa,0x8e9578f85728
0x4037ba,0x28e837e39120
0x4037aa,0x7cb7319b9128
0x4037aa,0x8e9578ff5128
0x4037aa,0x8e9578fb1368
0x4037ba,0xd79e62b6c1d8
0x4037aa,0x54bf1d85bf68
0x4037ba,0xd79e62c18988
0x4037aa,0x8e9578f93568
0x4037ba,0xd79e62afbdb0
0x4037ba,0xd79e62b43100
0x4037aa,0x8e9578f76768
0x4037aa,0x92da1fa51368
0x4037ba,0xea2063325e8
0x4037aa,0x774a7ed1ed68
0x4037aa,0x774a7ecfbf68
0x4037aa,0x774a7ed20d68
0x4037aa,0x8e9578f82768
0x4037aa,0x8e9578fab568
0x4037ba,0xd79e62b54f80
0x4037aa,0x8e9578fd1368
0x4037aa,0x8e9578fb13a8
0x4037aa,0x774a7ed0cda8
0x4037aa,0xf1720cbd09a8
0x4037ba,0xa213218cdb8
0x4037aa,0x8e9578f6d7a8
0x4037c1,0x98f5690ddc58
0x4037c1,0xd79e62c098d0
0x4037aa,0x774a7ecf0fa8
0x4037aa,0x8e9578fe01a8
0x4037aa,0x8e9578fe11a8
0x4037aa,0x8e9578f509a8
0x4037aa,0x774a7ecf4fa8
0x4037aa,0x92da1fa513a8
0x4037c1,0xd79e62bc08f8
0x4037aa,0x774a7ed1bda8
0x4037c1,0x6c6f1e4c7280
0x4037aa,0x774a7ecf9fa8
0x4037c1,0xd79e62a872a8
0x4037aa,0x8e9578fc63a8
0x4037aa,0x8e9578f589a8
0x4037aa,0x8e9578fa65a8
0x4037aa,0x774a7ed48ba8
0x4037aa,0x8e9578fcb3a8
0x4037c1,0xd79e62c47230
0x4037aa,0x8e9578f609a8
0x4037aa,0x8e9578fd13a8
0x4037aa,0x774a7ed2cda8
0x4037aa,0x8e9578f925e8
0x4037aa,0x774a7ecedfe8
0x4037ba,0x28e837e50f88
0x4037aa,0x774a7ed3ebe8
0x4037ba,0x28e837c925f0
0x4037c1,0xa1abd7fe7220
0x4037aa,0x8e9578fc23e8
0x4037aa,0x774a7ecf8fe8
0x4037aa,0x8e9578fec1e8
0x4037aa,0x8e9578f847e8
0x4037ba,0x28e837d11e30
0x4037aa,0x8e9578f3ebe8
0x4037aa,0x8e9578ff31e8
0x4037ba,0x28e837d05aa0
0x4037aa,0x8e9578f47a28
0x4037aa,0x8e9578fb6428
0x4037aa,0x8e9578f6e828
0x4037aa,0x774a7ed11e28
0x4037aa,0x774a7ed36c28
0x4037ba,0xd79e62bc7c70
0x4037c1,0x5829a6ec72b0
0x4037ba,0x28e837d610e0
0x4037aa,0x8e9578fe7228
0x4037c1,0xea20631a4c0
0x4037ba,0x6c6f1e4c1c58
0x4037ba,0xd79e62bb4730
0x4037ba,0xa1abd803dc40
0x4037ba,0xea2062e23e8
0x4037ba,0xd79e62bc7cd8
0x4037aa,0x8e9578f8c668
0x4037aa,0x8e9578fd5268
0x4037ba,0xd79e62b33540
0x4037aa,0x774a7ed31c68
0x4037ba,0x28e837e2bc98
0x4037ba,0xd79e62b25710
0x4037ba,0xa213218c1f0
0x4037ba,0xa21321e1180
0x4037c1,0x28e837e80988
0x4037aa,0x774a7ed3dc68
0x4037ba,0xea2063210c0
0x4037ba,0x28e837d2dfd8
0x4037aa,0x774a7ed41c68
0x4037ba,0xd79e62b07cf0
0x4037aa,0x774a7ed47c68
0x4037ba,0x28e837e36430
0x4037aa,0x8e9578fac668
0x4037aa,0x8e9578f41c68
0x4037aa,0x8e9578ff5268
0x4037aa,0x8e9578f45aa8
0x4037ba,0xa1abd8019fb0
0x4037aa,0x774a7ed12ea8
0x4037ba,0xa2132196428
0x4037aa,0x8e9578fe72a8
0x4037ba,0x5829a6ed3558
0x4037ba,0xa1abd7fd3d00
0x4037aa,0x774a7ed4bca8
0x4037aa,0x8e9578f65aa8
0x4037aa,0x8e9578f698e8
0x4037ba,0xa1abd8023120
0x4037ba,0xd79e62b1c518
0x4037aa,0x774a7ed12ee8
0x4037aa,0x8e9578fba4e8
0x4037aa,0x8e95790010e8
0x4037c1,0xd79e62c27208
0x4037ba,0xd79e62a9e528
0x4037aa,0x8e9578f808e8
0x4037aa,0x774a7ed47ce8
0x4037c1,0xd79e62accd90
0x4037c1,0xd79e62c4c648
0x4037aa,0x8e9578f898e8
0x4037aa,0x8e9578ff9128
0x4037ba,0x28e837e731d8
0x4037aa,0x774a7ed33d28
0x4037aa,0x8e9578f94728
0x4037aa,0x8e9578fbc528
0x4037aa,0x8e9579003128
0x4037aa,0x8e9578fbe528
0x4037aa,0x8e9579005128
0x4037aa,0x8e9578fe5328
0x4037ba,0xea2062c10c0
0x4037ba,0xea206300998
0x4037c1,0x28e837dfe500
0x4037aa,0x8e9578fa5728
0x4037aa,0x71aadffb3d28
0x4037ba,0xd79e62a5bda8
0x4037aa,0x8e9579015128
0x4037aa,0x8e9579019128
0x4037ba,0x28e837dc23e8
0x4037ba,0xd79e62b71378
0x4037c1,0xea20633ed50
0x4037aa,0x1a64fc5b6768
0x4037ba,0xd79e62c13568
0x4037c1,0x28e837e10fb8
0x4037aa,0x8e9578fb3568
0x4037ba,0xa1abd80125f0
0x4037ba,0xa1abd8019110
0x4037aa,0x8e9578f96768
0x4037aa,0x774a7ed3ed68
0x4037ba,0x28e837dc47d0
0x4037aa,0x774a7ed40d68
0x4037aa,0x774a7ed1bf68
0x4037aa,0x8e9578fa2768
0x4037ba,0xd79e62ab6c18
0x4037c1,0xd79e62bc8b88
0x4037aa,0x8e9578fcb568
0x4037aa,0x8e9578ff1368
0x4037aa,0x8e9578f3ed68
0x4037aa,0x8e9578f40d68
0x4037aa,0x8e9578fd3568
0x4037ba,0x28e837ce63b8
0x4037aa,0x8e9578f8d7a8
0x4037c1,0xa21321b2ec0
0x4037ba,0x28e837d59128
0x4037aa,0x8e9578f48ba8
0x4037aa,0x774a7ed10fa8
0x4037ba,0x28e837e51c78
0x4037aa,0x8e95790001a8
0x4037aa,0x8e9578f709a8
0x4037aa,0x8e95790011a8
0x4037ba,0xd79e62a647f8
0x4037aa,0x774a7ed14fa8
0x4037aa,0x774a7ed3bda8
0x4037c1,0xea20631c500
0x4037c1,0xd79e62bac670
0x4037aa,0x774a7ed19fa8
0x4037aa,0x8e9578f789a8
0x4037ba,0x28e837d01190
0x4037aa,0x8e9578fe63a8
0x4037aa,0x8e9578fc65a8
0x4037aa,0x8e9578feb3a8
0x4037aa,0x8e9578f809a8
0x4037aa,0x8e9578ff13a8
0x4037ba,0xd79e62a78fe0
0x4037aa,0x8e9578fad7a8
0x4037aa,0x8e9578fb25e8
0x4037aa,0x774a7ed0dfe8
0x4037ba,0xa1abd804dff8
0x4037ba,0xe8035e467c58
0x4037ba,0xa2132200d78
0x4037ba,0x28e837e54fa8
0x4037aa,0x8ec426ccdfe8
0x4037c1,0xd79e62b9e510
0x4037aa,0x8e9578fe23e8
0x4037aa,0x774a7ed18fe8
0x4037ba,0x28e837ddbd90
0x4037aa,0x8e957900c1e8
0x4037aa,0x8e9578fa47e8
0x4037aa,0x8e95790131e8
0x4037aa,0x8e9578f5ebe8
0x4037ba,0x28e837c95130
0x4037ba,0x28e837d21c60
0x4037ba,0x28e837ce11a0
0x4037aa,0x8e9578fd25e8
0x4037aa,0x774a7ed2dfe8
0x4037aa,0x8e9578f67a28
0x4037aa,0x8e9578fd6428
0x4037aa,0x8e9578f8e828
0x4037aa,0x774a7ed31e28
0x4037ba,0xd79e62bd6c08
0x4037ba,0x28e837d65330
0x4037ba,0xea206312ee8
0x4037ba,0xd79e62b210c0
0x4037ba,0x28e837cfe508
0x4037aa,0x8e9579007228
0x4037ba,0x28e837d6e820
0x4037aa,0x8e9578f56c28
0x4037aa,0x8e9578f87a28
0x4037aa,0x8e9578fae828
0x4037aa,0x8e9578ff6428
0x4037ba,0xd79e62ac3110
0x4037aa,0x8e9578f47c68
0x4037ba,0xe8035e467cc0
0x4037ba,0xa21321f5130
0x4037ba,0xa21322001b0
0x4037ba,0xd79e62ab4730
0x4037ba,0x28e837e60d78
0x4037ba,0xd79e62a9c538
0x4037ba,0x28e837d06390
0x4037aa,0xc48ca9151c68
0x4037aa,0x8e9578f51c68
0x4037ba,0xa1abd8005710
0x4037ba,0xea20632c1e0
0x4037aa,0x8e9578fcc668
0x4037aa,0x8e9578f5dc68
0x4037ba,0xe8035e45bf40
0x4037aa,0x8e9579015268
0x4037aa,0x8e9578f61c68
0x4037ba,0xa1abd7fd8fd0
0x4037ba,0xa1abd8015240
0x4037aa,0x774a7ed32ea8
0x4037aa,0x8e9578f4bca8
0x4037aa,0x8e95790072a8
0x4037c1,0x6c6f1e4c7280
0x4037ba,0x28e837cb6430
0x4037ba,0xd79e62addc40
0x4037aa,0x8e9578f85aa8
0x4037ba,0x28e837dcc1f0
0x4037ba,0x28e837df2ee8
0x4037ba,0xa1abd8043108
0x4037aa,0x774a7ed32ee8
0x4037aa,0x8e95790210e8
0x4037aa,0x8e9578f47ce8
0x4037aa,0x8e9578fda4e8
0x4037ba,0xa1abd8033d38
0x4037aa,0x8e9578fa08e8
0x4037ba,0xa213219e508
0x4037aa,0x8e9578fa98e8
0x4037ba,0x28e837ca5ab0
0x4037ba,0xa1abd8007218
0x4037c1,0xee30bb941c78
0x4037ba,0x28e837e39120
0x0,0xd79e62b31e38
0x4037aa,0x8e9578fb4728
0x4037c1,0xa2132201c40
0x4037aa,0x8e9579023128
0x4037ba,0xe8035e467298
0x4037c1,0xd79e62c45a98
0x4037aa,0x8e9578fdc528
0x4037aa,0x8e9579025128
0x4037aa,0x8e9578fde528
0x4037aa,0x8e9579005328
0x4037aa,0x8e9578f53d28
0x4037aa,0x8e9578fc5728
0x4037c1,0xd79e62afa4f0
0x4037aa,0x8e9579035128
0x4037aa,0x8e9579039128
0x4037ba,0x28e837cd1e18
0x4037aa,0xe5cff27a3128
0x4037ba,0xa21321d4718
0x4037ba,0xd79e62b447e0
0x4037ba,0xa1abd8041190
0x4037ba,0xd79e62a931f8
0x4037aa,0x8e9578fb6768
0x4037ba,0x28e837e2b3a8
0x4037ba,0x28e837dd3550
0x4037ba,0xa1abd7fe0988
0x4037aa,0x774a7ed3bf68
0x4037ba,0xea206321190
0x4037ba,0x28e837cadfd8
0x4037ba,0x28e837c92ee0
0x4037aa,0x8e9578fc2768
0x4037aa,0x8e9578feb568
0x4037c1,0x28e837dfebe8
0x4037aa,0x8e9579011368
0x4037aa,0x8e9578f5ed68
0x4037aa,0x8e9578f60d68
0x4037ba,0xd79e62c498f8
0x4037aa,0x8e9578ff3568
0x4037ba,0xd79e62ac5a80
0x4037aa,0x8e9578f68ba8
0x4037ba,0xd79e62bd3d38
0x4037aa,0x774a7ed30fa8
0x4037aa,0x8e95790201a8
0x4037aa,0x8e95790211a8
0x4037aa,0x8e9578f909a8
0x4037aa,0x774a7ed34fa8
0x4037c1,0x98f5690ddc58
0x4037ba,0x28e837d11e30
0x4037aa,0x8e9578f4cda8
0x4037aa,0x774a7ed39fa8
0x4037ba,0x28e837e325c8
0x4037aa,0x8e9578f989a8
0x4037aa,0x8e95790063a8
0x4037aa,0x8e9578fe65a8
0x4037ba,0x28e837e63128
0x4037aa,0x8e957900b3a8
0x4037aa,0x8e9578fa09a8
0x4037c1,0xd79e62a872a8
0x4037aa,0x8e95790113a8
0x4037aa,0x8e9578f5bda8
0x4037ba,0xd79e62a91388
0x4037aa,0x8e9578fcd7a8
0x4037aa,0x8e9578f88ba8
0x4037ba,0xa1abd80410c0
0x4037ba,0xd79e62bfe538
0x4037aa,0x774a7ed38fe8
0x4037aa,0x8e95790023e8
0x4037ba,0xd79e62c34738
0x4037aa,0x8e957902c1e8
0x4037c1,0xa1abd7fe7220
0x4037aa,0x8e9578fc47e8
0x4037ba,0xd79e62bb4730
0x4037aa,0x8e95790331e8
0x4037aa,0x32bd14d18fe8
0x4037aa,0x8e9578f7ebe8
0x4037ba,0xd79e62ac7288
0x4037aa,0x8e9578ff25e8
0x4037ba,0xd79e62ba23d0
0x4037ba,0xc48ca9045ab8
0x4037ba,0xea206322750
0x4037aa,0x8e9579027228
0x4037aa,0x8e9578f76c28
0x4037aa,0xc48ca9151e28
0x4037aa,0x8e9578f51e28
0x4037ba,0x5829a6ed6c00
0x4037aa,0x8e9578fa7a28
0x4037aa,0x8e9579016428
0x4037aa,0x8e9578fce828
0x4037aa,0x8e9578f67c68
0x4037ba,0xd79e62a72ef8
0x4037ba,0xd79e62b6c1d8
0x4037aa,0x8e9578f71c68
0x4037ba,0xa1abd80201b0
0x4037ba,0xe8035e4623f8
0x4037aa,0x8e9578f7dc68
0x4037aa,0x8e9579035268
0x4037aa,0x8e9578fec668
0x4037ba,0xd79e62a9e528
0x4037aa,0x8e9578f81c68
0x4037aa,0x8e9578f87c68
0x4037ba,0xd79e62a6cd80
0x403044,0xd79e62b31e38
0x40302b,0xd79e62b32eb8
0x402a86,0xd79e62bf9120
0x402ea8,0x1a70aa852ea8
0x403702,0x270fe418998
0x403702,0xb4165fa8d798
0x403710,0xd79e62b87218
0x4037ba,0xea206313568
0x4037ba,0x28e837de98e0
0x4037aa,0x8e9578f6bca8
0x4037c1,0xa1abd801e500
0x4037ba,0xa1abd8007a38
0x4037c1,0x28e837e1c510
0x4037aa,0x8e95790272a8
0x4037ba,0x28e837cd5268
0x4037aa,0x8e9578f52ea8
0x4037aa,0x8e9578fa5aa8
0x4037ba,0xea2062d6438
0x4037ba,0xd79e62ae2750
0x4037aa,0x8e9578f8bca8
0x4037aa,0x8e9578f67ce8
0x4037aa,0x8e9578ffa4e8
0x4037ba,0xa1abd7fd3d00
0x4037c1,0xa21321a7208
0x4037aa,0x8e9578fc08e8
0x4037aa,0x8e9578f52ee8
0x4037ba,0x28e837d223f8
0x4037aa,0x8e9578fc98e8
0x4037aa,0xe5cff27c10e8
0x4037c1,0xd79e62c47230
0x4037aa,0x8e9578f87ce8
0x4037ba,0xea20632dfe8
0x4037aa,0x8e957901a4e8
0x4037ba,0x1a70aa8a47c0
0x4037aa,0xe5cff27a5128
0x4037aa,0x8e9578fd4728
0x4037aa,0x8e9578ffc528
0x4037aa,0x8e9578ffe528
0x4037aa,0x8e9579025328
0x4037ba,0xa1abd8036c00
0x4037ba,0xd79e62ada4f8
0x4037aa,0x8e9578f73d28
0x4037ba,0xa1abd7ff5260
0x4037aa,0xe5cff27b5128
0x4037aa,0x8e9578fe5728
0x4037ba,0x28e837d74f80
0x4037aa,0xe5cff27b9128
0x4037ba,0x28e837c90998
0x4037ba,0xc6aa2d5a3128
0x4037aa,0xe5cff27c3128
0x4037aa,0xe5cff27c5128
0x4037aa,0x8e9578ff4728
0x4037aa,0x8e9578fd6768
0x4037ba,0xea2063125f8
0x4037ba,0xa1abd8019110
0x4037ba,0x28e837c931f0
0x4037ba,0x28e837cd5130
0x4037aa,0x8e9578fe2768
0x4037ba,0x28e837d2d7b8
0x4037ba,0x28e837dcc1f0
0x4037ba,0xea206312ee8
0x4037c1,0xea2062cbc80
0x4037ba,0xee30bb94e800
0x4037ba,0x5829a6edbf70
0x4037aa,0x8e957900b568
0x4037aa,0x8e9579031368
0x4037aa,0x8e9578f7ed68
0x4037ba,0x28e837d823d8
0x4037aa,0x8e9578f80d68
0x4037aa,0x8e9578f5bf68
0x4037aa,0x8e9579013568
0x4037c1,0x28e837d52ed8
0x4037aa,0x8e9578ff6768
0x4037aa,0x8e9578fb09a8
0x4037ba,0xa1abd804b540
0x4037c1,0xd79e62aa2740
0x4037aa,0xf1720cbd0fa8
0x4037aa,0x8e9578f6cda8
0x4037aa,0x8e9578fb89a8
0x4037ba,0xa21321fed68
0x4037aa,0x8e95790263a8
0x4037ba,0x28e837d85aa0
0x4037ba,0x28e837d78998
0x4037aa,0x8e957902b3a8
0x4037aa,0x8e9578f50fa8
0x4037c1,0x28e837d58998
0x4037aa,0x8e95790065a8
0x4037aa,0x8e9578fc09a8
0x4037c1,0xd79e62a73550
0x4037ba,0xd79e62b9a4d8
0x4037aa,0x8e9578f54fa8
0x4037aa,0x8e9578f7bda8
0x4037aa,0x8e95790313a8
0x4037aa,0x8e9578f59fa8
0x4037aa,0x8e9578fed7a8
0x4037aa,0xe5cff27c01a8
0x4037ba,0xa1abd802dfc8
0x4037aa,0x8e9578fa8ba8
0x4037aa,0xe5cff27c11a8
0x4037c1,0xd79e62bda4c0
0x4037aa,0x8e9578fd09a8
0x4037ba,0xd79e62bd31d8
0x4037ba,0xd79e62afbdb0
0x4037ba,0xd79e62b96410
0x4037aa,0x8e95790223e8
0x4037ba,0x28e837cd31e8
0x4037aa,0xe5cff27ac1e8
0x4037aa,0x8e9578f4dfe8
0x4037aa,0xe5cff27b31e8
0x4037aa,0x8e9578fe47e8
0x4037aa,0x8e9578f9ebe8
0x4037ba,0x28e837ce63b8
0x4037aa,0x8e9578f58fe8
0x4037ba,0xa2132207228
0x4037aa,0x8e95790125e8
0x4037ba,0x28e837cb1e10
0x4037aa,0xe5cff27a23e8
0x4037aa,0x1a64fc5b6c28
0x4037aa,0xe5cff27a7228
0x4037aa,0x8e9578f71e28
0x4037aa,0x8e9578f96c28
0x4037ba,0xd79e62b847c8
0x4037ba,0xa1abd804bc90
0x4037ba,0xd79e62bc7a00
0x4037ba,0xd79e62c2b390
0x4037c1,0xd79e62afa4f0
0x4037aa,0x8e9578fc7a28
0x4037aa,0x8e9579036428
0x4037aa,0x8e9578fee828
0x4037ba,0x28e837c92ee0
0x4037aa,0xe5cff27c7228
0x402a79,0x28e837ca5118
0x4037ba,0x28e837dc63b8
0x4037ba,0xe8035e467298
0x4037aa,0x8e9578f91c68
0x4037ba,0xd79e62b8b398
0x4037ba,0xa1abd8033d38
0x4037ba,0x28e837e2b548
0x4037ba,0xd79e62ac1c50
0x4037aa,0xe5cff27b5268
0x4037aa,0x8e9578f9dc68
0x4037aa,0x8e957900c668
0x4037aa,0x8e9578fa1c68
0x4037aa,0x8e9578fa7c68
0x4037aa,0xe5cff27a72a8
0x4037aa,0x8e9578f72ea8
0x4037c1,0x5829a6ec72b0
0x4037c1,0xd79e62a872a8
0x4037aa,0x8e9578fc5aa8
0x4037aa,0x8e9578fabca8
0x4037aa,0xe5cff27c72a8
0x4037ba,0x28e837df2e80
0x4037ba,0xd79e62b96750
0x4037aa,0x8e9578f72ee8
0x4037aa,0x8e9578fe08e8
0x4037ba,0x28e837da8b88
0x4037aa,0x8e9578fe98e8
0x4037aa,0xe5cff27e10e8
0x4037aa,0x8e9578fa7ce8
0x4037aa,0x8e957903a4e8
0x4037ba,0x28e837dbc538
0x4037aa,0x8e957901c528
0x4037aa,0xe5cff27a5328
0x4037aa,0x8e957901e528
0x4037ba,0x28e837d65330
0x4037aa,0x8e9578f93d28
0x4037ba,0x28e837dc23e8
0x4037ba,0x28e837df31f8
0x4037aa,0xe5cff27d5128
0x4037ba,0xd79e62ad0f90
0x4037aa,0x8e9579005728
0x4037aa,0xe5cff27d9128
0x4037ba,0xd79e62aee818
0x4037ba,0xd79e62b07a18
0x4037aa,0xe5cff27e3128
0x4037aa,0xe5cff27e5128
0x4037aa,0x8e9579014728
0x4037aa,0x8e957903c528
0x4037aa,0xe5cff27c5328
0x4037ba,0xd79e62c33578
0x4037aa,0x8e957903e528
0x4037ba,0xd79e62c35258
0x4037ba,0xa1abd8013568
0x4037ba,0x6c5370332ef8
0x4037ba,0xd79e62b33540
0x4037aa,0x8e9579002768
0x4037aa,0xe5cff27b1368
0x4037ba,0x28e837e51388
0x4037c1,0xea20631c500
0x4037aa,0x8e957902b568
0x4037ba,0xd79e62b07cf0
0x4037ba,0x28e837e52eb8
0x4037c1,0x8ad3301bebe8
0x4037ba,0xa1abd803dc40
0x4037aa,0x8e9578f9ed68
0x4037aa,0x8e9578f7bf68
0x4037aa,0x8e9578fa0d68
0x4037aa,0x8e9579033568
0x4037ba,0xa213218cdb8
0x4037ba,0x28e837e26588
0x4037aa,0x8e9579016768
0x4037c1,0xd79e62c47c58
0x4037ba,0xe8035e45ebf8
0x4037aa,0x8e9578f8cda8
0x4037aa,0xe5cff27a63a8
0x4037ba,0x28e837d65128
0x4037aa,0x8e9578fd89a8
0x4037aa,0xe5cff27ab3a8
0x4037ba,0xa1abd8015108
0x4037c1,0x98f5690ddc58
0x4037aa,0x8e9578f70fa8
0x4037aa,0x8e95790265a8
0x4037c1,0xd79e62b87a38
0x4037aa,0xe5cff27b13a8
0x4037aa,0x8e9578fe09a8
0x4037ba,0x28e837db9130
0x4037aa,0x8e9578f74fa8
0x4037aa,0x8e9578f9bda8
0x4037aa,0x8e9578f79fa8
0x4037ba,0xa1abd7fd3d00
0x4037aa,0x8e957900d7a8
0x4037aa,0xe5cff27e01a8
0x4037aa,0xe5cff27e11a8
0x4037aa,0x8e9578fc8ba8
0x4037aa,0x8e9578ff09a8
0x4037aa,0x8e9578facda8
0x4037ba,0x28e837cb6770
0x4037aa,0xe5cff27c63a8
0x4037aa,0xe5cff27cc1e8
0x4037aa,0x8e9578f6dfe8
0x4037ba,0xd79e62b54f80
0x4037aa,0xe5cff27d31e8
0x4037aa,0x8e95790047e8
0x4037aa,0x8e9578fbebe8
0x4037c1,0xd79e62bc08f8
0x4037aa,0x8e9578f78fe8
0x4037aa,0x8e95790325e8
0x4037ba,0xea206312e80
0x4037ba,0x28e837e298c0
0x4037ba,0xd79e62a59f98
0x4037ba,0xe8035e4663a0
0x4037aa,0xe5cff27c23e8
0x4037ba,0xd79e62ac3110
0x4037ba,0xd79e62c35120
0x4037aa,0xe5cff27ec1e8
0x4037ba,0xd79e62b25ab8
0x4037aa,0x8e9578fb6c28
0x4037aa,0x8e9578f91e28
0x4037ba,0xd79e62a91e18
0x4037aa,0xe5cff27b6428
0x4037aa,0x8e9578fe7a28
0x4037ba,0xd79e62a7bd90
0x4037aa,0x8e957900e828
0x4037ba,0x28e837e325c8
0x4037aa,0xe5cff27e7228
0x4037c1,0x28e837d62768
0x4037ba,0xd79e62badfe0
0x4037ba,0x28e837d32ea8
0x4037aa,0x8e9578fb1c68
0x4037ba,0xd79e62ab6c18
0x4037c1,0xd79e62aa2740
0x4037ba,0xd79e62ba23d0
0x4037aa,0xe5cff27d5268
0x4037ba,0xa2132200d78
0x4037aa,0x8e9578fbdc68
0x4037aa,0x8e957902c668
0x4037aa,0x92da1fa51c68
0x4037ba,0xd79e62ae11b8
0x4037aa,0x8e9578fc1c68
0x4037ba,0x28e837cc23e0
0x4037aa,0x8e9578fc7c68
0x4037ba,0x28e837ddbd90
0x4037c1,0xd79e62accd90
0x4037ba,0xd79e62bd6c08
0x4037c1,0xd79e62b047f8
0x4037ba,0xd79e62b25300
0x4037aa,0x8e9578fd1c68
0x4037ba,0xd79e62b210c0
0x4037ba,0x28e837e55120
0x4037aa,0x8e9578f92ea8
0x4037ba,0x28e837cfe508
0x4037c1,0xa1abd7fd9fb0
0x4037ba,0xa7d08ad11378
0x4037aa,0x8e9578fe5aa8
0x4037c1,0xea20631a4c0
0x4037aa,0x8e9578fcbca8
0x4037aa,0xe5cff27e72a8
0x4037c1,0xa1abd7fd5278
0x4037ba,0xea2063131c0
0x4037ba,0xd79e62bd31d8
0x4037ba,0xd79e62afbf50
0x4037ba,0xd79e62b96c30
0x4037ba,0xd79e62a67cc0
0x4037aa,0x8e9578f92ee8
0x4037aa,0x8e95790008e8
0x4037c1,0xa21321a7208
0x4037c1,0x28e837e80988
0x4037ba,0x28e837decdb0
0x4037aa,0x8e95790098e8
0x4037aa,0xe5cff28010e8
0x4037aa,0xe5cff27ba4e8
0x4037aa,0x8e9578fc7ce8
0x4037ba,0xc48ca9045ab8
0x4037ba,0xd79e62b672a8
0x4037c1,0xd79e62c47230
0x4037ba,0xd79e62a78fe0
0x4037ba,0x28e837c90fb0
0x4037aa,0x8e9578fb3d28
0x4037aa,0xe5cff27f5128
0x4037c1,0xa1abd7fd1c58
0x4037aa,0x8e9579025728
0x4037aa,0xe5cff27f9128
0x4037ba,0x28e837cadfd8
0x4037ba,0xea2062f1c68
0x4037ba,0xa1abd7ff1c48
0x4037aa,0xe5cff2803128
0x4037aa,0xe5cff2805128
0x4037aa,0x8e9579034728
0x4037ba,0xd79e62a92ef8
0x4037aa,0xe5cff27bc528
0x4037aa,0xe5cff27be528
0x4037aa,0xe5cff27e5328
0x4037ba,0xa1abd8027210
0x4037aa,0x8e9578fd3d28
0x4037c1,0x28e837e3ebd0
0x4037ba,0xd79e62c408e8
0x4037ba,0x6c6f1e4c1c58
0x4037aa,0x8e9579022768
0x4037aa,0xe5cff27ab568
0x4037aa,0xe5cff27d1368
0x4037ba,0xa1abd80465a0
0x4037ba,0x28e837d72eb8
0x4037aa,0x8e9578fbed68
0x4037aa,0xe5cff27b3568
0x4037aa,0x8e9578fc0d68
0x4037aa,0x8e9578f9bf68
0x4037ba,0x28e837c9c520
0x4037ba,0xea2063331e8
0x4037ba,0xd79e62a92e90
0x4037aa,0x8e9579036768
0x4037ba,0xd79e62c33d30
0x4037ba,0xd79e62a9ed48
0x4037aa,0xe5cff27a2768
0x4037aa,0x8e9578ff89a8
0x4037aa,0xe5cff27a65a8
0x4037aa,0xe5cff27cb3a8
0x4037aa,0x8e9578f90fa8
0x4037c1,0xa1abd801e500
0x4037aa,0xe5cff27d13a8
0x4037ba,0xd79e62a91c78
0x4037aa,0x8e95790009a8
0x4037aa,0x8e9578f94fa8
0x4037c1,0xea2062fbf60
0x4037aa,0x8e9578fbbda8
0x4037c1,0x5829a6ec72b0
0x4037aa,0x8e9578f99fa8
0x4037aa,0x8e957902d7a8
0x4037aa,0xe5cff28001a8
0x4037aa,0xe5cff28011a8
0x4037ba,0x28e837d410e8
0x4037aa,0x8e9578fe8ba8
0x4037aa,0x8e95790109a8
0x4037aa,0x8e9578fccda8
0x4037aa,0xe5cff27e63a8
0x4037aa,0x8e95790189a8
0x4037aa,0xe5cff27eb3a8
0x4037aa,0xe5cff27c65a8
0x4037ba,0xa1abd8045a88
0x4037c1,0xd79e62aa2740
0x4037aa,0x8e9578f8dfe8
0x4037aa,0xe5cff27f31e8
0x4037c1,0xa2132201c40
0x4037aa,0x8e95790247e8
0x4037aa,0x8e9578fdebe8
0x4037ba,0xd79e62b010e8
0x4037aa,0x8e9578f98fe8
0x4037aa,0xe5cff27b25e8
0x4037ba,0xd79e62c409b8
0x4037aa,0xe5cff27e23e8
0x4037c1,0xea206318980
0x4037ba,0xd79e62a9e528
0x4037aa,0xe5cff280c1e8
0x4037ba,0x28e837c95268
0x4037aa,0x8e9578fadfe8
0x4037aa,0xe5cff28131e8
0x4037aa,0xe5cff27a47e8
0x402c20,0x5829a6ecb3b8
0x4037ba,0xa1abd8015240
0x4037c1,0xd79e62ad13b8
0x4037aa,0x8e9578fb1e28
0x4037ba,0xd79e62b76438
0x4037c1,0xd79e62bc0d70
0x4037aa,0x8e9578fd6c28
0x4037ba,0x28e837cad7b8
0x4037c1,0xd79e62b9e510
0x4037aa,0xe5cff27d6428
0x4037ba,0xe8035e45bf40
0x4037aa,0x8e9579007a28
0x4037aa,0x92da1fa51e28
0x4037aa,0x8e957902e828
0x4037ba,0x28e837c925f0
0x4037aa,0xe5cff2807228
0x4037ba,0xea206312e80
0x4037c1,0x28e837d62768
0x4037ba,0xd79e62a6cd80
0x4037aa,0x8e9578fd1e28
0x4037aa,0x8e9578ff6c28
0x4037ba,0x98f5690d9130
0x4037ba,0xea2062d5130
0x4037aa,0xe5cff27f5268
0x4037aa,0xe5cff27ac668
0x4037aa,0x8e9578fddc68
0x4037aa,0x8e9578fe1c68
0x4037ba,0xd79e62bf1c50
0x4037ba,0xd79e62b76778
0x4037c1,0x8ad3301bebe8
0x4037c1,0x6c6f1e4c7280
0x4037aa,0x8e9578fe7c68
0x4037aa,0x8e9578ff1c68
0x4037ba,0xea20630b388
0x4037aa,0x8e9578fb2ea8
0x4037ba,0xd79e62bc7cd8
0x4037aa,0x8e9579005aa8
0x4037c1,0x5829a6f47208
0x4037ba,0xd79e62be7c50
0x4037ba,0xa1abd8043108
0x4037aa,0x8e9578febca8
0x4037aa,0xe5cff28072a8
0x4037ba,0x28e837c95130
0x4037c1,0xd79e62c47c58
0x4037ba,0xd79e62ae5730
0x4037aa,0x8e9578fd2ea8
0x4037ba,0xa21321d5240
0x4037aa,0x8e9578fb2ee8
0x4037aa,0x8e95790208e8
0x4037ba,0xc48ca9045300
0x4037ba,0xd79e62c34738
0x4037aa,0x8e95790298e8
0x4037ba,0x28e837e63128
0x4037aa,0xe5cff28210e8
0x4037aa,0x32b6bf0410e8
0x4037aa,0xe5cff27da4e8
0x4037ba,0x28e837e53558
0x4037ba,0x28e837cd0998
0x4037c1,0x28e837e56748
0x4037aa,0x8e9578fe7ce8
0x4037c1,0xd79e62b16c08
0x4037ba,0xd79e62a8b380
0x4037ba,0x28e837d9a4f0
0x4037aa,0x8e9578fd2ee8
0x4037ba,0x28e837d611b0
0x4037aa,0xe5cff27a5728
0x4037aa,0xe5cff2815128
0x4037aa,0xe5cff2819128
0x4037ba,0x28e837cf1398
0x4037aa,0xe5cff27b4728
0x4037ba,0x28e837e2bc98
0x4037aa,0xe5cff2823128
0x4037aa,0xe5cff27dc528
0x4037aa,0xe5cff2825128
0x4037aa,0xe5cff27de528
0x4037aa,0xe5cff2805328
0x4037ba,0xd79e62b07cf0
0x4037ba,0xa1abd7fd3d00
0x4037c1,0x28e837d52ed8
0x4037ba,0x28e837d823d8
0x4037aa,0x8e9578ff3d28
0x4037aa,0xe5cff27c5728
0x4037ba,0xa1abd803dc40
0x4037aa,0xe5cff2835128
0x4037aa,0xe5cff27cb568
0x4037aa,0xe5cff27f1368
0x4037ba,0x28e837cb6430
0x4037aa,0xe5cff27d3568
0x4037aa,0x8e9578fded68
0x4037aa,0x8e9578fbbf68
0x4037ba,0x28e837e39120
0x4037aa,0x8e9578fe0d68
0x4037aa,0xe5cff27b6768
0x4037aa,0xe5cff27c2768
0x4037aa,0xe5cff27eb568
0x4037aa,0xe5cff2811368
0x4037c1,0xa1abd80263a0
0x4037c1,0x28e837d9dc68
0x4037aa,0x8e9578fb0fa8
0x4037aa,0xe5cff27f13a8
0x4037aa,0x8e95790209a8
0x4037aa,0x8e9578fb4fa8
0x4037aa,0x8e9578fdbda8
0x4037aa,0xe5cff27ad7a8
0x4037aa,0x8e9578fb9fa8
0x4037ba,0xd79e62a931f8
0x4037aa,0xe5cff28201a8
0x4037aa,0xe5cff28211a8
0x4037aa,0x32b6bf0411a8
0x4037aa,0x8e9579008ba8
0x4037aa,0x8e95790309a8
0x4037aa,0xe5cff28063a8
0x4037ba,0xa213219e508
0x4037aa,0x8e9578fecda8
0x4037aa,0x8e95790389a8
0x4037aa,0xe5cff280b3a8
0x4037aa,0xe5cff27e65a8
0x4037aa,0x8e9578fd0fa8
0x4037aa,0xe5cff28113a8
0x4037ba,0x6c537034bc90
0x4037ba,0xa1abd802c1c0
0x4037c1,0xd79e62a73d08
0x4037ba,0xa1abd8041190
0x4037ba,0xd79e62b10988
0x4037aa,0x8e9578ffebe8
0x4037aa,0x8e9578fb8fe8
0x4037c1,0x98f5690ddc58
0x4037aa,0xe5cff27d25e8
0x4037ba,0x28e837e40d48
0x4037ba,0xd79e62abebc0
0x4037aa,0xe5cff28023e8
0x4037aa,0xe5cff282c1e8
0x4037ba,0x28e837e51c78
0x4037aa,0x8e9578fcdfe8
0x4037ba,0x28e837e32eb8
0x4037aa,0xe5cff27c47e8
0x4037ba,0xea2062c10c0
0x4037aa,0xe5cff28331e8
0x4037ba,0xd79e62a5bda8
0x4037ba,0x28e837d610e0
0x4037ba,0xd79e62a67230
0x4037aa,0xe5cff27f6428
0x4037ba,0xd79e62aa63b0
0x4037aa,0xe5cff27ae828
0x4037aa,0x8e9579027a28
0x4037ba,0xa7d08ad11e08
0x4037ba,0xd79e62bd2e90
0x4037ba,0xa2132207290
0x4037aa,0xe5cff2827228
0x4037c1,0xd79e62afa4f0
0x4037c1,0xea20631a4c0
0x4037aa,0x8e9578ff1e28
0x4037aa,0x8e9579016c28
0x4037ba,0x28e837cb1380
0x4037ba,0xea20633dc50
0x4037c1,0x28e837e3ed70
0x4037aa,0xe5cff2815268
0x4037aa,0xe5cff27cc668
0x4037ba,0xd79e62b08b88
0x4037aa,0x8e9578ffdc68
0x4037aa,0x8e9579001c68
0x4037aa,0x8e9579007c68
0x4037ba,0xa1abd800c668
0x4037ba,0xea2063047f0
0x4037ba,0x28e837dd6c10
0x4037ba,0x28e837dc8b90
0x4037aa,0x8e9579011c68
0x4037ba,0xd79e62a9e528
0x4037aa,0xe5cff27ec668
0x4037aa,0xe5cff2835268
0x4037ba,0xd79e62ac3110
0x4037ba,0xd79e62a56758
0x4037ba,0x28e837d21c60
0x4037aa,0x8e9579025aa8
0x4037ba,0xd79e62bf1360
0x4037aa,0x8e957900bca8
0x4037aa,0xe5cff28272a8
0x4037ba,0xd79e62a56c38
0x4037aa,0x8e9578ff2ea8
0x4037ba,0xd79e62b423e8
0x4037ba,0x28e837d32ea8
0x4037aa,0xe5cff27a98e8
0x4037c1,0xa1abd7fd9fb0
0x4037aa,0xe5cff27fa4e8
0x4037ba,0xea206321190
0x4037aa,0xe5cff28410e8
0x4037ba,0x28e837cf9138
0x4037ba,0x28e837c92ee0
0x4037aa,0x8e9579007ce8
0x4037ba,0x28e837dabc98
0x4037ba,0xa1abd8031c48
0x4037aa,0x32bd14d298e8
0x4037aa,0xe5cff27c08e8
0x4037c1,0xd79e62c47230
0x4037aa,0x8e9578ff2ee8
0x4037ba,0xd79e62bd31d8
0x4037aa,0xe5cff2839128
0x4037ba,0xe8035e467298
0x4037ba,0xd79e62a91e18
0x4037ba,0xd79e62b6c1d8
0x4037ba,0x28e837e73d38
0x4037ba,0x80a6dabf6430
0x4037aa,0xe5cff27d4728
0x4037aa,0xe5cff27fc528
0x4037aa,0xe5cff2843128
0x4037aa,0xe5cff27fe528
0x4037aa,0x54c4531be528
0x4037aa,0xe5cff2845128
0x4037aa,0xe5cff2825328
0x4037ba,0xd79e62b9a4d8
0x4037aa,0xe5cff27e5728
0x4037aa,0x8e9579013d28
0x4037ba,0xd79e62af6420
0x4037aa,0xe5cff2855128
0x4037ba,0xe8035e45e510
0x4037aa,0xe5cff2859128
0x4037ba,0xd79e62afbdb0
0x4037ba,0xd79e62b13570
0x4037aa,0xe5cff27f3568
0x4037ba,0x28e837c90998
0x4037aa,0x8e9578ffed68
0x4037aa,0x8e9578fdbf68
0x4037ba,0x98f5690dbd98
0x4037aa,0x8e9579000d68
0x4037ba,0xd79e62c31e20
0x4037aa,0xe5cff27d6768
0x4037ba,0x28e837e26588
0x4037ba,0xd79e62addc40
0x4037aa,0xe5cff27e2768
0x4037ba,0xa21321b8980
0x4037aa,0xe5cff280b568
0x4037ba,0x28e837d59128
0x4037aa,0xe5cff2831368
0x4037ba,0x28e837d86588
0x4037aa,0xe5cff2813568
0x403044,0xd79e62b31e38
0x4029e0,0xd79e62a801a0
0x402a79,0xe8035e45bf40
0x4037aa,0x8e9578fd4fa8
0x4037c1,0x28e837d1a4e0
0x4037aa,0xe5cff27cd7a8
0x4037aa,0x8e9578ffbda8
0x4037aa,0x8e9578fd9fa8
0x4037aa,0xe5cff28401a8
0x4037aa,0xe5cff28411a8
0x4037ba,0x28e837e36770
0x4037aa,0xe5cff27b09a8
0x4037aa,0x8e9579028ba8
0x4037aa,0x54c4531ab3a8
0x4037c1,0xd79e62a73550
0x4037aa,0x71d0d5939fa8
0x4037aa,0xe5cff27b89a8
0x4037aa,0xe5cff28263a8
0x4037aa,0x8e957900cda8
0x4037ba,0x28e837cbc520
0x4037aa,0xe5cff28065a8
0x4037aa,0xe5cff282b3a8
0x4037ba,0x28e837e51388
0x4037aa,0xe5cff27c09a8
0x4037aa,0x8e9578ff0fa8
0x4037aa,0xe5cff28313a8
0x4037aa,0x7cb7319b9fa8
0x4037aa,0x8e9578ff4fa8
0x4037aa,0xe5cff27ed7a8
0x4037aa,0x8e957901bda8
0x4037ba,0x28e837e39120
0x4037ba,0xd79e62bfe538
0x4037aa,0x8e957901ebe8
0x4037aa,0xe5cff27f25e8
0x4037aa,0x8e9578fd8fe8
0x4037ba,0xa1abd804dff8
0x4037ba,0xd79e62b25300
0x4037ba,0x28e837e409a0
0x4037aa,0xe5cff28223e8
0x4037c1,0xd79e62bc08f8
0x4037aa,0xe5cff284c1e8
0x4037ba,0xea2062d6778
0x4037aa,0x8e9578fedfe8
0x4037aa,0xe5cff27e47e8
0x4037aa,0xe5cff28531e8
0x4037aa,0x8e957903ebe8
0x4037ba,0x28e837c95268
0x4037aa,0xe5cff28125e8
0x4037c1,0xea2062ed7a8
0x402c56,0xea206325108
0x402a86,0xea206325738
0x4037aa,0xe5cff2816428
0x4037aa,0xe5cff27a7a28
0x4037aa,0xe5cff27ce828
0x4037ba,0xa213218c1f0
0x4037c1,0xa1abd7fd2eb8
0x4037ba,0xa1abd8033d38
0x4037ba,0x28e837e20d68
0x4037ba,0xa1abd7fd6778
0x4037c1,0xd79e62bf25d8
0x4037c1,0xa2132198998
0x4037aa,0xe5cff2847228
0x4037c1,0xd79e62b92ea0
0x4037aa,0x8e9579036c28
0x4037aa,0x8e9579011e28
0x4037ba,0x6c6f1e4c10f8
0x4037ba,0xd79e62c33578
0x4037ba,0x28e837d98fd0
0x4037ba,0x28e837d6e820
0x4037aa,0xe5cff27c7a28
0x4037aa,0xe5cff2836428
0x4037aa,0xe5cff27ee828
0x4037aa,0x8e957901dc68
0x4037aa,0x8e9579021c68
0x4037ba,0xd79e62ab6c18
0x4037ba,0xa1abd80423e0
0x4037aa,0x8e9579027c68
0x4037c1,0x28e837e27c58
0x4037ba,0x28e837e54720
0x4037ba,0xa2132207228
0x4037aa,0x8e9579031c68
0x4037c1,0x28e837dfe500
0x4037aa,0xe5cff280c668
0x4037ba,0x28e837cb3d20
0x4037aa,0xe5cff2855268
0x4037aa,0x8e957903dc68
0x4037aa,0xe5cff27a5aa8
0x4037c1,0xd79e62bc0d70
0x4037ba,0xa21321e7a10
0x4037c1,0xd79e62b9e510
0x4037ba,0x28e837cd31e8
0x4037aa,0x8e957902bca8
0x4037ba,0xea20631ebe0
0x4037aa,0xe5cff28472a8
0x4037ba,0xd79e62ab4fb8
0x4037ba,0x28e837dcc1f0
0x4037ba,0x28e837e298c0
0x4037aa,0x8e9579012ea8
0x4037ba,0xd79e62bd3d38
0x4037aa,0xe5cff27c5aa8
0x4037aa,0xe5cff27c98e8
0x4037ba,0xd79e62a72ef8
0x4037ba,0x28e837e55258
0x4037ba,0x28e837d06598
0x4037ba,0xd79e62badfe0
0x4037ba,0xd79e62bbe510
0x4037aa,0xe5cff281a4e8
0x4037aa,0xe5cff28610e8
0x4037ba,0xa21322001b0
0x4037aa,0x8e9579027ce8
0x4037ba,0xea2062c23c0
0x4037ba,0xa1abd7fe98d8
0x4037c1,0xa1abd7fe7220
0x4037ba,0xa21321fed68
0x4037ba,0xea20633dc50
0x4037aa,0xe5cff27e08e8
0x4037c1,0xd79e62afa4f0
0x4037ba,0x28e837e63128
0x4037aa,0x8e9579012ee8
0x4037aa,0xe5cff27e98e8
0x4037ba,0xc48ca9045300
0x4037ba,0xd79e62c18988
0x4037aa,0xe5cff27f4728
0x4037c1,0xa1abd801e500
0x4037aa,0xe5cff281c528
0x4037aa,0xe5cff2863128
0x4037aa,0xe5cff281e528
0x4037aa,0xe5cff2865128
0x4037aa,0xe5cff2845328
0x4037ba,0xd79e62bf1c50
0x4037aa,0xe5cff2805728
0x4037aa,0x8e9579033d28
0x4037ba,0x28e837e601b0
0x4037aa,0xe5cff2875128
0x4037ba,0xa1abd7fd3548
0x4037c1,0x28e837d62768
0x4037aa,0xe5cff2879128
0x4037ba,0x28e837cb1c70
0x4037ba,0x28e837d847d8
0x4037aa,0x8e957901ed68
0x4037aa,0x8e9579020d68
0x4037aa,0x8e9578ffbf68
0x4037aa,0xe5cff27f6768
0x4037ba,0x28e837d12eb0
0x4037ba,0x6c537033bf58
0x4037aa,0x54c4531ab568
0x4037ba,0xd79e62c33d30
0x4037aa,0xe5cff2802768
0x4037aa,0xe5cff282b568
0x4037c1,0xea206318980
0x4037ba,0xa213219bda0
0x4037aa,0xe5cff2851368
0x4037c1,0xd79e62b047f8
0x4037aa,0xe5cff2833568
0x4037aa,0x8e957903ed68
0x4037aa,0x8e957901bf68
0x4037ba,0xd79e62b54f80
0x4037ba,0x28e837e40d48
0x4037ba,0xd79e62a67cc0
0x4037aa,0x8e9578ff9fa8
0x4037aa,0xe5cff27a8ba8
0x4037ba,0xa21321fa4c8
0x4037aa,0xe5cff28601a8
0x4037aa,0xe5cff28611a8
0x4037aa,0xe5cff27d09a8
0x4037ba,0x28e837e325c8
0x4037c1,0xa21321a7208
0x4037aa,0xe5cff27d89a8
0x4037aa,0x8e957902cda8
0x4037ba,0xe8035e463118
0x4037aa,0xe5cff28463a8
0x4037aa,0xe5cff28265a8
0x4037aa,0xe5cff284b3a8
0x4037aa,0xe5cff27e09a8
0x4037aa,0x8e9579010fa8
0x4037aa,0xe5cff28513a8
0x4037aa,0x8e9579014fa8
0x4037c1,0x5829a6ed9fa0
0x4037aa,0xe5cff280d7a8
0x4037aa,0x8e957903bda8
0x4037c1,0xd79e62c4c648
0x4037aa,0x8e9579019fa8
0x4037aa,0xe5cff27c8ba8
0x4037ba,0xd79e62b91e08
0x4037aa,0x8e9578ff8fe8
0x4037ba,0xa1abd80125f0
0x4037ba,0x28e837e32eb8
0x4037ba,0x28e837d3ed58
0x4037aa,0xe5cff28423e8
0x4037c1,0x28e837d02768
0x4037ba,0x28e837e525c8
0x4037aa,0xe5cff286c1e8
0x4037ba,0x28e837d5ebd8
0x4037ba,0xea2063131c0
0x4037ba,0x9e9c4d911e20
0x4037aa,0xe5cff28047e8
0x4037aa,0x8e957900dfe8
0x4037aa,0xe5cff28731e8
0x4037ba,0x28e837d65330
0x4037aa,0xe5cff27bebe8
0x4037c1,0x5829a6ed9100
0x4037aa,0xe5cff28325e8
0x4037aa,0x8e9579018fe8
0x4037ba,0x28e837e2b548
0x4037ba,0x28e837c90fb0
0x4037aa,0xe5cff2867228
0x4037ba,0xa1abd7fd6438
0x4037ba,0x28e837d2d7b8
0x4037aa,0xe5cff27b6c28
0x4037aa,0x8e9579031e28
0x4037aa,0xe5cff27e7a28
0x4037aa,0xe5cff280e828
0x4037aa,0xe5cff2856428
0x4037aa,0xe5cff27a7c68
0x4037ba,0xa1abd8027210
0x4037ba,0xa1abd8019fb0
0x4037ba,0xea2063210c0
0x4037aa,0xe5cff27b1c68
0x4037ba,0x28e837d11e30
0x4037ba,0xa1abd7fe47d8
0x4037ba,0xd79e62ae11b8
0x4037ba,0x98f5690dbd98
0x4037ba,0xa21321d5108
0x4037aa,0xe5cff27bdc68
0x4037aa,0xe5cff282c668
0x4037ba,0xd79e62b8bc88
0x4037c1,0xd79e62accd90
0x4037aa,0xe5cff2875268
0x4037aa,0xe5cff27c1c68
0x4037ba,0x28e837cb6430
0x4037ba,0x28e837dd6c10
0x4037aa,0xe5cff27c7c68
0x4037c1,0xd79e62ad13b8
0x4037ba,0xd79e62a931f8
0x4037aa,0xe5cff27abca8
0x4037ba,0xd79e62c40198
0x4037aa,0xe5cff28672a8
0x4037ba,0xd79e62c2e830
0x4037ba,0xd79e62b18998
0x4037ba,0xd79e62b13570
0x4037c1,0xa1abd80113a8
0x4037aa,0x8e9579032ea8
0x4037aa,0xe5cff27e5aa8
0x4037ba,0xd79e62ba23d0
0x4037ba,0xa21321fed68
0x402c50,0xd79e62acb3b8
0x402c20,0x5829a6ecb3b8
0x4037aa,0xe5cff28810e8
0x4037aa,0xe5cff27a7ce8
0x4037aa,0xe5cff283a4e8
0x4037ba,0xa1abd800cdb8
0x4037ba,0xa1abd803dc40
0x4037ba,0xa1abd802cd88
0x4037ba,0xa1abd800c1f0
0x4037ba,0xd79e62c31390
0x4037aa,0xe5cff28008e8
0x4037c1,0xd79e62a872a8
0x4037aa,0x8e9579032ee8
0x4037ba,0xa1abd8013568
0x4037aa,0xe5cff28098e8
0x4037aa,0xe5cff28a10e8
0x4037ba,0xd79e62af6760
0x4037aa,0xe5cff27c7ce8
0x4037aa,0xe5cff285a4e8
0x4037aa,0xe5cff2814728
0x4037aa,0xe5cff2883128
0x4037aa,0xe5cff283c528
0x4037aa,0xe5cff2885128
0x4037aa,0xe5cff283e528
0x4037ba,0xa21322047c8
0x4037aa,0xe5cff2865328
0x4037ba,0xd79e62b8b398
0x4037ba,0xa1abd8045338
0x4037aa,0xe5cff27b3d28
0x4037aa,0xe5cff2825728
0x4037aa,0xe5cff2895128
0x4037ba,0xd79e62a67230
0x4037aa,0xe5cff2899128
0x4037aa,0xe5cff2834728
0x4037aa,0xe5cff28a3128
0x4037c1,0x28e837d9dc68
0x4037aa,0xe5cff2816768
0x4037ba,0xd79e62a91388
0x4037aa,0xe5cff2822768
0x4037aa,0xe5cff284b568
0x4037aa,0xe5cff2871368
0x4037aa,0xe5cff27bed68
0x4037aa,0xe5cff27c0d68
0x4037ba,0xd79e62b25300
0x4037aa,0xe5cff2853568
0x4037c1,0x28e837d62768
0x4037aa,0x8e957903bf68
0x4037aa,0xe5cff2836768
0x4037aa,0xe5cff27f09a8
0x4037aa,0xe5cff28801a8
0x4037aa,0xe5cff28811a8
0x4037c1,0xa21321b2ec0
0x4037ba,0xa1abd8023120
0x4037aa,0xe5cff27acda8
0x4037aa,0xe5cff27f89a8
0x4037aa,0xe5cff28663a8
0x4037c1,0xd79e62b9e510
0x4037ba,0xa7d08ad11378
0x4037c1,0xd79e62bac670
0x4037aa,0xe5cff286b3a8
0x4037aa,0xe5cff28465a8
0x4037aa,0xe5cff28009a8
0x4037c1,0x6c6f1e4c7280
0x4037aa,0x8e9579030fa8
0x4037aa,0xe5cff27bbda8
0x4037ba,0x28e837cc23e0
0x4037aa,0xe5cff28713a8
0x4037aa,0x8e9579034fa8
0x4037aa,0xe5cff282d7a8
0x4037aa,0x8e9579039fa8
0x4037ba,0xd79e62ad0f90
0x4037aa,0xe5cff27e8ba8
0x4037aa,0xe5cff28a01a8
0x4037aa,0xe5cff28109a8
0x4037aa,0xe5cff28a11a8
0x4037ba,0x28e837e208f0
0x4037aa,0xe5cff28623e8
0x4037c1,0xd79e62a99f80
0x4037ba,0xd79e62afebe0
0x4037c1,0xea20630e828
0x4037aa,0xe5cff288c1e8
0x4037aa,0x8e957902dfe8
0x4037ba,0xa1abd8041190
0x4037aa,0xe5cff28247e8
0x4037aa,0xe5cff28931e8
0x4037aa,0xe5cff27debe8
0x4037ba,0xe8035e461188
0x4037ba,0xea206316c38
0x4037ba,0x28e837d65128
0x4037aa,0x8e9579038fe8
0x4037aa,0xe5cff28525e8
0x4037c1,0xa1abd7fe7220
0x4037aa,0xe5cff2887228
0x4037aa,0xe5cff27b1e28
0x4037aa,0xe5cff27d6c28
0x4037ba,0x28e837dc23e8
0x4037c1,0x28e837dfe500
0x4037aa,0xe5cff2807a28
0x4037aa,0xe5cff282e828
0x4037aa,0xe5cff2876428
0x4037ba,0xa1abd7fd8fd0
0x4037c1,0xa1abd7fd5278
0x4037ba,0xa1abd7fd3d00
0x4037aa,0xe5cff27d1c68
0x4037c1,0x28e837d623c0
0x4037ba,0x28e837e325c8
0x4037aa,0xe5cff27ddc68
0x4037aa,0xe5cff2895268
0x4037aa,0xe5cff284c668
0x4037ba,0x28e837d74f80
0x4037ba,0xd79e62a92e90
0x4037aa,0xe5cff27e1c68
0x4037ba,0xd79e62b210c0
0x4037aa,0xe5cff27e7c68
0x4037ba,0xd79e62ab6c18
0x4037ba,0xea206312e80
0x4037ba,0xd79e62b05128
0x4037aa,0xe5cff27cbca8
0x4037ba,0xa1abd8007c40
0x4037ba,0xd79e62bcbca8
0x4037aa,0xe5cff28872a8
0x4037ba,0xa1abd7fdebc0
0x4037aa,0xe5cff27b2ea8
0x4037aa,0xe5cff2805aa8
0x4037ba,0xd79e62a67c58
0x4037aa,0xe5cff27ebca8
0x4037ba,0x28e837db9130
0x4037ba,0xd79e62c2cd90
0x4037ba,0xd79e62ad4720
0x4037c1,0x28e837e5bf50
0x4037aa,0xe5cff28208e8
0x4037aa,0xe5cff27b2ee8
0x4037ba,0xea2063309b8
0x4037ba,0x28e837e731d8
0x4037ba,0x28e837cad7b8
0x4037ba,0x28e837dd6c10
0x4037aa,0xe5cff28298e8
0x4037ba,0x28e837e54fa8
0x4037aa,0xe5cff27e7ce8
0x4037aa,0xe5cff28c10e8
0x4037aa,0xe5cff287a4e8
0x4037ba,0xd79e62af6420
0x4037aa,0xe5cff28a5128
0x4037aa,0xe5cff285c528
0x4037aa,0xe5cff285e528
0x4037aa,0xe5cff2885328
0x4037ba,0x28e837c9c520
0x4037aa,0xe5cff27d3d28
0x4037ba,0xe8035e467c58
0x4037ba,0x28e837dbc538
0x4037ba,0x28e837d9bf58
0x4037aa,0xe5cff2845728
0x4037aa,0xe5cff28b5128
0x4037aa,0xe5cff28b9128
0x4037ba,0xd79e62b07cf0
0x4037ba,0xa1abd7fe98d8
0x4037aa,0xe5cff2854728
0x4037aa,0xe5cff28c3128
0x4037ba,0xc48ca9045ab8
0x4037aa,0xe5cff287c528
0x4037aa,0xe5cff28c5128
0x4037ba,0xd79e62b54f80
0x4037aa,0xe5cff287e528
0x4037ba,0xd79e62c409b8
0x4037ba,0xa1abd800c668
0x4037c1,0xa1abd7fd9fb0
0x4037aa,0xe5cff2842768
0x4037aa,0xe5cff286b568
0x4037aa,0xe5cff2891368
0x4037ba,0x28e837e32eb8
0x4037aa,0xe5cff27ded68
0x4037ba,0xa21321d5240
0x4037aa,0xe5cff27bbf68
0x4037aa,0xe5cff27e0d68
0x4037ba,0x28e837c95130
0x4037aa,0xe5cff2873568
0x4037aa,0xe5cff2856768
0x4037c1,0x28e837cd9f90
0x4037c1,0x28e837d1a4e0
0x4037aa,0xe5cff27ccda8
0x4037ba,0xea20633dc50
0x4037aa,0xe5cff28189a8
0x4037aa,0xe5cff28863a8
0x4037c1,0xa1abd7fd2eb8
0x0,0xd79e62b32eb8
0x4037aa,0xe5cff27b0fa8
0x4037aa,0xe5cff28665a8
0x4037aa,0xe5cff288b3a8
0x4037aa,0xe5cff28209a8
0x4037ba,0xa21321e1180
0x4037aa,0xe5cff27b4fa8
0x4037c1,0xd79e62bc08f8
0x4037aa,0xe5cff27dbda8
0x4037aa,0xe5cff28913a8
0x4037aa,0xe5cff27b9fa8
0x4037aa,0xe5cff284d7a8
0x4037aa,0xe5cff2808ba8
0x4037ba,0x28e837e601b0
0x4037ba,0xd79e62b9bf78
0x4037aa,0xe5cff28c01a8
0x4037ba,0x28e837e39120
0x4037aa,0xe5cff28309a8
0x4037aa,0xe5cff28c11a8
0x4037ba,0xa21321e7ce8
0x4037aa,0xe5cff27ecda8
0x4037ba,0xd79e62c35120
0x4037aa,0xe5cff28823e8
0x4037aa,0xe5cff28ac1e8
0x4037ba,0xd79e62b33540
0x4037aa,0xe5cff27adfe8
0x4037c1,0xd79e62a99f80
0x4037aa,0xe5cff27febe8
0x4037aa,0xe5cff28b31e8
0x4037aa,0xe5cff28447e8
0x4037aa,0x54c4531bebe8
0x4037ba,0xa1abd8007218
0x4037ba,0xa21321fa4c8
0x4037aa,0xe5cff27b8fe8
0x4037ba,0xd79e62c33578
0x4037aa,0xe5cff28725e8
0x4037aa,0xe5cff28a23e8
0x4037ba,0x28e837cc23e0
0x4037aa,0xe5cff28a7228
0x4037aa,0xe5cff27f6c28
0x4037aa,0xe5cff27d1e28
0x4037ba,0xd79e62c40198
0x4037ba,0xa21321b4fa0
0x4037aa,0x8876f302e828
0x4037ba,0xd79e62ac7288
0x4037ba,0xea2062d6438
0x4037ba,0xd79e62a8b380
0x4037ba,0xea2062d6778
0x4037aa,0xe5cff2827a28
0x4037aa,0xe5cff2896428
0x4037ba,0x28e837d98fd0
0x4037aa,0xe5cff284e828
0x4037aa,0xe5cff28c7228
0x4037ba,0xd79e62c18988
0x4037aa,0xe5cff27f1c68
0x4037ba,0x28e837cf1398
0x4037ba,0x28e837e53558
0x4037c1,0xa21321a7208
0x4037c1,0xea20630e828
0x4037aa,0xe5cff27fdc68
0x4037ba,0xea2062c23c0
0x4037ba,0xea2063331e8
0x4037aa,0xe5cff286c668
0x4037aa,0xe5cff28b5268
0x4037aa,0xe5cff2801c68
0x4037ba,0xa1abd801dc68
0x4037aa,0xe5cff2807c68
0x4037ba,0xd79e62b43100
0x4037ba,0xa1abd7fd3548
0x4037aa,0xe5cff2811c68
0x4037ba,0x28e837ce11a0
0x40304c,0xd79e62b32eb8
0x402c56,0xd79e62b87220
0x402c20,0x5829a6ecb3b8
0x4037aa,0xe5cff28a72a8
0x4037ba,0xa1abd803dc40
0x4037ba,0xe930e6c19138
0x4037aa,0xe5cff27d2ea8
0x4037ba,0xd79e62b011b8
0x4037aa,0xe5cff2825aa8
0x4037ba,0x28e837e1bf70
0x4037ba,0x28e837e63128
0x4037aa,0xe5cff280bca8
0x4037ba,0xd79e62a78fe0
0x4037aa,0xe5cff28c72a8
0x4037ba,0xd79e62aa63b0
0x4037aa,0x71aae01298e8
0x4037aa,0xe5cff27d2ee8
0x4037ba,0x28e837d125c0
0x4037aa,0xe5cff28408e8
0x4037ba,0xa21321b8980
0x4037c1,0xea2062cbc80
0x4037aa,0xe5cff28498e8
0x4037aa,0xe5cff2807ce8
0x4037aa,0xe5cff28e10e8
0x4037c1,0x28e837dfebe8
0x4037aa,0xe5cff289a4e8
0x4037aa,0xe5cff28a5328
0x4037ba,0xe8035e467230
0x4037aa,0xe5cff27f3d28
0x4037ba,0xa1abd802cd88
0x4037aa,0xe5cff2865728
0x4037aa,0xe5cff28d5128
0x4037ba,0xa1abd8033d38
0x4037ba,0xd79e62af0998
0x4037aa,0xe5cff28d9128
0x4037ba,0xd79e62ae2750
0x4037aa,0xe5cff2874728
0x4037aa,0xe5cff28e3128
0x4037aa,0xe5cff289c528
0x4037aa,0xe5cff28e5128
0x4037ba,0xd79e62af6760
0x4037aa,0xe5cff289e528
0x4037c1,0x28e837d87298
0x4037aa,0xe5cff28c5328
0x4037aa,0xe5cff2813d28
0x4037ba,0xd79e62b010e8
0x4037ba,0xa1abd8007a38
0x4037ba,0xd79e62ae1c48
0x4037aa,0xe5cff2862768
0x4037ba,0xd79e62c13d20
0x4037ba,0x6c6f1e4c1c58
0x4037aa,0xe5cff288b568
0x4037aa,0xe5cff28b1368
0x4037c1,0xea20631c500
0x4037aa,0xe5cff27fed68
0x4037ba,0xea20632dfe8
0x4037aa,0x54c4531bed68
0x4037aa,0xe5cff2800d68
0x4037aa,0xe5cff27dbf68
0x4037aa,0xe5cff2893568
0x4037ba,0x28e837dc23e8
0x4037aa,0xe5cff2876768
0x4037ba,0x28e837d3ed58
0x4037ba,0x28e837e298c0
0x4037ba,0x28e837d9a4f0
0x4037c1,0xd79e62a53558
0x4037c1,0xd79e62ad13b8
0x4037aa,0xe5cff28389a8
0x4037aa,0xe5cff28a63a8
0x4037c1,0x28e837e10fb8
0x4037c1,0xa21321b2ec0
0x4037ba,0xd79e62ab1e28
0x4037c1,0x28e837cdbf50
0x4037aa,0xe5cff28ab3a8
0x4037aa,0xe5cff27d0fa8
0x4037aa,0xe5cff28865a8
0x4037ba,0xea206332ed8
0x4037aa,0xe5cff28409a8
0x4037aa,0xe5cff27d4fa8
0x4037aa,0xe5cff27fbda8
0x4037aa,0xe5cff28b13a8
0x4037ba,0xa1abd8019fb0
0x4037aa,0xe5cff27d9fa8
0x4037c1,0x6c6f1e4c7280
0x4037ba,0xea20633dc50
0x4037aa,0xe5cff286d7a8
0x4037ba,0x98f5690dbd98
0x4037c1,0xd79e62ace808
0x4037c1,0xd79e62a872a8
0x4037aa,0xe5cff2828ba8
0x4037aa,0xe5cff28e01a8
0x4037aa,0xe5cff28e11a8
0x4037aa,0xe5cff28509a8
0x4037aa,0xe5cff280cda8
0x4037c1,0xa1abd7fd5278
0x4037ba,0xa1abd8027210
0x4037aa,0xe5cff28589a8
0x4037aa,0xe5cff28c63a8
0x4029f8,0xa1abd8050980
0x4029e0,0x5829a6f07230
0x4037c1,0xea20633ed50
0x4037ba,0xd79e62b96750
0x4037aa,0xe5cff27cdfe8
0x4037aa,0xe5cff28cc1e8
0x4037ba,0xa1abd8007280
0x4037ba,0xea20630b388
0x4037aa,0xe5cff28647e8
0x4037aa,0xe5cff281ebe8
0x4037aa,0xe5cff28d31e8
0x4037aa,0xe5cff27d8fe8
0x4037ba,0xd79e62ac5330
0x4037aa,0xe5cff28925e8
0x4037c1,0xd79e62accd90
0x4037ba,0x28e837cc3138
0x4037aa,0xe5cff28c23e8
0x4037ba,0xd79e62b25300
0x4037ba,0xd79e62c35258
0x4037aa,0xe5cff27edfe8
0x4037aa,0xe5cff28ec1e8
0x4037aa,0xe5cff27f1e28
0x4037aa,0xe5cff2816c28
0x4037ba,0xd79e62af9f88
0x4037c1,0x28e837d02768
0x4037ba,0x5829a6f0bc80
0x4037aa,0xe5cff2847a28
0x4037aa,0xe5cff28b6428
0x4037ba,0xd79e62c331d0
0x4037aa,0xe5cff286e828
0x4037ba,0xd79e62a92ef8
0x4037c1,0xd79e62afa4f0
0x4037ba,0xd79e62c42748
0x4037aa,0xe5cff28e7228
0x4037ba,0x28e837c92ee0
0x4037ba,0xd79e62addc40
0x4037aa,0xe5cff2811e28
0x4037aa,0xe5cff2836c28
0x4037ba,0x41d09ea21198
0x4037ba,0xd79e62a91c78
0x4037aa,0xe5cff281dc68
0x4037aa,0xe5cff288c668
0x4037aa,0xe5cff2821c68
0x4037aa,0xe5cff28d5268
0x4037aa,0x32b6bf041c68
0x4037ba,0x5829a6ed2e98
0x4037ba,0x28e837e2b3a8
0x4037aa,0xe5cff2827c68
0x4037ba,0xd79e62a92e90
0x4037ba,0xea2063131c0
0x4037ba,0xe8035e4663a0
0x4037aa,0xe5cff2831c68
0x4037ba,0xd79e62b00990
0x402c2d,0x28e837e047c0
0x4037aa,0xe5cff27f2ea8
0x4037ba,0xa1abd80331d8
0x4037ba,0xd79e62c13568
0x4037aa,0x54c4531abca8
0x4037c1,0x5829a6ec72b0
0x4037aa,0xe5cff2845aa8
0x4037aa,0xe5cff282bca8
0x4037ba,0xd79e62bd31d8
0x4037aa,0xe5cff28e72a8
0x4037aa,0xe5cff2812ea8
0x4037c1,0xea2062ed7a8
0x402cbc,0xd79e62bc7a00
0x4037ba,0xe8035e467c58
0x4037aa,0xe5cff27f2ee8
0x4037aa,0x71d5f3f410e8
0x4037ba,0xd79e62b35118
0x4037aa,0xe5cff28608e8
0x4037ba,0xd79e62bc7c70
0x4037ba,0x28e837e408d0
0x4037aa,0xe5cff28698e8
0x4037ba,0xd79e62b131c8
0x4037ba,0xd79e62b9a4d8
0x4037aa,0xe5cff2827ce8
0x4037aa,0xe5cff28ba4e8
0x4037aa,0xe5cff29010e8
0x4037c1,0x28e837d52ed8
0x4037c1,0xd79e62b047f8
0x4037ba,0xd79e62a9ed48
0x4037ba,0x28e837de98e0
0x4037aa,0xe5cff2812ee8
0x4037ba,0xa1abd8007218
0x4037aa,0xe5cff2885728
0x4037aa,0xe5cff28f5128
0x4037aa,0xe5cff28f9128
0x4037ba,0xd79e62a6cd80
0x4037aa,0xe5cff2894728
0x4037aa,0xe5cff28bc528
0x4037aa,0xe5cff2903128
0x4037aa,0xe5cff28be528
0x4037aa,0xe5cff2905128
0x4037aa,0xe5cff28e5328
0x4037c1,0x28e837d62768
0x4037ba,0xd79e62a5bda8
0x4037ba,0x28e837d847d8
0x4037ba,0x28e837d823d8
0x4037aa,0xe5cff2833d28
0x4037ba,0xd79e62b54f80
0x4037aa,0xe5cff2882768
0x4037aa,0xe5cff28ab568
0x4037ba,0x28e837dd3d08
0x4037ba,0xd79e62c131c0
0x4037aa,0xe5cff28d1368
0x4037aa,0xe5cff281ed68
0x4037aa,0xe5cff27fbf68
0x4037aa,0xe5cff2820d68
0x4037ba,0x28e837e51e18
0x4037aa,0xe5cff28b3568
0x4037aa,0xe5cff2896768
0x4037ba,0x28e837d59128
0x4037ba,0x28e837c95268
0x4037ba,0x28e837ce10d0
0x4037aa,0xe5cff28a2768
0x402c56,0xd79e62b22778
0x4037aa,0xe5cff27f0fa8
0x4037aa,0xe5cff28a65a8
0x4037ba,0x28e837c9c520
0x4037aa,0x71d5f3f411a8
0x4037aa,0xe5cff28cb3a8
0x4037ba,0xd79e62a67c58
0x4037aa,0xe5cff27f4fa8
0x4037aa,0xe5cff28609a8
0x4037aa,0xe5cff281bda8
0x4037ba,0x28e837c931f0
0x4037aa,0xe5cff28d13a8
0x4037aa,0xe5cff27f9fa8
0x4037aa,0xe5cff288d7a8
0x4037c1,0xd79e62bac670
0x4037c1,0xa1abd80113a8
0x4037aa,0xe5cff2848ba8
0x4037aa,0xe5cff29001a8
0x4037aa,0xe5cff28709a8
0x4037ba,0xa21321e7ce8
0x4037aa,0xe5cff29011a8
0x4037aa,0xe5cff282cda8
0x4037aa,0xe5cff28e63a8
0x4037aa,0xe5cff28789a8
0x4037aa,0xe5cff2810fa8
0x4037aa,0xe5cff28eb3a8
0x4037aa,0xe5cff28c65a8
0x402c56,0xea206325108
0x4037ba,0x28e837e32eb8
0x4037aa,0xe5cff28847e8
0x4037ba,0xd79e62c2c640
0x4037ba,0xd79e62b07a18
0x4037aa,0xe5cff283ebe8
0x4037aa,0xe5cff28f31e8
0x4037aa,0xe5cff27f8fe8
0x4037aa,0x32bd14d531e8
0x4037aa,0xe5cff28b25e8
0x4037c1,0x28e837d58998
0x4037aa,0xb3a8ecd725e8
0x4037aa,0xe5cff28e23e8
0x4037aa,0xe5cff280dfe8
0x4037ba,0xc48ca9045300
0x4037aa,0xe5cff290c1e8
0x4037c1,0x28e837d9dc68
0x4037ba,0xd79e62afdc50
0x4037ba,0xea2063331e8
0x4037ba,0x28e837d90f90
0x4037aa,0xe5cff2867a28
0x4037ba,0x28e837d5ed78
0x4037ba,0xa1abd7fd89b8
0x4037aa,0xe5cff28d6428
0x4037aa,0xe5cff288e828
0x4037ba,0xd79e62b40190
0x4037ba,0x28e837e39120
0x4037aa,0xe5cff2907228
0x4037aa,0xe5cff2831e28
0x4037c1,0xd79e62c47230
0x4037ba,0xea2062be518
0x4037aa,0xe5cff2856c28
0x4037ba,0xd79e62b010e8
0x4037ba,0xd79e62a59f98
0x4037ba,0xd79e62bf1360
0x4037ba,0xa1abd802c1c0
0x4037aa,0xe5cff28ac668
0x4037aa,0xe5cff283dc68
0x4037ba,0xe8035e467cc0
0x4037ba,0xa1abd8023120
0x4037aa,0xe5cff28f5268
0x4037c1,0xd79e62a99f80
0x4037aa,0xe5cff2841c68
0x4037ba,0xa21321e1180
0x4037ba,0x28e837e647e8
0x4037aa,0xe5cff2847c68
0x4037aa,0xe5cff2851c68
0x4037ba,0xd79e62a931f8
0x4037ba,0xa1abd800c668
0x4037ba,0xea2062cd780
0x4037aa,0xe5cff2865aa8
0x4037ba,0x28e837e7a4f8
0x4037c1,0xea2062cbc80
0x4037ba,0x28e837d06598
0x4037aa,0xe5cff284bca8
0x4037ba,0xa1abd8027210
0x4037ba,0x28e837d11e30
0x4037aa,0xe5cff29072a8
0x4037aa,0xe5cff2832ea8
0x4037aa,0xe5cff28808e8
0x4037ba,0x28e837e63128
0x4037ba,0xd79e62ae10e8
0x4037c1,0xa21321a7208
0x4037ba,0xa1abd803dc40
0x4037aa,0xe5cff28898e8
0x4037ba,0x28e837e525c8
0x4037aa,0xe5cff29210e8
0x4037aa,0xe5cff2847ce8
0x4037ba,0x28e837e73d38
0x4037aa,0xe5cff28da4e8
0x4037c1,0xea206303110
0x4037ba,0xea206316c38
0x4037ba,0x6c537033bf58
0x4037aa,0xe5cff2832ee8
0x4037aa,0xe5cff28a08e8
0x4037ba,0xd79e62ab6c18
0x4037aa,0xe5cff28a5728
0x4037ba,0x9e9c4d8ddc50
0x4037aa,0xe5cff2915128
0x4037ba,0xd79e62af0fb0
0x4037aa,0xe5cff2919128
0x4037c1,0xa1abd8038ff0
0x4037ba,0x28e837e2b3a8
0x4037ba,0x28e837c90998
0x4037c1,0x28e837e80988
0x4037ba,0x28e837e50f88
0x4037aa,0xe5cff28b4728
0x4037ba,0xd79e62be1c78
0x4037ba,0x28e837d06390
0x4037aa,0xe5cff2923128
0x4037aa,0xe5cff28dc528
0x4037ba,0xea20633dc50
0x4037aa,0xe5cff2925128
0x4037aa,0xe5cff28de528
0x4037ba,0x28e837e0e808
0x4037aa,0xe5cff2905328
0x4037aa,0x92da1fa54728
0x4037aa,0xe5cff2853d28
0x4037aa,0xe5cff28c5728
0x4037ba,0xd79e62a67cc0
0x4037aa,0xe5cff28cb568
0x4037ba,0x28e837dd3550
0x4037aa,0xe5cff28f1368
0x4037aa,0xe5cff281bf68
0x4037aa,0xe5cff283ed68
0x4037ba,0xd79e62c131c0
0x4037ba,0xea2062f1378
0x4037aa,0xe5cff2840d68
0x4037aa,0xe5cff28d3568
0x4037c1,0x28e837e27c58
0x4037ba,0x28e837dc47d0
0x4037ba,0x28e837d85aa0
0x4037aa,0xe5cff28b6768
0x4037c1,0xa1abd8001198
0x4037ba,0xd79e62ad5110
0x4037aa,0xe5cff28c2768
0x4037aa,0xe5cff28eb568
0x4037aa,0xe5cff2814fa8
0x4037aa,0xe5cff28809a8
0x4037ba,0xd79e62bd31d8
0x4037c1,0x28e837e10fb8
0x4037aa,0xf1720cbc63a8
0x4037aa,0xe5cff283bda8
0x4037aa,0xe5cff2819fa8
0x4037aa,0xe5cff28f13a8
0x4037aa,0xe5cff28ad7a8
0x4037aa,0xe5cff2868ba8
0x4037aa,0xe5cff29201a8
0x4037aa,0xe5cff28909a8
0x4037aa,0xe5cff29211a8
0x4037ba,0x28e837cd31e8
0x4037ba,0xd79e62ab1e28
0x4037aa,0xe5cff284cda8
0x4037aa,0xe5cff28989a8
0x4037aa,0xe5cff29063a8
0x4037aa,0xe5cff2830fa8
0x4037aa,0xe5cff28e65a8
0x4037ba,0xa21321e7ce8
0x4037aa,0xe5cff290b3a8
0x4037aa,0xe5cff28a09a8
0x4037aa,0xe5cff2834fa8
0x4037ba,0xd79e62a9c538
0x4037aa,0xe5cff28a47e8
0x4037ba,0xd79e62bd2e90
0x4037aa,0xe5cff29131e8
0x4037aa,0xe5cff285ebe8
0x4037aa,0xe5cff2818fe8
0x4037ba,0xd79e62beb570
0x4037ba,0xa1abd8007280
0x4037ba,0xa1abd800c1f0
0x4037ba,0x28e837e52eb8
0x4037aa,0xe5cff28d25e8
0x4037ba,0xd79e62c18988
0x4037ba,0xa1abd8019fb0
0x4037ba,0xd79e62a6cd80
0x4037ba,0xa2132195250
0x4037ba,0xa21321f5268
0x4037ba,0xd79e62ab4730
0x4037ba,0x28e837da8b88
0x4037aa,0xe5cff29023e8
0x4037ba,0x28e837cd0998
0x4037aa,0xe5cff282dfe8
0x4037aa,0xe5cff292c1e8
0x4037ba,0xa213219e508
0x4037aa,0xe5cff28c47e8
0x4037aa,0xe5cff29331e8
0x4037ba,0xa1abd7fd3d00
0x4037aa,0xe5cff287ebe8
0x4037ba,0xa1abd8033d38
0x4037ba,0xd79e62c31e20
0x4037ba,0x28e837e54720
0x4037c1,0xa1abd7fd2eb8
0x4037aa,0xe5cff2887a28
0x4037aa,0xe5cff28ae828
0x4037aa,0xe5cff28f6428
0x4037ba,0xea206300998
0x4037ba,0xd79e62b10988
0x4037ba,0x28e837dec1e8
0x4037aa,0xe5cff2927228
0x4037aa,0xe5cff2851e28
0x4037aa,0xe5cff2876c28
0x4037c1,0x28e837d525e8
0x4037ba,0xd79e62a56c38
0x4037ba,0x28e837ce10d0
0x4037aa,0xe5cff285dc68
0x4037aa,0xe5cff28cc668
0x4037aa,0xe5cff2915268
0x4037aa,0xe5cff2861c68
0x4037aa,0xe5cff2867c68
0x4037ba,0xea2063309b8
0x4037ba,0x28e837e26588
0x4037aa,0xe5cff2871c68
0x4037ba,0x28e837d74f80
0x4037ba,0x28e837d5ed78
0x4037aa,0xe5cff287dc68
0x4037aa,0xe5cff28ec668
0x4037ba,0x28e837cd1e18
0x4037ba,0xd79e62a67298
0x4037ba,0xd79e62ad4fa8
0x4037aa,0xe5cff2885aa8
0x4037c1,0xd79e62c45a98
0x4037c1,0x5829a6ec72b0
0x4037aa,0xe5cff286bca8
0x4037c1,0xa1abd7fe7220
0x4037ba,0x28e837cfe508
0x4037ba,0xd79e62ad0f90
0x4037ba,0xa1abd7fd3548
0x4037c1,0xd79e62a872a8
0x4037aa,0xe5cff29272a8
0x4037ba,0x28e837d411b8
0x4037aa,0xe5cff2852ea8
0x4037ba,0xd79e62a9ed48
0x4037ba,0x98f5690dbd98
0x4037aa,0xe5cff28a98e8
0x4037ba,0xd79e62ad4720
0x4037ba,0xd79e62af0998
0x4037ba,0xa21321b8980
0x4037aa,0xe5cff29410e8
0x4037aa,0xe5cff2867ce8
0x4037ba,0x28e837d9bdb8
0x4037aa,0xe5cff28fa4e8
0x4037ba,0x28e837d2dfd8
0x4037ba,0xd79e62ae5730
0x4037aa,0xe5cff28c08e8
0x4037aa,0xe5cff2852ee8
0x4037c1,0xa1abd7fd5278
0x4037c1,0xd79e62bda4c0
0x4037c1,0x28e837dd09b0
0x4037aa,0xe5cff2935128
0x4037aa,0xe5cff2939128
0x4037c1,0xa1abd801e500
0x4037ba,0xd79e62b1c518
0x4037ba,0x28e837d3ed58
0x4037aa,0xe5cff28d4728
0x4037aa,0xe5cff2943128
0x4037aa,0xe5cff2945128
0x4037aa,0xe5cff28fc528
0x4037aa,0xe5cff28fe528
0x4037aa,0xe5cff2925328
0x4037ba,0x28e837d21c60
0x4037ba,0x28e837d410e8
0x4037aa,0xe5cff2873d28
0x4037ba,0xea2062d6438
0x4037ba,0xd79e62b8b398
0x4037aa,0xe5cff28e5728
0x4037ba,0x28e837cb1e10
0x4037aa,0xe5cff2955128
0x4037aa,0xe5cff2959128
0x402c20,0x5829a6ecb3b8
0x4037aa,0xe5cff2911368
0x4037aa,0xe5cff285ed68
0x4037aa,0xe5cff283bf68
0x4037ba,0xd79e62b672a8
0x4037aa,0xe5cff2860d68
0x4037aa,0xe5cff28f3568
0x4037aa,0x32bd14d53568
0x4037c1,0xea20631c500
0x4037aa,0xe5cff28d6768
0x4037ba,0xd79e62bbe510
0x4037ba,0xd79e62b08b88
0x4037aa,0xe5cff28e2768
0x4037ba,0x28e837ddbd90
0x4037ba,0xd79e62c331d0
0x4037aa,0xe5cff290b568
0x4037ba,0xd79e62b447e0
0x4037aa,0xe5cff2931368
0x4037ba,0xd79e62c35258
0x4037aa,0xe5cff287ed68
0x4037aa,0xe5cff285bda8
0x4037aa,0xe5cff29113a8
0x4037aa,0xe5cff2839fa8
0x4037aa,0xf1720cbc65a8
0x4037ba,0xe8035e467cc0
0x4037aa,0xe5cff28cd7a8
0x4037c1,0xd79e62bc8b88
0x4037aa,0xe5cff2888ba8
0x4037ba,0xea2063325e8
0x4037ba,0x28e837e36430
0x4037aa,0xe5cff29401a8
0x4037aa,0xe5cff28b09a8
0x4037aa,0xe5cff29411a8
0x4037ba,0x28e837d3e538
0x4037aa,0xe5cff286cda8
0x4037c1,0x6c6f1e4c7280
0x4037ba,0xea20633dc50
0x4037aa,0xe5cff28b89a8
0x4037aa,0xe5cff29263a8
0x4037c1,0x28e837cbe520
0x4037aa,0xe5cff2850fa8
0x4037ba,0xd79e62b99120
0x4037aa,0xe5cff292b3a8
0x4037aa,0xe5cff29065a8
0x4037aa,0xe5cff28c09a8
0x4037aa,0xe5cff2854fa8
0x4037c1,0xd79e62c47230
0x4037aa,0xe5cff287bda8
0x4037aa,0xe5cff29313a8
0x4037aa,0xe5cff2859fa8
0x4037aa,0xe5cff2838fe8
0x4037ba,0xa1abd7ffdc70
0x4037ba,0xe8035e467298
0x4037ba,0xa1abd8007c40
0x4037aa,0xe5cff28f25e8
0x4037ba,0xa2132207228
0x4037aa,0xe5cff29223e8
0x4037ba,0x28e837d98fd0
0x4037aa,0xe5cff294c1e8
0x4037aa,0xe5cff284dfe8
0x4037c1,0xea20631a4c0
0x4037aa,0xe5cff28e47e8
0x4037aa,0xe5cff29531e8
0x4037aa,0xe5cff289ebe8
0x4037ba,0xd79e62a9e528
0x4037aa,0xe5cff2858fe8
0x4037c1,0xd79e62b801b0
0x4037ba,0x6c6f1e4ce830
0x4037aa,0xe5cff28a7a28
0x4037aa,0xe5cff2916428
0x4037aa,0xe5cff28ce828
0x4037ba,0xea20632dfe8
0x4037c1,0xa1abd8038ff0
0x4037ba,0xa21322001b0
0x4037aa,0xe5cff2947228
0x4037ba,0x28e837c90998
0x4037aa,0xe5cff2896c28
0x4037aa,0xe5cff2871e28
0x4037ba,0x28e837dc63b8
0x4037ba,0x28e837dd6c10
0x4037ba,0xd79e62a56758
0x4037ba,0xd79e62c35120
0x4037aa,0xe5cff28c7a28
0x4037aa,0xe5cff2935268
0x4037aa,0xe5cff2881c68
0x4037ba,0x6c6f1e4c10f8
0x4037aa,0xe5cff2887c68
0x4037ba,0xd79e62ab1398
0x4037aa,0xe5cff2891c68
0x4037ba,0x28e837e325c8
0x4037ba,0x28e837dc8b90
0x4037ba,0xa213218c668
0x4037ba,0x28e837c95268
0x4037aa,0xe5cff289dc68
0x4037aa,0xe5cff2955268
0x4037aa,0xe5cff290c668
0x4037aa,0xe5cff28a1c68
0x4037aa,0xe5cff28a5aa8
0x4037ba,0xd79e62c34738
0x4037c1,0xa21321a7208
0x4037aa,0xe5cff288bca8
0x4037ba,0xa2132207290
0x4037c1,0xa1abd7fe7220
0x4037aa,0xe5cff29472a8
0x4037aa,0xe5cff2872ea8
0x4037c1,0x28e837d1a4e0
0x4037ba,0x28e837cb1c70
0x4037ba,0xd79e62bd31d8
0x4037c1,0xd79e62c47c58
0x4037aa,0xe5cff28c5aa8
0x4037c1,0xd79e62a53558
0x4037aa,0xe5cff28c98e8
0x4037c1,0x28e837d25a90
0x4037c1,0xa1abd801e500
0x4037aa,0xe5cff29610e8
0x4037aa,0xe5cff2887ce8
0x4037aa,0xe5cff291a4e8
0x4037ba,0xd79e62c13568
0x4037ba,0x28e837cfe508
0x4037ba,0xea2063047f0
0x4037ba,0xa21321d5108
0x4037aa,0xe5cff28e08e8
0x4037ba,0xd79e62b210c0
0x4037aa,0xe5cff2872ee8
0x4037c1,0xd79e62b047f8
0x4037aa,0xe5cff28e98e8
0x4037aa,0xe5cff28f4728
0x4037aa,0xe5cff2963128
0x4037aa,0xe5cff291c528
0x4037aa,0xe5cff2965128
0x4037aa,0xe5cff291e528
0x4037aa,0xe5cff2945328
0x4037ba,0x28e837d59128
0x4037aa,0xe5cff2893d28
0x4037ba,0x28e837dc23e8
0x4037ba,0x28e837c95130
0x4037aa,0xe5cff2905728
0x4037ba,0xd79e62b71c68
0x4037aa,0xe5cff2975128
0x4037c1,0x28e837d62768
0x4037aa,0xe5cff2979128
0x4037ba,0xd79e62b71378
0x4037aa,0xe5cff285bf68
0x4037aa,0xe5cff2880d68
0x4037aa,0xe5cff2913568
0x4037aa,0xe5cff28f6768
0x4037ba,0xa1abd7fd6438
0x4037ba,0x28e837cf9138
0x4037ba,0x28e837e3c508
0x4037ba,0x28e837cadfd8
0x4037aa,0xe5cff2902768
0x4037ba,0x28e837dd3550
0x4037aa,0xe5cff292b568
0x4037aa,0xe5cff2951368
0x4037c1,0x28e837d52ed8
0x4037aa,0xe5cff289ed68
0x4037aa,0xe5cff28a0d68
0x4037aa,0xe5cff287bf68
0x4037aa,0xe5cff2933568
0x4037aa,0xe5cff28ed7a8
0x4037c1,0xa21321b2ec0
0x4037aa,0xe5cff28a8ba8
0x4037aa,0xe5cff29601a8
0x4037ba,0xa1abd8007a38
0x4037aa,0xe5cff29611a8
0x4037aa,0xe5cff28d09a8
0x4037ba,0x28e837cd0998
0x4037aa,0xe5cff288cda8
0x4037ba,0xa21321d4fa0
0x4037c1,0x28e837e80988
0x4037c1,0xd79e62bac670
0x4037aa,0xe5cff28d89a8
0x4037aa,0xe5cff29463a8
0x4037aa,0xe5cff294b3a8
0x4037aa,0xe5cff2870fa8
0x4037aa,0xe5cff29265a8
0x4037ba,0xe8035e4623f8
0x4037aa,0xe5cff28e09a8
0x4037aa,0xe5cff2874fa8
0x4037aa,0xe5cff289bda8
0x4037aa,0xe5cff29513a8
0x4037ba,0xd79e62ac7c48
0x4037aa,0xe5cff2879fa8
0x4037aa,0xe5cff290d7a8
0x4037aa,0xe5cff29125e8
0x4037ba,0x28e837e0e808
0x4037ba,0x28e837d2dfd8
0x4037ba,0x28e837d9a4f0
0x4037ba,0xa1abd800d798
0x4037aa,0xe5cff29423e8
0x4037ba,0xa1abd8019110
0x4037ba,0xd79e62afbdb0
0x4037aa,0xe5cff296c1e8
0x4037aa,0xe5cff286dfe8
0x4037ba,0xd79e62a9e528
0x4037aa,0xe5cff29047e8
0x4037aa,0xe5cff28bebe8
0x4037aa,0xe5cff29731e8
0x4037c1,0xd79e62accd90
0x4037aa,0xe5cff2878fe8
0x4037ba,0xea2062be518
0x4037aa,0xe5cff29325e8
0x4037ba,0xa1abd80201b0
0x4037ba,0xd79e62c40198
0x4037aa,0xe5cff28ee828
0x4037aa,0xe5cff2936428
0x4037aa,0x71aae0127228
0x4037ba,0xd79e62a67cc0
0x4037ba,0x28e837d9bdb8
0x4037aa,0xe5cff2967228
0x4037ba,0xe8035e467c58
0x4037c1,0xd79e62bc08f8
0x4037aa,0xe5cff2891e28
0x4037aa,0xe5cff28b6c28
0x4037ba,0x28e837d5ed78
0x4037ba,0xa21321e7ce8
0x4037aa,0xe5cff28e7a28
0x4037aa,0xe5cff2956428
0x4037ba,0x28e837d6e820
0x4037c1,0xd79e62bda4c0
0x4037aa,0xe5cff290e828
0x4037aa,0xe5cff28a7c68
0x4037ba,0xd79e62c22758
0x4037c1,0x6c6f1e4c0990
0x4037ba,0xa1abd7fe47d8
0x4037aa,0xe5cff28b1c68
0x4037c1,0xee30bb941180
0x4037ba,0xd79e62aee818
0x4037c1,0x28e837cbe520
0x4037aa,0xe5cff28bdc68
0x4037ba,0xe930e6c01c78
0x4037aa,0xe5cff292c668
0x4037aa,0xe5cff2975268
0x4037c1,0xd79e62b1ed68
0x4037aa,0xe5cff28c1c68
0x4037aa,0xe5cff28c7c68
0x4029e6,0x309dcdc5bd80
0x403702,0xb4165fa8d798
0x4037aa,0x71aae01272a8
0x4037aa,0xe5cff28abca8
0x4037ba,0xa2132196428
0x4037ba,0xd79e62b54f80
0x4037ba,0xd79e62ab4fb8
0x4037aa,0xe5cff29672a8
0x4037aa,0xe5cff2892ea8
0x4037c1,0xd79e62a872a8
0x4037c1,0xd79e62afa4f0
0x4037aa,0xe5cff28e5aa8
0x4037ba,0xd79e62a56c38
0x4037ba,0xea2062d6778
0x4037c1,0xd79e62a80d68
0x4037ba,0xa1abd802cd88
0x4037aa,0xe5cff28a7ce8
0x4037ba,0x28e837d65330
0x4037aa,0xe5cff29810e8
0x4037ba,0xd79e62b010e8
0x4037aa,0xe5cff293a4e8
0x4037ba,0x28e837d610e0
0x4037ba,0x5829a6ed2e98
0x4037aa,0xe5cff2892ee8
0x4037ba,0xd79e62ab1e28
0x4037aa,0xe5cff29008e8
0x4037aa,0xe5cff29098e8
0x4037ba,0xee30bb940198
0x4037ba,0x28e837cd31e8
0x4037aa,0xe5cff28c7ce8
0x4037ba,0x28e837e2bc98
0x4037aa,0xe5cff2914728
0x4037aa,0xe5cff2983128
0x4037aa,0xe5cff293c528
0x4037aa,0xe5cff2985128
0x4037ba,0xa1abd801dc68
0x4037aa,0xe5cff293e528
0x4037aa,0xe5cff2965328
0x4037aa,0xe5cff28b3d28
0x4037ba,0xd79e62a91e18
0x4037aa,0xe5cff2925728
0x4037aa,0xe5cff2995128
0x4037aa,0xe5cff2999128
0x4037ba,0xd79e62c33d30
0x4037aa,0xe5cff2934728
0x4037ba,0xe930e6c11c40
0x4037ba,0x28e837d65128
0x4037aa,0xe5cff2916768
0x4037ba,0x28e837e2b548
0x4037ba,0xa21321e1180
0x4037ba,0x28e837cd1e18
0x4037aa,0xe5cff2922768
0x4037ba,0x28e837d3ed58
0x4037ba,0x28e837e298c0
0x4037aa,0xe5cff294b568
0x4037aa,0xe5cff2971368
0x4037c1,0x28e837dfebe8
0x4037aa,0xe5cff28bed68
0x4037aa,0xe5cff289bf68
0x4037aa,0xe5cff28c0d68
0x4037aa,0xe5cff2953568
0x4037ba,0xa1abd8005ab8
0x4037ba,0xa1abd7fd8fd0
0x4037ba,0xd79e62b25300
0x4037aa,0xe5cff28c8ba8
0x4037ba,0xd79e62afebe0
0x4037aa,0xe5cff29801a8
0x4037aa,0xe5cff29811a8
0x4037ba,0xd79e62af9f88
0x4037aa,0xe5cff28f09a8
0x4037ba,0xa21321fa4c8
0x4037ba,0xd79e62a67298
0x4037ba,0xa1abd804b3a0
0x4037ba,0xd79e62bbe510
0x4037aa,0xe5cff28acda8
0x4037ba,0xd79e62b9bf78
0x4037aa,0xe5cff29663a8
0x4037aa,0xe5cff28f89a8
0x0,0x270fe418998
0x4037aa,0xe5cff2890fa8
0x4037ba,0x28e837d2d7b8
0x4037aa,0xe5cff29465a8
0x4037aa,0xe5cff296b3a8
0x4037ba,0xea2062e23e8
0x4037c1,0xd79e62ace808
0x4037aa,0xe5cff2894fa8
0x4037aa,0xe5cff29009a8
0x4037aa,0xe5cff28bbda8
0x4037aa,0xe5cff29713a8
0x4037ba,0x28e837dab3a8
0x4037aa,0xb24660e8b3a8
0x4037aa,0xe5cff2899fa8
0x4037aa,0xe5cff292d7a8
0x4037aa,0xe5cff28e8ba8
0x4037ba,0xd79e62a9e528
0x4037aa,0xe5cff29a01a8
0x4037ba,0x28e837cb6770
0x4037ba,0xd79e62acbcb8
0x4037ba,0xd79e62a67230
0x4037aa,0xe5cff29623e8
0x4037ba,0xea206300998
0x4037ba,0xd79e62c42748
0x4037aa,0xe5cff288dfe8
0x4037aa,0xe5cff298c1e8
0x4037c1,0xea2062cbc80
0x4037ba,0xa1abd803dc40
0x4037aa,0xe5cff29247e8
0x4037ba,0x28e837df2ee8
0x4037aa,0xe5cff28debe8
0x4037aa,0xe5cff29931e8
0x4037aa,0xe5cff2898fe8
0x4037ba,0xd79e62a81c58
0x4037ba,0x28e837e54fa8
0x4037ba,0xa21321d5240
0x4037aa,0xe5cff29525e8
0x4037ba,0x28e837e51c78
0x4037ba,0xd79e62b6c1d8
0x4037aa,0xe5cff2987228
0x4037aa,0xe5cff28b1e28
0x4037aa,0xe5cff28d6c28
0x4037ba,0x28e837cd1c78
0x4037ba,0xea206312e80
0x4037ba,0xea2062f1c68
0x4037ba,0x28e837dcc1f0
0x4037ba,0x28e837d65a80
0x4037ba,0xd79e62ac7288
0x4037aa,0xe5cff2907a28
0x4037aa,0xe5cff2976428
0x4037aa,0xe5cff292e828
0x4037ba,0xd79e62a5bda8
0x4037c1,0x28e837cd9f90
0x4037ba,0x28e837e63128
0x4037c1,0xd79e62b81c50
0x4037aa,0xe5cff28d1c68
0x4037ba,0x28e837d3e538
0x4037aa,0xe5cff28ddc68
0x4037ba,0xd79e62ae2750
0x4037aa,0xe5cff294c668
0x4037aa,0xe5cff28e1c68
0x4037aa,0xe5cff2995268
0x4037ba,0x28e837da8b88
0x4037aa,0xe5cff28e7c68
0x4037c1,0x28e837d9dc68
0x4037ba,0xd79e62a5bf48
0x4037c1,0xab2ecf499f90
0x4037aa,0xe5cff28cbca8
0x4037aa,0xe5cff29872a8
0x4037aa,0xe5cff28b2ea8
0x4037aa,0xb3a8ecd72ea8
0x0,0xd79e62b32eb8
0x4037ba,0xd79e62afbf50
0x4037ba,0xea2062d6438
0x4037aa,0xe5cff2905aa8
0x4037ba,0xe8035e463118
0x4037ba,0x28e837e601b0
0x4037aa,0xe5cff28ebca8
0x4037aa,0xe5cff295a4e8
0x4037ba,0xd79e62ac23e8
0x4037aa,0xe5cff29a10e8
0x4037aa,0xc6aa2d6a10e8
0x4037ba,0xa1abd804bc90
0x4037ba,0xa1abd8015240
0x4037ba,0xd79e62af4fa0
0x4037aa,0xe5cff28b2ee8
0x4037aa,0xe5cff29208e8
0x4037aa,0xb3a8ecd72ee8
0x4037aa,0xc839f57210e8
0x4037aa,0xe5cff29298e8
0x4037aa,0xe5cff28e7ce8
0x4037ba,0xd79e62abebc0
0x4037aa,0xe5cff297a4e8
0x4037aa,0xe5cff295c528
0x4037aa,0xe5cff295e528
0x4037ba,0xa1abd7ffc530
0x4037aa,0xe5cff2985328
0x4037aa,0xc839f5719128
0x4037ba,0x28e837e0e808
0x4037aa,0xe5cff28d3d28
0x4037ba,0xd79e62b4e828
0x4037aa,0xe5cff2945728
0x4037aa,0xc839f5723128
0x4037aa,0xc839f5725128
0x4037ba,0x28e837d78998
0x4037aa,0xe5cff2954728
0x4037c1,0xa1abd7fd5278
0x4037ba,0xd79e62b07cf0
0x4037aa,0xe5cff297c528
0x4037aa,0xe5cff2936768
0x4037ba,0xd79e62b010e8
0x4037aa,0xe5cff2942768
0x4037ba,0xa1abd802c1c0
0x4037aa,0xe5cff296b568
0x4037aa,0xe5cff2991368
0x4037aa,0xe5cff28ded68
0x4037aa,0xe5cff28bbf68
0x4037aa,0xe5cff28e0d68
0x4037aa,0xb24660e8b568
0x4037aa,0xe5cff2973568
0x4037ba,0xd79e62c3c510
0x4037c1,0x28e837d62768
0x4037ba,0x28e837e2b3a8
0x4037c1,0xd79e62c47c58
0x4037aa,0xe5cff2956768
0x4037aa,0xe5cff29109a8
0x4037aa,0xe5cff29a11a8
0x4037aa,0xc6aa2d6a11a8
0x4037aa,0xe5cff28ccda8
0x4037aa,0xe5cff29189a8
0x4037c1,0xa1abd7fd2eb8
0x4037aa,0xe5cff29863a8
0x4037ba,0xa1abd8015108
0x4037ba,0xa1abd8027210
0x4037aa,0xe5cff28b0fa8
0x4037aa,0xe5cff29665a8
0x4037aa,0xe5cff298b3a8
0x4037ba,0xd79e62c13d20
0x4037aa,0xe5cff28b4fa8
0x4037aa,0xe5cff29209a8
0x4037aa,0xc839f57201a8
0x4037ba,0xe8035e467c58
0x4037c1,0x6c6f1e4c7280
0x4037aa,0xc839f57211a8
0x4037aa,0xe5cff28dbda8
0x4037aa,0x92da1fa8b3a8
0x4037aa,0xe5cff29913a8
0x4037aa,0xe5cff28b9fa8
0x4037ba,0x28e837df2e80
0x4037aa,0xe5cff294d7a8
0x4037ba,0xea20632dfe8
0x4037aa,0x92da1fa54fa8
0x4037aa,0xe5cff2908ba8
0x4037aa,0xe5cff29309a8
0x4037aa,0xe5cff28ecda8
0x4037c1,0xa21321b2ec0
0x4037aa,0xe5cff29823e8
0x4037c1,0xd79e62bc8b88
0x4037aa,0x73fab736c1e8
0x4037aa,0xe5cff28adfe8
0x4037aa,0x54c4531931e8
0x4037aa,0xe5cff29447e8
0x4037c1,0xa2132208bb0
0x4037aa,0xe5cff28febe8
0x4037aa,0xe5cff28b8fe8
0x4037ba,0xd79e62a9ed48
0x4037aa,0xe5cff29725e8
0x4037aa,0xc839f572c1e8
0x4037ba,0xa1abd8007280
0x4037ba,0xa1abd800c668
0x4037ba,0xa1abd804b3a0
0x4037ba,0xe930e6c113b8
0x4037aa,0xe5cff28d1e28
0x0,0xd79e62b31e38
0x4037aa,0xe5cff28f6c28
0x4037c1,0xd79e62bac670
0x4037ba,0xea2062c10c0
0x4037aa,0xe5cff2927a28
0x4037aa,0xc839f5727228
0x4037aa,0xe5cff294e828
0x4037aa,0xe5cff2996428
0x4037c1,0xea2062ed7a8
0x4037aa,0x71d5f3f41c68
0x4037aa,0xe5cff28f1c68
0x4037c1,0x28e837cdbf50
0x4037ba,0x28e837d21c60
0x4037c1,0xd79e62c27208
0x4037ba,0xd79e62c35258
0x4037ba,0xa1abd8036c00
0x4037ba,0xe8035e467cc0
0x4037aa,0xe5cff296c668
0x4037aa,0xe5cff28fdc68
0x4037aa,0xe5cff2901c68
0x4037aa,0xe5cff2907c68
0x4037c1,0xd79e62ae7c60
0x4037ba,0xa21321d4fa0
0x4037ba,0x28e837e32eb8
0x4037ba,0x28e837cfe508
0x4037aa,0xe5cff28d2ea8
0x4037ba,0xa2132195250
0x4037aa,0xe5cff2925aa8
0x4037aa,0xc839f57272a8
0x4037ba,0x28e837e39120
0x4037aa,0xe5cff290bca8
0x4037aa,0xe5cff28d2ee8
0x4037aa,0xe5cff29408e8
0x4037ba,0xd79e62b79f80
0x4037c1,0xea2062cbc80
0x4037ba,0xea2062f1378
0x4037ba,0x28e837d0e800
0x4037aa,0xe5cff29498e8
0x4037aa,0xed3fb8cc10e8
0x4037ba,0xa213218d798
0x4037aa,0xe5cff2907ce8
0x4037aa,0xe5cff299a4e8
0x4037ba,0x28e837decdb0
0x4037ba,0xe8035e4665a8
0x4037ba,0x28e837e50f88
0x4037aa,0xe5cff297e528
0x4037ba,0x28e837dec660
0x4037ba,0x28e837d32ea8
0x4037aa,0xc839f5735128
0x4037ba,0xa213219bf40
0x4037aa,0xe5cff28f3d28
0x4037aa,0xed3fb8cb5128
0x4037ba,0x28e837e26588
0x4037aa,0xe5cff2965728
0x4037aa,0x32bd14d53d28
0x4037aa,0xed3fb8cb9128
0x4037ba,0xea206316758
0x4037ba,0xd79e62b85700
0x4037aa,0xed3fb8cc3128
0x4037aa,0xc839f5725328
0x4037aa,0xed3fb8cc5128
0x4037aa,0xe5cff2974728
0x4037ba,0x28e837db9130
0x4037ba,0xd79e62a91388
0x4037ba,0x28e837e51388
0x4037aa,0xe5cff299c528
0x4037aa,0xe5cff299e528
0x4037ba,0x28e837d59128
0x4037ba,0xa1abd804b540
0x4037aa,0xe5cff2962768
0x4037ba,0xd79e62af4718
0x4037aa,0xe5cff298b568
0x4037ba,0x28e837dd3550
0x4037aa,0xe5cff28dbf68
0x4037aa,0x92da1fa8b568
0x4037aa,0xe5cff28fed68
0x4037aa,0xe5cff2900d68
0x4037aa,0xe5cff2993568
0x4037ba,0x28e837dc8b90
0x4037aa,0xe5cff2976768
0x4037ba,0x28e837d411b8
0x4037aa,0xc839f5731368
0x4037aa,0xe5cff29389a8
0x4037ba,0xd79e62ae1c48
0x4037c1,0xea20630e828
0x4037aa,0x73fab736b3a8
0x4037aa,0xe5cff28d0fa8
0x4037aa,0xe5cff29865a8
0x4037ba,0x28e837d3e538
0x4037aa,0xe5cff29409a8
0x4037aa,0xe5cff28d4fa8
0x4037ba,0xd79e62c34738
0x4037aa,0xe5cff28fbda8
0x4037aa,0xe5cff28d9fa8
0x4037aa,0xed3fb8cc01a8
0x4037aa,0xe5cff296d7a8
0x4037aa,0xed3fb8cc11a8
0x4037ba,0x28e837c931f0
0x4037aa,0xc839f57263a8
0x4037aa,0xe5cff2928ba8
0x4037aa,0xe5cff29509a8
0x4037aa,0xc839f572b3a8
0x4037aa,0xe5cff290cda8
0x4037aa,0xc839f57313a8
0x4037aa,0xe5cff29589a8
0x4037aa,0xc839f57331e8
0x4037aa,0xe5cff29a23e8
0x4037ba,0xa21321d4718
0x4037ba,0x5829a6ed3558
0x4037ba,0xea2063309b8
0x4037ba,0xd79e62b6c1d8
0x4037aa,0xe5cff28cdfe8
0x4037aa,0xed3fb8cb31e8
0x4037aa,0xe5cff29647e8
0x4037ba,0x6c6f1e4c10f8
0x4037ba,0xd79e62a92e90
0x4037aa,0xe5cff291ebe8
0x4037ba,0xd79e62aa63b0
0x4037aa,0xe5cff28d8fe8
0x4037ba,0x28e837c90998
0x4037ba,0x6c5370333d08
0x4037ba,0xd79e62a56c38
0x4037aa,0xc839f57223e8
0x4037aa,0xe5cff29925e8
0x4037ba,0xea20632c1e0
0x4037ba,0x28e837c9c520
0x4037aa,0xed3fb8ccc1e8
0x4037c1,0x28e837d87298
0x4037ba,0xd79e62b91378
0x4037ba,0xe8035e4663a0
0x4037ba,0x28e837ce11a0
0x403044,0xd79e62b31e38
0x40304c,0xd79e62b32eb8
0x402cbc,0xd79e62bc7a00
0x402c20,0x5829a6ecb3b8
0x403702,0xb4165fa8d798
0x4037ba,0xa1abd8031c48
0x4037aa,0xe5cff2916c28
0x4037aa,0xe5cff28f1e28
0x4037ba,0xd79e62ac7220
0x4037ba,0xd79e62ae5730
0x4037aa,0xe5cff2947a28
0x4037aa,0xe5cff296e828
0x4037ba,0xd79e62b73540
0x4037aa,0xed3fb8cc7228
0x4037c1,0xd79e62accd90
0x4037aa,0xe5cff2911c68
0x4037aa,0xc839f5735268
0x4037ba,0xa1abd8020d78
0x4037aa,0xed3fb8cb5268
0x4037ba,0xd79e62a78fe0
0x4037ba,0xa21321e1180
0x4037aa,0xe5cff291dc68
0x4037ba,0x28e837d61c40
0x4037aa,0xe5cff298c668
0x4037ba,0xea2063131c0
0x4037aa,0x54c4531bdc68
0x4037ba,0xa21321fa4c8
0x4037c1,0xa1abd8051388
0x4037aa,0xe5cff2921c68
0x4037aa,0xe5cff2927c68
0x4037aa,0xe5cff2931c68
0x4037aa,0xe5cff28f2ea8
0x4037c1,0x5829a6ec72b0
0x4037aa,0xe5cff2945aa8
0x4037ba,0xd79e62ab1398
0x4037ba,0x28e837d85aa0
0x4037c1,0xd79e62a872a8
0x4037aa,0xed3fb8cc72a8
0x4037aa,0xe5cff292bca8
0x4037ba,0xa1abd7fd3548
0x4037ba,0x28e837c92ee0
0x4037aa,0xff3ffd19a4e8
0x4037ba,0xe8035e465a90
0x4037ba,0xa21321fed68
0x4037aa,0xe5cff29608e8
0x4037aa,0xe5cff28f2ee8
0x4037c1,0xd79e62c27a28
0x4037aa,0xc839f571a4e8
0x4037ba,0xd79e62a9ed48
0x4037aa,0xe5cff29698e8
0x4037aa,0xa8fbd84210e8
0x4037aa,0xe5cff2927ce8
0x4037ba,0xa1abd7fd3d00
0x4037ba,0xa21321e7ce8
0x4037ba,0xd79e62c25130
0x4037ba,0x28e837cd0998
0x4037ba,0xd79e62b07a18
0x4037aa,0xe5cff2913d28
0x4037aa,0xff3ffd19c528
0x4037aa,0xe5cff2985728
0x4037ba,0xd79e62ad4720
0x4037ba,0xa1abd804b3a0
0x4037ba,0xd79e62b011b8
0x4037aa,0xa8fbd8419128
0x4037aa,0xc839f571c528
0x4037aa,0xc839f571e528
0x4037aa,0x71d0d5934728
0x4037ba,0xd79e62afdc50
0x4037ba,0xd79e62c3c510
0x4037aa,0xa8fbd8423128
0x4037aa,0xe5cff2994728
0x4037aa,0xed3fb8cc5328
0x4037aa,0xa8fbd8425128
0x4037ba,0x28e837d113a0
0x4037aa,0xe5cff2933d28
0x4037ba,0xd79e62b35118
0x4037aa,0xe5cff2982768
0x4037ba,0xd79e62ae11b8
0x4037aa,0x73fab736b568
0x4037ba,0x28e837cf1398
0x4037ba,0xd79e62a70f90
0x4037aa,0x54c453193568
0x4037aa,0xe5cff291ed68
0x4037aa,0xe5cff2920d68
0x4037aa,0xe5cff28fbf68
0x4037ba,0x28e837dbc538
0x4037c1,0xea206318980
0x4037aa,0xe5cff2996768
0x4037aa,0xc839f572b568
0x4037aa,0xed3fb8cd1368
0x4037ba,0xd79e62bfe538
0x4037aa,0xe5cff28f0fa8
0x4037aa,0xe5cff29609a8
0x4037aa,0xe5cff28f4fa8
0x4037aa,0xe5cff291bda8
0x4037aa,0xe5cff28f9fa8
0x4037aa,0xe5cff298d7a8
0x4037c1,0xd79e62a73550
0x4037aa,0xe5cff2948ba8
0x4037c1,0xd79e62ace808
0x4037aa,0xa8fbd84201a8
0x4037aa,0xa8fbd84211a8
0x4037aa,0xe5cff29709a8
0x4037aa,0xc839f57265a8
0x4037aa,0xed3fb8cc63a8
0x4037c1,0xea20631a4c0
0x4037ba,0xa1abd7fdebc0
0x4037aa,0xe5cff292cda8
0x4037aa,0xed3fb8ccb3a8
0x4037aa,0xe5cff29789a8
0x4037ba,0xd79e62ad0f90
0x4037aa,0xed3fb8cd13a8
0x4037aa,0xe5cff28edfe8
0x4037ba,0xd79e62c42748
0x4037aa,0xeb0189f4c1e8
0x4037ba,0xa1abd8007280
0x4037aa,0xe5cff29847e8
0x4037aa,0xe5cff293ebe8
0x4037c1,0x28e837e1c510
0x4037aa,0xeb0189f531e8
0x4037aa,0xe5cff28f8fe8
0x4037ba,0x28e837cd1388
0x4037aa,0xed3fb8cc23e8
0x4037ba,0x28e837e601b0
0x4037ba,0x28e837d9bf58
0x4037ba,0xd79e62ac5a80
0x4037aa,0xa8fbd842c1e8
0x4037c1,0xee30bb9447e8
0x4037ba,0xd79e62be8b90
0x4037aa,0xe5cff290dfe8
0x4037aa,0xc839f57325e8
0x4037c1,0xea2062ed7a8
0x4037aa,0xe5cff2911e28
0x4037aa,0xe5cff2936c28
0x4037aa,0xc839f5736428
0x4037ba,0xa1abd804b540
0x4037aa,0x71aae0127a28
0x4037ba,0xa1abd800c668
0x4037aa,0xed3fb8cb6428
0x4037aa,0xe5cff2967a28
0x4037aa,0xe5cff298e828
0x4037c1,0x6c6f1e4c7280
0x4037aa,0xa8fbd8427228
0x4037aa,0xe5cff2956c28
0x4037aa,0xe5cff2931e28
0x4037ba,0x28e837d6e820
0x4037aa,0x73fab736c668
0x4037aa,0xe5cff293dc68
0x4037aa,0xe5cff2941c68
0x4037ba,0xea20632dfe8
0x4037c1,0xee30bb941180
0x4037aa,0xe5cff2947c68
0x4037c1,0xea20630e828
0x4037c1,0x28e837dfebe8
0x4037aa,0xe5cff2951c68
0x4037ba,0xd79e62af6420
0x4037aa,0xc839f572c668
0x4037c1,0xd79e62c47c58
0x4037c1,0x28e837d87298
0x4037ba,0x28e837d847d8
0x4037aa,0xe5cff2912ea8
0x4037ba,0x28e837c88ba8
0x4037ba,0xa1abd8045a88
0x4037aa,0xe5cff2965aa8
0x4037aa,0xe5cff294bca8
0x4037ba,0x28e837e2b3a8
0x4037ba,0xd79e62a9e528
0x4037ba,0x28e837d823d8
0x4037ba,0xe8035e463118
0x4037aa,0xa8fbd84272a8
0x4037aa,0xe5cff2932ea8
0x4037aa,0xe5cff2912ee8
0x4037aa,0xe5cff29808e8
0x4037aa,0xe5cff29898e8
0x4037aa,0xed3fb8cba4e8
0x4037ba,0xd79e62bd31d8
0x4037ba,0xa1abd803dc40
0x4037aa,0xa8fbd84410e8
0x4037aa,0xe5cff2947ce8
0x4037ba,0x28e837ce11a0
0x4037ba,0xa21321f5130
0x4037ba,0xea20633dc50
0x4037ba,0x6c6f1e4c1c58
0x4037ba,0xd79e62b4e828
0x4037aa,0xe5cff2932ee8
0x4037ba,0xd79e62ae5118
0x4037ba,0x28e837d411b8
0x4037aa,0xe5cff29a08e8
0x4037ba,0xe8035e467230
0x4037aa,0xa8fbd8435128
0x4037aa,0xa8fbd8439128
0x4037c1,0xd79e62b9e510
0x4037aa,0xed3fb8cbc528
0x4037aa,0xed3fb8cbe528
0x4037aa,0xa8fbd8443128
0x4037ba,0x28e837d223f8
0x4037ba,0xd79e62be7c50
0x4037aa,0xa8fbd8445128
0x4037aa,0xc839f5725728
0x4037aa,0xa8fbd8425328
0x4037ba,0xd79e62b05128
0x4037aa,0xe5cff2953d28
0x4037ba,0xe8035e465a90
0x4037c1,0x28e837d62768
0x4037ba,0xd79e62c409b8
0x4037aa,0xc839f5733568
0x4037aa,0xe5cff29a2768
0x4037aa,0xed3fb8cb3568
0x4037ba,0xa1abd802c1c0
0x4037aa,0xeb0189f51368
0x4037aa,0xe5cff293ed68
0x4037ba,0xd79e62b76778
0x4037aa,0xe5cff291bf68
0x4037ba,0x5829a6edbf70
0x4037aa,0xe5cff2940d68
0x4037ba,0xa1abd8046398
0x4037ba,0xa2132195118
0x4037c1,0xa1abd8051388
0x4037ba,0x28e837cd1e18
0x4037ba,0xd79e62a92ef8
0x4037aa,0xc839f5722768
0x4037ba,0xa1abd7fd3548
0x4037ba,0x28e837d410e8
0x4037aa,0xed3fb8ccb568
0x4037ba,0xa1abd7fe47d8
0x4037ba,0xd79e62ac3110
0x4037aa,0xe5cff2910fa8
0x4037ba,0x28e837cd5130
0x4037aa,0xe5cff29809a8
0x4037aa,0xe5cff2914fa8
0x4037ba,0xe8035e465138
0x4037aa,0xe5cff293bda8
0x4037aa,0x73fab736d7a8
0x4037aa,0xeb0189f513a8
0x4037aa,0xe5cff2919fa8
0x4037aa,0xe5cff2968ba8
0x4037aa,0xa8fbd84401a8
0x4037aa,0xa8fbd84411a8
0x4037aa,0x32bd14d601a8
0x4037aa,0xe5cff29909a8
0x4037ba,0x28e837df2ee8
0x4037aa,0xe5cff294cda8
0x4037ba,0xd79e62c33d30
0x4037aa,0xed3fb8cc65a8
0x4037aa,0xa8fbd84263a8
0x4037aa,0xe5cff29989a8
0x4037ba,0xea206325718
0x4037ba,0x28e837e51388
0x4037ba,0x28e837cb1380
0x4037c1,0xd79e62c47230
0x4037aa,0xc839f572d7a8
0x4037aa,0xa8fbd842b3a8
0x4037aa,0xe5cff2930fa8
0x4037ba,0xa1abd8027210
0x4037ba,0x28e837dc8b90
0x4037aa,0xe5cff29a09a8
0x4037aa,0xe5cff2934fa8
0x4037ba,0xd79e62b41c68
0x4037aa,0xa8fbd84331e8
0x4037aa,0xe5cff295ebe8
0x4037aa,0xed3fb8cb25e8
0x4037ba,0xa1abd8007a38
0x4037aa,0xe5cff2918fe8
0x4037ba,0xd79e62b9a4d8
0x4037c1,0xa1abd7fe7220
0x4037aa,0xc839f57247e8
0x4037aa,0xa8fbd84223e8
0x4037aa,0xa8fbd844c1e8
0x4037aa,0xe5cff292dfe8
0x4037aa,0xa8fbd84531e8
0x4037ba,0xd79e62ae2750
0x4037aa,0xe5cff2987a28
0x4037ba,0xd79e62b25300
0x4037ba,0x28e837d65a80
0x4037ba,0x28e837c9c520
0x4037ba,0xd79e62bc3138
0x4037aa,0xa8fbd8447228
0x4037aa,0xe5cff2951e28
0x4037aa,0xe5cff2976c28
0x4037aa,0xc839f572e828
0x4037ba,0xd79e62a5bda8
0x4037aa,0xe5cff295dc68
0x4037ba,0xa21321e1180
0x4037aa,0xa8fbd8435268
0x4037aa,0x71aae0127c68
0x4037aa,0xe5cff2961c68
0x4037ba,0xea206328b80
0x4037ba,0x28e837dd3d08
0x4037aa,0xe5cff2967c68
0x4037c1,0x28e837d623c0
0x4037ba,0xd79e62b447e0
0x4037ba,0xa1abd8023120
0x4037ba,0xd79e62a6cd80
0x4037c1,0xd79e62b87218
0x4037ba,0xd79e62bcb3b8
0x4037ba,0xea2062e23e8
0x4037aa,0xe5cff2971c68
0x4037ba,0x28e837cc3138
0x4037aa,0xed3fb8ccc668
0x4037ba,0x28e837e39120
0x4037ba,0xa21321f5268
0x4037aa,0xe5cff297dc68
0x4037ba,0xd79e62bc7c70
0x4037aa,0xe5cff2985aa8
0x4037aa,0xe5cff296bca8
0x4037ba,0xc9394d3f09b0
0x4037aa,0xa8fbd84472a8
0x4037ba,0xd79e62ab4730
0x4037aa,0xb24660e8bca8
0x4037aa,0xe5cff2952ea8
0x4037ba,0x28e837d5ed78
0x4037aa,0xca8ca65ba4e8
0x4037ba,0xe8035e467298
0x4037aa,0x71aae0127ce8
0x4037aa,0xa8fbd84610e8
0x4037ba,0xea206316758
0x4037aa,0xe5cff2967ce8
0x4037aa,0xa8fbd841a4e8
0x4037ba,0x6c537034b3a0
0x4037aa,0xc839f57208e8
0x4037aa,0xc839f57298e8
0x4037aa,0xe5cff2952ee8
0x4037aa,0xa8fbd8455128
0x4037aa,0xc839f5734728
0x4037ba,0xd79e62a91388
0x4037aa,0xa8fbd8459128
0x4037ba,0xd79e62a56c38
0x4037ba,0x28e837e40180
0x4037aa,0xed3fb8cb4728
0x4037ba,0xd79e62b08b88
0x4037aa,0xa8fbd8463128
0x4037aa,0xa8fbd8465128
0x4037aa,0xa8fbd841c528
0x4037aa,0xa8fbd841e528
0x4037aa,0xa8fbd8445328
0x4037ba,0xd79e62b07a18
0x4037ba,0xa21321e7a10
0x4037aa,0xed3fb8cc5728
0x4037aa,0xe5cff2973d28
0x4037ba,0x28e837cd0998
0x4037ba,0xa213219ebf0
0x4037ba,0x28e837dcc1f0
0x4037ba,0xd79e62ad0f90
0x4037aa,0xa8fbd8475128
0x4037aa,0xa8fbd8479128
0x4037aa,0xa8fbd8431368
0x4037ba,0xd79e62bfed58
0x4037aa,0xc839f5736768
0x4037ba,0xd79e62b98fd8
0x4037aa,0xe5cff295ed68
0x4037aa,0xe5cff293bf68
0x4037aa,0xe5cff2960d68
0x4037aa,0xed3fb8cb6768
0x4037aa,0xeb0189f53568
0x4037ba,0xa2132200d78
0x4037ba,0xd79e62ba23d0
0x4037aa,0xed3fb8cc2768
0x4037ba,0xd79e62a9ed48
0x4037ba,0xd79e62c40d60
0x4037c1,0xa1abd7fd5278
0x4037aa,0xa8fbd842b568
0x4037ba,0xd79e62a9e528
0x4037aa,0xa8fbd8451368
0x4037aa,0xa8fbd84313a8
0x4037aa,0xe5cff295bda8
0x4037aa,0xe5cff2939fa8
0x4037aa,0xc839f57189a8
0x4037ba,0xa1abd8045338
0x4037aa,0xe5cff2988ba8
0x4037aa,0xa8fbd84601a8
0x4037aa,0xa8fbd84611a8
0x4037ba,0xea2062d6778
0x4037ba,0xea206316418
0x4037aa,0xc839f57209a8
0x4037aa,0xe5cff296cda8
0x4037c1,0xd79e62a872a8
0x4037aa,0xa8fbd84463a8
0x4037aa,0xa8fbd84265a8
0x4037aa,0xe5cff2950fa8
0x4037aa,0xa8fbd844b3a8
0x4037ba,0x28e837cf09b8
0x4037aa,0xe5cff2954fa8
0x4037aa,0xed3fb8ccd7a8
0x4037aa,0xa8fbd84513a8
0x4037aa,0xc839f57309a8
0x4037aa,0xe5cff297bda8
0x4037aa,0xe5cff2959fa8
0x402c20,0x5829a6ecb3b8
0x4037ba,0x98f5690d9130
0x4037c1,0xd79e62a80d68
0x4037aa,0xed3fb8cd25e8
0x4037aa,0xe5cff297ebe8
0x4037ba,0xd79e62b10988
0x4037aa,0xe5cff2938fe8
0x4037c1,0xa1abd7fd2eb8
0x4037ba,0x28e837c92ee0
0x4037aa,0xeb0189f525e8
0x4037ba,0xa7d08ad11e08
0x4037c1,0xea2062cbc80
0x4037aa,0xa8fbd84423e8
0x4037c1,0x28e837d9dc68
0x4037aa,0xa8fbd846c1e8
0x4037aa,0xed3fb8cc47e8
0x4037aa,0xe5cff294dfe8
0x4037aa,0xa8fbd84731e8
0x4037ba,0xd79e62b8b398
0x4037aa,0xe5cff299ebe8
0x4037aa,0xe5cff2958fe8
0x4037ba,0xd79e62a67cc0
0x4037ba,0xd79e62b672a8
0x4037c1,0x28e837d25a90
0x4037aa,0xa8fbd8436428
0x4037c1,0xd79e62bac670
0x4037aa,0xa8fbd8467228
0x4037ba,0x28e837e20d68
0x4037ba,0x28e837e2b548
0x4037ba,0x28e837df2e80
0x4037ba,0x28e837d59128
0x4037c1,0xd79e62afa4f0
0x4037aa,0xe5cff2971e28
0x4037aa,0xc839f5727a28
0x4037aa,0xe5cff2996c28
0x4037ba,0xea2062be518
0x4037c1,0xee30bb9447e8
0x4037aa,0xed3fb8cce828
0x4037aa,0xa8fbd8455268
0x4037c1,0xa21321fbdb0
0x4037ba,0xa1abd7ffdc70
0x4037c1,0xd79e62a53558
0x4037aa,0xeb0189f4c668
0x4037aa,0xe5cff2981c68
0x4037c1,0xd79e62c45a98
0x4037aa,0xe5cff2987c68
0x4037ba,0xa1abd802c1c0
0x4037aa,0xe5cff2991c68
0x4037ba,0xd79e62ac5330
0x4037aa,0xa8fbd8475268
0x4037aa,0xa8fbd842c668
0x4037aa,0xe5cff299dc68
0x4037ba,0x28e837d2d7b8
0x4037ba,0xa1abd800c668
0x4037ba,0x28e837d12eb0
0x4037ba,0xa21321b8980
0x4037ba,0x28e837cd5268
0x4037aa,0xe5cff298bca8
0x4037ba,0xd79e62c2c1c8
0x4037aa,0xa8fbd84672a8
0x4037aa,0x92da1fa8bca8
0x4037ba,0x28e837e60d78
0x4037aa,0xc839f5725aa8
0x4037aa,0xe5cff2972ea8
0x4037ba,0xd79e62b00990
0x4037aa,0xa8fbd84810e8
0x4037aa,0xe5cff2987ce8
0x4037c1,0xa21321a7208
0x4037aa,0xa8fbd843a4e8
0x4037ba,0xea206300998
0x4037ba,0x28e837d611b0
0x4037ba,0xd79e62a91c78
0x4037ba,0xa1abd7fd8fd0
0x4037ba,0xd79e62ae5118
0x4037aa,0xed3fb8cc08e8
0x4037aa,0xe5cff2972ee8
0x4037ba,0xd79e62be1c78
0x4037aa,0xed3fb8cc98e8
0x4037ba,0xa1abd8045a88
0x4037ba,0xd79e62a92e90
0x4037ba,0xa2132195250
0x4037ba,0xa1abd8007280
0x4037c1,0xa1abd801e500
0x4037ba,0xd79e62c2b390
0x4037aa,0xa8fbd8483128
0x4037aa,0xa8fbd8485128
0x4037aa,0xeb0189f54728
0x4037aa,0xa8fbd843c528
0x4037aa,0xa8fbd843e528
0x4037aa,0xa8fbd8465328
0x4037ba,0x28e837d0e800
0x4037ba,0x28e837e36430
0x4037aa,0xe5cff2993d28
0x4037ba,0xd79e62bd31d8
0x4037aa,0xa8fbd8425728
0x4037aa,0xa8fbd8495128
0x4037c1,0x28e837d52ed8
0x4037ba,0x28e837d78998
0x4037aa,0xe5cff297ed68
0x4037aa,0xe5cff295bf68
0x4037aa,0xa8fbd8433568
0x4037aa,0xe5cff2980d68
0x4037ba,0xd79e62a5bda8
0x4037ba,0xd79e62b54f80
0x4037ba,0xa21321a47c0
0x4037ba,0xd79e62b010e8
0x4037ba,0xd79e62c13568
0x4037ba,0xe8035e467c58
0x4037c1,0xee30bb941180
0x4037ba,0xea2062c10c0
0x4037aa,0xa8fbd8422768
0x4037aa,0xa8fbd8471368
0x4037aa,0xa8fbd844b568
0x4037c1,0xd79e62b047f8
0x4037aa,0xe5cff299ed68
0x4037aa,0xe5cff297bf68
0x4037aa,0xa8fbd8453568
0x4037aa,0xe5cff29a0d68
0x4037ba,0xe930e6c01c78
0x4037ba,0xd79e62b56c30
0x4037aa,0xeb0189f4d7a8
0x4037aa,0xc839f57389a8
0x4037c1,0xd79e62b95130
0x4037aa,0xa8fbd84801a8
0x4037aa,0xa8fbd84811a8
0x4037c1,0xd79e62a99f80
0x4037ba,0xd79e62beb570
0x4037aa,0xed3fb8cb89a8
0x4037aa,0xe5cff298cda8
0x4037ba,0xa2132195118
0x4037c1,0xd79e62a73550
0x4037ba,0x28e837c90998
0x4037aa,0xa8fbd84663a8
0x4037aa,0xed3fb8cc09a8
0x4037aa,0xa8fbd846b3a8
0x4037aa,0xe5cff2970fa8
0x4037aa,0xa8fbd84465a8
0x4037aa,0xc839f5728ba8
0x4037aa,0xa8fbd84713a8
0x4037aa,0xe5cff2974fa8
0x4037aa,0xe5cff299bda8
0x4037ba,0x28e837cb3d20
0x4037aa,0xe5cff2979fa8
0x4037aa,0xa8fbd842d7a8
0x4037c1,0xd79e62b801b0
0x4037aa,0xed3fb8cd09a8
0x4037aa,0xa8fbd84325e8
0x4037ba,0xd79e62b6c1d8
0x4037ba,0xd79e62c131c0
0x4037c1,0xa1abd7fd9fb0
0x4037ba,0xa1abd800d798
0x4037aa,0xa8fbd84623e8
0x4037aa,0xc839f571ebe8
0x4037c1,0xa1abd7fe7220
0x4037aa,0xa8fbd848c1e8
0x4037c1,0x6c6f1e4c7280
0x4037aa,0xe5cff296dfe8
0x4037ba,0xea206312e80
0x4037aa,0xa8fbd84247e8
0x4037aa,0x13becdb731e8
0x4037aa,0xa8fbd84931e8
0x4037ba,0x28e837cd0998
0x4037c1,0xa1abd7fd5278
0x4037aa,0xe5cff2978fe8
0x4037ba,0x28e837dec660
0x4037aa,0xa8fbd84525e8
0x4037aa,0x24656f1931e8
0x4037c1,0xea2062ed7a8
0x4037aa,0xa8fbd8456428
0x4037ba,0xd79e62b13570
0x4037ba,0x28e837c95130
0x4037aa,0xeb0189f4e828
0x4037ba,0xea20632c1e0
0x4037ba,0xd79e62ac7220
0x4037aa,0xa8fbd8487228
0x4037ba,0xd79e62ac5a80
0x4037aa,0xe5cff2991e28
0x4037c1,0x28e837dfe500
0x4037aa,0xed3fb8cc7a28
0x4037aa,0xa8fbd8476428
0x4037aa,0xa8fbd842e828
0x4037ba,0x28e837c925f0
0x4037aa,0xe5cff29a1c68
0x4037ba,0x28e837d3e538
0x4037aa,0xc6aa2d6a1c68
0x4037ba,0xd79e62a8b380
0x4037ba,0xa21321d5108
0x4037aa,0xc839f571dc68
0x4037ba,0xa1abd801dc68
0x4037ba,0xd79e62a91e18
0x4037ba,0x28e837d39f88
0x4037aa,0xc839f5721c68
0x4037ba,0x28e837da8b88
0x4037aa,0xc839f5727c68
0x4037c1,0x28e837dfebe8
0x4037aa,0xa8fbd8495268
0x4037aa,0xa8fbd844c668
0x4037aa,0xc839f5731c68
0x4037c1,0xd79e62aa2740
0x4037aa,0x73fab736bca8
0x4037c1,0xea206301c78
0x4037ba,0x6c5370333d08
0x4037ba,0xd79e62c331d0
0x4037aa,0xa8fbd84872a8
0x4037ba,0x28e837db9130
0x4037ba,0xd79e62c33578
0x4037ba,0xd79e62c40d60
0x4037ba,0xd79e62a6cd80
0x4037ba,0xa1abd7fd3548
0x4037aa,0xe5cff2992ea8
0x4037aa,0xed3fb8cc5aa8
0x4037ba,0x5829a6f13d20
0x4037ba,0x28e837e601b0
0x4037aa,0xc839f572bca8
0x4037ba,0x28e837e54720
0x4037ba,0xd79e62addc40
0x4037ba,0x28e837e53d10
0x4037aa,0xa8fbd845a4e8
0x4037aa,0x24656f1a10e8
0x4037aa,0xbfe092f810e8
0x4037aa,0xa8fbd84208e8
0x4037aa,0xe5cff2992ee8
0x4037ba,0x6c5370339f80
0x4037aa,0xc839f5727ce8
0x4037c1,0xea20631a4c0
0x4037c1,0xd79e62accd90
0x4037ba,0xd79e62af0fb0
0x4037aa,0xa8fbd84298e8
0x4037aa,0xa8fbd847a4e8
0x4037aa,0x24656f195128
0x4037ba,0xd79e62b011b8
0x4037aa,0xa8fbd8434728
0x4037aa,0x24656f199128
0x4037ba,0x28e837c88ba8
0x4037ba,0x28e837e409a0
0x4037aa,0xa8fbd845c528
0x4037ba,0xa1abd8043108
0x4037aa,0xa8fbd845e528
0x4037aa,0x54c453193d28
0x4037aa,0xa8fbd8485328
0x4037ba,0xa1abd802dfc8
0x4037ba,0x28e837d610e0
0x4037aa,0xbfe092f83128
0x4037aa,0xbfe092f85128
0x4037aa,0xa8fbd8445728
0x4037ba,0xea2062d6438
0x4037c1,0x28e837d62768
0x4037aa,0xbfe092f95128
0x4037aa,0xa8fbd8454728
0x4037c1,0xa21321fbf50
0x4037ba,0xd79e62c2bc80
0x4037aa,0xa8fbd8436768
0x4037ba,0xa1abd7fd6438
0x4037aa,0xc839f571ed68
0x4037ba,0xd79e62b10fa0
0x4037ba,0xd79e62a91c78
0x4037aa,0xa8fbd8442768
0x4037aa,0xc839f5720d68
0x4037aa,0xa8fbd846b568
0x4037ba,0x9e9c4d9823c0
0x4037aa,0xa8fbd8491368
0x4037aa,0xa8fbd8473568
0x4037aa,0xe5cff299bf68
0x4037aa,0x24656f191368
0x4037aa,0x257ba86eb3a8
0x4037ba,0xd79e62bfe538
0x4037aa,0xff3ffd19bda8
0x4037ba,0xa21322047c8
0x4037ba,0xa1abd8033d38
0x4037ba,0xa21321e1180
0x4037aa,0x73fab736cda8
0x4037aa,0xeb0189f509a8
0x4037aa,0x24656f1a01a8
0x4037aa,0xa8fbd84863a8
0x4037aa,0xa8fbd84189a8
0x4037aa,0x24656f1a11a8
0x4037aa,0xc839f571bda8
0x4037aa,0xbfe092f801a8
0x4037aa,0xbfe092f811a8
0x4037aa,0xa8fbd84665a8
0x4037aa,0xa8fbd848b3a8
0x4037aa,0x71d0d5934fa8
0x4037aa,0xa8fbd84209a8
0x4037aa,0xe5cff2990fa8
0x4037aa,0xa8fbd84913a8
0x4037aa,0xe5cff2994fa8
0x4037aa,0xed3fb8cc8ba8
0x4037aa,0xe5cff2999fa8
0x4037aa,0xa8fbd844d7a8
0x4037aa,0xc839f572cda8
0x4037aa,0x8dc6260eb3a8
0x4037aa,0x24656f1913a8
0x4037aa,0xa8fbd84309a8
0x4037ba,0xd79e62c40198
0x4037aa,0xa8fbd84823e8
0x4037ba,0x28e837e7a4f8
0x4037aa,0xe5cff298dfe8
0x4037c1,0x28e837d76750
0x4037c1,0xd79e62bf25d8
0x4037aa,0xed3fb8cbebe8
0x4037aa,0xa8fbd84447e8
0x4037aa,0xbfe092f8c1e8
0x4037ba,0x28e837dc8b90
0x4037aa,0xe5cff2998fe8
0x4037aa,0xa8fbd84725e8
0x4037aa,0xbfe092f931e8
0x4037ba,0x5829a6ef1e18
0x4037ba,0x28e837cf1398
0x4037aa,0xc839f5736c28
0x4037aa,0xed3fb8cb6c28
0x4037ba,0xd79e62a78fe0
0x4037ba,0xa21322001b0
0x4037ba,0xd79e62a92ef8
0x4037aa,0xbfe092f87228
0x4037aa,0xa8fbd8427a28
0x4037ba,0xa213219e508
0x4037aa,0xa8fbd8496428
0x4037aa,0xa8fbd844e828
0x4037ba,0xd79e62b85700
0x4037aa,0xc839f5731e28
0x4037aa,0x24656f195268
0x4037ba,0x28e837e40180
0x4037ba,0xd79e62c2c640
0x4037ba,0xd79e62ac1c50
0x4037aa,0xed3fb8cbdc68
0x4037ba,0x28e837e51e18
0x4037ba,0x28e837ce5718
0x4037ba,0xa1abd8007280
0x4037aa,0xed3fb8cc1c68
0x4037ba,0x28e837dc23e8
0x4037aa,0xa8fbd846c668
0x4037aa,0xed3fb8cc7c68
0x4037ba,0xd79e62a9e528
0x4037ba,0xd79e62ad4720
0x4037c1,0xd79e62b22770
0x4037ba,0xd79e62c33d30
0x4037aa,0xbfe092f95268
0x4037c1,0x28e837d9dc68
0x4037aa,0xed3fb8cd1c68
0x4037ba,0xa21321d4fa0
0x4037ba,0xa1abd7fded60
0x4037ba,0x28e837d6e820
0x4037ba,0xd79e62c35258
0x4037c1,0xd79e62a872a8
0x4037aa,0xbfe092f872a8
0x4037aa,0xa8fbd8425aa8
0x4037ba,0x28e837e54fa8
0x4037aa,0xed3fb8ccbca8
0x4037ba,0xd79e62a51e20
0x4037aa,0xc839f5732ea8
0x4037ba,0xd79e62a67298
0x4037c1,0x6c6f1e4c0990
0x4037ba,0xd79e62ae11b8
0x4037aa,0xa8fbd84408e8
0x4037ba,0x28e837e51c78
0x4037aa,0x32bd14d608e8
0x4037aa,0xa8fbd84498e8
0x4037ba,0x6c537034b540
0x4037aa,0xed3fb8cc7ce8
0x4037ba,0xa21321e7ce8
0x4037ba,0xea2063331e8
0x4037c1,0xea2062cb390
0x4037aa,0xc839f5732ee8
0x4037aa,0x79f1064c10e8
0x4037aa,0xc839f5733d28
0x4037ba,0xa1abd800c1f0
0x4037ba,0xa1abd8015108
0x4037aa,0xa8fbd847c528
0x4037aa,0xbfe092f99128
0x4037aa,0xa8fbd847e528
0x4037aa,0xed3fb8cb3d28
0x4037ba,0x28e837e51388
0x4037ba,0x28e837d2dfd8
0x4037ba,0xea2062cd780
0x4037aa,0xa8fbd8465728
0x4037aa,0xbfe092f85328
0x4037c1,0xd79e62afa4f0
0x4037aa,0x79f1064b5128
0x4037ba,0x28e837cc23e0
0x4037aa,0x79f1064b9128
0x4037aa,0xa8fbd8474728
0x4037aa,0x257ba86eb568
0x4037aa,0xa8fbd8456768
0x4037aa,0xff3ffd19bf68
0x4037ba,0x28e837cf09b8
0x4037c1,0x28e837e27c58
0x4037aa,0xa8fbd8462768
0x4037aa,0xc839f571bf68
0x4037aa,0xa8fbd848b568
0x4037aa,0xed3fb8cbed68
0x4037aa,0xed3fb8cc0d68
0x4037aa,0x13becdb73568
0x4037c1,0xea206318980
0x4037aa,0xa8fbd8493568
0x4037ba,0xd79e62c33578
0x4037aa,0xbfe092f91368
0x4037aa,0xa8fbd8476768
0x4037aa,0x8dc6260eb568
0x4037ba,0xea2062e23e8
0x4037aa,0x24656f193568
0x4037ba,0xd79e62b25300
0x4037aa,0xa8fbd84389a8
0x4037ba,0x28e837c90fb0
0x4037ba,0x28e837e1bf70
0x4037aa,0xc839f5719fa8
0x4037ba,0xd79e62b25ab8
0x4037c1,0xd79e62b9e510
0x4037aa,0xa8fbd84865a8
0x4037ba,0xa1abd800cdb8
0x4037aa,0xed3fb8cbbda8
0x4037c1,0xd79e62bac670
0x4037aa,0xa8fbd84409a8
0x4037ba,0x28e837e36770
0x4037aa,0x32bd14d609a8
0x4037aa,0xbfe092f863a8
0x4037aa,0xa8fbd846d7a8
0x4037aa,0xbfe092f8b3a8
0x4037aa,0xa8fbd8428ba8
0x4037ba,0x6c537034b3a0
0x4037ba,0x28e837cd31e8
0x4037aa,0xed3fb8cccda8
0x4037aa,0xbfe092f913a8
0x4037ba,0xea2062d5130
0x4037aa,0xa8fbd84509a8
0x4037aa,0xc839f5730fa8
0x4037aa,0x79f1064c01a8
0x4037ba,0xd79e62ac7288
0x4037aa,0x79f1064c11a8
0x403044,0xd79e62b31e38
0x40304c,0xd79e62b32eb8
0x402c50,0xd79e62acb3b8
0x402c20,0x5829a6ecb3b8
0x403709,0xea206325718
0x4037ba,0x5829a6ef1e18
0x4037aa,0x73fab736dfe8
0x4037aa,0xc839f5718fe8
0x4037ba,0xd79e62c18988
0x4037aa,0xa8fbd84647e8
0x4037aa,0x79f1064ac1e8
0x4037ba,0xea2063309b8
0x4037aa,0xbfe092f823e8
0x4037ba,0x28e837e2b548
0x4037aa,0xa8fbd841ebe8
0x4037ba,0x28e837d823d8
0x4037aa,0x79f1064b31e8
0x4037ba,0xea20631dc58
0x4037aa,0xa8fbd84925e8
0x4037ba,0xd79e62b8b398
0x4037aa,0xc839f572dfe8
0x4037ba,0xa1abd8046398
0x4037aa,0x24656f1925e8
0x4037aa,0x24656f196428
0x4037ba,0xea206312ee8
0x4037ba,0xd79e62bbe510
0x4037c1,0x98f5690ddc58
0x4037ba,0xea206313d20
0x4037ba,0xa21321d5240
0x4037aa,0xa8fbd8447a28
0x4037aa,0xa8fbd846e828
0x4037ba,0x28e837db9130
0x4037ba,0xe8035e461188
0x4037ba,0x28e837d59128
0x4037aa,0xed3fb8cd1e28
0x4037aa,0xbfe092f96428
0x4037ba,0xea20633dc50
0x4037aa,0xeb0189f51c68
0x4037ba,0xe8035e467cc0
0x4037ba,0x28e837ce11a0
0x4037aa,0xa8fbd841dc68
0x4037aa,0xa8fbd848c668
0x4037aa,0xa8fbd8421c68
0x4037ba,0xd79e62b4e828
0x4037aa,0x79f1064b5268
0x4037ba,0xd79e62ae2750
0x4037aa,0xa8fbd8427c68
0x4037ba,0x28e837e36430
0x4037aa,0xed3fb8cb2ea8
0x4037ba,0xd79e62b25710
0x4037c1,0x28e837e80988
0x4037ba,0xd79e62ad0f90
0x4037ba,0x28e837d5ed78
0x4037ba,0x6c6f1e4c1c58
0x4037aa,0xa8fbd8445aa8
0x4037aa,0xa8fbd842bca8
0x4037ba,0xd79e62bc7a00
0x4037ba,0x28e837d90f90
0x4037ba,0x28e837e298c0
0x4037aa,0xed3fb8cb2ee8
0x4037aa,0x24656f19a4e8
0x4037ba,0xea206313568
0x4037aa,0xa8fbd84608e8
0x4037ba,0x5829a6f0bc80
0x4037aa,0xa8fbd84698e8
0x4037ba,0x9e9c4d988ba0
0x4037ba,0xd79e62ae47d8
0x4037ba,0xd79e62ac3110
0x4037aa,0xa8fbd8427ce8
0x4037ba,0xd79e62b54f80
0x4037ba,0x28e837d21c60
0x4037aa,0x79f1064e10e8
0x4037c1,0x28e837d1a4e0
0x4037aa,0x79f1064c3128
0x4037ba,0x28e837dec660
0x4037ba,0x28e837ce63b8
0x4037aa,0x79f1064c5128
0x4037ba,0xa21321d4718
0x4037aa,0x24656f19c528
0x4037ba,0x28e837cb6770
0x4037ba,0x28e837dab548
0x4037aa,0x24656f19e528
0x4037aa,0xeb0189f53d28
0x4037aa,0xa8fbd8485728
0x4037ba,0xe8035e465138
0x4037ba,0xd79e62af0998
0x4037ba,0xea2062c10c0
0x4037aa,0x79f1064d5128
0x4037ba,0xea2062be518
0x4037aa,0x79f1064d9128
0x4037aa,0xa8fbd8494728
0x4037ba,0x28e837dc47d0
0x4037ba,0xc48ca9045ab8
0x4037aa,0x79f1064e3128
0x4037ba,0xa1abd8023120
0x4037aa,0xa8fbd8482768
0x4037aa,0xca1598431368
0x4037aa,0xed3fb8cbbf68
0x4037ba,0xd79e62afbdb0
0x4037aa,0xa8fbd841ed68
0x4037ba,0xa1abd80331d8
0x4037aa,0xa8fbd8420d68
0x4037aa,0x79f1064b1368
0x4037aa,0xbfe092f8b568
0x4037ba,0xea2063131c0
0x4037aa,0xa8fbd8496768
0x4037aa,0xbfe092f93568
0x4037ba,0xd79e62b423e8
0x4037aa,0xc839f5734fa8
0x4037aa,0xca8ca65bbda8
0x4037aa,0xa8fbd84589a8
0x4037aa,0xeb0189f4cda8
0x4037aa,0xed3fb8cb4fa8
0x4037aa,0xa8fbd84609a8
0x4037ba,0x28e837dd3550
0x4037aa,0xf64cac01a8
0x4037aa,0xca15984313a8
0x4037aa,0xed3fb8cb9fa8
0x4037aa,0x79f1064ab3a8
0x4037aa,0xa8fbd841bda8
0x4037c1,0xa2132208bb0
0x4037ba,0x28e837e39120
0x4037ba,0xd79e62beb570
0x4037c1,0x6c6f1e4c7280
0x4037aa,0xa8fbd848d7a8
0x4037aa,0x79f1064b13a8
0x4037aa,0xbfe092f865a8
0x4037ba,0x28e837d98fd0
0x4037aa,0xa8fbd8448ba8
0x4037aa,0xa8fbd84709a8
0x4037ba,0xd79e62c2e830
0x4037c1,0xd79e62accd90
0x4037ba,0xd79e62c331d0
0x4037ba,0xd79e62ae5730
0x4037c1,0xd79e62ae7c60
0x4037aa,0xa8fbd842cda8
0x4037aa,0x79f1064e01a8
0x4037aa,0x79f1064e11a8
0x4037aa,0xa8fbd84789a8
0x4037aa,0xed3fb8cd0fa8
0x4037c1,0x5829a6ec72b0
0x4037ba,0x28e837e38ff0
0x4037ba,0xd79e62b96c30
0x4037aa,0xc839f5738fe8
0x4037ba,0x80a6dabf6770
0x4037ba,0x28e837cb1e10
0x4037aa,0xa8fbd84847e8
0x4037aa,0xed3fb8cb8fe8
0x4037aa,0x79f1064cc1e8
0x4037ba,0x28e837d223f8
0x4037aa,0xa8fbd843ebe8
0x4037aa,0x79f1064d31e8
0x4037ba,0xd79e62bf1360
0x4037c1,0xee30bb941180
0x4037aa,0xed3fb8ccdfe8
0x4037aa,0xbfe092f925e8
0x4037c1,0x28e837d9dc68
0x402c20,0x5829a6ecb3b8
0x4037aa,0xa8fbd8436c28
0x4037aa,0x79f1064c7228
0x4037aa,0xeb0189f51e28
0x4037aa,0xa8fbd8467a28
0x4037c1,0xd79e62b92ea0
0x4037aa,0xa8fbd848e828
0x4037aa,0x79f1064b6428
0x4037aa,0xa8fbd8431c68
0x4037ba,0xa1abd801dc68
0x4037ba,0x28e837e525c8
0x4037ba,0xa21322001b0
0x4037ba,0x28e837cd1c78
0x4037aa,0xa8fbd843dc68
0x4037aa,0xa8fbd8441c68
0x4037ba,0x28e837e53d10
0x4037ba,0xd79e62a92e90
0x4037aa,0x79f1064d5268
0x4037aa,0xa8fbd8447c68
0x4037aa,0xbfe092f8c668
0x4037ba,0x28e837e54fa8
0x4037aa,0xa8fbd8451c68
0x4037ba,0xa1abd7fd3d00
0x4037ba,0xd79e62af6420
0x4037aa,0xed3fb8cd2ea8
0x4037aa,0x79f1064c72a8
0x4037aa,0xeb0189f52ea8
0x4037ba,0xd79e62ae5320
0x4037ba,0x28e837cd31e8
0x4037aa,0xa8fbd8465aa8
0x4037ba,0x28e837e601b0
0x4037ba,0xa1abd8027210
0x4037ba,0xa1abd80125f0
0x4037c1,0xea20631a4c0
0x4037aa,0xa8fbd844bca8
0x4037c1,0xd79e62c47230
0x4037ba,0xea2062d6438
0x4037ba,0xd79e62b96750
0x4037aa,0xed3fb8cd2ee8
0x4037ba,0xd79e62badfe0
0x4037aa,0xbfe092f9a4e8
0x4037ba,0xa1abd8005ab8
0x4037aa,0xa8fbd84808e8
0x4037ba,0xd79e62ba7c58
0x4037ba,0xd79e62c34738
0x4037aa,0xeb0189f52ee8
0x4037aa,0xa8fbd84898e8
0x4037aa,0x521b7f5610e8
0x4037aa,0xa8fbd8447ce8
0x4037ba,0x28e837cf9138
0x4037aa,0x79f1064ba4e8
0x4037c1,0x28e837d87298
0x4037ba,0x28e837c90998
0x4037ba,0x28e837d411b8
0x4037ba,0x28e837dcc668
0x4037aa,0x24656f194728
0x4037aa,0x79f1064e5128
0x4037aa,0xa8fbd8433d28
0x4037aa,0x79f1064c5328
0x4037ba,0xd79e62b08b88
0x4037aa,0xbfe092f9c528
0x4037aa,0x521b7f559128
0x4037ba,0x28e837cb3d20
0x4037aa,0xbfe092f9e528
0x4037ba,0x5829a6ec10d8
0x4037ba,0x28e837cb6430
0x4037ba,0xa2132207228
0x4037aa,0x521b7f563128
0x4037aa,0x521b7f565128
0x4037aa,0xbfe092f85728
0x4037ba,0xd79e62a6cd80
0x4037c1,0x28e837d62768
0x4037aa,0x79f1064bc528
0x4037ba,0xd79e62c33d30
0x4037aa,0x79f1064be528
0x4037aa,0xbfe092f94728
0x4037aa,0x521b7f575128
0x4037aa,0xa8fbd8453d28
0x4037ba,0xd79e62ab6c18
0x4037aa,0x24656f196768
0x4037aa,0xca8ca65bbf68
0x4037ba,0x28e837e39120
0x4037aa,0xa8fbd843ed68
0x4037aa,0xe7c8f4d1368
0x4037aa,0x79f1064ab568
0x4037ba,0xd79e62bfbd98
0x4037aa,0xa8fbd841bf68
0x4037aa,0xa8fbd8440d68
0x4037aa,0xbfe092f82768
0x4037aa,0x79f1064d1368
0x4037aa,0x32bd14d60d68
0x4037aa,0x79f1064b3568
0x4037c1,0xd79e62afa4f0
0x4037ba,0xd79e62c3c510
0x4037ba,0xa1abd7fe98d8
0x4037c1,0x5829a6f465a0
0x4037ba,0xd79e62a9ed48
0x4037ba,0xd79e62b098d8
0x4037aa,0xbfe092f96768
0x4037aa,0x79f1064c63a8
0x4037ba,0xd79e62c40d60
0x4037ba,0xa1abd804b3a0
0x4037aa,0xa8fbd84809a8
0x4037c1,0xd79e62c45a98
0x4037aa,0xeb0189f50fa8
0x4037ba,0x80a6dabf6430
0x4037aa,0x79f1064cb3a8
0x4037ba,0x28e837cfebf0
0x4037aa,0xa8fbd843bda8
0x4037aa,0xeb0189f54fa8
0x4037ba,0xd79e62b76438
0x4037aa,0xa8fbd8419fa8
0x4037aa,0xe7c8f4d13a8
0x4037aa,0x521b7f5601a8
0x4037c1,0xd79e62bac670
0x4037aa,0x521b7f5611a8
0x4037ba,0x28e837e201a0
0x4037aa,0x79f1064d13a8
0x4037aa,0xa8fbd8468ba8
0x4037aa,0xa8fbd84909a8
0x4037c1,0xea206318980
0x4037ba,0xd79e62b91e08
0x4037aa,0xbfe092f8d7a8
0x4037aa,0xa8fbd844cda8
0x4037aa,0xa8fbd84989a8
0x4037ba,0x28e837c931f0
0x4037c1,0xee30bb9447e8
0x4037ba,0x28e837d74f80
0x4037aa,0xa8fbd8430fa8
0x4037aa,0x79f1064c23e8
0x4037ba,0xd79e62a91c78
0x4037aa,0xeb0189f4dfe8
0x4037aa,0xa8fbd845ebe8
0x4037aa,0xa8fbd8418fe8
0x4037aa,0xca15984325e8
0x4037ba,0xd79e62b6c1d8
0x4037ba,0xa1abd80331d8
0x4037aa,0xbfe092f847e8
0x4037aa,0x79f1064b25e8
0x4037aa,0x521b7f56c1e8
0x4037ba,0xd79e62b010e8
0x4037aa,0xa8fbd842dfe8
0x4037aa,0x521b7f5731e8
0x4037aa,0x79f1064e23e8
0x4037ba,0x28e837ce5718
0x4037c1,0xea2062ed7a8
0x4037aa,0xa8fbd8431e28
0x4037aa,0xa8fbd8456c28
0x4037aa,0x79f1064e7228
0x4037ba,0xd79e62b011b8
0x4037aa,0xa8fbd8487a28
0x4037ba,0xd79e62abbf48
0x4037ba,0xd79e62bd31d8
0x4037aa,0x521b7f567228
0x4037aa,0x79f1064d6428
0x4037c1,0x28e837dfe500
0x4037aa,0xbfe092f8e828
0x4037ba,0x6c6f1e4c1c58
0x4037aa,0xa8fbd8476c28
0x4037aa,0xa8fbd8451e28
0x4037ba,0xe8035e463118
0x4037ba,0xa1abd8005710
0x4037aa,0xa8fbd845dc68
0x4037ba,0x28e837e2bc98
0x4037aa,0xa8fbd8461c68
0x4037aa,0x79f1064ac668
0x4037aa,0xa8fbd8467c68
0x4037ba,0xea2063131c0
0x4037ba,0xd79e62a91388
0x4037aa,0xa8fbd8471c68
0x4037ba,0xea206316c38
0x4037ba,0xa1abd8043108
0x4037aa,0x521b7f575268
0x4037ba,0x28e837e0e808
0x4037aa,0xa8fbd8432ea8
0x4037aa,0x79f1064e72a8
0x4037ba,0xa21321a47c0
0x4037aa,0xa8fbd8485aa8
0x4037ba,0xd79e62c35258
0x4037ba,0xd79e62b71e08
0x4037aa,0xa8fbd846bca8
0x4037aa,0x521b7f5672a8
0x4037ba,0xea2062d6778
0x4037ba,0xa1abd8000180
0x4037aa,0xa8fbd8452ea8
0x4037aa,0xa8fbd8432ee8
0x4037ba,0x28e837d823d8
0x4037ba,0xa1abd7ff9120
0x4037ba,0x28e837e55120
0x4037ba,0x28e837decdb0
0x4037aa,0x521b7f5810e8
0x4037aa,0x24656f1a08e8
0x4037aa,0xbfe092f808e8
0x4037aa,0xa8fbd8467ce8
0x4037ba,0x28e837de98e0
0x4037aa,0xbfe092f898e8
0x4037ba,0xd79e62ba23d0
0x4037ba,0xea206332ed8
0x4037aa,0x79f1064da4e8
0x4037ba,0xd79e62ac7288
0x4037ba,0x28e837e298c0
0x4037aa,0xa8fbd8452ee8
0x4037ba,0xd79e62b35250
0x4037aa,0x79f1064e5328
0x4037aa,0x521b7f579128
0x4037ba,0xe930e6c11c40
0x4037ba,0xe8035e467c58
0x4037ba,0x28e837e2b3a8
0x4037aa,0x521b7f583128
0x4037aa,0x521b7f585128
0x4037ba,0xd79e62b71c68
0x4037aa,0x521b7f565328
0x4037ba,0xd79e62b07cf0
0x4037ba,0x28e837d11e30
0x4037aa,0x79f1064b4728
0x4037aa,0x79f1064dc528
0x4037aa,0xa8fbd8473d28
0x4037aa,0x79f1064de528
0x4037aa,0x521b7f595128
0x4037ba,0xa1abd7fd3548
0x4037aa,0x521b7f599128
0x4037ba,0xd79e62a78fe0
0x40302b,0xd79e62b32eb8
0x403044,0xd79e62b31e38
0x4037aa,0xa8fbd845ed68
0x4037aa,0x79f1064cb568
0x4037aa,0xa8fbd8460d68
0x4037ba,0xa1abd8020d78
0x4037aa,0xa8fbd843bf68
0x4037ba,0xea206300998
0x4037aa,0x79f1064d3568
0x4037c1,0xea206301c78
0x4037ba,0x5829a6f13568
0x4037aa,0x79f1064b6768
0x4037aa,0x521b7f571368
0x4037ba,0x28e837da8b88
0x4037ba,0xd79e62c331d0
0x4037aa,0x79f1064e63a8
0x4037c1,0x28e837e10fb8
0x4037aa,0x24656f1989a8
0x4037aa,0xa8fbd8434fa8
0x4037aa,0x79f1064c65a8
0x4037aa,0xa8fbd845bda8
0x4037ba,0xd79e62b76778
0x4037aa,0xc6aa2d5cb3a8
0x4037aa,0xa8fbd8439fa8
0x4037aa,0x521b7f5801a8
0x4037aa,0x1d8d5dacd7a8
0x4037ba,0x28e837cfe508
0x4037aa,0x521b7f5811a8
0x4037aa,0x24656f1a09a8
0x4037ba,0xd79e62ac5330
0x4037ba,0xd79e62b99120
0x4037aa,0xa8fbd8488ba8
0x4037aa,0xbfe092f809a8
0x4037ba,0xd79e62b96410
0x4037aa,0x79f1064ad7a8
0x4037ba,0xd79e62c2b390
0x4037c1,0xa1abd7fe7220
0x4037aa,0x521b7f5663a8
0x4037c1,0xd79e62a872a8
0x4037ba,0x28e837e39120
0x4037aa,0xa8fbd846cda8
0x4037aa,0x521b7f56b3a8
0x4037ba,0xa1abd7febcb8
0x4037aa,0xbfe092f909a8
0x4037aa,0x521b7f5713a8
0x4037aa,0xa8fbd8450fa8
0x4037ba,0xd79e62b91378
0x4037aa,0xa8fbd8454fa8
0x4037ba,0xa7d08ad11c68
0x4037aa,0xa8fbd847ebe8
0x4037aa,0xa8fbd8438fe8
0x4037ba,0xa2132200d78
0x4037c1,0xee30bb941180
0x4037c1,0xd79e62a73550
0x4037aa,0x521b7f5623e8
0x4037ba,0xa1abd7ff1c48
0x4037aa,0x79f1064d25e8
0x4037ba,0xe8035e461188
0x4037aa,0x521b7f58c1e8
0x4037ba,0xd79e62af6420
0x4037ba,0x28e837d3e538
0x4037aa,0x521b7f5931e8
0x4037ba,0x28e837e40d48
0x4037c1,0xd79e62b047f8
0x4037aa,0xa8fbd844dfe8
0x4037ba,0x28e837d410e8
0x4037ba,0xa1abd8007c40
0x4037ba,0x28e837cd0998
0x4037aa,0x521b7f587228
0x4037aa,0x79f1064ae828
0x4037ba,0x28e837c925f0
0x4037aa,0xbfe092f87a28
0x4037aa,0xa8fbd8471e28
0x4037aa,0xa8fbd8496c28
0x4037ba,0xd79e62bcb3b8
0x4037c1,0x28e837d9dc68
0x4037aa,0x521b7f576428
0x4037aa,0xa8fbd847dc68
0x4037ba,0x28e837c92ee0
0x4037aa,0xa8fbd8481c68
0x4037ba,0xd79e62abebc0
0x4037aa,0x79f1064cc668
0x4037aa,0xa8fbd8487c68
0x4037ba,0xa1abd802cd88
0x4037c1,0xa2132208bb0
0x4037ba,0xa21321e7ce8
0x4037aa,0xa8fbd8491c68
0x4037ba,0x28e837d5ed78
0x4037ba,0xd79e62a92e90
0x4037aa,0x521b7f595268
0x4037c1,0xd79e62c4cd98
0x4037aa,0x24656f191c68
0x4037ba,0xd79e62c33578
0x4037ba,0xc48ca9045ab8
0x4037aa,0x257ba86ebca8
0x4037ba,0xa1abd8045a88
0x4037ba,0xa1abd8007218
0x4037c1,0x5829a6ec72b0
0x4037aa,0xa8fbd848bca8
0x4037aa,0x521b7f5872a8
0x4037aa,0xbfe092f85aa8
0x4037ba,0x28e837d9bdb8
0x4037ba,0xd79e62ae5730
0x4037ba,0xd79e62ad4fa8
0x4037aa,0xa8fbd8472ea8
0x4037aa,0x8dc6260ebca8
0x4037aa,0x521b7f5a10e8
0x4037aa,0x521b7f55a4e8
0x4037ba,0xd79e62b05128
0x4037ba,0x28e837e50f88
0x4037aa,0xa8fbd8487ce8
0x4037ba,0xd79e62abbda8
0x4037aa,0xa8fbd8472ee8
0x4037ba,0xd79e62b40d58
0x4037aa,0x79f1064c08e8
0x4037ba,0xea20633dc50
0x4037aa,0xf64cb010e8
0x4037ba,0xd79e62c2cd90
0x4037aa,0x79f1064c5728
0x4037aa,0x521b7f5a3128
0x4037ba,0xd79e62b79f80
0x4037aa,0x521b7f5a5128
0x4037aa,0x521b7f55c528
0x4037aa,0x521b7f55e528
0x4037aa,0x521b7f585328
0x4037aa,0x79f1064d4728
0x4037aa,0x13becdb73d28
0x4037ba,0x28e837cf1398
0x4037aa,0xa8fbd8493d28
0x4037aa,0x521b7f5b5128
0x4037c1,0xd79e62a6d798
0x4037aa,0x521b7f5b9128
0x4037ba,0xd79e62bf1c50
0x4037aa,0x24656f193d28
0x4037aa,0x79f1064c2768
0x4037ba,0xd79e62bd3d38
0x4037aa,0xa8fbd847ed68
0x4037aa,0xa8fbd845bf68
0x4037aa,0xa8fbd8480d68
0x4037c1,0x28e837cdbf50
0x4037ba,0xe8035e467298
0x4037aa,0xc6aa2d5cb568
0x4037ba,0x28e837d610e0
0x4037ba,0xa1abd800c668
0x4037ba,0xa21321e1180
0x4037c1,0xa1abd8051388
0x4037ba,0x28e837ce11a0
0x4037aa,0x79f1064d6768
0x4037aa,0x521b7f56b568
0x4037aa,0x521b7f591368
0x4037aa,0x521b7f573568
0x4037aa,0x79f1064e2768
0x4037aa,0xa8fbd847bda8
0x4037aa,0xbfe092f989a8
0x4037aa,0x79f1064e65a8
0x4037aa,0xa8fbd8459fa8
0x4037aa,0x521b7f5a01a8
0x4037c1,0xd79e62b95130
0x4037aa,0x521b7f5a11a8
0x4037c1,0xd79e62ac6588
0x4037aa,0xca15984309a8
0x4037c1,0xea2062fbf60
0x4037c1,0xd79e62a99f80
0x4037aa,0x79f1064cd7a8
0x4037aa,0x521b7f5863a8
0x4037aa,0xa8fbd848cda8
0x4037aa,0x79f1064b09a8
0x4037aa,0x521b7f5665a8
0x4037aa,0x521b7f58b3a8
0x4037aa,0xbfe092f88ba8
0x4037ba,0xea206307cd0
0x4037ba,0x5829a6f131c0
0x4037aa,0xa8fbd8470fa8
0x4037aa,0x521b7f5913a8
0x4037aa,0x79f1064b89a8
0x4037aa,0xa8fbd8474fa8
0x4037c1,0xee30bb9447e8
0x4037aa,0x79f1064c09a8
0x4037aa,0xa8fbd8479fa8
0x4037aa,0xf64cb011a8
0x4037ba,0xa1abd7fded60
0x4037aa,0x79f1064c47e8
0x4037aa,0xa8fbd8458fe8
0x4037ba,0x28e837c931f0
0x4037ba,0xd79e62ad4720
0x4037c1,0x28e837e1c510
0x4037aa,0x24656f19ebe8
0x4037aa,0x521b7f5823e8
0x4037aa,0x521b7f5ac1e8
0x4037c1,0x6c6f1e4c7280
0x4037aa,0xa8fbd846dfe8
0x4037c1,0x28e837dfe500
0x4037aa,0x521b7f5b31e8
0x4037ba,0x28e837e601b0
0x4037ba,0x28e837c90998
0x4037c1,0xd79e62c47230
0x4037aa,0x521b7f5725e8
0x4037aa,0xa8fbd8478fe8
0x4037aa,0x24656f196c28
0x4037ba,0x28e837e73d38
0x4037aa,0x521b7f5a7228
0x4037ba,0xd79e62b25300
0x4037aa,0x79f1064ce828
0x4037ba,0x28e837e2bc98
0x4037ba,0xd79e62aa63b0
0x4037ba,0x28e837d32ea8
0x4037aa,0xa8fbd8491e28
0x4037c1,0x28e837d62768
0x4037aa,0x521b7f596428
0x4037ba,0x28e837d85aa0
0x4037ba,0x28e837d6e820
0x4037aa,0x24656f191e28
0x4037ba,0xe8035e4663a0
0x4037aa,0xbfe092f96c28
0x4037ba,0xea206313568
0x4037ba,0xa21321fa4c8
0x4037ba,0xc6aa2d5a3128
0x4037aa,0x24656f19dc68
0x4037aa,0x24656f1a1c68
0x4037ba,0xea2062d5130
0x4037aa,0xbfe092f81c68
0x4037ba,0x28e837dd3550
0x4037aa,0xbfe092f87c68
0x4037aa,0x521b7f56c668
0x4037aa,0x521b7f5b5268
0x4037ba,0xd79e62a9e528
0x4037ba,0xd79e62c331d0
0x4037aa,0xbfe092f91c68
0x4037ba,0xa1abd804b3a0
0x4037ba,0x28e837c9c520
0x4037aa,0x521b7f5a72a8
0x4037ba,0xd79e62c40198
0x4037ba,0xa2132195250
0x4037ba,0x28e837dd3d08
0x4037ba,0x28e837cd31e8
0x4037ba,0xea2062d6778
0x4037ba,0xd79e62bd31d8
0x4037aa,0xa8fbd8492ea8
0x4037ba,0x28e837e60d78
0x4037ba,0xe8035e465a90
0x4037aa,0xbfe092f8bca8
0x4037aa,0x24656f192ea8
0x4037aa,0x521b7f5c10e8
0x4037aa,0x521b7f57a4e8
0x4037c1,0xa1abd7fd9fb0
0x4037aa,0x79f1064c98e8
0x4037c1,0xa21321a7208
0x4037aa,0xf64cac08e8
0x4037ba,0xea20631dc58
0x4037ba,0x28e837e298c0
0x4037aa,0xbfe092f87ce8
0x4037ba,0xd79e62afdc50
0x4037ba,0x28e837d01190
0x4037ba,0xd79e62a56758
0x4037aa,0xa8fbd8492ee8
0x4037aa,0x79f1064e08e8
0x4037ba,0x28e837d53d08
0x4037aa,0x521b7f5e10e8
0x4037aa,0x24656f192ee8
0x4037ba,0xea2063131c0
0x4037ba,0xd79e62aa10f8
0x4037aa,0x521b7f59a4e8
0x402c56,0xea206325108
0x403709,0xa1abd8000180
0x4037aa,0x79f1064e5728
0x4037aa,0x521b7f5c3128
0x4037aa,0x521b7f57c528
0x4037aa,0x521b7f5c5128
0x4037aa,0x521b7f57e528
0x4037aa,0x521b7f5a5328
0x4037ba,0xd79e62ad0f90
0x4037aa,0x521b7f565728
0x4037c1,0xd79e62a872a8
0x4037aa,0x521b7f5d5128
0x4037ba,0x28e837e63128
0x4037aa,0x521b7f5d9128
0x4037ba,0xa213218c668
0x4037aa,0xbfe092f93d28
0x4037aa,0x521b7f574728
0x4037aa,0xa8fbd847bf68
0x4037ba,0xa1abd8045130
0x4037aa,0x24656f19ed68
0x4037aa,0x24656f1a0d68
0x4037aa,0xbfe092f80d68
0x4037aa,0x521b7f562768
0x4037c1,0xea2062cbc80
0x4037ba,0x28e837e53d10
0x4037aa,0x521b7f58b568
0x4037ba,0x28e837e36430
0x4037ba,0xd79e62c409b8
0x4037aa,0x521b7f5b1368
0x4037ba,0xea2063047f0
0x4037ba,0xd79e62b00990
0x4037ba,0xd79e62a92ef8
0x4037ba,0xea2062f1378
0x4037aa,0x521b7f593568
0x4037ba,0x28e837cc3138
0x4037aa,0x521b7f576768
0x4037aa,0x521b7f5c01a8
0x4037aa,0x521b7f5c11a8
0x4037aa,0x24656f19bda8
0x4037ba,0xe8035e4665a8
0x4037aa,0x521b7f5a63a8
0x4037aa,0xf64cac09a8
0x4037ba,0x80a6dabf6770
0x4037ba,0x28e837e20d68
0x4037aa,0x521b7f5865a8
0x4037aa,0x521b7f5ab3a8
0x4037aa,0x79f1064d09a8
0x4037ba,0xa1abd8020d78
0x4037ba,0xea2063072a8
0x4037aa,0xa8fbd8490fa8
0x4037aa,0x521b7f5b13a8
0x4037aa,0x79f1064d89a8
0x4037ba,0xa21321dbf50
0x4037aa,0xbfe092f8cda8
0x4037aa,0xa8fbd8494fa8
0x4037aa,0x521b7f56d7a8
0x4037aa,0x79f1064e09a8
0x4037ba,0x28e837cd0998
0x4037aa,0x521b7f5e01a8
0x4037aa,0x521b7f5e11a8
0x4037aa,0x79f1064e47e8
0x4037ba,0x6c537033bdb8
0x4037ba,0xa1abd802cd88
0x4037ba,0x28e837e38ff0
0x4037aa,0x521b7f5a23e8
0x4037aa,0xbfe092f9ebe8
0x4037ba,0xa1abd8033d38
0x4037aa,0x521b7f5cc1e8
0x4037aa,0x521b7f5647e8
0x4037aa,0xa8fbd848dfe8
0x4037aa,0x521b7f5d31e8
0x4037c1,0xd79e62afa4f0
0x4037ba,0xd79e62b98fd8
0x4037aa,0x521b7f5925e8
0x4037ba,0x28e837da8b88
0x4037aa,0xa8fbd8498fe8
0x4037aa,0x79f1064bebe8
0x402c4c,0xee30bb940188
0x4037ba,0xea20632cda8
0x4037aa,0xf64caa7228
0x4037aa,0x79f1064c7a28
0x4037ba,0x28e837e36770
0x4037aa,0x521b7f5c7228
0x4037ba,0xe930e6be3118
0x4037ba,0x28e837cf09b8
0x4037ba,0x28e837d86588
0x4037ba,0xd79e62b447e0
0x4037ba,0xd79e62ae5118
0x4037aa,0x79f1064b6c28
0x4037ba,0xd79e62c35120
0x4037aa,0x521b7f5b6428
0x4037aa,0x521b7f56e828
0x4037c1,0x28e837d525e8
0x4037ba,0x28e837dd6c10
0x4037aa,0xbfe092f91e28
0x4037c1,0x28e837dd09b0
0x4037ba,0xd79e62c498f8
0x4037aa,0xbfe092f9dc68
0x4037ba,0xd79e62badfe0
0x4037ba,0xd79e62c2cd90
0x4037ba,0xd79e62b07cf0
0x4037aa,0xca1598431c68
0x4037ba,0x5829a6f0b390
0x4037ba,0x98f5690dbd98
0x4037ba,0xd79e62af4718
0x4037aa,0x79f1064b1c68
0x4037ba,0xd79e62ac5330
0x4037aa,0x521b7f58c668
0x4037aa,0x521b7f5d5268
0x4037aa,0x79f1064bdc68
0x4037aa,0x79f1064c1c68
0x4037ba,0xc48ca9045300
0x4037aa,0x79f1064c5aa8
0x4037ba,0xa2132207c50
0x4037aa,0xf64caa72a8
0x4037c1,0xd79e62c45a98
0x4037aa,0x521b7f5c72a8
0x4037ba,0xd79e62b13d28
0x4037c1,0xea2062fbf60
0x4037c1,0xd79e62b9e510
0x4037aa,0x79f1064abca8
0x4037ba,0x28e837d411b8
0x4037ba,0xd79e62b25ab8
0x4037aa,0xbfe092f92ea8
0x4037ba,0x6c6f1e4c1c58
0x4037aa,0x79f1064e98e8
0x4037ba,0x28e837dab548
0x4037ba,0x28e837e1bf70
0x4037ba,0x28e837d41c48
0x4037ba,0x28e837d125c0
0x4037ba,0xd79e62a9ed48
0x4037aa,0x521b7f5608e8
0x4037ba,0xd79e62b56c30
0x4037ba,0xa1abd804dff8
0x4037aa,0x521b7f5698e8
0x4037ba,0xa1abd7fd8fd0
0x4037aa,0x521b7f6010e8
0x4037aa,0x521b7f5ba4e8
0x4037aa,0xbfe092f92ee8
0x4037aa,0x521b7f5e3128
0x4037aa,0x521b7f59c528
0x4037aa,0x521b7f5e5128
0x4037aa,0x521b7f59e528
0x4037ba,0xa1abd8015240
0x4037aa,0x521b7f5c5328
0x4037aa,0x521b7f585728
0x4037ba,0xd79e62b33540
0x4037aa,0x521b7f5f5128
0x4037aa,0x79f1064b3d28
0x4037ba,0x28e837cc23e0
0x4037aa,0x521b7f5f9128
0x4037c1,0xea20631a4c0
0x4037aa,0x521b7f594728
0x4037aa,0x521b7f603128
0x4037aa,0x521b7f5bc528
0x4037aa,0x521b7f605128
0x4037aa,0x521b7f5be528
0x4037ba,0x28e837e2b548
0x4037c1,0xa1abd801e500
0x4037aa,0x24656f19bf68
0x4037aa,0xbfe092f9ed68
0x4037c1,0xea20630e828
0x4037ba,0xa1abd8007218
0x4037aa,0x521b7f582768
0x4037ba,0xa2132195118
0x4037aa,0x521b7f5ab568
0x4037aa,0x521b7f5d1368
0x4037ba,0xd79e62a931f8
0x4037ba,0x28e837d410e8
0x4037aa,0x521b7f5b3568
0x4037ba,0xea2062c10c0
0x4037ba,0x28e837ce63b8
0x4037aa,0x521b7f596768
0x4037aa,0x79f1064bed68
0x4037aa,0x79f1064c0d68
0x4037aa,0x24656f194fa8
0x4037ba,0xa21321a47c0
0x4037ba,0xd79e62b96410
0x4037ba,0xa21321e1180
0x4037ba,0xa1abd803dc40
0x4037aa,0xbfe092f9bda8
0x4037aa,0x24656f199fa8
0x4037ba,0xa1abd8007280
0x4037aa,0x79f1064c8ba8
0x4037aa,0x521b7f5c63a8
0x4037aa,0x521b7f5a65a8
0x4037aa,0x521b7f5cb3a8
0x4037aa,0x521b7f5609a8
0x4037aa,0x79f1064acda8
0x4037ba,0xd79e62a56c38
0x4037aa,0x521b7f5d13a8
0x4037aa,0x521b7f58d7a8
0x4037aa,0x521b7f6001a8
0x4037aa,0x79f1064bbda8
0x4037aa,0x521b7f5709a8
0x4037aa,0xbfe092f90fa8
0x4037aa,0x521b7f6011a8
0x4037aa,0xbfe092f94fa8
0x4037ba,0xd79e62a9c538
0x4037ba,0x41d09ea21198
0x4037aa,0x521b7f5c23e8
0x4037aa,0x24656f198fe8
0x4037aa,0x521b7f5ec1e8
0x4037ba,0xd79e62beb570
0x4037ba,0xd79e62b2d7a8
0x4037aa,0x521b7f5847e8
0x4037aa,0x521b7f5f31e8
0x4037ba,0xd79e62abebc0
0x4037aa,0x521b7f5b25e8
0x4037ba,0x28e837c931f0
0x4037c1,0xd79e62ba5330
0x4037ba,0xd79e62ae5730
0x4037ba,0xa213218c1f0
0x4037aa,0xbfe092f8dfe8
0x4037ba,0x28e837dc23e8
0x4037ba,0xd79e62ae2750
0x4037aa,0x79f1064debe8
0x4037c1,0xee30bb941180
0x4037ba,0x28e837c90fb0
0x4037ba,0x28e837e601b0
0x4037aa,0x521b7f5e23e8
0x4037ba,0xa1abd8023120
0x4037aa,0x79f1064e7a28
0x4037aa,0x521b7f5e7228
0x4037ba,0x28e837e2b3a8
0x4037c1,0x28e837cdbf50
0x4037aa,0xca1598431e28
0x4037ba,0xd79e62bfbd98
0x4037ba,0xa1abd8027210
0x4037aa,0x79f1064b1e28
0x4037aa,0x521b7f567a28
0x4037aa,0x79f1064d6c28
0x4037aa,0x521b7f5d6428
0x4037aa,0x521b7f58e828
0x4037c1,0xd79e62c4c1d0
0x4037ba,0xe8035e463118
0x4037c1,0x28e837d1a4e0
0x4037ba,0xd79e62ac7220
0x4037ba,0xd79e62ae8b98
0x4037aa,0x79f1064c7c68
0x4037aa,0xe7c8f4d1c68
0x4037aa,0x521b7f5ac668
0x4037aa,0x79f1064d1c68
0x4037aa,0x521b7f5f5268
0x4037c1,0xd79e62b1ed68
0x4037c1,0xd79e62b047f8
0x4037aa,0x79f1064ddc68
0x4037aa,0x79f1064e1c68
0x4037aa,0x79f1064e5aa8
0x4037aa,0x521b7f5e72a8
0x4037aa,0x79f1064cbca8
0x4037aa,0xca1598432ea8
0x4037ba,0x28e837df31f8
0x4037ba,0xd79e62be1c78
0x4037c1,0x28e837e80988
0x4037ba,0xea2062d6778
0x4037aa,0x521b7f565aa8
0x4037aa,0x79f1064b2ea8
0x4037ba,0xa21321dbdb0
0x4037c1,0xd79e62accd90
0x4037ba,0xd79e62af9f88
0x4037c1,0xd79e62a80d68
0x4037ba,0x28e837d847d8
0x4037aa,0x79f1064c7ce8
0x4037aa,0x521b7f5808e8
0x4037aa,0xca1598432ee8
0x4037ba,0xea2062f1c68
0x4037c1,0xd79e62bc08f8
0x4037aa,0x521b7f5898e8
0x4037ba,0x28e837ce11a0
0x4037aa,0x79f1064b2ee8
0x4037c1,0x28e837dfe500
0x4037aa,0x521b7f6210e8
0x4037aa,0x521b7f5da4e8
0x4037ba,0xd79e62a6cd80
0x403044,0xd79e62b31e38
0x4037aa,0x521b7f5e5328
0x4037ba,0xd79e62c31e20
0x4037aa,0x521b7f5a5728
0x4037ba,0xd79e62b9bf78
0x4037ba,0xd79e62b131c8
0x4037aa,0x521b7f615128
0x4037aa,0x521b7f619128
0x4037c1,0x6c6f1e4c7280
0x4037aa,0x79f1064d3d28
0x4037aa,0x521b7f5b4728
0x4037ba,0xd79e62c33d30
0x4037ba,0xd79e62ac5330
0x4037ba,0x6c5370339f80
0x4037aa,0x521b7f623128
0x4037ba,0x28e837db9130
0x4037aa,0x521b7f5dc528
0x4037aa,0x521b7f625128
0x4037ba,0xd79e62ab6c18
0x4037aa,0x521b7f5de528
0x4037ba,0xd79e62ae11b8
0x4037ba,0x28e837e36430
0x4037aa,0x521b7f605328
0x4037ba,0x28e837e0e808
0x4037aa,0xbfe092f9bf68
0x4037ba,0xd79e62bbe510
0x4037aa,0x521b7f5a2768
0x4037c1,0xd79e62b201a0
0x4037ba,0x28e837d59128
0x4037aa,0xf64cac0d68
0x4037aa,0x521b7f5cb568
0x4037aa,0x521b7f5f1368
0x4037ba,0xa1abd8007a38
0x4037ba,0xe8035e465a90
0x4037aa,0x521b7f5d3568
0x4037aa,0x521b7f5b6768
0x4037ba,0x28e837e54720
0x4037aa,0x79f1064bbf68
0x4037aa,0x79f1064ded68
0x4037ba,0xd79e62b098d8
0x4037aa,0x79f1064e0d68
0x4037aa,0x521b7f5789a8
0x4037aa,0xbfe092f99fa8
0x4037aa,0x521b7f5e63a8
0x4037aa,0x79f1064e8ba8
0x4037ba,0xd79e62b08b88
0x4037ba,0x28e837e73d38
0x4037aa,0x7dd1755f89a8
0x4037aa,0x521b7f5c65a8
0x4037aa,0x521b7f5eb3a8
0x4037c1,0xd79e62ac6588
0x4037aa,0xca1598430fa8
0x4037aa,0x521b7f5809a8
0x4037c1,0xd79e62a99f80
0x4037aa,0x79f1064ccda8
0x4037aa,0x521b7f5f13a8
0x4037aa,0x521b7f5ad7a8
0x4037aa,0x79f1064b0fa8
0x4037aa,0x521b7f568ba8
0x4037aa,0x79f1064b4fa8
0x4037aa,0x521b7f6201a8
0x4037aa,0x521b7f6211a8
0x4037aa,0x521b7f5909a8
0x4037aa,0x79f1064dbda8
0x4037aa,0x79f1064b9fa8
0x4037aa,0x521b7f5989a8
0x4037aa,0x521b7f6063a8
0x4037aa,0xbfe092f98fe8
0x4037ba,0x28e837e2bc98
0x4037aa,0x521b7f60c1e8
0x4037ba,0xd79e62c40198
0x4037aa,0x521b7f5a47e8
0x4037aa,0x1d8d5dacdfe8
0x4037aa,0x521b7f6131e8
0x4037aa,0x521b7f55ebe8
0x4037ba,0x28e837cf1398
0x4037c1,0xa2132208bb0
0x4037aa,0x79f1064adfe8
0x4037aa,0x521b7f5d25e8
0x4037ba,0xe8035e465138
0x4037aa,0x79f1064b8fe8
0x4037ba,0x28e837e409a0
0x4037ba,0x28e837dc8b90
0x4037aa,0x521b7f6023e8
0x4037ba,0xd79e62c498f8
0x4037ba,0xea2062d5130
0x4037c1,0x28e837d9dc68
0x4037aa,0x521b7f62c1e8
0x4037aa,0x521b7f607228
0x4037c1,0x28e837dfebe8
0x4037ba,0xd79e62ab4730
0x4037c1,0xea2062fbf60
0x4037ba,0xd79e62b98fd8
0x4037aa,0x8ec426db6428
0x4037aa,0xe7c8f4d1e28
0x4037ba,0xd79e62c408e8
0x4037aa,0x521b7f587a28
0x4037aa,0x79f1064d1e28
0x4037aa,0x521b7f5ae828
0x4037aa,0x521b7f5f6428
0x4037ba,0x28e837ce10d0
0x4037aa,0x521b7f627228
0x4037ba,0x28e837e38ff0
0x4037aa,0x521b7f576c28
0x4037aa,0x79f1064e7c68
0x4037ba,0xa1abd800c668
0x4037ba,0x98f5690dbd98
0x4037ba,0xea206332ed8
0x4037c1,0x28e837cdbf50
0x4037aa,0x521b7f55dc68
0x4037aa,0x521b7f5cc668
0x4037aa,0x521b7f615268
0x4037aa,0x521b7f561c68
0x4037ba,0xd79e62afebe0
0x4037aa,0x521b7f567c68
0x4037ba,0xa21321b8980
0x4037aa,0x521b7f571c68
0x4037c1,0xd79e62b22770
0x4037aa,0x521b7f6072a8
0x4037ba,0xd79e62ad4720
0x4037aa,0xc6aa2d5cbca8
0x4037ba,0xa213219ebf0
0x4037ba,0x28e837d12eb0
0x4037ba,0xd79e62ac7288
0x4037aa,0x521b7f585aa8
0x4037aa,0x79f1064d2ea8
0x4037ba,0x28e837e39120
0x4037ba,0x28e837e601b0
0x4037ba,0x28e837d223f8
0x4037aa,0x521b7f56bca8
0x4037ba,0xe8035e467c58
0x4037aa,0x521b7f6272a8
0x4037ba,0x28e837cd31e8
0x4037aa,0x79f1064e7ce8
0x4037aa,0x521b7f5a08e8
0x4037ba,0x28e837d21c60
0x4037ba,0x28e837cf9138
0x4037c1,0x6c6f1e4c0990
0x4037ba,0x5829a6ed6c00
0x4037aa,0x521b7f5a98e8
0x4037aa,0x79f1064d2ee8
0x4037aa,0x521b7f567ce8
0x4037aa,0x521b7f6410e8
0x4037aa,0x521b7f5fa4e8
0x4037c1,0x28e837d87298
0x4037aa,0x521b7f5c5728
0x4037aa,0x521b7f635128
0x4037aa,0x71bb2b243128
0x4037ba,0x5829a7034fa8
0x4037aa,0x521b7f639128
0x4037ba,0xa1abd8005710
0x4037aa,0x521b7f5d4728
0x4037aa,0x521b7f643128
0x4037aa,0x521b7f5fc528
0x4037ba,0x28e837dbc538
0x4037aa,0x521b7f645128
0x4037aa,0x521b7f5fe528
0x4037aa,0x521b7f625328
0x4037ba,0xd79e62b25710
0x4037c1,0xa1abd7fd5278
0x4037aa,0x521b7f573d28
0x4037ba,0xc48ca9045ab8
0x4037ba,0xd79e62ae5730
0x4037aa,0x521b7f5c2768
0x4037aa,0x521b7f5eb568
0x4037aa,0x521b7f611368
0x4037ba,0xd79e62a5bda8
0x4037aa,0x521b7f55ed68
0x4037aa,0x521b7f560d68
0x4037aa,0x521b7f5f3568
0x4037c1,0xa1abd8051388
0x4037c1,0xa21321b2ec0
0x4037aa,0x521b7f5d6768
0x4037aa,0x79f1064dbf68
0x4037ba,0xd79e62c40d60
0x4037ba,0x28e837e53558
0x4037ba,0xd79e62c4e808
0x4037aa,0x521b7f5e2768
0x4037aa,0x521b7f5e65a8
0x4037aa,0x521b7f60b3a8
0x4037ba,0xd79e62b96410
0x4037aa,0x521b7f5a09a8
0x4037aa,0x521b7f55bda8
0x4037ba,0xa1abd7ffc530
0x4037aa,0x521b7f6113a8
0x4037aa,0xab89670d09a8
0x4037aa,0x521b7f5cd7a8
0x4037aa,0x79f1064d0fa8
0x4037ba,0xa1abd8005300
0x4037aa,0x521b7f588ba8
0x4037ba,0xd79e62bc3138
0x4037aa,0x79f1064d4fa8
0x4037aa,0x521b7f6401a8
0x4037aa,0x521b7f5b09a8
0x4037aa,0x521b7f6411a8
0x4037ba,0xd79e62b00990
0x4037aa,0x79f1064d9fa8
0x4037ba,0xe8035e463118
0x4037aa,0x521b7f56cda8
0x4037ba,0xd79e62ae5118
0x4037aa,0x521b7f5b89a8
0x4037ba,0xd79e62a59f98
0x4037aa,0x521b7f6263a8
0x4037c1,0xee30bb9447e8
0x4037ba,0x28e837c90998
0x4037aa,0x521b7f62b3a8
0x4037aa,0x521b7f6065a8
0x4037ba,0x28e837d610e0
0x4037ba,0xa213218d798
0x4037aa,0x521b7f5c47e8
0x4037ba,0x28e837e51388
0x4037aa,0x521b7f6331e8
0x4037aa,0x521b7f57ebe8
0x4037aa,0x79f1064cdfe8
0x4037aa,0x521b7f5f25e8
0x4037c1,0xd79e62a872a8
0x4037aa,0x79f1064d8fe8
0x4037ba,0xd79e62b2dfc8
0x4037aa,0x521b7f6223e8
0x4037aa,0x521b7f64c1e8
0x4037ba,0xd79e62b4e828
0x4037ba,0xd79e62c31390
0x4037ba,0xa213219e508
0x4037ba,0x28e837df2e80
0x4037aa,0x521b7f5a7a28
0x4037aa,0x521b7f616428
0x4037aa,0x521b7f5ce828
0x4037ba,0xa1abd7fd3d00
0x4037ba,0xa7d08ad11e08
0x4037c1,0x28e837dfe500
0x4037ba,0x28e837d85aa0
0x4037aa,0x521b7f647228
0x4037ba,0xd79e62b99120
0x4037ba,0x6c6f1e4c1c58
0x4037aa,0x521b7f571e28
0x4037aa,0x521b7f596c28
0x403044,0xd79e62b31e38
0x402c20,0x5829a6ecb3b8
0x402ea8,0x1a70aa8210e8
0x403709,0x28e837d53d08
0x403709,0xea206325718
0x403709,0xa1abd8000180
0x4037ba,0x28e837dec1e8
0x4037ba,0x28e837cd5130
0x4037ba,0xea2063325e8
0x4037aa,0x521b7f57dc68
0x4037aa,0x521b7f635268
0x4037ba,0xd79e62b18998
0x4037aa,0x521b7f5ec668
0x4037aa,0x521b7f581c68
0x4037ba,0x28e837cad7b8
0x4037ba,0xd79e62b71c68
0x4037aa,0x521b7f587c68
0x4037ba,0xa1abd8007c40
0x4037ba,0xa1abd801c508
0x4037aa,0x521b7f591c68
0x4037ba,0x28e837e39120
0x4037ba,0xd79e62af6760
0x4037ba,0x28e837d010c0
0x4037c1,0xd79e62bc8b88
0x4037ba,0x28e837dd3d08
0x4037ba,0xea206316758
0x4037aa,0x521b7f5a5aa8
0x4037ba,0xa21321e7ce8
0x4037aa,0x521b7f58bca8
0x4037c1,0xd79e62afa4f0
0x4037ba,0xa1abd802dfc8
0x4037aa,0x521b7f6472a8
0x4037ba,0xe8035e467cc0
0x4037c1,0xd79e62c47230
0x4037aa,0x521b7f572ea8
0x4037ba,0x28e837d86588
0x4037ba,0xd79e62a78fe0
0x4037aa,0x521b7f5c08e8
0x4037ba,0x28e837cf09b8
0x4037ba,0xd79e62bc7c70
0x4037ba,0xd79e62b73540
0x4037ba,0xa1abd800d798
0x4037ba,0xd79e62bbebf8
0x4037aa,0x521b7f5c98e8
0x4037aa,0x521b7f587ce8
0x4037aa,0x521b7f61a4e8
0x4037ba,0xee30bb94e800
0x4037ba,0xa1abd7febcb8
0x4037ba,0x5829a6f447f8
0x4037ba,0x28e837e408d0
0x4037aa,0x521b7f572ee8
0x4037aa,0x521b7f5e08e8
0x4037c1,0x28e837d1a4e0
0x4037aa,0x521b7f5e5728
0x4037ba,0x28e837d847d8
0x4037ba,0xd79e62ac7220
0x4037aa,0x521b7f655128
0x4037aa,0x521b7f659128
0x4037ba,0xd79e62a8b380
0x4037ba,0xd79e62b672a8
0x4037aa,0x521b7f5f4728
0x4037ba,0xd79e62c3c510
0x4037aa,0x521b7f61c528
0x4037aa,0x521b7f61e528
0x4037ba,0x28e837d823d8
0x4037aa,0x7a1900b75128
0x4037ba,0xea2062be518
0x4037aa,0x521b7f645328
0x4037aa,0x7a1900b79128
0x4037aa,0x521b7f593d28
0x4037c1,0xa1abd804cda8
0x4037aa,0x521b7f605728
0x4037ba,0xd79e62ac5330
0x4037ba,0xa1abd80331d8
0x4037aa,0x521b7f60b568
0x4037aa,0x521b7f631368
0x4037aa,0x521b7f57ed68
0x4037aa,0x521b7f55bf68
0x4037ba,0x28e837d125c0
0x4037aa,0x521b7f580d68
0x4037ba,0xa1abd8015108
0x4037ba,0xa1abd8020d78
0x4037aa,0x521b7f613568
0x4037aa,0x8ec426db6768
0x4037aa,0x521b7f5f6768
0x4037ba,0xa7d08ad11378
0x4037ba,0x28e837cc23e0
0x4037ba,0xea20632dfe8
0x4037ba,0xea2063047f0
0x4037aa,0x521b7f602768
0x4037aa,0x521b7f62b568
0x402c2d,0xd79e62acb3b0
0x4037aa,0x521b7f5c09a8
0x4037ba,0xd79e62bc7a00
0x4037ba,0x28e837e325c8
0x4037aa,0x521b7f57bda8
0x4037aa,0x521b7f6313a8
0x4037c1,0xa1abd801e500
0x4037aa,0x521b7f559fa8
0x4037ba,0xd79e62c409b8
0x4037aa,0x521b7f5ed7a8
0x4037aa,0x521b7f5a8ba8
0x4037ba,0xd79e62c18988
0x4037aa,0x521b7f5d09a8
0x4037c1,0x6c6f1e4c7280
0x4037aa,0x521b7f58cda8
0x4037ba,0x6c6f1e4ce830
0x4037aa,0x521b7f5d89a8
0x4037aa,0x521b7f6463a8
0x4037ba,0xd79e62ba23d0
0x4037c1,0x28e837d525e8
0x4037aa,0x521b7f570fa8
0x4037aa,0x521b7f6265a8
0x4037ba,0xd79e62b76778
0x4037aa,0x521b7f64b3a8
0x4037aa,0x521b7f5e09a8
0x4037aa,0x521b7f574fa8
0x4037ba,0xd79e62ad0f90
0x4037aa,0x521b7f5e47e8
0x4037aa,0x521b7f59ebe8
0x4037aa,0x521b7f6531e8
0x4037ba,0xa1abd80410c0
0x4037aa,0x521b7f6125e8
0x4037aa,0x7a1900b6c1e8
0x4037ba,0xd79e62b423e8
0x4037ba,0xd79e62b25ab8
0x4037aa,0x7a1900b731e8
0x4037aa,0x521b7f6423e8
0x4037ba,0x28e837d90f90
0x4037ba,0xd79e62c33578
0x4037ba,0xd79e62b10fa0
0x4037aa,0x521b7f56dfe8
0x4037ba,0xd79e62a647f8
0x4037ba,0xd79e62b9bf78
0x4037aa,0x91f0d2dec1e8
0x4037ba,0x28e837d59128
0x4037c1,0xd79e62bda4c0
0x4037aa,0x521b7f6047e8
0x4037aa,0x521b7f5bebe8
0x4029f8,0x5829a6ec3108
0x4037ba,0xd79e62c408e8
0x4037aa,0xf64caa7a28
0x4037ba,0x28e837e1bf70
0x4037aa,0x521b7f5c7a28
0x4037aa,0x521b7f636428
0x4037ba,0xd79e62c34738
0x4037aa,0x7a1900b67228
0x4037aa,0x521b7f5ee828
0x4037c1,0xea2062cbc80
0x4037ba,0x28e837e2b3a8
0x4037ba,0xa21321a47c0
0x4037aa,0x521b7f591e28
0x4037aa,0x521b7f5b6c28
0x4037ba,0xa1abd8031358
0x4037aa,0x521b7f59dc68
0x4037ba,0xd79e62b21190
0x4037c1,0xee30bb941c78
0x4037aa,0x521b7f60c668
0x4037aa,0x521b7f655268
0x4037aa,0x521b7f5a1c68
0x4037ba,0xa213218c668
0x4037ba,0x28e837ddbd90
0x4037aa,0x521b7f5a7c68
0x4037ba,0xea2062f1378
0x4037ba,0xd79e62ae1c48
0x4037ba,0x28e837decdb0
0x4037ba,0x28e837c95130
0x4037ba,0xd79e62c2e830
0x4037aa,0x521b7f5b1c68
0x4037aa,0x7a1900b75268
0x4037ba,0x28e837e2bc98
0x4037ba,0x28e837cd31e8
0x4037aa,0x521b7f5bdc68
0x4037ba,0xd79e62af6420
0x4037ba,0xd79e62c331d0
0x4037aa,0x521b7f62c668
0x4037aa,0xf64cb01c68
0x4037ba,0xd79e62b98fd8
0x4037ba,0x28e837c90fb0
0x4037ba,0x6c537032e818
0x4037aa,0x521b7f5c5aa8
0x4037ba,0xd79e62bbe510
0x4037aa,0x7a1900b672a8
0x4037c1,0x28e837d623c0
0x4037c1,0x5829a6f47208
0x4037aa,0x521b7f5abca8
0x4037c1,0xd79e62ace808
0x4037ba,0x28e837d74f80
0x4037ba,0xea2062d6778
0x4037ba,0xe8035e465138
0x4037ba,0xd79e62b210c0
0x4037ba,0x28e837dc47d0
0x4037ba,0x6c6f1e4c10f8
0x4037aa,0x521b7f592ea8
0x4037ba,0xa1abd8027210
0x4037aa,0x7a1900b810e8
0x4037aa,0x521b7f5e98e8
0x4037ba,0xd79e62b8bc88
0x4037c1,0x5829a6f07c58
0x4037aa,0x521b7f5a7ce8
0x4037ba,0x28e837d611b0
0x4037aa,0x521b7f63a4e8
0x4037ba,0x6c6f1e4c1c58
0x4037aa,0x521b7f592ee8
0x4037aa,0x521b7f6008e8
0x4037aa,0x7a1900ba10e8
0x4037aa,0x7a1900b83128
0x4037aa,0x7a1900b85128
0x4037ba,0x28e837d9a4f0
0x4037aa,0x521b7f614728
0x4037aa,0x521b7f63c528
0x4037aa,0x521b7f63e528
0x4037ba,0xd79e62bf1c50
0x4037ba,0x28e837dc23e8
0x4037aa,0x7a1900b95128
0x4037aa,0x521b7f5b3d28
0x4037aa,0x7a1900b99128
0x4037aa,0x521b7f625728
0x4037ba,0xd79e62bf9fa0
0x4037aa,0x7a1900ba3128
0x4037aa,0x521b7f651368
0x4037aa,0x521b7f59ed68
0x4037aa,0x521b7f57bf68
0x4037aa,0x521b7f5a0d68
0x4037aa,0x521b7f633568
0x4037c1,0xa21321a7208
0x4037aa,0x521b7f616768
0x4037ba,0xd79e62be8b90
0x4037ba,0xea206316758
0x4037ba,0xa1abd804bc90
0x4037aa,0x7a1900b71368
0x4037ba,0xea2063325e8
0x4037aa,0x521b7f622768
0x4037aa,0x521b7f64b568
0x4037ba,0x28e837d410e8
0x4037aa,0x521b7f5bed68
0x4037aa,0x7a1900b801a8
0x4037aa,0x521b7f59bda8
0x4037aa,0x7a1900b811a8
0x4037aa,0x521b7f6513a8
0x4037ba,0xa1abd8007218
0x4037aa,0x521b7f579fa8
0x4037ba,0x28e837e26380
0x4037aa,0x521b7f60d7a8
0x4037ba,0xd79e62badfe0
0x4037ba,0x28e837e54fa8
0x4037aa,0x521b7f5c8ba8
0x4037aa,0x7a1900b663a8
0x4037c1,0xd79e62b9e510
0x4037ba,0x6c537034b3a0
0x4037aa,0x521b7f5f09a8
0x4037aa,0x7a1900b6b3a8
0x4037c1,0xd79e62bac670
0x4037ba,0x28e837e647e8
0x4037ba,0x28e837ce11a0
0x4037aa,0x521b7f5acda8
0x4037ba,0x5829a6ef1e18
0x4037ba,0x28e837c95268
0x4037aa,0x7a1900b713a8
0x4037aa,0x521b7f5f89a8
0x4037aa,0x521b7f590fa8
0x4037aa,0x521b7f6465a8
0x4037aa,0x521b7f6009a8
0x4037aa,0x521b7f594fa8
0x4037ba,0x28e837c931f0
0x4037aa,0x7a1900ba01a8
0x4037aa,0x521b7f5bbda8
0x4037aa,0x7a1900ba11a8
0x4037ba,0x28e837d6e820
0x4037aa,0x521b7f599fa8
0x4037aa,0x521b7f578fe8
0x4037aa,0x521b7f6325e8
0x4037aa,0x7dd1755f8fe8
0x4037ba,0x6c5370339f80
0x4037ba,0x28e837c9c520
0x4037aa,0x7a1900b8c1e8
0x4037ba,0xa1abd7ffc530
0x4037aa,0x7a1900b931e8
0x4037ba,0xd79e62ab4fb8
0x4037aa,0x521b7f58dfe8
0x4037ba,0x28e837e51388
0x4037aa,0x521b7f6247e8
0x4037aa,0x521b7f5debe8
0x4037aa,0x521b7f598fe8
0x4037ba,0x28e837dc8b90
0x402c50,0xd79e62acb3b0
0x402c20,0x5829a6ecb3b8
0x4037ba,0xa21321b8980
0x4037aa,0x521b7f5e7a28
0x4037c1,0x28e837cdbf50
0x4037aa,0x521b7f656428
0x4037aa,0x7a1900b87228
0x4037aa,0x521b7f60e828
0x4037ba,0xa1abd8036c00
0x4037aa,0x521b7f5b1e28
0x4037aa,0x521b7f5d6c28
0x4037c1,0x28e837dfe500
0x4037aa,0x7a1900b76428
0x4037ba,0xd79e62ae2750
0x4037ba,0xd79e62b25300
0x4037ba,0xea20631dc58
0x4037ba,0xa1abd8019fb0
0x4037ba,0xa1abd8043108
0x4037ba,0x28e837dbc538
0x4037aa,0x521b7f5c1c68
0x4037aa,0xf64caa7c68
0x4037ba,0xa1abd80201b0
0x4037aa,0x521b7f5c7c68
0x4037ba,0xd79e62b4e828
0x4037ba,0xd79e62ac3110
0x4037aa,0x521b7f5d1c68
0x4037aa,0x7a1900b95268
0x4037ba,0xd79e62bc7cd8
0x4037c1,0xd79e62b047f8
0x4037aa,0x521b7f5ddc68
0x4037c1,0xee30bb9447e8
0x4037aa,0x521b7f64c668
0x4037aa,0x521b7f5e1c68
0x4037ba,0xe8035e4623f8
0x4037aa,0x521b7f5e5aa8
0x4037c1,0x5829a6f45710
0x4037aa,0x7a1900b872a8
0x4037ba,0xd79e62c2bc80
0x4037ba,0xd79e62ac7288
0x4037aa,0x521b7f5cbca8
0x4037ba,0xd79e62a5bf48
0x4037aa,0x521b7f5b2ea8
0x4037ba,0xa21321f5268
0x4037c1,0xea20631a4c0
0x4037c1,0xd79e62c47230
0x4037ba,0xd79e62b07cf0
0x4037aa,0x521b7f605aa8
0x4037aa,0x521b7f6098e8
0x4037aa,0xf64caa7ce8
0x4037aa,0x521b7f5c7ce8
0x4037ba,0xa1abd7ff5260
0x4037ba,0xea2062c1190
0x4037aa,0x521b7f5b2ee8
0x4037aa,0x521b7f6208e8
0x4037ba,0x28e837e2bc98
0x4037aa,0x7a1900b7a4e8
0x4037aa,0x7a1900bc10e8
0x4037aa,0x521b7f6298e8
0x4037ba,0xd79e62b131c8
0x4037aa,0x7a1900ba5128
0x4037ba,0xea2062be518
0x4037ba,0x80a6dabf6770
0x4037aa,0x7a1900b85328
0x4037aa,0x521b7f634728
0x4037c1,0xa1abd8038ff0
0x4037c1,0xea2062cbc80
0x4037aa,0x7a1900bb5128
0x4037aa,0x908653195128
0x4037aa,0x521b7f5d3d28
0x4037aa,0x7a1900bb9128
0x4037c1,0xd79e62afa4f0
0x4037ba,0x28e837cb3d20
0x4037aa,0x521b7f645728
0x4037ba,0x28e837e53d10
0x4037c1,0x28e837d62768
0x4037ba,0xd79e62b54f80
0x4037aa,0x7a1900b7c528
0x4037aa,0x7a1900bc3128
0x4037ba,0xd79e62a6cd80
0x4037aa,0x7a1900b7e528
0x4037aa,0x7a1900bc5128
0x4037aa,0x521b7f59bf68
0x4037aa,0x521b7f5c0d68
0x4037aa,0x521b7f653568
0x4037ba,0x28e837c9c520
0x4037ba,0xa21322001b0
0x4037ba,0xd79e62ad0f90
0x4037aa,0x521b7f636768
0x4037aa,0x7a1900b6b568
0x4037aa,0x7a1900b91368
0x4037aa,0x7a1900b73568
0x4037aa,0x521b7f642768
0x4037ba,0xe8035e4665a8
0x4037aa,0x521b7f5ded68
0x4037aa,0x521b7f5bbf68
0x4037aa,0x521b7f5e0d68
0x4037aa,0x521b7f62d7a8
0x4037ba,0xa1abd8007280
0x4037aa,0x521b7f5e8ba8
0x4037aa,0x7a1900b863a8
0x4037aa,0x521b7f6109a8
0x4037ba,0x28e837d86588
0x4037aa,0x7a1900b665a8
0x4037c1,0xd79e62a99f80
0x4037aa,0x7a1900b8b3a8
0x4037ba,0x28e837e38ff0
0x4037aa,0x521b7f5ccda8
0x4037ba,0x28e837e601b0
0x4037aa,0xab89670d0fa8
0x4037c1,0x5829a6ec72b0
0x4037c1,0xd79e62c21c60
0x4037ba,0xd79e62a91388
0x4037aa,0x521b7f6189a8
0x4037aa,0x7a1900b913a8
0x4037ba,0xd79e62b35250
0x4037c1,0xd79e62a872a8
0x4037aa,0x521b7f5b0fa8
0x4037aa,0x521b7f6209a8
0x4037aa,0x521b7f5b4fa8
0x4037aa,0x521b7f5dbda8
0x4037aa,0x7a1900bc01a8
0x4037aa,0x521b7f5b9fa8
0x4037aa,0x7a1900bc11a8
0x4037aa,0x521b7f64d7a8
0x4037aa,0x1a70aa83bda8
0x4037aa,0x7a1900b823e8
0x4037c1,0x28e837e10fb8
0x4037aa,0x521b7f6525e8
0x4037ba,0xd79e62a7bd90
0x4037ba,0xea206300998
0x4037aa,0x7a1900bac1e8
0x4037ba,0x28e837cd5268
0x4037ba,0x28e837d39f88
0x4037aa,0x7a1900bb31e8
0x4037aa,0x521b7f5adfe8
0x4037ba,0xd79e62a9ed48
0x4037aa,0x7a1900b725e8
0x4037aa,0x521b7f6447e8
0x4037ba,0xd79e62b99120
0x4037ba,0xa1abd7fd89b8
0x4037aa,0x521b7f5febe8
0x4037c1,0xe7c8f395240
0x4037aa,0x521b7f5b8fe8
0x4037aa,0x7a1900ba23e8
0x4037aa,0x521b7f607a28
0x4037aa,0x521b7f62e828
0x4037ba,0x28e837e201a0
0x4037aa,0x7a1900ba7228
0x4037ba,0x28e837cd31e8
0x4037ba,0x28e837d21c60
0x4037ba,0xa213218c1f0
0x4037ba,0x28e837cd5130
0x4037aa,0x8ec426db6c28
0x4037aa,0x521b7f5d1e28
0x4037ba,0xd79e62b9a4d8
0x4037aa,0x521b7f5f6c28
0x4037aa,0x7a1900b96428
0x4037ba,0xa21321f5130
0x4037ba,0x28e837d32ea8
0x4037aa,0x521b7f627a28
0x4037aa,0x521b7f64e828
0x4037ba,0x5829a6ec10d8
0x4037ba,0x5829a6f13d20
0x4037c1,0xee30bb941c78
0x4037aa,0x521b7f5e7c68
0x4037ba,0x28e837d90f90
0x4037ba,0x28e837d5ed78
0x4037aa,0x521b7f5f1c68
0x4037aa,0x7a1900b6c668
0x4037ba,0xd79e62af0fb0
0x4037aa,0x7a1900bb5268
0x4037aa,0x908653195268
0x4037ba,0x5829a6ed2e98
0x4037ba,0xea20633dc50
0x4037aa,0x521b7f5fdc68
0x4037aa,0x91f0d2dec668
0x4037aa,0x521b7f601c68
0x4037c1,0x28e837d87298
0x4037ba,0xd79e62ab6c18
0x4037ba,0xd79e62bcbca8
0x4037ba,0x28e837e54fa8
0x4037ba,0xa213219bf40
0x4037aa,0x7a1900ba72a8
0x4037aa,0x521b7f5ebca8
0x4037ba,0xd79e62b10988
0x4037c1,0xd79e62b92ea0
0x4037aa,0x521b7f5d2ea8
0x4037ba,0xea206307cd0
0x4037ba,0x28e837d610e0
0x4037ba,0x28e837d0e800
0x4037aa,0x521b7f625aa8
0x0,0xd79e62b32eb8
0x4037ba,0xd79e62a51e20
0x4037ba,0xa2132195118
0x4037aa,0x521b7f5e7ce8
0x4037ba,0x28e837e73d38
0x4037ba,0xa1abd8033d38
0x4037ba,0xd79e62a67cc0
0x4037ba,0xea20632c1e0
0x4037aa,0x521b7f5d2ee8
0x4037aa,0x521b7f6408e8
0x4037aa,0x7a1900be10e8
0x4037aa,0x7a1900b9a4e8
0x4037ba,0xd79e62a56c38
0x4037aa,0x521b7f6498e8
0x4037ba,0xea206328b80
0x4037aa,0x7a1900ba5328
0x4037ba,0xa213219bda0
0x4037aa,0x521b7f654728
0x4037ba,0xe8035e467298
0x4037ba,0x28e837e731d8
0x4037ba,0xa1abd804b540
0x4037aa,0x7a1900bd5128
0x4037aa,0x521b7f5f3d28
0x4037aa,0x7a1900bd9128
0x4037ba,0xd79e62b25ab8
0x4037ba,0x28e837d59128
0x4037aa,0x7a1900b74728
0x4037ba,0xd79e62b2d7a8
0x4037aa,0x7a1900be3128
0x4037aa,0x7a1900b9c528
0x4037aa,0x7a1900be5128
0x4037ba,0x98f5690dbd98
0x4037aa,0x7a1900b9e528
0x4037ba,0xa21321d5240
0x4037aa,0x7a1900bc5328
0x4037ba,0x28e837e1bf70
0x4037ba,0x5829a6f131c0
0x4037aa,0x521b7f656768
0x4037ba,0xa1abd8015240
0x4037aa,0x7a1900b8b568
0x4037ba,0xd79e62c331d0
0x4037aa,0x7a1900bb1368
0x4037aa,0x7a1900b93568
0x4037aa,0x7a1900b76768
0x4037aa,0x521b7f5fed68
0x4037aa,0x521b7f5dbf68
0x4037ba,0xd79e62c40198
0x4037aa,0x521b7f600d68
0x4037aa,0x1a70aa83bf68
0x4037aa,0x521b7f608ba8
0x4037aa,0x7a1900ba63a8
0x4037aa,0x521b7f6309a8
0x4037aa,0x7a1900b865a8
0x4037aa,0x7a1900bab3a8
0x4037aa,0x521b7f5ecda8
0x4037aa,0x521b7f6389a8
0x4037aa,0x7a1900bb13a8
0x4037aa,0x7a1900b6d7a8
0x4037c1,0xa1abd7fe7220
0x4037aa,0x521b7f5d0fa8
0x4037aa,0x521b7f6409a8
0x4037aa,0x521b7f5d4fa8
0x4037aa,0x7a1900be01a8
0x4037aa,0x521b7f5fbda8
0x4037aa,0x7a1900be11a8
0x4037aa,0x521b7f5d9fa8
0x4037ba,0x28e837c8d7b0
0x4037ba,0x28e837dd6c10
0x4037aa,0x521b7f628ba8
0x4037ba,0xd79e62ae2750
0x4037ba,0xa21321f5268
0x4037ba,0x28e837cadfd8
0x4037aa,0x7a1900bc63a8
0x4037ba,0xd79e62b96410
0x4037aa,0x7a1900bcc1e8
0x4037c1,0x98f5690ddc58
0x4037aa,0x7a1900bd31e8
0x4037ba,0xd79e62a91e18
0x4037aa,0x521b7f5cdfe8
0x4037ba,0xea2062c10c0
0x4037c1,0xd79e62bc08f8
0x4037c1,0xea2062cbc80
0x4037aa,0x7a1900b925e8
0x4037c1,0x6c6f1e4c7280
0x4037ba,0xea20632dfe8
0x4037aa,0x521b7f61ebe8
0x4037aa,0x521b7f5d8fe8
0x4037ba,0xd79e62addc40
0x4037ba,0xa1abd802cd88
0x4037aa,0x7a1900bc23e8
0x4037aa,0x7a1900bec1e8
0x4037aa,0x7a1900bc7228
0x4037ba,0x6c6f1e4c1c58
0x4037ba,0xa21321dbdb0
0x4037ba,0xd79e62badfe0
0x4037aa,0x521b7f616c28
0x4037aa,0x521b7f5f1e28
0x4037c1,0x28e837d623c0
0x4037ba,0x28e837e2b3a8
0x4037aa,0x7a1900b6e828
0x4037c1,0x28e837d9dc68
0x4037aa,0x7a1900bb6428
0x4037ba,0xa21321e7ce8
0x4037aa,0x521b7f647a28
0x4037aa,0x7a1900be7228
0x4037aa,0x521b7f607c68
0x4037c1,0x28e837d1a4e0
0x4037ba,0xd79e62bfe538
0x4037aa,0x521b7f611c68
0x4037ba,0xa21321dbf50
0x4037aa,0x7a1900b8c668
0x4037ba,0x28e837dd3d08
0x4037aa,0x7a1900bd5268
0x4037ba,0xa1abd804b3a0
0x4037aa,0x521b7f61dc68
0x4037ba,0x28e837c9a4c0
0x4037ba,0x28e837ce11a0
0x4037aa,0x521b7f621c68
0x4037ba,0x28e837d223f8
0x4037c1,0xa1abd8047a18
0x4037aa,0x521b7f627c68
0x4037ba,0xd79e62a78fe0
0x4037aa,0x7a1900bc72a8
0x4037aa,0x521b7f60bca8
0x4037c1,0xd79e62a99f80
0x4037ba,0xd79e62afbf50
0x4037ba,0xa1abd8036c00
0x4037aa,0x521b7f5f2ea8
0x4037ba,0xea2062d6438
0x4037ba,0xea2062d6778
0x4037ba,0xd79e62bbebf8
0x4037aa,0x521b7f645aa8
0x4037ba,0xd79e62c35120
0x4037aa,0x7a1900be72a8
0x4037ba,0x28e837d98fd0
0x4037aa,0x521b7f62bca8
0x4037aa,0x521b7f607ce8
0x4037ba,0x28e837d847d8
0x4037c1,0xa1abd801e500
0x4037aa,0x7a1900b698e8
0x4037aa,0x521b7f5f2ee8
0x4037aa,0x7a1900c010e8
0x4037aa,0x7a1900bba4e8
0x4037ba,0x28e837de98e0
0x4037aa,0x521b7f627ce8
0x4037ba,0x28e837cb3d20
0x4037aa,0x7a1900b85728
0x4037ba,0xd79e62b08b88
0x4037aa,0x7a1900bf5128
0x4037ba,0x28e837cb6770
0x4037aa,0x521b7f613d28
0x4037aa,0x7a1900bf9128
0x4037aa,0x54c4531b9128
0x4037ba,0x28e837e63128
0x4037aa,0x7a1900b94728
0x4037ba,0x28e837cf9138
0x4037aa,0x7a1900c03128
0x4037c1,0x28e837dfe500
0x4037aa,0x7a1900c05128
0x4037aa,0x7a1900bbc528
0x4037aa,0x7a1900bbe528
0x4037aa,0x7a1900be5328
0x4037ba,0x28e837da8b88
0x4037aa,0x7a1900b82768
0x4037ba,0xd79e62b8bc88
0x4037aa,0x7a1900bab568
0x4037aa,0x7a1900bd1368
0x4037ba,0xa1abd7fd3d00
0x4037ba,0xd79e62ad4720
0x4037aa,0x7a1900bb3568
0x4037ba,0xd79e62b25710
0x4037aa,0x7a1900b96768
0x4037aa,0x521b7f61ed68
0x4037aa,0x521b7f620d68
0x4037aa,0x521b7f5fbf68
0x4037ba,0xea206313d20
0x4037ba,0xa1abd8045338
0x4037aa,0x7a1900ba2768
0x4037aa,0x521b7f6509a8
0x4037aa,0x7a1900ba65a8
0x4037ba,0xd79e62b408e0
0x4037ba,0xd79e62a931f8
0x4037aa,0x7a1900bcb3a8
0x4037aa,0x521b7f60cda8
0x4037aa,0x521b7f6589a8
0x4037aa,0x7a1900bd13a8
0x4037ba,0xe8035e467298
0x4037aa,0x7a1900b8d7a8
0x4037aa,0x521b7f5f0fa8
0x4037aa,0x521b7f5f4fa8
0x4037c1,0x6c6f1e4c7280
0x4037aa,0x521b7f61bda8
0x4037aa,0x7a1900b709a8
0x4037ba,0xa1abd7fd3548
0x4037aa,0x7a1900c001a8
0x4037c1,0xd79e62a872a8
0x4037aa,0x7a1900c011a8
0x4037aa,0x521b7f5f9fa8
0x4037c1,0xea20631a4c0
0x4037ba,0x28e837c931f0
0x4037aa,0x7a1900b789a8
0x4037aa,0x521b7f648ba8
0x4037aa,0x7a1900be63a8
0x4037ba,0x28e837e325c8
0x4037aa,0x7a1900beb3a8
0x4037aa,0x7a1900bc65a8
0x4037ba,0x28e837d59128
0x4037aa,0x521b7f62cda8
0x4037ba,0xd79e62b96750
0x4037aa,0x7a1900b847e8
0x4037ba,0x28e837ce63b8
0x4037aa,0x7a1900bf31e8
0x4037c1,0xa1abd7fd9fb0
0x4037aa,0x521b7f5edfe8
0x4037ba,0xd79e62b8b398
0x4037aa,0x7a1900bb25e8
0x4037aa,0x521b7f63ebe8
0x4037aa,0x521b7f5f8fe8
0x4037aa,0x7a1900be23e8
0x4037ba,0x5829a6ed6c00
0x4037ba,0x28e837e53558
0x4037ba,0x28e837c95130
0x4037aa,0x7a1900c0c1e8
0x4037aa,0x7a1900ba47e8
0x4037aa,0x521b7f611e28
0x4037aa,0x521b7f636c28
0x4037aa,0x7a1900b67a28
0x4037ba,0xd79e62a67c58
0x4037ba,0x28e837cb6430
0x4037ba,0x28e837dc8b90
0x4037ba,0xd79e62b45130
0x4037aa,0x7a1900b8e828
0x4037aa,0x7a1900bd6428
0x4037c1,0x5829a6f47208
0x4037ba,0xea2063047f0
0x4037ba,0xd79e62c498f8
0x4037ba,0xd79e62c13568
0x4037ba,0xea206307cd0
0x4037ba,0xd79e62ac7288
0x4037ba,0xd79e62a6cd80
0x4037aa,0x7a1900c07228
0x4037c1,0xa1abd7fd5278
0x4037ba,0xea2062d5130
0x4037ba,0xc48ca9045300
0x4037ba,0x5829a6ec11a8
0x4037aa,0x521b7f631c68
0x4037ba,0xa1abd80331d8
0x4037aa,0x7a1900bf5268
0x4037ba,0xa213218b570
0x4037aa,0x7a1900bac668
0x4037ba,0x28e837c90998
0x4037ba,0x28e837ddbd90
0x4037aa,0x521b7f63dc68
0x4037aa,0x521b7f641c68
0x4037aa,0x521b7f647c68
0x4037ba,0xd79e62bd31d8
0x4037ba,0x28e837cd0998
0x4037ba,0xd79e62b76438
0x4037ba,0xd79e62b4e828
0x4037ba,0x28e837d86588
0x4037aa,0x521b7f612ea8
0x4037ba,0x28e837d6e820
0x4037ba,0xd79e62bd6c08
0x4037ba,0x28e837dc47d0
0x4037aa,0x7a1900c072a8
0x4037ba,0xd79e62ac5a80
0x4037c1,0x28e837d525e8
0x4037ba,0x28e837cf1398
0x4037aa,0x521b7f64bca8
0x4037ba,0x28e837c925f0
0x4037ba,0xd79e62a56c38
0x4037ba,0x28e837e26380
0x4037aa,0x7a1900b808e8
0x4037ba,0xa1abd803dc40
0x4037ba,0xe8035e467c58
0x4037aa,0x7a1900b898e8
0x4037aa,0x521b7f612ee8
0x4037aa,0x7a1900c210e8
0x4037aa,0x7a1900bda4e8
0x4037c1,0xea20630e828
0x4037aa,0x521b7f647ce8
0x4037aa,0x7a1900ba08e8
0x4037ba,0xd79e62c33578
0x4037aa,0x7a1900ba5728
0x4037aa,0x7a1900c15128
0x4037aa,0x521b7f633d28
0x4037aa,0x7a1900c19128
0x4037c1,0x5829a6f07c58
0x4037ba,0xa21321b8980
0x4037aa,0x7a1900bb4728
0x4037aa,0x7a1900c23128
0x4037aa,0x7a1900bdc528
0x4037aa,0x7a1900c25128
0x4037aa,0x7a1900bde528
0x4037ba,0x28e837cb3d20
0x4037aa,0x7a1900c05328
0x4037ba,0x28e837c95268
0x4037aa,0x7a1900bc5728
0x403044,0xd79e62b31e38
0x40302b,0xd79e62b32eb8
0x402c2d,0xee30bb940d48
0x402a9c,0x28e837d53d08
0x403709,0xa1abd8000180
0x403702,0x521b7f64c668
0x403709,0xd79e62bf9fa0
0x403709,0xea206325718
0x4037ba,0x28e837c9c520
0x4037ba,0xea206316758
0x4037aa,0x7a1900bcb568
0x4037ba,0xa1abd800cdb8
0x4037aa,0x7a1900bf1368
0x4037c1,0xa1abd801e500
0x4037aa,0x7a1900bd3568
0x4037aa,0x521b7f63ed68
0x4037aa,0x521b7f61bf68
0x4037aa,0x7a1900bb6768
0x4037aa,0x521b7f640d68
0x4037ba,0xd79e62a9e528
0x4037ba,0x28e837e2b548
0x4037ba,0x28e837d01190
0x4037ba,0xd79e62bf1c50
0x4037ba,0xd79e62b6c1d8
0x4037ba,0xd79e62b447e0
0x4037aa,0x7a1900bc2768
0x4037aa,0x7a1900beb568
0x4037aa,0x7a1900b809a8
0x4037aa,0x7a1900bf13a8
0x4037c1,0x28e837cdbf50
0x4037aa,0x521b7f610fa8
0x4037aa,0x7a1900bad7a8
0x4037ba,0xd79e62bc7a00
0x4037aa,0x7a1900b68ba8
0x4037aa,0x257ba86f09a8
0x4037aa,0x521b7f614fa8
0x4037aa,0x521b7f63bda8
0x4037aa,0x7a1900b909a8
0x4037aa,0x7a1900c201a8
0x4037ba,0xa1abd80201b0
0x4037aa,0x521b7f619fa8
0x4037aa,0x7a1900c211a8
0x4037ba,0xa7d08ad11e08
0x4037ba,0x5829a6f42760
0x4037aa,0x7a1900b989a8
0x4037aa,0x7a1900c063a8
0x4037ba,0xd79e62a5bda8
0x4037aa,0x7a1900be65a8
0x4037aa,0x7a1900c0b3a8
0x4037aa,0x7a1900ba09a8
0x4037aa,0x521b7f64cda8
0x4037ba,0x1a70aa8a47c0
0x4037ba,0xa21322047c8
0x4037c1,0xd79e62aa2740
0x4037ba,0xd79e62c42748
0x4037aa,0x7a1900c131e8
0x4037aa,0x521b7f60dfe8
0x4037aa,0x7a1900bd25e8
0x4037aa,0x521b7f618fe8
0x4037ba,0xd79e62b25300
0x4037aa,0x7a1900c023e8
0x4037ba,0x28e837d32ea8
0x4037aa,0x7a1900c2c1e8
0x4037c1,0x28e837d87298
0x4037aa,0x7a1900bc47e8
0x4037aa,0x7a1900b7ebe8
0x4037aa,0x7a1900c331e8
0x402c56,0xd79e62b4d798
0x402c50,0xd79e62acb3b0
0x402c20,0x5829a6ecb3b8
0x4037aa,0x521b7f631e28
0x4037aa,0x521b7f656c28
0x4037aa,0x7a1900b87a28
0x4037aa,0x7a1900bf6428
0x4037ba,0x28e837cd5268
0x4037aa,0x7a1900bae828
0x4037ba,0x28e837d85aa0
0x4037aa,0x7a1900c27228
0x4037aa,0x7a1900b76c28
0x4037ba,0x28e837d010c0
0x4037c1,0xe7c8f395108
0x4037ba,0xa21321e7ce8
0x4037aa,0x521b7f651c68
0x4037ba,0xd79e62bd3d38
0x4037aa,0x7a1900bcc668
0x4037aa,0x7a1900c15268
0x4037ba,0xd79e62b33540
0x4037aa,0x7a1900b67c68
0x4037c1,0x28e837d02768
0x4037ba,0xd79e62bb4730
0x4037c1,0x6c6f1e4c5118
0x4037aa,0x7a1900b71c68
0x4037ba,0x28e837e2b3a8
0x4037ba,0xd79e62a92e90
0x4037c1,0xd79e62accd90
0x4037aa,0x7a1900b7dc68
0x4037aa,0x7a1900bec668
0x4037aa,0x7a1900b85aa8
0x4037aa,0x521b7f632ea8
0x4037ba,0xa21321e7a10
0x4037ba,0xea2062f1c68
0x4037ba,0xa1abd7fdebc0
0x4037aa,0x7a1900b6bca8
0x4037ba,0xd79e62afdc50
0x4037ba,0xea206300998
0x4037ba,0x28e837db9130
0x4037aa,0x7a1900c272a8
0x4037ba,0x28e837cf9138
0x4037c1,0xd79e62c47c58
0x4037ba,0x28e837d9a4f0
0x4037ba,0xd79e62b71378
0x4037ba,0xe8035e467298
0x4037c1,0xd79e62bf25d8
0x4037aa,0x7a1900ba98e8
0x4037aa,0x521b7f632ee8
0x4037ba,0x28e837d72eb8
0x4037ba,0xd79e62ba2778
0x4037ba,0x28e837d5ed78
0x4037ba,0xa1abd802c1c0
0x4037aa,0x7a1900b67ce8
0x4037aa,0x7a1900bfa4e8
0x4037aa,0x7a1900c410e8
0x4037aa,0x7a1900bc08e8
0x4037ba,0x28e837cad7b8
0x4037ba,0xe8035e467230
0x4037aa,0x7a1900c35128
0x4037aa,0x521b7f653d28
0x4037ba,0x28e837e409a0
0x4037aa,0x7a1900c39128
0x4037ba,0xa1abd7fd3548
0x4037ba,0xd79e62b07cf0
0x4037aa,0x7a1900bd4728
0x4037aa,0x7a1900c43128
0x4037aa,0x7a1900bfc528
0x4037c1,0xa1abd7fe7220
0x4037aa,0x7a1900c45128
0x4037aa,0x7a1900bfe528
0x4037ba,0xa1abd804b3a0
0x4037aa,0x7a1900c25328
0x4037aa,0x7a1900b73d28
0x4037ba,0x28e837e298c0
0x4037aa,0x7a1900be5728
0x4037c1,0x28e837d62768
0x4037ba,0x28e837d65330
0x4037aa,0x7a1900c55128
0x4037aa,0x7a1900c11368
0x4037ba,0x28e837e408d0
0x4037ba,0x28e837d823d8
0x4037aa,0x7a1900bf3568
0x4037aa,0x7a1900bd6768
0x4037aa,0x521b7f63bf68
0x4037ba,0xea2063331e8
0x4037ba,0xe8035e465138
0x4037ba,0x28e837e73d38
0x4037ba,0xd79e62ac7288
0x4037aa,0x7a1900be2768
0x4037aa,0x7a1900c0b568
0x4037aa,0x7a1900c31368
0x4037aa,0x7a1900b7ed68
0x4037ba,0x6c6f1e4c10f8
0x4037aa,0x7a1900c113a8
0x4037aa,0x521b7f630fa8
0x4037aa,0x7a1900bcd7a8
0x4037aa,0x71bb2b1d89a8
0x4037aa,0x521b7f634fa8
0x4037aa,0x7a1900b88ba8
0x4037c1,0xa1abd7fd2eb8
0x4037ba,0x28e837d98fd0
0x4037aa,0x7a1900c401a8
0x4037aa,0x7a1900bb09a8
0x4037aa,0x521b7f639fa8
0x4037aa,0x7a1900c411a8
0x4037ba,0x6c537033bf58
0x4037ba,0xa1abd8031c48
0x4037c1,0x28e837d76750
0x4037aa,0x7a1900b6cda8
0x4037c1,0xd79e62bc08f8
0x4037c1,0xd79e62a872a8
0x4037aa,0x7a1900bb89a8
0x4037aa,0x7a1900c263a8
0x4037ba,0xa7d08ad11378
0x4037aa,0x7a1900c065a8
0x4037aa,0x7a1900c2b3a8
0x4037aa,0x7a1900bc09a8
0x4037aa,0x91f0d2decda8
0x4037aa,0x7a1900b7bda8
0x4037aa,0x7a1900c313a8
0x4037aa,0x521b7f62dfe8
0x4037ba,0xa1abd8005710
0x4037aa,0x7a1900bf25e8
0x4037aa,0x521b7f638fe8
0x4037ba,0xa1abd8013d20
0x4037aa,0x7a1900c223e8
0x4037c1,0x28e837dfe500
0x4037aa,0x7a1900c4c1e8
0x4037ba,0xd79e62ad0f90
0x4037aa,0x7a1900be47e8
0x4037aa,0x7a1900b9ebe8
0x4037aa,0x7a1900c531e8
0x4037aa,0x521b7f64dfe8
0x4037aa,0x521b7f651e28
0x4037ba,0xa1abd800d798
0x4037aa,0x7a1900ba7a28
0x4037aa,0x7a1900bce828
0x4037aa,0x7a1900c16428
0x4037ba,0x98f5690d9130
0x4037ba,0xd79e62b008c0
0x4037ba,0xe8035e465a90
0x4037aa,0x7a1900c47228
0x4037ba,0xd79e62bc3138
0x4037aa,0x7a1900b71e28
0x4037aa,0x7a1900b96c28
0x4037ba,0x6c6f1e4c1c58
0x4037ba,0x28e837cd0998
0x4037aa,0x7a1900b81c68
0x4037aa,0x7a1900c35268
0x4037ba,0xa2132207c50
0x4037aa,0x7a1900b87c68
0x4037ba,0x28e837cc23e0
0x4037aa,0x7a1900b91c68
0x4037c1,0xea20631a4c0
0x4037ba,0xd79e62afebe0
0x4037aa,0x7a1900b9dc68
0x4037aa,0x7a1900c0c668
0x4037ba,0xd79e62bf9100
0x4037aa,0x7a1900ba1c68
0x4037ba,0xd79e62b85700
0x4037aa,0x7a1900c55268
0x4037aa,0x7a1900ba5aa8
0x4037ba,0xd79e62b2d7a8
0x4037aa,0x521b7f652ea8
0x4037ba,0x28e837cb9fa0
0x4037ba,0x28e837d5ebd8
0x4037ba,0xa1abd8020d78
0x4037aa,0x7a1900b8bca8
0x4037aa,0x7a1900c472a8
0x4037aa,0x7a1900b72ea8
0x4037ba,0xea2063047f0
0x4037c1,0xea206318980
0x4037ba,0xd79e62a6cd80
0x4037ba,0xea2062c10c0
0x4037aa,0x7a1900bc5aa8
0x4037aa,0x7a1900bc98e8
0x4037aa,0x521b7f652ee8
0x4037ba,0x28e837dec1e8
0x4037aa,0x7a1900b87ce8
0x4037ba,0xd79e62a9c538
0x4037aa,0x7a1900c610e8
0x4037aa,0x7a1900c1a4e8
0x4037ba,0x28e837c95130
0x4037ba,0xea206312e80
0x4037ba,0xea2062be518
0x4037aa,0x7a1900b72ee8
0x4037aa,0x7a1900be08e8
0x4037ba,0xd79e62ac5330
0x4037ba,0x28e837dc23e8
0x4037c1,0xee30bb941180
0x4037ba,0x28e837e2bc98
0x4037aa,0x7a1900be98e8
0x4037ba,0xa1abd7fd8fd0
0x4037aa,0x7a1900c59128
0x4037ba,0xa2132195118
0x4037ba,0x28e837cd31e8
0x4037ba,0xd79e62b011b8
0x4037ba,0xd79e62c2bc80
0x4037aa,0x7a1900bf4728
0x4037ba,0xa1abd80331d8
0x4037aa,0x7a1900c63128
0x4037aa,0x7a1900c1c528
0x4037aa,0x7a1900c65128
0x4037aa,0x7a1900c1e528
0x4037aa,0x7a1900c45328
0x4037aa,0x7a1900b93d28
0x4037ba,0xa21321d5240
0x4037aa,0x7a1900c05728
0x4037aa,0x7a1900c75128
0x4037aa,0x7a1900c79128
0x4037aa,0x7a1900b80d68
0x4037c1,0xd79e62aa2740
0x4037aa,0x7a1900c13568
0x4037aa,0x7a1900bf6768
0x4037c1,0xea206301c78
0x4037aa,0x7a1900c02768
0x4037ba,0xea20631ebe0
0x4037aa,0x7a1900c2b568
0x4037aa,0x7a1900b9ed68
0x4037aa,0x7a1900c51368
0x4037aa,0x7a1900b7bf68
0x4037aa,0x7a1900ba0d68
0x4037c1,0xa1abd804cda8
0x4037aa,0x7a1900c33568
0x4037aa,0x7a1900bed7a8
0x4037aa,0x521b7f650fa8
0x4037ba,0xea20630dfe8
0x4037aa,0x7cb73196d7a8
0x4037ba,0xa1abd8007218
0x4037ba,0xd79e62b847c8
0x4037aa,0x521b7f654fa8
0x4037aa,0x7a1900ba8ba8
0x4037ba,0xa2132195250
0x4037aa,0x7a1900c601a8
0x4037ba,0xd79e62c2c1c8
0x4037aa,0x7a1900bd09a8
0x4037aa,0x521b7f659fa8
0x4037ba,0xd79e62bb4730
0x4037aa,0x7a1900c611a8
0x4037ba,0xa21321fed68
0x4037aa,0x7a1900b8cda8
0x4037c1,0x28e837e80988
0x4037aa,0x7a1900bd89a8
0x4037ba,0xd79e62a5bda8
0x4037aa,0x7a1900c463a8
0x4037c1,0x6c6f1e4c7280
0x4037aa,0x7a1900b70fa8
0x4037aa,0x7a1900c265a8
0x4037aa,0x7a1900c4b3a8
0x4037aa,0x7a1900b74fa8
0x4037aa,0x32b6bf0e63a8
0x4037aa,0x7a1900be09a8
0x4037ba,0xea206322750
0x4037aa,0x7a1900b9bda8
0x4037ba,0xd79e62ba23d0
0x4037aa,0x7a1900b79fa8
0x4037aa,0x7a1900c513a8
0x4037c1,0xd79e62c4c648
0x4037aa,0x7a1900c0d7a8
0x4037ba,0xd79e62a91c78
0x4037aa,0x7a1900c125e8
0x4037ba,0x28e837e731d8
0x4037ba,0xe8035e463118
0x4037c1,0x98f5690ddc58
0x4037aa,0x521b7f658fe8
0x4037ba,0x9e9c4d8fa4e8
0x4037ba,0x28e837ce63b8
0x4037ba,0xd79e62a91e18
0x4037ba,0xea206332ed8
0x4037aa,0x7a1900c423e8
0x4037aa,0x7a1900b6dfe8
0x4037ba,0xd79e62a56c38
0x4037ba,0xea206321190
0x4037aa,0x7a1900c6c1e8
0x4037aa,0x7a1900c047e8
0x4037c1,0xd79e62bb8fd0
0x4037aa,0x7a1900b78fe8
0x4037aa,0x7a1900bbebe8
0x4037aa,0x7a1900c731e8
0x4037ba,0xa21321e7ce8
0x4037aa,0x7a1900c325e8
0x4037ba,0xd79e62b00990
0x4037aa,0x7a1900bc7a28
0x4037aa,0x7a1900bee828
0x4037ba,0xd79e62b76438
0x4037aa,0x7a1900c36428
0x4037ba,0x28e837d610e0
0x4037c1,0xa1abd801e500
0x4037ba,0xd79e62b6c1d8
0x4037aa,0x7a1900c67228
0x4037aa,0x7a1900b91e28
0x4037ba,0x28e837c931f0
0x4037aa,0x7a1900bb6c28
0x4037ba,0xea2063072a8
0x4037ba,0x28e837c92ee0
0x4037aa,0x7a1900be7a28
0x4037aa,0x7a1900c0e828
0x4037aa,0x7a1900c56428
0x4037ba,0x28e837cb1e10
0x4037aa,0x7a1900ba7c68
0x4037ba,0xa1abd8019fb0
0x4037ba,0xd79e62a67230
0x4037ba,0xd79e62b4e828
0x4037aa,0x7a1900bb1c68
0x4037ba,0x6c537033bdb8
0x4037ba,0xc6aa2d5a3128
0x4037ba,0x28e837dc8b90
0x4037aa,0x7a1900bbdc68
0x4037aa,0x7a1900c2c668
0x4037ba,0xea2063131c0
0x4037ba,0xd79e62bf1360
0x4037aa,0x7a1900c75268
0x4037aa,0x7a1900bc1c68
0x4037ba,0x28e837d223f8
0x4037ba,0xd79e62af9f88
0x4037ba,0x6c5370333550
0x4037aa,0x7a1900babca8
0x4037c1,0xa2132208bb0
0x4037aa,0x7a1900c672a8
0x4037c1,0xea2062cbc80
0x4037aa,0x7a1900b92ea8
0x4037c1,0xd79e62ace808
0x4037ba,0xea2062d6438
0x4037ba,0xa1abd8027210
0x4037ba,0x28e837e40180
0x4037aa,0x7a1900be5aa8
0x4037ba,0x28e837d823d8
0x4037ba,0x28e837e601b0
0x4037ba,0x28e837d847d8
0x4037aa,0x7a1900ba7ce8
0x4037ba,0x28e837e50f88
0x4037aa,0x7a1900c810e8
0x4037ba,0xd79e62c13d20
0x4037aa,0x7a1900c3a4e8
0x4037c1,0x5829a6f47208
0x4037c1,0x28e837d9dc68
0x4037aa,0x7a1900b92ee8
0x4037aa,0x7a1900c008e8
0x4037ba,0x28e837e39120
0x4037ba,0x28e837d98fd0
0x4037aa,0x7a1900c098e8
0x4037ba,0xea2063309b8
0x4037ba,0xea20632dfe8
0x4037ba,0x28e837d65128
0x4037c1,0xee30bb941c78
0x4037ba,0xa1abd8007a38
0x4037aa,0x7a1900c14728
0x4037ba,0x28e837d86380
0x4037c1,0x28e837cdbf50
0x4037aa,0x7a1900c83128
0x4037aa,0x7a1900c3c528
0x4037aa,0x7a1900c85128
0x4037c1,0xa21321a7208
0x4037aa,0x7a1900c3e528
0x4037ba,0xa1abd803dc40
0x4037ba,0x28e837cd1388
0x4037aa,0x7a1900c65328
0x4037ba,0x28e837cb1c70
0x4037aa,0x7a1900bb3d28
0x4037ba,0xd79e62bd31d8
0x4037aa,0x7a1900c25728
0x4037ba,0x28e837cf09b8
0x4037aa,0x7a1900c95128
0x4037ba,0xd79e62a67cc0
0x4037aa,0x7a1900c99128
0x4037ba,0xea2062d6778
0x4037c1,0x28e837d62768
0x4037ba,0x5829a6eddc50
0x4037aa,0x7a1900c16768
0x4037ba,0xa1abd802c1c0
0x4037ba,0xd79e62c34738
0x4037c1,0x28e837d02768
0x4037ba,0xa1abd804dff8
0x4037ba,0x28e837c88ba8
0x4037ba,0xd79e62b25ab8
0x4037c1,0x8ad3301bebe8
0x4037aa,0x7a1900c22768
0x4037aa,0x7a1900c4b568
0x4037ba,0x28e837db9130
0x4037aa,0x7a1900c71368
0x4037aa,0x7a1900b9bf68
0x4037aa,0x7a1900bbed68
0x4037ba,0x28e837cc23e0
0x4037aa,0x7a1900bc0d68
0x4037ba,0xa1abd7ffc530
0x4037aa,0x7a1900c53568
0x4037aa,0x7a1900bc8ba8
0x4037c1,0x6c537033ebe8
0x4037ba,0x6c537032e818
0x4037aa,0x91f0d2dfbda8
0x4037aa,0x7a1900bf09a8
0x4037aa,0x7a1900c801a8
0x4037aa,0x7a1900c811a8
0x4037ba,0x28e837e20d68
0x4037aa,0x7a1900bacda8
0x4037c1,0x28e837e5bf50
0x4037aa,0x7a1900bf89a8
0x4037aa,0x257ba86f0fa8
0x4037aa,0x7a1900c663a8
0x4037aa,0x7a1900b90fa8
0x4037aa,0x7a1900c465a8
0x4037aa,0x7a1900c6b3a8
0x4037aa,0x7a1900c009a8
0x4037aa,0x7a1900b94fa8
0x4037c1,0xd79e62a872a8
0x4037aa,0x32b6bf0e65a8
0x4037ba,0xd79e62ae47d8
0x4037aa,0x7a1900bbbda8
0x4037ba,0xea206300998
0x4037aa,0x7a1900b99fa8
0x4037aa,0x7a1900c713a8
0x4037ba,0x28e837cb3d20
0x4037aa,0x7a1900c2d7a8
0x4037c1,0xd79e62c47230
0x4037aa,0x7a1900be8ba8
0x4037ba,0x28e837de98e0
0x4037aa,0x7a1900ca01a8
0x4037ba,0xd79e62c408e8
0x4037ba,0xd79e62ab1398
0x4037aa,0x7a1900c623e8
0x4037aa,0x7a1900b8dfe8
0x4037aa,0x7a1900c8c1e8
0x4037ba,0xa7d08ad11378
0x4037c1,0xee30bb9447e8
0x4037ba,0xa213218e820
0x4037ba,0xa21321b8980
0x4037ba,0xd79e62c35120
0x4037ba,0xea206328b80
0x4037aa,0x7a1900c247e8
0x4037aa,0x7a1900bdebe8
0x4037aa,0x7a1900c931e8
0x4037aa,0x7a1900b98fe8
0x4037c1,0xd79e62b047f8
0x4037aa,0x7a1900c525e8
0x4037ba,0xa21321fa4c8
0x4037ba,0xd79e62b35118
0x4037ba,0x28e837e51388
0x4037ba,0xd79e62afbf50
0x4037aa,0x7a1900c87228
0x4037aa,0x7a1900bb1e28
0x4037c1,0x28e837d58998
0x4037aa,0x7a1900bd6c28
0x4037c1,0xee30bb941180
0x4037ba,0xd79e62b9bf78
0x4037ba,0xd79e62a6cd80
0x4037ba,0xea206312ee8
0x4037ba,0xd79e62b79f80
0x4037aa,0x7a1900c07a28
0x4037aa,0x7a1900c2e828
0x4037aa,0x7a1900c76428
0x4037ba,0x28e837d6e820
0x4037aa,0x7a1900bc7c68
0x4037ba,0xa21321b4718
0x4037ba,0x98f5690d9130
0x4037ba,0x28e837dd3d08
0x4037aa,0x7a1900bd1c68
0x4037ba,0xd79e62a9ed48
0x4037ba,0xa21321d5108
0x4037ba,0xa1abd8020d78
0x4037aa,0x7a1900bddc68
0x4037aa,0x7a1900c95268
0x4037aa,0x7a1900c4c668
0x4037aa,0x7a1900be1c68
0x4037ba,0x5829a6ed6c00
0x4037aa,0x7a1900be7c68
0x4037ba,0x28e837cf9138
0x4037ba,0xe8035e467298
0x4037aa,0x7a1900bcbca8
0x4037ba,0xd79e62addc40
0x4037aa,0x7a1900c872a8
0x4037ba,0xea2063325e8
0x4037aa,0x7a1900bb2ea8
0x4037ba,0xea2063072a8
0x4037ba,0xd79e62a92e90
0x4037aa,0x7a1900c05aa8
0x4037ba,0x28e837e36770
0x4037ba,0x28e837e298c0
0x4037ba,0xd79e62b07cf0
0x4037ba,0x28e837e38ff0
0x4037aa,0x7a1900bebca8
0x403044,0xd79e62b31e38
0x40304c,0xd79e62b32eb8
0x403709,0xa1abd8000180
0x403709,0xd79e62bf9fa0
0x403709,0xd79e62bf9100
0x403709,0xea206325718
0x403702,0x521b7f64c668
0x4037aa,0x7a1900ca10e8
0x4037c1,0x28e837e113a0
0x4037aa,0x7a1900bc7ce8
0x4037aa,0x257ba86e98e8
0x4037aa,0x7a1900c5a4e8
0x4037c1,0xa1abd801e500
0x4037ba,0x80a6dabf6770
0x4037ba,0xa21322001b0
0x4037aa,0x7a1900bb2ee8
0x4037aa,0x7a1900c208e8
0x4037aa,0x7a1900c298e8
0x4037c1,0x98f5690ddc58
0x4037aa,0x7a1900cc10e8
0x4037aa,0x7a1900be7ce8
0x4037ba,0x28e837d90f90
0x4037aa,0x7a1900c7a4e8
0x4037aa,0x7a1900c34728
0x4037c1,0xd79e62aa2740
0x4037aa,0x7a1900ca3128
0x4037ba,0x28e837d59128
0x4037aa,0x7a1900ca5128
0x4037aa,0x7a1900c5c528
0x4037ba,0xd79e62c13568
0x4037aa,0x7a1900c5e528
0x4037aa,0x7a1900c85328
0x4037aa,0x7a1900bd3d28
0x4037ba,0xea206316418
0x4037aa,0x7a1900c45728
0x4037aa,0x7a1900cb5128
0x4037ba,0x28e837d12eb0
0x4037ba,0xd79e62a92ef8
0x4037aa,0x7a1900cb9128
0x4037c1,0xa1abd7fd5278
0x4037aa,0x7a1900c54728
0x4037aa,0x7a1900cc3128
0x4037ba,0xd79e62b447e0
0x4037aa,0x7a1900cc5128
0x4037c1,0xea2062ed7a8
0x4037aa,0x7a1900c36768
0x4037aa,0x91f0d2dfbf68
0x4037ba,0xa1abd8015240
0x4037ba,0x28e837d74f80
0x4037ba,0xa2132195250
0x4037ba,0xd79e62b011b8
0x4037aa,0x7a1900c42768
0x4037aa,0x7a1900c6b568
0x4037aa,0x7a1900c91368
0x4037aa,0x7a1900bded68
0x4037aa,0x7a1900be0d68
0x4037aa,0x7a1900bbbf68
0x4037ba,0xea20633dc50
0x4037aa,0x7a1900c73568
0x4037ba,0xd79e62b8b398
0x4037aa,0x7a1900c56768
0x4037aa,0x7a1900ca11a8
0x4037aa,0x7a1900c109a8
0x4037aa,0x7a1900bccda8
0x4037c1,0x5829a6f15108
0x4037aa,0x7a1900c189a8
0x4037aa,0x7a1900c863a8
0x4037c1,0xd79e62a99f80
0x4037ba,0x28e837e73d38
0x4037aa,0x7a1900bb0fa8
0x4037aa,0x7a1900c8b3a8
0x4037aa,0x7a1900c665a8
0x4037aa,0x7a1900c209a8
0x4037aa,0x7a1900bb4fa8
0x4037aa,0x7a1900bdbda8
0x4037aa,0x7a1900c913a8
0x4037aa,0x7a1900bb9fa8
0x4037c1,0xd79e62afa4f0
0x4037aa,0x7a1900c4d7a8
0x4037aa,0x7a1900c08ba8
0x4037aa,0x7a1900cc01a8
0x4037aa,0x7a1900cc11a8
0x4037aa,0x7a1900c309a8
0x4037ba,0xd79e62ba23d0
0x4037ba,0x6c6f1e4c1c58
0x4037aa,0x7a1900becda8
0x4037ba,0xd79e62b96c30
0x4037aa,0x7a1900c823e8
0x4037aa,0x71bb2b1d8fe8
0x4037aa,0x7a1900badfe8
0x4037aa,0x7a1900cac1e8
0x4037c1,0xd79e62bac670
0x4037ba,0x28e837d65a80
0x4037aa,0x7a1900c447e8
0x4037aa,0x7a1900cb31e8
0x4037aa,0x7a1900bfebe8
0x4037aa,0x7a1900bb8fe8
0x4037aa,0x7a1900c725e8
0x4037ba,0xa1abd7fe23f0
0x4037ba,0xd79e62a56c38
0x4037ba,0xd79e62c3c510
0x4037ba,0xa1abd804bc90
0x4037aa,0xf64ca8e828
0x4037aa,0x7a1900ca7228
0x4037aa,0x7a1900bf6c28
0x4037aa,0x7a1900bd1e28
0x4037ba,0x5829a6f0b390
0x4037ba,0xa1abd7fd3d00
0x4037ba,0xd79e62a8b380
0x4037ba,0xa1abd80125f0
0x4037ba,0xa21321f5268
0x4037ba,0xd79e62b25710
0x4037ba,0xd79e62b131c8
0x4037ba,0x28e837c92ee0
0x4037aa,0x7a1900c27a28
0x4037ba,0x28e837c9c520
0x4037aa,0x7a1900c96428
0x4037aa,0x7a1900c4e828
0x4037c1,0x28e837d62768
0x4037ba,0xd79e62badfe0
0x4037ba,0x28e837e601b0
0x402c50,0x5829a6f46388
0x402c20,0x5829a6ecb3b8
0x4037ba,0x28e837d5ed78
0x4037aa,0x7a1900bf1c68
0x4037ba,0xd79e62c131c0
0x4037ba,0x28e837c8dfd0
0x4037aa,0x7a1900bfdc68
0x4037aa,0x7a1900cb5268
0x4037aa,0x7a1900c6c668
0x4037aa,0x7a1900c01c68
0x4037ba,0x28e837dd6c10
0x4037aa,0x7a1900c07c68
0x4037c1,0x28e837d87298
0x4037ba,0xd79e62afdc50
0x4037aa,0x1a70aa83dc68
0x4037ba,0xd79e62bd3d38
0x4037ba,0xea2062c1190
0x4037ba,0xd79e62bfe538
0x4037ba,0xd79e62c18988
0x4037ba,0xd79e62aa8b88
0x4037aa,0x7a1900ca72a8
0x4037ba,0x28e837e54fa8
0x4037aa,0x7a1900bd2ea8
0x4037c1,0x5829a6ec72b0
0x4037ba,0x28e837dec660
0x4037ba,0x28e837d85aa0
0x4037ba,0x28e837d9a4f0
0x4037aa,0x7a1900c25aa8
0x4037aa,0x7a1900c0bca8
0x4037ba,0xea20633dc50
0x4037aa,0x7a1900bd2ee8
0x4037ba,0xd79e62b05128
0x4037ba,0x28e837decdb0
0x4037aa,0x7a1900c408e8
0x4037ba,0xea20631ebe0
0x4037ba,0xd79e62af6420
0x4037ba,0x6c5370333d08
0x4037aa,0x7a1900c498e8
0x4037ba,0x28e837d411b8
0x4037ba,0x28e837e50f88
0x4037ba,0xd79e62ae2750
0x4037aa,0x7a1900c07ce8
0x4037ba,0x28e837dc47d0
0x4037aa,0x7a1900ce10e8
0x4037aa,0x7a1900c9a4e8
0x4037ba,0xd79e62bd31d8
0x4037aa,0x7a1900c7c528
0x4037aa,0x7a1900c7e528
0x4037ba,0xd79e62b99120
0x4037aa,0x7a1900ca5328
0x4037aa,0x7a1900bf3d28
0x4037aa,0x7a1900c65728
0x4037c1,0xa1abd80113a8
0x4037aa,0x7a1900cd5128
0x4037aa,0x7a1900cd9128
0x4037ba,0x28e837c931f0
0x4037aa,0x7a1900c74728
0x4037aa,0x7a1900ce3128
0x4037aa,0x7a1900c9c528
0x4037aa,0x7a1900ce5128
0x4037aa,0x7a1900c9e528
0x4037aa,0x7a1900cc5328
0x4037ba,0x28e837e525c8
0x4037ba,0xa213218b570
0x4037ba,0xa21321e7a10
0x4037aa,0x7a1900c62768
0x4037aa,0x7a1900c8b568
0x4037aa,0x7a1900cb1368
0x4037ba,0x28e837d9bf58
0x4037aa,0x7a1900bfed68
0x4037ba,0xea20631dc58
0x4037aa,0x7a1900bdbf68
0x4037aa,0x7a1900c00d68
0x4037ba,0x28e837d410e8
0x4037aa,0x7a1900c93568
0x4037ba,0x28e837c90998
0x4037ba,0x28e837e36430
0x4037ba,0xa1abd800cdb8
0x4037aa,0x7a1900c76768
0x4037c1,0x28e837e65ab0
0x4037ba,0x28e837e53d10
0x4037c1,0xd79e62a6d798
0x4037ba,0xa1abd801dc68
0x4037aa,0x7a1900c389a8
0x4037aa,0x7a1900ca63a8
0x4037aa,0x7a1900bd0fa8
0x4037aa,0x7a1900cab3a8
0x4037ba,0xa1abd80201b0
0x4037aa,0x7a1900c865a8
0x4037aa,0x7a1900c409a8
0x4037aa,0x7a1900bd4fa8
0x4037ba,0x28e837e26380
0x4037aa,0x7a1900bfbda8
0x4037c1,0x28e837e80988
0x4037aa,0x7a1900cb13a8
0x4037c1,0xd79e62bc08f8
0x4037aa,0x7a1900bd9fa8
0x4037ba,0xd79e62c2bc80
0x4037aa,0x7a1900c6d7a8
0x4037aa,0x7a1900c28ba8
0x4037aa,0x7a1900ce01a8
0x4037aa,0x7a1900ce11a8
0x4037aa,0x7a1900c509a8
0x4037aa,0x7a1900c0cda8
0x4037aa,0x7a1900ca23e8
0x4037ba,0x28e837cf1398
0x4037ba,0x28e837cd5268
0x4037aa,0x7a1900bcdfe8
0x4037aa,0x7a1900ccc1e8
0x4037ba,0xd79e62b25300
0x4037aa,0x7a1900c647e8
0x4037aa,0x7a1900cd31e8
0x4037aa,0x7a1900c1ebe8
0x4037aa,0x7a1900bd8fe8
0x4037ba,0xa21321d5240
0x4037ba,0xea206321190
0x4037aa,0x7a1900c925e8
0x4037c1,0x28e837dfe500
0x4037aa,0x7a1900cc23e8
0x4037ba,0x28e837d847d8
0x4037aa,0x7a1900cc7228
0x4037aa,0x7a1900bf1e28
0x4037ba,0x28e837ddbd90
0x4037aa,0x7a1900c16c28
0x4037ba,0xd79e62ae5118
0x4037ba,0x28e837d32ea8
0x4037c1,0x6c6f1e4c7280
0x4037aa,0x7a1900c47a28
0x4037aa,0x7a1900cb6428
0x4037aa,0x7a1900c6e828
0x4037ba,0xd79e62ae2750
0x4037ba,0xd79e62b54f80
0x4037aa,0x7a1900ce7228
0x402cbc,0xd79e62bc7a00
0x4037aa,0x7a1900c11c68
0x4037ba,0x28e837e298c0
0x4037ba,0x28e837d5ed78
0x4037ba,0xa1abd804b540
0x4037ba,0x28e837e54720
0x4037ba,0x9e9c4d9331d0
0x4037ba,0x5829a6ec2750
0x4037ba,0xd79e62b1c518
0x4037aa,0x7a1900c1dc68
0x4037ba,0xd79e62b8bc88
0x4037aa,0x7a1900c8c668
0x4037aa,0x7a1900cd5268
0x4037aa,0x7a1900c21c68
0x4037aa,0x7a1900c27c68
0x4037aa,0x7a1900c31c68
0x4037c1,0xea2062cbc80
0x4037ba,0x28e837dec1e8
0x4037ba,0x5829a6edbf70
0x4037aa,0x7a1900cc72a8
0x4037aa,0x7a1900bf2ea8
0x4037ba,0xea2063325e8
0x4037aa,0x7a1900c45aa8
0x4037ba,0xea20631ebe0
0x4037aa,0x7a1900c2bca8
0x4037c1,0x28e837d62768
0x4037ba,0xa21321e7ce8
0x4037ba,0x28e837e409a0
0x4037aa,0x7a1900ce72a8
0x4037ba,0xd79e62b2dfc8
0x4037ba,0x5829a6ef1388
0x4037aa,0x7a1900bf2ee8
0x4037aa,0x7a1900c608e8
0x4037ba,0xea2063131c0
0x4037aa,0x7a1900c698e8
0x4037ba,0x28e837d01190
0x4037ba,0xd79e62bf1360
0x4037ba,0x5829a6ec11a8
0x4037aa,0x7a1900d010e8
0x4037aa,0x7a1900c27ce8
0x4037aa,0x7a1900cba4e8
0x4037ba,0x28e837e63128
0x4037ba,0x28e837d823d8
0x4037c1,0xd79e62b047f8
0x4037ba,0xd79e62ae5730
0x4037ba,0x28e837da8b88
0x4037aa,0xe2032d8ba4e8
0x4037c1,0xea2062cb390
0x4037aa,0x7a1900c13d28
0x4037ba,0xa1abd803dc40
0x4037aa,0x7a1900c85728
0x4037aa,0x7a1900cf5128
0x4037aa,0x7a1900cf9128
0x4037ba,0x9e9c4d913548
0x4037aa,0x7a1900c94728
0x4037aa,0x7a1900d03128
0x4037aa,0x7a1900cbc528
0x4037aa,0x7a1900d05128
0x4037aa,0x7a1900cbe528
0x4037aa,0x7a1900ce5328
0x4037ba,0xea2062d6778
0x4037aa,0x7a1900c33d28
0x4037ba,0x28e837e26588
0x4037ba,0x28e837d74f80
0x4037aa,0x7a1900c82768
0x4037aa,0x7a1900cab568
0x4037aa,0x7a1900cd1368
0x4037aa,0x7a1900bfbf68
0x4037aa,0x7a1900c1ed68
0x4037aa,0x7a1900c20d68
0x4037aa,0x7a1900cb3568
0x4037aa,0x7a1900c96768
0x4037c1,0xee30bb941180
0x4037ba,0x28e837dc23e8
0x4037aa,0x7a1900cc63a8
0x4037aa,0x7a1900c589a8
0x4037ba,0xd79e62b098d8
0x4037aa,0x7a1900bf0fa8
0x4037aa,0x71aae00ab3a8
0x4037aa,0x7a1900ca65a8
0x4037aa,0x7a1900ccb3a8
0x4037aa,0x7a1900bf4fa8
0x4037aa,0x7a1900c609a8
0x4037c1,0xd79e62b9e510
0x4037aa,0x7a1900c1bda8
0x4037aa,0x7a1900cd13a8
0x4037aa,0x7a1900bf9fa8
0x4037c1,0x5829a6ec72b0
0x4037aa,0x54c4531b9fa8
0x4037aa,0x7a1900c8d7a8
0x4037ba,0x28e837e601b0
0x4037c1,0xd79e62ace808
0x4037ba,0xa1abd8027210
0x4037aa,0x7a1900c48ba8
0x4037ba,0xd79e62a81c58
0x4037aa,0x7a1900d001a8
0x4037aa,0x7a1900d011a8
0x4037ba,0x28e837cd31e8
0x4037aa,0x7a1900c709a8
0x4037aa,0x7a1900c2cda8
0x4037c1,0x5829a6f0e828
0x4037aa,0x7a1900c789a8
0x4037aa,0x7a1900ce63a8
0x4037aa,0x7a1900bedfe8
0x4037aa,0x7cb73196dfe8
0x4037ba,0xd79e62b010e8
0x4037aa,0x7a1900cec1e8
0x4037aa,0x7a1900c847e8
0x4037aa,0x7a1900cf31e8
0x4037c1,0xd79e62a99f80
0x4037aa,0x7a1900c3ebe8
0x4037aa,0x7a1900bf8fe8
0x4037aa,0x7a1900cb25e8
0x4037ba,0x28e837cadfd8
0x4037ba,0x28e837e36770
0x4037ba,0x28e837db9130
0x4037ba,0xd79e62c2cd90
0x4037aa,0x7a1900ce23e8
0x4037aa,0x7a1900c0dfe8
0x4037aa,0x7a1900d0c1e8
0x4037ba,0xa7d08ad11378
0x4037aa,0x7a1900c36c28
0x4037aa,0x7a1900c11e28
0x4037ba,0xa1abd804b3a0
0x4037ba,0x28e837e731d8
0x4037ba,0xd79e62a91c78
0x4037ba,0xea2062c10c0
0x4037ba,0xa2132195250
0x4037aa,0x7a1900c67a28
0x4037aa,0x7a1900cd6428
0x4037aa,0x7a1900c8e828
0x4037ba,0x28e837d85aa0
0x4037aa,0x7a1900d07228
0x4037ba,0xea2062cd780
0x4037ba,0xa1abd7ff5260
0x4037aa,0x7a1900c31e28
0x4037aa,0x7a1900c56c28
0x4037ba,0x5829a6ec5108
0x4037ba,0xa1abd8036c00
0x4037ba,0xd79e62c13d20
0x4037aa,0x7a1900c3dc68
0x4037c1,0xd79e62c27208
0x4037aa,0x7a1900cac668
0x4037aa,0x7a1900cf5268
0x4037c1,0x28e837d02768
0x4037aa,0x7a1900c41c68
0x4037ba,0xd79e62b4e828
0x4037ba,0xd79e62c2b390
0x4037ba,0x28e837d12eb0
0x4037aa,0x7a1900c47c68
0x4037ba,0x28e837dc8b90
0x4037aa,0x7a1900c51c68
0x4037aa,0x7a1900c12ea8
0x4037aa,0x7a1900c65aa8
0x4037c1,0x28e837d58998
0x4037c1,0x6c6f1e4c7280
0x4037ba,0x28e837d125c0
0x4037ba,0x9e9c4d918fd0
0x4037aa,0x7a1900c4bca8
0x4037ba,0x28e837e0e808
0x4037aa,0x7a1900d072a8
0x4037aa,0x7a1900c32ea8
0x4037ba,0xd79e62b96750
0x4037aa,0x7a1900c12ee8
0x4037aa,0x7a1900c808e8
0x4037ba,0x28e837c95130
0x4037ba,0xe8035e463118
0x4037aa,0x7a1900c898e8
0x4037c1,0xee30bb9447e8
0x4037aa,0x7a1900d210e8
0x4037aa,0x7a1900c47ce8
0x4037aa,0x7a1900cda4e8
0x4037ba,0xd79e62ac7288
0x4037ba,0xd79e62b13570
0x4037ba,0xd79e62afdc50
0x4037ba,0xa21321d2e80
0x4037aa,0x7a1900c32ee8
0x4037aa,0x7a1900ca08e8
0x402ea8,0x1a70aa851368
0x4037aa,0x7a1900ca5728
0x4037ba,0xd79e62c2e830
0x4037ba,0xd79e62ada4f8
0x4037aa,0x7a1900d15128
0x4037aa,0x7a1900d19128
0x4037ba,0x28e837cad7b8
0x4037ba,0xea206312ee8
0x4037aa,0x7a1900cb4728
0x4037aa,0x7a1900d23128
0x4037ba,0xd79e62b85700
0x4037ba,0xea20633dc50
0x4037aa,0x7a1900d25128
0x4037aa,0x7a1900cdc528
0x4037c1,0xea20631a4c0
0x4037ba,0xa21321d5240
0x4037aa,0x7a1900cde528
0x4037ba,0x28e837cd0fb0
0x4037aa,0x7a1900d05328
0x4037c1,0x28e837d62768
0x4037aa,0x7a1900c53d28
0x4037ba,0xc48ca9045ab8
0x4037aa,0x7a1900cc5728
0x4037aa,0x7a1900ca2768
0x4037aa,0x71aae00ab568
0x4037c1,0xa1abd801e500
0x4037aa,0x7a1900ccb568
0x4037aa,0x7a1900cf1368
0x4037aa,0x7a1900c3ed68
0x4037aa,0x7a1900c1bf68
0x4037ba,0xd79e62a59f98
0x4037aa,0x7a1900c40d68
0x4037aa,0x7a1900cd3568
0x4037ba,0xd79e62beb570
0x4037c1,0x8ad3301bebe8
0x4037ba,0x28e837e32eb8
0x4037ba,0xea2063210c0
0x4037aa,0x7a1900cb6768
0x4037ba,0xd79e62b71378
0x4037ba,0xd79e62ae5320
0x4037ba,0x28e837d9bf58
0x4037aa,0x7a1900cc2768
0x4037ba,0xa1abd7ff1c48
0x4037aa,0x7a1900cc65a8
0x4037aa,0x7a1900c10fa8
0x4037aa,0x7a1900ceb3a8
0x4037ba,0x28e837dd3d08
0x4037aa,0x7a1900c809a8
0x4037aa,0x7a1900c14fa8
0x4037ba,0xa1abd804bc90
0x4037aa,0x7a1900c3bda8
0x4037aa,0x7a1900cf13a8
0x4037aa,0x7a1900c19fa8
0x4037aa,0x7a1900cad7a8
0x4037c1,0xd79e62a73550
0x4037ba,0x28e837e63128
0x4037aa,0x7a1900c68ba8
0x4037aa,0x7a1900d201a8
0x4037aa,0x7a1900d211a8
0x4037aa,0x7a1900c909a8
0x4037ba,0x28e837d823d8
0x4037aa,0x7a1900c4cda8
0x4037aa,0x7a1900c989a8
0x4037aa,0x7a1900d063a8
0x4037c1,0xa1abd7fd5278
0x4037aa,0x7a1900c30fa8
0x4037ba,0x28e837dc23e8
0x4037aa,0x7a1900d0b3a8
0x4037aa,0x7a1900ce65a8
0x4037aa,0x7a1900ca09a8
0x4037aa,0x7a1900ca47e8
0x4037aa,0x7a1900d131e8
0x4037aa,0x7a1900c5ebe8
0x4037ba,0x6c537033bdb8
0x4037aa,0x7a1900c18fe8
0x4037aa,0x7a1900cd25e8
0x4037aa,0x9086531925e8
0x4037aa,0x7a1900d023e8
0x4037ba,0xd79e62abbda8
0x4037aa,0x7a1900d2c1e8
0x4037aa,0x7a1900c2dfe8
0x4037ba,0xd79e62ab1e28
0x4037aa,0x7a1900cc47e8
0x4037c1,0x28e837d52ed8
0x4037ba,0xd79e62a91388
0x4037aa,0x7a1900c87a28
0x4037aa,0x7a1900cae828
0x4037aa,0x7a1900cf6428
0x4037ba,0xea206328b80
0x4037c1,0xa2132208bb0
0x4037aa,0x7a1900d27228
0x4037ba,0x28e837c925f0
0x4037aa,0x7a1900c51e28
0x4037aa,0x7a1900c76c28
0x4037ba,0x80a6dabf6430
0x402c20,0x5829a6ecb3b8
0x402ea8,0xf3bd7d8647e8
0x4037c1,0x28e837e65ab0
0x4037aa,0x7a1900c5dc68
0x4037aa,0x7a1900d15268
0x4037aa,0x7a1900ccc668
0x4037aa,0x71bb2b23dc68
0x4037ba,0xa1abd7fd3548
0x4037aa,0x7a1900c61c68
0x4037ba,0x28e837e51c78
0x4037aa,0x7a1900c67c68
0x4037ba,0xd79e62bc7a00
0x4037c1,0xd79e62ace808
0x4037ba,0x28e837e55258
0x4037ba,0xa2132195118
0x4037ba,0x28e837e36430
0x4037aa,0x7a1900c71c68
0x4037ba,0xd79e62c35258
0x4037ba,0x28e837e51388
0x4037ba,0x28e837dd6c10
0x4037ba,0xd79e62b663b0
0x4037aa,0x7a1900c85aa8
0x4037ba,0xd79e62ab6c18
0x4037c1,0xd79e62a99f80
0x4037ba,0xd79e62ad0f90
0x4037ba,0xd79e62c331d0
0x4037ba,0xa21321fa4c8
0x4037aa,0x7a1900c6bca8
0x4037ba,0x28e837e601b0
0x4037aa,0x7a1900d272a8
0x4037c1,0xd79e62accd90
0x4037ba,0xe8035e4663a0
0x4037c1,0xd79e62b047f8
0x4037aa,0x7a1900c52ea8
0x4037ba,0x28e837dab3a8
0x4037ba,0xea2062be518
0x4037c1,0xd79e62bda4c0
0x4037ba,0x28e837e647e8
0x4037c1,0x28e837d9dc68
0x4037ba,0xa2132196428
0x4037aa,0x7a1900ca98e8
0x4037ba,0xd79e62c40d60
0x4037ba,0xea206313d20
0x4037aa,0x7a1900d410e8
0x4037aa,0x7a1900c67ce8
0x4037aa,0x7a1900cfa4e8
0x4037ba,0xa1abd8046398
0x4037ba,0xd79e62b00990
0x4037ba,0xd79e62c35120
0x4037aa,0x7a1900cc08e8
0x4037c1,0xee30bb941180
0x4037aa,0x7a1900c52ee8
0x4037c1,0x28e837db6778
0x402a79,0xd79e62aac1c8
0x4037c1,0xd79e62aa2740
0x4037c1,0xd79e62a6d798
0x4037aa,0x7a1900d35128
0x4037aa,0x7a1900d39128
0x4037ba,0xa1abd8005710
0x4037c1,0xa21321a7208
0x4037ba,0x28e837cb1e10
0x4037aa,0x7a1900cd4728
0x4037ba,0xd79e62b98fd8
0x4037aa,0x7a1900d43128
0x4037aa,0x7a1900cfc528
0x4037aa,0x7a1900d45128
0x4037c1,0x5829a6edebc0
0x4037aa,0x7a1900cfe528
0x4037aa,0x7a1900d25328
0x4037aa,0x7a1900c73d28
0x4037aa,0x7a1900ce5728
0x4037ba,0x28e837cb1380
0x4037ba,0xea2063047f0
0x4037aa,0x7a1900d55128
0x4037ba,0x5829a6ed6c00
0x4037aa,0x7a1900ceb568
0x4037aa,0x7a1900d11368
0x4037aa,0x7a1900c5ed68
0x4037ba,0xd79e62b25300
0x4037aa,0x7a1900c3bf68
0x4037ba,0xe930e6be3118
0x4037aa,0x7a1900c60d68
0x4037aa,0x7a1900cf3568
0x4037ba,0x5829a6ef1c78
0x4037ba,0xd79e62a78fe0
0x4037aa,0x7a1900cd6768
0x4037ba,0x28e837e52eb8
0x4037ba,0xd79e62a9e528
0x4037aa,0x7a1900ce2768
0x4037aa,0x7a1900d0b568
0x4037aa,0x7a1900d31368
0x4037aa,0x7a1900c34fa8
0x4037aa,0x7a1900d113a8
0x4037ba,0xd79e62b96410
0x4037aa,0x7a1900c5bda8
0x4037aa,0x7a1900c39fa8
0x4037aa,0x7a1900ccd7a8
0x4037ba,0x28e837d65a80
0x4037aa,0x7a1900c88ba8
0x4037aa,0x7a1900cb09a8
0x4037aa,0x7a1900d401a8
0x4037aa,0x7a1900d411a8
0x4037ba,0x28e837e325c8
0x4037aa,0x7a1900c6cda8
0x4037aa,0x7a1900cb89a8
0x4037aa,0x7a1900d263a8
0x4037c1,0xea20631a4c0
0x4037aa,0x7a1900d2b3a8
0x4037aa,0x7a1900d065a8
0x4037aa,0x7a1900c50fa8
0x4037aa,0x7a1900cc09a8
0x4037aa,0x7a1900c54fa8
0x4037aa,0x7a1900d313a8
0x4037ba,0xea2062c10c0
0x4037aa,0x7a1900c7bda8
0x4037aa,0x7a1900d331e8
0x4037aa,0x7a1900c7ebe8
0x4037ba,0xa2132195250
0x4037ba,0xe930e6c113b8
0x4037aa,0x7a1900c38fe8
0x4037aa,0x7a1900cf25e8
0x4037ba,0x28e837d86588
0x4037ba,0xd79e62a67230
0x4037ba,0x98f5690d9130
0x4037ba,0xd79e62a9ed48
0x4037aa,0x7a1900d223e8
0x4037ba,0xd79e62addc40
0x4037ba,0x28e837d411b8
0x4037aa,0x7a1900c4dfe8
0x4037aa,0x7a1900d4c1e8
0x4037ba,0xa213218b570
0x4037aa,0x7a1900ce47e8
0x4037ba,0xa2132207228
0x4037aa,0x7a1900c9ebe8
0x4037aa,0x7a1900d531e8
0x4037ba,0xd79e62b79f80
0x4037ba,0xa1abd804b540
0x4037aa,0x7a1900ca7a28
0x4037aa,0x7a1900d16428
0x4037aa,0x7a1900cce828
0x4037ba,0xa1abd800d798
0x4037ba,0xea2063309b8
0x4037ba,0xa21321a47c0
0x4037ba,0xd79e62b011b8
0x4037ba,0xd79e62b07cf0
0x4037aa,0x7a1900d47228
0x4037aa,0x7a1900c96c28
0x4037aa,0x7a1900c71e28
0x402a79,0xd79e62acb388
0x402ea8,0x41d09e9bdc68
0x4037aa,0x7a1900c7dc68
0x4037aa,0x7a1900d35268
0x4037aa,0x7a1900cec668
0x4037aa,0x7a1900c81c68
0x4037aa,0x7a1900c87c68
0x4037c1,0xa2132198998
0x4037aa,0x7a1900c91c68
0x4037ba,0xd79e62afdc50
0x4037ba,0x28e837d410e8
0x4037aa,0x7a1900c9dc68
0x4037ba,0xd79e62b672a8
0x4037ba,0x28e837c92ee0
0x4037aa,0x7a1900d0c668
0x4037aa,0x7a1900d55268
0x4037ba,0xe8035e461188
0x4037aa,0x7a1900ca5aa8
0x4037ba,0xa7d08ad11378
0x4037aa,0x7a1900c8bca8
0x4037ba,0x28e837d65330
0x4037c1,0x6c6f1e4c5118
0x4037aa,0x7a1900d472a8
0x4037aa,0x7a1900c72ea8
0x4037aa,0x7a1900cc5aa8
0x4037ba,0xd79e62b010e8
0x4037aa,0x7a1900cc98e8
0x4037ba,0x9e9c4d933d30
0x4037aa,0x7a1900d610e8
0x4037aa,0x7a1900c87ce8
0x4037aa,0x7a1900d1a4e8
0x4037c1,0xee30bb9447e8
0x4037ba,0xd79e62bd6c08
0x4037ba,0x28e837cd0998
0x4037aa,0x7a1900c72ee8
0x4037aa,0x7a1900ce08e8
0x4037ba,0xd79e62a9c538
0x4037ba,0x28e837da8b88
0x4037ba,0x6c537033bf58
0x4037ba,0xd79e62ba23d0
0x4037ba,0xa1abd8043108
0x4037ba,0x28e837d847d8
0x4037aa,0x7a1900d59128
0x4037ba,0xa21321e7ce8
0x4037aa,0x7a1900cf4728
0x4037aa,0x7a1900d63128
0x4037aa,0x7a1900d1c528
0x4037aa,0x7a1900d65128
0x4037aa,0x7a1900d1e528
0x4037aa,0x4822c1463128
0x4037aa,0x7a1900d45328
0x4037aa,0x7a1900c93d28
0x4037aa,0x7a1900d05728
0x4037ba,0xea2062d5130
0x4037aa,0x9a06820f5128
0x4037ba,0x28e837d12eb0
0x4037ba,0xa1abd802c1c0
0x4037aa,0x9a06820f9128
0x4037ba,0x28e837d5ed78
0x4037ba,0x28e837cfe508
0x4037aa,0x7a1900c7ed68
0x4037aa,0x7a1900c5bf68
0x4037aa,0x7a1900c80d68
0x4037aa,0x7a1900d13568
0x4037aa,0x7a1900cf6768
0x4037aa,0x7a1900d02768
0x4037aa,0x7a1900d2b568
0x4037ba,0x28e837e731d8
0x4037ba,0xd79e62c35258
0x4037aa,0x7a1900d51368
0x4037aa,0x7a1900c9ed68
0x4037aa,0x7a1900ca0d68
0x4037aa,0x7a1900c7bf68
0x4037aa,0x7a1900c59fa8
0x4037aa,0x7a1900ced7a8
0x4037ba,0xa2132207c50
0x4037aa,0x7a1900ca8ba8
0x4037aa,0x7a1900d601a8
0x4037aa,0x7a1900d611a8
0x4037aa,0x7a1900cd09a8
0x4037ba,0xd79e62a59f98
0x4037ba,0xa21321d5108
0x4037ba,0xd79e62ba7cc0
0x4037aa,0x7a1900c8cda8
0x4037ba,0x28e837c90998
0x4037ba,0xd79e62bc7a00
0x4037ba,0xd79e62a6cd80
0x4037aa,0x7a1900cd89a8
0x4037c1,0xa1abd8032e80
0x4037aa,0x7a1900d463a8
0x4037c1,0xd79e62a872a8
0x4037ba,0xd79e62a5bda8
0x4037aa,0x7a1900d265a8
0x4037aa,0x7a1900c70fa8
0x4037aa,0x7a1900d4b3a8
0x4037aa,0x7a1900ce09a8
0x4037ba,0xa2132195118
0x4037aa,0x7a1900c74fa8
0x4037aa,0x7a1900c9bda8
0x4037c1,0xd79e62ae7c60
0x4037aa,0x7a1900d513a8
0x4037ba,0xc48ca9045300
0x4037aa,0x7a1900c79fa8
0x4037aa,0x7a1900d0d7a8
0x4037aa,0x7a1900c58fe8
0x4037ba,0x28e837dec1e8
0x4037aa,0x7a1900d125e8
0x4037ba,0x28e837d21c60
0x4037c1,0xee30bb941180
0x4037aa,0x7a1900d423e8
0x4037c1,0x28e837e56748
0x4037ba,0x28e837d125c0
0x4037ba,0xd79e62ae5118
0x4037aa,0x7a1900c6dfe8
0x4037c1,0xd79e62afa4f0
0x4037aa,0x9a06820f31e8
0x4037aa,0x7a1900d047e8
0x4037aa,0x7a1900cbebe8
0x4037aa,0x7a1900c78fe8
0x4037ba,0xd79e62c2e830
0x4037aa,0x7a1900d325e8
0x4037aa,0x7a1900cc7a28
0x4037aa,0x7a1900d36428
0x4037aa,0x7a1900cee828
0x4037ba,0x28e837d823d8
0x4037ba,0xa1abd8019110
0x4037aa,0x7a1900cb6c28
0x4037aa,0x7a1900c91e28
0x4037ba,0x28e837c925f0
0x4037ba,0x28e837de98e0
0x4037c1,0xd79e62accd90
0x4037c1,0x28e837d525e8
0x4037c1,0x28e837d62768
0x4037aa,0x7a1900ce7a28
0x4037c1,0x28e837d9dc68
0x4037aa,0x7a1900d0e828
0x4037aa,0x7a1900ca1c68
0x4037ba,0x28e837decdb0
0x4037aa,0x7a1900ca7c68
0x4037ba,0xe8035e465a90
0x4037ba,0x28e837dc47d0
0x4037ba,0x28e837d65128
0x4037ba,0xe8035e467c58
0x4037aa,0x7a1900cb1c68
0x4037ba,0x28e837d98fd0
0x4037c1,0xd79e62bc8b88
0x4037aa,0x7a1900cbdc68
0x4037ba,0xa21321d5240
0x4037aa,0x9a06820f5268
0x4037aa,0x7a1900d2c668
0x4037aa,0x7a1900cc1c68
0x4037ba,0xd79e62b098d8
0x4037ba,0x28e837e647e8
0x4037ba,0xa21321b8980
0x4037ba,0x28e837cf09b8
0x4037aa,0x7a1900cabca8
0x4037c1,0xa21321a7208
0x4037ba,0xd79e62ba7c58
0x4037ba,0x28e837d90f90
0x4037ba,0xd79e62ac5a80
0x4037c1,0xa1abd7fe7220
0x4037aa,0x7a1900c92ea8
0x4037ba,0x28e837d32ea8
0x4037aa,0x7a1900ce5aa8
0x4037aa,0x7a1900ce98e8
0x4037ba,0x28e837ddbd90
0x4037aa,0x9a06821010e8
0x4037ba,0xea206328b80
0x4037ba,0xea2062be518
0x4037aa,0x7a1900ca7ce8
0x4037aa,0x7a1900d3a4e8
0x4037ba,0xd79e62bd3d38
0x4037ba,0xd79e62a56c38
0x4037c1,0xea2062cbc80
0x4037aa,0x7a1900c92ee8
0x4037aa,0x7a1900d008e8
0x4037ba,0x28e837c92ee0
0x4037aa,0x7a1900d098e8
0x4037ba,0x28e837cb3d20
0x4037ba,0xd79e62bfe538
0x4037c1,0xd79e62aa2740
0x4037ba,0xa1abd801dc68
0x4037ba,0x28e837cf9138
0x4037ba,0xe8035e45bf40
0x4037ba,0x28e837e53558
0x4037aa,0x9a0682103128
0x4037aa,0x7a1900d14728
0x4037aa,0x9a0682105128
0x4037ba,0xd79e62ae10e8
0x4037aa,0x7a1900d3c528
0x4037aa,0x7a1900d3e528
0x4037aa,0xe7c8f45e528
0x4037ba,0xa1abd802cd88
0x4037ba,0xa1abd7ffc530
0x4037aa,0x7a1900d65328
0x4037aa,0x7a1900cb3d28
0x4037aa,0x665a07f63128
0x4037aa,0x7a1900d25728
0x4037aa,0x665a07f65128
0x4037c1,0xd79e62c47230
0x4037ba,0xd79e62c35120
0x402c50,0xa1abd80008c0
0x4037aa,0x7a1900d33568
0x4037aa,0x7a1900d16768
0x4037c1,0x6c6f1e4c0990
0x4037ba,0xa21321e1180
0x4037aa,0x7a1900d22768
0x4037ba,0x28e837ce11a0
0x4037aa,0x9a06820f1368
0x4037aa,0x7a1900d4b568
0x4037aa,0x7a1900cbed68
0x4037aa,0x7a1900cc0d68
0x4037c1,0xa2132205328
0x4037aa,0x7a1900c9bf68
0x4037ba,0x28e837e38ff0
0x4037ba,0xd79e62abed60
0x4037c1,0xea2062cb390
0x4037ba,0x28e837d5ebd8
0x4037aa,0x7a1900d53568
0x4037ba,0x28e837d223f8
0x4037aa,0x7a1900cc8ba8
0x4037aa,0x9a06821001a8
0x4037aa,0x9a06821011a8
0x4037ba,0x28e837c9c520
0x4037ba,0xd79e62a91e18
0x4037aa,0x7a1900cf09a8
0x4037c1,0xd79e62a99f80
0x4037aa,0x7a1900cacda8
0x4037aa,0x7a1900cf89a8
0x4037aa,0x7a1900d663a8
0x4037ba,0x28e837e525c8
0x4037aa,0x7a1900c90fa8
0x4037aa,0x7a1900d465a8
0x4037aa,0x7a1900d009a8
0x4037aa,0x7a1900c94fa8
0x4037aa,0x9a06820f13a8
0x4037aa,0x7a1900cbbda8
0x4037ba,0xa7d08ad11378
0x4037ba,0xd79e62b131c8
0x4037aa,0x7a1900c99fa8
0x4037aa,0x7a1900d2d7a8
0x4037aa,0x7a1900ce8ba8
0x402c50,0xd79e62acb388
0x4037ba,0xa21321c23e8
0x4037c1,0x98f5690ddc58
0x4037ba,0x28e837dd3550
0x4037c1,0xd79e62b9e510
0x4037aa,0x7a1900d623e8
0x4037c1,0x28e837d02768
0x4037aa,0x9a068210c1e8
0x4037c1,0xd79e62bac670
0x4037aa,0x4822c14623e8
0x4037aa,0x7a1900c8dfe8
0x4037ba,0x28e837d9bf58
0x4037ba,0x28e837d6e820
0x4037aa,0x5715a8d531e8
0x4037aa,0x7a1900d247e8
0x4037c1,0xd79e62bb8fd0
0x4037aa,0x7a1900cdebe8
0x4037aa,0x7a1900c98fe8
0x4037aa,0x665a07f6c1e8
0x4037aa,0x7a1900d525e8
0x4037aa,0x41d09e9a47e8
0x4037aa,0x7a1900d56428
0x4037c1,0x28e837e65ab0
0x4037ba,0x28e837dc8b90
0x4037aa,0x9a0682107228
0x4037aa,0x7a1900cb1e28
0x4037ba,0x28e837ca5ab0
0x4037aa,0x7a1900cd6c28
0x4037c1,0xd79e62ace808
0x4037aa,0xe6f224c36428
0x4037aa,0x665a07f67228
0x4037ba,0x6c6f1e4c1c58
0x4037aa,0x9a06820f6428
0x4037aa,0x7a1900d07a28
0x4037aa,0x7a1900d2e828
0x4037ba,0xd79e62b11e20
0x4029e0,0xa1abd7ff4fa0
0x4029f8,0xd79e62c36748
0x4029e6,0x28e837ca5100
0x4029e0,0x5829a6eb9fb0
0x4029e6,0x5829a6f47c40
0x4029e6,0xd79e62c28b88
0x4029e6,0xea20630c648
0x4029e0,0xd79e62acc1c8
0x4029e0,0x5829a6edc538
0x4029e0,0xea206325308
0x4029e0,0xa1abd7ff0998
0x4029e0,0xe8035e45c510
0x4029f8,0x6c5370335240
0x4029e0,0xd79e62b78fd8
0x4029f8,0xa1abd7ff3548
0x4029e0,0xa21321d25f8
0x4029f8,0xa1abd7ff3d00
0x4029e6,0xd79e62b0b540
0x4029e0,0xd79e62b423e8
0x4029e0,0xd79e62be8b90
0x4029e0,0xea20630c1c0
0x4029f8,0x6c5370335108
0x4029e0,0xd79e62acc640
0x4029e0,0x309dcdc66580
0x4029f8,0x41d09ea0c640
0x4029f8,0x41d09ea0c1c8
0x4029e6,0x309dcdc66388
0x4029f8,0x41d09ea21c48
0x4029e0,0xa1abd80223f0
0x4029e0,0x6c53703465a0
0x4029e0,0xd79e62ac1c50
0x4029f8,0x5829a6f0cd80
0x4029e0,0x5829a6f11e30
0x4029e0,0xe8035e45bda0
0x4029e0,0x41d09e9c98f8
0x4029e0,0xd79e62ae98f8
0x4029e0,0xd79e62b56410
0x4029e0,0x28e837d91c50
0x4029e0,0xd79e62c00990
0x4029e6,0x28e837d91e00
0x4029e0,0xd79e62b0b390
0x4029e0,0xea2062ed7a8
0x4029e0,0x41d09ea1c508
0x4029e0,0xd79e62b60980
0x4029e0,0x5829a6f0c678
0x4029e0,0xd79e62b0bc80
0x4029e6,0xa1abd8022740
0x4029e0,0xa1abd8000d48
0x4029e0,0x6c5370342760
0x4029e0,0xd79e62b21190
0x4029e0,0x5829a6f47a28
0x4029e0,0xd79e62b847c8
0x4029f8,0x28e837d531c8
0x4029e6,0x28e837ca5308
0x4029f8,0x5829a6f11c48
0x4029e0,0x5829a6ecb550
0x4029e0,0xd79e62accd90
0x4029e0,0x6c537032c678
0x4029e6,0xd79e62c3ed40
0x4029e0,0x5829a6ec6598
0x4029e0,0x41d09ea210c8
0x4029e0,0xa21321d2e80
0x4029e6,0xea2062cb540
0x4029f8,0xd79e62ac0188
0x4029e0,0xee30bb94e800
0x4029e0,0xd79e62ac23e8
0x4029e0,0xd79e62ad2ef0
0x4029e6,0xd79e62bd9f80
0x4029e0,0xa21321d2ee8
0x4029e0,0xd79e62bd9138
0x4029e0,0x41d09ea21198
0x4029e0,0xd79e62b63108
0x4029e0,0xd79e62ac6588
0x4029e0,0xa1abd7fe7288
0x4029e6,0xa1abd7fed788
0x4029e0,0xd79e62b56750
0x4029e0,0xd79e62b5ebd0
0x4029e6,0x41d09ea0cd80
0x4029e6,0xd79e62c00180
0x4029e0,0xd79e62c3e510
0x4029f8,0xd79e62b55240
0x4029e0,0xd79e62b41c68
0x4029e6,0xd79e62b4dfc0
0x4029f8,0xd79e62ab0980
0x4029e0,0xd79e62ac5128
0x4029e0,0x28e837d13550
0x4029e0,0xea20633ed50
0x4029f8,0xd79e62b8d788
0x4029e0,0xa1abd7ff1358
0x4029e0,0x28e837d23130
0x4029e0,0xea206319110
0x4029e0,0x5829a6ec5108
0x4029e0,0x28e837d5bf68
0x4029e0,0xd79e62b00990
0x4029e0,0xd79e62ab2ea0
0x4029f8,0xa1abd7ff1e08
0x4029e0,0x28e837cc5728
0x4029e0,0x28e837cc5110
0x4029e6,0xea20631bd88
0x4029e0,0x28e837cc3138
0x4029e0,0xa1abd7ff1c48
0x4029e6,0xd79e62ae6380
0x4029e6,0x28e837d30f80
0x4029e0,0xd79e62ae2750
0x4029e0,0x5829a6ef1e18
0x4029e0,0x28e837cfbf70
0x4029e6,0xd79e62b34f80
0x4029e0,0xd79e62a92ef8
0x4029e6,0xea20633ebc0
0x4029e6,0x28e837d07208
0x4029f8,0x28e837d131c8
0x4029e0,0xd79e62ba23d0
0x4029e0,0xe8035e4665a8
0x4029e0,0x28e837cdbdb0
0x4029e0,0xd79e62ab3d08
0x4029f8,0xa21321d9100
0x4029f8,0xe8035e4608c8
0x4029e6,0x28e837db6c00
0x4029e0,0xd79e62b71378
0x4029e6,0xd79e62b71388
0x4029e6,0xd79e62be7cc8
0x4029e0,0xd79e62ab3550
0x4029e0,0xe8035e463118
0x4029e0,0xa21321cb570
0x4029e6,0x28e837cb8fc8
0x4029e0,0x28e837cd6768
0x4029e6,0xd79e62ac08c8
0x4029e0,0xea2063131c0
0x4029e0,0x28e837cc5318
0x4029e0,0x28e837cb89a0
0x4029e0,0x28e837e22748
0x4029f8,0xd79e62ab31c8
0x4029e0,0xa21321c6390
0x4029e6,0x28e837e5c500
0x4029f8,0xd79e62ab2ec0
0x4029e6,0xe8035e462748
0x4029e6,0xea206335100
0x4029e0,0x28e837d42740
0x4029e0,0x28e837d509a0
0x4029e0,0xea2063298f0
0x4029e0,0xa1abd7fd1368
0x4029f8,0xa1abd7fd1388
0x4029e0,0xd79e62aba4f0
0x4029f8,0xea2062e2748
0x0,0xd79e62b31e38
0x4029e0,0x28e837d8b550
0x4029e0,0xd79e62b447e0
0x4029e0,0xd79e62af6420
0x4029e0,0xea20633e530
0x4029e0,0xa1abd7fe5138
0x4029e0,0x28e837dbc538
0x4029e6,0xd79e62b2b380
0x4029e0,0xc48ca9045300
0x4029e0,0xea206327298
0x4029e0,0xe8035e4663a0
0x4029f8,0xea206336400
0x4029e0,0xa1abd7fe8b90
0x4029f8,0x28e837d5bd80
0x4029e6,0x28e837d78fc0
0x4029e0,0xa1abd7fd8fd0
0x4029f8,0xd79e62ae23c8
0x4029e0,0x28e837d50fb8
0x4029e0,0x28e837e7dc40
0x4029e0,0xd79e62ac3110
0x4029e0,0xa1abd8043108
0x4029e0,0xe8035e4623f8
0x4029e0,0xa1abd7fd89b8
0x4029e0,0xea206311360
0x4029f8,0xea206311380
0x4029e6,0x28e837d19f88
0x4029f8,0xd79e62b34708
0x4029e0,0xd79e62b05330
0x4029e0,0xa21321e5320
0x4029e0,0xea206331348
0x4029e0,0x28e837d79fb0
0x4029e0,0xd79e62b43100
0x4029e0,0x28e837d1a4e0
0x4029e0,0xa1abd7fe6398
0x4029e0,0x28e837d76c30
0x4029e0,0xea2063313b0
0x4029e0,0x28e837e6d780
0x4029e0,0xea206327230
0x4029f8,0xd79e62be7a00
0x4029e0,0xd79e62b71e08
0x4029f8,0xea206335248
0x4029e6,0xa1abd7fdbf48
0x4029e0,0xd79e62b8dff0
0x4029e0,0x28e837dccdb8
0x4029f8,0xd79e62bd6748
0x4029e0,0xd79e62aee818
0x4029e0,0xd79e62b663b0
0x4029e0,0xa21321e5730
0x4029e0,0xd79e62b309a0
0x4029e0,0xd79e62b30fb8
0x4029e0,0xd79e62be7c50
0x4029e0,0x28e837db6778
0x4029e0,0x28e837ce5718
0x4029e0,0x28e837dad788
0x4029e0,0xea2063098f0
0x4029e0,0x28e837dd09b0
0x4029e0,0x28e837cd9f90
0x4029e6,0xa1abd7fdc508
0x4029e0,0x28e837d9ed60
0x4029f8,0xd79e62b2bc80
0x4029e0,0xa1abd7fddc50
0x4029e0,0x28e837d76750
0x4029e0,0x28e837d7a4f8
0x4029e0,0xea206301180
0x4029e0,0x28e837d76410
0x4029e0,0xa21321d9f80
0x4029f8,0x5829a6ec5a80
0x4029f8,0xa1abd7fe5708
0x4029e0,0xd79e62ac5330
0x4029e0,0xa1abd7fe47d8
0x4029f8,0xd79e62b45700
0x4029e6,0xe8035e4610c8
0x4029e0,0xd79e62a6d798
0x4029e0,0xd79e62af6760
0x4029e6,0xa1abd7fd1e08
0x4029e0,0xd79e62b05128
0x4029e6,0xa1abd7fecd88
0x4029e0,0xea206339fa0
0x4029e0,0xe8035e461188
0x4029e0,0x28e837dce830
0x4029e0,0x28e837db6438
0x4029e6,0x6c537032d788
0x4029e6,0x28e837cd9100
0x4029e0,0x28e837cd8ff8
0x4029e0,0xea2062e3130
0x4029e0,0xa1abd8013568
0x4029e6,0xa21321e5a80
0x4029e0,0xa1abd7fd1c58
0x4029e0,0xd79e62b45338
0x4029e0,0xea2062e23e8
0x4029e0,0x28e837d07a18
0x4029e0,0xa1abd8013d20
0x4029e0,0xd79e62abed60
0x4029e0,0xd79e62ac47d0
0x4029e0,0xea20630e828
0x4029e0,0xa1abd7fe5a90
0x4029e0,0xd79e62abebc0
0x4029e0,0xd79e62b45130
0x4029e0,0x28e837d79110
0x4029f8,0xea206314f88
0x4029e0,0x28e837cd6428
0x4029f8,0xa21321cb388
0x4029e0,0xd79e62a54f98
0x4029e0,0xd79e62ba2778
0x4029e6,0xd79e62a698c8
0x4029e0,0xc48ca9045710
0x0,0xea206325718
0x4029f8,0xea206336740
0x4029e0,0xa1abd7fdbd98
0x4029e0,0x28e837d8b3b0
0x4029e0,0xea206310fa0
0x4029e0,0x28e837d9ebc0
0x4029e0,0xd79e62b71c68
0x4029e0,0xea206327c58
0x4029e0,0x28e837d023c0
0x4029e0,0x28e837ce98c0
0x4029e0,0xea206303110
0x4029f8,0xd79e62a7e500
0x4029e0,0xea20632c658
0x4029e0,0xa21321a7208
0x4029e0,0xea20630b388
0x4029e0,0x28e837d989b8
0x4029e6,0x28e837db25c8
0x4029e0,0x28e837cd0fb0
0x4029f8,0xa1abd8016408
0x4029e0,0xa1abd8016c08
0x4029e0,0xd79e62ac0988
0x4029e0,0xea2063125f8
0x4029e0,0xa21321c47f0
0x4029f8,0xea206314700
0x4029e0,0xea2062fbf60
0x4029f8,0x28e837c9ed48
0x4029e0,0x28e837dcc668
0x4029e0,0x28e837d07cf0
0x4029e6,0xd79e62ae5a80
0x4029e0,0xa21321bbd88
0x4029e0,0xea206313568
0x4029f8,0x28e837d05100
0x4029e0,0x28e837d05aa0
0x4029e0,0xa1abd7fded60
0x4029f8,0xd79e62a925c0
0x4029e0,0xd79e62b008c0
0x4029e0,0xd79e62ae01a0
0x4029e6,0xd79e62ae6588
0x4029e6,0xa21321a7280
0x4029e0,0x28e837c99108
0x4029f8,0x28e837d05308
0x4029e0,0xd79e62b26380
0x4029e0,0xd79e62abbda8
0x4029e6,0xd79e62b0d788
0x4029e0,0xa213218e820
0x4029e0,0xa1abd7fe98d8
0x4029e6,0xd79e62abc508
0x4029e0,0xd79e62ac5a80
0x4029e0,0xd79e62ae5320
0x4029e0,0x28e837e7a4f8
0x4029f8,0xd79e62a9ebc8
0x4029e0,0xd79e62a51e20
0x4029f8,0xd79e62aa98c0
0x4029e0,0xea20632cda8
0x4029f8,0x28e837cf0f88
0x4029e0,0x28e837e60d78
0x4029e0,0x28e837d623c0
0x4029e0,0xd79e62b27c50
0x4029e0,0xd79e62c498f8
0x4029e0,0xd79e62bdbdb0
0x4029e0,0xea206311c50
0x4029f8,0x28e837e223c0
0x4029e0,0x28e837d59128
0x4029e6,0xa21321e7200
0x4029e6,0xd79e62c2b540
0x4029e0,0x28e837e51388
0x4029e0,0xd79e62b25300
0x4029f8,0x28e837cf1c40
0x4029e6,0x28e837dd6400
0x4029e0,0xa21321f3568
0x4029e0,0xea2062d5130
0x4029e6,0xea2062e98c0
0x4029e0,0xd79e62c0c648
0x4029e0,0x28e837d2dfd8
0x4029e6,0xea20632b388
0x4029e0,0xa1abd8025128
0x4029e0,0x28e837ca3110
0x4029e0,0x28e837ce10d0
0x4029e0,0x28e837d5ebd8
0x4029e0,0xea2062c5308
0x4029e0,0xd79e62b13570
0x4029e0,0xd79e62ae1c48
0x4029e0,0xea2062f1e08
0x4029e0,0xea2062c5100
0x4029f8,0xa1abd8027cc0
0x4029e0,0xe8035e45ebf8
0x4029e0,0x28e837d62768
0x4029e0,0xa1abd80047e8
0x4029f8,0xea20630b548
0x4029e0,0xea2062d5268
0x4029e0,0xe8035e45e510
0x4029e0,0x28e837d8cdb8
0x4029f8,0xd79e62b247c8
0x4029e0,0x28e837e10fb8
0x4029e0,0xd79e62a79f98
0x4029f8,0x28e837dc2748
0x4029e0,0xea2062ebcb8
0x4029e0,0xd79e62b85aa8
0x4029e0,0xd79e62b07a18
0x4029f8,0x6c6f1e4cdfc8
0x4029e0,0x28e837d3bf78
0x4029e0,0x8ad3301be500
0x4029e0,0xa1abd80465a0
0x4029e0,0x28e837d525e8
0x4029e0,0x28e837d25a90
0x4029f8,0xd79e62a74700
0x4029e0,0x28e837d86380
0x4029e0,0x28e837d65128
0x4029e0,0xa21321f6c28
0x4029f8,0xa1abd8016748
0x4029f8,0x28e837d38fc0
0x4029e0,0xd79e62aa8b88
0x4029f8,0x28e837d5c500
0x0,0xea20631c500
0x4029e0,0x28e837d71e28
0x4029e0,0xd79e62c2bc80
0x4029e0,0xd79e62af0fb0
0x4029f8,0x28e837d59f80
0x4029f8,0xa21321ec1c8
0x4029e0,0xea2062d8fe8
0x4029f8,0xea2062fe508
0x4029e0,0xa1abd7fe0988
0x4029e0,0x28e837d725c8
0x4029e6,0x28e837d3bd80
0x4029e0,0xa1abd7feb568
0x4029e0,0x28e837d38988
0x4029e6,0x28e837d16408
0x4029e0,0x28e837ca6580
0x4029f8,0x28e837ce47c8
0x4029f8,0x28e837d5a4c0
0x4029f8,0xea20632bc88
0x4029e0,0xa1abd7fd6438
0x4029e6,0xa1abd8048b88
0x4029e0,0xea2062f1c68
0x4029e0,0x28e837cb1380
0x4029f8,0x28e837ca23c8
0x4029f8,0xea2062c1c40
0x4029e0,0xd79e62ae11b8
0x4029e6,0xa21321ecd80
0x4029e0,0x28e837ca2750
0x4029e0,0xa1abd7fd6778
0x4029e6,0x28e837c92e88
0x4029e0,0x8ad3301bebe8
0x4029e0,0xea2062c1190
0x4029e0,0xd79e62bfbd98
0x4029e0,0xa1abd80325f8
0x4029e0,0xd79e62c0cd98
0x4029e0,0x6c537034b540
0x4029e6,0xd79e62a86580
0x4029e0,0xa21321f6408
0x4029f8,0xd79e62b85108
0x4029e0,0x28e837d56c18
0x4029e0,0xa1abd803c500
0x4029f8,0x28e837cf4f80
0x4029e6,0x28e837d56408
0x4029e0,0xa1abd7fd5278
0x4029e0,0x28e837e70998
0x4029e6,0xd79e62c45700
0x4029e0,0xd79e62a4e810
0x4029e6,0xa1abd7fd6c00
0x4029f8,0xd79e62a5c508
0x4029e0,0x28e837d36c20
0x4029e0,0xa2132196768
0x4029f8,0xd79e62a9a4c0
0x4029e0,0xd79e62af4fa0
0x4029e0,0x28e837cd1e18
0x4029e0,0xa1abd7fe23f0
0x4029f8,0x28e837cba4c8
0x4029e0,0x28e837c9a4c0
0x4029e0,0x28e837d2d7b8
0x4029e0,0xd79e62ad1350
0x4029e0,0x28e837cbc520
0x4029e0,0x28e837d36740
0x4029e0,0xd79e62a65110
0x4029e0,0xa21321e7a10
0x4029f8,0x28e837e1bd88
0x4029e0,0xd79e62a67230
0x4029e0,0x28e837dabc98
0x4029e0,0xd79e62ae47d8
0x4029e0,0xd79e62c45a98
0x4029f8,0xea20632d780
0x4029e6,0x28e837d11348
0x4029e0,0xd79e62a99f80
0x4029f8,0xa2132196c00
0x4029e0,0x28e837e40180
0x4029e0,0xd79e62a70f90
0x4029f8,0xe8035e465708
0x4029f8,0xa1abd8036400
0x4029e0,0xa1abd7fd9110
0x4029e6,0x28e837e65308
0x4029e0,0xa1abd8015108
0x4029e0,0xd79e62b25710
0x4029e0,0xa21321f9f90
0x4029e0,0x28e837e00198
0x4029e0,0x28e837d0e800
0x4029f8,0xd79e62c47a08
0x4029e0,0xd79e62ab1e28
0x4029f8,0x28e837d4c640
0x4029f8,0x6c6f1e4cc1c8
0x4029e6,0xa21321f9100
0x4029f8,0xa1abd803bd80
0x4029f8,0xa21321ec640
0x4029e0,0xd79e62a7a4e8
0x4029e6,0xd79e62aa0980
0x4029e0,0x28e837e009b8
0x4029e0,0xd79e62b25ab8
0x4029e0,0xd79e62a87cd0
0x4029e0,0x28e837cb6430
0x4029f8,0xd79e62aa08c0
0x4029f8,0xd79e62ab1c40
0x4029e0,0xa1abd8036c00
0x4029e0,0x28e837d66390
0x4029e0,0xd79e62aa01b8
0x4029e0,0xd79e62c47c58
0x4029e6,0xd79e62a6c1c8
0x4029e0,0xa21321d4fa0
0x4029e6,0x28e837ca8b88
0x4029e0,0xd79e62ae8b98
0x4029e0,0x28e837cd1388
0x4029e0,0xd79e62c47cc0
0x4029e0,0xd79e62ae10e8
0x4029f8,0xd79e62a65a88
0x4029e0,0x28e837ded790
0x4029e6,0xd79e62b823c8
0x4029e0,0xea2062f31f8
0x4029f8,0xa21321a10c0
0x4029e0,0xa1abd8011e38
0x4029f8,0xd79e62a86388
0x4029e0,0xa1abd8032ee8
0x4029e6,0x28e837da08c8
0x4029e0,0x6c537034bc90
0x4029e0,0x28e837d25138
0x4029e0,0x28e837dc63b8
0x4029e0,0x28e837e70fb0
0x4029e0,0xd79e62a51390
0x4029e6,0xd79e62b85300
0x4029e0,0xd79e62a6bca8
0x4029e0,0x28e837d52ed8
0x4029e0,0xa21321f3d20
0x4029e6,0x28e837d71340
0x4029e0,0x28e837d06598
0x4029e0,0x28e837cb1c70
0x4029e0,0x28e837cbbf78
0x4029e0,0x28e837d9bdb8
0x4029e0,0xea2062c2768
0x4029e0,0x28e837e1c510
0x4029f8,0x28e837e247c0
0x4029e0,0xea2062c23c0
0x4029e0,0xea20631a4c0
0x4029e0,0xa1abd8025330
0x4029e0,0x28e837cc10f0
0x4029e0,0x28e837cd4720
0x4029e0,0x28e837d39f88
0x4029e0,0x28e837e3c508
0x4029e6,0xa21321d8fc0
0x4029e0,0x28e837d06390
0x4029e0,0xd79e62af1c48
0x4029e0,0x28e837d113a0
0x4029e0,0x28e837c9bf58
0x4029e0,0xd79e62c4e808
0x4029e6,0x28e837cbbd80
0x4029e0,0xa1abd8028b80
0x4029e0,0xd79e62a59f98
0x4029e6,0xd79e62a70988
0x4029e0,0x6c6f1e4cb3b0
0x4029e6,0xd79e62ac98c0
0x4029f8,0xd79e62aab540
0x4029e0,0x28e837e008e8
0x4029f8,0x28e837e51340
0x4029e0,0x28e837e51c78
0x4029e0,0x28e837c8d7b0
0x4029e6,0xd79e62a71c40
0x4029e0,0xd79e62c47230
0x4029e0,0x28e837d01190
0x4029e0,0xd79e62a713a8
0x4029f8,0x28e837d01c40
0x4029e6,0xea2062f3d00
0x4029e0,0xd79e62a67cc0
0x4029e0,0xd79e62a62778
0x4029e0,0x28e837e408d0
0x4029e6,0x28e837d10f88
0x4029e6,0x6c6f1e4ccd80
0x4029e0,0xa1abd8015240
0x4029e0,0xd79e62ad1c40
0x4029e0,0xd79e62ab1398
0x4029f8,0x28e837dfbd80
0x4029e6,0x6c6f1e4c2748
0x4029e6,0xd79e62b25108
0x4029e0,0xe8035e465138
0x4029e0,0xe8035e465a90
0x4029f8,0x6c6f1e4cc640
0x4029e0,0x28e837cbed40
0x4029e6,0xd79e62c0e808
0x4029e0,0x28e837e65708
0x4029e0,0x28e837e1bf70
0x4029e0,0xd79e62af0998
0x4029e0,0xa1abd8032e80
0x4029e0,0xa1abd8031c48
0x4029e0,0x28e837da0988
0x4029e0,0xd79e62bc1c60
0x4029e0,0xd79e62b82760
0x4029e0,0xd79e62a5bf48
0x4029e0,0xd79e62a72e90
0x4029e6,0x28e837d325c8
0x4029e0,0x6c537034b3a0
0x4029e0,0x28e837d87298
0x4029f8,0x28e837d87a08
0x4029f8,0xa1abd7fd31c0
0x4029f8,0x28e837cf3540
0x4029e0,0x28e837d87230
0x4029e0,0x5829a6f10f88
0x4029e6,0xd79e62a66380
0x4029f8,0xd79e62b90f88
0x4029e0,0xa21321fed68
0x4029e0,0x28e837e447c0
0x4029e0,0xd79e62aa5aa0
0x4029e0,0x28e837db31e8
0x4029e0,0xd79e62b12ec0
0x4029e0,0x28e837e409a0
0x4029e0,0xd79e62bb3568
0x4029e6,0x28e837dedfc0
0x4029e6,0x5829a6f10980
0x4029e0,0x28e837d125c0
0x4029e6,0xa21321b9f88
0x4029e0,0x28e837ce8ba8
0x4029e0,0x28e837cb6770
0x4029e0,0x8876f3039138
0x4029e0,0x28e837cd5130
0x4029e0,0x28e837cd5268
0x4029f8,0x28e837cf6740
0x4029e0,0xd79e62c2b390
0x4029e0,0xd79e62a72ef8
0x4029e0,0xa1abd80201b0
0x4029e0,0xa1abd8020d78
0x4029f8,0xa1abd80247c0
0x4029e0,0xa1abd8025a80
0x4029e6,0xd79e62a6c640
0x4029e0,0x28e837e647e8
0x4029e0,0xd79e62a50f98
0x4029e0,0x28e837cbe520
0x4029e0,0xa1abd80211a0
0x4029e0,0xd79e62a67c58
0x4029e0,0xa1abd80125f0
0x4029e0,0xd79e62a623d0
0x4029e6,0xa1abd8012e88
0x4029e0,0x6c6f1e4cb550
0x4029e0,0xd79e62a898e0
0x4029e6,0xa1abd8021c40
0x4029e6,0xa1abd8038980
0x4029e0,0xea2063331e8
0x4029f8,0x28e837cf6400
0x4029e0,0xa1abd803bf68
0x4029e0,0x28e837d12eb0
0x4029e6,0x28e837d12ec0
0x4029e0,0xa1abd804dff8
0x4029e0,0xd79e62ad13b8
0x4029f8,0xa1abd8036740
0x4029f8,0xd79e62ad1e00
0x4029f8,0xd79e62c45300
0x4029e0,0x28e837cd1c78
0x4029e0,0x28e837d611b0
0x4029e0,0x28e837d61c40
0x4029e0,0x28e837d14720
0x4029e0,0x28e837d72eb8
0x4029e6,0x28e837d72ec8
0x4029e6,0x28e837d1bf40
0x4029e0,0xd79e62a65728
0x4029e6,0x28e837d5e500
0x4029e0,0xd79e62b13d28
0x4029e0,0xd79e62af4718
0x4029e0,0x28e837e51e18
0x4029e0,0x28e837c8dfd0
0x4029e0,0xd79e62a71e38
0x4029e6,0xea206308b88
0x4029e0,0x28e837dab3a8
0x4029e0,0xea2062f1378
0x4029e6,0xea2062f1388
0x4029f8,0xd79e62af1e08
0x4029e0,0xd79e62aab380
0x4029f8,0xd79e62b07c40
0x4029e0,0xa21321f5130
0x4029e0,0x6c6f1e4cd788
0x4029f8,0x28e837d11c48
0x4029e0,0x28e837d010c0
0x4029f8,0x28e837d39108
0x4029e6,0x28e837ca6388
0x4029e0,0xd79e62b125d0
0x4029e0,0xd79e62a67298
0x4029e6,0xd79e62ab1340
0x4029e0,0x28e837decdb0
0x4029e0,0xa1abd8038ff0
0x4029e0,0xd79e62a87c68
0x4029e0,0x98f5690dbd98
0x4029f8,0x28e837d4c1c8
0x4029e6,0x28e837d4cd80
0x4029f8,0xea206333548
0x4029e0,0x28e837e65ab0
0x4029e0,0xd79e62a71340
0x4029e6,0x98f5690dbf48
0x4029e0,0x28e837d87cc0
0x4029e0,0xa1abd80210d0
0x4029f8,0x28e837cd1340
0x4029e0,0x6c6f1e4c23f8
0x4029f8,0x28e837db3548
0x4029e0,0x6c6f1e4c10f8
0x4029e0,0xd79e62bc6390
0x4029e0,0xd79e62c47298
0x4029e0,0x28e837dab548
0x4029f8,0x28e837da0188
0x4029e0,0xd79e62bb3d20
0x4029e0,0x28e837dec660
0x4029e0,0xd79e62b909b8
0x4029f8,0x28e837db5100
0x4029e6,0xa1abd8027c48
0x4029e6,0x28e837da0d40
0x4029e0,0xd79e62ac7220
0x4029e0,0xd79e62b98fd8
0x4029e0,0x28e837dfbf68
0x4029f8,0xd79e62a58980
0x4029e0,0xd79e62ac7c48
0x4029e0,0xd79e62a8c678
0x4029e0,0xd79e62a872a8
0x4029e0,0x28e837e423e0
0x4029f8,0x28e837d10980
0x4029e0,0xd79e62a58fe0
0x4029e0,0xd79e62a50980
0x4029e0,0x28e837e40d48
0x4029f8,0xd79e62bc1188
0x4029e6,0xea2062f3548
0x4029e0,0xd79e62bd89a8
0x4029f8,0x28e837cd3d00
0x4029e0,0xd79e62c1c538
0x4029f8,0x28e837db3d00
0x4029e0,0xa21321d4718
0x4029e6,0x8876f3039f80
0x4029f8,0x28e837e60988
0x4029e0,0xa1abd8011340
0x4029e0,0xa1abd8012ee0
0x4029e0,0xd79e62bc6598
0x4029e0,0x28e837d65330
0x4029f8,0xd79e62c447c8
0x4029e0,0x28e837cf6c00
0x4029e0,0xd79e62bb31c0
0x4029e0,0xa21321c6598
0x4029e6,0xd79e62ac7cc0
0x4029f8,0x28e837cbebc0
0x4029e0,0x28e837d65a80
0x4029f8,0x28e837e1dc48
0x4029f8,0xd79e62a99100
0x4029e0,0x28e837c9c520
0x4029e0,0xd79e62af3570
0x4029f8,0xa21321bbf48
0x4029e0,0x28e837ca47d0
0x4029e0,0xd79e62badfe0
0x4029e0,0xd79e62a7dc40
0x4029f8,0xd79e62a51348
0x4029f8,0xa1abd7fd4f80
0x4029e0,0xa21321f5268
0x4029e0,0x28e837e498d8
0x4029f8,0xea2062d8988
0x4029e0,0x28e837cf09b8
0x4029e0,0x28e837d9bf58
0x4029f8,0xd79e62afc508
0x4029f8,0xa1abd7fe0188
0x4029e0,0xd79e62a9c538
0x4029e0,0xd79e62afa4f0
0x4029e6,0xd79e62bfbf48
0x4029e0,0x28e837d66598
0x4029e6,0x28e837ce7280
0x4029e0,0x28e837d75100
0x4029e0,0x28e837d34f88
0x4029e0,0x28e837cc0d48
0x4029e0,0xa21321d8998
0x4029e0,0xd79e62a65318
0x4029e6,0x6c6f1e4c8b80
0x4029e0,0x6c6f1e4cbca0
0x4029e6,0x28e837d16748
0x4029e0,0xd79e62bd3d38
0x4029e0,0x28e837d5ed78
0x4029e0,0xd79e62b131c8
0x4029f8,0x28e837cb6c08
0x4029f8,0xd79e62a67a08
0x4029e0,0x28e837e00d60
0x4029e0,0x28e837cc1c50
0x4029f8,0x28e837d25708
0x4029e0,0xd79e62a6b558
0x4029e6,0xa1abd7fe08c8
0x4029e6,0xa1abd7fe0d40
0x4029e0,0x28e837d34700
0x4029e6,0xa1abd7fe2740
0x4029f8,0xa1abd7feb380
0x4029e0,0xa21321f6748
0x4029e0,0x28e837db9130
0x4029f8,0x28e837db9f88
0x4029e6,0x28e837d75248
0x4029e0,0x28e837d87c58
0x4029e0,0xd79e62a85ab0
0x4029e6,0x28e837e65100
0x4029f8,0xd79e62a8cd80
0x4029e0,0x28e837e601b0
0x4029e0,0x28e837d36400
0x4029e0,0x28e837c9bdb8
0x4029e0,0x28e837d1bd90
0x4029e0,0xd79e62c0c1d0
0x4029e6,0xd79e62a59108
0x4029e0,0xea20633dc50
0x4029e0,0x28e837d16c18
0x4029e0,0xd79e62bd31d8
0x4029e0,0x28e837db0988
0x4029e0,0x28e837e298c0
0x4029f8,0x28e837d85308
0x4029f8,0xea2062ecd80
0x4029f8,0x8ad3301bed40
0x4029e0,0xd79e62a6b3b8
0x4029e0,0x6c537033ebe8
0x4029f8,0x6c537033ed40
0x4029e6,0xd79e62a85308
0x4029f8,0xa1abd8020988
0x4029e0,0xa1abd7fd3d00
0x4029e0,0x6c6f1e4c1c58
0x4029e6,0x28e837d6bc80
0x4029e0,0xa1abd8027210
0x4029e0,0x6af9d6ef4f88
0x4029e6,0x28e837dae800
0x4029f8,0xd79e62aa5308
0x4029e6,0xea2062bed48
0x4029e0,0xd79e62a5bda8
0x4029e6,0xd79e62a66588
0x4029e0,0x998897f731d8
0x4029e0,0xd79e62a56c38
0x4029e6,0xa1abd8027288
0x4029e0,0xea2062d6438
0x4029e0,0x28e837d823d8
0x4029e0,0x5829a6f48ba0
0x4029f8,0x28e837d6b540
0x4029f8,0x6c6f1e4c1180
0x4029e6,0xd79e62a85100
0x4029e0,0xd79e62bab390
0x4029e0,0xd79e62babc80
0x4029e0,0x5829a6ebc508
0x4029e0,0xac6d9b8de528
0x4029e0,0xa980922fc538
0x4029f8,0xee30bb94c1c0
0x4029f8,0xee30bb94cd88
0x4029e0,0xa1abd7fd3548
0x4029e6,0xd79e62bab540
0x4029e6,0x28e837e41c48
0x4029e6,0xea2062d6c00
0x4029e6,0xd79e62aa47c0
0x4029e0,0x28e837cf1398
0x4029f8,0x28e837cd3548
0x4029e0,0x28e837d74f80
0x4029f8,0x5829a6eda4c8
0x4029e0,0x28e837d847d8
0x4029e0,0x28e837e411a8
0x4029e0,0x28e837d32ea8
0x4029f8,0x28e837d32ec8
0x4029e0,0xac6d9b8ded48
0x4029f8,0xa21321fe500
0x4029e0,0x28e837e38ff0
0x4029e6,0xa1abd8011c40
0x4029f8,0xa1abd8031e08
0x4029f8,0x28e837e42740
0x4029e0,0x28e837cb3d20
0x4029e6,0xd79e62aa5708
0x4029f8,0xd79e62a725c0
0x4029e0,0x28e837e0e808
0x4029e0,0xea2062be518
0x4029f8,0xac6d9b8debc8
0x4029e0,0x28e837e410d8
0x4029f8,0xd79e62aa5100
0x4029e0,0x28e837dec1e8
0x4029e0,0xd79e62bd8fc0
0x4029e0,0xa1abd80113a8
0x4029e0,0xd79e62a85708
0x4029f8,0xd79e62b07280
0x4029e0,0x28e837cc08d0
0x4029e0,0xea2062c10c0
0x4029e0,0xea2062ec678
0x4029e0,0xd79e62a78fe0
0x4029e0,0x28e837cc23e0
0x4029e6,0xa1abd804d780
0x4029e0,0xd79e62a6cd80
0x4029e0,0x28e837c90998
0x4029e0,0xa1abd804e800
0x4029e0,0xd79e62b07cf0
0x4029e6,0xd79e62b07208
0x4029e0,0xd79e62a5a4f8
0x4029f8,0xea206333d00
0x4029e6,0xd79e62aabc80
0x4029e0,0x28e837cadfd8
0x4029e0,0x28e837ce7a28
0x4029e0,0xd79e62a7ebc8
0x4029e6,0x28e837ce1c40
0x4029e0,0x28e837c92ee0
0x4029e0,0x28e837ce7208
0x4029e0,0x6af9d6ef4700
0x4029e0,0x28e837d14fa8
0x4029e0,0x28e837cd4fa8
0x4029e6,0x28e837cc47c0
0x4029e0,0xd79e62c331d0
0x4029e0,0x28e837c9e508
0x4029e0,0xd79e62c33578
0x4029e0,0x28e837ce11a0
0x4029e0,0xea20632dfe8
0x4029e0,0x28e837dc23e8
0x4029f8,0x28e837d85100
0x4029e0,0xd79e62afdc50
0x4029e0,0x28e837e109a0
0x4029e0,0x28e837dd6c10
0x4029e0,0x28e837d8c668
0x4029e0,0x28e837cad7b8
0x4029e0,0xea2062c5718
0x4029f8,0x28e837d71c40
0x4029e0,0xa21321d5240
0x4029e0,0x28e837db2ea8
0x4029f8,0x28e837db2ec8
0x4029e0,0xa21321f31c0
0x4029e0,0x28e837d21c60
0x4029e0,0xa21321e7ce8
0x4029e6,0x28e837dd6740
0x4029e0,0x28e837cdc508
0x4029f8,0x28e837d21188
0x4029e0,0x28e837d71398
0x4029e0,0x28e837d86588
0x4029e0,0x28e837db0fa0
0x4029e0,0xd79e62b06590
0x4029e0,0x28e837d9a4f0
0x4029e0,0x6c537033bf58
0x4029e0,0xd79e62ac7288
0x4029e0,0xa1abd80298c0
0x4029e6,0xa21321e47c8
0x4029e6,0x28e837c93540
0x4029e0,0x28e837d410e8
0x4029f8,0xea2062f5240
0x4029e0,0xd79e62addc40
0x4029e0,0xea2062fc510
0x4029e6,0xe8035e45ed40
0x4029e0,0xa21321d5108
0x4029e0,0x28e837dba4d8
0x4029e0,0xc48ca9045ab8
0x4029e0,0xd79e62a9e528
0x4029e0,0x28e837c96748
0x4029e0,0xd79e62ae08f0
0x4029f8,0xd79e62b27a00
0x4029e6,0x28e837d447c0
0x4029e0,0x28e837c99fa8
0x4029e0,0x28e837d223f8
0x4029e0,0xd79e62b27290
0x4029e0,0xd79e62b27228
0x4029e0,0x5829a6eccdb0
0x4029e0,0xd79e62af2e88
0x4029e6,0x28e837d05708
0x4029e0,0x28e837dddc60
0x4029e0,0xd79e62af31c8
0x4029f8,0xea206327a08
0x4029e0,0xd79e62af2ef0
0x4029e0,0x28e837cc09a0
0x4029e0,0x28e837d85aa0
0x4029f8,0x28e837de3108
0x4029e6,0xd79e62a79108
0x4029e6,0xa21321a7c40
0x4029e0,0xea206312e80
0x4029f8,0x28e837cfbd88
0x4029f8,0x28e837da6388
0x4029e0,0xea2062eb568
0x4029e6,0xd79e62ac0d40
0x4029e0,0x28e837d411b8
0x4029e0,0x28e837da8b88
0x4029e0,0xd79e62af3d28
0x4029e0,0x28e837cf9138
0x4029e0,0x28e837c95130
0x4029e0,0xd79e62b26588
0x4029e6,0xd79e62b27cc8
0x4029e0,0xea20631dc58
0x4029e0,0x28e837c96c28
0x4029e0,0x6c6f1e4d0988
0x4029e6,0xd79e62b00d48
0x4029e0,0x28e837c9ebf0
0x4029e6,0xd79e62b00180
0x4029f8,0x28e837e6dfc0
0x4029e0,0xea206305330
0x4029e0,0xd79e62a92e90
0x4029e0,0xd79e62ae5730
0x4029e0,0x6c6f1e4d0fa0
0x4029f8,0xea2062f5108
0x4029e0,0x28e837c96408
0x4029e0,0xd79e62ae5118
0x4029e0,0xea2062febd0
0x4029e0,0xea20632c1e0
0x4029e0,0xea206305128
0x4029e6,0x28e837d22748
0x4029e6,0x28e837da6580
0x4029e0,0xd79e62c33d30
0x4029e0,0xa21321a1c68
0x4029e0,0x28e837cd0998
0x4029e6,0xea20630bc88
0x4029e0,0xd79e62bb5128
0x4029f8,0xea2062eb380
0x4029e0,0x28e837c95268
0x4029e0,0x28e837d8c1f0
0x4029e0,0xd79e62a9ed48
0x4029e0,0x28e837dc8b90
0x4029e0,0x28e837d98fd0
0x4029e6,0x28e837d85708
0x4029e6,0xa21321a1180
0x4029e0,0xea2063047f0
0x4029e0,0x28e837c931f0
0x4029e0,0xea2062c3138
0x4029f8,0xd79e62a74f88
0x4029e6,0x28e837d56748
0x4029f8,0xea206315240
0x4029e6,0x28e837d52e80
0x4029e0,0x6c537033bdb8
0x4029f8,0x28e837d15100
0x4029e6,0xd79e62a87a08
0x4029e0,0xd79e62c3c510
0x4029e6,0xd79e62a6e800
0x4029e0,0xd79e62af1358
0x4029e0,0x28e837c925f0
0x4029e0,0x28e837d11e30
0x4029f8,0xd79e62a78980
0x4029e6,0x28e837ce7c40
0x4029e0,0x28e837cb1e10
0x4029e0,0xa2132196428
0x4029e0,0x28e837d88b98
0x4029e0,0x28e837cb5278
0x4029e0,0xd79e62a7ed68
0x4029e0,0x28e837cc0180
0x4029f8,0xea206315108
0x4029e6,0xd79e62b19f88
0x4029e0,0x28e837c90fb0
0x4029f8,0x28e837cc2740
0x4029e0,0xa1abd8046398
0x4029e0,0xd79e62bdbf50
0x4029e0,0xd79e62b06388
0x4029e0,0x28e837d610e0
0x4029e0,0xa1abd7febcb8
0x4029e0,0x28e837dc98c0
0x4029e0,0xea2062fed70
0x4029e0,0xea206312ee8
0x4029f8,0x28e837c93d08
0x4029e0,0xd79e62bb5260
0x4029e0,0xd79e62ae0d68
0x4029e0,0xea206305a80
0x4029f8,0x28e837cc5a88
0x4029e6,0xe8035e460988
0x4029f8,0x5829a6ef1340
0x4029e0,0xa1abd7fdebc0
0x4029e0,0x28e837dcc1f0
0x4029f8,0x28e837cd6c00
0x4029e0,0xd79e62bd6c08
0x4029e0,0xd79e62c35258
0x4029e0,0xd79e62b85700
0x4029e6,0x28e837cf9f80
0x4029e0,0x5829a6ecc660
0x4029e0,0x28e837d41c48
0x4029e0,0xa21321a7a28
0x4029e0,0x5829a6ecc1e8
0x4029e6,0xd79e62ab0f88
0x4029e0,0xea206336c00
0x4029e0,0x28e837d55100
0x4029e0,0x28e837d02768
0x4029e0,0xa21321e5118
0x4029f8,0xd79e62bd6408
0x4029e0,0x5829a6ef1388
0x4029f8,0x28e837d07c40
0x4029e0,0xea206327cc0
0x4029e6,0x28e837d55248
0x4029e0,0x28e837cdbf50
0x4029e0,0xd79e62b665b8
0x4029e0,0xd79e62b2b578
0x4029e0,0xa1abd7fe3120
0x4029e6,0xea206331c48
0x4029e0,0x5829a6ec5310
0x4029f8,0xd79e62ac2748
0x4029f8,0x5829a6ec5128
0x4029e0,0xd79e62b05a80
0x4029e0,0x28e837d898e0
0x4029e0,0xd79e62be7290
0x4029e6,0xd79e62b03108
0x4029e0,0xa1abd7fda4f0
0x4029e0,0xd79e62abdc70
0x4029e6,0xc48ca9045108
0x4029e6,0xd79e62a6dfc8
0x4029e0,0xd79e62acb568
0x4029e6,0xd79e62ab25c0
0x4029f8,0xe8035e460d40
0x4029e0,0x98f5690da4f0
0x4029e0,0xa1abd7fd9fb0
0x4029e0,0xea206318980
0x4029e0,0x5829a6ef1c78
0x4029e0,0xd79e62abbf48
0x4029e0,0x28e837d13d08
0x4029e0,0x28e837d78998
0x4029e0,0xd79e62be7228
0x4029e0,0x28e837dbdc70
0x4029e0,0xd79e62bc7a00
0x4029e0,0x5829a6ece818
0x4029e0,0x309dcdc59118
0x4029e0,0xd79e62a80d68
0x4029e0,0x5829a6f46398
0x4029e0,0xd79e62c36c08
0x4029e0,0x5829a6f465a0
0x4029e6,0x5829a6f08b88
0x4029e0,0xd79e62b10fa0
0x4029f8,0xd79e62b60d48
0x4029e0,0x309dcdc5bf78
0x4029e0,0xd79e62bc7c70
0x4029e0,0x309dcdc59fb8
0x4029f8,0xea2063223c8
0x4029e0,0xd79e62bc7cd8
0x4029e0,0xd79e62ab6c18
0x4029e0,0x28e837de63b8
0x4029e0,0xea206322750
0x4029e0,0xd79e62b10988
0x4029f8,0x6c537032cd80
0x4029e0,0x28e837ca5708
0x4029e0,0x5829a6ec5720
0x4029f8,0xd79e62b410c0
0x4029e6,0xea2063010c0
0x4029e0,0xea2062cb390
0x4029e0,0xa1abd80131c0
0x4029e0,0x28e837ce5100
0x4029f8,0x28e837dcd788
0x4029f8,0x28e837dd0f80
0x4029e0,0x28e837dcdff0
0x4029e0,0xe8035e45dc78
0x4029e0,0xea206319fb0
0x4029e0,0xd79e62b45a88
0x4029e0,0xea206301c78
0x4029e0,0xa1abd7fe65a0
0x4029e6,0xea20632e808
0x4029f8,0xd79e62b60180
0x4029e6,0xd79e62c00d48
0x4029f8,0xd79e62c36408
0x4029e6,0xa1abd7fe7cc0
0x4029f8,0xa1abd7fec648
0x4029e0,0xd79e62ac10f0
0x4029e6,0xd79e62b41180
0x4029f8,0xd79e62b5e508
0x4029e6,0x28e837cd8988
0x4029f8,0x28e837d07280
0x4029e0,0xa1abd7fe7220
0x4029f8,0x28e837c9dc48
0x4029e0,0x5829a6f113a0
0x4029e0,0xd79e62b5ed70
0x4029f8,0xd79e62b42748
0x4029e6,0x28e837e7bd88
0x4029e0,0xd79e62b40d58
0x4029e0,0xd79e62a54710
0x4029e0,0xea206313d20
0x4029e0,0xea206310988
0x4029e6,0xea206311e00
0x4029e0,0x28e837dc47d0
0x4029f8,0x28e837dadfc8
0x4029e0,0xd79e62b409b0
0x4029e0,0xd79e62c3dc50
0x4029e0,0xd79e62b40190
0x4029e0,0xea2062cbc80
0x4029e0,0x6c5370346398
0x4029e0,0x28e837d9dc68
0x4029e0,0xd79e62b047f8
0x4029e0,0xd79e62b408e0
0x4029e0,0xd79e62b6e830
0x4029e0,0x28e837ce5308
0x4029e6,0x5829a6f11348
0x4029e0,0x28e837d8bca0
0x4029e6,0x28e837d9c500
0x4029e0,0xea206339100
0x4029e6,0xa1abd7fec1c0
0x4029e0,0xd79e62ad2e88
0x4029e0,0xd79e62acbcb8
0x4029e6,0x41d09e9da4c0
0x4029e6,0xd79e62b608c0
0x4029e0,0xa1abd7fe7c48
0x4029e6,0xd79e62a847c8
0x4029e0,0xa1abd7ff0fb0
0x4029e0,0x28e837d91360
0x4029f8,0x28e837d91380
0x4029e0,0xd79e62ac6380
0x4029e0,0xea2062d0f98
0x4029e0,0xea20630cd88
0x4029e0,0xe8035e45bf40
0x4029e0,0xa1abd8000180
0x4029f8,0xd79e62ab8988
0x4029f8,0xd79e62aac1c0
0x4029e0,0xd79e62b210c0
0x4029e0,0xd79e62ab8fe8
0x4036ff,0xd79e62b32ea8
0x403710,0xd79e62b22770
0x403702,0x7a1900cb1e18
0x403702,0x7a1900d35258
0x403709,0xea206325718
0x403709,0x28e837ca5ab0
0x403709,0xd79e62bf9fa0
0x403702,0x521b7f64c658
0x403709,0xa1abd7ff5260
0x4036f7,0xd79e62b31e00
0x4037aa,0x7a1900cc7c68
0x4037c1,0x28e837dfebe8
0x4037c1,0xa2132201c40
0x4037ba,0xe8035e465138
0x4037ba,0xea206316c38
0x4037aa,0x7a1900cd1c68
0x4037c1,0xd79e62bc8b88
0x4037c1,0xea20631c500
0x4037ba,0x28e837e2b548
0x4037c1,0x6c6f1e4c7280
0x4037aa,0x7a1900cddc68
0x4037ba,0xd79e62b43100
0x4037aa,0x7a1900d4c668
0x4037ba,0x28e837c95130
0x4037aa,0x7a1900ce1c68
0x4037ba,0xd79e62b25300
0x4037ba,0xa21321f5268
0x4037c1,0x28e837dad788
0x4037aa,0x7a1900ce7c68
0x4037c1,0x28e837dd09b0
0x4037ba,0xa1abd7fe23f0
0x4037c1,0x28e837d52ed8
0x4037aa,0x71aae00abca8
0x4037aa,0x7a1900ccbca8
0x4037aa,0x9a06821072a8
0x4037c1,0x28e837d02768
0x4037c1,0xee30bb9447e8
0x4037aa,0x7a1900cb2ea8
0x4037c1,0xd79e62a872a8
0x4037aa,0x665a07f672a8
0x4037aa,0x7a1900d05aa8
0x4037ba,0x28e837da8b88
0x4037aa,0x7a1900cc7ce8
0x4037c1,0x28e837e65ab0
0x4037aa,0x7a1900d5a4e8
0x4037c1,0xd79e62c098d0
0x4037c1,0xa1abd8038ff0
0x4037ba,0xea2062d6778
0x4037aa,0x665a07f810e8
0x4037aa,0x7a1900cb2ee8
0x4037aa,0x7a1900d208e8
0x4037ba,0x28e837e601b0
0x4037ba,0xd79e62ae5118
0x4037ba,0xd79e62bd31d8
0x4037aa,0x7a1900d298e8
0x4037c1,0x5829a6ed9100
0x4037ba,0x28e837db9130
0x4037ba,0xd79e62abebc0
0x4037aa,0x9a06820fa4e8
0x4037aa,0x7a1900ce7ce8
0x4037aa,0x7a1900d34728
0x4037aa,0x665a07f75128
0x4037aa,0x7a1900d5c528
0x4037ba,0xd79e62ad5248
0x4037aa,0x9a0682105328
0x4037aa,0x7a1900d5e528
0x4037ba,0x28e837cf1398
0x4037aa,0x665a07f79128
0x4037ba,0x28e837dd3550
0x4037aa,0x7a1900cd3d28
0x4037aa,0x7a1900d45728
0x4037c1,0xd79e62afa4f0
0x4037aa,0x665a07f65328
0x4037aa,0xc8fba3335128
0x4037aa,0xe98d38e83128
0x4037aa,0x7a1900d54728
0x4037aa,0x9a06820fc528
0x4037ba,0x28e837e325c8
0x4037aa,0x7a1900d36768
0x4037c1,0xee30bb941c78
0x4037ba,0x28e837e73d38
0x4037c1,0x8ad3301bebe8
0x4037aa,0x7a1900d42768
0x4037ba,0x28e837e2b3a8
0x4037ba,0x28e837e53558
0x4037ba,0xa1abd7fd3d00
0x4037aa,0x5715a8d51368
0x4037aa,0x7a1900cbbf68
0x4037aa,0x7a1900cded68
0x4037aa,0x9a06820f3568
0x4037aa,0x7a1900ce0d68
0x4037ba,0xd79e62c2c1c8
0x4037ba,0xea206312e80
0x4037c1,0x28e837db6778
0x4037aa,0x665a07f71368
0x4037aa,0x7a1900d109a8
0x4037c1,0xa1abd7fd2eb8
0x4037aa,0x7a1900cccda8
0x4037aa,0x9a06821063a8
0x4037aa,0x7a1900d189a8
0x4037aa,0x9a068210b3a8
0x4037aa,0x7a1900cb0fa8
0x4037aa,0x665a07f801a8
0x4037aa,0x7a1900d665a8
0x4037aa,0x665a07f811a8
0x4037c1,0xd79e62a73550
0x4037aa,0x7a1900d209a8
0x4037aa,0x5715a8d513a8
0x4037aa,0x7a1900cb4fa8
0x4037ba,0x28e837d65a80
0x4037aa,0x7a1900cdbda8
0x4037aa,0x7a1900cb9fa8
0x4037ba,0xd79e62ac7288
0x4037aa,0x665a07f663a8
0x4037aa,0x7a1900d4d7a8
0x4037aa,0x665a07f6b3a8
0x4037aa,0x7a1900d08ba8
0x4037ba,0xd79e62a6cd80
0x4037aa,0x7a1900d309a8
0x4037ba,0xa21321c23e8
0x4037aa,0x665a07f713a8
0x4037ba,0xa1abd8043108
0x4037aa,0x665a07f731e8
0x4037ba,0xea20633dc50
0x4037aa,0x9a06821023e8
0x4037ba,0x28e837cb3d20
0x4037aa,0xa60a0cc447e8
0x4037aa,0x7a1900cadfe8
0x4037aa,0x7a1900d447e8
0x4037ba,0xd79e62b07cf0
0x4037aa,0x7a1900cfebe8
0x4037aa,0x665a07f623e8
0x4037aa,0x7a1900cb8fe8
0x4037aa,0xc8fba332c1e8
0x4037c1,0x28e837dfe500
0x4037ba,0xa21321d5240
0x4037ba,0x28e837d6e820
0x4037aa,0x9a06820f25e8
0x4037aa,0xc8fba33331e8
0x4037c1,0x28e837d87298
0x4037ba,0x5829a6ec2750
0x4037ba,0xa21321e1c78
0x4037c1,0xa21321a7208
0x4037aa,0x7a1900cd1e28
0x4037aa,0x7a1900cf6c28
0x4037ba,0xd79e62bd3d38
0x4037aa,0xc8fba3327228
0x4037ba,0x28e837dc23e8
0x4037aa,0x7a1900d27a28
0x4037ba,0x28e837c92ee0
0x4037ba,0x28e837d9a4f0
0x4037aa,0x7a1900d4e828
0x4037c1,0x28e837d525e8
0x4037c1,0x28e837d62768
0x4037ba,0xa1abd7ffdc70
0x4037aa,0x665a07f75268
0x4037aa,0x7a1900cf1c68
0x4037ba,0xa1abd8015108
0x4037c1,0xd79e62b81c50
0x4037c1,0xa2132208bb0
0x4037ba,0x28e837d411b8
0x4037c1,0xea2062cbc80
0x4037ba,0xd79e62bb4730
0x4037aa,0x7a1900cfdc68
0x4037ba,0xea20631dc58
0x4037aa,0x7a1900d01c68
0x4037ba,0xea2062f1c68
0x4037aa,0x7a1900d07c68
0x4037aa,0xc8fba3335268
0x4037ba,0x28e837ca5708
0x4037aa,0x7a1900cebca8
0x4037ba,0xa21322047c8
0x4037ba,0x28e837cd0fb0
0x4037c1,0xd79e62a99f80
0x4037aa,0x7a1900cd2ea8
0x4037ba,0x28e837d410e8
0x4037aa,0xc8fba33272a8
0x4037aa,0x908653192ea8
0x4037aa,0x7a1900d25aa8
0x4037ba,0x28e837d59128
0x4037aa,0x7a1900d0bca8
0x4037ba,0x28e837d86588
0x4037ba,0xee30bb940198
0x4037ba,0xea2062be518
0x4037ba,0x6c537034bc90
0x4037aa,0x7a1900cd2ee8
0x4037aa,0x7a1900d408e8
0x4037ba,0xd79e62ab1e28
0x4037aa,0x908653192ee8
0x4037ba,0x28e837c90998
0x4037ba,0xa1abd7ff1c48
0x4037aa,0x7a1900d498e8
0x4037aa,0xe98d38ea10e8
0x4037aa,0x7a1900d07ce8
0x4037c1,0xd79e62ae7c60
0x4037ba,0x28e837d5ed78
0x4037aa,0xe98d38e85128
0x4037aa,0x9a06820fe528
0x4037c1,0xa2132198998
0x4037c1,0xd79e62c27208
0x4037ba,0xd79e62b25ab8
0x4037aa,0x7a1900cf3d28
0x4037ba,0x28e837cd1c78
0x4037aa,0x7a1900d65728
0x4037aa,0xe98d38e95128
0x4037ba,0xa1abd8027210
0x4037ba,0x28e837e39120
0x4037ba,0xa1abd802c1c0
0x4037ba,0x28e837e731d8
0x4037aa,0xe98d38e99128
0x4037ba,0x28e837d21c60
0x4037ba,0xd79e62afdc50
0x4037ba,0xd79e62addc40
0x4037aa,0x9a06820f4728
0x4037ba,0xd79e62a92e90
0x4037ba,0xd79e62b96410
0x4037aa,0xe98d38ea3128
0x4037ba,0x28e837e63128
0x4037aa,0xe98d38ea5128
0x4037c1,0x28e837d9dc68
0x4037aa,0x7a1900d56768
0x4037ba,0xd79e62c18988
0x4037c1,0x28e837cdbf50
0x4037ba,0xd79e62af0998
0x4037ba,0xd79e62a72ef8
0x4037aa,0x7a1900d62768
0x4037aa,0x9a068210b568
0x4037aa,0x4822c1462768
0x4037ba,0xea206316758
0x4037aa,0xe6f224c36768
0x4037aa,0x5715a8d53568
0x4037aa,0x7a1900cfed68
0x4037aa,0x7a1900d00d68
0x4037aa,0x7a1900cdbf68
0x4037aa,0xc8fba3331368
0x4037ba,0xd79e62a92ef8
0x4037aa,0x9a06820f6768
0x4037aa,0x665a07f6b568
0x4037ba,0xa1abd8005ab8
0x4037ba,0x28e837cf9138
0x4037ba,0xd79e62b54f80
0x4037ba,0xd79e62bd6c08
0x4037ba,0xa213218d798
0x4037ba,0xd79e62b23108
0x4037ba,0xd79e62ac7288
0x4037aa,0x7a1900cecda8
0x4037aa,0x7a1900d389a8
0x4037aa,0x9a06821065a8
0x4037ba,0xea2063210c0
0x4037aa,0x7a1900cd0fa8
0x4037c1,0xd79e62b9e510
0x4037aa,0x7a1900d409a8
0x4037aa,0x7a1900cd4fa8
0x4037aa,0x7a1900cfbda8
0x4037c1,0xd79e62ace808
0x4037aa,0x7a1900cd9fa8
0x4037aa,0xc8fba332b3a8
0x4037aa,0x665a07f665a8
0x4037aa,0x7a1900d28ba8
0x4037aa,0xe98d38ea01a8
0x4037aa,0xc8fba33313a8
0x4037aa,0xe98d38ea11a8
0x4037aa,0x7a1900d509a8
0x4037ba,0x28e837d85aa0
0x4037aa,0x7a1900d0cda8
0x4037c1,0xd79e62b801b0
0x4037aa,0xe98d38e8c1e8
0x4037aa,0x7a1900ccdfe8
0x4037ba,0xa1abd8012ee0
0x4037ba,0x28e837d3ed58
0x4037aa,0x7a1900d647e8
0x4037aa,0xe98d38e931e8
0x4037aa,0x7a1900d1ebe8
0x4037aa,0x665a07f823e8
0x4037ba,0xa1abd7fe6398
0x4037aa,0x4822c14647e8
0x4037aa,0x5715a8d525e8
0x4037aa,0x7a1900cd8fe8
0x4037ba,0xa1abd7fdebc0
0x4037aa,0xe98d38e87228
0x4037ba,0xa1abd802cd88
0x4037aa,0x665a07f76428
0x4037ba,0xa21321b8980
0x4037aa,0x7a1900cf1e28
0x4037aa,0x7a1900d16c28
0x4037ba,0x28e837d3e538
0x4037ba,0x28e837d65330
0x4037c1,0xea2062fbf60
0x4037ba,0xa1abd80331d8
0x4037c1,0x5829a6ec72b0
0x4037aa,0x7a1900d47a28
0x4037ba,0x28e837dc8b90
0x4037ba,0xd79e62ad0f90
0x4037aa,0xc8fba3336428
0x4037aa,0xe98d38ea7228
0x4037aa,0x7a1900d11c68
0x4037c1,0xea20630e828
0x4037ba,0xd79e62b25710
0x4037c1,0xea206301c78
0x4037aa,0x9a068210c668
0x4037aa,0x7a1900d1dc68
0x4037aa,0xe98d38e95268
0x4037aa,0x7a1900d21c68
0x4037ba,0xa21321d5108
0x4037ba,0xd79e62b9a4d8
0x4037ba,0x28e837dd6c10
0x4037aa,0x7a1900d27c68
0x4037aa,0x665a07f6c668
0x4037ba,0xd79e62b098d8
0x4037c1,0x28e837d87298
0x4037aa,0x7a1900d31c68
0x4037c1,0x28e837e65ab0
0x4037aa,0xe98d38e872a8
0x4037ba,0x28e837ddbd90
0x4037ba,0xa21321b4fa0
0x4037ba,0x28e837e53558
0x4037aa,0x7a1900cf2ea8
0x4037c1,0x6c6f1e4c23f8
0x4037aa,0x7a1900d45aa8
0x4037ba,0xa1abd8015240
0x4037c1,0xd79e62a872a8
0x4037ba,0xa21321e7ce8
0x4037aa,0x7a1900d2bca8
0x4037aa,0xe98d38ea72a8
0x4037c1,0xee30bb941c78
0x4037c1,0xa1abd7fd9fb0
0x4037aa,0x7a1900cf2ee8
0x4037aa,0x665a07f7a4e8
0x4037ba,0xd79e62b85700
0x4037aa,0x7a1900d608e8
0x4037ba,0x28e837dd3550
0x4037ba,0x6c5370333d08
0x4037aa,0x7a1900d27ce8
0x4037ba,0xea20632c1e0
0x4037aa,0xe98d38ec10e8
0x4037aa,0xe98d38e85328
0x4037c1,0xa21321b2ec0
0x4037aa,0x7a1900d13d28
0x4037ba,0x28e837dabc98
0x4037aa,0x9a0682105728
0x4037ba,0xea206321190
0x4037aa,0x665a07f7c528
0x4037aa,0x665a07f7e528
0x4037aa,0xe98d38eb5128
0x4037ba,0xd79e62beb570
0x4037ba,0xa213218b570
0x4037aa,0xe98d38eb9128
0x4037ba,0x28e837e73d38
0x4037ba,0x28e837ce63b8
0x4037ba,0xa1abd800d798
0x4037aa,0x665a07f65728
0x4037ba,0x6c537033bf58
0x4037aa,0xe98d38ec3128
0x4037ba,0x28e837d59128
0x4037ba,0x28e837cb1e10
0x4037ba,0xd79e62ab1398
0x4037aa,0xe98d38ec5128
0x4037aa,0xe98d38ea5328
0x4037ba,0xd79e62bfbd98
0x4037ba,0x28e837d11e30
0x4037aa,0x665a07f73568
0x4037aa,0x9a0682102768
0x4037aa,0xe98d38e91368
0x4037aa,0x7a1900d1ed68
0x4037aa,0x7a1900d20d68
0x4037aa,0x7a1900cfbf68
0x4037ba,0xd79e62ad5248
0x4037aa,0x665a07f62768
0x4037aa,0xc8fba332b568
0x4037ba,0x28e837cd1e18
0x4037ba,0xa21321fa4c8
0x4037aa,0xc8fba3333568
0x4037c1,0x98f5690ddc58
0x4037ba,0xa1abd8019110
0x4037ba,0xea2062c10c0
0x4037aa,0xe98d38e863a8
0x4037aa,0x7a1900d589a8
0x4037c1,0xd79e62b95130
0x4037aa,0xe98d38e8b3a8
0x4037aa,0x7a1900cf0fa8
0x4037aa,0x7a1900d609a8
0x4037ba,0xd79e62bd31d8
0x4037aa,0x7a1900cf4fa8
0x4037aa,0x7a1900d1bda8
0x4037aa,0xe98d38e913a8
0x4037aa,0x9a068210d7a8
0x4037aa,0x7a1900cf9fa8
0x4037c1,0x5829a6f47208
0x4037ba,0xd79e62b00990
0x4037c1,0x6c6f1e4c7280
0x4037ba,0xd79e62bc3138
0x4037ba,0xd79e62a81c58
0x4037aa,0xe6f224c389a8
0x4037aa,0x7a1900d48ba8
0x4037ba,0xa1abd802dfc8
0x4037aa,0x9a06820f09a8
0x4037ba,0xd79e62b76778
0x4037aa,0xe98d38ec01a8
0x4037aa,0xe98d38ec11a8
0x4037aa,0x7a1900d2cda8
0x4037aa,0x9a06820f89a8
0x4037aa,0x665a07f6d7a8
0x4037ba,0xe8035e4623f8
0x4037aa,0xe98d38ea63a8
0x4037aa,0x665a07f725e8
0x4037ba,0xa1abd8046398
0x4037aa,0x7a1900cedfe8
0x4037aa,0xe98d38eac1e8
0x4037ba,0x28e837cb1c70
0x4037aa,0x9a06821047e8
0x4037aa,0xe98d38eb31e8
0x4037aa,0x7a1900d3ebe8
0x4037aa,0xe7c8f45ebe8
0x4037aa,0x7a1900cf8fe8
0x4037c1,0xd79e62bac670
0x4037ba,0xea2063047f0
0x4037ba,0xd79e62a9c538
0x4037c1,0xa1abd7fe7220
0x4037ba,0xea2063309b8
0x4037ba,0xe8035e463118
0x4037aa,0x665a07f647e8
0x4037aa,0xc8fba33325e8
0x4037aa,0xe98d38ea23e8
0x4037ba,0x28e837dcc1f0
0x4037ba,0x28e837de98e0
0x4037aa,0x7a1900d0dfe8
0x4037ba,0x28e837d53d08
0x4037aa,0x7a1900d11e28
0x4037aa,0x7a1900d36c28
0x4037ba,0x6c6f1e4c1c58
0x4037aa,0x9a068210e828
0x4037aa,0xe98d38e96428
0x4037ba,0xd79e62af6420
0x4037ba,0xe8035e467298
0x4037aa,0xe98d38ec7228
0x4037aa,0x665a07f6e828
0x4037aa,0x7a1900d31e28
0x4037c1,0x28e837e11e30
0x4037ba,0xd79e62a54710
0x4037aa,0x7a1900d3dc68
0x4037aa,0xe98d38eb5268
0x4037aa,0x7a1900d41c68
0x4037ba,0x28e837c90fb0
0x4037aa,0x7a1900d47c68
0x4037aa,0xc8fba332c668
0x4037aa,0x7a1900d51c68
0x4037ba,0xea20632dfe8
0x4037ba,0xd79e62ba7298
0x4037ba,0xea206313d20
0x4037aa,0x7a1900d12ea8
0x4037ba,0x28e837cb3d20
0x4037ba,0x28e837d410e8
0x4037aa,0x7a1900d65aa8
0x4037ba,0xd79e62a91388
0x4037ba,0xd79e62a6cd80
0x4037ba,0x28e837cd1c78
0x4037aa,0x7a1900d4bca8
0x4037ba,0xd79e62a5bda8
0x4037ba,0xd79e62a7bd90
0x4037aa,0xe98d38ec72a8
0x4037ba,0xea2062d6438
0x4037aa,0x7a1900d32ea8
0x4037aa,0x9a06821008e8
0x4037aa,0x7a1900d12ee8
0x4037ba,0xea20633dc50
0x4037c1,0xa21321a7208
0x4037aa,0x9a06821098e8
0x4037ba,0x6c537034b540
0x4037aa,0xe98d38ee10e8
0x4037aa,0xe98d38e9a4e8
0x4037aa,0x7a1900d47ce8
0x4037ba,0x28e837c92ee0
0x4037ba,0x28e837d823d8
0x4037ba,0xd79e62a67c58
0x4037ba,0xd79e62ae2750
0x4037aa,0x665a07f698e8
0x4037ba,0xa21321f5268
0x4037aa,0x7a1900d32ee8
0x4037aa,0x7a1900d33d28
0x4037aa,0x665a07f74728
0x4037ba,0x28e837cc23e0
0x4037ba,0x28e837c9c520
0x4037ba,0xd79e62bf1c50
0x4037ba,0xe8035e45ebf8
0x4037ba,0xa1abd8019fb0
0x4037aa,0xe98d38ed5128
0x4037ba,0x28e837e39120
0x4037aa,0xe98d38ed9128
0x4037aa,0xe98d38ee3128
0x4037aa,0xe98d38e9c528
0x4037ba,0xea206312e80
0x4037aa,0xe98d38ee5128
0x4037aa,0xe98d38e9e528
0x4037ba,0xd79e62b71378
0x4037aa,0xe98d38ec5328
0x4037aa,0xc8fba3334728
0x4037c1,0xa1abd7fd5278
0x4037aa,0x7a1900d53d28
0x4037c1,0x28e837d9dc68
0x4037ba,0xd79e62a56758
0x4037c1,0xee30bb941c78
0x4037ba,0xe8035e467cc0
0x4037aa,0x665a07f76768
0x4037ba,0x28e837dab548
0x4037aa,0xe98d38e8b568
0x4037ba,0xd79e62c40198
0x4037ba,0x28e837e51e18
0x4037aa,0xe98d38eb1368
0x4037ba,0x5829a6edbf70
0x4037aa,0x7a1900d3ed68
0x4037aa,0x7a1900d1bf68
0x4037aa,0xe7c8f45ed68
0x4037aa,0xe98d38e93568
0x4037aa,0x7a1900d40d68
0x4037ba,0xd79e62ba23d0
0x4037aa,0x665a07f82768
0x4037ba,0x28e837cd0998
0x4037ba,0xee30bb940198
0x4037aa,0xc8fba3336768
0x4037ba,0x28e837dd3d08
0x4037aa,0x7a1900d10fa8
0x4037aa,0xe98d38e865a8
0x4037aa,0xe98d38eab3a8
0x4037aa,0x9a06821009a8
0x4037aa,0x7a1900d14fa8
0x4037ba,0x28e837dccdb8
0x4037aa,0x7a1900d3bda8
0x4037aa,0xe98d38eb13a8
0x4037aa,0x7a1900d19fa8
0x4037c1,0xd79e62b9e510
0x4037ba,0x28e837ce11a0
0x4037c1,0xd79e62a73550
0x4037aa,0xe98d38ee01a8
0x4037aa,0xe98d38ee11a8
0x4037c1,0xd79e62a872a8
0x4037aa,0xc8fba332d7a8
0x4037ba,0x28e837dc47d0
0x4037aa,0x7a1900d4cda8
0x4037ba,0xd79e62a78fe0
0x4037aa,0xe98d38ec63a8
0x4037aa,0x7a1900d30fa8
0x4037aa,0xe98d38ea65a8
0x4037aa,0x665a07f709a8
0x4037aa,0xe98d38ecb3a8
0x4037aa,0xe98d38ecc1e8
0x4037aa,0xc9394d3525e8
0x4037aa,0x71bb2b2447e8
0x4037aa,0xe98d38ed31e8
0x4037aa,0x7a1900d5ebe8
0x4037aa,0x7a1900d18fe8
0x4037aa,0xe98d38e925e8
0x4037ba,0xa1abd8043108
0x4037ba,0xea2063331e8
0x4037aa,0xe98d38ec23e8
0x4037aa,0x7a1900d2dfe8
0x4037aa,0xe98d38eec1e8
0x4037ba,0xa1abd8031c48
0x4037aa,0xe98d38e847e8
0x4037aa,0x7a1900d56c28
0x4037ba,0x28e837c931f0
0x4037aa,0x9a0682107a28
0x4037ba,0xea206300998
0x4037aa,0xe98d38eb6428
0x4037ba,0xa21321b4fa0
0x4037aa,0xe6f224c36c28
0x4037ba,0x28e837e40180
0x4037ba,0x28e837d53d08
0x4037c1,0xd79e62afa4f0
0x4037c1,0x28e837dfe500
0x4037aa,0xc8fba332e828
0x4037ba,0xa21321e7a10
0x4037aa,0x665a07f67a28
0x4037aa,0xe98d38ee7228
0x4037aa,0x9a06820f6c28
0x4037ba,0x28e837d125c0
0x4037aa,0x7a1900d51e28
0x4037c1,0xee30bb9447e8
0x4037ba,0xd79e62bc7c70
0x4037c1,0xd79e62aa2740
0x4037ba,0xd79e62a67cc0
0x4037ba,0xea2062cd780
0x4037aa,0xe98d38e8c668
0x4037ba,0xd79e62a72ef8
0x4037aa,0x7a1900d5dc68
0x4037ba,0xd79e62b409b0
0x4037aa,0xe98d38ed5268
0x4037ba,0x28e837e51c78
0x4037ba,0x6c537034b3a0
0x4037aa,0x7a1900d61c68
0x4037ba,0xd79e62b98fd8
0x4037c1,0x28e837d02768
0x4037ba,0xa1abd7fd89b8
0x4037aa,0x9a06820f1c68
0x4037c1,0xd79e62accd90
0x4037ba,0xd79e62bc7cd8
0x4037ba,0x28e837d21c60
0x4037aa,0x9a06820fdc68
0x4037ba,0x28e837e55120
0x4037aa,0x9a0682105aa8
0x4037ba,0x28e837d32ea8
0x4037ba,0x28e837e36430
0x4037aa,0x665a07f65aa8
0x4037c1,0xea20631a4c0
0x4037aa,0xe98d38ee72a8
0x4037aa,0x7a1900d52ea8
0x4037aa,0xe98d38f010e8
0x4037ba,0xd79e62ad0f90
0x4037aa,0x665a07f808e8
0x4037aa,0xe98d38eba4e8
0x4037aa,0xc8fba33298e8
0x4037ba,0xe8035e45bf40
0x4037aa,0x7a1900d52ee8
0x4037aa,0xe98d38e85728
0x4037aa,0xe98d38ef5128
0x4037aa,0xe98d38ef9128
0x4037ba,0x28e837e52eb8
0x4037ba,0x6c537032e818
0x4037ba,0x28e837d3e538
0x4037aa,0xe98d38e94728
0x4037aa,0xe98d38f03128
0x4037ba,0xd79e62b1c518
0x4037aa,0xe98d38f05128
0x4037ba,0xd79e62c13568
0x4037aa,0xe98d38ebc528
0x4037aa,0xe98d38ebe528
0x4037ba,0xd79e62a92e90
0x4037aa,0xe98d38ee5328
0x4037ba,0x28e837c9a4c0
0x4037aa,0x9a06820f3d28
0x4037aa,0xdd2838a94728
0x4037ba,0x28e837cf1398
0x4037ba,0xd79e62bc7a00
0x4037aa,0xe98d38ea5728
0x4037aa,0xe98d38f15128
0x4037aa,0xe98d38eab568
0x4037aa,0xe98d38ed1368
0x4037aa,0x7a1900d5ed68
0x4037aa,0x7a1900d3bf68
0x4037aa,0x7a1900d60d68
0x4037aa,0xe98d38eb3568
0x4037ba,0x28e837cd5268
0x4037aa,0xe98d38e96768
0x4037ba,0xa1abd8019110
0x4037ba,0xea2062d6778
0x4037ba,0x28e837d223f8
0x4037ba,0xea2063131c0
0x4037ba,0xa21321f5130
0x4037ba,0xd79e62b00990
0x4037aa,0xe98d38ea2768
0x4037ba,0xa21321fa4c8
0x4037c1,0x28e837d62768
0x4037ba,0x28e837dbc538
0x4037aa,0xe98d38ecb568
0x4037aa,0xe98d38ef1368
0x4037ba,0x28e837d9bf58
0x4037aa,0x7a1900d34fa8
0x4037ba,0xa1abd8007c40
0x4037aa,0x7a1900d5bda8
0x4037aa,0xe98d38ed13a8
0x4037ba,0xd79e62a9c538
0x4037aa,0x665a07f789a8
0x4037aa,0x7a1900d39fa8
0x4037aa,0xe98d38e8d7a8
0x4037ba,0xa213218e820
0x4037aa,0x9a0682108ba8
0x4037aa,0xe98d38f001a8
0x4037aa,0xe98d38f011a8
0x4037aa,0x665a07f809a8
0x4037c1,0xa2132208bb0
0x4037ba,0x28e837cf9138
0x4037aa,0xe98d38ee63a8
0x4037ba,0x28e837e601b0
0x4037aa,0xc8fba33309a8
0x4037aa,0x665a07f68ba8
0x4037ba,0xd79e62b91e08
0x4037aa,0xe98d38eeb3a8
0x4037aa,0x7a1900d50fa8
0x4037aa,0xe98d38ec65a8
0x4037aa,0x9a06820fbda8
0x4037aa,0x7a1900d54fa8
0x4037aa,0xe98d38ef13a8
0x4037aa,0x9a06820febe8
0x4037ba,0xd79e62c33d30
0x4037aa,0xe98d38ef31e8
0x4037ba,0xd79e62c408e8
0x4037ba,0xa21321d5108
0x4037c1,0x28e837cdbf50
0x4037aa,0x7a1900d38fe8
0x4037ba,0xa1abd8007218
0x4037ba,0xd79e62c31e20
0x4037aa,0xe98d38eb25e8
0x4037ba,0xa1abd8015240
0x4037aa,0xe98d38ee23e8
0x4037aa,0xe98d38f0c1e8
0x4037ba,0xd79e62c35258
0x4037aa,0x7a1900d4dfe8
0x4037ba,0xd79e62b008c0
0x4037aa,0xe98d38f131e8
0x4037aa,0xe98d38ea47e8
0x4037ba,0x28e837d411b8
0x4037ba,0xd79e62bd31d8
0x4037c1,0xea2062ed7a8
0x4037ba,0x28e837cd1e18
0x4037ba,0xd79e62ada4f8
0x4037ba,0x28e837cfe508
0x4037aa,0xe98d38e8e828
0x4037aa,0xe98d38ed6428
0x4037ba,0x28e837cb3d20
0x4037ba,0x28e837e55258
0x4037ba,0xa1abd8027210
0x4037ba,0x28e837d010c0
0x4037aa,0xc8fba3327a28
0x4037aa,0xe98d38f07228
0x4037ba,0x28e837e298c0
0x4037aa,0x9a06820f1e28
0x4037ba,0x28e837d55100
0x4037ba,0x28e837e50f88
0x4037ba,0xa1abd7fd8fd0
0x4037aa,0xe98d38ef5268
0x4037aa,0x9a0682101c68
0x4037aa,0xe98d38eac668
0x4037aa,0x9a0682107c68
0x4037ba,0x28e837c90998
0x4037aa,0x5715a8d51c68
0x4037ba,0xa1abd7fd3d00
0x4037ba,0xd79e62afdc50
0x4037aa,0x665a07f67c68
0x4037ba,0xd79e62c35120
0x4037ba,0x28e837e51388
0x4037aa,0xe98d38f15268
0x4037ba,0x28e837d410e8
0x4037aa,0x665a07f71c68
0x4037ba,0xd79e62bf1c50
0x4037ba,0xa1abd8005ab8
0x4037ba,0xd79e62c3c510
0x4037aa,0x9a068210bca8
0x4037ba,0x28e837da8b88
0x4037ba,0xa1abd8015108
0x4037aa,0xe98d38f072a8
0x4037ba,0xea2062d5130
0x4037aa,0x9a06820f2ea8
0x4037aa,0x665a07f6bca8
0x4037ba,0x28e837cd31e8
0x4037ba,0xd79e62bb4730
0x4037ba,0xd79e62aadfc8
0x4037aa,0xe98d38e898e8
0x4037c1,0xa1abd7fd9fb0
0x4037aa,0x9a0682107ce8
0x4037ba,0x28e837e36770
0x4037aa,0xe98d38f210e8
0x4037aa,0xe98d38eda4e8
0x4037c1,0xd79e62bc08f8
0x4037aa,0x9a06820f2ee8
0x4037aa,0x665a07f67ce8
0x4037aa,0xe98d38ea08e8
0x4037ba,0xa213218c668
0x4037ba,0x28e837d74f80
0x4037aa,0xe98d38f19128
0x4037ba,0xea2063309b8
0x4037aa,0x1a70aa843128
0x4037aa,0xe98d38eb4728
0x4037ba,0xea206321190
0x4037aa,0xe98d38f23128
0x4037aa,0xe98d38edc528
0x4037aa,0xe98d38f25128
0x4037aa,0xe98d38ede528
0x4037aa,0xe98d38f05328
0x4037aa,0x5715a8d53d28
0x4037aa,0xe98d38ec5728
0x4037c1,0xa1abd804cda8
0x4037aa,0xe98d38f35128
0x4037aa,0x9a06820fed68
0x4037ba,0xa1abd8023120
0x4037ba,0x28e837d0e800
0x4037aa,0x9a0682100d68
0x4037aa,0x7a1900d5bf68
0x4037ba,0x28e837e731d8
0x4037aa,0xe98d38ed3568
0x4037ba,0x28e837ce63b8
0x4037ba,0x28e837d61c40
0x4037aa,0xe98d38eb6768
0x4037ba,0xc48ca9045ab8
0x4037ba,0x9e9c4d9909a0
0x4037aa,0xe98d38ec2768
0x4037aa,0xe98d38f11368
0x4037aa,0xe98d38eeb568
0x4037aa,0x9a06820fbf68
0x4037ba,0xd79e62addc40
0x4037aa,0x7a1900d59fa8
0x4037ba,0xd79e62b18998
0x4037aa,0xe98d38ead7a8
0x4037ba,0x28e837dc63b8
0x4037ba,0xd79e62afebe0
0x4037aa,0xe98d38f201a8
0x4037ba,0x5829a6ed2e98
0x4037c1,0xd79e62c098d0
0x4037aa,0xe98d38e909a8
0x4037c1,0xd79e62b9e510
0x4037aa,0xe98d38f211a8
0x4037aa,0x9a068210cda8
0x4037c1,0x28e837d623c0
0x4037c1,0x6c6f1e4c7280
0x4037aa,0xc8fba3328ba8
0x4037aa,0x90865318d7a8
0x4037ba,0xd79e62a6cd80
0x4037aa,0xe98d38f063a8
0x4037aa,0xe98d38e989a8
0x4037c1,0xd79e62a872a8
0x4037ba,0xd79e62b45338
0x4037c1,0xd79e62afa4f0
0x4037aa,0x9a06820f0fa8
0x4037aa,0xe98d38f0b3a8
0x4037aa,0xe98d38ee65a8
0x4037aa,0xe98d38ea09a8
0x4037aa,0x9a06820f4fa8
0x4037aa,0xe98d38f113a8
0x4037aa,0x665a07f6cda8
0x4037aa,0x9a06820f9fa8
0x4037ba,0x28e837e39120
0x4037aa,0x7a1900d58fe8
0x4037c1,0xa21321b2ec0
0x4037aa,0xe98d38ed25e8
0x4037ba,0xd79e62c18988
0x4037ba,0xd79e62a5bda8
0x4037aa,0x665a07f7ebe8
0x4037aa,0xe98d38f023e8
0x4037ba,0x98f5690d9130
0x4037ba,0xa21322047c8
0x4037aa,0xe6f224c38fe8
0x4037aa,0xe98d38f2c1e8
0x4037ba,0xa2132195118
0x4037ba,0xa1abd800d798
0x4037aa,0xe98d38ec47e8
0x4037ba,0xd79e62b71378
0x4037aa,0xe98d38f331e8
0x4037aa,0x9a06820f8fe8
0x4037c1,0xee30bb941180
0x4037aa,0x71bb2b1ec1e8
0x4037ba,0x28e837d610e0
0x4037c1,0x28e837d9dc68
0x4037aa,0x7cb731987228
0x4037aa,0xe98d38e87a28
0x4037aa,0xe98d38ef6428
0x4037ba,0xa1abd803dc40
0x4037aa,0x665a07f76c28
0x4037aa,0xe98d38eae828
0x4037aa,0xe98d38f27228
0x4037aa,0x5715a8d51e28
0x4037ba,0x28e837c92ee0
0x4037ba,0xa7d08ad11e08
0x4037ba,0x28e837c931f0
0x4037aa,0xc8fba3336c28
0x4037c1,0xd79e62b801b0
0x4037aa,0xe98d38ea7a28
0x4037aa,0x665a07f71e28
0x4037ba,0x28e837dec1e8
0x4037aa,0xe98d38f16428
0x4037aa,0xe98d38ecc668
0x4037aa,0x665a07f7dc68
0x4037c1,0x28e837e27c58
0x4037ba,0x28e837e325c8
0x4037c1,0x8ad3301bebe8
0x4037aa,0x665a07f81c68
0x4037aa,0xc8fba3327c68
0x4037aa,0xc8fba3331c68
0x4037aa,0xe98d38eec668
0x4037aa,0xe98d38f35268
0x4037aa,0xe98d38e85aa8
0x4037aa,0x7cb7319872a8
0x4037ba,0xd79e62ad0f90
0x4037c1,0x28e837d76750
0x4037ba,0xd79e62bd31d8
0x4037aa,0xe98d38f272a8
0x4037aa,0x5715a8d52ea8
0x4037aa,0xc8fba332bca8
0x4037ba,0x28e837c925f0
0x4037aa,0xe98d38ea5aa8
0x4037ba,0xea2062d6438
0x4037ba,0xa21321e1180
0x4037ba,0x28e837e53558
0x4037aa,0xe98d38ea98e8
0x4037ba,0xd79e62bfbd98
0x4037aa,0xe98d38efa4e8
0x4037aa,0xe98d38f410e8
0x4037c1,0xd79e62bf25d8
0x4037aa,0xc8fba3327ce8
0x4037aa,0x5715a8d52ee8
0x4037aa,0xe98d38ec08e8
0x4037ba,0xe8035e467298
0x4037aa,0xe98d38ec98e8
0x4037ba,0xea2062d6778
0x4037aa,0xe98d38f39128
0x4037ba,0xd79e62b010e8
0x4037aa,0x665a07f73d28
0x4037ba,0xd79e62a67cc0
0x4037aa,0xe98d38ed4728
0x4037ba,0x28e837e525c8
0x4037aa,0xe98d38efc528
0x4037aa,0xe98d38efe528
0x4037ba,0xd79e62a5bf48
0x4037aa,0xe98d38f43128
0x4037aa,0xe98d38f45128
0x4037ba,0xd79e62a56c38
0x4037aa,0xe98d38f25328
0x4037aa,0xe98d38ee5728
0x4037c1,0xd79e62b047f8
0x4037aa,0xc8fba3333d28
0x4037ba,0xa21321d5240
0x4037aa,0xe98d38f55128
0x4037aa,0x1a70aa83c528
0x4037aa,0xe98d38f59128
0x4037aa,0xe98d38ef3568
0x4037ba,0xea2062be518
0x4037ba,0x28e837cd31e8
0x4037ba,0x28e837d90f90
0x4037aa,0xe98d38ed6768
0x4037aa,0x665a07f7ed68
0x4037aa,0x665a07f80d68
0x4037aa,0xe98d38ee2768
0x4037aa,0xe98d38f0b568
0x4037aa,0xe98d38f31368
0x4037aa,0xe98d38f13568
0x4037ba,0xd79e62badfe0
0x4037aa,0xe98d38ecd7a8
0x4037ba,0xd79e62b6c1d8
0x4037aa,0xe98d38e88ba8
0x4037ba,0xd79e62b623f0
0x4037ba,0xd79e62b1c518
0x4037aa,0xe98d38eb09a8
0x4037aa,0xe98d38f401a8
0x4037aa,0xe98d38f411a8
0x4037aa,0x665a07f7bda8
0x4037aa,0xe98d38eb89a8
0x4037aa,0xe98d38f263a8
0x4037aa,0xe98d38f065a8
0x4037aa,0xe98d38f2b3a8
0x4037ba,0x28e837d41c48
0x4037aa,0xc8fba332cda8
0x4037ba,0xd79e62b07cf0
0x4037aa,0xe98d38ec09a8
0x4037c1,0xd79e62accd90
0x4037ba,0x28e837d823d8
0x4037aa,0xe98d38f313a8
0x4037ba,0xa1abd7ff1c48
0x4037ba,0xd79e62b91e08
0x4037ba,0xea206312e80
0x4037aa,0xe98d38eed7a8
0x4037ba,0xd79e62b00990
0x4037aa,0x665a07f70fa8
0x4037aa,0xe98d38ea8ba8
0x4037aa,0xe98d38ef25e8
0x4037ba,0xa21321b8980
0x4037aa,0xe98d38f223e8
0x4037aa,0x9a068210dfe8
0x4037aa,0xe98d38f4c1e8
0x4037aa,0xe98d38ee47e8
0x4037aa,0xe98d38e9ebe8
0x4037ba,0x28e837db9130
0x4037aa,0xe98d38f531e8
0x4037ba,0x28e837dab548
0x4037aa,0xe98d38f125e8
0x4037aa,0x665a07f6dfe8
0x4037aa,0xe98d38ece828
0x4037ba,0xd79e62b8b398
0x4037aa,0xe98d38f47228
0x4037aa,0xe98d38e96c28
0x4037ba,0xd79e62a92ef8
0x4037aa,0xc8fba3331e28
0x4037ba,0xd79e62ac5a80
0x4037ba,0xee30bb94e800
0x4037aa,0xe98d38ec7a28
0x4037aa,0xe98d38eee828
0x4037aa,0xe98d38f36428
0x4037ba,0x5829a6ec10d8
0x4037aa,0xe98d38e87c68
0x4037c1,0xea206303110
0x4037ba,0x28e837d74f80
0x4037ba,0x6c537033bdb8
0x4037ba,0xd79e62a67c58
0x4037aa,0xe98d38e91c68
0x4037ba,0x28e837e32eb8
0x4037ba,0x28e837dc23e8
0x4037ba,0xe8035e463118
0x4037ba,0x28e837d21c60
0x4037ba,0x28e837cd5268
0x4037ba,0xd79e62a92e90
0x4037aa,0xe98d38e9dc68
0x4037aa,0xe98d38f0c668
0x4037aa,0xe98d38ea1c68
0x4037ba,0xa21321e7ce8
0x4037aa,0xe98d38f55268
0x4037aa,0xe98d38ea7c68
0x4037ba,0xe8035e45bf40
0x4037aa,0x665a07f72ea8
0x4037ba,0x28e837e38ff0
0x4037ba,0x28e837e55258
0x4037aa,0xe98d38e8bca8
0x4037ba,0xa21322001b0
0x4037ba,0xa1abd801dc68
0x4037c1,0xa2132208bb0
0x4037aa,0xe98d38f472a8
0x4037ba,0x28e837dcc1f0
0x4037ba,0xd79e62a91e18
0x4037aa,0xc8fba3332ea8
0x4037aa,0xe98d38ec5aa8
0x4037c1,0xd79e62c47230
0x4037aa,0x665a07f72ee8
0x4037aa,0xe98d38e87ce8
0x4037aa,0xe98d38f1a4e8
0x4037ba,0x28e837e60d78
0x4037ba,0x28e837d3e538
0x4037aa,0xe98d38f610e8
0x4037ba,0xd79e62a9c538
0x4037ba,0x28e837dfbf68
0x4037ba,0xd79e62bf1360
0x4037ba,0x28e837e54720
0x4037c1,0x6c6f1e4c23f8
0x4037ba,0x6c5370333550
0x4037ba,0xa21321d4718
0x4037aa,0xe98d38ee08e8
0x4037aa,0xe98d38ee98e8
0x4037aa,0xc8fba3332ee8
0x4037c1,0x28e837d87298
0x4037ba,0x28e837cb3d20
0x4037aa,0xe98d38ea7ce8
0x4037aa,0xe98d38ef4728
0x4037ba,0xa213218c1f0
0x4037c1,0x28e837cdbf50
0x4037aa,0xe98d38f1c528
0x4037aa,0xe98d38f63128
0x4037ba,0xd79e62bd6c08
0x4037aa,0xe98d38f1e528
0x4037ba,0xea206316c38
0x4037aa,0xe98d38f65128
0x4037aa,0xe98d38f45328
0x4037aa,0xe98d38e93d28
0x4037aa,0xe98d38f05728
0x4037ba,0xa1abd7fd3548
0x4037ba,0x28e837cd5130
0x4037ba,0xa2132195250
0x4037ba,0xd79e62a78fe0
0x4037aa,0xe98d38f75128
0x4037aa,0xe98d38f79128
0x4037aa,0xe98d38f14728
0x4037aa,0xe98d38ef6768
0x4037c1,0xa1abd7fd9fb0
0x4037aa,0x665a07f7bf68
0x4037ba,0x6c537033bf58
0x4037aa,0xe98d38f02768
0x4037aa,0xe98d38f2b568
0x4037ba,0x28e837d9bf58
0x4037aa,0xe98d38e9ed68
0x4037aa,0xe98d38ea0d68
0x4037aa,0xe98d38f51368
0x4037aa,0xe98d38f33568
0x4037aa,0xe98d38f16768
0x4037aa,0x665a07f74fa8
0x4037aa,0xe98d38ed09a8
0x4037aa,0xe98d38f601a8
0x4037aa,0xe98d38f611a8
0x4037aa,0xe98d38e8cda8
0x4037aa,0x665a07f79fa8
0x4037aa,0xe98d38ed89a8
0x4037c1,0x28e837d02768
0x4037aa,0xe98d38f463a8
0x4037aa,0xe98d38f265a8
0x4037ba,0xd79e62a91c78
0x4037aa,0xe98d38ee09a8
0x4037aa,0xf848bcf0b3a8
0x4037c1,0xd79e62a872a8
0x4037aa,0xe98d38f4b3a8
0x4037aa,0xe98d38e9bda8
0x4037aa,0xe98d38f0d7a8
0x4037ba,0xd79e62b91378
0x4037aa,0xc8fba3330fa8
0x4037aa,0xe98d38f513a8
0x4037aa,0xc8fba3334fa8
0x4037aa,0xe98d38ec8ba8
0x4037aa,0xe98d38ef09a8
0x4037c1,0x28e837cf6c00
0x4037c1,0x28e837e6c1c8
0x4037aa,0x665a07f78fe8
0x4037aa,0xe98d38f423e8
0x4037ba,0xea2062c1190
0x4037aa,0xe98d38f047e8
0x4037aa,0xe98d38f6c1e8
0x4037aa,0xe98d38ebebe8
0x4037aa,0xc8fba332dfe8
0x4037ba,0xea20631dc58
0x4037aa,0xe98d38f731e8
0x4037ba,0xd79e62b9a4d8
0x4037c1,0x5829a6ed9100
0x4037ba,0xc48ca9045300
0x4037aa,0xe98d38f325e8
0x4037c1,0x5829a6ed9fa0
0x4037ba,0xea2062c10c0
0x4037ba,0xa1abd7febcb8
0x4037ba,0xd79e62c31e20
0x4037ba,0x80a6dabf6430
0x4037aa,0xe98d38e91e28
0x4037aa,0xe98d38f67228
0x4037c1,0x5829a6ec72b0
0x4037aa,0xe98d38eb6c28
0x4037ba,0xe8035e4623f8
0x4037ba,0xd79e62abed60
0x4037ba,0xd79e62a81c58
0x4037aa,0xe98d38ee7a28
0x4037aa,0xe98d38f0e828
0x4037c1,0x28e837d52ed8
0x4037aa,0xe98d38f56428
0x4037c1,0xea2062ed7a8
0x4037c1,0xd79e62aa2740
0x4037ba,0x6c537034b3a0
0x4037ba,0xd79e62bbebf8
0x4037c1,0x98f5690ddc58
0x4037ba,0xd79e62ac23e8
0x4037aa,0xe98d38eb1c68
0x4037c1,0xee30bb9447e8
0x4037c1,0xea2062cbc80
0x4037ba,0xc48ca9045ab8
0x4037ba,0xa21321a47c0
0x4037aa,0xe98d38ebdc68
0x4037aa,0xe98d38f2c668
0x4037ba,0xa1abd801dc68
0x4037aa,0xe98d38ec1c68
0x4037ba,0xea20632c1e0
0x4037aa,0xe98d38f75268
0x4037ba,0xd79e62a9e528
0x4037ba,0x28e837cf1398
0x4037ba,0xea20632dfe8
0x4037c1,0xa2132205328
0x4037aa,0x71bb2b1ec668
0x4037aa,0xe98d38ec7c68
0x4037c1,0x28e837d9dc68
0x4037aa,0xc9394d352ea8
0x4037aa,0xe98d38eabca8
0x4037ba,0xa1abd7fe98d8
0x4037c1,0xd79e62b9e510
0x4037aa,0xe98d38f672a8
0x4037aa,0xe98d38e92ea8
0x4037ba,0x6c6f1e4c1c58
0x4037ba,0xd79e62b79f80
0x4037ba,0xd79e62b8bc88
0x4037aa,0xe98d38ee5aa8
0x4037ba,0x28e837c90fb0
0x4037ba,0xa1abd8027210
0x4037ba,0x6c5370339f80
0x4037ba,0x28e837d85aa0
0x4037ba,0xa21321d5240
0x4037aa,0xe98d38ecbca8
0x4037c1,0xa21321e5320
0x4037aa,0xc9394d352ee8
0x4037aa,0xe98d38f3a4e8
0x4037c1,0xa21321b2ec0
0x4037aa,0xe98d38f810e8
0x4037ba,0xd79e62c40d60
0x4037c1,0xa21321a7208
0x4037aa,0x74d6677410e8
0x4037ba,0x28e837cf09b8
0x4037ba,0xa7d08ad11378
0x4037aa,0xe98d38f008e8
0x4037aa,0xe98d38e92ee8
0x4037ba,0xd79e62b08b88
0x4037c1,0xa1abd7fe7220
0x4037ba,0xd79e62afdc50
0x4037aa,0xe98d38f098e8
0x4037ba,0x28e837e36430
0x4037aa,0xe98d38ec7ce8
0x4037aa,0xe98d38f5a4e8
0x4037ba,0xd79e62b447e0
0x4037ba,0x28e837cc3138
0x4037aa,0xe98d38f3c528
0x4037ba,0xd79e62af0fb0
0x4037aa,0xe98d38f83128
0x4037aa,0xe98d38f3e528
0x4037aa,0xe98d38eb3d28
0x4037aa,0xe98d38f65328
0x4037aa,0x74d667743128
0x4037aa,0x74d667745128
0x4037ba,0x28e837d39f88
0x4037ba,0x28e837d823d8
0x4037aa,0xe98d38f25728
0x4037ba,0xd79e62b71378
0x4037ba,0x28e837d6e820
0x4037c1,0xd79e62afa4f0
0x4037aa,0x74d667755128
0x4037aa,0x5fdc43f39128
0x4037aa,0xe98d38f34728
0x4037ba,0xd79e62b33540
0x4037ba,0x28e837cd31e8
0x4037aa,0x74d667759128
0x4037ba,0xa1abd7ffdc70
0x4037ba,0x9e9c4d98b398
0x4037ba,0xd79e62a67298
0x4037ba,0xa1abd8013d20
0x4037aa,0xe98d38f22768
0x4037ba,0xd79e62af4718
0x4037aa,0xf848bcf0b568
0x4037aa,0xe98d38f4b568
0x4037aa,0xe98d38e9bf68
0x4037aa,0xe98d38ebed68
0x4037aa,0xe98d38f71368
0x4037aa,0xe98d38ec0d68
0x4037aa,0xe98d38f53568
0x4037aa,0xe98d38f36768
0x4037c1,0x28e837e65ab0
0x4037aa,0xe98d38f801a8
0x4037ba,0x28e837ca5708
0x4037aa,0xe98d38f811a8
0x4037aa,0xe98d38eacda8
0x4037aa,0xe98d38ef89a8
0x4037aa,0x74d6677401a8
0x4037aa,0x74d6677411a8
0x4037aa,0xe98d38e90fa8
0x4037aa,0xe98d38f663a8
0x4037aa,0xe98d38f009a8
0x4037aa,0xe98d38f465a8
0x4037aa,0xe98d38e94fa8
0x4037ba,0xd79e62ab6c18
0x4037aa,0xe98d38f6b3a8
0x4037aa,0xe98d38ebbda8
0x4037aa,0xe98d38e99fa8
0x4037aa,0xe98d38f713a8
0x4037aa,0xe98d38f2d7a8
0x4037c1,0xea20631a4c0
0x4037aa,0xe98d38ee8ba8
0x4037aa,0xe98d38f109a8
0x4037aa,0xdd2838a94fa8
0x4037aa,0x257ba86ed7a8
0x4037ba,0x6c537033bdb8
0x4037ba,0x28e837d65a80
0x4037aa,0xca49da34c1e8
0x4037ba,0x28e837e60d78
0x4037ba,0xd79e62ae47d8
0x4037aa,0xe98d38f623e8
0x4037c1,0xa1abd7fd9fb0
0x4037aa,0xe98d38e8dfe8
0x4037aa,0x71bb2b2423e8
0x4037ba,0xd79e62b023e0
0x4037aa,0xe98d38f247e8
0x4037ba,0xd79e62addc40
0x4037aa,0xe98d38edebe8
0x4037aa,0xe98d38e98fe8
0x4037aa,0x74d66774c1e8
0x4037aa,0x74d6677531e8
0x4037aa,0xe98d38f525e8
0x4037ba,0xd79e62bf1c50
0x4037ba,0xd79e62a5bda8
0x4037ba,0x28e837d59128
0x4037aa,0xe98d38eb1e28
0x4037aa,0xe98d38ed6c28
0x4037aa,0x74d667747228
0x4037aa,0xe98d38f07a28
0x4037ba,0xa1abd7fd3d00
0x4037aa,0xe98d38f2e828
0x4037ba,0xd79e62be8b90
0x4037ba,0xd79e62ba23d0
0x4037aa,0xe98d38f76428
0x4037ba,0x28e837e2b548
0x4037aa,0xe98d38ed1c68
0x4037ba,0x5829a6ecbca0
0x4037aa,0xe98d38eddc68
0x4037aa,0xe98d38ee1c68
0x4037aa,0xe98d38f4c668
0x4037c1,0x28e837de5a90
0x4037aa,0xe98d38ee7c68
0x4037ba,0xd79e62ac5330
0x4037ba,0x28e837dd3d08
0x4037aa,0x74d667755268
0x4037c1,0xd79e62ae7c60
0x4037c1,0xa1abd804cda8
0x4037ba,0xd79e62af6420
0x4037ba,0xa1abd7ff1c48
0x4037aa,0xe98d38ef1c68
0x4037ba,0xa21321bbd88
0x4037ba,0xa1abd8019fb0
0x4037aa,0xe98d38eb2ea8
0x4037ba,0xa1abd7fd3548
0x4037ba,0xea20633dc50
0x4037ba,0xd79e62a67cc0
0x4037aa,0x74d6677472a8
0x4037aa,0xe98d38f05aa8
0x4037aa,0xe98d38eebca8
0x4037ba,0x28e837d21c60
0x4037ba,0x28e837dab548
0x4037ba,0x5829a6ec10d8
0x4037ba,0x28e837cf9138
0x4037aa,0x74d6677610e8
0x4037aa,0xe98d38eb2ee8
0x4037aa,0xe98d38f208e8
0x4037ba,0xa1abd801dc68
0x4037ba,0x28e837c92ee0
0x4037aa,0xe98d38f298e8
0x4037aa,0xe98d38ee7ce8
0x4037aa,0xe98d38f7a4e8
0x4037ba,0xd79e62b423e8
0x4037ba,0x28e837cb1e10
0x4037aa,0xe98d38f5c528
0x4037ba,0xd79e62a56c38
0x4037aa,0xe98d38f5e528
0x4037aa,0xe98d38ed3d28
0x4037aa,0x74d667763128
0x4037aa,0x74d667765128
0x4037c1,0x28e837e5bf50
0x4037aa,0xe98d38f45728
0x4037aa,0x74d667745328
0x4037ba,0x28e837d610e0
0x4037ba,0xd79e62a9e528
0x4037aa,0x74d667775128
0x4037aa,0x74d667779128
0x4037aa,0xe98d38f54728
0x4037aa,0xe98d38f7c528
0x4037ba,0xd79e62ab6c18
0x4037aa,0xe98d38f7e528
0x4037ba,0x28e837ce11a0
0x4037ba,0xa1abd7ffdc70
0x4037ba,0xd79e62b2d7a8
0x4037ba,0xa1abd802cd88
0x4037ba,0xea206312ee8
0x4037ba,0xd79e62a91388
0x4037aa,0xe98d38f42768
0x4037ba,0x5829a6ec2750
0x4037aa,0xe98d38f6b568
0x4037aa,0xe98d38eded68
0x4037aa,0xe98d38ee0d68
0x4037aa,0xe98d38ebbf68
0x4037aa,0xe98d38f73568
0x4037aa,0x74d667751368
0x4037ba,0x28e837db9130
0x4037ba,0x28e837da8b88
0x4037c1,0xd79e62b047f8
0x4037aa,0xe98d38f56768
0x4037ba,0xd79e62ae2750
0x4037aa,0xe98d38eccda8
0x4037ba,0xa21321fa4c8
0x4037aa,0xe98d38f189a8
0x4037c1,0xea206303110
0x4037c1,0xd79e62b95130
0x4037aa,0x74d6677601a8
0x4037aa,0x74d6677611a8
0x4037aa,0xe98d38eb0fa8
0x4037ba,0xe8035e467c58
0x4037ba,0xd79e62bf1360
0x4037aa,0xe98d38f209a8
0x4037aa,0xe98d38eb4fa8
0x4037aa,0xe98d38f665a8
0x4037aa,0xe98d38edbda8
0x4037aa,0x74d6677463a8
0x4037aa,0xe98d38eb9fa8
0x4037aa,0x74d66774b3a8
0x4037aa,0xe98d38f08ba8
0x4037aa,0xe98d38f4d7a8
0x4037aa,0x74d6677513a8
0x4037aa,0xe98d38f309a8
0x4037aa,0xe98d38eecda8
0x4037ba,0xea2063131c0
0x4037ba,0x28e837cad7b8
0x4037ba,0xd79e62a6cd80
0x4037c1,0x28e837d9dc68
0x4037ba,0x28e837e63128
0x4037aa,0xe98d38f823e8
0x4037aa,0xe98d38eadfe8
0x4037ba,0xd79e62bc7c70
0x4037c1,0xd79e62a99f80
0x4037aa,0x74d6677423e8
0x4037aa,0xe98d38efebe8
0x4037aa,0xe98d38f447e8
0x4037aa,0xe98d38eb8fe8
0x4037aa,0x74d66776c1e8
0x4037ba,0xd79e62bd31d8
0x4037aa,0x90865318dfe8
0x4037ba,0xd79e62b54f80
0x4037ba,0xea2063210c0
0x4037aa,0xe98d38f725e8
0x4037ba,0x28e837d12eb0
0x4037aa,0x74d6677731e8
0x4037ba,0xea206325100
0x4037ba,0x28e837cc3138
0x4037ba,0xd79e62af6760
0x4037c1,0xea2062ed7a8
0x4037c1,0xd79e62c27208
0x4037aa,0x7cb731987a28
0x4037aa,0xe98d38ef6c28
0x4037ba,0xea2062be518
0x4037aa,0xe98d38ed1e28
0x4037ba,0x28e837d9a4f0
0x4037ba,0x28e837d11e30
0x4037ba,0xd79e62a78fe0
0x4037aa,0x74d667767228
0x4037ba,0xd79e62b9bf78
0x4037ba,0x98f5690dbd98
0x4037aa,0xe98d38f27a28
0x4037ba,0xd79e62b07cf0
0x4037ba,0x28e837cf1398
0x4037aa,0xe98d38f4e828
0x4037ba,0x28e837e51388
0x4037ba,0xa1abd7fe0988
0x4037aa,0x74d667756428
0x4037aa,0xe98d38f16c28
0x4037aa,0xe98d38ef1e28
0x4037ba,0x28e837cb9fa0
0x4037ba,0xd79e62b13d28
0x4037c1,0xea2062fbf60
0x4037aa,0xe98d38efdc68
0x4037ba,0x6c6f1e4c10f8
0x4037aa,0xe98d38f01c68
0x4037aa,0xe98d38f6c668
0x4037ba,0x28e837cd5130
0x4037ba,0x6c5370333550
0x4037aa,0xe98d38f07c68
0x4037aa,0x74d667775268
0x4037ba,0x28e837dbc538
0x4037aa,0xe98d38f11c68
0x4037aa,0xe98d38ed2ea8
0x4037ba,0xd79e62b40d58
0x4037ba,0xd79e62b010e8
0x4037aa,0x74d6677672a8
0x4037aa,0xe98d38f25aa8
0x4037ba,0x6c6f1e4c1c58
0x4037aa,0xe98d38f0bca8
0x4037ba,0x28e837e38ff0
0x4037ba,0xd79e62bc7cd8
0x4037aa,0x74d6677810e8
0x4037ba,0xd79e62afebe0
0x4037ba,0xa1abd802c1c0
0x4037ba,0x28e837e52eb8
0x4037aa,0xe98d38ed2ee8
0x4037ba,0xa21321fed68
0x4037aa,0xe98d38f408e8
0x4037ba,0x28e837c95268
0x4037ba,0x28e837dd6c10
0x4037aa,0xe98d38f498e8
0x4037aa,0xe98d38f07ce8
0x4037ba,0x28e837cb6770
0x4037ba,0x9e9c4d8fa4e8
0x4037c1,0xd79e62bb8fd0
0x4037aa,0x74d6677a10e8
0x4037aa,0x74d66775a4e8
0x4037aa,0xe98d38ef3d28
0x4037aa,0x74d667783128
0x4037aa,0x74d667785128
0x4037aa,0x74d66773e528
0x4037ba,0x28e837cfe508
0x4037ba,0xd79e62bc7a00
0x4037aa,0x74d667765328
0x4037aa,0xe98d38f65728
0x4037ba,0x28e837cf9138
0x4037ba,0xd79e62b6c1d8
0x4037c1,0x28e837d623c0
0x4037ba,0x28e837cd31e8
0x4037aa,0x74d667795128
0x4037ba,0x28e837c90998
0x4037aa,0x74d667799128
0x4037aa,0xe98d38f74728
0x4037c1,0x28e837d52ed8
0x4037aa,0xe98d38f13d28
0x4037aa,0x74d6677a3128
0x4037c1,0xd79e62a6d798
0x4037aa,0xe98d38f62768
0x4037aa,0x71bb2b242768
0x4037aa,0xe98d38efed68
0x4037ba,0xd79e62a56c38
0x4037aa,0xe98d38f00d68
0x4037aa,0xe98d38edbf68
0x4037ba,0xea2063047f0
0x4037aa,0x74d66774b568
0x4037aa,0x74d667771368
0x4037aa,0x74d667753568
0x4037aa,0xe98d38f76768
0x4037aa,0xe98d38f389a8
0x4037aa,0x74d6677801a8
0x4037aa,0x74d6677811a8
0x4037aa,0xe98d38ed0fa8
0x4037aa,0xe98d38ed4fa8
0x4037ba,0x28e837cadfd8
0x4037aa,0xe98d38efbda8
0x4037aa,0xe98d38f409a8
0x4037aa,0x74d6677663a8
0x4037aa,0xe98d38ed9fa8
0x4037aa,0x74d6677465a8
0x4037ba,0xd79e62a9ed48
0x4037aa,0x74d66776b3a8
0x4037aa,0x92da1fa509a8
0x4037c1,0x6c6f1e4c7280
0x4037aa,0xe98d38f28ba8
0x4037aa,0xe98d38f6d7a8
0x4037aa,0x74d6677713a8
0x4037aa,0xe98d38f0cda8
0x4037aa,0xe98d38f509a8
0x4037ba,0xe8035e4665a8
0x4037ba,0x28e837e39120
0x4037aa,0x74d6677a01a8
0x4037aa,0x74d6677a11a8
0x4037aa,0xe98d38f589a8
0x4037aa,0xe98d38ef0fa8
0x4037aa,0xe98d38ecdfe8
0x4037aa,0x74d6677623e8
0x4037aa,0xe98d38f1ebe8
0x4037aa,0xe98d38f647e8
0x4037ba,0xd79e62c35120
0x4037aa,0xe98d38ed8fe8
0x4037aa,0x74d66778c1e8
0x4037ba,0xa1abd7fe47d8
0x4037aa,0x74d6677931e8
0x4037aa,0x74d6677525e8
0x4037ba,0xa1abd8045130
0x4037c1,0x28e837d62768
0x4037ba,0xd79e62afdc50
0x4037aa,0xe98d38eedfe8
0x4037c1,0xa1abd804cda8
0x4037ba,0x28e837e32eb8
0x4037ba,0xa1abd804b540
0x4037aa,0x74d667787228
0x4037aa,0xe98d38f47a28
0x4037ba,0x28e837c925f0
0x4037aa,0xe98d38f6e828
0x4037ba,0xea2063072a8
0x4037ba,0x28e837e601b0
0x4037ba,0xa1abd8027210
0x4037ba,0xea2062d6438
0x4037aa,0x74d667776428
0x4037aa,0xe98d38f11e28
0x4037c1,0xea2062cbc80
0x4037aa,0xe98d38f36c28
0x4037ba,0x28e837d823d8
0x4037aa,0xca49da34c668
0x4037aa,0x7cb731987c68
0x4037ba,0xea2062d5130
0x4037ba,0xea20631ebe0
0x4037aa,0xe98d38f1dc68
0x4037ba,0x28e837e26588
0x4037ba,0xa1abd7ffc530
0x4037aa,0xe98d38f21c68
0x4037aa,0xe98d38f27c68
0x4037ba,0xd79e62a92ef8
0x4037aa,0x74d66774c668
0x4037aa,0x74d667795268
0x4037ba,0xd79e62ae2750
0x4037aa,0xe98d38f31c68
0x4037ba,0xea20633dc50
0x4037ba,0xd79e62c40198
0x4037aa,0xe98d38ef2ea8
0x4037ba,0x28e837d9bdb8
0x4037aa,0x74d6677872a8
0x4037c1,0x28e837d02768
0x4037aa,0xe98d38f45aa8
0x4037c1,0x6c6f1e4c23f8
0x4037aa,0xe98d38f2bca8
0x4037ba,0x28e837df2ee8
0x4037ba,0x28e837dc23e8
0x4037aa,0xe98d38f12ea8
0x4037aa,0xe98d38ef2ee8
0x4037aa,0x7cb731987ce8
0x4037ba,0xd79e62c3c510
0x4037aa,0xe98d38f608e8
0x4037ba,0xa21321d5108
0x4037c1,0x5829a6ec72b0
0x4037aa,0xe98d38f698e8
0x4037aa,0xe98d38f27ce8
0x4037ba,0x28e837db9130
0x4037ba,0x28e837cb6430
0x4037ba,0xe8035e4663a0
0x4037aa,0x74d6677c10e8
0x4037c1,0x28e837d52ed8
0x4037aa,0xe98d38f12ee8
0x4037aa,0x74d66777a4e8
0x4037c1,0x28e837d9dc68
0x4037aa,0x74d6677a5128
0x4037ba,0xe8035e45ebf8
0x4037aa,0x74d66775c528
0x4037c1,0xa21321b2ec0
0x4037aa,0x74d66775e528
0x4037aa,0x74d667785328
0x4037ba,0xd79e62ab4fb8
0x4037ba,0x28e837e73d38
0x4037ba,0x28e837c92ee0
0x4037aa,0x74d667745728
0x4037aa,0x74d6677b5128
0x4037ba,0x28e837dd3d08
0x4037ba,0xd79e62a67298
0x4037aa,0x74d6677b9128
0x4037ba,0x28e837cc23e0
0x4037aa,0x74d667754728
0x4037aa,0xe98d38f33d28
0x4037aa,0x74d6677c3128
0x4037aa,0x74d6677c5128
0x4037ba,0x6c5370333d08
0x4037aa,0x74d66777c528
0x4037aa,0x74d66777e528
0x4037aa,0xe98d38f82768
0x4037ba,0xa1abd8046398
0x4037aa,0xe98d38efbf68
0x4037aa,0xe98d38f1ed68
0x4037ba,0xd79e62adebe0
0x4037ba,0xd79e62afdc50
0x4037aa,0x74d667742768
0x4037aa,0xe98d38f20d68
0x4037ba,0x28e837d010c0
0x4037ba,0xea2063210c0
0x4037ba,0x28e837c88ba8
0x4037aa,0x74d66776b568
0x4037aa,0x74d667791368
0x4037ba,0xd79e62bd31d8
0x4037ba,0xd79e62b08b88
0x4037aa,0x74d667773568
0x4037c1,0x28e837d62768
0x4037aa,0x74d667756768
0x4037ba,0xa1abd804b3a0
0x4037ba,0xd79e62ae5730
0x4037ba,0x28e837e298c0
0x4037aa,0xe98d38ef4fa8
0x4037ba,0x28e837d5ed78
0x4037ba,0x98f5690d9130
0x4037aa,0xe98d38f1bda8
0x4037aa,0xe98d38f609a8
0x4037ba,0x28e837e53d10
0x4037aa,0x74d6677863a8
0x4037aa,0xe98d38ef9fa8
0x4037ba,0xa213219ebf0
0x4037aa,0x74d66778b3a8
0x4037aa,0x74d6677665a8
0x4037ba,0x6c537034bc90
0x4037c1,0xd79e62a73550
0x4037aa,0x74d6677913a8
0x4037aa,0xe98d38f48ba8
0x4037aa,0x9086531863a8
0x4037c1,0xa1abd8032e80
0x4037aa,0x74d66774d7a8
0x4037aa,0xe98d38f709a8
0x4037aa,0xe98d38f2cda8
0x4037ba,0x28e837df2e80
0x4037ba,0xd79e62ac7288
0x4037aa,0x74d6677c01a8
0x4037aa,0x74d6677c11a8
0x4037aa,0xe98d38f10fa8
0x4037aa,0xe98d38f789a8
0x4037aa,0x71bb2b1ecda8
0x4037aa,0xe98d38f14fa8
0x4037aa,0x202442f125e8
0x4037aa,0x74d6677823e8
0x4037ba,0xa1abd8020d78
0x4037c1,0xd79e62b95130
0x4037aa,0xe98d38ef8fe8
0x4037aa,0xe98d38f3ebe8
0x4037ba,0xa21322001b0
0x4037aa,0x74d6677ac1e8
0x4037ba,0xa1abd800c1f0
0x4037c1,0xa21321a7208
0x4037ba,0xea206322750
0x4037ba,0xa21321e7ce8
0x4037aa,0x74d6677447e8
0x4037aa,0x74d6677b31e8
0x4037c1,0xd79e62bac670
0x4037aa,0x74d6677725e8
0x4037ba,0x28e837e38ff0
0x4037aa,0xe98d38f0dfe8
0x4037aa,0x74d6677a23e8
0x4037ba,0x28e837ca5ab0
0x4037c1,0xd79e62c27208
0x4037aa,0x74d6677a7228
0x4037ba,0xd79e62c34738
0x4037ba,0xd79e62bbebf8
0x4037aa,0xe98d38f67a28
0x4037ba,0x9e9c4d933d30
0x4037aa,0x74d66774e828
0x4037aa,0x74d667796428
0x4037aa,0xe98d38f31e28
0x4037ba,0x28e837d411b8
0x4037aa,0xe98d38f56c28
0x4037aa,0x74d6677c7228
0x4037c1,0x28e837cf6c00
0x4037ba,0xd79e62c40d60
0x4037aa,0x6af9d6dfdc68
0x4037aa,0xe98d38f3dc68
0x4037ba,0xd79e62b79f80
0x4037ba,0xea2062f1c68
0x4037ba,0xa1abd8019110
0x4037aa,0xe98d38f41c68
0x4037c1,0x28e837e27c58
0x4037aa,0xe98d38f47c68
0x4037aa,0x74d6677b5268
0x4037ba,0xd79e62b10fa0
0x4037aa,0x74d66776c668
0x4037ba,0xd79e62bc7a00
0x4037ba,0x28e837e731d8
0x4037c1,0x28e837e56748
0x4037ba,0x28e837db9130
0x4037ba,0x28e837e39120
0x4037ba,0x28e837c95130
0x4037ba,0xd79e62b07a18
0x4037ba,0xd79e62b00990
0x4037ba,0xa1abd7fd3548
0x4037aa,0xe98d38f51c68
0x4037c1,0xa1abd8001198
0x4037ba,0xd79e62c35120
0x4037ba,0xd79e62b45a88
0x4037aa,0x74d6677a72a8
0x4037ba,0x28e837e32eb8
0x4037ba,0xd79e62bd2e90
0x4037aa,0xe98d38f65aa8
0x4037ba,0xe8035e467c58
0x4037c1,0x28e837d76750
0x4037ba,0x6c537034b540
0x4037aa,0xf848bcf0bca8
0x4037c1,0xd79e62a872a8
0x4037aa,0xe98d38f4bca8
0x4037c1,0xd79e62afa4f0
0x4037aa,0xe98d38f32ea8
0x4037aa,0x74d6677c72a8
0x4037aa,0xe98d38f808e8
0x4037ba,0x28e837dec1e8
0x4037ba,0xd79e62c2bc80
0x4037ba,0xa1abd7fd3d00
0x4037aa,0x74d6677408e8
0x4037ba,0x6c537033bdb8
0x4037ba,0xe8035e467cc0
0x4037aa,0xe98d38f47ce8
0x4037ba,0xe8035e45bda0
0x4037aa,0x74d6677498e8
0x4037ba,0xd79e62a92e90
0x4037ba,0xd79e62ae5118
0x4037aa,0xe2032d9410e8
0x4037aa,0x74d6677e10e8
0x4037c1,0xd79e62accd90
0x4037aa,0x74d66779a4e8
0x4037ba,0xd79e62c18988
0x4037aa,0xe98d38f32ee8
0x4037ba,0x28e837d65128
0x4037aa,0x74d6677a5328
0x4037ba,0xe930e6c11350
0x4037ba,0xd79e62b25300
0x4037aa,0x74d667765728
0x4037ba,0xd79e62b1bd98
0x4037aa,0x74d6677d5128
0x4037ba,0x28e837d989b8
0x4037ba,0xd79e62b8b398
0x4037c1,0xa1abd7fe7220
0x4037aa,0x74d6677d9128
0x4037ba,0xd79e62addc40
0x4037c1,0xd79e62bb8fd0
0x4037aa,0x74d667774728
0x4037ba,0x28e837dec660
0x4037aa,0x74d6677e3128
0x4037aa,0x74d66779c528
0x4037aa,0xe98d38f53d28
0x4037ba,0x28e837d59128
0x4037aa,0x74d6677e5128
0x4037aa,0x74d66779e528
0x4037aa,0x74d6677c5328
0x4037ba,0xd79e62a70f90
0x4037aa,0xe98d38f1bf68
0x4037ba,0xe930e6c113b8
0x4037ba,0x28e837d61c40
0x4037aa,0x74d667762768
0x4037aa,0xe98d38f3ed68
0x4037aa,0xe98d38f40d68
0x4037ba,0x6c537032e818
0x4037ba,0xd79e62a72ef8
0x4037aa,0x74d66778b568
0x4037aa,0x74d6677b1368
0x4037aa,0x74d667793568
0x4037ba,0xa1abd7ff5260
0x4037aa,0x74d667776768
0x4037ba,0x28e837dc47d0
0x4037ba,0xd79e62a56c38
0x4037c1,0x28e837e65ab0
0x4037aa,0x74d6677a63a8
0x4037aa,0xe98d38f809a8
0x4037aa,0xe98d38f3bda8
0x4037aa,0xe98d38f19fa8
0x4037aa,0x74d6677865a8
0x4037aa,0x74d6677ab3a8
0x4037ba,0xa1abd80331d8
0x4037aa,0x74d6677409a8
0x4037aa,0x74d6677b13a8
0x4037aa,0xe98d38f68ba8
0x4037ba,0xd79e62b9bf78
0x4037aa,0x74d66776d7a8
0x4037aa,0x9086531865a8
0x4037aa,0xe98d38f4cda8
0x4037aa,0x74d6677e01a8
0x4037aa,0x74d6677509a8
0x4037aa,0xe2032d9411a8
0x4037aa,0x74d6677e11a8
0x4037aa,0xe98d38f30fa8
0x4037ba,0xa21321fed68
0x4037aa,0xe98d38f34fa8
0x4037aa,0x74d6677c63a8
0x4037aa,0x74d6677589a8
0x4037ba,0xd79e62c408e8
0x4037ba,0xa1abd8019110
0x4037aa,0xe98d38f18fe8
0x4037aa,0x74d6677cc1e8
0x4037aa,0xe98d38f5ebe8
0x4037ba,0x28e837e7a4f8
0x4037aa,0x74d6677d31e8
0x4037aa,0x74d6677647e8
0x4037aa,0xd6fa9550c1e8
0x4037aa,0x74d6677925e8
0x4037ba,0xa1abd7fd6778
0x4037aa,0xe98d38f2dfe8
0x4037ba,0xa1abd801dc68
0x4037aa,0x74d6677c23e8
0x4037aa,0x257ba86edfe8
0x4037ba,0xe8035e4665a8
0x4037aa,0xe98d38f7ebe8
0x4037c1,0xea206303110
0x4037ba,0xd79e62badfe0
0x4037c1,0xd79e62c098d0
0x4037ba,0xa1abd8015108
0x4037ba,0xd79e62b07cf0
0x4037aa,0x74d667747a28
0x4037aa,0x74d6677b6428
0x4037ba,0xa1abd7fdebc0
0x4037c1,0x6c6f1e4c23f8
0x4037ba,0x28e837cb6770
0x4037aa,0x74d66776e828
0x4037aa,0xe98d38f51e28
0x4037aa,0xe98d38f76c28
0x4037aa,0x74d6677e7228
0x4037ba,0xd79e62afdc50
0x4037ba,0xa1abd7fe65a0
0x4037aa,0xe98d38f5dc68
0x4037aa,0xe98d38f61c68
0x4037ba,0xa21321e7a10
0x4037ba,0x28e837dfbf68
0x4037aa,0x74d66778c668
0x4037ba,0x28e837c9a4c0
0x4037aa,0x74d6677d5268
0x4037ba,0xea2062c10c0
0x4037aa,0xe98d38f67c68
0x4037c1,0xa2132208bb0
0x4037ba,0xd79e62bbebf8
0x4037ba,0x28e837cf1398
0x4037aa,0xe98d38f71c68
0x4037ba,0xa1abd8000180
0x4037ba,0xd79e62b05128
0x4037c1,0x28e837d87298
0x4037ba,0x28e837dc23e8
0x4037aa,0xe98d38f7dc68
0x4037ba,0xe8035e461188
0x4037ba,0xea2062cd780
0x4037ba,0x28e837e51e18
0x4037ba,0xa21321fa4c8
0x4037c1,0x28e837dfebe8
0x4037ba,0xd79e62b76438
0x4037ba,0x28e837e2bc98
0x4037aa,0x74d667745aa8
0x4037ba,0x28e837cf9138
0x4037c1,0xd79e62bc08f8
0x4037aa,0xe98d38f6bca8
0x4037c1,0xd79e62ace808
0x4037c1,0xa1abd8032e80
0x4037ba,0x6c537034bc90
0x4037aa,0xe98d38f52ea8
0x4037ba,0xd79e62a91e18
0x4037aa,0x74d6677e72a8
0x4037c1,0x28e837e6c1c8
0x4037ba,0x28e837d611b0
0x4037aa,0x74d6677608e8
0x4037aa,0xe98d38f67ce8
0x4037ba,0xd79e62beb570
0x4037aa,0x74d6677698e8
0x4037ba,0x28e837d411b8
0x4037aa,0x74d6677ba4e8
0x4037c1,0xd79e62be47c0
0x4037aa,0x74d6678010e8
0x4037aa,0xe98d38f52ee8
0x4037ba,0x28e837cad7b8
0x4037ba,0x28e837dc8b90
0x4037c1,0x28e837d9dc68
0x4037ba,0xd79e62a6cd80
0x4037aa,0x74d667785728
0x4037c1,0xa1abd801e500
0x4037ba,0xea2062f1378
0x4037aa,0x74d6677f5128
0x4037ba,0xd79e62bd3d38
0x4037aa,0x74d6677f9128
0x4037ba,0x28e837dd3d08
0x4037aa,0x74d667794728
0x4037aa,0x74d6677bc528
0x4037aa,0x74d667803128
0x4037aa,0xe98d38f73d28
0x4037aa,0x74d6677be528
0x4037aa,0x74d667805128
0x4037ba,0xea20633dc50
0x4037aa,0x74d6677e5328
0x4037ba,0xd79e62c13d20
0x4037c1,0x6c5370338990
0x4037aa,0x74d667782768
0x4037aa,0xe98d38f3bf68
0x4037ba,0xa1abd80201b0
0x4037aa,0xe98d38f5ed68
0x4037aa,0xe98d38f60d68
0x4037aa,0x74d6677d1368
0x4037aa,0x74d6677ab568
0x4037ba,0x6c6f1e4c10f8
0x4037aa,0x74d6677b3568
0x4037c1,0xa1abd8047cf0
0x4037ba,0xea206312e80
0x4037aa,0x74d667796768
0x4037ba,0xa21321e7ce8
0x4037ba,0x28e837d5ed78
0x4037ba,0x28e837dd3550
0x4037ba,0x28e837de98e0
0x4037aa,0x74d6677a2768
0x4037aa,0xe98d38f7ed68
0x4037aa,0xe98d38f5bda8
0x4037aa,0x74d6677cb3a8
0x4037aa,0xe98d38f39fa8
0x4037aa,0x74d6677a65a8
0x4037ba,0x5829a6ed2e98
0x4037aa,0x74d6677609a8
0x4037aa,0x74d6677d13a8
0x4037aa,0x74d66778d7a8
0x4037aa,0x92da1fa50fa8
0x4037aa,0x74d667748ba8
0x4037aa,0xe98d38f6cda8
0x4037aa,0x74d6678001a8
0x4037aa,0x74d6677709a8
0x4037aa,0x74d6678011a8
0x4037c1,0xd79e62bc8b88
0x4037aa,0xe98d38f50fa8
0x4037ba,0x28e837d21c60
0x4037aa,0x74d6677789a8
0x4037aa,0xe98d38f54fa8
0x4037aa,0x74d6677e63a8
0x4037aa,0xe98d38f7bda8
0x4037aa,0x74d6677c65a8
0x4037aa,0xe98d38f59fa8
0x4037aa,0xe98d38f38fe8
0x4037aa,0x74d6677ec1e8
0x4037ba,0xa21321e1180
0x4037aa,0x74d6677847e8
0x4037ba,0x28e837d9a4f0
0x4037aa,0x74d66773ebe8
0x4037aa,0x74d6677f31e8
0x4037aa,0x74d6677b25e8
0x4037ba,0x28e837e525c8
0x4037ba,0x28e837e63128
0x4037ba,0xa21321f5130
0x4037ba,0x28e837d010c0
0x4037aa,0xe98d38f4dfe8
0x4037aa,0x74d6677e23e8
0x4037ba,0xea20631dc58
0x4037ba,0xd79e62a91c78
0x4037ba,0x28e837d823d8
0x4037ba,0x28e837ce11a0
0x4037aa,0x74d66780c1e8
0x4037aa,0xe98d38f58fe8
0x4037ba,0xd79e62ad4720
0x4037ba,0xd79e62b1c518
0x4037aa,0x74d667767a28
0x4037aa,0x74d66778e828
0x4037aa,0x74d6677d6428
0x4037c1,0xa2132198998
0x4037aa,0xe98d38f71e28
0x4037ba,0xa1abd7fd3d00
0x4037aa,0x74d667807228
0x4037aa,0x74d667756c28
0x4037ba,0x28e837e647e8
0x4037aa,0xe98d38f81c68
0x4037ba,0x28e837e51388
0x4037aa,0x74d66773dc68
0x4037ba,0x28e837c8dfd0
0x4037aa,0x74d6677ac668
0x4037ba,0xa213218d798
0x4037aa,0x74d667741c68
0x4037aa,0x74d6677f5268
0x4037ba,0x28e837cc3138
0x4037ba,0xe8035e467298
0x4037aa,0x74d667747c68
0x4037ba,0xd79e62a8b380
0x4037ba,0xd79e62a9e528
0x4037ba,0x28e837c92ee0
0x4037aa,0x74d667751c68
0x4037c1,0xd79e62accd90
0x4037ba,0x28e837d410e8
0x4037ba,0x28e837e731d8
0x4037c1,0xa21321a6598
0x4037aa,0x74d667765aa8
0x4037c1,0x6c6f1e4c7280
0x4037aa,0x74d66774bca8
0x4037ba,0xa1abd801dc68
0x4037aa,0xe98d38f72ea8
0x4037aa,0x74d6678072a8
0x4037ba,0x28e837e38ff0
0x4037aa,0x74d6677808e8
0x4037ba,0xa1abd802cd88
0x4037aa,0x74d6677898e8
0x4037aa,0x74d667747ce8
0x4037aa,0x74d6678210e8
0x4037ba,0xd79e62bd31d8
0x4037aa,0x74d6677da4e8
0x4037c1,0xd79e62a872a8
0x4037aa,0xe98d38f72ee8
0x4037ba,0x28e837c95268
0x4037ba,0xd79e62c35258
0x4037aa,0x74d6677a08e8
0x4037ba,0xd79e62ac7288
0x4037ba,0xc48ca9045ab8
0x4037ba,0xea20632c1e0
0x4037aa,0x74d6677a5728
0x4037ba,0xa1abd7fda4f0
0x4037ba,0x6c537033bdb8
0x4037aa,0x74d667815128
0x4037ba,0xea2063331e8
0x4037aa,0x74d667819128
0x4037c1,0x28e837e1c510
0x4037aa,0x54c45315c528
0x4037aa,0x74d6677b4728
0x4037aa,0x74d667823128
0x4037ba,0xd79e62a6cd80
0x4037aa,0x74d6677dc528
0x4037aa,0x74d667825128
0x4037aa,0x74d6677de528
0x4037aa,0x74d667805328
0x4037aa,0x74d667753d28
0x4037ba,0xd79e62addc40
0x4037ba,0xd79e62c2bc80
0x4037aa,0x74d6677c5728
0x4037aa,0xe98d38f5bf68
0x4037aa,0x74d6677cb568
0x4037aa,0xe98d38f80d68
0x4037ba,0xd79e62b9bf78
0x4037ba,0xd79e62a5bf48
0x4037aa,0x74d6677f1368
0x4037aa,0x74d66773ed68
0x4037ba,0x28e837e53d10
0x4037aa,0x74d667740d68
0x4037aa,0x74d6677d3568
0x4037ba,0xd79e62a72ef8
0x4037aa,0x74d6677b6768
0x4037ba,0xa1abd7ffc530
0x4037ba,0xd79e62ae2750
0x4037ba,0x9e9c4d9331d0
0x4037ba,0xd79e62c35120
0x4037aa,0x74d6677c2768
0x4037ba,0x28e837d85aa0
0x4037aa,0xe98d38f7bf68
0x4037ba,0x5829a6f131c0
0x4037aa,0x74d6677eb3a8
0x4037aa,0x74d6677809a8
0x4037aa,0xca49da34cda8
0x4037ba,0x5829a6ec5720
0x4037aa,0x74d6677f13a8
0x4037c1,0x5829a6f0e828
0x4037ba,0xd79e62b76778
0x4037aa,0x74d6677ad7a8
0x4037c1,0xa21321a7208
0x4037c1,0xea2062fbf60
0x4037aa,0x74d667768ba8
0x4037ba,0x28e837dc63b8
0x4037aa,0x74d6678201a8
0x4037aa,0x74d6677909a8
0x4037aa,0x74d6678211a8
0x4037aa,0x74d66774cda8
0x4037aa,0xe98d38f70fa8
0x4037ba,0xd79e62b9a4d8
0x4037ba,0xd79e62bfbd98
0x4037aa,0x74d6677989a8
0x4037aa,0xe98d38f74fa8
0x4037ba,0x28e837c95130
0x4037aa,0x74d6678063a8
0x4037aa,0xe98d38f79fa8
0x4037aa,0x74d6677e65a8
0x4037aa,0x74d66780b3a8
0x4037aa,0x74d6677a09a8
0x4037ba,0x28e837d9a4f0
0x4037aa,0x74d6677a47e8
0x4037aa,0x74d6678131e8
0x4037aa,0x74d66775ebe8
0x4037ba,0xd79e62a9c538
0x4037aa,0x74d6677d25e8
0x4037ba,0xd79e62a91388
0x4037aa,0xe98d38f6dfe8
0x4037aa,0x74d6678023e8
0x4037ba,0xa1abd7fd6438
0x4037ba,0x28e837d411b8
0x4037ba,0xd79e62a67298
0x4037ba,0x6c6f1e4c1c58
0x4037ba,0xd79e62c33d30
0x4037aa,0x74d66782c1e8
0x4037aa,0xe98d38f78fe8
0x4037aa,0x74d6677c47e8
0x4037ba,0xd79e62ae5118
0x4037c1,0xa1abd80263a0
0x4037c1,0xea2062cbc80
0x4037aa,0x74d66777ebe8
0x4037aa,0x74d6678331e8
0x4037ba,0xd79e62af6760
0x4037c1,0x28e837d9dc68
0x4037ba,0xe8035e467cc0
0x4037ba,0xd79e62b35250
0x4037ba,0xa21321d4718
0x4037ba,0xea2062d5268
0x4037aa,0x74d667787a28
0x4037ba,0xa1abd8023120
0x4037ba,0x28e837d610e0
0x4037ba,0xea2062d5130
0x4037aa,0x74d6677ae828
0x4037aa,0x74d6677f6428
0x4037ba,0xd79e62beb570
0x4037aa,0x74d667827228
0x4037aa,0x74d667751e28
0x4037aa,0x74d667776c28
0x4037aa,0x74d6677cc668
0x4037aa,0x74d66775dc68
0x4037aa,0x74d667815268
0x4037aa,0x74d667761c68
0x4037ba,0xd79e62b8bc88
0x4037aa,0xd6fa9550c668
0x4037aa,0x74d667767c68
0x4037c1,0x8ad3301bebe8
0x4037ba,0xd79e62a9ed48
0x4037aa,0x74d667771c68
0x4037ba,0xd79e62bf1360
0x4037aa,0x74d66777dc68
0x4037ba,0x28e837d98fd0
0x4037ba,0xd79e62a7bd90
0x4037aa,0x74d667785aa8
0x4037c1,0x5829a6ec72b0
0x4037aa,0x74d66776bca8
0x4037ba,0xea206313d20
0x4037ba,0xd79e62a81c58
0x4037ba,0xd79e62badfe0
0x4037aa,0x74d6678272a8
0x4037ba,0xa21321d5240
0x4037ba,0x28e837dfbf68
0x4037ba,0x28e837c931f0
0x4037aa,0x74d667752ea8
0x4037c1,0xa21321e5320
0x4037aa,0x74d6677a98e8
0x4037ba,0xa1abd8007c40
0x4037ba,0x5829a6ec11a8
0x4037aa,0x74d667767ce8
0x4037aa,0x74d6678410e8
0x4037aa,0x74d6677fa4e8
0x4037ba,0x28e837d223f8
0x4037ba,0x28e837dec1e8
0x4037aa,0x74d667752ee8
0x4037aa,0x74d6677c08e8
0x4037ba,0xd79e62abbda8
0x4037ba,0xd79e62a56c38
0x4037ba,0x28e837cc3138
0x4037aa,0x74d6677c98e8
0x4037aa,0x74d667835128
0x4037ba,0xea206316418
0x4037ba,0xe8035e45dc78
0x4037aa,0x74d667839128
0x4037ba,0x28e837e39120
0x4037aa,0x74d6677d4728
0x4037ba,0x5829a6ed2e98
0x4037ba,0x28e837e0e808
0x4037ba,0xd79e62bbe510
0x4037aa,0x74d667843128
0x4037aa,0x74d6677fc528
0x4037aa,0x74d667845128
0x4037aa,0x74d6677fe528
0x4037aa,0x74d667825328
0x4037ba,0x28e837e63128
0x4037aa,0x74d667773d28
0x4037ba,0x28e837ce63b8
0x4037c1,0x28e837d52ed8
0x4037aa,0x74d6677e5728
0x4037aa,0x74d667855128
0x4037ba,0xa2132196768
0x4037ba,0x6c5370339f80
0x4037aa,0x74d6677eb568
0x4037aa,0x74d667811368
0x4037aa,0x74d66775ed68
0x4037aa,0x74d667760d68
0x4037aa,0x74d6677f3568
0x4037ba,0xa213218c1f0
0x4037aa,0x74d6677d6768
0x4037ba,0xd79e62a78fe0
0x4037c1,0x28e837d1a4e0
0x4037aa,0x74d6677e2768
0x4037aa,0x74d66780b568
0x4037aa,0x74d667831368
0x4037ba,0xd79e62ba23d0
0x4037aa,0x74d66777ed68
0x4037c1,0x28e837d9dc68
0x4037aa,0x74d66775bda8
0x4037ba,0x28e837d3e538
0x4037aa,0x74d6678113a8
0x4037aa,0x74d6677cd7a8
0x4037ba,0xa1abd801dc68
0x4037ba,0xd79e62b25300
0x4037aa,0x74d667788ba8
0x4037aa,0x74d6677b09a8
0x4037aa,0x74d6678401a8
0x4037aa,0x74d6678411a8
0x4037c1,0xd79e62bac670
0x4037aa,0x74d66776cda8
0x4037c1,0x6c6f1e4c7280
0x4037aa,0x74d6677b89a8
0x4037aa,0x74d6678263a8
0x4037ba,0xa1abd8027210
0x4037aa,0x74d667750fa8
0x4037ba,0xd79e62bcb3b8
0x4037aa,0x74d6678065a8
0x4037aa,0x74d66782b3a8
0x4037aa,0x74d6677c09a8
0x4037aa,0x74d667754fa8
0x4037aa,0x5fdc43f39fa8
0x4037aa,0x74d66777bda8
0x4037aa,0x74d6678313a8
0x4037aa,0x74d667759fa8
0x4037c1,0x28e837ca72a8
0x4037ba,0x28e837cf1398
0x4037ba,0xd79e62ac7288
0x4037ba,0x28e837e55258
0x4037c1,0x98f5690ddc58
0x4037aa,0x74d6677f25e8
0x4037ba,0xa213218cdb8
0x4037ba,0xa21321a47c0
0x4037ba,0xa1abd7ffc530
0x4037ba,0x28e837dabc98
0x4037c1,0xd79e62bc08f8
0x4037aa,0x74d6678223e8
0x4037ba,0xa1abd8019fb0
0x4037aa,0x74d66774dfe8
0x4037ba,0xea2062d6778
0x4037aa,0x74d66784c1e8
0x4037aa,0x74d6677e47e8
0x4037aa,0x74d66779ebe8
0x4037aa,0x74d6678531e8
0x4037c1,0xa1abd804cda8
0x4037ba,0xd79e62b011b8
0x4037aa,0x74d667758fe8
0x4037ba,0xd79e62af6420
0x4037ba,0x28e837d72eb8
0x4037aa,0x74d6677a7a28
0x4037c1,0x28e837dfebe8
0x4037aa,0x74d6677ce828
0x4037ba,0xa1abd803dc40
0x4037aa,0x74d667816428
0x4037aa,0x74d667847228
0x4037ba,0xea20631dc58
0x4037aa,0x74d667771e28
0x4037aa,0x74d667796c28
0x4037ba,0xa1abd7ff1c48
0x4037ba,0xa1abd8015240
0x4037c1,0xd79e62c47c58
0x4037aa,0x74d6677c7a28
0x4037aa,0x74d667835268
0x4037aa,0x74d6677ec668
0x4037aa,0x74d667781c68
0x4037ba,0xea20632cda8
0x4037c1,0xa1abd7fd9fb0
0x4037aa,0x74d667787c68
0x4037ba,0xa1abd804b540
0x4037aa,0x74d667791c68
0x4037ba,0x28e837d5ed78
0x4037ba,0xd79e62afebe0
0x4037aa,0x74d66779dc68
0x4037ba,0x28e837c95268
0x4037aa,0x74d66780c668
0x4037aa,0x74d667855268
0x4037aa,0x74d6677a1c68
0x4037ba,0xc48ca9045300
0x4037ba,0x28e837cd31e8
0x4037aa,0x202442f12ea8
0x4037aa,0x74d6677a5aa8
0x4037ba,0xd79e62ae10e8
0x4037ba,0xa1abd8031c48
0x4037aa,0x74d66778bca8
0x4037ba,0xea2063309b8
0x4037ba,0x6c537033bdb8
0x4037ba,0xd79e62a92e90
0x4037aa,0x74d6678472a8
0x4037ba,0x28e837d21c60
0x4037aa,0x74d667772ea8
0x4037c1,0xea20631a4c0
0x4037c1,0xd79e62c47230
0x4037aa,0x74d6677c5aa8
0x4037c1,0x6c5370331398
0x4037aa,0x202442f12ee8
0x4037ba,0xa21321f5130
0x4037c1,0xa2132201c40
0x4037ba,0x28e837d3ed58
0x4037aa,0x74d667787ce8
0x4037aa,0x74d6678610e8
0x4037aa,0x74d66781a4e8
0x4037ba,0xd79e62b1c518
0x4037ba,0x28e837e51388
0x4037aa,0x74d667772ee8
0x4037ba,0x28e837d125c0
0x4037aa,0x74d6677e08e8
0x4037ba,0x6c6f1e4c1c58
0x4037aa,0x74d6677e98e8
0x4037aa,0x309dcdc698e8
0x4037aa,0x74d667859128
0x4037ba,0x5829a6ec10d8
0x4037aa,0x74d6677f4728
0x4037ba,0xd79e62b54f80
0x4037ba,0x5829a6ed6c00
0x4037aa,0x74d667863128
0x4037aa,0x74d66781c528
0x4037aa,0x74d667865128
0x4037aa,0x74d66781e528
0x4037ba,0x28e837e54fa8
0x4037ba,0x6c537033bf58
0x4037aa,0x74d667845328
0x4037aa,0x74d667793d28
0x4037c1,0xd79e62afa4f0
0x4037ba,0xd79e62ad0f90
0x4037aa,0x74d667805728
0x4037ba,0xe8035e467298
0x4037aa,0x74d667875128
0x4037ba,0x28e837d410e8
0x4037aa,0x74d667879128
0x4037ba,0x28e837e40180
0x4037ba,0xa2132196428
0x4037ba,0xd79e62c40198
0x4037aa,0x74d66775bf68
0x4037aa,0x74d667780d68
0x4037c1,0x28e837d25a90
0x4037aa,0x74d667813568
0x4037ba,0xd79e62a70f90
0x4037aa,0x74d6677f6768
0x4037ba,0xe8035e465a90
0x4037ba,0x28e837d65330
0x4037ba,0xe930e6c11c40
0x4037aa,0x74d667802768
0x4037ba,0xe8035e4663a0
0x4037ba,0xa1abd7fd3d00
0x4037aa,0x74d66782b568
0x4037aa,0x74d667851368
0x4037aa,0x74d66779ed68
0x4037aa,0x74d66777bf68
0x4037aa,0x74d6677a0d68
0x4037aa,0x74d667833568
0x4037c1,0x5829a6f411b8
0x4037aa,0x74d6677ed7a8
0x4037ba,0xea206328b80
0x4037ba,0xd79e62ae47d8
0x4037ba,0xa1abd8005710
0x4037aa,0x74d6677a8ba8
0x4037aa,0x32b6bf0b89a8
0x4037aa,0x74d6677d09a8
0x4037aa,0x74d6678601a8
0x4037aa,0x74d6678611a8
0x4037c1,0xd79e62b9e510
0x4037aa,0x74d66778cda8
0x4037aa,0x74d6677d89a8
0x4037ba,0xd79e62b8b398
0x4037aa,0x74d6678463a8
0x4037aa,0x74d667770fa8
0x4037aa,0x74d6678265a8
0x4037aa,0x74d66784b3a8
0x4037aa,0x74d6677e09a8
0x4037aa,0x74d667774fa8
0x4037aa,0x74d66779bda8
0x4037aa,0x74d6678513a8
0x4037ba,0xa1abd8015108
0x4037aa,0x74d667779fa8
0x4037aa,0x74d66780d7a8
0x4037aa,0x74d6677c8ba8
0x4037ba,0x28e837ce11a0
0x4037aa,0x74d6678125e8
0x4037ba,0xea206316c38
0x4037ba,0x28e837d9bf58
0x4037ba,0xd79e62a67230
0x4037aa,0x74d6678423e8
0x4037aa,0x74d66776dfe8
0x4037ba,0x28e837d90f90
0x4037aa,0x74d66786c1e8
0x4037aa,0x74d6678047e8
0x4037aa,0x74d6677bebe8
0x4037aa,0x74d6678731e8
0x4037aa,0x74d667778fe8
0x4037aa,0x74d6678325e8
0x4037ba,0xd79e62af0fb0
0x4037ba,0xd79e62c498f8
0x4037aa,0x74d667836428
0x4037aa,0x74d6677ee828
0x4037ba,0x28e837d0e800
0x4037ba,0x28e837c90fb0
0x4037c1,0xa7d08ad14708
0x4037ba,0x28e837d12eb0
0x4037ba,0x28e837e2b3a8
0x4037aa,0x74d667867228
0x4037aa,0x74d667791e28
0x4037aa,0x74d6677b6c28
0x4037ba,0x28e837c92ee0
0x4037ba,0xa21321b4fa0
0x4037ba,0x28e837dab3a8
0x0,0xea2062cb390
0x4037ba,0xd79e62c33578
0x4037ba,0xea2062c10c0
0x4037aa,0x74d6677e7a28
0x4037aa,0x74d667856428
0x4037aa,0x74d66780e828
0x4037c1,0x28e837d9dc68
0x4037aa,0x74d6677a7c68
0x4037ba,0xd79e62b85700
0x4037aa,0x74d6677b1c68
0x4037ba,0x28e837dccdb8
0x4037ba,0xd79e62a9ed48
0x4037aa,0x74d6677bdc68
0x4037aa,0x74d66782c668
0x4037aa,0x74d6677c1c68
0x4037aa,0x74d667875268
0x4037ba,0x28e837d53d08
0x4037c1,0xea2062cb390
0x4037ba,0xea20633dc50
0x4037aa,0x74d6677c7c68
0x4037ba,0x28e837e2bc98
0x4037aa,0x74d6677abca8
0x4037ba,0xa1abd80331d8
0x4037c1,0x5829a6ec72b0
0x4037aa,0x74d6678672a8
0x4037aa,0x74d667792ea8
0x4037ba,0xa1abd8027210
0x4037ba,0xa7d08ad11378
0x4037aa,0x74d6677e5aa8
0x4037ba,0x28e837db9130
0x4037ba,0xea20632dfe8
0x4037ba,0xa1abd802c1c0
0x4037aa,0x74d6677a7ce8
0x4037ba,0xa21321b8980
0x4037aa,0x74d6678810e8
0x4037aa,0x74d66783a4e8
0x4037c1,0xa1abd7fd1c58
0x4037aa,0x878ddfa010e8
0x4037aa,0x74d667792ee8
0x4037aa,0x74d6678008e8
0x4037ba,0xd79e62ae5118
0x4037aa,0x74d6678098e8
0x4037c1,0xea2062cbc80
0x4037aa,0x74d6677c7ce8
0x4037aa,0x74d6678a10e8
0x4037ba,0xa1abd8046398
0x4037aa,0x74d667814728
0x4037aa,0x74d667883128
0x4037ba,0xd79e62ac5a80
0x4037aa,0x74d66783c528
0x4037aa,0x74d667885128
0x4037aa,0x71bb2b23e528
0x4037aa,0x74d66783e528
0x4037aa,0x74d667865328
0x4037aa,0x74d6677b3d28
0x4037ba,0xd79e62ab1398
0x4037aa,0x74d667825728
0x4037aa,0x74d667895128
0x4037c1,0xea20631a4c0
0x4037ba,0x28e837d85aa0
0x4037aa,0x74d667899128
0x4037ba,0x28e837d823d8
0x4037aa,0x74d667834728
0x4037c1,0xd79e62c27208
0x4037aa,0x74d667816768
0x4037ba,0xa1abd800cdb8
0x4037aa,0x74d667822768
0x4037ba,0xd79e62bc7a00
0x4037ba,0xa21321d5240
0x4037aa,0x74d66784b568
0x4037aa,0x74d667871368
0x4037aa,0x74d6677bed68
0x4037aa,0x74d6677c0d68
0x4037aa,0x74d66779bf68
0x4037ba,0x28e837e54720
0x4037aa,0x74d667853568
0x4037ba,0x28e837cbc520
0x4037aa,0xca49da34b3a8
0x4037ba,0x28e837dec1e8
0x4037c1,0x28e837dfe500
0x4037aa,0x74d6678801a8
0x4037aa,0x74d6678811a8
0x4037ba,0xd79e62ac7220
0x4037aa,0x74d6677f09a8
0x4037ba,0x28e837e53558
0x4037aa,0x74d6677acda8
0x4037ba,0xd79e62c34738
0x4037c1,0xd79e62b9e510
0x4037aa,0x74d6677f89a8
0x4037aa,0x74d6678663a8
0x4037aa,0x74d667790fa8
0x4037ba,0xa1abd802cd88
0x4037aa,0x878ddfa011a8
0x4037aa,0x74d6678465a8
0x4037aa,0x74d66786b3a8
0x4037aa,0x74d6678009a8
0x4037aa,0x74d667794fa8
0x4037aa,0x74d6677bbda8
0x4037aa,0x74d6678713a8
0x4037aa,0x74d667799fa8
0x4037ba,0x28e837c9c520
0x4037aa,0x74d66782d7a8
0x4037aa,0x74d6677e8ba8
0x4037aa,0x74d6678a01a8
0x4037ba,0xd79e62bd31d8
0x4037aa,0x74d6678a11a8
0x4037ba,0xa213218c1f0
0x4037ba,0xd79e62b298c0
0x4037ba,0xd79e62b672a8
0x4037aa,0x74d6678623e8
0x4037aa,0x74d66778dfe8
0x4037aa,0x74d66788c1e8
0x4037ba,0xd79e62c331d0
0x4037ba,0xd79e62bb4730
0x4037aa,0x74d6678247e8
0x4037ba,0x6c537034b540
0x4037aa,0x74d6677debe8
0x4037aa,0x74d6678931e8
0x4037aa,0x74d667798fe8
0x4037ba,0xe8035e4665a8
0x4037ba,0x5829a6ef1e18
0x4037aa,0x74d6678525e8
0x4037ba,0xee30bb9409b8
0x4037ba,0xd79e62b131c8
0x4037ba,0x28e837dd3550
0x4037c1,0x28e837e1c510
0x4037aa,0x74d667887228
0x4037ba,0x80a6dabf6430
0x4037aa,0x74d6677b1e28
0x4037aa,0x74d6677d6c28
0x4037ba,0xd79e62b07cf0
0x4037aa,0x74d667807a28
0x4037aa,0x74d667876428
0x4037aa,0x74d66782e828
0x4037ba,0xd79e62b10988
0x4037ba,0xa21321d5108
0x4037c1,0x28e837cf6c00
0x4037aa,0x74d6677d1c68
0x4037ba,0x28e837cb1e10
0x4037aa,0x74d6677ddc68
0x4037ba,0x9e9c4d98b398
0x4037aa,0x74d66784c668
0x4037aa,0x74d667895268
0x4037aa,0xe2032d941c68
0x4037aa,0x74d6677e1c68
0x4037ba,0x28e837e52eb8
0x4037ba,0xd79e62ae2750
0x4037c1,0xd79e62b047f8
0x4037aa,0x74d6677e7c68
0x4037ba,0x28e837c95130
0x4037aa,0x74d6677cbca8
0x4037ba,0xd79e62b96c30
0x4037ba,0xd79e62b25300
0x4037ba,0x28e837e55120
0x4037aa,0x74d6678872a8
0x4037aa,0x74d6677b2ea8
0x4037ba,0x28e837dcc668
0x4037c1,0xd79e62a73550
0x4037c1,0xd79e62a872a8
0x4037aa,0x74d667805aa8
0x4037ba,0x28e837dd6c10
0x4037ba,0x28e837c90998
0x4037ba,0xa1abd7ffdc70
0x4037aa,0x74d66785a4e8
0x4037aa,0x71bb2b2010e8
0x4037ba,0x28e837d3e538
0x4037ba,0x28e837d125c0
0x4037aa,0x74d6677b2ee8
0x4037aa,0x74d6678208e8
0x4037ba,0xd79e62c33d30
0x4037ba,0x28e837d410e8
0x4037c1,0xea20631a4c0
0x4037aa,0x74d6678298e8
0x4037ba,0x5829a6ef1c78
0x4037aa,0x74d6677e7ce8
0x4037aa,0x74d6678c10e8
0x4037aa,0x74d66787a4e8
0x4037ba,0xd79e62b00990
0x4037aa,0x74d6678a3128
0x4037ba,0x28e837c9a4c0
0x4037aa,0x74d6678a5128
0x4037aa,0x74d66785c528
0x4037aa,0x74d66785e528
0x4037ba,0x28e837e36770
0x4037aa,0x74d667885328
0x4037aa,0x74d6677d3d28
0x4037ba,0x28e837dc8b90
0x4037aa,0x74d667845728
0x4037aa,0x908653185128
0x4037aa,0x74d6678b5128
0x4037c1,0xd79e62afa4f0
0x4037ba,0x28e837e39120
0x4037aa,0x74d6678b9128
0x4037ba,0x6c6f1e4c1c58
0x4037ba,0x28e837e601b0
0x4037c1,0xa1abd7fd5278
0x4037aa,0x74d667854728
0x4037c1,0xa1abd804cda8
0x4037aa,0x74d6678c3128
0x4037aa,0x74d66787c528
0x4037aa,0xca49da34b568
0x4037aa,0x74d667836768
0x4037ba,0xd79e62ac7288
0x4037ba,0xd79e62beb570
0x4037ba,0xa213218c668
0x4037aa,0x74d667842768
0x4037aa,0x74d66786b568
0x4037aa,0x74d667891368
0x4037ba,0x98f5690d9130
0x4037aa,0x74d6677ded68
0x4037aa,0x74d6677bbf68
0x4037ba,0xd79e62b05128
0x4037aa,0x74d6677e0d68
0x4037aa,0x74d667873568
0x4037ba,0xd79e62a91388
0x4037aa,0x74d667856768
0x4037ba,0xa1abd7febcb8
0x4037aa,0x74d6678109a8
0x4037ba,0xd79e62a51e20
0x4037aa,0x74d6677ccda8
0x4037ba,0xea2063325e8
0x4037ba,0xd79e62c2cd90
0x4037aa,0x71bb2b2011a8
0x4037aa,0x74d6678189a8
0x4037c1,0xa1abd7fd2eb8
0x4037aa,0x74d6678863a8
0x4037aa,0xd6fa9550cda8
0x4037aa,0x74d6677b0fa8
0x4037aa,0x74d66788b3a8
0x4037aa,0x74d6678665a8
0x4037c1,0x5829a6ec72b0
0x4037ba,0x28e837e26380
0x4037aa,0x74d6678209a8
0x4037aa,0x74d6677b4fa8
0x4037c1,0xd79e62bc08f8
0x4037c1,0x6c6f1e4c7280
0x4037aa,0x74d6677dbda8
0x4037aa,0x74d6678913a8
0x4037aa,0x74d6677b9fa8
0x4037aa,0x74d66784d7a8
0x4037ba,0xd79e62a72ef8
0x4037aa,0x74d667808ba8
0x4037aa,0x74d6678c01a8
0x4037aa,0x74d6678309a8
0x4037aa,0x74d6678c11a8
0x4037ba,0xd79e62c18988
0x4037ba,0x28e837d9bf58
0x4037ba,0x28e837d847d8
0x4037aa,0x74d6678823e8
0x4037aa,0x74d6677adfe8
0x4037ba,0xd79e62b4e828
0x4037aa,0x74d6678ac1e8
0x4037c1,0xd79e62c098d0
0x4037ba,0xd79e62b023e0
0x4037aa,0x74d6678447e8
0x4037aa,0x74d6678b31e8
0x4037aa,0x74d6677febe8
0x4037aa,0x74d6677b8fe8
0x4037ba,0x28e837e40d48
0x4037aa,0x74d6678725e8
0x4037ba,0x28e837e409a0
0x4037aa,0x74d6678a7228
0x4037c1,0x5829a6f15108
0x4037aa,0x74d6677d1e28
0x4037ba,0x28e837d6e820
0x4037aa,0x74d6677f6c28
0x4037ba,0x28e837e408d0
0x4037c1,0xa2132208bb0
0x4037ba,0xd79e62a9e528
0x4037ba,0x28e837e36430
0x4037ba,0x28e837d223f8
0x4037ba,0xd79e62ad0f90
0x4037aa,0x74d667827a28
0x4037aa,0x74d667896428
0x4037aa,0x74d66784e828
0x4037ba,0xd79e62a72e90
0x4037ba,0xd79e62b447e0
0x4037ba,0xd79e62a9c538
0x4037ba,0x28e837c9c520
0x4037aa,0x74d6677f1c68
0x4037ba,0xa1abd802cd88
0x4037ba,0x28e837cb6430
0x4037c1,0x8ad3301bebe8
0x4037ba,0x6c53703465a0
0x4037ba,0xa21321e7ce8
0x4037aa,0x74d6677fdc68
0x4037aa,0x74d66786c668
0x4037aa,0x74d6678b5268
0x4037aa,0x74d667801c68
0x4037c1,0x28e837dfe500
0x4037c1,0xd79e62bb8fd0
0x4037aa,0x74d667807c68
0x4037ba,0xc48ca9045ab8
0x4037c1,0x28e837d87298
0x4037c1,0x28e837d9dc68
0x4037aa,0x74d6677ebca8
0x4037ba,0xd79e62bc72b0
0x4037ba,0xea2063309b8
0x4037aa,0x74d6678a72a8
0x4037aa,0x74d6677d2ea8
0x4037ba,0xd79e62a56c38
0x4037aa,0x74d667825aa8
0x4037c1,0xd79e62accd90
0x4037aa,0x74d66780bca8
0x4037c1,0xd79e62aa01b8
0x4037aa,0x74d6677d2ee8
0x4037ba,0xa21321e7a10
0x4037ba,0xd79e62b18998
0x4037aa,0x74d6678408e8
0x4037ba,0xd79e62bf9100
0x4037ba,0xd79e62a91e18
0x4037aa,0x74d6678498e8
0x4037ba,0xea20632c1e0
0x4037aa,0x74d667807ce8
0x4037aa,0x74d66789a4e8
0x4037aa,0x74d6678e10e8
0x4037ba,0xd79e62a5bda8
0x4037aa,0x74d6678c5128
0x4037aa,0x74d66787e528
0x4037aa,0x74d6678a5328
0x4037ba,0x28e837e51c78
0x4037aa,0x74d6677f3d28
0x4037ba,0xa2132200d78
0x4037c1,0xa21321a7208
0x4037ba,0xa1abd8015240
0x4037c1,0x28e837d02768
0x4037aa,0x74d667865728
0x4037ba,0xea2062c1190
0x4037ba,0xe8035e465138
0x4037aa,0x74d6678d5128
0x4037aa,0x908653185328
0x4037aa,0x74d6678d9128
0x4037ba,0x28e837cd0998
0x4037ba,0xd79e62b25300
0x4037aa,0x74d667874728
0x4037ba,0x28e837ce11a0
0x4037aa,0x74d66789c528
0x4037aa,0x74d6678e3128
0x4037c1,0xa1abd804cda8
0x4037aa,0x74d66789e528
0x4037aa,0x74d6678e5128
0x4037aa,0x74d667862768
0x4037aa,0x74d66788b568
0x4037aa,0x74d6678b1368
0x4037ba,0xa1abd8012ee0
0x4037ba,0x28e837c925f0
0x4037ba,0x28e837dab548
0x4037aa,0x74d6677fed68
0x4037aa,0x74d6677dbf68
0x4037ba,0xe930e6c11350
0x4037aa,0x74d667800d68
0x4037aa,0x74d667893568
0x4037ba,0xa21322001b0
0x4037ba,0xa1abd801dc68
0x4037aa,0x74d667876768
0x4037aa,0x74d6677ecda8
0x4037aa,0x74d6678389a8
0x4037aa,0x74d6678a63a8
0x4037aa,0x74d6677d0fa8
0x4037ba,0x28e837e731d8
0x4037aa,0x74d6678865a8
0x4037aa,0x74d6678ab3a8
0x4037aa,0x74d6677d4fa8
0x4037aa,0x74d6678409a8
0x4037ba,0x5829a6edbf70
0x4037aa,0x74d6677fbda8
0x4037ba,0xd79e62a78fe0
0x4037aa,0x74d6678b13a8
0x4037aa,0x74d6677d9fa8
0x4037c1,0xd79e62ace808
0x4037aa,0x74d66786d7a8
0x4037c1,0xd79e62a872a8
0x4037aa,0x74d667828ba8
0x4037aa,0x38cf9ada8ba8
0x4037aa,0x74d6678509a8
0x4037aa,0x74d6678e01a8
0x4037aa,0x74d6678e11a8
0x4037aa,0x74d66780cda8
0x4037ba,0xea2062d6438
0x4037aa,0x74d6678589a8
0x4037aa,0x74d6678a23e8
0x4037ba,0x28e837e54fa8
0x4037aa,0x74d6677cdfe8
0x4037aa,0x32b6bf0b8fe8
0x4037ba,0x28e837e32eb8
0x4037aa,0x74d6678cc1e8
0x4037ba,0xea20632dfe8
0x4037aa,0x74d6678647e8
0x4037ba,0xd79e62abebc0
0x4037aa,0x74d66781ebe8
0x4037aa,0x74d6678d31e8
0x4037aa,0x74d6677d8fe8
0x4037ba,0xea206322750
0x4037aa,0x74d6678925e8
0x4037aa,0x74d6678c23e8
0x4037ba,0xd79e62ac5330
0x4037ba,0x28e837c931f0
0x4037ba,0xd79e62b54f80
0x4037aa,0x74d6678c7228
0x4037ba,0x5829a6eddc50
0x4037aa,0x74d667816c28
0x4037aa,0x74d6677f1e28
0x4037ba,0x5829a6f0bc80
0x4037ba,0xc6aa2d5a3128
0x4037ba,0xd79e62a6cd80
0x4037aa,0x74d667847a28
0x4037aa,0x74d66786e828
0x4037aa,0x74d6678b6428
0x4037ba,0xd79e62ac7288
0x4037ba,0x5829a6ef1e18
0x4037ba,0x28e837cc3138
0x4037aa,0x74d6678e7228
0x4037ba,0xd79e62b99120
0x4037aa,0x74d667811c68
0x4037ba,0xea2062c2768
0x4037aa,0x74d66781dc68
0x4037aa,0x74d66788c668
0x4037aa,0x74d667821c68
0x4037aa,0x74d6678d5268
0x4037ba,0x28e837dd6c10
0x4037ba,0xe930e6c01c78
0x4037aa,0x74d667827c68
0x4037ba,0xd79e62a9e528
0x4037ba,0xa1abd7ff5260
0x4037ba,0x28e837ce10d0
0x4037aa,0x74d667831c68
0x4037ba,0x28e837dd3d08
0x4037c1,0x28e837d25a90
0x4037c1,0xea206303110
0x4037aa,0x74d6678c72a8
0x4037ba,0xea206332ed8
0x4037ba,0xd79e62b76778
0x4037aa,0x74d6677f2ea8
0x4037c1,0xea2062fbf60
0x4037aa,0x74d667845aa8
0x4037ba,0xd79e62afdc50
0x4037aa,0x74d66782bca8
0x4037aa,0x74d6678e72a8
0x4037ba,0xd79e62b672a8
0x4037aa,0x74d6677f2ee8
0x4037aa,0x74d6678608e8
0x4037ba,0x28e837d5ed78
0x4037ba,0xea2062c10c0
0x4037ba,0x28e837d61c40
0x4037ba,0x28e837e36770
0x4037aa,0x74d6678698e8
0x4037ba,0x28e837dab3a8
0x4037ba,0xd79e62adebe0
0x4037aa,0x74d667827ce8
0x4037aa,0x74d6679010e8
0x4037aa,0x74d6678ba4e8
0x4037ba,0xd79e62b85700
0x4037aa,0x74d6678c5328
0x4037aa,0x74d667813d28
0x4037aa,0x74d667885728
0x4037ba,0x5829a6ec11a8
0x4037ba,0xa1abd7fd3548
0x4037ba,0xa21321f5268
0x4037aa,0x74d6678f5128
0x4037aa,0x74d6678f9128
0x4037aa,0x74d667894728
0x4037aa,0x74d667903128
0x4037aa,0x74d6678bc528
0x4037aa,0x74d667905128
0x4037c1,0x28e837d52ed8
0x4037aa,0x74d6678be528
0x4037ba,0x28e837cc23e0
0x4037aa,0x74d6678e5328
0x4037ba,0xd79e62af6760
0x4037aa,0x74d667833d28
0x4037ba,0x28e837e63128
0x4037ba,0xea2062cd780
0x4037aa,0x74d667882768
0x4037aa,0x74d6678ab568
0x4037aa,0x74d6678d1368
0x4037aa,0x74d66781ed68
0x4037ba,0x28e837d410e8
0x4037ba,0xd79e62af0fb0
0x4037ba,0xa2132195250
0x4037aa,0x74d667820d68
0x4037aa,0x74d6677fbf68
0x4037aa,0x74d6678b3568
0x4037ba,0x28e837e298c0
0x4037ba,0xd79e62a5bda8
0x4037aa,0x74d667896768
0x4037c1,0xa1abd8001198
0x4037ba,0x28e837d59128
0x4037c1,0x28e837cf6c00
0x4037aa,0x74d6678c63a8
0x4037ba,0xa2132196768
0x4037aa,0x74d6677f0fa8
0x4037aa,0x74d6678a65a8
0x4037c1,0xd79e62b87a38
0x4037aa,0x74d6678cb3a8
0x4037aa,0x74d6678609a8
0x4037aa,0x74d6677f4fa8
0x4037aa,0x74d66781bda8
0x4037aa,0x74d6678d13a8
0x4037c1,0x28e837d02768
0x4037aa,0x74d6677f9fa8
0x4037ba,0x28e837e55120
0x4037c1,0xd79e62bac670
0x4037aa,0x74d66788d7a8
0x4037aa,0x74d667848ba8
0x4037aa,0x74d6679001a8
0x4037aa,0x74d6678709a8
0x4037aa,0x74d6679011a8
0x4037aa,0x74d66782cda8
0x4037aa,0x74d6678789a8
0x4037aa,0x74d6678e63a8
0x4037aa,0x74d6677edfe8
0x4037aa,0x74d6678ec1e8
0x4037aa,0x74d6678847e8
0x4037ba,0x28e837cf09b8
0x4037aa,0x71bb2b23ebe8
0x4037aa,0x74d66783ebe8
0x4037aa,0x74d6678f31e8
0x4037ba,0xea2063047f0
0x4037c1,0xab2ecf4b6778
0x4037ba,0xa1abd801dc68
0x4037aa,0x74d6677f8fe8
0x4037c1,0xd79e62bc08f8
0x4037aa,0x74d6678b25e8
0x4037ba,0xd79e62c35258
0x4037ba,0xd79e62a9ed48
0x4037aa,0x74d6678e23e8
0x4037ba,0x28e837cf1398
0x4037aa,0x74d66780dfe8
0x4037ba,0x28e837ce11a0
0x4037aa,0x74d66790c1e8
0x4037aa,0x74d667811e28
0x4037aa,0x74d667836c28
0x4037aa,0x74d667867a28
0x4037ba,0x28e837e53d10
0x4037aa,0x74d66788e828
0x4037aa,0x74d6678d6428
0x4037ba,0xd79e62c35120
0x4037ba,0x28e837d010c0
0x4037aa,0x182919356428
0x4037aa,0x74d667907228
0x4037aa,0x74d667831e28
0x4037aa,0x74d667856c28
0x4037ba,0xd79e62b71378
0x4037ba,0xa1abd8036c00
0x4037aa,0x74d66783dc68
0x4037c1,0x6c6f1e4c0990
0x4037ba,0x28e837d823d8
0x4037ba,0x28e837e40180
0x4037aa,0x74d6678ac668
0x4037ba,0xd79e62af9f88
0x4037aa,0x74d6678f5268
0x4037aa,0x74d667841c68
0x4037ba,0xa21321e1180
0x4037c1,0xa1abd7fe7220
0x4037aa,0x74d667847c68
0x4037ba,0xd79e62ae5118
0x4037aa,0x74d667851c68
0x4037c1,0xa1abd804cda8
0x4037ba,0x28e837c9c520
0x4037aa,0x74d667812ea8
0x4037ba,0x28e837e50f88
0x4037c1,0xd79e62bf25d8
0x4037ba,0xea206300998
0x4037aa,0x74d667865aa8
0x4037ba,0xd79e62ab6c18
0x4037aa,0x74d66784bca8
0x4037ba,0x28e837e408d0
0x4037aa,0x74d6679072a8
0x4037ba,0xd79e62a6cd80
0x4037aa,0x74d667832ea8
0x4037c1,0xd79e62aa2740
0x4037aa,0x74d667812ee8
0x4037aa,0x74d6678808e8
0x4037ba,0x28e837d72eb8
0x4037aa,0x74d6678898e8
0x4037ba,0xa1abd8015240
0x4037ba,0xea20632c1e0
0x4037aa,0x74d667847ce8
0x4037aa,0x74d6679210e8
0x4037aa,0x74d6678da4e8
0x4037ba,0xa21321e7ce8
0x4037aa,0x74d667832ee8
0x4037aa,0x74d6678a08e8
0x4037ba,0xd79e62b8bc88
0x4037aa,0x74d6678a5728
0x4037ba,0x28e837e647e8
0x4037ba,0xd79e62c13568
0x4037aa,0x74d667915128
0x4037ba,0x28e837e40d48
0x4037aa,0x74d667919128
0x4037ba,0xa1abd8015108
0x4037ba,0xd79e62b25ab8
0x4037aa,0x908653185728
0x4037aa,0x74d6678b4728
0x4037aa,0x74d667923128
0x4037aa,0x74d6678dc528
0x4037aa,0x74d667925128
0x4037aa,0x74d6678de528
0x4037aa,0x74d667905328
0x4037ba,0xd79e62ac3110
0x4037aa,0x74d667853d28
0x4037ba,0xa21321fed68
0x4037aa,0x74d6678a2768
0x4037ba,0xa1abd8033d38
0x4037ba,0xd79e62a931f8
0x4037aa,0x74d6678cb568
0x4037aa,0x74d6678f1368
0x4037aa,0x71bb2b23ed68
0x4037ba,0xa1abd802c1c0
0x4037aa,0x74d66783ed68
0x4037aa,0x74d66781bf68
0x4037aa,0x74d667840d68
0x4037ba,0xc6aa2d5a3128
0x4037aa,0x74d6678d3568
0x4037aa,0x74d6678b6768
0x4037c1,0xd79e62c47230
0x4037aa,0x74d6678c2768
0x4037ba,0x28e837dbc538
0x4037aa,0x74d667810fa8
0x4037aa,0x74d6678c65a8
0x4037ba,0x28e837d3ed58
0x4037aa,0x74d6678eb3a8
0x4037aa,0x74d6678809a8
0x4037aa,0x74d667814fa8
0x4037ba,0xa1abd8027210
0x4037aa,0x74d66783bda8
0x4037ba,0xd79e62c131c0
0x4037aa,0x74d6678f13a8
0x4037aa,0x74d667819fa8
0x4037c1,0xd79e62b9e510
0x4037aa,0x74d6678ad7a8
0x4037ba,0xa1abd800cdb8
0x4037ba,0x28e837e73d38
0x4037aa,0x74d667868ba8
0x4037aa,0x74d6678909a8
0x4037aa,0x74d6679201a8
0x4037aa,0x74d6679211a8
0x4037aa,0x74d66784cda8
0x4037c1,0xd79e62bc8b88
0x4037ba,0xd79e62b00990
0x4037aa,0x74d6678989a8
0x4037ba,0x6c537032e818
0x4037aa,0x74d6679063a8
0x4037ba,0x28e837cd31e8
0x4037ba,0xea2062d6778
0x4037ba,0x28e837d6e820
0x4037aa,0x74d667830fa8
0x4037c1,0x28e837cd9f90
0x4037aa,0x74d66790b3a8
0x4037aa,0x74d6678e65a8
0x4037aa,0x74d6678a09a8
0x4037aa,0x74d667834fa8
0x4037aa,0x74d6678a47e8
0x4037ba,0x28e837cd0fb0
0x4037aa,0x74d66785ebe8
0x4037aa,0x74d6679131e8
0x4037aa,0x74d667818fe8
0x4037ba,0xa1abd8000180
0x4037aa,0x74d6678d25e8
0x4037ba,0x28e837dd3550
0x4037c1,0x28e837e56748
0x4037aa,0x74d6679023e8
0x4037ba,0xd79e62ac7288
0x4037aa,0x74d66782dfe8
0x4037aa,0x74d66792c1e8
0x4037aa,0x74d6678c47e8
0x4037ba,0xd79e62abed60
0x4037ba,0xa213218c668
0x4037c1,0x28e837d1a4e0
0x4037ba,0xa1abd7ffdc70
0x4037ba,0xea2062c1190
0x4037aa,0x74d667887a28
0x4037ba,0x28e837e409a0
0x4037aa,0x74d6678ae828
0x4037aa,0x74d6678f6428
0x4037ba,0x28e837e047d8
0x4037ba,0x28e837e51388
0x4037c1,0x5829a6f15108
0x4037aa,0x74d667927228
0x4037ba,0xd79e62ae2750
0x4037ba,0xd79e62badfe0
0x4037aa,0x74d667851e28
0x4037aa,0x74d667876c28
0x4037ba,0xe8035e467230
0x4037aa,0x74d66785dc68
0x4037ba,0xa1abd7fd6778
0x4037aa,0x74d6678cc668
0x4037aa,0x74d667915268
0x4037aa,0x74d667861c68
0x4037ba,0x28e837d90f90
0x4037ba,0xa1abd804b540
0x4037aa,0x74d667867c68
0x4037aa,0x74d667871c68
0x4037ba,0x28e837d223f8
0x4037ba,0x28e837e63128
0x4037ba,0xd79e62af6420
0x4037ba,0xa1abd7fd8fd0
0x4037aa,0xca49da34bca8
0x4037aa,0x74d667885aa8
0x4037ba,0xd79e62afbdb0
0x4037ba,0xd79e62b010e8
0x4037ba,0x28e837d86588
0x4037ba,0xa1abd804b3a0
0x4037c1,0x6c6f1e4c7280
0x4037aa,0x74d66786bca8
0x4037aa,0x74d6679272a8
0x4037aa,0x74d667852ea8
0x4037c1,0xa1abd7fd5278
0x4037ba,0xe8035e4623f8
0x4037c1,0x28e837dd09b0
0x4037ba,0xd79e62c498f8
0x4037ba,0x98f5690d9130
0x4037ba,0xa1abd8007218
0x4037aa,0x74d6678a98e8
0x4037ba,0xa21321d5240
0x4037c1,0x28e837e1c510
0x4037ba,0xd79e62a5bf48
0x4037ba,0xd79e62af0998
0x4037aa,0x74d667867ce8
0x4037aa,0x74d6678fa4e8
0x4037ba,0xea20631dc58
0x4037ba,0xea2062c10c0
0x4037c1,0xd79e62b047f8
0x4037aa,0x74d667852ee8
0x4037ba,0xd79e62bf9fa0
0x4037ba,0xd79e62b10fa0
0x4037aa,0x74d6678c08e8
0x4037aa,0xde0ef9c210e8
0x4037aa,0x74d6678c5728
0x4037ba,0x28e837e26380
0x4037aa,0x74d667935128
0x4037aa,0x74d667939128
0x4037ba,0xe930e6c19138
0x4037ba,0x28e837ce10d0
0x4037ba,0xd79e62c33d30
0x4037ba,0x28e837e53558
0x4037aa,0x74d6678d4728
0x4037aa,0x74d6678fc528
0x4037aa,0x74d6678fe528
0x4037aa,0xde0ef9c15128
0x4037aa,0x38cf9ada5128
0x4037aa,0x74d667925328
0x4037ba,0xe8035e463118
0x4037c1,0xd79e62accd90
0x4037aa,0x74d667873d28
0x4037aa,0xde0ef9c19128
0x4037aa,0x74d6678e5728
0x4037ba,0x28e837d85aa0
0x4037aa,0x74d6678eb568
0x4037ba,0xa1abd7fd3d00
0x4037ba,0xd79e62bbebf8
0x4037aa,0x74d667911368
0x4037ba,0xa1abd7fd6438
0x4037ba,0x6c537033bdb8
0x4037aa,0x74d66785ed68
0x4037aa,0x74d66783bf68
0x4037aa,0x74d667860d68
0x4037aa,0x74d6678f3568
0x4037ba,0xd79e62b1c518
0x4037ba,0xd79e62b25710
0x4037ba,0xd79e62b4e828
0x4037aa,0x74d6678d6768
0x4037ba,0x28e837de98e0
0x4037aa,0x182919356768
0x4037ba,0xa1abd801dc68
0x4037aa,0x74d6678e2768
0x4037ba,0x28e837d411b8
0x4037aa,0x74d66790b568
0x4037aa,0x74d66785bda8
0x4037aa,0x74d6679113a8
0x4037aa,0x74d667839fa8
0x4037ba,0xa1abd7ff9120
0x4037aa,0x74d6678cd7a8
0x4037aa,0x74d667888ba8
0x4037ba,0xd79e62aadfc8
0x4037ba,0xd79e62a91e18
0x4037aa,0x74d6678b09a8
0x4037aa,0x74d66786cda8
0x4037c1,0xa1abd8032e80
0x4037c1,0xd79e62a872a8
0x4037aa,0x74d6678b89a8
0x4037ba,0xd79e62bb4730
0x4037aa,0x74d6679263a8
0x4037aa,0x74d667850fa8
0x4037aa,0x74d6679065a8
0x4037aa,0x74d66792b3a8
0x4037aa,0x74d6678c09a8
0x4037aa,0x74d667854fa8
0x4037c1,0x28e837db6778
0x4037aa,0x74d66787bda8
0x4037aa,0xde0ef9c201a8
0x4037aa,0xde0ef9c211a8
0x4037aa,0x74d66787ebe8
0x4037aa,0x74d6679331e8
0x4037aa,0x74d667838fe8
0x4037c1,0xa1abd7fd9fb0
0x4037ba,0xa21321a47c0
0x4037aa,0x74d6678f25e8
0x4037ba,0x28e837e36770
0x4037ba,0xd79e62bd31d8
0x4037ba,0x28e837d11e30
0x4037aa,0xde0ef9c131e8
0x4037aa,0x74d6679223e8
0x4037aa,0x74d66784dfe8
0x4037aa,0x74d6678e47e8
0x4037aa,0x74d66789ebe8
0x4037aa,0x74d667858fe8
0x4037c1,0x28e837d9dc68
0x4037ba,0xa1abd7fd3548
0x4037ba,0x28e837e2bc98
0x4037ba,0xd79e62b672a8
0x4037ba,0xa21321b8980
0x4037ba,0xa21321d4fa0
0x4037c1,0xd79e62b87a38
0x4037aa,0x74d6678a7a28
0x4037aa,0x74d667916428
0x4037aa,0x74d6678ce828
0x4037c1,0x5829a6ec72b0
0x4037ba,0xd79e62b99120
0x4037c1,0xd79e62afa4f0
0x4037aa,0x74d667871e28
0x4037aa,0x74d667896c28
0x4037ba,0xea20633dc50
0x4037ba,0x28e837dd6c10
0x4037ba,0xd79e62b08b88
0x4037ba,0xd79e62b71c68
0x4037aa,0x74d66787dc68
0x4037ba,0x28e837c9c520
0x4037ba,0xd79e62b96410
0x4037aa,0x74d6678ec668
0x4037ba,0xa2132196768
0x4037aa,0x74d667881c68
0x4037aa,0x74d667935268
0x4037ba,0xa1abd802cd88
0x4037ba,0xa1abd8020d78
0x4037c1,0x6c6f1e4c0990
0x4037aa,0x74d667887c68
0x4037aa,0x878ddfa01c68
0x4037ba,0xe8035e465138
0x4037aa,0x74d667891c68
0x4037ba,0xd79e62c3c510
0x4037aa,0xde0ef9c15268
0x4037ba,0xa1abd7fdebc0
0x4037aa,0x74d66789dc68
0x4037aa,0x74d66790c668
0x4037aa,0x74d6678a1c68
0x4037c1,0x28e837dfebe8
0x4037aa,0x74d6678a5aa8
0x4037ba,0xa1abd8045a88
0x4037aa,0x74d66788bca8
0x4037aa,0x908653185aa8
0x4037ba,0xd79e62addc40
0x4037ba,0x28e837d5ed78
0x4037aa,0x74d667872ea8
0x4037ba,0xea2062d6438
0x4037ba,0xea20631dc58
0x4037ba,0x28e837d86380
0x4037aa,0x74d6678c98e8
0x4037ba,0x28e837e647e8
0x4037aa,0x74d667887ce8
0x4037ba,0x98f5690d9130
0x4037ba,0xd79e62a56c38
0x4037aa,0xe7c8f45a4e8
0x4037aa,0x74d66791a4e8
0x4037ba,0xea2063309b8
0x4037ba,0x28e837ce63b8
0x4037aa,0x74d667872ee8
0x4037ba,0xd79e62a9e528
0x4037aa,0x74d6678e08e8
0x4037ba,0x6c537033bf58
0x4037aa,0xde0ef9c410e8
0x4037c1,0xea2062cbc80
0x4037ba,0x28e837d21c60
0x4037aa,0xde0ef9c23128
0x4037aa,0xde0ef9c25128
0x4037ba,0x28e837d65a80
0x4037ba,0xd79e62a91c78
0x4037aa,0x74d6678f4728
0x4037ba,0xd79e62a5bda8
0x4037aa,0x74d66791c528
0x4037ba,0xa1abd802c1c0
0x4037aa,0x74d66791e528
0x4037aa,0xde0ef9c35128
0x4037ba,0xd79e62b25300
0x4037aa,0x74d667893d28
0x4037aa,0xde0ef9c39128
0x4037aa,0x38cf9ada5328
0x4037ba,0xa1abd8033d38
0x4037aa,0x74d667905728
0x4037ba,0xa1abd8046398
0x4037aa,0xde0ef9c43128
0x4037ba,0x28e837d9a4f0
0x4037aa,0xde0ef9c45128
0x4037ba,0xee30bb940198
0x4037aa,0x74d667931368
0x4037ba,0xea206307cd0
0x4037aa,0x74d66787ed68
0x4037aa,0x74d667880d68
0x4037ba,0xa21321f5268
0x4037aa,0x74d66785bf68
0x4037c1,0xa2132201c40
0x4037ba,0x28e837cb1c70
0x4037aa,0x74d667913568
0x4037aa,0x74d6678f6768
0x4037ba,0xe8035e45bda0
0x4037aa,0xde0ef9c11368
0x4037ba,0xd79e62a92e90
0x4037aa,0x74d667902768
0x4037aa,0x74d66792b568
0x4037aa,0x74d66789ed68
0x4037aa,0x74d66787bf68
0x4037aa,0x74d6678a0d68
0x4037aa,0x74d6679313a8
0x4037aa,0x74d667859fa8
0x4037ba,0xea2062be518
0x4037ba,0xa21322001b0
0x4037aa,0x74d6678ed7a8
0x4037ba,0xd79e62c408e8
0x4037aa,0x74d6678a8ba8
0x4037ba,0xd79e62ac7220
0x4037aa,0x74d6678d09a8
0x4037aa,0x74d66788cda8
0x4037ba,0x28e837cd0998
0x4037c1,0x6c6f1e4c7280
0x4037aa,0xde0ef9c113a8
0x4037aa,0x74d6678d89a8
0x4037ba,0xa7d08ad11e08
0x4037ba,0x28e837c90fb0
0x4037aa,0x74d667870fa8
0x4037aa,0x74d6679265a8
0x4037aa,0x74d667874fa8
0x4037aa,0x74d6678e09a8
0x4037aa,0xde0ef9c401a8
0x4037ba,0x28e837e601b0
0x4037aa,0x74d66789bda8
0x4037aa,0xde0ef9c411a8
0x4037aa,0x74d667879fa8
0x4037c1,0x28e837d1a4e0
0x4037ba,0xa1abd7fd6778
0x4037aa,0x74d6679125e8
0x4037aa,0xde0ef9c2c1e8
0x4037ba,0x28e837d610e0
0x4037aa,0xde0ef9c331e8
0x4037aa,0x74d66786dfe8
0x4037ba,0x28e837d823d8
0x4037aa,0x74d6679047e8
0x4037aa,0x74d6678bebe8
0x4037aa,0x74d667878fe8
0x4037c1,0xa1abd804cda8
0x4037ba,0xd79e62a92ef8
0x4037ba,0xd79e62bf9fa0
0x4037c1,0xd79e62c27208
0x4037ba,0x28e837cf9138
0x4037aa,0x74d6678c7a28
0x4037aa,0x74d667936428
0x4037aa,0xde0ef9c27228
0x4037aa,0x74d6678ee828
0x4037ba,0xd79e62b9bf78
0x4037ba,0xd79e62af4fa0
0x4037ba,0xd79e62c31e20
0x4037aa,0x74d667891e28
0x4037ba,0x28e837d3e538
0x4037aa,0x74d6678b6c28
0x4037c1,0xea20631a4c0
0x4037aa,0xde0ef9c16428
0x4037ba,0xd79e62b76778
0x4037c1,0xd79e62bda4c0
0x4037aa,0x74d6678e7a28
0x4037aa,0x71bb2b201c68
0x4037aa,0x74d6678a7c68
0x4037c1,0xa21321a7208
0x4037c1,0x28e837e27c58
0x4037aa,0x74d6678b1c68
0x4037ba,0xd79e62b25ab8
0x4037aa,0xde0ef9c35268
0x4037ba,0xa1abd8027210
0x4037c1,0xd79e62accd90
0x4037ba,0xa21321b4fa0
0x4037aa,0x74d6678bdc68
0x4037aa,0x74d66792c668
0x4037ba,0xd79e62b672a8
0x4037aa,0x74d6678c1c68
0x4037aa,0x74d6678c5aa8
0x4037c1,0xc9394d3e1c78
0x4037aa,0xde0ef9c272a8
0x4037aa,0x74d6678abca8
0x4037c1,0x5829a6ec72b0
0x4037c1,0x6c6f1e4c23f8
0x4037aa,0x74d667892ea8
0x4037ba,0xd79e62ac7288
0x4037ba,0x6c537033bdb8
0x4037aa,0x74d6678e5aa8
0x4037ba,0xd79e62afdc50
0x4037aa,0x74d6678e98e8
0x4037ba,0x28e837cb6770
0x4037c1,0x28e837cf6c00
0x4037aa,0x74d6678a7ce8
0x4037aa,0x74d66793a4e8
0x4037aa,0x80f530bda4e8
0x4037aa,0x74d667892ee8
0x4037aa,0x74d6679008e8
0x4037ba,0xd79e62b85700
0x4037ba,0xd79e62c498f8
0x4037ba,0xa1abd8036c00
0x4037aa,0xde0ef9c610e8
0x4037aa,0xde0ef9c1a4e8
0x4037aa,0x74d6679098e8
0x4037ba,0xd79e62bc7cd8
0x4037aa,0xde0ef9c25328
0x4037aa,0x74d667914728
0x4037ba,0x28e837e409a0
0x4037aa,0x74d66793c528
0x4037aa,0x80f530bdc528
0x4037aa,0xde0ef9c55128
0x4037aa,0x74d6678b3d28
0x4037c1,0x5829a6f07298
0x4037aa,0xde0ef9c59128
0x4037ba,0xd79e62b07cf0
0x4037aa,0x74d667925728
0x4037ba,0xa1abd8023120
0x4037aa,0xde0ef9c63128
0x4037ba,0x28e837d5ebd8
0x4037aa,0xde0ef9c1c528
0x4037aa,0xde0ef9c65128
0x4037aa,0xde0ef9c1e528
0x4037aa,0xde0ef9c45328
0x4037ba,0xd79e62bfe538
0x4037ba,0x28e837d9bf58
0x4037aa,0x74d667933568
0x4037ba,0x28e837e38ff0
0x4037ba,0xd79e62bbebf8
0x4037aa,0x74d667916768
0x4037aa,0xde0ef9c31368
0x4037ba,0x28e837db9130
0x4037ba,0xea20633dc50
0x4037aa,0xde0ef9c13568
0x4037aa,0x74d667922768
0x4037ba,0xd79e62a931f8
0x4037ba,0xd79e62b71378
0x4037aa,0x74d6678bed68
0x4037aa,0x74d66789bf68
0x4037ba,0x28e837d01190
0x4037aa,0x74d6678c0d68
0x4037aa,0x74d66790d7a8
0x4037aa,0x74d6678c8ba8
0x4037aa,0xde0ef9c263a8
0x4037ba,0xd79e62a56c38
0x4037aa,0x74d6678f09a8
0x4037aa,0xde0ef9c2b3a8
0x4037aa,0x74d6678acda8
0x4037aa,0xde0ef9c313a8
0x4037ba,0xd79e62b56750
0x4037aa,0x74d6678f89a8
0x4037aa,0x74d667890fa8
0x4037aa,0x74d6679009a8
0x4037aa,0x74d667894fa8
0x4037ba,0xa1abd8005ab8
0x4037aa,0x74d6678bbda8
0x4037aa,0xde0ef9c601a8
0x4037ba,0xd79e62b00990
0x4037aa,0x74d667899fa8
0x4037aa,0xde0ef9c611a8
0x4037aa,0x74d66792d7a8
0x4037ba,0x6c537033bf58
0x4037aa,0xde0ef9c463a8
0x4037aa,0x74d6678e8ba8
0x4037ba,0xd79e62b35250
0x4037aa,0xde0ef9c223e8
0x4037ba,0x28e837d32ea8
0x4037aa,0x74d6679325e8
0x4037ba,0x28e837d65128
0x4037aa,0xde0ef9c4c1e8
0x4037ba,0x28e837e408d0
0x4037aa,0xde0ef9c531e8
0x4037c1,0x28e837d623c0
0x4037aa,0x74d66788dfe8
0x4037aa,0xde0ef9c125e8
0x4037aa,0x74d6679247e8
0x4037ba,0x28e837cad7b8
0x4037ba,0xe8035e4665a8
0x4037aa,0x74d6678debe8
0x4037aa,0x74d667898fe8
0x4037ba,0x28e837d010c0
0x4037ba,0xd79e62b10988
0x4037aa,0xde0ef9c423e8
0x4037aa,0xde0ef9c47228
0x4037aa,0x74d66790e828
0x4037ba,0xd79e62bf1360
0x4037ba,0xd79e62b98fd8
0x4037ba,0xa1abd802cd88
0x4037c1,0xd79e62c098d0
0x4037aa,0x74d6678b1e28
0x4037aa,0x74d6678d6c28
0x4037aa,0xde0ef9c36428
0x4037c1,0xd79e62a872a8
0x4037ba,0xa21321d5240
0x4037ba,0x5829a6ef1e18
0x4037aa,0x182919356c28
0x4037aa,0x74d667907a28
0x4037ba,0x28e837c925f0
0x4037aa,0x74d66792e828
0x4037aa,0xde0ef9c67228
0x4037ba,0xd79e62a9ed48
0x4037aa,0x74d6678c7c68
0x4037ba,0xd79e62b010e8
0x4037ba,0xa1abd80331d8
0x4037aa,0x74d6678d1c68
0x4037ba,0xd79e62bc7c70
0x4037ba,0xd79e62c33578
0x4037ba,0xd79e62afebe0
0x4037aa,0xde0ef9c55268
0x4037c1,0xa2132198998
0x4037ba,0x5829a6f447f8
0x4037aa,0x74d6678ddc68
0x4037ba,0xa213218d798
0x4037aa,0x74d6678e1c68
0x4037aa,0x74d6678e7c68
0x4037ba,0x28e837c95130
0x4037c1,0xa21321e5320
0x4037aa,0xde0ef9c472a8
0x4037ba,0xd79e62aa8b88
0x4037aa,0x74d6678cbca8
0x4037ba,0x5829a6edbf70
0x4037ba,0xd79e62a72e90
0x4037ba,0x6c537033dc78
0x4037ba,0xd79e62a5bda8
0x4037aa,0x74d6678b2ea8
0x4037c1,0xea206301c78
0x4037aa,0x74d667905aa8
0x4037aa,0xde0ef9c672a8
0x4037ba,0x28e837cfe508
0x4037c1,0x28e837d9dc68
0x4037aa,0x74d6678c7ce8
0x4037ba,0xd79e62ba23d0
0x4037aa,0x74d6678b2ee8
0x4037ba,0xd79e62b423e8
0x4037aa,0x74d6679208e8
0x4037aa,0xde0ef9c810e8
0x4037aa,0xde0ef9c3a4e8
0x4037ba,0xa21321e7a10
0x4037ba,0x28e837dc23e8
0x4037ba,0xa21321d5108
0x4037aa,0x74d6679298e8
0x4037ba,0xd79e62a92ef8
0x4037aa,0x74d6678e7ce8
0x4037aa,0x74d667934728
0x4037aa,0xde0ef9c75128
0x4037aa,0x74d6678d3d28
0x4037ba,0x28e837da8b88
0x4037aa,0xde0ef9c79128
0x4037ba,0xa1abd8041190
0x4037aa,0xde0ef9c14728
0x4037ba,0x28e837e40180
0x4037aa,0x38cf9ada5728
0x4037aa,0xde0ef9c83128
0x4037aa,0xde0ef9c3c528
0x4037aa,0xde0ef9c85128
0x4037aa,0xde0ef9c3e528
0x4037ba,0xea2063047f0
0x4037ba,0xd79e62a92e90
0x4037aa,0xde0ef9c65328
0x4037c1,0x6c6f1e4c23f8
0x4037ba,0x6c537034bc90
0x4037aa,0x74d667936768
0x4037ba,0xd79e62a91388
0x4037aa,0xde0ef9c2b568
0x4037ba,0x28e837ce63b8
0x4037aa,0xde0ef9c51368
0x4037aa,0xde0ef9c33568
0x4037ba,0xea20632c658
0x4037aa,0xde0ef9c16768
0x4037aa,0x74d6678ded68
0x4037aa,0x74d6678bbf68
0x4037aa,0x74d6678e0d68
0x4037c1,0xa2132205328
0x4037aa,0x71bb2b19bda8
0x4037aa,0x74d6679109a8
0x4037c1,0xd79e62bf25d8
0x4037aa,0xde0ef9c265a8
0x4037aa,0xde0ef9c4b3a8
0x4037aa,0x74d6678ccda8
0x4037ba,0xea2063072a8
0x4037aa,0x74d6679189a8
0x4037aa,0xde0ef9c513a8
0x4037aa,0x74d6678b0fa8
0x4037aa,0xde0ef9c0d7a8
0x4037ba,0xd79e62b9a4d8
0x4037c1,0xd79e62bc08f8
0x4037c1,0xd79e62ace808
0x4037aa,0x74d6679209a8
0x4037aa,0x74d6678b4fa8
0x4037ba,0x28e837e298c0
0x4037aa,0xde0ef9c801a8
0x4037aa,0x74d6678dbda8
0x4037aa,0xde0ef9c811a8
0x4037aa,0x74d6678b9fa8
0x4037ba,0x28e837d98fd0
0x4037ba,0xa1abd802dfc8
0x4037ba,0x28e837cd5268
0x4037aa,0x74d667908ba8
0x4037aa,0xde0ef9c663a8
0x4037ba,0x6c537033bdb8
0x4037aa,0x309dcdc68ba8
0x4037aa,0x74d6679309a8
0x4037aa,0xde0ef9c465a8
0x4037ba,0x28e837c95268
0x4037aa,0xde0ef9c6c1e8
0x4037aa,0xde0ef9c731e8
0x4037ba,0x28e837decdb0
0x4037aa,0x74d6678adfe8
0x4037aa,0xde0ef9c325e8
0x4037ba,0xd79e62af9f88
0x4037ba,0xea2063309b8
0x4037aa,0x74d6678febe8
0x4037aa,0x74d6678b8fe8
0x4037aa,0xde0ef9c623e8
0x4037c1,0xd79e62bda4c0
0x4037ba,0xe8035e461188
0x4037aa,0xde0ef9c8c1e8
0x4037ba,0xd79e62bc7a00
0x4037ba,0x28e837e0e808
0x4037ba,0x28e837dec660
0x4037ba,0x28e837c92ee0
0x4037c1,0xd79e62b81c50
0x4037aa,0x74d6678d1e28
0x4037aa,0x74d6678f6c28
0x4037aa,0xde0ef9c0e828
0x4037ba,0x28e837e2b3a8
0x4037ba,0x28e837e32eb8
0x4037c1,0xa1abd7fe7220
0x4037aa,0xde0ef9c56428
0x4037c1,0x6c6f1e4c5118
0x4037c1,0xd79e62bb8fd0
0x4037aa,0x74d667927a28
0x4037c1,0x28e837d525e8
0x4037aa,0xde0ef9c87228
0x4037c1,0x28e837d1a4e0
0x4037c1,0xa2132201c40
0x4037aa,0x74d6678f1c68
0x4037aa,0xde0ef9c2c668
0x4037aa,0xde0ef9c75268
0x4037ba,0xd79e62be8b90
0x4037aa,0x74d6678fdc68
0x4037ba,0x28e837d410e8
0x4037aa,0x74d667901c68
0x4037ba,0x28e837d86588
0x4037aa,0x74d667907c68
0x4037aa,0x74d6678ebca8
0x4037ba,0x28e837d6e820
0x4037ba,0x28e837e73d38
0x4037ba,0xe8035e467c58
0x4037aa,0x74d6678d2ea8
0x4037ba,0xea20631dc58
0x4037ba,0xea20633dc50
0x4037ba,0x28e837e39120
0x4037aa,0x74d667925aa8
0x4037aa,0xde0ef9c872a8
0x4037aa,0x74d66790bca8
0x4037c1,0x28e837e82760
0x4037ba,0xa21321f5130
0x4037ba,0xa1abd801dc68
0x4037ba,0xa21321b8980
0x4037aa,0x74d6678d2ee8
0x4037ba,0xd79e62c40d60
0x4037ba,0xd79e62a67298
0x4037c1,0x28e837e56748
0x4037aa,0xde0ef9ca10e8
0x4037aa,0xde0ef9c5a4e8
0x4037ba,0x28e837dd6c10
0x4037ba,0xd79e62bd31d8
0x4037aa,0x74d667907ce8
0x4037ba,0x28e837e20d68
0x4037aa,0xde0ef9c208e8
0x4037ba,0xd79e62c33d30
0x4037aa,0xde0ef9c25728
0x4037aa,0xde0ef9c95128
0x4037aa,0x74d6678f3d28
0x4037aa,0xde0ef9c99128
0x4037ba,0xa1abd802c1c0
0x4037aa,0xde0ef9c34728
0x4037ba,0x28e837d847d8
0x4037ba,0xea206312e80
0x4037aa,0xde0ef9ca3128
0x4037ba,0xd79e62a56c38
0x4037aa,0xde0ef9ca5128
0x4037aa,0xde0ef9c5c528
0x4037aa,0xde0ef9c5e528
0x4037ba,0x28e837e51388
0x4037aa,0xde0ef9c85328
0x4037ba,0x28e837cd5130
0x4037ba,0xd79e62c498f8
0x4037c1,0x28e837cd9f90
0x4037ba,0xa1abd804dff8
0x4037aa,0xde0ef9c45728
0x4037aa,0xde0ef9c22768
0x4037c1,0xd79e62c27208
0x4037aa,0x71bb2b19bf68
0x4037aa,0xde0ef9c4b568
0x4037aa,0xde0ef9c71368
0x4037aa,0xde0ef9c53568
0x4037aa,0xde0ef9c36768
0x4037aa,0x74d6678fed68
0x4037aa,0x74d6678dbf68
0x4037aa,0x74d667900d68
0x4037ba,0x28e837d5ed78
0x4037ba,0xd79e62c40198
0x4037aa,0xde0ef9c42768
0x4037ba,0xd79e62a6cd80
0x4037ba,0xa213218b570
0x4037aa,0xde0ef9c6b3a8
0x4037aa,0x74d6678ecda8
0x4037ba,0xa1abd7fd6778
0x4037ba,0xa2132207c50
0x4037ba,0xa7d08ad11378
0x4037aa,0x74d6679389a8
0x4037aa,0xde0ef9c713a8
0x4037c1,0xa1abd7fd2eb8
0x4037aa,0xde0ef9c2d7a8
0x4037aa,0x74d6678d0fa8
0x4037aa,0x74d6678d4fa8
0x4037ba,0x28e837dd3d08
0x4037ba,0x28e837d74f80
0x4037ba,0xd79e62ab1e28
0x4037aa,0xde0ef9ca01a8
0x4037aa,0x74d6678fbda8
0x4037aa,0xde0ef9c109a8
0x4037aa,0xde0ef9ca11a8
0x4037aa,0x74d6678d9fa8
0x4037aa,0xde0ef9c189a8
0x4037aa,0x74d667928ba8
0x4037aa,0xde0ef9c863a8
0x4037ba,0xd79e62b847c8
0x4037aa,0xde0ef9c8b3a8
0x4037aa,0xde0ef9c665a8
0x4037aa,0xde0ef9c209a8
0x4037aa,0x74d66790cda8
0x4037ba,0x5829a6ed2e98
0x4037aa,0xde0ef9c247e8
0x4037aa,0xde0ef9c931e8
0x4037aa,0x74d6678cdfe8
0x4037ba,0xd79e62bf1360
0x4037ba,0xa1abd8007280
0x4037aa,0xde0ef9c525e8
0x4037aa,0x74d66791ebe8
0x4037aa,0x74d6678d8fe8
0x4037ba,0x28e837d223f8
0x4037aa,0xde0ef9c823e8
0x4037aa,0xde0ef9cac1e8
0x4037ba,0xa1abd7fd3548
0x4037c1,0xa1abd804cda8
0x4037ba,0xea2062d5130
0x4037aa,0xde0ef9c447e8
0x4037c1,0x5829a6f411b8
0x4037aa,0x74d6678f1e28
0x4037aa,0x74d667916c28
0x4037aa,0xde0ef9c2e828
0x4037aa,0xde0ef9c76428
0x4037c1,0x6c6f1e4c7280
0x4037ba,0xea2062c10c0
0x4037aa,0xde0ef9ca7228
0x4037ba,0xa21321d5240
0x4037ba,0xea2062f1c68
0x4037c1,0xea2062cbc80
0x4037aa,0x74d667911c68
0x4037aa,0xde0ef9c95268
0x4037aa,0xde0ef9c4c668
0x4037ba,0xd79e62ad0f90
0x4037ba,0x28e837cc23e0
0x4037ba,0xea2063047f0
0x4037aa,0x74d66791dc68
0x4037aa,0x74d667921c68
0x4037ba,0xe8035e463118
0x4037aa,0x74d667927c68
0x4037c1,0xd79e62b047f8
0x4037ba,0xd79e62ba23d0
0x4037ba,0xa1abd7fe47d8
0x4037aa,0x74d6678f2ea8
0x4037aa,0x38cf9ada5aa8
0x4037ba,0xd79e62c18988
0x4037aa,0xde0ef9ca72a8
0x4037ba,0xd79e62b00990
0x4037ba,0xd79e62b9bf78
0x4037aa,0x74d66792bca8
0x4037ba,0xd79e62bf9100
0x4037aa,0xde0ef9c298e8
0x4037aa,0x74d6678f2ee8
0x4037aa,0xde0ef9cc10e8
0x4037aa,0xde0ef9c7a4e8
0x4037ba,0xea20633dc50
0x4037ba,0xd79e62a92e90
0x4037aa,0x74d667927ce8
0x4037ba,0x28e837d06390
0x4037ba,0xe8035e465a90
0x4037aa,0xde0ef9c408e8
0x4037aa,0xde0ef9cb5128
0x4037aa,0xde0ef9cb9128
0x4037aa,0x74d667913d28
0x4037ba,0xd79e62c409b8
0x4037aa,0xde0ef9c54728
0x4037aa,0xde0ef9cc3128
0x4037aa,0xde0ef9c7c528
0x4037aa,0xde0ef9cc5128
0x4037ba,0x28e837e647e8
0x4037aa,0xde0ef9c7e528
0x4037aa,0xde0ef9ca5328
0x4037ba,0xa1abd8033d38
0x4037ba,0xd79e62ac3110
0x4037aa,0xde0ef9c65728
0x4037ba,0x28e837db9130
0x4037aa,0xde0ef9cd5128
0x4037ba,0xd79e62a9e528
0x4037aa,0xde0ef9c6b568
0x4037aa,0xde0ef9c91368
0x4037ba,0xd79e62b10988
0x4037aa,0xde0ef9c73568
0x4037ba,0x28e837cb6770
0x4037c1,0x5829a6f47208
0x4037aa,0xde0ef9c56768
0x4037aa,0x74d66791ed68
0x4037aa,0x74d6678fbf68
0x4037aa,0x74d667920d68
0x4037c1,0xd79e62afa4f0
0x4037ba,0xd79e62b45338
0x4037ba,0x28e837d989b8
0x4037aa,0xde0ef9c62768
0x4037ba,0xa21321d4fa0
0x4037aa,0xde0ef9c8b568
0x4037aa,0xde0ef9cb1368
0x4037ba,0xa1abd8015108
0x4037aa,0xde0ef9c913a8
0x4037c1,0xd79e62bc8b88
0x4037aa,0x74d6678f0fa8
0x4037aa,0xde0ef9c4d7a8
0x4037aa,0x74d6678f4fa8
0x4037ba,0xa1abd7fd3d00
0x4037aa,0xde0ef9cc01a8
0x4037aa,0xde0ef9c309a8
0x4037aa,0xde0ef9cc11a8
0x4037aa,0x74d66791bda8
0x4037aa,0x74d6678f9fa8
0x4037aa,0xde0ef9c389a8
0x4037aa,0xde0ef9ca63a8
0x4037ba,0xe8035e4665a8
0x4037aa,0xde0ef9c865a8
0x4037ba,0xea2062d6778
0x4037aa,0xde0ef9cab3a8
0x4037aa,0xde0ef9c409a8
0x4037aa,0x74d66792cda8
0x4037ba,0x28e837e63128
0x4037aa,0xde0ef9cb13a8
0x4037aa,0xde0ef9cb31e8
0x4037c1,0x28e837dfe500
0x4037aa,0x74d6678edfe8
0x4037aa,0xde0ef9c725e8
0x4037ba,0xd79e62ae10e8
0x4037ba,0x28e837d21c60
0x4037aa,0x74d6678f8fe8
0x4037c1,0x6c6f1e4c5118
0x4037aa,0xde0ef9ca23e8
0x4037ba,0x28e837cb3d20
0x4037ba,0x9e9c4d913d00
0x4037aa,0xde0ef9ccc1e8
0x4037aa,0xde0ef9c647e8
0x4037aa,0xde0ef9cd31e8
0x4037aa,0xde0ef9c1ebe8
0x4037c1,0x28e837d9dc68
0x4037ba,0xd79e62ac0988
0x4037aa,0x74d667911e28
0x4037aa,0x74d667936c28
0x4037aa,0xde0ef9c27a28
0x4037ba,0x6c6f1e4c1c58
0x4037aa,0xde0ef9c96428
0x4037aa,0xde0ef9c4e828
0x4037ba,0x28e837e731d8
0x4037c1,0xa2132198998
0x4037aa,0xde0ef9cc7228
0x4037aa,0xde0ef9c16c28
0x4037ba,0x28e837decdb0
0x4037aa,0x74d667931c68
0x4037aa,0xde0ef9cb5268
0x4037aa,0xde0ef9c6c668
0x4037c1,0x28e837d52ed8
0x4037ba,0xe8035e4623f8
0x4037aa,0x74d66793dc68
0x4037ba,0xa1abd801dc68
0x4037c1,0x28e837e56748
0x4037aa,0xde0ef9c11c68
0x4037ba,0xd79e62a9c538
0x4037c1,0xd79e62accd90
0x4037ba,0xea20631dc58
0x4037aa,0xde0ef9c1dc68
0x4037aa,0xde0ef9cd5268
0x4037aa,0xde0ef9c8c668
0x4037aa,0xde0ef9c21c68
0x4037aa,0xde0ef9c25aa8
0x4037aa,0x74d667912ea8
0x4037ba,0xd79e62bc7a00
0x4037c1,0x28e837d02768
0x4037ba,0xd79e62ae47d8
0x4037aa,0xde0ef9cc72a8
0x4037ba,0x28e837ce11a0
0x4037ba,0x5829a6ec11a8
0x4037ba,0xd79e62a6cd80
0x4037aa,0xde0ef9c45aa8
0x4037ba,0x28e837cc3138
0x4037ba,0xe8035e467cc0
0x4037aa,0xde0ef9c498e8
0x4037ba,0xd79e62ac7c48
0x4037aa,0x74d667912ee8
0x4037aa,0xde0ef9ce10e8
0x4037ba,0xd79e62c31390
0x4037aa,0xde0ef9c9a4e8
0x4037ba,0xa21321e1180
0x4037ba,0xa1abd7fe6398
0x4037ba,0xea20632c1e0
0x4037ba,0xd79e62ac7288
0x4037ba,0x28e837cd0998
0x4037ba,0xe8035e4663a0
0x4037aa,0xde0ef9c608e8
0x4037aa,0xde0ef9cd9128
0x4037aa,0x74d667933d28
0x4037c1,0xa21321a7208
0x4037aa,0xde0ef9c74728
0x4037aa,0xde0ef9ce3128
0x4037aa,0xde0ef9ce5128
0x4037aa,0xde0ef9c9c528
0x4037aa,0xde0ef9c9e528
0x4037ba,0xd79e62b011b8
0x4037aa,0xde0ef9cc5328
0x4037ba,0xd79e62b25300
0x4037aa,0xde0ef9c13d28
0x4037aa,0xde0ef9c85728
0x4037aa,0xde0ef9cf5128
0x4037aa,0xde0ef9cf9128
0x4037aa,0x309dcdc63128
0x4037aa,0xde0ef9c93568
0x4037ba,0xa1abd8046398
0x4037ba,0xa1abd8045338
0x4037ba,0x28e837cb6430
0x4037ba,0xd79e62bd3d38
0x4037aa,0xde0ef9c76768
0x4037ba,0x28e837e36770
0x4037aa,0x74d66791bf68
0x4037ba,0x28e837e60d78
0x4037aa,0xde0ef9c82768
0x4037ba,0xd79e62b07cf0
0x4037aa,0xde0ef9cab568
0x4037ba,0xd79e62a91c78
0x4037aa,0xde0ef9cd1368
0x4037ba,0xe8035e45ebf8
0x4037aa,0xde0ef9c1ed68
0x4037aa,0xde0ef9c20d68
0x4037ba,0xa213218cdb8
0x4037ba,0xd79e62b41c68
0x4037aa,0x74d667910fa8
0x4037ba,0xd79e62beb570
0x4037aa,0xde0ef9c6d7a8
0x4037aa,0xde0ef9c28ba8
0x4037aa,0x74d667914fa8
0x4037aa,0xde0ef9ce01a8
0x4037ba,0x28e837ce63b8
0x4037aa,0xf3bd7d6f89a8
0x4037aa,0xde0ef9ce11a8
0x4037aa,0x74d66793bda8
0x4037aa,0xde0ef9c509a8
0x4037aa,0x74d667919fa8
0x4037ba,0xd79e62b4e828
0x4037aa,0x80f530bdbda8
0x4037aa,0xde0ef9cc63a8
0x4037aa,0xde0ef9c589a8
0x4037ba,0xd79e62a56c38
0x4037aa,0xde0ef9ca65a8
0x4037aa,0xde0ef9ccb3a8
0x4037aa,0xde0ef9c609a8
0x4037aa,0xde0ef9c1bda8
0x4037ba,0xea20632dfe8
0x4037aa,0xde0ef9cd13a8
0x4037ba,0xea20630dfe8
0x4037ba,0xd79e62bd31d8
0x4037aa,0x74d667930fa8
0x4037aa,0xde0ef9c8d7a8
0x4037ba,0x28e837d39f88
0x4037aa,0x74d66790dfe8
0x4037ba,0xd79e62a72e90
0x4037aa,0xde0ef9c925e8
0x4037ba,0xd79e62c40d60
0x4037aa,0x74d667918fe8
0x4037c1,0x28e837e80988
0x4037c1,0xd79e62bac670
0x4037aa,0xde0ef9cc23e8
0x4037ba,0xea2062cd780
0x4037c1,0xd79e62ace808
0x4037ba,0x28e837d65a80
0x4037aa,0xde0ef9cec1e8
0x4037ba,0xa1abd8012ee0
0x4037aa,0xde0ef9c847e8
0x4037aa,0xde0ef9c3ebe8
0x4037aa,0xde0ef9cf31e8
0x4037ba,0xd79e62a9ed48
0x4037aa,0x74d66792dfe8
0x4037ba,0xe930e6c11c40
0x4037c1,0xea2062cbc80
0x4037aa,0xde0ef9cb25e8
0x4037c1,0xea2062ed7a8
0x4037aa,0x74d667931e28
0x4037aa,0xde0ef9c47a28
0x4037ba,0x28e837cb9fa0
0x4037aa,0xde0ef9cb6428
0x4037ba,0x6c6f1e4c10f8
0x4037aa,0xde0ef9c6e828
0x4037ba,0xa1abd80125f0
0x4037ba,0xa1abd8023120
0x4037aa,0x54bf1d856428
0x4037ba,0x28e837e36430
0x4037ba,0xa213219bda0
0x4037c1,0x28e837d76750
0x4037aa,0xde0ef9ce7228
0x4037ba,0xa1abd7ff1358
0x4037aa,0xde0ef9c11e28
0x4037aa,0xde0ef9c36c28
0x4037aa,0xde0ef9c67a28
0x4037aa,0xde0ef9cd6428
0x4037ba,0x5829a6ec8b80
0x4037ba,0x28e837d59128
0x4037aa,0xde0ef9c27c68
0x4037ba,0x28e837dc63b8
0x4037ba,0xa21321d4718
0x4037ba,0x28e837e63128
0x4037aa,0xde0ef9c31c68
0x4037aa,0xde0ef9c3dc68
0x4037aa,0xde0ef9cac668
0x4037aa,0xde0ef9cf5268
0x4037ba,0x28e837ddbd90
0x4037aa,0xde0ef9c41c68
0x4037c1,0xee30bb9447e8
0x4037c1,0xa1abd804cda8
0x4037c1,0x28e837db6778
0x4037ba,0x28e837dbc538
0x4037ba,0x28e837d65330
0x4037aa,0x74d667932ea8
0x4037aa,0xde0ef9c2bca8
0x4037ba,0xa1abd80331d8
0x4037ba,0xe8035e465138
0x4037aa,0xde0ef9ce72a8
0x4037aa,0xde0ef9c12ea8
0x4037c1,0xd79e62bb8fd0
0x4037ba,0xa21321e7ce8
0x4037ba,0x28e837cf9138
0x4037aa,0xde0ef9c65aa8
0x4037aa,0xde0ef9c698e8
0x4037ba,0xd79e62badfe0
0x4037aa,0x74d667932ee8
0x4037aa,0xde0ef9c27ce8
0x4037aa,0xde0ef9d010e8
0x4037aa,0xde0ef9cba4e8
0x4037ba,0x28e837c9a4c0
0x4037ba,0xa213218b570
0x4037ba,0x28e837e2bc98
0x4037ba,0xd79e62a91388
0x4037aa,0xde0ef9c12ee8
0x4037aa,0x642e235810e8
0x4037aa,0xde0ef9c808e8
0x4037ba,0x28e837d610e0
0x4037ba,0xd79e62c33578
0x4037ba,0xea2063131c0
0x4037c1,0xd79e62accd90
0x4037aa,0xde0ef9c898e8
0x4037c1,0xa21321f9f90
0x4037ba,0x28e837cd31e8
0x4037ba,0xa1abd8015240
0x4037aa,0xde0ef9c94728
0x4037aa,0xde0ef9d03128
0x4037aa,0xde0ef9cbc528
0x4037aa,0xde0ef9d05128
0x4037aa,0xde0ef9cbe528
0x4037aa,0xde0ef9ce5328
0x4037aa,0xde0ef9c33d28
0x4037aa,0x642e23583128
0x4037aa,0xde0ef9ca5728
0x4037aa,0x642e23585128
0x4037ba,0x28e837e54720
0x4037ba,0xd79e62ae5730
0x4037ba,0xd79e62be8b90
0x4037aa,0xde0ef9cb3568
0x4037ba,0xa213218e820
0x4037aa,0xde0ef9c96768
0x4037aa,0x74d66793bf68
0x4037ba,0xe8035e467c58
0x4037ba,0x28e837e55258
0x4037aa,0x80f530bdbf68
0x4037ba,0x28e837e408d0
0x4037ba,0xa1abd800cdb8
0x4037aa,0xde0ef9ca2768
0x4037aa,0xde0ef9ccb568
0x4037aa,0xde0ef9cf1368
0x4037aa,0xde0ef9c3ed68
0x4037ba,0x28e837cadfd8
0x4037aa,0xde0ef9c40d68
0x4037ba,0x6c6f1e4c1c58
0x4037aa,0xde0ef9c1bf68
0x4037c1,0xd79e62ae7c60
0x4037aa,0xde0ef9cd3568
0x4037ba,0x28e837dcc1f0
0x4037ba,0xa1abd8031c48
0x4037aa,0xde0ef9c48ba8
0x4037aa,0x74d667934fa8
0x4037c1,0xa2132201c40
0x4037aa,0xde0ef9d001a8
0x4037aa,0xde0ef9d011a8
0x4037aa,0xde0ef9c709a8
0x4037aa,0x74d667939fa8
0x4037ba,0x28e837e32eb8
0x4037c1,0xea2062fbf60
0x4037aa,0xde0ef9c2cda8
0x4037aa,0xde0ef9c789a8
0x4037aa,0xde0ef9ce63a8
0x4037ba,0x28e837c95130
0x4037aa,0xde0ef9c10fa8
0x4037ba,0x28e837e39120
0x4037aa,0xde0ef9cc65a8
0x4037aa,0x642e235801a8
0x4037aa,0xde0ef9ceb3a8
0x4037aa,0x642e235811a8
0x4037c1,0xd79e62a872a8
0x4037ba,0xd79e62addc40
0x4037aa,0xde0ef9c809a8
0x4037aa,0xde0ef9c14fa8
0x4037ba,0x28e837d823d8
0x4037aa,0xde0ef9c3bda8
0x4037aa,0xde0ef9cf13a8
0x4037aa,0xde0ef9c19fa8
0x4037aa,0xde0ef9cad7a8
0x4037aa,0xf3bd7d7d09a8
0x4037aa,0xde0ef9c68ba8
0x4037c1,0x28e837d9dc68
0x4037ba,0xa1abd80465a0
0x4037aa,0xf64caa23e8
0x4037ba,0xd79e62ad4720
0x4037aa,0x74d667938fe8
0x4037aa,0xde0ef9ce23e8
0x4037c1,0xd79e62c098d0
0x4037aa,0xde0ef9c0dfe8
0x4037aa,0xde0ef9d0c1e8
0x4037ba,0x28e837c8dfd0
0x4037c1,0xa1abd7fe7220
0x4037c1,0x28e837e56748
0x4037aa,0xde0ef9ca47e8
0x4037aa,0xde0ef9c5ebe8
0x4037aa,0xde0ef9c18fe8
0x4037ba,0xa21321fed68
0x4037aa,0xde0ef9cd25e8
0x4037aa,0x642e2358c1e8
0x4037c1,0xd79e62b801b0
0x4037aa,0xde0ef9c8e828
0x4037ba,0x28e837d125c0
0x4037ba,0x41d09ea21198
0x4037ba,0x5829a6ec11a8
0x4037aa,0xde0ef9d07228
0x4037ba,0xea206312e80
0x4037aa,0xde0ef9c31e28
0x4037ba,0xea2063325e8
0x4037aa,0xde0ef9c56c28
0x4037c1,0x28e837dfe500
0x4037ba,0x28e837dc23e8
0x4037aa,0x642e23587228
0x4037ba,0x28e837e20d68
0x4037aa,0xde0ef9c87a28
0x4037aa,0xde0ef9cf6428
0x4037ba,0xea2062d6778
0x4037aa,0xde0ef9cae828
0x4037ba,0xa2132200d78
0x4037aa,0xde0ef9c47c68
0x4037aa,0x54bf1d85dc68
0x4037ba,0x28e837d65128
0x4037aa,0xde0ef9c51c68
0x4037ba,0xd79e62b45338
0x4037ba,0xd79e62c31e20
0x4037ba,0x28e837d12eb0
0x4037ba,0x28e837dd3550
0x4037aa,0xde0ef9c5dc68
0x4037aa,0xde0ef9ccc668
0x4037ba,0xd79e62ac5a80
0x4037aa,0xde0ef9c61c68
0x4037aa,0xde0ef9c67c68
0x4037ba,0x28e837ce10d0
0x4037ba,0xa1abd803dc40
0x4037aa,0xde0ef9c4bca8
0x4037c1,0xd79e62b9e510
0x4037aa,0xde0ef9d072a8
0x4037aa,0xde0ef9c32ea8
0x4037ba,0xd79e62a6cd80
0x4037ba,0xd79e62b07a18
0x4037aa,0x642e235872a8
0x4037aa,0xde0ef9c85aa8
0x4037c1,0xd79e62c47230
0x4037c1,0x28e837d1a4e0
0x4037aa,0xde0ef9c47ce8
0x4037aa,0x4b3918c010e8
0x4037aa,0xde0ef9cda4e8
0x4037ba,0x28e837d5ed78
0x4037ba,0xea20632dfe8
0x4037aa,0xde0ef9c32ee8
0x4037aa,0xde0ef9ca08e8
0x4037ba,0xa1abd7fd3d00
0x4037ba,0x28e837d3e538
0x4037aa,0xde0ef9ca98e8
0x4037ba,0x28e837c92ee0
0x4037aa,0x4b3918c210e8
0x4037aa,0xde0ef9c67ce8
0x4037aa,0xde0ef9cfa4e8
0x4037aa,0xde0ef9cb4728
0x4037ba,0xd79e62b76778
0x4037aa,0x4b3918c03128
0x4037aa,0xde0ef9cdc528
0x4037aa,0x4b3918c05128
0x4037aa,0xde0ef9cde528
0x4037ba,0xd79e62b010e8
0x4037aa,0xde0ef9d05328
0x4037ba,0xa21321a47c0
0x4037aa,0xde0ef9c53d28
0x4037ba,0xa2132195118
0x4037ba,0x28e837e2b548
0x4037ba,0x28e837d85aa0
0x4037aa,0xde0ef9cc5728
0x4037c1,0xd79e62b87218
0x4037ba,0xea20633dc50
0x4037aa,0x4b3918c15128
0x4037ba,0xd79e62c331d0
0x4037aa,0x642e23585328
0x4037aa,0x4b3918c19128
0x4037aa,0xde0ef9cd4728
0x4037aa,0x4b3918c23128
0x4037aa,0xde0ef9cb6768
0x4037ba,0xd79e62b10fa0
0x4037ba,0xa2132207c50
0x4037aa,0x54bf1d856768
0x4037aa,0xde0ef9cc2768
0x4037aa,0xde0ef9ceb568
0x4037ba,0x28e837e51c78
0x4037ba,0xa21321b4fa0
0x4037aa,0xde0ef9c3bf68
0x4037ba,0xd79e62ae5118
0x4037aa,0xde0ef9c5ed68
0x4037ba,0xea2063047f0
0x4037ba,0x28e837e3c508
0x4037aa,0xde0ef9c60d68
0x4037c1,0xa1abd8001198
0x4037aa,0xde0ef9cf3568
0x4037aa,0xde0ef9cd6768
0x4037aa,0x4b3918c001a8
0x4037aa,0x4b3918c011a8
0x4037ba,0xa1abd8005710
0x4037aa,0xde0ef9c909a8
0x4037aa,0xde0ef9c4cda8
0x4037aa,0xde0ef9c989a8
0x4037aa,0xde0ef9d063a8
0x4037ba,0x5829a6ec10d8
0x4037aa,0xde0ef9c30fa8
0x4037aa,0xde0ef9ce65a8
0x4037aa,0xde0ef9d0b3a8
0x4037c1,0x5829a6f47208
0x4037aa,0xde0ef9ca09a8
0x4037aa,0xde0ef9c34fa8
0x4037aa,0xde0ef9c5bda8
0x4037aa,0xde0ef9c39fa8
0x4037ba,0xd79e62a7bd90
0x4037aa,0x642e235863a8
0x4037ba,0xd79e62c33d30
0x4037aa,0xde0ef9ccd7a8
0x4037aa,0xde0ef9c88ba8
0x4037aa,0x642e2358b3a8
0x4037aa,0x4b3918c201a8
0x4037aa,0xde0ef9cb09a8
0x4037aa,0x4b3918c211a8
0x4037aa,0xde0ef9d023e8
0x4037c1,0x98f5690ddc58
0x4037aa,0xde0ef9c2dfe8
0x4037ba,0xd79e62c33578
0x4037aa,0x4b3918c0c1e8
0x4037aa,0xde0ef9cc47e8
0x4037aa,0x4b3918c131e8
0x4037aa,0xde0ef9c7ebe8
0x4037aa,0x642e235823e8
0x4037aa,0xde0ef9c38fe8
0x4037ba,0xe8035e45bf40
0x4037ba,0xa1abd8013d20
0x4037c1,0xd79e62accd90
0x4037aa,0xde0ef9cf25e8
0x4037c1,0xa1abd804cda8
0x4037ba,0x28e837cf1398
0x4037aa,0x4b3918c07228
0x4037aa,0xde0ef9c76c28
0x4037aa,0xde0ef9c51e28
0x4037ba,0xd79e62a67cc0
0x4037ba,0xd79e62a91e18
0x4037aa,0xde0ef9ca7a28
0x4037aa,0xde0ef9cce828
0x4037c1,0xa1abd7fd5278
0x4037ba,0xea2062be518
0x4037ba,0xd79e62ae10e8
0x4037aa,0xde0ef9c71c68
0x4037aa,0xde0ef9c7dc68
0x4037ba,0xea2063210c0
0x4037aa,0xde0ef9cec668
0x4037aa,0x4b3918c15268
0x4037aa,0xde0ef9c81c68
0x4037aa,0xde0ef9c87c68
0x4037c1,0xa2132205328
0x4037ba,0xea20632c1e0
0x4037ba,0x28e837e1bf70
0x4037ba,0xa1abd7fdebc0
0x4037ba,0xa1abd7fd6438
0x4037c1,0x28e837cf6c00
0x4037aa,0xde0ef9c6bca8
0x4037ba,0x28e837d9bf58
0x4037aa,0x4b3918c072a8
0x4037ba,0xd79e62a56c38
0x4037aa,0xde0ef9c52ea8
0x4037aa,0xde0ef9ca5aa8
0x4037ba,0xa21321f5268
0x4037aa,0xde0ef9c8bca8
0x4037ba,0xa1abd800d798
0x4037aa,0xde0ef9cc08e8
0x4037aa,0xde0ef9c52ee8
0x4037ba,0xd79e62a67c58
0x4037ba,0xd79e62ac7288
0x4037ba,0xd79e62abebc0
0x4037aa,0xde0ef9cc98e8
0x4037ba,0xd79e62b54f80
0x4037ba,0xd79e62b10988
0x4037aa,0xde0ef9c87ce8
0x4037aa,0x33ece18010e8
0x4037ba,0xe8035e4663a0
0x4037aa,0xde0ef9cfc528
0x4037aa,0x4b3918c25128
0x4037aa,0xde0ef9cfe528
0x4037aa,0x4b3918c05328
0x4037aa,0xde0ef9c73d28
0x4037ba,0x28e837cd31e8
0x4037aa,0xde0ef9ce5728
0x4037aa,0xc48ca91f4728
0x4037c1,0xd79e62bc08f8
0x4037aa,0x4b3918c35128
0x4037ba,0x28e837ce11a0
0x4037aa,0x4b3918c39128
0x4037ba,0xd79e62a78fe0
0x4037ba,0xd79e62c498f8
0x4037ba,0xa21321fa4c8
0x4037aa,0xde0ef9cf4728
0x4037aa,0x33ece1803128
0x4037ba,0xd79e62b423e8
0x4037aa,0x33ece1805128
0x4037ba,0xd79e62b4e828
0x4037ba,0xd79e62a72ef8
0x4037aa,0xf64caa2768
0x4037ba,0x28e837cf9138
0x4037ba,0xd79e62ab1e28
0x4037ba,0x28e837dd3d08
0x4037aa,0xde0ef9ce2768
0x4037ba,0xd79e62b33540
0x4037c1,0xa2132208bb0
0x4037aa,0xde0ef9d0b568
0x4037ba,0x28e837d3e538
0x4037ba,0xa21321b8980
0x4037aa,0x4b3918c11368
0x4037aa,0xde0ef9c7ed68
0x4037ba,0xd79e62a9ed48
0x4037aa,0xde0ef9c80d68
0x4037aa,0xde0ef9c5bf68
0x4037ba,0xd79e62afdc50
0x4037ba,0xa1abd801dc68
0x4037aa,0x642e2358b568
0x4037aa,0xde0ef9cf6768
0x4037ba,0x28e837d6e820
0x4037ba,0xd79e62b8b398
0x4037ba,0x28e837e55120
0x4037ba,0x6c537033bdb8
0x4037c1,0xa21321b2ec0
0x4037aa,0xde0ef9c6cda8
0x4037ba,0xd79e62a54f98
0x4037aa,0xde0ef9cb89a8
0x4037ba,0xa21321b4fa0
0x4037aa,0x4b3918c063a8
0x4037ba,0x28e837c90fb0
0x4037aa,0xde0ef9d065a8
0x4037aa,0x4b3918c0b3a8
0x4037aa,0xde0ef9c50fa8
0x4037aa,0xde0ef9cc09a8
0x4037aa,0xde0ef9c54fa8
0x4037aa,0xde0ef9c7bda8
0x4037aa,0x4b3918c113a8
0x4037c1,0xa1abd8032e80
0x4037aa,0xde0ef9c59fa8
0x4037aa,0xde0ef9ced7a8
0x4037c1,0xd79e62afa4f0
0x4037aa,0x642e235865a8
0x4037aa,0xde0ef9ca8ba8
0x4037aa,0xde0ef9cd09a8
0x4037aa,0x33ece18001a8
0x4037aa,0x33ece18011a8
0x4037ba,0xd79e62badfe0
0x4037ba,0xa7d08ad11378
0x4037aa,0xde0ef9c8cda8
0x4037ba,0x28e837d010c0
0x4037aa,0x4b3918c023e8
0x4037c1,0x28e837d52ed8
0x4037ba,0x28e837cbc520
0x4037ba,0xe8035e467cc0
0x4037aa,0xde0ef9c4dfe8
0x4037aa,0x4b3918c2c1e8
0x4037aa,0xf3bd7d6f8fe8
0x4037ba,0x28e837e50f88
0x4037aa,0xde0ef9ce47e8
0x4037aa,0xde0ef9c9ebe8
0x4037aa,0x4b3918c331e8
0x4037ba,0xa2132196428
0x4037aa,0xde0ef9c58fe8
0x4037ba,0x28e837e0e808
0x4037c1,0x5829a6ed9100
0x4037aa,0x4b3918c223e8
0x4037aa,0x4b3918c27228
0x4037ba,0xd79e62bd6c08
0x4037aa,0xde0ef9c71e28
0x4037aa,0xde0ef9c96c28
0x4037c1,0xa21321a7208
0x4037aa,0x71bb2b187228
0x4037ba,0xea20632dfe8
0x4037ba,0x28e837d74f80
0x4037aa,0xde0ef9cc7a28
0x4037aa,0x4b3918c16428
0x4037aa,0xde0ef9cee828
0x4037c1,0x28e837dfe500
0x4037ba,0xa21321e7ce8
0x4037c1,0xea20631a4c0
0x4037ba,0xd79e62b85700
0x4037ba,0xea2062d6438
0x4037ba,0x28e837dd6c10
0x4037c1,0x28e837d1a4e0
0x4037ba,0xd79e62b35250
0x4037aa,0xde0ef9c91c68
0x4037aa,0xde0ef9c9dc68
0x4037aa,0xde0ef9d0c668
0x4037c1,0xa1abd7fe7220
0x4037ba,0xa1abd8041190
0x4037aa,0x4b3918c35268
0x4037ba,0x28e837c95130
0x4037aa,0xde0ef9ca1c68
0x4037aa,0xde0ef9ca7c68
0x4037c1,0xa1abd8001198
0x4037aa,0x642e2358c668
0x4037aa,0xde0ef9cb1c68
0x4037ba,0xa1abd803dc40
0x4037aa,0x4b3918c272a8
0x4037aa,0xde0ef9c72ea8
0x4037aa,0x71bb2b1872a8
0x4037ba,0xd79e62b96410
0x4037ba,0xd79e62c42748
0x4037ba,0xd79e62addc40
0x4037aa,0xde0ef9cc5aa8
0x4037ba,0x28e837d223f8
0x4037aa,0xde0ef9cabca8
0x4037ba,0xd79e62b07cf0
0x4037ba,0x28e837e208f0
0x4037ba,0xd79e62a59f98
0x4037ba,0xea2062d5130
0x4037ba,0xd79e62b25300
0x4037aa,0xde0ef9ce08e8
0x4037aa,0xde0ef9c72ee8
0x4037ba,0xa21321d4fa0
0x4037c1,0xd79e62a99f80
0x4037ba,0x28e837db9130
0x4037aa,0xde0ef9ce98e8
0x4037aa,0xde0ef9ca7ce8
0x4037aa,0x33ece18210e8
0x4037aa,0x4b3918c1a4e8
0x4037ba,0x28e837cb6770
0x4037ba,0xea20633dc50
0x4037c1,0xd79e62c27208
0x4037aa,0x4b3918c25328
0x4037aa,0xde0ef9c93d28
0x4037ba,0xd79e62ae47d8
0x4037ba,0xea206312ee8
0x4037aa,0xde0ef9d05728
0x4037ba,0xe930e6c113b8
0x4037c1,0xd79e62c098d0
0x4037aa,0x33ece1815128
0x4037ba,0xd79e62ab1398
0x4037aa,0x33ece1819128
0x4037aa,0x642e23585728
0x4037aa,0x33ece1823128
0x4037aa,0x4b3918c1c528
0x4037aa,0x33ece1825128
0x4037ba,0xa1abd7ff5260
0x4037aa,0x4b3918c1e528
0x4037ba,0xd79e62a56c38
0x4037aa,0x33ece1805328
0x4037aa,0xde0ef9d02768
0x4037ba,0xa2132207290
0x4037ba,0xa1abd800c668
0x4037ba,0xea206322750
0x4037ba,0x28e837cf09b8
0x4037aa,0x4b3918c0b568
0x4037ba,0x28e837d5ed78
0x4037aa,0x4b3918c31368
0x4037ba,0x28e837e647e8
0x4037aa,0xde0ef9c9ed68
0x4037aa,0xde0ef9c7bf68
0x4037aa,0xde0ef9ca0d68
0x4037aa,0x4b3918c13568
0x4037aa,0x642e23582768
0x4037ba,0xe8035e4665a8
0x4037c1,0xd79e62b047f8
0x4037c1,0xa2132205328
0x4037aa,0xde0ef9cd89a8
0x4037aa,0x4b3918c263a8
0x4037c1,0xa21321f9f90
0x4037ba,0xd79e62a5bda8
0x4037aa,0xde0ef9c70fa8
0x4037aa,0x4b3918c065a8
0x4037aa,0x4b3918c2b3a8
0x4037ba,0xd79e62beb570
0x4037aa,0xde0ef9ce09a8
0x4037aa,0xde0ef9c74fa8
0x4037ba,0xd79e62ac7220
0x4037aa,0xde0ef9c9bda8
0x4037aa,0x4b3918c313a8
0x4037aa,0xde0ef9c79fa8
0x4037c1,0xd79e62bf25d8
0x4037aa,0xde0ef9d0d7a8
0x4037aa,0xde0ef9cc8ba8
0x4037aa,0xde0ef9cf09a8
0x4037aa,0x33ece18201a8
0x4037aa,0x33ece18211a8
0x4037aa,0xde0ef9cacda8
0x4037aa,0x642e2358d7a8
0x4037ba,0x28e837e38ff0
0x4037aa,0xde0ef9cf89a8
0x4037aa,0xf3bd7d7d0fa8
0x4037aa,0x33ece18063a8
0x4037aa,0xde0ef9c6dfe8
0x4037aa,0x33ece180c1e8
0x4037ba,0xe8035e467c58
0x4037ba,0xa1abd804b3a0
0x4037aa,0xde0ef9d047e8
0x4037aa,0xde0ef9cbebe8
0x4037ba,0xa2132195118
0x4037aa,0x33ece18131e8
0x4037aa,0xde0ef9c78fe8
0x4037ba,0xd79e62ab6c18
0x4037c1,0xd79e62bac670
0x4037ba,0x28e837d125c0
0x4037aa,0x4b3918c125e8
0x4037aa,0x642e235847e8
0x4037ba,0xa1abd800c1f0
0x4037aa,0x33ece18023e8
0x4037aa,0xde0ef9c8dfe8
0x4037c1,0xa21321e5320
0x4037aa,0x33ece1807228
0x4037aa,0xde0ef9cb6c28
0x4037aa,0xde0ef9c91e28
0x4037ba,0xa213218b570
0x4037aa,0x54bf1d856c28
0x4037aa,0xde0ef9ce7a28
0x4037c1,0x5829a6f47208
0x4037ba,0xd79e62ac5330
0x4037aa,0x4b3918c36428
0x4037ba,0xd79e62af6420
0x4037ba,0x28e837d823d8
0x4037aa,0x33ece1827228
0x4037aa,0x642e2358e828
0x4037aa,0xde0ef9cb1e28
0x4037aa,0xde0ef9cd6c28
0x4037ba,0xd79e62ad4720
0x4037aa,0xde0ef9cbdc68
0x4037aa,0x4b3918c0c668
0x4037aa,0xde0ef9cc1c68
0x4037aa,0x33ece1815268
0x4037ba,0xc48ca9045ab8
0x4037aa,0xde0ef9cc7c68
0x4037ba,0xd79e62acb568
0x4037ba,0xa1abd802cd88
0x4037ba,0x5829a6f0b390
0x4037ba,0xd79e62c35258
0x4037ba,0xe8035e465138
0x4037ba,0x28e837c925f0
0x4037aa,0xde0ef9cd1c68
0x4037ba,0xd79e62b10fa0
0x4037ba,0x28e837dd6c10
0x4037aa,0x33ece18072a8
0x4037ba,0xd79e62a9c538
0x4037c1,0x635dff9bc518
0x4037c1,0xd79e62b16c08
0x4037aa,0xde0ef9c92ea8
0x4037ba,0xd79e62bd2e90
0x4037c1,0xd79e62b9e510
0x4037aa,0xde0ef9ce5aa8
0x4037ba,0x28e837d98fd0
0x4037aa,0xde0ef9ccbca8
0x4037ba,0xa1abd7fd3548
0x4037c1,0xd79e62c47cc0
0x4037aa,0x33ece18272a8
0x4037ba,0xe930e6c11350
0x4037aa,0xde0ef9cb2ea8
0x4037ba,0xd79e62b08b88
0x4037aa,0xde0ef9c92ee8
0x4037aa,0xde0ef9d008e8
0x4037ba,0xd79e62bd31d8
0x4037ba,0xa21321b4fa0
0x4037aa,0xde0ef9d098e8
0x4037ba,0xd79e62b13570
0x4037aa,0x642e235808e8
0x4037aa,0xde0ef9cc7ce8
0x4037aa,0x33ece18410e8
0x4037ba,0xa1abd7ffc530
0x4037aa,0x4b3918c3a4e8
0x4037ba,0xd79e62c35120
0x4037aa,0x642e235898e8
0x4037ba,0xd79e62b010e8
0x4037ba,0xd79e62ae2750
0x4037aa,0xde0ef9cb2ee8
0x4037aa,0xde0ef9cb3d28
0x4037ba,0xd79e62b9a4d8
0x4037aa,0x4b3918c05728
0x4037aa,0x66598a834728
0x4037c1,0xa1abd7fd2eb8
0x4037aa,0x33ece1835128
0x4037c1,0xea2062fbf60
0x4037aa,0x33ece1839128
0x4037ba,0x5829a6eddc50
0x4037aa,0x4b3918c14728
0x4037aa,0x33ece1843128
0x4037aa,0x4b3918c3c528
0x4037aa,0x33ece1845128
0x4037ba,0x28e837dc47d0
0x4037aa,0x4b3918c3e528
0x4037ba,0xea206312e80
0x4037aa,0x33ece1825328
0x4037ba,0xa1abd8027210
0x4037aa,0xde0ef9cd3d28
0x4037aa,0x4b3918c02768
0x4037ba,0xea2063309b8
0x4037ba,0x28e837cb3d20
0x4037ba,0x28e837d2dfd8
0x4037aa,0x4b3918c2b568
0x4037ba,0xe8035e467298
0x4037ba,0xa1abd804dff8
0x4037aa,0x33ece1811368
0x4037aa,0xde0ef9cbed68
0x4037aa,0xde0ef9c9bf68
0x4037aa,0xde0ef9cc0d68
0x4037ba,0xe930e6c11c40
0x4037aa,0x4b3918c33568
0x4037ba,0x28e837de98e0
0x4037aa,0x4b3918c16768
0x4037ba,0xd79e62beb570
0x4037aa,0x4b3918c22768
0x4037aa,0xde0ef9c90fa8
0x4037aa,0x4b3918c265a8
0x4037c1,0xa21321b2ec0
0x4037aa,0x33ece180b3a8
0x4037c1,0xd79e62c4c1d0
0x4037aa,0xde0ef9d009a8
0x4037aa,0xde0ef9c94fa8
0x4037aa,0xde0ef9cbbda8
0x4037ba,0xd79e62b6c1d8
0x4037aa,0x33ece18113a8
0x4037aa,0xde0ef9c99fa8
0x4037ba,0xd79e62c13568
0x4037ba,0x28e837e54720
0x4037ba,0x28e837e63128
0x4037aa,0x4b3918c0d7a8
0x4037c1,0x5829a6ec72b0
0x4037ba,0x28e837e36770
0x4037ba,0xa1abd800d798
0x4037aa,0xde0ef9ce8ba8
0x4037aa,0x642e235809a8
0x4037aa,0x33ece18401a8
0x4037c1,0xd79e62a872a8
0x4037aa,0x33ece18411a8
0x4037ba,0xea206307cd0
0x4037aa,0xde0ef9cccda8
0x4037ba,0x28e837d9bf58
0x4037c1,0xd79e62c47230
0x4037aa,0x33ece18263a8
0x4037ba,0x28e837cf1398
0x4037aa,0xde0ef9cb0fa8
0x4037c1,0xd79e62b801b0
0x4037aa,0x33ece18065a8
0x4037aa,0x33ece182c1e8
0x4037aa,0x4b3918c047e8
0x4037aa,0xde0ef9cdebe8
0x4037aa,0x33ece18331e8
0x4037ba,0xd79e62a56c38
0x4037aa,0xde0ef9c98fe8
0x4037c1,0x28e837d623c0
0x4037aa,0x4b3918c325e8
0x4037ba,0x28e837e2b3a8
0x4037aa,0x33ece18223e8
0x4037aa,0xde0ef9cadfe8
0x4037aa,0x33ece184c1e8
0x4037ba,0x28e837e325c8
0x4037ba,0xd79e62a5bf48
0x4037ba,0x28e837c9a4c0
0x4037c1,0x28e837e1c510
0x4037aa,0xde0ef9d07a28
0x4037ba,0xd79e62bbe510
0x4037aa,0x4b3918c0e828
0x4037aa,0x33ece1816428
0x4037c1,0xd79e62bf25d8
0x4037ba,0x28e837dfbf68
0x4037ba,0xa1abd7fe23f0
0x4037aa,0x642e23587a28
0x4037aa,0x33ece1847228
0x4037ba,0x28e837dbc538
0x4037aa,0xde0ef9cd1e28
0x4037aa,0xde0ef9cf6c28
0x4037ba,0xd79e62ac7288
0x4037aa,0xde0ef9cddc68
0x4037aa,0x4b3918c2c668
0x4037ba,0xea206316c38
0x4037aa,0xde0ef9ce1c68
0x4037aa,0x33ece1835268
0x4037ba,0xa1abd803dc40
0x4037aa,0xde0ef9ce7c68
0x4037c1,0xa1abd7fe7220
0x4037aa,0xde0ef9cf1c68
0x4037ba,0xa1abd8033d38
0x4037ba,0xd79e62bd3d38
0x4037c1,0xa1abd7fe5138
0x4037ba,0x28e837d410e8
0x4037ba,0xd79e62b91e08
0x4037ba,0xa1abd8007c40
0x4037ba,0xd79e62c42748
0x4037ba,0xea2062d6438
0x4037aa,0xde0ef9d05aa8
0x4037ba,0x28e837d65128
0x4037aa,0xde0ef9cebca8
0x4037ba,0x28e837d90f90
0x4037ba,0x28e837c9c520
0x4037ba,0xa1abd8015240
0x4037aa,0x642e23585aa8
0x4037c1,0xea20631a4c0
0x4037ba,0xd79e62c331d0
0x4037aa,0x33ece18472a8
0x4037ba,0x28e837e601b0
0x4037aa,0xde0ef9cd2ea8
0x4037ba,0xea20632dfe8
0x4037aa,0x4b3918c008e8
0x4037ba,0xa21321e7ce8
0x4037ba,0xa1abd7febcb8
0x4037aa,0x4b3918c098e8
0x4037ba,0xd79e62b131c8
0x4037c1,0xd79e62a73550
0x4037aa,0x33ece18610e8
0x4037aa,0xde0ef9ce7ce8
0x4037ba,0x28e837c8d7b0
0x4037aa,0x33ece181a4e8
0x4037c1,0xea20630e828
0x4037c1,0xd79e62bb8fd0
0x4037ba,0xc48ca9045300
0x4037ba,0x28e837cb6430
0x4037aa,0xde0ef9cd2ee8
0x4037ba,0x28e837d411b8
0x4037aa,0x4b3918c208e8
0x4037aa,0x4b3918c25728
0x4037ba,0xea20632c1e0
0x4037aa,0x33ece1855128
0x4037aa,0x54bf1d85c528
0x4037ba,0xa2132195250
0x4037aa,0x33ece1859128
0x4037ba,0xd79e62a5bda8
0x4037ba,0xa1abd8031c48
0x4037ba,0xe8035e467cc0
0x4037aa,0x4b3918c34728
0x4037aa,0x33ece1863128
0x4037ba,0xd79e62a54f98
0x4037aa,0x33ece1865128
0x4037ba,0x28e837c90998
0x4037aa,0x33ece181c528
0x4037ba,0xa21321d4718
0x4037aa,0x33ece181e528
0x4037aa,0x33ece1845328
0x4037aa,0xde0ef9cf3d28
0x4037aa,0x33ece1805728
0x4037aa,0x33ece1875128
0x4037ba,0x28e837e55258
0x4037aa,0x33ece180b568
0x4037aa,0x33ece1831368
0x4037ba,0x28e837dcc1f0
0x4037aa,0xde0ef9cded68
0x4037aa,0xde0ef9cbbf68
0x4037aa,0xde0ef9ce0d68
0x4037aa,0x33ece1813568
0x4037ba,0xea2062f1e08
0x4037ba,0xd79e62b85700
0x4037aa,0x4b3918c36768
0x4037ba,0xd79e62a78fe0
0x4037ba,0xa1abd8036c00
0x4037aa,0x33ece1802768
0x4037c1,0xea2062cb390
0x4037aa,0x33ece182b3a8
0x4037aa,0x4b3918c009a8
0x4037aa,0xde0ef9cb4fa8
0x4037aa,0xde0ef9cdbda8
0x4037aa,0x33ece18313a8
0x4037aa,0xde0ef9cb9fa8
0x4037aa,0x4b3918c2d7a8
0x4037aa,0xde0ef9d08ba8
0x4037aa,0x33ece18601a8
0x4037aa,0x33ece18611a8
0x4037aa,0x4b3918c109a8
0x4037ba,0xd79e62b25ab8
0x4037aa,0xde0ef9cecda8
0x4037c1,0x28e837dfe500
0x4037aa,0x4b3918c189a8
0x4037aa,0x33ece18463a8
0x4037aa,0x642e23588ba8
0x4037ba,0xd79e62b91378
0x4037aa,0xde0ef9cd0fa8
0x4037aa,0x33ece184b3a8
0x4037aa,0x33ece18265a8
0x4037aa,0x4b3918c209a8
0x4037aa,0xde0ef9cd4fa8
0x4037ba,0xa213219bf40
0x4037ba,0xd79e62c33d30
0x4037aa,0x4b3918c247e8
0x4037aa,0x33ece18531e8
0x4037aa,0xde0ef9cfebe8
0x4037ba,0x28e837e50f88
0x4037aa,0xde0ef9cb8fe8
0x4037ba,0xa1abd8007a38
0x4037aa,0x33ece18125e8
0x4037ba,0xa1abd8019fb0
0x4037aa,0x33ece18423e8
0x4037aa,0xde0ef9ccdfe8
0x4037aa,0x33ece186c1e8
0x4037ba,0x5829a6ef1e18
0x4037ba,0xd79e62a9c538
0x4037aa,0x33ece18731e8
0x4037aa,0x33ece18047e8
0x4037ba,0xd79e62aa63b0
0x4037ba,0x28e837d74f80
0x4037aa,0x4b3918c07a28
0x4037ba,0xea206316758
0x4037aa,0x33ece1836428
0x4037aa,0x4b3918c2e828
0x4037c1,0x28e837d02768
0x4037aa,0x33ece1867228
0x4037ba,0x28e837ce11a0
0x4037aa,0xde0ef9cf1e28
0x4037ba,0xd79e62b25300
0x4037ba,0xd79e62b23108
0x4037ba,0xd79e62a6cd80
0x4037ba,0xd79e62b71378
0x4037aa,0xde0ef9cfdc68
0x4037ba,0xd79e62b010e8
0x4037aa,0x33ece1855268
0x4037aa,0x33ece180c668
0x4037ba,0xe8035e467298
0x4037aa,0xde0ef9d01c68
0x4037ba,0x28e837d3e538
0x4037c1,0xa21321a7208
0x4037aa,0xde0ef9d07c68
0x4037ba,0xa1abd8027210
0x4037ba,0xea2062f1c68
0x4037ba,0xa1abd8019110
0x4037aa,0x642e23581c68
0x4037aa,0x642e23587c68
0x4037ba,0x28e837dc8b90
0x4037ba,0xea20633dc50
0x4037aa,0x33ece1875268
0x4037ba,0xa1abd7fd3d00
0x4037ba,0x28e837e2b548
0x4037aa,0x4b3918c05aa8
0x4037ba,0xe930e6c113b8
0x4037ba,0xa1abd8046398
0x4037aa,0xde0ef9d0bca8
0x4037c1,0x6c6f1e4c7280
0x4037aa,0x33ece18672a8
0x4037ba,0x28e837d06598
0x4037aa,0xde0ef9cf2ea8
0x4037ba,0xea2062c10c0
0x4037c1,0xa21321f9f90
0x4037aa,0x642e2358bca8
0x4037ba,0xd79e62be8b90
0x4037ba,0x28e837d53d08
0x4037ba,0xa1abd802b380
0x4037ba,0xd79e62b011b8
0x4037aa,0x4b3918c298e8
0x4037ba,0xe930e6be3118
0x4037ba,0xea206312ee8
0x4037aa,0xde0ef9d07ce8
0x4037aa,0x33ece183a4e8
0x4037ba,0x28e837e39120
0x4037aa,0x642e23587ce8
0x4037aa,0xde0ef9cf2ee8
0x4037ba,0xd79e62bbebf8
0x4037ba,0xd79e62a91e18
0x4037c1,0xd79e62b047f8
0x4037aa,0x33ece18008e8
0x4037ba,0xa213219e508
0x4037aa,0x33ece1879128
0x4037ba,0x28e837d0e800
0x4037ba,0xd79e62b79f80
0x4037ba,0x28e837cf9138
0x4037ba,0xd79e62b96410
0x4037ba,0xa213219ebf0
0x4037aa,0x33ece1814728
0x4037aa,0x33ece183c528
0x4037ba,0x28e837db9130
0x4037aa,0x33ece183e528
0x4037aa,0x33ece1865328
0x4037aa,0x7ac7a7c15128
0x4037ba,0x9e9c4d911e20
0x4037aa,0x7ac7a7c19128
0x4037aa,0x782cd20d5128
0x4037aa,0x33ece1825728
0x4037aa,0x782cd20d9128
0x4037ba,0xd79e62bd31d8
0x4037aa,0x33ece182b568
0x4037aa,0x33ece1851368
0x4037aa,0xde0ef9cdbf68
0x4037aa,0xde0ef9cfed68
0x4037aa,0xde0ef9d00d68
0x4037aa,0x33ece1833568
0x4037ba,0xa1abd8012ee0
0x4037ba,0x5829a6ec10d8
0x4037aa,0x33ece1816768
0x4037aa,0x642e23580d68
0x4037ba,0xa1abd8015108
0x4037aa,0x33ece1822768
0x4037ba,0x28e837d223f8
0x4037aa,0x33ece184b568
0x4037ba,0xd79e62bf1c50
0x4037aa,0x33ece1871368
0x4037c1,0xea2062cbc80
0x4037ba,0xd79e62a67cc0
0x4037aa,0xde0ef9cfbda8
0x4037aa,0x33ece18513a8
0x4037aa,0xde0ef9cd9fa8
0x4037aa,0x33ece180d7a8
0x4037ba,0xea206339fa0
0x4037aa,0x4b3918c08ba8
0x4037aa,0x4b3918c309a8
0x4037aa,0xc48ca91f4fa8
0x4037aa,0xde0ef9d0cda8
0x4037c1,0xd79e62a872a8
0x4037aa,0x33ece18663a8
0x4037aa,0x4b3918c389a8
0x4037aa,0xde0ef9cf0fa8
0x4037aa,0x33ece186b3a8
0x4037aa,0x33ece18465a8
0x4037aa,0xde0ef9cf4fa8
0x4037aa,0x33ece18009a8
0x4037ba,0x28e837c90fb0
0x4037aa,0x642e2358cda8
0x4037aa,0x33ece18713a8
0x4037aa,0xde0ef9cf9fa8
0x4037aa,0xde0ef9cd8fe8
0x4037ba,0x28e837e32eb8
0x4037ba,0x28e837d11e30
0x4037ba,0xd79e62a91388
0x4037ba,0xd79e62ac7288
0x4037ba,0xea2063047f0
0x4037aa,0x33ece18325e8
0x4037c1,0xea2062fbf60
0x4037aa,0x7ac7a7c0c1e8
0x4037aa,0x33ece18623e8
0x4037aa,0x7ac7a7c131e8
0x4037aa,0xde0ef9cedfe8
0x4037aa,0x782cd20d31e8
0x4037aa,0x33ece18247e8
0x4037aa,0x4b3918c1ebe8
0x4037aa,0xde0ef9cf8fe8
0x4037c1,0xa1abd80263a0
0x4037ba,0xa1abd802c1c0
0x4037aa,0x4b3918c27a28
0x4037aa,0x33ece1856428
0x4037aa,0x33ece180e828
0x4037c1,0xd79e62b81c50
0x4037aa,0x71bb2b187a28
0x4037ba,0xe8035e465a90
0x4037aa,0x4b3918c16c28
0x4037ba,0x28e837e51388
0x4037ba,0x28e837d90f90
0x4037c1,0x28e837d52ed8
0x4037ba,0x28e837d21c60
0x4037c1,0x28e837cd9f90
0x4037aa,0x33ece182c668
0x4037aa,0x4b3918c01c68
0x4037ba,0xd79e62ae10e8
0x4037ba,0xa21321e1180
0x4037aa,0x4b3918c07c68
0x4037ba,0xa1abd800d798
0x4037aa,0x4b3918c11c68
0x4037aa,0x7ac7a7c15268
0x4037ba,0xa21321d5240
0x4037ba,0xc48ca9045300
0x4037aa,0x4b3918c1dc68
0x4037aa,0x782cd20d5268
0x4037aa,0x33ece184c668
0x4037ba,0xa1abd7fe47d8
0x4037aa,0x4b3918c21c68
0x4037ba,0xea2062d6778
0x4037aa,0x4b3918c25aa8
0x4037c1,0xd79e62b9e510
0x4037aa,0x4b3918c0bca8
0x4037c1,0x6c6f1e4c7280
0x4037c1,0xd79e62afa4f0
0x4037c1,0xa21321f9f90
0x4037aa,0x33ece1805aa8
0x4037ba,0x28e837d6e820
0x4037aa,0x33ece18098e8
0x4037aa,0x782cd20e10e8
0x4037aa,0x4b3918c07ce8
0x4037aa,0x33ece185a4e8
0x4037ba,0x28e837c9c520
0x4037ba,0x28e837dc63b8
0x4037ba,0xd79e62addc40
0x4037aa,0x81a891d610e8
0x4037aa,0x33ece18208e8
0x4037ba,0x28e837de98e0
0x4037ba,0xa21321e7ce8
0x4037aa,0x33ece18298e8
0x4037ba,0x28e837d3e538
0x4037ba,0xa21321b4718
0x4037aa,0x782cd20e3128
0x4037aa,0x782cd20e5128
0x4037aa,0x33ece1834728
0x4037aa,0x33ece185c528
0x4037aa,0x33ece185e528
0x4037aa,0x4b3918c13d28
0x4037ba,0xa21321d4fa0
0x4037ba,0x28e837cb1e10
0x4037aa,0x33ece1845728
0x4037aa,0x81a891d63128
0x4037aa,0x81a891d65128
0x4037ba,0xa1abd8013d20
0x4037ba,0xe8035e463118
0x4037aa,0x4b3918c00d68
0x4037aa,0xde0ef9cfbf68
0x4037aa,0x33ece1853568
0x4037aa,0x33ece1836768
0x4037aa,0x7ac7a7c11368
0x4037ba,0xd79e62abed60
0x4037aa,0x33ece1842768
0x4037aa,0x33ece186b568
0x4037ba,0x28e837d06390
0x4037aa,0x4b3918c1ed68
0x4037aa,0x4b3918c20d68
0x4037aa,0x33ece1873568
0x4037ba,0x28e837dcc1f0
0x4037ba,0xd79e62b13d28
0x4037aa,0x33ece182d7a8
0x4037ba,0x5829a6ecbca0
0x4037aa,0x782cd20e01a8
0x4037aa,0x4b3918c28ba8
0x4037aa,0x782cd20e11a8
0x4037aa,0x33ece18109a8
0x4037aa,0x7ac7a7c0b3a8
0x4037aa,0x4b3918c0cda8
0x4037aa,0x7ac7a7c113a8
0x4037aa,0x33ece18189a8
0x4037c1,0xd79e62ace808
0x4037aa,0x33ece18665a8
0x4037aa,0x81a891d601a8
0x4037aa,0x81a891d611a8
0x4037aa,0x33ece18209a8
0x4037ba,0x28e837da8b88
0x4037aa,0x4b3918c1bda8
0x4037aa,0x33ece184d7a8
0x4037aa,0x33ece18525e8
0x4037ba,0xa1abd7fd3d00
0x4037ba,0xd79e62b4e828
0x4037c1,0xd79e62a99f80
0x4037ba,0x28e837cd0998
0x4037ba,0xd79e62ab6c18
0x4037ba,0x28e837d3ed58
0x4037ba,0x28e837d823d8
0x4037aa,0x782cd20ec1e8
0x4037ba,0x28e837cb6770
0x4037aa,0xde0ef9d0dfe8
0x4037ba,0xa1abd800c1f0
0x4037aa,0x33ece18447e8
0x4037aa,0x4b3918c3ebe8
0x4037c1,0xc9394d4eb570
0x4037c1,0x28e837d87298
0x4037aa,0x642e2358dfe8
0x4037aa,0x33ece18725e8
0x4037aa,0x81a891d6c1e8
0x4037aa,0x33ece1876428
0x4037aa,0x33ece1807a28
0x4037ba,0xd79e62b131c8
0x4037ba,0xa1abd8019110
0x4037aa,0x33ece182e828
0x4037ba,0x28e837c88ba8
0x4037ba,0x28e837e55258
0x4037ba,0xd79e62a931f8
0x4037aa,0x782cd20e7228
0x4037aa,0x4b3918c11e28
0x4037aa,0x4b3918c36c28
0x4037aa,0x7ac7a7c16428
0x4037ba,0xd79e62b25ab8
0x4037aa,0x81a891d67228
0x4037ba,0xd79e62ad0f90
0x4037aa,0x782cd20d6428
0x4037aa,0x33ece1827a28
0x4037aa,0x33ece184e828
0x4037c1,0xd79e62bcc658
0x4037ba,0xd79e62aa63b0
0x4037aa,0x4b3918c27c68
0x4037aa,0x71bb2b187c68
0x4037aa,0x4b3918c31c68
0x4037ba,0xa1abd8012ee0
0x4037ba,0x28e837e2b548
0x4037aa,0x4b3918c3dc68
0x4037aa,0x33ece186c668
0x4037ba,0x28e837dc8b90
0x4037aa,0x33ece1801c68
0x4037ba,0x28e837c95130
0x4037ba,0xa1abd7fd8fd0
0x4037ba,0x28e837d847d8
0x4037ba,0xea206313d20
0x4037aa,0x4b3918c2bca8
0x4037aa,0x782cd20e72a8
0x4037aa,0x4b3918c12ea8
0x4037ba,0xea2063131c0
0x4037ba,0x28e837c925f0
0x4037aa,0x81a891d672a8
0x4037aa,0x33ece1825aa8
0x4037c1,0xea2062ed7a8
0x4037aa,0x4b3918c27ce8
0x4037aa,0x33ece187a4e8
0x4037ba,0xa1abd803dc40
0x4037aa,0x71bb2b187ce8
0x4037ba,0xd79e62ac7c48
0x4037c1,0x28e837d02768
0x4037c1,0xa1abd7fe7220
0x4037ba,0x28e837cb6430
0x4037aa,0x4b3918c12ee8
0x4037aa,0x81a891d810e8
0x4037ba,0xd79e62a92ef8
0x4037aa,0x33ece18408e8
0x4037c1,0xea20631a4c0
0x4037aa,0x7ac7a7c1a4e8
0x4037ba,0x28e837e601b0
0x4037aa,0x33ece18498e8
0x4037c1,0xd79e62c47230
0x4037aa,0x782cd20da4e8
0x4037ba,0xa1abd7fd3548
0x4037ba,0xa1abd802cd88
0x4037aa,0x33ece1854728
0x4037aa,0x33ece187c528
0x4037aa,0x33ece187e528
0x4037aa,0x81a891d75128
0x4037aa,0x782cd20e5328
0x4037aa,0x81a891d79128
0x4037ba,0xea2062cd780
0x4037aa,0x4b3918c33d28
0x4037aa,0x33ece1865728
0x4037aa,0x81a891d83128
0x4037c1,0xd79e62afa4f0
0x4037aa,0x81a891d85128
0x4037c1,0xd79e62accd90
0x4037aa,0x81a891d65328
0x4037c1,0xa1abd804cda8
0x4037aa,0x33ece1874728
0x4037c1,0x28e837d9dc68
0x4037ba,0x28e837e63128
0x4037ba,0x28e837dd3550
0x4037ba,0x6c6f1e4c10f8
0x4037aa,0x33ece1856768
0x4037ba,0x28e837e54fa8
0x4037ba,0xd79e62ad4fa8
0x4037c1,0xa1abd7fd9fb0
0x4037ba,0x28e837e39120
0x4037aa,0x7ac7a7c0b568
0x4037ba,0xd79e62b18998
0x4037c1,0x28e837e27c58
0x4037ba,0xd79e62a6cd80
0x4037aa,0x33ece1862768
0x4037aa,0x7ac7a7c13568
0x4037aa,0x782cd20f1368
0x4037ba,0xd79e62a92e90
0x4037aa,0x4b3918c3ed68
0x4037ba,0x28e837dc23e8
0x4037aa,0x4b3918c1bf68
0x4037aa,0x782cd20d3568
0x4037aa,0x33ece1800d68
0x4037ba,0xa1abd8033d38
0x4037aa,0x33ece1808ba8
0x4037aa,0x33ece18309a8
0x4037aa,0x66598a834fa8
0x4037ba,0x28e837d610e0
0x4037aa,0x4b3918c2cda8
0x4037aa,0x782cd20e63a8
0x4037c1,0xd79e62c098d0
0x4037aa,0x33ece18389a8
0x4037aa,0x782cd20eb3a8
0x4037ba,0x28e837cd31e8
0x4037aa,0x4b3918c10fa8
0x4037aa,0x81a891d801a8
0x4037aa,0x81a891d811a8
0x4037aa,0x782cd20f13a8
0x4037aa,0x33ece18409a8
0x4037aa,0x4b3918c14fa8
0x4037aa,0x4b3918c3bda8
0x4037aa,0x4b3918c19fa8
0x4037aa,0x33ece186d7a8
0x4037aa,0x81a891d663a8
0x4037c1,0xd79e62c47cc0
0x4037aa,0x33ece1828ba8
0x4037aa,0x81a891d6b3a8
0x4037aa,0x41d09e9a63a8
0x4037aa,0x33ece18509a8
0x4037c1,0xd79e62c27208
0x4037aa,0x782cd20e23e8
0x4037aa,0x81a891d731e8
0x4037ba,0x28e837ddbd90
0x4037ba,0xd79e62b79f80
0x4037ba,0x9e9c4d911390
0x4037aa,0x4b3918c0dfe8
0x4037aa,0x7ac7a7c125e8
0x4037c1,0x28e837e56748
0x4037aa,0x33ece18647e8
0x4037ba,0x28e837d86588
0x4037aa,0x33ece181ebe8
0x4037aa,0x81a891d623e8
0x4037aa,0x4b3918c18fe8
0x4037aa,0x782cd20d25e8
0x4037ba,0x28e837d5ed78
0x4037aa,0x81a891d8c1e8
0x4037c1,0xd79e62c4c1d0
0x4037c1,0xea2062cb390
0x4037ba,0xd79e62a9c538
0x4037c1,0xa21321a7208
0x4037aa,0x4b3918c31e28
0x4037aa,0x33ece1816c28
0x4037ba,0xe8035e4665a8
0x4037ba,0xa1abd8019fb0
0x4037aa,0x81a891d87228
0x4037aa,0x33ece1847a28
0x4037aa,0x33ece186e828
0x4037ba,0xd79e62b76778
0x4037ba,0x28e837e38ff0
0x4037aa,0x33ece1807c68
0x4037ba,0x28e837dec1e8
0x4037ba,0x6c6f1e4c1c58
0x4037ba,0xd79e62a67cc0
0x4037ba,0xea2062c23c0
0x4037ba,0xd79e62b25300
0x4037aa,0x81a891d75268
0x4037aa,0x33ece1811c68
0x4037aa,0x7ac7a7c0c668
0x4037ba,0x6c537034b3a0
0x4037ba,0xe8035e467c58
0x4037ba,0x28e837d90f90
0x4037aa,0x33ece181dc68
0x4037ba,0x6c537033bf58
0x4037aa,0x33ece1821c68
0x4037ba,0xa1abd7ff1c48
0x4037aa,0x33ece1827c68
0x4037ba,0xa1abd804dff8
0x4037ba,0x28e837dab548
0x4037aa,0x33ece180bca8
0x4037ba,0xa1abd80125f0
0x4037ba,0x28e837e55120
0x4037aa,0x4b3918c32ea8
0x4037ba,0xea206339fa0
0x4037c1,0x6c6f1e4c7280
0x4037c1,0xa1abd8032e80
0x4037c1,0xd79e62a872a8
0x4037ba,0xea2062c10c0
0x4037aa,0x33ece1845aa8
0x4037aa,0x81a891d872a8
0x4037ba,0xd79e62c331d0
0x4037aa,0x33ece1807ce8
0x4037ba,0xd79e62ad0f90
0x4037aa,0x33ece18608e8
0x4037aa,0x4b3918c32ee8
0x4037aa,0x81a891da10e8
0x4037ba,0xd79e62a70f90
0x4037ba,0xea20633dc50
0x4037aa,0x33ece18698e8
0x4037ba,0xd79e62a5bf48
0x4037aa,0x33ece1827ce8
0x4037aa,0x782cd20dc528
0x4037ba,0x28e837cb9fa0
0x4037ba,0x28e837c90998
0x4037aa,0x782cd20de528
0x4037aa,0x81a891d95128
0x4037ba,0xa1abd8027210
0x4037aa,0x81a891d99128
0x4037ba,0x28e837c9c520
0x4037ba,0x28e837d11e30
0x4037aa,0x33ece1813d28
0x4037c1,0xd79e62bc08f8
0x4037ba,0xea206339100
0x4037aa,0x81a891da3128
0x4037aa,0x81a891da5128
0x4037aa,0x7ac7a7c14728
0x4037aa,0x81a891d85328
0x4037ba,0x5829a6ecbca0
0x4037aa,0x782cd20d4728
0x4037aa,0x81a891db5128
0x4037aa,0x33ece1876768
0x4037ba,0xa21321f5268
0x4037ba,0xd79e62a91e18
0x4037ba,0xa1abd8045338
0x4037aa,0x81a891d71368
0x4037ba,0x28e837e2b3a8
0x4037aa,0x782cd20eb568
0x4037ba,0xd79e62c2b390
0x4037aa,0x7ac7a7c16768
0x4037ba,0xd79e62b85700
0x4037aa,0x33ece181ed68
0x4037aa,0x4b3918c3bf68
0x4037ba,0x28e837c931f0
0x4037aa,0x33ece1820d68
0x4037ba,0x28e837e408d0
0x4037aa,0x782cd20d6768
0x4037aa,0x81a891d6b568
0x4037aa,0x81a891d91368
0x4037ba,0xd79e62c408e8
0x4037aa,0x81a891d713a8
0x4037aa,0xafd74f9e01a8
0x4037aa,0x33ece180cda8
0x4037aa,0x33ece18589a8
0x4037aa,0x782cd20e65a8
0x4037c1,0x28e837e5bf50
0x4037aa,0x7ac7a7c0d7a8
0x4037aa,0x4b3918c30fa8
0x4037c1,0xd79e62bac670
0x4037aa,0x33ece18609a8
0x4037aa,0x81a891da01a8
0x4037c1,0xd79e62a73550
0x4037aa,0x81a891da11a8
0x4037aa,0x4b3918c34fa8
0x4037aa,0x33ece181bda8
0x4037aa,0x4b3918c39fa8
0x4037aa,0x81a891d863a8
0x4037c1,0xea20631a4c0
0x4037aa,0x33ece1848ba8
0x4037ba,0x28e837cb1e10
0x4037aa,0x81a891d665a8
0x4037aa,0x81a891d8b3a8
0x4037aa,0x33ece18709a8
0x4037aa,0x41d09e9a65a8
0x4037aa,0x81a891d913a8
0x4037ba,0x28e837e40d48
0x4037aa,0x81a891d931e8
0x4037aa,0x4b3918c2dfe8
0x4037ba,0x5829a6ecb550
0x4037c1,0x28e837d02768
0x4037ba,0xa1abd8015240
0x4037ba,0x28e837d65330
0x4037aa,0x33ece183ebe8
0x4037ba,0xea206312e80
0x4037aa,0x81a891d823e8
0x4037aa,0x4b3918c38fe8
0x4037aa,0x782cd20f25e8
0x4037aa,0x81a891dac1e8
0x4037aa,0x81a891db31e8
0x4037ba,0xa21321e7ce8
0x4037aa,0x81a891d76428
0x4037aa,0x33ece1836c28
0x4037aa,0x33ece1811e28
0x4037ba,0x28e837d6e820
0x4037aa,0x7ac7a7c0e828
0x4037ba,0xa7d08ad11e08
0x4037aa,0x33ece1867a28
0x4037aa,0x81a891da7228
0x4037ba,0xea2063131c0
0x4037ba,0xea2062d5130
0x4037aa,0x81a891d95268
0x4037aa,0x33ece1831c68
0x4037ba,0x28e837e2bc98
0x4037ba,0x28e837e3c508
0x4037c1,0x28e837d623c0
0x4037aa,0x782cd20ec668
0x4037aa,0x33ece183dc68
0x4037c1,0x28e837e56748
0x4037aa,0x33ece1841c68
0x4037ba,0x80a6dabf6430
0x4037ba,0xa21321b8980
0x4037aa,0x33ece1847c68
0x4037c1,0xa1abd8001198
0x4037ba,0x28e837dd6c10
0x4037aa,0x81a891d6c668
0x4037aa,0x81a891db5268
0x4037aa,0x33ece182bca8
0x4037ba,0x28e837d0e800
0x4037aa,0x33ece1812ea8
0x4037ba,0xa1abd8015108
0x4037ba,0xa1abd7fd3548
0x4037aa,0x33ece1865aa8
0x4037aa,0x81a891da72a8
0x4037ba,0xd79e62a5bda8
0x4037ba,0xea20630b388
0x4037aa,0x33ece184bca8
0x4037ba,0xea20632c1e0
0x4037ba,0x28e837dbc538
0x4037ba,0x28e837d823d8
0x4037ba,0x28e837d411b8
0x4037ba,0xa1abd801dc68
0x4037ba,0xd79e62c33578
0x4037aa,0x33ece1812ee8
0x4037aa,0x81a891dc10e8
0x4037aa,0x81a891d7a4e8
0x4037ba,0xd79e62ab6c18
0x4037ba,0xd79e62a91c78
0x4037ba,0x28e837e298c0
0x4037c1,0xd79e62bb8fd0
0x4037aa,0x33ece1847ce8
0x4037ba,0xd79e62b25710
0x4037c1,0x28e837d87298
0x4037ba,0xd79e62b71378
0x4037ba,0xd79e62ba23d0
0x4037c1,0xa21321e5320
0x4037ba,0xa21321e7a10
0x4037aa,0x81a891db9128
0x4037aa,0x33ece1833d28
0x4037aa,0x782cd20e5728
0x4037ba,0x28e837d41c48
0x4037aa,0x81a891dc3128
0x4037aa,0x81a891d7c528
0x4037ba,0x28e837e36430
0x4037aa,0x81a891dc5128
0x4037ba,0x28e837e73d38
0x4037aa,0x81a891d7e528
0x4037ba,0xea2062d6438
0x4037aa,0x81a891da5328
0x4037aa,0x81a891d65728
0x4037c1,0x28e837d52ed8
0x4037aa,0x81a891dd5128
0x4037c1,0xea2062cb390
0x4037c1,0xa1abd804cda8
0x4037aa,0x81a891dd9128
0x4037c1,0xea2062ed7a8
0x4037aa,0x782cd20e2768
0x4037aa,0x81a891d73568
0x4037ba,0x28e837e63128
0x4037ba,0x28e837cd1e18
0x4037aa,0x33ece183ed68
0x4037aa,0x33ece1840d68
0x4037aa,0x33ece181bf68
0x4037ba,0x28e837cadfd8
0x4037ba,0x28e837d59128
0x4037aa,0x81a891d62768
0x4037ba,0xa1abd8000180
0x4037ba,0xa1abd800c668
0x4037aa,0x81a891d8b568
0x4037ba,0xd79e62a9e528
0x4037aa,0x81a891db1368
0x4037aa,0x33ece182cda8
0x4037aa,0x33ece18789a8
0x4037aa,0x33ece1810fa8
0x4037aa,0x81a891dc01a8
0x4037c1,0xd79e62b9e510
0x4037aa,0x81a891dc11a8
0x4037aa,0x33ece1814fa8
0x4037aa,0x33ece183bda8
0x4037aa,0x7ac7a7c109a8
0x4037aa,0x782cd20ed7a8
0x4037aa,0x33ece1819fa8
0x4037ba,0xa1abd8012ee0
0x4037c1,0xd79e62a872a8
0x4037aa,0x81a891da63a8
0x4037aa,0x33ece1868ba8
0x4037c1,0xd79e62afa4f0
0x4037aa,0x7ac7a7c189a8
0x4037aa,0x81a891d865a8
0x4037ba,0x28e837cf1398
0x4037aa,0x81a891dab3a8
0x4037c1,0xa21321f9f90
0x4037c1,0xd79e62c47cc0
0x4037aa,0x33ece184cda8
0x4037aa,0x81a891db13a8
0x4037aa,0x782cd20d89a8
0x4037ba,0x28e837c925f0
0x4037c1,0xa21321c6598
0x4037ba,0xd79e62c2cd90
0x4037aa,0x81a891d725e8
0x4037aa,0x33ece180dfe8
0x4037ba,0x28e837cf09b8
0x4037aa,0x782cd20e47e8
0x4037ba,0xa1abd800d798
0x4037aa,0x33ece185ebe8
0x4037c1,0xa1abd7fe7220
0x4037aa,0x81a891da23e8
0x4037aa,0x33ece1818fe8
0x4037c1,0x635dff9bc518
0x4037ba,0xa1abd80125f0
0x4037aa,0x81a891dcc1e8
0x4037aa,0x81a891d647e8
0x4037aa,0x81a891dd31e8
0x4037ba,0xd79e62ac3110
0x4037aa,0x81a891d96428
0x4037aa,0x33ece1856c28
0x4037aa,0x33ece1831e28
0x4037ba,0xd79e62b1bd98
0x4037ba,0xd79e62b9a4d8
0x4037aa,0x782cd20ee828
0x4037aa,0x81a891dc7228
0x4037ba,0xa1abd7fd3d00
0x4037c1,0xd79e62accd90
0x4037ba,0xea2062f1e08
0x4037ba,0xd79e62a6cd80
0x4037aa,0x33ece1851c68
0x4037ba,0xa2132195250
0x4037aa,0x33ece185dc68
0x4037ba,0xd79e62b23108
0x4037aa,0x33ece1861c68
0x4037ba,0xd79e62ae5730
0x4037aa,0x33ece1867c68
0x4037ba,0x28e837e54fa8
0x4037aa,0x81a891d8c668
0x4037aa,0x33ece1871c68
0x4037aa,0x81a891dd5268
0x4037ba,0x28e837cc23e0
0x4037aa,0x33ece1832ea8
0x4037ba,0x28e837e2b548
0x4037c1,0x28e837e80988
0x4037ba,0xa1abd7fd6778
0x4037aa,0x81a891dc72a8
0x4037ba,0x28e837dc23e8
0x4037ba,0xa1abd8027210
0x4037aa,0x33ece186bca8
0x4037c1,0x5829a6ed9100
0x4037ba,0xea20633dc50
0x4037ba,0xd79e62ad5248
0x4037ba,0xa1abd7ff1c48
0x4037ba,0x28e837dd3d08
0x4037ba,0x28e837cb1e10
0x4037c1,0xea2062cbc80
0x4037aa,0x782cd20e08e8
0x4037ba,0x28e837c9c520
0x4037aa,0x33ece1832ee8
0x4037ba,0xd79e62b098d8
0x4037aa,0x81a891d9a4e8
0x4037aa,0x782cd20e98e8
0x4037ba,0xd79e62bf1360
0x4037ba,0xd79e62b96c30
0x4037ba,0xd79e62bc7c70
0x4037ba,0x28e837d85aa0
0x4037aa,0x33ece1867ce8
0x4037aa,0x81a891d608e8
0x4037ba,0xea2063047f0
0x4037aa,0xab5473610e8
0x4037ba,0xd79e62b25300
0x4037aa,0x81a891d698e8
0x4037ba,0xea2062c10c0
0x4037ba,0xea2062d6778
0x4037c1,0xa21321a6390
0x4037aa,0x33ece1853d28
0x4037ba,0xa21321fa4c8
0x4037ba,0xd79e62c409b8
0x4037aa,0x81a891d74728
0x4037ba,0xea2063210c0
0x4037ba,0xd79e62c42748
0x4037aa,0x81a891d9c528
0x4037ba,0x28e837d9bdb8
0x4037aa,0x81a891d9e528
0x4037aa,0xab547355128
0x4037aa,0x81a891dc5328
0x4037aa,0xab547359128
0x4037ba,0xd79e62ad0f90
0x4037aa,0x81a891d85728
0x4037ba,0x28e837e2bc98
0x4037aa,0xab547363128
0x4037ba,0xea20632dfe8
0x4037ba,0x28e837d74f80
0x4037ba,0xa1abd7fd8fd0
0x4037aa,0xab547365128
0x4037c1,0xa1abd804cda8
0x4037aa,0x33ece1873d28
0x4037aa,0x81a891d93568
0x4037ba,0x28e837d06598
0x4037ba,0xa213218d798
0x4037ba,0xa1abd8046398
0x4037aa,0x81a891d76768
0x4037aa,0x33ece185ed68
0x4037aa,0x33ece1860d68
0x4037aa,0x33ece183bf68
0x4037aa,0x81a891d82768
0x4037aa,0x81a891dab568
0x4037ba,0xd79e62b00990
0x4037aa,0x81a891dd1368
0x4037c1,0xa2132205328
0x4037aa,0x81a891db3568
0x4037ba,0xd79e62a9c538
0x4037aa,0x81a891d6d7a8
0x4037ba,0xa21321f5268
0x4037ba,0xa1abd7fded60
0x4037aa,0x782cd20e09a8
0x4037aa,0x33ece1830fa8
0x4037aa,0x33ece1834fa8
0x4037aa,0x33ece185bda8
0x4037ba,0xd79e62a56758
0x4037ba,0x28e837d3e538
0x4037aa,0x33ece1839fa8
0x4037ba,0x28e837e32eb8
0x4037c1,0xd79e62b75270
0x4037aa,0x81a891dc63a8
0x4037aa,0x782cd20f09a8
0x4037aa,0x81a891da65a8
0x4037aa,0x81a891dcb3a8
0x4037aa,0x81a891d609a8
0x4037aa,0x33ece186cda8
0x4037aa,0xab5473601a8
0x4037aa,0x81a891dd13a8
0x4037aa,0xab5473611a8
0x4037aa,0x81a891d8d7a8
0x4037aa,0x33ece1850fa8
0x4037aa,0x81a891d925e8
0x4037aa,0x33ece182dfe8
0x4037ba,0xd79e62b76778
0x4037ba,0xd79e62b1c518
0x4037aa,0x33ece187ebe8
0x4037ba,0x28e837d410e8
0x4037aa,0x33ece1838fe8
0x4037aa,0x81a891dc23e8
0x4037aa,0xab5473531e8
0x4037ba,0x28e837e40180
0x4037aa,0x81a891d847e8
0x4037ba,0xd79e62b008c0
0x4037ba,0x28e837d65128
0x4037aa,0x33ece184dfe8
0x4037aa,0x81a891db25e8
0x4037ba,0x28e837e601b0
0x4037aa,0x33ece1876c28
0x4037aa,0x33ece1851e28
0x4037aa,0x81a891db6428
0x4037c1,0x28e837d1a4e0
0x4037aa,0x81a891d6e828
0x4037ba,0x28e837dabc98
0x4037ba,0x28e837e53558
0x4037c1,0xa1abd7fd9fb0
0x4037aa,0x782cd20e7a28
0x4037c1,0x28e837e5bf50
0x4037ba,0xd79e62b98fd8
0x4037ba,0xd79e62b4e828
0x4037c1,0x6c6f1e4c7280
0x4037ba,0xd79e62a9ed48
0x4037aa,0x7ac7a7c16c28
0x4037aa,0x71aae0007228
0x4037ba,0xea2062f1c68
0x4037aa,0x81a891d67a28
0x4037aa,0x782cd20d6c28
0x4037aa,0x33ece1871e28
0x4037aa,0x81a891d8e828
0x4037aa,0x81a891dd6428
0x4037aa,0xab547367228
0x4037ba,0xd79e62bf9fa0
0x4037ba,0xd79e62bcbca8
0x4037ba,0x28e837e39120
0x4037aa,0x33ece187dc68
0x4037ba,0xd79e62b131c8
0x4037ba,0x28e837d823d8
0x4037aa,0xab547355268
0x4037aa,0x7ac7a7c11c68
0x4037ba,0xa7d08ad11378
0x4037aa,0x81a891dac668
0x4037ba,0x28e837dc8b90
0x4037ba,0x28e837e0e808
0x4037aa,0x33ece1852ea8
0x4037aa,0x782cd20e5aa8
0x4037c1,0xea2062fbf60
0x4037aa,0x7ac7a7c0bca8
0x4037ba,0xd79e62b05128
0x4037c1,0x28e837d02768
0x4037ba,0xd79e62a91388
0x4037ba,0xd79e62c331d0
0x4037ba,0x28e837e54720
0x4037aa,0x71aae00072a8
0x4037aa,0x81a891d65aa8
0x4037aa,0x33ece1872ea8
0x4037ba,0x28e837c8dfd0
0x4037aa,0xab5473672a8
0x4037ba,0xd79e62b010e8
0x4037ba,0xd79e62badfe0
0x4037aa,0x33ece1852ee8
0x4037ba,0x28e837dd3550
0x4037aa,0x81a891dba4e8
0x4037ba,0x28e837cadfd8
0x4037ba,0xd79e62a5bda8
0x4037aa,0x81a891d808e8
0x4037ba,0xd79e62bc7a00
0x4037ba,0x28e837cd0998
0x4037aa,0xab5473810e8
0x4037ba,0x28e837de98e0
0x4037ba,0xd79e62c498f8
0x4037aa,0x81a891d898e8
0x4037ba,0xd79e62ac3110
0x4037aa,0x33ece1872ee8
0x4037ba,0xa21321fed68
0x4037aa,0x81a891d94728
0x4037aa,0x81a891dbc528
0x4037aa,0x81a891dbe528
0x4037aa,0xab547375128
0x4037aa,0xab547379128
0x4037aa,0x7ac7a7c13d28
0x4037aa,0x81a891da5728
0x4037c1,0xd79e62afa4f0
0x4037ba,0xa21321d4718
0x4037ba,0xd79e62ae2750
0x4037aa,0xab547383128
0x4037aa,0xab547385128
0x4037aa,0x782cd20d3d28
0x4037ba,0x28e837e298c0
0x4037aa,0xab547365328
0x4037aa,0x81a891db4728
0x4037ba,0xea206313568
0x4037aa,0x81a891d96768
0x4037aa,0x33ece187ed68
0x4037aa,0x33ece185bf68
0x4037aa,0xab547351368
0x4037ba,0xd79e62a78fe0
0x4037c1,0x28e837d623c0
0x4037aa,0x81a891da2768
0x4037c1,0xea206301c78
0x4037aa,0x81a891dcb568
0x4037ba,0xd79e62b098d8
0x4037c1,0x28e837d525e8
0x4037aa,0x81a891dd3568
0x4037ba,0xd79e62a56c38
0x4037ba,0xea206322750
0x4037ba,0xd79e62b18998
0x4037aa,0x81a891d709a8
0x4037aa,0x33ece1854fa8
0x4037aa,0x33ece187bda8
0x4037ba,0xa2132195118
0x4037c1,0x98f5690ddc58
0x4037aa,0x33ece1859fa8
0x4037aa,0x81a891d789a8
0x4037aa,0x782cd20e8ba8
0x4037aa,0x7ac7a7c0cda8
0x4037aa,0xab5473513a8
0x4037ba,0x5829a6ec11a8
0x4037aa,0x81a891dc65a8
0x4037ba,0xd79e62b40190
0x4037aa,0x81a891d809a8
0x4037ba,0xa7d08ad11e08
0x4037aa,0xab5473801a8
0x4037aa,0xab5473811a8
0x4037aa,0x81a891dad7a8
0x4037aa,0x33ece1870fa8
0x4037aa,0x81a891d68ba8
0x4037aa,0xab5473663a8
0x4037aa,0x81a891d909a8
0x4037aa,0x33ece1874fa8
0x4037aa,0x782cd20dbda8
0x4037ba,0xa213219ebf0
0x4037aa,0x782cd20debe8
0x4037aa,0xab54736c1e8
0x4037ba,0xd79e62b023e0
0x4037aa,0x33ece1858fe8
0x4037aa,0xab5473731e8
0x4037ba,0xd79e62bbebf8
0x4037ba,0xa1abd802c1c0
0x4037ba,0xa1abd8007c40
0x4037aa,0x81a891da47e8
0x4037ba,0xd79e62a92ef8
0x4037aa,0x33ece186dfe8
0x4037aa,0x81a891dd25e8
0x4037aa,0xab5473623e8
0x4037aa,0xab54738c1e8
0x4037c1,0x28e837cf6c00
0x4037ba,0xd79e62b76438
0x4037ba,0xa1abd7ffdc70
0x4037ba,0xd79e62bf1c50
0x4037ba,0xea20631dc58
0x4037ba,0x28e837d989b8
0x4037aa,0xab547356428
0x4037aa,0x7ac7a7c11e28
0x4037ba,0xd79e62a92e90
0x4037c1,0x28e837dfe500
0x4037aa,0x81a891d87a28
0x4037c1,0x28e837d52ed8
0x4037aa,0x81a891dae828
0x4037aa,0xab547387228
0x4037aa,0x782cd20ddc68
0x4037c1,0xa1abd7fe5138
0x4037aa,0x782cd20e1c68
0x4037ba,0x28e837dfbf68
0x4037ba,0x28e837e525c8
0x4037aa,0x782cd20e7c68
0x4037ba,0x28e837e647e8
0x4037aa,0xab547375268
0x4037ba,0xea206313d20
0x4037aa,0x782cd20f1c68
0x4037ba,0x28e837cad7b8
0x4037aa,0x81a891dcc668
0x4037aa,0x81a891d61c68
0x4037c1,0x28e837dfebe8
0x4037aa,0x81a891d67c68
0x4037ba,0xa1abd8013568
0x4037ba,0xd79e62ae5730
0x4037ba,0xea2063072a8
0x4037ba,0xa1abd7fd6778
0x4037ba,0xa1abd8027210
0x4037c1,0xa21321a7208
0x4037aa,0x782cd20ebca8
0x4037c1,0xee30bb9447e8
0x4037aa,0x7ac7a7c12ea8
0x4037aa,0x81a891d85aa8
0x4037aa,0x782cd20d2ea8
0x4037c1,0xa21321f9f90
0x4037aa,0xab5473872a8
0x4037aa,0x81a891d6bca8
0x4037aa,0x81a891dda4e8
0x4037ba,0xd79e62c2e830
0x4037c1,0xa1abd7fe7220
0x4037aa,0xafd74f9e08e8
0x4037ba,0xa1abd8019110
0x4037aa,0x782cd20e7ce8
0x4037aa,0x81a891da08e8
0x4037aa,0x7ac7a7c12ee8
0x4037aa,0xab54735a4e8
0x4037ba,0x28e837e26380
0x4037aa,0xff25d81a10e8
0x4037aa,0x81a891da98e8
0x4037aa,0x782cd20d2ee8
0x4037aa,0x81a891d67ce8
0x4037ba,0xc48ca9045ab8
0x4037ba,0xea206339fa0
0x4037aa,0x81a891ddc528
0x4037aa,0x81a891dde528
0x4037aa,0xf3bd7d6fc528
0x4037ba,0x28e837e40d48
0x4037ba,0x9e9c4d918fd0
0x4037aa,0xff25d8195128
0x4037c1,0x28e837d02768
0x4037aa,0xff25d8199128
0x4037c1,0xd79e62c21c60
0x4037ba,0xa21321e7a10
0x4037aa,0x81a891dc5728
0x4037ba,0xa1abd80125f0
0x4037aa,0xab54735c528
0x4037aa,0xff25d81a3128
0x4037aa,0xab54735e528
0x4037aa,0xff25d81a5128
0x4037ba,0xa1abd8031c48
0x4037aa,0xab547385328
0x4037ba,0xd79e62bc7c70
0x4037aa,0x81a891dd4728
0x4037ba,0x28e837cd31e8
0x4037aa,0x81a891db6768
0x4037aa,0x782cd20ded68
0x4037c1,0xea2062cbc80
0x4037aa,0x782cd20e0d68
0x4037aa,0x33ece187bf68
0x4037aa,0xab547371368
0x4037aa,0x81a891dc2768
0x4037aa,0xab547353568
0x4037ba,0x28e837c95130
0x4037aa,0x81a891d60d68
0x4037ba,0xd79e62bc7cd8
0x4037ba,0xa21321fed68
0x4037aa,0x81a891dd6768
0x4037aa,0x782cd20dbf68
0x4037aa,0xab54736b3a8
0x4037ba,0xd79e62b08b88
0x4037aa,0x33ece1879fa8
0x4037aa,0x71bb2b2001a8
0x4037ba,0xd79e62aa63b0
0x4037aa,0xafd74f9e09a8
0x4037aa,0x81a891d989a8
0x4037aa,0xab5473713a8
0x4037ba,0x28e837e325c8
0x4037ba,0xea2062d6778
0x4037aa,0x782cd20ecda8
0x4037aa,0x81a891da09a8
0x4037aa,0x7ac7a7c10fa8
0x4037aa,0x7ac7a7c14fa8
0x4037aa,0xff25d81a01a8
0x4037aa,0xff25d81a11a8
0x4037aa,0x81a891dcd7a8
0x4037aa,0x7ac7a7c19fa8
0x4037aa,0x81a891d88ba8
0x4037ba,0xd79e62bd31d8
0x4037aa,0xab5473863a8
0x4037aa,0x782cd20d4fa8
0x4037aa,0x81a891db09a8
0x4037aa,0xab5473665a8
0x4037aa,0xab54738b3a8
0x4037aa,0x782cd20d9fa8
0x4037aa,0x81a891d6cda8
0x4037aa,0xff25d818c1e8
0x4037ba,0xa1abd80201b0
0x4037aa,0x33ece1878fe8
0x4037c1,0xa2132201c40
0x4037ba,0xa1abd802cd88
0x4037aa,0xff25d81931e8
0x4037ba,0xd79e62af0998
0x4037aa,0x7ac7a7c0dfe8
0x4037aa,0xab5473525e8
0x4037c1,0x28e837e80988
0x4037aa,0x81a891dc47e8
0x4037aa,0x81a891d7ebe8
0x4037ba,0xa1abd8043108
0x4037aa,0x7ac7a7c18fe8
0x4037ba,0xea206312e80
0x4037aa,0xab5473823e8
0x4037ba,0x28e837d411b8
0x4037aa,0xff25d81ac1e8
0x4037aa,0x782cd20d8fe8
0x4037c1,0xe7c8f395240
0x4037aa,0x81a891d76c28
0x4037aa,0xab547376428
0x4037ba,0xd79e62c18988
0x4037aa,0x782cd20f1e28
0x4037ba,0xea20633dc50
0x4037aa,0x81a891da7a28
0x4037aa,0x81a891dce828
0x4037aa,0xff25d81a7228
0x4037c1,0xa21321f9f90
0x4037ba,0xd79e62a5bda8
0x4037ba,0xea2062c10c0
0x4037ba,0xd79e62c40d60
0x4037aa,0x81a891d71c68
0x4037ba,0x28e837e26588
0x4037aa,0xff25d8195268
0x4037ba,0xd79e62ac7c48
0x4037c1,0xd79e62a99f80
0x4037ba,0xa1abd803dc40
0x4037ba,0x28e837d39f88
0x4037aa,0x81a891d7dc68
0x4037aa,0x81a891d81c68
0x4037ba,0x5829a6edbf70
0x4037ba,0x6c537033bdb8
0x4037ba,0x28e837d410e8
0x4037aa,0x81a891d87c68
0x4037ba,0xd79e62bd6c08
0x4037ba,0x28e837e2b548
0x4037ba,0x28e837c925f0
0x4037ba,0xa1abd800cdb8
0x4037ba,0x28e837d5ed78
0x4037aa,0x81a891d91c68
0x4037c1,0xd79e62b9e510
0x4037aa,0x81a891da5aa8
0x4037c1,0xea206301c78
0x4037aa,0x782cd20f2ea8
0x4037c1,0xea20631a4c0
0x4037c1,0xd79e62accd90
0x4037aa,0xff25d81a72a8
0x4037aa,0x81a891d8bca8
0x4037c1,0xd79e62c47230
0x4037c1,0xd79e62c27208
0x4037ba,0xa1abd8023120
0x4037ba,0xa1abd8020d78
0x4037aa,0x81a891dc08e8
0x4037ba,0xea20632dfe8
0x4037aa,0xff25d81c10e8
0x4037aa,0xab54737a4e8
0x4037aa,0x81a891dc98e8
0x4037aa,0x782cd20f2ee8
0x4037aa,0x81a891d87ce8
0x4037ba,0xd79e62bc7a00
0x4037ba,0x28e837cb3d20
0x4037ba,0xd79e62b672a8
0x4037aa,0xff25d81b5128
0x4037aa,0x81a891d73d28
0x4037ba,0x28e837cf1398
0x4037aa,0xff25d81b9128
0x4037aa,0x71aae017c528
0x4037aa,0xab547354728
0x4037c1,0x8ad3301bebe8
0x4037aa,0xff25d81c3128
0x4037aa,0xab54737c528
0x4037aa,0xff25d81c5128
0x4037aa,0xab54737e528
0x4037aa,0xff25d81a5328
0x4037aa,0xab547365728
0x4037c1,0xa1abd804cda8
0x4037aa,0xff25d81d5128
0x4037aa,0xab54736b568
0x4037aa,0xff25d8191368
0x4037ba,0xd79e62bf1360
0x4037aa,0xab547373568
0x4037ba,0x5829a6eddc50
0x4037ba,0x6c6f1e4c1c58
0x4037ba,0xea2062cd780
0x4037ba,0xd79e62b423e8
0x4037aa,0xab547356768
0x4037aa,0x81a891d7ed68
0x4037ba,0xd79e62ad4720
0x4037aa,0x81a891d80d68
0x4037ba,0xe8035e463118
0x4037aa,0xab547362768
0x4037ba,0xa1abd8007c40
0x4037ba,0x5829a6ecb3b0
0x4037ba,0xc48ca9045300
0x4037aa,0xab54738b568
0x4037aa,0x81a891db89a8
0x4037ba,0xd79e62c2cd90
0x4037aa,0xab54734d7a8
0x4037aa,0xff25d81913a8
0x4037c1,0x98f5690ddc58
0x4037aa,0x81a891dc09a8
0x4037c1,0xd79e62c098d0
0x4037aa,0x81a891d7bda8
0x4037ba,0xea206307cd0
0x4037c1,0xd79e62bac670
0x4037ba,0xa21321e1180
0x4037aa,0xff25d81c01a8
0x4037aa,0xff25d81c11a8
0x4037aa,0x782cd20f0fa8
0x4037c1,0xd79e62ace808
0x4037c1,0xd79e62afa4f0
0x4037aa,0x81a891da8ba8
0x4037aa,0xff25d81a63a8
0x4037aa,0x81a891dd09a8
0x4037aa,0xab5473865a8
0x4037aa,0x81a891d8cda8
0x4037aa,0xff25d81ab3a8
0x4037c1,0xd79e62c4c1d0
0x4037aa,0x81a891dd89a8
0x4037c1,0xd79e62b1dc58
0x4037aa,0xff25d81b31e8
0x4037ba,0x28e837d01190
0x4037ba,0x28e837e36430
0x4037aa,0xab5473725e8
0x4037ba,0x5829a6ec5720
0x4037ba,0xa213218e820
0x4037ba,0xa213218c1f0
0x4037aa,0x81a891d9ebe8
0x4037ba,0xa1abd8027210
0x4037aa,0x782cd20edfe8
0x4037c1,0xa2132198998
0x4037ba,0xd79e62b98fd8
0x4037aa,0xff25d81a23e8
0x4037aa,0xff25d81cc1e8
0x4037aa,0xab5473647e8
0x4037aa,0xff25d81d31e8
0x4037ba,0x6c537034b540
0x4037aa,0x81a891d96c28
0x4037aa,0x81a891d71e28
0x4037ba,0xd79e62b4e828
0x4037aa,0xab54734e828
0x4037aa,0xff25d8196428
0x4037ba,0xd79e62b07cf0
0x4037ba,0xd79e62a67c58
0x4037aa,0x81a891dc7a28
0x4037aa,0xff25d81c7228
0x4037ba,0x28e837d6e820
0x4037ba,0x28e837e38ff0
0x4037ba,0xa7d08ad11e08
0x4037ba,0xd79e62ae5118
0x4037ba,0x6c537034b3a0
0x4037aa,0x81a891d91e28
0x4037ba,0xd79e62b67cd0
0x4037aa,0xab54736c668
0x4037aa,0xff25d81b5268
0x4037ba,0x28e837c90998
0x4037aa,0x81a891d9dc68
0x4037ba,0x28e837cd5130
0x4037ba,0xd79e62a70f90
0x4037ba,0xd79e62af6760
0x4037aa,0x81a891da1c68
0x4037ba,0xe8035e4623f8
0x4037aa,0x81a891da7c68
0x4037ba,0x28e837ce11a0
0x4037ba,0x28e837d61c40
0x4037ba,0x28e837e63128
0x4037ba,0xea2063047f0
0x4037ba,0xa1abd8007a38
0x4037aa,0x81a891db1c68
0x4037aa,0xab54738c668
0x4037aa,0xff25d81d5268
0x4037aa,0x81a891d72ea8
0x4037aa,0x81a891dc5aa8
0x4037ba,0xa1abd8045130
0x4037aa,0xff25d81c72a8
0x4037aa,0x81a891dabca8
0x4037ba,0x28e837db9130
0x4037c1,0xd79e62c4cd98
0x4037ba,0xe8035e45bda0
0x4037ba,0xd79e62b098d8
0x4037ba,0xd79e62b96c30
0x4037ba,0xd79e62b6c1d8
0x4037ba,0xd79e62b9bf78
0x4037ba,0xd79e62ae1c48
0x4037ba,0x28e837d611b0
0x4037aa,0x81a891d72ee8
0x4037aa,0xff25d81e10e8
0x4037ba,0x28e837cbc520
0x4037aa,0xff25d819a4e8
0x4037ba,0xd79e62a6cd80
0x4037c1,0x5829a6edebc0
0x4037ba,0xa21321d5240
0x4037aa,0x81a891da7ce8
0x4037aa,0xab5473608e8
0x4037c1,0xa1abd8001198
0x4037c1,0xea2062cb390
0x4037aa,0x81a891d93d28
0x4037aa,0xff25d81d9128
0x4037ba,0xea2063309b8
0x4037ba,0xd79e62badfe0
0x4037ba,0x6c537033bf58
0x4037c1,0xea2062fbf60
0x4037aa,0xab547374728
0x4037ba,0xd79e62a9e528
0x4037aa,0xff25d81e3128
0x4037aa,0xff25d81e5128
0x4037ba,0xa1abd80423e0
0x4037c1,0xd79e62bf25d8
0x4037aa,0xff25d819c528
0x4037ba,0xd79e62a78fe0
0x4037aa,0xff25d819e528
0x4037aa,0xff25d81c5328
0x4037aa,0xab547385728
0x4037aa,0xff25d81f5128
0x4037c1,0xa1abd804cda8
0x4037aa,0xff25d81f9128
0x4037aa,0x81a891db3d28
0x4037ba,0xd79e62b010e8
0x4037aa,0xff25d81b1368
0x4037aa,0xafd74f9e0d68
0x4037ba,0x6c537033bdb8
0x4037ba,0xa213218d798
0x4037aa,0xff25d8193568
0x4037ba,0x28e837c90fb0
0x4037aa,0xab547376768
0x4037aa,0x81a891d9ed68
0x4037aa,0x81a891d7bf68
0x4037aa,0x81a891da0d68
0x4037aa,0xab547382768
0x4037aa,0xff25d81ab568
0x4037aa,0xff25d81d1368
0x4037ba,0xa1abd8005ab8
0x4037ba,0xea206339fa0
0x4037aa,0xff25d81b13a8
0x4037aa,0x81a891d70fa8
0x4037aa,0x71aae0028ba8
0x4037aa,0xab54736d7a8
0x4037aa,0x81a891d74fa8
0x4037aa,0xff25d81e01a8
0x4037aa,0x81a891d9bda8
0x4037aa,0xff25d81e11a8
0x4037aa,0x71d0d58fbda8
0x4037aa,0xab5473509a8
0x4037c1,0xd79e62b9e510
0x4037aa,0x81a891d79fa8
0x4037ba,0x28e837dcc1f0
0x4037ba,0xa1abd7fded60
0x4037aa,0xab5473589a8
0x4037aa,0x81a891dc8ba8
0x4037aa,0xff25d81c63a8
0x4037ba,0xa1abd7ff5260
0x4037ba,0x28e837dc23e8
0x4037aa,0xff25d81cb3a8
0x4037aa,0xff25d81a65a8
0x4037aa,0x81a891dacda8
0x4037aa,0xab5473609a8
0x4037ba,0xd79e62b35250
0x4037ba,0x28e837e601b0
0x4037aa,0xff25d81d13a8
0x4037aa,0x81a891d90fa8
0x4037ba,0xea206312ee8
0x4037aa,0xab54738d7a8
0x4037aa,0x81a891d6dfe8
0x4037aa,0xff25d81925e8
0x4037aa,0x81a891dbebe8
0x4037aa,0x81a891d78fe8
0x4037ba,0xa2132195118
0x4037ba,0x28e837d610e0
0x4037aa,0xff25d81c23e8
0x4037aa,0xff25d81ec1e8
0x4037aa,0xab5473847e8
0x4037aa,0xff25d81f31e8
0x4037aa,0x81a891d8dfe8
0x4037ba,0xea2062d5130
0x4037ba,0xd79e62b5ed70
0x4037c1,0xea2062ed7a8
0x4037aa,0x81a891db6c28
0x4037ba,0x28e837e51e18
0x4037ba,0xea20632cda8
0x4037aa,0xab54736e828
0x4037aa,0xff25d81b6428
0x4037ba,0xa1abd8041190
0x4037ba,0x28e837d223f8
0x4037aa,0xff25d81e7228
0x4037ba,0xd79e62a56c38
0x4037ba,0xa1abd80465a0
0x4037aa,0x71aae0007a28
0x4037aa,0x81a891db1e28
0x4037aa,0x81a891dd6c28
0x4037aa,0xab547367a28
0x4037ba,0x28e837cb6770
0x4037ba,0xd79e62b847c8
0x4037aa,0xff25d818c668
0x4037ba,0xd79e62ac7288
0x4037aa,0x81a891dbdc68
0x4037ba,0xa1abd80201b0
0x4037aa,0x81a891dc1c68
0x4037ba,0xd79e62c40d60
0x4037ba,0x28e837c9c520
0x4037aa,0x81a891dc7c68
0x4037ba,0x28e837dc8b90
0x4037ba,0x98f5690d9130
0x4037ba,0x5829a6ecb3b0
0x4037c1,0xd79e62accd90
0x4037ba,0xa1abd7ff1c48
0x4037aa,0x81a891dd1c68
0x4037aa,0xff25d81f5268
0x4037ba,0x28e837d9a4f0
0x4037aa,0xff25d81ac668
0x4037ba,0xd79e62ab4730
0x4037ba,0xd79e62c35120
0x4037ba,0x28e837e39120
0x4037aa,0x81a891d92ea8
0x4037ba,0x28e837cfebf0
0x4037ba,0xd79e62b76778
0x4037ba,0xd79e62ae2750
0x4037ba,0x5829a6ef1e18
0x4037ba,0xd79e62c409b8
0x4037aa,0xff25d81e72a8
0x4037aa,0x81a891dcbca8
0x4037aa,0xab547365aa8
0x4037aa,0x81a891db2ea8
0x4037aa,0xab5473698e8
0x4037aa,0x81a891d92ee8
0x4037aa,0xff25d82010e8
0x4037aa,0xff25d81ba4e8
0x4037ba,0x28e837c925f0
0x4037ba,0xa1abd80410c0
0x4037ba,0x28e837ce63b8
0x4037ba,0xd79e62c35258
0x4037aa,0x81a891dc7ce8
0x4037aa,0xa31272b210e8
0x4037aa,0xab5473808e8
0x4037ba,0xd79e62a9ed48
0x4037aa,0xab5473898e8
0x4037d3,0xd79e62b31e00
0x4037aa,0x81a891db2ee8
0x4037ba,0xd79e62b00990
0x4037ba,0xe8035e467c58
0x4037ba,0xea206328b80
0x4037aa,0xff25d8203128
0x4037ba,0xa1abd802c1c0
0x4037aa,0xff25d8194728
0x4037aa,0xff25d8205128
0x4037aa,0xff25d81bc528
0x4037ba,0xd79e62a67298
0x4037aa,0xff25d81be528
0x4037aa,0xff25d81e5328
0x4037ba,0x28e837dd3d08
0x4037aa,0xa31272b23128
0x4037aa,0xa31272b25128
0x4037aa,0xff25d81a5728
0x4037aa,0x81a891dd3d28
0x4037aa,0xd7cc94e75128
0x4037ba,0xe8035e4623f8
0x4037aa,0xff25d81b3568
0x4037aa,0x81a891dbed68
0x4037aa,0x81a891d9bf68
0x4037aa,0x71d0d58fbf68
0x4037aa,0xff25d8196768
0x4037aa,0x81a891dc0d68
0x4037ba,0xd79e62a67230
0x4037aa,0xff25d81a2768
0x4037c1,0xd79e62bb8fd0
0x4037ba,0xd79e62c498f8
0x4037aa,0xff25d81f1368
0x4037aa,0xff25d81cb568
0x4037aa,0xff25d81d3568
0x4037aa,0xff25d818d7a8
0x4037aa,0x81a891d94fa8
0x4037ba,0x28e837c931f0
0x4037aa,0xff25d82001a8
0x4037aa,0xff25d82011a8
0x4037aa,0x81a891dbbda8
0x4037aa,0xab5473709a8
0x4037aa,0x81a891d99fa8
0x4037c1,0xa1abd7fd9fb0
0x4037aa,0x1a70aa7601a8
0x4037aa,0xff25d81e63a8
0x4037aa,0xab5473789a8
0x4037c1,0xd79e62b92ea0
0x4037aa,0xa31272b211a8
0x4037aa,0xff25d81eb3a8
0x4037aa,0xff25d81c65a8
0x4037aa,0x81a891dccda8
0x4037aa,0xab5473809a8
0x4037aa,0xff25d81f13a8
0x4037c1,0xd79e62c47230
0x4037aa,0x81a891db0fa8
0x4037aa,0xff25d81ad7a8
0x4037c1,0xd79e62b801b0
0x4037ba,0x28e837db9130
0x4037ba,0xd79e62bd3d38
0x4037aa,0x81a891db4fa8
0x4037aa,0xab547368ba8
0x4037aa,0xff25d81b25e8
0x4037aa,0x81a891ddebe8
0x4037ba,0xd79e62c2c1c8
0x4037aa,0x81a891d98fe8
0x4037ba,0xa1abd800cdb8
0x4037c1,0xea2062fbf60
0x4037aa,0xff25d81e23e8
0x4037c1,0x6c6f1e4c7280
0x4037aa,0xff25d820c1e8
0x4037ba,0xd79e62a9e528
0x4037ba,0x28e837e325c8
0x4037aa,0xab54735ebe8
0x4037aa,0xff25d81a47e8
0x4037c1,0x28e837dfebe8
0x4037ba,0xd79e62b011b8
0x4037aa,0x81a891dadfe8
0x4037aa,0xa31272b2c1e8
0x4037ba,0xea2062c10c0
0x4037aa,0xff25d81d25e8
0x4037aa,0xff25d81d6428
0x4037ba,0xa1abd8019110
0x4037aa,0xff25d818e828
0x4037ba,0xd79e62b96c30
0x4037ba,0x5829a7034fa8
0x4037ba,0x28e837e50f88
0x4037aa,0xff25d8207228
0x4037ba,0xd79e62b010e8
0x4037aa,0xab547356c28
0x4037ba,0xa213218b570
0x4037aa,0xa31272b27228
0x4037ba,0x28e837cfe508
0x4037aa,0x81a891dd1e28
0x4037ba,0x28e837d5ed78
0x4037aa,0xab547387a28
0x4037aa,0xff25d81f6428
0x4037aa,0xff25d81ae828
0x4037ba,0x6c537032e818
0x4037ba,0xd79e62b96750
0x4037aa,0x81a891dddc68
0x4037ba,0xd79e62a5bda8
0x4037ba,0x28e837d12eb0
0x4037ba,0xd79e62a54f98
0x4037ba,0xd79e62a67c58
0x4037ba,0xd79e62ac7220
0x4037ba,0x28e837e1bf70
0x4037ba,0x28e837d65a80
0x4037c1,0xd79e62c098d0
0x4037aa,0xab547351c68
0x4037ba,0xa1abd800c668
0x4037ba,0x28e837d125c0
0x4037ba,0x28e837e2bc98
0x4037ba,0xa1abd8007280
0x4037aa,0xab54735dc68
0x4037c1,0x28e837dfe500
0x4037aa,0x71aae0007c68
0x4037aa,0xff25d81cc668
0x4037aa,0xab547361c68
0x4037ba,0xea20631dc58
0x4037aa,0xd7cc94e75268
0x4037aa,0xab547367c68
0x4037ba,0xa1abd7ff5260
0x4037ba,0x5829a6ec11a8
0x4037ba,0xd79e62af0fb0
0x4037aa,0xff25d82072a8
0x4037ba,0x28e837dfbf68
0x4037ba,0xa1abd801dc68
0x4037ba,0xa1abd8027210
0x4037ba,0x28e837c92ee0
0x4037ba,0xea20632c1e0
0x4037aa,0xa31272b272a8
0x4037aa,0xab547385aa8
0x4037aa,0x81a891dd2ea8
0x4037ba,0x28e837c95130
0x4037aa,0xff25d81da4e8
0x4037ba,0xa213218e820
0x4037aa,0x71bb2b2008e8
0x4037c1,0x5829a6ec72b0
0x4037aa,0xa31272b410e8
0x4037aa,0xff25d81a08e8
0x4037aa,0x71aae0007ce8
0x4037ba,0x28e837cadfd8
0x4037aa,0x81a891dd2ee8
0x4037aa,0xff25d81a98e8
0x4037aa,0xab547367ce8
0x4037aa,0x1a70aa83a4e8
0x4037ba,0xc48ca9045ab8
0x4037aa,0xff25d81fa4e8
0x4037ba,0xd79e62bf1c50
0x4037aa,0xff25d81b4728
0x4037aa,0xa31272b35128
0x4037aa,0xff25d81dc528
0x4037aa,0xff25d81de528
0x4037aa,0xa31272b39128
0x4037aa,0xff25d8205328
0x4037ba,0xd79e62a72ef8
0x4037aa,0xab547353d28
0x4037aa,0xa31272b43128
0x4037aa,0xff25d81c5728
0x4037aa,0xa31272b45128
0x4037aa,0xa31272b25328
0x4037c1,0x28e837de5a90
0x4037ba,0xd79e62b21190
0x4037ba,0xea2062f1378
0x4037aa,0xff25d81d4728
0x4037ba,0xa21321e7ce8
0x4037c1,0xa21321e5320
0x4037ba,0x28e837e40d48
0x4037aa,0x81a891dded68
0x4037aa,0xff25d81b6768
0x4037aa,0x81a891dbbf68
0x4037ba,0x28e837e54720
0x4037ba,0xd79e62b25300
0x4037ba,0xd79e62af6420
0x4037aa,0xff25d81c2768
0x4037ba,0x5829a6edbf70
0x4037aa,0xff25d81eb568
0x4037aa,0xab54735ed68
0x4037ba,0x28e837cd0998
0x4037ba,0xd79e62afdc50
0x4037ba,0xe8035e4665a8
0x4037aa,0xab547360d68
0x4037aa,0xff25d81f3568
0x4037ba,0xd79e62b08b88
0x4037aa,0x81a891ddbda8
0x4037ba,0x28e837e63128
0x4037aa,0x71bb2b2009a8
0x4037aa,0x81a891db9fa8
0x4037aa,0xff25d81909a8
0x4037aa,0xff25d82063a8
0x4037aa,0xff25d81989a8
0x4037aa,0xff25d81e65a8
0x4037aa,0xa31272b401a8
0x4037aa,0xa31272b411a8
0x4037aa,0xff25d820b3a8
0x4037ba,0x28e837d411b8
0x4037aa,0xff25d81a09a8
0x4037aa,0xab54735bda8
0x4037aa,0xa31272b263a8
0x4037ba,0xd79e62ba23d0
0x4037aa,0x81a891dd0fa8
0x4037aa,0xff25d81cd7a8
0x4037aa,0xa31272b2b3a8
0x4037aa,0x81a891dd4fa8
0x4037aa,0xab547388ba8
0x4037ba,0x28e837cad7b8
0x4037aa,0x81a891dd9fa8
0x4037ba,0xd79e62a56758
0x4037aa,0x5fdc43f8c1e8
0x4037ba,0xd79e62c40d60
0x4037aa,0x81a891db8fe8
0x4037aa,0xa31272b331e8
0x4037aa,0xff25d82023e8
0x4037ba,0xd79e62ad0f90
0x4037ba,0xd79e62a72e90
0x4037ba,0xa1abd8019fb0
0x4037aa,0xff25d81c47e8
0x4037aa,0xa31272b223e8
0x4037ba,0x28e837d410e8
0x4037aa,0xab54737ebe8
0x4037aa,0x81a891dcdfe8
0x4037ba,0xea20632dfe8
0x4037aa,0xff25d81f25e8
0x4037aa,0xa31272b4c1e8
0x4037ba,0xea206312ee8
0x4037aa,0x81a891dd8fe8
0x4037aa,0xa31272b531e8
0x4037ba,0x28e837e409a0
0x4037ba,0x28e837e2b548
0x4037aa,0xab547351e28
0x4037aa,0xab547376c28
0x4037ba,0xa21321f5130
0x4037ba,0xd79e62c40198
0x4037c1,0xd79e62a872a8
0x4037ba,0x28e837cd31e8
0x4037ba,0x28e837c9c520
0x4037ba,0x28e837dec1e8
0x4037aa,0xa31272b47228
0x4037ba,0xd79e62addc40
0x4037aa,0xff25d81a7a28
0x4037ba,0x28e837ce11a0
0x4037c1,0xa21321f9f90
0x4037aa,0xff25d81ce828
0x4037ba,0x28e837e408d0
0x4037ba,0x28e837e36430
0x4037aa,0xa31272b35268
0x4037aa,0xab547371c68
0x4037ba,0x28e837e32eb8
0x4037c1,0xa2132208bb0
0x4037c1,0x28e837e56748
0x4037aa,0xab54737dc68
0x4037aa,0xff25d81ec668
0x4037aa,0xab547381c68
0x4037aa,0xab547387c68
0x4037ba,0x28e837c90fb0
0x4037ba,0x28e837e52eb8
0x4037aa,0xab54736bca8
0x4037ba,0xea2063072a8
0x4037ba,0x28e837cb1e10
0x4037c1,0xd79e62b9e510
0x4037aa,0xab547352ea8
0x4037ba,0xd79e62b91378
0x4037ba,0x28e837d65330
0x4037c1,0x6c6f1e4c7280
0x4037aa,0xa31272b472a8
0x4037ba,0xa1abd7fd3d00
0x4037ba,0x28e837d11e30
0x4037ba,0x28e837cd5268
0x4037aa,0xff25d81a5aa8
0x4037ba,0xe8035e4663a0
0x4037ba,0xea2063131c0
0x4037aa,0xab54738bca8
0x4037ba,0xd79e62beb570
0x4037ba,0x98f5690d89b8
0x4037ba,0xd79e62b76438
0x4037aa,0xab547352ee8
0x4037aa,0xa31272b610e8
0x4037ba,0x28e837ddbd90
0x4037aa,0xff25d81c08e8
0x4037aa,0xff25d81c98e8
0x4037aa,0xab547387ce8
0x4037c1,0xea2062cb390
0x4037ba,0xd79e62c22758
0x4037aa,0xa31272b55128
0x4037aa,0xff25d81fc528
0x4037aa,0xff25d81fe528
0x4037aa,0xa31272b59128
0x4037ba,0xd79e62a8b380
0x4037aa,0xab547373d28
0x4037ba,0xd79e62a5bf48
0x4037aa,0xff25d81e5728
0x4037aa,0xa31272b63128
0x4037aa,0xa31272b65128
0x4037ba,0xd79e62a67cc0
0x4037ba,0x28e837d823d8
0x4037aa,0xa31272b45328
0x4037ba,0xd79e62b07a18
0x4037aa,0xff25d81f4728
0x4037ba,0xd79e62b023e0
0x4037c1,0xa1abd804cda8
0x4037aa,0xa31272b75128
0x4037aa,0xff25d81d6768
0x4037aa,0xa31272b31368
0x4037aa,0x81a891ddbf68
0x4037ba,0xa1abd7fded60
0x4037ba,0x28e837c931f0
0x4037ba,0xa2132207c50
0x4037aa,0xff25d81e2768
0x4037ba,0xa1abd80125f0
0x4037aa,0xff25d820b568
0x4037ba,0xd79e62a67c58
0x4037aa,0xab54737ed68
0x4037aa,0xab54735bf68
0x4037aa,0xab547380d68
0x4037aa,0xa31272b2b568
0x4037aa,0xff25d81f6768
0x4037aa,0xa31272b51368
0x4037ba,0x28e837c92ee0
0x4037c1,0x28e837d9dc68
0x4037aa,0xa31272b313a8
0x4037aa,0xff25d81b09a8
0x4037aa,0xab54736cda8
0x4037ba,0x28e837d85aa0
0x4037aa,0xff25d81b89a8
0x4037aa,0xab547350fa8
0x4037ba,0xa2132196768
0x4037aa,0xff25d82065a8
0x4037aa,0xa31272b601a8
0x4037aa,0xa31272b611a8
0x4037aa,0xab547354fa8
0x4037aa,0xff25d81c09a8
0x4037aa,0xab54737bda8
0x4037aa,0xab547359fa8
0x4037ba,0xd79e62aadfc8
0x4037aa,0xff25d81ed7a8
0x4037aa,0xa31272b463a8
0x4037aa,0xa31272b265a8
0x4037aa,0xa31272b4b3a8
0x4037aa,0xff25d81a8ba8
0x4037aa,0xff25d81d09a8
0x4037aa,0xa31272b513a8
0x4037aa,0xab54738cda8
0x4037ba,0x5829a6ec10d8
0x4037aa,0xab54734dfe8
0x4037ba,0x28e837d5ebd8
0x4037aa,0xff25d81e47e8
0x4037aa,0xa31272b423e8
0x4037aa,0xab547358fe8
0x4037aa,0xff25d819ebe8
0x4037ba,0x28e837e298c0
0x4037aa,0xa31272b6c1e8
0x4037ba,0x28e837e73d38
0x4037aa,0xa31272b731e8
0x4037ba,0xea2062e23e8
0x4037ba,0xd79e62a51e20
0x4037ba,0xd79e62b21190
0x4037ba,0x28e837e40180
0x4037ba,0xea206313568
0x4037aa,0xa31272b36428
0x4037ba,0x28e837cc3138
0x4037aa,0xab547371e28
0x4037aa,0xff25d8196c28
0x4037ba,0xe8035e4665a8
0x4037ba,0x28e837cb6430
0x4037ba,0xd79e62b10988
0x4037ba,0xd79e62c33578
0x4037aa,0xa31272b67228
0x4037c1,0xd79e62ace808
0x4037ba,0xa1abd8007218
0x4037aa,0xff25d81c7a28
0x4037aa,0xff25d81ee828
0x4037ba,0xd79e62b098d8
0x4037ba,0x28e837cc23e0
0x4037ba,0xa1abd8041190
0x4037c1,0xd79e62c0c648
0x4037ba,0xd79e62b35118
0x4037aa,0xa31272b55268
0x4037ba,0xd79e62b6c1d8
0x4037ba,0xea206322750
0x4037ba,0x28e837cd5130
0x4037aa,0xff25d8191c68
0x4037ba,0xd79e62b10fa0
0x4037ba,0xa1abd802cd88
0x4037aa,0xff25d819dc68
0x4037ba,0xa1abd8031c48
0x4037aa,0xff25d820c668
0x4037ba,0xd79e62a91e18
0x4037ba,0xd79e62ae5730
0x4037ba,0xd79e62afdc50
0x4037aa,0xff25d81a1c68
0x4037aa,0xff25d81a7c68
0x4037aa,0xa31272b2c668
0x4037aa,0xa31272b75268
0x4037ba,0x28e837e1bf70
0x4037aa,0xab547372ea8
0x4037ba,0xd79e62b96410
0x4037ba,0xd79e62a63120
0x4037ba,0x28e837df2e80
0x4037ba,0xea2062c10c0
0x4037aa,0xa31272b672a8
0x4037aa,0xff25d81c5aa8
0x4037c1,0xd79e62afa4f0
0x4037ba,0xea2062c2768
0x4037aa,0xff25d81abca8
0x4037ba,0x28e837d6e820
0x4037ba,0x28e837d223f8
0x4037ba,0x28e837cd1e18
0x4037aa,0xab547372ee8
0x4037aa,0xa31272b810e8
0x4037aa,0xff25d81e08e8
0x4037aa,0xa31272b3a4e8
0x4037ba,0xa21322001b0
0x4037ba,0x28e837e20d68
0x4037ba,0x28e837dd3550
0x4037aa,0xff25d81e98e8
0x4037ba,0xa1abd8007280
0x4037ba,0xd79e62af4fa0
0x4037aa,0xff25d81a7ce8
0x4037c1,0xa1abd804cda8
0x4037ba,0xd79e62c498f8
0x4037aa,0xa31272b79128
0x4037ba,0xd79e62c409b8
0x4037ba,0x28e837dc47d0
0x4037ba,0xa21321fa4c8
0x4037aa,0xff25d8193d28
0x4037ba,0xa2132195250
0x4037aa,0x9e9c4d934728
0x4037ba,0x28e837e55258
0x4037aa,0xa31272b83128
0x4037aa,0xff25d8205728
0x4037aa,0xa31272b3c528
0x4037aa,0xa31272b85128
0x4037ba,0x28e837cb1c70
0x4037aa,0xa31272b3e528
0x4037ba,0xd79e62a78fe0
0x4037aa,0xa31272b65328
0x4037ba,0x28e837e601b0
0x4037aa,0xa31272b25728
0x4037ba,0x28e837dd6c10
0x4037ba,0x28e837e55120
0x4037c1,0x28e837de5a90
0x4037aa,0xa31272b95128
0x4037aa,0xa31272b99128
0x4037ba,0xa1abd801dc68
0x4037ba,0xea2063098f0
0x4037aa,0xa31272b33568
0x4037aa,0x71bb2b200d68
0x4037aa,0xff25d8202768
0x4037c1,0xa1abd7fe7220
0x4037aa,0xab54737bf68
0x4037aa,0xff25d819ed68
0x4037aa,0xa31272b22768
0x4037aa,0xff25d81a0d68
0x4037ba,0xa1abd8005710
0x4037aa,0xa31272b4b568
0x4037aa,0xa31272b71368
0x4037ba,0xd79e62b85700
0x4037c1,0xee30bb941180
0x4037ba,0xd79e62c331d0
0x4037ba,0xa1abd7febcb8
0x4037aa,0xa31272b53568
0x4037aa,0xff25d818cda8
0x4037aa,0xff25d81d89a8
0x4037aa,0xab547370fa8
0x4037aa,0xa31272b801a8
0x4037aa,0xa31272b811a8
0x4037aa,0xff25d81e09a8
0x4037aa,0xab547374fa8
0x4037ba,0xa2132196428
0x4037c1,0x28e837d02768
0x4037c1,0xd79e62bac670
0x4037aa,0xff25d819bda8
0x4037aa,0xab547379fa8
0x4037aa,0xa31272b663a8
0x4037aa,0xa31272b465a8
0x4037aa,0xa31272b6b3a8
0x4037aa,0xff25d81c8ba8
0x4037aa,0xff25d81f09a8
0x4037c1,0xea20631a4c0
0x4037aa,0xd693287663a8
0x4037aa,0xa31272b713a8
0x4037c1,0xd79e62c47cc0
0x4037aa,0xa31272b2d7a8
0x4037aa,0xff25d81acda8
0x4037aa,0xff25d81f89a8
0x4037ba,0x28e837e39120
0x4037ba,0xc48ca9045300
0x4037aa,0xa31272b325e8
0x4037ba,0x6c537033bdb8
0x4037aa,0xab54736dfe8
0x4037aa,0xff25d82047e8
0x4037ba,0x28e837d65128
0x4037aa,0xff25d81bebe8
0x4037aa,0xa31272b623e8
0x4037c1,0x28e837d76750
0x4037aa,0xab547378fe8
0x4037aa,0xa31272b8c1e8
0x4037ba,0xd79e62ae5118
0x4037aa,0xa31272b247e8
0x4037aa,0xa31272b931e8
0x4037ba,0xd79e62a931f8
0x4037ba,0xd79e62a6cd80
0x4037aa,0xa31272b525e8
0x4037ba,0x28e837ce11a0
0x4037aa,0xab54738dfe8
0x4037ba,0x28e837cb1380
0x4037c1,0xd79e62b1dc58
0x4037ba,0x28e837d90f90
0x4037aa,0xa31272b56428
0x4037aa,0xff25d81b6c28
0x4037aa,0xff25d8191e28
0x4037ba,0xd79e62a56758
0x4037ba,0x28e837cb3d20
0x4037ba,0x28e837d125c0
0x4037ba,0x28e837de98e0
0x4037aa,0xa31272b87228
0x4037aa,0xff25d81e7a28
0x4037c1,0xee30bb9447e8
0x4037aa,0xa31272b2e828
0x4037ba,0x28e837c90998
0x4037aa,0xa31272b76428
0x4037aa,0x5fdc43f8c668
0x4037aa,0xff25d81b1c68
0x4037ba,0xd79e62a67298
0x4037ba,0xd79e62c40d60
0x4037aa,0xff25d81bdc68
0x4037aa,0xff25d81c1c68
0x4037ba,0xd79e62a91c78
0x4037aa,0xff25d81c7c68
0x4037c1,0x28e837dfe500
0x4037ba,0x28e837d9a4f0
0x4037aa,0xa31272b4c668
0x4037aa,0xa31272b95268
0x4037ba,0xa1abd80410c0
0x4037aa,0xff25d81d1c68
0x4037ba,0xd79e62a5bda8
0x4037ba,0x28e837cd0998
0x4037ba,0x28e837d823d8
0x4037ba,0x5829a6ec2750
0x4037aa,0xff25d8192ea8
0x4037c1,0xea2062fbf60
0x4037ba,0x6c6f1e4c10f8
0x4037aa,0xff25d81e5aa8
0x4037aa,0xa31272b872a8
0x4037c1,0xa1abd80113a8
0x4037aa,0xff25d81cbca8
0x4037ba,0x28e837dc23e8
0x4037c1,0xea20630e828
0x4037aa,0xa31272ba10e8
0x4037aa,0xff25d82008e8
0x4037aa,0xa31272b5a4e8
0x4037aa,0xff25d8192ee8
0x4037ba,0xa1abd8007c40
0x4037ba,0xea206322750
0x4037ba,0xd79e62b79f80
0x4037ba,0x28e837e2b3a8
0x4037aa,0x1a70aa7608e8
0x4037aa,0xff25d82098e8
0x4037aa,0xff25d81c7ce8
0x4037ba,0xe8035e463118
0x4037c1,0xd79e62bb8fd0
0x4037ba,0xd79e62af0998
0x4037aa,0xa31272b298e8
0x4037c1,0xd79e62c47230
0x4037ba,0xea206325100
0x4037c1,0xd79e62b22770
0x4037aa,0xa31272bc10e8
0x4037c1,0x28e837d9dc68
0x4037ba,0xd79e62b672a8
0x4037aa,0xff25d81b3d28
0x4037ba,0x28e837e51c78
0x4037aa,0xa31272b34728
0x4037ba,0xa1abd800cdb8
0x4037aa,0xa31272ba3128
0x4037aa,0xa31272b5c528
0x4037aa,0xa31272ba5128
0x4037aa,0xa31272b5e528
0x4037ba,0xea206312e80
0x4037ba,0x28e837e325c8
0x4037aa,0xa31272b85328
0x4037ba,0xd79e62bf1360
0x4037ba,0xd79e62a56c38
0x4037aa,0xa31272b45728
0x4037aa,0xa31272bb5128
0x4037ba,0xea2062c23c0
0x4037aa,0xa31272bb9128
0x4037aa,0xff25d81d3d28
0x4037aa,0xa31272b54728
0x4037ba,0xd79e62b1c518
0x4037ba,0x28e837d0e800
0x4037aa,0xa31272b36768
0x4037aa,0xff25d81bed68
0x4037aa,0xff25d81c0d68
0x4037aa,0xff25d819bf68
0x4037aa,0xa31272b42768
0x4037ba,0xd79e62addc40
0x4037ba,0x6c537033bf58
0x4037aa,0xa31272b6b568
0x4037aa,0xa31272b91368
0x4037ba,0xd79e62ae5730
0x4037aa,0xa31272b73568
0x4037ba,0x28e837c95268
0x4037aa,0xa31272ba01a8
0x4037aa,0xa31272ba11a8
0x4037aa,0xff25d82009a8
0x4037aa,0xff25d8190fa8
0x4037aa,0xff25d8194fa8
0x4037c1,0x28e837e1c510
0x4037ba,0xd79e62c13568
0x4037aa,0xff25d81bbda8
0x4037aa,0xa31272b863a8
0x4037aa,0xff25d8199fa8
0x4037aa,0x1a70aa7609a8
0x4037aa,0xff25d81e8ba8
0x4037c1,0x6c6f1e4c5118
0x4037aa,0xa31272b665a8
0x4037aa,0xa31272b8b3a8
0x4037aa,0xa31272b913a8
0x4037aa,0xff25d81ccda8
0x4037ba,0xd79e62b9bf78
0x4037aa,0xd693287665a8
0x4037aa,0xa31272b4d7a8
0x4037aa,0xa31272bc01a8
0x4037aa,0xa31272bc11a8
0x4037aa,0xa31272b309a8
0x4037aa,0xff25d818dfe8
0x4037c1,0xd79e62a6d798
0x4037ba,0xa213218d798
0x4037ba,0x28e837d2d7b8
0x4037ba,0x28e837e53558
0x4037ba,0xe930e6c11350
0x4037aa,0xff25d81debe8
0x4037aa,0xa31272b823e8
0x4037aa,0xff25d8198fe8
0x4037aa,0xa31272bac1e8
0x4037aa,0xa31272b447e8
0x4037aa,0xa31272bb31e8
0x4037ba,0x28e837da8b88
0x4037c1,0xd79e62b047f8
0x4037aa,0xa31272b725e8
0x4037aa,0xff25d81adfe8
0x4037ba,0xd79e62ac7288
0x4037aa,0xff25d81d6c28
0x4037aa,0xff25d81b1e28
0x4037aa,0xa31272ba7228
0x4037aa,0xff25d8207a28
0x4037ba,0x28e837d12eb0
0x4037ba,0xd79e62b25300
0x4037ba,0x28e837d410e8
0x4037aa,0xa31272b27a28
0x4037aa,0xa31272b96428
0x4037aa,0xa31272b4e828
0x4037aa,0xff25d81f6c28
0x4037ba,0xd79e62a9ed48
0x4037aa,0xff25d81d1e28
0x4037c1,0xea2062ed7a8
0x4037aa,0xff25d81ddc68
0x4037ba,0xa2132195118
0x4037ba,0x28e837cbc520
0x4037aa,0xff25d81e1c68
0x4037aa,0xff25d81e7c68
0x4037ba,0xa21321d4718
0x4037ba,0xd79e62a67cc0
0x4037ba,0xea20632dfe8
0x4037aa,0xa31272bb5268
0x4037aa,0xa31272b6c668
0x4037aa,0xff25d81f1c68
0x4037ba,0xd79e62bd6c08
0x4037ba,0xea2063047f0
0x4037aa,0xff25d81b2ea8
0x4037ba,0xa1abd80201b0
0x4037ba,0xa1abd7febcb8
0x4037aa,0xa31272ba72a8
0x4037aa,0xff25d8205aa8
0x4037c1,0x5829a6ec72b0
0x4037ba,0x28e837dcc1f0
0x4037ba,0xa21321e1c78
0x4037ba,0x28e837e60d78
0x4037ba,0x28e837d74f80
0x4037ba,0x6c6f1e4c1c58
0x4037ba,0xd79e62aadfc8
0x4037aa,0xff25d81ebca8
0x4037aa,0xa31272b25aa8
0x4037ba,0x28e837cc3138
0x4037ba,0xea20631dc58
0x4037ba,0xea2062f1c68
0x4037ba,0xd79e62ad0f90
0x4037ba,0xd79e62b2b578
0x4037aa,0xff25d81d2ea8
0x4037aa,0xff25d81b2ee8
0x4037aa,0xa31272b7a4e8
0x4037ba,0xa1abd8015240
0x4037ba,0x28e837e32eb8
0x4037ba,0xa7d08ad11378
0x4037aa,0xff25d81e7ce8
0x4037aa,0xa31272b408e8
0x4037ba,0xd79e62ad4fa8
0x4037ba,0x28e837cd31e8
0x4037aa,0xa31272b498e8
0x4037ba,0xc48ca9045300
0x4037aa,0xa31272be10e8
0x4037aa,0xff25d81d2ee8
0x4037aa,0xa31272b9a4e8
0x4037aa,0xa31272bc3128
0x4037aa,0xa31272bc5128
0x4037aa,0xa31272b7c528
0x4037aa,0xa31272b7e528
0x4037aa,0xa31272ba5328
0x4037ba,0xea206316c38
0x4037ba,0x28e837e201a0
0x4037ba,0xd79e62a56c38
0x4037ba,0xd79e62ac7220
0x4037aa,0xa31272b65728
0x4037aa,0xa31272bd5128
0x4037aa,0xa31272bd9128
0x4037ba,0xa21321d5240
0x4037aa,0xff25d81f3d28
0x4037aa,0xa31272be3128
0x4037aa,0xa31272b74728
0x4037ba,0xd79e62b85700
0x4037aa,0xa31272be5128
0x4037aa,0xa31272b9c528
0x4037aa,0xa31272b56768
0x4037ba,0xa21321b8980
0x4037aa,0xff25d81ded68
0x4037aa,0xff25d81e0d68
0x4037aa,0xff25d81bbf68
0x4037ba,0xd79e62a70f90
0x4037aa,0xa31272b62768
0x4037ba,0xd79e62b54f80
0x4037aa,0xa31272b8b568
0x4037aa,0xa31272bb1368
0x4037ba,0xd79e62a67298
0x4037aa,0xa31272b93568
0x4037c1,0xa2132205328
0x4037aa,0xa31272b76768
0x4037ba,0xd79e62ac5330
0x4037aa,0xff25d81b0fa8
0x4037c1,0xa21321b6430
0x4037aa,0xe7c8f48d7a8
0x4037aa,0xff25d81b4fa8
0x4037ba,0xd79e62b6c1d8
0x4037aa,0xff25d81dbda8
0x4037aa,0xa31272ba63a8
0x4037aa,0xa31272b389a8
0x4037aa,0xff25d81b9fa8
0x4037c1,0xd79e62c098d0
0x4037aa,0xa31272bab3a8
0x4037ba,0xea20631ebe0
0x4037aa,0xa31272b865a8
0x4037aa,0xff25d8208ba8
0x4037c1,0xd79e62a73550
0x4037aa,0xa31272b409a8
0x4037aa,0xa31272bb13a8
0x4037ba,0xd79e62a67230
0x4037aa,0xff25d81ecda8
0x4037ba,0x28e837cf1398
0x4037aa,0xa31272b6d7a8
0x4037aa,0xa31272b28ba8
0x4037aa,0xa31272be01a8
0x4037c1,0xa21321f9f90
0x4037aa,0xa31272be11a8
0x4037aa,0xff25d81d0fa8
0x4037aa,0xa31272b509a8
0x4037aa,0xff25d81d4fa8
0x4037ba,0x28e837d5ed78
0x4037aa,0xff25d81febe8
0x4037c1,0xa2132201c40
0x4037ba,0xd79e62bfbd98
0x4037aa,0xa31272ba23e8
0x4037ba,0xd79e62b8bc88
0x4037aa,0xff25d81b8fe8
0x4037ba,0xd79e62beb570
0x4037aa,0xa31272bcc1e8
0x4037c1,0xd79e62c27208
0x4037aa,0xa31272bd31e8
0x4037aa,0xa31272b647e8
0x4037ba,0x28e837e20d68
0x4037aa,0xa31272b925e8
0x4037ba,0xa1abd8027210
0x4037aa,0xff25d81cdfe8
0x4037ba,0x28e837d113a0
0x4037aa,0xa31272bc23e8
0x4037ba,0xa213218b570
0x4037aa,0xa31272bc7228
0x4037ba,0xa2132195250
0x4037ba,0xea206300998
0x4037aa,0xa31272b47a28
0x4037aa,0xa31272bb6428
0x4037ba,0x28e837e731d8
0x4037aa,0xa31272b6e828
0x4037aa,0xff25d81f1e28
0x4037ba,0x28e837d610e0
0x4037aa,0xa31272be7228
0x4037ba,0xd79e62b4e828
0x4037aa,0xff25d81fdc68
0x4037ba,0xd79e62ae1c48
0x4037aa,0xff25d8201c68
0x4037aa,0xff25d8207c68
0x4037ba,0x28e837d59128
0x4037aa,0xa31272bd5268
0x4037ba,0xa1abd804bc90
0x4037aa,0xa31272b8c668
0x4037aa,0xa31272b21c68
0x4037aa,0xa31272b27c68
0x4037aa,0xa31272bc72a8
0x4037ba,0x28e837e50f88
0x4037ba,0x28e837cfe508
0x4037ba,0xa1abd800d798
0x4037aa,0xff25d820bca8
0x4037aa,0xa31272b45aa8
0x4037aa,0xff25d81f2ea8
0x4037ba,0x28e837de98e0
0x4037aa,0xa31272b2bca8
0x4037c1,0xd79e62c47cc0
0x4037aa,0xa31272be72a8
0x4037aa,0xa31272b608e8
0x4037aa,0xff25d8207ce8
0x4037ba,0xd79e62a931f8
0x4037aa,0xa31272b698e8
0x4037aa,0xa31272c010e8
0x4037aa,0xa31272b27ce8
0x4037aa,0xff25d81f2ee8
0x4037ba,0x28e837d98fd0
0x4037ba,0xd79e62ae5118
0x4037aa,0xa31272bba4e8
0x4037aa,0xa31272b9e528
0x4037ba,0xa1abd8019110
0x4037aa,0xa31272bc5328
0x4037ba,0x28e837cf09b8
0x4037ba,0x28e837dd3d08
0x4037aa,0xa31272bf5128
0x4037aa,0xa31272b85728
0x4037aa,0xa31272bf9128
0x4037c1,0xa1abd7fe7220
0x4037ba,0x28e837e51388
0x4037ba,0x28e837c925f0
0x4037aa,0xa31272c03128
0x4037aa,0xa31272b94728
0x4037aa,0xa31272c05128
0x4037aa,0xa31272bbc528
0x4037ba,0xd79e62a9e528
0x4037aa,0xa31272bbe528
0x4037aa,0xa31272be5328
0x4037ba,0xd79e62b5ebd0
0x4037ba,0x28e837dd6c10
0x4037aa,0xff25d81fed68
0x4037aa,0xff25d81dbf68
0x4037aa,0xff25d8200d68
0x4037aa,0xa31272b82768
0x4037aa,0xa31272bab568
