Seed,alpha,BH_FDR,BH_Power,BH_Boundary_Error,DominoP_FDR,DominoP_Power,DominoP_Boundary_Error,Dual_FDR,Dual_Power,Dual_Boundary_Error,SL_FDR,SL_Power,SL_Boundary_Error,DominoE_FDR,DominoE_Power,DominoE_Boundary_Error,Domino2_FDR,Domino2_Power,Domino2_Boundary_Error,Domino3_FDR,Domino3_Power,Domino3_Boundary_Error,Domino4_FDR,Domino4_Power,Domino4_Boundary_Error,Domino5_FDR,Domino5_Power,Domino5_Boundary_Error,Domino2E_FDR,Domino2E_Power,Domino2E_Boundary_Error,Domino3E_FDR,Domino3E_Power,Domino3E_Boundary_Error,Domino4E_FDR,Domino4E_Power,Domino4E_Boundary_Error,Domino5E_FDR,Domino5E_Power,Domino5E_Boundary_Error,Simes_FDR,Simes_Power,Simes_Boundary_Error,Cauchy_FDR,Cauchy_Power,Cauchy_Boundary_Error,AverageP_FDR,AverageP_Power,AverageP_Boundary_Error
1,0.05,0.9518348623853211,0.9540229885057471,1,0.9946091644204852,0.8482758620689655,0,0.9946091644204852,0.8482758620689655,0,0.989821882951654,0.8942528735632184,0,0.9972375690607734,0.8298850574712644,0,0.989821882951654,0.8942528735632184,0,0.989821882951654,0.8942528735632184,0,0.9848101265822785,0.8942528735632184,0,0.9849246231155779,0.9011494252873563,0,0.9945652173913043,0.8413793103448276,0,0.9945945945945946,0.8459770114942529,0,0.9946236559139785,0.8505747126436781,0,0.9946524064171123,0.8551724137931035,0,0.9922680412371134,0.8850574712643678,1,0.9922680412371134,0.8850574712643678,1,1.0,0.0,0
2,0.05,0.9604651162790697,0.9494252873563218,1,0.9972972972972973,0.8482758620689655,0,0.9972972972972973,0.8482758620689655,0,0.9974619289340102,0.903448275862069,0,0.9972375690607734,0.8298850574712644,0,0.9974358974358974,0.8942528735632184,0,0.9974489795918368,0.8988505747126436,0,0.9974619289340102,0.903448275862069,0,0.9974619289340102,0.903448275862069,0,0.9972677595628415,0.8390804597701149,0,0.997289972899729,0.8459770114942529,0,0.9973045822102425,0.8505747126436781,0,0.9973118279569892,0.8528735632183908,0,0.9974093264248705,0.8850574712643678,0,0.9974093264248705,0.8850574712643678,0,1.0,0.0,0
3,0.05,0.9466357308584686,0.9379310344827586,1,0.9946380697050938,0.8528735632183908,0,0.9946380697050938,0.8528735632183908,0,0.9897172236503856,0.8850574712643678,0,0.997229916897507,0.8275862068965517,0,0.9897172236503856,0.8850574712643678,0,0.9871794871794872,0.8850574712643678,0,0.9846938775510204,0.8873563218390804,0,0.9846938775510204,0.8873563218390804,0,0.994535519125683,0.8367816091954023,0,0.9945652173913043,0.8413793103448276,0,0.994579945799458,0.8436781609195402,0,0.9946091644204852,0.8482758620689655,0,0.9921875,0.8758620689655172,1,0.9921875,0.8758620689655172,1,1.0,0.0,0
4,0.05,0.9495412844036697,0.9517241379310345,1,0.9973544973544973,0.8666666666666667,0,0.9973544973544973,0.8666666666666667,0,0.9897959183673469,0.8919540229885058,0,0.9972826086956522,0.8436781609195402,0,0.9897959183673469,0.8919540229885058,0,0.9897959183673469,0.8919540229885058,0,0.9872773536895675,0.8919540229885058,0,0.9873417721518988,0.896551724137931,0,0.9972972972972973,0.8482758620689655,0,0.9973190348525469,0.8551724137931035,0,0.9973333333333333,0.8597701149425288,0,0.9973614775725593,0.8689655172413793,0,0.9922680412371134,0.8850574712643678,1,0.9922680412371134,0.8850574712643678,1,1.0,0.0,0
5,0.05,0.9716312056737588,0.9448275862068966,0,0.9972527472527473,0.8344827586206897,0,0.9972527472527473,0.8344827586206897,0,0.989769820971867,0.8896551724137931,0,0.9971910112359551,0.8160919540229885,0,0.9948186528497409,0.8827586206896552,0,0.9922680412371134,0.8850574712643678,0,0.9897435897435898,0.8873563218390804,0,0.989769820971867,0.8896551724137931,0,0.9972222222222222,0.825287356321839,0,0.9972527472527473,0.8344827586206897,0,0.994535519125683,0.8367816091954023,0,0.9945652173913043,0.8413793103448276,0,0.9947643979057592,0.8735632183908046,0,0.9947643979057592,0.8735632183908046,0,1.0,0.0,0
6,0.05,0.9287305122494433,0.9586206896551724,1,0.9948453608247423,0.8873563218390804,0,0.9948453608247423,0.8873563218390804,0,0.9782608695652174,0.9310344827586207,0,0.9947643979057592,0.8735632183908046,0,0.9802955665024631,0.9149425287356322,0,0.980440097799511,0.9218390804597701,0,0.9781021897810219,0.9241379310344827,0,0.9782608695652174,0.9310344827586207,0,0.9947916666666666,0.8781609195402299,0,0.9948186528497409,0.8827586206896552,0,0.9948453608247423,0.8873563218390804,0,0.9948717948717949,0.8919540229885058,0,0.9826302729528535,0.9103448275862069,1,0.9826302729528535,0.9103448275862069,1,1.0,0.0,0
7,0.05,0.9235955056179775,0.9448275862068966,1,0.9947643979057592,0.8735632183908046,0,0.9947643979057592,0.8735632183908046,0,0.9778869778869779,0.9149425287356322,0,0.9946666666666667,0.8574712643678161,0,0.9799498746867168,0.8988505747126436,0,0.9800995024875622,0.9057471264367816,0,0.9778869778869779,0.9149425287356322,0,0.9778869778869779,0.9149425287356322,0,0.9947089947089947,0.864367816091954,0,0.9947368421052631,0.8689655172413793,0,0.9947643979057592,0.8735632183908046,0,0.9947780678851175,0.8758620689655172,0,0.9822784810126582,0.8919540229885058,1,0.9822784810126582,0.8919540229885058,1,1.0,0.0,0
8,0.05,0.9452054794520548,0.9517241379310345,1,0.9973333333333333,0.8597701149425288,0,0.9973333333333333,0.8597701149425288,0,0.9923857868020305,0.8988505747126436,0,0.997289972899729,0.8459770114942529,0,0.9923857868020305,0.8988505747126436,0,0.9923857868020305,0.8988505747126436,0,0.9873737373737373,0.8988505747126436,0,0.987468671679198,0.9057471264367816,0,0.9973190348525469,0.8551724137931035,0,0.9973262032085561,0.8574712643678161,0,0.9973404255319149,0.8620689655172413,0,0.9973474801061007,0.864367816091954,0,0.9974293059125964,0.8919540229885058,0,0.9974293059125964,0.8919540229885058,0,1.0,0.0,0
9,0.05,0.9626168224299065,0.9471264367816092,1,0.9973262032085561,0.8574712643678161,0,0.9973262032085561,0.8574712643678161,0,0.9949622166246851,0.9080459770114943,0,0.9972826086956522,0.8436781609195402,0,0.9949109414758269,0.8988505747126436,0,0.9949367088607595,0.903448275862069,0,0.9949622166246851,0.9080459770114943,0,0.9949622166246851,0.9080459770114943,0,0.9972972972972973,0.8482758620689655,0,0.9973262032085561,0.8574712643678161,0,0.9973333333333333,0.8597701149425288,0,0.9973474801061007,0.864367816091954,0,0.9974160206718347,0.8873563218390804,0,0.9974160206718347,0.8873563218390804,0,1.0,0.0,0
10,0.05,0.9605568445475638,0.9517241379310345,1,0.9973045822102425,0.8505747126436781,0,0.9973045822102425,0.8505747126436781,0,0.9923857868020305,0.8988505747126436,0,0.9972602739726028,0.8367816091954023,0,0.9923857868020305,0.8988505747126436,0,0.9923857868020305,0.8988505747126436,0,0.9923857868020305,0.8988505747126436,0,0.9898734177215189,0.8988505747126436,0,0.997289972899729,0.8459770114942529,0,0.9973045822102425,0.8505747126436781,0,0.9973118279569892,0.8528735632183908,0,0.9973262032085561,0.8574712643678161,0,0.9974358974358974,0.8942528735632184,0,0.9974358974358974,0.8942528735632184,0,1.0,0.0,0
11,0.05,0.9649532710280374,0.9494252873563218,1,0.9947368421052631,0.8689655172413793,0,0.9947368421052631,0.8689655172413793,0,0.9949748743718593,0.9103448275862069,0,0.9973045822102425,0.8505747126436781,0,0.9949748743718593,0.9103448275862069,0,0.9949874686716792,0.9126436781609195,0,0.9949874686716792,0.9126436781609195,0,0.9949874686716792,0.9126436781609195,0,0.9973404255319149,0.8620689655172413,0,0.9947229551451188,0.8666666666666667,0,0.9947643979057592,0.8735632183908046,0,0.9947780678851175,0.8758620689655172,0,0.9949622166246851,0.9080459770114943,0,0.9949622166246851,0.9080459770114943,0,1.0,0.0,0
12,0.05,0.9601873536299765,0.9425287356321839,0,0.997275204359673,0.8413793103448276,0,0.997275204359673,0.8413793103448276,0,0.9923857868020305,0.8988505747126436,0,0.9972067039106145,0.8206896551724138,0,0.9948717948717949,0.8919540229885058,0,0.9923857868020305,0.8988505747126436,0,0.9923857868020305,0.8988505747126436,0,0.9898734177215189,0.8988505747126436,0,0.9972451790633609,0.832183908045977,0,0.9972677595628415,0.8390804597701149,0,0.9972826086956522,0.8436781609195402,0,0.997289972899729,0.8459770114942529,0,0.9974025974025974,0.8827586206896552,0,0.9974025974025974,0.8827586206896552,0,1.0,0.0,0
13,0.05,0.9493087557603687,0.9471264367816092,1,0.9947780678851175,0.8758620689655172,0,0.9947780678851175,0.8758620689655172,0,0.9873737373737373,0.8988505747126436,1,0.9945945945945946,0.8459770114942529,1,0.9873737373737373,0.8988505747126436,0,0.9848866498740554,0.8988505747126436,0,0.9849246231155779,0.9011494252873563,0,0.9849246231155779,0.9011494252873563,0,0.9946666666666667,0.8574712643678161,0,0.9946949602122016,0.8620689655172413,0,0.9947368421052631,0.8689655172413793,0,0.9947780678851175,0.8758620689655172,0,0.9898477157360406,0.896551724137931,1,0.9898477157360406,0.896551724137931,1,1.0,0.0,0
14,0.05,0.980722891566265,0.9356321839080459,1,1.0,0.8045977011494253,0,1.0,0.8045977011494253,0,0.9973544973544973,0.8666666666666667,0,1.0,0.7908045977011494,0,0.9973474801061007,0.864367816091954,0,0.9973614775725593,0.8689655172413793,0,0.9973753280839895,0.8735632183908046,0,0.9973753280839895,0.8735632183908046,0,1.0,0.8022988505747126,0,1.0,0.8068965517241379,0,1.0,0.8091954022988506,0,1.0,0.8137931034482758,0,0.9972826086956522,0.8436781609195402,0,0.9972826086956522,0.8436781609195402,0,1.0,0.0,0
15,0.05,0.9672131147540983,0.9494252873563218,1,1.0,0.8505747126436781,0,1.0,0.8505747126436781,0,0.9974358974358974,0.8942528735632184,0,1.0,0.8275862068965517,0,0.9974358974358974,0.8942528735632184,0,0.9974424552429667,0.896551724137931,0,0.9923664122137404,0.896551724137931,0,0.9898734177215189,0.8988505747126436,0,1.0,0.8436781609195402,0,1.0,0.8505747126436781,0,1.0,0.8551724137931035,0,0.9973333333333333,0.8597701149425288,0,0.9974160206718347,0.8873563218390804,0,0.9974160206718347,0.8873563218390804,0,1.0,0.0,0
16,0.05,0.9624413145539906,0.9425287356321839,1,0.9946091644204852,0.8482758620689655,0,0.9946091644204852,0.8482758620689655,0,0.9898477157360406,0.896551724137931,0,0.9972375690607734,0.8298850574712644,0,0.9922680412371134,0.8850574712643678,0,0.989769820971867,0.8896551724137931,0,0.9898477157360406,0.896551724137931,0,0.9898477157360406,0.896551724137931,0,0.9972677595628415,0.8390804597701149,0,0.9946091644204852,0.8482758620689655,0,0.9946236559139785,0.8505747126436781,0,0.9946524064171123,0.8551724137931035,0,0.9948051948051948,0.8804597701149425,0,0.9948051948051948,0.8804597701149425,0,1.0,0.0,0
17,0.05,0.9665871121718377,0.9310344827586207,1,1.0,0.8206896551724138,0,1.0,0.8206896551724138,0,0.9922480620155039,0.8827586206896552,0,1.0,0.7908045977011494,0,1.0,0.8735632183908046,0,0.9947780678851175,0.8758620689655172,0,0.9921875,0.8758620689655172,0,0.9922480620155039,0.8827586206896552,0,1.0,0.8068965517241379,0,1.0,0.8137931034482758,0,1.0,0.8206896551724138,0,1.0,0.825287356321839,0,1.0,0.8620689655172413,0,1.0,0.8620689655172413,0,1.0,0.0,0
18,0.05,0.9489559164733179,0.9402298850574713,1,0.9945652173913043,0.8413793103448276,0,0.9945652173913043,0.8413793103448276,0,0.9872773536895675,0.8919540229885058,0,0.9972144846796658,0.8229885057471265,0,0.9872773536895675,0.8919540229885058,0,0.9872773536895675,0.8919540229885058,0,0.9847715736040609,0.8919540229885058,0,0.9848101265822785,0.8942528735632184,0,0.9945205479452055,0.8344827586206897,0,0.9945504087193461,0.8390804597701149,0,0.9945652173913043,0.8413793103448276,0,0.9945945945945946,0.8459770114942529,0,0.9897172236503856,0.8850574712643678,1,0.9897172236503856,0.8850574712643678,1,1.0,0.0,0
19,0.05,0.9737470167064439,0.9379310344827586,0,1.0,0.8137931034482758,0,1.0,0.8137931034482758,0,1.0,0.8942528735632184,0,1.0,0.7954022988505747,0,1.0,0.8781609195402299,0,1.0,0.8896551724137931,0,1.0,0.8942528735632184,0,0.9974358974358974,0.8942528735632184,0,1.0,0.8068965517241379,0,1.0,0.8160919540229885,0,1.0,0.8183908045977012,0,1.0,0.8229885057471265,0,1.0,0.8666666666666667,0,1.0,0.8666666666666667,0,1.0,0.0,0
20,0.05,0.969047619047619,0.9356321839080459,0,1.0,0.8229885057471265,0,1.0,0.8229885057471265,0,0.9948849104859335,0.8942528735632184,0,1.0,0.7954022988505747,0,0.9973753280839895,0.8735632183908046,0,0.9974025974025974,0.8827586206896552,0,0.9948186528497409,0.8827586206896552,0,0.9948453608247423,0.8873563218390804,0,1.0,0.8114942528735632,0,1.0,0.8206896551724138,0,1.0,0.825287356321839,0,1.0,0.8298850574712644,0,0.9973474801061007,0.864367816091954,0,0.9973474801061007,0.864367816091954,0,1.0,0.0,0
21,0.05,0.9478458049886621,0.960919540229885,1,0.9972972972972973,0.8482758620689655,0,0.9972972972972973,0.8482758620689655,0,0.989821882951654,0.8942528735632184,0,0.997275204359673,0.8413793103448276,0,0.989769820971867,0.8896551724137931,0,0.989821882951654,0.8942528735632184,0,0.9873096446700508,0.8942528735632184,0,0.9873737373737373,0.8988505747126436,0,0.9972972972972973,0.8482758620689655,0,0.9973045822102425,0.8505747126436781,0,0.9973190348525469,0.8551724137931035,0,0.9973262032085561,0.8574712643678161,0,0.9948186528497409,0.8827586206896552,1,0.9948186528497409,0.8827586206896552,1,1.0,0.0,0
22,0.05,0.9608294930875576,0.9586206896551724,1,0.9973474801061007,0.864367816091954,0,0.9973474801061007,0.864367816091954,0,0.9925,0.9126436781609195,1,0.9972972972972973,0.8482758620689655,0,0.9949874686716792,0.9126436781609195,0,0.9925,0.9126436781609195,0,0.9925187032418953,0.9149425287356322,0,0.9925187032418953,0.9149425287356322,0,0.9973262032085561,0.8574712643678161,0,0.9973474801061007,0.864367816091954,0,0.9973544973544973,0.8666666666666667,0,0.9973684210526316,0.871264367816092,0,0.9974747474747475,0.9080459770114943,0,0.9974747474747475,0.9080459770114943,0,1.0,0.0,0
23,0.05,0.9742388758782201,0.9563218390804598,1,0.9972602739726028,0.8367816091954023,0,0.9972602739726028,0.8367816091954023,0,0.9974554707379135,0.9011494252873563,0,0.9972067039106145,0.8206896551724138,0,0.9974358974358974,0.8942528735632184,0,0.9974489795918368,0.8988505747126436,0,0.9974619289340102,0.903448275862069,0,0.9974619289340102,0.903448275862069,0,0.9972451790633609,0.832183908045977,0,0.9972677595628415,0.8390804597701149,0,0.9972826086956522,0.8436781609195402,0,0.997289972899729,0.8459770114942529,0,0.9974025974025974,0.8827586206896552,0,0.9974025974025974,0.8827586206896552,0,1.0,0.0,0
24,0.05,0.9539170506912442,0.9517241379310345,0,0.9946666666666667,0.8574712643678161,0,0.9946666666666667,0.8574712643678161,0,0.9874371859296482,0.903448275862069,0,0.9972677595628415,0.8390804597701149,0,0.9874371859296482,0.903448275862069,0,0.9874371859296482,0.903448275862069,0,0.9849624060150376,0.903448275862069,0,0.9850746268656716,0.9103448275862069,0,0.9945945945945946,0.8459770114942529,0,0.9946236559139785,0.8505747126436781,0,0.9946666666666667,0.8574712643678161,0,0.9946949602122016,0.8620689655172413,0,0.9923469387755102,0.8942528735632184,1,0.9923469387755102,0.8942528735632184,1,1.0,0.0,0
25,0.05,0.9648711943793911,0.9471264367816092,0,0.997275204359673,0.8413793103448276,0,0.997275204359673,0.8413793103448276,0,0.9924050632911392,0.9011494252873563,0,0.9972222222222222,0.825287356321839,0,0.9923076923076923,0.8896551724137931,1,0.9923664122137404,0.896551724137931,0,0.9924050632911392,0.9011494252873563,0,0.9924050632911392,0.9011494252873563,0,0.9972527472527473,0.8344827586206897,0,0.997275204359673,0.8413793103448276,0,0.997289972899729,0.8459770114942529,0,0.9972972972972973,0.8482758620689655,0,0.9974093264248705,0.8850574712643678,0,0.9974160206718347,0.8873563218390804,0,1.0,0.0,0
26,0.05,0.9205298013245033,0.9586206896551724,1,0.9948586118251928,0.8896551724137931,0,0.9948586118251928,0.8896551724137931,0,0.9828850855745721,0.9241379310344827,0,0.9946949602122016,0.8620689655172413,0,0.9826302729528535,0.9103448275862069,0,0.9827160493827161,0.9149425287356322,0,0.9828431372549019,0.9218390804597701,0,0.9828850855745721,0.9241379310344827,0,0.9947916666666666,0.8781609195402299,0,0.9948186528497409,0.8827586206896552,0,0.9948453608247423,0.8873563218390804,0,0.9948717948717949,0.8919540229885058,0,0.9874371859296482,0.903448275862069,1,0.9849624060150376,0.903448275862069,1,1.0,0.0,0
27,0.05,0.9694117647058823,0.9471264367816092,1,0.9946380697050938,0.8528735632183908,0,0.9946380697050938,0.8528735632183908,0,0.9948979591836735,0.896551724137931,0,0.9972375690607734,0.8298850574712644,0,0.9948979591836735,0.896551724137931,0,0.9923664122137404,0.896551724137931,0,0.9923857868020305,0.8988505747126436,0,0.9923857868020305,0.8988505747126436,0,0.9972677595628415,0.8390804597701149,0,0.9946091644204852,0.8482758620689655,0,0.9946524064171123,0.8551724137931035,0,0.9946666666666667,0.8574712643678161,0,0.9948586118251928,0.8896551724137931,0,0.9948717948717949,0.8919540229885058,0,1.0,0.0,0
28,0.05,0.9491916859122402,0.9448275862068966,0,0.9946949602122016,0.8620689655172413,0,0.9946949602122016,0.8620689655172413,0,0.9797979797979798,0.8919540229885058,0,0.9945205479452055,0.8344827586206897,0,0.9871794871794872,0.8850574712643678,0,0.9821428571428571,0.8850574712643678,0,0.9822335025380711,0.8896551724137931,0,0.9797979797979798,0.8919540229885058,0,0.9945504087193461,0.8390804597701149,0,0.9946091644204852,0.8482758620689655,0,0.9946949602122016,0.8620689655172413,0,0.9947089947089947,0.864367816091954,0,0.9870801033591732,0.8781609195402299,1,0.9870801033591732,0.8781609195402299,1,1.0,0.0,0
29,0.05,0.9785202863961814,0.9425287356321839,1,1.0,0.8206896551724138,0,1.0,0.8206896551724138,0,1.0,0.8942528735632184,0,1.0,0.7954022988505747,0,1.0,0.8781609195402299,0,1.0,0.8850574712643678,0,1.0,0.8896551724137931,0,1.0,0.8942528735632184,0,1.0,0.8091954022988506,0,1.0,0.8160919540229885,0,1.0,0.8229885057471265,0,1.0,0.825287356321839,0,1.0,0.871264367816092,0,1.0,0.871264367816092,0,1.0,0.0,0
30,0.05,0.9582366589327146,0.9494252873563218,0,0.9973045822102425,0.8505747126436781,0,0.9973045822102425,0.8505747126436781,0,0.9924433249370277,0.9057471264367816,0,1.0,0.825287356321839,0,0.9923664122137404,0.896551724137931,1,0.9924242424242424,0.903448275862069,0,0.9924433249370277,0.9057471264367816,0,0.9924433249370277,0.9057471264367816,0,1.0,0.8344827586206897,0,0.997289972899729,0.8459770114942529,0,0.9973118279569892,0.8528735632183908,0,0.9973190348525469,0.8551724137931035,0,0.9974226804123711,0.8896551724137931,0,0.9974293059125964,0.8919540229885058,0,1.0,0.0,0
31,0.05,0.9714964370546318,0.9402298850574713,0,1.0,0.8160919540229885,0,1.0,0.8160919540229885,0,0.9897959183673469,0.8919540229885058,0,1.0,0.8,0,0.9973684210526316,0.871264367816092,0,0.9973890339425587,0.8781609195402299,0,0.9948186528497409,0.8827586206896552,0,0.9922480620155039,0.8827586206896552,0,1.0,0.8114942528735632,0,1.0,0.8160919540229885,0,1.0,0.8206896551724138,0,1.0,0.825287356321839,0,0.9973190348525469,0.8551724137931035,0,0.9973333333333333,0.8597701149425288,0,1.0,0.0,0
32,0.05,0.9760765550239234,0.9379310344827586,0,0.997275204359673,0.8413793103448276,0,0.997275204359673,0.8413793103448276,0,0.9974226804123711,0.8896551724137931,0,0.9972067039106145,0.8206896551724138,0,0.9974160206718347,0.8873563218390804,0,0.9974226804123711,0.8896551724137931,0,0.9974226804123711,0.8896551724137931,0,0.9974226804123711,0.8896551724137931,0,0.9972527472527473,0.8344827586206897,0,0.9972677595628415,0.8390804597701149,0,0.997275204359673,0.8413793103448276,0,0.997289972899729,0.8459770114942529,0,0.9973821989528796,0.8758620689655172,0,0.9973821989528796,0.8758620689655172,0,1.0,0.0,0
33,0.05,0.9605568445475638,0.9517241379310345,0,0.997289972899729,0.8459770114942529,0,0.997289972899729,0.8459770114942529,0,0.9924242424242424,0.903448275862069,0,0.9972451790633609,0.832183908045977,0,0.9923664122137404,0.896551724137931,0,0.9924242424242424,0.903448275862069,0,0.9924242424242424,0.903448275862069,0,0.9874371859296482,0.903448275862069,0,0.997289972899729,0.8459770114942529,0,0.9972972972972973,0.8482758620689655,0,0.9973045822102425,0.8505747126436781,0,0.9973190348525469,0.8551724137931035,0,0.9974160206718347,0.8873563218390804,0,0.9974160206718347,0.8873563218390804,0,1.0,0.0,0
34,0.05,0.9551886792452831,0.9310344827586207,0,0.9945205479452055,0.8344827586206897,0,0.9945205479452055,0.8344827586206897,0,0.9897435897435898,0.8873563218390804,0,0.9971988795518207,0.8183908045977012,0,0.9922680412371134,0.8850574712643678,0,0.9897435897435898,0.8873563218390804,0,0.9897435897435898,0.8873563218390804,0,0.9846938775510204,0.8873563218390804,0,0.994475138121547,0.8275862068965517,0,0.9945205479452055,0.8344827586206897,0,0.994535519125683,0.8367816091954023,0,0.9945652173913043,0.8413793103448276,0,0.9948051948051948,0.8804597701149425,0,0.9948051948051948,0.8804597701149425,0,1.0,0.0,0
35,0.05,0.969047619047619,0.9356321839080459,1,1.0,0.8459770114942529,0,1.0,0.8459770114942529,0,0.9974226804123711,0.8896551724137931,0,1.0,0.8206896551724138,0,0.9974025974025974,0.8827586206896552,0,0.9974160206718347,0.8873563218390804,0,0.9948586118251928,0.8896551724137931,0,0.9948586118251928,0.8896551724137931,0,1.0,0.8344827586206897,0,1.0,0.8390804597701149,0,1.0,0.8459770114942529,0,0.9972972972972973,0.8482758620689655,0,0.9973684210526316,0.871264367816092,0,0.9973684210526316,0.871264367816092,0,1.0,0.0,0
36,0.05,0.9760765550239234,0.9379310344827586,0,1.0,0.8275862068965517,0,1.0,0.8275862068965517,0,0.9974093264248705,0.8850574712643678,0,1.0,0.8045977011494253,0,0.9974093264248705,0.8850574712643678,0,0.9974160206718347,0.8873563218390804,0,0.9974226804123711,0.8896551724137931,0,0.9948586118251928,0.8896551724137931,0,1.0,0.8160919540229885,0,1.0,0.8275862068965517,0,1.0,0.832183908045977,0,1.0,0.8344827586206897,0,0.9973614775725593,0.8689655172413793,0,0.9973753280839895,0.8735632183908046,0,1.0,0.0,0
37,0.05,0.964622641509434,0.9402298850574713,0,0.9972972972972973,0.8482758620689655,0,0.9972972972972973,0.8482758620689655,0,0.989821882951654,0.8942528735632184,0,1.0,0.8298850574712644,0,0.9974093264248705,0.8850574712643678,0,0.9922879177377892,0.8873563218390804,0,0.989769820971867,0.8896551724137931,0,0.989821882951654,0.8942528735632184,0,1.0,0.8390804597701149,0,1.0,0.8436781609195402,0,0.9972972972972973,0.8482758620689655,0,0.9973118279569892,0.8528735632183908,0,0.9973890339425587,0.8781609195402299,0,0.9973890339425587,0.8781609195402299,0,1.0,0.0,0
38,0.05,0.9266666666666666,0.9586206896551724,1,0.9949109414758269,0.8988505747126436,0,0.9949109414758269,0.8988505747126436,0,0.9782082324455206,0.9287356321839081,0,0.9948453608247423,0.8873563218390804,0,0.9802955665024631,0.9149425287356322,0,0.980440097799511,0.9218390804597701,0,0.9782082324455206,0.9287356321839081,0,0.9782082324455206,0.9287356321839081,0,0.9948717948717949,0.8919540229885058,0,0.9948849104859335,0.8942528735632184,0,0.9949109414758269,0.8988505747126436,0,0.9949367088607595,0.903448275862069,0,0.9826302729528535,0.9103448275862069,1,0.9826302729528535,0.9103448275862069,1,1.0,0.0,0
39,0.05,0.9670588235294117,0.9448275862068966,1,0.9973262032085561,0.8574712643678161,0,0.9973262032085561,0.8574712643678161,0,0.9925,0.9126436781609195,1,0.997275204359673,0.8413793103448276,0,0.9974747474747475,0.9080459770114943,0,0.9949748743718593,0.9103448275862069,0,0.9925,0.9126436781609195,0,0.9925187032418953,0.9149425287356322,0,0.9973118279569892,0.8528735632183908,0,0.9973262032085561,0.8574712643678161,0,0.9973474801061007,0.864367816091954,0,0.9973684210526316,0.871264367816092,0,0.9974619289340102,0.903448275862069,0,0.9974619289340102,0.903448275862069,0,1.0,0.0,0
40,0.05,0.960093896713615,0.9402298850574713,1,1.0,0.8436781609195402,0,1.0,0.8436781609195402,0,0.9923664122137404,0.896551724137931,0,1.0,0.8275862068965517,0,1.0,0.8873563218390804,0,0.9948586118251928,0.8896551724137931,0,0.9923469387755102,0.8942528735632184,0,0.9923664122137404,0.896551724137931,0,1.0,0.832183908045977,0,1.0,0.8367816091954023,0,1.0,0.8436781609195402,0,1.0,0.8482758620689655,0,1.0,0.8827586206896552,0,1.0,0.8827586206896552,0,1.0,0.0,0
41,0.05,0.9325842696629214,0.9540229885057471,1,0.9948186528497409,0.8827586206896552,0,0.9948186528497409,0.8827586206896552,0,0.9824561403508771,0.9011494252873563,1,0.9947229551451188,0.8666666666666667,0,0.9825,0.903448275862069,0,0.9825,0.903448275862069,0,0.9826302729528535,0.9103448275862069,0,0.9801980198019802,0.9103448275862069,0,0.9948051948051948,0.8804597701149425,0,0.9948186528497409,0.8827586206896552,0,0.9948320413436692,0.8850574712643678,0,0.9948586118251928,0.8896551724137931,0,0.9874055415617129,0.9011494252873563,0,0.9874055415617129,0.9011494252873563,0,1.0,0.0,0
42,0.05,0.9557109557109558,0.9425287356321839,1,0.9944444444444445,0.8229885057471265,0,0.9944444444444445,0.8229885057471265,0,0.9923857868020305,0.8988505747126436,0,0.997134670487106,0.8,0,0.9948717948717949,0.8919540229885058,0,0.9923469387755102,0.8942528735632184,0,0.9923857868020305,0.8988505747126436,0,0.9923857868020305,0.8988505747126436,0,0.9971671388101983,0.8091954022988506,0,0.9971910112359551,0.8160919540229885,0,0.9944444444444445,0.8229885057471265,0,0.9944903581267217,0.8298850574712644,0,0.9948186528497409,0.8827586206896552,0,0.9948186528497409,0.8827586206896552,0,1.0,0.0,0
43,0.05,0.9716981132075472,0.9471264367816092,1,1.0,0.825287356321839,0,1.0,0.825287356321839,0,1.0,0.8735632183908046,0,1.0,0.7977011494252874,0,1.0,0.8735632183908046,0,1.0,0.8735632183908046,0,1.0,0.8804597701149425,0,1.0,0.8804597701149425,0,1.0,0.8091954022988506,0,1.0,0.8229885057471265,0,1.0,0.8275862068965517,0,1.0,0.832183908045977,0,1.0,0.864367816091954,0,1.0,0.864367816091954,0,1.0,0.0,0
44,0.05,0.9630484988452656,0.9586206896551724,0,0.9946949602122016,0.8620689655172413,0,0.9946949602122016,0.8620689655172413,0,0.9925187032418953,0.9149425287356322,0,0.9972826086956522,0.8436781609195402,0,0.9925,0.9126436781609195,0,0.9925373134328358,0.9172413793103448,0,0.9925373134328358,0.9172413793103448,0,0.9925373134328358,0.9172413793103448,0,0.9973118279569892,0.8528735632183908,0,0.9946949602122016,0.8620689655172413,0,0.9947229551451188,0.8666666666666667,0,0.9947368421052631,0.8689655172413793,0,0.9949367088607595,0.903448275862069,0,0.9949622166246851,0.9080459770114943,0,1.0,0.0,0
45,0.05,0.9623529411764706,0.9402298850574713,0,0.9946666666666667,0.8574712643678161,0,0.9946666666666667,0.8574712643678161,0,0.9872773536895675,0.8919540229885058,0,0.9972451790633609,0.832183908045977,0,0.9872122762148338,0.8873563218390804,0,0.9872773536895675,0.8919540229885058,0,0.9847715736040609,0.8919540229885058,0,0.9848101265822785,0.8942528735632184,0,0.9945945945945946,0.8459770114942529,0,0.9946236559139785,0.8505747126436781,0,0.9946524064171123,0.8551724137931035,0,0.9946808510638298,0.8597701149425288,0,0.9948320413436692,0.8850574712643678,0,0.9948320413436692,0.8850574712643678,0,1.0,0.0,0
46,0.05,0.9716312056737588,0.9448275862068966,0,1.0,0.825287356321839,0,1.0,0.825287356321839,0,0.9898477157360406,0.896551724137931,1,1.0,0.8068965517241379,0,0.9973821989528796,0.8758620689655172,0,0.9974025974025974,0.8827586206896552,0,0.9974160206718347,0.8873563218390804,0,0.9948717948717949,0.8919540229885058,0,1.0,0.8206896551724138,0,1.0,0.8275862068965517,0,1.0,0.832183908045977,0,1.0,0.8344827586206897,0,0.9973684210526316,0.871264367816092,0,0.9973684210526316,0.871264367816092,0,1.0,0.0,0
47,0.05,0.9667458432304038,0.9356321839080459,1,0.994535519125683,0.8367816091954023,0,0.994535519125683,0.8367816091954023,0,0.989769820971867,0.8896551724137931,0,0.9971830985915493,0.8137931034482758,0,0.9948051948051948,0.8804597701149425,0,0.9897172236503856,0.8850574712643678,0,0.989769820971867,0.8896551724137931,0,0.989769820971867,0.8896551724137931,0,0.997229916897507,0.8275862068965517,0,0.9944903581267217,0.8298850574712644,0,0.994535519125683,0.8367816091954023,0,0.9945652173913043,0.8413793103448276,0,0.9947643979057592,0.8735632183908046,0,0.9947643979057592,0.8735632183908046,0,1.0,0.0,0
48,0.05,0.9425287356321839,0.9425287356321839,1,0.9946236559139785,0.8505747126436781,0,0.9946236559139785,0.8505747126436781,0,0.9822784810126582,0.8919540229885058,0,0.994475138121547,0.8275862068965517,0,0.9896907216494846,0.8827586206896552,0,0.9846153846153847,0.8827586206896552,0,0.9847328244274809,0.8896551724137931,0,0.9822784810126582,0.8919540229885058,0,0.9945205479452055,0.8344827586206897,0,0.9945652173913043,0.8413793103448276,0,0.9946236559139785,0.8505747126436781,0,0.9946380697050938,0.8528735632183908,0,0.9896373056994818,0.8781609195402299,0,0.9896373056994818,0.8781609195402299,0,1.0,0.0,0
49,0.05,0.9452054794520548,0.9517241379310345,1,0.9947368421052631,0.8689655172413793,0,0.9947368421052631,0.8689655172413793,0,0.9874055415617129,0.9011494252873563,0,0.9945945945945946,0.8459770114942529,0,0.9874055415617129,0.9011494252873563,0,0.9849246231155779,0.9011494252873563,0,0.9849624060150376,0.903448275862069,0,0.9849624060150376,0.903448275862069,0,0.9946380697050938,0.8528735632183908,0,0.9946666666666667,0.8574712643678161,0,0.9947368421052631,0.8689655172413793,0,0.9947643979057592,0.8735632183908046,0,0.989821882951654,0.8942528735632184,0,0.9898477157360406,0.896551724137931,0,1.0,0.0,0
50,0.05,0.9450800915331807,0.9494252873563218,1,0.9973544973544973,0.8666666666666667,0,0.9973544973544973,0.8666666666666667,0,0.9874371859296482,0.903448275862069,0,0.9973045822102425,0.8505747126436781,0,0.9898477157360406,0.896551724137931,0,0.9873417721518988,0.896551724137931,0,0.9874371859296482,0.903448275862069,0,0.9849624060150376,0.903448275862069,0,0.9973118279569892,0.8528735632183908,0,0.9973404255319149,0.8620689655172413,0,0.9973544973544973,0.8666666666666667,0,0.9973614775725593,0.8689655172413793,0,0.9897959183673469,0.8919540229885058,1,0.9897959183673469,0.8919540229885058,1,1.0,0.0,0
51,0.05,0.964622641509434,0.9402298850574713,0,0.9945945945945946,0.8459770114942529,0,0.9945945945945946,0.8459770114942529,0,0.9897959183673469,0.8919540229885058,0,0.9972451790633609,0.832183908045977,0,0.9897435897435898,0.8873563218390804,0,0.9897959183673469,0.8919540229885058,0,0.9897959183673469,0.8919540229885058,0,0.9872773536895675,0.8919540229885058,0,0.9945652173913043,0.8413793103448276,0,0.9945945945945946,0.8459770114942529,0,0.9946236559139785,0.8505747126436781,0,0.9946380697050938,0.8528735632183908,0,0.9948186528497409,0.8827586206896552,0,0.9948186528497409,0.8827586206896552,0,1.0,0.0,0
52,0.05,0.9713603818615751,0.9356321839080459,0,0.9973045822102425,0.8505747126436781,0,0.9973045822102425,0.8505747126436781,0,0.9923664122137404,0.896551724137931,0,0.9972527472527473,0.8344827586206897,0,0.9974226804123711,0.8896551724137931,0,0.9948849104859335,0.8942528735632184,0,0.9923664122137404,0.896551724137931,0,0.9923664122137404,0.896551724137931,0,0.9972826086956522,0.8436781609195402,0,0.9973045822102425,0.8505747126436781,0,0.9973190348525469,0.8551724137931035,0,0.9973262032085561,0.8574712643678161,0,0.9974160206718347,0.8873563218390804,0,0.9974160206718347,0.8873563218390804,0,1.0,0.0,0
53,0.05,0.96,0.9379310344827586,0,0.9945652173913043,0.8413793103448276,0,0.9945652173913043,0.8413793103448276,0,0.9922680412371134,0.8850574712643678,1,0.9971988795518207,0.8183908045977012,0,0.9948186528497409,0.8827586206896552,0,0.9922879177377892,0.8873563218390804,0,0.9922879177377892,0.8873563218390804,0,0.9922879177377892,0.8873563218390804,0,0.9945054945054945,0.832183908045977,0,0.9945652173913043,0.8413793103448276,0,0.994579945799458,0.8436781609195402,0,0.9946091644204852,0.8482758620689655,0,0.9947916666666666,0.8781609195402299,0,0.9947916666666666,0.8781609195402299,0,1.0,0.0,0
54,0.05,0.9761336515513126,0.9402298850574713,0,1.0,0.8275862068965517,0,1.0,0.8275862068965517,0,0.9974293059125964,0.8919540229885058,0,1.0,0.7977011494252874,0,0.9974025974025974,0.8827586206896552,0,0.9974160206718347,0.8873563218390804,0,0.9974293059125964,0.8919540229885058,0,0.9974293059125964,0.8919540229885058,0,1.0,0.8114942528735632,0,1.0,0.825287356321839,0,1.0,0.8298850574712644,0,1.0,0.8344827586206897,0,0.9973753280839895,0.8735632183908046,0,0.9973753280839895,0.8735632183908046,0,1.0,0.0,0
55,0.05,0.964622641509434,0.9402298850574713,1,1.0,0.8482758620689655,0,1.0,0.8482758620689655,0,0.9923664122137404,0.896551724137931,0,1.0,0.8344827586206897,0,0.9974226804123711,0.8896551724137931,0,0.9948717948717949,0.8919540229885058,0,0.9923664122137404,0.896551724137931,0,0.9923664122137404,0.896551724137931,0,1.0,0.8390804597701149,0,1.0,0.8459770114942529,0,0.9973045822102425,0.8505747126436781,0,0.9973190348525469,0.8551724137931035,0,0.9974093264248705,0.8850574712643678,0,0.9974093264248705,0.8850574712643678,0,1.0,0.0,0
56,0.05,0.9511627906976744,0.9402298850574713,1,0.9946808510638298,0.8597701149425288,0,0.9946808510638298,0.8597701149425288,0,0.9922879177377892,0.8873563218390804,0,0.994475138121547,0.8275862068965517,0,0.9922879177377892,0.8873563218390804,0,0.9872122762148338,0.8873563218390804,0,0.9872448979591837,0.8896551724137931,0,0.9872773536895675,0.8919540229885058,0,0.9945205479452055,0.8344827586206897,0,0.9945504087193461,0.8390804597701149,0,0.9945945945945946,0.8459770114942529,0,0.9946808510638298,0.8597701149425288,0,0.9922077922077922,0.8781609195402299,1,0.9922077922077922,0.8781609195402299,1,1.0,0.0,0
57,0.05,0.9625292740046838,0.9448275862068966,0,0.997289972899729,0.8459770114942529,0,0.997289972899729,0.8459770114942529,0,0.98989898989899,0.9011494252873563,0,0.9972144846796658,0.8229885057471265,0,0.9923469387755102,0.8942528735632184,1,0.98989898989899,0.9011494252873563,0,0.98989898989899,0.9011494252873563,0,0.9874055415617129,0.9011494252873563,0,0.9972527472527473,0.8344827586206897,0,0.9972826086956522,0.8436781609195402,0,0.9972972972972973,0.8482758620689655,0,0.9973118279569892,0.8528735632183908,0,0.9974293059125964,0.8919540229885058,0,0.9974293059125964,0.8919540229885058,0,1.0,0.0,0
58,0.05,0.9583333333333334,0.9517241379310345,0,0.9947368421052631,0.8689655172413793,0,0.9947368421052631,0.8689655172413793,0,0.9900249376558603,0.9126436781609195,0,0.9972972972972973,0.8482758620689655,0,0.99,0.9103448275862069,0,0.9900249376558603,0.9126436781609195,0,0.9851116625310173,0.9126436781609195,0,0.9851485148514851,0.9149425287356322,0,0.9946949602122016,0.8620689655172413,0,0.9947229551451188,0.8666666666666667,0,0.9947368421052631,0.8689655172413793,0,0.9947780678851175,0.8758620689655172,0,0.9924242424242424,0.903448275862069,1,0.9924242424242424,0.903448275862069,1,1.0,0.0,0
59,0.05,0.9429223744292238,0.9494252873563218,1,0.9945504087193461,0.8390804597701149,0,0.9945504087193461,0.8390804597701149,0,0.9897959183673469,0.8919540229885058,0,0.9971988795518207,0.8183908045977012,0,0.9897959183673469,0.8919540229885058,0,0.9897959183673469,0.8919540229885058,0,0.9847715736040609,0.8919540229885058,0,0.9848101265822785,0.8942528735632184,0,0.994475138121547,0.8275862068965517,0,0.9945054945054945,0.832183908045977,0,0.994535519125683,0.8367816091954023,0,0.9945652173913043,0.8413793103448276,0,0.9922480620155039,0.8827586206896552,1,0.9922480620155039,0.8827586206896552,1,1.0,0.0,0
60,0.05,0.9759036144578314,0.9310344827586207,0,1.0,0.8091954022988506,0,1.0,0.8091954022988506,0,0.9973614775725593,0.8689655172413793,0,1.0,0.7816091954022989,0,0.9973333333333333,0.8597701149425288,0,0.9973404255319149,0.8620689655172413,0,0.9973614775725593,0.8689655172413793,0,0.9973684210526316,0.871264367816092,0,1.0,0.7977011494252874,0,1.0,0.8022988505747126,0,1.0,0.8091954022988506,0,1.0,0.8137931034482758,0,0.9973118279569892,0.8528735632183908,0,0.9973118279569892,0.8528735632183908,0,1.0,0.0,0
61,0.05,0.9692671394799054,0.9425287356321839,0,1.0,0.8344827586206897,0,1.0,0.8344827586206897,0,0.9974554707379135,0.9011494252873563,0,1.0,0.8137931034482758,0,0.9974293059125964,0.8919540229885058,0,0.9974554707379135,0.9011494252873563,0,0.9949238578680203,0.9011494252873563,0,0.9924242424242424,0.903448275862069,0,1.0,0.8275862068965517,0,1.0,0.832183908045977,0,1.0,0.8367816091954023,0,1.0,0.8413793103448276,0,0.9974025974025974,0.8827586206896552,0,0.9974093264248705,0.8850574712643678,0,1.0,0.0,0
62,0.05,0.9647887323943662,0.9448275862068966,1,0.997275204359673,0.8413793103448276,0,0.997275204359673,0.8413793103448276,0,0.9899244332493703,0.903448275862069,1,1.0,0.8137931034482758,0,0.9974489795918368,0.8988505747126436,0,0.9924050632911392,0.9011494252873563,0,0.9899244332493703,0.903448275862069,0,0.9899244332493703,0.903448275862069,0,1.0,0.8229885057471265,0,1.0,0.832183908045977,0,0.9972602739726028,0.8367816091954023,0,0.9972826086956522,0.8436781609195402,0,0.9974226804123711,0.8896551724137931,0,0.9974226804123711,0.8896551724137931,0,1.0,0.0,0
63,0.05,0.9471264367816092,0.9471264367816092,1,0.9973474801061007,0.864367816091954,0,0.9973474801061007,0.864367816091954,0,0.9923857868020305,0.8988505747126436,0,0.997289972899729,0.8459770114942529,0,0.9923857868020305,0.8988505747126436,0,0.9898734177215189,0.8988505747126436,0,0.98989898989899,0.9011494252873563,0,0.9899244332493703,0.903448275862069,0,0.9973045822102425,0.8505747126436781,0,0.9973118279569892,0.8528735632183908,0,0.9973404255319149,0.8620689655172413,0,0.9973614775725593,0.8689655172413793,0,0.9948717948717949,0.8919540229885058,1,0.9948849104859335,0.8942528735632184,0,1.0,0.0,0
64,0.05,0.9558139534883721,0.9448275862068966,1,0.9947643979057592,0.8735632183908046,0,0.9947643979057592,0.8735632183908046,0,0.9924242424242424,0.903448275862069,0,0.9946091644204852,0.8482758620689655,1,0.9924242424242424,0.903448275862069,0,0.9924242424242424,0.903448275862069,0,0.9874371859296482,0.903448275862069,0,0.9875,0.9080459770114943,0,0.9946524064171123,0.8551724137931035,0,0.9946808510638298,0.8597701149425288,0,0.9947229551451188,0.8666666666666667,0,0.9947643979057592,0.8735632183908046,0,0.9923664122137404,0.896551724137931,1,0.9923664122137404,0.896551724137931,1,1.0,0.0,0
65,0.05,0.9559164733178654,0.9471264367816092,1,0.994579945799458,0.8436781609195402,0,0.994579945799458,0.8436781609195402,0,0.9922680412371134,0.8850574712643678,0,0.9972144846796658,0.8229885057471265,0,0.9922480620155039,0.8827586206896552,0,0.9922680412371134,0.8850574712643678,0,0.9897172236503856,0.8850574712643678,0,0.9897435897435898,0.8873563218390804,0,0.994535519125683,0.8367816091954023,0,0.9945652173913043,0.8413793103448276,0,0.9945945945945946,0.8459770114942529,0,0.9946091644204852,0.8482758620689655,0,0.9948051948051948,0.8804597701149425,0,0.9948051948051948,0.8804597701149425,0,1.0,0.0,0
66,0.05,0.9450800915331807,0.9494252873563218,1,0.9947643979057592,0.8735632183908046,0,0.9947643979057592,0.8735632183908046,0,0.9825,0.903448275862069,0,0.9946091644204852,0.8482758620689655,0,0.9873737373737373,0.8988505747126436,0,0.9824120603015075,0.8988505747126436,0,0.9825,0.903448275862069,0,0.9825436408977556,0.9057471264367816,0,0.9946380697050938,0.8528735632183908,0,0.9946808510638298,0.8597701149425288,0,0.9947643979057592,0.8735632183908046,0,0.9947780678851175,0.8758620689655172,0,0.9873417721518988,0.896551724137931,1,0.9873417721518988,0.896551724137931,1,1.0,0.0,0
67,0.05,0.9303370786516854,0.9517241379310345,1,0.9947229551451188,0.8666666666666667,0,0.9947229551451188,0.8666666666666667,0,0.9779951100244498,0.9195402298850575,0,0.994579945799458,0.8436781609195402,0,0.9824120603015075,0.8988505747126436,0,0.98,0.9011494252873563,0,0.9801488833746899,0.9080459770114943,0,0.9779951100244498,0.9195402298850575,0,0.9946808510638298,0.8597701149425288,0,0.9947089947089947,0.864367816091954,0,0.9947368421052631,0.8689655172413793,0,0.994750656167979,0.871264367816092,0,0.9873096446700508,0.8942528735632184,0,0.9873096446700508,0.8942528735632184,0,1.0,0.0,0
68,0.05,0.953810623556582,0.9494252873563218,0,0.9946808510638298,0.8597701149425288,0,0.9946808510638298,0.8597701149425288,0,0.9875,0.9080459770114943,0,0.9972677595628415,0.8390804597701149,0,0.987468671679198,0.9057471264367816,0,0.9875,0.9080459770114943,0,0.9825870646766169,0.9080459770114943,0,0.9826302729528535,0.9103448275862069,0,0.9946380697050938,0.8528735632183908,0,0.9946666666666667,0.8574712643678161,0,0.9946808510638298,0.8597701149425288,0,0.9947089947089947,0.864367816091954,0,0.9924050632911392,0.9011494252873563,1,0.9924050632911392,0.9011494252873563,1,1.0,0.0,0
69,0.05,0.9736842105263158,0.9356321839080459,0,1.0,0.8229885057471265,0,1.0,0.8229885057471265,0,1.0,0.8827586206896552,0,1.0,0.8068965517241379,0,1.0,0.8689655172413793,0,1.0,0.871264367816092,0,1.0,0.8781609195402299,0,1.0,0.8827586206896552,0,1.0,0.8160919540229885,0,1.0,0.8206896551724138,0,1.0,0.8275862068965517,0,1.0,0.8298850574712644,0,1.0,0.8597701149425288,0,1.0,0.8597701149425288,0,1.0,0.0,0
70,0.05,0.9585253456221198,0.9563218390804598,1,0.994535519125683,0.8367816091954023,0,0.994535519125683,0.8367816091954023,0,0.9923664122137404,0.896551724137931,0,0.9972222222222222,0.825287356321839,0,0.9923076923076923,0.8896551724137931,0,0.9923664122137404,0.896551724137931,0,0.9923664122137404,0.896551724137931,0,0.9873417721518988,0.896551724137931,0,0.9945054945054945,0.832183908045977,0,0.994535519125683,0.8367816091954023,0,0.9945652173913043,0.8413793103448276,0,0.994579945799458,0.8436781609195402,0,0.9948051948051948,0.8804597701149425,0,0.9948320413436692,0.8850574712643678,0,1.0,0.0,0
71,0.05,0.9164835164835164,0.9586206896551724,0,0.9948717948717949,0.8919540229885058,0,0.9948717948717949,0.8919540229885058,0,0.9779951100244498,0.9195402298850575,0,0.9948186528497409,0.8827586206896552,0,0.9801488833746899,0.9080459770114943,0,0.9801980198019802,0.9103448275862069,0,0.9779951100244498,0.9195402298850575,0,0.9779951100244498,0.9195402298850575,0,0.9948320413436692,0.8850574712643678,0,0.9948586118251928,0.8896551724137931,0,0.9948717948717949,0.8919540229885058,0,0.9948979591836735,0.896551724137931,0,0.9825436408977556,0.9057471264367816,1,0.9825436408977556,0.9057471264367816,1,1.0,0.0,0
72,0.05,0.9409090909090909,0.9517241379310345,1,0.9947229551451188,0.8666666666666667,0,0.9947229551451188,0.8666666666666667,0,0.9803439803439803,0.9172413793103448,0,0.9945945945945946,0.8459770114942529,0,0.9822335025380711,0.8896551724137931,1,0.9798994974874372,0.896551724137931,0,0.98,0.9011494252873563,0,0.9801488833746899,0.9080459770114943,0,0.9946949602122016,0.8620689655172413,0,0.9947229551451188,0.8666666666666667,0,0.994750656167979,0.871264367816092,0,0.9947643979057592,0.8735632183908046,0,0.9872448979591837,0.8896551724137931,0,0.9872448979591837,0.8896551724137931,0,1.0,0.0,0
73,0.05,0.9689737470167065,0.9333333333333333,1,1.0,0.8298850574712644,0,1.0,0.8298850574712644,0,1.0,0.8804597701149425,0,1.0,0.8160919540229885,0,1.0,0.8804597701149425,0,1.0,0.8827586206896552,0,1.0,0.8827586206896552,0,1.0,0.8850574712643678,0,1.0,0.8275862068965517,0,1.0,0.8298850574712644,0,1.0,0.8344827586206897,0,1.0,0.8367816091954023,0,1.0,0.871264367816092,0,1.0,0.871264367816092,0,1.0,0.0,0
74,0.05,0.9673659673659674,0.9540229885057471,1,0.9946666666666667,0.8574712643678161,0,0.9946666666666667,0.8574712643678161,0,0.99,0.9103448275862069,1,0.9972826086956522,0.8436781609195402,0,0.99,0.9103448275862069,1,0.99,0.9103448275862069,0,0.9900249376558603,0.9126436781609195,0,0.9900249376558603,0.9126436781609195,0,0.9973045822102425,0.8505747126436781,0,0.9946666666666667,0.8574712643678161,0,0.9946808510638298,0.8597701149425288,0,0.9947089947089947,0.864367816091954,0,0.9949238578680203,0.9011494252873563,0,0.9949238578680203,0.9011494252873563,0,1.0,0.0,0
75,0.05,0.9737470167064439,0.9379310344827586,1,1.0,0.825287356321839,0,1.0,0.825287356321839,0,1.0,0.8919540229885058,0,1.0,0.8022988505747126,0,1.0,0.8735632183908046,0,1.0,0.8827586206896552,0,1.0,0.8873563218390804,0,1.0,0.8919540229885058,0,1.0,0.8160919540229885,0,1.0,0.8229885057471265,0,1.0,0.8275862068965517,0,1.0,0.8298850574712644,0,1.0,0.8666666666666667,0,1.0,0.8666666666666667,0,1.0,0.0,0
76,0.05,0.9808612440191388,0.9425287356321839,1,1.0,0.8091954022988506,0,1.0,0.8091954022988506,0,1.0,0.871264367816092,0,1.0,0.7908045977011494,0,1.0,0.8689655172413793,0,1.0,0.871264367816092,0,1.0,0.8758620689655172,0,1.0,0.8781609195402299,0,1.0,0.8022988505747126,0,1.0,0.8068965517241379,0,1.0,0.8137931034482758,0,1.0,0.8183908045977012,0,1.0,0.8528735632183908,0,1.0,0.8528735632183908,0,1.0,0.0,0
77,0.05,0.9784688995215312,0.9402298850574713,0,1.0,0.8229885057471265,0,1.0,0.8229885057471265,0,0.9974160206718347,0.8873563218390804,0,1.0,0.7954022988505747,0,0.9973958333333334,0.8804597701149425,0,0.9974025974025974,0.8827586206896552,0,0.9974160206718347,0.8873563218390804,0,0.9974160206718347,0.8873563218390804,0,1.0,0.8137931034482758,0,1.0,0.8206896551724138,0,1.0,0.825287356321839,0,1.0,0.8275862068965517,0,0.9973684210526316,0.871264367816092,0,0.9973684210526316,0.871264367816092,0,1.0,0.0,0
78,0.05,0.9626168224299065,0.9471264367816092,1,0.9945205479452055,0.8344827586206897,0,0.9945205479452055,0.8344827586206897,0,0.9873096446700508,0.8942528735632184,0,0.9971910112359551,0.8160919540229885,0,0.9896907216494846,0.8827586206896552,1,0.9872122762148338,0.8873563218390804,0,0.9873096446700508,0.8942528735632184,0,0.9873096446700508,0.8942528735632184,0,0.9972222222222222,0.825287356321839,0,0.9944903581267217,0.8298850574712644,0,0.9945205479452055,0.8344827586206897,0,0.9945504087193461,0.8390804597701149,0,0.9947780678851175,0.8758620689655172,0,0.9947780678851175,0.8758620689655172,0,1.0,0.0,0
79,0.05,0.9761904761904762,0.9425287356321839,1,1.0,0.825287356321839,0,1.0,0.825287356321839,0,1.0,0.8942528735632184,0,1.0,0.7977011494252874,0,1.0,0.8804597701149425,0,1.0,0.8850574712643678,0,1.0,0.8896551724137931,0,1.0,0.8942528735632184,0,1.0,0.8114942528735632,0,1.0,0.8160919540229885,0,1.0,0.8275862068965517,0,1.0,0.832183908045977,0,1.0,0.8758620689655172,0,1.0,0.8758620689655172,0,1.0,0.0,0
80,0.05,0.9738717339667459,0.9425287356321839,0,1.0,0.8183908045977012,0,1.0,0.8183908045977012,0,0.9974226804123711,0.8896551724137931,0,1.0,0.7977011494252874,0,0.9973958333333334,0.8804597701149425,0,0.9974226804123711,0.8896551724137931,0,0.9974293059125964,0.8919540229885058,0,0.9923273657289002,0.8919540229885058,0,1.0,0.8091954022988506,0,1.0,0.8206896551724138,0,1.0,0.8229885057471265,0,1.0,0.8275862068965517,0,0.9973684210526316,0.871264367816092,0,0.9973684210526316,0.871264367816092,0,1.0,0.0,0
81,0.05,0.971764705882353,0.9494252873563218,1,0.9945945945945946,0.8459770114942529,0,0.9945945945945946,0.8459770114942529,0,0.9924433249370277,0.9057471264367816,0,0.997229916897507,0.8275862068965517,0,0.9948849104859335,0.8942528735632184,0,0.9948979591836735,0.896551724137931,0,0.9923857868020305,0.8988505747126436,0,0.9924433249370277,0.9057471264367816,0,0.9972527472527473,0.8344827586206897,0,0.9972677595628415,0.8390804597701149,0,0.9945945945945946,0.8459770114942529,0,0.9946236559139785,0.8505747126436781,0,0.9948320413436692,0.8850574712643678,0,0.9948320413436692,0.8850574712643678,0,1.0,0.0,0
82,0.05,0.9624413145539906,0.9425287356321839,1,0.9945945945945946,0.8459770114942529,0,0.9945945945945946,0.8459770114942529,0,0.989821882951654,0.8942528735632184,0,0.9972375690607734,0.8298850574712644,0,0.9922680412371134,0.8850574712643678,0,0.9897435897435898,0.8873563218390804,0,0.989821882951654,0.8942528735632184,0,0.989821882951654,0.8942528735632184,0,0.9945652173913043,0.8413793103448276,0,0.9946091644204852,0.8482758620689655,0,0.9946236559139785,0.8505747126436781,0,0.9946380697050938,0.8528735632183908,0,0.9948051948051948,0.8804597701149425,0,0.9948051948051948,0.8804597701149425,0,1.0,0.0,0
83,0.05,0.9471264367816092,0.9471264367816092,1,0.9946091644204852,0.8482758620689655,0,0.9946091644204852,0.8482758620689655,0,0.9873737373737373,0.8988505747126436,0,0.9972222222222222,0.825287356321839,0,0.9873737373737373,0.8988505747126436,0,0.9873737373737373,0.8988505747126436,0,0.9873737373737373,0.8988505747126436,0,0.9874371859296482,0.903448275862069,0,0.9945504087193461,0.8390804597701149,0,0.994579945799458,0.8436781609195402,0,0.9946091644204852,0.8482758620689655,0,0.9946380697050938,0.8528735632183908,0,0.9923076923076923,0.8896551724137931,1,0.9923076923076923,0.8896551724137931,1,1.0,0.0,0
84,0.05,0.9673659673659674,0.9540229885057471,0,0.9972972972972973,0.8482758620689655,0,0.9972972972972973,0.8482758620689655,0,0.992462311557789,0.9080459770114943,0,0.9972451790633609,0.832183908045977,0,0.9948849104859335,0.8942528735632184,0,0.9923664122137404,0.896551724137931,0,0.9923857868020305,0.8988505747126436,0,0.9924050632911392,0.9011494252873563,0,0.997275204359673,0.8413793103448276,0,0.9972972972972973,0.8482758620689655,0,0.9973118279569892,0.8528735632183908,0,0.9946524064171123,0.8551724137931035,0,0.9948453608247423,0.8873563218390804,0,0.9948453608247423,0.8873563218390804,0,1.0,0.0,0
85,0.05,0.9516129032258065,0.9494252873563218,1,0.9946949602122016,0.8620689655172413,0,0.9946949602122016,0.8620689655172413,0,0.9823232323232324,0.8942528735632184,1,0.9945205479452055,0.8344827586206897,0,0.9873096446700508,0.8942528735632184,0,0.9823232323232324,0.8942528735632184,0,0.9824120603015075,0.8988505747126436,0,0.9799498746867168,0.8988505747126436,0,0.9945504087193461,0.8390804597701149,0,0.994579945799458,0.8436781609195402,0,0.9946380697050938,0.8528735632183908,0,0.9946949602122016,0.8620689655172413,0,0.9872448979591837,0.8896551724137931,1,0.9872448979591837,0.8896551724137931,1,1.0,0.0,0
86,0.05,0.9576470588235294,0.9356321839080459,1,0.9946091644204852,0.8482758620689655,0,0.9946091644204852,0.8482758620689655,0,0.9896907216494846,0.8827586206896552,1,0.9972144846796658,0.8229885057471265,0,0.9897172236503856,0.8850574712643678,0,0.9897172236503856,0.8850574712643678,0,0.9846547314578005,0.8850574712643678,0,0.9847328244274809,0.8896551724137931,0,0.9945205479452055,0.8344827586206897,0,0.9945504087193461,0.8390804597701149,0,0.9945945945945946,0.8459770114942529,0,0.9946236559139785,0.8505747126436781,0,0.9922480620155039,0.8827586206896552,1,0.9922480620155039,0.8827586206896552,1,1.0,0.0,0
87,0.05,0.955503512880562,0.9379310344827586,1,0.9973045822102425,0.8505747126436781,0,0.9973045822102425,0.8505747126436781,0,0.9949109414758269,0.8988505747126436,0,0.9972527472527473,0.8344827586206897,0,0.9948849104859335,0.8942528735632184,0,0.9949109414758269,0.8988505747126436,0,0.9949109414758269,0.8988505747126436,0,0.9923857868020305,0.8988505747126436,0,0.9972826086956522,0.8436781609195402,0,0.9972972972972973,0.8482758620689655,0,0.9973118279569892,0.8528735632183908,0,0.9973190348525469,0.8551724137931035,0,0.9974293059125964,0.8919540229885058,0,0.9974293059125964,0.8919540229885058,0,1.0,0.0,0
88,0.05,0.9324324324324325,0.9517241379310345,1,0.9947780678851175,0.8758620689655172,0,0.9947780678851175,0.8758620689655172,0,0.9779951100244498,0.9195402298850575,0,0.9946236559139785,0.8505747126436781,0,0.9825436408977556,0.9057471264367816,0,0.9800995024875622,0.9057471264367816,0,0.9801980198019802,0.9103448275862069,0,0.9801980198019802,0.9103448275862069,0,0.9947368421052631,0.8689655172413793,0,0.994750656167979,0.871264367816092,0,0.9947780678851175,0.8758620689655172,0,0.9947916666666666,0.8781609195402299,0,0.9874055415617129,0.9011494252873563,0,0.9874055415617129,0.9011494252873563,0,1.0,0.0,0
89,0.05,0.9383561643835616,0.9448275862068966,1,0.9947368421052631,0.8689655172413793,0,0.9947368421052631,0.8689655172413793,0,0.9824561403508771,0.9011494252873563,0,0.9945945945945946,0.8459770114942529,0,0.9848101265822785,0.8942528735632184,0,0.9848866498740554,0.8988505747126436,0,0.9824561403508771,0.9011494252873563,0,0.9825,0.903448275862069,0,0.9946236559139785,0.8505747126436781,0,0.9947229551451188,0.8666666666666667,0,0.994750656167979,0.871264367816092,0,0.9947643979057592,0.8735632183908046,0,0.9873096446700508,0.8942528735632184,0,0.9872773536895675,0.8919540229885058,0,1.0,0.0,0
90,0.05,0.9560185185185185,0.9494252873563218,1,0.9973045822102425,0.8505747126436781,0,0.9973045822102425,0.8505747126436781,0,0.9899497487437185,0.9057471264367816,0,1.0,0.832183908045977,0,0.9923664122137404,0.896551724137931,1,0.98989898989899,0.9011494252873563,0,0.9899497487437185,0.9057471264367816,0,0.9899497487437185,0.9057471264367816,0,1.0,0.8413793103448276,0,0.9972972972972973,0.8482758620689655,0,0.9973118279569892,0.8528735632183908,0,0.9973190348525469,0.8551724137931035,0,0.9974160206718347,0.8873563218390804,0,0.9974226804123711,0.8896551724137931,0,1.0,0.0,0
91,0.05,0.9579439252336449,0.9425287356321839,1,0.9973190348525469,0.8551724137931035,0,0.9973190348525469,0.8551724137931035,0,0.9925,0.9126436781609195,0,1.0,0.8344827586206897,0,0.9949367088607595,0.903448275862069,0,0.992462311557789,0.9080459770114943,0,0.9925,0.9126436781609195,0,0.9925,0.9126436781609195,0,1.0,0.8482758620689655,0,0.9973190348525469,0.8551724137931035,0,0.9973262032085561,0.8574712643678161,0,0.9973404255319149,0.8620689655172413,0,0.9974424552429667,0.896551724137931,0,0.9974424552429667,0.896551724137931,0,1.0,0.0,0
92,0.05,0.95,0.960919540229885,0,0.9947916666666666,0.8781609195402299,0,0.9947916666666666,0.8781609195402299,0,0.9805352798053528,0.9264367816091954,0,0.9946236559139785,0.8505747126436781,1,0.9874371859296482,0.903448275862069,0,0.9850374064837906,0.9080459770114943,0,0.9826302729528535,0.9103448275862069,0,0.9826302729528535,0.9103448275862069,0,0.9946808510638298,0.8597701149425288,0,0.9947643979057592,0.8735632183908046,0,0.9947916666666666,0.8781609195402299,0,0.9948186528497409,0.8827586206896552,0,0.9873737373737373,0.8988505747126436,1,0.9873737373737373,0.8988505747126436,1,1.0,0.0,0
93,0.05,0.9691943127962085,0.9402298850574713,0,1.0,0.8160919540229885,0,1.0,0.8160919540229885,0,1.0,0.8919540229885058,0,1.0,0.7954022988505747,0,1.0,0.8735632183908046,0,1.0,0.8781609195402299,0,1.0,0.8850574712643678,0,1.0,0.8873563218390804,0,1.0,0.8091954022988506,0,1.0,0.8137931034482758,0,1.0,0.8206896551724138,0,1.0,0.825287356321839,0,1.0,0.8620689655172413,0,1.0,0.8620689655172413,0,1.0,0.0,0
94,0.05,0.9627039627039627,0.9494252873563218,1,0.9972677595628415,0.8390804597701149,0,0.9972677595628415,0.8390804597701149,0,0.9948979591836735,0.896551724137931,0,0.9972067039106145,0.8206896551724138,0,0.9974293059125964,0.8919540229885058,0,0.9948979591836735,0.896551724137931,0,0.9949109414758269,0.8988505747126436,0,0.9949109414758269,0.8988505747126436,0,0.997229916897507,0.8275862068965517,0,0.9972451790633609,0.832183908045977,0,0.997275204359673,0.8413793103448276,0,0.997289972899729,0.8459770114942529,0,0.9974025974025974,0.8827586206896552,0,0.9974025974025974,0.8827586206896552,0,1.0,0.0,0
95,0.05,0.9760765550239234,0.9379310344827586,1,1.0,0.8114942528735632,0,1.0,0.8114942528735632,0,1.0,0.8942528735632184,0,1.0,0.7931034482758621,0,1.0,0.8689655172413793,0,1.0,0.8781609195402299,0,1.0,0.8827586206896552,0,1.0,0.8850574712643678,0,1.0,0.8045977011494253,0,1.0,0.8114942528735632,0,1.0,0.8160919540229885,0,1.0,0.8229885057471265,0,1.0,0.8574712643678161,0,1.0,0.8574712643678161,0,1.0,0.0,0
96,0.05,0.9643705463182898,0.9333333333333333,1,1.0,0.8183908045977012,0,1.0,0.8183908045977012,0,0.9923664122137404,0.896551724137931,0,1.0,0.8022988505747126,0,1.0,0.8781609195402299,0,1.0,0.8827586206896552,0,0.9974160206718347,0.8873563218390804,0,0.9948453608247423,0.8873563218390804,0,1.0,0.8160919540229885,0,1.0,0.8206896551724138,0,1.0,0.825287356321839,0,1.0,0.8275862068965517,0,1.0,0.864367816091954,0,1.0,0.8666666666666667,0,1.0,0.0,0
97,0.05,0.9430523917995444,0.9517241379310345,1,0.9973262032085561,0.8574712643678161,0,0.9973262032085561,0.8574712643678161,0,0.9848866498740554,0.8988505747126436,0,0.997229916897507,0.8275862068965517,0,0.9897959183673469,0.8919540229885058,0,0.9847715736040609,0.8919540229885058,0,0.9848866498740554,0.8988505747126436,0,0.9849246231155779,0.9011494252873563,0,0.9972451790633609,0.832183908045977,0,0.997275204359673,0.8413793103448276,0,0.9973262032085561,0.8574712643678161,0,0.9973333333333333,0.8597701149425288,0,0.9897172236503856,0.8850574712643678,1,0.9897172236503856,0.8850574712643678,1,1.0,0.0,0
98,0.05,0.9716981132075472,0.9471264367816092,0,1.0,0.8344827586206897,0,1.0,0.8344827586206897,0,0.9923664122137404,0.896551724137931,0,1.0,0.8137931034482758,0,0.9973821989528796,0.8758620689655172,0,0.9974093264248705,0.8850574712643678,0,0.9974093264248705,0.8850574712643678,0,0.9923076923076923,0.8896551724137931,0,1.0,0.8275862068965517,0,1.0,0.832183908045977,0,1.0,0.8367816091954023,0,0.9972677595628415,0.8390804597701149,0,0.9973474801061007,0.864367816091954,0,0.9973474801061007,0.864367816091954,0,1.0,0.0,0
99,0.05,0.9667458432304038,0.9356321839080459,1,1.0,0.8275862068965517,0,1.0,0.8275862068965517,0,0.9948453608247423,0.8873563218390804,0,1.0,0.8160919540229885,0,1.0,0.8758620689655172,0,1.0,0.8804597701149425,0,0.9974025974025974,0.8827586206896552,0,0.9948186528497409,0.8827586206896552,0,1.0,0.825287356321839,0,1.0,0.8298850574712644,0,1.0,0.832183908045977,0,1.0,0.8367816091954023,0,1.0,0.8620689655172413,0,1.0,0.864367816091954,0,1.0,0.0,0
100,0.05,0.9672131147540983,0.9494252873563218,1,0.997275204359673,0.8413793103448276,0,0.997275204359673,0.8413793103448276,0,0.9924242424242424,0.903448275862069,0,0.9972067039106145,0.8206896551724138,0,0.9974226804123711,0.8896551724137931,0,0.9948717948717949,0.8919540229885058,0,0.9923664122137404,0.896551724137931,0,0.9924242424242424,0.903448275862069,0,0.9972375690607734,0.8298850574712644,0,0.9972602739726028,0.8367816091954023,0,0.9972826086956522,0.8436781609195402,0,0.9972972972972973,0.8482758620689655,0,0.9973958333333334,0.8804597701149425,0,0.9973958333333334,0.8804597701149425,0,1.0,0.0,0
1,0.1,0.9168490153172867,0.9632183908045977,1,0.9947368421052631,0.8689655172413793,0,0.9947368421052631,0.8689655172413793,0,0.9851485148514851,0.9149425287356322,0,0.9945652173913043,0.8413793103448276,0,0.9848101265822785,0.8942528735632184,1,0.9849246231155779,0.9011494252873563,0,0.9849624060150376,0.903448275862069,0,0.9850374064837906,0.9080459770114943,0,0.9945945945945946,0.8459770114942529,0,0.9947089947089947,0.864367816091954,0,0.9947368421052631,0.8689655172413793,0,0.9947643979057592,0.8735632183908046,0,0.989821882951654,0.8942528735632184,0,0.989821882951654,0.8942528735632184,0,1.0,0.0,0
2,0.1,0.9230769230769231,0.9655172413793104,0,0.9973262032085561,0.8574712643678161,0,0.9973262032085561,0.8574712643678161,0,0.992462311557789,0.9080459770114943,0,0.9972602739726028,0.8367816091954023,0,0.9974619289340102,0.903448275862069,0,0.9924242424242424,0.903448275862069,0,0.992462311557789,0.9080459770114943,0,0.992462311557789,0.9080459770114943,0,0.9972972972972973,0.8482758620689655,0,0.9973118279569892,0.8528735632183908,0,0.9973190348525469,0.8551724137931035,0,0.9973404255319149,0.8620689655172413,0,0.9974358974358974,0.8942528735632184,0,0.9974358974358974,0.8942528735632184,0,1.0,0.0,0
3,0.1,0.917960088691796,0.9517241379310345,1,0.9946949602122016,0.8620689655172413,0,0.9946949602122016,0.8620689655172413,0,0.9825,0.903448275862069,0,0.994535519125683,0.8367816091954023,0,0.9846938775510204,0.8873563218390804,0,0.9822335025380711,0.8896551724137931,0,0.9823232323232324,0.8942528735632184,0,0.982367758186398,0.896551724137931,0,0.9945652173913043,0.8413793103448276,0,0.9946380697050938,0.8528735632183908,0,0.9946949602122016,0.8620689655172413,0,0.9947089947089947,0.864367816091954,0,0.9897172236503856,0.8850574712643678,0,0.9897172236503856,0.8850574712643678,0,1.0,0.0,0
4,0.1,0.9210526315789473,0.9655172413793104,1,0.9973684210526316,0.871264367816092,0,0.9973684210526316,0.871264367816092,0,0.9828009828009828,0.9195402298850575,0,0.997289972899729,0.8459770114942529,0,0.9872773536895675,0.8919540229885058,0,0.9848866498740554,0.8988505747126436,0,0.9849624060150376,0.903448275862069,0,0.9850374064837906,0.9080459770114943,0,0.9973262032085561,0.8574712643678161,0,0.9973684210526316,0.871264367816092,0,0.9973753280839895,0.8735632183908046,0,0.9973890339425587,0.8781609195402299,0,0.9897959183673469,0.8919540229885058,0,0.9897959183673469,0.8919540229885058,0,1.0,0.0,0
5,0.1,0.9584295612009238,0.9540229885057471,1,0.9945945945945946,0.8459770114942529,0,0.9945945945945946,0.8459770114942529,0,0.989821882951654,0.8942528735632184,0,0.9972222222222222,0.825287356321839,0,0.9897435897435898,0.8873563218390804,0,0.989821882951654,0.8942528735632184,0,0.989821882951654,0.8942528735632184,0,0.9873096446700508,0.8942528735632184,0,0.9972602739726028,0.8367816091954023,0,0.9945945945945946,0.8459770114942529,0,0.9946091644204852,0.8482758620689655,0,0.9946380697050938,0.8528735632183908,0,0.9948186528497409,0.8827586206896552,0,0.9947916666666666,0.8781609195402299,0,1.0,0.0,0
6,0.1,0.9019189765458422,0.9724137931034482,1,0.9948849104859335,0.8942528735632184,0,0.9948849104859335,0.8942528735632184,0,0.9782608695652174,0.9310344827586207,0,0.9947780678851175,0.8758620689655172,0,0.9781021897810219,0.9241379310344827,0,0.9782608695652174,0.9310344827586207,0,0.9783653846153846,0.9356321839080459,0,0.9783653846153846,0.9356321839080459,0,0.9948453608247423,0.8873563218390804,0,0.9948717948717949,0.8919540229885058,0,0.9948849104859335,0.8942528735632184,0,0.9949109414758269,0.8988505747126436,0,0.9802955665024631,0.9149425287356322,1,0.9827160493827161,0.9149425287356322,0,1.0,0.0,0
7,0.1,0.896774193548387,0.9586206896551724,0,0.9948051948051948,0.8804597701149425,0,0.9948051948051948,0.8804597701149425,0,0.9778869778869779,0.9149425287356322,0,0.9946949602122016,0.8620689655172413,0,0.9778869778869779,0.9149425287356322,0,0.9778869778869779,0.9149425287356322,0,0.9754901960784313,0.9149425287356322,0,0.9754901960784313,0.9149425287356322,0,0.994750656167979,0.871264367816092,0,0.9947780678851175,0.8758620689655172,0,0.9947916666666666,0.8781609195402299,0,0.9948186528497409,0.8827586206896552,0,0.9799498746867168,0.8988505747126436,0,0.9798994974874372,0.896551724137931,1,1.0,0.0,0
8,0.1,0.9164835164835164,0.9586206896551724,1,0.9973821989528796,0.8758620689655172,0,0.9973821989528796,0.8758620689655172,0,0.9852216748768473,0.9195402298850575,0,0.9973190348525469,0.8551724137931035,0,0.9873737373737373,0.8988505747126436,1,0.987468671679198,0.9057471264367816,0,0.9875,0.9080459770114943,0,0.9875621890547264,0.9126436781609195,0,0.9973262032085561,0.8574712643678161,0,0.9973684210526316,0.871264367816092,0,0.9973821989528796,0.8758620689655172,0,0.9973958333333334,0.8804597701149425,0,0.9923857868020305,0.8988505747126436,0,0.9923857868020305,0.8988505747126436,0,1.0,0.0,0
9,0.1,0.9304932735426009,0.9540229885057471,1,0.9973333333333333,0.8597701149425288,0,0.9973333333333333,0.8597701149425288,0,0.9949622166246851,0.9080459770114943,0,0.997289972899729,0.8459770114942529,0,0.9949622166246851,0.9080459770114943,0,0.9949622166246851,0.9080459770114943,0,0.992462311557789,0.9080459770114943,0,0.9924812030075187,0.9103448275862069,0,0.9973333333333333,0.8597701149425288,0,0.9973404255319149,0.8620689655172413,0,0.9973544973544973,0.8666666666666667,0,0.9973614775725593,0.8689655172413793,0,0.9949109414758269,0.8988505747126436,1,0.9974489795918368,0.8988505747126436,0,1.0,0.0,0
10,0.1,0.9247787610619469,0.960919540229885,1,0.9973684210526316,0.871264367816092,0,0.9973684210526316,0.871264367816092,0,0.9876847290640394,0.9218390804597701,0,0.997289972899729,0.8459770114942529,0,0.9923857868020305,0.8988505747126436,0,0.98989898989899,0.9011494252873563,0,0.9899244332493703,0.903448275862069,0,0.9899497487437185,0.9057471264367816,0,0.9973045822102425,0.8505747126436781,0,0.9973190348525469,0.8551724137931035,0,0.9973474801061007,0.864367816091954,0,0.9973821989528796,0.8758620689655172,0,0.9923857868020305,0.8988505747126436,0,0.9923857868020305,0.8988505747126436,0,1.0,0.0,0
11,0.1,0.9454545454545454,0.9563218390804598,1,0.9947643979057592,0.8735632183908046,0,0.9947643979057592,0.8735632183908046,0,0.9949748743718593,0.9103448275862069,0,0.9973333333333333,0.8597701149425288,0,0.9949874686716792,0.9126436781609195,0,0.9949874686716792,0.9126436781609195,0,0.9900249376558603,0.9126436781609195,0,0.9900497512437811,0.9149425287356322,0,0.994750656167979,0.871264367816092,0,0.9947780678851175,0.8758620689655172,0,0.9948051948051948,0.8804597701149425,0,0.9948186528497409,0.8827586206896552,0,0.9949748743718593,0.9103448275862069,0,0.9949748743718593,0.9103448275862069,0,1.0,0.0,0
12,0.1,0.9287305122494433,0.9586206896551724,0,0.9973333333333333,0.8597701149425288,0,0.9973333333333333,0.8597701149425288,0,0.9923857868020305,0.8988505747126436,0,0.9972451790633609,0.832183908045977,0,0.9923857868020305,0.8988505747126436,0,0.9898734177215189,0.8988505747126436,0,0.9899244332493703,0.903448275862069,0,0.987468671679198,0.9057471264367816,0,0.997275204359673,0.8413793103448276,0,0.9972826086956522,0.8436781609195402,0,0.9973045822102425,0.8505747126436781,0,0.9973404255319149,0.8620689655172413,0,0.9923273657289002,0.8919540229885058,1,0.9948586118251928,0.8896551724137931,0,1.0,0.0,0
13,0.1,0.922566371681416,0.9586206896551724,1,0.9948051948051948,0.8804597701149425,0,0.9948051948051948,0.8804597701149425,0,0.9828009828009828,0.9195402298850575,0,0.9946524064171123,0.8551724137931035,0,0.9849246231155779,0.9011494252873563,0,0.9849246231155779,0.9011494252873563,0,0.9850374064837906,0.9080459770114943,0,0.9850746268656716,0.9103448275862069,0,0.9947229551451188,0.8666666666666667,0,0.9947916666666666,0.8781609195402299,0,0.9948186528497409,0.8827586206896552,0,0.9948320413436692,0.8850574712643678,0,0.9873737373737373,0.8988505747126436,1,0.9873737373737373,0.8988505747126436,1,1.0,0.0,0
14,0.1,0.976303317535545,0.9471264367816092,0,1.0,0.8114942528735632,0,1.0,0.8114942528735632,0,0.9973958333333334,0.8804597701149425,0,1.0,0.8022988505747126,0,0.9973753280839895,0.8735632183908046,0,0.9973890339425587,0.8781609195402299,0,0.9973958333333334,0.8804597701149425,0,0.9973958333333334,0.8804597701149425,0,1.0,0.8068965517241379,0,1.0,0.8114942528735632,0,1.0,0.8183908045977012,0,1.0,0.8229885057471265,0,0.9973544973544973,0.8666666666666667,0,0.9973544973544973,0.8666666666666667,0,1.0,0.0,0
15,0.1,0.9476082004555808,0.9563218390804598,0,0.9973474801061007,0.864367816091954,0,0.9973474801061007,0.864367816091954,0,0.9899244332493703,0.903448275862069,0,1.0,0.8413793103448276,0,0.9923664122137404,0.896551724137931,1,0.98989898989899,0.9011494252873563,0,0.9899244332493703,0.903448275862069,0,0.9899244332493703,0.903448275862069,0,1.0,0.8528735632183908,0,0.9973474801061007,0.864367816091954,0,0.9973614775725593,0.8689655172413793,0,0.9973753280839895,0.8735632183908046,0,0.9974358974358974,0.8942528735632184,0,0.9974358974358974,0.8942528735632184,0,1.0,0.0,0
16,0.1,0.9409090909090909,0.9517241379310345,1,0.9946380697050938,0.8528735632183908,0,0.9946380697050938,0.8528735632183908,0,0.9828431372549019,0.9218390804597701,0,0.9972677595628415,0.8390804597701149,0,0.9898477157360406,0.896551724137931,0,0.9873417721518988,0.896551724137931,0,0.9874055415617129,0.9011494252873563,0,0.9849246231155779,0.9011494252873563,0,0.9946091644204852,0.8482758620689655,0,0.9946380697050938,0.8528735632183908,0,0.9946666666666667,0.8574712643678161,0,0.9946949602122016,0.8620689655172413,0,0.9897172236503856,0.8850574712643678,1,0.9922680412371134,0.8850574712643678,1,1.0,0.0,0
17,0.1,0.9318181818181819,0.9425287356321839,1,1.0,0.8275862068965517,0,1.0,0.8275862068965517,0,0.9922480620155039,0.8827586206896552,0,1.0,0.8068965517241379,0,0.9921875,0.8758620689655172,1,0.9922480620155039,0.8827586206896552,0,0.987146529562982,0.8827586206896552,0,0.9872122762148338,0.8873563218390804,0,1.0,0.8160919540229885,0,1.0,0.8275862068965517,0,1.0,0.832183908045977,0,1.0,0.8344827586206897,0,1.0,0.8735632183908046,0,1.0,0.8735632183908046,0,1.0,0.0,0
18,0.1,0.92,0.9517241379310345,0,0.9946808510638298,0.8597701149425288,0,0.9946808510638298,0.8597701149425288,0,0.980246913580247,0.9126436781609195,0,0.9945205479452055,0.8344827586206897,0,0.9847715736040609,0.8919540229885058,0,0.982367758186398,0.896551724137931,0,0.9824561403508771,0.9011494252873563,0,0.9825436408977556,0.9057471264367816,0,0.9945504087193461,0.8390804597701149,0,0.9946091644204852,0.8482758620689655,0,0.9946808510638298,0.8597701149425288,0,0.9946949602122016,0.8620689655172413,0,0.9872773536895675,0.8919540229885058,0,0.9872773536895675,0.8919540229885058,0,1.0,0.0,0
19,0.1,0.9452054794520548,0.9517241379310345,1,1.0,0.825287356321839,0,1.0,0.825287356321839,0,0.9949238578680203,0.9011494252873563,0,1.0,0.8045977011494253,0,1.0,0.8942528735632184,0,0.9948979591836735,0.896551724137931,0,0.9949238578680203,0.9011494252873563,0,0.9949238578680203,0.9011494252873563,0,1.0,0.8160919540229885,0,1.0,0.825287356321839,0,1.0,0.8298850574712644,0,1.0,0.8367816091954023,0,1.0,0.8781609195402299,0,1.0,0.8781609195402299,0,1.0,0.0,0
20,0.1,0.9513888888888888,0.9448275862068966,1,0.9972527472527473,0.8344827586206897,0,0.9972527472527473,0.8344827586206897,0,0.9948849104859335,0.8942528735632184,0,1.0,0.8091954022988506,0,0.9948186528497409,0.8827586206896552,0,0.9948849104859335,0.8942528735632184,0,0.9948849104859335,0.8942528735632184,0,0.9923469387755102,0.8942528735632184,0,1.0,0.8229885057471265,0,0.9972375690607734,0.8298850574712644,0,0.9972527472527473,0.8344827586206897,0,0.9972677595628415,0.8390804597701149,0,0.9973753280839895,0.8735632183908046,0,0.9973684210526316,0.871264367816092,0,1.0,0.0,0
21,0.1,0.9234135667396062,0.9701149425287356,1,0.9973474801061007,0.864367816091954,0,0.9973474801061007,0.864367816091954,0,0.9852579852579852,0.9218390804597701,0,0.9972972972972973,0.8482758620689655,0,0.9873096446700508,0.8942528735632184,0,0.9874055415617129,0.9011494252873563,0,0.987468671679198,0.9057471264367816,0,0.9875311720698254,0.9103448275862069,0,0.9973045822102425,0.8505747126436781,0,0.9973190348525469,0.8551724137931035,0,0.9973474801061007,0.864367816091954,0,0.9973544973544973,0.8666666666666667,0,0.9897959183673469,0.8919540229885058,0,0.9897959183673469,0.8919540229885058,0,1.0,0.0,0
22,0.1,0.9395973154362416,0.9655172413793104,1,0.9973684210526316,0.871264367816092,0,0.9973684210526316,0.871264367816092,0,0.9925,0.9126436781609195,1,0.9973190348525469,0.8551724137931035,0,0.9925187032418953,0.9149425287356322,0,0.9925187032418953,0.9149425287356322,0,0.9900497512437811,0.9149425287356322,0,0.9901234567901235,0.9218390804597701,0,0.9973474801061007,0.864367816091954,0,0.9973614775725593,0.8689655172413793,0,0.9973753280839895,0.8735632183908046,0,0.9973958333333334,0.8804597701149425,0,0.9949874686716792,0.9126436781609195,1,0.9974874371859297,0.9126436781609195,0,1.0,0.0,0
23,0.1,0.9610091743119266,0.9632183908045977,1,0.997289972899729,0.8459770114942529,0,0.997289972899729,0.8459770114942529,0,0.9949622166246851,0.9080459770114943,1,0.9972451790633609,0.832183908045977,0,0.9974619289340102,0.903448275862069,0,0.9974683544303797,0.9057471264367816,0,0.9949748743718593,0.9103448275862069,0,0.9949748743718593,0.9103448275862069,0,0.9972677595628415,0.8390804597701149,0,0.997289972899729,0.8459770114942529,0,0.9973045822102425,0.8505747126436781,0,0.9973262032085561,0.8574712643678161,0,0.9974358974358974,0.8942528735632184,0,0.9974358974358974,0.8942528735632184,0,1.0,0.0,0
24,0.1,0.9166666666666666,0.960919540229885,1,0.994750656167979,0.871264367816092,0,0.994750656167979,0.871264367816092,0,0.9850746268656716,0.9103448275862069,0,0.9945945945945946,0.8459770114942529,0,0.9849624060150376,0.903448275862069,0,0.9850746268656716,0.9103448275862069,0,0.9850746268656716,0.9103448275862069,0,0.9851485148514851,0.9149425287356322,0,0.9946380697050938,0.8528735632183908,0,0.9947089947089947,0.864367816091954,0,0.994750656167979,0.871264367816092,0,0.9947780678851175,0.8758620689655172,0,0.9874371859296482,0.903448275862069,0,0.9874371859296482,0.903448275862069,0,1.0,0.0,0
25,0.1,0.9265033407572383,0.9563218390804598,0,0.9973190348525469,0.8551724137931035,0,0.9973190348525469,0.8551724137931035,0,0.9877149877149877,0.9241379310344827,0,0.9972527472527473,0.8344827586206897,0,0.9924050632911392,0.9011494252873563,0,0.98989898989899,0.9011494252873563,0,0.9899244332493703,0.903448275862069,0,0.9899497487437185,0.9057471264367816,0,0.9972826086956522,0.8436781609195402,0,0.997289972899729,0.8459770114942529,0,0.9973118279569892,0.8528735632183908,0,0.9973333333333333,0.8597701149425288,0,0.9923076923076923,0.8896551724137931,1,0.9923076923076923,0.8896551724137931,1,1.0,0.0,0
26,0.1,0.8942917547568711,0.9724137931034482,0,0.9948717948717949,0.8919540229885058,0,0.9948717948717949,0.8919540229885058,0,0.9782082324455206,0.9287356321839081,0,0.9947916666666666,0.8781609195402299,0,0.9828431372549019,0.9218390804597701,0,0.9828850855745721,0.9241379310344827,0,0.9781553398058253,0.9264367816091954,0,0.9782082324455206,0.9287356321839081,0,0.9948186528497409,0.8827586206896552,0,0.9948717948717949,0.8919540229885058,0,0.9948849104859335,0.8942528735632184,0,0.9948979591836735,0.896551724137931,0,0.9826302729528535,0.9103448275862069,1,0.9826302729528535,0.9103448275862069,1,1.0,0.0,0
27,0.1,0.9348314606741573,0.9563218390804598,1,0.9946666666666667,0.8574712643678161,0,0.9946666666666667,0.8574712643678161,0,0.9923857868020305,0.8988505747126436,0,0.9972602739726028,0.8367816091954023,0,0.9923857868020305,0.8988505747126436,0,0.9923857868020305,0.8988505747126436,0,0.9873737373737373,0.8988505747126436,0,0.9874371859296482,0.903448275862069,0,0.9946380697050938,0.8528735632183908,0,0.9946666666666667,0.8574712643678161,0,0.9946808510638298,0.8597701149425288,0,0.9947229551451188,0.8666666666666667,0,0.9948979591836735,0.896551724137931,0,0.9948979591836735,0.896551724137931,0,1.0,0.0,0
28,0.1,0.9265033407572383,0.9563218390804598,1,0.9947089947089947,0.864367816091954,0,0.9947089947089947,0.864367816091954,0,0.9776119402985075,0.903448275862069,0,0.994535519125683,0.8367816091954023,0,0.9822335025380711,0.8896551724137931,0,0.9797979797979798,0.8919540229885058,0,0.9798994974874372,0.896551724137931,0,0.9776119402985075,0.903448275862069,0,0.9946808510638298,0.8597701149425288,0,0.9947089947089947,0.864367816091954,0,0.9947229551451188,0.8666666666666667,0,0.9947368421052631,0.8689655172413793,0,0.9871794871794872,0.8850574712643678,0,0.9871794871794872,0.8850574712643678,0,1.0,0.0,0
29,0.1,0.9651162790697675,0.9540229885057471,0,1.0,0.8229885057471265,0,1.0,0.8229885057471265,0,1.0,0.896551724137931,0,1.0,0.8068965517241379,0,1.0,0.8896551724137931,0,1.0,0.896551724137931,0,0.9974424552429667,0.896551724137931,0,0.9948979591836735,0.896551724137931,0,1.0,0.8206896551724138,0,1.0,0.825287356321839,0,1.0,0.8298850574712644,0,1.0,0.832183908045977,0,1.0,0.8781609195402299,0,1.0,0.8781609195402299,0,1.0,0.0,0
30,0.1,0.9205298013245033,0.9586206896551724,0,0.9973333333333333,0.8597701149425288,0,0.9973333333333333,0.8597701149425288,0,0.9851116625310173,0.9126436781609195,0,1.0,0.8344827586206897,0,0.9924433249370277,0.9057471264367816,0,0.987468671679198,0.9057471264367816,0,0.9875311720698254,0.9103448275862069,0,0.9851116625310173,0.9126436781609195,0,0.9973045822102425,0.8505747126436781,0,0.9973190348525469,0.8551724137931035,0,0.9973333333333333,0.8597701149425288,0,0.9973474801061007,0.864367816091954,0,0.9923664122137404,0.896551724137931,1,0.9923664122137404,0.896551724137931,1,1.0,0.0,0
31,0.1,0.9472477064220184,0.9494252873563218,0,0.997229916897507,0.8275862068965517,0,0.997229916897507,0.8275862068965517,0,0.9897959183673469,0.8919540229885058,0,1.0,0.8114942528735632,0,0.9948186528497409,0.8827586206896552,0,0.9897172236503856,0.8850574712643678,0,0.9897959183673469,0.8919540229885058,0,0.9897959183673469,0.8919540229885058,0,1.0,0.8183908045977012,0,1.0,0.825287356321839,0,0.997229916897507,0.8275862068965517,0,0.9972451790633609,0.832183908045977,0,0.9973684210526316,0.871264367816092,0,0.9973684210526316,0.871264367816092,0,1.0,0.0,0
32,0.1,0.9561200923787528,0.9517241379310345,0,0.9972972972972973,0.8482758620689655,0,0.9972972972972973,0.8482758620689655,0,0.9974226804123711,0.8896551724137931,0,0.9972527472527473,0.8344827586206897,0,0.9974226804123711,0.8896551724137931,0,0.9948717948717949,0.8919540229885058,0,0.9948979591836735,0.896551724137931,0,0.9948979591836735,0.896551724137931,0,0.997275204359673,0.8413793103448276,0,0.997289972899729,0.8459770114942529,0,0.9973045822102425,0.8505747126436781,0,0.9973190348525469,0.8551724137931035,0,0.9974160206718347,0.8873563218390804,0,0.9974160206718347,0.8873563218390804,0,1.0,0.0,0
33,0.1,0.9287305122494433,0.9586206896551724,1,0.9973333333333333,0.8597701149425288,0,0.9973333333333333,0.8597701149425288,0,0.9874371859296482,0.903448275862069,1,0.997289972899729,0.8459770114942529,0,0.9924242424242424,0.903448275862069,0,0.987468671679198,0.9057471264367816,0,0.987468671679198,0.9057471264367816,0,0.9875,0.9080459770114943,0,0.9972972972972973,0.8482758620689655,0,0.9973045822102425,0.8505747126436781,0,0.9973262032085561,0.8574712643678161,0,0.9973404255319149,0.8620689655172413,0,0.9923664122137404,0.896551724137931,1,0.9948979591836735,0.896551724137931,0,1.0,0.0,0
34,0.1,0.9258426966292135,0.9471264367816092,0,0.9946236559139785,0.8505747126436781,0,0.9946236559139785,0.8505747126436781,0,0.982367758186398,0.896551724137931,0,0.994475138121547,0.8275862068965517,0,0.9897435897435898,0.8873563218390804,0,0.9846938775510204,0.8873563218390804,0,0.9848101265822785,0.8942528735632184,0,0.982367758186398,0.896551724137931,0,0.9945205479452055,0.8344827586206897,0,0.9945504087193461,0.8390804597701149,0,0.994579945799458,0.8436781609195402,0,0.9946524064171123,0.8551724137931035,0,0.9922680412371134,0.8850574712643678,0,0.9922480620155039,0.8827586206896552,1,1.0,0.0,0
35,0.1,0.9491916859122402,0.9448275862068966,1,0.9973118279569892,0.8528735632183908,0,0.9973118279569892,0.8528735632183908,0,0.9923469387755102,0.8942528735632184,0,1.0,0.832183908045977,0,0.9948586118251928,0.8896551724137931,0,0.9923076923076923,0.8896551724137931,0,0.9923469387755102,0.8942528735632184,0,0.9923469387755102,0.8942528735632184,0,1.0,0.8459770114942529,0,0.9972972972972973,0.8482758620689655,0,0.9973190348525469,0.8551724137931035,0,0.9973333333333333,0.8597701149425288,0,0.9974025974025974,0.8827586206896552,0,0.9974025974025974,0.8827586206896552,0,1.0,0.0,0
36,0.1,0.9513888888888888,0.9448275862068966,1,1.0,0.8344827586206897,0,1.0,0.8344827586206897,0,0.9923857868020305,0.8988505747126436,0,1.0,0.8137931034482758,0,0.9974226804123711,0.8896551724137931,0,0.9923469387755102,0.8942528735632184,0,0.9923857868020305,0.8988505747126436,0,0.9923857868020305,0.8988505747126436,0,1.0,0.8275862068965517,0,1.0,0.8344827586206897,0,0.9972602739726028,0.8367816091954023,0,0.997275204359673,0.8413793103448276,0,0.9974093264248705,0.8850574712643678,0,0.9974093264248705,0.8850574712643678,0,1.0,0.0,0
37,0.1,0.9386363636363636,0.9494252873563218,1,0.9973190348525469,0.8551724137931035,0,0.9973190348525469,0.8551724137931035,0,0.989821882951654,0.8942528735632184,0,1.0,0.8390804597701149,0,0.989769820971867,0.8896551724137931,0,0.989821882951654,0.8942528735632184,0,0.9848101265822785,0.8942528735632184,0,0.9848866498740554,0.8988505747126436,0,0.9972972972972973,0.8482758620689655,0,0.9973118279569892,0.8528735632183908,0,0.9973262032085561,0.8574712643678161,0,0.9973333333333333,0.8597701149425288,0,0.9974093264248705,0.8850574712643678,0,0.9973958333333334,0.8804597701149425,0,1.0,0.0,0
38,0.1,0.9034334763948498,0.967816091954023,0,0.9949367088607595,0.903448275862069,0,0.9949367088607595,0.903448275862069,0,0.973621103117506,0.9333333333333333,0,0.9948586118251928,0.8896551724137931,0,0.9782082324455206,0.9287356321839081,0,0.9782082324455206,0.9287356321839081,0,0.973621103117506,0.9333333333333333,0,0.973621103117506,0.9333333333333333,0,0.9948979591836735,0.896551724137931,0,0.9949238578680203,0.9011494252873563,0,0.9949494949494949,0.9057471264367816,0,0.9924433249370277,0.9057471264367816,0,0.9802955665024631,0.9149425287356322,1,0.9802955665024631,0.9149425287356322,1,1.0,0.0,0
39,0.1,0.9390519187358917,0.9563218390804598,1,0.9973821989528796,0.8758620689655172,0,0.9973821989528796,0.8758620689655172,0,0.9925187032418953,0.9149425287356322,0,0.9973045822102425,0.8505747126436781,0,0.9925,0.9126436781609195,0,0.9925187032418953,0.9149425287356322,0,0.9925187032418953,0.9149425287356322,0,0.9900497512437811,0.9149425287356322,0,0.9973333333333333,0.8597701149425288,0,0.9973753280839895,0.8735632183908046,0,0.9973890339425587,0.8781609195402299,0,0.9974025974025974,0.8827586206896552,0,0.9974747474747475,0.9080459770114943,0,0.9974811083123426,0.9103448275862069,0,1.0,0.0,0
40,0.1,0.9303370786516854,0.9517241379310345,1,1.0,0.8505747126436781,0,1.0,0.8505747126436781,0,0.9923664122137404,0.896551724137931,0,1.0,0.832183908045977,0,0.9923469387755102,0.8942528735632184,0,0.9923664122137404,0.896551724137931,0,0.9873417721518988,0.896551724137931,0,0.9873737373737373,0.8988505747126436,0,1.0,0.8413793103448276,0,1.0,0.8505747126436781,0,1.0,0.8528735632183908,0,1.0,0.8574712643678161,0,1.0,0.8873563218390804,0,1.0,0.8873563218390804,0,1.0,0.0,0
41,0.1,0.9108695652173913,0.9632183908045977,0,0.9948453608247423,0.8873563218390804,0,0.9948453608247423,0.8873563218390804,0,0.980246913580247,0.9126436781609195,0,0.9947916666666666,0.8781609195402299,0,0.9826302729528535,0.9103448275862069,0,0.980246913580247,0.9126436781609195,0,0.980246913580247,0.9126436781609195,0,0.9754901960784313,0.9149425287356322,0,0.9948186528497409,0.8827586206896552,0,0.9948320413436692,0.8850574712643678,0,0.9948586118251928,0.8896551724137931,0,0.9948717948717949,0.8919540229885058,0,0.9825,0.903448275862069,0,0.9824561403508771,0.9011494252873563,1,1.0,0.0,0
42,0.1,0.9325842696629214,0.9540229885057471,1,0.9945054945054945,0.832183908045977,0,0.9945054945054945,0.832183908045977,0,0.9923857868020305,0.8988505747126436,0,0.9971671388101983,0.8091954022988506,0,0.9923857868020305,0.8988505747126436,0,0.9923857868020305,0.8988505747126436,0,0.9898734177215189,0.8988505747126436,0,0.98989898989899,0.9011494252873563,0,0.9944444444444445,0.8229885057471265,0,0.9944903581267217,0.8298850574712644,0,0.9945205479452055,0.8344827586206897,0,0.9945504087193461,0.8390804597701149,0,0.9948717948717949,0.8919540229885058,0,0.9948717948717949,0.8919540229885058,0,1.0,0.0,0
43,0.1,0.9453302961275627,0.9540229885057471,1,1.0,0.8298850574712644,0,1.0,0.8298850574712644,0,0.9974293059125964,0.8919540229885058,0,1.0,0.8091954022988506,0,1.0,0.8804597701149425,0,0.9974025974025974,0.8827586206896552,0,0.9974160206718347,0.8873563218390804,0,0.9974293059125964,0.8919540229885058,0,1.0,0.825287356321839,0,1.0,0.8298850574712644,0,1.0,0.8344827586206897,0,1.0,0.8390804597701149,0,1.0,0.8735632183908046,0,1.0,0.8735632183908046,0,1.0,0.0,0
44,0.1,0.9213973799126638,0.9701149425287356,0,0.9947368421052631,0.8689655172413793,0,0.9947368421052631,0.8689655172413793,0,0.9925373134328358,0.9172413793103448,0,0.9973045822102425,0.8505747126436781,0,0.9925373134328358,0.9172413793103448,0,0.9925373134328358,0.9172413793103448,0,0.9925742574257426,0.9218390804597701,0,0.9901477832512315,0.9241379310344827,0,0.9947089947089947,0.864367816091954,0,0.9947229551451188,0.8666666666666667,0,0.994750656167979,0.871264367816092,0,0.9948051948051948,0.8804597701149425,0,0.9925,0.9126436781609195,1,0.9925,0.9126436781609195,1,1.0,0.0,0
45,0.1,0.9284116331096197,0.9540229885057471,1,0.9947229551451188,0.8666666666666667,0,0.9947229551451188,0.8666666666666667,0,0.9848484848484849,0.896551724137931,0,0.9945945945945946,0.8459770114942529,0,0.9847715736040609,0.8919540229885058,0,0.9848484848484849,0.896551724137931,0,0.9848484848484849,0.896551724137931,0,0.9849246231155779,0.9011494252873563,0,0.9946236559139785,0.8505747126436781,0,0.9946949602122016,0.8620689655172413,0,0.9947229551451188,0.8666666666666667,0,0.994750656167979,0.871264367816092,0,0.9872122762148338,0.8873563218390804,1,0.9872122762148338,0.8873563218390804,1,1.0,0.0,0
46,0.1,0.9497716894977168,0.9563218390804598,1,1.0,0.8344827586206897,0,1.0,0.8344827586206897,0,0.9899244332493703,0.903448275862069,0,1.0,0.8183908045977012,0,0.9974160206718347,0.8873563218390804,0,0.9923273657289002,0.8919540229885058,0,0.9898477157360406,0.896551724137931,0,0.9899244332493703,0.903448275862069,0,1.0,0.8275862068965517,0,1.0,0.8344827586206897,0,1.0,0.8413793103448276,0,0.9972826086956522,0.8436781609195402,0,0.9973821989528796,0.8758620689655172,0,0.9973821989528796,0.8758620689655172,0,1.0,0.0,0
47,0.1,0.9363636363636364,0.9471264367816092,1,0.994579945799458,0.8436781609195402,0,0.994579945799458,0.8436781609195402,0,0.989769820971867,0.8896551724137931,0,0.9972222222222222,0.825287356321839,0,0.989769820971867,0.8896551724137931,0,0.9872448979591837,0.8896551724137931,0,0.9872448979591837,0.8896551724137931,0,0.9872773536895675,0.8919540229885058,0,0.994535519125683,0.8367816091954023,0,0.9945504087193461,0.8390804597701149,0,0.994579945799458,0.8436781609195402,0,0.9946091644204852,0.8482758620689655,0,0.9948051948051948,0.8804597701149425,0,0.9948051948051948,0.8804597701149425,0,1.0,0.0,0
48,0.1,0.9142857142857143,0.9563218390804598,1,0.9946524064171123,0.8551724137931035,0,0.9946524064171123,0.8551724137931035,0,0.9825436408977556,0.9057471264367816,0,0.9945205479452055,0.8344827586206897,0,0.9847328244274809,0.8896551724137931,0,0.9823232323232324,0.8942528735632184,0,0.9824120603015075,0.8988505747126436,0,0.9825436408977556,0.9057471264367816,0,0.9946091644204852,0.8482758620689655,0,0.9946380697050938,0.8528735632183908,0,0.9946524064171123,0.8551724137931035,0,0.9946808510638298,0.8597701149425288,0,0.9896907216494846,0.8827586206896552,0,0.9896907216494846,0.8827586206896552,0,1.0,0.0,0
49,0.1,0.9186813186813186,0.960919540229885,1,0.9947780678851175,0.8758620689655172,0,0.9947780678851175,0.8758620689655172,0,0.9852216748768473,0.9195402298850575,0,0.9946380697050938,0.8528735632183908,0,0.9849624060150376,0.903448275862069,0,0.985,0.9057471264367816,0,0.9850746268656716,0.9103448275862069,0,0.9852216748768473,0.9195402298850575,0,0.9947368421052631,0.8689655172413793,0,0.9947643979057592,0.8735632183908046,0,0.9947916666666666,0.8781609195402299,0,0.9948186528497409,0.8827586206896552,0,0.9874055415617129,0.9011494252873563,0,0.9874055415617129,0.9011494252873563,0,1.0,0.0,0
50,0.1,0.911062906724512,0.9655172413793104,1,0.9973753280839895,0.8735632183908046,0,0.9973753280839895,0.8735632183908046,0,0.9851485148514851,0.9149425287356322,0,0.9973045822102425,0.8505747126436781,0,0.9874371859296482,0.903448275862069,0,0.9849624060150376,0.903448275862069,0,0.9850374064837906,0.9080459770114943,0,0.9851485148514851,0.9149425287356322,0,0.9973474801061007,0.864367816091954,0,0.9973614775725593,0.8689655172413793,0,0.9973753280839895,0.8735632183908046,0,0.9973821989528796,0.8758620689655172,0,0.9898477157360406,0.896551724137931,0,0.9898477157360406,0.896551724137931,0,1.0,0.0,0
51,0.1,0.9303370786516854,0.9517241379310345,1,0.9947368421052631,0.8689655172413793,0,0.9947368421052631,0.8689655172413793,0,0.9848484848484849,0.896551724137931,1,0.9945504087193461,0.8390804597701149,0,0.9897959183673469,0.8919540229885058,0,0.9873417721518988,0.896551724137931,0,0.9848484848484849,0.896551724137931,0,0.9849246231155779,0.9011494252873563,0,0.9945945945945946,0.8459770114942529,0,0.9946236559139785,0.8505747126436781,0,0.9947229551451188,0.8666666666666667,0,0.994750656167979,0.871264367816092,0,0.9897435897435898,0.8873563218390804,1,0.9897435897435898,0.8873563218390804,1,1.0,0.0,0
52,0.1,0.951276102088167,0.9425287356321839,0,0.9973262032085561,0.8574712643678161,0,0.9973262032085561,0.8574712643678161,0,0.9923664122137404,0.896551724137931,0,0.997275204359673,0.8413793103448276,0,0.9923664122137404,0.896551724137931,0,0.9923857868020305,0.8988505747126436,0,0.9923857868020305,0.8988505747126436,0,0.9898734177215189,0.8988505747126436,0,0.9973045822102425,0.8505747126436781,0,0.9973262032085561,0.8574712643678161,0,0.9973333333333333,0.8597701149425288,0,0.9973474801061007,0.864367816091954,0,0.9974226804123711,0.8896551724137931,0,0.9974226804123711,0.8896551724137931,0,1.0,0.0,0
53,0.1,0.930648769574944,0.9563218390804598,0,0.9945945945945946,0.8459770114942529,0,0.9945945945945946,0.8459770114942529,0,0.9848484848484849,0.896551724137931,0,0.9972451790633609,0.832183908045977,0,0.9922879177377892,0.8873563218390804,0,0.9872122762148338,0.8873563218390804,0,0.9873096446700508,0.8942528735632184,0,0.9848484848484849,0.896551724137931,0,0.994579945799458,0.8436781609195402,0,0.9945945945945946,0.8459770114942529,0,0.9946236559139785,0.8505747126436781,0,0.9946380697050938,0.8528735632183908,0,0.9948186528497409,0.8827586206896552,0,0.9948186528497409,0.8827586206896552,0,1.0,0.0,0
54,0.1,0.9606481481481481,0.9540229885057471,1,1.0,0.8367816091954023,0,1.0,0.8367816091954023,0,0.9924050632911392,0.9011494252873563,0,1.0,0.8091954022988506,0,0.9974293059125964,0.8919540229885058,0,0.9923273657289002,0.8919540229885058,0,0.9923664122137404,0.896551724137931,0,0.9924050632911392,0.9011494252873563,0,1.0,0.8275862068965517,0,1.0,0.8344827586206897,0,1.0,0.8390804597701149,0,0.997275204359673,0.8413793103448276,0,0.9974025974025974,0.8827586206896552,0,0.9974025974025974,0.8827586206896552,0,1.0,0.0,0
55,0.1,0.9343891402714932,0.9494252873563218,1,0.9973190348525469,0.8551724137931035,0,0.9973190348525469,0.8551724137931035,0,0.9924050632911392,0.9011494252873563,0,1.0,0.8390804597701149,0,0.9923664122137404,0.896551724137931,0,0.9924050632911392,0.9011494252873563,0,0.9924050632911392,0.9011494252873563,0,0.98989898989899,0.9011494252873563,0,1.0,0.8482758620689655,0,0.9973190348525469,0.8551724137931035,0,0.9973333333333333,0.8597701149425288,0,0.9973404255319149,0.8620689655172413,0,0.9974226804123711,0.8896551724137931,0,0.9974226804123711,0.8896551724137931,0,1.0,0.0,0
56,0.1,0.918141592920354,0.9540229885057471,1,0.9947089947089947,0.864367816091954,0,0.9947089947089947,0.864367816091954,0,0.9850746268656716,0.9103448275862069,0,0.9945054945054945,0.832183908045977,0,0.9872448979591837,0.8896551724137931,0,0.9847715736040609,0.8919540229885058,0,0.9848866498740554,0.8988505747126436,0,0.9849624060150376,0.903448275862069,0,0.9945945945945946,0.8459770114942529,0,0.9946949602122016,0.8620689655172413,0,0.9947229551451188,0.8666666666666667,0,0.994750656167979,0.871264367816092,0,0.9922879177377892,0.8873563218390804,0,0.9922879177377892,0.8873563218390804,0,1.0,0.0,0
57,0.1,0.9311111111111111,0.9632183908045977,0,0.9973333333333333,0.8597701149425288,0,0.9973333333333333,0.8597701149425288,0,0.9875,0.9080459770114943,0,0.9972527472527473,0.8344827586206897,0,0.98989898989899,0.9011494252873563,0,0.9874055415617129,0.9011494252873563,0,0.9875,0.9080459770114943,0,0.9850374064837906,0.9080459770114943,0,0.997289972899729,0.8459770114942529,0,0.9973045822102425,0.8505747126436781,0,0.9973190348525469,0.8551724137931035,0,0.9973404255319149,0.8620689655172413,0,0.9923469387755102,0.8942528735632184,1,0.9923469387755102,0.8942528735632184,1,1.0,0.0,0
58,0.1,0.9185022026431718,0.9586206896551724,1,0.9948320413436692,0.8850574712643678,0,0.9948320413436692,0.8850574712643678,0,0.9854014598540146,0.9310344827586207,0,0.9946949602122016,0.8620689655172413,0,0.9851116625310173,0.9126436781609195,1,0.9851485148514851,0.9149425287356322,0,0.9851851851851852,0.9172413793103448,0,0.9852579852579852,0.9218390804597701,0,0.9947229551451188,0.8666666666666667,0,0.9948051948051948,0.8804597701149425,0,0.9948453608247423,0.8873563218390804,0,0.9948586118251928,0.8896551724137931,0,0.9900249376558603,0.9126436781609195,0,0.99,0.9103448275862069,0,1.0,0.0,0
59,0.1,0.9266666666666666,0.9586206896551724,0,0.9946666666666667,0.8574712643678161,0,0.9946666666666667,0.8574712643678161,0,0.9827586206896551,0.9172413793103448,0,0.994475138121547,0.8275862068965517,0,0.9847715736040609,0.8919540229885058,1,0.9848484848484849,0.896551724137931,0,0.9849246231155779,0.9011494252873563,0,0.985,0.9057471264367816,0,0.9945205479452055,0.8344827586206897,0,0.9945945945945946,0.8459770114942529,0,0.9946666666666667,0.8574712643678161,0,0.9946949602122016,0.8620689655172413,0,0.9897959183673469,0.8919540229885058,0,0.989769820971867,0.8896551724137931,0,1.0,0.0,0
60,0.1,0.9534883720930233,0.9425287356321839,1,1.0,0.8137931034482758,0,1.0,0.8137931034482758,0,0.9948186528497409,0.8827586206896552,0,1.0,0.7977011494252874,0,0.9973614775725593,0.8689655172413793,0,0.9973684210526316,0.871264367816092,0,0.9947780678851175,0.8758620689655172,0,0.9948186528497409,0.8827586206896552,0,1.0,0.8091954022988506,0,1.0,0.8137931034482758,0,1.0,0.8160919540229885,0,1.0,0.8206896551724138,0,0.9973333333333333,0.8597701149425288,0,0.9973333333333333,0.8597701149425288,0,1.0,0.0,0
61,0.1,0.9407744874715261,0.9494252873563218,1,0.9972972972972973,0.8482758620689655,0,0.9972972972972973,0.8482758620689655,0,0.9924433249370277,0.9057471264367816,0,1.0,0.8275862068965517,0,0.9949238578680203,0.9011494252873563,0,0.9924433249370277,0.9057471264367816,0,0.9924433249370277,0.9057471264367816,0,0.9899497487437185,0.9057471264367816,0,1.0,0.8344827586206897,0,0.997275204359673,0.8413793103448276,0,0.9973045822102425,0.8505747126436781,0,0.9973190348525469,0.8551724137931035,0,0.9974293059125964,0.8919540229885058,0,0.9974293059125964,0.8919540229885058,0,1.0,0.0,0
62,0.1,0.9330357142857143,0.960919540229885,0,0.997289972899729,0.8459770114942529,0,0.997289972899729,0.8459770114942529,0,0.9899244332493703,0.903448275862069,1,1.0,0.8206896551724138,0,0.9899244332493703,0.903448275862069,0,0.9899244332493703,0.903448275862069,0,0.9849624060150376,0.903448275862069,0,0.9850374064837906,0.9080459770114943,0,0.9972602739726028,0.8367816091954023,0,0.9972826086956522,0.8436781609195402,0,0.9972972972972973,0.8482758620689655,0,0.9973118279569892,0.8528735632183908,0,0.9974489795918368,0.8988505747126436,0,0.9949109414758269,0.8988505747126436,1,1.0,0.0,0
63,0.1,0.9144736842105263,0.9586206896551724,1,0.9973614775725593,0.8689655172413793,0,0.9973614775725593,0.8689655172413793,0,0.9852579852579852,0.9218390804597701,0,0.9972972972972973,0.8482758620689655,0,0.98989898989899,0.9011494252873563,0,0.987468671679198,0.9057471264367816,0,0.9875311720698254,0.9103448275862069,0,0.9851485148514851,0.9149425287356322,0,0.9973333333333333,0.8597701149425288,0,0.9973614775725593,0.8689655172413793,0,0.9973753280839895,0.8735632183908046,0,0.9973821989528796,0.8758620689655172,0,0.9923857868020305,0.8988505747126436,0,0.9923857868020305,0.8988505747126436,0,1.0,0.0,0
64,0.1,0.9222222222222223,0.9540229885057471,1,0.9947916666666666,0.8781609195402299,0,0.9947916666666666,0.8781609195402299,0,0.9829268292682927,0.9264367816091954,0,0.9946380697050938,0.8528735632183908,0,0.9874371859296482,0.903448275862069,1,0.9850374064837906,0.9080459770114943,0,0.9851116625310173,0.9126436781609195,0,0.9851851851851852,0.9172413793103448,0,0.9947089947089947,0.864367816091954,0,0.9947916666666666,0.8781609195402299,0,0.9948051948051948,0.8804597701149425,0,0.9948320413436692,0.8850574712643678,0,0.9924242424242424,0.903448275862069,0,0.9924050632911392,0.9011494252873563,0,1.0,0.0,0
65,0.1,0.922566371681416,0.9586206896551724,1,0.9946949602122016,0.8620689655172413,0,0.9946949602122016,0.8620689655172413,0,0.9875,0.9080459770114943,0,0.9945205479452055,0.8344827586206897,0,0.9897172236503856,0.8850574712643678,0,0.9897435897435898,0.8873563218390804,0,0.9872448979591837,0.8896551724137931,0,0.9873417721518988,0.896551724137931,0,0.9945652173913043,0.8413793103448276,0,0.9946091644204852,0.8482758620689655,0,0.9946808510638298,0.8597701149425288,0,0.9947089947089947,0.864367816091954,0,0.9922480620155039,0.8827586206896552,0,0.9922480620155039,0.8827586206896552,0,1.0,0.0,0
66,0.1,0.9108695652173913,0.9632183908045977,1,0.9947916666666666,0.8781609195402299,0,0.9947916666666666,0.8781609195402299,0,0.9803921568627451,0.9195402298850575,0,0.9946236559139785,0.8505747126436781,0,0.9825,0.903448275862069,0,0.9825870646766169,0.9080459770114943,0,0.9802955665024631,0.9149425287356322,0,0.9803921568627451,0.9195402298850575,0,0.994750656167979,0.871264367816092,0,0.9947780678851175,0.8758620689655172,0,0.9948051948051948,0.8804597701149425,0,0.9948186528497409,0.8827586206896552,0,0.9873737373737373,0.8988505747126436,0,0.9873737373737373,0.8988505747126436,0,1.0,0.0,0
67,0.1,0.9025974025974026,0.9586206896551724,1,0.9947780678851175,0.8758620689655172,0,0.9947780678851175,0.8758620689655172,0,0.9779951100244498,0.9195402298850575,0,0.9946808510638298,0.8597701149425288,0,0.9801488833746899,0.9080459770114943,0,0.9779951100244498,0.9195402298850575,0,0.9780487804878049,0.9218390804597701,0,0.9757281553398058,0.9241379310344827,0,0.9947089947089947,0.864367816091954,0,0.9947368421052631,0.8689655172413793,0,0.9947643979057592,0.8735632183908046,0,0.9947916666666666,0.8781609195402299,0,0.9824120603015075,0.8988505747126436,0,0.9824120603015075,0.8988505747126436,0,1.0,0.0,0
68,0.1,0.922566371681416,0.9586206896551724,1,0.9947916666666666,0.8781609195402299,0,0.9947916666666666,0.8781609195402299,0,0.9803439803439803,0.9172413793103448,0,0.9946380697050938,0.8528735632183908,0,0.9825870646766169,0.9080459770114943,1,0.9826732673267327,0.9126436781609195,0,0.9803439803439803,0.9172413793103448,0,0.9803921568627451,0.9195402298850575,0,0.9946666666666667,0.8574712643678161,0,0.9947229551451188,0.8666666666666667,0,0.9947916666666666,0.8781609195402299,0,0.9948051948051948,0.8804597701149425,0,0.987468671679198,0.9057471264367816,0,0.987468671679198,0.9057471264367816,0,1.0,0.0,0
69,0.1,0.9537037037037037,0.9471264367816092,1,1.0,0.8298850574712644,0,1.0,0.8298850574712644,0,0.9948453608247423,0.8873563218390804,1,1.0,0.8160919540229885,0,1.0,0.8781609195402299,0,0.9974025974025974,0.8827586206896552,0,0.9948453608247423,0.8873563218390804,0,0.9948586118251928,0.8896551724137931,0,1.0,0.825287356321839,0,1.0,0.8298850574712644,0,1.0,0.8344827586206897,0,1.0,0.8367816091954023,0,1.0,0.871264367816092,0,1.0,0.871264367816092,0,1.0,0.0,0
70,0.1,0.9293598233995585,0.967816091954023,1,0.9946808510638298,0.8597701149425288,0,0.9946808510638298,0.8597701149425288,0,0.9828431372549019,0.9218390804597701,0,0.9944903581267217,0.8298850574712644,0,0.9923664122137404,0.896551724137931,0,0.9874055415617129,0.9011494252873563,0,0.985,0.9057471264367816,0,0.9850374064837906,0.9080459770114943,0,0.9945504087193461,0.8390804597701149,0,0.9945652173913043,0.8413793103448276,0,0.9946236559139785,0.8505747126436781,0,0.9946949602122016,0.8620689655172413,0,0.9923076923076923,0.8896551724137931,1,0.9923076923076923,0.8896551724137931,1,1.0,0.0,0
71,0.1,0.8881856540084389,0.967816091954023,1,0.9949109414758269,0.8988505747126436,0,0.9949109414758269,0.8988505747126436,0,0.9779951100244498,0.9195402298850575,0,0.9948186528497409,0.8827586206896552,0,0.9779951100244498,0.9195402298850575,0,0.9779951100244498,0.9195402298850575,0,0.975669099756691,0.9218390804597701,0,0.975669099756691,0.9218390804597701,0,0.9948717948717949,0.8919540229885058,0,0.9948849104859335,0.8942528735632184,0,0.9949109414758269,0.8988505747126436,0,0.9923857868020305,0.8988505747126436,0,0.9801488833746899,0.9080459770114943,0,0.9801488833746899,0.9080459770114943,0,1.0,0.0,0
72,0.1,0.9168490153172867,0.9632183908045977,1,0.9947643979057592,0.8735632183908046,0,0.9947643979057592,0.8735632183908046,0,0.9803439803439803,0.9172413793103448,0,0.9946949602122016,0.8620689655172413,0,0.98,0.9011494252873563,0,0.980246913580247,0.9126436781609195,0,0.9803439803439803,0.9172413793103448,0,0.9803439803439803,0.9172413793103448,0,0.9947368421052631,0.8689655172413793,0,0.994750656167979,0.871264367816092,0,0.9947643979057592,0.8735632183908046,0,0.9947780678851175,0.8758620689655172,0,0.9822335025380711,0.8896551724137931,1,0.9822335025380711,0.8896551724137931,1,1.0,0.0,0
73,0.1,0.9511627906976744,0.9402298850574713,1,1.0,0.8344827586206897,0,1.0,0.8344827586206897,0,0.9948453608247423,0.8873563218390804,0,1.0,0.825287356321839,0,1.0,0.8827586206896552,0,0.9948320413436692,0.8850574712643678,0,0.9948453608247423,0.8873563218390804,0,0.9948717948717949,0.8919540229885058,0,1.0,0.832183908045977,0,1.0,0.8344827586206897,0,1.0,0.8390804597701149,0,1.0,0.8413793103448276,0,1.0,0.8804597701149425,0,1.0,0.8804597701149425,0,1.0,0.0,0
74,0.1,0.933184855233853,0.9632183908045977,1,0.9947229551451188,0.8666666666666667,0,0.9947229551451188,0.8666666666666667,0,0.99,0.9103448275862069,1,0.9972972972972973,0.8482758620689655,0,0.9900249376558603,0.9126436781609195,0,0.9875621890547264,0.9126436781609195,0,0.9875621890547264,0.9126436781609195,0,0.9875930521091811,0.9149425287356322,0,0.9946666666666667,0.8574712643678161,0,0.9946949602122016,0.8620689655172413,0,0.9947368421052631,0.8689655172413793,0,0.9947780678851175,0.8758620689655172,0,0.99,0.9103448275862069,1,0.9924812030075187,0.9103448275862069,1,1.0,0.0,0
75,0.1,0.958041958041958,0.9448275862068966,1,1.0,0.8298850574712644,0,1.0,0.8298850574712644,0,0.9948849104859335,0.8942528735632184,1,1.0,0.8137931034482758,0,1.0,0.8873563218390804,0,1.0,0.8919540229885058,0,0.9948849104859335,0.8942528735632184,0,0.9948849104859335,0.8942528735632184,0,1.0,0.825287356321839,0,1.0,0.8298850574712644,0,1.0,0.832183908045977,0,1.0,0.8367816091954023,0,1.0,0.8758620689655172,0,1.0,0.871264367816092,0,1.0,0.0,0
76,0.1,0.9670588235294117,0.9448275862068966,1,1.0,0.8183908045977012,0,1.0,0.8183908045977012,0,1.0,0.8896551724137931,0,1.0,0.8,0,1.0,0.8758620689655172,0,1.0,0.8827586206896552,0,1.0,0.8850574712643678,0,1.0,0.8919540229885058,0,1.0,0.8114942528735632,0,1.0,0.8206896551724138,0,1.0,0.825287356321839,0,1.0,0.832183908045977,0,1.0,0.8689655172413793,0,1.0,0.8689655172413793,0,1.0,0.0,0
77,0.1,0.9625292740046838,0.9448275862068966,1,1.0,0.8275862068965517,0,1.0,0.8275862068965517,0,0.9923273657289002,0.8919540229885058,0,1.0,0.8114942528735632,0,0.9974160206718347,0.8873563218390804,0,0.9948453608247423,0.8873563218390804,0,0.9923273657289002,0.8919540229885058,0,0.9923469387755102,0.8942528735632184,0,1.0,0.8229885057471265,0,1.0,0.8275862068965517,0,1.0,0.8298850574712644,0,1.0,0.8344827586206897,0,0.9973958333333334,0.8804597701149425,0,0.9973958333333334,0.8804597701149425,0,1.0,0.0,0
78,0.1,0.9452054794520548,0.9517241379310345,1,0.994579945799458,0.8436781609195402,0,0.994579945799458,0.8436781609195402,0,0.9873096446700508,0.8942528735632184,0,0.9972144846796658,0.8229885057471265,0,0.9873096446700508,0.8942528735632184,0,0.9848101265822785,0.8942528735632184,0,0.9848866498740554,0.8988505747126436,0,0.9849246231155779,0.9011494252873563,0,0.9945205479452055,0.8344827586206897,0,0.9945504087193461,0.8390804597701149,0,0.9945652173913043,0.8413793103448276,0,0.9946091644204852,0.8482758620689655,0,0.9896907216494846,0.8827586206896552,1,0.9922480620155039,0.8827586206896552,1,1.0,0.0,0
79,0.1,0.9630484988452656,0.9586206896551724,0,1.0,0.832183908045977,0,1.0,0.832183908045977,0,0.9924050632911392,0.9011494252873563,1,1.0,0.8114942528735632,0,1.0,0.8896551724137931,0,1.0,0.896551724137931,0,0.9948979591836735,0.896551724137931,0,0.9924050632911392,0.9011494252873563,0,1.0,0.825287356321839,0,1.0,0.832183908045977,0,1.0,0.8367816091954023,0,1.0,0.8390804597701149,0,1.0,0.8804597701149425,0,1.0,0.8804597701149425,0,1.0,0.0,0
80,0.1,0.9516129032258065,0.9494252873563218,0,1.0,0.825287356321839,0,1.0,0.825287356321839,0,0.9923273657289002,0.8919540229885058,1,1.0,0.8091954022988506,0,0.9974293059125964,0.8919540229885058,0,0.9923273657289002,0.8919540229885058,0,0.9923664122137404,0.896551724137931,0,0.9923664122137404,0.896551724137931,0,1.0,0.8206896551724138,0,1.0,0.825287356321839,0,1.0,0.8298850574712644,0,0.9972602739726028,0.8367816091954023,0,0.9973958333333334,0.8804597701149425,0,0.9974093264248705,0.8850574712643678,0,1.0,0.0,0
81,0.1,0.9455782312925171,0.9586206896551724,1,0.9946380697050938,0.8528735632183908,0,0.9946380697050938,0.8528735632183908,0,0.9924433249370277,0.9057471264367816,0,0.9972527472527473,0.8344827586206897,0,0.9923857868020305,0.8988505747126436,0,0.9924433249370277,0.9057471264367816,0,0.987468671679198,0.9057471264367816,0,0.9875,0.9080459770114943,0,0.994579945799458,0.8436781609195402,0,0.9946236559139785,0.8505747126436781,0,0.9946524064171123,0.8551724137931035,0,0.9946666666666667,0.8574712643678161,0,0.9948849104859335,0.8942528735632184,0,0.9948849104859335,0.8942528735632184,0,1.0,0.0,0
82,0.1,0.9303370786516854,0.9517241379310345,1,0.9946524064171123,0.8551724137931035,0,0.9946524064171123,0.8551724137931035,0,0.989821882951654,0.8942528735632184,0,0.9945652173913043,0.8413793103448276,0,0.989821882951654,0.8942528735632184,0,0.989821882951654,0.8942528735632184,0,0.9898477157360406,0.896551724137931,0,0.9873417721518988,0.896551724137931,0,0.9946091644204852,0.8482758620689655,0,0.9946236559139785,0.8505747126436781,0,0.9946524064171123,0.8551724137931035,0,0.9947089947089947,0.864367816091954,0,0.9922680412371134,0.8850574712643678,1,0.9948320413436692,0.8850574712643678,0,1.0,0.0,0
83,0.1,0.9185022026431718,0.9586206896551724,1,0.9947229551451188,0.8666666666666667,0,0.9947229551451188,0.8666666666666667,0,0.9827586206896551,0.9172413793103448,0,0.9945504087193461,0.8390804597701149,0,0.9873737373737373,0.8988505747126436,0,0.987468671679198,0.9057471264367816,0,0.9850746268656716,0.9103448275862069,0,0.9850746268656716,0.9103448275862069,0,0.9945945945945946,0.8459770114942529,0,0.9946524064171123,0.8551724137931035,0,0.9947089947089947,0.864367816091954,0,0.9947368421052631,0.8689655172413793,0,0.9873737373737373,0.8988505747126436,0,0.9873737373737373,0.8988505747126436,0,1.0,0.0,0
84,0.1,0.9478458049886621,0.960919540229885,1,0.9946808510638298,0.8597701149425288,0,0.9946808510638298,0.8597701149425288,0,0.992462311557789,0.9080459770114943,0,0.9972677595628415,0.8390804597701149,0,0.9923857868020305,0.8988505747126436,0,0.992462311557789,0.9080459770114943,0,0.992462311557789,0.9080459770114943,0,0.9899749373433584,0.9080459770114943,0,0.9973045822102425,0.8505747126436781,0,0.9946666666666667,0.8574712643678161,0,0.9946949602122016,0.8620689655172413,0,0.9947089947089947,0.864367816091954,0,0.9948849104859335,0.8942528735632184,0,0.9948849104859335,0.8942528735632184,0,1.0,0.0,0
85,0.1,0.9269911504424779,0.9632183908045977,0,0.9947229551451188,0.8666666666666667,0,0.9947229551451188,0.8666666666666667,0,0.9801980198019802,0.9103448275862069,0,0.994535519125683,0.8367816091954023,0,0.9824120603015075,0.8988505747126436,0,0.9799498746867168,0.8988505747126436,0,0.9800498753117207,0.903448275862069,0,0.9801980198019802,0.9103448275862069,0,0.9946236559139785,0.8505747126436781,0,0.9946949602122016,0.8620689655172413,0,0.9947229551451188,0.8666666666666667,0,0.9947368421052631,0.8689655172413793,0,0.9873096446700508,0.8942528735632184,0,0.9873096446700508,0.8942528735632184,0,1.0,0.0,0
86,0.1,0.9222222222222223,0.9540229885057471,1,0.9946666666666667,0.8574712643678161,0,0.9946666666666667,0.8574712643678161,0,0.9825870646766169,0.9080459770114943,0,0.9945205479452055,0.8344827586206897,0,0.9846547314578005,0.8850574712643678,1,0.9822784810126582,0.8919540229885058,0,0.9823232323232324,0.8942528735632184,0,0.9824120603015075,0.8988505747126436,0,0.9945652173913043,0.8413793103448276,0,0.9946524064171123,0.8551724137931035,0,0.9946808510638298,0.8597701149425288,0,0.9946949602122016,0.8620689655172413,0,0.9897172236503856,0.8850574712643678,0,0.9896907216494846,0.8827586206896552,1,1.0,0.0,0
87,0.1,0.9241071428571429,0.9517241379310345,0,0.9973474801061007,0.864367816091954,0,0.9973474801061007,0.864367816091954,0,0.9949109414758269,0.8988505747126436,0,0.9972826086956522,0.8436781609195402,0,0.9949109414758269,0.8988505747126436,0,0.9924050632911392,0.9011494252873563,0,0.9899244332493703,0.903448275862069,0,0.9899244332493703,0.903448275862069,0,0.9972972972972973,0.8482758620689655,0,0.9973190348525469,0.8551724137931035,0,0.9973404255319149,0.8620689655172413,0,0.9973544973544973,0.8666666666666667,0,0.9948849104859335,0.8942528735632184,1,0.9948849104859335,0.8942528735632184,1,1.0,0.0,0
88,0.1,0.9012875536480687,0.9655172413793104,0,0.9948453608247423,0.8873563218390804,0,0.9948453608247423,0.8873563218390804,0,0.9779951100244498,0.9195402298850575,0,0.9947229551451188,0.8666666666666667,0,0.9801980198019802,0.9103448275862069,0,0.9779951100244498,0.9195402298850575,0,0.9779951100244498,0.9195402298850575,0,0.9732360097323601,0.9195402298850575,0,0.994750656167979,0.871264367816092,0,0.9947916666666666,0.8781609195402299,0,0.9948320413436692,0.8850574712643678,0,0.9948586118251928,0.8896551724137931,0,0.9825436408977556,0.9057471264367816,0,0.9825436408977556,0.9057471264367816,0,1.0,0.0,0
89,0.1,0.9084967320261438,0.9586206896551724,1,0.9947916666666666,0.8781609195402299,0,0.9947916666666666,0.8781609195402299,0,0.9826732673267327,0.9126436781609195,0,0.9946236559139785,0.8505747126436781,0,0.9824561403508771,0.9011494252873563,0,0.9825436408977556,0.9057471264367816,0,0.9826732673267327,0.9126436781609195,0,0.9826732673267327,0.9126436781609195,0,0.9947368421052631,0.8689655172413793,0,0.9947643979057592,0.8735632183908046,0,0.9947780678851175,0.8758620689655172,0,0.9948051948051948,0.8804597701149425,0,0.9848101265822785,0.8942528735632184,1,0.9873096446700508,0.8942528735632184,0,1.0,0.0,0
90,0.1,0.9205298013245033,0.9586206896551724,0,0.9973262032085561,0.8574712643678161,0,0.9973262032085561,0.8574712643678161,0,0.9899497487437185,0.9057471264367816,0,1.0,0.8390804597701149,0,0.9899497487437185,0.9057471264367816,0,0.987468671679198,0.9057471264367816,0,0.9875311720698254,0.9103448275862069,0,0.9875621890547264,0.9126436781609195,0,0.9973045822102425,0.8505747126436781,0,0.9973190348525469,0.8551724137931035,0,0.9973333333333333,0.8597701149425288,0,0.9973544973544973,0.8666666666666667,0,0.9923664122137404,0.896551724137931,1,0.9923664122137404,0.896551724137931,1,1.0,0.0,0
91,0.1,0.9144736842105263,0.9586206896551724,0,0.9973474801061007,0.864367816091954,0,0.9973474801061007,0.864367816091954,0,0.9925,0.9126436781609195,0,1.0,0.8459770114942529,0,0.9925,0.9126436781609195,0,0.9900249376558603,0.9126436781609195,0,0.9900744416873449,0.9172413793103448,0,0.9876237623762376,0.9172413793103448,0,0.9973190348525469,0.8551724137931035,0,0.9973333333333333,0.8597701149425288,0,0.9973544973544973,0.8666666666666667,0,0.9973753280839895,0.8735632183908046,0,0.9949367088607595,0.903448275862069,1,0.9949367088607595,0.903448275862069,1,1.0,0.0,0
92,0.1,0.913232104121475,0.967816091954023,1,0.9948320413436692,0.8850574712643678,0,0.9948320413436692,0.8850574712643678,0,0.9805352798053528,0.9264367816091954,0,0.9946808510638298,0.8597701149425288,0,0.9826302729528535,0.9103448275862069,0,0.9827160493827161,0.9149425287356322,0,0.9804878048780488,0.9241379310344827,0,0.9805352798053528,0.9264367816091954,0,0.9947916666666666,0.8781609195402299,0,0.9948186528497409,0.8827586206896552,0,0.9948320413436692,0.8850574712643678,0,0.9948586118251928,0.8896551724137931,0,0.9874371859296482,0.903448275862069,0,0.9874371859296482,0.903448275862069,0,1.0,0.0,0
93,0.1,0.9537037037037037,0.9471264367816092,1,1.0,0.825287356321839,0,1.0,0.825287356321839,0,1.0,0.8919540229885058,0,1.0,0.8091954022988506,0,1.0,0.8850574712643678,0,1.0,0.8919540229885058,0,0.9974293059125964,0.8919540229885058,0,0.9948717948717949,0.8919540229885058,0,1.0,0.8183908045977012,0,1.0,0.8229885057471265,0,1.0,0.8275862068965517,0,1.0,0.832183908045977,0,1.0,0.8735632183908046,0,1.0,0.8735632183908046,0,1.0,0.0,0
94,0.1,0.9328859060402684,0.9586206896551724,1,0.9972972972972973,0.8482758620689655,0,0.9972972972972973,0.8482758620689655,0,0.9949109414758269,0.8988505747126436,0,0.9972222222222222,0.825287356321839,0,0.9949109414758269,0.8988505747126436,0,0.9949109414758269,0.8988505747126436,0,0.9898734177215189,0.8988505747126436,0,0.9899244332493703,0.903448275862069,0,0.9972677595628415,0.8390804597701149,0,0.997289972899729,0.8459770114942529,0,0.9973045822102425,0.8505747126436781,0,0.9973190348525469,0.8551724137931035,0,0.9974293059125964,0.8919540229885058,0,0.9974293059125964,0.8919540229885058,0,1.0,0.0,0
95,0.1,0.9626168224299065,0.9471264367816092,1,1.0,0.8229885057471265,0,1.0,0.8229885057471265,0,1.0,0.8942528735632184,0,1.0,0.8022988505747126,0,1.0,0.8827586206896552,0,1.0,0.8896551724137931,0,1.0,0.8942528735632184,0,1.0,0.8988505747126436,0,1.0,0.8137931034482758,0,1.0,0.825287356321839,0,1.0,0.8298850574712644,0,1.0,0.832183908045977,0,1.0,0.8689655172413793,0,1.0,0.8689655172413793,0,1.0,0.0,0
96,0.1,0.9448275862068966,0.9448275862068966,1,1.0,0.8344827586206897,0,1.0,0.8344827586206897,0,0.9923664122137404,0.896551724137931,0,1.0,0.8160919540229885,0,0.9974160206718347,0.8873563218390804,0,0.9923076923076923,0.8896551724137931,0,0.9923664122137404,0.896551724137931,0,0.9923664122137404,0.896551724137931,0,1.0,0.8206896551724138,0,1.0,0.8298850574712644,0,1.0,0.8344827586206897,0,1.0,0.8413793103448276,0,1.0,0.8781609195402299,0,1.0,0.8781609195402299,0,1.0,0.0,0
97,0.1,0.9144736842105263,0.9586206896551724,1,0.9973474801061007,0.864367816091954,0,0.9973474801061007,0.864367816091954,0,0.9827160493827161,0.9149425287356322,0,0.9972375690607734,0.8298850574712644,0,0.9848866498740554,0.8988505747126436,0,0.9849624060150376,0.903448275862069,0,0.9850746268656716,0.9103448275862069,0,0.9827160493827161,0.9149425287356322,0,0.9973262032085561,0.8574712643678161,0,0.9973333333333333,0.8597701149425288,0,0.9973474801061007,0.864367816091954,0,0.9973544973544973,0.8666666666666667,0,0.9897959183673469,0.8919540229885058,0,0.9897959183673469,0.8919540229885058,0,1.0,0.0,0
98,0.1,0.9434389140271493,0.9586206896551724,0,0.997275204359673,0.8413793103448276,0,0.997275204359673,0.8413793103448276,0,0.9923664122137404,0.896551724137931,0,1.0,0.8275862068965517,0,0.9948320413436692,0.8850574712643678,0,0.9923076923076923,0.8896551724137931,0,0.9923664122137404,0.896551724137931,0,0.9923664122137404,0.896551724137931,0,1.0,0.8344827586206897,0,0.9972602739726028,0.8367816091954023,0,0.9972826086956522,0.8436781609195402,0,0.997289972899729,0.8459770114942529,0,0.9973821989528796,0.8758620689655172,0,0.9973821989528796,0.8758620689655172,0,1.0,0.0,0
99,0.1,0.9493087557603687,0.9471264367816092,1,1.0,0.8367816091954023,0,1.0,0.8367816091954023,0,0.9948453608247423,0.8873563218390804,0,1.0,0.825287356321839,0,0.9974025974025974,0.8827586206896552,0,0.9948453608247423,0.8873563218390804,0,0.9948586118251928,0.8896551724137931,0,0.9948586118251928,0.8896551724137931,0,1.0,0.8275862068965517,0,1.0,0.8367816091954023,0,1.0,0.8413793103448276,0,1.0,0.8436781609195402,0,1.0,0.8758620689655172,0,1.0,0.8758620689655172,0,1.0,0.0,0
100,0.1,0.9369369369369369,0.9563218390804598,1,0.997289972899729,0.8459770114942529,0,0.997289972899729,0.8459770114942529,0,0.9924242424242424,0.903448275862069,0,0.997229916897507,0.8275862068965517,0,0.9923664122137404,0.896551724137931,0,0.9924242424242424,0.903448275862069,0,0.9899244332493703,0.903448275862069,0,0.9899497487437185,0.9057471264367816,0,0.997275204359673,0.8413793103448276,0,0.9972972972972973,0.8482758620689655,0,0.9973045822102425,0.8505747126436781,0,0.9973190348525469,0.8551724137931035,0,0.9974293059125964,0.8919540229885058,0,0.9974293059125964,0.8919540229885058,0,1.0,0.0,0
1,0.2,0.8775933609958506,0.9724137931034482,1,0.9947916666666666,0.8781609195402299,0,0.9947916666666666,0.8781609195402299,0,0.9803921568627451,0.9195402298850575,0,0.9945945945945946,0.8459770114942529,0,0.9849624060150376,0.903448275862069,0,0.9851485148514851,0.9149425287356322,0,0.9851485148514851,0.9149425287356322,0,0.9803921568627451,0.9195402298850575,0,0.9947368421052631,0.8689655172413793,0,0.9947643979057592,0.8735632183908046,0,0.9947780678851175,0.8758620689655172,0,0.9948051948051948,0.8804597701149425,0,0.9848101265822785,0.8942528735632184,1,0.9848101265822785,0.8942528735632184,1,1.0,0.0,0
2,0.2,0.8945147679324894,0.9747126436781609,1,0.9973753280839895,0.8735632183908046,0,0.9973753280839895,0.8735632183908046,0,0.9900990099009901,0.9195402298850575,0,0.9972972972972973,0.8482758620689655,0,0.992462311557789,0.9080459770114943,0,0.992462311557789,0.9080459770114943,0,0.9925,0.9126436781609195,0,0.9900990099009901,0.9195402298850575,0,0.9973118279569892,0.8528735632183908,0,0.9973684210526316,0.871264367816092,0,0.9973821989528796,0.8758620689655172,0,0.9973890339425587,0.8781609195402299,0,0.9974619289340102,0.903448275862069,0,0.9974554707379135,0.9011494252873563,0,1.0,0.0,0
3,0.2,0.8858350951374208,0.9632183908045977,1,0.9947089947089947,0.864367816091954,0,0.9947089947089947,0.864367816091954,0,0.9777227722772277,0.9080459770114943,0,0.9945504087193461,0.8390804597701149,0,0.9823232323232324,0.8942528735632184,0,0.9825,0.903448275862069,0,0.9825,0.903448275862069,0,0.9777227722772277,0.9080459770114943,0,0.9946808510638298,0.8597701149425288,0,0.9947089947089947,0.864367816091954,0,0.9947229551451188,0.8666666666666667,0,0.9947368421052631,0.8689655172413793,0,0.9846938775510204,0.8873563218390804,0,0.9846547314578005,0.8850574712643678,1,1.0,0.0,0
4,0.2,0.8870292887029289,0.9747126436781609,1,0.9973890339425587,0.8781609195402299,0,0.9973890339425587,0.8781609195402299,0,0.9828009828009828,0.9195402298850575,0,0.9973262032085561,0.8574712643678161,0,0.9849624060150376,0.903448275862069,0,0.9828009828009828,0.9195402298850575,0,0.9828009828009828,0.9195402298850575,0,0.9780487804878049,0.9218390804597701,0,0.9973684210526316,0.871264367816092,0,0.9973821989528796,0.8758620689655172,0,0.9973890339425587,0.8781609195402299,0,0.9974025974025974,0.8827586206896552,0,0.9873417721518988,0.896551724137931,0,0.9897959183673469,0.8919540229885058,0,1.0,0.0,0
5,0.2,0.9227373068432672,0.960919540229885,1,0.9946524064171123,0.8551724137931035,0,0.9946524064171123,0.8551724137931035,0,0.9852216748768473,0.9195402298850575,0,0.9972527472527473,0.8344827586206897,0,0.989821882951654,0.8942528735632184,0,0.9873417721518988,0.896551724137931,0,0.9848866498740554,0.8988505747126436,0,0.9849246231155779,0.9011494252873563,0,0.9945945945945946,0.8459770114942529,0,0.9946236559139785,0.8505747126436781,0,0.9946524064171123,0.8551724137931035,0,0.9947089947089947,0.864367816091954,0,0.9897435897435898,0.8873563218390804,0,0.9922680412371134,0.8850574712643678,1,1.0,0.0,0
6,0.2,0.8643724696356275,0.9816091954022989,0,0.9898734177215189,0.8988505747126436,1,0.9898734177215189,0.8988505747126436,1,0.9783653846153846,0.9356321839080459,0,0.9948320413436692,0.8850574712643678,0,0.9783653846153846,0.9356321839080459,0,0.9783653846153846,0.9356321839080459,0,0.9784688995215312,0.9402298850574713,0,0.9784688995215312,0.9402298850574713,0,0.9948849104859335,0.8942528735632184,0,0.9948979591836735,0.896551724137931,0,0.9923857868020305,0.8988505747126436,0,0.98989898989899,0.9011494252873563,0,0.9781021897810219,0.9241379310344827,0,0.9803921568627451,0.9195402298850575,0,1.0,0.0,0
7,0.2,0.8600405679513184,0.9747126436781609,0,0.9897435897435898,0.8873563218390804,0,0.9897435897435898,0.8873563218390804,0,0.9778869778869779,0.9149425287356322,0,0.9947368421052631,0.8689655172413793,0,0.9754901960784313,0.9149425287356322,0,0.9755501222493888,0.9172413793103448,0,0.975609756097561,0.9195402298850575,0,0.9733009708737864,0.9218390804597701,0,0.9947916666666666,0.8781609195402299,0,0.9948186528497409,0.8827586206896552,0,0.9922680412371134,0.8850574712643678,0,0.9897435897435898,0.8873563218390804,0,0.9778869778869779,0.9149425287356322,0,0.98,0.9011494252873563,0,1.0,0.0,0
8,0.2,0.8846960167714885,0.9701149425287356,1,0.9973890339425587,0.8781609195402299,0,0.9973890339425587,0.8781609195402299,0,0.9852216748768473,0.9195402298850575,0,0.9973190348525469,0.8551724137931035,0,0.9875,0.9080459770114943,0,0.9852216748768473,0.9195402298850575,0,0.9852216748768473,0.9195402298850575,0,0.9828009828009828,0.9195402298850575,0,0.9973821989528796,0.8758620689655172,0,0.9973890339425587,0.8781609195402299,0,0.9974025974025974,0.8827586206896552,0,0.9974093264248705,0.8850574712643678,0,0.9873737373737373,0.8988505747126436,1,0.9873737373737373,0.8988505747126436,1,1.0,0.0,0
9,0.2,0.9,0.9724137931034482,0,0.9973753280839895,0.8735632183908046,0,0.9973753280839895,0.8735632183908046,0,0.9877149877149877,0.9241379310344827,0,0.9973262032085561,0.8574712643678161,0,0.992462311557789,0.9080459770114943,0,0.99,0.9103448275862069,0,0.9900744416873449,0.9172413793103448,0,0.9876543209876543,0.9195402298850575,0,0.9973404255319149,0.8620689655172413,0,0.9973614775725593,0.8689655172413793,0,0.9973821989528796,0.8758620689655172,0,0.9973958333333334,0.8804597701149425,0,0.9949622166246851,0.9080459770114943,0,0.9949367088607595,0.903448275862069,0,1.0,0.0,0
10,0.2,0.8907563025210083,0.9747126436781609,1,0.9973821989528796,0.8758620689655172,0,0.9973821989528796,0.8758620689655172,0,0.9876847290640394,0.9218390804597701,0,0.9972972972972973,0.8482758620689655,0,0.9899244332493703,0.903448275862069,0,0.9900249376558603,0.9126436781609195,0,0.9876847290640394,0.9218390804597701,0,0.9876847290640394,0.9218390804597701,0,0.9973404255319149,0.8620689655172413,0,0.9973821989528796,0.8758620689655172,0,0.9973958333333334,0.8804597701149425,0,0.9974025974025974,0.8827586206896552,0,0.9923857868020305,0.8988505747126436,0,0.9923857868020305,0.8988505747126436,0,1.0,0.0,0
11,0.2,0.9118279569892473,0.9747126436781609,1,0.9948849104859335,0.8942528735632184,0,0.9948849104859335,0.8942528735632184,0,0.9853658536585366,0.9287356321839081,0,0.9947368421052631,0.8689655172413793,0,0.9900249376558603,0.9126436781609195,1,0.9875930521091811,0.9149425287356322,0,0.9877149877149877,0.9241379310344827,0,0.9853300733496333,0.9264367816091954,0,0.9947780678851175,0.8758620689655172,0,0.9948320413436692,0.8850574712643678,0,0.9948979591836735,0.896551724137931,0,0.9949238578680203,0.9011494252873563,0,0.9949874686716792,0.9126436781609195,0,0.9949874686716792,0.9126436781609195,0,1.0,0.0,0
12,0.2,0.8924050632911392,0.9724137931034482,1,0.9973544973544973,0.8666666666666667,0,0.9973544973544973,0.8666666666666667,0,0.9851851851851852,0.9172413793103448,0,0.9972677595628415,0.8390804597701149,0,0.9899244332493703,0.903448275862069,0,0.9875,0.9080459770114943,0,0.9851851851851852,0.9172413793103448,0,0.9851851851851852,0.9172413793103448,0,0.9972972972972973,0.8482758620689655,0,0.9973544973544973,0.8666666666666667,0,0.9973614775725593,0.8689655172413793,0,0.9973753280839895,0.8735632183908046,0,0.9923857868020305,0.8988505747126436,0,0.9923857868020305,0.8988505747126436,0,1.0,0.0,0
13,0.2,0.9017094017094017,0.9701149425287356,1,0.9948453608247423,0.8873563218390804,0,0.9948453608247423,0.8873563218390804,0,0.9828009828009828,0.9195402298850575,0,0.9947229551451188,0.8666666666666667,0,0.9850374064837906,0.9080459770114943,0,0.9828009828009828,0.9195402298850575,0,0.9828009828009828,0.9195402298850575,0,0.9804878048780488,0.9241379310344827,0,0.9948051948051948,0.8804597701149425,0,0.9948320413436692,0.8850574712643678,0,0.9948453608247423,0.8873563218390804,0,0.9948717948717949,0.8919540229885058,0,0.9849246231155779,0.9011494252873563,0,0.9873737373737373,0.8988505747126436,1,1.0,0.0,0
14,0.2,0.9372197309417041,0.960919540229885,0,1.0,0.8229885057471265,0,1.0,0.8229885057471265,0,0.9948717948717949,0.8919540229885058,0,1.0,0.8068965517241379,0,0.9973958333333334,0.8804597701149425,0,0.9974025974025974,0.8827586206896552,0,0.9948453608247423,0.8873563218390804,0,0.9948717948717949,0.8919540229885058,0,1.0,0.8183908045977012,0,1.0,0.8229885057471265,0,1.0,0.8275862068965517,0,1.0,0.832183908045977,0,0.9973753280839895,0.8735632183908046,0,0.9973753280839895,0.8735632183908046,0,1.0,0.0,0
15,0.2,0.9154013015184381,0.9701149425287356,0,0.9973684210526316,0.871264367816092,0,0.9973684210526316,0.871264367816092,0,0.9852579852579852,0.9218390804597701,0,1.0,0.8505747126436781,0,0.9899244332493703,0.903448275862069,0,0.9899244332493703,0.903448275862069,0,0.9875,0.9080459770114943,0,0.9875311720698254,0.9103448275862069,0,0.9973544973544973,0.8666666666666667,0,0.9973684210526316,0.871264367816092,0,0.9973890339425587,0.8781609195402299,0,0.9973958333333334,0.8804597701149425,0,0.9923664122137404,0.896551724137931,1,0.9948979591836735,0.896551724137931,1,1.0,0.0,0
16,0.2,0.913232104121475,0.967816091954023,1,0.994750656167979,0.871264367816092,0,0.994750656167979,0.871264367816092,0,0.9828431372549019,0.9218390804597701,0,0.9946091644204852,0.8482758620689655,0,0.9874055415617129,0.9011494252873563,0,0.9849624060150376,0.903448275862069,0,0.9851116625310173,0.9126436781609195,0,0.9828431372549019,0.9218390804597701,0,0.9946524064171123,0.8551724137931035,0,0.9947089947089947,0.864367816091954,0,0.994750656167979,0.871264367816092,0,0.9947780678851175,0.8758620689655172,0,0.9898477157360406,0.896551724137931,0,0.9897959183673469,0.8919540229885058,0,1.0,0.0,0
17,0.2,0.8991416309012875,0.9632183908045977,0,1.0,0.8390804597701149,0,1.0,0.8390804597701149,0,0.9825,0.903448275862069,0,1.0,0.8160919540229885,0,0.987146529562982,0.8827586206896552,1,0.9872122762148338,0.8873563218390804,0,0.9847328244274809,0.8896551724137931,0,0.9848484848484849,0.896551724137931,0,1.0,0.8298850574712644,0,1.0,0.832183908045977,0,1.0,0.8390804597701149,0,1.0,0.8436781609195402,0,0.9921875,0.8758620689655172,1,0.9921875,0.8758620689655172,1,1.0,0.0,0
18,0.2,0.8786610878661087,0.9655172413793104,1,0.994750656167979,0.871264367816092,0,0.994750656167979,0.871264367816092,0,0.980246913580247,0.9126436781609195,0,0.994535519125683,0.8367816091954023,0,0.9824561403508771,0.9011494252873563,0,0.980246913580247,0.9126436781609195,0,0.980246913580247,0.9126436781609195,0,0.9778325123152709,0.9126436781609195,0,0.9946666666666667,0.8574712643678161,0,0.9946949602122016,0.8620689655172413,0,0.9947229551451188,0.8666666666666667,0,0.994750656167979,0.871264367816092,0,0.9848101265822785,0.8942528735632184,0,0.9847715736040609,0.8919540229885058,1,1.0,0.0,0
19,0.2,0.9067245119305857,0.960919540229885,1,1.0,0.8367816091954023,0,1.0,0.8367816091954023,0,0.9875,0.9080459770114943,0,1.0,0.8137931034482758,0,0.9949238578680203,0.9011494252873563,0,0.9949238578680203,0.9011494252873563,0,0.9899244332493703,0.903448275862069,0,0.987468671679198,0.9057471264367816,0,1.0,0.8275862068965517,0,1.0,0.8367816091954023,0,1.0,0.8413793103448276,0,1.0,0.8436781609195402,0,1.0,0.8942528735632184,0,1.0,0.8942528735632184,0,1.0,0.0,0
20,0.2,0.9128540305010893,0.9632183908045977,1,0.9972677595628415,0.8390804597701149,0,0.9972677595628415,0.8390804597701149,0,0.9899244332493703,0.903448275862069,0,1.0,0.8206896551724138,0,0.9948849104859335,0.8942528735632184,0,0.9923469387755102,0.8942528735632184,0,0.98989898989899,0.9011494252873563,0,0.9899244332493703,0.903448275862069,0,0.9972451790633609,0.832183908045977,0,0.9972677595628415,0.8390804597701149,0,0.997275204359673,0.8413793103448276,0,0.997289972899729,0.8459770114942529,0,0.9948320413436692,0.8850574712643678,0,0.9974025974025974,0.8827586206896552,0,1.0,0.0,0
21,0.2,0.8840579710144928,0.9816091954022989,1,0.9973544973544973,0.8666666666666667,0,0.9973544973544973,0.8666666666666667,0,0.9852579852579852,0.9218390804597701,0,0.9972972972972973,0.8482758620689655,0,0.987468671679198,0.9057471264367816,0,0.9851851851851852,0.9172413793103448,0,0.9852579852579852,0.9218390804597701,0,0.980440097799511,0.9218390804597701,0,0.9973474801061007,0.864367816091954,0,0.9973544973544973,0.8666666666666667,0,0.9973614775725593,0.8689655172413793,0,0.9973753280839895,0.8735632183908046,0,0.9873096446700508,0.8942528735632184,1,0.9873096446700508,0.8942528735632184,1,1.0,0.0,0
22,0.2,0.9085106382978724,0.9816091954022989,1,0.9974293059125964,0.8919540229885058,0,0.9974293059125964,0.8919540229885058,0,0.9901234567901235,0.9218390804597701,0,0.9973474801061007,0.864367816091954,0,0.9900744416873449,0.9172413793103448,0,0.9901234567901235,0.9218390804597701,0,0.9901477832512315,0.9241379310344827,0,0.9877450980392157,0.9264367816091954,0,0.9973684210526316,0.871264367816092,0,0.9974226804123711,0.8896551724137931,0,0.9974358974358974,0.8942528735632184,0,0.9974489795918368,0.8988505747126436,0,0.9925187032418953,0.9149425287356322,0,0.9925,0.9126436781609195,1,1.0,0.0,0
23,0.2,0.9073275862068966,0.967816091954023,1,0.9973333333333333,0.8597701149425288,0,0.9973333333333333,0.8597701149425288,0,0.9900744416873449,0.9172413793103448,0,0.9972602739726028,0.8367816091954023,0,0.9949748743718593,0.9103448275862069,0,0.9949748743718593,0.9103448275862069,0,0.99,0.9103448275862069,0,0.9900744416873449,0.9172413793103448,0,0.997289972899729,0.8459770114942529,0,0.9973262032085561,0.8574712643678161,0,0.9973404255319149,0.8620689655172413,0,0.9973544973544973,0.8666666666666667,0,0.9974619289340102,0.903448275862069,0,0.9974554707379135,0.9011494252873563,0,1.0,0.0,0
24,0.2,0.8773388773388773,0.9701149425287356,1,0.9948186528497409,0.8827586206896552,0,0.9948186528497409,0.8827586206896552,0,0.9828431372549019,0.9218390804597701,0,0.9946380697050938,0.8528735632183908,0,0.9850746268656716,0.9103448275862069,0,0.9828431372549019,0.9218390804597701,0,0.9828431372549019,0.9218390804597701,0,0.9804878048780488,0.9241379310344827,0,0.9947368421052631,0.8689655172413793,0,0.9947643979057592,0.8735632183908046,0,0.9947916666666666,0.8781609195402299,0,0.9948186528497409,0.8827586206896552,0,0.9849624060150376,0.903448275862069,1,0.9849624060150376,0.903448275862069,1,1.0,0.0,0
25,0.2,0.8959660297239915,0.9701149425287356,1,0.9973614775725593,0.8689655172413793,0,0.9973614775725593,0.8689655172413793,0,0.9877149877149877,0.9241379310344827,0,0.997275204359673,0.8413793103448276,0,0.9899244332493703,0.903448275862069,0,0.9899749373433584,0.9080459770114943,0,0.9876237623762376,0.9172413793103448,0,0.9877149877149877,0.9241379310344827,0,0.9973045822102425,0.8505747126436781,0,0.9973614775725593,0.8689655172413793,0,0.9973684210526316,0.871264367816092,0,0.9973821989528796,0.8758620689655172,0,0.9924050632911392,0.9011494252873563,0,0.9924050632911392,0.9011494252873563,0,1.0,0.0,0
26,0.2,0.8608870967741935,0.9816091954022989,1,0.9948979591836735,0.896551724137931,0,0.9948979591836735,0.896551724137931,0,0.9670588235294117,0.9448275862068966,1,0.9948186528497409,0.8827586206896552,0,0.9782082324455206,0.9287356321839081,0,0.9782082324455206,0.9287356321839081,0,0.9783132530120482,0.9333333333333333,0,0.9760191846522782,0.9356321839080459,0,0.9948717948717949,0.8919540229885058,0,0.9948849104859335,0.8942528735632184,0,0.9923664122137404,0.896551724137931,0,0.9923857868020305,0.8988505747126436,0,0.9828431372549019,0.9218390804597701,0,0.9827586206896551,0.9172413793103448,0,1.0,0.0,0
27,0.2,0.896186440677966,0.9724137931034482,1,0.9947780678851175,0.8758620689655172,0,0.9947780678851175,0.8758620689655172,0,0.9876543209876543,0.9195402298850575,0,0.9946236559139785,0.8505747126436781,0,0.9874055415617129,0.9011494252873563,0,0.987468671679198,0.9057471264367816,0,0.9875311720698254,0.9103448275862069,0,0.9876543209876543,0.9195402298850575,0,0.9946666666666667,0.8574712643678161,0,0.9947368421052631,0.8689655172413793,0,0.9947780678851175,0.8758620689655172,0,0.9948051948051948,0.8804597701149425,0,0.9923857868020305,0.8988505747126436,0,0.9923664122137404,0.896551724137931,1,1.0,0.0,0
28,0.2,0.8810020876826722,0.9701149425287356,1,0.9947229551451188,0.8666666666666667,0,0.9947229551451188,0.8666666666666667,0,0.9776119402985075,0.903448275862069,0,0.9946808510638298,0.8597701149425288,0,0.9798994974874372,0.896551724137931,0,0.9776119402985075,0.903448275862069,0,0.9776119402985075,0.903448275862069,0,0.9776674937965261,0.9057471264367816,0,0.9947089947089947,0.864367816091954,0,0.9947229551451188,0.8666666666666667,0,0.994750656167979,0.871264367816092,0,0.9947643979057592,0.8735632183908046,0,0.9822335025380711,0.8896551724137931,0,0.9821428571428571,0.8850574712643678,1,1.0,0.0,0
29,0.2,0.9269911504424779,0.9632183908045977,1,1.0,0.8413793103448276,0,1.0,0.8413793103448276,0,0.9949367088607595,0.903448275862069,0,1.0,0.8206896551724138,0,0.9974424552429667,0.896551724137931,0,0.9949367088607595,0.903448275862069,0,0.9949367088607595,0.903448275862069,0,0.9949367088607595,0.903448275862069,0,1.0,0.825287356321839,0,1.0,0.8344827586206897,0,1.0,0.8436781609195402,0,1.0,0.8505747126436781,0,1.0,0.8896551724137931,0,1.0,0.8873563218390804,0,1.0,0.0,0
30,0.2,0.896186440677966,0.9724137931034482,1,0.9973753280839895,0.8735632183908046,0,0.9973753280839895,0.8735632183908046,0,0.9828431372549019,0.9218390804597701,0,0.9973045822102425,0.8505747126436781,0,0.9875311720698254,0.9103448275862069,0,0.9851485148514851,0.9149425287356322,0,0.9828009828009828,0.9195402298850575,0,0.9828431372549019,0.9218390804597701,0,0.9973262032085561,0.8574712643678161,0,0.9973614775725593,0.8689655172413793,0,0.9973753280839895,0.8735632183908046,0,0.9973890339425587,0.8781609195402299,0,0.9924433249370277,0.9057471264367816,0,0.9924433249370277,0.9057471264367816,0,1.0,0.0,0
31,0.2,0.9088937093275488,0.9632183908045977,1,0.9972527472527473,0.8344827586206897,0,0.9972527472527473,0.8344827586206897,0,0.9851851851851852,0.9172413793103448,0,1.0,0.8160919540229885,0,0.9897959183673469,0.8919540229885058,0,0.9872773536895675,0.8919540229885058,0,0.9873737373737373,0.8988505747126436,0,0.9874055415617129,0.9011494252873563,0,0.9972222222222222,0.825287356321839,0,0.9972527472527473,0.8344827586206897,0,0.9972602739726028,0.8367816091954023,0,0.997275204359673,0.8413793103448276,0,0.9948186528497409,0.8827586206896552,1,0.9948186528497409,0.8827586206896552,1,1.0,0.0,0
32,0.2,0.9208791208791209,0.9632183908045977,1,0.9973118279569892,0.8528735632183908,0,0.9973118279569892,0.8528735632183908,0,0.9924242424242424,0.903448275862069,0,0.997275204359673,0.8413793103448276,0,0.9948979591836735,0.896551724137931,0,0.9923664122137404,0.896551724137931,0,0.9924242424242424,0.903448275862069,0,0.9924242424242424,0.903448275862069,0,0.9973045822102425,0.8505747126436781,0,0.9973190348525469,0.8551724137931035,0,0.9973262032085561,0.8574712643678161,0,0.9973404255319149,0.8620689655172413,0,0.9974226804123711,0.8896551724137931,0,0.9974226804123711,0.8896551724137931,0,1.0,0.0,0
33,0.2,0.8942917547568711,0.9724137931034482,1,0.9973404255319149,0.8620689655172413,0,0.9973404255319149,0.8620689655172413,0,0.9852216748768473,0.9195402298850575,0,0.997289972899729,0.8459770114942529,0,0.987468671679198,0.9057471264367816,0,0.9875311720698254,0.9103448275862069,0,0.9852216748768473,0.9195402298850575,0,0.9852216748768473,0.9195402298850575,0,0.9973118279569892,0.8528735632183908,0,0.9973474801061007,0.864367816091954,0,0.9973544973544973,0.8666666666666667,0,0.9973684210526316,0.871264367816092,0,0.9924242424242424,0.903448275862069,0,0.9924242424242424,0.903448275862069,0,1.0,0.0,0
34,0.2,0.8972162740899358,0.9632183908045977,0,0.9946808510638298,0.8597701149425288,0,0.9946808510638298,0.8597701149425288,0,0.9825870646766169,0.9080459770114943,0,0.9945054945054945,0.832183908045977,0,0.9848101265822785,0.8942528735632184,0,0.9824120603015075,0.8988505747126436,0,0.9825,0.903448275862069,0,0.9825870646766169,0.9080459770114943,0,0.9945652173913043,0.8413793103448276,0,0.9946808510638298,0.8597701149425288,0,0.9946949602122016,0.8620689655172413,0,0.9947229551451188,0.8666666666666667,0,0.9897435897435898,0.8873563218390804,0,0.9897435897435898,0.8873563218390804,0,1.0,0.0,0
35,0.2,0.9128540305010893,0.9632183908045977,1,0.9973333333333333,0.8597701149425288,0,0.9973333333333333,0.8597701149425288,0,0.9851485148514851,0.9149425287356322,0,1.0,0.8459770114942529,0,0.9923469387755102,0.8942528735632184,0,0.9873096446700508,0.8942528735632184,0,0.9873737373737373,0.8988505747126436,0,0.9873737373737373,0.8988505747126436,0,0.9973118279569892,0.8528735632183908,0,0.9973333333333333,0.8597701149425288,0,0.9973404255319149,0.8620689655172413,0,0.9973544973544973,0.8666666666666667,0,0.9948586118251928,0.8896551724137931,1,0.9974226804123711,0.8896551724137931,0,1.0,0.0,0
36,0.2,0.9065217391304348,0.9586206896551724,1,0.997275204359673,0.8413793103448276,0,0.997275204359673,0.8413793103448276,0,0.9923857868020305,0.8988505747126436,0,1.0,0.8275862068965517,0,0.9923857868020305,0.8988505747126436,0,0.9898734177215189,0.8988505747126436,0,0.9899244332493703,0.903448275862069,0,0.987468671679198,0.9057471264367816,0,0.9972527472527473,0.8344827586206897,0,0.997275204359673,0.8413793103448276,0,0.997289972899729,0.8459770114942529,0,0.9972972972972973,0.8482758620689655,0,0.9974226804123711,0.8896551724137931,0,0.9974226804123711,0.8896551724137931,0,1.0,0.0,0
37,0.2,0.9090909090909091,0.9655172413793104,1,0.9973544973544973,0.8666666666666667,0,0.9973544973544973,0.8666666666666667,0,0.9802955665024631,0.9149425287356322,0,0.997289972899729,0.8459770114942529,0,0.9848101265822785,0.8942528735632184,1,0.9848866498740554,0.8988505747126436,0,0.9824561403508771,0.9011494252873563,0,0.9825,0.903448275862069,0,0.9973118279569892,0.8528735632183908,0,0.9973333333333333,0.8597701149425288,0,0.9973544973544973,0.8666666666666667,0,0.9973684210526316,0.871264367816092,0,0.989769820971867,0.8896551724137931,1,0.9922879177377892,0.8873563218390804,0,1.0,0.0,0
38,0.2,0.8688524590163934,0.9747126436781609,1,0.9899497487437185,0.9057471264367816,1,0.9899497487437185,0.9057471264367816,1,0.9694835680751174,0.9494252873563218,1,0.9948979591836735,0.896551724137931,0,0.973621103117506,0.9333333333333333,0,0.973621103117506,0.9333333333333333,0,0.9737470167064439,0.9379310344827586,0,0.9738717339667459,0.9425287356321839,0,0.9949367088607595,0.903448275862069,0,0.9949494949494949,0.9057471264367816,0,0.9899497487437185,0.9057471264367816,0,0.9899749373433584,0.9080459770114943,0,0.9782082324455206,0.9287356321839081,0,0.980440097799511,0.9218390804597701,0,1.0,0.0,0
39,0.2,0.8978723404255319,0.9701149425287356,1,0.9974025974025974,0.8827586206896552,0,0.9974025974025974,0.8827586206896552,0,0.9853658536585366,0.9287356321839081,0,0.9973333333333333,0.8597701149425288,0,0.9925187032418953,0.9149425287356322,0,0.9900990099009901,0.9195402298850575,0,0.9876543209876543,0.9195402298850575,0,0.9877149877149877,0.9241379310344827,0,0.9973821989528796,0.8758620689655172,0,0.9973958333333334,0.8804597701149425,0,0.9974093264248705,0.8850574712643678,0,0.9974293059125964,0.8919540229885058,0,0.9925,0.9126436781609195,1,0.9925,0.9126436781609195,1,1.0,0.0,0
40,0.2,0.8940677966101696,0.9701149425287356,0,1.0,0.8666666666666667,0,1.0,0.8666666666666667,0,0.9851851851851852,0.9172413793103448,0,1.0,0.8413793103448276,0,0.9873417721518988,0.896551724137931,1,0.9873737373737373,0.8988505747126436,0,0.987468671679198,0.9057471264367816,0,0.9850746268656716,0.9103448275862069,0,1.0,0.8505747126436781,0,1.0,0.8551724137931035,0,1.0,0.8666666666666667,0,1.0,0.871264367816092,0,0.9923469387755102,0.8942528735632184,0,0.9923273657289002,0.8919540229885058,1,1.0,0.0,0
41,0.2,0.8685831622176592,0.9724137931034482,1,0.9948849104859335,0.8942528735632184,0,0.9948849104859335,0.8942528735632184,0,0.9666666666666667,0.9333333333333333,1,0.9948051948051948,0.8804597701149425,0,0.980246913580247,0.9126436781609195,0,0.9754901960784313,0.9149425287356322,0,0.975609756097561,0.9195402298850575,0,0.975669099756691,0.9218390804597701,0,0.9948453608247423,0.8873563218390804,0,0.9948717948717949,0.8919540229885058,0,0.9948849104859335,0.8942528735632184,0,0.989821882951654,0.8942528735632184,0,0.9826302729528535,0.9103448275862069,0,0.9825,0.903448275862069,0,1.0,0.0,0
42,0.2,0.9017094017094017,0.9701149425287356,0,0.9946949602122016,0.8620689655172413,0,0.9946949602122016,0.8620689655172413,0,0.9876543209876543,0.9195402298850575,0,0.9944444444444445,0.8229885057471265,0,0.9898734177215189,0.8988505747126436,0,0.98989898989899,0.9011494252873563,0,0.99,0.9103448275862069,0,0.9876543209876543,0.9195402298850575,0,0.9945054945054945,0.832183908045977,0,0.9945504087193461,0.8390804597701149,0,0.9946808510638298,0.8597701149425288,0,0.9947089947089947,0.864367816091954,0,0.9923857868020305,0.8988505747126436,0,0.9923664122137404,0.896551724137931,0,1.0,0.0,0
43,0.2,0.911062906724512,0.9655172413793104,1,1.0,0.8390804597701149,0,1.0,0.8390804597701149,0,0.9900497512437811,0.9149425287356322,0,1.0,0.8229885057471265,0,0.9974226804123711,0.8896551724137931,0,0.9974293059125964,0.8919540229885058,0,0.9948849104859335,0.8942528735632184,0,0.9948979591836735,0.896551724137931,0,1.0,0.8298850574712644,0,1.0,0.8390804597701149,0,1.0,0.8436781609195402,0,1.0,0.8459770114942529,0,1.0,0.8804597701149425,0,1.0,0.8781609195402299,0,1.0,0.0,0
44,0.2,0.8928571428571429,0.9770114942528736,1,0.9948320413436692,0.8850574712643678,0,0.9948320413436692,0.8850574712643678,0,0.9901960784313726,0.9287356321839081,0,0.9946949602122016,0.8620689655172413,0,0.9925742574257426,0.9218390804597701,0,0.9901477832512315,0.9241379310344827,0,0.9877750611246944,0.9287356321839081,0,0.9877750611246944,0.9287356321839081,0,0.9947368421052631,0.8689655172413793,0,0.9948320413436692,0.8850574712643678,0,0.9948453608247423,0.8873563218390804,0,0.9948717948717949,0.8919540229885058,0,0.9925373134328358,0.9172413793103448,0,0.9925373134328358,0.9172413793103448,0,1.0,0.0,0
45,0.2,0.8924050632911392,0.9724137931034482,1,0.994750656167979,0.871264367816092,0,0.994750656167979,0.871264367816092,0,0.9850746268656716,0.9103448275862069,0,0.9946236559139785,0.8505747126436781,0,0.9848484848484849,0.896551724137931,0,0.9849624060150376,0.903448275862069,0,0.9850746268656716,0.9103448275862069,0,0.9850746268656716,0.9103448275862069,0,0.9947229551451188,0.8666666666666667,0,0.9947368421052631,0.8689655172413793,0,0.9947643979057592,0.8735632183908046,0,0.9947780678851175,0.8758620689655172,0,0.9847715736040609,0.8919540229885058,1,0.9872773536895675,0.8919540229885058,0,1.0,0.0,0
46,0.2,0.9234135667396062,0.9701149425287356,1,0.9973045822102425,0.8505747126436781,0,0.9973045822102425,0.8505747126436781,0,0.9899244332493703,0.903448275862069,0,1.0,0.825287356321839,0,0.9898477157360406,0.896551724137931,0,0.9899244332493703,0.903448275862069,0,0.9874371859296482,0.903448275862069,0,0.9875311720698254,0.9103448275862069,0,1.0,0.8367816091954023,0,0.9972972972972973,0.8482758620689655,0,0.9973118279569892,0.8528735632183908,0,0.9973262032085561,0.8574712643678161,0,0.9974160206718347,0.8873563218390804,0,0.9974160206718347,0.8873563218390804,0,1.0,0.0,0
47,0.2,0.9030172413793104,0.9632183908045977,1,0.9946949602122016,0.8620689655172413,0,0.9946949602122016,0.8620689655172413,0,0.9825870646766169,0.9080459770114943,0,0.9945205479452055,0.8344827586206897,0,0.9872448979591837,0.8896551724137931,0,0.9848101265822785,0.8942528735632184,0,0.9849246231155779,0.9011494252873563,0,0.9825870646766169,0.9080459770114943,0,0.9945652173913043,0.8413793103448276,0,0.9946236559139785,0.8505747126436781,0,0.9946949602122016,0.8620689655172413,0,0.9947089947089947,0.864367816091954,0,0.989769820971867,0.8896551724137931,0,0.9897172236503856,0.8850574712643678,1,1.0,0.0,0
48,0.2,0.8957446808510638,0.967816091954023,1,0.9947089947089947,0.864367816091954,0,0.9947089947089947,0.864367816091954,0,0.9825436408977556,0.9057471264367816,0,0.9946091644204852,0.8482758620689655,0,0.9824120603015075,0.8988505747126436,0,0.9825436408977556,0.9057471264367816,0,0.9800995024875622,0.9057471264367816,0,0.9800995024875622,0.9057471264367816,0,0.9946380697050938,0.8528735632183908,0,0.9946666666666667,0.8574712643678161,0,0.9946949602122016,0.8620689655172413,0,0.9947229551451188,0.8666666666666667,0,0.9847328244274809,0.8896551724137931,0,0.9846153846153847,0.8827586206896552,1,1.0,0.0,0
49,0.2,0.8794178794178794,0.9724137931034482,1,0.9948320413436692,0.8850574712643678,0,0.9948320413436692,0.8850574712643678,0,0.9804878048780488,0.9241379310344827,0,0.9947368421052631,0.8689655172413793,0,0.9850746268656716,0.9103448275862069,0,0.9852216748768473,0.9195402298850575,0,0.9828431372549019,0.9218390804597701,0,0.9804878048780488,0.9241379310344827,0,0.9947780678851175,0.8758620689655172,0,0.9948051948051948,0.8804597701149425,0,0.9948453608247423,0.8873563218390804,0,0.9948586118251928,0.8896551724137931,0,0.9849624060150376,0.903448275862069,0,0.9849246231155779,0.9011494252873563,1,1.0,0.0,0
50,0.2,0.8676171079429735,0.9793103448275862,1,0.9973958333333334,0.8804597701149425,0,0.9973958333333334,0.8804597701149425,0,0.9851485148514851,0.9149425287356322,0,0.9973404255319149,0.8620689655172413,0,0.9850374064837906,0.9080459770114943,0,0.9851485148514851,0.9149425287356322,0,0.9802955665024631,0.9149425287356322,0,0.9802955665024631,0.9149425287356322,0,0.9973614775725593,0.8689655172413793,0,0.9973890339425587,0.8781609195402299,0,0.9973958333333334,0.8804597701149425,0,0.9974093264248705,0.8850574712643678,0,0.9874371859296482,0.903448275862069,0,0.9874055415617129,0.9011494252873563,0,1.0,0.0,0
51,0.2,0.8914893617021277,0.9632183908045977,1,0.9947643979057592,0.8735632183908046,0,0.9947643979057592,0.8735632183908046,0,0.9850374064837906,0.9080459770114943,0,0.9945945945945946,0.8459770114942529,0,0.9848484848484849,0.896551724137931,0,0.9849246231155779,0.9011494252873563,0,0.9850374064837906,0.9080459770114943,0,0.9850374064837906,0.9080459770114943,0,0.9947089947089947,0.864367816091954,0,0.994750656167979,0.871264367816092,0,0.9947643979057592,0.8735632183908046,0,0.9947916666666666,0.8781609195402299,0,0.9897959183673469,0.8919540229885058,0,0.9897959183673469,0.8919540229885058,0,1.0,0.0,0
52,0.2,0.9183222958057395,0.9563218390804598,0,0.9973333333333333,0.8597701149425288,0,0.9973333333333333,0.8597701149425288,0,0.9923857868020305,0.8988505747126436,0,0.9973045822102425,0.8505747126436781,0,0.9923857868020305,0.8988505747126436,0,0.98989898989899,0.9011494252873563,0,0.9899244332493703,0.903448275862069,0,0.9899497487437185,0.9057471264367816,0,0.9973262032085561,0.8574712643678161,0,0.9973404255319149,0.8620689655172413,0,0.9973544973544973,0.8666666666666667,0,0.9973684210526316,0.871264367816092,0,0.9923664122137404,0.896551724137931,0,0.9948849104859335,0.8942528735632184,1,1.0,0.0,0
53,0.2,0.8919491525423728,0.967816091954023,1,0.9946808510638298,0.8597701149425288,0,0.9946808510638298,0.8597701149425288,0,0.9825870646766169,0.9080459770114943,0,0.9945652173913043,0.8413793103448276,0,0.9873096446700508,0.8942528735632184,0,0.9848484848484849,0.896551724137931,0,0.9824561403508771,0.9011494252873563,0,0.9825870646766169,0.9080459770114943,0,0.9945945945945946,0.8459770114942529,0,0.9946808510638298,0.8597701149425288,0,0.9946949602122016,0.8620689655172413,0,0.9947229551451188,0.8666666666666667,0,0.9922879177377892,0.8873563218390804,0,0.9922879177377892,0.8873563218390804,0,1.0,0.0,0
54,0.2,0.9288888888888889,0.960919540229885,1,0.997289972899729,0.8459770114942529,0,0.997289972899729,0.8459770114942529,0,0.9924050632911392,0.9011494252873563,0,1.0,0.8275862068965517,0,0.9923664122137404,0.896551724137931,0,0.9924050632911392,0.9011494252873563,0,0.98989898989899,0.9011494252873563,0,0.9899497487437185,0.9057471264367816,0,1.0,0.8390804597701149,0,0.9972826086956522,0.8436781609195402,0,0.997289972899729,0.8459770114942529,0,0.9973045822102425,0.8505747126436781,0,0.9974293059125964,0.8919540229885058,0,0.9974160206718347,0.8873563218390804,0,1.0,0.0,0
55,0.2,0.9032258064516129,0.9655172413793104,1,0.9973404255319149,0.8620689655172413,0,0.9973404255319149,0.8620689655172413,0,0.9852941176470589,0.9241379310344827,0,1.0,0.8482758620689655,0,0.9924050632911392,0.9011494252873563,0,0.9899749373433584,0.9080459770114943,0,0.9875311720698254,0.9103448275862069,0,0.9875930521091811,0.9149425287356322,0,0.9973262032085561,0.8574712643678161,0,0.9973333333333333,0.8597701149425288,0,0.9973474801061007,0.864367816091954,0,0.9973684210526316,0.871264367816092,0,0.9923664122137404,0.896551724137931,0,0.9923273657289002,0.8919540229885058,1,1.0,0.0,0
56,0.2,0.8863157894736842,0.967816091954023,1,0.994750656167979,0.871264367816092,0,0.994750656167979,0.871264367816092,0,0.9850746268656716,0.9103448275862069,0,0.994579945799458,0.8436781609195402,0,0.9848866498740554,0.8988505747126436,0,0.9850746268656716,0.9103448275862069,0,0.9851116625310173,0.9126436781609195,0,0.9827160493827161,0.9149425287356322,0,0.9947089947089947,0.864367816091954,0,0.9947368421052631,0.8689655172413793,0,0.994750656167979,0.871264367816092,0,0.9947780678851175,0.8758620689655172,0,0.9872448979591837,0.8896551724137931,0,0.9872122762148338,0.8873563218390804,1,1.0,0.0,0
57,0.2,0.8945147679324894,0.9747126436781609,1,0.9973614775725593,0.8689655172413793,0,0.9973614775725593,0.8689655172413793,0,0.9827586206896551,0.9172413793103448,0,0.997289972899729,0.8459770114942529,0,0.9875,0.9080459770114943,0,0.9850746268656716,0.9103448275862069,0,0.9827160493827161,0.9149425287356322,0,0.9827586206896551,0.9172413793103448,0,0.9973045822102425,0.8505747126436781,0,0.9973544973544973,0.8666666666666667,0,0.9973684210526316,0.871264367816092,0,0.9973821989528796,0.8758620689655172,0,0.98989898989899,0.9011494252873563,0,0.98989898989899,0.9011494252873563,0,1.0,0.0,0
58,0.2,0.8849372384937239,0.9724137931034482,1,0.9948586118251928,0.8896551724137931,0,0.9948586118251928,0.8896551724137931,0,0.9854014598540146,0.9310344827586207,0,0.9947089947089947,0.864367816091954,0,0.9851851851851852,0.9172413793103448,0,0.9852941176470589,0.9241379310344827,0,0.9854014598540146,0.9310344827586207,0,0.9830508474576272,0.9333333333333333,0,0.9948320413436692,0.8850574712643678,0,0.9948453608247423,0.8873563218390804,0,0.9948717948717949,0.8919540229885058,0,0.9948849104859335,0.8942528735632184,0,0.9851116625310173,0.9126436781609195,1,0.9900249376558603,0.9126436781609195,0,1.0,0.0,0
59,0.2,0.8907563025210083,0.9747126436781609,1,0.9947368421052631,0.8689655172413793,0,0.9947368421052631,0.8689655172413793,0,0.9780487804878049,0.9218390804597701,0,0.9945054945054945,0.832183908045977,0,0.9849246231155779,0.9011494252873563,0,0.9827586206896551,0.9172413793103448,0,0.9827586206896551,0.9172413793103448,0,0.9779951100244498,0.9195402298850575,0,0.9946666666666667,0.8574712643678161,0,0.9946808510638298,0.8597701149425288,0,0.9947089947089947,0.864367816091954,0,0.9947368421052631,0.8689655172413793,0,0.9847715736040609,0.8919540229885058,1,0.9897959183673469,0.8919540229885058,0,1.0,0.0,0
60,0.2,0.9186813186813186,0.960919540229885,0,0.997229916897507,0.8275862068965517,0,0.997229916897507,0.8275862068965517,0,0.9948186528497409,0.8827586206896552,0,1.0,0.8068965517241379,0,0.9947780678851175,0.8758620689655172,0,0.9948186528497409,0.8827586206896552,0,0.9922480620155039,0.8827586206896552,0,0.9922879177377892,0.8873563218390804,0,1.0,0.8137931034482758,0,1.0,0.8206896551724138,0,0.9972375690607734,0.8298850574712644,0,0.9972527472527473,0.8344827586206897,0,0.9973614775725593,0.8689655172413793,0,0.9973614775725593,0.8689655172413793,0,1.0,0.0,0
61,0.2,0.9032258064516129,0.9655172413793104,1,0.9973118279569892,0.8528735632183908,0,0.9973118279569892,0.8528735632183908,0,0.9924433249370277,0.9057471264367816,0,1.0,0.8344827586206897,0,0.9924433249370277,0.9057471264367816,0,0.9899497487437185,0.9057471264367816,0,0.9899497487437185,0.9057471264367816,0,0.9899749373433584,0.9080459770114943,0,0.9972972972972973,0.8482758620689655,0,0.9973118279569892,0.8528735632183908,0,0.9973262032085561,0.8574712643678161,0,0.9973404255319149,0.8620689655172413,0,0.9949238578680203,0.9011494252873563,1,0.9949238578680203,0.9011494252873563,1,1.0,0.0,0
62,0.2,0.8888888888888888,0.9747126436781609,1,0.9973614775725593,0.8689655172413793,0,0.9973614775725593,0.8689655172413793,0,0.9804878048780488,0.9241379310344827,0,0.9972602739726028,0.8367816091954023,0,0.9849624060150376,0.903448275862069,1,0.9826302729528535,0.9103448275862069,0,0.9827160493827161,0.9149425287356322,0,0.9803439803439803,0.9172413793103448,0,0.997289972899729,0.8459770114942529,0,0.9973045822102425,0.8505747126436781,0,0.9973333333333333,0.8597701149425288,0,0.9973753280839895,0.8735632183908046,0,0.9899244332493703,0.903448275862069,1,0.9899244332493703,0.903448275862069,1,1.0,0.0,0
63,0.2,0.8737060041407867,0.9701149425287356,1,0.9974025974025974,0.8827586206896552,0,0.9974025974025974,0.8827586206896552,0,0.9852579852579852,0.9218390804597701,0,0.9973262032085561,0.8574712643678161,0,0.9875311720698254,0.9103448275862069,0,0.9852579852579852,0.9218390804597701,0,0.9852579852579852,0.9218390804597701,0,0.980440097799511,0.9218390804597701,0,0.9973614775725593,0.8689655172413793,0,0.9973821989528796,0.8758620689655172,0,0.9974025974025974,0.8827586206896552,0,0.9974093264248705,0.8850574712643678,0,0.98989898989899,0.9011494252873563,0,0.9898734177215189,0.8988505747126436,1,1.0,0.0,0
64,0.2,0.8895966029723992,0.9632183908045977,1,0.9948320413436692,0.8850574712643678,0,0.9948320413436692,0.8850574712643678,0,0.9829268292682927,0.9264367816091954,0,0.9946949602122016,0.8620689655172413,0,0.9851485148514851,0.9149425287356322,0,0.9829268292682927,0.9264367816091954,0,0.9829268292682927,0.9264367816091954,0,0.9805825242718447,0.9287356321839081,0,0.9947916666666666,0.8781609195402299,0,0.9948186528497409,0.8827586206896552,0,0.9948453608247423,0.8873563218390804,0,0.9948586118251928,0.8896551724137931,0,0.9874371859296482,0.903448275862069,1,0.9924242424242424,0.903448275862069,0,1.0,0.0,0
65,0.2,0.8737060041407867,0.9701149425287356,1,0.9947229551451188,0.8666666666666667,0,0.9947229551451188,0.8666666666666667,0,0.9875,0.9080459770114943,0,0.9945652173913043,0.8413793103448276,0,0.9872448979591837,0.8896551724137931,0,0.9874055415617129,0.9011494252873563,0,0.9875,0.9080459770114943,0,0.9850746268656716,0.9103448275862069,0,0.9946808510638298,0.8597701149425288,0,0.9947089947089947,0.864367816091954,0,0.9947368421052631,0.8689655172413793,0,0.994750656167979,0.871264367816092,0,0.9897172236503856,0.8850574712643678,1,0.9897172236503856,0.8850574712643678,1,1.0,0.0,0
66,0.2,0.8778467908902692,0.9747126436781609,1,0.9948453608247423,0.8873563218390804,0,0.9948453608247423,0.8873563218390804,0,0.9781021897810219,0.9241379310344827,0,0.9947368421052631,0.8689655172413793,0,0.9802955665024631,0.9149425287356322,0,0.9803921568627451,0.9195402298850575,0,0.9781021897810219,0.9241379310344827,0,0.9781021897810219,0.9241379310344827,0,0.9947780678851175,0.8758620689655172,0,0.9948186528497409,0.8827586206896552,0,0.9948453608247423,0.8873563218390804,0,0.9948717948717949,0.8919540229885058,0,0.9825,0.903448275862069,0,0.9824561403508771,0.9011494252873563,0,1.0,0.0,0
67,0.2,0.8577235772357723,0.9701149425287356,1,0.9922480620155039,0.8827586206896552,1,0.9922480620155039,0.8827586206896552,1,0.9757281553398058,0.9241379310344827,0,0.9947089947089947,0.864367816091954,0,0.9780487804878049,0.9218390804597701,0,0.9757281553398058,0.9241379310344827,0,0.9758454106280193,0.9287356321839081,0,0.9759036144578314,0.9310344827586207,0,0.994750656167979,0.871264367816092,0,0.9947916666666666,0.8781609195402299,0,0.9948051948051948,0.8804597701149425,0,0.9922480620155039,0.8827586206896552,0,0.9801488833746899,0.9080459770114943,0,0.9800498753117207,0.903448275862069,0,1.0,0.0,0
68,0.2,0.8881856540084389,0.967816091954023,1,0.9948320413436692,0.8850574712643678,0,0.9948320413436692,0.8850574712643678,0,0.9781021897810219,0.9241379310344827,0,0.9946524064171123,0.8551724137931035,0,0.9803439803439803,0.9172413793103448,0,0.9780487804878049,0.9218390804597701,0,0.9781021897810219,0.9241379310344827,0,0.9781553398058253,0.9264367816091954,0,0.9947780678851175,0.8758620689655172,0,0.9948051948051948,0.8804597701149425,0,0.9948320413436692,0.8850574712643678,0,0.9948586118251928,0.8896551724137931,0,0.9825870646766169,0.9080459770114943,1,0.9825870646766169,0.9080459770114943,1,1.0,0.0,0
69,0.2,0.9208791208791209,0.9632183908045977,1,1.0,0.8390804597701149,0,1.0,0.8390804597701149,0,0.9948586118251928,0.8896551724137931,0,1.0,0.825287356321839,0,0.9948453608247423,0.8873563218390804,0,0.9948586118251928,0.8896551724137931,0,0.989769820971867,0.8896551724137931,0,0.989821882951654,0.8942528735632184,0,1.0,0.8298850574712644,0,1.0,0.8367816091954023,0,1.0,0.8436781609195402,0,1.0,0.8459770114942529,0,1.0,0.8781609195402299,0,1.0,0.8781609195402299,0,1.0,0.0,0
70,0.2,0.8907563025210083,0.9747126436781609,1,0.9947229551451188,0.8666666666666667,0,0.9947229551451188,0.8666666666666667,0,0.9828431372549019,0.9218390804597701,0,0.994535519125683,0.8367816091954023,0,0.985,0.9057471264367816,0,0.9851116625310173,0.9126436781609195,0,0.9828431372549019,0.9218390804597701,0,0.9828431372549019,0.9218390804597701,0,0.9946091644204852,0.8482758620689655,0,0.9947089947089947,0.864367816091954,0,0.9947368421052631,0.8689655172413793,0,0.994750656167979,0.871264367816092,0,0.9923664122137404,0.896551724137931,0,0.9923664122137404,0.896551724137931,0,1.0,0.0,0
71,0.2,0.8349705304518664,0.9770114942528736,1,0.98989898989899,0.9011494252873563,0,0.98989898989899,0.9011494252873563,0,0.975669099756691,0.9218390804597701,0,0.9948717948717949,0.8919540229885058,0,0.975669099756691,0.9218390804597701,0,0.975669099756691,0.9218390804597701,0,0.9757281553398058,0.9241379310344827,0,0.9758454106280193,0.9287356321839081,0,0.9948849104859335,0.8942528735632184,0,0.9923857868020305,0.8988505747126436,0,0.98989898989899,0.9011494252873563,0,0.9899244332493703,0.903448275862069,0,0.9779951100244498,0.9195402298850575,0,0.9779951100244498,0.9195402298850575,0,1.0,0.0,0
72,0.2,0.8814968814968815,0.9747126436781609,1,0.9947916666666666,0.8781609195402299,0,0.9947916666666666,0.8781609195402299,0,0.975669099756691,0.9218390804597701,0,0.9947229551451188,0.8666666666666667,0,0.9803439803439803,0.9172413793103448,0,0.975669099756691,0.9218390804597701,0,0.975669099756691,0.9218390804597701,0,0.9757281553398058,0.9241379310344827,0,0.9947368421052631,0.8689655172413793,0,0.9947643979057592,0.8735632183908046,0,0.9947916666666666,0.8781609195402299,0,0.9922279792746114,0.8804597701149425,0,0.98,0.9011494252873563,0,0.9823232323232324,0.8942528735632184,0,1.0,0.0,0
73,0.2,0.9030172413793104,0.9632183908045977,1,1.0,0.8436781609195402,0,1.0,0.8436781609195402,0,0.9948717948717949,0.8919540229885058,0,1.0,0.8298850574712644,0,0.9948453608247423,0.8873563218390804,0,0.9948717948717949,0.8919540229885058,0,0.9897959183673469,0.8919540229885058,0,0.9898477157360406,0.896551724137931,0,1.0,0.8367816091954023,0,1.0,0.8413793103448276,0,1.0,0.8459770114942529,0,1.0,0.8505747126436781,0,1.0,0.8827586206896552,0,1.0,0.8827586206896552,0,1.0,0.0,0
74,0.2,0.9,0.9724137931034482,1,0.9948453608247423,0.8873563218390804,0,0.9948453608247423,0.8873563218390804,0,0.9876847290640394,0.9218390804597701,0,0.9946666666666667,0.8574712643678161,0,0.9875621890547264,0.9126436781609195,0,0.9876237623762376,0.9172413793103448,0,0.9876847290640394,0.9218390804597701,0,0.9877450980392157,0.9264367816091954,0,0.9947089947089947,0.864367816091954,0,0.9948186528497409,0.8827586206896552,0,0.9948453608247423,0.8873563218390804,0,0.9948717948717949,0.8919540229885058,0,0.9900249376558603,0.9126436781609195,0,0.99,0.9103448275862069,1,1.0,0.0,0
75,0.2,0.9201773835920177,0.9540229885057471,1,1.0,0.8390804597701149,0,1.0,0.8390804597701149,0,0.9899244332493703,0.903448275862069,0,1.0,0.825287356321839,0,0.9948849104859335,0.8942528735632184,0,0.9948979591836735,0.896551724137931,0,0.9898477157360406,0.896551724137931,0,0.98989898989899,0.9011494252873563,0,1.0,0.8298850574712644,0,1.0,0.8367816091954023,0,1.0,0.8436781609195402,0,1.0,0.8459770114942529,0,1.0,0.8873563218390804,0,1.0,0.8827586206896552,0,1.0,0.0,0
76,0.2,0.9352678571428571,0.9632183908045977,1,1.0,0.832183908045977,0,1.0,0.832183908045977,0,0.9974554707379135,0.9011494252873563,0,1.0,0.8091954022988506,0,1.0,0.8873563218390804,0,1.0,0.8919540229885058,0,0.9974358974358974,0.8942528735632184,0,0.9974554707379135,0.9011494252873563,0,1.0,0.8206896551724138,0,1.0,0.8344827586206897,0,1.0,0.8390804597701149,0,1.0,0.8436781609195402,0,1.0,0.8758620689655172,0,1.0,0.8735632183908046,0,1.0,0.0,0
77,0.2,0.9288888888888889,0.960919540229885,0,0.997275204359673,0.8413793103448276,0,0.997275204359673,0.8413793103448276,0,0.9923469387755102,0.8942528735632184,0,1.0,0.8229885057471265,0,0.9923273657289002,0.8919540229885058,0,0.9923469387755102,0.8942528735632184,0,0.9873096446700508,0.8942528735632184,0,0.9873417721518988,0.896551724137931,0,1.0,0.8275862068965517,0,0.9972527472527473,0.8344827586206897,0,0.9972826086956522,0.8436781609195402,0,0.9972972972972973,0.8482758620689655,0,0.9974160206718347,0.8873563218390804,0,0.9974093264248705,0.8850574712643678,0,1.0,0.0,0
78,0.2,0.9094827586206896,0.9701149425287356,0,0.9946949602122016,0.8620689655172413,0,0.9946949602122016,0.8620689655172413,0,0.9852216748768473,0.9195402298850575,0,0.9945205479452055,0.8344827586206897,0,0.9849246231155779,0.9011494252873563,0,0.985,0.9057471264367816,0,0.9850746268656716,0.9103448275862069,0,0.9852216748768473,0.9195402298850575,0,0.9945504087193461,0.8390804597701149,0,0.9946380697050938,0.8528735632183908,0,0.9946949602122016,0.8620689655172413,0,0.9947229551451188,0.8666666666666667,0,0.9873096446700508,0.8942528735632184,0,0.9872448979591837,0.8896551724137931,0,1.0,0.0,0
79,0.2,0.9252747252747253,0.967816091954023,1,1.0,0.8413793103448276,0,1.0,0.8413793103448276,0,0.9924050632911392,0.9011494252873563,1,1.0,0.825287356321839,0,0.9949109414758269,0.8988505747126436,0,0.9924242424242424,0.903448275862069,0,0.9924242424242424,0.903448275862069,0,0.9899244332493703,0.903448275862069,0,1.0,0.8344827586206897,0,1.0,0.8390804597701149,0,1.0,0.8459770114942529,0,1.0,0.8505747126436781,0,1.0,0.8896551724137931,0,1.0,0.8873563218390804,0,1.0,0.0,0
80,0.2,0.9071274298056156,0.9655172413793104,1,0.997275204359673,0.8413793103448276,0,0.997275204359673,0.8413793103448276,0,0.9900249376558603,0.9126436781609195,0,1.0,0.8183908045977012,0,0.9923664122137404,0.896551724137931,0,0.9923664122137404,0.896551724137931,0,0.9923857868020305,0.8988505747126436,0,0.98989898989899,0.9011494252873563,0,1.0,0.8275862068965517,0,0.9972677595628415,0.8390804597701149,0,0.9972826086956522,0.8436781609195402,0,0.9972972972972973,0.8482758620689655,0,0.9974293059125964,0.8919540229885058,0,0.9974293059125964,0.8919540229885058,0,1.0,0.0,0
81,0.2,0.9096774193548387,0.9724137931034482,0,0.994750656167979,0.871264367816092,0,0.994750656167979,0.871264367816092,0,0.9852216748768473,0.9195402298850575,0,0.9945652173913043,0.8413793103448276,1,0.987468671679198,0.9057471264367816,1,0.9875,0.9080459770114943,0,0.9875,0.9080459770114943,0,0.9875621890547264,0.9126436781609195,0,0.9946236559139785,0.8505747126436781,0,0.9946808510638298,0.8597701149425288,0,0.9947368421052631,0.8689655172413793,0,0.9947643979057592,0.8735632183908046,0,0.9924050632911392,0.9011494252873563,0,0.9923857868020305,0.8988505747126436,1,1.0,0.0,0
82,0.2,0.9019189765458422,0.9724137931034482,1,0.9947089947089947,0.864367816091954,0,0.9947089947089947,0.864367816091954,0,0.9876543209876543,0.9195402298850575,0,0.9945945945945946,0.8459770114942529,0,0.9898477157360406,0.896551724137931,0,0.9874055415617129,0.9011494252873563,0,0.9875,0.9080459770114943,0,0.9876543209876543,0.9195402298850575,0,0.9946380697050938,0.8528735632183908,0,0.9947089947089947,0.864367816091954,0,0.9947368421052631,0.8689655172413793,0,0.9947643979057592,0.8735632183908046,0,0.989821882951654,0.8942528735632184,0,0.9897435897435898,0.8873563218390804,1,1.0,0.0,0
83,0.2,0.8867924528301887,0.9724137931034482,1,0.9947643979057592,0.8735632183908046,0,0.9947643979057592,0.8735632183908046,0,0.9827586206896551,0.9172413793103448,0,0.994579945799458,0.8436781609195402,0,0.9850746268656716,0.9103448275862069,0,0.9827586206896551,0.9172413793103448,0,0.9827586206896551,0.9172413793103448,0,0.9803921568627451,0.9195402298850575,0,0.9947089947089947,0.864367816091954,0,0.9947368421052631,0.8689655172413793,0,0.9947643979057592,0.8735632183908046,0,0.9947780678851175,0.8758620689655172,0,0.9873737373737373,0.8988505747126436,0,0.9873737373737373,0.8988505747126436,0,1.0,0.0,0
84,0.2,0.9134199134199135,0.9701149425287356,0,0.9947229551451188,0.8666666666666667,0,0.9947229551451188,0.8666666666666667,0,0.9878345498783455,0.9333333333333333,0,0.9972972972972973,0.8482758620689655,0,0.992462311557789,0.9080459770114943,0,0.9900249376558603,0.9126436781609195,0,0.9900497512437811,0.9149425287356322,0,0.9900990099009901,0.9195402298850575,0,0.9946808510638298,0.8597701149425288,0,0.9947089947089947,0.864367816091954,0,0.9947229551451188,0.8666666666666667,0,0.9947780678851175,0.8758620689655172,0,0.9923857868020305,0.8988505747126436,0,0.9923664122137404,0.896551724137931,1,1.0,0.0,0
85,0.2,0.8794178794178794,0.9724137931034482,1,0.9947916666666666,0.8781609195402299,0,0.9947916666666666,0.8781609195402299,0,0.9754901960784313,0.9149425287356322,0,0.9946091644204852,0.8482758620689655,0,0.9800498753117207,0.903448275862069,0,0.9801980198019802,0.9103448275862069,0,0.9754299754299754,0.9126436781609195,0,0.9754901960784313,0.9149425287356322,0,0.9947089947089947,0.864367816091954,0,0.9947229551451188,0.8666666666666667,0,0.9947643979057592,0.8735632183908046,0,0.9947916666666666,0.8781609195402299,0,0.9824120603015075,0.8988505747126436,0,0.9823232323232324,0.8942528735632184,1,1.0,0.0,0
86,0.2,0.890295358649789,0.9701149425287356,1,0.994750656167979,0.871264367816092,0,0.994750656167979,0.871264367816092,0,0.9825870646766169,0.9080459770114943,0,0.9945652173913043,0.8413793103448276,0,0.9823232323232324,0.8942528735632184,0,0.9825,0.903448275862069,0,0.9825870646766169,0.9080459770114943,0,0.9801488833746899,0.9080459770114943,0,0.9946666666666667,0.8574712643678161,0,0.9946949602122016,0.8620689655172413,0,0.9947089947089947,0.864367816091954,0,0.994750656167979,0.871264367816092,0,0.9846547314578005,0.8850574712643678,1,0.9897172236503856,0.8850574712643678,0,1.0,0.0,0
87,0.2,0.8863157894736842,0.967816091954023,1,0.9973684210526316,0.871264367816092,0,0.9973684210526316,0.871264367816092,0,0.9875930521091811,0.9149425287356322,0,0.9972972972972973,0.8482758620689655,0,0.9899244332493703,0.903448275862069,0,0.9899749373433584,0.9080459770114943,0,0.9875930521091811,0.9149425287356322,0,0.9875930521091811,0.9149425287356322,0,0.9973333333333333,0.8597701149425288,0,0.9973614775725593,0.8689655172413793,0,0.9973684210526316,0.871264367816092,0,0.9973821989528796,0.8758620689655172,0,0.9949109414758269,0.8988505747126436,0,0.9949109414758269,0.8988505747126436,0,1.0,0.0,0
88,0.2,0.8638211382113821,0.9770114942528736,1,0.9948849104859335,0.8942528735632184,0,0.9948849104859335,0.8942528735632184,0,0.9733009708737864,0.9218390804597701,0,0.9947368421052631,0.8689655172413793,0,0.9779951100244498,0.9195402298850575,0,0.9733009708737864,0.9218390804597701,0,0.9733009708737864,0.9218390804597701,0,0.9734939759036144,0.9287356321839081,0,0.9948186528497409,0.8827586206896552,0,0.9948586118251928,0.8896551724137931,0,0.9948849104859335,0.8942528735632184,0,0.9923469387755102,0.8942528735632184,0,0.9801980198019802,0.9103448275862069,0,0.9801488833746899,0.9080459770114943,0,1.0,0.0,0
89,0.2,0.8739669421487604,0.9724137931034482,1,0.9948186528497409,0.8827586206896552,0,0.9948186528497409,0.8827586206896552,0,0.9826732673267327,0.9126436781609195,0,0.9947368421052631,0.8689655172413793,0,0.9826732673267327,0.9126436781609195,0,0.9826732673267327,0.9126436781609195,0,0.9827160493827161,0.9149425287356322,0,0.9827160493827161,0.9149425287356322,0,0.9947643979057592,0.8735632183908046,0,0.9948051948051948,0.8804597701149425,0,0.9948320413436692,0.8850574712643678,0,0.9948453608247423,0.8873563218390804,0,0.9824561403508771,0.9011494252873563,0,0.9848866498740554,0.8988505747126436,0,1.0,0.0,0
90,0.2,0.8810020876826722,0.9701149425287356,1,0.9973821989528796,0.8758620689655172,0,0.9973821989528796,0.8758620689655172,0,0.9877750611246944,0.9287356321839081,0,0.9973045822102425,0.8505747126436781,0,0.9875311720698254,0.9103448275862069,0,0.9875930521091811,0.9149425287356322,0,0.9876847290640394,0.9218390804597701,0,0.9877750611246944,0.9287356321839081,0,0.9973190348525469,0.8551724137931035,0,0.9973753280839895,0.8735632183908046,0,0.9973890339425587,0.8781609195402299,0,0.9974025974025974,0.8827586206896552,0,0.9899497487437185,0.9057471264367816,0,0.9899497487437185,0.9057471264367816,0,1.0,0.0,0
91,0.2,0.890295358649789,0.9701149425287356,1,0.9973958333333334,0.8804597701149425,0,0.9973958333333334,0.8804597701149425,0,0.9853658536585366,0.9287356321839081,0,0.9973190348525469,0.8551724137931035,0,0.9900744416873449,0.9172413793103448,0,0.9876543209876543,0.9195402298850575,0,0.9876847290640394,0.9218390804597701,0,0.9853658536585366,0.9287356321839081,0,0.9973474801061007,0.864367816091954,0,0.9973821989528796,0.8758620689655172,0,0.9974025974025974,0.8827586206896552,0,0.9974093264248705,0.8850574712643678,0,0.9925,0.9126436781609195,0,0.9925,0.9126436781609195,0,1.0,0.0,0
92,0.2,0.8760330578512396,0.9747126436781609,1,0.9948586118251928,0.8896551724137931,0,0.9948586118251928,0.8896551724137931,0,0.9782608695652174,0.9310344827586207,0,0.9947916666666666,0.8781609195402299,0,0.9805352798053528,0.9264367816091954,0,0.9805352798053528,0.9264367816091954,0,0.9782608695652174,0.9310344827586207,0,0.9782608695652174,0.9310344827586207,0,0.9948186528497409,0.8827586206896552,0,0.9948586118251928,0.8896551724137931,0,0.9948717948717949,0.8919540229885058,0,0.9948979591836735,0.896551724137931,0,0.9826302729528535,0.9103448275862069,1,0.9850374064837906,0.9080459770114943,0,1.0,0.0,0
93,0.2,0.9210526315789473,0.9655172413793104,0,1.0,0.8367816091954023,0,1.0,0.8367816091954023,0,0.9948849104859335,0.8942528735632184,0,1.0,0.8183908045977012,0,0.9974293059125964,0.8919540229885058,0,0.9948849104859335,0.8942528735632184,0,0.9948849104859335,0.8942528735632184,0,0.989821882951654,0.8942528735632184,0,1.0,0.8275862068965517,0,1.0,0.832183908045977,0,1.0,0.8413793103448276,0,1.0,0.8459770114942529,0,1.0,0.8850574712643678,0,1.0,0.8850574712643678,0,1.0,0.0,0
94,0.2,0.906183368869936,0.9770114942528736,0,0.9973614775725593,0.8689655172413793,0,0.9973614775725593,0.8689655172413793,0,0.9876847290640394,0.9218390804597701,0,0.9972677595628415,0.8390804597701149,0,0.9898734177215189,0.8988505747126436,1,0.9899497487437185,0.9057471264367816,0,0.9900249376558603,0.9126436781609195,0,0.9875930521091811,0.9149425287356322,0,0.9972972972972973,0.8482758620689655,0,0.9973262032085561,0.8574712643678161,0,0.9973614775725593,0.8689655172413793,0,0.9973684210526316,0.871264367816092,0,0.9949109414758269,0.8988505747126436,0,0.9948979591836735,0.896551724137931,0,1.0,0.0,0
95,0.2,0.9208791208791209,0.9632183908045977,1,1.0,0.832183908045977,0,1.0,0.832183908045977,0,1.0,0.9057471264367816,0,1.0,0.8137931034482758,0,1.0,0.8942528735632184,0,1.0,0.8988505747126436,0,1.0,0.9057471264367816,0,0.9949494949494949,0.9057471264367816,0,1.0,0.825287356321839,0,1.0,0.8344827586206897,0,1.0,0.8390804597701149,0,1.0,0.8436781609195402,0,1.0,0.8827586206896552,0,1.0,0.8781609195402299,0,1.0,0.0,0
96,0.2,0.908695652173913,0.960919540229885,0,1.0,0.8436781609195402,0,1.0,0.8436781609195402,0,0.9876543209876543,0.9195402298850575,0,1.0,0.8183908045977012,0,0.9923664122137404,0.896551724137931,0,0.9898477157360406,0.896551724137931,0,0.9898734177215189,0.8988505747126436,0,0.98989898989899,0.9011494252873563,0,1.0,0.8344827586206897,0,1.0,0.8436781609195402,0,1.0,0.8459770114942529,0,1.0,0.8505747126436781,0,0.9974160206718347,0.8873563218390804,1,1.0,0.8873563218390804,0,1.0,0.0,0
97,0.2,0.8731808731808732,0.9655172413793104,1,0.9973684210526316,0.871264367816092,0,0.9973684210526316,0.871264367816092,0,0.9779951100244498,0.9195402298850575,0,0.9973190348525469,0.8551724137931035,0,0.9850746268656716,0.9103448275862069,0,0.9827160493827161,0.9149425287356322,0,0.9779951100244498,0.9195402298850575,0,0.9779951100244498,0.9195402298850575,0,0.9973333333333333,0.8597701149425288,0,0.9973614775725593,0.8689655172413793,0,0.9973684210526316,0.871264367816092,0,0.9973821989528796,0.8758620689655172,0,0.9848866498740554,0.8988505747126436,0,0.9847715736040609,0.8919540229885058,1,1.0,0.0,0
98,0.2,0.8978723404255319,0.9701149425287356,1,0.9972826086956522,0.8436781609195402,0,0.9972826086956522,0.8436781609195402,0,0.9876237623762376,0.9172413793103448,0,1.0,0.8344827586206897,0,0.9923664122137404,0.896551724137931,0,0.9898477157360406,0.896551724137931,0,0.9898734177215189,0.8988505747126436,0,0.98989898989899,0.9011494252873563,0,0.997275204359673,0.8413793103448276,0,0.997289972899729,0.8459770114942529,0,0.9972972972972973,0.8482758620689655,0,0.9973118279569892,0.8528735632183908,0,0.9948320413436692,0.8850574712643678,1,0.9974093264248705,0.8850574712643678,0,1.0,0.0,0
99,0.2,0.9069264069264069,0.9632183908045977,0,1.0,0.8459770114942529,0,1.0,0.8459770114942529,0,0.9875311720698254,0.9103448275862069,0,1.0,0.8275862068965517,0,0.9948586118251928,0.8896551724137931,0,0.9923076923076923,0.8896551724137931,0,0.9923469387755102,0.8942528735632184,0,0.989821882951654,0.8942528735632184,0,1.0,0.8390804597701149,0,1.0,0.8459770114942529,0,1.0,0.8482758620689655,0,1.0,0.8528735632183908,0,0.9974025974025974,0.8827586206896552,1,1.0,0.8827586206896552,0,1.0,0.0,0
100,0.2,0.8942917547568711,0.9724137931034482,1,0.9973544973544973,0.8666666666666667,0,0.9973544973544973,0.8666666666666667,0,0.9877149877149877,0.9241379310344827,0,0.997275204359673,0.8413793103448276,0,0.9899244332493703,0.903448275862069,0,0.9899497487437185,0.9057471264367816,0,0.9875311720698254,0.9103448275862069,0,0.9875930521091811,0.9149425287356322,0,0.9972972972972973,0.8482758620689655,0,0.9973118279569892,0.8528735632183908,0,0.9973404255319149,0.8620689655172413,0,0.9973753280839895,0.8735632183908046,0,0.9923664122137404,0.896551724137931,1,0.9923664122137404,0.896551724137931,1,1.0,0.0,0
1,0.3,0.8284600389863548,0.9770114942528736,1,0.9948051948051948,0.8804597701149425,0,0.9948051948051948,0.8804597701149425,0,0.9803921568627451,0.9195402298850575,0,0.9946949602122016,0.8620689655172413,0,0.9851485148514851,0.9149425287356322,0,0.9851851851851852,0.9172413793103448,0,0.9803921568627451,0.9195402298850575,0,0.9804878048780488,0.9241379310344827,0,0.994750656167979,0.871264367816092,0,0.9947916666666666,0.8781609195402299,0,0.9948186528497409,0.8827586206896552,0,0.9948320413436692,0.8850574712643678,0,0.9849246231155779,0.9011494252873563,0,0.9849246231155779,0.9011494252873563,0,1.0,0.0,0
2,0.3,0.8709016393442623,0.9770114942528736,0,0.9973821989528796,0.8758620689655172,0,0.9973821989528796,0.8758620689655172,0,0.9900990099009901,0.9195402298850575,0,0.9972972972972973,0.8482758620689655,0,0.992462311557789,0.9080459770114943,0,0.9900744416873449,0.9172413793103448,0,0.9900990099009901,0.9195402298850575,0,0.9876847290640394,0.9218390804597701,0,0.9973684210526316,0.871264367816092,0,0.9973821989528796,0.8758620689655172,0,0.9973890339425587,0.8781609195402299,0,0.9974025974025974,0.8827586206896552,0,0.9924242424242424,0.903448275862069,1,0.9974619289340102,0.903448275862069,0,1.0,0.0,0
3,0.3,0.8409542743538767,0.9724137931034482,1,0.9947368421052631,0.8689655172413793,0,0.9947368421052631,0.8689655172413793,0,0.9777227722772277,0.9080459770114943,0,0.9946380697050938,0.8528735632183908,0,0.9825,0.903448275862069,0,0.9776674937965261,0.9057471264367816,0,0.9777227722772277,0.9080459770114943,0,0.9777777777777777,0.9103448275862069,0,0.9947089947089947,0.864367816091954,0,0.9947229551451188,0.8666666666666667,0,0.9947368421052631,0.8689655172413793,0,0.994750656167979,0.871264367816092,0,0.9822335025380711,0.8896551724137931,0,0.9846938775510204,0.8873563218390804,0,1.0,0.0,0
4,0.3,0.8415841584158416,0.9770114942528736,1,0.9973958333333334,0.8804597701149425,0,0.9973958333333334,0.8804597701149425,0,0.9780487804878049,0.9218390804597701,0,0.9973614775725593,0.8689655172413793,0,0.9828009828009828,0.9195402298850575,0,0.9828009828009828,0.9195402298850575,0,0.9780487804878049,0.9218390804597701,0,0.9781553398058253,0.9264367816091954,0,0.9973753280839895,0.8735632183908046,0,0.9973890339425587,0.8781609195402299,0,0.9974025974025974,0.8827586206896552,0,0.9974093264248705,0.8850574712643678,0,0.9848866498740554,0.8988505747126436,0,0.9872773536895675,0.8919540229885058,1,1.0,0.0,0
5,0.3,0.8942917547568711,0.9724137931034482,1,0.9947368421052631,0.8689655172413793,0,0.9947368421052631,0.8689655172413793,0,0.9852216748768473,0.9195402298850575,0,0.994579945799458,0.8436781609195402,0,0.9873417721518988,0.896551724137931,0,0.9848866498740554,0.8988505747126436,0,0.9850374064837906,0.9080459770114943,0,0.9852216748768473,0.9195402298850575,0,0.9946091644204852,0.8482758620689655,0,0.9946666666666667,0.8574712643678161,0,0.9947368421052631,0.8689655172413793,0,0.994750656167979,0.871264367816092,0,0.989821882951654,0.8942528735632184,0,0.9897435897435898,0.8873563218390804,0,1.0,0.0,0
6,0.3,0.7904411764705882,0.9885057471264368,1,0.9874371859296482,0.903448275862069,1,0.9874371859296482,0.903448275862069,1,0.9716981132075472,0.9471264367816092,1,0.9948453608247423,0.8873563218390804,0,0.9783653846153846,0.9356321839080459,0,0.9784688995215312,0.9402298850574713,0,0.9761904761904762,0.9425287356321839,0,0.9739952718676123,0.9471264367816092,0,0.9948979591836735,0.896551724137931,0,0.9898734177215189,0.8988505747126436,0,0.9899244332493703,0.903448275862069,0,0.987468671679198,0.9057471264367816,0,0.9782608695652174,0.9310344827586207,0,0.980440097799511,0.9218390804597701,0,1.0,0.0,0
7,0.3,0.8014981273408239,0.9839080459770115,0,0.9872448979591837,0.8896551724137931,1,0.9872448979591837,0.8896551724137931,1,0.9665071770334929,0.9287356321839081,1,0.994750656167979,0.871264367816092,0,0.9755501222493888,0.9172413793103448,0,0.9733009708737864,0.9218390804597701,0,0.9709443099273608,0.9218390804597701,0,0.9665071770334929,0.9287356321839081,0,0.9948051948051948,0.8804597701149425,0,0.9922680412371134,0.8850574712643678,0,0.9897435897435898,0.8873563218390804,0,0.9872448979591837,0.8896551724137931,0,0.9778869778869779,0.9149425287356322,0,0.9800995024875622,0.9057471264367816,0,1.0,0.0,0
8,0.3,0.8268482490272373,0.9770114942528736,1,0.9974093264248705,0.8850574712643678,0,0.9974093264248705,0.8850574712643678,0,0.9852216748768473,0.9195402298850575,0,0.9973684210526316,0.871264367816092,0,0.9852216748768473,0.9195402298850575,0,0.9852216748768473,0.9195402298850575,0,0.9828009828009828,0.9195402298850575,0,0.9828431372549019,0.9218390804597701,0,0.9973890339425587,0.8781609195402299,0,0.9973958333333334,0.8804597701149425,0,0.9974025974025974,0.8827586206896552,0,0.9974160206718347,0.8873563218390804,0,0.987468671679198,0.9057471264367816,0,0.9874371859296482,0.903448275862069,0,1.0,0.0,0
9,0.3,0.8762886597938144,0.9770114942528736,0,0.9973821989528796,0.8758620689655172,0,0.9973821989528796,0.8758620689655172,0,0.9829683698296837,0.9287356321839081,0,0.9973333333333333,0.8597701149425288,0,0.99,0.9103448275862069,0,0.9900744416873449,0.9172413793103448,0,0.9877149877149877,0.9241379310344827,0,0.9877450980392157,0.9264367816091954,0,0.9973614775725593,0.8689655172413793,0,0.9973821989528796,0.8758620689655172,0,0.9973958333333334,0.8804597701149425,0,0.9974093264248705,0.8850574712643678,0,0.9949622166246851,0.9080459770114943,0,0.9949622166246851,0.9080459770114943,0,1.0,0.0,0
10,0.3,0.850597609561753,0.9816091954022989,1,0.9974025974025974,0.8827586206896552,0,0.9974025974025974,0.8827586206896552,0,0.9828850855745721,0.9241379310344827,1,0.9973118279569892,0.8528735632183908,0,0.9900249376558603,0.9126436781609195,0,0.9876847290640394,0.9218390804597701,0,0.9877149877149877,0.9241379310344827,0,0.9828850855745721,0.9241379310344827,0,0.9973821989528796,0.8758620689655172,0,0.9973958333333334,0.8804597701149425,0,0.9974025974025974,0.8827586206896552,0,0.9974160206718347,0.8873563218390804,0,0.98989898989899,0.9011494252873563,0,0.9923857868020305,0.8988505747126436,0,1.0,0.0,0
11,0.3,0.8747433264887063,0.9793103448275862,0,0.9948979591836735,0.896551724137931,0,0.9948979591836735,0.896551724137931,0,0.9853658536585366,0.9287356321839081,0,0.9947643979057592,0.8735632183908046,0,0.9875930521091811,0.9149425287356322,0,0.9877450980392157,0.9264367816091954,0,0.9853658536585366,0.9287356321839081,0,0.9853658536585366,0.9287356321839081,0,0.9948320413436692,0.8850574712643678,0,0.9948979591836735,0.896551724137931,0,0.9949238578680203,0.9011494252873563,0,0.9949367088607595,0.903448275862069,0,0.9949874686716792,0.9126436781609195,0,0.9949874686716792,0.9126436781609195,0,1.0,0.0,0
12,0.3,0.8726899383983573,0.9770114942528736,1,0.9973821989528796,0.8758620689655172,0,0.9973821989528796,0.8758620689655172,0,0.9851851851851852,0.9172413793103448,0,0.997275204359673,0.8413793103448276,0,0.9875,0.9080459770114943,0,0.9851851851851852,0.9172413793103448,0,0.9851851851851852,0.9172413793103448,0,0.9827586206896551,0.9172413793103448,0,0.9973474801061007,0.864367816091954,0,0.9973614775725593,0.8689655172413793,0,0.9973753280839895,0.8735632183908046,0,0.9973890339425587,0.8781609195402299,0,0.9898734177215189,0.8988505747126436,1,0.9923857868020305,0.8988505747126436,0,1.0,0.0,0
13,0.3,0.8635437881873727,0.9747126436781609,1,0.9948717948717949,0.8919540229885058,0,0.9948717948717949,0.8919540229885058,0,0.9804878048780488,0.9241379310344827,0,0.9947780678851175,0.8758620689655172,0,0.9828009828009828,0.9195402298850575,0,0.9828431372549019,0.9218390804597701,0,0.9804878048780488,0.9241379310344827,0,0.9805825242718447,0.9287356321839081,0,0.9948186528497409,0.8827586206896552,0,0.9948453608247423,0.8873563218390804,0,0.9948717948717949,0.8919540229885058,0,0.9948979591836735,0.896551724137931,0,0.9849246231155779,0.9011494252873563,0,0.9848866498740554,0.8988505747126436,1,1.0,0.0,0
14,0.3,0.9075268817204301,0.9701149425287356,1,1.0,0.8275862068965517,0,1.0,0.8275862068965517,0,0.9900744416873449,0.9172413793103448,0,1.0,0.8068965517241379,0,0.9974025974025974,0.8827586206896552,0,0.9948717948717949,0.8919540229885058,0,0.9948717948717949,0.8919540229885058,0,0.9948979591836735,0.896551724137931,0,1.0,0.8206896551724138,0,1.0,0.8275862068965517,0,0.9972451790633609,0.832183908045977,0,0.9972602739726028,0.8367816091954023,0,0.9973890339425587,0.8781609195402299,0,0.9973821989528796,0.8758620689655172,0,1.0,0.0,0
15,0.3,0.8814968814968815,0.9747126436781609,1,0.9973958333333334,0.8804597701149425,0,0.9973958333333334,0.8804597701149425,0,0.9852579852579852,0.9218390804597701,0,0.9973474801061007,0.864367816091954,0,0.9899244332493703,0.903448275862069,0,0.9875311720698254,0.9103448275862069,0,0.9875930521091811,0.9149425287356322,0,0.9852579852579852,0.9218390804597701,0,0.9973684210526316,0.871264367816092,0,0.9973890339425587,0.8781609195402299,0,0.9974025974025974,0.8827586206896552,0,0.9974160206718347,0.8873563218390804,0,0.98989898989899,0.9011494252873563,0,0.9898734177215189,0.8988505747126436,1,1.0,0.0,0
16,0.3,0.88125,0.9724137931034482,1,0.9947643979057592,0.8735632183908046,0,0.9947643979057592,0.8735632183908046,0,0.9828431372549019,0.9218390804597701,0,0.9946236559139785,0.8505747126436781,0,0.9849624060150376,0.903448275862069,0,0.9827160493827161,0.9149425287356322,0,0.9828431372549019,0.9218390804597701,0,0.9804878048780488,0.9241379310344827,0,0.9947089947089947,0.864367816091954,0,0.994750656167979,0.871264367816092,0,0.9947780678851175,0.8758620689655172,0,0.9947916666666666,0.8781609195402299,0,0.9873417721518988,0.896551724137931,1,0.9898477157360406,0.896551724137931,0,1.0,0.0,0
17,0.3,0.8650306748466258,0.9724137931034482,1,1.0,0.8551724137931035,0,1.0,0.8551724137931035,0,0.9825,0.903448275862069,0,1.0,0.8275862068965517,0,0.9872122762148338,0.8873563218390804,0,0.9848101265822785,0.8942528735632184,0,0.9825,0.903448275862069,0,0.9825,0.903448275862069,0,1.0,0.832183908045977,0,1.0,0.8390804597701149,0,1.0,0.8528735632183908,0,1.0,0.8574712643678161,0,0.9922480620155039,0.8827586206896552,0,0.9922480620155039,0.8827586206896552,0,1.0,0.0,0
18,0.3,0.8265107212475633,0.9747126436781609,1,0.9947780678851175,0.8758620689655172,0,0.9947780678851175,0.8758620689655172,0,0.980246913580247,0.9126436781609195,0,0.9945945945945946,0.8459770114942529,0,0.980246913580247,0.9126436781609195,0,0.9778325123152709,0.9126436781609195,0,0.9778325123152709,0.9126436781609195,0,0.9779411764705882,0.9172413793103448,0,0.9946949602122016,0.8620689655172413,0,0.9947229551451188,0.8666666666666667,0,0.9947643979057592,0.8735632183908046,0,0.9947916666666666,0.8781609195402299,0,0.982367758186398,0.896551724137931,0,0.9848101265822785,0.8942528735632184,0,1.0,0.0,0
19,0.3,0.8734439834024896,0.967816091954023,1,1.0,0.8413793103448276,0,1.0,0.8413793103448276,0,0.9876543209876543,0.9195402298850575,0,1.0,0.8229885057471265,0,0.9949238578680203,0.9011494252873563,0,0.9899497487437185,0.9057471264367816,0,0.9875,0.9080459770114943,0,0.9875621890547264,0.9126436781609195,0,1.0,0.8367816091954023,0,1.0,0.8390804597701149,0,1.0,0.8436781609195402,0,1.0,0.8505747126436781,0,0.9948979591836735,0.896551724137931,1,0.9974358974358974,0.8942528735632184,1,1.0,0.0,0
20,0.3,0.8867924528301887,0.9724137931034482,1,0.9973190348525469,0.8551724137931035,0,0.9973190348525469,0.8551724137931035,0,0.9875621890547264,0.9126436781609195,0,0.9972375690607734,0.8298850574712644,1,0.9923469387755102,0.8942528735632184,0,0.9899244332493703,0.903448275862069,0,0.9899749373433584,0.9080459770114943,0,0.9875621890547264,0.9126436781609195,0,0.9972602739726028,0.8367816091954023,0,0.997275204359673,0.8413793103448276,0,0.9973118279569892,0.8528735632183908,0,0.9973333333333333,0.8597701149425288,0,0.9948849104859335,0.8942528735632184,0,0.9948186528497409,0.8827586206896552,1,1.0,0.0,0
21,0.3,0.8253358925143954,0.9885057471264368,1,0.9973614775725593,0.8689655172413793,0,0.9973614775725593,0.8689655172413793,0,0.9716312056737588,0.9448275862068966,1,0.9973190348525469,0.8551724137931035,0,0.9851851851851852,0.9172413793103448,0,0.9852579852579852,0.9218390804597701,0,0.9804878048780488,0.9241379310344827,0,0.9804878048780488,0.9241379310344827,0,0.9973544973544973,0.8666666666666667,0,0.9973614775725593,0.8689655172413793,0,0.9973684210526316,0.871264367816092,0,0.9973821989528796,0.8758620689655172,0,0.9874055415617129,0.9011494252873563,0,0.9873737373737373,0.8988505747126436,0,1.0,0.0,0
22,0.3,0.8900414937759336,0.9862068965517241,1,0.9974424552429667,0.896551724137931,0,0.9974424552429667,0.896551724137931,0,0.9877750611246944,0.9287356321839081,0,0.9973614775725593,0.8689655172413793,0,0.9901234567901235,0.9218390804597701,0,0.9901477832512315,0.9241379310344827,0,0.9877750611246944,0.9287356321839081,0,0.9877750611246944,0.9287356321839081,0,0.9974226804123711,0.8896551724137931,0,0.9974358974358974,0.8942528735632184,0,0.9974489795918368,0.8988505747126436,0,0.9974554707379135,0.9011494252873563,0,0.9925187032418953,0.9149425287356322,0,0.9925,0.9126436781609195,1,1.0,0.0,0
23,0.3,0.8778467908902692,0.9747126436781609,1,0.9973404255319149,0.8620689655172413,0,0.9973404255319149,0.8620689655172413,0,0.9902200488997555,0.9310344827586207,0,0.9972826086956522,0.8436781609195402,0,0.9949748743718593,0.9103448275862069,0,0.9900744416873449,0.9172413793103448,0,0.9900990099009901,0.9195402298850575,0,0.9901234567901235,0.9218390804597701,0,0.9973262032085561,0.8574712643678161,0,0.9973404255319149,0.8620689655172413,0,0.9973544973544973,0.8666666666666667,0,0.9973684210526316,0.871264367816092,0,0.9974683544303797,0.9057471264367816,0,0.9974619289340102,0.903448275862069,0,1.0,0.0,0
24,0.3,0.8466135458167331,0.9770114942528736,1,0.9948320413436692,0.8850574712643678,0,0.9948320413436692,0.8850574712643678,0,0.9828431372549019,0.9218390804597701,0,0.9947089947089947,0.864367816091954,0,0.9828431372549019,0.9218390804597701,0,0.9828850855745721,0.9241379310344827,0,0.9804878048780488,0.9241379310344827,0,0.9804878048780488,0.9241379310344827,0,0.9947643979057592,0.8735632183908046,0,0.9947916666666666,0.8781609195402299,0,0.9948320413436692,0.8850574712643678,0,0.9948586118251928,0.8896551724137931,0,0.9850746268656716,0.9103448275862069,0,0.9850374064837906,0.9080459770114943,0,1.0,0.0,0
25,0.3,0.8548387096774194,0.9747126436781609,1,0.9973821989528796,0.8758620689655172,0,0.9973821989528796,0.8758620689655172,0,0.9877149877149877,0.9241379310344827,0,0.997289972899729,0.8459770114942529,0,0.9899749373433584,0.9080459770114943,0,0.9877149877149877,0.9241379310344827,0,0.9877149877149877,0.9241379310344827,0,0.9877149877149877,0.9241379310344827,0,0.9973614775725593,0.8689655172413793,0,0.9973684210526316,0.871264367816092,0,0.9973821989528796,0.8758620689655172,0,0.9973890339425587,0.8781609195402299,0,0.98989898989899,0.9011494252873563,1,0.9924050632911392,0.9011494252873563,0,1.0,0.0,0
26,0.3,0.7929759704251387,0.9862068965517241,1,0.9898734177215189,0.8988505747126436,1,0.9898734177215189,0.8988505747126436,1,0.9670588235294117,0.9448275862068966,1,0.9948586118251928,0.8896551724137931,0,0.9782082324455206,0.9287356321839081,0,0.9783132530120482,0.9333333333333333,0,0.9737470167064439,0.9379310344827586,0,0.9693396226415094,0.9448275862068966,0,0.9948849104859335,0.8942528735632184,0,0.9923664122137404,0.896551724137931,0,0.9898734177215189,0.8988505747126436,0,0.98989898989899,0.9011494252873563,0,0.9828850855745721,0.9241379310344827,0,0.9828850855745721,0.9241379310344827,0,1.0,0.0,0
27,0.3,0.8709016393442623,0.9770114942528736,1,0.9947780678851175,0.8758620689655172,0,0.9947780678851175,0.8758620689655172,0,0.9828850855745721,0.9241379310344827,0,0.9946380697050938,0.8528735632183908,0,0.987468671679198,0.9057471264367816,0,0.9875311720698254,0.9103448275862069,0,0.9876543209876543,0.9195402298850575,0,0.9876847290640394,0.9218390804597701,0,0.9947368421052631,0.8689655172413793,0,0.9947916666666666,0.8781609195402299,0,0.9948051948051948,0.8804597701149425,0,0.9948320413436692,0.8850574712643678,0,0.9923857868020305,0.8988505747126436,0,0.9923857868020305,0.8988505747126436,0,1.0,0.0,0
28,0.3,0.848,0.9747126436781609,1,0.994750656167979,0.871264367816092,0,0.994750656167979,0.871264367816092,0,0.9776119402985075,0.903448275862069,0,0.9946949602122016,0.8620689655172413,0,0.9776119402985075,0.903448275862069,0,0.9776674937965261,0.9057471264367816,0,0.9776674937965261,0.9057471264367816,0,0.9778325123152709,0.9126436781609195,0,0.9947229551451188,0.8666666666666667,0,0.9947368421052631,0.8689655172413793,0,0.9947643979057592,0.8735632183908046,0,0.9921671018276762,0.8735632183908046,0,0.9797979797979798,0.8919540229885058,0,0.9822335025380711,0.8896551724137931,0,1.0,0.0,0
29,0.3,0.8940677966101696,0.9701149425287356,1,1.0,0.8505747126436781,0,1.0,0.8505747126436781,0,0.9949367088607595,0.903448275862069,0,1.0,0.8229885057471265,0,0.9949367088607595,0.903448275862069,0,0.9949367088607595,0.903448275862069,0,0.9949494949494949,0.9057471264367816,0,0.9924812030075187,0.9103448275862069,0,1.0,0.832183908045977,0,1.0,0.8459770114942529,0,1.0,0.8528735632183908,0,1.0,0.8551724137931035,0,1.0,0.896551724137931,0,1.0,0.8896551724137931,0,1.0,0.0,0
30,0.3,0.8617886178861789,0.9747126436781609,1,0.9973958333333334,0.8804597701149425,0,0.9973958333333334,0.8804597701149425,0,0.9828431372549019,0.9218390804597701,0,0.9973118279569892,0.8528735632183908,0,0.9851485148514851,0.9149425287356322,0,0.9828431372549019,0.9218390804597701,0,0.9828431372549019,0.9218390804597701,0,0.9804878048780488,0.9241379310344827,0,0.9973614775725593,0.8689655172413793,0,0.9973753280839895,0.8735632183908046,0,0.9973890339425587,0.8781609195402299,0,0.9974025974025974,0.8827586206896552,0,0.987468671679198,0.9057471264367816,1,0.9924433249370277,0.9057471264367816,0,1.0,0.0,0
31,0.3,0.8775933609958506,0.9724137931034482,0,0.997275204359673,0.8413793103448276,0,0.997275204359673,0.8413793103448276,0,0.9851851851851852,0.9172413793103448,0,1.0,0.8206896551724138,0,0.9872773536895675,0.8919540229885058,0,0.9873737373737373,0.8988505747126436,0,0.9874371859296482,0.903448275862069,0,0.9850746268656716,0.9103448275862069,0,0.9972451790633609,0.832183908045977,0,0.9972602739726028,0.8367816091954023,0,0.997275204359673,0.8413793103448276,0,0.9972972972972973,0.8482758620689655,0,0.9897172236503856,0.8850574712643678,1,0.9897172236503856,0.8850574712643678,1,1.0,0.0,0
32,0.3,0.8775933609958506,0.9724137931034482,1,0.9973333333333333,0.8597701149425288,0,0.9973333333333333,0.8597701149425288,0,0.9925187032418953,0.9149425287356322,0,0.997275204359673,0.8413793103448276,0,0.9923664122137404,0.896551724137931,0,0.9924242424242424,0.903448275862069,0,0.9924242424242424,0.903448275862069,0,0.9924433249370277,0.9057471264367816,0,0.9973118279569892,0.8528735632183908,0,0.9973262032085561,0.8574712643678161,0,0.9973404255319149,0.8620689655172413,0,0.9973614775725593,0.8689655172413793,0,0.9948717948717949,0.8919540229885058,1,0.9974226804123711,0.8896551724137931,0,1.0,0.0,0
33,0.3,0.8483033932135728,0.9770114942528736,1,0.9973821989528796,0.8758620689655172,0,0.9973821989528796,0.8758620689655172,0,0.9828850855745721,0.9241379310344827,0,0.9972972972972973,0.8482758620689655,0,0.9875311720698254,0.9103448275862069,0,0.9852216748768473,0.9195402298850575,0,0.9828431372549019,0.9218390804597701,0,0.9828850855745721,0.9241379310344827,0,0.9973404255319149,0.8620689655172413,0,0.9973544973544973,0.8666666666666667,0,0.9973684210526316,0.871264367816092,0,0.9973890339425587,0.8781609195402299,0,0.987468671679198,0.9057471264367816,0,0.9924242424242424,0.903448275862069,0,1.0,0.0,0
34,0.3,0.8752598752598753,0.967816091954023,1,0.9947368421052631,0.8689655172413793,0,0.9947368421052631,0.8689655172413793,0,0.9825870646766169,0.9080459770114943,0,0.994535519125683,0.8367816091954023,0,0.9824120603015075,0.8988505747126436,0,0.9825870646766169,0.9080459770114943,0,0.9825870646766169,0.9080459770114943,0,0.9801980198019802,0.9103448275862069,0,0.9946666666666667,0.8574712643678161,0,0.9946949602122016,0.8620689655172413,0,0.9947229551451188,0.8666666666666667,0,0.994750656167979,0.871264367816092,0,0.9846938775510204,0.8873563218390804,1,0.9897435897435898,0.8873563218390804,0,1.0,0.0,0
35,0.3,0.8778467908902692,0.9747126436781609,1,0.9973474801061007,0.864367816091954,0,0.9973474801061007,0.864367816091954,0,0.9851485148514851,0.9149425287356322,0,1.0,0.8482758620689655,0,0.9873096446700508,0.8942528735632184,1,0.9873737373737373,0.8988505747126436,0,0.9874055415617129,0.9011494252873563,0,0.9875,0.9080459770114943,0,0.9973262032085561,0.8574712643678161,0,0.9973404255319149,0.8620689655172413,0,0.9973544973544973,0.8666666666666667,0,0.9973684210526316,0.871264367816092,0,0.9923076923076923,0.8896551724137931,1,0.9948586118251928,0.8896551724137931,1,1.0,0.0,0
36,0.3,0.8789144050104384,0.967816091954023,0,0.997289972899729,0.8459770114942529,0,0.997289972899729,0.8459770114942529,0,0.9851485148514851,0.9149425287356322,0,1.0,0.832183908045977,0,0.9898734177215189,0.8988505747126436,0,0.9874371859296482,0.903448275862069,0,0.9875,0.9080459770114943,0,0.9875311720698254,0.9103448275862069,0,0.9972677595628415,0.8390804597701149,0,0.997289972899729,0.8459770114942529,0,0.9973045822102425,0.8505747126436781,0,0.9973190348525469,0.8551724137931035,0,0.9923469387755102,0.8942528735632184,1,0.9923469387755102,0.8942528735632184,1,1.0,0.0,0
37,0.3,0.8739669421487604,0.9724137931034482,1,0.9973614775725593,0.8689655172413793,0,0.9973614775725593,0.8689655172413793,0,0.9802955665024631,0.9149425287356322,0,0.9973045822102425,0.8505747126436781,0,0.9848866498740554,0.8988505747126436,0,0.9825,0.903448275862069,0,0.9802955665024631,0.9149425287356322,0,0.9802955665024631,0.9149425287356322,0,0.9973262032085561,0.8574712643678161,0,0.9973614775725593,0.8689655172413793,0,0.9973684210526316,0.871264367816092,0,0.9973821989528796,0.8758620689655172,0,0.989821882951654,0.8942528735632184,0,0.989769820971867,0.8896551724137931,1,1.0,0.0,0
38,0.3,0.7947761194029851,0.9793103448275862,1,0.9875,0.9080459770114943,1,0.9875,0.9080459770114943,1,0.9672131147540983,0.9494252873563218,1,0.9949109414758269,0.8988505747126436,0,0.973621103117506,0.9333333333333333,0,0.9738095238095238,0.9402298850574713,0,0.9716312056737588,0.9448275862068966,0,0.9672131147540983,0.9494252873563218,0,0.9949494949494949,0.9057471264367816,0,0.9899497487437185,0.9057471264367816,0,0.9875,0.9080459770114943,0,0.9875311720698254,0.9103448275862069,0,0.9782082324455206,0.9287356321839081,0,0.9781553398058253,0.9264367816091954,0,1.0,0.0,0
39,0.3,0.8415841584158416,0.9770114942528736,1,0.9974293059125964,0.8919540229885058,0,0.9974293059125964,0.8919540229885058,0,0.9853658536585366,0.9287356321839081,0,0.9973753280839895,0.8735632183908046,0,0.9900990099009901,0.9195402298850575,0,0.9876543209876543,0.9195402298850575,0,0.9853658536585366,0.9287356321839081,0,0.9853658536585366,0.9287356321839081,0,0.9973890339425587,0.8781609195402299,0,0.9974160206718347,0.8873563218390804,0,0.9974358974358974,0.8942528735632184,0,0.9974424552429667,0.896551724137931,0,0.9925187032418953,0.9149425287356322,0,0.9925187032418953,0.9149425287356322,0,1.0,0.0,0
40,0.3,0.8534136546184738,0.9770114942528736,1,1.0,0.8689655172413793,0,1.0,0.8689655172413793,0,0.9851851851851852,0.9172413793103448,0,1.0,0.8482758620689655,0,0.9873737373737373,0.8988505747126436,0,0.9875,0.9080459770114943,0,0.9851851851851852,0.9172413793103448,0,0.9851851851851852,0.9172413793103448,0,1.0,0.8528735632183908,0,1.0,0.8689655172413793,0,1.0,0.871264367816092,0,1.0,0.8758620689655172,0,0.9923664122137404,0.896551724137931,0,0.9923664122137404,0.896551724137931,0,1.0,0.0,0
41,0.3,0.8192307692307692,0.9793103448275862,1,0.989821882951654,0.8942528735632184,1,0.989821882951654,0.8942528735632184,1,0.9643705463182898,0.9333333333333333,1,0.9948320413436692,0.8850574712643678,0,0.9754901960784313,0.9149425287356322,1,0.975669099756691,0.9218390804597701,0,0.9733009708737864,0.9218390804597701,0,0.9710843373493976,0.9264367816091954,0,0.9948586118251928,0.8896551724137931,0,0.9948849104859335,0.8942528735632184,0,0.989821882951654,0.8942528735632184,0,0.9873417721518988,0.896551724137931,0,0.980246913580247,0.9126436781609195,0,0.9825870646766169,0.9080459770114943,0,1.0,0.0,0
42,0.3,0.8653061224489795,0.9747126436781609,1,0.9947089947089947,0.864367816091954,0,0.9947089947089947,0.864367816091954,0,0.9876543209876543,0.9195402298850575,0,0.994475138121547,0.8275862068965517,0,0.98989898989899,0.9011494252873563,0,0.99,0.9103448275862069,0,0.9876543209876543,0.9195402298850575,0,0.9876847290640394,0.9218390804597701,0,0.9945504087193461,0.8390804597701149,0,0.9946949602122016,0.8620689655172413,0,0.9947229551451188,0.8666666666666667,0,0.994750656167979,0.871264367816092,0,0.9923857868020305,0.8988505747126436,0,0.9923857868020305,0.8988505747126436,0,1.0,0.0,0
43,0.3,0.8778467908902692,0.9747126436781609,1,1.0,0.8459770114942529,0,1.0,0.8459770114942529,0,0.9900497512437811,0.9149425287356322,0,1.0,0.8275862068965517,0,0.9974293059125964,0.8919540229885058,0,0.9948979591836735,0.896551724137931,0,0.9923857868020305,0.8988505747126436,0,0.9924433249370277,0.9057471264367816,0,1.0,0.8390804597701149,0,1.0,0.8436781609195402,0,1.0,0.8459770114942529,0,1.0,0.8528735632183908,0,0.9974093264248705,0.8850574712643678,0,1.0,0.8804597701149425,0,1.0,0.0,0
44,0.3,0.8492063492063492,0.9839080459770115,1,0.9948717948717949,0.8919540229885058,0,0.9948717948717949,0.8919540229885058,0,0.9877750611246944,0.9287356321839081,1,0.9947089947089947,0.864367816091954,0,0.9901477832512315,0.9241379310344827,0,0.9877750611246944,0.9287356321839081,0,0.9877750611246944,0.9287356321839081,0,0.9878048780487805,0.9310344827586207,0,0.9948186528497409,0.8827586206896552,0,0.9948453608247423,0.8873563218390804,0,0.9948717948717949,0.8919540229885058,0,0.9948979591836735,0.896551724137931,0,0.9925373134328358,0.9172413793103448,0,0.9925373134328358,0.9172413793103448,0,1.0,0.0,0
45,0.3,0.8706365503080082,0.9747126436781609,1,0.9947780678851175,0.8758620689655172,0,0.9947780678851175,0.8758620689655172,0,0.9850746268656716,0.9103448275862069,0,0.9946808510638298,0.8597701149425288,0,0.9849624060150376,0.903448275862069,0,0.9850746268656716,0.9103448275862069,0,0.9851116625310173,0.9126436781609195,0,0.9851116625310173,0.9126436781609195,0,0.9947368421052631,0.8689655172413793,0,0.994750656167979,0.871264367816092,0,0.9947780678851175,0.8758620689655172,0,0.9948051948051948,0.8804597701149425,0,0.9848484848484849,0.896551724137931,0,0.9872773536895675,0.8919540229885058,0,1.0,0.0,0
46,0.3,0.8928571428571429,0.9770114942528736,1,0.9973118279569892,0.8528735632183908,0,0.9973118279569892,0.8528735632183908,0,0.9828850855745721,0.9241379310344827,0,1.0,0.8344827586206897,0,0.9899244332493703,0.903448275862069,0,0.9875,0.9080459770114943,0,0.9850746268656716,0.9103448275862069,0,0.9851851851851852,0.9172413793103448,0,0.997289972899729,0.8459770114942529,0,0.9973118279569892,0.8528735632183908,0,0.9973262032085561,0.8574712643678161,0,0.9973404255319149,0.8620689655172413,0,0.9923273657289002,0.8919540229885058,1,0.9974293059125964,0.8919540229885058,0,1.0,0.0,0
47,0.3,0.8791666666666667,0.9701149425287356,0,0.9947089947089947,0.864367816091954,0,0.9947089947089947,0.864367816091954,0,0.9825870646766169,0.9080459770114943,0,0.994535519125683,0.8367816091954023,0,0.9848101265822785,0.8942528735632184,0,0.9849246231155779,0.9011494252873563,0,0.9825870646766169,0.9080459770114943,0,0.9826302729528535,0.9103448275862069,0,0.9946236559139785,0.8505747126436781,0,0.9946949602122016,0.8620689655172413,0,0.9947229551451188,0.8666666666666667,0,0.9947368421052631,0.8689655172413793,0,0.9872448979591837,0.8896551724137931,1,0.989769820971867,0.8896551724137931,0,1.0,0.0,0
48,0.3,0.8603238866396761,0.9770114942528736,1,0.9947368421052631,0.8689655172413793,0,0.9947368421052631,0.8689655172413793,0,0.9825436408977556,0.9057471264367816,0,0.9946236559139785,0.8505747126436781,0,0.9825436408977556,0.9057471264367816,0,0.9800995024875622,0.9057471264367816,0,0.9800995024875622,0.9057471264367816,0,0.9801980198019802,0.9103448275862069,0,0.9946524064171123,0.8551724137931035,0,0.9946949602122016,0.8620689655172413,0,0.9947229551451188,0.8666666666666667,0,0.994750656167979,0.871264367816092,0,0.9823232323232324,0.8942528735632184,0,0.9846938775510204,0.8873563218390804,0,1.0,0.0,0
49,0.3,0.830078125,0.9770114942528736,1,0.9948453608247423,0.8873563218390804,0,0.9948453608247423,0.8873563218390804,0,0.9804878048780488,0.9241379310344827,0,0.9947643979057592,0.8735632183908046,0,0.9852216748768473,0.9195402298850575,0,0.9804878048780488,0.9241379310344827,0,0.9804878048780488,0.9241379310344827,0,0.9805352798053528,0.9264367816091954,0,0.9948051948051948,0.8804597701149425,0,0.9948453608247423,0.8873563218390804,0,0.9948586118251928,0.8896551724137931,0,0.9923273657289002,0.8919540229885058,0,0.985,0.9057471264367816,0,0.9849624060150376,0.903448275862069,0,1.0,0.0,0
50,0.3,0.8187022900763359,0.9862068965517241,1,0.9974093264248705,0.8850574712643678,0,0.9974093264248705,0.8850574712643678,0,0.9712918660287081,0.9333333333333333,1,0.9973544973544973,0.8666666666666667,0,0.9851485148514851,0.9149425287356322,0,0.9802955665024631,0.9149425287356322,0,0.9803921568627451,0.9195402298850575,0,0.980440097799511,0.9218390804597701,0,0.9973821989528796,0.8758620689655172,0,0.9973958333333334,0.8804597701149425,0,0.9974093264248705,0.8850574712643678,0,0.9974226804123711,0.8896551724137931,0,0.985,0.9057471264367816,0,0.9874371859296482,0.903448275862069,0,1.0,0.0,0
51,0.3,0.844,0.9701149425287356,1,0.9947643979057592,0.8735632183908046,0,0.9947643979057592,0.8735632183908046,0,0.9850374064837906,0.9080459770114943,0,0.9946236559139785,0.8505747126436781,0,0.9849246231155779,0.9011494252873563,0,0.9850374064837906,0.9080459770114943,0,0.9851116625310173,0.9126436781609195,0,0.9851116625310173,0.9126436781609195,0,0.9947368421052631,0.8689655172413793,0,0.9947643979057592,0.8735632183908046,0,0.9947780678851175,0.8758620689655172,0,0.9948051948051948,0.8804597701149425,0,0.9873417721518988,0.896551724137931,0,0.9872773536895675,0.8919540229885058,1,1.0,0.0,0
52,0.3,0.875,0.9655172413793104,1,0.9973753280839895,0.8735632183908046,0,0.9973753280839895,0.8735632183908046,0,0.9875621890547264,0.9126436781609195,0,0.9973190348525469,0.8551724137931035,0,0.98989898989899,0.9011494252873563,0,0.9899497487437185,0.9057471264367816,0,0.9899749373433584,0.9080459770114943,0,0.9875621890547264,0.9126436781609195,0,0.9973333333333333,0.8597701149425288,0,0.9973474801061007,0.864367816091954,0,0.9973821989528796,0.8758620689655172,0,0.9973958333333334,0.8804597701149425,0,0.9923857868020305,0.8988505747126436,0,0.9923664122137404,0.896551724137931,0,1.0,0.0,0
53,0.3,0.8668032786885246,0.9724137931034482,1,0.9947089947089947,0.864367816091954,0,0.9947089947089947,0.864367816091954,0,0.9825870646766169,0.9080459770114943,0,0.994579945799458,0.8436781609195402,0,0.9848484848484849,0.896551724137931,0,0.9825870646766169,0.9080459770114943,0,0.9825870646766169,0.9080459770114943,0,0.980246913580247,0.9126436781609195,0,0.9946666666666667,0.8574712643678161,0,0.9946949602122016,0.8620689655172413,0,0.9947229551451188,0.8666666666666667,0,0.9947368421052631,0.8689655172413793,0,0.9872122762148338,0.8873563218390804,1,0.9922879177377892,0.8873563218390804,0,1.0,0.0,0
54,0.3,0.8888888888888888,0.9747126436781609,1,0.997289972899729,0.8459770114942529,0,0.997289972899729,0.8459770114942529,0,0.9900990099009901,0.9195402298850575,0,1.0,0.832183908045977,0,0.9924050632911392,0.9011494252873563,0,0.9899244332493703,0.903448275862069,0,0.9899497487437185,0.9057471264367816,0,0.9899497487437185,0.9057471264367816,0,0.997275204359673,0.8413793103448276,0,0.997289972899729,0.8459770114942529,0,0.9973045822102425,0.8505747126436781,0,0.9973118279569892,0.8528735632183908,0,0.9923273657289002,0.8919540229885058,1,0.9974293059125964,0.8919540229885058,0,1.0,0.0,0
55,0.3,0.871900826446281,0.9701149425287356,0,0.9973753280839895,0.8735632183908046,0,0.9973753280839895,0.8735632183908046,0,0.9852941176470589,0.9241379310344827,0,0.9973118279569892,0.8528735632183908,0,0.9899749373433584,0.9080459770114943,0,0.9875621890547264,0.9126436781609195,0,0.9852216748768473,0.9195402298850575,0,0.9852941176470589,0.9241379310344827,0,0.9973333333333333,0.8597701149425288,0,0.9973544973544973,0.8666666666666667,0,0.9973753280839895,0.8735632183908046,0,0.9973890339425587,0.8781609195402299,0,0.9924050632911392,0.9011494252873563,0,0.9923664122137404,0.896551724137931,0,1.0,0.0,0
56,0.3,0.8399209486166008,0.9770114942528736,1,0.994750656167979,0.871264367816092,0,0.994750656167979,0.871264367816092,0,0.9827160493827161,0.9149425287356322,0,0.9946808510638298,0.8597701149425288,0,0.9850746268656716,0.9103448275862069,0,0.9826732673267327,0.9126436781609195,0,0.9827160493827161,0.9149425287356322,0,0.9828009828009828,0.9195402298850575,0,0.9947229551451188,0.8666666666666667,0,0.994750656167979,0.871264367816092,0,0.9947780678851175,0.8758620689655172,0,0.9947916666666666,0.8781609195402299,0,0.9847715736040609,0.8919540229885058,1,0.9872122762148338,0.8873563218390804,1,1.0,0.0,0
57,0.3,0.8620689655172413,0.9770114942528736,1,0.9973821989528796,0.8758620689655172,0,0.9973821989528796,0.8758620689655172,0,0.9827586206896551,0.9172413793103448,0,0.9972972972972973,0.8482758620689655,0,0.9850746268656716,0.9103448275862069,0,0.9827586206896551,0.9172413793103448,0,0.9828009828009828,0.9195402298850575,0,0.980440097799511,0.9218390804597701,0,0.9973474801061007,0.864367816091954,0,0.9973684210526316,0.871264367816092,0,0.9973821989528796,0.8758620689655172,0,0.9973958333333334,0.8804597701149425,0,0.9874055415617129,0.9011494252873563,1,0.98989898989899,0.9011494252873563,0,1.0,0.0,0
58,0.3,0.8369351669941061,0.9793103448275862,1,0.9948717948717949,0.8919540229885058,0,0.9948717948717949,0.8919540229885058,0,0.9854014598540146,0.9310344827586207,0,0.9948051948051948,0.8804597701149425,0,0.9852941176470589,0.9241379310344827,0,0.9854014598540146,0.9310344827586207,0,0.9830508474576272,0.9333333333333333,0,0.9830508474576272,0.9333333333333333,0,0.9948453608247423,0.8873563218390804,0,0.9948586118251928,0.8896551724137931,0,0.9948849104859335,0.8942528735632184,0,0.9948979591836735,0.896551724137931,0,0.9851485148514851,0.9149425287356322,0,0.9851116625310173,0.9126436781609195,1,1.0,0.0,0
59,0.3,0.8441814595660749,0.9839080459770115,1,0.994750656167979,0.871264367816092,0,0.994750656167979,0.871264367816092,0,0.9780487804878049,0.9218390804597701,0,0.9945945945945946,0.8459770114942529,0,0.9827586206896551,0.9172413793103448,0,0.9828009828009828,0.9195402298850575,0,0.9780487804878049,0.9218390804597701,0,0.9780487804878049,0.9218390804597701,0,0.9946808510638298,0.8597701149425288,0,0.9947089947089947,0.864367816091954,0,0.994750656167979,0.871264367816092,0,0.9947643979057592,0.8735632183908046,0,0.9848484848484849,0.896551724137931,0,0.9847715736040609,0.8919540229885058,1,1.0,0.0,0
60,0.3,0.888421052631579,0.9701149425287356,1,0.9972527472527473,0.8344827586206897,0,0.9972527472527473,0.8344827586206897,0,0.9899497487437185,0.9057471264367816,0,1.0,0.8114942528735632,0,0.9948186528497409,0.8827586206896552,0,0.9922480620155039,0.8827586206896552,0,0.9922879177377892,0.8873563218390804,0,0.9923273657289002,0.8919540229885058,0,1.0,0.8183908045977012,0,0.9972451790633609,0.832183908045977,0,0.9972602739726028,0.8367816091954023,0,0.9972677595628415,0.8390804597701149,0,0.9973684210526316,0.871264367816092,0,0.9973684210526316,0.871264367816092,0,1.0,0.0,0
61,0.3,0.8724279835390947,0.9747126436781609,0,0.9973753280839895,0.8735632183908046,0,0.9973753280839895,0.8735632183908046,0,0.9900497512437811,0.9149425287356322,0,1.0,0.8413793103448276,0,0.9899497487437185,0.9057471264367816,0,0.9899749373433584,0.9080459770114943,0,0.9900497512437811,0.9149425287356322,0,0.9875930521091811,0.9149425287356322,0,0.9973118279569892,0.8528735632183908,0,0.9973262032085561,0.8574712643678161,0,0.9973614775725593,0.8689655172413793,0,0.9973890339425587,0.8781609195402299,0,0.9924433249370277,0.9057471264367816,0,0.9924242424242424,0.903448275862069,1,1.0,0.0,0
62,0.3,0.8438735177865613,0.9816091954022989,1,0.9973753280839895,0.8735632183908046,0,0.9973753280839895,0.8735632183908046,0,0.9804878048780488,0.9241379310344827,0,0.9972826086956522,0.8436781609195402,0,0.9826302729528535,0.9103448275862069,0,0.9827160493827161,0.9149425287356322,0,0.9804878048780488,0.9241379310344827,0,0.9805352798053528,0.9264367816091954,0,0.9972972972972973,0.8482758620689655,0,0.9973614775725593,0.8689655172413793,0,0.9973821989528796,0.8758620689655172,0,0.9973890339425587,0.8781609195402299,0,0.9899244332493703,0.903448275862069,1,0.9899244332493703,0.903448275862069,1,1.0,0.0,0
63,0.3,0.8157389635316699,0.9770114942528736,1,0.9974093264248705,0.8850574712643678,0,0.9974093264248705,0.8850574712643678,0,0.980440097799511,0.9218390804597701,1,0.9973544973544973,0.8666666666666667,0,0.9852579852579852,0.9218390804597701,0,0.980440097799511,0.9218390804597701,0,0.980440097799511,0.9218390804597701,0,0.9804878048780488,0.9241379310344827,0,0.9973753280839895,0.8735632183908046,0,0.9974025974025974,0.8827586206896552,0,0.9974160206718347,0.8873563218390804,0,0.9974226804123711,0.8896551724137931,0,0.987468671679198,0.9057471264367816,0,0.9899244332493703,0.903448275862069,0,1.0,0.0,0
64,0.3,0.8716356107660456,0.967816091954023,1,0.9948586118251928,0.8896551724137931,0,0.9948586118251928,0.8896551724137931,0,0.9829268292682927,0.9264367816091954,0,0.9947780678851175,0.8758620689655172,0,0.9829268292682927,0.9264367816091954,0,0.9829683698296837,0.9287356321839081,0,0.9805825242718447,0.9287356321839081,0,0.9805825242718447,0.9287356321839081,0,0.9948051948051948,0.8804597701149425,0,0.9948453608247423,0.8873563218390804,0,0.9948586118251928,0.8896551724137931,0,0.9948849104859335,0.8942528735632184,0,0.9850746268656716,0.9103448275862069,0,0.9874371859296482,0.903448275862069,1,1.0,0.0,0
65,0.3,0.8173076923076923,0.9770114942528736,1,0.9947368421052631,0.8689655172413793,0,0.9947368421052631,0.8689655172413793,0,0.9783132530120482,0.9333333333333333,1,0.9945945945945946,0.8459770114942529,0,0.9874055415617129,0.9011494252873563,0,0.9875,0.9080459770114943,0,0.9851116625310173,0.9126436781609195,0,0.9851116625310173,0.9126436781609195,0,0.9946949602122016,0.8620689655172413,0,0.9947229551451188,0.8666666666666667,0,0.994750656167979,0.871264367816092,0,0.9947780678851175,0.8758620689655172,0,0.9897435897435898,0.8873563218390804,0,0.9897435897435898,0.8873563218390804,0,1.0,0.0,0
66,0.3,0.8402366863905325,0.9793103448275862,1,0.9948717948717949,0.8919540229885058,0,0.9948717948717949,0.8919540229885058,0,0.9781021897810219,0.9241379310344827,0,0.9947643979057592,0.8735632183908046,0,0.9803921568627451,0.9195402298850575,0,0.9781021897810219,0.9241379310344827,0,0.9782082324455206,0.9287356321839081,0,0.9782082324455206,0.9287356321839081,0,0.9948186528497409,0.8827586206896552,0,0.9948453608247423,0.8873563218390804,0,0.9948717948717949,0.8919540229885058,0,0.9948979591836735,0.896551724137931,0,0.9825870646766169,0.9080459770114943,0,0.9825,0.903448275862069,0,1.0,0.0,0
67,0.3,0.8037735849056604,0.9793103448275862,0,0.9897435897435898,0.8873563218390804,0,0.9897435897435898,0.8873563218390804,0,0.9691211401425178,0.9379310344827586,1,0.9947229551451188,0.8666666666666667,0,0.9757281553398058,0.9241379310344827,0,0.9759036144578314,0.9310344827586207,0,0.9735576923076923,0.9310344827586207,0,0.9713603818615751,0.9356321839080459,0,0.9947780678851175,0.8758620689655172,0,0.9948051948051948,0.8804597701149425,0,0.9896907216494846,0.8827586206896552,0,0.9897435897435898,0.8873563218390804,0,0.9779951100244498,0.9195402298850575,0,0.9801980198019802,0.9103448275862069,0,1.0,0.0,0
68,0.3,0.8392857142857143,0.9724137931034482,1,0.9948453608247423,0.8873563218390804,0,0.9948453608247423,0.8873563218390804,0,0.9781021897810219,0.9241379310344827,0,0.9947089947089947,0.864367816091954,0,0.9780487804878049,0.9218390804597701,0,0.9781021897810219,0.9241379310344827,0,0.9782082324455206,0.9287356321839081,0,0.9782082324455206,0.9287356321839081,0,0.9948051948051948,0.8804597701149425,0,0.9948320413436692,0.8850574712643678,0,0.9948586118251928,0.8896551724137931,0,0.9948849104859335,0.8942528735632184,0,0.9826732673267327,0.9126436781609195,0,0.9826302729528535,0.9103448275862069,0,1.0,0.0,0
69,0.3,0.8849372384937239,0.9724137931034482,1,1.0,0.8436781609195402,0,1.0,0.8436781609195402,0,0.9875621890547264,0.9126436781609195,0,1.0,0.8275862068965517,0,0.9948586118251928,0.8896551724137931,0,0.989769820971867,0.8896551724137931,0,0.989821882951654,0.8942528735632184,0,0.9898734177215189,0.8988505747126436,0,1.0,0.8367816091954023,0,1.0,0.8436781609195402,0,1.0,0.8459770114942529,0,1.0,0.8505747126436781,0,0.9974025974025974,0.8827586206896552,1,0.9974025974025974,0.8827586206896552,1,1.0,0.0,0
70,0.3,0.841897233201581,0.9793103448275862,1,0.9947780678851175,0.8758620689655172,0,0.9947780678851175,0.8758620689655172,0,0.9781021897810219,0.9241379310344827,1,0.9945504087193461,0.8390804597701149,0,0.9851116625310173,0.9126436781609195,0,0.9828431372549019,0.9218390804597701,0,0.9781021897810219,0.9241379310344827,0,0.9781021897810219,0.9241379310344827,0,0.9947089947089947,0.864367816091954,0,0.9947368421052631,0.8689655172413793,0,0.994750656167979,0.871264367816092,0,0.9947916666666666,0.8781609195402299,0,0.9874055415617129,0.9011494252873563,0,0.9873417721518988,0.896551724137931,1,1.0,0.0,0
71,0.3,0.7666068222621185,0.9816091954022989,1,0.987468671679198,0.9057471264367816,0,0.987468671679198,0.9057471264367816,0,0.9688249400479616,0.9287356321839081,1,0.9948717948717949,0.8919540229885058,0,0.975669099756691,0.9218390804597701,0,0.9757869249394673,0.9264367816091954,0,0.9734939759036144,0.9287356321839081,0,0.9688249400479616,0.9287356321839081,0,0.9949109414758269,0.8988505747126436,0,0.9898734177215189,0.8988505747126436,0,0.9874371859296482,0.903448275862069,0,0.987468671679198,0.9057471264367816,0,0.9779951100244498,0.9195402298850575,0,0.9779951100244498,0.9195402298850575,0,1.0,0.0,0
72,0.3,0.848605577689243,0.9793103448275862,1,0.9922279792746114,0.8804597701149425,1,0.9922279792746114,0.8804597701149425,1,0.9714964370546318,0.9402298850574713,0,0.9947229551451188,0.8666666666666667,0,0.975669099756691,0.9218390804597701,0,0.975669099756691,0.9218390804597701,0,0.9757281553398058,0.9241379310344827,0,0.9734939759036144,0.9287356321839081,0,0.9947643979057592,0.8735632183908046,0,0.9947916666666666,0.8781609195402299,0,0.9922279792746114,0.8804597701149425,0,0.9896907216494846,0.8827586206896552,0,0.980246913580247,0.9126436781609195,0,0.9798994974874372,0.896551724137931,1,1.0,0.0,0
73,0.3,0.8739669421487604,0.9724137931034482,1,1.0,0.8482758620689655,0,1.0,0.8482758620689655,0,0.9875,0.9080459770114943,0,1.0,0.8298850574712644,0,0.9948717948717949,0.8919540229885058,0,0.989821882951654,0.8942528735632184,0,0.9898734177215189,0.8988505747126436,0,0.98989898989899,0.9011494252873563,0,1.0,0.8413793103448276,0,1.0,0.8482758620689655,0,1.0,0.8505747126436781,0,1.0,0.8551724137931035,0,0.9948320413436692,0.8850574712643678,1,0.9948320413436692,0.8850574712643678,1,1.0,0.0,0
74,0.3,0.8799171842650103,0.9770114942528736,0,0.9948453608247423,0.8873563218390804,0,0.9948453608247423,0.8873563218390804,0,0.9877450980392157,0.9264367816091954,0,0.9946949602122016,0.8620689655172413,0,0.9876237623762376,0.9172413793103448,0,0.9877149877149877,0.9241379310344827,0,0.9877450980392157,0.9264367816091954,0,0.9853658536585366,0.9287356321839081,0,0.9948186528497409,0.8827586206896552,0,0.9948453608247423,0.8873563218390804,0,0.9948717948717949,0.8919540229885058,0,0.9948849104859335,0.8942528735632184,0,0.9875621890547264,0.9126436781609195,1,0.9900249376558603,0.9126436781609195,0,1.0,0.0,0
75,0.3,0.8974358974358975,0.9655172413793104,1,1.0,0.8436781609195402,0,1.0,0.8436781609195402,0,0.9876237623762376,0.9172413793103448,0,1.0,0.825287356321839,0,0.9948979591836735,0.896551724137931,0,0.9898477157360406,0.896551724137931,0,0.9899244332493703,0.903448275862069,0,0.987468671679198,0.9057471264367816,0,1.0,0.8367816091954023,0,1.0,0.8436781609195402,0,1.0,0.8482758620689655,0,1.0,0.8505747126436781,0,1.0,0.8919540229885058,0,1.0,0.8873563218390804,0,1.0,0.0,0
76,0.3,0.91792656587473,0.9770114942528736,0,1.0,0.8413793103448276,0,1.0,0.8413793103448276,0,0.9974554707379135,0.9011494252873563,0,1.0,0.8183908045977012,0,1.0,0.8919540229885058,0,0.9974424552429667,0.896551724137931,0,0.9974554707379135,0.9011494252873563,0,0.9949238578680203,0.9011494252873563,0,1.0,0.832183908045977,0,1.0,0.8390804597701149,0,1.0,0.8459770114942529,0,1.0,0.8505747126436781,0,1.0,0.8827586206896552,0,1.0,0.8781609195402299,0,1.0,0.0,0
77,0.3,0.88125,0.9724137931034482,1,0.997289972899729,0.8459770114942529,0,0.997289972899729,0.8459770114942529,0,0.9851485148514851,0.9149425287356322,0,1.0,0.8229885057471265,0,0.9923469387755102,0.8942528735632184,0,0.9873096446700508,0.8942528735632184,0,0.9873737373737373,0.8988505747126436,0,0.9874371859296482,0.903448275862069,0,0.9972527472527473,0.8344827586206897,0,0.997289972899729,0.8459770114942529,0,0.9972972972972973,0.8482758620689655,0,0.9973118279569892,0.8528735632183908,0,0.9922879177377892,0.8873563218390804,1,0.9974160206718347,0.8873563218390804,0,1.0,0.0,0
78,0.3,0.8817427385892116,0.9770114942528736,0,0.9947089947089947,0.864367816091954,0,0.9947089947089947,0.864367816091954,0,0.9852216748768473,0.9195402298850575,0,0.994535519125683,0.8367816091954023,0,0.985,0.9057471264367816,0,0.9852216748768473,0.9195402298850575,0,0.9852216748768473,0.9195402298850575,0,0.9828431372549019,0.9218390804597701,0,0.9946236559139785,0.8505747126436781,0,0.9946949602122016,0.8620689655172413,0,0.9947229551451188,0.8666666666666667,0,0.994750656167979,0.871264367816092,0,0.9848101265822785,0.8942528735632184,1,0.9873096446700508,0.8942528735632184,0,1.0,0.0,0
79,0.3,0.8893528183716075,0.9793103448275862,1,1.0,0.8482758620689655,0,1.0,0.8482758620689655,0,0.9852579852579852,0.9218390804597701,0,1.0,0.8275862068965517,0,0.9924242424242424,0.903448275862069,0,0.9899244332493703,0.903448275862069,0,0.9899749373433584,0.9080459770114943,0,0.9875311720698254,0.9103448275862069,0,1.0,0.8367816091954023,0,1.0,0.8459770114942529,0,1.0,0.8528735632183908,0,1.0,0.8574712643678161,0,1.0,0.896551724137931,0,1.0,0.8942528735632184,0,1.0,0.0,0
80,0.3,0.8724279835390947,0.9747126436781609,0,0.997289972899729,0.8459770114942529,0,0.997289972899729,0.8459770114942529,0,0.9876237623762376,0.9172413793103448,0,1.0,0.8229885057471265,0,0.9923664122137404,0.896551724137931,0,0.9924050632911392,0.9011494252873563,0,0.9899497487437185,0.9057471264367816,0,0.9900249376558603,0.9126436781609195,0,0.9972677595628415,0.8390804597701149,0,0.997289972899729,0.8459770114942529,0,0.9973045822102425,0.8505747126436781,0,0.9973262032085561,0.8574712643678161,0,0.9923273657289002,0.8919540229885058,1,0.9923273657289002,0.8919540229885058,1,1.0,0.0,0
81,0.3,0.8851774530271399,0.9747126436781609,0,0.9947643979057592,0.8735632183908046,0,0.9947643979057592,0.8735632183908046,0,0.9852216748768473,0.9195402298850575,0,0.9946091644204852,0.8482758620689655,0,0.9875,0.9080459770114943,0,0.9875621890547264,0.9126436781609195,0,0.9852216748768473,0.9195402298850575,0,0.9852216748768473,0.9195402298850575,0,0.9946666666666667,0.8574712643678161,0,0.994750656167979,0.871264367816092,0,0.9947780678851175,0.8758620689655172,0,0.9947916666666666,0.8781609195402299,0,0.9924433249370277,0.9057471264367816,0,0.9924433249370277,0.9057471264367816,0,1.0,0.0,0
82,0.3,0.8824742268041237,0.9839080459770115,0,0.994750656167979,0.871264367816092,0,0.994750656167979,0.871264367816092,0,0.9876543209876543,0.9195402298850575,0,0.9946091644204852,0.8482758620689655,0,0.9874055415617129,0.9011494252873563,0,0.9876543209876543,0.9195402298850575,0,0.9876543209876543,0.9195402298850575,0,0.9828431372549019,0.9218390804597701,0,0.9947089947089947,0.864367816091954,0,0.9947368421052631,0.8689655172413793,0,0.994750656167979,0.871264367816092,0,0.9947780678851175,0.8758620689655172,0,0.989821882951654,0.8942528735632184,0,0.989821882951654,0.8942528735632184,0,1.0,0.0,0
83,0.3,0.829126213592233,0.9816091954022989,1,0.9947916666666666,0.8781609195402299,0,0.9947916666666666,0.8781609195402299,0,0.980440097799511,0.9218390804597701,0,0.9946380697050938,0.8528735632183908,0,0.9827586206896551,0.9172413793103448,0,0.9828009828009828,0.9195402298850575,0,0.980440097799511,0.9218390804597701,0,0.980440097799511,0.9218390804597701,0,0.9947368421052631,0.8689655172413793,0,0.994750656167979,0.871264367816092,0,0.9947916666666666,0.8781609195402299,0,0.9948051948051948,0.8804597701149425,0,0.985,0.9057471264367816,1,0.9874371859296482,0.903448275862069,0,1.0,0.0,0
84,0.3,0.8814968814968815,0.9747126436781609,0,0.9948051948051948,0.8804597701149425,0,0.9948051948051948,0.8804597701149425,0,0.9878345498783455,0.9333333333333333,0,0.9946666666666667,0.8574712643678161,0,0.9900249376558603,0.9126436781609195,0,0.9900744416873449,0.9172413793103448,0,0.9901477832512315,0.9241379310344827,0,0.9878345498783455,0.9333333333333333,0,0.9946949602122016,0.8620689655172413,0,0.9947368421052631,0.8689655172413793,0,0.9948051948051948,0.8804597701149425,0,0.9948320413436692,0.8850574712643678,0,0.992462311557789,0.9080459770114943,0,0.9924050632911392,0.9011494252873563,0,1.0,0.0,0
85,0.3,0.8317025440313112,0.9770114942528736,1,0.9948051948051948,0.8804597701149425,0,0.9948051948051948,0.8804597701149425,0,0.969047619047619,0.9356321839080459,1,0.9946949602122016,0.8620689655172413,0,0.9801980198019802,0.9103448275862069,0,0.9754901960784313,0.9149425287356322,0,0.9754901960784313,0.9149425287356322,0,0.975669099756691,0.9218390804597701,0,0.9947229551451188,0.8666666666666667,0,0.9947643979057592,0.8735632183908046,0,0.9947916666666666,0.8781609195402299,0,0.9948186528497409,0.8827586206896552,0,0.9799498746867168,0.8988505747126436,1,0.9824120603015075,0.8988505747126436,0,1.0,0.0,0
86,0.3,0.8668032786885246,0.9724137931034482,1,0.9947780678851175,0.8758620689655172,0,0.9947780678851175,0.8758620689655172,0,0.9825870646766169,0.9080459770114943,0,0.9946524064171123,0.8551724137931035,0,0.9825,0.903448275862069,0,0.9825870646766169,0.9080459770114943,0,0.9777227722772277,0.9080459770114943,0,0.9777227722772277,0.9080459770114943,0,0.9946808510638298,0.8597701149425288,0,0.9947229551451188,0.8666666666666667,0,0.9947643979057592,0.8735632183908046,0,0.9947916666666666,0.8781609195402299,0,0.9822784810126582,0.8919540229885058,1,0.9846547314578005,0.8850574712643678,1,1.0,0.0,0
87,0.3,0.8514056224899599,0.9747126436781609,1,0.9973821989528796,0.8758620689655172,0,0.9973821989528796,0.8758620689655172,0,0.9827586206896551,0.9172413793103448,1,0.9973118279569892,0.8528735632183908,0,0.9899749373433584,0.9080459770114943,0,0.9875930521091811,0.9149425287356322,0,0.9851851851851852,0.9172413793103448,0,0.9827586206896551,0.9172413793103448,0,0.9973544973544973,0.8666666666666667,0,0.9973684210526316,0.871264367816092,0,0.9973753280839895,0.8735632183908046,0,0.9973890339425587,0.8781609195402299,0,0.9924050632911392,0.9011494252873563,0,0.9949109414758269,0.8988505747126436,0,1.0,0.0,0
88,0.3,0.8071833648393194,0.9816091954022989,1,0.989821882951654,0.8942528735632184,1,0.989821882951654,0.8942528735632184,1,0.9691211401425178,0.9379310344827586,1,0.9947780678851175,0.8758620689655172,0,0.9733009708737864,0.9218390804597701,0,0.9734299516908212,0.9264367816091954,0,0.9735576923076923,0.9310344827586207,0,0.9735576923076923,0.9310344827586207,0,0.9948586118251928,0.8896551724137931,0,0.9948849104859335,0.8942528735632184,0,0.989821882951654,0.8942528735632184,0,0.9898477157360406,0.896551724137931,0,0.9779951100244498,0.9195402298850575,0,0.9801980198019802,0.9103448275862069,0,1.0,0.0,0
89,0.3,0.8275193798449613,0.9816091954022989,1,0.9948453608247423,0.8873563218390804,0,0.9948453608247423,0.8873563218390804,0,0.9711538461538461,0.9287356321839081,1,0.9947368421052631,0.8689655172413793,0,0.9826732673267327,0.9126436781609195,0,0.9827160493827161,0.9149425287356322,0,0.9827586206896551,0.9172413793103448,0,0.9803921568627451,0.9195402298850575,0,0.9948051948051948,0.8804597701149425,0,0.9948186528497409,0.8827586206896552,0,0.9948453608247423,0.8873563218390804,0,0.9922879177377892,0.8873563218390804,0,0.9825436408977556,0.9057471264367816,0,0.9824120603015075,0.8988505747126436,1,1.0,0.0,0
90,0.3,0.8284600389863548,0.9770114942528736,1,0.9973958333333334,0.8804597701149425,0,0.9973958333333334,0.8804597701149425,0,0.9877750611246944,0.9287356321839081,0,0.9973118279569892,0.8528735632183908,0,0.9875930521091811,0.9149425287356322,0,0.9877750611246944,0.9287356321839081,0,0.9877750611246944,0.9287356321839081,0,0.9853658536585366,0.9287356321839081,0,0.9973753280839895,0.8735632183908046,0,0.9973890339425587,0.8781609195402299,0,0.9974025974025974,0.8827586206896552,0,0.9974093264248705,0.8850574712643678,0,0.987468671679198,0.9057471264367816,1,0.9899497487437185,0.9057471264367816,0,1.0,0.0,0
91,0.3,0.8531187122736419,0.9747126436781609,1,0.9974093264248705,0.8850574712643678,0,0.9974093264248705,0.8850574712643678,0,0.9853658536585366,0.9287356321839081,0,0.9973333333333333,0.8597701149425288,0,0.9876543209876543,0.9195402298850575,0,0.9853658536585366,0.9287356321839081,0,0.9853658536585366,0.9287356321839081,0,0.9806295399515739,0.9310344827586207,0,0.9973821989528796,0.8758620689655172,0,0.9974025974025974,0.8827586206896552,0,0.9974160206718347,0.8873563218390804,0,0.9974226804123711,0.8896551724137931,0,0.9900249376558603,0.9126436781609195,1,0.9925,0.9126436781609195,0,1.0,0.0,0
92,0.3,0.8275193798449613,0.9816091954022989,1,0.9949109414758269,0.8988505747126436,0,0.9949109414758269,0.8988505747126436,0,0.9782608695652174,0.9310344827586207,0,0.9947916666666666,0.8781609195402299,0,0.9805352798053528,0.9264367816091954,0,0.9782608695652174,0.9310344827586207,0,0.9783132530120482,0.9333333333333333,0,0.9783132530120482,0.9333333333333333,0,0.9948453608247423,0.8873563218390804,0,0.9948717948717949,0.8919540229885058,0,0.9948979591836735,0.896551724137931,0,0.9923857868020305,0.8988505747126436,0,0.9827160493827161,0.9149425287356322,0,0.9826302729528535,0.9103448275862069,1,1.0,0.0,0
93,0.3,0.8966244725738397,0.9770114942528736,1,1.0,0.8413793103448276,0,1.0,0.8413793103448276,0,0.9851485148514851,0.9149425287356322,0,1.0,0.8206896551724138,0,0.9948849104859335,0.8942528735632184,0,0.989821882951654,0.8942528735632184,0,0.98989898989899,0.9011494252873563,0,0.9874055415617129,0.9011494252873563,0,1.0,0.8298850574712644,0,1.0,0.8413793103448276,0,1.0,0.8459770114942529,0,1.0,0.8505747126436781,0,1.0,0.8919540229885058,0,1.0,0.8919540229885058,0,1.0,0.0,0
94,0.3,0.8729508196721312,0.9793103448275862,1,0.9973614775725593,0.8689655172413793,0,0.9973614775725593,0.8689655172413793,0,0.9829268292682927,0.9264367816091954,0,0.9972826086956522,0.8436781609195402,0,0.9899497487437185,0.9057471264367816,0,0.9900249376558603,0.9126436781609195,0,0.9876847290640394,0.9218390804597701,0,0.9876847290640394,0.9218390804597701,0,0.9973190348525469,0.8551724137931035,0,0.9973614775725593,0.8689655172413793,0,0.9973753280839895,0.8735632183908046,0,0.9973821989528796,0.8758620689655172,0,0.9949109414758269,0.8988505747126436,0,0.9949109414758269,0.8988505747126436,0,1.0,0.0,0
95,0.3,0.9019189765458422,0.9724137931034482,1,1.0,0.8413793103448276,0,1.0,0.8413793103448276,0,0.9901477832512315,0.9241379310344827,0,1.0,0.8229885057471265,0,1.0,0.8988505747126436,0,1.0,0.9057471264367816,0,0.9949494949494949,0.9057471264367816,0,0.992462311557789,0.9080459770114943,0,1.0,0.832183908045977,0,1.0,0.8390804597701149,0,1.0,0.8436781609195402,0,1.0,0.8482758620689655,0,1.0,0.8896551724137931,0,1.0,0.8850574712643678,0,1.0,0.0,0
96,0.3,0.8768267223382046,0.9655172413793104,1,1.0,0.8505747126436781,0,1.0,0.8505747126436781,0,0.9876543209876543,0.9195402298850575,0,1.0,0.825287356321839,0,0.9898477157360406,0.896551724137931,0,0.9898734177215189,0.8988505747126436,0,0.9899244332493703,0.903448275862069,0,0.99,0.9103448275862069,0,1.0,0.8413793103448276,0,1.0,0.8459770114942529,0,1.0,0.8528735632183908,0,1.0,0.8597701149425288,0,0.9923076923076923,0.8896551724137931,1,0.9948586118251928,0.8896551724137931,0,1.0,0.0,0
97,0.3,0.8362919132149902,0.9747126436781609,1,0.9973890339425587,0.8781609195402299,0,0.9973890339425587,0.8781609195402299,0,0.9691211401425178,0.9379310344827586,1,0.9973262032085561,0.8574712643678161,0,0.9827160493827161,0.9149425287356322,0,0.9779951100244498,0.9195402298850575,0,0.9780487804878049,0.9218390804597701,0,0.9781021897810219,0.9241379310344827,0,0.9973544973544973,0.8666666666666667,0,0.9973753280839895,0.8735632183908046,0,0.9973821989528796,0.8758620689655172,0,0.9973958333333334,0.8804597701149425,0,0.985,0.9057471264367816,0,0.9848484848484849,0.896551724137931,0,1.0,0.0,0
98,0.3,0.8747433264887063,0.9793103448275862,1,0.9973262032085561,0.8574712643678161,0,0.9973262032085561,0.8574712643678161,0,0.9876237623762376,0.9172413793103448,0,1.0,0.8367816091954023,0,0.9898477157360406,0.896551724137931,0,0.98989898989899,0.9011494252873563,0,0.9899749373433584,0.9080459770114943,0,0.9876237623762376,0.9172413793103448,0,0.9972826086956522,0.8436781609195402,0,0.9972972972972973,0.8482758620689655,0,0.9973262032085561,0.8574712643678161,0,0.9973404255319149,0.8620689655172413,0,0.9923273657289002,0.8919540229885058,0,0.9948453608247423,0.8873563218390804,0,1.0,0.0,0
99,0.3,0.88125,0.9724137931034482,1,1.0,0.8505747126436781,0,1.0,0.8505747126436781,0,0.9875311720698254,0.9103448275862069,0,1.0,0.832183908045977,0,0.9923076923076923,0.8896551724137931,0,0.9923469387755102,0.8942528735632184,0,0.9898477157360406,0.896551724137931,0,0.9898734177215189,0.8988505747126436,0,1.0,0.8436781609195402,0,1.0,0.8482758620689655,0,1.0,0.8528735632183908,0,1.0,0.8574712643678161,0,0.9948453608247423,0.8873563218390804,0,0.9948186528497409,0.8827586206896552,1,1.0,0.0,0
100,0.3,0.8706365503080082,0.9747126436781609,1,0.9973753280839895,0.8735632183908046,0,0.9973753280839895,0.8735632183908046,0,0.9829683698296837,0.9287356321839081,0,0.997289972899729,0.8459770114942529,0,0.9899497487437185,0.9057471264367816,0,0.9875930521091811,0.9149425287356322,0,0.9877149877149877,0.9241379310344827,0,0.9877149877149877,0.9241379310344827,0,0.9973045822102425,0.8505747126436781,0,0.9973614775725593,0.8689655172413793,0,0.9973821989528796,0.8758620689655172,0,0.9973890339425587,0.8781609195402299,0,0.9924242424242424,0.903448275862069,0,0.9924242424242424,0.903448275862069,0,1.0,0.0,0
