0.18315612621205504
-0.019784217165279123
0.15812574449670766
-0.41088422250922596
0.1715969072990914
-0.25247183671410034
-1.6873706765449294
0.25102209144544074
-0.9935247774584695
0.1478449801098188
-1.1513933006274257
-0.5502434856159538
-1.381351798077604
-0.3385773700268119
-0.23747230041155068
0.6101371159140991
1.0323818659647213
0.47938968070751325
-0.11994529046973171
-0.3161810829152687
-0.1612615666878735
-0.24508370061902165
0.30729626203169486
-2.3136697503108623
1.9803807753340188
0.35492667130618816
0.9381994498331926
0.8122299934697148
-0.19459989967808464
0.14371964827775538
0.19409823735608173
0.026697500095451222
0.5288131779726639
-1.1438555045144068
-1.1561063400254223
0.492526790938551
-0.7083825605975178
0.030554041914516567
0.07693650889138665
0.3299375874704115
-1.428194336948628
0.8508997013550653
1.2657392964062242
1.8066170364702512
1.532250450179825
-0.12716333269837604
0.7256494610809983
0.04043072237075362
-1.5887529771284705
-0.345042753434038
0.3004755055811195
0.5128456692036939
0.6862364377579084
-0.8482568874610334
0.343955736521851
-0.4457996265554426
-2.5729426264408533
0.47011983757856357
-1.0638882298316077
0.47574328394860044
0.5387160651126518
-1.0985867017376805
-0.15729690200251908
-0.2823642118102298
0.6116842469157184
-0.7493640618363292
0.9507163136462304
-0.3270160401555436
1.3098225456056403
-0.01208833585753169
-1.1040824877338353
0.8952647496360846
0.6021121412027931
-0.44729426514972576
0.32230140324781814
0.9523484386094482
-0.8855609557524321
-0.3978674673607195
0.46035483803145455
0.014770544018725571
0.8533039936206605
2.0533206413929483
-0.7506492995102074
0.5831017039745262
2.270673118975257
0.8973589867306928
0.797747617101721
0.12094497373034763
0.07456585260226738
-0.30959116091411537
-2.4349434649866444
-0.7125217972641132
-0.9295405238213006
-1.9962950822727266
2.4373196369503503
1.7151546077885202
-0.9861379081140033
0.6907212887731158
0.292547874671657
0.83721053285877
0.5089299903808973
0.3145898517100759
-0.6235492921070914
0.648525551995807
0.09831911595683952
0.5502011759759811
-1.0658248797820142
-0.36311968267516026
0.9068354197294171
-0.018233631641601206
-1.021131892195427
-2.0947765116597736
-0.49811795044266943
-1.17152223623056
0.15583387225102077
-1.3158807059767768
0.8157351770990428
0.6541257701842196
1.594865050836911
-0.3178743302290152
0.45358087783441786
1.0020159495703715
0.09235758539404187
-0.6611185034074768
-1.6585582878231246
-0.5486234884662868
-1.0586003043957042
1.536558967691282
1.1385798646020904
0.6791336730145224
1.9168157546462095
0.16047621060222647
0.7453773034320674
-2.3827729072349233
0.27758806382021434
1.6942208565129562
-1.3493493943109427
-0.40912313103929354
-0.3446328573845908
0.6975062312080164
0.15992177958690784
-0.6374814890441656
-0.11158375154567601
-0.46315809572905575
-0.07663806097514989
-0.052651534332109194
0.6575055032867897
-0.5564906442849823
-0.5485667214395764
0.0907103813141559
0.24137139280957012
-0.9840281395595281
-0.10790154797639505
0.5716401003597832
0.5150363068585251
-1.5516990882388035
0.7167253844671208
-0.8765856640145655
1.3076664667993416
1.320349846228993
0.03505762202383378
-0.006713715792353098
0.6948503515295893
-0.43231614459231393
-0.9714840093420318
-0.5282603982617066
1.9063533783072586
-1.4506507772606159
-0.5304544097380908
0.3941027184138081
-2.2320614266086385
-1.3504127837172464
-0.5699097029199628
-2.5044341082557895
-0.9473225050436511
2.3571403567622866
-0.1907217492686104
-1.7613918473085763
0.88582424531948
0.48149242566977724
-0.3866625836459102
-0.8218298532091758
0.7503161568675082
-0.5021450246358282
-0.23500643262443024
-0.2554150331539768
0.45662337464929753
0.7663997186112367
-0.4103243834917698
-0.4822467567292891
2.2171354837759893
0.3312625132174455
-0.3401324738655119
-0.5467801018005358
-1.3854859304134792
1.6718817199500948
-0.005719933209440834
0.15719005743143755
-1.6888747206801187
0.44658508080500237
-0.9626928838426091
-0.4236365133584142
0.8580437693127873
-0.2679855673343645
-0.7347504561922252
-1.1562296735818607
0.43436582128657364
0.7566264088879723
-0.6772035353774409
1.8758364577005673
-1.6857248505555698
-0.06891410948308112
0.19076657838690894
0.6675096056287686
0.18233355457897713
-1.1671368091125736
-0.2815184034828859
-1.6463335589059742
-0.46088670765499085
1.3008527694683647
0.35329980794138494
0.8145063742687931
0.11531693153505038
-0.25573573680243333
0.1965257849019363
1.0429956295662839
0.7665133942301695
1.0110415255462046
-1.463645543057871
0.6101030329382617
0.9922070127766355
0.4623130914005719
0.1631283171755633
-0.9697661736057177
-0.48010145755967587
-0.4325057303997341
-0.8267281595669445
0.3549159816803541
0.5657767485864125
-0.5654829710745091
-0.6320962174650119
0.8790727060864725
0.5363333388914249
-0.6719459399901966
-0.7444828183874048
0.7789043380191303
0.32569819861672433
0.3533722796843332
-0.3719700561490854
-1.5327552439459027
-0.8737178676569312
-1.2034703945741292
0.22093676543920496
1.172738555771234
-1.1210799667966405
-2.3136409018961963
-0.6651903999142721
2.161160685072837
-0.8798075469645963
0.574625422702238
-0.5260365455950571
-0.42129857813977506
1.2208627458381496
0.6357612045525931
-1.7143370919010819
0.23468075583271175
-1.6492543002661813
1.0919720842159297
1.0238136229191168
1.4807208376388599
0.998493590661273
-1.8285154458467143
1.88126347796095
0.26005781384354854
0.9791013182478515
1.05592116979966
0.19800312704036022
-0.6616666305578467
0.22130231896510025
-0.20358771152614819
2.2881063278600178
-0.8763688468184424
1.8242975650028674
0.06591178277048136
-0.3577463757672181
-0.5775914140586106
-1.6862577621804236
-0.6458130508249534
1.5153395312974256
1.106632415185231
-0.5187954748136824
1.2062294020800846
-0.34915602855899003
-1.6712015529985091
-0.34136749519506854
-0.46562561162417915
-0.9670609846989164
-1.7387582191638862
-0.977088397736676
0.29590611561836094
-3.020202134198859
0.1196494175958736
1.980808702282478
0.6740893424937919
-0.11096958810822058
0.6301808996380301
-0.8923005794274268
0.08191010520770163
0.8878347472434841
0.998353194355973
0.8135778136523226
1.3787115330960276
0.3682277023935441
-0.529655808028533
-0.9711177267382959
1.8024093958929965
0.5664975660252923
0.20395071850515534
-1.432290604067791
-0.28507013289967714
-1.3405213107468625
-0.7201415148404415
-0.48805607575916393
-1.5467060243879855
0.04884027569308478
-0.5552820271328371
0.33290447806601065
0.6589840673478862
0.4457727785352106
1.2209221629409401
0.6382239561195351
0.5790782589950381
0.42334630577201704
2.6380146575251286
0.22566392593722231
-0.023141475110471866
-0.06832266733402328
0.911104153191491
0.6155446757828319
-0.20574012458827504
-0.13421061620587627
-0.8690111933853449
-1.23723186795297
0.4229437999696288
1.3073594507543789
-0.07673034111964375
-1.3110087756401223
0.5730614577712467
-0.8274984722618007
-0.2508304146785209
1.4425346190644908
0.4584564312262691
-0.7009765337184897
0.7496664046129349
0.8016384499577455
-1.2874159699301309
0.9963489986308249
-0.5888387876012198
-2.340507452562234
0.4689042634219369
-0.4207562631454336
1.0995878344502046
-0.7600815954387337
0.5710437326182669
-0.8280301267709301
0.43886099035737053
-0.27594051281421267
1.0224806903335684
0.5291602610705283
0.13764955906086698
-0.8208249802594236
1.6508052073155486
-1.0929319020140384
0.05351821654436517
-1.3960426219481674
-0.6165774823096368
0.7908915549307477
-0.06334064687681205
0.5382564207555252
-0.7072473223061196
1.8869103917430392
-0.07661241170625258
-0.020540085745621876
-0.5682234999054594
1.2762309580706945
0.43136850336093274
0.6436175083588965
-0.02768537618470382
-0.34763758098710607
-0.2825672233647199
-0.15007004091741974
-0.41340368191586513
-0.16463493017743386
-0.28188871234772567
0.39573627827196545
0.7507390484043022
-2.1139181383149515
-0.11149387016131777
-0.7890318343587257
0.3859036188933084
-1.4569629372090702
2.1776456335455894
-1.1051068194233336
0.14853013484038044
0.3310493971689053
0.1536518913040066
0.7949352234281
0.2721586888991521
-0.2062448195561861
0.15425967305753316
1.534908417993164
0.3253702253096941
0.00677451062524081
0.06260359505099636
0.6040153663478683
-0.2988174928420074
-0.37886042608795
1.810553344276264
0.1601194819099165
-0.5431575413179003
1.020626536826442
-0.7609638499564907
1.3742140703925378
-1.694327214714112
0.393290657463257
0.3656363359536486
-0.3657660709507345
0.8717858530666881
0.6635507367606803
-0.12736807391932917
0.7240784022740577
0.510725204057142
0.02259862779937779
-0.1689243550022405
0.2705926738379639
-0.551727879335488
-1.216147263231175
-0.5971422390975116
-1.8617735337956822
-1.4750178069492326
-0.3257715259949049
-0.05844610873430364
-0.28950877088767857
1.2767058804183289
-0.5483812908162183
-0.6684614743571312
-0.5352383438758946
0.2004694618621301
-1.794498104707499
-0.41868846525270137
0.32008950919718676
0.3264046065580572
1.4137207055920697
-1.8320204318184539
-3.0079160973557957
0.6077178077729201
1.2452083359756012
0.9789107672175137
0.6184353233020808
0.8753339158636582
1.1777197810884856
-0.9878376087442459
0.7674373004018801
0.14987517096403016
-1.28946759156071
-1.0954098225304758
-1.6005884349551096
0.6254112056756074
0.26255311288463257
-0.3220032631033517
-0.3601330126708077
-0.2665867765343663
0.8304786542392363
-1.6475454564674505
-0.43742682400029426
0.12253431742635881
-1.0287888844847417
-1.5195939127575813
1.0657647537244008
-1.9529255793734255
-0.34217747880866645
0.12283135769604091
-0.10475042224636809
-0.9118290857964969
0.8113437397331609
1.6159276543809389
0.27592148876831074
1.951047109493115
1.4465791765872433
0.5883779674320921
-0.29534414370506207
0.1806073657093143
0.4409601060555726
-0.1494214583158875
1.0208388573251705
-0.9104147438529513
1.7855767530578956
-0.6485773115232267
-1.6967660353549312
-0.765643602098873
0.39549557052394513
-0.5662349541146839
-0.1028475269485733
-0.9914838928425668
1.8881807972923517
-1.1802925233598023
1.691367046615027
0.0044743718500122685
-1.8804859760920243
0.9058801002965094
0.754747809059016
-2.571302576156227
0.35362690360459753
-0.6872063022277247
0.23430175732906836
0.5757538243186698
0.09446932852141617
0.7321914963173203
0.6882018116221861
0.45862477907834753
0.7500033605539964
-0.29013563218569977
0.856265713740126
0.6585879197014934
0.4921343459066582
-0.040821629867634025
0.47949791757341204
-2.336160404403292
-0.7984435482143054
-1.5069517219431436
-0.23177310499020978
-0.07069947093564806
-0.07255744300754324
-0.919295196629177
-0.5191687556251067
0.45833524832206923
0.7775388085917814
-1.512796846188258
0.887939430598949
-1.473829450653592
-1.778921222040767
2.6169316424290674
0.26227568212036917
-0.7465183938623681
-0.8261996887226136
-0.384733312981985
-0.4679479786842471
-1.5275842424405006
-0.4954450514891481
1.0594181198331862
1.9424010121733564
-1.6575576602092155
0.6715197872041057
-0.40911186156927115
-0.5349018666381045
0.08796686240429825
0.5336765585717728
2.0225101705443125
-1.6906213496252238
1.4323662619781956
-0.17387800728116312
0.37625873121998343
0.2560089510331653
0.08010513078481507
0.43843866877153986
0.04777835601572319
0.9422818429816991
-2.4544039550081136
0.9650606038188282
-1.2549123015433084
0.7968695237645721
0.744866886923441
-0.28913126841460624
-0.294342343045717
0.4787612710883334
0.026384773879287268
-0.6354262216332969
0.2191690226132772
0.5175079427620625
0.7385460249936656
0.6412639243653523
-0.7227875250199938
1.504905564606799
-1.2834531944266634
-1.8647207262759062
0.9078726127110595
-0.339119740224944
0.7619696111138275
-1.1830838798445422
2.226102319030607
-0.7956887819834196
-0.9430776727542245
-1.0632999917144443
-0.45617064368666144
-1.4476061846463224
0.11427780974878966
0.46375699696753514
0.7363187841204967
2.403068016408036
0.09634034486372124
0.18799450308147084
-0.22111254424963497
-0.3432642772165492
0.7240997297587931
-0.723643655375442
1.7806401775704466
1.090348441588007
-1.3844116799876238
-1.019930450919177
0.7132354160972172
-0.10156444313596207
-0.285834340302107
-0.8055773846066892
1.4812008238084626
-0.8349756009903563
-0.3133297555887968
-1.4325431427860769
-0.81695523093161
1.9827754395213113
0.5828933215999117
0.5292999035853931
-1.5250687939230596
0.35740951858683373
1.823151229176125
-0.7192491970907502
-0.04361815458495034
0.24835401960863226
-0.05452583329727875
0.648691040071908
0.9607020416782379
-0.6717338101151453
-0.5939069109404111
0.34513519789973296
0.10424233635836645
0.3841685192747255
-1.0718586923370372
-0.43799583256772257
-0.3034556477473881
-1.253518814200227
-1.0493899372077238
-0.14708001147987443
-0.6337922317933246
0.21731537641850718
-0.24058528171922391
0.21574575006160956
0.4404605455573569
-1.6007868200364563
0.6548085013823002
0.35611725527746235
-0.6342375182987965
0.5798674799814424
0.1792662517214694
-1.1973384576785242
0.24224100117775071
-1.035019595611199
0.9584728908391142
-0.30349159288040134
0.20984124398173257
-0.47240753616605397
-1.0781011394303928
1.4938699405496545
-0.9262964528796225
-0.587696294234306
0.33403777759717396
-0.13178275901106387
0.057083791590345725
-0.6155859573766596
0.5916456368081074
0.9458235799097741
0.4440203461794196
0.6911266652760432
-0.013734815718044642
1.0305768085558842
-0.13819551864834415
0.9112179434953805
-0.4289855273950794
0.9286660092020428
0.3021010137789722
0.16874321004149162
1.1261740334059727
-0.8601526716635597
0.21156661927299703
0.0884619684358802
0.4577508126844174
-1.0951260880888978
-0.7809982996922186
-0.6128337735883711
0.5330749434963908
0.5010115163963574
0.5717884080636415
-1.2283221866463014
1.7491632068303473
0.5763197277127194
-0.06477304736001327
-1.3661845100095458
-0.9471961098447709
-0.9150924596057467
0.8176714541008292
0.46401474928006725
1.1234158950463473
1.7329435056489007
1.005727210263451
0.1637713090502058
0.15674261386280103
0.007465585100705334
-0.0011749297899213492
1.4662784045897541
1.0899833035921123
0.2640473638540203
0.00854182980414666
-0.2852087446534867
0.5724513480013893
-1.4351432560534325
-0.6766913552378264
-1.1357017869099875
-0.6372319344604714
-0.24632469065558946
0.010545993452811575
-0.4217342130746654
0.5043760815624643
1.3822393026836424
0.6927174446050417
0.8367376829765876
-0.511012635636939
0.1261236172621282
-0.2272440565088198
1.2739629071525658
1.0923723554017915
1.749995930415274
2.310438147222771
-1.4112791285629032
-1.068468165611313
0.35735665671507066
0.7528932325160557
0.38825642941454513
0.051504958749092215
0.115004552220687
-0.028301418921697727
0.1286303758906025
-0.21595314793997322
0.6573369611365508
-1.484823249360658
-0.2961875717568631
-1.434261600589071
1.8608315199773136
-1.4608766035165066
0.7664692124152307
-2.1224479083977204
0.8522166057364631
0.9038801969891733
-0.17589818968755555
-0.8688846613283284
2.631806781985861
0.6823624439574588
2.010088727479435
-1.1257339674790736
0.3950379718319371
-1.2174327126513993
0.9884802424618566
-0.6539787781036763
2.1429730781887195
0.9580360752989652
1.4312780198555781
1.5494451647689749
1.2027776599142643
0.35317943280721603
1.8181848906089069
-1.2791567956006142
-0.3322694447558778
1.17214755893386
-0.531535257692934
-0.8366172406420879
-0.033540279209188874
0.27482602285061597
0.672628129199738
0.2968539447324924
-1.1049949288221506
-0.06277047517202067
0.8121981387425301
0.25280873354237354
0.5310713271211133
-1.1903392483705826
0.3037275027142896
1.1210076969896834
0.3440595046016364
-0.325166499542666
-0.18872678019442835
0.07352636675921324
0.26930896492340684
1.3063162805669533
-0.6842057889095048
-0.25186472045962965
-1.2318401607949676
1.1540295454033203
0.11406990273226977
0.36467736210606205
-0.17749714269789102
0.18004347754871194
1.5042018406054234
0.8719294242505492
-0.44042200435596685
-2.602968800531559
2.2449707324371926
0.37885670858892345
-0.9693608365908362
-0.9918728086563761
-0.28476782007616774
-1.0327034922266436
-1.4519744548148872
1.0558075715437396
0.78774443135217
-0.49406891126638525
-0.9729365665898161
-0.7145813522763969
-0.9481947723502601
0.8953517324065358
-0.9463715837362611
-0.9203711097080304
1.306258585354188
-1.5652605234538965
-1.0861135151021155
0.2875543758478701
-0.6679883816265503
0.6565364699488456
0.13702823723014615
-0.6046384350746883
-0.416245026405483
-1.3253196309617559
-0.5186179126469123
1.0719483455210037
1.8974761131793132
0.06546209390483823
0.06568910575350742
0.16250005089924371
1.325177710301969
0.5315642027822064
0.3330160082544113
-0.5318792761574065
-0.7264339302432796
-1.7413128533197346
0.506835136973574
0.8545590385483991
0.3547283395713428
-1.4283609200084386
0.39265466433165197
-0.06460971166236494
-0.3096119288275056
-0.1397944579023521
-1.4123800718496666
1.512164563867699
-0.5711575741508667
-0.9224892763176143
-1.562585882811357
1.0818524761589225
1.446477160829161
-1.2572155962206408
1.4806705997546648
2.278042033388682
-0.656124387094036
0.3376033264461407
-2.1133050893850194
0.30640613084536106
0.2810434292865676
0.6779217674793407
0.22787759556640752
1.2811240587417572
-1.2649640429342168
-0.8583743896760133
0.7679300190959079
0.9543865166878212
0.22524589478131962
-0.7693386905093439
0.46446463487215894
0.73651653116461
-0.32981638430792853
1.4574037166810043
0.7981410030406432
0.8006049473485264
0.7910590734267476
-1.644299955245112
-0.0356569100783875
1.3297419835568443
-0.5807590646374193
0.8499302141602845
-0.6487588365649127
-0.5789163050464416
1.4856268752819135
-0.5912237181657353
0.06693202969532042
-0.5204812442409384
-2.5735387205569435
-1.4271878395434703
0.2685314345236777
-0.210899397975352
-0.7905330751126223
0.8029073358350717
0.02907705719999895
0.7334984422569552
-0.6053813855056255
-2.067615642890949
2.2325437052422896
-0.8746213197860165
-0.23379576446072778
0.5033215075050782
0.9235281447742273
-0.8336498443695312
0.5585034438849811
-0.6162431878475518
0.5058929377110889
-0.17280249304292436
0.684523888564232
0.318803669318725
1.9016487860619564
-1.1502193450095457
-0.5496079243103709
-0.1582791781990432
0.12746221145915623
1.9278202626654732
-0.700329996740049
1.9815622372603536
0.6753986621467559
-0.5979726786382448
-0.7239706800721908
-1.888932782860456
-1.1403566238921168
1.2342516540135238
-0.6460894317776004
-0.41226584848143677
-1.0154665180751528
0.2819426341139879
-0.34547516910029513
-0.4737965167512886
-1.6359830929091361
-0.6432140645927038
0.8371207837058636
0.02549920862869596
-0.24047054412333774
0.7059398494941052
-1.134446984516756
0.15699680675683295
1.2584416098660238
-0.43763707914442884
0.11736387333805333
0.12047689095593689
-0.6177836005704415
-0.13352499931249873
-0.7694966646994029
1.2418199414060596
-0.010941225639724932
-1.5283083227655363
0.3678510717738962
-0.2076290767313274
-0.6619789891533863
1.4322566465796913
1.1014474775475669
-0.8441089576218577
1.2701630791689758
1.0978738970923143
-0.23568575303933925
-0.8257994756743469
1.3878305274980474
-0.6373931129267734
0.03796800306137085
0.6516550999668485
-0.6342193062379201
0.7561093489693673
-1.0919812524812793
-0.46010675428947917
-0.18303774412842375
1.1259365436188284
0.6814271737268836
1.566195275115913
-1.1745814500180083
0.809256091009182
0.9009496118514996
-0.9181826699173314
1.233176581845383
0.028302463580454806
0.3571268471586179
-1.7012015486477856
-0.8136114114788451
-0.6235402762393595
-1.7225917626248497
-1.206595732422295
-0.35722910902358945
0.5863281181516939
-1.39375273437254
-1.6552227247807612
0.8078886600319343
3.961190088455365
-0.06962843438538913
-0.0601882243737494
-0.3009536223931031
1.142994917263614
-1.585086667667669
-0.6825437911747313
0.4646806034460901
0.4859629711803154
0.4030720104628186
-1.8525942102649058
0.5186075759556289
2.3116279013336536
-1.6593278139784449
-1.369305271231435
0.4806549800810806
-0.688160851866423
-1.4486711979535754
-0.9952029630372463
0.7170913721069234
-3.360175181199636
-0.6804541820790538
-0.02652467486737487
0.13209067449976528
0.6504061367727112
-1.3291496239276828
0.011298519795828797
-0.49939983390323006
-0.5273837865265839
-0.5749150781553033
-1.8919783364731235
-0.4232519084688035
0.641869089861531
0.13355257063214518
-0.25467757566218446
0.5000079840706492
-0.7554076384822712
0.21297533193070173
-0.7506285489594712
-0.31194282896448305
1.8254625431079405
-1.0775743643272166
1.4444852694142027
-0.677317303393008
0.13531458045902783
-1.287915159517491
-0.5002785581237005
3.097850626331861
1.5412265474300044
0.4620860264471464
-0.896331293207593
-0.4665147711533262
0.998456564328719
1.2421996804376263
-1.7578182490831755
-1.764838442460367
-2.545261015304578
-0.847497034487801
1.26941281008986
1.9548596153580586
1.2911975042501616
-1.6592485334170828
0.07658225247727318
-1.6698720101907
-1.4247006950885608
-0.40960127364317106
-0.0750517601131666
-0.19910014622485606
-0.021219386124787323
-0.7500565196432053
-0.7044067334141029
-0.4795667660425288
0.3060014204028354
1.0418088523978601
-1.2760650070457742
1.3744691979521126
1.0570662369582826
1.566147900927787
-0.6589128091842246
0.3332779051428996
0.7041447654284221
-0.04555487215017635
1.2622296632383845
0.5040391979338369
2.2058474012395446
0.07467933217132039
-1.5379543897933363
-0.12822245772393626
-0.03146506060424582
1.09290441552647
-0.8225338070563201
-0.3027331215441794
0.5788326080488941
-1.9805713290680433
0.7767463630327492
0.5361103405667635
-0.21405722067403435
0.0016720368515276772
0.5961956945386055
-0.288846395323458
0.3942085725242013
0.1095801790118353
0.25475336049669556
-2.8069881787655304
-0.19896469210127699
2.0823151952230696
-0.02427338220234347
1.3034487105970898
0.642072013122625
1.0983780270213956
-1.313455225383447
0.755556116471355
0.6401642407718146
2.679721947843401
-1.1469348936766157
-0.18618372719979445
0.8621830244543831
-0.03444255711249331
0.030882077473060824
-0.3221482762632361
1.863757249713542
0.08130841952181722
-0.18175365871189145
0.8518893039508656
0.9280276757346633
0.3621507560158627
-0.29252577478943825
0.23669770940380508
0.7727065197948638
-0.47414594660083836
0.5563925847411153
0.254332221402837
-1.6783341932249245
-0.9837306633089395
-0.010869569475218391
1.3254450863810627
0.10384548964066322
0.6351393838596149
-0.19385052685992943
0.5273984433671723
-2.5328253106984815
-0.950558329966263
-2.8165841302567136
-0.4313139124377374
-1.2163304547697393
0.9142037015294655
0.7949801658965788
-0.8375027351765373
-0.19425766630251728
-0.2134731870297533
-3.0740795555088107
-0.8872907765078895
1.4108915321536297
0.3459834599611085
1.0366264788782502
-0.21903649630137903
0.9327451383791479
0.10224385791849744
-0.5619606034568242
-0.03658462079140473
1.126893607253472
-0.3641073958872836
0.482741139101286
0.7394635263226342
1.4000363531003883
0.34029563547460656
0.15416950963802126
-1.254861664151484
-0.339969699413359
0.4876229621755405
-0.6384173502791579
1.9680858434668447
0.9248687468368584
-1.2338585530829393
-0.9396216276274986
-0.28050732050952176
-0.12302696190287493
-1.579372592863745
0.38579926089292865
-1.6565746071783372
-1.139169586850851
0.6647549555390495
-0.8112872068296213
0.9502194030901793
0.7276634175878018
1.1003034573762933
0.9866520672682999
-0.657446425803149
-0.0036280107265440863
0.2633667099140266
-0.46643509745199724
-1.4701707462222984
-1.5835462989013867
-0.07437044091985887
-1.5982424192839262
1.5929643365260997
-1.9133790257333045
-0.4737095565728411
-1.0168037563979073
0.8399649499378687
-1.3582931217833079
-0.0005499600019767116
-0.09893439669223694
-1.231169702096228
-1.8313776719898336
0.6110275137369211
0.6935173302372514
-0.09686757507264014
-0.22115892375002405
-0.5763605425766956
-1.0634954925699187
-0.8569588383916172
-0.5531534799530234
-1.381737647131229
0.10128382307967675
0.6518279013596386
-0.26077919663098525
0.7920404828063247
-0.1560203990161577
-0.4299440719794297
-0.379345138359733
0.8282240714796733
-0.14743413669059083
0.7146783765172126
-0.0095182514446743
1.281920730618676
0.7855958933462449
0.6660989850756442
-0.15883829168417182
-0.6722040707245979
2.7790141565538744
-0.08285444691917716
-0.7718518656794519
0.6455070039532327
-2.1340971349498123
1.8678683826448594
1.290800826459423
-1.9510140456357707
-1.3815534473311475
1.326716845154712
0.7335046413659442
1.4529363377637987
2.48666906273069
0.8178914972798101
-0.08383120471444082
1.0833146218781444
-0.5919512633296772
-0.38452452013798616
-0.012792841142653525
0.9999810608023803
-0.29598356807390397
-0.7428778389705676
-0.7005829611179556
1.283850241508089
1.0362360696030082
-0.2763666981936858
1.5780517770892895
0.6406866203183484
-0.09921493779300249
1.007693939322157
0.5913557852327336
-0.14018276379759753
0.2224502967767602
0.04064857167355718
-1.3861856345334245
0.6337751570283456
0.6994753312448805
1.8113475830719812
1.6009061809331466
-0.3803064594139507
1.8182215552141685
0.8215205552951762
0.2927132086173473
-0.21706158064495767
-0.43606802175724424
0.7837077773271924
0.6521342173176552
0.7373228782806935
0.6771397694336571
0.02195388189232712
-0.5300406059618872
0.4068854599043008
0.8722384722258594
-0.9217062844730174
-0.11030626553983425
-0.034696627914725976
-0.5983951951808341
-0.11947296512121271
-0.7071127199966385
1.0318249684434797
-0.6720134034394082
-0.8477998377504523
-1.0410172133774318
-0.5341088851793184
0.6517194859332285
-0.6217335076005982
-0.4552783807662186
0.5574488740833987
-0.12748804689625048
0.5853424927124183
-0.6890982722728056
-1.2415069624315258
0.09468470749761787
-0.289802257799216
-0.9285831799644622
0.14033397808705672
-0.20802041934832052
-1.233487446868744
-0.8447359698775563
0.23479169273609418
-1.6849097530855002
-0.9903591574489978
0.15066934092197729
0.49466008601684297
-0.28245081882670764
0.9462293467261845
0.09655453566932615
0.12001941414282943
1.5045394159290806
-1.6061854495496912
-0.4961795609253758
-1.5285853167363181
-0.7526140937064464
0.2531856739376029
0.23028960364458492
-0.09861076083605327
-0.4621090646384353
0.06035135448031047
-1.057325363528856
0.025485921625257535
-1.0332799133131698
0.19655452889528902
0.0323868920518068
2.3323626823093595
0.27760596657152653
-1.0440241196106506
-0.4832590291825469
-0.05511884706124638
-0.3537210295684648
1.231650462946814
-0.5498144112492975
0.1377604621076519
-0.5669441420519149
-0.03203287497854423
1.1885867348800034
0.022127484045746545
0.3043030982389973
-0.9179943131249196
0.911376116631429
-0.04207194863631915
1.266292425362036
1.8306154576005031
1.2437358360969317
0.28728106343624704
-0.8858719264771533
0.287617287541103
0.25762079776613167
0.1790077675446219
-0.5324347049780573
0.6103358634341894
0.866381220302017
0.667150953525722
-2.4039714578427556
-1.6255316683040795
1.1766941108470068
2.0588044602669284
-0.031065985058679264
-0.19952178764249928
0.7808094072941335
-1.8028759684126416
-0.3917380369416445
1.30143979353581
1.9476716553968139
1.582343870255573
-0.03998959843857897
-1.7097050003960095
0.8005820626078212
0.14343228480957235
0.5440967666539545
1.0700861178622842
0.45657940365571303
0.8957379912970854
1.3276849782092077
1.1415180147742712
2.165664466384819
1.136853437185773
0.23779509526975498
-0.051998372681764306
0.48742476428045745
-0.6417021572997761
0.09434205158027732
0.9720925439148865
1.5159557403827213
-0.0711833772438916
1.2538874380474154
1.1749757588679919
-0.12412583137781508
-0.9164003816901428
-0.5303077861095514
-1.3371202841039376
-0.18739297200870325
0.2705287113737013
0.7868509260004345
-1.3357178788163877
0.43764236358692327
0.15133674824051854
0.9991074996625013
-1.0069557436683296
-0.29906894342169626
-0.4314355014451929
-0.10822405711958781
-3.29579905121607
-1.9940177219629833
0.4138009357738249
1.6773826460793146
-1.0657603620154572
-0.03841473372826266
0.28588902510320263
-1.028919112784271
0.11320131378894702
0.02898380915475455
0.7762568362783209
-0.4079543154162773
-1.6391553592704933
-0.8792275072476082
0.9833821920943665
-1.1168456277768315
0.6061881897094171
-2.0379202815218287
-0.09240920473556107
-0.7064531301339032
0.1776920878810412
0.46374075917242535
-0.5065994365700033
1.2259044241096515
-0.7915614540502703
1.2813978136725463
-0.1598768717714063
-0.5780242217815886
-1.3707718128903403
1.0387103183786457
0.45071670071782455
-2.2803249046453318
-1.0989955896915884
0.26494487023595237
0.323131770191854
-0.2643449799586495
-0.7256236233995987
2.6289295230189964
0.9625054935958572
-0.4043024580819508
0.5339244329504993
0.0637506052224945
0.4294760513090373
-1.8990888366733418
0.8322699341366927
0.39203918118555425
0.01381403116709216
0.06007094942893892
1.2606187745832353
-0.6611691244666308
-1.1640711253337017
0.7984317148354823
-0.18919598075772584
0.3239831866607883
-0.7483976191774703
0.10556874250377547
0.5860548867267582
1.34347537944775
-0.26683629583873053
-0.763819406279975
0.871851393619325
-0.10552831871240255
-0.3165679045487588
-3.870148809545128
-0.13966983929527596
1.3210500684328002
0.804783682778894
1.2248301057490116
-0.0034213859439560274
0.26107511132618405
0.2723993915347874
-0.604058688464673
0.23178656019468347
-1.8485542358801434
1.0486961558130852
0.5502716839277636
0.02568516133198746
0.3677628400600691
0.6105276613670327
-0.18815946088137464
0.30546086184497545
-0.8267892707897212
0.13443645840765028
-0.4347955521245676
-1.3648686356842958
1.4070478441708647
0.38576780034698993
0.7974055817454239
-1.1480906551076802
0.20967452730747818
-0.4899796461085905
-0.4881123734421119
0.18775485023346292
-0.876096843440515
-0.6317251379322533
0.13631817546729566
0.15806910328903354
0.9214709449754127
0.34085949871962307
-1.6561742183713646
0.5877911822329359
0.9604750372377955
-0.698677858413558
-0.542066372676221
1.4757521605817663
0.5795377911707777
-0.2875145537911112
-0.3858837722153618
1.0626188022269079
1.0560058146824307
0.10145699787025259
-1.0495769950669938
-0.5796119857094222
-1.5782518243233656
0.24038796641861493
-0.6388418131497686
0.29640458153672616
-0.22089732793854844
1.1274156406616882
0.2881801108937863
-0.34869941896411577
-0.6772160286801189
1.4767785659529606
1.3483858422991144
-0.5161816721519609
-0.13460134266051257
0.6279031593317267
-0.7286893244203105
-1.7731111867042317
-0.17943957472810826
-0.6893622722452882
2.2727248126042867
0.5122910296030779
-0.6579544177516338
-1.1571280481537087
-1.5891978029455918
0.04629326428945755
-1.3784492375218256
-0.564709980843198
0.7656209168027522
0.6440748662485276
-0.2817249397091984
1.3222587782432884
-2.115048439427513
1.4517710139198485
-1.2465384854588337
-0.4059142758539979
-0.4995797684812942
-1.4334499735464565
1.3421903498809773
2.063635061369155
-0.5269292494755936
-0.3090789469046508
-0.19176770182795608
-0.6013748458881228
0.57040437147774
-0.5279835340975817
2.0130155784523
-0.7283390541893938
-1.1962982154344783
-1.1071547183405066
-0.18435538212843308
-0.28953561724158655
-0.3791560839013407
0.8827956319873133
-0.7733718783782186
-0.9606650582058653
2.220868974779117
-1.4907322301359525
0.2607569012440528
-1.4404383078755993
-0.3676066310613241
-0.687231854288087
0.37199988879731305
-0.02978806143011485
-2.308249328786961
-0.09553253674330034
0.1491324949154497
0.9621699646132726
0.2643855788100486
-1.2362007634369037
-1.6239504507695968
-1.061605072144173
0.09914475814551292
0.011713598268336596
0.130468566838588
0.6859264297391899
0.7877335001059603
-0.5898926336959205
2.1164133712497515
0.8615746245888106
0.4455268487224209
-1.5450578009364144
1.352698263728799
0.27257004287664366
-0.5947409769968104
1.522913987593964
-0.5847430181649531
-0.7445100769062919
-0.16911592748520862
0.38770438639226074
-0.3518294268352068
-2.43591247198294
0.4347346968974654
-0.07822119918448137
0.2232329748821606
0.6405936201347578
-1.8787949626180136
-0.10993220485732645
-0.2768118986164233
0.9528755688412187
-1.0915368703189405
-0.7198546033673319
-1.2826308443108074
-0.07971464437569559
-0.579113796561962
-0.3436295157646877
-1.0237656489024363
1.0053974400701828
-0.22128510430451798
-0.008504461147201306
0.9525551178880806
0.8997177613879223
0.32717874963716737
0.6391875349211262
-0.37474265616893554
2.6534378789187727
0.23881149119289094
1.161018771277212
0.6520681045355432
-0.8826186891468228
1.1898360241217487
0.5143169573606106
-0.8215705377216126
-0.06426092851991104
-1.4354339232745894
0.0883611379963549
0.5661954355799199
-1.3709971000521286
-2.4297821663704604
-0.5061593313601782
0.32479050763370965
1.1934116121413156
-1.018965780870965
1.6317358043384989
1.036272624413866
-0.9157205522653692
0.3470831630226426
0.14710284353799838
0.5911481879756127
-0.8709363097194972
-0.0905031366132846
-0.5259558493544176
1.3016280506204072
0.7428871500833945
-0.0588461514628677
-1.5569686691900324
0.728276564321494
-0.4789917496409528
1.0009539907174159
0.4407440532120856
-0.4775230175710326
-0.0089519295767212
-0.18703873666724727
0.8878908107411787
-0.32413897062325736
0.007527746768504894
0.923960656576037
0.5179017172465394
-0.6628388237916
1.418302611592612
1.3694427002344682
0.6076111955042426
0.4867317337208066
-1.0245446184104536
3.529168449300325
-1.6733430285769657
-0.5161774591385638
-2.088265729153931
0.290903373965808
-0.39098438328349344
-0.13195961723754068
1.6679198824381938
-0.9487242836109208
-1.3619507062001497
-2.0354074833043327
-0.35589073813151234
-1.1568988119791215
0.8050279576628775
0.8330492957678957
1.3732986080787273
-0.40627515630754873
0.24053659733272345
-0.4668041399639853
-2.2845908406819864
-0.03724790839284064
-0.09765655000449161
0.47021239881644583
-0.7435116616663747
1.303970443336137
-1.2402606531374967
-1.2380392930940067
0.2948361560125532
-0.10254113181967159
0.9494278175105831
-0.7146812698922141
-1.3462458738506557
0.10817880559074107
-2.239555233440521
-0.35989766765582876
0.11632032053211794
-0.18686242998309183
0.6122158600584063
0.45072608623630933
-1.7663947078273607
0.03745755462054655
-1.4185486695479494
-0.9249864775866932
1.0921494267120737
-0.8905000586383416
2.4996996766639743
1.3944383463911758
-0.47440281404934104
-0.6227220917571613
-0.7538809148801218
0.028321112889195112
-1.2675278855758083
-0.023095425069992424
0.27497911051307605
-0.1837071709232384
-0.06476521770771658
-0.23289324955306426
-0.31677978964514164
-0.519190955074724
-1.6421351012498329
-1.1984302202978903
0.9321740767256418
0.8950696158525506
0.07915649057325165
1.5081216040960999
2.5335240233796417
1.5104469095112036
-0.013656316339443732
0.6753081742648563
-0.8062998884982445
0.022342121302477383
-1.6008648683002404
0.6746460334811238
2.141907150334633
1.1311716284688749
-1.0703156033329808
-0.30265645328889734
-0.414711139481477
-1.3551936842176102
1.115968552936487
-1.0577360771452198
0.44431698525027946
-0.4317959280993166
0.6685226358021502
0.3211975159968635
1.0835522163882267
-2.2613746937383903
1.5667440515863833
0.6429488286388167
-0.7368879214697803
-0.620129893481321
-1.2754362316235919
-0.23098363141587472
-1.3739156402961021
0.4182188046368561
-0.6418318020901956
1.08964873272797
1.9070028906790946
0.3938093322739315
-0.6109968670536409
-1.9551125284884556
0.7127710227107678
-1.1525602045370829
-0.23309035358338065
0.7194884358761363
0.1697683950305954
-1.7339940610915427
0.47412109235765404
-0.20029683670966486
0.3364721070660973
0.08137462638699124
0.2902304222094995
-0.7590807903808772
2.2968569325788852
0.09126989496252752
0.31697796389834554
1.4155243784586378
-0.0067113617672698335
-0.00212060096457313
0.3461593794980831
-0.29929373575155443
-0.7136019289467036
0.49010239713955756
2.0688283452951444
-0.1886803908245405
0.3797891945917206
1.061386569837404
1.054648808049241
0.8686342079092059
-0.3952309664195434
-1.6384560009736104
-0.372225225817371
-0.2450402371501325
-0.9860452405181993
-0.37436832127024866
0.0073927144216104435
-0.08122595815193413
0.16179364151542325
0.21921639507920576
-1.0096820062218657
0.2939662281661472
-2.9245081553703423
1.1061035969338742
1.160632172750761
1.5342747292036705
0.8858803130840872
-0.5246888651881424
-0.10761957796926638
-0.09527310549301202
0.5160659995185305
-0.014059271240660285
0.7100608943074795
-1.3605347108301669
-1.0070093498081265
0.4348278728669117
0.33525622535920035
0.6264595050663327
-1.1034241996486711
0.1498721886751767
-1.2689918689908652
0.6375925934991066
-1.9503668853494218
0.7167475099169316
-1.15998098703911
-0.20507939393532684
-0.4361062711023458
0.9804891624689498
-0.5068000187268329
-1.8507907791710467
-0.9488744632276391
-3.4688965922680346
-0.1358081651477882
-1.2286732696049587
0.8216656978697154
0.7576507748313792
0.4875918514599663
-1.7116862643982729
-0.31915192550602306
1.156338124227227
-2.217449987694329
0.05215982268412353
-0.4978141919188149
0.6530147537194723
-0.10916266196485665
0.2267519357931607
-1.0532465106707025
1.5974506383625777
1.0371757814832003
0.09967553668683311
0.8433703931092562
-2.318512346440172
-0.23527361934188543
-1.6637905741937646
-2.9236903433122454
0.07925139084907701
1.3796221028788305
-1.9734236249851544
0.7561109173941922
-0.4809104169877023
1.3848032781081911
-0.09040649142233267
-1.3344936577716797
-0.6824471683424183
-0.8491387270953746
-0.3230740682336554
-0.5173524903884281
-0.14485484710263588
0.42904670873191575
-1.300153084593544
0.187561167254842
0.15293694017059165
0.6348232333847408
-0.32023314972788886
-0.07124372307331708
0.9394072806604812
0.820660763048493
-1.3246215779159296
-0.9706055619951672
0.06374589050914847
-1.3964782525238173
0.6696573237507134
0.9807554035582089
-0.9110898247445967
0.9558476341362471
0.3791030183703611
-1.1293103496084913
-0.5322792346390783
-0.7495696759881958
-0.27161143982512526
0.515451544176853
1.8446589865799912
-0.41698151271700296
-0.13920934857549574
1.2068250965854845
0.5961180634542158
0.5017351236609823
0.3917881468273023
-2.1114288630761826
0.7173692652477036
1.3087042985410946
0.35333013224676835
0.2079561317753564
1.2244266469927665
-0.293633000751653
0.3775023833393433
-0.4970218425286836
-0.8909398003171328
-0.5039657206950652
-0.3368975349645585
-0.10605839413112646
-1.846390673393
1.6625114155841303
0.20961453437236977
-0.5208221533747431
-1.9810055227092944
1.4515840641455342
1.561320049103721
-1.2348304753079533
-1.423046461690094
-0.9885204491007181
0.636205140075652
-2.09018141495674
-0.4729499754496269
0.4008049597636192
1.3053890670965018
-1.5711534778597802
0.4701748590226835
-0.7470454797710496
0.6339121678721533
0.04063003361158388
-1.329004234944625
1.2724059352712427
-0.31656343918689267
-1.4605389423655846
-2.1615763200054183
-0.27692681324406515
0.01393254523004031
1.5442243056872427
-0.34195298945488795
0.4054451617034302
-0.19396876915780104
-0.09922133308119217
0.15861889952530786
-1.2424201747116606
0.47804929328423706
-0.7750777196885432
-1.089553150952679
0.46007681019220703
-0.2645207799028143
-0.5558686746515681
-0.8206871674961045
1.087325292559242
-2.230304419987801
-0.06616372893425465
-0.9110125003072455
1.3383645233515353
1.232272592947637
0.15785202346819685
-0.9810353233454819
-1.2990397732710133
0.3637628471486583
0.0761719070474013
0.056621725756394445
0.8882580471826922
-0.34971197676921534
0.3071932272765117
-0.2528364184971861
-0.17852696925339145
-0.8238341095877046
0.6553939905932962
-0.5551319223503262
0.41428120464183893
-1.1434674870972246
-0.623757463533022
1.3757109430522083
-0.5264382524197714
1.8924191107945545
0.4895261256407293
0.17533588930927016
0.7893005060677837
-0.6451171632578301
-0.24996366838566622
-0.10973586173097394
0.24352190530864157
1.2614765430367092
-0.38740010944875247
-0.48529810686984265
0.03379334451831994
1.0808557776326007
-0.29927271534011235
-0.6914215585691308
-0.5773916022162897
0.1374455229966896
0.7574553847807877
-0.9154262034855116
0.2694223703893042
2.241012329822492
2.129402356510721
1.3406601182518132
0.18604108229801009
-1.197516915378237
0.5149994668356841
0.4383223351131427
-0.9132605427543308
-0.2788807741763138
0.05335570056018572
-1.0173461358220608
-1.5301582575564652
0.21599607494435796
0.30573893749382985
-1.6402647102824166
0.8825161609480763
0.1781263724695572
0.8469785304589412
-0.2524994011087578
0.26676229051941175
-1.581020884967296
1.7718602208821348
-1.2983281301234932
-0.24650367303341925
0.4650868780363114
0.4631397650290088
-0.8495585001650479
-0.3488493579141605
1.852155714005656
-0.06088766769804361
-0.04855672377334989
0.2192310277495286
-0.9552646355440447
1.1561598072998829
1.2242835574399396
0.8333472851260862
-0.4579688457762765
0.26635111906829334
0.06443602120318087
-0.21917882037585204
0.7050601341257767
-0.41816738709993867
1.052153145492709
1.9879621674527939
-0.9630535798417763
-2.0399940241415413
0.864226668655024
-0.018671391069306955
-0.5576697285068424
-0.3612208328665135
0.8527215543406782
0.03628401432644291
-0.7635867257816137
-0.6439500589546013
0.27505789313099066
-0.7112124220664321
-0.49873934975584844
0.40215626798397897
-0.31011011843485214
0.02040250705257694
0.14207998763016058
0.18344133400898915
-0.2738803080956665
-1.3287520486779758
0.6394679432030194
-0.5981903504622668
-0.11898180567210441
-0.19301756925250318
-0.8344827891755787
1.2350465464713636
-1.3332287444610313
-1.4245469416260705
2.117219869696294
-1.0393636650063143
-1.0847526560850436
0.6729458563353102
-0.8442282021467881
-0.5527202572503581
-0.7995212667100535
0.020119235299731864
1.5070746602815444
0.12432078972115593
-0.39034301296548574
0.6324448517928372
-0.3115554380925561
-1.9541115509853382
-0.163820182556347
-1.4261633821516384
0.06389020564600242
0.6478166184861661
0.2729814478597174
-0.863247833431877
1.1854235345462196
0.3647019666629442
-0.4530674462855998
0.6459251458116577
0.020801658532827776
1.6821652758757375
0.17277420930132928
-0.6566730565728605
0.9516770219183005
-0.2299929838250492
-0.2758052361779315
1.5852878902845537
0.4199200364004985
1.2249781889464897
-0.64290925271528
0.3632724131399789
-0.3546592345003601
0.37794234272389027
-1.6962274004322726
-0.6199919324325189
0.28100699213834746
0.659418621711229
0.9666364315596215
1.3519242364280257
-0.9802855551126459
1.4040280879629716
-1.6731853537382901
1.2477934429531126
-1.313363964058697
-1.025060416303169
-0.2561105541104824
1.0286121599142881
0.8222663454211477
-0.27063470611444124
-0.13500038501575953
0.6769648928845471
-0.8684110694786908
-1.2018764476349528
-0.5396882525782315
0.7607314043321741
0.09614702658310399
0.23656206067222435
0.30543121530560163
1.1524062284489325
1.4253077269456897
-0.08021989720969498
-0.2293146112434493
-0.6449296315339571
-0.9301394803214752
-0.2941751274006375
0.8789457663109757
0.6263796267883606
-1.924806957508976
-0.15777068427826643
-0.4754212929553203
2.3434261479109413
-0.37193081434937586
0.016960677677703883
-0.6749796899159628
1.9119619556555563
-0.5606946453256948
-0.38423741672828315
0.03736054638301883
-0.21719384548875847
0.818872408343062
0.45915898722087783
-0.20428310450031464
0.03725281606452298
0.35578456592994195
-2.207184870040242
0.6710824631854406
-0.0761419488398629
1.2033407526823847
0.009619815174429775
-2.228507625669636
1.0568443586797216
-0.08699079095719613
-0.5296090813562213
-0.04667548423526028
-2.128029100693349
1.2038287513689363
0.9388929147808963
-1.9562249696318788
-0.02843238520848675
-0.9144550044854298
-0.5844436619977111
0.7534688186612195
0.700687885313445
-0.4893408623738891
-0.5135125035606912
0.136602779121103
1.0314109974705086
0.7126939508589679
-0.8326399053258704
1.0249070483299914
0.5552772355422089
0.7953613409757703
-0.24187528952109222
-0.13267676655183225
-1.9375127314087093
-1.234400349906731
0.2297169582683617
-1.6686612900683249
0.837360263469931
0.10526065172088328
0.4675214091552308
0.6680576986287704
0.5614928336826503
0.19843368818073198
-2.5842931901403015
0.42608747067245917
0.494269757632157
0.3735571530247505
-0.5432282941545341
-0.6857565726506472
0.529889524113524
-0.8842979175108672
0.11460810532474665
0.22173156122531365
0.07116531666470599
-0.919975359255522
0.35779853578345333
0.952553937879798
-1.6966755062153742
0.10074238155195002
2.2533690155489894
-0.9685872179623184
-0.06039238304914174
-0.3269245168941071
1.1165212332613832
-0.014349413826752751
-0.1252334999328248
-0.5261436381376304
1.85714384926944
0.4706957693002211
0.30058484060717916
-0.5398865009733147
-1.3529180606519744
-0.8343679781736455
-1.5006749591317003
-0.7524468858918603
0.12404452964000441
-0.23416741501349844
-1.7119614070939413
-0.39377140871168625
-0.26556248587260906
0.7987944294845152
-1.9039286232592458
-0.4486527908551391
0.5529204846407851
-1.3745796018604353
0.6950510256808872
1.6019845875298133
-0.21334739140720854
0.46114636715006946
1.0207848605713108
0.13600957400061747
-0.2840043990076319
0.47821536747425814
1.5862676612588802
0.7372689882874849
-0.6223310695393497
-0.9537002897821427
0.03839223061359513
0.3640115294608597
-0.3131540392622996
-0.17984596952493803
-0.6858277213162616
-0.3134275262170031
-0.9632979859742096
0.1305781768416885
-0.10705530652595893
-0.013916706674110605
-0.8721562023707813
-1.1560610201524526
-1.0867314444970864
0.36696368003673435
-0.6487356421657148
-0.022577668279064936
0.5737880850687055
0.8433864029281685
-1.0751873210537466
-0.879187808881601
0.12015574014755454
0.9199054910716266
-1.6130818292215663
-0.4522517926291429
0.8497186547489495
0.6793332370570899
0.8699025008572463
-0.33684384367323345
0.12477664142101777
-0.13643379476381473
1.032732786748703
-0.10014185799112785
-0.2961701415158795
0.13535753775831366
-1.0892485839390547
2.143413024333121
-1.2719179954452233
1.5377095042089297
0.37232902879741037
0.3087102034309452
-0.16140712483275177
0.32429617643938113
0.16877968351309386
1.0712750285771386
0.7291758886815854
-0.25842010451797404
-0.24466368545078077
0.6181376952368004
-0.3996924297949528
0.7837044133745813
1.3525185548455823
0.4190243891321284
0.17510632250529284
0.3615845074230058
1.1599061128636725
0.6433708424462902
0.5552786443843328
-1.3511124622958084
0.21600696599429575
0.6837914176446233
0.034577943483182834
-1.019128112990392
-1.4023562138828458
2.2004357023162253
-0.2020333816390769
1.4254180708152313
0.24449803432030315
-0.5492381952096068
-0.016601211900121756
-0.4800518061079659
1.975927078494307
-0.4437691281626857
-0.5698229953592268
-1.0367875824081867
-1.052751399317277
-1.3727578610409277
0.40163368693654405
-1.2276889677556737
0.7460104184289572
0.27947355041377625
0.4133729054608711
-1.597820083643827
1.2863398487174071
1.3713315822696537
-0.326451305515689
0.5472136091916427
2.7167291910996276
-0.7694290518173439
-0.032566365583931126
0.5269871993285195
-0.24391008352988364
0.3370396178014805
0.6442988299253759
-1.1435005194335783
1.7203155669018413
1.5995084597305644
0.18869311926936022
0.5828937761582952
-0.63579747463049
-0.5088116233831913
0.1423931184883858
1.770584309191093
-0.1885457679844238
-0.7914730311161489
0.6582399595171975
-0.11304428641434612
-1.0434173865119143
-0.4008676502187501
0.07699706364868429
1.6502825592183137
0.4076891562268218
-0.12045156225648816
-0.5127939210143939
-0.45207943724915256
-0.6539170801447527
0.6691740888148647
-0.2653848504893594
-0.8103414865448245
-0.18493544902028666
-0.6035459203210889
-0.8987712597340491
-0.47129979463764193
0.4944438957945998
-0.3101614195090833
-0.7169344326871083
-0.8049825313874056
0.7725150689070169
0.029509354024426317
-0.16752069492168425
-0.9894259127491044
-0.46313412630983425
1.1430636741061988
-0.8458775668175581
-1.3003764802944024
0.5225845593355612
-0.44120444961183986
-0.10998301926408988
-0.920210743550751
0.36996245923522253
0.2247924810134483
0.19578043916504573
-0.6958168560305269
-0.5909473253055078
0.8330628114952663
-0.3188840279112304
1.274891982034607
-2.8863709169771417
0.011774651335160844
-0.03850998817024083
-0.30446205733862586
-1.424912121970091
-0.7194768757467739
0.1068759554885214
0.5122878350923461
1.4715618592632858
0.3345599087598353
-0.3550584203296793
0.4599162110876563
-1.5520369403379208
0.22448816846799569
-0.6197950522105989
2.3514637394229143
-0.2415838653128752
-0.8223299014209395
-0.1878832090621019
1.3964292683873325
-0.7329851665822396
0.034637542581391075
-1.20109916568918
1.6489461975819646
-2.4640449483978397
-0.23222431082487044
-0.13705684389568765
-1.371839197756083
0.7646010147508873
-0.7004578668899599
-0.6848576205867548
1.675039980801123
0.8376785816657338
2.052212996486084
-0.6344470846606022
1.0679535610727342
-1.4450007675572938
-0.8393926054088812
-0.19324783340026389
0.2129385119893331
-0.42520161767341774
1.6753547623118483
0.07948644508603615
-1.106801618575432
-2.5052602158836277
-1.7337296468657721
-1.0169289230208565
0.6962786428495502
1.8101689271708177
-0.10949684762482911
1.7619534539060957
-0.05148135613488091
-1.873208330310364
-0.9593863849618005
-0.6368811849458986
-1.175642007674565
0.06543718851402057
0.5667750269428145
-1.8994790302301745
-1.5097930405535056
0.20586711673020142
0.18553149951045156
-0.3476362433058733
0.11125094985535386
-1.892395619252023
-2.506301806283183
0.18315611460603784
0.0885427490789156
0.5147558885781668
1.0413020326793758
-0.22827947099741766
0.5317191344188463
-0.4215078762874532
-0.3110704158370907
0.9690651088779956
-0.07334230308641257
-0.077446987467109
0.21344138011393213
0.9333997721601239
-1.449259251742292
-1.4758613174647595
0.06397081205161977
0.9266263430634293
-0.04516424402817554
-0.20119481770919048
0.039594937905019605
-0.9951066085543074
0.3154683762824535
1.2077204231910086
0.9508087165328389
-0.3235456543133008
1.2105234702957428
-0.4387446508907631
0.9646881002992831
-0.08109653328594994
0.40084753534668366
-0.9685212447802816
-0.6282367040157959
-0.320086539988256
1.1977421603626621
-0.45606599475459203
-0.051150940424814426
1.9963257774991785
0.46553142031069533
-1.4706170094860775
-0.35040043448143715
0.49583334901940923
-0.26037211376567304
-0.6230192110155833
-0.5196473547334816
-1.1265128709390995
0.28485225824592886
0.10785374641461566
0.8627668040452794
-0.7807715175033433
0.3396720540049205
1.2482343297539593
-1.050034354993974
0.3557470359709366
1.3643732067846017
-0.013333526887722663
0.09951570778808498
1.4478062226534496
-2.2191371546634002
-0.7422998817030102
0.8336611780102677
1.4179683798781182
1.6805658574160596
-0.45248312032596777
0.42341897630751435
-0.6806048760372083
-0.14069122622850253
-0.0590225903938922
-0.10384876439408741
-0.12332068480048626
-0.6348400897723633
-1.361282260687156
-1.2237493575109826
-0.0051821743821799885
-0.8070469566677699
-0.6126727179273762
1.1446284689998139
1.7266583462643026
-0.6738379922227887
-0.8370131152434301
0.24072912846922667
0.3973930240263011
0.9826283213016704
1.0640561930904193
2.2670640897466168
-1.416042214515365
-1.3659546504707025
-0.6273111700399782
0.8475587254122808
1.0285319960876975
-0.5733870586301473
0.022058787923758528
-0.8088396824826122
0.7580081671031698
-0.4552274291295715
0.2619523959756676
-1.420795125045929
-1.139861179523964
0.34393849390199493
1.8139644811161435
-0.551839563398763
2.0040770502386596
-0.6167012460857906
-1.653820263107748
-0.09329378703176451
0.7779533032870682
1.5836422565477515
0.6370138196175921
0.020777058245653745
0.7752622708552649
0.36513512049352587
0.7509692211957221
-1.3436248623257128
0.43517196029545047
-0.7729424590637647
0.28446952539772924
-0.31999033593900433
0.5036627584273103
-0.14642070150534695
-0.6017679563718995
0.2402590721230342
0.3235465643949729
0.9019008117529287
-0.06081468953247446
1.0808888627509023
1.2130187361848632
-0.9487803734109677
-0.19774903584210982
-0.41685371416645634
-0.21582004842327174
0.8550161770939579
-1.6778554244791042
-2.6137916797349163
0.1689328551159327
-0.14419845640405532
0.6464761551808039
-1.4992500226815064
0.24593765530431957
0.29985426801426246
1.5304857669616998
-1.3822115917226188
-0.05838681167203527
-0.15041148762105247
-0.8103057216538128
-1.049961233760374
0.46029687902687366
-0.12001585030201842
0.08500509539173046
-0.5624225891492975
1.096121093438053
2.080665894973829
0.9611589892169645
1.39024533876448
1.3215181758619354
-0.10977680831955601
-1.906487210985921
1.1907579625309472
-0.05655912747499305
-0.7318768887654933
-0.323507238570418
0.948094990447965
-0.026100532706804094
0.6517891506175046
0.642294877219908
-0.4456074915873229
0.385543087307751
0.9990738294496471
1.2949128765344387
-0.44454024225444205
-0.23129348570755348
1.119289114149746
-1.175525929883857
-0.7223932324128747
0.9214854324917041
0.9257732358808175
0.3946560760348623
-1.5285246203678406
-1.004788138175238
-0.5306316182539853
1.913947242150309
-2.4054129868937273
0.7123453985640333
-0.8203685492921232
1.4758026365540056
-0.6835250260785131
-0.23960800731637474
-0.8533403929615716
0.8105507784734636
-0.4680161868956574
-0.8989371740652111
-0.17876136909164153
-1.2869442114502812
0.355172239927704
-0.5710130400743391
0.6671411601431863
0.5629718872036186
1.1454137337223564
0.41669595842145485
-1.0065471599176352
1.0439603563415778
0.838855082920229
1.5024570651186002
0.9427810883461077
1.2250010219417204
0.8931275724582288
-0.08744202006921921
-0.47981156110824724
0.9541213601028603
-0.16484275153270442
-0.332205515581385
-0.04684465148453112
-0.969098972710673
0.25516244046167275
0.9493027465814657
-1.099714767152267
0.9409381267672103
0.451729335261143
1.1296835824514824
-0.391781952847977
-0.034787679669639124
0.830043007675767
-0.33275355446131255
1.3794038465955467
-0.2651399682414849
-0.1332192376142339
-1.344543630771125
1.6913692419355115
1.1188832330073584
0.7666757622440183
-0.47351245485133825
-0.07278007160668828
1.1606995754221179
-0.5588833007843417
1.5607429361671479
-0.5481848109304872
1.0188049512723067
-0.5318173627768983
0.2419566083370288
0.7926576665033099
-0.31998853952611617
1.5692521549759015
-1.2579639228803094
-1.4095855833548485
-0.079634280023454
-1.5261337189087614
0.04795892058122803
-0.39601671903877705
-0.7709698492069927
-2.0248178657551303
-0.8256972878759296
-0.28224062706290015
0.8722814127732146
-0.11462456266882086
0.29631225078588497
0.38782074923537413
0.6390958374368674
1.1619708961974577
-0.17341392353581042
-1.470318489925298
-1.7660377699813459
0.4281435795328513
-1.8990743825432412
-0.990498249176941
0.9622448597225417
1.2636238939421383
0.8679168864850483
0.6280237511725641
-1.4599566381316902
-0.05682318873471088
-0.3456566375203576
2.264743553691187
0.906663533106533
-0.934541518562772
0.5195533137999109
-1.248322980042695
-0.7059118634721144
-0.30313375372016804
-1.32099847450555
0.36444547618845935
-0.166263995655696
0.22638488031806203
0.2107931552031773
-0.053762761027866215
0.22436978095433197
-0.7147714848416828
-0.42328698270117876
0.6238553211644994
0.28358665310785175
-0.7443419328236225
-0.04918727883467939
-2.0639210896370996
-1.6056443077681264
-0.3839308109450635
-0.7811217889983806
1.1516548006273126
1.1076816424578926
1.1868803010249627
-1.8608278523143376
-0.94212992655213
1.188092332700173
0.7058769582502016
0.9383678614107315
1.239150756014092
0.40158185189433
0.25713046306500487
0.7091068570410051
0.7184428188518897
-2.341643813814345
-0.7706591956993095
0.0618154883458492
-2.1444897103325546
-0.4777950042332185
1.4760706725789836
-2.063977711879746
1.3883994208287698
-1.4846149710724876
1.178480984001896
-0.21403133956865975
-0.5884766139797495
-0.3327680727452849
1.1087126162309378
-0.7185407625925564
0.13157253164493055
1.8061425895471712
0.9555346365189447
-1.6207124111837652
0.028140207541960782
-0.4286341254457304
0.7446773505837305
-3.368457804413974
-1.4115470111884514
0.6116897485252524
0.4637813578591681
0.06150567848487376
-3.0330344122551844
-0.3714433969008611
1.1216464922052376
1.7351710204879895
1.5663857561177907
-0.16543509372325743
-0.43077796886805425
0.4401769375344794
-1.437622963041389
-0.5193134212503584
-1.5628033110244004
-0.08074653390272286
-1.6658724541993524
1.8086772672253348
-2.1736465825274163
0.2846539187870004
0.9633010962101082
0.17889292315383418
-1.3134047244121951
0.428999478149882
1.8244883378209245
-0.07565355185945684
-1.8640843975263282
0.7778309546657215
1.087979961392297
0.915601327420531
-1.2043453186066722
1.6891472548989503
-0.5525859554988597
-0.5914291547730275
0.7836875350125463
0.49846363498973206
-0.7793773899962645
0.023437964494890502
-1.3343457087159856
-1.1995617892555726
1.541657779167288
0.5648884325828626
-0.5305310517951812
-0.5248416983827855
0.07884916903260346
-0.4035962796796588
0.9290497325579492
-0.4498655888453342
0.8821208614128497
0.8388029644578621
0.11773064548469707
-1.56342095801148
1.5926632100500455
-1.6735128626466105
-0.9779002987755412
-1.3254346452475407
-0.1961073655253227
0.8497176662895776
1.9536237606114237
-1.4118927896969435
-1.6017257759375043
-1.5457306080289197
0.02603184883274783
-0.20793201749783763
0.6839073855467479
-0.020758666606977116
-0.5004729942040588
-0.8144051681926407
0.9458863077412812
-0.30301943570138656
-0.5954486353253023
0.4013221695543904
1.7154689948320965
0.5947742246255868
-1.358330766023067
0.35631479456919707
0.5667177803070514
-1.6091878415609082
0.01822198348333276
-0.5004234275479662
-0.0013711866821043404
-0.8731841660414448
-1.697796147271851
-1.2215290987529464
-0.5521256150848539
0.180418141535102
-0.3978712676213003
0.7866292982547362
-1.3246154576883218
0.12634235460530158
-0.8354498844250716
0.21895932582424776
0.14800157592272167
1.226095544719284
-0.321319335125784
-0.24243062846544924
0.503913826860512
-0.9308618704792271
-0.9828991698619868
-0.297301427049605
2.1791886325098964
-0.6743462698238049
0.05662298384817312
-1.0085797572808564
-0.45660430414723724
-1.6006347624585626
-0.7497047667746021
1.1449949019544738
0.39258565288388136
-0.5120996302003762
-1.7341246543603563
0.27073996601090916
-1.7872505185191867
1.6255940242493314
-0.04673802996375809
-1.6224413268167135
1.376546919483453
-0.6275649788959049
0.393737942606274
0.172600017779926
-0.7593598876257472
-1.7679524390276544
-0.2603161953499962
1.0747127080436136
0.1304983257874339
0.6932590968750594
1.2724924582942552
0.3693405516627858
0.3492695073781166
-0.7263324363999677
0.24137577440018332
-0.513879908002692
0.1173653462139985
0.6325490465930317
0.9579121747183355
0.05511110423041795
1.9043853743402341
1.517572026657479
0.30024130196436594
-0.17072028585411853
0.9477016763670082
0.4968247877524769
0.10922772988922114
1.0027985358886071
-0.1374724271500696
0.3223484169920517
1.3211650792895235
-0.6105859294682764
0.3049380020492385
-1.1887473363283403
0.42167270729260486
-0.9698010853590511
1.1352015555209265
1.2495639352271608
-1.049878195882161
0.5520781471905203
-0.1100526980927761
-0.27219428416090025
-0.4370493636925419
0.3106191504391863
-1.2265566044798564
0.4539116087857292
-0.3262224016236558
1.6012131184268457
0.5874978592028703
1.4075374030077912
1.2695622018422728
-0.6340974643280436
0.505056719474795
-0.71562619760357
1.486883688678165
1.3084478560887802
0.5667359333484043
1.078382549313931
-1.1115503463090688
1.0563544447929545
1.0534178911987575
0.7359174846585202
-1.7509495374172355
-0.8261612840716903
-0.20331536750191145
-0.9318111468982528
0.020318665011426047
2.587640497326222
-0.4669069907175136
1.265524266941119
-0.8872064540787631
0.13448209670150324
1.075420226795836
0.1771965803065244
-1.2221740592703256
-0.384640641390666
0.2754740070225203
-0.46262252274984533
-0.7495542538382926
0.9101358739774724
-1.338887399612799
1.2067280076683737
1.1779515085225298
1.4358231743061398
-0.2060788975256368
-0.6015644388282407
0.970263731793316
1.7637378574559688
1.008708409365794
-0.13762999008339716
0.08644506047794731
-2.122024691040894
0.33383853720570994
-0.28573861871229056
1.4489149716663186
-0.25057060829346284
-0.7261166436855943
0.6747905263156968
1.3551240198130834
2.076581110959013
-0.2924381424206194
0.8553007285210609
-0.0832230778683074
-0.25678041114647476
-0.8498228854613324
-0.4388841835494496
-1.5973716917812826
-2.2695507472015377
0.6509662459941995
0.9759363316271699
-1.3947509157451958
-0.4428643601740308
1.0681516371872586
-0.5330032512445215
-1.1092685247627894
1.249155740023592
-0.35184313642055226
0.7064943535964001
0.2289526170317696
1.983838860513054
0.7707128614915083
-0.5951338441273277
0.13890381117606934
-0.5441199944877978
0.7437001276262142
-1.444682034716538
-1.6962290317252988
-0.24578269884642967
1.1993011911913667
-1.058371521464379
0.9643061178514979
0.15298145327235987
-1.7980344412151372
-1.441663552542213
-1.5345368032410276
1.6301479739287865
-1.0693861074926947
-0.6401231372775829
0.5833068380265226
-0.0877659289244701
-2.7896235854401774
-1.4373662796887212
-0.3609340030327418
-0.21219443462778478
0.4931811530121349
-0.3881402611448793
0.3596998580951384
0.8935927741522515
0.2260528314349245
0.3607377927778925
-0.15193680214251543
0.28352592441967855
-1.6302778435120053
-0.07412590444158439
1.173368535248647
-1.8991840167891327
2.0062343596927104
-0.7219834999767722
0.9485241345938382
-1.9401369496126561
-0.03653555074689738
0.9339507398380515
-0.6980495225258572
-1.4894345784854492
0.2639700570999564
-0.12992969710778013
1.4345081980365109
1.0246242995917834
-1.0038103326314143
0.9278773578562716
0.24775979265261389
-2.3515854094804114
-0.3630093340065234
-0.030617776901097724
0.9536540775014147
0.30935953179133885
0.9232017064868202
1.9429576304890221
0.27229239872059163
-0.3259091262140105
-1.1938430812572394
-0.2322899819284305
-0.6538813671243031
-0.7444642260074048
-0.09202468930118123
-0.6549321213979175
-1.7685071471755847
0.13490786494585028
0.23799934381599552
-0.25643611000828137
0.12339023831345544
-0.4611493359165333
-0.27342094141226264
-1.3431583965190173
0.7307893001077543
0.8176030301376164
0.4862911099926788
-2.1278545721075752
0.9053910295856185
-0.56937535112197
0.17953076664745787
1.324685455325425
0.7031565424977781
-0.42303589426274824
-0.5642168760130651
-0.3543951757049789
0.3544207353607985
0.15694149338156627
0.5387045413515502
-1.6209022145160978
1.2684951223148944
1.1897718422924688
-0.32282399732228406
-0.6151087013814472
-1.0180511226544415
-0.3649896122228197
0.4273298306243017
-2.324293078367234
-0.7417224836830189
-0.8070585795186731
0.9367906858626792
0.9196344363254079
1.0803016229497429
-0.5140392713498844
-0.709337626617028
1.7580176201365076
0.36372298929439695
0.945896276278897
-0.6603156294625997
1.5716969476628202
0.3040650876687779
-1.9727689226085747
0.3113973650734156
-0.31475638583074983
-0.6597567845027759
0.5111407924465421
-0.1407344598844317
0.5781811677290942
0.08722834345768359
-0.3965506379902267
0.21240841729425297
0.19780782563564547
0.4272798166935988
-0.3040333492747567
-1.3543094416295078
0.5135870080191586
0.36852560400565193
-0.28266367627118744
-0.34140962429308896
1.4504125747594423
-1.1980346093505694
1.6337709982239899
1.652011950918745
0.4795306689179537
0.13046216633369054
-1.519465074064702
-0.7864153025873866
0.3134173665172208
-1.1537529537377778
-1.2312036843392842
0.8221038893600376
3.40811420370487
-0.5750601196836798
0.4176920603351114
-2.3154537241859114
-0.7306029122185513
-1.5402158065508407
-0.9317462076116209
-0.1993557053569955
-2.7838481297194173
-0.2980053236273613
-0.5534087462423748
0.3119242744834897
1.3110413951857953
0.3725293443944051
1.2423571948224852
-1.3325937926309517
-1.5242620127625512
0.13336093926235223
0.9378943740760447
0.006719686325504133
-0.8395963332594202
0.8491248014395792
-0.15744403135844173
0.23737578065640114
1.2491586091146376
-0.005572064584506171
2.9747525385525875
0.5465437478022114
-1.1251962586818682
-0.2260532337672553
-1.1226935422755535
1.1711179727313052
0.015414469527874846
-1.0407001911673148
-0.6692768718731846
-0.33636536904267894
-0.101444076915435
0.12201926092819629
0.03059345240899092
-0.2111851332637767
-0.3596060536987193
-0.31662925218649496
-0.031975827718754804
-0.9688481126291242
0.2012196549800509
-0.4936869668756642
0.7081670587736549
0.023195989248025534
-0.8124557799272629
0.17943277893414822
1.3893691797884395
0.07575483938368717
0.021522551982253744
-0.7223753260070396
-0.48743115885526694
0.24640242998231146
1.4611858497214614
0.9304521518535388
-0.1343552000708662
0.9532675330403447
1.6178676258030444
-1.1419601179561938
1.172103160111125
-0.8483464807959339
-0.1482006189926757
-0.28373285446051577
0.313595007044366
0.07558463374414902
-0.6425912776185847
0.995473732939804
0.5092721321807575
0.17507358238463713
0.0669032780902174
0.10008017981095382
-0.5586434154901623
0.14854239782135745
2.215753169110711
-1.0166991324146564
-0.4960626566691306
0.9027748843975727
0.5275890311761051
0.501281892559802
0.1270175438637465
0.3977021596496807
0.2856252286203855
-1.8142680051424407
0.4262453247949804
0.5267590766818713
1.1952499166443558
-0.11704729020317918
-0.054665682812961996
1.8433807509327385
0.10653897337282722
0.7056985689162008
-0.5740343349919383
1.845476922052191
0.5306201324461572
0.9810099358075249
0.3430926115351762
0.9841268689899997
-1.36209590580803
1.321506103570682
-0.6932211379382603
-0.47585603483850325
-1.1342793176967878
-0.5881537957182746
-1.0098403928711022
0.32072337099611803
-1.819459759067094e-05
0.940808535303255
-0.045898545748599376
-0.6274827674027208
-1.3521934745295556
0.6664407578463167
1.2792547108306271
-0.2262738154425912
0.06108627516181635
-0.8141499239337324
-0.9707853359061209
-0.24912436424090337
-2.7122874001932527
-0.34801620345925127
0.4878190772250518
0.26692133656770806
-1.3165683726641926
1.0190714718080494
0.8962314177487539
0.12864153059926348
0.8444748362745835
0.2755632304645109
-0.9389162205834065
0.4225844371418654
-0.4996263567884886
-0.1894494695705558
-1.0966458531824763
-0.5995544496364439
1.274125389865357
0.3976817344916591
-0.29243115871762804
-0.23442384517988643
0.9996061963848127
0.02351304877313825
0.05974075724725196
-1.071220611367669
0.8593188137014821
0.9262642881860302
0.6350497331328814
0.2596979267216426
-1.2172740811625773
0.9230347087279426
0.7528913043568319
-0.1409161988829765
-0.8021635624685668
-1.4575111750340788
-1.1456646599609155
-0.7689705047467534
0.683713663730532
0.8617433929912349
2.496769014570901
-0.7199783944036674
1.855796297353004
0.0987888789135283
-0.8866304649702555
0.7645158028030895
-0.3204925284834077
1.0843887214003847
-0.4081141756942953
0.058723719742683075
-0.20895775178394155
0.9763147272657474
0.717718924011064
-0.10784699639461671
-0.12368790769805679
-0.7845226005473455
-0.7707788303680697
-1.2835262691476819
-0.6275998698270402
0.7748119124944864
-0.5496292987662025
-0.5327542818031331
-0.43476505800860754
0.5713167295465756
-0.7791732495745916
0.7368010179996641
1.8963315170870132
-0.5595652274446489
-0.3908419014106821
0.638503368861352
1.2442376230258216
-2.5369071511384225
-0.5602769771497171
-1.161151796795862
-0.4954507387754257
0.6042947685502953
0.7821566549068808
1.1010538482500198
0.8764976120016293
-0.25050832152400926
-2.1729609624969455
-0.27423725114776
-0.8221640443489878
-1.2650015542400712
1.3498968082868592
1.963677333271481
-0.3877235655815981
-0.7176219234274318
-1.1621482638317249
2.8854371881628986
0.39449968644943756
-0.13617478362484242
-0.658349402400175
1.582689330339194
-0.8002293697559996
0.27650640732772397
-1.9493594830551484
0.06447606694138999
-0.7954603171320369
-0.9529336225387364
-0.5346770912512092
-0.1171714037280692
0.4667342228726441
-0.4812069538043657
0.22559116614022348
1.9436798377426403
-0.7361597186084845
0.8600575554233227
1.5102597579077581
1.4480814535429563
0.5059227322562749
2.400983532774809
1.5873882420633056
0.3227699290607011
0.8832428643082516
-1.0415829648055226
0.7202094688800615
-0.8059864132774616
0.29176950635455273
0.5969607604883636
0.32722773708914343
-0.7002131793426223
-0.18057533297489425
-1.2756907473165155
-1.2370127517345835
-0.2688729517978147
1.8697504454064249
0.8792473773373732
0.4165884584594614
0.7014988630861141
0.35674082847046185
0.8103435820375305
0.8177626225452655
-0.32865913463348884
-0.21818682138861234
1.4864001796760788
-0.3705667449282115
-0.03875609820139313
1.2141964324617684
-0.909186688966178
0.44331870757065
-0.3794818983339086
1.8399129815267186
-0.7364230472252624
-0.6174501295947199
-0.16045453550180988
-1.7731043232130423
-0.6049638173063769
1.970599820938024
0.1649175044451776
-0.7908464489334892
1.644254115938268
-0.5983075563845083
-0.20178389984789286
0.4871402735574672
0.024192527026587668
-0.6821921418198864
-0.05084928373101479
-1.4013258886732078
-0.12912664948299465
3.8894398434401096
0.15471144134136064
-0.5463429931313214
-0.6744403519740708
-0.3051733185544576
-0.1442581368838547
1.1347487206618834
-0.398702609214229
0.45475408617683005
-1.8624924689349003
0.9238419003491561
-0.620606566986635
-0.10628018706031139
1.5074635896710282
-1.3764235578409723
1.0117133388281863
-0.6898718275628732
-2.2833419805862993
-2.223235754979851
-0.5226823426707489
1.1088895530294216
-0.9523564017188046
-0.5661512533900457
0.8293635422324823
-1.4289163994330325
-0.3711513340914295
0.1883056248335262
-0.07257111260497338
-0.648351550987491
-2.104801546872984
0.2608395327568798
0.3564307345002799
0.8132718170811736
0.37851937312404366
2.0017675693342194
1.9207115971126312
-0.22898451976777423
-0.4671614051276195
-1.101003546471393
0.5747833715497764
-0.09647950129386255
-0.14117114205166284
1.1625529146007854
-1.044794478301194
2.0343380611472597
0.5681905758197544
1.0128307145557693
0.34550633277572995
-1.727188351134032
0.6371979246283849
0.393169927871026
1.4597843537819988
-0.043503780475601314
-0.34962952661661695
-0.48027097254835677
-0.4940442814407526
-0.13322499926487436
-1.799285123099765
-0.41028744955823493
0.4189615775917017
-0.22850510678894317
0.09575502127490892
0.7405936040844635
1.4617888452966166
-0.19194491272926834
-0.49800683697294235
-0.8738919746681552
0.39838428676556664
-0.7044663371430491
-0.98312858427978
2.4507776363151947
-0.5855626992952957
0.09857492544645713
-1.30219525682497
-0.12194758941945584
0.39047900143866143
0.5150694775322728
1.4406493446806004
1.3224305432434336
-1.0566497076422756
1.3604779021630844
-1.4960460256536678
-0.5509751244602389
-0.5266449282405617
-1.4448412661225187
-0.6756682750849334
0.449486351814061
-0.6275319731948693
-1.2325077972590133
-0.03679664323240782
-0.18193445999258276
0.3685390940339439
-0.43429780128915774
-0.2456150554157812
0.24871667734376146
-0.5574696434184065
-1.2149325725464886
1.3068483838259928
0.3064117889422589
1.7494449421118616
-0.18994783060521878
-0.7167363861764313
-0.5893299114037327
1.306556755962361
-0.35087569806443997
0.5841160876035385
-0.6622314622870316
-2.3537695139132726
-0.14885953555615153
1.2136199732743338
0.8419817223786477
0.3542685767187361
-1.4628832809139398
-0.03844920618595213
-1.2629019988719754
0.8002986259785699
-0.5097465476073024
1.4909076829303902
-0.9124279490447648
0.5277242166672529
-0.6728704027184506
-1.155425442850661
-0.4546612442538505
-0.08039795544108691
1.873583027211428
1.0361320947654244
1.3613938629081206
0.1732858134403129
-1.3368570232940846
-1.7117221523517339
0.8345520835143823
-0.3707750306972415
-0.06506740058427544
-0.34764603200789196
1.1948998725577094
1.0506109555890786
-1.265652112290076
-0.7231591560333054
0.3861760680089105
0.18784587413085632
0.6428790076638612
-0.1050489002269025
-3.3611866668151826
-0.030125190695770153
0.8809646255958579
-0.17925415372121295
-1.4578437079295836
-1.4041369029732735
-0.7114388015966494
0.36969043823699843
-1.8482166858409412
1.1813791718707543
0.7699390080444656
-2.006613868307744
0.49217095643832487
-0.5359831641052422
0.8821438459593877
-1.491396373370501
-0.14940874304048526
-0.3918100098687071
0.8846609107395504
-4.182339971225269
0.48903324793858666
1.0819283532217736
0.051414235383203624
-0.499625272071101
1.0589842404245124
-1.5632436827475522
0.4681582103825284
-0.18892524359649993
1.5851865756427133
0.21225793461065834
0.919092374046497
0.9123971154735864
0.13002214401265252
1.1410608866835135
-0.38021418770924836
-0.31201936285390736
0.0026220402381054394
-0.9348229311843861
1.1286421913835454
0.3334532752090784
-1.3276774626170407
0.407568229267825
-0.8540072940522803
-0.44969122171824594
0.5599961079291231
2.134697476872371
-0.29517393823052024
0.9385857147736527
0.4647961447452989
-0.1128686087755209
-0.003155722997267
1.5265867339296986
0.1144238864236525
-0.9941333825339103
0.6762859310664864
0.0032710980961880754
0.03783796498473705
-1.222577423592082
1.1626534698388111
-0.11616407464994162
2.087987647394047
-1.3705503163775492
0.38441469901625974
-0.2805574052839427
-2.2093137226337514
-0.30225399096411454
0.19576203271069037
-1.6050910860238237
1.3815967024525473
0.003290485877009547
-0.0025134287442041734
1.1851123818295755
0.1638848714032178
1.6882526464730097
0.8425262982537866
1.513708623356963
-0.8270267363385613
-0.022272109516351078
-0.19181351224025736
0.32477081041301425
0.5372075158884132
-0.7682498678320779
0.5078459114318628
0.3385120327196575
-0.3650199965137779
1.718550576121211
-0.46877040137200376
-0.3203249121386215
-0.17818636120496997
-0.3495901200001735
-1.0308815700480212
-0.768498856626724
-0.47799537406543413
1.37526407268829
-0.022139723598234583
0.23718710387098352
-2.3260262875713713
1.2096460405948588
-1.8614367887930585
2.0504770863619224
-1.1323902249360462
-0.5761763035258352
-1.452613498119987
-1.6908064723891576
1.5463013832631274
-1.1637020210079654
0.6220055404914511
0.5242840060497344
0.5325868642281039
0.023682749888275748
1.4115102736315488
1.423180809613333
0.1851930481449206
0.06828174123190217
1.0083583811584904
-2.7173937105960464
-1.039439991299361
-0.7962629028159922
1.3242595362111924
-0.8900044070649051
0.8351003068013486
-0.5377128236323981
0.09776837706210885
1.1818912267849142
-0.4137288958926534
-0.7853039169163923
-0.44940991618207987
1.0250074623891894
0.20405105596557968
0.9378974518942627
1.6993285470573352
-1.16456271206614
0.4126550368438287
0.06601338930522065
0.04357679483814223
1.363055345337705
0.17260433685958448
-1.299866799378172
-0.3238461492794457
0.6900543733002922
1.4353018902811843
-0.12363709185488277
-0.623516757759656
0.48998616105112064
0.7519225374149552
0.2396239217452486
0.8241839837410496
1.4373283850860032
1.2134539860234974
1.7784088720503288
0.2449369251825661
-1.5251930993058933
0.6572043528410526
-0.598848038582776
-0.28856361876389125
0.25249496555932577
-1.168349707798776
0.08387475160575406
-0.7423350341645472
0.7208755849937467
-1.113022983075688
0.3604409667296026
-0.32790954924610294
1.2142080183279191
-1.4054901041808525
1.6435543015909153
-1.7194718529767912
-1.2846102681265767
1.1587678418890979
-1.510558058336227
-0.6562977006836093
1.5991055648220307
-1.1335565173852762
-1.5091510977004765
0.11356259200647062
-0.6209032359682153
-1.007598203367556
-1.1193701988107494
-0.12170838391512723
-0.19587909574360288
-0.6025634637361615
0.16159877027723635
-0.31899973931207337
0.4348836584099706
-0.9144936682769382
0.5180407125245213
0.18576141741980112
-1.2765313276611705
-0.4466431553721608
2.3097303547392856
-0.38409151975938977
-0.7202932322433868
0.2880289157064602
0.7961944388351356
0.5275027143823537
0.7809765526514376
0.5837470872572318
0.14833841435917194
0.6985466724334151
0.5821516701737041
-1.254061818407452
-0.31643550794893416
1.6000165993515045
0.1610679974235658
-1.7387104696858802
-0.8186737385572579
-1.0696117211151919
-0.2141584488942758
-0.12494683129649288
-0.124834823579138
-0.15492046950151
-0.8158055720868054
-0.23461726513073003
-0.4471282040031609
-0.5975531302344231
-1.386029890373034
-0.16169134643490377
-1.643562922725308
0.7066682541400733
-1.640299775282865
-0.8991079155892522
-0.10212750762698207
0.7121623308441666
-0.3264338434406072
0.4014658134070103
-0.4824371145058744
-0.27913067271336034
2.088162291954405
1.0619331804686005
-0.9065176984852522
-0.1543906854140578
-0.7657630722987522
-0.9064254279282418
-0.5596199630874369
-2.856805810223077
1.5777060540737406
0.027553652533848304
-0.5640152321015273
0.9321957498746042
1.0662577922858485
0.6793404568916744
0.7188630678455412
1.3277878148927538
1.0884387553611978
1.061507141390528
1.4115739931504276
0.6222659648313946
-0.7834573007660041
0.24278152371559236
-0.3475176549745584
-0.523842477964174
0.568728812568981
-0.4318981191884405
0.14717290106879583
1.2508798521181357
1.3524610426641983
0.21426942415915856
1.0586757742324462
-0.552640351304411
0.30776018109423176
0.16032864316004058
-1.2462079773502344
0.5544310091496875
0.40865740586577315
-1.344298165075669
1.6224662397785863
-0.9687813134178014
-1.4307230963790976
0.14822544526519857
-0.3024468304348987
1.3408717053163062
1.38745551779133
-1.1004400306965614
0.8094854556793898
-0.6524418342329611
0.6069253366311992
-0.4166899682969514
-0.08720955824412667
1.5808612953267638
-0.02806299228234102
2.4934839941269127
1.6179154725666365
-0.10604805997170377
1.0841111911850787
1.1745264154712853
-0.2640424937439932
0.20569814871890219
0.057342244311012626
-0.9215760086761846
0.6440243205580147
1.7218330622755402
0.3354318126020066
-0.9634342248477491
-0.801886425779586
-0.44807459315786463
-0.4855735222749324
0.11616977880908351
-0.3780518604634623
1.2664867299156672
1.1176838971391516
0.8022404396898963
0.351668483823072
-0.3376210321327396
-1.3066499623369496
-1.3576326167421273
1.4681345107619674
-1.6225578616210605
-1.8340168796097527
0.6266538958842027
0.32909514502520665
1.0022583566507959
0.5769892968952094
-0.7725116792433997
-0.022875070186460258
-1.2274204418911767
1.2794989709069842
0.4651892787584547
-0.9365169076767129
-1.8587356281332756
0.05118291154215384
-0.500287300094466
0.9537555529849391
2.0240094686180257
-0.4131312155421342
-2.2104582451165053
-0.35492801276299824
-1.4011070496200073
1.2123616594043398
0.5860668007139158
-1.1101655031284188
0.9277925200976951
1.3433086230923956
0.7727809135938124
2.5925643628404016
-0.6350055989405793
0.021887871111231545
-0.5684221719338882
-2.1544775999426813
0.6738805393426959
1.5827255388237667
-0.23849133763705993
-1.0973727463155187
1.332380465894175
0.4878036287133225
-0.5167707590857203
1.8947506659448075
-0.18507606822397443
-0.7776658592980792
-1.3404363338534289
-1.4600915842231217
-0.7835054677882282
-0.8424007040572533
0.4762702272698239
2.2726397929611455
0.6699816829903991
1.0837480972090212
0.4322757983648349
0.24812553889996156
-0.6580222264976191
1.225023634718624
0.7297934791899181
0.947985500493391
-0.697400678069583
0.7448437166609427
0.7282740776709483
-0.22951994758608252
0.326636846430822
1.53946567070653
-0.6905294353761836
0.36362026568198624
1.426361465350592
-2.5172947492575153
0.4141078452352224
1.2419488466275173
-0.1298323770647071
0.09127639450545881
-0.1203421880862525
-0.10003852462728556
-0.46192823671411154
0.9484473918803819
0.2979533837411859
-0.8027631476945117
1.4717118663164732
-0.9169015395974492
0.4487731896987199
-0.8227353850240363
0.48726698611508135
1.2780752830201503
-0.42521272199721344
-0.33106289870057665
-1.1166999216400648
0.7376235094645551
0.3333354733815614
1.0812801011405837
0.5019493996912786
-1.6004002324609994
-0.35718103632895093
0.22674548902391575
1.210369618526532
1.6573451602402
0.2917009359398965
1.075653145523361
0.21338237479976388
0.2545823209091288
0.9627964674105339
0.4048772628165129
-0.4107143795380323
0.3057410087304144
-0.4238261659039497
0.8474713149990694
0.021930038960961216
-1.5263020664813043
0.06103468073962598
0.6806315614320166
-0.20844552418246481
0.7375503968561417
-0.0766037218398478
0.10162964083649621
-0.3979564159094462
0.07430421899216341
1.0510722333559965
0.39940913683755547
2.419785364643021
-0.3393891311408392
0.2752908715151931
-0.5485105669928954
1.2180973856723383
-0.41999079941284867
-0.3404598946453116
0.21437980932946507
1.5590535982364704
0.03975523069634297
-1.750673270604175
0.18583979511382728
-0.23794513327105823
0.5888429672397868
1.075360345817795
-0.05571985207391917
1.292963536675154
-0.4004694822432929
-1.290742547007493
0.5135509461968814
0.4229494407687293
1.2244815348963178
0.7293493120220689
-0.7982761317742335
0.2214705202195657
-0.9708749242627992
0.853273738561805
-0.18497734626840237
0.8493696515391835
-0.2038439861560091
1.578474900236412
-0.8085009110071021
1.9391320817584774
-0.6446396290709536
0.14936334051572697
-0.09036708080706538
0.7606360238320627
1.0972667713113493
-0.9869349140425998
2.1924982257884227
-1.5491750303961238
0.863504097570489
-0.17411493673950063
0.026582938068731934
1.613722311919337
-0.32143081231280457
0.3578296679797409
0.7877209592693364
2.0276507218216846
-0.45426889340865806
-0.7360674833908388
-0.18300607978682884
-0.21414208655826272
-1.0236039108077792
2.1829673086897117
0.8408357276165221
-1.090948193168798
-0.05973195487090742
1.3966372212117055
-1.0419626247664597
-0.9817683503305988
0.09644087265794456
-0.9603655271663628
-0.6537107199731398
0.663150555169117
-1.5086190061127005
-0.31928346154544857
0.23872328868676215
0.07765098214238511
0.548857983283476
-1.1467729559388657
1.779261247838673
-0.22687909109517712
-0.00648300937827763
0.9010635845527253
0.5347105377131177
-0.8604228103275586
1.8866459172449495
-0.9470100107773527
-0.17650720182099233
-1.342553766216325
-0.5593846424503761
-0.3231984800015011
2.1779098957057563
0.34994331551423263
0.10159778964896118
0.2508002234110264
-0.42199197696319396
0.3363698948226286
0.7635054587895872
0.5539239453370856
1.3493083857681025
1.6187575732741883
0.447529196763544
0.3649402162315394
-1.9247571637904721
-1.74748987540481
-0.7710984868228749
1.6061564843261014
-0.23400649435538132
-0.30979764290847517
0.33038934714411167
0.4557683796631565
0.6477000633771576
1.4218662824003012
-1.4459083653362745
-0.6991164037057306
0.14783395641060745
0.44069420377239954
2.08857001012871
-0.7866763987955894
-1.2063251036540423
1.1129070656379512
-2.8723580724034385
0.966893848614805
-0.47011628027385166
0.006521091123936202
-1.5557758635964964
-0.002924910677448452
-1.2951760172330444
-0.09887941610474507
0.6495979735876012
-0.5960798988158745
0.09022346572615192
-1.7658876879365564
-0.05698509473521567
-1.0357321792556498
0.558334107747708
-1.4090320556217812
-2.845464768099932
-1.3711968354971464
-0.52911097922647
0.8595951179072322
0.4990683275932596
0.968589373630483
-0.07681244290510571
1.0867325024064032
0.9091865794915971
0.20333409193075094
-1.896835699969482
0.26873676579231903
-1.5517316387301885
-1.1294953525770874
-0.12115875454670519
0.44483035434830565
0.4326153501231381
0.635540614483864
-1.478431383383131
-0.5341220112428853
1.271930608427071
-1.3667620740675384
-2.4761129301657583
1.7463729459599573
1.4718469108111734
-0.22663215182431312
0.567166619414361
-0.34916252920871604
0.4235075193033909
1.6701357001047308
-1.0010733187387137
0.6560117959530607
0.16058365023241417
-0.1722066558110087
-0.8592953892512633
0.23771717156026545
-0.4619887067746639
-1.9315667060327084
-0.13362498694384645
-2.376216077467232
-0.6944071802977855
0.4916426858464107
0.18978851765092522
0.2819505158277916
-1.4219549358489234
0.8374834601509216
-0.8706472338578336
-0.8275447335760422
-0.806700100889262
-0.4511157634617043
-1.2385206122004224
1.8940691032403494
0.49422190788648135
-0.3945375200611858
0.7592045234557563
1.5850683449210976
-0.14917412290375082
1.0568824729121629
0.6551275975891553
0.11274868877380165
-0.517289813940178
-0.35883510234103577
0.3573109611597871
1.3487743277691326
-0.08571550762625008
-0.6980921303570871
1.5709705998710526
-0.10849581026789051
1.196792695952773
0.12434559453055527
0.015838133457110888
0.5357015727445286
0.30404109805105695
0.3940560661445584
1.7143371410057568
-0.47757787297158516
-1.2399240461045338
-1.3189788750981115
1.6009524408391413
0.3196296844935706
0.10152145196973411
0.46150528979092204
-1.3536141893294473
1.8483580296944202
0.3637187015127155
1.436547806301071
1.3881411665748873
0.5866614585808678
1.638511731934193
0.06010865133655755
1.1188536276193055
0.343737016368467
0.49153308577351473
-1.355240770816023
1.585457686621024
-0.9860893254789821
-0.7755073737314161
-1.1967682718826191
0.4680681827580738
1.3686543594485243
0.46773349397639064
-0.1435145495957705
1.0111243338822111
-0.8914915778351018
-0.8217957201300855
-0.04217476364382646
-1.5077209009664714
-0.5170717686619859
-1.3712058777330858
0.869313745019506
-1.1923884248481935
-0.3880780641320081
0.6841996896161806
1.3133661253182862
-1.394016624995395
-0.13309623174268245
0.15330177295223302
-0.5280760212849044
1.1588610158917032
0.22128991817996516
-0.46723739062686404
1.3420235280447232
0.08307877003063054
1.2761092945534847
0.34156434367395594
1.5328261174879176
-0.5570452833768522
0.34171429202132436
1.1053707756210114
1.0058957762669853
-0.22956473284575776
-0.6359171475532064
0.5681544864478529
-0.802440893521696
-0.08093423112135972
1.2208782230580344
2.0438254312774244
-0.8569113704102361
1.1690216062610932
-0.5500102060047314
-1.1047149932516482
-0.6269810546007751
-0.858681001812969
-1.0032717885815992
-0.0428787870602959
-0.5260000269386403
-0.4027208082586003
-0.649949099342115
0.39788365692576283
-1.6002638623684315
-0.8944223949005773
1.4203848762437312
-0.4924415174906276
-0.8900744386805536
0.4090362328991835
1.7230416767460563
-1.7485890878168453
0.2708568469702103
-0.13172283996277862
-0.6638343204440129
0.4904725004420198
0.8700467950424987
0.026549045618213925
-0.8159762510923951
0.5369275499901334
-0.8582479661496937
-0.16518928865722315
-0.6486303552174353
-0.3979161909200935
0.5647530832383232
0.5285838658909275
-1.5747558516028528
-2.9150810846096253
0.31309945125808586
-0.9644454876005369
0.2145334639648573
-0.16094189424191105
-0.3853276314260415
-0.606895107541819
-1.6620833769402152
-1.2689409072663955
-0.07691232707934831
-1.8487056970922864
0.26054835421802486
-0.8317170431743183
-0.7355252386856079
-2.060470762027516
-0.1896048967411051
0.5041535184219911
-0.28911426020476844
-0.72791743222742
-0.6291366614441095
1.0480231536072069
-0.5173816258488427
0.4217986394184969
0.5041800342664916
2.3293921883203152
0.558857269766844
-0.5951715435658954
-1.14837693857156
-0.9168106720697656
1.248995883474641
-0.6020982898611944
-1.3095632087882512
0.687777784246544
1.206537298494865
-1.21883499513517
-0.2193774720329514
0.9625091060733484
-0.4153869064176502
1.8253030766298397
0.559930867252677
-0.879213018915662
0.7624543528544534
1.4456101450244758
-0.40858780612314577
0.24168892691316318
0.06534211723958248
-1.2907868072791193
2.0254803419938123
-0.6447865705348897
0.5916908217202882
-2.5480840219767753
-1.001522142801157
-0.352840141882393
0.7296481545519216
2.2040439658140047
-0.07665615282943622
-2.147279423265523
-1.610796850239275
-2.3444670621747163
1.3033194005584787
-0.008588880533896007
0.14248693567007722
-1.5499540154341782
0.11418238779505689
1.3895005000467557
-0.9603763138417952
-0.48040270563224763
1.504546466879587
-0.2348677780456284
-0.04632366676951029
-1.8451933490754684
0.5514508805935554
0.6409435216553229
-0.9979141999194964
-3.6201094383273467
-0.7815531201258952
1.4144464701389647
0.07393373253292142
0.7386600493217336
-0.5716609515587865
-1.7677543185116704
-1.8761877801001376
0.4163905303806127
-0.047742429401129056
0.13769430746423028
0.24632980441652289
0.19172917483715485
1.2584539155552676
0.9394625603675284
0.8255116017122925
0.8869978615933883
0.07722702626558746
-1.1101357617855807
0.2857719899245446
0.7146674857275129
-0.14755183604733021
-0.7717690090233239
-0.3884569473967439
1.1243220281661932
1.0921957108360327
-1.0236182292675549
-0.5554802584460254
0.10936468591180293
0.21840886751604513
0.45104290277595205
-0.3317800428891154
0.7196266400108974
2.0718234828403825
0.7704902163745856
0.5109657916323417
-0.010544709003280008
0.8661375876892999
-0.4964039653645458
-0.01568590916540093
-1.6454485604793359
1.9315196753845003
1.5398950197384975
-0.5945281867932739
-0.5848542408806806
1.4782452597612048
1.1622073227947778
1.7147558572345734
-0.44484547072968805
-0.594009203651974
-0.09733165765661493
0.14821068897346162
1.5992954407340925
0.3143165299311835
0.6075284286208439
-0.7638870862066024
-1.9130314519737894
-1.2492782926462442
-0.35753016654463976
-0.16447071031432717
-0.43836436050204575
0.3107679335290551
1.9644263583788908
0.5996979866791302
-0.456829929342724
0.9093040391979316
-0.9181553143043284
-0.6279241445791928
-1.1418138664665343
0.0057494538216779694
1.0245105121344904
-1.2434099485462518
-0.8741993690819119
0.18026553973351336
0.7199806649890014
0.8360301172428465
-0.020626667280163054
0.9572551408194495
1.1088900084706461
0.8857622685219395
1.3246572539165804
2.0103174902905727
-0.17220444708417576
-0.5529745831093064
0.21059335782056957
-1.967935984387833
1.0696302532230375
-0.557548693451769
-1.3788096428035272
-0.5646777462227733
-0.29367667415984455
-0.36942774528769534
0.5470076046483555
-0.9172387717622452
-1.6496856082613125
1.7975944772432182
-0.4971357672892739
0.3225076761703952
0.09216839776022764
0.38820979177557824
-0.023950236719576683
-3.321347320033697
0.9970411618658782
2.229427692656693
0.28405165940276084
-0.03895125444287923
0.8736879597121511
-1.6299875820226224
1.073644168829953
1.958433144370176
0.49437006459419053
-0.0813779828177468
-0.40994545493001416
1.5443233621016914
0.25657738028798416
-0.24575145734646447
-0.4992305414546103
-0.719755799335417
-1.0054519220279035
-0.05808799085581678
0.787025993629855
-1.1939642540816975
0.3850137128709413
0.13651528212109884
1.2213284782218568
0.8248663015898037
0.8312648889015086
-0.7023829546052021
-0.8947384023967486
0.1437050484268512
-1.5683157999201809
0.04183969090081962
-1.0825046694084997
-0.16991721527990536
0.9901401536348952
-1.1002406822003556
0.7956210355460864
-0.8489832959820998
0.3224043827028108
-0.2533883552960405
-0.2380921776996075
1.526447597617689
-0.3731909690059787
-0.24656012933818108
0.9321913401157893
0.4807229660178632
-0.5352531521686301
1.5103453539889744
-0.5300268033993004
-1.6186369322195577
-0.4116758819727923
0.12478949337658801
1.550892246954199
2.226123490734373
0.7122875364938812
0.8683542606907415
0.317870847398144
-0.15928380822981922
-0.524641693259393
0.04250137800734604
-0.9133359273032234
-0.47317034377416234
-1.417478490351766
1.9431131045684078
-2.3143966858572593
-1.0945875553264275
-0.7998435742347296
1.0265585388851046
0.2858100806163926
-0.2106188427294936
-1.0869153828330558
0.12878660639632614
-0.8696430419778771
0.6775410536186264
0.7433364759015919
-1.5516282442124276
-0.10688623507102522
-1.6018985986865069
-1.241851434920531
-1.5976407944989905
0.2834532327236747
0.7937363898670756
-0.40154066239766306
0.9493767864752068
-0.3729954096121523
-2.0703453815151445
0.3125643196993849
-1.3583223704157052
0.3747141036173637
1.1269056280618304
-1.2587277243543358
-0.031135280294906503
1.372484774844147
-0.5586668013951467
-1.5458319839385075
-0.9305963029913419
0.46802684404130557
-0.04602124060593046
-2.12502098355466
-0.4672492206824017
0.2569097229757043
0.2633745250539828
0.36639158009610634
0.5116512096824324
-0.6285857603055649
-0.32494643415147406
-0.4000492450531961
0.8044383017307644
-1.0810814101660493
0.42250772144455
0.6038290521748207
0.8154683244392716
0.21160348144171293
0.9547805207487132
-0.7820351221937704
-0.5235269186666414
0.27820423376248987
0.17926148779154868
1.2207084833845936
-0.37481139422681603
-0.2838730654076001
-0.0667712061173606
-2.0560562113047602
-0.7738903563327408
-0.6058108892131537
0.7074428942456273
0.2458351981367834
0.5101372066565525
0.8834765321438851
-0.9543961899856829
-1.2964798696837403
0.8124477783825976
-0.7327256894172587
-1.021430263310824
-1.2169975529419805
0.024793632331577508
0.20696715452399475
0.32896971228183175
-0.1382788024587628
0.42606282328284795
-2.351882120707705
-0.593541727103126
-0.9012588819405285
-0.13982527808657993
-0.704246738546592
1.9728756421058886
-0.48914788389839514
-0.28364395098834516
0.5838706514264975
-0.3174092033965948
0.027076887838198695
1.607205699802491
1.410768298093062
0.22819754593935968
-0.18612325750039305
-0.40306621465513426
0.7587990440561909
1.003449910548609
-1.3968533413323088
0.819844928063782
0.746614492413449
-1.132553219806984
1.0645828950896683
-0.4933944967605638
0.21988517778577948
-1.6672858733235612
-0.224903242697135
0.892316751268568
0.8728228485667404
3.175366978799149
0.3529602958407607
1.1229966296543623
-0.8068769790953646
0.413015648562742
-0.9032012536186925
0.19189285497685968
0.6258156787273562
-0.21296984598340443
1.5840349044041533
-0.5087928077585198
-0.07315119009782592
-0.7666010124315198
-0.324128957256926
-1.9016713082771204
-0.26630286408669623
0.17676243680704143
-0.7352426265361004
-0.32295483481702814
-1.6233049266627977
-1.5971393246037504
-0.1494230431511673
0.3367640321489221
-0.9323200775023299
1.1489427652861985
-0.38604724833754633
1.9166245201249246
-0.41690382941097975
0.08154288770430149
-0.6636631405267981
0.22517557850050415
-0.9104658373402043
1.5604253621253314
0.09910310642231429
-0.09320118742210662
1.409539387217766
-0.5835884035965113
-0.684140175808585
-0.08628046104139074
-1.0165745008166995
0.3860029858294958
0.8403547307431227
-1.1891488730566073
-0.3567513841949675
0.09018451958309025
1.4263345859392558
0.7734180464410588
-1.0889987157674266
-0.5408290308445516
0.4029919863641518
-0.6800875365664794
1.5844839371468469
0.7097715217420031
0.6201322526899785
-1.0784267254790274
-0.2785006646981841
-0.4171639010380836
0.6845630846662112
-0.49309327277699805
0.14696940024780775
-0.17785253060633394
-0.8462615689466089
0.4108150611558226
-0.36976467275723895
0.5532022757231931
0.1429376297516584
-0.09235751901271054
-1.5263847444752592
-0.4428739952848191
0.46926939153867353
-0.3141958919250943
0.7393915178029081
-0.4801135950589901
0.8818480032558156
0.7006413972546051
1.5613700649886144
1.1336790032589945
-0.6267150992159587
-0.15886741989544712
0.6957585721399305
-0.392030669137722
-0.9409991336277714
0.38024191739062374
-1.0729499379815381
0.0865163956150041
0.3939134096942084
-0.45331358978800973
1.1513244578266246
0.7160047935993953
0.044726297372441604
-0.09610301039017952
1.2183565970112058
-0.13315660401160032
1.9228197168262815
0.969701749610983
2.0519096972316935
0.232605619217319
-1.4322722253763946
1.0319238376307975
-0.9966339148850537
0.5323537413785753
0.17788281422694324
1.6138437782237565
-1.2696562831348703
-0.2782254799352364
0.769278123437201
-1.3166329404536652
-0.9364364168197616
1.3887916275219223
0.27748326511885346
-0.11530530992410638
1.0791322171519944
1.1934680252223948
-0.4451612981873299
-1.0152795841361466
-0.38666130642796936
0.5801655656113215
-2.231216164017404
1.0808925439154176
0.7318823535881511
1.6882558525221092
0.4501159980925252
0.715347578465069
-1.0367963623933392
1.548755267620127
-1.289884755248557
0.9551631409365231
-1.4770548130109642
-0.3068334660253513
-1.1768102570298906
-0.7391356250780383
-0.9959987709290141
1.7620466190138466
1.466316511824775
0.73191233716744
-0.5879183080832664
1.2504413112629458
-1.5349164673324833
-0.30867331367310075
-0.361997490013536
0.7219953735818618
-0.17710628450624322
0.6162430763254145
-0.10886513400031778
-1.02447688331548
-0.5789377046940571
-0.09230182134533996
0.4683547961969608
1.0267067912995902
0.7090817021907547
0.5764185442654746
1.0284439802427212
0.29364449667307274
0.12009939540823503
-0.03479119437024672
0.37215384491708464
-0.7910895355445693
0.6029062211892108
-0.5305891853886356
-0.6130758379841036
1.677191848669627
-0.5703563918112234
-0.22119497428818466
0.33851394500280496
-1.0139538639202201
0.2450679015290745
0.06750111789630873
0.41690069512438693
-0.23461438559413397
-0.20927786582646732
0.48111291737114065
-0.4550789439939618
-0.059761578400372384
0.7745742765914824
3.05055282616791
1.3869266028777707
-2.633121853767682
-0.5899692735819222
-1.4326906429510333
1.6709456668443123
-0.25990230719652974
-0.2311765793028555
0.7289593420594023
-0.40200144320453157
1.4876133353531964
-0.2990933155611666
-0.0010596646876547648
-0.8446120876585353
-0.3864503766887194
0.6568354814568489
-0.4165150656776443
0.30284781174340375
-0.7480470550082351
0.23913450808727568
-0.19307532107087927
-1.6173594089660503
0.867339708806697
-0.8444854026682226
0.5430710019810843
1.6492746993312042
0.5302549330162002
0.015040103169886136
-0.7082434431182888
0.36088172674124863
0.5589310169797003
-0.59756388694961
0.6919320472629008
0.41282608003886767
0.3968691534020806
0.349882226499725
-0.9596160982866914
0.0414262280369576
0.19813254616736736
-1.9375921686030648
-1.6489760664742894
0.2943609992460879
-0.2635324872390612
-0.3877306023443315
-1.9184162795011181
-0.6928644629472172
-0.4010015793576586
0.16857963891583036
-1.7793439676937108
-0.6471769785748762
0.039892952644271604
0.8104059484978037
0.4455990674396677
0.046279438439171254
0.9099761240796831
1.2953020477686015
-0.4169769295231511
2.987590856406792
-0.3047737036927747
0.9340446210534417
-0.8174649447704752
0.6395085825267137
-0.6562935084493869
2.061041598799476
-0.42153841026399486
0.9120160280024718
1.29307387617102
-0.0711844728643929
-1.85873134571135
-1.7203572182988038
0.7974810185832152
-0.11385785733420496
-0.8620203839313674
-1.1746640165874238
0.9854723865564632
0.8929054789269846
0.16406972849929619
-0.34861374410077034
-0.4815950657982939
-0.6309402646814691
0.5536412067160025
2.206540141212451
1.094855546508026
1.3722515770823447
0.6861739627581958
-0.5324922938026548
1.512570323604881
-0.41160339742750796
1.5355029685150976
-0.42706408898355014
0.17968104779107405
-0.5284487136015042
-1.1704647669353707
-1.3738302719803244
0.15764374106897605
0.45979689459905754
-0.7087666908381319
1.2677468087796293
-1.4564572348147877
0.25121096828487705
0.5145897804020467
0.34634247584468275
-1.001783462219364
-1.3575028186599132
-0.37437179411978955
0.49530336557219007
-0.21799170484505187
0.6583526456682641
-1.5650308728338935
-0.3912588613071819
-0.8711814778212459
1.8927099378712036
1.2440605156627478
-0.4026256775006479
-0.35867259449875716
0.6255651727898414
0.631992092633747
-0.1289126194088872
1.1294675590551502
-0.9451361954089881
1.3704528801440872
0.9990441698856057
-0.5044337654650718
-1.2238411586639406
0.9435530761216108
-0.8156727730559568
1.081050416214469
-1.2049653962025442
-0.9045961957504651
0.04742864226164915
-0.30186517196718904
1.3618241467514522
-0.6428934223036659
0.59038638980502
-0.2667400353784768
-2.3499242810810377
0.5444116801085991
-0.39029501627013397
0.9444985176865751
0.43909404554247977
-0.8280671537294177
-0.937078405151028
1.3799092147596332
-0.4877134552555605
0.35763736276717245
0.11275697625948278
-0.16872639378713655
-0.04092447431341372
1.9679866488033828
0.10495035446410836
1.3756696402606559
0.9653213384400252
1.4662178249459814
0.20560369141764695
1.4559782782171222
0.20737649862938834
1.1578496318206026
-0.5894965612001322
-0.29302323752086
-0.5811006754356096
-0.976295391258532
0.9522128857177126
0.8480657818748495
-0.5253182231361679
-0.6671451209015491
0.7324308275489769
-0.12993977416597183
-0.7245944410811191
-1.114283145523855
0.5983117595347845
-1.057848928624477
-0.5691549378441958
0.16283023347647677
0.25778994670312966
0.9360543503761386
0.09321940260867388
1.7641389464444186
-3.1323950387247095
0.9834634809485
0.4868230577748987
-0.8241264734730924
-0.5845827554485478
0.20688106851363283
0.12883699443813332
0.1887322013704423
-0.7995106126234246
1.786533238562366
-2.1175404335336747
1.4204947577929223
0.08790740733427967
-0.6242598048112235
0.8654219961283567
-0.40616723679491196
0.9683003747875591
-0.27856677395090895
-0.8166475826584993
-0.3430069584771779
-0.4044657797323675
0.8891326193330152
0.004703240634812674
-0.30230495247681094
-0.6854205467438702
-0.34888655186208734
0.9739306905251532
-0.8816841702478745
-1.6016483863426092
0.41012428334480266
-0.8763909607713434
-0.45079317032360333
-0.6990163145118912
0.7278870937429722
0.1130597720447445
1.6829439075732324
1.9157928993967748
-1.078322223981821
1.7962574164501028
0.465709401529146
-0.7230029713078597
0.12557589328351712
-0.5044068165217569
-0.3630437401821395
0.507890756548484
-0.7396747771816109
1.1993536068205004
-2.7000591554468936
-0.05477881910895747
-0.3319157890802052
-0.4612031567484777
-1.0144590353046163
0.5967021246067429
-0.8795384470284184
-0.23079136051423357
0.8973489171730491
-0.45890936979044084
-1.8023344954696097
0.21003073948448883
-1.1327512531602888
0.852991809203016
0.8385760856461444
0.153536526959865
1.3831550318011423
-1.2065629272086458
-0.25340570343002616
0.22554453281524386
0.5091233894534802
0.1734530384850133
0.1711041631371548
0.9970353292162653
0.04650067763765023
-0.29340338714474995
1.059094002214501
-1.0062023922845489
2.090169837009787
-1.4053733133078457
-0.021072984278795653
-1.5893857839703656
-0.8808703961587052
0.19813164799610347
-0.7990501630354121
-0.3975215366233249
-1.4862839370207535
1.1955153945368486
-1.03067404867591
0.9783577995861676
2.3131552388964147
-1.05150106979123
-0.8874959053875607
-1.0172368202889301
-0.819436150134389
-0.6406094284383536
0.4963930377315371
0.7356138137720042
-0.08546075695736222
-1.373026051581698
-0.5661405928467156
-1.2823245866676083
-0.047106497362636564
-0.21690037285974156
-0.9740118467854971
-2.4862268430072825
0.10960261925061024
-0.8868823756974384
0.031336830139124035
0.6287773669587261
1.1151198474666801
-0.37516488751452315
-1.0208304349984398
0.015391814011029759
1.125541193762593
1.5421118347791607
-0.178501608299611
-0.4130009496448777
-2.1325854702257216
-0.6052972667550175
-0.5538331581234632
-1.5500422004829029
-0.6206807870312329
-0.6228697028269644
-0.8299672470707973
-0.8053944147992416
0.29304135726845604
0.26099500853540064
-2.4862479483860405
0.9539661268903766
1.118357037733972
-0.4380489062828514
1.34011307932802
-0.3043740460405863
-0.06783168784819797
-0.6228180313915039
-1.318545260768946
-0.8459847364311659
0.7496687802622629
0.08659249008905359
0.6521880226472019
-0.6739095514170198
-0.20801334666671586
-1.2287450753456481
-0.8190255696812305
-0.39948175534474434
-1.7193304222838415
-1.5837141552009357
0.25522350519863685
-0.5028328515305655
0.09751087932225162
0.03231827042387205
-0.5863870541234473
0.12686547697171222
-2.266625109436871
-0.3816378237374548
0.9878215030052767
1.2066807226417355
-0.3545601939623886
-0.13787764691187038
2.498971927842103
2.6124868733883795
-0.6312559230442535
-1.4968367812874595
-0.8093862594017659
0.6702538759246295
1.1203732634075618
-3.16187000169333
1.5291447983809952
-1.3586017472484928
0.27968726044088893
0.40524040678410866
1.6302681007428246
-0.9259025707307721
-0.9008674441766016
0.042352270209093976
-0.28815870806986105
1.2332401519840448
-0.25575382917400935
0.6193952714513268
-0.7963539337416771
-1.4642629050524545
0.12267066935978464
0.5451152767897591
0.22848494663038485
-1.185642708078488
-0.29795792660381737
0.11256158933555875
1.237964765335636
-0.8796730556468242
-0.11513207048847415
-0.5987934388453885
-0.8404227219398592
0.14510060037044895
-1.3004176912530663
0.10283858377949376
0.9011450113309102
1.5441313334536955
-0.20479330205804927
-1.495887673962969
-0.8731425188930224
-1.3647524482053028
-1.4737884317190248
0.8215353089516314
-1.0864214816924558
-0.5103745248695899
-0.34376504948440256
-0.21069275183710962
-0.7244949439613514
-0.7123802715461638
0.4111539749006342
0.7444803896957438
-0.4948419070851357
1.2476903776764618
-1.2880273265867523
1.1630893796733166
-0.2646872944666901
-0.38127638135760694
-0.20118004598783706
1.5347545208248847
1.8000298294456474
0.17908426302362485
-0.4297405624313966
-0.38927844455550653
-1.6233403039454308
-2.5413340820813426
-0.6753241585064327
-0.42765761910515615
1.1267059098021965
0.24133964808699193
0.2575265655123687
-0.6965230398816026
0.7402057191470869
0.6555701318833678
-0.6675282036605727
-1.1991486896772119
0.5524014220860509
-0.10992813267864515
0.45608629045152255
-1.1978032541077483
0.12112182355174134
1.7331626546019356
-0.07842633515037298
0.05209635962252659
0.39887898572535413
1.9623926126376596
-1.6550597160946652
2.2287656587819975
0.6420231799383784
-0.9968897173104659
-1.0775987764315964
0.24745455253323725
-0.8149521127106195
0.036276695643329616
-0.3683414143019584
-1.4838996412080792
-0.8695161463960043
-0.6687284411349108
-0.5553914137905854
-0.6211438266001998
0.07422197519378441
-0.21253687849467348
-0.1585142420601201
-0.6572688562820341
-0.7199207301871735
1.2411201209286369
0.7339842037527224
1.222160589583508
0.7233860103919296
-0.8072232158266753
-1.4865007862263384
-0.9493719433689118
0.8164419267783569
-0.5939100665248037
-0.9023894445505238
-2.9783474271009407
-1.3737209786115103
-1.051128600859953
-0.043985612962599153
0.8132743552215559
1.3168972733095354
0.36116992646501345
1.523605860015172
-1.0289030480154768
1.2044509103457406
-0.25958394994562145
0.5506099768850955
-1.6694901150496222
0.2379100581965672
1.4391201397943094
-0.7321808030238757
0.7931197072862446
2.0950797912927888
1.2850690207299873
0.776020119483217
-1.1409290990476408
1.3731827990247807
0.769905157056254
1.4872217279801319
-0.1530925121422712
-0.45092585066967944
-0.6315793578672637
-0.3383354468288329
0.1741957156845107
-0.044723989558633354
0.9416634942551253
0.2809657713961521
1.305556384249951
-0.019765925724593385
0.9732305908157765
-0.0698662099804114
0.49478947077232327
-0.21898123357376678
0.13804815858849173
1.6209365500529347
-0.2591661341603639
1.0221001278623372
-0.341301536449716
-0.06237729753980559
-0.1739588282855277
0.3804128663939841
-0.246094779833506
0.09772845475550225
0.1731920678832499
-1.4118056627463123
-1.2471972565877498
-1.121345906998835
-2.7736415835427013
1.2989319388598757
-1.6549199730303092
0.8186970692872388
-1.585836446048544
-0.9588835264970459
-0.5906175935557239
-0.5660633346763845
1.4277248446162552
-0.08968390693661224
-0.0614455130069766
-1.013300894558648
0.4731942953121045
0.6694570902755848
-0.37609375635092374
0.13035929908842242
0.8443313289501423
0.03759233979192534
0.7793837374845751
1.1843780100057961
-0.7589433964136044
-0.1648447221996288
-0.06334693139959319
1.0962392090817143
-0.7010754473881381
0.5644703709505969
1.9822427206606739
0.20693675410608356
0.22921084692571286
1.2749779146834075
-0.5279637509526571
0.6620268803642697
-0.44428353798603853
-0.7469711385759764
-1.4163545613449033
-1.3693354823521915
0.7162396307360883
-2.430195345515563
-1.8504691508173994
-0.08412562937012719
0.9008685482756029
0.8637154195004134
1.454244197780213
-1.3201021142085307
-1.2011192001739852
0.1341517331579227
-0.3047974391355658
0.17126250197948026
1.1847180491137181
0.27672878794422584
1.0268493792575348
1.583383867797874
0.4983285032757764
-1.4687437218396031
0.31871741635865947
1.0306958629504286
0.0015992111714175704
-1.022605741913084
0.3650205964426855
-1.1561987544282653
-0.33274213237660355
-0.6341670450769112
0.46670783269916033
0.7961290531353833
-0.3831684869475633
-1.5928675497032603
0.29693614135952556
3.059503640268025
-0.7090782620851571
0.08416230077430402
1.529955210481375
-0.21409139952689768
1.1258320275221143
1.081906819602575
-0.4735451486170923
-0.8500563168428479
-0.8158216606523493
0.4388962090438439
-0.4696160499310768
-1.5361934297221564
-0.5336907352183118
0.41345624594192903
-0.8097403526756721
0.7124126372873478
1.5158278100613696
1.3115593190932493
-0.9970173660886171
1.092022287982197
-1.2438061656894035
-0.4293531439552129
-0.408669430030329
-0.5615416641948625
-0.20370983667723383
-0.1959566572143876
-0.12226130006842102
2.317723247165426
-0.5082418037991782
0.4875989922151507
-0.3433845117200677
0.9468666060597194
0.3587418634852402
-1.0935992739996754
-0.13227358809849066
0.6160781501958718
-0.6867465483179092
0.48989818705502086
0.5367479153622677
-1.517192421895623
0.6417566113076164
2.4314649309727576
0.8919401269860476
-0.2404136389419187
-1.213713595189529
0.21573565630661548
-1.4164541780107722
-0.03748717144410563
0.8773480584375474
1.7070970071452978
-2.6804909026433594
-1.2377684138088711
0.3596861664185036
-0.43270201392389857
-0.1528233876111488
-1.3571191552555602
-0.34278136939241616
-0.05497421458865199
-0.05146680929930056
-0.6571619241326911
-1.0177216381176017
-1.0060669744480384
0.23589347204932648
0.4797447774968006
0.9528580057180938
-0.47461915553648487
-0.25031250150342066
-0.11355923922288072
-1.3865116023670625
-1.004405705015535
-0.510254596710241
0.4526639188079611
0.5769361917849029
1.3087579036497017
0.07514861267155852
0.8969551507251291
1.6268049139729164
0.8313100107707238
0.5036246938360276
0.4366007115021263
0.4430553704865069
-0.4082692215080259
-1.1997237992339114
-0.7934938232659752
1.7153824073501056
0.9250530421483195
1.4896161726474257
-1.1354883116488454
-0.7302737699394737
-0.6838146492535828
1.9413685766502398
1.4530112766507215
-1.5145382532089948
-1.0031535938191773
0.8627296957042034
0.4079016471251875
-1.6315901115188292
-1.6762088060829246
1.4541040796240121
0.4202560078343503
-0.07044950266434878
-1.3963561616172329
-0.7837483810580279
0.0231556434807263
-0.676670979066599
0.1470664821824593
1.3423567048233362
2.073574267485307
0.561207117272456
-1.5274530873905332
0.9031175589241967
-0.778894054085304
-1.67452827328883
0.34655130013924107
0.6492995978533725
1.451455006884569
-0.21654691386749778
-1.1182379400474631
-0.04605718056685898
1.5612168705705545
-1.1814123259076148
-0.9412752911584086
1.9104660468134604
-0.6480887130655106
-1.191854278217215
-1.8317136627517763
1.8619887514349536
-0.24147080540965427
1.3455402335683162
-0.2826185573922972
1.689064471436109
-0.36786634321849443
-1.0576382749615791
0.05705201958751612
-0.643603321262408
-0.8234111660148883
0.7817454090924032
1.1056030318038121
-0.5128111844790382
0.002749293280164424
0.8015430420907855
0.20959917383664337
1.1678524771797305
2.07842030725201
-1.489729516727557
-1.28033504333197
-0.959357960789861
-0.1663420730449601
-0.5100254325437944
-0.01862382313157009
0.9177736655591759
-0.12441073397054064
1.659941513689376
0.5200648801107134
-1.0925881097350016
-0.30310389966720547
0.9514336820908379
0.33702529223024574
-0.10852509970881916
-0.49564501501373365
-0.7227199758169045
0.14247122993203626
0.4137254475577229
0.008590169296120954
0.39100090707276236
2.270231752917373
-1.1288621517747266
0.08792967842225992
-0.3245214171789703
0.26752392262232766
-1.247149710938736
0.28143022107700044
-0.011739986959374749
0.23700574688369316
2.201713942427113
-1.447833014278211
-0.8766065816219474
0.8236674348081063
0.5359346571634174
-0.993109270256033
-0.4655610788100704
-1.1830800156439245
-0.258088912402331
-0.06711473252045679
0.5599513831747029
0.7883941725798786
0.4588244107929497
1.2754090053748335
-0.7362406349430337
0.20209720701667389
2.142730208177965
-1.8407432347621235
-0.51325942734963
-0.020606870832529017
-1.7967635356306881
-0.2714096587167999
0.37990061768202027
-0.7531410342199379
0.6240848907987475
0.7212183808926256
-1.0837962110987776
-0.3201620782852504
0.6184766618167578
-0.14447324739173342
0.048211455810592184
-1.288730039643957
1.7528167031472373
1.5634991095229265
-0.4104904854387537
0.5586747141776538
1.3190310348965015
-0.6430194056884014
1.4224444672959446
0.7941226662507441
1.1660613702859668
-0.22218587589202554
1.9404385802580724
0.33808329586033314
0.03879197551089598
0.8050932241844031
-0.1254497899662012
-0.8245372191318906
0.5824014816805981
-1.160112014228124
-0.3881605890972893
-0.976631828029484
0.6613318015627884
-1.1855918115810835
-1.2597176704746433
-0.4765825861763078
-0.9200352959895134
-0.9881067567015994
-0.6835401245977736
0.11508874541244907
0.7458674751412516
-0.6611399056519641
2.0728959848315385
-0.05788750369659567
-0.689113555466701
1.094522246134632
-1.4930902299527904
-0.8333923838003343
-0.234179543877198
-0.4553629385048806
0.3998841517658238
-1.1594310541241462
0.47884314313621384
1.2273209896124535
0.1479632016732697
-0.1907733874009366
0.6708332883469902
0.9859859039576194
1.5669227854334795
0.2706328260363016
-1.3029160856969269
1.1333645741452285
-0.14298726395047018
0.3639122597736661
-0.2468193296867746
1.8609972335705312
-1.776105878934614
0.6147235048566744
-0.8673870231073703
2.024042933130598
0.08498335658506576
-0.7525909493449952
2.244666634138545
0.42993066126140644
-0.3308092923354146
0.054058391696970874
-0.6457043626610096
-0.041740739531148964
0.32350257432444235
0.15661203293283685
-0.35222939862916774
-0.03944003711044537
0.34891111408304154
-1.1928319181147853
-2.238421821768709
-0.02658562147081373
-0.11844552794893552
1.6983962162045736
-1.0496239882707823
1.5480875228062525
0.46264168264267563
0.33251687627835497
0.1776926193588966
1.1054812637348386
0.7065009627583526
-1.1045337943258178
-1.3064864193296195
0.8544352876781125
-1.2339020459340333
0.1257770121501346
-1.442171886140277
0.22111503771989108
-0.5408155470473021
0.2778918405717559
0.4442154816473746
-0.17705396990236083
1.481887528992227
1.258346452034405
-0.9182469309716125
0.5366031944697979
0.6071976698822196
-1.2567886638253805
0.24837047756352967
0.9389610151990255
1.7080100903107307
-2.051029779954984
1.0810378136422834
-1.0008625454870221
0.8604802533603035
1.540480531269493
-0.5084730905684655
1.9156515127889098
-1.0652292565476895
-1.2972491059432067
-0.26594522930807235
2.0434597030888018
-0.06471159245329418
1.301784980443883
-0.9819758141706236
0.8813384357215486
-0.7089090470970334
-0.49865600653258596
1.2871278443223888
-1.33963142396672
0.17447992343528804
-0.07838616045920585
-0.9816573783407883
0.29417736850588266
-0.2871193617725316
0.540897771299578
-0.6057464865621218
-0.5804901074296028
-0.21388233653965738
-0.4089634112611577
-0.9076253203920366
1.6531735625473407
0.40828872311736447
0.06436065551130321
-1.2847659934861413
-0.2703084233009494
-0.8461953480380185
0.31117473271592117
0.40800892591069743
0.02469629680018639
-2.003781298814533
-1.357884383514632
0.2083707738548962
2.614016988127723
0.768416482026943
1.4960300343831325
-0.7215586221002258
0.37773866163503866
1.068703206218267
0.02700833259064197
1.014237318451593
-0.07582907573426104
-0.9029492863309704
-0.517247955816026
-1.1182567431344081
0.572308349263361
0.6990363946914144
-0.0617662535808053
-0.33700756287211264
-0.8469700458879247
-1.5647836762088
0.07687150446322975
-0.09207022891761976
0.6791143661702725
0.8598387380495659
-0.34425335511361005
1.2878162229537833
0.48905657269863223
-0.9141565750354335
-0.5124100245446345
-0.21648772656875817
0.3123787251830421
-0.2566852786749515
-0.8439319369872083
-1.1054035028543117
0.6096107308595291
0.9639230969878122
1.3577131056536265
0.02605675381735914
0.6208734691687847
-0.9292679286978598
-1.1518598980404016
0.15601173950515393
0.7050593652033746
0.7960421809207117
-0.12942986791415628
0.7955854698959649
-0.15121401549516453
0.2729167676951661
-0.06156329181903566
-0.15963806927993682
-1.6598487317027146
0.16858219982113556
1.350494125431126
-0.616017088305814
-0.9637693288240017
-1.4352152764100874
-1.3731408613852618
1.2445096243543616
0.2737254176202729
-1.1309716220134165
-0.005069220122380597
-0.22717248337854937
-1.066321115406672
1.2423899738323554
0.7166492576710287
-0.6609333207165792
-0.6269607114264955
-1.0526397120497826
-0.9160239792890325
1.478342734249397
-0.288629274553353
-0.5002592577867072
-0.36116934027850756
2.389840162700711
1.0218595862028819
-0.5222923328429847
0.3809412723007716
-1.6020866546754047
-0.07463897785445833
-1.2403233124412554
-0.040610982665588116
1.512891110190505
-0.819429245363153
-0.08724444169632292
-1.8901268561083662
-0.4873844024755482
1.6021432898303727
-0.9101964318835534
-1.0102847575996383
-0.3516166899936496
-0.5975067466690819
0.9304551977160024
-0.1598200684373143
-0.25109318428684824
1.6156549301920773
1.1652250706978862
0.8457947882417803
0.34934384116265266
-1.0682950886188356
-0.20775725218678498
-0.7730023908692227
-1.2212621716742336
-0.5758859081050761
-0.10386888371208171
-0.37258990352933163
1.502273794717145
0.23539857459461505
1.1561459008526689
-0.1140266170673843
-1.9278513901577412
-0.5107573196416899
-0.1462791161872434
1.1663622232606758
-1.7093514641209075
-1.652948088719372
-0.04390032479439814
0.3161258142320904
1.6665523320275464
-0.023012588810955935
0.2532042839327806
1.3881105591253922
1.0343146941773038
-0.6512907174214373
0.949628857972426
0.6522092090631598
0.029805645492604747
0.07736206390440642
0.7001711122350509
-0.2573909918745828
-1.4290055063053164
0.49969853142376763
0.012665983151480653
0.09909800749559158
1.587434181784984
1.1650694097860126
-0.18964638361524203
1.1480882155483014
-1.3068396272234504
-0.5572478294406603
-1.1066043441402593
-0.3014193733615205
0.013127808472844041
-0.5106104022220063
-0.8080070416662058
-0.3687282098721797
-0.20297742359630552
0.6746129303309367
0.25071384390383683
0.9967294665646564
1.1178258555801874
0.5750026230359598
-0.3308430752462466
-1.3786996258651956
-1.448942667447838
0.5127761209989046
-0.4008631744294386
-2.8337949771747493
-0.650134068962583
1.0238094988855004
0.6813144567936256
-0.3634127131704731
-0.36274479982461727
-0.0633227542357443
0.34935273405619827
0.6389183534188133
1.1132596113432116
-0.9188220789951684
-1.4546570939904033
1.1247229380787327
0.9821411906459504
-0.9823766915505707
-1.6629735691035274
0.012385768522092682
0.7444721126704285
-0.5504590468892122
0.5919137437250971
-0.4391362892718471
-1.2273813746684792
0.4041688660766085
-0.1903576404992171
-0.8938362460816042
-2.2262884835119254
1.4574918072736107
-1.9976629000465542
-0.8022813967815449
1.3734849455755644
-0.2896663268664941
-0.7839195309746908
-1.1568657910528604
-0.3302106385370236
0.22388179286881482
0.23075204165209645
1.0443399670619689
1.553640197950923
-0.43681456554751885
-0.44927388581667255
0.5279647079929434
-0.6994873779546356
0.7409097953802589
-0.03709532394013888
-0.3332094823468204
0.587023044045805
-2.0340739023069676
-0.09675320021246409
0.9690779480528666
0.36920473434355977
-0.06098153523072823
-1.116795970681747
0.33322886879867986
-1.0636923536717124
0.9992148912974156
0.018390146803149637
0.9729040196034238
2.2745925621712657
0.9238519723009807
-0.07915044885709421
-0.10358549934035934
-0.49284881963996374
1.066424731846535
0.35102345687568187
1.488644130721817
-0.7742516648647293
-0.7037649761321271
0.6239006362730074
0.7096003161248838
2.021477662802562
-0.03441404119714383
2.2673379702636107
-0.10697404806417904
0.22273044656788504
-0.09939993606578022
0.39197592392850966
0.5031158045874065
0.9713330485882912
-0.2572523811890067
-0.07794030725582804
0.9085233817383278
0.766220761489
0.48128086861479946
-0.7549143084083803
-0.6996876860933888
-0.23706849069430985
2.1652980194541627
0.7257656828979577
-2.521884669788259
-1.4257753330230827
2.1838147928977723
1.267991554037235
0.3905101526131617
1.4335827365857652
0.31453285252917185
-0.4127187486955709
0.28518980931677484
-0.019660556668177894
0.5385080224076965
1.006583059832437
-0.13803209774791378
1.6017464478217454
0.8813688568407085
0.589643716956156
-0.5037330273671703
-1.4870404006983073
-0.12688546859405364
-0.8944621835377926
-1.223885303976291
-0.9226644884022017
-0.3098654936545327
2.098817550193769
0.11654277384664066
1.628994621712828
1.1941604759727613
-0.19106672625090904
-0.3488644566593096
-1.2039525270861597
1.804230119143608
-0.23564308126474026
0.37782825670265185
0.8304616821245204
0.9182123033981546
-0.1414345143190563
1.177883142988022
-1.5982476935414014
-2.274982778999408
1.4455383782390747
-1.8080255924188577
-0.756274295135069
-0.21344066952802315
-2.357688763562113
1.1686464796573452
0.2721491100554579
1.1193075782156465
0.5607462203389701
0.508307190776506
-1.0238625643715824
-1.204759878199843
-0.617107060448823
0.15737349460827424
0.6603756879939965
0.9804725480910131
1.5461164477116105
2.0727500342903764
-1.2145011866039286
0.2427651803711689
1.5541959139652746
-0.9694024389979603
-0.7736014256447685
-0.03281515119054666
0.6950767592182607
0.16158011385110851
-1.1859812042897864
-1.4271479335185329
-1.4984905783128206
-0.9796127367117682
-0.32629737318103796
1.0284649843868787
0.021192221291080136
1.0891719669827082
0.5690693070041641
0.3134735450832312
-1.125801585634434
1.298395631617829
-0.572570740483781
2.516215690624401
0.7734021667065856
-1.1258328156807995
-0.6928430479772514
-2.7440920584380346
0.7358073201358589
-1.0063387613291783
0.6275278187343525
-0.8579175804526163
1.6531437553434882
-0.180410908655324
0.8379114933398819
0.2959192670239355
0.7411717882833172
0.5270858549837636
-0.5475223997416382
-0.8390606667473285
-0.599224428853248
-1.906910094527166
1.135184209096816
0.029299683136250934
-0.8471626899027793
-0.09635658126836587
-1.8912902220681307
0.6622009487395311
-0.6498364028895895
-0.014801213004529572
0.7671109749498486
2.4045869068444703
-0.17005568860176226
0.08785232360342432
0.6906066043239508
-0.5517934462565431
1.096780888653805
-0.771912226012128
0.054491073348126966
-0.5232441333681809
0.01647782122548286
0.04216428265827387
-0.6661141903704828
-0.34481414449007947
-0.20492294017874696
0.08542775979448311
0.2894448420004076
-0.7000797335802417
-2.162995311018088
0.47550453454767905
0.8782639148714502
-0.7040865816713705
0.6442497264821498
-2.026510623406586
-0.07218697959150101
1.5865584021538433
2.675750207418644
-0.4887113215111266
-2.1616966945648053
-1.9168794058325875
-0.5314332352222413
-0.5584979882639297
-0.4307884553437344
0.41715012219632247
0.6818066875313159
-0.3787484724044263
0.2971162118484394
0.08118497095204205
0.9744918105936281
-0.972709805945133
0.6753756723685368
-0.37094970807541205
-0.41662111892913134
0.5735174550461002
1.1975923652337925
0.06707616355550075
0.09864172770045414
-0.496950492371257
0.06871454322556798
-0.30753961341968195
-1.4281865068990403
0.8552309902791722
0.22192077846444877
0.4984723054569428
-1.3999189567558117
0.3656541256135229
-0.6075625236528435
-1.4316206017705226
-1.0331765410922866
1.2572283680100833
-0.929656290234326
-0.20189064510802027
1.2574400587381906
0.1160383675516495
1.8592846507032825
0.9185941702245319
-1.4474869746504773
-1.1951486141753094
0.6447877803623312
0.1800696126250193
1.6494816233592948
-0.0141929714371205
-1.2436829288641587
1.4675026770718798
0.12891535802396276
1.0885778670388957
-1.9304369916954107
1.9725325429718048
-0.9011517237256501
-1.0997945818563846
0.48799979698752227
1.8870623911337916
-0.4328434427049814
-0.18172091828931933
-1.3270630286507308
-0.09243007749572472
0.44434355699249756
0.26902379397123377
-0.6353416866316238
2.063717983259741
-0.605181021968331
-0.8840855191964023
-0.22550245671660837
1.3656509045427432
-0.8188256471617208
0.22992741499537322
0.16601284065314423
0.8846443125755756
1.455201885771114
-0.7344976514525449
-1.2887472047910529
1.05646025160371
0.09996077998961754
-0.41196947557865643
-0.9022887469495929
0.06912250720133668
0.8562536504283281
0.637552930375804
-1.8119149408500337
-0.6680284902208092
1.5699490814799146
-0.3557655542153433
1.6668758783073485
-0.7310321657612999
-0.6092712907807647
-0.45820013847160107
1.7298964925458882
-1.2213053845955135
-0.5533615301259159
-1.0721925029828963
-0.4146829694781246
0.9687294499735905
-0.5848294203880209
0.22607662041895563
0.1829784281712659
-0.9330628369963221
0.9095520877276763
-0.1366202268776739
0.5153702614194126
0.5185145043964646
-1.0668651158219984
0.709572291150839
0.5409571389220378
-0.7002534765965097
0.9760065982688985
-0.866522180534429
-0.31356261896634985
1.700216545139179
0.7948822401801797
1.3263338659122503
-0.41273321633222604
-0.9896388306894378
-0.8299130911021989
0.34752639688678455
-0.9148688551852812
0.7414167793588264
0.3139831478528153
0.48672541978391753
-1.0640035961652234
0.21530172855709998
-1.0446617747986662
-1.0406355898943793
-1.0910895355246113
1.1159958820569982
1.9164150211699778
-1.1037769961270196
-0.813191138215628
2.222185452598731
0.8631268755642101
-1.3038134359229743
-0.5495481143509586
0.10591606631196296
-0.917632424220369
0.47597871954235815
-1.347376547252916
-0.4212563794547802
0.6856225902596339
-0.5463547223236692
-0.4924361428895073
-0.7025566379323239
-0.06467573305056958
-1.1627784901849256
1.6500468239654411
0.47008398877451485
-0.8838586099484728
-0.28852653276123763
-0.7396873499577457
-0.28452887712885366
-0.0918697197795286
1.1062421193041663
1.097702668079865
-0.3983442078201056
-0.45265993749975864
-1.1357317151131558
0.39186538501993023
-0.1281829497544892
-0.49986578857935404
0.6838536118369225
-1.4414896846453988
-0.5069208438209468
0.1753125125150881
0.1975429420211635
-1.0135735940074415
1.7926269174931395
0.24256990579740004
-0.1771496531109889
-0.009109452343297329
1.077812874682051
1.5659761272548456
1.6495044359753497
0.619435371644143
-0.844551661755815
1.1748408819772407
0.11655473868507998
-1.2201859464721432
0.9849340687202056
-2.3816906475809376
0.67251041939316
0.4768547673392642
-1.1117969443211833
0.8069717955770199
2.599940443190147
-0.4009171813231677
-1.199178599355204
0.09846569253947779
-1.4307498686233504
-0.006707393304198612
0.2803234600993431
-0.4238172795194088
0.23402744128443376
0.6674305151921498
-0.026503358782468952
0.9000560552697816
-1.8334653608163154
1.3569074361953728
1.3175170551570834
0.13754583980260482
-1.6151793224117816
0.15706016429344163
-1.1943947346095973
-0.8033570659964546
0.9436220619297043
-0.3915535792404632
0.3996345095110271
0.34994303066371873
0.6542186657954128
-1.2178273756096671
0.5334729367327526
-0.6783348701670846
-0.9100840786492336
-0.23789063884527095
0.02896113457064594
-0.8062648158045793
-0.08307797298743885
0.5530436896546597
-1.127883896458307
-0.016863722058825668
-0.1971789527596919
-0.059534360456293935
-0.06100958312115219
-0.9238536602306628
1.0857103477289891
-0.2714055056713185
-0.3464138667486831
0.5534452733939004
1.4772194596066726
-0.8475817503889517
1.8531093607535682
-1.5333969943186334
-0.5934645463157738
0.9439260883643505
1.7635543648937606
0.4832883835025348
-1.2364688627209737
1.1552082392421523
0.35350492192135285
-1.5270233870518393
0.5383118089370684
0.3470284945034537
-2.2237266781235503
2.3827425751958096
-0.45496218963230883
1.6758471916826414
-0.00675311114807239
0.8912946333998445
1.3298269717182318
0.7579412363385577
0.8272821245762558
-0.5015689164471586
1.7940027287756073
-0.5410627083215404
-1.6734322591237951
-2.2928093835152645
-0.3857698063206278
-1.4371400896365434
0.3116760405952757
-0.37760053403008403
-0.6477008664761539
-0.019617000929401492
-0.6754313231494662
0.5980133175251603
-0.12382795090569121
-0.31928785500869744
-0.7769896466350745
-2.054873918344498
0.3552968796298561
-0.4820390160587316
-0.6738383081758121
-0.8850670711920191
1.576486925125673
0.11516594360978709
-0.26414262341470934
0.5271762507918843
0.6933603913157537
0.5818043175710326
-0.918086394305753
1.6655760241716004
-0.002999410841562808
0.18668380853088035
0.6033480027291384
-2.387749133950618
-1.7243642468543603
-0.7333977395665692
1.2408226045994033
0.43084895173367255
-1.05008907373496
-0.06278377843323306
-0.20582109405397633
0.058930118738919415
0.8092862059589245
-1.4928594871978418
-0.5500740186916018
-0.1264245430488731
-0.155786525819244
0.38420632071033733
0.9324243203714471
-0.09503807792716537
0.1484114578485033
0.2800755481199752
-1.6064616124204933
-0.3353110114903578
0.5603280787994314
-0.930248941184168
1.1652790334571315
-0.4264419469636506
0.05005441082889339
-0.48972337056410553
-1.5116840971973815
1.0293785357704834
1.9808686599222296
0.3467330586961372
-0.1282549578176387
0.6973291756676753
-0.0004688373624947632
0.1910432783609729
-0.4193633079137287
0.025770336445004635
1.550397595328045
-0.6103695105656424
0.26367470151795636
0.4232509366873882
0.5541097067424174
0.7641595407601072
-0.39101333362388585
-0.6500730429609853
-0.47312045776317063
0.42168799061836265
0.31629923767850354
0.5634680469187033
1.8240804836198443
0.540587543032932
1.273202882229988
1.565938160446391
-0.11477903770180972
1.1136951446105112
0.8617335133849775
-1.2772077338325385
-0.2582230323505157
0.47914612072278895
0.28767797743391055
-0.8665276399412689
-2.2265754840926935
1.2024988047032972
1.068382482324087
0.31069545660455544
1.3739988272736765
-0.17923005426500552
-0.3582304904568697
-0.9142022326947381
-0.3233245559711877
1.4533557130361328
1.3793264835050154
0.8579577504735942
0.714381919651739
-2.068017885352572
0.9407437186249513
1.6328723313694384
0.012301240719116644
-0.20832479603598614
-0.18504004223959958
0.23846130734629256
2.789184753456541
-0.7082809721972562
-0.7260482261067516
-0.8521012041661445
0.3795401064090527
1.0477976566874057
-0.9845254973628903
-0.8449826646923728
-2.96429482398424
-0.2737132429156105
-0.5773567746125068
0.03638100619964972
-1.2630714802285679
-1.1340065272482536
1.4704307789633575
-0.8767699600329766
1.267763566539824
-0.20118897150059056
-0.6234022449294586
2.8603024742928884
-0.2803762374973047
1.075737504699149
1.1810277887596075
1.1843470925352995
0.1216241328479264
-0.960955911106688
0.2743498407279652
1.7342674974149583
0.6022400725078656
-1.8189042033040257
2.7484275127725386
-0.49832939140512017
-0.5295440706317209
1.6322703390657136
0.27663999253009114
-0.609272685411656
0.9980777329278011
1.676680449766459
-0.44707761729752443
0.8589209329842753
-0.37437699940886837
-0.06869564389808878
1.1846314693118725
0.22352905513651458
0.016062208662540076
-0.8777219746252245
-0.2853651768828021
2.0349641638580875
0.6662218788187684
-1.076668286330324
1.0779651967328157
0.9096572457642291
1.4050349428883087
-0.6005277288884224
0.5685209425642488
-0.9594769127079349
0.16416087705258836
-0.4821073221609605
0.6953696056985559
-0.9317229080035772
1.9358315930513208
2.6210323674729463
-0.32166807579407247
0.1446089472709615
1.0567799142536922
-0.10864222369436652
0.4448222921733684
-0.3781161677698347
0.2881294947424328
-0.08504964728766642
-1.1523982723286434
0.566406018687741
-0.4437942853198972
-0.419900360411276
-0.29510393001623414
-1.1320859533231893
1.4821223541040596
-1.4538635336349544
-0.2100200236407998
0.5757817059180202
-0.403674423241025
-0.7090646299583985
1.8671786015344962
1.852636177254614
-0.03304890637581354
0.33420654582824616
0.805388336397332
-1.2349551159442782
0.7342988909689961
1.8531784844579369
0.8163858273888321
0.4541373154681905
-0.5637369100345602
0.153779324783577
0.6464146915800938
-0.11003730700239443
1.1386825599387629
-0.7765367148384428
1.5067449332377034
0.060457177524214395
-1.6240872638459836
-0.2387844037182675
0.49871730162972283
-0.33073498839434934
0.6542468829618968
0.35119468254420155
-0.5272262451851093
0.016097920513157636
0.8652002386544588
0.06726007198551295
1.6303372739396895
0.3420998634663781
0.9483445331898731
0.27814243165767844
0.5199606963860882
-0.13191857323240877
-0.7656077359870831
-0.0580452647306262
-1.3258311073869358
-1.5391831368149043
-0.4003249976185186
-0.5550057261528826
1.6903111466097476
0.500527316576978
1.6594341842122364
0.7780927382350765
-1.2788744017163407
-0.15646748945042976
0.5856830057555683
0.764706640853521
0.625399188409205
2.409549069518086
0.007042609298289366
0.6710798269012496
0.13920024239121154
-0.8605995957165445
-0.5996138416521554
-0.2857572670607129
-0.570876000212461
-0.8141875339376234
0.26378665387637656
0.8670572965799652
-0.06180433453572444
0.9520898830083355
2.3775355110769345
-0.9784106177037105
0.3070251620354893
-0.33930624662464254
-2.5582963866028883
0.4910152787613702
0.2538511737869032
1.659471839213907
0.2715720199861036
1.426484699258252
-1.3406387175843089
-0.6188653994486911
-0.6250394750596854
-0.7308888294740775
-0.25305755225037935
0.9747010260356777
1.712765614442056
0.7773608236586512
0.5766807275613881
0.6364149279401374
-0.03587764924822309
-0.7358694103661441
0.04634541357562343
0.9146846861716377
-1.6629330873712194
-1.4138929794920225
1.4970818197068199
-1.1720027266559638
0.1773330019322564
0.8522640094407566
0.14494180669202375
-0.639724413519537
-0.4668398586656789
-0.22761418248870371
1.4220932137584803
-0.8697409719429564
-1.0877844274828528
1.1900406801564811
1.0480656838593554
-0.6744197455646489
1.1089351392205704
0.8944163489450965
0.29887144907779417
0.7417076540274408
-1.0817332125671848
0.9659261502561851
0.05825948878322506
0.6601956566398688
1.0230891303823437
-0.9852198462476117
-1.9245633863025684
-0.7783485917592636
-0.5719884857369317
-1.0507346297125293
0.5611388857605444
1.4082380812141453
-1.0216226793212557
-1.23685869168246
-1.3120295605951477
0.3638339388728893
-0.1585652986507803
-0.26430570007228127
0.132850848444316
-1.0004358446519166
-0.7440031221403486
-0.4387990682644616
-0.3395297601220564
-0.8198675131231333
-2.3051531276721016
0.6400324958540141
-0.33119313501991665
-0.5190365524439179
2.5463312385273653
0.22084749802752088
-0.2014369556231415
0.1950506850341445
1.2560899217745676
-0.06203364028185065
-0.3723911899396886
-1.4490432473695956
0.9555703922899857
0.5649244312577615
-0.006651610059128056
-0.37308750450926986
0.24177452765142923
0.37051561547058703
1.2451946589914582
0.2820275613630557
0.3754877414243115
-0.1779489992694205
0.33223263118983337
-1.1225743850719652
-0.674821244676179
0.029500384014877406
2.348995557082631
0.35045497120160424
-1.5504630493580764
0.020744557291057866
-1.098676133091646
-0.31412646969734637
-2.1959264977120525
0.18116295061647716
-0.26444944199149867
0.7025844719629301
-0.13929153364480235
-2.015907127786336
0.929254775742176
-0.7483222063208765
0.14590924240834977
0.3904647114089624
0.6745895407051081
-0.07351859387365958
-1.3057832181341766
-0.3871339187439717
1.2026658274427637
1.6343353627343384
0.9847998439366518
0.18874418644653837
1.8309670578942772
1.369252536775912
-1.8265952665303824
-0.30887892026495106
-0.5664311906300377
0.7065063232728213
0.8897296877749921
-1.2424679282732147
-0.2863016832617593
0.2370772343180078
2.1016042614284736
-2.0193476191012794
0.7741876606714871
0.8725281024400882
-0.9593805926183744
1.6413395540388869
-0.8456347013651048
-0.21613885074814468
2.1129288345040123
-0.5991360833652403
0.7751333948055886
-0.7738948499214343
0.6182447654346878
-1.7303045235086745
-0.7110573417517253
-0.16327715113369165
-0.7116295239250713
1.2729123076160889
-0.5374623490776578
0.10275935430533102
-0.011282985809299187
-0.5813583794761301
1.4388878199242936
1.076502102524698
0.07653569384193978
0.46953445324309423
0.009883403580852802
-0.29426333347608563
1.3080445152057176
-0.5906838269128311
0.28609562777943714
1.0053844154407927
0.5235779569195264
-1.1648636063810325
0.2413231358702108
0.9134694358823413
1.1867076353379076
1.2196759183630457
-0.9214749205474411
0.3642140475247452
-0.20500660254133324
0.07925198233725596
0.5813445857492053
-0.13748488013180338
0.1030160671327557
-1.716994297155553
-0.6679668207021376
2.0844377362230193
-0.5877939969708096
0.39451060558992324
0.2093078102391613
-2.1009407663986783
-1.204132492947732
0.9960160829228396
1.019555029830362
0.3735276418664634
0.7197038418435007
0.6665436162340971
1.0793368293777295
1.2927530660514432
-1.2364279643553113
-0.17401278369040815
-0.23325668196310378
0.6959313670178857
0.2778026905454114
0.30416562652623985
0.42076250253212394
-0.0017331930237874818
1.8522748371067892
-0.5861861205882227
-0.6297081158727394
-1.4459545641977438
0.2887491458342101
1.5111705468160919
1.6230582567491438
1.4537151130770916
0.20914037712685252
0.9457305809777755
-0.7250116326036234
-0.050528864790681555
0.8423294979885357
-2.5648478958948977
0.36525765092527956
0.2683378720404658
0.7827929195056967
-1.1108432749510977
0.9740571743912437
-2.306528411450635
-0.7010266198076368
-0.928505096593423
0.3992299041805388
-1.2368513318384708
-0.0017163873525184144
1.077102184522474
0.3690913676855467
-0.3768454405936698
1.144723255712975
1.5830832990628667
-0.2884838284710867
0.02872649187323931
0.8670264646696338
0.7352389467177226
-0.6964485136347014
-0.515531052476072
0.5652428102565847
0.511964657996211
0.2875366172486733
1.0200479734249688
-0.8022960504451899
-0.5348126046625423
1.2416226427980184
-1.0254104412225051
0.72010008441774
-0.1295187224683902
-0.9044455873576369
-0.34273277120249646
-0.480718040780201
0.20088023117282822
0.670167411125359
0.011108075266029407
-0.6131700592269355
-0.604361286566627
1.5725915141809919
-0.6048224791386247
-2.001724299273789
-0.6659557853969985
0.023655438771279215
0.29786020099827965
1.0518849976146003
0.1510643837609951
0.38136145439637875
-0.8792547291162909
-1.070027234544486
0.4718903033492418
-0.8128293534814401
0.5432697081429059
0.7845847029283973
-0.29407860730859353
1.273341286957069
-0.33834597675587097
-0.06096832895896327
0.5955422812099181
3.295888821955583
-0.36888200612081845
1.455425920280712
-1.8883426079215346
0.35327331548208096
0.8463563629948908
0.4838695157327242
-0.9827460554237409
-0.4618120489585995
1.6487916840213277
-0.15835923121290083
0.09665399741591146
-0.027029801266505706
-0.1556405117040752
-3.27186517069711
1.5619340859035324
0.3978344936750264
-0.1516750844642731
0.6352142444781684
-1.088298095089377
0.005855606026771016
-0.15909322539108087
0.7868834071888418
-0.8948832518270469
-0.9161933059972884
0.612944719401006
-0.05338205545413713
0.0404578771551496
0.4968911481225982
-0.456627644529322
-0.49123093310746807
0.02749891563092527
-0.4622171218702962
-1.1463875647075064
0.7640120218697823
-0.28873050223950275
1.3053013926296686
-0.005590415129799483
-0.15798475267255302
-0.4370535703233158
2.3504849675149595
1.105741088171198
1.238049917656417
1.0108021332242687
-0.22216701942350517
0.4497528811694733
-0.6684665375941458
-0.1341248433214117
0.029168852862508914
1.7649237126006043
-1.0294417953437107
-0.42320505764618366
-0.8288462599932179
0.4210216583095307
1.8340895228055147
-1.5950416291837228
-0.44202322390140436
2.3952374336254496
1.0501013932135936
0.4097562768036645
0.42189119124896207
0.06497572392110092
-0.4039137607193464
0.38527285980622217
1.1140362972113718
-1.2704369491142562
-0.49695175668447467
-1.5701178750413858
0.6177526955415931
-0.9865605789565574
-0.021043196823485873
-0.6281946786213555
-1.0603519927344809
-0.31239026193344904
-0.011710966356326395
0.6697724721594993
-1.7547882430239947
0.21914673443883934
1.175922991994311
-1.5992873784205899
0.6534735841607059
1.6116517952936027
-1.8430297001166962
2.535702711539831
-1.0892438986638986
0.73941301461517
-0.973773750274343
0.7420544828971153
-0.9289869680003554
1.0330159513577928
0.18764603385136894
0.16123461834665884
0.2941738506066391
-0.8590214955668936
0.9616285134362569
-1.8803298031527511
-1.6262730140388886
0.785776477659202
0.23641663175539562
-0.08173916468167872
0.6412069781064497
0.8092356092779136
0.4825576032074221
0.28864697185865335
-1.0268096548835173
1.5789423429761704
-1.1229796770341613
-0.9706265867442029
2.0455608791752224
0.5633735439604968
-2.5737319454779306
-0.011398216677832943
2.4217661058001556
1.0093501774899671
-0.24882078675461544
1.4510562925535573
1.448554243148784
-0.39970264444713227
0.16862125356523092
0.4919900662979914
0.9611089579831543
-1.3366326471023424
0.6389528244791388
-1.8079656916758626
-0.3755747140331012
-0.4706456301722442
-0.021448633371804346
-0.5295459234827419
0.3432445721957369
-0.40608676099829266
-1.1691448699490488
-0.0008704856469935578
1.0095751552787253
-0.6501233604823635
-0.7156442415493921
-2.183309292639631
-0.055043494027348525
-0.7679258527277879
1.568597379078934
-0.5876060035594027
-2.0322728232834195
-0.0802685205398935
1.0631761603063141
0.7728001491872014
1.1129089919950865
-0.1181960957639026
1.3467973401783713
-1.574871104125341
0.26605535528763063
-0.7108231184469601
1.7230359024264796
-0.4424313815792174
-0.488315610049479
-1.3360336524862535
0.5615876965011712
-2.0721981085188714
-0.36974123003216885
-0.8161849725168931
0.19073076856358673
-0.7032104126370322
0.5985172720594415
-0.02567304538897341
-1.4123416391044916
-1.1181678275609466
0.4156139775513862
1.3305611777290542
-0.37768828554897177
0.34168733314057675
0.7491358826019371
0.10805715819117331
0.33112139474717533
0.4054643469516979
-0.9194284564290984
1.3070097720820402
-1.1542068356053714
-0.3624812557690014
0.21075888246170188
-0.009561597069985326
-1.7203208674101294
0.4628413691725563
0.45057154117560727
1.0111606703601181
0.5891562698560835
2.379660232335923
1.8793184444090985
-1.6169595385991347
-0.02541874724288669
1.6962776910522765
-0.6410610345609342
0.214095548537646
0.8310369510465557
-0.20447017623906064
3.1454364356745383
0.9323472554866064
-0.27279753297301845
-0.1446297620067181
-0.16387582906955023
2.1536821691772308
-0.7929366457865716
-0.5893918862941135
0.25331382456095475
-0.11033583554126603
0.10706850760314356
0.28006475705184464
-1.8620401874355705
0.47495413589906815
0.4311909453377832
0.6218988767295227
0.042811548620724095
-0.11078611555609612
-1.8017831222739742
-1.7260749831662512
0.3205413867012526
-0.9378975912608667
2.061312893522345
-1.8956086596356216
0.4798290757757203
-0.21765312774981932
-0.5068680630311353
-1.8884120223805805
-0.3524563226400099
0.3349428798340706
0.8252502991073042
1.6098767499616233
-1.205620126888743
-0.6647594126435212
1.0386223098069798
0.3852536623257385
0.44399581354518036
1.7059962407314158
0.6562181092133671
0.8170504450224876
-0.1468752975416494
-0.8476434906320722
2.1023337087508644
1.1396059856554865
-0.4440593879900732
0.994878178201913
-0.744718713203364
-0.6488371139517795
-2.1748940716585925
-0.3053964157134797
0.7979161599638218
-0.8177587587577495
-1.6691479260604918
1.5589070844920028
-0.9756028675728107
0.03568910856484494
-1.661430736374799
0.42312757684397045
-1.292805251656611
0.7928585773532747
0.41589099891379433
-0.8699262455082873
1.4039264731942538
0.578030743147147
0.36180860083423966
0.09099560088819217
0.5328625674323919
1.0591055420980455
0.662064094229572
1.1122427890518412
1.5142598017071975
0.19139492468813832
-0.21977022096002258
1.402636808047544
-1.0079865319980963
-0.10573064483195867
0.6676949615718698
-0.564485671763015
0.647757518988536
0.40767970792822006
0.765780417731089
-1.3769510618907508
-1.3230512640735972
-0.2740234817244279
0.09642178778475073
0.9416923889494744
-0.7538925122843038
-0.1988890795559049
-2.073630082907186
1.7580822757666192
-0.1348971111590836
-2.0467361093938035
-0.19098963229186344
1.2545065226546628
0.16471200311046835
0.6244483160060941
-0.11828722642794261
0.2909370228310595
-0.916573857138931
-0.4422100429309382
-0.4993177986336032
-0.46255700835221275
0.18588266079593604
-0.4692393015125563
0.0669055204837723
-0.8009505211626008
1.385504847040162
0.8080978757556921
-0.30478575385193446
-0.04542691499737342
1.4120823440127916
1.8878981484349888
-0.9662522629316588
-0.26897666402714704
0.29251730031014456
-0.20490397239909286
0.4095621333014202
1.612699766143409
1.3450435755883914
-0.15017002963678835
-0.4436441148511345
-1.279612725209279
0.7994824349427786
-1.3783682632591037
0.6712613440389971
0.5063440478315302
-0.7551364523084971
-1.7195377160682872
-0.3236682921028765
-0.48941311738236204
0.9545685011497408
-0.16674332196558012
1.5388383296936876
0.09217055971592615
1.5138538677732032
1.912058618110977
-1.2779398765673757
0.8821472876654058
0.0487465787370588
-1.0102964731317352
0.0878627846496848
0.8183780719385944
1.5505540223536736
0.1686059064937018
0.689099897330475
1.450831037208085
0.7965783144880737
-0.31660661684410485
-0.950682868800079
1.1693240139692396
1.5025316528170816
1.2388659952050456
-0.5094755508616668
-0.3535962189912677
-0.4805740968802851
0.16772394621514658
0.6109512366803659
1.5927205369257607
0.3771055287606576
-0.2947030705707767
1.7051230954419927
0.9141763345066538
-1.219343994576968
-0.5302154428852858
-0.18749245461434116
-0.809103397084369
0.8061718803510992
0.13609196758064931
0.05327084142854503
-0.7528100410963782
0.5226743195379511
-0.31556401031104275
0.026604416721609132
0.0018832244005118901
0.6153402608383631
-0.8558087323106041
-0.8294211733673202
-0.9601177969746584
0.8527996829736056
1.635639936026678
0.3010068448371635
1.5926732596520015
-0.724415506846168
-0.06877847860594238
0.2785469264066215
-0.13204678494472388
1.1012451614227596
-0.4888984013810534
1.056238322435584
0.6263275670525406
0.8243648816718981
0.7023172217900984
1.3638463674753252
0.3563158257141566
0.3483731451912304
-0.40660541852156723
0.2890284595886043
-1.279124129865037
-0.04519720382325875
-1.731404683762133
2.169129073358285
-0.09634496274081773
-2.038527647567196
0.014326003619238484
0.3533909749093829
0.23939571597136475
1.5111873906419302
-0.2664846710909919
-1.3821769779432156
1.5576362419384304
-1.1892211173506844
0.26936101704907167
0.711661060819146
-1.8253397100455104
0.09576443673901452
0.3975161022155783
-0.9260173494241127
-1.0658487042125568
1.2947438837614234
1.3116665035747488
-1.3091407929315997
-0.6945210813903484
-0.8356274380677535
1.1075581069938707
0.6797509555900324
1.1155217862172866
1.0901029127758572
0.5830147970006379
-0.7300799657345295
1.6309504990276669
1.6794593224913543
-0.634291867023672
1.0018184078855048
0.18521223648117172
-0.73182812536924
0.808036312698975
-0.23428766577601132
-1.3224941613055001
-0.056365125466542196
0.2954880339270913
-0.4442693420820948
1.1301224732165074
0.0889932430691667
-1.6206326318334208
-0.7024557587969376
0.237927442743534
0.11551094837277584
-2.338728474001549
-1.0462842596414388
1.815838329888481
-0.11085570754061197
3.293698166057111
0.6176969070706925
0.6361242639340786
-0.35711063541971216
-0.24928625159719048
-1.01198073520076
-1.04665844115237
-1.4152975801813124
1.5367635307336176
-1.345047522373252
0.3541313698051787
-1.1593397105723704
0.8382348226983262
1.2350500428125013
0.0375066537437979
-0.28486119359398676
-0.804807102232805
-0.658524033744223
0.21502454718322125
-0.5034084275083472
-0.39081300662383134
1.859089447139442
-1.12285860889916
1.21930501349752
1.6288543276423741
0.022326403957344206
0.3224970641891845
0.03949789039119796
-0.7218377710289958
-0.45065766079933794
1.4892644542713773
-0.571531198841664
-1.6453812229466194
0.5955117305049668
1.1584204162617002
-0.6493979170263888
-0.32849907035216386
-0.2832512171032853
-1.1700389080219966
-1.978770965676939
0.6001874376099245
0.9781758826862652
0.8145696361352506
0.41106546270734773
1.567972550268093
-1.021312062983475
-1.1018679321338922
-0.154933202874567
1.6293172308802988
0.5352214378789123
-0.7158264085210088
-0.8754377386961713
-2.0310759425288243
0.6714766118662172
0.8117413356184666
-0.42712575326056185
1.2507535952751099
-0.6869596663843801
1.062846592334855
-0.18826588776852118
0.3489998966328962
-1.5457966853229743
-0.07767698988674863
-2.411254376889549
-0.21403253309806944
-0.582081591391023
1.5885781003328345
-0.20456633139729638
0.7795811975444017
-1.118881844085686
1.654465471090036
0.1538268534131916
0.16093527364574645
1.8225872722095628
-1.3898216071678418
-0.052221891192563846
0.2608288685270785
0.1967713547024532
0.4347528250943088
1.2484666940873888
-0.530079760858581
1.2368769478581911
1.5663824672137425
0.33172017441406304
0.4807498017732925
0.2776022794368104
-0.5394060329737224
0.005414634675944973
0.3566386624923095
0.1058743888652724
-1.1194993130581288
1.9665714574745392
1.0586734947512306
1.094149978328042
-0.594769363921724
-0.4029113461912655
0.16639199856515
-1.1477547052527075
0.13362051365051464
-2.5053840119559267
-0.6613880050534631
-0.01224388176764932
0.22201364093119025
1.5320225735256277
0.5444452422272905
-1.069206462094211
1.0529562863903497
1.3959710150543507
-1.334105789271055
0.10293782541344726
-0.3015231919476952
0.43428025833350903
-0.4297461025741109
0.16205371946057878
0.9036406501265151
0.22075841680884864
-0.6322713573845948
-0.3559569441428731
0.705455413012544
0.3037386512518613
-1.0522200791994571
0.12228084617723076
-0.7259481867492734
1.4279765953272001
0.0543433783343116
-0.8492716753211045
0.2867888163743171
1.2033394824951802
-2.6223594220754944
-0.5278930545012974
-1.2164511009507177
1.3715094337014953
0.8644113087280885
-1.9283517594038624
-1.0521396148564481
-2.1811964973517144
0.21425413266733617
0.36400664552854667
0.7418789083970221
-0.45473858678333234
0.6867826213873394
-1.062084744365803
-1.619194155496995
-0.8924070400737184
-0.4625700939873556
-1.3008818432500455
0.07266392593668747
2.966477408440371
2.2333189297740694
2.2761651774889256
-0.9405171792003202
0.4489413388398632
-1.3895346521883687
0.32749118342446665
-2.068012113051184
0.013055252547068411
-1.047076593192187
-0.21108972907160634
0.9807150103077
1.2081438844331993
0.8755037510159981
-0.5792490682772814
0.5810594764775329
-1.894733592564468
-0.29028953010102543
-1.1431130565538903
0.6773510245238992
0.034164573333176775
0.8209544894201176
-0.7100330869999861
1.0003972821027842
0.0272979562983559
-1.5234151592935028
0.9271372179875521
0.07004821294153697
0.22313331785259025
-1.24143551657354
-0.5126768161879511
-0.9387070752281805
1.49532941675239
-0.9270463931249576
-0.14926615479989883
0.46040588385334574
0.16888387493856172
-1.5503922505424794
-0.6872965640806532
0.6966005273940999
-0.4065529521665252
1.1320976609787328
-0.6450156710492823
2.3150629260602233
-0.4184810375779098
-0.17417199741434947
1.071591286223346
0.20661543974211924
1.0548265360655082
-0.4770648354334713
-1.4790819595260623
0.4205378159222995
-1.150796157233282
-0.23753442440351735
-2.4137154558413854
-1.3107212058417033
-1.4040779959483773
0.09242046971650185
-0.06294696403368523
-1.2847086617853833
0.9033827406559743
3.3415645435158665
1.3552896711707396
0.18704625887959564
-0.4079463288935512
-2.250214408402378
0.3788249868921139
0.2687255239212437
-0.18350512869412297
1.9953532245467145
0.07721165557183036
-0.8413377528294901
-1.7630745493354905
0.957504112887037
-0.8619800443183745
-0.2805356887181136
1.8706265840246956
1.7160618270485155
-1.4377572731088832
-0.990097678531755
-2.1332381656803054
0.29341045634376167
-0.13555299614328087
-0.031186184011325058
-0.10007317089845329
0.2678121181757953
-2.152779121131132
0.2750135726737491
-1.0959907883534306
1.098502867143619
-0.292107151277783
0.14217101191605339
0.7408489464723189
0.8483416342975193
-0.5846028855411326
0.275419731338429
-0.03222972507575144
-0.6890112277302706
-0.5888888649702126
-0.8151898956299235
-1.2705868112657608
0.36655164277726393
0.6928994224135714
-0.6239454140561131
-0.4505709119325678
-0.2139624938463639
0.10199475025054303
0.6629342066116808
0.3715991128155797
0.015581296528894386
0.7441327901390092
-0.08713394432163851
-0.010067852478361441
-1.002926293510709
-0.3834148610666986
0.3841064722966065
1.8185989112486023
0.049833021350685264
-0.4877644160642234
0.7477226920957858
0.5695334248416467
-1.3291397588623262
3.411582222249997
0.30659440822443745
-1.6819002924163646
0.9987460886541667
1.1382285846199824
-0.37455436256780283
0.36703400521988855
-0.4303209795712153
-0.1963566900206677
-0.7239859943359421
-0.04611593259855763
-0.6049695679722148
-0.0498001394839205
1.9671141558483594
0.5475500111221001
0.4645160256901188
0.9104249547879304
0.8727890273039683
1.9364138467898726
-0.5846975948691313
0.09241506484575732
2.00623572955402
-1.9274601811671086
0.1762606423511017
0.2254493109684042
1.2480335399718043
-1.5613255228929444
0.8989780067649723
1.051328655862429
0.24491551772980147
-0.3804208960684117
-0.8262029115663325
1.137850475607122
0.5208898563470611
0.3529911296604535
-0.23229389104949477
-0.5196374602154235
2.4975869189554087
-0.28065973971834673
2.011866407615403
-0.15399268170138572
-0.32887300091339183
-0.05191233802815645
-0.9787615678169924
-1.0327059034235826
0.650701129303319
-0.2999818067105321
-0.7530785712286973
-0.6357951476320355
0.3110302220976137
-0.6192739226568333
0.8040312107885531
-0.7929566823183528
-1.5655097232793325
-0.94520335820108
0.6133636993503986
0.20467142900705956
-0.2182371952487776
0.5435336198052193
-0.2608407922443338
-1.7873548429183255
-2.0744080584746185
0.8901476489797123
1.2249192867368075
0.10593952550948176
-0.8437824677888086
0.46656710491499404
-0.01891183957475053
-0.25761517249641813
1.106441757766215
0.1560001333690268
-1.373087883624365
0.27413343506396837
0.25610778373203874
0.4583232369906059
0.664435493813589
-0.6959522022032754
1.032517478117062
1.7769392418294638
-0.7859424709131401
-0.5399260381900145
0.8247411388435987
0.8799588731023613
-1.8388216135517217
-0.1492566082661693
0.12091511981026208
0.8195778345307394
1.1398580271154017
0.4222862885003965
-2.0901929384907927
-0.7801413937305808
-2.0430974428676043
-0.20231743880244923
-2.1203269185995137
-1.6625928664797016
0.008513886168540102
0.35069727476842033
1.9866346939734836
-0.8102744228475595
1.6122746207079677
0.13274011772921726
1.3832543642982396
-1.4622016794866688
0.5828305861786081
-0.8736832931092771
-0.9381226872699561
-0.8805541033488735
0.21138223934090222
3.148432672551626
2.045910444698602
0.18392049785888867
0.33169981405704446
-0.5507783388156273
0.46310039588311186
0.00913712769112582
0.000958824037236762
-0.23563785673996793
0.1581676914055474
-1.1476804714238662
-1.6681380276491802
-1.4401193562293075
-0.05586379120904405
1.2901144889373661
-0.04045733371968301
-1.0517425595048393
-2.177960489679184
1.3794561611402643
-1.1290716173796382
0.8275962508621496
0.1132211799786934
0.4758560290543942
-2.2205768394177134
0.35947796732283954
-0.589741979518306
1.7303680145375764
-0.06150198846030496
-1.5539814493396875
-1.5423203313475817
-1.2686872131233338
0.6032142614094621
0.5714204988771081
0.41909747672206854
-0.028200510650710282
0.9497052616558613
-1.1608947680277573
-0.7314772074731608
1.0634988880935745
-0.883228780339349
1.2294822226530477
1.4292720265952092
1.0801364135291838
-1.2318238809702762
1.1474928076332522
0.3886469085406979
-0.4620420624318567
1.0133916068481956
0.36970112786734466
-0.538070788576512
0.5824205412472565
1.7284766223887018
-2.3780858481344422
-2.5670295422811242
-1.3980872918502767
-1.074790309589943
-0.70282215748088
0.18808541999363568
0.16606028340113196
0.025957160797203123
-0.5236016333591927
0.9727268125705024
0.11917761303876913
-1.501064247024035
-0.9252009451900974
-0.983813353576085
0.8808550010694313
0.05866125617766537
-0.4054318078407102
-0.273190467838892
0.22937533758587417
-1.5316693082335568
0.20690344750320722
-0.9702062966112999
-0.6341373935253284
-0.543280427827046
0.005637956290618403
-2.003124952576497
-0.7441818063319386
-1.093665857700697
1.7580313209119691
0.4690429552286941
0.11946315601506499
-1.6654798163159323
-0.6073247750422809
1.805359089465368
-1.2564340539986525
-1.6187130391488853
0.5659426162783259
2.075662051605077
-0.524333991612756
-0.4419793001890378
0.06587541805385769
-0.8397029058378696
1.0041883762556612
0.19015008839451025
0.05272833606760435
0.23576703844912453
0.7528678233863543
-0.21725298284972963
0.2802618364015164
0.0422078198795912
1.1798151597805309
0.17462803251988143
-0.003859317834240417
-0.1874512169498476
0.34229349289692834
-0.14471966087398544
0.15037573099137636
0.8556974834340757
1.2326683801979361
0.12286290572771766
-0.1159261182046871
2.065164665612877
-0.5338189876648434
-0.44703797126630795
0.3358381316146247
0.4329047234400028
0.040449919777118655
-0.6756510664646801
1.8153163620555204
0.18744125301761075
0.5651564295733613
0.7116085954800255
-0.07199099474185232
-0.9161536197645869
0.7557741789547401
-0.010089097372450853
-1.7524439637980862
1.2053511820706702
0.42595974679849186
-0.44574573710849547
2.0305192274372468
0.36439841697931113
0.11955318596855265
0.4669911175281035
-1.3697638356543331
0.9211611909856132
1.785819904418107
-0.05349679966794863
0.023822461871910477
-1.0018416418715017
-0.5134785131882584
-0.5242917761830505
0.8270006659833329
-1.0361580104954213
-0.6883657356842304
0.9054176803487735
0.4885244057173744
1.7780567030662404
0.40581113610982195
0.2750558861477718
1.3354674657401422
-1.2042756215832253
0.04851225530779804
-2.159923630472714
-0.02616788219896812
-0.6916598217413953
-0.8082294458483359
-0.24162415522346106
-0.12820287412320922
-1.0374924424522207
1.6491959837160302
-0.6702540616562467
-0.618472976041404
0.5016443774699322
-1.002125116682534
0.15465799176213538
-0.08697233320877512
-0.2164515208588111
0.1785452710423706
-0.6859769785850683
-0.8645879211645159
3.302411146612213
-0.13364485212371904
-1.2433993567003272
-0.0022263683225525626
1.1264990253545766
-0.3895390753636227
0.39236825699711764
-0.9903940378546026
0.4226087600619325
0.5181023156092132
0.1481541321727251
-0.019296955438091297
-0.9685525006550135
1.303260334645929
1.634076042114261
-0.548710726414808
0.544564401322209
-1.0149216375193146
-0.12514696379459994
-1.5907845888084835
0.962111926010389
-2.1762059325747938
0.0329804073033994
-0.02441922576317192
0.4077373033292131
0.04026065987188886
0.05664786502832762
-0.17661014358263583
0.45720771636381946
0.189857959633369
0.2541021239391236
-0.6808029106780639
-0.35691590250840305
1.0612447805885112
0.5954562103014202
2.063683122618631
1.3398506220418633
1.5563321753357233
0.3002236092651184
0.3347755057958943
0.9268023053406775
1.9603726928730973
0.03680220666800254
0.2465195963761857
-0.6406463378488719
-1.211398219403419
0.1399682177447209
0.6523892397869225
-0.9821850169345618
-0.4729979562239325
0.9070102328559561
0.57836847333383
-0.39828286100890203
-2.345055123450438
1.2417749003830092
0.6301043480293943
-0.6512925572142472
0.3063248209913233
0.47586257794985287
0.039122495196843916
0.6116681528115058
-0.2600685076341231
-1.3115125576570024
1.5210184473930484
-0.016063096377976854
1.3650390974767075
-0.007407906245160854
-0.02709135059525797
-0.14659985844476406
-1.0150890316499739
0.5545466406304368
-0.5788618997133516
1.0162587388280486
1.1859575447430177
0.37540148589802796
0.4188976699056862
-0.40642598242942113
-0.10892976601231531
-0.4383506950557122
-0.01605634565566876
-2.280795342773059
1.1017095047760213
-0.184305468964417
-0.8602835192061019
0.32289148922519534
1.6946813509958838
-0.04706179088810721
-0.34746941845651047
-0.16246311868007757
0.5086445847229283
0.5542246108886748
1.797526364935875
1.3430034857941398
0.4628697091790738
-1.5999622526409356
0.14761026121987084
0.23967146390091204
-1.0090964636858613
-1.0251708039248624
-0.5305662551316178
-0.9884767812985229
-1.0490779939572603
-1.4005967084925688
0.2844541746885475
0.43730172662430705
-0.013265488065217337
-1.1200811710941945
-0.031501314066519674
0.9087761316901024
0.27312159474975267
0.46014209735332745
-0.45511743262769117
0.08290526560149335
-0.2982294427351166
2.183514803665904
-1.9712456171355268
-0.3190734729112625
-0.24219862891533026
0.20016315415487704
-0.03203506270580311
-0.6889305818903353
-0.29476372360927156
-0.24115912499234346
1.1542313223816432
1.1157948889350848
-0.37928864209607555
1.3375094428948444
-0.05461590549863823
-0.6988609858157723
1.2122314918058055
-1.3271135628625368
-0.7806019603494015
-1.3366220124543307
-1.0162319839922207
-1.2457259591813306
0.10112801305164998
1.336046823990895
0.6581962034100499
0.9784922945292911
-1.1303827823258799
1.142004370843263
2.526653052885853
0.7469631342890967
-0.16456909284506607
0.3705496737293048
0.04445949550970349
1.8013159950674489
1.0296770871582122
-1.7416039011001008
0.3284259581791987
-2.406252233981161
0.42773260731004664
-0.5995941186390407
0.7769238287375144
-0.5861763126004464
0.3587146249696855
-0.04037308500556686
0.5341607524069473
-0.596185392329668
-2.4106846000053785
-0.5579084645172314
-1.3275766860242497
-0.13662406032586527
-0.34896973631460354
-1.0713201784789463
-0.5550717001763875
0.2486727274678948
-0.9431700613185874
-1.2376671025332153
-0.09313365392163787
-0.7951988591191238
-0.9923818622263388
-0.7492440786654134
0.7229954674129156
-1.148692626384328
-1.3107123683660789
-0.8652019544457945
-0.09365784402454469
-0.25366817612047743
-1.0537235375294445
0.032364952695626954
-0.749239341103108
1.7963553285685128
0.041812631261869675
-0.4963762502445496
0.04243678479173991
-0.4497840656319403
-2.1075570192277207
0.4737386832071638
0.8621347318446602
-0.3455270894482817
-0.7053452921769688
0.6912997291434232
1.5506361510816682
1.6810906970686983
-0.07545134179742524
-1.5129959104961768
-1.0439758841647113
0.17939285687537462
-1.0009696322170456
-0.09994033074415895
1.192260475989625
-0.7994949776701057
1.6539359508674907
-0.790870661442952
-0.37256953899248063
1.6467042375199596
1.421196479246448
-0.6158951098773972
-1.1804169999158194
-1.4093769603659
-0.5598204772314114
1.4751961098399993
-0.5979994425868916
-0.0008784521062801012
0.351755312463944
0.27782603104078923
0.5533578629626953
-1.2171373707923363
-0.506144042242214
0.5286103607558194
-1.0653679270758531
-1.075649894722197
1.0135821111825858
-1.3940392249741427
0.27959996403882525
1.7702152294819762
0.41182834126803725
0.2933684977813197
0.01384525259858668
0.7278007237392222
0.37029054575357223
-0.47932002123610584
-0.8142247686856766
0.8578391038169108
0.04308738955021214
0.4686877284961854
-0.10391048632800325
0.6116031513915086
-1.7079454660349733
0.41128334948763245
-0.3108009251817934
-0.3017304338853273
0.862813660964078
0.723315159769602
0.6441868758885585
0.940575760437052
1.4527679879370112
0.7620829230474347
0.20380221150733685
0.46865737766988397
2.327461382341556
-1.0395724800379182
-0.3578781275829679
1.52544631661459
-0.7002329249131418
-0.3886193228255411
-1.4168981524708844
1.659944902621149
-0.04833629811877766
-0.6269437550005099
0.38462135166506034
0.2869553700311913
-0.20566050577676245
0.8899049641947016
-0.17286102952929883
0.2704280908059538
-0.6470626336129097
-0.2555980239003476
0.7810161552122211
-0.028221878085854836
0.49315396843853526
-1.950045195262838
-1.2746363811371326
0.3688645107462949
0.6502261552785672
2.031841210060863
1.4015510884474447
1.0443570544285112
-0.5432635169932291
-0.13209288217555235
-0.28427117483291636
-2.841061447043628
-0.65701584599565
-0.4313384571981156
0.1488059499697478
2.1781230543473598
0.620588093500071
0.6659868814117607
0.6416112937119721
-0.19728519946465073
-1.3873337012731204
-1.0989399907086277
-0.17650877512765803
0.9167987338137388
1.5823911072959542
-1.1480443901320254
-0.7067029642443229
0.6755421727044598
-1.7939601742778732
-0.46713323123032413
-0.5074937599509899
0.04548783507854497
-1.0758774998905862
-1.1152001295800167
-1.021666111940535
0.05624313597661717
-2.114686510962358
-0.8158655369097672
0.8074858389977865
0.33871599903957234
0.22998662339705248
-0.26765098265970105
0.3826046240178514
0.16834927527297278
1.419944277409997
1.094804444443741
0.5506343254488302
-0.10034142260820957
2.218606122286605
-0.09518595826978116
0.8198002086109508
0.9165034643346581
-0.7015311271220294
-0.16259190983955274
0.8795049556835036
-0.3814099813479494
-0.955000129549142
-1.1316403750184139
0.5262023263482429
-2.092670847751278
-1.385407982107732
-0.781224727910889
-0.8179772459335773
1.193562448578113
0.7618586208742715
0.9419403193640133
0.08109091763940603
-1.3431419832785445
-0.3305093571300618
1.1379626129971048
1.8512403349172166
0.6133760778716854
-0.7193557101271985
0.3916701849103799
0.8521504843998985
0.17683945229968448
0.5099831840336778
0.2246143740203668
0.203991643930865
1.0084905603610277
0.9555211934975771
-0.04440405289069989
0.7327382024456711
-0.43189159016120565
1.8997856327270195
-0.34266944951458617
-0.4758325373678657
0.8159202029684831
-0.851434383074468
-0.20479232918215953
0.11948786305402163
-1.8035861281092425
0.18502825217435867
1.695844633243226
0.5979559639757622
-1.3716978609019803
-1.1819728096548798
0.4035436385192329
-0.021630143021441374
-0.042778858750628
0.565761329752517
-0.6421894710312145
-1.6435479571061486
-0.38074926695018396
0.7182661003892885
0.6936702206718783
0.1349616609521608
0.930138249871066
-0.34512878238023537
-1.2024579771441881
-1.464538358256187
0.03496086878694254
1.511170481109234
1.057185087521081
-0.6385546937894715
1.1734887804139011
-0.20009470477704927
0.7034618569504013
0.13045475627817815
-0.04226924339835954
1.3426774816961304
-0.3244995603083884
-2.8994183408102985
-0.6066967414581479
-0.505024537234375
0.11387943388449102
1.0639104384129145
0.1267440245559377
-1.6178303257331097
-0.25702077718447136
0.19470173420961973
-1.6873449479059983
0.5695675131510858
-0.6742586605730498
1.8586891763991527
1.2674103019656204
-0.3293057630913275
-0.3110478115584467
2.7224133724273285
0.1939578615751396
0.08112636796156833
2.0923677743619598
0.7358066537173845
0.2075054162438568
0.7694137767959334
0.7188325422726575
0.7037438104333532
0.5675875224109529
-1.102090967298269
-0.4632403030541354
0.9468300460300122
-1.0422965326183882
-1.1023791082973144
0.7446452364450933
-0.2994981161703344
-1.2934712013245506
-2.0257589806598437
-1.6448702752917095
0.364555098742019
0.2993591578599702
0.035242549558292285
0.026124053268654062
1.8257079908201044
-0.628034064450358
-0.08120896886044777
-1.6465572666509878
0.33693956259301044
0.23376242016446178
0.6887328741673155
-0.7149610439916314
0.4273196933274539
-0.07507815303646741
-0.838422118314395
-0.5457452603224668
-0.46169920866826697
-2.075866218556732
-1.4800134188101473
0.5447238633077345
0.922283671988517
-1.043447410683757
0.04668018189887451
-1.0627131927361262
-0.2771048595314872
-1.3076690937762068
0.9466213324701432
1.0335317788467917
0.46501121919072635
0.2446508290416689
1.5368156046570873
0.7616868514639717
1.814422926346552
-1.1287049604703543
-0.5120359135930214
1.1426424532422121
-1.2682401690678946
-0.6622895466791661
0.6842603915826573
1.4737943467443022
-0.6100173191200917
0.598862998670073
0.42455608182818466
-0.1564142087451157
2.0973526987312034
-1.3837712144812397
-2.1980141441703767
0.6342489343379744
-0.22868505450828575
-0.6723209729797839
1.4649457962651944
-0.9467172259571411
-0.40026591773429465
0.025705250824246077
-0.09351993815997424
0.10348000237838012
0.44322576927210555
-1.5713526274256342
0.6356351045745277
0.46184808997845794
0.7957801552703713
0.48174175543715547
-1.030221648129694
-0.752422827417175
1.0034282665917165
-0.7855106973659393
-0.8522176812618409
-0.42281738362227356
0.4597680467528175
-0.10612638971132604
1.4128583557350403
-0.6696305251674899
0.11466649344871173
-0.8044823202569883
0.48402501802826
-0.30129045482160755
0.9443222906378472
1.902671080481089
2.303673402627826
-1.5704850883071624
-1.1590534823136438
0.5979953550091825
-0.4881504908570628
-0.23957183739355564
-1.2884948327216446
-0.7173642663202565
0.2813201562316606
-0.17788811137564203
1.4103756984288989
-0.37485048441210367
2.072988612319957
-1.004070083165725
0.35389361205692826
0.16162671795505315
0.3371273517716772
-1.2205587494316845
0.6177309870589143
-1.0718197479492106
-1.1772032578765914
0.13620053880820215
-1.5518840580155473
-0.4195388424304511
1.0143367598065978
-1.4373808592881965
0.890279308596108
0.7739521486463594
0.00979879753501838
0.5382667144705793
-0.34788980692200455
0.797333116257711
0.025986252100094646
0.15545297942916686
-0.2559019551704532
-0.49784058431725703
2.8442299319623245
-1.1092304371235686
0.8848519540125493
0.3627475529061251
-0.7073990969029229
-1.3448372984457946
0.5961114625398369
-0.05763681144893011
-0.263561416146121
-0.9027212546969358
0.26711265036642257
2.2060017980925353
0.1695169318365916
0.6440361748802031
1.1300607836033012
0.7279917305176644
0.16577794166986512
-0.5668000549898408
1.9458575091742365
0.32428766081713695
1.2795516321780858
-0.29072058802245154
0.19303732694975761
1.3655509602964315
0.18998286276592646
-0.2654121752349353
1.3986986525646619
-0.3023836834025296
0.4708670386759146
-1.3306405284007563
-0.4762351509356662
0.5820794118408519
-2.011860662646948
-1.3934958530446964
-1.1060274988376837
-1.3207027642404614
0.9054983724633717
-1.152995829721325
0.7939825025822074
-0.04245499414100664
0.5019756618215225
1.2849861129170148
0.29005071785342806
-1.455861998798662
0.017936260969167356
-0.8344705542122407
0.13181779345369554
-1.669301449689368
-0.6787937079416106
-0.7838333959813227
1.5554016826352435
-2.6329223899009144
-0.37609469506225907
-0.41192371361499225
-0.8755546763164987
-0.7700681087202856
0.33330057666084306
0.5167004673552508
-1.3374191863041285
0.09517846461640266
1.5879805668018374
-0.6758949304878722
-1.3393899400106983
0.7917613780987143
0.19124610384418336
-1.201917538036691
-0.4632390691075921
0.3629010003393323
1.297725646438357
-0.26131238234866844
0.36355866404220133
0.9024110144573727
-0.22876645041610982
-0.48295946924448757
-0.9728862437161787
-0.9229260912107545
-0.38312051902719796
1.839699916765175
-0.1981032843415687
0.3228773148781664
0.3878203126834412
-0.4491913505126132
1.0837946027294272
-0.3632913823065146
0.153258369869668
0.045917496257670616
-2.4132814797671154
-2.166754093797743
-1.2930997438872716
0.20855034876755538
0.7461741505688633
0.8044615167987635
1.9206989826679386
-1.3313683410611885
-1.0180159284339225
-0.5099638844073201
0.11933697391144402
0.1722481036270257
-0.19006754337118525
0.03147777455329079
-0.5889895200328538
0.41019583156392303
-0.4907960615190229
0.6545355784164626
1.0073640979618483
0.5404123435935013
0.9268596344979142
-0.7044208078148197
-0.09594702404585946
-0.3997605788222273
-0.5246836794822451
-0.11958658460646458
-1.6409411781297638
0.350031909679671
-1.0828912420642676
0.09087777237440757
0.6667147911613956
-0.6804148787467043
-0.9607064146321063
-0.519722425384613
-0.08418047048959841
0.4376827934370402
1.6722266497936644
1.022557759117482
-1.941351946856346
-0.22774561471563123
0.016393350765596174
0.9614355764269528
0.9650906433237414
-1.571192059585318
0.4275721964271614
-0.206229422636397
-2.0518440945971648
0.2867432496683662
-1.1216389176346997
-0.15569197508508337
-0.26613108858120327
0.3212140273823297
-1.1259408484932498
-0.6643228947858163
-1.3686554862516775
0.4661622782148739
0.11355345465630703
0.16247603147825782
1.1294561788724609
-1.7785295498604219
-0.08338120716691087
2.126256210276354
-0.03851822926624101
0.5348835087104057
-1.1494407286371437
0.4054954919269517
-0.6640794431432361
0.27305165047748003
-0.7165333345859798
-0.8247194980157988
2.627420975386008
-0.5627630681467192
-0.7122703406133717
-1.8126017624975186
0.5470601095585833
-0.1035517699348474
-0.34287696095914777
-0.011368475748705014
0.8754496006517646
0.3186391822837715
-0.12598101032041004
2.976644504342407
0.07290400410532018
-1.498626918916016
-1.0812115970067477
-0.11118006126650379
0.1307958553629774
-0.7944654566353658
0.9574930304330576
0.8185156682867041
-0.5793815052652223
1.446812961748853
-1.0365528919260867
-0.4240531214642997
0.08578494532090626
-0.6795014407724802
-0.21277574680156902
-0.6549003365251411
-0.8689163978080217
-1.7861982528137255
0.4572752462570817
-0.8042453694403937
-2.2446184324381813
1.112421394348109
0.4952933141550949
-1.4079337196879163
-0.8440920550825776
-0.0660533519697978
-0.6613501907145554
1.083542007238217
-2.496276298679409
-0.3399831088679042
0.6976549617501564
-0.23533749007303514
2.4700132941287727
-0.6513335207486606
1.257459197078197
1.984420800122656
-0.7657255198810767
-2.2338846633070273
-1.540574908945785
1.2445614835606902
0.25112709351534035
-0.6580460012237254
0.9488180454619234
-2.496825451154917
1.2189960208301114
-0.9234079791659682
0.3842081675413094
0.5915431547035784
1.4467967262927943
1.3648642863116205
-0.2519745739468779
0.45850385927854886
-0.15737525885251935
-1.9142936233798866
-0.09408918476969584
0.1014040187647735
0.6101294908613258
1.5795999373766374
-0.6087678426275134
-0.39424426261776185
0.9566760519590409
0.15860947474132256
-0.3661001787235561
1.3739544832326516
-1.0568868220902532
-2.2870115777824336
-0.676879815264134
0.3571218482192829
-0.8428673720661187
-1.9297918603225934
-0.861347997526715
-0.4922886201989881
0.3120987416882227
0.34335523032617576
-0.2844972685676263
-0.3319311475201284
1.0050833770224796
0.012187942318042641
0.49400175196960294
-1.8272828663182157
-0.5107694850844976
0.8752673652682921
-0.781845427965121
0.35288348413131654
-0.20829480043163798
0.5655399164463291
1.8847472747864087
-1.4044767986594573
1.2681480206983715
0.38392477015544946
-0.33955791512035743
-0.40018742595541973
-0.6231830928249996
1.3060789349011384
0.021494907579046953
1.2599322236628583
1.4360701440924843
0.14434065413516298
-1.540747269776584
1.2405621907852584
-2.0183245468977074
-0.5052812348177159
0.5921314640076745
-0.4936125402276507
-0.19237309642903022
-0.5650039941722806
0.6718132468781163
-0.8850034782218456
0.19562500456867354
-0.9444945968682341
0.7648729474415225
-0.9596791486250984
1.765459287427931
-0.8130581242510186
-0.5502746575708246
-0.12345090292459243
1.9256125981159993
-0.5379998418460077
-0.06351412797087468
0.2806584307445433
0.8532415460315044
0.4372965616083647
0.16469344827621465
0.2542370069597474
-0.08590442819667186
0.17421587796052732
1.1402989967700592
0.21864548415638807
-0.01895571225226341
-0.07745621352761409
-0.039514660749181856
-1.2262741996194468
0.08339085261984662
-1.6022926444222743
-0.046981115638685025
1.7777915658227135
-0.03436070817955863
-0.8745030719062222
0.15133703430921905
0.7378188816279994
0.9112333324713675
0.9586855252833069
-0.7379940071470812
1.806465808467118
-1.1338651044172332
-0.08222255229135096
-1.1514880732557524
0.3742354633143278
1.2473831329983933
-1.3777012871466874
-0.9909796738482138
-1.026741922399342
0.14951337356210356
-1.0389576283694084
-0.546305544947755
-0.11212012511753791
0.2202927270061488
-0.674994055323413
1.545442889667399
0.4450780613130687
0.8097534675642315
-0.17408148362657255
-0.8808408282313789
1.9474921208903289
-1.1937338512108857
0.5298681113878045
-0.40108770054242465
-1.6619578459260687
-0.6195113941616246
-0.003808978541860644
-0.16464147025831646
1.3281658965822243
-0.11028411490658357
0.1441747310564472
-0.5720692485826604
-0.9289161074617469
-0.40714747606113416
-0.08857650083284703
-1.3790453654158301
-0.13886536787977488
-1.1550200989695634
0.2718783412000014
0.5354780048288093
-1.7492250513984717
0.21899584018987983
1.4360751186358618
-0.04519777874163567
0.7615734402238642
-0.15691956351973232
-0.9143151865687427
0.5879853043976624
-0.07691774703158688
-0.7516325490588558
0.9744619698267015
0.44871981376499975
-0.4425733146777308
-0.020543195425085682
-1.3271164135679112
-0.27627901136363964
0.5876318748927207
-0.42769830503898426
-0.19874064459071272
0.289564674800444
-2.2200871394247668
-0.7188944876269555
0.18558655243924163
0.8065184922528476
-1.3807515761887852
-0.204944610397591
1.1254217681895284
0.5370247128609198
-0.6576235323128479
-0.3945205428459214
-1.8912200544784956
-1.0593134673777855
-1.13594698464245
-0.3016983736993811
1.262144802535038
-1.6404132753856002
0.39046134034754204
-0.2415657367338222
2.3022635718984947
0.2147518759821167
0.5847282311965147
1.1750026260230189
0.9033354283537611
0.9371026928416739
3.2292799246007484
-0.4580836062486822
-0.26343447962640026
1.2655535876955923
-0.05480843455069819
1.6458451617451546
0.8523012626225682
-0.4391171659212579
1.377752604947651
0.9404037433192397
1.5690869925542046
-1.0113729675614345
0.13972399800954516
0.8323860203091246
0.05282756891808956
-0.6062655930530179
0.38345066198381206
-0.6174192132747124
-0.3055021260994928
0.566411224680099
-0.16075669127141703
2.4936644348993138
-0.15069063733395383
0.872744361353875
0.07922235328723314
0.16590529727548306
0.09370392013199257
1.5004834096504656
0.2550730934671219
-1.0155059414795191
0.5268216290299275
-0.06013247802061588
0.9362781385228832
-1.7427631655099338
-0.8352272789595488
1.264395479476805
-0.11385476112129753
-0.7951540146072902
-1.17953650749476
-0.9570801727010855
-1.3132286570729295
1.4343814652888427
-1.1025484433562913
0.08383530884149241
1.2219274945342624
0.5733876243395724
0.5806966743144578
-1.4972980416786248
0.24602699090363284
-0.039002780895188084
-0.46588376789141944
1.0927237950948554
0.8411168096261625
0.5535184071214485
1.2685350144456418
0.17086486054252112
-1.3282076418112947
0.5805358735788323
-0.5282429882362282
-0.8574000842301627
2.4014764796141743
1.1054330469780909
0.5086206433031802
-0.6533529329896987
-0.24717956169045993
-0.9820978262791443
-0.492006090255561
0.5579203695270251
0.5764219015369487
-0.88961514537039
-0.6393507930530317
0.9465252627023047
-0.8421108714391273
0.28715029960360905
-0.4001257783572211
-0.4466830589427533
-1.9256006549172102
-0.8735207059881971
-0.47803670195004555
0.30486623389998013
0.5133208079065225
-0.6687638350330368
0.46215187864060336
0.7618349993059848
-1.2593741433662415
0.6819866014828231
2.798904624904033
-1.8620441403792343
-2.0261635683424686
-0.009099124954450321
0.026583584183214295
-0.24029623274568393
1.0878914307394145
0.8816797104225417
-0.08660531301827515
-0.04855233810501456
-0.1840110316201609
0.257264504995706
-0.7472271560404025
-0.5609708588740159
0.13931590823345327
-0.35882349524844737
0.5827614563364557
-2.308324623556815
-0.3211394683771528
0.002029620108658257
-1.6549317533232166
-2.0331687773373393
-0.03877011156677502
0.33545936872263166
0.09289398805372097
-0.24060618838714926
-0.6857208227752668
0.5819576618444039
-0.4793817692799316
-0.6439788623804352
-2.7281287768346165
-0.09707169709384436
-2.279692244134679
1.1338191530292483
-0.2113032646976393
-0.710348491636539
-0.08849805838426979
0.1466458157813387
-1.2193734905154727
0.23655376339939635
-0.11080408825130596
-0.36646448629993145
-0.9887324487786643
1.5270122510403183
-0.45479680196137495
0.02760938764600922
0.12851376612968685
0.8790495609164536
-0.04706823761703067
1.3891011159957
1.0930409721575247
-0.7629967015991937
0.5700954377397315
0.43586813137892166
0.42903981893047444
-0.9484600257383317
0.8461239310999855
-1.6609933299253032
0.8102121834897956
-0.6808980205756703
0.2852692015264796
0.16859883185534807
-0.470633561199458
0.42510327584905716
0.46687269059968967
0.7924039860759997
-1.2464925076018605
-2.1445786469205226
0.2710361746618843
0.4461348788132149
0.2948590153007202
1.208641119048585
-0.9155127874394876
-0.06258425501025229
0.5802810196460862
0.08235654321248194
2.120695393189223
0.3500018634127395
-0.7171098583536177
1.294918312242801
-1.3605759603479926
1.1428586146803497
1.437451256290842
1.7767216256100742
-0.5812419883187825
-0.09610354924137252
1.1893158541478426
0.7192872795468095
-1.1063252232586605
0.08772958417073058
0.5875511919662414
0.8542015793037185
-0.9070751529428378
-0.47925135640733235
0.29499808661909044
0.6934524503031616
1.0109258269138954
-0.6046738045395529
0.3048808327072927
-0.13681033601158712
0.37791833491556587
0.35826833101772915
1.1104097948239358
0.5501983262997568
0.08728898151475875
-0.5487615203123059
-0.7170084818827969
1.2766601374751976
1.9617573834391104
-0.8244935660536993
0.49943198301915437
1.6054569223897848
-0.06003447014479215
1.107436982176851
-1.770930658423456
-0.6167486962760466
-1.1421056995031298
-0.5041803250566164
1.1364040793757946
0.11067431944339436
-0.8719151865790289
-1.180205396099798
-1.3815289092544443
1.5302206414745179
-1.295184706405136
1.2185472744300938
0.8143711057642051
-0.6836551353294751
0.3260861688577174
0.8685436423207755
-0.033252335329857656
-0.41576036394466587
-1.3920762988406852
1.5879831563864233
0.1659249002048881
0.9858305653615679
1.4489732773583575
-0.3602894558927539
-0.06881120945845962
0.7627717771683118
0.5650967453993861
-0.9893307458386223
-2.1082016861778428
-0.5937469137509785
-0.5344575797959349
1.9399370647813778
-0.12033069123207513
-0.08839089571495905
0.5809268486130622
0.4634866545233865
-1.446323222382207
0.17560328303481593
-0.6853382240984344
0.6213459005918381
-1.8281454089430185
-1.4010352042157432
0.18366226511628814
-0.7979631476986091
-0.903008745409706
-0.7890233229194187
-0.5331911361359719
1.7769411971649882
-1.195066583768258
-1.5112631890410566
0.23479245644710225
0.46069719425942823
1.6399250879556153
-0.9493199858190677
-0.2425816928353763
-0.5207858539996465
0.35664608444450857
-0.6750285172268088
0.8537463807495025
-0.7707866531144228
0.31900557042008065
-0.8995761660845969
0.30149569657569075
1.3422080810179158
1.2811560337089147
1.493216390707284
-1.1094194997218354
-0.16552013685376146
-0.45682144358411386
-0.6789074321059256
-0.15062992438593922
0.1431536878569862
-0.7380818588968462
0.25717887350385454
-1.155816603857988
1.486910184872317
0.09906828703015384
-1.226444099449081
0.6880147507562153
-1.255541108442501
-1.8838456471918346
0.7724157159252594
-0.13223859241544575
-0.46168841052099147
1.5760595294198698
-2.1862196275173122
-1.7593104850638532
-1.0691632967976061
-0.08150758441113724
-0.44586994634098626
-0.6682658173523576
0.5016489585561247
-0.15055110990994
2.662991387623775
-0.04140989905141791
-0.6703552221265924
0.3885654664666564
0.06546019968636045
0.501435583176067
-0.3298151050484883
-1.249788981713434
-0.8262297803214581
0.538564569883425
-0.7869536533423241
0.41244229972229385
0.39768891205085216
0.560367606380181
1.7794426059336144
1.4328389056738733
1.197986292573356
-0.4323547164360951
0.01519892702854968
0.37506829776237827
-0.2470334373419942
-1.4900756315615882
0.94299735211908
1.4208069613917793
0.5405752395503408
1.191168235820407
0.7507192204487407
0.49139744260899004
0.7972853256785611
1.27493725869172
-1.1023180951206981
-1.2840518853615015
1.479754579192145
0.37333603517420183
-1.4364592362597361
-0.6888360121746316
0.38607159395509605
2.040925629292251
-0.14171102523390114
-2.1015806285084637
-2.1479464622438478
-0.2650119475260442
-0.18507548664706167
-0.3801559128713923
2.153968938369185
-0.8671205320599396
1.374740464927277
-0.7726418020153858
-0.11655055454182929
-0.7294371484541134
-0.16737133743776517
0.0058121576051501835
0.4935247239805256
-1.8652818602372447
-0.4879899920635767
-1.4022178098857645
-0.12812871727398334
-0.09114285251238796
-0.05247755159566072
0.3763141129095865
1.8535455562829135
1.1760059459465224
0.11968081083602608
-0.4559001057870731
-0.7612112292281901
-0.5940298607312688
1.6265746883054328
-0.6305477851469015
-1.3890990879089045
2.9345041373962193
0.710226238516473
1.3565137468781996
0.4357735214402002
-0.6589319065810146
-1.3107363799081415
0.10460520330330049
0.5865139641768122
0.4452580108213622
0.20219846440651798
-0.7463073628054527
0.48157903639414534
-0.09770927460265756
0.7431590533308888
0.1357862442648699
-0.7026214132871968
-1.1105850165437152
0.14149888967021834
0.17578474009961453
0.017296823928892598
-0.5312751902308512
0.2213645572204331
-0.09388582214497702
0.3658546122884638
1.152394850244039
-0.12920481528502215
-0.5937444885629082
-0.7152060967031788
-1.8025474742441816
1.3871039145839277
0.4774926450965642
-1.2918769531606347
-1.7669909180774852
-0.6772053318493527
0.2267573685514237
2.1112900496860534
0.9351395764638524
1.2245522130721924
-0.11420828621423013
-1.3278575734594897
-0.36733358302387803
-1.3083610901287555
0.7764124289491688
1.1939804622800692
0.3346555639071319
-0.4059576435181236
-0.19482861875487198
-0.9723103588100891
0.5471688500441789
2.9589677904128373
-0.46696400908689445
-1.4853050543347766
-1.9011744436178384
-0.3901024098875392
0.17963234573817477
0.8045294137434326
-0.849047492309986
0.06439025047339374
0.6968983418642012
-2.183488458420432
0.019977826455645026
-0.09118747686685723
0.8476998930608143
1.2427183374763864
-0.7137255858119659
-0.8821116589699806
0.22108659067799863
0.529929242133917
0.23023653770992242
-1.9042396127900731
-0.8677718593178203
0.8012588387628382
-1.629454082442902
0.5368149090287639
0.12341285554452751
-0.07833163766198947
-0.26609316585521864
0.5060179658086386
0.07425603715034895
0.3109186175670598
-0.013026160648205557
-1.5713261835284162
-0.5273505737892454
-0.5806997506713537
1.541813523929874
-0.03770885573551731
0.6225225189560519
2.0475284732245402
0.6716538457811015
0.6562570507785187
0.41380347144526436
-0.018092961046332703
1.105827310916947
0.9435415545598423
0.975701959757695
0.3742448695182853
-0.3734880665391025
0.5071300767915153
-0.031101445774665247
1.9319286459149645
-0.9336225401223119
-0.23455892058814473
1.611698499547172
-0.48684682508165933
-1.3561979176523307
0.26084911085635687
1.3591161764541149
2.3503561402838304
-0.20837257515245838
1.2044791861501303
-0.3051265583594337
-0.207174612188694
0.948272202078644
0.00504570024959785
0.8112053552853514
0.06306253933309965
0.010973021859145974
-0.30994124400807566
1.029096483374867
0.6900661770385662
1.237756070394125
-0.4833834181331505
-1.6654702180674308
-0.7574958294247573
-0.16620859873677316
2.1270412111684416
1.3822941425932234
-0.7773236694951629
-0.11099469975004192
1.011203253262214
-0.42861953139911757
0.6683747172011406
0.7864345743767835
0.06682004148740428
-0.09085317134929499
0.630403791759962
0.7814872186614976
0.9500571902615818
0.6729300378589751
1.4852967350440498
0.013995268304935228
0.7612837531193443
0.8458310948699284
0.37591969660179203
-1.200173929623825
0.41202251965586956
0.13692729853473
0.12912559906169133
-1.585909051799371
-0.8769084627597316
0.4455908707915793
-0.947882648558759
-1.3024899788818614
0.12919114980961732
2.5214857210617385
-0.38766103411155606
2.353769679748839
-0.5101218975832658
-1.8688310810695268
-0.07802570523676997
-0.0022360316254504712
0.6547517790060864
-0.5788486393480089
-0.5220216557485358
0.2516645201869601
0.021967402981877406
0.23074750341661165
-0.5524783275082705
-0.6497809823876378
0.5315658207676677
-1.6248663991856191
-0.25135912409037675
1.1440517638452192
-1.3394859895911568
-2.003489608328998
0.4473624701547179
1.0665669212731508
-2.0288151349078083
-0.6616825391542911
0.6594581564436345
2.288893402773324
-0.8634038485675175
-1.6231763269533173
1.1711756065041365
0.5452437394098834
0.9504981652968129
0.5844482854655431
0.935800740416895
-0.7660794903042122
-0.4935877747436457
-1.0373196200451549
-1.2809195067347214
0.8059971297530725
-0.42345446131939385
0.6569020720955271
0.7653758662767679
1.7517241837043258
1.547363163173577
-3.3838723819067416
-0.42487189664840075
2.1333590958420237
-1.2517281065371058
-0.4202540924704285
-0.909133376514561
-0.5333897657128884
0.2671002853855027
1.4184908522545419
1.1266590275720036
0.6424424249387348
1.0457142587955222
0.2550378265725549
0.480142884388643
-1.045941084905502
-1.0551572169065144
-0.37902232392677965
0.5967182783913766
-0.1998884745637842
-0.7048436311384384
-0.4409369833870544
0.1852521664647615
-1.0551030808130641
1.2074204642448314
1.6772341276714582
-0.5942454590876433
0.24835446360533814
0.41184795570881017
-1.6584270266937182
-1.2858213172637016
-0.17559010471032488
-1.2494079458147216
-0.9407879403515114
-0.8424217952653874
0.33330910257149554
0.719986674140006
-0.8716472862390098
0.8623489625415568
-0.7627550883916335
-0.34623797608109175
-1.1646788709839366
-1.7001719878019943
-1.3846093198738085
1.17509935127906
-0.4394056889739546
0.08691903810668467
0.8825852124455421
0.7363153781171348
0.5109443122955629
-1.291847223499473
-0.3478098912617998
0.804974827875832
-1.6385981358744512
-0.5236640288971741
0.6432827571784832
1.5289116926157338
-1.6472789345311254
-2.634148568645643
-0.9864581638455245
0.48452143113252166
0.5780455509154996
-0.6091178183082889
0.9330937246497533
1.7107577946476593
-0.4166086024890218
1.8981066793399763
0.17150028783557147
-0.23463525706969698
1.548921002894926
0.7546754677000067
2.053435642237524
-0.7924791967060356
-0.793987349825432
1.1640381785905736
0.584829990522257
-0.7550200414345652
-0.2361771115123872
1.1324351757782647
-1.6503060735415698
0.5326059631588429
1.8526791165060288
-1.1780197241204227
-0.891422986832617
1.291640766065767
0.47747087444799546
-2.0998312954494045
0.7861542282418239
-0.30655899200710834
0.5247097035669265
-0.18485996891688175
0.17034010235087887
-1.9357968313439693
0.32646129540679014
-3.9003819177888928
-0.5383591837900391
-0.054924900735453336
0.1597631883629963
-1.2021691241942107
1.5944807656965891
-2.1329791101815045
-0.7951485552612495
-0.6288632007331009
-0.38972287075776546
-0.24388258611354288
-0.5467584587615116
0.09749713497355152
-1.34705177078418
0.7324725131209938
-1.204468264817782
-0.5254111862221413
-1.3895973862133248
0.15228365925271928
-1.4923996447744807
-0.9639830119136131
-0.4502969625457777
0.4544858140336711
1.1274810213994664
-0.5481390274282074
2.2910317653954664
0.03802499285104298
-1.1802094704705772
-0.2596125763512157
1.5791425174077793
1.0050567282158973
-0.6873332416337011
-0.8355382612976332
0.6173778488379638
0.5679217288842103
0.4088553502914034
0.11634230453287614
-2.2879180930088028
0.19186078233171686
-0.1463283056222152
-0.3666295459658894
-0.6015464471511296
-0.456340054673126
0.2852814594851652
-0.6331023979641521
-1.6591119247857633
0.7232656540076275
1.3098370535385313
-0.2324806990227956
0.587294412917689
-0.3829359143191749
-0.38368671740955584
-0.30834031796270994
-0.005994741364526725
-0.38466403698247614
0.8817756465849467
-0.18960258030719015
-1.6580885045896685
2.110014310029417
-0.5602473201999663
-0.29998409130858816
0.16489004609256946
-0.06973975143667674
-0.4223189374003213
-0.4201178681828349
0.6411153750547782
-0.21945252143269364
1.0063795085151148
0.6000615118679657
-1.2497152110513774
1.0411604704544624
0.8363904169201066
-0.05848136332205166
1.4888079226838222
0.328961354125246
0.08938640520987501
-0.7165379853332875
0.035399721450414506
-0.7823306618699841
1.1864221569834197
0.8503897097270763
0.3920380962548713
-1.024003696039414
-1.3997574214784079
1.1747884319554491
0.9679208050872369
-0.023907231104409433
-0.10867708791396721
-1.7903004242296123
-0.7327417319971631
-0.8656480303024738
1.1693870383180314
1.379679830553217
0.8453885040756403
0.7982818443464719
-0.4214451853393857
-0.5654261650526059
0.16198528545438712
-0.8843018440189834
-0.384257480482873
0.9541925406698485
-0.12998397410891044
-0.3234170907613108
-0.504693285364368
0.05257483228764963
-0.835279139592957
0.6244099387826642
-1.3658766047024387
-0.30279817115063973
-0.5061708686428996
-0.10951759747183484
-0.14159728796583693
1.377865525566242
-0.3342454347352052
-0.5813383811775963
1.3383926379700741
-0.055766099386645056
1.0180537921591128
1.8110911172696627
-0.38152859082302126
-0.20711269735950752
0.16325210368937648
1.2907003978803102
-1.3643193690769406
0.8696874656485839
-0.829608243774017
0.2229941500569194
-0.36055355585866955
-0.6966350779016626
0.8396703239049979
0.43048448591435856
0.24715473962747642
0.43086395055504445
-0.2585442125805094
0.3385177617694097
0.5835589343194826
-0.19265195536623264
0.34172440268807036
-0.8496254167952058
0.25598817365896187
1.1098687841294776
-0.6452787777793589
0.33264863135492995
0.7181699615497296
-1.0463266842682353
-0.36957330264148774
0.22028073536430298
-1.4794626632032335
-1.1850012366404747
-0.6205382083050422
0.6663005490664681
-0.08209662553663025
1.2410244751195898
0.6108723021025779
1.7722589536594044
-2.236538870484067
-2.2242003446647463
-0.5712401732245015
0.21750944672155484
-0.8567557174936928
-1.417006753708621
0.8820830562544537
0.5436562636374949
0.008328037184631508
0.8417878997091767
-0.574218384717329
-0.4795221660490197
-1.6438112037068786
1.4460341362845757
0.3145059142683108
0.41913745727349166
0.7953755130483706
-0.3933040830579244
3.7766946824618417
-0.9433224161244232
-1.8231541949099495
0.9216958610540149
0.6503765943001404
1.7540083857765671
-2.154790688953512
0.35328579222872986
0.0683729727344693
-0.04356540890220756
-1.1947916103858316
0.1631376841514375
-0.08279760459366885
1.8386928618477536
-1.5930021130419862
0.8716523145575894
0.08482456352438689
-0.18170651249724062
-0.4517430952138958
0.8552793009665307
-1.2404282135249836
-0.3178069467570446
2.4783005285436057
-1.0073197871647177
-1.4709804142583176
1.0844149846223083
-1.037739259448331
-0.9520900691402497
-0.9214608671164168
-0.21602231866483684
-0.9156705128727933
-0.15899771336138682
0.2572158681448155
-0.48790143194732905
-0.9266031613410367
-1.6100736347331552
0.5268813156074857
0.041501876038629905
0.8046501554605255
-0.3448610149884511
-1.6275960691386857
2.403260399675671
-1.1485694808944713
-1.0996381388493408
-0.4309568235301863
0.7869455766154376
0.31989285905845544
-0.7859215949676814
1.5213882845446658
1.6195951264166886
-0.41109394286701806
-0.7967910952638928
-1.574012857747695
0.7161324339118502
-1.8200003984621742
0.8224503803083058
-0.5584115844871447
-0.6190968953687505
0.2963583444600165
0.40271386351747773
-1.3979247331504028
-1.0479269544720158
-0.04442532184581424
0.13592231233320143
0.5562337312306328
-0.09088394992747116
-0.5222598102053725
-0.5883022145498839
0.49881140106191246
-0.47310282900835415
0.33159133813714214
1.9512612633801667
-0.32665436957039756
-0.1368384066214001
0.585201712452405
0.542262091856945
0.5146304224404176
-1.1881609565647047
0.7988928753941652
-1.5152242487892038
-0.7003660396493833
2.236787616950245
0.6254890698856111
0.196064555466006
0.849548951605084
1.740845579316066
1.321170174539074
0.21177667833425584
-0.539047414272311
-0.07306390559559502
0.9651667934082434
0.1061409436767173
0.0570323804766861
-0.4838018098000745
-0.2830896764544586
-1.5817958149979972
-0.9186127902149356
0.2016681267172964
0.317922768864261
-0.4414707951275642
-0.009436551273092699
0.22061534187948573
2.3625979262449257
-0.4430002610741424
0.6236097502629172
0.2282659000310463
0.7193165039354215
0.9283999750036553
1.707186149393395
-0.15587584449659067
-1.5324492720580278
-0.8117231184513752
1.312467041073035
0.6177606944048976
1.5755505905839091
2.081201062652315
0.3007128699918084
-2.281401351456417
-1.2513096203823346
0.19380096351385417
0.1569191041095971
-0.12715554387790623
0.5939783544715451
-0.48130134749030995
-0.24687480181291008
-0.23968757371349536
1.0327200465963315
0.7174086817354819
-0.47547603262158883
-1.7873501196498236
0.842684141293108
0.607398763249108
0.23912371592623
-0.1410795274935269
-0.22858331519985817
0.4842576790028614
0.25000311255928714
0.2806065598943608
-0.29711924120057404
1.4152608940441809
-1.0459910768047544
0.360090745392321
-0.5839195160107231
-2.15014407851255
0.20241076886060413
1.507696613558349
-0.05940485476681587
-0.10361653186898474
-1.300387895902793
-0.1380379088896074
0.2298989175961861
-0.508216677268052
0.4778051381144122
-0.013140720938937863
-0.9223402853521804
1.5745615255697303
-0.04165737860313495
-0.8767032342722426
-1.0328161391179709
0.7898485793842565
2.1695493927702527
-1.648719833907694
-0.42185159662423627
-0.49430299235341624
1.3886098772882947
-1.5396807134095232
3.02178664044112
1.142876943087449
1.3896846072523936
-0.5457754002295623
-0.6678618721197918
-0.6461040174553468
0.5589807490151836
0.9725247952792982
-0.041158144284091584
-1.712042012846119
0.8417681148097939
1.0567663768305604
0.8034805005325325
-0.668759821341621
1.4706008409604145
-1.360076511679559
1.2284307511302748
-0.3516342521386588
-0.024873215105339255
-0.2574503440873425
0.05501272517074478
-0.4305665739835286
-0.4805005564750156
-0.6177729345766524
-0.033002050967438294
0.39279102371745106
1.9799348121299691
-0.4844665213880025
0.08874327980648439
-1.0208059522590627
0.9444765389126154
0.060010784951741794
-2.330759961806719
1.330944945016128
-0.18926071284420307
-1.2068135529530784
-0.1915328785474198
-0.17999486611974552
-0.03526148023441242
1.2398192351723243
-1.215102244652098
1.1052518989172522
0.13947653501404417
0.49318444533923794
-0.6730899765901893
-0.20123635503229118
1.7036501339517507
-0.6152653633069686
0.36637222515842444
-0.6805327311262288
-1.2787020940525273
0.34776716897448373
-1.1870398544433731
-0.6851335165587105
0.13060328382657277
-0.5962357973868243
0.20835659968395978
0.24549151892297202
0.7017076598474582
-1.3917464519528864
0.3560714064865531
-0.2892342688747843
1.6432415141576093
-0.22590340499808673
-0.8740359216925971
-0.554266880256505
0.642666550663142
0.3341281816888823
-1.510247190506655
-0.028625278150989353
0.9377641327114365
-0.5885132860227806
-0.018330234077339542
0.12556342113354313
0.9365603838558555
-1.5011635321933554
1.0028102686766307
-2.3189682453223526
1.0319532146911476
0.2669611822632872
-0.3067523152164913
-1.3279943111727812
-2.127467201295373
0.47166470149727335
1.2740494594634821
-0.041032736163980385
-1.930547724240389
1.0098811545523074
-0.17979659812947257
1.6743737503322909
-0.029295540454389212
-0.5319666450168473
0.39722959316668444
0.3421666147413074
-0.8574767133358576
-1.8475182046522869
0.34958704203278806
0.12459557569724167
0.8652882924008558
1.8222415804122918
0.07051715249419363
0.4493320253346143
-0.5783448075232219
-0.5332090987280106
-0.5598689200598719
-0.06948616220111194
0.14744282394269848
-0.6761847847061189
0.5718497937597294
0.4835663359124247
-0.10650529019509422
0.7061980211904934
0.9382282975702236
0.6603270906847669
-0.4250548873009818
-1.0660729414814798
1.4775562861918694
-0.33781451999125184
-0.3535060903426636
0.8619663330542436
-0.36178583598303216
-0.18046662393703955
0.5639836830393836
0.37309539009123727
-1.8728881020392762
0.20951223476196412
0.485933270090717
0.34410808484980493
1.0624387251679803
1.4293328463117316
1.2604616705839253
-0.47472036355814917
0.05755738825070084
-0.550352546596395
1.0492639118282001
-0.43359754389952115
1.4922248477911968
-0.25736425692402626
0.060237926894321975
0.02861158542250557
0.16772000797525544
-0.11173619336613017
0.784471899203045
-2.2226449317459176
0.2651245992447484
0.12924999818018726
0.6521018991427773
0.5787313260443643
-0.15886238797770755
-0.6164512309509543
0.7997138060171729
-0.7943025220694282
-0.20320046177803952
-0.032619107663810286
0.5427017086312587
0.03791542444031046
-0.7041299746189331
-0.7049970201894501
0.8823379806803611
1.4112030898975492
-1.3656383040145743
-2.441750266669462
0.5662638436066166
1.419938500918687
1.1710304544084318
0.6673171237150787
-0.26133356837905
0.49074366997222635
-0.039674987569727586
0.2773603749121652
1.3974544183851827
0.04421984975324411
1.7768943671209372
0.34815072679622006
0.2558275320162573
-1.0476144728745944
0.3118669167148032
0.6282352564489722
0.2762209090015204
-0.6468765705612065
1.5440030724508518
0.2060233385070173
-0.9664724111314419
1.2891454047286512
-0.8342304355551945
2.2696207228336975
0.42242286410876173
1.026012060169104
0.6355426842930804
0.609027476687449
0.25512462970643873
1.941773214990326
-0.60359058056686
0.02313830807653426
1.0530943744205032
-0.1140002833334458
0.5241149368665479
0.33474317621776273
0.947208561566802
0.14233302305488985
-1.0416642648770622
0.32709444305666485
1.4707928978914964
0.9779743627638806
0.6748281549549049
-0.2847393696853028
1.0234560728452406
0.012513654951006608
-0.9958528053302591
0.7960711934579364
-1.0496775387336785
0.4489025814638069
-0.06090713529584982
1.4179624060934424
-0.6206169845769223
0.38866733053672686
-0.3608073227979929
1.3726595502054457
0.07869301607174456
-0.090900952365091
-0.7273462945534516
-0.1879635234933051
-0.7724504788822503
-0.9877279097295072
0.7484281146136681
1.7972177486765737
0.05074980038252854
0.10192134234792607
1.6271621525173232
0.5829689566491224
-0.6378258181099209
-0.09033145962594406
-0.8672451777767433
0.8582723060809202
0.09418071230777454
-2.7202466185332157
-0.014449520610149598
1.6453704376201252
-0.37373318789270926
-0.34983494505714463
0.40844886053007906
0.35515869058988636
1.9335624832169063
-0.9949324862134278
-0.24217816784721086
0.8349812662532035
0.8682246127564057
1.7265339158669832
-0.4817554692950716
0.27347352637482153
-0.8155670704345611
-0.9289410222287349
0.616433083086165
-0.6667890979925017
-0.25782216282298137
0.3878612152746469
0.2020610857130047
-1.0843713869544886
2.225348777270439
0.8774354123919123
-0.06295937891202716
0.1520821898866323
0.05350993787472611
0.9961494698661212
-0.25893392289088496
-0.9889422393314469
-0.3902165806366257
-1.0037861569728137
-1.2726818718393007
-0.568507222262252
1.4451010093097727
-2.3929580597542643
-1.031015031661713
1.056663123504023
0.10603926919059749
2.1280598454861974
-0.8307190444107491
1.2343971759810144
0.23059108336102108
-0.007859250862681973
-0.985229869370508
-0.1368848864443488
-0.37361814972926494
1.4169939229951907
-0.7968714343399976
0.37710597499709614
1.5904184990848576
-1.2316349476254966
-1.3385229331147714
0.5098313629844616
1.199985583195415
-1.297582483549417
1.001617416918097
0.5539349179165507
0.19127368784528923
-0.11318962042691076
0.44090536741615494
-0.32409382803866665
0.4400365761077855
0.10294096440356218
1.2085115980404209
0.16483828582873333
1.3029569370461445
-1.6000015738028226
2.13748168369635
-0.3729779377313899
0.24477218841070378
-0.3203601787102535
0.36329826725078396
-0.3597510750509415
0.7139395890005225
-0.777812990681089
0.4448053159087119
-1.6026017127350651
0.7007167735928799
0.011026685910812576
0.11075676841926162
0.5017454956208964
-0.8945538582577597
1.3562992911598117
-0.12928703804903846
-0.07073281082908767
0.5456303576144053
-0.016519782783449538
0.007525763088795952
0.16824895936104872
0.4308744673150866
-0.909942593045496
1.1692000502398832
-0.2749579248592573
1.3566903593323816
0.9650815986821528
0.10556725156744405
0.41950988430510955
-1.4888716772638662
-0.29150143798820927
-0.2833824125354893
0.08562992727250472
0.8562732154916087
0.3541782405728306
1.1137164443852385
-0.985165257286132
0.043683509278296735
1.1390461970816588
0.741073518000334
0.5109753465012378
0.842950304535246
-0.9726263124475583
-0.030068339082483266
-0.8867391817570768
-0.4648833010939147
0.7225506809815095
0.6475152557099114
1.1479212540260448
0.3932140921703516
-0.16113979586926455
1.732272121582887
-0.6435420147305979
0.9730560961609921
0.08618774417581926
0.043632265628717075
0.9587995566774317
1.5259718104438151
-0.0013744727686718452
-0.4433702457499098
-0.18086146836619124
-0.4802461993182182
-0.20738395176349653
-1.882141999474201
0.4082018243739493
1.2086048078960068
0.3200950635560354
-0.8134369547423098
0.8856212502933579
-2.095074195765583
0.416750731750313
1.3546206842555983
-0.1828562422379378
0.38601392563948184
1.7913544929417942
0.22022870449408583
0.8742277378987997
1.2955712005033437
1.0664352369046646
0.6948944952654572
-1.6108571087260746
0.7847734689170437
0.7204377777629989
0.8100290213645078
0.02921452283814498
-0.3418379703351446
0.4596274654890608
0.04960476535937743
1.6968357357343076
-0.06045524253091095
2.3654567234274544
-0.7846387898559983
0.4915296998872217
-1.1590734332212982
-0.7483983841506053
-0.16568656965473977
1.5615119801124773
-0.15041522354624726
1.2312499005674797
-0.13652251160097295
0.4588490382587454
-0.794494625863486
-0.0811019321460634
-2.0721112926695113
0.12346809014651837
-1.0487607571456294
-1.1622512129801923
-0.1108307481617387
-0.1064005050555453
0.9859184845900223
0.49303443381909784
-1.1862981427846728
1.8195549823924642
1.6333577620478787
0.042637169979859973
0.09945645321729411
-1.0394076954797116
0.30959422629202016
0.11154180561295417
0.44419908213162695
-0.9764925321558856
0.6184256305678287
0.01726904876973677
0.3819736697880734
-1.3850192616605843
0.34384601632383727
-0.07255030756301047
0.7315663604839955
-0.9710481161423253
-0.5443298899397233
0.04294061081554725
-0.4910821534761137
-0.4691565629951284
0.5298071872060219
0.1787029178995029
0.3648068697526026
1.4002186053936325
-0.8908524959862292
-1.3182643897363868
0.10261754587760563
-0.21276731974731722
0.21689792315114634
0.7024686538055435
-0.39838112651197516
-0.46975980905607734
-0.7708139639452571
1.4565295177484334
1.2349657000370822
0.04332090723179186
-0.39766377733234365
-1.3516935335080758
-0.866927817418323
-0.44281516288160966
-0.44524423717528583
0.9577185341138905
-0.04205603322910353
-1.3668676144711407
-3.3558600481820102
-1.3697428189246263
0.15680238111293154
0.11897306904293635
-0.7199905443656054
-2.550709359017859
0.7810888416806218
0.2153584569531562
-0.5582367288144895
-1.150085967419254
1.1199308433171544
0.22707721279592358
-0.6966260792589962
-1.2457941003717454
-0.5369282253221276
1.1982077175132764
1.3919249310490476
2.0497175669577103
-1.0391465662953978
0.43955116416109075
-1.3095317156796387
-0.9132093802915255
-1.415991118500299
2.3899326103655842
-0.10192294835172985
0.03185309560263158
0.4803934434068459
2.0165207823130875
-0.07489361933519156
0.34768207249457195
0.41424457223286704
0.5380389067899127
0.39633115124915963
0.6409053043691282
-0.3258593655489309
0.3394090341370371
0.5046144498409498
-0.2306514695191516
-0.9516737149952385
-1.4367108129941495
-0.2509053663903035
0.6774918035792997
0.6210923811357774
1.0407098015420144
0.16466604040465374
-0.5102529816502237
-0.2983185718812268
-0.14339144915047644
2.661545160457087
-0.05578092608492349
-0.5728320967679653
-0.40395944731495087
-2.098252394879661
-2.2787788568255323
-1.4765365802869723
-1.1551826695834528
-0.6797672137254808
-0.8991687864607265
0.5038454062091828
0.5834569051012329
-0.4536413426526815
1.0334612179399534
-0.7864275047102982
-0.2676729488910816
1.6686911915325984
-0.020450765037804537
-2.3421783039643977
2.3405395372054043
0.34357685594798226
1.7646426602401661
-0.3939080171120953
0.22015652291913532
1.002494858540422
1.1968903569962075
0.08008883470727958
-0.9589887678342216
0.44640266473741225
-0.2871919778439133
0.23711183747017453
-1.3148040533723169
1.3041106012036436
-1.0713638205177074
-0.6383152978195831
-1.4429107585627274
0.02381950759385301
0.21399585951177857
0.15864624831526689
-0.2979487032545699
0.26918496328667424
0.8408201279337737
-2.042227768019214
-1.1645064377475522
0.5709478943564565
-0.4899441361632049
0.3897633777263655
1.27374485720134
-1.6750668918554803
0.5097702661498862
3.957242914797332
1.071022445754106
-0.8914039593148267
0.274314060870796
0.172885016555149
-0.3518864295930472
-0.9688273148491695
-0.7205459840341832
-0.011829149573690436
-1.3815330636615932
0.32095532489127254
-1.8261685370996887
-1.8944413478565068
0.729101091803138
-0.8974690045571118
-2.0451787080320614
-0.1484330575851212
-0.6851132607244145
0.2616317632306662
-1.0417820866738816
-1.430025843349053
0.37668659542510224
0.5202104421905214
1.2451406863109635
0.364579576542138
-0.8627178919699314
-0.1283001251945728
-1.4970792955831407
0.8936672987928892
1.0289155192332122
-0.9302024690967963
-0.13778322416535307
-0.5153394907306389
0.9861395741110133
0.19019352408110354
0.7574356693479185
-1.0081649153479126
-1.8809462362591705
0.9271883973320892
0.3560815864354373
-0.6762427801847316
-1.0875495749353186
-0.9353843462869
0.6789815030059729
-0.6112925882044606
-1.0803401508332782
0.49997119272697044
0.3475505006679228
-0.7492235982054397
0.038419180253083225
-0.4548934703935314
0.5446609543760513
-0.8812752943711607
0.9577517995900223
-0.7176743472446879
0.6261953877736305
0.3485653607139184
-0.4761485812190732
1.2645193411659765
-0.1266849221843265
-1.537785851178732
0.6239047029469008
0.23853138678947056
-1.078781274944076
2.2482217655183394
-1.2938404422461944
-0.13353576930014097
-0.18616352303335262
0.030845593383535735
-0.2270213828653825
0.9302974054013489
-1.411007514688438
0.5243649769544243
-0.5986525459039694
-0.12896421367769959
1.350281225668013
-0.4874028892212629
1.0586232620961298
0.3215219711936971
-0.8768008848536617
0.5380423890050402
-0.5102027555382583
0.7065127515995677
-0.28497394256729947
-0.31171005143467856
0.9882078841260911
1.413202947658316
-0.6742707433019975
-0.10755412229464223
-1.6885633615192681
0.23705360899685143
-0.9815036109831944
-0.8855945871412001
0.7718643178989162
1.1623960395606083
1.8154954968876427
-0.8806034185254449
-0.3731049127092368
-1.035431341381089
1.0954283212680989
-1.077404950434745
0.6133963681173354
-0.9766099188761471
-0.28006854006117793
2.1322589901631512
-0.27458993011036803
0.03128938348029885
1.5878332832363211
0.31933051801663787
-0.37504892272327606
-0.9032410049095991
-0.6160857894296937
-0.6058146154617975
1.0332879277767442
-0.658122913281111
-1.893001053083284
1.2275092971337305
-1.1860230947409929
0.3430167934659252
0.10232013848082015
0.18861012057251322
-0.10627059232193448
0.08362518797798507
0.5050729582935187
0.07761349042542995
-0.3895871613382361
-1.3554385694455586
-0.5457450156329652
0.01608343748932184
-0.24042395262965066
-0.06895315065740441
-0.9658528425030962
-1.2277538047722523
0.48115340605021206
-1.250300875099597
-0.950999128563064
1.090117899607369
-0.6313719621747591
-0.6144972453400155
1.246844130733495
0.19146288760742852
-0.4263517579469539
0.8990375623938774
0.46168324131409005
1.2629495097916728
0.9625629157868619
-0.2927781594559387
0.8886090976175283
0.2284848184788966
-0.2833089871354884
0.34025532307753126
1.1411426561067033
-1.0668826566002012
-0.151336766644101
1.2991882002480912
1.321415167991919
-1.7629965068886742
-0.26016448522990515
-0.5817757086244613
0.15749343400829627
-0.5573727394976103
0.07394367851214659
-1.317744637275638
0.22162845065841996
0.6655558974820623
-1.5101899990294951
0.25551232484432257
0.14556899707642773
0.0353970200060874
-0.10893831199465215
-0.900638492359897
0.6672422603987621
0.5914052531695659
0.9129925140654278
-0.30389278900466404
0.9690847916187809
-0.0052801398446692665
1.5861515258519667
-0.35199922317217447
-0.4568282697653695
0.4322466748811226
-0.010195240653900236
-1.3035456152618228
-2.536306930626804
-0.9942674499974579
0.01693718084585314
0.49495497204068134
2.047058769892966
0.5387644508756334
-2.2338440981140133
-0.26618463648551466
0.41003062327741846
-0.39219617865779016
-3.6134285981019323
-1.1688346761228847
2.078518933801693
-0.3746803483072041
1.4502426796533825
0.6205741419402395
2.5935344886822618
-1.2124505096704727
0.3720006836483206
0.541938818804089
-0.1480047655080109
-0.7796019459681794
-1.0780499236195225
1.1975963953652087
1.9113546889199482
0.25265209083867357
-1.6620560720426523
0.21428877722098696
-0.3573398789644377
-0.8773454764740881
0.49678665946634537
1.1600407476253283
1.0350895650812864
-0.5786981537076463
-0.28043825819186635
0.31280430244258817
0.9599083086981616
-1.2127519181127167
-1.2363047089752004
0.1222609858423293
0.7635265872968401
-0.49408468742572587
-1.4690084439511462
-0.22559510887183803
-0.3314934927532932
-0.8391805210654827
0.8623315738279
0.693239896426139
-0.4672574454012334
0.26881850220287223
0.346732468950052
0.23804222081848134
-0.1657165102724266
1.7625118815250693
-0.6757322513004729
-0.7585476832935942
-0.19242330837337096
-0.5933370400325013
-0.6962787851657227
1.0603585634951866
-0.6728799619875
-1.5642133650750722
0.5423052315193645
0.11629771689957087
1.2784137246874394
0.26842862285304586
0.6505961168680862
-0.15627574889322515
-0.688797449790657
-0.23898974610694354
-0.2947619083188382
-0.2819801297338443
0.33825629112279176
0.22694549939033629
1.0161814623171155
1.0429676007151933
-1.3213523656065496
-1.3269603837891095
0.7347575231736039
0.16977020668378345
2.2648929132556312
-0.2591090094058971
1.5423418858673927
1.2332968597088045
-0.2447054738410915
2.0275407506450422
0.37641078904940806
0.5390795446457696
-0.2466115930186197
-0.8824061494750047
-1.057530794867977
-1.3872961728034339
0.778982592246652
0.30554983856229717
-0.6687283971386649
0.6759503164830147
1.1006037744775445
0.4472059753433156
-0.38759337924117404
0.188486097684386
-0.8219097075491012
0.4234907468900514
0.37900478553247396
-0.20406704537460477
0.31578684858082584
0.5297273071417558
-1.3509904493648575
0.3620162927355987
-0.7206682671302092
0.5184045786685016
-1.5280978844411781
0.07721158658911986
0.9858405495869546
0.174547013977729
1.4098896058376889
1.5554564569186526
-0.39072466070886513
-0.6134349078657745
0.007498867743258182
-0.4676027595366469
-1.1493208099050805
0.12171294386517485
1.606322887527024
0.8674444661385716
-0.6288128220786933
1.2621370212346728
1.115763244929421
0.950059094183307
-0.1367631947925405
0.07585777533247727
0.3821041734974001
-0.36725336475420334
-0.9200591189337994
-0.2594132034582915
-1.4334495962282534
-0.3511499604505663
-0.5974437733693677
0.6634119766688691
-0.3533616952420819
0.6854323087859963
0.9031732523494563
-1.0042550951278084
0.5796098131964887
-0.4550247751025984
-0.09831075832903192
-0.735316541687531
0.11525378650943537
0.20084831244017606
0.30674421286332754
0.9940172121625064
0.1380322553984524
-0.3701805351754756
0.5751002448940404
0.6706783812609785
0.3021045225337443
-1.0831931842862257
0.4394398128585895
-0.2632492298380425
-0.4705301696824568
-0.6564195590984628
-1.5494792114413143
-0.9262133865535205
0.2828182920492441
0.28563526692590324
-0.24982646826180308
-0.5848496075448543
1.8712184937712057
0.6733971401583797
0.672214410157451
-0.4722413751349208
-0.28099039204438514
-0.02899786374909551
0.9148651191164346
-0.24358304645674533
1.008361093796115
1.0667139906936196
-0.449145164523462
0.7984749514846449
-0.5314029834953745
-1.4061799038254452
0.7563331788617724
-0.9820573649681488
0.3930984053070661
1.960469528698408
1.7276725410386464
1.617124075657521
-0.6624963782136002
1.139105724375029
-0.8921797363486043
-1.345526151263927
0.23673144492901244
-0.8710385713709615
-0.5330174420544642
-0.07755039057925468
-0.16119072269150897
0.4071174802450934
0.8775556055473606
-0.4654506406538423
0.10634196137473381
-0.7305519619572213
-0.5113578000803625
0.5793158382188033
-0.007442915084472911
1.6863603546042332
0.6910560952904861
0.9700293859841276
-1.0186454609051112
0.6446211089366168
-1.2182921635815593
-1.147518461383062
-1.2263114978034475
-0.36294585075459573
-0.8500364211269669
-0.3950232182017461
-1.7069778972420124
-0.43471636799724955
0.6697986360051639
-2.108099601676733
0.1675374501715732
1.2379154995709576
0.006035292829420111
0.048565732924763814
1.617483703342457
1.244277331098733
1.491485681356046
0.0682329082223288
-0.7075229897979536
0.08937991897586221
2.8214016338912566
0.355276194846507
0.31922125714098926
0.49915043997953473
-0.2068333836362742
0.9626321504399499
-1.9234907976921893
-1.8824486731009853
-0.050237840849567034
-0.20257918311877432
0.003936876398154017
-0.12726496698019768
-3.139300418984794
-0.2305725697815178
-1.0382262102955444
-0.22018043799924789
0.3725244882606045
1.6433110895799583
0.39023193124356637
-0.02852650280289703
2.247781734151633
0.515419163103425
-1.2251663928672987
-0.8209530136782212
0.23698656439939633
-1.8738320700582585
0.24753592563160315
-2.8488115351317873
-0.5434401369171241
0.03965870604411613
0.15080523904109477
0.44259862643725995
-0.12357198663044788
0.7929894778396037
-1.031815777238431
0.782267508087582
-0.5262630893910126
-0.6739237286193017
-1.8081519338844856
0.5912538067313775
-0.5462998959734466
0.6942883159447886
-0.710999991074991
-0.8755902364783661
-0.7756384571042694
-1.375197248958291
-0.3324319374590979
-0.17939338876142472
-0.37424410979579203
1.636685380014832
1.0663871434423962
1.3386956491477247
1.1213051859786352
0.7465811035007538
-0.7209738419996603
-0.4520574149931088
-1.948132673998142
-0.395319087039468
0.9937656627916382
1.1006276832528412
-0.7951110268074261
1.562759246282362
0.08860895899094777
1.7810159673990817
0.023179649203148196
1.0574107552616618
0.41619507790121674
0.7519341606424758
-1.430413390264286
2.0120092340601006
0.02592007613684598
-2.376288363040644
1.0477312325958907
-1.3659021032660719
0.3578577430527044
-0.24810995650835746
1.7607066248677004
-0.23383247526679216
0.07321210668062195
-1.6822163022887053
-0.2232462027250776
0.787688096370059
-1.161220537349077
1.9533371649516342
0.0645883664257622
1.7815172325961977
1.7888144414420035
-0.5017011831741371
-0.6641984434618473
-0.0044532016384068954
-0.5780021442495082
1.300818001855457
-0.3161430215459807
-0.6379674794364374
-1.3617320039750174
2.10546596355343
0.7819547655387314
-0.694393392280468
0.5047253192069959
-0.1336826910518745
-0.5734112804546561
-1.0814742222007403
-0.7259666901962518
-0.2481198299764813
1.3086566057741809
-1.1495760596769846
-0.01920761546513297
0.397411243479584
-0.06269132980649295
0.27012368627798683
-1.4086754476912224
0.5047669207972152
-0.4659609325428123
-0.08951325365810481
0.3479153400598863
0.903512872317477
-0.6761998999865372
-0.15746565942592988
-0.8328365499234256
0.671402576094205
1.6353102525165903
-0.362102953881701
0.11968875649245582
-1.0693600495938513
-0.39985654548682137
-0.40453573195774334
-0.01331370239732471
0.2862713969135564
0.13635770186552806
0.09633551789529474
2.6124390446202574
-0.10446372984778655
-0.017063759444003915
-0.1923385029977945
0.5908608491094902
-0.03781525519507542
-2.157006595403589
-0.013437419354132023
-0.19014896475489518
-0.2362168435847045
1.161362475999893
-1.023735369642183
0.39215318104918634
-0.08771445342502217
1.011471144190871
-1.8359380086008996
-0.21356206726652174
-0.11820219149809368
-0.20338906314946642
0.6690804534131379
1.1968456659534332
-0.6878423470758376
-1.757301315368868
-0.04431967107799696
-0.18751041714752284
0.694528037511805
-0.7316987870239771
0.6337895954830629
-0.12217953644956185
-0.08220543066778788
-0.04556885871476135
-0.4404552449360554
-0.33935746595418903
1.1181869099775976
-0.11918738427824957
-0.9142790843532372
0.48125788024869287
0.6627224976193749
-0.9600605709232318
0.6857381955940267
0.14238634412925302
0.5721835754644939
-0.6825317181779887
0.04985055185811031
0.7801593242523563
-0.7927926154055096
0.5839823977396024
0.06254006372984337
0.015651609668060645
0.3791025151194024
0.0029645044436609424
0.7709983893825832
0.07741937858311224
1.6295935745101058
0.21484962413978545
-1.2637288891132454
-0.620877210585399
-0.3015678951296276
-2.2404711187897886
-1.4362561034542363
-1.7491298895516592
-0.022306171302771936
-2.1846051676879923
-1.0364064967994644
-0.15949862880608429
0.07240521345942325
0.8736056097038095
0.34835016339970837
-0.9369768884117753
-0.6076407660080818
1.5904948490564144
-0.41707503941189294
1.027782451364664
0.5119651463790523
-1.0248870102100551
0.25966883683446607
0.6795924456046066
0.4025177448499208
-1.3980369751549748
-1.0597747411318892
-0.05583407643496747
1.8774354496387664
1.6387859583869997
0.6617829322985166
0.7477507291017775
-0.7907056999717702
1.984409927297069
0.6506297632635433
0.20726531976912205
0.380438933565717
-0.6182309558285414
-0.49313224823338314
-0.4855385872158601
0.7276581466247686
0.12045863114067835
-2.067105665282917
0.18765961968254777
-0.2988093582973799
-1.2187462961868518
0.7217788221715304
-1.7727199075004647
0.3937850557542947
-0.8893606534633707
1.3585417503449997
0.032301403985916334
-0.2952730587851446
0.9947094449212807
0.8013024391985134
0.7766629643800479
0.34307821910284464
-0.42021458103933285
-0.9908634135244228
-0.04401961661423546
0.38679037369111086
-0.08566250463475093
0.36046259820673227
0.10169713618078799
-0.5259699352961537
-0.13872093670043467
1.9121983567187837
0.20584507040410258
1.1272927188713162
0.3901993700838323
-0.4266320655769281
-0.4151287787974179
0.41763919184323256
-2.036023670111014
-0.5168112327818615
1.1116149875421912
0.5111864399063591
-0.2695237185361182
-1.7311705239379078
-1.053164623760909
1.9234910544039192
-0.05891129247081121
1.1457778623592763
-1.0742132273031084
-1.0352932237456043
-1.1650028850668377
-0.7164314550632006
0.8903617821190104
0.5919010981390053
-0.8794448706427841
0.10338968929442363
-0.3151219292595296
0.6999547057460157
-0.6718909888104392
1.4577080438591572
-1.0431110706250049
-0.7106098982671891
1.5190372200592288
1.2894810012973983
0.05228338447850307
-1.3311622879633414
-1.996945589194322
0.5811728399529927
-1.2935738564187613
-0.25172778952299724
0.2432273714247086
-1.0551323132749177
0.2538996520299122
-1.3281156836476782
0.35372168359996303
1.200988495737125
0.5182057215833012
0.5941944193021086
-0.34924739128523685
0.05948251670858136
0.7881731479374023
-0.523363390741905
-0.645742941333857
0.4057559722513632
0.28038629436166257
0.015585865966573765
-2.7277404665930995
3.8443667224677416
-0.7683180015880936
1.636621171270816
-1.0318844764551567
-1.0411910235396882
-0.1733677469998435
-1.3007151718336836
0.27729246734599033
0.314257629491088
-0.6610331802928341
0.3449548249984525
1.137891910286033
-0.7836801373882263
-0.3266864417378128
1.6236776929369432
1.7078592631250695
2.140114215090848
-1.2747111283457508
0.5392985177021854
0.9281637536783096
2.150653534505037
-0.49606801199725487
-1.5222317642085301
-0.3260839408546403
0.050809936652983695
0.30450561545199056
0.5313402429554819
2.050033987254128
1.238425264753065
1.2381223550215907
-0.9780250546465217
-0.3988013543612643
0.427912876403819
-0.8859617689008046
-0.6639940881980086
-1.2541126510857035
1.4242653725694094
-1.0360927290699566
0.6862685636347867
-0.38844000068279616
0.2774925121410014
-4.157372406817693
1.6624996729506
-0.4618599201771005
0.23343582994101852
-1.2509592374184084
0.4735758876387201
-0.8952021251099548
0.22942571696029726
2.2211338233431346
1.2301101385228599
-0.5034879772007708
-0.0015522703130340422
0.8055092437527108
-0.3192025620519732
1.719656776493769
-0.2896610203133247
-0.18378140071398075
1.759977607939255
-0.2904182990755456
-0.1753592810129156
2.1279843484489867
2.0941515674477356
-0.41293879490969215
0.3497470826289651
0.34490069717508226
1.9868216974589223
1.0191450275910876
0.9286624802243081
0.20270853258067767
-0.5518330386333932
2.6699778593482235
0.8395049569958931
0.71362924519493
-0.30594317564376056
-0.9723898640018632
0.5292318961933666
-0.4463760671656975
0.010747404729934384
-1.3120444734520122
0.40346299602435
-0.753968710120861
1.577817746315187
-0.4750580118702412
-0.901743242997585
0.4168020022735818
-1.0020767385848506
1.924798745469558
-0.8263254670928306
1.0118335094261253
0.36768103724199125
0.5988353948414481
-1.4059869494880712
0.781236185817692
-1.6717100262995297
1.3510203938053835
-0.7005555434407861
0.12839155918266792
-1.5105590827845132
-0.8207971612678344
-0.37290224194796306
-0.48034856631598893
0.21420973864089896
-0.06259142003191086
0.3000630823489569
0.3498840492140587
-0.593285155869446
-0.2507565515714578
0.9950574881826413
1.1816108686984452
0.581977752638847
0.669482839318961
-0.22939637764473
0.6627515313045572
-1.1913267916185342
0.3653475273991019
0.8417232613827289
1.7274004073549338
0.48853799473286974
1.9766166534008975
0.00995743137434458
-0.379283688850072
-0.1653371223418658
-0.3130823652396031
1.4316061219933485
-0.2538334859708717
0.6123287319398778
0.12463947284682055
0.6206298168937314
0.06606370660183995
1.9615812964968202
1.5514762543605112
-0.8227860117433072
1.6257414467331268
0.5432169472769218
1.3804216463805785
0.11279228147813293
0.5676532181018552
-0.48246008166572557
-0.1167773727750783
2.1477566028308925
0.5393057526145844
1.9828039045968573
-1.95537034026605
-0.770577425225757
0.5658631518380703
0.785631519865256
0.4260426516774224
2.3579974711520966
1.3774817186084003
-1.007336339248741
-1.4427886521665625
1.6259284872797102
-0.5510661815197234
-1.957853280223698
-1.001105099434571
-1.5896927394552267
-0.0663510118267259
1.3326102910932305
-1.3888874900468058
0.4152725922972487
-1.3455010431350674
1.1591489322096822
1.5861329205381616
-0.03940896166731671
0.258465932479592
1.3906723235686782
-1.6834012022797191
-0.7123388703239731
2.4153994659109763
-0.5749261355472267
0.4613981180506001
0.15981084530533335
-0.7699348985671752
0.5060433726501699
-1.2983408895230577
-0.08999244900226935
-0.9611609114728337
-0.11655839316415263
0.6740635886447233
-0.8977256078101276
-1.5826691267088298
1.1705769465129503
-1.233503892125029
0.1320724334426974
-0.15685948009387227
0.39191910315013995
0.7795680774285049
-0.22404339464588904
0.48082081466597654
0.483970375255119
0.5791729111506552
1.8041418718902809
-1.0869971729534909
0.22091819121319348
0.8199543241250467
0.16244526692726108
-0.9916738232778847
-1.961733164261218
-0.18664181255219978
1.2766415233768382
1.687040912954901
-0.9981802340523167
-2.061524975291892
0.04454431551853897
1.9130645590642532
-1.7810974939065936
-0.3485577089003848
0.1761460800555084
0.5215283507464071
1.534462166525391
0.4671345629191477
0.7501840889125245
-0.4172188447570491
0.022929487241492397
0.2632659554050714
0.49240267508702423
-0.5710587389425222
-0.5932120060957317
0.10005261419550962
-1.10679440069196
-0.9720305844603332
0.0670244267466363
-1.1265900048313675
-2.6866990278085288
1.122656205273321
1.562645287439808
0.4557506299969629
-0.6971221811374949
0.0019950306719691206
0.2084999195321233
1.439805221106059
0.8429198466244447
-1.407678504433338
1.5319560287771123
2.7227687233547155
-0.288331692158049
0.5438271842836379
-0.5159462915401769
-0.33766179548925496
-0.8405029100686641
1.8954529588297793
-0.28604450535354575
-0.20463104596214118
1.1103415590880052
-0.13395923641270113
-1.564945275292589
0.6448819160486007
0.6919370687520221
-0.8125304997976843
-0.828814179946317
-0.35760114388113695
0.7659580785594772
-1.1140488149301857
-0.08936656118774913
-0.4645281700310815
-0.8435233925937607
0.6192988121826092
0.0019422895706578663
-0.7859026612562721
-0.9782952079613539
-0.15020019088855255
1.2446859106968393
-0.2268204404186885
-0.8850146169246118
-0.8447767763734141
-0.6262869741011662
-0.957098900100554
-0.6568582312788267
0.19721721001021839
-0.013467840999720824
0.6126062754228296
-0.6543189304833178
1.4458672950090665
-1.2686620763472864
-0.9443001600254374
-0.8350271166466668
0.052844544059032904
-0.6448744505418618
-1.0430874206425647
-0.2940560765228293
0.9798549242869277
-0.19610229916317312
0.17245152830078533
0.5310187890928231
-0.6214480593129872
0.09978417361255654
0.42440435354404493
0.8695268410947862
-2.1363171449382508
-1.0519355934377215
0.1892621721227499
-0.9144693265041824
0.10791158493083529
-0.39184857241970816
0.2662362454400639
-1.706502823901503
-0.8960538401032756
0.8964301656802709
-0.869378338305447
2.2754771034423156
-0.692507396096884
-0.349753231300957
0.47480982910534436
0.918149877392668
-1.1546345336894508
1.0624787667047804
0.20173951793715705
-0.9947996048782627
0.4543267531778424
-0.9868412546129224
-1.2123291964462246
0.582870618384043
-0.5795594473409678
-0.46282230982271677
-0.3112607740897536
1.243552429413324
-0.4870414703317124
0.23542859170407462
0.6558661558162221
-1.6439660142980481
-0.5384471899407278
-1.039009339182926
-0.8452300698037234
-1.372811044391114
1.4040188921166699
0.46567084674161974
0.29064069081063837
0.43295172989090286
0.23469748185381814
0.30571021635853335
1.0063275780262728
-0.7562876794250004
1.824928468312629
-0.8992809602206664
-0.13766699064761143
-0.709871568594671
-0.2534783289971099
0.02343647233369254
1.0805862505982986
0.3790953381192849
-0.3810550922192153
-0.0006634150252087591
-0.789906414554594
-0.03790326755910992
0.3070228899707128
0.12859115331945167
-0.8024426822752294
1.128879108984376
0.04074317741653864
0.5873228683241921
-1.431495994982297
0.032403092085542595
0.1010351781977767
-1.5116833793046007
-0.6818153727527401
-0.6404104901405024
2.8164429846268995
-0.7067912210100596
0.5909622208603769
0.5544854922670965
-1.7780352997125868
-0.01388676704913953
0.28892581011042556
-0.8763461553997158
-2.3275703093233884
1.4047747047372572
0.3225835707383958
0.12347211484883132
0.11944688567439453
-0.9533752546332389
0.1521866521324752
0.3717940660175659
1.0870447587879648
1.2654014697773148
0.4486379491713258
2.4553543649177074
0.9831157192003503
-1.3585163059689005
1.3716623640749448
0.07752825264027388
0.11232698495664857
0.564616182398811
-0.17590260688160683
-0.309507687072097
-0.13108589798629455
-0.4595362286039586
0.7756976928983691
0.17076532341536113
0.9304500701088069
1.9316338459105666
1.427253205743555
-0.02364665280670657
1.8599440152309792
-1.3595273915920103
-1.9924669819701004
0.38882141894298344
-1.8286164468483073
-0.5488863813900234
-1.4153533664171374
0.007850837633304691
-1.2510648739750692
-1.140390828633155
1.2749114278548181
-0.8488355331953089
-0.6914006689541903
0.03314375507803987
1.3293520120598632
-0.8486324024862016
-0.40674865084491085
0.3645710881071675
0.08119834511436307
0.8735017455128612
0.12770927606844756
0.29840889157321154
1.4289419822712528
0.28300192536334506
0.24751802701142406
-1.3307346070071846
2.2332714465485544
-0.24699355425492558
-0.803479383027656
1.3180072579759703
1.068207785045558
-0.23928165147497332
-1.0855656634152169
0.6419523817828885
-0.9393540083829898
-0.10381725581705542
0.12661908292273275
1.8584921513507553
-1.1707603617874405
-0.9745014516648806
0.7819647463801892
0.1095258709358039
-0.31045711747772853
0.26347616096471377
0.7970288778020477
0.4781731500229056
-0.18406948398238468
-0.5881357972505931
-0.03528937221899396
1.1722816031885819
1.0578581984577957
-1.1934994520247908
-1.1521289935266559
0.08306577076066485
1.9086553848327514
-0.3593326568096105
-1.221758018840342
-1.367158257582293
0.4683412501931144
0.6649266071202793
-0.4958857723336685
0.0718612156752277
-1.2769292974818143
-1.1408015928289503
0.2268913454439219
0.5350297070170569
0.7938823442139298
-0.11475180071597743
1.0739162484208173
0.18558772053433903
0.11623366228518206
-0.6658152084773254
-0.43027631424070356
-0.6088083751150143
-0.10049206552451972
-0.5883478108878583
0.23137222699549384
-0.027757177423026812
0.4786552063773796
-0.4222719164953642
1.4924453035363239
-0.6516242291391786
0.6319597887114757
0.995783681417885
0.7280166692011639
-0.35223853618251666
-0.9936176117110118
2.058127493665566
-0.2654206247741577
-0.3163416621932902
0.08580747681923746
-0.564914401523923
-0.5979368160926456
-0.28355622857154056
0.4704005449922352
0.17075218289141653
-0.7735981000445178
1.233509976141243
2.321385990721389
1.2620893634781314
-1.0063672694929542
-1.522541597944958
-0.5732497332236844
0.556759253125939
-1.3482221526352882
0.07119288153811906
-1.931692684194049
0.11735835234635301
0.010659720228752112
0.530141781944863
1.1774502262788618
-2.131689296820984
0.025022123811731918
0.44966496830561
0.6378544858497506
-1.7108435483713162
-0.7826751343901666
-1.4976676558664086
0.4890625155098419
-1.1459248570891585
1.461825906614922
2.1451201630803585
-0.024878200278511464
-1.436618804550823
0.091551924622664
-0.461328767613463
-1.7643535017752439
-0.8209388308960538
-1.0738169186578574
0.5820917668374319
-1.631006667392696
-0.13686904777163728
0.6438274010201714
1.9955486215453007
-1.5192920946783681
-1.665487827886012
-0.03648277637760583
-0.03976434852662344
0.9013936006148116
-1.2228641639786215
-0.8154922609895879
0.3951298614287132
-0.44445289614776445
0.09810527066731561
-1.3403954985056925
0.8965325741228015
-1.299723138877014
-0.5479851333396235
-1.3389372057965576
-0.4099924971803849
0.04255610870387507
-0.624114488935063
0.06909135000750588
-0.7141219916280744
-0.8878832549344455
-0.7382478643005506
-0.6893635078622713
-0.42310792525844554
0.8643194802719489
-1.4986212109532273
0.6637388484068332
-1.3672201592051598
-0.6618163266084769
-0.7610853699328858
0.6361054501863644
-0.9510076520590335
2.0449257783357604
-1.78205437127744
0.5401406393302097
-0.47043446749717677
-0.9687947126598093
0.3541588299420482
-1.3368743263500056
-0.29378187685330337
0.4427195610509867
1.5472113255515318
-0.30233595813206554
0.8181773092459727
0.38190468788834636
0.18091046220935292
0.23520137381148992
-1.450861913682671
0.08058692029092912
-0.9163890831311163
-0.43006945616522585
-2.9486523250222296
0.3748027683092287
1.608013942732121
-0.870866745372155
2.0382985247508727
-0.5171624199679379
0.3235483451913427
1.3066218271125454
-0.7627936062148383
-2.089986881954218
1.5644356387348943
0.3771572234764599
0.7805745766826593
0.35480148006279916
0.09078384582283062
0.13198997281385255
0.6088513854358716
0.8934975197024628
1.7302611501241625
0.38101671635102474
1.4236774012064717
-0.27756259371678327
0.44747384926352274
-1.114544307625706
-1.0531257327900276
-1.827399274460352
0.10977263067958117
-0.294908630595664
-1.064236335399594
1.5824452989115994
0.18722250426975268
-1.5673905152851013
0.3846571744521402
-0.2660479694783577
-1.4287185441950754
-0.1506077442502882
-2.2798926713851455
0.5344929516404249
-1.4724444280315918
-0.6645575197106223
0.18674663222543558
0.28367075048118257
1.4344628943862827
0.21419525749437213
-0.4844050454979584
-0.7462609802818917
-0.3666488474194729
-0.01985305921847749
-1.0557357323148249
-2.2915791294716357
-0.8809131679244814
-1.3311897636052654
-0.5053686610557928
0.5916133749772897
0.39687362855933705
-1.777299339726864
-0.06513573899410242
-0.46742403958151973
0.5302741168404146
-0.4711862889935319
0.5094564079458282
-0.16732781269146677
0.06552282489754925
-2.790561079625157
-1.047397821028237
-0.3757070759894765
0.9365755646445697
0.9719125805464149
-0.3994586077409721
0.33812288764215864
-0.6800679810371939
0.18225331374425519
-0.9518362182412516
1.1961682142166215
-0.24927991073268888
0.24993044558855806
-1.2029781808775488
-1.0989891996906014
1.2810842789152197
1.5042873386329185
1.1781726132424721
-0.9025800025886749
-1.7525306026615624
3.13550030215973
-2.6788187410494584
-1.5880057359333768
0.6667673152040653
-0.46446581637774775
0.6187180610179415
-0.7289830829354487
-0.5506261623953596
-0.474647145507341
1.0061107451906337
0.1623059195798256
-1.1054794302458921
-0.30579820401607627
-0.9649358128521672
0.9404489828706415
-0.6173262258278677
-2.4518297475426394
0.35411760767482864
-1.0262875667470541
0.8683774591268909
-0.4140630204183411
0.15213686907502502
-0.23599948511996058
2.0609571151250665
0.672477705325225
-0.044826802278853384
0.2674890452357942
-1.2572046395375085
0.18597803860441578
0.35991013615524997
-1.5668520307695206
-0.05697015771342713
0.8264366640509943
0.5352018869845235
-1.8589619189517117
1.543304246718294
0.08186916384913953
0.2527582771170418
1.207434565456021
-1.5582575806726524
-0.9189803592811802
-0.07199079844199803
0.556279370406423
-1.316113924492319
0.10814232810243421
0.5695623887355227
-0.9114028303520006
-0.4165565603267819
-2.1753465180870992
-0.3741468864585025
-1.300698034151585
-2.211601848141524
0.48675789506843464
-0.3694570961254249
-1.318220337232205
0.08357936593439609
0.34006610697538625
0.3954494444160195
0.6231439893527583
0.5007325602010487
0.9941455109158371
0.018651010211958537
1.4679142470454576
-0.6179689438878464
-1.3226645939882877
-0.0644963862484515
-0.44428398898598204
1.2342171823426689
-1.8330764399231838
-0.11363930543346842
0.31748645877979975
-1.4596388588137879
1.685767100000704
-1.973545263481969
0.3871694159983039
1.1737124119438607
0.3862761142401094
-0.06356311259777783
-0.39407496704072786
-0.35091677046715647
0.30356858911129403
1.0787402890698106
-0.7968077269953318
1.0430497869643311
1.1863683008531036
0.23186178500740479
-0.39218657433854903
-1.6403513707330202
-1.0981554074456803
0.20794003302405414
-1.2464473131499807
-3.053461271787295
-0.2593793058036952
-1.1398604242566075
0.09276470420499158
-1.7001402708661268
0.9962468301818549
-0.05282774419237459
-1.8244084582476698
-1.214509516105896
-1.1579235523240772
-0.516582409514033
0.3717190984487645
-0.9725361797725767
0.33150679797010524
-0.01121304884573446
-0.6773148566119932
0.7467746506922701
0.6081142423324394
0.6375422418050667
-1.0811356663929579
0.3044041371964412
1.3081114535242946
0.05477940935815643
-1.269926814536662
-0.5803308964539273
0.03727866885437324
-1.164277109195681
1.2629389764968992
-0.6356393872958849
0.3271804335911747
0.7869382433072261
-0.5295524835441772
-1.8549760513677032
0.14436585055134613
-0.9694401432027231
-0.4059188863416982
-0.484905607828204
0.6292512849291836
-0.8115132668852846
0.6023200519282698
-0.4698673866563187
-0.15655027270161742
-1.378857382594554
-1.787356482638768
-0.055293270084031475
-0.40288091908462337
-1.5521208657227747
-0.39988402971086445
-1.5754321370851703
0.06184786207631
-0.5529559804026675
0.6682078558256475
1.1215609244073956
-0.30665955481652296
2.1109576232394236
-0.6258467078775697
1.1754291270483903
1.314540233934478
1.105745104646872
0.20836835560303532
0.09209731971522983
-0.46531088545424143
-0.9822912071063853
0.6432248705404057
-0.896747633388435
0.8479637591757798
-0.8780044536549969
0.5601582025588195
0.5916416387034498
-0.19026582273788192
-1.0151880699640323
-0.1887613882830276
-0.06930506365429827
-0.9796375336896684
0.40888115897373567
0.4931376899352057
1.3242727241366716
0.28726688993969385
1.740855772627138
-0.2228137540443544
1.0214390035866983
1.2119675221437332
1.0734893699863088
-0.6220156829429614
-0.33700730795251427
0.26489971383746114
-0.7031850233439177
0.21281623467499858
0.08391661944695797
0.15842623478697734
-0.31959088578233236
1.1429097285363672
-0.46568230965028384
0.08871882979293358
-0.4143736900412011
0.9123080912319822
0.6056442669146106
0.35249121941295286
-2.6497746213920754
-0.41189419331164545
-0.07183391382691952
-1.4699659873542061
0.8190700749732908
0.730188590219247
0.4145788998767998
0.9181654582909335
-1.7495292126770121
-1.105823259231644
-0.12235762768717966
1.7548078504877542
0.9767478804333014
0.44455509258361475
-2.034007570968192
-0.1481572067163577
2.5186637374097622
-0.2609195838819057
-0.5190091881483456
0.22045378329035933
0.03767474233766143
-0.27283437718477527
0.1995395757944399
1.155885186816274
0.011663213241414571
0.22076609219990906
0.08736484977222203
-1.8975566036769818
2.3028294557344453
0.33292831804378775
2.067178563369618
-0.20908266519038748
-1.3126307283367922
1.4854245202671428
2.972166752080603
0.48040130949229454
-0.1400417063497296
0.8350258589418414
2.8895674849400277
-0.38344065121290133
-0.3688734977908559
0.4553025544388959
0.4374540350323715
0.03686737620527438
1.0574416597325142
1.893838872062342
-0.30513670538307747
-1.8232955911134696
-0.4925595516556983
-0.7610224115061826
0.5251851044421489
0.7412273778378518
-0.5504891748134083
0.007172729692589749
0.8060439326640906
0.19346297516785166
1.1240014581017348
0.4393629925134169
0.18912698495180683
-1.2446418986739118
1.2739399957087334
-1.3620714883240443
0.6783527312826176
0.16028858514841546
1.1448944492931667
-0.7058658948144738
-0.6835083070267564
-0.19893576386180306
-1.5528865668132006
0.803527797363861
0.238527559034111
2.9444611038886492
-0.5879178381565304
0.2795076851508519
0.429424236787317
-0.10124305214493061
0.2866487849689717
1.6373013525532023
0.2571288370543081
-0.7284947380879416
-1.0239210538753583
1.8931392862184913
1.410183136746013
1.168755620674399
1.110947094787438
-1.1163965843665944
0.007536459642289679
0.3442009653238797
-0.5399804534000234
1.203903780756564
-0.6764936119190965
0.15544588446265561
-0.44917997543009414
-0.6516882707263437
-0.46215620372783345
-0.9365950924348787
-2.1072524040398655
-0.003455233578731972
0.4880116545426381
-0.39841955880679486
-1.077437963148233
0.7974746282446961
0.5211715995575351
-0.6302603343142692
-0.4808405311667703
1.1743790917201022
-0.4061327550881332
0.7841719626608568
0.6980533877898721
0.5361830129391774
0.4605195311347632
0.8048658399821239
-0.2725527759905384
0.4007517608211802
-0.6823113840086982
-0.40663263502519414
0.5704951590037947
-1.315726891567012
0.6685280065642626
0.6515598535821637
0.40056458651895416
-0.5149264512407664
-0.3312953085556841
1.6596273230634992
-0.581720600798701
-1.0868196682171711
0.5103697600782304
0.9247239665275442
1.8078218598471945
-0.22120313704651065
-0.2959316932291653
0.15006983692429587
-1.031787698733258
-1.3579216545688904
-1.4822034719398813
-0.6382483901579802
-0.0007225195243823108
-0.03809898753713592
0.30058894952420634
-0.9992029662185222
-1.376016042200768
1.0726571905296773
-0.916041880274578
-1.7702722452814506
-1.2183436479487002
-1.255682727814798
0.6598679238780094
1.0179985279770296
-1.0716939969006667
1.5550877228819304
-0.31653483514124
1.205253385935776
0.1766205733397793
2.9919867245089264
0.4509151547195406
-0.6653067661440498
0.3230545235193826
-0.66332503107058
0.849981011974014
1.494856844266093
-1.1717908640460486
1.0653909356821307
0.41045603531822783
-0.16250210226288322
-0.44726538183426234
-0.30318206599658276
-0.5836865532758019
0.5990419762703727
-2.275495507842318
0.17749978753315068
-0.8370621721059877
-0.5159445499460615
-1.0064895601586499
0.2992547602446432
0.3007115575834582
-0.130475780215247
-1.3128286173115078
-1.0987219831695068
-1.636694378854015
0.3084464250109245
1.035327402305298
-0.2884422394828496
0.6343216703320914
-0.4665736939943423
0.4420563411727461
-1.6090609737205974
1.8895028253470967
-0.2565450348065796
1.0274934394086968
1.0487868631407622
1.4728386535447224
-0.7427556055302856
-1.8021410386154448
-2.7567306976183805
-0.08618875567283292
-0.6383969926138375
0.968590496909399
1.0319932598295782
-0.22728514064028038
0.05623766262586288
-0.8857236848686519
-0.6070497377471027
1.9915118128204659
0.7064874587041364
-0.7793346248920549
1.1523504674368825
0.01918206056657958
-0.7499987431402828
-0.6482495721056408
0.12296221075530232
0.7662569673887568
1.0515347691079053
-0.1784959084927691
2.289672989888484
-0.7175513549225333
0.12981810672636618
-0.9023342346738162
1.3685094254280672
-1.0409078586824034
-0.5114870221540998
0.8388866335832735
-0.6742724704391256
-0.195952378687551
0.9029874097354156
-0.5326539351030095
1.2720726723095315
-0.8004605701151366
-1.3980779545918964
-1.6830526430920065
1.1811666310757856
0.30291614538792017
0.5162280345780257
-1.7763774554094722
0.5906240118357787
0.2182184457413024
1.5761284220829959
1.6481238137175973
1.761595791952955
1.0962364175155201
1.4301506942014208
0.5715438910308851
-1.615026214128312
0.055136800658896604
0.6997442024252261
-0.38741509636135346
-0.2245589623384087
-0.7614056335198339
-1.3131910609335469
-1.606810367716235
-1.4854072499900537
0.38512738412362346
0.28913957214635433
1.1014087173203209
1.3997946940192016
-0.6807536084585675
-0.5171571395212344
1.9998126873700304
-0.36193788742899613
-0.31492191410768683
0.07139936627086312
-0.33664615251708896
0.21585271266444328
-0.3287935824603547
1.3206725015580079
0.19371624767511844
-0.07893351815212432
1.1097111228698027
0.24152423865580724
1.1877280898518967
0.4747191370912994
1.610052015162004
-0.31864141922034994
-0.7133342335015083
0.5830689359727466
0.521562980057082
0.31128998381647277
-0.7120315330219772
-0.4578613099605483
-0.41918139266175136
-0.1532455567882004
1.44903107925041
0.8084535107759088
-0.10981077296119895
1.076038663718469
0.5038783234561373
-0.908551973447784
-0.8376536890025407
-0.020208624153444182
-0.5786418340924283
1.127225132957423
-0.3683550624509562
0.12263383939882583
-0.7935322633580593
1.4649205820330757
1.4091571021334683
0.40255735877894366
1.0155741065287038
-0.10763034067723914
-0.1396278204578642
-0.17135899697909715
0.9564941730541462
0.11901821376384386
0.729572668107064
-1.1230041078263593
-0.19474417818442147
-0.652902548533561
0.4979823624157296
1.8885309618782575
-0.30170187628815853
1.191041853422823
0.6661347470337252
0.06973927513280267
0.32287586235557353
1.4258554634801601
-1.0234101753814453
0.5045953109776908
3.1637863072774395
0.32340152095036295
1.6072106034733087
-0.24567367945291518
-0.7689023157684866
-1.1810595527932692
-2.218583654158565
0.5897879868374987
-1.9446262299995594
-1.8077961297132834
0.1304509466597478
-0.8137311422076866
-0.02540209197874173
0.8657108679054867
-0.30328283926026584
-0.5183474861944835
0.10719403403729454
-0.2578813316667207
-0.617339693628473
1.8008968616782763
1.325498898425194
0.7315694289792313
0.2795442815564696
-0.5650987900320139
1.8638259978279144
1.045792756560094
0.06469008783939972
0.41271828716391556
-0.07776474845281282
-0.8782898914118763
-0.8343140939167968
-0.1458303467559392
-0.6294386110667536
2.4617249186971866
1.98784123282649
-0.7895675951347866
-2.2309185899630983
0.05287364871284449
-0.28264209219824393
-0.276562202416844
0.24025401490127146
0.5424863518256493
-0.7779145451431247
-0.2418227974534429
-1.471249516330931
1.1170917504644136
-0.301822636287089
-1.0240278626036377
0.45909768484472496
-0.4818828902604998
-0.567728888422936
-0.5833510353344269
-0.5808404833112573
1.3104717805291213
0.6774645001988
0.015491868911305804
0.538573742962729
-1.3986050255459186
0.4309700489577512
-0.048260080414990136
-0.3283436146028102
-0.23589799586320792
1.2653405400543434
1.4908433528074656
-0.22391410815324891
-0.2684356697631929
0.06788032856304425
2.196453492216869
0.4347272471032357
-0.9009543375277463
-1.6756782116169298
0.39484492038368074
0.3796384720199846
-0.8170011009980372
0.37131030072172205
-0.9643536614739674
1.393230001147867
0.511424142700043
0.21868200625584566
0.40848349156645575
-0.29197258394799297
-0.7990364605641423
0.2380157295156546
-0.6458287312202302
0.23088243804514463
-1.2535715607350357
-1.794445640704573
1.4092946741070655
1.4438249999549466
0.8698619158628388
0.09852527737860382
-1.6865504048100948
-1.294754986410477
0.8596959121382354
0.9373353310533111
0.15059318688302728
-0.6704285695763654
-1.1991526127774992
0.2332094822099388
0.29515851241321267
-0.12264586789164958
0.5162844755770554
1.0087551706577746
0.04720227821681114
-0.8422352329648608
0.31560223217926864
0.11046867960397581
-0.06397905127441103
1.04266855887338
0.9888676585031264
1.663742113023915
-0.5456236885563089
0.879205252030269
-0.022306264682771044
-0.8234044160554823
1.0396658647388322
-0.733319586274991
-0.12920955528069666
-0.6403496065428473
0.06779419308764745
-0.003288832179488196
-1.7757320215494012
-1.3729516619750972
-1.2803020705379382
-0.9655428545558357
0.5602383002647698
1.1872677900313804
0.30725850274159705
0.6129463439095558
-0.550115500314385
0.1633615823455886
-1.3659555938605923
0.7093819220927375
0.8154724940240411
1.3184630043549468
0.5665217870266858
-1.0061112387844402
-1.7806521096666814
-0.8621318597241275
-0.0858664000736612
0.023355290800525248
1.378729346924101
1.1017272087244856
1.458293372226809
0.007282936095003208
-0.59891010193542
-0.23758225620927162
-0.3873869053899986
-0.08091482583783113
-0.6195614547004832
1.8361361669146137
0.016476492114215632
0.3487586028733583
0.762047208738764
-0.23578736200047568
-2.032567529339041
1.5560005901829514
0.9170412863423076
-0.23674142593906128
-0.12208373709945737
2.582213855058045
-0.651730507158642
-0.5022021219196302
-0.7863646205571774
-1.167715070326634
1.6526418620128411
0.06866264525526207
-0.7034112089953536
-1.1138454977303587
0.7900849808056031
-0.1859629634641672
0.2537991251720978
0.24858824918730738
0.610440510148285
0.8371396470437075
-0.35102567770952436
-0.14989469817161205
-0.7306930397104883
0.8944408779979006
-1.2145610394052655
-0.905374710162278
-0.6028453556148005
0.9713909436084212
-1.255759635525104
-0.24001309843871865
1.6095524858219319
0.16475512765304742
-0.7059686556699452
1.2562955528631716
-1.1944446530831634
0.5881240489028694
0.10850295091184921
-0.45261768090900617
1.3175737615655312
-0.3126425003793647
-1.2431836272993175
-0.2507341636351352
-2.1729133787872605
0.6449517704927368
0.40308922854472584
-0.584762374650514
0.7592206739255309
-0.6956518581663321
1.4347904228924548
-0.7957723608402358
-0.34409907234378534
0.3232218957149734
0.7614561967528006
0.835984320592438
-0.19504733237260824
0.5703199748739848
-0.25240412294213654
-0.649769417188314
-0.40252582353368693
-0.21519121416471745
1.8196818837255697
-1.1860611519543278
-1.0277253487717013
1.2457839721250354
1.4153834698251648
-1.197585004438039
-0.8123464256918255
0.286204319914627
0.6746342849353638
-0.6955123109707397
0.35069218475396796
-0.5064870758187495
0.6999295248233631
0.5360565899546129
0.5371088407812273
-0.20441328681885684
-0.5945038935750486
-0.3398871876274773
0.95091361035842
0.031924101419496635
-0.7376196938942936
0.7435671614794013
0.0788253482819635
0.46958637847077944
0.2386278553841543
1.328183810209377
0.5228811939130095
2.3529560416397506
1.614673965588752
-0.605745436712799
-0.0361004816839166
-0.9231819210851151
-0.7550780644102975
0.656078547528621
0.9874293612820165
0.9540868249755323
-0.556618489555906
1.1518250129106624
-0.26426263496278457
-1.5256589825985851
0.5265869267587958
1.003487614769924
-0.9384058412848748
0.8132773530016933
-0.5941529368191834
0.8239691468672276
0.2895925792754134
-0.5404484964892772
-1.0064533285655102
-0.6736194614899944
2.767282346827038
-0.7697131528270156
0.42319774912179264
-0.21552857239561035
-0.8675926607578088
0.14142577352156888
2.496667892255961
0.6966103431482908
0.7864236820130558
-2.0058802801730256
-1.257209121532319
-1.325488103874289
-0.9394160719158116
1.0823304361450572
1.1542093840038643
0.8826384507689059
-0.17831560892468018
1.3175755453406441
-2.119780988684724
1.8698867013084022
0.20102578901781357
1.5385182324717137
0.933951846141246
0.8062291571022074
1.8070824960030525
0.5758830408547296
-0.35589159215413796
0.44028995771372603
1.504216104894014
-0.15321179729949647
0.15050918192670543
0.32497989313617587
-0.15362746068353478
-0.6330893036941388
1.07042395318294
-1.2694835233197612
0.04561580370529394
0.8175159754814343
-1.5864913200991633
0.5218674103336278
-0.21579954186616634
-2.452388546589657
-0.3516029731713177
0.21047340511749166
-1.8585431911788861
-2.171522847569148
-0.027083164806856307
0.2595850196385402
-0.95977775328596
0.002381113154296681
-0.792529043803586
0.29394586206789086
-0.5607038516098123
0.6284747528110157
0.7746912374312593
0.9698914488490136
-0.16529332517266399
0.1865903320305176
0.09767168926210817
0.9193669863484092
-0.8685384265805722
1.2900803241621521
0.8390124301090339
-0.52087680495859
-0.4608073921756999
-0.08497271652939296
0.09958619619046215
0.8645737331124668
0.4515758006457267
1.7033172289228362
0.1653455477241061
0.27812314562049956
0.742607145758096
-1.6715268253061093
-0.13661554596036352
-0.35670516468985874
1.2777714935968634
-0.21189863630202976
0.44970218385422495
-0.16091006875284258
-0.7333193512127999
1.4977658622347265
-0.32139255724017746
-0.561775564154147
-0.11996262830663333
0.33339609608553816
-0.2755571833164963
-0.9975613021243596
0.511155799683951
0.5031159022362542
-0.10542338143723222
0.35673337897773333
0.5272620927873549
-1.3888714940545615
0.10357018631477721
-0.16468485508549568
-0.07816318571454843
1.1120568549489558
-0.41935702238978023
-1.1993702338816556
-1.4755833001969918
1.3906612438514039
-0.7105008947011597
0.9943966528930684
-1.6077088605485823
-0.4130077433312423
-0.8881681132678912
-2.4073307217965887
-0.8797818891890332
1.120764556266962
0.8121023817412244
-1.1250424647775945
-0.8220224472354388
-0.732028054694873
1.3617135688371094
-1.073005803171213
-1.7396938658115946
-0.9455256633532702
0.9925214552882373
-0.8476045580227843
-1.9734634447906332
-2.9205586121480307
1.508038394558343
-0.013966164072156312
0.41787826044711696
0.9831579695392848
1.7801515410221065
-0.8982380601722734
0.9951700802289454
0.20134607796142612
0.3459371839020739
0.5119312836071798
-1.5738854486101963
0.14237701634121944
0.6559379604253216
-0.9502275112088416
-0.056479063423847745
-1.1444171864454276
0.38461569484098146
-1.4288521070121236
1.5540235232911552
1.1729648673687423
0.5476551858802824
2.654379226878438
0.9161020286484651
1.1890347507302608
1.872855509377402
-0.7306796734859227
-0.010211540275142025
-0.4438488325582867
-1.3027541893234542
-1.7795905218315862
2.2902370261806597
1.128026236760763
-0.736056187617266
-1.2578008620468288
-0.021518665788059346
-0.8133297003708577
2.1021881600639127
-0.293389863607247
1.6024696157890763
-1.0639554443645542
-0.9644850949233572
0.6010982937664981
1.1043256536983088
1.1232759698825072
-1.0692383795662823
-0.28720780325084067
-0.3713292841364533
0.2684470155253495
2.0539973003513143
0.3447055960294917
-0.7958614296336551
0.3309586151739028
-0.7675829502724159
0.9040833915543064
1.1214404384748917
-0.46980865793963417
0.9918904051246943
-0.37350260156727794
0.4585569622026151
-0.23582716683507024
2.094241746630069
-0.1407789420241804
-0.5464904276023871
-1.5385855383523257
-0.1764776886251537
1.098111121010394
0.03966181173949997
-2.276761512796327
0.5270386486032613
-0.416317859572452
1.2015618928117333
0.15144882515345456
0.2772884275295663
0.5199781584999414
-0.372582414251785
-2.618031394853527
-0.5369659812033416
1.5524561342592882
-0.24553780942392123
0.9668145668039141
0.10212982696475362
-1.6624234792944481
-0.6648535462958988
0.73247754073338
0.07903940240011181
-0.08132026848863767
1.1007917910486729
1.3323007856621185
-0.40546484652704357
-1.0247642128471346
-0.14761808130587126
-0.3207616142345823
0.33297889366436567
-0.3827069462623279
-1.3440435431196809
1.021336332373595
0.7697008700601219
0.36276668986834315
-1.1917432113814315
0.27282638968299394
0.4652236146356333
0.047299668280569945
0.7674655316874243
-0.8090246478645419
-0.14843494371490287
1.2621784760637127
-1.7020612296319717
-0.6209147845835351
0.5383858817437234
-1.2980839471667216
-0.23072212981732232
0.23266148894512143
-0.6417895122892937
0.023366691693112476
0.5227919282979877
1.5040516708526628
-0.277204961599105
0.13374159968812194
-0.9079931500574746
0.48594576216015367
0.37515582392833136
0.6923425840587342
2.006835999939318
1.7901013724864032
-1.8099498793869195
-2.051418495781058
-0.7149924249834182
0.8192586592163598
-0.3792092611726316
-2.2347807157718265
0.5024706787031866
1.043516488930576
0.47457825280522165
0.4831818906971367
-1.0644025976725373
0.2879885655319281
-0.011509057585987992
1.3053667674104692
-0.4366007840844669
0.22677885908072434
-0.9525820517463632
2.0758024396593924
0.40809493735035696
-1.049037001247104
-0.1342112589263373
0.32488332672191234
-0.41667023430004485
1.1606170749766977
0.9033964041572352
-1.1244635881593246
-0.2676847554988479
0.6909178642359303
1.032662115735359
-0.00387684319140831
1.1893801135276867
0.4225220709798836
1.2869235817173443
0.6496463592961546
0.14099982749466808
-0.4811340795558363
-1.0792740916738017
-1.1236832289731224
0.2764284983367517
-0.4936501741361967
0.5305186075895492
0.3954018901015351
-0.032390739416515366
-0.5152486449346952
-1.4787214656942107
2.6129076808009573
0.5949881926763386
1.9850289922078845
-0.27819989788487665
1.8875709470580073
1.359214053785751
1.3965753369100566
0.8861440907393118
-0.6265027708390353
-0.5167060458016327
-0.19455383163047624
0.2856725585068298
-0.2449839544553419
0.5202349757354799
1.3491415050724969
-0.19039070672371589
0.039675745122424944
0.6123687422356981
0.5101305807053164
-0.2703956705645514
-0.5378551703929725
-0.19227294513676677
0.3799746508289135
-2.109306274604914
0.5133021241891156
0.18412670820263558
1.235645434360155
1.0427439907486564
-0.899125718263767
-0.4581328892942256
-0.7812007018751426
-0.5253076594485762
1.7785164490196188
0.6723380358658041
1.5897862512302188
-0.879941995474713
0.07040959275830573
-0.2580179994376016
-0.4075926639548916
-0.5193197101455888
-0.3178644785762621
-0.046871343328047654
-0.41295628300026077
0.2135382378630524
-0.06988881482465616
-1.2774159882914697
0.704238615555629
0.11514848237310017
0.11672992171004191
0.7911589312440057
1.4087123187216368
-1.2571440365350983
-0.36999848940927016
1.5101093197498785
1.0543438238587297
1.0499284279222107
0.9440285311223926
0.5065280350015696
-0.759720659818188
0.8619244514036226
-0.1209080158101319
0.14772124740078368
-0.5216518273032719
-0.3273961951663949
-0.6705435529193783
1.3419709815025287
-0.7404002007358922
1.2729187054585553
-0.9005276691737368
-0.7569899972383541
0.8053273377757122
0.2490415670648676
0.5620159439537743
1.7586907785567831
1.5866645248215967
1.320774455995822
-0.5750932947331769
0.790128323430433
-0.019551358771355346
1.3471244598781296
0.4953187981073857
2.14518511669758
0.43062415297231377
0.8117096399574684
-0.5263896094129784
1.0929615198375304
-0.42157853044029425
0.6820776116700241
-1.8888530332930695
0.28571324551580257
0.42506791548706063
-1.0070919634563535
1.6581557519364878
0.8344733936633291
-1.3804400278788265
0.10687693688933562
0.1314628379230724
2.194844191504917
0.5345370192795893
2.2534992328279806
-0.08266322991755254
0.3443288750832929
-0.17057426024130376
1.1170457725634968
0.7508053407356398
2.0611651292632605
1.1048807904737132
-0.4640605653820432
1.0485362004670666
0.1345516099430959
-0.3131306312178529
1.2485644036074504
0.011511610857348175
1.6301699344076312
-0.25072116203224437
-0.9795711581639617
-0.01707237926512921
-0.08322016130336349
1.7469595402670988
0.6837427089303598
-0.4167968112617716
0.40978445996544244
0.18194794671070436
-2.357095084847542
0.07103259147687721
-1.5843406455020668
1.2882010195762
1.150769296538509
1.2119269037410494
1.9887985554571597
1.251076405896408
1.1140276261255628
-0.7815019150736789
0.7032438164470125
1.619371511833629
0.6523381306826856
0.8761783382711646
0.7289876477280957
0.7259920772447603
-0.3632414290806801
0.7575345347128409
0.10302636400509023
-0.583441193353997
0.8712911758038754
-0.7499523046339143
0.6889982239792587
-0.6497007979143525
-0.4736127421546051
-0.05787982280324538
-1.6086036374446084
0.4492492100018256
-0.8480203958581556
1.4198112701040582
0.366739568331881
-0.89647766208974
0.830705524651001
0.6203932733544629
0.6739895134635692
0.6021107378111029
-0.04615691314594873
-0.21652648640739316
-0.5016977429422027
-0.3508324916853906
-0.5517594324507415
-1.012014076001196
0.02964415982986626
-0.7698539465837024
0.2704153507530805
0.5194002425053879
-0.15869980583226426
-0.2523022925290005
1.0311373883034245
-2.5748091502676282
1.486737465497408
-0.24065605056723605
-0.43897888754011616
0.1869267060490402
0.6040688400435208
0.4922844263282138
-0.3494004675561621
-0.06909004463270337
0.4242143599105946
0.11027801132040672
1.645239738437966
-1.284856436011695
0.217974140224631
0.4176377750951081
2.0485463223535905
0.13110845610588903
-1.854953807008409
0.7220918627213381
0.3813987498455717
-0.6318704059664061
-0.9532567067052145
-0.5037106577831494
1.4432860552355717
0.1532973077658974
1.0501151968196307
-0.3704166645067788
1.0105242912383525
-0.826569888776589
0.8843238313644506
-0.30479357308560395
-0.6240760795978881
0.5018924458286669
0.06711211921922038
-0.8274413308867062
1.7191894374943697
1.5214124748580318
-0.6424304421571152
-0.6154426172274058
0.965033196894011
-0.8091320948062694
-0.9149162723474713
1.6547580693362909
-2.66460853482279
1.880593945119435
1.6529567308150777
-1.3416653878954097
-1.5093821058105847
0.38232274763707097
-1.0045099351258597
-0.4691595461985161
1.5109079441645452
2.506184133623693
0.15474862344765244
-0.992945308414752
-0.257735925552748
0.4456920200292511
-0.21872523520107043
0.5458090277092852
-1.9912176621373976
1.445925312149428
0.7500166090193143
1.2346995292456469
0.43058573037244785
0.028049528213117743
-0.9075967944257428
1.691681915944361
0.1045126104584842
-0.3830579665316379
-2.306242150830257
-2.0010955161260933
0.7830937732048961
1.1261669888687857
0.5142073602936081
1.0830445832229656
-0.3633432149271926
0.9027174114585927
0.03300639644341517
-0.3247654847102866
0.9504661885338423
-0.3450205795437794
-1.1842233086588536
-1.2512810894369233
0.04933551613922324
0.26197576861578004
-0.013833555478468483
-0.8697385783714251
2.2758622650376847
0.6416615602291724
0.8481408298161738
0.2121229876267267
0.38330532635666653
0.6202853093340321
-1.7799529398440115
-0.3698248329572367
0.7658171483428989
0.6104984831231551
0.20109378761652894
0.45355574367086854
0.6950551446367663
0.45807618044795
-0.6106334737043332
-0.7350447714363625
0.5418405939260016
0.25781833498927526
0.2409513414019051
-0.7564826030014904
0.4092907489975996
0.8112529295019577
0.5859385175224877
-0.46669351345260635
1.2985228916650442
0.5636699028300769
-0.8511318160187055
-0.19035694530501784
0.438942948470772
0.90237967286845
1.4328091472353257
-0.387548403651688
0.37921035817571047
-0.14086600139433722
0.12016339010450397
0.5591870807546767
1.7204237619499596
0.8323504334405449
-1.0369000488767295
0.17211530663006092
0.799234983344152
-0.005326092995235888
-0.2763450750279731
1.4860120625598652
1.2858109183635997
-0.7719933989934545
1.2707608494555982
-0.2554450143596822
0.0010121807923858825
-1.3333301669914446
1.5347300888970092
1.425956432444926
-0.7266508388636912
-0.8170053287060998
-0.2601152700054175
-2.733297671972678
1.065017083126018
-0.9413811009382368
-2.1372650004948226
-1.184687717239677
-1.1316414984612162
0.47985804888931727
0.6970443983027341
0.05962920503139931
-0.028902882447435194
0.1744619718970184
0.051905156193362424
-0.5376218133143255
-0.2317214025306912
0.32619954680327934
-1.5750438453149578
0.22728262980177993
-0.6793252465903723
0.713733373384423
-0.2100444760571753
0.9376538646486464
-0.43436454279958187
-0.10374621998838336
-0.1601836075172845
0.5600116156817802
-0.9574438166133998
0.26071348497544056
-3.2637671931128263
-0.7320529071984992
0.4274208976214216
-2.0966941823332776
-1.998685781680992
-0.8456466116673836
2.0674671806451945
-0.4052441042446647
0.3293192501620446
-0.6058340134982216
0.7157508902793178
1.8444965621365401
0.2735211956553144
-0.860697112905441
0.9897551739114652
-0.691634943921361
0.3869702813443674
0.7059570274389729
-1.02104812928801
-0.5201821916473148
-0.5937072387590049
1.9812227948982284
-1.555790495911208
2.380564420021472
-0.07638759067319038
-0.2964321026682424
-0.14990040765596946
0.8738513116478525
0.6464899773703221
-0.6847447336726238
-0.954245759163171
-0.15684224960273996
-1.4167028100910604
-0.5335176686813001
-1.065986960063521
-1.9605583021430477
-1.5136162511687488
-0.11743483931843657
-2.2355088681634703
0.7330402037340948
0.35936159506205617
-0.059693043482031256
-0.4481094633678221
0.9067822900434229
0.10832260040324758
1.5084365407183051
0.768037136053564
-0.06664329402379393
-0.5816361273774235
0.27162415575448934
-0.18836538718785217
0.5426902794839631
-0.2921626035873178
-2.3742760640102287
0.9271891599424131
-0.11545060653059015
1.0402775112657905
-0.9061517243120545
-1.6213742537713236
0.1593796089178173
0.4245625590062857
-0.32323570497508014
-0.3022048252838716
0.3959426465112069
-0.054048821250627786
0.0739397383846381
1.0871654284779289
0.9199163345605603
-0.9092382847924043
1.314386190256614
-1.2091599897086882
-0.7800149451088386
-0.6862588986574538
1.4648547509674688
0.2167362126602596
0.21935346167661526
-0.6435116760558449
-0.0022249163217879205
-1.0927150834692232
-2.871650442881837
0.8445894527368857
-1.7434620216102128
-0.2103358906777353
0.047681882754950715
-0.3914184835936196
1.3138976191279312
-0.4693962217247005
0.23339068735731872
-0.18051350849770112
0.9006576678316273
0.519540588190181
1.4185071390465394
-0.04925522337178942
0.5929424699960292
-0.771330777511743
1.4340855142288171
0.33100214414445644
0.08697424121591785
-0.06547648989629265
-0.24615026558087003
0.9059159763790608
-0.8027094804560869
-0.748631659113018
1.09295204450821
0.5004218558641008
-0.10243658575895116
-1.5019770358269895
-0.95036770179763
-2.316186427134846
-1.0531972048829483
-0.11280163180817773
-0.8686515721034576
0.04753165182960655
0.6765853694659283
-1.9291725933019568
-1.09009614436243
0.5116261644138486
-2.0385979481255423
-0.5526173874826377
-0.9121276976103458
-0.2333937685232734
-0.8263299254279222
0.7035086659543633
0.14108540403028452
-1.2128615328064123
-1.0683166592952975
-0.27651854191078284
-0.07717291891186413
1.8756369003962263
0.002024098514125855
-0.9289332976531048
1.2678201927017125
-2.3354883785236247
-0.9677568765796463
-0.6415747796041137
-0.5194749642495446
0.3199026353511788
1.3614859141898863
0.5868135576896975
-0.00948551950225565
-0.9873518796936429
1.3457786507921976
-0.4562534672950724
0.8996456978542572
1.414713239870094
0.6183668997699318
0.8084129672956362
-0.6640107333625641
-1.1542955225668634
0.02276325135883381
0.2395092353091183
0.454143784813014
-0.5499417432756983
-0.8245162379763661
1.1319896068599415
1.6883543951039188
-0.20234953532666194
1.4061207250506988
0.4243334420368164
2.1850109577512256
-0.3085872713786922
0.03360991581734445
-0.15907614446746451
0.33041641579838976
1.9350168755432164
0.9029599803144683
-1.5444797849960474
-0.12388605906028234
0.171179238128627
0.4848388332979981
0.5559203576459683
-0.20491519764167995
-0.10819253366257926
0.8059248500462919
0.15590749832650522
-1.0821826911786976
-0.34514651411990166
-0.7709893676226878
0.6714059382527977
0.019701733366368265
-1.7757734393895004
0.11836374515381654
0.8144709287753943
-0.436472016284001
-1.053302623325481
-0.04983943007202953
-0.3340659493820879
0.4641111671671345
-0.7350436622112436
0.3120484673836138
1.5110737921692474
0.9489236241406629
2.322888720896605
0.8092274057418877
-0.18975621507875853
0.9086868401814338
0.6871955177943015
1.8701604462678993
-0.03985293602270498
-0.47795849595974765
-0.532822972938822
2.3705223547271204
-1.080888143927286
0.6972727730681463
-0.4575297146040798
-1.9369956725851747
0.10324901529168216
-0.07882542959661512
-0.2263628492998636
-0.6370303563291377
2.2779059027728215
-0.043384747806120116
-0.7802205117001432
0.5081575731560651
0.546009400739859
1.1558642398165728
0.5406394632041693
0.04172096759630797
0.00730757285157229
0.8999634271744787
0.34186551319394376
0.024932982570239723
-0.4942901116165753
0.05014563757312192
0.16612523398572182
-0.6422614851015745
-0.27307524571816866
-0.9356721330883142
0.47183802090476473
-0.2839936398606899
0.576560060646856
-0.9164709231534883
0.3784868719698169
-0.7489467600547958
-1.7957294871540666
1.1128479109893508
0.7822570049172852
-0.5963903274761546
0.20641787401773093
0.840354644505334
-0.1365507013770019
0.7782994660344177
1.0664257760911946
-0.008295822091135335
0.7828880604432479
-0.49827395079880854
-0.5223950876507815
0.2110581290109095
-0.41545530703172595
0.516467439564829
0.4186874240067326
-0.18215201423578534
0.08690749561242933
-0.9219916638798024
1.28582581714291
0.5453634054935771
-0.6936990264221321
-0.37044834199845916
1.459378506210957
1.8499055440987269
0.07962123498991078
1.2023197079627068
-0.3140138142306185
0.1377851002678672
1.039928651200241
-0.5811488381771611
0.44523269245888797
-0.6968623654452671
1.013658082109251
-1.1132093897333757
0.17801070107878592
-1.1634527359609557
-1.1676859046166355
-0.1770642653208414
1.4872321652174987
0.6003046654670557
0.5277614447175026
-0.5880653679848402
0.6380881738303087
1.823426918597373
1.397544111386341
-0.14979307256165597
0.8760347182029603
-0.5657942352767937
-0.7926451177668443
0.6307089791003687
0.5992298737926679
-0.287601706272547
0.14850542209118597
0.07369694192370137
-0.10405435617335171
-0.9510347434199604
2.1027780597035526
0.9218898303098775
-0.34962733131632573
0.3223923503980912
-0.236297027008876
-0.7827077722523128
0.7363782779313249
0.3473875617488219
-1.4639833705629206
-0.8511437595292877
-0.21770249103474798
0.2914414685251393
0.18424822787585685
-1.429946079805516
1.231779317832153
-1.1373439894359245
-1.5572574943584194
-0.5278846586574846
-0.479757828988223
0.31284805784313413
1.3884914659914314
-1.2707055936437233
-0.5717383245946887
0.7109821547770749
0.5852472321120761
0.47340990098586083
-0.9047982135443232
0.025222159166274266
-1.7880463498677028
0.39407579364894035
0.5877688528195035
-1.1809086208404223
0.11589813981615917
0.3216819335521937
0.7668670651576923
-0.11286317686930371
-0.6961157888914037
1.6664795019368774
1.0493707897026663
-0.23026304373979323
0.4368565986702323
0.2165326582341866
0.9565790828954627
-1.625781376174679
-0.8892031790768061
0.40924067355957316
-0.2224837884448452
1.1402123831223354
0.08562235035927461
-1.739448676332663
0.7427672002800688
-0.9079127051054603
-0.3623418894840586
0.11461973958234793
-0.3380729839136113
-1.186690838405944
1.137454289563283
2.9484770573070813
-0.4659101314229868
0.33133216776442687
-1.3842723797451966
0.9686441953788899
-1.881154145193404
0.6954494994340376
2.499202677821221
-1.017479288941687
-0.5435361731296736
1.1909110610102285
1.0279963558295289
0.5891764423169427
-0.251994896189202
0.9771551205330272
0.09650433126453221
0.4516105328393586
1.0572972081331062
-0.5299921899994452
-2.343747332821627
-1.2393110376626866
0.9366868398612287
0.6167287131219412
-0.08591235291200951
0.8908703934323576
-0.6724672238463115
-0.5389870056614116
-0.8713195590889253
-1.3618592990602543
-0.015262764124386862
1.8958599274141652
0.9076032344660768
-0.6163986868822605
1.473867168399635
-0.5872969731497413
-0.70707825088337
0.659284278917046
0.3810142204946255
2.185427120349768
-0.8021406480359358
0.9979636594245089
0.8821831682072364
-1.7960850301396778
0.8041571261976777
0.8956932082954638
-2.820767005180608
0.1289909516577437
-0.4228707800684228
-0.1408708529699116
-1.4464807101276915
-0.6147026229935892
2.107038868619311
0.9507137079210722
-0.7759519443490888
3.4661369885134947
0.19509453341935487
0.3885217674831365
0.12518048349525135
-0.06795779083307214
1.5520068477784728
1.3846185700712015
0.12054400091468082
1.3541556822402334
2.0579994771191985
-0.04054894785369766
0.3775435080588237
-0.9727936742637489
-1.0979671728444829
0.028993735237211854
2.0133722644120886
-1.805102184697872
1.608878963604025
0.6393615132578138
-0.9565865912137004
0.5192979623173488
0.7110458199249017
-0.36201112376450284
0.6933375778747005
-0.5543321580619279
-0.28320173275199023
-0.8535723067399327
0.8114974510833133
0.6173259065985448
-1.2694173224081347
-0.5079140527984661
0.438271510659227
-1.6965074317672277
-0.34149869171326275
0.2503842251028779
1.0817904132720335
-0.6141687031112653
0.9061134197162654
0.37930575339985695
-1.486502861305922
1.1186003904795458
-0.8800619526869585
0.19540300545727113
0.6812979785276058
-1.5944646952744155
-0.26074381292150733
1.0821900007454217
0.07270057225748716
0.09273112036192765
1.4215103428318936
1.07532496249782
0.8215602637739329
-1.6000890005455712
1.5341908020965953
-0.02689107928239287
-1.0744595447432643
-0.7405377039674812
-0.06419178842018726
2.3821303870645463
-0.8959214084691768
1.0561285476586924
-1.1186172264203158
-0.8872620153929615
-0.0019721080672507954
0.49669263744077163
0.592341484495245
1.5284375411491966
0.9455799488647728
-0.7241716210332182
-0.49210895285276135
0.3991987887931943
-0.19263318342473135
-0.7012110028220347
-0.5921817129359066
0.6221636247736707
0.07876679695083913
0.3762831915317262
-1.0124799218427187
0.31940706214823017
0.2281223086297906
-0.1063134899560982
-0.6199372462851561
-1.165237142681024
0.9827921005030651
-0.7849234708684538
0.6665261072829815
-0.7762846064860196
0.25323833213842456
1.43496446343041
0.2804867049110866
-0.3501840955868078
-0.5697131163751772
0.11640741303002952
-0.094779348516068
-0.29885931139075217
-0.867372894369183
-1.3187605627012609
-1.688419295629348
-0.36604245644340694
0.8211490264435212
-1.192501033942221
-0.5621846506823741
0.8376118365135022
0.7901833431387707
0.1297867669397383
1.596102546982357
-0.6839883904029029
0.3426808171482834
0.1356499034816155
0.15999899037192505
1.2309497704442123
-0.7281876476174831
-0.8286759837240057
-1.5330494192036055
-1.3679387714591067
-0.3012148499298461
-0.6865078001078149
0.6204616692847427
0.29393937936271397
-0.05503721026065505
2.407798591452816
1.7038815981096989
-0.1510462112850578
1.0291641972848289
1.1239416560010136
-0.5172243459219503
-1.1742462205604574
-0.9638927357170958
0.6349842083941026
0.008433391541373313
-0.3945433485641902
-1.1288625957615537
-0.44718093638636436
-1.9285168103962245
-0.9149080562315385
-0.18091758946209796
-0.7568210065787905
-1.6866684939069607
0.5171147888603927
0.044973954574800586
-0.6614970082771866
-1.143943264954557
2.667298552682593
-1.2208623577163957
0.23682208024033646
0.8845973858940951
-1.0539782999100145
-0.5564723604072542
-0.5488928707326102
-0.19169784413016247
-0.3437292841618595
-0.9082872804941856
-2.411865138352852
-1.445462409976272
1.154075994308446
-0.8844202863605914
-0.9729204213938585
-0.4216425159335719
1.0291639328338795
0.1320326612328125
-0.25110806401491576
1.0912262921284939
0.9906399592357623
0.25143009319442816
0.1620435750587652
-0.9856264548956017
1.0218871281981037
-0.8757334202153791
-0.2931423310107367
-0.7265647695808188
-0.858077777355899
0.6181337677659056
0.7259746169679888
-0.7071796869183069
-0.3109922744716983
0.06444534242942868
1.0213030800861946
0.40696076883301807
1.91995965080168
-1.2814804077422772
-1.2655090345629671
-1.3114345088215327
-1.237804360835668
0.2079203643650153
-0.5435334869159543
-1.1537300234535606
0.7432759595673529
1.679648226986717
-0.1618463956326374
-1.5253428307432937
1.465847234356731
-0.2539756084506142
1.0593878162512338
0.9931247443844687
-1.5548431070005
0.484343638709764
2.8302498128570175
1.4322762091745591
0.846704747738907
-0.4032992133840553
0.5814429635482052
0.4578623688464921
-1.2878893957185082
1.1204588973067606
0.6091459459942167
1.2422980700482575
0.599452384430031
-0.5832037597695344
-0.3510556170524972
0.15963936552720162
-0.6632578291871157
1.3889465723417
0.7327869589764417
-0.5990123429003844
-1.124817599206167
-0.16791153568607634
1.234910133237666
0.8320497341375259
0.9541023114602449
-0.05620264556191071
0.2747789671555513
1.1862269863803117
1.395586143856019
1.6287804626408162
-0.8143258160791863
0.41095881857129907
1.0825673071732944
0.5014204098571797
-0.6520837982419528
0.6138181459884544
-0.8957284050145752
1.3375031032477083
-1.112235207114655
-1.6501522861824207
0.2220612506722584
-0.5821350258134466
-0.07269108379526618
-0.6020875057059385
1.0769342596061529
0.31741113891540634
0.7438441984734327
-0.34443891905154017
1.7965522834316048
1.2737360949305436
-0.4808144222250155
1.1402970392604372
1.366959132299343
1.2503958449365324
0.1324217569012364
-1.191074030147853
0.24089730397513692
0.10179349566662424
0.4381593969050747
5.5039660583929286e-05
0.948320971656701
1.1710385082896748
-0.4679919854824408
-1.5951587294138467
0.7501905313943872
0.8613249467705822
-0.6114126793541089
-0.5198031139895339
-0.1976278351926329
1.0157624239798961
0.13995442475079775
0.7358879490363628
0.5682376836500114
0.1486940363857882
-1.2772124554588435
1.3831898139467904
1.2252493235638053
-1.1920158249170199
1.4127576369967227
1.123745214383981
-1.1382141133128947
0.35957191449305
-1.5269291724777172
-1.195951597029399
-0.36757760023396985
-0.6099795734752252
-0.21962776331597797
-0.3572104935603907
0.0876342071632295
0.9888587169948153
-0.323276993058038
0.18138272363328128
-0.5910611436611808
-1.8496785443849229
-1.6373814682168786
-2.029515729844244
0.13249738050841323
0.47899856308108424
-1.3393240467567673
0.023044143315033933
0.9486761550311071
-0.7802551577205982
0.688468312900703
0.43212841980684435
1.2566012060317588
1.193678542434861
-2.0493282418003997
-0.8357884041177126
0.2025770098917155
0.47791426897897005
0.6762357987415825
0.2759286373558988
-1.4436908483161535
0.08416969005328162
1.0188159298489514
-2.842793364932536
-1.030705833094204
-0.5917904735400353
0.319530562750401
0.07405101353688627
-0.6514087565318684
1.1921844892067353
1.4740978299521958
1.3916191339424753
0.1659775837584879
1.208355141947919
0.15433751187973613
-0.91485818124792
-0.31451594856392695
0.32532441756999936
-2.6080761645560933
1.4899165412570528
1.1427031512873884
-0.10724244573850181
-1.3215900803064784
1.3980417685409974
1.001893557985153
-0.26631651816499025
1.2240527697765646
1.8228947079672086
-0.00844787220580715
-2.6927938523054094
1.0382921607234892
-1.4821860026684524
0.0668622443990053
0.3210922244119703
-1.7993147422634361
0.5199879749934753
-0.49319634774981747
-0.5171826191718797
1.0403934699575375
2.1914496176241482
-0.29871711362117964
0.2833248361455368
-1.636889467352504
1.7892933303150693
-1.5263951837488539
-0.8109367381725173
0.021235148205570795
0.7154803320759757
0.5688340235108402
-0.5236672971582034
-1.1094519231646762
-0.4774224400643975
-1.248402025951458
-0.7714107429607108
1.8614193310825033
2.055405369590215
-0.4823206919665537
-1.138918976757095
-0.12123342294191429
-0.12676001791322855
-0.5194437924733398
1.7761952927702727
0.43730976015113115
-1.1575766551006739
0.4295182963244696
-0.001458526827596419
0.5273117601453535
1.6995016754945738
0.18678145156212222
0.7224726585479089
-0.15584546674930624
-0.24828851182137782
-0.6203445973073272
0.4941598586246326
-0.24018023735065644
1.1385255812154473
0.8952491854227685
1.5172194531056136
-0.4611020961809088
-1.409089255503446
-0.5879263381228481
-0.026834624119658576
1.1692838278552622
0.3097979950816601
1.4006372819526884
-1.5334979871057461
-1.5752548015166383
-0.272303411851151
-3.3647541504129403
-0.3583066994146821
-0.2538507596695965
-1.2958451134408815
0.7428840122429536
0.8699078807605477
0.3921628386826902
1.5193994357072733
-0.17878683764424286
-0.489040521895615
-0.6887379411755489
1.8804304191655552
0.8161609009252326
0.2743033303439412
0.4522279106588727
-1.1681357226716986
-0.6051112590502614
-1.2638479790850412
-0.4385257448322623
1.5215237520394655
-2.0890002535035785
2.085692224516075
0.6955008289152372
1.1259200616881084
0.6299583396197243
-0.01745064941375495
-2.21176981371584
0.5857266500133956
0.7485689086959385
-0.22133068538652076
-1.8155969019437697
1.1055351877074602
1.7530759640859006
-0.5661242502667989
-0.5759555361107448
0.7509958921457459
0.8861289255566283
1.214835899241982
-1.1636652189614276
0.8837159103384089
-0.11320688163302683
0.9426455185594341
-0.02339887699162731
2.2313898261710987
-0.39618610980354846
-0.20811746981469184
-0.6298130620072602
0.17950342782244624
0.795582293267289
-0.5324406339439549
-0.16391395477818158
1.2571439441652046
0.5830548397997697
-1.5556706868098205
1.1587488479088686
-0.8749718703470883
-1.6894452220582754
-0.06693389589821573
0.6571408740023048
-0.2974043702491327
0.8912420451476322
-0.02091282598901738
-1.050053873008742
-1.6859910306826498
1.122802678284444
0.6921584163429054
-0.5941286503724045
-0.9882233971146405
0.4587434659547189
0.09824076798430466
0.9813808579114849
-0.4650373340710706
0.6952816366467678
-0.604037925804173
-0.4283898695863427
-0.06028504337416987
-0.5053515821390778
-0.7364612725797383
0.8687220102080667
0.2198433565347535
-0.18773119802319915
0.10606838007735894
0.13670423046940902
0.5479993187209177
0.8840996754042892
-0.553674619880975
0.7403905210800249
-0.9363704054203659
0.07254680045750339
0.2579259231020863
-1.3234678791071817
0.055242714937497994
0.1167195912835449
-0.18487801316463007
-0.8816308348304193
-1.2381161241244818
0.9033603327377815
-0.8713972056680874
-0.5924584396242494
1.1149433962149735
-0.7708392938782858
-0.330546813061953
0.10077793763003129
0.5859203781207737
-1.7534453122287486
-0.056941593172235794
0.41856641842563314
-0.7805304800791019
0.6091117891970437
-0.539896767393871
0.590775068933903
0.7248824475005821
0.5756640585742718
1.3661682579576795
-1.438141663454683
-1.2027190206014153
0.868505119317756
0.5159002791462872
2.031669986739411
0.052577466140776664
-0.3772227185740621
0.7071387452396896
0.920423151539551
-0.8627566038424502
1.249134656840187
1.4978758560717196
-0.18331914431327728
0.18957733947682018
-0.5861974712212366
2.5009003809426558
0.6904048523590622
0.09563602387526052
0.26228712825779044
-1.579855997144222
1.0240081654390003
0.00246823551363891
-0.9216038094317113
0.08089098397715538
0.7354879605648963
0.8437306106077994
-0.23301995441914472
1.259709107708048
-0.8171475833237268
0.47477394897263325
-0.6128279088322701
-1.229669875135166
0.7013250386112366
1.282407666306835
-0.6200778883683414
-0.32582572752905375
0.2974190852107004
0.5700565511367304
1.4156132718573855
0.24256054806240382
-0.6269892501483968
0.5184139677015248
2.1355424396904987
0.09389599307238332
-0.02067645097684228
-0.5592082314466487
-0.2657067982721383
-0.4590317596210292
0.6823715783933743
1.2526645571866064
-1.592054833556807
0.18930535586310931
0.39221520900772283
0.003326616660064725
0.9405805464891634
1.4243143987629838
0.07579555557701231
1.3965745724594882
0.1249566591567235
0.09118967616809161
0.17889107440107263
-0.7920696799492903
-1.1700179296876518
0.2651135470837911
0.342085141666724
0.13104139431700318
1.003531701223542
-0.6251596825734129
0.8933225715342903
0.529220270178488
0.32566819170806166
0.9589687633640814
-0.040986263336192125
0.7058858685638764
0.580506873023746
-0.39596664041603036
-1.4816770245249182
-1.3334373091196625
-0.5007912539249633
-2.169004688003883
1.7451882586329288
0.17183341622915893
-0.4177724626949373
0.23892399680952886
0.7911897081232533
1.4184175625951359
-0.3548190796373175
-0.6866331907061297
-0.5618550373319239
1.2953695131840162
0.9401191327906107
0.4801161188670626
-0.2705474854590358
-0.5927683041585902
1.022753201796116
1.999903203664403
-0.16392365269461232
0.310018204187026
-0.4889704048278366
0.9138344258120086
-1.8296532432936246
0.8707738588343268
1.0930448740224923
-2.3836062585228857
1.7760578911373104
0.14621345255949827
-0.9470154490566658
0.13730382493173984
0.7240398014520645
2.2078591258044598
0.24507233237800832
-0.47578325361702395
-0.1539840798125469
-1.3835203853674423
-0.7833138784860744
-1.0887301343672688
0.12830486836645627
-1.5494907004490537
0.8521376755937093
0.03635801092430715
0.8960585343950564
-0.04755081511477518
0.03668250613521456
-0.07413575822180823
1.1824332310769001
-0.6589503552905589
-1.5440949596087503
2.6958666396964692
-1.9649072623070791
-0.8760043626192922
0.42045516117864784
-0.47370425639210406
-1.014012831673759
0.8010968077075233
-0.604425921959811
-0.9317898007184158
0.7789882017826836
-0.20439699661469637
0.22308731261450118
-1.2068828196205226
1.0697147769695037
-0.0016046731111691813
0.20847484090303817
2.768765248635546
-0.9131501569719271
0.9043292111214384
1.4457586117843162
-0.1399873795059889
-0.5671813042852936
1.8401575970553368
-0.5127769868436738
0.1311665883327954
-0.08528811711005772
-0.6744635081935481
1.378422385294398
-1.7288189695095995
-0.7702534792721476
-0.5526430469977429
-0.6111331144549189
-0.2502858396963614
-1.2430671043609276
0.11468005763449418
-0.5495457961914113
-0.029659704443234725
-1.803050868998983
2.93580113694154
-0.9987687813214963
1.9883158894663406
0.7255413790443661
-0.062133400468878656
0.008762443308650452
-1.166133617259059
-1.5814874100457517
1.5063411969596805
-3.924870094079636
-0.21958322144579023
0.9206501126972949
0.5982123187202738
1.4002997062417695
0.4733568678687781
-1.3068446264326767
0.06363558870422265
0.614521374964283
2.336555706146961
-0.4873656356975601
-0.44740019671319675
1.111575033571118
1.250437943714464
-2.374097132244512
1.8816511944896417
0.31480170057790663
0.5379917333107613
1.3346955969525183
0.3213590031180715
0.8859481348859369
0.5828880809850596
0.3805496023085549
0.3879824137139139
-0.39363932070846624
1.45858607761518
1.6985593528399228
0.632526110166026
-0.11667074938258581
-0.254577837266517
-1.089133185160033
-0.24826654469986578
0.42148496441247396
-1.1093506004307383
-1.4504373618610258
0.6636192043211471
0.40200740622682063
0.44380247890540886
2.5685539859846154
0.21671944870286644
0.11124746555684717
0.33340574456110034
1.215192720914618
-0.20103269534974816
1.0363150462024944
0.3964834089853836
-0.21560200773909413
0.4784937221164237
1.0577161108996196
0.4078081338148734
2.130822039985919
-0.8902045348195179
-0.7018092306918464
0.9082287307200684
-0.5739956885951506
0.7472632418534452
-1.3688954989891429
0.37994049321268014
-0.5265394635378584
-1.6182698325865503
1.0989294533953484
-0.6519474730198842
1.1810726998771977
1.7112889819836397
-0.6617944795828706
0.8533166766671617
1.500311719671387
1.1074528592484598
0.3575727650658287
0.7860345259296313
1.074239057054109
1.4553598989066936
0.08922127050831034
-0.6823770710063279
-1.0913045199417795
1.2864728403392744
1.9259468171883296
-1.1557190810012052
-0.9955307439522881
-0.6743111365193555
-0.1939748034642244
1.5483905949372938
0.890040692155652
-0.8938618041767948
0.507784296918477
-0.19469255738862307
-0.5657889378491797
0.06405303931531653
0.005110027094090511
-0.47871367622861805
-0.8438517205652449
0.03714353593082818
1.3683175808460968
-0.1431902859028206
0.7178209695196415
0.2615415157061712
-1.0257888449263504
0.07229474944764432
0.5370633641762268
0.4688652587874243
-1.1001681730930317
0.4437287970884859
-0.2697217981417169
0.19778078351288864
0.5968023805874969
-0.4658720016510527
-2.40667332770834
-0.697715535569917
1.7904636223277284
0.9183340309088259
-0.999582106288783
0.4751874397296642
-1.220945967834742
-0.4436539705877753
0.21744732090573465
0.40619986887731346
-0.17246132968666691
1.4999366602865079
0.35133677425329957
-0.013649322904705802
0.9644674869450826
-1.2135143660160195
-1.8208017739274052
-0.20865782120814133
0.3127092831222975
0.8682781857115333
-0.16436859199207532
1.3139605939551753
0.7149422191222885
1.3669049396275743
0.4764737706961517
-1.063481481057499
-0.40726232676847857
-0.08782372163947778
0.009540847088487582
-1.0163721463561552
-0.005019356882512476
-0.24522655670756213
-2.3568736525951697
0.24810396597557627
0.0571553657140325
1.4938530974159563
-0.07945116579537272
0.5902600141412929
-0.9386392214060406
0.04477134078652882
-1.0172415180623955
0.6187174923233243
-1.1229280210199581
0.008874557139389323
0.016001652329735733
0.35659616424504836
1.8858891205219743
2.6305838996862754
-1.1891712854598326
-0.8773744220078121
0.3484330379698096
0.21719634265214266
0.4283397494451071
-0.407127409510272
0.5789776487887044
1.4078703037045157
1.2615499094663212
0.4820129997545229
0.22925785725245562
0.3296114534384497
-1.7293182072720963
-0.5334667172592554
-1.5405909394201598
-0.42863525076306436
1.8135980278897281
-1.008020514474445
-1.4061407330150257
0.3047920924903683
2.2163504094007225
-1.2211641994190638
0.37048371845700195
0.17203018328669217
-1.0855319988374144
-0.47289878185502865
-1.231010128551702
-1.2780941898705473
-0.7437056198781147
-0.5142038543627698
-0.7205657960115621
-1.4881036670668908
0.48454208626894
2.8287502659196218
-0.15590312635185097
-1.8953491070719437
0.5260713445808642
0.8711271795640944
-0.3151004456255975
-0.02759447750509067
-0.9505453066682916
1.2246913868802953
-0.7841585288732137
0.4924664403835631
0.020714424291875966
0.3878309076935713
-0.04791828711299181
-0.05951998067826071
-1.2104200805376473
1.3320757761448156
-0.06795330269528083
0.7633153963541124
0.3976720033048643
0.6150243502193198
-1.489409526418062
0.5496778606284977
1.013261439067246
-0.2625861147146635
0.9760551206754373
-0.8435166662170429
-1.1800729544233464
-1.2755087360092627
0.010002138803411026
-1.2509376108374304
-0.14354483530413534
-0.972520912665715
-0.8684160034448647
-2.1707018127675917
-0.2978843077622746
0.06787708342506041
-0.9500667998784068
-0.7338614654453377
0.4626203615961764
-0.2249851304915255
0.9568162721337262
1.8549058382352552
-0.8343299282130884
-0.2152270038320876
0.7391703414960784
1.5015325078530595
-1.3851861555432434
-1.8459324387925369
-1.687310916825666
-0.27421780811324725
1.8237623936801683
-0.24406098987416006
-1.3802728757631555
-1.3945720552719518
-0.9011584334166138
-0.9032222897064965
0.8769085329617876
0.981479203410583
0.41626017304526575
-0.9177779744071349
-0.0009385360066840821
-0.7647511572196837
0.7256052125594412
0.776267157264337
-0.8229461461443573
-0.8597665767339655
-0.5481548324423002
-1.3808831751545596
0.7156907477163038
-1.24154017677626
-0.3755961199188528
1.415894781093648
-2.10144863661517
0.29314259369785084
0.4039308885931287
-1.197264389429522
-0.11280987531838328
0.4468396715960147
-1.231526464582968
-2.081890215367158
0.8108736552384977
-0.7883691670621169
0.19652745580220699
-0.2106881562079341
0.7974698543067671
-0.01954345182296063
0.9142437199571316
-1.1334015695783308
-0.5267563316656118
-0.3770868575291275
-1.059264850114891
-1.7440643153909383
0.6607678798291774
-0.9575387236054425
0.8399658497541073
1.3767257175241039
-0.15811584351367175
0.6529316486808129
-0.7007891535764916
-0.6460156706786044
-0.27583516329086627
-1.8417780056822037
2.8501397919097284
1.6007318375849435
0.0033432323782688392
-1.1529880563406147
-0.710849337884011
1.6657377839456589
-0.3783921454406292
0.7470482569936707
-0.1333136943589607
-1.755572148924294
0.3655563604452145
-0.23916486938110093
-0.5966402257528488
-0.39019007707991543
-0.5476381941579165
0.9060298600626852
-1.5054477673458369
0.24121861164663774
-0.6098666233334257
1.3749324715999143
-0.8096685073984781
-0.75641247767442
-0.11025010268169386
1.5708717726086114
0.47013273536172745
0.7868162250502578
-0.23137271968726805
-0.785820491676854
0.6741039892042703
-0.23348245079429858
-1.0900524497854562
-0.2514186262918575
-0.3943603668450571
-0.46320021400209216
1.3687979057623076
0.9321822463014042
-0.7861655973392786
-1.1468020471525793
0.975296970841878
0.4830395831048108
-2.068026429827649
0.7280549370664817
1.294010434140222
0.5948739342574565
-2.750887231557728
0.6068576990560689
-0.5080211342427792
-0.00845401880743656
-0.5420015827287523
-0.21542035684958022
0.9716787844728494
1.4176393336416793
-0.7532338502224522
1.6902881162074668
1.8353561679464554
2.0449190749277664
0.6678508754036547
0.33905151392363275
-0.8291100462580909
0.9029482967832463
0.8312526703265779
-1.1971427838394548
-1.4772189311368988
-0.20251405909787112
0.23494891989635755
0.17623815759387088
-0.42996880856225556
-1.5808541991448535
-2.065132880306211
-0.9665103609690864
0.09480948680595773
-1.3684238837824891
1.7324341395428164
-2.7191076020240486
-1.6333093368536884
-1.0334776790811553
1.3340536234813756
0.6000327437854827
-0.2253111172911194
0.3494480607295102
1.7710868027307782
-0.3808658739308269
0.040097679875721645
1.863135803769563
0.2717447281632102
-1.5013895338197132
0.07183417313519194
-0.2386489118896848
-1.650354744206876
-0.7421453335251382
-0.8371284147324555
-1.1463756235542684
-1.4033150890284065
-0.6429602105918731
1.8716039102040662
-0.7095378263226542
-0.8384471196353231
-0.51698622860896
-0.10587256336048667
-0.42688166620816625
0.7521380294162345
-1.6169285729499354
-0.5219644562393044
-0.3556186025286181
-0.8783352315019376
-2.0404054851910645
-1.2600203995878316
-1.4854058583850065
-0.6837706103402306
-0.05472840702403342
-0.513389534291866
0.5742040475381212
1.6374236194182061
0.9338584540912579
-1.4151681896993609
0.8148900460856148
-0.1948434440578456
-0.14080763927708878
-2.036891213550087
-0.9843080188611155
0.1436112101895792
0.1570650279596658
0.44151515652584056
1.6196637389586648
-1.7107078675606318
2.1026203686355007
0.15260780488821396
0.0743688032245565
0.10791190389326687
0.7130505093875297
-0.30391833852047495
0.30688648951232533
-0.46230754570987526
-0.1169484044450842
0.13973999548441973
-0.4924225416590355
-0.5984191059461682
-0.3791945068978254
-0.7743381004042457
-1.0778212331078172
1.3386391161217015
-0.9844842919525119
-1.783691859614749
-0.8528868993303237
1.0150357987020175
0.1853622995036801
-0.9922191874116705
-0.39288926747684083
0.007679362069480827
0.18383591088105433
-0.37334798789430873
-0.6380547543920367
0.0907143037541613
1.1229256760377264
0.8831255499632944
-0.6495971511048796
-0.6996364985940307
0.8834916444453412
-0.5292606198565923
-0.08707581268289835
1.0025912438804743
0.41330401146775586
0.17893294356875936
0.08388896037029941
0.3645906833746034
-0.13636577420239684
0.028549141437374963
-0.3343073749886248
0.6112105659547659
-0.08310786855295463
-1.4097519351054977
0.5899627434265456
1.3542006456853426
1.8567119869191637
-0.3412667864269162
-1.542199890564673
0.5152056972240143
0.44409051861268534
0.2234223654183448
-0.9476067843494997
-0.915664312811466
-0.9919766867548255
1.2489692866487272
-1.759323178861927
-0.8786741093794582
-0.40651901511548866
1.4543446256679775
-2.429342715391613
-0.8231843572269361
0.46211581740245383
0.44963339304067346
1.4464727509139133
-0.9529363466670782
-1.5617940552396499
-1.1999680940901223
-0.8221581555632261
-1.7756822243314594
-1.1621512278050214
-0.17760271469472072
0.6040061215033417
-1.8461309810878384
0.8197956667821166
0.5093203636189461
0.967071234693843
2.1205321780467097
-0.6016492518912385
-0.6453063039674619
-1.5988432234330532
-0.6397990064063213
-0.1517855271604979
-0.03378702731998818
-0.85062941937885
-1.0711905470559298
0.039124204762368275
0.8169202927861138
-0.9344603703197972
0.29592266221427066
1.2017083944542593
-3.4311789321843826
-0.6173969206762745
0.17874849518700217
0.9257778530691838
0.5437927822762916
-0.9783799945782294
-0.8433671514689426
-0.5538925729130826
-0.5433439949795958
1.666291759441303
0.768647225839254
0.7086370777709163
0.8461192583803505
0.10280260531216621
1.1481661654750055
-0.9126126206897576
-1.059871611846088
-0.3183455114139413
-0.4532684461813407
-0.8650471149300377
1.0784456787905319
0.007116692390943474
0.12210223387594565
0.664427005141005
-0.040099537051450626
1.4001865267588491
0.02570134410689014
-0.6376737616563902
0.7792052418337287
0.8275363098649245
-0.3258821328148261
0.24648356045932593
-0.9023692284716522
-0.8956927409081733
-0.6111404344834152
0.3473941335089829
-0.31046456813658757
-0.3676137290529038
-0.9838494018536998
-0.47768416876119546
0.9340359344539911
-0.1653006624043239
-1.59120142955082
0.10666460004964744
-0.06611517564899995
-0.566586028973282
-0.1431284217349758
-0.8344252252023936
-0.8280684589018823
1.4118898112550728
-0.3193237272263831
-0.8932434798394389
0.8913719380130758
-0.20578754755142045
-1.498450509639711
-0.2581362001850572
0.6898281799538191
1.5316058928813236
-0.37046445926124144
-0.29080060353249243
-0.292688864666421
1.73277765711159
1.6706639353793833
-0.3028602621321903
-2.703702134502239
1.5469777555659407
0.1257695377747152
0.27362987621916923
0.018647033942749875
-0.32463677813575775
-1.1293567947149146
-1.0227629011163735
0.2885522671497673
0.7005318122223471
1.7087753934825132
-1.9653326858944018
0.44295638205210347
0.977212300841701
-1.5909908547982226
-0.7318245714774262
1.4481163497316236
0.18216649288956102
1.0550014098431872
-0.7975468138956204
-1.0185442774428484
-1.2278481597056465
0.025470005244769393
-0.5245408299513739
-0.8841062506347448
-0.6637425990609068
-0.18685734431290674
-0.5936436000714372
0.9032465736185893
-1.859630769851494
1.5917387983005915
0.7753510083724475
1.0557169620389844
-1.5466145368504298
0.478098043054852
1.2918062346464585
0.4792452078699951
1.1856351674279004
-0.6149240189972502
-1.6847970373945782
-1.453654485719557
-0.9560663249474128
-0.028388909221532314
-0.25522462538920465
-1.0846988295513806
-0.1329639373867532
-0.8401510120269841
0.21686172195975892
-0.8156034079017739
0.0430084377737298
0.204901460202902
0.8653717766183961
-0.23538938059158201
0.8398050012305982
0.5366142776430013
0.900639846872618
-1.2510649038241408
-1.3098777262888506
-0.5239576482654416
-1.2028996608228555
0.335609448029558
1.176580814242984
-1.8346604623483684
-1.8007555144660854
-0.06697925365698913
-2.0335602417938095
-1.846849530858679
-0.10938567488710321
0.7827653520976501
1.056317599135712
-0.46922353214590257
-1.5957549288910173
-0.5880036693814684
0.6052902991888303
-0.8984309655666423
0.45848585385411067
-0.41576042789683787
1.7465536906520105
-0.2224533251776032
0.2319279126986896
1.7740586052914813
0.7900737208393223
-0.9708890516292427
-1.1378979728607492
-1.0747115949666501
-1.706500652980551
-0.8413770685378403
-1.6256566035592455
0.3965310147179472
0.45206670964143175
0.40484145626062157
1.82691798777224
0.07364981983235035
-0.32244843779489585
0.5689171538595326
0.18169452818558965
-0.34852980908893544
1.831714992265471
-1.346045337039368
-0.10502157200605906
1.678893707100607
0.04784157537773834
-0.5372340302289276
0.39330722886911335
-1.1486970479736085
0.10709269936142096
-0.6004617243127356
0.17185067527416983
0.08772628073457564
0.49920432426446026
0.20894970576070912
-1.8817647958822508
-1.51292598917042
0.43270441461373926
0.03748536266456695
0.45255900034765356
-0.79202361615244
0.4969912333488461
0.44420437489716863
1.1579947842953437
0.6403979405792654
-0.02821730931340174
0.7245809081805302
-0.4371639754299066
1.495849800308661
0.7140278913000309
-0.681100716769231
1.558239835215516
0.1267413127668541
-0.7720734372025512
-1.031576767162957
0.0983372449649405
-0.2428104381844701
-1.0449294472212576
0.9276073831321769
1.1406477976899623
-0.5237460950276664
-0.9667822066046612
0.4128098209868301
-0.06125979990578002
-0.7642905794148074
0.23727297871816613
-1.0314731808186028
0.07988200167205822
0.24776001623947858
-0.5229028444109651
-0.347610111816875
0.2341080167200145
-0.8481446399539364
-0.45347200683169303
-0.780947390111229
0.1745910337596081
0.6095576688065754
0.6387771154623451
0.40774980661819116
-1.6158971887127709
-0.5780251820029821
1.434503685986878
-0.4533512741924628
0.15150697498815074
0.8435679519708633
-0.17928237947510128
0.9921551184164593
0.23659345573487414
0.6440641432035794
0.9347733254796443
0.31889449221015165
1.5272591978653747
-1.8233020801739386
0.651274069257345
0.04869648223045309
0.6892451134363191
0.3230404590610333
0.8081584044271964
0.08873288850107876
0.5930780273954405
1.6801460947254614
1.0702364535998534
-0.8417270369062069
0.08886075063630637
3.181981648341669
0.1090955523412803
-0.9529127252274319
0.22561900416543107
-0.6671225455497157
0.39936744571063304
-1.735965158171131
0.8155954561964979
0.6913135178560512
-0.22867007410779672
-0.12936985990685015
0.4725411976276336
-0.4281473660068313
-1.1984626544742314
0.649733683054379
-1.4368383326229772
-1.0187895072625428
0.2652916119598561
0.8562586990283354
-1.1894826028862104
1.1504729484913514
0.7725585743306842
0.24759516899070017
-1.8621496104286743
-1.4108740706585439
-0.4757588506923721
0.92180816710013
-0.8998462924490213
0.26221710830337286
1.4115477583265459
-0.816367856889218
1.0018791491047623
0.48283969194352633
0.15974055891863143
-0.43355637869994007
-0.726820756812693
-0.6993534485463467
-1.9508489265056366
-0.0389442880888015
0.8080020823727923
0.19883116340619766
0.006365416224289868
0.3602455115473241
2.177937214851077
3.1952466119050182
-0.21963264088794288
0.46263648921022804
0.5958760033312974
-0.728603784943158
1.5597335028357175
-0.4723746307188755
0.858914549104972
-0.15795653770125842
-1.1297327275228133
-0.5894165304409168
1.7295551715073274
-0.06958745265180952
-0.34053833274470036
-0.8818516474625848
1.073304970809608
-0.8340351933586353
0.39560069841563705
-0.929600337274608
-0.3121446138105594
0.09849885758932385
-1.235389081829295
-1.1184598151233114
1.9060687038072894
1.1524514924226885
0.44393522645454264
-0.3535192171344161
-0.8606083529854668
-0.5966630201339715
0.12709775987095293
-2.581502569230649
1.1366028095378053
0.39688237451056535
1.546818755500685
1.5652220056308528
0.3714612094582331
0.3247901406053585
-0.22346227707121172
0.3377121923279689
-0.35289786040461607
0.2984754258552854
0.24120290413590045
-0.4686275284199393
-1.2853761572729674
-2.8326698451652192
0.4819010793535808
-0.7700894610263183
0.20291255644819983
-0.44031638906633963
-1.2143276235113027
1.085486230566701
0.2691189093988208
1.1821846295667013
-0.943151780371889
-0.15541161758196112
0.6083410968807776
1.1699872112608816
-1.8127537021785205
1.8463066514579352
-1.012510800509523
-0.5269872486924477
-0.12443070706271894
-1.2418050781503462
-1.357859605749135
-1.1017957677433843
0.5244189809362108
-0.034944365254404315
-2.009587758781607
0.432389047703138
-0.004958002104539724
-2.0118349144916983
0.01444659100790734
0.031588134064802084
-0.07359390685216484
-1.656011687182362
0.052158295895302666
-1.0030230927469852
0.24847978793618655
-0.09660310424968124
0.44240290676109206
1.5029243400140253
-0.9299393445552125
-0.17601206403494554
-0.4462027602931981
0.8591174775583336
-0.9704515639870469
-0.4731675048648216
-0.7250764488569784
-0.4187022932022414
-0.033763328278234875
-1.0311597307778635
1.178834767721052
-1.5974555206966357
-1.6603067840971464
-0.7906942217535448
0.1845521884831817
0.7079242974645604
0.14650821221256358
-1.0999584704395189
-0.402462017698763
-0.04338881921386297
-1.0194047982709697
-1.8642723721546381
-1.2157824943606326
-0.17730911198204188
0.028826807037146397
0.14313496911913787
0.23365881988331447
-0.7257005627962988
-0.7881197035187663
1.9453220114279772
-0.3658935933908193
0.30632363681846025
0.849740646154802
0.7437383991561952
0.21884539344536297
-0.41867620486372276
0.24534100484041643
1.8535393136383118
0.45072540913771053
-2.0110671751022626
0.3629678121890511
-1.5054434456158974
-0.8180649651563671
-0.02234904811545656
1.2072255048449043
0.6987340666215072
-1.6085841871377182
0.5541976510661739
-0.7313672271999601
-1.9074447947818836
-0.8564207915485027
1.4948874763278717
-0.6339871082438192
0.09751997054807149
0.3402171059529541
-0.4605554689678654
-0.2503588177064716
-0.5409543941389825
-0.6602527634443801
1.3915534983330495
1.2459347366252922
0.3619678532761213
-1.5445051371928922
-2.104604764087754
0.011153969207541076
-1.6868549596078855
0.32042751936632236
0.3592355558528507
2.142972259107147
0.3749373996341002
-0.1562550363733235
0.9667395171735007
2.413262964524902
0.9077888084419387
-2.807233649444257
0.37798708727173197
-0.516505780020702
-1.2796011822218667
0.7071530436631583
1.3264868864816606
1.3408093544842523
0.38914980347613787
1.2406725560825613
-0.2124596289889897
-0.5110342673050706
1.1954879738025448
-0.2367913734515326
1.7528734773009071
-1.1212106287990848
-0.21915789704192634
-1.1992897075748223
-0.672904151174975
0.5413707121092451
0.5225353125802082
0.5420673432516483
-0.09719524538502516
-0.10244557899127878
0.6147954373846607
0.6484057994756228
1.2614006337603791
0.5625236408323804
-0.36096378916016914
-1.4880308582984687
0.7698721033206589
0.9745311604483631
-0.15145277592745612
-0.16454677073353383
-1.6107472918140158
0.8761233635370891
0.684241619648805
-1.2913546869624628
0.17212375078224906
1.2142933756124146
-0.4172589508693213
-1.1599306608153017
0.593845229927901
0.05225771781675137
-1.4482479048426178
0.9243647159935867
2.5484882685920107
-0.8404764365264832
-1.5388006742305207
-0.2025647940850995
-0.7447661575129889
0.4227166082023928
-0.4560976421663955
1.2550388518454116
1.3376330693134788
-0.9750654445474195
0.38547660846685505
0.1423416425377353
0.5460496913619292
1.3815409430826475
0.13233824042860512
0.2477394828632507
-1.2074042039325863
-0.3887253237117591
1.5166862978979163
1.6954731776750922
1.6065869487304223
-0.36315528133594766
0.8509933143489694
-1.4406562583394567
2.566660423215705
-1.1185562680887322
-1.0851334209095718
0.8407915112401668
-0.8486055717109093
-0.2659169665117418
-1.3606848911124119
-0.08155247228370928
0.9088623444901887
-0.6235135745729491
0.6038324120927687
1.0633766222571766
1.70404956076984
-1.5993604370974082
0.4419997512344106
1.2428150702797793
-0.026075156595684643
0.10662645615813651
-0.37738318095285744
0.9191644648727098
0.4874626955663889
0.21821499351323734
-0.16810039558962261
-1.8056160172428977
1.838154476234937
0.5797784746169548
0.20356861773742804
0.29364284837408855
-1.6165450597728783
0.34914705040760713
-0.4685440712914321
-0.2606121102348706
1.0330069402352757
-0.17385645700716978
-0.042078116458895434
0.3255034228037392
0.5841563016055099
0.8894920288009234
-0.8191716811015524
-1.0543884360172615
0.5470998999705576
-1.3019183401195433
-0.2507306949466943
-1.0265531770862844
0.31012984812538213
-0.8815751583921833
-0.3034222765974014
-0.6419731059214896
-1.3863906928671574
0.39436614100190354
-0.5142151802507592
0.9611617777654894
-0.6504051158701217
0.2436083912763373
-0.45042077126979435
0.18637547753069603
0.9276626603594967
1.3504763111982918
0.7332776529027358
0.7501961662837859
-1.732538207469914
-0.38837409143142376
1.7346518425098758
-0.24712451978296812
1.1321674197900184
0.003513840233322326
0.601830288504462
0.2454263349338763
-0.6723797442224412
-1.1015548667146473
0.11596912051782425
-0.7148036919098989
-0.2675180992833802
1.3286815790360509
-0.024795550265593158
0.2057486522908128
1.5674101806183187
1.1980560618957674
1.4393707340319748
0.17132835783306208
0.1482724923019581
-0.8015200914901103
1.5668729143788818
-0.25668463537977765
1.2148978907460444
-1.6938479908373802
-0.08317773958004751
-0.1370857464201841
-2.0868369376020706
0.7346067695882594
0.15728837463556822
0.5492441846005349
0.21223716650455784
-1.6614824213572315
0.2625940909841958
-0.010911969329552518
0.1934527844862529
0.6423128367714898
-0.14312272125886769
0.9546128729422272
-0.6698816189345691
0.5925074829627788
1.8689159600710776
0.5988201649832381
1.036174224963649
-1.3422798569111172
-0.5265287199311265
-0.019034620822260432
1.196221714618605
0.9631143057680954
-0.08249347918662935
-0.13739834330649559
-1.2261746734382806
-1.1465118869087492
1.3310008868578547
-2.312956708270989
-0.2731227498547067
-0.15002792390373665
-1.1858941946582657
0.5138316662140291
-0.1719340763017393
-0.9489861235709091
0.6501972809754184
0.9782175590711893
-0.38843769115789634
0.051077432321943256
-0.5232105376396701
-0.3310947637384146
-0.6276923753309849
0.9160472633757704
0.23157436603438966
-0.9920851417419678
0.4053253534301698
0.16036910950053085
0.8642780971395108
0.5380150351664328
-0.23970801739540384
0.11719226707111843
-0.5871522916110713
0.055242273100371095
0.4455145389026931
0.672931283331413
-0.4636870115713121
-0.7575689397027611
0.9795977877716621
1.0691990275247607
-0.8933196487209591
1.0285463983820216
1.3528934478630572
-0.6816052983993031
1.1760322697533652
-0.11069670781515624
-1.2439284614862591
-0.6092227873918201
-0.0882764130994833
-0.04771176604722387
0.7615987175610877
-0.1946480515040578
0.09878873515767071
-0.28184465885843546
-0.3063230436766069
1.0347348765968158
0.6035319921784422
0.6462362191915606
0.5176295396867118
-0.050578790562549755
0.9067779946863652
0.5207157579187414
-0.3119175068720552
2.306931182708063
0.5017624972780674
-0.509525548814531
-0.9238666409990669
-0.06220010373839386
-0.8857708787242423
1.3695181227425062
-0.2497841316648457
0.9695607641917904
0.9456846920959774
-0.46318170070181397
1.0851417811559012
-1.4785458718456905
-0.11808469300720718
-0.8435296636116885
-0.2439139266922077
-0.4644365890476822
0.5338614716507785
0.2985142100479381
-0.72413466145933
-1.6243431128727328
1.0403291590840666
-0.1728649125318939
-0.06544065790269961
1.45182542956739
-0.342130451688361
-1.1705551198357482
0.06188246150281884
-0.11915349968776902
-1.087326798760653
0.020015208341166747
0.11619067050494
-1.3560849163103132
0.06326394523405082
1.7324157992910079
-0.06641449408969131
-0.5894376626649844
-1.3564331215436467
0.6000680961823882
0.392596683657012
-0.8881226160675432
0.17077829027975344
0.19879622135541736
0.31750293109983113
1.0740727995403114
-0.6327910177910302
-1.2975853562888309
-0.7581216343820223
-0.30013824730472793
1.2754316025658206
0.09861809340730192
-0.6588779793586036
0.47356487675606873
0.4964426758581791
1.7430803052728663
-0.5478827684287728
-0.2193091599885368
0.9177201017395902
-1.0488820928666478
0.06859096690176256
-0.7349868913009051
-1.0530948925852095
-0.6198191208623895
0.6845551080142449
0.08816966886520965
-1.2089826673656172
0.17834657454482825
0.6933833216701477
-0.07018394514150186
2.2613838832572952
0.23993722581788496
0.22635069337262564
0.02633198393707421
-0.27024903502239633
-0.8487824837071787
-2.4102299457363077
-0.41112910132757446
0.018133699060989956
0.5029305405824238
-1.5590428066899158
-1.4481546915426367
-1.6153072122539103
0.016902013423895534
-2.550241396630918
0.6128052207601354
1.9289427745295191
0.060622996995024624
-0.6277684990696404
-0.6883416902695486
-0.08901550195147717
-0.05162995321793392
-1.0390604584088563
-0.9372874217224798
-0.6470220935708433
-0.27402636834551636
-0.5478809748784824
-0.08029610723958677
-1.5326990200508337
0.6907836906180073
0.30525440385341096
0.9108402584069716
-0.44874868316568123
-0.34894575484769097
0.4097876358152871
0.7512732211974201
0.28669343344282233
1.647654620518815
0.7526449524895158
0.7045626659275116
-0.6169291150222224
0.8333789914595365
0.3926849182191931
1.2949326110131392
0.2602144269624116
-0.4478292736695487
-0.9419544616908321
0.06033622444446144
-1.0704863849391344
0.13944647383485373
-1.6545108695584287
-0.20823135311407082
1.2425110792850709
-0.8786643163823264
1.328891782412289
0.10067363766803672
-0.24999445917666713
-1.0225397067414814
0.1460413079716327
0.450282362358709
-0.49196063539975315
0.9276683789686097
-0.7807411197148103
-0.00921766371564568
0.13247983656121495
0.211639496573529
0.04323114562263577
0.1740575173338919
0.9971509980056668
-0.8099025985906261
-2.25108479913744
2.1237532527504284
0.7096173234478758
0.5013607894966228
-0.5728664177366531
0.18097099629719007
0.6688800395637489
-0.32656487725798267
-0.08455006915811741
0.13636838264343001
0.4607972006193756
-0.3344686554899033
1.2846256118976378
0.8107855567623415
-0.6191571329247736
0.5622428106653675
-1.0030592973190617
0.8905757970717614
-0.4353448668635918
-1.2157007733045713
1.444342132117461
2.2650844207615224
1.5052478546868258
0.9134029615471475
-0.3820860641062263
-1.4030820730262359
2.0496709234769113
-0.4460815398239616
1.238197596185233
-0.7022828598173537
0.34916356916923336
0.7613115677429102
-0.6924806377209282
-0.24145431576837117
0.504273472000737
-0.3864692167415933
1.538497916586143
0.47722629164944463
0.08683810207261006
2.400795815820585
-1.2631734817156755
0.06831780756420211
0.8901514683078607
-0.6861444971179121
-0.1466849310863814
0.8326913165624765
1.572382181502856
-0.5942052455566835
0.537540722510037
-0.3138856619085502
-0.6453282159298158
-0.6667788633436365
-0.9483985336017016
-0.4261784982064819
0.7732431534621422
-0.5437522773472958
-0.24123258052456487
-0.6246675972583595
-2.1118538254109183
-0.9669436910230158
-0.13286213816391038
0.0561995858414836
-0.351459184892785
-0.8008614722570083
0.01752033243978004
-0.284610088849103
1.4573796024436068
1.1463028712709216
0.009266666758612117
-0.8550761202069409
-0.696823661532793
-0.5672112067152215
-0.10905845846023575
0.5283110844753692
0.5458969092998613
-1.6461962277287334
0.9969560451517856
-0.6656822117977975
1.18551372915369
-0.3852142090934291
0.6369921082488763
0.15960703151075126
-0.5771638261685889
1.2191826517123097
-1.3071956313921569
1.9236309090759858
-0.7076690326144867
-0.10520395918017642
1.1189841050974054
0.29765002608768987
-0.6805392250129833
2.983199580367363
1.0086854463522463
-0.9278981135439677
-1.3903162757232748
-0.23670983713969299
-0.9242511885743417
0.03998885627750505
-0.06880119226637302
-0.17256196724854192
0.7342969179214272
-0.6876190267031541
-0.19282715768242212
-0.25459944742671614
-1.0447202184825886
1.1138255169384872
0.9937066742875791
0.8288997554167911
-2.1027897043553763
-0.3967065195214428
0.08997972890256054
-0.4009339250989764
1.3772197942611257
0.17089986375594743
-0.32933251364600785
0.397366072103292
-0.3900877300156022
0.11240133175577313
1.7417836235143704
-0.04173681245988094
0.24583893844346416
-0.7800770072587543
0.5299228565269776
1.1039759332292427
0.2739992633047243
-1.252401192657582
-0.7959635573559714
-0.1641840383916303
-0.6712559142019986
-0.5971079325430547
-1.2120308443339671
0.1435100186460549
0.6430795721340624
-0.9287919571240362
0.33515967358427085
1.340322999590541
-0.7183340503172462
-2.1810343260563134
0.5352152529042037
-1.3651982174358466
-0.4975530241860558
-0.8280811739765122
-0.5518702863617087
-0.08938996213971974
-0.2184090542535517
-0.989767409278673
0.3793500705018187
1.2946080204900525
-0.8602080570252145
-0.2853098814220395
0.718798073169613
-1.5596535303566694
1.7423717203580273
0.04052339175872217
-1.3111869141558645
1.4850276403860951
1.1607194563640344
-1.5585368079502684
-1.9886493806402028
-0.4486798302637556
1.991564077755611
0.5497446549472149
-1.0532042015993643
0.3962826173964462
1.39504611811223
0.535155867999786
1.2961082356959772
0.9302205078509556
1.1705013977704128
-0.0713735147492184
-1.4745831577881499
-1.1654306468572626
-0.12933119804328752
-1.264803199929236
2.337305634367519
0.5109916256139662
-0.9928253091656123
0.44505719357264945
-0.06330012897414648
0.5626147548427023
0.1357685129414688
0.3294065754914249
-1.1023261846482333
1.111962619602293
0.6619820098582496
0.6205990689451832
-2.0360034715859596
0.10716675640342983
-0.41704701003245676
-0.31864355492295093
-0.043298093348831904
1.1948077763724552
-0.7004842830812861
0.05417383560310126
1.227162444609499
-1.5267831660946058
0.2668797554843226
-0.18590158154787215
-0.8309937157782634
-0.02197185910029183
-1.6033117979460814
1.4559442262706992
2.2471356195328394
1.0376890315084997
-1.595213469291469
0.9195800728169491
-0.47805872878854744
0.23026676155927567
-0.3079653171004989
1.9754270852219584
0.4321944991659566
0.30767739126862315
-0.7655383381434218
-0.2751970028240362
-0.5437942836882235
-0.029054168876124588
0.4178125150598065
-0.5314828142246787
0.9685836988440515
-0.01733972761707608
-0.12886344135987624
1.377930179519545
0.5699746573337373
0.7961612326288007
1.6709260946882805
0.709166680120212
0.7077427887775622
-0.8360069161479229
0.3546891760146247
1.117603259989074
1.3068300826367962
-0.2417322967404587
0.15219494326100755
-0.43687103692229157
0.714057745056857
-1.242206024913703
-1.1933093622118105
1.2944030956353954
1.139592536540233
0.9916696539394465
-1.2568037293740082
1.2571655589906765
1.6373594590026155
0.06253952434146405
-0.7576586028476217
-0.09854174744687805
-0.05291763377530297
-0.17117783024249786
-0.4524101128898869
-1.208172093705148
0.6126739102470916
0.6394598271579605
0.9098902942246361
0.589928585451906
0.08864899564387575
-0.4830040659659779
0.6051467159814251
0.509947433643919
1.295233572287667
0.7883693935228964
0.4487969223518706
-0.081661624982777
-2.1297366946040848
2.008512641704157
0.9896747166505937
-0.4636961564027988
-0.9908917027868823
0.2707435849237519
-0.22336792051129753
-0.034146331463747556
-0.9267915040550836
-0.502490196635696
-0.7333879341335756
-1.0116147201651238
0.7852300499721703
0.9896685577593787
-0.14667322855257958
-0.3193014092185595
0.44602513779603387
1.2740269734156018
0.40090492843605846
-0.3562816504661477
-0.05862459861674125
-0.5580247989774408
-0.73964275778317
-0.12249092509191545
1.544925980681912
-1.2263630660120626
-1.85481824576937
0.3770978380155729
-0.7200797647526898
0.09554784005429805
1.3059535959362396
-0.2209642670348648
0.07084026190365134
-0.37792113616652795
-1.2684276192313018
1.7860445605503168
-0.3798011259266246
-1.338239048258421
0.13849447052696626
-0.246193374704115
-1.149580824489813
-0.43991812368742617
-0.4723759993767254
-1.228637496265571
-0.892246381431923
-1.8520954661149
-0.0920959796566034
-0.727683802006217
-0.6924195525823384
0.5759636786118486
-1.5363089479363456
1.6615421719319958
2.1000618591088505
-0.8963704211450234
1.434783099025179
0.3337652242370432
1.0282310560053383
0.287051084296642
0.4831666467690569
-0.32059336579932673
-0.9821344223252241
-0.6378626299148477
-0.9349490865985056
0.5143193275866891
1.0420389618060444
1.4893738161645032
-0.4162318875758462
1.3917588675531183
0.14738686030213677
-2.510636604416935
0.8422112177503407
-1.2010794788116053
-0.43246054364017594
0.5065822579613056
0.26980632786715497
0.6906092552337206
-0.25832314727348676
0.7413543793971704
-0.6237160082073743
-1.0114425209132931
1.0847244114600851
1.3281121408110466
1.4923608819306708
2.343429455785992
-0.25884320966798435
-1.3012893673664152
0.011233202202032461
-0.9869420536770751
1.2466471938298314
0.45302705458137504
-0.0015305436943907297
-0.0853407017870106
-1.2822932517009709
-0.9092263335300588
-1.0979595977871992
0.550481686169074
0.432702649551559
-0.16694646846426456
0.49579524031543787
-0.1792994332673166
-0.3923279462083461
1.6991894166451083
-0.37965455170307316
-1.3132567214627715
1.6385478483835902
0.05861393199127926
0.5025454421832418
-0.5384857236918269
-1.4417147281154266
-0.33626970003985474
-1.1777423952041077
0.6921687547717192
0.8373415070034801
-0.5643626644971383
0.19899941961367387
0.10931871504805488
-0.39241915242143344
-0.6449961990846189
-0.7876765111199503
0.07358353436700292
0.3430866888310168
0.8067617572886873
-0.19961788405856953
0.46902479534899666
0.8211492465813802
-1.3061415627434432
0.7725972845797665
-0.5855168505554295
-0.7350586663269484
0.6649699876779378
-1.7584994800583
-0.028096068585063225
-0.21001742435024864
0.1739525610361866
-0.17069874717404035
-0.22608790015787295
0.08080967551237869
-0.9086406754723156
0.1982571262058434
1.9601281862294606
-0.5434093017803912
1.03727879658339
-0.05937788070227906
0.19226139264749478
-0.39360325382534506
-0.1592799733815117
0.4549055581727083
-0.5551359980209029
-0.30491014139147044
-1.5457579862563289
-0.3414666823881113
-1.961614702408894
0.9923170968595065
-1.2591538354721499
-0.10665360844601364
-0.3808103206324355
-0.9838802251364674
0.1006148768151963
-0.14708482760970484
1.2373780558253427
1.4893330004174166
0.7121516301217635
0.844059993872939
0.6442506884438889
-0.860589598482482
-0.4457388611669965
0.42427888463545776
0.454322600020782
0.1917921524142136
-1.2831836770806015
0.14023257392588354
-0.4353598500624079
0.9639140693107369
0.0922683756210127
0.42984126196569744
-0.5714896131244374
-1.459465553085587
0.6839787520935586
0.3067520932464981
0.9577704990338818
0.4410883755861699
2.0989453708321912
-0.16731552865269503
-1.6347149911375172
-0.21983439749099293
1.0726528706462266
1.333599324576456
-0.2545049622126422
-1.3390283977517234
1.0767406364226908
0.5552950057481916
1.0374426325543042
0.722110321996059
1.3717897896075586
-0.11456693012822043
0.1515259454404447
1.0558777873295784
-0.5293533106355598
0.8999634447572327
1.352781535692477
0.44559046075797815
0.3766671201893918
0.9179286159485839
0.9214511960114652
-0.9023767814851683
1.1295262151658558
-0.10880831893962024
-0.14886852850647306
-0.08194414650644169
-0.28424366644605825
-0.7824060436771154
0.08790107380290961
0.4028168667491583
0.17352849772328838
1.2443000583162604
1.3364072419318729
2.064004394501745
2.220773747775092
1.3754085084421694
1.2375626720831712
-1.348032867771169
0.3101923762015954
0.21163198112869536
-0.1584435078887535
0.5317053505899497
0.5008635580418344
-0.8634838050796753
-1.7009692848432145
-0.5153351366422689
-0.6083174044740763
0.12260454008770022
1.8270813133941157
0.05245486681525932
0.29066046682245544
1.1796080266069309
0.07209336634665109
1.0990867839682616
1.4578125985113546
-1.174403060697782
-0.1990855416906703
1.2407221317181256
-0.12583536913074944
-3.3574489218899917
-0.4302309241672579
2.1622214751017035
1.0384315799364672
-2.359177115112451
0.5790812479874499
-1.01128143810882
0.3938681123882795
1.2422353951658354
-0.7974481277858407
1.0751065765447254
1.8901891053926294
-2.4370013343450556
-0.7461827413478926
1.1248141422064595
1.0513201997178159
1.604039017614663
-1.6716588626105464
-1.2364314456836272
-0.5573404429321273
0.8697328569114258
1.5056225877717324
-0.08675451077501194
0.4552422391922148
-1.1925421228548936
0.8803056674095527
0.1767606549626003
-0.9576195924116084
-0.8227503500830442
1.3664407348693661
-0.14535258710419846
0.2879042960698029
-0.5416739750058568
2.0856960469526156
-0.5439388730224282
-0.8331648105228916
-0.1396725555159141
-1.2378064679220284
-0.3218562962429535
-0.8322560027813207
-0.0780460128222692
-0.5994055022108885
-1.1191258043138874
1.1652262874967587
-1.4733179077277683
-1.8580789618377274
-0.34556922781140903
-0.3900901173251308
0.6351366018322359
-0.8885301374025362
0.5112846992437572
-0.8472244776356563
-0.2711010298685264
-0.8376725996659575
-0.1899255779465719
-0.14707290246405472
1.1295182424103833
0.618481193023242
-0.8308695210734112
-0.29095531715884404
-0.3491910138917192
-0.30187995562982356
-0.6896660948939417
0.3860897255087051
0.7430109689383799
-0.995925812853391
-0.6334890006834416
-1.1981401452682916
-0.2951216688570532
-0.0684535334073892
-0.01929178599759193
-1.419061163048458
0.4224740530848276
0.18297283361796116
0.9952703740075652
-0.3837817993989803
-0.05894197858662809
-1.8897886465801663
0.1725559645332433
-0.2151163623680123
0.9765181380925649
-1.5804679627122564
-0.7971402996632379
0.48778743781469674
0.1880912187951943
1.4381650573582019
-0.46910651732622205
0.3851297117100059
-0.5378322622001884
1.1523925758511893
1.2123379472803075
-1.1343741369663063
0.35942621279703657
0.39475911590561596
1.0265792319738551
0.1062108652427344
0.5023063760363894
0.37368450622350485
0.0810263372444482
-2.5417989762192374
0.667561117500115
-0.6918652364640582
-0.0837223993278678
-0.15030603364906256
0.8824600724454026
-1.0587027517954406
1.3790621500008253
-0.5828860055801562
-1.1161982780010427
-0.8457574743482632
0.37640697851380595
-0.6488388872956069
0.9389239546030583
-0.9290574567542362
0.8314053977940435
0.07563854668088435
-0.6026540507155294
0.9279115203566054
-1.080669252872333
-0.5888892553262879
0.4218028830450557
1.0344835452107501
-0.5467828420363512
0.07685970015234533
2.4322958176735145
-1.0424111650453272
-0.4568843135014262
-0.7033920025595827
1.4776667388396487
0.3048210320233119
0.03941310048848834
-0.34849643065400165
0.19764808252625993
0.46906778491375767
-0.6727730382182069
0.4691469166957268
-0.9528502267163182
-0.10299319548736918
1.1120321355648686
-0.05033195075341063
-1.7343234866180184
-0.3333904837748504
1.431023393867528
0.0043531255302329454
-0.4354786628107599
-0.18125075606139587
0.9180743867590632
-1.077828251186136
-0.15582757077911924
2.477853401957533
0.7807743711883754
0.13614804202646832
0.7754972052725718
0.16088961051625472
0.9771586726659763
1.7464705468473278
-0.16295468614823555
1.718967526319747
0.7490527071602286
-1.5963292669136413
-0.236419566987682
-0.28336807959576454
-0.4220974743727831
1.1092921597659025
1.3157834693437382
0.23225957891156648
-0.7055766859063412
0.8698239768496235
-0.41510464416648896
-1.1810726968130212
0.07937771180367836
-1.2967615645257897
-0.7808679044001768
-1.6870860619626196
-1.8799912032061268
0.5846510280324155
-0.34386720351973554
-0.8990589853371284
0.204263585670316
0.41989380718376507
-1.6718760102593115
1.0165318344930376
-1.1254916723698658
-0.5791486316844336
-0.07607107937402492
-0.7443840584371085
0.02346158061893038
-1.1755139530451169
-0.15512696158393596
1.0445940156611053
1.1795347782173724
-1.0507573177967202
-0.3886100822524036
0.37990644377094734
0.4627529593350695
1.319605924362607
-0.2590221298558474
2.6013073820279344
0.9819945899077361
-0.34341940896412104
0.3503592993177923
-0.7136734556523289
1.444048174894921
-0.8828013512004099
-0.11799702557464593
-1.2721897137030689
0.7334592747839374
-0.04171119148561271
-1.1224782791066452
-0.04807957173704217
1.1794806344833733
0.9238321367886609
-1.1928148167332875
1.4871082910607138
-1.302787940475995
-0.5761080941740513
-0.9548309196783307
1.1889290139701516
-0.19913183719010746
0.4041641131638771
-0.8190196490949435
-1.9487377981158351
1.8972774382834061
-1.1670094994379498
-0.47511467756543435
-0.8494380561936017
0.5395700840316491
-1.147299796553957
1.8280204636506887
-1.0118886268318061
-0.3411439500448674
-2.3265712009255295
0.07702124219716482
-0.916739809403848
-0.816616014741837
1.7517997501992109
-1.255971527305604
-1.4426911856777591
-1.2474739361817968
-1.9430293659003093
0.592285646498181
-0.5804043870679108
-0.08784203573493027
0.871324595198045
1.4866754211638475
-0.49181013318767414
0.3209558437614685
0.17816902699889234
-0.3570129612699207
-0.5169492941650594
0.3858766067432301
0.5247876456107826
