0,1,2,3,4
CC/C(=C\C=C\C(O)(C(F)(F)F)C(F)(F)F)c1cccc(CCc2ccc(CO)c(CO)c2)c1,C1CCC(C(=C\C=C\C(O)(C(F)(F)F)C(F)(F)F)c1cccc(C(C)c2ccc(CO)c(CO)c2)c1,CC/C(=C\C=C\C(O)(C(F)(F)F)C(F)(F)F)c1cccc(CCc2ccc(CO)c(CO)c2)c1,CC/C(=C\C=C\C(O)(C(F)(F)F)C(F)(F)F)c1cccc(CCc2ccc(CO)c(CO)c2)c1,C1CCC(C(C(=C(C(=C(C(=O)C(F)(F)F)C(F)(F)F))C1)C2=CC=CC=C2)C3=CC=CC=C3(C(C(=O)O)C)C)C
COCc1cccc(c2c(-c3ccc4nccnc4c3)n(C)n(C)c2=O)c1,COCc1cccc(c2c(-c3ccc4nccnc4c3)n(C)n(C)c2=O)c1,CC(=O)c1ccc(NCC2=NCc3cccc(Cc4cnc(C)c4)c3C2)c(OC)c1,CC(=O)C1=CC=CC=C1C2=CC=CC=C2C3=CC=CC=C3Nc4ccc(cc4)Nc5c(cccc5)C(=O)N6CC7=CC=CC=C7C(=C6)C2,COCc1cccc(-c2c(-c3ccc4nccnc4c3)n(C)n(C)c2=O)c1
COCc1cccc(-c2c(-c3ccc4nccnc4c3)n(C)n(C)c2=O)c1,COCc1cccc(-c2c(-c3ccc4nccnc4c3)n(C)n(C)c2=O)c1,COc1ccc(NC2=NCc3cccc(-c4cnn(C)c4)c3C2)c(OC)c1,C1=CC(=O)C2=CC=CC=C2N3C=CC(=C3C4=CC=CC=C4)C5=C(N(C6=C(C=CC(=C6)C)C)C)C=CC(=C5)O)C1,C1=CC=CC=C1Nc2ccc(cc2)N3C(=NC4=CC=CC4)C5=C3C=CC5OC6=CC=CC=C6C
CC(=O)C1CC2=C(C=CC(=C2)C(F)(F)F)C1=NC1=CC=CC2=C1C(=O)N2C1=CC=CC2=C1C(=O)N2C1=CC=CC2=C1C(=O)N2,COc1cn(C(C(F)(F)F)c2ccccc2)n(c1)nc1c(ccc1n(C(C)ccccc1)c1ccccc1)c1ccccc1=O,C1=CC=CC2=CC=CC3=C2C(=C1)C(=O)N3C4=C(C=CC(=C4)C(F)(F)F)C5=C(C=CC(=C5)C6=NC=CC(=C6)C7=C(C=CC(=C7)C8=CC=CC=C8,COc1cn(-c2cccc(C(F)(F)F)c2)nc(-c2ccnn2-c2ccccc2)c1=O,CC1=CC=CC2=CC=CC3=CC=CC4=CC=CC5=C1C(=O)C6=C(C=CC(=C6C(=O)C7=C(C=CC(=C7C(=O)C8=CC=CC9=C1C(=C(C(=C9C(=O)C5=C4)C
COCc1cccc(-c2c(-c3ccc4nccnc4c3)n(C)n(C)c2=O)c1,COCc1cccc(-c2c(-c3ccc4nccnc4c3)n(C)n(C)c2=O)c1,COCc1cccc(-c2c(-c3ccc4nccnc4c3)n(C)n(C)c2=O)c1,COCc1cccc(-c2c(-c3ccc4nccnc4c3)n(C)n(C)c2=O)c1,COCc1cccc(-c2c(-c3ccc4nccnc4c3)n(C)n(C)c2=O)c1
COc1ccc(NC2=NCc3cccc(-c4cnn(C)c4)c3C2)c(OC)c1,COC1=CC=CC2=C(C=CC3=CC(=O)N(C)C4=CC(=O)N(C)C3=C2)C=CC1=C4,C1CCOC1c1cccc(-c2c(-c3ccc4nccnc4c3)n(C)n(C)c2=O)c1,COCc1cccc(-c2c(-c3ccc4nccnc4c3)n(C)n(C)c2=O)c1,C1=CC=CC=C1C2=NC=CC3=C2Nc4c(ccc4)N5C=CC(=C5)C6=CC=CC=C6C7=C(N(C)C(=C(C(=C7)C)C)C)N(C)C(=C3)C(=O)C(=O)O
Nc1ccccc1Nc2ccccc2,C1Nc2ccccc2C1,Nc1nccc2ccccc12,Nc1nccc2ccccc12,Nc1nccc2ccccc12
C1c2c(ccc2c1)c3ccc(cc3)C4CCCO4c1ccc(cc1)n2c3c(ccc3c2)c4ccc(cc4)n1c2c(ccc2c1)c(=O)c1ccc(cc1)C2CCCO2,C1c2c(C3CCCO3)ccc2c1c4c(ccc4)nc5c1c(ccc1c5)Nc6c1ccc(cc1)c2ccccc2C(=O)C3CCCO3,Cn1c(-c2ccc3nccnc3c2)c(-c2cccc(C3CCCO3)c2)c(=O)n1C,C1c2c(C(C(=O)N1)c3ccc(cc3)C2)C(C(COc4ccccc4)C)c5ccccc5c2,Cn1c(-c2ccc3nccnc3c2)c(-c2cccc(C3CCCO3)c2)c(=O)n1C
Cn1c(-c2ccc3nccnc3c2)c(-c2cccc(C3CCCO3)c2)c(=O)n1C,Cn1c(-c2ccc3nccnc3c2)c(-c2cccc(C3CCCO3)c2)c(=O)n1C,Cn1c(-c2ccc3nccnc3c2)c(-c2cccc(C3CCCO3)c2)c(=O)n1C,Cn1c(-c2ccc3nccnc3c2)c(-c2cccc(C3CCCO3)c2)c(=O)n1C,Cn1c(-c2ccc3nccnc3c2)c(-c2cccc(C3CCCO3)c2)c(=O)n1C
c1ccc2c(c1)CCN2,Cn1c(-c2ccc3nccnc3c2)c(-c2cccc(C3CCCO3)c2)c(=O)n1C,C1c2c(ccc2c3c(ccc3n2)c4ccc(cc4)C5CCCO5)n(c1C(=O))c2ccc(cc2)c3ccc(cc3)n2,Cn1c(-c2ccc3nccnc3c2)c(-c2cccc(C3CCCO3)c2)c(=O)n1C,Cn1c(-c2ccc3nccnc3c2)c(-c2cccc(C3CCCO3)c2)c(=O)n1C
C1c2c(c(n1)c3c(ccc3n2)C4CCCO4)C5C(C(C(C(C5)C)C)C)C(=O)C2c1cc(cc1n2)N,Cn1c(-c2ccc3nccnc3c2)c(-c2cccc(C3CCCO3)c2)c(=O)n1C,Cn1c(-c2ccc3nccnc3c2)c(-c2cccc(C3CCCO3)c2)c(=O)n1C,Cn1c(-c2ccc3nccnc3c2)c(-c2cccc(C3CCCO3)c2)c(=O)n1C,C1c2c(ccc2n1)c3c(ccc3C4CCCO4)C(=O)c5c(ccc5C6CCCO6)nc2c(ccc2n1)C(=O)C
C1CC1CC(c2c3nc4c(c2=NC3)=C(C2CCCO2)C=C4)C(C(=O)C2N=C3C=C(N)C=C32)C(C)C1C,Cn1c(-c2ccc3nccnc3c2)c(-c2cccc(C3CCCO3)c2)c(=O)n1C,Cn1c(-c2ccc3nccnc3c2)c(-c2cccc(C3CCCO3)c2)c(=O)n1C,Cn1c(-c2ccc3nccnc3c2)c(-c2cccc(C3CCCO3)c2)c(=O)n1C,C1c2c(ccc2c1)C1c2c(ccc2c1)C(=O)C1c2c(ccc2c1)c1c(cccc1)C1CCCO1
C1=CC2=C(C(=O)C1(C1=C(C(=C(C(=O)C1(C1=C(C(=C(C(=O)C1(C1=C(C(=C(C(=O)C1(C1=C(C(=C(C(=O)C1(C1=C(C(=O)C1(C1=C(C(=O)C1(C1,C1=CC=CC2=C1C(=O)C1=CC=CC2=C1C1=CC=CC2=C1C(=O)C1=C(C=CC=1)C1=C(C=CC=1)C1=CC=CC2=C1C(=O)C1=C(C=CC=1)C1=C(C=,C1=CC2=C(C(=O)C1=CC1=C2C2=C(C(=C(C2=CC=C2C1=CC=CC2=C(C(=O)C1=CC=C2)C2=C(C(=O)C1=CC=C2)C2=C(C(=O)C1=CC=C2)C2=C(C,C1=CC2=C(C(=O)C1(C1=CC=CC=C1)C1=CC=CC=C1)C1=C(C(=O)C1(C1=CC=CC=C1)C1=CC=CC=C1)C1=C(C(=O)C1(C1=CC=CC=C1)C1=C(C(=,C1=CC2=C(C(=O)C3=C(C(C(C(C(C3C(=O)C(=C(C2=C1)C4=C(C(C(C(C4C(=O)C(=C(C1=C2)C3=C(C(C(C(C3C(=O)C(=C(C2=C1)C4=C(C(C(C(C4C
C1=CC2=C(C(=O)C1=CC=CC2=C2C2=CC=CC2=C1)C1=CC=CC=C1C1=CC=CC=C1C1=CC=CC=C1C1=CC=CC=C1C1=CC=CC=C1C1=CC=CC=C1C1=,C1=CC=CC2=C1C(=O)C1=C(C=C(C=C1)C1=CC=CC=C1)C1=CC=CC=C1C1=CC=CC=C1C1=CC=CC=C1C1=CC=CC=C1C1=CC=CC=C1C1=CC=CC=C1C,C1=C2C(=O)C1(C2=C(C1=C(C1=C(C1=C(C1=C(C1=C(C1=C(C1=C(C1=C(C1=C(C1=C(C1=C(C1=C(C1=C(C1=C(C1=C(C1=C(C1=C(C1=C(C1=C(C1=C(C1=C(C1=C(C,C1=CC2=C(C(=O)C1)C1=C(C(=C(C2=CC=CC2=C1)C2=C(C=CC=C2)C1=CC=CC=C1)C2=C(C=CC=C2)C1=C(C=CC=C1)C2=CC=CC=C2)C1=C(C=CC,C1=C(C(=O)C2=C(C(=C(C(=C2C2=C(C(=C(C(=C2C2=C(C(=C(C(=C2C2=C(C(=C(C(=C2C2=C(C(=C(C(=C2C2=C(C(=C(C(=C2C2=C(C(=C(C(=C2C2=C
C1c2c(ccc2c1)c3ccc(cc3)C4CCCO4C(=O)C5CCCO5C1,C1c2c(ccc2n1)C1c2c(ccc2n1)c3c(ccc3C4CCCO4)C(=O)N1C,Cn1c(-c2ccc3nccnc3c2)c(-c2cccc(C3CCCO3)c2)c(=O)n1C,Cn1c(-c2ccc3nccnc3c2)c(-c2cccc(C3CCCO3)c2)c(=O)n1C,C1c2c(ccc2n1)c3c(ccc3n1)c4c(ccc4n1)c5c(ccc5n1)c6c(ccc6n1)c(=O)n1C
C1=CC=CC2=C1C(=O)C1(C(C1=CC=CC2=C1C(=O)C1=CC=CC2=C1C(=O)C1=CC=CC2=C1C(=O)C1=CC=CC2=C1C(=O)C1=CC=CC2=C1C(=O,C1=CC(=O)C2=C(C(=C(C1=CC(=O)C1=C(C(=C(C1=CC(=O)C1=C(C(=C(C1=CC=C(C1)C(C(C(C(C1)C)C)C)C)C)C)C)C)C)C(C(C(C(C(C1),O=C(C1=C2C(=CC2C2=C3CC=C3C=C2)C=C1)C1C=C2C=CC(C3=CC=CC=C3C3CCCO3)=C2C1,C1=CC(=O)C1(C2=C(C(=C(C(=C2C2=C(C(=C(C(=C2C2=C(C(=C(C(=C2C2=C(C(=C(C(=C2C2=C(C(=C(C(=C2C2=C(C(=C(C(=C2C2=C(C(=C(C(=C2C,C1=CC2=C(C(=O)C1=CC1=C2C2=C(C=C(C=C2)C1=CC=CC=C1)C1=CC=CC=C1)C1=CC=CC=C1C1=CC=CC=C1C1=CC=CC=C1C1=CC=CC=C1C1=CC
C1=CC2=C(C(=O)C1=CC=C2)C1=C(C(=O)C1=CC=C1)C1=C(C(=O)C1=CC=C1)C1=C(C(=O)C1=CC=C1)C1=C(C(=O)C1=CC=C1)C1=C(C(=O),C1=CC2=C(C(=O)C3=C(C(C(C(C(C3(C2=O)C(=O)C1)C(C(C(C(C3=C(C(C(C(C3=O)C1=C(C(C(C(C(C1(C2=C(C(C(C(C(C2=C(C(C(C(C(C2=C(C(C(C(C(C2=C(C,C1=CC2=C(C(C1=O)C1=C(C(C1=O)C1=CC(C(C1=O)C1=CC(C(C1=O)C1=CC(C(C1=O)C1=CC(C(C1=O)C1=CC(C(C1=O)C1=CC(C(C1=O,C1=CC=CC1C2=C3C(=O)C4=C(C(C(C(C(C4=C2C(C(C(C(C(C(C(C(C(C(C(C(C(C(C(C(C(C(C(C(C(C(C(C(C(C(C(C(C(C(C(C(C(C(C(C(C(C(C(C(C(C(C(C(C(C(C(C(C(C(C(C(C(C,C1=CC2=C(C(=O)C1(C3=C(C(=C(C=C3)C2=CC=C2)C3=CC=CC=C3)C4=CC=CC=C4)C5=C(C(=C(C=C5)C2=CC=C2)C3=CC=CC=C3)C1=CC=CC=C
C1=CC2=C(C(=O)C1=C(C(=O)C1=CC(=C(C(=O)C1=CC(=C(C(=O)C1=CC(=C(C(=O)C1=C2)C2=C3C=CC=C3C3CCCO3)C2=C3C=CC=C3C(=O),C1=CC2=C(C(=O)C3=C(C(C(C(C(C=C3)C(C2=CC=C1)C(=O)C(=O)C1=CC=CC=C1)C)C)C(=O)C1=CC=CC=C1)C(=O)C1=CC=CC=C1)C1=CC,C1=CC2=C(C(=O)C1)C3=C(C(=C(C(=C3C2)C2=C(C(=C(C(=C2C1)C1=C(C(=C(C(=C1C2)C2=C(C(=C(C(=C2C1)C1=C(C(=C(C(=C1C2)C2,C1=CC=CC2=C1C(=O)C1=C(C=C(C(=C1)C1=CC=CC2=C1C(=O)C1=CC=CC2=C1C(=O)C1=C(C=C(C(=C1)C1=CC=CC2=C1C(=O)C1=C(C=C(C(=C,C1=CC=CC2=C1C(C(=O)C1=C(C=CC=C1)C1=C(C=CC=C1)C1=C(C=CC=C1)C1=CC=CC2=C1)C1=C(C=CC=C1)C1=C(C=CC=C1)C1=C(C=CC=C1)C1
O=C(C1=C2C(=CC2C2=C3CC=C3C=C2)C=C1)C1C=C2C=CC(C3CCCO3)c3ccccc3C3CCCO3=C2C1,O=C(C1=C2C(=CC2C2=C3CC=C3C=C2)C=C1)C1C=C2C=CC(C3CCCO3)c3ccccc3C3CCCO3=C2C1,C1=CC2=C(C(=O)C1(C1=C(C(=O)C1(C1=C(C(=O)C1(C1=C(C(=O)C1(C1=C(C(=O)C1(C1=C(C(=O)C1(C1=C(C(=O)C1(C1=C(C(=O)C1(C1=C(C(=,C1=CC2=C(C(=O)C1(C1=C(C(=O)C1(C1=C(C(=O)C1(C1=C(C(=O)C1(C1=C(C(=O)C1(C1=C(C(=O)C1(C1=C(C(=O)C1(C1=C(C(=O)C1(C1=C(C(=,O=C(C1=C2C(=CC2C2=C3CC=C3C=C2)C=C1)C1C=C2C=CC(C3CCCO3)c3ccccc3C3CCCO3=C2C1
C1=CC2=C(C(=O)C1(C1=C2C(=CC2C2=C3CC=C3C=C2)C=C1)C1=C2C=CC(C3=CC=CC3C3CCCO3)C2=C1)C1=C2C=CC(C3=CC=CC3C3CCCO3),C1=CC2=C(C(=O)C1(C1=C(C=CC1=C1)C1=CC=C(C=C1)C1=C(C=CC1=C1)C1=C(C=CC1=C1)C1=C(C=CC1=C1)C1=C(C=CC1=C1)C1=C(C=CC1=C1,C1=CC2=C(C(=O)C3=C(C=CC=C3C2=C(C(C1=CC=CC=C1)C3=C(C=CC=C3)C3=CC=CC=C3)C2=C(C=CC=C2)C2=C(C=CC=C2)C2=C(C=CC=C2)C2=C(C,C1=CC(=O)C2=C(C(C(C=C1)C2=C(C(C=C2)C2=C(C(C=C1)C2=CC=C(C(C=C2)C2=C(C(C=C1)C2=C(C(C=C2)C2=CC=C(C(C=C2)C2=C(C(C=C1)C2=C(C,O=C(C1=C2C(=CC2C2=C3CC=C3C=C2)C=C1)C1C=C2C=CC(c3ccccc3C3CCCO3)=C2C1
C1=CC=CC2=C1C(=O)C1=C(C=CC(=C1)C1=C(C=CC(=C1)C1=C(C=CC(=C1)C1=C(C=CC(=C1)C1=C(C=CC(=C1)C1=C(C=CC(=C1)C1=C(C=CC(=,C1=CC2=C(C(=O)C1)C3=C(C(=O)C2)C4=C(C(=O)C3)C5=C(C(=O)C4)C6=C(C(=O)C5)C7=C(C(=O)C6)C8=C(C(=O)C7)C9=C(C(=O),C1=C2C(=O)C3=C(C1(C(=C(C3(C1=C2C2=C3C=CC3C=C2)C=C1)C1=C2C=CC(C3=CC=CC=C3C3CCCO3)=C21)C3=CC=CC=C3)C1=C2C=CC=C2,C1=CC=CC2=C1C(=O)C1=C(C=C(C=C1)C1=CC=CC2=C1C(=O)C1=C(C=C(C=C1)C1=C(C=C(C=C1)C1=CC=CC2=C1C(=O)C1=C(C=C(C=C1)C1=C(C=C,C1=C(C(C(C1=C2C(C(C(C2=C2C(C=C2)C(C=C2)C(C=C2)C(C=C2)C(C=C2)C(C=C2)C(C=C2)C(C=C2)C(C=C2)C(C=C2)C(C=C2)C(C=C2)C(C=C2
C1=CC(=O)C2=C(C(=CC2C2=C3CC=C3C=C2)C=C1)C1=C(C=C2C=CC=C2C2=CC=CC(C3CCCO3)C3=C2)C=C1,C1=CC2=C(C(C=C1)C(C=C1)C1=C(C(C=C2)C=C1)C(C=C1)C1=CC=C(C(C=C1)C=C1)C1=C(C(C=C2)C=C1)C2=CC(C(C=C2)C=C2)C2=C(C(C=C1),C1=CC=CC2=C1C(=O)C1(C=CC2=C(C1=CC=CC2=C1C(=O)C1(C=CC2=C(C1=CC=CC2=C1C(=O)C1(C=CC2=C(C1=CC=CC2=C1C(=O)C1(C=CC2=C,C1=CC2=C(C(=O)C1=C(C(=C1)C1=CC=CC=C12)C1=CC=CC=C1)C1=CC=CC=C1C1=CC=CC=C1C1=C(C(C(C1=CC=CC=C1)C1=CC=CC=C1)C1=CC=,C1=CC2=C(C(=O)C3=C(C(=C(C(=C3C2=C1)C1=CC=CC=C1)C1=C(C=CC(=C1)C(=O)O)C1=C(C=CC=C1)C1=CC=CC=C1)C1=C(C=CC=C1)C1=
O=C(C1=C2C(=CC2C2=C3CC=C3C=C2)C=C1)C1C=C2C=CC(C3CCCO3)c3ccccc3C3CCCO3=C2,C1=CC=CC2=C1C(=O)C3=C(C(=C(C(=C3C4=C(C(=C(C(=C4C5=C(C(=C(C(=C5C6=C(C(=C(C(=C6C7=C(C(=C(C(=C7C8=C(C(=C(C(=C8C9=C(C(=C(C,C1=CC2=C(C(=O)C3=C(C(=C(C(=C2C3=C(C(=C(C(=C1)C)C)C)C)C)C)C)C)C=C1C=CC(C(C1CCO1)C)C2=C(C(=O)C3=C(C(=C(C(=C2C,C1=CC2=C(C(=O)C3=C(C(=CC3C2=C(C(=C1)C1=C(C(=C(C(=C1)C(=O)C1(C=CC2=C(C(=C(C(=C2)C(=C(C(=C2C3=CC=CC=C3C(=O)C3(C)C=,C1=CC2=C(C(=O)C1=CC1=C2C2=C(C(=C(C=C2)C1=CC=CC=C1)C2=CC=CC=C2)C1=CC=CC=C1)C1=C(C=CC=CC=C1)C2=C(C=CC=CC=C2)C3=CC
C1=CC=CC2=C1C(=O)C1=CC=CC2=C1C1=C(C=C(C=C1)C(=O)C1=CC=CC2=C1C(=O)C1=CC=CC2=C1C1=CC=CC2=C1C(=O)C1=C(C=C(C=C1)C,C1=CC2=C(C(=O)C1=C1C(=O)C1(C=CC1=C2)C(C1=C(C(=O)C1=C1C(=O)C1(C=CC1=C2)C(C1=C(C(=O)C1=C1C(=O)C1(C=CC1=C2)C(C1,C1=CC2=C(C(=O)C3=C(C(C(C(C(C(C(C(C(C(C(C(C(C(C(C(C(C(C(C(C(C(C(C(C(C(C(C(C(C(C(C(C(C(C(C(C(C(C(C(C(C(C(C(C(C(C(C(C(C(C(C(C(C(C(C(C(C(C(C(C(C(C(C(C(C(C(C,C1=C(C2=C(C(C1=C(C2=C(C2=C3C(C(C(C=C2)C=C3)C=C1)C=C2)C=C1)C(C(C(C=C2)C=C3C(C(C(C=C2)C=C3)C=C2)C=C1)C(C(C(C=C2)C=C3C,C1=C2C(=O)C(C1=C2C2=C3CC=C3C=C2)C1=C(C=C(C1)C(C2=CC=CC=C2)C2=C(C=CC(C2=O)C3=CC=CC=C3)C2=C(C=CC(C2=O)C3=CC=CC=C
C1=CC2=C(C(=O)C1)C3=C(C(=C(C(=C3C2)C2=C(C(=C(C(=C2C1)C1=CC=CC1)C1=CC=CC=C1)C1=CC=CC=C1)C1=CC=CC=C1)C1=CC=CC,O=C(C1=C2C(=CC2C2=C3CC=C3C=C2)C=C1)C1C=C2C=CC(C3=CC=CC=C3C3CCCO3)=C2C1,C1=C2C(=CC2C2=C3CC=C3C=C2)C=C1C1=C2C=CC(C3=CC=CC=C3C3CCCO3)=C2C=C1,C1=CC2=C(C(=O)C3=C(C(C(=C(C3=C2C2=C(C(C=C2)C=C1)C3=CC=CC=C3)C)C)C(=O)C1=CC=CC=C1)C)C1=C(C(C(=C(C1=CC=CC=C1)C)C,C1=CC(=O)C2=C(C1)C(C(=C2C2=C(C(=C(C2=CC(=O)C1=C(C(=C1C2=C(C(=C(C2=CC=C2)C1=C(C(=C1C2=C(C(=C(C2=CC=C2)C1=C(C(=C1C2
C1=CC2=C(C(=O)C3=C(C(=CC3C2=C(C1=CC=C2)C(=O)C1=CC=C2)C(=O)C1=CC=C2)C(=O)C1=CC=C2)C(=O)C1=CC=C2C=CC3=CC=CC3C,C1=CC(=O)C1=CC1=C2C(=CC2=C2C(=CC2=C3C=CC=C3C=C2)C=C1)C1=C(C=C2C=CC=C2C2=C(C=C(C(C=C(C=C2C=CC=C2C2=C(C=C(C=C2C=CC=C2C,C1=CC2=C(C(=O)C1(C1=C(C(=CC1(C2=C(C(=CC2(C2=C(C(=CC2(C2=C(C(=CC2(C2=C(C(=CC2(C2=C(C(=CC2(C2=C(C(=CC2(C2=C(C(=CC2(C2=C(C(=CC2(C2=C(C(=,C1=C2C(=O)C3=C(C(=C(C2C(=C1)C(C2=C(C(=C(C2=CC(=O)C2(C(=C(C2=CC(=O)C2(C(=C(C2=C(C(=C(C2=CC(=O)C2(C(=C(C2=CC(=O)C2(C,O=C(C1=C2C(=CC2C2=C3CC=C3C=C2)C=C1)C1C=C2C=CC(C3CCCO3)c3ccccc3C3CCCO3=C2
Cn1c(-c2ccc3nccnc3c2)c(-c2cccc(C3CCCO3)c2)c(=O)n1C,Cn1c(-c2ccc3nccnc3c2)c(-c2cccc(C3CCCO3)c2)c(=O)n1C,C1c2c(ccc2n1)c3c(ccc3N)c4ccc(cc4)C(=O)c5ccc(cc5)C(=O)n6c(cc7c(cc(cc7)C(=O)N6)C)C,Cn1c(-c2ccc3nccnc3c2)c(-c2cccc(C3CCCO3)c2)c(=O)n1C,Cn1c(-c2ccc3nccnc3c2)c(-c2cccc(C3CCCO3)c2)c(=O)n1C
C1=CC2=C(C(=O)C3=C(C(C(C(C(C(C3=C2)C(=O)C2=C(C(C(C(C(C2=C1)C3=C(C(C(C(C(C(C(C3=C2)C(=O)C2=C(C(C(C(C(C(C(C(C3=C2)C(=O)C2=C(C,C1=CC2=C(C(=O)C3=C(C(=C(C(=C3C4=C(C(=C(C(=C4C5=C(C(=C(C(=C5C6=C(C(=C(C(=C6C7=C(C(=C(C(=C7C8=C(C(=C(C(=C8C9=C(C(=C(C(=C9,O=C(C1=C2C(=CC2C2=C3CC=C3C=C2)C=C1)C1C=C2C=CC(C3=CC=CC=C3C3CCCO3)=C2C1,C1=C2C(=O)C1(C2=C(C1=C(C1=C(C1=C(C1=C(C1=C(C1=C(C1=C(C1=C(C1=C(C1=C(C1=C(C1=C(C1=C(C1=C(C1=C(C1=C(C1=C(C1=C(C1=C(C1=C(C1=C(C1=C(C,C1=CC2=C(C(=O)C1=CC=C2)C1=CC=CC2=C1C(=O)C1=C(C(=O)C1=CC=CC2=C1C(=O)C1=C(C(=O)C1=CC=CC2=C1C(=O)C1=CC=CC2=C1C
C1=CC2=C(C(C(=O)C1=CC=C2)C1=C2C=CC(C=C2)C2=C(C=C(C=C2)C1=C2C=CC=C2)C2=C(C=C(C=C2)C1=C2C=CC=C2)C2=C(C(C=C2)C1=C2C,O=C(C1=C2C(=CC2C2=C3CC=C3C=C2)C=C1)C1C=C2C=CC(C3CCCO3)c3ccccc3C3CCCO3=C2C1,C1=C2C(=CC2C2=C3CC=C3C=C2)C(=O)C1C1=C2C=CC(C3CCCO3)c3ccccc3C3CCCO3=C2C1,O=C(C1=C2C(=CC2C2=C3CC=C3C=C2)C=C1)C1C=C2C=CC(C3CCCO3)c3ccccc3C3CCCO3=C2C1,C1=CC2=C(C(=O)C1=C(C1=C(C(=O)C1=C(C2=C(C(=O)C1=C(C1=C(C(=O)C1=C(C2=C(C(=O)C1=C(C1=C(C=C(C1=CC=CC=C1)C1CCO1)C1=C(C(=O)
O=C(C1=C2C(=CC2C2=C3CC=C3C=C2)C=C1)C1C=C2C=CC(C3=CC=CC=C3C3CCCO3)=C2C1,C1=C(C(=O)C2=C(C=C(C=C2C2=C3C(C(C(C(C(C(C2C(C=C(C=C2C2=C3C(C(C(C(C(C2C(C=C(C=C2C2=C3C(C(C(C(C(C2C(C=C(C=C2C2=C3C(C(C(C(C(C2C(C,C1=CC=C2C(=O)C3=C(C(C(C(C(C3=C2C2=C(C=C(C2(C(C(C2=C1)C)C)C)C)C)C)C)C)C)C1=C2C=CC(C3=CC=CC=C3C)C(C(C(C(C(C1=C2),O=C(C1=C2C(=CC2C2=C3CC=C3C=C2)C=C1)C1C=C2C=CC(C3C=CC=CC3C3CCCO3)=C2C1,C1=CC2=C(C(C(=O)C1=CC=CC2=C2C2=C(C=C(C(C(=O)C2=CC=CC2=C2C2=C(C=C(C(C(=O)C2=CC=CC2=C2C2=C(C=C(C(C(=O)C2=CC=CC2=C2C2=C
C1=CC2=C(C(=O)C3=C(C(C(C(C(C(C2=O)C(=O)C3=C(C(C(C(C(C3=O)C=C(C1=O)C1=C(C(C(C(C(C1=O)C=C(C1=O)C(C(C(C(C(C(C1=O)C=C(C1,C1=C2C(=CC2C2=C3CC=C3C=C2)C(=O)C1C1=C2C=CC(C3=CC=CC=C3C3CCCO3)=C2C1,C1=CC2=C(C(=O)C1)C1(C=CC2=C(C(=O)C1)C1=C(C=CC1)C1=C(C=CC1)C1=CC=CC1)C1=C(C=CC1)C1=C(C=CC1)C1=C(C=CC1)C1=C(C=,C1=CC2=C(C(=O)C3=C(C(C(C(C(C(C(C(C(C=C2C1)C)C)C)C)C)C)C)C)C(C(C(C(C(C(C=C1)C)C)C)C)C)C(=O)C1=C(C(C(C(C(C(C=C2)C,C1=CC(=O)C2=C(C(=CC2=C(C(=CC2=C(C(=CC2=C(C(=CC2=C(C(=CC2=C(C(=CC2=C(C(=CC2=C(C(=CC2=C(C(=CC2=C(C(=CC2=C(C(=CC2=C(C(=CC2=C(C(=CC2=C(C(=CC2=C
C1c2c3c(c(c4c5c(ccc5c(c3c(n1c2)C(=O))c5ccccc5)C)C)C(=O)n5c4ccccc4n5,C1c2c(ccc2n1)C1c(ccc1)c2c(ccc2C3CCCO3)c1ccc(cc1)C(=O)C1c(ccc1)n1,Cn1c(-c2ccc3nccnc3c2)c(-c2cccc(C3CCCO3)c2)c(=O)n1C,C1Cn(C(C(=O)C2=CC=CC=C2)C3CCCO3)C4=C(N(C5=C1C=CC(=C5)N4)C2=CC=CC=C2)C(=O)N1,C1c2c(cc3c(cc(c(c2C(=O)N1)c1ccc(cc1)N3)C)c2ccc(cc2)C)c2ccc(cc2)C
C1=CC2=C(C(=O)C3=C(C(=C(C(=C3C2=C(C1=CC=CC=C1)C)C)C)C)C)C1C=CC=CC=C1C1=CC=CC=C1C1CCOCC1,C1=CC=CC2=C1C(=O)C1=CC=CC2=C1C(=O)C1=C(C=C2C=CC=C2)C=CC1=C2C=CC=C2C1C=CC=CC1=C2C=CC=C2C1=C(C=C2C=CC=C2)C=CC1,C1=CC2=C(C(=O)C1)C3=C(C(C(C(C(C(C(C(C(C(C(C(C(C(C(C(C(C(C(C(C(C(C(C(C(C(C(C(C(C(C(C(C(C(C(C(C(C(C(C(C(C(C(C(C(C(C(C(C(C(C(C(C(C(C(C(C(C(C(C(C(C(C(C(C,C1=CC2=C(C(=O)C3=C(C(=C(C2=C1)C3=CC=C(C3)C(C3(C(=O)C2=C(C(=C(C2=C1)C1=CC=C(C1)C(C1(C(=O)C2=C(C(=C(C2=C1)C1=CC=C(C1,C1=CC=CC2=C1C(=O)C1=CC=CC2=C1C1=C(C=C(C=C1)C1=CC=CC2=C1C(=O)C1=CC=CC2=C1C1=CC=CC3=CC=CC3C3CCO3)=C1C=CC=CC2=C
C1CCc1c2c(Nc3c(ccc3)nc3c(c(c3)nc2)Nc3c(ccc3)N3C)cc3C4cnn(C)c4c3s2,C1CCc2cc(Nc3cc(C(NC3)C)nc3c(C)c3n3)nc3c(-c4cnn(C)c4)cnn23)S1,C1c2ccccc2Nc3c(ccc3Nc1c2ccccc2)nc1ccc(cc1)Nc1ccc(cc1)Nc1ccc(cc1)S1,C1CC1c2cc(Nc3cc(C(C)CC3)nc3c(c4cn(C)c4)nc3)C3CC4CCN4C2S3,C1c2ccccc2Nc3c(ccc3Nc4ccc(cc4)N3)c1c2ccc(cc2)cc2nccc2s2
C1=C2C(=CC2C2=C3CC=C3C=C2)C(=O)C1(C1=C2C=CC=C2C2=CC=CC2(C1)C(=O)C2)C1CC2=C(C=CC=C2)C3CCCO3,C1=C2C(=CC2C2=C3CC=C3C=C2)C(=O)C1C=C2C=CC(C3=C(C3CCCO3)C=C)C2C1,C1=CC2=C(C(=O)C1)C1=C(C(=C(C(=C1C2=C(C(=C(C(=C2C2=C(C(=C(C(=C2C1=C(C(=C(C(=C1C2=C(C(=C(C(=C2C1=C(C(=C(C(=C1C2=C(C(=C(C,C1=CC(=O)C2=C(C3=C(C(C(C(C(C(C(C(C=C1C2)C)C)C)C)C)C)C)C(C(C(C(C(C(C(C=C1C2)C)C)C)C)C)C)C(C(C(C(C(C(C(C=C1C2)C),C1=CC=CC2=C(C=C(C=C1)C1=C(C=CC=C1)C(=O)C2)C1=CC=CC2=C(C=C(C=C1)C1=C(C=CC=C1)C(=O)C2)C1=C(C=CC=C1)C(=O)C1=CC=CC2
C1=CC=CC2=C1C(=O)C1=C(C=CC(=O)C1=CC=CC1=CC=CC1=CC=CC1=CC=CC1C=CC=CC1=CC=CC1=CC=CC1=CC=CC1=CC=CC1=CC=CC1=CC=CC1,C1=CC2=C(C(=O)C3=C(C(C(C(C(C2(C1)C(=C(C3=C2C(C(C(C(C2)C(=C(C2=C3C(C(C(C(C2)C(=C(C2=C3C(C(C(C(C2)C(=C(C2=C3C(C(C(C(C2)C(=,C1=CC=CC2=C1C(=O)C1(C=CC(=C2)C(=O)C2=C(C1=CC=CC2=C1C(=O)C1=C(C=CC(=C2)C(=O)C2=C(C1=CC=CC2=C1C(=O)C1=CC=CC2=C,C1=C2C(=O)C1(C2=C(C1=C(C2=C(C1=C(C2=C(C1=C(C2=C(C1=C(C2=C(C1=C(C2=C(C1=C(C2=C(C1=C(C2=C(C1=C(C2=C(C1=C(C2=C(C1=C(C2=C(C1=C(C2=C(C,C1=CC2=C(C(=O)C3=C(C=C(C(=C3)C2=C(C(=C1)C1=C(C(=C(C(=C1)C2=CC(=O)C3=C(C=C(C(=C3)C2=C(C(=C1)C1=C(C(=C(C(=C1)C2=C(C(=
C1c(ccc2c1c(ccc2C(=O)O)Nc1ccc(cc1)C(F)C2ccc(cc2)C1)C,C1c2c(c(c(c(c1C(=O)O)Nc2ccc(F)cc2)C1c(cccc1)C2c(cccc2)C1)C1ccccc1)C1ccccc1,C1c2c(ccc2c1c1c(ccc1C(F)C(=O)O)Nc2ccccc2)c3ccccc3,C1=C2C(=CC2C2=C3CC=C3C=C2)C=C1C1=C2C=CC(C3=CC=CC=C3C3CCCO3)C2=C1,C1=CC2=C(C(=O)C1)C2=C(C(=O)C1=C(C(=C(C(=O)C1=CC(=C(C(=O)C1)C1=CC=CC=C1)C1=CC=CC=C1)C1=CC=CC=C1)C1=CC=CC=C1)C
C1=CC=CC2=C1C3=C2C(C(=O)C1=C(C(=O)C1=CC=CC1C1=C(C=CC2=CC=CC2C2=CC=CC2C2=CC=CC2C2=CC=CC2C2=CC=CC2C2=CC=CC2C,C1=CC=CC2=C1C=CC1C=CC2C=CC1C=CC2C=CC1C=CC2C=CC1C=CC2C=CC1C=CC2C=CC1C=CC2C=CC1C=CC2C=CC1C=CC2C=CC1C=CC,C1=CC2=C(C(=O)C3=C(C(=C(C2=CC=C1)C1=C(C(=O)C2=C(C(=C(C2=CC=C1)C1=C(C(=O)C2=C(C(=C(C2=CC=C1)C1=C(C(=O)C2=C(C(=C(C2=CC,C1=CC=CC2=C1C=CC(=O)C1(C=CC=C2)C1=CC=C(C(C1=CC=CC=C1)C1=CC=CC=C1)C1=CC=CC=C1C1=CC=CC=C1C1=CC=CC=C1C1=CC=CC=C1C,C1=CC2=C(C(=O)C1)C1=C(C(=O)C2)C2=C(C(=O)C1)C1=C(C(=O)C2)C1=C(C(=O)C2)C2=C(C(=O)C1)C1=C(C(=O)C2)C1=C(C(=O)
C1c2c(ccc2c1c1c(ccc1N)c2ccc(cc2)C(=O)O)cc2ccccc2F,C1c2c(ccc2c1c1ccc(cc1)Nc1ccc(cc1)F)c1ccc(cc1)C(=O)O,C1c(cc2ccc(cc2c3ccccc3)c1)c1ccccc1Nc1ccc(cc1)Fc1ccccc1C(=O)O,C1c(ccc2c1c(ccc2)c3ccc(cc3)Nc1ccc(cc1)c2ccc(F)cc2C(=O)O)C,CC1c2c(ccc2c1c3ccc(cc3)c4ccc(cc4)Nc5ccc(cc5)c6ccccc6F)c7ccccc7C(=O)O
"""O=C(C1=C2C(=CC2C2=C3CC=C3C=C2)C=C1)C1C=C2C=CC(C3=C(C3C=CC=CC3C3CCCO3)=C)C2C1""",C1=CC2=C(C=C1)C1=C(C(C=C2)C1=CC(=O)C1=C2C(C(C=C2)C1=CC(=O)C1=C2C(C=C2)C1)C2=CC=CC=C2C2(C(C=C2)C1)C1CCO)C1=C,C1=CC2=C(C(=O)C1)C3=C(C(=C(C2=C3C2=C(C3=C(C=CC3=C1)C1=C(C=CC1=O)C1=C(C=CC1(C2=CC=CC2(C3=CC=CC=C3)C3=CC=CC=C3)C1,O=C(C1=C2C(=CC2C2=C3CC=C3C=C2)C=C1)C1C=C2C=CC(C3=CC=CC=C3C3CCCO3)=C21,C1=CC(=O)C2=C(C=C(C=C2)C1)C1=C(C=CC=C1)C2=C(C=C(C=C2)C2=C(C=CC=C2)C2(C(C(C(C(C2)C)C)C)C)C)C1
CN(C)c1ccc(c2c(N)ncnc2C#Cc2ccc(N3CCOCC3)nc2)cc1,CN(C)c1ccc(cc1)c2c(N)nc2C#Cc2ccc(N3CCOCC3)nc2cc1,CN(C)c1ccc(cc2c(N)ncnc2C#Cc2ccc(N3CCOCC3)nc2)cc1,CN(C)c1ccc(-c2c(N)ncnc2C#Cc2ccc(N3CCOCC3)nc2)cc1,C1=CC2=C(C(=O)C1=CC=C2)C1=C(C(=O)C1=CC=C2)C1=C(C=CC=C2)C1=C(C=CC=C2)C1=C(C=CC=C2)C1=C(C=CC=C2)C1=C(C=CC=C2)C1=C(C
O=C(C1=C2C(=CC2C2=C3CC=C3C=C2)C=C1)C1C=C2C=CC(C3=C(C=CC=CC3C3CCCO3)=C)C2C1,C1=CC=CC2=C1C(=O)C1=C(C=C(C=C1)C1=CC=CC2=C1C(=O)C1=CC=CC2=C1C(=O)C1=C(C=C(C=C1)C1=CC=CC2=C1C(=O)C1=C(C=C(C=C1)C,C1=C2C(=O)C(C1=C2C2=C3C(C=C(C3)C=C2)C3=C(C(C=C3)C(C(C=C3)C(C=C3)C(C=C3)O)C(C=C3)C3)C2=C1)C1=C2C=CC(C3=C(C(C=C3,O=C(C1=C2C(=CC2C2=C3CC=C3C=C2)C=C1)C1C=C2C=CC(C3=C(C=C(C3)C3CCCO3)=C2)=C2C1,C1=CC2=C(C(=O)C1)C1=C(C(=O)C1)C1=C(C=C(C1)C1=C(C=C(C1)C1(C=CC1)C1=C(C=CC(C1)C1(C)C1)C1(C)C1)C1(C)C1)C1(C)
C1=CC=CC=C1C1=CC=CC=C1OC1C=CC2=C1C(=NC1=CC=CC1)N2C1=CC=CC=C1Nc1ccc(Nc2ccccc2)cc1C1=CC=CC=C1,C1c(ccc2c1c(ccc2c1ccc(cc1)C(=O)O)Nc1ccc(cc1)F)c1ccccc1,C1c2c(cc1)cc3c(cc2)ccc3c4ccc(cc5ccccc5)cc4Nc5ccccc5Fc6ccccc6C(=O)O,C1CCC1OC1C=CC2=C1C(=NC1=CC=CC1)N2C1=CC=CC=C1Nc2ccccc2C1=CC=CC=C1Nc2ccccc2,C1c2c(ccc2c1)c3c(ccc(cc3)C(=O)O)Nc1ccccc1F
C1c2c(ccc2c1c(cc3c(ccc(cc3)C(=O)O)Nc1ccccc1)F)C,C1c(c(c2ccc(cc2)c1)c1ccc(cc1)c1ccc(cc1)n2c(cc(F)cc2)c1C(=O)O,C1c(ccc1c2ccc(cc2)nc2ccc(F)cc2C(=O)O)c3ccccc3,C1c(ccc2c1c(ccc2)c3ccc(cc3)C(=O)O)Nc1ccc(cc1)C(F)C1c(cc(c2ccccc2)c1)C,C1c2ccccc2c3c1cccc3c1ccc(cc1)Nc2ccc(cc2)Fc2ccccc2C(=O)O
C1=CCC(N=C2C3=C(C=CC3Oc3ccccc3-c3ccccc3)N2c2ccccc2Nc2ccc(Nc3ccccc3)cc2-c2ccccc2)=C1,C1=CCC(N=C2C3=C(C=CC3Oc3ccccc3-c3ccccc3)N2c2ccccc2Nc2ccc(Nc3ccccc3)cc2-c2ccccc2)=C1,C1=CCC(N=C2C3=C(C=CC3Oc3ccccc3-c3ccccc3)N2c2ccccc2Nc2ccc(Nc3ccccc3)cc2-c2ccccc2)=C1,C1=CCC(N=C2C3=C(C=CC3Oc3ccccc3-c3ccccc3)N2c2ccccc2Nc2ccc(Nc3ccccc3)cc2-c2ccccc2)=C1,C1=CCC(N=C2C3=C(C=CC3Oc3ccccc3-c3ccccc3)N2c2ccccc2Nc2ccc(Nc3ccccc3)cc2-c2ccccc2)=C1
C1=CCC(N=C2C3=C(C=CC3Oc3ccccc3-c3ccccc3)N2c2ccccc2Nc2ccc(Nc3ccccc3)cc2-c2ccccc2)=C1,C1=CCC(N=C2C3=C(C=CC3Oc3ccccc3-c3ccccc3)N2c2ccccc2Nc2ccc(Nc3ccccc3)cc2-c2ccccc2)=C1,C1=CC=CC2=C1C(C=C2)C1=CC=CC2=C1C(C=C2)C1=C(C=C2C=CC=CC2=C1C=CC=CC2=C1C=CC=CC2=C1C=CC=CC2=C1C=CC=CC2=C1C=CC=CC2,C1=CCC(N=C2C3=C(C=CC3Oc3ccccc3-c3ccccc3)N2c2ccccc2Nc2ccc(Nc3ccccc3)cc2-c2ccccc2)=C1,C1=CC2=C(C(=O)C1)C1=C(C(=O)C2)C1=C(C(=O)C2)C1=C(C(=O)C2)C1=C(C(=O)C2)C1=C(C(=O)C2)C1=C(C(=O)C2)C1=C(C(=O)
C1=CC2=C(C(=O)C1=C1C2=C(C1=C(C(=C(C1=C2C2=C(C(C1=C2C2=C(C=C2C2=C3C(C=C(C(C1=C2C2=C(C=C2C2=C(C=C2C2=C3C(C=C(C(C1=C2C2=C,C1=CC2=C(C(=O)C1=CC2=C(C2=C(C(=C(C2=CC=CC2=C1)C=C1)C(=O)C1=CC=CC2=C1C(=O)C2)C)C(=O)C1=CC=CC2=C1C(=O)C2)C(=,C1=CC2=C(C(=O)C1=C(C1=CC(=O)C1=CC2=C1C(=O)C2=C1)C=C1)C=C2C(=O)C1=C(C1=CC=C2C2=C(C(=O)C2(C1=CC=C2C2=CC=C2C2CC,C1=CC2=C(C(=O)C3=C(C(C(C(C(C(C3C(C(C(C(C3C(C(C(C(C(C(C3C(C(C(C(C(C(C3C(C(C(C(C(C(C(C(C(C(C(C(C(C(C(C(C(C(C(C(C(C(C(C(C(C(C(C(C(C(C(C(C(C(C(C(C(C,C1=CC(=O)C2=C(C(=C(C(=C2C2=C(C(=C(C(=C2C1)C1=C(C(=C(C(=C1C1=C(C(=C(C(=C1C2)C2=C(C(=C2C1)C1=CC(=O)C2=C(C(=C(C(=C2
C1c(ccc2c1c(ccc2c1c(ccc2c1ccccc2)c3ccc(cc3)Nc2ccccc2)c1ccc(cc1)C(F)C(=O)O)C1CC1,C1c(ccc2c1c(ccc2)Nc1ccc(cc2)cc2ccc(cc3)cc3C(=O)O)cc2cc(F)cc2,C1=CCC(N=C2C3=C(C=CC3Oc3ccccc3-c3ccccc3)N2c2ccccc2Nc2ccc(Nc3ccccc3)cc2-c2ccccc2)=C1,C1c2ccccc2Nc1c1ccc(cc1)c1ccc(cc1)C(=O)Oc1ccc(cc1)F,CC1c2c(ccc2c1c1c(cc2ccc(F)cc2)nc2ccc(cc3ccccc3)c1)C(=O)O
CN(C)c1ccc(c2c(N)ncnc2C#Cc2ccc(N3CCOCC3)nc2)cc1,CN(C)c1ccc(-c2c(N)ncnc2C#Cc2ccc(N3CCOCC3)nc2)cc1,CN(C)c1ccc(cc2c(N)nc2c3ccccc3C#Cc2ccc(N3CCCOCC3)nc2)cc1,CCN(C)c1ccc(c2c(N)nc2C#Cc2ccc(N3CCOCC3)nc2)cc1,CN(C)c1ccc(-c2c(N)ncnc2C#Cc2ccc(N3CCOCC3)nc2)cc1
CC1c(cc2c(cc3c(cccc3)c2c1N)C(F)C2=CC=CC=C2)C(=O)O,C1c(ccc2c1c(ccc2)Nc3ccccc3c4ccccc4F)c5ccccc5C(=O)O,C1c2ccccc2c1c3c(ccc3c4ccc(cc4)cc2)nc2ccc(cc2)C(=O)O,C1c2c(ccc2c1c3ccc(cc3)c4ccc(cc4)c5ccc(cc5)nc6ccccc6)C(=O)O,C1c(ccc1c2c(cccc2)c3ccc(cc3)Nc4ccc(cc4)F)c5ccc(cc5)C(=O)O
C1c(ccc2c1c(ccc2C(=O)O)Nc1ccc(cc2ccccc2)c3ccccc3)cc2ccc(F)cc2,C1c(ccc2c(cccc2c1)c1ccc(cc1)Nc1ccccc1)C(F)C(=O)O,C1c2ccccc2c1c1ccc(cc1)c1ccc(cc1)n1c1ccc(cc1)c1ccc(cc1)C(=O)O,Cc1c(-c2ccc(-c3ccccc3)cc2)nc2ccc(F)cc2c1C(=O)O,C1c2c(ccc1Nc1ccc(F)c2)c3ccccc3c2ccccc2C(=O)O
O=C(O)c1ccc(C2=CC=C(c3ccccc3-c3ccc(Nc4ccc(F)cc4)cc3)C2)cc1,C1=CC=CC=C1C2=CC=CC=C2C3=CC=CC=C3C4=CC=CC=C4C5=CC=CC=C5C6=CC=CC=C6N7=CC=CC=C7C8=CC=CC=C8C9=CC=CC=C9F,C1=COc2ccc(C3=CC=C(C4=CC=CC=C4-c5ccccc5-c5ccccc5-c5ccc(Nc6ccc(F)cc6)cc5)C3)cc2)cc1,O=C(O)c1ccc(C2=CC=C(c3ccccc3-c3ccc(Nc4ccc(F)cc4)cc3)C2)cc1,O=C(O)c1ccc(C2=CC=C(c3ccccc3-c3ccc(Nc4ccc(F)cc4)cc3)C2)cc1
C1=CC2=C(C=C1)C=CC2=C(C(C1=C(C=CC=C1)C2=C1C=CC=C2)C1=C(C=CC=C1)C2=C(C=CC=C2)C(C=CC=C1)C1=C(C=CC=C1)C2=C(C=CC=C2)C1,O=C(C1=C2C(=CC2C2=C3CC=C3C=C2)C=C1)C1C=C2C=CC(C3=C(C(C3=CC=CC3C3CCCO3)=C2)C)C1,C1=C2C(=CC2C2=C3CC=C3C=C2)C(=O)C1C=C2C=CC(C3C=CC=C(C3)C3CCCO3)C2C=1,C1=CC(=O)C1(C1=CC(=O)C1=CC(=O)C1=CC(=O)C1=C1)C1=C(C=CC(=O)C1)C1=C(C=CC(=O)C1)C1=C(C1=CC=CC=C1)C1(C(C(C1)C1,C1=CC2=C(C(=O)C1=CC(=O)C2(C1=CC=CC=C1)C1=CC=CC=C1)C1=CC=CC=C1C2=CC=CC=C2C1=CC=CC=C1C1=CC=CC=C1C1=CC=CC=C1C1=
C1=CC(=O)C2=C3C(C(C(C(C(C2=CC=C1)C2=C(C=CC=C2)C(C(C(C=C2)C(C=C1)C2=CC=CC2=C1)C2=C(C=CC=C2)C(C(C(C=C2)C(C=C1)C2=C(C=,C1=CC(=O)C2=C3C(=CC3C3=C4CC=C4C=C3)C=C1C1=C2C2=CC=C(C3=CC=CC=C3C3CCCO3)C2=C1,C1=CC(=O)C2=C(C(C1)C3=C(C(C2)C(C(C3)C(C(C3)C1)C(C(C1)C1=C(C(C1)C(C(C1)C1=C(C(C1)C(C(C1)C1=C(C(C1)C(C(C1)C(C(C1),C1=CC(=O)C2=C(C(=CC2(C2=C(C(=C(C2=CC(=O)C2(C(=C(C2=CC(=O)C2(C(=C(C2=C(C(=C(C2(C(=C(C2(C(=C(C2(C(=C(C2(C(=C(C2(C(=C(C2(C(=C,C1=CC=CC2=C1C=CC(=O)C1=C(C=CC(=O)C1=C2C1=CC=CC2=C1C1=CC=CC2=C1C=CC(=O)C1=C2C=CC=C2C1)C1=C(C=CC(=O)C1=C2C=CC
C1=CC2=C(C(C(=O)C1=C(C2=C(C(C=C1)C1=C(C=C(C=C2)C(C(C(C=C2)C2=C(C=C(C=C2)C(C(C=C2)C2=C(C=C(C=C2)C(C(C(C=C2)C2=C(C=C(C=C2)C(C,C1=CC2=C(C(=O)C3=C(C=CC=CC3C3CCCO3)C=C3C=CC=CC3C=C2)C=C1C1=C(C=CC=C(C1)C2=CC=CC=C2)C2=C(C=CC=C(C2)C3=CC=CC=C3)C,O=C(C1=C2C(=CC2C2=C3CC=C3C=C2)C=C1)C1C=C2C=CC(C3=C(C=CC=CC3C3CCCO3)=C)C2=C1,C1=CC(=O)C2=C(C=CC3=C2C2=C(C=CC(C3)C2)C=C1)C(C1=C(C=CC=CC1C1CCCO1)C2=C(C=CC(C3=CC=CC3C3)C2)C1=C)C1=C2C=CC(C3,C1=CC=C2C(=O)C1=C2C1=CC=C2C(=O)C2=CC=C1C1=CC=C2C(=O)C2=CC=C1C1=CC=C2C(=O)C2=C(C(C)C)C1=CC=C2C(=O)C2=CC=C1
C1=C2C(=CC2C2=C3CC=C3C=C2)C(=O)C1C=C2C=CC1C2=C1C=CC(C2=CC=CC=C2)C1CCO1,O=C(C1=C2C(=CC2C2=C3CC=C3C=C2)C=C1)C1C=C2C=CC(c3ccccc3C3CCCO3)=C21,C1=CC2=C(C(=O)C1(C1=CC=CC=C1)C1=CC=CC=C1)C1=CC=CC=C1C1=CC=CC=C1C1=CC=CC=C1C1=CC=CC=C1C1=CC=CC=C1C1=CC=CC=C1C1,C1=CC2=C(C(=O)C3=C(C(=C(C1=O)C1=CC=CC=C1)C1=C(C(=C(C3=O)C2=O)C2=C(C(=C(C1=O)C1=C(C(=C(C2=O)C1=CC=CC=C1)C1=,C1=CC=CC2=C1C(C=C(C=C1C=O)C=O)C1=C(C=C2)C=C1C=C(C=C1C1=CC=CC1=O)C1=C(C=C2)C=C1C1=C(C=C1C=C1C=O)C1=C(C=C2)C=C
C1=CCC(N=C2C3=C(C=CC3Oc3ccccc3-c3ccccc3)N2c2ccccc2Nc2ccc(Nc3ccccc3)cc2-c2ccccc2)=C1,C1=CCC(N=C2C3=C(C=CC3Oc3ccccc3-c3ccccc3)N2c2ccccc2Nc2ccc(Nc3ccccc3)cc2-c2ccccc2)=C1,C1=CCC(N=C2C3=C(C=CC3Oc3ccccc3-c3ccccc3)N2c2ccccc2Nc2ccc(Nc3ccccc3)cc2-c2ccccc2)=C1,C1=CCC(N=C2C3=C(C=CC3Oc3ccccc3-c3ccccc3)N2c2ccccc2Nc2ccc(Nc3ccccc3)cc2-c2ccccc2)=C1,C1=CCC(N=C2C3=C(C=CC3Oc3ccccc3-c3ccccc3)N2c2ccccc2Nc2ccc(Nc3ccccc3)cc2-c2ccccc2)=C1
C1c(ccc2c1ccc(F)cc2)C1c(ccc2c1c(ccc3c2ccccc3)N)C(=O)O,C1c(ccc2c1c(ccc2)nc2ccc(cc2)C(=O)O)C(F)C1C(=O)O,C1c(ccc2c1c(ccc2)c3ccc(cc3)nc2ccc(cc2)C(=O)O)F,C1c2c(ccc1c(c(cc2)C(=O)O)Nc1ccc(ccc1)C1c(cccc1)C2c(cccc2)C)F,C1c2c(ccc2c1c3ccc(cc3)nc2ccc(cc2)c2ccc(cc2)c2ccc(cc2)C(=O)O)C
CC(C)CN(Cc1ccc(-c2ccc(S(C(=O)=O)C3=CC=CC=C3)cc2)s1)S(=O)(=O)Cc1ccccc1,CC(C)CN(Cc1ccc(cc2ccc(S(C(=O)=O)C(=O)C2)c2ccccc2)s1)S(=O)(=O)Cc1ccccc1,CC(C)CN(Cc1ccc(cc2ccc(S(C(=O)=O)C(=O)S)c2)s1)S(=O)(=O)Cc1ccccc1,CC(C)CN(Cc1ccc(cc2ccc3c(cccc3c2)c1)S(=O)(=O)S(=O)(=O)Cc1ccccc1)C,CC(C)CN(Cc1ccc(cc2ccc(S(C(=O)=O)C(=O)C2)c2ccc(cc2)S(=O)(=O)C)c1)S(=O)(=O)Cc1ccccc1
O=C(C1=C2C(=CC2C2=C3CC=C3C=C2)C=C1)C1C=C2C=CC(C3=C(C3CC=CC3C3CCCO3)C)C2C1,C1=CC=CC2=C1C(C1=CC=CC1=O)C1=C(C=CC=C1)C1=C(C=CC=C1)C1=CC=CC2=C1C(C1=CC=CC1=O)C1=CC=CC2=C1C(C1=CC=CC1=O)C1,C1=CC=CC2=C1C=CC1C=CC1C2=CC=CC1C=CC1C=CC1C=CC1C=CC1C=CC1C=CC1C=CC1C=CC1C=CC1C=CC1C=CC1C=CC1C=CC1C=CC1,C1=CC2=C(C(=O)C1=CC1=C(C=CC1=CC=CC1C1=CC=CC1C1C(=O)C1=CC=CC1C1C(=O)C1=CC=CC1C1C(=O)C1=CC=CC1C1C(=O)C1=,C1=CC2=C(C(=O)C1=CC=CC2=CC2=C(C(C1=CC=CC=CC1=CC=CC2=CC=CC1)C1=CC=CC=CC1=CC=CC2=CC=CC1)C1=CC=CC=CC1=CC=CC2=CC=CC
C1c2c(ccc2c1n1c(ccc2c(cc3c(cc4c(cc5c(cc(cc6c(cc(cc7c(cc(cc8c(cc(cc9c(cc(cc1c(cc(ccc1c1c(cc(ccc1c1c(cc(ccc1c1c(cc(ccc1c1c(cc(ccc1c1,Cn1c(-c2ccc3nccnc3c2)c(-c2cccc(C3CCCO3)c2)c(=O)n1C,C1c2c3c(cc2c1c4c(cccc4)C5CCCO5)nnc3C(=O)C1c2c3c(cc2c1c4c(cccc4)C5CCCO5)nnc3C(=O)N1C(=O)C2(N(C3C=CC=CC3)C4,Cn1c(-c2ccc3nccnc3c2)c(-c2cccc(C3CCCO3)c2)c(=O)n1C,Cn1c(-c2ccc3nccnc3c2)c(-c2cccc(C3CCCO3)c2)c(=O)n1C
C1c2c(ccc1Nc1ccc(cc1)Nc1c(cccc1)C2)c1ccc(cc1)C2C(C(C)O)C2C1=O,C1c2c(c(c(c(c2n1)c3ccc(cc3)N)C4CCCO4)C5CCCO5)C(=O)N1C,Cn1c(-c2ccc3nccnc3c2)c(-c2cccc(C3CCCO3)c2)c(=O)n1C,Cn1c(-c2ccc3nccnc3c2)c(-c2cccc(C3CCCO3)c2)c(=O)n1C,C1c2c(cc3c(cc2c1)Nc4c(cc5c(cc4)C(C(C)C)C)Nc5c6ccccc6)C(=O)C3CCCO3
Cn1c(-c2ccc3nccnc3c2)c(-c2cccc(C3CCCO3)c2)c(=O)n1C,Cn1c(-c2ccc3nccnc3c2)c(-c2cccc(C3CCCO3)c2)c(=O)n1C,C1c2c(C(=O)N(C1)c3ccc(cc3)C2)Nc4ccc(cc4)C5CCCO5c6ccccc6C2,Cn1c(-c2ccc3nccnc3c2)c(-c2cccc(C3CCCO3)c2)c(=O)n1C,Cn1c(-c2ccc3nccnc3c2)c(-c2cccc(C3CCCO3)c2)c(=O)n1C
C1c2c(ccc2c1n1c(cc(cc1N)C(=O)N)C1c(cccc1)C)C1CCCO1,Cn1c(-c2ccc3nccnc3c2)c(-c2cccc(C3CCCO3)c2)c(=O)n1C,Cn1c(-c2ccc3nccnc3c2)c(-c2cccc(C3CCCO3)c2)c(=O)n1C,Cn1c(-c2ccc3nccnc3c2)c(-c2cccc(C3CCCO3)c2)c(=O)n1C,Cn1c(-c2ccc3nccnc3c2)c(-c2cccc(C3CCCO3)c2)c(=O)n1C
C1c2c(ccc2n1)C3c4c(ccc4N3)C5CCCO5C(=O)C1c2c(ccc2n1)C3c4c(ccc4N3)C5CCCO5,Cn1c(-c2ccc3nccnc3c2)c(-c2cccc(C3CCCO3)c2)c(=O)n1C,C1c2c(c(c(c(c1n2)c3c(cccc3)c4c(cccc4)C5CCCO5)n1c(-c2ccc3nccnc3c2)c(-c2cccc(C3CCCO3)c2)c(=O)n1C)C)C,Cn1c(-c2ccc3nccnc3c2)c(-c2cccc(C3CCCO3)c2)c(=O)n1C,C1c2c(ccc1N)Nc3c(ccc3N)c4ccc(cc4)C5CCCO5c2c(cc2C3CCCO3)C(=O)N1
C1c2c(ccc2c1)c3c(ccc4c1c(ccc1c4)N1C(=O)C(C(C)C)C)N(C(C)C)C3,C1c2c(cc3c(cc(c2c1)Nc4ccccc4)Nc5ccccc5)C6(C7CCCO7)c8ccccc8c6C(=O)N1C,Cn1c(-c2ccc3nccnc3c2)c(-c2cccc(C3CCCO3)c2)c(=O)n1C,Cn1c(-c2ccc3nccnc3c2)c(-c2cccc(C3CCCO3)c2)c(=O)n1C,Cn1c(-c2ccc3nccnc3c2)c(-c2cccc(C3CCCO3)c2)c(=O)n1C
C1=CCC(N=C2C3=C(C=CC3Oc3ccccc3-c3ccccc3)N2c2ccccc2Nc2ccc(Nc3ccccc3)cc2-c2ccccc2)=C1,C1=CCC(N=C2C3=C(C=CC3Oc3ccccc3-c3ccccc3)N2c2ccccc2Nc2ccc(Nc3ccccc3)cc2-c2ccccc2)=C1,C1=CCC(N=C2C3=C(C=CC3Oc3ccccc3-c3ccccc3)N2c2ccccc2Nc2ccc(Nc3ccccc3)cc2-c2ccccc2)=C1,C1=CCC(N=C2C3=C(C=CC3Oc3ccccc3-c3ccccc3)N2c2ccccc2Nc2ccc(Nc3ccccc3)cc2-c2ccccc2)=C1,C1=CCC(N=C2C3=C(C=CC3Oc3ccccc3-c3ccccc3)N2c2ccccc2Nc2ccc(Nc3ccccc3)cc2-c2ccccc2)=C1
Cn1c(-c2ccc3nccnc3c2)c(-c2cccc(C3CCCO3)c2)c(=O)n1C,Cn1c(-c2ccc3nccnc3c2)c(-c2cccc(C3CCCO3)c2)c(=O)n1C,C1c2c(cc3c(c(cc3)C4CCCO4)C2)C1c1ccc(cc1)c1ccc(cc1)c1ccc(cc1)n1C(=O)C2C(=O)N(C2)c1ccc(cc1)c1ccc(cc1)n1,C1c2c(cc3c(c2n1)Nc4c(cccc4)C3)C(=O)Nc5c(ccc(c5)C)C,C1c2c(N(C3C=CC=CC3)C(=O)N(C(C)C)C2)C1c1ccccc1C2C=CC(=O)N(C(C)C)C2
C1c2ccccc2C1c3c(ccc3N)c4nccc4Nc1c5c(ccc5N)c6c(ccc6O)c1C,Cn1c(-c2ccc3nccnc3c2)c(-c2cccc(C3CCCO3)c2)c(=O)n1C,C1c2ccccc2N1C1c2ccccc2N1C1c2ccc3c(c1C)c1ccc(cc1)c2C3C(=O)C1CCCO1C2C(=O)C1CCCO1C2C(=O)C1CCCO1,C1c2ccc(cc3nccnc3c2)c1c2ccc3c(c4CCCO4)ccc2C(=O)N1C,C1c2c(c3c(c(c(c(c(n1c2c(c(c(c(c(c(c(c(c(c(c(c(c(c(c(c(c(c(c(c(c(c(c(c(c(c(c(c(c(c(c(c(c(c(c(c(c(c(c(c(c(c(c(c(c(c(c(c(c(c(c(c(c(c(c(c(c(c(c(c(c(c(c(c
Cn1c(-c2ccc3nccnc3c2)c(-c2cccc(C3CCCO3)c2)c(=O)n1C,Cn1c(-c2ccc3nccnc3c2)c(-c2cccc(C3CCCO3)c2)c(=O)n1C,C1c2c(ccc2c3ccc(cc3)C4CCCO4)nc1c1ccccc1C(=O)Nc1ccccc1,C1c2c(ccc2n1)c3c(ccc3N)C4CC5=C(C=C(C=C5)C4)C(=O)N6c7c(ccc7n6)C(=O)C8CCC9=C(C=C(C=C9)C8)N5C,Cn1c(-c2ccc3nccnc3c2)c(-c2cccc(C3CCCO3)c2)c(=O)n1C
Cn1c(-c2ccc3nccnc3c2)c(-c2cccc(C3CCCO3)c2)c(=O)n1C,Cn1c(-c2ccc3nccnc3c2)c(-c2cccc(C3CCCO3)c2)c(=O)n1C,C1c2c(ccc2n1)C3c(ccc4nccc4n3)C(=O)C5CCCO5,Cn1c(-c2ccc3nccnc3c2)c(-c2cccc(C3CCCO3)c2)c(=O)n1C,C1c2c(ccc2c1c3c(ccc3N)Nc4ccc(cc4)C)C(=O)C1c2ccccc2N1
O=C(O)c1ccc(C2=CC=C(c3ccccc3-c3ccc(Nc4ccc(F)cc4)cc3)C2)cc1,C1=CC=CC=C1C2=CC=CC=C2C3=CC=CC=C3C4=CC=CC=C4C5=CC=CC=C5C6=C(C=O)N7C=CC(=C7)C8=CC=CC=C8N9C=CC(=C9)C10=CC=CC=C,O=C(O)c1ccc(C2=CC=C(c3ccccc3-c3ccc(Nc4ccc(F)cc4)cc3)C2)cc1,O=C(O)c1ccc(C2=CC=C(c3ccccc3-c3ccc(Nc4ccc(F)cc4)cc3)C2)cc1,O=C(O)c1ccc(cc2=CC=C(c3ccccc3-c3ccc(Nc4ccc(F)cc4)cc3)C2)cc1
CC(C)CN(Cc1ccc(cc2ccc3c(cc3c2)s1)S(=O)(=O)S(=O)(=O)c1ccccc1)S(=O)(=O)c1ccccc1,CC(C)CN(Cc1ccc(-c2ccc(S(C(=O)=O)C(=O)C2)c2ccc(S(=O)(=O)C(=O)C2)c2ccccc2)s1)S(=O)(=O)Cc1ccccc1,CC(C)CN(Cc1ccc(cc2ccc(S(C(=O)=O)C(=O)C2)c1)s1)S(=O)(=O)Cc1ccccc1,CC(C)CN(Cc1ccc(-c2ccc(S(C(=O)=O)C(=O)C2)cc2)s1)S(=O)(=O)Cc1ccccc1,CC(C)CN(Cc1ccc(-c2ccc(S(C(=O)=O)cc2)c1)s1)S(=O)(=O)Cc1ccccc1
Cn1c(-c2ccc3nccnc3c2)c(-c2cccc(C3CCCO3)c2)c(=O)n1C,C1c2c(cc3c(ccc(n3)c2)Nc1c(cc2c(cc3c(ccc(n3)c2)N1)c(=O)c2c(cc3c(ccc(n3)c2)N1))C(C(C)C)O3CC3)C,C1c2c(ccc2n1)C3c4c(ccc4N3)C5CCCO5C(=O)c6ccccc6C2c1c(cc1n2)C3c4c(ccc4N3)C5CCCO5,Cn1c(-c2ccc3nccnc3c2)c(-c2cccc(C3CCCO3)c2)c(=O)n1C,Cn1c(-c2ccc3nccnc3c2)c(-c2cccc(C3CCCO3)c2)c(=O)n1C
CC(=O)c1c(cc2c(cc3c(cc(cc3n2)C(F)(F)F)C(F)(F)F)cc2)nc1nc1ccccc1c1ccccc1c1cccnc1C(F)(F)F,CC(=O)c1ccc(cc1)C1=CC=CC=C1Nc1ccc(cc1)C(F)(F)Fc1ccc(cc1)Nc1ccc(cc1)C(F)(F)Fc1ccc(cc1)Nc1ccc(cc1)C1=CC=CC=C1,C1=CC=CC2=C1C(=O)N(C1=CC=CC=C1)C1=CC(=C(C(=C1)C(F)(F)F)C1=CC=CC=C1)N1C=CC(=C(C(=C1)C1=CC=CC=C1)C1=CC=CC=C1),CC1=CC(=O)N(C1=CC(=O)N1C=CC(=C1)C(F)(F)F)C1=CC(=O)N1C=CC(=C1)C1=CC(=O)N(C1=CC(=O)N1C=CC(=C1)C(F)(F)F)C1,C1=CC=CC2=C1C(=O)N(C(C(F)(F)F)C3=CC=CC=C3)C2=NC1=C(C(C(F)(F)F)C3=CC=CC=C3)C1=NC2=C1C(=O)N(C(C(F)(F)F)C3=CC=CC
C1=CCC(N=C2C3=C(C=CC3Oc3ccccc3-c3ccccc3)N2c2ccccc2Nc2ccc(Nc3ccccc3)cc2-c2ccccc2)=C1,C1=CCC(N=C2C3=C(C=CC3Oc3ccccc3-c3ccccc3)N2c2ccccc2Nc2ccc(Nc3ccccc3)cc2-c2ccccc2)=C1,C1=CCC(N=C2C3=C(C=CC3Oc3ccccc3-c3ccccc3)N2c2ccccc2Nc2ccc(Nc3ccccc3)cc2-c2ccccc2)=C1,C1=CCC(N=C2C3=C(C=CC3Oc3ccccc3-c3ccccc3)N2c2ccccc2Nc2ccc(Nc3ccccc3)cc2-c2ccccc2)=C1,C1=CCC(N=C2C3=C(C=CC3Oc3ccccc3-c3ccccc3)N2c2ccccc2Nc2ccc(Nc3ccccc3)cc2-c2ccccc2)=C1
C1CCC(C(=C(C(=C(C(=O)C(C(F)(F)F)C(F)(F)F)C1)C2=CC=CC=C2C3=CC=CC=C3C)C4=CC=CC=C4C)C5=CC=CC=C5C)C6=CC=CC=C6,CC/C(=C\C=C\C(O)(C(F)(F)F)C(F)(F)F)c1cccc(CCc2ccc(CO)c(CO)c2)c1,CC/C(=C\C=C\C(O)(C(F)(F)F)C(F)(F)F)c1cccc(CCc2ccc(CO)c(CO)c2)c1,C1CC1/C(=C\C=C\C(O)(C(F)(F)F)C(F)(F)F)c1cccc(C(C)c2ccc(CO)c(CO)c2)c1,CC/C(=C\C=C\C(O)(C(F)(F)F)C(F)(F)F)c1cccc(CCc2ccc(CO)c(CO)c2)c1
Cn1c(-c2ccc3nccnc3c2)c(-c2cccc(C3CCCO3)c2)c(=O)n1C,C1c2c(ccc2n1)C1c2ccc(cc2)C1c2ccc(cc2)C1CCCO1C(=O)C1c2ccccc2n1,Cn1c(-c2ccc3nccnc3c2)c(-c2cccc(C3CCCO3)c2)c(=O)n1C,Cn1c(-c2ccc3nccnc3c2)c(-c2cccc(C3CCCO3)c2)c(=O)n1C,C1Cn2c1cc(-c3ccc(cc3)n2)c2ccc(cc2)c2ccccc2C(=O)C2CCCO2
C1c2c(ccc2n1)c3c(ccc3N)C4CCCO4C(=O)C5CCCO5C6c(ccc6N)C7CCCO7,Cn1c(-c2ccc3nccnc3c2)c(-c2cccc(C3CCCO3)c2)c(=O)n1C,C1c2c(ccc2n1)C1c2c(ccc2n1)c3ccc(cc3)C4CCCO4C(=O)C1c2c(ccc2n1)C,C1c2c3c(cc1Nc4c(cc3Nc2=O)C(N(C4)C)C)C(C(C(C)C)C)C,Cn1c(-c2ccc3nccnc3c2)c(-c2cccc(C3CCCO3)c2)c(=O)n1C
Cn1c(-c2ccc3nccnc3c2)c(-c2cccc(C3CCCO3)c2)c(=O)n1C,C1c2c(cc3c(cc2c1N)Nc1ccc(cc1)C2CCCO2)C3C4C(C(C(C4)C)O)C3c1ccccc1C(=O)N1C2CCCO2C1,Cn1c(-c2ccc3nccnc3c2)c(-c2cccc(C3CCCO3)c2)c(=O)n1C,C1c2c(cc3c(ccc3n2)Nc1c2ccc(cc3c(ccc3n2)Nc1c2ccccc2)c1ccc(cc1)C3CCCO3)c1ccc(cc1)C(=O)n1C,C1c2c(ccc2c1)c3ccc(cc3)C(=O)c4ccc(cc4)c5ccc(cc5)C(=O)c6ccccc6C
Cn1c(-c2ccc3nccnc3c2)c(-c2cccc(C3CCCO3)c2)c(=O)n1C,Cn1c(-c2ccc3nccnc3c2)c(-c2cccc(C3CCCO3)c2)c(=O)n1C,Cn1c(-c2ccc3nccnc3c2)c(-c2cccc(C3CCCO3)c2)c(=O)n1C,C1c2ccccc2C1c3c(ccc3N)C(=O)c4ccc(cc4)C5CCCO5c1c2ccccc2N,Cn1c(-c2ccc3nccnc3c2)c(-c2cccc(C3CCCO3)c2)c(=O)n1C
Cn1c(-c2ccc3nccnc3c2)c(-c2cccc(C3CCCO3)c2)c(=O)n1C,C1c2c(ccc2c1c3c(ccc3N)Nc4ccc(cc4)C5CCCO5)C(=O)N1C,Cn1c(-c2ccc3nccnc3c2)c(-c2cccc(C3CCCO3)c2)c(=O)n1C,Cn1c(-c2ccc3nccnc3c2)c(-c2cccc(C3CCCO3)c2)c(=O)n1C,Cn1c(-c2ccc3nccnc3c2)c(-c2cccc(C3CCCO3)c2)c(=O)n1C
C1=CC=CC=C1C1=CC=CC=C1C1=CC=CC=C1C(=O)N1C=CC(=O)C1=CC=CC=C1C(=O)N1C=CC(=O)C1=CC=CC=C1,CC(=O)Oc1cccc2cc3c4ccc2ccc1=Cc(cc(=O)n3C)n(C)c(=O)c4,CC(=O)Oc1cccc2cc3c4ccc2ccc1=Cc(cc(=O)n3C)n(C)c(=O)c4,CC(=O)C1=CC=CC=C1C2=CC=CC=C2C3=CC=CC=C3C(=O)N1CC(=O)N(C2=CC=CC=C2C3=CC=CC=C3)C1,CC(=O)C1=CC=CC=C1C2=CC=CC=C2C3=CC=CC=C3C(=O)N4C(=O)C(=O)N4C
C1=CC=CC=C1C2=CC=CC=C2C3=CC=CC=C3C4=CC=CC=C4C(=O)N5C(=O)C(C(C)C)N5C(=O)C4=CC=CC=C4,CC(=O)C1=CC=CC=C1C2=CC=CC=C2C3=CC(=O)N(C)C(=O)C4=CC(=O)N(C)C=C3C4,C1=CC=CC=C1C2=CC=CC=C2C3=CC=CC=C3C(=O)Nc4ccc(cc4C(=O))C(=O)N5C(=O)c6ccccc6C(=O)c5C,C1=CC=CC=C1C2=CC=CC=C2C3=CC=CC=C3C4=C5C=CC(=O)N5C(=O)C6=CC=CC=C6C(=O)N4C,C1=CC=CC=C1C2=CC=CC=C2C3=CC=CC=C3C4=CC=CC=C4C(=O)N5C(=O)C(C(N5)c6ccccc6)C(=O)C4=CC=CC=C4
CC(=O)C1=CC=CC=C1C2=CC=CC=C2C3=CC=CC=C3C(=O)N4C(=O)C5=C(C(=O)N4C)C5,C1=CC=CC=C1C2=CC=CC=C2C3=CC=CC=C3C4C=CC(=O)N4C(=O)C5CCCC5,C1=CC=CC=C1C2=CC=CC=C2C3=CC=CC=C3C4=CC=CC=C4C5=C(C=CC(=O)N5C(=O)C6=C(C=CC(=O)N6C)C)C,CC(=O)Nc1ccc(cc1)C(=O)c2ccc(cc2)C(=O)c3ccc(cc3)C(=O)c4ccc(cc4)C(=O)c5ccc(cc5)C(=O)c6ccc(cc6)C(=O)c7c(cc(c8ccc(cc8)C(=O))c7)C,C1=CC=CC2=C1C3=CC=CC=C3C4=C5C=CC(=O)N5C(=O)C6=C4C(=O)N6C(=O)C5
Cn1c(-c2ccc3nccnc3c2)c(-c2cccc(C3CCCO3)c2)c(=O)n1C,C1c2c3c(c(c4c(ccc4n3)C5CCCO5)n2c1)C5CCCO5C(=O)c2ccccc2,Cn1c(-c2ccc3nccnc3c2)c(-c2cccc(C3CCCO3)c2)c(=O)n1C,Cn1c(-c2ccc3nccnc3c2)c(-c2cccc(C3CCCO3)c2)c(=O)n1C,Cn1c(-c2ccc3nccnc3c2)c(-c2cccc(C3CCCO3)c2)c(=O)n1C
Cn1c(-c2ccc3nccnc3c2)c(-c2cccc(C3CCCO3)c2)c(=O)n1C,Cn1c(-c2ccc3nccnc3c2)c(-c2cccc(C3CCCO3)c2)c(=O)n1C,C1c2c(cc3c(ccc3c2c1)c1ccc(cc1)c1ccc(cc1)c1ccc(cc1)C1OCO3CC3)c2ccccc2C(=O)N1C,Cn1c(-c2ccc3nccnc3c2)c(-c2cccc(C3CCCO3)c2)c(=O)n1C,Cn1c(-c2ccc3nccnc3c2)c(-c2cccc(C3CCCO3)c2)c(=O)n1C
C1c2c(ccc1)c3c(ccc3n2)C1c2ccc(cc3c4ccccc4n3)cnc2C(=O)C1,C1c2c(ccc2c3c(cccc3n2)C4CCCO4)C1c1ccc(cc1)c1ccc(cc1)n1C(=O)C1C(=O)C1,Cn1c(-c2ccc3nccnc3c2)c(-c2cccc(C3CCCO3)c2)c(=O)n1C,Cn1c(-c2ccc3nccnc3c2)c(-c2cccc(C3CCCO3)c2)c(=O)n1C,Cn1c(-c2ccc3nccnc3c2)c(-c2cccc(C3CCCO3)c2)c(=O)n1C
C1c2c(ccc2n1)c3c(ccc3N)C(=O)c4ccc(cc4)C1c2c(ccc2n1)c3c(ccc3N)C(=O)C,C1c2c(ccc2c1)c3ccc(cc3)N1c2ccccc2c1C(=O)C1c2c(ccc2c1)c3ccc(cc3)N1c2ccccc2c1C,C1c2c(c3c(c(n2)C(=O)C1)Nc3c1cccc1)C4CCCO4 C1c2c(c3c(c(n2)C(=O)C1)Nc3c1cccc1)C4CCCO4,Cn1c(-c2ccc3nccnc3c2)c(-c2cccc(C3CCCO3)c2)c(=O)n1C,Cn1c(-c2ccc3nccnc3c2)c(-c2cccc(C3CCCO3)c2)c(=O)n1C
C1c2c(ccc2n1)c3c(ccc3N)C1c2ccc(cc2)c3ccc(cc3)C1OC1C,C1c2ccccc2C(=O)n1C1c2ccccc2c1c3c(ccc3N)C(=O)n1C1c2ccc(cc2)C(=O)n1C1c2ccc(cc2)C(=O)n1C,Cn1c(-c2ccc3nccnc3c2)c(-c2cccc(C3CCCO3)c2)c(=O)n1C,C1c(-c2ccc3nccnc3c2)c(-c2cccc(C3CCCO3)c2)c(=O)n1C,Cn1c(-c2ccc3nccnc3c2)c(-c2cccc(C3CCCO3)c2)c(=O)n1C
Cn1c(-c2ccccc2-c2ccccc2-c2ccccc2)c2ccc(=O)n2c(=O)c2ccccc2c1=O,C1c(-c2ccccc2-c2ccccc2-c2ccccc2)c2ccc(=O)n2c(=O)c2ccccc2c1=O,C1c2c(ccc2O)c3c(ccc(c3O)C(=O)N1)C4=CC=CC=C4C5=CC=CC=C5C(=O)N5,Cn1c(c2ccccc2-c2ccccc2-c2ccccc2)c2ccc(=O)n2c(=O)c2ccccc2c1=O,Cn1c(-c2ccccc2-c2ccccc2-c2ccccc2)c2ccc(=O)n2c(=O)c2ccccc2c1=O
C1c2c(cccc2C(=O)c3ccc(cc3)C(=O)c4ccc(cc4)C(=O)c5ccc(cc5)c6ccccc6C(=O)c7ccc(cc7)C(=O)c8ccc(cc8)C(=O)c9ccc(cc9)c10ccc(cc10)C(=O)c1)c2ccc(cc,C1CCC(=O)c1ccccc1=N[C@H]c1ccc(OCCc2nc(-c3ccccc3)oc2C)cc1C(=O)O,C1CCC(=O)C1C(C(C(=O)C1=CC=CC=C1)C2=CC=CC=C2)N[C@@H]3CC=CC(=O)C4=C3C(C(C(=O)C4=CC=CC=C4)O)C5=CC=CC=C5)C(=O)O,C1CCC(=O)c1CC(=O)N[C@H](c1ccc(cc1)C(C)C)C1ccc2c(ccc2C1)OCC1c2ccc(cc2)Nc3ccccc3O,CC(=O)C1CCC2=CC=CC=C2C(=O)N[C@H]3C4=CC=CC=C4OC5=C3C(C(C(C(C(C5)O)O)O)O)C6=CC=CC=C6
C1c2c(cc3c(c(n2)C(=O)C4=CC=CC=C4)C3)C(=O)N1c1ccc(cc1)Nc1ccccc1C,C1c2c(cc3c(ccc3n2)Nc1c(cc2c(ccc2N)Nc1c(cc3c(ccc3N2)N)C)C)C(=O)C,Cn1c(-c2ccc3nccnc3c2)c(-c2cccc(C3CCCO3)c2)c(=O)n1C,Cn1c(-c2ccc3nccnc3c2)c(-c2cccc(C3CCCO3)c2)c(=O)n1C,C1c2ccccc2C1c3c(ccc3N)Nc1ccc(cc1)C(=O)C1c2ccccc2C1C(=O)n1C
C1CCC1C(=O)N(C(=O)c2ccccc2-c2ccccc2-c2ccccc2-c2ccccc2)N1C(=O)c1ccccc1,C1CCC1C(=O)N(C(=O)c2ccccc2-c2ccccc2-c2ccccc2-c2ccccc2)N1C(=O)c1ccccc1,CC(=O)Nc1ccc(cc1)C(=O)Nc2ccc(cc2)C(=O)c3ccc(cc3)c4ccc(cc4)C(=O)c5ccccc5C(=O)Nc6ccc(cc6)C,C1c2c(ccc2n1)C3c4c(ccc4[nH]3)C(=O)C5CCCO5,Cn1c(-c2ccc3nccnc3c2)c(-c2cccc(C3CCCO3)c2)c(=O)n1C
Cn1c(-c2ccc3nccnc3c2)c(-c2cccc(C3CCCO3)c2)c(=O)n1C,Cn1c(-c2ccc3nccnc3c2)c(-c2cccc(C3CCCO3)c2)c(=O)n1C,C1c2ccccc2N(C1)C1c2ccccc2N(C1)c1ccc(cc1)C1CCCO1C1=O,C1c2c(cc3c(cc4c(cc5c(cc(n6c1ccc(cc6)C)C)C)C)C4)C5)C(=O)c3nccn3c2C,Cn1c(-c2ccc3nccnc3c2)c(-c2cccc(C3CCCO3)c2)c(=O)n1C
Cn1c(-c2ccc3nccnc3c2)c(-c2cccc(C3CCCO3)c2)c(=O)n1C,Cn1c(-c2ccc3nccnc3c2)c(-c2cccc(C3CCCO3)c2)c(=O)n1C,Cn1c(-c2ccc3nccnc3c2)c(-c2cccc(C3CCCO3)c2)c(=O)n1C,C1c2c(cc3c(cc(c4c(cc(cc(c4n3)C)C)C)C)C)C(=O)n2c1C,C1c2ccccc2-c2ccc3c(c2-c2ccc(cc2)c2ccccc2)c2ccc(=O)n3c1-c1ccc(cc1)c2ccc(=O)n1c1ccccc1c1=O
C1c2ccccc2C(=O)N1c1ccc(cc1)C2C(=O)Nc3c(ccc3C4CCO4)C2,C1c2c(cc3c(n2)ccc3)C4(C5(C(C(C(C(C(C(C(C(C(C(C(C(C(C(C(C(C(C(C(C(C(C(C(C(C(C(C(C(C(C(C(C(C(C(C(C(C(C(C(C(C(C(C(C(C(C(C(C(C(C(C(C(C(C(C(C(C(C(C(C(C(C,Cn1c(-c2ccc3nccnc3c2)c(-c2cccc(C3CCCO3)c2)c(=O)n1C,C1Cn2c(c1)c3ccc(cc3c2)C4CCCO4C(=O)C5CCCO5C2C(=O)N2,Cn1c(-c2ccc3nccnc3c2)c(-c2cccc(C3CCCO3)c2)c(=O)n1C
Cn1c(-c2ccc3nccnc3c2)c(-c2cccc(C3CCCO3)c2)c(=O)n1C,Cn1c(-c2ccc3nccnc3c2)c(-c2cccc(C3CCCO3)c2)c(=O)n1C,Cn1c(-c2ccc3nccnc3c2)c(-c2cccc(C3CCCO3)c2)c(=O)n1C,Cn1c(-c2ccc3nccnc3c2)c(-c2cccc(C3CCCO3)c2)c(=O)n1C,Cn1c(-c2ccc3nccnc3c2)c(-c2cccc(C3CCCO3)c2)c(=O)n1C
C1c2c(c(n1)c3ccc(cc3)nc2)C4(C5CCCO5)c6c(ccc6C4)c(=O)C2c3c(ccc3nc2)C1,Cn1c(-c2ccc3nccnc3c2)c(-c2cccc(C3CCCO3)c2)c(=O)n1C,C1c2ccccc2C1c1ccc(cc1)Nc1ccc(cc1)Nc1ccc(cc1)N1C(=O)C2CCCO2C1,Cn1c(-c2ccc3nccnc3c2)c(-c2cccc(C3CCCO3)c2)c(=O)n1C,Cn1c(-c2ccc3nccnc3c2)c(-c2cccc(C3CCCO3)c2)c(=O)n1C
C1c2ccccc2c1c3c(ccc3N)C1c2ccccc2c1C(=O)Oc1ccc(F)c1C,C1c2c(ccc1c2c(cc3ccc(cc3)c4ccc(cc4)C(=O)O)nc2ccc(cc2)F)C,C1c(c(c(c(c(c1c2ccc(cc2)nc2ccc(F)cc2c1C(=O)O)C)C)C)C,Cc1c(c2ccc(cc3ccccc3)c2n1)c2ccc(cc3ccccc3)c2c1C(=O)O,C1c2c(ccc2c1c(cc3c(cccc3)C(=O)O)Nc4ccc(cc4)F)C
C1c2c(cc3c(cccc3)cc3c(cccc3)cc3c(cccc3)C(=O)N2)c1ccc(cc1)C(=O)N1c2ccccc2c2ccc(=O)cc2C(=O)N1,C1c2ccccc2C(=O)Nc1ccc(cc1)C1C(=O)Nc2ccccc2C(=O)c1ccc(cc1)C1C(=O)Nc2ccccc2C(=O)c1ccc(cc1)C1C(=O)Nc2ccccc2C(=O)c1ccc(cc1,C1c(c(c(c(c(c1c2ccc(cc2)C(=O)Nc2ccccc2)c3ccc(cc3)C(=O)Nc2ccccc2)c4ccc(cc4)C(=O)Nc2ccccc2)C(=O)Nc2ccccc2)c3ccc(cc3)C(=O)Nc,C1c2c(ccc2c3ccc(cc3)C(=O)N2)c1ccc(cc1)C1ccc(cc1)C(=O)N1c2ccc(cc2)C(=O)C1ccc(cc1)C(=O)O,C1c2c(ccc2c1c1c(ccc1C(=O)Nc2ccc(cc2)C(=O)Nc2ccc(cc2)C(=O)Nc2ccc(cc2)C(=O)Nc2ccc(cc2)C(=O)Nc2ccc(cc2)C(=O)N)c1C(=
C1c2c(ccc2c1)c3c(ccc(c4c(ccc(c5c(ccc(c6c(ccc(c7c(ccc(c8c(ccc(c9c(ccc(c1c2c(ccc2c1)c3c(ccc(c4c(ccc(c5c(ccc(c6c(ccc(c7c(ccc,C1c2c(cc3c(cccc3)cc3c(cccc3)cc3c(cccc3)cc3c(cccc3)c1)cc1cc2c(ccc2c1c(cccc1)c1ccc(cc1)O)c1ccc(cc1)Nc2ccc(cc2)N1c3c(cccc3)ccc3,C1c2c(c(c(c(c(c1Nc2c(cc3c(ccc3)c2)C(=O)Nc2ccc(cc2)c2ccc(cc2)c2c(cc(c(c(c2C(=O))N)C(=O))c2)C)C)C)C)C(=O)N1,C1c2c(cccc2C(=O)Nc2ccc(ccc2)c2ccc(ccc2)c2ccc(ccc2)c2ccc(ccc2)c2ccc(ccc2)C(=O)Nc2ccc(ccc2)C(=O)C1=O)Nc1ccc(cc1)c1ccc(cc1)C1=,Cn1c(-c2ccccc2-c2ccccc2-c2ccccc2)c2ccc(=O)n2c(=O)c2ccccc2c1=O
C1c2c(ccc2[nH]c2ccc(cc2)C(=O)c2ccc(cc2)C(=O)c2ccc(cc2)c1-c2ccc(cc2)c1ccc(cc1)n2c1ccc(cc1)C(=O)c1ccccc1C(=O)c2ccc(cc2)c1ccc(cc1)n2c1ccc,Cn1c(-c2ccc3nccnc3c2)c(-c2cccc(C3CCCO3)c2)c(=O)n1C,C1c2c(ccc2c2ccccc2)c3ccc(cc3)c4ccc(cc4)c5ccc(cc5)c6ccccc6c7ccccc7c1c1ccccc1c1ccc(cc1)C(=O)N1c2ccccc2c3ccc(cc3)c4ccc(cc4)c5ccc(cc5)c6cc,C1c2ccccc2C(=O)c1-c1ccc(cc1)C1ccc(cc1)C1ccc(cc1)C1ccc(cc1)C1ccc(cc1)C1ccc(cc1)c1ccc(cc1)c1ccc(cc1)c1ccc(cc1)C1Nc2ccc(cc2)c1c1ccc(cc1)c1,Cn1c(-c2ccccc2-c2ccccc2-c2ccccc2)c2ccc(=O)n2c(=O)c2ccccc2c1=O
Cn1c(-c2ccc3nccnc3c2)c(-c2cccc(C3CCCO3)c2)c(=O)n1C,C1c2c(c(c(c(c1n2)C3CCCO3)c4c5c(ccc5c(n(c4)C(=O))C)c6ccccc6)C)c7c(c(ccc7n1)C(=O))C,C1c2c(ccc2c3c(ccc3N)c4ccc(cc4)C5CCCO5)C(=O)N1c1ccccc1C,C1c2c(ccc2n1)c3ccc(cc3)C4CCCO4C(=O)C5CCCO5C2CCC2,Cn1c(-c2ccc3nccnc3c2)c(-c2cccc(C3CCCO3)c2)c(=O)n1C
Cn1c(-c2ccc3nccnc3c2)c(-c2cccc(C3CCCO3)c2)c(=O)n1C,C1c2c(ccc2n1)c3c(ccc3N)C4CCCO4C(=O)C5c6c(ccc6n5)c7c(ccc7N)C1C,Cn1c(-c2ccc3nccnc3c2)c(-c2cccc(C3CCCO3)c2)c(=O)n1C,C1c2c(ccc2c1N)C(=O)C1c2ccc(cc2)C1(C(=O)C1c2ccc(cc2)C1C(C(C)C)C)N1C,C1c2c(ccc2c1)C3CCCO3c1ccc(cc1)c1ccc(cc1)C(=O)C1c2c(ccc2c1)c(=O)n1c2c(ccc2c1)c1ccc(cc1)n1C
C1c2c(ccc2c1)c3c(ccc3)C1CC1C1c2ccc3c(c2C1)ccc3Nc2ccccc2N1C(=O)C1CC1,Cn1c(-c2ccc3nccnc3c2)c(-c2cccc(C3CCCO3)c2)c(=O)n1C,C1c2ccccc2N1C1c2ccc3nccnc3c2C1c2ccc3c(c2C(C(C(C(C(C(C(C(C(C(C(C(C(C(C(C(C(C(C(C(C(C(C(C(C(C(C(C(C(C(C(C(C(C(C(C(C(C(C(C(C(C(C(C(C(C(C(C(C(C,C1Cn2c1cc3c(c(c4c(cccc4)C(C)C)C3)C(=O)N2C1c1cc2c(cc3c(ccc(n3)c2)C(C)C)C(=O)N1C,Cn1c(-c2ccc3nccnc3c2)c(-c2cccc(C3CCCO3)c2)c(=O)n1C
Cn1c(-c2ccc3nccnc3c2)c(-c2cccc(C3CCCO3)c2)c(=O)n1C,Cn1c(-c2ccc3nccnc3c2)c(-c2cccc(C3CCCO3)c2)c(=O)n1C,Cn1c(-c2ccc3nccnc3c2)c(-c2cccc(C3CCCO3)c2)c(=O)n1C,Cn1c(-c2ccc3nccnc3c2)c(-c2cccc(C3CCCO3)c2)c(=O)n1C,Cn1c(-c2ccc3nccnc3c2)c(-c2cccc(C3CCCO3)c2)c(=O)n1C
C1c2c(ccc2n1)C3=CC=CC3C4=CC=CC4C5CCOCC5C(=O)C6=CC=CC6,Cn1c(-c2ccc3nccnc3c2)c(-c2cccc(C3CCCO3)c2)c(=O)n1C,Cn1c(-c2ccc3nccnc3c2)c(-c2cccc(C3CCCO3)c2)c(=O)n1C,C1c2c(ccc2n1)C3=CC=CC=C3C4CCN4C5=C(C(=O)C6=CC=CC=C6)N5C3=CC=CC=C3C(=O)N1C2=CC=CC=C2C1,Cn1c(-c2ccc3nccnc3c2)c(-c2cccc(C3CCCO3)c2)c(=O)n1C
C1c(c(c(c(c(c(c(c(c(c(c(c(c(c(c(c(c(c(c(c(c(c(c(c(c(c(c(c(c(c(c(c(c(c(c(c(c(c(c(c(c(c(c(c(c(c(c(c(c(c(c(c(c(c(c(c(c(c(c(c(c(c(c(c(c(c(c(c(c(c(c(c(c(c(c(c(c(c,Cn1c(-c2ccccc2-c2ccccc2-c2ccccc2)c2ccc(=O)n2c(=O)c2ccccc2c1=O,C1c2ccccc2c(c1c2ccc(cc2)C(=O)Nc1ccc(cc1)C(=O)Nc1ccccc1)c2ccc(cc2)C(=O)Nc1ccc(cc1)C(=O)N1,Cn1c(-c2ccccc2-c2ccccc2-c2ccccc2)c2ccc(=O)n2c(=O)c2ccccc2c1=O,C1c2c(cc3c1ccc(cc3)C(=O)N2)C1c2c(cc3c1ccc(cc3)C(=O)N2)c1ccccc1-c2ccccc2C(=O)N1c2ccccc2c1=O
Cn1c(-c2ccc3nccnc3c2)c(-c2cccc(C3CCCO3)c2)c(=O)n1C,C1c2c(cc3c(ccc3c2c1)C4CCCO4)C(=O)n1cnc2ccccc2c1,Cn1c(-c2ccc3nccnc3c2)c(-c2cccc(C3CCCO3)c2)c(=O)n1C,C1Cn2c(-c3ccc4nccnc4c3)c(-c3cccc(C4CCCO4)c3)c(=O)n2C1,C1c2c3c(ccc3n2)c1c1ccccc1Nc1c2ccccc2N1C(=O)c1ccc(cc1)C2CCCO2
Cn1c(-c2ccccc2-c2ccccc2-c2ccccc2)c2ccc(=O)n2c(=O)c2ccccc2c1=O,C1c2c(cc3c(ccc(c3c2c1)N)c1ccc(cc1)C(=O)N2c3c(ccc(c3c2)C(=O))C1ccc(cc1))c2ccc(cc2)C(=O)N1c2c(cc3c(ccc(c3c2)C(=O))C,C1c2c(c3c(ccc(c3C(=O)N2)C(=O)N2)c2ccc(cc2)C(=O)N1)C1c2ccccc2C(=O)N2c1ccc(cc1)C(=O)N2,C1c2ccccc2C(=O)Nc1ccc(cc1)C1c2ccccc2C(=O)Nc1ccc(cc1)C1c2ccccc2C(=O)c1ccc(cc1)C(=O)Nc1ccc(cc1)C1c2ccccc2=O,C1c2ccccc2c1-c2ccccc2-c2ccccc2-c1c(=O)c2cccnc2-c2ccc(=O)c1=O
Cn1c(-c2ccc3nccnc3c2)c(-c2cccc(C3CCCO3)c2)c(=O)n1C,Cn1c(-c2ccc3nccnc3c2)c(-c2cccc(C3CCCO3)c2)c(=O)n1C,C1c2c(ccc2n1)c3c(ccc3)Nc1ccc(cc1)C(=O)C1c2ccc(cc2)C(=O)N1,Cn1c(-c2ccc3nccnc3c2)c(-c2cccc(C3CCCO3)c2)c(=O)n1C,Cn1c(-c2ccc3nccnc3c2)c(-c2cccc(C3CCCO3)c2)c(=O)n1C
Cn1c(-c2ccc3nccnc3c2)c(-c2cccc(C3CCCO3)c2)c(=O)n1C,C1c2ccccc2c1c1ccc(cc1)C1CCCO1C(=O)C1c2ccccc2c1n2c(cc3c2nccn3)c3ccccc3C1C2CCCO2C(=O)N1,C1c2c(cc3c(c2n(C)c1N)C(C4CCCO4)C3)C(=O)N1c2ccccc2N(C)c1C,Cn1c(-c2ccc3nccnc3c2)c(-c2cccc(C3CCCO3)c2)c(=O)n1C,Cn1c(-c2ccc3nccnc3c2)c(-c2cccc(C3CCCO3)c2)c(=O)n1C
Cn1c(-c2ccc3nccnc3c2)c(-c2cccc(C3CCCO3)c2)c(=O)n1C,Cn1c(-c2ccc3nccnc3c2)c(-c2cccc(C3CCCO3)c2)c(=O)n1C,C1c2c(cc3c(cc4c(cc5c(cc6c(cc7c(cc8c(cc1c(c(c(c8n2)C)C)C)C)C)C)C)C)C(=O))C)C)C)C(=O)n5c3ccccc3c4c(cc5)cc5c(cc6,C1CC1Cn1c(-c2ccc3nccnc3c2)c(-c2cccc(C3CCCO3)c2)c(=O)n1C,Cn1c(-c2ccc3nccnc3c2)c(-c2cccc(C3CCCO3)c2)c(=O)n1C
C1c2c(ccc2c3c(ccc(cc3C4CCCO4)c1)c1ccccc1)c1c(cccc1)c1c(ccc(c1C2CCCO2)C3CCCO3)C(=O)N1C2C=CC=CC2=N2,C1c2c(ccc2n1)C3C(C(C(C(C(C3)C)C)C)C)C(=O)N1c2c(ccc2n1)C3C(C(C(C(C3)C)C)C)C,C1c2c(cc3c(c(c4c(cc5c(cc(cc4)C)C)C)C)C)C(Nc1c(cc3c(c(c4c(cc5c(cc(cc4)C)C)C)C)C)C)N3)C(=O)C2)C,C1c2c(ccc2c1)c3c(ccc4nccc4n3)c5c(ccc5)C(=O)C1c2c(ccc2c1)c3c(ccc4nccc4n3)c(=O)n1C,C1c2ccccc2N(C1)C1c2ccccc2N(C1)c1ccc(cc1)C1CCCO1C1c2ccccc2C(C1)C(=O)C1C2CCCO2C1
Cn1c(-c2ccc3nccnc3c2)c(-c2cccc(C3CCCO3)c2)c(=O)n1C,Cn1c(-c2ccc3nccnc3c2)c(-c2cccc(C3CCCO3)c2)c(=O)n1C,C1c2c(ccc2c1)c3ccc(cc3)Nc4c1c(ccc1Nc2ccccc2)c(=O)n4C,C1c2ccc3c(c1)ncnc3c2c1ccc2c(cc3c(cc4)ccc4c3)c(n2)C(=O)c1ccccc1,Cn1c(-c2ccc3nccnc3c2)c(-c2cccc(C3CCCO3)c2)c(=O)n1C
Cn1c(-c2ccc3nccnc3c2)c(-c2cccc(C3CCCO3)c2)c(=O)n1C,C1c2c(c(c(c(c(c2c1c3c(cc4c(cc5c(cc6c(cc7c(cc8c(cc9c(cc1c(cc2c(cc3c(cc4c(cc5c(cc6c(cc7c(cc8c(cc9C)C)C)C)C)C)C)C)C)C),C1c2ccccc2C(=O)N1C1c2ccccc2C(=O)N1C1c2ccccc2c1ccc3nccnc3c2,C1c2c(c(c(n1)c3ccc(cc3)N)C2)c4ccc(cc4)C5CCCO5c6ccc(cc6)C7CCCO7C(=O)N2,C1c2c(ccc2n1)C(=O)c3ccc(cc3)Nc1ccc(cc1)C(=O)c2ccc(cc2)Nc1ccc(cc1)C
C1c(-c2ccc3nccnc3c2)c(-c2cccc(C3CCCO3)c2)c(=O)n1,C1c2c(N(C3C=CC=CC3)C(N(C4C=CC=CC4)C(N(C5C=CC=CC5)C(=O)C2)C1)C(N(C6C=CC=CC6)C(N(C7C=CC=CC7)C1)C2)C(N(C8C,Cn1c(-c2ccc3nccnc3c2)c(-c2cccc(C3CCCO3)c2)c(=O)n1C,Cn1c(-c2ccc3nccnc3c2)c(-c2cccc(C3CCCO3)c2)c(=O)n1C,Cn1c(-c2ccc3nccnc3c2)c(-c2cccc(C3CCCO3)c2)c(=O)n1C
Cn1c(-c2ccc3nccnc3c2)c(-c2cccc(C3CCCO3)c2)c(=O)n1C,Cn1c(-c2ccc3nccnc3c2)c(-c2cccc(C3CCCO3)c2)c(=O)n1C,C1c2c(ccc2n1)c3c(ccc3N)c4c(ccc4N)c5c(ccc5O)c6ccccc6C(=O)C(C)C,C1c2c(ccc2n1)c3c(ccc3N)C4CCCO4C(=O)C5CCCO5C2c(ccc2N)C3CCCO3,Cn1c(-c2ccc3nccnc3c2)c(-c2cccc(C3CCCO3)c2)c(=O)n1C
Cn1c(-c2ccc3nccnc3c2)c(-c2cccc(C3CCCO3)c2)c(=O)n1C,C1c2c(ccc2c3c(ccc3c4c(ccc4c5c(ccc5c6c(ccc6c7c(ccc7c8c(ccc8c9c(ccc9c1)c1c(ccc1c1c(ccc1c1c(ccc1c1c(ccc1c1c(cc,Cn1c(-c2ccc3nccnc3c2)c(-c2cccc(C3CCCO3)c2)c(=O)n1C,Cn1c(-c2ccc3nccnc3c2)c(-c2cccc(C3CCCO3)c2)c(=O)n1C,Cn1c(-c2ccc3nccnc3c2)c(-c2cccc(C3CCCO3)c2)c(=O)n1C
Cn1c(-c2ccc3nccnc3c2)c(-c2cccc(C3CCCO3)c2)c(=O)n1C,C1c2c(ccc2c3c(ccc3n1)C(=O)n1c(ccc2c1)C3CCCO3)c4ccc(cc4)cc5c(ccc5n1)c1ccccc1C,C1c2ccccc2N1c3c(ccc3Nc4c5ccccc5N4)C(=O)c1C,C1Cn2c(ccc2c1)c1ccc(cc1)c1ccc(cc1)c1ccc(cc1)c1ccc(cc1)C(=O)n1c2ccccc2n2c(cc2)c2ccccc2c2ccc(cc2)n2c1C,Cn1c(-c2ccc3nccnc3c2)c(-c2cccc(C3CCCO3)c2)c(=O)n1C
C1c2ccccc2N1C1c(-c2ccc3nccnc3c2)c(-c2cccc(C3CCCO3)c2)c(=O)n1C,C1c2c(cc3c(c(c(c(c3c2c1)N)N)O)C4CCCO4)C(=O)N1C,Cn1c(-c2ccc3nccnc3c2)c(-c2cccc(C3CCCO3)c2)c(=O)n1C,Cn1c(-c2ccc3nccnc3c2)c(-c2cccc(C3CCCO3)c2)c(=O)n1C,Cn1c(-c2ccc3nccnc3c2)c(-c2cccc(C3CCCO3)c2)c(=O)n1C
CN1C(=O)C(c2cccc(C3CCCO3)c2)=C(c2ccc3nccnc3c2)C1N1Cc2ccccc21,Cn1c(-c2ccc3nccnc3c2)c(-c2cccc(C3CCCO3)c2)c(=O)n1C,C1c2c(cc3c(ccc4c(ccc5c(ccc6c(ccc(cc7c(ccc8c(ccc9n(C)cnc9c8)c(C)c3)c6)c5)c4)c7)c(C)c2C(=O)n1C,Cn1c(-c2ccc3nccnc3c2)c(-c2cccc(C3CCCO3)c2)c(=O)n1C,Cn1c(-c2ccc3nccnc3c2)c(-c2cccc(C3CCCO3)c2)c(=O)n1C
C1c2c(ccc2n1)c3c(ccc3N)c4ccc5c(ccc5n4)C1c2c(ccc2n1)c3c(ccc3O)c4c(ccc4C3CCCO3)C1=O,Cn1c(-c2ccc3nccnc3c2)c(-c2cccc(C3CCCO3)c2)c(=O)n1C,Cn1c(-c2ccc3nccnc3c2)c(-c2cccc(C3CCCO3)c2)c(=O)n1C,Cn1c(-c2ccc3nccnc3c2)c(-c2cccc(C3CCCO3)c2)c(=O)n1C,Cn1c(-c2ccc3nccnc3c2)c(-c2cccc(C3CCCO3)c2)c(=O)n1C
Cn1c(-c2ccc3nccnc3c2)c(-c2cccc(C3CCCO3)c2)c(=O)n1C,Cn1c(-c2ccc3nccnc3c2)c(-c2cccc(C3CCCO3)c2)c(=O)n1C,Cn1c(-c2ccc3nccnc3c2)c(-c2cccc(C3CCCO3)c2)c(=O)n1C,Cn1c(-c2ccc3nccnc3c2)c(-c2cccc(C3CCCO3)c2)c(=O)n1C,Cn1c(-c2ccc3nccnc3c2)c(-c2cccc(C3CCCO3)c2)c(=O)n1C
Cn1c(-c2ccc3nccnc3c2)c(-c2cccc(C3CCCO3)c2)c(=O)n1C,C1c2c(Nc3c(ccc3N)c2C1)c4c(ccc4C5CCCO5)c2ccc(cc2)C(=O)C1N(C)C,Cn1c(-c2ccc3nccnc3c2)c(-c2cccc(C3CCCO3)c2)c(=O)n1C,Cn1c(-c2ccc3nccnc3c2)c(-c2cccc(C3CCCO3)c2)c(=O)n1C,C1c2c(ccc2c1c3c(ccc3N)c4c(ccc4N)c5c(ccc5N)c6c(ccc6N)c7c(ccc7O)c8ccccc8C)c9ccccc9C)c3c(ccc3C)c4ccccc4C
Cn1c(-c2ccc3nccnc3c2)c(-c2cccc(C3CCCO3)c2)c(=O)n1C,C1c2ccccc2C(=O)N1c1ccccc1Nc1ccc(cc1)C1CCCO1c1ccc(cc1)C1CCCO1,Cn1c(-c2ccc3nccnc3c2)c(-c2cccc(C3CCCO3)c2)c(=O)n1C,C1c2c(cc3c(ccc4c3c(ccc4)C5CCCO5)c2)n(C(=O)C)c1n1c2c(cc3c(ccc4c3c(ccc4)C5CCCO5)c2)n(C(=O)C)c1,C1Cn(C(C(C2C=O)C(C3CCCO3)c2)C(C4C(C(N(C5C(N(C(C6C(C(N(C(C7C(C(C8CC(C(C9C(C(C(C(C(C(C(C(C(C(C(C(C(C(C(C(C(C(C(C(C(C(C(C(C(C(C(C(C(C(C(C
Cn1c(-c2ccc3nccnc3c2)c(-c2cccc(C3CCCO3)c2)c(=O)n1C,C1c2ccccc2C(=O)N1c1ccc(cc1)Nc1ccc(cc1)C1CCCO1c1ccccc1C1C(=O)N1c1ccc(cc1)N1,Cn1c(-c2ccc3nccnc3c2)c(-c2cccc(C3CCCO3)c2)c(=O)n1C,Cn1c(-c2ccc3nccnc3c2)c(-c2cccc(C3CCCO3)c2)c(=O)n1C,C1c2c(c(c(c(c1Nc3c(cc4c(cc5c(cc(c(c5C(=O)N4)C)c6ccccc6)C)C)C)N3)C)C)C(=O)N2
Cn1c(-c2ccc3nccnc3c2)c(-c2cccc(C3CCCO3)c2)c(=O)n1C,Cn1c(-c2ccc3nccnc3c2)c(-c2cccc(C3CCCO3)c2)c(=O)n1C,Cn1c(-c2ccc3nccnc3c2)c(-c2cccc(C3CCCO3)c2)c(=O)n1C,Cn1c(-c2ccc3nccnc3c2)c(-c2cccc(C3CCCO3)c2)c(=O)n1C,Cn1c(-c2ccc3nccnc3c2)c(-c2cccc(C3CCCO3)c2)c(=O)n1C
CN1C(=O)C(c2cccc(C3CCCO3)c2)=C(c2ccc3nccnc3c2)C1N1Cc2ccccc21,CN1C(=O)C(C2=C3C=CC=CC3=C2)C(C2=CC=CC=C3C2)C1=N1C2=CC=CC=C3C2=CC=CC3=C1N1C2=CC=CC=C3C2=CC=CC3=C1N1C2=C3C=,CN1C(=O)C(c2cccc(C3CCCO3)c2)=C(c2ccc3nccnc3c2)C1N1Cc2ccccc2C1,CN1C(=O)C(c2cccc(C3CCCO3)c2)=C(c2ccc3nccnc3c2)C1N1Cc2ccccc21,CN1C(=O)C(c2cccc(C3CCCO3)c2)=C(c2ccc3nccnc3c2)C1N1Cc2ccccc2C1
Cn1c(-c2ccc3nccnc3c2)c(-c2cccc(C3CCCO3)c2)c(=O)n1C,Cn1c(-c2ccc3nccnc3c2)c(-c2cccc(C3CCCO3)c2)c(=O)n1C,Cn1c(-c2ccc3nccnc3c2)c(-c2cccc(C3CCCO3)c2)c(=O)n1C,C1n(C(C(=O)C1)c1ccc(cc1)c1ccc(cc1)c1ccc(cc1)C(C(=O)C1)c1nccn1)C1c2ccccc2n2c1cc2,C1c2c(ccc1N)C(=O)Nc3c(ccc2)c4c(ccc4N)C3C5CCCO5C(=O)N1
Cn1c(-c2ccc3nccnc3c2)c(-c2cccc(C3CCCO3)c2)c(=O)n1C,C1c2c(ccc1n1c(ccc2c1n1c(ccc2c1c(ccc2C3CCCO3)c2)c(=O)n1C)c2nccn2c1ccc2c1n1c(ccc2c1c(ccc2C3CCCO3)c2)c(=O)n1C,C1c2c(ccc2n1)C3c(ccc4nccc4c3)c5c(ccc5c6ccccc6)C(=O)C7CCCO7,C1c2c(cc3c(c(n2)c4ccc(cc4)C(=O)N1)C(C5CCCO5)c3)C(=O)N1c2ccc(cc2)c3ccc(cc3)n1,C1Cn2c(-c3ccc4nccnc4c3c2)c(-c3cccc(C4CCCO4)c3)c(=O)n2C1
Cn1c(-c2ccc3nccnc3c2)c(-c2cccc(C3CCCO3)c2)c(=O)n1C,C1c2ccccc2C3CCCO3C(=O)C1Nc1c2ccc3nccnc3c2C1C(=O)n1C,C1=CC2=C(C(=O)C1)C3=C(C(=O)C4=C(C(=O)C5=C(C(=O)C6=C(C(=O)C7=C(C(=O)C1=C(C(=O)C1=C(C(=O)C1=C(C(=O)C1=C(C(=O)C1=C(C,C1c2c(ccc2n1)c3c(ccc3N)c4c(ccc4N)c5c(ccc5O)c6c(ccc6C7CCCO7)C(=O)N1C,C1=CC2=C(C(=O)C1=CC3=C(C=CC(=O)C3=C1)C2=CC4=C(C=CC(=O)C4=C2)C1=CC5=C(C=CC(=O)C5=C1)C2=C(C=CC(=O)C2=C1)C1=CC2
Cn1c(-c2ccc3nccnc3c2)c(-c2cccc(C3CCCO3)c2)c(=O)n1C,Cn1c(-c2ccc3nccnc3c2)c(-c2cccc(C3CCCO3)c2)c(=O)n1C,Cn1c(-c2ccc3nccnc3c2)c(-c2cccc(C3CCCO3)c2)c(=O)n1C,Cn1c(-c2ccc3nccnc3c2)c(-c2cccc(C3CCCO3)c2)c(=O)n1C,C1c2c(cc3c(cc2c1)c(c(c3)C(=O)N1c2ccccc2N(C(=O)N1)c3ccccc3)c4ccccc4)N1c2c(ccc2c1)N(C(=O)N1)c3ccc(cc3)C1C2C(C(C(C(C2
CC(=O)C1=CC=CC2=C1C3=C(C=C(C=C3)C(=O)N(C2=O)C(=O)C4=CC=CC=C4)C5=C(C=C(C=C5)C)N(C)C,Cn1c(-c2ccc3nccnc3c2)c(-c2cccc(C3CCCO3)c2)c(=O)n1C,CC1c(-c2ccc3nccnc3c2)c(-c2cccc(C3CCCO3)c2)c(=O)n1C,C1c2ccccc2C3CCCO3c1c4c(ccc4n3)c5c(ccc5N)c1C(=O)c1c2ccccc2N1,C1c2c(cc3c(c2nccn3)C4CCCO4)C(=O)n1c1ccccc1C1c2ccc3nccnc3c2C(=O)n1C
C1CCCCNCC1CN1=C2C=CC=CC2=N1,C1=CC=CC=C1CCN1=CC=CC2=C1=N2,C1=CC=CC=C1CNCCC1=C2CC=CC=CC2=N1,C1=CC=CC=C1CNCCC1=C2C=CC=CC2=N1,C1=CC=CC2=C(C=CC(=C2)C)NCC1C1=CC=CC2=C(C=CC(=C2)N)C1
C1c(ccc2c(ccc3c(ccc(cc3c2)c2ccc(F)cc2)C)c1)nc2ccc(cc2)C(=O)O,CC1c2ccccc2c1c3c(ccc(c3)C(=O)O)Nc1ccc(cc1)Fc2ccccc2,C1c2ccccc2N(C1)c1ccc(cc1)C(F)C1ccc(cc1)c1c(cccc1)C(=O)O,C1c(cc2c(ccc(c2c1)C(=O)O)Nc1ccccc1)cc2ccccc2F,CC1=CC2=C(C(=O)O)C(C(=O)O)N(C1=CC=CC=C2)C1=CC=CC=C1C1=CC=CC=C2C(C(=O)O)C(C(=O)O)N(C1=CC=CC=C2)C1=CC=CC=C1
Cn1c(-c2ccccc2-c2ccccc2-c2ccccc2)c2ccc(=O)n2c(=O)c2ccccc2c1=O,C1c2c3c(c4c(ccc4C5c6c(cccc6O)C(C(C5)C)C)C)C(C(C3)C)C2=C1O)C2=CC(=O)N3C(C(C2)C)C1ccc(cc1)N2C(C(C3)C)C(=,Cn1c(-c2ccccc2-c2ccccc2-c2ccccc2)c2ccc(=O)n2c(=O)c2ccccc2c1=O,Cn1c(-c2ccccc2-c2ccccc2-c2ccccc2)c2ccc(=O)n2c(=O)c2ccccc2c1=O,C1=CC(=O)C2=CC=CC=C2C3=C(C1C4=C(C(C3)C(C(C4)C(C(C4)C(=O)C1CCCO1)C(C1=CC=CC=C1)C(C1=C2CC=C2C=C1)C4)C)C(C1=C2CC
C1CCCN(C1)C2=CC(=O)N3CCC4=CC(=O)N(C5=C3C(=O)N(C6=C4C(=O)N(C7=C5C(=O)N(C8=C6C(=O)N(C9=C7C(=O)N(C10=C8C(=O)N(C11,C1CCc2cc(Nc3cc(C(C)NC3)nc3c(c4cnn(C)c4)nn23)s1n2,C1CCc2cc(Nc3cc([C@@H]4CCCNC4)nc3c(-c5cnn(C)c5)cnn23)sn1,C1c2c(ccc1)Nc2c(ccc2)Nc1c(ccc1)Nc1c(ccc1)n1c1ccccc1Nc1ccc(cc1)N1c(cccc1)N1c(cccc1)N1c(cccc1)n1,C1CCNc2c(ccc2N)Nc2ccc(cc2)Nc1c3c(c(cc3)N)Nc1ccc(cc1)S
C1=CC(=O)Nc1ccc(cc1)C1=CC(=O)Nc1ccc(cc1)C1=CC(=O)Nc1ccc(cc1)C1=CC(=O)Nc1ccc(cc1)C1=CC(=O)Nc1ccc(cc1)C1=CC(=O)Nc1,C1Cn2c1ccc3c2ccccc3c2ccccc2c2cccnc2c1ccc(=O)c1cccnc1c2ccccc2c1ccc(=O)c1,C1c(c(c(c(c1N2c1ccc(cc1)C(=O)N1)c2ccccc2)c1ccc(cc1)C(=O)N1)c1ccc(cc1)C(=O)N1)c1ccc(cc1)C(=O)c1ccccc1=O,C1c2c(cccc2Oc1)c3c(cccc3)c4ccc(cc4)C(=O)Nc5ccc(cc5)C(=O)c6ccccc6N1,C1c2ccccc2c1-c1ccc(cc1)c1ccc(cc1)C(=O)Nc1ccc(cc1)C(=O)N1c2ccccc2c1=O
C1c2c3c(c(c(c(c1N(C2=O)C3=O)C3=O)C4=O)C5=C4C(C(C5)C6=O)C6=C3)C6=C7C(C(C7)C8=O)C8=C6)C5=C4C(C(C4),C1c2c(cccc2O)c3c(cccc3C(=O)N1)c4c(cccc4C(=O)N3)c5c(cccc5O)c6c(cccc6C(=O)N4)c1c(cccc1C(=O)N2)c7ccccc7O,C1c2c(ccc2c1)c3ccc(cc3)C1c(cccc1)c2ccc(cc2)C1c(cccc1)c2ccc(cc2)C1c(cccc1)c2ccc(cc2)C1c(cccc1)c2ccc(cc2)c1ccc(cc1)c2ccc(cc2)c1ccc(cc1)c2,C1c2c(cccc2)c3c(cccc3)c4c(cccc4)C(=O)(c5ccccc5)c6ccccc6N1-c7ccccc7c8ccccc8O-c9ccccc9N2-c10ccccc10C(=O)c1-c2ccccc2C(=O)c2ccccc2c1,C1c2c(cc3c(cccc3)C(=O)Nc1c(ccc1)c1ccc(cc1)c1ccc(cc1)C(=O)Nc1ccccc1)c2ccccc2C(=O)Nc2ccccc2
C1c2c(cc3c(cc2c1N)Nc4ccc(cc4)C3)C(C(=O)C5CCCC5)Nc6ccccc6C,C1Cn(C(C2=CC=CC=C2)c1c1ccc(cc1)C1CCCO1)c1ccc(cc1)C1CCCO1C(=O)N1C,Cn1c(-c2ccc3nccnc3c2)c(-c2cccc(C3CCCO3)c2)c(=O)n1C,Cn1c(-c2ccc3nccnc3c2)c(-c2cccc(C3CCCO3)c2)c(=O)n1C,Cn1c(-c2ccc3nccnc3c2)c(-c2cccc(C3CCCO3)c2)c(=O)n1C
Cn1c(-c2ccc3nccnc3c2)c(-c2cccc(C3CCCO3)c2)c(=O)n1C,Cn1c(-c2ccc3nccnc3c2)c(-c2cccc(C3CCCO3)c2)c(=O)n1C,C1c2c(ccc2c1)c3ccc(cc3)C1C(C(C(C(C(C1=O)C)C)C)C)C,Cn1c(-c2ccc3nccnc3c2)c(-c2cccc(C3CCCO3)c2)c(=O)n1C,Cn1c(-c2ccc3nccnc3c2)c(-c2cccc(C3CCCO3)c2)c(=O)n1C
C1=CC=CC=C1C1=CC=CC=C1C1=CC=CC=C1C(F)(F)Fc1ccccc1Nc1ccc(cc1)Nc1ccc(cc1)C1=CC=CC=C1=O,C1=CC(=O)N1c1ccccc1C(F)Fc1ccc(cc1)Nc1ccc(cc1)Nc1ccc(cc1)C(F)F,C1=CC(=O)Nc1c2ccc(cc2)Nc1ccc(cc1)C(F)(F)Fc1ccc(cc1)Nc1ccc(cc1)C(F)(F)Fc1ccc(cc1)N1C=CC(=O)Nc1ccc(cc1)Nc1ccc(cc1)C(F)(F,CC(=O)c1cnc(c2ccc(F)cc2c3c(F)cc(F)c(F)c3)c1n(-c1ccccc1-c1cccn1-c1ccccc1)n1c(=O)c1ccccc1,C1=CC=CC2=C1C(=O)N(C1=CC=CC=C1)C1=CC=CC=C1N(C1=CC=CC=C1)C1=CC=CC=C1C(F)(F)F
Cn1c(-c2ccc3nccnc3c2)c(-c2cccc(C3CCCO3)c2)c(=O)n1C,Cn1c(-c2ccc3nccnc3c2)c(-c2cccc(C3CCCO3)c2)c(=O)n1C,Cn1c(-c2ccc3nccnc3c2)c(-c2cccc(C3CCCO3)c2)c(=O)n1C,C1c2c(cc3c(cc2c1)c(cc3Nc1ccc(cc1)N)c1ccc(cc1)N)C(=O)C1c2c(cc3c(cc2c1)c(cc3Nc1ccc(cc1)N)c1ccc(cc1)N)C1C2C3C(C(C(C(C3(C2,Cn1c(-c2ccc3nccnc3c2)c(-c2cccc(C3CCCO3)c2)c(=O)n1C
C1c2c(cc3c(ccc(cc3)c3ccccc3)c3ccccc3)ccc2c1c1ccc(cc1)C(=O)Nc1ccc(cc1)C(=O)C2=CC=CC=C2,C1c2c(cc3c(cccc3)C(=O)N2)C(=O)N1c1ccc(cc1)c1ccc(cc1)C(=O)N2c1ccccc1c2=O,C1c2c(ccc2O)c3c(ccc3C4=CC=CC=C4)C5=CC=CC=C5c6ccccc6N2c1=O,Cn1c(-c2ccccc2-c2ccccc2-c2ccccc2)c2ccc(=O)n2c(=O)c2ccccc2c1=O,C1c2c(ccc2c3c(ccc(cc3c4c(cccc4)C(=O)Nc5c(cccc5N2)C(=O)c5ccccc5)C(=O)Nc6c(cccc6N3)C(=O)c6ccccc6)C(=O)Nc7c(cccc7N
C1c2c(c(n1)c(cc3nccnc3c2)C4CCCO4)c(c5c(ccc5)C6CCCO6)c(=O)n1C,Cn1c(-c2ccc3nccnc3c2)c(-c2cccc(C3CCCO3)c2)c(=O)n1C,Cn1c(-c2ccc3nccnc3c2)c(-c2cccc(C3CCCO3)c2)c(=O)n1C,C1c2c(ccc2n1)c3c(ccc3N)C4CCCO4C(=O)C5CCCO5C,Cn1c(-c2ccc3nccnc3c2)c(-c2cccc(C3CCCO3)c2)c(=O)n1C
C1=CC(=O)C2=C(C=C(C3=C(C=C(C4=CC=CC=C4)C=C3)C5=CC=CC=C5)C6=C(C=C(C7=CC=CC=C7)C=C6)C2)N(C8=C(C=C(C9=CC=CC=C9)C=C8)N,O=c1c(c2cccc(C3CCCO3)c2)c(c2ccc3nccnc3c2)n2n1CC2,C1=CC2=C(C(=O)C3=CC=CC=C3)C(=O)N(C4=C5C=CC(=C5)C(C(C(C(C4)C)C)C)O)C6=C7C=CC(=C7)N(C8=C9C=CC(=C9)C(C(C(C(C8),O=c1c(-c2cccc(C3CCCO3)c2)c(-c2ccc3nccnc3c2)n2n1CCC2,O=c1c(c2c(ccc3c2c(ccc(C3CCCO3)c2)c2cccc2)n2n1CC)n2n1CCC2
C1c2c(ccc2n1)C3CCCO3c1ccc(cc1)C2=CC=CC=C2C3CCN(C(C)C)N3C(=O)C1=CC=CC=C1,Cn1c(-c2ccc3nccnc3c2)c(-c2cccc(C3CCCO3)c2)c(=O)n1C,C1c2c(ccc2c1)c3ccc(cc3)C1CCCO1C(=O)C1CCCO1,Cn1c(-c2ccc3nccnc3c2)c(-c2cccc(C3CCCO3)c2)c(=O)n1C,Cn1c(-c2ccc3nccnc3c2)c(-c2cccc(C3CCCO3)c2)c(=O)n1C
C1c2ccccc2C3CCCO3c1c4c(ccc4Nc2ccccc2)n(C)c3ccccc3C(=O)N1,Cn1c(-c2ccc3nccnc3c2)c(-c2cccc(C3CCCO3)c2)c(=O)n1C,Cn1c(-c2ccc3nccnc3c2)c(-c2cccc(C3CCCO3)c2)c(=O)n1C,C1c2c(ccc2c1n3c1ccc(cc1)n3)c1c(cccc1)c1ccc(cc1)C2CCCO2C(=O)C1CC1,Cn1c(-c2ccc3nccnc3c2)c(-c2cccc(C3CCCO3)c2)c(=O)n1C
Cn1c(-c2ccc3nccnc3c2)c(-c2cccc(C3CCCO3)c2)c(=O)n1C,Cn1c(-c2ccc3nccnc3c2)c(-c2cccc(C3CCCO3)c2)c(=O)n1C,C1c2ccccc2N(C1)C1c2ccccc2N(C1)C1c2ccc(cc2)C3CCCO3C(=O)N1C,C1=CC(=O)C2(C3=CC=CC=C3)C1(C4=CC(=O)C5(C6=C(C(=C(C(=C(C6C5)C)C)C)C)C)C(=C(C(=C(C7=C(C(=C(C(=C(C7C6)C)C)C)C,O=c1c(c2c(ccc3c2c(ccc(C3CCCO3)c2)c2ccccc2)n2c1)c(c3c2cccnc3c2)n2n1CC2
O=c1c(c2c(ccc3c2c(cc3)C3CCCO3)c2nccc2c2ncc2c2n1)CC2,C1=CC(=O)C2=C(C(C3=CC=CC=C3)C4=CC=CC=C4)C1(C5=C6C=CC(=C6)C(=O)N7C(=C(C(=O)N(C(C(=O)N7)C)C)C)C)C2=C5C=CC(=,O=c1c(-c2cccc(C3CCCO3)c2)c(-c2ccc3nccnc3c2)n2n1CC2,O=c1c(c(-c2c(ccc3c2c(cc3)C3CCCO3)c2)n2n1CC2)c(-c2ccc3nccnc3c2)n2n1CC2,O=C1c2c(cc3c(cc2c1)c(C4CCCO4)ccc2c1c(cc2c1)c3nccn3c2)n2n1CC2
Cn1c(-c2ccc3nccnc3c2)c(-c2cccc(C3CCCO3)c2)c(=O)n1C,C1c(cc2c(cc3c(cc4c(cc(cc5c(cc(cc6c(cc(cc7c(cc(cc8c(cc(cc9c(cc(cc10c(cc(cc11c(cc(cc12c(cc(cc13c(cc(cc14c(cc(cc15c(cc(cc16c(cc(cc17c(cc(cc18c(cc(cc19c(cc(cc20c(cc(cc21c,C1c2c(ccc2n1)c3c(ccc3C4CCCO4)C(=O)N1c2c(ccc2n1)C5CCCO5,C1c2ccccc2C(=O)N1c1ccc(cc1)c1ccc(cc1)c1c2ccccc2C(=O)N1C,C1c2c(ccc2n1)C3CCCO3c1ccc(cc1)c1ccc(cc1)n1c2ccccc2C(=O)C1CCCO1
Cn1c(-c2ccc3nccnc3c2)c(-c2cccc(C3CCCO3)c2)c(=O)n1C,Cn1c(-c2ccc3nccnc3c2)c(-c2cccc(C3CCCO3)c2)c(=O)n1C,Cn1c(-c2ccc3nccnc3c2)c(-c2cccc(C3CCCO3)c2)c(=O)n1C,Cn1c(-c2ccc3nccnc3c2)c(-c2cccc(C3CCCO3)c2)c(=O)n1C,Cn1c(-c2ccc3nccnc3c2)c(-c2cccc(C3CCCO3)c2)c(=O)n1C
C1CC1Cn1c(-c2ccc3nccnc3c2)c(-c2cccc(C3CCCO3)c2)c(=O)n1C,Cn1c(-c2ccc3nccnc3c2)c(-c2cccc(C3CCCO3)c2)c(=O)n1C,C1c2c(ccc2n1)C3=CC=CC3C4=CC=CC4C5=C6C=CC(=O)N6C(C(C(C5)C)C)C,Cn1c(-c2ccc3nccnc3c2)c(-c2cccc(C3CCCO3)c2)c(=O)n1C,Cn1c(-c2ccc3nccnc3c2)c(-c2cccc(C3CCCO3)c2)c(=O)n1C
Cn1c(-c2ccc3nccnc3c2)c(-c2cccc(C3CCCO3)c2)c(=O)n1C,C1c2c(ccc2c1)C1c(cccc1)C1C(C(C(C(=O)C1)c1ccc(cc1)C1C(C(C(C(=O)C1)c1ccc(cc1)C1)C(C)C)C)C)C,Cn1c(-c2ccc3nccnc3c2)c(-c2cccc(C3CCCO3)c2)c(=O)n1C,C1c2c(cc3c(ccc4c3c(ccc(cc4c1c2C)c2ccc(cc2)C)c2ccc(cc2)C)c2ccc(cc2)C)c1c2c(cc3c(ccc4c3c(ccc(cc4c1c2C)c2ccc(cc2)C)c2ccc(cc2),C1c2c(cc3c(cc2c1)C(N)C4=CC=CC4)C5=CC=CC5C(N)C6=CC=CC6C(N)c3ccccc3C(=O)C
Cn1c(-c2ccc3nccnc3c2)c(-c2cccc(C3CCCO3)c2)c(=O)n1C,Cn1c(-c2ccc3nccnc3c2)c(-c2cccc(C3CCCO3)c2)c(=O)n1C,C1=CC=CC2=C1C(=O)C3=C(C(C(C(C(C(C3C)C)C)C)C)C)C4=CC=CC=C4C5=C(C=C(C=C5)N)C6=CC=CC=C6N7=C(C=C(C=C7)N)C2C8=CC=,C1=CC(=O)C1(C2=CC=CC=C2)C3=C(C=CC(=O)N3)N(C4=CC=CC=C4)N(C5=C(C=CC(=O)N5)N)C6CC6,C1c2c(cc3c(c(n1)c(=O)n2)cc3)C4CCCO4c5c2ccc(cc5)C3CCCO3C
C1c2c(ccc2n1)C3c(ccc4Nc1ccc(cc1)Nc4)C5CCCO5C(=O)C3,Cn1c(-c2ccc3nccnc3c2)c(-c2cccc(C3CCCO3)c2)c(=O)n1C,C1c2c(ccc2n1)C1c2c(ccc2n1)C(=O)C1c2c(ccc2n1)c3ccc(cc3)C1c2ccccc2C1c2ccc(cc3)C(=O)N3C(C(C)C)C3,C1c2c(cc3c(cc2c1)Nc4nccc(n4)C3)C5C(C(C(C5)O)C)C(=O)C6c(cc7c(cc6)Nc8nccc(n8)C7)C,Cn1c(-c2ccc3nccnc3c2)c(-c2cccc(C3CCCO3)c2)c(=O)n1C
Cn1c(-c2ccccc2-c2ccccc2-c2ccccc2)c2ccc(=O)n-2c(=O)c2ccccc2c1=O,C1c2c(ccc2c3c(cccc3)cc2c(cccc2)c1-c2ccc(cc3)ccccc3c2-c2ccc(cc3)ccccc3-c2ccc(cc3)c(cccc3)c2-c2ccc(cc3)c(cccc3)c2-c2ccc(cc3)c(cccc3)c2-c2ccc(cc,C1c2ccccc2c1-c2ccccc2-c2ccccc2-c2ccc(=O)n2c(=O)c2ccccc2c1=O,Cn1c(-c2ccccc2-c2ccccc2-c2ccccc2)c2ccc(=O)n2c(=O)c2ccccc2c1=O,Cn1c(c2ccccc2c2ccccc2c2ccccc2)c2ccc(=O)n2c1=Oc2ccccc2c1c(=O)n2c1ccccc2C(=O)c1ccccc2
C1=Oc2c1c(-c3c2cccc(C4CCCO4)c3)c(-c3ccc4nccnc4c3)n2n1CC2,O=c1c(-c2cccc(C3CCCO3)c2)c(-c2ccc3nccnc3c2)n2n1CC2,C1=CC(=O)C2=C(C3=CC=CC=C3)C4(C(C(C(C(C5CCCO5)C)C)C)C)C(N=CC1=CC=CC=C1)C2=CC=CC=C2N2,C1=CC(=O)C2=C(C3=C(C(C4=C(C(C5=C(C(C6=C(C(C7=C(C(C8=C(C(C(C9=C(C(C(C(C(C(C(C(C(C(C(C(C(C(C(C(C(C(C(C(C(C(C(C(C(C(C(C(C(C(C(C(C(C(C(C(C(C(C(C(C(C(C,C1=CC2=C(C=C(C3=C(C(C(C4=CC=CC=C4)C(C(C(C5=C(C(C(C6=C(C(C(C(C7=C(C(C(C(C(C(C(C(C(C(C(C(C(C(C(C(C(C(C(C(C(C(C(C(C(C(C(C(C(C(C(C(C(C(C(C(C(C(C(C(C(C
Cn1c(-c2ccc3nccnc3c2)c(-c2cccc(C3CCCO3)c2)c(=O)n1C,C1c2c(ccc2n1)c3c(ccc3N)C(=O)C1c2c(ccc2n1)c3c(ccc3N)C1C(=O)NCC1,Cn1c(-c2ccc3nccnc3c2)c(-c2cccc(C3CCCO3)c2)c(=O)n1C,C1c2c(ccc2n1)c3c(ccc3)Nc1ccc(cc1)C1c2ccccc2OC1C(=O)C1CCCO1,Cn1c(-c2ccc3nccnc3c2)c(-c2cccc(C3CCCO3)c2)c(=O)n1C
Cn1c(-c2ccc3nccnc3c2)c(-c2cccc(C3CCCO3)c2)c(=O)n1C,C1c2c(cc3c(c2n1)C(=O)Nc4c(cccc4)C3)C(=O)Nc5c(cccc5)C3CCCO3,Cn1c(-c2ccc3nccnc3c2)c(-c2cccc(C3CCCO3)c2)c(=O)n1C,C1c2ccccc2C(=O)N1c1ccc(cc1)C1c2ccccc2C(=O)N1C1c2ccccc2C(=O)N1C1CCCO1,Cn1c(-c2ccc3nccnc3c2)c(-c2cccc(C3CCCO3)c2)c(=O)n1C
Cn1c(-c2ccc3nccnc3c2)c(-c2cccc(C3CCCO3)c2)c(=O)n1C,Cn1c(-c2ccc3nccnc3c2)c(-c2cccc(C3CCCO3)c2)c(=O)n1C,C1c2c(cc3c(ccc3n2)C4CCCO4)nc1c1ccc(cc1)c1ccc(cc1)n1C(=O)C1CCCO1,Cn1c(-c2ccc3nccnc3c2)c(-c2cccc(C3CCCO3)c2)c(=O)n1C,Cn1c(-c2ccc3nccnc3c2)c(-c2cccc(C3CCCO3)c2)c(=O)n1C
Cn1c(-c2ccccc2-c2ccccc2-c2ccccc2)c2ccc(=O)n2c(=O)c2ccccc2c1=O,Cn1c(c2ccccc2)c2ccc(=O)n2c2ccc(=O)n2c1=Oc2ccccc2c2ccccc2c2ccccc2,Cn1c(-c2ccccc2-c2ccccc2-c2ccccc2)c2ccc(=O)n-2c(=O)c2ccccc2c1=O,C1c2ccccc2c1c1ccc(cc1)C(=O)Nc1ccc(cc1)C(=O)c1ccc(cc1)C(=O)N1c2ccccc2c1=O,C1c2ccccc2c1-c1c2ccc(=O)n2c(=O)c1ccccc1-c1ccc(cc2)c(=O)n2c1ccccc1=O
C1CC1Cn1c(=O)c(-c2cccc(C3CCCO3)c2)c(-c2ccc3nccnc3c2)n1CC1,Cn1c(=O)c(-c2cccc(C3CCCO3)c2)c(-c2ccc3nccnc3c2)n1CC1CC1,Cn1c(-c2ccc3nccnc3c2)c(-c2cccc(C3CCCO3)c2)c(=O)n1C,C1c2c(ccc2n1)C3C(C(C(C4CCCO4)c2ccc3)C2C(C(C(C5CCCO5)c2ccc3)C3C(=O)N1C)c2ccc3nccn3c2)c2ccc3nccn3c2,C1Cn(C(=O)c2ccccc2)c3ccc(cc3)C1c1ccc(cc1)n1c1ccccc1C1CCCO1
Cn1c(-c2ccc3nccnc3c2)c(-c2cccc(C3CCCO3)c2)c(=O)n1C,Cn1c(-c2ccc3nccnc3c2)c(-c2cccc(C3CCCO3)c2)c(=O)n1C,C1c2c(c(c(c(c2c1)N3C(=O)N(C3=O)c4ccccc4)c5ccccc5)C6ccccc6)c7ccccc7C(=O)Nc1ccccc1N(C1=O)c2ccccc2c1)C1=O,Cn1c(-c2ccc3nccnc3c2)c(-c2cccc(C3CCCO3)c2)c(=O)n1C,Cn1c(-c2ccc3nccnc3c2)c(-c2cccc(C3CCCO3)c2)c(=O)n1C
Cn1c(-c2ccc3nccnc3c2)c(-c2cccc(C3CCCO3)c2)c(=O)n1C,C1c2ccccc2N1C1c2ccccc2N1C1c2ccccc2c1ccc(cc1)c1ccc(cc1)C1CCCO1C(=O)C1CCCO1,C1c2ccccc2N1C1c2ccc3nccnc3c2C1c2ccccc2C1C3CCCO3C(=O)N1,C1c2c(ccc2n1)C3C4C5C(C(C6CCCO6)C5)C4C(C7CCCO7)C3C(=O)N1C(=C(C(=O)N1)C2C3C4C(C(C5CCCO5)C4)C3)C2,Cn1c(-c2ccc3nccnc3c2)c(-c2cccc(C3CCCO3)c2)c(=O)n1C
C1C(C2CC3CCCC3C2CC4CCCC4C2CC5CCCC5C2CC(=O)N2C(=O)C2CCCC2C1=O)N2C(=O)C2CCCC2C1,C1c2c(c(c(c(c(c2c1)c1ccc(cc1)C(=O))c1ccc(cc1)c1ccc(cc1)c1ccc(cc1)C(=O))c1ccc(cc1)c1ccc(cc1)C(=O))c1ccc(cc1)n2c1ccccc1c2=O,Cn1c(-c2ccccc2-c2ccccc2-c2ccccc2)c2ccc(=O)n2c(=O)c2ccccc2c1=O,C1c2c(ccc2c3ccc(cc3)C(=O)N2)C1c1ccccc1N2c1ccccc1C(=O)C1=CC=CC=C1C(=O)C2=CC=CC=C2,C1c2ccccc2-c2ccccc2-c2ccccc2c1-c2ccc3c(c2)Nc1ccc(cc1)C(=O)N3c1ccccc1C(=O)O
C1c2c(c(c(c(c(c(c(c(c2c1)c3ccc(cc3)O)c4ccc(cc4)O)c5ccc(cc5)O)c6ccc(cc6)O)c7ccc(cc7)O)c8ccc(cc8)O)c9ccc(cc9)Oc1c(cc(c(c(c(c1)O)N)c2,C1c2c(cccc2O)c3ccc(cc3)C4C5C(C(C(C(C(C5N(C4=O)C(=O)N3)c6ccccc6)C(=O)N2)c7ccccc7)C(=O)N1)c8ccccc8=O,Cn1c(-c2ccccc2-c2ccccc2-c2ccccc2)c2ccc(=O)n2c(=O)c2ccccc2c1=O,C1c2c3c(cc2c1)c(cc3)c4c(cccc4)c5c(cccc5)c6c(cccc6)c7c(cccc7)c8ccc(cc8)C(=O)Nc9ccccc9Nc10ccc(cc10)C(=O)Nc1ccc(cc1)C(=O),Cn1c(-c2ccccc2-c2ccccc2-c2ccccc2)c2ccc(=O)n2c(=O)c2ccccc2c1=O
Cn1c(-c2ccc3nccnc3c2)c(-c2cccc(C3CCCO3)c2)c(=O)n1C,Cn1c(-c2ccc3nccnc3c2)c(-c2cccc(C3CCCO3)c2)c(=O)n1C,C1c2ccccc2C(=O)N1C1c(cc2c(cc3c(cc(c(c3C2)C)C)C)C)C)C(=O)N1,C1c2ccccc2N1C(=O)c3ccc(cc3)c4ccc(cc4)C5CCCO5c6ccccc6C(=O)c2ccccc2n2c3ccccc3n2c2ccccc2c2ccc(cc2)c2ccccc2c2ccc(cc2)c2ccccc2C,C1c2ccccc2C(=O)n1Cn1c(-c2ccc3nccnc3c2)c(-c2cccc(C3CCCO3)c2)c(=O)n1
C1Cn2c(cc1)ccc2c1ccccc1Nc1ccc(cc1)C(=O)N1C,C1c2c(ccc2c1c1c(ccc1c1c(ccc1c1c(ccc1c1c(ccc1c1c(ccc1c1c(ccc1c1c(ccc1c1c(ccc1c1c(ccc1c1c(ccc1c1c(ccc1c1c(cc,Cn1c(-c2ccc3nccnc3c2)c(-c2cccc(C3CCCO3)c2)c(=O)n1C,Cn1c(-c2ccc3nccnc3c2)c(-c2cccc(C3CCCO3)c2)c(=O)n1C,C1c2c(cc3c(ccc3c2c(n1)C(=O)C4CCCO4)c2ccc(cc2)N)C(=O)Nc5ccccc5
C1=CC2=C(C(=O)C1)C1=CC=C(C(=O)C1)C1=CC=C(C(=O)C1)C1=CC=C(C(=O)C1)C1=CC=C(C(=O)C1)C1=CC=C(C(=O)C1)C1=CC=C(C(=,C1=CC(=O)C2=C3C=CC=CC3=C2C1(C4CCCO4)C5=C6C=CC=CC6N5C7=C8C=CC(=C9C=CC=CC9C8)N3C2=C1CCC2,C1=CC2=C(C=C(C(=O)C3=C(C=CC4=C3C(C(C(C(C4)C)C)C)C)C)C)C(=O)C5=C(C=C(C(=O)C6=C(C=CC7=C6C(C(C(C(C7)C)C)C)C)C)C,C1=CC(=O)C2=C(C=CC(=C2)C3=CC=CC=C3)C4=C(C=C(C=C4)C5=C(C(C(C(C5)C)C)C)C)N6=C(C(C(C(N6)C)C)C)N7=C(C(C(C(N7)C)C),C1=CC(=O)C2(C(C(C(C(C(C(C3C(C(C(C(C4C(C(C(C(C(C(C(C(C(C(C(C(C(C(C(C(C(C(C(C(C(C(C(C(C(C(C(C(C(C(C(C(C(C(C(C(C(C(C(C(C(C(C(C(C(C(C(C(C(C(C(C(C(C(C(C(C
Cn1c(-c2ccc3nccnc3c2)c(-c2cccc(C3CCCO3)c2)c(=O)n1C,C1c2c(ccc2c1)c3ccc(cc3)C4CCO4C(=O)C5CC5C(=O)N1C(=O)n1c2c(ccc2c1)c3ccc(cc3)C4CCO4,Cn1c(-c2ccc3nccnc3c2)c(-c2cccc(C3CCCO3)c2)c(=O)n1C,C1c2c(ccc2n1)C3c(ccc4c5c(ccc(n5c3)N)c6ccccc6)Nc7ccccc7N4C(=O)C,Cn1c(-c2ccc3nccnc3c2)c(-c2cccc(C3CCCO3)c2)c(=O)n1C
Cn1c(-c2ccc3nccnc3c2)c(-c2cccc(C3CCCO3)c2)c(=O)n1C,Cn1c(-c2ccc3nccnc3c2)c(-c2cccc(C3CCCO3)c2)c(=O)n1C,C1c2c(cc3c(ccc3[nH]c2c1C(=O))C4CCCO4)C5CCCO5c6ccccc6C(=O)n1c2c(cc3c(ccc3[nH]c2c1C)C)C4CCCO4,C1Cn2c(cc1)c1c(ccc1N)c1ccc(cc1)n1c(cc1)C(=O)c1ccc(cc1)n1c(cc1)C(=O)c1ccc(cc1)C(=O)c1ccc(cc1)C(=O)c1ccc(cc1)C(=O)c1ccc(cc1)C(=O)c,C1c2c(cc3c(cc2c1)Nc4c(cc5c(cc4)C(C(C)C)C)C(N5)C)C(=O)C6CCCO6
C1c2ccccc2C(=O)N1c1ccc(cc1)C1c2ccccc2C(=O)N1C1CCCO1C1ccc(cc1)C1CCCO1,C1c2ccccc2N1C(=O)c1ccc(cc1)C1CCCO1c1ccc(cc1)C1CCCO1c1ccc(cc1)C(=O)n1c2ccccc2N1C,Cn1c(-c2ccc3nccnc3c2)c(-c2cccc(C3CCCO3)c2)c(=O)n1C,Cn1c(-c2ccc3nccnc3c2)c(-c2cccc(C3CCCO3)c2)c(=O)n1C,C1c2c3c(cc2c1)nc3Nc1ccc(cc1)C2C(C(C(C(C(C3)O)C3)C)C)C(=O)N1C
Cn1c(-c2ccc3nccnc3c2)c(-c2cccc(C3CCCO3)c2)c(=O)n1C,Cn1c(-c2ccc3nccnc3c2)c(-c2cccc(C3CCCO3)c2)c(=O)n1C,Cn1c(-c2ccc3nccnc3c2)c(-c2cccc(C3CCCO3)c2)c(=O)n1C,Cn1c(-c2ccc3nccnc3c2)c(-c2cccc(C3CCCO3)c2)c(=O)n1C,Cn1c(-c2ccc3nccnc3c2)c(-c2cccc(C3CCCO3)c2)c(=O)n1C
Cn1c(-c2ccc3nccnc3c2)c(-c2cccc(C3CCCO3)c2)c(=O)n1C,Cn1c(-c2ccc3nccnc3c2)c(-c2cccc(C3CCCO3)c2)c(=O)n1C,C1c2c(ccc2n1)c3c(ccc3)c4c(ccc4)c5c(ccc5C)c6c(ccc6C)C(=O)C,C1c2c(ccc2c3ccc(cc3)C4CCCO4)C(=O)c1n2c(ccc2c3ccc(cc3)C4CCCO4)n1C,Cn1c(-c2ccc3nccnc3c2)c(-c2cccc(C3CCCO3)c2)c(=O)n1C
C1CCC1C1CCC1C1CCC1C1CCC1C1C(=O)N1C2=CC=CC=C2C(=O)N1C1CCCCC1=O,C1c2c(cccc2Nc2ccc(cc2)C(=O)Nc1ccc(cc1)C(=O)c1ccc(cc1)C(=O)c1ccc(cc1)C(=O)c1ccc(cc1)C(=O)c1ccc(cc1)C(=O)c1ccc(cc1)C(=O)c1ccc(cc1),C1c2c(cccc2C(=O)Nc1ccc(cc1)C(=O)N2)c3ccc(cc3)C(=O)N1c2ccc(cc2)C(=O)N1c1ccc(cc1)C(=O)N2,C1c2c(ccc2c2ccccc2)c3c2ccccc2c1N(C2=CC=CC=C2)c2ccccc2C(=O)N(C2=CC=CC=C2)c2ccc(=O)n2C1=O,C1c2c(cc3c1cccc3)ccc1c(ccc(c1)C(=O)N1)C(=O)N1c2ccccc2
Cn1c(-c2ccc3nccnc3c2)c(-c2cccc(C3CCCO3)c2)c(=O)n1C,C1c2c(ccc2n1)C3C(C(C(C(C3)C(=O))C4=C5C=CC=CC5=C4)C2=CC=CC=C2)N1C,Cn1c(-c2ccc3nccnc3c2)c(-c2cccc(C3CCCO3)c2)c(=O)n1C,C1c2c(cc3c(ccc3c1)Nc2c(ccc2N)C(=O)C2CCCO2)c3ccc(cc3)C(=O)N1C,C1c2c(cc3c(c2c(n1)Nc4ccc(cc4)N)C)c(cc3c2)C(=O)Nc1ccc(cc1)C3CCCO3
C1c2c(cc3c(cc2n1)Nc4ccccc4N3)C5CCCO5c6ccccc6C(=O)c7ccccc7C,C1c2c(N(C(=O)C3CCC3)C4=C5C=CC=CC5=C4)Nc2c(N(C(=O)C6CCC6)C7=C8C=CC=CC8=C7)C1,C1c2ccccc2C(=O)N1c1ccc(cc1)C1CCCO1c1ccc(cc1)C1CCCO1C1c2ccccc2N1C,Cn1c(-c2ccc3nccnc3c2)c(-c2cccc(C3CCCO3)c2)c(=O)n1C,Cn1c(-c2ccc3nccnc3c2)c(-c2cccc(C3CCCO3)c2)c(=O)n1C
Cn1c(-c2ccc3nccnc3c2)c(-c2cccc(C3CCCO3)c2)c(=O)n1C,C1c2c(ccc2c1c3c(cccc3)C4CCCO4)C(=O)c1ccc(cc1)C1c2ccc(cc2)n1,C1c2ccccc2C(=O)n1Cn3c(cc4c(cc5c(cc(c(c(c5C4)c3)c6ccccc6)c7ccccc7)C)c2)c1C(=O)C,C1c2c(ccc2c1n1c(-c2ccc3nccnc3c2)c(-c2cccc(C3CCCO3)c2)c(=O)n1C)n1,Cn1c(-c2ccc3nccnc3c2)c(-c2cccc(C3CCCO3)c2)c(=O)n1C
C1c2c(ccc2n1)C3CCCO3c1ccc(cc1)c2c3ccccc3n2C(=O)C1c2c(ccc2n1)C3CCCO3,C1Cn(C(C2=CC=CC=C2)c1c3c(ccc3Nc4c3c(ccc3Nc4c3cccc3)c4nccn4)C(C5CCCO5)c2ccccc2)c1C(=O)n1C,Cn1c(-c2ccc3nccnc3c2)c(-c2cccc(C3CCCO3)c2)c(=O)n1C,Cn1c(-c2ccc3nccnc3c2)c(-c2cccc(C3CCCO3)c2)c(=O)n1C,C1c2c(ccc2n1)c3c(ccc3N)c4ccc(cc4)C5CCCO5C(=O)C1
Cn1c(-c2ccc3nccnc3c2)c(-c2cccc(C3CCCO3)c2)c(=O)n1C,Cn1c(-c2ccc3nccnc3c2)c(-c2cccc(C3CCCO3)c2)c(=O)n1C,Cn1c(-c2ccc3nccnc3c2)c(-c2cccc(C3CCCO3)c2)c(=O)n1C,Cn1c(-c2ccc3nccnc3c2)c(-c2cccc(C3CCCO3)c2)c(=O)n1C,Cn1c(-c2ccc3nccnc3c2)c(-c2cccc(C3CCCO3)c2)c(=O)n1C
C1=CC2=C(C(=O)C1(C3CCC4C(C(C(C(C(C4)C)C)C)C)C)C)C(C5=C(C(C(C(C5)C)C)C)C)C6=C(C(C(C(C6)C)C)C)C(C7=C(C(C(C(C7)C,C1=CC2=C(C(=O)C3=CC=CC=C3)C(=O)C1(C4=C5C=CC(=C5)C(C(C(C(C(C4)C)C)C)C)C)C6=C7C(=O)N(C8=C9C=CC(=C9)C(C(C(C(C(C,C1=Oc1c(c(c2cccc(c3CCCO3)c2)c1)c1c2ccc3nccnc3c2)n2n1CC2,C1=CC2=C(C(=O)C3=C(C(C(C(C3)C)C)C)C)C(C1)C2=C1C(C(=O)C2=C(C(C(C(C2)C)C)C)C)C(C1)C1=C(C(C(C(C1)C)C)C)C1=C(C,O=C1c2ccccc2C(=O)c1-c2ccc3c(c4ccc(cc4)Nc5c6ccccc6Nc5)n3)C2CCC2
Cn1c(-c2ccc3nccnc3c2)c(-c2cccc(C3CCCO3)c2)c(=O)n1C,Cn1c(-c2ccc3nccnc3c2)c(-c2cccc(C3CCCO3)c2)c(=O)n1C,Cn1c(-c2ccc3nccnc3c2)c(-c2cccc(C3CCCO3)c2)c(=O)n1C,C1c2c(ccc2c1N)c3c(ccc3N)C4CCCO4C(=O)C5CCCC5,Cn1c(-c2ccc3nccnc3c2)c(-c2cccc(C3CCCO3)c2)c(=O)n1C
Cn1c(-c2ccc3nccnc3c2)c(-c2cccc(C3CCCO3)c2)c(=O)n1C,C1c2c(ccc3c(n1)c(n3c2)C)c4c3c(ccc4c2c1)C(=O)C2c3c(ccc3c2C)c4ccccc4C,Cn1c(-c2ccc3nccnc3c2)c(-c2cccc(C3CCCO3)c2)c(=O)n1C,Cn1c(-c2ccc3nccnc3c2)c(-c2cccc(C3CCCO3)c2)c(=O)n1C,Cn1c(-c2ccc3nccnc3c2)c(-c2cccc(C3CCCO3)c2)c(=O)n1C
C1c2c(cc3c(cc2c1)Nc4nccc(n4)C3)C5=C4C=CC=CC5C(=O)C6CCCO6,C1c2c(c(n1)c3c(ccc4nccc5c4c(ccc5)C)c3n2)c1c(ccc2c1nccc2C)c1c(ccc2c1c(ccc2C)c1c(ccc2c1nccc2C)c1ccc(cc1)c2ccc(cc2)O)c1,Cn1c(-c2ccc3nccnc3c2)c(-c2cccc(C3CCCO3)c2)c(=O)n1C,C1c2c(ccc2c1)c3ccc(cc3)C4CCCO4C(=O)C5CCCN5C1,Cn1c(-c2ccc3nccnc3c2)c(-c2cccc(C3CCCO3)c2)c(=O)n1C
C1c2c(cc3c(c(n1)c(ccc3)C4CCCO4)C(=O)n2)c(cc2c(c(n1)c(ccc2)C3CCCO3)C(=O)n1)c2ccccc2,C1CC1Cn1c(-C2=CC=CC=C2)C(-C2=CC=CC=C2)(C3CCCO3)C(=O)N1C,C1c2c(c(c(n3c1ccc(cc3)Nc4ccccc4)C)c2Nc5ccccc5)C(=O)C6CCCO6,C1c2c(c(n1)c3c(ccc4c3c(ccc(c4c5c(cccc5)C)C)C)C)C(=O)c2C,C1c2c(ccc2c1n1c(ccc1C2C=CC=CC2)c3ccc(cc3)C4CCO4)C(=O)n1c(ccc1C2C=CC=CC2)c3ccc(cc3)C4CCO4
C1c2c(cc3c(c(n3)c2)Nc1c2ccccc2)c4c(ccc4)C5CCCO5C(=O)C2c(ccc2)N,C1c2c(c(c3c(cc4c(c(c(c4n3)c2)C)c1)C)C)C(=O)c2ccc(cc2)N1c2c(cc(c3c(cc4c(c(c(c4n3)c2)C)c1)C)C)C(=O)N1,Cn1c(-c2ccc3nccnc3c2)c(-c2cccc(C3CCCO3)c2)c(=O)n1C,Cn1c(-c2ccc3nccnc3c2)c(-c2cccc(C3CCCO3)c2)c(=O)n1C,C1c2c(cc3c(ccc3n2)c1)c(c(c(c(c2ccc3c(ccc(c3c4ccccc4)c2)c2ccccc2)c1)C(=O))c1ccc(cc1)n1)c1ccccc1
C1c2c3c(cc2c1)c4ccc(cc4)c5ccc(cc5)C(=O)Nc6ccccc6Nc7ccccc7Oc8ccccc8=O,CC(=O)c1ccccc1-c1ccccc1-c1ccccc1C(=O)N1CC(=O)N(c2ccccc2-c2ccccc2)C1,CC(=O)c1ccccc1-c1ccccc1-c1ccccc1C(=O)N1CC(=O)N(c2ccccc2-c2ccccc2)C1,C1c2c(cc3c(ccc(cc3)c2)c1)C1c2ccc(cc2)N(C2=CC=CC=C2)C(=O)C2=CC=CC=C2C1=O,C1c2c(ccc2c2ccc(cc2)C(=O)Nc1ccc(cc1)c2ccc(cc2)C(=O)Nc1ccccc1)c2ccccc2
C1c2c(cc3c(ccc(cc3)C(=O)N2)C1)C1c(cccc1N1C(=O)C2=CC=CC=C2)C1=CC=CC=C1,C1c2ccccc2c3ccc(cc3)C4=Oc5ccccc5N4c6ccccc6N1c7ccccc7C8=Oc9ccccc9N8c1c1ccccc1C(=O)N2c3ccccc3c4ccccc4c5ccccc5C(=O)N,C1c2ccccc2-c2ccc(=O)n2c1-c1ccc(cc1)c1ccc(cc1)c1ccc(cc1)c1ccc(cc1)c1ccc(cc1)c1ccc(cc1)c1ccc(cc1)c1ccc(cc1)c1ccc(cc1)c1ccc(cc1)c1ccc(cc1)c1ccc(cc1)c1ccc(cc,Cn1c(-c2ccccc2-c2ccccc2-c2ccccc2)c2ccc(=O)n-2c(=O)c2ccccc2c1=O,Cn1c(-c2ccccc2-c2ccccc2-c2ccccc2)c2ccc(=O)n-2c(=O)c2ccccc2c1=O
C1=CC2=C(C(=O)C1)C1=CC=C(C=C1)C1=CC=CC2=C1C1=CC=CC2=C1C1=CC=CC2=C1C1=CC=CC2=C1C1=CC=CC2=C1C1=CC=CC2=C1C1=CC,C1=CC(=O)C2(C3C(C4C(C5C(C(C(C(C(C(C(C(C(C(C(C(C(C(C(C(C(C(C(C(C(C(C(C(C(C(C(C(C(C(C(C(C(C(C(C(C(C(C(C(C(C(C(C(C(C(C(C(C(C(C(C(C(C(C(C(C(C(C(C(C(C(C,C1=CC2=C(C(C(=O)C3=CC=CC=C3)C1)C1=CC=CC=C1C2=C(C(=O)C3=CC=CC=C3)C1=C2N=CC3=C(C(=O)C4=CC=CC=C4)N=CC5=C3C(C(=O),C1=CC(=O)C2=C(C3=C(C=CC4=C3C(C(C(C(C(C(C4)C)C)C)C)C)C)C=C5C6=C(C=CC(=C6)C(C(C(C(C(C(C5)C)C)C)C)C)C)C=C6C7=C,C1=CC(=O)C2=C(C=C(C3=C(C=C(C4=CC(=O)N(C5=C(C=C(C(=O)N(C6=C(C=C(C(=O)N(C7=C(C=C(C(=O)N(C8=C(C=C(C(=O)N(C9=C(C=C(C(=O)N(C1CC2)
C1c2c(ccc2c2ccccc2)c2ccc(=O)n2c1ccc1c2ccc(=O)c1ccc(cc1)c2ccc(=O)n2c1ccc(cc1)c2ccc(=O)c1ccc(cc1)c2ccc(=O)n2c1ccc(cc1)c2ccc(=O)c1ccc(cc1)c2,C1c2c(c(c(c(c(c2c1)c1c(cccc1)c1ccc(cc1)N1C(=O)C(=O)C2CCCCC2C1)C1=O)c2ccc(cc2)N2C(=O)C(=O)C2CCCCC2C1)C1=O)c1ccc(cc1,Cn1c(c2ccccc2-c2ccccc2-c2ccccc2)c2ccc(=O)n2c1=Oc2ccccc2c1ccc(=O)n1c2ccccc2c(=O)c2ccccc2,CN1C(=O)C(c2cccc(C3CCCO3)c2)=C(c2ccc3nccnc3c2)C1N1Cc2ccccc2C1,C1c2c(c3c(ccc3)c1c1c(ccc1)c1c(ccc1)c1c(ccc1)c1ccc(cc1)c1c(ccc1)c1ccc(cc1)c1c(cccc1)c1ccc(cc1)c1ccc(cc1)c1ccc(cc1)c1ccc(cc1)c1ccc(cc1)c1
C1c2c(c(c(n1)c3c(ccc3n2)c4c(ccc4C5CCCO5)c2)c1)c(c(c(c2c(c(c(c2)C(=O))C)N)C)C)N,C1c2ccccc2c1c3c(ccc3N)Nc1ccc(cc1)C1CCCO1C(=O)c1ccc(cc1)N1C,Cn1c(-c2ccc3nccnc3c2)c(-c2cccc(C3CCCO3)c2)c(=O)n1C,C1c2c(ccc2c1)C1c(cc(cc1)C2CCCO2)C(=O)N1C2c(cccc2)N(C1)C,Cn1c(-c2ccc3nccnc3c2)c(-c2cccc(C3CCCO3)c2)c(=O)n1C
Cn1c(-c2ccccc2-c2ccccc2-c2ccccc2)c2ccc(=O)n2c(=O)c2ccccc2c1=O,C1c2c3c(c(c(c4c(c(c(c(c4C(=O)N(C3=O)C(=O)C2=O)c2ccccc2)C2=O)c2ccc(cc2)C2=O)c2ccc(cc2)C2=O)C1=O)c1ccccc1N3C(=O,Cn1c(-c2ccccc2-c2ccccc2-c2ccccc2)c2ccc(=O)n2c(=O)c2ccccc2c1=O,C1c1c(ccc1c1ccc(cc1)c1ccc(cc1)c1ccc(cc1)c1ccc(cc1)c1c(cccc1)c1ccc(cc1)c1ccc(cc1)c1ccc(cc1)c1c(cccc1)c1ccc(cc1)c1ccc(cc1)c1ccc(cc1)c1ccc(cc1)c1ccc(cc1,C1c2ccccc2-c2ccccc2-c2ccccc2-c2ccc(=O)n1-c2ccc(=O)n2-c2ccc(=O)c2-c1=O
Cn1c(-c2ccc3nccnc3c2)c(-c2cccc(C3CCCO3)c2)c(=O)n1C,Cn1c(-c2ccc3nccnc3c2)c(-c2cccc(C3CCCO3)c2)c(=O)n1C,C1c2c(ccc2nc1)c3c(ccc3Nc1ccc(cc1)C3CCCO3)c1ccc(cc1)C(=O)n1C,Cn1c(-c2ccc3nccnc3c2)c(-c2cccc(C3CCCO3)c2)c(=O)n1C,Cn1c(-c2ccc3nccnc3c2)c(-c2cccc(C3CCCO3)c2)c(=O)n1C
Cn1c(-c2ccc3nccnc3c2)c(-c2cccc(C3CCCO3)c2)c(=O)n1C,"""CCn1c(-c2ccc3nccnc3c2)c(-c2cccc(C3CCCO3)c2)c(=O)n1C""",C1c2ccccc2N1C(=O)c1ccc(cc1)C1CCCO1c1ccc(cc1)C1CCCO1c1ccc(cc1)C1CCCO1,C1c2c(ccc2c1N)C1c2c(ccc2c1N)C(=O)C1c2c(ccc2c1N)C1c2c(ccc2C3CCCO3)c1N,C1c2c(cccc2c1)C1c2c(cccc2c1)C(=O)n1c2c(cccc2c1)c3c(ccc3)C(C)COc3ccccc3C1C2C3C4C5C(C(C(C(C5C4C3C2C1)O)O)
Cn1c(-c2ccc3nccnc3c2)c(-c2cccc(C3CCCO3)c2)c(=O)n1C,Cn1c(-c2ccc3nccnc3c2)c(-c2cccc(C3CCCO3)c2)c(=O)n1C,Cn1c(-c2ccc3nccnc3c2)c(-c2cccc(C3CCCO3)c2)c(=O)n1C,C1c2c(ccc2n1)C1c2ccc(cc2)C1(C(C)CCO)C1=OCCC1,C1c2c3c(c(c4c(c(c(c(c4n3)C)C)c5ccccc5)C)C)C(=O)N1c2c3c(c(c4c(c(c(c4n3)C)C)c5ccccc5)C)C
C1c2c(ccc2n1)C3=CC=CC=C3C(=O)c4ccc(cc4)C5CCC6N(C)C(=O)N(C)C6C5,C1Cn(C(C(=O)C2=CC=CC=C2)C3=CC=CC=C3)C4=C1N(C(C(C(C(C(C(C(C(C(C(C(C(C(C(C(C(C(C(C(C(C(C(C(C(C(C(C(C(C(C(C(C(C(C(C(C(C(C(C(C(C(C(C(C(C(C(C(C,Cn1c(-c2ccc3nccnc3c2)c(-c2cccc(C3CCCO3)c2)c(=O)n1C,Cn1c(-c2ccc3nccnc3c2)c(-c2cccc(C3CCCO3)c2)c(=O)n1C,C1c2c(ccc2c3c(ccc(n3)c4ccccc4)C)c1c1ccccc1C(=O)C1CCCO1
C1c2c(ccc2c3c(cc4c(cc3c1N(C(=O)C4)C)C)C)C)C(=O)N1C,C1c2c(ccc2c3c(ccc3n1)C4CCCO4)nc1c(ccc1C2)c3ccccc3C(=O)n2,C1c2c(ccc2c1n1c(-c2ccc3nccnc3c2)c(-c2cccc(C3CCCO3)c2)c(=O)n1)C,Cn1c(-c2ccc3nccnc3c2)c(-c2cccc(C3CCCO3)c2)c(=O)n1C,Cn1c(-c2ccc3nccnc3c2)c(-c2cccc(C3CCCO3)c2)c(=O)n1C
Cn1c(-c2ccc3nccnc3c2)c(-c2cccc(C3CCCO3)c2)c(=O)n1C,C1c2c3c(cc2c1c(cc3)C4CCCO4)C5CCCO5C(=O)N1C,C1c2c(ccc2c3c(ccc3n1)Nc4ccccc4)C5(C(C(C(C(C5)O)C)C)C)c2ccccc2=C1N,Cn1c(-c2ccc3nccnc3c2)c(-c2cccc(C3CCCO3)c2)c(=O)n1C,Cn1c(-c2ccc3nccnc3c2)c(-c2cccc(C3CCCO3)c2)c(=O)n1C
C1=CC2=C(C(=O)C3=C(C(C(C(C3)C)C)C)C)C(=O)C4=C(C(C(C(C4)C)C)C)C(=O)N5=C1N(C6=C(C(=C(C(=C6)C)C)C)C)C(=O)N(C,C1=CC(=O)C2=C(C3=C(C4=C(C5=C(C(C(C(C(C(C(C(C(C(C(C(C(C(C(C(C(C(C(C(C(C(C(C(C(C(C(C(C(C(C(C(C(C(C(C(C(C(C(C(C(C(C(C(C(C(C(C(C(C(C(C(C(C(C(C(C(C(C(C(C(C,C1=Oc1c(cc2c(cc3c(cc(C4CCCO4)c2)c3)cc3)c(c2c(cc3c(cc(C4CCCO4)c2)c3)nc2n1CCC2)CCC2,O=c1c(c2cccc(C3CCCO3)c2)c(-c2ccc3nccnc3c2)n2n1CCC2,C1=CC2=C(C(=O)C3=CC=CC=C3)C1C4=C2C5=C3C=CC(=C(C=C3C4)C5)N4C1=CC=CC=C1N2C1=CC=CC=C1N3C2=CC=CC=C3C4CCC4
C1c2ccccc2c1-c1c2cccnc2c1ccc(=O)c1c(=O)c2ccccc2c1cccnc2c1ccc(=O)c1=O,C1c2ccccc2c1-c2ccccc2-c2ccccc2-c2cccnc2-c2ccc(=O)n2-c2ccccc2-c2ccc(=O)c1=O,C1c2c(c(c3c(ccc(c3)c4ccccc4)cc3c(ccc3)c4ccccc4)c1c1ccccc1)C(=O)Nc2ccc(cc2=O)N1c2ccccc2=O,C1c2ccccc2-c2ccc(=O)n2c(=O)c2ccccc2c1=Oc1ccccc1Nc2ccccc2C(=O)O,C1c(c2ccccc2-c2ccccc2-c2ccccc2)c1c1ccc(cc1)c1ccc(cc1)c1c(cccc1)c1ccc(cc1)O1=Cc2ccccc2O2C1=O
C1c2c(cc3nccc(c3c2)c1)c(-c2ccccc2)c(-c2ccccc2)c(=O)n1C,C1Cn(C(C2=CC=CC=C2)c1)c1c(-c2ccc3nccnc3c2)c(-c2cccc(C3CCCO3)c2)c(=O)n1C,Cn1c(-c2ccc3nccnc3c2)c(-c2cccc(C3CCCO3)c2)c(=O)n1C,C1c2ccccc2c1c3c(ccc3N)C4CCCO4C(=O)C5C6C(C(C(C(C5)C)C)C)N6,C1c2c(ccc2c3c(ccc3c4c(ccc4Nc5c(ccc5N)C(=O))c2c(ccc2N)c3ccc(cc3)C1)C(=O)N1c2c(ccc2c3c(ccc3Nc4c(ccc4N)C(=O))
Cn1c(-c2ccc3nccnc3c2)c(-c2cccc(C3CCCO3)c2)c(=O)n1C,C1c2c(ccc2c1)Nc3ccc(cc3)Nc1ccc(cc1)C(=O)c2ccc(cc2)C3CCCO3C,C1c2c(c(n1)C(=O)C1c2c(cc3c(cc4c(cc(cc4c3)C)C)C)C)C(=O)c1ccc(cc1)C1CCCO1,Cn1c(-c2ccc3nccnc3c2)c(-c2cccc(C3CCCO3)c2)c(=O)n1C,C1c2c(ccc2c3c(ccc3c4ccc5c(ccc5c6ccccc6)cc4)C)c(=O)n1Cn1c2c(ccc2c3c(ccc3c4ccc5c(ccc5c6ccccc6)cc4)C)c(=O)n1C
C1c2ccccc2N(C1)C1c2ccccc2N(C1)c1ccc(cc1)C1CCCO1C(=O)C1C2C3C(C(C(C(C3)C)C)C)C(C(C(C2)C)C)C2C(=O)C3C(C(C(C3)C,C1c2ccccc2C(=O)n1C1c2c(ccc2)C(=O)n1c2ccccc2C1c2ccc(cc3c2c(n3)C(=O)N1)C(=O)N1,C1c2c(cc3nccnc3c2)c1c1c(cc2c(cc3c(cc4c(cc5c(ccnc5c3c(ccc4)c2)c)c)c)c1)c2c(cc3c(cc4c(cc5c(ccnc5c3c(ccc4)c2)c)c)c1)c(=O)n1C,Cn1c(-c2ccc3nccnc3c2)c(-c2cccc(C3CCCO3)c2)c(=O)n1C,Cn1c(-c2ccc3nccnc3c2)c(-c2cccc(C3CCCO3)c2)c(=O)n1C
Cn1c(-c2ccc3nccnc3c2)c(-c2cccc(C3CCCO3)c2)c(=O)n1C,Cn1c(-c2ccc3nccnc3c2)c(-c2cccc(C3CCCO3)c2)c(=O)n1C,C1c2c(cc3c(c(c(c(n1c4c(ccc5c4nccn5)c4c(ccc(c4n1)C(=O))c4)C(=O))c2)C(=O))c3c(ccc3n2)c2ccc(cc2)c3ccccc3)c4c(ccc4C(=O,C1c2ccccc2N1C1c2ccccc2N1c2ccc3c(Nc3c2)Nc2ccccc2C(=O)C1,C1c2c(ccc2c1)C3CCCO3c4ccc(cc1)cc4c5ccc(cc3)nc6c(cc(c(c(c6N3)C)C)C)C(=O)N1C
C1c2c(c(c(c(c1c(c(n2)c3ccc(cc3)nc1)C)c4ccc(cc4)C)c5ccc(cc5)C)c6ccccc6C(=O)C1C,Cn1c(-c2ccc3nccnc3c2)c(-c2cccc(C3CCCO3)c2)c(=O)n1C,C1c2c(ccc2n1)c3c(ccc3n1)c4ccc(cc4)C(=O)c1c(ccc1n1)c2ccc(cc2)C(=O)n1C,Cn1c(-c2ccc3nccnc3c2)c(-c2cccc(C3CCCO3)c2)c(=O)n1C,Cn1c(-c2ccc3nccnc3c2)c(-c2cccc(C3CCCO3)c2)c(=O)n1C
C1c2c(c(n1)c3ccc(cc3)n2)C4(C5CCCO5)c6ccccc6C4(=O)C,Cn1c(-c2ccc3nccnc3c2)c(-c2cccc(C3CCCO3)c2)c(=O)n1C,C1CC1n1c(-c2ccc3nccnc3c2)c(-c2cccc(C3CCCO3)c2)c(=O)n1C,Cn1c(-c2ccc3nccnc3c2)c(-c2cccc(C3CCCO3)c2)c(=O)n1C,Cn1c(-c2ccc3nccnc3c2)c(-c2cccc(C3CCCO3)c2)c(=O)n1C
Cn1c(-c2ccc3nccnc3c2)c(-c2cccc(C3CCCO3)c2)c(=O)n1C,C1CC1Cn1c(-c2ccc3nccnc3c2)c(-c2cccc(C3CCCO3)c2)c(=O)n1C,C1Cn(c2ccc3nccnc3c2)c(-c2cccc(C3CCCO3)c2)c(=O)n1C,C1c2c(cc3c(ccc3n2)C4CCCO4)C1c2c(cc3c(ccc3n2)C4CCCO4)c(=O)n1C,Cn1c(-c2ccc3nccnc3c2)c(-c2cccc(C3CCCO3)c2)c(=O)n1C
C1c2c(ccc2n1)C1c2ccccc2N1C(=O)C1c2ccccc2C1CCCO1C1c2ccc(cc2)N1C(=O)C1c2ccccc2C1CCCO1,Cn1c(-c2ccc3nccnc3c2)c(-c2cccc(C3CCCO3)c2)c(=O)n1C,C1c2c(cc3c(c2n1)Nc4c3ccc(cc4)C)C5CCCC5C(=O)N1C2c1ccccc2,Cn1c(-c2ccc3nccnc3c2)c(-c2cccc(C3CCCO3)c2)c(=O)n1C,C1c2c(ccc2n1)c3c(ccc3N)C4CCCO4c5ccccc5C(=O)C1
CN1C(=O)C(c2cccc(C3CCCO3)c2)=C(c2ccc3nccnc3c2)C1N1Cc2ccccc2C1,CN1C(=O)C(c2cccc(C3CCCO3)c2)=C(c2ccc3nccnc3c2)C1N1Cc2ccccc2C1,CN1C(=O)C(C2CCCC(C3CCCO3)C2)=C(C2ccc3Nc3c2Nc2c3cccc2)C1N1C2ccccc2C1,CC(=O)C1(C(C2=CC=CC=C2)C3=CC=CC=C3)C(C4=CC=CC=C4)C1(C5=CC=CC=C5)C1=CC=CC=C1N1C=CC=C2C(=O)N(C(C)C)C2=C1N(C(C)C,CN1C(=O)C(c2cccc(C3CCCO3)c2)=C(c2ccc3nccnc3c2)C1N1Cc2ccccc2C1
C1c2c(ccc2c1)c3c(ccc3c1c(c(n1c2ccccc2)c(=O)n1C)c1c(cccc1)c1ccc(cc1)c1ccc(cc1)c1ccc(cc1)c1ccc(cc1)c1ccc(cc1)C)C,Cn1c(-c2ccc3nccnc3c2)c(-c2cccc(C3CCCO3)c2)c(=O)n1C,Cn1c(-c2ccc3nccnc3c2)c(-c2cccc(C3CCCO3)c2)c(=O)n1C,C1c2c(c(c3c(c(ccc3)C4CCCO4)C)C)C(=O)N2C1,Cn1c(-c2ccc3nccnc3c2)c(-c2cccc(C3CCCO3)c2)c(=O)n1C
C1c2c(ccc2n1)C3=CC=CC=C3C(=O)c1ccc(cc1)Nc1ccc(cc1)Nc1ccc(cc1)C2=CC=CC=C2C3CCCO3,Cn1c(-c2ccc3nccnc3c2)c(-c2cccc(C3CCCO3)c2)c(=O)n1C,C1c2c(c(c(c(c1Nc2c3ccc(cc3)Nc2c4ccc(cc4)Nc2c5ccc(cc5)O)C1=O)C2CCCO2)C1=O)N1,C1c2c(ccc2n1)C1c(cccc1)C1C(C(C(C(C(=O)C1)C2CCCO2)C3C(C(C(C(C(=O)C3)C4CCCC4)C5CCCO5)C6CCCO6)C7CCCO7)C8CCCO8)C,Cn1c(-c2ccc3nccnc3c2)c(-c2cccc(C3CCCO3)c2)c(=O)n1C
Cn1c(-c2ccc3nccnc3c2)c(-c2cccc(C3CCCO3)c2)c(=O)n1C,Cn1c(-c2ccc3nccnc3c2)c(-c2cccc(C3CCCO3)c2)c(=O)n1C,Cn1c(-c2ccc3nccnc3c2)c(-c2cccc(C3CCCO3)c2)c(=O)n1C,Cn1c(-c2ccc3nccnc3c2)c(-c2cccc(C3CCCO3)c2)c(=O)n1C,Cn1c(-c2ccc3nccnc3c2)c(-c2cccc(C3CCCO3)c2)c(=O)n1C
Cn1c(-c2ccc3nccnc3c2)c(-c2cccc(C3CCCO3)c2)c(=O)n1C,Cn1c(-c2ccc3nccnc3c2)c(-c2cccc(C3CCCO3)c2)c(=O)n1C,Cn1c(-c2ccc3nccnc3c2)c(-c2cccc(C3CCCO3)c2)c(=O)n1C,Cn1c(-c2ccc3nccnc3c2)c(-c2cccc(C3CCCO3)c2)c(=O)n1C,C1c2c(ccc2c3c(ccc4c(cc3c1)c(cc4Nc5c(ccc(cc5)C(=O)N)C)C)C)C(=O)N
C1c2c(c(c(c1Nc2c3c(ccc3)Nc2c4c(ccc4)Nc2c5c(ccc5)Nc2c6c(ccc6)Nc2c7c(ccc7)Nc2c8c(ccc8)Nc2c9c(ccc9)N,Cn1c(-c2ccc3nccnc3c2)c(-c2cccc(C3CCCO3)c2)c(=O)n1C,C1c2c(ccc2c1)c3ccc(cc3)Nc1c(ccc1C)c2ccc(cc2)C(=O)N1c2ccc(cc2)c1C,C1c2c(ccc2n1)C3=CC=CC3C(=O)C1c2ccccc2N1C(=O)N3C2=CC=CC=C2C3,Cn1c(-c2ccc3nccnc3c2)c(-c2cccc(C3CCCO3)c2)c(=O)n1C
C1c2ccccc2n1C1c(ccc1C2C=CC(=O)N2)C3C4CC(C(C(C(O4)C)C)C)C5CC(=O)N5C1C(=O)N(C(C(C(O1)C)C)C)C,C1c2c(ccc2n1)C1c2c(ccc2n1)C(=O)C1c2ccc3c(c2C3)C(C(C)O)C3,Cn1c(-c2ccc3nccnc3c2)c(-c2cccc(C3CCCO3)c2)c(=O)n1C,Cn1c(-c2ccc3nccnc3c2)c(-c2cccc(C3CCCO3)c2)c(=O)n1C,Cn1c(-c2ccc3nccnc3c2)c(-c2cccc(C3CCCO3)c2)c(=O)n1C
C1=CC(=C(C(=O)C2=CC(=C(C(=O)C2(C(C(C3C=CC(=C3)C4CCCO4)C5CC(=O)C6CC(=O)C7(C(=C(C(=O)C7)C6)C)C)C)C)C)C)C),C1=CC(=C(C=C1)C2=CC(=O)C3(C(C(C(C3(C2)C)C)C)C)C)C4=CC=CC=C4)C5=CC=CC=C5N6C=CC=CC6,C1CCC2=CC=CC2C3=CC=CC=C3C1C(=O)C1CCC2=CC=CC=CC2C1C(=O)C1CCC2=C=CC=CC2C1,C1=CC=C(C=C1)C1=CC=C(C=C1)Nc1ccccc1C1=CC=CC(=O)C1(C(C)C)C(C)C1,C1=CC=CC=C1C1=CC=CC=C1C1=CC=CC=C1C1=CC=CC=C1C1=CC=CC=C1C1=CC=CC=C1C1=CC=CC=C1C1=CC=CC=C1C1=CC=CC=C1C1=CC=CC=C1
CN1C(=O)C(c2cccc(C3CCCO3)c2)=C(c2ccc3nccnc3c2)C1N1Cc2ccccc21,C1CCN1C(=O)C(c2cccc(C3CCCO3)c2)=C(c2ccc3nccnc3c2)C1N1Cc2ccccc2C1,CN1C(=O)C(c2cccc(C3CCCO3)c2)=C(c2ccc3nccnc3c2)C1N1Cc2ccccc21,CN1C(=O)C(c2cccc(C3CCCO3)c2)=C(c2ccc3nccnc3c2)C1N1Cc2ccccc21,CN1C(=O)C(c2cccc(C3CCCO3)c2)=C(c2ccc3nccnc3c2)C1N1Cc2ccccc21
C1c2c(c(c(c(c(c(c(c(c(c(c(c(c(c(c(c(c(c(c(c(c(c(c(c(c(c(c(c(c(c(c(c(c(c(c(c(c(c(c(c(c(c(c(c(c(c(c(c(c(c(c(c(c(c(c(c(c(c(c(c(c(c(c(c(c(c(c(c(c(c(c(c(c(c(c(c,Cn1c(-c2ccccc2-c2ccccc2-c2ccccc2)c2ccc(=O)n2c(=O)c2ccccc2c1=O,C1=CC=C(C(=O)C2CC(C3=CC=CC=C3)C(=O)C3CCCO3)C2=C1Nc1ccc(cc1)c2ccccc2C1=CC=CC=C1,Cn1c(-c2ccccc2-c2ccccc2-c2ccccc2)c2ccc(=O)n2c(=O)c2ccccc2c1=O,C1c2ccccc2C(=O)c3ccccc3Nc4ccccc4C(=O)c5ccccc5C1=Oc6ccccc6N1c7ccccc7C(=O)c8ccccc8C1=O
Cn1c(-c2ccc3nccnc3c2)c(-c2cccc(C3CCCO3)c2)c(=O)n1C,C1c2c(N(C(=O)N1)c3c(Nc4cccc5Nc6ccccc6C(C5)C4)cc3)cc2C(C3CCCO3)c2cccc2,Cn1c(-c2ccc3nccnc3c2)c(-c2cccc(C3CCCO3)c2)c(=O)n1C,C1c2c(ccc2c1)c3c(ccc3)Nc1ccc(cc1)C1C(C(C(C(O1)C)C)O)C,Cn1c(-c2ccc3nccnc3c2)c(-c2cccc(C3CCCO3)c2)c(=O)n1C
Cn1c(-c2ccc3nccnc3c2)c(-c2cccc(C3CCCO3)c2)c(=O)n1C,C1c2c(c(c(n2)C(=O)C1)C1C(C(=O)N1)c1ccc(cc1)C1C(C(=O)N1)c1ccc(cc1)C1CCCO1)c1ccc(cc1)C1CCCO1,Cn1c(-c2ccc3nccnc3c2)c(-c2cccc(C3CCCO3)c2)c(=O)n1C,Cn1c(-c2ccc3nccnc3c2)c(-c2cccc(C3CCCO3)c2)c(=O)n1C,C1c2c(ccc2c1)c1ccc(cc1)C1c2ccc(cc2)c1ccc(cc1)c1ccc(cc1)C1C(=O)C2CCCO2C1
C1c2c(cc1N)C(=O)Nc1ccc(cc1)C2=CC=CC=C2C3CCCO3C(=O)Nc1ccc(cc1)C2=CC=CC=C2,Cn1c(-c2ccc3nccnc3c2)c(-c2cccc(C3CCCO3)c2)c(=O)n1C,Cn1c(-c2ccc3nccnc3c2)c(-c2cccc(C3CCCO3)c2)c(=O)n1C,Cn1c(-c2ccc3nccnc3c2)c(-c2cccc(C3CCCO3)c2)c(=O)n1C,Cn1c(-c2ccc3nccnc3c2)c(-c2cccc(C3CCCO3)c2)c(=O)n1C
Cn1c(-c2ccc3nccnc3c2)c(-c2cccc(C3CCCO3)c2)c(=O)n1C,Cn1c(-c2ccc3nccnc3c2)c(-c2cccc(C3CCCO3)c2)c(=O)n1C,C1c2ccccc2N1C1c2ccccc2N1C1c2ccccc2c1c3c(ccc3Oc2ccccc2)C1C(C(C(C)C)O)C1,C1c(-c2ccc3nccnc3c2)c(-c2cccc(C3CCCO3)c2)c(=O)n1C,Cn1c(-c2ccc3nccnc3c2)c(-c2cccc(C3CCCO3)c2)c(=O)n1C
Cn1c(-c2ccc3nccnc3c2)c(-c2cccc(C3CCCO3)c2)c(=O)n1C,Cn1c(-c2ccc3nccnc3c2)c(-c2cccc(C3CCCO3)c2)c(=O)n1C,Cn1c(-c2ccc3nccnc3c2)c(-c2cccc(C3CCCO3)c2)c(=O)n1C,Cn1c(-c2ccc3nccnc3c2)c(-c2cccc(C3CCCO3)c2)c(=O)n1C,Cn1c(-c2ccc3nccnc3c2)c(-c2cccc(C3CCCO3)c2)c(=O)n1C
Cn1c(-c2ccc3nccnc3c2)c(-c2cccc(C3CCCO3)c2)c(=O)n1C,Cn1c(-c2ccc3nccnc3c2)c(-c2cccc(C3CCCO3)c2)c(=O)n1C,C1c2c(cc3c(c(c(c(c3n2)N)C(=O))C1)C4CCCO4)C(=O)n1ccccc1,C1c2c(ccc2n1)c3c(ccc3c4nccnc4)C5CCCO5C(=O)C,Cn1c(-c2ccc3nccnc3c2)c(-c2cccc(C3CCCO3)c2)c(=O)n1C
Cn1c(-c2ccc3nccnc3c2)c(-c2cccc(C3CCCO3)c2)c(=O)n1C,Cn1c(-c2ccc3nccnc3c2)c(-c2cccc(C3CCCO3)c2)c(=O)n1C,Cn1c(-c2ccc3nccnc3c2)c(-c2cccc(C3CCCO3)c2)c(=O)n1C,Cn1c(-c2ccc3nccnc3c2)c(-c2cccc(C3CCCO3)c2)c(=O)n1C,Cn1c(-c2ccc3nccnc3c2)c(-c2cccc(C3CCCO3)c2)c(=O)n1C
C1CC(C2C=CC=C2C2C=CC=C2C2=C3CN=C3C=C2)=C2C=CC(=O)N2C(C)C1C,C1CC(C2C=CC=C2C2C=CC=C2C2=C3CN=C3C=C2)=C2C=CC(=O)N2C(C)C1C,C1CC(C2C=CC=C2C2=C3CN=C3C=C2)=C2C=CC(=O)N2C(C)C1C,C1CC(C2C=CC=C2C2C=CC=C2C2=C3CN=C3C=C2)=C2C=CC(=O)N2C(C)C1C,C1CC1CC(C2C=CC=C2C2C=CC=C2C2=C3CN=C3C=C2)=C2C=CC(=O)N2C(C)C1C
C1c2c(cc3c(cc2n1)Nc4c(cc5c(cc4C3)C(C(C)C)O)C5)C(=O)N1C,C1c2c3c(cc2n1)C4(C(C(C(C4)C)C)c5ccccc5)c6ccccc6C(=O)C3c2ccccc2n3,C1c2c(ccc2c1)c3ccc(cc3)C4CCCO4C(=O)C5CCCO5C2=C1,Cn1c(-c2ccc3nccnc3c2)c(-c2cccc(C3CCCO3)c2)c(=O)n1C,Cn1c(-c2ccc3nccnc3c2)c(-c2cccc(C3CCCO3)c2)c(=O)n1C
C1Cn2c(=O)c3ccc(cc3)c4ccc(cc4)c5ccccc5c6ccccc6c7c(cc(c8ccc(cc8)C(=O)N7)C(=O)N6)C(=O)N2C(=O)C1=O,C1c2c(cc3c(cc(cc3c2c(cc3c(cc(cc3c2c(cc3c(cc(cc3c2c(cc3c(cc(cc3c2c(cc3c(cc(cc3c2c(cc3c(cc(cc3c2c(cc3c(cc(cc3c2c(cc3c(cc(cc3c2c(cc3c,C1c2ccccc2-c2ccccc2-c2ccccc2-c2ccc(=O)n1-c2ccccc2-c2ccc(=O)n1-c2ccc(=O)c1=O,C1c2c(ccc2N1)c3c(cccc3)C4=CC(=O)N4c5ccc(cc5)C6=CC(=O)N6c7ccccc7C1c2c(ccc2N1)c3c(cccc3)C4=CC(=O)N4c5ccc(cc5)C6,C1c2c(ccc2c2ccc(cc2)C(=O)Nc1ccc(cc1)C(=O)N2)c1ccc(cc1)C(=O)Nc2ccc(cc2)C(=O)c1ccc(cc1)C(=O)N2
C1c2c(ccc2n1)c3ccc(cc3)C4CCCO4C(=O)C5CCCO5C1,C1c2ccccc2C(=O)n1c1ccccc1C1C(=O)c2ccccc2N1C(=O)c3ccccc3C1Nc2ccccc2C(=O)n1C1C(=O)c2ccc(cc2)C1C(=O)c2ccccc2C1C(=O)c2ccccc,Cn1c(-c2ccc3nccnc3c2)c(-c2cccc(C3CCCO3)c2)c(=O)n1C,Cn1c(-c2ccc3nccnc3c2)c(-c2cccc(C3CCCO3)c2)c(=O)n1C,Cn1c(-c2ccc3nccnc3c2)c(-c2cccc(C3CCCO3)c2)c(=O)n1C
C1=CC=CC2=C1C(=O)Nc3c4c(ccc4Nc5c3ccc(cc5)C6CCCO6)C(=O)Nc7c2ccc(cc7)N2,C1=CC2=C(C(=O)C3=C(C4=C(C=CC5=C4C6=C(C=CC7=C6C8=C(C=CC8=C(C(=O)C9=C(C=CC5=C9C1C(C(C(C(C(C(C(C(C(C(C(C(C(C(C(C(C(C(C(C(C(C(C(C(C(C,C1=CC2=C(C(=O)C3=C(C=CC=C3)C=CC=C2)C(=O)C4=C(C=CC=C4)C=CC1=N5C=CC(=C5)N6C=CC(=C6)N1CCC2,C1=CC2=C(C(=O)C3=CC=CC=C3)C1=CC(=O)C4=C5C=CC(=C(C=C5C6CC(=O)N(C(C(=O)N6)C)C)C)N(C7=C(C(=O)N(C(C(=O)N7)C)C),C1=CC(=O)C2=C1C(C3=CC=CC=C3)C4=CC(=O)N(C5=C4C=CC=C5)N(C6=CC=CC=C6)N2C3CCC(C(C(C(C(C3)O)O)O)O)C2
C1CC1Cn1c(=O)c(-c2cccc(C3CCCO3)c2)c(-c2ccc3nccnc3c2)n1,C1c2c(cc3c(cc2c1N)Nc3c1ccc(cc1)C2CCCO2)C(=O)N1c2c(cc3c(cc2c1N)Nc3c1ccc(cc1)C2CCCO2)C1=C(N)N,C1CC1Cn1c(=O)c(-c2cccc(C3CCCO3)c2)c(-c2ccc3nccnc3c2)n1C1CC1,Cn1c(=O)c(-c2cccc(C3CCCO3)c2)c(-c2ccc3nccnc3c2)n1C1CC1,Cn1c(=O)c(-c2cccc(C3CCCO3)c2)c(-c2ccc3nccnc3c2)n1C1CC1
Cn1c(-c2ccc3nccnc3c2)c(-c2cccc(C3CCCO3)c2)c(=O)n1C,C1c2c(ccc2n1)C1c2c(ccc2n1)C(=O)c1ccc(cc1)C1CCCO1,C1c2c(ccc2n1)C3c(ccc4nccc(n4)c3)C(=O)c5ccccc5C,Cn1c(-c2ccc3nccnc3c2)c(-c2cccc(C3CCCO3)c2)c(=O)n1C,Cn1c(-c2ccc3nccnc3c2)c(-c2cccc(C3CCCO3)c2)c(=O)n1C
C1CCC(C2C=CC=C2C2C=CC=C2C2=C3CN=C3C=C2)=C2C=CC(=O)N2C1C,C1CCC(C2C=CC=C2C2C=CC=C2C2=C3CN=C3C=C2)=C2C=CC(=O)N2C1C,C1CCC(C2C=CC=C2C2C=CC=C2C2=C3CN=C3C=C2)=C2C=CC(=O)N2C1C,C1CC(C2C=CC=C2C2C=CC=C2C2=C3CN=C3C=C2)=C2C=CC(=O)N2C(C)C1C,CC1CCC(C2C=CC=C2C2C=CC=C2C2=C3CN=C3C=C2)=C2C=CC(=O)N2C1C
Cn1c(-c2ccc3nccnc3c2)c(-c2cccc(C3CCCO3)c2)c(=O)n1C,Cn1c(-c2ccc3nccnc3c2)c(-c2cccc(C3CCCO3)c2)c(=O)n1C,C1c2c(ccc2n1)c3c(ccc3N)c4c(ccc4N)C(=O)c5ccccc5C,Cn1c(-c2ccc3nccnc3c2)c(-c2cccc(C3CCCO3)c2)c(=O)n1C,Cn1c(-c2ccc3nccnc3c2)c(-c2cccc(C3CCCO3)c2)c(=O)n1C
CC1CCCC(C2=C(C=CC=C2C2=C(C=CC=C2)C2=C(C=CC=C2)C2=C(C=CC=C2)C=CC(=O)N2)C=CC(=O)N21,C1CC(C(C2C=CC=C2C2C=CC=C2C2=C3CN=C3C=C2)=C2C=CC(=O)N21,CC1CCCC(C2C=CC=C2C2C=CC=C2C2=C3CN=C3C=C2)=C2C=CC(=O)N21,CC1CCCC(C2C=CC=C2C2C=CC=C2C2=C3CN=C3C=C2)=C2C=CC(=O)N21,CC1CCCC(C2C=CC=C2C2C=CC=C2C2=C3CN=C3C=C2)=C2C=CC(=O)N21
Cn1c(-c2ccc3nccnc3c2)c(-c2cccc(C3CCCO3)c2)c(=O)n1C,C1c2c(c3c(ccc3n1)c4c(ccc4n2)c5c(ccc5O)C(C6CCCO6)c2)n1C,C1c2c(c(n3c(ccc4c(cccc4)C(C)C)C3)C(=O)N2)C1c1ccc(cc1)N1C(=O)N(C2C=CC=CC2)C1,C1c2c(ccc2n1)c3ccc(cc3)C4CCCO4C(=O)c5ccc(cc5)C6CCCO6c7ccccc7n3,C1c2c(ccc2n1)c3c(ccc3n3)c4c(ccc4C5CCC5)C(=O)c5ccc(cc5)C
Cn1c(-c2ccc3nccnc3c2)c(-c2cccc(C3CCCO3)c2)c(=O)n1C,Cn1c(-c2ccc3nccnc3c2)c(-c2cccc(C3CCCO3)c2)c(=O)n1C,C1c2c(ccc2c1n1c(cc(cc1N)C)c1ccc(cc1)C)c1ccc(cc1)Cn1c(cc(cc1N)C)c1ccc(cc1)C(=O)C,C1c2c3c(cc1N)Nc2c(cc3)C(=O)C1c2ccc(cc3c2c(cc(c3)C)C)C(=O)N1C,Cn1c(-c2ccc3nccnc3c2)c(-c2cccc(C3CCCO3)c2)c(=O)n1C
C1c2c(cc3c(c2n1)Nc4c3ccc(cc4)C5CCCO5)C(=O)Nc6c(cc(c7c(cc(cc7)C8CCO8)C)C)Nc6C,C1c2c(N(C1)C(=O))c3c(ccc3C2)C4CCCO4,Cn1c(-c2ccc3nccnc3c2)c(-c2cccc(C3CCCO3)c2)c(=O)n1C,C1CC(C2C=CC=C2C2C=CC=C2C2=C3CN=C3C=C2)=C2C=CC(=O)N2C(C)C1C,Cn1c(-c2ccc3nccnc3c2)c(-c2cccc(C3CCCO3)c2)c(=O)n1C
C1c2c(c(c(c(c(c(c(c(c(c(c(c(c(c(c(c(c(c(c(c(c(c(c(c(c(c(c(c(c(c(c(c(c(c(c(c(c(c(c(c(c(c(c(c(c(c(c(c(c(c(c(c(c(c(c(c(c(c(c(c(c(c(c(c(c(c(c(c(c(c(c(c(c(c(c(c,Cn1c(-c2ccc3nccnc3c2)c(-c2cccc(C3CCCO3)c2)c(=O)n1C,Cn1c(-c2ccc3nccnc3c2)c(-c2cccc(C3CCCO3)c2)c(=O)n1C,Cn1c(-c2ccc3nccnc3c2)c(-c2cccc(C3CCCO3)c2)c(=O)n1C,C1c2c(cc3c(ccc3n2)C4CCCO4)C(=O)(c1ccc5c(ccc5)C6CCCO6)n2c(cc3c(ccc3n2)C4CCCO4)C(=O)C1
Cn1c(-c2ccc3nccnc3c2)c(-c2cccc(C3CCCO3)c2)c(=O)n1C,Cn1c(-c2ccc3nccnc3c2)c(-c2cccc(C3CCCO3)c2)c(=O)n1C,Cn1c(-c2ccc3nccnc3c2)c(-c2cccc(C3CCCO3)c2)c(=O)n1C,C1c2ccccc2c1C(=O)C1c2ccccc2c1C(=O)n1c2ccccc2c1n2ccccc2c1C(=O)C1c2ccccc2c1n2c1ccc(cc1)c2ccc(cc2)C3CCCO3,C1c2c(cc3c(c1)ncnc3n2)C4=CC=CC=C4C5(C(C(C(C(C5)O)O)C)C)C(=O)N2c1ccccc1n2
CC(=O)Oc1cccc2cc3c4ccc2ccc1=Cc(cc(=O)n3C)n(C)c(=O)c4,C1=CC(=O)C2=CC(=O)N(C)C(=O)C3=CC=CC=C3C1-C2=CC=CC=C1C(=O)C1=CC=CC=C1C(=O)N(C)C,CC(=O)c1ccccc1-c1ccccc1C1=CC(=O)N(C)C(=O)C2=CC(=O)N(C)C=C1C2,CC(=O)c1ccccc1-c1ccccc1C1=CC(=O)N(C)C(=O)C2=CC(=O)N(C)C=C1C2,O=C(C1=C(N2CCC2c2ccccc2C2=C3CN=C3C=C2)N1c1ccccc1C(=O)N1Cc2ccccc21)c1ccccc1
C1=CC=C(C=C1)C1=CC=CC2=C1C(=O)C3CCCO3C2=C1C(=O)C1=CC=CC2=C1C(=O)C3CCCO3C2=C1C=C(C=C1)C1=CC=CC2=C1C(=O)C1=CC,C1=CC=C(C(=O)C2CCCO2)C3=CC=CC=C3C1Nc1ccc(cc1)-c2ccccc2C1=CC=CC=C1,C1=CC=C(C=C1)C1=CC=CC2=C1C(=O)C3CCCO3C2=CC=CC3=C2C(=O)C4=C(C(C(C(C4)C)C)C)C,C1=CC=C(C=C1)C1=CC=CC=C1C1=C(C=C(C=C1)C2=CC=CC=C2)N1C=CC=CC=C1C1(C(C(C(C(C1=O)C(C(C(C1)C)C)C)C)C)C)C2=C(C=CC=C,C1=CC=C(C=C1)C1=CC=CC2=C1C(=O)C3CCC4=C3C=CC(C(C(C(C(C4)C)C)C)C)C2C1=CC=CC=C1
C1c2c(ccc2c1)C3c4c(cccc4N3)C5c6ccccc6C(=O)N5C7c8ccccc8C(=O)C9=O,C1c2c(cccc2Oc2ccccc2C(=O)N1)Nc2ccc(cc2)C(=O)c2ccc(cc2)C(=O)N1,C1c2c(ccc2c3ccc(cc3)C(=O)N2)c1ccc(cc1)c1ccc(cc1)C(=O)N1c2ccccc2C(=O)N2c1ccccc1C(=O)N2,C1c2c(ccc2O)c3c(ccc3O)C4=C5C6=C(C=C7C8=C(C=C(C(=C8)C(=O)N1)C(=O)N4)C(=C7)C(=O)N2)C(=O)N5)C(=O)N6,C1c2c(cccc2N(C1=O)c3ccc(cc3)C(=O)Nc4ccc(cc4)C(=O)Nc5ccc(cc5)C(=O)Nc6ccc(cc6)C(=O)Nc7ccc(cc7)C(=O)N1)C2=O
Cn1c(-c2ccc3nccnc3c2)c(-c2cccc(C3CCCO3)c2)c(=O)n1C,C1c2c(ccc2c3c(ccc4c3nccn4)cnc1C)cnc1c(ccc1C)c2ccc3c(ccc4c3nccn4)cnc1c(ccc1C)c(=O)C,Cn1c(-c2ccc3nccnc3c2)c(-c2cccc(C3CCCO3)c2)c(=O)n1C,Cn1c(-c2ccc3nccnc3c2)c(-c2cccc(C3CCCO3)c2)c(=O)n1C,Cn1c(-c2ccc3nccnc3c2)c(-c2cccc(C3CCCO3)c2)c(=O)n1C
Cn1c(-c2ccccc2-c2ccccc2-c2ccccc2)c2ccc(=O)n2c(=O)c2ccccc2c1=O,Cn1c(c2ccccc2-c2ccccc2-c2ccccc2)c2ccc(=O)n2c1c(=O)c2ccccc2c1=O,C1c2c(ccc2[nH]c2ccc(ccc2)c2ccc(ccc2)c2ccc(ccc2)c2ccc(ccc2)c2ccc(ccc2)C(=O)[nH]c2ccc(ccc2)c2ccc(ccc2)c1=O,C1c2c3c(cc2c1)C4=C3c5c(cccc5N4)C6=C(C(=O)N6)C7=CC=CC=C7C8=CC(=O)N8,Cn1c(-c2ccccc2-c2ccccc2-c2ccccc2)c2ccc(=O)n2c(=O)c2ccccc2c1=O
C1c2c(cc1)nc3c(ccc3c2)C4CCCO4C(=O)c5c(ccc5)C6CCCO6C,Cn1c(-c2ccc3nccnc3c2)c(-c2cccc(C3CCCO3)c2)c(=O)n1C,C1c2c(ccc2n1)C1c2c(ccc2n1)c3c(ccc3C4CCCO4)c2ccc(cc2)C(=O)N1C,C1c2c(ccc2n1)c3ccc(cc3)c4ccc(cc4)c5ccccc5C(=O)C1C,C1c2ccccc2c1c3c(cccc3)C(=O)C1c2ccccc2c1C
C1c2c(ccc2c3nccnc3c2)c1c2c(ccc2c3c(ccc3)c2C3CCCO3)c2C(=O)c1c2c(ccc2c3nccnc3c2)c1C,Cn1c(-c2ccc3nccnc3c2)c(-c2cccc(C3CCCO3)c2)c(=O)n1C,C1c2c(cc3c(cc(c2C1)C(NC3=CC=CC=C3)C4=CC=CC=C4)C(Nc5c(cc(cc5)C)C(=O))C3=CC=CC=C3)N1,C1c2c(ccc2n1)C3C(C(C(C(C(C(C3)C)C)C)C)C)C(=O)c1ccc(cc1)C1c2c(ccc2n1)C3C(C(C(C(C(C(C3)C)C)C)C)C)N,Cn1c(-c2ccc3nccnc3c2)c(-c2cccc(C3CCCO3)c2)c(=O)n1C
Cn1c(-c2ccc3nccnc3c2)c(-c2cccc(C3CCCO3)c2)c(=O)n1C,C1c2c(c(n1)c3c(ccc3ncc2)c4ccc5c(ccc5c4)C(C(C)O)C)c2c(ccc2n1)C(=O)C,Cn1c(-c2ccc3nccnc3c2)c(-c2cccc(C3CCCO3)c2)c(=O)n1C,C1CC1Cn1c(-c2ccc3nccnc3c2)c(-c2cccc(C3CCCO3)c2)c(=O)n1C,C1CC1Cn1c(-c2ccc3nccnc3c2)c(-c2cccc(C3CCCO3)c2)c(=O)n1C
C1c2c3c(c(c1)C(=O)N3)c4c5c(ccc5Nc6c(ccc(c6)C(=O))c7c(ccc7O)c3c(c2)C(=O))c4c(ccc4O)c2c(ccc2O)c5c(ccc5O)c3c(cc,C1c2ccccc2-c2ccc(=O)n2c1-c1ccc(cc1)c2ccc(=O)n2c1ccc(cc1)c2ccc(=O)c1ccc(cc1)c2ccc(=O)c1ccc(cc1)c2ccc(=O)c1ccc(cc1)c2ccc(=O)c1ccc(cc1)c2ccc(=O)c1,C1c2c(cc3c(cc2C(=O)Nc1ccc(cc1)S(=O)(=O)N)cc3)C(=O)Nc1ccc(cc1)S(=O)(=O)N,C1c2c(ccc2c3ccc(cc3)c2c(ccc2c3ccc(cc3)c2c(ccc2c1)C(=O)Nc2ccc(cc2)N1C(=O)c2ccccc2)c3ccc(cc3)c2ccc(cc2)c1C(=O)Nc2ccc(cc2)N1C,C1c2c(ccc2c1)c3c(cccc3)c4c(cccc4)c5c(cccc5)c1c(cccc1)c2c(cccc2)c1c(cccc1)c2ccc(=O)c1c(cccc1)n2c(=O)c3ccc(cc3)c1cccnc1c(=O)c2ccc(cc2
C1c2c(ccc2n1)C1c2c(ccc2n1)C(=O)C1c2ccc(cc2)C3CCCO3C1,C1c2ccccc2C1c3c(ccc3Nc1c4ccc(cc4)N)C(=O)C1CCCO1,Cn1c(-c2ccc3nccnc3c2)c(-c2cccc(C3CCCO3)c2)c(=O)n1C,Cn1c(-c2ccc3nccnc3c2)c(-c2cccc(C3CCCO3)c2)c(=O)n1C,Cn1c(-c2ccc3nccnc3c2)c(-c2cccc(C3CCCO3)c2)c(=O)n1C
CC1CCCC(C2=C(C=C(C=C2)C2=C(C=C(C=C2)C2=C(C=C(C=C2)C2=C(C=C(C=C2)C2=C(C=C(C=C2)C2=C(C=C(C=C2)C2=C(C=C(C=C2)C2=C(C=C(C=C2)C2=C(C=C,C1CCC(C2C=CC=C2C2C=CC=C2C2=C3CN=C3C=C2)=C2C=CC(=O)N21,CC1CCCC(C2C=CC=C2C2C=CC=C2C2=C3CN=C3C=C2)=C2C=CC(=O)N21,CC1CCCC(C2C=CC=C2C2C=CC=C2C2=C3CN=C3C=C2)=C2C=CC(=O)N21,C1CC2CCCC(C3C=CC=C3C3C=CC=C3C3=C4CN=C4C=C3)=C3C=CC(=O)N32
C1CC(C(C(C(C(C(C(C2C=CC=C2C2C=CC=C2C2=C3CN=C3C=C2)=C2C=CC(=O)N21)C1)C)C)C)C,C1CC(C(C2C=CC=C2C2C=CC=C2C2=C3CN=C3C=C2)=C2C=CC(=O)N21)C,C1CC(C(C(C(C(C(C(C(C(C(C(C(C(C(C(C(C(C(C(C(C(C(C(C(C(C(C(C(C(C(C(C(C(C(C(C(C(C(C(C(C(C(C(C(C(C(C(C(C(C(C(C(C(C(C(C(C(C(C(C(C(C(C(C(C(C(C(C(C(C(C(C(C(C(C(C(C(C,C1CCC(C2C=CC=C2C2C=CC=C2C2=C3CN=C3C=C2)=C2C=CC(=O)N21,CC1CCC(C(C2C=CC=C2C2C=CC=C2C2=C3CN=C3C=C2)=C2C=CC(=O)N21
Cn1c(-c2ccc3nccnc3c2)c(-c2cccc(C3CCCO3)c2)c(=O)n1C,Cn1c(-c2ccc3nccnc3c2)c(-c2cccc(C3CCCO3)c2)c(=O)n1C,Cn1c(-c2ccc3nccnc3c2)c(-c2cccc(C3CCCO3)c2)c(=O)n1C,C1c2ccccc2C(=O)C1c3c(cc4c(ccc(n4)C5CCCO5)C)nc3C(=O)n1C,C1c2ccccc2C(=O)N1c1ccccc1N1C(=O)c2ccc(cc2)C1CCCO1c1ccc(cc1)C1CCCO1c1ccc(cc1)C1CCCO1
CC1CCCC(C2C=CC=C2C2C=CC=C2C2=C3CN=C3C=C2)=C2C=CC(=O)N21,Cn1c(-c2ccc3nccnc3c2)c(-c2cccc(C3CCCO3)c2)c(=O)n1C,C1CCC(C2C=CC=C2C2C=CC=C2C2=C3CN=C3C=C2)=C2C=CC(=O)N21,C1CC1CCCC(C2C=CC=C2C2C=CC=C2C2=C3CN=C3C=C2)=C2C=CC(=O)N21,C1CC(C(C2C=CC=C2C2C=CC=C2C2=C3CN=C3C=C2)=C2C=CC(=O)N21)C
Cn1c(-c2ccccc2-c2ccccc2-c2ccccc2)c2ccc(=O)n2c(=O)c2ccccc2c1=O,C1c2c(c3c(c(c(c(c3C(=O)C(=O)Nc4ccc(cc4)C5CCCC5)c2c1)c2ccccc2)C(=O)Nc6ccc(cc6)C7CCCC7)c2ccccc2)C(=O)Nc8ccc(cc8)C9CCCC9,C1c2c(ccc2c1)c3c(cccc3)c4c(cccc4)C(=O)Nc1ccc(cc1)C(=O)Nc1ccc(cc1)C1=CC=CC=C1,Cn1c(-c2ccccc2-c2ccccc2-c2ccccc2)c2ccc(=O)n2c(=O)c2ccccc2c1=O,C1c2c(cccc2Nc1c3c(cccc3)C(=O)c4ccccc4)C(=O)Nc2ccccc2c1=O
Cn1c(-c2ccc3nccnc3c2)c(-c2cccc(C3CCCO3)c2)c(=O)n1C,Cn1c(-c2ccc3nccnc3c2)c(-c2cccc(C3CCCO3)c2)c(=O)n1C,Cn1c(-c2ccc3nccnc3c2)c(-c2cccc(C3CCCO3)c2)c(=O)n1C,C1c2c(cc3c(cc(c(c3n2)C4CCCO4)c1)C)c5ccc(cc5)C(=O)n1c2c(cc3c(cc(c3n2)C4CCCO4)c1)C,Cn1c(-c2ccc3nccnc3c2)c(-c2cccc(C3CCCO3)c2)c(=O)n1C
C1CC2CC(C3C=CC=C3C3C=CC=C3C3=C4CN=C4C=C3)=C4C=CC(=O)N42,CC1CCCC(C2C=CC=C2C2C=CC=C2C2=C3CN=C3C=C2)=C2C=CC(=O)N21,C1CC1CCCC(C2C=CC=C2C2C=CC=C2C2=C3CN=C3C=C2)=C2C=CC(=O)N21,C1CC(C2CC1)CC(C3C=CC=C3C3C=CC=C3C3=C4CN=C4C=C3)=C3C=CC(=O)N34,C1CCC(C2C=CC=C2C2C=CC=C2C2=C3CN=C3C=C2)=C2C=CC(=O)N21
C1CC1CCCC(C2C=CC=C2C2C=CC=C2C2=C3CN=C3C=C2)=C2C=CC(=O)N21,C1CC(C2CC(=C(C(=C(C2=CC=C2)C2=C(C=CC(=O)N2)C2=CC=C2)C2=CC=C2)C2=CC=C2)C1)C1=CC=CC=C1N1,CC1CCCC(C2C=CC=C2C2C=CC=C2C2=C3CN=C3C=C2)=C2C=CC(=O)N21,CC1CCCC(C2=C(C=CC=C2C2=C(C=CC=C2C2=C3CN=C3C=C2)=C2C=CC(=O)N21)C)C,C1CC(C(C(C(C(C(C(C(C(C(C(C(C(C(C(C(C(C(C(C(C(C(C(C(C(C(C(C(C(C(C(C(C(C(C(C(C(C(C(C(C(C(C(C(C(C(C(C(C(C(C(C(C(C(C(C(C(C(C(C(C(C(C(C(C(C(C(C(C(C(C(C(C(C(C(C(C(C
C1CC(C(C2C=CC=C2C2C=CC=C2C2=C3CN=C3C=C2)=C2C=CC(=O)N21)C,C1CCC(C(C2C=CC=C2C2C=CC=C2C2=C3CN=C3C=C2)=C2C=CC(=O)N21,C1CC(C(C2C=CC=C2C2C=CC=C2C2=C3CN=C3C=C2)=C2C=CC(=O)N21,CC1CCCC(C2C=CC=C2C2C=CC=C2C2=C3CN=C3C=C2)=C2C=CC(=O)N21,C1CC1CCCC(C2C=CC=C2C2C=CC=C2C2=C3CN=C3C=C2)=C2C=CC(=O)N21
Cn1c(-c2ccc3nccnc3c2)c(-c2cccc(C3CCCO3)c2)c(=O)n1C,Cn1c(-c2ccc3nccnc3c2)c(-c2cccc(C3CCCO3)c2)c(=O)n1C,Cn1c(-c2ccc3nccnc3c2)c(-c2cccc(C3CCCO3)c2)c(=O)n1C,C1c2c(cc3c(ccc4c1ccc(cc4)c2)c1ccccc1)c1ccc(cc1)c2ccccc2C(=O)C1CCCO1,Cn1c(-c2ccc3nccnc3c2)c(-c2cccc(C3CCCO3)c2)c(=O)n1C
CC1CCCC(C2C=CC=C2C2C=CC=C2C2=C3CN=C3C=C2)=C2C=CC(=O)N21,C1CCC(C(C(C(C(C(C(C(C(C(C(C(C(C(C(C(C(C(C(C(C(C(C(C(C(C(C(C(C(C(C(C(C(C(C(C(C(C(C(C(C(C(C(C(C(C(C(C(C(C(C(C(C(C(C(C(C(C(C(C(C(C(C(C(C(C(C(C(C(C(C(C(C(C(C(C(C(C,C1CC(C2C=CC=C2C2C=CC=C2C2=C3CN=C3C=C2)=C2C=CC(=O)N21,CC1CCC(C2C=CC=C2C2C=CC=C2C2=C3CN=C3C=C2)=C2C=CC(=O)N21,C1CC(C(C(C(C(C(C(C(C(C(C(C(C(C(C(C(C(C(C(C(C(C(C(C(C(C(C(C(C(C(C(C(C(C(C(C(C(C(C(C(C(C(C(C(C(C(C(C(C(C(C(C(C(C(C(C(C(C(C(C(C(C(C(C(C(C(C(C(C(C(C(C(C(C(C(C(C(C
Cn1c(-c2ccc3nccnc3c2)c(-c2cccc(C3CCCO3)c2)c(=O)n1C,CC1CCC(C2C=CC=C2C2C=CC=C2C2=C3CN=C3C=C2)=C2C=CC(=O)N21,C1CC1CCCC(C2C=CC=C2C2C=CC=C2C2=C3CN=C3C=C2)=C2C=CC(=O)N21,CC1CCCC(C2=C(C=C(C=C2)C2=C(C=C(C=C2)C2=C(C=C(C=C2)C2=C(C=C(C=C2)C2=C(C=C(C=C2)C2=C(C=C(C=C2)C2=C(C=C(C=C2)C2=C(C=C(C=C2)C2=C(C=C,CC1CCCC(C2=C(C=CC=C2C2=C(C=CC=C2)C2=C3CN=C3C=C2)=C2C=CC(=O)N21)
CC1CCCC(C2C=CC=C2C2C=CC=C2C2=C3CN=C3C=C2)=C2C=CC(=O)N21,CC1CCCC(C2C=CC=C2C2C=CC=C2C2=C3CN=C3C=C2)=C2C=CC(=O)N21,C1CC(C2C=CC=C2C2C=CC=C2C2=C3CN=C3C=C2)=C2C=CC(=O)N1C2,C1CC(C2CC(=CC(=C2)C2=C(C(=C(C(=C2)C2=C(C(=C(C(=C2)C2=C(C(=C(C(=C2)C2=C(C(=C(C(=C2)C2=C(C(=C(C(=C2)C2=C(C(=C(C(=C2)C2,CC1CCCC(C2C=CC=C2C2C=CC=C2C2=C3CN=C3C=C2)=C2C=CC(=O)N21
C1=CC=CC=C1C1=CC=CC=C1C1=CC=CC=C1C1=CC=CC=C1C1=CC=CC=C1C1=CC=CC=C1C1=CC=CC=C1C1=CC=CC=C1C1=CC=CC=C1C1=CC=CC=C1,C1=CC(=O)C2=C3CC(C(=O)C4CCCO4)C5=C(C=CC=C5)C6=C3C7=C(C=CC=C7)C(=O)C1(C8=C(C=CC=C8)C9=C(C=CC=C9)C2)N(C1=CC=CC=C1,C1=CC(=O)C2=C(C(=O)C3CCCO3)C(=C1)C2=C(C(=O)C3CCCO3)C4=CC=CC=C4C5=CC=CC=C5C6=CC=CC=C6N7C(=C8CC(C(C(C8)C)C)C),C1=CC=C(C=C1)C1=CC=CC2=C1C=CC(=O)C3CC(C(C(C(C3)C)C)C)C2,Cn1c(c2ccccc2c2ccccc2c2ccccc2)-c1c2ccc(=O)n2c(=O)c2ccccc2c1=O
C1CC(C(C2C=CC=C2C2C=CC=C2C2=C3CN=C3C=C2)=C2C=CC(=O)N21)C,C1CC(C(C2C=CC=C2C2C=CC=C2C2=C3CN=C3C=C2)=C2C=CC(=O)N21,C1CC1CCCC(C2=C3C=CC=C3C2C2=C3C=CC=C3C2=C4C=CC(=O)N4C2=CC=C2)C2=CC(=O)N21,C1CC(C2C=CC=C2C2C=CC=C2C2=C3CN=C3C=C2)C2=C(C(C)C(=O)N21)C,CC1CCCC(C2C=CC=C2C2C=CC=C2C2=C3CN=C3C=C2)=C2C=CC(=O)N21
C1CC2CC(C3C=CC=C3C3C=CC=C3C3=C4CN=C4C=C3)=C4C=CC(=O)N42,C1CC2CC(C3C=CC=C3C3C=CC=C3C3=C4CN=C4C=C3)=C4C=CC(=O)N42,C1CC(C(C2C=CC=C2C2=C3CN=C3C=C2)=C2C=CC(=O)N21)CC1,CC1CCCC(C2C=CC=C2C2C=CC=C2C2=C3CN=C3C=C2)=C2C=CC(=O)N21,CC1CCCC(C2C=CC=C2C2C=CC=C2C2=C3CN=C3C=C2)=C2C=CC(=O)N21
C1=CC=C2C(C(=O)C3CCCO3)C(C4=CC=CC=C4)C2=CC(=O)C5=C(C(C(C(C(C5)C)C)C)C)C=C1,C1=CC=CC=C1C(=O)N1C=CC(=O)c1ccccc1C1=CC=CC=C1C(=O)c2ccccc2C(=O)c2ccccc2C(=O)c2ccccc2C(=O)C1=CC=CC=C1,C1c2ccccc2-c2ccc(=O)n2c1ccc3c2ccc(=O)c2ccc(=O)c2ccc(=O)c2c1ccc(=O)c1c2ccc(=O)n1c(=O)c1ccccc1c2ccccc2c1ccc(=O)c1=O,C1c2ccccc2c1-c2ccccc2-c2ccccc2-c2cccnc2-c2ccc(=O)n2-c2ccc(=O)c2c1=O,C1=CC=CC2=C1C(=O)N(C3=CC=CC=C3)C1=CC=CC(=O)N1C4=CC=CC=CC5=C4C(=O)N(C6=CC=CC=C6)C1=CC=CC=CC(=O)N1C7=CC=CC=CC
C1CC(=O)N(C2C=CC=C2C2C=CC=C2C2=C3CN=C3C=C2)C2C=CC(=O)N21,C1CC1CCCC(C2C=CC=C2C2C=CC=C2C2=C3CN=C3C=C2)=C2C=CC(=O)N21,C1CC(C(C2C=CC=C2C2C=CC=C2C2=C3CN=C3C=C2)=C2C=CC(=O)N21,CC1CCCC(C2C=CC=C2C2C=CC=C2C2=C3CN=C3C=C2)=C2C=CC(=O)N21,CC1CCCC(C2C=CC=C2C2C=CC=C2C2=C3CN=C3C=C2)=C2C=CC(=O)N21
C1c2c(ccc2Nc1c2ccc(cc2)C(=O)Nc2ccc(cc2)c1c2ccc(cc2)C(=O)Nc2ccc(cc2)c1=O)c2ccc(cc2)C(=O)Nc1ccc(cc1)c2ccc(cc2)c1ccc(cc1)c2ccc(cc2,C1c2c(cccc2c1-c2ccc(cc2)c3ccc(cc3)c4ccc(cc4)c5ccc(cc5)c6ccc(cc6)c7ccc(cc7)c8ccc(cc8)c9ccc(cc9)c1c2c(cccc2c1-c2ccc(cc2)c3ccc(cc3)c4ccc(cc4)c5ccc(cc5,C1c2ccccc2c1-c2ccccc2-c2ccccc2-c2ccccc2c1cccnc1c2ccccc2c2cccnc2c1ccc(=O)c1=O,Cn1c(-c2ccccc2-c2ccccc2-c2ccccc2)c2ccc(=O)n2c(=O)c2ccccc2c1=O,C1c2c(c3c(c4c(c5c(c6c(c7c(c1c(cc7)C(=O)N2)c(cc6)C(=O)C5)C)C)C)C(C(=O)N3)c(cc4)C(=O)C2)c(cc3)C(=O)C1
Cn1c(c2ccccc2-c2ccccc2-c2ccccc2)c2ccc(=O)n2c1c2ccccc2c1ccc(=O)c2ccccc2,Cn1c(c2ccccc2-c2ccccc2-c2ccccc2-c2ccc(=O)n2)c2ccc(=O)n2c(=O)c2ccccc2c1=O,Cn1c(c2ccccc2c2ccccc2c2ccccc2)c2ccc(=O)n2c1=Oc2ccccc2c2ccc(=O)c2c1=O,Cn1c(-c2ccccc2-c2ccccc2-c2ccccc2)c2ccc(=O)n-2c(=O)c2ccccc2c1=O,C1c2ccccc2c1-c2ccccc2-c2ccccc2-c2cccnc2-c2ccc(=O)n2-c2ccc(=O)c2-c1cccnc1-c1ccc(=O)c1=O
C1CC1n1c(-c2ccc3nccnc3c2)c(-c2cccc(C3CCCO3)c2)c(=O)n1C,C1c2c(ccc2n1)c3c(ccc3)C4CCCO4C(=O)c5c(ccc5)C1c2ccccc2n1,Cn1c(-c2ccc3nccnc3c2)c(-c2cccc(C3CCCO3)c2)c(=O)n1C,C1Cn1c(-C2=C3C=CC=C3C=C2)c(-C2=C3C=CC=C3C=C2)c(=O)N1C,Cn1c(-c2ccc3nccnc3c2)c(-c2cccc(C3CCCO3)c2)c(=O)n1C
CC1CCCC(C2C=CC=C2C2C=CC=C2C2=C3CN=C3C=C2)=C2C=CC(=O)N21,C1CC(C(C(C(C(C(C(C(C(C(C(C(C(C(C(C(C(C(C(C(C(C(C(C(C(C(C(C(C(C(C(C(C(C(C(C(C(C(C(C(C(C(C(C(C(C(C(C(C(C(C(C(C(C(C(C(C(C(C(C(C(C(C(C(C(C(C(C(C(C(C(C(C(C(C(C(C(C,C1CC1CCN2C(=O)C=CC2=C1C1C=CC=C1C1C=CC=C1C1=C2CN=C2C=C1,C1(C(C(C(C(C(C2C=CC=C2C2C=CC=C2C2=C3CN=C3C=C2)=C2C=CC(=O)N21)C)C)C)C,CC1CCCC(C2C=CC=C2C2C=CC=C2C2=C3CN=C3C=C2)=C2C=CC(=O)N21
CC1CCCC(C2C=CC=C2C2C=CC=C2C2=C3CN=C3C=C2)=C2C=CC(=O)N21,C1CCC(C2C=CC=C2C2C=CC=C2C2=C3CN=C3C=C2)=C2C=CC(=O)N21,C1CCC(C2C=CC=C2C2C=CC=C2C2=C3CN=C3C=C2)=C2C=CC(=O)N1C2,CC1CCCC(C2C=CC=C2C2C=CC=C2C2=C3CN=C3C=C2)=C2C=CC(=O)N21,C1CC(C(C(C(C(C(C(C(C(C(C(C(C(C(C(C(C(C(C(C(C(C(C(C(C(C(C(C(C(C(C(C(C(C(C(C(C(C(C(C(C(C(C(C(C(C(C(C(C(C(C(C(C(C(C(C(C(C(C(C(C(C(C(C(C(C(C(C(C(C(C(C(C(C(C(C(C(C
C1CC1CCCC(C2C=CC=C2C2C=CC=C2C2=C3CN=C3C=C2)=C2C=CC(=O)N21,C1CC2CCCC(C3C=CC=C3C3C=CC=C3C3=C4CN=C4C=C3)=C3C=CC(=O)N42,C1CC1CCC(C2=C(C=CC=C2)C2=C(C=CC=C2)C2=C(C=CC=C2)C2=C(C=CC=C2)C2=CC(=O)N21)C2=CC=CC=C2C2=C(C=CC=C2)N=C2C(=O)C2,CC1CCCC(C2C=CC=C2C2C=CC=C2C2=C3CN=C3C=C2)=C2C=CC(=O)N21,C1CC2CC(C(C3C=CC=C3C3C=CC=C3C3=C4CN=C4C=C3)=C4C=CC(=O)N42)C1
CC1CCCC(C2C=CC=C2C2C=CC=C2C2=C3CN=C3C=C2)=C2C=CC(=O)N21,C1CC1CCC(C2C=CC=C2C2C=CC=C2C2=C3CN=C3C=C2)=C2C=CC(=O)N21,CC1CCCC(C2C=CC=C2C2C=CC=C2C2=C3CN=C3C=C2)=C2C=CC(=O)N21,C1CC(C2C=CC=C2C2C=CC=C2C2=C3CN=C3C=C2)=C2C=CC(=O)N21,C1CC2CCCC(C3C=CC=C3C3C=CC=C3C3=C4CN=C4C=C3)=C3C=CC(=O)N42
C1CC2CCC(C3C=CC=C3C3C=CC=C3C3=C4CN=C4C=C3)=C3C=CC(=O)N42,C1CC(C(C(C(C(C(C(C(C(C(C(C(C(C(C(C(C(C(C(C(C(C(C(C(C(C(C(C(C(C(C(C(C(C(C(C(C(C(C(C(C(C(C(C(C(C(C(C(C(C(C(C(C(C(C(C(C(C(C(C(C(C(C(C(C(C(C(C(C(C(C(C(C(C(C(C(C(C,C1CC(C(C2C=CC=C2C2C=CC=C2C2=C3CN=C3C=C2)=C2C=CC(=O)N21)C,C1CCC2(C3C=CC=C3C3C=CC=C3C3=C4CN=C4C=C3)=C2C=CC(=O)N21,C1CC1CCC(C2C=CC=C2C2C=CC=C2C2=C3CN=C3C=C2)=C2C=CC(=O)N21
C1c2ccccc2c1-c1ccc(cc1)c1ccc(cc1)C1C(=O)Nc2ccccc2c1-c1ccc(cc1)c1ccc(cc1)C1(=O)Nc2ccccc2c1=O,C1c2c(ccc2Nc1c2ccc(cc2)C(=O)c1ccc(cc1)C(=O)Nc2ccc(cc2)c1ccc(cc1)c2ccc(cc2)c1ccc(cc1)C(=O)Nc2ccc(cc2)c1ccc(cc1)c2ccc(cc2)c1ccc(cc1)c2ccc,C1c2c(ccc2c3ccc(cc3)C(=O)Nc4ccc(cc4)c5ccc(cc5)C(=O)Nc6ccccc6)c7ccc(cc7)C(=O)Nc8ccc(cc8)c9ccc(cc9)C(=O)N1,C1c2c(ccc2c3c(cccc3)c4ccc(cc4)c5ccc(cc5)c6ccc(cc6)C(=O)N2)c7ccc(cc7)C(=O)N1c1ccccc1N2c1ccccc1c2=O,C1c2ccccc2c1-c2ccccc2-c2ccccc2-c2ccc(=O)n2c1ccc(cc1)c2c(=O)c2ccccc2
C1CC1CCCC(C2C=CC=C2C2C=CC=C2C2=C3CN=C3C=C2)=C2C=CC(=O)N21,C1CC1CCCC(C2C=CC=C2C2C=CC=C2C2=C3CN=C3C=C2)=C2C=CC(=O)N21,CC1CCCC(C2C=CC=C2C2C=CC=C2C2=C3CN=C3C=C2)=C2C=CC(=O)N21,CC1CCC(C2C=CC=C2C2C=CC=C2C2=C3CN=C3C=C2)=C2C=CC(=O)N21,CC1CCCC(C2=C(C=C(C2)C2=C(C=C2)C2=C(C=C2)C2=C(C=C2)C2=C(C=C2)C2=C(C=C2)C2=C(C=C2)C2=C(C=C2)C(=O)N2)C2=CN=C2)C2=CC(=O
CC1CCCC(C2C=CC=C2C2C=CC=C2C2=C3CN=C3C=C2)=C2C=CC(=O)N21,C1CC(C2C=CC=C2C2C=CC=C2C2=C3CN=C3C=C2)=C2C=CC(=O)N21,CC1CCCC(C2C=CC=C2C2C=CC=C2C2=C3CN=C3C=C2)=C2C=CC(=O)N21,C1CC1CCCC(C2C=CC=C2C2C=CC=C2C2=C3CN=C3C=C2)=C2C=CC(=O)N21,C1CC(C(C2C=CC=C2C2C=CC=C2C2=C3CN=C3C=C2)=C2C=CC(=O)N21
C1CCC(C2C=CC=C2C2=C3CN=C3C=C2)C2=C(C(C(C(C(C1)C2=C(C(C(C(C2)C2=C(C(C(C(C2)C2=C(C(C(C(C2)C2=C(C(C(C(C2)C2=C(C(C(C(C2)C2=C(C,C1CC(=O)N(C2C=CC=C2C2C=CC=C2C2=C3CN=C3C=C2)C1C2C=CC=C2,C1CC1CCC(C2C=CC=C2C2C=CC=C2C2=C3CN=C3C=C2)=C2C=CC(=O)N21,CC1CCCC(C2C=CC=C2C2C=CC=C2C2=C3CN=C3C=C2)=C2C=CC(=O)N21,CC1CCCC(C2C=CC=C2C2C=CC=C2C2=C3CN=C3C=C2)=C2C=CC(=O)N1C2
C1CC(C(C(C(C(C(C(C(C(C(C(C(C(C(C(C(C(C(C(C(C(C(C(C(C(C(C(C(C(C(C(C(C(C(C(C(C(C(C(C(C(C(C(C(C(C(C(C(C(C(C(C(C(C(C(C(C(C(C(C(C(C(C(C(C(C(C(C(C(C(C(C(C(C(C(C(C(C,CC1CCCC(C2C=CC=C2C2C=CC=C2C2=C3CN=C3C=C2)=C2C=CC(=O)N21,C1CC(C(C(C(C(C(C(C(C(C(C(C(C(C(C(C(C(C(C(C(C(C(C(C(C(C(C(C(C(C(C(C(C(C(C(C(C(C(C(C(C(C(C(C(C(C(C(C(C(C(C(C(C(C(C(C(C(C(C(C(C(C(C(C(C(C(C(C(C(C(C(C(C(C(C(C(C(C,C1CCC(C(C2C=CC=C2C2C=CC=C2C2=C3CN=C3C=C2)=C2C=CC(=O)N21,CC1CCCC(C2C=CC=C2C2C=CC=C2C2=C3CN=C3C=C2)=C2C=CC(=O)N21
C1=CC=C2C(C(=O)C3CCCO3)C(C=C(C2=C1)C3=CC=CC=C3)Nc1ccc(-c2ccccc2)C1,C1=CC=CC=C1C1=CC=CC=C1C1=CC=CC=C1C1=C2C=CC(=O)C2(C2=CC=CC=C2C2=CC=CC=C2C2=CC=CC=C2)C1=CC=CC=C1C1=CC=CC=C1C1=,C1=CC=CC=C1C1=CC=CC=C1C1=CC=CC=C1C1=CC=CC=C1C1=CC=CC=C1C1=CC=CC=C1C1=CC=CC=C1C1=CC=CC=C1C1=CC=CC=C1C1=CC=CC=C1,C1=C2CC(C(=O)C3CCCO3)C2=C(C(C1)c1ccc(cc1)Nc2ccccc2)C1=C2CC(C(=O)C3CCCO3)C2=C(C(C1)c1ccc(cc1)Nc2ccccc2)C1=CC=C2CC(C(=O)C,CC1CCCC(C2C=CC=C2C2C=CC=C2C2=C3CN=C3C=C2)=C2C=CC(=O)N21
C1CC1CCCC(C2C=CC=C2C2C=CC=C2C2=C3CN=C3C=C2)=C2C=CC(=O)N21,C1CC(C2CC=CC=C2C2=C3CN=C3C=C2)=C2C=CC(=O)N1C2,C1CC(C(C(C(C(C(C(C(C(C(C(C(C(C(C(C(C(C(C(C(C(C(C(C(C(C(C(C(C(C(C(C(C(C(C(C(C(C(C(C(C(C(C(C(C(C(C(C(C(C(C(C(C(C(C(C(C(C(C(C(C(C(C(C(C(C(C(C(C(C(C(C(C(C(C(C(C(C,CC1CCCC(C2C=CC=C2C2C=CC=C2C2=C3CN=C3C=C2)=C2C=CC(=O)N1C2,C1CC1CCCC(C2C=CC=C2C2C=CC=C2C2=C3CN=C3C=C2)=C2C=CC(=O)N21
CC1CCCC(C2=C(C=CC=C2C2=C(C=CC=C2C2=C3C=CC(=N3)C=C2)C(=O)N2)C=C1)C2=C(C=CC=C2)N1,CC1CCCC(C2C=CC=C2C2C=CC=C2C2=C3CN=C3C=C2)=C2C=CC(=O)N21,CC1CCCC(C2C=CC=C2C2C=CC=C2C2=C3CN=C3C=C2)=C2C=CC(=O)N21,CC1CCCC(C2C=CC=C2C2C=CC=C2C2=C3CN=C3C=C2)=C2C=CC(=O)N21,CC1CCCC(C2C=CC=C2C2C=CC=C2C2=C3CN=C3C=C2)=C2C=CC(=O)N21
C1CC(C2CC=CC=C2C2=CC=CC2=C1C2=C3CN=C3C=C2)C2=C(C=CC(=O)N21)C1,C1CC(C(C(C(C(C(C(C(C(C(C(C(C(C(C(C(C(C(C(C(C(C(C(C(C(C(C(C(C(C(C(C(C(C(C(C(C(C(C(C(C(C(C(C(C(C(C(C(C(C(C(C(C(C(C(C(C(C(C(C(C(C(C(C(C(C(C(C(C(C(C(C(C(C(C(C(C(C,C1CC2CCCC(C3C=CC=C3C3C=CC=C3C3=C4CN=C4C=C3)=C3C=CC(=O)N32,C1CC2CCC(C3C=CC=C3C3C=CC=C3C3=C4CN=C4C=C3)=C4C=CC(=O)N42,C1CC(C(C(C(C(C(C(C(C(C(C(C(C(C(C(C(C(C(C(C(C(C(C(C(C(C(C(C(C(C(C(C(C(C(C(C(C(C(C(C(C(C(C(C(C(C(C(C(C(C(C(C(C(C(C(C(C(C(C(C(C(C(C(C(C(C(C(C(C(C(C(C(C(C(C(C(C(C
C1CC2=C3C=CC(C(C4C5C(C(C(C(C(C(C(C(C(C(C(C(C(C(C(C(C(C(C(C(C(C(C(C(C(C(C(C(C(C(C(C(C(C(C(C(C(C(C(C(C(C(C(C(C(C(C(C(C(C(C(C(C(C(C(C(C(C(C(C(C(C(C(C(C(C,C1CC1CC2=C3C=CC(C(C4CCccc4)C4CCccc4C4CC(=O)C3CC2)C(C)C(C)C1C,C1CC1CC2=C3C=CC(C(C4C5C6C7C8C9C4)C(C(C(C(C(C(C(C(C(C(C(C(C(C(C(C(C(C(C(C(C(C(C(C(C(C(C(C(C(C(C(C(C(C(C(C(C(C(C(C(C(C(C(C(C(C(C(C(C(C(C(C(C,C1CC2=C3C=CC(C(C4C5C(C(C(C(C(C(C(C(C(C(C(C(C(C(C(C(C(C(C(C(C(C(C(C(C(C(C(C(C(C(C(C(C(C(C(C(C(C(C(C(C(C(C(C(C(C(C(C(C(C(C(C(C(C(C(C(C(C(C(C(C(C(C(C(C(C,C1CC2=C3C=CC(C(C4C5C6C7C8C9C10C5C(C(C(C(C(C(C(C(C(C(C(C(C(C(C(C(C(C(C(C(C(C(C(C(C(C(C(C(C(C(C(C(C(C(C(C(C(C(C(C(C(C(C(C(C(C(C(C(C(C(C(C(C(C
C1CCC1CCC1=CC=CC(C1=CC=Cc2cc(N)ccc2C1)CN1,C1=CC=CC(C1)C=CC=CC1=CC=CC1C=CC=CC1N,C1=CC=CC(C1)C1=CC=Cc2cc(N)ccc2C1CC=CC=C1C1=CC=CC2=CC=CC=C12,C1=CC=CC(C1)C=CC=C1C1=CC=CC2=C1C(C(C(C(C1=CC=CC1)C2)C3=CC=CC=C3)N)C2,C1=CC=CC(C1)C=CC=CC(C1=CC=Cc2cc(N)ccc2C1)CC1=CC=CC=C1CN1
C1=CCC(N=C2C3=C(C=CC3Oc3ccccc3-c3ccccc3)N2c2ccccc2Nc2ccc(Nc3ccccc3)cc2-c2ccccc2)=C1,C1=Oc2ccccc2CN1c1ccc(C2c3ccccc3C(=O)N2C2c3ccccc3C(=O)N2C2CCCO2)cc1,C1=CCC(N=C2C3=C(C=CC3Oc3ccccc3-c3ccccc3)N2c2ccccc2Nc2ccc(Nc3ccccc3)cc2-c2ccccc2)=C1,C1=Oc2ccccc2CN1c1ccc(C2c3ccccc3C(=O)N2C2c3ccccc3C(=O)N2C2CCCO2)cc1,C1=CCC(N=C2C3=C(C=CC3Oc3ccccc3-c3ccccc3)N2c2ccccc2Nc2ccc(Nc3ccccc3)cc2-c2ccccc2)=C1
C1CCC1CCC1CC2=CC=CC2N1C1=C2CC(C3=CC=CC=C3)C(C3CCCO3)C2=C1,C1=CC=C2C(C(=O)C3CCCO3)=C2C(C1=CC=CC3=C2C4=C5C=CC(=C5C6=C(C=CC(=C6)C)C)C)C(C(C(C(C(C3=C)C)C)C)C)C=C4)N=C3C,C1=CC(=O)C2=CC=CC2=C1C3=CC=CC=C3C4=CC=CC=C4C5=C(C=CC=C5)N6C=CC=CC6=C7C=CC=CC7=C8C=CC=CC8=C9C=CC=CC9=C1,C1=CC=C(C=C1)C1=CC=C(C=C1)Nc1ccccc1C1=C2CC(C3=CC=CC=C3C(=O)C3CCCO3)C2=C1,C1=CC=C(C=C1)C1=CC=CC2=C1C(=O)C3CCCO3C2=CC=C3C1=C2C(=O)C3CCCO3
C1=Oc1c(c(cc2c(cc3c(cc4c(cc5c(cc6c(cc7c(cc8c(cc9c(cc10c(cc1c1)c1)c1)c1)c1)c1)c1)c1)c1)c1)c1)c1)n2n1CC2,C1=CC(=O)N(C2=CC=CC3=CC=CC4=CC(=C5C6=C(C(=O)C(=O)N(C(=I)C(=O)N7CC(=O)N(C(=I)C(=O)N(C(=I)C(=O)N(C(=I)C(=O)N(C,C1=CC(=O)C2=C(C=C(C3=C(C(C(C(C4=C(C(=O)C5=C(C(=O)C(=O)C(=O)C5=C4)C)C)C)C)C)C)C)C3)C(=O)C1(C(=O)C2=C(C(=O)C,C1=CC(=O)C2(C3=C(C4=C(C5=C(C(=O)C(C(C(C(C(C(C(C(C(C(C(C(C(C(C(C(C(C(C(C(C(C(C(C(C(C(C(C(C(C(C(C(C(C(C(C(C(C(C(C(C(C(C(C(C(C(C(C(C(C(C(C(C(C(C(C(C(C,C1=CC2=C(C=C(C=C1)C3=CC=CC=C3)C1=CC=CC=C1C2=C(C=C(C=C2)C3=CC=CC=C3)C1=CC=CC=C1C2=C(C=C(C=C2)C3=CC=CC=C3)N1C=CC(=C
C1=CC=C2C(=O)N(C1)C1=CC=CC2=C1C1=CC=CC2=C1C(=O)N(C1)C1=CC=CC2=C1C1=CC=CC2=C1C(=O)N(C1)C1=CC=CC2=C1C(=O)N,C1=CC(=O)C2=C(C=CC3=C(C=CC=CC3=O)C4CCCO4)C(C=CC5=C(C=CC=CC5=N)N)N6N(C7CCCO7)C1=C2C(C=CC3=C(C=CC=CC3=N)N)N,C1=Oc2cc3c(c(c(c4c3cccc4)c2)c1)c(c(c5c6ccccc6c5)n6c7ccccc7c6)n2n1CC2,C1=CC(=O)C2=C3C=CC(=O)C4(C(C(C(C(C4)C)C)C)C)C5=C6C=CC(=O)C7(C(C(C(C(C7)C)C)C)C)C(=O)N8C=CC(=O)N9C=CC(=O,C1=CC(=O)N(C2=CC(=O)N(C3=CC=CC=C3)C4=CC=CC=C4)C5=C1C(C(C(C5)C)C)C2=CC=CC=C2C6=CC=CC=C6N(C7=CC=CC=C7)C8=CC=CC
C1=CC(=O)C2=CC=CC2=C1C1=CC=CC=C1C1=C(C=CC=C1)C2=C(C=CC=C2)C(=O)C1CCCO1,C1=CC=CC=C1C2=CC=CC=C2C3=CC=CC=C3C4=CC=CC=C4C5=C6C(=O)C7=C(C(=C(C(=C7)C8=CC=CC=C8)C9CCCO9)C10=CC=CC=C10)N6C=C5,C1=CC=C(C=C1)C1=CC=CC=C1C1=CC=CC=C1N1C=CC=C1C1=CC=CC=C1C1=C(C=CC(=O)C1=CC=CC=C1)C1=CC=CC=C1C1CCOCC1,C1=CC(=O)C(C(C2=CC=CC=C2)C3=CC=CC=C3)C1C1=CC(=O)C(C2=CC=CC=C2)C1C2=CC=CC=C2,C1=CC(=O)C2=CC=CC2C1C3=CC=CC=C3C4=CC=CC=C4C5=CC=CC=C5C6=CC=CC=C6C(=O)C7CC7C(=O)C8CC8C(=O)C9CC9C(=O)C1=CC
O=C(C1=C2C(=CC2C2=C3CC=C3C=C2)C=C1)C1C=C2C=CC(C3=C(C=CC=CC3C3CCCO3)=C2)C1,C1=CC=CC2=C1C(C(C(C(C=C1)C=CC=C1)C=CC=C1)C1=CC=CC2=CC1)C1=CC=CC2=C1C(C(C(C=C1)C=CC=C1)C=CC=C1)C1=CC=CC2=C1C(C(C,C1=CC=CC1C1=CC=CC1C1=CC=CC1C1=CC=CC1C1=CC=CC1C1=CC=CC1C1=CC=CC1,C1=C2C=CC(C3C=CC=CC3C3CCCO3)=C2C1C(=O)C1=C2C(=CC2C2=C3CC=C3C=C2)C=C1C1C=C2C=CC(C3C=CC=CC3C3CCCO3)=C2C1,C1=CC2=C(C(=O)C3=C(C(C(C(C(C(C(C(C(C(C(C(C(C(C(C(C(C(C(C(C(C(C(C(C(C(C(C(C(C(C(C(C(C(C(C(C(C(C(C(C(C(C(C(C(C(C(C(C(C(C(C(C(C(C(C(C(C(C(C(C(C(C(C(C(C(C(C
