constraint,sampler,ess,cpu_time,h_violation,g_violation,test_nll,dim
german_credit,OLLA-H,1.3546203006835382,358.3780381679535,0.00700720665932634,1.6902884994250247,0.48711146191192417,1986.0
