file                                 , total          , up             , down           , avg_compute   , node_fail, full_recovery, stack1, stack2, stack3, stack4, stack5, stack6, stack7, stack8, stack9, stack10, stack11, stack12, stack13, stack14, stack15, stack16, stack17, stack18, stack19, stack20, stack21, stack22, stack23, stack24, stack25, stack26, recompute
run_1_dpr_exponential_N200_r2.log    ,  7364525.830086,  2091689.287411,  5272836.542675, 1602223.240880,     24120,           706,      0,      0,      0,      0,      0,      0,      0,      0,      0,       0,       0,       0,       0,       0,       0,       0,       0,       0,       0,       0,       0,       0,       0,       0,       0,       0,         0
run_1_dpr_exponential_N200_r3.log    ,  3995097.211907,  2452923.994752,  1542173.217155, 1771904.543798,     12998,           203,      0,      0,      0,      0,      0,      0,      0,      0,      0,       0,       0,       0,       0,       0,       0,       0,       0,       0,       0,       0,       0,       0,       0,       0,       0,       0,         0
run_1_dpr_exponential_N200_r4.log    ,  4166015.638968,  3145282.085717,  1020733.553250, 2116506.124917,     13407,           138,      0,      0,      0,      0,      0,      0,      0,      0,      0,       0,       0,       0,       0,       0,       0,       0,       0,       0,       0,       0,       0,       0,       0,       0,       0,       0,         0
run_1_dpr_exponential_N200_r5.log    ,  4656230.221269,  3830210.612628,   826019.608641, 2402429.998467,     14781,           114,      0,      0,      0,      0,      0,      0,      0,      0,      0,       0,       0,       0,       0,       0,       0,       0,       0,       0,       0,       0,       0,       0,       0,       0,       0,       0,         0
run_1_dpr_exponential_N200_r6.log    ,  5353694.363144,  4563481.444463,   790212.918681, 2665806.890777,     16499,           106,      0,      0,      0,      0,      0,      0,      0,      0,      0,       0,       0,       0,       0,       0,       0,       0,       0,       0,       0,       0,       0,       0,       0,       0,       0,       0,         0
run_1_dpr_exponential_N200_r7.log    ,  5980383.351723,  5260390.362796,   719992.988927, 2829224.699176,     18000,            97,      0,      0,      0,      0,      0,      0,      0,      0,      0,       0,       0,       0,       0,       0,       0,       0,       0,       0,       0,       0,       0,       0,       0,       0,       0,       0,         0
run_1_dpr_exponential_N200_r8.log    ,  6686581.468105,  5992346.950919,   694234.517186, 3058541.809119,     19631,            94,      0,      0,      0,      0,      0,      0,      0,      0,      0,       0,       0,       0,       0,       0,       0,       0,       0,       0,       0,       0,       0,       0,       0,       0,       0,       0,         0
run_1_dpr_exponential_N200_r9.log    ,  7409072.544211,  6704894.112247,   704178.431964, 3305363.920842,     20980,            97,      0,      0,      0,      0,      0,      0,      0,      0,      0,       0,       0,       0,       0,       0,       0,       0,       0,       0,       0,       0,       0,       0,       0,       0,       0,       0,         0
run_1_dpr_exponential_N200_r10.log   ,  8113026.907784,  7424511.525824,   688515.381960, 3439866.326657,     22089,            94,      0,      0,      0,      0,      0,      0,      0,      0,      0,       0,       0,       0,       0,       0,       0,       0,       0,       0,       0,       0,       0,       0,       0,       0,       0,       0,         0
run_1_dpr_exponential_N200_r11.log   ,  8848452.519059,  8156951.591866,   691500.927192, 3618415.757586,     23371,            94,      0,      0,      0,      0,      0,      0,      0,      0,      0,       0,       0,       0,       0,       0,       0,       0,       0,       0,       0,       0,       0,       0,       0,       0,       0,       0,         0
run_1_dpr_exponential_N200_r12.log   ,  9642010.935821,  8906086.241099,   735924.694723, 3848009.546607,     25078,            99,      0,      0,      0,      0,      0,      0,      0,      0,      0,       0,       0,       0,       0,       0,       0,       0,       0,       0,       0,       0,       0,       0,       0,       0,       0,       0,         0
run_1_dpr_exponential_N600_r2.log    ,  3806307.003815,  1814243.972000,  1992063.031815, 1424009.433548,     12579,           281,      0,      0,      0,      0,      0,      0,      0,      0,      0,       0,       0,       0,       0,       0,       0,       0,       0,       0,       0,       0,       0,       0,       0,       0,       0,       0,         0
run_1_dpr_exponential_N600_r3.log    ,  2953636.890495,  2380637.484855,   572999.405640, 1796528.890951,      9695,            81,      0,      0,      0,      0,      0,      0,      0,      0,      0,       0,       0,       0,       0,       0,       0,       0,       0,       0,       0,       0,       0,       0,       0,       0,       0,       0,         0
run_1_dpr_exponential_N600_r4.log    ,  3530989.635058,  3106168.263647,   424821.371411, 2229071.888724,     11622,            59,      0,      0,      0,      0,      0,      0,      0,      0,      0,       0,       0,       0,       0,       0,       0,       0,       0,       0,       0,       0,       0,       0,       0,       0,       0,       0,         0
run_1_dpr_exponential_N600_r5.log    ,  4161716.280534,  3817975.784688,   343740.495846, 2607423.672070,     13302,            48,      0,      0,      0,      0,      0,      0,      0,      0,      0,       0,       0,       0,       0,       0,       0,       0,       0,       0,       0,       0,       0,       0,       0,       0,       0,       0,         0
run_1_dpr_exponential_N600_r6.log    ,  4849968.869573,  4553982.404584,   295986.464989, 2887419.838268,     15296,            43,      0,      0,      0,      0,      0,      0,      0,      0,      0,       0,       0,       0,       0,       0,       0,       0,       0,       0,       0,       0,       0,       0,       0,       0,       0,       0,         0
run_1_dpr_exponential_N600_r7.log    ,  5566345.163461,  5282502.383650,   283842.779811, 3173609.807061,     16971,            40,      0,      0,      0,      0,      0,      0,      0,      0,      0,       0,       0,       0,       0,       0,       0,       0,       0,       0,       0,       0,       0,       0,       0,       0,       0,       0,         0
run_1_dpr_exponential_N600_r8.log    ,  6331706.831481,  6040525.953250,   291180.878231, 3503146.297242,     18545,            41,      0,      0,      0,      0,      0,      0,      0,      0,      0,       0,       0,       0,       0,       0,       0,       0,       0,       0,       0,       0,       0,       0,       0,       0,       0,       0,         0
run_1_dpr_exponential_N600_r9.log    ,  7032828.661711,  6756831.877721,   275996.783991, 3719383.161486,     20129,            40,      0,      0,      0,      0,      0,      0,      0,      0,      0,       0,       0,       0,       0,       0,       0,       0,       0,       0,       0,       0,       0,       0,       0,       0,       0,       0,         0
run_1_dpr_exponential_N600_r10.log   ,  7762066.724173,  7483915.503765,   278151.220408, 3912945.715185,     21449,            39,      0,      0,      0,      0,      0,      0,      0,      0,      0,       0,       0,       0,       0,       0,       0,       0,       0,       0,       0,       0,       0,       0,       0,       0,       0,       0,         0
run_1_dpr_exponential_N600_r11.log   ,  8464657.350341,  8204114.311389,   260543.038952, 4020082.081650,     22738,            37,      0,      0,      0,      0,      0,      0,      0,      0,      0,       0,       0,       0,       0,       0,       0,       0,       0,       0,       0,       0,       0,       0,       0,       0,       0,       0,         0
run_1_dpr_exponential_N600_r12.log   ,  9213498.575359,  8935933.732625,   277564.842734, 4330694.940101,     23978,            39,      0,      0,      0,      0,      0,      0,      0,      0,      0,       0,       0,       0,       0,       0,       0,       0,       0,       0,       0,       0,       0,       0,       0,       0,       0,       0,         0
run_1_dpr_exponential_N600_r13.log   ,  9934015.450717,  9667106.801005,   266908.649712, 4408078.888550,     25136,            38,      0,      0,      0,      0,      0,      0,      0,      0,      0,       0,       0,       0,       0,       0,       0,       0,       0,       0,       0,       0,       0,       0,       0,       0,       0,       0,         0
run_1_dpr_exponential_N600_r14.log   , 10699870.297123, 10410057.474564,   289812.822559, 4662625.948076,     26457,            40,      0,      0,      0,      0,      0,      0,      0,      0,      0,       0,       0,       0,       0,       0,       0,       0,       0,       0,       0,       0,       0,       0,       0,       0,       0,       0,         0
run_1_dpr_exponential_N600_r15.log   , 11366340.171054, 11110375.511351,   255964.659704, 4580899.826144,     27008,            36,      0,      0,      0,      0,      0,      0,      0,      0,      0,       0,       0,       0,       0,       0,       0,       0,       0,       0,       0,       0,       0,       0,       0,       0,       0,       0,         0
run_1_dpr_exponential_N600_r16.log   , 12134451.499864, 11861280.491859,   273171.008006, 4818054.927126,     28317,            38,      0,      0,      0,      0,      0,      0,      0,      0,      0,       0,       0,       0,       0,       0,       0,       0,       0,       0,       0,       0,       0,       0,       0,       0,       0,       0,         0
run_1_dpr_exponential_N600_r17.log   , 12865613.292755, 12587700.067428,   277913.225327, 5008665.170007,     29532,            39,      0,      0,      0,      0,      0,      0,      0,      0,      0,       0,       0,       0,       0,       0,       0,       0,       0,       0,       0,       0,       0,       0,       0,       0,       0,       0,         0
run_1_dpr_exponential_N600_r18.log   , 13601006.728415, 13321761.506125,   279245.222290, 5202937.815863,     29943,            39,      0,      0,      0,      0,      0,      0,      0,      0,      0,       0,       0,       0,       0,       0,       0,       0,       0,       0,       0,       0,       0,       0,       0,       0,       0,       0,         0
run_1_dpr_exponential_N600_r19.log   , 14355483.350857, 14058536.936888,   296946.413968, 5380059.931222,     31305,            41,      0,      0,      0,      0,      0,      0,      0,      0,      0,       0,       0,       0,       0,       0,       0,       0,       0,       0,       0,       0,       0,       0,       0,       0,       0,       0,         0
run_1_dpr_exponential_N600_r20.log   , 15057254.414593, 14768526.630587,   288727.784006, 5472199.258631,     32220,            41,      0,      0,      0,      0,      0,      0,      0,      0,      0,       0,       0,       0,       0,       0,       0,       0,       0,       0,       0,       0,       0,       0,       0,       0,       0,       0,         0
run_1_dpr_exponential_N1000_r2.log   ,  3207230.796342,  1793895.478509,  1413335.317832, 1395095.923997,     10671,           203,      0,      0,      0,      0,      0,      0,      0,      0,      0,       0,       0,       0,       0,       0,       0,       0,       0,       0,       0,       0,       0,       0,       0,       0,       0,       0,         0
run_1_dpr_exponential_N1000_r3.log   ,  2901735.090166,  2427815.879462,   473919.210704, 1853286.580527,      9598,            67,      0,      0,      0,      0,      0,      0,      0,      0,      0,       0,       0,       0,       0,       0,       0,       0,       0,       0,       0,       0,       0,       0,       0,       0,       0,       0,         0
run_1_dpr_exponential_N1000_r4.log   ,  3407698.670293,  3119831.753850,   287866.916443, 2263451.697512,     11281,            40,      0,      0,      0,      0,      0,      0,      0,      0,      0,       0,       0,       0,       0,       0,       0,       0,       0,       0,       0,       0,       0,       0,       0,       0,       0,       0,         0
run_1_dpr_exponential_N1000_r5.log   ,  4083549.480307,  3844580.929691,   238968.550616, 2662423.709421,     13186,            34,      0,      0,      0,      0,      0,      0,      0,      0,      0,       0,       0,       0,       0,       0,       0,       0,       0,       0,       0,       0,       0,       0,       0,       0,       0,       0,         0
run_1_dpr_exponential_N1000_r6.log   ,  4792457.780822,  4582995.543822,   209462.237000, 3020245.637372,     15177,            30,      0,      0,      0,      0,      0,      0,      0,      0,      0,       0,       0,       0,       0,       0,       0,       0,       0,       0,       0,       0,       0,       0,       0,       0,       0,       0,         0
run_1_dpr_exponential_N1000_r7.log   ,  5528993.737113,  5325989.710716,   203004.026396, 3359262.969308,     16838,            29,      0,      0,      0,      0,      0,      0,      0,      0,      0,       0,       0,       0,       0,       0,       0,       0,       0,       0,       0,       0,       0,       0,       0,       0,       0,       0,         0
run_1_dpr_exponential_N1000_r8.log   ,  6237433.336353,  6055088.275252,   182345.061101, 3611702.891295,     18196,            26,      0,      0,      0,      0,      0,      0,      0,      0,      0,       0,       0,       0,       0,       0,       0,       0,       0,       0,       0,       0,       0,       0,       0,       0,       0,       0,         0
run_1_dpr_exponential_N1000_r9.log   ,  6988695.882746,  6801946.965427,   186748.917319, 3826527.439506,     20067,            26,      0,      0,      0,      0,      0,      0,      0,      0,      0,       0,       0,       0,       0,       0,       0,       0,       0,       0,       0,       0,       0,       0,       0,       0,       0,       0,         0
run_1_dpr_exponential_N1000_r10.log  ,  7707294.245094,  7532879.359430,   174414.885664, 4057127.071905,     21460,            25,      0,      0,      0,      0,      0,      0,      0,      0,      0,       0,       0,       0,       0,       0,       0,       0,       0,       0,       0,       0,       0,       0,       0,       0,       0,       0,         0
run_1_dpr_exponential_N1000_r11.log  ,  8440580.666083,  8262297.429480,   178283.236603, 4237190.710705,     22599,            25,      0,      0,      0,      0,      0,      0,      0,      0,      0,       0,       0,       0,       0,       0,       0,       0,       0,       0,       0,       0,       0,       0,       0,       0,       0,       0,         0
run_1_dpr_exponential_N1000_r12.log  ,  9159327.541774,  8992416.094526,   166911.447248, 4363305.963089,     23884,            23,      0,      0,      0,      0,      0,      0,      0,      0,      0,       0,       0,       0,       0,       0,       0,       0,       0,       0,       0,       0,       0,       0,       0,       0,       0,       0,         0
run_1_dpr_exponential_N1000_r13.log  ,  9917539.165683,  9735468.252456,   182070.913228, 4722221.094941,     25259,            26,      0,      0,      0,      0,      0,      0,      0,      0,      0,       0,       0,       0,       0,       0,       0,       0,       0,       0,       0,       0,       0,       0,       0,       0,       0,       0,         0
run_1_dpr_exponential_N1000_r14.log  , 10647476.017756, 10465791.288595,   181684.729161, 4874779.141288,     26478,            26,      0,      0,      0,      0,      0,      0,      0,      0,      0,       0,       0,       0,       0,       0,       0,       0,       0,       0,       0,       0,       0,       0,       0,       0,       0,       0,         0
run_1_dpr_exponential_N1000_r15.log  , 11414125.225136, 11233474.724987,   180650.500149, 5080659.755226,     27689,            26,      0,      0,      0,      0,      0,      0,      0,      0,      0,       0,       0,       0,       0,       0,       0,       0,       0,       0,       0,       0,       0,       0,       0,       0,       0,       0,         0
run_1_dpr_exponential_N1000_r16.log  , 12098767.205135, 11924869.249384,   173897.955751, 5133380.450208,     28537,            25,      0,      0,      0,      0,      0,      0,      0,      0,      0,       0,       0,       0,       0,       0,       0,       0,       0,       0,       0,       0,       0,       0,       0,       0,       0,       0,         0
run_1_dpr_exponential_N1000_r17.log  , 12860329.212493, 12675502.692131,   184826.520362, 5451563.849301,     29486,            26,      0,      0,      0,      0,      0,      0,      0,      0,      0,       0,       0,       0,       0,       0,       0,       0,       0,       0,       0,       0,       0,       0,       0,       0,       0,       0,         0
run_1_dpr_exponential_N1000_r18.log  , 13571630.149707, 13396002.032903,   175628.116804, 5422972.826387,     30382,            25,      0,      0,      0,      0,      0,      0,      0,      0,      0,       0,       0,       0,       0,       0,       0,       0,       0,       0,       0,       0,       0,       0,       0,       0,       0,       0,         0
run_1_dpr_exponential_N1000_r19.log  , 14321696.157686, 14140937.093213,   180759.064472, 5688624.705370,     31201,            26,      0,      0,      0,      0,      0,      0,      0,      0,      0,       0,       0,       0,       0,       0,       0,       0,       0,       0,       0,       0,       0,       0,       0,       0,       0,       0,         0
run_1_dpr_exponential_N1000_r20.log  , 15080529.908080, 14883398.363967,   197131.544113, 6061195.502079,     32868,            28,      0,      0,      0,      0,      0,      0,      0,      0,      0,       0,       0,       0,       0,       0,       0,       0,       0,       0,       0,       0,       0,       0,       0,       0,       0,       0,         0
run_1_dpr_exponential_N1000_r21.log  , 15842342.640659, 15647972.836649,   194369.804010, 6122445.187877,     33672,            28,      0,      0,      0,      0,      0,      0,      0,      0,      0,       0,       0,       0,       0,       0,       0,       0,       0,       0,       0,       0,       0,       0,       0,       0,       0,       0,         0
run_1_dpr_exponential_N1000_r22.log  , 16515944.814750, 16330419.296588,   185525.518161, 5980567.214923,     33813,            26,      0,      0,      0,      0,      0,      0,      0,      0,      0,       0,       0,       0,       0,       0,       0,       0,       0,       0,       0,       0,       0,       0,       0,       0,       0,       0,         0
run_1_dpr_exponential_N1000_r23.log  , 17252349.226675, 17063446.206024,   188903.020651, 6228149.768708,     34733,            27,      0,      0,      0,      0,      0,      0,      0,      0,      0,       0,       0,       0,       0,       0,       0,       0,       0,       0,       0,       0,       0,       0,       0,       0,       0,       0,         0
run_1_dpr_exponential_N1000_r24.log  , 17985061.271730, 17800934.695673,   184126.576057, 6343485.238104,     35558,            27,      0,      0,      0,      0,      0,      0,      0,      0,      0,       0,       0,       0,       0,       0,       0,       0,       0,       0,       0,       0,       0,       0,       0,       0,       0,       0,         0
run_1_dpr_exponential_N1000_r25.log  , 18706811.297735, 18513927.107284,   192884.190452, 6524955.930766,     36705,            28,      0,      0,      0,      0,      0,      0,      0,      0,      0,       0,       0,       0,       0,       0,       0,       0,       0,       0,       0,       0,       0,       0,       0,       0,       0,       0,         0
run_1_dpr_exponential_N1000_r26.log  , 19483582.741731, 19267834.340079,   215748.401651, 6734225.438763,     38018,            30,      0,      0,      0,      0,      0,      0,      0,      0,      0,       0,       0,       0,       0,       0,       0,       0,       0,       0,       0,       0,       0,       0,       0,       0,       0,       0,         0
run_2_dpr_exponential_N200_r2.log    ,  6911301.716569,  2052577.876252,  4858723.840317, 1571715.994046,     22616,           659,      0,      0,      0,      0,      0,      0,      0,      0,      0,       0,       0,       0,       0,       0,       0,       0,       0,       0,       0,       0,       0,       0,       0,       0,       0,       0,         0
run_2_dpr_exponential_N200_r3.log    ,  3991988.036972,  2458995.682122,  1532992.354850, 1773701.347437,     13249,           208,      0,      0,      0,      0,      0,      0,      0,      0,      0,       0,       0,       0,       0,       0,       0,       0,       0,       0,       0,       0,       0,       0,       0,       0,       0,       0,         0
run_2_dpr_exponential_N200_r4.log    ,  4209305.155674,  3142170.108421,  1067135.047253, 2117014.310523,     13688,           143,      0,      0,      0,      0,      0,      0,      0,      0,      0,       0,       0,       0,       0,       0,       0,       0,       0,       0,       0,       0,       0,       0,       0,       0,       0,       0,         0
run_2_dpr_exponential_N200_r5.log    ,  4689670.631765,  3832955.354903,   856715.276862, 2382090.041310,     14974,           115,      0,      0,      0,      0,      0,      0,      0,      0,      0,       0,       0,       0,       0,       0,       0,       0,       0,       0,       0,       0,       0,       0,       0,       0,       0,       0,         0
run_2_dpr_exponential_N200_r6.log    ,  5349002.752767,  4557747.169288,   791255.583479, 2631694.002329,     16704,           105,      0,      0,      0,      0,      0,      0,      0,      0,      0,       0,       0,       0,       0,       0,       0,       0,       0,       0,       0,       0,       0,       0,       0,       0,       0,       0,         0
run_2_dpr_exponential_N200_r7.log    ,  6054118.670841,  5287653.821883,   766464.848958, 2913810.625611,     18266,           102,      0,      0,      0,      0,      0,      0,      0,      0,      0,       0,       0,       0,       0,       0,       0,       0,       0,       0,       0,       0,       0,       0,       0,       0,       0,       0,         0
run_2_dpr_exponential_N200_r8.log    ,  6750185.502672,  6004199.028921,   745986.473751, 3106249.526036,     19522,            99,      0,      0,      0,      0,      0,      0,      0,      0,      0,       0,       0,       0,       0,       0,       0,       0,       0,       0,       0,       0,       0,       0,       0,       0,       0,       0,         0
run_2_dpr_exponential_N200_r9.log    ,  7421689.477503,  6699392.411882,   722297.065621, 3300459.123643,     21129,            99,      0,      0,      0,      0,      0,      0,      0,      0,      0,       0,       0,       0,       0,       0,       0,       0,       0,       0,       0,       0,       0,       0,       0,       0,       0,       0,         0
run_2_dpr_exponential_N200_r10.log   ,  8137662.316568,  7439825.392506,   697836.924062, 3464888.358164,     22147,            94,      0,      0,      0,      0,      0,      0,      0,      0,      0,       0,       0,       0,       0,       0,       0,       0,       0,       0,       0,       0,       0,       0,       0,       0,       0,       0,         0
run_2_dpr_exponential_N200_r11.log   ,  8867367.373997,  8151707.108007,   715660.265990, 3636612.629425,     23437,            95,      0,      0,      0,      0,      0,      0,      0,      0,      0,       0,       0,       0,       0,       0,       0,       0,       0,       0,       0,       0,       0,       0,       0,       0,       0,       0,         0
run_2_dpr_exponential_N200_r12.log   ,  9603003.151686,  8896268.112712,   706735.038973, 3753645.282940,     24669,            94,      0,      0,      0,      0,      0,      0,      0,      0,      0,       0,       0,       0,       0,       0,       0,       0,       0,       0,       0,       0,       0,       0,       0,       0,       0,       0,         0
run_2_dpr_exponential_N600_r2.log    ,  3731416.150594,  1814924.924816,  1916491.225778, 1423279.602441,     12502,           272,      0,      0,      0,      0,      0,      0,      0,      0,      0,       0,       0,       0,       0,       0,       0,       0,       0,       0,       0,       0,       0,       0,       0,       0,       0,       0,         0
run_2_dpr_exponential_N600_r3.log    ,  2991237.450992,  2386779.381438,   604458.069554, 1805620.317258,      9794,            86,      0,      0,      0,      0,      0,      0,      0,      0,      0,       0,       0,       0,       0,       0,       0,       0,       0,       0,       0,       0,       0,       0,       0,       0,       0,       0,         0
run_2_dpr_exponential_N600_r4.log    ,  3528624.819242,  3113405.341791,   415219.477451, 2229988.879796,     11632,            58,      0,      0,      0,      0,      0,      0,      0,      0,      0,       0,       0,       0,       0,       0,       0,       0,       0,       0,       0,       0,       0,       0,       0,       0,       0,       0,         0
run_2_dpr_exponential_N600_r5.log    ,  4174279.956050,  3827262.843166,   347017.112884, 2600391.963050,     13404,            48,      0,      0,      0,      0,      0,      0,      0,      0,      0,       0,       0,       0,       0,       0,       0,       0,       0,       0,       0,       0,       0,       0,       0,       0,       0,       0,         0
run_2_dpr_exponential_N600_r6.log    ,  4846763.793658,  4551131.058602,   295632.735056, 2877367.204389,     15277,            42,      0,      0,      0,      0,      0,      0,      0,      0,      0,       0,       0,       0,       0,       0,       0,       0,       0,       0,       0,       0,       0,       0,       0,       0,       0,       0,         0
run_2_dpr_exponential_N600_r7.log    ,  5578313.310121,  5278947.101514,   299366.208607, 3165688.454291,     17043,            41,      0,      0,      0,      0,      0,      0,      0,      0,      0,       0,       0,       0,       0,       0,       0,       0,       0,       0,       0,       0,       0,       0,       0,       0,       0,       0,         0
run_2_dpr_exponential_N600_r8.log    ,  6330689.349888,  6035704.276790,   294985.073097, 3505413.300657,     18627,            42,      0,      0,      0,      0,      0,      0,      0,      0,      0,       0,       0,       0,       0,       0,       0,       0,       0,       0,       0,       0,       0,       0,       0,       0,       0,       0,         0
run_2_dpr_exponential_N600_r9.log    ,  7015697.397688,  6744056.505469,   271640.892220, 3665056.454878,     19877,            38,      0,      0,      0,      0,      0,      0,      0,      0,      0,       0,       0,       0,       0,       0,       0,       0,       0,       0,       0,       0,       0,       0,       0,       0,       0,       0,         0
run_2_dpr_exponential_N600_r10.log   ,  7764147.441858,  7478869.100784,   285278.341075, 3926852.341058,     21271,            39,      0,      0,      0,      0,      0,      0,      0,      0,      0,       0,       0,       0,       0,       0,       0,       0,       0,       0,       0,       0,       0,       0,       0,       0,       0,       0,         0
run_2_dpr_exponential_N600_r11.log   ,  8497138.936849,  8217950.510644,   279188.426205, 4097053.410137,     22594,            39,      0,      0,      0,      0,      0,      0,      0,      0,      0,       0,       0,       0,       0,       0,       0,       0,       0,       0,       0,       0,       0,       0,       0,       0,       0,       0,         0
run_2_dpr_exponential_N600_r12.log   ,  9184288.209077,  8928535.051929,   255753.157148, 4180882.668705,     23666,            36,      0,      0,      0,      0,      0,      0,      0,      0,      0,       0,       0,       0,       0,       0,       0,       0,       0,       0,       0,       0,       0,       0,       0,       0,       0,       0,         0
run_2_dpr_exponential_N600_r13.log   ,  9942566.803629,  9675563.795563,   267003.008066, 4469902.802054,     25069,            38,      0,      0,      0,      0,      0,      0,      0,      0,      0,       0,       0,       0,       0,       0,       0,       0,       0,       0,       0,       0,       0,       0,       0,       0,       0,       0,         0
run_2_dpr_exponential_N600_r14.log   , 10699431.042167, 10420019.604966,   279411.437201, 4722917.161098,     26420,            40,      0,      0,      0,      0,      0,      0,      0,      0,      0,       0,       0,       0,       0,       0,       0,       0,       0,       0,       0,       0,       0,       0,       0,       0,       0,       0,         0
run_2_dpr_exponential_N600_r15.log   , 11415438.632327, 11147917.092288,   267521.540039, 4770349.990792,     27008,            38,      0,      0,      0,      0,      0,      0,      0,      0,      0,       0,       0,       0,       0,       0,       0,       0,       0,       0,       0,       0,       0,       0,       0,       0,       0,       0,         0
run_2_dpr_exponential_N600_r16.log   , 12159647.574581, 11873804.448052,   285843.126528, 5035643.059502,     28389,            40,      0,      0,      0,      0,      0,      0,      0,      0,      0,       0,       0,       0,       0,       0,       0,       0,       0,       0,       0,       0,       0,       0,       0,       0,       0,       0,         0
run_2_dpr_exponential_N600_r17.log   , 12896819.569752, 12607232.484608,   289587.085144, 5203962.238560,     29484,            41,      0,      0,      0,      0,      0,      0,      0,      0,      0,       0,       0,       0,       0,       0,       0,       0,       0,       0,       0,       0,       0,       0,       0,       0,       0,       0,         0
run_2_dpr_exponential_N600_r18.log   , 13658461.473502, 13350312.614866,   308148.858635, 5439008.829049,     30903,            43,      0,      0,      0,      0,      0,      0,      0,      0,      0,       0,       0,       0,       0,       0,       0,       0,       0,       0,       0,       0,       0,       0,       0,       0,       0,       0,         0
run_2_dpr_exponential_N600_r19.log   , 14358562.432452, 14060931.533477,   297630.898975, 5399216.626941,     31518,            41,      0,      0,      0,      0,      0,      0,      0,      0,      0,       0,       0,       0,       0,       0,       0,       0,       0,       0,       0,       0,       0,       0,       0,       0,       0,       0,         0
run_2_dpr_exponential_N600_r20.log   , 15090570.393910, 14796055.466698,   294514.927212, 5614829.463278,     32285,            42,      0,      0,      0,      0,      0,      0,      0,      0,      0,       0,       0,       0,       0,       0,       0,       0,       0,       0,       0,       0,       0,       0,       0,       0,       0,       0,         0
run_2_dpr_exponential_N1000_r2.log   ,  3098776.952941,  1774662.716758,  1324114.236183, 1377047.127309,     10329,           189,      0,      0,      0,      0,      0,      0,      0,      0,      0,       0,       0,       0,       0,       0,       0,       0,       0,       0,       0,       0,       0,       0,       0,       0,       0,       0,         0
run_2_dpr_exponential_N1000_r3.log   ,  2889953.036239,  2414300.248302,   475652.787937, 1849790.909152,      9635,            68,      0,      0,      0,      0,      0,      0,      0,      0,      0,       0,       0,       0,       0,       0,       0,       0,       0,       0,       0,       0,       0,       0,       0,       0,       0,       0,         0
run_2_dpr_exponential_N1000_r4.log   ,  3414630.372335,  3118050.387908,   296579.984426, 2266343.678483,     11322,            41,      0,      0,      0,      0,      0,      0,      0,      0,      0,       0,       0,       0,       0,       0,       0,       0,       0,       0,       0,       0,       0,       0,       0,       0,       0,       0,         0
run_2_dpr_exponential_N1000_r5.log   ,  4084830.326358,  3846178.507113,   238651.819245, 2651485.137590,     13208,            34,      0,      0,      0,      0,      0,      0,      0,      0,      0,       0,       0,       0,       0,       0,       0,       0,       0,       0,       0,       0,       0,       0,       0,       0,       0,       0,         0
run_2_dpr_exponential_N1000_r6.log   ,  4789627.074705,  4581467.523041,   208159.551664, 2999255.051838,     15167,            30,      0,      0,      0,      0,      0,      0,      0,      0,      0,       0,       0,       0,       0,       0,       0,       0,       0,       0,       0,       0,       0,       0,       0,       0,       0,       0,         0
run_2_dpr_exponential_N1000_r7.log   ,  5471522.506657,  5311448.139658,   160074.366999, 3165409.522531,     16656,            23,      0,      0,      0,      0,      0,      0,      0,      0,      0,       0,       0,       0,       0,       0,       0,       0,       0,       0,       0,       0,       0,       0,       0,       0,       0,       0,         0
run_2_dpr_exponential_N1000_r8.log   ,  6226992.322864,  6056042.436808,   170949.886056, 3544800.010733,     18273,            25,      0,      0,      0,      0,      0,      0,      0,      0,      0,       0,       0,       0,       0,       0,       0,       0,       0,       0,       0,       0,       0,       0,       0,       0,       0,       0,         0
run_2_dpr_exponential_N1000_r9.log   ,  6963643.911117,  6783998.287522,   179645.623594, 3758584.778821,     20041,            25,      0,      0,      0,      0,      0,      0,      0,      0,      0,       0,       0,       0,       0,       0,       0,       0,       0,       0,       0,       0,       0,       0,       0,       0,       0,       0,         0
run_2_dpr_exponential_N1000_r10.log  ,  7686109.671298,  7516137.538639,   169972.132659, 3975362.420287,     21447,            24,      0,      0,      0,      0,      0,      0,      0,      0,      0,       0,       0,       0,       0,       0,       0,       0,       0,       0,       0,       0,       0,       0,       0,       0,       0,       0,         0
run_2_dpr_exponential_N1000_r11.log  ,  8420566.661919,  8253734.409986,   166832.251932, 4182259.880016,     22488,            24,      0,      0,      0,      0,      0,      0,      0,      0,      0,       0,       0,       0,       0,       0,       0,       0,       0,       0,       0,       0,       0,       0,       0,       0,       0,       0,         0
run_2_dpr_exponential_N1000_r12.log  ,  9164603.607240,  8990570.919469,   174032.687771, 4455481.395356,     23655,            24,      0,      0,      0,      0,      0,      0,      0,      0,      0,       0,       0,       0,       0,       0,       0,       0,       0,       0,       0,       0,       0,       0,       0,       0,       0,       0,         0
run_2_dpr_exponential_N1000_r13.log  ,  9898972.372212,  9726827.188810,   172145.183403, 4576920.335892,     25013,            24,      0,      0,      0,      0,      0,      0,      0,      0,      0,       0,       0,       0,       0,       0,       0,       0,       0,       0,       0,       0,       0,       0,       0,       0,       0,       0,         0
run_2_dpr_exponential_N1000_r14.log  , 10669125.356924, 10484451.357557,   184673.999368, 4978776.488395,     26279,            26,      0,      0,      0,      0,      0,      0,      0,      0,      0,       0,       0,       0,       0,       0,       0,       0,       0,       0,       0,       0,       0,       0,       0,       0,       0,       0,         0
run_2_dpr_exponential_N1000_r15.log  , 11397143.700540, 11214024.387862,   183119.312678, 5012809.803575,     27289,            25,      0,      0,      0,      0,      0,      0,      0,      0,      0,       0,       0,       0,       0,       0,       0,       0,       0,       0,       0,       0,       0,       0,       0,       0,       0,       0,         0
run_2_dpr_exponential_N1000_r16.log  , 12102220.621018, 11926952.689876,   175267.931142, 5209587.108491,     28409,            25,      0,      0,      0,      0,      0,      0,      0,      0,      0,       0,       0,       0,       0,       0,       0,       0,       0,       0,       0,       0,       0,       0,       0,       0,       0,       0,         0
run_2_dpr_exponential_N1000_r17.log  , 12868031.003146, 12682230.854145,   185800.149001, 5425345.393550,     29615,            26,      0,      0,      0,      0,      0,      0,      0,      0,      0,       0,       0,       0,       0,       0,       0,       0,       0,       0,       0,       0,       0,       0,       0,       0,       0,       0,         0
run_2_dpr_exponential_N1000_r18.log  , 13579999.602142, 13405390.400771,   174609.201371, 5441568.809912,     30240,            25,      0,      0,      0,      0,      0,      0,      0,      0,      0,       0,       0,       0,       0,       0,       0,       0,       0,       0,       0,       0,       0,       0,       0,       0,       0,       0,         0
run_2_dpr_exponential_N1000_r19.log  , 14340857.656849, 14149455.059829,   191402.597020, 5710602.664431,     31963,            27,      0,      0,      0,      0,      0,      0,      0,      0,      0,       0,       0,       0,       0,       0,       0,       0,       0,       0,       0,       0,       0,       0,       0,       0,       0,       0,         0
run_2_dpr_exponential_N1000_r20.log  , 15060991.926914, 14880651.440271,   180340.486643, 5808387.445870,     32132,            26,      0,      0,      0,      0,      0,      0,      0,      0,      0,       0,       0,       0,       0,       0,       0,       0,       0,       0,       0,       0,       0,       0,       0,       0,       0,       0,         0
run_2_dpr_exponential_N1000_r21.log  , 15815334.366880, 15625829.517224,   189504.849655, 5987622.138046,     33297,            27,      0,      0,      0,      0,      0,      0,      0,      0,      0,       0,       0,       0,       0,       0,       0,       0,       0,       0,       0,       0,       0,       0,       0,       0,       0,       0,         0
run_2_dpr_exponential_N1000_r22.log  , 16525759.264990, 16328210.408242,   197548.856749, 6094610.703851,     34348,            28,      0,      0,      0,      0,      0,      0,      0,      0,      0,       0,       0,       0,       0,       0,       0,       0,       0,       0,       0,       0,       0,       0,       0,       0,       0,       0,         0
run_2_dpr_exponential_N1000_r23.log  , 17280328.479902, 17079203.395003,   201125.084898, 6403528.686168,     35281,            28,      0,      0,      0,      0,      0,      0,      0,      0,      0,       0,       0,       0,       0,       0,       0,       0,       0,       0,       0,       0,       0,       0,       0,       0,       0,       0,         0
run_2_dpr_exponential_N1000_r24.log  , 17986271.835447, 17793328.881054,   192942.954393, 6366713.066309,     35711,            27,      0,      0,      0,      0,      0,      0,      0,      0,      0,       0,       0,       0,       0,       0,       0,       0,       0,       0,       0,       0,       0,       0,       0,       0,       0,       0,         0
run_2_dpr_exponential_N1000_r25.log  , 18736422.699309, 18536667.541506,   199755.157802, 6524332.243425,     36668,            28,      0,      0,      0,      0,      0,      0,      0,      0,      0,       0,       0,       0,       0,       0,       0,       0,       0,       0,       0,       0,       0,       0,       0,       0,       0,       0,         0
run_2_dpr_exponential_N1000_r26.log  , 19462788.730358, 19257846.732166,   204941.998193, 6705750.043256,     37792,            29,      0,      0,      0,      0,      0,      0,      0,      0,      0,       0,       0,       0,       0,       0,       0,       0,       0,       0,       0,       0,       0,       0,       0,       0,       0,       0,         0
run_3_dpr_exponential_N200_r2.log    ,  6865385.209708,  2050450.337882,  4814934.871827, 1571656.790614,     22226,           652,      0,      0,      0,      0,      0,      0,      0,      0,      0,       0,       0,       0,       0,       0,       0,       0,       0,       0,       0,       0,       0,       0,       0,       0,       0,       0,         0
run_3_dpr_exponential_N200_r3.log    ,  3941393.557873,  2444634.405812,  1496759.152061, 1762934.455585,     12806,           204,      0,      0,      0,      0,      0,      0,      0,      0,      0,       0,       0,       0,       0,       0,       0,       0,       0,       0,       0,       0,       0,       0,       0,       0,       0,       0,         0
run_3_dpr_exponential_N200_r4.log    ,  4153466.269705,  3139740.688096,  1013725.581609, 2113848.648672,     13469,           137,      0,      0,      0,      0,      0,      0,      0,      0,      0,       0,       0,       0,       0,       0,       0,       0,       0,       0,       0,       0,       0,       0,       0,       0,       0,       0,         0
run_3_dpr_exponential_N200_r5.log    ,  4685818.453477,  3836697.340399,   849121.113078, 2404420.225216,     14995,           117,      0,      0,      0,      0,      0,      0,      0,      0,      0,       0,       0,       0,       0,       0,       0,       0,       0,       0,       0,       0,       0,       0,       0,       0,       0,       0,         0
run_3_dpr_exponential_N200_r6.log    ,  5386486.126562,  4566166.347270,   820319.779292, 2692496.291840,     16647,           110,      0,      0,      0,      0,      0,      0,      0,      0,      0,       0,       0,       0,       0,       0,       0,       0,       0,       0,       0,       0,       0,       0,       0,       0,       0,       0,         0
run_3_dpr_exponential_N200_r7.log    ,  6002433.781185,  5267471.914847,   734961.866338, 2882813.896274,     17902,            99,      0,      0,      0,      0,      0,      0,      0,      0,      0,       0,       0,       0,       0,       0,       0,       0,       0,       0,       0,       0,       0,       0,       0,       0,       0,       0,         0
run_3_dpr_exponential_N200_r8.log    ,  6736136.086535,  6003541.359690,   732594.726846, 3076603.818705,     19879,            97,      0,      0,      0,      0,      0,      0,      0,      0,      0,       0,       0,       0,       0,       0,       0,       0,       0,       0,       0,       0,       0,       0,       0,       0,       0,       0,         0
run_3_dpr_exponential_N200_r9.log    ,  7404272.875909,  6707118.963995,   697153.911915, 3280476.953521,     20722,            95,      0,      0,      0,      0,      0,      0,      0,      0,      0,       0,       0,       0,       0,       0,       0,       0,       0,       0,       0,       0,       0,       0,       0,       0,       0,       0,         0
run_3_dpr_exponential_N200_r10.log   ,  8148546.862049,  7435228.085088,   713318.776961, 3479803.597543,     22429,            97,      0,      0,      0,      0,      0,      0,      0,      0,      0,       0,       0,       0,       0,       0,       0,       0,       0,       0,       0,       0,       0,       0,       0,       0,       0,       0,         0
run_3_dpr_exponential_N200_r11.log   ,  8845377.275781,  8151219.457001,   694157.818780, 3592805.467743,     23386,            94,      0,      0,      0,      0,      0,      0,      0,      0,      0,       0,       0,       0,       0,       0,       0,       0,       0,       0,       0,       0,       0,       0,       0,       0,       0,       0,         0
run_3_dpr_exponential_N200_r12.log   ,  9597065.475036,  8902310.207471,   694755.267565, 3789973.247092,     24513,            95,      0,      0,      0,      0,      0,      0,      0,      0,      0,       0,       0,       0,       0,       0,       0,       0,       0,       0,       0,       0,       0,       0,       0,       0,       0,       0,         0
run_3_dpr_exponential_N600_r2.log    ,  3588581.520356,  1793590.721421,  1794990.798935, 1407504.759653,     11876,           256,      0,      0,      0,      0,      0,      0,      0,      0,      0,       0,       0,       0,       0,       0,       0,       0,       0,       0,       0,       0,       0,       0,       0,       0,       0,       0,         0
run_3_dpr_exponential_N600_r3.log    ,  3009577.977387,  2398052.029951,   611525.947436, 1823738.168419,      9806,            87,      0,      0,      0,      0,      0,      0,      0,      0,      0,       0,       0,       0,       0,       0,       0,       0,       0,       0,       0,       0,       0,       0,       0,       0,       0,       0,         0
run_3_dpr_exponential_N600_r4.log    ,  3510278.536532,  3095384.278609,   414894.257923, 2224225.169719,     11598,            59,      0,      0,      0,      0,      0,      0,      0,      0,      0,       0,       0,       0,       0,       0,       0,       0,       0,       0,       0,       0,       0,       0,       0,       0,       0,       0,         0
run_3_dpr_exponential_N600_r5.log    ,  4125620.651969,  3813663.688805,   311956.963164, 2535656.769505,     13438,            45,      0,      0,      0,      0,      0,      0,      0,      0,      0,       0,       0,       0,       0,       0,       0,       0,       0,       0,       0,       0,       0,       0,       0,       0,       0,       0,         0
run_3_dpr_exponential_N600_r6.log    ,  4848498.713684,  4552796.699278,   295702.014406, 2860591.304101,     15469,            42,      0,      0,      0,      0,      0,      0,      0,      0,      0,       0,       0,       0,       0,       0,       0,       0,       0,       0,       0,       0,       0,       0,       0,       0,       0,       0,         0
run_3_dpr_exponential_N600_r7.log    ,  5586465.999780,  5286319.557591,   300146.442189, 3214645.471084,     17024,            42,      0,      0,      0,      0,      0,      0,      0,      0,      0,       0,       0,       0,       0,       0,       0,       0,       0,       0,       0,       0,       0,       0,       0,       0,       0,       0,         0
run_3_dpr_exponential_N600_r8.log    ,  6283849.555015,  6018813.636478,   265035.918537, 3362320.054305,     18290,            37,      0,      0,      0,      0,      0,      0,      0,      0,      0,       0,       0,       0,       0,       0,       0,       0,       0,       0,       0,       0,       0,       0,       0,       0,       0,       0,         0
run_3_dpr_exponential_N600_r9.log    ,  7024327.862782,  6746537.411236,   277790.451546, 3675320.265300,     20040,            39,      0,      0,      0,      0,      0,      0,      0,      0,      0,       0,       0,       0,       0,       0,       0,       0,       0,       0,       0,       0,       0,       0,       0,       0,       0,       0,         0
run_3_dpr_exponential_N600_r10.log   ,  7730068.321101,  7472272.835146,   257795.485955, 3832284.036213,     21161,            37,      0,      0,      0,      0,      0,      0,      0,      0,      0,       0,       0,       0,       0,       0,       0,       0,       0,       0,       0,       0,       0,       0,       0,       0,       0,       0,         0
run_3_dpr_exponential_N600_r11.log   ,  8477477.811275,  8212771.321274,   264706.490001, 4031297.142268,     22626,            37,      0,      0,      0,      0,      0,      0,      0,      0,      0,       0,       0,       0,       0,       0,       0,       0,       0,       0,       0,       0,       0,       0,       0,       0,       0,       0,         0
run_3_dpr_exponential_N600_r12.log   ,  9206478.425060,  8939097.166302,   267381.258759, 4277926.014491,     23711,            38,      0,      0,      0,      0,      0,      0,      0,      0,      0,       0,       0,       0,       0,       0,       0,       0,       0,       0,       0,       0,       0,       0,       0,       0,       0,       0,         0
run_3_dpr_exponential_N600_r13.log   ,  9953526.860247,  9677016.371101,   276510.489146, 4510920.698940,     25087,            39,      0,      0,      0,      0,      0,      0,      0,      0,      0,       0,       0,       0,       0,       0,       0,       0,       0,       0,       0,       0,       0,       0,       0,       0,       0,       0,         0
run_3_dpr_exponential_N600_r14.log   , 10685886.545317, 10414814.397558,   271072.147759, 4700484.069517,     26063,            39,      0,      0,      0,      0,      0,      0,      0,      0,      0,       0,       0,       0,       0,       0,       0,       0,       0,       0,       0,       0,       0,       0,       0,       0,       0,       0,         0
run_3_dpr_exponential_N600_r15.log   , 11413736.594005, 11137447.848900,   276288.745106, 4797705.858067,     27349,            39,      0,      0,      0,      0,      0,      0,      0,      0,      0,       0,       0,       0,       0,       0,       0,       0,       0,       0,       0,       0,       0,       0,       0,       0,       0,       0,         0
run_3_dpr_exponential_N600_r16.log   , 12152083.953152, 11880545.014228,   271538.938924, 4965011.729183,     28189,            39,      0,      0,      0,      0,      0,      0,      0,      0,      0,       0,       0,       0,       0,       0,       0,       0,       0,       0,       0,       0,       0,       0,       0,       0,       0,       0,         0
run_3_dpr_exponential_N600_r17.log   , 12854807.392945, 12574752.221973,   280055.170972, 5062171.542782,     29284,            39,      0,      0,      0,      0,      0,      0,      0,      0,      0,       0,       0,       0,       0,       0,       0,       0,       0,       0,       0,       0,       0,       0,       0,       0,       0,       0,         0
run_3_dpr_exponential_N600_r18.log   , 13630748.803341, 13335993.178771,   294755.624570, 5352205.421776,     30327,            41,      0,      0,      0,      0,      0,      0,      0,      0,      0,       0,       0,       0,       0,       0,       0,       0,       0,       0,       0,       0,       0,       0,       0,       0,       0,       0,         0
run_3_dpr_exponential_N600_r19.log   , 14353471.649632, 14053973.362667,   299498.286965, 5426426.619187,     31436,            41,      0,      0,      0,      0,      0,      0,      0,      0,      0,       0,       0,       0,       0,       0,       0,       0,       0,       0,       0,       0,       0,       0,       0,       0,       0,       0,         0
run_3_dpr_exponential_N600_r20.log   , 15077695.488360, 14787517.727725,   290177.760635, 5506876.010807,     32371,            41,      0,      0,      0,      0,      0,      0,      0,      0,      0,       0,       0,       0,       0,       0,       0,       0,       0,       0,       0,       0,       0,       0,       0,       0,       0,       0,         0
run_3_dpr_exponential_N1000_r2.log   ,  2999445.224174,  1767362.335921,  1232082.888252, 1369305.166431,      9916,           176,      0,      0,      0,      0,      0,      0,      0,      0,      0,       0,       0,       0,       0,       0,       0,       0,       0,       0,       0,       0,       0,       0,       0,       0,       0,       0,         0
run_3_dpr_exponential_N1000_r3.log   ,  2929566.142826,  2424812.547039,   504753.595786, 1867558.614216,      9834,            72,      0,      0,      0,      0,      0,      0,      0,      0,      0,       0,       0,       0,       0,       0,       0,       0,       0,       0,       0,       0,       0,       0,       0,       0,       0,       0,         0
run_3_dpr_exponential_N1000_r4.log   ,  3402896.005889,  3114466.467651,   288429.538238, 2266439.835015,     11247,            41,      0,      0,      0,      0,      0,      0,      0,      0,      0,       0,       0,       0,       0,       0,       0,       0,       0,       0,       0,       0,       0,       0,       0,       0,       0,       0,         0
run_3_dpr_exponential_N1000_r5.log   ,  4040481.754163,  3828165.156152,   212316.598011, 2611611.691881,     13099,            31,      0,      0,      0,      0,      0,      0,      0,      0,      0,       0,       0,       0,       0,       0,       0,       0,       0,       0,       0,       0,       0,       0,       0,       0,       0,       0,         0
run_3_dpr_exponential_N1000_r6.log   ,  4794093.859453,  4585967.356922,   208126.502531, 2999540.798351,     15241,            30,      0,      0,      0,      0,      0,      0,      0,      0,      0,       0,       0,       0,       0,       0,       0,       0,       0,       0,       0,       0,       0,       0,       0,       0,       0,       0,         0
run_3_dpr_exponential_N1000_r7.log   ,  5500393.515122,  5305657.642989,   194735.872132, 3294623.857353,     16832,            27,      0,      0,      0,      0,      0,      0,      0,      0,      0,       0,       0,       0,       0,       0,       0,       0,       0,       0,       0,       0,       0,       0,       0,       0,       0,       0,         0
run_3_dpr_exponential_N1000_r8.log   ,  6217670.201481,  6033693.381820,   183976.819662, 3521840.942435,     18316,            25,      0,      0,      0,      0,      0,      0,      0,      0,      0,       0,       0,       0,       0,       0,       0,       0,       0,       0,       0,       0,       0,       0,       0,       0,       0,       0,         0
run_3_dpr_exponential_N1000_r9.log   ,  6987273.099964,  6810538.655542,   176734.444422, 3824315.509978,     19874,            25,      0,      0,      0,      0,      0,      0,      0,      0,      0,       0,       0,       0,       0,       0,       0,       0,       0,       0,       0,       0,       0,       0,       0,       0,       0,       0,         0
run_3_dpr_exponential_N1000_r10.log  ,  7705911.318190,  7526831.761852,   179079.556339, 4057280.027949,     21366,            25,      0,      0,      0,      0,      0,      0,      0,      0,      0,       0,       0,       0,       0,       0,       0,       0,       0,       0,       0,       0,       0,       0,       0,       0,       0,       0,         0
run_3_dpr_exponential_N1000_r11.log  ,  8409980.972215,  8253756.361941,   156224.610274, 4090006.073458,     22221,            22,      0,      0,      0,      0,      0,      0,      0,      0,      0,       0,       0,       0,       0,       0,       0,       0,       0,       0,       0,       0,       0,       0,       0,       0,       0,       0,         0
run_3_dpr_exponential_N1000_r12.log  ,  9160355.255654,  8985479.847736,   174875.407918, 4525215.837438,     23840,            25,      0,      0,      0,      0,      0,      0,      0,      0,      0,       0,       0,       0,       0,       0,       0,       0,       0,       0,       0,       0,       0,       0,       0,       0,       0,       0,         0
run_3_dpr_exponential_N1000_r13.log  ,  9880348.813652,  9717472.235222,   162876.578430, 4543252.850049,     24623,            23,      0,      0,      0,      0,      0,      0,      0,      0,      0,       0,       0,       0,       0,       0,       0,       0,       0,       0,       0,       0,       0,       0,       0,       0,       0,       0,         0
run_3_dpr_exponential_N1000_r14.log  , 10642624.443493, 10463831.587914,   178792.855579, 4860798.943653,     26268,            25,      0,      0,      0,      0,      0,      0,      0,      0,      0,       0,       0,       0,       0,       0,       0,       0,       0,       0,       0,       0,       0,       0,       0,       0,       0,       0,         0
run_3_dpr_exponential_N1000_r15.log  , 11388836.226613, 11217341.140427,   171495.086186, 5044200.324695,     27102,            25,      0,      0,      0,      0,      0,      0,      0,      0,      0,       0,       0,       0,       0,       0,       0,       0,       0,       0,       0,       0,       0,       0,       0,       0,       0,       0,         0
run_3_dpr_exponential_N1000_r16.log  , 12128099.225269, 11939966.835634,   188132.389635, 5315643.269883,     28448,            26,      0,      0,      0,      0,      0,      0,      0,      0,      0,       0,       0,       0,       0,       0,       0,       0,       0,       0,       0,       0,       0,       0,       0,       0,       0,       0,         0
run_3_dpr_exponential_N1000_r17.log  , 12853418.697976, 12669504.427475,   183914.270500, 5417977.885918,     29540,            26,      0,      0,      0,      0,      0,      0,      0,      0,      0,       0,       0,       0,       0,       0,       0,       0,       0,       0,       0,       0,       0,       0,       0,       0,       0,       0,         0
run_3_dpr_exponential_N1000_r18.log  , 13581340.264766, 13406108.210935,   175232.053831, 5480036.508976,     30574,            25,      0,      0,      0,      0,      0,      0,      0,      0,      0,       0,       0,       0,       0,       0,       0,       0,       0,       0,       0,       0,       0,       0,       0,       0,       0,       0,         0
run_3_dpr_exponential_N1000_r19.log  , 14344928.328043, 14159938.726312,   184989.601731, 5690118.659909,     31367,            26,      0,      0,      0,      0,      0,      0,      0,      0,      0,       0,       0,       0,       0,       0,       0,       0,       0,       0,       0,       0,       0,       0,       0,       0,       0,       0,         0
run_3_dpr_exponential_N1000_r20.log  , 15058305.743990, 14874251.394937,   184054.349052, 5794885.330198,     32457,            26,      0,      0,      0,      0,      0,      0,      0,      0,      0,       0,       0,       0,       0,       0,       0,       0,       0,       0,       0,       0,       0,       0,       0,       0,       0,       0,         0
run_3_dpr_exponential_N1000_r21.log  , 15792918.971315, 15609365.982336,   183552.988979, 5856117.331256,     33106,            26,      0,      0,      0,      0,      0,      0,      0,      0,      0,       0,       0,       0,       0,       0,       0,       0,       0,       0,       0,       0,       0,       0,       0,       0,       0,       0,         0
run_3_dpr_exponential_N1000_r22.log  , 16547813.796144, 16344303.425457,   203510.370687, 6301805.122733,     34268,            28,      0,      0,      0,      0,      0,      0,      0,      0,      0,       0,       0,       0,       0,       0,       0,       0,       0,       0,       0,       0,       0,       0,       0,       0,       0,       0,         0
run_3_dpr_exponential_N1000_r23.log  , 17250580.891838, 17059942.791931,   190638.099907, 6221177.837120,     34776,            27,      0,      0,      0,      0,      0,      0,      0,      0,      0,       0,       0,       0,       0,       0,       0,       0,       0,       0,       0,       0,       0,       0,       0,       0,       0,       0,         0
run_3_dpr_exponential_N1000_r24.log  , 18032655.317040, 17830834.603645,   201820.713395, 6620020.958300,     36248,            29,      0,      0,      0,      0,      0,      0,      0,      0,      0,       0,       0,       0,       0,       0,       0,       0,       0,       0,       0,       0,       0,       0,       0,       0,       0,       0,         0
run_3_dpr_exponential_N1000_r25.log  , 18751487.939887, 18547568.205324,   203919.734563, 6718200.856538,     36978,            29,      0,      0,      0,      0,      0,      0,      0,      0,      0,       0,       0,       0,       0,       0,       0,       0,       0,       0,       0,       0,       0,       0,       0,       0,       0,       0,         0
run_3_dpr_exponential_N1000_r26.log  , 19454326.673421, 19254302.381577,   200024.291844, 6738542.498222,     37651,            29,      0,      0,      0,      0,      0,      0,      0,      0,      0,       0,       0,       0,       0,       0,       0,       0,       0,       0,       0,       0,       0,       0,       0,       0,       0,       0,         0
run_1_dpr_weibull_N200_r2.log        ,  6290513.172545,  1984051.586127,  4306461.586418, 1513666.228723,     20379,           554,      0,      0,      0,      0,      0,      0,      0,      0,      0,       0,       0,       0,       0,       0,       0,       0,       0,       0,       0,       0,       0,       0,       0,       0,       0,       0,         0
run_1_dpr_weibull_N200_r3.log        ,  4003599.133015,  2440458.321960,  1563140.811055, 1761705.936474,     13254,           199,      0,      0,      0,      0,      0,      0,      0,      0,      0,       0,       0,       0,       0,       0,       0,       0,       0,       0,       0,       0,       0,       0,       0,       0,       0,       0,         0
run_1_dpr_weibull_N200_r4.log        ,  4071077.100596,  3113020.246423,   958056.854173, 2080383.760790,     13535,           124,      0,      0,      0,      0,      0,      0,      0,      0,      0,       0,       0,       0,       0,       0,       0,       0,       0,       0,       0,       0,       0,       0,       0,       0,       0,       0,         0
run_1_dpr_weibull_N200_r5.log        ,  4522834.854785,  3812675.796938,   710159.057847, 2343845.118913,     14369,            94,      0,      0,      0,      0,      0,      0,      0,      0,      0,       0,       0,       0,       0,       0,       0,       0,       0,       0,       0,       0,       0,       0,       0,       0,       0,       0,         0
run_1_dpr_weibull_N200_r6.log        ,  5277884.596813,  4552428.054656,   725456.542157, 2688888.857131,     16559,            94,      0,      0,      0,      0,      0,      0,      0,      0,      0,       0,       0,       0,       0,       0,       0,       0,       0,       0,       0,       0,       0,       0,       0,       0,       0,       0,         0
run_1_dpr_weibull_N200_r7.log        ,  5854515.896758,  5239001.030488,   615514.866271, 2807161.958124,     17629,            78,      0,      0,      0,      0,      0,      0,      0,      0,      0,       0,       0,       0,       0,       0,       0,       0,       0,       0,       0,       0,       0,       0,       0,       0,       0,       0,         0
run_1_dpr_weibull_N200_r8.log        ,  6547362.384763,  5946754.388068,   600607.996695, 3005455.630812,     19589,            78,      0,      0,      0,      0,      0,      0,      0,      0,      0,       0,       0,       0,       0,       0,       0,       0,       0,       0,       0,       0,       0,       0,       0,       0,       0,       0,         0
run_1_dpr_weibull_N200_r9.log        ,  7277473.700258,  6664795.411374,   612678.288884, 3246591.619807,     20729,            78,      0,      0,      0,      0,      0,      0,      0,      0,      0,       0,       0,       0,       0,       0,       0,       0,       0,       0,       0,       0,       0,       0,       0,       0,       0,       0,         0
run_1_dpr_weibull_N200_r10.log       ,  7985114.430122,  7390536.011014,   594578.419108, 3371534.164875,     22200,            76,      0,      0,      0,      0,      0,      0,      0,      0,      0,       0,       0,       0,       0,       0,       0,       0,       0,       0,       0,       0,       0,       0,       0,       0,       0,       0,         0
run_1_dpr_weibull_N200_r11.log       ,  8731446.236426,  8130597.929178,   600848.307248, 3593664.253025,     23503,            78,      0,      0,      0,      0,      0,      0,      0,      0,      0,       0,       0,       0,       0,       0,       0,       0,       0,       0,       0,       0,       0,       0,       0,       0,       0,       0,         0
run_1_dpr_weibull_N200_r12.log       ,  9431593.408975,  8841601.313243,   589992.095732, 3698686.696943,     24902,            75,      0,      0,      0,      0,      0,      0,      0,      0,      0,       0,       0,       0,       0,       0,       0,       0,       0,       0,       0,       0,       0,       0,       0,       0,       0,       0,         0
run_1_dpr_weibull_N600_r2.log        ,  3765607.563960,  1811301.385056,  1954306.178904, 1419966.207096,     12369,           264,      0,      0,      0,      0,      0,      0,      0,      0,      0,       0,       0,       0,       0,       0,       0,       0,       0,       0,       0,       0,       0,       0,       0,       0,       0,       0,         0
run_1_dpr_weibull_N600_r3.log        ,  2990425.386538,  2391762.746242,   598662.640296, 1801892.810275,     10231,            83,      0,      0,      0,      0,      0,      0,      0,      0,      0,       0,       0,       0,       0,       0,       0,       0,       0,       0,       0,       0,       0,       0,       0,       0,       0,       0,         0
run_1_dpr_weibull_N600_r4.log        ,  3507538.541533,  3105163.691686,   402374.849847, 2229238.634715,     11635,            55,      0,      0,      0,      0,      0,      0,      0,      0,      0,       0,       0,       0,       0,       0,       0,       0,       0,       0,       0,       0,       0,       0,       0,       0,       0,       0,         0
run_1_dpr_weibull_N600_r5.log        ,  4149320.351997,  3818854.849569,   330465.502428, 2571929.759431,     13724,            45,      0,      0,      0,      0,      0,      0,      0,      0,      0,       0,       0,       0,       0,       0,       0,       0,       0,       0,       0,       0,       0,       0,       0,       0,       0,       0,         0
run_1_dpr_weibull_N600_r6.log        ,  4794166.367462,  4530729.207312,   263437.160150, 2839614.074483,     15273,            36,      0,      0,      0,      0,      0,      0,      0,      0,      0,       0,       0,       0,       0,       0,       0,       0,       0,       0,       0,       0,       0,       0,       0,       0,       0,       0,         0
run_1_dpr_weibull_N600_r7.log        ,  5567977.001375,  5275814.157848,   292162.843526, 3219548.830968,     16964,            39,      0,      0,      0,      0,      0,      0,      0,      0,      0,       0,       0,       0,       0,       0,       0,       0,       0,       0,       0,       0,       0,       0,       0,       0,       0,       0,         0
run_1_dpr_weibull_N600_r8.log        ,  6221963.548712,  5993873.597572,   228089.951141, 3295753.419996,     18575,            31,      0,      0,      0,      0,      0,      0,      0,      0,      0,       0,       0,       0,       0,       0,       0,       0,       0,       0,       0,       0,       0,       0,       0,       0,       0,       0,         0
run_1_dpr_weibull_N600_r9.log        ,  6976519.833483,  6733351.972855,   243167.860628, 3677558.663186,     19633,            33,      0,      0,      0,      0,      0,      0,      0,      0,      0,       0,       0,       0,       0,       0,       0,       0,       0,       0,       0,       0,       0,       0,       0,       0,       0,       0,         0
run_1_dpr_weibull_N600_r10.log       ,  7709298.383148,  7468132.469982,   241165.913167, 3863700.823434,     21358,            33,      0,      0,      0,      0,      0,      0,      0,      0,      0,       0,       0,       0,       0,       0,       0,       0,       0,       0,       0,       0,       0,       0,       0,       0,       0,       0,         0
run_1_dpr_weibull_N600_r11.log       ,  8416461.294666,  8188742.218239,   227719.076427, 4061251.619252,     22341,            31,      0,      0,      0,      0,      0,      0,      0,      0,      0,       0,       0,       0,       0,       0,       0,       0,       0,       0,       0,       0,       0,       0,       0,       0,       0,       0,         0
run_1_dpr_weibull_N600_r12.log       ,  9184130.843479,  8932629.898282,   251500.945196, 4315553.382189,     23987,            34,      0,      0,      0,      0,      0,      0,      0,      0,      0,       0,       0,       0,       0,       0,       0,       0,       0,       0,       0,       0,       0,       0,       0,       0,       0,       0,         0
run_1_dpr_weibull_N600_r13.log       ,  9876062.857999,  9656220.240909,   219842.617090, 4372433.508470,     24978,            31,      0,      0,      0,      0,      0,      0,      0,      0,      0,       0,       0,       0,       0,       0,       0,       0,       0,       0,       0,       0,       0,       0,       0,       0,       0,       0,         0
run_1_dpr_weibull_N600_r14.log       , 10607895.227119, 10388013.725346,   219881.501772, 4525768.289711,     25532,            30,      0,      0,      0,      0,      0,      0,      0,      0,      0,       0,       0,       0,       0,       0,       0,       0,       0,       0,       0,       0,       0,       0,       0,       0,       0,       0,         0
run_1_dpr_weibull_N600_r15.log       , 11325575.444209, 11102964.132395,   222611.311814, 4596071.999785,     26885,            30,      0,      0,      0,      0,      0,      0,      0,      0,      0,       0,       0,       0,       0,       0,       0,       0,       0,       0,       0,       0,       0,       0,       0,       0,       0,       0,         0
run_1_dpr_weibull_N600_r16.log       , 12062170.525891, 11844631.338554,   217539.187337, 4904903.035844,     27765,            31,      0,      0,      0,      0,      0,      0,      0,      0,      0,       0,       0,       0,       0,       0,       0,       0,       0,       0,       0,       0,       0,       0,       0,       0,       0,       0,         0
run_1_dpr_weibull_N600_r17.log       , 12763191.430993, 12544165.455137,   219025.975856, 4894429.525500,     28520,            30,      0,      0,      0,      0,      0,      0,      0,      0,      0,       0,       0,       0,       0,       0,       0,       0,       0,       0,       0,       0,       0,       0,       0,       0,       0,       0,         0
run_1_dpr_weibull_N600_r18.log       , 13523776.562394, 13292761.662731,   231014.899663, 5217274.836227,     29527,            32,      0,      0,      0,      0,      0,      0,      0,      0,      0,       0,       0,       0,       0,       0,       0,       0,       0,       0,       0,       0,       0,       0,       0,       0,       0,       0,         0
run_1_dpr_weibull_N600_r19.log       , 14272707.185183, 14029732.047535,   242975.137648, 5354135.041506,     30810,            33,      0,      0,      0,      0,      0,      0,      0,      0,      0,       0,       0,       0,       0,       0,       0,       0,       0,       0,       0,       0,       0,       0,       0,       0,       0,       0,         0
run_1_dpr_weibull_N600_r20.log       , 15010666.551921, 14763358.987564,   247307.564357, 5562329.916833,     31621,            34,      0,      0,      0,      0,      0,      0,      0,      0,      0,       0,       0,       0,       0,       0,       0,       0,       0,       0,       0,       0,       0,       0,       0,       0,       0,       0,         0
run_1_dpr_weibull_N1000_r2.log       ,  3155728.425168,  1781638.387675,  1374090.037493, 1382061.047743,     10832,           190,      0,      0,      0,      0,      0,      0,      0,      0,      0,       0,       0,       0,       0,       0,       0,       0,       0,       0,       0,       0,       0,       0,       0,       0,       0,       0,         0
run_1_dpr_weibull_N1000_r3.log       ,  2870899.448119,  2420942.427887,   449957.020232, 1842876.189429,      9786,            63,      0,      0,      0,      0,      0,      0,      0,      0,      0,       0,       0,       0,       0,       0,       0,       0,       0,       0,       0,       0,       0,       0,       0,       0,       0,       0,         0
run_1_dpr_weibull_N1000_r4.log       ,  3390813.976616,  3119490.861260,   271323.115356, 2255753.351185,     11614,            38,      0,      0,      0,      0,      0,      0,      0,      0,      0,       0,       0,       0,       0,       0,       0,       0,       0,       0,       0,       0,       0,       0,       0,       0,       0,       0,         0
run_1_dpr_weibull_N1000_r5.log       ,  4063496.911959,  3842852.983061,   220643.928898, 2649739.588296,     13614,            31,      0,      0,      0,      0,      0,      0,      0,      0,      0,       0,       0,       0,       0,       0,       0,       0,       0,       0,       0,       0,       0,       0,       0,       0,       0,       0,         0
run_1_dpr_weibull_N1000_r6.log       ,  4756790.673911,  4574303.124832,   182487.549079, 2966795.358680,     15361,            26,      0,      0,      0,      0,      0,      0,      0,      0,      0,       0,       0,       0,       0,       0,       0,       0,       0,       0,       0,       0,       0,       0,       0,       0,       0,       0,         0
run_1_dpr_weibull_N1000_r7.log       ,  5469780.921318,  5303855.156037,   165925.765281, 3222928.538445,     16969,            23,      0,      0,      0,      0,      0,      0,      0,      0,      0,       0,       0,       0,       0,       0,       0,       0,       0,       0,       0,       0,       0,       0,       0,       0,       0,       0,         0
run_1_dpr_weibull_N1000_r8.log       ,  6197893.079167,  6031012.185503,   166880.893664, 3511690.532800,     18651,            23,      0,      0,      0,      0,      0,      0,      0,      0,      0,       0,       0,       0,       0,       0,       0,       0,       0,       0,       0,       0,       0,       0,       0,       0,       0,       0,         0
run_1_dpr_weibull_N1000_r9.log       ,  6942437.175042,  6783166.300818,   159270.874224, 3818484.450210,     19663,            22,      0,      0,      0,      0,      0,      0,      0,      0,      0,       0,       0,       0,       0,       0,       0,       0,       0,       0,       0,       0,       0,       0,       0,       0,       0,       0,         0
run_1_dpr_weibull_N1000_r10.log      ,  7666336.278830,  7514109.953525,   152226.325305, 4025706.614080,     21311,            22,      0,      0,      0,      0,      0,      0,      0,      0,      0,       0,       0,       0,       0,       0,       0,       0,       0,       0,       0,       0,       0,       0,       0,       0,       0,       0,         0
run_1_dpr_weibull_N1000_r11.log      ,  8404957.923737,  8253474.202755,   151483.720982, 4182707.280260,     22459,            21,      0,      0,      0,      0,      0,      0,      0,      0,      0,       0,       0,       0,       0,       0,       0,       0,       0,       0,       0,       0,       0,       0,       0,       0,       0,       0,         0
run_1_dpr_weibull_N1000_r12.log      ,  9135370.095716,  8978750.899966,   156619.195750, 4460635.648252,     23787,            22,      0,      0,      0,      0,      0,      0,      0,      0,      0,       0,       0,       0,       0,       0,       0,       0,       0,       0,       0,       0,       0,       0,       0,       0,       0,       0,         0
run_1_dpr_weibull_N1000_r13.log      ,  9856011.366075,  9715232.982309,   140778.383766, 4569212.359725,     24774,            20,      0,      0,      0,      0,      0,      0,      0,      0,      0,       0,       0,       0,       0,       0,       0,       0,       0,       0,       0,       0,       0,       0,       0,       0,       0,       0,         0
run_1_dpr_weibull_N1000_r14.log      , 10605322.023140, 10461070.256957,   144251.766183, 4698441.054954,     26039,            20,      0,      0,      0,      0,      0,      0,      0,      0,      0,       0,       0,       0,       0,       0,       0,       0,       0,       0,       0,       0,       0,       0,       0,       0,       0,       0,         0
run_1_dpr_weibull_N1000_r15.log      , 11312575.727024, 11177097.961438,   135477.765586, 4830789.128590,     26417,            19,      0,      0,      0,      0,      0,      0,      0,      0,      0,       0,       0,       0,       0,       0,       0,       0,       0,       0,       0,       0,       0,       0,       0,       0,       0,       0,         0
run_1_dpr_weibull_N1000_r16.log      , 12050830.897832, 11905470.571550,   145360.326282, 5047940.699983,     27935,            20,      0,      0,      0,      0,      0,      0,      0,      0,      0,       0,       0,       0,       0,       0,       0,       0,       0,       0,       0,       0,       0,       0,       0,       0,       0,       0,         0
run_1_dpr_weibull_N1000_r17.log      , 12791856.305970, 12646628.048687,   145228.257283, 5195756.604903,     28849,            20,      0,      0,      0,      0,      0,      0,      0,      0,      0,       0,       0,       0,       0,       0,       0,       0,       0,       0,       0,       0,       0,       0,       0,       0,       0,       0,         0
run_1_dpr_weibull_N1000_r18.log      , 13542765.301659, 13389712.644485,   153052.657174, 5493503.050193,     29651,            21,      0,      0,      0,      0,      0,      0,      0,      0,      0,       0,       0,       0,       0,       0,       0,       0,       0,       0,       0,       0,       0,       0,       0,       0,       0,       0,         0
run_1_dpr_weibull_N1000_r19.log      , 14302141.311013, 14140092.901156,   162048.409857, 5776584.984572,     30671,            22,      0,      0,      0,      0,      0,      0,      0,      0,      0,       0,       0,       0,       0,       0,       0,       0,       0,       0,       0,       0,       0,       0,       0,       0,       0,       0,         0
run_1_dpr_weibull_N1000_r20.log      , 15006427.365928, 14853197.323808,   153230.042120, 5693481.311386,     31489,            21,      0,      0,      0,      0,      0,      0,      0,      0,      0,       0,       0,       0,       0,       0,       0,       0,       0,       0,       0,       0,       0,       0,       0,       0,       0,       0,         0
run_1_dpr_weibull_N1000_r21.log      , 15740123.830510, 15577400.239731,   162723.590778, 5965204.224467,     32457,            22,      0,      0,      0,      0,      0,      0,      0,      0,      0,       0,       0,       0,       0,       0,       0,       0,       0,       0,       0,       0,       0,       0,       0,       0,       0,       0,         0
run_1_dpr_weibull_N1000_r22.log      , 16427100.430552, 16287051.590918,   140048.839634, 5767093.478045,     32949,            20,      0,      0,      0,      0,      0,      0,      0,      0,      0,       0,       0,       0,       0,       0,       0,       0,       0,       0,       0,       0,       0,       0,       0,       0,       0,       0,         0
run_1_dpr_weibull_N1000_r23.log      , 17195940.415348, 17034147.490637,   161792.924712, 6130050.053651,     34591,            22,      0,      0,      0,      0,      0,      0,      0,      0,      0,       0,       0,       0,       0,       0,       0,       0,       0,       0,       0,       0,       0,       0,       0,       0,       0,       0,         0
run_1_dpr_weibull_N1000_r24.log      , 17899742.166591, 17749880.347838,   149861.818753, 6148317.825478,     34403,            21,      0,      0,      0,      0,      0,      0,      0,      0,      0,       0,       0,       0,       0,       0,       0,       0,       0,       0,       0,       0,       0,       0,       0,       0,       0,       0,         0
run_1_dpr_weibull_N1000_r25.log      , 18655388.061932, 18500637.127941,   154750.933991, 6378384.576500,     35198,            22,      0,      0,      0,      0,      0,      0,      0,      0,      0,       0,       0,       0,       0,       0,       0,       0,       0,       0,       0,       0,       0,       0,       0,       0,       0,       0,         0
run_1_dpr_weibull_N1000_r26.log      , 19391070.652106, 19235438.014901,   155632.637205, 6552657.152070,     36108,            22,      0,      0,      0,      0,      0,      0,      0,      0,      0,       0,       0,       0,       0,       0,       0,       0,       0,       0,       0,       0,       0,       0,       0,       0,       0,       0,         0
run_2_dpr_weibull_N200_r2.log        ,  6799429.004935,  2019003.121714,  4780425.883222, 1546710.658016,     22078,           623,      0,      0,      0,      0,      0,      0,      0,      0,      0,       0,       0,       0,       0,       0,       0,       0,       0,       0,       0,       0,       0,       0,       0,       0,       0,       0,         0
run_2_dpr_weibull_N200_r3.log        ,  3910407.454229,  2440539.072985,  1469868.381245, 1755202.623359,     12996,           191,      0,      0,      0,      0,      0,      0,      0,      0,      0,       0,       0,       0,       0,       0,       0,       0,       0,       0,       0,       0,       0,       0,       0,       0,       0,       0,         0
run_2_dpr_weibull_N200_r4.log        ,  3989362.666799,  3098702.179938,   890660.486860, 2058582.874947,     12855,           117,      0,      0,      0,      0,      0,      0,      0,      0,      0,       0,       0,       0,       0,       0,       0,       0,       0,       0,       0,       0,       0,       0,       0,       0,       0,       0,         0
run_2_dpr_weibull_N200_r5.log        ,  4547760.846724,  3805200.543064,   742560.303660, 2333207.135099,     14531,            96,      0,      0,      0,      0,      0,      0,      0,      0,      0,       0,       0,       0,       0,       0,       0,       0,       0,       0,       0,       0,       0,       0,       0,       0,       0,       0,         0
run_2_dpr_weibull_N200_r6.log        ,  5356321.405435,  4557788.998387,   798532.407048, 2744350.801617,     16286,           102,      0,      0,      0,      0,      0,      0,      0,      0,      0,       0,       0,       0,       0,       0,       0,       0,       0,       0,       0,       0,       0,       0,       0,       0,       0,       0,         0
run_2_dpr_weibull_N200_r7.log        ,  5877565.509862,  5239255.163333,   638310.346530, 2834961.567315,     17880,            83,      0,      0,      0,      0,      0,      0,      0,      0,      0,       0,       0,       0,       0,       0,       0,       0,       0,       0,       0,       0,       0,       0,       0,       0,       0,       0,         0
run_2_dpr_weibull_N200_r8.log        ,  6557264.606855,  5961562.591287,   595702.015567, 3014894.351211,     19423,            77,      0,      0,      0,      0,      0,      0,      0,      0,      0,       0,       0,       0,       0,       0,       0,       0,       0,       0,       0,       0,       0,       0,       0,       0,       0,       0,         0
run_2_dpr_weibull_N200_r9.log        ,  7316507.022767,  6684074.652194,   632432.370573, 3330596.191634,     20849,            82,      0,      0,      0,      0,      0,      0,      0,      0,      0,       0,       0,       0,       0,       0,       0,       0,       0,       0,       0,       0,       0,       0,       0,       0,       0,       0,         0
run_2_dpr_weibull_N200_r10.log       ,  7936425.398639,  7373199.715783,   563225.682856, 3317577.879642,     22105,            72,      0,      0,      0,      0,      0,      0,      0,      0,      0,       0,       0,       0,       0,       0,       0,       0,       0,       0,       0,       0,       0,       0,       0,       0,       0,       0,         0
run_2_dpr_weibull_N200_r11.log       ,  8731197.866104,  8133422.696226,   597775.169878, 3673152.322948,     23284,            79,      0,      0,      0,      0,      0,      0,      0,      0,      0,       0,       0,       0,       0,       0,       0,       0,       0,       0,       0,       0,       0,       0,       0,       0,       0,       0,         0
run_2_dpr_weibull_N200_r12.log       ,  9452960.131622,  8859757.190004,   593202.941619, 3779405.200734,     24740,            77,      0,      0,      0,      0,      0,      0,      0,      0,      0,       0,       0,       0,       0,       0,       0,       0,       0,       0,       0,       0,       0,       0,       0,       0,       0,       0,         0
run_2_dpr_weibull_N600_r2.log        ,  3796732.146816,  1807543.511352,  1989188.635464, 1418392.870980,     12494,           274,      0,      0,      0,      0,      0,      0,      0,      0,      0,       0,       0,       0,       0,       0,       0,       0,       0,       0,       0,       0,       0,       0,       0,       0,       0,       0,         0
run_2_dpr_weibull_N600_r3.log        ,  2949221.136244,  2386994.816968,   562226.319276, 1788030.188840,      9833,            77,      0,      0,      0,      0,      0,      0,      0,      0,      0,       0,       0,       0,       0,       0,       0,       0,       0,       0,       0,       0,       0,       0,       0,       0,       0,       0,         0
run_2_dpr_weibull_N600_r4.log        ,  3510236.924444,  3100990.964243,   409245.960200, 2208121.230185,     11702,            55,      0,      0,      0,      0,      0,      0,      0,      0,      0,       0,       0,       0,       0,       0,       0,       0,       0,       0,       0,       0,       0,       0,       0,       0,       0,       0,         0
run_2_dpr_weibull_N600_r5.log        ,  4093574.620386,  3808016.096383,   285558.524003, 2517269.465336,     13471,            40,      0,      0,      0,      0,      0,      0,      0,      0,      0,       0,       0,       0,       0,       0,       0,       0,       0,       0,       0,       0,       0,       0,       0,       0,       0,       0,         0
run_2_dpr_weibull_N600_r6.log        ,  4829032.906752,  4544697.670028,   284335.236724, 2899904.440131,     15156,            39,      0,      0,      0,      0,      0,      0,      0,      0,      0,       0,       0,       0,       0,       0,       0,       0,       0,       0,       0,       0,       0,       0,       0,       0,       0,       0,         0
run_2_dpr_weibull_N600_r7.log        ,  5548354.184281,  5271699.872946,   276654.311335, 3177273.764195,     17311,            37,      0,      0,      0,      0,      0,      0,      0,      0,      0,       0,       0,       0,       0,       0,       0,       0,       0,       0,       0,       0,       0,       0,       0,       0,       0,       0,         0
run_2_dpr_weibull_N600_r8.log        ,  6237044.380154,  5991301.323901,   245743.056253, 3355523.994791,     18611,            33,      0,      0,      0,      0,      0,      0,      0,      0,      0,       0,       0,       0,       0,       0,       0,       0,       0,       0,       0,       0,       0,       0,       0,       0,       0,       0,         0
run_2_dpr_weibull_N600_r9.log        ,  6989679.763130,  6740731.234089,   248948.529042, 3688062.733795,     20039,            34,      0,      0,      0,      0,      0,      0,      0,      0,      0,       0,       0,       0,       0,       0,       0,       0,       0,       0,       0,       0,       0,       0,       0,       0,       0,       0,         0
run_2_dpr_weibull_N600_r10.log       ,  7695556.239889,  7463643.924573,   231912.315316, 3823009.707024,     21327,            32,      0,      0,      0,      0,      0,      0,      0,      0,      0,       0,       0,       0,       0,       0,       0,       0,       0,       0,       0,       0,       0,       0,       0,       0,       0,       0,         0
run_2_dpr_weibull_N600_r11.log       ,  8408526.905590,  8178932.957518,   229593.948072, 3990910.955214,     22554,            31,      0,      0,      0,      0,      0,      0,      0,      0,      0,       0,       0,       0,       0,       0,       0,       0,       0,       0,       0,       0,       0,       0,       0,       0,       0,       0,         0
run_2_dpr_weibull_N600_r12.log       ,  9147430.717217,  8917526.004887,   229904.712330, 4214279.637784,     23614,            31,      0,      0,      0,      0,      0,      0,      0,      0,      0,       0,       0,       0,       0,       0,       0,       0,       0,       0,       0,       0,       0,       0,       0,       0,       0,       0,         0
run_2_dpr_weibull_N600_r13.log       ,  9872338.398467,  9649727.371349,   222611.027118, 4370383.877093,     24665,            31,      0,      0,      0,      0,      0,      0,      0,      0,      0,       0,       0,       0,       0,       0,       0,       0,       0,       0,       0,       0,       0,       0,       0,       0,       0,       0,         0
run_2_dpr_weibull_N600_r14.log       , 10623783.638483, 10395664.888563,   228118.749921, 4673169.930612,     25859,            32,      0,      0,      0,      0,      0,      0,      0,      0,      0,       0,       0,       0,       0,       0,       0,       0,       0,       0,       0,       0,       0,       0,       0,       0,       0,       0,         0
run_2_dpr_weibull_N600_r15.log       , 11342916.075138, 11122361.601843,   220554.473295, 4715845.655511,     26984,            31,      0,      0,      0,      0,      0,      0,      0,      0,      0,       0,       0,       0,       0,       0,       0,       0,       0,       0,       0,       0,       0,       0,       0,       0,       0,       0,         0
run_2_dpr_weibull_N600_r16.log       , 12081982.654021, 11843961.479039,   238021.174983, 4976000.748809,     27611,            32,      0,      0,      0,      0,      0,      0,      0,      0,      0,       0,       0,       0,       0,       0,       0,       0,       0,       0,       0,       0,       0,       0,       0,       0,       0,       0,         0
run_2_dpr_weibull_N600_r17.log       , 12765708.313208, 12550437.341126,   215270.972082, 5050911.130573,     28441,            31,      0,      0,      0,      0,      0,      0,      0,      0,      0,       0,       0,       0,       0,       0,       0,       0,       0,       0,       0,       0,       0,       0,       0,       0,       0,       0,         0
run_2_dpr_weibull_N600_r18.log       , 13499915.818910, 13276105.181066,   223810.637844, 4977083.905223,     29711,            30,      0,      0,      0,      0,      0,      0,      0,      0,      0,       0,       0,       0,       0,       0,       0,       0,       0,       0,       0,       0,       0,       0,       0,       0,       0,       0,         0
run_2_dpr_weibull_N600_r19.log       , 14231956.726773, 14004694.267588,   227262.459186, 5162889.162764,     30185,            30,      0,      0,      0,      0,      0,      0,      0,      0,      0,       0,       0,       0,       0,       0,       0,       0,       0,       0,       0,       0,       0,       0,       0,       0,       0,       0,         0
run_2_dpr_weibull_N600_r20.log       , 14992933.673555, 14746717.017017,   246216.656538, 5412272.410565,     31984,            32,      0,      0,      0,      0,      0,      0,      0,      0,      0,       0,       0,       0,       0,       0,       0,       0,       0,       0,       0,       0,       0,       0,       0,       0,       0,       0,         0
run_2_dpr_weibull_N1000_r2.log       ,  3039403.704506,  1765630.576307,  1273773.128199, 1367721.923730,     10285,           179,      0,      0,      0,      0,      0,      0,      0,      0,      0,       0,       0,       0,       0,       0,       0,       0,       0,       0,       0,       0,       0,       0,       0,       0,       0,       0,         0
run_2_dpr_weibull_N1000_r3.log       ,  2876939.628273,  2418647.450756,   458292.177517, 1845965.639199,      9808,            65,      0,      0,      0,      0,      0,      0,      0,      0,      0,       0,       0,       0,       0,       0,       0,       0,       0,       0,       0,       0,       0,       0,       0,       0,       0,       0,         0
run_2_dpr_weibull_N1000_r4.log       ,  3424547.360391,  3125648.850820,   298898.509570, 2277127.458780,     11650,            41,      0,      0,      0,      0,      0,      0,      0,      0,      0,       0,       0,       0,       0,       0,       0,       0,       0,       0,       0,       0,       0,       0,       0,       0,       0,       0,         0
run_2_dpr_weibull_N1000_r5.log       ,  4083520.509969,  3850254.022974,   233266.486995, 2656888.217912,     13540,            31,      0,      0,      0,      0,      0,      0,      0,      0,      0,       0,       0,       0,       0,       0,       0,       0,       0,       0,       0,       0,       0,       0,       0,       0,       0,       0,         0
run_2_dpr_weibull_N1000_r6.log       ,  4741332.364590,  4568063.893137,   173268.471453, 2901934.250909,     15105,            24,      0,      0,      0,      0,      0,      0,      0,      0,      0,       0,       0,       0,       0,       0,       0,       0,       0,       0,       0,       0,       0,       0,       0,       0,       0,       0,         0
run_2_dpr_weibull_N1000_r7.log       ,  5487667.804262,  5313066.903922,   174600.900340, 3270945.612594,     16942,            24,      0,      0,      0,      0,      0,      0,      0,      0,      0,       0,       0,       0,       0,       0,       0,       0,       0,       0,       0,       0,       0,       0,       0,       0,       0,       0,         0
run_2_dpr_weibull_N1000_r8.log       ,  6197172.660384,  6038371.624446,   158801.035938, 3497385.648328,     18233,            22,      0,      0,      0,      0,      0,      0,      0,      0,      0,       0,       0,       0,       0,       0,       0,       0,       0,       0,       0,       0,       0,       0,       0,       0,       0,       0,         0
run_2_dpr_weibull_N1000_r9.log       ,  6938109.382383,  6780154.734533,   157954.647849, 3807847.821006,     19744,            22,      0,      0,      0,      0,      0,      0,      0,      0,      0,       0,       0,       0,       0,       0,       0,       0,       0,       0,       0,       0,       0,       0,       0,       0,       0,       0,         0
run_2_dpr_weibull_N1000_r10.log      ,  7667442.596720,  7509833.042296,   157609.554425, 4026665.410482,     21126,            21,      0,      0,      0,      0,      0,      0,      0,      0,      0,       0,       0,       0,       0,       0,       0,       0,       0,       0,       0,       0,       0,       0,       0,       0,       0,       0,         0
run_2_dpr_weibull_N1000_r11.log      ,  8408376.318883,  8253611.583341,   154764.735542, 4253098.700385,     22345,            21,      0,      0,      0,      0,      0,      0,      0,      0,      0,       0,       0,       0,       0,       0,       0,       0,       0,       0,       0,       0,       0,       0,       0,       0,       0,       0,         0
run_2_dpr_weibull_N1000_r12.log      ,  9129995.994224,  8984119.447422,   145876.546803, 4454467.283285,     23634,            21,      0,      0,      0,      0,      0,      0,      0,      0,      0,       0,       0,       0,       0,       0,       0,       0,       0,       0,       0,       0,       0,       0,       0,       0,       0,       0,         0
run_2_dpr_weibull_N1000_r13.log      ,  9841284.126183,  9702009.657579,   139274.468604, 4487717.507260,     24490,            19,      0,      0,      0,      0,      0,      0,      0,      0,      0,       0,       0,       0,       0,       0,       0,       0,       0,       0,       0,       0,       0,       0,       0,       0,       0,       0,         0
run_2_dpr_weibull_N1000_r14.log      , 10594312.497248, 10444290.961814,   150021.535434, 4734261.267059,     26011,            20,      0,      0,      0,      0,      0,      0,      0,      0,      0,       0,       0,       0,       0,       0,       0,       0,       0,       0,       0,       0,       0,       0,       0,       0,       0,       0,         0
run_2_dpr_weibull_N1000_r15.log      , 11323150.917108, 11177513.499181,   145637.417927, 4904827.169712,     26795,            20,      0,      0,      0,      0,      0,      0,      0,      0,      0,       0,       0,       0,       0,       0,       0,       0,       0,       0,       0,       0,       0,       0,       0,       0,       0,       0,         0
run_2_dpr_weibull_N1000_r16.log      , 12050021.038532, 11904842.010328,   145179.028204, 5051144.807697,     27854,            20,      0,      0,      0,      0,      0,      0,      0,      0,      0,       0,       0,       0,       0,       0,       0,       0,       0,       0,       0,       0,       0,       0,       0,       0,       0,       0,         0
run_2_dpr_weibull_N1000_r17.log      , 12774019.209786, 12633849.182509,   140170.027277, 5186557.332706,     28114,            20,      0,      0,      0,      0,      0,      0,      0,      0,      0,       0,       0,       0,       0,       0,       0,       0,       0,       0,       0,       0,       0,       0,       0,       0,       0,       0,         0
run_2_dpr_weibull_N1000_r18.log      , 13522486.054180, 13385633.975475,   136852.078705, 5379911.794314,     29318,            20,      0,      0,      0,      0,      0,      0,      0,      0,      0,       0,       0,       0,       0,       0,       0,       0,       0,       0,       0,       0,       0,       0,       0,       0,       0,       0,         0
run_2_dpr_weibull_N1000_r19.log      , 14274344.153930, 14125054.456949,   149289.696981, 5648942.912943,     30375,            21,      0,      0,      0,      0,      0,      0,      0,      0,      0,       0,       0,       0,       0,       0,       0,       0,       0,       0,       0,       0,       0,       0,       0,       0,       0,       0,         0
run_2_dpr_weibull_N1000_r20.log      , 14965454.570989, 14826225.594845,   139228.976144, 5613828.708384,     31294,            20,      0,      0,      0,      0,      0,      0,      0,      0,      0,       0,       0,       0,       0,       0,       0,       0,       0,       0,       0,       0,       0,       0,       0,       0,       0,       0,         0
run_2_dpr_weibull_N1000_r21.log      , 15760155.261400, 15596411.237307,   163744.024093, 6039478.919063,     31829,            22,      0,      0,      0,      0,      0,      0,      0,      0,      0,       0,       0,       0,       0,       0,       0,       0,       0,       0,       0,       0,       0,       0,       0,       0,       0,       0,         0
run_2_dpr_weibull_N1000_r22.log      , 16449191.586469, 16294784.614885,   154406.971584, 5972780.786663,     33320,            21,      0,      0,      0,      0,      0,      0,      0,      0,      0,       0,       0,       0,       0,       0,       0,       0,       0,       0,       0,       0,       0,       0,       0,       0,       0,       0,         0
run_2_dpr_weibull_N1000_r23.log      , 17189627.727787, 17029150.808812,   160476.918975, 6081053.336220,     34200,            22,      0,      0,      0,      0,      0,      0,      0,      0,      0,       0,       0,       0,       0,       0,       0,       0,       0,       0,       0,       0,       0,       0,       0,       0,       0,       0,         0
run_2_dpr_weibull_N1000_r24.log      , 17867441.617922, 17727697.853425,   139743.764497, 5941731.774026,     34327,            20,      0,      0,      0,      0,      0,      0,      0,      0,      0,       0,       0,       0,       0,       0,       0,       0,       0,       0,       0,       0,       0,       0,       0,       0,       0,       0,         0
run_2_dpr_weibull_N1000_r25.log      , 18689832.440194, 18522397.015008,   167435.425186, 6493397.850192,     35902,            23,      0,      0,      0,      0,      0,      0,      0,      0,      0,       0,       0,       0,       0,       0,       0,       0,       0,       0,       0,       0,       0,       0,       0,       0,       0,       0,         0
run_2_dpr_weibull_N1000_r26.log      , 19386441.008590, 19227435.306326,   159005.702264, 6425247.297388,     36454,            22,      0,      0,      0,      0,      0,      0,      0,      0,      0,       0,       0,       0,       0,       0,       0,       0,       0,       0,       0,       0,       0,       0,       0,       0,       0,       0,         0
run_3_dpr_weibull_N200_r2.log        ,  7180228.014165,  2053957.923657,  5126270.090508, 1568918.970461,     23419,           656,      0,      0,      0,      0,      0,      0,      0,      0,      0,       0,       0,       0,       0,       0,       0,       0,       0,       0,       0,       0,       0,       0,       0,       0,       0,       0,         0
run_3_dpr_weibull_N200_r3.log        ,  3962169.920337,  2450504.491695,  1511665.428642, 1772071.397714,     12870,           197,      0,      0,      0,      0,      0,      0,      0,      0,      0,       0,       0,       0,       0,       0,       0,       0,       0,       0,       0,       0,       0,       0,       0,       0,       0,       0,         0
run_3_dpr_weibull_N200_r4.log        ,  4014154.247376,  3111034.532940,   903119.714436, 2055067.392091,     13074,           117,      0,      0,      0,      0,      0,      0,      0,      0,      0,       0,       0,       0,       0,       0,       0,       0,       0,       0,       0,       0,       0,       0,       0,       0,       0,       0,         0
run_3_dpr_weibull_N200_r5.log        ,  4601688.225486,  3817989.287324,   783698.938162, 2372567.702659,     14560,           100,      0,      0,      0,      0,      0,      0,      0,      0,      0,       0,       0,       0,       0,       0,       0,       0,       0,       0,       0,       0,       0,       0,       0,       0,       0,       0,         0
run_3_dpr_weibull_N200_r6.log        ,  5316222.786989,  4551402.941924,   764819.845065, 2715526.290890,     16476,           101,      0,      0,      0,      0,      0,      0,      0,      0,      0,       0,       0,       0,       0,       0,       0,       0,       0,       0,       0,       0,       0,       0,       0,       0,       0,       0,         0
run_3_dpr_weibull_N200_r7.log        ,  5928208.742166,  5251690.995053,   676517.747114, 2906885.641330,     17897,            89,      0,      0,      0,      0,      0,      0,      0,      0,      0,       0,       0,       0,       0,       0,       0,       0,       0,       0,       0,       0,       0,       0,       0,       0,       0,       0,         0
run_3_dpr_weibull_N200_r8.log        ,  6589872.165361,  5964574.695501,   625297.469860, 3002934.162462,     19488,            79,      0,      0,      0,      0,      0,      0,      0,      0,      0,       0,       0,       0,       0,       0,       0,       0,       0,       0,       0,       0,       0,       0,       0,       0,       0,       0,         0
run_3_dpr_weibull_N200_r9.log        ,  7327615.648027,  6680423.975840,   647191.672187, 3329938.528545,     20851,            83,      0,      0,      0,      0,      0,      0,      0,      0,      0,       0,       0,       0,       0,       0,       0,       0,       0,       0,       0,       0,       0,       0,       0,       0,       0,       0,         0
run_3_dpr_weibull_N200_r10.log       ,  8005617.486105,  7402480.416200,   603137.069905, 3448558.961598,     22206,            78,      0,      0,      0,      0,      0,      0,      0,      0,      0,       0,       0,       0,       0,       0,       0,       0,       0,       0,       0,       0,       0,       0,       0,       0,       0,       0,         0
run_3_dpr_weibull_N200_r11.log       ,  8710446.232379,  8122829.531332,   587616.701046, 3583015.813906,     23390,            77,      0,      0,      0,      0,      0,      0,      0,      0,      0,       0,       0,       0,       0,       0,       0,       0,       0,       0,       0,       0,       0,       0,       0,       0,       0,       0,         0
run_3_dpr_weibull_N200_r12.log       ,  9433052.734901,  8842889.230879,   590163.504023, 3791317.304431,     24738,            78,      0,      0,      0,      0,      0,      0,      0,      0,      0,       0,       0,       0,       0,       0,       0,       0,       0,       0,       0,       0,       0,       0,       0,       0,       0,       0,         0
run_3_dpr_weibull_N600_r2.log        ,  3593285.532102,  1793761.132032,  1799524.400070, 1405484.997467,     11919,           248,      0,      0,      0,      0,      0,      0,      0,      0,      0,       0,       0,       0,       0,       0,       0,       0,       0,       0,       0,       0,       0,       0,       0,       0,       0,       0,         0
run_3_dpr_weibull_N600_r3.log        ,  3058285.944617,  2408191.804345,   650094.140272, 1830448.665019,     10248,            90,      0,      0,      0,      0,      0,      0,      0,      0,      0,       0,       0,       0,       0,       0,       0,       0,       0,       0,       0,       0,       0,       0,       0,       0,       0,       0,         0
run_3_dpr_weibull_N600_r4.log        ,  3492892.551881,  3111655.811591,   381236.740290, 2231346.649764,     11352,            53,      0,      0,      0,      0,      0,      0,      0,      0,      0,       0,       0,       0,       0,       0,       0,       0,       0,       0,       0,       0,       0,       0,       0,       0,       0,       0,         0
run_3_dpr_weibull_N600_r5.log        ,  4091837.169283,  3806381.315670,   285455.853613, 2537468.769786,     13367,            40,      0,      0,      0,      0,      0,      0,      0,      0,      0,       0,       0,       0,       0,       0,       0,       0,       0,       0,       0,       0,       0,       0,       0,       0,       0,       0,         0
run_3_dpr_weibull_N600_r6.log        ,  4845097.248180,  4556701.942223,   288395.305957, 2927417.432493,     15384,            40,      0,      0,      0,      0,      0,      0,      0,      0,      0,       0,       0,       0,       0,       0,       0,       0,       0,       0,       0,       0,       0,       0,       0,       0,       0,       0,         0
run_3_dpr_weibull_N600_r7.log        ,  5521877.629445,  5268290.438414,   253587.191032, 3176822.265687,     16961,            36,      0,      0,      0,      0,      0,      0,      0,      0,      0,       0,       0,       0,       0,       0,       0,       0,       0,       0,       0,       0,       0,       0,       0,       0,       0,       0,         0
run_3_dpr_weibull_N600_r8.log        ,  6225660.917881,  5999058.432762,   226602.485119, 3315648.160337,     18518,            31,      0,      0,      0,      0,      0,      0,      0,      0,      0,       0,       0,       0,       0,       0,       0,       0,       0,       0,       0,       0,       0,       0,       0,       0,       0,       0,         0
run_3_dpr_weibull_N600_r9.log        ,  6981051.668860,  6727902.724634,   253148.944226, 3653606.271692,     20015,            34,      0,      0,      0,      0,      0,      0,      0,      0,      0,       0,       0,       0,       0,       0,       0,       0,       0,       0,       0,       0,       0,       0,       0,       0,       0,       0,         0
run_3_dpr_weibull_N600_r10.log       ,  7706859.176800,  7464698.611435,   242160.565366, 3896068.835925,     21393,            33,      0,      0,      0,      0,      0,      0,      0,      0,      0,       0,       0,       0,       0,       0,       0,       0,       0,       0,       0,       0,       0,       0,       0,       0,       0,       0,         0
run_3_dpr_weibull_N600_r11.log       ,  8422287.691651,  8199359.502581,   222928.189069, 4046739.303982,     22535,            31,      0,      0,      0,      0,      0,      0,      0,      0,      0,       0,       0,       0,       0,       0,       0,       0,       0,       0,       0,       0,       0,       0,       0,       0,       0,       0,         0
run_3_dpr_weibull_N600_r12.log       ,  9158039.147972,  8920653.635518,   237385.512454, 4250555.627481,     23950,            32,      0,      0,      0,      0,      0,      0,      0,      0,      0,       0,       0,       0,       0,       0,       0,       0,       0,       0,       0,       0,       0,       0,       0,       0,       0,       0,         0
run_3_dpr_weibull_N600_r13.log       ,  9875725.415302,  9637688.449744,   238036.965558, 4398958.206422,     24617,            31,      0,      0,      0,      0,      0,      0,      0,      0,      0,       0,       0,       0,       0,       0,       0,       0,       0,       0,       0,       0,       0,       0,       0,       0,       0,       0,         0
run_3_dpr_weibull_N600_r14.log       , 10607186.914801, 10388255.096987,   218931.817814, 4490066.157391,     25880,            30,      0,      0,      0,      0,      0,      0,      0,      0,      0,       0,       0,       0,       0,       0,       0,       0,       0,       0,       0,       0,       0,       0,       0,       0,       0,       0,         0
run_3_dpr_weibull_N600_r15.log       , 11321971.601178, 11101626.197023,   220345.404155, 4758960.623903,     26984,            31,      0,      0,      0,      0,      0,      0,      0,      0,      0,       0,       0,       0,       0,       0,       0,       0,       0,       0,       0,       0,       0,       0,       0,       0,       0,       0,         0
run_3_dpr_weibull_N600_r16.log       , 12057806.304528, 11833451.206745,   224355.097783, 4732443.921980,     27636,            30,      0,      0,      0,      0,      0,      0,      0,      0,      0,       0,       0,       0,       0,       0,       0,       0,       0,       0,       0,       0,       0,       0,       0,       0,       0,       0,         0
run_3_dpr_weibull_N600_r17.log       , 12803490.209175, 12565384.195490,   238106.013685, 5082888.301400,     28609,            32,      0,      0,      0,      0,      0,      0,      0,      0,      0,       0,       0,       0,       0,       0,       0,       0,       0,       0,       0,       0,       0,       0,       0,       0,       0,       0,         0
run_3_dpr_weibull_N600_r18.log       , 13505253.524337, 13274511.341024,   230742.183313, 5136609.432135,     29723,            31,      0,      0,      0,      0,      0,      0,      0,      0,      0,       0,       0,       0,       0,       0,       0,       0,       0,       0,       0,       0,       0,       0,       0,       0,       0,       0,         0
run_3_dpr_weibull_N600_r19.log       , 14262666.303084, 14023510.909647,   239155.393437, 5291455.974337,     30316,            32,      0,      0,      0,      0,      0,      0,      0,      0,      0,       0,       0,       0,       0,       0,       0,       0,       0,       0,       0,       0,       0,       0,       0,       0,       0,       0,         0
run_3_dpr_weibull_N600_r20.log       , 14965962.672712, 14740742.641887,   225220.030825, 5390436.895014,     31349,            31,      0,      0,      0,      0,      0,      0,      0,      0,      0,       0,       0,       0,       0,       0,       0,       0,       0,       0,       0,       0,       0,       0,       0,       0,       0,       0,         0
run_3_dpr_weibull_N1000_r2.log       ,  3100847.451330,  1771036.931454,  1329810.519876, 1374293.161036,     10612,           186,      0,      0,      0,      0,      0,      0,      0,      0,      0,       0,       0,       0,       0,       0,       0,       0,       0,       0,       0,       0,       0,       0,       0,       0,       0,       0,         0
run_3_dpr_weibull_N1000_r3.log       ,  2839725.913099,  2409229.896421,   430496.016678, 1829307.757053,      9593,            61,      0,      0,      0,      0,      0,      0,      0,      0,      0,       0,       0,       0,       0,       0,       0,       0,       0,       0,       0,       0,       0,       0,       0,       0,       0,       0,         0
run_3_dpr_weibull_N1000_r4.log       ,  3417754.192822,  3130005.777137,   287748.415685, 2291267.676432,     11524,            40,      0,      0,      0,      0,      0,      0,      0,      0,      0,       0,       0,       0,       0,       0,       0,       0,       0,       0,       0,       0,       0,       0,       0,       0,       0,       0,         0
run_3_dpr_weibull_N1000_r5.log       ,  4051771.085553,  3837883.269933,   213887.815620, 2636667.983587,     13304,            30,      0,      0,      0,      0,      0,      0,      0,      0,      0,       0,       0,       0,       0,       0,       0,       0,       0,       0,       0,       0,       0,       0,       0,       0,       0,       0,         0
run_3_dpr_weibull_N1000_r6.log       ,  4745792.770140,  4570341.700312,   175451.069829, 2962229.424087,     15133,            25,      0,      0,      0,      0,      0,      0,      0,      0,      0,       0,       0,       0,       0,       0,       0,       0,       0,       0,       0,       0,       0,       0,       0,       0,       0,       0,         0
run_3_dpr_weibull_N1000_r7.log       ,  5467491.753436,  5300014.420501,   167477.332934, 3229241.634339,     17105,            23,      0,      0,      0,      0,      0,      0,      0,      0,      0,       0,       0,       0,       0,       0,       0,       0,       0,       0,       0,       0,       0,       0,       0,       0,       0,       0,         0
run_3_dpr_weibull_N1000_r8.log       ,  6203659.595765,  6041405.087347,   162254.508418, 3523836.508241,     18529,            23,      0,      0,      0,      0,      0,      0,      0,      0,      0,       0,       0,       0,       0,       0,       0,       0,       0,       0,       0,       0,       0,       0,       0,       0,       0,       0,         0
run_3_dpr_weibull_N1000_r9.log       ,  6934288.028047,  6777765.607131,   156522.420916, 3749293.137193,     19831,            21,      0,      0,      0,      0,      0,      0,      0,      0,      0,       0,       0,       0,       0,       0,       0,       0,       0,       0,       0,       0,       0,       0,       0,       0,       0,       0,         0
run_3_dpr_weibull_N1000_r10.log      ,  7648470.288460,  7509393.725894,   139076.562566, 3948221.615670,     21057,            20,      0,      0,      0,      0,      0,      0,      0,      0,      0,       0,       0,       0,       0,       0,       0,       0,       0,       0,       0,       0,       0,       0,       0,       0,       0,       0,         0
run_3_dpr_weibull_N1000_r11.log      ,  8363185.688373,  8233324.505460,   129861.182913, 3998882.691540,     22219,            18,      0,      0,      0,      0,      0,      0,      0,      0,      0,       0,       0,       0,       0,       0,       0,       0,       0,       0,       0,       0,       0,       0,       0,       0,       0,       0,         0
run_3_dpr_weibull_N1000_r12.log      ,  9131024.392417,  8975086.910994,   155937.481422, 4398066.372277,     23711,            21,      0,      0,      0,      0,      0,      0,      0,      0,      0,       0,       0,       0,       0,       0,       0,       0,       0,       0,       0,       0,       0,       0,       0,       0,       0,       0,         0
run_3_dpr_weibull_N1000_r13.log      ,  9856425.301667,  9713482.364773,   142942.936894, 4491798.302897,     24788,            20,      0,      0,      0,      0,      0,      0,      0,      0,      0,       0,       0,       0,       0,       0,       0,       0,       0,       0,       0,       0,       0,       0,       0,       0,       0,       0,         0
run_3_dpr_weibull_N1000_r14.log      , 10619312.724543, 10458742.888617,   160569.835926, 4990179.548013,     25745,            22,      0,      0,      0,      0,      0,      0,      0,      0,      0,       0,       0,       0,       0,       0,       0,       0,       0,       0,       0,       0,       0,       0,       0,       0,       0,       0,         0
run_3_dpr_weibull_N1000_r15.log      , 11328786.173972, 11184645.445568,   144140.728404, 4871969.420828,     26571,            20,      0,      0,      0,      0,      0,      0,      0,      0,      0,       0,       0,       0,       0,       0,       0,       0,       0,       0,       0,       0,       0,       0,       0,       0,       0,       0,         0
run_3_dpr_weibull_N1000_r16.log      , 12059348.724040, 11907994.402958,   151354.321082, 5075505.875234,     27195,            20,      0,      0,      0,      0,      0,      0,      0,      0,      0,       0,       0,       0,       0,       0,       0,       0,       0,       0,       0,       0,       0,       0,       0,       0,       0,       0,         0
run_3_dpr_weibull_N1000_r17.log      , 12783631.387677, 12635830.630435,   147800.757242, 5147279.921640,     28824,            20,      0,      0,      0,      0,      0,      0,      0,      0,      0,       0,       0,       0,       0,       0,       0,       0,       0,       0,       0,       0,       0,       0,       0,       0,       0,       0,         0
run_3_dpr_weibull_N1000_r18.log      , 13504170.809259, 13367264.888854,   136905.920405, 5328571.292423,     29497,            20,      0,      0,      0,      0,      0,      0,      0,      0,      0,       0,       0,       0,       0,       0,       0,       0,       0,       0,       0,       0,       0,       0,       0,       0,       0,       0,         0
run_3_dpr_weibull_N1000_r19.log      , 14249333.905832, 14106189.375647,   143144.530185, 5468679.305619,     29838,            20,      0,      0,      0,      0,      0,      0,      0,      0,      0,       0,       0,       0,       0,       0,       0,       0,       0,       0,       0,       0,       0,       0,       0,       0,       0,       0,         0
run_3_dpr_weibull_N1000_r20.log      , 15008218.087731, 14860102.877423,   148115.210308, 5719366.927641,     31528,            21,      0,      0,      0,      0,      0,      0,      0,      0,      0,       0,       0,       0,       0,       0,       0,       0,       0,       0,       0,       0,       0,       0,       0,       0,       0,       0,         0
run_3_dpr_weibull_N1000_r21.log      , 15754673.386389, 15598155.229324,   156518.157065, 6003154.645167,     32465,            22,      0,      0,      0,      0,      0,      0,      0,      0,      0,       0,       0,       0,       0,       0,       0,       0,       0,       0,       0,       0,       0,       0,       0,       0,       0,       0,         0
run_3_dpr_weibull_N1000_r22.log      , 16475292.517606, 16313163.550036,   162128.967570, 6146649.746893,     33218,            22,      0,      0,      0,      0,      0,      0,      0,      0,      0,       0,       0,       0,       0,       0,       0,       0,       0,       0,       0,       0,       0,       0,       0,       0,       0,       0,         0
run_3_dpr_weibull_N1000_r23.log      , 17174695.015916, 17034083.737947,   140611.277969, 5908543.158598,     33433,            20,      0,      0,      0,      0,      0,      0,      0,      0,      0,       0,       0,       0,       0,       0,       0,       0,       0,       0,       0,       0,       0,       0,       0,       0,       0,       0,         0
run_3_dpr_weibull_N1000_r24.log      , 17917508.053761, 17756218.107586,   161289.946175, 6326156.064280,     34283,            22,      0,      0,      0,      0,      0,      0,      0,      0,      0,       0,       0,       0,       0,       0,       0,       0,       0,       0,       0,       0,       0,       0,       0,       0,       0,       0,         0
run_3_dpr_weibull_N1000_r25.log      , 18647278.115614, 18496773.780319,   150504.335296, 6276056.590867,     35058,            21,      0,      0,      0,      0,      0,      0,      0,      0,      0,       0,       0,       0,       0,       0,       0,       0,       0,       0,       0,       0,       0,       0,       0,       0,       0,       0,         0
run_3_dpr_weibull_N1000_r26.log      , 19377660.058064, 19219386.607090,   158273.450975, 6397201.640073,     36375,            22,      0,      0,      0,      0,      0,      0,      0,      0,      0,       0,       0,       0,       0,       0,       0,       0,       0,       0,       0,       0,       0,       0,       0,       0,       0,       0,         0
run_1_spare_exponential_N200_r2.log  , 15825694.361593,  2300173.336978, 13525521.024615, 1813139.234607,     51835,          1833,  15667,  14799,      0,      0,      0,      0,      0,      0,      0,       0,       0,       0,       0,       0,       0,       0,       0,       0,       0,       0,       0,       0,       0,       0,       0,       0,         0
run_1_spare_exponential_N200_r3.log  ,  3675684.251052,  1766970.649308,  1908713.601744, 1297537.931532,     11999,           259,  11514,  11492,      1,      0,      0,      0,      0,      0,      0,       0,       0,       0,       0,       0,       0,       0,       0,       0,       0,       0,       0,       0,       0,       0,       0,       0,       971
run_1_spare_exponential_N200_r4.log  ,  2519746.846259,  1685804.935718,   833941.910540, 1159917.178052,      8243,           117,  10855,  10852,     24,      0,      0,      0,      0,      0,      0,       0,       0,       0,       0,       0,       0,       0,       0,       0,       0,       0,       0,       0,       0,       0,       0,       0,      1467
run_1_spare_exponential_N200_r5.log  ,  2308913.688901,  1676338.648309,   632575.040592, 1084791.033127,      7666,            85,  10680,  10674,     11,      0,      0,      0,      0,      0,      0,       0,       0,       0,       0,       0,       0,       0,       0,       0,       0,       0,       0,       0,       0,       0,       0,       0,      1905
run_1_spare_exponential_N200_r6.log  ,  2125468.127235,  1661419.624416,   464048.502819, 1017325.426233,      7073,            62,  10541,  10540,     29,      0,      0,      0,      0,      0,      0,       0,       0,       0,       0,       0,       0,       0,       0,       0,       0,       0,       0,       0,       0,       0,       0,       0,      2140
run_1_spare_exponential_N200_r7.log  ,  2023772.344920,  1660464.178484,   363308.166436,  978862.375736,      6676,            49,  10419,  10418,    252,      0,      0,      0,      0,      0,      0,       0,       0,       0,       0,       0,       0,       0,       0,       0,       0,       0,       0,       0,       0,       0,       0,       0,      2331
run_1_spare_exponential_N200_r8.log  ,  2005676.644266,  1687097.326646,   318579.317619,  950140.453481,      6589,            42,  10398,  10393,    627,      0,      0,      0,      0,      0,      0,       0,       0,       0,       0,       0,       0,       0,       0,       0,       0,       0,       0,       0,       0,       0,       0,       0,      2472
run_1_spare_exponential_N200_r9.log  ,  1988463.457369,  1698252.333769,   290211.123600,  936465.062762,      6580,            40,  10311,  10306,    923,      0,      0,      0,      0,      0,      0,       0,       0,       0,       0,       0,       0,       0,       0,       0,       0,       0,       0,       0,       0,       0,       0,       0,      2571
run_1_spare_exponential_N200_r10.log ,  2040586.040318,  1768066.190712,   272519.849606,  925342.376851,      6771,            36,  10404,  10397,   1722,     40,      0,      0,      0,      0,      0,       0,       0,       0,       0,       0,       0,       0,       0,       0,       0,       0,       0,       0,       0,       0,       0,       0,      2630
run_1_spare_exponential_N200_r11.log ,  2016624.824385,  1755241.086097,   261383.738288,  921564.107280,      6772,            36,  10295,  10287,   1697,     36,      0,      0,      0,      0,      0,       0,       0,       0,       0,       0,       0,       0,       0,       0,       0,       0,       0,       0,       0,       0,       0,       0,      2723
run_1_spare_exponential_N200_r12.log ,  2059156.786805,  1816419.814886,   242736.971919,  900040.749107,      6913,            32,  10304,  10301,   2528,    145,      0,      0,      0,      0,      0,       0,       0,       0,       0,       0,       0,       0,       0,       0,       0,       0,       0,       0,       0,       0,       0,       0,      2814
run_1_spare_exponential_N600_r2.log  ,  5388089.786781,  1908653.720332,  3479436.066449, 1529001.454892,     17644,           495,  12413,  12322,      0,      0,      0,      0,      0,      0,      0,       0,       0,       0,       0,       0,       0,       0,       0,       0,       0,       0,       0,       0,       0,       0,       0,       0,         0
run_1_spare_exponential_N600_r3.log  ,  2350049.970117,  1659141.015882,   690908.954236, 1272764.126647,      7849,            96,  10667,  10665,     19,      0,      0,      0,      0,      0,      0,       0,       0,       0,       0,       0,       0,       0,       0,       0,       0,       0,       0,       0,       0,       0,       0,       0,       607
run_1_spare_exponential_N600_r4.log  ,  1929139.420770,  1635374.809932,   293764.610838, 1162714.750475,      6645,            42,  10365,  10360,      0,      0,      0,      0,      0,      0,      0,       0,       0,       0,       0,       0,       0,       0,       0,       0,       0,       0,       0,       0,       0,       0,       0,       0,      1150
run_1_spare_exponential_N600_r5.log  ,  1856994.921563,  1637694.225424,   219300.696138, 1120720.303475,      6154,            31,  10312,  10307,      0,      0,      0,      0,      0,      0,      0,       0,       0,       0,       0,       0,       0,       0,       0,       0,       0,       0,       0,       0,       0,       0,       0,       0,      1371
run_1_spare_exponential_N600_r6.log  ,  1807486.447696,  1639893.326181,   167593.121514, 1081509.930001,      5947,            24,  10285,  10283,      0,      0,      0,      0,      0,      0,      0,       0,       0,       0,       0,       0,       0,       0,       0,       0,       0,       0,       0,       0,       0,       0,       0,       0,      1541
run_1_spare_exponential_N600_r7.log  ,  1801619.941936,  1662989.323537,   138630.618399, 1040302.771185,      6094,            20,  10326,  10317,     15,      0,      0,      0,      0,      0,      0,       0,       0,       0,       0,       0,       0,       0,       0,       0,       0,       0,       0,       0,       0,       0,       0,       0,      1907
run_1_spare_exponential_N600_r8.log  ,  1765817.700794,  1645441.620335,   120376.080459, 1003867.190745,      5843,            17,  10178,  10177,     53,      0,      0,      0,      0,      0,      0,       0,       0,       0,       0,       0,       0,       0,       0,       0,       0,       0,       0,       0,       0,       0,       0,       0,      1959
run_1_spare_exponential_N600_r9.log  ,  1776100.636843,  1676812.055455,    99288.581388,  956807.427413,      5915,            14,  10226,  10211,    265,      0,      0,      0,      0,      0,      0,       0,       0,       0,       0,       0,       0,       0,       0,       0,       0,       0,       0,       0,       0,       0,       0,       0,      2325
run_1_spare_exponential_N600_r10.log ,  1768837.758511,  1678774.919696,    90062.838815,  946853.060228,      5787,            13,  10154,  10149,    395,      0,      0,      0,      0,      0,      0,       0,       0,       0,       0,       0,       0,       0,       0,       0,       0,       0,       0,       0,       0,       0,       0,       0,      2363
run_1_spare_exponential_N600_r11.log ,  1800685.163067,  1715343.422973,    85341.740094,  944211.738501,      5945,            12,  10193,  10193,    892,      0,      0,      0,      0,      0,      0,       0,       0,       0,       0,       0,       0,       0,       0,       0,       0,       0,       0,       0,       0,       0,       0,       0,      2313
run_1_spare_exponential_N600_r12.log ,  1810007.015749,  1731547.725677,    78459.290073,  928534.339175,      5872,            11,  10169,  10165,   1116,      0,      0,      0,      0,      0,      0,       0,       0,       0,       0,       0,       0,       0,       0,       0,       0,       0,       0,       0,       0,       0,       0,       0,      2430
run_1_spare_exponential_N600_r13.log ,  1836859.306032,  1760597.378710,    76261.927323,  930035.051707,      6073,            11,  10146,  10145,   1592,      0,      0,      0,      0,      0,      0,       0,       0,       0,       0,       0,       0,       0,       0,       0,       0,       0,       0,       0,       0,       0,       0,       0,      2462
run_1_spare_exponential_N600_r14.log ,  1879747.452402,  1811203.681820,    68543.770582,  918980.385328,      6154,            10,  10141,  10141,   2211,    112,      0,      0,      0,      0,      0,       0,       0,       0,       0,       0,       0,       0,       0,       0,       0,       0,       0,       0,       0,       0,       0,       0,      2550
run_1_spare_exponential_N600_r15.log ,  1887956.390960,  1818969.519707,    68986.871253,  906775.152454,      6244,            10,  10124,  10124,   2335,     50,      0,      0,      0,      0,      0,       0,       0,       0,       0,       0,       0,       0,       0,       0,       0,       0,       0,       0,       0,       0,       0,       0,      2699
run_1_spare_exponential_N600_r16.log ,  1894097.958473,  1830481.268279,    63616.690193,  903328.908618,      6193,             9,  10109,  10108,   2559,    105,      0,      0,      0,      0,      0,       0,       0,       0,       0,       0,       0,       0,       0,       0,       0,       0,       0,       0,       0,       0,       0,       0,      2643
run_1_spare_exponential_N600_r17.log ,  1938216.497334,  1865068.313162,    73148.184172,  904730.963655,      6521,            10,  10156,  10155,   2756,    228,      0,      0,      0,      0,      0,       0,       0,       0,       0,       0,       0,       0,       0,       0,       0,       0,       0,       0,       0,       0,       0,       0,      2731
run_1_spare_exponential_N600_r18.log ,  1979474.766737,  1911659.753889,    67815.012847,  893619.158536,      6627,             9,  10136,  10134,   3176,    576,      0,      0,      0,      0,      0,       0,       0,       0,       0,       0,       0,       0,       0,       0,       0,       0,       0,       0,       0,       0,       0,       0,      2816
run_1_spare_exponential_N600_r19.log ,  1992984.687030,  1935480.435316,    57504.251714,  881480.778739,      6290,             8,  10080,  10078,   3383,    772,     66,      0,      0,      0,      0,       0,       0,       0,       0,       0,       0,       0,       0,       0,       0,       0,       0,       0,       0,       0,       0,       0,      2931
run_1_spare_exponential_N600_r20.log ,  2009316.890443,  1947944.007110,    61372.883334,  882284.537704,      6536,             8,  10110,  10108,   3432,    900,     19,      0,      0,      0,      0,       0,       0,       0,       0,       0,       0,       0,       0,       0,       0,       0,       0,       0,       0,       0,       0,       0,      2932
run_1_spare_exponential_N1000_r2.log ,  4050200.323671,  1854086.268418,  2196114.055253, 1471035.354566,     13354,           314,  11800,  11766,      0,      0,      0,      0,      0,      0,      0,       0,       0,       0,       0,       0,       0,       0,       0,       0,       0,       0,       0,       0,       0,       0,       0,       0,         0
run_1_spare_exponential_N1000_r3.log ,  2182790.950307,  1675766.579424,   507024.370883, 1281563.202498,      7234,            72,  10592,  10587,      0,      0,      0,      0,      0,      0,      0,       0,       0,       0,       0,       0,       0,       0,       0,       0,       0,       0,       0,       0,       0,       0,       0,       0,       513
run_1_spare_exponential_N1000_r4.log ,  1878205.090825,  1659491.943382,   218713.147444, 1199517.899004,      6254,            31,  10372,  10368,      0,      0,      0,      0,      0,      0,      0,       0,       0,       0,       0,       0,       0,       0,       0,       0,       0,       0,       0,       0,       0,       0,       0,       0,       917
run_1_spare_exponential_N1000_r5.log ,  1818423.347488,  1669271.812430,   149151.535058, 1142982.925921,      6058,            21,  10296,  10296,      0,      0,      0,      0,      0,      0,      0,       0,       0,       0,       0,       0,       0,       0,       0,       0,       0,       0,       0,       0,       0,       0,       0,       0,      1273
run_1_spare_exponential_N1000_r6.log ,  1792509.057654,  1679020.029784,   113489.027870, 1099397.465222,      5960,            16,  10242,  10241,      0,      0,      0,      0,      0,      0,      0,       0,       0,       0,       0,       0,       0,       0,       0,       0,       0,       0,       0,       0,       0,       0,       0,       0,      1588
run_1_spare_exponential_N1000_r7.log ,  1779243.960111,  1680363.777878,    98880.182233, 1062371.437130,      5981,            14,  10219,  10211,      0,      0,      0,      0,      0,      0,      0,       0,       0,       0,       0,       0,       0,       0,       0,       0,       0,       0,       0,       0,       0,       0,       0,       0,      1732
run_1_spare_exponential_N1000_r8.log ,  1749467.076273,  1681785.089372,    67681.986901, 1004064.288291,      5740,            10,  10147,  10143,      0,      0,      0,      0,      0,      0,      0,       0,       0,       0,       0,       0,       0,       0,       0,       0,       0,       0,       0,       0,       0,       0,       0,       0,      2005
run_1_spare_exponential_N1000_r9.log ,  1745345.303674,  1680690.818339,    64654.485335,  976744.274194,      5779,             9,  10110,  10109,      0,      0,      0,      0,      0,      0,      0,       0,       0,       0,       0,       0,       0,       0,       0,       0,       0,       0,       0,       0,       0,       0,       0,       0,      2123
run_1_spare_exponential_N1000_r10.log,  1779211.019245,  1717432.577092,    61778.442153,  969019.969548,      5959,             9,  10128,  10124,    411,      0,      0,      0,      0,      0,      0,       0,       0,       0,       0,       0,       0,       0,       0,       0,       0,       0,       0,       0,       0,       0,       0,       0,      2259
run_1_spare_exponential_N1000_r11.log,  1779519.041066,  1729902.326058,    49616.715008,  937519.508584,      5835,             7,  10106,  10106,    640,      0,      0,      0,      0,      0,      0,       0,       0,       0,       0,       0,       0,       0,       0,       0,       0,       0,       0,       0,       0,       0,       0,       0,      2316
run_1_spare_exponential_N1000_r12.log,  1815216.011940,  1773745.909436,    41470.102504,  926817.553489,      5846,             6,  10079,  10072,   1344,      0,      0,      0,      0,      0,      0,       0,       0,       0,       0,       0,       0,       0,       0,       0,       0,       0,       0,       0,       0,       0,       0,       0,      2378
run_1_spare_exponential_N1000_r13.log,  1833580.554423,  1791722.254343,    41858.300080,  935789.922896,      5795,             6,  10147,  10146,   1356,      0,      0,      0,      0,      0,      0,       0,       0,       0,       0,       0,       0,       0,       0,       0,       0,       0,       0,       0,       0,       0,       0,       0,      2492
run_1_spare_exponential_N1000_r14.log,  1840475.116151,  1791364.881442,    49110.234709,  934585.890159,      6086,             7,  10146,  10143,   1314,      0,      0,      0,      0,      0,      0,       0,       0,       0,       0,       0,       0,       0,       0,       0,       0,       0,       0,       0,       0,       0,       0,       0,      2519
run_1_spare_exponential_N1000_r15.log,  1913376.241558,  1871364.135684,    42012.105873,  922476.983780,      6475,             6,  10118,  10116,   2416,      0,      0,      0,      0,      0,      0,       0,       0,       0,       0,       0,       0,       0,       0,       0,       0,       0,       0,       0,       0,       0,       0,       0,      2769
run_1_spare_exponential_N1000_r16.log,  1888958.293127,  1847444.450933,    41513.842194,  926404.500485,      6136,             6,  10125,  10122,   2095,     76,      0,      0,      0,      0,      0,       0,       0,       0,       0,       0,       0,       0,       0,       0,       0,       0,       0,       0,       0,       0,       0,       0,      2590
run_1_spare_exponential_N1000_r17.log,  1932329.677471,  1889946.458174,    42383.219296,  904879.855409,      6519,             6,  10108,  10106,   2624,    167,      0,      0,      0,      0,      0,       0,       0,       0,       0,       0,       0,       0,       0,       0,       0,       0,       0,       0,       0,       0,       0,       0,      2734
run_1_spare_exponential_N1000_r18.log,  1934277.330703,  1891669.530198,    42607.800505,  904091.179030,      6475,             6,  10101,  10100,   2763,     44,      0,      0,      0,      0,      0,       0,       0,       0,       0,       0,       0,       0,       0,       0,       0,       0,       0,       0,       0,       0,       0,       0,      2724
run_1_spare_exponential_N1000_r19.log,  1950936.191924,  1916919.962655,    34016.229270,  900601.252333,      6285,             5,  10092,  10085,   2815,    451,      0,      0,      0,      0,      0,       0,       0,       0,       0,       0,       0,       0,       0,       0,       0,       0,       0,       0,       0,       0,       0,       0,      2693
run_1_spare_exponential_N1000_r20.log,  2018034.896543,  1982568.171041,    35466.725502,  893699.598048,      6704,             5,  10086,  10086,   3359,    858,     33,      0,      0,      0,      0,       0,       0,       0,       0,       0,       0,       0,       0,       0,       0,       0,       0,       0,       0,       0,       0,       0,      2823
run_1_spare_exponential_N1000_r21.log,  1962863.965784,  1928777.178139,    34086.787644,  898377.694730,      6409,             5,  10088,  10088,   2899,    534,     28,      0,      0,      0,      0,       0,       0,       0,       0,       0,       0,       0,       0,       0,       0,       0,       0,       0,       0,       0,       0,       0,      2758
run_1_spare_exponential_N1000_r22.log,  2009918.490906,  1975169.982202,    34748.508704,  895911.972878,      6615,             5,  10124,  10122,   3179,    770,     16,      0,      0,      0,      0,       0,       0,       0,       0,       0,       0,       0,       0,       0,       0,       0,       0,       0,       0,       0,       0,       0,      2916
run_1_spare_exponential_N1000_r23.log,  2039764.720621,  2005519.764759,    34244.955863,  886984.641274,      6754,             5,  10083,  10065,   3610,    998,     14,      0,      0,      0,      0,       0,       0,       0,       0,       0,       0,       0,       0,       0,       0,       0,       0,       0,       0,       0,       0,       0,      2804
run_1_spare_exponential_N1000_r24.log,  2035968.731972,  2000419.614207,    35549.117766,  894992.394182,      6713,             5,  10074,  10065,   3507,    921,     88,      0,      0,      0,      0,       0,       0,       0,       0,       0,       0,       0,       0,       0,       0,       0,       0,       0,       0,       0,       0,       0,      2857
run_1_spare_exponential_N1000_r25.log,  2086504.719350,  2050958.761495,    35545.957855,  878703.096607,      6893,             5,  10099,  10094,   3767,   1368,     66,      0,      0,      0,      0,       0,       0,       0,       0,       0,       0,       0,       0,       0,       0,       0,       0,       0,       0,       0,       0,       0,      2931
run_1_spare_exponential_N1000_r26.log,  2155129.775889,  2126357.265892,    28772.509997,  874057.658225,      6927,             4,  10097,  10092,   3926,   1781,    624,     37,      0,      0,      0,       0,       0,       0,       0,       0,       0,       0,       0,       0,       0,       0,       0,       0,       0,       0,       0,       0,      3061
run_2_spare_exponential_N200_r2.log  , 16874848.123437,  2341753.478493, 14533094.644944, 1845859.693594,     55396,          1973,  15987,  15027,      0,      0,      0,      0,      0,      0,      0,       0,       0,       0,       0,       0,       0,       0,       0,       0,       0,       0,       0,       0,       0,       0,       0,       0,         0
run_2_spare_exponential_N200_r3.log  ,  3766086.054976,  1779921.523780,  1986164.531196, 1296495.085712,     12617,           266,  11564,  11541,     17,      0,      0,      0,      0,      0,      0,       0,       0,       0,       0,       0,       0,       0,       0,       0,       0,       0,       0,       0,       0,       0,       0,       0,      1069
run_2_spare_exponential_N200_r4.log  ,  2555757.328692,  1687774.244044,   867983.084648, 1161993.070670,      8436,           120,  10870,  10867,      2,      0,      0,      0,      0,      0,      0,       0,       0,       0,       0,       0,       0,       0,       0,       0,       0,       0,       0,       0,       0,       0,       0,       0,      1493
run_2_spare_exponential_N200_r5.log  ,  2307405.784672,  1673302.995641,   634102.789031, 1085490.723562,      7670,            85,  10686,  10680,      0,      0,      0,      0,      0,      0,      0,       0,       0,       0,       0,       0,       0,       0,       0,       0,       0,       0,       0,       0,       0,       0,       0,       0,      1847
run_2_spare_exponential_N200_r6.log  ,  2137963.317604,  1664389.862848,   473573.454756, 1022099.469770,      7054,            64,  10522,  10521,     38,      0,      0,      0,      0,      0,      0,       0,       0,       0,       0,       0,       0,       0,       0,       0,       0,       0,       0,       0,       0,       0,       0,       0,      2215
run_2_spare_exponential_N200_r7.log  ,  2047292.484442,  1680259.017562,   367033.466880,  978758.243986,      6816,            49,  10500,  10499,    329,      0,      0,      0,      0,      0,      0,       0,       0,       0,       0,       0,       0,       0,       0,       0,       0,       0,       0,       0,       0,       0,       0,       0,      2352
run_2_spare_exponential_N200_r8.log  ,  2021477.789930,  1692302.073248,   329175.716683,  948732.415609,      6570,            42,  10382,  10377,    700,      0,      0,      0,      0,      0,      0,       0,       0,       0,       0,       0,       0,       0,       0,       0,       0,       0,       0,       0,       0,       0,       0,       0,      2495
run_2_spare_exponential_N200_r9.log  ,  1996915.601841,  1707415.446001,   289500.155840,  936366.670625,      6510,            39,  10349,  10344,   1019,      0,      0,      0,      0,      0,      0,       0,       0,       0,       0,       0,       0,       0,       0,       0,       0,       0,       0,       0,       0,       0,       0,       0,      2467
run_2_spare_exponential_N200_r10.log ,  2021589.424980,  1744472.589317,   277116.835663,  918612.093398,      6774,            37,  10339,  10331,   1489,      3,      0,      0,      0,      0,      0,       0,       0,       0,       0,       0,       0,       0,       0,       0,       0,       0,       0,       0,       0,       0,       0,       0,      2693
run_2_spare_exponential_N200_r11.log ,  1999511.168249,  1751218.307184,   248292.861064,  916037.928544,      6537,            34,  10281,  10278,   1722,     84,      0,      0,      0,      0,      0,       0,       0,       0,       0,       0,       0,       0,       0,       0,       0,       0,       0,       0,       0,       0,       0,       0,      2551
run_2_spare_exponential_N200_r12.log ,  2034851.045014,  1798489.022363,   236362.022652,  909627.751491,      6768,            32,  10291,  10288,   2387,     41,      0,      0,      0,      0,      0,       0,       0,       0,       0,       0,       0,       0,       0,       0,       0,       0,       0,       0,       0,       0,       0,       0,      2761
run_2_spare_exponential_N600_r2.log  ,  5260540.582983,  1876815.596319,  3383724.986664, 1501835.177024,     17487,           478,  12205,  12116,      0,      0,      0,      0,      0,      0,      0,       0,       0,       0,       0,       0,       0,       0,       0,       0,       0,       0,       0,       0,       0,       0,       0,       0,         0
run_2_spare_exponential_N600_r3.log  ,  2384295.107171,  1673123.416607,   711171.690564, 1283401.004868,      7923,           101,  10761,  10759,     15,      0,      0,      0,      0,      0,      0,       0,       0,       0,       0,       0,       0,       0,       0,       0,       0,       0,       0,       0,       0,       0,       0,       0,       610
run_2_spare_exponential_N600_r4.log  ,  1954687.402899,  1642035.212578,   312652.190321, 1176647.354322,      6505,            44,  10421,  10416,      0,      0,      0,      0,      0,      0,      0,       0,       0,       0,       0,       0,       0,       0,       0,       0,       0,       0,       0,       0,       0,       0,       0,       0,      1104
run_2_spare_exponential_N600_r5.log  ,  1877755.804863,  1645988.088720,   231767.716143, 1135764.106433,      6272,            33,  10373,  10368,     31,      0,      0,      0,      0,      0,      0,       0,       0,       0,       0,       0,       0,       0,       0,       0,       0,       0,       0,       0,       0,       0,       0,       0,      1322
run_2_spare_exponential_N600_r6.log  ,  1795669.936726,  1631680.989583,   163988.947143, 1065461.643648,      5874,            23,  10221,  10219,     13,      0,      0,      0,      0,      0,      0,       0,       0,       0,       0,       0,       0,       0,       0,       0,       0,       0,       0,       0,       0,       0,       0,       0,      1544
run_2_spare_exponential_N600_r7.log  ,  1779002.774245,  1645011.284686,   133991.489558, 1029905.639046,      5918,            19,  10232,  10223,      0,      0,      0,      0,      0,      0,      0,       0,       0,       0,       0,       0,       0,       0,       0,       0,       0,       0,       0,       0,       0,       0,       0,       0,      1839
run_2_spare_exponential_N600_r8.log  ,  1763598.104875,  1648716.513400,   114881.591475,  989401.402958,      5624,            16,  10200,  10199,     63,      0,      0,      0,      0,      0,      0,       0,       0,       0,       0,       0,       0,       0,       0,       0,       0,       0,       0,       0,       0,       0,       0,       0,      1981
run_2_spare_exponential_N600_r9.log  ,  1774292.295274,  1674305.652230,    99986.643044,  958153.074785,      5773,            14,  10155,  10148,    411,      0,      0,      0,      0,      0,      0,       0,       0,       0,       0,       0,       0,       0,       0,       0,       0,       0,       0,       0,       0,       0,       0,       0,      2219
run_2_spare_exponential_N600_r10.log ,  1771443.150130,  1679913.680424,    91529.469706,  940323.778725,      5940,            13,  10141,  10136,    507,      0,      0,      0,      0,      0,      0,       0,       0,       0,       0,       0,       0,       0,       0,       0,       0,       0,       0,       0,       0,       0,       0,       0,      2319
run_2_spare_exponential_N600_r11.log ,  1831014.269947,  1745649.304287,    85364.965660,  931457.769255,      6125,            12,  10201,  10201,   1207,      0,      0,      0,      0,      0,      0,       0,       0,       0,       0,       0,       0,       0,       0,       0,       0,       0,       0,       0,       0,       0,       0,       0,      2501
run_2_spare_exponential_N600_r12.log ,  1837869.739226,  1757585.832995,    80283.906232,  928885.282109,      5946,            11,  10137,  10133,   1562,      0,      0,      0,      0,      0,      0,       0,       0,       0,       0,       0,       0,       0,       0,       0,       0,       0,       0,       0,       0,       0,       0,       0,      2500
run_2_spare_exponential_N600_r13.log ,  1846131.703188,  1771247.917259,    74883.785930,  919323.470528,      6135,            11,  10108,  10107,   1768,     38,      0,      0,      0,      0,      0,       0,       0,       0,       0,       0,       0,       0,       0,       0,       0,       0,       0,       0,       0,       0,       0,       0,      2542
run_2_spare_exponential_N600_r14.log ,  1875273.453543,  1807035.362878,    68238.090665,  917592.055642,      6232,            10,  10144,  10144,   2221,      4,      0,      0,      0,      0,      0,       0,       0,       0,       0,       0,       0,       0,       0,       0,       0,       0,       0,       0,       0,       0,       0,       0,      2609
run_2_spare_exponential_N600_r15.log ,  1905558.504606,  1834997.921657,    70560.582949,  914328.079979,      6366,            10,  10152,  10152,   2466,     62,      0,      0,      0,      0,      0,       0,       0,       0,       0,       0,       0,       0,       0,       0,       0,       0,       0,       0,       0,       0,       0,       0,      2733
run_2_spare_exponential_N600_r16.log ,  1949758.649791,  1886496.880328,    63261.769463,  902901.536776,      6435,             9,  10123,  10122,   3070,    306,      0,      0,      0,      0,      0,       0,       0,       0,       0,       0,       0,       0,       0,       0,       0,       0,       0,       0,       0,       0,       0,       0,      2758
run_2_spare_exponential_N600_r17.log ,  1943021.998931,  1880826.504207,    62195.494724,  897012.993810,      6419,             9,  10131,  10130,   3008,    376,      0,      0,      0,      0,      0,       0,       0,       0,       0,       0,       0,       0,       0,       0,       0,       0,       0,       0,       0,       0,       0,       0,      2614
run_2_spare_exponential_N600_r18.log ,  2013351.788854,  1951159.256033,    62192.532822,  894972.434986,      6762,             9,  10186,  10184,   3442,    739,     10,      0,      0,      0,      0,       0,       0,       0,       0,       0,       0,       0,       0,       0,       0,       0,       0,       0,       0,       0,       0,       0,      2923
run_2_spare_exponential_N600_r19.log ,  2002711.284055,  1946612.300122,    56098.983934,  881224.294452,      6480,             8,  10124,  10122,   3524,    695,     40,      0,      0,      0,      0,       0,       0,       0,       0,       0,       0,       0,       0,       0,       0,       0,       0,       0,       0,       0,       0,       0,      2952
run_2_spare_exponential_N600_r20.log ,  1991688.285208,  1933769.944560,    57918.340648,  882584.603605,      6334,             8,  10138,  10136,   3430,    567,     79,      0,      0,      0,      0,       0,       0,       0,       0,       0,       0,       0,       0,       0,       0,       0,       0,       0,       0,       0,       0,       0,      2907
run_2_spare_exponential_N1000_r2.log ,  3980623.473274,  1834603.192572,  2146020.280702, 1453461.102813,     13160,           305,  11681,  11640,      0,      0,      0,      0,      0,      0,      0,       0,       0,       0,       0,       0,       0,       0,       0,       0,       0,       0,       0,       0,       0,       0,       0,       0,         0
run_2_spare_exponential_N1000_r3.log ,  2175795.543720,  1682241.380135,   493554.163585, 1286494.833372,      7336,            71,  10633,  10628,      0,      0,      0,      0,      0,      0,      0,       0,       0,       0,       0,       0,       0,       0,       0,       0,       0,       0,       0,       0,       0,       0,       0,       0,       521
run_2_spare_exponential_N1000_r4.log ,  1853536.423144,  1651320.156700,   202216.266444, 1189323.622740,      6113,            29,  10297,  10293,      0,      0,      0,      0,      0,      0,      0,       0,       0,       0,       0,       0,       0,       0,       0,       0,       0,       0,       0,       0,       0,       0,       0,       0,       957
run_2_spare_exponential_N1000_r5.log ,  1807543.982468,  1649370.673136,   158173.309332, 1146613.231478,      5993,            23,  10216,  10216,      0,      0,      0,      0,      0,      0,      0,       0,       0,       0,       0,       0,       0,       0,       0,       0,       0,       0,       0,       0,       0,       0,       0,       0,      1165
run_2_spare_exponential_N1000_r6.log ,  1778453.865419,  1673519.761133,   104934.104286, 1092566.169796,      5888,            15,  10226,  10225,      0,      0,      0,      0,      0,      0,      0,       0,       0,       0,       0,       0,       0,       0,       0,       0,       0,       0,       0,       0,       0,       0,       0,       0,      1560
run_2_spare_exponential_N1000_r7.log ,  1767737.143056,  1676562.535633,    91174.607423, 1056315.885737,      5952,            13,  10189,  10181,      0,      0,      0,      0,      0,      0,      0,       0,       0,       0,       0,       0,       0,       0,       0,       0,       0,       0,       0,       0,       0,       0,       0,       0,      1744
run_2_spare_exponential_N1000_r8.log ,  1760298.199624,  1682751.949784,    77546.249840, 1031236.368836,      5886,            11,  10175,  10171,     35,      0,      0,      0,      0,      0,      0,       0,       0,       0,       0,       0,       0,       0,       0,       0,       0,       0,       0,       0,       0,       0,       0,       0,      1880
run_2_spare_exponential_N1000_r9.log ,  1762269.598755,  1700357.122156,    61912.476599,  985685.032007,      5774,             9,  10198,  10197,     34,      0,      0,      0,      0,      0,      0,       0,       0,       0,       0,       0,       0,       0,       0,       0,       0,       0,       0,       0,       0,       0,       0,       0,      2163
run_2_spare_exponential_N1000_r10.log,  1768905.447704,  1704365.120599,    64540.327105,  969602.198807,      5909,             9,  10148,  10144,    207,      0,      0,      0,      0,      0,      0,       0,       0,       0,       0,       0,       0,       0,       0,       0,       0,       0,       0,       0,       0,       0,       0,       0,      2233
run_2_spare_exponential_N1000_r11.log,  1777155.718976,  1727358.406908,    49797.312068,  942968.671712,      5753,             7,  10106,  10106,    684,      0,      0,      0,      0,      0,      0,       0,       0,       0,       0,       0,       0,       0,       0,       0,       0,       0,       0,       0,       0,       0,       0,       0,      2242
run_2_spare_exponential_N1000_r12.log,  1805811.300336,  1754538.976640,    51272.323696,  947634.272774,      5931,             7,  10133,  10126,    982,      0,      0,      0,      0,      0,      0,       0,       0,       0,       0,       0,       0,       0,       0,       0,       0,       0,       0,       0,       0,       0,       0,       0,      2289
run_2_spare_exponential_N1000_r13.log,  1837519.068613,  1786913.857034,    50605.211579,  947736.737457,      6100,             7,  10176,  10175,   1192,      0,      0,      0,      0,      0,      0,       0,       0,       0,       0,       0,       0,       0,       0,       0,       0,       0,       0,       0,       0,       0,       0,       0,      2499
run_2_spare_exponential_N1000_r14.log,  1892456.342668,  1850398.413872,    42057.928796,  919725.368095,      6300,             6,  10115,  10112,   2190,      3,      0,      0,      0,      0,      0,       0,       0,       0,       0,       0,       0,       0,       0,       0,       0,       0,       0,       0,       0,       0,       0,       0,      2634
run_2_spare_exponential_N1000_r15.log,  1882938.836493,  1841723.168458,    41215.668034,  924450.374671,      6189,             6,  10107,  10105,   2120,      0,      0,      0,      0,      0,      0,       0,       0,       0,       0,       0,       0,       0,       0,       0,       0,       0,       0,       0,       0,       0,       0,       0,      2633
run_2_spare_exponential_N1000_r16.log,  1924495.844038,  1889039.729676,    35456.114362,  898471.622195,      6050,             5,  10072,  10069,   2717,     92,      0,      0,      0,      0,      0,       0,       0,       0,       0,       0,       0,       0,       0,       0,       0,       0,       0,       0,       0,       0,       0,       0,      2793
run_2_spare_exponential_N1000_r17.log,  1892349.992968,  1851927.636982,    40422.355986,  922372.834585,      6123,             6,  10142,  10133,   2235,     68,      0,      0,      0,      0,      0,       0,       0,       0,       0,       0,       0,       0,       0,       0,       0,       0,       0,       0,       0,       0,       0,       0,      2483
run_2_spare_exponential_N1000_r18.log,  1938017.368144,  1902557.091152,    35460.276992,  901190.140855,      6279,             5,  10094,  10094,   2730,    278,      0,      0,      0,      0,      0,       0,       0,       0,       0,       0,       0,       0,       0,       0,       0,       0,       0,       0,       0,       0,       0,       0,      2735
run_2_spare_exponential_N1000_r19.log,  1960926.672321,  1926574.864602,    34351.807719,  902497.017935,      6427,             5,  10107,  10100,   2995,    429,      0,      0,      0,      0,      0,       0,       0,       0,       0,       0,       0,       0,       0,       0,       0,       0,       0,       0,       0,       0,       0,       0,      2708
run_2_spare_exponential_N1000_r20.log,  1949100.551577,  1914183.382884,    34917.168693,  894660.778615,      6370,             5,  10097,  10097,   2817,    320,      0,      0,      0,      0,      0,       0,       0,       0,       0,       0,       0,       0,       0,       0,       0,       0,       0,       0,       0,       0,       0,       0,      2792
run_2_spare_exponential_N1000_r21.log,  1925987.999544,  1891344.491779,    34643.507765,  895508.238195,      6056,             5,  10067,  10065,   2675,    166,      0,      0,      0,      0,      0,       0,       0,       0,       0,       0,       0,       0,       0,       0,       0,       0,       0,       0,       0,       0,       0,       0,      2743
run_2_spare_exponential_N1000_r22.log,  2014785.546710,  1977795.114318,    36990.432392,  894456.385198,      6743,             5,  10100,  10098,   3231,    809,     47,      0,      0,      0,      0,       0,       0,       0,       0,       0,       0,       0,       0,       0,       0,       0,       0,       0,       0,       0,       0,       0,      2856
run_2_spare_exponential_N1000_r23.log,  2126265.998801,  2091663.942372,    34602.056429,  871667.172083,      7251,             5,  10052,  10052,   4026,   1536,    272,      0,      0,      0,      0,       0,       0,       0,       0,       0,       0,       0,       0,       0,       0,       0,       0,       0,       0,       0,       0,       0,      3104
run_2_spare_exponential_N1000_r24.log,  2078529.949102,  2050157.840356,    28372.108746,  873512.873384,      6371,             4,  10087,  10076,   3745,   1226,    224,      0,      0,      0,      0,       0,       0,       0,       0,       0,       0,       0,       0,       0,       0,       0,       0,       0,       0,       0,       0,       0,      2991
run_2_spare_exponential_N1000_r25.log,  2111690.112505,  2083906.126941,    27783.985565,  873648.162399,      6772,             4,  10057,  10055,   3790,   1527,    427,      0,      0,      0,      0,       0,       0,       0,       0,       0,       0,       0,       0,       0,       0,       0,       0,       0,       0,       0,       0,       0,      3060
run_2_spare_exponential_N1000_r26.log,  2096337.719610,  2068355.255912,    27982.463699,  877414.817816,      6559,             4,  10069,  10063,   3638,   1366,    468,     94,      0,      0,      0,       0,       0,       0,       0,       0,       0,       0,       0,       0,       0,       0,       0,       0,       0,       0,       0,       0,      2958
run_3_spare_exponential_N200_r2.log  , 16354770.025670,  2317279.150192, 14037490.875478, 1827609.755910,     53569,          1907,  15827,  14890,      0,      0,      0,      0,      0,      0,      0,       0,       0,       0,       0,       0,       0,       0,       0,       0,       0,       0,       0,       0,       0,       0,       0,       0,         0
run_3_spare_exponential_N200_r3.log  ,  3770565.387814,  1787043.345650,  1983522.042164, 1309771.435342,     12611,           267,  11622,  11602,      0,      0,      0,      0,      0,      0,      0,       0,       0,       0,       0,       0,       0,       0,       0,       0,       0,       0,       0,       0,       0,       0,       0,       0,      1049
run_3_spare_exponential_N200_r4.log  ,  2596727.559351,  1687896.305929,   908831.253422, 1162678.873528,      8621,           123,  10833,  10831,     26,      0,      0,      0,      0,      0,      0,       0,       0,       0,       0,       0,       0,       0,       0,       0,       0,       0,       0,       0,       0,       0,       0,       0,      1540
run_3_spare_exponential_N200_r5.log  ,  2292653.317571,  1670105.831323,   622547.486248, 1082236.652026,      7650,            82,  10653,  10649,      4,      0,      0,      0,      0,      0,      0,       0,       0,       0,       0,       0,       0,       0,       0,       0,       0,       0,       0,       0,       0,       0,       0,       0,      1872
run_3_spare_exponential_N200_r6.log  ,  2144477.471179,  1654573.823319,   489903.647860, 1026512.318301,      7235,            67,  10477,  10473,     12,      0,      0,      0,      0,      0,      0,       0,       0,       0,       0,       0,       0,       0,       0,       0,       0,       0,       0,       0,       0,       0,       0,       0,      2131
run_3_spare_exponential_N200_r7.log  ,  2028407.612875,  1661404.573786,   367003.039089,  971757.128131,      6639,            49,  10411,  10408,    237,      0,      0,      0,      0,      0,      0,       0,       0,       0,       0,       0,       0,       0,       0,       0,       0,       0,       0,       0,       0,       0,       0,       0,      2328
run_3_spare_exponential_N200_r8.log  ,  2003034.091900,  1677156.704782,   325877.387118,  944492.915441,      6696,            43,  10326,  10323,    620,      0,      0,      0,      0,      0,      0,       0,       0,       0,       0,       0,       0,       0,       0,       0,       0,       0,       0,       0,       0,       0,       0,       0,      2446
run_3_spare_exponential_N200_r9.log  ,  2005018.426132,  1702414.241102,   302604.185030,  930511.403495,      6647,            40,  10318,  10312,    962,      1,      0,      0,      0,      0,      0,       0,       0,       0,       0,       0,       0,       0,       0,       0,       0,       0,       0,       0,       0,       0,       0,       0,      2513
run_3_spare_exponential_N200_r10.log ,  2015559.234018,  1753544.130837,   262015.103181,  922009.894346,      6753,            36,  10303,  10297,   1678,      3,      0,      0,      0,      0,      0,       0,       0,       0,       0,       0,       0,       0,       0,       0,       0,       0,       0,       0,       0,       0,       0,       0,      2703
run_3_spare_exponential_N200_r11.log ,  1993106.423610,  1749528.116487,   243578.307123,  922484.469313,      6343,            33,  10287,  10281,   1794,     13,      0,      0,      0,      0,      0,       0,       0,       0,       0,       0,       0,       0,       0,       0,       0,       0,       0,       0,       0,       0,       0,       0,      2531
run_3_spare_exponential_N200_r12.log ,  2090313.116179,  1838901.569891,   251411.546288,  914074.646185,      6978,            33,  10370,  10365,   2650,    133,     11,      0,      0,      0,      0,       0,       0,       0,       0,       0,       0,       0,       0,       0,       0,       0,       0,       0,       0,       0,       0,       0,      2886
run_3_spare_exponential_N600_r2.log  ,  5510260.487965,  1917325.513052,  3592934.974912, 1535352.664592,     18429,           513,  12478,  12374,      0,      0,      0,      0,      0,      0,      0,       0,       0,       0,       0,       0,       0,       0,       0,       0,       0,       0,       0,       0,       0,       0,       0,       0,         0
run_3_spare_exponential_N600_r3.log  ,  2378140.364612,  1673115.364308,   705025.000304, 1282456.938750,      7925,            99,  10741,  10740,     48,      0,      0,      0,      0,      0,      0,       0,       0,       0,       0,       0,       0,       0,       0,       0,       0,       0,       0,       0,       0,       0,       0,       0,       623
run_3_spare_exponential_N600_r4.log  ,  1968622.236522,  1642893.949593,   325728.286929, 1180677.454852,      6477,            45,  10427,  10426,      0,      0,      0,      0,      0,      0,      0,       0,       0,       0,       0,       0,       0,       0,       0,       0,       0,       0,       0,       0,       0,       0,       0,       0,      1098
run_3_spare_exponential_N600_r5.log  ,  1877598.259862,  1633768.615411,   243829.644451, 1133956.398986,      6210,            34,  10314,  10310,      0,      0,      0,      0,      0,      0,      0,       0,       0,       0,       0,       0,       0,       0,       0,       0,       0,       0,       0,       0,       0,       0,       0,       0,      1278
run_3_spare_exponential_N600_r6.log  ,  1808646.077668,  1648247.583037,   160398.494631, 1070662.689148,      6044,            23,  10289,  10289,      0,      0,      0,      0,      0,      0,      0,       0,       0,       0,       0,       0,       0,       0,       0,       0,       0,       0,       0,       0,       0,       0,       0,       0,      1677
run_3_spare_exponential_N600_r7.log  ,  1801739.890833,  1655717.389422,   146022.501412, 1042448.533365,      6132,            21,  10269,  10265,     13,      0,      0,      0,      0,      0,      0,       0,       0,       0,       0,       0,       0,       0,       0,       0,       0,       0,       0,       0,       0,       0,       0,       0,      1892
run_3_spare_exponential_N600_r8.log  ,  1762455.396288,  1648804.317873,   113651.078415,  985259.661660,      5913,            16,  10191,  10190,     12,      0,      0,      0,      0,      0,      0,       0,       0,       0,       0,       0,       0,       0,       0,       0,       0,       0,       0,       0,       0,       0,       0,       0,      2106
run_3_spare_exponential_N600_r9.log  ,  1790073.363105,  1668869.319176,   121204.043929,  974467.123461,      5919,            15,  10221,  10220,    186,      0,      0,      0,      0,      0,      0,       0,       0,       0,       0,       0,       0,       0,       0,       0,       0,       0,       0,       0,       0,       0,       0,       0,      2190
run_3_spare_exponential_N600_r10.log ,  1767263.029218,  1673444.930610,    93818.098609,  950119.770180,      5842,            13,  10135,  10124,    416,      0,      0,      0,      0,      0,      0,       0,       0,       0,       0,       0,       0,       0,       0,       0,       0,       0,       0,       0,       0,       0,       0,       0,      2291
run_3_spare_exponential_N600_r11.log ,  1828218.357359,  1739276.547841,    88941.809518,  929898.590747,      6060,            12,  10179,  10179,   1183,      0,      0,      0,      0,      0,      0,       0,       0,       0,       0,       0,       0,       0,       0,       0,       0,       0,       0,       0,       0,       0,       0,       0,      2477
run_3_spare_exponential_N600_r12.log ,  1809246.606645,  1724786.255403,    84460.351243,  936857.417300,      6069,            12,  10154,  10153,   1083,      0,      0,      0,      0,      0,      0,       0,       0,       0,       0,       0,       0,       0,       0,       0,       0,       0,       0,       0,       0,       0,       0,       0,      2377
run_3_spare_exponential_N600_r13.log ,  1797620.092284,  1716430.615098,    81189.477186,  942709.933614,      5809,            12,  10156,  10152,    996,      0,      0,      0,      0,      0,      0,       0,       0,       0,       0,       0,       0,       0,       0,       0,       0,       0,       0,       0,       0,       0,       0,       0,      2262
run_3_spare_exponential_N600_r14.log ,  1871019.503271,  1797238.132049,    73781.371222,  912052.874771,      6170,            10,  10114,  10111,   2067,     48,      0,      0,      0,      0,      0,       0,       0,       0,       0,       0,       0,       0,       0,       0,       0,       0,       0,       0,       0,       0,       0,       0,      2595
run_3_spare_exponential_N600_r15.log ,  1918995.937466,  1842591.857825,    76404.079642,  913602.733777,      6452,            10,  10133,  10125,   2587,    113,      0,      0,      0,      0,      0,       0,       0,       0,       0,       0,       0,       0,       0,       0,       0,       0,       0,       0,       0,       0,       0,       0,      2783
run_3_spare_exponential_N600_r16.log ,  1912582.438104,  1851157.159186,    61425.278919,  907694.487421,      6242,             9,  10142,  10140,   2691,    180,      0,      0,      0,      0,      0,       0,       0,       0,       0,       0,       0,       0,       0,       0,       0,       0,       0,       0,       0,       0,       0,       0,      2700
run_3_spare_exponential_N600_r17.log ,  1916480.117137,  1855091.534231,    61388.582906,  906002.905220,      6144,             9,  10133,  10129,   2711,    203,      0,      0,      0,      0,      0,       0,       0,       0,       0,       0,       0,       0,       0,       0,       0,       0,       0,       0,       0,       0,       0,       0,      2693
run_3_spare_exponential_N600_r18.log ,  1964830.325555,  1899961.754774,    64868.570781,  895206.642973,      6514,             9,  10124,  10122,   3191,    424,      0,      0,      0,      0,      0,       0,       0,       0,       0,       0,       0,       0,       0,       0,       0,       0,       0,       0,       0,       0,       0,       0,      2818
run_3_spare_exponential_N600_r19.log ,  1981772.701660,  1925305.037783,    56467.663878,  886224.504710,      6377,             8,  10097,  10091,   3331,    684,     17,      0,      0,      0,      0,       0,       0,       0,       0,       0,       0,       0,       0,       0,       0,       0,       0,       0,       0,       0,       0,       0,      2838
run_3_spare_exponential_N600_r20.log ,  2032034.133173,  1971598.720647,    60435.412526,  878942.727642,      6736,             8,  10097,  10095,   3507,   1121,     71,      0,      0,      0,      0,       0,       0,       0,       0,       0,       0,       0,       0,       0,       0,       0,       0,       0,       0,       0,       0,       0,      3016
run_3_spare_exponential_N1000_r2.log ,  4157905.779020,  1856909.723442,  2300996.055578, 1473658.901577,     13866,           329,  11825,  11780,      0,      0,      0,      0,      0,      0,      0,       0,       0,       0,       0,       0,       0,       0,       0,       0,       0,       0,       0,       0,       0,       0,       0,       0,         0
run_3_spare_exponential_N1000_r3.log ,  2116107.677368,  1678184.821727,   437922.855641, 1275345.093335,      7077,            63,  10585,  10584,      0,      0,      0,      0,      0,      0,      0,       0,       0,       0,       0,       0,       0,       0,       0,       0,       0,       0,       0,       0,       0,       0,       0,       0,       559
run_3_spare_exponential_N1000_r4.log ,  1875170.720997,  1656876.161564,   218294.559432, 1192246.640943,      6287,            31,  10336,  10328,      0,      0,      0,      0,      0,      0,      0,       0,       0,       0,       0,       0,       0,       0,       0,       0,       0,       0,       0,       0,       0,       0,       0,       0,       951
run_3_spare_exponential_N1000_r5.log ,  1798097.446756,  1659239.602447,   138857.844310, 1135042.507514,      5911,            20,  10262,  10259,      0,      0,      0,      0,      0,      0,      0,       0,       0,       0,       0,       0,       0,       0,       0,       0,       0,       0,       0,       0,       0,       0,       0,       0,      1213
run_3_spare_exponential_N1000_r6.log ,  1776830.474879,  1665927.255252,   110903.219626, 1099717.887847,      5939,            16,  10234,  10219,      0,      0,      0,      0,      0,      0,      0,       0,       0,       0,       0,       0,       0,       0,       0,       0,       0,       0,       0,       0,       0,       0,       0,       0,      1425
run_3_spare_exponential_N1000_r7.log ,  1761735.860436,  1670355.932857,    91379.927579, 1058194.465245,      5803,            13,  10158,  10157,      0,      0,      0,      0,      0,      0,      0,       0,       0,       0,       0,       0,       0,       0,       0,       0,       0,       0,       0,       0,       0,       0,       0,       0,      1697
run_3_spare_exponential_N1000_r8.log ,  1755321.661208,  1684160.062063,    71161.599145, 1008939.258571,      5845,            10,  10149,  10145,      0,      0,      0,      0,      0,      0,      0,       0,       0,       0,       0,       0,       0,       0,       0,       0,       0,       0,       0,       0,       0,       0,       0,       0,      2001
run_3_spare_exponential_N1000_r9.log ,  1748025.326739,  1683807.468504,    64217.858235,  971804.625973,      5647,             9,  10116,  10116,     81,      0,      0,      0,      0,      0,      0,       0,       0,       0,       0,       0,       0,       0,       0,       0,       0,       0,       0,       0,       0,       0,       0,       0,      2103
run_3_spare_exponential_N1000_r10.log,  1751135.738921,  1686794.231794,    64341.507126,  979280.785344,      5734,             9,  10147,  10138,     74,      0,      0,      0,      0,      0,      0,       0,       0,       0,       0,       0,       0,       0,       0,       0,       0,       0,       0,       0,       0,       0,       0,       0,      2069
run_3_spare_exponential_N1000_r11.log,  1808317.293279,  1759871.748868,    48445.544411,  943498.589616,      5928,             7,  10100,  10098,   1064,      0,      0,      0,      0,      0,      0,       0,       0,       0,       0,       0,       0,       0,       0,       0,       0,       0,       0,       0,       0,       0,       0,       0,      2363
run_3_spare_exponential_N1000_r12.log,  1804723.630648,  1755296.104952,    49427.525696,  945756.839669,      5947,             7,  10151,  10150,    966,      0,      0,      0,      0,      0,      0,       0,       0,       0,       0,       0,       0,       0,       0,       0,       0,       0,       0,       0,       0,       0,       0,       0,      2266
run_3_spare_exponential_N1000_r13.log,  1845932.305759,  1803608.137473,    42324.168285,  924337.122635,      5994,             6,  10094,  10090,   1666,      0,      0,      0,      0,      0,      0,       0,       0,       0,       0,       0,       0,       0,       0,       0,       0,       0,       0,       0,       0,       0,       0,       0,      2475
run_3_spare_exponential_N1000_r14.log,  1855870.891219,  1811608.577742,    44262.313477,  923578.084502,      5979,             6,  10126,  10126,   1588,     64,      0,      0,      0,      0,      0,       0,       0,       0,       0,       0,       0,       0,       0,       0,       0,       0,       0,       0,       0,       0,       0,       0,      2553
run_3_spare_exponential_N1000_r15.log,  1892275.994912,  1856829.899252,    35446.095660,  903299.474489,      5951,             5,  10078,  10075,   2497,     16,      0,      0,      0,      0,      0,       0,       0,       0,       0,       0,       0,       0,       0,       0,       0,       0,       0,       0,       0,       0,       0,       0,      2487
run_3_spare_exponential_N1000_r16.log,  1935086.306235,  1893395.596995,    41690.709240,  912823.153905,      6460,             6,  10111,  10109,   2676,    161,      0,      0,      0,      0,      0,       0,       0,       0,       0,       0,       0,       0,       0,       0,       0,       0,       0,       0,       0,       0,       0,       0,      2692
run_3_spare_exponential_N1000_r17.log,  1882122.275584,  1839799.684879,    42322.590705,  931625.695701,      6193,             6,  10137,  10135,   1973,      0,      0,      0,      0,      0,      0,       0,       0,       0,       0,       0,       0,       0,       0,       0,       0,       0,       0,       0,       0,       0,       0,       0,      2574
run_3_spare_exponential_N1000_r18.log,  1907270.377661,  1865873.851364,    41396.526297,  919059.477354,      6331,             6,  10066,  10064,   2402,    207,      0,      0,      0,      0,      0,       0,       0,       0,       0,       0,       0,       0,       0,       0,       0,       0,       0,       0,       0,       0,       0,       0,      2534
run_3_spare_exponential_N1000_r19.log,  1901618.390011,  1866847.946863,    34770.443148,  902886.771251,      6063,             5,  10098,  10094,   2381,    191,      0,      0,      0,      0,      0,       0,       0,       0,       0,       0,       0,       0,       0,       0,       0,       0,       0,       0,       0,       0,       0,       0,      2531
run_3_spare_exponential_N1000_r20.log,  2021840.961031,  1986766.911795,    35074.049236,  890376.085492,      6690,             5,  10087,  10087,   3402,    933,     35,      0,      0,      0,      0,       0,       0,       0,       0,       0,       0,       0,       0,       0,       0,       0,       0,       0,       0,       0,       0,       0,      2827
run_3_spare_exponential_N1000_r21.log,  2026026.901301,  1990596.378351,    35430.522949,  887737.991191,      6786,             5,  10051,  10049,   3436,    928,      0,      0,      0,      0,      0,       0,       0,       0,       0,       0,       0,       0,       0,       0,       0,       0,       0,       0,       0,       0,       0,       0,      2899
run_3_spare_exponential_N1000_r22.log,  1982716.184212,  1945240.884218,    37475.299994,  898761.836260,      6499,             5,  10084,  10066,   3096,    636,      0,      0,      0,      0,      0,       0,       0,       0,       0,       0,       0,       0,       0,       0,       0,       0,       0,       0,       0,       0,       0,       0,      2744
run_3_spare_exponential_N1000_r23.log,  2055030.065114,  2019705.404763,    35324.660351,  884565.964525,      6769,             5,  10076,  10065,   3592,   1138,     72,      0,      0,      0,      0,       0,       0,       0,       0,       0,       0,       0,       0,       0,       0,       0,       0,       0,       0,       0,       0,       0,      2910
run_3_spare_exponential_N1000_r24.log,  2071284.264695,  2036815.293777,    34468.970918,  890600.527715,      7031,             5,  10106,  10104,   3630,   1151,    188,      0,      0,      0,      0,       0,       0,       0,       0,       0,       0,       0,       0,       0,       0,       0,       0,       0,       0,       0,       0,       0,      2935
run_3_spare_exponential_N1000_r25.log,  2090667.072289,  2062242.154127,    28424.918162,  878183.716137,      6162,             4,  10109,  10103,   3812,   1276,    221,      0,      0,      0,      0,       0,       0,       0,       0,       0,       0,       0,       0,       0,       0,       0,       0,       0,       0,       0,       0,       0,      2963
run_3_spare_exponential_N1000_r26.log,  2025079.159932,  1990225.882718,    34853.277214,  894325.459505,      6721,             5,  10101,  10100,   3348,    919,     39,      0,      0,      0,      0,       0,       0,       0,       0,       0,       0,       0,       0,       0,       0,       0,       0,       0,       0,       0,       0,       0,      2844
run_1_spare_weibull_N200_r2.log      , 16209972.352541,  2230993.559093, 13978978.793448, 1757457.016561,     53598,          1808,  15256,  14322,      0,      0,      0,      0,      0,      0,      0,       0,       0,       0,       0,       0,       0,       0,       0,       0,       0,       0,       0,       0,       0,       0,       0,       0,         0
run_1_spare_weibull_N200_r3.log      ,  3621831.771351,  1752807.487861,  1869024.283490, 1293915.594495,     11948,           242,  11459,  11447,      0,      0,      0,      0,      0,      0,      0,       0,       0,       0,       0,       0,       0,       0,       0,       0,       0,       0,       0,       0,       0,       0,       0,       0,       869
run_1_spare_weibull_N200_r4.log      ,  2489986.823239,  1671397.192381,   818589.630859, 1148514.951870,      8366,           107,  10808,  10808,      2,      0,      0,      0,      0,      0,      0,       0,       0,       0,       0,       0,       0,       0,       0,       0,       0,       0,       0,       0,       0,       0,       0,       0,      1356
run_1_spare_weibull_N200_r5.log      ,  2133272.308279,  1637574.467382,   495697.840898, 1054322.123877,      7181,            65,  10541,  10540,      7,      0,      0,      0,      0,      0,      0,       0,       0,       0,       0,       0,       0,       0,       0,       0,       0,       0,       0,       0,       0,       0,       0,       0,      1596
run_1_spare_weibull_N200_r6.log      ,  2061695.206405,  1628793.679081,   432901.527324, 1018425.974120,      6771,            55,  10454,  10454,     13,      0,      0,      0,      0,      0,      0,       0,       0,       0,       0,       0,       0,       0,       0,       0,       0,       0,       0,       0,       0,       0,       0,       0,      1761
run_1_spare_weibull_N200_r7.log      ,  1962601.539922,  1633836.826899,   328764.713023,  966406.984703,      6553,            42,  10342,  10342,    297,      0,      0,      0,      0,      0,      0,       0,       0,       0,       0,       0,       0,       0,       0,       0,       0,       0,       0,       0,       0,       0,       0,       0,      1944
run_1_spare_weibull_N200_r8.log      ,  1944805.594633,  1670407.222367,   274398.372265,  927904.431462,      6365,            34,  10333,  10333,    818,      0,      0,      0,      0,      0,      0,       0,       0,       0,       0,       0,       0,       0,       0,       0,       0,       0,       0,       0,       0,       0,       0,       0,      2082
run_1_spare_weibull_N200_r9.log      ,  1929866.180021,  1683613.544782,   246252.635240,  932297.097617,      6319,            33,  10320,  10319,   1003,      0,      0,      0,      0,      0,      0,       0,       0,       0,       0,       0,       0,       0,       0,       0,       0,       0,       0,       0,       0,       0,       0,       0,      2072
run_1_spare_weibull_N200_r10.log     ,  1945008.971702,  1718757.165598,   226251.806104,  901444.118569,      6446,            29,  10237,  10236,   1710,     45,      0,      0,      0,      0,      0,       0,       0,       0,       0,       0,       0,       0,       0,       0,       0,       0,       0,       0,       0,       0,       0,       0,      2105
run_1_spare_weibull_N200_r11.log     ,  1968105.930129,  1757743.305101,   210362.625028,  893969.148594,      6606,            27,  10202,  10200,   2283,     74,      0,      0,      0,      0,      0,       0,       0,       0,       0,       0,       0,       0,       0,       0,       0,       0,       0,       0,       0,       0,       0,       0,      2268
run_1_spare_weibull_N200_r12.log     ,  1983399.865251,  1790467.785511,   192932.079740,  893979.553635,      6641,            26,  10250,  10250,   2612,    194,      0,      0,      0,      0,      0,       0,       0,       0,       0,       0,       0,       0,       0,       0,       0,       0,       0,       0,       0,       0,       0,       0,      2215
run_1_spare_weibull_N600_r2.log      ,  5245502.709436,  1878565.501360,  3366937.208075, 1504169.137141,     17576,           466,  12215,  12131,      0,      0,      0,      0,      0,      0,      0,       0,       0,       0,       0,       0,       0,       0,       0,       0,       0,       0,       0,       0,       0,       0,       0,       0,         0
run_1_spare_weibull_N600_r3.log      ,  2331386.345075,  1663419.209564,   667967.135511, 1270248.454349,      8012,            91,  10706,  10705,      0,      0,      0,      0,      0,      0,      0,       0,       0,       0,       0,       0,       0,       0,       0,       0,       0,       0,       0,       0,       0,       0,       0,       0,       610
run_1_spare_weibull_N600_r4.log      ,  1948636.287672,  1631609.302221,   317026.985451, 1181077.549026,      6573,            44,  10410,  10410,      0,      0,      0,      0,      0,      0,      0,       0,       0,       0,       0,       0,       0,       0,       0,       0,       0,       0,       0,       0,       0,       0,       0,       0,       959
run_1_spare_weibull_N600_r5.log      ,  1842359.958883,  1623505.984585,   218853.974298, 1129310.843145,      6284,            31,  10285,  10285,      0,      0,      0,      0,      0,      0,      0,       0,       0,       0,       0,       0,       0,       0,       0,       0,       0,       0,       0,       0,       0,       0,       0,       0,      1190
run_1_spare_weibull_N600_r6.log      ,  1784523.505873,  1644679.361446,   139844.144427, 1042534.647955,      6151,            19,  10265,  10265,     22,      0,      0,      0,      0,      0,      0,       0,       0,       0,       0,       0,       0,       0,       0,       0,       0,       0,       0,       0,       0,       0,       0,       0,      1699
run_1_spare_weibull_N600_r7.log      ,  1761371.802251,  1630498.605508,   130873.196743, 1014033.126686,      6054,            17,  10196,  10196,      0,      0,      0,      0,      0,      0,      0,       0,       0,       0,       0,       0,       0,       0,       0,       0,       0,       0,       0,       0,       0,       0,       0,       0,      1670
run_1_spare_weibull_N600_r8.log      ,  1741553.021900,  1635431.877544,   106121.144356,  989281.776961,      5886,            15,  10209,  10208,     18,      0,      0,      0,      0,      0,      0,       0,       0,       0,       0,       0,       0,       0,       0,       0,       0,       0,       0,       0,       0,       0,       0,       0,      1774
run_1_spare_weibull_N600_r9.log      ,  1769842.711903,  1663949.218407,   105893.493495,  968030.210920,      6124,            14,  10191,  10191,    393,      0,      0,      0,      0,      0,      0,       0,       0,       0,       0,       0,       0,       0,       0,       0,       0,       0,       0,       0,       0,       0,       0,       0,      1947
run_1_spare_weibull_N600_r10.log     ,  1738848.614770,  1663278.582265,    75570.032505,  949986.368123,      5759,            11,  10182,  10182,    445,      0,      0,      0,      0,      0,      0,       0,       0,       0,       0,       0,       0,       0,       0,       0,       0,       0,       0,       0,       0,       0,       0,       0,      1909
run_1_spare_weibull_N600_r11.log     ,  1806823.277174,  1721281.212649,    85542.064525,  923493.916186,      6418,            11,  10141,  10141,   1230,      0,      0,      0,      0,      0,      0,       0,       0,       0,       0,       0,       0,       0,       0,       0,       0,       0,       0,       0,       0,       0,       0,       0,      2206
run_1_spare_weibull_N600_r12.log     ,  1761019.082754,  1688786.789459,    72232.293295,  925716.366721,      5905,            10,  10121,  10121,    898,      0,      0,      0,      0,      0,      0,       0,       0,       0,       0,       0,       0,       0,       0,       0,       0,       0,       0,       0,       0,       0,       0,       0,      2022
run_1_spare_weibull_N600_r13.log     ,  1846556.724842,  1773407.286338,    73149.438505,  913603.949108,      6214,             9,  10165,  10165,   1922,     67,      0,      0,      0,      0,      0,       0,       0,       0,       0,       0,       0,       0,       0,       0,       0,       0,       0,       0,       0,       0,       0,       0,      2160
run_1_spare_weibull_N600_r14.log     ,  1888350.354467,  1834686.531714,    53663.822753,  893338.954472,      6421,             8,  10119,  10119,   2867,     75,      0,      0,      0,      0,      0,       0,       0,       0,       0,       0,       0,       0,       0,       0,       0,       0,       0,       0,       0,       0,       0,       0,      2328
run_1_spare_weibull_N600_r15.log     ,  1869747.602880,  1812801.798567,    56945.804312,  895333.249519,      6237,             8,  10117,  10116,   2576,     29,      0,      0,      0,      0,      0,       0,       0,       0,       0,       0,       0,       0,       0,       0,       0,       0,       0,       0,       0,       0,       0,       0,      2293
run_1_spare_weibull_N600_r16.log     ,  1904357.864145,  1846878.001896,    57479.862249,  897780.300806,      6524,             8,  10172,  10171,   2889,    183,      0,      0,      0,      0,      0,       0,       0,       0,       0,       0,       0,       0,       0,       0,       0,       0,       0,       0,       0,       0,       0,       0,      2211
run_1_spare_weibull_N600_r17.log     ,  1936282.198648,  1886625.876534,    49656.322114,  879507.394309,      6304,             7,  10093,  10093,   3418,    329,      0,      0,      0,      0,      0,       0,       0,       0,       0,       0,       0,       0,       0,       0,       0,       0,       0,       0,       0,       0,       0,       0,      2426
run_1_spare_weibull_N600_r18.log     ,  1977860.255749,  1927606.900795,    50253.354954,  873305.285539,      6878,             7,  10103,  10102,   3624,    766,     66,      0,      0,      0,      0,       0,       0,       0,       0,       0,       0,       0,       0,       0,       0,       0,       0,       0,       0,       0,       0,       0,      2337
run_1_spare_weibull_N600_r19.log     ,  1962767.738312,  1906004.414719,    56763.323593,  886330.891809,      6666,             7,  10102,  10102,   3503,    628,      7,      0,      0,      0,      0,       0,       0,       0,       0,       0,       0,       0,       0,       0,       0,       0,       0,       0,       0,       0,       0,       0,      2328
run_1_spare_weibull_N600_r20.log     ,  1955217.076186,  1900692.482224,    54524.593962,  874339.492251,      6511,             7,  10079,  10079,   3243,    710,     49,      0,      0,      0,      0,       0,       0,       0,       0,       0,       0,       0,       0,       0,       0,       0,       0,       0,       0,       0,       0,       0,      2370
run_1_spare_weibull_N1000_r2.log     ,  3918671.403779,  1817060.649286,  2101610.754493, 1440166.224493,     13113,           294,  11567,  11525,      0,      0,      0,      0,      0,      0,      0,       0,       0,       0,       0,       0,       0,       0,       0,       0,       0,       0,       0,       0,       0,       0,       0,       0,         0
run_1_spare_weibull_N1000_r3.log     ,  2120102.909559,  1666881.370252,   453221.539307, 1269038.635585,      7167,            63,  10536,  10536,      0,      0,      0,      0,      0,      0,      0,       0,       0,       0,       0,       0,       0,       0,       0,       0,       0,       0,       0,       0,       0,       0,       0,       0,       497
run_1_spare_weibull_N1000_r4.log     ,  1874850.933274,  1656426.452069,   218424.481205, 1194991.559161,      6554,            31,  10340,  10339,      0,      0,      0,      0,      0,      0,      0,       0,       0,       0,       0,       0,       0,       0,       0,       0,       0,       0,       0,       0,       0,       0,       0,       0,       932
run_1_spare_weibull_N1000_r5.log     ,  1797907.763301,  1655624.365481,   142283.397820, 1122020.351875,      6442,            19,  10226,  10226,      0,      0,      0,      0,      0,      0,      0,       0,       0,       0,       0,       0,       0,       0,       0,       0,       0,       0,       0,       0,       0,       0,       0,       0,      1232
run_1_spare_weibull_N1000_r6.log     ,  1774696.760113,  1658841.512935,   115855.247178, 1083341.177079,      6299,            15,  10199,  10199,      0,      0,      0,      0,      0,      0,      0,       0,       0,       0,       0,       0,       0,       0,       0,       0,       0,       0,       0,       0,       0,       0,       0,       0,      1383
run_1_spare_weibull_N1000_r7.log     ,  1743720.248214,  1665424.206548,    78296.041666, 1020575.755620,      6103,            11,  10156,  10155,      0,      0,      0,      0,      0,      0,      0,       0,       0,       0,       0,       0,       0,       0,       0,       0,       0,       0,       0,       0,       0,       0,       0,       0,      1629
run_1_spare_weibull_N1000_r8.log     ,  1741954.902429,  1678752.573187,    63202.329242,  976088.075450,      6117,             9,  10148,  10148,     69,      0,      0,      0,      0,      0,      0,       0,       0,       0,       0,       0,       0,       0,       0,       0,       0,       0,       0,       0,       0,       0,       0,       0,      1912
run_1_spare_weibull_N1000_r9.log     ,  1737831.114106,  1681046.082253,    56785.031852,  964559.253127,      5838,             8,  10122,  10122,    183,      0,      0,      0,      0,      0,      0,       0,       0,       0,       0,       0,       0,       0,       0,       0,       0,       0,       0,       0,       0,       0,       0,       0,      1907
run_1_spare_weibull_N1000_r10.log    ,  1746352.768646,  1690279.509083,    56073.259563,  939986.613573,      6157,             8,  10124,  10123,    155,      0,      0,      0,      0,      0,      0,       0,       0,       0,       0,       0,       0,       0,       0,       0,       0,       0,       0,       0,       0,       0,       0,       0,      2111
run_1_spare_weibull_N1000_r11.log    ,  1755141.984275,  1714632.103564,    40509.880711,  921451.115865,      5788,             6,  10084,  10084,    586,      0,      0,      0,      0,      0,      0,       0,       0,       0,       0,       0,       0,       0,       0,       0,       0,       0,       0,       0,       0,       0,       0,       0,      2172
run_1_spare_weibull_N1000_r12.log    ,  1764740.676680,  1721914.260512,    42826.416168,  921467.174687,      5854,             6,  10151,  10151,    639,      0,      0,      0,      0,      0,      0,       0,       0,       0,       0,       0,       0,       0,       0,       0,       0,       0,       0,       0,       0,       0,       0,       0,      2082
run_1_spare_weibull_N1000_r13.log    ,  1818533.346906,  1771571.975621,    46961.371285,  923745.956328,      6269,             6,  10126,  10126,   1285,      0,      0,      0,      0,      0,      0,       0,       0,       0,       0,       0,       0,       0,       0,       0,       0,       0,       0,       0,       0,       0,       0,       0,      2249
run_1_spare_weibull_N1000_r14.log    ,  1835180.634673,  1800596.017672,    34584.617000,  904885.318048,      6102,             5,  10064,  10064,   1870,      0,      0,      0,      0,      0,      0,       0,       0,       0,       0,       0,       0,       0,       0,       0,       0,       0,       0,       0,       0,       0,       0,       0,      2261
run_1_spare_weibull_N1000_r15.log    ,  1860915.651727,  1822111.740372,    38803.911355,  895253.183809,      6350,             5,  10068,  10068,   1992,    145,      0,      0,      0,      0,      0,       0,       0,       0,       0,       0,       0,       0,       0,       0,       0,       0,       0,       0,       0,       0,       0,       0,      2376
run_1_spare_weibull_N1000_r16.log    ,  1920823.616801,  1886723.285262,    34100.331539,  899756.480658,      6727,             5,  10129,  10129,   2922,     61,      0,      0,      0,      0,      0,       0,       0,       0,       0,       0,       0,       0,       0,       0,       0,       0,       0,       0,       0,       0,       0,       0,      2341
run_1_spare_weibull_N1000_r17.log    ,  1916663.563135,  1878116.665181,    38546.897954,  904142.944916,      6631,             5,  10106,  10106,   2703,    176,      0,      0,      0,      0,      0,       0,       0,       0,       0,       0,       0,       0,       0,       0,       0,       0,       0,       0,       0,       0,       0,       0,      2361
run_1_spare_weibull_N1000_r18.log    ,  1928329.321682,  1892819.821262,    35509.500420,  898814.812615,      6851,             5,  10121,  10121,   2869,    150,      0,      0,      0,      0,      0,       0,       0,       0,       0,       0,       0,       0,       0,       0,       0,       0,       0,       0,       0,       0,       0,       0,      2400
run_1_spare_weibull_N1000_r19.log    ,  1952143.116578,  1921002.783263,    31140.333315,  879860.699855,      6244,             4,  10069,  10069,   3307,    303,      0,      0,      0,      0,      0,       0,       0,       0,       0,       0,       0,       0,       0,       0,       0,       0,       0,       0,       0,       0,       0,       0,      2380
run_1_spare_weibull_N1000_r20.log    ,  1963159.966077,  1934591.938807,    28568.027270,  878473.616826,      6460,             4,  10080,  10080,   3268,    482,      0,      0,      0,      0,      0,       0,       0,       0,       0,       0,       0,       0,       0,       0,       0,       0,       0,       0,       0,       0,       0,       0,      2454
run_1_spare_weibull_N1000_r21.log    ,  2041141.804801,  2009771.253056,    31370.551745,  880216.126005,      6986,             4,  10089,  10089,   3716,   1147,    102,      0,      0,      0,      0,       0,       0,       0,       0,       0,       0,       0,       0,       0,       0,       0,       0,       0,       0,       0,       0,       0,      2433
run_1_spare_weibull_N1000_r22.log    ,  1969257.730050,  1938643.235070,    30614.494979,  868528.599407,      6404,             4,  10037,  10037,   3252,    620,      0,      0,      0,      0,      0,       0,       0,       0,       0,       0,       0,       0,       0,       0,       0,       0,       0,       0,       0,       0,       0,       0,      2464
run_1_spare_weibull_N1000_r23.log    ,  1988974.789212,  1960315.617557,    28659.171655,  873872.216316,      6673,             4,  10059,  10059,   3430,    817,      0,      0,      0,      0,      0,       0,       0,       0,       0,       0,       0,       0,       0,       0,       0,       0,       0,       0,       0,       0,       0,       0,      2439
run_1_spare_weibull_N1000_r24.log    ,  2058615.543193,  2031538.191656,    27077.351537,  874483.364209,      7031,             4,  10061,  10060,   3801,   1309,    155,      0,      0,      0,      0,       0,       0,       0,       0,       0,       0,       0,       0,       0,       0,       0,       0,       0,       0,       0,       0,       0,      2553
run_1_spare_weibull_N1000_r25.log    ,  2207061.872565,  2185272.077401,    21789.795164,  840926.240035,      6538,             3,  10042,  10042,   4893,   2189,    532,      0,      0,      0,      0,       0,       0,       0,       0,       0,       0,       0,       0,       0,       0,       0,       0,       0,       0,       0,       0,       0,      2666
run_1_spare_weibull_N1000_r26.log    ,  2041947.503003,  2013840.925175,    28106.577828,  876605.770627,      7009,             4,  10094,  10094,   3593,   1234,     87,      0,      0,      0,      0,       0,       0,       0,       0,       0,       0,       0,       0,       0,       0,       0,       0,       0,       0,       0,       0,       0,      2611
run_2_spare_weibull_N200_r2.log      , 15321032.723234,  2179074.203947, 13141958.519287, 1717699.494325,     50778,          1695,  14885,  14012,      0,      0,      0,      0,      0,      0,      0,       0,       0,       0,       0,       0,       0,       0,       0,       0,       0,       0,       0,       0,       0,       0,       0,       0,         0
run_2_spare_weibull_N200_r3.log      ,  3656934.221029,  1753106.855711,  1903827.365318, 1288726.409449,     12076,           244,  11434,  11417,     24,      0,      0,      0,      0,      0,      0,       0,       0,       0,       0,       0,       0,       0,       0,       0,       0,       0,       0,       0,       0,       0,       0,       0,       931
run_2_spare_weibull_N200_r4.log      ,  2489453.175325,  1664351.071107,   825102.104218, 1155271.817170,      8181,           107,  10793,  10792,      0,      0,      0,      0,      0,      0,      0,       0,       0,       0,       0,       0,       0,       0,       0,       0,       0,       0,       0,       0,       0,       0,       0,       0,      1266
run_2_spare_weibull_N200_r5.log      ,  2171396.670746,  1639264.642057,   532132.028689, 1067808.684080,      7295,            70,  10541,  10540,     12,      0,      0,      0,      0,      0,      0,       0,       0,       0,       0,       0,       0,       0,       0,       0,       0,       0,       0,       0,       0,       0,       0,       0,      1577
run_2_spare_weibull_N200_r6.log      ,  2057281.346179,  1634563.622984,   422717.723195, 1005679.027865,      6996,            54,  10430,  10430,     74,      0,      0,      0,      0,      0,      0,       0,       0,       0,       0,       0,       0,       0,       0,       0,       0,       0,       0,       0,       0,       0,       0,       0,      1875
run_2_spare_weibull_N200_r7.log      ,  1951913.330451,  1634024.101265,   317889.229186,  961801.853028,      6466,            41,  10401,  10401,    155,      0,      0,      0,      0,      0,      0,       0,       0,       0,       0,       0,       0,       0,       0,       0,       0,       0,       0,       0,       0,       0,       0,       0,      2022
run_2_spare_weibull_N200_r8.log      ,  1914265.683719,  1640796.274040,   273469.409679,  934285.519754,      6402,            36,  10286,  10286,    533,      0,      0,      0,      0,      0,      0,       0,       0,       0,       0,       0,       0,       0,       0,       0,       0,       0,       0,       0,       0,       0,       0,       0,      1973
run_2_spare_weibull_N200_r9.log      ,  1931615.427350,  1679615.691489,   251999.735861,  931300.200603,      6225,            33,  10279,  10278,   1050,     14,      0,      0,      0,      0,      0,       0,       0,       0,       0,       0,       0,       0,       0,       0,       0,       0,       0,       0,       0,       0,       0,       0,      2069
run_2_spare_weibull_N200_r10.log     ,  1959646.074074,  1738141.994608,   221504.079466,  902820.991398,      6636,            29,  10257,  10256,   1970,      1,      0,      0,      0,      0,      0,       0,       0,       0,       0,       0,       0,       0,       0,       0,       0,       0,       0,       0,       0,       0,       0,       0,      2187
run_2_spare_weibull_N200_r11.log     ,  1982473.845591,  1793656.156112,   188817.689479,  894037.170143,      6503,            25,  10247,  10245,   2663,    174,      0,      0,      0,      0,      0,       0,       0,       0,       0,       0,       0,       0,       0,       0,       0,       0,       0,       0,       0,       0,       0,       0,      2266
run_2_spare_weibull_N200_r12.log     ,  2004114.798753,  1794349.699215,   209765.099538,  885896.923372,      6826,            26,  10236,  10236,   2763,     75,      0,      0,      0,      0,      0,       0,       0,       0,       0,       0,       0,       0,       0,       0,       0,       0,       0,       0,       0,       0,       0,       0,      2275
run_2_spare_weibull_N600_r2.log      ,  5294974.947930,  1866503.448837,  3428471.499092, 1495666.253488,     17188,           471,  12142,  12043,      0,      0,      0,      0,      0,      0,      0,       0,       0,       0,       0,       0,       0,       0,       0,       0,       0,       0,       0,       0,       0,       0,       0,       0,         0
run_2_spare_weibull_N600_r3.log      ,  2327202.004069,  1664082.643401,   663119.360668, 1270483.142078,      7879,            91,  10708,  10708,      0,      0,      0,      0,      0,      0,      0,       0,       0,       0,       0,       0,       0,       0,       0,       0,       0,       0,       0,       0,       0,       0,       0,       0,       613
run_2_spare_weibull_N600_r4.log      ,  1998682.068959,  1636433.177442,   362248.891517, 1181634.474194,      6958,            48,  10423,  10423,      0,      0,      0,      0,      0,      0,      0,       0,       0,       0,       0,       0,       0,       0,       0,       0,       0,       0,       0,       0,       0,       0,       0,       0,      1002
run_2_spare_weibull_N600_r5.log      ,  1842135.666500,  1636787.540553,   205348.125947, 1110966.971313,      6250,            28,  10340,  10340,      0,      0,      0,      0,      0,      0,      0,       0,       0,       0,       0,       0,       0,       0,       0,       0,       0,       0,       0,       0,       0,       0,       0,       0,      1292
run_2_spare_weibull_N600_r6.log      ,  1767833.441159,  1629581.067139,   138252.374021, 1038867.437744,      6123,            19,  10221,  10221,      2,      0,      0,      0,      0,      0,      0,       0,       0,       0,       0,       0,       0,       0,       0,       0,       0,       0,       0,       0,       0,       0,       0,       0,      1564
run_2_spare_weibull_N600_r7.log      ,  1768041.577656,  1638594.156297,   129447.421359, 1033924.249487,      6145,            18,  10248,  10248,      0,      0,      0,      0,      0,      0,      0,       0,       0,       0,       0,       0,       0,       0,       0,       0,       0,       0,       0,       0,       0,       0,       0,       0,      1661
run_2_spare_weibull_N600_r8.log      ,  1751023.345133,  1638031.303317,   112992.041816,  985242.017452,      6140,            16,  10219,  10218,      9,      0,      0,      0,      0,      0,      0,       0,       0,       0,       0,       0,       0,       0,       0,       0,       0,       0,       0,       0,       0,       0,       0,       0,      1827
run_2_spare_weibull_N600_r9.log      ,  1754726.542294,  1648939.906056,   105786.636238,  958154.556657,      6116,            14,  10153,  10153,    160,      0,      0,      0,      0,      0,      0,       0,       0,       0,       0,       0,       0,       0,       0,       0,       0,       0,       0,       0,       0,       0,       0,       0,      2066
run_2_spare_weibull_N600_r10.log     ,  1773677.858832,  1686095.394406,    87582.464425,  949492.601445,      6158,            12,  10210,  10210,    633,      0,      0,      0,      0,      0,      0,       0,       0,       0,       0,       0,       0,       0,       0,       0,       0,       0,       0,       0,       0,       0,       0,       0,      2028
run_2_spare_weibull_N600_r11.log     ,  1780894.520978,  1708903.518232,    71991.002746,  924040.728087,      6034,            10,  10140,  10140,   1125,      0,      0,      0,      0,      0,      0,       0,       0,       0,       0,       0,       0,       0,       0,       0,       0,       0,       0,       0,       0,       0,       0,       0,      2079
run_2_spare_weibull_N600_r12.log     ,  1805387.159778,  1733087.769178,    72299.390600,  925041.558833,      6170,            10,  10178,  10178,   1381,      0,      0,      0,      0,      0,      0,       0,       0,       0,       0,       0,       0,       0,       0,       0,       0,       0,       0,       0,       0,       0,       0,       0,      2114
run_2_spare_weibull_N600_r13.log     ,  1854071.463850,  1787171.059699,    66900.404151,  890229.172201,      6460,             9,  10095,  10095,   2314,     31,      0,      0,      0,      0,      0,       0,       0,       0,       0,       0,       0,       0,       0,       0,       0,       0,       0,       0,       0,       0,       0,       0,      2222
run_2_spare_weibull_N600_r14.log     ,  1900933.341549,  1840291.220004,    60642.121545,  899592.325408,      6419,             8,  10136,  10136,   2768,    303,      0,      0,      0,      0,      0,       0,       0,       0,       0,       0,       0,       0,       0,       0,       0,       0,       0,       0,       0,       0,       0,       0,      2200
run_2_spare_weibull_N600_r15.log     ,  1869852.142174,  1806427.142815,    63424.999359,  888602.511336,      6141,             8,  10081,  10080,   2481,    140,      0,      0,      0,      0,      0,       0,       0,       0,       0,       0,       0,       0,       0,       0,       0,       0,       0,       0,       0,       0,       0,       0,      2262
run_2_spare_weibull_N600_r16.log     ,  1885456.274684,  1827212.273316,    58244.001368,  889049.316887,      6390,             8,  10091,  10090,   2665,    300,      0,      0,      0,      0,      0,       0,       0,       0,       0,       0,       0,       0,       0,       0,       0,       0,       0,       0,       0,       0,       0,       0,      2259
run_2_spare_weibull_N600_r17.log     ,  1903091.493570,  1843776.006204,    59315.487366,  885514.386551,      6657,             8,  10105,  10105,   3005,     85,      0,      0,      0,      0,      0,       0,       0,       0,       0,       0,       0,       0,       0,       0,       0,       0,       0,       0,       0,       0,       0,       0,      2376
run_2_spare_weibull_N600_r18.log     ,  1905648.396423,  1855019.895532,    50628.500891,  882545.026762,      6178,             7,  10097,  10097,   3080,    335,      0,      0,      0,      0,      0,       0,       0,       0,       0,       0,       0,       0,       0,       0,       0,       0,       0,       0,       0,       0,       0,       0,      2210
run_2_spare_weibull_N600_r19.log     ,  1989514.408027,  1938611.484529,    50902.923499,  874257.007222,      6700,             7,  10106,  10106,   3726,    888,     28,      0,      0,      0,      0,       0,       0,       0,       0,       0,       0,       0,       0,       0,       0,       0,       0,       0,       0,       0,       0,       0,      2357
run_2_spare_weibull_N600_r20.log     ,  2040242.506758,  1996819.540033,    43422.966724,  854136.000497,      6576,             6,  10107,  10107,   4163,   1207,     45,      0,      0,      0,      0,       0,       0,       0,       0,       0,       0,       0,       0,       0,       0,       0,       0,       0,       0,       0,       0,       0,      2565
run_2_spare_weibull_N1000_r2.log     ,  4325068.520877,  1862199.779231,  2462868.741646, 1476742.406865,     14808,           344,  11848,  11808,      0,      0,      0,      0,      0,      0,      0,       0,       0,       0,       0,       0,       0,       0,       0,       0,       0,       0,       0,       0,       0,       0,       0,       0,         0
run_2_spare_weibull_N1000_r3.log     ,  2133988.684972,  1678876.415276,   455112.269696, 1272922.660289,      7325,            63,  10590,  10590,      0,      0,      0,      0,      0,      0,      0,       0,       0,       0,       0,       0,       0,       0,       0,       0,       0,       0,       0,       0,       0,       0,       0,       0,       544
run_2_spare_weibull_N1000_r4.log     ,  1893479.748092,  1652628.425619,   240851.322473, 1201792.063189,      6576,            34,  10351,  10350,      0,      0,      0,      0,      0,      0,      0,       0,       0,       0,       0,       0,       0,       0,       0,       0,       0,       0,       0,       0,       0,       0,       0,       0,       841
run_2_spare_weibull_N1000_r5.log     ,  1795731.122379,  1643960.719070,   151770.403309, 1137602.674397,      6158,            21,  10205,  10205,      0,      0,      0,      0,      0,      0,      0,       0,       0,       0,       0,       0,       0,       0,       0,       0,       0,       0,       0,       0,       0,       0,       0,       0,      1078
run_2_spare_weibull_N1000_r6.log     ,  1780784.391225,  1655686.115081,   125098.276144, 1100115.846554,      6298,            17,  10186,  10186,      0,      0,      0,      0,      0,      0,      0,       0,       0,       0,       0,       0,       0,       0,       0,       0,       0,       0,       0,       0,       0,       0,       0,       0,      1353
run_2_spare_weibull_N1000_r7.log     ,  1749309.626754,  1672349.527007,    76960.099747, 1033632.141840,      6022,            11,  10185,  10184,      0,      0,      0,      0,      0,      0,      0,       0,       0,       0,       0,       0,       0,       0,       0,       0,       0,       0,       0,       0,       0,       0,       0,       0,      1700
run_2_spare_weibull_N1000_r8.log     ,  1740319.007840,  1659330.319127,    80988.688712, 1024669.828944,      6026,            11,  10113,  10113,      0,      0,      0,      0,      0,      0,      0,       0,       0,       0,       0,       0,       0,       0,       0,       0,       0,       0,       0,       0,       0,       0,       0,       0,      1643
run_2_spare_weibull_N1000_r9.log     ,  1730572.452964,  1667742.143080,    62830.309884,  990865.324363,      5974,             9,  10135,  10135,      0,      0,      0,      0,      0,      0,      0,       0,       0,       0,       0,       0,       0,       0,       0,       0,       0,       0,       0,       0,       0,       0,       0,       0,      1767
run_2_spare_weibull_N1000_r10.log    ,  1757034.756806,  1698529.254010,    58505.502796,  958908.265731,      6242,             8,  10154,  10153,    227,      0,      0,      0,      0,      0,      0,       0,       0,       0,       0,       0,       0,       0,       0,       0,       0,       0,       0,       0,       0,       0,       0,       0,      2098
run_2_spare_weibull_N1000_r11.log    ,  1786815.651693,  1734998.717979,    51816.933714,  930788.251310,      6251,             7,  10123,  10123,    737,      0,      0,      0,      0,      0,      0,       0,       0,       0,       0,       0,       0,       0,       0,       0,       0,       0,       0,       0,       0,       0,       0,       0,      2267
run_2_spare_weibull_N1000_r12.log    ,  1791242.403728,  1747820.408480,    43421.995248,  927399.896105,      6157,             6,  10079,  10079,   1184,      0,      0,      0,      0,      0,      0,       0,       0,       0,       0,       0,       0,       0,       0,       0,       0,       0,       0,       0,       0,       0,       0,       0,      2041
run_2_spare_weibull_N1000_r13.log    ,  1782744.236379,  1738735.555367,    44008.681011,  915973.937115,      5999,             6,  10082,  10082,    910,      0,      0,      0,      0,      0,      0,       0,       0,       0,       0,       0,       0,       0,       0,       0,       0,       0,       0,       0,       0,       0,       0,       0,      2227
run_2_spare_weibull_N1000_r14.log    ,  1896841.465210,  1858817.069439,    38024.395771,  899880.756252,      6511,             5,  10069,  10069,   2659,     60,      0,      0,      0,      0,      0,       0,       0,       0,       0,       0,       0,       0,       0,       0,       0,       0,       0,       0,       0,       0,       0,       0,      2307
run_2_spare_weibull_N1000_r15.log    ,  1835327.938875,  1800919.280043,    34408.658832,  909097.971366,      5939,             5,  10058,  10058,   1884,      0,      0,      0,      0,      0,      0,       0,       0,       0,       0,       0,       0,       0,       0,       0,       0,       0,       0,       0,       0,       0,       0,       0,      2228
run_2_spare_weibull_N1000_r16.log    ,  1884417.008801,  1850944.105586,    33472.903215,  901860.635706,      6378,             5,  10074,  10074,   2459,    106,      0,      0,      0,      0,      0,       0,       0,       0,       0,       0,       0,       0,       0,       0,       0,       0,       0,       0,       0,       0,       0,       0,      2298
run_2_spare_weibull_N1000_r17.log    ,  1936992.287949,  1903040.207729,    33952.080220,  891586.407968,      6748,             5,  10097,  10097,   3117,    217,      0,      0,      0,      0,      0,       0,       0,       0,       0,       0,       0,       0,       0,       0,       0,       0,       0,       0,       0,       0,       0,       0,      2351
run_2_spare_weibull_N1000_r18.log    ,  1931036.060636,  1895503.611161,    35532.449475,  902202.209382,      6691,             5,  10089,  10089,   2858,    338,      0,      0,      0,      0,      0,       0,       0,       0,       0,       0,       0,       0,       0,       0,       0,       0,       0,       0,       0,       0,       0,       0,      2359
run_2_spare_weibull_N1000_r19.log    ,  1966299.249720,  1938973.439567,    27325.810153,  878618.557248,      6529,             4,  10072,  10072,   3273,    631,      0,      0,      0,      0,      0,       0,       0,       0,       0,       0,       0,       0,       0,       0,       0,       0,       0,       0,       0,       0,       0,       0,      2386
run_2_spare_weibull_N1000_r20.log    ,  1959619.405346,  1933409.293142,    26210.112204,  883262.231538,      6548,             4,  10084,  10084,   3178,    595,      0,      0,      0,      0,      0,       0,       0,       0,       0,       0,       0,       0,       0,       0,       0,       0,       0,       0,       0,       0,       0,       0,      2414
run_2_spare_weibull_N1000_r21.log    ,  2011750.460684,  1981059.623065,    30690.837619,  876718.562564,      6706,             4,  10085,  10085,   3580,    889,      0,      0,      0,      0,      0,       0,       0,       0,       0,       0,       0,       0,       0,       0,       0,       0,       0,       0,       0,       0,       0,       0,      2433
run_2_spare_weibull_N1000_r22.log    ,  1955778.934730,  1928397.890751,    27381.043979,  875215.656571,      6519,             4,  10040,  10040,   3178,    618,      3,      0,      0,      0,      0,       0,       0,       0,       0,       0,       0,       0,       0,       0,       0,       0,       0,       0,       0,       0,       0,       0,      2404
run_2_spare_weibull_N1000_r23.log    ,  2044256.691325,  2012575.713804,    31680.977521,  873649.240189,      6933,             4,  10055,  10055,   3751,   1250,     71,      0,      0,      0,      0,       0,       0,       0,       0,       0,       0,       0,       0,       0,       0,       0,       0,       0,       0,       0,       0,       0,      2458
run_2_spare_weibull_N1000_r24.log    ,  2021783.465162,  1991875.063175,    29908.401987,  870182.937221,      6847,             4,  10078,  10071,   3559,   1057,     12,      0,      0,      0,      0,       0,       0,       0,       0,       0,       0,       0,       0,       0,       0,       0,       0,       0,       0,       0,       0,       0,      2460
run_2_spare_weibull_N1000_r25.log    ,  2088120.819764,  2057729.697711,    30391.122053,  870584.544371,      7191,             4,  10100,  10100,   4014,   1496,    100,      0,      0,      0,      0,       0,       0,       0,       0,       0,       0,       0,       0,       0,       0,       0,       0,       0,       0,       0,       0,       0,      2519
run_2_spare_weibull_N1000_r26.log    ,  2097102.570240,  2065888.186858,    31214.383382,  869356.426200,      7170,             4,  10063,  10062,   4131,   1440,    230,      0,      0,      0,      0,       0,       0,       0,       0,       0,       0,       0,       0,       0,       0,       0,       0,       0,       0,       0,       0,       0,      2601
run_3_spare_weibull_N200_r2.log      , 14966859.635245,  2197886.161954, 12768973.473291, 1732716.767550,     49386,          1650,  14995,  14160,      0,      0,      0,      0,      0,      0,      0,       0,       0,       0,       0,       0,       0,       0,       0,       0,       0,       0,       0,       0,       0,       0,       0,       0,         0
run_3_spare_weibull_N200_r3.log      ,  3475204.915233,  1725323.744157,  1749881.171076, 1275347.523078,     11360,           226,  11315,  11297,      0,      0,      0,      0,      0,      0,      0,       0,       0,       0,       0,       0,       0,       0,       0,       0,       0,       0,       0,       0,       0,       0,       0,       0,       780
run_3_spare_weibull_N200_r4.log      ,  2453915.650756,  1671444.387472,   782471.263284, 1140909.604362,      8338,           103,  10790,  10789,     32,      0,      0,      0,      0,      0,      0,       0,       0,       0,       0,       0,       0,       0,       0,       0,       0,       0,       0,       0,       0,       0,       0,       0,      1399
run_3_spare_weibull_N200_r5.log      ,  2140261.413542,  1637469.232684,   502792.180858, 1061075.072323,      7167,            67,  10513,  10513,     53,      0,      0,      0,      0,      0,      0,       0,       0,       0,       0,       0,       0,       0,       0,       0,       0,       0,       0,       0,       0,       0,       0,       0,      1594
run_3_spare_weibull_N200_r6.log      ,  2038294.230350,  1627761.096133,   410533.134217, 1007235.159034,      6777,            53,  10426,  10426,     19,      0,      0,      0,      0,      0,      0,       0,       0,       0,       0,       0,       0,       0,       0,       0,       0,       0,       0,       0,       0,       0,       0,       0,      1816
run_3_spare_weibull_N200_r7.log      ,  1947045.668911,  1633188.309386,   313857.359524,  959520.156195,      6466,            41,  10348,  10346,    265,      0,      0,      0,      0,      0,      0,       0,       0,       0,       0,       0,       0,       0,       0,       0,       0,       0,       0,       0,       0,       0,       0,       0,      1978
run_3_spare_weibull_N200_r8.log      ,  1948895.757453,  1665934.860247,   282960.897206,  926144.696408,      6694,            36,  10250,  10250,    895,      0,      0,      0,      0,      0,      0,       0,       0,       0,       0,       0,       0,       0,       0,       0,       0,       0,       0,       0,       0,       0,       0,       0,      2096
run_3_spare_weibull_N200_r9.log      ,  1933671.945691,  1678285.348146,   255386.597544,  915871.046009,      6484,            33,  10276,  10274,   1055,      0,      0,      0,      0,      0,      0,       0,       0,       0,       0,       0,       0,       0,       0,       0,       0,       0,       0,       0,       0,       0,       0,       0,      2109
run_3_spare_weibull_N200_r10.log     ,  1928031.329552,  1725815.811581,   202215.517970,  896408.901703,      6316,            27,  10229,  10228,   1869,      4,      0,      0,      0,      0,      0,       0,       0,       0,       0,       0,       0,       0,       0,       0,       0,       0,       0,       0,       0,       0,       0,       0,      2137
run_3_spare_weibull_N200_r11.log     ,  1998886.111392,  1781163.600368,   217722.511024,  900892.645127,      6658,            27,  10287,  10286,   2475,     41,      0,      0,      0,      0,      0,       0,       0,       0,       0,       0,       0,       0,       0,       0,       0,       0,       0,       0,       0,       0,       0,       0,      2274
run_3_spare_weibull_N200_r12.log     ,  2021276.687110,  1807015.642357,   214261.044753,  881728.834310,      7063,            27,  10246,  10245,   2797,    137,      0,      0,      0,      0,      0,       0,       0,       0,       0,       0,       0,       0,       0,       0,       0,       0,       0,       0,       0,       0,       0,       0,      2383
run_3_spare_weibull_N600_r2.log      ,  5450721.745938,  1906084.274302,  3544637.471636, 1527770.164167,     18210,           490,  12405,  12308,      0,      0,      0,      0,      0,      0,      0,       0,       0,       0,       0,       0,       0,       0,       0,       0,       0,       0,       0,       0,       0,       0,       0,       0,         0
run_3_spare_weibull_N600_r3.log      ,  2262335.961062,  1653908.461404,   608427.499658, 1255885.292493,      7829,            83,  10630,  10627,      0,      0,      0,      0,      0,      0,      0,       0,       0,       0,       0,       0,       0,       0,       0,       0,       0,       0,       0,       0,       0,       0,       0,       0,       644
run_3_spare_weibull_N600_r4.log      ,  1987236.791893,  1637666.755493,   349570.036400, 1191158.397240,      6783,            48,  10449,  10449,      0,      0,      0,      0,      0,      0,      0,       0,       0,       0,       0,       0,       0,       0,       0,       0,       0,       0,       0,       0,       0,       0,       0,       0,       956
run_3_spare_weibull_N600_r5.log      ,  1854600.044848,  1628959.916011,   225640.128837, 1120341.432409,      6545,            31,  10283,  10283,      0,      0,      0,      0,      0,      0,      0,       0,       0,       0,       0,       0,       0,       0,       0,       0,       0,       0,       0,       0,       0,       0,       0,       0,      1285
run_3_spare_weibull_N600_r6.log      ,  1774619.538175,  1622516.390196,   152103.147979, 1054180.505554,      6099,            21,  10188,  10188,      0,      0,      0,      0,      0,      0,      0,       0,       0,       0,       0,       0,       0,       0,       0,       0,       0,       0,       0,       0,       0,       0,       0,       0,      1493
run_3_spare_weibull_N600_r7.log      ,  1743833.831434,  1631847.940231,   111985.891202, 1008277.190013,      5919,            16,  10213,  10212,      0,      0,      0,      0,      0,      0,      0,       0,       0,       0,       0,       0,       0,       0,       0,       0,       0,       0,       0,       0,       0,       0,       0,       0,      1704
run_3_spare_weibull_N600_r8.log      ,  1751123.780621,  1650520.810418,   100602.970203,  963500.951740,      6176,            14,  10214,  10214,    164,      0,      0,      0,      0,      0,      0,       0,       0,       0,       0,       0,       0,       0,       0,       0,       0,       0,       0,       0,       0,       0,       0,       0,      1956
run_3_spare_weibull_N600_r9.log      ,  1745544.252042,  1646766.797404,    98777.454638,  952744.042118,      6045,            13,  10146,  10146,    235,      0,      0,      0,      0,      0,      0,       0,       0,       0,       0,       0,       0,       0,       0,       0,       0,       0,       0,       0,       0,       0,       0,       0,      1958
run_3_spare_weibull_N600_r10.log     ,  1758898.850866,  1675854.408702,    83044.442164,  932022.958007,      5926,            11,  10142,  10142,    699,      0,      0,      0,      0,      0,      0,       0,       0,       0,       0,       0,       0,       0,       0,       0,       0,       0,       0,       0,       0,       0,       0,       0,      1999
run_3_spare_weibull_N600_r11.log     ,  1780788.089577,  1714211.441850,    66576.647727,  917428.099669,      5793,             9,  10131,  10131,   1223,      0,      0,      0,      0,      0,      0,       0,       0,       0,       0,       0,       0,       0,       0,       0,       0,       0,       0,       0,       0,       0,       0,       0,      2111
run_3_spare_weibull_N600_r12.log     ,  1793314.535816,  1720249.135722,    73065.400094,  923326.185426,      6072,            10,  10126,  10125,   1375,      0,      0,      0,      0,      0,      0,       0,       0,       0,       0,       0,       0,       0,       0,       0,       0,       0,       0,       0,       0,       0,       0,       0,      2032
run_3_spare_weibull_N600_r13.log     ,  1841156.728455,  1778639.223858,    62517.504597,  900514.011016,      6201,             9,  10107,  10107,   2227,      0,      0,      0,      0,      0,      0,       0,       0,       0,       0,       0,       0,       0,       0,       0,       0,       0,       0,       0,       0,       0,       0,       0,      2121
run_3_spare_weibull_N600_r14.log     ,  1814099.992680,  1749769.071215,    64330.921465,  905068.981534,      5988,             9,  10101,  10101,   1667,     90,      0,      0,      0,      0,      0,       0,       0,       0,       0,       0,       0,       0,       0,       0,       0,       0,       0,       0,       0,       0,       0,       0,      2153
run_3_spare_weibull_N600_r15.log     ,  1852556.611693,  1795005.570718,    57551.040974,  894228.554859,      6165,             8,  10084,  10084,   2456,     12,      0,      0,      0,      0,      0,       0,       0,       0,       0,       0,       0,       0,       0,       0,       0,       0,       0,       0,       0,       0,       0,       0,      2223
run_3_spare_weibull_N600_r16.log     ,  1908094.932444,  1848786.909292,    59308.023151,  886384.290135,      6536,             8,  10112,  10112,   3062,    203,      0,      0,      0,      0,      0,       0,       0,       0,       0,       0,       0,       0,       0,       0,       0,       0,       0,       0,       0,       0,       0,       0,      2223
run_3_spare_weibull_N600_r17.log     ,  1923232.912192,  1873320.056341,    49912.855851,  878823.349249,      6396,             7,  10091,  10091,   3137,    499,      0,      0,      0,      0,      0,       0,       0,       0,       0,       0,       0,       0,       0,       0,       0,       0,       0,       0,       0,       0,       0,       0,      2319
run_3_spare_weibull_N600_r18.log     ,  1936510.111789,  1886474.550055,    50035.561734,  882276.320630,      6450,             7,  10117,  10117,   3239,    486,      0,      0,      0,      0,      0,       0,       0,       0,       0,       0,       0,       0,       0,       0,       0,       0,       0,       0,       0,       0,       0,       0,      2377
run_3_spare_weibull_N600_r19.log     ,  2000592.812739,  1945374.726420,    55218.086319,  877095.749525,      6879,             7,  10101,  10101,   3736,    821,     46,      0,      0,      0,      0,       0,       0,       0,       0,       0,       0,       0,       0,       0,       0,       0,       0,       0,       0,       0,       0,       0,      2560
run_3_spare_weibull_N600_r20.log     ,  2007162.110625,  1955475.392860,    51686.717764,  872277.678140,      7029,             7,  10097,  10096,   3717,    871,    175,      0,      0,      0,      0,       0,       0,       0,       0,       0,       0,       0,       0,       0,       0,       0,       0,       0,       0,       0,       0,       0,      2555
run_3_spare_weibull_N1000_r2.log     ,  4403956.351190,  1881417.454872,  2522538.896318, 1492820.905111,     15088,           349,  11973,  11932,      0,      0,      0,      0,      0,      0,      0,       0,       0,       0,       0,       0,       0,       0,       0,       0,       0,       0,       0,       0,       0,       0,       0,       0,         0
run_3_spare_weibull_N1000_r3.log     ,  2146652.028487,  1677539.914351,   469112.114136, 1275777.203053,      7359,            64,  10577,  10577,      0,      0,      0,      0,      0,      0,      0,       0,       0,       0,       0,       0,       0,       0,       0,       0,       0,       0,       0,       0,       0,       0,       0,       0,       563
run_3_spare_weibull_N1000_r4.log     ,  1875702.701718,  1647865.969646,   227836.732072, 1198957.859089,      6496,            33,  10321,  10320,      0,      0,      0,      0,      0,      0,      0,       0,       0,       0,       0,       0,       0,       0,       0,       0,       0,       0,       0,       0,       0,       0,       0,       0,       829
run_3_spare_weibull_N1000_r5.log     ,  1794011.636340,  1648610.460545,   145401.175795, 1137198.589948,      6184,            20,  10230,  10229,      0,      0,      0,      0,      0,      0,      0,       0,       0,       0,       0,       0,       0,       0,       0,       0,       0,       0,       0,       0,       0,       0,       0,       0,      1100
run_3_spare_weibull_N1000_r6.log     ,  1766424.125689,  1662796.661223,   103627.464466, 1072110.576682,      6386,            14,  10190,  10190,      0,      0,      0,      0,      0,      0,      0,       0,       0,       0,       0,       0,       0,       0,       0,       0,       0,       0,       0,       0,       0,       0,       0,       0,      1483
run_3_spare_weibull_N1000_r7.log     ,  1748701.420887,  1666521.233953,    82180.186934, 1040258.426655,      6141,            12,  10140,  10140,      0,      0,      0,      0,      0,      0,      0,       0,       0,       0,       0,       0,       0,       0,       0,       0,       0,       0,       0,       0,       0,       0,       0,       0,      1697
run_3_spare_weibull_N1000_r8.log     ,  1749969.181508,  1679256.807146,    70712.374362, 1017161.130719,      6089,            10,  10185,  10184,      0,      0,      0,      0,      0,      0,      0,       0,       0,       0,       0,       0,       0,       0,       0,       0,       0,       0,       0,       0,       0,       0,       0,       0,      1817
run_3_spare_weibull_N1000_r9.log     ,  1730678.092618,  1670534.872324,    60143.220293,  968598.637188,      6038,             8,  10116,  10116,      0,      0,      0,      0,      0,      0,      0,       0,       0,       0,       0,       0,       0,       0,       0,       0,       0,       0,       0,       0,       0,       0,       0,       0,      1912
run_3_spare_weibull_N1000_r10.log    ,  1751417.990888,  1690557.891252,    60860.099636,  965328.800606,      6080,             8,  10120,  10120,    250,      0,      0,      0,      0,      0,      0,       0,       0,       0,       0,       0,       0,       0,       0,       0,       0,       0,       0,       0,       0,       0,       0,       0,      1957
run_3_spare_weibull_N1000_r11.log    ,  1768071.271503,  1725510.954333,    42560.317170,  925971.653654,      5868,             6,  10112,  10112,    724,      0,      0,      0,      0,      0,      0,       0,       0,       0,       0,       0,       0,       0,       0,       0,       0,       0,       0,       0,       0,       0,       0,       0,      2120
run_3_spare_weibull_N1000_r12.log    ,  1795978.626404,  1750087.014228,    45891.612177,  925183.257936,      6112,             6,  10104,  10104,   1153,      0,      0,      0,      0,      0,      0,       0,       0,       0,       0,       0,       0,       0,       0,       0,       0,       0,       0,       0,       0,       0,       0,       0,      2071
run_3_spare_weibull_N1000_r13.log    ,  1813681.483276,  1772168.091740,    41513.391536,  915948.617299,      6315,             6,  10085,  10085,   1465,      0,      0,      0,      0,      0,      0,       0,       0,       0,       0,       0,       0,       0,       0,       0,       0,       0,       0,       0,       0,       0,       0,       0,      2195
run_3_spare_weibull_N1000_r14.log    ,  1821934.787532,  1776441.364827,    45493.422704,  924275.554630,      6230,             6,  10136,  10136,   1363,      0,      0,      0,      0,      0,      0,       0,       0,       0,       0,       0,       0,       0,       0,       0,       0,       0,       0,       0,       0,       0,       0,       0,      2155
run_3_spare_weibull_N1000_r15.log    ,  1873937.935856,  1838477.624583,    35460.311273,  904112.185431,      6377,             5,  10093,  10093,   2200,     61,      0,      0,      0,      0,      0,       0,       0,       0,       0,       0,       0,       0,       0,       0,       0,       0,       0,       0,       0,       0,       0,       0,      2469
run_3_spare_weibull_N1000_r16.log    ,  1920949.885372,  1890030.652120,    30919.233252,  881674.421735,      5878,             4,  10070,  10070,   3084,    132,      0,      0,      0,      0,      0,       0,       0,       0,       0,       0,       0,       0,       0,       0,       0,       0,       0,       0,       0,       0,       0,       0,      2304
run_3_spare_weibull_N1000_r17.log    ,  1925436.729084,  1890794.974128,    34641.754956,  890946.980201,      6686,             5,  10093,  10093,   3021,    155,      0,      0,      0,      0,      0,       0,       0,       0,       0,       0,       0,       0,       0,       0,       0,       0,       0,       0,       0,       0,       0,       0,      2273
run_3_spare_weibull_N1000_r18.log    ,  1928557.596237,  1901660.394521,    26897.201717,  879013.979685,      6308,             4,  10060,  10060,   3087,    306,      0,      0,      0,      0,      0,       0,       0,       0,       0,       0,       0,       0,       0,       0,       0,       0,       0,       0,       0,       0,       0,       0,      2350
run_3_spare_weibull_N1000_r19.log    ,  1956129.014301,  1926546.372864,    29582.641438,  874120.289762,      6371,             4,  10057,  10057,   3215,    494,     25,      0,      0,      0,      0,       0,       0,       0,       0,       0,       0,       0,       0,       0,       0,       0,       0,       0,       0,       0,       0,       0,      2428
run_3_spare_weibull_N1000_r20.log    ,  1985641.624271,  1958545.752393,    27095.871878,  874312.543015,      6643,             4,  10060,  10060,   3426,    761,      0,      0,      0,      0,      0,       0,       0,       0,       0,       0,       0,       0,       0,       0,       0,       0,       0,       0,       0,       0,       0,       0,      2461
run_3_spare_weibull_N1000_r21.log    ,  2023089.975841,  1994610.218226,    28479.757615,  869091.672406,      6877,             4,  10080,  10080,   3460,   1076,    165,      0,      0,      0,      0,       0,       0,       0,       0,       0,       0,       0,       0,       0,       0,       0,       0,       0,       0,       0,       0,       0,      2467
run_3_spare_weibull_N1000_r22.log    ,  1999069.862127,  1971383.763217,    27686.098910,  872344.931931,      6407,             4,  10069,  10069,   3705,    584,      7,      0,      0,      0,      0,       0,       0,       0,       0,       0,       0,       0,       0,       0,       0,       0,       0,       0,       0,       0,       0,       0,      2529
run_3_spare_weibull_N1000_r23.log    ,  2085455.091096,  2056217.702758,    29237.388339,  872511.287572,      7183,             4,  10112,  10111,   3949,   1350,    261,      0,      0,      0,      0,       0,       0,       0,       0,       0,       0,       0,       0,       0,       0,       0,       0,       0,       0,       0,       0,       0,      2488
run_3_spare_weibull_N1000_r24.log    ,  2138074.682554,  2108452.152257,    29622.530297,  861620.870295,      7423,             4,  10068,  10068,   4378,   1805,    281,      0,      0,      0,      0,       0,       0,       0,       0,       0,       0,       0,       0,       0,       0,       0,       0,       0,       0,       0,       0,       0,      2536
run_3_spare_weibull_N1000_r25.log    ,  2113043.142895,  2079787.928593,    33255.214302,  869372.000040,      7209,             4,  10080,  10079,   4247,   1628,    114,      0,      0,      0,      0,       0,       0,       0,       0,       0,       0,       0,       0,       0,       0,       0,       0,       0,       0,       0,       0,       0,      2551
run_3_spare_weibull_N1000_r26.log    ,  2104346.323188,  2073113.992866,    31232.330323,  867567.586869,      7299,             4,  10089,  10089,   4091,   1521,    273,      0,      0,      0,      0,       0,       0,       0,       0,       0,       0,       0,       0,       0,       0,       0,       0,       0,       0,       0,       0,       0,      2597
