0,1,2,3,4
C1=NO[C@H]([C@H]1O[C@H]2C3=NC=NC4=C3N(C(C(C(C(C4)O)O)O)O)C2=O)C5=C(C(C(C(C5)O)O)O)C6=C(C(C(C(C6)O)O)O),C1=Oc2c3c(Nc4ccccc4)nc(Nc1ccc(cc1)C(F)C(F))nc3C(C(C(=O)O)c1ccc(cc1)C(=O)O)c2c1ccc(cc1)C(=O)O,C1=NC(C(C(C(C1=O)C2=CC=CC=C2)C3=CC(=O)N(C(C(C3=O)C4=C(C(=O)N5C6=C(C(=O)N(C(C(C6=C5)C7=C(C(=O)N(C(C(C7=O)C8=C(C(=,C1=O(NC/C=C/[C@H]1O[C@@H](n2cnc3c(NCCO)ncnc32)[C@H](O)[C@@H]1O)c1cc(-c2ccc(F)cc2)cc(O)c1O,C1=NC(C(C(C1=O)C(C(C(=O)N1C=CC1=O)C1OC(C(C1=O)N(C(C1=O)C(C(C1=O)N(C(C1=O)C(C(C1=O)N1C=CC1=O)C1OC(C(C1=O
C1=C(C2=C(C3=C(C4=C(C5=C(C6=C(C7=C(C8=C(C9=C(C1O)C(C(C(C(C(C(C(C(C(C(C(C(C(C(C(C(C(C(C(C(C(C(C(C(C(C(C(C(C(C(C(C(C(C(C(C(C(C(C(C(C(C(C(C(C(C(C(C(C,C1=CC(F)C(F)C1[C@H]2[C@]3(C(=S)C1)[C@@]14S[C@@H]1CC(F)=C(F)[C@@]24,C1=C(F)C(F)(C2=C(F)S[C@H]3C(C(=S)C1)C4[C@@H]1CC(F)=C(F)C[C@@]43)C2,C1=CC(F)=C(F)[C@H]2[C@]3(C(=S)C1)[C@@]14S[C@@H]1CC(F)=C(F)[C@@]24,CC1=C(F)[C@H]2[C@]3(C(=S)C1)[C@@]14S[C@@H]1CC(F)=C(F)[C@@]24C
C1=O[C@H](O[C@H]2C=NO[C@H]2C2=C(C3=CC(O)C(O)C(O)C(O)C3)C(O)C(O)C(O)C2)c2ncnc3c2N1C(O)C(O)C(O)C(O)C3,C1[C@H](O[C@H]2C=NO[C@H]2C2=C(C3=CC(O)C(O)C(O)C3)C(O)C(O)C(O)C2)C2=C(C3=CC(O)C(O)C(O)C3)C(O)C(O)C(O)C2),C1=C(O)C(O)C(O)C(O)C1=O.C1(C(C(C(C(C(C(C(C(C(C(C(C(C(C(C(C(C(C(C(C(C(C(C(C(C(C(C(C(C(C(C(C(C(C(C(C(C(C(C(C(C(C(C(C(C(C(C(C(C(C(C(C(C(C(C(C(C(C(C(C,C1=O[C@H]1[C@H](O[C@H]2=C(N)O[C@H]2C2=C(C3=CC(O)C(O)C(O)C(O)C3)C(O)C(O)C(O)C2)C2=C(C3=CC(O)C(O)C(O)C(O)C,C1CC1
C1=O[C@H]([C@H]2[C@H]([C@H]([C@H]([C@H]([C@H]([C@H]([C@H]([C@H]([C@H]([C@H]([C@H]([C@H]([C@H]([C,O=C1[C@@H](O[C@H]2C=NO[C@H]2C2=C(C3=CC(O)C(O)C(O)C(O)C3)C(O)C(O)C(O)C2)c2ncnc3c2N1C(O)C(O)C(O)C(O)C3,C1=O[C@H]([C@H]2[C@H]([C@H]([C@H]([C@H]([C@H]([C@H]([C@H]([C@H]([C@H]([C@H]([C@H]([C@H]([C@H]([C,C1=CO[C@H]1[C@H]2C=NO[C@H]2C2=C(C3=CC(O)C(O)C(O)C(O)C3)C(O)C(O)C(O)C(O)C2C2=NC3=C2N1C(O)C(O)C(O)C(O)C3,C1=O[C@H]([C@H]2[C@H]([C@H]([C@H]([C@H]([C@H]([C@H]([C@H]([C@H]([C@H]([C@H]([C@H]([C@H]([C@H]([C
C1C(C(=O)O)C(C(=O)O)C(C(=O)O)C(=O)O)C(=O)O)C(=O)O)C(=O)O)C(=O)O)C(=O)O)C(=O)O)C(=O)O)C(=O)O)C(=O,C1=O[C@H]1O[C@H]2C=NO[C@H]2C2=C(C3=CC(O)C(O)C(O)C(O)C3)C(O)C(O)C(O)C2)c2ncnc3c2N1C(O)C(O)C(O)C(O)C3,C1=CO[C@H]1[C@H]2C=NO[C@H]2C2=C(C3=CC(O)C(O)C(O)C(O)C3)C(O)C(O)C(O)C2C2=NC3=C(N)C(O)C(O)C(O)C3C2,C1=O[C@H](O[C@H]2C=NO[C@H]2C2=C(C3=CC(O)C(O)C(O)C(O)C3)C(O)C(O)C(O)C2)c2ncnc3c2N1C(O)C(O)C(O)C(O)C3,C1=O[C@H](O[C@H]2C=NO[C@H]2C2=C(C3=CC(O)C(O)C(O)C(O)C3)C(O)C(O)C(O)C2)c2ncnc3c2N1C(O)C(O)C(O)C(O)C3
C1=C(O)C(O)C(O)C(O)C1=O[C@H]1[C@H]2C=NO[C@H]2C2=C(C3=CC(O)C(O)C(O)C(O)C3)C(O)C(O)C(O)C2[C@H]2C(=O)N1C,C1=O[C@H](O[C@H]2C=NO[C@H]2C2=C(C3=CC(O)C(O)C(O)C(O)C3)C(O)C(O)C(O)C2)c2ncnc3c2N1C(O)C(O)C(O)C(O)C3,C1=O[C@H]1[C@H]2C=NO[C@H]2C2=C(C3=CC(O)C(O)C(O)C(O)C3)C(O)C(O)C(O)C2C2=NC3=C2N1C(O)C(O)C(O)C(O)C3C2=,C1=COc2cc(cc(c2O)O)C1(C(=O)Nc1ccc(cc1)N)C(=O)N1C(=O)C(=O)C1(C(=O)O)N1C(=O)C(=O)C1(C(=O)O)N1C(=O)C(=O)C,C1=O[C@H]([C@H]2[C@H]([C@H]([C@H]([C@H]([C@H]([C@H]([C@H]([C@H]([C@H]([C@H]([C@H]([C@H]([C@H]([C
C1=NC(C(C(=O)N(C(C(C(=O)N(C(C(C(=O)N(C(C(C(=O)N(C(C(C(=O)N(C(C(C(=O)N(C(C(C(=O)N(C(C(C(=O)N(C(C(C(=O)N(C(C(C(=O)N(C(C(C(=O)N,C1=O[C@H]1[C@@H](O[C@H]2C=NO[C@H]2C2=C(C3=CC(O)C(O)C(O)C(O)C3)C(O)C(O)C(O)C2)c2ncnc3c2N1C(O)C(O)C(O)C(O),C1=NC(C(C(C1=O)C1(C(C(C(=O)N1)C1(C(C(C(=O)N1)C1(C(C(C(=O)N1)C1(C(C(C(=O)N1)C1(C(C(C(=O)N1)C1(C(C(C(=O)N1)C1(C,C1C(C(=O)O)C(=O)O[C@H]2C(=O)N(C1=O)C2=C(C3=CC(O)C(O)C(O)C(O)C3)C(O)C(O)C(O)C3=C(C4=CC(O)C(O)C(O)C(O)C4),C1=O[C@H]1[C@@H]1[C@H](O[C@H]2C=NO[C@H]2C2=C(C3=CC(O)C(O)C(O)C(O)C3)C(O)C(O)C(O)C2)c2ncnc3c2N1C(O)C(O)C
C1=O[C@H]([C@H]2[C@H](C=NO[C@H]2[C@H]2[C@H](C=C(C3=CC(C(O)C(O)C(O)C(O)C3)C(O)C(O)C(O)C2)C(O)C(O)C(O)C2),C1CC1,C1=O[C@H]([C@H]2[C@H]([C@H]([C@H]([C@H]([C@H]([C@H]([C@H]([C@H]([C@H]([C@H]([C@H]([C@H]([C@H]([C,C1=O[C@@H](O[C@H]2C=NO[C@H]2C2=C(C3=CC(O)C(O)C(O)C(O)C3)C(O)C(O)C(O)C2)c2ncnc3c2N1C(O)C(O)C(O)C(O)C3,C1=O[C@H]1O[C@H]2C=NO[C@H]2C2=C(C3=CC(O)C(O)C(O)C(O)C3)C(O)C(O)C(O)C2)c2ncnc3c2N1C(O)C(O)C(O)C(O)C3
C1=O[C@@H](O[C@H]2C=NO[C@H]2C2=C(C3=CC(O)C(O)C(O)C(O)C3)C(O)C(O)C(O)C2)c2ncnc3c2N1C(O)C(O)C(O)C(O)C3,C1=O[C@H]([C@H]2[C@H]([C@H]([C@H]([C@H]([C@H]([C@H]([C@H]([C@H]([C@H]([C@H]([C@H]([C@H]([C@H]([C,C1CC1C(=O)O[C@H]2C(=O)N(C(=O)N2C2=C(C3=CC(C(C(C(C(C3)O)O)O)O)C3)C(O)C(O)C(O)C3)C2)C2=NC3=C(N2)N(C1=O),C1=O[C@@H]([C@H]2[C@H]([C@H]([C@H]([C@H]([C@H]2[C@H]([C@H]([C@H]([C@H]([C@H]([C@H]([C@H]([C@H]([C,C1=O[C@@H]1[C@H]2C=NO[C@H]2C2=C(C3=CC(O)C(O)C(O)C(O)C3)C(O)C(O)C(O)C2)c2ncnc3c2N1C(O)C(O)C(O)C(O)C3
C1=NC/C=C/C1c1ccc(cc1)C(=O)Nc1ccc(cc1)C(=O)Nc1cnc2c(NCCO)n(c2n1)C1Oc2ccccc2C(=O)Nc1ccc(cc1)C(=O)Nc1ccc(cc1)C(=O)N,C1=CC=C(C(=O)NCC/C=C/C1[C@H](O)[C@H](O)[C@H](O)[C@H]1O[C@H]1[C@H](O)[C@H](O)[C@H](O)[C@H]1C1=NC=NC=C1)C1=NC,C1CC1,C1=NC[C@H]1C(=O)N[C@H]1C(=O)O[C@H](C1=NC(=O)N[C@H]1C(=O)O[C@H]1C(=O)O[C@H]1C(=O)O[C@H]1C(=O)O[C@H],C1=O[NH]C/C=C/C1O[C]1c2c[nH]3c(NCCO)c[nH]3c2c(NCCO)3c2c[nH]3c(NCCO)c[nH]3c3C1=Oc1c(ccc(c1O)C2=CC=CC=C2)
C1=Oc2ccccc2N(C3C=CC=C3)C4=CC(=O)N4C5=C6C(=O)N7C(=O)N(C(C(=O)N7)C)C6C(=O)N5C(=O)N1C8=C9C(=O)N10C(=O),C1=NC(C(C(C(=O)N(C(C=C(C(=O)N(C(C(C(=O)N1)C)O)C1=CC=CC=C1)C1=CC=CC=C1)C1=CC=CC=C1)C1=CC=CC=C1)C1=CC=CC=C1)C1=,C1=Oc2ccccc2N3C(C(C(C(C3)O)C(=O)Nc4ccc(cc4)C(=O)Nc5ccc(cc5)C(=O)Nc6ccc(cc6)C(=O)Nc7ccc(cc7)C(=O)Nc8ccc(cc8)C(=O)N,C1=NC(C(C(C(C(C(C(C(C(C(C(C(C(C(C(C(C(C(C(C(C(C(C(C(C(C(C(C(C(C(C(C(C(C(C(C(C(C(C(C(C(C(C(C(C(C(C(C(C(C(C(C(C(C(C(C(C(C(C(C(C(C(C(C(C(C(C(C(C(C(C(C(C(C(C(C(C,C1=NC(C(C1=O)C(C1OC(C(C1O)C(C1O)C(C1O)C(C1O)C(C1O)C(C1O)C(C1O)C(C1O)C(C1O)C(C1O)C(C1O)C(C1O)C(C1O)C
C1=O[NH]C/C=C/[C@H]1O[C@H](n2cnc3c(NCCO)ncnc32)[C@H](O)[C@H]1O)c1cc(-c2ccc(F)cc2)cc(O)c1O,CC(=O)NCC/C=C/C1OC2C3C(NCCO)C4=NCC(NCCO)C4C3C(O)C1OC1C=CC(=O)C1C=CC(=O)C1C=CC(=O)C1C=CC(=O)C1C=CC(=O)C1C=,C1=NO[C@@H]([C@H](O)c2ccccc2)c1c3ccc(cc3)C(=O)Nc1ccc(cc1)C(=O)Nc1ccc(cc1)C(=O)Nc1ccc(cc1)C(=O)Nc1ccc(cc1)C(=O)Nc1ccc(cc,C1=NO[C@H]2[C@H](Nc3c(NCCO)c4ccc(cc4)C(=O)Nc5ccc(cc5)C(=O)Nc6ccc(cc6)C(=O)Nc7ccc(cc7)C(=O)Nc8ccc(cc8)C(=O)Nc9ccc(cc9,C1=NC(C(C(C(C(C(O1)C(=O)N2C(C(C(C(C2=O)C3=CC=CC=C3)C4=CC=CC=C4)C5=CC=CC=C5)C6=CC=CC=C6)C7=CC=CC=C7)C8=CC=CC=C8
C1=Oc2c(Nc3c(C(C(C(C3)C)C)C)C(=O)Nc4c(Nc5c(Nc6c(Nc7c(Nc8c(Nc9c(Nc1c(Nc2c(Nc3c(Nc4c(Nc5c(Nc6c(Nc7c(N,C1=NO[C@@H](C(C)c2ccc(F)cc2)c1c1ccc(cc1)C(=O)Nc1ccc(cc1)C(=O)N1c2ccccc2N1C(=O)N3C(=O)N(C(C)C)c4ccc(cc4)C(=O)Nc5ccc(cc5,C1=NO[C@H]([C@H]1O[C@@H]2C3=C(NCCO)Nc4c(NCCO)nc(NC3)N4)C5=O[C@H](O)C6=Oc7ccccc7c6C8=CC=CC=C8C5)c5ccccc5O,C1=Oc2c3c(NCCO)ncnc3n2[C@H]1[C@H](O)c1ccc(cc1)C(=O)Nc1ccc(cc1)C(F)C(=O)N1c2ccccc2O,C1=NC(C(C(C(C(C(C(C(C(C(C(C(C(C(C(C(C(C(C(C(C(C(C(C(C(C(C(C(C(C(C(C(C(C(C(C(C(C(C(C(C(C(C(C(C(C(C(C(C(C(C(C(C(C(C(C(C(C(C(C(C(C(C(C(C(C(C(C(C(C(C(C(C(C(C(C(C
C1=Oc2ccc(cc2)Nc3ccc(cc3)C(=O)N4C(=O)Nc5c4cc(cc5)C(=O)Nc6c1cc(cc6)C(=O)Nc7c(cc(c8ccc(cc8)C)C)C(=O)Nc1ccc(cc1)C,C1=O(NCC/C=C/C1[C@H]1O[C@@H](n2cnc3c(NCCO)ncnc32)[C@H](O)[C@@H]1O)c1cc(-c2ccc(F)cc2)cc(O)c1O,C1=O[NH]C/C=C/C1c1c2c(O)N(C)Nc3c(NCCO)n2cnc3c1c1c(O)[C@H](O)[C@@H]1Oc1cc(cc2)c1c(cc(F)c2)c1O,C1=NC(C(=O)Nc2ccc(cc2)C(=O)N3CCN4C(=O)N(C(C(C(C4)O)O)O)C3)C(=O)Nc5ccc(cc5)C(=O)N(C6CC7CC8C(C(C(C(C8(C(C7)O)O),C1=NO[C@H](C2=CC=CC=C2)C(=O)N3CC(=O)N(C(C3=O)C4=CC=CC=C4)C5=CC=CC=C5C6=C7C(=C(C(=C7)C(=O)N8CCCO8)O)C(=O)N
C1=NO[C@H]([C@H]1O[C@H]2[C@H]([C@H]3[C@H]([C@H]([C@H]([C@H]([C@H]([C@H]([C@H]([C@H]([C@H]([C@H]([,O=C(NC/C=C/C1O[C@H](O)C(O)(C2=C(NC(CCO)Nc3c(NC(CCO)Nc3c2)C)c3ccc(F)cc3)C1)C1ccc(cc1)C(O)O,C1=O[C@@H](NCC/C=C/C1OC1=CC=CC2=C1C(=O)N(C(C(C(C(C(C(C(C(C(C(C(C(C(C(C(C(C(C(C(C(C(C(C(C(C(C(C(C(C(C(C(C(C(C(C(C(C(C(C(C(C(C(C(C(C(C(C(C(C(C(C(C,C1=NC(C(C(=O)C2=CC=CC=C2)C3=CC(=O)N(C(C(=O)C4=C(C(=O)N(C(C(=O)C5=C(C(=O)N(C(C(=O)C6=C(C(=O)N(C(C(=O)C7=C(C(=O)N(C(C,C1=O[N]C/C=C/[C@H]1O[C@@H]1c2c3c(NCCO)n(cnc23)[C@H](O)[C@@H]1O)c1cc(-c2ccc(F)cc2)cc(O)c1O
O=C(NCC/C=C/C1OC2C3C(NCCO)C4=NCC(N)C34)C(O)C1OC1c2ccc(cc2)c3ccc(F)c(O)c3OC1,C1=NC(C(C(C(C(C1O)O)O)O)O)c1ccc(cc1)C(F)c1ccc(cc1)C(F)c1ccc(cc1)O,C1=NC2=CC=CC=C2C3=CC=CC=C3C4=C(C(=O)N4C)C5=CC(=O)N(C(C(C(C(C5)O)O)O)O)C(=O)N6C=CC(=O)N(C(C(C(C(C6)O)O)O)O,C1=NC(C/C=C/[C@H]1O[C@@H](n2cnc3c(NCCO)ncnc32)[C@H](O)[C@@H]1O)c1cc(-c2ccc(F)cc2)cc(O)c1O,C1=O[NH]C[C@H]1[C@H](O)[C@H]1C(=O)N1[C@H]([C@H]1C(=O)N1[C@H]([C@H]1C(=O)N1[C@H]([C@H]1C(=O)N1[C@
C1=O[C@H]1[C@H]2C=NO[C@H]2C2=C(C3=CC(O)C(O)C(O)C(O)C3)C(O)C(O)C(O)C2)c2ncnc3c2N1C(O)C(O)C(O)C(O)C3,C1=O[C@H](O[C@H]2C=NO[C@H]2C2=C(C3=CC(O)C(O)C(O)C(O)C3)C(O)C(O)C(O)C2)c2ncnc3c2N1C(O)C(O)C(O)C(O)C3,C1=O[C@H]([C@H]2[C@H]([C@H]([C@H]([C@H]([C@H]([C@H]([C@H]2C=NO[C@H]2C2=C(C3=CC(O)C(O)C(O)C(O)C3)C(O,C1C(=O)C1(C(C(=O)C1(C(C(=O)C1(C(C(=O)C1(C(C(=O)C1(C(C(=O)C1(C(C(=O)C1(C(C(=O)C1(C(C(=O)C1(C(C(=O)C1(C(C(=O)C1(C(C,C1=O[C@@H]([C@H]2[C@H]([C@H]([C@H]([C@H]([C@H]([C@H]([C@H]([C@H]([C@H]([C@H]([C@H]([C@H]([C@H]([C
C1=O[C@H](O[C@H]2C=NO[C@H]2C2=C(C3=CC(O)C(O)C(O)C(O)C3)C(O)C(O)C(O)C2)c2ncnc3c2N1C(O)C(O)C(O)C(O)C3,C1C(=O)[C@H]1[C@@H]2C(=O)N[C@H]2C2=C(C3=CC(C(C(C(C(C(C(C(C(C(C(C(C(C(C(C(C(C(C(C(C(C(C(C(C(C(C(C(C(C(C(C(C(C(C(C(C(C(C(C(C(C(C(C(C(C(C(C,C1=CO[C@H]1O[C@H]2C=NO[C@H]2C2=C(C3=CC(O)C(O)C(O)C(O)C3)C(O)C(O)C(O)C2)c2ncnc3c2N1C(O)C(O)C(O)C(O)C3,C1(C(=O)C2[C@H](O[C@H]3C=NO[C@H]3C3=C(C4=CC(O)C(O)C(O)C(O)C4)C(O)C(O)C(O)C3)C(O)C(O)C(O)C3)c2ncnc3c2N1C,C1=CO[C@H]1[C@H](O[C@H]2C=NO[C@H]2C2=C(C3=CC(O)C(O)C(O)C(O)C3)C(O)C(O)C(O)C2)c2ncnc3c2N1C(O)C(O)C(O)C(O)
C1CC1,C1=O[C@H]([C@H]2[C@H]([C@H]([C@H]([C@H]([C@H]([C@H]([C@H]([C@H]([C@H]([C@H]([C@H]([C@H]([C@H]([C,C1=O[C@H](O[C@H]2C=NO[C@H]2C2=C(C3=CC(O)C(O)C(O)C(O)C3)C(O)C(O)C(O)C2)c2ncnc3c2N1C(O)C(O)C(O)C(O)C3C2=C,C1CC1,C1=O[C@@H](O[C@H]2C=NO[C@H]2C2=C(C3=CC(O)C(O)C(O)C(O)C3)C(O)C(O)C(O)C2)c2ncnc3c2N1C(O)C(O)C(O)C(O)C3
C1=O[C@H]1[C@H](O[C@H]2C=NO[C@H]2C2=C(C3=CC(O)C(O)C(O)C(O)C3)C(O)C(O)C(O)C2)c2ncnc3c2N1C(O)C(O)C(O)C(O),C1=O[C@@H](O[C@H]2C=NO[C@H]2C2=C(C3=CC(O)C(O)C(O)C(O)C3)C(O)C(O)C(O)C2)c2ncnc3c2N1C(O)C(O)C(O)C(O)C3,O=C1[C@H](O[C@H]2C=NO[C@H]2C2=C(C3=CC(O)C(O)C(O)C(O)C3)C(O)C(O)C(O)C2)c2ncnc3c2N1C(O)C(O)C(O)C(O)C3)C1,C1=O[C@@H]1[C@H]2C(=O)N[C@H]2[C@H]2C(=O)N[C@H]2C2=C(C3=CC(C(C(C(C(O)C(O)C(O)C(O)C3)C(O))C(O))C(O))C3)C(O)C,C1CC1
C1=O[C@H]1[C@H]2C=NO[C@H]2C2=C(C3=CC(O)C(O)C(O)C(O)C3)C(O)C(O)C(O)C2)c2ncnc3c2N1C(O)C(O)C(O)C(O)C3,C1=O[C@@H]1[C@H](O[C@H]2C=NO[C@H]2C2=C(C3=CC(O)C(O)C(O)C(O)C3)C(O)C(O)C(O)C2)c2ncnc3c2N1C(O)C(O)C(O)C(O),C1=C[C@H]1O[C@H]2C=NO[C@H]2C2=C(C3=CC(O)C(O)C(O)C(O)C3)C(O)C(O)C(O)C2)c2ncnc3c2N1C(O)C(O)C(O)C(O)C3,C1=O[C@H]1[C@@H](O[C@H]2C=NO[C@H]2C2=C(C3=CC(O)C(O)C(O)C(O)C3)C(O)C(O)C(O)C2)c2ncnc3c2N1C(O)C(O)C(O)C(O),C1=O[C@H]1[C@H]2C(=O)N[C@H]2C2=C(C3=CC(C(C(C(O)C(O)C(O)C(O)C3)C(O))C(O))C2)C2=C(C3=CC(O)C(O)C(O)C(O)C3)N2
C1=O[C@H]1[C@@H]1[C@H]2C=NO[C@H]2C2=C(C3=CC(O)C(O)C(O)C(O)C3)C(O)C(O)C(O)C2C2=NC1=NC2=C3C(O)C(O)C(O)C(O,C1=CO[C@@H]1O[C@H]2C=NO[C@H]2C2=C(C3=CC(O)C(O)C(O)C(O)C3)C(O)C(O)C(O)C2)C2=NC2N1C(O)C(O)C(O)C(O)C3,C1=O[C@H]1O[C@H]2C=NO[C@H]2C2=C(C3=CC(O)C(O)C(O)C(O)C3)C(O)C(O)C(O)C2)C2=NC2=C3C2=N3C1C(O)C(O)C(O)C(O,C1=O[C@@H](O[C@H]2C=NO[C@H]2C2=C(C3=CC(O)C(O)C(O)C(O)C3)C(O)C(O)C(O)C2)c2ncnc3c2N1C(O)C(O)C(O)C(O)C3,C1=O[C@H]1[C@H](O[C@H]2[C@H]2C=NO[C@H]2C2=C(C3=CC(O)C(O)C(O)C(O)C3)C(O)C(O)C(O)C2)c2ncnc3c2N1C(O)C(O)C
C1=O[C@H](O[C@H]2C=NO[C@H]2C2=C(C3=CC(O)C(O)C(O)C(O)C3)C(O)C(O)C(O)C2)c2ncnc3c2N1C(O)C(O)C(O)C(O)C3,C1=O[C@H]([C@H]2C(=O)N(C(=O)N2C2=C(C3=CC(O)C(O)C(O)C(O)C3)C(O)C(O)C(O)C2)c2ncnc3c2N1C(O)C(O)C(O)C(O)C3,C1=O[C@H](O[C@H]2C=NO[C@H]2C2=C(C3=CC(O)C(O)C(O)C(O)C3)C(O)C(O)C(O)C2)c2ncnc3c2N1C(O)C(O)C(O)C(O)C3,C1CC1,C1C2C(=O)O[C@H]2C(=O)O[C@H]2C(=O)O[C@H]2C(=O)O[C@H]2C(=O)O[C@H]2C(=O)O[C@H]2C(=O)O[C@H]2C(=O)O[C
C1=NO[C@H]2[C@H](O)[C@H](O)[C@H]1O[C@H]3[C@H]4[C@H](N)C(=O)N4[C@H]5[C@H]6[C@H]([C@H]7[C@H]([C@H]8[C,O=C(NC/C=C/C1O[C@@H](n2cnc3c(NCCO)ncnc32)[C@H](O)[C@@H]1O)c1cc(-c2ccc(F)cc2)cc(O)c1O,C1=NC(C=C/C=C/C1Oc1c2c(NCCO)n3c(NCCO)nnc23)c1ccc(cc1)Oc1ccc(cc1)F)c1ccccc1OC1=Oc2ccccc2N1,C1=NC(=O)N(C(C(=O)O)C1)C1=CC=CC=C1C1=CC=CC=C1C1=C([C@H](C1=NC(=O)N(C(C(=O)O)C1)C1=CC=CC=C1C1=CC=CC=C1C1=C([,C1=O(NCC/C=C/C1OC2C3C(NCCO)Nc4c(NCCO)nc3Nc2C(C(C(O)C1OC(C(C(O)C1OC(C(C(O)C1OC(C(C(O)C1OC(C(C(O)C1OC(C(C(O)C1OC(C(C(O)C
C1CC(=O)N(C(C=C/C1O[C@H]1[C@@H]2C3=C(NCCO)Nc4c(NCCO)nc3c2C[C@H](O)[C@@H]1O)c1ccc(cc1)C(F)c2ccc(cc2)C(O)c1C)cc(O)c1O,C1=NC(C(C(C(C1=O)N(C(C(C(C(=O)N2C3=CC=CC4=C3N(C(C(C(C(=O)N5C6=CC=CC7=C6N(C(C(C(C(=O)N8C9=CC=CC10=C9N(C(C(C(C(=O)N11C,C1=NO[C@@H]1[C@H](O)c1ccc(cc1)C1=NO[C@H]1[C@H](O)c1ccc(cc1)C1=NO[C@H]1[C@H](O)c1ccc(cc1)C(=O)Nc1ccc(cc1)C(=O)Nc1ccc(cc,C1=NC(=O)C(C)c1c2ccc(cc2)C(=O)N3CC4=CC=CC4=N3C(=O)N5CC6=CC=CC6=C5C(=O)N7C(=O)N8C(=O)N9C(=O)N1C(=O)N2C(=O,C1=NC[C@H]1C(=O)Nc1ccc(cc1)C(=O)Nc1ccc(cc1)C(=O)Nc1cnc(cc1)C(=O)Nc1ccc(cc1)C(=O)Nc1ccc(cc1)C(=O)Nc1ccc(cc1)C(=O)
C1=O[C@H]([C@H]2[C@H]([C@H]([C@H]([C@H]([C@H]([C@H]([C@H]([C@H]([C@H]([C@H]([C@H]([C@H]([C@H]([C,C1=O[C@H]1[C@H](O[C@H]2C=NO[C@H]2C2=C(C3=CC(O)C(O)C(O)C(O)C3)C(O)C(O)C(O)C2)c2ncnc3c2N1C(O)C(O)C(O)C(O),C1=O[C@H](O[C@H]2C=NO[C@H]2C2=C(C3=CC(O)C(O)C(O)C(O)C3)C(O)C(O)C(O)C2)c2ncnc3c2N1C(O)C(O)C(O)C(O)C3,C1=C(C(=O)O)C(=O)O[C@H]1[C@H]1C(=O)O[C@H]1C(=O)O[C@H]1C(=O)O[C@H]1C(=O)O[C@H]1C(=O)O[C@H]1C(=O)O[C,C1=O[C@H](O[C@H]2C=NO[C@H]2C2=C(C3=CC(O)C(O)C(O)C(O)C3)C(O)C(O)C(O)C2)c2ncnc3c2N1C(O)C(O)C(O)C(O)C3
C1=NC(C(C(C(C(C(C(C(C(C(C(C(C(C(C(C(C(C(C(C(C(C(C(C(C(C(C(C(C(C(C(C(C(C(C(C(C(C(C(C(C(C(C(C(C(C(C(C(C(C(C(C(C(C(C(C(C(C(C(C(C(C(C(C(C(C(C(C(C(C(C(C(C(C(C(C(C,C1=Oc2c(Nc3ccccc3)ccc4c(Nc5ccccc5)ccc4c2c6c(Nc7ccccc7)ccc6c1c8ccc9c(Nc1ccccc1)c5ccc(O)c(C)c5c9O)c1ccc(cc1)C(=O)Oc2ccc(cc2,C1=NC(C(C(=O)N(C1(C2=CC=CC=C2)C3=CC=CC=C3)C4=CC(=O)N(C(C(C(C(C(C4C5=CC=CC=C5)C)C)C)C)C)C)C(C(C(C(C(C(C1C2=CC=CC,C1=Oc2ccc(cc2)C(=O)Nc3ccc(cc3)C(=O)Nc4ccc(cc4)Nc5c1cc(cc5O)C(=O)Nc6ccc(cc6)Nc7c1cc(cc7O)C(=O)Nc8ccc(cc8)Nc9c1cc,C1=O[NH]C/C=C/C1O[C]1[C]2c3c(NCCO)cnc23[C]1(O)[C]1O[C]1cc2c(cc(F)c2)c1Oc1ccc(cc1)Oc1OC1
C1=Oc2ccc(cc2)Nc3ccc(cc3)Nc4ccc(cc4)Nc5ccc(cc5)Nc6ccc(cc6)Oc7cc(cc(c7)O)C(=O)Nc8ccc(cc8)Nc9ccc(cc9)Oc10ccc(cc10)Oc1c1ccc(cc,C1=NO[C@H](NCC/C=C/C1O[C@H](O)C1=NC2=C(NCCO)N=CN=C2[C@H](O)C1=O)c1cc(ccc1C(F)C(F)C(F))cc1OC1=O,C1=NC(C(C(C(C(C(C(C(C(C(C(C(C(C(C(C(C(C(C(C(C(C(C(C(C(C(C(C(C(C(C(C(C(C(C(C(C(C(C(C(C(C(C(C(C(C(C(C(C(C(C(C(C(C(C(C(C(C(C(C(C(C(C(C(C(C(C(C(C(C(C(C(C(C(C(C(C,C1=Oc2ccccc2Nc3c(Nc4ccc(cc4)C(F)(F)F)ccc3Nc1c(Nc2ccc(cc2)O)Nc3ccc(cc3)Oc1c(Nc2ccc(cc2)O)Nc3ccc(cc3)O,C1=ONC/C=C/C1[C@H]1O[C@@H]2C3=C(NCCO)Nc4c(NCCO)nc3N2[C@H]1O[C@@H]1Oc1cc2-c3ccc(F)cc3-c2cc(O)c1Oc1ccccc1O
C1=O[C@H]([C@H]2[C@H]([C@H]([C@H]([C@H]([C@H]([C@H]([C@H]([C@H]([C@H]([C@H]([C@H]([C@H]([C@H]([C,C1=O[C@H](O[C@H]2C=NO[C@H]2C2=C(C3=CC(O)C(O)C(O)C(O)C3)C(O)C(O)C(O)C2)c2ncnc3c2N1C(O)C(O)C(O)C(O)C3,C1=O[C@H]1[C@H](O[C@H]2C=NO[C@H]2C2=C(C3=CC(O)C(O)C(O)C3)C(O)C(O)C(O)C2)c2ncnc3c2N1C(O)C(O)C(O)C(O)C3,C1=C(O)C(O)C(O)C(O)C1=O[C@@H]1[C@H]2C=NO[C@H]2C2=C(C3=CC(O)C(O)C(O)C(O)C3)C(O)C(O)C(O)C2[C@H]1C1=C(O)C(O,O=C1[C@@H](O[C@H]2C=NO[C@H]2C2=C(C3=CC(O)C(O)C(O)C3)C(O)C(O)C(O)C2)c2ncnc3c2N1C(O)C(O)C(O)C(O)C3
C1=NC(C(C(C(C(C(C(C(C(C(C(C(C(C(C(C(C(C(C(C(C(C(C(C(C(C(C(C(C(C(C(C(C(C(C(C(C(C(C(C(C(C(C(C(C(C(C(C(C(C(C(C(C(C(C(C(C(C(C(C(C(C(C(C(C(C(C(C(C(C(C(C(C(C(C(C(C,C1=NO[C@@H]([C@H]1C(=O)Nc2ccc(cc2)C(=O)Nc3ccc(cc3)C(=O)Nc4ccc(cc4)C(=O)Nc5ccc(cc5)C(=O)Nc6ccc(cc6)C(=O)Nc7ccc(cc7),C1=NOCC2=C(C(N(C(C(C(C(C(C(C(C(C(C(C(C(C(C(C(C(C(C(C(C(C(C(C(C(C(C(C(C(C(C(C(C(C(C(C(C(C(C(C(C(C(C(C(C(C(C(C(C(C(C(C(C(C(C(C(C(C(C(C(C(C(C(C(C(C(C(C(C(C(C(C,C1=NC(C(C=C/C1O[C@H](O[C@@H](n2cnc3c(NCCO)ncnc32)[C@H](O)[C@@H]2O)c1cc(C)c(C)c(O)c1)c1cc(C)c(C)c(O)c1O,C1=NC/C=C/[C@H]1O[C@@H]2C3=C(NCCO)Nc4c(NCCO)ncnc34[C@H](O)[C@@H]2Oc1ccc(cc1)cc(F)c1ccccc1OC1=CC=CC=C1O
C1=O[NH]C/C=C/C1OC1C2C3=Nc4c(NCCO)n4c3n2C1C(O)C(C(O)C1)C1C(O)C(C(O)C1)C1C(O)C(C(O)C1)C1C2=CC=CC=C2C1OC,C1=NC/C=C/[C@H]1O[C@@H](n2cnc3c(NCCO)ncnc32)[C@H](O)[C@@H]1O)c1cc(-c2ccc(F)cc2)cc(O)c1O,C1=NC(C(C(=O)N2C(C(C=C(C2=O)C3=C(C(=O)N(C(C(C(O3)C4=C(C(=O)N(C(C(C(C4C(C5=C(C(=O)N(C(C(C(C5C(C6=C(C(=O)N(C(C(C(C6C(C7=C(C,C1=O[NH]C/C=C/C1[C@H]1O[C@@H]2C3=C(NCCO)C4=C(NCCO)N4C3=C2[C@H]1O)C1=CC=CC2=C(C=C(C=C2)F)C=C1O,C1=NC(C(C(C(O1)C2=CC=CC=C2)C3=CC(=O)N(C(C(C(C(C3)O)O)O)O)C4=C(C=C(C=C4)C5=CC=CC=C5)F)C6=CC=CC=C6)C7=C(C=C(C=C7)
C1=NC/C=C/[C@H]1O[C@@H]2C1=NC=NC2=N1C(=O)Nc1ccc(cc1)C(=O)Nc1ccc(cc1)C(F)C(F)C(=O)Nc1ccc(cc1)C(=O)O,C1=O[C@H](O[C@H]2C=NO[C@H]2C2=C(C3=CC(O)C(O)C(O)C(O)C3)C(O)C(O)C(O)C2)c2ncnc3c2N1C(O)C(O)C(O)C(O)C3,C1CC1,C1=O[C@H]([C@H]2[C@H]([C@H]([C@H]([C@H]([C@H]([C@H]([C@H]([C@H]([C@H]([C@H]([C@H]([C@H]([C@H]([C,C1=O[C@H](O[C@H]2C=NO[C@H]2C2=C(C3=CC(O)C(O)C(O)C(O)C3)C(O)C(O)C(O)C2)c2ncnc3c2N1C(O)C(O)C(O)C(O)C3
C1=C(C(=O)O)C1(C(C(=O)O)C2=C(C3=CC(O)C(O)C(O)C(O)C3)C(O)C(O)C(O)C2)C2=C(C3=CC(O)C(O)C(O)C(O)C3)C(O)C(O)C(O,C1=CC(=O)O[C@H]1[C@H]1C(=O)O[C@H]1C(=O)O[C@H]1C(=O)O[C@H]1C(=O)O[C@H]1C(=O)O[C@H]1C(=O)O[C@H]1C(=,C1=O[C@H]1[C@@H](O[C@H]2C=NO[C@H]2C2=C(C3=CC(O)C(O)C(O)C(O)C3)C(O)C(O)C(O)C2)c2ncnc3c2N1C(O)C(O)C(O)C(O),C1=O[C@H](O[C@H]2C=NO[C@H]2C2=C(C3=CC(O)C(O)C(O)C(O)C3)C(O)C(O)C(O)C2)c2ncnc3c2N1C(O)C(O)C(O)C(O)C3,C1=O[C@H]([C@H]2[C@@H]([C@H]([C@H]([C@H]([C@H]([C@H]([C@H]([C@H]([C@H]([C@H]([C@H]([C@H]([C@H]([C
C1=O[NH]C/C=C/C1[C@H]1O[C@H](n2cnc3c(NCCO)ncnc32)[C@H](O)[C@H]1O)c1cc(-c2ccc(F)cc2)cc(O)c1O,C1CC1,C1=NC(C(C(C(C1=O)C2=CC=CC=C2)C3=CC(=O)N(C(C(C(C3)C4=CC(=O)N(C(C(C(C4)C5=CC(=O)N(C(C(C(C5)C6=C(C(=O)N(C(C(C(C6)C7=C,C1=NO[C@H]2C[C@H]3O[C@H](O)[C@H]4N3c5c(NCCO)c6c(NCCO)c7c(NCCO)c8c(NCCO)c(NCCO)C5=C4[C@H]2O[C@H]1O[C@H]1C,C1=Oc2ccc(cc2)C(=O)Nc3c(cc(Nc4ccc(cc4)C(=O)O)cc3)C5=C(C(=O)O)Nc6c1ccc(cc6)C(=O)Oc7ccccc7Oc8ccc(cc8)C(=O)O
C1=O[NH]C/C=C/C1O[C]1[C]2[C]3[C]4[C]5[C]6[C]7[C]8[C]9[C]10[C]11[C]12[C]13[C]14[C]15[C]16[C]17[C]18[C]19[C]20[C]21[C]22[C,C1=NO[C@@H](C(C(=O)Nc2ccc(cc2)C(=O)Nc3cnc4c(NCCO)n(n4)c3)C1)C1=Oc2ccc(cc2)C(=O)Nc3ccc(cc3)C(=O)Nc4ccc(cc4)C(=O)N,C1=NC(C/C=C/[C@H]1O[C@@H](n2cnc3c(NCCO)ncnc32)[C@H](O)[C@@H]1O)c1cc(-c2ccc(F)cc2)cc(O)c1O,C1=Oc2ccccc2Nc3ccc(cc3)C(=O)Nc4ccc(cc4)C(=O)Nc5ccc(cc5)C(=O)Nc6ccc(cc6)C(=O)Nc7ccc(cc7)C(=O)Nc8ccc(cc8)C(=O)Nc9ccc(cc,C1=NC(C(C(C(C(C(C1Nc2c3c(NCCO)n4cnc4c3nc2)C(O)C1OC(C)c1ccc(F)c1OC(C)c1cc(O)C1)c1ccccc1)C)O)C1ccc(cc1)C1OC(C)c1cc(O)C1)
O=C1[C@@H](O[C@H]2C=NO[C@H]2C2=C(C3=CC(O)C(O)C(O)C(O)C3)C(O)C(O)C(O)C2)c2ncnc3c2N1C(O)C(O)C(O)C(O)C3,O=C1[C@H](O[C@H]2C=NO[C@H]2C2=C(C3=CC(O)C(O)C(O)C3)C(O)C(O)C(O)C2)c2ncnc3c2N1C(O)C(O)C(O)C(O)C3,C1CC1,C1=O[C@H]([C@H]2C=NO[C@H]2C2=C(C3=CC(O)C(O)C(O)C(O)C3)C(O)C(O)C(O)C2)C2=NC3=C2N1C(O)C(O)C(O)C(O)C3,C1=C(O)C(O)C(O)C(O)C1=O.C1(C(C2=C(C3=C(C(=O)O)C(=O)C(=O)C3)C(=O)O)C(=O)O)C(=O)O)C(=O)O.C1(C2=C(C(=O)O)C(=
C1CC1,C1=O[C@H]([C@H]2[C@H]([C@H]([C@H]([C@H]([C@H]([C@H]([C@H]([C@H]([C@H]([C@H]([C@H]([C@H]([C@H]([C,C1=COc2ccc(cc2O)C(=O)Nc3ccc(cc3)Nc4ccc(cc4)Nc5ccc(cc5)Nc6ccc(cc6)Nc7ccc(cc7)Nc8ccc(cc8)Nc9ccc(cc9)Nc1Oc1ccc(cc1)Oc1ccc(cc1,C1=CO[C@H]1[C@H]2C(=O)N[C@H]2[C@H]2C(=O)N[C@H]2C2=C(C3=CC(O)C(O)C(O)C(O)C3)C(O)C(O)C(O)C2)c2ncnc3c2N1,C1=O[C@H](O[C@H]2C=NO[C@H]2C2=C(C3=CC(O)C(O)C(O)C(O)C3)C(O)C(O)C(O)C2)c2ncnc3c2N1C(O)C(O)C(O)C(O)C3
C1=NC(C(C1=O)C2=C(C(C1=O)C(C(=O)N2)C3=C(C(C1=O)C(C(=O)N3)C4=C(C(C1=O)C(C(=O)N4)C5=C(C(C1=O)C(C(=O)N5)C6,C1=Oc2ccccc2Nc3c(Nc4c(N(C)C)c(ccc4O)N3)nc1Nc2c(N(C)C)c(ccc2O)N1c1ccc(cc1)C(F)C(F)C(F)c1ccc(cc1)O,O=C(NC/C=C/[C@H]1O[C@@H](n2cnc3c(CCO)ncnc32)[C@H](O)[C@@H]1O)c1cc(-c2ccc(F)cc2)cc(O)c1O,C1=Oc2ccc(cc2)Nc3ccc(cc3)C(=O)Nc4ccc(cc4)C1(C(=O)Nc5ccc(cc5)C(=O)Nc6ccc(cc6)C(=O)Nc7ccc(cc7)C(=O)Nc8ccc(cc8)C(=O)Nc,C1=O[NH]C/C=C/C1[C@H]1O[C@@H](n2cnc3c(NCCO)nncn32)[C@H](O)[C@@H]1O)c1cc(-c2ccc(F)cc2)cc(O)c1O
C1CC1,C1=NO[C@H]([C@H]1O)C1=CC(=O)N(C(C(C(C1)O)O)C1=CC(=O)N(C(C(C(C1)O)O)C1=CC(=O)N(C(C(C(C1)O)O)C1=CC(=O)N(C(C,C1=NC[C@H]1c2ccc(cc2)C(=O)Nc3ccc(cc3)C(=O)Nc4ccc(cc4)C(=O)Nc5ccc(cc5)C(=O)Nc6ccc(cc6)C(=O)Nc7ccc(cc7)C(=O)Nc8ccc(cc8,C1=NC(C(C(C(=O)Nc1c2ccc(cc2)C(F)(F)F)C(=O)Nc1c2ccc(cc2)C(F)(F)F)C(=O)Nc1c2ccc(cc2)C(F)(F)F)C(=O)Nc1c2ccc(cc2)C,C1=NC/C=C/[C@H]1O[C@@H]2C3=NC(C(C(=O)N3)C4=NC(C(C(=O)N4)C5=C(C(=O)N5)C6=C(C(=O)N6)C7=C(C(=O)N7)C8=C(C(=O)N
O=C(NC/C=C/[C@H]1O[C@@H](n2cnc3c(NCCO)ncnc32)[C@H](O)[C@@H]1O)c1cc(-c2ccc(F)cc2)cc(O)c1O,C1=NC(C(C(=O)Nc1c2ccc(F)cc2)C1=O)c1ccc(cc1)C1=CC(=O)Nc1c2c(N(C(C(=O)Nc1c2ccc(F)cc2)C1=O)C1=O)nc1c(N)nc2c1nc,C1=Oc2ccccc2Nc3c(Nc4ccc(cc4)C(F)(F)F)ncnc3Nc1c2ccc(cc2)C(=O)Oc3ccc(cc3)C(=O)Oc4ccc(cc4)Oc5ccc(cc5)Oc6ccc(cc6)O,C1CC1,C1=NC(C(C(C1=O)C(C2=CC=CC=C2)C3=CC=C(C=C3)F)C4=CC=CC=C4)C5=CC=CC=C5O[C@H](C6=CC=CC=C6O)C7=NC(N(C(C7=O)C8=CC=
O=C(NC/C=C/C1OC[C@H](N2C3C(NCCO)N(Cc4ccc(F)c4)Nc2c3)C[C@H](O)C1OC)c1ccc(cc1)C1OCOc2ccc(F)c2C1=O,C1=O[NH]C/C=C/[C@H]1O[C@@H]2c3c(NCCO)nnc3c2[C@H](O)[C@@H]1Oc1cc(cc(-c2ccc(F)cc2)c1)cc1OC1=O,O=C(NC/C=C/C1OC2C3C(NCCO)N(C(C(C(C(C(C3N2)C)C)C)C)C)C4C(C(C(C(C(C(C(C4N1)C)C)C)C)C)C)C)C)C1=CC(=C(C(=C1)C,C1=Oc2c(Nc3ccc(cc3)C(=O)Nc4ccc(cc4)C(=O)Nc5c2cc(cc5)C(=O)Nc6cc(cc(c6)C(=O)Nc7c(cc(c8ccc(cc8)C(=O)Nc9ccc(cc9)C(=O),C1=ONC/C=C/C1[C@H]1O[C@@H](n2cnc3c(NCCO)ncnc32)[C@H](O)[C@@H]1Oc1cc(c(-c2ccc(F)cc2)c1)c1c(O)c(O)c1
C1=O(NC/C=C/C1CC1O2C3C(NCCO)N(NC3=NC4=NC(NC4=O)N2)C(C(O)C(O)C2)C1=CC=C(C=C1)C1=C(C=CC=C1)F)C1=C(C=CC=C1)O,C1=NC(C(C(C1=O)C2=C(C(C(C2=O)C3=O)C4=O)C5=C(C(C(C5=O)C6=C(C(C(C6=O)C7=C(C(C(C7=O)C8=C(C(C(C8=O)C9=C(C(C(C9=O,C1=O[NH]C/C=C/C1O[C@H]1O[C@H](n2cnc3c(NCCO)cnc32)[C@H](O)[C@H]1O)c1cc(-c2ccc(F)cc2)cc(O)c1O,C1=NO[C@@H]([C@H]1C(=O)Nc2ccc(cc2)C(=O)N3CCN4C(=O)N(C3)C5=C(C4)C=CC(=O)N5)C6=CC=CC=C6F)c7ccccc7O,C1=NC(C(C(C1=O)C2=C(C(C(=O)N3C4C(C(C(C(C4=O)N3C5C(C(C(C(C5=O)C)O)O)O)C)C)O)C)C)C(=O)N6C7C(C(C(C(C7=O)
C1=C[C@H]1O[C@H]2C=NO[C@H]2C2=C(C3=CC(O)C(O)C(O)C(O)C3)C(O)C(O)C(O)C2C2=NC3=C2N1C(O)C(O)C(O)C(O)C3,C1=C(O)C(O)C(O)C(O)C1=O[C@H]1C(=O)N(C(C1=O)C2=C(C3=CC(O)C(O)C(O)C(O)C3)C(O)C(O)C(O)C2)C1=O[C@H]1C(=O),C1=O[C@@H](O[C@H]2C=NO[C@H]2C2=C(C3=CC(O)C(O)C(O)C(O)C3)C(O)C(O)C(O)C2)c2ncnc3c2N1C(O)C(O)C(O)C(O)C3,C1=O[C@@H]1[C@H]2C=NO[C@H]2C2=C(C3=CC(O)C(O)C(O)C(O)C3)C(O)C(O)C(O)C2)c2ncnc3c2N1C(O)C(O)C(O)C(O)C3,C1=O[C@H]1[C@H](O[C@H]2C=NO[C@H]2C2=C(C3=CC(O)C(O)C(O)C(O)C3)C(O)C(O)C(O)C2)c2ncnc3c2N1C(O)C(O)C(O)C(O)
C1=NC(C(C(C(C(C(C(C(C(C(C(C(C(C(C(C(C(C(C(C(C(C(C(C(C(C(C(C(C(C(C(C(C(C(C(C(C(C(C(C(C(C(C(C(C(C(C(C(C(C(C(C(C(C(C(C(C(C(C(C(C(C(C(C(C(C(C(C(C(C(C(C(C(C(C(C(C,C1=O[NH]C/C=C/[C@H]1O[C@@H](n2cnc3c(NCCO)ncnc32)[C@H](O)[C@@H]1O)c1cc(-c2ccc(F)cc2)cc(O)c1O,C1=Oc2ccccc2Nc3ccc(cc3)C(=O)Nc4ccc(cc4)C(=O)Nc5ccc(cc5)C(=O)Nc6ccc(cc6)C(=O)Nc7ccc(cc7)C(=O)Nc8ccc(cc8)C(=O)Nc9ccc(cc,C1=NC(C(C(C(C(C(C(C(C(C(C(C(C(C(C(C(C(C(C(C(C(C(C(C(C(C(C(C(C(C(C(C(C(C(C(C(C(C(C(C(C(C(C(C(C(C(C(C(C(C(C(C(C(C(C(C(C(C(C(C(C(C(C(C(C(C(C(C(C(C(C(C(C(C(C(C(C,C1=NC(C(C(C(C(C1O)O)O)O)O)C1=NC(C(C(C(C1O)O)O)O)C1=NC(C(C(C(C1O)O)O)O)C1=NC(C(C(C(C1O)O)O)O)C1=NC(C(C(C(C1
C1(C(=O)C2=C(C(=O)C3=C(C(=O)C4=C(C(=O)C5=C(C(=O)C6=C(C(=O)C7=C(C(=O)C8=C(C(=O)C9=C(C(=O)C10=C(C(=O)C11=C(C(=O)C12=C(C,C1=O[C@H]([C@H]2[C@@H]([C@H]([C@H]([C@H]([C@H]([C@H]([C@H]([C@H]([C@H]([C@H]([C@H]([C@H]([C@H]([C,C1(O)C(O)C(O)C(O)C1=O[C@@H]1[C@H](O[C@H]2C=NO[C@H]2C2=C(C3=CC(O)C(O)C(O)C(O)C3)C(O)C(O)C(O)C(O)C2)c2ncnc3,C1=O[C@H]1[C@H]2C=NO[C@H]2C2=C(C3=CC(O)C(O)C(O)C(O)C3)C(O)C(O)C(O)C2)c2ncnc3c2N1C(O)C(O)C(O)C(O)C3,C1=O[C@H](O[C@H]2C=NO[C@H]2C2=C(C3=CC(O)C(O)C(O)C(O)C3)C(O)C(O)C(O)C2)c2ncnc3c2N1C(O)C(O)C(O)C(O)C3
C1=Oc2c(Nc3ccccc3)ccc2Nc1c(N)ccc1C(=O)Nc1ccc(cc1)C(=O)N1c2ccccc2Nc12C(=O)N1c2ccccc2O,C1=NC(C(C(C(C(C1O)O)N2C=CC=CC2=O)C3=CC(=O)N(C(C(C(C3O)O)O)N4C=CC(=O)N(C(C(C(C4O)O)O)O)C5=C6C=CC(=O)N(C(C(C,C1=O(NC/C=C/C1O[C@H](n2cnc3c(NCCO)ncc2c3)C(O)C1O)c1cc(cc2ccc(F)cc2)c1c1c(O)c1O,C1=O[NH]C/C=C/C1[C@H]1O[C@H](n2cnc3c(CCO)ncnc32)[C@H](O)[C@@H]1O)c1cc(-c2ccc(F)cc2)cc1Oc1ccccc1O,C1=NO[C@@H](C(C(=O)N[C@H]1[C@@H](O)C1=C2C(=O)N(C(C(=O)N[C@H](C1=O)C1=CC=CC=C1)C1=CC=CC=C1)C1=CC=CC=C1)C1=CC
C1=NC(C(C(C(C(O1)C2=CC=CC=C2)C3=CC=CC=C3)C4=CC=CC=C4)C5=CC=CC=C5)C6=CC=CC=C6)C7=CC=CC=C7C8=NC(NC(C(C(C(C(C8)C9=,C1CCO=C(NC/C=C/C1OC2C3C(=O)N(CCO)C4=C3N(CCO)C2=O)C1C=CC=C(C=C1)C1C=CC=C(C=C1)C1C=CC=C(C=C1)C1C=CC=C(C=C1)C1C=,CC(=O)NCC/C=C/C1OC(C(O)C(O)C(O)C1=O)C2C1=CC(=O)N(C)C(C)C(C)C(C)C1=CC(=O)N(C)C(C)C(C)C(C)C1=O)C1=CC=CC=C1C(F,CC(=O)NCC/C=C/C1OC[C@H](O)C2C1=NC3=C(NCCO)N=CN=C3C(C(O)C1=CC=C(C(C(=O)C1=CC=CC=C1)C(F)C(F))C1=CC=CC=C1)C1=CC=C(C(C(=,C1=NO[C@H]1[C@H](O)c1ccc(cc1)C(=O)N1CCC(=O)N1c1ccc(cc1)C(=O)N1C(=O)N1c1ccc(cc1)C(=O)N1CC1=Oc1ccc(cc1)C(=O)N1C(=
C1=O[C@H](O[C@H]2C=NO[C@H]2C2=C(C3=CC(O)C(O)C(O)C(O)C3)C(O)C(O)C(O)C2)c2ncnc3c2N1C(O)C(O)C(O)C(O)C3,C1=O[C@H]([C@H]2[C@@H]([C@H]([C@H]([C@H]([C@H]([C@H]([C@H]([C@H]([C@H]([C@H]([C@H]([C@H]([C@H]([C,C1=O[C@H](O[C@H]2C=NO[C@H]2C2=C(C3=CC(O)C(O)C(O)C(O)C3)C(O)C(O)C(O)C(O)C2)c2ncnc3c2N1C(O)C(O)C(O)C(O)C3,C1=C(C(=O)O)C2=C(C(=O)O)C(=O)O[C@H]3C(=O)N4[C@H]4[C@H]3C(=O)O[C@H]2C(=O)O[C@H]1C(=O)O[C@H]2C(=O)O[C,C1=O[C@H](O[C@H]2C=NO[C@H]2C2=C(C3=CC(O)C(O)C(O)C(O)C3)C(O)C(O)C(O)C2)c2ncnc3c2N1C(O)C(O)C(O)C(O)C3
C1=O[C@H]1[C@H]2C(=O)N[C@H]2[C@H]2C(=O)N[C@H]2C2=C(C3=CC(C(C(C(C(C3)O)O)O)O)C3)C(C(C(C(C(C3)O)O)O)O),C1=O[C@H]([C@H]2[C@H]([C@H]([C@H]([C@H]([C@H]([C@H]([C@H]([C@H]([C@H]([C@H]([C@H]([C@H]([C@H]([C,C1=O[C@H](O[C@H]2C=NO[C@H]2C2=C(C3=CC(O)C(O)C(O)C(O)C3)C(O)C(O)C(O)C2)c2ncnc3c2N1C(O)C(O)C(O)C(O)C3,C1=CC(=O)N1C1=C2C(=O)N(C(C(=O)N2C2=C(C3=CC(C(C(C(C(C3O)O)O)O)O)C3)C(C(C(C(C3O)O)O)O)C3)C(C(C(C(C3O)O)O),C1CC1
C1=O[C@H]([C@H]2[C@H]([C@H]([C@H]([C@H]([C@H]([C@H]([C@H]([C@H]([C@H]([C@H]([C@H]([C@H]([C@H]([C,C1=C2C(=O)N(C3C(=O)N(C4C(=O)N(C5C(=O)N(C6C(=O)N(C7C(=O)N(C8C(=O)N(C9C(=O)N(C10C(=O)N(C11C(=O)N(C12C(=O)N(C,C1=O[C@H](O[C@H]2C=NO[C@H]2C2=C(C3=CC(O)C(O)C(O)C(O)C3)C(O)C(O)C(O)C2)c2ncnc3c2N1C(O)C(O)C(O)C(O)C3,C1=O[C@H]1[C@@H](O[C@H]2C=NO[C@H]2C2=C(C3=CC(O)C(O)C(O)C(O)C3)C(O)C(O)C(O)C2)c2ncnc3c2N1C(O)C(O)C(O)C(O),C1=O[C@H](O[C@H]2C=NO[C@H]2C2=C(C3=CC(O)C(O)C(O)C(O)C3)C(O)C(O)C(O)C2)c2ncnc3c2N1C(O)C(O)C(O)C(O)C3
C1=O[C@H](O[C@H]2C=NO[C@H]2C2=C(C3=CC(O)C(O)C(O)C(O)C3)C(O)C(O)C(O)C2)c2ncnc3c2N1C(O)C(O)C(O)C(O)C3,C1=O[C@@H]1[C@H]2[C@H]3C(=O)N2[C@H]2C(=O)N=C2[C@H]2C(=O)N3C(=O)C1=C2C3=C(C4=CC(C(C5=CC(C(C6=C(C(=O)C(=O),C1=O[C@H]1[C@H]2[C@H]3C(=O)N(C2=O)C2=C(C4=CC(C(C(C(C4=C3)C(O)C(O)C(O)C(O))C)C)C)C3=C(C5=CC(C(C(C(C5=C4)C(O),C1=C(O)C(O)C(O)C(O)C1C1=CC(=O)N1C(=O)O1C1=C(C(=O)O)C(=O)O1C1=C(C(=O)O)C(=O)O1C1=C(C(=O)O)C(=O)O1C1=C(C,C1=O[C@H]([C@H]2[C@H]([C@H]([C@H]([C@H]([C@H]([C@H]([C@H]([C@H]([C@H]([C@H]([C@H]([C@H]([C@H]([C
C1=NC2=C(C(C(C(O2)C(C(C(O1)C(C(C(O)C(C(C(O)C(C(C(O)C(C(C(O)C(C(C(O)C(C(C(O)C(C(C(O)C(C(C(O)C(C(C(O)C(C(C(O)C(C(C(O)C(C(C(O)C(C,C1=NC(C(C(C(=O)N1C2=C/C=C/C3=C4Nc5c(NCCO)n6c1c(cc(C#N)c1c(cc(C#N)c1N)C)Nc6n5)c2c(cc(C#N)c2C)C)C(C(C(=O)O)C)C),C1=NO[C@H](C2=C(C(C3=C(C4=C(C5=C(C(=O)N(C(C(C(C(C(C5C4=C3)C(=O)N(C(C(C(C(C(C(C(C(C(C(C(C(C(C(C(C(C(C(C(C(C(C(C(C(C(C(C(C(C(C(C(C(C(C(C(C(C,C1=NC(C(C(C(=O)N(C(C(C(=O)N(C(C(C(=O)N(C(C(C(=O)N(C(C(C(=O)N(C(C(C(=O)N(C(C(C(=O)N(C(C(C(=O)N(C(C(C(=O)N(C(C(C(=O)N(C(C(C(=O),C1=O[NH]C/C=C/[C@H]1O[C@@H](n2cnc3c(NCCO)ncnc32)[C@H](O)[C@@H]1O)c1cc(-c2ccc(F)cc2)cc(O)c1O
C1(O)C2=C(O)C(O)C(O)C(O)C3=C(C4=CC(O)C(O)C(O)C(O)C4)C(O)C(O)C(O)C2C(N)C1N3C2=CC(O)C(O)C(O)C(O)C3C(N)C1C,C1=O[C@H]1[C@H]2C=NO[C@H]2C2=C(C3=CC(O)C(O)C(O)C(O)C3)C(O)C(O)C(O)C2[C@H]2C(=O)N(C1=O)C1=O[C@H]1C(O,C1=O[C@H]([C@H]2[C@H]([C@H]([C@H]([C@H]([C@H]([C@H]([C@H]([C@H]([C@H]([C@H]([C@H]([C@H]([C@H]([C,C1=O[C@H]([C@H]2C=NO[C@H]2C2=C(C3=CC(O)C(O)C(O)C(O)C3)C(O)C(O)C(O)C2)c2ncnc3c2N1C(O)C(O)C(O)C(O)C3,C1(O)C(O)C(O)C(O)C1=O[C@H]1C(=O)C(=O)N1[C@H](C(=O)C(=O)C(=O)C1)C1=C(C2=CC(C(C(=O)C(=O)C(=O)C2)O)C(=O)
C1CC1,C1=O[C@H]1[C@H]2C(=O)N2[C@H]2C(=O)N2C2=C(C3=CC(O)C(O)C(O)C(O)C3)C(O)C(O)C(O)C2[C@H]2C(=O)N2C2=C(C3=,C1=O[C@H](O[C@H]2C=NO[C@H]2C2=C(C3=CC(O)C(O)C(O)C(O)C3)C(O)C(O)C(O)C2)c2ncnc3c2N1C(O)C(O)C(O)C(O)C3C2=C,C1=O[C@@H]1O[C@H]2C=NO[C@H]2C2=C(C3=CC(O)C(O)C(O)C(O)C3)C(O)C(O)C(O)C2)c2ncnc3c2N1C(O)C(O)C(O)C(O)C3,C1=O[C@H]1[C@H]2C=NO[C@H]2C2=C(C3=CC(O)C(O)C(O)C(O)C3)C(O)C(O)C(O)C2)c2ncnc3c2N1C(O)C(O)C(O)C(O)C3
C1=Oc2ccccc2Nc3ccc(cc3)C(=O)Nc4ccc(cc4)C(=O)Nc5ccc(cc5)C(=O)Nc6ccc(cc6)C(=O)Nc7ccc(cc7)C(=O)Nc1c1ccc(cc1)Oc2ccc(cc2),C1=NC2=C(C(C(C(C(C(C(C(C(C(C(C(C(C(C(C(C(C(C(C(C(C(C(C(C(C(C(C(C(C(C(C(C(C(C(C(C(C(C(C(C(C(C(C(C(C(C(C(C(C(C(C(C(C(C(C(C(C(C(C(C(C(C(C(C(C(C(C(C(C(C(C(C(C(C,C1=NOCC1C2=NC3=C(N(C)C(=O)Nc4ccc(cc4)C(=O)Nc5ccc(cc5)C(=O)Nc6ccc(cc6)C(=O)Nc7ccc(cc7)C(=O)Nc8ccc(cc8)C(=O)Nc9ccc(cc9,C1=O[C@H](NCC(=C/C[C@H]1O[C@H](n2cnc3c(NCCO)ncnc32)[C@H](O)[C@H]1O)c1cc(Cc2ccc(F)cc2)cc(O)c1O)C,C1=ONC/C=C/C1O[C@H]1O[C@H](n2cnc3c(NCCO)ncnc32)[C@H](O)[C@H]1O)c1cc(-c2ccc(F)cc2)cc(O)c1O
C1=O[C@@H]1[C@H]2C=NO[C@H]2C2=C(C3=CC(O)C(O)C(O)C(O)C3)C(O)C(O)C(O)C2)c2ncnc3c2N1C(O)C(O)C(O)C(O)C3,C1=C2C(=O)C(O)C(O)C(O)C(O)C1=C2O[C@H]1[C@H]2C=NO[C@H]2C2=C(C3=CC(O)C(O)C(O)C(O)C(O)C3)C(O)C(O)C(O)C2[C@,C1=O[C@H]([C@H]2C(=O)N(C(=O)C2)C2=C(C3=CC(C(O)C(O)C(O)C3)C(O)C(O)C(O)C3)C2=C(C4=CC(O)C(O)C(O)C(O)C4)C2,C1=C(O)C(O)C(O)C(O)C1O=C1[C@H](O[C@H]2C=NO[C@H]2C2=C(C3=CC(O)C(O)C(O)C(O)C3)C(O)C(O)C(O)C2)c2ncnc3c2N1C(O,C1=O[C@H]([C@H]2[C@H]([C@H]([C@H]([C@H]([C@H]([C@H]([C@H]([C@H]([C@H]([C@H]([C@H]([C@H]([C@H]([C
C1=O[C@H](N[C@H]2[C@@H]([C@H]1O[C@H]3[C@H]4[C@H]5[C@H]6[C@H]7[C@H]8[C@H]9[C@H]1O[C@H]([C@H]2O)[C@,C1=NO[C@]([C@H]2[C@H]3[C@H]([C@H]4[C@H]([C@H]5[C@H]([C@H]6[C@H]([C@H]7[C@H]([C@H]8[C@H]([C@H]9[C@,C1=O(NCC1=C/C=C/C1C2O[C@@H](N3C=CC4=C(C=C(C=C4)C(=O)N(C)C(=O)N3)O)C(=O)N2C(=O)N2C(=O)N2C(=O)N2)C1=O)c1cc,C1=NO[C@H]1c2ccc(cc2)C(=O)Nc3ccc(cc3)C(=O)N4C(=O)N(C(C(=O)N4)c5ccc(cc5)C(=O)Nc6ccc(cc6)C(=O)Nc7ccc(cc7)C(=O)N)c8ccc,C1=NC(C(C1=O)C1CC2=C(C=CC(=C2)C1=O)C1(C(C(C(C(C1)C)O)N)C1=O)C1=O)C1=O)C1=O)C1=O)C1=O)C1=O)C1=
C1CC1,C1=NC(C(C(=O)N1)C(C(=O)O)C1=CC(=O)N(C(C(=O)O)C1=CC(=O)N(C(C(=O)O)C1=CC(=O)N(C(C(=O)O)C1=CC(=O)N(C(C(=O)O)C,CC(=O)NCC1=CC2=C([C@H]1O[C@H](N2C3=NC=CC(=O)N4C=CC(=O)N34)C(=O)O)C5=CC=CC=C5O)C6=CC=CC=C6O,C1=NC(C(C(C(C(C(C(C(C(C(C(C(C(C(C(C(C(C(C(C(C(C(C(C(C(C(C(C(C(C(C(C(C(C(C(C(C(C(C(C(C(C(C(C(C(C(C(C(C(C(C(C(C(C(C(C(C(C(C(C(C(C(C(C(C(C(C(C(C(C(C(C(C(C(C(C(C,C1=NC(C(C1=O)C2=CC=CC=C2)C3=CC(=O)N(C(C3=O)C4=C(C(C(C(C4=O)C5=CC(=O)N(C(C5=O)C6=C(C(C(C(C6=O)C7=CC(=O)N(C(C7
C1=NC/C=C/C1[NH]1C=CC(=O)N1C=CC(=O)N1C=CC(=O)N1C=CC(=O)N1C=CC(=O)N1C=CC(=O)N1C=CC(=O)N1C=CC(=O)N1C=CC(=,C1=NC/C=C/[C@H]1O[C@@H]2c3c(NCCO)c4c(NCCO)n3c2[C@H](O)[C@@H]1Oc1ccc(cc1)cc2ccc(F)cc2c1OC1=O,C1=NC(C(C(=O)O1)C1C(C(C(O)C1=O)C1=O)C1=O)C1=O)C1=O)C1=O)C1=O)C1=O)C1=O)C1=O)C1=O)C1=O)C,C1=NC2=C(C(C(C(C(C(O2)C(=O)N3C(C(C(N(C(C(C(C3)C)C)C)C)C)C)C)C)C)C)C)C(=O)N4C(C(C(C(C(C(C(C(C4)C)C)C)C)C)C,C1=NC(C=C/C=C/C1[C@H]1O[C@H](n2cnc3c(NCCO)ncnc32)[C@H](O)[C@H]1O)c1cc(C=C2C=CC=CC2)c1OC1=O
CC(=O)NCC/C=C/C1OC[C@H](O)[C@H]1Oc2cnc3c(NCCO)nccn3c2[C@H](O)[C@H]1OC1c2ccc(F)cc2OC1c2ccccc2OC1=O,C1=O[NH]C/C=C/C1[C@H]1O[C@H](n2cnc3cnc2[C@H]3[C@H](O)[C@H]1O)c1cc(cc(c1)F)c1cc(cc(F)c1)Oc1ccccc1O,C1=NC(=O)N[C@H]1[C@H]2C(=O)N3C=CC(=O)N(C)C3c4cnc5c4N(C)C(=O)N5[C@H]2Oc6ccccc6C(=O)Oc7ccccc7Oc8ccccc8Oc,C1=O[NH]C/C=C/[C@H]1O[C@@H](n2cnc3c(NCCO)nccn3c2)[C@H](O)[C@@H]1O)c1cc(-c2ccc(F)cc2)cc(O)c1O,C1=NO[C@H]2[C@@H]3[C@H](O[C@H]4[C@H](O[C@H]5[C@H](O[C@H]6[C@H](O[C@H]7[C@H](O[C@H]8[C@H](O[C@H]9[C@H](O[C
C1=Oc2ccccc2Nc3c(N(C)C)nc(Nc4c5c(N)nc(Nc6c7c(N)nc(Nc8c9c(N)nc(Nc1c(cc(C)cc1)C(=O)N)C(=O)N)C(=O)N)C(=O)N),C1=NC(=O)C(C(C(NC1=CC=CC2=CC=CC3=C2C(=O)N3C)C1=O)C1=CC=CC=C1)C1=CC=CC=C1C1=CC=CC=C1C1=CC=CC=C1C1=CC=CC=C1C,C1=NC(C(C(C(C1O)O)O)c2c3c(NCCO)nnc3c2N)C(C(=O)C(C(C)C)C)C(C(=O)C(C(C)C)C)c1ccc(cc1)C(=O)O,CC(=O)NCC/C=C/C1O[C@H](O)C2C(=O)N3C(CCO)N(C(C3)C2)C1O[C@H](O)C1C=CC=C(C=C1)C1OC1C=CC=CC2=C(C=C(C=C2)F)C=CC=C1,C1=NC(C(C(C(C(C(C(C(C(C(C(C(C(C(C(C(C(C(C(C(C(C(C(C(C(C(C(C(C(C(C(C(C(C(C(C(C(C(C(C(C(C(C(C(C(C(C(C(C(C(C(C(C(C(C(C(C(C(C(C(C(C(C(C(C(C(C(C(C(C(C(C(C(C(C(C(C
C1=Oc2ccc(cc2)Nc3ccc(cc3)C(=O)Nc4ccc(cc4)C(=O)Nc5c1c(cc5)Oc6cc(cc(c6)O)C(=O)N7C(=C(C(=O)N8C(=O)Nc9c1c(cc9)O,C1=NC(C(C(=O)N2C/C=C/C1O[C@@H]2[C@H]3C2=Nc4c(NCCO)cnc34[C@H](O)[C@@H]3O)c1cc(ccc1C3=CC=CC(F)=C3)C(=O)O)c1ccccc1O,C1=NC(C(=O)Nc2ccc(cc2)C(=O)O)c1c1ccc(cc1)C(=O)Nc1ccc(cc1)C(=O)Nc1ccc(cc1)C(=O)Nc1ccc(cc1)C(=O)Nc1ccc(cc1)C(=O)Nc1ccc,C1=NO[C@H]([C@H]1O)c1cc(-c2ccc(F)cc2)cc(O)c1O[C@H]([C@H]1)O[C@H]([C@H]1)Oc1c2c([nH]c3c(NCCO)n1)ncnc23C([C,C1=NO[C@H]([C@H](O)[C@H]1O)C1=NC(=O)N1C=CC(=O)N1C=O.C1=NC(=O)N1C=CC(=O)N1C=O.C1=NC(=O)N1C=CC(=O)N1C
C1=O[N]C[C@H]1[C@H](O[C@H]1[C@H]([C@H]([C@H]1C(=O)N[C@H]1[C@H]([C@H]([C@H]1C(=O)N[C@H]1[C@H]([C@H,C1=NO[C@H](NCC/C=C/[C@H]1O[C@@H]2C3=C(NCCO)Nc4c(NCCO)Nc4n32)[C@H](O)[C@@H]1O)c1cc(-c2ccc(F)cc2)cc(O)c1O,C1=NO[C@H](C(C(=O)Nc1c2ccc(cc2)C(=O)O)c1ccc(cc1)C(=O)O)c1ccc(cc1)C(=O)O)c1ccc(cc1)C(=O)O)c1ccc(cc1)O)c1ccc(cc1)C(=O)O)C,C1=NC(C(C(C(C(C1O)O)O)O)O)C2=C(C(N=C3C(NCCO)Nc4c3N(C(C(C(C4N)O)O)O)O)C5=C(C(N=C6C(NCCO)Nc7c6N(C(C(C(C7N)O),C1=O[NH]C/C=C/C1[C@H]1O[C@@H](n2cnc3c(NCCO)ncnc32)[C@H](O)[C@@H]1O)c1cc(-c2ccc(F)cc2)cc(O)c1O
C1=C(O)C2=C(C3=CC(O)C(O)C(O)C(O)C3)C(O)C(O)C(O)C(O)C2N1C(O)C(O)C(O)C(O)C2C3=CC(O)C(O)C(O)C(O)C3C2=NO[C@H,O=C1[C@@H](O[C@H]2C=NO[C@H]2C2=C(C3=CC(O)C(O)C(O)C3)C(O)C(O)C(O)C2)c2ncnc3c2N1C(O)C(O)C(O)C(O)C3,C1=O[C@H]([C@H]2[C@H]([C@H]([C@H]([C@H]([C@H]([C@H]([C@H]([C@H]([C@H]([C@H]([C@H]([C@H]([C@H]([C,C1=O[C@@H](O[C@H]2C=NO[C@H]2C2=C(C3=CC(O)C(O)C(O)C(O)C3)C(O)C(O)C(O)C2)c2ncnc3c2N1C(O)C(O)C(O)C(O)C3,C1=O[C@H]([C@H]2[C@H]([C@H]([C@H]([C@H]([C@H]([C@H]([C@H]([C@H]([C@H]([C@H]([C@H]([C@H]([C@H]([C
C1=O[C@H](O[C@H]2C=NO[C@H]2C2=C(C3=CC(O)C(O)C(O)C(O)C(O)C3)C(O)C(O)C(O)C(O)C2)c2ncnc3c2N1C(O)C(O)C(O)C(O,C1=O[C@H]([O]C2=C([C@H]([C@H]2[C@H]2C(=O)N[C@H]2C(=O)C2=C(C3=CC(O)C(O)C(O)C(O)C3)C(O)C(O)C(O)C2)C2=C,C1=O[C@H]([C@H]2[C@H]([C@H]([C@H]([C@H]([C@H]([C@H]([C@H]([C@H]([C@H]([C@H]([C@H]([C@H]([C@H]([C,C1=O[C@H]1[C@H]2C(=O)N[C@H]2C2=C(C3=CC(C(C(C(C(C(C3)C)O)O)O)O)C(O)C(O)C(O)C3)C(O)C(O)C(O)C2)C2=Nc2nc3,C1=O[C@H]1[C@H]2C=NO[C@H]2C2=C(C3=CC(O)C(O)C(O)C(O)C3)C(O)C(O)C(O)C2)c2ncnc3c2N1C(O)C(O)C(O)C(O)C3
C1=NC(C(C(C(C(C1O[C@@H](N2C1=CC=CC=C1C2=O)C1=CC=C(C=C1)C1=CC=C(C=C1)O)C1=CC=C(C=C1)O)C1=CC=C(C=C1)O)C1=CC=C(C=C1,C1=NO[C@H](C(C(C1=O)C(C(=O)Nc1ccc(cc1)C(=O)N)C(=O)Nc1cnc(cc1N)C1CCOCC1)C1=CC=C(C=C1)F)C1=CC=C(C=C1)O,C1=ONC/C=C/C1O[C@H](N2C3=NC=NC(=O)N(C)C3)C2(C(O)C1)C1=CC=C(C=C1)C1=CC=CC=C1C1=CC=CC=C1O)C1=CC=CC=C1C1=CC=CC,C1=NC(C(C(C(C1O[C@H]2[C@@H]3[C@H](NCCO)N(C(NCCO)N3C2)C)O)C4=CC=CC=C4)C5=CC=CC=C5OC6=C(C=CC(=C6)O)C7=C(C=CC(=C,C1=O[NCC/C=C/C1OC1[C@H](n2cnc3c(NCCO)nncn32)[C@H](O)[C@H]1O)c1c(ccc1c2ccc(F)cc2)c1OC1=O
C1=O(NC/C=C/C1OC1C2C3=Nc4c(NCCO)n(c4Nc2c3N1C(C(=O)C1=O)C1=O)C1=O)C1=O)c1cc(ccc1C1=O)C1=O,C1=NC(=O)N(C(C(=C)C1)C2=CC=CC=C2)C3=NC4=C(N)N=CN=C4N3C5=CC=CC=C5O)C6=CC=CC=C6C7=CC=CC=C7C8=CC=CC=C8C9=CC=CC,C1=C[C@H]1O[C@H]2C=NO[C@H]2C2=C(C3=CC(O)C(O)C(O)C(O)C3)C(O)C(O)C(O)C2c2ncnc3c2N1C(O)C(O)C(O)C(O)C3,C1=O[NH]C(C(C(C1=O)C1=O)C1=O)C1=O[NH]C(C(C(C1=O)C1=O)C1=O)C1=O[NH]C(C(C(C1=O)C1=O)C1=O)C1=O[N,C1=NO[C@H](N[C@H]1C(=O)C1=CC(=O)N(C(C1=O)C(=O)N1C=O)C1=O)C1=CC(=O)N(C(C1=O)C(=O)N1C=O)C1=O)C1=CC
C1=NO[C@H](C(C(=O)Nc1ccc(cc1)C(=O)Nc1ccc(cc1)C(=O)Nc1ccc(cc1)C(=O)Nc1ccc(cc1)C(=O)Nc1ccc(cc1)C(=O)Nc1ccc(cc1)C(=O)N,C1=O[N]C/C=C/[C@H]1O[C@@H](n2cnc3c(NCCO)ncnc32)[C@H](O)[C@@H]1O)c1cc(-c2ccc(F)cc2)cc(O)c1O,C1=NC(C(C(C1=O)C(C(C(=O)N)C(C(C(=O)N)C(C(C(=O)N)C(C(C(=O)N)C(C(C(=O)N)C(C(C(=O)N)C(C(C(=O)N)C(C(C(=O)N)C(C(C(=O,C1=Oc2ccc(cc2)C(=O)Nc3ccc(cc3)C(=O)Nc4ccc(cc4)C(=O)Nc5c6ccccc6c(n5)c7c(cc(cc7)O)C(=O)Nc8ccc(cc8)C(=O)Nc9ccc(cc9)C(=,CC(=O)NCC/C=C/C1OC2C(NCCO)C3C(NCCO)C(NCCO)C32C1OC1C=CC=C1C1C=CC=C1OC1C=CC=C1OC1C=CC=C1OC1C=CC=C1OC1C=CC=C1OC1C=CC
C1=O[C@H](O[C@H]2C=NO[C@H]2C2=C(C3=CC(O)C(O)C(O)C(O)C3)C(O)C(O)C(O)C2)c2ncnc3c2N1C(O)C(O)C(O)C(O)C3,C1=O[C@H]([C@H]2C(=O)N[C@H]2C2=C(C3=CC(O)C(O)C(O)C(O)C3)C(O)C(O)C(O)C2)c2[nH]cnc3c2N1C(O)C(O)C(O)C(O),C1=O[C@H](O[C@H]2C=NO[C@H]2C2=C(C3=CC(O)C(O)C(O)C(O)C3)C(O)C(O)C(O)C2)c2ncnc3c2N1C(O)C(O)C(O)C(O)C3C1,O=C1[C@@H](O[C@H]2C=NO[C@H]2C2=C(C3=CC(O)C(O)C(O)C(O)C3)C(O)C(O)C(O)C2)c2ncnc3c2N1C(O)C(O)C(O)C(O)C3,C1(O)C(O)C(O)C(O)C1=O[C@@H]1[C@H]2C=NO[C@H]2C2=C(C3=CC(O)C(O)C(O)C(O)C(O)C3)C(O)C(O)C(O)C2)c2ncnc3c2N1C
C1=O[C@H](O[C@H]2C=NO[C@H]2C2=C(C3=CC(O)C(O)C(O)C(O)C3)C(O)C(O)C(O)C2)c2ncnc3c2N1C(O)C(O)C(O)C(O)C3,C1=O[C@H]([C@H]2[C@H]([C@H]([C@H]([C@H]([C@H]([C@H]([C@H]([C@H]([C@H]([C@H]([C@H]([C@H]([C@H]([C,O=C1[C@H](O[C@H]2C=NO[C@H]2C2=C(C3=CC(O)C(O)C(O)C3)C(O)C(O)C(O)C2)c2ncnc3c2N1C(O)C(O)C(O)C(O)C3,C1=O[C@H]1[C@H]2C(=O)N[C@H]2[C@H]2C(=O)N[C@H]2[C@H]2C2=C(C3=CC(O)C(O)C(O)C(O)C3)C2=C(C4=CC(O)C(O)C(O),C1(O)C2(O)C(O)C(O)C(O)C3=C(C4=CC(O)C(O)C(O)C(O)C4)C(O)C(O)C(O)C(O)C2C1=O[C@H](O[C@H]1C=NO[C@H]1C1=C(C2=
C1=NO[C@H](C(C(C(=O)Nc1c(N)cc2c(N)nc3c(N(C)C)c(N)cc3C(=O)O)c2C)C(=O)N1)C1=Oc2ccc(cc2)C3=C(C(=O)Nc1c(N)cc2c(N,C1=NC(C(C(=O)N(C(C(C(C(C(C(C(C(C(C(C(C(C(C(C(C(C(C(C(C(C(C(C(C(C(C(C(C(C(C(C(C(C(C(C(C(C(C(C(C(C(C(C(C(C(C(C(C(C(C(C(C(C(C(C(C(C(C(C(C(C(C(C(C(C(C(C(C(C(C,CC(=O)NCC/C=C/C1OC(C(O)C2C3C(NCCO)C4N(CCC4)C3N(C2)C1)C1C(C(O)C(O)C1)C2C3C(NCCO)C4N(CCC4)C3N(C2)C1C1C(C(O,O=C(NC/C=C/C1O[C@@H](n2cnc3c(NCCO)cnc32)[C@H](O)[C@@H]1O)c1cc(c(-c2ccc(F)cc2)cc(O)c1O)C,C1=NC(C(=O)Nc2c3c(NCCO)n(c3c2c1O)c1ccc(cc1)C(F)C(F)C(F)c1ccc(O)cc1O)c1ccc(cc1)C(O)O
C1=O[C@@H]([C@H]2[C@H]([C@H]([C@H]([C@H]([C@H]([C@H]([C@H]([C@H]([C@H]([C@H]([C@H]([C@H]([C@H]([C,C1=O[C@H]1[C@H]2C=NO[C@H]2C2=C(C3=CC(O)C(O)C(O)C(O)C3)C(O)C(O)C(O)C2c2ncnc3c2N1C(O)C(O)C(O)C(O)C3,C1=O[C@H]([C@H]2[C@H]([C@H]([C@H]([C@H]([C@H]([C@H]([C@H]([C@H]([C@H]([C@H]([C@H]([C@H]([C@H]([C,C1=O[C@H](O[C@H]2C=NO[C@H]2C2=C(C3=CC(O)C(O)C(O)C(O)C3)C(O)C(O)C(O)C2)c2ncnc3c2N1C(O)C(O)C(O)C(O)C3,C1=O[C@H](O[C@H]2C=NO[C@H]2C2=C(C3=CC(O)C(O)C(O)C(O)C3)C(O)C(O)C(O)C2)c2ncnc3c2N1C(O)C(O)C(O)C(O)C3
C1=CO[C@@H]1O[C@H]2C=NO[C@H]2C2=C(C3=CC(O)C(O)C(O)C(O)C3)C(O)C(O)C(O)C2)c2ncnc3c2N1C(O)C(O)C(O)C(O)C3,C1=O[C@H](O[C@H]2C=NO[C@H]2C2=C(C3=CC(O)C(O)C(O)C(O)C3)C(O)C(O)C(O)C2)c2ncnc3c2N1C(O)C(O)C(O)C(O)C3,C1=CC(=O)N1[C@H](O[C@H]2C=NO[C@H]2C2=C(C3=CC(O)C(O)C(O)C(O)C3)C(O)C(O)C(O)C2)c2ncnc3c2N1C(O)C(O)C(O)C(O),C1=O[C@H](O[C@H]2C=NO[C@H]2C2=C(C3=CC(O)C(O)C(O)C(O)C3)C(O)C(O)C(O)C2)c2ncnc3c2N1C(O)C(O)C(O)C(O)C3,C1=O[C@H]([C@H]2[C@H]([C@H]([C@H]([C@H]([C@H]([C@H]2[C@H]([C@H]([C@H]([C@H]([C@H]([C@H]([C@H]([C
C1=O[C@H]([C@H]2[C@H]([C@H]([C@H]([C@H]([C@H]([C@H]([C@H]([C@H]([C@H]([C@H]([C@H]([C@H]([C@H]([C,C1(O)C(O)C(O)C(O)C1=O[C@@H]1C(O)C(O)C(O)C(O)C1=C2N[C@H]2C1=NC2=C(C3=CC(O)C(O)C(O)C(O)C3)C(O)C(O)C(O)C2=C,C1=CO[C@H]1O[C@H]2C=NO[C@H]2C2=C(C3=CC(O)C(O)C(O)C(O)C3)C(O)C(O)C(O)C2C2=NC1=C2N1C(O)C(O)C(O)C(O)C3,C1(O)C(O)C(O)C(O)C(O)C1=O[C@H](O[C@H]2C=NO[C@H]2C2=C(C3=CC(O)C(O)C(O)C(O)C(O)C3)C(O)C(O)C(O)C(O)C2)c2ncnc,C1=O[C@H](O[C@H]2C=NO[C@H]2C2=C(C3=CC(O)C(O)C(O)C(O)C3)C(O)C(O)C(O)C2)c2ncnc3c2N1C(O)C(O)C(O)C(O)C3
C1[C@H](O[C@H]2C=NO[C@H]2C2=C(C3=CC(O)C(O)C(O)C(O)C3)C(O)C(O)C(O)C2)c2ncnc3c2N1C(O)C(O)C(O)C(O)C3,C1=C[C@H]1O[C@H]2C(=O)N[C@H]2C2=C(C3=CC(C(C(O)C(O)C(O)C3)C)C(O)C(O)C(O)C2)c2n2c3c2N1C(O)C(O)C(O)C(O)C,C1=O[C@H](O[C@H]2C=NO[C@H]2C2=C(C3=CC(O)C(O)C(O)C(O)C3)C(O)C(O)C(O)C2)c2ncnc3c2N1C(O)C(O)C(O)C(O)C3C,C1=O[C@H](O[C@H]2C=NO[C@H]2C2=C(C3=CC(O)C(O)C(O)C(O)C3)C(O)C(O)C(O)C(O)C2)c2ncnc3c2N1C(O)C(O)C(O)C(O)C3,C1=CO[C@H]1O[C@H]2C=NO[C@H]2C2=C(C3=CC(O)C(O)C(O)C(O)C3)C(O)C(O)C(O)C2)c2ncnc3c2N1C(O)C(O)C(O)C(O)C3
C1=O[C@H](O[C@H]2C=NO[C@H]2C2=C(C3=CC(O)C(O)C(O)C(O)C3)C(O)C(O)C(O)C2)c2ncnc3c2N1C(O)C(O)C(O)C(O)C3,C1=O[C@H]1O[C@H]2C=NO[C@H]2C2=C(C3=CC(O)C(O)C(O)C(O)C3)C(O)C(O)C(O)C2C2=CC(O)C(O)C(O)C(O)C2C2=C(C3=CC(O,C1=CO[C@H]1O[C@H]2C=NO[C@H]2C2=C(C3=CC(O)C(O)C(O)C(O)C3)C(O)C(O)C(O)C2C2=NC3=C2N1C(O)C(O)C(O)C(O)C3,C1=C(O)C(O)C(O)C(O)C1OC1=CC(=O)N1C(=O)C2=CC(=O)N2C1=CC(=O)N1C(=O)C2=CC(=O)N2C1=CC(=O)N1C(=O)C2=CC(=O),C1=CO[C@@H](O[C@H]2C=NO[C@H]2C2=C(C3=CC(O)C(O)C(O)C(O)C3)C(O)C(O)C(O)C2)c2ncnc3c2N1C(O)C(O)C(O)C(O)C3
O=C1[C@@H](O[C@H]2C=NO[C@H]2C2=C(C3=CC(O)C(O)C(O)C(O)C3)C(O)C(O)C(O)C2)c2ncnc3c2N1C(O)C(O)C(O)C(O)C3,C1C(=O)O[C@H]2C=NO[C@H]2C2=C(C3=CC(O)C(O)C(O)C(O)C3)C(O)C(O)C(O)C2)c2ncnc3c2N1C(O)C(O)C(O)C(O)C3,C1=O[C@H]([C@H]2[C@H]([C@H]([C@H]([C@H]([C@H]([C@H]([C@H]([C@H]([C@H]([C@H]([C@H]([C@H]([C@H]([C,C1C(O)C(O)C(O)C(O)C1OC1=O[C@H]2C=NO[C@H]2C2=C(C3=CC(O)C(O)C(O)C(O)C3)C(O)C(O)C(O)C2C2=C(C3=CC(O)C(O)C(O),C1=O[C@H](O[C@H]2C=NO[C@H]2C2=C(C3=CC(O)C(O)C(O)C(O)C3)C(O)C(O)C(O)C2)c2ncnc3c2N1C(O)C(O)C(O)C(O)C3C2=C
C1=O[C@H]([C@H]2[C@H]([C@H]([C@H]([C@H]([C@H]([C@H]([C@H]([C@H]([C@H]([C@H]([C@H]([C@H]([C@H]([C,C1=O[C@H]1O[C@H]1C(=O)N1[C@H]1C1=C(C2=CC(O)C(O)C(O)C(O)C3=C2)C(O)C(O)C(O)C2=C(C3=CC(O)C(O)C(O)C(O)C3)C,C1=O[C@H](O[C@H]2C=NO[C@H]2C2=C(C3=CC(O)C(O)C(O)C(O)C3)C(O)C(O)C(O)C2)c2ncnc3c2N1C(O)C(O)C(O)C(O)C3,C1=O[C@H]1[C@H]2C=NO[C@H]2C2=C(C3=CC(O)C(O)C(O)C(O)C3)C(O)C(O)C(O)C2[C@H]2C(=O)N1C(O)C(O)C(O)C(O)C3C,C1=O[C@H]1[C@H]2[C@H]3[C@H]4[C@H]5C(=O)N(C2=O)C1=NC(=O)N1[C@H]2C(=O)N(C3=O)C1=O[C@H]2C(=O)N(C3=
C1=O[C@H](O[C@H]2C=NO[C@H]2C2=C(C3=CC(O)C(O)C(O)C(O)C3)C(O)C(O)C(O)C2)c2ncnc3c2N1C(O)C(O)C(O)C(O)C3)C2,C1=O[C@H]1[C@H]2C=NO[C@H]2C2=C(C3=CC(O)C(O)C(O)C(O)C3)C(O)C(O)C(O)C2C2=NC1=C2N1C(O)C(O)C(O)C(O)C1,C1=O[C@H]([C@H]2[C@H]([C@H]([C@H]([C@H]([C@H]([C@H]([C@H]([C@H]([C@H]([C@H]([C@H]([C@H]([C@H]([C,C1=O[C@@H](O[C@H]2C=NO[C@H]2C2=C(C3=CC(O)C(O)C(O)C(O)C3)C(O)C(O)C(O)C2)c2ncnc3c2N1C(O)C(O)C(O)C(O)C3,C1=C(O)C(O)C(O)C(O)C(O)C1=O[C@H]1C(=O)N(C1)C2=C(C3=CC(O)C(O)C(O)C(O)C(O)C3)C(O)C(O)C(O)C(O)C2C1=O[C@H]
C1=O[C@H]1O[C@H]1C=NO[C@H]1C1=C(C2=CC(O)C(O)C(O)C(O)C3)C(O)C(O)C(O)C1C2=C(C3=CC(O)C(O)C(O)C(O)C3)C2=C(C,C1=C(C(=O)O)C1=O.C1(C(C(=O)O)C1=O)C1(C(C(=O)O)C1=O)C1(C(C(=O)O)C1=O)C1(C(C(=O)O)C1=O)C1(C(C(=O)O)C1,C1=O[C@H]1[C@H]2C=NO[C@H]2C2=C(C3=CC(O)C(O)C(O)C(O)C3)C(O)C(O)C(O)C2[C@H]2C=NC3=C2N1C(O)C(O)C(O)C(O)C,C1=O[C@H](O[C@H]2C=NO[C@H]2C2=C(C3=CC(O)C(O)C(O)C(O)C3)C(O)C(O)C(O)C2)c2ncnc3c2N1C(O)C(O)C(O)C(O)C3,C1=CO[C@H](O[C@H]2C=NO[C@H]2C2=C(C3=CC(O)C(O)C(O)C(O)C3)C(O)C(O)C(O)C2)c2ncnc3c2N1C(O)C(O)C(O)C(O)C3
C1=O[NH]C/C=C/C1[C]1[C@H](n2cnc3c(NCCO)ncnc32)[C@H](O)[C@@H]1O)c1cc(-c2ccc(F)cc2)cc(O)c1O,C1=O[NH]C/C=C/C1[C]1[C@H](O)[C@H]1O[C]1[C@@H]2[C@]3([C@H]([C@H]4[C@H]([C@H]([C@H]([C@H]([C@H]([C@H]5,C1CCC1C(=O)Nc1ccc(cc1)C(=O)Nc1ccc(cc1)C(=O)Nc1ccc(cc1)C(=O)Nc1ccc(cc1)C(=O)Nc1ccc(cc1)C(=O)Nc1ccc(cc1)C(=O)Nc1ccc(cc1,C1=O(NC/C=C/C1O[C@@H](n2cnc3c(NCCO)ncnc32)[C@H](O)[C@@H]1O)c1cc(-c2ccc(F)cc2)cc(O)c1O,O=C(NC/C=C/C1O[C@@H](n2cnc3c(NCCO)ncnc32)[C@H](O)[C@@H]1O)c1cc(-c2ccc(F)cc2)cc(O)c1O
C1=NO[C@H]([C@H](O)[C@H]1O)C1=NC2=C([C@H]([C@H](O)[C@H]1O)C1=C(O)C2=O)C1=C(C=CC(=O)N1)C1=CC(=O)N(C(C),C1=NO[C@@H](C(C(=O)Nc1c2c(cc3c(c(cc2)S(=O)(=O)N)C)C)C(=O)Nc1c2c(cc3c(c(cc2)S(=O)(=O)N)C)C)C(=O)Nc1c2c(cc,C1=NC(C(C(=O)N2C/C=C/C1O[C@H](C2=O)C3=NC4=C(NCCO)N(C(C4=O)C3=O)[C@H]1O)C1=CC=C(C=C1)C(F)C1=CC=CC=C1)C1=CO,C1OC(=O)NCC/C=C/C1[C@H]1O[C@@H]1n2cnc3c(NCCO)cnc32[C@H](O)[C@@H]1Oc1cc(cc1-c2ccc(F)cc2)c1cc(O)c(O)c1,C1=NC(C(C(=O)O)C1=O)C1=O[C@H]1O[C@@H](N2C=NC3=C(NCCO)N=NC23)C1=O[C@H]1O)C1=Oc2ccccc2C(=O)c1ccccc1Oc1ccc(F)
C1=O[C@H]([C@H]2[C@H]([C@H]([C@H]([C@H]([C@H]([C@H]([C@H]([C@H]([C@H]([C@H]([C@H]([C@H]([C@H]([C,C1=O[C@H](O[C@H]2C=NO[C@H]2C2=C(C3=CC(O)C(O)C(O)C(O)C3)C(O)C(O)C(O)C2)c2ncnc3c2N1C(O)C(O)C(O)C(O)C3,C1=O[C@H]1[C@H](O[C@H]2C=NO[C@H]2C2=C(C3=CC(O)C(O)C(O)C(O)C3)C(O)C(O)C(O)C2)c2ncnc3c2N1C(O)C(O)C(O)C(O),C1=O[C@@H]([C@H]2[C@H]([C@H]([C@H]([C@H]([C@H]([C@H]2[C@H]([C@H]([C@H]([C@H]([C@H]2[C@H]([C@H]([C,C1C(=O)C2[C@H](O[C@H]3C=NO[C@H]3C3=C(C4=CC(O)C(O)C(O)C(O)C4)C(O)C(O)C(O)C4)C(O)C(O)C(O)C3)c3ncnc4c3N1C
C1=O[C@H](O[C@H]2C=NO[C@H]2C2=C(C3=CC(O)C(O)C(O)C(O)C3)C(O)C(O)C(O)C2)c2ncnc3c2N1C(O)C(O)C(O)C(O)C3,C1=O[C@H](O[C@H]2C=NO[C@H]2C2=C(C3=CC(O)C(O)C(O)C(O)C3)C(O)C(O)C(O)C2)c2ncnc3c2N1C(O)C(O)C(O)C(O)C3,C1=O[C@@H]1[C@H]2C=NO[C@H]2C2=C(C3=CC(O)C(O)C(O)C(O)C3)C(O)C(O)C(O)C2)c2ncnc3c2N1C(O)C(O)C(O)C(O)C3,C1=O[C@H](O[C@H]2C=NO[C@H]2C2=C(C3=CC(O)C(O)C(O)C(O)C3)C(O)C(O)C(O)C2)c2ncnc3c2N1C(O)C(O)C(O)C(O)C3,C1CC1C(=O)C1(C(=O)C2=C(C3=CC(C(C(=O)C(O)C(O)C(O)C3)C(O)C(O)C(O)C3)C2)C(O)C(O)C(O)C3)C1N1C(=O)C1(C(=O)C
C1=O[C@@H]1[C@H]2C(=O)N[C@H]2C2=C(C3=CC(O)C(O)C(O)C(O)C3)C(O)C(O)C(O)C2C2=NC3=NC2=C(C4=CC(O)C(O)C(O)C(O),C1=C(C(C(=O)O)C2=C(C(=O)O)C(=O)C(O)C(O)C(O)C2)C(=O)O)C(=O)O)C(=O)O)C(=O)O)C(=O)O)C(=O)O)C(=O)O)C(=O,O=C1[C@H](O[C@H]2C=NO[C@H]2C2=C(C3=CC(O)C(O)C(O)C(O)C3)C(O)C(O)C(O)C2)c2ncnc3c2N1C(O)C(O)C(O)C(O)C3,C1=C(C(=O)O)C2=C(C(=O)O)C3=CC(C(=O)O)C(O)C(O)C(O)C3C1[C@H](O)C1=C(C(=O)O)C2=C(C(=O)O)C3=C(C(=O)O)C(O)C(O),C1=O[C@H](O[C@H]2C=NO[C@H]2C2=C(C3=CC(O)C(O)C(O)C(O)C3)C(O)C(O)C(O)C2)c2ncnc3c2N1C(O)C(O)C(O)C(O)C3C2=C
C1=O[C@H]1[C@@H]1[C@H](O[C@H]2C=NO[C@H]2C2=C(C3=CC(O)C(O)C(O)C(O)C3)C(O)C(O)C(O)C2)c2ncnc3c2N1C(O)C(O)C,C1=O[C@H](O[C@H]2C=NO[C@H]2C2=C(C3=CC(O)C(O)C(O)C(O)C3)C(O)C(O)C(O)C2)c2ncnc3c2N1C(O)C(O)C(O)C(O)C3,C1CC1,C1=O[C@H]([O]C2[C@H]([O]C(=O)N[C@H]2C2=C(C3=CC(O)C(O)C(O)C(O)C3)C(O)C(O)C(O)C2)C2=C(C3=CC(O)C(O)C(O)C(O,C1=O[C@@H]([C@H]2C=NO[C@H]2C2=C(C3=CC(O)C(O)C(O)C(O)C3)C(O)C(O)C(O)C2)c2ncnc3c2N1C(O)C(O)C(O)C(O)C3
C1=NC(C(C1=O)C1CC(C(C1=O)C1CC(C(C1=O)C1CC(C(C1=O)C1CC(C(C1=O)C1CC(C(C1=O)C1CC(C(C1=O)C1CC(C(C1=O)C1CC(C(C1=,C1=Oc2ccc(cc2)C(=O)Nc3c(ccc3N)C(=O)N4C5CCC4C(=O)N5c6c(ccc6O)N7C(=O)N(C(C(C(N(C(C(C(N(C(C(C(N(C(C(C(N(C(C(C(N(C(C(C(C(N(C,C1=O[NH]C/C=C/C1[C@H]1O[C@@H](n2cnc3c(NCCO)n3c2)[C@H](O)[C@@H]1O)c1cc(-c2ccc(F)cc2)cc(O)c1O,C1=NC(=O)C(C(C(=O)N1)C1=CC=CC=C1)C1=CC=CC=C1C1=C(C(=O)N(C(C(=O)N1)C1=CC=CC=C1)C1=CC=CC=C1)C1=CC=CC=C1C1=C(C(=,C1=O(NC/C=C/C1OC1C2C3=Nc4c(NCCO)c5c(NC4)nc3c2C(C(C(O)C1=O)c1ccc(cc1)C(F)C1=CC=CC=C1)C(O)C1=CC=CC=C1)C1=CC=CC=C
C1=O[C@H](NCC/C=C/C1=C/C1C2=C(C(=O)N3C(C(C(C(C3)O)C2=O)C)C)C1=C(C=C(C=C1)F)C1=CC=C(C=C1)O)C1=C(C=C(C=C1)O)C1=,C1=NO[C@H](NCC1=C/C=C/C1O[C@H](N2C=NC3=C(NCCO)N=CN=C3C2)C(O)C1=O)C1=Oc2ccc(F)cc2C1=O,C1=O[NH]C/C=C/[C@H]1O[C@@H](n2cnc3c(NCCO)ncnc32)[C@H](O)[C@@H]1O)c1cc(-c2ccc(F)cc2)cc(O)c1O,C1=ONC/C=C/C1Oc1c2c(NCCO)c3c(NCCO)cnc23[C@H]1OC[C@@H]1Oc1ccc(cc1)c1ccc(cc1)C(F)C1=CO,C1=NC(C/C=C/[C@H]1O[C@H]1O[C@H]1O[C@H]1O)c1c2ccc(F)cc2c1Oc1ccc(cc1)Oc1ccc(cc1)Oc1ccc(cc1)Oc1ccc(cc1)O
C1=O[C@H](O[C@H]2C=NO[C@H]2C2=C(C3=CC(O)C(O)C(O)C(O)C3)C(O)C(O)C(O)C2)c2ncnc3c2N1C(O)C(O)C(O)C(O)C3,C1=O[C@H]([C@H]2[C@H]([C@H]([C@H]([C@H]([C@H]([C@H]([C@H]([C@H]([C@H]([C@H]([C@H]([C@H]([C@H]([C,C1=O[C@@H]1[C@H]2C=NO[C@H]2C2=C(C3=CC(O)C(O)C(O)C(O)C3)C(O)C(O)C(O)C2C2=NC2=NC3=C2N1C(O)C(O)C(O)C(O)C3,C1=O[C@H]([O]C2=C(C3=CC(O)C(O)C(O)C(O)C3)C(O)C(O)C(O)C2)[C@H]2C=NO[C@H]2C2=C(C3=CC(O)C(O)C(O)C(O)C3)C(O,C1=CC2=C(C(=O)O)C(=O)O1[C@H]1[C@H](O[C@H]2C=NO[C@H]2C2=C(C3=CC(O)C(O)C(O)C(O)C3)C(O)C(O)C(O)C2)c2ncnc3c2
C1=NO[C@H](C(C(=O)Nc2c3c(O)c(cc3c2N)N)C1(C)c1ccc(cc1)C(=O)O)c1ccc(cc1)C(F)C(=O)O)c1ccc(cc1)O)c1ccc(cc1)O,C1=NC[C@H]1C2=NC3=C(NCCO)N=CN=C3N2[C@H](O)C4=C(C=C(C=C4)C(C(C(C(C(C(C(C(C(C(C(C(C(C(C(C(C(C(C(C(C(C(C(C(C(C(C(C(C(C(C(C(C(C(C(C(C(C(C,C1=NC[C@H](C1=O)C[C@H](O)C1=NC2=C(NC(C(C3=NC=CC(=O)N3)C(C4=NC=CC(=O)N4)C(C5=NC=CC(=O)N5)C(C6=NC=CC(=O)N6),C1=NC(C(C(C(C(C(C(C(C(C(C(C(C(C(C(C(C(C(C(C(C(C(C(C(C(C(C(C(C(C(C(C(C(C(C(C(C(C(C(C(C(C(C(C(C(C(C(C(C(C(C(C(C(C(C(C(C(C(C(C(C(C(C(C(C(C(C(C(C(C(C(C(C(C(C(C(C,C1=O[NH]C/C=C/[C@H]1O[C@@H](n2cnc3c(NCCO)ncnc32)[C@H](O)[C@@H]1O)c1cc(-c2ccc(F)cc2)cc(O)c1O
C1(O)C2(C(=O)O)C(=O)O[C@H]1[C@H](O)C1=C(C(=O)O)C(=O)O[C@H]1[C@H]2C(=O)O[C@H]1[C@H]2C(=O)O[C@H]1[C@H,C1=O[C@@H]1O[C@H]2C=NO[C@H]2C2=C(C3=CC(O)C(O)C(O)C(O)C3)C(O)C(O)C(O)C2)c2ncnc3c2N1C(O)C(O)C(O)C(O)C3,C1[C@@H](O[C@H]2C=NO[C@H]2C2=C(C3=CC(O)C(O)C(O)C(O)C3)C(O)C(O)C(O)C2)c2ncnc3c2N1C(O)C(O)C(O)C(O)C3,C1=O[C@H](O[C@H]2C=NO[C@H]2C2=C(C3=CC(O)C(O)C(O)C(O)C3)C(O)C(O)C(O)C2)c2ncnc3c2N1C(O)C(O)C(O)C(O)C3,C1=C(C(=O)O)C2=C(C(=O)O)C(=O)O[C@H]3C(=O)N(C(C(=O)O)C(=O)O)C(=O)O[C@H]4C(=O)N(C(C(=O)O)C(=O)O)C(=O)O[C
C1=NO[C@H](C(C(=O)O)C1=O)C1=CC(=O)N1C(=O)N2C=C3C(=O)N(C(C(=O)N3C(=O)N2C(=O)N1C(=O)N2)C)C)C(=O)N1C,O=C(NC/C=C/[CH]1O[C@H](n2cnc3c(NCCO)ncnc32)[CH](O)[C@H]1O)c1cc(-c2ccc(F)cc2)cc(O)c1O,C1=O(NC/C=C/C1CC1/C2=C/C3=C/N(CCCO)C4=C5C(NCCO)N(C5=C3)C2=O)C6=C7C8=C(C(NCCO)C9=C7C(C8=C6)O)C9C(C(C(C(C(C(C(C(C(C(C,C1=NC(C(C1=O)C2=C(C(C2=O)C3=O)N4C=CC(=O)N(C(C4=O)C5=C(C(C5=O)C6=C(C(C6=O)C7=C(C(C7=O)C8=C(C(C8=O)C9=C(C(C,C1=O[NH]C/C=C/[C@H]1O[C@@H](n2cnc3c(NCCO)ncnc32)[C@H](O)[C@@H]1O)c1cc(-c2ccc(F)cc2)cc(O)c1O
C1=O[C@H]([C@H]2[C@H]([C@H]([C@H]([C@H]([C@H]([C@H]([C@H]([C@H]([C@H]([C@H]([C@H]([C@H]([C@H]([C,C1=O[C@@H]1[C@H]2[C@H](O[C@H]3C=NO[C@H]3C3=C(C4=CC(O)C(O)C(O)C(O)C4)C(O)C(O)C(O)C3)C2=C1c1nc2c3c1N2C,C1=CC(=O)O[C@H]1[C@H]2C=NO[C@H]2C2=C(C3=CC(O)C(O)C(O)C(O)C3)C(O)C(O)C(O)C2c2ncnc3c2N1C(O)C(O)C(O)C(O)C,C1=O[C@H](O[C@H]2C=NO[C@H]2C2=C(C3=CC(O)C(O)C(O)C(O)C3)C(O)C(O)C(O)C2)c2ncnc3c2N1C(O)C(O)C(O)C(O)C3,C1=O[C@H]1[C@H]2C(=O)N[C@H]2C2=C(C3=CC(C(C(O)C(O)C(O)C(O)C3)C)C(O)C(O)C(O)C2)C(O)C(O)C(O)C2)C2=Nc1nc3
C1=O[N]C/C=C/C1O[C@H](n2cnc3c(NCCO)n3c2nc3c(NCCO)n2c3n2cnc3C(O)[C@H]1O)c1c(ccc1c2ccc(F)c2)c1c1c(O)c1O,C1=NC(=O)Nc2ccc(cc2)C(=O)N3C(=C(C(=O)Nc4cnc5c(N(C)C)nc(n4)C5)C6=CC=CC=C6)C(=O)N(C)C(=O)Nc7c1cc(cc7)C(=O)N,C1=O(NCC1=C/C1C2O[C@H](N3C=CC(=O)N(C)C(C3)C2)C(O)C1)C1=CC=C(C=C1)C1=C(C=CC=C1)C1=CC(=O)C=C1O,C1=NO[C@H](Nc2c3c(NCCO)nccn3c2c1C(O)c1ccc(cc1)C(=O)O)c1ccc(cc1)C(=O)Oc1ccc(cc1)F,C1=NC/C=C/C1OC2C(N)C3=C(N)C(=O)N(C(C4=CC=CC=C4)C5=C(C(=O)N(C(C6=C(C(=O)N(C(C7=C(C(=O)N(C(C8=C(C(=O)N(C(C9=C(C(=O)N(C(C1
C1=O[C@@H]1[C@H]2C=NO[C@H]2C2=C(C3=CC(O)C(O)C(O)C(O)C3)C(O)C(O)C(O)C2)c2ncnc3c2N1C(O)C(O)C(O)C(O)C3,C1=O[C@@H]([C@H]2[C@H]([C@H]([C@H]([C@H]([C@H]([C@H]2[C@H]([C@H]([C@H]([C@H]([C@H]2[C@H]([C@H]([C,C1=O[C@H]([C@H]2[C@H]([C@H]([C@H]([C@H]([C@H]([C@H]([C@H]([C@H]([C@H]([C@H]([C@H]([C@H]([C@H]([C,C1(O)C(O)C(O)C(O)C1=C1C(=O)N(C2=C(C3=CC(O)C(O)C(O)C(O)C3)C(O)C(O)C(O)C2)C(=O)O1C(=O)N1C(=O)N(C2=C(C3=CC(O,C1CC1
C1=O[C@H]1[C@H]2C(=O)N[C@H]2C2=C(C3=CC(C(C(O)C(O)C(O)C(O)C3)C(O))C(O)C(O)C(O)C2)C2=NC(=O)N3C2=CC(=O)N(C,O=C1[C@@H](O[C@H]2C=NO[C@H]2C2=C(C3=CC(O)C(O)C(O)C(O)C3)C(O)C(O)C(O)C2)c2ncnc3c2N1C(O)C(O)C(O)C(O)C3,C1=O[C@H]([C@H]2[C@H]([C@H]([C@H]([C@H]([C@H]([C@H]([C@H]([C@H]([C@H]([C@H]([C@H]([C@H]([C@H]([C,C1=O[C@H]1[C@@H](O[C@H]2C=NO[C@H]2C2=C(C3=CC(O)C(O)C(O)C(O)C3)C(O)C(O)C(O)C2)c2ncnc3c2N1C(O)C(O)C(O)C(O),C1C(C(=O)O)C(C(=O)O)C1(C(=O)O)C1(C(=O)O)C(C(=O)O)C1(C(=O)O)C(C(=O)O)C1(C(=O)O)C(C(=O)O)C1(C(=O)O)C(C(=
C1=O[C@H]1[C@H](O[C@H]2C=NO[C@H]2C2=C(C3=CC(O)C(O)C(O)C(O)C3)C(O)C(O)C(O)C2)c2ncnc3c2N1C(O)C(O)C(O)C(O),C1=O[C@H]([C@H]2C(=O)N[C@H]2C2=C(C3=CC(C(C(C(C(C3)O)O)O)O)C3)C(C(C(C(C3)O)O)O)C2)C2=Nc2nc3c2N1C(C(O),C1=CO[C@H]1[C@H]2C=NO[C@H]2C2=C(C3=CC(O)C(O)C(O)C(O)C3)C(O)C(O)C(O)C2[C@H]2C(=O)N1C2=NC3=C2N(C(=O)C(O),C1=O[C@H]([C@H]2[C@H]([C@H]([C@H]([C@H]([C@H]([C@H]([C@H]([C@H]([C@H]([C@H]([C@H]([C@H]([C@H]([C,C1=O[C@@H]([C@H]2[C@H]([C@H]([C@H]([C@H]([C@H]([C@H]([C@H]([C@H]([C@H]([C@H]([C@H]([C@H]([C@H]([C
C1=O[C@H]([C@H]2[C@H]([C@H]([C@H]([C@H]([C@H]([C@H]([C@H]([C@H]([C@H]([C@H]([C@H]([C@H]([C@H]([C,C1=O[C@H]([C@H]2[C@H]([C@H]([C@H]([C@H]([C@H]([C@H]([C@H]([C@H]([C@H]([C@H]([C@H]([C@H]([C@H]([C,C1=O[C@@H]1[C@H]2C=NO[C@H]2C2=C(C3=CC(O)C(O)C(O)C(O)C3)C(O)C(O)C(O)C2)C2=C(C3=CC(O)C(O)C(O)C(O)C3)C(O)C,C1=CO[C@H]1[C@@H](O[C@H]2C=NO[C@H]2C2=C(C3=CC(O)C(O)C(O)C(O)C3)C(O)C(O)C(O)C2)c2ncnc3c2N1C(O)C(O)C(O)C(O),C1=O[C@H]([C@H]2[C@H]([C@H]([C@H]([C@H]([C@H]2[C@H]([C@H]([C@H]([C@H]([C@H]([C@H]([C@H]([C@H]([C
C1=NO[C@H]([C@H]2C(=O)N(C(C=C)C1)C2c1ccc(cc1)C(=O)Nc2ccc(cc2)C(=O)Nc1ccc(cc1)C(=O)Nc2ccc(cc2)C(=O)N)C(=O)Nc1,C1=Oc2ccccc2Nc3c(Nc4ccc(cc4)O)ncn3[C@H]1O[C@H]2C(=O)Nc3ccc(cc3)C(=O)Oc1ccc(cc1)C(=O)Nc2ccc(cc2)O,C1=NO[C@H](C2=CC(=O)Nc3c(NCCO)nc4c(NCCO)nc34)C(O)C1=Oc1ccc(cc1)[C@H]1OC(C)c2ccc(F)c(C)c2C1=O,O=C(NC/C=C/C1O[C@H](n2cnc3c(NCCO)ncnc32)C(O)[C@H]1O)c1cc(-c2ccc(F)cc2)cc(O)c1O,C1=NO[C@H](NCC1=CC=CC2=CC=CC(C(F)=C2)C(O)=O)C1=CC(=O)N1C=CC(=O)N1C=CC(=O)N1C=CC(=O)N1C=CC(=O)N1C=CC(=O)N1
C1=ONC/C=C/C1[C@H]1[C@@H]2c3c(NCCO)n(c3c2)C(O)[C@H]1Oc1cc(ccc1c2ccc(F)cc2)cc1OC1=O,C1=O[NH]C[C@H](C=C[C@H](O[C@H](n2cnc3c(NCCO)nccn32)C(O)[C@H]1O)C1=O)c1cc(C(-c2ccc(F)cc2)cc(O)c1O)C1=O,C1=O[NH]C/C=C/C1O[C@H]2[C@@H]3[C@H]4Nc1cnc(NCCO)n5c1c(NCCO)n6c1c(NCCO)n3c5c4[C@H]2O)c1c(ccc(F)c2)c1c(O)c1O,C1=NC(C(C(C(C(C(C1O)c2ccc(cc2)C(F)C(F))C1O)c1ccc(cc1)C1O)c1ccc(cc1)C1O)c1ccc(cc1)C1Oc2cnc3c(NCCO)cncn3c2C1O)C(O)C1O,C1=O[NH]C/C=C/C1[C@H]1[C@]2(C3=C(NCCO)C4=C(NCCO)N4C3)C(O)[C@H]1O)C1=CC=C(C2=C(C=CC=C2)C(F)C(C=CC=C2)C(F)C2=C
C1=O[C@H](O[C@H]2C=NO[C@H]2C2=C(C3=CC(O)C(O)C(O)C(O)C3)C(O)C(O)C(O)C2)c2ncnc3c2N1C(O)C(O)C(O)C(O)C3,C1=O[C@H](O[C@H]2C=NO[C@H]2C2=C(C3=CC(O)C(O)C(O)C(O)C3)C(O)C(O)C(O)C2)c2ncnc3c2N1C(O)C(O)C(O)C(O)C3,C1=C(O)C(O)C(O)C(O)C1=C1C2=CC(O)C(O)C(O)C(O)C2=C1C1=CC(O)C(O)C(O)C(O)C1=C1C2=CC(O)C(O)C(O)C(O)C2=C1C1=CC(O,C1=O[C@H]([C@H]2[C@H]([C@H]([C@H]([C@H]([C@H]([C@H]([C@H]([C@H]([C@H]([C@H]([C@H]([C@H]([C@H]([C,C1=O[C@H]1[C@H]2C=NO[C@H]2C2=C(C3=CC(O)C(O)C(O)C(O)C3)C(O)C(O)C(O)C2C2=NC1=C(N)C(O)C(O)C(O)C1C2
C1=NO[C@H](C(C(=O)Nc2cnc3c(NCCO)nncn32)C(O))C(O)[C@H]1Oc1c(ccc1c2ccc(F)cc2)c1OC1=Oc2ccc(cc2)c1O,C1=O[N]C/C=C/[C@H]1O[C@@H](n2cnc3c(NCCO)ncnc32)[C@H](O)[C@@H]1O)c1cc(-c2ccc(F)cc2)cc(O)c1O,C1=NO[C@H]([C@H]1O[C@@H]2c3c(NCCO)nnc3c2n4c5c(NCCO)nnc5c4n6c7c(NCCO)nnc7c6O)c1cc(ccc1C(F)C(F)C(F))c1ccc(cc1)O,C1=O[NH]C/C=C/C1[C@H]1O[C@@H]2[C@H]3[C@H]4[C@H]5[C@H]6[C@H]7[C@H]8[C@H]9[C@H]10[C@H]11[C@H]12[C@H]13[C@,C1=O[NH]C/C=C/[C@H]1O[C@@H](n2cnc3c(NCCO)ncnc32)[C@H](O)[C@@H]1O)c1cc(-c2ccc(F)cc2)cc(O)c1O
O=C(NC/C=C/C1O[C@H](n2cnc3c(NCCO)ncnc32)C(O)[C@H]1O)c1cc(-c2ccc(F)cc2)cc(O)c1O,C1=ONC/C=C/C1OC1[C@H](n2cnc3c(NCCO)nccnc32)C(O)[C@H]1O)c1cc(-c2ccc(F)cc2)cc(O)c1O,C1=NC/C=C/C1O[C@H](n2cnc3c(NCCO)ncnc32)C(O)[C@H]1Oc1cc(-c2ccc(F)cc2)cc1Oc1ccccc1O,C1=O[NH]C/C=C/C1[C@H]1[C@H](n2cnc3c(NCCO)nncn32)C(O)[C@H]1O)c1cc(-c2ccc(F)cc2)cc(O)c1O,C1=ONC/C=C/C1OC1C2C3C(=O)N(CCC3)C4=C(NCCO)C5=C(NCC5)C3C(NCC3)C2OC1C(C(C)C)C(O)C1C(C(F)C2=CC=CC=C2)C3=CC=CC=C
C1=C[C@H](O[C@H]2C=NO[C@H]2C2=C(C3=CC(O)C(O)C(O)C(O)C3)C(O)C(O)C(O)C2)C2=C(C3=CC(O)C(O)C(O)C(O)C3)C(O)C(O,C1=O[C@H]([C@H]2[C@H]([C@H]([C@H]([C@H]([C@H]([C@H]2C=NO[C@H]2C2=C(C3=CC(O)C(O)C(O)C(O)C3)C(O)C(O)C,C1=O[C@@H]1[C@H]2C=NO[C@H]2C2=C(C3=CC(O)C(O)C(O)C(O)C3)C(O)C(O)C(O)C2)c2ncnc3c2N1C(O)C(O)C(O)C(O)C3,C1=O[C@H](O[C@H]2C=NO[C@H]2C2=C(C3=CC(O)C(O)C(O)C(O)C3)C(O)C(O)C(O)C2)c2ncnc3c2N1C(O)C(O)C(O)C(O)C3,C1=O[C@H]([C@H]2[C@H]([C@H]([C@H]([C@H]([C@H]([C@H]([C@H]([C@H]([C@H]([C@H]([C@H]([C@H]([C@H]([C
O=C(NC/C=C/C1O[C@H](n2cnc3c(NCCO)ncnc32)C(O)[C@H]1O)c1cc(-c2ccc(F)cc2)cc(O)c1O,C1=NO[C@H]([C@H]1O)c1cc(ccc1O)c1ccc(cc1)C(=O)Nc1ccc(cc1)C(=O)Nc1ccc(cc1)C(=O)Nc1ccc(cc1)C(=O)Nc1ccc(cc1)C(=O)Nc1ccc,C1=NO[C@H]([C@H]2[C@H]3[C@H]([C@H]([C@H]([C@H]([C@H]([C@H]([C@H]([C@H]([C@H]([C@H]([C@H]([C@H]([C,C1=O[N]C[C]C1[C]C1=O[N]C[C]C1[C@H]1N2C3=C(NCCO)C2=C3N2=C3C(NCCO)C2=C3N2=C3C1[C@H]1O[C]C1=C(O)C2=C(C3=C,C1=O[NH]C/C=C/C1[C@H](n2cnc3c(NCCO)ncnc32)C(O)[C@H]1O)c1cc(-c2ccc(F)cc2)cc(O)c1O
C1=O[C@H](O[C@H]2C=NO[C@H]2C2=C(C3=CC(O)C(O)C(O)C(O)C3)C(O)C(O)C(O)C2)c2ncnc3c2N1C(O)C(O)C(O)C(O)C3,C1=O[C@H]1[C@H]2C(=O)N[C@H]2C2=C(C3=CC(C(C(C(C(C3)C)C)C)C)C(O)C(O)C(O)C(O)C3)C(O)C(O)C(O)C2)c2n1c2c3,C1=O[C@@H](O[C@H]2C=NO[C@H]2C2=C(C3=CC(O)C(O)C(O)C(O)C3)C(O)C(O)C(O)C2)c2ncnc3c2N1C(O)C(O)C(O)C(O)C3,C1=O[C@H](O[C@H]2C=NO[C@H]2C2=C(C3=CC(O)C(O)C(O)C(O)C3)C(O)C(O)C(O)C2)c2ncnc3c2N1C(O)C(O)C(O)C(O)C3,C1CC1
C1=O[NH]C/C=C/C1[C@H]1[C@H](n2cnc3c(NCCO)n(C)cnc32)C(O)[C@H]1O)c1cc(-c2ccc(F)cc2)cc(O)c1O,C1=O[N]C/C=C/C1[C@H](n2c[nH]c3c(NCCO)n[nH]c32)C(O)[C@H]1O)c1c(cc(-c2c(cc(F)c(c2)c1)c1c(O)cc1)c1c(O)O,C1=O[NH]C/C=C/C1OC1[C@H]C2C3C(NCCO)N(CCO)N3C2C(O)C1C(O)C1C2=CC=CC=C2C1C(O)C1=CC=CC=C2C1C(F)C(F)C2=CC=CC,C1=O[NH]C/C=C/C1OC1[C@H]([n]2c[nH]3c(NCCO)n[nH]c32)C(O)[C@H]1OC1c1ccc(cc1)-c2ccc(F)cc2OC1c1c(O)cc(O)c1,C1=O[N]C[C]C1[C]C1O[C]([C]2[C@]([C]3[C@]([C]([C]([C]([C]([C]([C]([C]([C]([C]([C]([C]([C]([C]([C]([C]([C]
C1=CO[C@H](O[C@H]2C=NO[C@H]2C2=C(C3=CC(O)C(O)C(O)C(O)C3)C(O)C(O)C(O)C2)c2ncnc3c2N1C(O)C(O)C(O)C(O)C3,C1=O[C@H]([C@H]2[C@H]([C@H]([C@H]([C@H]([C@H]([C@H]([C@H]([C@H]([C@H]([C@H]([C@H]([C@H]([C@H]([C,C1=NC(C(C(C1O)C2=CC=CC=C2)C3=NC(C(C(N3)C4=CC=CC=C4)O)C5=CC=CC=C5)C6=CC=CC=C6C7=NC(C(C(N7)C8=CC=CC=C8)O)C9=CC,C1=NC(C(C(C1=O)C2=CC(=O)N3C(C(C(NC3=O)C4=CC(=O)N5C(C(C(NC5=O)C6=CC(=O)N7C(C(C(NC7=O)C8=CC(=O)N9C(C(C(NC9,O=C1[C@@H](O[C@H]2C=NO[C@H]2C2=C(C3=CC(O)C(O)C(O)C3)C(O)C(O)C(O)C2)c2ncnc3c2N1C(O)C(O)C(O)C(O)C3
C1=NO[C@H]2C3=NC(NCCO)Nc4c3N(CCO)Nc4n2C(C(O)C1=O)c1cc(C(C(=O)O)C(O)c1)c1ccc(F)cc1C(O)C1=O,C1=NO[C@H](NCC1=CC1=C(C(=O)C1OC(C(C(O)C1)C1=CC=CC=C1)C1=CC=CC=C1)C1=CC=CC=C1)C1=CC=CC=C1C1=CC=CC=C1C1=CC=CC=C1,C1=Oc2ccccc2Nc3c(Nc4c(N(C(C(=O)O)C)C)C)nc(Nc5ccc(cc5)C(=O)O)nc34)C(=O)Oc1c1ccccc1OC(=O)c1ccc(F)cc1C(=O)Oc1ccccc1,C1=NO[C@H](C(C(=O)Nc1ccc(cc1)C(=O)O)C1OC(C1=O)C(C(=O)Nc1ccc(cc1)C(=O)O)C1OC(C1=O)C(C(=O)Nc1ccc(cc1)C(=O)O)C1,O=C(NC/C=C/C1O[C@H](n2cnc3c(NCCO)ncnc32)C(O)[C@H]1O)c1cc(-c2ccc(F)cc2)cc(O)c1O
C1=O[NH]C(C)C(C1)C1OC2=C(C(N)C(C1)C3=C(N)C(N)C4=C(N)C(N)C(N)C(N)C4C(C3)C2)C1OC2=C(C(N)C(C1)C3=C(N)C(N)C4=C,O=C(NC/C=C/C1O[C@H](n2cnc3c(NCCO)ncnc32)C(O)[C@H]1O)c1cc(-c2ccc(F)cc2)cc(O)c1O,C1=Oc2ccccc2Nc3c(Nc4ccc(cc4)C(O)C3)Nc5ccc(cc5)C(O)C1c6ccccc6Oc7ccccc7Oc8ccc(cc8)C(O)C9C(=O)Nc1ccccc1N9C(=O)Nc1,C1=O[N]C/C=C/C1[C]1[C@]([C]2=C[C]3=C([C]4=O[C@]([C]5[C]([C@H]([C]6=C([C]7=C([C]([C]([C]([C]([C]([C]([C]([C],C1=NO[C@H]([C@H]2[C@H]([C@H]([C@H]([C@H]([C@H]([C@H]2N)C(=O)N3C[C@H]4[C@H]([C@H]([C@H]([C@H]([C@
C1=O[NH]C/C=C/C1[C@H](n2cnc3c(NCCO)ncnc32)C(O)[C@H]1O)c1cc(-c2ccc(F)cc2)cc(O)c1O,C1=NC(C(C(C(=O)Nc2c(cc3c(c(N)cc3c2)N)C(=O)N)C(=O)O)C1)C(=O)O)c1ccc(cc1)C(=O)Oc1ccc(cc1)C(F)C(F)C(F),O=C(NC/C=C/C1O[C@H](n2cnc3c(NCCO)ncnc32)C(O)[C@H]1O)c1cc(-c2ccc(F)cc2)cc(O)c1O,C1=O[NH]C(C(C1=O)C2=C(C3=O)C4=C(C(N=C(C(C4=C(C3=C2)N)C5=O)C6=O)C7=C(C(C(C6=C(C5=C(C7=O)O)O)O)O)O)C8=O),C1=NO[C@H]([C@H](C(C(=O)NCC1=CC(=O)N2C3C=CC(=O)N(C(C(=O)N2C3=CC(=O)N)C(=O)O)C)C)C)C(=O)O)C(=O)O)C1=
C1c2ccc(C(F)c2ccc(C(F)c3ccc(C4NCC(O)C(O)C(O)C(O)C4O)cc3)cc1)cc1,Oc1ccc(C(F)c2ccc(C(F)c3ccc(C4N=C(O)C(O)C(O)C(O)C4C)cc3)cc2)cc1,C1CCC(C(F)C2=CC=CC(C(F)C3=CC=CC(C4N=CC(C(C(=O)C(O)C(O)C(O)C4)C)C)C=C3)C2)C=C1,C1c2ccc(cc2OC(F)C(F)C3ccc(cc3)C4NCC(C(O)C(O)C(O)C(O)C4)O)cc1,C1=CC=CC=C1C(F)C2=CC=CC=C2C(F)C3=CC=CC=C3C4N=CC(C(C(O)C(O)C(O)C(O)C4)O)C1
C1CC(=NC(C2=C(C(C(C(C(C(C(C(C(C(C(C(C(C(C(C(C(C(C(C(C(C(C(C(C(C(C(C(C(C(C(C(C(C(C(C(C(C(C(C(C(C(C(C(C(C(C(C(C(C(C(C(C(C(C(C(C(C(C(C(C(C(C(C(C(C(C(C(C(C(C(C(C,CC1C=NC(C2C=CC=C(C(F)C3C=CC=C(C(F)C4C=CCCC4)C3)C=C2)CC(O)C(O)C(O)C(=O)C1C,CC1C=NC(C2C=CC=C(C(F)C3C=CC=C(C(F)C4C=CCCC4)C3)C=C2)CC(C(=O)C)C(=O)C(=O)C(=O)C1C,CC1C=NC(C2C=CC=C(C(F)C3C=CC=C(C(F)C4C=CCCC4)C3)C=C2)CC(C)C(C)C(C(=O)C)C(C)C(O)C(O)C(O)C(=O)C1C,C1CC(=NC(C2=CC=CC=C(C(F)C3=CC=CC(C(F)C4=C(CCCC4)C3)C=C2)C)C)CC(C)C(C(O)C(O)C(O)C(=O)C1)C
CC1C=NC(C2C=CC=C(C(F)C3C=CC=C(C(F)C4C=CCCC4)C3)C=C2)CC(O)C(O)C(O)C(=O)C1C,CC1C=NC(C2C=CC=C(C(F)C3C=CC=C(C(F)C4C=CCCC4)C3)C=C2)CC(C)C(C)C(C)C(O)C(O)C(O)C(=O)C1C,C1CC(=NC(C2C=CC=C(C(F)C3C=CC=C(C(F)C4C=CCCC4)C3)C=C2)C)CC(C)C(O)C(O)C(O)C(=O)C1C,CC1C=NC(C2C=CC=C(C(F)C3C=CC=C(C(F)C4C=CCCC4)C3)C=C2)CC(O)C(O)C(O)C(=O)C1C,CC1C=NC(C2C=CC=C(C(F)C3C=CC=C(C(F)C4C=CCCC4)C3)C=C2)CC(C)C(C)C(O)C(O)C(O)C(=O)C1C
CC1C(C2=CC=CC(C(F)C3=CC=CC(C(F)C4=CC=CC(C5=CC=CC(O)C(C(C(C(C(C(C(C(C(C(C(C(C(C(C(C(C(C(C(C(C(C(C(C(C(C(C(C(C(C(C(C(C(C(C(C(C(C(C(C(C(C(C(C(C,CC1CC(=NC2C=CC=C(C(F)C3C=CC=C(C(F)C4CC(C)CCCC4)C3)C=C2)CC(C(=O)C)C(=O)C1C(C)C(O)C(O)C(O)C,C1CC1C(c2ccc(C(F)c3ccc(C(F)c4ccc(O)cc4)cc3)cc2)N=C(O)C(O)C(O)C1O,C1CC1C(C2=CC=CC(C(F)C3=CC=CC(C(F)C4=CC=CC(C5=CC=CC6=CC=CC7=C(C=C(C=C7)C=C6)C=C5)C=C4)C=C3)C=C2)N=C(O)C(O)C(O)C1,C1CC1c2c3c(ccc2c4ccc(F)c5ccc(F)c5c6ccccc6)ccc3C(F)c4ccc(O)c5ccccc5c4OC(N=C)C(O)C(O)C1O
CC(=O)C1CC(=NC2C=CC=C(C(F)C3C=CC=C(C(F)C4CCCCC(C)C4)C3)C=C2)CC(C)C(C(C)C(O)C(O)C(C)O)C1=O,CC1C=NC(C2C=CC=C(C(F)C3C=CC=C(C(F)C4C=CCCC4)C3)C=C2)CC(C)C(C)C(C)COC1C(=O)C(C)C(C)C(O)C(O)C(O)C,CC1C=NC(C2C=CC=C(C(F)C3C=CC=C(C(F)C4C=CCCC4)C3)C=C2)CC(C)C(C)C(C)C(O)C(O)C(O)C(=O)C1C(C)C,CC1C=NC(C2C=CC=C(C(F)C3C=CC=C(C(F)C4C=CCCC4)C3)C=C2)CC(C)C(C)C(C)C(O)C(O)C(O)C(=O)C1C,CC1C=NC(C2C=CC=C(C(F)C3C=CC=C(C(F)C4C=CCCC4)C3)C=C2)CC(C)C(C)C(C)C(O)C(O)C(O)C(=O)C1C
C1=O(NC/C=C/C1O[C@@H](n2cnc3c(NCCO)ncnc32)[C@H](O)[C@@H]1O)c1cc(-c2ccc(F)cc2)cc(O)c1O,C1=O(NCC/C=C/C1O[C@H](n2cnc3c(NCCO)ncc2c3nc2ccccc2F)C(O)C1OC1c2ccc(F)cc2C(O)C1O)C1c2ccc(F)cc2C(O)C1O,C1=O(NC/C=C/C1O[C@H](n2cnc3c(NCCO)nccn2c3)[C@H](O)[C@H]1O)c1cc(-c2ccc(F)cc2)cc(O)c1O,C1=NC(C(C(=O)O)c1)C(C(=O)O)C1=NC(C(C(=O)O)c1)C(C(=O)O)C1=NC(C(C(=O)O)c1)C(C(=O)O)C1=NC(C(C(=O)O)c1)C(C(=O)O),C1=NC(C(C1=O)C(C(C2=CC=CC=C2)C1=O)C1=C(O)C(C(C2=CC=CC=C2)C1=O)C1=O)C1=CC=CC=C1C1=CC=CC=C1C1=CC=CC=C1C1=CC
CC(=O)C1CC(=NC2C=CC=C(C(F)C3C=CC=C(C(F)C4CCCCC(C)C4)C3)C=C2)CC(C)C(C(C)C(O)C(O)C(C)O)C1=O,CC(=O)C1CC(=NC2C=CC=C(C(F)C3C=CC=C(C(F)C4CCCCC(C)C4)C3)C=C2)CC(C)C(C(C)C(O)C(O)C(C)O)C1=O,CC(=O)C1CC(=NC2C=CC=C(C(F)C3C=CC=C(C(F)C4CCCCC(C)C4)C3)C=C2)CC(C)C(C(C)C(O)C(O)C(C)O)C1=O,CC(=O)C1CC(=NC2C=CC=C(C(F)C3C=CC=C(C(F)C4CCCCC(C)C4)C3)C=C2)CC(C)C(C(C)C(O)C(O)C(C)O)C1=O,CC(=O)C1CC(=NC2C=CC=C(C(F)C3C=CC=C(C(F)C4CCCCC(C)C4)C3)C=C2)CC(C)C(C(C)C(O)C(O)C(C)O)C1=O
CC(=O)C1CC(=NC2C=CC=C(C(F)C3C=CC=C(C(F)C4CCCCC(C)C4)C3)C=C2)CC(C)C(C(C)C(O)C(O)C(C)O)C1=O,CC(=O)C1CC(=NC2C=CC=C(C(F)C3C=CC=C(C(F)C4CCCCC(C)C4)C3)C=C2)CC(C)C(C(C)C(O)C(O)C(C)O)C1=O,CC(=O)C1CC(=NC2C=CC=C(C(F)C3C=CC=C(C(F)C4CCCCC(C)C4)C3)C=C2)CC(C)C(C(C)C(O)C(O)C(C)O)C1=O,CC(=O)C1CC(=NC2C=CC=C(C(F)C3C=CC=C(C(F)C4CCCCC(C)C4)C3)C=C2)CC(C)C(C(C)C(O)C(O)C(C)O)C1=O,CC(=O)C1CC(=NC2C=CC=C(C(F)C3C=CC=C(C(F)C4CCCCC(C)C4)C3)C=C2)CC(C)C(C(C)C(O)C(O)C(C)O)C1=O
CC1C=NC(C2C=CC=C(C(F)C3C=CC=C(C(F)C4C=CCCC4)C3)C=C2)CC(C)C(C)C(C)C(O)C(O)C(O)C(=O)C1C(C)C,CC(=O)C1CC(=NC2C=CC=C(C(F)C3C=CC=C(C(F)C4CCCCC(C)C4)C3)C=C2)CC(C)C(C(C)C(O)C(O)C(C)O)C1=O,CC(=O)C1CC(=NC2C=CC=C(C(F)C3C=CC=C(C(F)C4CCCCC(C)C4)C3)C=C2)CC(C)C(C(C)C(O)C(O)C(C)O)C1=O,CC(=O)C1CC(=NC2C=CC=C(C(F)C3C=CC=C(C(F)C4CCCCC(C)C4)C3)C=C2)CC(C)C(C(C)C(O)C(O)C(C)O)C1=O,CC(=O)C1CC(=NC2C=CC=C(C(F)C3C=CC=C(C(F)C4CCCCC(C)C4)C3)C=C2)CC(C)C(C(C)C(O)C(O)C(C)O)C1=O
CC1C=NC(C2C=CC=C(C(F)C3C=CC=C(C(F)C4C=CCCC4)C3)C=C2)CC(C)C(C)C(C)C(O)C(O)C(O)C(=O)C1C,CC1C=NC(C2C=CC=C(C(F)C3C=CC=C(C(F)C4C=CCCC4)C3)C=C2)CC(C)C(C)C(C)COC(C)C(C)C(O)C(O)C(O)C(=O)C1C,C1CC1C(=N)C(C2C=CC=C(C(F)C3C=CC=C(C(F)C4C=CCCC4)C3)C=C2)CC(C)C(C)C(C)COC(C)COC(C)COC(=O)C1C,CC1C=NC(C2C=CC=C(C(F)C3C=CC=C(C(F)C4C=CCCC4)C3)C=C2)CC(C)C(C)C(C)C(O)C(O)C(O)C(=O)C1C,CC1C=NC(C2C=CC=C(C(F)C3C=CC=C(C(F)C4C=CCCC4)C3)C=C2)CC(C)C(C)C(C)C(O)C(O)C(O)C(=O)C1C(C)C
C1CC1C(c2ccc(C(F)c3ccc(C(F)c4ccc(O)cc4)cc3)cc2)N=C(O)C(O)C(O)C1OC1,C1CC1C(c2ccc(C(F)c3ccc(C(F)c4ccc(O)cc4)cc3)cc2)N=C(O)C(O)C(O)C1OC1,C1CC1c2ccc(C(F)c3ccc(C(F)c4ccc(O)cc4)cc3)cc2N=C(O)C(O)C(O)C1O,C1CC1CC2c3ccccc3C(F)c4ccc5c(ccc5C(F)c4)cc2)N=C(O)C(O)C(O)C1OC1,C1CC1C(c2ccc(C(F)c3ccc(C(F)c4ccc(O)cc4)cc3)cc2)N=C(O)C(O)C(O)C1OC
C1=O[C@H]([O]C2=C(C3=CC(O)C(O)C(O)C3)C(O)C(O)C(O)C2)([O]C2=C(C3=CC(O)C(O)C(O)C3)C(O)C(O)C(O)C2)C2=NC1=C,C1[C@H](O[C@H]2C=NO[C@H]2C2=C(C3=CC(O)C(O)C(O)C(O)C3)C(O)C(O)C(O)C2)c2ncnc3c2N1C(O)C(O)C(O)C(O)C3,C1=O[C@H]1[C@H]2C(=O)N2[C@H]2C(=O)N2C2=C(C3=CC(O)C(O)C(O)C(O)C3)C(O)C(O)C(O)C2)C2=C(C3=CC(O)C(O)C(O)C,C1=O[C@H](O[C@H]2C=NO[C@H]2C2=C(C3=CC(O)C(O)C(O)C(O)C3)C(O)C(O)C(O)C2)c2ncnc3c2N1C(O)C(O)C(O)C(O)C3,C1=O[C@H](O[C@H]2C=NO[C@H]2C2=C(C3=CC(O)C(O)C(O)C(O)C3)C(O)C(O)C(O)C2)c2ncnc3c2N1C(O)C(O)C(O)C(O)C3
CC(=O)C1CC(C2C=CC=C(C(F)C3C=CC=C(C(F)C4C=CCCC4)C3)C=C2)N=CC(C)C(C)C(=O)C(=O)C1=O,CC(=O)C1CC(C2C=CC=C(C(F)C3C=CC=C(C(F)C4C=CCCC4)C3)C=C2)N=CC(C)C(C)C(=O)C(=O)C1=O,CC(=O)C1CC(C2C=CC=C(C(F)C3C=CC=C(C(F)C4C=CCCC4)C3)C=C2)N=CC(C)C(C)C(=O)C(=O)C1=O,CC(=O)C1CC(C2C=CC=C(C(F)C3C=CC=C(C(F)C4C=CCCC4)C3)C=C2)N=CC(C)C(C)C(=O)C(=O)C1=O,CC(=O)C1CC(C2C=CC=C(C(F)C3C=CC=C(C(F)C4C=CCCC4)C3)C=C2)N=CC(C)C(C)C(=O)C(=O)C1=O
CC1C=NC(C2C=CC=C(C(F)C3C=CC=C(C(F)C4C=CCCC4)C3)C=C2)CC(C)C(C)C(C)C(O)C(O)C(O)C(=O)C1C,CC1C=NC(C2C=CC=C(C(F)C3C=CC=C(C(F)C4C=CCCC4)C3)C=C2)CC(C)C(C)C(C)C(O)C(O)C(O)C(=O)C1C(C)C,CC1C=NC(C2C=CC=C(C(F)C3C=CC=C(C(F)C4C=CCCC4)C3)C=C2)CC(C)C(C)C(C)C(O)C(O)C(O)C(=O)C1C(C)C,CC1C=NC(C2C=CC=C(C(F)C3C=CC=C(C(F)C4C=CCCC4)C3)C=C2)CC(C)C(C)C(C)C(O)C(O)C(O)C(=O)C1C,C1CC2C(=NC(C3C=CC=C(C(F)C4C=CC=C(C(F)C5C=CCCC5)C4)C=C2)C(C)C(C)C(C)C(O)C(O)C(O)C(=O)C1C(C)C(C)C(C)C
C1=O[C@H](O[C@H]2C=NO[C@H]2C2=C(C3=CC(O)C(O)C(O)C(O)C3)C(O)C(O)C(O)C2)c2ncnc3c2N1C(O)C(O)C(O)C(O)C3C2=C,C1=C(O)C(O)C(O)C(O)C1=O[C@H](O[C@H]2C=NO[C@H]2C2=C(C3=CC(O)C(O)C(O)C(O)C3)C(O)C(O)C(O)C2)c2ncnc3c2N1C(O),C1=CO[C@H](O[C@H]2C=NO[C@H]2C2=C(C3=CC(O)C(O)C(O)C(O)C3)C(O)C(O)C(O)C2)c2ncnc3c2N1C(O)C(O)C(O)C(O)C3,C1=CO[C@H]1O[C@H]2C=NO[C@H]2C2=C(C3=CC(O)C(O)C(O)C(O)C3)C(O)C(O)C(O)C2)C2=C(C3=CC(O)C(O)C(O)C(O)C3)C(O),C1=O[C@H](O[C@H]2C=NO[C@H]2C2=C(C3=CC(O)C(O)C(O)C(O)C3)C(O)C(O)C(O)C2)c2ncnc3c2N1C(O)C(O)C(O)C(O)C3
CC1C=NC(C2C=CC=C(C(F)C3C=CC=C(C(F)C4C=CCCC4)C3)C=C2)CC(C)C(O)C(O)C(O)C(=O)C1C,C1CC(=NC(C2C=CC=C(C(F)C3C=CC=C(C(F)C4C=CCCC4)C3)C=C2)CC1)C(C)C(C)C(O)C(O)C(O)C(=O)C1C,CC1C=NC(C2C=CC=C(C(F)C3C=CC=C(C(F)C4C=CCCC4)C3)C=C2)CC(C)C(O)C(O)C(O)C(=O)C1C,CC1C=NC(C2C=CC=C(C(F)C3C=CC=C(C(F)C4C=CCCC4)C3)C=C2)CC(C)C(C)C(O)C(O)C(O)C(=O)C1C,C1CC(=NC(C2CC=CC=C(C(F)C3CC=CC=C(C(F)C4CC(=CC=C(C(F)C5CC(=CC=C(C(F)C(C(C(C(C(C(C(C(C(C(C(C(C(C(C(C(C(C(C(C(C(C(C(C(C(C(C(C(C(C(C(C(C(C(C(C(C(C(C
CC1C=NC(C2C=CC=C(C(F)C3C=CC=C(C(F)C4C=CCCC4)C3)C=C2)CC(C)C(O)C(O)C(O)C(=O)C1C,C1CC(=NC(C2C=CC=C(C(F)C3C=CC=C(C(F)C4C=CCCC4)C3)C=C2)CC(C)C(O)C(O)C(O)C(=O)C1C,C1CC(=NC(C2=C(C(C(C(C(C(C(C(C(C(C(C(C(C(C(C(C(C(C(C(C(C(C(C(C(C(C(C(C(C(C(C(C(C(C(C(C(C(C(C(C(C(C(C(C(C(C(C(C(C(C(C(C(C(C(C(C(C(C(C(C(C(C(C(C(C(C(C(C(C(C(C(C,CC1C=NC(C2C=CC=C(C(F)C3C=CC=C(C(F)C4C=CCCC4)C3)C=C2)CC(C(=O)C(C(=O)C(C(=O)C(C(=O)C1)C)C)C)C,CC1C=NC(C2C=CC=C(C(F)C3C=CC=C(C(F)C4C=CCCC4)C3)C=C2)CC(C(=O)C)C(O)C(O)C(O)C(=O)C1C
C1CC(=NC(C2C=CC=C(C(F)C3C=CC=C(C(F)C4C=CCCC4)C3)C=C2)CC(C)C(O)C(O)C(O)C(=O)C1C),CC1CC(=NC(C2CC(=CC(=C(C(F)C3CC(=CC(=C(C(F)C4CCCCCCC4)C3))C2))CC(C(O)C(O)C(O)C(=O)C1)CC(=O)C1CC(=NC(C2CC(=CC(=C(C(F)C3CC(=CC(=C,C1CCC1C=NC(C2C=CC=C(C(F)C3C=CC=C(C(F)C4C=CCCC4)C3)C=C2)CC(C)COC1C=OCCC1C(=O)C1C,CC1C=NC(C2C=CC=C(C(F)C3C=CC=C(C(F)C4C=CCCC4)C3)C=C2)C=C(C)C(C)C(O)C(O)C(O)C(=O)C1C,CC1C=NC(C2C=CC=C(C(F)C3C=CC=C(C(F)C4C=CCCC4)C3)C=C2)CC(O)C(O)C(O)C(=O)C1C
CC1C(C2C3C(C(C(F)C4C5C(C(C(F)C6C7C(C8C(C(C(C(C(C(C(C(C(C(C(C(C(C(C(C(C(C(C(C(C(C(C(C(C(C(C(C(C(C(C(C(C(C(C(C(C(C(C(C(C(C(C(C(C(C(C(C(C(C(C(C,O=S(=O)(Nc1cc(-c2ccc3nccc(N4CCOCC4)c3c2)cnc1Cl)c1ccc(F)cc1,CC1CC2c3ccc(cc3C(F)c4ccc(cc4C(F))cc2)C1N=CC(=O)C(O)CO,C1=CC=CC=C1C(=O)(Nc1cc(cc(c1)Nc2ccc(cc2)C3CCCO3)Cl)c1ccc(cc1)F,C1(C(=O)C2(C(C(C(C(C(C(C(C(C(C(C(C(C(C(C(C(C(C(C(C(C(C(C(C(C(C(C(C(C(C(C(C(C(C(C(C(C(C(C(C(C(C(C(C(C(C(C(C(C(C(C(C(C(C(C(C(C(C(C(C(C(C(C(C(C(C(C(C(C(C(C(C
C1CC(=NC(C2C=CC=C(C(F)C3C=CC=C(C(F)C4C=CCCC4)C3)C=C2)C)CC(O)C(O)C(O)C(=O)C1C,C1CCC1C(=N)C2C=CC=C(C(F)C3C=CC=C(C(F)C4C=CCCC4)C3)C=C2CCCOCCOCC(=O)C1C,CC1C=NC(C2C=CC=C(C(F)C3C=CC=C(C(F)C4C=CCCC4)C3)C=C2)CC(O)C(O)C(O)C(=O)C1C,CC1C=NC(C2C=CC=C(C(F)C3C=CC=C(C(F)C4C=CCCC4)C3)C=C2)CC(C)C(O)C(O)C(O)C(=O)C1C,C1CC(=NC(C2=C(C=C(C(F)C3=C(C=C(C(F)C4C=CCCC4)C3)C=C2)C)C(C)C)C(C)C(C(O)C(O)C(O)C(=O)C1)C
CC1CCC(=NC(C)C2C=CC=C(C(F)C3C=CC=C(C(F)C4C=CCCC4)C3)C=C2)CC(O)C(O)C(O)C1=O,CC1CCC(=NC(C)C2C=CC=C(C(F)C3C=CC=C(C(F)C4C=CCCC4)C3)C=C2)CCOC1OC2OC3OC1=O,C1CCC(=NC(C)C2C=CC=C(C(F)C3C=CC=C(C(F)C4C=CCCC4)C3)C=C2)CC(C)C(O)C(O)C(O)C1=O,C1CCC(C(=NC(C)C2C=CC=C(C(F)C3C=CC=C(C(F)C4C=CCCC4)C3)C=C2)CC)CC(O)C(O)C(O)C1=O,CC1CCC(=NC(C)C2C=CC=C(C(F)C3C=CC=C(C(F)C4C=CCCC4)C3)C=C2)CC(C(=O)C)C(=O)C(=O)C1=O
CC1CC(=NC(C)C2C=CC=C(C(F)C3C=CC=C(C(F)C4C=CCCC4)C3)C=C2)CCCC(=O)C(O)C(O)C1O,CC1CC(=NC(C)C2C=CC=C(C(F)C3C=CC=C(C(F)C4C=CCCC4)C3)C=C2)CCCC(=O)C(O)C(O)C1O,C1CC(=NC(C)C2C=CC=C(C(F)C3C=CC=C(C(F)C4C=CCCC4)C3)C=C2)CCCC(=O)C(O)C(O)C1O,CC1CC(=NC(C)C2C=CC=C(C(F)C3C=CC=C(C(F)C4C=CCCC4)C3)C=C2)CCCC(=O)C(O)C(O)C1O,CC1CC(=NC(C)C2C=CC=C(C(F)C3C=CC=C(C(F)C4C=CCCC4)C3)C=C2)CCCC(=O)C(O)C(O)C1O
CC1C=NC(C2C=CC=C(C(F)C3C=CC=C(C(F)C4C=CCCC4)C3)C=C2)CC(C(=O)C(C(=O)C(C(=O)C(C(=O)C1)C)C)C)C,C1CC(=NC(C2C=CC=C(C(F)C3C=CC=C(C(F)C4C=CCCC4)C3)C=C2)CC(O)C(O)C(O)C(=O)C1C,CC1C=NC(C2C=CC=C(C(F)C3C=CC=C(C(F)C4C=CCCC4)C3)C=C2)CC(C)C(C)C(O)C(O)C(O)C(=O)C1C,CC1C=NC(C2C=CC=C(C(F)C3C=CC=C(C(F)C4C=CCCC4)C3)C=C2)CC(O)C(O)C(O)C(=O)C1C,CC1C=NC(C2C=CC=C(C(F)C3C=CC=C(C(F)C4C=CCCC4)C3)C=C2)CC(C)C(O)C(O)C(O)C(=O)C1C
CCC(=NC(C)C1C=CC=C(C(F)C2C=CC=C(C(F)C3C=CCCC3)C2)C=C1)C1CCCC(=O)C(O)C(O)C(O)C1,CCC(=NC(C)C1C=CC=C(C(F)C2C=CC=C(C(F)C3C=CCCC3)C2)C=C1)C1CCCC(=O)C(O)C(O)C(O)C1,CCC(=NC(C)C1C=CC=C(C(F)C2C=CC=C(C(F)C3C=CCCC3)C2)C=C1)C1CCCC(=O)C(O)C(O)C(O)C1,CC(=NC(C)C1C=CC=C(C(F)C2C=CC=C(C(F)C3C=CCCC3)C2)C=C1)C1CCCC(=O)C(O)C(O)C(O)C1,CCC(=NC(C)C1C=CC=C(C(F)C2C=CC=C(C(F)C3C=CCCC3)C2)C=C1)C1CCCC(=O)C(O)C(O)C(O)C1
CC1=CC(C2=C(C(C(C(F)C3=C(C(C(F)C4=C(C(C(C(C(C(C(C(C(C(C(C(C(C(C(C(C(C(C(C(C(C(C(C(C(C(C(C(C(C(C(C(C(C(C(C(C(C(C(C(C(C(C(C(C(C(C(C(C(C(C(C(C(C(C(C(C(C(C,CC1=CC(C2=C(C(C(F)C3=C(C(C(C(F)C4=C(C(C)C(C)C(=O)C(O)C(O)C(O)C1)C4)C3)C=C2)C)C)N=CC(C)C(C)C(=O)C(O)C(O)C(O)C,C1=CC(C2=CC=C(C(F)C3=C(C(C(C(C(C(C(C(C(C(C(C(C(C(C(C(C(C(C(C(C(C(C(C(C(C(C(C(C(C(C(C(C(C(C(C(C(C(C(C(C(C(C(C(C(C(C(C(C(C(C(C(C(C(C(C(C(C(C(C(C(C(C(C(C(C,C1=CC(C2=C(C(C(C(C(C(C(C(C(C(C(C(C(C(C(C(C(C(C(C(C(C(C(C(C(C(C(C(C(C(C(C(C(C(C(C(C(C(C(C(C(C(C(C(C(C(C(C(C(C(C(C(C(C(C(C(C(C(C(C(C(C(C(C(C(C(C(C(C(C(C(C(C(C,C1=CC(C2=CC=C(C(F)C3=CC=C(C(F)C4=CCCCC4)C3)C=C2)N=CC(C)C(C)C(=O)C(O)C(O)C(O)C1C
CC(=NC(C)C1C=CC=C(C(F)C2C=CC=C(C(F)C3C=CCCC3)C2)C=C1)C1CCCC(=O)C(O)C(O)C(O)C1,CC1CC(=NC(C)C2C=CC=C(C(F)C3C=CC=C(C(F)C4C=CCCC4)C3)C=C2)CCCC(=O)C(O)C(O)C1O,CC(=NC(C)C1C=CC=C(C(F)C2C=CC=C(C(F)C3C=CCCC3)C2)C=C1)C1CCCC(=O)C(O)C(O)C(O)C1,CC(=NC(C)C1C=CC=C(C(F)C2C=CC=C(C(F)C3C=CCCC3)C2)C=C1)C1CCCC(=O)C(O)C(O)C(O)C1,CC1CC(=NC(C)C2C=CC=C(C(F)C3C=CC=C(C(F)C4C=CCCC4)C3)C=C2)CCCC(=O)C(O)C(O)C1O
CC1CC(=NC(C)C2C=CC=C(C(F)C3C=CC=C(C(F)C4C=CCCC4)C3)C=C2)CCCC(=O)C(O)C(O)C1O,CC1CC(=NC(C)C2C=CC=C(C(F)C3C=CC=C(C(F)C4C=CCCC4)C3)C=C2)CCCC(=O)C(O)C(O)C1O,C1CC(=NC(C)C2C=CC=C(C(F)C3C=CC=C(C(F)C4C=CCCC4)C3)C=C2)CCCC(=O)C(O)C(O)C1O,CC1CC(=NC(C)C2C=CC=C(C(F)C3C=CC=C(C(F)C4C=CCCC4)C3)C=C2)CCCC(=O)C(O)C(O)C1O,CC1CC(=NC(C)C2C=CC=C(C(F)C3C=CC=C(C(F)C4C=CCCC4)C3)C=C2)CCCC(=O)C(O)C(O)C1O
C1=NC2=C(N=C(C3C(C(C(C(C(C(C(C(C(C(C(C(C(C(C(C(C(C(C(C(C(C(C(C(C(C(C(C(C(C(C(C(C(C(C(C(C(C(C(C(C(C(C(C(C(C(C(C(C(C(C(C(C(C(C(C(C(C(C(C(C(C(C(C(C(C(C(C(C(C,C1=NC2=C(N=C(C3C([C@@H]4ON=C[C@@H]4[C@H]4C=CO4)=C(C4=CC(O)C(O)C(O)C(O)C4)C(O)C(O)C3O)CC2C(O)C(O)C1O)CC1,C1=NC2=C(N=C(C3C(C(C(C(C(C(C(C(C(C(C(C(C(C(C(C(C(C(C(C(C(C(C(C(C(C(C(C(C(C(C(C(C(C(C(C(C(C(C(C(C(C(C(C(C(C(C(C(C(C(C(C(C(C(C(C(C(C(C(C(C(C(C(C(C(C(C(C(C(C,C1C(C(=O)N(C(C(=O)N(C(C(=O)N(C(C(=O)N(C(C(=O)N(C(C(=O)N(C(C(=O)N(C(C(=O)N(C(C(=O)N(C(C(=O)N(C(C(=O)N(C(C(=O)N(C(C(=O)N,CC1CC2N=C1N=C(C3C(C4OCC(N=C4C(C(C(C(C(C(C(C(C(C(C(C(C(C(C(C(C(C(C(C(C(C(C(C(C(C(C(C(C(C(C(C(C(C(C(C(C(C(C(C(C(C(C(C(C(C(C(C(C(C(C(C(C(C(C(C(C(C(C(C(C
CC(=NC(C)C1C=CC=C(C(F)C2C=CC=C(C(F)C3C=CCCC3)C2)C=C1)C1CCCC(=O)C(O)C(O)C(O)C1,CC(=NC(C)C1C=CC=C(C(F)C2C=CC=C(C(F)C3C=CCCC3)C2)C=C1)C1CCCC(=O)C(O)C(O)C(O)C1,CCC(=NC(C)C1C=CC=C(C(F)C2C=CC=C(C(F)C3C=CCCC3)C2)C=C1)C1CCCC(=O)C(O)C(O)C(O)C1,CCC(=NC(C)C1C=CC=C(C(F)C2C=CC=C(C(F)C3C=CCCC3)C2)C=C1)C1CCCC(=O)C(O)C(O)C(O)C1,CC(=NC(C)C1C=CC=C(C(F)C2C=CC=C(C(F)C3C=CCCC3)C2)C=C1)C1CCCC(=O)C(O)C(O)C(O)C1
CC(=NC(C)C1C=CC=C(C(F)C2C=CC=C(C(F)C3C=CCCC3)C2)C=C1)C1CCCC(=O)C(O)C(O)C(O)C1,C1CC(=NC(C)C2C=CC=C(C(F)C3C=CC=C(C(F)C4C=CCCC4)C3)C=C2)CCCC(=O)C(O)C(O)C1O,C1CC(C(C(=O)C(O)C(O)C1)C2C=CC=C(C(F)C3C=CC=C(C(F)C4C=CCCC4)C3)C=C2)CCCC(=O)C(O)C(O)C1C,CC1CC(=NC(C)C2C=CC=C(C(F)C3C=CC=C(C(F)C4C=CCCC4)C3)C=C2)CCCC(=O)C(O)C(O)C1O,C1CC(=NC(C)C2C=CC=C(C(F)C3C=CC=C(C(F)C4C=CCCC4)C3)C=C2)CCCC(=O)C(O)C(O)C1O
CC1CC(=NC(C)C2C=CC=C(C(F)C3C=CC=C(C(F)C4C=CCCC4)C3)C=C2)CCCC(=O)C(O)C(O)C1O,CC1CC(=NC(C)C2C=CC=C(C(F)C3C=CC=C(C(F)C4C=CCCC4)C3)C=C2)CCCC(=O)C(O)C(O)C1O,CC1CC(=NC(C)C2C=CC=C(C(F)C3C=CC=C(C(F)C4C=CCCC4)C3)C=C2)CCCC(=O)C(O)C(O)C1O,C1CC(=NC(C)C2C=CC=C(C(F)C3C=CC=C(C(F)C4C=CCCC4)C3)C=C2)CCCC(=O)C(O)C(O)C1O,CC1CC(=NC(C)C2C=CC=C(C(F)C3C=CC=C(C(F)C4C=CCCC4)C3)C=C2)CCCC(=O)C(O)C(O)C1O
CC(=NC(C)C1C=CC=C(C(F)C2C=CC=C(C(F)C3C=CCCC3)C2)C=C1)C1CCCC(=O)C(O)C(O)C(O)C1,CC1C=NC(C2C=CC=C(C(F)C3C=CC=C(C(F)C4C=CCCC4)C3)C=C2)CC(C)C(O)C(O)C(O)C(=O)C1C,CC1C=NC(C2C=CC=C(C(F)C3C=CC=C(C(F)C4C=CCCC4)C3)C=C2)CC(O)C(O)C(O)C(=O)C1C,CC(=NC(C)C1C=CC=C(C(F)C2C=CC=C(C(F)C3C=CCCC3)C2)C=C1)C1CCCC(=O)C(O)C(O)C(O)C1,CC(=NC(C)C1C=CC=C(C(F)C2C=CC=C(C(F)C3C=CCCC3)C2)C=C1)C1CCCC(=O)C(O)C(O)C(O)C1
C1CC(=NC(C2=C(C(C(F)C3=C(C(C(F)C4C=CCC4)C3)C=C2)C(=O)C1)C)C(C(O)C(O)C(O)C(=O)C1)C1C)C,CC1CC(=NC(C)C2C=CC=C(C(F)C3C=CC=C(C(F)C4C=CCCC4)C3)C=C2)CCCC(=O)C(O)C(O)C1O,CC(=NC(C)C1C=CC=C(C(F)C2C=CC=C(C(F)C3C=CCCC3)C2)C=C1)C1CCCC(=O)C(O)C(O)C(O)C1,CC1C=NC(C2C=CC=C(C(F)C3C=CC=C(C(F)C4C=CCCC4)C3)C=C2)CC(C)C(O)C(O)C(O)C(=O)C1C,C1CC(=NC(C)C2C=CC=C(C(F)C3C=CC=C(C(F)C4C=CCCC4)C3)C=C2)CCC(=O)C(O)C(O)C1O
CC1CCC(=NC(C)C2C=CC=C(C(F)C3C=CC=C(C(F)C4C=CCCC4)C3)C=C2)CC(C)C(O)C(O)C(O)C1=O,CC1C=NC(C2C=CC=C(C(F)C3C=CC=C(C(F)C4C=CCCC4)C3)C=C2)CC(C(=O)C(C(=O)C(C(=O)C1)O)O)C,CC1C(N)C(C2C=CC=C(C(F)C3C=CC=C(C(F)C4C=CCCC4)C3)C=C2)CC(C)C(O)C(O)C(O)C(=O)C1C,CC1C=NC(C2C=CC=C(C(F)C3C=CC=C(C(F)C4C=CCCC4)C3)C=C2)CC(C)C(O)C(O)C(O)C(=O)C1C,CC1C=NC(C2C=CC=C(C(F)C3C=CC=C(C(F)C4C=CCCC4)C3)C=C2)CC(O)C(O)C(O)C(=O)C1C
CC1C=NC(C2C=CC=C(C(F)C3C=CC=C(C(F)C4C=CCCC4)C3)C=C2)CC(C(=O)C)C(=O)C1C,CC1C=NC(C2C=CC=C(C(F)C3C=CC=C(C(F)C4C=CCCC4)C3)C=C2)CC(C)C(O)C(O)C(O)C(=O)C1C,C1CC(=NC(C2=CC=CC(C(F)C3=CC=CC(C(F)C4CC=CCC4)C3)C=C2)CC1)CC(C(=O)C(C(=O)C(C(=O)C(C(=O)C1)C1)C1)C1)C1,CC1C=NC(C2C=CC=C(C(F)C3C=CC=C(C(F)C4C=CCCC4)C3)C=C2)CC(C)C(O)C(O)C(O)C(=O)C1C,C1CC(=NC(C2=C(C(C(C(C(C(C(C(C(C(C(C(C(C(C(C(C(C(C(C(C(C(C(C(C(C(C(C(C(C(C(C(C(C(C(C(C(C(C(C(C(C(C(C(C(C(C(C(C(C(C(C(C(C(C(C(C(C(C(C(C(C(C(C(C(C(C(C(C(C(C(C(C
CC(=NC(C)C1C=CC=C(C(F)C2C=CC=C(C(F)C3C=CCCC3)C2)C=C1)C1CCCC(=O)C(O)C(O)C(O)C1,CC(=NC(C)C1C=CC=C(C(F)C2C=CC=C(C(F)C3C=CCCC3)C2)C=C1)C1CCCC(=O)C(O)C(O)C(O)C1,C1CCC(=NC(C)C1=CC=C(C(F)C2=CC=C(C(F)C3=CCCCC3)C2)C=C1)C1CCCC(=O)C(O)C(O)C(O)C1,C1CCC(=NC(C)C1=CC=CC=C1C(F)C2=CC=CC(C(F)C3=CC=CC=CC3)C2)C=CC1=CC=CC(C(F)C3=CCCC3)C1=C1CCC(=O)C1OC1OC1OC1,C1CCC(=NC(C)C1=CC=C(C(F)C2=CC=C(C(F)C3C=CC=C(C(C)C3)C2)C=C1)C1CCCC(=O)C(O)C(O)C(O)C1
CC1CC(=NC(C)C2C=CC=C(C(F)C3C=CC=C(C(F)C4C=CCCC4)C3)C=C2)CCCC(=O)C(O)C(O)C1O,CC1CC(=NC(C)C2C=CC=C(C(F)C3C=CC=C(C(F)C4C=CCCC4)C3)C=C2)CCCC(=O)C(O)C(O)C1O,C1CCC(=NC(C)C1=CC=CC(C(F)C2=CC=CC(C(F)C3=CCC(C)C=CC=C3)C2)C=C1)C1CCCC(=O)C(O)C(O)C(O)C1,C1CC(=NC(C)C2C=CC=C(C(F)C3C=CC=C(C(F)C4C=CCCC4)C3)C=C2)C1CC(=O)C(O)C(O)C1O,CC1CC(=NC(C)C2C=CC=C(C(F)C3C=CC=C(C(F)C4C=CCCC4)C3)C=C2)CCCC(=O)C(O)C(O)C1O
CC1C=NC(C2C=CC=C(C(F)C3C=CC=C(C(F)C4C=CCCC4)C3)C=C2)CC(C)C(O)C(O)C(O)C(=O)C1C,CC1C=NC(C2C=CC=C(C(F)C3C=CC=C(C(F)C4C=CCCC4)C3)C=C2)CC(C)C(O)C(O)C(O)C(=O)C1C,CC1C=NC(C2C=CC=C(C(F)C3C=CC=C(C(F)C4C=CCCC4)C3)C=C2)CC(C)C(O)C(O)C(O)C(=O)C1C,CC1C=NC(C2C=CC=C(C(F)C3C=CC=C(C(F)C4C=CCCC4)C3)C=C2)CC(C)C(O)C(O)C(O)C(=O)C1C,C1CC(=NC(C2=CC=CC=C(C(F)C3=CC=CC=C(C(F)C4CC=CCCC4)C3)C=C2)C(C)C(C)C(O)C(O)C(O)C(=O)C1C
C1CC1CC(=NC(C)C2C=CC=C(C(F)C3C=CC=C(C(F)C4C=CCCC4)C3)C=C2)CCCC(=O)C(O)C(O)C1O,CC1CC(=NC(C)C2C=CC=C(C(F)C3C=CC=C(C(F)C4C=CCCC4)C3)C=C2)CCCC(=O)C(O)C(O)C1O,C1CC(=NC(C2=CC=CC(C(F)C3=CC=CC(C(F)C4=CCCC4)C3)C=C2)C)CC(C)C(O)C(O)C(O)C(=O)C1C,C1CC(=NC(C2C=CC=C(C(F)C3C=CC=C(C(F)C4C=CCCC4)C3)C=C2)CC(C)C(O)C(O)C(O)C(=O)C1C,C1CC(=NC(C2C=CC=C(C(F)C3C=CC=C(C(F)C4C=CCCC4)C3)C=C2)CC(C(=O)C1)C(=O)C(=O)C(=O)C1C
CC[C@H]1C(C(=O)Nc2cccc(OCC(N)=O)c2)=NC(C)=C1C(C)=O,C1CCC2CC(C1)C3c(ccc4cc(O)ccc34)C2CCC2=C(O)C2,CC[C@@H]1C(C(=O)Nc2cccc(OCC(N)=O)c2)=NC(C)=C1C(C)=O,C1CCC2(C(C(C(C1)C(=O))C3=CC=CC=C3)C2)C4=CC=CC=C4,C1CCC2CC[C@H]1CC3=C(C(C(=O)C4=CC=CC=C4)C3)C2=O
CC(=O)C1CC(C2C=CC=C(C(F)C3C=CC=C(C(F)C4C=CCCC4)C3)C=C2)N=CC(C)C(C)C1=O,CC(=O)C1CC(C2C=CC=C(C(F)C3C=CC=C(C(F)C4C=CCCC4)C3)C=C2)N=CC(C)C(C)C1=O,CC(=O)C1CC(C2C=CC=C(C(F)C3C=CC=C(C(F)C4C=CCCC4)C3)C=C2)N=CC(C)C(C)C1=O,CC(=O)C1CC(C2C=CC=C(C(F)C3C=CC=C(C(F)C4C=CCCC4)C3)C=C2)N=CC(C)C(C)C1=O,CC(=O)C1CC(C2C=CC=C(C(F)C3C=CC=C(C(F)C4C=CCCC4)C3)C=C2)N=CC(C)C(C)C1=O
CC1CC(=NC(C)C2C=CC=C(C(F)C3C=CC=C(C(F)C4C=CCCC4)C3)C=C2)CCCC(=O)C(O)C(O)C1O,CC1CC(=NC(C)C2C=CC=C(C(F)C3C=CC=C(C(F)C4C=CCCC4)C3)C=C2)CCCC(=O)C(O)C(O)C1O,CC1CC(=NC(C)C2C=CC=C(C(F)C3C=CC=C(C(F)C4C=CCCC4)C3)C=C2)CCCC(=O)C(O)C(O)C1O,CC1CC(=NC(C)C2C=CC=C(C(F)C3C=CC=C(C(F)C4C=CCCC4)C3)C=C2)CCCC(=O)C(O)C(O)C1O,C1CC(=NC(C)C2C=CC=C(C(F)C3C=CC=C(C(F)C4C=CCCC4)C3)C=C2)CCCC(=O)C(O)C(O)C1O
C1c2ccc(cc2Oc3ccccc3C(F)C4C(C(F)C5C(C(C(C(C(C(C5C(O)C(O)C(O)C(O)C4)O)C)C)C)C)C)C)cc1,C1=CC=C(C=C1)C2=CC=C(C=C2)C3=CC=C(C=C3)C4=CC(=C(C(=O)N5C=CC(=O)C5(C)C)C)C(C(F)C4)C(F)C5=CC(=C(C(=O)N6C=CC(=O,Oc1ccc(C(F)c2ccc(C(F)c3ccc(C4N=CC(O)C(O)C(O)C(O)C4O)cc3)cc2)cc1,C1=CC=CC=C1C(C(F)C2=CC=CC=C2C(F)C3=CC=CC=C3C4N=CC(=O)C(O)C(O)C(O)C(O)C4)C1=CC=CC=C1,C1c2ccc(C(F)c2ccc(C(F)c3ccc(C4N=CC(O)C(O)C(O)C(O)C4O)cc3)cc2)cc1
CCC(=NC(C)C1C=CC=C(C(F)C2C=CC=C(C(F)C3C=CCCC3)C2)C=C1)C1CCCC(=O)C(O)C(O)C(O)C1,CC(C(=NC(C)C1C=CC=C(C(F)C2C=CC=C(C(F)C3C=CCCC3)C2)C=C1)C1CCCC(=O)C(O)C(O)C(O)C1),CCC(=NC(C)C1C=CC=C(C(F)C2C=CC=C(C(F)C3C=CCCC3)C2)C=C1)C1CCCC(=O)C(O)C(O)C(O)C1,C1CCC(=NC(C)C1=CC=C(C(F)C2=CC=C(C(F)C3=CCCCC3)C2)C=C1)C1CCCC(=O)C(O)C(O)C(O)C1,C1CCC(=NC(C)C1=CC=C(C(F)C2=CC=C(C(F)C3=CC(C)C=CC=C3)C2)C=C1)C1CCCC(=O)C(O)C(O)C(O)C1
CC1C=NC(C2C=CC=C(C(F)C3C=CC=C(C(F)C4C=CCCC4)C3)C=C2)CC(C)C(=O)C(C)C(=O)C(C)C(=O)C(C)C(=O)C1,C1CC1C(NC2C=CC=C(C(F)C3C=CC=C(C(F)C4C=CCCC4)C3)C=C2)CC(C)C(=O)C(C)C(=O)C(C)C(=O)C(C)C(=O)C1,C1CC(C(C)C(=O)C(C)C(=O)C(C)C(=O)C(C)C(=O)C1)C=NC(C2C=CC=C(C(F)C3C=CC=C(C(F)C4C=CCCC4)C3)C=C2)CC(C)C,CC1C=NC(C2C=CC=C(C(F)C3C=CC=C(C(F)C4C=CCCC4)C3)C=C2)CC(C)C(=O)C(C)C(=O)C(C)C(=O)C(C)C(=O)C1,C1CC1C(=NC2C=CC=C(C(F)C3C=CC=C(C(F)C4C=CCCC4)C3)C=C2)CC(C)C(=O)C(C)C(=O)C(C)C(=O)C(C)C(=O)C1
CC1=CC=CC=C(C(C)N=C2CCCC(=O)C(O)C(O)C(O)C(C)C(C)C2)C=CC2=C(C)C=CC=C(C3=C(CCCC3)C2F)C1F,CC1=CC=CC=C(C(C)N=C2CCCC(=O)C(O)C(O)C(O)C(C)C(C)C2)C=CC2C=CC=C(CC3=C(CCCC3)C2F)C1F,CC1=CC=CC=C(C(C)N=C2CCCC(=O)C(O)C(O)C(O)C(C)C(C)C2)C=CC2C=CC=C(CC3=C(CCCC3)C2F)C1F,CC1=CC=CC=C(C(C)N=C2CCCC(=O)C(O)C(O)C(O)C(C)C(C)C2)C=CC2C=CC=C(CC3=C(CCCC3)C2F)C1F,CC1=CC=CC=C(C(C)N=C2CCCC(=O)C(O)C(O)C(O)C(C)C(C)C2)C=CC2=C(C)C=CC2(C3=C(CCCC3)C2F)C1F
CC(O)C(O)C(O)C(C)C(C)C(=O)C1OCC(C)C(C)C(C)CC(C2C=CC=C(C(F)C3C=CC=C(C(F)C4C=CCCC4)C3)C=C2)N=CC1C,CC(C)C(C)C(C)C(C)C(=O)C1OCC(C)C(C)C(C)CC(C2C=CC=C(C(F)C3C=CC=C(C(F)C4C=CCCC4)C3)C=C2)N=CC1C,C1CCOC1COC(C)C(C)C(=O)C1OCC(C)C(C)C(C)CC(C)C2C=CC=C(C(F)C3C=CC=C(C(F)C4C=CCCC4)C3)C=C2N=CC1C,C(C(C(C(C(C(C(C(C(C(C(C(C(C(C(C(C(C(C(C(C(C(C(C(C(C(C(C(C(C(C(C(C(C(C(C(C(C(C(C(C(C(C(C(C(C(C(C(C(C(C(C(C(C(C(C(C(C(C(C(C(C(C(C(C(C(C(C(C(C(C(C(C(C(C(C(C(C(C(C,C1CCC(O)C(O)C(O)C(C)C(C)C(=O)C1OCC(C)C(C)C(C)CC(C2C=CC=C(C(F)C3C=CC=C(C(F)C4C=CCCC4)C3)C=C2)N=CC1C
C1CCC(=NC(C)C1=CC=C(C(F)C2=CC=C(C(F)C3=CCCCC3)C2)C=C1)C1CCC(=O)C(O)C(O)C(O)C1,CCC(=NC(C)C1C=CC=C(C(F)C2C=CC=C(C(F)C3C=CCCC3)C2)C=C1)C1CCCC(=O)C(O)C(O)C(O)C1,CCC(=NC(C)C1C=CC=C(C(F)C2C=CC=C(C(F)C3C=CCCC3)C2)C=C1)C1CCCC(=O)C(O)C(O)C(O)C1,CC(C(=NC(C)C1=CC=CC(C(F)C2=CC=CC(C(F)C3=CCCCC3)C2)C=C1)C1CCCC(=O)C(O)C(O)C(O)C1),CCC(=NC(C)C1C=CC=C(C(F)C2C=CC=C(C(F)C3C=CCCC3)C2)C=C1)C1CCCC(=O)C(O)C(O)C(O)C1
C1CC1c2ccc(C(F)c3ccc(C(F)c4ccc(cc4)c3)cc2)N=C(O)C(O)C(O)C1OC,C1=CC(=O)OCC1N=C(C(C(=O)O)C2N=C(C(C(=O)O)C3N=C(C(C(=O)O)C4N=CC(C(=O)O)CC4C(=O)O)CC3C(=O)O)CC2C(=O)O)CC1C(=,C1CCC1OC(=O)N1C(=O)OCC1N1C(=O)OCC1N1C(=O)OCC1N1C(=O)OCC1N1C(=O)OCC1N1CCC1C(=O)O,C1CC(C(C2=CC=CC=C2)C3=CC=CC=C3)C4=CC=CC=C4C(C5=CC=CC=C5)C1N=C1C(C(C)C)O)C(C)C(O)C(O)O,C1=CC(=O)N(C(C(=O)O)C2=CC(=O)N(C(C(=O)O)C3=CC(=O)N(C(C(=O)O)C4=CC(=O)N(C(C(=O)O)C5=CC(=O)N(C(C(=O)O)C1=CC(=
CC1C=NC(C2C=CC=C(C(F)C3C=CC=C(C(F)C4C=CCCC4)C3)C=C2)CC(C)C(C)C(C)COC(C)C(C)C(O)C(O)C(O)C(=O)C1C,C1CC1C(=N)C(C2=C(C(C(C(C(C(C(C(C(C(C(C(C(C(C(C(C(C(C(C(C(C(C(C(C(C(C(C(C(C(C(C(C(C(C(C(C(C(C(C(C(C(C(C(C(C(C(C(C(C(C(C(C(C(C(C(C(C(C(C(C(C(C(C(C(C(C(C(C,CC1C=NC(C2C=CC=C(C(F)C3C=CC=C(C(F)C4C=CCCC4)C3)C=C2)CC(C)C(C)C(C)COC(C)C(C)C(O)C(O)C(O)C(=O)C1C(C)C,CC1C=NC(C2C=CC=C(C(F)C3C=CC=C(C(F)C4C=CCCC4)C3)C=C2)CC(C)C(C)C(C)COC(C)C(C)C(O)C(O)C(O)C(=O)C1C(C)C,CC1C=NC(C2C=CC=C(C(F)C3C=CC=C(C(F)C4C=CCCC4)C3)C=C2)CC(C)C(C)C(C)COC(C)C(C)C(O)C(O)C(O)C(=O)C1C
C1CC(C)C1C(=O)C(O)C(O)C(O)C(C)C(C)C(C)CC(C2C=CC=C(C(F)C3C=CC=C(C(F)C4C=CCCC4)C3)C=C2)N=CC1C,C1CCC(C)C(=O)C(O)C(O)C(O)C(C)C(C)C(C)CC(C2C=CC=C(C(F)C3C=CC=C(C(F)C4C=CCCC4)C3)C=C2)N=CC1C,C1CCC1C(=O)C(O)C(O)C(O)C(C)C(C)C(C)CC(C1C2C=CC=C(C(F)C3C=CC=C(C(F)C4C=CCC4)C3)C=C2)N=CC1C,C(C)C1C(=O)C(O)C(O)C(O)C(C)C(C)C(C)CC(C)C2C=CC=C(C(F)C3C=CC=C(C(F)C4C=CCCC4)C3)C=C2)N=CC1C,CC(C)C1C(=O)C(O)C(O)C(O)C(C)C(C)C(C)CC(C2C=CC=C(C(F)C3C=CC=C(C(F)C4C=CCCC4)C3)C=C2)N=CC1C
CC(=NC(C)C1C=CC=C(C(F)C2C=CC=C(C(F)C3C=CCCC3)C2)C=C1)C1CCCC(=O)C(O)C(O)C(O)C1,C1CC(=NC(C)C1C=CC=C(C(F)C2C=CC=C(C(F)C3C=CCCC3)C2)C=C1)C1CCCC(=O)C(O)C(O)C(O)C1,C1CC(=NC(C)C1=CC=C(C(F)C2=CC=C(C(F)C3=CC(C)C=CCC3)C2)C=C1)C1CCCC(=O)C(O)C(O)C(O)C1,C1CCC(=NC(C)C1=CC=C(C(F)C2=CC=C(C(F)C3=CCC(C)C=C3)C2)C=C1)C1CCC(=O)C(O)C(O)C(O)C1,CC(=NC(C)C1C=CC=C(C(F)C2C=CC=C(C(F)C3C=CCCC3)C2)C=C1)C1CCCC(=O)C(O)C(O)C(O)C1
C1CC(=NC(C2=C(C(C(C(C(C(C(C(C(C(C(C(C(C(C(C(C(C(C(C(C(C(C(C(C(C(C(C(C(C(C(C(C(C(C(C(C(C(C(C(C(C(C(C(C(C(C(C(C(C(C(C(C(C(C(C(C(C(C(C(C(C(C(C(C(C(C(C(C(C(C(C(C,C1CC1C=NC(C2C=CC=C(C(F)C3C=CC=C(C(F)C4C=CCCC4)C3)C=C2)CC(C)C(C)C(C)COC(C)C(C)C(O)C(O)C(O)C(=O)C1C,C1CC(=NC(C2CC=CC=C(C(F)C3CC=CC=C(C(F)C4CCC4)C3)C=C2)CC(C)C(C)C(C)COC(C)C(C)COC(C)C(C)COC(C)C(=O)C1,CC1C=NC(C2C=CC=C(C(F)C3C=CC=C(C(F)C4C=CCCC4)C3)C=C2)CC(C)C(C)C(C)COC(C)C(C)C(O)C(O)C(O)C(=O)C1C,CC1C=NC(C2C=CC=C(C(F)C3C=CC=C(C(F)C4C=CCCC4)C3)C=C2)CC(C)C(C)C(C)COC(C)C(C)C(O)C(O)C(O)C(=O)C1C
C1=C(F)[C@H]2[C@]3(C(=S)C1)[C@@]14S[C@@H]1CC(F)=C(F)[C@@]24,C1=CC(F)C2(C(F)C3(C(C(=S)C1)C2)C4(C(C(C(C(C(F)C3)C)C)C)C)C(F)C4)C2C3,C1=C(F)[C@H]2[C@]3(C(=S)C1)[C@@]14S[C@@H]1CC(F)=C(F)[C@@]24,C1=CC(F)C(F)[C@H]2[C@]3(C(=S)C1)[C@@]14S[C@]1CC(F)=C(F)[C@@]24,CC1=C(F)[C@H]2[C@]3(C(=S)C1)[C@@]14S[C@@H]1CC(F)=C(F)[C@@]24C
C1CCC(=NC(C)C1=CC=C(C(F)C2=CC=C(C(F)C3=CC(C)CCCC3)C2)C=C1)C1CCCC(=O)C(O)C(O)C(O)C1,C1CCC(=NC(C)C1C=CC=C(C(F)C2C=CC=C(C(F)C3C=CCCC3)C2)C=C1)C1CCCC(=O)C(O)C(O)C(O)C1,CC1CCC(=NC(C)C1=CC=C(C(F)C2=CC=C(C(F)C3=CCC(C(C)C)C3)C2)C=C1)C1CCCC(=O)C(O)C(O)C(O)C1,C1CCC(=NC(C)C1=CC=CC(C(F)C2=CC=CC(C(F)C3=CC=CCC3)C2)C=C1)C1CCCC(=O)C(O)C(O)C(O)C1,CCC(=NC(C)C1C=CC=C(C(F)C2C=CC=C(C(F)C3C=CCCC3)C2)C=C1)C1CCCC(=O)C(O)C(O)C(O)C1
C1CCC(=NC(C)C1=CC=C(C(F)C2=CC=C(C(F)C3=CCCCC3)C2)C=C1)C1CCCC(=O)C(O)C(O)C(O)C1,CC(=NC(C)C1C=CC=C(C(F)C2C=CC=C(C(F)C3C=CCCC3)C2)C=C1)C1CCCC(=O)C(O)C(O)C(O)C1,C1CCC(=NC(C)C1C=CC=C(C(F)C2C=CC=C(C(F)C3C=CCCC3)C2)C=C1)C1CCCC(=O)C(O)C(O)C(O)C1,C1CCC(=NC(C)C1=CC=C(C(F)C2=CC=C(C(F)C3=CCC(C)C3)C2)C=C1)C1CCCC(=O)C(O)C(O)C(O)C1,C1CCC(=NC(C)C1=CC=C(C(F)C2=CC=C(C(F)C3=CC(C)C=CCC3)C2)C=C1)C1CCCC(=O)C(O)C(O)C(O)C1
CC1C=NC(C2C=CC=C(C(F)C3C=CC=C(C(F)C4C=CCCC4)C3)C=C2)CC(C)C(C)C(C)C(O)C(O)C(O)C(=O)C1C,CC1C=NC(C2C=CC=C(C(F)C3C=CC=C(C(F)C4C=CCCC4)C3)C=C2)CC(C)C(C)C(C)C(O)C(O)C(O)C(=O)C1C,C1CC(=NC(C2=CC=CC(C(F)C3=CC=CC(C(F)C4=CCCCC4)C3)C=C2)C)CC(C)C(C)C(C)COC(C)COC(C)COC(C(=O))C1C,C1CC1CC2=NC(C3C=CC=C(C(F)C4C=CC=C(C(F)C5C=CCCC5)C4)C=C2)CC(C)C(C)C(C)COC1COC(C)COC(C)COC(=O)C1C,CC1C=NC(C2C=CC=C(C(F)C3C=CC=C(C(F)C4C=CCCC4)C3)C=C2)CC(C)C(C)C(C)C(O)C(O)C(O)C(=O)C1C(C)C
CC(C)C1C(=O)C(O)C(O)C(O)C(C)C(C)OCC(C)C(C)C(C)CC(C2C=CC=C(C(F)C3C=CC=C(C(F)C4C=CCCC4)C3)C=C2)N=CC1C,C1CC(C)C1C(=O)C(O)C(O)C(O)C(C)C(C)OCC(C)C(C)C(C)CC(C)C2C=CC=C(C(F)C3C=CC=C(C(F)C4C=CCCC4)C3)C=C2)N=CC1C,C1C(C)C(=O)C(O)C(O)C(O)C(C)C(C)OCC(C)C(C)C(C)CC(C)C1C(C(=CC(=CC(C(F)C)C(=CC(=CC(C(F)C)C1)C(C)C1)C)C)C)C)N=C1,C1CC(C)C1C(=O)C(O)C(O)C(O)C(C)C(C)OCC(C)C(C)C(C)CC(C2C=CC=C(C(F)C3C=CC=C(C(F)C4C=CCCC4)C3)C=C2)N=CC1C,CC(C)C1C(=O)C(O)C(O)C(O)C(C)C(C)OCC(C)C(C)C(C)CC(C2C=CC=C(C(F)C3C=CC=C(C(F)C4C=CCCC4)C3)C=C2)N=CC1C
C1CCC(=NC(C)C1=CC=C(C(F)C2=C(C(C(C(C(C(C(C(C(C(C(C(C(C(C(C(C(C(C(C(C(C(C(C(C(C(C(C(C(C(C(C(C(C(C(C(C(C(C(C(C(C(C(C(C(C(C(C(C(C(C(C(C(C(C(C(C(C(C(C(C(C(C,CCC(=NC(C)C1C=CC=C(C(F)C2C=CC=C(C(F)C3C=CCCC3)C2)C=C1)C1CCCC(=O)C(O)C(O)C(O)C1,CCC(=NC(C)C1C=CC=C(C(F)C2C=CC=C(C(F)C3C=CCCC3)C2)C=C1)C1CCCC(=O)C(O)C(O)C(O)C1,C1CCC(=NC(C)C1=CC=C(C(F)C2=CC=C(C(F)C3=C(CCCC3)C2)C=C1)C1CCCC(=O)C(O)C(O)C(O)C1,C1CCC(=NC(C)C1=CC=C(C(F)C2=CC=C(C(F)C3=CCC3)C2)C=C1)C1CCCC(=O)C(O)C(O)C(O)C1
CC(C)C1C(=O)C(O)C(O)C(O)C(C)C(C)C(C)CC(C2C=CC=C(C(F)C3C=CC=C(C(F)C4C=CCCC4)C3)C=C2)N=CC1C,CC(C)C1C(=O)C(O)C(O)C(O)C(C)C(C)C(C)CC(C2C=CC=C(C(F)C3C=CC=C(C(F)C4C=CCCC4)C3)C=C2)N=CC1C,C(C)C1C(=O)C(O)C(O)C(O)C(C)C(C)C(C)CC(C)C2C=CC=C(C(F)C3C=CC=C(C(F)C4C=CCCC4)C3)C=C2)C(C)N=CC1,CC(O)C(O)C(O)C(C)C(C)C(=O)C1OCC(C)C(C)C(C)CC(C2C=CC=C(C(F)C3C=CC=C(C(F)C4C=CCCC4)C3)C=C2)N=CC1C,CC(O)C(O)C(O)C(C)C(C)C(=O)C1OCC(C)C(C)C(C)CC(C2C=CC=C(C(F)C3C=CC=C(C(F)C4C=CCCC4)C3)C=C2)N=CC1C
CCC(=NC(C)C1C=CC=C(C(F)C2C=CC=C(C(F)C3C=CCCC3)C2)C=C1)C1CCCC(=O)C(O)C(O)C(O)C1,C1CCC(=NC(C)C1=CC=C(C(F)C2=CC=C(C(F)C3=CCCCC3)C2)C=C1)C1CCCC(=O)C(O)C(O)C(O)C1,CCC(=NC(C)C1C=CC=C(C(F)C2C=CC=C(C(F)C3C=CCCC3)C2)C=C1)C1CCCC(=O)C(O)C(O)C(O)C1,CCC(=NC(C)C1C=CC=C(C(F)C2C=CC=C(C(F)C3C=CCCC3)C2)C=C1)C1CCCC(=O)C(O)C(O)C(O)C1,CCC(=NC(C)C1C=CC=C(C(F)C2C=CC=C(C(F)C3C=CCCC3)C2)C=C1)C1CCCC(=O)C(O)C(O)C(O)C1
C1CCC(=NC(C)C1=CC=C(C(F)C2=CC=C(C(F)C3C=CCCC3)C2)C=C1)C1CCCC(=O)C(O)C(O)C(O)C1,C1CCC(=NC(C)C1=CC=C(C(F)C2=CC=C(C(F)C3=CCCCC3)C2)C=C1)C1CCCC(=O)C(O)C(O)C(O)C1,CCC(=NC(C)C1C=CC=C(C(F)C2C=CC=C(C(F)C3C=CCCC3)C2)C=C1)C1CCCC(=O)C(O)C(O)C(O)C1,CCC(=NC(C)C1C=CC=C(C(F)C2C=CC=C(C(F)C3C=CCCC3)C2)C=C1)C1CCCC(=O)C(O)C(O)C(O)C1,C1CCC(=NC(C)C1C=CC=C(C(F)C2C=CC=C(C(F)C3C=CCCC3)C2)C=C1)C1CCCC(=O)C(O)C(O)C(O)C1
CC(=NC(C)C1C=CC=C(C(F)C2C=CC=C(C(F)C3C=CCCC3)C2)C=C1)C1CCCC(=O)C(O)C(O)C(O)C1,CC1CCC(=NC(C)C1=CC=C(C(F)C2=CC=C(C(F)C3=CCCCC3)C2)C=C1)C1CCCC(=O)C(O)C(O)C(O)C1,CC(C(=NC(C)C1C=CC=C(C(F)C2C=CC=C(C(F)C3C=CCCC3)C2)C=C1)C1CCCC(=O)C(O)C(O)C(O)C1),CCC(=NC(C)C1C=CC=C(C(F)C2C=CC=C(C(F)C3C=CCCC3)C2)C=C1)C1CCCC(=O)C(O)C(O)C(O)C1,CCC(=NC(C)C1C=CC=C(C(F)C2C=CC=C(C(F)C3C=CCCC3)C2)C=C1)C1CCCC(=O)C(O)C(O)C(O)C1
C1=C(F)C(F)[C@H]2[C@]3(C(=S)C1)[C@@]14S[C@@H]1CC(F)=C(F)[C@@]24,CC1=C(F)[CH]2[C]3(C(=S)C1)[C]14S[C]1CC(F)=C(F)[C]24,CC1=C(F)[CH]2[C]3(C(=S)C1)[C]14S[C]1CC(F)=C(F)[C]24,C1=CC(F)C(F)C1[C@H]2[C@]3(C(=S)C1)[C@@]14S[C@@H]1CC(F)=C(F)[C@@]24C,C1=C(F)[C@H]2[C@]3(C(=S)C1)[C@@]14S[C@@H]1CC(F)=C(F)[C@@]24C
CC1=CC(C2=C(C(C(C(F)C3=C(C(C(C(C(C(C(C(C(C(C(C(C(C(C(C(C(C(C(C(C(C(C(C(C(C(C(C(C(C(C(C(C(C(C(C(C(C(C(C(C(C(C(C(C(C(C(C(C(C(C(C(C(C(C(C(C(C(C(C(C(C(C(C(C(C,CC1=CC(C2=C(C=C(C(F)C3=C(C=CC=C(C(F)C4=C(CCCC4)C3)C=C2)C)C)C=CC=C(C(F)C5=C(C=CC=C(C(F)C6=C(CCCC6)C5)C=C)C)N=CC(C)C(C),CC1C=NC(C2C=CC=C(C(F)C3C=CC=C(C(F)C4C=CCCC4)C3)C=C2)CC(C)C(C)C(C)C(O)C(O)C(O)C(=O)C1C,CC1=CC(C2C=CC=C(C(F)C3C=CC=C(C(F)C4C=CCCC4)C3)C=C2)N=CC(C)C(C)C(=O)C(O)C(O)C(O)C1C,CC1=CC(C2=C(C=C(C(F)C3=C(C(C(F)C4=C(C(C)C(C)C(=O)C(O)C(O)C(O)C4)C3)C=C2)C)C=C1)N=CC(C)C(C)C(=O)C(O)C(O)C(O)C1
CC1C=NC(C2C=CC=C(C(F)C3C=CC=C(C(F)C4C=CCCC4)C3)C=C2)CC(C)C(C)C(C)COC(C)C(C)C(O)C(O)C(O)C(=O)C1C(C)C,CC1C=NC(C2C=CC=C(C(F)C3C=CC=C(C(F)C4C=CCCC4)C3)C=C2)CC(C)C(C)C(C)COC(C)C(C)C(O)C(O)C(O)C(=O)C1C(C)C(C)C(C)C,CC1C=NC(C2C=CC=C(C(F)C3C=CC=C(C(F)C4C=CCCC4)C3)C=C2)CC(C)C(C)C(C)COC(C)C(C)C(O)C(O)C(O)C(=O)C1C(C)C,C1CC(=NC(C2CC=CC=C(C(F)C3CC=CC=C(C(F)C4C=CCCC4)C3)C=C2)CC(C)C(C)C(C)COC(C)C(C)COC(C)C(C)COC(C)C(C)C1OC1=O,C1CCC1C=NC(C2C=CC=C(C(F)C3C=CC=C(C(F)C4C=CCCC4)C3)C=C2)CC(C)C(C)C(C)COC(C)C(C)C(O)C(O)C(O)C(=O)C1C
CCC(=NC(C)C1C=CC=C(C(F)C2C=CC=C(C(F)C3C=CCCC3)C2)C=C1)C1CCCC(=O)C(O)C(O)C(O)C1,CC(=NC(C)C1C=CC=C(C(F)C2C=CC=C(C(F)C3C=CCCC3)C2)C=C1)C1CCCC(=O)C(O)C(O)C(O)C1,CC(=NC(C)C1C=CC=C(C(F)C2C=CC=C(C(F)C3C=CCCC3)C2)C=C1)C1CCCC(=O)C(O)C(O)C(O)C1,CCC(=NC(C)C1C=CC=C(C(F)C2C=CC=C(C(F)C3C=CCCC3)C2)C=C1)C1CCCC(=O)C(O)C(O)C(O)C1,CC1CCC(=NC(C)C1=CC=CC=C(C(F)C2=CC=CC(C(F)C3=CCCCC3)C2)C=C1)C1CCCC(=O)C(O)C(O)C(O)C1
CC1C=NC(C2C=CC=C(C(F)C3C=CC=C(C(F)C4C=CCCC4)C3)C=C2)CC(C)C(C)C(C)COC(C)C(C)C(O)C(O)C(O)C(=O)C1C,CC1C=NC(C2C=CC=C(C(F)C3C=CC=C(C(F)C4C=CCCC4)C3)C=C2)CC(C)C(C)C(C)COC(C)C(C)C(O)C(O)C(O)C(=O)C1C(C)C(C)C(C)C,C1CC(=NC(C2=CC=CC=C(C(F)C3=CC=CC=C(C(F)C4=CCCC4)C3)C=C2)C(C)C(C)C(C)COC(C)C(C)C(O)C(O)C(O)C(=O)C1C(C)C(C)C(C)C,CC1C=NC(C2C=CC=C(C(F)C3C=CC=C(C(F)C4C=CCCC4)C3)C=C2)CC(C)C(C)C(C)COC(C)C(C)C(O)C(O)C(O)C(=O)C1C(C)C,C1CC1C(=NC(C2=CC=CC(C(F)C3=CC=CC(C(F)C4=CCCC4)C3)C=C2)CC(C)C(C)C(C)COC(C)C(C)C(O)C(O)C(O)C(=O)C1C
CCC(=NC(C)C1C=CC=C(C(F)C2C=CC=C(C(F)C3C=CCCC3)C2)C=C1)C1CCCC(=O)C(O)C(O)C(O)C1,CC(=NC(C)C1C=CC=C(C(F)C2C=CC=C(C(F)C3C=CCCC3)C2)C=C1)C1CCCC(=O)C(O)C(O)C(O)C1,C1CCC(=NC(C)C1=CC=C(C(F)C2=CC=C(C(F)C3C=CCCC3)C2)C=C1)C1CCCC(=O)C(O)C(O)C(O)C1,C1CCC(=NC(C)C1C=CC=C(C(F)C2C=CC=C(C(F)C3C=CCCC3)C2)C=C1)C1CCCC(=O)C(O)C(O)C(O)C1,CCC(=NC(C)C1C=CC=C(C(F)C2C=CC=C(C(F)C3C=CCCC3)C2)C=C1)C1CCCC(=O)C(O)C(O)C(O)C1
CC1CC(=NC(C)C2C=CC=C(C(F)C3C=CC=C(C(F)C4C=CCCC4)C3)C=C2)CCCC(=O)C(O)C(O)C1O,C1CC(=NC(C)C2C=CC=C(C(F)C3C=CC=C(C(F)C4C=CCCC4)C3)C=C2)CCCC(=O)C(O)C(O)C1O,C1CC(=NC(C)C2C=CC=C(C(F)C3C=CC=C(C(F)C4C=CCCC4)C3)C=C2)CCCC(=O)C(O)C(O)C1O,C1CC(=NC(C)C2C=CC=C(C(F)C3C=CC=C(C(F)C4C=CCCC4)C3)C=C2)CCCC(=O)C(O)C(O)C1O,C1CC(=NC(C)C2C=CC=C(C(F)C3C=CC=C(C(F)C4C=CCCC4)C3)C=C2)CCCC(=O)C(O)C(O)C1O
C1CCC(=NC(C)C1=CC=C(C(F)C2=CC=C(C(F)C3C=CC=C(C(C)C3)C2)C=C1)C1CCCC(=O)C(O)C(O)C(O)C1,C1CCC(=NC(C)C1C=CC=C(C(F)C2C=CC=C(C(F)C3C=CCCC3)C2)C=C1)C1CCCC(=O)C(O)C(O)C(O)C1,CC(=NC(C)C1C=CC=C(C(F)C2C=CC=C(C(F)C3C=CCCC3)C2)C=C1)C1CCCC(=O)C(O)C(O)C(O)C1,C1CCC(=NC(C)C1=CC=CC(C(F)C2=CC=CC(C(F)C3=CCCCC3)C2)C=C1)C1CCCC(=O)C(O)C(O)C(O)C1,C1CCC(=NC(C)C1=CC=C(C(F)C2=CC=C(C(F)C3=CC(C)CCCC3)C2)C=C1)C1CCCC(=O)C(O)C(O)C(O)C1
CC(=NC(C)C1C=CC=C(C(F)C2C=CC=C(C(F)C3C=CCCC3)C2)C=C1)C1CCCC(=O)C(O)C(O)C(O)C1,C1CCC(=NC(C)C1=CC=C(C(F)C2=CC=C(C(F)C3=CCCCC3=C2)C2)C=C1)C1CCCC(=O)C(O)C(O)C(O)C1,CCC(=NC(C)C1C=CC=C(C(F)C2C=CC=C(C(F)C3C=CCCC3)C2)C=C1)C1CCCC(=O)C(O)C(O)C(O)C1,C1CCC(=NC(C)C1=CC=C(C(F)C2=CC=C(C(F)C3=CCC(C=C3)C2)C=C1)C1CCCC(=O)C(O)C(O)C(O)C1,C1CCC(=NC(C)C1C=CC=C(C(F)C2C=CC=C(C(F)C3C=CCCC3)C2)C=C1)C1CCCC(=O)C(O)C(O)C(O)C1
CC(C)C(C)C(C)C1C(=O)C(O)C(O)C(O)C(C)C(C)OCC(C)C(C)C(C)CC(C)C2C=CC=C(C(F)C3C=CC=C(C(F)C4C=CCCC4)C3)C=C2N=CC1C,C1CCC1C(C)C(C)C(C)C(=O)C(O)C(O)C(O)C(C)C(C)OCC(C)C(C)C(C)CC(C2C=CC=C(C(F)C3C=CC=C(C(F)C4C=CCCC4)C3)C=C2)N=CC1C,CC(C)C(C)C(C)C1C(=O)C(O)C(O)C(O)C(C)C(C)OCC(C)C(C)C(C)CC(C)C1C(C(C(C(C(C(C(C(C(C(C(C(C(C(C(C(C(C(C(C(C(C(C(C(C(C(C(C(C(C(C(C(C(C(C,C1CC(C)C(C)C(C)C1C(=O)C(O)C(O)C(O)C(C)C(C)OCC(C)C(C)C(C)CC(C2C=CC=C(C(F)C3C=CC=C(C(F)C4C=CCCC4)C3)C=C2)N=CC1C,C1CCC(C1)C(C)C(C)C(C)C1C(=O)C(O)C(O)C(O)C(C)C(C)OCC(C)C(C)C(C)CC(C)C1C=CC=CC1(C(F)C1=CC=CC(C(F)C1=CC=CC1)C1CCCC
C1CCC(=NC(C)C1C=CC=C(C(F)C2C=CC=C(C(F)C3C=CCCC3)C2)C=C1)C1CCCC(=O)C(O)C(O)C(O)C1,C1CCC(=NC(C)C1C=CC=C(C(F)C2C=CC=C(C(F)C3C=CCCC3)C2)C=C1)C1CCCC(=O)C(O)C(O)C(O)C1,C1CCC(=NC(C)C1=CC=CC(C(F)C2=CC=CC(C(F)C3=CCCCC3)C2)C=C1)C1CCCC(=O)C(O)C(O)C(O)C1,C1CCC(=NC(C)C1=CC=C(C(F)C2=CC=C(C(F)C3=CCCCC3)C2)C=C1)C1CCCC(=O)C(O)C(O)C(O)C1,CCC(=NC(C)C1C=CC=C(C(F)C2C=CC=C(C(F)C3C=CCCC3)C2)C=C1)C1CCCC(=O)C(O)C(O)C(O)C1
CC1C(c2ccc(C(F)c3ccc(C(F)c4ccc(O)cc4)cc3)cc2)C1(N=C(O)C(O)C(O)C1O),C1CC1C=NC(C2C=CC=C(C(F)C3C=CC=C(C(F)C4C=CCCC4)C3)C=C2)CC(C)C(C)C(C)COC(C)C(C)C(O)C(O)C(O)C(=O)C1C,C1CC(C(C2=CC=CC=C2)C3=CC(=C(C=C3)C(F)C4=CC=CC=C4)C(F))C5=CC(=C(C=C5)C1)N=COc6ccccc6C7=CC(=O)O7,CC1C=NC(C2C=CC=C(C(F)C3C=CC=C(C(F)C4C=CCCC4)C3)C=C2)CC(C)C(C)C(C)COC(C)C(C)C(O)C(O)C(O)C(=O)C1C,C1CC2C=NC(C3C=CC=C(C(F)C4C=CC=C(C(F)C5C=CC=C(C(F)C6C=CCCC6)C5)C4)C=C2)CC(C)C(C)C(C)COC(C)C(C)C(O)C(O)C(O)C(=O)
C1CCC(=NC(C)C1C=CC=C(C(F)C2C=CC=C(C(F)C3C=CCCC3)C2)C=C1)C1CCCC(=O)C(O)C(O)C(O)C1,CC(=NC(C)C1C=CC=C(C(F)C2C=CC=C(C(F)C3C=CCCC3)C2)C=C1)C1CCCC(=O)C(O)C(O)C(O)C1,CCC(=NC(C)C1C=CC=C(C(F)C2C=CC=C(C(F)C3C=CCCC3)C2)C=C1)C1CCCC(=O)C(O)C(O)C(O)C1,C1CCC(=NC(C)C1=CC=C(C(F)C2=CC=C(C(F)C3=CC=CC=C3)C2)C=C1)C1CCCC(=O)C(O)C(O)C(O)C1,C1CCC(=NC(C)C1C=CC=C(C(F)C2C=CC=C(C(F)C3C=CCCC3)C2)C=C1)C1CCCC(=O)C(O)C(O)C(O)C1
C1CC2C(=NC(C3C=CC=C(C(F)C4C=CC=C(C(F)C5C=CC=C(C(F)C6C=CCCC6)C5)C4)C=C2)C=C3)CC(C)C(C)C(C)COC(C)C(C)C(O)C(O)C(O),C1CC(=NC(C2=CC=CC=C(C(F)C3=CC=CC(C(F)C4=CCCC4)C3)C=C2)CC(C)C(C)C(C)COC(C)C(C)C(O)C(O)C(O)C(=O)C1C,CC1C=NC(C2C=CC=C(C(F)C3C=CC=C(C(F)C4C=CCCC4)C3)C=C2)CC(C)C(C)C(C)COC(C)C(C)C(O)C(O)C(O)C(=O)C1C,C1CCC(=NC2=C(C(C(C(C(C(C(C(C(C(C(C(C(C(C(C(C(C(C(C(C(C(C(C(C(C(C(C(C(C(C(C(C(C(C(C(C(C(C(C(C(C(C(C(C(C(C(C(C(C(C(C(C(C(C(C(C(C(C(C(C(C(C(C(C(C(C(C(C(C(C(C(C(C,C1CC(=NC(C2=CC=CC(C(F)C3=CC=CC(C(F)C4=CCCC4)C3)C=C2)CC(C)C(C)C(C)COC(C)C(C)C(O)C(O)C(O)C(=O)C1C
CCC(=NC(C)C1C=CC=C(C(F)C2C=CC=C(C(F)C3C=CCCC3)C2)C=C1)C1CCCC(=O)C(O)C(O)C(O)C1,C1CCC(=NC(C)C1=CC=C(C(F)C2=CC=C(C(F)C3C=CC=C(C(C)C3)C2)C=C1)C1CCCC(=O)C(O)C(O)C(O)C1,C1CCC(=NC(C)C1=CC=C(C(F)C2=CC=C(C(F)C3=CCC(C(C)C3)C2)C=C1)C1CCCC(=O)C(O)C(O)C(O)C1,C1CCC(=NC(C)C1=CC=CC1(C(F)C2=CC=CC(C(F)C3CCCCC3)C2)C=C1)C1CCCC(=O)C(O)C(O)C(O)C1,CCC(=NC(C)C1C=CC=C(C(F)C2C=CC=C(C(F)C3C=CCCC3)C2)C=C1)C1CCCC(=O)C(O)C(O)C(O)C1
C(C)C1C(=O)C(O)C(O)C(O)C(C)C(C)C(C)CC(C)C2C=CC=C(C(F)C3C=CC=C(C(F)C4C=CCCC4)C3)C=C2)N=CC1C,CC(C)C1C(=O)C(O)C(O)C(O)C(C)C(C)C(C)CC(C2C=CC=C(C(F)C3C=CC=C(C(F)C4C=CCCC4)C3)C=C2)N=CC1C,C(C)C1C(=O)C(O)C(O)C(O)C(C)C(C)C(C)C(C)C1C(C2C=CC=C(C(F)C3C=CC=C(C(F)C4C=CCCC4)C3)C=C2)C(C)N=CC1,CC(C)C1C(=O)C(O)C(O)C(O)C(C)C(C)C(C)CC(C2C=CC=C(C(F)C3C=CC=C(C(F)C4C=CCCC4)C3)C=C2)N=CC1C,C1CCC(=NC(C)C1=CC=CC(C(F)C2=CC=CC(C(F)C3=CCCCC3)C2)C=C1)C1CCCC(=O)C(O)C(O)C(O)C1
CC(C)C1C(=O)C(O)C(O)C(O)C(C)C(C)OCC(C)C(C)C(C)CC(C)C1C=CC=CC1C=CC=CC1C=CC=CC1C(F)C=CC=CC1C(F)C=CC=CC1C=CCCC1N,CC(C)C1C(=O)C(O)C(O)C(O)C(C)C(C)OCC(C)C(C)C(C)CC(C)C1C(=CC(=CC(=C(C(F)C2=C(C(=C(C(F)C3=C(C(=C(C(C)C)C4CCCC4)C3))C2)),C(C)C1C(=O)C(O)C(O)C(O)C(C)C(C)OCC(C)C(C)C(C)CC(C)C1C(=CC(=CC(C(F)C2C(=CC(=C(C(F)C3C(=CC(=C(C(F)C4C(=CCCC4)C3)C2),CC(C)C1C(=O)C(O)C(O)C(O)C(C)C(C)OCC(C)C(C)C(C)CC(C)C1C(C(=C(C(F)C2C=CC=C(C(F)C3C=CC=C(C(F)C4C=CCCC4)C3)C=C2)C),CC(C)C1C(=O)C(O)C(O)C(O)C(C)C(C)OCC(C)C(C)C(C)CC(C)C2C=CC=C(C(F)C3C=CC=C(C(F)C4C=CCCC4)C3)C=C2)N=CC1C
C1=Oc2ccccc2C(=O)C1(C(C3=CC=CC=C3)C4CCC5(C(C(C(C(C(C5)C(C(C(C(C(C4)C(C(C(C(C(C(C(C(C(C(C(C(C(C(C(C(C(C(C(C(C(C(C(C(C(C(C(C(C(C(C(C(C(C(C,C1=Oc2ccccc2C(=O)C1(C(C)c3ccccc3)C(C)c4ccc5ccccc5C6CCCC6c4C(C)c7ccccc7C(C(F)c8ccccc8)c9ccccc9C1(C(F)c10ccccc10)c11ccccc11C1(C)C(C)c1,C1=Oc2ccccc2C(=O)C1(C)c1ccccc1OC(=N)c1ccccc1C1CCCCC1c1ccccc1C1(c2ccccc2)c1ccccc1C1(C(F)c2ccccc2)c1ccccc1C(F)c1ccccc1,CC(C)C(C)C(C)C(=O)C(C)C(O)C(O)C(C)C(O)C1OCC(C)C(C)C(C)CC(C2C=CC=C(C(F)C3C=CC=C(C(F)C4C=CCCC4)C3)C=C2)N=CC1C,CC(O)C(O)C(O)C(C)C(C)C(=O)C1OCC(C)C(C)C(C)CC(C2C=CC=C(C(F)C3C=CC=C(C(F)C4C=CCCC4)C3)C=C2)N=CC1C
CC(=NC(C)C1C=CC=C(C(F)C2C=CC=C(C(F)C3C=CCCC3)C2)C=C1)C1CCCC(=O)C(O)C(O)C(O)C1,C1CCC(=NC(C)C1=CC=C(C(F)C2=CC=C(C(F)C3=CCC(C)C3)C2)C=C1)C1CCCC(=O)C(O)C(O)C(O)C1,CCC(=NC(C)C1C=CC=C(C(F)C2C=CC=C(C(F)C3C=CCCC3)C2)C=C1)C1CCCC(=O)C(O)C(O)C(O)C1,CCC(=NC(C)C1C=CC=C(C(F)C2C=CC=C(C(F)C3C=CCCC3)C2)C=C1)C1CCCC(=O)C(O)C(O)C(O)C1,C1CCC(=NC(C)C1=CC=C(C(F)C2=CC=C(C(F)C3=CCCCC3)C2)C=C1)C1CCCC(=O)C(O)C(O)C(O)C1
CC(C)C1C(=O)C(O)C(O)C(O)C(C)C(C)OCC(C)C(C)C(C)CC(C2C=CC=C(C(F)C3C=CC=C(C(F)C4C=CCCC4)C3)C=C2)N=CC1C,C1CC(C)C1C(=O)C(O)C(O)C(O)C(C)C(C)OCC(C)C(C)C(C)CC(C)C2C=CC=C(C(F)C3C=CC=C(C(F)C4C=CCCC4)C3)C=C2N=CC1C,CC(C)C1C(=O)C(O)C(O)C(O)C(C)C(C)OCC(C)C(C)C(C)CC(C2C=CC=C(C(F)C3C=CC=C(C(F)C4C=CCCC4)C3)C=C2)N=CC1C,C(C)C1C(=O)C(O)C(O)C(O)C(C)C(C)OCC(C)C(C)C(C)CC(C)C1(C(C)C(C(C)C(=C(C(F)C)C)C)C)C(=C(C(F)C)C)C)N=CC1,C1CCC1C(=O)C(O)C(O)C(O)C(C)C(C)OCC(C)C(C)C(C)CC(C2C=CC=C(C(F)C3C=CC=C(C(F)C4C=CCCC4)C3)C=C2)N=CC1C
C1CCC1C(=O)C(O)C(O)C(O)C(C)C(C)OCC(C)C(C)C(C)CC(C)C1C=CC=CC1C=CC=CC1C=CC=CC1C=CC=CC1C(F)C=CC=CC1C(F)C=CC=CC1,C1CCC1C2C(=N)C(C(C)C(C)C(C)C(O)C(O)C(O)C(=O)C3CCC3)C1C1C=CC=C(C(F)C2C=CC=C(C(F)C3C=CCC3)C2)C=C1,CC(C)C1C(=O)C(O)C(O)C(O)C(C)C(C)OCC(C)C(C)C(C)CC(C)C1C=CC=CC1C=CC=CC1C=CC=CC1C=CCCC1N,C(C)C1C(=O)C(O)C(O)C(O)C(C)C(C)OCC(C)C(C)C(C)CC(C)C1C=CC=CC1C=CC=CC1C=CC=CC1C(F)C=CC=CC1C(F)C=CC=CC1C=CCCC1N,C1CCC(C)C1C(=O)C(O)C(O)C(O)C(C)C(C)OCC(C)C(C)C(C)CC(C)C1C=CC=CC1C=CC=CC1C=CC=CC1C=CC=CC1C(F)C=CC=CC1C(F)C=CC
CCC(=NC(C)C1C=CC=C(C(F)C2C=CC=C(C(F)C3C=CCCC3)C2)C=C1)C1CCCC(=O)C(O)C(O)C(O)C1,CCC(=NC(C)C1C=CC=C(C(F)C2C=CC=C(C(F)C3C=CCCC3)C2)C=C1)C1CCCC(=O)C(O)C(O)C(O)C1,CC(=NC(C)C1C=CC=C(C(F)C2C=CC=C(C(F)C3C=CCCC3)C2)C=C1)C1CCCC(=O)C(O)C(O)C(O)C1,CCC(=NC(C)C1C=CC=C(C(F)C2C=CC=C(C(F)C3C=CCCC3)C2)C=C1)C1CCCC(=O)C(O)C(O)C(O)C1,CC(C(=NC(C)C1C=CC=C(C(F)C2C=CC=C(C(F)C3C=CCCC3)C2)C=C1)C1CCCC(=O)C(O)C(O)C(O)C1)
CC(O)C(O)C(O)C(C)C(C)C(=O)C1OCC(C)C(C)C(C)CC(C2C=CC=C(C(F)C3C=CC=C(C(F)C4C=CCCC4)C3)C=C2)N=CC1C,CC(C)C(C)C(C)C(=O)C1OCC(C)C(C)C(C)CC(C2C=CC=C(C(F)C3C=CC=C(C(F)C4C=CCCC4)C3)C=C2)N=CC1C,C1CCOC1COC1C(C)C(C)C(=O)C1OCC(C)C(C)C(C)CC(C2C=CC=C(C(F)C3C=CC=C(C(F)C4C=CCCC4)C3)C=C2)N=CC1C,C(C(=O)C(C)C(C)C(C)C(=O)C1OCC(C)C(C)C(C)CC(C2C=CC=C(C(F)C3C=CC=C(C(F)C4C=CCCC4)C3)C=C2)N=CC1C,CC(C)C(C)C(=O)C1OCC(C)C(C)C(C)CC(C)C2C=CC=C(C(F)C3C=CC=C(C(F)C4C=CCCC4)C3)C=C2)C(C)N=CC1
C1CCCOCC1C(C)C(=O)C1OC(C)C(C)C(C)CC(C)C(C(C)C(C)C(C(C)C(C)C(C(C)C(C)C(C(C)C(C)C(C(C)C(C)C(C(C)C(C)C(C(C)C(C)C(C(C),CC(=O)Nc1ccc(cc1)C(F)C(F)CFNc1ccc(cc1)C(F)C(F)C(=O)Nc1ccc(cc1)C(F)C(F)C(=O)Nc1ccc(cc1)C(F)C(F)CFNc1ccc(cc1)C(F)C(F)C,C1=NC(=O)N(C(C(=O)N(C(C(=O)N(C(C(=O)N(C(C(=O)N(C(C(=O)N(C(C(=O)N(C(C(=O)N(C(C(=O)N(C(C(=O)N(C(C(=O)N(C(C(=O)N(C(C(=O)N,CC(=O)Nc1ccc(cc1)C(=O)Nc1ccc(cc1)C(=O)Nc1ccc(cc1)C(=O)Nc1ccc(cc1)C(=O)Nc1ccc(cc1)C(=O)Nc1ccc(cc1)C(=O)Nc1ccc(cc1)C(=O,C1=O[NH]C/C=C/C1[C@H]1[C]2[C]3[C]([NH]C[C]([NH]C[C]([NH]C[C]([NH]C[C]([NH]C[C]([NH]C[C]([NH]C[C]([NH]C[C]([NH]C[C]([
CC1C=NC(C2C=CC=C(C(F)C3C=CC=C(C(F)C4C=CCCC4)C3)C=C2)CC(C)C(C)C(C)COC(C)C(C)C(O)C(O)C(O)C(=O)C1C(C)C,CC1C=NC(C2C=CC=C(C(F)C3C=CC=C(C(F)C4C=CCCC4)C3)C=C2)CC(C)C(C)C(C)COC(C)C(C)C(O)C(O)C(O)C(=O)C1C(C)C(C)C(C)C,CC1C=NC(C2C=CC=C(C(F)C3C=CC=C(C(F)C4C=CCCC4)C3)C=C2)CC(C)C(C)C(C)COC(C)C(C)C(O)C(O)C(O)C(=O)C1C,CC1C=NC(C2C=CC=C(C(F)C3C=CC=C(C(F)C4C=CCCC4)C3)C=C2)CC(C)C(C)C(C)COC(C)C(C)C(O)C(O)C(O)C(=O)C1C(C)C(C)C(C)C,CC1C=NC(C2C=CC=C(C(F)C3C=CC=C(C(F)C4C=CCCC4)C3)C=C2)CC(C)C(C)C(C)C(O)C(O)C(O)C(=O)C(C)CCC1
C1CC1,C1=O[N]C/C=C/C1O[C]2[C]3[C]4[C]5[C]6[C]7[C]8[C]9[C]10[C]11[C]12[C]13[C]14[C]15[C]16[C]17[C]18[C]19[C]20[C]21[C]22[C]23[C],C1=NC(C(C(C(C1O)O)N2C3C(NCCO)N(C(C3=O)C4=CC=CC=C4)N2C5=C(C(C(C5)O)O)C6=C(C(C(C6)O)O)O)C7=C(C(C(C7)O)O)C8,C1=O[NH]C[C@]12[C@H](O)[C@H](N1C=CC(=O)Nc1ccc(cc1)C(F)C)C(=O)Nc1ccc(cc1)C(=O)N[C@H]2[C@H](O)C1=CC=CC=C1O,C1CC(=O)N(C(C(C(C1O)C2=CC=CC=C2)C3=NC4=C(N(C)C5=C(C(=O)N(C(C(C5)O)C6=CC=CC=C6)C)C)C(=O)N(C(C(C4)O)C)C)C)C=C
C1CC(=NC(C2CC=CC=C(C(F)C3CC=CC=C(C(F)C4CCCCC4)C3)C=C2)CC(=O)C1C(C)C(=O)C(C)C(=O)C1C,C1CC(=NC(C2CC=CC=C(C(F)C3CC=CC=C(C(F)C4CC(C)C(C)C4)C3)C=C2)CC(C)C(O)C(O)C(O)C(=O)C1C)C,CC1C=NC(C2C=CC=C(C(F)C3C=CC=C(C(F)C4C=CCCC4)C3)C=C2)CC(C(=O)C(C(=O)C(C(=O)C(C(=O)C1)C)C)C)C,CC1C=NC(C2C=CC=C(C(F)C3C=CC=C(C(F)C4C=CCCC4)C3)C=C2)CC(C)C(C)C(O)C(O)C(O)C(=O)C1C,C1CC(=NC(C2=C(C(C(C(C(C(C(C(C(C(C(C(C(C(C(C(C(C(C(C(C(C(C(C(C(C(C(C(C(C(C(C(C(C(C(C(C(C(C(C(C(C(C(C(C(C(C(C(C(C(C(C(C(C(C(C(C(C(C(C(C(C(C(C(C(C(C(C(C(C(C(C(C
CCC(=NC(C)C1=CC=CC(C(F)C2=CC=CC(C(F)C3=CCCCC3)C2)C=C1)C1CCCC(=O)C(O)C(O)C(O)C1,C1CCC(=N)C(C2C=CC=C(C(F)C3C=CC=C(C(F)C4C=CCCC4)C3)C=C2)CC(C)C(O)C(O)C(O)C1=O,CC1CCC=NC(C2C=CC=C(C(F)C3C=CC=C(C(F)C4C=CCCC4)C3)C=C2)CC(C)C(O)C(O)C(O)C1=O,C1CCC(=NC(C)C2C=CC=C(C(F)C3C=CC=C(C(F)C4C=CCCC4)C3)C=C2)CC(C)C(O)C(O)C(O)C1=O,CC1CCC=NC(C2C=CC=C(C(F)C3C=CC=C(C(F)C4C=CCCC4)C3)C=C2)CC(C)C(O)C(O)C(O)C1=O
CC1CC(C2C=CC=C(C(F)C3C=CC=C(C(F)C4C=CCCC4)C3)C=C2)C(=N)CCC1C(=O)C(O)C(O)C1O,CC1CC(=NC(C)C2C=CC=C(C(F)C3C=CC=C(C(F)C4C=CCCC4)C3)C=C2)CCCC(=O)C(O)C(O)C1O,CC1CC(=NC(C)C2C=CC=C(C(F)C3C=CC=C(C(F)C4C=CCCC4)C3)C=C2)CCCC(=O)C(O)C(O)C1O,C1CC(=NC(C)C2C=CC=C(C(F)C3C=CC=C(C(F)C4C=CCCC4)C3)C=C2)CCCC(=O)C(O)C(O)C1O,C1CC1CC(=NC(C)C2C=CC=C(C(F)C3C=CC=C(C(F)C4C=CCCC4)C3)C=C2)CCCC(=O)C(O)C(O)C1O
CC1C=NC(C2C=CC=C(C(F)C3C=CC=C(C(F)C4C=CCCC4)C3)C=C2)CC(C)C(O)C(O)C(O)C(=O)C1C,C1CC1C(=N)C(C2C=CC=C(C(F)C3C=CC=C(C(F)C4C=CCCC4)C3)C=C2)CC(C)C(O)C(O)C(O)C(=O)C1C,CC1C=NC(C2C=CC=C(C(F)C3C=CC=C(C(F)C4C=CCCC4)C3)C=C2)CC(C)C(O)C(O)C(O)C(=O)C1C,CC1C=NC(C2C=CC=C(C(F)C3C=CC=C(C(F)C4C=CCCC4)C3)C=C2)CC(C)C(O)C(O)C(O)C(=O)C1C,CC1C=NC(C2C=CC=C(C(F)C3C=CC=C(C(F)C4C=CCCC4)C3)C=C2)CC(C)C(O)C(O)C(O)C(=O)C1C
CC1=C(F)[C@H]2[C@]3(C(=S)C1)[C@@]14S[C@@H]1CC(F)=C(F)[C@@]24C,CC1=C(F)[C@H]2[C@]3(C(=S)C1)[C@@]14S[C@@H]1CC(F)=C(F)[C@@]24C,CC1=C(F)C(F)C2(C(C(C(=S)C1)(C3(C(C(C4C(C(C(C(C(C(C(C(C(C(C(C(C(C(C(C(C(C(C(C(C(C(C(C(C(C(C(C(C(C(C(C(C(C(C(C(C(C(C(C(C(C(C(C(C(C(C(C(C(C(C(C(C(C(C,CC1=CC(F)=C(F)C(F)(C1)C2=CC(F)C(F)(C2)C3=CC(F)C(F)(C3)S,CC1=C(F)[C@H]2[C@]3(C(=S)C1)[C@@]14S[C@@H]1CC(F)=C(F)[C@@]24C
CC1C=NC(C2C=CC=C(C(F)C3C=CC=C(C(F)C4C=CCCC4)C3)C=C2)CC(C)C(C)C(C)C(O)C(O)C(O)C(=O)C(C)CCC1,C1CC(=NC(C2C=CC=C(C(F)C3C=CC=C(C(F)C4C=CCCC4)C3)C=C2)CC(C)C(C)C(C)C(O)C(O)C(O)C(=O)C(C)CCC1,C1CCC(=N)C2C=CC=C(C(F)C3C=CC=C(C(F)C4C=CCCC4)C3)C=C2CC(C)C(C)C(C)C(C)C(C)C(C)C(O)C(O)C(O)C(=O)C(C)CCC1,CC1C=NC(C2C=CC=C(C(F)C3C=CC=C(C(F)C4C=CCCC4)C3)C=C2)CC(C)C(C)C(C)C(O)C(O)C(O)C(=O)C(C)CCC1,C1CC(=NC(C2=C(C=C(C(F)C3=C(C=C(C(F)C4=C(C=CC=C(C(F)C5=C(C=CC=C(C(F)C6=C(C=CC=C(C(F)C7=C(C=CC=C(C(F)C8=C(C=CC=C(C(F)C9=C(C=CC=C(C(F
CC1C=NC(C2C=CC=C(C(F)C3C=CC=C(C(F)C4C=CCCC4)C3)C=C2)CC(C)C(C)C(C)C(O)C(O)C(O)C(=O)C(C)CCC1,C1CC=NC(C2C=CC=C(C(F)C3C=CC=C(C(F)C4C=CCCC4)C3)C=C2)CC(C)C(C)C(C)C(O)C(O)C(O)C(=O)C(C)CCC1,C1CC(=NC(C2=C(C=CC=C(C(F)C3=C(C=CC=C(C(F)C4=CCCC4)C3)C=C2)C)C(C)C(C)C(C)C(O)C(O)C(O)C(=O)C(C)CCC1)C(C)C,C1CC2C(=NC(C3C=CC=C(C(F)C4C=CC=C(C(F)C5C=CCCC5)C4)C=C3)C=C2)CC(C)C(C)C(C)C(O)C(O)C(O)C(=O)C(C)CCC1,CC1C=NC(C2C=CC=C(C(F)C3C=CC=C(C(F)C4C=CCCC4)C3)C=C2)CC(C)C(C)C(C)C(O)C(O)C(O)C(=O)C(C)CCC1
CC1C=NC(C2C=CC=C(C(F)C3C=CC=C(C(F)C4C=CCCC4)C3)C=C2)CC(C(=O)C)C(=O)C(=O)C(=O)C1,C1CC(=NC(C2=CC=CC(C(F)C3=CC=CC(C(F)C4=CCCC4)C3)C=C2)CC(C)C(O)C(O)C(O)C(=O)C1C)CC,C1CC(=NC(C2=C(C(C(C(C(C(C(C(C(C(C(C(C(C(C(C(C(C(C(C(C(C(C(C(C(C(C(C(C(C(C(C(C(C(C(C(C(C(C(C(C(C(C(C(C(C(C(C(C(C(C(C(C(C(C(C(C(C(C(C(C(C(C(C(C(C(C(C(C(C(C(C(C,CC1C=NC(C2C=CC=C(C(F)C3C=CC=C(C(F)C4C=CCCC4)C3)C=C2)CC(C)C(C)C(O)C(O)C(O)C(=O)C1C,C1CC(=NC(C2=CC=CC(C(F)C3=CC=CC(C(F)C4=CCCCC4)C3)C=C2)CC(C)C(O)C(O)C(O)C(=O)C1C
CC1C=NC(C2C=CC=C(C(F)C3C=CC=C(C(F)C4C=CCCC4)C3)C=C2)CC(C)C(C)C(C)COC(C)C(C)C(O)C(O)C(O)C(=O)C1C(C)C,CC1=CC=CC=C(C(C)N=C2CCCC(=O)C(O)C(O)C(O)C(C)C(C)C2)C=CC2=C(C(C)C3=C(CCCC3)C2F)C1F,CC1C=NC(C2C=CC=C(C(F)C3C=CC=C(C(F)C4C=CCCC4)C3)C=C2)CC(C)C(C)C(C)COC(C)C(C)C(O)C(O)C(O)C(=O)C1C(C)C,C1=CC=CC=C(C(C)N=C2CCCC(=O)C(O)C(O)C(O)C(C)C(C)C2)C=CC2=C(C(C)C(C)C)C=CC2=C(C(C)C(C)C)C1=C(C)C(C)C(C)C(C)C(C)C(C,C1CC(=NC(C2=C(C(C(C(C(C(C(C(C(C(C(C(C(C(C(C(C(C(C(C(C(C(C(C(C(C(C(C(C(C(C(C(C(C(C(C(C(C(C(C(C(C(C(C(C(C(C(C(C(C(C(C(C(C(C(C(C(C(C(C(C(C(C(C(C(C(C(C(C(C(C(C(C
CC1CCCCCC2C=CC(C3C=CC=C(C(F)C4C=CC=C(C(F)C5C=CCCC5)C4)C=C3)N=C2CC(C)C(C)C(C)COC1=O,CC1CCCCCC2C=CC(C3C=CC=C(C(F)C4C=CC=C(C(F)C5C=CCCC5)C4)C=C3)N=C2CC(C)C(C)C(C)C(O)C(O)C(O)C1=O,CC1CCCCC2C=CC(C3C=CC=C(C(F)C4C=CC=C(C(F)C5C=CCCC5)C4)C=C3)N=C2CC(C)C(C)C(C)C(O)C(O)C(O)C1=O,CC1CCCCCC2C=CC(C3C=CC=C(C(F)C4C=CC=C(C(F)C5C=CCCC5)C4)C=C3)N=C2CC(C)C(C)C(C)C(O)C(O)C(O)C1=O,CC1CCCCCC2C=CC(C3C=CC=C(C(F)C4C=CC=C(C(F)C5C=CCCC5)C4)C=C3)N=C2CC(C)C(C)C(C)COC1=O
CC1CC(C2C=CC=C(C(F)C3C=CC=C(C(F)C4C=CCCC4)C3)C=C2)C(=N)CCCC(=O)C(O)C(O)C1O,CC1CC(C2C=CC=C(C(F)C3C=CC=C(C(F)C4C=CCCC4)C3)C=C2)C(=N)CCC(C(=O)C(O)C(O)C1O)C,C1CC1CC(C2C=CC=C(C(F)C3C=CC=C(C(F)C4C=CCCC4)C3)C=C2)C(=N)CCCC(=O)C(O)C(O)C1O,CC1CC(C2C=CC=C(C(F)C3C=CC=C(C(F)C4C=CCCC4)C3)C=C2)C(=N)CCCC(=O)C(O)C(O)C1O,CC1CC(C2C=CC=C(C(F)C3C=CC=C(C(F)C4C=CCCC4)C3)C=C2)C(=N)CCC(C(=O)C(CO)C(O)C1O)C
C1CC1C(=N)C2(C(C(C(C(C(C(C(C(C(C(C(C(C(C(C(C(C(C(C(C(C(C(C(C(C(C(C(C(C(C(C(C(C(C(C(C(C(C(C(C(C(C(C(C(C(C(C(C(C(C(C(C(C(C(C(C(C(C(C(C(C(C(C(C(C(C(C(C(C(C,C1CC(=NC(C2=C(C=C(C(F)C3=C(C=CC=C(C(F)C4C=CCCC4)C3)C=C2)C)C)CC(C)C(O)C(O)C(O)C(=O)C1C,C1CC(=NC(C2C=CC=C(C(F)C3C=CC=C(C(F)C4C=CCCC4)C3)C=C2)CC(C)C(O)C(O)C(O)C(=O)C1C)C,C1CC(=NC(C2C=CC=C(C(F)C3C=CC=C(C(F)C4C=CCCC4)C3)C=C2)C=C)CC(O)C(O)C(O)C(=O)C1C,CC1C=NC(C2C=CC=C(C(F)C3C=CC=C(C(F)C4C=CCCC4)C3)C=C2)CC(O)C(O)C(O)C(=O)C1C
CC1=CC=CC=C(C(C)N=C2CCCC(=O)C(O)C(O)C(O)C(C)C(C)C2)C=CC2=C(C(C)C3=C(CCCC3)C2F)C1F,CC1=CC=CC=C(C(C)N=C2CCCC(=O)C(O)C(O)C(O)C(C)C(C)C2)C=CC2=C(C(C)C3=C(CCCC3)C2F)C1F,CC1=CC=CC=C(C(C)N=C2CCCC(=O)C(O)C(O)C(O)C(C)C(C)C2)C=CC2=C(C(C)C3=C(CCCC3)C2F)C1F,CC1=CC=CC=C(C(C)N=C2CCCC(=O)C(O)C(O)C(O)C(C)C(C)C2)C=CC2=C(C(C)C3=C(CCCC3)C2F)C1F,C1=CC=CC=C(C(C)N=C2CCCC(=O)C(O)C(O)C(O)C(C)C(C)C2)C=CC2=C(C(C)C3=C(CCCC3)C2F)C1F
C1=CC(F)=C(F)C(F)(C2=CC(F)C(F)(C3=CC(F)C(F)(S)C3)C2)C1,C1=CC(F)=C(F)C(F)(C2=CC(F)C(F)(C3=CC(F)C(F)(S)C3)C2)C1,CC1=CC(F)=C(F)C(F)(C2=CC(F)C(F)(C3=CC(F)C(F)C(C)S)C2)C1,CC1=CC(F)=C(F)C(F)(C2=CC(F)C(F)(C3=CC(F)C(F)SC3)C2)C1,CC1=CC(F)=C(F)C(F)(C2=CC(F)C(F)(C3=CC(F)C(F)SC3)C2)C1
CC1C(c2ccc(C(F)c3ccc(C(F)c4ccc(O)cc4)cc3)cc2)N=C(O)C(O)C(O)C1OC1,CC1CCCCC2C=CC(C3C=CC=C(C(F)C4C=CC=C(C(F)C5C=CCCC5)C4)C=C3)N=C2CC(C)C(C)C(C)COC(C)C(O)C(O)C1=O,CC1CCCCC2C=CC(C3C=CC=C(C(F)C4C=CC=C(C(F)C5C=CCCC5)C4)C=C3)N=C2CC(C)C(C)C(C)C(O)C(O)C(O)C1=O,CC1CCCCC2C=CC(C3C=CC=C(C(F)C4C=CC=C(C(F)C5C=CCCC5)C4)C=C3)N=C2CC(C)C(C)C(C)COC(C)C(C)C(C)C1=O,CC1CCCCC2C=CC(C3C=CC=C(C(F)C4C=CC=C(C(F)C5C=CCCC5)C4)C=C3)N=C2CC(C)C(C)C(C)C(O)C(O)C(O)C1=O
C1CC(C2C=CC=C(C(F)C3C=CC=C(C(F)C4C=CCCC4)C3)C=C2)C(=N)C1CCC(=O)C(O)C(O)C1O,C1CC(C2C=CC=C(C(F)C3C=CC=C(C(F)C4C=CCCC4)C3)C=C2)C(=N)CCC(C)C(C(=O)C(O)C(O)C1O)C,CC1CC(C2C=CC=C(C(F)C3C=CC=C(C(F)C4C=CCCC4)C3)C=C2)C(=N)CCCC(=O)C(O)C(O)C1O,CC1CC(C2C=CC=C(C(F)C3C=CC=C(C(F)C4C=CCCC4)C3)C=C2)C(=N)CCCC(=O)C(O)C(O)C1O,CC1CC(C2C=CC=C(C(F)C3C=CC=C(C(F)C4C=CCCC4)C3)C=C2)C(=N)CCC(=O)C(O)C(O)C1O
CC1CC(=NC2C=CC=C(C(F)C3C=CC=C(C(F)C4C=CCCC4)C3)C=C2)CC(C)C(O)C(O)C(O)C(=O)C1C,C1CC1C(N)C2C=CC=C(C(F)C3C=CC=C(C(F)C4C=CCCC4)C3)C=C2CC(C)C(O)C(O)C(O)C(=O)C1C,CC1C=NC(C2C=CC=C(C(F)C3C=CC=C(C(F)C4C=CCCC4)C3)C=C2)CC(C)C(C)C(O)C(O)C(O)C(=O)C1C,CC1C=NC(C2C=CC=C(C(F)C3C=CC=C(C(F)C4C=CCCC4)C3)C=C2)CC(C)C(C)C(C(=O)C1C)C(C)C(O)C(O)C(O)C(=O)C1C,CC1C=NC(C2C=CC=C(C(F)C3C=CC=C(C(F)C4C=CCCC4)C3)C=C2)CC(C)C(O)C(O)C(O)C(=O)C1C
CC1=CC(F)=C(F)C(F)(C2=CC(F)C(F)(C3=CC(F)C(F)(S)C3)C2)C1,CC1=CC(F)=C(F)C(F)(C2=CC(F)C(F)(C3=CC(F)C(F)(S)C3)C2)C1,C1=CC(F)=C(F)C(F)(C2=CC(F)C(F)(C3=CC(F)C(F)(C)C3)C2)C1,C1=CC(F)=C(F)C(F)(C2=CC(F)C(F)(C3=CC(F)C(F)(S)C3)C2)C1,C1=CC(F)=C(F)C(F)(C2=CC(F)C(F)(C3=CC(F)C(F)(S)C3)C2)C1
CC(=O)N1CC2=C(NC3=C(NCCO)N=NC3=C1N1C(O)=C4N=NC(NCCO)=C14[C@@H]2O[C@H]2C=NO[C@H]2c2cc(cc3ccc(O)cc3)c2C(F)C(F)CF)N=N,C1CC(C(C)C(C)C(C)COC(C)C(C)C(C)C1=O)C2CC(C)C(C)C(C)C3=CC=CC(C(F)C4C=CC=C(C(F)C5C=CCCC5)C4)C=C3N=C2CC(C)C(C)C(C,C1=NC2=C(N3C4=C(NCCO)N=NC4=C3N3C(O)=C4N=NC(NCCO)=C43)C(=O)N(C(C)C)C5=C(NCCO)N=NC5=C3N3C(O)=C4N=NC(NCCO)=C43)C(=,CC1CCCCC2C=CC(C3C=CC=C(C(F)C4C=CC=C(C(F)C5C=CCCC5)C4)C=C3)N=C2CC(C)C(C)C(C)COC(C)C(C)C(C)C1=O,CC1=NC(=O)N(C(C)C)C1=NC(=O)N1C=NC2=C(N(C(C)C)C(C)C)C3=C(N(C(C)C)C(C)C)C=NC(N(C(C)C)C(C)C)C1=NC(=O)N1C=NC2=C
C1=CC(F)C(F)[C@H]2[C@]3(C(=S)C1)[C@@]14S[C@@H]1CC(F)=C(F)[C@@]24,C1=CC(F)C(F)C1[C@H]2[C@]3(C(=S)C1)[C@@]14S[C@]1CC(F)=C(F)C2[C@@]43,C1=CC(=O)C(F)C(F)C1(C)C2(C)C3(C(C(C(C(C(C(C(C(C(C(C(C(C(C(C(C(C(C(C(C(C(C(C(C(C(C(C(C(C(C(C(C(C(C(C(C(C(C(C(C(C(C(C(C(C(C(C(C(C(C(C(C(C(C(C(C(C,CC1=CC(F)C(F)[C@H]2[C@]3(C(=S)C1)[C@@]14S[C@@H]1CC(F)=C(F)[C@@]24C,C1=CC(F)C(F)(C1)C2=C(C3=C(C(=S)C1)C2)C4C(C1)C3S(C1)C(C(F)C(F)=C(F)C4)C3
C1=CC(F)C(F)(C2=CC(F)C(F)(C3=CC(F)C(F)SC3)C2)CC=C1,C1=CC(F)C(F)(C2=CC(F)C(F)(C3=CC(F)C(F)(S)C3)C2)CC=C1,C1=CC(F)C(F)(C2=CC(F)C(F)(C3=CC(F)C(F)SC3)C2)CC=C1,C1=CC(F)C(F)(C2=CC(F)C(F)(C3=CC(F)C(F)(S)C3)C2)CC=C1,C1=CC(F)C(F)(C2=CC(F)C(F)(C3=CC(F)C(F)(S)C3)C2)CC=C1
CC(=NC(C)C1C=CC=C(C(F)C2C=CC=C(C(F)C3C=CCCC3)C2)C=C1)C1CCCC(=O)C(O)C(O)C(O)C1,C1CC(=NC(C)C1C=CC=C(C(F)C2C=CC=C(C(F)C3C=CCCC3)C2)C=C1)C1CCCC(=O)C(O)C(O)C(O)C1,CC(=NC(C)C1C=CC=C(C(F)C2C=CC=C(C(F)C3C=CCCC3)C2)C=C1)C1CCCC(=O)C(O)C(O)C(O)C1,CC(=NC(C)C1C=CC=C(C(F)C2C=CC=C(C(F)C3C=CCCC3)C2)C=C1)C1CCCC(=O)C(O)C(O)C(O)C1,CC(=NC(C)C1C=CC=C(C(F)C2C=CC=C(C(F)C3C=CCCC3)C2)C=C1)C1CCCC(=O)C(O)C(O)C(O)C1
CC1CC(C2C=CC=C(C(F)C3C=CC=C(C(F)C4C=CCCC4)C3)C=C2)C(=N)CC1C(C)C(C)C(=O)C(C)O,C1CC1,CC1CC(C2C=CC=C(C(F)C3C=CC=C(C(F)C4C=CCCC4)C3)C=C2)C(=N)CCCC(=O)C(O)C(O)C1O,CC1CC(C2C=CC=C(C(F)C3C=CC=C(C(F)C4C=CCCC4)C3)C=C2)C(=N)C(C)C(C)C(=O)C(O)C(O)C1O,CC1CC(C2C=CC=C(C(F)C3C=CC=C(C(F)C4C=CCCC4)C3)C=C2)C(=N)CCC(C(=O)C(O)C(O)C1O)C
